1 1.02316e-09 
2 1.02349e-09 
3 1.02362e-09 
4 4.25243e-09 
5 4.25771e-09 
6 1.19987e-08 
7 1.25337e-08 
8 1.30319e-08 
9 2.38311e-08 
10 2.40179e-08 
11 2.45967e-08 
12 2.8105e-08 
13 2.81138e-08 
14 2.8116e-08 
15 2.87202e-08 
16 2.88281e-08 
17 3.07473e-08 
18 3.10122e-08 
19 3.13449e-08 
20 3.13726e-08 
21 3.15194e-08 
22 3.19348e-08 
23 3.52387e-08 
24 5.20924e-08 
25 5.21625e-08 
26 5.34536e-08 
27 5.36455e-08 
28 5.3844e-08 
29 5.38534e-08 
30 5.44863e-08 
31 5.47788e-08 
32 6.34938e-08 
33 6.35426e-08 
34 6.35435e-08 
35 6.38565e-08 
36 6.38658e-08 
37 6.41988e-08 
38 6.43473e-08 
39 6.45235e-08 
40 6.49813e-08 
41 6.62368e-08 
42 6.67065e-08 
43 6.70047e-08 
44 6.77374e-08 
45 7.10672e-08 
46 8.04358e-08 
47 8.15639e-08 
48 8.19308e-08 
49 8.23145e-08 
50 8.31886e-08 
51 8.51396e-08 
52 1.10094e-07 
53 1.10219e-07 
54 1.10221e-07 
55 1.10404e-07 
56 1.10599e-07 
57 1.11644e-07 
58 1.11866e-07 
59 1.12764e-07 
60 1.13272e-07 
61 1.13293e-07 
62 1.13367e-07 
63 1.1354e-07 
64 1.14702e-07 
65 1.20916e-07 
66 1.32283e-07 
67 1.3237e-07 
68 1.32372e-07 
69 1.33067e-07 
70 1.33194e-07 
71 1.33685e-07 
72 1.34029e-07 
73 1.35071e-07 
74 1.3592e-07 
75 1.44355e-07 
76 1.44427e-07 
77 1.44428e-07 
78 1.45367e-07 
79 1.45377e-07 
80 1.45813e-07 
81 1.45883e-07 
82 1.46184e-07 
83 1.46368e-07 
84 1.46401e-07 
85 1.46466e-07 
86 1.46567e-07 
87 1.46593e-07 
88 1.46649e-07 
89 1.46721e-07 
90 1.46739e-07 
91 1.46859e-07 
92 1.46919e-07 
93 1.47202e-07 
94 1.47532e-07 
95 1.48031e-07 
96 1.48847e-07 
97 1.53256e-07 
98 1.97663e-07 
99 1.97864e-07 
100 1.98213e-07 
101 1.98769e-07 
102 1.98964e-07 
103 1.99612e-07 
104 2.02386e-07 
105 2.02993e-07 
106 2.03211e-07 
107 2.03408e-07 
108 2.04096e-07 
109 2.0523e-07 
110 2.05832e-07 
111 2.07751e-07 
112 2.14389e-07 
113 2.14454e-07 
114 2.14463e-07 
115 2.15161e-07 
116 2.15396e-07 
117 2.15687e-07 
118 2.15761e-07 
119 2.15812e-07 
120 2.15826e-07 
121 2.15878e-07 
122 2.1592e-07 
123 2.15957e-07 
124 2.15983e-07 
125 2.16006e-07 
126 2.16108e-07 
127 2.16294e-07 
128 2.16464e-07 
129 2.16587e-07 
130 2.16679e-07 
131 2.16797e-07 
132 2.17444e-07 
133 2.183e-07 
134 2.3407e-07 
135 2.34221e-07 
136 2.34223e-07 
137 2.34908e-07 
138 2.37748e-07 
139 2.38447e-07 
140 2.40093e-07 
141 2.45585e-07 
142 3.44889e-07 
143 3.59582e-07 
144 3.63734e-07 
145 3.66823e-07 
146 3.66837e-07 
147 3.67072e-07 
148 3.67295e-07 
149 3.67421e-07 
150 3.6744e-07 
151 3.67771e-07 
152 3.6841e-07 
153 3.68644e-07 
154 3.68813e-07 
155 3.69429e-07 
156 3.70038e-07 
157 3.70706e-07 
158 3.72182e-07 
159 3.73626e-07 
160 3.74916e-07 
161 3.79403e-07 
162 3.86646e-07 
163 4.97066e-07 
164 4.97895e-07 
165 5.09876e-07 
166 5.10057e-07 
167 5.1006e-07 
168 5.10593e-07 
169 5.12164e-07 
170 5.12401e-07 
171 5.12484e-07 
172 5.13057e-07 
173 5.13328e-07 
174 5.13369e-07 
175 5.1375e-07 
176 5.13847e-07 
177 5.14836e-07 
178 5.15078e-07 
179 5.15409e-07 
180 5.15695e-07 
181 5.16156e-07 
182 5.16511e-07 
183 5.17406e-07 
184 5.18279e-07 
185 5.18722e-07 
186 5.39486e-07 
187 5.41255e-07 
188 5.41262e-07 
189 5.41297e-07 
190 5.41417e-07 
191 5.41568e-07 
192 5.41733e-07 
193 5.42486e-07 
194 5.42783e-07 
195 5.42959e-07 
196 5.43098e-07 
197 5.43193e-07 
198 5.43428e-07 
199 5.43479e-07 
200 5.43522e-07 
201 5.43531e-07 
202 5.43698e-07 
203 5.44041e-07 
204 5.44191e-07 
205 5.4474e-07 
206 5.45195e-07 
207 5.45531e-07 
208 5.45707e-07 
209 5.46576e-07 
210 6.38628e-07 
211 6.40019e-07 
212 6.40556e-07 
213 6.47011e-07 
214 6.48584e-07 
215 6.49867e-07 
216 6.53892e-07 
217 6.54607e-07 
218 6.54886e-07 
219 6.55475e-07 
220 6.56029e-07 
221 6.57453e-07 
222 6.59194e-07 
223 6.5964e-07 
224 6.60636e-07 
225 6.60867e-07 
226 6.61076e-07 
227 6.61424e-07 
228 6.62024e-07 
229 6.62574e-07 
230 6.62962e-07 
231 6.63401e-07 
232 6.64086e-07 
233 6.64341e-07 
234 6.64929e-07 
235 6.8663e-07 
236 6.86967e-07 
237 6.8697e-07 
238 6.87097e-07 
239 6.87246e-07 
240 6.8997e-07 
241 6.9054e-07 
242 6.90984e-07 
243 6.916e-07 
244 6.9223e-07 
245 6.93349e-07 
246 6.9485e-07 
247 6.96117e-07 
248 6.99584e-07 
249 7.30441e-07 
250 7.3082e-07 
251 7.31187e-07 
252 7.31339e-07 
253 7.3266e-07 
254 7.3269e-07 
255 7.3328e-07 
256 7.33443e-07 
257 7.33468e-07 
258 7.3358e-07 
259 7.34236e-07 
260 7.34422e-07 
261 7.34529e-07 
262 7.3465e-07 
263 7.3475e-07 
264 7.34848e-07 
265 7.34868e-07 
266 7.35005e-07 
267 7.35117e-07 
268 7.35322e-07 
269 7.35368e-07 
270 7.35938e-07 
271 7.36379e-07 
272 7.37107e-07 
273 7.37665e-07 
274 7.38543e-07 
275 7.48433e-07 
276 8.30163e-07 
277 8.36074e-07 
278 8.37835e-07 
279 8.40429e-07 
280 8.40771e-07 
281 8.41188e-07 
282 8.41645e-07 
283 8.42144e-07 
284 8.42467e-07 
285 8.42801e-07 
286 8.43499e-07 
287 8.44362e-07 
288 8.45751e-07 
289 8.58663e-07 
290 8.58903e-07 
291 8.59299e-07 
292 8.59302e-07 
293 8.60165e-07 
294 8.60168e-07 
295 8.60433e-07 
296 8.60436e-07 
297 8.60751e-07 
298 8.60977e-07 
299 8.61058e-07 
300 8.61128e-07 
301 8.6114e-07 
302 8.61182e-07 
303 8.61191e-07 
304 8.61202e-07 
305 8.61236e-07 
306 8.61372e-07 
307 8.61445e-07 
308 8.61645e-07 
309 8.6174e-07 
310 8.61824e-07 
311 8.6191e-07 
312 8.61961e-07 
313 8.62015e-07 
314 8.62194e-07 
315 8.62319e-07 
316 8.62396e-07 
317 8.62761e-07 
318 8.63491e-07 
319 8.64905e-07 
320 8.67864e-07 
321 9.39069e-07 
322 9.42993e-07 
323 9.45308e-07 
324 9.45622e-07 
325 9.45971e-07 
326 9.46312e-07 
327 9.46344e-07 
328 9.47315e-07 
329 9.47614e-07 
330 9.47784e-07 
331 9.47877e-07 
332 9.47999e-07 
333 9.48065e-07 
334 9.4843e-07 
335 9.48578e-07 
336 9.4888e-07 
337 9.49093e-07 
338 9.49308e-07 
339 9.49686e-07 
340 9.49896e-07 
341 9.50139e-07 
342 9.50582e-07 
343 9.50793e-07 
344 9.51393e-07 
345 9.5356e-07 
346 9.57902e-07 
347 9.96382e-07 
348 9.97059e-07 
349 1.00016e-06 
350 1.00018e-06 
351 1.00124e-06 
352 1.00142e-06 
353 1.00184e-06 
354 1.00257e-06 
355 1.00307e-06 
356 1.00325e-06 
357 1.00328e-06 
358 1.00331e-06 
359 1.00339e-06 
360 1.00348e-06 
361 1.00358e-06 
362 1.00364e-06 
363 1.00385e-06 
364 1.00387e-06 
365 1.00396e-06 
366 1.00399e-06 
367 1.00403e-06 
368 1.00411e-06 
369 1.00413e-06 
370 1.00427e-06 
371 1.00469e-06 
372 1.00484e-06 
373 1.00628e-06 
374 1.009e-06 
375 1.01124e-06 
376 1.01398e-06 
377 1.12203e-06 
378 1.12399e-06 
379 1.12715e-06 
380 1.12717e-06 
381 1.12929e-06 
382 1.1293e-06 
383 1.13484e-06 
384 1.13529e-06 
385 1.13763e-06 
386 1.138e-06 
387 1.13921e-06 
388 1.14109e-06 
389 1.1414e-06 
390 1.14173e-06 
391 1.14213e-06 
392 1.14293e-06 
393 1.14385e-06 
394 1.14468e-06 
395 1.1464e-06 
396 1.14731e-06 
397 1.14792e-06 
398 1.14915e-06 
399 1.1508e-06 
400 1.15911e-06 
401 1.16698e-06 
402 1.17835e-06 
403 1.26048e-06 
404 1.26943e-06 
405 1.27358e-06 
406 1.27572e-06 
407 1.27817e-06 
408 1.28347e-06 
409 1.3761e-06 
410 1.37807e-06 
411 1.37807e-06 
412 1.37843e-06 
413 1.38222e-06 
414 1.3828e-06 
415 1.38533e-06 
416 1.38568e-06 
417 1.38671e-06 
418 1.38696e-06 
419 1.3894e-06 
420 1.38985e-06 
421 1.39e-06 
422 1.39072e-06 
423 1.39149e-06 
424 1.39169e-06 
425 1.39176e-06 
426 1.39186e-06 
427 1.39212e-06 
428 1.39234e-06 
429 1.39251e-06 
430 1.39268e-06 
431 1.39378e-06 
432 1.39548e-06 
433 1.3992e-06 
434 1.40136e-06 
435 1.40863e-06 
436 1.43755e-06 
437 1.43814e-06 
438 1.43822e-06 
439 1.43934e-06 
440 1.44039e-06 
441 1.44039e-06 
442 1.44059e-06 
443 1.44099e-06 
444 1.44137e-06 
445 1.44172e-06 
446 1.44173e-06 
447 1.44184e-06 
448 1.44186e-06 
449 1.44204e-06 
450 1.44217e-06 
451 1.44227e-06 
452 1.44231e-06 
453 1.44233e-06 
454 1.44239e-06 
455 1.44242e-06 
456 1.44244e-06 
457 1.44246e-06 
458 1.44253e-06 
459 1.44266e-06 
460 1.44268e-06 
461 1.44281e-06 
462 1.44283e-06 
463 1.44288e-06 
464 1.44304e-06 
465 1.44309e-06 
466 1.44312e-06 
467 1.44328e-06 
468 1.44346e-06 
469 1.44351e-06 
470 1.44388e-06 
471 1.44439e-06 
472 1.44462e-06 
473 1.44505e-06 
474 1.44516e-06 
475 1.44652e-06 
476 1.44748e-06 
477 1.44845e-06 
478 1.4884e-06 
479 1.48921e-06 
480 1.48921e-06 
481 1.48989e-06 
482 1.49268e-06 
483 1.49394e-06 
484 1.49454e-06 
485 1.49523e-06 
486 1.49648e-06 
487 1.49744e-06 
488 1.50083e-06 
489 1.51049e-06 
490 1.55844e-06 
491 1.5595e-06 
492 1.56171e-06 
493 1.56173e-06 
494 1.5626e-06 
495 1.56261e-06 
496 1.56437e-06 
497 1.56438e-06 
498 1.56533e-06 
499 1.56534e-06 
500 1.56552e-06 
501 1.56576e-06 
502 1.56578e-06 
503 1.56579e-06 
504 1.56582e-06 
505 1.56587e-06 
506 1.5659e-06 
507 1.56598e-06 
508 1.56599e-06 
509 1.56603e-06 
510 1.56605e-06 
511 1.5661e-06 
512 1.56611e-06 
513 1.56626e-06 
514 1.56635e-06 
515 1.56639e-06 
516 1.56647e-06 
517 1.56651e-06 
518 1.56655e-06 
519 1.56662e-06 
520 1.56665e-06 
521 1.56672e-06 
522 1.56674e-06 
523 1.56686e-06 
524 1.5669e-06 
525 1.56693e-06 
526 1.56698e-06 
527 1.56794e-06 
528 1.57333e-06 
529 1.57651e-06 
530 1.62326e-06 
531 1.62388e-06 
532 1.62389e-06 
533 1.62389e-06 
534 1.6242e-06 
535 1.62465e-06 
536 1.62487e-06 
537 1.62685e-06 
538 1.627e-06 
539 1.62726e-06 
540 1.62759e-06 
541 1.62764e-06 
542 1.6277e-06 
543 1.62776e-06 
544 1.62788e-06 
545 1.62792e-06 
546 1.62793e-06 
547 1.62797e-06 
548 1.62807e-06 
549 1.6281e-06 
550 1.62821e-06 
551 1.62831e-06 
552 1.62836e-06 
553 1.62842e-06 
554 1.62845e-06 
555 1.62848e-06 
556 1.6286e-06 
557 1.62863e-06 
558 1.62875e-06 
559 1.62882e-06 
560 1.62888e-06 
561 1.62904e-06 
562 1.62924e-06 
563 1.62935e-06 
564 1.62937e-06 
565 1.62941e-06 
566 1.62962e-06 
567 1.63005e-06 
568 1.63014e-06 
569 1.63026e-06 
570 1.63047e-06 
571 1.6307e-06 
572 1.63097e-06 
573 1.63122e-06 
574 1.65294e-06 
575 1.65348e-06 
576 1.65362e-06 
577 1.65414e-06 
578 1.6544e-06 
579 1.6558e-06 
580 1.65615e-06 
581 1.65629e-06 
582 1.65639e-06 
583 1.65646e-06 
584 1.6565e-06 
585 1.65668e-06 
586 1.6568e-06 
587 1.65693e-06 
588 1.65708e-06 
589 1.65721e-06 
590 1.65733e-06 
591 1.65742e-06 
592 1.65762e-06 
593 1.65784e-06 
594 1.65791e-06 
595 1.65804e-06 
596 1.65816e-06 
597 1.65847e-06 
598 1.65884e-06 
599 1.65904e-06 
600 1.65937e-06 
601 1.6599e-06 
602 1.66033e-06 
603 1.66238e-06 
604 1.71622e-06 
605 1.71974e-06 
606 1.71974e-06 
607 1.72024e-06 
608 1.72046e-06 
609 1.72162e-06 
610 1.72164e-06 
611 1.72226e-06 
612 1.72312e-06 
613 1.72384e-06 
614 1.72442e-06 
615 1.72446e-06 
616 1.72485e-06 
617 1.72496e-06 
618 1.72533e-06 
619 1.72593e-06 
620 1.72621e-06 
621 1.72627e-06 
622 1.72633e-06 
623 1.72668e-06 
624 1.72675e-06 
625 1.72684e-06 
626 1.7269e-06 
627 1.72712e-06 
628 1.72728e-06 
629 1.72735e-06 
630 1.72745e-06 
631 1.72757e-06 
632 1.72765e-06 
633 1.72773e-06 
634 1.72782e-06 
635 1.72785e-06 
636 1.72803e-06 
637 1.72806e-06 
638 1.72844e-06 
639 1.72857e-06 
640 1.72868e-06 
641 1.72991e-06 
642 1.73076e-06 
643 1.73181e-06 
644 1.73351e-06 
645 1.75098e-06 
646 1.88162e-06 
647 1.8889e-06 
648 1.89096e-06 
649 1.89149e-06 
650 1.89305e-06 
651 1.89373e-06 
652 1.89508e-06 
653 1.8967e-06 
654 1.89746e-06 
655 1.9015e-06 
656 1.90219e-06 
657 1.90276e-06 
658 1.90373e-06 
659 1.90395e-06 
660 1.90413e-06 
661 1.90458e-06 
662 1.90489e-06 
663 1.90509e-06 
664 1.90548e-06 
665 1.90637e-06 
666 1.90678e-06 
667 1.90773e-06 
668 1.90854e-06 
669 1.91126e-06 
670 1.91373e-06 
671 1.91482e-06 
672 1.9191e-06 
673 1.92315e-06 
674 2.01003e-06 
675 2.01226e-06 
676 2.01227e-06 
677 2.01552e-06 
678 2.01699e-06 
679 2.01777e-06 
680 2.01801e-06 
681 2.02034e-06 
682 2.02072e-06 
683 2.02085e-06 
684 2.02157e-06 
685 2.02258e-06 
686 2.02364e-06 
687 2.02373e-06 
688 2.02403e-06 
689 2.02417e-06 
690 2.02438e-06 
691 2.02462e-06 
692 2.0248e-06 
693 2.02525e-06 
694 2.02553e-06 
695 2.0258e-06 
696 2.02618e-06 
697 2.02643e-06 
698 2.02714e-06 
699 2.0276e-06 
700 2.02825e-06 
701 2.0286e-06 
702 2.02989e-06 
703 2.03421e-06 
704 2.09205e-06 
705 2.09365e-06 
706 2.09365e-06 
707 2.09388e-06 
708 2.09465e-06 
709 2.09516e-06 
710 2.09602e-06 
711 2.09623e-06 
712 2.09758e-06 
713 2.0977e-06 
714 2.098e-06 
715 2.09925e-06 
716 2.09983e-06 
717 2.10124e-06 
718 2.10194e-06 
719 2.10204e-06 
720 2.10233e-06 
721 2.10258e-06 
722 2.10267e-06 
723 2.10285e-06 
724 2.10306e-06 
725 2.10328e-06 
726 2.1036e-06 
727 2.10396e-06 
728 2.10424e-06 
729 2.10451e-06 
730 2.1048e-06 
731 2.10519e-06 
732 2.10545e-06 
733 2.10615e-06 
734 2.10656e-06 
735 2.10678e-06 
736 2.10768e-06 
737 2.10839e-06 
738 2.10997e-06 
739 2.11167e-06 
740 2.11244e-06 
741 2.12947e-06 
742 2.12993e-06 
743 2.13014e-06 
744 2.13034e-06 
745 2.13037e-06 
746 2.1304e-06 
747 2.13056e-06 
748 2.13128e-06 
749 2.13153e-06 
750 2.13173e-06 
751 2.13181e-06 
752 2.13212e-06 
753 2.13227e-06 
754 2.13234e-06 
755 2.1324e-06 
756 2.13241e-06 
757 2.13242e-06 
758 2.13244e-06 
759 2.13246e-06 
760 2.13247e-06 
761 2.13249e-06 
762 2.13253e-06 
763 2.13257e-06 
764 2.13257e-06 
765 2.1326e-06 
766 2.13262e-06 
767 2.13265e-06 
768 2.13268e-06 
769 2.13273e-06 
770 2.13274e-06 
771 2.13277e-06 
772 2.13285e-06 
773 2.13286e-06 
774 2.13289e-06 
775 2.13293e-06 
776 2.13296e-06 
777 2.133e-06 
778 2.13307e-06 
779 2.13341e-06 
780 2.13363e-06 
781 2.13416e-06 
782 2.13456e-06 
783 2.13703e-06 
784 2.14027e-06 
785 2.30458e-06 
786 2.30761e-06 
787 2.30761e-06 
788 2.30937e-06 
789 2.31145e-06 
790 2.31626e-06 
791 2.31669e-06 
792 2.31701e-06 
793 2.3185e-06 
794 2.32001e-06 
795 2.32104e-06 
796 2.32111e-06 
797 2.32129e-06 
798 2.3215e-06 
799 2.32193e-06 
800 2.32211e-06 
801 2.32237e-06 
802 2.32247e-06 
803 2.32261e-06 
804 2.32294e-06 
805 2.32335e-06 
806 2.3235e-06 
807 2.32376e-06 
808 2.32395e-06 
809 2.32411e-06 
810 2.32428e-06 
811 2.32442e-06 
812 2.3245e-06 
813 2.32463e-06 
814 2.32548e-06 
815 2.32624e-06 
816 2.32655e-06 
817 2.3273e-06 
818 2.32776e-06 
819 2.32818e-06 
820 2.32948e-06 
821 2.33016e-06 
822 2.33565e-06 
823 2.42119e-06 
824 2.42373e-06 
825 2.42445e-06 
826 2.42446e-06 
827 2.42456e-06 
828 2.42515e-06 
829 2.42636e-06 
830 2.42716e-06 
831 2.42733e-06 
832 2.42806e-06 
833 2.42855e-06 
834 2.42926e-06 
835 2.43062e-06 
836 2.4313e-06 
837 2.43227e-06 
838 2.43268e-06 
839 2.43321e-06 
840 2.43352e-06 
841 2.43393e-06 
842 2.43502e-06 
843 2.43522e-06 
844 2.4363e-06 
845 2.43663e-06 
846 2.43713e-06 
847 2.43737e-06 
848 2.4377e-06 
849 2.43825e-06 
850 2.43868e-06 
851 2.43978e-06 
852 2.44075e-06 
853 2.44178e-06 
854 2.44267e-06 
855 2.44384e-06 
856 2.44447e-06 
857 2.44541e-06 
858 2.44756e-06 
859 2.45583e-06 
860 2.46362e-06 
861 2.54881e-06 
862 2.55221e-06 
863 2.55339e-06 
864 2.55599e-06 
865 2.55894e-06 
866 2.56026e-06 
867 2.56209e-06 
868 2.56284e-06 
869 2.56367e-06 
870 2.56467e-06 
871 2.56609e-06 
872 2.56863e-06 
873 2.57136e-06 
874 2.57503e-06 
875 2.57872e-06 
876 2.58383e-06 
877 2.70288e-06 
878 2.70783e-06 
879 2.70813e-06 
880 2.70877e-06 
881 2.71204e-06 
882 2.71272e-06 
883 2.71468e-06 
884 2.71631e-06 
885 2.71804e-06 
886 2.71874e-06 
887 2.71937e-06 
888 2.72043e-06 
889 2.72101e-06 
890 2.72169e-06 
891 2.72272e-06 
892 2.72356e-06 
893 2.72441e-06 
894 2.72555e-06 
895 2.72646e-06 
896 2.72793e-06 
897 2.72919e-06 
898 2.73211e-06 
899 2.73358e-06 
900 2.7359e-06 
901 2.74421e-06 
902 2.79145e-06 
903 2.79238e-06 
904 2.79239e-06 
905 2.79283e-06 
906 2.79403e-06 
907 2.79442e-06 
908 2.79477e-06 
909 2.79514e-06 
910 2.79526e-06 
911 2.79538e-06 
912 2.79547e-06 
913 2.79573e-06 
914 2.79586e-06 
915 2.79596e-06 
916 2.79613e-06 
917 2.79642e-06 
918 2.79663e-06 
919 2.79682e-06 
920 2.79692e-06 
921 2.79701e-06 
922 2.79733e-06 
923 2.79749e-06 
924 2.79759e-06 
925 2.79777e-06 
926 2.79793e-06 
927 2.79819e-06 
928 2.79836e-06 
929 2.79856e-06 
930 2.79868e-06 
931 2.79907e-06 
932 2.79919e-06 
933 2.79943e-06 
934 2.80027e-06 
935 2.80088e-06 
936 2.8014e-06 
937 2.80191e-06 
938 2.83135e-06 
939 2.83206e-06 
940 2.83206e-06 
941 2.83267e-06 
942 2.83276e-06 
943 2.83287e-06 
944 2.83318e-06 
945 2.83319e-06 
946 2.83358e-06 
947 2.83365e-06 
948 2.83382e-06 
949 2.8339e-06 
950 2.83398e-06 
951 2.83401e-06 
952 2.83417e-06 
953 2.83461e-06 
954 2.83524e-06 
955 2.83534e-06 
956 2.83546e-06 
957 2.83555e-06 
958 2.83572e-06 
959 2.83586e-06 
960 2.83602e-06 
961 2.83618e-06 
962 2.83644e-06 
963 2.83671e-06 
964 2.83697e-06 
965 2.83755e-06 
966 2.83798e-06 
967 2.83833e-06 
968 2.83919e-06 
969 2.84388e-06 
970 2.8463e-06 
971 2.88145e-06 
972 2.88222e-06 
973 2.88223e-06 
974 2.88244e-06 
975 2.88365e-06 
976 2.88366e-06 
977 2.88401e-06 
978 2.88416e-06 
979 2.88429e-06 
980 2.8844e-06 
981 2.88454e-06 
982 2.88524e-06 
983 2.8854e-06 
984 2.88544e-06 
985 2.88545e-06 
986 2.88548e-06 
987 2.88553e-06 
988 2.88565e-06 
989 2.88572e-06 
990 2.88573e-06 
991 2.88582e-06 
992 2.88585e-06 
993 2.88586e-06 
994 2.88589e-06 
995 2.88592e-06 
996 2.88593e-06 
997 2.88596e-06 
998 2.88601e-06 
999 2.88606e-06 
1000 2.88611e-06 
1001 2.88612e-06 
1002 2.88616e-06 
1003 2.88621e-06 
1004 2.88623e-06 
1005 2.88627e-06 
1006 2.88628e-06 
1007 2.88632e-06 
1008 2.88636e-06 
1009 2.88639e-06 
1010 2.88646e-06 
1011 2.88649e-06 
1012 2.88654e-06 
1013 2.88662e-06 
1014 2.88667e-06 
1015 2.88674e-06 
1016 2.8868e-06 
1017 2.88688e-06 
1018 2.88703e-06 
1019 2.88708e-06 
1020 2.88725e-06 
1021 2.88758e-06 
1022 2.88851e-06 
1023 2.889e-06 
1024 2.88984e-06 
1025 2.89202e-06 
1026 2.89572e-06 
1027 3.00136e-06 
1028 3.00404e-06 
1029 3.0071e-06 
1030 3.00962e-06 
1031 3.01011e-06 
1032 3.01063e-06 
1033 3.01168e-06 
1034 3.01268e-06 
1035 3.01313e-06 
1036 3.01316e-06 
1037 3.01332e-06 
1038 3.01413e-06 
1039 3.01437e-06 
1040 3.01498e-06 
1041 3.0151e-06 
1042 3.01561e-06 
1043 3.01578e-06 
1044 3.0158e-06 
1045 3.0159e-06 
1046 3.01595e-06 
1047 3.01599e-06 
1048 3.01614e-06 
1049 3.01622e-06 
1050 3.01635e-06 
1051 3.01645e-06 
1052 3.01654e-06 
1053 3.01662e-06 
1054 3.01674e-06 
1055 3.01683e-06 
1056 3.01688e-06 
1057 3.01715e-06 
1058 3.01731e-06 
1059 3.01743e-06 
1060 3.01747e-06 
1061 3.01756e-06 
1062 3.01762e-06 
1063 3.01773e-06 
1064 3.0178e-06 
1065 3.01807e-06 
1066 3.01818e-06 
1067 3.01823e-06 
1068 3.01845e-06 
1069 3.01861e-06 
1070 3.0188e-06 
1071 3.01899e-06 
1072 3.01917e-06 
1073 3.01937e-06 
1074 3.0195e-06 
1075 3.01962e-06 
1076 3.02067e-06 
1077 3.02103e-06 
1078 3.02232e-06 
1079 3.02299e-06 
1080 3.02442e-06 
1081 3.02711e-06 
1082 3.05659e-06 
1083 3.05755e-06 
1084 3.05756e-06 
1085 3.05775e-06 
1086 3.05842e-06 
1087 3.05941e-06 
1088 3.05983e-06 
1089 3.06001e-06 
1090 3.06023e-06 
1091 3.06029e-06 
1092 3.06063e-06 
1093 3.06076e-06 
1094 3.0615e-06 
1095 3.06151e-06 
1096 3.0617e-06 
1097 3.06172e-06 
1098 3.06181e-06 
1099 3.06197e-06 
1100 3.06201e-06 
1101 3.06208e-06 
1102 3.06209e-06 
1103 3.06214e-06 
1104 3.06217e-06 
1105 3.06223e-06 
1106 3.06234e-06 
1107 3.06243e-06 
1108 3.06247e-06 
1109 3.06253e-06 
1110 3.06259e-06 
1111 3.06268e-06 
1112 3.06276e-06 
1113 3.0629e-06 
1114 3.06305e-06 
1115 3.06318e-06 
1116 3.06351e-06 
1117 3.06382e-06 
1118 3.06453e-06 
1119 3.06503e-06 
1120 3.06537e-06 
1121 3.06559e-06 
1122 3.07454e-06 
1123 3.24506e-06 
1124 3.2505e-06 
1125 3.25766e-06 
1126 3.26371e-06 
1127 3.26455e-06 
1128 3.26777e-06 
1129 3.26844e-06 
1130 3.27044e-06 
1131 3.27148e-06 
1132 3.2724e-06 
1133 3.27359e-06 
1134 3.27506e-06 
1135 3.27619e-06 
1136 3.27774e-06 
1137 3.2848e-06 
1138 3.29061e-06 
1139 3.30391e-06 
1140 3.51546e-06 
1141 3.5207e-06 
1142 3.52421e-06 
1143 3.52626e-06 
1144 3.52941e-06 
1145 3.52987e-06 
1146 3.53475e-06 
1147 3.53507e-06 
1148 3.53627e-06 
1149 3.53817e-06 
1150 3.53954e-06 
1151 3.54007e-06 
1152 3.54025e-06 
1153 3.54064e-06 
1154 3.54078e-06 
1155 3.54107e-06 
1156 3.54117e-06 
1157 3.54131e-06 
1158 3.54165e-06 
1159 3.54186e-06 
1160 3.54204e-06 
1161 3.54219e-06 
1162 3.54244e-06 
1163 3.54259e-06 
1164 3.54295e-06 
1165 3.54333e-06 
1166 3.54346e-06 
1167 3.54395e-06 
1168 3.54413e-06 
1169 3.54511e-06 
1170 3.54556e-06 
1171 3.54605e-06 
1172 3.54635e-06 
1173 3.54717e-06 
1174 3.54775e-06 
1175 3.54817e-06 
1176 3.54872e-06 
1177 3.5492e-06 
1178 3.55065e-06 
1179 3.55161e-06 
1180 3.55788e-06 
1181 3.56156e-06 
1182 3.74206e-06 
1183 3.74823e-06 
1184 3.74925e-06 
1185 3.75317e-06 
1186 3.75337e-06 
1187 3.75415e-06 
1188 3.75442e-06 
1189 3.75554e-06 
1190 3.75685e-06 
1191 3.75697e-06 
1192 3.75925e-06 
1193 3.75951e-06 
1194 3.75989e-06 
1195 3.76128e-06 
1196 3.76215e-06 
1197 3.76328e-06 
1198 3.76535e-06 
1199 3.76633e-06 
1200 3.76661e-06 
1201 3.76708e-06 
1202 3.76785e-06 
1203 3.76794e-06 
1204 3.76801e-06 
1205 3.76857e-06 
1206 3.76938e-06 
1207 3.77188e-06 
1208 3.77241e-06 
1209 3.7732e-06 
1210 3.77393e-06 
1211 3.77563e-06 
1212 3.77679e-06 
1213 3.77856e-06 
1214 3.78054e-06 
1215 3.78219e-06 
1216 3.78376e-06 
1217 3.78559e-06 
1218 3.78757e-06 
1219 3.79024e-06 
1220 3.79278e-06 
1221 3.80327e-06 
1222 3.81901e-06 
1223 4.01939e-06 
1224 4.02531e-06 
1225 4.02531e-06 
1226 4.02871e-06 
1227 4.03122e-06 
1228 4.03552e-06 
1229 4.03705e-06 
1230 4.03782e-06 
1231 4.03809e-06 
1232 4.03841e-06 
1233 4.03879e-06 
1234 4.04027e-06 
1235 4.04088e-06 
1236 4.04257e-06 
1237 4.04355e-06 
1238 4.04395e-06 
1239 4.04446e-06 
1240 4.04523e-06 
1241 4.04535e-06 
1242 4.04572e-06 
1243 4.04593e-06 
1244 4.04614e-06 
1245 4.04711e-06 
1246 4.04735e-06 
1247 4.04802e-06 
1248 4.04846e-06 
1249 4.04908e-06 
1250 4.04948e-06 
1251 4.05014e-06 
1252 4.051e-06 
1253 4.05152e-06 
1254 4.05277e-06 
1255 4.05374e-06 
1256 4.05475e-06 
1257 4.05542e-06 
1258 4.05649e-06 
1259 4.05776e-06 
1260 4.06055e-06 
1261 4.06252e-06 
1262 4.06637e-06 
1263 4.06893e-06 
1264 4.07772e-06 
1265 4.08781e-06 
1266 4.09382e-06 
1267 4.28608e-06 
1268 4.30006e-06 
1269 4.3001e-06 
1270 4.30349e-06 
1271 4.30477e-06 
1272 4.30568e-06 
1273 4.30685e-06 
1274 4.30763e-06 
1275 4.31191e-06 
1276 4.31466e-06 
1277 4.3166e-06 
1278 4.31832e-06 
1279 4.31997e-06 
1280 4.32255e-06 
1281 4.32514e-06 
1282 4.32894e-06 
1283 4.33478e-06 
1284 4.34117e-06 
1285 4.38309e-06 
1286 4.38442e-06 
1287 4.38442e-06 
1288 4.38505e-06 
1289 4.38557e-06 
1290 4.38557e-06 
1291 4.38644e-06 
1292 4.38667e-06 
1293 4.38674e-06 
1294 4.38732e-06 
1295 4.38761e-06 
1296 4.38769e-06 
1297 4.38775e-06 
1298 4.38777e-06 
1299 4.38796e-06 
1300 4.38798e-06 
1301 4.38816e-06 
1302 4.38837e-06 
1303 4.38852e-06 
1304 4.38859e-06 
1305 4.38875e-06 
1306 4.38887e-06 
1307 4.38896e-06 
1308 4.38916e-06 
1309 4.38927e-06 
1310 4.38941e-06 
1311 4.38952e-06 
1312 4.38964e-06 
1313 4.3898e-06 
1314 4.39015e-06 
1315 4.39045e-06 
1316 4.39056e-06 
1317 4.39097e-06 
1318 4.39138e-06 
1319 4.39175e-06 
1320 4.39222e-06 
1321 4.39254e-06 
1322 4.39283e-06 
1323 4.39418e-06 
1324 4.39679e-06 
1325 4.39929e-06 
1326 4.40093e-06 
1327 4.42327e-06 
1328 4.64499e-06 
1329 4.65053e-06 
1330 4.65702e-06 
1331 4.65706e-06 
1332 4.66061e-06 
1333 4.66163e-06 
1334 4.66248e-06 
1335 4.66278e-06 
1336 4.66292e-06 
1337 4.66298e-06 
1338 4.66324e-06 
1339 4.66341e-06 
1340 4.66376e-06 
1341 4.66389e-06 
1342 4.66423e-06 
1343 4.66443e-06 
1344 4.66457e-06 
1345 4.66463e-06 
1346 4.66478e-06 
1347 4.66496e-06 
1348 4.6651e-06 
1349 4.66528e-06 
1350 4.66543e-06 
1351 4.66563e-06 
1352 4.66582e-06 
1353 4.66612e-06 
1354 4.6663e-06 
1355 4.66672e-06 
1356 4.66693e-06 
1357 4.667e-06 
1358 4.66748e-06 
1359 4.66805e-06 
1360 4.66835e-06 
1361 4.66861e-06 
1362 4.66896e-06 
1363 4.66968e-06 
1364 4.67012e-06 
1365 4.67072e-06 
1366 4.67129e-06 
1367 4.67399e-06 
1368 4.67611e-06 
1369 4.68022e-06 
1370 4.94865e-06 
1371 4.95827e-06 
1372 4.96e-06 
1373 4.96216e-06 
1374 4.96318e-06 
1375 4.9634e-06 
1376 4.96605e-06 
1377 4.97205e-06 
1378 4.97283e-06 
1379 4.97419e-06 
1380 4.97738e-06 
1381 4.97828e-06 
1382 4.9789e-06 
1383 4.98237e-06 
1384 4.98399e-06 
1385 4.98469e-06 
1386 4.986e-06 
1387 4.98703e-06 
1388 4.98779e-06 
1389 4.98952e-06 
1390 4.99101e-06 
1391 4.99218e-06 
1392 4.99381e-06 
1393 4.99551e-06 
1394 4.99721e-06 
1395 5.00102e-06 
1396 5.00405e-06 
1397 5.00677e-06 
1398 5.01251e-06 
1399 5.01627e-06 
1400 5.02703e-06 
1401 5.06984e-06 
1402 5.07146e-06 
1403 5.07148e-06 
1404 5.07249e-06 
1405 5.07249e-06 
1406 5.07267e-06 
1407 5.07338e-06 
1408 5.07413e-06 
1409 5.07512e-06 
1410 5.0752e-06 
1411 5.07527e-06 
1412 5.0759e-06 
1413 5.07591e-06 
1414 5.07609e-06 
1415 5.07613e-06 
1416 5.07615e-06 
1417 5.07635e-06 
1418 5.07639e-06 
1419 5.07645e-06 
1420 5.07648e-06 
1421 5.0765e-06 
1422 5.07659e-06 
1423 5.07661e-06 
1424 5.07663e-06 
1425 5.07667e-06 
1426 5.07679e-06 
1427 5.07682e-06 
1428 5.07705e-06 
1429 5.07713e-06 
1430 5.07727e-06 
1431 5.07761e-06 
1432 5.07774e-06 
1433 5.07789e-06 
1434 5.0781e-06 
1435 5.07822e-06 
1436 5.07849e-06 
1437 5.07862e-06 
1438 5.07885e-06 
1439 5.07901e-06 
1440 5.07927e-06 
1441 5.07961e-06 
1442 5.0801e-06 
1443 5.08038e-06 
1444 5.08081e-06 
1445 5.08136e-06 
1446 5.08354e-06 
1447 5.08691e-06 
1448 5.13434e-06 
1449 5.13623e-06 
1450 5.13623e-06 
1451 5.13731e-06 
1452 5.13865e-06 
1453 5.13915e-06 
1454 5.13961e-06 
1455 5.14012e-06 
1456 5.14043e-06 
1457 5.14071e-06 
1458 5.14097e-06 
1459 5.14118e-06 
1460 5.14154e-06 
1461 5.14184e-06 
1462 5.14211e-06 
1463 5.14246e-06 
1464 5.14293e-06 
1465 5.14342e-06 
1466 5.14392e-06 
1467 5.14537e-06 
1468 5.14607e-06 
1469 5.14689e-06 
1470 5.148e-06 
1471 5.15758e-06 
1472 5.60213e-06 
1473 5.61777e-06 
1474 5.61873e-06 
1475 5.6253e-06 
1476 5.62583e-06 
1477 5.62909e-06 
1478 5.64578e-06 
1479 5.64709e-06 
1480 5.64853e-06 
1481 5.65815e-06 
1482 5.66009e-06 
1483 5.66145e-06 
1484 5.66326e-06 
1485 5.66422e-06 
1486 5.66661e-06 
1487 5.66834e-06 
1488 5.67001e-06 
1489 5.67167e-06 
1490 5.67305e-06 
1491 5.67871e-06 
1492 5.68334e-06 
1493 5.68847e-06 
1494 5.69388e-06 
1495 5.69847e-06 
1496 5.75902e-06 
1497 5.76145e-06 
1498 5.76145e-06 
1499 5.76155e-06 
1500 5.76268e-06 
1501 5.76269e-06 
1502 5.76272e-06 
1503 5.76317e-06 
1504 5.76357e-06 
1505 5.76395e-06 
1506 5.76415e-06 
1507 5.76454e-06 
1508 5.76494e-06 
1509 5.76505e-06 
1510 5.7653e-06 
1511 5.76538e-06 
1512 5.76584e-06 
1513 5.76602e-06 
1514 5.76621e-06 
1515 5.76693e-06 
1516 5.7675e-06 
1517 5.76764e-06 
1518 5.76781e-06 
1519 5.76794e-06 
1520 5.76797e-06 
1521 5.76824e-06 
1522 5.76835e-06 
1523 5.76838e-06 
1524 5.76841e-06 
1525 5.76853e-06 
1526 5.76858e-06 
1527 5.76867e-06 
1528 5.76875e-06 
1529 5.7689e-06 
1530 5.76906e-06 
1531 5.7691e-06 
1532 5.76925e-06 
1533 5.76932e-06 
1534 5.76941e-06 
1535 5.76962e-06 
1536 5.7697e-06 
1537 5.76984e-06 
1538 5.77e-06 
1539 5.77005e-06 
1540 5.77013e-06 
1541 5.77023e-06 
1542 5.77033e-06 
1543 5.77117e-06 
1544 5.77126e-06 
1545 5.7715e-06 
1546 5.77157e-06 
1547 5.77232e-06 
1548 5.77274e-06 
1549 5.77304e-06 
1550 5.77361e-06 
1551 5.77432e-06 
1552 5.77498e-06 
1553 5.77596e-06 
1554 5.7771e-06 
1555 5.78653e-06 
1556 5.79683e-06 
1557 5.8037e-06 
1558 5.88422e-06 
1559 5.89e-06 
1560 5.89002e-06 
1561 5.8928e-06 
1562 5.89357e-06 
1563 5.89458e-06 
1564 5.89499e-06 
1565 5.89558e-06 
1566 5.89653e-06 
1567 5.89774e-06 
1568 5.8991e-06 
1569 5.90066e-06 
1570 5.90405e-06 
1571 5.92826e-06 
1572 6.33582e-06 
1573 6.34579e-06 
1574 6.3458e-06 
1575 6.35651e-06 
1576 6.35816e-06 
1577 6.36321e-06 
1578 6.36608e-06 
1579 6.36816e-06 
1580 6.36998e-06 
1581 6.37059e-06 
1582 6.37079e-06 
1583 6.37106e-06 
1584 6.37126e-06 
1585 6.37144e-06 
1586 6.37184e-06 
1587 6.37223e-06 
1588 6.37255e-06 
1589 6.3731e-06 
1590 6.37342e-06 
1591 6.37377e-06 
1592 6.37429e-06 
1593 6.37478e-06 
1594 6.37516e-06 
1595 6.37545e-06 
1596 6.37598e-06 
1597 6.37643e-06 
1598 6.37681e-06 
1599 6.3783e-06 
1600 6.37874e-06 
1601 6.37912e-06 
1602 6.37967e-06 
1603 6.38132e-06 
1604 6.38174e-06 
1605 6.3823e-06 
1606 6.38363e-06 
1607 6.38507e-06 
1608 6.38714e-06 
1609 6.38852e-06 
1610 6.38993e-06 
1611 6.39286e-06 
1612 6.3955e-06 
1613 6.39937e-06 
1614 6.43376e-06 
1615 6.45023e-06 
1616 6.47885e-06 
1617 6.61535e-06 
1618 6.61762e-06 
1619 6.61762e-06 
1620 6.61789e-06 
1621 6.6209e-06 
1622 6.62093e-06 
1623 6.6218e-06 
1624 6.62204e-06 
1625 6.62217e-06 
1626 6.62248e-06 
1627 6.62251e-06 
1628 6.62258e-06 
1629 6.62275e-06 
1630 6.62281e-06 
1631 6.62285e-06 
1632 6.62291e-06 
1633 6.623e-06 
1634 6.62307e-06 
1635 6.62319e-06 
1636 6.62323e-06 
1637 6.62329e-06 
1638 6.62336e-06 
1639 6.62343e-06 
1640 6.62353e-06 
1641 6.62359e-06 
1642 6.62368e-06 
1643 6.6238e-06 
1644 6.62391e-06 
1645 6.62397e-06 
1646 6.62407e-06 
1647 6.62418e-06 
1648 6.62432e-06 
1649 6.62448e-06 
1650 6.62465e-06 
1651 6.62473e-06 
1652 6.62491e-06 
1653 6.62515e-06 
1654 6.62522e-06 
1655 6.62549e-06 
1656 6.62567e-06 
1657 6.62591e-06 
1658 6.6261e-06 
1659 6.62653e-06 
1660 6.62681e-06 
1661 6.63571e-06 
1662 6.64314e-06 
1663 6.83324e-06 
1664 6.83658e-06 
1665 6.83658e-06 
1666 6.8384e-06 
1667 6.83997e-06 
1668 6.8403e-06 
1669 6.84075e-06 
1670 6.84119e-06 
1671 6.84225e-06 
1672 6.84271e-06 
1673 6.84279e-06 
1674 6.84322e-06 
1675 6.84356e-06 
1676 6.84388e-06 
1677 6.84448e-06 
1678 6.84452e-06 
1679 6.84457e-06 
1680 6.84464e-06 
1681 6.84469e-06 
1682 6.84482e-06 
1683 6.84483e-06 
1684 6.84496e-06 
1685 6.84508e-06 
1686 6.84514e-06 
1687 6.84533e-06 
1688 6.8454e-06 
1689 6.84549e-06 
1690 6.8457e-06 
1691 6.84582e-06 
1692 6.84591e-06 
1693 6.84608e-06 
1694 6.84624e-06 
1695 6.8463e-06 
1696 6.84642e-06 
1697 6.84696e-06 
1698 6.84718e-06 
1699 6.84729e-06 
1700 6.84754e-06 
1701 6.84768e-06 
1702 6.84788e-06 
1703 6.84821e-06 
1704 6.84838e-06 
1705 6.84881e-06 
1706 6.84919e-06 
1707 6.8494e-06 
1708 6.84972e-06 
1709 6.85022e-06 
1710 6.85051e-06 
1711 6.85073e-06 
1712 6.85167e-06 
1713 6.85228e-06 
1714 6.85452e-06 
1715 6.86102e-06 
1716 6.86443e-06 
1717 7.10767e-06 
1718 7.11702e-06 
1719 7.11703e-06 
1720 7.12041e-06 
1721 7.12343e-06 
1722 7.1242e-06 
1723 7.1301e-06 
1724 7.13105e-06 
1725 7.1325e-06 
1726 7.1334e-06 
1727 7.13428e-06 
1728 7.13527e-06 
1729 7.1355e-06 
1730 7.1357e-06 
1731 7.13598e-06 
1732 7.13683e-06 
1733 7.13716e-06 
1734 7.13769e-06 
1735 7.13847e-06 
1736 7.13877e-06 
1737 7.13891e-06 
1738 7.13934e-06 
1739 7.13955e-06 
1740 7.13985e-06 
1741 7.1402e-06 
1742 7.14036e-06 
1743 7.14053e-06 
1744 7.14089e-06 
1745 7.14106e-06 
1746 7.14137e-06 
1747 7.14162e-06 
1748 7.14187e-06 
1749 7.14214e-06 
1750 7.14233e-06 
1751 7.14286e-06 
1752 7.14333e-06 
1753 7.1438e-06 
1754 7.14402e-06 
1755 7.14427e-06 
1756 7.14445e-06 
1757 7.14481e-06 
1758 7.14504e-06 
1759 7.1463e-06 
1760 7.14664e-06 
1761 7.14733e-06 
1762 7.14791e-06 
1763 7.14929e-06 
1764 7.14977e-06 
1765 7.15019e-06 
1766 7.15118e-06 
1767 7.15224e-06 
1768 7.15269e-06 
1769 7.15365e-06 
1770 7.15483e-06 
1771 7.15571e-06 
1772 7.15729e-06 
1773 7.15783e-06 
1774 7.15933e-06 
1775 7.16523e-06 
1776 7.16995e-06 
1777 7.17453e-06 
1778 7.18038e-06 
1779 7.1878e-06 
1780 7.39037e-06 
1781 7.40161e-06 
1782 7.40196e-06 
1783 7.40206e-06 
1784 7.40351e-06 
1785 7.40449e-06 
1786 7.40839e-06 
1787 7.40909e-06 
1788 7.41035e-06 
1789 7.41143e-06 
1790 7.41239e-06 
1791 7.41287e-06 
1792 7.41382e-06 
1793 7.41431e-06 
1794 7.41526e-06 
1795 7.41607e-06 
1796 7.41677e-06 
1797 7.41788e-06 
1798 7.41924e-06 
1799 7.42051e-06 
1800 7.42216e-06 
1801 7.42371e-06 
1802 7.42531e-06 
1803 7.42825e-06 
1804 7.43306e-06 
1805 7.43624e-06 
1806 7.44227e-06 
1807 7.44852e-06 
1808 7.45519e-06 
1809 7.46461e-06 
1810 7.64827e-06 
1811 7.65342e-06 
1812 7.65488e-06 
1813 7.65701e-06 
1814 7.65929e-06 
1815 7.65958e-06 
1816 7.6599e-06 
1817 7.66044e-06 
1818 7.66154e-06 
1819 7.66213e-06 
1820 7.66296e-06 
1821 7.66301e-06 
1822 7.66319e-06 
1823 7.66375e-06 
1824 7.66397e-06 
1825 7.66399e-06 
1826 7.6642e-06 
1827 7.66423e-06 
1828 7.66436e-06 
1829 7.66469e-06 
1830 7.66476e-06 
1831 7.66493e-06 
1832 7.66497e-06 
1833 7.66511e-06 
1834 7.6652e-06 
1835 7.66523e-06 
1836 7.66535e-06 
1837 7.66539e-06 
1838 7.66546e-06 
1839 7.6655e-06 
1840 7.66558e-06 
1841 7.66562e-06 
1842 7.66582e-06 
1843 7.66622e-06 
1844 7.66637e-06 
1845 7.66646e-06 
1846 7.66653e-06 
1847 7.66662e-06 
1848 7.66668e-06 
1849 7.66683e-06 
1850 7.66702e-06 
1851 7.66708e-06 
1852 7.66753e-06 
1853 7.66758e-06 
1854 7.66771e-06 
1855 7.66777e-06 
1856 7.66788e-06 
1857 7.66793e-06 
1858 7.66808e-06 
1859 7.66814e-06 
1860 7.6683e-06 
1861 7.6684e-06 
1862 7.66847e-06 
1863 7.66896e-06 
1864 7.66913e-06 
1865 7.66926e-06 
1866 7.66941e-06 
1867 7.66959e-06 
1868 7.66969e-06 
1869 7.66991e-06 
1870 7.67093e-06 
1871 7.67187e-06 
1872 7.67904e-06 
1873 7.68767e-06 
1874 7.69525e-06 
1875 7.70477e-06 
1876 7.74324e-06 
1877 7.97823e-06 
1878 7.98462e-06 
1879 7.9887e-06 
1880 7.98871e-06 
1881 7.99161e-06 
1882 7.99215e-06 
1883 7.99232e-06 
1884 7.99264e-06 
1885 7.99359e-06 
1886 7.99382e-06 
1887 7.99443e-06 
1888 7.99451e-06 
1889 7.99486e-06 
1890 7.99492e-06 
1891 7.99511e-06 
1892 7.99521e-06 
1893 7.99524e-06 
1894 7.99551e-06 
1895 7.99569e-06 
1896 7.99587e-06 
1897 7.99594e-06 
1898 7.99605e-06 
1899 7.99616e-06 
1900 7.99624e-06 
1901 7.99644e-06 
1902 7.99658e-06 
1903 7.99666e-06 
1904 7.99675e-06 
1905 7.99691e-06 
1906 7.99696e-06 
1907 7.99707e-06 
1908 7.99718e-06 
1909 7.99729e-06 
1910 7.99738e-06 
1911 7.99762e-06 
1912 7.99776e-06 
1913 7.99804e-06 
1914 7.99828e-06 
1915 7.99845e-06 
1916 7.99856e-06 
1917 7.99869e-06 
1918 7.99896e-06 
1919 7.99915e-06 
1920 7.99929e-06 
1921 7.99967e-06 
1922 7.99999e-06 
1923 8.00007e-06 
1924 8.00036e-06 
1925 8.00041e-06 
1926 8.00069e-06 
1927 8.00077e-06 
1928 8.00114e-06 
1929 8.00127e-06 
1930 8.00164e-06 
1931 8.00202e-06 
1932 8.0022e-06 
1933 8.00249e-06 
1934 8.00289e-06 
1935 8.00353e-06 
1936 8.00403e-06 
1937 8.00536e-06 
1938 8.00618e-06 
1939 8.00689e-06 
1940 8.00718e-06 
1941 8.01045e-06 
1942 8.0113e-06 
1943 8.04297e-06 
1944 8.12071e-06 
1945 8.26544e-06 
1946 8.2686e-06 
1947 8.26873e-06 
1948 8.27253e-06 
1949 8.27328e-06 
1950 8.27367e-06 
1951 8.27404e-06 
1952 8.27415e-06 
1953 8.27426e-06 
1954 8.27431e-06 
1955 8.27465e-06 
1956 8.27489e-06 
1957 8.27496e-06 
1958 8.27501e-06 
1959 8.27506e-06 
1960 8.27514e-06 
1961 8.27522e-06 
1962 8.27527e-06 
1963 8.27548e-06 
1964 8.27559e-06 
1965 8.27567e-06 
1966 8.27573e-06 
1967 8.27579e-06 
1968 8.27592e-06 
1969 8.276e-06 
1970 8.27607e-06 
1971 8.27619e-06 
1972 8.27628e-06 
1973 8.27643e-06 
1974 8.27653e-06 
1975 8.27671e-06 
1976 8.27685e-06 
1977 8.27693e-06 
1978 8.27701e-06 
1979 8.2771e-06 
1980 8.27729e-06 
1981 8.27752e-06 
1982 8.27778e-06 
1983 8.27786e-06 
1984 8.27793e-06 
1985 8.27848e-06 
1986 8.27881e-06 
1987 8.2791e-06 
1988 8.27927e-06 
1989 8.27988e-06 
1990 8.28018e-06 
1991 8.28048e-06 
1992 8.28128e-06 
1993 8.28162e-06 
1994 8.28229e-06 
1995 8.28344e-06 
1996 8.28569e-06 
1997 8.36445e-06 
1998 8.36772e-06 
1999 8.36772e-06 
2000 8.36894e-06 
2001 8.36895e-06 
2002 8.36947e-06 
2003 8.37075e-06 
2004 8.37075e-06 
2005 8.37079e-06 
2006 8.37103e-06 
2007 8.37111e-06 
2008 8.37152e-06 
2009 8.37199e-06 
2010 8.37241e-06 
2011 8.37336e-06 
2012 8.37345e-06 
2013 8.37362e-06 
2014 8.37378e-06 
2015 8.37389e-06 
2016 8.37404e-06 
2017 8.37414e-06 
2018 8.37425e-06 
2019 8.37442e-06 
2020 8.37454e-06 
2021 8.37471e-06 
2022 8.3751e-06 
2023 8.37522e-06 
2024 8.37533e-06 
2025 8.37551e-06 
2026 8.37568e-06 
2027 8.37586e-06 
2028 8.37606e-06 
2029 8.37635e-06 
2030 8.37655e-06 
2031 8.37702e-06 
2032 8.37717e-06 
2033 8.37745e-06 
2034 8.37789e-06 
2035 8.37811e-06 
2036 8.37859e-06 
2037 8.37885e-06 
2038 8.37911e-06 
2039 8.37933e-06 
2040 8.37967e-06 
2041 8.38046e-06 
2042 8.38121e-06 
2043 8.38196e-06 
2044 8.38236e-06 
2045 8.38282e-06 
2046 8.38337e-06 
2047 8.38378e-06 
2048 8.3859e-06 
2049 8.38704e-06 
2050 8.43699e-06 
2051 8.43886e-06 
2052 8.43934e-06 
2053 8.44051e-06 
2054 8.44052e-06 
2055 8.44067e-06 
2056 8.44081e-06 
2057 8.44085e-06 
2058 8.4414e-06 
2059 8.4415e-06 
2060 8.44186e-06 
2061 8.44208e-06 
2062 8.4422e-06 
2063 8.44237e-06 
2064 8.4425e-06 
2065 8.44272e-06 
2066 8.44302e-06 
2067 8.4432e-06 
2068 8.44347e-06 
2069 8.44377e-06 
2070 8.44418e-06 
2071 8.44437e-06 
2072 8.44459e-06 
2073 8.44514e-06 
2074 8.44541e-06 
2075 8.44614e-06 
2076 8.44656e-06 
2077 8.44695e-06 
2078 8.44769e-06 
2079 8.44852e-06 
2080 8.44942e-06 
2081 8.44991e-06 
2082 8.45074e-06 
2083 8.45218e-06 
2084 8.45289e-06 
2085 8.45799e-06 
2086 8.47794e-06 
2087 8.5275e-06 
2088 8.61754e-06 
2089 8.80205e-06 
2090 9.04451e-06 
2091 9.06417e-06 
2092 9.06432e-06 
2093 9.06452e-06 
2094 9.06477e-06 
2095 9.06507e-06 
2096 9.06526e-06 
2097 9.06564e-06 
2098 9.06597e-06 
2099 9.06638e-06 
2100 9.06686e-06 
2101 9.06713e-06 
2102 9.06761e-06 
2103 9.06818e-06 
2104 9.06882e-06 
2105 9.06952e-06 
2106 9.07015e-06 
2107 9.07102e-06 
2108 9.07213e-06 
2109 9.07303e-06 
2110 9.07407e-06 
2111 9.07464e-06 
2112 9.0757e-06 
2113 9.07763e-06 
2114 9.07828e-06 
2115 9.09092e-06 
2116 9.10228e-06 
2117 9.11874e-06 
2118 9.40011e-06 
2119 9.40511e-06 
2120 9.40511e-06 
2121 9.41213e-06 
2122 9.41227e-06 
2123 9.41258e-06 
2124 9.41264e-06 
2125 9.41298e-06 
2126 9.41317e-06 
2127 9.41364e-06 
2128 9.41384e-06 
2129 9.41393e-06 
2130 9.41402e-06 
2131 9.4141e-06 
2132 9.41425e-06 
2133 9.41432e-06 
2134 9.41448e-06 
2135 9.4146e-06 
2136 9.41475e-06 
2137 9.41482e-06 
2138 9.41501e-06 
2139 9.41512e-06 
2140 9.41525e-06 
2141 9.41538e-06 
2142 9.41548e-06 
2143 9.41572e-06 
2144 9.41612e-06 
2145 9.41648e-06 
2146 9.41689e-06 
2147 9.41707e-06 
2148 9.41733e-06 
2149 9.4177e-06 
2150 9.41789e-06 
2151 9.41819e-06 
2152 9.4183e-06 
2153 9.41859e-06 
2154 9.41886e-06 
2155 9.41901e-06 
2156 9.41914e-06 
2157 9.41941e-06 
2158 9.41979e-06 
2159 9.42091e-06 
2160 9.42181e-06 
2161 9.42248e-06 
2162 9.42284e-06 
2163 9.42312e-06 
2164 9.42483e-06 
2165 9.42564e-06 
2166 9.42639e-06 
2167 9.42908e-06 
2168 9.43228e-06 
2169 9.43533e-06 
2170 9.4445e-06 
2171 1.01203e-05 
2172 1.01488e-05 
2173 1.01503e-05 
2174 1.01792e-05 
2175 1.01817e-05 
2176 1.01828e-05 
2177 1.01832e-05 
2178 1.01895e-05 
2179 1.01927e-05 
2180 1.01957e-05 
2181 1.01975e-05 
2182 1.01997e-05 
2183 1.02022e-05 
2184 1.02048e-05 
2185 1.02067e-05 
2186 1.02117e-05 
2187 1.02176e-05 
2188 1.02206e-05 
2189 1.02249e-05 
2190 1.02306e-05 
2191 1.02345e-05 
2192 1.02406e-05 
2193 1.02478e-05 
2194 1.02553e-05 
2195 1.02703e-05 
2196 1.02862e-05 
2197 1.03416e-05 
2198 1.03607e-05 
2199 1.05945e-05 
2200 1.0604e-05 
2201 1.06091e-05 
2202 1.06107e-05 
2203 1.0611e-05 
2204 1.06113e-05 
2205 1.06115e-05 
2206 1.06119e-05 
2207 1.06119e-05 
2208 1.0612e-05 
2209 1.06121e-05 
2210 1.06123e-05 
2211 1.06124e-05 
2212 1.06124e-05 
2213 1.06125e-05 
2214 1.06126e-05 
2215 1.06127e-05 
2216 1.06128e-05 
2217 1.06129e-05 
2218 1.0613e-05 
2219 1.06132e-05 
2220 1.06133e-05 
2221 1.06133e-05 
2222 1.06135e-05 
2223 1.06136e-05 
2224 1.06138e-05 
2225 1.06139e-05 
2226 1.0614e-05 
2227 1.06143e-05 
2228 1.06145e-05 
2229 1.06147e-05 
2230 1.06148e-05 
2231 1.06149e-05 
2232 1.06153e-05 
2233 1.06157e-05 
2234 1.06157e-05 
2235 1.06162e-05 
2236 1.06164e-05 
2237 1.06165e-05 
2238 1.06166e-05 
2239 1.06169e-05 
2240 1.0617e-05 
2241 1.06173e-05 
2242 1.06174e-05 
2243 1.0618e-05 
2244 1.06183e-05 
2245 1.06188e-05 
2246 1.0619e-05 
2247 1.06194e-05 
2248 1.06195e-05 
2249 1.06199e-05 
2250 1.06203e-05 
2251 1.06208e-05 
2252 1.0621e-05 
2253 1.06214e-05 
2254 1.06217e-05 
2255 1.06224e-05 
2256 1.06228e-05 
2257 1.06238e-05 
2258 1.06247e-05 
2259 1.06279e-05 
2260 1.06329e-05 
2261 1.07261e-05 
2262 1.0729e-05 
2263 1.07293e-05 
2264 1.07294e-05 
2265 1.07295e-05 
2266 1.0731e-05 
2267 1.0731e-05 
2268 1.07313e-05 
2269 1.07323e-05 
2270 1.07326e-05 
2271 1.07332e-05 
2272 1.07334e-05 
2273 1.07337e-05 
2274 1.07338e-05 
2275 1.07341e-05 
2276 1.07344e-05 
2277 1.0735e-05 
2278 1.07356e-05 
2279 1.0736e-05 
2280 1.07365e-05 
2281 1.07368e-05 
2282 1.07375e-05 
2283 1.07383e-05 
2284 1.07389e-05 
2285 1.07397e-05 
2286 1.07405e-05 
2287 1.07417e-05 
2288 1.07428e-05 
2289 1.07445e-05 
2290 1.07459e-05 
2291 1.07475e-05 
2292 1.07492e-05 
2293 1.10553e-05 
2294 1.10668e-05 
2295 1.10684e-05 
2296 1.10686e-05 
2297 1.10709e-05 
2298 1.10743e-05 
2299 1.10749e-05 
2300 1.10753e-05 
2301 1.10759e-05 
2302 1.10777e-05 
2303 1.10785e-05 
2304 1.10792e-05 
2305 1.10807e-05 
2306 1.10814e-05 
2307 1.10822e-05 
2308 1.10824e-05 
2309 1.10826e-05 
2310 1.10833e-05 
2311 1.10838e-05 
2312 1.1084e-05 
2313 1.10842e-05 
2314 1.10847e-05 
2315 1.10856e-05 
2316 1.10859e-05 
2317 1.10861e-05 
2318 1.10864e-05 
2319 1.10868e-05 
2320 1.10876e-05 
2321 1.10884e-05 
2322 1.10893e-05 
2323 1.10901e-05 
2324 1.10905e-05 
2325 1.10908e-05 
2326 1.10913e-05 
2327 1.10918e-05 
2328 1.10922e-05 
2329 1.10927e-05 
2330 1.10933e-05 
2331 1.10941e-05 
2332 1.1095e-05 
2333 1.10953e-05 
2334 1.10967e-05 
2335 1.10973e-05 
2336 1.10991e-05 
2337 1.10999e-05 
2338 1.11023e-05 
2339 1.11054e-05 
2340 1.11072e-05 
2341 1.11085e-05 
2342 1.11109e-05 
2343 1.11133e-05 
2344 1.11156e-05 
2345 1.11168e-05 
2346 1.11196e-05 
2347 1.1126e-05 
2348 1.11288e-05 
2349 1.11365e-05 
2350 1.11469e-05 
2351 1.11618e-05 
2352 1.13768e-05 
2353 1.13854e-05 
2354 1.13866e-05 
2355 1.13887e-05 
2356 1.13887e-05 
2357 1.13901e-05 
2358 1.13901e-05 
2359 1.13921e-05 
2360 1.13924e-05 
2361 1.13929e-05 
2362 1.13934e-05 
2363 1.13947e-05 
2364 1.13947e-05 
2365 1.13954e-05 
2366 1.1397e-05 
2367 1.13972e-05 
2368 1.13974e-05 
2369 1.13975e-05 
2370 1.13983e-05 
2371 1.13985e-05 
2372 1.13985e-05 
2373 1.13986e-05 
2374 1.13987e-05 
2375 1.13989e-05 
2376 1.1399e-05 
2377 1.1399e-05 
2378 1.13992e-05 
2379 1.13994e-05 
2380 1.13998e-05 
2381 1.13999e-05 
2382 1.14001e-05 
2383 1.14002e-05 
2384 1.14003e-05 
2385 1.14005e-05 
2386 1.14008e-05 
2387 1.1401e-05 
2388 1.1402e-05 
2389 1.14024e-05 
2390 1.14028e-05 
2391 1.14033e-05 
2392 1.14035e-05 
2393 1.14037e-05 
2394 1.1404e-05 
2395 1.14041e-05 
2396 1.14045e-05 
2397 1.14047e-05 
2398 1.14051e-05 
2399 1.14054e-05 
2400 1.14057e-05 
2401 1.1406e-05 
2402 1.14064e-05 
2403 1.14066e-05 
2404 1.1407e-05 
2405 1.14074e-05 
2406 1.14076e-05 
2407 1.1408e-05 
2408 1.14084e-05 
2409 1.14089e-05 
2410 1.14093e-05 
2411 1.14104e-05 
2412 1.14111e-05 
2413 1.1412e-05 
2414 1.14133e-05 
2415 1.14142e-05 
2416 1.14149e-05 
2417 1.14153e-05 
2418 1.14161e-05 
2419 1.14171e-05 
2420 1.14193e-05 
2421 1.14204e-05 
2422 1.14222e-05 
2423 1.14347e-05 
2424 1.14725e-05 
2425 1.15947e-05 
2426 1.15985e-05 
2427 1.15985e-05 
2428 1.15996e-05 
2429 1.16003e-05 
2430 1.16003e-05 
2431 1.16006e-05 
2432 1.16017e-05 
2433 1.16017e-05 
2434 1.16021e-05 
2435 1.16021e-05 
2436 1.16024e-05 
2437 1.16025e-05 
2438 1.16027e-05 
2439 1.16037e-05 
2440 1.16037e-05 
2441 1.16037e-05 
2442 1.16038e-05 
2443 1.16039e-05 
2444 1.1604e-05 
2445 1.16042e-05 
2446 1.16042e-05 
2447 1.16042e-05 
2448 1.16043e-05 
2449 1.16043e-05 
2450 1.16043e-05 
2451 1.16043e-05 
2452 1.16044e-05 
2453 1.16044e-05 
2454 1.16045e-05 
2455 1.16046e-05 
2456 1.16046e-05 
2457 1.16046e-05 
2458 1.16047e-05 
2459 1.16048e-05 
2460 1.16049e-05 
2461 1.16049e-05 
2462 1.16049e-05 
2463 1.1605e-05 
2464 1.1605e-05 
2465 1.16051e-05 
2466 1.16052e-05 
2467 1.16052e-05 
2468 1.16053e-05 
2469 1.16054e-05 
2470 1.16055e-05 
2471 1.16055e-05 
2472 1.16056e-05 
2473 1.16058e-05 
2474 1.16059e-05 
2475 1.1606e-05 
2476 1.16062e-05 
2477 1.16063e-05 
2478 1.16063e-05 
2479 1.16064e-05 
2480 1.16064e-05 
2481 1.16065e-05 
2482 1.16065e-05 
2483 1.16069e-05 
2484 1.1607e-05 
2485 1.1607e-05 
2486 1.16071e-05 
2487 1.16073e-05 
2488 1.16075e-05 
2489 1.16077e-05 
2490 1.16078e-05 
2491 1.16078e-05 
2492 1.16081e-05 
2493 1.16083e-05 
2494 1.16084e-05 
2495 1.16085e-05 
2496 1.16087e-05 
2497 1.16088e-05 
2498 1.16091e-05 
2499 1.16094e-05 
2500 1.16098e-05 
2501 1.161e-05 
2502 1.1611e-05 
2503 1.1612e-05 
2504 1.16128e-05 
2505 1.16142e-05 
2506 1.16175e-05 
2507 1.16212e-05 
2508 1.16325e-05 
2509 1.16728e-05 
2510 1.17481e-05 
2511 1.2085e-05 
2512 1.20939e-05 
2513 1.20999e-05 
2514 1.21019e-05 
2515 1.21046e-05 
2516 1.21049e-05 
2517 1.21054e-05 
2518 1.21056e-05 
2519 1.21057e-05 
2520 1.21058e-05 
2521 1.21059e-05 
2522 1.21059e-05 
2523 1.21061e-05 
2524 1.21061e-05 
2525 1.21062e-05 
2526 1.21063e-05 
2527 1.21064e-05 
2528 1.21066e-05 
2529 1.21066e-05 
2530 1.21068e-05 
2531 1.21069e-05 
2532 1.2107e-05 
2533 1.21071e-05 
2534 1.21075e-05 
2535 1.21077e-05 
2536 1.2108e-05 
2537 1.21083e-05 
2538 1.21085e-05 
2539 1.21089e-05 
2540 1.2109e-05 
2541 1.21092e-05 
2542 1.21094e-05 
2543 1.21101e-05 
2544 1.21103e-05 
2545 1.21106e-05 
2546 1.21108e-05 
2547 1.21112e-05 
2548 1.21114e-05 
2549 1.21121e-05 
2550 1.21123e-05 
2551 1.21125e-05 
2552 1.21127e-05 
2553 1.21129e-05 
2554 1.21133e-05 
2555 1.21136e-05 
2556 1.21138e-05 
2557 1.21142e-05 
2558 1.21145e-05 
2559 1.21148e-05 
2560 1.21156e-05 
2561 1.21162e-05 
2562 1.21164e-05 
2563 1.21171e-05 
2564 1.21173e-05 
2565 1.21178e-05 
2566 1.21181e-05 
2567 1.21188e-05 
2568 1.21242e-05 
2569 1.21297e-05 
2570 1.22585e-05 
2571 1.22631e-05 
2572 1.22631e-05 
2573 1.22631e-05 
2574 1.22657e-05 
2575 1.22659e-05 
2576 1.22669e-05 
2577 1.2267e-05 
2578 1.2267e-05 
2579 1.22674e-05 
2580 1.22676e-05 
2581 1.2268e-05 
2582 1.22682e-05 
2583 1.22685e-05 
2584 1.22688e-05 
2585 1.22691e-05 
2586 1.22694e-05 
2587 1.22696e-05 
2588 1.22698e-05 
2589 1.22698e-05 
2590 1.22699e-05 
2591 1.227e-05 
2592 1.22702e-05 
2593 1.22703e-05 
2594 1.22703e-05 
2595 1.22705e-05 
2596 1.22706e-05 
2597 1.22708e-05 
2598 1.22709e-05 
2599 1.22709e-05 
2600 1.22711e-05 
2601 1.22713e-05 
2602 1.22714e-05 
2603 1.22716e-05 
2604 1.22717e-05 
2605 1.22718e-05 
2606 1.22719e-05 
2607 1.22721e-05 
2608 1.22723e-05 
2609 1.22723e-05 
2610 1.22726e-05 
2611 1.22727e-05 
2612 1.22728e-05 
2613 1.2273e-05 
2614 1.22732e-05 
2615 1.22733e-05 
2616 1.22735e-05 
2617 1.22736e-05 
2618 1.22737e-05 
2619 1.2274e-05 
2620 1.22743e-05 
2621 1.22745e-05 
2622 1.22747e-05 
2623 1.22749e-05 
2624 1.22751e-05 
2625 1.22752e-05 
2626 1.22756e-05 
2627 1.22757e-05 
2628 1.2276e-05 
2629 1.22763e-05 
2630 1.22766e-05 
2631 1.22772e-05 
2632 1.22777e-05 
2633 1.2278e-05 
2634 1.22785e-05 
2635 1.2279e-05 
2636 1.22801e-05 
2637 1.22817e-05 
2638 1.22833e-05 
2639 1.22846e-05 
2640 1.22863e-05 
2641 1.22879e-05 
2642 1.23183e-05 
2643 1.24012e-05 
2644 1.2552e-05 
2645 1.30361e-05 
2646 1.3046e-05 
2647 1.30494e-05 
2648 1.30495e-05 
2649 1.305e-05 
2650 1.30502e-05 
2651 1.30504e-05 
2652 1.30505e-05 
2653 1.30506e-05 
2654 1.30507e-05 
2655 1.30511e-05 
2656 1.30514e-05 
2657 1.30515e-05 
2658 1.30515e-05 
2659 1.30516e-05 
2660 1.30517e-05 
2661 1.30519e-05 
2662 1.3052e-05 
2663 1.3052e-05 
2664 1.30521e-05 
2665 1.30521e-05 
2666 1.30522e-05 
2667 1.30522e-05 
2668 1.30523e-05 
2669 1.30524e-05 
2670 1.30525e-05 
2671 1.30527e-05 
2672 1.3053e-05 
2673 1.30531e-05 
2674 1.30532e-05 
2675 1.30534e-05 
2676 1.30535e-05 
2677 1.30536e-05 
2678 1.30537e-05 
2679 1.30538e-05 
2680 1.30541e-05 
2681 1.30544e-05 
2682 1.30545e-05 
2683 1.30546e-05 
2684 1.30547e-05 
2685 1.30548e-05 
2686 1.30549e-05 
2687 1.30552e-05 
2688 1.30553e-05 
2689 1.30555e-05 
2690 1.30556e-05 
2691 1.30559e-05 
2692 1.30562e-05 
2693 1.30563e-05 
2694 1.30564e-05 
2695 1.30566e-05 
2696 1.30568e-05 
2697 1.30569e-05 
2698 1.30572e-05 
2699 1.30578e-05 
2700 1.30582e-05 
2701 1.30583e-05 
2702 1.30584e-05 
2703 1.30587e-05 
2704 1.30591e-05 
2705 1.30596e-05 
2706 1.30598e-05 
2707 1.30602e-05 
2708 1.3061e-05 
2709 1.30627e-05 
2710 1.30649e-05 
2711 1.30669e-05 
2712 1.31119e-05 
2713 1.33389e-05 
2714 1.33443e-05 
2715 1.33443e-05 
2716 1.33443e-05 
2717 1.33477e-05 
2718 1.33478e-05 
2719 1.33479e-05 
2720 1.33479e-05 
2721 1.33483e-05 
2722 1.33489e-05 
2723 1.33492e-05 
2724 1.33495e-05 
2725 1.33496e-05 
2726 1.33496e-05 
2727 1.335e-05 
2728 1.335e-05 
2729 1.33502e-05 
2730 1.33503e-05 
2731 1.33505e-05 
2732 1.33507e-05 
2733 1.33508e-05 
2734 1.33508e-05 
2735 1.33509e-05 
2736 1.33509e-05 
2737 1.33509e-05 
2738 1.3351e-05 
2739 1.33511e-05 
2740 1.33511e-05 
2741 1.33512e-05 
2742 1.33513e-05 
2743 1.33513e-05 
2744 1.33514e-05 
2745 1.33516e-05 
2746 1.33516e-05 
2747 1.33517e-05 
2748 1.33517e-05 
2749 1.33518e-05 
2750 1.33518e-05 
2751 1.33519e-05 
2752 1.33519e-05 
2753 1.3352e-05 
2754 1.33521e-05 
2755 1.33523e-05 
2756 1.33526e-05 
2757 1.33527e-05 
2758 1.33528e-05 
2759 1.33529e-05 
2760 1.3353e-05 
2761 1.33531e-05 
2762 1.33532e-05 
2763 1.33533e-05 
2764 1.33535e-05 
2765 1.33537e-05 
2766 1.33538e-05 
2767 1.33539e-05 
2768 1.33542e-05 
2769 1.33543e-05 
2770 1.33544e-05 
2771 1.33547e-05 
2772 1.33547e-05 
2773 1.33549e-05 
2774 1.3355e-05 
2775 1.33551e-05 
2776 1.33552e-05 
2777 1.33552e-05 
2778 1.33554e-05 
2779 1.33555e-05 
2780 1.33557e-05 
2781 1.33558e-05 
2782 1.33559e-05 
2783 1.3356e-05 
2784 1.33561e-05 
2785 1.33562e-05 
2786 1.33564e-05 
2787 1.33567e-05 
2788 1.33568e-05 
2789 1.33571e-05 
2790 1.33572e-05 
2791 1.33582e-05 
2792 1.33586e-05 
2793 1.33595e-05 
2794 1.33607e-05 
2795 1.33631e-05 
2796 1.33751e-05 
2797 1.33804e-05 
2798 1.3506e-05 
2799 1.35123e-05 
2800 1.35123e-05 
2801 1.3514e-05 
2802 1.35142e-05 
2803 1.35143e-05 
2804 1.35144e-05 
2805 1.35144e-05 
2806 1.35145e-05 
2807 1.35145e-05 
2808 1.35148e-05 
2809 1.3515e-05 
2810 1.3515e-05 
2811 1.35156e-05 
2812 1.35158e-05 
2813 1.3516e-05 
2814 1.35161e-05 
2815 1.35162e-05 
2816 1.35162e-05 
2817 1.35163e-05 
2818 1.35163e-05 
2819 1.35164e-05 
2820 1.35164e-05 
2821 1.35164e-05 
2822 1.35165e-05 
2823 1.35165e-05 
2824 1.35167e-05 
2825 1.35167e-05 
2826 1.35168e-05 
2827 1.35168e-05 
2828 1.35169e-05 
2829 1.35169e-05 
2830 1.3517e-05 
2831 1.35171e-05 
2832 1.35171e-05 
2833 1.35171e-05 
2834 1.35172e-05 
2835 1.35173e-05 
2836 1.35173e-05 
2837 1.35176e-05 
2838 1.35178e-05 
2839 1.35179e-05 
2840 1.3518e-05 
2841 1.3518e-05 
2842 1.35182e-05 
2843 1.35183e-05 
2844 1.35184e-05 
2845 1.35185e-05 
2846 1.35185e-05 
2847 1.35187e-05 
2848 1.35189e-05 
2849 1.3519e-05 
2850 1.35191e-05 
2851 1.35192e-05 
2852 1.35193e-05 
2853 1.35194e-05 
2854 1.35195e-05 
2855 1.35197e-05 
2856 1.35198e-05 
2857 1.35198e-05 
2858 1.35202e-05 
2859 1.35203e-05 
2860 1.35203e-05 
2861 1.35204e-05 
2862 1.35206e-05 
2863 1.35208e-05 
2864 1.35209e-05 
2865 1.35212e-05 
2866 1.35215e-05 
2867 1.35218e-05 
2868 1.35221e-05 
2869 1.35226e-05 
2870 1.3529e-05 
2871 1.35368e-05 
2872 1.35461e-05 
2873 1.35544e-05 
2874 1.35661e-05 
2875 1.3605e-05 
2876 1.39895e-05 
2877 1.40022e-05 
2878 1.40036e-05 
2879 1.4004e-05 
2880 1.40044e-05 
2881 1.40061e-05 
2882 1.40066e-05 
2883 1.40072e-05 
2884 1.40074e-05 
2885 1.40075e-05 
2886 1.40075e-05 
2887 1.40076e-05 
2888 1.40077e-05 
2889 1.40079e-05 
2890 1.40081e-05 
2891 1.40083e-05 
2892 1.40084e-05 
2893 1.40085e-05 
2894 1.40085e-05 
2895 1.40086e-05 
2896 1.40087e-05 
2897 1.40088e-05 
2898 1.40088e-05 
2899 1.40089e-05 
2900 1.4009e-05 
2901 1.40091e-05 
2902 1.40093e-05 
2903 1.40095e-05 
2904 1.40096e-05 
2905 1.40097e-05 
2906 1.40099e-05 
2907 1.401e-05 
2908 1.40103e-05 
2909 1.40105e-05 
2910 1.40108e-05 
2911 1.40109e-05 
2912 1.40114e-05 
2913 1.40116e-05 
2914 1.40117e-05 
2915 1.40118e-05 
2916 1.40119e-05 
2917 1.40122e-05 
2918 1.40123e-05 
2919 1.40125e-05 
2920 1.40126e-05 
2921 1.40128e-05 
2922 1.40129e-05 
2923 1.4013e-05 
2924 1.40133e-05 
2925 1.40133e-05 
2926 1.40135e-05 
2927 1.40137e-05 
2928 1.40139e-05 
2929 1.40141e-05 
2930 1.40145e-05 
2931 1.40147e-05 
2932 1.40148e-05 
2933 1.40149e-05 
2934 1.4015e-05 
2935 1.40152e-05 
2936 1.40155e-05 
2937 1.4016e-05 
2938 1.40162e-05 
2939 1.40165e-05 
2940 1.40169e-05 
2941 1.40177e-05 
2942 1.40187e-05 
2943 1.40197e-05 
2944 1.40208e-05 
2945 1.40219e-05 
2946 1.4024e-05 
2947 1.40266e-05 
2948 1.40296e-05 
2949 1.40331e-05 
2950 1.40353e-05 
2951 1.44036e-05 
2952 1.44218e-05 
2953 1.44293e-05 
2954 1.44297e-05 
2955 1.44312e-05 
2956 1.44326e-05 
2957 1.44338e-05 
2958 1.44343e-05 
2959 1.44351e-05 
2960 1.44359e-05 
2961 1.44366e-05 
2962 1.44371e-05 
2963 1.44385e-05 
2964 1.44388e-05 
2965 1.44392e-05 
2966 1.44397e-05 
2967 1.44404e-05 
2968 1.44409e-05 
2969 1.4442e-05 
2970 1.44426e-05 
2971 1.44436e-05 
2972 1.4445e-05 
2973 1.44459e-05 
2974 1.44467e-05 
2975 1.44476e-05 
2976 1.44487e-05 
2977 1.44497e-05 
2978 1.44505e-05 
2979 1.44514e-05 
2980 1.44525e-05 
2981 1.44538e-05 
2982 1.44566e-05 
2983 1.44591e-05 
2984 1.44618e-05 
2985 1.44641e-05 
2986 1.44695e-05 
2987 1.44831e-05 
2988 1.45119e-05 
2989 1.45527e-05 
2990 1.46065e-05 
2991 1.48308e-05 
2992 1.51e-05 
2993 1.54829e-05 
2994 1.54922e-05 
2995 1.54991e-05 
2996 1.54996e-05 
2997 1.54999e-05 
2998 1.54999e-05 
2999 1.55007e-05 
3000 1.55008e-05 
3001 1.55009e-05 
3002 1.5501e-05 
3003 1.55011e-05 
3004 1.55012e-05 
3005 1.55013e-05 
3006 1.55014e-05 
3007 1.55015e-05 
3008 1.55017e-05 
3009 1.55018e-05 
3010 1.55019e-05 
3011 1.55021e-05 
3012 1.55023e-05 
3013 1.55025e-05 
3014 1.55028e-05 
3015 1.5503e-05 
3016 1.55033e-05 
3017 1.55037e-05 
3018 1.5504e-05 
3019 1.55042e-05 
3020 1.55047e-05 
3021 1.5505e-05 
3022 1.55054e-05 
3023 1.55058e-05 
3024 1.55063e-05 
3025 1.55065e-05 
3026 1.55068e-05 
3027 1.55071e-05 
3028 1.55073e-05 
3029 1.55077e-05 
3030 1.55082e-05 
3031 1.55085e-05 
3032 1.55093e-05 
3033 1.55101e-05 
3034 1.55109e-05 
3035 1.55139e-05 
3036 1.55156e-05 
3037 1.55185e-05 
3038 1.55215e-05 
3039 1.5525e-05 
3040 1.55297e-05 
3041 1.5661e-05 
3042 1.56667e-05 
3043 1.56668e-05 
3044 1.5668e-05 
3045 1.5669e-05 
3046 1.567e-05 
3047 1.56701e-05 
3048 1.56709e-05 
3049 1.56711e-05 
3050 1.56712e-05 
3051 1.56713e-05 
3052 1.5672e-05 
3053 1.5672e-05 
3054 1.56721e-05 
3055 1.56722e-05 
3056 1.56723e-05 
3057 1.56724e-05 
3058 1.56724e-05 
3059 1.56725e-05 
3060 1.56725e-05 
3061 1.56726e-05 
3062 1.56727e-05 
3063 1.56727e-05 
3064 1.56728e-05 
3065 1.56729e-05 
3066 1.56729e-05 
3067 1.5673e-05 
3068 1.5673e-05 
3069 1.56731e-05 
3070 1.56731e-05 
3071 1.56732e-05 
3072 1.56732e-05 
3073 1.56735e-05 
3074 1.56735e-05 
3075 1.56737e-05 
3076 1.56738e-05 
3077 1.56739e-05 
3078 1.56742e-05 
3079 1.56743e-05 
3080 1.56744e-05 
3081 1.56745e-05 
3082 1.56746e-05 
3083 1.56747e-05 
3084 1.56748e-05 
3085 1.56749e-05 
3086 1.5675e-05 
3087 1.56751e-05 
3088 1.56751e-05 
3089 1.56753e-05 
3090 1.56753e-05 
3091 1.56754e-05 
3092 1.56756e-05 
3093 1.56757e-05 
3094 1.56758e-05 
3095 1.56758e-05 
3096 1.56759e-05 
3097 1.56759e-05 
3098 1.5676e-05 
3099 1.56761e-05 
3100 1.56762e-05 
3101 1.56763e-05 
3102 1.56764e-05 
3103 1.56765e-05 
3104 1.56766e-05 
3105 1.56767e-05 
3106 1.56768e-05 
3107 1.5677e-05 
3108 1.56771e-05 
3109 1.56773e-05 
3110 1.56774e-05 
3111 1.56776e-05 
3112 1.56778e-05 
3113 1.56779e-05 
3114 1.56792e-05 
3115 1.56802e-05 
3116 1.56811e-05 
3117 1.56825e-05 
3118 1.56835e-05 
3119 1.56847e-05 
3120 1.56874e-05 
3121 1.56908e-05 
3122 1.57107e-05 
3123 1.57693e-05 
3124 1.59007e-05 
3125 1.59084e-05 
3126 1.59084e-05 
3127 1.59085e-05 
3128 1.59092e-05 
3129 1.59093e-05 
3130 1.59094e-05 
3131 1.59096e-05 
3132 1.59099e-05 
3133 1.59099e-05 
3134 1.591e-05 
3135 1.591e-05 
3136 1.591e-05 
3137 1.591e-05 
3138 1.591e-05 
3139 1.59101e-05 
3140 1.59101e-05 
3141 1.59101e-05 
3142 1.59101e-05 
3143 1.59102e-05 
3144 1.59102e-05 
3145 1.59102e-05 
3146 1.59102e-05 
3147 1.59103e-05 
3148 1.59104e-05 
3149 1.59104e-05 
3150 1.59104e-05 
3151 1.59104e-05 
3152 1.59105e-05 
3153 1.59105e-05 
3154 1.59106e-05 
3155 1.59106e-05 
3156 1.59106e-05 
3157 1.59107e-05 
3158 1.59108e-05 
3159 1.59108e-05 
3160 1.59108e-05 
3161 1.5911e-05 
3162 1.5911e-05 
3163 1.59111e-05 
3164 1.59111e-05 
3165 1.59114e-05 
3166 1.59115e-05 
3167 1.59117e-05 
3168 1.5912e-05 
3169 1.59123e-05 
3170 1.59124e-05 
3171 1.59125e-05 
3172 1.59126e-05 
3173 1.59127e-05 
3174 1.59128e-05 
3175 1.59129e-05 
3176 1.5913e-05 
3177 1.59131e-05 
3178 1.59132e-05 
3179 1.59133e-05 
3180 1.59134e-05 
3181 1.59135e-05 
3182 1.59136e-05 
3183 1.59137e-05 
3184 1.59138e-05 
3185 1.59141e-05 
3186 1.59143e-05 
3187 1.59144e-05 
3188 1.59146e-05 
3189 1.59149e-05 
3190 1.5915e-05 
3191 1.59152e-05 
3192 1.59164e-05 
3193 1.59166e-05 
3194 1.5917e-05 
3195 1.59176e-05 
3196 1.59222e-05 
3197 1.59317e-05 
3198 1.59384e-05 
3199 1.59463e-05 
3200 1.59617e-05 
3201 1.5975e-05 
3202 1.63489e-05 
3203 1.63683e-05 
3204 1.63688e-05 
3205 1.63705e-05 
3206 1.63707e-05 
3207 1.63709e-05 
3208 1.6371e-05 
3209 1.63711e-05 
3210 1.63712e-05 
3211 1.63714e-05 
3212 1.63714e-05 
3213 1.63715e-05 
3214 1.63718e-05 
3215 1.63719e-05 
3216 1.63721e-05 
3217 1.63724e-05 
3218 1.63725e-05 
3219 1.63727e-05 
3220 1.6373e-05 
3221 1.63731e-05 
3222 1.63734e-05 
3223 1.63736e-05 
3224 1.63739e-05 
3225 1.63741e-05 
3226 1.63743e-05 
3227 1.63747e-05 
3228 1.6375e-05 
3229 1.63752e-05 
3230 1.63754e-05 
3231 1.63756e-05 
3232 1.6376e-05 
3233 1.63761e-05 
3234 1.63763e-05 
3235 1.63767e-05 
3236 1.6377e-05 
3237 1.63774e-05 
3238 1.63776e-05 
3239 1.63778e-05 
3240 1.6378e-05 
3241 1.63783e-05 
3242 1.63787e-05 
3243 1.63789e-05 
3244 1.63791e-05 
3245 1.63792e-05 
3246 1.63797e-05 
3247 1.63799e-05 
3248 1.63803e-05 
3249 1.63806e-05 
3250 1.63809e-05 
3251 1.63816e-05 
3252 1.63821e-05 
3253 1.63824e-05 
3254 1.63827e-05 
3255 1.63839e-05 
3256 1.63848e-05 
3257 1.63857e-05 
3258 1.63868e-05 
3259 1.63876e-05 
3260 1.63881e-05 
3261 1.63923e-05 
3262 1.63942e-05 
3263 1.64076e-05 
3264 1.64122e-05 
3265 1.64609e-05 
3266 1.70691e-05 
3267 1.70968e-05 
3268 1.71006e-05 
3269 1.71044e-05 
3270 1.71062e-05 
3271 1.71066e-05 
3272 1.71081e-05 
3273 1.71087e-05 
3274 1.71101e-05 
3275 1.71106e-05 
3276 1.71109e-05 
3277 1.7111e-05 
3278 1.71113e-05 
3279 1.71115e-05 
3280 1.71121e-05 
3281 1.71123e-05 
3282 1.71126e-05 
3283 1.71127e-05 
3284 1.71132e-05 
3285 1.71137e-05 
3286 1.71141e-05 
3287 1.71145e-05 
3288 1.7115e-05 
3289 1.71156e-05 
3290 1.71162e-05 
3291 1.71165e-05 
3292 1.71169e-05 
3293 1.71175e-05 
3294 1.71184e-05 
3295 1.71187e-05 
3296 1.71196e-05 
3297 1.71201e-05 
3298 1.71206e-05 
3299 1.71213e-05 
3300 1.71219e-05 
3301 1.71222e-05 
3302 1.71225e-05 
3303 1.71228e-05 
3304 1.71231e-05 
3305 1.71236e-05 
3306 1.71241e-05 
3307 1.71246e-05 
3308 1.7125e-05 
3309 1.71256e-05 
3310 1.71259e-05 
3311 1.71264e-05 
3312 1.71269e-05 
3313 1.71276e-05 
3314 1.71281e-05 
3315 1.71287e-05 
3316 1.71293e-05 
3317 1.71311e-05 
3318 1.71322e-05 
3319 1.7134e-05 
3320 1.71354e-05 
3321 1.71418e-05 
3322 1.71454e-05 
3323 1.71524e-05 
3324 1.71559e-05 
3325 1.7157e-05 
3326 1.71601e-05 
3327 1.71621e-05 
3328 1.71749e-05 
3329 1.72947e-05 
3330 1.72999e-05 
3331 1.73e-05 
3332 1.73024e-05 
3333 1.73025e-05 
3334 1.73025e-05 
3335 1.73028e-05 
3336 1.73041e-05 
3337 1.73041e-05 
3338 1.73043e-05 
3339 1.73045e-05 
3340 1.73046e-05 
3341 1.73047e-05 
3342 1.73048e-05 
3343 1.73048e-05 
3344 1.73049e-05 
3345 1.73051e-05 
3346 1.73051e-05 
3347 1.73052e-05 
3348 1.73053e-05 
3349 1.73053e-05 
3350 1.73054e-05 
3351 1.73055e-05 
3352 1.73056e-05 
3353 1.73057e-05 
3354 1.73058e-05 
3355 1.73058e-05 
3356 1.7306e-05 
3357 1.7306e-05 
3358 1.73062e-05 
3359 1.73064e-05 
3360 1.73064e-05 
3361 1.73065e-05 
3362 1.73068e-05 
3363 1.7307e-05 
3364 1.73073e-05 
3365 1.73074e-05 
3366 1.73075e-05 
3367 1.73076e-05 
3368 1.73077e-05 
3369 1.73078e-05 
3370 1.73079e-05 
3371 1.7308e-05 
3372 1.73081e-05 
3373 1.73082e-05 
3374 1.73083e-05 
3375 1.73084e-05 
3376 1.73085e-05 
3377 1.73087e-05 
3378 1.73088e-05 
3379 1.73089e-05 
3380 1.7309e-05 
3381 1.73092e-05 
3382 1.73094e-05 
3383 1.73097e-05 
3384 1.73098e-05 
3385 1.73099e-05 
3386 1.73101e-05 
3387 1.73106e-05 
3388 1.73108e-05 
3389 1.73113e-05 
3390 1.73116e-05 
3391 1.73118e-05 
3392 1.73122e-05 
3393 1.73127e-05 
3394 1.73132e-05 
3395 1.73136e-05 
3396 1.73142e-05 
3397 1.73154e-05 
3398 1.73175e-05 
3399 1.73177e-05 
3400 1.73183e-05 
3401 1.73259e-05 
3402 1.73334e-05 
3403 1.73385e-05 
3404 1.78678e-05 
3405 1.78919e-05 
3406 1.78919e-05 
3407 1.78991e-05 
3408 1.78991e-05 
3409 1.79022e-05 
3410 1.79023e-05 
3411 1.79042e-05 
3412 1.79049e-05 
3413 1.79087e-05 
3414 1.791e-05 
3415 1.79108e-05 
3416 1.79114e-05 
3417 1.79121e-05 
3418 1.79123e-05 
3419 1.79134e-05 
3420 1.79139e-05 
3421 1.79142e-05 
3422 1.79145e-05 
3423 1.79145e-05 
3424 1.79148e-05 
3425 1.7915e-05 
3426 1.79153e-05 
3427 1.79155e-05 
3428 1.79156e-05 
3429 1.79161e-05 
3430 1.79162e-05 
3431 1.79169e-05 
3432 1.7917e-05 
3433 1.79172e-05 
3434 1.79176e-05 
3435 1.79177e-05 
3436 1.79181e-05 
3437 1.79185e-05 
3438 1.79191e-05 
3439 1.79193e-05 
3440 1.79202e-05 
3441 1.79205e-05 
3442 1.79208e-05 
3443 1.79212e-05 
3444 1.79219e-05 
3445 1.79221e-05 
3446 1.79224e-05 
3447 1.79225e-05 
3448 1.79229e-05 
3449 1.79232e-05 
3450 1.79235e-05 
3451 1.79237e-05 
3452 1.7924e-05 
3453 1.79243e-05 
3454 1.79245e-05 
3455 1.79248e-05 
3456 1.7925e-05 
3457 1.79252e-05 
3458 1.79255e-05 
3459 1.79257e-05 
3460 1.79259e-05 
3461 1.79263e-05 
3462 1.79268e-05 
3463 1.79269e-05 
3464 1.79272e-05 
3465 1.79275e-05 
3466 1.79278e-05 
3467 1.79283e-05 
3468 1.79286e-05 
3469 1.79288e-05 
3470 1.7929e-05 
3471 1.79292e-05 
3472 1.79298e-05 
3473 1.79307e-05 
3474 1.79311e-05 
3475 1.79329e-05 
3476 1.79338e-05 
3477 1.79355e-05 
3478 1.79371e-05 
3479 1.79387e-05 
3480 1.79413e-05 
3481 1.7943e-05 
3482 1.79444e-05 
3483 1.79451e-05 
3484 1.79466e-05 
3485 1.79501e-05 
3486 1.79533e-05 
3487 1.79567e-05 
3488 1.79596e-05 
3489 1.79613e-05 
3490 1.79646e-05 
3491 1.79662e-05 
3492 1.79697e-05 
3493 1.79809e-05 
3494 1.79884e-05 
3495 1.80158e-05 
3496 1.82359e-05 
3497 1.82422e-05 
3498 1.82422e-05 
3499 1.82428e-05 
3500 1.82431e-05 
3501 1.82432e-05 
3502 1.8244e-05 
3503 1.82442e-05 
3504 1.82449e-05 
3505 1.82458e-05 
3506 1.82461e-05 
3507 1.82465e-05 
3508 1.82483e-05 
3509 1.82485e-05 
3510 1.82487e-05 
3511 1.82489e-05 
3512 1.82491e-05 
3513 1.82494e-05 
3514 1.82497e-05 
3515 1.82499e-05 
3516 1.82503e-05 
3517 1.82506e-05 
3518 1.82509e-05 
3519 1.82512e-05 
3520 1.82514e-05 
3521 1.82517e-05 
3522 1.82521e-05 
3523 1.82525e-05 
3524 1.82528e-05 
3525 1.82535e-05 
3526 1.82538e-05 
3527 1.82544e-05 
3528 1.82547e-05 
3529 1.82554e-05 
3530 1.82566e-05 
3531 1.82572e-05 
3532 1.82589e-05 
3533 1.82597e-05 
3534 1.82615e-05 
3535 1.82634e-05 
3536 1.82645e-05 
3537 1.82701e-05 
3538 1.82718e-05 
3539 1.82733e-05 
3540 1.82757e-05 
3541 1.82792e-05 
3542 1.83062e-05 
3543 1.89537e-05 
3544 1.89738e-05 
3545 1.89765e-05 
3546 1.89798e-05 
3547 1.89805e-05 
3548 1.89841e-05 
3549 1.89858e-05 
3550 1.89879e-05 
3551 1.89886e-05 
3552 1.89894e-05 
3553 1.89904e-05 
3554 1.89912e-05 
3555 1.89925e-05 
3556 1.89938e-05 
3557 1.89953e-05 
3558 1.89967e-05 
3559 1.89987e-05 
3560 1.90001e-05 
3561 1.90016e-05 
3562 1.90034e-05 
3563 1.90052e-05 
3564 1.90095e-05 
3565 1.90123e-05 
3566 1.90193e-05 
3567 1.90312e-05 
3568 1.90406e-05 
3569 1.90598e-05 
3570 1.91437e-05 
3571 1.91476e-05 
3572 1.9148e-05 
3573 1.91485e-05 
3574 1.91488e-05 
3575 1.9149e-05 
3576 1.91493e-05 
3577 1.91495e-05 
3578 1.91496e-05 
3579 1.91501e-05 
3580 1.91505e-05 
3581 1.91506e-05 
3582 1.91507e-05 
3583 1.91507e-05 
3584 1.91508e-05 
3585 1.91508e-05 
3586 1.91508e-05 
3587 1.91508e-05 
3588 1.91509e-05 
3589 1.9151e-05 
3590 1.9151e-05 
3591 1.91512e-05 
3592 1.91512e-05 
3593 1.91512e-05 
3594 1.91513e-05 
3595 1.91513e-05 
3596 1.91514e-05 
3597 1.91514e-05 
3598 1.91514e-05 
3599 1.91515e-05 
3600 1.91515e-05 
3601 1.91516e-05 
3602 1.91516e-05 
3603 1.91518e-05 
3604 1.91518e-05 
3605 1.91519e-05 
3606 1.91519e-05 
3607 1.9152e-05 
3608 1.91521e-05 
3609 1.91521e-05 
3610 1.91522e-05 
3611 1.91522e-05 
3612 1.91522e-05 
3613 1.91523e-05 
3614 1.91523e-05 
3615 1.91524e-05 
3616 1.91526e-05 
3617 1.91527e-05 
3618 1.91527e-05 
3619 1.91528e-05 
3620 1.91528e-05 
3621 1.91529e-05 
3622 1.91529e-05 
3623 1.9153e-05 
3624 1.91531e-05 
3625 1.91531e-05 
3626 1.91532e-05 
3627 1.91532e-05 
3628 1.91533e-05 
3629 1.91533e-05 
3630 1.91536e-05 
3631 1.91536e-05 
3632 1.91537e-05 
3633 1.91537e-05 
3634 1.91538e-05 
3635 1.91538e-05 
3636 1.9154e-05 
3637 1.9154e-05 
3638 1.91543e-05 
3639 1.91545e-05 
3640 1.91546e-05 
3641 1.91549e-05 
3642 1.9155e-05 
3643 1.91551e-05 
3644 1.91553e-05 
3645 1.91555e-05 
3646 1.9156e-05 
3647 1.91565e-05 
3648 1.91568e-05 
3649 1.91573e-05 
3650 1.91579e-05 
3651 1.91587e-05 
3652 1.91602e-05 
3653 1.91611e-05 
3654 1.91619e-05 
3655 1.91657e-05 
3656 1.91731e-05 
3657 1.91915e-05 
3658 1.96095e-05 
3659 1.9625e-05 
3660 1.96281e-05 
3661 1.96295e-05 
3662 1.96297e-05 
3663 1.96304e-05 
3664 1.96325e-05 
3665 1.96338e-05 
3666 1.96341e-05 
3667 1.96349e-05 
3668 1.96359e-05 
3669 1.9636e-05 
3670 1.96363e-05 
3671 1.96367e-05 
3672 1.96368e-05 
3673 1.96371e-05 
3674 1.96372e-05 
3675 1.96374e-05 
3676 1.96377e-05 
3677 1.9638e-05 
3678 1.96383e-05 
3679 1.96386e-05 
3680 1.9639e-05 
3681 1.96396e-05 
3682 1.96402e-05 
3683 1.96409e-05 
3684 1.96414e-05 
3685 1.96423e-05 
3686 1.96426e-05 
3687 1.96432e-05 
3688 1.96436e-05 
3689 1.96439e-05 
3690 1.96443e-05 
3691 1.96446e-05 
3692 1.96451e-05 
3693 1.96456e-05 
3694 1.9646e-05 
3695 1.96467e-05 
3696 1.96475e-05 
3697 1.96481e-05 
3698 1.96488e-05 
3699 1.96495e-05 
3700 1.96503e-05 
3701 1.96517e-05 
3702 1.96524e-05 
3703 1.96554e-05 
3704 1.96568e-05 
3705 1.96578e-05 
3706 1.96601e-05 
3707 1.96612e-05 
3708 1.96698e-05 
3709 1.96725e-05 
3710 1.96906e-05 
3711 1.97432e-05 
3712 1.99982e-05 
3713 2.0007e-05 
3714 2.0007e-05 
3715 2.0008e-05 
3716 2.0008e-05 
3717 2.00082e-05 
3718 2.00082e-05 
3719 2.00082e-05 
3720 2.00091e-05 
3721 2.00095e-05 
3722 2.00096e-05 
3723 2.00101e-05 
3724 2.00102e-05 
3725 2.00103e-05 
3726 2.00105e-05 
3727 2.00109e-05 
3728 2.0011e-05 
3729 2.00116e-05 
3730 2.00119e-05 
3731 2.0012e-05 
3732 2.00121e-05 
3733 2.00122e-05 
3734 2.00124e-05 
3735 2.00126e-05 
3736 2.00128e-05 
3737 2.0013e-05 
3738 2.00132e-05 
3739 2.00137e-05 
3740 2.00139e-05 
3741 2.00141e-05 
3742 2.00143e-05 
3743 2.00146e-05 
3744 2.00148e-05 
3745 2.0015e-05 
3746 2.00151e-05 
3747 2.00153e-05 
3748 2.00155e-05 
3749 2.00157e-05 
3750 2.0016e-05 
3751 2.00163e-05 
3752 2.00167e-05 
3753 2.00169e-05 
3754 2.00172e-05 
3755 2.00174e-05 
3756 2.00179e-05 
3757 2.00184e-05 
3758 2.00188e-05 
3759 2.00191e-05 
3760 2.00196e-05 
3761 2.00208e-05 
3762 2.00216e-05 
3763 2.00225e-05 
3764 2.00241e-05 
3765 2.00253e-05 
3766 2.00288e-05 
3767 2.00299e-05 
3768 2.00515e-05 
3769 2.00692e-05 
3770 2.05382e-05 
3771 2.05583e-05 
3772 2.05638e-05 
3773 2.05638e-05 
3774 2.05651e-05 
3775 2.05661e-05 
3776 2.0567e-05 
3777 2.0567e-05 
3778 2.05683e-05 
3779 2.05689e-05 
3780 2.05691e-05 
3781 2.05702e-05 
3782 2.05714e-05 
3783 2.05722e-05 
3784 2.05728e-05 
3785 2.0573e-05 
3786 2.05732e-05 
3787 2.05733e-05 
3788 2.05737e-05 
3789 2.05739e-05 
3790 2.05741e-05 
3791 2.05743e-05 
3792 2.05746e-05 
3793 2.05748e-05 
3794 2.05749e-05 
3795 2.05751e-05 
3796 2.05754e-05 
3797 2.05754e-05 
3798 2.05754e-05 
3799 2.05755e-05 
3800 2.05756e-05 
3801 2.05759e-05 
3802 2.0576e-05 
3803 2.05762e-05 
3804 2.05764e-05 
3805 2.05765e-05 
3806 2.05767e-05 
3807 2.05768e-05 
3808 2.0577e-05 
3809 2.05771e-05 
3810 2.05773e-05 
3811 2.05776e-05 
3812 2.0578e-05 
3813 2.05782e-05 
3814 2.05786e-05 
3815 2.05788e-05 
3816 2.05789e-05 
3817 2.0579e-05 
3818 2.05791e-05 
3819 2.058e-05 
3820 2.05805e-05 
3821 2.05808e-05 
3822 2.05816e-05 
3823 2.05818e-05 
3824 2.0582e-05 
3825 2.05823e-05 
3826 2.05826e-05 
3827 2.05829e-05 
3828 2.05834e-05 
3829 2.05842e-05 
3830 2.05847e-05 
3831 2.05851e-05 
3832 2.05861e-05 
3833 2.05869e-05 
3834 2.05873e-05 
3835 2.05883e-05 
3836 2.05889e-05 
3837 2.059e-05 
3838 2.05908e-05 
3839 2.05912e-05 
3840 2.05921e-05 
3841 2.05931e-05 
3842 2.05938e-05 
3843 2.05956e-05 
3844 2.05973e-05 
3845 2.06026e-05 
3846 2.0605e-05 
3847 2.06094e-05 
3848 2.06113e-05 
3849 2.06166e-05 
3850 2.06214e-05 
3851 2.06362e-05 
3852 2.0643e-05 
3853 2.06446e-05 
3854 2.08064e-05 
3855 2.08144e-05 
3856 2.08144e-05 
3857 2.08151e-05 
3858 2.08156e-05 
3859 2.08164e-05 
3860 2.08165e-05 
3861 2.08167e-05 
3862 2.08175e-05 
3863 2.08176e-05 
3864 2.08188e-05 
3865 2.08189e-05 
3866 2.082e-05 
3867 2.082e-05 
3868 2.08204e-05 
3869 2.08205e-05 
3870 2.08205e-05 
3871 2.08206e-05 
3872 2.08209e-05 
3873 2.08211e-05 
3874 2.08214e-05 
3875 2.08215e-05 
3876 2.08215e-05 
3877 2.08216e-05 
3878 2.08217e-05 
3879 2.08217e-05 
3880 2.08219e-05 
3881 2.0822e-05 
3882 2.0822e-05 
3883 2.08221e-05 
3884 2.08222e-05 
3885 2.08222e-05 
3886 2.08225e-05 
3887 2.08227e-05 
3888 2.08228e-05 
3889 2.08229e-05 
3890 2.0823e-05 
3891 2.08232e-05 
3892 2.08233e-05 
3893 2.08235e-05 
3894 2.08236e-05 
3895 2.08236e-05 
3896 2.08239e-05 
3897 2.08239e-05 
3898 2.08241e-05 
3899 2.08242e-05 
3900 2.08243e-05 
3901 2.08244e-05 
3902 2.08245e-05 
3903 2.08245e-05 
3904 2.08246e-05 
3905 2.08247e-05 
3906 2.08247e-05 
3907 2.08248e-05 
3908 2.08248e-05 
3909 2.08249e-05 
3910 2.0825e-05 
3911 2.08252e-05 
3912 2.08254e-05 
3913 2.08254e-05 
3914 2.08255e-05 
3915 2.08257e-05 
3916 2.08258e-05 
3917 2.08259e-05 
3918 2.08262e-05 
3919 2.08265e-05 
3920 2.08266e-05 
3921 2.08267e-05 
3922 2.0827e-05 
3923 2.08271e-05 
3924 2.08272e-05 
3925 2.08273e-05 
3926 2.08275e-05 
3927 2.08275e-05 
3928 2.08277e-05 
3929 2.08277e-05 
3930 2.08284e-05 
3931 2.08292e-05 
3932 2.08294e-05 
3933 2.08297e-05 
3934 2.0831e-05 
3935 2.08314e-05 
3936 2.08325e-05 
3937 2.08328e-05 
3938 2.08331e-05 
3939 2.08355e-05 
3940 2.08359e-05 
3941 2.08367e-05 
3942 2.08376e-05 
3943 2.08397e-05 
3944 2.08404e-05 
3945 2.08415e-05 
3946 2.08433e-05 
3947 2.0844e-05 
3948 2.0845e-05 
3949 2.08651e-05 
3950 2.08847e-05 
3951 2.09099e-05 
3952 2.09883e-05 
3953 2.14227e-05 
3954 2.14362e-05 
3955 2.14391e-05 
3956 2.14395e-05 
3957 2.14421e-05 
3958 2.14422e-05 
3959 2.14425e-05 
3960 2.14427e-05 
3961 2.14438e-05 
3962 2.14438e-05 
3963 2.1444e-05 
3964 2.14442e-05 
3965 2.14442e-05 
3966 2.14443e-05 
3967 2.14444e-05 
3968 2.14445e-05 
3969 2.14447e-05 
3970 2.14449e-05 
3971 2.14451e-05 
3972 2.14453e-05 
3973 2.14455e-05 
3974 2.14457e-05 
3975 2.14461e-05 
3976 2.14466e-05 
3977 2.14468e-05 
3978 2.14474e-05 
3979 2.14476e-05 
3980 2.14479e-05 
3981 2.14482e-05 
3982 2.14486e-05 
3983 2.14488e-05 
3984 2.14492e-05 
3985 2.14495e-05 
3986 2.14497e-05 
3987 2.145e-05 
3988 2.14502e-05 
3989 2.14506e-05 
3990 2.14508e-05 
3991 2.14511e-05 
3992 2.14514e-05 
3993 2.14517e-05 
3994 2.14519e-05 
3995 2.14522e-05 
3996 2.14528e-05 
3997 2.14532e-05 
3998 2.14537e-05 
3999 2.14541e-05 
4000 2.14546e-05 
4001 2.14549e-05 
4002 2.14553e-05 
4003 2.14559e-05 
4004 2.14571e-05 
4005 2.14584e-05 
4006 2.14589e-05 
4007 2.14598e-05 
4008 2.1461e-05 
4009 2.14638e-05 
4010 2.1467e-05 
4011 2.14835e-05 
4012 2.14893e-05 
4013 2.15538e-05 
4014 2.18397e-05 
4015 2.18487e-05 
4016 2.18487e-05 
4017 2.18528e-05 
4018 2.18528e-05 
4019 2.18528e-05 
4020 2.18528e-05 
4021 2.18529e-05 
4022 2.1853e-05 
4023 2.18531e-05 
4024 2.18532e-05 
4025 2.18535e-05 
4026 2.18535e-05 
4027 2.18536e-05 
4028 2.18536e-05 
4029 2.18537e-05 
4030 2.18537e-05 
4031 2.18538e-05 
4032 2.18539e-05 
4033 2.1854e-05 
4034 2.1854e-05 
4035 2.18541e-05 
4036 2.18541e-05 
4037 2.18542e-05 
4038 2.18542e-05 
4039 2.18542e-05 
4040 2.18543e-05 
4041 2.18543e-05 
4042 2.18543e-05 
4043 2.18544e-05 
4044 2.18544e-05 
4045 2.18544e-05 
4046 2.18545e-05 
4047 2.18546e-05 
4048 2.18547e-05 
4049 2.18547e-05 
4050 2.18548e-05 
4051 2.18549e-05 
4052 2.1855e-05 
4053 2.18551e-05 
4054 2.18552e-05 
4055 2.18554e-05 
4056 2.18555e-05 
4057 2.18556e-05 
4058 2.18556e-05 
4059 2.18557e-05 
4060 2.18558e-05 
4061 2.18558e-05 
4062 2.18559e-05 
4063 2.1856e-05 
4064 2.18561e-05 
4065 2.18561e-05 
4066 2.18562e-05 
4067 2.18563e-05 
4068 2.18564e-05 
4069 2.18565e-05 
4070 2.18566e-05 
4071 2.18566e-05 
4072 2.18568e-05 
4073 2.18569e-05 
4074 2.18569e-05 
4075 2.1857e-05 
4076 2.1857e-05 
4077 2.1857e-05 
4078 2.18572e-05 
4079 2.18573e-05 
4080 2.18573e-05 
4081 2.18573e-05 
4082 2.18574e-05 
4083 2.18576e-05 
4084 2.18576e-05 
4085 2.18577e-05 
4086 2.18577e-05 
4087 2.18578e-05 
4088 2.18579e-05 
4089 2.1858e-05 
4090 2.18581e-05 
4091 2.18583e-05 
4092 2.18584e-05 
4093 2.18585e-05 
4094 2.18585e-05 
4095 2.18586e-05 
4096 2.18587e-05 
4097 2.18588e-05 
4098 2.1859e-05 
4099 2.18592e-05 
4100 2.18593e-05 
4101 2.18593e-05 
4102 2.18597e-05 
4103 2.18597e-05 
4104 2.18598e-05 
4105 2.18599e-05 
4106 2.186e-05 
4107 2.18601e-05 
4108 2.18602e-05 
4109 2.18603e-05 
4110 2.18605e-05 
4111 2.18606e-05 
4112 2.18609e-05 
4113 2.18611e-05 
4114 2.18615e-05 
4115 2.18617e-05 
4116 2.18618e-05 
4117 2.18628e-05 
4118 2.18629e-05 
4119 2.1863e-05 
4120 2.18635e-05 
4121 2.18651e-05 
4122 2.18658e-05 
4123 2.18673e-05 
4124 2.18696e-05 
4125 2.18723e-05 
4126 2.18815e-05 
4127 2.18865e-05 
4128 2.18906e-05 
4129 2.19833e-05 
4130 2.20658e-05 
4131 2.21082e-05 
4132 2.2211e-05 
4133 2.25409e-05 
4134 2.25638e-05 
4135 2.25638e-05 
4136 2.25642e-05 
4137 2.25645e-05 
4138 2.25647e-05 
4139 2.25647e-05 
4140 2.25648e-05 
4141 2.25648e-05 
4142 2.2565e-05 
4143 2.25651e-05 
4144 2.25652e-05 
4145 2.25654e-05 
4146 2.25655e-05 
4147 2.25656e-05 
4148 2.25659e-05 
4149 2.25661e-05 
4150 2.25664e-05 
4151 2.25669e-05 
4152 2.25674e-05 
4153 2.25677e-05 
4154 2.25685e-05 
4155 2.25686e-05 
4156 2.2569e-05 
4157 2.25695e-05 
4158 2.25697e-05 
4159 2.25699e-05 
4160 2.25703e-05 
4161 2.25708e-05 
4162 2.2571e-05 
4163 2.25714e-05 
4164 2.25715e-05 
4165 2.25718e-05 
4166 2.25721e-05 
4167 2.25724e-05 
4168 2.25729e-05 
4169 2.25734e-05 
4170 2.25738e-05 
4171 2.25744e-05 
4172 2.25747e-05 
4173 2.25752e-05 
4174 2.25759e-05 
4175 2.25763e-05 
4176 2.25767e-05 
4177 2.25773e-05 
4178 2.25777e-05 
4179 2.25784e-05 
4180 2.25794e-05 
4181 2.25803e-05 
4182 2.25814e-05 
4183 2.25819e-05 
4184 2.25827e-05 
4185 2.25832e-05 
4186 2.25845e-05 
4187 2.2585e-05 
4188 2.259e-05 
4189 2.25907e-05 
4190 2.25919e-05 
4191 2.25961e-05 
4192 2.25983e-05 
4193 2.26004e-05 
4194 2.26125e-05 
4195 2.26262e-05 
4196 2.2651e-05 
4197 2.27693e-05 
4198 2.27746e-05 
4199 2.27746e-05 
4200 2.27759e-05 
4201 2.27762e-05 
4202 2.27763e-05 
4203 2.27763e-05 
4204 2.27763e-05 
4205 2.27764e-05 
4206 2.27764e-05 
4207 2.27764e-05 
4208 2.27764e-05 
4209 2.27764e-05 
4210 2.27765e-05 
4211 2.27765e-05 
4212 2.27765e-05 
4213 2.27765e-05 
4214 2.27765e-05 
4215 2.27766e-05 
4216 2.27766e-05 
4217 2.27766e-05 
4218 2.27767e-05 
4219 2.27767e-05 
4220 2.27767e-05 
4221 2.27768e-05 
4222 2.27768e-05 
4223 2.27769e-05 
4224 2.27769e-05 
4225 2.2777e-05 
4226 2.2777e-05 
4227 2.27771e-05 
4228 2.27771e-05 
4229 2.27772e-05 
4230 2.27773e-05 
4231 2.27773e-05 
4232 2.27773e-05 
4233 2.27774e-05 
4234 2.27774e-05 
4235 2.27775e-05 
4236 2.27775e-05 
4237 2.27776e-05 
4238 2.27777e-05 
4239 2.27777e-05 
4240 2.27778e-05 
4241 2.27778e-05 
4242 2.27779e-05 
4243 2.27779e-05 
4244 2.2778e-05 
4245 2.27781e-05 
4246 2.27781e-05 
4247 2.27782e-05 
4248 2.27782e-05 
4249 2.27782e-05 
4250 2.27782e-05 
4251 2.27783e-05 
4252 2.27783e-05 
4253 2.27784e-05 
4254 2.27784e-05 
4255 2.27785e-05 
4256 2.27785e-05 
4257 2.27786e-05 
4258 2.27786e-05 
4259 2.27787e-05 
4260 2.27788e-05 
4261 2.27788e-05 
4262 2.27789e-05 
4263 2.27789e-05 
4264 2.2779e-05 
4265 2.27792e-05 
4266 2.27793e-05 
4267 2.27794e-05 
4268 2.27794e-05 
4269 2.27796e-05 
4270 2.27797e-05 
4271 2.27797e-05 
4272 2.27799e-05 
4273 2.278e-05 
4274 2.27801e-05 
4275 2.27802e-05 
4276 2.27803e-05 
4277 2.27804e-05 
4278 2.27806e-05 
4279 2.27807e-05 
4280 2.27808e-05 
4281 2.27809e-05 
4282 2.27811e-05 
4283 2.27813e-05 
4284 2.27814e-05 
4285 2.27816e-05 
4286 2.27817e-05 
4287 2.27818e-05 
4288 2.27825e-05 
4289 2.27827e-05 
4290 2.27848e-05 
4291 2.2786e-05 
4292 2.27874e-05 
4293 2.27881e-05 
4294 2.27894e-05 
4295 2.2792e-05 
4296 2.28771e-05 
4297 2.30585e-05 
4298 2.30638e-05 
4299 2.30647e-05 
4300 2.30652e-05 
4301 2.30653e-05 
4302 2.30654e-05 
4303 2.30657e-05 
4304 2.30659e-05 
4305 2.30659e-05 
4306 2.3066e-05 
4307 2.30662e-05 
4308 2.30663e-05 
4309 2.30664e-05 
4310 2.30666e-05 
4311 2.30667e-05 
4312 2.3067e-05 
4313 2.30672e-05 
4314 2.30675e-05 
4315 2.30678e-05 
4316 2.3068e-05 
4317 2.30682e-05 
4318 2.30685e-05 
4319 2.30687e-05 
4320 2.30691e-05 
4321 2.30695e-05 
4322 2.30699e-05 
4323 2.30702e-05 
4324 2.30704e-05 
4325 2.30708e-05 
4326 2.30713e-05 
4327 2.30717e-05 
4328 2.30724e-05 
4329 2.30731e-05 
4330 2.30742e-05 
4331 2.30752e-05 
4332 2.30764e-05 
4333 2.30783e-05 
4334 2.30801e-05 
4335 2.30826e-05 
4336 2.30839e-05 
4337 2.30852e-05 
4338 2.30913e-05 
4339 2.31057e-05 
4340 2.32064e-05 
4341 2.44577e-05 
4342 2.45157e-05 
4343 2.45307e-05 
4344 2.45308e-05 
4345 2.45354e-05 
4346 2.45377e-05 
4347 2.45382e-05 
4348 2.45384e-05 
4349 2.45386e-05 
4350 2.45388e-05 
4351 2.45393e-05 
4352 2.45396e-05 
4353 2.45397e-05 
4354 2.45399e-05 
4355 2.45399e-05 
4356 2.454e-05 
4357 2.45401e-05 
4358 2.45403e-05 
4359 2.45404e-05 
4360 2.45406e-05 
4361 2.45408e-05 
4362 2.45409e-05 
4363 2.4541e-05 
4364 2.45412e-05 
4365 2.45414e-05 
4366 2.45417e-05 
4367 2.4542e-05 
4368 2.45424e-05 
4369 2.45427e-05 
4370 2.45428e-05 
4371 2.45432e-05 
4372 2.45437e-05 
4373 2.4544e-05 
4374 2.45447e-05 
4375 2.45457e-05 
4376 2.45462e-05 
4377 2.45468e-05 
4378 2.45473e-05 
4379 2.45478e-05 
4380 2.45481e-05 
4381 2.45495e-05 
4382 2.45503e-05 
4383 2.45506e-05 
4384 2.45512e-05 
4385 2.45516e-05 
4386 2.45525e-05 
4387 2.45531e-05 
4388 2.45534e-05 
4389 2.45543e-05 
4390 2.45551e-05 
4391 2.45556e-05 
4392 2.45559e-05 
4393 2.45572e-05 
4394 2.45577e-05 
4395 2.45583e-05 
4396 2.45595e-05 
4397 2.45598e-05 
4398 2.45602e-05 
4399 2.45606e-05 
4400 2.45612e-05 
4401 2.45621e-05 
4402 2.45627e-05 
4403 2.45634e-05 
4404 2.45658e-05 
4405 2.45664e-05 
4406 2.45675e-05 
4407 2.4568e-05 
4408 2.45702e-05 
4409 2.45719e-05 
4410 2.45724e-05 
4411 2.45731e-05 
4412 2.45756e-05 
4413 2.45778e-05 
4414 2.45784e-05 
4415 2.45804e-05 
4416 2.45817e-05 
4417 2.45827e-05 
4418 2.45831e-05 
4419 2.45839e-05 
4420 2.45864e-05 
4421 2.45868e-05 
4422 2.45878e-05 
4423 2.45883e-05 
4424 2.45897e-05 
4425 2.45929e-05 
4426 2.45949e-05 
4427 2.45981e-05 
4428 2.46028e-05 
4429 2.46057e-05 
4430 2.46126e-05 
4431 2.46143e-05 
4432 2.46197e-05 
4433 2.46246e-05 
4434 2.46324e-05 
4435 2.46488e-05 
4436 2.46639e-05 
4437 2.46742e-05 
4438 2.47039e-05 
4439 2.47384e-05 
4440 2.48822e-05 
4441 2.48881e-05 
4442 2.48881e-05 
4443 2.48889e-05 
4444 2.48891e-05 
4445 2.48896e-05 
4446 2.48898e-05 
4447 2.48901e-05 
4448 2.48902e-05 
4449 2.48903e-05 
4450 2.48906e-05 
4451 2.48909e-05 
4452 2.48914e-05 
4453 2.48917e-05 
4454 2.48921e-05 
4455 2.48925e-05 
4456 2.48931e-05 
4457 2.48936e-05 
4458 2.48942e-05 
4459 2.48947e-05 
4460 2.48954e-05 
4461 2.48962e-05 
4462 2.48975e-05 
4463 2.48996e-05 
4464 2.49027e-05 
4465 2.49046e-05 
4466 2.49072e-05 
4467 2.49121e-05 
4468 2.49269e-05 
4469 2.59645e-05 
4470 2.60286e-05 
4471 2.60293e-05 
4472 2.60324e-05 
4473 2.60332e-05 
4474 2.60339e-05 
4475 2.60345e-05 
4476 2.60353e-05 
4477 2.60364e-05 
4478 2.60372e-05 
4479 2.60386e-05 
4480 2.60397e-05 
4481 2.60409e-05 
4482 2.60422e-05 
4483 2.60435e-05 
4484 2.60462e-05 
4485 2.60477e-05 
4486 2.60492e-05 
4487 2.60513e-05 
4488 2.60528e-05 
4489 2.60549e-05 
4490 2.60567e-05 
4491 2.60585e-05 
4492 2.60609e-05 
4493 2.60629e-05 
4494 2.60645e-05 
4495 2.60672e-05 
4496 2.607e-05 
4497 2.60722e-05 
4498 2.60758e-05 
4499 2.60788e-05 
4500 2.60814e-05 
4501 2.60898e-05 
4502 2.60992e-05 
4503 2.61079e-05 
4504 2.61252e-05 
4505 2.61378e-05 
4506 2.61509e-05 
4507 2.61736e-05 
4508 2.6234e-05 
4509 2.63716e-05 
4510 2.63782e-05 
4511 2.6379e-05 
4512 2.63791e-05 
4513 2.63798e-05 
4514 2.63798e-05 
4515 2.63802e-05 
4516 2.63803e-05 
4517 2.63803e-05 
4518 2.63804e-05 
4519 2.63804e-05 
4520 2.63805e-05 
4521 2.63805e-05 
4522 2.63805e-05 
4523 2.63805e-05 
4524 2.63806e-05 
4525 2.63807e-05 
4526 2.63808e-05 
4527 2.63808e-05 
4528 2.63809e-05 
4529 2.63809e-05 
4530 2.63809e-05 
4531 2.63809e-05 
4532 2.63809e-05 
4533 2.63811e-05 
4534 2.63811e-05 
4535 2.63812e-05 
4536 2.63812e-05 
4537 2.63812e-05 
4538 2.63813e-05 
4539 2.63813e-05 
4540 2.63814e-05 
4541 2.63816e-05 
4542 2.63816e-05 
4543 2.63817e-05 
4544 2.63817e-05 
4545 2.63818e-05 
4546 2.63818e-05 
4547 2.63819e-05 
4548 2.6382e-05 
4549 2.6382e-05 
4550 2.63821e-05 
4551 2.63822e-05 
4552 2.63823e-05 
4553 2.63823e-05 
4554 2.63824e-05 
4555 2.63824e-05 
4556 2.63825e-05 
4557 2.63826e-05 
4558 2.63827e-05 
4559 2.63827e-05 
4560 2.63828e-05 
4561 2.63829e-05 
4562 2.6383e-05 
4563 2.63831e-05 
4564 2.63832e-05 
4565 2.63832e-05 
4566 2.63833e-05 
4567 2.63834e-05 
4568 2.63835e-05 
4569 2.63836e-05 
4570 2.63836e-05 
4571 2.63837e-05 
4572 2.63838e-05 
4573 2.6384e-05 
4574 2.63841e-05 
4575 2.63842e-05 
4576 2.63843e-05 
4577 2.63845e-05 
4578 2.63845e-05 
4579 2.63847e-05 
4580 2.63848e-05 
4581 2.63848e-05 
4582 2.6385e-05 
4583 2.63852e-05 
4584 2.63853e-05 
4585 2.63854e-05 
4586 2.63855e-05 
4587 2.63858e-05 
4588 2.63859e-05 
4589 2.6386e-05 
4590 2.63863e-05 
4591 2.63865e-05 
4592 2.6387e-05 
4593 2.63872e-05 
4594 2.63878e-05 
4595 2.63881e-05 
4596 2.63885e-05 
4597 2.63891e-05 
4598 2.63895e-05 
4599 2.63901e-05 
4600 2.63907e-05 
4601 2.63909e-05 
4602 2.63915e-05 
4603 2.6392e-05 
4604 2.63923e-05 
4605 2.6393e-05 
4606 2.63933e-05 
4607 2.63941e-05 
4608 2.63984e-05 
4609 2.64076e-05 
4610 2.6418e-05 
4611 2.70449e-05 
4612 2.70769e-05 
4613 2.70843e-05 
4614 2.70852e-05 
4615 2.70858e-05 
4616 2.70861e-05 
4617 2.70862e-05 
4618 2.70864e-05 
4619 2.70867e-05 
4620 2.70871e-05 
4621 2.70875e-05 
4622 2.70879e-05 
4623 2.70883e-05 
4624 2.7089e-05 
4625 2.70898e-05 
4626 2.70903e-05 
4627 2.70922e-05 
4628 2.70927e-05 
4629 2.70933e-05 
4630 2.70943e-05 
4631 2.70948e-05 
4632 2.70956e-05 
4633 2.70962e-05 
4634 2.70968e-05 
4635 2.70975e-05 
4636 2.70984e-05 
4637 2.7099e-05 
4638 2.71e-05 
4639 2.71026e-05 
4640 2.71043e-05 
4641 2.71049e-05 
4642 2.71057e-05 
4643 2.71071e-05 
4644 2.71083e-05 
4645 2.71093e-05 
4646 2.71107e-05 
4647 2.71115e-05 
4648 2.71132e-05 
4649 2.7115e-05 
4650 2.71167e-05 
4651 2.71185e-05 
4652 2.7121e-05 
4653 2.7129e-05 
4654 2.71393e-05 
4655 2.71446e-05 
4656 2.71547e-05 
4657 2.71686e-05 
4658 2.71849e-05 
4659 2.72156e-05 
4660 2.73213e-05 
4661 3.18839e-05 
4662 3.20754e-05 
4663 3.20821e-05 
4664 3.20885e-05 
4665 3.20902e-05 
4666 3.20926e-05 
4667 3.20965e-05 
4668 3.21021e-05 
4669 3.21126e-05 
4670 3.21237e-05 
4671 3.21326e-05 
4672 3.21421e-05 
4673 3.21531e-05 
4674 3.21674e-05 
4675 3.21839e-05 
4676 3.22031e-05 
4677 3.22516e-05 
4678 3.23275e-05 
4679 3.24087e-05 
4680 3.28099e-05 
4681 3.28261e-05 
4682 3.28268e-05 
4683 3.28278e-05 
4684 3.2828e-05 
4685 3.28281e-05 
4686 3.28282e-05 
4687 3.28283e-05 
4688 3.28284e-05 
4689 3.28285e-05 
4690 3.28286e-05 
4691 3.28287e-05 
4692 3.28289e-05 
4693 3.2829e-05 
4694 3.28292e-05 
4695 3.28294e-05 
4696 3.28297e-05 
4697 3.283e-05 
4698 3.28302e-05 
4699 3.28303e-05 
4700 3.28306e-05 
4701 3.28309e-05 
4702 3.28313e-05 
4703 3.28316e-05 
4704 3.28318e-05 
4705 3.28321e-05 
4706 3.28324e-05 
4707 3.28327e-05 
4708 3.28331e-05 
4709 3.28333e-05 
4710 3.28337e-05 
4711 3.28341e-05 
4712 3.28347e-05 
4713 3.2835e-05 
4714 3.28356e-05 
4715 3.28359e-05 
4716 3.28364e-05 
4717 3.28369e-05 
4718 3.28373e-05 
4719 3.28378e-05 
4720 3.28382e-05 
4721 3.28387e-05 
4722 3.28392e-05 
4723 3.284e-05 
4724 3.28412e-05 
4725 3.28421e-05 
4726 3.28432e-05 
4727 3.28443e-05 
4728 3.28457e-05 
4729 3.28471e-05 
4730 3.28493e-05 
4731 3.28505e-05 
4732 3.28525e-05 
4733 3.28553e-05 
4734 3.28576e-05 
4735 3.28609e-05 
4736 3.28679e-05 
4737 3.2872e-05 
4738 3.29165e-05 
4739 3.57857e-05 
4740 3.5903e-05 
4741 3.59032e-05 
4742 3.59049e-05 
4743 3.59049e-05 
4744 3.59051e-05 
4745 3.59053e-05 
4746 3.5907e-05 
4747 3.59075e-05 
4748 3.59086e-05 
4749 3.59089e-05 
4750 3.59097e-05 
4751 3.59104e-05 
4752 3.59111e-05 
4753 3.59123e-05 
4754 3.59128e-05 
4755 3.59135e-05 
4756 3.59142e-05 
4757 3.59149e-05 
4758 3.59158e-05 
4759 3.59164e-05 
4760 3.59177e-05 
4761 3.59184e-05 
4762 3.59195e-05 
4763 3.59204e-05 
4764 3.59218e-05 
4765 3.59234e-05 
4766 3.59254e-05 
4767 3.59266e-05 
4768 3.5928e-05 
4769 3.59308e-05 
4770 3.59317e-05 
4771 3.59339e-05 
4772 3.5935e-05 
4773 3.5937e-05 
4774 3.59386e-05 
4775 3.59408e-05 
4776 3.59423e-05 
4777 3.59443e-05 
4778 3.59455e-05 
4779 3.59476e-05 
4780 3.59502e-05 
4781 3.59542e-05 
4782 3.5956e-05 
4783 3.5959e-05 
4784 3.59615e-05 
4785 3.59644e-05 
4786 3.5967e-05 
4787 3.59699e-05 
4788 3.59721e-05 
4789 3.59774e-05 
4790 3.59812e-05 
4791 3.59838e-05 
4792 3.59871e-05 
4793 3.59952e-05 
4794 3.60067e-05 
4795 3.60181e-05 
4796 3.60479e-05 
4797 3.60736e-05 
4798 3.6094e-05 
4799 3.61272e-05 
4800 3.61624e-05 
4801 3.62337e-05 
4802 3.62777e-05 
4803 3.72434e-05 
4804 3.72968e-05 
4805 3.72972e-05 
4806 3.72974e-05 
4807 3.72977e-05 
4808 3.72978e-05 
4809 3.72979e-05 
4810 3.72984e-05 
4811 3.72988e-05 
4812 3.72993e-05 
4813 3.72999e-05 
4814 3.73002e-05 
4815 3.73003e-05 
4816 3.73007e-05 
4817 3.73008e-05 
4818 3.73012e-05 
4819 3.73013e-05 
4820 3.73014e-05 
4821 3.73015e-05 
4822 3.73016e-05 
4823 3.73017e-05 
4824 3.73018e-05 
4825 3.7302e-05 
4826 3.73021e-05 
4827 3.73023e-05 
4828 3.73025e-05 
4829 3.73026e-05 
4830 3.73028e-05 
4831 3.73034e-05 
4832 3.73036e-05 
4833 3.73038e-05 
4834 3.7304e-05 
4835 3.73043e-05 
4836 3.73045e-05 
4837 3.73047e-05 
4838 3.73053e-05 
4839 3.73054e-05 
4840 3.73057e-05 
4841 3.73062e-05 
4842 3.73065e-05 
4843 3.73071e-05 
4844 3.73076e-05 
4845 3.73078e-05 
4846 3.73082e-05 
4847 3.73085e-05 
4848 3.73089e-05 
4849 3.73094e-05 
4850 3.73099e-05 
4851 3.73105e-05 
4852 3.73111e-05 
4853 3.73113e-05 
4854 3.73118e-05 
4855 3.7312e-05 
4856 3.73128e-05 
4857 3.73133e-05 
4858 3.73136e-05 
4859 3.7314e-05 
4860 3.73142e-05 
4861 3.73144e-05 
4862 3.73147e-05 
4863 3.7315e-05 
4864 3.73154e-05 
4865 3.73157e-05 
4866 3.73162e-05 
4867 3.73168e-05 
4868 3.73172e-05 
4869 3.73185e-05 
4870 3.73188e-05 
4871 3.73192e-05 
4872 3.73196e-05 
4873 3.73198e-05 
4874 3.732e-05 
4875 3.73205e-05 
4876 3.73209e-05 
4877 3.73216e-05 
4878 3.73228e-05 
4879 3.73232e-05 
4880 3.73239e-05 
4881 3.73244e-05 
4882 3.73249e-05 
4883 3.73254e-05 
4884 3.73257e-05 
4885 3.73267e-05 
4886 3.73284e-05 
4887 3.73295e-05 
4888 3.73308e-05 
4889 3.73317e-05 
4890 3.73338e-05 
4891 3.7335e-05 
4892 3.7336e-05 
4893 3.73374e-05 
4894 3.73392e-05 
4895 3.73404e-05 
4896 3.73419e-05 
4897 3.73439e-05 
4898 3.73456e-05 
4899 3.73481e-05 
4900 3.73524e-05 
4901 3.73548e-05 
4902 3.73587e-05 
4903 3.7364e-05 
4904 3.73681e-05 
4905 3.73803e-05 
4906 3.73842e-05 
4907 3.7389e-05 
4908 3.7393e-05 
4909 3.73985e-05 
4910 3.74274e-05 
4911 3.74367e-05 
4912 3.76514e-05 
4913 4.05075e-05 
4914 4.06459e-05 
4915 4.06451e-05 
4916 4.06449e-05 
4917 4.06449e-05 
4918 4.06449e-05 
4919 4.06451e-05 
4920 4.06452e-05 
4921 4.06455e-05 
4922 4.06459e-05 
4923 4.06461e-05 
4924 4.06464e-05 
4925 4.06471e-05 
4926 4.06485e-05 
4927 4.06503e-05 
4928 4.06518e-05 
4929 4.06537e-05 
4930 4.06562e-05 
4931 4.06582e-05 
4932 4.0661e-05 
4933 4.06634e-05 
4934 4.06654e-05 
4935 4.0667e-05 
4936 4.06709e-05 
4937 4.06728e-05 
4938 4.06753e-05 
4939 4.0679e-05 
4940 4.06811e-05 
4941 4.06842e-05 
4942 4.06873e-05 
4943 4.06935e-05 
4944 4.06988e-05 
4945 4.07029e-05 
4946 4.07074e-05 
4947 4.07118e-05 
4948 4.07167e-05 
4949 4.07232e-05 
4950 4.07382e-05 
4951 4.0756e-05 
4952 4.07777e-05 
4953 4.07973e-05 
4954 4.08244e-05 
4955 4.08542e-05 
4956 4.08845e-05 
4957 4.12218e-05 
4958 4.12385e-05 
4959 4.12385e-05 
4960 4.12385e-05 
4961 4.12385e-05 
4962 4.12385e-05 
4963 4.12385e-05 
4964 4.12385e-05 
4965 4.12386e-05 
4966 4.12386e-05 
4967 4.12387e-05 
4968 4.12387e-05 
4969 4.12389e-05 
4970 4.1239e-05 
4971 4.1239e-05 
4972 4.1239e-05 
4973 4.1239e-05 
4974 4.12391e-05 
4975 4.12391e-05 
4976 4.12391e-05 
4977 4.12392e-05 
4978 4.12392e-05 
4979 4.12392e-05 
4980 4.12392e-05 
4981 4.12393e-05 
4982 4.12393e-05 
4983 4.12393e-05 
4984 4.12394e-05 
4985 4.12394e-05 
4986 4.12394e-05 
4987 4.12395e-05 
4988 4.12395e-05 
4989 4.12396e-05 
4990 4.12396e-05 
4991 4.12397e-05 
4992 4.12397e-05 
4993 4.12397e-05 
4994 4.12398e-05 
4995 4.12398e-05 
4996 4.12399e-05 
4997 4.124e-05 
4998 4.12401e-05 
4999 4.12402e-05 
5000 4.12404e-05 
5001 4.12405e-05 
5002 4.12406e-05 
5003 4.12407e-05 
5004 4.12407e-05 
5005 4.12408e-05 
5006 4.1241e-05 
5007 4.1241e-05 
5008 4.12411e-05 
5009 4.12411e-05 
5010 4.12412e-05 
5011 4.12412e-05 
5012 4.12412e-05 
5013 4.12413e-05 
5014 4.12414e-05 
5015 4.12416e-05 
5016 4.12417e-05 
5017 4.12417e-05 
5018 4.12419e-05 
5019 4.1242e-05 
5020 4.1242e-05 
5021 4.1242e-05 
5022 4.12421e-05 
5023 4.12423e-05 
5024 4.12423e-05 
5025 4.12424e-05 
5026 4.12426e-05 
5027 4.12426e-05 
5028 4.12427e-05 
5029 4.12428e-05 
5030 4.1243e-05 
5031 4.12431e-05 
5032 4.12432e-05 
5033 4.12433e-05 
5034 4.12434e-05 
5035 4.12435e-05 
5036 4.12436e-05 
5037 4.12437e-05 
5038 4.12439e-05 
5039 4.12442e-05 
5040 4.12445e-05 
5041 4.12446e-05 
5042 4.12448e-05 
5043 4.12451e-05 
5044 4.12452e-05 
5045 4.12454e-05 
5046 4.12456e-05 
5047 4.1246e-05 
5048 4.12462e-05 
5049 4.12464e-05 
5050 4.12465e-05 
5051 4.12468e-05 
5052 4.12471e-05 
5053 4.12475e-05 
5054 4.1248e-05 
5055 4.12482e-05 
5056 4.12483e-05 
5057 4.12487e-05 
5058 4.1249e-05 
5059 4.12495e-05 
5060 4.12498e-05 
5061 4.12502e-05 
5062 4.12509e-05 
5063 4.12512e-05 
5064 4.12518e-05 
5065 4.12524e-05 
5066 4.12527e-05 
5067 4.12531e-05 
5068 4.12539e-05 
5069 4.12548e-05 
5070 4.12555e-05 
5071 4.12572e-05 
5072 4.12663e-05 
5073 4.1273e-05 
5074 4.12817e-05 
5075 4.12861e-05 
5076 4.14671e-05 
5077 4.1477e-05 
5078 4.1477e-05 
5079 4.1477e-05 
5080 4.1477e-05 
5081 4.1477e-05 
5082 4.1477e-05 
5083 4.1477e-05 
5084 4.14771e-05 
5085 4.14771e-05 
5086 4.14771e-05 
5087 4.14771e-05 
5088 4.14771e-05 
5089 4.14772e-05 
5090 4.14772e-05 
5091 4.14772e-05 
5092 4.14773e-05 
5093 4.14773e-05 
5094 4.14773e-05 
5095 4.14774e-05 
5096 4.14775e-05 
5097 4.14775e-05 
5098 4.14776e-05 
5099 4.14777e-05 
5100 4.14777e-05 
5101 4.14778e-05 
5102 4.14779e-05 
5103 4.14779e-05 
5104 4.14779e-05 
5105 4.14779e-05 
5106 4.14779e-05 
5107 4.1478e-05 
5108 4.1478e-05 
5109 4.14781e-05 
5110 4.14781e-05 
5111 4.14782e-05 
5112 4.14782e-05 
5113 4.14782e-05 
5114 4.14783e-05 
5115 4.14783e-05 
5116 4.14784e-05 
5117 4.14785e-05 
5118 4.14786e-05 
5119 4.14786e-05 
5120 4.14786e-05 
5121 4.14787e-05 
5122 4.14787e-05 
5123 4.14788e-05 
5124 4.14789e-05 
5125 4.1479e-05 
5126 4.14791e-05 
5127 4.14791e-05 
5128 4.14792e-05 
5129 4.14792e-05 
5130 4.14793e-05 
5131 4.14794e-05 
5132 4.14795e-05 
5133 4.14795e-05 
5134 4.14796e-05 
5135 4.14796e-05 
5136 4.14796e-05 
5137 4.14797e-05 
5138 4.14797e-05 
5139 4.14798e-05 
5140 4.14799e-05 
5141 4.14799e-05 
5142 4.14799e-05 
5143 4.148e-05 
5144 4.148e-05 
5145 4.14801e-05 
5146 4.14801e-05 
5147 4.14802e-05 
5148 4.14803e-05 
5149 4.14804e-05 
5150 4.14805e-05 
5151 4.14806e-05 
5152 4.14806e-05 
5153 4.14807e-05 
5154 4.14807e-05 
5155 4.14809e-05 
5156 4.1481e-05 
5157 4.14811e-05 
5158 4.14813e-05 
5159 4.14814e-05 
5160 4.14815e-05 
5161 4.14816e-05 
5162 4.14818e-05 
5163 4.1482e-05 
5164 4.14821e-05 
5165 4.14822e-05 
5166 4.14823e-05 
5167 4.14824e-05 
5168 4.14825e-05 
5169 4.14826e-05 
5170 4.14827e-05 
5171 4.14829e-05 
5172 4.14829e-05 
5173 4.1483e-05 
5174 4.14833e-05 
5175 4.14835e-05 
5176 4.14836e-05 
5177 4.14839e-05 
5178 4.14841e-05 
5179 4.14843e-05 
5180 4.14847e-05 
5181 4.14851e-05 
5182 4.14856e-05 
5183 4.1486e-05 
5184 4.14874e-05 
5185 4.14887e-05 
5186 4.14893e-05 
5187 4.14898e-05 
5188 4.149e-05 
5189 4.1494e-05 
5190 4.14949e-05 
5191 4.14972e-05 
5192 4.14989e-05 
5193 4.15031e-05 
5194 4.1505e-05 
5195 4.15071e-05 
5196 4.15093e-05 
5197 4.1514e-05 
5198 4.15483e-05 
5199 4.30378e-05 
5200 4.31241e-05 
5201 4.31241e-05 
5202 4.31241e-05 
5203 4.31237e-05 
5204 4.31235e-05 
5205 4.31234e-05 
5206 4.31233e-05 
5207 4.31231e-05 
5208 4.31231e-05 
5209 4.31231e-05 
5210 4.31231e-05 
5211 4.31232e-05 
5212 4.31236e-05 
5213 4.31238e-05 
5214 4.31242e-05 
5215 4.31247e-05 
5216 4.31254e-05 
5217 4.31261e-05 
5218 4.31278e-05 
5219 4.31301e-05 
5220 4.31326e-05 
5221 4.31359e-05 
5222 4.31385e-05 
5223 4.31424e-05 
5224 4.3146e-05 
5225 4.31503e-05 
5226 4.31555e-05 
5227 4.31615e-05 
5228 4.31723e-05 
5229 4.31867e-05 
5230 4.31988e-05 
5231 4.32149e-05 
5232 4.32434e-05 
5233 4.32625e-05 
5234 4.32866e-05 
5235 4.33163e-05 
5236 4.33551e-05 
5237 4.33979e-05 
5238 4.36205e-05 
5239 4.36299e-05 
5240 4.36299e-05 
5241 4.36298e-05 
5242 4.36298e-05 
5243 4.36298e-05 
5244 4.36298e-05 
5245 4.36298e-05 
5246 4.36298e-05 
5247 4.36298e-05 
5248 4.36298e-05 
5249 4.36298e-05 
5250 4.36298e-05 
5251 4.36299e-05 
5252 4.36299e-05 
5253 4.36299e-05 
5254 4.36299e-05 
5255 4.36299e-05 
5256 4.363e-05 
5257 4.363e-05 
5258 4.363e-05 
5259 4.36301e-05 
5260 4.36301e-05 
5261 4.36301e-05 
5262 4.36301e-05 
5263 4.36301e-05 
5264 4.36301e-05 
5265 4.36302e-05 
5266 4.36302e-05 
5267 4.36302e-05 
5268 4.36303e-05 
5269 4.36303e-05 
5270 4.36304e-05 
5271 4.36304e-05 
5272 4.36305e-05 
5273 4.36305e-05 
5274 4.36305e-05 
5275 4.36305e-05 
5276 4.36305e-05 
5277 4.36306e-05 
5278 4.36306e-05 
5279 4.36306e-05 
5280 4.36306e-05 
5281 4.36307e-05 
5282 4.36307e-05 
5283 4.36307e-05 
5284 4.36308e-05 
5285 4.36308e-05 
5286 4.36308e-05 
5287 4.36309e-05 
5288 4.36309e-05 
5289 4.36309e-05 
5290 4.3631e-05 
5291 4.3631e-05 
5292 4.36311e-05 
5293 4.36312e-05 
5294 4.36312e-05 
5295 4.36312e-05 
5296 4.36313e-05 
5297 4.36313e-05 
5298 4.36314e-05 
5299 4.36314e-05 
5300 4.36315e-05 
5301 4.36315e-05 
5302 4.36316e-05 
5303 4.36317e-05 
5304 4.36317e-05 
5305 4.36317e-05 
5306 4.36318e-05 
5307 4.36319e-05 
5308 4.3632e-05 
5309 4.36321e-05 
5310 4.36321e-05 
5311 4.36321e-05 
5312 4.36322e-05 
5313 4.36323e-05 
5314 4.36325e-05 
5315 4.36326e-05 
5316 4.36326e-05 
5317 4.36327e-05 
5318 4.36327e-05 
5319 4.36328e-05 
5320 4.36329e-05 
5321 4.3633e-05 
5322 4.3633e-05 
5323 4.36331e-05 
5324 4.36332e-05 
5325 4.36333e-05 
5326 4.36334e-05 
5327 4.36335e-05 
5328 4.36336e-05 
5329 4.36338e-05 
5330 4.36339e-05 
5331 4.36339e-05 
5332 4.3634e-05 
5333 4.36341e-05 
5334 4.36342e-05 
5335 4.36343e-05 
5336 4.36343e-05 
5337 4.36345e-05 
5338 4.36349e-05 
5339 4.36349e-05 
5340 4.36352e-05 
5341 4.36353e-05 
5342 4.36354e-05 
5343 4.36357e-05 
5344 4.36358e-05 
5345 4.3636e-05 
5346 4.36361e-05 
5347 4.36364e-05 
5348 4.36366e-05 
5349 4.36367e-05 
5350 4.36369e-05 
5351 4.36372e-05 
5352 4.36373e-05 
5353 4.36377e-05 
5354 4.36378e-05 
5355 4.36382e-05 
5356 4.36383e-05 
5357 4.36386e-05 
5358 4.36389e-05 
5359 4.36392e-05 
5360 4.36398e-05 
5361 4.36401e-05 
5362 4.36403e-05 
5363 4.36408e-05 
5364 4.36416e-05 
5365 4.36429e-05 
5366 4.36443e-05 
5367 4.36447e-05 
5368 4.36454e-05 
5369 4.36468e-05 
5370 4.36475e-05 
5371 4.36496e-05 
5372 4.36506e-05 
5373 4.36517e-05 
5374 4.36527e-05 
5375 4.36748e-05 
5376 4.36867e-05 
5377 4.42738e-05 
5378 4.43062e-05 
5379 4.4306e-05 
5380 4.4306e-05 
5381 4.43059e-05 
5382 4.43059e-05 
5383 4.43057e-05 
5384 4.43057e-05 
5385 4.43057e-05 
5386 4.43057e-05 
5387 4.43058e-05 
5388 4.43059e-05 
5389 4.43059e-05 
5390 4.43059e-05 
5391 4.4306e-05 
5392 4.4306e-05 
5393 4.43061e-05 
5394 4.43062e-05 
5395 4.43063e-05 
5396 4.43063e-05 
5397 4.43063e-05 
5398 4.43064e-05 
5399 4.43064e-05 
5400 4.43064e-05 
5401 4.43065e-05 
5402 4.43065e-05 
5403 4.43065e-05 
5404 4.43066e-05 
5405 4.43067e-05 
5406 4.43068e-05 
5407 4.43068e-05 
5408 4.4307e-05 
5409 4.4307e-05 
5410 4.43071e-05 
5411 4.43071e-05 
5412 4.43072e-05 
5413 4.43074e-05 
5414 4.43075e-05 
5415 4.43076e-05 
5416 4.43077e-05 
5417 4.43079e-05 
5418 4.4308e-05 
5419 4.43082e-05 
5420 4.43083e-05 
5421 4.43085e-05 
5422 4.43086e-05 
5423 4.43089e-05 
5424 4.43092e-05 
5425 4.43093e-05 
5426 4.43096e-05 
5427 4.43098e-05 
5428 4.43099e-05 
5429 4.43101e-05 
5430 4.43103e-05 
5431 4.43105e-05 
5432 4.43107e-05 
5433 4.43108e-05 
5434 4.43111e-05 
5435 4.43113e-05 
5436 4.43117e-05 
5437 4.43119e-05 
5438 4.4312e-05 
5439 4.43122e-05 
5440 4.43125e-05 
5441 4.43126e-05 
5442 4.43129e-05 
5443 4.43131e-05 
5444 4.43132e-05 
5445 4.43133e-05 
5446 4.43134e-05 
5447 4.43135e-05 
5448 4.43138e-05 
5449 4.43144e-05 
5450 4.43149e-05 
5451 4.43151e-05 
5452 4.43153e-05 
5453 4.43157e-05 
5454 4.43159e-05 
5455 4.43163e-05 
5456 4.43166e-05 
5457 4.43167e-05 
5458 4.43171e-05 
5459 4.43175e-05 
5460 4.43176e-05 
5461 4.4318e-05 
5462 4.43182e-05 
5463 4.43184e-05 
5464 4.43189e-05 
5465 4.43193e-05 
5466 4.43195e-05 
5467 4.432e-05 
5468 4.43202e-05 
5469 4.43211e-05 
5470 4.43217e-05 
5471 4.43221e-05 
5472 4.43225e-05 
5473 4.4323e-05 
5474 4.43239e-05 
5475 4.43254e-05 
5476 4.43279e-05 
5477 4.43294e-05 
5478 4.43318e-05 
5479 4.43353e-05 
5480 4.43377e-05 
5481 4.43399e-05 
5482 4.43445e-05 
5483 4.43527e-05 
5484 4.43557e-05 
5485 4.43588e-05 
5486 4.43665e-05 
5487 4.43707e-05 
5488 4.43887e-05 
5489 4.44041e-05 
5490 4.44229e-05 
5491 4.44402e-05 
5492 4.45649e-05 
5493 4.66331e-05 
5494 4.67309e-05 
5495 4.67297e-05 
5496 4.67287e-05 
5497 4.67278e-05 
5498 4.67276e-05 
5499 4.67274e-05 
5500 4.67274e-05 
5501 4.67275e-05 
5502 4.67277e-05 
5503 4.6728e-05 
5504 4.67284e-05 
5505 4.67289e-05 
5506 4.67298e-05 
5507 4.67311e-05 
5508 4.67322e-05 
5509 4.67338e-05 
5510 4.67349e-05 
5511 4.67362e-05 
5512 4.67379e-05 
5513 4.67392e-05 
5514 4.67405e-05 
5515 4.67418e-05 
5516 4.6743e-05 
5517 4.6745e-05 
5518 4.67465e-05 
5519 4.67481e-05 
5520 4.67494e-05 
5521 4.6751e-05 
5522 4.67523e-05 
5523 4.67555e-05 
5524 4.67574e-05 
5525 4.67599e-05 
5526 4.6763e-05 
5527 4.67667e-05 
5528 4.67722e-05 
5529 4.67798e-05 
5530 4.67884e-05 
5531 4.68017e-05 
5532 4.68181e-05 
5533 4.68353e-05 
5534 4.68503e-05 
5535 4.68719e-05 
5536 4.68869e-05 
5537 4.69081e-05 
5538 4.69564e-05 
5539 4.70541e-05 
5540 4.72344e-05 
5541 4.82514e-05 
5542 4.82976e-05 
5543 4.82945e-05 
5544 4.82942e-05 
5545 4.82933e-05 
5546 4.82925e-05 
5547 4.82925e-05 
5548 4.82924e-05 
5549 4.82924e-05 
5550 4.82925e-05 
5551 4.82926e-05 
5552 4.82927e-05 
5553 4.82928e-05 
5554 4.8293e-05 
5555 4.82932e-05 
5556 4.82934e-05 
5557 4.82936e-05 
5558 4.82941e-05 
5559 4.82944e-05 
5560 4.82948e-05 
5561 4.82952e-05 
5562 4.82956e-05 
5563 4.8296e-05 
5564 4.82966e-05 
5565 4.82969e-05 
5566 4.82971e-05 
5567 4.82976e-05 
5568 4.82979e-05 
5569 4.82985e-05 
5570 4.8299e-05 
5571 4.82994e-05 
5572 4.82997e-05 
5573 4.83e-05 
5574 4.83004e-05 
5575 4.83008e-05 
5576 4.83013e-05 
5577 4.83018e-05 
5578 4.83024e-05 
5579 4.83031e-05 
5580 4.83037e-05 
5581 4.83044e-05 
5582 4.83053e-05 
5583 4.8306e-05 
5584 4.83064e-05 
5585 4.83074e-05 
5586 4.83086e-05 
5587 4.83096e-05 
5588 4.83115e-05 
5589 4.83154e-05 
5590 4.83167e-05 
5591 4.83195e-05 
5592 4.83219e-05 
5593 4.83264e-05 
5594 4.83304e-05 
5595 4.8339e-05 
5596 4.83443e-05 
5597 4.83482e-05 
5598 4.8352e-05 
5599 4.83575e-05 
5600 4.83624e-05 
5601 4.84024e-05 
5602 4.86272e-05 
5603 4.86387e-05 
5604 4.86387e-05 
5605 4.86387e-05 
5606 4.86386e-05 
5607 4.86386e-05 
5608 4.86385e-05 
5609 4.86384e-05 
5610 4.86384e-05 
5611 4.86384e-05 
5612 4.86384e-05 
5613 4.86384e-05 
5614 4.86383e-05 
5615 4.86383e-05 
5616 4.86383e-05 
5617 4.86383e-05 
5618 4.86383e-05 
5619 4.86383e-05 
5620 4.86383e-05 
5621 4.86383e-05 
5622 4.86384e-05 
5623 4.86384e-05 
5624 4.86384e-05 
5625 4.86384e-05 
5626 4.86384e-05 
5627 4.86384e-05 
5628 4.86384e-05 
5629 4.86385e-05 
5630 4.86385e-05 
5631 4.86385e-05 
5632 4.86386e-05 
5633 4.86386e-05 
5634 4.86386e-05 
5635 4.86387e-05 
5636 4.86387e-05 
5637 4.86388e-05 
5638 4.86389e-05 
5639 4.8639e-05 
5640 4.8639e-05 
5641 4.8639e-05 
5642 4.86392e-05 
5643 4.86392e-05 
5644 4.86393e-05 
5645 4.86394e-05 
5646 4.86395e-05 
5647 4.86395e-05 
5648 4.86396e-05 
5649 4.86396e-05 
5650 4.86397e-05 
5651 4.86398e-05 
5652 4.86399e-05 
5653 4.86399e-05 
5654 4.864e-05 
5655 4.86401e-05 
5656 4.86401e-05 
5657 4.86402e-05 
5658 4.86403e-05 
5659 4.86404e-05 
5660 4.86405e-05 
5661 4.86406e-05 
5662 4.86407e-05 
5663 4.86408e-05 
5664 4.8641e-05 
5665 4.86411e-05 
5666 4.86414e-05 
5667 4.86416e-05 
5668 4.86416e-05 
5669 4.86419e-05 
5670 4.8642e-05 
5671 4.86423e-05 
5672 4.86424e-05 
5673 4.86426e-05 
5674 4.86427e-05 
5675 4.86429e-05 
5676 4.8643e-05 
5677 4.86435e-05 
5678 4.86438e-05 
5679 4.86444e-05 
5680 4.8645e-05 
5681 4.86453e-05 
5682 4.86455e-05 
5683 4.86459e-05 
5684 4.86465e-05 
5685 4.86468e-05 
5686 4.86479e-05 
5687 4.86489e-05 
5688 4.86543e-05 
5689 4.86585e-05 
5690 4.86625e-05 
5691 4.86804e-05 
5692 4.86866e-05 
5693 4.89885e-05 
5694 4.90073e-05 
5695 4.90073e-05 
5696 4.90073e-05 
5697 4.90067e-05 
5698 4.90065e-05 
5699 4.90064e-05 
5700 4.90064e-05 
5701 4.90063e-05 
5702 4.90063e-05 
5703 4.90061e-05 
5704 4.90061e-05 
5705 4.9006e-05 
5706 4.90059e-05 
5707 4.90059e-05 
5708 4.90059e-05 
5709 4.90061e-05 
5710 4.90064e-05 
5711 4.90068e-05 
5712 4.90075e-05 
5713 4.90081e-05 
5714 4.90086e-05 
5715 4.90092e-05 
5716 4.90098e-05 
5717 4.90108e-05 
5718 4.90116e-05 
5719 4.90125e-05 
5720 4.90134e-05 
5721 4.90153e-05 
5722 4.9017e-05 
5723 4.90197e-05 
5724 4.90246e-05 
5725 4.90286e-05 
5726 4.90332e-05 
5727 4.90388e-05 
5728 4.90423e-05 
5729 4.90522e-05 
5730 4.90687e-05 
5731 4.92871e-05 
5732 4.93011e-05 
5733 4.93011e-05 
5734 4.93011e-05 
5735 4.93009e-05 
5736 4.93006e-05 
5737 4.93002e-05 
5738 4.93002e-05 
5739 4.93002e-05 
5740 4.93001e-05 
5741 4.93001e-05 
5742 4.93001e-05 
5743 4.93e-05 
5744 4.93e-05 
5745 4.93e-05 
5746 4.93e-05 
5747 4.93e-05 
5748 4.93e-05 
5749 4.93e-05 
5750 4.93e-05 
5751 4.93e-05 
5752 4.93e-05 
5753 4.93e-05 
5754 4.93e-05 
5755 4.93001e-05 
5756 4.93001e-05 
5757 4.93001e-05 
5758 4.93001e-05 
5759 4.93001e-05 
5760 4.93002e-05 
5761 4.93002e-05 
5762 4.93002e-05 
5763 4.93002e-05 
5764 4.93002e-05 
5765 4.93002e-05 
5766 4.93003e-05 
5767 4.93004e-05 
5768 4.93004e-05 
5769 4.93004e-05 
5770 4.93005e-05 
5771 4.93005e-05 
5772 4.93005e-05 
5773 4.93006e-05 
5774 4.93006e-05 
5775 4.93006e-05 
5776 4.93006e-05 
5777 4.93007e-05 
5778 4.93007e-05 
5779 4.93007e-05 
5780 4.93007e-05 
5781 4.93008e-05 
5782 4.93008e-05 
5783 4.93008e-05 
5784 4.93009e-05 
5785 4.9301e-05 
5786 4.9301e-05 
5787 4.93011e-05 
5788 4.93012e-05 
5789 4.93013e-05 
5790 4.93013e-05 
5791 4.93013e-05 
5792 4.93015e-05 
5793 4.93015e-05 
5794 4.93015e-05 
5795 4.93016e-05 
5796 4.93018e-05 
5797 4.93019e-05 
5798 4.93019e-05 
5799 4.9302e-05 
5800 4.9302e-05 
5801 4.93021e-05 
5802 4.93022e-05 
5803 4.93022e-05 
5804 4.93023e-05 
5805 4.93023e-05 
5806 4.93025e-05 
5807 4.93025e-05 
5808 4.93026e-05 
5809 4.93026e-05 
5810 4.93027e-05 
5811 4.93028e-05 
5812 4.93029e-05 
5813 4.93029e-05 
5814 4.9303e-05 
5815 4.9303e-05 
5816 4.93031e-05 
5817 4.93032e-05 
5818 4.93033e-05 
5819 4.93034e-05 
5820 4.93034e-05 
5821 4.93035e-05 
5822 4.93037e-05 
5823 4.93038e-05 
5824 4.93039e-05 
5825 4.93041e-05 
5826 4.93041e-05 
5827 4.93044e-05 
5828 4.93046e-05 
5829 4.93048e-05 
5830 4.93049e-05 
5831 4.93051e-05 
5832 4.93053e-05 
5833 4.93054e-05 
5834 4.93055e-05 
5835 4.93057e-05 
5836 4.93057e-05 
5837 4.93059e-05 
5838 4.93062e-05 
5839 4.93067e-05 
5840 4.93068e-05 
5841 4.93072e-05 
5842 4.93075e-05 
5843 4.93078e-05 
5844 4.93092e-05 
5845 4.93099e-05 
5846 4.93117e-05 
5847 4.93127e-05 
5848 4.93143e-05 
5849 4.93161e-05 
5850 4.93172e-05 
5851 4.93204e-05 
5852 4.93216e-05 
5853 4.93282e-05 
5854 4.9336e-05 
5855 4.93379e-05 
5856 4.9344e-05 
5857 4.94803e-05 
5858 4.95176e-05 
5859 5.47948e-05 
5860 5.49404e-05 
5861 5.49387e-05 
5862 5.49362e-05 
5863 5.49353e-05 
5864 5.49346e-05 
5865 5.49343e-05 
5866 5.49339e-05 
5867 5.49337e-05 
5868 5.49338e-05 
5869 5.49342e-05 
5870 5.49346e-05 
5871 5.49356e-05 
5872 5.49369e-05 
5873 5.49394e-05 
5874 5.49413e-05 
5875 5.49431e-05 
5876 5.49451e-05 
5877 5.49469e-05 
5878 5.49489e-05 
5879 5.49511e-05 
5880 5.49536e-05 
5881 5.49563e-05 
5882 5.49603e-05 
5883 5.49645e-05 
5884 5.49693e-05 
5885 5.49719e-05 
5886 5.49773e-05 
5887 5.49848e-05 
5888 5.49949e-05 
5889 5.50156e-05 
5890 5.50339e-05 
5891 5.50587e-05 
5892 5.51794e-05 
5893 5.55749e-05 
5894 5.55909e-05 
5895 5.559e-05 
5896 5.55898e-05 
5897 5.55893e-05 
5898 5.55892e-05 
5899 5.5589e-05 
5900 5.55889e-05 
5901 5.55889e-05 
5902 5.55889e-05 
5903 5.55889e-05 
5904 5.55889e-05 
5905 5.55889e-05 
5906 5.55889e-05 
5907 5.5589e-05 
5908 5.55891e-05 
5909 5.55893e-05 
5910 5.55894e-05 
5911 5.55897e-05 
5912 5.559e-05 
5913 5.55903e-05 
5914 5.55907e-05 
5915 5.55912e-05 
5916 5.55918e-05 
5917 5.55923e-05 
5918 5.55932e-05 
5919 5.55942e-05 
5920 5.55952e-05 
5921 5.55964e-05 
5922 5.55986e-05 
5923 5.56012e-05 
5924 5.56036e-05 
5925 5.56071e-05 
5926 5.56097e-05 
5927 5.56122e-05 
5928 5.56192e-05 
5929 5.56243e-05 
5930 5.56309e-05 
5931 5.56405e-05 
5932 5.56544e-05 
5933 5.56617e-05 
5934 5.69905e-05 
5935 5.70768e-05 
5936 5.70717e-05 
5937 5.70712e-05 
5938 5.70708e-05 
5939 5.70705e-05 
5940 5.70702e-05 
5941 5.707e-05 
5942 5.70661e-05 
5943 5.70649e-05 
5944 5.70647e-05 
5945 5.70644e-05 
5946 5.70641e-05 
5947 5.70634e-05 
5948 5.70632e-05 
5949 5.70631e-05 
5950 5.70631e-05 
5951 5.7063e-05 
5952 5.7063e-05 
5953 5.7063e-05 
5954 5.70631e-05 
5955 5.70632e-05 
5956 5.70633e-05 
5957 5.70635e-05 
5958 5.70637e-05 
5959 5.70641e-05 
5960 5.70644e-05 
5961 5.70648e-05 
5962 5.7065e-05 
5963 5.70653e-05 
5964 5.70657e-05 
5965 5.70661e-05 
5966 5.70664e-05 
5967 5.70668e-05 
5968 5.70676e-05 
5969 5.70682e-05 
5970 5.70691e-05 
5971 5.70695e-05 
5972 5.70705e-05 
5973 5.70711e-05 
5974 5.7072e-05 
5975 5.70726e-05 
5976 5.70737e-05 
5977 5.70743e-05 
5978 5.70755e-05 
5979 5.70761e-05 
5980 5.7078e-05 
5981 5.70789e-05 
5982 5.70804e-05 
5983 5.70821e-05 
5984 5.70842e-05 
5985 5.70862e-05 
5986 5.70895e-05 
5987 5.70918e-05 
5988 5.70947e-05 
5989 5.70964e-05 
5990 5.71001e-05 
5991 5.71024e-05 
5992 5.71058e-05 
5993 5.71107e-05 
5994 5.71156e-05 
5995 5.71174e-05 
5996 5.71196e-05 
5997 5.71338e-05 
5998 5.71506e-05 
5999 5.71641e-05 
6000 5.71767e-05 
6001 5.72142e-05 
6002 5.7226e-05 
6003 5.73211e-05 
6004 5.82828e-05 
6005 5.83362e-05 
6006 5.83362e-05 
6007 5.8336e-05 
6008 5.83354e-05 
6009 5.83347e-05 
6010 5.83317e-05 
6011 5.83305e-05 
6012 5.83304e-05 
6013 5.83302e-05 
6014 5.83297e-05 
6015 5.83287e-05 
6016 5.83284e-05 
6017 5.83283e-05 
6018 5.83281e-05 
6019 5.8328e-05 
6020 5.83279e-05 
6021 5.83277e-05 
6022 5.83275e-05 
6023 5.83275e-05 
6024 5.83275e-05 
6025 5.83275e-05 
6026 5.83276e-05 
6027 5.83276e-05 
6028 5.83277e-05 
6029 5.83279e-05 
6030 5.8328e-05 
6031 5.83282e-05 
6032 5.83283e-05 
6033 5.83286e-05 
6034 5.83287e-05 
6035 5.83288e-05 
6036 5.83291e-05 
6037 5.83292e-05 
6038 5.83294e-05 
6039 5.83295e-05 
6040 5.83298e-05 
6041 5.833e-05 
6042 5.83305e-05 
6043 5.83307e-05 
6044 5.83311e-05 
6045 5.83314e-05 
6046 5.83317e-05 
6047 5.83319e-05 
6048 5.83323e-05 
6049 5.83327e-05 
6050 5.83332e-05 
6051 5.83336e-05 
6052 5.83338e-05 
6053 5.83343e-05 
6054 5.83347e-05 
6055 5.83352e-05 
6056 5.83356e-05 
6057 5.8336e-05 
6058 5.83364e-05 
6059 5.83372e-05 
6060 5.83381e-05 
6061 5.83385e-05 
6062 5.83389e-05 
6063 5.83401e-05 
6064 5.83413e-05 
6065 5.83421e-05 
6066 5.8343e-05 
6067 5.83447e-05 
6068 5.83457e-05 
6069 5.83478e-05 
6070 5.83484e-05 
6071 5.83497e-05 
6072 5.83516e-05 
6073 5.83538e-05 
6074 5.83555e-05 
6075 5.83574e-05 
6076 5.83589e-05 
6077 5.83619e-05 
6078 5.83631e-05 
6079 5.83656e-05 
6080 5.83676e-05 
6081 5.83779e-05 
6082 5.83936e-05 
6083 5.8405e-05 
6084 5.84083e-05 
6085 5.84275e-05 
6086 5.86006e-05 
6087 5.86136e-05 
6088 5.86136e-05 
6089 5.8613e-05 
6090 5.86126e-05 
6091 5.86124e-05 
6092 5.86124e-05 
6093 5.86122e-05 
6094 5.86122e-05 
6095 5.86122e-05 
6096 5.86121e-05 
6097 5.86118e-05 
6098 5.86117e-05 
6099 5.86117e-05 
6100 5.86116e-05 
6101 5.86116e-05 
6102 5.86116e-05 
6103 5.86116e-05 
6104 5.86116e-05 
6105 5.86116e-05 
6106 5.86116e-05 
6107 5.86116e-05 
6108 5.86116e-05 
6109 5.86116e-05 
6110 5.86117e-05 
6111 5.86117e-05 
6112 5.86117e-05 
6113 5.86117e-05 
6114 5.86118e-05 
6115 5.86118e-05 
6116 5.86118e-05 
6117 5.86118e-05 
6118 5.86119e-05 
6119 5.86119e-05 
6120 5.86119e-05 
6121 5.8612e-05 
6122 5.8612e-05 
6123 5.86121e-05 
6124 5.86121e-05 
6125 5.86121e-05 
6126 5.86122e-05 
6127 5.86122e-05 
6128 5.86123e-05 
6129 5.86124e-05 
6130 5.86124e-05 
6131 5.86125e-05 
6132 5.86126e-05 
6133 5.86126e-05 
6134 5.86126e-05 
6135 5.86127e-05 
6136 5.86128e-05 
6137 5.86128e-05 
6138 5.86129e-05 
6139 5.86129e-05 
6140 5.8613e-05 
6141 5.8613e-05 
6142 5.86131e-05 
6143 5.86132e-05 
6144 5.86132e-05 
6145 5.86133e-05 
6146 5.86134e-05 
6147 5.86134e-05 
6148 5.86135e-05 
6149 5.86136e-05 
6150 5.86137e-05 
6151 5.86137e-05 
6152 5.86139e-05 
6153 5.86141e-05 
6154 5.86141e-05 
6155 5.86142e-05 
6156 5.86145e-05 
6157 5.86146e-05 
6158 5.86147e-05 
6159 5.86148e-05 
6160 5.86151e-05 
6161 5.86152e-05 
6162 5.86154e-05 
6163 5.86156e-05 
6164 5.8616e-05 
6165 5.86168e-05 
6166 5.86173e-05 
6167 5.86179e-05 
6168 5.86182e-05 
6169 5.86188e-05 
6170 5.86192e-05 
6171 5.86194e-05 
6172 5.86197e-05 
6173 5.86203e-05 
6174 5.86213e-05 
6175 5.86219e-05 
6176 5.86233e-05 
6177 5.86246e-05 
6178 5.86272e-05 
6179 5.86281e-05 
6180 5.86325e-05 
6181 5.86351e-05 
6182 5.86376e-05 
6183 5.86417e-05 
6184 5.86464e-05 
6185 5.86498e-05 
6186 5.86529e-05 
6187 5.86832e-05 
6188 6.04566e-05 
6189 6.05741e-05 
6190 6.0572e-05 
6191 6.05682e-05 
6192 6.05634e-05 
6193 6.05608e-05 
6194 6.05606e-05 
6195 6.0559e-05 
6196 6.05589e-05 
6197 6.05577e-05 
6198 6.0557e-05 
6199 6.05568e-05 
6200 6.05565e-05 
6201 6.05562e-05 
6202 6.0556e-05 
6203 6.05559e-05 
6204 6.05557e-05 
6205 6.05555e-05 
6206 6.05556e-05 
6207 6.05557e-05 
6208 6.05557e-05 
6209 6.05558e-05 
6210 6.05558e-05 
6211 6.05559e-05 
6212 6.0556e-05 
6213 6.05561e-05 
6214 6.05563e-05 
6215 6.05565e-05 
6216 6.05567e-05 
6217 6.05568e-05 
6218 6.0557e-05 
6219 6.05573e-05 
6220 6.05577e-05 
6221 6.05578e-05 
6222 6.05581e-05 
6223 6.05585e-05 
6224 6.05587e-05 
6225 6.05591e-05 
6226 6.05593e-05 
6227 6.05597e-05 
6228 6.05601e-05 
6229 6.05605e-05 
6230 6.05607e-05 
6231 6.0561e-05 
6232 6.05614e-05 
6233 6.05622e-05 
6234 6.05629e-05 
6235 6.05631e-05 
6236 6.05639e-05 
6237 6.05643e-05 
6238 6.05649e-05 
6239 6.05652e-05 
6240 6.05656e-05 
6241 6.05661e-05 
6242 6.05669e-05 
6243 6.05673e-05 
6244 6.05678e-05 
6245 6.05683e-05 
6246 6.05689e-05 
6247 6.05697e-05 
6248 6.05702e-05 
6249 6.05707e-05 
6250 6.0571e-05 
6251 6.05716e-05 
6252 6.05731e-05 
6253 6.05737e-05 
6254 6.05744e-05 
6255 6.05754e-05 
6256 6.05771e-05 
6257 6.05783e-05 
6258 6.05796e-05 
6259 6.05824e-05 
6260 6.05838e-05 
6261 6.05852e-05 
6262 6.05867e-05 
6263 6.05873e-05 
6264 6.05888e-05 
6265 6.05904e-05 
6266 6.05921e-05 
6267 6.0593e-05 
6268 6.05954e-05 
6269 6.05962e-05 
6270 6.06e-05 
6271 6.06013e-05 
6272 6.06045e-05 
6273 6.06062e-05 
6274 6.06085e-05 
6275 6.06101e-05 
6276 6.06176e-05 
6277 6.06199e-05 
6278 6.0626e-05 
6279 6.06339e-05 
6280 6.06422e-05 
6281 6.06475e-05 
6282 6.06528e-05 
6283 6.06547e-05 
6284 6.06657e-05 
6285 6.06718e-05 
6286 6.06988e-05 
6287 6.07089e-05 
6288 6.07125e-05 
6289 6.07241e-05 
6290 6.07805e-05 
6291 6.08036e-05 
6292 6.09454e-05 
6293 6.17487e-05 
6294 6.17982e-05 
6295 6.17935e-05 
6296 6.17912e-05 
6297 6.17903e-05 
6298 6.17885e-05 
6299 6.1788e-05 
6300 6.17867e-05 
6301 6.17865e-05 
6302 6.17864e-05 
6303 6.17864e-05 
6304 6.17868e-05 
6305 6.17875e-05 
6306 6.17883e-05 
6307 6.17894e-05 
6308 6.17906e-05 
6309 6.17918e-05 
6310 6.1793e-05 
6311 6.17945e-05 
6312 6.17979e-05 
6313 6.18007e-05 
6314 6.18067e-05 
6315 6.18172e-05 
6316 6.1823e-05 
6317 6.18337e-05 
6318 6.18473e-05 
6319 6.18665e-05 
6320 6.19022e-05 
6321 6.19296e-05 
6322 6.20308e-05 
6323 6.40906e-05 
6324 6.42146e-05 
6325 6.42146e-05 
6326 6.41966e-05 
6327 6.41912e-05 
6328 6.41883e-05 
6329 6.41874e-05 
6330 6.41866e-05 
6331 6.41853e-05 
6332 6.41838e-05 
6333 6.41833e-05 
6334 6.41831e-05 
6335 6.41822e-05 
6336 6.4182e-05 
6337 6.4182e-05 
6338 6.41819e-05 
6339 6.41819e-05 
6340 6.41819e-05 
6341 6.41821e-05 
6342 6.41824e-05 
6343 6.41826e-05 
6344 6.41828e-05 
6345 6.41833e-05 
6346 6.41836e-05 
6347 6.41844e-05 
6348 6.41849e-05 
6349 6.41854e-05 
6350 6.41864e-05 
6351 6.41872e-05 
6352 6.41878e-05 
6353 6.41886e-05 
6354 6.41892e-05 
6355 6.41901e-05 
6356 6.41916e-05 
6357 6.41924e-05 
6358 6.41933e-05 
6359 6.41941e-05 
6360 6.41949e-05 
6361 6.41961e-05 
6362 6.41971e-05 
6363 6.41978e-05 
6364 6.42002e-05 
6365 6.42018e-05 
6366 6.42034e-05 
6367 6.42058e-05 
6368 6.42078e-05 
6369 6.42102e-05 
6370 6.42146e-05 
6371 6.42182e-05 
6372 6.42239e-05 
6373 6.42273e-05 
6374 6.42359e-05 
6375 6.42384e-05 
6376 6.42441e-05 
6377 6.42476e-05 
6378 6.42525e-05 
6379 6.42616e-05 
6380 6.42772e-05 
6381 6.42836e-05 
6382 6.42921e-05 
6383 6.42996e-05 
6384 6.43083e-05 
6385 6.43374e-05 
6386 6.44169e-05 
6387 6.458e-05 
6388 6.54011e-05 
6389 6.54502e-05 
6390 6.54501e-05 
6391 6.54497e-05 
6392 6.54485e-05 
6393 6.54463e-05 
6394 6.54461e-05 
6395 6.54449e-05 
6396 6.54444e-05 
6397 6.54443e-05 
6398 6.54441e-05 
6399 6.5444e-05 
6400 6.5444e-05 
6401 6.54439e-05 
6402 6.54439e-05 
6403 6.54439e-05 
6404 6.54439e-05 
6405 6.54439e-05 
6406 6.54439e-05 
6407 6.54439e-05 
6408 6.54439e-05 
6409 6.54439e-05 
6410 6.5444e-05 
6411 6.5444e-05 
6412 6.5444e-05 
6413 6.54441e-05 
6414 6.54441e-05 
6415 6.54441e-05 
6416 6.54442e-05 
6417 6.54444e-05 
6418 6.54446e-05 
6419 6.54447e-05 
6420 6.54448e-05 
6421 6.54449e-05 
6422 6.5445e-05 
6423 6.54451e-05 
6424 6.54452e-05 
6425 6.54453e-05 
6426 6.54455e-05 
6427 6.54456e-05 
6428 6.54458e-05 
6429 6.54459e-05 
6430 6.5446e-05 
6431 6.54463e-05 
6432 6.54463e-05 
6433 6.54465e-05 
6434 6.54466e-05 
6435 6.54467e-05 
6436 6.54468e-05 
6437 6.54469e-05 
6438 6.5447e-05 
6439 6.54472e-05 
6440 6.54474e-05 
6441 6.54478e-05 
6442 6.54481e-05 
6443 6.54483e-05 
6444 6.54485e-05 
6445 6.5449e-05 
6446 6.54492e-05 
6447 6.54493e-05 
6448 6.54495e-05 
6449 6.54498e-05 
6450 6.54499e-05 
6451 6.54501e-05 
6452 6.54503e-05 
6453 6.54506e-05 
6454 6.54509e-05 
6455 6.54518e-05 
6456 6.54521e-05 
6457 6.54523e-05 
6458 6.5453e-05 
6459 6.54537e-05 
6460 6.54543e-05 
6461 6.5455e-05 
6462 6.54554e-05 
6463 6.54561e-05 
6464 6.54568e-05 
6465 6.54571e-05 
6466 6.54582e-05 
6467 6.54596e-05 
6468 6.54612e-05 
6469 6.54623e-05 
6470 6.54636e-05 
6471 6.54647e-05 
6472 6.54659e-05 
6473 6.54673e-05 
6474 6.54695e-05 
6475 6.54705e-05 
6476 6.54718e-05 
6477 6.54733e-05 
6478 6.54819e-05 
6479 6.54869e-05 
6480 6.549e-05 
6481 6.5492e-05 
6482 6.54962e-05 
6483 6.55079e-05 
6484 6.55241e-05 
6485 6.55297e-05 
6486 6.55525e-05 
6487 6.55836e-05 
6488 6.60316e-05 
6489 6.60568e-05 
6490 6.60568e-05 
6491 6.60552e-05 
6492 6.60528e-05 
6493 6.60528e-05 
6494 6.60526e-05 
6495 6.60513e-05 
6496 6.60513e-05 
6497 6.60512e-05 
6498 6.60511e-05 
6499 6.60511e-05 
6500 6.6051e-05 
6501 6.60509e-05 
6502 6.60509e-05 
6503 6.60507e-05 
6504 6.60507e-05 
6505 6.60507e-05 
6506 6.60507e-05 
6507 6.60507e-05 
6508 6.60507e-05 
6509 6.60507e-05 
6510 6.60506e-05 
6511 6.60506e-05 
6512 6.60507e-05 
6513 6.60507e-05 
6514 6.60507e-05 
6515 6.60507e-05 
6516 6.60507e-05 
6517 6.60507e-05 
6518 6.60507e-05 
6519 6.60507e-05 
6520 6.60508e-05 
6521 6.60508e-05 
6522 6.60508e-05 
6523 6.60509e-05 
6524 6.60509e-05 
6525 6.60509e-05 
6526 6.60509e-05 
6527 6.6051e-05 
6528 6.6051e-05 
6529 6.6051e-05 
6530 6.60511e-05 
6531 6.60511e-05 
6532 6.60511e-05 
6533 6.60512e-05 
6534 6.60512e-05 
6535 6.60512e-05 
6536 6.60513e-05 
6537 6.60513e-05 
6538 6.60514e-05 
6539 6.60514e-05 
6540 6.60515e-05 
6541 6.60515e-05 
6542 6.60516e-05 
6543 6.60517e-05 
6544 6.60517e-05 
6545 6.60518e-05 
6546 6.60518e-05 
6547 6.60518e-05 
6548 6.60519e-05 
6549 6.60519e-05 
6550 6.60519e-05 
6551 6.6052e-05 
6552 6.6052e-05 
6553 6.60521e-05 
6554 6.60522e-05 
6555 6.60523e-05 
6556 6.60524e-05 
6557 6.60524e-05 
6558 6.60525e-05 
6559 6.60525e-05 
6560 6.60526e-05 
6561 6.60526e-05 
6562 6.60527e-05 
6563 6.60529e-05 
6564 6.60529e-05 
6565 6.6053e-05 
6566 6.6053e-05 
6567 6.60531e-05 
6568 6.60532e-05 
6569 6.60534e-05 
6570 6.60535e-05 
6571 6.60536e-05 
6572 6.60539e-05 
6573 6.60541e-05 
6574 6.60542e-05 
6575 6.60544e-05 
6576 6.60546e-05 
6577 6.60547e-05 
6578 6.60549e-05 
6579 6.60551e-05 
6580 6.60552e-05 
6581 6.60553e-05 
6582 6.60554e-05 
6583 6.60556e-05 
6584 6.60557e-05 
6585 6.60559e-05 
6586 6.60563e-05 
6587 6.60565e-05 
6588 6.60568e-05 
6589 6.60571e-05 
6590 6.60573e-05 
6591 6.60575e-05 
6592 6.60578e-05 
6593 6.60585e-05 
6594 6.60592e-05 
6595 6.60595e-05 
6596 6.60597e-05 
6597 6.60604e-05 
6598 6.60614e-05 
6599 6.60619e-05 
6600 6.60623e-05 
6601 6.60628e-05 
6602 6.60635e-05 
6603 6.60638e-05 
6604 6.60647e-05 
6605 6.60651e-05 
6606 6.60658e-05 
6607 6.60681e-05 
6608 6.60695e-05 
6609 6.60774e-05 
6610 6.60791e-05 
6611 6.60823e-05 
6612 6.61106e-05 
6613 6.61289e-05 
6614 6.6138e-05 
6615 6.62261e-05 
6616 6.70781e-05 
6617 6.71371e-05 
6618 6.7137e-05 
6619 6.71291e-05 
6620 6.7129e-05 
6621 6.71269e-05 
6622 6.71249e-05 
6623 6.71249e-05 
6624 6.71248e-05 
6625 6.71247e-05 
6626 6.71247e-05 
6627 6.71246e-05 
6628 6.71245e-05 
6629 6.71245e-05 
6630 6.71244e-05 
6631 6.71244e-05 
6632 6.71244e-05 
6633 6.71244e-05 
6634 6.71244e-05 
6635 6.71244e-05 
6636 6.71243e-05 
6637 6.71243e-05 
6638 6.71243e-05 
6639 6.71244e-05 
6640 6.71244e-05 
6641 6.71244e-05 
6642 6.71244e-05 
6643 6.71244e-05 
6644 6.71244e-05 
6645 6.71245e-05 
6646 6.71245e-05 
6647 6.71246e-05 
6648 6.71247e-05 
6649 6.71247e-05 
6650 6.71247e-05 
6651 6.71248e-05 
6652 6.71249e-05 
6653 6.7125e-05 
6654 6.7125e-05 
6655 6.71251e-05 
6656 6.71252e-05 
6657 6.71253e-05 
6658 6.71253e-05 
6659 6.71255e-05 
6660 6.71255e-05 
6661 6.71256e-05 
6662 6.71256e-05 
6663 6.71259e-05 
6664 6.71259e-05 
6665 6.71261e-05 
6666 6.71263e-05 
6667 6.71264e-05 
6668 6.71265e-05 
6669 6.71269e-05 
6670 6.7127e-05 
6671 6.71271e-05 
6672 6.71273e-05 
6673 6.71274e-05 
6674 6.71275e-05 
6675 6.71276e-05 
6676 6.71277e-05 
6677 6.71279e-05 
6678 6.71281e-05 
6679 6.71282e-05 
6680 6.71283e-05 
6681 6.71285e-05 
6682 6.71287e-05 
6683 6.71288e-05 
6684 6.7129e-05 
6685 6.71293e-05 
6686 6.71295e-05 
6687 6.71297e-05 
6688 6.71298e-05 
6689 6.71299e-05 
6690 6.713e-05 
6691 6.71301e-05 
6692 6.71305e-05 
6693 6.71307e-05 
6694 6.71309e-05 
6695 6.71311e-05 
6696 6.71314e-05 
6697 6.71318e-05 
6698 6.71322e-05 
6699 6.7133e-05 
6700 6.71332e-05 
6701 6.71338e-05 
6702 6.71338e-05 
6703 6.71345e-05 
6704 6.71352e-05 
6705 6.71361e-05 
6706 6.71366e-05 
6707 6.71369e-05 
6708 6.71382e-05 
6709 6.71388e-05 
6710 6.71391e-05 
6711 6.71397e-05 
6712 6.71404e-05 
6713 6.71406e-05 
6714 6.71409e-05 
6715 6.71427e-05 
6716 6.71435e-05 
6717 6.71441e-05 
6718 6.71447e-05 
6719 6.71451e-05 
6720 6.71526e-05 
6721 6.71607e-05 
6722 6.71639e-05 
6723 6.7166e-05 
6724 6.71682e-05 
6725 6.71725e-05 
6726 6.71789e-05 
6727 6.71861e-05 
6728 6.71933e-05 
6729 6.7209e-05 
6730 6.72139e-05 
6731 6.72598e-05 
6732 6.72779e-05 
6733 6.74233e-05 
6734 6.74534e-05 
6735 7.14797e-05 
6736 7.16358e-05 
6737 7.16313e-05 
6738 7.16192e-05 
6739 7.16175e-05 
6740 7.16116e-05 
6741 7.16072e-05 
6742 7.16012e-05 
6743 7.1601e-05 
6744 7.16004e-05 
6745 7.16002e-05 
6746 7.16001e-05 
6747 7.16002e-05 
6748 7.16003e-05 
6749 7.16006e-05 
6750 7.16009e-05 
6751 7.16012e-05 
6752 7.16018e-05 
6753 7.16029e-05 
6754 7.16038e-05 
6755 7.16046e-05 
6756 7.16054e-05 
6757 7.16066e-05 
6758 7.16073e-05 
6759 7.16084e-05 
6760 7.16095e-05 
6761 7.16106e-05 
6762 7.16115e-05 
6763 7.16127e-05 
6764 7.1615e-05 
6765 7.16163e-05 
6766 7.16182e-05 
6767 7.16195e-05 
6768 7.16207e-05 
6769 7.1622e-05 
6770 7.1625e-05 
6771 7.16297e-05 
6772 7.16341e-05 
6773 7.16397e-05 
6774 7.16441e-05 
6775 7.16474e-05 
6776 7.16522e-05 
6777 7.16647e-05 
6778 7.16692e-05 
6779 7.16789e-05 
6780 7.16876e-05 
6781 7.17011e-05 
6782 7.17177e-05 
6783 7.17308e-05 
6784 7.17448e-05 
6785 7.17798e-05 
6786 7.18211e-05 
6787 7.18943e-05 
6788 7.21818e-05 
6789 7.22002e-05 
6790 7.22001e-05 
6791 7.21981e-05 
6792 7.21966e-05 
6793 7.21959e-05 
6794 7.21954e-05 
6795 7.2195e-05 
6796 7.21949e-05 
6797 7.21948e-05 
6798 7.21946e-05 
6799 7.21946e-05 
6800 7.21946e-05 
6801 7.21945e-05 
6802 7.21945e-05 
6803 7.21945e-05 
6804 7.21945e-05 
6805 7.21945e-05 
6806 7.21945e-05 
6807 7.21945e-05 
6808 7.21945e-05 
6809 7.21945e-05 
6810 7.21945e-05 
6811 7.21946e-05 
6812 7.21946e-05 
6813 7.21946e-05 
6814 7.21946e-05 
6815 7.21947e-05 
6816 7.21947e-05 
6817 7.21947e-05 
6818 7.21948e-05 
6819 7.21948e-05 
6820 7.21948e-05 
6821 7.21949e-05 
6822 7.21949e-05 
6823 7.2195e-05 
6824 7.2195e-05 
6825 7.2195e-05 
6826 7.21951e-05 
6827 7.21951e-05 
6828 7.21952e-05 
6829 7.21953e-05 
6830 7.21953e-05 
6831 7.21954e-05 
6832 7.21954e-05 
6833 7.21955e-05 
6834 7.21956e-05 
6835 7.21957e-05 
6836 7.21958e-05 
6837 7.21959e-05 
6838 7.21959e-05 
6839 7.2196e-05 
6840 7.21961e-05 
6841 7.21961e-05 
6842 7.21962e-05 
6843 7.21962e-05 
6844 7.21964e-05 
6845 7.21965e-05 
6846 7.21966e-05 
6847 7.21968e-05 
6848 7.21968e-05 
6849 7.21971e-05 
6850 7.21972e-05 
6851 7.21976e-05 
6852 7.21977e-05 
6853 7.2198e-05 
6854 7.21982e-05 
6855 7.21985e-05 
6856 7.21989e-05 
6857 7.21993e-05 
6858 7.21998e-05 
6859 7.21999e-05 
6860 7.22002e-05 
6861 7.22005e-05 
6862 7.2201e-05 
6863 7.22014e-05 
6864 7.2202e-05 
6865 7.22024e-05 
6866 7.22031e-05 
6867 7.22038e-05 
6868 7.22041e-05 
6869 7.22047e-05 
6870 7.2205e-05 
6871 7.22054e-05 
6872 7.22063e-05 
6873 7.2207e-05 
6874 7.22074e-05 
6875 7.22093e-05 
6876 7.22104e-05 
6877 7.22115e-05 
6878 7.22153e-05 
6879 7.22227e-05 
6880 7.22261e-05 
6881 7.2238e-05 
6882 7.22569e-05 
6883 7.35174e-05 
6884 7.36072e-05 
6885 7.36072e-05 
6886 7.3605e-05 
6887 7.3604e-05 
6888 7.36001e-05 
6889 7.35963e-05 
6890 7.35949e-05 
6891 7.35861e-05 
6892 7.35847e-05 
6893 7.35829e-05 
6894 7.35824e-05 
6895 7.35822e-05 
6896 7.35821e-05 
6897 7.35819e-05 
6898 7.35818e-05 
6899 7.35817e-05 
6900 7.35816e-05 
6901 7.35816e-05 
6902 7.35817e-05 
6903 7.35818e-05 
6904 7.35819e-05 
6905 7.35821e-05 
6906 7.35825e-05 
6907 7.35829e-05 
6908 7.35833e-05 
6909 7.35837e-05 
6910 7.35841e-05 
6911 7.35846e-05 
6912 7.35849e-05 
6913 7.35852e-05 
6914 7.35857e-05 
6915 7.35863e-05 
6916 7.35868e-05 
6917 7.35872e-05 
6918 7.3588e-05 
6919 7.35885e-05 
6920 7.3589e-05 
6921 7.35898e-05 
6922 7.35904e-05 
6923 7.35914e-05 
6924 7.35931e-05 
6925 7.3595e-05 
6926 7.35963e-05 
6927 7.35984e-05 
6928 7.36001e-05 
6929 7.36027e-05 
6930 7.36053e-05 
6931 7.3607e-05 
6932 7.36108e-05 
6933 7.36156e-05 
6934 7.36183e-05 
6935 7.36234e-05 
6936 7.3632e-05 
6937 7.36394e-05 
6938 7.36451e-05 
6939 7.36491e-05 
6940 7.36546e-05 
6941 7.36928e-05 
6942 7.3704e-05 
6943 7.37253e-05 
6944 7.37532e-05 
6945 7.38307e-05 
6946 7.38948e-05 
6947 7.47412e-05 
6948 7.47936e-05 
6949 7.47935e-05 
6950 7.47836e-05 
6951 7.47833e-05 
6952 7.47822e-05 
6953 7.47822e-05 
6954 7.47821e-05 
6955 7.47821e-05 
6956 7.47819e-05 
6957 7.47818e-05 
6958 7.47817e-05 
6959 7.47816e-05 
6960 7.47816e-05 
6961 7.47816e-05 
6962 7.47815e-05 
6963 7.47815e-05 
6964 7.47815e-05 
6965 7.47815e-05 
6966 7.47815e-05 
6967 7.47814e-05 
6968 7.47814e-05 
6969 7.47814e-05 
6970 7.47814e-05 
6971 7.47814e-05 
6972 7.47814e-05 
6973 7.47814e-05 
6974 7.47814e-05 
6975 7.47814e-05 
6976 7.47815e-05 
6977 7.47815e-05 
6978 7.47815e-05 
6979 7.47815e-05 
6980 7.47816e-05 
6981 7.47816e-05 
6982 7.47816e-05 
6983 7.47816e-05 
6984 7.47817e-05 
6985 7.47817e-05 
6986 7.47817e-05 
6987 7.47818e-05 
6988 7.47818e-05 
6989 7.47819e-05 
6990 7.4782e-05 
6991 7.4782e-05 
6992 7.47821e-05 
6993 7.47822e-05 
6994 7.47822e-05 
6995 7.47822e-05 
6996 7.47823e-05 
6997 7.47823e-05 
6998 7.47824e-05 
6999 7.47824e-05 
7000 7.47826e-05 
7001 7.47827e-05 
7002 7.47827e-05 
7003 7.47829e-05 
7004 7.47829e-05 
7005 7.4783e-05 
7006 7.47831e-05 
7007 7.47831e-05 
7008 7.47833e-05 
7009 7.47833e-05 
7010 7.47834e-05 
7011 7.47835e-05 
7012 7.47837e-05 
7013 7.47838e-05 
7014 7.47839e-05 
7015 7.4784e-05 
7016 7.47841e-05 
7017 7.47843e-05 
7018 7.47844e-05 
7019 7.47846e-05 
7020 7.47847e-05 
7021 7.47848e-05 
7022 7.47849e-05 
7023 7.47853e-05 
7024 7.47853e-05 
7025 7.47854e-05 
7026 7.47855e-05 
7027 7.47856e-05 
7028 7.47857e-05 
7029 7.47858e-05 
7030 7.47859e-05 
7031 7.47861e-05 
7032 7.47862e-05 
7033 7.47864e-05 
7034 7.47866e-05 
7035 7.47869e-05 
7036 7.47871e-05 
7037 7.47873e-05 
7038 7.47877e-05 
7039 7.47879e-05 
7040 7.47884e-05 
7041 7.47887e-05 
7042 7.47888e-05 
7043 7.47889e-05 
7044 7.47891e-05 
7045 7.47893e-05 
7046 7.47896e-05 
7047 7.47898e-05 
7048 7.47905e-05 
7049 7.4791e-05 
7050 7.47912e-05 
7051 7.47917e-05 
7052 7.47919e-05 
7053 7.47928e-05 
7054 7.47933e-05 
7055 7.47935e-05 
7056 7.4794e-05 
7057 7.47945e-05 
7058 7.47947e-05 
7059 7.47952e-05 
7060 7.47957e-05 
7061 7.47966e-05 
7062 7.47972e-05 
7063 7.47978e-05 
7064 7.47984e-05 
7065 7.47989e-05 
7066 7.47992e-05 
7067 7.47999e-05 
7068 7.4801e-05 
7069 7.48031e-05 
7070 7.48045e-05 
7071 7.48054e-05 
7072 7.48074e-05 
7073 7.48102e-05 
7074 7.48157e-05 
7075 7.48216e-05 
7076 7.48246e-05 
7077 7.48516e-05 
7078 7.48704e-05 
7079 7.48987e-05 
7080 7.49636e-05 
7081 7.55345e-05 
7082 7.55632e-05 
7083 7.55596e-05 
7084 7.5556e-05 
7085 7.55548e-05 
7086 7.55545e-05 
7087 7.55543e-05 
7088 7.5554e-05 
7089 7.55539e-05 
7090 7.55538e-05 
7091 7.55535e-05 
7092 7.55534e-05 
7093 7.55533e-05 
7094 7.55533e-05 
7095 7.55533e-05 
7096 7.55532e-05 
7097 7.55532e-05 
7098 7.55531e-05 
7099 7.55531e-05 
7100 7.55531e-05 
7101 7.55531e-05 
7102 7.55531e-05 
7103 7.55531e-05 
7104 7.55531e-05 
7105 7.55531e-05 
7106 7.55531e-05 
7107 7.55531e-05 
7108 7.55531e-05 
7109 7.55531e-05 
7110 7.55531e-05 
7111 7.55532e-05 
7112 7.55532e-05 
7113 7.55532e-05 
7114 7.55532e-05 
7115 7.55532e-05 
7116 7.55533e-05 
7117 7.55533e-05 
7118 7.55533e-05 
7119 7.55533e-05 
7120 7.55534e-05 
7121 7.55534e-05 
7122 7.55534e-05 
7123 7.55534e-05 
7124 7.55535e-05 
7125 7.55535e-05 
7126 7.55536e-05 
7127 7.55537e-05 
7128 7.55538e-05 
7129 7.55538e-05 
7130 7.55538e-05 
7131 7.55539e-05 
7132 7.55539e-05 
7133 7.5554e-05 
7134 7.5554e-05 
7135 7.55541e-05 
7136 7.55541e-05 
7137 7.55541e-05 
7138 7.55542e-05 
7139 7.55542e-05 
7140 7.55543e-05 
7141 7.55543e-05 
7142 7.55544e-05 
7143 7.55544e-05 
7144 7.55545e-05 
7145 7.55546e-05 
7146 7.55546e-05 
7147 7.55547e-05 
7148 7.55547e-05 
7149 7.55548e-05 
7150 7.55549e-05 
7151 7.5555e-05 
7152 7.5555e-05 
7153 7.55551e-05 
7154 7.55553e-05 
7155 7.55555e-05 
7156 7.55557e-05 
7157 7.55557e-05 
7158 7.55561e-05 
7159 7.55564e-05 
7160 7.55565e-05 
7161 7.55569e-05 
7162 7.55571e-05 
7163 7.55574e-05 
7164 7.55574e-05 
7165 7.55575e-05 
7166 7.55578e-05 
7167 7.5558e-05 
7168 7.55581e-05 
7169 7.55583e-05 
7170 7.55586e-05 
7171 7.55588e-05 
7172 7.5559e-05 
7173 7.55593e-05 
7174 7.556e-05 
7175 7.55604e-05 
7176 7.55606e-05 
7177 7.5561e-05 
7178 7.55622e-05 
7179 7.55628e-05 
7180 7.55632e-05 
7181 7.5564e-05 
7182 7.55645e-05 
7183 7.55659e-05 
7184 7.55681e-05 
7185 7.55686e-05 
7186 7.55702e-05 
7187 7.5571e-05 
7188 7.5581e-05 
7189 7.55877e-05 
7190 7.55963e-05 
7191 7.56496e-05 
7192 7.82629e-05 
7193 7.84476e-05 
7194 7.84327e-05 
7195 7.84309e-05 
7196 7.84219e-05 
7197 7.84088e-05 
7198 7.83994e-05 
7199 7.83956e-05 
7200 7.83929e-05 
7201 7.83911e-05 
7202 7.83907e-05 
7203 7.83911e-05 
7204 7.83921e-05 
7205 7.83938e-05 
7206 7.8396e-05 
7207 7.83989e-05 
7208 7.84017e-05 
7209 7.84046e-05 
7210 7.84098e-05 
7211 7.84209e-05 
7212 7.84275e-05 
7213 7.84353e-05 
7214 7.84445e-05 
7215 7.84606e-05 
7216 7.8488e-05 
7217 7.85035e-05 
7218 7.85427e-05 
7219 7.86015e-05 
7220 7.86331e-05 
7221 7.87831e-05 
7222 7.92286e-05 
7223 7.93178e-05 
7224 9.54967e-05 
7225 9.6284e-05 
7226 9.60865e-05 
7227 9.6128e-05 
7228 9.6128e-05 
7229 9.60955e-05 
7230 9.60851e-05 
7231 9.60806e-05 
7232 9.60766e-05 
7233 9.60736e-05 
7234 9.60707e-05 
7235 9.60674e-05 
7236 9.60658e-05 
7237 9.60657e-05 
7238 9.60663e-05 
7239 9.60672e-05 
7240 9.60688e-05 
7241 9.60707e-05 
7242 9.60733e-05 
7243 9.60774e-05 
7244 9.60818e-05 
7245 9.60859e-05 
7246 9.60905e-05 
7247 9.60948e-05 
7248 9.61003e-05 
7249 9.61069e-05 
7250 9.61134e-05 
7251 9.6119e-05 
7252 9.61288e-05 
7253 9.61424e-05 
7254 9.61544e-05 
7255 9.61681e-05 
7256 9.61846e-05 
7257 9.62165e-05 
7258 9.62287e-05 
7259 9.62395e-05 
7260 9.62643e-05 
7261 9.6323e-05 
7262 9.64047e-05 
7263 9.65163e-05 
7264 9.66083e-05 
7265 9.77325e-05 
7266 9.78049e-05 
7267 9.78049e-05 
7268 9.77989e-05 
7269 9.77989e-05 
7270 9.77897e-05 
7271 9.77896e-05 
7272 9.77892e-05 
7273 9.77847e-05 
7274 9.77818e-05 
7275 9.77812e-05 
7276 9.77797e-05 
7277 9.77792e-05 
7278 9.77789e-05 
7279 9.77788e-05 
7280 9.77776e-05 
7281 9.77775e-05 
7282 9.77771e-05 
7283 9.7777e-05 
7284 9.77767e-05 
7285 9.77763e-05 
7286 9.77763e-05 
7287 9.77762e-05 
7288 9.77761e-05 
7289 9.7776e-05 
7290 9.7776e-05 
7291 9.77759e-05 
7292 9.77758e-05 
7293 9.77758e-05 
7294 9.77757e-05 
7295 9.77757e-05 
7296 9.77757e-05 
7297 9.77757e-05 
7298 9.77757e-05 
7299 9.77756e-05 
7300 9.77756e-05 
7301 9.77756e-05 
7302 9.77756e-05 
7303 9.77757e-05 
7304 9.77757e-05 
7305 9.77757e-05 
7306 9.77757e-05 
7307 9.77758e-05 
7308 9.77758e-05 
7309 9.77758e-05 
7310 9.77759e-05 
7311 9.77759e-05 
7312 9.7776e-05 
7313 9.77761e-05 
7314 9.77762e-05 
7315 9.77763e-05 
7316 9.77764e-05 
7317 9.77766e-05 
7318 9.77769e-05 
7319 9.77771e-05 
7320 9.77777e-05 
7321 9.77778e-05 
7322 9.77779e-05 
7323 9.77781e-05 
7324 9.77782e-05 
7325 9.77784e-05 
7326 9.77785e-05 
7327 9.77787e-05 
7328 9.7779e-05 
7329 9.77792e-05 
7330 9.77797e-05 
7331 9.77799e-05 
7332 9.77805e-05 
7333 9.77806e-05 
7334 9.7781e-05 
7335 9.77814e-05 
7336 9.77817e-05 
7337 9.77819e-05 
7338 9.77821e-05 
7339 9.77824e-05 
7340 9.77826e-05 
7341 9.77828e-05 
7342 9.77833e-05 
7343 9.77835e-05 
7344 9.7785e-05 
7345 9.77855e-05 
7346 9.77863e-05 
7347 9.77866e-05 
7348 9.7787e-05 
7349 9.77877e-05 
7350 9.7788e-05 
7351 9.77889e-05 
7352 9.77896e-05 
7353 9.77902e-05 
7354 9.77909e-05 
7355 9.7793e-05 
7356 9.77939e-05 
7357 9.77945e-05 
7358 9.77953e-05 
7359 9.77968e-05 
7360 9.77981e-05 
7361 9.77991e-05 
7362 9.77997e-05 
7363 9.7801e-05 
7364 9.78017e-05 
7365 9.78039e-05 
7366 9.78059e-05 
7367 9.78077e-05 
7368 9.78085e-05 
7369 9.78113e-05 
7370 9.78126e-05 
7371 9.78141e-05 
7372 9.78168e-05 
7373 9.7818e-05 
7374 9.78197e-05 
7375 9.78263e-05 
7376 9.78309e-05 
7377 9.78343e-05 
7378 9.78391e-05 
7379 9.78537e-05 
7380 9.78581e-05 
7381 9.78636e-05 
7382 9.78711e-05 
7383 9.818e-05 
7384 9.82059e-05 
7385 9.82053e-05 
7386 9.82039e-05 
7387 9.8202e-05 
7388 9.82014e-05 
7389 9.82012e-05 
7390 9.82005e-05 
7391 9.82004e-05 
7392 9.82e-05 
7393 9.82e-05 
7394 9.81995e-05 
7395 9.81988e-05 
7396 9.81988e-05 
7397 9.81979e-05 
7398 9.81977e-05 
7399 9.81976e-05 
7400 9.81971e-05 
7401 9.81968e-05 
7402 9.81963e-05 
7403 9.81962e-05 
7404 9.81961e-05 
7405 9.81961e-05 
7406 9.81962e-05 
7407 9.81963e-05 
7408 9.81964e-05 
7409 9.81966e-05 
7410 9.81968e-05 
7411 9.81971e-05 
7412 9.81975e-05 
7413 9.81978e-05 
7414 9.81985e-05 
7415 9.81992e-05 
7416 9.81996e-05 
7417 9.82003e-05 
7418 9.82011e-05 
7419 9.82018e-05 
7420 9.82031e-05 
7421 9.82042e-05 
7422 9.82056e-05 
7423 9.82067e-05 
7424 9.82083e-05 
7425 9.82107e-05 
7426 9.82139e-05 
7427 9.8217e-05 
7428 9.82191e-05 
7429 9.82223e-05 
7430 9.82261e-05 
7431 9.82305e-05 
7432 9.82345e-05 
7433 9.82373e-05 
7434 9.82427e-05 
7435 9.82472e-05 
7436 9.82508e-05 
7437 9.82629e-05 
7438 9.83848e-05 
7439 0.000100544 
7440 0.000100688 
7441 0.000100684 
7442 0.000100674 
7443 0.000100664 
7444 0.000100654 
7445 0.00010065 
7446 0.000100648 
7447 0.000100646 
7448 0.000100645 
7449 0.000100644 
7450 0.000100644 
7451 0.000100644 
7452 0.000100644 
7453 0.000100644 
7454 0.000100645 
7455 0.000100646 
7456 0.000100647 
7457 0.000100649 
7458 0.000100651 
7459 0.000100653 
7460 0.000100655 
7461 0.000100658 
7462 0.000100661 
7463 0.000100664 
7464 0.000100668 
7465 0.000100671 
7466 0.000100675 
7467 0.000100679 
7468 0.000100684 
7469 0.000100695 
7470 0.000100709 
7471 0.000100719 
7472 0.000100734 
7473 0.000100764 
7474 0.00010078 
7475 0.000100805 
7476 0.000100834 
7477 0.000100877 
7478 0.000101006 
7479 0.000102372 
7480 0.000102465 
7481 0.000102457 
7482 0.000102445 
7483 0.000102441 
7484 0.00010244 
7485 0.00010244 
7486 0.000102432 
7487 0.00010243 
7488 0.000102428 
7489 0.000102424 
7490 0.000102424 
7491 0.000102424 
7492 0.000102423 
7493 0.000102423 
7494 0.000102423 
7495 0.000102423 
7496 0.000102423 
7497 0.000102423 
7498 0.000102423 
7499 0.000102422 
7500 0.000102422 
7501 0.000102422 
7502 0.000102422 
7503 0.000102422 
7504 0.000102422 
7505 0.000102422 
7506 0.000102422 
7507 0.000102422 
7508 0.000102423 
7509 0.000102423 
7510 0.000102423 
7511 0.000102423 
7512 0.000102423 
7513 0.000102423 
7514 0.000102423 
7515 0.000102423 
7516 0.000102423 
7517 0.000102424 
7518 0.000102424 
7519 0.000102424 
7520 0.000102424 
7521 0.000102425 
7522 0.000102425 
7523 0.000102425 
7524 0.000102425 
7525 0.000102425 
7526 0.000102426 
7527 0.000102426 
7528 0.000102426 
7529 0.000102427 
7530 0.000102427 
7531 0.000102428 
7532 0.000102428 
7533 0.000102429 
7534 0.000102429 
7535 0.00010243 
7536 0.000102431 
7537 0.000102431 
7538 0.000102432 
7539 0.000102432 
7540 0.000102433 
7541 0.000102433 
7542 0.000102434 
7543 0.000102434 
7544 0.000102435 
7545 0.000102436 
7546 0.000102437 
7547 0.000102438 
7548 0.000102439 
7549 0.00010244 
7550 0.000102441 
7551 0.000102443 
7552 0.000102444 
7553 0.000102446 
7554 0.000102447 
7555 0.000102449 
7556 0.000102452 
7557 0.000102453 
7558 0.000102457 
7559 0.000102471 
7560 0.000102481 
7561 0.000102488 
7562 0.000102494 
7563 0.000102512 
7564 0.00010253 
7565 0.000102568 
7566 0.000102616 
7567 0.0001027 
7568 0.000103476 
7569 0.000103522 
7570 0.000103522 
7571 0.000103514 
7572 0.000103514 
7573 0.000103503 
7574 0.000103503 
7575 0.000103502 
7576 0.000103501 
7577 0.000103501 
7578 0.000103501 
7579 0.0001035 
7580 0.0001035 
7581 0.000103499 
7582 0.000103499 
7583 0.000103499 
7584 0.000103499 
7585 0.000103499 
7586 0.000103499 
7587 0.000103499 
7588 0.000103499 
7589 0.000103499 
7590 0.000103499 
7591 0.000103499 
7592 0.000103499 
7593 0.000103499 
7594 0.000103499 
7595 0.000103499 
7596 0.000103499 
7597 0.000103499 
7598 0.000103499 
7599 0.000103499 
7600 0.000103498 
7601 0.000103498 
7602 0.000103498 
7603 0.000103498 
7604 0.000103498 
7605 0.000103498 
7606 0.000103498 
7607 0.000103498 
7608 0.000103498 
7609 0.000103498 
7610 0.000103499 
7611 0.000103499 
7612 0.000103499 
7613 0.000103499 
7614 0.000103499 
7615 0.000103499 
7616 0.000103499 
7617 0.000103499 
7618 0.000103499 
7619 0.000103499 
7620 0.000103499 
7621 0.000103499 
7622 0.000103499 
7623 0.000103499 
7624 0.000103499 
7625 0.000103499 
7626 0.000103499 
7627 0.000103499 
7628 0.000103499 
7629 0.000103499 
7630 0.000103499 
7631 0.000103499 
7632 0.000103499 
7633 0.0001035 
7634 0.0001035 
7635 0.0001035 
7636 0.0001035 
7637 0.0001035 
7638 0.0001035 
7639 0.0001035 
7640 0.0001035 
7641 0.0001035 
7642 0.0001035 
7643 0.0001035 
7644 0.000103501 
7645 0.000103501 
7646 0.000103501 
7647 0.000103501 
7648 0.000103501 
7649 0.000103501 
7650 0.000103501 
7651 0.000103502 
7652 0.000103502 
7653 0.000103502 
7654 0.000103502 
7655 0.000103502 
7656 0.000103502 
7657 0.000103503 
7658 0.000103503 
7659 0.000103503 
7660 0.000103503 
7661 0.000103503 
7662 0.000103504 
7663 0.000103504 
7664 0.000103505 
7665 0.000103505 
7666 0.000103505 
7667 0.000103506 
7668 0.000103506 
7669 0.000103506 
7670 0.000103506 
7671 0.000103506 
7672 0.000103507 
7673 0.000103507 
7674 0.000103507 
7675 0.000103508 
7676 0.000103508 
7677 0.000103509 
7678 0.000103509 
7679 0.00010351 
7680 0.000103511 
7681 0.000103512 
7682 0.000103512 
7683 0.000103516 
7684 0.000103517 
7685 0.00010352 
7686 0.000103528 
7687 0.000103532 
7688 0.000103538 
7689 0.000103541 
7690 0.000103547 
7691 0.00010355 
7692 0.000103555 
7693 0.00010358 
7694 0.00010361 
7695 0.000103657 
7696 0.000104155 
7697 0.000104189 
7698 0.000104189 
7699 0.000104189 
7700 0.000104189 
7701 0.000104186 
7702 0.000104183 
7703 0.000104175 
7704 0.000104175 
7705 0.000104174 
7706 0.000104174 
7707 0.000104174 
7708 0.000104174 
7709 0.000104174 
7710 0.000104174 
7711 0.000104174 
7712 0.000104174 
7713 0.000104174 
7714 0.000104173 
7715 0.000104173 
7716 0.000104173 
7717 0.000104173 
7718 0.000104173 
7719 0.000104173 
7720 0.000104173 
7721 0.000104173 
7722 0.000104173 
7723 0.000104173 
7724 0.000104173 
7725 0.000104173 
7726 0.000104173 
7727 0.000104173 
7728 0.000104173 
7729 0.000104173 
7730 0.000104173 
7731 0.000104173 
7732 0.000104173 
7733 0.000104173 
7734 0.000104173 
7735 0.000104173 
7736 0.000104173 
7737 0.000104173 
7738 0.000104173 
7739 0.000104173 
7740 0.000104173 
7741 0.000104173 
7742 0.000104174 
7743 0.000104174 
7744 0.000104174 
7745 0.000104174 
7746 0.000104174 
7747 0.000104174 
7748 0.000104174 
7749 0.000104174 
7750 0.000104174 
7751 0.000104174 
7752 0.000104175 
7753 0.000104175 
7754 0.000104175 
7755 0.000104175 
7756 0.000104175 
7757 0.000104175 
7758 0.000104175 
7759 0.000104175 
7760 0.000104176 
7761 0.000104176 
7762 0.000104176 
7763 0.000104176 
7764 0.000104176 
7765 0.000104177 
7766 0.000104177 
7767 0.000104177 
7768 0.000104177 
7769 0.000104178 
7770 0.000104178 
7771 0.000104178 
7772 0.000104178 
7773 0.000104179 
7774 0.000104179 
7775 0.00010418 
7776 0.00010418 
7777 0.00010418 
7778 0.000104181 
7779 0.000104181 
7780 0.000104182 
7781 0.000104188 
7782 0.000104191 
7783 0.000104193 
7784 0.000104195 
7785 0.000104196 
7786 0.000104198 
7787 0.000104201 
7788 0.000104204 
7789 0.000104209 
7790 0.000104219 
7791 0.000104222 
7792 0.000104322 
7793 0.00010438 
7794 0.000104421 
7795 0.000107172 
7796 0.000107264 
7797 0.000107289 
7798 0.000107289 
7799 0.000107286 
7800 0.000107263 
7801 0.000107263 
7802 0.000107262 
7803 0.000107262 
7804 0.000107261 
7805 0.000107261 
7806 0.000107261 
7807 0.000107261 
7808 0.000107261 
7809 0.00010726 
7810 0.00010726 
7811 0.00010726 
7812 0.00010726 
7813 0.000107259 
7814 0.000107259 
7815 0.000107259 
7816 0.000107259 
7817 0.000107259 
7818 0.000107259 
7819 0.000107259 
7820 0.000107259 
7821 0.000107259 
7822 0.000107259 
7823 0.000107259 
7824 0.000107258 
7825 0.000107258 
7826 0.000107258 
7827 0.000107258 
7828 0.000107258 
7829 0.000107258 
7830 0.000107258 
7831 0.000107258 
7832 0.000107258 
7833 0.000107258 
7834 0.000107259 
7835 0.000107259 
7836 0.000107259 
7837 0.000107259 
7838 0.000107259 
7839 0.000107259 
7840 0.000107259 
7841 0.000107259 
7842 0.000107259 
7843 0.000107259 
7844 0.000107259 
7845 0.000107259 
7846 0.000107259 
7847 0.000107259 
7848 0.00010726 
7849 0.00010726 
7850 0.00010726 
7851 0.00010726 
7852 0.00010726 
7853 0.000107261 
7854 0.000107261 
7855 0.000107261 
7856 0.000107261 
7857 0.000107261 
7858 0.000107262 
7859 0.000107262 
7860 0.000107262 
7861 0.000107262 
7862 0.000107263 
7863 0.000107263 
7864 0.000107263 
7865 0.000107264 
7866 0.000107264 
7867 0.000107264 
7868 0.000107265 
7869 0.000107265 
7870 0.000107265 
7871 0.000107266 
7872 0.000107266 
7873 0.000107267 
7874 0.000107267 
7875 0.000107268 
7876 0.000107268 
7877 0.000107269 
7878 0.00010727 
7879 0.00010727 
7880 0.000107271 
7881 0.000107272 
7882 0.000107272 
7883 0.000107273 
7884 0.000107274 
7885 0.000107274 
7886 0.000107275 
7887 0.000107275 
7888 0.000107276 
7889 0.000107277 
7890 0.000107278 
7891 0.00010728 
7892 0.000107282 
7893 0.000107283 
7894 0.000107283 
7895 0.000107284 
7896 0.000107284 
7897 0.000107285 
7898 0.000107285 
7899 0.000107285 
7900 0.000107287 
7901 0.000107288 
7902 0.000107289 
7903 0.00010729 
7904 0.000107292 
7905 0.000107295 
7906 0.000107296 
7907 0.000107302 
7908 0.000107305 
7909 0.000107307 
7910 0.000107309 
7911 0.000107318 
7912 0.00010733 
7913 0.000107338 
7914 0.000107359 
7915 0.00010737 
7916 0.00010739 
7917 0.000107433 
7918 0.00010746 
7919 0.000108133 
7920 0.000108179 
7921 0.000108174 
7922 0.000108172 
7923 0.000108172 
7924 0.000108167 
7925 0.000108164 
7926 0.000108163 
7927 0.000108162 
7928 0.000108162 
7929 0.000108162 
7930 0.00010816 
7931 0.000108158 
7932 0.000108158 
7933 0.000108158 
7934 0.000108158 
7935 0.000108157 
7936 0.000108157 
7937 0.000108157 
7938 0.000108157 
7939 0.000108157 
7940 0.000108157 
7941 0.000108156 
7942 0.000108156 
7943 0.000108156 
7944 0.000108156 
7945 0.000108156 
7946 0.000108156 
7947 0.000108156 
7948 0.000108156 
7949 0.000108156 
7950 0.000108156 
7951 0.000108156 
7952 0.000108156 
7953 0.000108156 
7954 0.000108156 
7955 0.000108156 
7956 0.000108156 
7957 0.000108156 
7958 0.000108156 
7959 0.000108156 
7960 0.000108156 
7961 0.000108156 
7962 0.000108156 
7963 0.000108156 
7964 0.000108156 
7965 0.000108156 
7966 0.000108156 
7967 0.000108156 
7968 0.000108156 
7969 0.000108156 
7970 0.000108156 
7971 0.000108156 
7972 0.000108156 
7973 0.000108156 
7974 0.000108156 
7975 0.000108156 
7976 0.000108157 
7977 0.000108157 
7978 0.000108157 
7979 0.000108157 
7980 0.000108157 
7981 0.000108157 
7982 0.000108157 
7983 0.000108157 
7984 0.000108157 
7985 0.000108157 
7986 0.000108157 
7987 0.000108157 
7988 0.000108157 
7989 0.000108158 
7990 0.000108158 
7991 0.000108158 
7992 0.000108158 
7993 0.000108158 
7994 0.000108158 
7995 0.000108158 
7996 0.000108159 
7997 0.000108159 
7998 0.000108159 
7999 0.000108159 
8000 0.00010816 
8001 0.00010816 
8002 0.000108161 
8003 0.000108161 
8004 0.000108161 
8005 0.000108161 
8006 0.000108161 
8007 0.000108162 
8008 0.000108162 
8009 0.000108162 
8010 0.000108162 
8011 0.000108163 
8012 0.000108163 
8013 0.000108164 
8014 0.000108164 
8015 0.000108165 
8016 0.000108166 
8017 0.000108166 
8018 0.000108167 
8019 0.000108167 
8020 0.000108168 
8021 0.000108168 
8022 0.000108168 
8023 0.000108169 
8024 0.000108169 
8025 0.000108171 
8026 0.000108171 
8027 0.000108172 
8028 0.000108179 
8029 0.000108182 
8030 0.000108188 
8031 0.000108192 
8032 0.000108197 
8033 0.000108201 
8034 0.000108206 
8035 0.000108215 
8036 0.00010822 
8037 0.000108228 
8038 0.000108236 
8039 0.000108276 
8040 0.000108722 
8041 0.000108753 
8042 0.000108753 
8043 0.000108747 
8044 0.000108747 
8045 0.000108746 
8046 0.000108745 
8047 0.000108744 
8048 0.000108743 
8049 0.000108742 
8050 0.000108741 
8051 0.00010874 
8052 0.00010874 
8053 0.00010874 
8054 0.000108739 
8055 0.000108739 
8056 0.000108739 
8057 0.000108739 
8058 0.000108739 
8059 0.000108739 
8060 0.000108739 
8061 0.000108739 
8062 0.000108739 
8063 0.000108739 
8064 0.000108739 
8065 0.000108739 
8066 0.000108739 
8067 0.000108739 
8068 0.000108739 
8069 0.000108739 
8070 0.000108739 
8071 0.000108739 
8072 0.000108739 
8073 0.000108739 
8074 0.000108739 
8075 0.000108739 
8076 0.000108739 
8077 0.000108739 
8078 0.000108739 
8079 0.000108739 
8080 0.000108739 
8081 0.000108739 
8082 0.000108739 
8083 0.000108739 
8084 0.000108739 
8085 0.000108739 
8086 0.000108739 
8087 0.000108739 
8088 0.000108739 
8089 0.000108739 
8090 0.000108739 
8091 0.000108739 
8092 0.000108739 
8093 0.000108739 
8094 0.000108739 
8095 0.000108739 
8096 0.000108739 
8097 0.000108739 
8098 0.000108739 
8099 0.000108739 
8100 0.000108739 
8101 0.000108739 
8102 0.000108739 
8103 0.000108739 
8104 0.000108739 
8105 0.000108739 
8106 0.000108739 
8107 0.000108739 
8108 0.000108739 
8109 0.000108739 
8110 0.000108739 
8111 0.000108739 
8112 0.00010874 
8113 0.00010874 
8114 0.00010874 
8115 0.00010874 
8116 0.00010874 
8117 0.00010874 
8118 0.00010874 
8119 0.00010874 
8120 0.00010874 
8121 0.00010874 
8122 0.00010874 
8123 0.00010874 
8124 0.00010874 
8125 0.000108741 
8126 0.000108741 
8127 0.000108741 
8128 0.000108741 
8129 0.000108741 
8130 0.000108741 
8131 0.000108741 
8132 0.000108741 
8133 0.000108741 
8134 0.000108741 
8135 0.000108742 
8136 0.000108742 
8137 0.000108742 
8138 0.000108742 
8139 0.000108743 
8140 0.000108743 
8141 0.000108743 
8142 0.000108743 
8143 0.000108743 
8144 0.000108744 
8145 0.000108744 
8146 0.000108744 
8147 0.000108744 
8148 0.000108744 
8149 0.000108745 
8150 0.000108745 
8151 0.000108745 
8152 0.000108746 
8153 0.000108746 
8154 0.000108747 
8155 0.000108748 
8156 0.000108749 
8157 0.00010875 
8158 0.000108751 
8159 0.000108752 
8160 0.000108764 
8161 0.000108771 
8162 0.00010879 
8163 0.000108806 
8164 0.000108818 
8165 0.00010883 
8166 0.00010884 
8167 0.000108964 
8168 0.000111082 
8169 0.000111205 
8170 0.000111194 
8171 0.000111179 
8172 0.000111174 
8173 0.000111171 
8174 0.000111168 
8175 0.000111167 
8176 0.000111164 
8177 0.000111161 
8178 0.00011116 
8179 0.000111159 
8180 0.000111159 
8181 0.000111158 
8182 0.000111158 
8183 0.000111158 
8184 0.000111158 
8185 0.000111159 
8186 0.000111159 
8187 0.000111159 
8188 0.00011116 
8189 0.000111161 
8190 0.000111162 
8191 0.000111163 
8192 0.000111164 
8193 0.000111165 
8194 0.000111166 
8195 0.000111167 
8196 0.000111169 
8197 0.000111171 
8198 0.000111173 
8199 0.000111174 
8200 0.000111177 
8201 0.000111181 
8202 0.000111183 
8203 0.000111188 
8204 0.000111191 
8205 0.000111199 
8206 0.000111204 
8207 0.00011121 
8208 0.000111224 
8209 0.000111231 
8210 0.000111245 
8211 0.000111273 
8212 0.000111296 
8213 0.000111336 
8214 0.000111427 
8215 0.000113306 
8216 0.000113419 
8217 0.000113419 
8218 0.000113403 
8219 0.0001134 
8220 0.000113397 
8221 0.000113396 
8222 0.000113393 
8223 0.000113391 
8224 0.00011339 
8225 0.000113386 
8226 0.000113385 
8227 0.000113383 
8228 0.000113382 
8229 0.00011338 
8230 0.000113379 
8231 0.000113378 
8232 0.000113376 
8233 0.000113376 
8234 0.000113375 
8235 0.000113375 
8236 0.000113374 
8237 0.000113374 
8238 0.000113373 
8239 0.000113373 
8240 0.000113373 
8241 0.000113373 
8242 0.000113373 
8243 0.000113373 
8244 0.000113373 
8245 0.000113374 
8246 0.000113374 
8247 0.000113375 
8248 0.000113375 
8249 0.000113376 
8250 0.000113377 
8251 0.000113378 
8252 0.000113379 
8253 0.00011338 
8254 0.000113381 
8255 0.000113382 
8256 0.000113384 
8257 0.000113386 
8258 0.000113388 
8259 0.00011339 
8260 0.000113391 
8261 0.000113393 
8262 0.000113396 
8263 0.000113401 
8264 0.000113406 
8265 0.000113412 
8266 0.000113414 
8267 0.000113418 
8268 0.00011343 
8269 0.000113434 
8270 0.000113445 
8271 0.000113452 
8272 0.00011346 
8273 0.000113463 
8274 0.000113471 
8275 0.000113477 
8276 0.000113487 
8277 0.00011351 
8278 0.000113525 
8279 0.000113535 
8280 0.00011355 
8281 0.000113591 
8282 0.000113794 
8283 0.000114071 
8284 0.000114153 
8285 0.000119881 
8286 0.000120168 
8287 0.000120137 
8288 0.000120101 
8289 0.000120092 
8290 0.00012008 
8291 0.00012007 
8292 0.000120059 
8293 0.000120044 
8294 0.000120039 
8295 0.000120033 
8296 0.000120032 
8297 0.000120035 
8298 0.000120039 
8299 0.000120046 
8300 0.000120054 
8301 0.000120063 
8302 0.000120081 
8303 0.000120098 
8304 0.000120143 
8305 0.000120197 
8306 0.000120275 
8307 0.000120399 
8308 0.000120637 
8309 0.000122413 
8310 0.000122488 
8311 0.00012248 
8312 0.000122474 
8313 0.000122468 
8314 0.000122462 
8315 0.000122457 
8316 0.000122458 
8317 0.000122464 
8318 0.000122472 
8319 0.00012249 
8320 0.000122511 
8321 0.000122544 
8322 0.00012264 
8323 0.000123086 
8324 0.000123124 
8325 0.000123121 
8326 0.000123119 
8327 0.000123116 
8328 0.000123112 
8329 0.000123109 
8330 0.000123108 
8331 0.000123108 
8332 0.000123107 
8333 0.000123106 
8334 0.000123106 
8335 0.000123106 
8336 0.000123106 
8337 0.000123106 
8338 0.000123106 
8339 0.000123106 
8340 0.000123106 
8341 0.000123106 
8342 0.000123106 
8343 0.000123105 
8344 0.000123105 
8345 0.000123105 
8346 0.000123105 
8347 0.000123105 
8348 0.000123105 
8349 0.000123105 
8350 0.000123105 
8351 0.000123105 
8352 0.000123105 
8353 0.000123105 
8354 0.000123105 
8355 0.000123105 
8356 0.000123105 
8357 0.000123105 
8358 0.000123105 
8359 0.000123105 
8360 0.000123105 
8361 0.000123105 
8362 0.000123105 
8363 0.000123105 
8364 0.000123105 
8365 0.000123105 
8366 0.000123105 
8367 0.000123105 
8368 0.000123105 
8369 0.000123105 
8370 0.000123105 
8371 0.000123105 
8372 0.000123105 
8373 0.000123106 
8374 0.000123106 
8375 0.000123106 
8376 0.000123106 
8377 0.000123106 
8378 0.000123106 
8379 0.000123106 
8380 0.000123107 
8381 0.000123107 
8382 0.000123107 
8383 0.000123107 
8384 0.000123107 
8385 0.000123107 
8386 0.000123108 
8387 0.000123108 
8388 0.000123108 
8389 0.000123108 
8390 0.000123108 
8391 0.000123109 
8392 0.000123109 
8393 0.00012311 
8394 0.00012311 
8395 0.00012311 
8396 0.000123111 
8397 0.000123111 
8398 0.000123111 
8399 0.000123112 
8400 0.000123113 
8401 0.000123113 
8402 0.000123114 
8403 0.000123115 
8404 0.000123116 
8405 0.000123116 
8406 0.000123117 
8407 0.000123117 
8408 0.000123118 
8409 0.000123119 
8410 0.00012312 
8411 0.000123121 
8412 0.000123122 
8413 0.000123125 
8414 0.000123126 
8415 0.000123129 
8416 0.00012313 
8417 0.000123131 
8418 0.000123132 
8419 0.000123134 
8420 0.000123135 
8421 0.000123137 
8422 0.000123139 
8423 0.00012314 
8424 0.000123145 
8425 0.000123156 
8426 0.000123164 
8427 0.000123197 
8428 0.000124916 
8429 0.000125048 
8430 0.000125041 
8431 0.000125011 
8432 0.000125008 
8433 0.000125004 
8434 0.000125002 
8435 0.000125 
8436 0.000124992 
8437 0.000124989 
8438 0.000124987 
8439 0.000124986 
8440 0.000124985 
8441 0.000124982 
8442 0.000124981 
8443 0.00012498 
8444 0.000124979 
8445 0.000124979 
8446 0.000124978 
8447 0.000124977 
8448 0.000124977 
8449 0.000124978 
8450 0.000124978 
8451 0.000124979 
8452 0.00012498 
8453 0.000124981 
8454 0.000124983 
8455 0.000124985 
8456 0.000124988 
8457 0.000124992 
8458 0.000124995 
8459 0.000125 
8460 0.000125005 
8461 0.00012501 
8462 0.000125017 
8463 0.000125021 
8464 0.000125029 
8465 0.000125041 
8466 0.000125054 
8467 0.000125066 
8468 0.000125081 
8469 0.000125102 
8470 0.00012512 
8471 0.00012515 
8472 0.000125179 
8473 0.00012522 
8474 0.000125712 
8475 0.000125746 
8476 0.00012574 
8477 0.000125739 
8478 0.000125737 
8479 0.000125736 
8480 0.000125735 
8481 0.000125735 
8482 0.000125734 
8483 0.000125733 
8484 0.000125732 
8485 0.000125731 
8486 0.000125731 
8487 0.000125731 
8488 0.000125731 
8489 0.00012573 
8490 0.00012573 
8491 0.00012573 
8492 0.000125729 
8493 0.000125729 
8494 0.000125729 
8495 0.000125729 
8496 0.000125729 
8497 0.000125729 
8498 0.000125729 
8499 0.000125728 
8500 0.000125728 
8501 0.000125728 
8502 0.000125728 
8503 0.000125728 
8504 0.000125728 
8505 0.000125728 
8506 0.000125728 
8507 0.000125728 
8508 0.000125728 
8509 0.000125728 
8510 0.000125728 
8511 0.000125728 
8512 0.000125728 
8513 0.000125728 
8514 0.000125728 
8515 0.000125728 
8516 0.000125728 
8517 0.000125728 
8518 0.000125728 
8519 0.000125728 
8520 0.000125728 
8521 0.000125728 
8522 0.000125728 
8523 0.000125728 
8524 0.000125728 
8525 0.000125728 
8526 0.000125728 
8527 0.000125728 
8528 0.000125728 
8529 0.000125728 
8530 0.000125728 
8531 0.000125728 
8532 0.000125728 
8533 0.000125729 
8534 0.000125729 
8535 0.000125729 
8536 0.000125729 
8537 0.000125729 
8538 0.000125729 
8539 0.000125729 
8540 0.000125729 
8541 0.000125729 
8542 0.000125729 
8543 0.000125729 
8544 0.000125729 
8545 0.00012573 
8546 0.00012573 
8547 0.00012573 
8548 0.00012573 
8549 0.00012573 
8550 0.00012573 
8551 0.00012573 
8552 0.000125731 
8553 0.000125731 
8554 0.000125731 
8555 0.000125731 
8556 0.000125731 
8557 0.000125732 
8558 0.000125732 
8559 0.000125733 
8560 0.000125733 
8561 0.000125733 
8562 0.000125733 
8563 0.000125734 
8564 0.000125734 
8565 0.000125735 
8566 0.000125735 
8567 0.000125736 
8568 0.000125737 
8569 0.000125737 
8570 0.000125738 
8571 0.000125739 
8572 0.000125739 
8573 0.00012574 
8574 0.00012574 
8575 0.000125741 
8576 0.000125742 
8577 0.000125743 
8578 0.000125744 
8579 0.000125744 
8580 0.000125747 
8581 0.000125748 
8582 0.00012575 
8583 0.000125751 
8584 0.000125754 
8585 0.000125758 
8586 0.000125764 
8587 0.000125767 
8588 0.000125784 
8589 0.000125792 
8590 0.000125822 
8591 0.000125851 
8592 0.000126109 
8593 0.00012618 
8594 0.000132299 
8595 0.000132538 
8596 0.000132524 
8597 0.000132516 
8598 0.00013251 
8599 0.000132468 
8600 0.000132451 
8601 0.000132445 
8602 0.000132443 
8603 0.000132451 
8604 0.000132465 
8605 0.000132483 
8606 0.000132502 
8607 0.000132592 
8608 0.000132674 
8609 0.000132798 
8610 0.000132987 
8611 0.000134999 
8612 0.000135134 
8613 0.000135134 
8614 0.000135119 
8615 0.000135095 
8616 0.000135083 
8617 0.000135076 
8618 0.00013507 
8619 0.000135065 
8620 0.000135063 
8621 0.000135061 
8622 0.00013506 
8623 0.000135059 
8624 0.000135059 
8625 0.000135059 
8626 0.000135059 
8627 0.00013506 
8628 0.000135062 
8629 0.000135064 
8630 0.000135066 
8631 0.000135071 
8632 0.000135075 
8633 0.000135082 
8634 0.00013509 
8635 0.000135096 
8636 0.000135109 
8637 0.000135133 
8638 0.000135149 
8639 0.000135165 
8640 0.000135209 
8641 0.000135259 
8642 0.000135371 
8643 0.000135791 
8644 0.000135824 
8645 0.000135817 
8646 0.000135815 
8647 0.000135813 
8648 0.000135811 
8649 0.000135809 
8650 0.000135809 
8651 0.000135808 
8652 0.000135808 
8653 0.000135807 
8654 0.000135807 
8655 0.000135807 
8656 0.000135807 
8657 0.000135806 
8658 0.000135806 
8659 0.000135806 
8660 0.000135806 
8661 0.000135806 
8662 0.000135806 
8663 0.000135806 
8664 0.000135806 
8665 0.000135806 
8666 0.000135806 
8667 0.000135806 
8668 0.000135806 
8669 0.000135805 
8670 0.000135805 
8671 0.000135805 
8672 0.000135805 
8673 0.000135805 
8674 0.000135805 
8675 0.000135805 
8676 0.000135805 
8677 0.000135805 
8678 0.000135805 
8679 0.000135805 
8680 0.000135805 
8681 0.000135805 
8682 0.000135805 
8683 0.000135805 
8684 0.000135805 
8685 0.000135805 
8686 0.000135805 
8687 0.000135805 
8688 0.000135805 
8689 0.000135805 
8690 0.000135805 
8691 0.000135805 
8692 0.000135805 
8693 0.000135805 
8694 0.000135805 
8695 0.000135805 
8696 0.000135805 
8697 0.000135805 
8698 0.000135805 
8699 0.000135805 
8700 0.000135805 
8701 0.000135805 
8702 0.000135805 
8703 0.000135805 
8704 0.000135805 
8705 0.000135805 
8706 0.000135806 
8707 0.000135806 
8708 0.000135806 
8709 0.000135806 
8710 0.000135806 
8711 0.000135806 
8712 0.000135806 
8713 0.000135806 
8714 0.000135806 
8715 0.000135806 
8716 0.000135806 
8717 0.000135806 
8718 0.000135806 
8719 0.000135806 
8720 0.000135806 
8721 0.000135807 
8722 0.000135807 
8723 0.000135807 
8724 0.000135807 
8725 0.000135807 
8726 0.000135807 
8727 0.000135808 
8728 0.000135808 
8729 0.000135808 
8730 0.000135808 
8731 0.000135808 
8732 0.000135809 
8733 0.000135809 
8734 0.000135809 
8735 0.000135809 
8736 0.00013581 
8737 0.00013581 
8738 0.00013581 
8739 0.00013581 
8740 0.000135812 
8741 0.000135813 
8742 0.000135814 
8743 0.000135815 
8744 0.000135815 
8745 0.000135816 
8746 0.000135818 
8747 0.000135819 
8748 0.00013582 
8749 0.000135823 
8750 0.000135825 
8751 0.000135828 
8752 0.000135834 
8753 0.000135836 
8754 0.000135845 
8755 0.000135882 
8756 0.000135941 
8757 0.000135984 
8758 0.000136002 
8759 0.000140975 
8760 0.000141169 
8761 0.000141146 
8762 0.000141121 
8763 0.000141105 
8764 0.000141098 
8765 0.000141105 
8766 0.000141128 
8767 0.000141181 
8768 0.000141209 
8769 0.000141209 
8770 0.000141208 
8771 0.000141208 
8772 0.000141208 
8773 0.000141208 
8774 0.000141207 
8775 0.000141207 
8776 0.000141206 
8777 0.000141206 
8778 0.000141205 
8779 0.000141205 
8780 0.000141205 
8781 0.000141205 
8782 0.000141205 
8783 0.000141205 
8784 0.000141205 
8785 0.000141205 
8786 0.000141205 
8787 0.000141205 
8788 0.000141205 
8789 0.000141204 
8790 0.000141204 
8791 0.000141204 
8792 0.000141204 
8793 0.000141204 
8794 0.000141204 
8795 0.000141204 
8796 0.000141204 
8797 0.000141203 
8798 0.000141203 
8799 0.000141203 
8800 0.000141203 
8801 0.000141203 
8802 0.000141203 
8803 0.000141203 
8804 0.000141203 
8805 0.000141202 
8806 0.000141202 
8807 0.000141202 
8808 0.000141202 
8809 0.000141202 
8810 0.000141202 
8811 0.000141202 
8812 0.000141202 
8813 0.000141202 
8814 0.000141202 
8815 0.000141202 
8816 0.000141202 
8817 0.000141202 
8818 0.000141202 
8819 0.000141202 
8820 0.000141202 
8821 0.000141202 
8822 0.000141202 
8823 0.000141202 
8824 0.000141202 
8825 0.000141202 
8826 0.000141202 
8827 0.000141202 
8828 0.000141202 
8829 0.000141202 
8830 0.000141202 
8831 0.000141202 
8832 0.000141202 
8833 0.000141202 
8834 0.000141202 
8835 0.000141202 
8836 0.000141202 
8837 0.000141202 
8838 0.000141202 
8839 0.000141202 
8840 0.000141202 
8841 0.000141202 
8842 0.000141202 
8843 0.000141202 
8844 0.000141202 
8845 0.000141202 
8846 0.000141202 
8847 0.000141202 
8848 0.000141202 
8849 0.000141202 
8850 0.000141202 
8851 0.000141202 
8852 0.000141203 
8853 0.000141203 
8854 0.000141203 
8855 0.000141203 
8856 0.000141203 
8857 0.000141203 
8858 0.000141203 
8859 0.000141203 
8860 0.000141203 
8861 0.000141203 
8862 0.000141204 
8863 0.000141204 
8864 0.000141204 
8865 0.000141204 
8866 0.000141204 
8867 0.000141205 
8868 0.000141205 
8869 0.000141205 
8870 0.000141205 
8871 0.000141205 
8872 0.000141205 
8873 0.000141205 
8874 0.000141205 
8875 0.000141206 
8876 0.000141206 
8877 0.000141206 
8878 0.000141206 
8879 0.000141206 
8880 0.000141207 
8881 0.000141207 
8882 0.000141207 
8883 0.000141207 
8884 0.000141208 
8885 0.000141208 
8886 0.000141208 
8887 0.000141208 
8888 0.000141209 
8889 0.000141209 
8890 0.000141209 
8891 0.00014121 
8892 0.00014121 
8893 0.000141211 
8894 0.000141211 
8895 0.000141212 
8896 0.000141212 
8897 0.000141212 
8898 0.000141213 
8899 0.000141213 
8900 0.000141213 
8901 0.000141214 
8902 0.000141215 
8903 0.000141215 
8904 0.000141217 
8905 0.000141217 
8906 0.000141218 
8907 0.000141218 
8908 0.00014122 
8909 0.00014122 
8910 0.00014122 
8911 0.000141221 
8912 0.000141222 
8913 0.000141222 
8914 0.000141223 
8915 0.000141223 
8916 0.000141226 
8917 0.000141226 
8918 0.000141227 
8919 0.000141228 
8920 0.000141229 
8921 0.00014123 
8922 0.000141231 
8923 0.000141232 
8924 0.000141234 
8925 0.000141235 
8926 0.000141237 
8927 0.000141237 
8928 0.000141237 
8929 0.000141238 
8930 0.00014124 
8931 0.000141241 
8932 0.000141243 
8933 0.000141244 
8934 0.000141249 
8935 0.000141252 
8936 0.000141258 
8937 0.000141266 
8938 0.000141269 
8939 0.000141302 
8940 0.000141356 
8941 0.000141398 
8942 0.00014145 
8943 0.000141513 
8944 0.000141575 
8945 0.000141949 
8946 0.000142699 
8947 0.00014276 
8948 0.00014276 
8949 0.000142755 
8950 0.000142755 
8951 0.000142748 
8952 0.000142745 
8953 0.000142733 
8954 0.000142731 
8955 0.00014273 
8956 0.00014273 
8957 0.000142729 
8958 0.000142728 
8959 0.000142728 
8960 0.000142727 
8961 0.000142726 
8962 0.000142726 
8963 0.000142725 
8964 0.000142724 
8965 0.000142724 
8966 0.000142724 
8967 0.000142724 
8968 0.000142724 
8969 0.000142724 
8970 0.000142723 
8971 0.000142723 
8972 0.000142723 
8973 0.000142723 
8974 0.000142723 
8975 0.000142723 
8976 0.000142723 
8977 0.000142723 
8978 0.000142722 
8979 0.000142722 
8980 0.000142722 
8981 0.000142722 
8982 0.000142722 
8983 0.000142722 
8984 0.000142722 
8985 0.000142722 
8986 0.000142722 
8987 0.000142722 
8988 0.000142722 
8989 0.000142722 
8990 0.000142722 
8991 0.000142722 
8992 0.000142722 
8993 0.000142722 
8994 0.000142722 
8995 0.000142722 
8996 0.000142722 
8997 0.000142722 
8998 0.000142722 
8999 0.000142722 
9000 0.000142722 
9001 0.000142722 
9002 0.000142722 
9003 0.000142723 
9004 0.000142723 
9005 0.000142723 
9006 0.000142723 
9007 0.000142723 
9008 0.000142723 
9009 0.000142723 
9010 0.000142723 
9011 0.000142723 
9012 0.000142723 
9013 0.000142723 
9014 0.000142723 
9015 0.000142723 
9016 0.000142724 
9017 0.000142724 
9018 0.000142724 
9019 0.000142724 
9020 0.000142724 
9021 0.000142724 
9022 0.000142725 
9023 0.000142725 
9024 0.000142725 
9025 0.000142725 
9026 0.000142725 
9027 0.000142725 
9028 0.000142725 
9029 0.000142726 
9030 0.000142726 
9031 0.000142726 
9032 0.000142727 
9033 0.000142727 
9034 0.000142727 
9035 0.000142727 
9036 0.000142727 
9037 0.000142728 
9038 0.000142728 
9039 0.000142728 
9040 0.000142728 
9041 0.000142729 
9042 0.000142729 
9043 0.00014273 
9044 0.00014273 
9045 0.00014273 
9046 0.000142731 
9047 0.000142731 
9048 0.000142731 
9049 0.000142732 
9050 0.000142733 
9051 0.000142734 
9052 0.000142734 
9053 0.000142735 
9054 0.000142735 
9055 0.000142737 
9056 0.000142737 
9057 0.000142738 
9058 0.00014274 
9059 0.000142741 
9060 0.000142742 
9061 0.000142743 
9062 0.000142744 
9063 0.000142744 
9064 0.000142746 
9065 0.000142746 
9066 0.000142748 
9067 0.00014275 
9068 0.000142753 
9069 0.000142758 
9070 0.000142759 
9071 0.00014276 
9072 0.000142763 
9073 0.00014277 
9074 0.00014278 
9075 0.00014281 
9076 0.000142826 
9077 0.000142882 
9078 0.000143448 
9079 0.000143498 
9080 0.000143481 
9081 0.000143481 
9082 0.00014348 
9083 0.00014348 
9084 0.000143478 
9085 0.000143475 
9086 0.000143474 
9087 0.000143474 
9088 0.000143473 
9089 0.000143472 
9090 0.000143471 
9091 0.00014347 
9092 0.00014347 
9093 0.000143469 
9094 0.000143467 
9095 0.000143467 
9096 0.000143466 
9097 0.000143466 
9098 0.000143466 
9099 0.000143466 
9100 0.000143466 
9101 0.000143466 
9102 0.000143466 
9103 0.000143466 
9104 0.000143466 
9105 0.000143466 
9106 0.000143467 
9107 0.000143467 
9108 0.000143468 
9109 0.000143468 
9110 0.000143468 
9111 0.000143469 
9112 0.00014347 
9113 0.00014347 
9114 0.000143471 
9115 0.000143472 
9116 0.000143476 
9117 0.000143477 
9118 0.000143478 
9119 0.000143479 
9120 0.000143483 
9121 0.000143486 
9122 0.00014349 
9123 0.000143494 
9124 0.000143496 
9125 0.000143499 
9126 0.000143506 
9127 0.000143517 
9128 0.000143528 
9129 0.000143546 
9130 0.000143559 
9131 0.000143571 
9132 0.000143842 
9133 0.000143903 
9134 0.000148914 
9135 0.000149112 
9136 0.000149089 
9137 0.000149031 
9138 0.000149013 
9139 0.000149 
9140 0.000148998 
9141 0.000149006 
9142 0.000149023 
9143 0.000149063 
9144 0.000149101 
9145 0.000149152 
9146 0.000149289 
9147 0.000149458 
9148 0.00015471 
9149 0.000155019 
9150 0.000154944 
9151 0.000154942 
9152 0.000154924 
9153 0.000154888 
9154 0.000154879 
9155 0.000154857 
9156 0.000154849 
9157 0.000154836 
9158 0.000154829 
9159 0.000154821 
9160 0.000154815 
9161 0.000154812 
9162 0.000154811 
9163 0.000154812 
9164 0.000154814 
9165 0.000154819 
9166 0.000154825 
9167 0.000154832 
9168 0.000154842 
9169 0.000154855 
9170 0.00015487 
9171 0.000154901 
9172 0.000154929 
9173 0.000154979 
9174 0.000155095 
9175 0.000155244 
9176 0.000155613 
9177 0.000156099 
9178 0.000165037 
9179 0.000165631 
9180 0.000165575 
9181 0.000165443 
9182 0.000165408 
9183 0.000165319 
9184 0.000165299 
9185 0.000165284 
9186 0.000165255 
9187 0.000165246 
9188 0.000165238 
9189 0.000165226 
9190 0.000165217 
9191 0.000165214 
9192 0.000165213 
9193 0.000165214 
9194 0.00016522 
9195 0.000165229 
9196 0.000165241 
9197 0.000165257 
9198 0.000165287 
9199 0.00016532 
9200 0.000165358 
9201 0.000165436 
9202 0.00016553 
9203 0.00016567 
9204 0.000165776 
9205 0.000165969 
9206 0.000166147 
9207 0.000167227 
9208 0.000167293 
9209 0.000167289 
9210 0.000167266 
9211 0.000167263 
9212 0.000167263 
9213 0.000167262 
9214 0.000167262 
9215 0.00016726 
9216 0.00016726 
9217 0.000167259 
9218 0.000167259 
9219 0.000167258 
9220 0.000167258 
9221 0.000167258 
9222 0.000167257 
9223 0.000167257 
9224 0.000167257 
9225 0.000167257 
9226 0.000167256 
9227 0.000167256 
9228 0.000167256 
9229 0.000167256 
9230 0.000167255 
9231 0.000167255 
9232 0.000167255 
9233 0.000167255 
9234 0.000167255 
9235 0.000167255 
9236 0.000167255 
9237 0.000167255 
9238 0.000167255 
9239 0.000167255 
9240 0.000167255 
9241 0.000167255 
9242 0.000167255 
9243 0.000167255 
9244 0.000167255 
9245 0.000167255 
9246 0.000167255 
9247 0.000167255 
9248 0.000167256 
9249 0.000167256 
9250 0.000167256 
9251 0.000167256 
9252 0.000167256 
9253 0.000167256 
9254 0.000167257 
9255 0.000167257 
9256 0.000167257 
9257 0.000167257 
9258 0.000167258 
9259 0.000167258 
9260 0.000167258 
9261 0.000167259 
9262 0.000167259 
9263 0.00016726 
9264 0.00016726 
9265 0.000167261 
9266 0.000167261 
9267 0.000167261 
9268 0.000167262 
9269 0.000167263 
9270 0.000167263 
9271 0.000167264 
9272 0.000167265 
9273 0.000167265 
9274 0.000167266 
9275 0.000167266 
9276 0.000167268 
9277 0.00016727 
9278 0.000167271 
9279 0.000167272 
9280 0.000167273 
9281 0.000167274 
9282 0.000167276 
9283 0.000167277 
9284 0.000167279 
9285 0.000167282 
9286 0.000167284 
9287 0.000167285 
9288 0.000167287 
9289 0.000167288 
9290 0.000167291 
9291 0.000167294 
9292 0.0001673 
9293 0.000167304 
9294 0.000167307 
9295 0.00016731 
9296 0.000167319 
9297 0.00016733 
9298 0.000167348 
9299 0.000167367 
9300 0.000167417 
9301 0.000169861 
9302 0.000170062 
9303 0.000170041 
9304 0.000170033 
9305 0.000170025 
9306 0.000170012 
9307 0.000169998 
9308 0.000169982 
9309 0.000169981 
9310 0.000169977 
9311 0.000169975 
9312 0.000169972 
9313 0.000169969 
9314 0.000169966 
9315 0.000169964 
9316 0.000169961 
9317 0.000169959 
9318 0.000169958 
9319 0.000169957 
9320 0.000169955 
9321 0.000169954 
9322 0.00016995 
9323 0.000169949 
9324 0.000169949 
9325 0.000169948 
9326 0.000169947 
9327 0.000169946 
9328 0.000169945 
9329 0.000169942 
9330 0.00016994 
9331 0.00016994 
9332 0.000169938 
9333 0.000169937 
9334 0.000169937 
9335 0.000169935 
9336 0.000169935 
9337 0.000169934 
9338 0.000169934 
9339 0.000169934 
9340 0.000169934 
9341 0.000169934 
9342 0.000169934 
9343 0.000169934 
9344 0.000169934 
9345 0.000169935 
9346 0.000169936 
9347 0.000169936 
9348 0.000169937 
9349 0.000169938 
9350 0.000169939 
9351 0.00016994 
9352 0.000169941 
9353 0.000169942 
9354 0.000169944 
9355 0.000169947 
9356 0.00016995 
9357 0.000169952 
9358 0.000169955 
9359 0.000169958 
9360 0.000169961 
9361 0.000169963 
9362 0.000169967 
9363 0.000169972 
9364 0.000169978 
9365 0.000169983 
9366 0.000169989 
9367 0.000169994 
9368 0.000170003 
9369 0.000170015 
9370 0.000170027 
9371 0.000170034 
9372 0.000170042 
9373 0.000170059 
9374 0.000170077 
9375 0.000170088 
9376 0.0001701 
9377 0.000170111 
9378 0.000170123 
9379 0.000170147 
9380 0.000170162 
9381 0.00017029 
9382 0.000170376 
9383 0.000171191 
9384 0.000171261 
9385 0.000171255 
9386 0.000171253 
9387 0.000171251 
9388 0.00017125 
9389 0.000171244 
9390 0.000171244 
9391 0.000171238 
9392 0.000171238 
9393 0.000171234 
9394 0.000171228 
9395 0.000171226 
9396 0.000171226 
9397 0.000171224 
9398 0.000171223 
9399 0.000171221 
9400 0.000171217 
9401 0.000171217 
9402 0.000171217 
9403 0.000171216 
9404 0.000171216 
9405 0.000171216 
9406 0.000171215 
9407 0.000171215 
9408 0.000171215 
9409 0.000171215 
9410 0.000171214 
9411 0.000171214 
9412 0.000171214 
9413 0.000171214 
9414 0.000171214 
9415 0.000171214 
9416 0.000171214 
9417 0.000171214 
9418 0.000171214 
9419 0.000171214 
9420 0.000171214 
9421 0.000171214 
9422 0.000171215 
9423 0.000171215 
9424 0.000171215 
9425 0.000171215 
9426 0.000171216 
9427 0.000171216 
9428 0.000171217 
9429 0.000171217 
9430 0.000171218 
9431 0.000171219 
9432 0.000171219 
9433 0.00017122 
9434 0.000171221 
9435 0.000171221 
9436 0.000171222 
9437 0.000171224 
9438 0.000171225 
9439 0.000171226 
9440 0.000171228 
9441 0.000171229 
9442 0.000171231 
9443 0.000171232 
9444 0.000171237 
9445 0.000171238 
9446 0.000171241 
9447 0.000171243 
9448 0.000171246 
9449 0.000171247 
9450 0.000171248 
9451 0.000171255 
9452 0.000171262 
9453 0.000171266 
9454 0.00017127 
9455 0.000171272 
9456 0.000171287 
9457 0.000171318 
9458 0.000171332 
9459 0.000171345 
9460 0.000171373 
9461 0.000171389 
9462 0.000171451 
9463 0.000172566 
9464 0.000172644 
9465 0.000172635 
9466 0.000172635 
9467 0.000172624 
9468 0.000172621 
9469 0.000172614 
9470 0.000172613 
9471 0.000172609 
9472 0.000172604 
9473 0.0001726 
9474 0.0001726 
9475 0.000172599 
9476 0.000172598 
9477 0.000172596 
9478 0.000172596 
9479 0.000172595 
9480 0.000172595 
9481 0.000172594 
9482 0.000172593 
9483 0.000172591 
9484 0.000172591 
9485 0.000172591 
9486 0.000172591 
9487 0.000172591 
9488 0.00017259 
9489 0.00017259 
9490 0.00017259 
9491 0.000172589 
9492 0.000172589 
9493 0.000172589 
9494 0.000172589 
9495 0.000172589 
9496 0.000172589 
9497 0.000172588 
9498 0.000172588 
9499 0.000172588 
9500 0.000172588 
9501 0.000172588 
9502 0.000172588 
9503 0.000172588 
9504 0.000172588 
9505 0.000172588 
9506 0.000172588 
9507 0.000172588 
9508 0.000172588 
9509 0.000172588 
9510 0.000172588 
9511 0.000172588 
9512 0.000172588 
9513 0.000172588 
9514 0.000172588 
9515 0.000172588 
9516 0.000172589 
9517 0.000172589 
9518 0.000172589 
9519 0.000172589 
9520 0.000172589 
9521 0.000172589 
9522 0.000172589 
9523 0.000172589 
9524 0.00017259 
9525 0.00017259 
9526 0.00017259 
9527 0.00017259 
9528 0.00017259 
9529 0.000172591 
9530 0.000172591 
9531 0.000172591 
9532 0.000172591 
9533 0.000172592 
9534 0.000172592 
9535 0.000172593 
9536 0.000172593 
9537 0.000172594 
9538 0.000172594 
9539 0.000172595 
9540 0.000172595 
9541 0.000172596 
9542 0.000172596 
9543 0.000172597 
9544 0.000172598 
9545 0.000172598 
9546 0.000172599 
9547 0.0001726 
9548 0.0001726 
9549 0.0001726 
9550 0.000172601 
9551 0.000172601 
9552 0.000172602 
9553 0.000172603 
9554 0.000172605 
9555 0.000172605 
9556 0.000172609 
9557 0.00017261 
9558 0.000172613 
9559 0.000172617 
9560 0.000172621 
9561 0.000172624 
9562 0.000172628 
9563 0.000172637 
9564 0.000172639 
9565 0.000172645 
9566 0.00017265 
9567 0.000172651 
9568 0.000172661 
9569 0.000172665 
9570 0.000172708 
9571 0.000172729 
9572 0.000172766 
9573 0.000172794 
9574 0.000172857 
9575 0.000173275 
9576 0.000173314 
9577 0.000173314 
9578 0.000173306 
9579 0.000173304 
9580 0.000173301 
9581 0.000173298 
9582 0.000173295 
9583 0.000173294 
9584 0.000173294 
9585 0.000173292 
9586 0.000173292 
9587 0.00017329 
9588 0.00017329 
9589 0.000173289 
9590 0.000173287 
9591 0.000173287 
9592 0.000173287 
9593 0.000173286 
9594 0.000173286 
9595 0.000173286 
9596 0.000173285 
9597 0.000173285 
9598 0.000173285 
9599 0.000173285 
9600 0.000173285 
9601 0.000173285 
9602 0.000173285 
9603 0.000173285 
9604 0.000173286 
9605 0.000173286 
9606 0.000173286 
9607 0.000173286 
9608 0.000173287 
9609 0.000173287 
9610 0.000173288 
9611 0.000173288 
9612 0.000173289 
9613 0.000173289 
9614 0.00017329 
9615 0.000173291 
9616 0.000173291 
9617 0.000173292 
9618 0.000173295 
9619 0.000173297 
9620 0.000173299 
9621 0.000173303 
9622 0.000173306 
9623 0.000173309 
9624 0.000173312 
9625 0.000173313 
9626 0.000173315 
9627 0.00017332 
9628 0.000173323 
9629 0.000173328 
9630 0.00017334 
9631 0.000173367 
9632 0.000173383 
9633 0.000173411 
9634 0.000173451 
9635 0.000174513 
9636 0.000174615 
9637 0.000174615 
9638 0.000174579 
9639 0.000174579 
9640 0.000174579 
9641 0.000174578 
9642 0.000174576 
9643 0.000174565 
9644 0.000174559 
9645 0.000174556 
9646 0.000174556 
9647 0.00017455 
9648 0.000174549 
9649 0.000174547 
9650 0.000174546 
9651 0.000174545 
9652 0.000174543 
9653 0.000174542 
9654 0.000174542 
9655 0.000174541 
9656 0.000174541 
9657 0.000174541 
9658 0.000174541 
9659 0.000174541 
9660 0.00017454 
9661 0.00017454 
9662 0.00017454 
9663 0.00017454 
9664 0.00017454 
9665 0.000174539 
9666 0.000174539 
9667 0.000174539 
9668 0.000174538 
9669 0.000174538 
9670 0.000174538 
9671 0.000174538 
9672 0.000174538 
9673 0.000174538 
9674 0.000174538 
9675 0.000174538 
9676 0.000174538 
9677 0.000174538 
9678 0.000174538 
9679 0.000174538 
9680 0.000174537 
9681 0.000174537 
9682 0.000174537 
9683 0.000174537 
9684 0.000174537 
9685 0.000174537 
9686 0.000174537 
9687 0.000174537 
9688 0.000174537 
9689 0.000174537 
9690 0.000174537 
9691 0.000174537 
9692 0.000174537 
9693 0.000174537 
9694 0.000174537 
9695 0.000174538 
9696 0.000174538 
9697 0.000174538 
9698 0.000174538 
9699 0.000174538 
9700 0.000174538 
9701 0.000174538 
9702 0.000174538 
9703 0.000174538 
9704 0.000174538 
9705 0.000174538 
9706 0.000174538 
9707 0.000174538 
9708 0.000174538 
9709 0.000174538 
9710 0.000174538 
9711 0.000174539 
9712 0.000174539 
9713 0.000174539 
9714 0.000174539 
9715 0.000174539 
9716 0.000174539 
9717 0.000174539 
9718 0.000174539 
9719 0.000174539 
9720 0.000174539 
9721 0.00017454 
9722 0.00017454 
9723 0.00017454 
9724 0.00017454 
9725 0.00017454 
9726 0.00017454 
9727 0.00017454 
9728 0.000174541 
9729 0.000174541 
9730 0.000174541 
9731 0.000174542 
9732 0.000174542 
9733 0.000174542 
9734 0.000174542 
9735 0.000174542 
9736 0.000174543 
9737 0.000174543 
9738 0.000174543 
9739 0.000174543 
9740 0.000174544 
9741 0.000174544 
9742 0.000174544 
9743 0.000174544 
9744 0.000174545 
9745 0.000174545 
9746 0.000174546 
9747 0.000174546 
9748 0.000174546 
9749 0.000174547 
9750 0.000174547 
9751 0.000174548 
9752 0.000174548 
9753 0.000174549 
9754 0.000174549 
9755 0.00017455 
9756 0.00017455 
9757 0.000174551 
9758 0.000174551 
9759 0.000174551 
9760 0.000174552 
9761 0.000174552 
9762 0.000174553 
9763 0.000174554 
9764 0.000174555 
9765 0.000174556 
9766 0.000174556 
9767 0.000174557 
9768 0.000174557 
9769 0.00017456 
9770 0.000174561 
9771 0.000174563 
9772 0.000174564 
9773 0.000174567 
9774 0.000174569 
9775 0.000174572 
9776 0.000174574 
9777 0.000174578 
9778 0.000174592 
9779 0.000174602 
9780 0.000174605 
9781 0.000174611 
9782 0.000174618 
9783 0.000174639 
9784 0.000174662 
9785 0.000174696 
9786 0.000174714 
9787 0.000174751 
9788 0.000174854 
9789 0.000175487 
9790 0.000175537 
9791 0.000175537 
9792 0.000175531 
9793 0.000175531 
9794 0.00017553 
9795 0.000175528 
9796 0.000175528 
9797 0.000175521 
9798 0.000175517 
9799 0.000175516 
9800 0.000175513 
9801 0.00017551 
9802 0.000175509 
9803 0.000175509 
9804 0.000175506 
9805 0.000175506 
9806 0.000175505 
9807 0.000175505 
9808 0.000175504 
9809 0.000175503 
9810 0.000175503 
9811 0.000175503 
9812 0.000175503 
9813 0.000175503 
9814 0.000175503 
9815 0.000175503 
9816 0.000175503 
9817 0.000175503 
9818 0.000175504 
9819 0.000175504 
9820 0.000175505 
9821 0.000175506 
9822 0.000175506 
9823 0.000175507 
9824 0.000175508 
9825 0.000175509 
9826 0.000175511 
9827 0.000175511 
9828 0.000175514 
9829 0.000175517 
9830 0.000175519 
9831 0.00017552 
9832 0.000175522 
9833 0.000175527 
9834 0.000175534 
9835 0.000175539 
9836 0.000175545 
9837 0.000175547 
9838 0.000175556 
9839 0.000175565 
9840 0.000175572 
9841 0.00017558 
9842 0.000175591 
9843 0.000175605 
9844 0.000175616 
9845 0.000175633 
9846 0.000176103 
9847 0.000176147 
9848 0.000176142 
9849 0.000176142 
9850 0.000176139 
9851 0.000176135 
9852 0.000176127 
9853 0.000176126 
9854 0.000176125 
9855 0.000176124 
9856 0.000176122 
9857 0.000176122 
9858 0.000176119 
9859 0.000176119 
9860 0.000176118 
9861 0.000176118 
9862 0.000176117 
9863 0.000176116 
9864 0.000176116 
9865 0.000176116 
9866 0.000176116 
9867 0.000176116 
9868 0.000176116 
9869 0.000176115 
9870 0.000176115 
9871 0.000176115 
9872 0.000176115 
9873 0.000176115 
9874 0.000176115 
9875 0.000176115 
9876 0.000176115 
9877 0.000176114 
9878 0.000176114 
9879 0.000176114 
9880 0.000176114 
9881 0.000176114 
9882 0.000176114 
9883 0.000176114 
9884 0.000176114 
9885 0.000176114 
9886 0.000176114 
9887 0.000176114 
9888 0.000176114 
9889 0.000176114 
9890 0.000176114 
9891 0.000176114 
9892 0.000176114 
9893 0.000176114 
9894 0.000176114 
9895 0.000176114 
9896 0.000176114 
9897 0.000176114 
9898 0.000176114 
9899 0.000176114 
9900 0.000176114 
9901 0.000176114 
9902 0.000176114 
9903 0.000176114 
9904 0.000176114 
9905 0.000176114 
9906 0.000176114 
9907 0.000176114 
9908 0.000176114 
9909 0.000176114 
9910 0.000176114 
9911 0.000176114 
9912 0.000176114 
9913 0.000176114 
9914 0.000176114 
9915 0.000176114 
9916 0.000176115 
9917 0.000176115 
9918 0.000176115 
9919 0.000176115 
9920 0.000176115 
9921 0.000176115 
9922 0.000176115 
9923 0.000176116 
9924 0.000176116 
9925 0.000176116 
9926 0.000176116 
9927 0.000176116 
9928 0.000176116 
9929 0.000176117 
9930 0.000176117 
9931 0.000176118 
9932 0.000176118 
9933 0.000176118 
9934 0.000176118 
9935 0.000176119 
9936 0.000176119 
9937 0.000176119 
9938 0.000176119 
9939 0.00017612 
9940 0.00017612 
9941 0.000176121 
9942 0.000176121 
9943 0.000176122 
9944 0.000176122 
9945 0.000176123 
9946 0.000176124 
9947 0.000176125 
9948 0.000176128 
9949 0.00017613 
9950 0.000176136 
9951 0.00017614 
9952 0.000176145 
9953 0.000176148 
9954 0.000176155 
9955 0.000176161 
9956 0.000176174 
9957 0.000176183 
9958 0.000176196 
9959 0.000176207 
9960 0.000176238 
9961 0.000176273 
9962 0.000176296 
9963 0.000176421 
9964 0.000179091 
9965 0.000179201 
9966 0.000179201 
9967 0.000179186 
9968 0.000179173 
9969 0.000179169 
9970 0.000179159 
9971 0.000179156 
9972 0.000179154 
9973 0.000179151 
9974 0.000179147 
9975 0.000179145 
9976 0.000179145 
9977 0.000179144 
9978 0.000179144 
9979 0.000179143 
9980 0.000179142 
9981 0.000179142 
9982 0.000179142 
9983 0.000179142 
9984 0.00017914 
9985 0.000179139 
9986 0.000179139 
9987 0.000179138 
9988 0.000179138 
9989 0.000179136 
9990 0.000179136 
9991 0.000179135 
9992 0.000179134 
9993 0.000179134 
9994 0.000179133 
9995 0.000179133 
9996 0.000179133 
9997 0.000179132 
9998 0.000179132 
9999 0.000179132 
10000 0.000179132 
