schema_version,run_id,family_id,label,knot_id,mirror,resolution,epsilon,kernel,representation,radius_ratio_to_hole,free_hole_radius,bundle_radius,bundle_area,tube_count,total_circulation,mean_vorticity,gamma_over_area,predicted_omega,predicted_period,baseline_omega_observed,bundle_omega_observed,initial_baseline_omega_observed,initial_bundle_omega_observed,initial_background_omega_observed,initial_background_omega_stderr,initial_delta_omega_snr,t_dyn,q_gamma_signed,q_gamma_abs,q_gamma_stderr,strict_background_omega_observed,strict_t_dyn,strict_q_gamma_signed,initial_phase_fit_r2,initial_baseline_phase_fit_r2,initial_phase_span_cycles,phase_fit_r2,baseline_phase_fit_r2,measured_phase_cycles,multipole_mean_amplitude,initial_phase_fit_certified,initial_baseline_fit_certified,phase_fit_certified,baseline_fit_valid,t_dyn_certified,t_dyn_certification_reason,hypothesis_run_pass,shape_clock_certified,shape_period,relative_energy_drift,relative_length_drift,timeseries_file
0.4.0,zeta_-64_r64_e0.05_rosenhead_trefoil_continuum_rr0.4_00000,zeta_-64_r64_e0.05_rosenhead_trefoil,trefoil,3:1:1,False,64,0.05,rosenhead,continuum,0.4,0.18784626253841002,0.07513850501536401,0.01773678789443576,0,-1.1351544252438885,-64.0,-64.0,-32.0,0.19634954084936207,0.3940689401444157,0.21366237398396726,0.25858041419303157,-0.1712943072019359,-0.42987472139496746,0.00022679562850029024,1895.427721590398,14.616317253525164,0.013433585043592733,0.013433585043592733,7.08736339063407e-06,-0.18040656616044842,34.82791918777225,0.005637705192514013,0.9999954908029465,0.9999989016982067,0.0006813005860989437,0.6100338742888909,0.9943790884484384,0.029992783061566455,0.3112285061914177,True,True,False,True,True,PASS,False,False,,0.0107233734265816,0.26025807479105373,
0.4.0,zeta_-64_r64_e0.05_rosenhead_trefoil_continuum_rr0.6_00001,zeta_-64_r64_e0.05_rosenhead_trefoil,trefoil,3:1:1,False,64,0.05,rosenhead,continuum,0.6,0.18784626253841002,0.11270775752304601,0.039907772762480455,0,-2.554097456798749,-64.0,-64.0,-32.0,0.19634954084936207,0.3940689401444157,0.20424588306841984,0.25858041419303157,-0.7079315758744427,-0.9665119900674742,0.00035653001326330417,2710.885350776028,6.5008870782254276,0.03020349968960857,0.03020349968960857,1.1141562914478255e-05,-0.18982305707599584,33.10022188012759,0.00593197053362487,0.999999131991178,0.9999989016982067,0.0028156024643951174,0.030525698545371127,0.9943790884484384,0.028670946352720297,0.3628138900031281,True,True,False,True,True,PASS,False,False,,-0.9071316833279386,-0.4371303932058207,
0.4.0,zeta_-64_r64_e0.05_rosenhead_trefoil_continuum_rr0.8_00002,zeta_-64_r64_e0.05_rosenhead_trefoil,trefoil,3:1:1,False,64,0.05,rosenhead,continuum,0.8,0.18784626253841002,0.15027701003072802,0.07094715157774303,0,-4.540617700975554,-64.0,-64.0,-32.0,0.19634954084936207,0.3940689401444157,-3.2481163114383445,0.25858041419303157,-1.4553484797944911,-1.7139288939875228,0.0023666139741946937,724.2114314696104,3.6659544799209898,0.05356027793711009,0.05356027793711009,7.395668669358418e-05,-3.64218525158276,1.7251141480102212,0.11381828911196125,0.9999894573364493,0.9999989016982067,0.005786159591656553,0.7845596170558948,0.9943790884484384,0.45595322223189316,0.35189653616194266,True,True,False,True,True,PASS,False,False,,-0.8380891836347458,-0.3413218958785144,
0.4.0,zeta_-64_r64_e0.05_rosenhead_trefoil_continuum_rr1_00003,zeta_-64_r64_e0.05_rosenhead_trefoil,trefoil,3:1:1,False,64,0.05,rosenhead,continuum,1.0,0.18784626253841002,0.18784626253841002,0.11085492434022348,0,-7.094715157774304,-64.0,-64.00000000000001,-32.0,0.19634954084936207,0.3940689401444157,-5.852540323410415,0.25858041419303157,-2.404906819516943,-2.663487233709975,0.008384468017811337,317.6691983381488,2.3590071045423144,0.08323397605343671,0.08323397605343671,0.00026201462555660427,-6.246609263554831,1.0058553436082764,0.19520653948608846,0.99995139510994,0.9999989016982067,0.009556611540576649,0.9404292765991082,0.9943790884484384,0.8215483569057894,0.40330939628635537,True,True,False,True,True,PASS,False,False,,-0.9621260117962348,-0.2405108336669236,
0.4.0,zeta_+64_r64_e0.05_rosenhead_trefoil_continuum_rr0.4_00004,zeta_+64_r64_e0.05_rosenhead_trefoil,trefoil,3:1:1,False,64,0.05,rosenhead,continuum,0.4,0.18784626253841002,0.07513850501536401,0.01773678789443576,0,1.1351544252438885,64.0,64.0,32.0,0.19634954084936207,0.3940689401444157,1.0448131978030328,0.25858041419303157,0.6880574350296068,0.42947702083657524,0.00018083842046211636,2374.9213233508967,14.629852127922035,0.013421156901142976,0.013421156901142976,5.651200639441136e-06,0.6507442576586171,9.655383406357723,0.020335758051831784,0.9999998788115902,0.9999989016982067,0.0027382428869701034,0.9964887140385829,0.9943790884484384,0.14666529720351856,0.4466045648773346,True,True,False,True,True,PASS,False,False,,0.03475872418647018,0.14123929608144153,
0.4.0,zeta_+64_r64_e0.05_rosenhead_trefoil_continuum_rr0.6_00005,zeta_+64_r64_e0.05_rosenhead_trefoil,trefoil,3:1:1,False,64,0.05,rosenhead,continuum,0.6,0.18784626253841002,0.11270775752304601,0.039907772762480455,0,2.554097456798749,64.0,64.0,32.0,0.19634954084936207,0.3940689401444157,1.7685599379919525,0.25858041419303157,1.2279690152008822,0.9693886010078506,0.00044679963989190384,2169.627086634132,6.481596029339633,0.030293393781495332,0.030293393781495332,1.3962488746621995e-05,1.3744909978475368,4.57128152677544,0.042952843682735525,0.999999519146642,0.9999989016982067,0.004887054896670091,0.9998423015669645,0.9943790884484384,0.24826099964400078,0.49580211851015143,True,True,False,True,True,PASS,False,False,,-0.044760715996019586,0.11259658800584935,
0.4.0,zeta_+64_r64_e0.05_rosenhead_trefoil_continuum_rr0.8_00006,zeta_+64_r64_e0.05_rosenhead_trefoil,trefoil,3:1:1,False,64,0.05,rosenhead,continuum,0.8,0.18784626253841002,0.15027701003072802,0.07094715157774303,0,4.540617700975554,64.0,64.0,32.0,0.19634954084936207,0.3940689401444157,2.4432155645069087,0.25858041419303157,1.9911054649184923,1.7325250507254606,0.0017662140319631909,980.9258783884283,3.6266057478064324,0.054141407835170643,0.054141407835170643,5.5194188498849715e-05,2.049146624362493,3.0662448613867923,0.06403583201132791,0.9999968710885545,0.9999989016982067,0.007925276546879917,0.9895724244196211,0.9943790884484384,0.3429655537029511,0.4759800052436618,True,True,False,True,True,PASS,False,False,,-0.1226819848482617,0.2587652290613187,
0.4.0,zeta_+64_r64_e0.05_rosenhead_trefoil_continuum_rr1_00007,zeta_+64_r64_e0.05_rosenhead_trefoil,trefoil,3:1:1,False,64,0.05,rosenhead,continuum,1.0,0.18784626253841002,0.18784626253841002,0.11085492434022348,0,7.094715157774304,64.0,64.00000000000001,32.0,0.19634954084936207,0.3940689401444157,1.5410816817178667,0.25858041419303157,2.9786180090342946,2.720037594841263,0.005745915413112449,473.3862925712428,2.309962670771932,0.08500117483878947,0.08500117483878947,0.00017955985665976402,1.147012741573451,5.477868797307716,0.035844148174170344,0.9999851234989615,0.9999989016982067,0.011859821958857627,0.6113604557716948,0.9943790884484384,0.21632881680602464,0.363863972631098,True,True,False,True,True,PASS,False,False,,-0.19876677881760454,0.58559579547421,
0.4.0,zeta_-128_r64_e0.05_rosenhead_trefoil_continuum_rr0.4_00008,zeta_-128_r64_e0.05_rosenhead_trefoil,trefoil,3:1:1,False,64,0.05,rosenhead,continuum,0.4,0.18784626253841002,0.07513850501536401,0.01773678789443576,0,-2.270308850487777,-128.0,-128.0,-64.0,0.09817477042468103,0.3150773459192476,-0.25982168047525245,0.25858041419303157,-0.6007296695161842,-0.8593100837092158,0.000252743775545276,3399.9258017544366,7.311895235836392,0.013426720057956497,0.013426720057956497,3.949121492894937e-06,-0.5748990263945,10.929198030799965,0.008982797287414062,0.9999994954478597,0.9999989016982067,0.00238932072978621,0.6898498560335826,0.9964212410919503,0.018236190003605025,0.32247875526465253,True,True,False,True,True,PASS,False,False,,0.020299233971815676,0.20274849810330423,
0.4.0,zeta_-128_r64_e0.05_rosenhead_trefoil_continuum_rr0.6_00009,zeta_-128_r64_e0.05_rosenhead_trefoil,trefoil,3:1:1,False,64,0.05,rosenhead,continuum,0.6,0.18784626253841002,0.11270775752304601,0.039907772762480455,0,-5.108194913597498,-128.0,-128.0,-64.0,0.09817477042468103,0.3150773459192476,-1.9327671731392952,0.25858041419303157,-1.6676274971751484,-1.9262079113681798,0.003354013155609714,574.299450241131,3.2619455408199722,0.03009699861512781,0.03009699861512781,5.240645555640178e-05,-2.247844519058543,2.7952045855071646,0.035122570610289734,0.9999838461870225,0.9999989016982067,0.006629401648532792,0.7547511086620302,0.9964212410919503,0.13565576720783276,0.37779902614259003,True,True,False,True,True,PASS,False,False,,-0.6499813996270094,-0.21858106665477892,
0.4.0,zeta_-128_r64_e0.05_rosenhead_trefoil_continuum_rr0.8_00010,zeta_-128_r64_e0.05_rosenhead_trefoil,trefoil,3:1:1,False,64,0.05,rosenhead,continuum,0.8,0.18784626253841002,0.15027701003072802,0.07094715157774303,0,-9.081235401951108,-128.0,-128.0,-64.0,0.09817477042468103,0.3150773459192476,-4.451734581244959,0.25858041419303157,-3.1322940059388618,-3.3908744201318934,0.015856449300173842,213.84828065478175,1.8529690365045108,0.052982412814560835,0.052982412814560835,0.0002477570203152163,-4.766811927164206,1.3181105953381878,0.07448143636194073,0.9998975125674224,0.9999989016982067,0.01244309622006808,0.9577627048035403,0.9964212410919503,0.3124553636967744,0.3874701764227879,True,True,False,True,True,PASS,False,False,,-0.7643621551037741,-0.3744731993169128,
0.4.0,zeta_-128_r64_e0.05_rosenhead_trefoil_continuum_rr1_00011,zeta_-128_r64_e0.05_rosenhead_trefoil,trefoil,3:1:1,False,64,0.05,rosenhead,continuum,1.0,0.18784626253841002,0.18784626253841002,0.11085492434022348,0,-14.189430315548607,-128.0,-128.00000000000003,-64.0,0.09817477042468103,0.3150773459192476,-8.21597237620221,0.25858041419303157,-4.964591372479635,-5.223171786672666,0.04020691660125863,129.90729526643585,1.2029444107527973,0.08161205916676041,0.08161205916676041,0.0006282330718946661,-8.531049722121457,0.7365078755650619,0.13329765190814777,0.9997377136699506,0.9999989016982067,0.01972602409688725,0.9872034019064073,0.9964212410919503,0.5766571636467597,0.43084287349182826,True,True,False,True,True,PASS,False,False,,-0.9033977704848887,-0.3071215525865806,
0.4.0,zeta_+128_r64_e0.05_rosenhead_trefoil_continuum_rr0.4_00012,zeta_+128_r64_e0.05_rosenhead_trefoil,trefoil,3:1:1,False,64,0.05,rosenhead,continuum,0.4,0.18784626253841002,0.07513850501536401,0.01773678789443576,0,2.270308850487777,128.0,128.0,64.0,0.09817477042468103,0.3150773459192476,1.5612568307216357,0.25858041419303157,1.1191058941581806,0.860525479965149,0.0003475444057035873,2476.015915787957,7.30156799939736,0.013445710624455454,0.013445710624455454,5.4303813391185515e-06,1.2461794848023882,5.041958549153886,0.019471554450037315,0.9999996728583284,0.9999989016982067,0.004453820797230195,0.9966791530816538,0.9964212410919503,0.10958044824199265,0.41125303872687013,True,True,False,True,True,PASS,False,False,,0.04900938247365555,0.0734601699645421,
0.4.0,zeta_+128_r64_e0.05_rosenhead_trefoil_continuum_rr0.6_00013,zeta_+128_r64_e0.05_rosenhead_trefoil,trefoil,3:1:1,False,64,0.05,rosenhead,continuum,0.6,0.18784626253841002,0.11270775752304601,0.039907772762480455,0,5.108194913597498,128.0,128.0,64.0,0.09817477042468103,0.3150773459192476,3.074008729585964,0.25858041419303157,2.2097430812594694,1.9511626670664377,0.0023866200793277947,817.5422154396664,3.2202262851955448,0.03048691667291309,0.03048691667291309,3.729093873949679e-05,2.7589313836667166,2.277398178286338,0.04310830286979245,0.9999953490795783,0.9999989016982067,0.008796061519137694,0.9994728958013199,0.9964212410919503,0.21575646482976843,0.4675149233567329,True,True,False,True,True,PASS,False,False,,0.01993207949589482,0.11094529926916177,
0.4.0,zeta_+128_r64_e0.05_rosenhead_trefoil_continuum_rr0.8_00014,zeta_+128_r64_e0.05_rosenhead_trefoil,trefoil,3:1:1,False,64,0.05,rosenhead,continuum,0.8,0.18784626253841002,0.15027701003072802,0.07094715157774303,0,9.081235401951108,128.0,128.0,64.0,0.09817477042468103,0.3150773459192476,4.958550285189121,0.25858041419303157,3.7554746048036995,3.496894190610668,0.011465262860948218,304.99904215204907,1.796790227182237,0.054638971728291685,0.054638971728291685,0.0001791447322023159,4.6434729392698735,1.3531219820498268,0.07255426467609177,0.9999627246683622,0.9999989016982067,0.01495808689034966,0.986738515841364,0.9964212410919503,0.348027404709791,0.405382002967049,True,True,False,True,True,PASS,False,False,,-0.09982343881612725,0.028706133788300517,
0.4.0,zeta_+128_r64_e0.05_rosenhead_trefoil_continuum_rr1_00015,zeta_+128_r64_e0.05_rosenhead_trefoil,trefoil,3:1:1,False,64,0.05,rosenhead,continuum,1.0,0.18784626253841002,0.18784626253841002,0.11085492434022348,0,14.189430315548607,128.0,128.00000000000003,64.0,0.09817477042468103,0.3150773459192476,4.887308123146478,0.25858041419303157,5.809178886560766,5.550598472367735,0.04148298842342513,133.8042094680275,1.1319833957471166,0.08672810113074586,0.08672810113074586,0.0006481716941160176,4.57223077722723,1.3742056368794975,0.07144110589417547,0.9997960717679756,0.9999989016982067,0.02316436870657255,0.8617035457884473,0.9964212410919503,0.34302710757946353,0.32906520338211936,True,True,False,True,True,PASS,False,False,,-0.3401122990271819,0.16920548948350972,
0.4.0,zeta_-64_r64_e0.05_winckelmans_trefoil_continuum_rr0.4_00016,zeta_-64_r64_e0.05_winckelmans_trefoil,trefoil,3:1:1,False,64,0.05,winckelmans,continuum,0.4,0.18784626253841002,0.07513850501536401,0.01773678789443576,0,-1.1351544252438885,-64.0,-64.0,-32.0,0.19634954084936207,0.4145420864439092,0.24700548905747294,0.2847834652975013,-0.14494450703076958,-0.42972797232827087,0.00016141325499645953,2662.2842859943357,14.621308622608902,0.013428999135258465,0.013428999135258465,5.04416421863936e-06,-0.16753659738643628,37.503359893879946,0.005235518668326134,0.9999970039362109,0.9999994910988209,0.0005764598636840677,0.6674634103227691,0.9963113053897122,0.03467331149691719,0.30712319356724055,True,True,False,True,True,PASS,False,False,,0.009065084008160817,0.2631588713871471,
0.4.0,zeta_-64_r64_e0.05_winckelmans_trefoil_continuum_rr0.6_00017,zeta_-64_r64_e0.05_winckelmans_trefoil,trefoil,3:1:1,False,64,0.05,winckelmans,continuum,0.6,0.18784626253841002,0.11270775752304601,0.039907772762480455,0,-2.554097456798749,-64.0,-64.0,-32.0,0.19634954084936207,0.4145420864439092,-2.101185759927621,0.2847834652975013,-0.6812557330045678,-0.9660391983020691,0.00044023012940719753,2194.395916524188,6.504068694337709,0.03018872494693966,0.03018872494693966,1.3757191543974923e-05,-2.5157278463715302,2.4975616167074324,0.07861649519911032,0.9999984186133354,0.9999994910988209,0.0027094262267640555,0.7046114675873446,0.9963113053897122,0.2949532362412612,0.3814263581369911,True,True,False,True,True,PASS,False,False,,-0.899786752254026,-0.25227899426678463,
0.4.0,zeta_-64_r64_e0.05_winckelmans_trefoil_continuum_rr0.8_00018,zeta_-64_r64_e0.05_winckelmans_trefoil,trefoil,3:1:1,False,64,0.05,winckelmans,continuum,0.8,0.18784626253841002,0.15027701003072802,0.07094715157774303,0,-4.540617700975554,-64.0,-64.0,-32.0,0.19634954084936207,0.4145420864439092,-2.7289649123342783,0.2847834652975013,-1.427958302703147,-1.7127417680006483,0.002630725007968913,651.0531366115662,3.6684954057693115,0.05352318025002026,0.05352318025002026,8.221015649902853e-05,-3.1435069987781876,1.9987820321767131,0.09823459371181836,0.99998644417417,0.9999994910988209,0.005677038023415009,0.7550970042328898,0.9963113053897122,0.38307752119430494,0.36547057566484914,True,True,False,True,True,PASS,False,False,,-0.8550715676600847,-0.13911288771393562,
0.4.0,zeta_-64_r64_e0.05_winckelmans_trefoil_continuum_rr1_00019,zeta_-64_r64_e0.05_winckelmans_trefoil,trefoil,3:1:1,False,64,0.05,winckelmans,continuum,1.0,0.18784626253841002,0.18784626253841002,0.11085492434022348,0,-7.094715157774304,-64.0,-64.00000000000001,-32.0,0.19634954084936207,0.4145420864439092,-11.060230359419169,0.2847834652975013,-2.3761852358886033,-2.6609687011861047,0.008938511654086802,297.69706682314114,2.3612398388522604,0.08315527191206577,0.08315527191206577,0.00027932848919021256,-11.474772445863078,0.5475651335852696,0.3585866389332212,0.9999434087667101,0.9999994910988209,0.009441996015300973,0.9138058779006717,0.9963113053897122,1.552576074091091,0.3492942496308792,True,True,False,True,True,PASS,False,False,,-0.9455667111201506,-0.1031685372117844,
0.4.0,zeta_+64_r64_e0.05_winckelmans_trefoil_continuum_rr0.4_00020,zeta_+64_r64_e0.05_winckelmans_trefoil,trefoil,3:1:1,False,64,0.05,winckelmans,continuum,0.4,0.18784626253841002,0.07513850501536401,0.01773678789443576,0,1.1351544252438885,64.0,64.0,32.0,0.19634954084936207,0.4145420864439092,1.0762153891493607,0.2847834652975013,0.7142139731306856,0.42943050783318426,0.00016357785326513054,2625.2362362107415,14.631436734393217,0.013419703369787008,0.013419703369787008,5.1118079145353295e-06,0.6616733027054514,9.495902708313729,0.020677290709545357,0.9999998710881993,0.9999994910988209,0.002842319696556993,0.9971244762194716,0.9963113053897122,0.15107336913095526,0.4562996503398698,True,True,False,True,True,PASS,False,False,,0.037834405556044746,0.1533655956767746,
0.4.0,zeta_+64_r64_e0.05_winckelmans_trefoil_continuum_rr0.6_00021,zeta_+64_r64_e0.05_winckelmans_trefoil,trefoil,3:1:1,False,64,0.05,winckelmans,continuum,0.6,0.18784626253841002,0.11270775752304601,0.039907772762480455,0,2.554097456798749,64.0,64.0,32.0,0.19634954084936207,0.4145420864439092,1.7925960783181163,0.2847834652975013,1.2542135965151728,0.9694301312176715,0.0005064660696468339,1914.1067671002504,6.481318358949158,0.030294691600552235,0.030294691600552235,1.582706467646356e-05,1.3780539918742072,4.559462360857291,0.043064187246068975,0.9999993739823417,0.9999994910988209,0.004991529828759075,0.9997618827942796,0.9963113053897122,0.25163506466536056,0.5075237261772342,True,True,False,True,True,PASS,False,False,,-0.05418133036969325,0.11047697646743906,
0.4.0,zeta_+64_r64_e0.05_winckelmans_trefoil_continuum_rr0.8_00022,zeta_+64_r64_e0.05_winckelmans_trefoil,trefoil,3:1:1,False,64,0.05,winckelmans,continuum,0.8,0.18784626253841002,0.15027701003072802,0.07094715157774303,0,4.540617700975554,64.0,64.0,32.0,0.19634954084936207,0.4145420864439092,1.8715236749302222,0.2847834652975013,2.0181370895874737,1.7333536242899723,0.001990248469791033,870.9232292347732,3.624872166378252,0.054167300759061635,0.054167300759061635,6.219526468096978e-05,1.4569815884863129,4.312467197136865,0.04553067464019728,0.9999961199366872,0.9999994910988209,0.008032967211992608,0.8790851643962501,0.9963113053897122,0.2627144991891731,0.4163136673019438,True,True,False,True,True,PASS,False,False,,-0.10109830407491638,0.40498427048210356,
0.4.0,zeta_+64_r64_e0.05_winckelmans_trefoil_continuum_rr1_00023,zeta_+64_r64_e0.05_winckelmans_trefoil,trefoil,3:1:1,False,64,0.05,winckelmans,continuum,1.0,0.18784626253841002,0.18784626253841002,0.11085492434022348,0,7.094715157774304,64.0,64.00000000000001,32.0,0.19634954084936207,0.4145420864439092,1.0291521362603782,0.2847834652975013,3.006952610030276,2.7221691447327747,0.006232003428018855,436.80482146303126,2.308153892397595,0.08506778577289921,0.08506778577289921,0.0001947501071255892,0.6146100498164689,10.223043552665356,0.019206564056764654,0.9999828233156186,0.9999994910988209,0.011972845887159847,0.4525273766979906,0.9963113053897122,0.1444668810172511,0.3571340684244659,True,True,False,True,True,PASS,False,False,,-0.6180028962471816,0.2336700719899556,
0.4.0,zeta_-128_r64_e0.05_winckelmans_trefoil_continuum_rr0.4_00024,zeta_-128_r64_e0.05_winckelmans_trefoil,trefoil,3:1:1,False,64,0.05,winckelmans,continuum,0.4,0.18784626253841002,0.07513850501536401,0.01773678789443576,0,-2.270308850487777,-128.0,-128.0,-64.0,0.09817477042468103,0.3431537812822312,-0.21460013822127988,0.2847834652975013,-0.5741314189794557,-0.8589148842769571,0.00029968806073661126,2866.0297049065193,7.31525954689775,0.013420545066827454,0.013420545066827454,4.682625949009551e-06,-0.557753919503511,11.265156707052121,0.00871490499224236,0.9999990353375001,0.9999994910988209,0.002283464316059618,0.5793680700458888,0.9969984127003588,0.015062210698679218,0.3213595862175331,True,True,False,True,True,PASS,False,False,,0.017615926988285194,0.20786503818676003,
0.4.0,zeta_-128_r64_e0.05_winckelmans_trefoil_continuum_rr0.6_00025,zeta_-128_r64_e0.05_winckelmans_trefoil,trefoil,3:1:1,False,64,0.05,winckelmans,continuum,0.6,0.18784626253841002,0.11270775752304601,0.039907772762480455,0,-5.108194913597498,-128.0,-128.0,-64.0,0.09817477042468103,0.3431537812822312,-1.7692255311797331,0.2847834652975013,-1.639977399370969,-1.9247608646684702,0.003675191098788083,523.7172198482881,3.2643978909358338,0.030074388510444847,0.030074388510444847,5.74248609185638e-05,-2.1123793124619645,2.9744588342216693,0.033005926757218196,0.9999799274055493,0.9999994910988209,0.006519206785243707,0.6679178177050906,0.9969984127003588,0.12417721603065268,0.3579704660578184,True,True,False,True,True,PASS,False,False,,-0.6056247596747167,-0.14070020555567703,
0.4.0,zeta_-128_r64_e0.05_winckelmans_trefoil_continuum_rr0.8_00026,zeta_-128_r64_e0.05_winckelmans_trefoil,trefoil,3:1:1,False,64,0.05,winckelmans,continuum,0.8,0.18784626253841002,0.15027701003072802,0.07094715157774303,0,-9.081235401951108,-128.0,-128.0,-64.0,0.09817477042468103,0.3431537812822312,-4.438250893246047,0.2847834652975013,-3.1022565963084494,-3.387040061605951,0.016693456787489094,202.89626676629175,1.8550667228306832,0.05292250096259298,0.05292250096259298,0.0002608352623045171,-4.781404674528278,1.3140877492866614,0.07470944803950434,0.9998841940869349,0.9999994910988209,0.012323063704813059,0.9281043986112338,0.9969984127003588,0.3115089796388786,0.3708551924485807,True,True,False,True,True,PASS,False,False,,-0.7802992810979262,-0.3971825784841443,
0.4.0,zeta_-128_r64_e0.05_winckelmans_trefoil_continuum_rr1_00027,zeta_-128_r64_e0.05_winckelmans_trefoil,trefoil,3:1:1,False,64,0.05,winckelmans,continuum,1.0,0.18784626253841002,0.18784626253841002,0.11085492434022348,0,-14.189430315548607,-128.0,-128.00000000000003,-64.0,0.09817477042468103,0.3431537812822312,-9.391660113627598,0.2847834652975013,-4.9303343727227,-5.215117838020201,0.0419107005564269,124.43404115850495,1.2048021736676333,0.08148621621906564,0.08148621621906564,0.0006548546961941703,-9.734813894909829,0.6454345583807163,0.15210646710796608,0.9997110457918452,0.9999994910988209,0.01958878546282217,0.9664821271319597,0.9969984127003588,0.6591755467369652,0.4159449115125431,True,True,False,True,True,PASS,False,False,,-0.9067960775699556,-0.3580856404688099,
0.4.0,zeta_+128_r64_e0.05_winckelmans_trefoil_continuum_rr0.4_00028,zeta_+128_r64_e0.05_winckelmans_trefoil,trefoil,3:1:1,False,64,0.05,winckelmans,continuum,0.4,0.18784626253841002,0.07513850501536401,0.01773678789443576,0,2.270308850487777,128.0,128.0,64.0,0.09817477042468103,0.3431537812822312,1.6011944712393358,0.2847834652975013,1.1452569309584621,0.8604734656609608,0.0003835870712918081,2243.228539385178,7.3020093680090925,0.013444897900952513,0.013444897900952513,5.993547988934501e-06,1.2580406899571046,4.994421370737877,0.01965688578057976,0.9999995827404716,0.9999994910988209,0.00455791596564627,0.9968677718039024,0.9969984127003588,0.1123835645925769,0.41457669430909666,True,True,False,True,True,PASS,False,False,,0.047516327346045176,0.07597216173559856,
0.4.0,zeta_+128_r64_e0.05_winckelmans_trefoil_continuum_rr0.6_00029,zeta_+128_r64_e0.05_winckelmans_trefoil,trefoil,3:1:1,False,64,0.05,winckelmans,continuum,0.6,0.18784626253841002,0.11270775752304601,0.039907772762480455,0,5.108194913597498,128.0,128.0,64.0,0.09817477042468103,0.3431537812822312,3.0917181208710702,0.2847834652975013,2.237037089444651,1.9522536241471498,0.0026635678267286156,732.9468409088349,3.2184267604699275,0.030503962877299215,0.030503962877299215,4.161824729263462e-05,2.748564339588839,2.2859880762767575,0.04294631780607561,0.9999943375210848,0.9999994910988209,0.008904826646144698,0.999367872856776,0.9969984127003588,0.2169994397182868,0.4718972917298913,True,True,False,True,True,PASS,False,False,,0.016683709456701477,0.1122432999677236,
0.4.0,zeta_+128_r64_e0.05_winckelmans_trefoil_continuum_rr0.8_00030,zeta_+128_r64_e0.05_winckelmans_trefoil,trefoil,3:1:1,False,64,0.05,winckelmans,continuum,0.8,0.18784626253841002,0.15027701003072802,0.07094715157774303,0,9.081235401951108,128.0,128.0,64.0,0.09817477042468103,0.3431537812822312,4.631997304350188,0.2847834652975013,3.785019106107493,3.5002356408099917,0.012192728887992823,287.07565574241215,1.7950749469328844,0.05469118188765612,0.05469118188765612,0.00019051138887488786,4.288843523067957,1.4650068890097927,0.06701318004793683,0.9999584971897653,0.9999994910988209,0.015076051949737077,0.9679396305998609,0.9969984127003588,0.32510752291266903,0.41885810905716625,True,True,False,True,True,PASS,False,False,,-0.09912117135006658,0.07079610862112731,
0.4.0,zeta_+128_r64_e0.05_winckelmans_trefoil_continuum_rr1_00031,zeta_+128_r64_e0.05_winckelmans_trefoil,trefoil,3:1:1,False,64,0.05,winckelmans,continuum,1.0,0.18784626253841002,0.18784626253841002,0.11085492434022348,0,14.189430315548607,128.0,128.00000000000003,64.0,0.09817477042468103,0.3431537812822312,4.673934226188068,0.2847834652975013,5.842378021021897,5.557594555724396,0.04290122542494144,129.54395825936905,1.1305584177074994,0.08683741493319369,0.08683741493319369,0.00067033164726471,4.330780444905837,1.450820559275939,0.06766844445165371,0.999784362651165,0.9999994910988209,0.023297095389776215,0.8776581489437978,0.9969984127003588,0.3280509634808428,0.3410893980043023,True,True,False,True,True,PASS,False,False,,-0.33029637558021746,0.20804997759766722,
0.4.0,zeta_-64_r96_e0.05_rosenhead_trefoil_continuum_rr0.4_00032,zeta_-64_r96_e0.05_rosenhead_trefoil,trefoil,3:1:1,False,96,0.05,rosenhead,continuum,0.4,0.18789197682004888,0.07515679072801956,0.017745421797153618,0,-1.1357069950178318,-64.0,-64.00000000000001,-32.0,0.19634954084936207,0.3730953341083628,0.34976946515019597,0.31934916567160326,-0.11078390478945224,-0.43013307046105553,0.0001716237907257008,2506.2555059660663,14.607538314700378,0.013441658451907985,0.013441658451907985,5.36324346017815e-06,-0.02332586895816685,269.36554082713894,0.0007289334049427141,0.9999911937507462,0.9999999045123243,0.00044057235579171767,0.8549862200173308,0.9987562293399352,0.04909876968135318,0.26628161169048364,True,True,False,True,True,PASS,False,False,,0.015730224529582507,0.2806621057751654,
0.4.0,zeta_-64_r96_e0.05_rosenhead_trefoil_continuum_rr0.6_00033,zeta_-64_r96_e0.05_rosenhead_trefoil,trefoil,3:1:1,False,96,0.05,rosenhead,continuum,0.6,0.18789197682004888,0.11273518609202932,0.039927199043595624,0,-2.5553407387901204,-64.0,-64.00000000000001,-32.0,0.19634954084936207,0.3730953341083628,-0.5829336339564083,0.31934916567160326,-0.6458094458803855,-0.9651586115519888,0.0011564554097616847,834.58350698613,6.510002845103496,0.03016120661099965,0.03016120661099965,3.6139231555052646e-05,-0.9560289680647711,6.572170422720809,0.029875905252024097,0.9999871969886798,0.9999999045123243,0.0025683721945835383,0.32140619992788577,0.9987562293399352,0.08182911055671921,0.3544570527585811,True,True,False,True,True,PASS,False,False,,-0.7154813703009709,-0.1806968969191154,
0.4.0,zeta_-64_r96_e0.05_rosenhead_trefoil_continuum_rr0.8_00034,zeta_-64_r96_e0.05_rosenhead_trefoil,trefoil,3:1:1,False,96,0.05,rosenhead,continuum,0.8,0.18789197682004888,0.15031358145603912,0.07098168718861447,0,-4.542827980071327,-64.0,-64.00000000000001,-32.0,0.19634954084936207,0.3730953341083628,-3.6572890341529494,0.31934916567160326,-1.3878019839293767,-1.70715114960098,0.004375789534424911,390.1355712313395,3.6805090800824423,0.05334847342503062,0.05334847342503062,0.00013674342295077847,-4.030384368261312,1.558954365905831,0.125949511508166,0.9999602400945264,0.9999999045123243,0.005517455358935339,0.794577205458254,0.9987562293399352,0.513390703985281,0.3232712118389779,True,True,False,True,True,PASS,False,False,,-0.8634928663438445,-0.3248167239309145,
0.4.0,zeta_-64_r96_e0.05_rosenhead_trefoil_continuum_rr1_00035,zeta_-64_r96_e0.05_rosenhead_trefoil,trefoil,3:1:1,False,96,0.05,rosenhead,continuum,1.0,0.18789197682004888,0.18789197682004888,0.1109088862322101,0,-7.098168718861445,-64.0,-63.99999999999999,-32.0,0.19634954084936207,0.3730953341083628,-6.060312276436726,0.31934916567160326,-2.3261970897183137,-2.645546255389917,0.012240094289227404,216.13773496159106,2.3750048952568896,0.08267332048093491,0.08267332048093491,0.0003825029465383564,-6.433407610545088,0.9766496524922079,0.201043987829534,0.999889265907523,0.9999999045123243,0.009244319310821696,0.9406775546372582,0.9987562293399352,0.8507142741293043,0.33668457478348796,True,True,False,True,True,PASS,False,False,,-0.9232013942855888,-0.25483711591700425,
0.4.0,zeta_+64_r96_e0.05_rosenhead_trefoil_continuum_rr0.4_00036,zeta_+64_r96_e0.05_rosenhead_trefoil,trefoil,3:1:1,False,96,0.05,rosenhead,continuum,0.4,0.18789197682004888,0.07515679072801956,0.017745421797153618,0,1.1357069950178318,64.0,64.00000000000001,32.0,0.19634954084936207,0.3730953341083628,1.1060226433810936,0.31934916567160326,0.7506885037950622,0.431339338123459,0.00010266606219267206,4201.381926132221,14.56668741254756,0.013479354316358093,0.013479354316358093,3.2083144435210017e-06,0.7329273092727308,8.572726418687095,0.022903978414772836,0.9999999424646636,0.9999999045123243,0.0029871670691198793,0.9980220784160375,0.9987562293399352,0.15525755230351707,0.4739299470344143,True,True,False,True,True,PASS,False,False,,0.042944739043167764,0.18385092971453643,
0.4.0,zeta_+64_r96_e0.05_rosenhead_trefoil_continuum_rr0.6_00037,zeta_+64_r96_e0.05_rosenhead_trefoil,trefoil,3:1:1,False,96,0.05,rosenhead,continuum,0.6,0.18789197682004888,0.11273518609202932,0.039927199043595624,0,2.5553407387901204,64.0,64.00000000000001,32.0,0.19634954084936207,0.3730953341083628,1.7290560860557296,0.31934916567160326,1.2916199974993512,0.972270831827748,0.0005167972398823428,1881.339056781923,6.46238177830346,0.030383463494617124,0.030383463494617124,1.614991374632321e-05,1.3559607519473666,4.633751602438325,0.04237377349835521,0.9999993654678687,0.9999999045123243,0.005140083891423659,0.9996134084501858,0.9987562293399352,0.24271565986738533,0.5310226608586014,True,True,False,True,True,PASS,False,False,,0.0026311786528396505,0.22262729464653783,
0.4.0,zeta_+64_r96_e0.05_rosenhead_trefoil_continuum_rr0.8_00038,zeta_+64_r96_e0.05_rosenhead_trefoil,trefoil,3:1:1,False,96,0.05,rosenhead,continuum,0.8,0.18789197682004888,0.15031358145603912,0.07098168718861447,0,4.542827980071327,64.0,64.00000000000001,32.0,0.19634954084936207,0.3730953341083628,1.8684050274804194,0.31934916567160326,2.0531479649500475,1.7337987992784443,0.0018921543524531238,916.3093893638348,3.623941434147066,0.05418121247745138,0.05418121247745138,5.912982351416012e-05,1.4953096933720564,4.201929095377189,0.046728427917876764,0.9999966050317073,0.9999999045123243,0.008171966793249408,0.8801259441082581,0.9987562293399352,0.26227672011434894,0.4425910304433079,True,True,False,True,True,PASS,False,False,,-0.06997844899384797,0.38406930850188725,
0.4.0,zeta_+64_r96_e0.05_rosenhead_trefoil_continuum_rr1_00039,zeta_+64_r96_e0.05_rosenhead_trefoil,trefoil,3:1:1,False,96,0.05,rosenhead,continuum,1.0,0.18789197682004888,0.18789197682004888,0.1109088862322101,0,7.098168718861445,64.0,63.99999999999999,32.0,0.19634954084936207,0.3730953341083628,1.2934223794855906,0.31934916567160326,3.037522449292948,2.7181732836213444,0.005489968935987537,495.1163322260946,2.3115470029227416,0.08494291511316701,0.08494291511316701,0.00017156152924961053,0.9203270453772278,6.827122313464347,0.028760220168038367,0.9999869346810298,0.9999999045123243,0.012093579478541349,0.5086775917400302,0.9987562293399352,0.18156372650711708,0.3970889436996692,True,True,False,True,True,PASS,False,False,,-0.007091029238072541,0.800088718969727,
0.4.0,zeta_-128_r96_e0.05_rosenhead_trefoil_continuum_rr0.4_00040,zeta_-128_r96_e0.05_rosenhead_trefoil,trefoil,3:1:1,False,96,0.05,rosenhead,continuum,0.4,0.18789197682004888,0.07515679072801956,0.017745421797153618,0,-2.2714139900356636,-128.0,-128.00000000000003,-64.0,0.09817477042468103,0.3365040577211594,-0.11138927959004442,0.31934916567160326,-0.5390952432336027,-0.8584444089052059,0.0008784699482035764,977.2040701684541,7.319268716762543,0.013413193889143842,0.013413193889143842,1.3726092940680881e-05,-0.4478933373112038,14.028307152097518,0.006998333395487559,0.9999894121944887,0.9999999045123243,0.002144069999456179,0.35285666563217244,0.9994679368161792,0.007818116114302527,0.3084401899394391,True,True,False,True,True,PASS,False,False,,0.06888409336736476,0.2765815392679492,
0.4.0,zeta_-128_r96_e0.05_rosenhead_trefoil_continuum_rr0.6_00041,zeta_-128_r96_e0.05_rosenhead_trefoil,trefoil,3:1:1,False,96,0.05,rosenhead,continuum,0.6,0.18789197682004888,0.11273518609202932,0.039927199043595624,0,-5.110681477580241,-128.0,-128.00000000000003,-64.0,0.09817477042468103,0.3365040577211594,-2.426631994592392,0.31934916567160326,-1.5979616947530968,-1.9173108604247,0.005740152351523285,334.017416787883,3.277082207622717,0.029957982194135938,0.029957982194135938,8.968988049255133e-05,-2.7631360523135515,2.2739326577562933,0.04317400081739924,0.9999483916948247,0.9999999045123243,0.006352381313364602,0.9197805633858573,0.9994679368161792,0.17031882035890714,0.36888687436328443,True,True,False,True,True,PASS,False,False,,-0.31577841751676095,0.11170347725832026,
0.4.0,zeta_-128_r96_e0.05_rosenhead_trefoil_continuum_rr0.8_00042,zeta_-128_r96_e0.05_rosenhead_trefoil,trefoil,3:1:1,False,96,0.05,rosenhead,continuum,0.8,0.18789197682004888,0.15031358145603912,0.07098168718861447,0,-9.085655960142654,-128.0,-128.00000000000003,-64.0,0.09817477042468103,0.3365040577211594,-4.659733417597196,0.31934916567160326,-3.0427895772444096,-3.362138742916013,0.021138055088137726,159.05620119245413,1.8688060748290605,0.0525334178580627,0.0525334178580627,0.00033028211075215196,-4.996237475318355,1.2575833991516243,0.0780662105518493,0.9998069988003807,0.9999999045123243,0.012089284817128476,0.9779937609050059,0.9994679368161792,0.3270542466433784,0.3908991709533069,True,True,False,True,True,PASS,False,False,,-0.7097541446369966,-0.1663502661372237,
0.4.0,zeta_-128_r96_e0.05_rosenhead_trefoil_continuum_rr1_00043,zeta_-128_r96_e0.05_rosenhead_trefoil,trefoil,3:1:1,False,96,0.05,rosenhead,continuum,1.0,0.18789197682004888,0.18789197682004888,0.1109088862322101,0,-14.19633743772289,-128.0,-127.99999999999999,-64.0,0.09817477042468103,0.3365040577211594,-8.444559785043547,0.31934916567160326,-4.84587725110119,-5.165226416772794,0.04790185562349931,107.82935962586966,1.2164394743232354,0.0807066627620749,0.0807066627620749,0.0007484664941171767,-8.781063842764706,0.7155380509340807,0.13720412254319853,0.9996092943667636,0.9999999045123243,0.01926330860136483,0.992169003958669,0.9994679368161792,0.5927011035228987,0.39380357758201573,True,True,False,True,True,PASS,False,False,,-0.8394630491020868,-0.1568973116482743,
0.4.0,zeta_+128_r96_e0.05_rosenhead_trefoil_continuum_rr0.4_00044,zeta_+128_r96_e0.05_rosenhead_trefoil,trefoil,3:1:1,False,96,0.05,rosenhead,continuum,0.4,0.18789197682004888,0.07515679072801956,0.017745421797153618,0,2.2714139900356636,128.0,128.00000000000003,64.0,0.09817477042468103,0.3365040577211594,1.5920880682043939,0.31934916567160326,1.1829967621898563,0.8636475965182531,0.0003931130450410882,2196.944638222282,7.2751725732925046,0.013494493695597704,0.013494493695597704,6.142391328767003e-06,1.2555840104832345,5.004193470703236,0.01961850016380054,0.9999995652582299,0.9999999045123243,0.004707736568899545,0.9982807539990632,0.9994679368161792,0.11174441047852894,0.4186659873798793,True,True,False,True,True,PASS,False,False,,0.04647670101910136,0.08579016830916769,
0.4.0,zeta_+128_r96_e0.05_rosenhead_trefoil_continuum_rr0.6_00045,zeta_+128_r96_e0.05_rosenhead_trefoil,trefoil,3:1:1,False,96,0.05,rosenhead,continuum,0.6,0.18789197682004888,0.11273518609202932,0.039927199043595624,0,5.110681477580241,128.0,128.00000000000003,64.0,0.09817477042468103,0.3365040577211594,2.9451852370792824,0.31934916567160326,2.2712730367363956,1.9519238710647924,0.0024877354470478783,784.6187476972611,3.218970473347432,0.03049881048538738,0.03049881048538738,3.88708663601231e-05,2.608681179358123,2.4085677302757214,0.04076064342747067,0.9999952031434554,0.9999999045123243,0.009040685715775387,0.9993381445292401,0.9994679368161792,0.20671468786187758,0.4963007512678737,True,True,False,True,True,PASS,False,False,,0.0501806371982457,0.13892720220295632,
0.4.0,zeta_+128_r96_e0.05_rosenhead_trefoil_continuum_rr0.8_00046,zeta_+128_r96_e0.05_rosenhead_trefoil,trefoil,3:1:1,False,96,0.05,rosenhead,continuum,0.8,0.18789197682004888,0.15031358145603912,0.07098168718861447,0,9.085655960142654,128.0,128.00000000000003,64.0,0.09817477042468103,0.3365040577211594,4.793225056040926,0.31934916567160326,3.8096313457479583,3.490282180076355,0.010282970067490573,339.42354759067325,1.80019407687035,0.054535659063693044,0.054535659063693044,0.0001606714073045402,4.456720998319767,1.409822447837416,0.06963626559874636,0.9999708587231898,0.9999999045123243,0.015171975493186005,0.9990825042625896,0.9994679368161792,0.3364236683101906,0.5378950895146153,True,True,False,True,True,PASS,False,False,,0.04152295736562084,0.25574037198473765,
0.4.0,zeta_+128_r96_e0.05_rosenhead_trefoil_continuum_rr1_00047,zeta_+128_r96_e0.05_rosenhead_trefoil,trefoil,3:1:1,False,96,0.05,rosenhead,continuum,1.0,0.18789197682004888,0.18789197682004888,0.1109088862322101,0,14.19633743772289,128.0,127.99999999999999,64.0,0.09817477042468103,0.3365040577211594,8.718081244723233,0.31934916567160326,5.836108337141685,5.516759171470081,0.03452308316868024,159.7991449522374,1.1389268793303644,0.08619936205422002,0.08619936205422002,0.0005394231745106287,8.381577187002074,0.7496423605002865,0.1309621435469074,0.9998600506842813,0.9999999045123243,0.023265666741157376,0.9698547017494934,0.9994679368161792,0.6118988444491309,0.4235008200219209,True,True,False,True,True,PASS,False,False,,-0.0005073350237713812,0.31679619850778246,
0.4.0,zeta_-64_r96_e0.05_winckelmans_trefoil_continuum_rr0.4_00048,zeta_-64_r96_e0.05_winckelmans_trefoil,trefoil,3:1:1,False,96,0.05,winckelmans,continuum,0.4,0.18789197682004888,0.07515679072801956,0.017745421797153618,0,-1.1357069950178318,-64.0,-64.00000000000001,-32.0,0.19634954084936207,0.40804657645667053,0.3643839599522208,0.3676141946633672,-0.06234529477359616,-0.4299594894369634,0.00022054293548157047,1949.550043387777,14.613435594612612,0.013436234044905106,0.013436234044905106,6.891966733799077e-06,-0.04366261650444975,143.90308713036595,0.0013644567657640546,0.9999504599051786,0.9999999852890658,0.000247850280576024,0.852123714835637,0.9988213077814199,0.051150274417439336,0.24955659326672897,True,True,False,True,True,PASS,False,False,,0.0037557851390331532,0.3098517369225539,
0.4.0,zeta_-64_r96_e0.05_winckelmans_trefoil_continuum_rr0.6_00049,zeta_-64_r96_e0.05_winckelmans_trefoil,trefoil,3:1:1,False,96,0.05,winckelmans,continuum,0.6,0.18789197682004888,0.11273518609202932,0.039927199043595624,0,-2.5553407387901204,-64.0,-64.00000000000001,-32.0,0.19634954084936207,0.40804657645667053,-1.812113325853294,0.3676141946633672,-0.5969213077293528,-0.96453550239272,0.0013019043558869159,740.8651012121662,6.514208436696119,0.0301417344497725,0.0301417344497725,4.068451112146612e-05,-2.2201599023099643,2.8300598081436608,0.06937999694718638,0.9999809783423725,0.9999999852890658,0.0023738068068954675,0.742163899396663,0.9988213077814199,0.25437479164848115,0.352109920629683,True,True,False,True,True,PASS,False,False,,-0.6221351000581686,-0.08084200500280443,
0.4.0,zeta_-64_r96_e0.05_winckelmans_trefoil_continuum_rr0.8_00050,zeta_-64_r96_e0.05_winckelmans_trefoil,trefoil,3:1:1,False,96,0.05,winckelmans,continuum,0.8,0.18789197682004888,0.15031358145603912,0.07098168718861447,0,-4.542827980071327,-64.0,-64.00000000000001,-32.0,0.19634954084936207,0.40804657645667053,-3.2368747441576966,0.3676141946633672,-1.3378625056527986,-1.705476700316166,0.004746784353483076,359.2909585337974,3.684122630355954,0.053296146884880186,0.053296146884880186,0.00014833701104634612,-3.644921320614367,1.7238191868900283,0.11390379126919897,0.9999496494077612,0.9999999852890658,0.005318548457686539,0.8293378315224293,0.9988213077814199,0.4543751910491741,0.3326318244629835,True,True,False,True,True,PASS,False,False,,-0.8434832423482731,0.006914824962196169,
0.4.0,zeta_-64_r96_e0.05_winckelmans_trefoil_continuum_rr1_00051,zeta_-64_r96_e0.05_winckelmans_trefoil,trefoil,3:1:1,False,96,0.05,winckelmans,continuum,1.0,0.18789197682004888,0.18789197682004888,0.1109088862322101,0,-7.098168718861445,-64.0,-63.99999999999999,-32.0,0.19634954084936207,0.40804657645667053,-8.58337870592111,0.3676141946633672,-2.2742280089774605,-2.641842203640828,0.013053444292011449,202.3865996239478,2.378334822011882,0.08255756886377587,0.08255756886377587,0.0004079201341253578,-8.99142528237778,0.6987974775805511,0.2809820400743056,0.9998682399562294,0.9999999852890658,0.00903701783748616,0.9251027477582325,0.9988213077814199,1.2048888658387673,0.3525348662265416,True,True,False,True,True,PASS,False,False,,-0.9893794958282695,-0.11247332899670627,
0.4.0,zeta_+64_r96_e0.05_winckelmans_trefoil_continuum_rr0.4_00052,zeta_+64_r96_e0.05_winckelmans_trefoil,trefoil,3:1:1,False,96,0.05,winckelmans,continuum,0.4,0.18789197682004888,0.07515679072801956,0.017745421797153618,0,1.1357069950178318,64.0,64.00000000000001,32.0,0.19634954084936207,0.40804657645667053,1.15358129626987,0.3676141946633672,0.7989524333264424,0.4313382386630752,0.00012279686091966517,3512.6161648811253,14.566724542331794,0.0134793199582211,0.0134793199582211,3.8374019037395365e-06,0.7455347198131994,8.427756803538133,0.02329795999416248,0.9999999086229849,0.9999999852890658,0.0031792105208316842,0.9987852835905671,0.9988213077814199,0.1619335820236607,0.49532112212618334,True,True,False,True,True,PASS,False,False,,0.049115636566119246,0.2243153387858266,
0.4.0,zeta_+64_r96_e0.05_winckelmans_trefoil_continuum_rr0.6_00053,zeta_+64_r96_e0.05_winckelmans_trefoil,trefoil,3:1:1,False,96,0.05,winckelmans,continuum,0.6,0.18789197682004888,0.11273518609202932,0.039927199043595624,0,2.5553407387901204,64.0,64.00000000000001,32.0,0.19634954084936207,0.40804657645667053,1.7611850853178845,0.3676141946633672,1.3401620197674147,0.9725478251040475,0.0006296805681828234,1544.5098264834417,6.460541214523186,0.030392119534501483,0.030392119534501483,1.967751775571323e-05,1.353138508861214,4.643416225340777,0.04228557840191294,0.9999991180563257,0.9999999852890658,0.005333317420949336,0.9986898816874703,0.9988213077814199,0.24722575720875134,0.5442370811252466,True,True,False,True,True,PASS,False,False,,-0.008617554144256252,0.2707396279846063,
0.4.0,zeta_+64_r96_e0.05_winckelmans_trefoil_continuum_rr0.8_00054,zeta_+64_r96_e0.05_winckelmans_trefoil,trefoil,3:1:1,False,96,0.05,winckelmans,continuum,0.8,0.18789197682004888,0.15031358145603912,0.07098168718861447,0,4.542827980071327,64.0,64.00000000000001,32.0,0.19634954084936207,0.40804657645667053,1.2026783528976919,0.3676141946633672,2.1029125577578545,1.7352983630944872,0.002266056889533806,765.7788165466088,3.6208097931787573,0.05422807384670272,0.05422807384670272,7.081427779793143e-05,0.7946317764410213,7.907040082540586,0.024832243013781917,0.9999953557549586,0.9999999852890658,0.008370246122428183,0.5012494585384548,0.9988213077814199,0.16882556464531875,0.40125598689648917,True,True,False,True,True,PASS,False,False,,-0.050479321446796,0.7274455551951868,
0.4.0,zeta_+64_r96_e0.05_winckelmans_trefoil_continuum_rr1_00055,zeta_+64_r96_e0.05_winckelmans_trefoil,trefoil,3:1:1,False,96,0.05,winckelmans,continuum,1.0,0.18789197682004888,0.18789197682004888,0.1109088862322101,0,7.098168718861445,64.0,63.99999999999999,32.0,0.19634954084936207,0.40804657645667053,1.1989914306302607,0.3676141946633672,3.0894719159880086,2.7218577213246413,0.006325577108506945,430.29397549579375,2.3084179815695,0.08505805379139504,0.08505805379139504,0.00019767428464084204,0.7909448541735902,7.943898078386895,0.024717026692924693,0.9999832320828544,0.9999999852890658,0.012300853271724446,0.532471676554318,0.9988213077814199,0.16830801418629307,0.36620528029851224,True,True,False,True,True,PASS,False,False,,-0.09821201273778928,0.7625038542735469,
0.4.0,zeta_-128_r96_e0.05_winckelmans_trefoil_continuum_rr0.4_00056,zeta_-128_r96_e0.05_winckelmans_trefoil,trefoil,3:1:1,False,96,0.05,winckelmans,continuum,0.4,0.18789197682004888,0.07515679072801956,0.017745421797153618,0,-2.2714139900356636,-128.0,-128.00000000000003,-64.0,0.09817477042468103,0.3830676371674452,-0.03593588617614922,0.3676141946633672,-0.49031769135209247,-0.8579318860154597,0.001000734483516835,857.3022116720404,7.3236411999569455,0.013405185718991557,0.013405185718991557,1.5636476304950546e-05,-0.4190035233435944,14.995542894342684,0.006546930052243663,0.9999833459533697,0.9999999852890658,0.001949959431782615,0.048897734297529416,0.9995582667036917,0.002522243898420939,0.30420506189414964,True,True,False,True,True,PASS,False,False,,0.06320869181592352,0.288308266291106,
0.4.0,zeta_-128_r96_e0.05_winckelmans_trefoil_continuum_rr0.6_00057,zeta_-128_r96_e0.05_winckelmans_trefoil,trefoil,3:1:1,False,96,0.05,winckelmans,continuum,0.6,0.18789197682004888,0.11273518609202932,0.039927199043595624,0,-5.110681477580241,-128.0,-128.00000000000003,-64.0,0.09817477042468103,0.3830676371674452,-2.216728386041293,0.3676141946633672,-1.5476360384066765,-1.9152502330700436,0.006195184793649789,309.1514291927531,3.280608036845387,0.02992578489171943,0.02992578489171943,9.679976240077796e-05,-2.599796023208738,2.416799337751394,0.04062181286263653,0.9999359089488752,0.9999999852890658,0.006151876386146697,0.8587676988981181,0.9995582667036917,0.15558624653759062,0.3549337544624342,True,True,False,True,True,PASS,False,False,,-0.35504946008989074,0.060355983446195964,
0.4.0,zeta_-128_r96_e0.05_winckelmans_trefoil_continuum_rr0.8_00058,zeta_-128_r96_e0.05_winckelmans_trefoil,trefoil,3:1:1,False,96,0.05,winckelmans,continuum,0.8,0.18789197682004888,0.15031358145603912,0.07098168718861447,0,-9.085655960142654,-128.0,-128.00000000000003,-64.0,0.09817477042468103,0.3830676371674452,-4.021314443137387,0.3676141946633672,-2.988767551403579,-3.3563817460669463,0.02239815228952653,149.8508315632984,1.8720115238805324,0.052443464782296036,0.052443464782296036,0.000349971129523852,-4.404382080304832,1.4265758947835698,0.068818470004763,0.9997754039486388,0.9999999852890658,0.011873503902602766,0.9556295113555624,0.9995582667036917,0.2822453234662971,0.42320098509720433,True,True,False,True,True,PASS,False,False,,-0.8847039950778153,-0.3919508856950036,
0.4.0,zeta_-128_r96_e0.05_winckelmans_trefoil_continuum_rr1_00059,zeta_-128_r96_e0.05_winckelmans_trefoil,trefoil,3:1:1,False,96,0.05,winckelmans,continuum,1.0,0.18789197682004888,0.18789197682004888,0.1109088862322101,0,-14.19633743772289,-128.0,-127.99999999999999,-64.0,0.09817477042468103,0.3830676371674452,-9.117674003261135,0.3676141946633672,-4.785176073010894,-5.152790267674261,0.050544227475521154,101.94616724866921,1.2193753249762163,0.08051234793241033,0.08051234793241033,0.000789753554305018,-9.50074164042858,0.6613362982572538,0.14844908813169655,0.9995539193196225,0.9999999852890658,0.019020230041435007,0.9760309100493749,0.9995582667036917,0.6399451932196905,0.3980787220755863,True,True,False,True,True,PASS,False,False,,-0.9120096486820624,-0.22902999593956083,
0.4.0,zeta_+128_r96_e0.05_winckelmans_trefoil_continuum_rr0.4_00060,zeta_+128_r96_e0.05_winckelmans_trefoil,trefoil,3:1:1,False,96,0.05,winckelmans,continuum,0.4,0.18789197682004888,0.07515679072801956,0.017745421797153618,0,2.2714139900356636,128.0,128.00000000000003,64.0,0.09817477042468103,0.3830676371674452,1.6621239803290246,0.3676141946633672,1.2314006796138242,0.863786484950457,0.0004764885438112535,1812.816900153259,7.274002796582263,0.01349666382735089,0.01349666382735089,7.445133497050836e-06,1.2790563431615793,4.91236006980644,0.019985255361899677,0.9999994023951175,0.9999999852890658,0.004900400996299931,0.9984536467325499,0.9995582667036917,0.11666004414791475,0.42607967474292685,True,True,False,True,True,PASS,False,False,,0.043145211388065076,0.08710771486974614,
0.4.0,zeta_+128_r96_e0.05_winckelmans_trefoil_continuum_rr0.6_00061,zeta_+128_r96_e0.05_winckelmans_trefoil,trefoil,3:1:1,False,96,0.05,winckelmans,continuum,0.6,0.18789197682004888,0.11273518609202932,0.039927199043595624,0,5.110681477580241,128.0,128.00000000000003,64.0,0.09817477042468103,0.3830676371674452,2.9937493070851358,0.3676141946633672,2.3214673461868482,1.953853151523481,0.00295307122047675,661.6342802623117,3.215791986352909,0.03052895549255439,0.03052895549255439,4.614173781994922e-05,2.6106816699176907,2.406722113836913,0.04079190109246392,0.9999935277525648,0.9999999852890658,0.009240736866919863,0.9993351725851711,0.9995582667036917,0.21012327026483632,0.5070129741571585,True,True,False,True,True,PASS,False,False,,0.04754085515691914,0.15432654656560216,
0.4.0,zeta_+128_r96_e0.05_winckelmans_trefoil_continuum_rr0.8_00062,zeta_+128_r96_e0.05_winckelmans_trefoil,trefoil,3:1:1,False,96,0.05,winckelmans,continuum,0.8,0.18789197682004888,0.15031358145603912,0.07098168718861447,0,9.085655960142654,128.0,128.00000000000003,64.0,0.09817477042468103,0.3830676371674452,4.637386482779542,0.3676141946633672,3.8636658901524554,3.496051695489088,0.011547160754574532,302.76288429639203,1.7972232262145043,0.054625807742017,0.054625807742017,0.00018042438679022706,4.254318845612096,1.4768957229569342,0.066473731962689,0.9999642731972306,0.9999999852890658,0.015387780005977295,0.9970670519529071,0.9995582667036917,0.3254857749569991,0.5150619854961421,True,True,False,True,True,PASS,False,False,,0.017922275049944144,0.26903195317533607,
0.4.0,zeta_+128_r96_e0.05_winckelmans_trefoil_continuum_rr1_00063,zeta_+128_r96_e0.05_winckelmans_trefoil,trefoil,3:1:1,False,96,0.05,winckelmans,continuum,1.0,0.18789197682004888,0.18789197682004888,0.1109088862322101,0,14.19633743772289,128.0,127.99999999999999,64.0,0.09817477042468103,0.3830676371674452,9.275640606388588,0.3676141946633672,5.89639711018129,5.528782915517923,0.03695338416978999,149.61506340298314,1.1364499932786731,0.08638723305496755,0.08638723305496755,0.0005773966276529686,8.892572969221144,0.7065655045988225,0.13894645264408037,0.9998429179383279,0.9999999852890658,0.023506616472485885,0.9685038006935043,0.9995582667036917,0.6510324473071364,0.42606941110514585,True,True,False,True,True,PASS,False,False,,-0.001188102431135166,0.36608460599419845,
0.4.0,zeta_-64_r64_e0.05_rosenhead_mirror_trefoil_continuum_rr0.4_00064,zeta_-64_r64_e0.05_rosenhead_mirror_trefoil,mirror_trefoil,3:1:1,True,64,0.05,rosenhead,continuum,0.4,0.18784626253841002,0.07513850501536401,0.01773678789443576,0,-1.1351544252438885,-64.0,-64.0,-32.0,0.19634954084936207,-0.2793876904469451,-0.9833663471143428,-0.25110394177169,-0.683933546764152,-0.432829604992462,0.0005881083043520582,735.9692114351748,14.516533145391042,0.013525925156014437,0.013525925156014437,1.8378384511001817e-05,-0.7039786566673977,8.925249718398984,0.021999333020856177,0.9999988134821695,0.9999868608972062,0.0027208417138118958,0.9939660458204049,0.9985525955948393,0.13803971644187898,0.4499458950296662,True,True,False,True,True,PASS,False,False,,-0.07275181124809188,0.012970209430122443,
0.4.0,zeta_-64_r64_e0.05_rosenhead_mirror_trefoil_continuum_rr0.6_00065,zeta_-64_r64_e0.05_rosenhead_mirror_trefoil,mirror_trefoil,3:1:1,True,64,0.05,rosenhead,continuum,0.6,0.18784626253841002,0.11270775752304601,0.039907772762480455,0,-2.554097456798749,-64.0,-64.0,-32.0,0.19634954084936207,-0.2793876904469451,-2.0129165233811284,-0.25110394177169,-1.225261349033902,-0.9741574072622119,0.0010268665461553722,948.669922989988,6.449866582483784,0.03044241897694412,0.03044241897694412,3.208957956735538e-05,-1.7335288329341831,3.6245057986976903,0.05417277602919322,0.999997742345359,0.9999868608972062,0.004875183959635119,0.9949194658667359,0.9985525955948393,0.2825624721896191,0.5100801163176841,True,True,False,True,True,PASS,False,False,,-0.2161484459324338,-0.08684611584876686,
0.4.0,zeta_-64_r64_e0.05_rosenhead_mirror_trefoil_continuum_rr0.8_00066,zeta_-64_r64_e0.05_rosenhead_mirror_trefoil,mirror_trefoil,3:1:1,True,64,0.05,rosenhead,continuum,0.8,0.18784626253841002,0.15027701003072802,0.07094715157774303,0,-4.540617700975554,-64.0,-64.0,-32.0,0.19634954084936207,-0.2793876904469451,-3.019725586694672,-0.25110394177169,-1.9867066162097673,-1.7356026744380773,0.0029239452877579428,593.5824728679937,3.6201749396438587,0.054237583576189914,0.054237583576189914,9.137329024243571e-05,-2.740337896247727,2.2928505699180337,0.08563555925774147,0.9999915457203016,0.9999868608972062,0.007906093799270453,0.9995646159584834,0.9985525955948393,0.4238929519429142,0.5830218302414165,True,True,False,True,True,PASS,False,False,,-0.21178355907468743,0.20916524975526737,
0.4.0,zeta_-64_r64_e0.05_rosenhead_mirror_trefoil_continuum_rr1_00067,zeta_-64_r64_e0.05_rosenhead_mirror_trefoil,mirror_trefoil,3:1:1,True,64,0.05,rosenhead,continuum,1.0,0.18784626253841002,0.18784626253841002,0.11085492434022348,0,-7.094715157774304,-64.0,-64.00000000000001,-32.0,0.19634954084936207,-0.2793876904469451,-5.241053194510916,-0.25110394177169,-2.9713350675681336,-2.7202311257964435,0.0058782725179519785,462.7602952209141,2.3097983283828363,0.08500722268113886,0.08500722268113886,0.00018369601618599933,-4.961665504063971,1.2663460086201281,0.1550520470019991,0.9999844389678322,0.9999868608972062,0.01182435009746651,0.9621868286894513,0.9985525955948393,0.7357110592101314,0.4875219616550449,True,True,False,True,True,PASS,False,False,,-0.475710612418791,0.2875513456142474,
0.4.0,zeta_+64_r64_e0.05_rosenhead_mirror_trefoil_continuum_rr0.4_00068,zeta_+64_r64_e0.05_rosenhead_mirror_trefoil,mirror_trefoil,3:1:1,True,64,0.05,rosenhead,continuum,0.4,0.18784626253841002,0.07513850501536401,0.01773678789443576,0,1.1351544252438885,64.0,64.0,32.0,0.19634954084936207,-0.2793876904469451,-0.15842031058323403,-0.25110394177169,0.17957509476528583,0.4306790365369758,0.001034700051182334,416.23563857452825,14.589020533020872,0.013458719891780494,0.013458719891780494,3.2334376599447935e-05,0.12096737986371109,51.941154005803796,0.0037802306207409715,0.9998929031952344,0.9999868608972062,0.0007149283575490251,0.6643709113292728,0.9985525955948393,0.02223819720464895,0.28613357539640416,True,True,False,True,True,PASS,False,False,,0.007873554232841765,0.1586115804863771,
0.4.0,zeta_+64_r64_e0.05_rosenhead_mirror_trefoil_continuum_rr0.6_00069,zeta_+64_r64_e0.05_rosenhead_mirror_trefoil,mirror_trefoil,3:1:1,True,64,0.05,rosenhead,continuum,0.6,0.18784626253841002,0.11270775752304601,0.039907772762480455,0,2.554097456798749,64.0,64.0,32.0,0.19634954084936207,-0.2793876904469451,1.1027157208142844,-0.25110394177169,0.7154790258572006,0.9665829676288906,0.0019448446295948691,496.99752510833713,6.5004097088455515,0.030205717738402832,0.030205717738402832,6.077639467483966e-05,1.3821034112612294,4.546103609892625,0.04319073160191342,0.9999720638331305,0.9999868608972062,0.002847204082638602,0.7544461488585992,0.9985525955948393,0.15479334417319296,0.30878279503220885,True,True,False,True,True,PASS,False,False,,-0.4578988075867031,0.10901197421590282,
0.4.0,zeta_+64_r64_e0.05_rosenhead_mirror_trefoil_continuum_rr0.8_00070,zeta_+64_r64_e0.05_rosenhead_mirror_trefoil,mirror_trefoil,3:1:1,True,64,0.05,rosenhead,continuum,0.8,0.18784626253841002,0.15027701003072802,0.07094715157774303,0,4.540617700975554,64.0,64.0,32.0,0.19634954084936207,-0.2793876904469451,0.703239708908297,-0.25110394177169,1.4630569467108938,1.7141608884825839,0.0035307765197620457,485.4911883797473,3.6654583297263374,0.053567527765080745,0.053567527765080745,0.00011033676624256393,0.9826273993552421,6.394270413487699,0.030707106229851316,0.9999770917455985,0.9999868608972062,0.005821908498943594,0.3739822674351154,0.9985525955948393,0.09871703490081225,0.37116726124790983,True,True,False,True,True,PASS,False,False,,-0.9128896981665845,-0.38204593236554535,
0.4.0,zeta_+64_r64_e0.05_rosenhead_mirror_trefoil_continuum_rr1_00071,zeta_+64_r64_e0.05_rosenhead_mirror_trefoil,mirror_trefoil,3:1:1,True,64,0.05,rosenhead,continuum,1.0,0.18784626253841002,0.18784626253841002,0.11085492434022348,0,7.094715157774304,64.0,64.00000000000001,32.0,0.19634954084936207,-0.2793876904469451,6.15152077849255,-0.25110394177169,2.42332835154924,2.67443229332093,0.005275089024598908,506.9928262536348,2.349352916082818,0.08357600916627907,0.08357600916627907,0.00016484653201871588,6.430908468939495,0.9770291923025505,0.20096588965435921,0.9999811876843895,0.9999868608972062,0.009644049864784319,0.8812625559567264,0.9985525955948393,0.8635176365769015,0.3540765782640865,True,True,False,True,True,PASS,False,False,,-0.9075595013566289,-0.3612728003218402,
0.4.0,zeta_-128_r64_e0.05_rosenhead_mirror_trefoil_continuum_rr0.4_00072,zeta_-128_r64_e0.05_rosenhead_mirror_trefoil,mirror_trefoil,3:1:1,True,64,0.05,rosenhead,continuum,0.4,0.18784626253841002,0.07513850501536401,0.01773678789443576,0,-2.270308850487777,-128.0,-128.0,-64.0,0.09817477042468103,-0.2585329871199177,-1.4542824796850709,-0.25110394177169,-1.1170353879797088,-0.8659314462080188,0.0008515095306904804,1016.9368809129404,7.255984679496447,0.013530178847000293,0.013530178847000293,1.3304836417038756e-05,-1.1957494925651533,5.2546000196920275,0.01868358582133052,0.9999983395974553,0.9999868608972062,0.004444406171412272,0.9974257455020337,0.9999485778480567,0.10207220417457369,0.4138898272502534,True,True,False,True,True,PASS,False,False,,-0.012853452523544027,0.017953831265433484,
0.4.0,zeta_-128_r64_e0.05_rosenhead_mirror_trefoil_continuum_rr0.6_00073,zeta_-128_r64_e0.05_rosenhead_mirror_trefoil,mirror_trefoil,3:1:1,True,64,0.05,rosenhead,continuum,0.6,0.18784626253841002,0.11270775752304601,0.039907772762480455,0,-5.108194913597498,-128.0,-128.0,-64.0,0.09817477042468103,-0.2585329871199177,-3.194666118519178,-0.25110394177169,-2.205194135232377,-1.954090193460687,0.0035857682769214498,544.9571870099662,3.2154018930170705,0.030532659272823233,0.030532659272823233,5.602762932689765e-05,-2.9361331313992602,2.1399524565104566,0.04587708017811344,0.9999895942477411,0.9999868608972062,0.008775672948410954,0.9985897303041174,0.9999485778480567,0.22422508479212194,0.5208064382114374,True,True,False,True,True,PASS,False,False,,-0.092661521791727,0.0714974597215427,
0.4.0,zeta_-128_r64_e0.05_rosenhead_mirror_trefoil_continuum_rr0.8_00074,zeta_-128_r64_e0.05_rosenhead_mirror_trefoil,mirror_trefoil,3:1:1,True,64,0.05,rosenhead,continuum,0.8,0.18784626253841002,0.15027701003072802,0.07094715157774303,0,-9.081235401951108,-128.0,-128.0,-64.0,0.09817477042468103,-0.2585329871199177,-5.447535548196625,-0.25110394177169,-3.737496132631231,-3.486392190859541,0.007717877838343632,451.72938259512165,1.8022026677470613,0.05447487798218033,0.05447487798218033,0.00012059184122411925,-5.189002561076707,1.2108657171053387,0.08107816501682355,0.9999830029258188,0.9999868608972062,0.014872373197477147,0.9989449294433865,0.9999485778480567,0.382347974682461,0.520329074921811,True,True,False,True,True,PASS,False,False,,-0.10209358981067086,0.21609790331496795,
0.4.0,zeta_-128_r64_e0.05_rosenhead_mirror_trefoil_continuum_rr1_00075,zeta_-128_r64_e0.05_rosenhead_mirror_trefoil,mirror_trefoil,3:1:1,True,64,0.05,rosenhead,continuum,1.0,0.18784626253841002,0.18784626253841002,0.11085492434022348,0,-14.189430315548607,-128.0,-128.00000000000003,-64.0,0.09817477042468103,-0.2585329871199177,-12.51388090682957,-0.25110394177169,-5.701817419871709,-5.4507134781000195,0.011853828827567756,459.82724716115473,1.1527271305718578,0.0851673980953128,0.0851673980953128,0.00018521607543074619,-12.255347919709653,0.5126892641762262,0.19148981124546333,0.999982737545107,0.9999868608972062,0.02269463960669673,0.9675939661249331,0.9999485778480567,0.8783158875810803,0.34775640670887886,True,True,False,True,True,PASS,False,False,,-0.4669104737157017,0.09613176520438133,
0.4.0,zeta_+128_r64_e0.05_rosenhead_mirror_trefoil_continuum_rr0.4_00076,zeta_+128_r64_e0.05_rosenhead_mirror_trefoil,mirror_trefoil,3:1:1,True,64,0.05,rosenhead,continuum,0.4,0.18784626253841002,0.07513850501536401,0.01773678789443576,0,2.270308850487777,128.0,128.0,64.0,0.09817477042468103,-0.2585329871199177,0.41864159814180135,-0.25110394177169,0.6084605251508668,0.8595644669225568,0.0017397631025175139,494.0698338059528,7.309731322043673,0.01343069479566495,0.01343069479566495,2.7183798476836154e-05,0.677174585261719,9.278530889860875,0.01058085289471436,0.9999695366065304,0.9999868608972062,0.0024213777006180464,0.9231742138502221,0.9999485778480567,0.029383335960117905,0.31670095365413314,True,True,False,True,True,PASS,False,False,,0.03650147212098436,0.12946367170731682,
0.4.0,zeta_+128_r64_e0.05_rosenhead_mirror_trefoil_continuum_rr0.6_00077,zeta_+128_r64_e0.05_rosenhead_mirror_trefoil,mirror_trefoil,3:1:1,True,64,0.05,rosenhead,continuum,0.6,0.18784626253841002,0.11270775752304601,0.039907772762480455,0,5.108194913597498,128.0,128.0,64.0,0.09817477042468103,-0.2585329871199177,3.164646584659915,-0.25110394177169,1.6763787536538737,1.9274826954255637,0.003982913570978257,483.9378663575037,3.2597881797285546,0.030116917116024433,0.030116917116024433,6.223302454653527e-05,3.4231795717798326,1.835482239663149,0.053487180809059884,0.9999777156379318,0.9999868608972062,0.006670848064346397,0.9824382070617016,0.9999485778480567,0.22211809386559178,0.34294128761934495,True,True,False,True,True,PASS,False,False,,-0.43979992420734476,0.11156640407580723,
0.4.0,zeta_+128_r64_e0.05_rosenhead_mirror_trefoil_continuum_rr0.8_00078,zeta_+128_r64_e0.05_rosenhead_mirror_trefoil,mirror_trefoil,3:1:1,True,64,0.05,rosenhead,continuum,0.8,0.18784626253841002,0.15027701003072802,0.07094715157774303,0,9.081235401951108,128.0,128.0,64.0,0.09817477042468103,-0.2585329871199177,3.6830353090058434,-0.25110394177169,3.172736371792007,3.423840313563697,0.005676568382195929,603.153187461333,1.835128023432771,0.053497504899432766,0.053497504899432766,8.86963809718114e-05,3.941568296125761,1.5940825669202392,0.061587004626965015,0.9999872779302621,0.9999868608972062,0.012628487399530429,0.8917779556802349,0.9999485778480567,0.25850241427952736,0.39639961095442433,True,True,False,True,True,PASS,False,False,,-0.8233580114015591,-0.4426323383083642,
0.4.0,zeta_+128_r64_e0.05_rosenhead_mirror_trefoil_continuum_rr1_00079,zeta_+128_r64_e0.05_rosenhead_mirror_trefoil,mirror_trefoil,3:1:1,True,64,0.05,rosenhead,continuum,1.0,0.18784626253841002,0.18784626253841002,0.11085492434022348,0,14.189430315548607,128.0,128.00000000000003,64.0,0.09817477042468103,-0.2585329871199177,6.9408408723581,-0.25110394177169,5.132342278342368,5.383446220114058,0.006273681591912985,858.1000073471254,1.1671306910625117,0.08411634718928215,0.08411634718928215,9.80262748736404e-05,7.199373859478018,0.8727405229703047,0.11249021655434403,0.9999940546185965,0.9999868608972062,0.020446662270921262,0.9745186835867782,0.9999485778480567,0.4871590881160741,0.412356007496006,True,True,False,True,True,PASS,False,False,,-0.8871918330452457,-0.3176492209515496,
0.4.0,zeta_-64_r64_e0.05_winckelmans_mirror_trefoil_continuum_rr0.4_00080,zeta_-64_r64_e0.05_winckelmans_mirror_trefoil,mirror_trefoil,3:1:1,True,64,0.05,winckelmans,continuum,0.4,0.18784626253841002,0.07513850501536401,0.01773678789443576,0,-1.1351544252438885,-64.0,-64.0,-32.0,0.19634954084936207,-0.30303564669947647,-1.0309587745368125,-0.2772467205603909,-0.7099556821947227,-0.4327089616343318,0.0006348260518196,681.6181541290869,14.520580492366369,0.01352215505107287,0.01352215505107287,1.98383141193625e-05,-0.727923127837336,8.631660496688665,0.02274759774491675,0.9999987393846896,0.999987294647068,0.0028243936954116026,0.9936452054285981,0.9989194118168331,0.14472048725069997,0.4594191391123747,True,True,False,True,True,PASS,False,False,,-0.0793552643248087,0.016005027546216282,
0.4.0,zeta_-64_r64_e0.05_winckelmans_mirror_trefoil_continuum_rr0.6_00081,zeta_-64_r64_e0.05_winckelmans_mirror_trefoil,mirror_trefoil,3:1:1,True,64,0.05,winckelmans,continuum,0.6,0.18784626253841002,0.11270775752304601,0.039907772762480455,0,-2.554097456798749,-64.0,-64.0,-32.0,0.19634954084936207,-0.30303564669947647,-2.0808028038470483,-0.2772467205603909,-1.2515185078996194,-0.9742717873392285,0.0011054206657373858,881.3583982431949,6.4491093643788995,0.03044599335435089,0.03044599335435089,3.4544395804293305e-05,-1.7777671571475717,3.5343128496427845,0.055555223660861616,0.9999975029085308,0.999987294647068,0.004979709842554957,0.9948907641067204,0.9989194118168331,0.2920919857155887,0.5142979726287216,True,True,False,True,True,PASS,False,False,,-0.2246958032210596,-0.08715351474215673,
0.4.0,zeta_-64_r64_e0.05_winckelmans_mirror_trefoil_continuum_rr0.8_00082,zeta_-64_r64_e0.05_winckelmans_mirror_trefoil,mirror_trefoil,3:1:1,True,64,0.05,winckelmans,continuum,0.8,0.18784626253841002,0.15027701003072802,0.07094715157774303,0,-4.540617700975554,-64.0,-64.0,-32.0,0.19634954084936207,-0.30303564669947647,-3.401123188749928,-0.2772467205603909,-2.0137311669211635,-1.7364844463607727,0.003156338625024169,550.1578419354406,3.618336645829184,0.05426513894877415,0.05426513894877415,9.863558203200528e-05,-3.0980875420504512,2.0280851402349644,0.0968152356890766,0.9999904138551589,0.999987294647068,0.00801377595870932,0.946132877856226,0.9989194118168331,0.477431510582646,0.520953159396218,True,True,False,True,True,PASS,False,False,,-0.20657696576736184,0.36902817187878295,
0.4.0,zeta_-64_r64_e0.05_winckelmans_mirror_trefoil_continuum_rr1_00083,zeta_-64_r64_e0.05_winckelmans_mirror_trefoil,mirror_trefoil,3:1:1,True,64,0.05,winckelmans,continuum,1.0,0.18784626253841002,0.18784626253841002,0.11085492434022348,0,-7.094715157774304,-64.0,-64.00000000000001,-32.0,0.19634954084936207,-0.30303564669947647,-4.884890576470221,-0.2772467205603909,-2.9997090737867422,-2.7224623532263514,0.0063911516892845915,425.97367197383744,2.3079053048184384,0.08507694853832348,0.08507694853832348,0.00019972349029014348,-4.581854929770745,1.3713191280575896,0.14318296655533577,0.9999819511963087,0.999987294647068,0.011937574709116147,0.9638612053943543,0.9989194118168331,0.6857148528666799,0.5179985086463148,True,True,False,True,True,PASS,False,False,,-0.520961324862407,0.3122869321000362,
0.4.0,zeta_+64_r64_e0.05_winckelmans_mirror_trefoil_continuum_rr0.4_00084,zeta_+64_r64_e0.05_winckelmans_mirror_trefoil,mirror_trefoil,3:1:1,True,64,0.05,winckelmans,continuum,0.4,0.18784626253841002,0.07513850501536401,0.01773678789443576,0,1.1351544252438885,64.0,64.0,32.0,0.19634954084936207,-0.30303564669947647,-0.1871742797412242,-0.2772467205603909,0.15324284135197835,0.43048956191236926,0.0011130181992431937,386.7767501062286,14.595441708894665,0.01345279880976154,0.01345279880976154,3.47818187263498e-05,0.11586136695825228,54.23020176728602,0.0036206677174453836,0.9998306058481268,0.999987294647068,0.0006101602007102217,0.717976126159837,0.9989194118168331,0.026274525843304274,0.2813138282355877,True,True,False,True,True,PASS,False,False,,0.008456868040008274,0.16895202440495424,
0.4.0,zeta_+64_r64_e0.05_winckelmans_mirror_trefoil_continuum_rr0.6_00085,zeta_+64_r64_e0.05_winckelmans_mirror_trefoil,mirror_trefoil,3:1:1,True,64,0.05,winckelmans,continuum,0.6,0.18784626253841002,0.11270775752304601,0.039907772762480455,0,2.554097456798749,64.0,64.0,32.0,0.19634954084936207,-0.30303564669947647,0.9712986735072167,-0.2772467205603909,0.6888075687510796,0.9660542893114705,0.002078038074335851,464.88767517901476,6.503967092426824,0.030189196540983454,0.030189196540983454,6.493868982299535e-05,1.2743343202066932,4.930562731890068,0.039822947506459164,0.9999656537276466,0.999987294647068,0.002741066451130429,0.6520657147716707,0.9989194118168331,0.1363457208646161,0.3198673461487202,True,True,False,True,True,PASS,False,False,,-0.4866044893519653,0.10905222485365508,
0.4.0,zeta_+64_r64_e0.05_winckelmans_mirror_trefoil_continuum_rr0.8_00086,zeta_+64_r64_e0.05_winckelmans_mirror_trefoil,mirror_trefoil,3:1:1,True,64,0.05,winckelmans,continuum,0.8,0.18784626253841002,0.15027701003072802,0.07094715157774303,0,4.540617700975554,64.0,64.0,32.0,0.19634954084936207,-0.30303564669947647,-0.5337123585750968,-0.2772467205603909,1.435709591704257,1.712956312264648,0.0037914712091152514,451.79198727566506,3.6680359342456175,0.05352988475827025,0.05352988475827025,0.0001184834752848516,-0.23067671187562033,27.238056482127448,-0.007208647246113135,0.9999725785241996,0.999987294647068,0.005713006215838874,0.11916523684431135,0.9989194118168331,0.0749196907697984,0.40605991226310556,True,True,False,True,True,PASS,False,False,,-0.9314744530281084,0.08532961920979831,
0.4.0,zeta_+64_r64_e0.05_winckelmans_mirror_trefoil_continuum_rr1_00087,zeta_+64_r64_e0.05_winckelmans_mirror_trefoil,mirror_trefoil,3:1:1,True,64,0.05,winckelmans,continuum,1.0,0.18784626253841002,0.18784626253841002,0.11085492434022348,0,7.094715157774304,64.0,64.00000000000001,32.0,0.19634954084936207,-0.30303564669947647,3.1125305682090896,-0.2772467205603909,2.3947797811036677,2.6720265016640585,0.005775178635187911,462.67426004513834,2.351468184640611,0.08350082817700183,0.08350082817700183,0.0001804743323496222,3.415566214908566,1.8395735616994284,0.10673644421589269,0.9999769081492159,0.999987294647068,0.009530208219698535,0.7122482153170676,0.9989194118168331,0.43692041965140027,0.3281767434219414,True,True,False,True,True,PASS,False,False,,-0.9769774469223923,-0.21244853943183226,
0.4.0,zeta_-128_r64_e0.05_winckelmans_mirror_trefoil_continuum_rr0.4_00088,zeta_-128_r64_e0.05_winckelmans_mirror_trefoil,mirror_trefoil,3:1:1,True,64,0.05,winckelmans,continuum,0.4,0.18784626253841002,0.07513850501536401,0.01773678789443576,0,-2.270308850487777,-128.0,-128.0,-64.0,0.09817477042468103,-0.2842176759227355,-1.5007127632062216,-0.2772467205603909,-1.1432037917174176,-0.8659570711570267,0.0009145467310380545,946.8702273683967,7.2557699641905655,0.013530579236828542,0.013530579236828542,1.4289792672469602e-05,-1.216495087283486,5.164990284679533,0.01900773573880447,0.999998187364941,0.999987294647068,0.004548569096621717,0.9972133492307973,0.9999751383551306,0.10533102180158695,0.4173422396485223,True,True,False,True,True,PASS,False,False,,-0.019209442570883393,0.013183539185833674,
0.4.0,zeta_-128_r64_e0.05_winckelmans_mirror_trefoil_continuum_rr0.6_00089,zeta_-128_r64_e0.05_winckelmans_mirror_trefoil,mirror_trefoil,3:1:1,True,64,0.05,winckelmans,continuum,0.6,0.18784626253841002,0.11270775752304601,0.039907772762480455,0,-5.108194913597498,-128.0,-128.0,-64.0,0.09817477042468103,-0.2842176759227355,-3.2270323251263524,-0.2772467205603909,-2.232485532369774,-1.9552388118093833,0.0038734623994424863,504.778053890701,3.2135129832887825,0.030550606434521614,0.030550606434521614,6.052284999128885e-05,-2.942814649203617,2.135093798340286,0.045981478893806514,0.9999881545697082,0.999987294647068,0.008884452822063892,0.998678337874422,0.9999751383551306,0.22649678241298535,0.5291174306887918,True,True,False,True,True,PASS,False,False,,-0.10090026191501608,0.0652220049985357,
0.4.0,zeta_-128_r64_e0.05_winckelmans_mirror_trefoil_continuum_rr0.8_00090,zeta_-128_r64_e0.05_winckelmans_mirror_trefoil,mirror_trefoil,3:1:1,True,64,0.05,winckelmans,continuum,0.8,0.18784626253841002,0.15027701003072802,0.07094715157774303,0,-9.081235401951108,-128.0,-128.0,-64.0,0.09817477042468103,-0.2842176759227355,-5.308354360914608,-0.2772467205603909,-3.7671591717494466,-3.489912451189056,0.008493116480364271,410.91070153783795,1.8003847933316575,0.054529882049829,0.054529882049829,0.00013270494500569174,-5.0241366849918725,1.2505999938156043,0.07850213570299801,0.9999797378780624,0.999987294647068,0.014990861785842854,0.9986161097591304,0.9999751383551306,0.37257921877433375,0.5423356433764382,True,True,False,True,True,PASS,False,False,,0.0656534631919261,0.47694242772878503,
0.4.0,zeta_-128_r64_e0.05_winckelmans_mirror_trefoil_continuum_rr1_00091,zeta_-128_r64_e0.05_winckelmans_mirror_trefoil,mirror_trefoil,3:1:1,True,64,0.05,winckelmans,continuum,1.0,0.18784626253841002,0.18784626253841002,0.11085492434022348,0,-14.189430315548607,-128.0,-128.00000000000003,-64.0,0.09817477042468103,-0.2842176759227355,-12.155730986700592,-0.2772467205603909,-5.735419397507,-5.458172676946609,0.013381812161931395,407.87993516110095,1.1511518009896495,0.08528394807729077,0.08528394807729077,0.00020909081503017805,-11.871513310777857,0.5292657425128131,0.18549239548090402,0.9999782550953598,0.999987294647068,0.022829024259427625,0.9709188218856073,0.9999751383551306,0.8531783009820663,0.3649706711443744,True,True,False,True,True,PASS,False,False,,-0.37897990845650886,0.16773340363047548,
0.4.0,zeta_+128_r64_e0.05_winckelmans_mirror_trefoil_continuum_rr0.4_00092,zeta_+128_r64_e0.05_winckelmans_mirror_trefoil,mirror_trefoil,3:1:1,True,64,0.05,winckelmans,continuum,0.4,0.18784626253841002,0.07513850501536401,0.01773678789443576,0,2.270308850487777,128.0,128.0,64.0,0.09817477042468103,-0.2842176759227355,0.3696345363830486,-0.2772467205603909,0.5818663533232845,0.8591130738836754,0.0018596364919699097,461.9790360069878,7.313571982761299,0.013423641779432428,0.013423641779432428,2.905682018702984e-05,0.6538522123057842,9.609488488265843,0.010216440817277878,0.9999620286993013,0.999987294647068,0.0023155531122596444,0.8965032361832191,0.9999751383551306,0.02594366114885386,0.31470855443096174,True,True,False,True,True,PASS,False,False,,0.03392403353456778,0.1329061146106113,
0.4.0,zeta_+128_r64_e0.05_winckelmans_mirror_trefoil_continuum_rr0.6_00093,zeta_+128_r64_e0.05_winckelmans_mirror_trefoil,mirror_trefoil,3:1:1,True,64,0.05,winckelmans,continuum,0.6,0.18784626253841002,0.11270775752304601,0.039907772762480455,0,5.108194913597498,128.0,128.0,64.0,0.09817477042468103,-0.2842176759227355,2.9082312578070333,-0.2772467205603909,1.6487980979442602,1.9260448185046513,0.0042892965020562435,449.03513142104435,3.262221754557999,0.030094450289135176,0.030094450289135176,6.70202578446288e-05,3.192448933729769,1.9681396437683596,0.04988201458952764,0.9999732894021867,0.999987294647068,0.006560989980332888,0.9445539233350441,0.9999751383551306,0.20412098672744816,0.3427404669484173,True,True,False,True,True,PASS,False,False,,-0.5354241573608297,-0.0025637100932514503,
0.4.0,zeta_+128_r64_e0.05_winckelmans_mirror_trefoil_continuum_rr0.8_00094,zeta_+128_r64_e0.05_winckelmans_mirror_trefoil,mirror_trefoil,3:1:1,True,64,0.05,winckelmans,continuum,0.8,0.18784626253841002,0.15027701003072802,0.07094715157774303,0,9.081235401951108,128.0,128.0,64.0,0.09817477042468103,-0.2842176759227355,3.167339089567523,-0.2772467205603909,3.1430060689112995,3.4202527894716903,0.006404011349850702,534.0797513657479,1.83705290045246,0.05344144983549516,0.05344144983549516,0.00010006267734141721,3.4515567654902584,1.820391705563366,0.05393057446078529,0.9999834928028565,0.999987294647068,0.012509785733373063,0.8171365342870114,0.9999751383551306,0.22230707359580892,0.38470732411299163,True,True,False,True,True,PASS,False,False,,-0.8382572430806494,-0.37888017512734173,
0.4.0,zeta_+128_r64_e0.05_winckelmans_mirror_trefoil_continuum_rr1_00095,zeta_+128_r64_e0.05_winckelmans_mirror_trefoil,mirror_trefoil,3:1:1,True,64,0.05,winckelmans,continuum,1.0,0.18784626253841002,0.18784626253841002,0.11085492434022348,0,14.189430315548607,128.0,128.00000000000003,64.0,0.09817477042468103,-0.2842176759227355,8.266616093954639,-0.2772467205603909,5.098826401252787,5.376073121813178,0.005419735576185945,991.9438035751011,1.1687313704283226,0.08400114252833091,0.08400114252833091,8.468336837790538e-05,8.550833769877375,0.7348038187005583,0.13360677765433399,0.9999955182376956,0.999987294647068,0.02031249825195945,0.9334078846359772,0.9999751383551306,0.5802117109721905,0.39133105709691407,True,True,False,True,True,PASS,False,False,,-0.9255706671575105,-0.3666258648867583,
0.4.0,zeta_-64_r96_e0.05_rosenhead_mirror_trefoil_continuum_rr0.4_00096,zeta_-64_r96_e0.05_rosenhead_mirror_trefoil,mirror_trefoil,3:1:1,True,96,0.05,rosenhead,continuum,0.4,0.18789197682004888,0.07515679072801956,0.017745421797153618,0,-1.1357069950178318,-64.0,-64.00000000000001,-32.0,0.19634954084936207,-0.31494394252698005,-1.0835063412002628,-0.31643044196022774,-0.7489964700964759,-0.4325660281362481,0.00028860045453806666,1498.8404256972237,14.525378551457885,0.013517688379257754,0.013517688379257754,9.018764204314583e-06,-0.7685623986732828,8.175244219631123,0.024017574958540087,0.9999996795911928,0.9999984678383103,0.0029800053924156156,0.9951456413962667,0.9989860595134336,0.15209683404477017,0.4776027347092573,True,True,False,True,True,PASS,False,False,,-0.044796786452637995,0.08083238142882766,
0.4.0,zeta_-64_r96_e0.05_rosenhead_mirror_trefoil_continuum_rr0.6_00097,zeta_-64_r96_e0.05_rosenhead_mirror_trefoil,mirror_trefoil,3:1:1,True,96,0.05,rosenhead,continuum,0.6,0.18789197682004888,0.11273518609202932,0.039927199043595624,0,-2.5553407387901204,-64.0,-64.00000000000001,-32.0,0.19634954084936207,-0.31494394252698005,-1.9771049019966866,-0.31643044196022774,-1.2903475408295275,-0.9739170988692998,0.0007369458552149278,1321.5585541019973,6.451458049637131,0.030434909339665618,0.030434909339665618,2.3029557975466493e-05,-1.6621609594697067,3.7801304809759,0.05194252998342833,0.999998787420198,0.9999984678383103,0.005134516916500978,0.9973184228573289,0.9989860595134336,0.27753542802063913,0.5510339562784285,True,True,False,True,True,PASS,False,False,,-0.11898425012247887,0.06853844255512466,
0.4.0,zeta_-64_r96_e0.05_rosenhead_mirror_trefoil_continuum_rr0.8_00098,zeta_-64_r96_e0.05_rosenhead_mirror_trefoil,mirror_trefoil,3:1:1,True,96,0.05,rosenhead,continuum,0.8,0.18789197682004888,0.15031358145603912,0.07098168718861447,0,-4.542827980071327,-64.0,-64.00000000000001,-32.0,0.19634954084936207,-0.31494394252698005,-3.240843396901079,-0.31643044196022774,-2.0508774736941637,-1.734447031733936,0.0021332069389159714,813.070218408031,3.622587021811933,0.0542014697416855,0.0542014697416855,6.66627168411241e-05,-2.925899454374099,2.147437191591284,0.0914343579491906,0.9999957088980584,0.9999984678383103,0.008161739813074246,0.9366772814984974,0.9989860595134336,0.4549322893279188,0.46330865895740236,True,True,False,True,True,PASS,False,False,,-0.08764044780317837,0.577184583927175,
0.4.0,zeta_-64_r96_e0.05_rosenhead_mirror_trefoil_continuum_rr1_00099,zeta_-64_r96_e0.05_rosenhead_mirror_trefoil,mirror_trefoil,3:1:1,True,96,0.05,rosenhead,continuum,1.0,0.18789197682004888,0.18789197682004888,0.1109088862322101,0,-7.098168718861445,-64.0,-63.99999999999999,-32.0,0.19634954084936207,-0.31494394252698005,-4.576388332495455,-0.31643044196022774,-3.0299328453546965,-2.713502403394469,0.00398888036477895,680.2666801827841,2.3155259782779645,0.08479695010607716,0.08479695010607716,0.0001246525113993422,-4.261444389968474,1.4744262114437843,0.13317013718651483,0.9999930841607341,0.9999984678383103,0.012058583999081723,0.9705649139562263,0.9989860595134336,0.64240895531901,0.5018607027231523,True,True,False,True,True,PASS,False,False,,-0.09034784919284018,0.8106855525553235,
0.4.0,zeta_+64_r96_e0.05_rosenhead_mirror_trefoil_continuum_rr0.4_00100,zeta_+64_r96_e0.05_rosenhead_mirror_trefoil,mirror_trefoil,3:1:1,True,96,0.05,rosenhead,continuum,0.4,0.18789197682004888,0.07515679072801956,0.017745421797153618,0,1.1357069950178318,64.0,64.00000000000001,32.0,0.19634954084936207,-0.31494394252698005,-0.2693960932150505,-0.31643044196022774,0.11381180328843687,0.4302422452486646,0.0006533029171783965,658.5647085533815,14.603831624084544,0.013445070164020769,0.013445070164020769,2.041571616182489e-05,0.04554784931192957,137.94691521327087,0.001423370290997799,0.9998800583343854,0.9999984678383103,0.0004529771175379161,0.8351358826022054,0.9989860595134336,0.037816384938411496,0.25251246686587503,True,True,False,True,True,PASS,False,False,,0.02302849931677146,0.22651342832622254,
0.4.0,zeta_+64_r96_e0.05_rosenhead_mirror_trefoil_continuum_rr0.6_00101,zeta_+64_r96_e0.05_rosenhead_mirror_trefoil,mirror_trefoil,3:1:1,True,96,0.05,rosenhead,continuum,0.6,0.18789197682004888,0.11273518609202932,0.039927199043595624,0,2.5553407387901204,64.0,64.00000000000001,32.0,0.19634954084936207,-0.31494394252698005,1.65921976982933,-0.31643044196022774,0.648712949306439,0.9651433912666667,0.0016880749421899616,571.7420282387307,6.510105507673272,0.030160730977083335,0.030160730977083335,5.27523419434363e-05,1.97416371235631,3.1827073245511848,0.06169261601113469,0.9999732796734091,0.9999984678383103,0.0025809881820075416,0.7604866659604693,0.9989860595134336,0.23291241073492683,0.33767861976721497,True,True,False,True,True,PASS,False,False,,-0.7438173324530616,0.0386867026325762,
0.4.0,zeta_+64_r96_e0.05_rosenhead_mirror_trefoil_continuum_rr0.8_00102,zeta_+64_r96_e0.05_rosenhead_mirror_trefoil,mirror_trefoil,3:1:1,True,96,0.05,rosenhead,continuum,0.8,0.18789197682004888,0.15031358145603912,0.07098168718861447,0,4.542827980071327,64.0,64.00000000000001,32.0,0.19634954084936207,-0.31494394252698005,1.3308851553629097,-0.31643044196022774,1.3930232218337617,1.7094536637939894,0.0039501408869322225,432.7576440245891,3.675551692483189,0.05342042699356217,0.05342042699356217,0.00012344190271663195,1.6458290978898897,3.817641403493978,0.051432159309059054,0.9999679162060122,0.9999984678383103,0.005541770808407658,0.7505653271215319,0.9989860595134336,0.1868225509263236,0.3676062858234868,True,True,False,True,True,PASS,False,False,,-0.8330108343160697,-0.16555453510295967,
0.4.0,zeta_+64_r96_e0.05_rosenhead_mirror_trefoil_continuum_rr1_00103,zeta_+64_r96_e0.05_rosenhead_mirror_trefoil,mirror_trefoil,3:1:1,True,96,0.05,rosenhead,continuum,1.0,0.18789197682004888,0.18789197682004888,0.1109088862322101,0,7.098168718861445,64.0,63.99999999999999,32.0,0.19634954084936207,-0.31494394252698005,5.613326743073322,-0.31643044196022774,2.3442017487481546,2.660632190708382,0.007772854177704775,342.29796801540317,2.361538482892186,0.08314475595963694,0.08314475595963694,0.00024290169305327423,5.928270685600302,1.0598681538684405,0.18525845892500944,0.9999560522956907,0.9999984678383103,0.009325348936149653,0.9212741510990957,0.9989860595134336,0.787968831944743,0.36800275725732523,True,True,False,True,True,PASS,False,False,,-0.9395942845465303,-0.25841607237885494,
0.4.0,zeta_-128_r96_e0.05_rosenhead_mirror_trefoil_continuum_rr0.4_00104,zeta_-128_r96_e0.05_rosenhead_mirror_trefoil,mirror_trefoil,3:1:1,True,96,0.05,rosenhead,continuum,0.4,0.18789197682004888,0.07515679072801956,0.017745421797153618,0,-2.2714139900356636,-128.0,-128.00000000000003,-64.0,0.09817477042468103,-0.3009344270024586,-1.5212360607901354,-0.31643044196022774,-1.18195551144892,-0.8655250694886922,0.000586727343937103,1475.174249900779,7.259391470765104,0.013523829210760816,0.013523829210760816,9.167614749017234e-06,-1.2203016337876769,5.148878878148591,0.01906721302793245,0.9999991241478349,0.9999984678383103,0.004703080590248799,0.9978710502089271,0.9998888899713777,0.10677149725981733,0.42366124277945516,True,True,False,True,True,PASS,False,False,,-0.0024950473714870393,0.03596189892424169,
0.4.0,zeta_-128_r96_e0.05_rosenhead_mirror_trefoil_continuum_rr0.6_00105,zeta_-128_r96_e0.05_rosenhead_mirror_trefoil,mirror_trefoil,3:1:1,True,96,0.05,rosenhead,continuum,0.6,0.18789197682004888,0.11273518609202932,0.039927199043595624,0,-5.110681477580241,-128.0,-128.00000000000003,-64.0,0.09817477042468103,-0.3009344270024586,-2.995960420205425,-0.31643044196022774,-2.2684825590371576,-1.9520521170769298,0.002572532716284605,758.8055555989943,3.218758993273317,0.03050081432932703,0.03050081432932703,4.0195823691946956e-05,-2.6950259932029663,2.3314006332503636,0.04210978114379635,0.9999948857202218,0.9999984678383103,0.009027890534389937,0.9995495859989015,0.9998888899713777,0.2102784623908641,0.5311468472750418,True,True,False,True,True,PASS,False,False,,-0.007003762145813904,0.15463850769726742,
0.4.0,zeta_-128_r96_e0.05_rosenhead_mirror_trefoil_continuum_rr0.8_00106,zeta_-128_r96_e0.05_rosenhead_mirror_trefoil,mirror_trefoil,3:1:1,True,96,0.05,rosenhead,continuum,0.8,0.18789197682004888,0.15031358145603912,0.07098168718861447,0,-9.085655960142654,-128.0,-128.00000000000003,-64.0,0.09817477042468103,-0.3009344270024586,-4.976267749045631,-0.31643044196022774,-3.789829366966357,-3.473398925006129,0.0050782772198305175,683.9719012271745,1.808944334595399,0.054271858203220766,0.054271858203220766,7.934808155985184e-05,-4.675333322043172,1.3439010385753127,0.07305208315692456,0.9999928285989501,0.9999984678383103,0.015083413536951607,0.9984490745630105,0.9998888899713777,0.34927094619054166,0.546326373502208,True,True,False,True,True,PASS,False,False,,0.11098718687443283,0.48649603414203607,
0.4.0,zeta_-128_r96_e0.05_rosenhead_mirror_trefoil_continuum_rr1_00107,zeta_-128_r96_e0.05_rosenhead_mirror_trefoil,mirror_trefoil,3:1:1,True,96,0.05,rosenhead,continuum,1.0,0.18789197682004888,0.18789197682004888,0.1109088862322101,0,-14.19633743772289,-128.0,-127.99999999999999,-64.0,0.09817477042468103,-0.3009344270024586,-8.549639265469361,-0.31643044196022774,-5.738826021794426,-5.422395579834198,0.010157918876641468,533.8096952421238,1.1587471283996047,0.08472493093490935,0.08472493093490935,0.00015871748244752294,-8.248704838466903,0.7617178005786631,0.12888601310104536,0.9999874727294736,0.9999984678383103,0.022854215635230768,0.9826921217731174,0.9998888899713777,0.6000763516816364,0.3562892494025103,True,True,False,True,True,PASS,False,False,,0.06436204299799336,0.5446071115115568,
0.4.0,zeta_+128_r96_e0.05_rosenhead_mirror_trefoil_continuum_rr0.4_00108,zeta_+128_r96_e0.05_rosenhead_mirror_trefoil,mirror_trefoil,3:1:1,True,96,0.05,rosenhead,continuum,0.4,0.18789197682004888,0.07515679072801956,0.017745421797153618,0,2.2714139900356636,128.0,128.00000000000003,64.0,0.09817477042468103,-0.3009344270024586,0.2664336820607289,-0.31643044196022774,0.5419723419530513,0.8584027839132791,0.0014338820382059842,598.6564871035544,7.319623636978268,0.013412543498644985,0.013412543498644985,2.2404406846968503e-05,0.5673681090631875,11.074265907461907,0.008865126704112304,0.9999725246799654,0.9999984678383103,0.002156373585023549,0.7726791672902631,0.9998888899713777,0.018700268740207495,0.30666386666018997,True,True,False,True,True,PASS,False,False,,0.0708350613526294,0.20749870384398886,
0.4.0,zeta_+128_r96_e0.05_rosenhead_mirror_trefoil_continuum_rr0.6_00109,zeta_+128_r96_e0.05_rosenhead_mirror_trefoil,mirror_trefoil,3:1:1,True,96,0.05,rosenhead,continuum,0.6,0.18789197682004888,0.11273518609202932,0.039927199043595624,0,5.110681477580241,128.0,128.00000000000003,64.0,0.09817477042468103,-0.3009344270024586,2.7146444209084764,-0.31643044196022774,1.604865801712189,1.9212962436724168,0.004731299934809197,406.08210642851554,3.270284490417646,0.030020253807381513,0.030020253807381513,7.39265614813937e-05,3.015578847910935,2.0835752019988836,0.04711841949860836,0.9999652956665853,0.9999984678383103,0.006384443331023408,0.9761401089160888,0.9998888899713777,0.1905336435410691,0.38956854469506597,True,True,False,True,True,PASS,False,False,,-0.39352563904596227,0.21014354397624327,
0.4.0,zeta_+128_r96_e0.05_rosenhead_mirror_trefoil_continuum_rr0.8_00110,zeta_+128_r96_e0.05_rosenhead_mirror_trefoil,mirror_trefoil,3:1:1,True,96,0.05,rosenhead,continuum,0.8,0.18789197682004888,0.15031358145603912,0.07098168718861447,0,9.085655960142654,128.0,128.00000000000003,64.0,0.09817477042468103,-0.3009344270024586,4.009103240451429,-0.31643044196022774,3.0816571426063724,3.3980875845666,0.010870715116553768,312.5909885534615,1.849035715181826,0.05309511850885312,0.05309511850885312,0.00016985492369615262,4.310037667453888,1.4578028759760968,0.067344338553967,0.9999502440526489,0.9999984678383103,0.012259531228411698,0.953588363227086,0.9998888899713777,0.281388251754859,0.39717251094486405,True,True,False,True,True,PASS,False,False,,-0.7311786590472477,-0.25966301130750513,
0.4.0,zeta_+128_r96_e0.05_rosenhead_mirror_trefoil_continuum_rr1_00111,zeta_+128_r96_e0.05_rosenhead_mirror_trefoil,mirror_trefoil,3:1:1,True,96,0.05,rosenhead,continuum,1.0,0.18789197682004888,0.18789197682004888,0.1109088862322101,0,14.19633743772289,128.0,127.99999999999999,64.0,0.09817477042468103,-0.3009344270024586,7.274891768668052,-0.31643044196022774,4.9881761609913635,5.3046066029515915,0.013645844470134016,388.7342124235346,1.1844771492919934,0.08288447817111862,0.08288447817111862,0.000213216319845844,7.575826195670511,0.8293729482297716,0.11837228430735174,0.9999700721993362,0.9999984678383103,0.019858713011753445,0.9901896947819707,0.9998888899713777,0.5106052285799492,0.4162061314409558,True,True,False,True,True,PASS,False,False,,-0.8444163772346008,-0.18336486056905443,
0.4.0,zeta_-64_r96_e0.05_winckelmans_mirror_trefoil_continuum_rr0.4_00112,zeta_-64_r96_e0.05_winckelmans_mirror_trefoil,mirror_trefoil,3:1:1,True,96,0.05,winckelmans,continuum,0.4,0.18789197682004888,0.07515679072801956,0.017745421797153618,0,-1.1357069950178318,-64.0,-64.00000000000001,-32.0,0.19634954084936207,-0.361011099446901,-1.1583653867516843,-0.3646467858862439,-0.7971781994073458,-0.4325314135211019,0.0003270967296448191,1322.334876263575,14.52654098815657,0.013516606672534435,0.013516606672534435,1.0221772801400597e-05,-0.7973542873047833,7.880042043064705,0.02491732147827448,0.9999996332593061,0.9999985341691614,0.0031717281763388697,0.9954994967278512,0.9994075400778794,0.16260514709753157,0.49725147058785846,True,True,False,True,True,PASS,False,False,,-0.04910498374924248,0.10652686929017387,
0.4.0,zeta_-64_r96_e0.05_winckelmans_mirror_trefoil_continuum_rr0.6_00113,zeta_-64_r96_e0.05_winckelmans_mirror_trefoil,mirror_trefoil,3:1:1,True,96,0.05,winckelmans,continuum,0.6,0.18789197682004888,0.11273518609202932,0.039927199043595624,0,-2.5553407387901204,-64.0,-64.00000000000001,-32.0,0.19634954084936207,-0.361011099446901,-2.065540970030321,-0.3646467858862439,-1.3388816407920132,-0.9742348549057693,0.0008530790769064962,1142.0217436801029,6.449353844753699,0.03044483921580529,0.03044483921580529,2.6658721153328007e-05,-1.70452987058342,3.6861690813485137,0.053266558455731874,0.9999984848501762,0.9999985341691614,0.0053277202753979095,0.9977637401258566,0.9994075400778794,0.28994961098553385,0.5716687015159435,True,True,False,True,True,PASS,False,False,,-0.11886735762949185,0.1066121536799068,
0.4.0,zeta_-64_r96_e0.05_winckelmans_mirror_trefoil_continuum_rr0.8_00114,zeta_-64_r96_e0.05_winckelmans_mirror_trefoil,mirror_trefoil,3:1:1,True,96,0.05,winckelmans,continuum,0.8,0.18789197682004888,0.15031358145603912,0.07098168718861447,0,-4.542827980071327,-64.0,-64.00000000000001,-32.0,0.19634954084936207,-0.361011099446901,-3.2958423621370256,-0.3646467858862439,-2.100631624795956,-1.7359848389097123,0.0025082544661520017,692.1087402957745,3.619377984387093,0.05424952621592851,0.05424952621592851,7.838295206725005e-05,-2.9348312626901247,2.1409017230586174,0.0917134769590664,0.9999943412021114,0.9999985341691614,0.008359974926310777,0.9508142055481741,0.9994075400778794,0.46265275036265463,0.4207533708416707,True,True,False,True,True,PASS,False,False,,-0.07417757416707917,0.9041503078707737,
0.4.0,zeta_-64_r96_e0.05_winckelmans_mirror_trefoil_continuum_rr1_00115,zeta_-64_r96_e0.05_winckelmans_mirror_trefoil,mirror_trefoil,3:1:1,True,96,0.05,winckelmans,continuum,1.0,0.18789197682004888,0.18789197682004888,0.1109088862322101,0,-7.098168718861445,-64.0,-63.99999999999999,-32.0,0.19634954084936207,-0.361011099446901,-4.302155233062612,-0.3646467858862439,-3.081843236524255,-2.717196450638011,0.004819496749358461,563.7925683837645,2.3123780048013325,0.08491238908243784,0.08491238908243784,0.0001506092734174519,-3.941144133615711,1.5942541287915863,0.12316075417549097,0.9999902382872488,0.9999985341691614,0.01226567920481605,0.9619206169063378,0.9994075400778794,0.6039135772782913,0.4682527415171893,True,True,False,True,True,PASS,False,False,,-0.04750629139573225,1.1231806384753362,
0.4.0,zeta_+64_r96_e0.05_winckelmans_mirror_trefoil_continuum_rr0.4_00116,zeta_+64_r96_e0.05_winckelmans_mirror_trefoil,mirror_trefoil,3:1:1,True,96,0.05,winckelmans,continuum,0.4,0.18789197682004888,0.07515679072801956,0.017745421797153618,0,1.1357069950178318,64.0,64.00000000000001,32.0,0.19634954084936207,-0.361011099446901,-0.26861964654316145,-0.3646467858862439,0.06540914602416743,0.4300559319104113,0.0007144844734087298,601.9108153024795,14.610158449083993,0.013439247872200353,0.013439247872200353,2.2327639794022806e-05,0.09239145290373957,68.00613162481476,0.0028872329032418615,0.9995684680742319,0.9999985341691614,0.0002603937486001841,0.8104743155350598,0.9994075400778794,0.03770739150098676,0.2368911787095307,True,True,False,True,True,PASS,False,False,,0.019094466861867165,0.24591386793137135,
0.4.0,zeta_+64_r96_e0.05_winckelmans_mirror_trefoil_continuum_rr0.6_00117,zeta_+64_r96_e0.05_winckelmans_mirror_trefoil,mirror_trefoil,3:1:1,True,96,0.05,winckelmans,continuum,0.6,0.18789197682004888,0.11273518609202932,0.039927199043595624,0,2.5553407387901204,64.0,64.00000000000001,32.0,0.19634954084936207,-0.361011099446901,1.7849615300791093,-0.3646467858862439,0.5998494591194208,0.9644962450056647,0.00183775322791122,524.8235891289418,6.514473581120768,0.03014050765642702,0.03014050765642702,5.7429788372225624e-05,2.1459726295260104,2.9278962931448844,0.06706164467268783,0.999962998248002,0.9999985341691614,0.002386517951575149,0.7636917697807025,0.9994075400778794,0.2505633675535294,0.33226837891750177,True,True,False,True,True,PASS,False,False,,-0.7235896238083653,0.10546193234774437,
0.4.0,zeta_+64_r96_e0.05_winckelmans_mirror_trefoil_continuum_rr0.8_00118,zeta_+64_r96_e0.05_winckelmans_mirror_trefoil,mirror_trefoil,3:1:1,True,96,0.05,winckelmans,continuum,0.8,0.18789197682004888,0.15031358145603912,0.07098168718861447,0,4.542827980071327,64.0,64.00000000000001,32.0,0.19634954084936207,-0.361011099446901,-0.038794089887301486,-0.3646467858862439,1.3430963667666573,1.7077431526529012,0.004324347837667696,394.9134567246005,3.6792332016784512,0.05336697352040316,0.05336697352040316,0.0001351358699271155,0.32221700955959953,19.49985606212202,0.010069281548737485,0.9999586442601832,0.9999985341691614,0.005342910792465164,0.001257925777313429,0.9994075400778794,0.005445707170454131,0.37300509201115045,True,True,False,True,True,PASS,False,False,,-0.9235506697413902,0.6217009007957427,
0.4.0,zeta_+64_r96_e0.05_winckelmans_mirror_trefoil_continuum_rr1_00119,zeta_+64_r96_e0.05_winckelmans_mirror_trefoil,mirror_trefoil,3:1:1,True,96,0.05,winckelmans,continuum,1.0,0.18789197682004888,0.18789197682004888,0.1109088862322101,0,7.098168718861445,64.0,63.99999999999999,32.0,0.19634954084936207,-0.361011099446901,4.278851252171426,-0.3646467858862439,2.2922360511912916,2.6568828370775357,0.008586767694570535,309.41594457685153,2.364871050953394,0.08302758865867299,0.08302758865867299,0.0002683364904553292,4.639862351618327,1.3541749368896876,0.14499569848807273,0.9999439095043098,0.9999985341691614,0.00911806313804534,0.9292788704412821,0.9994075400778794,0.6006422888885411,0.4300958786896903,True,True,False,True,True,PASS,False,False,,-0.9545232792056751,-0.08763434038739797,
0.4.0,zeta_-128_r96_e0.05_winckelmans_mirror_trefoil_continuum_rr0.4_00120,zeta_-128_r96_e0.05_winckelmans_mirror_trefoil,mirror_trefoil,3:1:1,True,96,0.05,winckelmans,continuum,0.4,0.18789197682004888,0.07515679072801956,0.017745421797153618,0,-2.2714139900356636,-128.0,-128.00000000000003,-64.0,0.09817477042468103,-0.3459765357224386,-1.6037302917356404,-0.3646467858862439,-1.2303524833535604,-0.8657056974673165,0.0006746054017819268,1283.2771501393415,7.257876811440067,0.01352665152292682,0.01352665152292682,1.0540709402842607e-05,-1.257753756013202,4.995560758328306,0.01965240243770628,0.9999989262152144,0.9999985341691614,0.0048957185644698895,0.9973956174926616,0.999898974509623,0.11256154706232714,0.43139498290365746,True,True,False,True,True,PASS,False,False,,-0.011340300509132602,0.029721623158080343,
0.4.0,zeta_-128_r96_e0.05_winckelmans_mirror_trefoil_continuum_rr0.6_00121,zeta_-128_r96_e0.05_winckelmans_mirror_trefoil,mirror_trefoil,3:1:1,True,96,0.05,winckelmans,continuum,0.6,0.18789197682004888,0.11273518609202932,0.039927199043595624,0,-5.110681477580241,-128.0,-128.00000000000003,-64.0,0.09817477042468103,-0.3459765357224386,-3.0266771265530354,-0.3646467858862439,-2.31866230086337,-1.9540155149771261,0.00303798771402105,643.1940148931053,3.2155247791126866,0.030531492421517595,0.030531492421517595,4.7468558031578906e-05,-2.6807005908305968,2.3438594107344097,0.041885946731728074,0.9999931694591317,0.9999985341691614,0.009227877285002144,0.9996739431326898,0.999898974509623,0.21243438599283354,0.546037296754587,True,True,False,True,True,PASS,False,False,,-0.009843462868557843,0.1788613471486555,
0.4.0,zeta_-128_r96_e0.05_winckelmans_mirror_trefoil_continuum_rr0.8_00122,zeta_-128_r96_e0.05_winckelmans_mirror_trefoil,mirror_trefoil,3:1:1,True,96,0.05,winckelmans,continuum,0.8,0.18789197682004888,0.15031358145603912,0.07098168718861447,0,-9.085655960142654,-128.0,-128.00000000000003,-64.0,0.09817477042468103,-0.3459765357224386,-4.847472027039688,-0.3646467858862439,-3.843788776216373,-3.4791419903301293,0.006330440554877281,549.589236352536,1.8059582864519383,0.05436159359890827,0.05436159359890827,9.891313366995751e-05,-4.501495491317249,1.3957995335770002,0.07033586705183202,0.9999891638316837,0.9999985341691614,0.015298882427628759,0.9976229665284287,0.999898974509623,0.3402311183599477,0.5667744071957814,True,True,False,True,True,PASS,False,False,,0.12308986802769618,0.5569904969229361,
0.4.0,zeta_-128_r96_e0.05_winckelmans_mirror_trefoil_continuum_rr1_00123,zeta_-128_r96_e0.05_winckelmans_mirror_trefoil,mirror_trefoil,3:1:1,True,96,0.05,winckelmans,continuum,1.0,0.18789197682004888,0.18789197682004888,0.1109088862322101,0,-14.19633743772289,-128.0,-127.99999999999999,-64.0,0.09817477042468103,-0.3459765357224386,-9.264001665782276,-0.3646467858862439,-5.799017795180401,-5.434371009294157,0.012488345676352264,435.15539608937934,1.156193660026844,0.0849120470202212,0.0849120470202212,0.00019513040119300412,-8.918025130059837,0.7045489573696041,0.13934414265718495,0.9999814554129244,0.9999985341691614,0.02309480129355526,0.9759236370376784,0.999898974509623,0.6502155411430737,0.38595501898925544,True,True,False,True,True,PASS,False,False,,-0.02551896839260896,0.4668794686109903,
0.4.0,zeta_+128_r96_e0.05_winckelmans_mirror_trefoil_continuum_rr0.4_00124,zeta_+128_r96_e0.05_winckelmans_mirror_trefoil,mirror_trefoil,3:1:1,True,96,0.05,winckelmans,continuum,0.4,0.18789197682004888,0.07515679072801956,0.017745421797153618,0,2.2714139900356636,128.0,128.00000000000003,64.0,0.09817477042468103,-0.3459765357224386,0.1920132815327679,-0.3646467858862439,0.4932213439358079,0.8578681298220519,0.001560752018549215,549.650501570055,7.324185488138966,0.01340418952846956,0.01340418952846956,2.4386750289831484e-05,0.5379898172552064,11.679004147766292,0.0084060908946126,0.9999607489166945,0.9999985341691614,0.0019623664804528174,0.6070667596790442,0.999898974509623,0.013476899536798967,0.3015840798113466,True,True,False,True,True,PASS,False,False,,0.06399720129847256,0.21373581131235794,
0.4.0,zeta_+128_r96_e0.05_winckelmans_mirror_trefoil_continuum_rr0.6_00125,zeta_+128_r96_e0.05_winckelmans_mirror_trefoil,mirror_trefoil,3:1:1,True,96,0.05,winckelmans,continuum,0.6,0.18789197682004888,0.11273518609202932,0.039927199043595624,0,5.110681477580241,128.0,128.00000000000003,64.0,0.09817477042468103,-0.3459765357224386,2.5557264917195006,-0.3646467858862439,1.554548806168553,1.919195592054797,0.005189363285078823,369.8325761029555,3.273863973630984,0.029987431125856202,0.029987431125856202,8.108380132935661e-05,2.9017030274419393,2.1653440230645065,0.0453391098037803,0.9999555088574124,0.9999985341691614,0.006183970196891716,0.9384093101729616,0.999898974509623,0.1793796184174973,0.36958626927247545,True,True,False,True,True,PASS,False,False,,-0.5138540943230365,-0.024404268180414933,
0.4.0,zeta_+128_r96_e0.05_winckelmans_mirror_trefoil_continuum_rr0.8_00126,zeta_+128_r96_e0.05_winckelmans_mirror_trefoil,mirror_trefoil,3:1:1,True,96,0.05,winckelmans,continuum,0.8,0.18789197682004888,0.15031358145603912,0.07098168718861447,0,9.085655960142654,128.0,128.00000000000003,64.0,0.09817477042468103,-0.3459765357224386,3.523612772024538,-0.3646467858862439,3.0276473736410674,3.392294159527311,0.012121442810581825,279.85894192116245,1.8521935338458673,0.053004596242614235,0.053004596242614235,0.00018939754391534102,3.8695893077469767,1.6237344088688053,0.06046233293354651,0.9999359106074791,0.9999985341691614,0.012043820264614317,0.9061324726148257,0.999898974509623,0.24731297208236347,0.4015598889028867,True,True,False,True,True,PASS,False,False,,-0.8152709480662709,-0.3096513701903169,
0.4.0,zeta_+128_r96_e0.05_winckelmans_mirror_trefoil_continuum_rr1_00127,zeta_+128_r96_e0.05_winckelmans_mirror_trefoil,mirror_trefoil,3:1:1,True,96,0.05,winckelmans,continuum,1.0,0.18789197682004888,0.18789197682004888,0.1109088862322101,0,14.19633743772289,128.0,127.99999999999999,64.0,0.09817477042468103,-0.3459765357224386,8.259113132675928,-0.3646467858862439,4.9276304745841735,5.292277260470417,0.016146488292682615,327.7664569867375,1.1872366087299608,0.08269183219485027,0.08269183219485027,0.00025228887957316586,8.605089668398367,0.7301708116132916,0.1344545260687245,0.999957062172735,0.9999985341691614,0.019616383448735092,0.9593428129899315,0.999898974509623,0.5796850981536682,0.41585878614611027,True,True,False,True,True,PASS,False,False,,-0.9226206538200686,-0.3585999062194109,
