1 1.00193 
2 1.00208 
3 1.00703 
4 1.00792 
5 1.00874 
6 1.03167 
7 1.03385 
8 1.03436 
9 1.03484 
10 1.0383 
11 1.03833 
12 1.03838 
13 1.03897 
14 1.03905 
15 1.03905 
16 1.03907 
17 1.0391 
18 1.03932 
19 1.03932 
20 1.03932 
21 1.0394 
22 1.0394 
23 1.03943 
24 1.03946 
25 1.04134 
26 1.04136 
27 1.04138 
28 1.04151 
29 1.04165 
30 1.04183 
31 1.04538 
32 1.0462 
33 1.0462 
34 1.04623 
35 1.04647 
36 1.04685 
37 1.047 
38 1.04783 
39 1.04812 
40 1.04817 
41 1.04825 
42 1.05168 
43 1.05212 
44 1.05267 
45 1.05274 
46 1.05297 
47 1.05301 
48 1.05311 
49 1.05348 
50 1.05358 
51 1.0536 
52 1.0536 
53 1.05363 
54 1.05364 
55 1.05364 
56 1.05365 
57 1.05367 
58 1.05368 
59 1.05583 
60 1.05583 
61 1.05583 
62 1.05584 
63 1.05609 
64 1.05612 
65 1.05629 
66 1.05644 
67 1.05645 
68 1.05651 
69 1.05678 
70 1.05844 
71 1.05844 
72 1.05844 
73 1.05882 
74 1.05888 
75 1.05897 
76 1.059 
77 1.05901 
78 1.05903 
79 1.05913 
80 1.05939 
81 1.05939 
82 1.05939 
83 1.05939 
84 1.05942 
85 1.05944 
86 1.05945 
87 1.05946 
88 1.05949 
89 1.06167 
90 1.06172 
91 1.06179 
92 1.06222 
93 1.06225 
94 1.06237 
95 1.06242 
96 1.06242 
97 1.06245 
98 1.06254 
99 1.06261 
100 1.06277 
101 1.06323 
102 1.06323 
103 1.06323 
104 1.06323 
105 1.06324 
106 1.06325 
107 1.06327 
108 1.06328 
109 1.06328 
110 1.06328 
111 1.06328 
112 1.06328 
113 1.06329 
114 1.06329 
115 1.06329 
116 1.0633 
117 1.0645 
118 1.06457 
119 1.06469 
120 1.06482 
121 1.06488 
122 1.06499 
123 1.06506 
124 1.06515 
125 1.06862 
126 1.06862 
127 1.06862 
128 1.06863 
129 1.06877 
130 1.0688 
131 1.06882 
132 1.06891 
133 1.06895 
134 1.06912 
135 1.07019 
136 1.07019 
137 1.07019 
138 1.0702 
139 1.07026 
140 1.0703 
141 1.0704 
142 1.07052 
143 1.07057 
144 1.0712 
145 1.0712 
146 1.0712 
147 1.0712 
148 1.0712 
149 1.07121 
150 1.07121 
151 1.07122 
152 1.07122 
153 1.07123 
154 1.07124 
155 1.07124 
156 1.07125 
157 1.07125 
158 1.07129 
159 1.0713 
160 1.07131 
161 1.07135 
162 1.07172 
163 1.07172 
164 1.07172 
165 1.07172 
166 1.07172 
167 1.07172 
168 1.07172 
169 1.07172 
170 1.07173 
171 1.07173 
172 1.07176 
173 1.0718 
174 1.0767 
175 1.0767 
176 1.0767 
177 1.0767 
178 1.0767 
179 1.07671 
180 1.07673 
181 1.07679 
182 1.07681 
183 1.07684 
184 1.07687 
185 1.07688 
186 1.07689 
187 1.07692 
188 1.07729 
189 1.07729 
190 1.07729 
191 1.07729 
192 1.07729 
193 1.07729 
194 1.07729 
195 1.07729 
196 1.0773 
197 1.0773 
198 1.0773 
199 1.0773 
200 1.0773 
201 1.07731 
202 1.07733 
203 1.07733 
204 1.07735 
205 1.07737 
206 1.08261 
207 1.08261 
208 1.08261 
209 1.08261 
210 1.08259 
211 1.08259 
212 1.08256 
213 1.08256 
214 1.08256 
215 1.08255 
216 1.08255 
217 1.08255 
218 1.08261 
219 1.08273 
220 1.08333 
221 1.08333 
222 1.08332 
223 1.08332 
224 1.08332 
225 1.08332 
226 1.08332 
227 1.08337 
228 1.08339 
229 1.08344 
230 1.0835 
231 1.0836 
232 1.08409 
233 1.08408 
234 1.08408 
235 1.08409 
236 1.08409 
237 1.08412 
238 1.08414 
239 1.08414 
240 1.08414 
241 1.08414 
242 1.08415 
243 1.08415 
244 1.08415 
245 1.08416 
246 1.08418 
247 1.08418 
248 1.08419 
249 1.08421 
250 1.08425 
251 1.08431 
252 1.09143 
253 1.09129 
254 1.09138 
255 1.09158 
256 1.09157 
257 1.09156 
258 1.09159 
259 1.09163 
260 1.09171 
261 1.09174 
262 1.09183 
263 1.09188 
264 1.0924 
265 1.09849 
266 1.09849 
267 1.09849 
268 1.09851 
269 1.09853 
270 1.09858 
271 1.09859 
272 1.09854 
273 1.0985 
274 1.09847 
275 1.09845 
276 1.09844 
277 1.09843 
278 1.09844 
279 1.09846 
280 1.09848 
281 1.09858 
282 1.10028 
283 1.10028 
284 1.10028 
285 1.10027 
286 1.10024 
287 1.10025 
288 1.10026 
289 1.10027 
290 1.10027 
291 1.10028 
292 1.1003 
293 1.10031 
294 1.10033 
295 1.10039 
296 1.10042 
297 1.10129 
298 1.10129 
299 1.10129 
300 1.1013 
301 1.10132 
302 1.10132 
303 1.10139 
304 1.10142 
305 1.10143 
306 1.10144 
307 1.10144 
308 1.10145 
309 1.10147 
310 1.10147 
311 1.10149 
312 1.1015 
313 1.10152 
314 1.10154 
315 1.10159 
316 1.10162 
317 1.10164 
318 1.11109 
319 1.11082 
320 1.1108 
321 1.11069 
322 1.1107 
323 1.11071 
324 1.11071 
325 1.11072 
326 1.11073 
327 1.11074 
328 1.1108 
329 1.11083 
330 1.11089 
331 1.11092 
332 1.11096 
333 1.11099 
334 1.11108 
335 1.11116 
336 1.11123 
337 1.11131 
338 1.11172 
339 1.11172 
340 1.11172 
341 1.11172 
342 1.11172 
343 1.11172 
344 1.11172 
345 1.11172 
346 1.11172 
347 1.11172 
348 1.11172 
349 1.11172 
350 1.11172 
351 1.11172 
352 1.11172 
353 1.11172 
354 1.11172 
355 1.11172 
356 1.11173 
357 1.11173 
358 1.11173 
359 1.11173 
360 1.11173 
361 1.11174 
362 1.11174 
363 1.11174 
364 1.11174 
365 1.11174 
366 1.11175 
367 1.11175 
368 1.11175 
369 1.11175 
370 1.11176 
371 1.11179 
372 1.11316 
373 1.11315 
374 1.11315 
375 1.11315 
376 1.11315 
377 1.11317 
378 1.11318 
379 1.1132 
380 1.11322 
381 1.11328 
382 1.11331 
383 1.11332 
384 1.11336 
385 1.11343 
386 1.11352 
387 1.11359 
388 1.11365 
389 1.11372 
390 1.12399 
391 1.12399 
392 1.1239 
393 1.12385 
394 1.12385 
395 1.1239 
396 1.12391 
397 1.12395 
398 1.12397 
399 1.12397 
400 1.12397 
401 1.12397 
402 1.12397 
403 1.12397 
404 1.12397 
405 1.12401 
406 1.12404 
407 1.12406 
408 1.12409 
409 1.12417 
410 1.12422 
411 1.12428 
412 1.1243 
413 1.12437 
414 1.12459 
415 1.12465 
416 1.12477 
417 1.12503 
418 1.12514 
419 1.12582 
420 1.12617 
421 1.13027 
422 1.13027 
423 1.13027 
424 1.13025 
425 1.1302 
426 1.13022 
427 1.13023 
428 1.13024 
429 1.13025 
430 1.13026 
431 1.13027 
432 1.13028 
433 1.13032 
434 1.13039 
435 1.13045 
436 1.13054 
437 1.13109 
438 1.13937 
439 1.13937 
440 1.13938 
441 1.13938 
442 1.13942 
443 1.13944 
444 1.13951 
445 1.13952 
446 1.13952 
447 1.13952 
448 1.13952 
449 1.13952 
450 1.13952 
451 1.13951 
452 1.1395 
453 1.1395 
454 1.1396 
455 1.13971 
456 1.13989 
457 1.14037 
458 1.14193 
459 1.14193 
460 1.14192 
461 1.1419 
462 1.1419 
463 1.1419 
464 1.1419 
465 1.1419 
466 1.1419 
467 1.1419 
468 1.1419 
469 1.1419 
470 1.1419 
471 1.1419 
472 1.1419 
473 1.1419 
474 1.1419 
475 1.1419 
476 1.1419 
477 1.14191 
478 1.14191 
479 1.14191 
480 1.14191 
481 1.14191 
482 1.14191 
483 1.14192 
484 1.14192 
485 1.14192 
486 1.14192 
487 1.14193 
488 1.14194 
489 1.14195 
490 1.14195 
491 1.14197 
492 1.14197 
493 1.14197 
494 1.14198 
495 1.14199 
496 1.14201 
497 1.14203 
498 1.14207 
499 1.14285 
500 1.14284 
501 1.14284 
502 1.14284 
503 1.14282 
504 1.14282 
505 1.14282 
506 1.14281 
507 1.14281 
508 1.14281 
509 1.14281 
510 1.14281 
511 1.14282 
512 1.14282 
513 1.14282 
514 1.14282 
515 1.14282 
516 1.14282 
517 1.14282 
518 1.14283 
519 1.14283 
520 1.14283 
521 1.14283 
522 1.14283 
523 1.14284 
524 1.14284 
525 1.14285 
526 1.14285 
527 1.14286 
528 1.14286 
529 1.14286 
530 1.14286 
531 1.14286 
532 1.14287 
533 1.14287 
534 1.14287 
535 1.14287 
536 1.14287 
537 1.14288 
538 1.14288 
539 1.14289 
540 1.14289 
541 1.14297 
542 1.14301 
543 1.14305 
544 1.14315 
545 1.14885 
546 1.14881 
547 1.14878 
548 1.14873 
549 1.14869 
550 1.14869 
551 1.14868 
552 1.14867 
553 1.14866 
554 1.14865 
555 1.14865 
556 1.14865 
557 1.14865 
558 1.14866 
559 1.14866 
560 1.14866 
561 1.14866 
562 1.14867 
563 1.14867 
564 1.14868 
565 1.1487 
566 1.14871 
567 1.14872 
568 1.14878 
569 1.1488 
570 1.14881 
571 1.14885 
572 1.14888 
573 1.1489 
574 1.14892 
575 1.14896 
576 1.14903 
577 1.14928 
578 1.14948 
579 1.14959 
580 1.14971 
581 1.14993 
582 1.15011 
583 1.15292 
584 1.15292 
585 1.15292 
586 1.1529 
587 1.15288 
588 1.15286 
589 1.15286 
590 1.15285 
591 1.15283 
592 1.15282 
593 1.15283 
594 1.15284 
595 1.15285 
596 1.15286 
597 1.15287 
598 1.15289 
599 1.15292 
600 1.153 
601 1.15311 
602 1.15385 
603 1.15851 
604 1.15851 
605 1.15851 
606 1.15848 
607 1.1584 
608 1.15835 
609 1.15834 
610 1.15833 
611 1.15832 
612 1.15829 
613 1.15829 
614 1.15831 
615 1.15832 
616 1.15833 
617 1.15835 
618 1.15836 
619 1.15839 
620 1.15841 
621 1.15842 
622 1.15844 
623 1.15845 
624 1.15849 
625 1.15849 
626 1.15853 
627 1.15854 
628 1.15855 
629 1.15859 
630 1.15862 
631 1.15869 
632 1.15871 
633 1.15879 
634 1.1589 
635 1.15897 
636 1.16 
637 1.15999 
638 1.15998 
639 1.15998 
640 1.15998 
641 1.15998 
642 1.15998 
643 1.15997 
644 1.15996 
645 1.15996 
646 1.15996 
647 1.15996 
648 1.15996 
649 1.15996 
650 1.15996 
651 1.15997 
652 1.15997 
653 1.15997 
654 1.15997 
655 1.15998 
656 1.15998 
657 1.15998 
658 1.15998 
659 1.15998 
660 1.15998 
661 1.15999 
662 1.15999 
663 1.15999 
664 1.16 
665 1.16 
666 1.16 
667 1.16 
668 1.16001 
669 1.16001 
670 1.16001 
671 1.16002 
672 1.16002 
673 1.16002 
674 1.16003 
675 1.16003 
676 1.16006 
677 1.16007 
678 1.16009 
679 1.16011 
680 1.16012 
681 1.16013 
682 1.16015 
683 1.16214 
684 1.16214 
685 1.16211 
686 1.16211 
687 1.1621 
688 1.1621 
689 1.16209 
690 1.16211 
691 1.16212 
692 1.16215 
693 1.16219 
694 1.16222 
695 1.16225 
696 1.16228 
697 1.16235 
698 1.16243 
699 1.16249 
700 1.16257 
701 1.16265 
702 1.16282 
703 1.16293 
704 1.17048 
705 1.17047 
706 1.17031 
707 1.17026 
708 1.17024 
709 1.17022 
710 1.1702 
711 1.17022 
712 1.17022 
713 1.17025 
714 1.17026 
715 1.17026 
716 1.17027 
717 1.17027 
718 1.17028 
719 1.17028 
720 1.17028 
721 1.17029 
722 1.17029 
723 1.1703 
724 1.1703 
725 1.1703 
726 1.17031 
727 1.17032 
728 1.17034 
729 1.17035 
730 1.17036 
731 1.17036 
732 1.17039 
733 1.17043 
734 1.17044 
735 1.17048 
736 1.17061 
737 1.1707 
738 1.1709 
739 1.1711 
740 1.17121 
741 1.17143 
742 1.17171 
743 1.17287 
744 1.17284 
745 1.17284 
746 1.17284 
747 1.17284 
748 1.17284 
749 1.17284 
750 1.17283 
751 1.17283 
752 1.17283 
753 1.17283 
754 1.17283 
755 1.17283 
756 1.17283 
757 1.17283 
758 1.17283 
759 1.17284 
760 1.17284 
761 1.17284 
762 1.17284 
763 1.17285 
764 1.17285 
765 1.17285 
766 1.17285 
767 1.17286 
768 1.17286 
769 1.17286 
770 1.17287 
771 1.17288 
772 1.17289 
773 1.17289 
774 1.1729 
775 1.17292 
776 1.17294 
777 1.17294 
778 1.17295 
779 1.17297 
780 1.17297 
781 1.17697 
782 1.17696 
783 1.17696 
784 1.17694 
785 1.1769 
786 1.17685 
787 1.17681 
788 1.1768 
789 1.17678 
790 1.17678 
791 1.17679 
792 1.1768 
793 1.17682 
794 1.17682 
795 1.17684 
796 1.17684 
797 1.17685 
798 1.17687 
799 1.17689 
800 1.17691 
801 1.17696 
802 1.17708 
803 1.17713 
804 1.17736 
805 1.17767 
806 1.178 
807 1.17827 
808 1.17904 
809 1.17904 
810 1.17903 
811 1.17903 
812 1.17902 
813 1.17902 
814 1.17902 
815 1.17902 
816 1.17902 
817 1.17902 
818 1.17902 
819 1.17902 
820 1.17902 
821 1.17902 
822 1.17902 
823 1.17902 
824 1.17902 
825 1.17902 
826 1.17902 
827 1.17902 
828 1.17902 
829 1.17902 
830 1.17902 
831 1.17902 
832 1.17902 
833 1.17902 
834 1.17902 
835 1.17902 
836 1.17902 
837 1.17902 
838 1.17902 
839 1.17902 
840 1.17902 
841 1.17902 
842 1.17902 
843 1.17902 
844 1.17902 
845 1.17903 
846 1.17903 
847 1.17903 
848 1.17903 
849 1.17903 
850 1.17903 
851 1.17903 
852 1.17903 
853 1.17903 
854 1.17903 
855 1.17903 
856 1.17903 
857 1.17903 
858 1.17904 
859 1.17904 
860 1.17904 
861 1.17905 
862 1.17906 
863 1.17909 
864 1.17911 
865 1.17916 
866 1.17924 
867 1.17972 
868 1.18051 
869 1.18051 
870 1.1805 
871 1.1805 
872 1.18049 
873 1.18049 
874 1.18049 
875 1.18049 
876 1.18049 
877 1.18049 
878 1.18049 
879 1.18049 
880 1.18049 
881 1.18049 
882 1.18049 
883 1.18049 
884 1.18049 
885 1.18049 
886 1.18049 
887 1.18049 
888 1.1805 
889 1.1805 
890 1.1805 
891 1.1805 
892 1.1805 
893 1.1805 
894 1.1805 
895 1.18051 
896 1.18051 
897 1.18051 
898 1.18051 
899 1.18051 
900 1.18052 
901 1.18052 
902 1.18052 
903 1.18052 
904 1.18053 
905 1.18053 
906 1.18053 
907 1.18054 
908 1.18055 
909 1.18055 
910 1.18056 
911 1.18057 
912 1.1806 
913 1.18063 
914 1.18109 
915 1.18352 
916 1.18352 
917 1.18352 
918 1.1835 
919 1.1835 
920 1.1834 
921 1.18338 
922 1.18335 
923 1.18335 
924 1.18335 
925 1.18335 
926 1.18335 
927 1.18335 
928 1.18335 
929 1.18334 
930 1.18335 
931 1.18335 
932 1.18335 
933 1.18335 
934 1.18336 
935 1.18336 
936 1.18337 
937 1.18337 
938 1.18338 
939 1.18338 
940 1.18339 
941 1.1834 
942 1.1834 
943 1.18341 
944 1.18341 
945 1.18342 
946 1.18343 
947 1.18343 
948 1.18344 
949 1.18346 
950 1.18348 
951 1.18351 
952 1.18369 
953 1.18409 
954 1.1865 
955 1.18635 
956 1.18638 
957 1.18643 
958 1.1865 
959 1.1866 
960 1.18716 
961 1.19003 
962 1.19002 
963 1.19002 
964 1.18991 
965 1.1899 
966 1.1899 
967 1.1899 
968 1.1899 
969 1.1899 
970 1.1899 
971 1.1899 
972 1.1899 
973 1.18991 
974 1.18991 
975 1.18991 
976 1.18991 
977 1.18991 
978 1.18992 
979 1.18992 
980 1.18993 
981 1.18994 
982 1.18994 
983 1.18995 
984 1.18996 
985 1.18996 
986 1.18997 
987 1.18997 
988 1.18998 
989 1.18999 
990 1.18999 
991 1.19 
992 1.19001 
993 1.19001 
994 1.19002 
995 1.19002 
996 1.19003 
997 1.19003 
998 1.19004 
999 1.19005 
1000 1.19006 
1001 1.19008 
1002 1.19009 
1003 1.19011 
1004 1.19023 
1005 1.19062 
1006 1.19089 
1007 1.19144 
1008 1.19484 
1009 1.19483 
1010 1.19471 
1011 1.19474 
1012 1.19479 
1013 1.19483 
1014 1.19489 
1015 1.19497 
1016 1.19509 
1017 1.19552 
1018 1.19873 
1019 1.19873 
1020 1.19872 
1021 1.1987 
1022 1.19867 
1023 1.19866 
1024 1.19866 
1025 1.19866 
1026 1.19867 
1027 1.19867 
1028 1.19867 
1029 1.19867 
1030 1.19867 
1031 1.19867 
1032 1.19867 
1033 1.19868 
1034 1.19868 
1035 1.19868 
1036 1.19869 
1037 1.19869 
1038 1.19869 
1039 1.19869 
1040 1.1987 
1041 1.1987 
1042 1.1987 
1043 1.1987 
1044 1.1987 
1045 1.19871 
1046 1.19871 
1047 1.19871 
1048 1.19872 
1049 1.19872 
1050 1.19872 
1051 1.19872 
1052 1.19873 
1053 1.19873 
1054 1.19874 
1055 1.19874 
1056 1.19874 
1057 1.19875 
1058 1.19875 
1059 1.19876 
1060 1.19876 
1061 1.19876 
1062 1.19878 
1063 1.19878 
1064 1.19878 
1065 1.19882 
1066 1.19884 
1067 1.19885 
1068 1.19889 
1069 1.19891 
1070 1.19893 
1071 1.19895 
1072 1.19899 
1073 1.19914 
1074 1.1992 
1075 1.19964 
1076 1.19981 
1077 1.20013 
1078 1.20515 
1079 1.20515 
1080 1.20513 
1081 1.2051 
1082 1.20508 
1083 1.20508 
1084 1.20508 
1085 1.20505 
1086 1.20504 
1087 1.20504 
1088 1.20505 
1089 1.20506 
1090 1.20506 
1091 1.20507 
1092 1.20508 
1093 1.20508 
1094 1.20509 
1095 1.2051 
1096 1.2051 
1097 1.2051 
1098 1.20511 
1099 1.20511 
1100 1.20512 
1101 1.20512 
1102 1.20513 
1103 1.20513 
1104 1.20513 
1105 1.20514 
1106 1.20514 
1107 1.20515 
1108 1.20516 
1109 1.20516 
1110 1.20517 
1111 1.20517 
1112 1.20518 
1113 1.20519 
1114 1.20519 
1115 1.2052 
1116 1.20521 
1117 1.20522 
1118 1.20523 
1119 1.20523 
1120 1.20525 
1121 1.20526 
1122 1.20527 
1123 1.20527 
1124 1.2053 
1125 1.20531 
1126 1.20534 
1127 1.20543 
1128 1.20597 
1129 1.20633 
1130 1.20717 
1131 1.2077 
1132 1.20978 
1133 1.20975 
1134 1.20974 
1135 1.20976 
1136 1.20979 
1137 1.20986 
1138 1.21 
1139 1.21028 
1140 1.21046 
1141 1.21655 
1142 1.21649 
1143 1.21647 
1144 1.21646 
1145 1.21646 
1146 1.21645 
1147 1.21645 
1148 1.21645 
1149 1.21646 
1150 1.21646 
1151 1.21646 
1152 1.21647 
1153 1.21647 
1154 1.21647 
1155 1.21648 
1156 1.21649 
1157 1.21649 
1158 1.2165 
1159 1.2165 
1160 1.2165 
1161 1.21651 
1162 1.21651 
1163 1.21651 
1164 1.21652 
1165 1.21652 
1166 1.21653 
1167 1.21653 
1168 1.21654 
1169 1.21654 
1170 1.21654 
1171 1.21655 
1172 1.21655 
1173 1.21656 
1174 1.21656 
1175 1.21657 
1176 1.21657 
1177 1.21658 
1178 1.21658 
1179 1.21659 
1180 1.2166 
1181 1.2166 
1182 1.21661 
1183 1.21662 
1184 1.21662 
1185 1.21663 
1186 1.21665 
1187 1.21667 
1188 1.2168 
1189 1.21695 
1190 1.21711 
1191 1.21719 
1192 1.2246 
1193 1.2246 
1194 1.2246 
1195 1.2246 
1196 1.22454 
1197 1.22453 
1198 1.22447 
1199 1.22447 
1200 1.22448 
1201 1.22448 
1202 1.22448 
1203 1.22448 
1204 1.22449 
1205 1.22449 
1206 1.2245 
1207 1.22451 
1208 1.22452 
1209 1.22452 
1210 1.22454 
1211 1.22454 
1212 1.22454 
1213 1.22455 
1214 1.22455 
1215 1.22455 
1216 1.22456 
1217 1.22456 
1218 1.22456 
1219 1.22457 
1220 1.22457 
1221 1.22458 
1222 1.22458 
1223 1.22459 
1224 1.22459 
1225 1.2246 
1226 1.22461 
1227 1.22462 
1228 1.22463 
1229 1.22465 
1230 1.22465 
1231 1.22466 
1232 1.22467 
1233 1.22468 
1234 1.2247 
1235 1.22471 
1236 1.22477 
1237 1.22482 
1238 1.22484 
1239 1.22492 
1240 1.22505 
1241 1.2252 
1242 1.22532 
1243 1.22546 
1244 1.22598 
1245 1.22617 
1246 1.2372 
1247 1.2372 
1248 1.2372 
1249 1.23715 
1250 1.2371 
1251 1.2371 
1252 1.23709 
1253 1.23706 
1254 1.23704 
1255 1.23701 
1256 1.237 
1257 1.237 
1258 1.237 
1259 1.237 
1260 1.23701 
1261 1.23702 
1262 1.23703 
1263 1.23704 
1264 1.23704 
1265 1.23705 
1266 1.23706 
1267 1.23707 
1268 1.23707 
1269 1.23707 
1270 1.23708 
1271 1.23708 
1272 1.23708 
1273 1.23708 
1274 1.23709 
1275 1.23709 
1276 1.23709 
1277 1.2371 
1278 1.2371 
1279 1.2371 
1280 1.2371 
1281 1.23711 
1282 1.23712 
1283 1.23712 
1284 1.23713 
1285 1.23713 
1286 1.23713 
1287 1.23714 
1288 1.23714 
1289 1.23715 
1290 1.23716 
1291 1.23716 
1292 1.23717 
1293 1.23718 
1294 1.23719 
1295 1.23721 
1296 1.23722 
1297 1.23723 
1298 1.23724 
1299 1.23728 
1300 1.23733 
1301 1.23737 
1302 1.23743 
1303 1.2385 
1304 1.2385 
1305 1.2385 
1306 1.23848 
1307 1.23847 
1308 1.23847 
1309 1.23847 
1310 1.23847 
1311 1.23847 
1312 1.23847 
1313 1.23847 
1314 1.23847 
1315 1.23846 
1316 1.23846 
1317 1.23846 
1318 1.23846 
1319 1.23846 
1320 1.23846 
1321 1.23846 
1322 1.23845 
1323 1.23845 
1324 1.23846 
1325 1.23846 
1326 1.23846 
1327 1.23846 
1328 1.23846 
1329 1.23846 
1330 1.23846 
1331 1.23846 
1332 1.23846 
1333 1.23846 
1334 1.23847 
1335 1.23847 
1336 1.23847 
1337 1.23848 
1338 1.23848 
1339 1.23848 
1340 1.23848 
1341 1.23848 
1342 1.23848 
1343 1.23848 
1344 1.23848 
1345 1.23849 
1346 1.23849 
1347 1.23849 
1348 1.23849 
1349 1.23849 
1350 1.23849 
1351 1.23849 
1352 1.23849 
1353 1.2385 
1354 1.2385 
1355 1.2385 
1356 1.2385 
1357 1.23851 
1358 1.23851 
1359 1.23851 
1360 1.23851 
1361 1.23852 
1362 1.23852 
1363 1.23852 
1364 1.23852 
1365 1.23853 
1366 1.23854 
1367 1.23854 
1368 1.23855 
1369 1.23855 
1370 1.23855 
1371 1.23856 
1372 1.23856 
1373 1.23857 
1374 1.23857 
1375 1.23859 
1376 1.23862 
1377 1.23866 
1378 1.23869 
1379 1.2387 
1380 1.23882 
1381 1.23892 
1382 1.23935 
1383 1.24343 
1384 1.24343 
1385 1.24343 
1386 1.24343 
1387 1.24342 
1388 1.24342 
1389 1.24342 
1390 1.24341 
1391 1.2434 
1392 1.2434 
1393 1.2434 
1394 1.2434 
1395 1.2434 
1396 1.2434 
1397 1.2434 
1398 1.2434 
1399 1.2434 
1400 1.2434 
1401 1.24339 
1402 1.24339 
1403 1.24339 
1404 1.24338 
1405 1.24338 
1406 1.24338 
1407 1.24338 
1408 1.24337 
1409 1.24337 
1410 1.24337 
1411 1.24337 
1412 1.24337 
1413 1.24337 
1414 1.24337 
1415 1.24337 
1416 1.24337 
1417 1.24337 
1418 1.24337 
1419 1.24337 
1420 1.24337 
1421 1.24337 
1422 1.24338 
1423 1.24338 
1424 1.24338 
1425 1.24338 
1426 1.24338 
1427 1.24338 
1428 1.24338 
1429 1.24338 
1430 1.24339 
1431 1.24339 
1432 1.24339 
1433 1.24339 
1434 1.24339 
1435 1.24339 
1436 1.24339 
1437 1.24339 
1438 1.24339 
1439 1.24339 
1440 1.24339 
1441 1.2434 
1442 1.2434 
1443 1.2434 
1444 1.2434 
1445 1.2434 
1446 1.2434 
1447 1.24341 
1448 1.24341 
1449 1.24342 
1450 1.24342 
1451 1.24342 
1452 1.24342 
1453 1.24342 
1454 1.24343 
1455 1.24343 
1456 1.24343 
1457 1.24343 
1458 1.24343 
1459 1.24344 
1460 1.24344 
1461 1.24344 
1462 1.24345 
1463 1.24345 
1464 1.24346 
1465 1.24346 
1466 1.24347 
1467 1.24348 
1468 1.24349 
1469 1.24354 
1470 1.24356 
1471 1.24358 
1472 1.24359 
1473 1.2436 
1474 1.24364 
1475 1.24369 
1476 1.24389 
1477 1.24416 
1478 1.24584 
1479 1.24584 
1480 1.24584 
1481 1.24582 
1482 1.24581 
1483 1.24581 
1484 1.24581 
1485 1.24581 
1486 1.2458 
1487 1.2458 
1488 1.2458 
1489 1.2458 
1490 1.2458 
1491 1.2458 
1492 1.2458 
1493 1.2458 
1494 1.2458 
1495 1.2458 
1496 1.2458 
1497 1.2458 
1498 1.2458 
1499 1.2458 
1500 1.2458 
1501 1.24581 
1502 1.24581 
1503 1.24581 
1504 1.24581 
1505 1.24581 
1506 1.24582 
1507 1.24582 
1508 1.24582 
1509 1.24582 
1510 1.24582 
1511 1.24582 
1512 1.24582 
1513 1.24582 
1514 1.24582 
1515 1.24582 
1516 1.24583 
1517 1.24583 
1518 1.24583 
1519 1.24583 
1520 1.24583 
1521 1.24583 
1522 1.24584 
1523 1.24584 
1524 1.24584 
1525 1.24584 
1526 1.24584 
1527 1.24584 
1528 1.24584 
1529 1.24585 
1530 1.24585 
1531 1.24586 
1532 1.24586 
1533 1.24587 
1534 1.24588 
1535 1.24588 
1536 1.2459 
1537 1.24591 
1538 1.24592 
1539 1.24597 
1540 1.2462 
1541 1.24933 
1542 1.24928 
1543 1.24926 
1544 1.24925 
1545 1.24929 
1546 1.24933 
1547 1.2494 
1548 1.24969 
1549 1.25058 
1550 1.25173 
1551 1.26287 
1552 1.26287 
1553 1.26287 
1554 1.26279 
1555 1.26282 
1556 1.26285 
1557 1.2631 
1558 1.26392 
1559 1.26633 
1560 1.2671 
1561 1.27042 
1562 1.27042 
1563 1.27042 
1564 1.27041 
1565 1.27041 
1566 1.27041 
1567 1.27041 
1568 1.27041 
1569 1.27041 
1570 1.27041 
1571 1.27041 
1572 1.27042 
1573 1.27042 
1574 1.27042 
1575 1.27042 
1576 1.27042 
1577 1.27042 
1578 1.27042 
1579 1.27042 
1580 1.27042 
1581 1.27042 
1582 1.27042 
1583 1.27042 
1584 1.27042 
1585 1.27042 
1586 1.27042 
1587 1.27042 
1588 1.27042 
1589 1.27042 
1590 1.27042 
1591 1.27042 
1592 1.27042 
1593 1.27042 
1594 1.27043 
1595 1.27043 
1596 1.27043 
1597 1.27043 
1598 1.27043 
1599 1.27043 
1600 1.27043 
1601 1.27043 
1602 1.27043 
1603 1.27044 
1604 1.27044 
1605 1.27044 
1606 1.27044 
1607 1.27044 
1608 1.27044 
1609 1.27044 
1610 1.27044 
1611 1.27045 
1612 1.27045 
1613 1.27045 
1614 1.27045 
1615 1.27045 
1616 1.27045 
1617 1.27045 
1618 1.27045 
1619 1.27045 
1620 1.27046 
1621 1.27046 
1622 1.27046 
1623 1.27046 
1624 1.27046 
1625 1.27046 
1626 1.27046 
1627 1.27046 
1628 1.27046 
1629 1.27047 
1630 1.27047 
1631 1.27048 
1632 1.27048 
1633 1.27048 
1634 1.27048 
1635 1.27049 
1636 1.2705 
1637 1.2705 
1638 1.27052 
1639 1.27053 
1640 1.27054 
1641 1.27055 
1642 1.27056 
1643 1.27057 
1644 1.27058 
1645 1.2706 
1646 1.27068 
1647 1.27074 
1648 1.27077 
1649 1.28104 
1650 1.28104 
1651 1.28102 
1652 1.28101 
1653 1.28101 
1654 1.28101 
1655 1.281 
1656 1.28097 
1657 1.28097 
1658 1.28095 
1659 1.28092 
1660 1.28091 
1661 1.2809 
1662 1.28093 
1663 1.28094 
1664 1.28094 
1665 1.28094 
1666 1.28095 
1667 1.28101 
1668 1.28107 
1669 1.28122 
1670 1.28138 
1671 1.2816 
1672 1.28187 
1673 1.28217 
1674 1.28247 
1675 1.28285 
1676 1.28487 
1677 1.28571 
1678 1.28902 
1679 1.29159 
1680 1.29421 
1681 1.29421 
1682 1.2942 
1683 1.2942 
1684 1.2942 
1685 1.2942 
1686 1.2942 
1687 1.29419 
1688 1.29419 
1689 1.29419 
1690 1.29419 
1691 1.29419 
1692 1.29419 
1693 1.29419 
1694 1.29419 
1695 1.29419 
1696 1.29419 
1697 1.29419 
1698 1.29419 
1699 1.29419 
1700 1.29419 
1701 1.29419 
1702 1.29419 
1703 1.29419 
1704 1.29419 
1705 1.29419 
1706 1.29419 
1707 1.29419 
1708 1.29419 
1709 1.29419 
1710 1.29419 
1711 1.29419 
1712 1.29419 
1713 1.29419 
1714 1.29419 
1715 1.29419 
1716 1.29419 
1717 1.2942 
1718 1.2942 
1719 1.2942 
1720 1.2942 
1721 1.2942 
1722 1.2942 
1723 1.2942 
1724 1.2942 
1725 1.2942 
1726 1.2942 
1727 1.29421 
1728 1.29421 
1729 1.29421 
1730 1.29421 
1731 1.29421 
1732 1.29421 
1733 1.29421 
1734 1.29422 
1735 1.29422 
1736 1.29423 
1737 1.29423 
1738 1.29424 
1739 1.29424 
1740 1.29424 
1741 1.29424 
1742 1.29425 
1743 1.29425 
1744 1.29426 
1745 1.29426 
1746 1.29427 
1747 1.29427 
1748 1.29427 
1749 1.29428 
1750 1.29429 
1751 1.29432 
1752 1.29435 
1753 1.29443 
1754 1.29446 
1755 1.2945 
1756 1.29464 
1757 1.30058 
1758 1.30058 
1759 1.30058 
1760 1.30057 
1761 1.30056 
1762 1.30054 
1763 1.30054 
1764 1.30053 
1765 1.30053 
1766 1.30057 
1767 1.30058 
1768 1.3006 
1769 1.30061 
1770 1.30062 
1771 1.30063 
1772 1.30065 
1773 1.30066 
1774 1.3007 
1775 1.30073 
1776 1.30076 
1777 1.30083 
1778 1.30091 
1779 1.30095 
1780 1.30114 
1781 1.30132 
1782 1.30145 
1783 1.30165 
1784 1.30259 
1785 1.30469 
1786 1.33389 
1787 1.33386 
1788 1.33381 
1789 1.33381 
1790 1.3338 
1791 1.3338 
1792 1.33378 
1793 1.33376 
1794 1.33375 
1795 1.33374 
1796 1.33367 
1797 1.33363 
1798 1.33373 
1799 1.33382 
1800 1.33393 
1801 1.33423 
1802 1.33445 
1803 1.33467 
1804 1.33502 
1805 1.33562 
1806 1.34058 
1807 1.34058 
1808 1.34057 
1809 1.34057 
1810 1.34056 
1811 1.34052 
1812 1.34052 
1813 1.34052 
1814 1.34053 
1815 1.34053 
1816 1.34053 
1817 1.34054 
1818 1.34055 
1819 1.34056 
1820 1.34056 
1821 1.34057 
1822 1.34058 
1823 1.34059 
1824 1.34059 
1825 1.3406 
1826 1.3406 
1827 1.34061 
1828 1.34061 
1829 1.34062 
1830 1.34063 
1831 1.34064 
1832 1.34065 
1833 1.34068 
1834 1.3407 
1835 1.34072 
1836 1.34074 
1837 1.34079 
1838 1.34082 
1839 1.34086 
1840 1.3409 
1841 1.34106 
1842 1.3411 
1843 1.34118 
1844 1.34285 
1845 1.34285 
1846 1.34285 
1847 1.34284 
1848 1.34284 
1849 1.34284 
1850 1.34283 
1851 1.34283 
1852 1.34283 
1853 1.34283 
1854 1.34283 
1855 1.34282 
1856 1.34282 
1857 1.34281 
1858 1.34281 
1859 1.34281 
1860 1.34281 
1861 1.34281 
1862 1.34281 
1863 1.34281 
1864 1.34281 
1865 1.34281 
1866 1.34281 
1867 1.34281 
1868 1.34281 
1869 1.34281 
1870 1.34281 
1871 1.34281 
1872 1.34281 
1873 1.34281 
1874 1.34281 
1875 1.34281 
1876 1.34281 
1877 1.34281 
1878 1.34281 
1879 1.34281 
1880 1.34281 
1881 1.34281 
1882 1.34281 
1883 1.34281 
1884 1.34281 
1885 1.34281 
1886 1.34281 
1887 1.34281 
1888 1.34281 
1889 1.34281 
1890 1.34282 
1891 1.34282 
1892 1.34282 
1893 1.34282 
1894 1.34282 
1895 1.34282 
1896 1.34282 
1897 1.34282 
1898 1.34282 
1899 1.34283 
1900 1.34283 
1901 1.34283 
1902 1.34283 
1903 1.34283 
1904 1.34283 
1905 1.34283 
1906 1.34285 
1907 1.34285 
1908 1.34286 
1909 1.34287 
1910 1.34287 
1911 1.34288 
1912 1.34288 
1913 1.34288 
1914 1.34288 
1915 1.34289 
1916 1.34297 
1917 1.34321 
1918 1.3465 
1919 1.3465 
1920 1.34649 
1921 1.34648 
1922 1.34648 
1923 1.34648 
1924 1.34647 
1925 1.34647 
1926 1.34646 
1927 1.34646 
1928 1.34646 
1929 1.34646 
1930 1.34646 
1931 1.34646 
1932 1.34646 
1933 1.34646 
1934 1.34646 
1935 1.34646 
1936 1.34646 
1937 1.34647 
1938 1.34647 
1939 1.34647 
1940 1.34647 
1941 1.34647 
1942 1.34647 
1943 1.34647 
1944 1.34648 
1945 1.34648 
1946 1.34648 
1947 1.34648 
1948 1.34648 
1949 1.34648 
1950 1.34648 
1951 1.34648 
1952 1.34648 
1953 1.34649 
1954 1.34649 
1955 1.34649 
1956 1.34649 
1957 1.34649 
1958 1.34649 
1959 1.34649 
1960 1.3465 
1961 1.3465 
1962 1.3465 
1963 1.3465 
1964 1.34651 
1965 1.34651 
1966 1.34651 
1967 1.34652 
1968 1.34652 
1969 1.34654 
1970 1.34654 
1971 1.34654 
1972 1.34655 
1973 1.34655 
1974 1.34656 
1975 1.34656 
1976 1.34657 
1977 1.34657 
1978 1.34657 
1979 1.34658 
1980 1.34659 
1981 1.34664 
1982 1.34667 
1983 1.34667 
1984 1.34669 
1985 1.34676 
1986 1.34677 
1987 1.34682 
1988 1.34688 
1989 1.34695 
1990 1.34743 
1991 1.34803 
1992 1.39202 
1993 1.39202 
1994 1.39194 
1995 1.39194 
1996 1.39185 
1997 1.39185 
1998 1.39154 
1999 1.39137 
2000 1.39134 
2001 1.39133 
2002 1.39129 
2003 1.39126 
2004 1.39129 
2005 1.3913 
2006 1.3913 
2007 1.39132 
2008 1.39133 
2009 1.39134 
2010 1.39135 
2011 1.39137 
2012 1.3914 
2013 1.39143 
2014 1.39147 
2015 1.3915 
2016 1.39154 
2017 1.39156 
2018 1.39159 
2019 1.39162 
2020 1.39165 
2021 1.39168 
2022 1.39172 
2023 1.39177 
2024 1.3918 
2025 1.39189 
2026 1.39197 
2027 1.39203 
2028 1.39211 
2029 1.39226 
2030 1.39248 
2031 1.39255 
2032 1.39269 
2033 1.39274 
2034 1.39279 
2035 1.39285 
2036 1.3929 
2037 1.39314 
2038 1.39321 
2039 1.39343 
2040 1.39378 
2041 1.39523 
2042 1.39577 
2043 1.40081 
2044 1.40081 
2045 1.40081 
2046 1.40078 
2047 1.40076 
2048 1.40076 
2049 1.40076 
2050 1.40076 
2051 1.40075 
2052 1.40075 
2053 1.40075 
2054 1.40074 
2055 1.40074 
2056 1.40074 
2057 1.40074 
2058 1.40074 
2059 1.40074 
2060 1.40073 
2061 1.40073 
2062 1.40073 
2063 1.40073 
2064 1.40073 
2065 1.40073 
2066 1.40074 
2067 1.40074 
2068 1.40074 
2069 1.40074 
2070 1.40074 
2071 1.40074 
2072 1.40074 
2073 1.40074 
2074 1.40074 
2075 1.40074 
2076 1.40075 
2077 1.40075 
2078 1.40075 
2079 1.40075 
2080 1.40075 
2081 1.40075 
2082 1.40075 
2083 1.40075 
2084 1.40075 
2085 1.40075 
2086 1.40076 
2087 1.40076 
2088 1.40076 
2089 1.40076 
2090 1.40076 
2091 1.40076 
2092 1.40077 
2093 1.40077 
2094 1.40077 
2095 1.40077 
2096 1.40077 
2097 1.40078 
2098 1.40078 
2099 1.40078 
2100 1.40079 
2101 1.40079 
2102 1.40079 
2103 1.4008 
2104 1.4008 
2105 1.4008 
2106 1.4008 
2107 1.40081 
2108 1.40081 
2109 1.40081 
2110 1.40082 
2111 1.40083 
2112 1.40083 
2113 1.40084 
2114 1.40085 
2115 1.40088 
2116 1.40089 
2117 1.4009 
2118 1.40091 
2119 1.40093 
2120 1.40094 
2121 1.40095 
2122 1.40096 
2123 1.40098 
2124 1.40099 
2125 1.401 
2126 1.40104 
2127 1.40121 
2128 1.40136 
2129 1.4015 
2130 1.40196 
2131 1.40301 
2132 1.42009 
2133 1.42008 
2134 1.42002 
2135 1.41996 
2136 1.41995 
2137 1.41994 
2138 1.41993 
2139 1.41993 
2140 1.41995 
2141 1.41995 
2142 1.41995 
2143 1.41996 
2144 1.41997 
2145 1.41997 
2146 1.41997 
2147 1.41997 
2148 1.41997 
2149 1.41997 
2150 1.41997 
2151 1.41997 
2152 1.41998 
2153 1.41998 
2154 1.41999 
2155 1.41999 
2156 1.42001 
2157 1.42001 
2158 1.42001 
2159 1.42002 
2160 1.42002 
2161 1.42004 
2162 1.42006 
2163 1.42013 
2164 1.4202 
2165 1.42031 
2166 1.42039 
2167 1.42049 
2168 1.42058 
2169 1.42065 
2170 1.42079 
2171 1.42096 
2172 1.42114 
2173 1.4213 
2174 1.42381 
2175 1.42381 
2176 1.42381 
2177 1.42381 
2178 1.42379 
2179 1.42379 
2180 1.42378 
2181 1.42378 
2182 1.42378 
2183 1.42378 
2184 1.42378 
2185 1.42378 
2186 1.42378 
2187 1.42378 
2188 1.42378 
2189 1.42378 
2190 1.42378 
2191 1.42378 
2192 1.42378 
2193 1.42378 
2194 1.42378 
2195 1.42378 
2196 1.42378 
2197 1.42378 
2198 1.42379 
2199 1.42379 
2200 1.42379 
2201 1.42379 
2202 1.42379 
2203 1.42379 
2204 1.42379 
2205 1.42379 
2206 1.42379 
2207 1.42379 
2208 1.42379 
2209 1.42379 
2210 1.42379 
2211 1.42379 
2212 1.42379 
2213 1.42379 
2214 1.42379 
2215 1.42379 
2216 1.42379 
2217 1.42379 
2218 1.4238 
2219 1.4238 
2220 1.4238 
2221 1.4238 
2222 1.4238 
2223 1.4238 
2224 1.4238 
2225 1.4238 
2226 1.4238 
2227 1.4238 
2228 1.4238 
2229 1.4238 
2230 1.4238 
2231 1.4238 
2232 1.42381 
2233 1.42381 
2234 1.42381 
2235 1.42381 
2236 1.42381 
2237 1.42381 
2238 1.42382 
2239 1.42382 
2240 1.42382 
2241 1.42382 
2242 1.42383 
2243 1.42383 
2244 1.42383 
2245 1.42384 
2246 1.42384 
2247 1.42384 
2248 1.42384 
2249 1.42386 
2250 1.42388 
2251 1.42389 
2252 1.42397 
2253 1.42405 
2254 1.42411 
2255 1.42436 
2256 1.42451 
2257 1.42775 
2258 1.42772 
2259 1.42772 
2260 1.42771 
2261 1.4277 
2262 1.4277 
2263 1.42769 
2264 1.42769 
2265 1.42768 
2266 1.42768 
2267 1.42768 
2268 1.42768 
2269 1.42768 
2270 1.42768 
2271 1.42768 
2272 1.42768 
2273 1.42768 
2274 1.42768 
2275 1.42768 
2276 1.42768 
2277 1.42769 
2278 1.42769 
2279 1.42769 
2280 1.42769 
2281 1.42769 
2282 1.42769 
2283 1.42769 
2284 1.42769 
2285 1.42769 
2286 1.42769 
2287 1.4277 
2288 1.4277 
2289 1.4277 
2290 1.4277 
2291 1.4277 
2292 1.4277 
2293 1.4277 
2294 1.42771 
2295 1.42771 
2296 1.42771 
2297 1.42771 
2298 1.42771 
2299 1.42771 
2300 1.42771 
2301 1.42772 
2302 1.42772 
2303 1.42772 
2304 1.42772 
2305 1.42773 
2306 1.42773 
2307 1.42773 
2308 1.42774 
2309 1.42774 
2310 1.42776 
2311 1.42778 
2312 1.42784 
2313 1.42788 
2314 1.4279 
2315 1.42806 
2316 1.4361 
2317 1.4361 
2318 1.4361 
2319 1.43606 
2320 1.43606 
2321 1.43605 
2322 1.43604 
2323 1.43603 
2324 1.43602 
2325 1.43602 
2326 1.436 
2327 1.43598 
2328 1.43596 
2329 1.43595 
2330 1.43594 
2331 1.43595 
2332 1.43596 
2333 1.43598 
2334 1.43599 
2335 1.4361 
2336 1.43627 
2337 1.43702 
2338 1.43811 
2339 1.4381 
2340 1.4381 
2341 1.4381 
2342 1.43809 
2343 1.43809 
2344 1.43809 
2345 1.43809 
2346 1.43809 
2347 1.4381 
2348 1.4381 
2349 1.4381 
2350 1.4381 
2351 1.4381 
2352 1.4381 
2353 1.4381 
2354 1.4381 
2355 1.4381 
2356 1.4381 
2357 1.4381 
2358 1.4381 
2359 1.4381 
2360 1.4381 
2361 1.43811 
2362 1.43811 
2363 1.43811 
2364 1.43811 
2365 1.43811 
2366 1.43811 
2367 1.43811 
2368 1.43811 
2369 1.43811 
2370 1.43811 
2371 1.43811 
2372 1.43811 
2373 1.43811 
2374 1.43811 
2375 1.43811 
2376 1.43812 
2377 1.43812 
2378 1.43812 
2379 1.43812 
2380 1.43812 
2381 1.43812 
2382 1.43812 
2383 1.43812 
2384 1.43812 
2385 1.43812 
2386 1.43812 
2387 1.43812 
2388 1.43812 
2389 1.43812 
2390 1.43812 
2391 1.43812 
2392 1.43812 
2393 1.43812 
2394 1.43813 
2395 1.43813 
2396 1.43813 
2397 1.43813 
2398 1.43813 
2399 1.43813 
2400 1.43813 
2401 1.43813 
2402 1.43813 
2403 1.43813 
2404 1.43813 
2405 1.43813 
2406 1.43813 
2407 1.43813 
2408 1.43813 
2409 1.43813 
2410 1.43813 
2411 1.43813 
2412 1.43813 
2413 1.43813 
2414 1.43813 
2415 1.43813 
2416 1.43813 
2417 1.43813 
2418 1.43814 
2419 1.43814 
2420 1.43814 
2421 1.43814 
2422 1.43814 
2423 1.43814 
2424 1.43815 
2425 1.43815 
2426 1.43816 
2427 1.43816 
2428 1.43817 
2429 1.43819 
2430 1.43822 
2431 1.43828 
2432 1.4383 
2433 1.43834 
2434 1.43871 
2435 1.44163 
2436 1.44162 
2437 1.44162 
2438 1.44162 
2439 1.44161 
2440 1.4416 
2441 1.4416 
2442 1.4416 
2443 1.4416 
2444 1.44159 
2445 1.44159 
2446 1.44159 
2447 1.44159 
2448 1.44159 
2449 1.44158 
2450 1.44158 
2451 1.44158 
2452 1.44158 
2453 1.44158 
2454 1.44157 
2455 1.44157 
2456 1.44157 
2457 1.44157 
2458 1.44157 
2459 1.44157 
2460 1.44157 
2461 1.44157 
2462 1.44156 
2463 1.44156 
2464 1.44155 
2465 1.44156 
2466 1.44157 
2467 1.44158 
2468 1.44159 
2469 1.4416 
2470 1.44162 
2471 1.44165 
2472 1.44176 
2473 1.44188 
2474 1.4437 
2475 1.4437 
2476 1.4437 
2477 1.44368 
2478 1.44368 
2479 1.44368 
2480 1.44368 
2481 1.44367 
2482 1.44367 
2483 1.44367 
2484 1.44367 
2485 1.44368 
2486 1.44368 
2487 1.44369 
2488 1.44373 
2489 1.44373 
2490 1.44374 
2491 1.44374 
2492 1.44374 
2493 1.44374 
2494 1.44375 
2495 1.44375 
2496 1.44375 
2497 1.44375 
2498 1.44375 
2499 1.44376 
2500 1.44376 
2501 1.44376 
2502 1.44376 
2503 1.44376 
2504 1.44376 
2505 1.44377 
2506 1.44377 
2507 1.44377 
2508 1.44377 
2509 1.44377 
2510 1.44377 
2511 1.44378 
2512 1.44378 
2513 1.44378 
2514 1.44378 
2515 1.44378 
2516 1.44378 
2517 1.44378 
2518 1.44378 
2519 1.44378 
2520 1.44379 
2521 1.44379 
2522 1.44379 
2523 1.44379 
2524 1.44379 
2525 1.44379 
2526 1.44379 
2527 1.4438 
2528 1.4438 
2529 1.4438 
2530 1.4438 
2531 1.4438 
2532 1.4438 
2533 1.44381 
2534 1.44381 
2535 1.44381 
2536 1.44382 
2537 1.44382 
2538 1.44383 
2539 1.44383 
2540 1.44385 
2541 1.44385 
2542 1.44386 
2543 1.44386 
2544 1.44387 
2545 1.44391 
2546 1.44395 
2547 1.44401 
2548 1.44404 
2549 1.44411 
2550 1.44415 
2551 1.44416 
2552 1.44429 
2553 1.44444 
2554 1.44461 
2555 1.44518 
2556 1.44555 
2557 1.44593 
2558 1.46908 
2559 1.46876 
2560 1.46875 
2561 1.46875 
2562 1.46866 
2563 1.46861 
2564 1.46865 
2565 1.46868 
2566 1.46872 
2567 1.46874 
2568 1.46879 
2569 1.46888 
2570 1.46893 
2571 1.46899 
2572 1.46903 
2573 1.46908 
2574 1.46912 
2575 1.46916 
2576 1.46923 
2577 1.46927 
2578 1.46934 
2579 1.46942 
2580 1.46972 
2581 1.47001 
2582 1.47041 
2583 1.47122 
2584 1.47294 
2585 1.4742 
2586 1.47751 
2587 1.47751 
2588 1.47751 
2589 1.47749 
2590 1.47747 
2591 1.47747 
2592 1.47748 
2593 1.47748 
2594 1.47748 
2595 1.4775 
2596 1.4775 
2597 1.47751 
2598 1.47751 
2599 1.47752 
2600 1.47753 
2601 1.47753 
2602 1.47754 
2603 1.47754 
2604 1.47755 
2605 1.47756 
2606 1.47757 
2607 1.47758 
2608 1.47759 
2609 1.47764 
2610 1.47766 
2611 1.47769 
2612 1.47774 
2613 1.47788 
2614 1.47791 
2615 1.47808 
2616 1.47864 
2617 1.48405 
2618 1.48405 
2619 1.48398 
2620 1.48398 
2621 1.48397 
2622 1.48397 
2623 1.48396 
2624 1.48396 
2625 1.48396 
2626 1.48395 
2627 1.48396 
2628 1.48396 
2629 1.48397 
2630 1.48398 
2631 1.48398 
2632 1.48399 
2633 1.48399 
2634 1.48399 
2635 1.484 
2636 1.484 
2637 1.484 
2638 1.48401 
2639 1.48401 
2640 1.48402 
2641 1.48402 
2642 1.48402 
2643 1.48403 
2644 1.48403 
2645 1.48403 
2646 1.48404 
2647 1.48404 
2648 1.48405 
2649 1.48405 
2650 1.48405 
2651 1.48406 
2652 1.48406 
2653 1.48407 
2654 1.48407 
2655 1.48408 
2656 1.48408 
2657 1.48408 
2658 1.4841 
2659 1.4841 
2660 1.48411 
2661 1.48412 
2662 1.48412 
2663 1.48413 
2664 1.48414 
2665 1.48416 
2666 1.48416 
2667 1.48417 
2668 1.48418 
2669 1.48419 
2670 1.4842 
2671 1.48421 
2672 1.48423 
2673 1.48426 
2674 1.48428 
2675 1.48429 
2676 1.48431 
2677 1.48442 
2678 1.48446 
2679 1.48459 
2680 1.48565 
2681 1.48659 
2682 1.52042 
2683 1.52042 
2684 1.5204 
2685 1.52039 
2686 1.52038 
2687 1.52031 
2688 1.52027 
2689 1.52024 
2690 1.52005 
2691 1.51997 
2692 1.51992 
2693 1.51989 
2694 1.51991 
2695 1.51992 
2696 1.51993 
2697 1.51994 
2698 1.51996 
2699 1.51997 
2700 1.51997 
2701 1.51997 
2702 1.5201 
2703 1.52051 
2704 1.52078 
2705 1.52131 
2706 1.52154 
2707 1.52236 
2708 1.52713 
2709 1.52713 
2710 1.52713 
2711 1.52712 
2712 1.5271 
2713 1.5271 
2714 1.5271 
2715 1.52709 
2716 1.52709 
2717 1.52709 
2718 1.52708 
2719 1.52708 
2720 1.52709 
2721 1.52709 
2722 1.52709 
2723 1.52709 
2724 1.52709 
2725 1.52709 
2726 1.52709 
2727 1.5271 
2728 1.5271 
2729 1.5271 
2730 1.5271 
2731 1.52711 
2732 1.52711 
2733 1.52711 
2734 1.52711 
2735 1.52711 
2736 1.52711 
2737 1.52711 
2738 1.52712 
2739 1.52712 
2740 1.52712 
2741 1.52712 
2742 1.52712 
2743 1.52712 
2744 1.52712 
2745 1.52713 
2746 1.52713 
2747 1.52713 
2748 1.52713 
2749 1.52713 
2750 1.52713 
2751 1.52714 
2752 1.52714 
2753 1.52714 
2754 1.52714 
2755 1.52714 
2756 1.52714 
2757 1.52714 
2758 1.52715 
2759 1.52715 
2760 1.52715 
2761 1.52715 
2762 1.52716 
2763 1.52716 
2764 1.52716 
2765 1.52716 
2766 1.52716 
2767 1.52716 
2768 1.52716 
2769 1.52717 
2770 1.52717 
2771 1.52717 
2772 1.52717 
2773 1.52717 
2774 1.52717 
2775 1.52718 
2776 1.52718 
2777 1.52718 
2778 1.52718 
2779 1.52718 
2780 1.52719 
2781 1.5272 
2782 1.5272 
2783 1.5272 
2784 1.52721 
2785 1.52722 
2786 1.52722 
2787 1.52722 
2788 1.52722 
2789 1.52723 
2790 1.52723 
2791 1.52724 
2792 1.52726 
2793 1.52727 
2794 1.52728 
2795 1.52731 
2796 1.52732 
2797 1.52737 
2798 1.52742 
2799 1.52752 
2800 1.52761 
2801 1.52803 
2802 1.53023 
2803 1.53023 
2804 1.53022 
2805 1.5302 
2806 1.53018 
2807 1.53019 
2808 1.5302 
2809 1.53021 
2810 1.53023 
2811 1.53025 
2812 1.53028 
2813 1.53033 
2814 1.53053 
2815 1.53074 
2816 1.53102 
2817 1.5324 
2818 1.59884 
2819 1.59817 
2820 1.59816 
2821 1.59802 
2822 1.598 
2823 1.59798 
2824 1.59799 
2825 1.59799 
2826 1.59803 
2827 1.59804 
2828 1.59805 
2829 1.59806 
2830 1.59807 
2831 1.59814 
2832 1.59816 
2833 1.59817 
2834 1.5982 
2835 1.59824 
2836 1.59827 
2837 1.5983 
2838 1.59832 
2839 1.59834 
2840 1.59835 
2841 1.59837 
2842 1.5984 
2843 1.59842 
2844 1.59844 
2845 1.59846 
2846 1.59849 
2847 1.59852 
2848 1.59853 
2849 1.59857 
2850 1.5986 
2851 1.59864 
2852 1.59866 
2853 1.59871 
2854 1.59875 
2855 1.59878 
2856 1.59885 
2857 1.59892 
2858 1.59901 
2859 1.59912 
2860 1.59927 
2861 1.59943 
2862 1.59955 
2863 1.5998 
2864 1.59999 
2865 1.60018 
2866 1.60128 
2867 1.60403 
2868 1.60403 
2869 1.60402 
2870 1.60402 
2871 1.60398 
2872 1.60398 
2873 1.60397 
2874 1.60396 
2875 1.60397 
2876 1.60398 
2877 1.604 
2878 1.60401 
2879 1.60403 
2880 1.60406 
2881 1.60412 
2882 1.60417 
2883 1.60429 
2884 1.60436 
2885 1.6045 
2886 1.6046 
2887 1.60699 
2888 1.60699 
2889 1.60698 
2890 1.60696 
2891 1.60696 
2892 1.60696 
2893 1.60694 
2894 1.60693 
2895 1.60693 
2896 1.60693 
2897 1.60693 
2898 1.60693 
2899 1.60693 
2900 1.60694 
2901 1.60694 
2902 1.60694 
2903 1.60694 
2904 1.60694 
2905 1.60694 
2906 1.60694 
2907 1.60694 
2908 1.60694 
2909 1.60694 
2910 1.60694 
2911 1.60694 
2912 1.60694 
2913 1.60694 
2914 1.60694 
2915 1.60695 
2916 1.60695 
2917 1.60695 
2918 1.60695 
2919 1.60695 
2920 1.60695 
2921 1.60695 
2922 1.60695 
2923 1.60695 
2924 1.60695 
2925 1.60695 
2926 1.60695 
2927 1.60695 
2928 1.60695 
2929 1.60695 
2930 1.60695 
2931 1.60695 
2932 1.60695 
2933 1.60695 
2934 1.60695 
2935 1.60695 
2936 1.60695 
2937 1.60695 
2938 1.60696 
2939 1.60696 
2940 1.60696 
2941 1.60696 
2942 1.60696 
2943 1.60696 
2944 1.60696 
2945 1.60696 
2946 1.60696 
2947 1.60696 
2948 1.60697 
2949 1.60697 
2950 1.60697 
2951 1.60697 
2952 1.60697 
2953 1.60697 
2954 1.60697 
2955 1.60697 
2956 1.60697 
2957 1.60697 
2958 1.60697 
2959 1.60698 
2960 1.60698 
2961 1.60698 
2962 1.60698 
2963 1.60698 
2964 1.60699 
2965 1.60699 
2966 1.607 
2967 1.607 
2968 1.607 
2969 1.60701 
2970 1.60701 
2971 1.60701 
2972 1.60701 
2973 1.60702 
2974 1.60702 
2975 1.60702 
2976 1.60703 
2977 1.60703 
2978 1.60703 
2979 1.60703 
2980 1.60705 
2981 1.60706 
2982 1.60708 
2983 1.6071 
2984 1.60711 
2985 1.60713 
2986 1.60718 
2987 1.60722 
2988 1.60754 
2989 1.60779 
2990 1.60796 
2991 1.60825 
2992 1.66232 
2993 1.66232 
2994 1.66227 
2995 1.66173 
2996 1.66159 
2997 1.66149 
2998 1.66149 
2999 1.66159 
3000 1.66164 
3001 1.66171 
3002 1.66173 
3003 1.66175 
3004 1.66177 
3005 1.66179 
3006 1.66186 
3007 1.66194 
3008 1.66206 
3009 1.66217 
3010 1.6623 
3011 1.66249 
3012 1.66269 
3013 1.663 
3014 1.66328 
3015 1.66363 
3016 1.66378 
3017 1.66425 
3018 1.6656 
3019 1.6656 
3020 1.6656 
3021 1.6656 
3022 1.66559 
3023 1.66559 
3024 1.66559 
3025 1.66559 
3026 1.66559 
3027 1.66559 
3028 1.66559 
3029 1.66559 
3030 1.66558 
3031 1.66558 
3032 1.66558 
3033 1.66557 
3034 1.66557 
3035 1.66557 
3036 1.66557 
3037 1.66557 
3038 1.66557 
3039 1.66557 
3040 1.66557 
3041 1.66557 
3042 1.66557 
3043 1.66556 
3044 1.66556 
3045 1.66556 
3046 1.66556 
3047 1.66556 
3048 1.66556 
3049 1.66557 
3050 1.66557 
3051 1.66557 
3052 1.66557 
3053 1.66557 
3054 1.66558 
3055 1.66558 
3056 1.66559 
3057 1.66559 
3058 1.6656 
3059 1.6656 
3060 1.6656 
3061 1.66562 
3062 1.66562 
3063 1.66563 
3064 1.66564 
3065 1.66565 
3066 1.66566 
3067 1.66566 
3068 1.66568 
3069 1.66569 
3070 1.6657 
3071 1.66572 
3072 1.66574 
3073 1.66577 
3074 1.66578 
3075 1.66582 
3076 1.6659 
3077 1.66597 
3078 1.66627 
3079 1.66678 
3080 1.67654 
3081 1.67645 
3082 1.67642 
3083 1.67642 
3084 1.67642 
3085 1.67641 
3086 1.6764 
3087 1.67637 
3088 1.67637 
3089 1.67635 
3090 1.67635 
3091 1.67635 
3092 1.67635 
3093 1.67632 
3094 1.67632 
3095 1.67631 
3096 1.6763 
3097 1.6763 
3098 1.6763 
3099 1.67628 
3100 1.67628 
3101 1.67627 
3102 1.67626 
3103 1.67625 
3104 1.67625 
3105 1.67625 
3106 1.67626 
3107 1.67627 
3108 1.67629 
3109 1.67631 
3110 1.67634 
3111 1.67634 
3112 1.67636 
3113 1.67637 
3114 1.67639 
3115 1.67641 
3116 1.67642 
3117 1.67644 
3118 1.67645 
3119 1.67647 
3120 1.67648 
3121 1.67649 
3122 1.67651 
3123 1.67652 
3124 1.67654 
3125 1.67658 
3126 1.67662 
3127 1.67665 
3128 1.67669 
3129 1.67672 
3130 1.67674 
3131 1.67678 
3132 1.67682 
3133 1.67685 
3134 1.6769 
3135 1.67702 
3136 1.67708 
3137 1.6772 
3138 1.67732 
3139 1.67743 
3140 1.6775 
3141 1.67763 
3142 1.67779 
3143 1.67786 
3144 1.67801 
3145 1.67833 
3146 1.67873 
3147 1.68192 
3148 1.68192 
3149 1.68191 
3150 1.6819 
3151 1.6819 
3152 1.68189 
3153 1.68188 
3154 1.68187 
3155 1.68186 
3156 1.68186 
3157 1.68186 
3158 1.68185 
3159 1.68185 
3160 1.68185 
3161 1.68186 
3162 1.68186 
3163 1.68186 
3164 1.68187 
3165 1.68187 
3166 1.68188 
3167 1.68188 
3168 1.68188 
3169 1.68188 
3170 1.68188 
3171 1.68188 
3172 1.68189 
3173 1.68189 
3174 1.68189 
3175 1.68189 
3176 1.68189 
3177 1.68189 
3178 1.6819 
3179 1.6819 
3180 1.6819 
3181 1.6819 
3182 1.6819 
3183 1.6819 
3184 1.6819 
3185 1.6819 
3186 1.6819 
3187 1.6819 
3188 1.68191 
3189 1.68191 
3190 1.68191 
3191 1.68191 
3192 1.68191 
3193 1.68191 
3194 1.68191 
3195 1.68191 
3196 1.68191 
3197 1.68191 
3198 1.68192 
3199 1.68192 
3200 1.68192 
3201 1.68192 
3202 1.68192 
3203 1.68192 
3204 1.68192 
3205 1.68193 
3206 1.68193 
3207 1.68193 
3208 1.68193 
3209 1.68193 
3210 1.68193 
3211 1.68194 
3212 1.68194 
3213 1.68194 
3214 1.68194 
3215 1.68194 
3216 1.68194 
3217 1.68194 
3218 1.68194 
3219 1.68194 
3220 1.68194 
3221 1.68194 
3222 1.68194 
3223 1.68194 
3224 1.68194 
3225 1.68194 
3226 1.68194 
3227 1.68195 
3228 1.68195 
3229 1.68195 
3230 1.68196 
3231 1.68196 
3232 1.68197 
3233 1.68198 
3234 1.68198 
3235 1.68199 
3236 1.682 
3237 1.68202 
3238 1.68205 
3239 1.68212 
3240 1.68215 
3241 1.68219 
3242 1.68222 
3243 1.68227 
3244 1.68232 
3245 1.68253 
3246 1.683 
3247 1.73789 
3248 1.73789 
3249 1.73759 
3250 1.73758 
3251 1.73744 
3252 1.73735 
3253 1.73727 
3254 1.73721 
3255 1.73719 
3256 1.73701 
3257 1.73695 
3258 1.73694 
3259 1.73697 
3260 1.73701 
3261 1.73701 
3262 1.73702 
3263 1.73707 
3264 1.73711 
3265 1.73714 
3266 1.73717 
3267 1.73721 
3268 1.73723 
3269 1.73729 
3270 1.73732 
3271 1.73735 
3272 1.73737 
3273 1.73739 
3274 1.7374 
3275 1.73741 
3276 1.73743 
3277 1.73744 
3278 1.73746 
3279 1.73749 
3280 1.7375 
3281 1.73752 
3282 1.73752 
3283 1.73751 
3284 1.73751 
3285 1.73751 
3286 1.73752 
3287 1.73754 
3288 1.73752 
3289 1.73749 
3290 1.73743 
3291 1.73747 
3292 1.7375 
3293 1.73759 
3294 1.73765 
3295 1.73778 
3296 1.73799 
3297 1.73805 
3298 1.73818 
3299 1.73829 
3300 1.73845 
3301 1.73864 
3302 1.74002 
3303 1.74162 
3304 1.74162 
3305 1.74162 
3306 1.74161 
3307 1.7416 
3308 1.7416 
3309 1.74159 
3310 1.74159 
3311 1.74159 
3312 1.74158 
3313 1.74158 
3314 1.74158 
3315 1.74158 
3316 1.74158 
3317 1.74157 
3318 1.74157 
3319 1.74157 
3320 1.74157 
3321 1.74157 
3322 1.74157 
3323 1.74157 
3324 1.74157 
3325 1.74157 
3326 1.74157 
3327 1.74157 
3328 1.74157 
3329 1.74157 
3330 1.74157 
3331 1.74157 
3332 1.74157 
3333 1.74157 
3334 1.74157 
3335 1.74157 
3336 1.74157 
3337 1.74157 
3338 1.74157 
3339 1.74157 
3340 1.74157 
3341 1.74157 
3342 1.74157 
3343 1.74157 
3344 1.74157 
3345 1.74157 
3346 1.74158 
3347 1.74158 
3348 1.74158 
3349 1.74158 
3350 1.74158 
3351 1.74158 
3352 1.74158 
3353 1.74158 
3354 1.74158 
3355 1.74158 
3356 1.74158 
3357 1.74159 
3358 1.74159 
3359 1.74159 
3360 1.74159 
3361 1.74159 
3362 1.7416 
3363 1.7416 
3364 1.7416 
3365 1.7416 
3366 1.74161 
3367 1.74161 
3368 1.74161 
3369 1.74161 
3370 1.74162 
3371 1.74162 
3372 1.74162 
3373 1.74163 
3374 1.74163 
3375 1.74164 
3376 1.74164 
3377 1.74165 
3378 1.74165 
3379 1.74166 
3380 1.74166 
3381 1.74166 
3382 1.74166 
3383 1.74167 
3384 1.74168 
3385 1.74169 
3386 1.7417 
3387 1.74171 
3388 1.74172 
3389 1.74173 
3390 1.74173 
3391 1.74175 
3392 1.74179 
3393 1.74182 
3394 1.74202 
3395 1.74222 
3396 1.74233 
3397 1.7822 
3398 1.78208 
3399 1.78204 
3400 1.78192 
3401 1.78177 
3402 1.78171 
3403 1.7816 
3404 1.78146 
3405 1.78138 
3406 1.78126 
3407 1.78123 
3408 1.78121 
3409 1.78118 
3410 1.78128 
3411 1.78131 
3412 1.78129 
3413 1.78129 
3414 1.78129 
3415 1.78129 
3416 1.78129 
3417 1.78129 
3418 1.78129 
3419 1.78129 
3420 1.78129 
3421 1.78128 
3422 1.78128 
3423 1.78128 
3424 1.78128 
3425 1.78128 
3426 1.78128 
3427 1.78128 
3428 1.78128 
3429 1.78127 
3430 1.78127 
3431 1.78127 
3432 1.78127 
3433 1.78127 
3434 1.78127 
3435 1.78127 
3436 1.78127 
3437 1.78127 
3438 1.78127 
3439 1.78127 
3440 1.78126 
3441 1.78126 
3442 1.78126 
3443 1.78126 
3444 1.78126 
3445 1.78126 
3446 1.78126 
3447 1.78126 
3448 1.78126 
3449 1.78126 
3450 1.78126 
3451 1.78126 
3452 1.78126 
3453 1.78126 
3454 1.78126 
3455 1.78126 
3456 1.78126 
3457 1.78126 
3458 1.78127 
3459 1.78127 
3460 1.78127 
3461 1.78127 
3462 1.78127 
3463 1.78127 
3464 1.78128 
3465 1.78128 
3466 1.78128 
3467 1.78128 
3468 1.78129 
3469 1.78129 
3470 1.7813 
3471 1.78131 
3472 1.78131 
3473 1.78131 
3474 1.78131 
3475 1.78131 
3476 1.78131 
3477 1.78132 
3478 1.78132 
3479 1.78132 
3480 1.78132 
3481 1.78132 
3482 1.78132 
3483 1.78132 
3484 1.78133 
3485 1.78135 
3486 1.78136 
3487 1.78137 
3488 1.78139 
3489 1.7814 
3490 1.7814 
3491 1.78141 
3492 1.78142 
3493 1.78143 
3494 1.78144 
3495 1.78146 
3496 1.78147 
3497 1.78148 
3498 1.78156 
3499 1.78176 
3500 1.78187 
3501 1.78204 
3502 1.78216 
3503 1.78226 
3504 1.78232 
3505 1.78387 
3506 1.78387 
3507 1.78386 
3508 1.78386 
3509 1.78384 
3510 1.78384 
3511 1.78383 
3512 1.78383 
3513 1.78383 
3514 1.78382 
3515 1.78382 
3516 1.78382 
3517 1.78381 
3518 1.78381 
3519 1.78381 
3520 1.78381 
3521 1.78381 
3522 1.7838 
3523 1.7838 
3524 1.7838 
3525 1.7838 
3526 1.7838 
3527 1.78379 
3528 1.78379 
3529 1.78379 
3530 1.78379 
3531 1.78379 
3532 1.78379 
3533 1.78379 
3534 1.78379 
3535 1.78379 
3536 1.78379 
3537 1.78379 
3538 1.78379 
3539 1.78379 
3540 1.78379 
3541 1.78379 
3542 1.78379 
3543 1.78379 
3544 1.78379 
3545 1.78379 
3546 1.7838 
3547 1.7838 
3548 1.7838 
3549 1.7838 
3550 1.7838 
3551 1.7838 
3552 1.7838 
3553 1.7838 
3554 1.7838 
3555 1.7838 
3556 1.7838 
3557 1.7838 
3558 1.7838 
3559 1.7838 
3560 1.7838 
3561 1.7838 
3562 1.7838 
3563 1.7838 
3564 1.7838 
3565 1.7838 
3566 1.7838 
3567 1.7838 
3568 1.7838 
3569 1.7838 
3570 1.7838 
3571 1.7838 
3572 1.7838 
3573 1.7838 
3574 1.7838 
3575 1.78381 
3576 1.78381 
3577 1.78381 
3578 1.78382 
3579 1.78382 
3580 1.78382 
3581 1.78382 
3582 1.78383 
3583 1.78383 
3584 1.78384 
3585 1.78384 
3586 1.78385 
3587 1.78386 
3588 1.78386 
3589 1.78386 
3590 1.78387 
3591 1.78388 
3592 1.78388 
3593 1.78389 
3594 1.7839 
3595 1.78391 
3596 1.78391 
3597 1.78393 
3598 1.78394 
3599 1.78395 
3600 1.784 
3601 1.78402 
3602 1.78405 
3603 1.7841 
3604 1.78417 
3605 1.78437 
3606 1.80005 
3607 1.80005 
3608 1.80005 
3609 1.80002 
3610 1.79999 
3611 1.79998 
3612 1.79991 
3613 1.79985 
3614 1.79979 
3615 1.79978 
3616 1.79978 
3617 1.79973 
3618 1.79971 
3619 1.7997 
3620 1.79971 
3621 1.79971 
3622 1.79971 
3623 1.79971 
3624 1.79972 
3625 1.79972 
3626 1.79972 
3627 1.79973 
3628 1.79973 
3629 1.79974 
3630 1.79974 
3631 1.79974 
3632 1.79975 
3633 1.79975 
3634 1.79975 
3635 1.79975 
3636 1.79975 
3637 1.79975 
3638 1.79975 
3639 1.79975 
3640 1.79975 
3641 1.79975 
3642 1.79975 
3643 1.79975 
3644 1.79975 
3645 1.79975 
3646 1.79975 
3647 1.79975 
3648 1.79976 
3649 1.79977 
3650 1.79977 
3651 1.79978 
3652 1.79979 
3653 1.79979 
3654 1.7998 
3655 1.79981 
3656 1.79981 
3657 1.79983 
3658 1.79984 
3659 1.79985 
3660 1.79986 
3661 1.79987 
3662 1.79988 
3663 1.79989 
3664 1.79991 
3665 1.79993 
3666 1.79995 
3667 1.80001 
3668 1.80004 
3669 1.80006 
3670 1.80008 
3671 1.80009 
3672 1.8001 
3673 1.80011 
3674 1.80013 
3675 1.80013 
3676 1.80014 
3677 1.80015 
3678 1.80018 
3679 1.8002 
3680 1.80022 
3681 1.80023 
3682 1.80026 
3683 1.80028 
3684 1.80031 
3685 1.80034 
3686 1.80039 
3687 1.80049 
3688 1.8006 
3689 1.80067 
3690 1.80086 
3691 1.80141 
3692 1.80159 
3693 1.80182 
3694 1.80294 
3695 1.80412 
3696 1.80628 
3697 1.82629 
3698 1.82626 
3699 1.82622 
3700 1.82613 
3701 1.82613 
3702 1.82612 
3703 1.82611 
3704 1.8261 
3705 1.82604 
3706 1.82603 
3707 1.82603 
3708 1.82597 
3709 1.82592 
3710 1.82592 
3711 1.82591 
3712 1.82591 
3713 1.82591 
3714 1.8259 
3715 1.8259 
3716 1.8259 
3717 1.8259 
3718 1.82589 
3719 1.82589 
3720 1.82589 
3721 1.82589 
3722 1.82589 
3723 1.82589 
3724 1.8259 
3725 1.82591 
3726 1.82592 
3727 1.82592 
3728 1.82592 
3729 1.82592 
3730 1.82593 
3731 1.82593 
3732 1.82593 
3733 1.82594 
3734 1.82594 
3735 1.82593 
3736 1.82593 
3737 1.82594 
3738 1.82597 
3739 1.826 
3740 1.82604 
3741 1.82606 
3742 1.82608 
3743 1.82612 
3744 1.82615 
3745 1.82618 
3746 1.8262 
3747 1.82625 
3748 1.82631 
3749 1.82637 
3750 1.82645 
3751 1.82651 
3752 1.8269 
3753 1.82724 
3754 1.82799 
3755 1.82866 
3756 1.85245 
3757 1.85244 
3758 1.85234 
3759 1.85234 
3760 1.85222 
3761 1.85218 
3762 1.85213 
3763 1.85208 
3764 1.85202 
3765 1.85186 
3766 1.85157 
3767 1.85157 
3768 1.85157 
3769 1.85156 
3770 1.85153 
3771 1.85152 
3772 1.85153 
3773 1.85153 
3774 1.85153 
3775 1.85153 
3776 1.85153 
3777 1.85153 
3778 1.85153 
3779 1.85153 
3780 1.85153 
3781 1.85153 
3782 1.85153 
3783 1.85153 
3784 1.85153 
3785 1.85153 
3786 1.85153 
3787 1.85153 
3788 1.85154 
3789 1.85154 
3790 1.85155 
3791 1.85155 
3792 1.85155 
3793 1.85156 
3794 1.85157 
3795 1.85157 
3796 1.85158 
3797 1.85158 
3798 1.85159 
3799 1.8516 
3800 1.8516 
3801 1.85161 
3802 1.85161 
3803 1.85163 
3804 1.85164 
3805 1.85165 
3806 1.85166 
3807 1.85166 
3808 1.85167 
3809 1.85168 
3810 1.85168 
3811 1.8517 
3812 1.85171 
3813 1.85172 
3814 1.85173 
3815 1.85174 
3816 1.85175 
3817 1.85176 
3818 1.85177 
3819 1.85178 
3820 1.85179 
3821 1.85179 
3822 1.8518 
3823 1.85181 
3824 1.85182 
3825 1.85183 
3826 1.85184 
3827 1.85186 
3828 1.85188 
3829 1.8519 
3830 1.85193 
3831 1.85196 
3832 1.85198 
3833 1.85201 
3834 1.85204 
3835 1.85204 
3836 1.85206 
3837 1.85207 
3838 1.85208 
3839 1.8521 
3840 1.85211 
3841 1.85213 
3842 1.85215 
3843 1.85218 
3844 1.85221 
3845 1.85235 
3846 1.8524 
3847 1.85243 
3848 1.8525 
3849 1.85253 
3850 1.85257 
3851 1.8526 
3852 1.8527 
3853 1.8528 
3854 1.85287 
3855 1.85295 
3856 1.85306 
3857 1.85339 
3858 1.85371 
3859 1.85397 
3860 1.85511 
3861 1.85767 
3862 1.86997 
3863 1.86994 
3864 1.86991 
3865 1.86985 
3866 1.86983 
3867 1.86979 
3868 1.86978 
3869 1.86974 
3870 1.86973 
3871 1.86972 
3872 1.8697 
3873 1.86969 
3874 1.86968 
3875 1.86968 
3876 1.86968 
3877 1.86967 
3878 1.86967 
3879 1.86966 
3880 1.86967 
3881 1.86968 
3882 1.86968 
3883 1.86967 
3884 1.86966 
3885 1.86966 
3886 1.86966 
3887 1.86965 
3888 1.86965 
3889 1.86965 
3890 1.86964 
3891 1.86965 
3892 1.86966 
3893 1.86969 
3894 1.8697 
3895 1.86975 
3896 1.86975 
3897 1.86988 
3898 1.87034 
3899 1.90342 
3900 1.90341 
3901 1.9033 
3902 1.9033 
3903 1.90328 
3904 1.90321 
3905 1.90307 
3906 1.9029 
3907 1.90283 
3908 1.90283 
3909 1.9028 
3910 1.9028 
3911 1.9028 
3912 1.90279 
3913 1.90277 
3914 1.90277 
3915 1.90276 
3916 1.90276 
3917 1.90276 
3918 1.90274 
3919 1.90274 
3920 1.90276 
3921 1.90277 
3922 1.90279 
3923 1.90281 
3924 1.90282 
3925 1.90283 
3926 1.90285 
3927 1.90286 
3928 1.90287 
3929 1.90289 
3930 1.90291 
3931 1.90294 
3932 1.90297 
3933 1.903 
3934 1.90304 
3935 1.90307 
3936 1.90309 
3937 1.9031 
3938 1.90311 
3939 1.90318 
3940 1.90321 
3941 1.90325 
3942 1.90332 
3943 1.90333 
3944 1.90355 
3945 1.90364 
3946 1.90387 
3947 1.90416 
3948 1.90433 
3949 1.90486 
3950 1.90542 
3951 1.90614 
3952 1.90924 
3953 1.90924 
3954 1.90918 
3955 1.90918 
3956 1.90917 
3957 1.90915 
3958 1.90914 
3959 1.90913 
3960 1.90913 
3961 1.90913 
3962 1.90914 
3963 1.90915 
3964 1.90916 
3965 1.90916 
3966 1.90916 
3967 1.90917 
3968 1.90917 
3969 1.90918 
3970 1.90919 
3971 1.90919 
3972 1.9092 
3973 1.9092 
3974 1.90921 
3975 1.90922 
3976 1.90922 
3977 1.90923 
3978 1.90924 
3979 1.90924 
3980 1.90926 
3981 1.90928 
3982 1.90929 
3983 1.90932 
3984 1.90933 
3985 1.90938 
3986 1.9094 
3987 1.90946 
3988 1.90953 
3989 1.90965 
3990 1.90986 
3991 1.91009 
3992 1.91153 
3993 1.91226 
3994 1.99277 
3995 1.99011 
3996 1.9901 
3997 1.98992 
3998 1.98984 
3999 1.98977 
4000 1.98962 
4001 1.9896 
4002 1.9895 
4003 1.98948 
4004 1.98947 
4005 1.98943 
4006 1.98927 
4007 1.98924 
4008 1.9892 
4009 1.98919 
4010 1.98919 
4011 1.98918 
4012 1.98917 
4013 1.98917 
4014 1.98916 
4015 1.98913 
4016 1.98911 
4017 1.98908 
4018 1.98908 
4019 1.98909 
4020 1.98909 
4021 1.98911 
4022 1.98915 
4023 1.98917 
4024 1.98919 
4025 1.98919 
4026 1.98921 
4027 1.98923 
4028 1.98925 
4029 1.98928 
4030 1.9893 
4031 1.98931 
4032 1.98933 
4033 1.98936 
4034 1.98941 
4035 1.98945 
4036 1.98949 
4037 1.98957 
4038 1.98962 
4039 1.98967 
4040 1.98973 
4041 1.98992 
4042 1.99004 
4043 1.99018 
4044 1.99026 
4045 1.99033 
4046 1.99041 
4047 1.99047 
4048 1.99057 
4049 1.99065 
4050 1.99079 
4051 1.99089 
4052 1.99111 
4053 1.99145 
4054 1.99183 
4055 1.99226 
4056 1.99242 
4057 1.99267 
4058 1.99297 
4059 1.99383 
4060 1.99481 
4061 1.9957 
4062 1.99667 
4063 1.99742 
4064 1.99961 
4065 2.00084 
4066 2.00858 
4067 2.00858 
4068 2.00858 
4069 2.00858 
4070 2.00856 
4071 2.00856 
4072 2.00855 
4073 2.00854 
4074 2.00852 
4075 2.00852 
4076 2.00851 
4077 2.00851 
4078 2.0085 
4079 2.0085 
4080 2.00849 
4081 2.00848 
4082 2.00848 
4083 2.00848 
4084 2.00848 
4085 2.00848 
4086 2.00847 
4087 2.00847 
4088 2.00847 
4089 2.00847 
4090 2.00847 
4091 2.00847 
4092 2.00847 
4093 2.00847 
4094 2.00847 
4095 2.00847 
4096 2.00847 
4097 2.00847 
4098 2.00847 
4099 2.00847 
4100 2.00847 
4101 2.00847 
4102 2.00847 
4103 2.00847 
4104 2.00847 
4105 2.00847 
4106 2.00847 
4107 2.00847 
4108 2.00847 
4109 2.00847 
4110 2.00846 
4111 2.00846 
4112 2.00846 
4113 2.00846 
4114 2.00846 
4115 2.00846 
4116 2.00846 
4117 2.00846 
4118 2.00846 
4119 2.00846 
4120 2.00846 
4121 2.00846 
4122 2.00846 
4123 2.00846 
4124 2.00846 
4125 2.00846 
4126 2.00846 
4127 2.00846 
4128 2.00846 
4129 2.00846 
4130 2.00846 
4131 2.00847 
4132 2.00847 
4133 2.00847 
4134 2.00847 
4135 2.00847 
4136 2.00847 
4137 2.00847 
4138 2.00847 
4139 2.00847 
4140 2.00847 
4141 2.00847 
4142 2.00847 
4143 2.00847 
4144 2.00847 
4145 2.00847 
4146 2.00847 
4147 2.00848 
4148 2.00848 
4149 2.00848 
4150 2.00848 
4151 2.00848 
4152 2.00849 
4153 2.00849 
4154 2.0085 
4155 2.0085 
4156 2.00851 
4157 2.00853 
4158 2.00854 
4159 2.00857 
4160 2.00861 
4161 2.00864 
4162 2.00868 
4163 2.0088 
4164 2.01021 
4165 2.0105 
4166 2.10761 
4167 2.10761 
4168 2.10755 
4169 2.1064 
4170 2.10639 
4171 2.10639 
4172 2.1063 
4173 2.1063 
4174 2.10627 
4175 2.10615 
4176 2.10612 
4177 2.10609 
4178 2.10604 
4179 2.10594 
4180 2.10592 
4181 2.1059 
4182 2.10584 
4183 2.10582 
4184 2.10575 
4185 2.10575 
4186 2.10576 
4187 2.10576 
4188 2.10576 
4189 2.10576 
4190 2.10577 
4191 2.10578 
4192 2.10578 
4193 2.1058 
4194 2.10581 
4195 2.10581 
4196 2.10582 
4197 2.10583 
4198 2.10584 
4199 2.10584 
4200 2.10585 
4201 2.10586 
4202 2.10586 
4203 2.10586 
4204 2.10587 
4205 2.10587 
4206 2.10587 
4207 2.10588 
4208 2.10588 
4209 2.10588 
4210 2.10588 
4211 2.10589 
4212 2.10589 
4213 2.10589 
4214 2.10589 
4215 2.10591 
4216 2.10592 
4217 2.10593 
4218 2.10596 
4219 2.10598 
4220 2.10599 
4221 2.10601 
4222 2.10603 
4223 2.10604 
4224 2.10606 
4225 2.10607 
4226 2.1061 
4227 2.10614 
4228 2.10622 
4229 2.10626 
4230 2.10628 
4231 2.10631 
4232 2.10633 
4233 2.10633 
4234 2.10635 
4235 2.10638 
4236 2.10639 
4237 2.10641 
4238 2.10644 
4239 2.10648 
4240 2.10654 
4241 2.1066 
4242 2.10666 
4243 2.10678 
4244 2.1069 
4245 2.10699 
4246 2.10707 
4247 2.10722 
4248 2.10755 
4249 2.10773 
4250 2.10789 
4251 2.10891 
4252 2.11123 
4253 2.11584 
4254 2.11584 
4255 2.11584 
4256 2.11579 
4257 2.11579 
4258 2.11579 
4259 2.11579 
4260 2.11579 
4261 2.11579 
4262 2.11579 
4263 2.11579 
4264 2.11579 
4265 2.11579 
4266 2.11579 
4267 2.11579 
4268 2.11579 
4269 2.11579 
4270 2.11579 
4271 2.11579 
4272 2.11579 
4273 2.11579 
4274 2.11579 
4275 2.11579 
4276 2.11579 
4277 2.11579 
4278 2.11579 
4279 2.11579 
4280 2.11579 
4281 2.11579 
4282 2.1158 
4283 2.1158 
4284 2.1158 
4285 2.1158 
4286 2.1158 
4287 2.1158 
4288 2.1158 
4289 2.1158 
4290 2.1158 
4291 2.1158 
4292 2.1158 
4293 2.1158 
4294 2.11581 
4295 2.11581 
4296 2.11581 
4297 2.11581 
4298 2.11581 
4299 2.11581 
4300 2.11581 
4301 2.11582 
4302 2.11582 
4303 2.11582 
4304 2.11582 
4305 2.11583 
4306 2.11583 
4307 2.11583 
4308 2.11583 
4309 2.11584 
4310 2.11584 
4311 2.11584 
4312 2.11584 
4313 2.11584 
4314 2.11585 
4315 2.11585 
4316 2.11585 
4317 2.11586 
4318 2.11586 
4319 2.11586 
4320 2.11587 
4321 2.11587 
4322 2.11588 
4323 2.11588 
4324 2.11589 
4325 2.1159 
4326 2.11591 
4327 2.11592 
4328 2.11593 
4329 2.11595 
4330 2.11596 
4331 2.11598 
4332 2.11599 
4333 2.11603 
4334 2.11617 
4335 2.11631 
4336 2.11645 
4337 2.11661 
4338 2.11674 
4339 2.11698 
4340 2.13147 
4341 2.13147 
4342 2.13144 
4343 2.13144 
4344 2.13143 
4345 2.13142 
4346 2.13126 
4347 2.13123 
4348 2.13122 
4349 2.13118 
4350 2.13117 
4351 2.13116 
4352 2.13116 
4353 2.13116 
4354 2.13116 
4355 2.13116 
4356 2.13116 
4357 2.13116 
4358 2.13115 
4359 2.13115 
4360 2.13115 
4361 2.13114 
4362 2.13114 
4363 2.13113 
4364 2.13113 
4365 2.13112 
4366 2.13111 
4367 2.1311 
4368 2.13109 
4369 2.13108 
4370 2.13107 
4371 2.13106 
4372 2.13104 
4373 2.13102 
4374 2.131 
4375 2.13098 
4376 2.13096 
4377 2.13096 
4378 2.13095 
4379 2.13094 
4380 2.13093 
4381 2.13091 
4382 2.1309 
4383 2.13087 
4384 2.13086 
4385 2.13083 
4386 2.13081 
4387 2.13081 
4388 2.13082 
4389 2.13092 
4390 2.13097 
4391 2.13104 
4392 2.13112 
4393 2.1313 
4394 2.13562 
4395 2.13562 
4396 2.13562 
4397 2.13551 
4398 2.1355 
4399 2.13548 
4400 2.13547 
4401 2.13547 
4402 2.13546 
4403 2.13546 
4404 2.13546 
4405 2.13545 
4406 2.13546 
4407 2.13546 
4408 2.13547 
4409 2.13547 
4410 2.13547 
4411 2.13547 
4412 2.13547 
4413 2.13547 
4414 2.13547 
4415 2.13547 
4416 2.13548 
4417 2.13548 
4418 2.13548 
4419 2.13548 
4420 2.13548 
4421 2.13548 
4422 2.13548 
4423 2.13548 
4424 2.13549 
4425 2.13549 
4426 2.13549 
4427 2.13549 
4428 2.13549 
4429 2.13549 
4430 2.13549 
4431 2.13549 
4432 2.13549 
4433 2.13549 
4434 2.1355 
4435 2.1355 
4436 2.1355 
4437 2.1355 
4438 2.1355 
4439 2.13551 
4440 2.13551 
4441 2.13551 
4442 2.13552 
4443 2.13552 
4444 2.13553 
4445 2.13553 
4446 2.13553 
4447 2.13554 
4448 2.13554 
4449 2.13554 
4450 2.13554 
4451 2.13555 
4452 2.13555 
4453 2.13555 
4454 2.13556 
4455 2.13556 
4456 2.13557 
4457 2.13557 
4458 2.13558 
4459 2.13558 
4460 2.13559 
4461 2.13559 
4462 2.13559 
4463 2.13559 
4464 2.1356 
4465 2.1356 
4466 2.1356 
4467 2.13561 
4468 2.13561 
4469 2.13561 
4470 2.13561 
4471 2.13561 
4472 2.13561 
4473 2.13562 
4474 2.13562 
4475 2.13562 
4476 2.13562 
4477 2.13562 
4478 2.13563 
4479 2.13564 
4480 2.13564 
4481 2.13566 
4482 2.13567 
4483 2.13568 
4484 2.1357 
4485 2.13572 
4486 2.13576 
4487 2.13577 
4488 2.13579 
4489 2.13582 
4490 2.13589 
4491 2.13591 
4492 2.13596 
4493 2.13621 
4494 2.13637 
4495 2.13729 
4496 2.14212 
4497 2.14202 
4498 2.14202 
4499 2.14202 
4500 2.14201 
4501 2.14201 
4502 2.14201 
4503 2.14201 
4504 2.142 
4505 2.14197 
4506 2.14196 
4507 2.14196 
4508 2.14197 
4509 2.14198 
4510 2.14209 
4511 2.14224 
4512 2.14256 
4513 2.14297 
4514 2.1433 
4515 2.15825 
4516 2.15778 
4517 2.15771 
4518 2.15768 
4519 2.15765 
4520 2.15764 
4521 2.15763 
4522 2.15762 
4523 2.15759 
4524 2.15759 
4525 2.15759 
4526 2.15758 
4527 2.15757 
4528 2.15757 
4529 2.15756 
4530 2.15756 
4531 2.15756 
4532 2.15756 
4533 2.15757 
4534 2.15757 
4535 2.15758 
4536 2.15759 
4537 2.1576 
4538 2.15761 
4539 2.15762 
4540 2.15763 
4541 2.15764 
4542 2.15765 
4543 2.15766 
4544 2.15767 
4545 2.15768 
4546 2.1577 
4547 2.15772 
4548 2.15773 
4549 2.15777 
4550 2.15779 
4551 2.15781 
4552 2.15784 
4553 2.15788 
4554 2.15792 
4555 2.15794 
4556 2.15797 
4557 2.15804 
4558 2.15808 
4559 2.15819 
4560 2.15835 
4561 2.15861 
4562 2.15876 
4563 2.15924 
4564 2.15958 
4565 2.1598 
4566 2.16118 
4567 2.16429 
4568 2.16425 
4569 2.16421 
4570 2.16419 
4571 2.16416 
4572 2.16415 
4573 2.16415 
4574 2.16415 
4575 2.16415 
4576 2.16415 
4577 2.16415 
4578 2.16415 
4579 2.16415 
4580 2.16415 
4581 2.16414 
4582 2.16414 
4583 2.16414 
4584 2.16412 
4585 2.16413 
4586 2.16415 
4587 2.16418 
4588 2.16423 
4589 2.16427 
4590 2.16436 
4591 2.16468 
4592 2.1943 
4593 2.1943 
4594 2.1943 
4595 2.1939 
4596 2.1939 
4597 2.19386 
4598 2.1935 
4599 2.19323 
4600 2.19299 
4601 2.1928 
4602 2.19276 
4603 2.1927 
4604 2.19265 
4605 2.19263 
4606 2.19262 
4607 2.19258 
4608 2.19256 
4609 2.19253 
4610 2.19247 
4611 2.19245 
4612 2.19239 
4613 2.19238 
4614 2.19237 
4615 2.19236 
4616 2.19234 
4617 2.19234 
4618 2.19233 
4619 2.19233 
4620 2.19233 
4621 2.19232 
4622 2.19232 
4623 2.19231 
4624 2.19231 
4625 2.1923 
4626 2.1923 
4627 2.1923 
4628 2.1923 
4629 2.1923 
4630 2.1923 
4631 2.1923 
4632 2.1923 
4633 2.1923 
4634 2.1923 
4635 2.1923 
4636 2.1923 
4637 2.19231 
4638 2.19232 
4639 2.19232 
4640 2.19233 
4641 2.19231 
4642 2.1923 
4643 2.19229 
4644 2.19229 
4645 2.19231 
4646 2.19233 
4647 2.19233 
4648 2.19233 
4649 2.19234 
4650 2.19235 
4651 2.19237 
4652 2.19239 
4653 2.19246 
4654 2.19249 
4655 2.19253 
4656 2.19257 
4657 2.19268 
4658 2.1928 
4659 2.1929 
4660 2.193 
4661 2.19309 
4662 2.19321 
4663 2.1934 
4664 2.19349 
4665 2.19383 
4666 2.19404 
4667 2.19433 
4668 2.19466 
4669 2.19504 
4670 2.19538 
4671 2.19669 
4672 2.19756 
4673 2.19819 
4674 2.20554 
4675 2.20554 
4676 2.20554 
4677 2.2055 
4678 2.20548 
4679 2.20547 
4680 2.20546 
4681 2.20545 
4682 2.20543 
4683 2.20542 
4684 2.20542 
4685 2.20542 
4686 2.20541 
4687 2.20541 
4688 2.20541 
4689 2.2054 
4690 2.2054 
4691 2.2054 
4692 2.2054 
4693 2.20539 
4694 2.2054 
4695 2.2054 
4696 2.2054 
4697 2.20541 
4698 2.20541 
4699 2.20542 
4700 2.20543 
4701 2.20544 
4702 2.20545 
4703 2.20546 
4704 2.20547 
4705 2.20548 
4706 2.2055 
4707 2.20551 
4708 2.20553 
4709 2.20555 
4710 2.20556 
4711 2.20557 
4712 2.20557 
4713 2.20559 
4714 2.20561 
4715 2.20562 
4716 2.20564 
4717 2.2057 
4718 2.20575 
4719 2.20581 
4720 2.20584 
4721 2.20586 
4722 2.20595 
4723 2.20601 
4724 2.20605 
4725 2.20612 
4726 2.20635 
4727 2.20647 
4728 2.2066 
4729 2.20673 
4730 2.22959 
4731 2.22959 
4732 2.22955 
4733 2.22955 
4734 2.22939 
4735 2.22861 
4736 2.2286 
4737 2.2286 
4738 2.22853 
4739 2.22852 
4740 2.22852 
4741 2.22852 
4742 2.22847 
4743 2.22841 
4744 2.22841 
4745 2.2284 
4746 2.22837 
4747 2.22837 
4748 2.22836 
4749 2.22836 
4750 2.22835 
4751 2.22834 
4752 2.22834 
4753 2.22834 
4754 2.22831 
4755 2.22826 
4756 2.22824 
4757 2.22823 
4758 2.22824 
4759 2.22825 
4760 2.22827 
4761 2.22829 
4762 2.22829 
4763 2.22829 
4764 2.22828 
4765 2.22832 
4766 2.22836 
4767 2.22843 
4768 2.22845 
4769 2.2285 
4770 2.22861 
4771 2.22873 
4772 2.22887 
4773 2.22903 
4774 2.22927 
4775 2.22943 
4776 2.22984 
4777 2.23003 
4778 2.23016 
4779 2.23073 
4780 2.23102 
4781 2.23126 
4782 2.23587 
4783 2.23586 
4784 2.23586 
4785 2.23581 
4786 2.2358 
4787 2.23577 
4788 2.23577 
4789 2.23572 
4790 2.2357 
4791 2.23569 
4792 2.23568 
4793 2.2357 
4794 2.23573 
4795 2.2358 
4796 2.23593 
4797 2.23613 
4798 2.23647 
4799 2.23691 
4800 2.23784 
4801 2.30044 
4802 2.29669 
4803 2.29665 
4804 2.29656 
4805 2.29651 
4806 2.29636 
4807 2.29608 
4808 2.29608 
4809 2.29607 
4810 2.29607 
4811 2.29605 
4812 2.29605 
4813 2.29605 
4814 2.29604 
4815 2.29604 
4816 2.29607 
4817 2.2962 
4818 2.29635 
4819 2.29659 
4820 2.2968 
4821 2.2971 
4822 2.29734 
4823 2.2976 
4824 2.29782 
4825 2.29803 
4826 2.2984 
4827 2.29888 
4828 2.29926 
4829 2.29953 
4830 2.29991 
4831 2.30048 
4832 2.30086 
4833 2.30205 
4834 2.30249 
4835 2.30306 
4836 2.30429 
4837 2.3049 
4838 2.30595 
4839 2.30688 
4840 2.30746 
4841 2.30819 
4842 2.37428 
4843 2.37345 
4844 2.37313 
4845 2.37278 
4846 2.36983 
4847 2.36982 
4848 2.36966 
4849 2.36925 
4850 2.36919 
4851 2.36905 
4852 2.36887 
4853 2.36885 
4854 2.36882 
4855 2.36867 
4856 2.36839 
4857 2.36825 
4858 2.36808 
4859 2.36796 
4860 2.36788 
4861 2.3676 
4862 2.36742 
4863 2.36733 
4864 2.36715 
4865 2.36709 
4866 2.36705 
4867 2.36701 
4868 2.36696 
4869 2.3669 
4870 2.36686 
4871 2.3668 
4872 2.36674 
4873 2.36667 
4874 2.36657 
4875 2.3665 
4876 2.36647 
4877 2.36645 
4878 2.3664 
4879 2.36631 
4880 2.36623 
4881 2.36611 
4882 2.36611 
4883 2.36613 
4884 2.36631 
4885 2.36655 
4886 2.36688 
4887 2.36728 
4888 2.36751 
4889 2.36798 
4890 2.36881 
4891 2.36951 
4892 2.37143 
4893 2.37143 
4894 2.37143 
4895 2.37138 
4896 2.37134 
4897 2.37133 
4898 2.37133 
4899 2.37131 
4900 2.37131 
4901 2.3713 
4902 2.3713 
4903 2.3713 
4904 2.37129 
4905 2.37129 
4906 2.37129 
4907 2.37128 
4908 2.37129 
4909 2.37129 
4910 2.37129 
4911 2.37129 
4912 2.37129 
4913 2.37129 
4914 2.37129 
4915 2.37129 
4916 2.37129 
4917 2.3713 
4918 2.3713 
4919 2.3713 
4920 2.3713 
4921 2.37131 
4922 2.37131 
4923 2.37131 
4924 2.37132 
4925 2.37132 
4926 2.37133 
4927 2.37134 
4928 2.37135 
4929 2.37136 
4930 2.37138 
4931 2.3714 
4932 2.37142 
4933 2.37143 
4934 2.37145 
4935 2.37157 
4936 2.37176 
4937 2.37192 
4938 2.37229 
4939 2.37873 
4940 2.37872 
4941 2.37865 
4942 2.37859 
4943 2.37858 
4944 2.37856 
4945 2.37854 
4946 2.37853 
4947 2.37852 
4948 2.37852 
4949 2.37852 
4950 2.3785 
4951 2.3785 
4952 2.37849 
4953 2.37848 
4954 2.37846 
4955 2.37845 
4956 2.37844 
4957 2.37843 
4958 2.37843 
4959 2.37843 
4960 2.37843 
4961 2.37842 
4962 2.37842 
4963 2.37842 
4964 2.37842 
4965 2.37842 
4966 2.37841 
4967 2.37841 
4968 2.37841 
4969 2.3784 
4970 2.3784 
4971 2.3784 
4972 2.3784 
4973 2.3784 
4974 2.3784 
4975 2.3784 
4976 2.37841 
4977 2.37841 
4978 2.37841 
4979 2.37841 
4980 2.37841 
4981 2.37841 
4982 2.37841 
4983 2.37842 
4984 2.37842 
4985 2.37842 
4986 2.37842 
4987 2.37843 
4988 2.37843 
4989 2.37844 
4990 2.37844 
4991 2.37844 
4992 2.37845 
4993 2.37845 
4994 2.37846 
4995 2.37846 
4996 2.37846 
4997 2.37846 
4998 2.37847 
4999 2.37847 
5000 2.37847 
5001 2.37847 
5002 2.37848 
5003 2.37848 
5004 2.37849 
5005 2.37849 
5006 2.37849 
5007 2.37849 
5008 2.3785 
5009 2.3785 
5010 2.37851 
5011 2.37851 
5012 2.37852 
5013 2.37852 
5014 2.37852 
5015 2.37853 
5016 2.37853 
5017 2.37853 
5018 2.37854 
5019 2.37854 
5020 2.37854 
5021 2.37855 
5022 2.37855 
5023 2.37855 
5024 2.37856 
5025 2.37856 
5026 2.37856 
5027 2.37857 
5028 2.37857 
5029 2.37857 
5030 2.37857 
5031 2.37858 
5032 2.37858 
5033 2.37858 
5034 2.37859 
5035 2.37859 
5036 2.37859 
5037 2.37859 
5038 2.37859 
5039 2.3786 
5040 2.3786 
5041 2.3786 
5042 2.3786 
5043 2.3786 
5044 2.3786 
5045 2.3786 
5046 2.37859 
5047 2.3786 
5048 2.3786 
5049 2.3786 
5050 2.3786 
5051 2.3786 
5052 2.3786 
5053 2.3786 
5054 2.37861 
5055 2.37861 
5056 2.37861 
5057 2.37861 
5058 2.37861 
5059 2.37862 
5060 2.37864 
5061 2.37865 
5062 2.37868 
5063 2.37871 
5064 2.37903 
5065 2.37927 
5066 2.38047 
5067 2.3808 
5068 2.38382 
5069 2.38414 
5070 2.53292 
5071 2.53289 
5072 2.53091 
5073 2.53047 
5074 2.52974 
5075 2.52948 
5076 2.52934 
5077 2.52877 
5078 2.52834 
5079 2.52806 
5080 2.52795 
5081 2.52757 
5082 2.52757 
5083 2.52757 
5084 2.52749 
5085 2.52749 
5086 2.52748 
5087 2.52747 
5088 2.52742 
5089 2.52742 
5090 2.52741 
5091 2.52741 
5092 2.52741 
5093 2.5274 
5094 2.52737 
5095 2.52726 
5096 2.52712 
5097 2.52703 
5098 2.52693 
5099 2.52684 
5100 2.5267 
5101 2.52664 
5102 2.52655 
5103 2.52647 
5104 2.52661 
5105 2.52673 
5106 2.52699 
5107 2.52714 
5108 2.52741 
5109 2.52754 
5110 2.52792 
5111 2.52812 
5112 2.52834 
5113 2.5285 
5114 2.52859 
5115 2.52871 
5116 2.52897 
5117 2.52913 
5118 2.52932 
5119 2.52953 
5120 2.52976 
5121 2.53001 
5122 2.53052 
5123 2.5311 
5124 2.53158 
5125 2.53263 
5126 2.53388 
5127 2.53507 
5128 2.53575 
5129 2.54064 
5130 2.54064 
5131 2.54056 
5132 2.54055 
5133 2.54051 
5134 2.54049 
5135 2.54046 
5136 2.54043 
5137 2.5404 
5138 2.54035 
5139 2.54034 
5140 2.54034 
5141 2.54032 
5142 2.54031 
5143 2.54031 
5144 2.5403 
5145 2.5403 
5146 2.5403 
5147 2.5403 
5148 2.5403 
5149 2.54029 
5150 2.54029 
5151 2.54029 
5152 2.54028 
5153 2.54028 
5154 2.54028 
5155 2.54028 
5156 2.54027 
5157 2.54027 
5158 2.54027 
5159 2.54027 
5160 2.54027 
5161 2.54027 
5162 2.54027 
5163 2.54027 
5164 2.54027 
5165 2.54027 
5166 2.54027 
5167 2.54027 
5168 2.54026 
5169 2.54026 
5170 2.54026 
5171 2.54026 
5172 2.54026 
5173 2.54026 
5174 2.54026 
5175 2.54026 
5176 2.54026 
5177 2.54026 
5178 2.54026 
5179 2.54026 
5180 2.54026 
5181 2.54026 
5182 2.54027 
5183 2.54027 
5184 2.54027 
5185 2.54026 
5186 2.54026 
5187 2.54026 
5188 2.54026 
5189 2.54026 
5190 2.54026 
5191 2.54026 
5192 2.54026 
5193 2.54026 
5194 2.54026 
5195 2.54026 
5196 2.54026 
5197 2.54026 
5198 2.54026 
5199 2.54026 
5200 2.54026 
5201 2.54026 
5202 2.54026 
5203 2.54026 
5204 2.54026 
5205 2.54026 
5206 2.54025 
5207 2.54025 
5208 2.54025 
5209 2.54025 
5210 2.54025 
5211 2.54025 
5212 2.54025 
5213 2.54025 
5214 2.54025 
5215 2.54025 
5216 2.54025 
5217 2.54025 
5218 2.54025 
5219 2.54025 
5220 2.54025 
5221 2.54024 
5222 2.54024 
5223 2.54024 
5224 2.54025 
5225 2.54025 
5226 2.54025 
5227 2.54026 
5228 2.54026 
5229 2.54027 
5230 2.54027 
5231 2.54028 
5232 2.54028 
5233 2.54028 
5234 2.54029 
5235 2.54029 
5236 2.5403 
5237 2.54031 
5238 2.54031 
5239 2.54032 
5240 2.54033 
5241 2.54033 
5242 2.54034 
5243 2.54034 
5244 2.54037 
5245 2.54042 
5246 2.54044 
5247 2.54046 
5248 2.54049 
5249 2.54057 
5250 2.54059 
5251 2.54065 
5252 2.5407 
5253 2.54104 
5254 2.54618 
5255 2.54618 
5256 2.54592 
5257 2.54588 
5258 2.54572 
5259 2.54568 
5260 2.54558 
5261 2.54549 
5262 2.54548 
5263 2.54543 
5264 2.54541 
5265 2.54537 
5266 2.54537 
5267 2.54532 
5268 2.54532 
5269 2.54526 
5270 2.54526 
5271 2.54526 
5272 2.54525 
5273 2.54524 
5274 2.54523 
5275 2.54522 
5276 2.54522 
5277 2.54521 
5278 2.5452 
5279 2.54519 
5280 2.54518 
5281 2.54517 
5282 2.54517 
5283 2.54515 
5284 2.54515 
5285 2.54514 
5286 2.54513 
5287 2.54513 
5288 2.54513 
5289 2.54513 
5290 2.54513 
5291 2.54513 
5292 2.54512 
5293 2.54512 
5294 2.54513 
5295 2.54513 
5296 2.54514 
5297 2.54514 
5298 2.54514 
5299 2.54515 
5300 2.54515 
5301 2.54516 
5302 2.54516 
5303 2.54516 
5304 2.54517 
5305 2.54518 
5306 2.54518 
5307 2.54518 
5308 2.54519 
5309 2.5452 
5310 2.5452 
5311 2.54521 
5312 2.54521 
5313 2.54521 
5314 2.54521 
5315 2.54522 
5316 2.54522 
5317 2.54522 
5318 2.54523 
5319 2.54523 
5320 2.54524 
5321 2.54524 
5322 2.54525 
5323 2.54525 
5324 2.54525 
5325 2.54525 
5326 2.54525 
5327 2.54525 
5328 2.54526 
5329 2.54526 
5330 2.54526 
5331 2.54526 
5332 2.54527 
5333 2.54527 
5334 2.54528 
5335 2.54528 
5336 2.54529 
5337 2.54529 
5338 2.5453 
5339 2.54531 
5340 2.54532 
5341 2.54532 
5342 2.54533 
5343 2.54534 
5344 2.54535 
5345 2.54536 
5346 2.54537 
5347 2.54537 
5348 2.54539 
5349 2.5454 
5350 2.54541 
5351 2.54545 
5352 2.54546 
5353 2.54547 
5354 2.54548 
5355 2.54549 
5356 2.5455 
5357 2.54556 
5358 2.54561 
5359 2.54566 
5360 2.54568 
5361 2.54574 
5362 2.54576 
5363 2.54582 
5364 2.54588 
5365 2.54591 
5366 2.54598 
5367 2.54668 
5368 2.54709 
5369 2.54718 
5370 2.6401 
5371 2.64007 
5372 2.63942 
5373 2.6392 
5374 2.63869 
5375 2.63789 
5376 2.63789 
5377 2.63773 
5378 2.63755 
5379 2.63755 
5380 2.63752 
5381 2.63748 
5382 2.63747 
5383 2.63746 
5384 2.63732 
5385 2.63729 
5386 2.63729 
5387 2.63724 
5388 2.63718 
5389 2.63711 
5390 2.63699 
5391 2.63695 
5392 2.6369 
5393 2.6367 
5394 2.63658 
5395 2.6365 
5396 2.63643 
5397 2.63633 
5398 2.63612 
5399 2.63602 
5400 2.63593 
5401 2.63549 
5402 2.63542 
5403 2.63532 
5404 2.63518 
5405 2.63508 
5406 2.63481 
5407 2.6347 
5408 2.63456 
5409 2.63446 
5410 2.63443 
5411 2.63434 
5412 2.63425 
5413 2.63417 
5414 2.63411 
5415 2.63405 
5416 2.634 
5417 2.63396 
5418 2.63391 
5419 2.63386 
5420 2.63374 
5421 2.63368 
5422 2.63368 
5423 2.63374 
5424 2.63379 
5425 2.63382 
5426 2.63385 
5427 2.63388 
5428 2.63388 
5429 2.63389 
5430 2.63389 
5431 2.63388 
5432 2.63387 
5433 2.63385 
5434 2.63391 
5435 2.63399 
5436 2.63401 
5437 2.63399 
5438 2.63398 
5439 2.63398 
5440 2.634 
5441 2.63401 
5442 2.63402 
5443 2.63403 
5444 2.63406 
5445 2.6341 
5446 2.63419 
5447 2.63434 
5448 2.6346 
5449 2.63488 
5450 2.63588 
5451 2.63638 
5452 2.63678 
5453 2.63739 
5454 2.63767 
5455 2.63797 
5456 2.63859 
5457 2.6438 
5458 2.6438 
5459 2.64324 
5460 2.64324 
5461 2.64321 
5462 2.64305 
5463 2.64301 
5464 2.6429 
5465 2.64287 
5466 2.64286 
5467 2.64284 
5468 2.64282 
5469 2.64281 
5470 2.64281 
5471 2.64279 
5472 2.64278 
5473 2.64278 
5474 2.64277 
5475 2.64277 
5476 2.64277 
5477 2.64276 
5478 2.64275 
5479 2.64275 
5480 2.64275 
5481 2.64275 
5482 2.64274 
5483 2.64274 
5484 2.64274 
5485 2.64274 
5486 2.64273 
5487 2.64272 
5488 2.64271 
5489 2.64271 
5490 2.6427 
5491 2.6427 
5492 2.64269 
5493 2.64269 
5494 2.64268 
5495 2.64267 
5496 2.64267 
5497 2.64267 
5498 2.64266 
5499 2.64266 
5500 2.64265 
5501 2.64265 
5502 2.64265 
5503 2.64265 
5504 2.64265 
5505 2.64264 
5506 2.64264 
5507 2.64264 
5508 2.64264 
5509 2.64263 
5510 2.64263 
5511 2.64263 
5512 2.64263 
5513 2.64263 
5514 2.64262 
5515 2.64262 
5516 2.64262 
5517 2.64263 
5518 2.64263 
5519 2.64263 
5520 2.64264 
5521 2.64264 
5522 2.64265 
5523 2.64265 
5524 2.64265 
5525 2.64266 
5526 2.64266 
5527 2.64267 
5528 2.64267 
5529 2.64268 
5530 2.64269 
5531 2.6427 
5532 2.6427 
5533 2.64272 
5534 2.64273 
5535 2.64275 
5536 2.64278 
5537 2.64279 
5538 2.64282 
5539 2.64285 
5540 2.64287 
5541 2.64289 
5542 2.64293 
5543 2.64299 
5544 2.64302 
5545 2.64304 
5546 2.64312 
5547 2.64313 
5548 2.64317 
5549 2.64319 
5550 2.64322 
5551 2.64328 
5552 2.6434 
5553 2.64346 
5554 2.64362 
5555 2.6437 
5556 2.64379 
5557 2.64388 
5558 2.64442 
5559 2.64637 
5560 2.64686 
5561 2.65476 
5562 2.65475 
5563 2.65465 
5564 2.65462 
5565 2.65455 
5566 2.65452 
5567 2.65447 
5568 2.65447 
5569 2.65446 
5570 2.65446 
5571 2.65446 
5572 2.65445 
5573 2.65444 
5574 2.65444 
5575 2.65444 
5576 2.65444 
5577 2.65444 
5578 2.65443 
5579 2.65443 
5580 2.65443 
5581 2.65443 
5582 2.65442 
5583 2.65442 
5584 2.65442 
5585 2.65442 
5586 2.65442 
5587 2.65441 
5588 2.65441 
5589 2.65441 
5590 2.65441 
5591 2.6544 
5592 2.6544 
5593 2.6544 
5594 2.6544 
5595 2.6544 
5596 2.6544 
5597 2.6544 
5598 2.6544 
5599 2.6544 
5600 2.6544 
5601 2.6544 
5602 2.6544 
5603 2.6544 
5604 2.6544 
5605 2.6544 
5606 2.6544 
5607 2.6544 
5608 2.6544 
5609 2.6544 
5610 2.6544 
5611 2.6544 
5612 2.6544 
5613 2.6544 
5614 2.6544 
5615 2.6544 
5616 2.6544 
5617 2.6544 
5618 2.6544 
5619 2.6544 
5620 2.65441 
5621 2.65441 
5622 2.65441 
5623 2.65441 
5624 2.65442 
5625 2.65442 
5626 2.65442 
5627 2.65442 
5628 2.65442 
5629 2.65442 
5630 2.65442 
5631 2.65443 
5632 2.65443 
5633 2.65443 
5634 2.65444 
5635 2.65444 
5636 2.65445 
5637 2.65445 
5638 2.65446 
5639 2.65446 
5640 2.65447 
5641 2.65448 
5642 2.65449 
5643 2.6545 
5644 2.6545 
5645 2.65451 
5646 2.65452 
5647 2.65455 
5648 2.65458 
5649 2.6546 
5650 2.65462 
5651 2.65467 
5652 2.65485 
5653 2.65496 
5654 2.65507 
5655 2.65534 
5656 2.6556 
5657 2.65598 
5658 2.74552 
5659 2.74487 
5660 2.744 
5661 2.74393 
5662 2.74212 
5663 2.74212 
5664 2.74211 
5665 2.74194 
5666 2.74185 
5667 2.7416 
5668 2.7416 
5669 2.74153 
5670 2.74151 
5671 2.74147 
5672 2.74102 
5673 2.74096 
5674 2.74081 
5675 2.74078 
5676 2.74046 
5677 2.74026 
5678 2.74012 
5679 2.73984 
5680 2.73975 
5681 2.73965 
5682 2.73952 
5683 2.73944 
5684 2.7394 
5685 2.73935 
5686 2.73929 
5687 2.73928 
5688 2.73928 
5689 2.73931 
5690 2.73932 
5691 2.73934 
5692 2.73937 
5693 2.73941 
5694 2.73945 
5695 2.73954 
5696 2.73969 
5697 2.73981 
5698 2.73995 
5699 2.7401 
5700 2.74021 
5701 2.74032 
5702 2.74056 
5703 2.74103 
5704 2.74169 
5705 2.7422 
5706 2.74252 
5707 2.74306 
5708 2.74406 
5709 2.74541 
5710 2.74763 
5711 2.7664 
5712 2.76639 
5713 2.76633 
5714 2.76619 
5715 2.76606 
5716 2.76606 
5717 2.76574 
5718 2.76567 
5719 2.7656 
5720 2.76558 
5721 2.76529 
5722 2.76511 
5723 2.76499 
5724 2.76489 
5725 2.76479 
5726 2.76475 
5727 2.76474 
5728 2.76473 
5729 2.7647 
5730 2.7647 
5731 2.76468 
5732 2.76466 
5733 2.76464 
5734 2.76493 
5735 2.76519 
5736 2.76573 
5737 2.76621 
5738 2.7669 
5739 2.77958 
5740 2.77958 
5741 2.77947 
5742 2.77927 
5743 2.77921 
5744 2.77913 
5745 2.77908 
5746 2.77906 
5747 2.77904 
5748 2.77902 
5749 2.77898 
5750 2.77896 
5751 2.77894 
5752 2.77892 
5753 2.77891 
5754 2.7789 
5755 2.77889 
5756 2.77888 
5757 2.77886 
5758 2.77885 
5759 2.77884 
5760 2.77884 
5761 2.77884 
5762 2.77884 
5763 2.77884 
5764 2.77884 
5765 2.77885 
5766 2.77886 
5767 2.77886 
5768 2.77885 
5769 2.77885 
5770 2.77885 
5771 2.77888 
5772 2.77889 
5773 2.77891 
5774 2.77894 
5775 2.77896 
5776 2.77897 
5777 2.77899 
5778 2.779 
5779 2.77901 
5780 2.77903 
5781 2.77908 
5782 2.7791 
5783 2.77913 
5784 2.77924 
5785 2.77929 
5786 2.77951 
5787 2.77973 
5788 2.78883 
5789 2.78882 
5790 2.78876 
5791 2.78865 
5792 2.78855 
5793 2.7885 
5794 2.78834 
5795 2.7883 
5796 2.78828 
5797 2.78826 
5798 2.78824 
5799 2.78824 
5800 2.78824 
5801 2.78822 
5802 2.78822 
5803 2.78821 
5804 2.7882 
5805 2.7882 
5806 2.7882 
5807 2.78819 
5808 2.78819 
5809 2.78818 
5810 2.78818 
5811 2.78817 
5812 2.78817 
5813 2.78817 
5814 2.78817 
5815 2.78817 
5816 2.78817 
5817 2.78817 
5818 2.78817 
5819 2.78817 
5820 2.78817 
5821 2.78817 
5822 2.78817 
5823 2.78817 
5824 2.78817 
5825 2.78817 
5826 2.78818 
5827 2.78819 
5828 2.78819 
5829 2.7882 
5830 2.7882 
5831 2.7882 
5832 2.7882 
5833 2.78821 
5834 2.78821 
5835 2.78821 
5836 2.78821 
5837 2.78822 
5838 2.78822 
5839 2.78822 
5840 2.78823 
5841 2.78823 
5842 2.78824 
5843 2.78824 
5844 2.78824 
5845 2.78824 
5846 2.78825 
5847 2.78825 
5848 2.78825 
5849 2.78825 
5850 2.78824 
5851 2.78823 
5852 2.78823 
5853 2.78822 
5854 2.78821 
5855 2.78821 
5856 2.7882 
5857 2.7882 
5858 2.78819 
5859 2.78819 
5860 2.78819 
5861 2.78819 
5862 2.78819 
5863 2.78819 
5864 2.7882 
5865 2.7882 
5866 2.78821 
5867 2.78822 
5868 2.78823 
5869 2.78824 
5870 2.78825 
5871 2.78826 
5872 2.78829 
5873 2.78834 
5874 2.78837 
5875 2.78841 
5876 2.78849 
5877 2.78858 
5878 2.78864 
5879 2.78871 
5880 2.78977 
5881 2.79045 
5882 2.79129 
5883 2.80592 
5884 2.80592 
5885 2.80589 
5886 2.80586 
5887 2.80573 
5888 2.80572 
5889 2.80563 
5890 2.80561 
5891 2.8056 
5892 2.80554 
5893 2.80547 
5894 2.80543 
5895 2.80541 
5896 2.80538 
5897 2.80535 
5898 2.80534 
5899 2.80533 
5900 2.80531 
5901 2.80529 
5902 2.80527 
5903 2.80525 
5904 2.80524 
5905 2.80522 
5906 2.80521 
5907 2.8052 
5908 2.8052 
5909 2.80521 
5910 2.80521 
5911 2.80521 
5912 2.80521 
5913 2.80522 
5914 2.80522 
5915 2.80523 
5916 2.80524 
5917 2.80526 
5918 2.80527 
5919 2.80528 
5920 2.80529 
5921 2.80531 
5922 2.80532 
5923 2.80531 
5924 2.80529 
5925 2.8053 
5926 2.8053 
5927 2.80531 
5928 2.80531 
5929 2.80536 
5930 2.80543 
5931 2.80549 
5932 2.80555 
5933 2.80562 
5934 2.80571 
5935 2.80575 
5936 2.8058 
5937 2.80585 
5938 2.80589 
5939 2.80596 
5940 2.80605 
5941 2.80613 
5942 2.80622 
5943 2.80637 
5944 2.80665 
5945 2.80678 
5946 2.80687 
5947 2.80827 
5948 2.8087 
5949 2.81115 
5950 2.84169 
5951 2.84169 
5952 2.84168 
5953 2.84166 
5954 2.84117 
5955 2.84099 
5956 2.84065 
5957 2.84044 
5958 2.84025 
5959 2.84013 
5960 2.84003 
5961 2.83992 
5962 2.83991 
5963 2.83993 
5964 2.83997 
5965 2.84001 
5966 2.84008 
5967 2.84021 
5968 2.84043 
5969 2.8406 
5970 2.84077 
5971 2.84134 
5972 2.84267 
5973 2.84339 
5974 2.84413 
5975 2.84574 
5976 2.853 
5977 2.853 
5978 2.85295 
5979 2.85275 
5980 2.85267 
5981 2.85266 
5982 2.85265 
5983 2.85265 
5984 2.85264 
5985 2.85263 
5986 2.85262 
5987 2.85261 
5988 2.85261 
5989 2.8526 
5990 2.8526 
5991 2.85259 
5992 2.85258 
5993 2.85258 
5994 2.85258 
5995 2.85258 
5996 2.85258 
5997 2.85257 
5998 2.85257 
5999 2.85256 
6000 2.85256 
6001 2.85256 
6002 2.85256 
6003 2.85255 
6004 2.85255 
6005 2.85255 
6006 2.85254 
6007 2.85254 
6008 2.85254 
6009 2.85254 
6010 2.85253 
6011 2.85253 
6012 2.85252 
6013 2.85252 
6014 2.85252 
6015 2.85251 
6016 2.8525 
6017 2.8525 
6018 2.8525 
6019 2.8525 
6020 2.85249 
6021 2.85249 
6022 2.85249 
6023 2.85248 
6024 2.85248 
6025 2.85248 
6026 2.85247 
6027 2.85247 
6028 2.85247 
6029 2.85247 
6030 2.85246 
6031 2.85246 
6032 2.85246 
6033 2.85246 
6034 2.85246 
6035 2.85246 
6036 2.85246 
6037 2.85246 
6038 2.85246 
6039 2.85246 
6040 2.85246 
6041 2.85245 
6042 2.85245 
6043 2.85245 
6044 2.85245 
6045 2.85245 
6046 2.85245 
6047 2.85245 
6048 2.85245 
6049 2.85245 
6050 2.85245 
6051 2.85245 
6052 2.85245 
6053 2.85245 
6054 2.85245 
6055 2.85245 
6056 2.85245 
6057 2.85245 
6058 2.85245 
6059 2.85245 
6060 2.85245 
6061 2.85245 
6062 2.85244 
6063 2.85244 
6064 2.85244 
6065 2.85244 
6066 2.85244 
6067 2.85244 
6068 2.85244 
6069 2.85244 
6070 2.85244 
6071 2.85243 
6072 2.85243 
6073 2.85243 
6074 2.85243 
6075 2.85243 
6076 2.85243 
6077 2.85243 
6078 2.85243 
6079 2.85243 
6080 2.85243 
6081 2.85243 
6082 2.85243 
6083 2.85243 
6084 2.85243 
6085 2.85243 
6086 2.85243 
6087 2.85243 
6088 2.85243 
6089 2.85243 
6090 2.85243 
6091 2.85244 
6092 2.85244 
6093 2.85244 
6094 2.85245 
6095 2.85245 
6096 2.85245 
6097 2.85245 
6098 2.85246 
6099 2.85246 
6100 2.85247 
6101 2.85247 
6102 2.85247 
6103 2.85247 
6104 2.85247 
6105 2.85248 
6106 2.85248 
6107 2.8525 
6108 2.85251 
6109 2.85255 
6110 2.85255 
6111 2.85261 
6112 2.85263 
6113 2.85267 
6114 2.85272 
6115 2.85282 
6116 2.85291 
6117 2.85313 
6118 2.8653 
6119 2.86528 
6120 2.86512 
6121 2.86508 
6122 2.8649 
6123 2.86483 
6124 2.86479 
6125 2.86473 
6126 2.86463 
6127 2.8645 
6128 2.86447 
6129 2.86441 
6130 2.86439 
6131 2.86435 
6132 2.86434 
6133 2.86431 
6134 2.86428 
6135 2.86423 
6136 2.86419 
6137 2.86416 
6138 2.86412 
6139 2.8641 
6140 2.86408 
6141 2.86406 
6142 2.86406 
6143 2.86404 
6144 2.86403 
6145 2.86402 
6146 2.86401 
6147 2.864 
6148 2.864 
6149 2.86399 
6150 2.86399 
6151 2.86398 
6152 2.86398 
6153 2.86398 
6154 2.86398 
6155 2.86397 
6156 2.86396 
6157 2.86396 
6158 2.86395 
6159 2.86394 
6160 2.86393 
6161 2.86393 
6162 2.86393 
6163 2.86393 
6164 2.86393 
6165 2.86392 
6166 2.86392 
6167 2.86393 
6168 2.86392 
6169 2.86391 
6170 2.86393 
6171 2.86396 
6172 2.86399 
6173 2.86406 
6174 2.86415 
6175 2.86427 
6176 2.86439 
6177 2.86452 
6178 2.86459 
6179 2.86469 
6180 2.86482 
6181 2.8654 
6182 2.86613 
6183 2.87678 
6184 2.87677 
6185 2.87666 
6186 2.87657 
6187 2.87655 
6188 2.87653 
6189 2.87652 
6190 2.87651 
6191 2.87643 
6192 2.87643 
6193 2.87642 
6194 2.8764 
6195 2.87638 
6196 2.87637 
6197 2.87637 
6198 2.87632 
6199 2.8763 
6200 2.87628 
6201 2.87627 
6202 2.87625 
6203 2.87624 
6204 2.87623 
6205 2.87621 
6206 2.87619 
6207 2.87618 
6208 2.87617 
6209 2.87618 
6210 2.87618 
6211 2.87618 
6212 2.87618 
6213 2.87618 
6214 2.87619 
6215 2.87618 
6216 2.87619 
6217 2.87619 
6218 2.87619 
6219 2.87619 
6220 2.87619 
6221 2.87619 
6222 2.87619 
6223 2.8762 
6224 2.8762 
6225 2.87621 
6226 2.87622 
6227 2.87623 
6228 2.87626 
6229 2.87628 
6230 2.87631 
6231 2.87634 
6232 2.87637 
6233 2.87641 
6234 2.87647 
6235 2.87654 
6236 2.87659 
6237 2.87666 
6238 2.87673 
6239 2.87685 
6240 2.87693 
6241 2.87707 
6242 2.87719 
6243 2.87738 
6244 2.87754 
6245 2.87774 
6246 2.87815 
6247 2.87845 
6248 2.87882 
6249 2.87928 
6250 2.87966 
6251 2.87986 
6252 2.89658 
6253 2.89653 
6254 2.89644 
6255 2.89639 
6256 2.89632 
6257 2.89609 
6258 2.8959 
6259 2.89585 
6260 2.89577 
6261 2.89573 
6262 2.8957 
6263 2.89566 
6264 2.89563 
6265 2.89559 
6266 2.89556 
6267 2.89554 
6268 2.89553 
6269 2.89553 
6270 2.89554 
6271 2.89554 
6272 2.89555 
6273 2.89555 
6274 2.89555 
6275 2.89556 
6276 2.89557 
6277 2.89558 
6278 2.89558 
6279 2.89559 
6280 2.89556 
6281 2.89556 
6282 2.89556 
6283 2.89556 
6284 2.89556 
6285 2.89554 
6286 2.89551 
6287 2.89554 
6288 2.89553 
6289 2.89553 
6290 2.89555 
6291 2.89558 
6292 2.89562 
6293 2.89572 
6294 2.89575 
6295 2.89614 
6296 2.89704 
6297 2.89957 
6298 2.91594 
6299 2.9159 
6300 2.9159 
6301 2.9156 
6302 2.9155 
6303 2.91544 
6304 2.91542 
6305 2.91541 
6306 2.91539 
6307 2.91538 
6308 2.91537 
6309 2.91535 
6310 2.91534 
6311 2.91534 
6312 2.91533 
6313 2.91532 
6314 2.9153 
6315 2.91529 
6316 2.91528 
6317 2.91527 
6318 2.91526 
6319 2.91524 
6320 2.91523 
6321 2.91521 
6322 2.9152 
6323 2.91518 
6324 2.91514 
6325 2.91512 
6326 2.91512 
6327 2.91511 
6328 2.9151 
6329 2.91509 
6330 2.91509 
6331 2.91508 
6332 2.91508 
6333 2.91508 
6334 2.91507 
6335 2.91507 
6336 2.91507 
6337 2.91506 
6338 2.91506 
6339 2.91505 
6340 2.91505 
6341 2.91505 
6342 2.91504 
6343 2.91504 
6344 2.91504 
6345 2.91504 
6346 2.91503 
6347 2.91503 
6348 2.91502 
6349 2.91502 
6350 2.91501 
6351 2.915 
6352 2.915 
6353 2.91499 
6354 2.91498 
6355 2.91497 
6356 2.91497 
6357 2.91496 
6358 2.91496 
6359 2.91496 
6360 2.91495 
6361 2.91495 
6362 2.91495 
6363 2.91496 
6364 2.91496 
6365 2.91496 
6366 2.91497 
6367 2.91497 
6368 2.91498 
6369 2.91499 
6370 2.915 
6371 2.915 
6372 2.915 
6373 2.915 
6374 2.915 
6375 2.91503 
6376 2.91507 
6377 2.91511 
6378 2.91527 
6379 2.91536 
6380 2.91546 
6381 2.91554 
6382 2.9158 
6383 2.91693 
6384 2.92951 
6385 2.92951 
6386 2.92928 
6387 2.92918 
6388 2.92916 
6389 2.92915 
6390 2.92914 
6391 2.92913 
6392 2.92912 
6393 2.92911 
6394 2.92911 
6395 2.9291 
6396 2.92909 
6397 2.92909 
6398 2.92909 
6399 2.92908 
6400 2.92907 
6401 2.92906 
6402 2.92906 
6403 2.92905 
6404 2.92903 
6405 2.92903 
6406 2.92902 
6407 2.92901 
6408 2.92901 
6409 2.929 
6410 2.929 
6411 2.929 
6412 2.929 
6413 2.929 
6414 2.929 
6415 2.929 
6416 2.92899 
6417 2.92899 
6418 2.929 
6419 2.929 
6420 2.929 
6421 2.929 
6422 2.929 
6423 2.929 
6424 2.929 
6425 2.929 
6426 2.929 
6427 2.929 
6428 2.929 
6429 2.929 
6430 2.929 
6431 2.929 
6432 2.929 
6433 2.929 
6434 2.929 
6435 2.929 
6436 2.929 
6437 2.929 
6438 2.929 
6439 2.929 
6440 2.929 
6441 2.929 
6442 2.929 
6443 2.929 
6444 2.929 
6445 2.929 
6446 2.929 
6447 2.929 
6448 2.92901 
6449 2.92901 
6450 2.92901 
6451 2.92902 
6452 2.92903 
6453 2.92904 
6454 2.92905 
6455 2.92906 
6456 2.92907 
6457 2.92909 
6458 2.92911 
6459 2.92912 
6460 2.92913 
6461 2.92915 
6462 2.92917 
6463 2.92918 
6464 2.92921 
6465 2.92922 
6466 2.92924 
6467 2.92927 
6468 2.92929 
6469 2.92931 
6470 2.92934 
6471 2.92936 
6472 2.92938 
6473 2.92941 
6474 2.92945 
6475 2.92947 
6476 2.92956 
6477 2.92958 
6478 2.9296 
6479 2.92964 
6480 2.92973 
6481 2.92978 
6482 2.9298 
6483 2.92991 
6484 2.92999 
6485 2.93004 
6486 2.93017 
6487 2.93027 
6488 2.93029 
6489 2.93039 
6490 2.93056 
6491 2.93102 
6492 2.93268 
6493 2.93957 
6494 2.93913 
6495 2.93906 
6496 2.94115 
6497 2.94547 
6498 2.94916 
6499 2.95466 
6500 2.96565 
6501 2.96561 
6502 2.96556 
6503 2.96551 
6504 2.96546 
6505 2.96542 
6506 2.96536 
6507 2.96532 
6508 2.96532 
6509 2.96532 
6510 2.96532 
6511 2.96531 
6512 2.96531 
6513 2.96532 
6514 2.96535 
6515 2.96539 
6516 2.96548 
6517 2.96561 
6518 2.96577 
6519 2.96609 
6520 2.96681 
6521 2.96822 
6522 2.98594 
6523 2.98594 
6524 2.98587 
6525 2.98587 
6526 2.98587 
6527 2.98573 
6528 2.98573 
6529 2.98558 
6530 2.98558 
6531 2.98556 
6532 2.98551 
6533 2.9855 
6534 2.98549 
6535 2.98549 
6536 2.98548 
6537 2.98548 
6538 2.98546 
6539 2.98546 
6540 2.98545 
6541 2.98545 
6542 2.98544 
6543 2.98544 
6544 2.98544 
6545 2.98544 
6546 2.98542 
6547 2.98542 
6548 2.98542 
6549 2.98542 
6550 2.98541 
6551 2.98541 
6552 2.98542 
6553 2.98542 
6554 2.98542 
6555 2.98543 
6556 2.98543 
6557 2.98544 
6558 2.98545 
6559 2.98546 
6560 2.98546 
6561 2.98547 
6562 2.98549 
6563 2.98551 
6564 2.98556 
6565 2.98557 
6566 2.98563 
6567 2.98567 
6568 2.98569 
6569 2.98571 
6570 2.98575 
6571 2.98577 
6572 2.98578 
6573 2.9858 
6574 2.98585 
6575 2.98587 
6576 2.98591 
6577 2.98602 
6578 2.98608 
6579 2.98633 
6580 2.98639 
6581 2.98658 
6582 2.98743 
6583 2.98786 
6584 2.98914 
6585 2.99275 
6586 2.99314 
6587 2.99402 
6588 2.99505 
6589 2.99947 
6590 3.0015 
6591 1.00926 
6592 1.00927 
6593 1.00927 
6594 1.00928 
6595 1.0093 
6596 1.0093 
6597 1.00932 
6598 1.00933 
6599 1.00933 
6600 1.00934 
6601 1.00935 
6602 1.00936 
6603 1.00937 
6604 1.00938 
6605 1.00938 
6606 1.00939 
6607 1.00941 
6608 1.00942 
6609 1.00943 
6610 1.00944 
6611 1.0095 
6612 1.00955 
6613 1.00961 
6614 1.00966 
6615 1.00971 
6616 1.00976 
6617 1.00983 
6618 1.00989 
6619 1.00994 
6620 1.0101 
6621 1.01015 
6622 1.01019 
6623 1.01022 
6624 1.01025 
6625 1.0103 
6626 1.01033 
6627 1.01035 
6628 1.01052 
6629 1.01069 
6630 1.01086 
6631 1.01091 
6632 1.01096 
6633 1.01097 
6634 1.01097 
6635 1.01098 
6636 1.01099 
6637 1.01097 
6638 1.01098 
6639 1.01098 
6640 1.01098 
6641 1.011 
6642 1.01103 
6643 1.01107 
6644 1.01119 
6645 1.01127 
6646 1.01136 
6647 1.01144 
6648 1.01164 
6649 1.01181 
6650 1.01186 
6651 1.01206 
6652 1.01228 
6653 1.01242 
6654 1.01248 
6655 1.0126 
6656 1.01256 
6657 1.01254 
6658 1.01252 
6659 1.01263 
6660 1.01291 
6661 1.01369 
6662 1.01685 
6663 1.01685 
6664 1.01685 
6665 1.01686 
6666 1.01686 
6667 1.01686 
6668 1.01686 
6669 1.01686 
6670 1.01686 
6671 1.01687 
6672 1.01687 
6673 1.01687 
6674 1.01687 
6675 1.01687 
6676 1.01687 
6677 1.01687 
6678 1.01687 
6679 1.01687 
6680 1.01687 
6681 1.01687 
6682 1.01687 
6683 1.01687 
6684 1.01687 
6685 1.01687 
6686 1.01687 
6687 1.01687 
6688 1.01687 
6689 1.01687 
6690 1.01688 
6691 1.01688 
6692 1.01688 
6693 1.01688 
6694 1.01688 
6695 1.01688 
6696 1.01688 
6697 1.01688 
6698 1.01688 
6699 1.01688 
6700 1.01688 
6701 1.01688 
6702 1.01688 
6703 1.01688 
6704 1.01688 
6705 1.01688 
6706 1.01688 
6707 1.01688 
6708 1.01688 
6709 1.01688 
6710 1.01688 
6711 1.01688 
6712 1.01688 
6713 1.01688 
6714 1.01688 
6715 1.01688 
6716 1.01688 
6717 1.01688 
6718 1.01688 
6719 1.01688 
6720 1.01688 
6721 1.01688 
6722 1.01688 
6723 1.01688 
6724 1.01688 
6725 1.01688 
6726 1.01688 
6727 1.01688 
6728 1.01688 
6729 1.01688 
6730 1.01688 
6731 1.01688 
6732 1.01688 
6733 1.01688 
6734 1.01688 
6735 1.01688 
6736 1.01688 
6737 1.01688 
6738 1.01688 
6739 1.01689 
6740 1.01689 
6741 1.01689 
6742 1.01689 
6743 1.01689 
6744 1.01689 
6745 1.01689 
6746 1.01689 
6747 1.01689 
6748 1.01689 
6749 1.01689 
6750 1.01689 
6751 1.01689 
6752 1.01689 
6753 1.01689 
6754 1.01689 
6755 1.01689 
6756 1.01688 
6757 1.01688 
6758 1.01689 
6759 1.01689 
6760 1.01689 
6761 1.01689 
6762 1.01689 
6763 1.01689 
6764 1.01689 
6765 1.01689 
6766 1.01689 
6767 1.01689 
6768 1.01689 
6769 1.01689 
6770 1.01689 
6771 1.01689 
6772 1.01689 
6773 1.01689 
6774 1.01689 
6775 1.01689 
6776 1.01689 
6777 1.0169 
6778 1.0169 
6779 1.0169 
6780 1.0169 
6781 1.0169 
6782 1.0169 
6783 1.01691 
6784 1.01691 
6785 1.01691 
6786 1.01691 
6787 1.01691 
6788 1.01692 
6789 1.01692 
6790 1.01692 
6791 1.01693 
6792 1.01694 
6793 1.01694 
6794 1.01695 
6795 1.01695 
6796 1.01696 
6797 1.01697 
6798 1.01697 
6799 1.01698 
6800 1.01699 
6801 1.01699 
6802 1.017 
6803 1.01702 
6804 1.01702 
6805 1.01704 
6806 1.01705 
6807 1.01706 
6808 1.01721 
6809 1.01737 
6810 1.02525 
6811 1.02525 
6812 1.02525 
6813 1.02525 
6814 1.02525 
6815 1.02525 
6816 1.02525 
6817 1.02525 
6818 1.02525 
6819 1.02524 
6820 1.02524 
6821 1.02523 
6822 1.02523 
6823 1.02522 
6824 1.02522 
6825 1.0252 
6826 1.02519 
6827 1.02519 
6828 1.02519 
6829 1.02518 
6830 1.02517 
6831 1.02517 
6832 1.02517 
6833 1.02516 
6834 1.02516 
6835 1.02515 
6836 1.02515 
6837 1.02515 
6838 1.02514 
6839 1.02513 
6840 1.02513 
6841 1.02513 
6842 1.02513 
6843 1.02512 
6844 1.02512 
6845 1.02512 
6846 1.02512 
6847 1.02511 
6848 1.02511 
6849 1.02511 
6850 1.02511 
6851 1.0251 
6852 1.0251 
6853 1.0251 
6854 1.0251 
6855 1.0251 
6856 1.0251 
6857 1.02509 
6858 1.02508 
6859 1.02507 
6860 1.02507 
6861 1.02507 
6862 1.02506 
6863 1.02505 
6864 1.02505 
6865 1.02504 
6866 1.02504 
6867 1.02503 
6868 1.02503 
6869 1.02502 
6870 1.02502 
6871 1.02502 
6872 1.02501 
6873 1.02501 
6874 1.02501 
6875 1.02502 
6876 1.02502 
6877 1.02502 
6878 1.02503 
6879 1.02503 
6880 1.02503 
6881 1.02504 
6882 1.02504 
6883 1.02505 
6884 1.02506 
6885 1.02507 
6886 1.0251 
6887 1.02512 
6888 1.02514 
6889 1.02516 
6890 1.02518 
6891 1.02522 
6892 1.02526 
6893 1.02528 
6894 1.02529 
6895 1.02531 
6896 1.02534 
6897 1.02538 
6898 1.02542 
6899 1.02552 
6900 1.02555 
6901 1.026 
6902 1.02863 
6903 1.02879 
6904 1.05884 
6905 1.05884 
6906 1.05884 
6907 1.05884 
6908 1.05884 
6909 1.05884 
6910 1.05884 
6911 1.05883 
6912 1.05883 
6913 1.05883 
6914 1.05883 
6915 1.05883 
6916 1.05883 
6917 1.05883 
6918 1.05883 
6919 1.05883 
6920 1.05883 
6921 1.05883 
6922 1.05883 
6923 1.05883 
6924 1.05883 
6925 1.05883 
6926 1.05884 
6927 1.05884 
6928 1.05884 
6929 1.05884 
6930 1.05885 
6931 1.05885 
6932 1.05885 
6933 1.05886 
6934 1.05886 
6935 1.05886 
6936 1.05887 
6937 1.05887 
6938 1.05887 
6939 1.05888 
6940 1.05888 
6941 1.05888 
6942 1.05888 
6943 1.05888 
6944 1.05888 
6945 1.05888 
6946 1.05889 
6947 1.05889 
6948 1.05889 
6949 1.0589 
6950 1.0589 
6951 1.05891 
6952 1.05891 
6953 1.05892 
6954 1.05893 
6955 1.05893 
6956 1.05894 
6957 1.05894 
6958 1.05894 
6959 1.05894 
6960 1.05895 
6961 1.05895 
6962 1.05896 
6963 1.05896 
6964 1.05897 
6965 1.05898 
6966 1.05898 
6967 1.059 
6968 1.05901 
6969 1.05902 
6970 1.05902 
6971 1.05903 
6972 1.05904 
6973 1.05906 
6974 1.05906 
6975 1.05907 
6976 1.05908 
6977 1.05908 
6978 1.0591 
6979 1.05907 
6980 1.05902 
6981 1.05897 
6982 1.05895 
6983 1.05891 
6984 1.05884 
6985 1.05878 
6986 1.05876 
6987 1.05875 
6988 1.05875 
6989 1.05875 
6990 1.05875 
6991 1.05875 
6992 1.05875 
6993 1.05874 
6994 1.05874 
6995 1.05869 
6996 1.05866 
6997 1.05825 
6998 1.05593 
6999 1.05593 
7000 1.05593 
7001 1.05593 
7002 1.05592 
7003 1.05592 
7004 1.05592 
7005 1.05592 
7006 1.05592 
7007 1.0559 
7008 1.0559 
7009 1.0559 
7010 1.0559 
7011 1.05589 
7012 1.05589 
7013 1.05589 
7014 1.05589 
7015 1.05588 
7016 1.05588 
7017 1.05588 
7018 1.05587 
7019 1.05587 
7020 1.05587 
7021 1.05587 
7022 1.05587 
7023 1.05587 
7024 1.05587 
7025 1.05587 
7026 1.05587 
7027 1.05587 
7028 1.05587 
7029 1.05587 
7030 1.05587 
7031 1.05587 
7032 1.05587 
7033 1.05587 
7034 1.05587 
7035 1.05586 
7036 1.05586 
7037 1.05586 
7038 1.05586 
7039 1.05586 
7040 1.05586 
7041 1.05586 
7042 1.05586 
7043 1.05586 
7044 1.05586 
7045 1.05586 
7046 1.05586 
7047 1.05586 
7048 1.05586 
7049 1.05586 
7050 1.05586 
7051 1.05586 
7052 1.05586 
7053 1.05586 
7054 1.05586 
7055 1.05586 
7056 1.05586 
7057 1.05586 
7058 1.05586 
7059 1.05586 
7060 1.05586 
7061 1.05586 
7062 1.05586 
7063 1.05586 
7064 1.05586 
7065 1.05586 
7066 1.05586 
7067 1.05586 
7068 1.05586 
7069 1.05586 
7070 1.05586 
7071 1.05586 
7072 1.05586 
7073 1.05586 
7074 1.05586 
7075 1.05585 
7076 1.05585 
7077 1.05585 
7078 1.05585 
7079 1.05585 
7080 1.05585 
7081 1.05585 
7082 1.05585 
7083 1.05585 
7084 1.05585 
7085 1.05585 
7086 1.05584 
7087 1.05584 
7088 1.05584 
7089 1.05584 
7090 1.05584 
7091 1.05584 
7092 1.05584 
7093 1.05584 
7094 1.05584 
7095 1.05584 
7096 1.05583 
7097 1.05583 
7098 1.05583 
7099 1.05583 
7100 1.05582 
7101 1.05582 
7102 1.05583 
7103 1.05582 
7104 1.05582 
7105 1.05582 
7106 1.05582 
7107 1.05581 
7108 1.05581 
7109 1.0558 
7110 1.05579 
7111 1.05579 
7112 1.05578 
7113 1.05578 
7114 1.05578 
7115 1.05577 
7116 1.05577 
7117 1.05576 
7118 1.05575 
7119 1.05575 
7120 1.05574 
7121 1.05573 
7122 1.05573 
7123 1.05572 
7124 1.05571 
7125 1.0557 
7126 1.05569 
7127 1.05568 
7128 1.05566 
7129 1.05565 
7130 1.05561 
7131 1.0556 
7132 1.05559 
7133 1.05558 
7134 1.05555 
7135 1.05554 
7136 1.0555 
7137 1.05547 
7138 1.05546 
7139 1.05541 
7140 1.05539 
7141 1.05536 
7142 1.05532 
7143 1.05527 
7144 1.05523 
7145 1.06208 
7146 1.06208 
7147 1.06207 
7148 1.06207 
7149 1.06207 
7150 1.06206 
7151 1.06206 
7152 1.06206 
7153 1.06205 
7154 1.062 
7155 1.06199 
7156 1.06199 
7157 1.06199 
7158 1.06198 
7159 1.06198 
7160 1.06198 
7161 1.06197 
7162 1.06197 
7163 1.06197 
7164 1.06196 
7165 1.06196 
7166 1.06196 
7167 1.06196 
7168 1.06196 
7169 1.06195 
7170 1.06195 
7171 1.06195 
7172 1.06195 
7173 1.06194 
7174 1.06194 
7175 1.06194 
7176 1.06194 
7177 1.06193 
7178 1.06193 
7179 1.06193 
7180 1.06192 
7181 1.06192 
7182 1.06192 
7183 1.06191 
7184 1.06191 
7185 1.06191 
7186 1.06191 
7187 1.0619 
7188 1.0619 
7189 1.06189 
7190 1.06189 
7191 1.06188 
7192 1.06188 
7193 1.06187 
7194 1.06187 
7195 1.06187 
7196 1.06186 
7197 1.06186 
7198 1.06185 
7199 1.06185 
7200 1.06185 
7201 1.06185 
7202 1.06184 
7203 1.06183 
7204 1.06182 
7205 1.06181 
7206 1.06179 
7207 1.06178 
7208 1.06178 
7209 1.06177 
7210 1.06175 
7211 1.06172 
7212 1.0617 
7213 1.06161 
7214 1.06157 
7215 1.06154 
7216 1.06145 
7217 1.06128 
7218 1.0613 
7219 1.06132 
7220 1.06135 
7221 1.06141 
7222 1.06501 
7223 1.06501 
7224 1.06501 
7225 1.06501 
7226 1.06501 
7227 1.065 
7228 1.065 
7229 1.065 
7230 1.065 
7231 1.065 
7232 1.065 
7233 1.065 
7234 1.065 
7235 1.065 
7236 1.065 
7237 1.065 
7238 1.065 
7239 1.065 
7240 1.065 
7241 1.065 
7242 1.065 
7243 1.06499 
7244 1.06499 
7245 1.06499 
7246 1.06499 
7247 1.065 
7248 1.065 
7249 1.065 
7250 1.065 
7251 1.065 
7252 1.065 
7253 1.065 
7254 1.065 
7255 1.065 
7256 1.065 
7257 1.065 
7258 1.065 
7259 1.065 
7260 1.065 
7261 1.065 
7262 1.065 
7263 1.065 
7264 1.065 
7265 1.065 
7266 1.065 
7267 1.065 
7268 1.065 
7269 1.065 
7270 1.065 
7271 1.065 
7272 1.065 
7273 1.065 
7274 1.065 
7275 1.065 
7276 1.06501 
7277 1.06501 
7278 1.06501 
7279 1.06501 
7280 1.06501 
7281 1.06501 
7282 1.06501 
7283 1.06501 
7284 1.06501 
7285 1.06501 
7286 1.06501 
7287 1.06501 
7288 1.06501 
7289 1.06501 
7290 1.06501 
7291 1.06501 
7292 1.06502 
7293 1.06502 
7294 1.06502 
7295 1.06502 
7296 1.06502 
7297 1.06502 
7298 1.06502 
7299 1.06502 
7300 1.06503 
7301 1.06503 
7302 1.06503 
7303 1.06503 
7304 1.06503 
7305 1.06504 
7306 1.06504 
7307 1.06504 
7308 1.06505 
7309 1.06505 
7310 1.06505 
7311 1.06506 
7312 1.06506 
7313 1.06506 
7314 1.06507 
7315 1.06507 
7316 1.06508 
7317 1.06507 
7318 1.06507 
7319 1.06507 
7320 1.06507 
7321 1.06507 
7322 1.06507 
7323 1.06507 
7324 1.06507 
7325 1.06508 
7326 1.06508 
7327 1.06509 
7328 1.06511 
7329 1.06512 
7330 1.06512 
7331 1.06514 
7332 1.06519 
7333 1.0652 
7334 1.06523 
7335 1.06525 
7336 1.06526 
7337 1.06528 
7338 1.06531 
7339 1.06537 
7340 1.06542 
7341 1.06549 
7342 1.06556 
7343 1.06565 
7344 1.06569 
7345 1.06572 
7346 1.06584 
7347 1.0659 
7348 1.06599 
7349 1.06616 
7350 1.06671 
7351 1.074 
7352 1.074 
7353 1.074 
7354 1.074 
7355 1.074 
7356 1.074 
7357 1.074 
7358 1.074 
7359 1.074 
7360 1.074 
7361 1.074 
7362 1.074 
7363 1.074 
7364 1.07401 
7365 1.07401 
7366 1.07401 
7367 1.07401 
7368 1.07401 
7369 1.07401 
7370 1.07401 
7371 1.07401 
7372 1.07402 
7373 1.07402 
7374 1.07402 
7375 1.07402 
7376 1.07402 
7377 1.07402 
7378 1.07402 
7379 1.07402 
7380 1.07402 
7381 1.07402 
7382 1.07402 
7383 1.07402 
7384 1.07402 
7385 1.07402 
7386 1.07403 
7387 1.07403 
7388 1.07403 
7389 1.07403 
7390 1.07403 
7391 1.07403 
7392 1.07403 
7393 1.07404 
7394 1.07404 
7395 1.07404 
7396 1.07404 
7397 1.07404 
7398 1.07404 
7399 1.07405 
7400 1.07405 
7401 1.07405 
7402 1.07406 
7403 1.07406 
7404 1.07406 
7405 1.07406 
7406 1.07406 
7407 1.07407 
7408 1.07407 
7409 1.07407 
7410 1.07407 
7411 1.07408 
7412 1.07408 
7413 1.07408 
7414 1.07409 
7415 1.07409 
7416 1.07409 
7417 1.07409 
7418 1.0741 
7419 1.07411 
7420 1.07411 
7421 1.07413 
7422 1.07413 
7423 1.07414 
7424 1.07415 
7425 1.07415 
7426 1.07417 
7427 1.07417 
7428 1.07418 
7429 1.07419 
7430 1.0742 
7431 1.07421 
7432 1.07423 
7433 1.07424 
7434 1.07426 
7435 1.07427 
7436 1.07429 
7437 1.0743 
7438 1.07435 
7439 1.07438 
7440 1.0744 
7441 1.07445 
7442 1.07448 
7443 1.07455 
7444 1.07476 
7445 1.07484 
7446 1.07501 
7447 1.07538 
7448 1.07907 
7449 1.07907 
7450 1.07905 
7451 1.07905 
7452 1.07904 
7453 1.07904 
7454 1.07904 
7455 1.07904 
7456 1.07904 
7457 1.07903 
7458 1.07903 
7459 1.07903 
7460 1.07903 
7461 1.07904 
7462 1.07904 
7463 1.07904 
7464 1.07905 
7465 1.07905 
7466 1.07906 
7467 1.07906 
7468 1.07908 
7469 1.0791 
7470 1.07912 
7471 1.07914 
7472 1.07917 
7473 1.0792 
7474 1.07922 
7475 1.07925 
7476 1.07931 
7477 1.07948 
7478 1.07951 
7479 1.07958 
7480 1.0797 
7481 1.07996 
7482 1.09095 
7483 1.09095 
7484 1.09095 
7485 1.09095 
7486 1.09094 
7487 1.09092 
7488 1.09092 
7489 1.09091 
7490 1.0909 
7491 1.0909 
7492 1.0909 
7493 1.09089 
7494 1.09088 
7495 1.09088 
7496 1.09088 
7497 1.09088 
7498 1.09088 
7499 1.09088 
7500 1.09088 
7501 1.09088 
7502 1.09088 
7503 1.09088 
7504 1.09088 
7505 1.09088 
7506 1.09088 
7507 1.09088 
7508 1.09088 
7509 1.09087 
7510 1.09087 
7511 1.09087 
7512 1.09087 
7513 1.09087 
7514 1.09087 
7515 1.09087 
7516 1.09087 
7517 1.09087 
7518 1.09087 
7519 1.09086 
7520 1.09086 
7521 1.09086 
7522 1.09086 
7523 1.09086 
7524 1.09086 
7525 1.09086 
7526 1.09086 
7527 1.09086 
7528 1.09086 
7529 1.09085 
7530 1.09085 
7531 1.09085 
7532 1.09085 
7533 1.09085 
7534 1.09084 
7535 1.09084 
7536 1.09084 
7537 1.09083 
7538 1.09083 
7539 1.09083 
7540 1.09083 
7541 1.09082 
7542 1.09082 
7543 1.09082 
7544 1.09083 
7545 1.09083 
7546 1.09083 
7547 1.09084 
7548 1.09084 
7549 1.09085 
7550 1.09085 
7551 1.09085 
7552 1.09085 
7553 1.09085 
7554 1.09087 
7555 1.09141 
7556 1.09154 
7557 1.09244 
7558 1.09911 
7559 1.09911 
7560 1.0991 
7561 1.0991 
7562 1.09909 
7563 1.09909 
7564 1.09909 
7565 1.09908 
7566 1.09908 
7567 1.09908 
7568 1.09908 
7569 1.09908 
7570 1.09908 
7571 1.09908 
7572 1.09907 
7573 1.09907 
7574 1.09907 
7575 1.09907 
7576 1.09907 
7577 1.09907 
7578 1.09907 
7579 1.09907 
7580 1.09907 
7581 1.09907 
7582 1.09907 
7583 1.09907 
7584 1.09908 
7585 1.09911 
7586 1.09912 
7587 1.09913 
7588 1.09914 
7589 1.09917 
7590 1.09918 
7591 1.09919 
7592 1.0992 
7593 1.09928 
7594 1.09932 
7595 1.09936 
7596 1.09939 
7597 1.09945 
7598 1.09956 
7599 1.09966 
7600 1.10003 
7601 1.10019 
7602 1.10175 
7603 1.1018 
7604 1.10229 
7605 1.10342 
7606 1.1179 
7607 1.1179 
7608 1.11788 
7609 1.11787 
7610 1.11786 
7611 1.11785 
7612 1.11785 
7613 1.11785 
7614 1.11785 
7615 1.11785 
7616 1.11785 
7617 1.11785 
7618 1.11785 
7619 1.11785 
7620 1.11785 
7621 1.11785 
7622 1.11785 
7623 1.11786 
7624 1.11786 
7625 1.11786 
7626 1.11786 
7627 1.11786 
7628 1.11786 
7629 1.11786 
7630 1.11786 
7631 1.11786 
7632 1.11786 
7633 1.11786 
7634 1.11785 
7635 1.11785 
7636 1.11785 
7637 1.11785 
7638 1.11784 
7639 1.11784 
7640 1.11784 
7641 1.11784 
7642 1.11784 
7643 1.11784 
7644 1.11784 
7645 1.11784 
7646 1.11785 
7647 1.11785 
7648 1.11786 
7649 1.11786 
7650 1.11786 
7651 1.11786 
7652 1.11786 
7653 1.11786 
7654 1.11786 
7655 1.11787 
7656 1.11787 
7657 1.11788 
7658 1.1179 
7659 1.11792 
7660 1.11796 
7661 1.11798 
7662 1.11802 
7663 1.11807 
7664 1.11816 
7665 1.11821 
7666 1.11833 
7667 1.11839 
7668 1.11849 
7669 1.11865 
7670 1.11893 
7671 1.11971 
7672 1.12567 
7673 1.12567 
7674 1.12567 
7675 1.12565 
7676 1.12565 
7677 1.12564 
7678 1.12563 
7679 1.12562 
7680 1.12563 
7681 1.12562 
7682 1.12563 
7683 1.12565 
7684 1.12566 
7685 1.12567 
7686 1.1257 
7687 1.12575 
7688 1.12581 
7689 1.12596 
7690 1.12632 
7691 1.12656 
7692 1.12708 
7693 1.12941 
7694 1.12941 
7695 1.12941 
7696 1.12938 
7697 1.12938 
7698 1.12938 
7699 1.12938 
7700 1.12937 
7701 1.12937 
7702 1.12937 
7703 1.12937 
7704 1.12937 
7705 1.12937 
7706 1.12937 
7707 1.12937 
7708 1.12937 
7709 1.12937 
7710 1.12937 
7711 1.12937 
7712 1.12937 
7713 1.12937 
7714 1.12937 
7715 1.12937 
7716 1.12937 
7717 1.12937 
7718 1.12937 
7719 1.12937 
7720 1.12937 
7721 1.12937 
7722 1.12937 
7723 1.12937 
7724 1.12937 
7725 1.12937 
7726 1.12937 
7727 1.12937 
7728 1.12937 
7729 1.12937 
7730 1.12937 
7731 1.12937 
7732 1.12937 
7733 1.12937 
7734 1.12937 
7735 1.12937 
7736 1.12937 
7737 1.12937 
7738 1.12937 
7739 1.12937 
7740 1.12937 
7741 1.12937 
7742 1.12937 
7743 1.12938 
7744 1.12938 
7745 1.12938 
7746 1.12938 
7747 1.12938 
7748 1.12938 
7749 1.12938 
7750 1.12938 
7751 1.12938 
7752 1.12939 
7753 1.12939 
7754 1.12939 
7755 1.1294 
7756 1.1294 
7757 1.12941 
7758 1.12941 
7759 1.12941 
7760 1.12942 
7761 1.12942 
7762 1.12943 
7763 1.12943 
7764 1.12943 
7765 1.12944 
7766 1.12944 
7767 1.12945 
7768 1.12946 
7769 1.12946 
7770 1.12949 
7771 1.12949 
7772 1.1295 
7773 1.12951 
7774 1.12952 
7775 1.12952 
7776 1.12953 
7777 1.12955 
7778 1.12957 
7779 1.12959 
7780 1.1296 
7781 1.12963 
7782 1.12972 
7783 1.12977 
7784 1.12983 
7785 1.1299 
7786 1.13069 
7787 1.1307 
7788 1.13076 
7789 1.13251 
7790 1.13255 
7791 1.13274 
7792 1.14083 
7793 1.14083 
7794 1.1408 
7795 1.1408 
7796 1.1408 
7797 1.1408 
7798 1.14079 
7799 1.14079 
7800 1.14078 
7801 1.14078 
7802 1.14078 
7803 1.14078 
7804 1.14078 
7805 1.14077 
7806 1.14077 
7807 1.14077 
7808 1.14077 
7809 1.14077 
7810 1.14077 
7811 1.14077 
7812 1.14077 
7813 1.14077 
7814 1.14077 
7815 1.14076 
7816 1.14076 
7817 1.14076 
7818 1.14076 
7819 1.14076 
7820 1.14076 
7821 1.14076 
7822 1.14076 
7823 1.14076 
7824 1.14076 
7825 1.14075 
7826 1.14075 
7827 1.14075 
7828 1.14075 
7829 1.14075 
7830 1.14075 
7831 1.14074 
7832 1.14074 
7833 1.14074 
7834 1.14074 
7835 1.14074 
7836 1.14074 
7837 1.14073 
7838 1.14073 
7839 1.14073 
7840 1.14073 
7841 1.14073 
7842 1.14072 
7843 1.14072 
7844 1.14072 
7845 1.14072 
7846 1.14072 
7847 1.14072 
7848 1.14072 
7849 1.14072 
7850 1.14072 
7851 1.14072 
7852 1.14072 
7853 1.14072 
7854 1.14072 
7855 1.14072 
7856 1.14072 
7857 1.14072 
7858 1.14072 
7859 1.14072 
7860 1.14071 
7861 1.14071 
7862 1.14071 
7863 1.14072 
7864 1.14072 
7865 1.14073 
7866 1.14073 
7867 1.14074 
7868 1.14075 
7869 1.14075 
7870 1.14075 
7871 1.14076 
7872 1.14076 
7873 1.14076 
7874 1.14076 
7875 1.14077 
7876 1.14077 
7877 1.14078 
7878 1.14078 
7879 1.14079 
7880 1.1408 
7881 1.14081 
7882 1.14081 
7883 1.14083 
7884 1.14084 
7885 1.14087 
7886 1.14089 
7887 1.14092 
7888 1.14096 
7889 1.14098 
7890 1.141 
7891 1.14104 
7892 1.14115 
7893 1.14116 
7894 1.14122 
7895 1.14133 
7896 1.14142 
7897 1.14204 
7898 1.1425 
7899 1.15204 
7900 1.15199 
7901 1.15195 
7902 1.15194 
7903 1.15203 
7904 1.15233 
7905 1.15441 
7906 1.15767 
7907 1.15791 
7908 1.15904 
7909 1.161 
7910 1.16127 
7911 1.16127 
7912 1.16126 
7913 1.16126 
7914 1.16126 
7915 1.16126 
7916 1.16126 
7917 1.16126 
7918 1.16125 
7919 1.16125 
7920 1.16125 
7921 1.16125 
7922 1.16125 
7923 1.16125 
7924 1.16125 
7925 1.16125 
7926 1.16125 
7927 1.16126 
7928 1.16126 
7929 1.16126 
7930 1.16126 
7931 1.16126 
7932 1.16126 
7933 1.16126 
7934 1.16126 
7935 1.16126 
7936 1.16126 
7937 1.16126 
7938 1.16126 
7939 1.16126 
7940 1.16126 
7941 1.16126 
7942 1.16126 
7943 1.16126 
7944 1.16127 
7945 1.16127 
7946 1.16127 
7947 1.16127 
7948 1.16127 
7949 1.16127 
7950 1.16128 
7951 1.16128 
7952 1.16128 
7953 1.16128 
7954 1.16128 
7955 1.16128 
7956 1.16128 
7957 1.16128 
7958 1.16129 
7959 1.16129 
7960 1.16129 
7961 1.1613 
7962 1.1613 
7963 1.16131 
7964 1.16132 
7965 1.16134 
7966 1.16135 
7967 1.16136 
7968 1.16137 
7969 1.16138 
7970 1.1614 
7971 1.16141 
7972 1.16142 
7973 1.16144 
7974 1.16146 
7975 1.16152 
7976 1.16154 
7977 1.1616 
7978 1.16163 
7979 1.16165 
7980 1.16167 
7981 1.16172 
7982 1.16181 
7983 1.16184 
7984 1.16191 
7985 1.16205 
7986 1.16214 
7987 1.16225 
7988 1.16256 
7989 1.16291 
7990 1.16328 
7991 1.16359 
7992 1.16789 
7993 1.168 
7994 1.16849 
7995 1.17166 
7996 1.17324 
7997 1.17404 
7998 1.17671 
7999 1.18575 
8000 1.18787 
8001 1.18954 
8002 1.1909 
8003 1.19301 
8004 1.19419 
8005 1.19644 
8006 1.19756 
8007 1.19998 
8008 1.20104 
8009 1.20302 
8010 1.20414 
8011 1.20675 
8012 1.20831 
8013 1.20896 
8014 1.21468 
8015 1.21479 
8016 1.21586 
8017 1.22646 
8018 1.22689 
8019 1.2303 
8020 1.23102 
8021 1.23281 
8022 1.23288 
8023 1.23331 
