1 0.4999858 
2 0.4999858 
3 0.4999858 
4 0.4999858 
5 0.4999858 
6 0.4999858 
7 0.4999858 
8 0.4999858 
9 0.4999858 
10 0.4999858 
11 0.4999858 
12 0.4999858 
13 0.4999858 
14 0.4999858 
15 0.4999858 
16 0.4999858 
17 0.4999857 
18 0.4999857 
19 0.4999857 
20 0.4999857 
21 0.4999857 
22 0.4999857 
23 0.4999857 
24 0.4999857 
25 0.4999857 
26 0.4999857 
27 0.4999857 
28 0.4999857 
29 0.4999857 
30 0.4999857 
31 0.4999857 
32 0.4999856 
33 0.4999856 
34 0.4999856 
35 0.4999856 
36 0.4999856 
37 0.4999856 
38 0.4999856 
39 0.4999856 
40 0.4999856 
41 0.4999856 
42 0.4999856 
43 0.4999856 
44 0.4999856 
45 0.4999855 
46 0.4999855 
47 0.4999855 
48 0.4999855 
49 0.4999855 
50 0.4999855 
51 0.4999855 
52 0.4999855 
53 0.4999855 
54 0.4999855 
55 0.4999855 
56 0.4999855 
57 0.4999855 
58 0.4999855 
59 0.4999855 
60 0.4999855 
61 0.4999855 
62 0.4999855 
63 0.4999855 
64 0.4999855 
65 0.4999855 
66 0.4999855 
67 0.4999855 
68 0.4999855 
69 0.4999855 
70 0.4999855 
71 0.4999855 
72 0.4999855 
73 0.4999855 
74 0.4999855 
75 0.4999855 
76 0.4999855 
77 0.4999854 
78 0.4999854 
79 0.4999854 
80 0.4999854 
81 0.4999854 
82 0.4999854 
83 0.4999854 
84 0.4999854 
85 0.4999854 
86 0.4999854 
87 0.4999854 
88 0.4999854 
89 0.4999854 
90 0.4999854 
91 0.4999854 
92 0.4999854 
93 0.4999854 
94 0.4999854 
95 0.4999854 
96 0.4999854 
97 0.4999853 
98 0.4999853 
99 0.4999853 
100 0.4999853 
101 0.4999853 
102 0.4999853 
103 0.4999853 
104 0.4999852 
105 0.4999852 
106 0.4999852 
107 0.4999852 
108 0.4999852 
109 0.4999852 
110 0.4999852 
111 0.4999852 
112 0.4999852 
113 0.4999852 
114 0.4999852 
115 0.4999852 
116 0.4999852 
117 0.4999852 
118 0.4999852 
119 0.4999852 
120 0.4999852 
121 0.4999852 
122 0.4999852 
123 0.4999852 
124 0.4999852 
125 0.4999852 
126 0.4999852 
127 0.4999852 
128 0.4999852 
129 0.4999851 
130 0.4999851 
131 0.4999851 
132 0.4999851 
133 0.4999851 
134 0.4999851 
135 0.4999851 
136 0.4999851 
137 0.4999851 
138 0.4999851 
139 0.4999851 
140 0.4999851 
141 0.4999851 
142 0.4999851 
143 0.4999851 
144 0.4999851 
145 0.4999851 
146 0.4999851 
147 0.4999851 
148 0.4999851 
149 0.4999851 
150 0.4999851 
151 0.4999851 
152 0.4999851 
153 0.499985 
154 0.499985 
155 0.499985 
156 0.499985 
157 0.499985 
158 0.499985 
159 0.499985 
160 0.499985 
161 0.499985 
162 0.499985 
163 0.499985 
164 0.499985 
165 0.4999849 
166 0.4999849 
167 0.4999849 
168 0.4999849 
169 0.4999849 
170 0.4999849 
171 0.4999849 
172 0.4999849 
173 0.4999849 
174 0.4999849 
175 0.4999849 
176 0.4999849 
177 0.4999849 
178 0.4999849 
179 0.4999848 
180 0.4999848 
181 0.4999848 
182 0.4999848 
183 0.4999848 
184 0.4999848 
185 0.4999848 
186 0.4999848 
187 0.4999848 
188 0.4999848 
189 0.4999848 
190 0.4999848 
191 0.4999848 
192 0.4999848 
193 0.4999848 
194 0.4999848 
195 0.4999848 
196 0.4999848 
197 0.4999848 
198 0.4999848 
199 0.4999848 
200 0.4999848 
201 0.4999848 
202 0.4999848 
203 0.4999848 
204 0.4999848 
205 0.4999848 
206 0.4999848 
207 0.4999848 
208 0.4999848 
209 0.4999847 
210 0.4999847 
211 0.4999847 
212 0.4999847 
213 0.4999847 
214 0.4999847 
215 0.4999847 
216 0.4999847 
217 0.4999847 
218 0.4999847 
219 0.4999847 
220 0.4999847 
221 0.4999847 
222 0.4999847 
223 0.4999847 
224 0.4999847 
225 0.4999847 
226 0.4999847 
227 0.4999847 
228 0.4999847 
229 0.4999847 
230 0.4999847 
231 0.4999847 
232 0.4999846 
233 0.4999846 
234 0.4999846 
235 0.4999846 
236 0.4999846 
237 0.4999846 
238 0.4999846 
239 0.4999846 
240 0.4999846 
241 0.4999846 
242 0.4999845 
243 0.4999845 
244 0.4999845 
245 0.4999845 
246 0.4999845 
247 0.4999845 
248 0.4999845 
249 0.4999845 
250 0.4999845 
251 0.4999845 
252 0.4999845 
253 0.4999845 
254 0.4999845 
255 0.4999845 
256 0.4999845 
257 0.4999845 
258 0.4999845 
259 0.4999845 
260 0.4999845 
261 0.4999845 
262 0.4999845 
263 0.4999845 
264 0.4999845 
265 0.4999845 
266 0.4999845 
267 0.4999845 
268 0.4999845 
269 0.4999845 
270 0.4999845 
271 0.4999845 
272 0.4999845 
273 0.4999844 
274 0.4999844 
275 0.4999844 
276 0.4999844 
277 0.4999844 
278 0.4999844 
279 0.4999844 
280 0.4999844 
281 0.4999844 
282 0.4999844 
283 0.4999844 
284 0.4999844 
285 0.4999844 
286 0.4999844 
287 0.4999844 
288 0.4999844 
289 0.4999844 
290 0.4999844 
291 0.4999844 
292 0.4999844 
293 0.4999844 
294 0.4999844 
295 0.4999844 
296 0.4999844 
297 0.4999844 
298 0.4999844 
299 0.4999844 
300 0.4999844 
301 0.4999844 
302 0.4999844 
303 0.4999844 
304 0.4999844 
305 0.4999843 
306 0.4999843 
307 0.4999843 
308 0.4999843 
309 0.4999842 
310 0.4999842 
311 0.4999842 
312 0.4999842 
313 0.4999842 
314 0.4999842 
315 0.4999842 
316 0.4999842 
317 0.4999842 
318 0.4999842 
319 0.4999842 
320 0.4999842 
321 0.4999842 
322 0.4999842 
323 0.4999842 
324 0.4999842 
325 0.4999842 
326 0.4999842 
327 0.4999842 
328 0.4999842 
329 0.4999842 
330 0.4999842 
331 0.4999842 
332 0.4999842 
333 0.4999842 
334 0.4999842 
335 0.4999842 
336 0.4999842 
337 0.4999842 
338 0.4999842 
339 0.4999842 
340 0.4999842 
341 0.4999842 
342 0.4999842 
343 0.4999841 
344 0.4999841 
345 0.4999841 
346 0.4999841 
347 0.4999841 
348 0.4999841 
349 0.4999841 
350 0.4999841 
351 0.4999841 
352 0.4999841 
353 0.4999841 
354 0.4999841 
355 0.4999841 
356 0.4999841 
357 0.4999841 
358 0.4999841 
359 0.4999841 
360 0.4999841 
361 0.4999841 
362 0.4999841 
363 0.4999841 
364 0.4999841 
365 0.4999841 
366 0.4999841 
367 0.4999841 
368 0.4999841 
369 0.4999841 
370 0.4999841 
371 0.4999841 
372 0.4999841 
373 0.4999841 
374 0.4999841 
375 0.4999841 
376 0.4999841 
377 0.4999841 
378 0.4999841 
379 0.4999841 
380 0.4999841 
381 0.4999841 
382 0.4999841 
383 0.4999841 
384 0.4999841 
385 0.4999841 
386 0.4999841 
387 0.4999841 
388 0.499984 
389 0.499984 
390 0.499984 
391 0.499984 
392 0.499984 
393 0.499984 
394 0.499984 
395 0.499984 
396 0.499984 
397 0.499984 
398 0.499984 
399 0.499984 
400 0.499984 
401 0.499984 
402 0.499984 
403 0.499984 
404 0.499984 
405 0.499984 
406 0.499984 
407 0.499984 
408 0.499984 
409 0.499984 
410 0.499984 
411 0.499984 
412 0.499984 
413 0.499984 
414 0.499984 
415 0.499984 
416 0.499984 
417 0.499984 
418 0.499984 
419 0.499984 
420 0.499984 
421 0.499984 
422 0.499984 
423 0.499984 
424 0.499984 
425 0.4999839 
426 0.4999839 
427 0.4999839 
428 0.4999839 
429 0.4999839 
430 0.4999839 
431 0.4999839 
432 0.4999839 
433 0.4999839 
434 0.4999839 
435 0.4999839 
436 0.4999839 
437 0.4999839 
438 0.4999838 
439 0.4999838 
440 0.4999838 
441 0.4999838 
442 0.4999838 
443 0.4999838 
444 0.4999838 
445 0.4999838 
446 0.4999838 
447 0.4999838 
448 0.4999838 
449 0.4999838 
450 0.4999838 
451 0.4999838 
452 0.4999838 
453 0.4999838 
454 0.4999838 
455 0.4999838 
456 0.4999838 
457 0.4999838 
458 0.4999838 
459 0.4999838 
460 0.4999838 
461 0.4999838 
462 0.4999838 
463 0.4999838 
464 0.4999838 
465 0.4999838 
466 0.4999838 
467 0.4999838 
468 0.4999838 
469 0.4999838 
470 0.4999838 
471 0.4999838 
472 0.4999838 
473 0.4999838 
474 0.4999838 
475 0.4999838 
476 0.4999838 
477 0.4999838 
478 0.4999838 
479 0.4999838 
480 0.4999838 
481 0.4999838 
482 0.4999838 
483 0.4999837 
484 0.4999837 
485 0.4999837 
486 0.4999837 
487 0.4999837 
488 0.4999837 
489 0.4999837 
490 0.4999837 
491 0.4999837 
492 0.4999837 
493 0.4999837 
494 0.4999837 
495 0.4999837 
496 0.4999837 
497 0.4999837 
498 0.4999837 
499 0.4999837 
500 0.4999837 
501 0.4999837 
502 0.4999837 
503 0.4999837 
504 0.4999837 
505 0.4999837 
506 0.4999837 
507 0.4999837 
508 0.4999837 
509 0.4999837 
510 0.4999837 
511 0.4999837 
512 0.4999837 
513 0.4999837 
514 0.4999837 
515 0.4999837 
516 0.4999837 
517 0.4999837 
518 0.4999837 
519 0.4999837 
520 0.4999837 
521 0.4999837 
522 0.4999837 
523 0.4999837 
524 0.4999837 
525 0.4999837 
526 0.4999837 
527 0.4999837 
528 0.4999837 
529 0.4999837 
530 0.4999837 
531 0.4999837 
532 0.4999837 
533 0.4999836 
534 0.4999836 
535 0.4999836 
536 0.4999836 
537 0.4999836 
538 0.4999836 
539 0.4999836 
540 0.4999836 
541 0.4999836 
542 0.4999836 
543 0.4999835 
544 0.4999835 
545 0.4999835 
546 0.4999835 
547 0.4999835 
548 0.4999835 
549 0.4999835 
550 0.4999835 
551 0.4999835 
552 0.4999835 
553 0.4999835 
554 0.4999835 
555 0.4999835 
556 0.4999835 
557 0.4999835 
558 0.4999835 
559 0.4999835 
560 0.4999835 
561 0.4999835 
562 0.4999835 
563 0.4999835 
564 0.4999835 
565 0.4999835 
566 0.4999835 
567 0.4999835 
568 0.4999835 
569 0.4999835 
570 0.4999835 
571 0.4999835 
572 0.4999835 
573 0.4999835 
574 0.4999835 
575 0.4999835 
576 0.4999835 
577 0.4999835 
578 0.4999835 
579 0.4999835 
580 0.4999835 
581 0.4999835 
582 0.4999835 
583 0.4999835 
584 0.4999835 
585 0.4999835 
586 0.4999835 
587 0.4999835 
588 0.4999835 
589 0.4999835 
590 0.4999834 
591 0.4999834 
592 0.4999834 
593 0.4999834 
594 0.4999834 
595 0.4999834 
596 0.4999834 
597 0.4999834 
598 0.4999834 
599 0.4999834 
600 0.4999834 
601 0.4999834 
602 0.4999834 
603 0.4999834 
604 0.4999834 
605 0.4999834 
606 0.4999834 
607 0.4999834 
608 0.4999834 
609 0.4999834 
610 0.4999834 
611 0.4999834 
612 0.4999834 
613 0.4999834 
614 0.4999834 
615 0.4999834 
616 0.4999834 
617 0.4999834 
618 0.4999834 
619 0.4999834 
620 0.4999834 
621 0.4999834 
622 0.4999834 
623 0.4999834 
624 0.4999834 
625 0.4999834 
626 0.4999834 
627 0.4999834 
628 0.4999834 
629 0.4999834 
630 0.4999834 
631 0.4999834 
632 0.4999834 
633 0.4999834 
634 0.4999834 
635 0.4999834 
636 0.4999834 
637 0.4999834 
638 0.4999834 
639 0.4999834 
640 0.4999834 
641 0.4999834 
642 0.4999834 
643 0.4999834 
644 0.4999833 
645 0.4999833 
646 0.4999833 
647 0.4999833 
648 0.4999833 
649 0.4999833 
650 0.4999833 
651 0.4999833 
652 0.4999833 
653 0.4999833 
654 0.4999833 
655 0.4999833 
656 0.4999833 
657 0.4999833 
658 0.4999833 
659 0.4999833 
660 0.4999833 
661 0.4999833 
662 0.4999833 
663 0.4999833 
664 0.4999833 
665 0.4999833 
666 0.4999833 
667 0.4999833 
668 0.4999833 
669 0.4999833 
670 0.4999833 
671 0.4999833 
672 0.4999833 
673 0.4999832 
674 0.4999832 
675 0.4999832 
676 0.4999832 
677 0.4999832 
678 0.4999832 
679 0.4999832 
680 0.4999832 
681 0.4999832 
682 0.4999832 
683 0.4999832 
684 0.4999832 
685 0.4999832 
686 0.4999832 
687 0.4999832 
688 0.4999832 
689 0.4999832 
690 0.4999832 
691 0.4999832 
692 0.4999832 
693 0.4999832 
694 0.4999832 
695 0.4999832 
696 0.4999831 
697 0.4999831 
698 0.4999831 
699 0.4999831 
700 0.4999831 
701 0.4999831 
702 0.4999831 
703 0.4999831 
704 0.4999831 
705 0.4999831 
706 0.4999831 
707 0.4999831 
708 0.4999831 
709 0.4999831 
710 0.4999831 
711 0.4999831 
712 0.4999831 
713 0.4999831 
714 0.4999831 
715 0.4999831 
716 0.4999831 
717 0.4999831 
718 0.4999831 
719 0.4999831 
720 0.4999831 
721 0.4999831 
722 0.4999831 
723 0.4999831 
724 0.4999831 
725 0.4999831 
726 0.4999831 
727 0.4999831 
728 0.4999831 
729 0.4999831 
730 0.4999831 
731 0.4999831 
732 0.4999831 
733 0.4999831 
734 0.4999831 
735 0.4999831 
736 0.4999831 
737 0.4999831 
738 0.4999831 
739 0.4999831 
740 0.4999831 
741 0.4999831 
742 0.4999831 
743 0.4999831 
744 0.4999831 
745 0.4999831 
746 0.4999831 
747 0.4999831 
748 0.4999831 
749 0.4999831 
750 0.4999831 
751 0.4999831 
752 0.4999831 
753 0.4999831 
754 0.4999831 
755 0.4999831 
756 0.4999831 
757 0.499983 
758 0.499983 
759 0.499983 
760 0.499983 
761 0.499983 
762 0.499983 
763 0.499983 
764 0.499983 
765 0.499983 
766 0.499983 
767 0.499983 
768 0.499983 
769 0.499983 
770 0.499983 
771 0.499983 
772 0.499983 
773 0.499983 
774 0.499983 
775 0.499983 
776 0.499983 
777 0.499983 
778 0.499983 
779 0.499983 
780 0.499983 
781 0.499983 
782 0.499983 
783 0.499983 
784 0.499983 
785 0.499983 
786 0.499983 
787 0.499983 
788 0.499983 
789 0.499983 
790 0.499983 
791 0.499983 
792 0.499983 
793 0.499983 
794 0.499983 
795 0.499983 
796 0.499983 
797 0.499983 
798 0.499983 
799 0.499983 
800 0.4999829 
801 0.4999829 
802 0.4999829 
803 0.4999829 
804 0.4999829 
805 0.4999829 
806 0.4999829 
807 0.4999829 
808 0.4999828 
809 0.4999828 
810 0.4999828 
811 0.4999828 
812 0.4999828 
813 0.4999828 
814 0.4999828 
815 0.4999828 
816 0.4999828 
817 0.4999828 
818 0.4999828 
819 0.4999828 
820 0.4999828 
821 0.4999828 
822 0.4999828 
823 0.4999828 
824 0.4999828 
825 0.4999828 
826 0.4999828 
827 0.4999828 
828 0.4999828 
829 0.4999828 
830 0.4999828 
831 0.4999828 
832 0.4999828 
833 0.4999828 
834 0.4999828 
835 0.4999828 
836 0.4999828 
837 0.4999828 
838 0.4999828 
839 0.4999828 
840 0.4999828 
841 0.4999828 
842 0.4999828 
843 0.4999828 
844 0.4999828 
845 0.4999828 
846 0.4999828 
847 0.4999828 
848 0.4999828 
849 0.4999827 
850 0.4999827 
851 0.4999827 
852 0.4999827 
853 0.4999827 
854 0.4999827 
855 0.4999827 
856 0.4999827 
857 0.4999827 
858 0.4999827 
859 0.4999827 
860 0.4999827 
861 0.4999827 
862 0.4999827 
863 0.4999827 
864 0.4999827 
865 0.4999827 
866 0.4999827 
867 0.4999827 
868 0.4999827 
869 0.4999827 
870 0.4999827 
871 0.4999827 
872 0.4999827 
873 0.4999827 
874 0.4999827 
875 0.4999827 
876 0.4999827 
877 0.4999827 
878 0.4999827 
879 0.4999827 
880 0.4999827 
881 0.4999827 
882 0.4999827 
883 0.4999827 
884 0.4999827 
885 0.4999827 
886 0.4999827 
887 0.4999827 
888 0.4999827 
889 0.4999827 
890 0.4999827 
891 0.4999827 
892 0.4999827 
893 0.4999827 
894 0.4999827 
895 0.4999827 
896 0.4999827 
897 0.4999827 
898 0.4999827 
899 0.4999827 
900 0.4999827 
901 0.4999827 
902 0.4999827 
903 0.4999827 
904 0.4999827 
905 0.4999827 
906 0.4999827 
907 0.4999827 
908 0.4999827 
909 0.4999826 
910 0.4999826 
911 0.4999826 
912 0.4999826 
913 0.4999826 
914 0.4999826 
915 0.4999826 
916 0.4999826 
917 0.4999826 
918 0.4999826 
919 0.4999826 
920 0.4999826 
921 0.4999826 
922 0.4999825 
923 0.4999825 
924 0.4999825 
925 0.4999825 
926 0.4999825 
927 0.4999825 
928 0.4999825 
929 0.4999825 
930 0.4999825 
931 0.4999825 
932 0.4999825 
933 0.4999825 
934 0.4999825 
935 0.4999825 
936 0.4999825 
937 0.4999825 
938 0.4999825 
939 0.4999825 
940 0.4999825 
941 0.4999825 
942 0.4999825 
943 0.4999825 
944 0.4999825 
945 0.4999825 
946 0.4999825 
947 0.4999825 
948 0.4999825 
949 0.4999825 
950 0.4999825 
951 0.4999825 
952 0.4999825 
953 0.4999825 
954 0.4999824 
955 0.4999824 
956 0.4999824 
957 0.4999824 
958 0.4999824 
959 0.4999824 
960 0.4999824 
961 0.4999824 
962 0.4999824 
963 0.4999824 
964 0.4999824 
965 0.4999824 
966 0.4999824 
967 0.4999824 
968 0.4999824 
969 0.4999824 
970 0.4999824 
971 0.4999824 
972 0.4999824 
973 0.4999824 
974 0.4999824 
975 0.4999824 
976 0.4999824 
977 0.4999824 
978 0.4999824 
979 0.4999824 
980 0.4999824 
981 0.4999824 
982 0.4999824 
983 0.4999824 
984 0.4999824 
985 0.4999824 
986 0.4999824 
987 0.4999824 
988 0.4999824 
989 0.4999824 
990 0.4999824 
991 0.4999824 
992 0.4999824 
993 0.4999824 
994 0.4999824 
995 0.4999824 
996 0.4999824 
997 0.4999824 
998 0.4999824 
999 0.4999824 
1000 0.4999824 
1001 0.4999824 
1002 0.4999824 
1003 0.4999824 
1004 0.4999824 
1005 0.4999824 
1006 0.4999824 
1007 0.4999824 
1008 0.4999824 
1009 0.4999824 
1010 0.4999824 
1011 0.4999824 
1012 0.4999824 
1013 0.4999824 
1014 0.4999824 
1015 0.4999824 
1016 0.4999824 
1017 0.4999823 
1018 0.4999823 
1019 0.4999823 
1020 0.4999823 
1021 0.4999823 
1022 0.4999823 
1023 0.4999823 
1024 0.4999823 
1025 0.4999823 
1026 0.4999823 
1027 0.4999823 
1028 0.4999823 
1029 0.4999823 
1030 0.4999823 
1031 0.4999823 
1032 0.4999823 
1033 0.4999823 
1034 0.4999823 
1035 0.4999823 
1036 0.4999823 
1037 0.4999823 
1038 0.4999823 
1039 0.4999823 
1040 0.4999823 
1041 0.4999823 
1042 0.4999823 
1043 0.4999823 
1044 0.4999823 
1045 0.4999823 
1046 0.4999823 
1047 0.4999823 
1048 0.4999823 
1049 0.4999823 
1050 0.4999823 
1051 0.4999823 
1052 0.4999823 
1053 0.4999822 
1054 0.4999822 
1055 0.4999822 
1056 0.4999822 
1057 0.4999822 
1058 0.4999822 
1059 0.4999822 
1060 0.4999822 
1061 0.4999822 
1062 0.4999822 
1063 0.4999822 
1064 0.4999822 
1065 0.4999822 
1066 0.4999822 
1067 0.4999822 
1068 0.4999821 
1069 0.4999821 
1070 0.4999821 
1071 0.4999821 
1072 0.4999821 
1073 0.4999821 
1074 0.4999821 
1075 0.4999821 
1076 0.4999821 
1077 0.4999821 
1078 0.4999821 
1079 0.4999821 
1080 0.4999821 
1081 0.4999821 
1082 0.4999821 
1083 0.4999821 
1084 0.4999821 
1085 0.4999821 
1086 0.4999821 
1087 0.4999821 
1088 0.4999821 
1089 0.4999821 
1090 0.4999821 
1091 0.4999821 
1092 0.4999821 
1093 0.4999821 
1094 0.4999821 
1095 0.4999821 
1096 0.4999821 
1097 0.4999821 
1098 0.4999821 
1099 0.4999821 
1100 0.4999821 
1101 0.4999821 
1102 0.4999821 
1103 0.4999821 
1104 0.4999821 
1105 0.4999821 
1106 0.4999821 
1107 0.4999821 
1108 0.4999821 
1109 0.4999821 
1110 0.4999821 
1111 0.4999821 
1112 0.4999821 
1113 0.4999821 
1114 0.4999821 
1115 0.4999821 
1116 0.4999821 
1117 0.4999821 
1118 0.499982 
1119 0.499982 
1120 0.499982 
1121 0.499982 
1122 0.499982 
1123 0.499982 
1124 0.499982 
1125 0.499982 
1126 0.499982 
1127 0.499982 
1128 0.499982 
1129 0.499982 
1130 0.499982 
1131 0.499982 
1132 0.499982 
1133 0.499982 
1134 0.499982 
1135 0.499982 
1136 0.499982 
1137 0.499982 
1138 0.499982 
1139 0.499982 
1140 0.499982 
1141 0.499982 
1142 0.499982 
1143 0.499982 
1144 0.499982 
1145 0.499982 
1146 0.499982 
1147 0.499982 
1148 0.499982 
1149 0.499982 
1150 0.499982 
1151 0.499982 
1152 0.499982 
1153 0.499982 
1154 0.499982 
1155 0.499982 
1156 0.499982 
1157 0.499982 
1158 0.499982 
1159 0.499982 
1160 0.499982 
1161 0.499982 
1162 0.499982 
1163 0.499982 
1164 0.499982 
1165 0.499982 
1166 0.499982 
1167 0.499982 
1168 0.499982 
1169 0.499982 
1170 0.499982 
1171 0.499982 
1172 0.499982 
1173 0.499982 
1174 0.499982 
1175 0.499982 
1176 0.499982 
1177 0.499982 
1178 0.499982 
1179 0.499982 
1180 0.499982 
1181 0.499982 
1182 0.499982 
1183 0.499982 
1184 0.499982 
1185 0.499982 
1186 0.499982 
1187 0.499982 
1188 0.499982 
1189 0.499982 
1190 0.499982 
1191 0.499982 
1192 0.499982 
1193 0.499982 
1194 0.499982 
1195 0.499982 
1196 0.499982 
1197 0.4999819 
1198 0.4999819 
1199 0.4999819 
1200 0.4999818 
1201 0.4999818 
1202 0.4999818 
1203 0.4999818 
1204 0.4999818 
1205 0.4999818 
1206 0.4999818 
1207 0.4999818 
1208 0.4999818 
1209 0.4999818 
1210 0.4999818 
1211 0.4999818 
1212 0.4999818 
1213 0.4999818 
1214 0.4999818 
1215 0.4999818 
1216 0.4999818 
1217 0.4999818 
1218 0.4999818 
1219 0.4999818 
1220 0.4999818 
1221 0.4999818 
1222 0.4999818 
1223 0.4999818 
1224 0.4999818 
1225 0.4999818 
1226 0.4999818 
1227 0.4999818 
1228 0.4999818 
1229 0.4999818 
1230 0.4999818 
1231 0.4999818 
1232 0.4999818 
1233 0.4999818 
1234 0.4999818 
1235 0.4999818 
1236 0.4999818 
1237 0.4999818 
1238 0.4999818 
1239 0.4999818 
1240 0.4999818 
1241 0.4999818 
1242 0.4999818 
1243 0.4999817 
1244 0.4999817 
1245 0.4999817 
1246 0.4999817 
1247 0.4999817 
1248 0.4999817 
1249 0.4999817 
1250 0.4999817 
1251 0.4999817 
1252 0.4999817 
1253 0.4999817 
1254 0.4999817 
1255 0.4999817 
1256 0.4999817 
1257 0.4999817 
1258 0.4999817 
1259 0.4999817 
1260 0.4999817 
1261 0.4999817 
1262 0.4999817 
1263 0.4999817 
1264 0.4999817 
1265 0.4999817 
1266 0.4999817 
1267 0.4999817 
1268 0.4999817 
1269 0.4999817 
1270 0.4999817 
1271 0.4999817 
1272 0.4999817 
1273 0.4999817 
1274 0.4999817 
1275 0.4999817 
1276 0.4999817 
1277 0.4999817 
1278 0.4999817 
1279 0.4999817 
1280 0.4999817 
1281 0.4999817 
1282 0.4999817 
1283 0.4999817 
1284 0.4999817 
1285 0.4999817 
1286 0.4999817 
1287 0.4999817 
1288 0.4999817 
1289 0.4999817 
1290 0.4999817 
1291 0.4999817 
1292 0.4999817 
1293 0.4999817 
1294 0.4999817 
1295 0.4999817 
1296 0.4999817 
1297 0.4999817 
1298 0.4999817 
1299 0.4999817 
1300 0.4999817 
1301 0.4999817 
1302 0.4999817 
1303 0.4999817 
1304 0.4999817 
1305 0.4999817 
1306 0.4999817 
1307 0.4999817 
1308 0.4999817 
1309 0.4999817 
1310 0.4999817 
1311 0.4999817 
1312 0.4999817 
1313 0.4999817 
1314 0.4999817 
1315 0.4999817 
1316 0.4999817 
1317 0.4999817 
1318 0.4999816 
1319 0.4999816 
1320 0.4999816 
1321 0.4999816 
1322 0.4999816 
1323 0.4999816 
1324 0.4999816 
1325 0.4999816 
1326 0.4999816 
1327 0.4999816 
1328 0.4999816 
1329 0.4999816 
1330 0.4999816 
1331 0.4999816 
1332 0.4999816 
1333 0.4999816 
1334 0.4999816 
1335 0.4999816 
1336 0.4999816 
1337 0.4999816 
1338 0.4999816 
1339 0.4999816 
1340 0.4999816 
1341 0.4999816 
1342 0.4999816 
1343 0.4999816 
1344 0.4999816 
1345 0.4999816 
1346 0.4999816 
1347 0.4999816 
1348 0.4999816 
1349 0.4999816 
1350 0.4999816 
1351 0.4999816 
1352 0.4999816 
1353 0.4999816 
1354 0.4999816 
1355 0.4999816 
1356 0.4999816 
1357 0.4999816 
1358 0.4999816 
1359 0.4999816 
1360 0.4999816 
1361 0.4999816 
1362 0.4999816 
1363 0.4999816 
1364 0.4999816 
1365 0.4999816 
1366 0.4999816 
1367 0.4999816 
1368 0.4999816 
1369 0.4999815 
1370 0.4999815 
1371 0.4999815 
1372 0.4999815 
1373 0.4999815 
1374 0.4999815 
1375 0.4999815 
1376 0.4999815 
1377 0.4999815 
1378 0.4999815 
1379 0.4999815 
1380 0.4999815 
1381 0.4999815 
1382 0.4999815 
1383 0.4999815 
1384 0.4999815 
1385 0.4999815 
1386 0.4999815 
1387 0.4999815 
1388 0.4999815 
1389 0.4999815 
1390 0.4999815 
1391 0.4999815 
1392 0.4999815 
1393 0.4999815 
1394 0.4999815 
1395 0.4999815 
1396 0.4999814 
1397 0.4999814 
1398 0.4999814 
1399 0.4999814 
1400 0.4999814 
1401 0.4999814 
1402 0.4999814 
1403 0.4999814 
1404 0.4999814 
1405 0.4999814 
1406 0.4999814 
1407 0.4999814 
1408 0.4999814 
1409 0.4999814 
1410 0.4999814 
1411 0.4999814 
1412 0.4999814 
1413 0.4999814 
1414 0.4999814 
1415 0.4999814 
1416 0.4999814 
1417 0.4999814 
1418 0.4999814 
1419 0.4999814 
1420 0.4999814 
1421 0.4999814 
1422 0.4999814 
1423 0.4999814 
1424 0.4999814 
1425 0.4999814 
1426 0.4999814 
1427 0.4999814 
1428 0.4999814 
1429 0.4999814 
1430 0.4999814 
1431 0.4999814 
1432 0.4999814 
1433 0.4999814 
1434 0.4999814 
1435 0.4999814 
1436 0.4999814 
1437 0.4999814 
1438 0.4999814 
1439 0.4999814 
1440 0.4999814 
1441 0.4999814 
1442 0.4999814 
1443 0.4999814 
1444 0.4999814 
1445 0.4999814 
1446 0.4999814 
1447 0.4999814 
1448 0.4999814 
1449 0.4999814 
1450 0.4999814 
1451 0.4999814 
1452 0.4999814 
1453 0.4999814 
1454 0.4999814 
1455 0.4999814 
1456 0.4999814 
1457 0.4999813 
1458 0.4999813 
1459 0.4999813 
1460 0.4999813 
1461 0.4999813 
1462 0.4999813 
1463 0.4999813 
1464 0.4999813 
1465 0.4999813 
1466 0.4999813 
1467 0.4999813 
1468 0.4999813 
1469 0.4999813 
1470 0.4999813 
1471 0.4999813 
1472 0.4999813 
1473 0.4999813 
1474 0.4999813 
1475 0.4999813 
1476 0.4999813 
1477 0.4999813 
1478 0.4999813 
1479 0.4999813 
1480 0.4999813 
1481 0.4999813 
1482 0.4999813 
1483 0.4999813 
1484 0.4999813 
1485 0.4999813 
1486 0.4999813 
1487 0.4999813 
1488 0.4999813 
1489 0.4999813 
1490 0.4999813 
1491 0.4999813 
1492 0.4999813 
1493 0.4999813 
1494 0.4999813 
1495 0.4999813 
1496 0.4999813 
1497 0.4999813 
1498 0.4999813 
1499 0.4999813 
1500 0.4999813 
1501 0.4999813 
1502 0.4999813 
1503 0.4999813 
1504 0.4999813 
1505 0.4999813 
1506 0.4999813 
1507 0.4999813 
1508 0.4999813 
1509 0.4999813 
1510 0.4999813 
1511 0.4999813 
1512 0.4999813 
1513 0.4999812 
1514 0.4999812 
1515 0.4999812 
1516 0.4999811 
1517 0.4999811 
1518 0.4999811 
1519 0.4999811 
1520 0.4999811 
1521 0.4999811 
1522 0.4999811 
1523 0.4999811 
1524 0.4999811 
1525 0.4999811 
1526 0.4999811 
1527 0.4999811 
1528 0.4999811 
1529 0.4999811 
1530 0.4999811 
1531 0.4999811 
1532 0.4999811 
1533 0.4999811 
1534 0.4999811 
1535 0.4999811 
1536 0.4999811 
1537 0.4999811 
1538 0.4999811 
1539 0.4999811 
1540 0.4999811 
1541 0.4999811 
1542 0.4999811 
1543 0.4999811 
1544 0.4999811 
1545 0.4999811 
1546 0.4999811 
1547 0.4999811 
1548 0.4999811 
1549 0.4999811 
1550 0.4999811 
1551 0.4999811 
1552 0.4999811 
1553 0.4999811 
1554 0.4999811 
1555 0.4999811 
1556 0.4999811 
1557 0.4999811 
1558 0.4999811 
1559 0.4999811 
1560 0.4999811 
1561 0.4999811 
1562 0.4999811 
1563 0.499981 
1564 0.499981 
1565 0.499981 
1566 0.499981 
1567 0.499981 
1568 0.499981 
1569 0.499981 
1570 0.499981 
1571 0.499981 
1572 0.499981 
1573 0.499981 
1574 0.499981 
1575 0.499981 
1576 0.499981 
1577 0.499981 
1578 0.499981 
1579 0.499981 
1580 0.499981 
1581 0.499981 
1582 0.499981 
1583 0.499981 
1584 0.499981 
1585 0.499981 
1586 0.499981 
1587 0.499981 
1588 0.499981 
1589 0.499981 
1590 0.499981 
1591 0.499981 
1592 0.499981 
1593 0.499981 
1594 0.499981 
1595 0.499981 
1596 0.499981 
1597 0.499981 
1598 0.499981 
1599 0.499981 
1600 0.499981 
1601 0.499981 
1602 0.499981 
1603 0.499981 
1604 0.499981 
1605 0.499981 
1606 0.499981 
1607 0.499981 
1608 0.499981 
1609 0.499981 
1610 0.499981 
1611 0.499981 
1612 0.499981 
1613 0.499981 
1614 0.499981 
1615 0.499981 
1616 0.499981 
1617 0.499981 
1618 0.499981 
1619 0.499981 
1620 0.499981 
1621 0.499981 
1622 0.499981 
1623 0.4999809 
1624 0.4999809 
1625 0.4999809 
1626 0.4999809 
1627 0.4999809 
1628 0.4999809 
1629 0.4999809 
1630 0.4999809 
1631 0.4999809 
1632 0.4999809 
1633 0.4999809 
1634 0.4999809 
1635 0.4999809 
1636 0.4999809 
1637 0.4999809 
1638 0.4999809 
1639 0.4999809 
1640 0.4999809 
1641 0.4999809 
1642 0.4999809 
1643 0.4999809 
1644 0.4999809 
1645 0.4999809 
1646 0.4999809 
1647 0.4999809 
1648 0.4999809 
1649 0.4999808 
1650 0.4999808 
1651 0.4999808 
1652 0.4999808 
1653 0.4999808 
1654 0.4999808 
1655 0.4999808 
1656 0.4999808 
1657 0.4999808 
1658 0.4999808 
1659 0.4999808 
1660 0.4999808 
1661 0.4999808 
1662 0.4999808 
1663 0.4999808 
1664 0.4999808 
1665 0.4999808 
1666 0.4999808 
1667 0.4999808 
1668 0.4999808 
1669 0.4999808 
1670 0.4999808 
1671 0.4999808 
1672 0.4999808 
1673 0.4999808 
1674 0.4999808 
1675 0.4999808 
1676 0.4999808 
1677 0.4999808 
1678 0.4999808 
1679 0.4999808 
1680 0.4999808 
1681 0.4999808 
1682 0.4999808 
1683 0.4999808 
1684 0.4999808 
1685 0.4999808 
1686 0.4999808 
1687 0.4999808 
1688 0.4999808 
1689 0.4999807 
1690 0.4999807 
1691 0.4999807 
1692 0.4999807 
1693 0.4999807 
1694 0.4999807 
1695 0.4999807 
1696 0.4999807 
1697 0.4999807 
1698 0.4999807 
1699 0.4999807 
1700 0.4999807 
1701 0.4999807 
1702 0.4999807 
1703 0.4999807 
1704 0.4999807 
1705 0.4999807 
1706 0.4999807 
1707 0.4999807 
1708 0.4999807 
1709 0.4999807 
1710 0.4999807 
1711 0.4999807 
1712 0.4999807 
1713 0.4999807 
1714 0.4999807 
1715 0.4999807 
1716 0.4999807 
1717 0.4999807 
1718 0.4999807 
1719 0.4999807 
1720 0.4999807 
1721 0.4999807 
1722 0.4999807 
1723 0.4999807 
1724 0.4999807 
1725 0.4999807 
1726 0.4999807 
1727 0.4999807 
1728 0.4999807 
1729 0.4999807 
1730 0.4999807 
1731 0.4999807 
1732 0.4999807 
1733 0.4999807 
1734 0.4999807 
1735 0.4999807 
1736 0.4999807 
1737 0.4999807 
1738 0.4999807 
1739 0.4999807 
1740 0.4999807 
1741 0.4999807 
1742 0.4999807 
1743 0.4999807 
1744 0.4999807 
1745 0.4999807 
1746 0.4999807 
1747 0.4999807 
1748 0.4999807 
1749 0.4999807 
1750 0.4999806 
1751 0.4999806 
1752 0.4999806 
1753 0.4999806 
1754 0.4999806 
1755 0.4999806 
1756 0.4999806 
1757 0.4999806 
1758 0.4999806 
1759 0.4999806 
1760 0.4999806 
1761 0.4999806 
1762 0.4999806 
1763 0.4999806 
1764 0.4999806 
1765 0.4999806 
1766 0.4999806 
1767 0.4999806 
1768 0.4999806 
1769 0.4999806 
1770 0.4999806 
1771 0.4999806 
1772 0.4999806 
1773 0.4999806 
1774 0.4999806 
1775 0.4999806 
1776 0.4999806 
1777 0.4999806 
1778 0.4999806 
1779 0.4999806 
1780 0.4999806 
1781 0.4999806 
1782 0.4999806 
1783 0.4999806 
1784 0.4999806 
1785 0.4999806 
1786 0.4999806 
1787 0.4999806 
1788 0.4999806 
1789 0.4999806 
1790 0.4999806 
1791 0.4999806 
1792 0.4999806 
1793 0.4999806 
1794 0.4999806 
1795 0.4999806 
1796 0.4999806 
1797 0.4999806 
1798 0.4999806 
1799 0.4999806 
1800 0.4999806 
1801 0.4999806 
1802 0.4999806 
1803 0.4999806 
1804 0.4999806 
1805 0.4999806 
1806 0.4999806 
1807 0.4999806 
1808 0.4999806 
1809 0.4999806 
1810 0.4999806 
1811 0.4999806 
1812 0.4999806 
1813 0.4999806 
1814 0.4999806 
1815 0.4999806 
1816 0.4999806 
1817 0.4999806 
1818 0.4999806 
1819 0.4999806 
1820 0.4999806 
1821 0.4999806 
1822 0.4999806 
1823 0.4999806 
1824 0.4999806 
1825 0.4999806 
1826 0.4999805 
1827 0.4999805 
1828 0.4999805 
1829 0.4999805 
1830 0.4999805 
1831 0.4999805 
1832 0.4999805 
1833 0.4999805 
1834 0.4999805 
1835 0.4999805 
1836 0.4999805 
1837 0.4999805 
1838 0.4999805 
1839 0.4999805 
1840 0.4999804 
1841 0.4999804 
1842 0.4999804 
1843 0.4999804 
1844 0.4999804 
1845 0.4999804 
1846 0.4999804 
1847 0.4999804 
1848 0.4999804 
1849 0.4999804 
1850 0.4999804 
1851 0.4999804 
1852 0.4999804 
1853 0.4999804 
1854 0.4999804 
1855 0.4999804 
1856 0.4999804 
1857 0.4999804 
1858 0.4999804 
1859 0.4999804 
1860 0.4999804 
1861 0.4999804 
1862 0.4999804 
1863 0.4999804 
1864 0.4999804 
1865 0.4999804 
1866 0.4999804 
1867 0.4999804 
1868 0.4999804 
1869 0.4999804 
1870 0.4999804 
1871 0.4999804 
1872 0.4999804 
1873 0.4999804 
1874 0.4999804 
1875 0.4999804 
1876 0.4999804 
1877 0.4999804 
1878 0.4999804 
1879 0.4999804 
1880 0.4999804 
1881 0.4999804 
1882 0.4999804 
1883 0.4999804 
1884 0.4999804 
1885 0.4999804 
1886 0.4999804 
1887 0.4999804 
1888 0.4999804 
1889 0.4999804 
1890 0.4999804 
1891 0.4999804 
1892 0.4999804 
1893 0.4999804 
1894 0.4999804 
1895 0.4999804 
1896 0.4999804 
1897 0.4999804 
1898 0.4999804 
1899 0.4999804 
1900 0.4999804 
1901 0.4999804 
1902 0.4999804 
1903 0.4999804 
1904 0.4999804 
1905 0.4999804 
1906 0.4999804 
1907 0.4999804 
1908 0.4999804 
1909 0.4999804 
1910 0.4999804 
1911 0.4999804 
1912 0.4999804 
1913 0.4999804 
1914 0.4999804 
1915 0.4999804 
1916 0.4999804 
1917 0.4999804 
1918 0.4999804 
1919 0.4999804 
1920 0.4999803 
1921 0.4999803 
1922 0.4999803 
1923 0.4999803 
1924 0.4999803 
1925 0.4999803 
1926 0.4999803 
1927 0.4999803 
1928 0.4999803 
1929 0.4999803 
1930 0.4999803 
1931 0.4999803 
1932 0.4999803 
1933 0.4999803 
1934 0.4999803 
1935 0.4999803 
1936 0.4999803 
1937 0.4999803 
1938 0.4999803 
1939 0.4999803 
1940 0.4999803 
1941 0.4999803 
1942 0.4999803 
1943 0.4999803 
1944 0.4999803 
1945 0.4999803 
1946 0.4999803 
1947 0.4999803 
1948 0.4999803 
1949 0.4999803 
1950 0.4999803 
1951 0.4999803 
1952 0.4999803 
1953 0.4999803 
1954 0.4999803 
1955 0.4999803 
1956 0.4999803 
1957 0.4999803 
1958 0.4999803 
1959 0.4999803 
1960 0.4999803 
1961 0.4999803 
1962 0.4999803 
1963 0.4999803 
1964 0.4999803 
1965 0.4999803 
1966 0.4999803 
1967 0.4999803 
1968 0.4999803 
1969 0.4999803 
1970 0.4999803 
1971 0.4999803 
1972 0.4999803 
1973 0.4999803 
1974 0.4999803 
1975 0.4999803 
1976 0.4999803 
1977 0.4999803 
1978 0.4999803 
1979 0.4999803 
1980 0.4999803 
1981 0.4999803 
1982 0.4999803 
1983 0.4999803 
1984 0.4999803 
1985 0.4999803 
1986 0.4999803 
1987 0.4999803 
1988 0.4999803 
1989 0.4999803 
1990 0.4999803 
1991 0.4999803 
1992 0.4999803 
1993 0.4999803 
1994 0.4999803 
1995 0.4999803 
1996 0.4999803 
1997 0.4999803 
1998 0.4999803 
1999 0.4999803 
2000 0.4999803 
2001 0.4999803 
2002 0.4999803 
2003 0.4999803 
2004 0.4999803 
2005 0.4999803 
2006 0.4999803 
2007 0.4999803 
2008 0.4999803 
2009 0.4999803 
2010 0.4999803 
2011 0.4999803 
2012 0.4999803 
2013 0.4999802 
2014 0.4999802 
2015 0.4999802 
2016 0.4999802 
2017 0.4999801 
2018 0.4999801 
2019 0.4999801 
2020 0.4999801 
2021 0.4999801 
2022 0.4999801 
2023 0.4999801 
2024 0.4999801 
2025 0.4999801 
2026 0.4999801 
2027 0.4999801 
2028 0.4999801 
2029 0.4999801 
2030 0.4999801 
2031 0.4999801 
2032 0.4999801 
2033 0.4999801 
2034 0.4999801 
2035 0.4999801 
2036 0.4999801 
2037 0.4999801 
2038 0.4999801 
2039 0.4999801 
2040 0.4999801 
2041 0.4999801 
2042 0.4999801 
2043 0.4999801 
2044 0.4999801 
2045 0.4999801 
2046 0.4999801 
2047 0.4999801 
2048 0.4999801 
2049 0.4999801 
2050 0.4999801 
2051 0.4999801 
2052 0.4999801 
2053 0.4999801 
2054 0.4999801 
2055 0.4999801 
2056 0.4999801 
2057 0.4999801 
2058 0.4999801 
2059 0.4999801 
2060 0.4999801 
2061 0.4999801 
2062 0.4999801 
2063 0.4999801 
2064 0.49998 
2065 0.49998 
2066 0.49998 
2067 0.49998 
2068 0.49998 
2069 0.49998 
2070 0.49998 
2071 0.49998 
2072 0.49998 
2073 0.49998 
2074 0.49998 
2075 0.49998 
2076 0.49998 
2077 0.49998 
2078 0.49998 
2079 0.49998 
2080 0.49998 
2081 0.49998 
2082 0.49998 
2083 0.49998 
2084 0.49998 
2085 0.49998 
2086 0.49998 
2087 0.49998 
2088 0.49998 
2089 0.49998 
2090 0.49998 
2091 0.49998 
2092 0.49998 
2093 0.49998 
2094 0.49998 
2095 0.49998 
2096 0.49998 
2097 0.49998 
2098 0.49998 
2099 0.49998 
2100 0.49998 
2101 0.49998 
2102 0.49998 
2103 0.49998 
2104 0.49998 
2105 0.49998 
2106 0.49998 
2107 0.49998 
2108 0.49998 
2109 0.49998 
2110 0.49998 
2111 0.49998 
2112 0.49998 
2113 0.49998 
2114 0.49998 
2115 0.49998 
2116 0.49998 
2117 0.49998 
2118 0.49998 
2119 0.49998 
2120 0.49998 
2121 0.49998 
2122 0.49998 
2123 0.49998 
2124 0.49998 
2125 0.49998 
2126 0.49998 
2127 0.49998 
2128 0.49998 
2129 0.49998 
2130 0.49998 
2131 0.49998 
2132 0.49998 
2133 0.49998 
2134 0.49998 
2135 0.49998 
2136 0.49998 
2137 0.49998 
2138 0.49998 
2139 0.49998 
2140 0.49998 
2141 0.49998 
2142 0.49998 
2143 0.49998 
2144 0.49998 
2145 0.49998 
2146 0.49998 
2147 0.49998 
2148 0.49998 
2149 0.49998 
2150 0.49998 
2151 0.49998 
2152 0.49998 
2153 0.49998 
2154 0.49998 
2155 0.49998 
2156 0.49998 
2157 0.49998 
2158 0.49998 
2159 0.49998 
2160 0.49998 
2161 0.49998 
2162 0.49998 
2163 0.49998 
2164 0.49998 
2165 0.49998 
2166 0.49998 
2167 0.49998 
2168 0.4999799 
2169 0.4999799 
2170 0.4999799 
2171 0.4999799 
2172 0.4999799 
2173 0.4999799 
2174 0.4999799 
2175 0.4999799 
2176 0.4999799 
2177 0.4999799 
2178 0.4999799 
2179 0.4999799 
2180 0.4999799 
2181 0.4999799 
2182 0.4999799 
2183 0.4999799 
2184 0.4999799 
2185 0.4999799 
2186 0.4999799 
2187 0.4999799 
2188 0.4999799 
2189 0.4999799 
2190 0.4999799 
2191 0.4999799 
2192 0.4999799 
2193 0.4999799 
2194 0.4999799 
2195 0.4999799 
2196 0.4999799 
2197 0.4999799 
2198 0.4999799 
2199 0.4999799 
2200 0.4999799 
2201 0.4999799 
2202 0.4999799 
2203 0.4999799 
2204 0.4999799 
2205 0.4999799 
2206 0.4999799 
2207 0.4999799 
2208 0.4999799 
2209 0.4999799 
2210 0.4999799 
2211 0.4999799 
2212 0.4999799 
2213 0.4999799 
2214 0.4999799 
2215 0.4999799 
2216 0.4999799 
2217 0.4999799 
2218 0.4999799 
2219 0.4999799 
2220 0.4999799 
2221 0.4999799 
2222 0.4999799 
2223 0.4999799 
2224 0.4999799 
2225 0.4999799 
2226 0.4999799 
2227 0.4999799 
2228 0.4999799 
2229 0.4999799 
2230 0.4999799 
2231 0.4999799 
2232 0.4999799 
2233 0.4999799 
2234 0.4999799 
2235 0.4999799 
2236 0.4999799 
2237 0.4999799 
2238 0.4999799 
2239 0.4999799 
2240 0.4999799 
2241 0.4999799 
2242 0.4999799 
2243 0.4999799 
2244 0.4999799 
2245 0.4999799 
2246 0.4999799 
2247 0.4999799 
2248 0.4999799 
2249 0.4999799 
2250 0.4999799 
2251 0.4999799 
2252 0.4999799 
2253 0.4999799 
2254 0.4999799 
2255 0.4999799 
2256 0.4999799 
2257 0.4999799 
2258 0.4999799 
2259 0.4999799 
2260 0.4999799 
2261 0.4999799 
2262 0.4999799 
2263 0.4999799 
2264 0.4999798 
2265 0.4999798 
2266 0.4999798 
2267 0.4999798 
2268 0.4999798 
2269 0.4999798 
2270 0.4999798 
2271 0.4999798 
2272 0.4999798 
2273 0.4999798 
2274 0.4999798 
2275 0.4999798 
2276 0.4999798 
2277 0.4999798 
2278 0.4999798 
2279 0.4999798 
2280 0.4999798 
2281 0.4999798 
2282 0.4999798 
2283 0.4999798 
2284 0.4999798 
2285 0.4999798 
2286 0.4999798 
2287 0.4999798 
2288 0.4999798 
2289 0.4999797 
2290 0.4999797 
2291 0.4999797 
2292 0.4999797 
2293 0.4999797 
2294 0.4999797 
2295 0.4999797 
2296 0.4999797 
2297 0.4999797 
2298 0.4999797 
2299 0.4999797 
2300 0.4999797 
2301 0.4999797 
2302 0.4999797 
2303 0.4999797 
2304 0.4999797 
2305 0.4999797 
2306 0.4999797 
2307 0.4999797 
2308 0.4999797 
2309 0.4999797 
2310 0.4999797 
2311 0.4999797 
2312 0.4999797 
2313 0.4999797 
2314 0.4999797 
2315 0.4999797 
2316 0.4999797 
2317 0.4999797 
2318 0.4999797 
2319 0.4999797 
2320 0.4999797 
2321 0.4999797 
2322 0.4999797 
2323 0.4999797 
2324 0.4999797 
2325 0.4999797 
2326 0.4999797 
2327 0.4999797 
2328 0.4999797 
2329 0.4999797 
2330 0.4999797 
2331 0.4999797 
2332 0.4999797 
2333 0.4999797 
2334 0.4999797 
2335 0.4999797 
2336 0.4999797 
2337 0.4999797 
2338 0.4999797 
2339 0.4999797 
2340 0.4999797 
2341 0.4999797 
2342 0.4999797 
2343 0.4999797 
2344 0.4999797 
2345 0.4999797 
2346 0.4999797 
2347 0.4999797 
2348 0.4999797 
2349 0.4999797 
2350 0.4999797 
2351 0.4999797 
2352 0.4999797 
2353 0.4999797 
2354 0.4999797 
2355 0.4999797 
2356 0.4999797 
2357 0.4999797 
2358 0.4999797 
2359 0.4999797 
2360 0.4999797 
2361 0.4999797 
2362 0.4999797 
2363 0.4999797 
2364 0.4999797 
2365 0.4999797 
2366 0.4999797 
2367 0.4999797 
2368 0.4999797 
2369 0.4999797 
2370 0.4999797 
2371 0.4999797 
2372 0.4999797 
2373 0.4999797 
2374 0.4999797 
2375 0.4999797 
2376 0.4999797 
2377 0.4999797 
2378 0.4999797 
2379 0.4999797 
2380 0.4999797 
2381 0.4999797 
2382 0.4999797 
2383 0.4999797 
2384 0.4999797 
2385 0.4999797 
2386 0.4999796 
2387 0.4999796 
2388 0.4999796 
2389 0.4999796 
2390 0.4999796 
2391 0.4999796 
2392 0.4999796 
2393 0.4999796 
2394 0.4999796 
2395 0.4999796 
2396 0.4999796 
2397 0.4999796 
2398 0.4999796 
2399 0.4999796 
2400 0.4999796 
2401 0.4999796 
2402 0.4999796 
2403 0.4999796 
2404 0.4999796 
2405 0.4999796 
2406 0.4999796 
2407 0.4999796 
2408 0.4999796 
2409 0.4999796 
2410 0.4999796 
2411 0.4999796 
2412 0.4999796 
2413 0.4999796 
2414 0.4999796 
2415 0.4999796 
2416 0.4999796 
2417 0.4999796 
2418 0.4999796 
2419 0.4999796 
2420 0.4999796 
2421 0.4999796 
2422 0.4999796 
2423 0.4999796 
2424 0.4999796 
2425 0.4999796 
2426 0.4999796 
2427 0.4999796 
2428 0.4999796 
2429 0.4999796 
2430 0.4999796 
2431 0.4999796 
2432 0.4999796 
2433 0.4999796 
2434 0.4999796 
2435 0.4999796 
2436 0.4999796 
2437 0.4999796 
2438 0.4999796 
2439 0.4999796 
2440 0.4999796 
2441 0.4999796 
2442 0.4999796 
2443 0.4999796 
2444 0.4999796 
2445 0.4999796 
2446 0.4999796 
2447 0.4999796 
2448 0.4999796 
2449 0.4999796 
2450 0.4999796 
2451 0.4999796 
2452 0.4999796 
2453 0.4999796 
2454 0.4999796 
2455 0.4999796 
2456 0.4999796 
2457 0.4999796 
2458 0.4999796 
2459 0.4999796 
2460 0.4999796 
2461 0.4999796 
2462 0.4999796 
2463 0.4999796 
2464 0.4999796 
2465 0.4999796 
2466 0.4999796 
2467 0.4999796 
2468 0.4999795 
2469 0.4999795 
2470 0.4999795 
2471 0.4999795 
2472 0.4999795 
2473 0.4999795 
2474 0.4999795 
2475 0.4999795 
2476 0.4999795 
2477 0.4999795 
2478 0.4999795 
2479 0.4999794 
2480 0.4999794 
2481 0.4999794 
2482 0.4999794 
2483 0.4999794 
2484 0.4999794 
2485 0.4999794 
2486 0.4999794 
2487 0.4999794 
2488 0.4999794 
2489 0.4999794 
2490 0.4999794 
2491 0.4999794 
2492 0.4999794 
2493 0.4999794 
2494 0.4999794 
2495 0.4999794 
2496 0.4999794 
2497 0.4999794 
2498 0.4999794 
2499 0.4999794 
2500 0.4999794 
2501 0.4999794 
2502 0.4999794 
2503 0.4999794 
2504 0.4999794 
2505 0.4999794 
2506 0.4999794 
2507 0.4999794 
2508 0.4999794 
2509 0.4999794 
2510 0.4999794 
2511 0.4999794 
2512 0.4999794 
2513 0.4999794 
2514 0.4999794 
2515 0.4999794 
2516 0.4999794 
2517 0.4999794 
2518 0.4999794 
2519 0.4999794 
2520 0.4999794 
2521 0.4999794 
2522 0.4999794 
2523 0.4999794 
2524 0.4999794 
2525 0.4999794 
2526 0.4999794 
2527 0.4999794 
2528 0.4999794 
2529 0.4999794 
2530 0.4999794 
2531 0.4999794 
2532 0.4999794 
2533 0.4999794 
2534 0.4999794 
2535 0.4999794 
2536 0.4999794 
2537 0.4999794 
2538 0.4999794 
2539 0.4999794 
2540 0.4999794 
2541 0.4999794 
2542 0.4999794 
2543 0.4999794 
2544 0.4999794 
2545 0.4999794 
2546 0.4999794 
2547 0.4999794 
2548 0.4999794 
2549 0.4999794 
2550 0.4999794 
2551 0.4999794 
2552 0.4999794 
2553 0.4999794 
2554 0.4999794 
2555 0.4999794 
2556 0.4999794 
2557 0.4999794 
2558 0.4999794 
2559 0.4999793 
2560 0.4999793 
2561 0.4999793 
2562 0.4999793 
2563 0.4999793 
2564 0.4999793 
2565 0.4999793 
2566 0.4999793 
2567 0.4999793 
2568 0.4999793 
2569 0.4999793 
2570 0.4999793 
2571 0.4999793 
2572 0.4999793 
2573 0.4999793 
2574 0.4999793 
2575 0.4999793 
2576 0.4999793 
2577 0.4999793 
2578 0.4999793 
2579 0.4999793 
2580 0.4999793 
2581 0.4999793 
2582 0.4999793 
2583 0.4999793 
2584 0.4999793 
2585 0.4999793 
2586 0.4999793 
2587 0.4999793 
2588 0.4999793 
2589 0.4999793 
2590 0.4999793 
2591 0.4999793 
2592 0.4999793 
2593 0.4999793 
2594 0.4999793 
2595 0.4999793 
2596 0.4999793 
2597 0.4999793 
2598 0.4999793 
2599 0.4999793 
2600 0.4999793 
2601 0.4999793 
2602 0.4999793 
2603 0.4999793 
2604 0.4999793 
2605 0.4999793 
2606 0.4999793 
2607 0.4999793 
2608 0.4999793 
2609 0.4999793 
2610 0.4999793 
2611 0.4999793 
2612 0.4999793 
2613 0.4999793 
2614 0.4999793 
2615 0.4999793 
2616 0.4999793 
2617 0.4999793 
2618 0.4999793 
2619 0.4999793 
2620 0.4999793 
2621 0.4999793 
2622 0.4999793 
2623 0.4999793 
2624 0.4999793 
2625 0.4999793 
2626 0.4999793 
2627 0.4999793 
2628 0.4999793 
2629 0.4999793 
2630 0.4999793 
2631 0.4999793 
2632 0.4999793 
2633 0.4999793 
2634 0.4999793 
2635 0.4999793 
2636 0.4999792 
2637 0.4999792 
2638 0.4999792 
2639 0.4999792 
2640 0.4999792 
2641 0.4999792 
2642 0.4999792 
2643 0.4999792 
2644 0.4999792 
2645 0.4999792 
2646 0.4999792 
2647 0.4999792 
2648 0.4999792 
2649 0.4999792 
2650 0.4999792 
2651 0.4999792 
2652 0.4999792 
2653 0.4999792 
2654 0.4999792 
2655 0.4999792 
2656 0.4999792 
2657 0.4999792 
2658 0.4999792 
2659 0.4999792 
2660 0.4999792 
2661 0.4999792 
2662 0.4999792 
2663 0.4999792 
2664 0.4999792 
2665 0.4999792 
2666 0.4999792 
2667 0.4999792 
2668 0.4999792 
2669 0.4999792 
2670 0.4999792 
2671 0.4999792 
2672 0.4999792 
2673 0.4999792 
2674 0.4999792 
2675 0.4999792 
2676 0.4999792 
2677 0.4999792 
2678 0.4999792 
2679 0.4999792 
2680 0.4999792 
2681 0.4999792 
2682 0.4999792 
2683 0.4999791 
2684 0.4999791 
2685 0.4999791 
2686 0.4999791 
2687 0.4999791 
2688 0.4999791 
2689 0.4999791 
2690 0.4999791 
2691 0.4999791 
2692 0.4999791 
2693 0.4999791 
2694 0.4999791 
2695 0.4999791 
2696 0.4999791 
2697 0.4999791 
2698 0.4999791 
2699 0.4999791 
2700 0.4999791 
2701 0.4999791 
2702 0.4999791 
2703 0.4999791 
2704 0.4999791 
2705 0.4999791 
2706 0.4999791 
2707 0.4999791 
2708 0.4999791 
2709 0.4999791 
2710 0.4999791 
2711 0.4999791 
2712 0.4999791 
2713 0.4999791 
2714 0.4999791 
2715 0.4999791 
2716 0.4999791 
2717 0.4999791 
2718 0.4999791 
2719 0.4999791 
2720 0.4999791 
2721 0.4999791 
2722 0.4999791 
2723 0.499979 
2724 0.499979 
2725 0.499979 
2726 0.499979 
2727 0.499979 
2728 0.499979 
2729 0.499979 
2730 0.499979 
2731 0.499979 
2732 0.499979 
2733 0.499979 
2734 0.499979 
2735 0.499979 
2736 0.499979 
2737 0.499979 
2738 0.499979 
2739 0.499979 
2740 0.499979 
2741 0.499979 
2742 0.499979 
2743 0.499979 
2744 0.499979 
2745 0.499979 
2746 0.499979 
2747 0.499979 
2748 0.499979 
2749 0.499979 
2750 0.499979 
2751 0.499979 
2752 0.499979 
2753 0.499979 
2754 0.499979 
2755 0.499979 
2756 0.499979 
2757 0.499979 
2758 0.499979 
2759 0.499979 
2760 0.499979 
2761 0.499979 
2762 0.499979 
2763 0.499979 
2764 0.499979 
2765 0.499979 
2766 0.499979 
2767 0.499979 
2768 0.499979 
2769 0.499979 
2770 0.499979 
2771 0.499979 
2772 0.499979 
2773 0.499979 
2774 0.499979 
2775 0.499979 
2776 0.499979 
2777 0.499979 
2778 0.499979 
2779 0.499979 
2780 0.499979 
2781 0.499979 
2782 0.499979 
2783 0.499979 
2784 0.499979 
2785 0.499979 
2786 0.499979 
2787 0.499979 
2788 0.499979 
2789 0.499979 
2790 0.499979 
2791 0.499979 
2792 0.499979 
2793 0.499979 
2794 0.499979 
2795 0.499979 
2796 0.499979 
2797 0.499979 
2798 0.499979 
2799 0.499979 
2800 0.499979 
2801 0.499979 
2802 0.499979 
2803 0.499979 
2804 0.499979 
2805 0.499979 
2806 0.499979 
2807 0.499979 
2808 0.499979 
2809 0.4999789 
2810 0.4999789 
2811 0.4999789 
2812 0.4999789 
2813 0.4999789 
2814 0.4999789 
2815 0.4999789 
2816 0.4999789 
2817 0.4999789 
2818 0.4999789 
2819 0.4999789 
2820 0.4999789 
2821 0.4999789 
2822 0.4999789 
2823 0.4999789 
2824 0.4999789 
2825 0.4999789 
2826 0.4999789 
2827 0.4999789 
2828 0.4999789 
2829 0.4999789 
2830 0.4999789 
2831 0.4999789 
2832 0.4999789 
2833 0.4999789 
2834 0.4999789 
2835 0.4999789 
2836 0.4999789 
2837 0.4999789 
2838 0.4999789 
2839 0.4999789 
2840 0.4999789 
2841 0.4999789 
2842 0.4999789 
2843 0.4999789 
2844 0.4999789 
2845 0.4999789 
2846 0.4999789 
2847 0.4999789 
2848 0.4999789 
2849 0.4999789 
2850 0.4999789 
2851 0.4999789 
2852 0.4999789 
2853 0.4999789 
2854 0.4999789 
2855 0.4999789 
2856 0.4999788 
2857 0.4999788 
2858 0.4999788 
2859 0.4999788 
2860 0.4999788 
2861 0.4999787 
2862 0.4999787 
2863 0.4999787 
2864 0.4999787 
2865 0.4999787 
2866 0.4999787 
2867 0.4999787 
2868 0.4999787 
2869 0.4999787 
2870 0.4999787 
2871 0.4999787 
2872 0.4999787 
2873 0.4999787 
2874 0.4999787 
2875 0.4999787 
2876 0.4999787 
2877 0.4999787 
2878 0.4999787 
2879 0.4999787 
2880 0.4999787 
2881 0.4999787 
2882 0.4999787 
2883 0.4999787 
2884 0.4999787 
2885 0.4999787 
2886 0.4999787 
2887 0.4999787 
2888 0.4999787 
2889 0.4999787 
2890 0.4999787 
2891 0.4999787 
2892 0.4999787 
2893 0.4999787 
2894 0.4999787 
2895 0.4999787 
2896 0.4999787 
2897 0.4999787 
2898 0.4999787 
2899 0.4999787 
2900 0.4999787 
2901 0.4999787 
2902 0.4999787 
2903 0.4999787 
2904 0.4999787 
2905 0.4999787 
2906 0.4999787 
2907 0.4999787 
2908 0.4999787 
2909 0.4999787 
2910 0.4999787 
2911 0.4999787 
2912 0.4999787 
2913 0.4999787 
2914 0.4999787 
2915 0.4999787 
2916 0.4999787 
2917 0.4999787 
2918 0.4999787 
2919 0.4999787 
2920 0.4999787 
2921 0.4999787 
2922 0.4999787 
2923 0.4999787 
2924 0.4999787 
2925 0.4999787 
2926 0.4999787 
2927 0.4999787 
2928 0.4999787 
2929 0.4999787 
2930 0.4999787 
2931 0.4999787 
2932 0.4999787 
2933 0.4999787 
2934 0.4999787 
2935 0.4999787 
2936 0.4999787 
2937 0.4999787 
2938 0.4999787 
2939 0.4999787 
2940 0.4999787 
2941 0.4999787 
2942 0.4999787 
2943 0.4999787 
2944 0.4999787 
2945 0.4999787 
2946 0.4999787 
2947 0.4999787 
2948 0.4999787 
2949 0.4999787 
2950 0.4999787 
2951 0.4999787 
2952 0.4999787 
2953 0.4999787 
2954 0.4999787 
2955 0.4999787 
2956 0.4999787 
2957 0.4999787 
2958 0.4999787 
2959 0.4999786 
2960 0.4999786 
2961 0.4999786 
2962 0.4999786 
2963 0.4999786 
2964 0.4999786 
2965 0.4999786 
2966 0.4999786 
2967 0.4999786 
2968 0.4999786 
2969 0.4999786 
2970 0.4999786 
2971 0.4999786 
2972 0.4999786 
2973 0.4999786 
2974 0.4999786 
2975 0.4999786 
2976 0.4999786 
2977 0.4999786 
2978 0.4999786 
2979 0.4999786 
2980 0.4999786 
2981 0.4999786 
2982 0.4999786 
2983 0.4999786 
2984 0.4999786 
2985 0.4999786 
2986 0.4999786 
2987 0.4999786 
2988 0.4999786 
2989 0.4999785 
2990 0.4999785 
2991 0.4999785 
2992 0.4999785 
2993 0.4999784 
2994 0.4999784 
2995 0.4999784 
2996 0.4999784 
2997 0.4999784 
2998 0.4999784 
2999 0.4999784 
3000 0.4999784 
3001 0.4999784 
3002 0.4999784 
3003 0.4999784 
3004 0.4999784 
3005 0.4999784 
3006 0.4999784 
3007 0.4999784 
3008 0.4999784 
3009 0.4999784 
3010 0.4999784 
3011 0.4999783 
3012 0.4999783 
3013 0.4999783 
3014 0.4999783 
3015 0.4999783 
3016 0.4999783 
3017 0.4999783 
3018 0.4999783 
3019 0.4999783 
3020 0.4999783 
3021 0.4999783 
3022 0.4999783 
3023 0.4999783 
3024 0.4999783 
3025 0.4999783 
3026 0.4999783 
3027 0.4999783 
3028 0.4999783 
3029 0.4999783 
3030 0.4999783 
3031 0.4999783 
3032 0.4999783 
3033 0.4999783 
3034 0.4999783 
3035 0.4999783 
3036 0.4999783 
3037 0.4999783 
3038 0.4999783 
3039 0.4999783 
3040 0.4999783 
3041 0.4999783 
3042 0.4999783 
3043 0.4999783 
3044 0.4999783 
3045 0.4999782 
3046 0.4999782 
3047 0.4999782 
3048 0.4999782 
3049 0.4999782 
3050 0.4999782 
3051 0.4999782 
3052 0.4999781 
3053 0.4999781 
3054 0.4999781 
3055 0.4999781 
3056 0.4999781 
3057 0.4999781 
3058 0.4999781 
3059 0.4999781 
3060 0.4999781 
3061 0.4999781 
3062 0.4999781 
3063 0.4999781 
3064 0.499978 
3065 0.499978 
3066 0.499978 
3067 0.499978 
3068 0.499978 
3069 0.499978 
3070 0.499978 
3071 0.499978 
3072 0.499978 
3073 0.499978 
3074 0.499978 
3075 0.499978 
3076 0.499978 
3077 0.499978 
3078 0.499978 
3079 0.499978 
3080 0.499978 
3081 0.499978 
3082 0.499978 
3083 0.499978 
3084 0.499978 
3085 0.499978 
3086 0.499978 
3087 0.499978 
3088 0.499978 
3089 0.499978 
3090 0.499978 
3091 0.499978 
3092 0.499978 
3093 0.499978 
3094 0.499978 
3095 0.499978 
3096 0.499978 
3097 0.499978 
3098 0.499978 
3099 0.499978 
3100 0.499978 
3101 0.499978 
3102 0.499978 
3103 0.4999779 
3104 0.4999779 
3105 0.4999779 
3106 0.4999779 
3107 0.4999779 
3108 0.4999779 
3109 0.4999779 
3110 0.4999779 
3111 0.4999779 
3112 0.4999779 
3113 0.4999779 
3114 0.4999779 
3115 0.4999779 
3116 0.4999779 
3117 0.4999779 
3118 0.4999779 
3119 0.4999779 
3120 0.4999779 
3121 0.4999779 
3122 0.4999779 
3123 0.4999779 
3124 0.4999779 
3125 0.4999779 
3126 0.4999779 
3127 0.4999779 
3128 0.4999779 
3129 0.4999779 
3130 0.4999779 
3131 0.4999779 
3132 0.4999779 
3133 0.4999779 
3134 0.4999779 
3135 0.4999779 
3136 0.4999779 
3137 0.4999779 
3138 0.4999779 
3139 0.4999778 
3140 0.4999778 
3141 0.4999778 
3142 0.4999778 
3143 0.4999777 
3144 0.4999777 
3145 0.4999777 
3146 0.4999777 
3147 0.4999777 
3148 0.4999777 
3149 0.4999777 
3150 0.4999777 
3151 0.4999777 
3152 0.4999777 
3153 0.4999777 
3154 0.4999777 
3155 0.4999777 
3156 0.4999777 
3157 0.4999777 
3158 0.4999777 
3159 0.4999777 
3160 0.4999777 
3161 0.4999777 
3162 0.4999777 
3163 0.4999777 
3164 0.4999777 
3165 0.4999777 
3166 0.4999777 
3167 0.4999777 
3168 0.4999777 
3169 0.4999776 
3170 0.4999776 
3171 0.4999776 
3172 0.4999776 
3173 0.4999776 
3174 0.4999776 
3175 0.4999776 
3176 0.4999776 
3177 0.4999776 
3178 0.4999776 
3179 0.4999776 
3180 0.4999776 
3181 0.4999776 
3182 0.4999776 
3183 0.4999776 
3184 0.4999776 
3185 0.4999776 
3186 0.4999776 
3187 0.4999776 
3188 0.4999776 
3189 0.4999776 
3190 0.4999776 
3191 0.4999776 
3192 0.4999776 
3193 0.4999776 
3194 0.4999776 
3195 0.4999776 
3196 0.4999776 
3197 0.4999776 
3198 0.4999776 
3199 0.4999776 
3200 0.4999776 
3201 0.4999776 
3202 0.4999776 
3203 0.4999775 
3204 0.4999775 
3205 0.4999775 
3206 0.4999775 
3207 0.4999775 
3208 0.4999775 
3209 0.4999775 
3210 0.4999775 
3211 0.4999775 
3212 0.4999775 
3213 0.4999775 
3214 0.4999775 
3215 0.4999775 
3216 0.4999775 
3217 0.4999775 
3218 0.4999775 
3219 0.4999775 
3220 0.4999775 
3221 0.4999775 
3222 0.4999775 
3223 0.4999775 
3224 0.4999775 
3225 0.4999775 
3226 0.4999775 
3227 0.4999775 
3228 0.4999775 
3229 0.4999775 
3230 0.4999775 
3231 0.4999775 
3232 0.4999775 
3233 0.4999775 
3234 0.4999775 
3235 0.4999775 
3236 0.4999775 
3237 0.4999775 
3238 0.4999775 
3239 0.4999775 
3240 0.4999775 
3241 0.4999775 
3242 0.4999775 
3243 0.4999775 
3244 0.4999775 
3245 0.4999775 
3246 0.4999775 
3247 0.4999775 
3248 0.4999775 
3249 0.4999775 
3250 0.4999775 
3251 0.4999775 
3252 0.4999775 
3253 0.4999775 
3254 0.4999775 
3255 0.4999775 
3256 0.4999774 
3257 0.4999774 
3258 0.4999774 
3259 0.4999774 
3260 0.4999774 
3261 0.4999774 
3262 0.4999774 
3263 0.4999774 
3264 0.4999774 
3265 0.4999774 
3266 0.4999774 
3267 0.4999774 
3268 0.4999774 
3269 0.4999774 
3270 0.4999774 
3271 0.4999774 
3272 0.4999774 
3273 0.4999774 
3274 0.4999774 
3275 0.4999774 
3276 0.4999774 
3277 0.4999774 
3278 0.4999774 
3279 0.4999774 
3280 0.4999774 
3281 0.4999774 
3282 0.4999774 
3283 0.4999774 
3284 0.4999774 
3285 0.4999773 
3286 0.4999773 
3287 0.4999773 
3288 0.4999773 
3289 0.4999773 
3290 0.4999773 
3291 0.4999773 
3292 0.4999773 
3293 0.4999773 
3294 0.4999773 
3295 0.4999773 
3296 0.4999773 
3297 0.4999773 
3298 0.4999773 
3299 0.4999773 
3300 0.4999773 
3301 0.4999773 
3302 0.4999773 
3303 0.4999773 
3304 0.4999773 
3305 0.4999773 
3306 0.4999773 
3307 0.4999773 
3308 0.4999773 
3309 0.4999773 
3310 0.4999773 
3311 0.4999773 
3312 0.4999773 
3313 0.4999773 
3314 0.4999773 
3315 0.4999773 
3316 0.4999773 
3317 0.4999773 
3318 0.4999773 
3319 0.4999773 
3320 0.4999773 
3321 0.4999773 
3322 0.4999773 
3323 0.4999773 
3324 0.4999773 
3325 0.4999773 
3326 0.4999773 
3327 0.4999773 
3328 0.4999773 
3329 0.4999773 
3330 0.4999773 
3331 0.4999773 
3332 0.4999773 
3333 0.4999773 
3334 0.4999773 
3335 0.4999773 
3336 0.4999773 
3337 0.4999773 
3338 0.4999773 
3339 0.4999773 
3340 0.4999773 
3341 0.4999773 
3342 0.4999773 
3343 0.4999773 
3344 0.4999773 
3345 0.4999773 
3346 0.4999773 
3347 0.4999773 
3348 0.4999773 
3349 0.4999773 
3350 0.4999773 
3351 0.4999773 
3352 0.4999773 
3353 0.4999773 
3354 0.4999773 
3355 0.4999773 
3356 0.4999773 
3357 0.4999773 
3358 0.4999773 
3359 0.4999773 
3360 0.4999773 
3361 0.4999773 
3362 0.4999773 
3363 0.4999773 
3364 0.4999773 
3365 0.4999773 
3366 0.4999772 
3367 0.4999772 
3368 0.4999772 
3369 0.4999772 
3370 0.4999772 
3371 0.4999772 
3372 0.4999772 
3373 0.4999772 
3374 0.4999772 
3375 0.4999772 
3376 0.4999772 
3377 0.4999772 
3378 0.4999772 
3379 0.4999772 
3380 0.4999772 
3381 0.4999772 
3382 0.4999772 
3383 0.4999772 
3384 0.4999772 
3385 0.4999772 
3386 0.4999772 
3387 0.4999772 
3388 0.4999772 
3389 0.4999772 
3390 0.4999772 
3391 0.4999772 
3392 0.4999772 
3393 0.4999772 
3394 0.4999772 
3395 0.4999772 
3396 0.4999772 
3397 0.4999772 
3398 0.4999772 
3399 0.4999772 
3400 0.4999772 
3401 0.4999772 
3402 0.4999772 
3403 0.4999772 
3404 0.4999772 
3405 0.4999772 
3406 0.4999772 
3407 0.4999772 
3408 0.4999772 
3409 0.4999772 
3410 0.4999772 
3411 0.4999772 
3412 0.4999772 
3413 0.4999772 
3414 0.4999772 
3415 0.4999772 
3416 0.4999772 
3417 0.4999772 
3418 0.4999772 
3419 0.4999772 
3420 0.4999772 
3421 0.4999772 
3422 0.4999772 
3423 0.4999772 
3424 0.4999772 
3425 0.4999772 
3426 0.4999772 
3427 0.4999772 
3428 0.4999772 
3429 0.4999772 
3430 0.4999772 
3431 0.4999772 
3432 0.4999772 
3433 0.4999772 
3434 0.4999772 
3435 0.4999772 
3436 0.4999772 
3437 0.4999772 
3438 0.4999772 
3439 0.4999772 
3440 0.4999772 
3441 0.4999772 
3442 0.4999772 
3443 0.4999772 
3444 0.4999772 
3445 0.4999772 
3446 0.4999772 
3447 0.4999772 
3448 0.4999772 
3449 0.4999772 
3450 0.4999772 
3451 0.4999772 
3452 0.4999772 
3453 0.4999772 
3454 0.4999772 
3455 0.4999772 
3456 0.4999772 
3457 0.4999772 
3458 0.4999772 
3459 0.4999772 
3460 0.4999772 
3461 0.4999772 
3462 0.4999772 
3463 0.4999772 
3464 0.4999772 
3465 0.4999772 
3466 0.4999772 
3467 0.4999772 
3468 0.4999772 
3469 0.4999772 
3470 0.4999772 
3471 0.4999772 
3472 0.4999772 
3473 0.4999772 
3474 0.4999772 
3475 0.4999772 
3476 0.4999772 
3477 0.4999772 
3478 0.4999772 
3479 0.4999772 
3480 0.4999772 
3481 0.4999772 
3482 0.4999772 
3483 0.4999772 
3484 0.4999772 
3485 0.4999772 
3486 0.4999772 
3487 0.4999772 
3488 0.4999772 
3489 0.4999772 
3490 0.4999772 
3491 0.4999772 
3492 0.4999772 
3493 0.4999772 
3494 0.4999772 
3495 0.4999772 
3496 0.4999772 
3497 0.4999772 
3498 0.4999772 
3499 0.4999772 
3500 0.4999772 
3501 0.4999772 
3502 0.4999772 
3503 0.4999772 
3504 0.4999772 
3505 0.4999772 
3506 0.4999772 
3507 0.4999772 
3508 0.4999772 
3509 0.4999772 
3510 0.4999772 
3511 0.4999772 
3512 0.4999772 
3513 0.4999772 
3514 0.4999772 
3515 0.4999772 
3516 0.4999772 
3517 0.4999772 
3518 0.4999772 
3519 0.4999772 
3520 0.4999772 
3521 0.4999772 
3522 0.4999772 
3523 0.4999772 
3524 0.4999772 
3525 0.4999772 
3526 0.4999772 
3527 0.4999772 
3528 0.4999772 
3529 0.4999772 
3530 0.4999772 
3531 0.4999772 
3532 0.4999772 
3533 0.4999772 
3534 0.4999772 
3535 0.4999772 
3536 0.4999772 
3537 0.4999772 
3538 0.4999772 
3539 0.4999772 
3540 0.4999772 
3541 0.4999772 
3542 0.4999772 
3543 0.4999772 
3544 0.4999772 
3545 0.4999772 
3546 0.4999772 
3547 0.4999772 
3548 0.4999772 
3549 0.4999771 
3550 0.4999771 
3551 0.4999771 
3552 0.4999771 
3553 0.499977 
3554 0.499977 
3555 0.499977 
3556 0.499977 
3557 0.499977 
3558 0.4999769 
3559 0.4999769 
3560 0.4999769 
3561 0.4999769 
3562 0.4999769 
3563 0.4999769 
3564 0.4999769 
3565 0.4999769 
3566 0.4999769 
3567 0.4999769 
3568 0.4999769 
3569 0.4999769 
3570 0.4999769 
3571 0.4999769 
3572 0.4999769 
3573 0.4999769 
3574 0.4999769 
3575 0.4999769 
3576 0.4999769 
3577 0.4999769 
3578 0.4999769 
3579 0.4999769 
3580 0.4999769 
3581 0.4999769 
3582 0.4999769 
3583 0.4999769 
3584 0.4999769 
3585 0.4999769 
3586 0.4999769 
3587 0.4999769 
3588 0.4999769 
3589 0.4999769 
3590 0.4999769 
3591 0.4999769 
3592 0.4999769 
3593 0.4999769 
3594 0.4999769 
3595 0.4999769 
3596 0.4999769 
3597 0.4999769 
3598 0.4999769 
3599 0.4999769 
3600 0.4999769 
3601 0.4999769 
3602 0.4999769 
3603 0.4999769 
3604 0.4999769 
3605 0.4999769 
3606 0.4999769 
3607 0.4999769 
3608 0.4999769 
3609 0.4999769 
3610 0.4999769 
3611 0.4999769 
3612 0.4999769 
3613 0.4999769 
3614 0.4999769 
3615 0.4999769 
3616 0.4999769 
3617 0.4999769 
3618 0.4999769 
3619 0.4999769 
3620 0.4999769 
3621 0.4999769 
3622 0.4999769 
3623 0.4999769 
3624 0.4999769 
3625 0.4999769 
3626 0.4999769 
3627 0.4999769 
3628 0.4999769 
3629 0.4999769 
3630 0.4999769 
3631 0.4999769 
3632 0.4999769 
3633 0.4999769 
3634 0.4999769 
3635 0.4999769 
3636 0.4999769 
3637 0.4999769 
3638 0.4999769 
3639 0.4999769 
3640 0.4999769 
3641 0.4999769 
3642 0.4999769 
3643 0.4999769 
3644 0.4999769 
3645 0.4999769 
3646 0.4999769 
3647 0.4999769 
3648 0.4999769 
3649 0.4999769 
3650 0.4999769 
3651 0.4999769 
3652 0.4999769 
3653 0.4999769 
3654 0.4999769 
3655 0.4999769 
3656 0.4999769 
3657 0.4999768 
3658 0.4999768 
3659 0.4999768 
3660 0.4999768 
3661 0.4999768 
3662 0.4999767 
3663 0.4999767 
3664 0.4999767 
3665 0.4999767 
3666 0.4999767 
3667 0.4999766 
3668 0.4999766 
3669 0.4999766 
3670 0.4999766 
3671 0.4999766 
3672 0.4999766 
3673 0.4999766 
3674 0.4999766 
3675 0.4999766 
3676 0.4999766 
3677 0.4999766 
3678 0.4999766 
3679 0.4999766 
3680 0.4999766 
3681 0.4999766 
3682 0.4999766 
3683 0.4999766 
3684 0.4999766 
3685 0.4999766 
3686 0.4999766 
3687 0.4999766 
3688 0.4999766 
3689 0.4999766 
3690 0.4999766 
3691 0.4999766 
3692 0.4999766 
3693 0.4999766 
3694 0.4999766 
3695 0.4999766 
3696 0.4999766 
3697 0.4999766 
3698 0.4999766 
3699 0.4999766 
3700 0.4999766 
3701 0.4999766 
3702 0.4999766 
3703 0.4999766 
3704 0.4999766 
3705 0.4999766 
3706 0.4999766 
3707 0.4999766 
3708 0.4999766 
3709 0.4999766 
3710 0.4999766 
3711 0.4999766 
3712 0.4999766 
3713 0.4999766 
3714 0.4999766 
3715 0.4999766 
3716 0.4999766 
3717 0.4999766 
3718 0.4999766 
3719 0.4999766 
3720 0.4999766 
3721 0.4999766 
3722 0.4999766 
3723 0.4999766 
3724 0.4999766 
3725 0.4999766 
3726 0.4999766 
3727 0.4999766 
3728 0.4999766 
3729 0.4999766 
3730 0.4999766 
3731 0.4999766 
3732 0.4999766 
3733 0.4999766 
3734 0.4999766 
3735 0.4999766 
3736 0.4999766 
3737 0.4999766 
3738 0.4999766 
3739 0.4999766 
3740 0.4999766 
3741 0.4999766 
3742 0.4999766 
3743 0.4999766 
3744 0.4999766 
3745 0.4999766 
3746 0.4999766 
3747 0.4999766 
3748 0.4999765 
3749 0.4999765 
3750 0.4999765 
3751 0.4999765 
3752 0.4999765 
3753 0.4999765 
3754 0.4999765 
3755 0.4999765 
3756 0.4999765 
3757 0.4999765 
3758 0.4999765 
3759 0.4999765 
3760 0.4999765 
3761 0.4999765 
3762 0.4999765 
3763 0.4999765 
3764 0.4999765 
3765 0.4999765 
3766 0.4999765 
3767 0.4999765 
3768 0.4999765 
3769 0.4999765 
3770 0.4999765 
3771 0.4999765 
3772 0.4999765 
3773 0.4999765 
3774 0.4999765 
3775 0.4999765 
3776 0.4999765 
3777 0.4999765 
3778 0.4999765 
3779 0.4999765 
3780 0.4999765 
3781 0.4999765 
3782 0.4999765 
3783 0.4999765 
3784 0.4999765 
3785 0.4999765 
3786 0.4999765 
3787 0.4999765 
3788 0.4999765 
3789 0.4999765 
3790 0.4999764 
3791 0.4999764 
3792 0.4999764 
3793 0.4999764 
3794 0.4999764 
3795 0.4999764 
3796 0.4999764 
3797 0.4999763 
3798 0.4999763 
3799 0.4999763 
3800 0.4999763 
3801 0.4999763 
3802 0.4999763 
3803 0.4999763 
3804 0.4999763 
3805 0.4999763 
3806 0.4999763 
3807 0.4999763 
3808 0.4999763 
3809 0.4999763 
3810 0.4999763 
3811 0.4999763 
3812 0.4999763 
3813 0.4999763 
3814 0.4999763 
3815 0.4999763 
3816 0.4999763 
3817 0.4999763 
3818 0.4999763 
3819 0.4999763 
3820 0.4999763 
3821 0.4999763 
3822 0.4999763 
3823 0.4999763 
3824 0.4999763 
3825 0.4999763 
3826 0.4999763 
3827 0.4999763 
3828 0.4999763 
3829 0.4999763 
3830 0.4999763 
3831 0.4999763 
3832 0.4999763 
3833 0.4999763 
3834 0.4999763 
3835 0.4999763 
3836 0.4999763 
3837 0.4999763 
3838 0.4999763 
3839 0.4999763 
3840 0.4999763 
3841 0.4999763 
3842 0.4999763 
3843 0.4999763 
3844 0.4999763 
3845 0.4999763 
3846 0.4999763 
3847 0.4999763 
3848 0.4999763 
3849 0.4999763 
3850 0.4999763 
3851 0.4999763 
3852 0.4999763 
3853 0.4999763 
3854 0.4999763 
3855 0.4999763 
3856 0.4999763 
3857 0.4999763 
3858 0.4999763 
3859 0.4999763 
3860 0.4999763 
3861 0.4999763 
3862 0.4999763 
3863 0.4999763 
3864 0.4999763 
3865 0.4999763 
3866 0.4999763 
3867 0.4999763 
3868 0.4999763 
3869 0.4999763 
3870 0.4999763 
3871 0.4999763 
3872 0.4999763 
3873 0.4999763 
3874 0.4999763 
3875 0.4999763 
3876 0.4999763 
3877 0.4999763 
3878 0.4999763 
3879 0.4999763 
3880 0.4999763 
3881 0.4999763 
3882 0.4999763 
3883 0.4999763 
3884 0.4999763 
3885 0.4999763 
3886 0.4999763 
3887 0.4999763 
3888 0.4999763 
3889 0.4999763 
3890 0.4999763 
3891 0.4999763 
3892 0.4999763 
3893 0.4999763 
3894 0.4999763 
3895 0.4999763 
3896 0.4999763 
3897 0.4999763 
3898 0.4999763 
3899 0.4999763 
3900 0.4999763 
3901 0.4999763 
3902 0.4999763 
3903 0.4999763 
3904 0.4999763 
3905 0.4999763 
3906 0.4999763 
3907 0.4999763 
3908 0.4999763 
3909 0.4999763 
3910 0.4999763 
3911 0.4999763 
3912 0.4999763 
3913 0.4999763 
3914 0.4999763 
3915 0.4999763 
3916 0.4999763 
3917 0.4999763 
3918 0.4999763 
3919 0.4999763 
3920 0.4999762 
3921 0.4999762 
3922 0.4999762 
3923 0.4999762 
3924 0.4999762 
3925 0.4999762 
3926 0.4999762 
3927 0.4999762 
3928 0.4999762 
3929 0.4999762 
3930 0.4999762 
3931 0.4999762 
3932 0.4999762 
3933 0.4999762 
3934 0.4999762 
3935 0.4999762 
3936 0.4999762 
3937 0.4999762 
3938 0.4999762 
3939 0.4999762 
3940 0.4999762 
3941 0.4999762 
3942 0.4999762 
3943 0.4999762 
3944 0.4999762 
3945 0.4999762 
3946 0.4999762 
3947 0.4999762 
3948 0.4999762 
3949 0.4999762 
3950 0.4999762 
3951 0.4999762 
3952 0.4999762 
3953 0.4999762 
3954 0.4999761 
3955 0.4999761 
3956 0.4999761 
3957 0.4999761 
3958 0.4999761 
3959 0.4999761 
3960 0.4999761 
3961 0.4999761 
3962 0.4999761 
3963 0.4999761 
3964 0.4999761 
3965 0.4999761 
3966 0.4999761 
3967 0.4999761 
3968 0.4999761 
3969 0.4999761 
3970 0.4999761 
3971 0.4999761 
3972 0.4999761 
3973 0.4999761 
3974 0.4999761 
3975 0.4999761 
3976 0.4999761 
3977 0.4999761 
3978 0.4999761 
3979 0.4999761 
3980 0.4999761 
3981 0.4999761 
3982 0.4999761 
3983 0.4999761 
3984 0.4999761 
3985 0.4999761 
3986 0.4999761 
3987 0.4999761 
3988 0.4999761 
3989 0.4999761 
3990 0.4999761 
3991 0.4999761 
3992 0.4999761 
3993 0.4999761 
3994 0.4999761 
3995 0.4999761 
3996 0.4999761 
3997 0.4999761 
3998 0.4999761 
3999 0.4999761 
4000 0.4999761 
4001 0.4999761 
4002 0.4999761 
4003 0.499976 
4004 0.499976 
4005 0.499976 
4006 0.499976 
4007 0.499976 
4008 0.499976 
4009 0.499976 
4010 0.499976 
4011 0.499976 
4012 0.499976 
4013 0.499976 
4014 0.499976 
4015 0.499976 
4016 0.499976 
4017 0.499976 
4018 0.499976 
4019 0.499976 
4020 0.499976 
4021 0.499976 
4022 0.499976 
4023 0.499976 
4024 0.499976 
4025 0.499976 
4026 0.499976 
4027 0.499976 
4028 0.499976 
4029 0.499976 
4030 0.499976 
4031 0.499976 
4032 0.499976 
4033 0.499976 
4034 0.499976 
4035 0.499976 
4036 0.499976 
4037 0.499976 
4038 0.499976 
4039 0.499976 
4040 0.499976 
4041 0.499976 
4042 0.499976 
4043 0.499976 
4044 0.499976 
4045 0.499976 
4046 0.499976 
4047 0.499976 
4048 0.499976 
4049 0.499976 
4050 0.499976 
4051 0.499976 
4052 0.499976 
4053 0.499976 
4054 0.499976 
4055 0.499976 
4056 0.499976 
4057 0.499976 
4058 0.499976 
4059 0.499976 
4060 0.499976 
4061 0.499976 
4062 0.499976 
4063 0.499976 
4064 0.499976 
4065 0.499976 
4066 0.499976 
4067 0.499976 
4068 0.499976 
4069 0.499976 
4070 0.499976 
4071 0.499976 
4072 0.499976 
4073 0.499976 
4074 0.499976 
4075 0.499976 
4076 0.499976 
4077 0.4999759 
4078 0.4999759 
4079 0.4999759 
4080 0.4999759 
4081 0.4999759 
4082 0.4999759 
4083 0.4999759 
4084 0.4999759 
4085 0.4999758 
4086 0.4999758 
4087 0.4999758 
4088 0.4999758 
4089 0.4999758 
4090 0.4999757 
4091 0.4999757 
4092 0.4999757 
4093 0.4999757 
4094 0.4999756 
4095 0.4999756 
4096 0.4999756 
4097 0.4999756 
4098 0.4999755 
4099 0.4999755 
4100 0.4999755 
4101 0.4999755 
4102 0.4999755 
4103 0.4999755 
4104 0.4999755 
4105 0.4999755 
4106 0.4999755 
4107 0.4999755 
4108 0.4999755 
4109 0.4999755 
4110 0.4999755 
4111 0.4999755 
4112 0.4999755 
4113 0.4999755 
4114 0.4999755 
4115 0.4999755 
4116 0.4999755 
4117 0.4999755 
4118 0.4999755 
4119 0.4999755 
4120 0.4999755 
4121 0.4999755 
4122 0.4999755 
4123 0.4999755 
4124 0.4999755 
4125 0.4999755 
4126 0.4999755 
4127 0.4999755 
4128 0.4999755 
4129 0.4999755 
4130 0.4999755 
4131 0.4999755 
4132 0.4999755 
4133 0.4999755 
4134 0.4999755 
4135 0.4999755 
4136 0.4999755 
4137 0.4999755 
4138 0.4999755 
4139 0.4999755 
4140 0.4999755 
4141 0.4999755 
4142 0.4999755 
4143 0.4999755 
4144 0.4999755 
4145 0.4999755 
4146 0.4999755 
4147 0.4999755 
4148 0.4999755 
4149 0.4999755 
4150 0.4999755 
4151 0.4999755 
4152 0.4999755 
4153 0.4999755 
4154 0.4999755 
4155 0.4999755 
4156 0.4999755 
4157 0.4999755 
4158 0.4999755 
4159 0.4999755 
4160 0.4999755 
4161 0.4999755 
4162 0.4999755 
4163 0.4999755 
4164 0.4999755 
4165 0.4999755 
4166 0.4999755 
4167 0.4999755 
4168 0.4999755 
4169 0.4999755 
4170 0.4999755 
4171 0.4999755 
4172 0.4999755 
4173 0.4999755 
4174 0.4999755 
4175 0.4999755 
4176 0.4999755 
4177 0.4999755 
4178 0.4999755 
4179 0.4999755 
4180 0.4999755 
4181 0.4999755 
4182 0.4999755 
4183 0.4999755 
4184 0.4999755 
4185 0.4999755 
4186 0.4999755 
4187 0.4999755 
4188 0.4999755 
4189 0.4999755 
4190 0.4999755 
4191 0.4999754 
4192 0.4999754 
4193 0.4999754 
4194 0.4999754 
4195 0.4999754 
4196 0.4999753 
4197 0.4999753 
4198 0.4999753 
4199 0.4999753 
4200 0.4999752 
4201 0.4999752 
4202 0.4999752 
4203 0.4999752 
4204 0.4999752 
4205 0.4999752 
4206 0.4999752 
4207 0.4999752 
4208 0.4999752 
4209 0.4999752 
4210 0.4999752 
4211 0.4999752 
4212 0.4999752 
4213 0.4999752 
4214 0.4999752 
4215 0.4999752 
4216 0.4999752 
4217 0.4999752 
4218 0.4999752 
4219 0.4999752 
4220 0.4999752 
4221 0.4999752 
4222 0.4999752 
4223 0.4999752 
4224 0.4999752 
4225 0.4999752 
4226 0.4999752 
4227 0.4999752 
4228 0.4999752 
4229 0.4999752 
4230 0.4999752 
4231 0.4999752 
4232 0.4999752 
4233 0.4999752 
4234 0.4999752 
4235 0.4999752 
4236 0.4999752 
4237 0.4999752 
4238 0.4999752 
4239 0.4999752 
4240 0.4999752 
4241 0.4999752 
4242 0.4999752 
4243 0.4999752 
4244 0.4999752 
4245 0.4999752 
4246 0.4999752 
4247 0.4999752 
4248 0.4999752 
4249 0.4999752 
4250 0.4999752 
4251 0.4999752 
4252 0.4999752 
4253 0.4999751 
4254 0.4999751 
4255 0.4999751 
4256 0.4999751 
4257 0.4999751 
4258 0.499975 
4259 0.499975 
4260 0.499975 
4261 0.499975 
4262 0.499975 
4263 0.4999749 
4264 0.4999749 
4265 0.4999749 
4266 0.4999749 
4267 0.4999749 
4268 0.4999749 
4269 0.4999748 
4270 0.4999748 
4271 0.4999748 
4272 0.4999748 
4273 0.4999748 
4274 0.4999748 
4275 0.4999748 
4276 0.4999747 
4277 0.4999747 
4278 0.4999747 
4279 0.4999747 
4280 0.4999747 
4281 0.4999746 
4282 0.4999746 
4283 0.4999746 
4284 0.4999746 
4285 0.4999746 
4286 0.4999746 
4287 0.4999746 
4288 0.4999746 
4289 0.4999746 
4290 0.4999746 
4291 0.4999746 
4292 0.4999746 
4293 0.4999746 
4294 0.4999746 
4295 0.4999746 
4296 0.4999746 
4297 0.4999746 
4298 0.4999746 
4299 0.4999746 
4300 0.4999746 
4301 0.4999746 
4302 0.4999746 
4303 0.4999746 
4304 0.4999746 
4305 0.4999746 
4306 0.4999746 
4307 0.4999746 
4308 0.4999746 
4309 0.4999746 
4310 0.4999746 
4311 0.4999746 
4312 0.4999746 
4313 0.4999746 
4314 0.4999746 
4315 0.4999746 
4316 0.4999746 
4317 0.4999746 
4318 0.4999746 
4319 0.4999746 
4320 0.4999746 
4321 0.4999746 
4322 0.4999746 
4323 0.4999746 
4324 0.4999746 
4325 0.4999746 
4326 0.4999746 
4327 0.4999746 
4328 0.4999746 
4329 0.4999746 
4330 0.4999746 
4331 0.4999746 
4332 0.4999745 
4333 0.4999745 
4334 0.4999745 
4335 0.4999745 
4336 0.4999745 
4337 0.4999745 
4338 0.4999745 
4339 0.4999745 
4340 0.4999745 
4341 0.4999744 
4342 0.4999744 
4343 0.4999744 
4344 0.4999744 
4345 0.4999743 
4346 0.4999743 
4347 0.4999743 
4348 0.4999743 
4349 0.4999743 
4350 0.4999742 
4351 0.4999742 
4352 0.4999742 
4353 0.4999742 
4354 0.4999742 
4355 0.4999741 
4356 0.4999741 
4357 0.4999741 
4358 0.4999741 
4359 0.4999741 
4360 0.4999741 
4361 0.499974 
4362 0.499974 
4363 0.499974 
4364 0.499974 
4365 0.499974 
4366 0.4999739 
4367 0.4999739 
4368 0.4999739 
4369 0.4999739 
4370 0.4999738 
4371 0.4999738 
4372 0.4999738 
4373 0.4999738 
4374 0.4999738 
4375 0.4999738 
4376 0.4999738 
4377 0.4999738 
4378 0.4999738 
4379 0.4999738 
4380 0.4999737 
4381 0.4999737 
4382 0.4999737 
4383 0.4999737 
4384 0.4999737 
4385 0.4999737 
4386 0.4999737 
4387 0.4999737 
4388 0.4999737 
4389 0.4999736 
4390 0.4999736 
4391 0.4999736 
4392 0.4999736 
4393 0.4999736 
4394 0.4999736 
4395 0.4999736 
4396 0.4999736 
4397 0.4999736 
4398 0.4999736 
4399 0.4999736 
4400 0.4999736 
4401 0.4999736 
4402 0.4999736 
4403 0.4999736 
4404 0.4999736 
4405 0.4999736 
4406 0.4999736 
4407 0.4999736 
4408 0.4999736 
4409 0.4999736 
4410 0.4999736 
4411 0.4999736 
4412 0.4999736 
4413 0.4999736 
4414 0.4999736 
4415 0.4999736 
4416 0.4999736 
4417 0.4999736 
4418 0.4999736 
4419 0.4999736 
4420 0.4999736 
4421 0.4999736 
4422 0.4999736 
4423 0.4999736 
4424 0.4999736 
4425 0.4999736 
4426 0.4999736 
4427 0.4999736 
4428 0.4999736 
4429 0.4999736 
4430 0.4999736 
4431 0.4999736 
4432 0.4999736 
4433 0.4999736 
4434 0.4999736 
4435 0.4999736 
4436 0.4999736 
4437 0.4999736 
4438 0.4999736 
4439 0.4999736 
4440 0.4999736 
4441 0.4999736 
4442 0.4999736 
4443 0.4999736 
4444 0.4999736 
4445 0.4999736 
4446 0.4999736 
4447 0.4999736 
4448 0.4999736 
4449 0.4999736 
4450 0.4999736 
4451 0.4999736 
4452 0.4999736 
4453 0.4999736 
4454 0.4999736 
4455 0.4999736 
4456 0.4999736 
4457 0.4999736 
4458 0.4999736 
4459 0.4999736 
4460 0.4999736 
4461 0.4999736 
4462 0.4999736 
4463 0.4999736 
4464 0.4999735 
4465 0.4999735 
4466 0.4999735 
4467 0.4999735 
4468 0.4999735 
4469 0.4999735 
4470 0.4999735 
4471 0.4999735 
4472 0.4999734 
4473 0.4999734 
4474 0.4999734 
4475 0.4999734 
4476 0.4999734 
4477 0.4999734 
4478 0.4999734 
4479 0.4999734 
4480 0.4999734 
4481 0.4999734 
4482 0.4999734 
4483 0.4999734 
4484 0.4999734 
4485 0.4999734 
4486 0.4999734 
4487 0.4999734 
4488 0.4999734 
4489 0.4999734 
4490 0.4999734 
4491 0.4999734 
4492 0.4999734 
4493 0.4999734 
4494 0.4999734 
4495 0.4999734 
4496 0.4999734 
4497 0.4999734 
4498 0.4999734 
4499 0.4999734 
4500 0.4999734 
4501 0.4999734 
4502 0.4999734 
4503 0.4999734 
4504 0.4999734 
4505 0.4999734 
4506 0.4999734 
4507 0.4999734 
4508 0.4999734 
4509 0.4999734 
4510 0.4999734 
4511 0.4999734 
4512 0.4999734 
4513 0.4999734 
4514 0.4999734 
4515 0.4999734 
4516 0.4999734 
4517 0.4999734 
4518 0.4999734 
4519 0.4999734 
4520 0.4999734 
4521 0.4999734 
4522 0.4999734 
4523 0.4999734 
4524 0.4999734 
4525 0.4999734 
4526 0.4999734 
4527 0.4999734 
4528 0.4999734 
4529 0.4999734 
4530 0.4999734 
4531 0.4999734 
4532 0.4999734 
4533 0.4999734 
4534 0.4999734 
4535 0.4999734 
4536 0.4999734 
4537 0.4999734 
4538 0.4999734 
4539 0.4999734 
4540 0.4999734 
4541 0.4999734 
4542 0.4999734 
4543 0.4999734 
4544 0.4999734 
4545 0.4999734 
4546 0.4999734 
4547 0.4999734 
4548 0.4999734 
4549 0.4999734 
4550 0.4999734 
4551 0.4999734 
4552 0.4999734 
4553 0.4999734 
4554 0.4999734 
4555 0.4999734 
4556 0.4999734 
4557 0.4999734 
4558 0.4999734 
4559 0.4999734 
4560 0.4999734 
4561 0.4999734 
4562 0.4999734 
4563 0.4999734 
4564 0.4999734 
4565 0.4999734 
4566 0.4999734 
4567 0.4999734 
4568 0.4999734 
4569 0.4999734 
4570 0.4999734 
4571 0.4999734 
4572 0.4999734 
4573 0.4999734 
4574 0.4999734 
4575 0.4999734 
4576 0.4999733 
4577 0.4999733 
4578 0.4999733 
4579 0.4999733 
4580 0.4999733 
4581 0.4999733 
4582 0.4999733 
4583 0.4999733 
4584 0.4999733 
4585 0.4999733 
4586 0.4999733 
4587 0.4999733 
4588 0.4999733 
4589 0.4999733 
4590 0.4999733 
4591 0.4999733 
4592 0.4999733 
4593 0.4999733 
4594 0.4999732 
4595 0.4999732 
4596 0.4999732 
4597 0.4999731 
4598 0.4999731 
4599 0.4999731 
4600 0.4999731 
4601 0.4999731 
4602 0.4999731 
4603 0.4999731 
4604 0.499973 
4605 0.499973 
4606 0.499973 
4607 0.499973 
4608 0.499973 
4609 0.499973 
4610 0.499973 
4611 0.499973 
4612 0.499973 
4613 0.499973 
4614 0.499973 
4615 0.499973 
4616 0.4999729 
4617 0.4999729 
4618 0.4999729 
4619 0.4999729 
4620 0.4999729 
4621 0.4999729 
4622 0.4999729 
4623 0.4999729 
4624 0.4999729 
4625 0.4999729 
4626 0.4999729 
4627 0.4999729 
4628 0.4999729 
4629 0.4999729 
4630 0.4999729 
4631 0.4999729 
4632 0.4999729 
4633 0.4999729 
4634 0.4999729 
4635 0.4999729 
4636 0.4999729 
4637 0.4999729 
4638 0.4999729 
4639 0.4999729 
4640 0.4999729 
4641 0.4999729 
4642 0.4999729 
4643 0.4999729 
4644 0.4999729 
4645 0.4999729 
4646 0.4999729 
4647 0.4999729 
4648 0.4999729 
4649 0.4999729 
4650 0.4999729 
4651 0.4999729 
4652 0.4999729 
4653 0.4999729 
4654 0.4999729 
4655 0.4999729 
4656 0.4999729 
4657 0.4999729 
4658 0.4999729 
4659 0.4999729 
4660 0.4999729 
4661 0.4999729 
4662 0.4999729 
4663 0.4999729 
4664 0.4999729 
4665 0.4999729 
4666 0.4999729 
4667 0.4999729 
4668 0.4999729 
4669 0.4999729 
4670 0.4999729 
4671 0.4999729 
4672 0.4999729 
4673 0.4999729 
4674 0.4999729 
4675 0.4999729 
4676 0.4999729 
4677 0.4999729 
4678 0.4999729 
4679 0.4999729 
4680 0.4999729 
4681 0.4999729 
4682 0.4999729 
4683 0.4999729 
4684 0.4999729 
4685 0.4999729 
4686 0.4999729 
4687 0.4999729 
4688 0.4999729 
4689 0.4999729 
4690 0.4999729 
4691 0.4999729 
4692 0.4999729 
4693 0.4999729 
4694 0.4999729 
4695 0.4999729 
4696 0.4999729 
4697 0.4999729 
4698 0.4999729 
4699 0.4999729 
4700 0.4999729 
4701 0.4999729 
4702 0.4999729 
4703 0.4999729 
4704 0.4999729 
4705 0.4999729 
4706 0.4999729 
4707 0.4999729 
4708 0.4999729 
4709 0.4999729 
4710 0.4999729 
4711 0.4999729 
4712 0.4999729 
4713 0.4999729 
4714 0.4999729 
4715 0.4999729 
4716 0.4999729 
4717 0.4999729 
4718 0.4999729 
4719 0.4999729 
4720 0.4999729 
4721 0.4999729 
4722 0.4999729 
4723 0.4999729 
4724 0.4999729 
4725 0.4999728 
4726 0.4999728 
4727 0.4999728 
4728 0.4999728 
4729 0.4999728 
4730 0.4999728 
4731 0.4999727 
4732 0.4999727 
4733 0.4999727 
4734 0.4999727 
4735 0.4999727 
4736 0.4999726 
4737 0.4999726 
4738 0.4999726 
4739 0.4999726 
4740 0.4999725 
4741 0.4999725 
4742 0.4999725 
4743 0.4999725 
4744 0.4999724 
4745 0.4999724 
4746 0.4999724 
4747 0.4999724 
4748 0.4999724 
4749 0.4999724 
4750 0.4999724 
4751 0.4999724 
4752 0.4999723 
4753 0.4999723 
4754 0.4999723 
4755 0.4999723 
4756 0.4999723 
4757 0.4999722 
4758 0.4999722 
4759 0.4999722 
4760 0.4999722 
4761 0.4999722 
4762 0.4999722 
4763 0.4999722 
4764 0.4999722 
4765 0.4999722 
4766 0.4999722 
4767 0.4999722 
4768 0.4999722 
4769 0.4999722 
4770 0.4999722 
4771 0.4999722 
4772 0.4999722 
4773 0.4999722 
4774 0.4999722 
4775 0.4999722 
4776 0.4999722 
4777 0.4999722 
4778 0.4999722 
4779 0.4999722 
4780 0.4999722 
4781 0.4999722 
4782 0.4999722 
4783 0.4999722 
4784 0.4999722 
4785 0.4999722 
4786 0.4999722 
4787 0.4999722 
4788 0.4999722 
4789 0.4999722 
4790 0.4999722 
4791 0.4999722 
4792 0.4999722 
4793 0.4999722 
4794 0.4999722 
4795 0.4999722 
4796 0.4999722 
4797 0.4999722 
4798 0.4999722 
4799 0.4999722 
4800 0.4999722 
4801 0.4999721 
4802 0.4999721 
4803 0.4999721 
4804 0.4999721 
4805 0.4999721 
4806 0.4999721 
4807 0.4999721 
4808 0.499972 
4809 0.499972 
4810 0.499972 
4811 0.499972 
4812 0.499972 
4813 0.499972 
4814 0.499972 
4815 0.4999719 
4816 0.4999719 
4817 0.4999719 
4818 0.4999719 
4819 0.4999719 
4820 0.4999718 
4821 0.4999718 
4822 0.4999718 
4823 0.4999718 
4824 0.4999717 
4825 0.4999717 
4826 0.4999717 
4827 0.4999717 
4828 0.4999717 
4829 0.4999717 
4830 0.4999717 
4831 0.4999717 
4832 0.4999717 
4833 0.4999717 
4834 0.4999717 
4835 0.4999717 
4836 0.4999717 
4837 0.4999717 
4838 0.4999717 
4839 0.4999717 
4840 0.4999717 
4841 0.4999717 
4842 0.4999717 
4843 0.4999717 
4844 0.4999717 
4845 0.4999717 
4846 0.4999717 
4847 0.4999717 
4848 0.4999717 
4849 0.4999717 
4850 0.4999717 
4851 0.4999717 
4852 0.4999717 
4853 0.4999717 
4854 0.4999717 
4855 0.4999717 
4856 0.4999717 
4857 0.4999717 
4858 0.4999717 
4859 0.4999717 
4860 0.4999717 
4861 0.4999717 
4862 0.4999717 
4863 0.4999717 
4864 0.4999717 
4865 0.4999717 
4866 0.4999717 
4867 0.4999717 
4868 0.4999717 
4869 0.4999717 
4870 0.4999717 
4871 0.4999717 
4872 0.4999717 
4873 0.4999717 
4874 0.4999717 
4875 0.4999717 
4876 0.4999717 
4877 0.4999717 
4878 0.4999717 
4879 0.4999717 
4880 0.4999717 
4881 0.4999717 
4882 0.4999717 
4883 0.4999717 
4884 0.4999717 
4885 0.4999717 
4886 0.4999717 
4887 0.4999717 
4888 0.4999717 
4889 0.4999717 
4890 0.4999717 
4891 0.4999717 
4892 0.4999717 
4893 0.4999717 
4894 0.4999717 
4895 0.4999717 
4896 0.4999717 
4897 0.4999717 
4898 0.4999717 
4899 0.4999717 
4900 0.4999717 
4901 0.4999717 
4902 0.4999717 
4903 0.4999717 
4904 0.4999717 
4905 0.4999717 
4906 0.4999717 
4907 0.4999717 
4908 0.4999717 
4909 0.4999717 
4910 0.4999717 
4911 0.4999717 
4912 0.4999717 
4913 0.4999717 
4914 0.4999717 
4915 0.4999717 
4916 0.4999717 
4917 0.4999717 
4918 0.4999717 
4919 0.4999717 
4920 0.4999717 
4921 0.4999717 
4922 0.4999717 
4923 0.4999717 
4924 0.4999717 
4925 0.4999717 
4926 0.4999717 
4927 0.4999717 
4928 0.4999717 
4929 0.4999717 
4930 0.4999717 
4931 0.4999717 
4932 0.4999717 
4933 0.4999717 
4934 0.4999717 
4935 0.4999717 
4936 0.4999717 
4937 0.4999717 
4938 0.4999717 
4939 0.4999717 
4940 0.4999717 
4941 0.4999717 
4942 0.4999717 
4943 0.4999717 
4944 0.4999717 
4945 0.4999717 
4946 0.4999717 
4947 0.4999717 
4948 0.4999717 
4949 0.4999717 
4950 0.4999717 
4951 0.4999717 
4952 0.4999717 
4953 0.4999717 
4954 0.4999717 
4955 0.4999717 
4956 0.4999717 
4957 0.4999717 
4958 0.4999717 
4959 0.4999717 
4960 0.4999717 
4961 0.4999717 
4962 0.4999717 
4963 0.4999717 
4964 0.4999717 
4965 0.4999717 
4966 0.4999717 
4967 0.4999717 
4968 0.4999717 
4969 0.4999717 
4970 0.4999717 
4971 0.4999717 
4972 0.4999717 
4973 0.4999717 
4974 0.4999716 
4975 0.4999716 
4976 0.4999716 
4977 0.4999716 
4978 0.4999715 
4979 0.4999715 
4980 0.4999715 
4981 0.4999715 
4982 0.4999715 
4983 0.4999715 
4984 0.4999714 
4985 0.4999714 
4986 0.4999714 
4987 0.4999714 
4988 0.4999714 
4989 0.4999714 
4990 0.4999714 
4991 0.4999713 
4992 0.4999713 
4993 0.4999713 
4994 0.4999713 
4995 0.4999712 
4996 0.4999712 
4997 0.4999711 
4998 0.4999711 
4999 0.4999711 
5000 0.4999711 
5001 0.4999711 
5002 0.4999711 
5003 0.4999711 
5004 0.499971 
5005 0.499971 
5006 0.499971 
5007 0.499971 
5008 0.499971 
5009 0.499971 
5010 0.4999709 
5011 0.4999709 
5012 0.4999709 
5013 0.4999709 
5014 0.4999709 
5015 0.4999708 
5016 0.4999708 
5017 0.4999708 
5018 0.4999708 
5019 0.4999708 
5020 0.4999707 
5021 0.4999707 
5022 0.4999707 
5023 0.4999707 
5024 0.4999707 
5025 0.4999707 
5026 0.4999707 
5027 0.4999707 
5028 0.4999706 
5029 0.4999706 
5030 0.4999706 
5031 0.4999706 
5032 0.4999706 
5033 0.4999706 
5034 0.4999706 
5035 0.4999706 
5036 0.4999706 
5037 0.4999706 
5038 0.4999706 
5039 0.4999706 
5040 0.4999705 
5041 0.4999705 
5042 0.4999705 
5043 0.4999705 
5044 0.4999705 
5045 0.4999705 
5046 0.4999705 
5047 0.4999705 
5048 0.4999705 
5049 0.4999705 
5050 0.4999705 
5051 0.4999705 
5052 0.4999705 
5053 0.4999705 
5054 0.4999705 
5055 0.4999705 
5056 0.4999705 
5057 0.4999705 
5058 0.4999705 
5059 0.4999705 
5060 0.4999705 
5061 0.4999705 
5062 0.4999705 
5063 0.4999705 
5064 0.4999705 
5065 0.4999705 
5066 0.4999705 
5067 0.4999705 
5068 0.4999705 
5069 0.4999705 
5070 0.4999705 
5071 0.4999705 
5072 0.4999705 
5073 0.4999705 
5074 0.4999705 
5075 0.4999705 
5076 0.4999705 
5077 0.4999705 
5078 0.4999705 
5079 0.4999705 
5080 0.4999705 
5081 0.4999705 
5082 0.4999705 
5083 0.4999705 
5084 0.4999705 
5085 0.4999705 
5086 0.4999705 
5087 0.4999705 
5088 0.4999705 
5089 0.4999705 
5090 0.4999705 
5091 0.4999705 
5092 0.4999705 
5093 0.4999705 
5094 0.4999705 
5095 0.4999705 
5096 0.4999705 
5097 0.4999705 
5098 0.4999705 
5099 0.4999705 
5100 0.4999705 
5101 0.4999705 
5102 0.4999705 
5103 0.4999705 
5104 0.4999705 
5105 0.4999705 
5106 0.4999705 
5107 0.4999705 
5108 0.4999705 
5109 0.4999705 
5110 0.4999705 
5111 0.4999705 
5112 0.4999705 
5113 0.4999705 
5114 0.4999705 
5115 0.4999705 
5116 0.4999705 
5117 0.4999705 
5118 0.4999705 
5119 0.4999705 
5120 0.4999705 
5121 0.4999705 
5122 0.4999705 
5123 0.4999705 
5124 0.4999705 
5125 0.4999705 
5126 0.4999705 
5127 0.4999705 
5128 0.4999705 
5129 0.4999705 
5130 0.4999705 
5131 0.4999705 
5132 0.4999705 
5133 0.4999705 
5134 0.4999705 
5135 0.4999705 
5136 0.4999705 
5137 0.4999705 
5138 0.4999705 
5139 0.4999705 
5140 0.4999705 
5141 0.4999705 
5142 0.4999705 
5143 0.4999705 
5144 0.4999705 
5145 0.4999705 
5146 0.4999705 
5147 0.4999705 
5148 0.4999704 
5149 0.4999702 
5150 0.4999702 
5151 0.4999703 
5152 0.4999702 
5153 0.4999702 
5154 0.4999701 
5155 0.4999701 
5156 0.4999701 
5157 0.4999701 
5158 0.4999701 
5159 0.4999701 
5160 0.49997 
5161 0.49997 
5162 0.49997 
5163 0.49997 
5164 0.4999699 
5165 0.4999699 
5166 0.4999698 
5167 0.4999698 
5168 0.4999698 
5169 0.4999698 
5170 0.4999698 
5171 0.4999698 
5172 0.4999697 
5173 0.4999697 
5174 0.4999697 
5175 0.4999697 
5176 0.4999697 
5177 0.4999696 
5178 0.4999696 
5179 0.4999696 
5180 0.4999696 
5181 0.4999695 
5182 0.4999695 
5183 0.4999694 
5184 0.4999694 
5185 0.4999694 
5186 0.4999694 
5187 0.4999694 
5188 0.4999694 
5189 0.4999693 
5190 0.4999693 
5191 0.4999693 
5192 0.4999693 
5193 0.4999693 
5194 0.4999692 
5195 0.4999692 
5196 0.4999691 
5197 0.4999691 
5198 0.4999691 
5199 0.4999691 
5200 0.4999691 
5201 0.4999691 
5202 0.499969 
5203 0.499969 
5204 0.499969 
5205 0.499969 
5206 0.499969 
5207 0.4999689 
5208 0.4999689 
5209 0.4999689 
5210 0.4999689 
5211 0.4999688 
5212 0.4999688 
5213 0.4999688 
5214 0.4999687 
5215 0.4999687 
5216 0.4999687 
5217 0.4999687 
5218 0.4999687 
5219 0.4999686 
5220 0.4999686 
5221 0.4999686 
5222 0.4999686 
5223 0.4999685 
5224 0.4999685 
5225 0.4999685 
5226 0.4999684 
5227 0.4999684 
5228 0.4999684 
5229 0.4999684 
5230 0.4999684 
5231 0.4999684 
5232 0.4999683 
5233 0.4999683 
5234 0.4999683 
5235 0.4999683 
5236 0.4999682 
5237 0.4999682 
5238 0.4999682 
5239 0.4999682 
5240 0.4999682 
5241 0.4999681 
5242 0.4999681 
5243 0.4999681 
5244 0.499968 
5245 0.499968 
5246 0.499968 
5247 0.499968 
5248 0.499968 
5249 0.4999679 
5250 0.4999679 
5251 0.4999679 
5252 0.4999679 
5253 0.4999679 
5254 0.4999678 
5255 0.4999678 
5256 0.4999678 
5257 0.4999677 
5258 0.4999677 
5259 0.4999677 
5260 0.4999677 
5261 0.4999677 
5262 0.4999677 
5263 0.4999676 
5264 0.4999676 
5265 0.4999676 
5266 0.4999676 
5267 0.4999676 
5268 0.4999675 
5269 0.4999675 
5270 0.4999674 
5271 0.4999674 
5272 0.4999674 
5273 0.4999674 
5274 0.4999674 
5275 0.4999674 
5276 0.4999673 
5277 0.4999673 
5278 0.4999673 
5279 0.4999673 
5280 0.4999673 
5281 0.4999672 
5282 0.4999672 
5283 0.4999672 
5284 0.4999672 
5285 0.4999671 
5286 0.4999671 
5287 0.4999671 
5288 0.499967 
5289 0.499967 
5290 0.499967 
5291 0.499967 
5292 0.499967 
5293 0.499967 
5294 0.4999669 
5295 0.4999669 
5296 0.4999669 
5297 0.4999669 
5298 0.4999668 
5299 0.4999668 
5300 0.4999667 
5301 0.4999667 
5302 0.4999667 
5303 0.4999667 
5304 0.4999667 
5305 0.4999667 
5306 0.4999666 
5307 0.4999666 
5308 0.4999666 
5309 0.4999666 
5310 0.4999666 
5311 0.4999665 
5312 0.4999665 
5313 0.4999665 
5314 0.4999665 
5315 0.4999664 
5316 0.4999664 
5317 0.4999664 
5318 0.4999663 
5319 0.4999663 
5320 0.4999663 
5321 0.4999663 
5322 0.4999663 
5323 0.4999662 
5324 0.4999662 
5325 0.4999662 
5326 0.4999662 
5327 0.4999661 
5328 0.4999661 
5329 0.4999661 
5330 0.499966 
5331 0.499966 
5332 0.499966 
5333 0.499966 
5334 0.499966 
5335 0.499966 
5336 0.4999659 
5337 0.4999659 
5338 0.4999659 
5339 0.4999659 
5340 0.4999659 
5341 0.4999658 
5342 0.4999658 
5343 0.4999658 
5344 0.4999658 
5345 0.4999657 
5346 0.4999657 
5347 0.4999657 
5348 0.4999656 
5349 0.4999656 
5350 0.4999656 
5351 0.4999656 
5352 0.4999656 
5353 0.4999656 
5354 0.4999655 
5355 0.4999655 
5356 0.4999655 
5357 0.4999655 
5358 0.4999655 
5359 0.4999654 
5360 0.4999654 
5361 0.4999653 
5362 0.4999653 
5363 0.4999653 
5364 0.4999653 
5365 0.4999653 
5366 0.4999653 
5367 0.4999652 
5368 0.4999652 
5369 0.4999652 
5370 0.4999652 
5371 0.4999651 
5372 0.4999651 
5373 0.499965 
5374 0.499965 
5375 0.499965 
5376 0.499965 
5377 0.499965 
5378 0.499965 
5379 0.4999649 
5380 0.4999649 
5381 0.4999649 
5382 0.4999649 
5383 0.4999649 
5384 0.4999648 
5385 0.4999648 
5386 0.4999648 
5387 0.4999648 
5388 0.4999648 
5389 0.4999647 
5390 0.4999647 
5391 0.4999647 
5392 0.4999646 
5393 0.4999646 
5394 0.4999646 
5395 0.4999646 
5396 0.4999646 
5397 0.4999646 
5398 0.4999645 
5399 0.4999645 
5400 0.4999645 
5401 0.4999645 
5402 0.4999644 
5403 0.4999644 
5404 0.4999643 
5405 0.4999643 
5406 0.4999643 
5407 0.4999643 
5408 0.4999643 
5409 0.4999643 
5410 0.4999642 
5411 0.4999642 
5412 0.4999642 
5413 0.4999642 
5414 0.4999642 
5415 0.4999641 
5416 0.4999641 
5417 0.4999641 
5418 0.4999641 
5419 0.499964 
5420 0.499964 
5421 0.499964 
5422 0.4999639 
5423 0.4999639 
5424 0.4999639 
5425 0.4999639 
5426 0.4999639 
5427 0.4999638 
5428 0.4999638 
5429 0.4999638 
5430 0.4999638 
5431 0.4999637 
5432 0.4999637 
5433 0.4999637 
5434 0.4999636 
5435 0.4999636 
5436 0.4999636 
5437 0.4999636 
5438 0.4999636 
5439 0.4999636 
5440 0.4999636 
5441 0.4999635 
5442 0.4999635 
5443 0.4999635 
5444 0.4999635 
5445 0.4999634 
5446 0.4999634 
5447 0.4999634 
5448 0.4999634 
5449 0.4999634 
5450 0.4999633 
5451 0.4999633 
5452 0.4999633 
5453 0.4999633 
5454 0.4999632 
5455 0.4999632 
5456 0.4999632 
5457 0.4999632 
5458 0.4999632 
5459 0.4999631 
5460 0.4999631 
5461 0.4999631 
5462 0.4999631 
5463 0.4999631 
5464 0.499963 
5465 0.499963 
5466 0.4999629 
5467 0.4999629 
5468 0.4999629 
5469 0.4999629 
5470 0.4999629 
5471 0.4999629 
5472 0.4999628 
5473 0.4999628 
5474 0.4999628 
5475 0.4999628 
5476 0.4999627 
5477 0.4999627 
5478 0.4999626 
5479 0.4999626 
5480 0.4999626 
5481 0.4999626 
5482 0.4999626 
5483 0.4999626 
5484 0.4999625 
5485 0.4999625 
5486 0.4999625 
5487 0.4999625 
5488 0.4999625 
5489 0.4999624 
5490 0.4999624 
5491 0.4999624 
5492 0.4999624 
5493 0.4999623 
5494 0.4999623 
5495 0.4999623 
5496 0.4999622 
5497 0.4999622 
5498 0.4999622 
5499 0.4999622 
5500 0.4999622 
5501 0.4999621 
5502 0.4999621 
5503 0.4999621 
5504 0.4999621 
5505 0.4999621 
5506 0.499962 
5507 0.499962 
5508 0.4999619 
5509 0.4999619 
5510 0.4999619 
5511 0.4999619 
5512 0.4999619 
5513 0.4999619 
5514 0.4999618 
5515 0.4999618 
5516 0.4999618 
5517 0.4999618 
5518 0.4999618 
5519 0.4999617 
5520 0.4999617 
5521 0.4999617 
5522 0.4999617 
5523 0.4999616 
5524 0.4999616 
5525 0.4999616 
5526 0.4999615 
5527 0.4999615 
5528 0.4999615 
5529 0.4999615 
5530 0.4999615 
5531 0.4999615 
5532 0.4999614 
5533 0.4999614 
5534 0.4999614 
5535 0.4999613 
5536 0.4999613 
5537 0.4999613 
5538 0.4999612 
5539 0.4999612 
5540 0.4999612 
5541 0.4999612 
5542 0.4999612 
5543 0.4999612 
5544 0.4999611 
5545 0.4999611 
5546 0.4999611 
5547 0.4999611 
5548 0.4999611 
5549 0.499961 
5550 0.499961 
5551 0.499961 
5552 0.499961 
5553 0.4999609 
5554 0.4999609 
5555 0.4999609 
5556 0.4999608 
5557 0.4999608 
5558 0.4999608 
5559 0.4999608 
5560 0.4999608 
5561 0.4999607 
5562 0.4999607 
5563 0.4999607 
5564 0.4999607 
5565 0.4999606 
5566 0.4999606 
5567 0.4999606 
5568 0.4999605 
5569 0.4999605 
5570 0.4999605 
5571 0.4999605 
5572 0.4999605 
5573 0.4999605 
5574 0.4999605 
5575 0.4999604 
5576 0.4999604 
5577 0.4999604 
5578 0.4999604 
5579 0.4999604 
5580 0.4999603 
5581 0.4999603 
5582 0.4999602 
5583 0.4999602 
5584 0.4999602 
5585 0.4999602 
5586 0.4999602 
5587 0.4999602 
5588 0.4999601 
5589 0.4999601 
5590 0.4999601 
5591 0.4999601 
5592 0.4999601 
5593 0.49996 
5594 0.49996 
5595 0.49996 
5596 0.49996 
5597 0.4999599 
5598 0.4999599 
5599 0.4999599 
5600 0.4999598 
5601 0.4999598 
5602 0.4999598 
5603 0.4999598 
5604 0.4999598 
5605 0.4999598 
5606 0.4999597 
5607 0.4999597 
5608 0.4999597 
5609 0.4999597 
5610 0.4999596 
5611 0.4999596 
5612 0.4999595 
5613 0.4999595 
5614 0.4999595 
5615 0.4999595 
5616 0.4999595 
5617 0.4999595 
5618 0.4999595 
5619 0.4999595 
5620 0.4999594 
5621 0.4999594 
5622 0.4999594 
5623 0.4999594 
5624 0.4999593 
5625 0.4999593 
5626 0.4999593 
5627 0.4999593 
5628 0.4999593 
5629 0.4999592 
5630 0.4999592 
5631 0.4999592 
5632 0.4999591 
5633 0.4999591 
5634 0.4999591 
5635 0.4999591 
5636 0.4999591 
5637 0.4999591 
5638 0.499959 
5639 0.499959 
5640 0.499959 
5641 0.4999589 
5642 0.4999589 
5643 0.4999589 
5644 0.4999588 
5645 0.4999588 
5646 0.4999588 
5647 0.4999588 
5648 0.4999588 
5649 0.4999588 
5650 0.4999587 
5651 0.4999587 
5652 0.4999587 
5653 0.4999587 
5654 0.4999587 
5655 0.4999586 
5656 0.4999586 
5657 0.4999586 
5658 0.4999586 
5659 0.4999585 
5660 0.4999585 
5661 0.4999585 
5662 0.4999584 
5663 0.4999584 
5664 0.4999584 
5665 0.4999584 
5666 0.4999584 
5667 0.4999584 
5668 0.4999583 
5669 0.4999583 
5670 0.4999583 
5671 0.4999582 
5672 0.4999582 
5673 0.4999582 
5674 0.4999581 
5675 0.4999581 
5676 0.4999581 
5677 0.4999581 
5678 0.4999581 
5679 0.4999581 
5680 0.499958 
5681 0.499958 
5682 0.499958 
5683 0.499958 
5684 0.499958 
5685 0.4999579 
5686 0.4999578 
5687 0.4999578 
5688 0.4999578 
5689 0.4999578 
5690 0.4999578 
5691 0.4999578 
5692 0.4999578 
5693 0.4999577 
5694 0.4999577 
5695 0.4999577 
5696 0.4999577 
5697 0.4999577 
5698 0.4999577 
5699 0.4999576 
5700 0.4999576 
5701 0.4999576 
5702 0.4999576 
5703 0.4999575 
5704 0.4999575 
5705 0.4999575 
5706 0.4999574 
5707 0.4999574 
5708 0.4999574 
5709 0.4999574 
5710 0.4999574 
5711 0.4999573 
5712 0.4999573 
5713 0.4999573 
5714 0.4999573 
5715 0.4999573 
5716 0.4999572 
5717 0.4999572 
5718 0.4999571 
5719 0.4999571 
5720 0.4999571 
5721 0.4999571 
5722 0.4999571 
5723 0.4999571 
5724 0.499957 
5725 0.499957 
5726 0.499957 
5727 0.499957 
5728 0.499957 
5729 0.4999569 
5730 0.4999569 
5731 0.4999569 
5732 0.4999569 
5733 0.4999569 
5734 0.4999568 
5735 0.4999568 
5736 0.4999568 
5737 0.4999567 
5738 0.4999567 
5739 0.4999567 
5740 0.4999567 
5741 0.4999567 
5742 0.4999567 
5743 0.4999567 
5744 0.4999567 
5745 0.4999567 
5746 0.4999566 
5747 0.4999566 
5748 0.4999566 
5749 0.4999565 
5750 0.4999565 
5751 0.4999565 
5752 0.4999564 
5753 0.4999564 
5754 0.4999564 
5755 0.4999564 
5756 0.4999564 
5757 0.4999564 
5758 0.4999563 
5759 0.4999563 
5760 0.4999563 
5761 0.4999563 
5762 0.4999563 
5763 0.4999562 
5764 0.4999562 
5765 0.4999562 
5766 0.4999562 
5767 0.4999562 
5768 0.4999561 
5769 0.4999561 
5770 0.4999561 
5771 0.4999561 
5772 0.499956 
5773 0.499956 
5774 0.499956 
5775 0.499956 
5776 0.499956 
5777 0.499956 
5778 0.4999559 
5779 0.4999559 
5780 0.4999559 
5781 0.4999559 
5782 0.4999559 
5783 0.4999558 
5784 0.4999558 
5785 0.4999557 
5786 0.4999557 
5787 0.4999557 
5788 0.4999557 
5789 0.4999557 
5790 0.4999557 
5791 0.4999557 
5792 0.4999556 
5793 0.4999556 
5794 0.4999556 
5795 0.4999556 
5796 0.4999556 
5797 0.4999555 
5798 0.4999555 
5799 0.4999554 
5800 0.4999554 
5801 0.4999554 
5802 0.4999554 
5803 0.4999554 
5804 0.4999554 
5805 0.4999554 
5806 0.4999553 
5807 0.4999553 
5808 0.4999553 
5809 0.4999553 
5810 0.4999553 
5811 0.4999553 
5812 0.4999552 
5813 0.4999552 
5814 0.4999552 
5815 0.4999552 
5816 0.4999551 
5817 0.4999551 
5818 0.4999551 
5819 0.499955 
5820 0.499955 
5821 0.499955 
5822 0.499955 
5823 0.499955 
5824 0.499955 
5825 0.4999549 
5826 0.4999549 
5827 0.4999549 
5828 0.4999549 
5829 0.4999549 
5830 0.4999548 
5831 0.4999548 
5832 0.4999547 
5833 0.4999547 
5834 0.4999547 
5835 0.4999547 
5836 0.4999547 
5837 0.4999547 
5838 0.4999547 
5839 0.4999546 
5840 0.4999546 
5841 0.4999546 
5842 0.4999546 
5843 0.4999546 
5844 0.4999546 
5845 0.4999546 
5846 0.4999546 
5847 0.4999546 
5848 0.4999546 
5849 0.4999546 
5850 0.4999546 
5851 0.4999545 
5852 0.4999545 
5853 0.4999545 
5854 0.4999545 
5855 0.4999545 
5856 0.4999545 
5857 0.4999544 
5858 0.4999544 
5859 0.4999544 
5860 0.4999544 
5861 0.4999544 
5862 0.4999543 
5863 0.4999543 
5864 0.4999543 
5865 0.4999543 
5866 0.4999543 
5867 0.4999542 
5868 0.4999542 
5869 0.4999542 
5870 0.4999542 
5871 0.4999542 
5872 0.4999541 
5873 0.4999541 
5874 0.4999541 
5875 0.499954 
5876 0.499954 
5877 0.499954 
5878 0.499954 
5879 0.499954 
5880 0.499954 
5881 0.499954 
5882 0.4999539 
5883 0.4999539 
5884 0.4999539 
5885 0.4999539 
5886 0.4999539 
5887 0.4999538 
5888 0.4999538 
5889 0.4999538 
5890 0.4999538 
5891 0.4999537 
5892 0.4999537 
5893 0.4999537 
5894 0.4999536 
5895 0.4999536 
5896 0.4999536 
5897 0.4999536 
5898 0.4999536 
5899 0.4999536 
5900 0.4999535 
5901 0.4999535 
5902 0.4999535 
5903 0.4999534 
5904 0.4999534 
5905 0.4999534 
5906 0.4999533 
5907 0.4999533 
5908 0.4999533 
5909 0.4999533 
5910 0.4999533 
5911 0.4999533 
5912 0.4999533 
5913 0.4999532 
5914 0.4999532 
5915 0.4999532 
5916 0.4999532 
5917 0.4999532 
5918 0.4999531 
5919 0.4999531 
5920 0.499953 
5921 0.499953 
5922 0.499953 
5923 0.499953 
5924 0.499953 
5925 0.499953 
5926 0.499953 
5927 0.4999529 
5928 0.4999529 
5929 0.4999529 
5930 0.4999529 
5931 0.4999529 
5932 0.4999529 
5933 0.4999528 
5934 0.4999528 
5935 0.4999528 
5936 0.4999528 
5937 0.4999527 
5938 0.4999527 
5939 0.4999527 
5940 0.4999526 
5941 0.4999526 
5942 0.4999526 
5943 0.4999526 
5944 0.4999526 
5945 0.4999526 
5946 0.4999525 
5947 0.4999525 
5948 0.4999525 
5949 0.4999525 
5950 0.4999524 
5951 0.4999524 
5952 0.4999523 
5953 0.4999523 
5954 0.4999523 
5955 0.4999523 
5956 0.4999523 
5957 0.4999523 
5958 0.4999522 
5959 0.4999522 
5960 0.4999522 
5961 0.4999522 
5962 0.4999522 
5963 0.4999522 
5964 0.4999521 
5965 0.4999521 
5966 0.4999521 
5967 0.4999521 
5968 0.499952 
5969 0.499952 
5970 0.499952 
5971 0.499952 
5972 0.4999519 
5973 0.4999519 
5974 0.4999519 
5975 0.4999519 
5976 0.4999519 
5977 0.4999519 
5978 0.4999518 
5979 0.4999518 
5980 0.4999518 
5981 0.4999518 
5982 0.4999517 
5983 0.4999517 
5984 0.4999516 
5985 0.4999516 
5986 0.4999516 
5987 0.4999516 
5988 0.4999516 
5989 0.4999516 
5990 0.4999515 
5991 0.4999515 
5992 0.4999515 
5993 0.4999515 
5994 0.4999515 
5995 0.4999514 
5996 0.4999514 
5997 0.4999514 
5998 0.4999514 
5999 0.4999513 
6000 0.4999513 
6001 0.4999513 
6002 0.4999512 
6003 0.4999512 
6004 0.4999512 
6005 0.4999512 
6006 0.4999512 
6007 0.4999511 
6008 0.4999511 
6009 0.4999511 
6010 0.4999511 
6011 0.499951 
6012 0.499951 
6013 0.499951 
6014 0.4999509 
6015 0.4999509 
6016 0.4999509 
6017 0.4999509 
6018 0.4999509 
6019 0.4999509 
6020 0.4999508 
6021 0.4999508 
6022 0.4999508 
6023 0.4999508 
6024 0.4999507 
6025 0.4999507 
6026 0.4999506 
6027 0.4999506 
6028 0.4999506 
6029 0.4999506 
6030 0.4999506 
6031 0.4999506 
6032 0.4999506 
6033 0.4999505 
6034 0.4999505 
6035 0.4999505 
6036 0.4999505 
6037 0.4999505 
6038 0.4999505 
6039 0.4999505 
6040 0.4999504 
6041 0.4999504 
6042 0.4999504 
6043 0.4999504 
6044 0.4999504 
6045 0.4999504 
6046 0.4999503 
6047 0.4999503 
6048 0.4999503 
6049 0.4999503 
6050 0.4999503 
6051 0.4999503 
6052 0.4999503 
6053 0.4999503 
6054 0.4999502 
6055 0.4999502 
6056 0.4999502 
6057 0.4999502 
6058 0.4999502 
6059 0.4999502 
6060 0.4999501 
6061 0.4999501 
6062 0.4999501 
6063 0.4999501 
6064 0.49995 
6065 0.49995 
6066 0.49995 
6067 0.4999499 
6068 0.5 
6069 0.5 
6070 0.4999997 
6071 0.4999997 
6072 0.4999997 
6073 0.4999996 
6074 0.4999996 
6075 0.4999996 
6076 0.4999996 
6077 0.4999996 
6078 0.4999996 
6079 0.4999996 
6080 0.4999996 
6081 0.4999996 
6082 0.4999996 
6083 0.4999996 
6084 0.4999996 
6085 0.4999996 
6086 0.4999996 
6087 0.4999996 
6088 0.4999996 
6089 0.4999996 
6090 0.4999996 
6091 0.4999996 
6092 0.4999996 
6093 0.4999996 
6094 0.4999996 
6095 0.4999996 
6096 0.4999996 
6097 0.4999996 
6098 0.4999996 
6099 0.4999996 
6100 0.4999996 
6101 0.4999996 
6102 0.4999996 
6103 0.4999996 
6104 0.4999996 
6105 0.4999996 
6106 0.4999996 
6107 0.4999996 
6108 0.4999996 
6109 0.4999996 
6110 0.4999996 
6111 0.4999996 
6112 0.4999996 
6113 0.4999996 
6114 0.4999996 
6115 0.4999996 
6116 0.4999996 
6117 0.4999996 
6118 0.4999996 
6119 0.4999996 
6120 0.4999996 
6121 0.4999996 
6122 0.4999996 
6123 0.4999996 
6124 0.4999996 
6125 0.4999996 
6126 0.4999996 
6127 0.4999996 
6128 0.4999996 
6129 0.4999996 
6130 0.4999996 
6131 0.4999996 
6132 0.4999996 
6133 0.4999996 
6134 0.4999996 
6135 0.4999996 
6136 0.4999996 
6137 0.4999996 
6138 0.4999996 
6139 0.4999996 
6140 0.4999996 
6141 0.4999996 
6142 0.4999996 
6143 0.4999996 
6144 0.4999996 
6145 0.4999995 
6146 0.4999995 
6147 0.4999995 
6148 0.4999995 
6149 0.4999995 
6150 0.4999995 
6151 0.4999995 
6152 0.4999995 
6153 0.4999995 
6154 0.4999995 
6155 0.4999995 
6156 0.4999995 
6157 0.4999995 
6158 0.4999995 
6159 0.4999994 
6160 0.4999994 
6161 0.4999994 
6162 0.4999994 
6163 0.4999994 
6164 0.4999994 
6165 0.4999994 
6166 0.4999994 
6167 0.4999994 
6168 0.4999994 
6169 0.4999994 
6170 0.4999994 
6171 0.4999994 
6172 0.4999994 
6173 0.4999994 
6174 0.4999994 
6175 0.4999994 
6176 0.4999994 
6177 0.4999994 
6178 0.4999994 
6179 0.4999994 
6180 0.4999994 
6181 0.4999994 
6182 0.4999994 
6183 0.4999994 
6184 0.4999994 
6185 0.4999994 
6186 0.4999994 
6187 0.4999994 
6188 0.4999994 
6189 0.4999994 
6190 0.4999994 
6191 0.4999994 
6192 0.4999993 
6193 0.4999993 
6194 0.4999993 
6195 0.4999993 
6196 0.4999993 
6197 0.4999993 
6198 0.4999993 
6199 0.4999993 
6200 0.4999993 
6201 0.4999993 
6202 0.4999993 
6203 0.4999993 
6204 0.4999993 
6205 0.4999993 
6206 0.4999993 
6207 0.4999993 
6208 0.4999993 
6209 0.4999993 
6210 0.4999993 
6211 0.4999993 
6212 0.4999993 
6213 0.4999993 
6214 0.4999993 
6215 0.4999993 
6216 0.4999993 
6217 0.4999993 
6218 0.4999993 
6219 0.4999993 
6220 0.4999993 
6221 0.4999993 
6222 0.4999993 
6223 0.4999993 
6224 0.4999993 
6225 0.4999993 
6226 0.4999993 
6227 0.4999992 
6228 0.4999992 
6229 0.4999992 
6230 0.4999992 
6231 0.4999992 
6232 0.4999992 
6233 0.4999992 
6234 0.4999992 
6235 0.4999992 
6236 0.4999992 
6237 0.4999992 
6238 0.4999992 
6239 0.4999992 
6240 0.4999992 
6241 0.4999992 
6242 0.4999992 
6243 0.4999992 
6244 0.4999992 
6245 0.4999992 
6246 0.4999992 
6247 0.4999992 
6248 0.4999992 
6249 0.4999992 
6250 0.4999992 
6251 0.4999991 
6252 0.4999991 
6253 0.4999991 
6254 0.4999991 
6255 0.4999991 
6256 0.4999991 
6257 0.4999991 
6258 0.4999991 
6259 0.4999991 
6260 0.4999991 
6261 0.4999991 
6262 0.4999991 
6263 0.4999991 
6264 0.4999991 
6265 0.4999991 
6266 0.4999991 
6267 0.4999991 
6268 0.4999991 
6269 0.4999991 
6270 0.4999991 
6271 0.499999 
6272 0.499999 
6273 0.499999 
6274 0.499999 
6275 0.499999 
6276 0.499999 
6277 0.499999 
6278 0.499999 
6279 0.499999 
6280 0.4999989 
6281 0.4999989 
6282 0.4999989 
6283 0.4999989 
6284 0.4999989 
6285 0.4999989 
6286 0.4999989 
6287 0.4999989 
6288 0.4999989 
6289 0.4999989 
6290 0.4999989 
6291 0.4999989 
6292 0.4999989 
6293 0.4999989 
6294 0.4999989 
6295 0.4999989 
6296 0.4999989 
6297 0.4999989 
6298 0.4999989 
6299 0.4999989 
6300 0.4999989 
6301 0.4999989 
6302 0.4999989 
6303 0.4999988 
6304 0.4999988 
6305 0.4999988 
6306 0.4999988 
6307 0.4999988 
6308 0.4999988 
6309 0.4999988 
6310 0.4999988 
6311 0.4999988 
6312 0.4999988 
6313 0.4999988 
6314 0.4999988 
6315 0.4999988 
6316 0.4999988 
6317 0.4999988 
6318 0.4999988 
6319 0.4999988 
6320 0.4999988 
6321 0.4999988 
6322 0.4999988 
6323 0.4999988 
6324 0.4999988 
6325 0.4999988 
6326 0.4999988 
6327 0.4999988 
6328 0.4999988 
6329 0.4999987 
6330 0.4999987 
6331 0.4999987 
6332 0.4999987 
6333 0.4999987 
6334 0.4999987 
6335 0.4999987 
6336 0.4999987 
6337 0.4999987 
6338 0.4999987 
6339 0.4999987 
6340 0.4999987 
6341 0.4999987 
6342 0.4999987 
6343 0.4999987 
6344 0.4999987 
6345 0.4999987 
6346 0.4999987 
6347 0.4999987 
6348 0.4999987 
6349 0.4999987 
6350 0.4999987 
6351 0.4999987 
6352 0.4999987 
6353 0.4999987 
6354 0.4999987 
6355 0.4999987 
6356 0.4999987 
6357 0.4999987 
6358 0.4999986 
6359 0.4999986 
6360 0.4999986 
6361 0.4999986 
6362 0.4999986 
6363 0.4999986 
6364 0.4999986 
6365 0.4999985 
6366 0.4999985 
6367 0.4999985 
6368 0.4999985 
6369 0.4999985 
6370 0.4999985 
6371 0.4999985 
6372 0.4999985 
6373 0.4999985 
6374 0.4999985 
6375 0.4999985 
6376 0.4999985 
6377 0.4999985 
6378 0.4999985 
6379 0.4999985 
6380 0.4999985 
6381 0.4999985 
6382 0.4999985 
6383 0.4999985 
6384 0.4999985 
6385 0.4999985 
6386 0.4999985 
6387 0.4999985 
6388 0.4999985 
6389 0.4999985 
6390 0.4999985 
6391 0.4999985 
6392 0.4999985 
6393 0.4999985 
6394 0.4999985 
6395 0.4999985 
6396 0.4999985 
6397 0.4999985 
6398 0.4999985 
6399 0.4999985 
6400 0.4999985 
6401 0.4999985 
6402 0.4999985 
6403 0.4999984 
6404 0.4999984 
6405 0.4999984 
6406 0.4999984 
6407 0.4999984 
6408 0.4999984 
6409 0.4999984 
6410 0.4999984 
6411 0.4999984 
6412 0.4999984 
6413 0.4999984 
6414 0.4999984 
6415 0.4999984 
6416 0.4999984 
6417 0.4999984 
6418 0.4999984 
6419 0.4999984 
6420 0.4999984 
6421 0.4999984 
6422 0.4999984 
6423 0.4999984 
6424 0.4999984 
6425 0.4999984 
6426 0.4999984 
6427 0.4999984 
6428 0.4999984 
6429 0.4999984 
6430 0.4999984 
6431 0.4999984 
6432 0.4999984 
6433 0.4999984 
6434 0.4999984 
6435 0.4999984 
6436 0.4999984 
6437 0.4999984 
6438 0.4999984 
6439 0.4999984 
6440 0.4999984 
6441 0.4999984 
6442 0.4999984 
6443 0.4999984 
6444 0.4999984 
6445 0.4999984 
6446 0.4999984 
6447 0.4999984 
6448 0.4999984 
6449 0.4999984 
6450 0.4999984 
6451 0.4999984 
6452 0.4999984 
6453 0.4999983 
6454 0.4999983 
6455 0.4999983 
6456 0.4999983 
6457 0.4999983 
6458 0.4999982 
6459 0.4999982 
6460 0.4999981 
6461 0.4999981 
6462 0.4999981 
6463 0.4999981 
6464 0.499998 
6465 0.499998 
6466 0.499998 
6467 0.499998 
6468 0.499998 
6469 0.499998 
6470 0.499998 
6471 0.499998 
6472 0.499998 
6473 0.499998 
6474 0.499998 
6475 0.499998 
6476 0.499998 
6477 0.499998 
6478 0.499998 
6479 0.499998 
6480 0.499998 
6481 0.499998 
6482 0.499998 
6483 0.499998 
6484 0.499998 
6485 0.4999979 
6486 0.4999979 
6487 0.4999979 
6488 0.4999979 
6489 0.4999979 
6490 0.4999979 
6491 0.4999979 
6492 0.4999979 
6493 0.4999979 
6494 0.4999979 
6495 0.4999979 
6496 0.4999979 
6497 0.4999979 
6498 0.4999979 
6499 0.4999979 
6500 0.4999979 
6501 0.4999979 
6502 0.4999979 
6503 0.4999979 
6504 0.4999979 
6505 0.4999979 
6506 0.4999979 
6507 0.4999979 
6508 0.4999979 
6509 0.4999979 
6510 0.4999979 
6511 0.4999979 
6512 0.4999979 
6513 0.4999979 
6514 0.4999979 
6515 0.4999979 
6516 0.4999979 
6517 0.4999979 
6518 0.4999978 
6519 0.4999978 
6520 0.4999978 
6521 0.4999978 
6522 0.4999978 
6523 0.4999978 
6524 0.4999978 
6525 0.4999978 
6526 0.4999978 
6527 0.4999978 
6528 0.4999977 
6529 0.4999977 
6530 0.4999977 
6531 0.4999977 
6532 0.4999977 
6533 0.4999977 
6534 0.4999977 
6535 0.4999977 
6536 0.4999977 
6537 0.4999977 
6538 0.4999977 
6539 0.4999977 
6540 0.4999977 
6541 0.4999977 
6542 0.4999977 
6543 0.4999977 
6544 0.4999977 
6545 0.4999977 
6546 0.4999977 
6547 0.4999977 
6548 0.4999977 
6549 0.4999977 
6550 0.4999977 
6551 0.4999977 
6552 0.4999977 
6553 0.4999977 
6554 0.4999977 
6555 0.4999977 
6556 0.4999977 
6557 0.4999977 
6558 0.4999977 
6559 0.4999977 
6560 0.4999977 
6561 0.4999977 
6562 0.4999976 
6563 0.4999976 
6564 0.4999976 
6565 0.4999976 
6566 0.4999976 
6567 0.4999976 
6568 0.4999976 
6569 0.4999976 
6570 0.4999976 
6571 0.4999976 
6572 0.4999976 
6573 0.4999976 
6574 0.4999976 
6575 0.4999976 
6576 0.4999976 
6577 0.4999976 
6578 0.4999976 
6579 0.4999976 
6580 0.4999976 
6581 0.4999976 
6582 0.4999976 
6583 0.4999976 
6584 0.4999976 
6585 0.4999976 
6586 0.4999976 
6587 0.4999976 
6588 0.4999976 
6589 0.4999976 
6590 0.4999976 
6591 0.4999976 
6592 0.4999976 
6593 0.4999976 
6594 0.4999976 
6595 0.4999976 
6596 0.4999976 
6597 0.4999976 
6598 0.4999976 
6599 0.4999976 
6600 0.4999976 
6601 0.4999976 
6602 0.4999976 
6603 0.4999976 
6604 0.4999976 
6605 0.4999976 
6606 0.4999976 
6607 0.4999976 
6608 0.4999976 
6609 0.4999976 
6610 0.4999976 
6611 0.4999976 
6612 0.4999975 
6613 0.4999975 
6614 0.4999975 
6615 0.4999975 
6616 0.4999975 
6617 0.4999972 
6618 0.4999972 
6619 0.4999972 
6620 0.4999972 
6621 0.4999972 
6622 0.4999971 
6623 0.4999971 
6624 0.4999971 
6625 0.4999971 
6626 0.4999971 
6627 0.4999971 
6628 0.4999971 
6629 0.4999971 
6630 0.4999971 
6631 0.4999971 
6632 0.4999971 
6633 0.4999971 
6634 0.4999971 
6635 0.4999971 
6636 0.4999971 
6637 0.4999971 
6638 0.4999971 
6639 0.4999971 
6640 0.4999971 
6641 0.4999971 
6642 0.4999971 
6643 0.4999971 
6644 0.4999971 
6645 0.4999971 
6646 0.4999971 
6647 0.4999971 
6648 0.4999971 
6649 0.499997 
6650 0.499997 
6651 0.499997 
6652 0.499997 
6653 0.499997 
6654 0.499997 
6655 0.499997 
6656 0.499997 
6657 0.499997 
6658 0.499997 
6659 0.499997 
6660 0.499997 
6661 0.499997 
6662 0.4999969 
6663 0.4999969 
6664 0.4999969 
6665 0.4999969 
6666 0.4999969 
6667 0.4999969 
6668 0.4999969 
6669 0.4999969 
6670 0.4999969 
6671 0.4999969 
6672 0.4999969 
6673 0.4999969 
6674 0.4999969 
6675 0.4999969 
6676 0.4999969 
6677 0.4999969 
6678 0.4999969 
6679 0.4999969 
6680 0.4999969 
6681 0.4999969 
6682 0.4999969 
6683 0.4999969 
6684 0.4999969 
6685 0.4999969 
6686 0.4999969 
6687 0.4999969 
6688 0.4999969 
6689 0.4999969 
6690 0.4999969 
6691 0.4999969 
6692 0.4999968 
6693 0.4999968 
6694 0.4999968 
6695 0.4999968 
6696 0.4999968 
6697 0.4999968 
6698 0.4999968 
6699 0.4999968 
6700 0.4999968 
6701 0.4999968 
6702 0.4999968 
6703 0.4999968 
6704 0.4999968 
6705 0.4999968 
6706 0.4999968 
6707 0.4999968 
6708 0.4999968 
6709 0.4999968 
6710 0.4999968 
6711 0.4999968 
6712 0.4999968 
6713 0.4999968 
6714 0.4999968 
6715 0.4999968 
6716 0.4999968 
6717 0.4999968 
6718 0.4999967 
6719 0.4999967 
6720 0.4999967 
6721 0.4999967 
6722 0.4999967 
6723 0.4999967 
6724 0.4999967 
6725 0.4999967 
6726 0.4999967 
6727 0.4999967 
6728 0.4999967 
6729 0.4999966 
6730 0.4999966 
6731 0.4999966 
6732 0.4999966 
6733 0.4999966 
6734 0.4999966 
6735 0.4999966 
6736 0.4999966 
6737 0.4999966 
6738 0.4999966 
6739 0.4999966 
6740 0.4999966 
6741 0.4999966 
6742 0.4999966 
6743 0.4999965 
6744 0.4999965 
6745 0.4999965 
6746 0.4999965 
6747 0.4999965 
6748 0.4999965 
6749 0.4999965 
6750 0.4999965 
6751 0.4999965 
6752 0.4999965 
6753 0.4999965 
6754 0.4999965 
6755 0.4999965 
6756 0.4999964 
6757 0.4999964 
6758 0.4999964 
6759 0.4999964 
6760 0.4999964 
6761 0.4999964 
6762 0.4999964 
6763 0.4999964 
6764 0.4999964 
6765 0.4999964 
6766 0.4999964 
6767 0.4999964 
6768 0.4999964 
6769 0.4999964 
6770 0.4999964 
6771 0.4999964 
6772 0.4999964 
6773 0.4999964 
6774 0.4999964 
6775 0.4999964 
6776 0.4999964 
6777 0.4999964 
6778 0.4999964 
6779 0.4999964 
6780 0.4999964 
6781 0.4999963 
6782 0.4999963 
6783 0.4999963 
6784 0.4999963 
6785 0.4999963 
6786 0.4999963 
6787 0.4999963 
6788 0.4999963 
6789 0.4999963 
6790 0.4999963 
6791 0.4999963 
6792 0.4999963 
6793 0.4999963 
6794 0.4999963 
6795 0.4999963 
6796 0.4999963 
6797 0.4999963 
6798 0.4999963 
6799 0.4999963 
6800 0.4999962 
6801 0.4999962 
6802 0.4999962 
6803 0.4999962 
6804 0.4999962 
6805 0.4999962 
6806 0.4999962 
6807 0.4999962 
6808 0.4999962 
6809 0.4999962 
6810 0.4999962 
6811 0.4999962 
6812 0.4999962 
6813 0.4999962 
6814 0.4999962 
6815 0.4999962 
6816 0.4999962 
6817 0.4999962 
6818 0.4999962 
6819 0.4999962 
6820 0.4999962 
6821 0.4999962 
6822 0.4999962 
6823 0.4999962 
6824 0.4999961 
6825 0.4999961 
6826 0.4999961 
6827 0.4999961 
6828 0.4999961 
6829 0.4999961 
6830 0.4999961 
6831 0.4999961 
6832 0.4999961 
6833 0.4999961 
6834 0.4999961 
6835 0.4999961 
6836 0.4999961 
6837 0.4999961 
6838 0.4999961 
6839 0.4999961 
6840 0.4999961 
6841 0.4999961 
6842 0.4999961 
6843 0.4999961 
6844 0.4999961 
6845 0.4999961 
6846 0.4999961 
6847 0.4999961 
6848 0.4999961 
6849 0.4999961 
6850 0.4999961 
6851 0.4999961 
6852 0.499996 
6853 0.499996 
6854 0.499996 
6855 0.499996 
6856 0.499996 
6857 0.499996 
6858 0.499996 
6859 0.499996 
6860 0.499996 
6861 0.499996 
6862 0.499996 
6863 0.499996 
6864 0.499996 
6865 0.499996 
6866 0.499996 
6867 0.499996 
6868 0.499996 
6869 0.499996 
6870 0.499996 
6871 0.499996 
6872 0.499996 
6873 0.499996 
6874 0.499996 
6875 0.499996 
6876 0.499996 
6877 0.499996 
6878 0.499996 
6879 0.499996 
6880 0.499996 
6881 0.499996 
6882 0.4999959 
6883 0.4999959 
6884 0.4999959 
6885 0.4999959 
6886 0.4999959 
6887 0.4999959 
6888 0.4999959 
6889 0.4999959 
6890 0.4999959 
6891 0.4999958 
6892 0.4999958 
6893 0.4999958 
6894 0.4999958 
6895 0.4999958 
6896 0.4999958 
6897 0.4999958 
6898 0.4999958 
6899 0.4999958 
6900 0.4999958 
6901 0.4999958 
6902 0.4999958 
6903 0.4999958 
6904 0.4999958 
6905 0.4999958 
6906 0.4999958 
6907 0.4999958 
6908 0.4999958 
6909 0.4999958 
6910 0.4999958 
6911 0.4999958 
6912 0.4999958 
6913 0.4999958 
6914 0.4999958 
6915 0.4999958 
6916 0.4999958 
6917 0.4999958 
6918 0.4999958 
6919 0.4999958 
6920 0.4999958 
6921 0.4999958 
6922 0.4999958 
6923 0.4999958 
6924 0.4999958 
6925 0.4999958 
6926 0.4999958 
6927 0.4999957 
6928 0.4999957 
6929 0.4999957 
6930 0.4999957 
6931 0.4999957 
6932 0.4999957 
6933 0.4999957 
6934 0.4999957 
6935 0.4999957 
6936 0.4999957 
6937 0.4999957 
6938 0.4999957 
6939 0.4999957 
6940 0.4999957 
6941 0.4999957 
6942 0.4999957 
6943 0.4999957 
6944 0.4999957 
6945 0.4999957 
6946 0.4999957 
6947 0.4999957 
6948 0.4999957 
6949 0.4999957 
6950 0.4999957 
6951 0.4999957 
6952 0.4999957 
6953 0.4999957 
6954 0.4999957 
6955 0.4999956 
6956 0.4999956 
6957 0.4999956 
6958 0.4999956 
6959 0.4999956 
6960 0.4999956 
6961 0.4999956 
6962 0.4999956 
6963 0.4999956 
6964 0.4999956 
6965 0.4999956 
6966 0.4999956 
6967 0.4999956 
6968 0.4999956 
6969 0.4999956 
6970 0.4999956 
6971 0.4999956 
6972 0.4999956 
6973 0.4999956 
6974 0.4999956 
6975 0.4999956 
6976 0.4999956 
6977 0.4999956 
6978 0.4999956 
6979 0.4999956 
6980 0.4999955 
6981 0.4999955 
6982 0.4999955 
6983 0.4999955 
6984 0.4999955 
6985 0.4999955 
6986 0.4999955 
6987 0.4999955 
6988 0.4999955 
6989 0.4999955 
6990 0.4999955 
6991 0.4999955 
6992 0.4999955 
6993 0.4999955 
6994 0.4999955 
6995 0.4999954 
6996 0.4999954 
6997 0.4999954 
6998 0.4999954 
6999 0.4999954 
7000 0.4999954 
7001 0.4999954 
7002 0.4999954 
7003 0.4999954 
7004 0.4999954 
7005 0.4999954 
7006 0.4999954 
7007 0.4999954 
7008 0.4999954 
7009 0.4999954 
7010 0.4999954 
7011 0.4999954 
7012 0.4999954 
7013 0.4999954 
7014 0.4999954 
7015 0.4999954 
7016 0.4999954 
7017 0.4999954 
7018 0.4999954 
7019 0.4999954 
7020 0.4999954 
7021 0.4999954 
7022 0.4999953 
7023 0.4999953 
7024 0.4999953 
7025 0.4999953 
7026 0.4999953 
7027 0.4999953 
7028 0.4999953 
7029 0.4999953 
7030 0.4999953 
7031 0.4999953 
7032 0.4999953 
7033 0.4999953 
7034 0.4999953 
7035 0.4999953 
7036 0.4999953 
7037 0.4999953 
7038 0.4999953 
7039 0.4999953 
7040 0.4999953 
7041 0.4999953 
7042 0.4999953 
7043 0.4999953 
7044 0.4999953 
7045 0.4999953 
7046 0.4999952 
7047 0.4999952 
7048 0.4999952 
7049 0.4999952 
7050 0.4999952 
7051 0.4999952 
7052 0.4999952 
7053 0.4999952 
7054 0.4999952 
7055 0.4999951 
7056 0.4999951 
7057 0.4999951 
7058 0.4999951 
7059 0.4999951 
7060 0.4999951 
7061 0.499995 
7062 0.499995 
7063 0.499995 
7064 0.499995 
7065 0.499995 
7066 0.499995 
7067 0.499995 
7068 0.4999949 
7069 0.4999949 
7070 0.4999948 
7071 0.4999948 
7072 0.4999948 
7073 0.4999948 
7074 0.4999948 
7075 0.4999948 
7076 0.4999948 
7077 0.4999948 
7078 0.4999948 
7079 0.4999948 
7080 0.4999948 
7081 0.4999948 
7082 0.4999947 
7083 0.4999947 
7084 0.4999947 
7085 0.4999947 
7086 0.4999943 
7087 0.4999943 
7088 0.4999939 
7089 0.4999939 
7090 0.4999939 
7091 0.4999939 
7092 0.4999939 
7093 0.4999939 
7094 0.4999939 
7095 0.4999933 
7096 0.4999933 
7097 0.4999933 
7098 0.4999932 
7099 0.4999932 
7100 0.4999932 
7101 0.4999932 
7102 0.4999932 
7103 0.4999931 
7104 0.4999931 
7105 0.4999931 
7106 0.4999931 
7107 0.4999931 
7108 0.499993 
7109 0.499993 
7110 0.499993 
7111 0.499993 
7112 0.499993 
7113 0.499993 
7114 0.4999929 
7115 0.4999929 
7116 0.4999929 
7117 0.4999929 
7118 0.4999929 
7119 0.4999928 
7120 0.4999928 
7121 0.4999928 
7122 0.4999928 
7123 0.4999928 
7124 0.4999928 
7125 0.4999928 
7126 0.4999928 
7127 0.4999928 
7128 0.4999927 
7129 0.4999927 
7130 0.4999927 
7131 0.4999927 
7132 0.4999927 
7133 0.4999926 
7134 0.4999926 
7135 0.4999926 
7136 0.4999926 
7137 0.4999926 
7138 0.4999926 
7139 0.4999926 
7140 0.4999925 
7141 0.4999925 
7142 0.4999925 
7143 0.4999925 
7144 0.4999925 
7145 0.4999925 
7146 0.4999925 
7147 0.4999925 
7148 0.4999925 
7149 0.4999925 
7150 0.4999925 
7151 0.4999924 
7152 0.4999924 
7153 0.4999924 
7154 0.4999924 
7155 0.4999924 
7156 0.4999923 
7157 0.4999923 
7158 0.4999923 
7159 0.4999923 
7160 0.4999922 
7161 0.4999922 
7162 0.4999922 
7163 0.4999922 
7164 0.4999922 
7165 0.4999921 
7166 0.4999921 
7167 0.4999921 
7168 0.4999921 
7169 0.4999921 
7170 0.4999921 
7171 0.4999921 
7172 0.4999921 
7173 0.4999921 
7174 0.499992 
7175 0.499992 
7176 0.499992 
7177 0.499992 
7178 0.499992 
7179 0.4999919 
7180 0.4999919 
7181 0.4999919 
7182 0.4999919 
7183 0.4999919 
7184 0.4999918 
7185 0.4999918 
7186 0.4999918 
7187 0.4999918 
7188 0.4999918 
7189 0.4999918 
7190 0.4999918 
7191 0.4999918 
7192 0.4999918 
7193 0.4999917 
7194 0.4999917 
7195 0.4999917 
7196 0.4999917 
7197 0.4999917 
7198 0.4999917 
7199 0.4999917 
7200 0.4999917 
7201 0.4999917 
7202 0.4999917 
7203 0.4999917 
7204 0.4999917 
7205 0.4999917 
7206 0.4999917 
7207 0.4999917 
7208 0.4999917 
7209 0.4999917 
7210 0.4999917 
7211 0.4999917 
7212 0.4999917 
7213 0.4999917 
7214 0.4999917 
7215 0.4999917 
7216 0.4999917 
7217 0.4999917 
7218 0.4999917 
7219 0.4999917 
7220 0.4999917 
7221 0.4999917 
7222 0.4999917 
7223 0.4999917 
7224 0.4999917 
7225 0.4999917 
7226 0.4999917 
7227 0.4999916 
7228 0.4999916 
7229 0.4999916 
7230 0.4999916 
7231 0.4999916 
7232 0.4999916 
7233 0.4999916 
7234 0.4999916 
7235 0.4999916 
7236 0.4999916 
7237 0.4999916 
7238 0.4999916 
7239 0.4999916 
7240 0.4999916 
7241 0.4999916 
7242 0.4999916 
7243 0.4999916 
7244 0.4999916 
7245 0.4999916 
7246 0.4999916 
7247 0.4999916 
7248 0.4999916 
7249 0.4999916 
7250 0.4999916 
7251 0.4999916 
7252 0.4999916 
7253 0.4999916 
7254 0.4999916 
7255 0.4999916 
7256 0.4999916 
7257 0.4999916 
7258 0.4999916 
7259 0.4999916 
7260 0.4999916 
7261 0.4999916 
7262 0.4999916 
7263 0.4999916 
7264 0.4999916 
7265 0.4999916 
7266 0.4999916 
7267 0.4999916 
7268 0.4999916 
7269 0.4999916 
7270 0.4999916 
7271 0.4999916 
7272 0.4999916 
7273 0.4999916 
7274 0.4999916 
7275 0.4999916 
7276 0.4999916 
7277 0.4999916 
7278 0.4999916 
7279 0.4999916 
7280 0.4999916 
7281 0.4999916 
7282 0.4999916 
7283 0.4999916 
7284 0.4999915 
7285 0.4999915 
7286 0.4999915 
7287 0.4999915 
7288 0.4999915 
7289 0.4999915 
7290 0.4999915 
7291 0.4999915 
7292 0.4999915 
7293 0.4999915 
7294 0.4999915 
7295 0.4999915 
7296 0.4999915 
7297 0.4999915 
7298 0.4999915 
7299 0.4999915 
7300 0.4999915 
7301 0.4999915 
7302 0.4999915 
7303 0.4999915 
7304 0.4999915 
7305 0.4999915 
7306 0.4999915 
7307 0.4999915 
7308 0.4999915 
7309 0.4999915 
7310 0.4999915 
7311 0.4999915 
7312 0.4999915 
7313 0.4999915 
7314 0.4999915 
7315 0.4999915 
7316 0.4999915 
7317 0.4999915 
7318 0.4999915 
7319 0.4999915 
7320 0.4999915 
7321 0.4999915 
7322 0.4999915 
7323 0.4999915 
7324 0.4999915 
7325 0.4999915 
7326 0.4999915 
7327 0.4999915 
7328 0.4999915 
7329 0.4999915 
7330 0.4999915 
7331 0.4999915 
7332 0.4999915 
7333 0.4999915 
7334 0.4999915 
7335 0.4999915 
7336 0.4999915 
7337 0.4999915 
7338 0.4999915 
7339 0.4999915 
7340 0.4999915 
7341 0.4999915 
7342 0.4999915 
7343 0.4999915 
7344 0.4999915 
7345 0.4999915 
7346 0.4999915 
7347 0.4999915 
7348 0.4999915 
7349 0.4999915 
7350 0.4999915 
7351 0.4999915 
7352 0.4999915 
7353 0.4999915 
7354 0.4999915 
7355 0.4999915 
7356 0.4999915 
7357 0.4999915 
7358 0.4999915 
7359 0.4999915 
7360 0.4999915 
7361 0.4999915 
7362 0.4999915 
7363 0.4999915 
7364 0.4999915 
7365 0.4999915 
7366 0.4999915 
7367 0.4999915 
7368 0.4999915 
7369 0.4999915 
7370 0.4999915 
7371 0.4999915 
7372 0.4999915 
7373 0.4999915 
7374 0.4999915 
7375 0.4999915 
7376 0.4999915 
7377 0.4999915 
7378 0.4999915 
7379 0.4999915 
7380 0.4999915 
7381 0.4999915 
7382 0.4999915 
7383 0.4999915 
7384 0.4999915 
7385 0.4999915 
7386 0.4999915 
7387 0.4999915 
7388 0.4999915 
7389 0.4999915 
7390 0.4999915 
7391 0.4999915 
7392 0.4999915 
7393 0.4999915 
7394 0.4999915 
7395 0.4999915 
7396 0.4999915 
7397 0.4999915 
7398 0.4999915 
7399 0.4999915 
7400 0.4999915 
7401 0.4999915 
7402 0.4999915 
7403 0.4999915 
7404 0.4999915 
7405 0.4999915 
7406 0.4999915 
7407 0.4999915 
7408 0.4999915 
7409 0.4999915 
7410 0.4999915 
7411 0.4999915 
7412 0.4999915 
7413 0.4999915 
7414 0.4999915 
7415 0.4999915 
7416 0.4999915 
7417 0.4999915 
7418 0.4999915 
7419 0.4999915 
7420 0.4999915 
7421 0.4999915 
7422 0.4999915 
7423 0.4999915 
7424 0.4999915 
7425 0.4999914 
7426 0.4999914 
7427 0.4999914 
7428 0.4999913 
7429 0.4999913 
7430 0.4999913 
7431 0.4999913 
7432 0.4999913 
7433 0.4999913 
7434 0.4999913 
7435 0.4999913 
7436 0.4999913 
7437 0.4999913 
7438 0.4999913 
7439 0.4999913 
7440 0.4999913 
7441 0.4999913 
7442 0.4999913 
7443 0.4999913 
7444 0.4999913 
7445 0.4999913 
7446 0.4999913 
7447 0.4999913 
7448 0.4999913 
7449 0.4999913 
7450 0.4999913 
7451 0.4999913 
7452 0.4999913 
7453 0.4999913 
7454 0.4999913 
7455 0.4999913 
7456 0.4999913 
7457 0.4999913 
7458 0.4999913 
7459 0.4999913 
7460 0.4999913 
7461 0.4999913 
7462 0.4999913 
7463 0.4999913 
7464 0.4999913 
7465 0.4999913 
7466 0.4999913 
7467 0.4999913 
7468 0.4999913 
7469 0.4999913 
7470 0.4999913 
7471 0.4999912 
7472 0.4999912 
7473 0.4999912 
7474 0.4999912 
7475 0.4999912 
7476 0.4999912 
7477 0.4999912 
7478 0.4999912 
7479 0.4999912 
7480 0.4999912 
7481 0.4999912 
7482 0.4999912 
7483 0.4999912 
7484 0.4999912 
7485 0.4999912 
7486 0.4999912 
7487 0.4999912 
7488 0.4999912 
7489 0.4999912 
7490 0.4999912 
7491 0.4999912 
7492 0.4999912 
7493 0.4999912 
7494 0.4999912 
7495 0.4999912 
7496 0.4999912 
7497 0.4999912 
7498 0.4999912 
7499 0.4999912 
7500 0.4999912 
7501 0.4999912 
7502 0.4999912 
7503 0.4999912 
7504 0.4999912 
7505 0.4999912 
7506 0.4999912 
7507 0.4999912 
7508 0.4999912 
7509 0.4999912 
7510 0.4999912 
7511 0.4999912 
7512 0.4999912 
7513 0.4999912 
7514 0.4999912 
7515 0.4999912 
7516 0.4999912 
7517 0.4999912 
7518 0.4999912 
7519 0.4999912 
7520 0.4999912 
7521 0.4999912 
7522 0.4999912 
7523 0.4999912 
7524 0.4999912 
7525 0.4999912 
7526 0.4999912 
7527 0.4999912 
7528 0.4999912 
7529 0.4999912 
7530 0.4999912 
7531 0.4999912 
7532 0.4999912 
7533 0.4999912 
7534 0.4999912 
7535 0.4999912 
7536 0.4999912 
7537 0.4999912 
7538 0.4999912 
7539 0.4999912 
7540 0.4999912 
7541 0.4999912 
7542 0.4999912 
7543 0.4999912 
7544 0.4999912 
7545 0.4999912 
7546 0.4999912 
7547 0.4999912 
7548 0.4999912 
7549 0.4999912 
7550 0.4999912 
7551 0.4999912 
7552 0.4999912 
7553 0.4999912 
7554 0.4999912 
7555 0.4999912 
7556 0.4999911 
7557 0.4999911 
7558 0.4999911 
7559 0.4999911 
7560 0.4999911 
7561 0.4999911 
7562 0.4999911 
7563 0.4999911 
7564 0.4999911 
7565 0.4999911 
7566 0.4999911 
7567 0.4999911 
7568 0.4999911 
7569 0.4999911 
7570 0.4999911 
7571 0.4999911 
7572 0.4999911 
7573 0.4999911 
7574 0.4999911 
7575 0.4999911 
7576 0.4999911 
7577 0.4999911 
7578 0.4999911 
7579 0.4999911 
7580 0.4999911 
7581 0.4999911 
7582 0.4999911 
7583 0.4999911 
7584 0.4999911 
7585 0.4999911 
7586 0.4999911 
7587 0.4999911 
7588 0.4999911 
7589 0.4999911 
7590 0.4999911 
7591 0.4999911 
7592 0.4999911 
7593 0.4999911 
7594 0.4999911 
7595 0.4999911 
7596 0.4999911 
7597 0.4999911 
7598 0.4999911 
7599 0.4999911 
7600 0.4999911 
7601 0.4999911 
7602 0.4999911 
7603 0.4999911 
7604 0.4999911 
7605 0.4999911 
7606 0.4999911 
7607 0.4999911 
7608 0.4999911 
7609 0.4999911 
7610 0.4999911 
7611 0.4999911 
7612 0.4999911 
7613 0.4999911 
7614 0.4999911 
7615 0.4999911 
7616 0.4999911 
7617 0.4999911 
7618 0.4999911 
7619 0.4999911 
7620 0.4999911 
7621 0.4999911 
7622 0.4999911 
7623 0.4999911 
7624 0.4999911 
7625 0.4999911 
7626 0.4999911 
7627 0.4999911 
7628 0.4999911 
7629 0.4999911 
7630 0.4999911 
7631 0.4999911 
7632 0.4999911 
7633 0.4999911 
7634 0.4999911 
7635 0.499991 
7636 0.499991 
7637 0.499991 
7638 0.499991 
7639 0.499991 
7640 0.499991 
7641 0.499991 
7642 0.499991 
7643 0.499991 
7644 0.499991 
7645 0.499991 
7646 0.499991 
7647 0.499991 
7648 0.499991 
7649 0.499991 
7650 0.499991 
7651 0.499991 
7652 0.499991 
7653 0.499991 
7654 0.499991 
7655 0.499991 
7656 0.499991 
7657 0.499991 
7658 0.499991 
7659 0.499991 
7660 0.499991 
7661 0.499991 
7662 0.499991 
7663 0.499991 
7664 0.499991 
7665 0.499991 
7666 0.499991 
7667 0.499991 
7668 0.499991 
7669 0.499991 
7670 0.499991 
7671 0.499991 
7672 0.499991 
7673 0.499991 
7674 0.499991 
7675 0.499991 
7676 0.499991 
7677 0.499991 
7678 0.499991 
7679 0.499991 
7680 0.499991 
7681 0.499991 
7682 0.499991 
7683 0.4999909 
7684 0.4999909 
7685 0.4999909 
7686 0.4999909 
7687 0.4999909 
7688 0.4999909 
7689 0.4999909 
7690 0.4999909 
7691 0.4999909 
7692 0.4999909 
7693 0.4999909 
7694 0.4999909 
7695 0.4999909 
7696 0.4999909 
7697 0.4999909 
7698 0.4999909 
7699 0.4999909 
7700 0.4999909 
7701 0.4999909 
7702 0.4999909 
7703 0.4999909 
7704 0.4999909 
7705 0.4999909 
7706 0.4999909 
7707 0.4999909 
7708 0.4999909 
7709 0.4999909 
7710 0.4999909 
7711 0.4999909 
7712 0.4999909 
7713 0.4999909 
7714 0.4999909 
7715 0.4999909 
7716 0.4999909 
7717 0.4999909 
7718 0.4999909 
7719 0.4999909 
7720 0.4999909 
7721 0.4999909 
7722 0.4999909 
7723 0.4999909 
7724 0.4999909 
7725 0.4999909 
7726 0.4999909 
7727 0.4999909 
7728 0.4999909 
7729 0.4999909 
7730 0.4999909 
7731 0.4999909 
7732 0.4999909 
7733 0.4999909 
7734 0.4999909 
7735 0.4999909 
7736 0.4999909 
7737 0.4999909 
7738 0.4999909 
7739 0.4999909 
7740 0.4999909 
7741 0.4999909 
7742 0.4999909 
7743 0.4999909 
7744 0.4999909 
7745 0.4999909 
7746 0.4999909 
7747 0.4999909 
7748 0.4999909 
7749 0.4999909 
7750 0.4999908 
7751 0.4999908 
7752 0.4999908 
7753 0.4999908 
7754 0.4999908 
7755 0.4999908 
7756 0.4999908 
7757 0.4999908 
7758 0.4999908 
7759 0.4999908 
7760 0.4999908 
7761 0.4999908 
7762 0.4999908 
7763 0.4999908 
7764 0.4999908 
7765 0.4999908 
7766 0.4999908 
7767 0.4999908 
7768 0.4999908 
7769 0.4999908 
7770 0.4999908 
7771 0.4999908 
7772 0.4999908 
7773 0.4999908 
7774 0.4999908 
7775 0.4999908 
7776 0.4999908 
7777 0.4999908 
7778 0.4999908 
7779 0.4999908 
7780 0.4999908 
7781 0.4999908 
7782 0.4999908 
7783 0.4999908 
7784 0.4999908 
7785 0.4999908 
7786 0.4999908 
7787 0.4999908 
7788 0.4999908 
7789 0.4999908 
7790 0.4999908 
7791 0.4999908 
7792 0.4999908 
7793 0.4999908 
7794 0.4999908 
7795 0.4999908 
7796 0.4999908 
7797 0.4999908 
7798 0.4999908 
7799 0.4999908 
7800 0.4999908 
7801 0.4999908 
7802 0.4999908 
7803 0.4999908 
7804 0.4999908 
7805 0.4999908 
7806 0.4999908 
7807 0.4999908 
7808 0.4999908 
7809 0.4999908 
7810 0.4999908 
7811 0.4999908 
7812 0.4999908 
7813 0.4999908 
7814 0.4999908 
7815 0.4999908 
7816 0.4999908 
7817 0.4999908 
7818 0.4999908 
7819 0.4999908 
7820 0.4999908 
7821 0.4999908 
7822 0.4999908 
7823 0.4999908 
7824 0.4999908 
7825 0.4999908 
7826 0.4999908 
7827 0.4999908 
7828 0.4999908 
7829 0.4999908 
7830 0.4999908 
7831 0.4999908 
7832 0.4999908 
7833 0.4999908 
7834 0.4999908 
7835 0.4999908 
7836 0.4999908 
7837 0.4999908 
7838 0.4999908 
7839 0.4999908 
7840 0.4999908 
7841 0.4999908 
7842 0.4999908 
7843 0.4999907 
7844 0.4999907 
7845 0.4999907 
7846 0.4999907 
7847 0.4999907 
7848 0.4999906 
7849 0.4999906 
7850 0.4999906 
7851 0.4999906 
7852 0.4999906 
7853 0.4999906 
7854 0.4999906 
7855 0.4999906 
7856 0.4999906 
7857 0.4999906 
7858 0.4999906 
7859 0.4999906 
7860 0.4999906 
7861 0.4999906 
7862 0.4999906 
7863 0.4999906 
7864 0.4999906 
7865 0.4999906 
7866 0.4999906 
7867 0.4999906 
7868 0.4999906 
7869 0.4999906 
7870 0.4999906 
7871 0.4999906 
7872 0.4999906 
7873 0.4999906 
7874 0.4999906 
7875 0.4999906 
7876 0.4999906 
7877 0.4999906 
7878 0.4999906 
7879 0.4999906 
7880 0.4999906 
7881 0.4999906 
7882 0.4999906 
7883 0.4999906 
7884 0.4999906 
7885 0.4999906 
7886 0.4999906 
7887 0.4999906 
7888 0.4999906 
7889 0.4999906 
7890 0.4999906 
7891 0.4999905 
7892 0.4999905 
7893 0.4999905 
7894 0.4999905 
7895 0.4999905 
7896 0.4999905 
7897 0.4999905 
7898 0.4999905 
7899 0.4999905 
7900 0.4999905 
7901 0.4999905 
7902 0.4999905 
7903 0.4999905 
7904 0.4999905 
7905 0.4999905 
7906 0.4999905 
7907 0.4999905 
7908 0.4999905 
7909 0.4999905 
7910 0.4999905 
7911 0.4999905 
7912 0.4999905 
7913 0.4999905 
7914 0.4999905 
7915 0.4999905 
7916 0.4999905 
7917 0.4999905 
7918 0.4999905 
7919 0.4999905 
7920 0.4999905 
7921 0.4999905 
7922 0.4999905 
7923 0.4999905 
7924 0.4999905 
7925 0.4999905 
7926 0.4999905 
7927 0.4999905 
7928 0.4999905 
7929 0.4999905 
7930 0.4999905 
7931 0.4999905 
7932 0.4999905 
7933 0.4999905 
7934 0.4999905 
7935 0.4999905 
7936 0.4999905 
7937 0.4999905 
7938 0.4999905 
7939 0.4999905 
7940 0.4999905 
7941 0.4999905 
7942 0.4999905 
7943 0.4999905 
7944 0.4999905 
7945 0.4999905 
7946 0.4999905 
7947 0.4999905 
7948 0.4999905 
7949 0.4999905 
7950 0.4999905 
7951 0.4999905 
7952 0.4999905 
7953 0.4999905 
7954 0.4999905 
7955 0.4999905 
7956 0.4999905 
7957 0.4999905 
7958 0.4999905 
7959 0.4999905 
7960 0.4999905 
7961 0.4999905 
7962 0.4999905 
7963 0.4999905 
7964 0.4999905 
7965 0.4999905 
7966 0.4999905 
7967 0.4999905 
7968 0.4999905 
7969 0.4999905 
7970 0.4999905 
7971 0.4999905 
7972 0.4999905 
7973 0.4999905 
7974 0.4999905 
7975 0.4999905 
7976 0.4999905 
7977 0.4999905 
7978 0.4999905 
7979 0.4999905 
7980 0.4999905 
7981 0.4999905 
7982 0.4999905 
7983 0.4999905 
7984 0.4999905 
7985 0.4999904 
7986 0.4999904 
7987 0.4999904 
7988 0.4999904 
7989 0.4999904 
7990 0.4999904 
7991 0.4999904 
7992 0.4999904 
7993 0.4999904 
7994 0.4999904 
7995 0.4999904 
7996 0.4999904 
7997 0.4999904 
7998 0.4999904 
7999 0.4999904 
8000 0.4999904 
8001 0.4999904 
8002 0.4999904 
8003 0.4999904 
8004 0.4999904 
8005 0.4999904 
8006 0.4999904 
8007 0.4999904 
8008 0.4999904 
8009 0.4999904 
8010 0.4999904 
8011 0.4999904 
8012 0.4999904 
8013 0.4999904 
8014 0.4999904 
8015 0.4999904 
8016 0.4999904 
8017 0.4999904 
8018 0.4999904 
8019 0.4999904 
8020 0.4999904 
8021 0.4999904 
8022 0.4999904 
8023 0.4999904 
8024 0.4999904 
8025 0.4999904 
8026 0.4999904 
8027 0.4999904 
8028 0.4999904 
8029 0.4999904 
8030 0.4999904 
8031 0.4999904 
8032 0.4999904 
8033 0.4999904 
8034 0.4999904 
8035 0.4999904 
8036 0.4999904 
8037 0.4999904 
8038 0.4999904 
8039 0.4999904 
8040 0.4999904 
8041 0.4999904 
8042 0.4999904 
8043 0.4999904 
8044 0.4999904 
8045 0.4999904 
8046 0.4999904 
8047 0.4999904 
8048 0.4999904 
8049 0.4999904 
8050 0.4999904 
8051 0.4999904 
8052 0.4999904 
8053 0.4999904 
8054 0.4999904 
8055 0.4999904 
8056 0.4999904 
8057 0.4999904 
8058 0.4999904 
8059 0.4999904 
8060 0.4999904 
8061 0.4999904 
8062 0.4999904 
8063 0.4999904 
8064 0.4999903 
8065 0.4999903 
8066 0.4999903 
8067 0.4999903 
8068 0.4999903 
8069 0.4999903 
8070 0.4999903 
8071 0.4999903 
8072 0.4999903 
8073 0.4999903 
8074 0.4999903 
8075 0.4999903 
8076 0.4999903 
8077 0.4999903 
8078 0.4999903 
8079 0.4999903 
8080 0.4999903 
8081 0.4999903 
8082 0.4999903 
8083 0.4999903 
8084 0.4999903 
8085 0.4999903 
8086 0.4999903 
8087 0.4999903 
8088 0.4999903 
8089 0.4999903 
8090 0.4999903 
8091 0.4999903 
8092 0.4999903 
8093 0.4999903 
8094 0.4999903 
8095 0.4999903 
8096 0.4999903 
8097 0.4999903 
8098 0.4999903 
8099 0.4999903 
8100 0.4999903 
8101 0.4999903 
8102 0.4999903 
8103 0.4999903 
8104 0.4999903 
8105 0.4999903 
8106 0.4999903 
8107 0.4999903 
8108 0.4999903 
8109 0.4999903 
8110 0.4999903 
8111 0.4999903 
8112 0.4999903 
8113 0.4999903 
8114 0.4999903 
8115 0.4999903 
8116 0.4999903 
8117 0.4999903 
8118 0.4999903 
8119 0.4999903 
8120 0.4999903 
8121 0.4999903 
8122 0.4999903 
8123 0.4999903 
8124 0.4999903 
8125 0.4999903 
8126 0.4999903 
8127 0.4999903 
8128 0.4999903 
8129 0.4999903 
8130 0.4999903 
8131 0.4999903 
8132 0.4999903 
8133 0.4999903 
8134 0.4999903 
8135 0.4999903 
8136 0.4999902 
8137 0.4999902 
8138 0.4999902 
8139 0.4999902 
8140 0.4999902 
8141 0.4999902 
8142 0.4999902 
8143 0.4999902 
8144 0.4999902 
8145 0.4999902 
8146 0.4999902 
8147 0.4999902 
8148 0.4999902 
8149 0.4999902 
8150 0.4999902 
8151 0.4999902 
8152 0.4999902 
8153 0.4999902 
8154 0.4999902 
8155 0.4999902 
8156 0.4999902 
8157 0.4999902 
8158 0.4999902 
8159 0.4999902 
8160 0.4999902 
8161 0.4999902 
8162 0.4999902 
8163 0.4999902 
8164 0.4999902 
8165 0.4999902 
8166 0.4999902 
8167 0.4999902 
8168 0.4999902 
8169 0.4999902 
8170 0.4999902 
8171 0.4999902 
8172 0.4999902 
8173 0.4999902 
8174 0.4999902 
8175 0.4999902 
8176 0.4999902 
8177 0.4999902 
8178 0.4999902 
8179 0.4999902 
8180 0.4999902 
8181 0.4999902 
8182 0.4999902 
8183 0.4999902 
8184 0.4999902 
8185 0.4999901 
8186 0.4999901 
8187 0.4999901 
8188 0.4999901 
8189 0.4999901 
8190 0.4999901 
8191 0.4999901 
8192 0.4999901 
8193 0.4999901 
8194 0.4999901 
8195 0.4999901 
8196 0.4999901 
8197 0.4999901 
8198 0.4999901 
8199 0.4999901 
8200 0.4999901 
8201 0.4999901 
8202 0.4999901 
8203 0.4999901 
8204 0.4999901 
8205 0.4999901 
8206 0.4999901 
8207 0.4999901 
8208 0.4999901 
8209 0.4999901 
8210 0.4999901 
8211 0.4999901 
8212 0.4999901 
8213 0.4999901 
8214 0.4999901 
8215 0.4999901 
8216 0.4999901 
8217 0.4999901 
8218 0.4999901 
8219 0.4999901 
8220 0.4999901 
8221 0.4999901 
8222 0.4999901 
8223 0.4999901 
8224 0.4999901 
8225 0.4999901 
8226 0.4999901 
8227 0.4999901 
8228 0.4999901 
8229 0.4999901 
8230 0.4999901 
8231 0.4999901 
8232 0.4999901 
8233 0.4999901 
8234 0.4999901 
8235 0.4999901 
8236 0.4999901 
8237 0.4999901 
8238 0.4999901 
8239 0.4999901 
8240 0.4999901 
8241 0.4999901 
8242 0.4999901 
8243 0.4999901 
8244 0.4999901 
8245 0.4999901 
8246 0.4999901 
8247 0.4999901 
8248 0.4999901 
8249 0.4999901 
8250 0.4999901 
8251 0.4999901 
8252 0.4999901 
8253 0.4999901 
8254 0.4999901 
8255 0.4999901 
8256 0.4999901 
8257 0.4999901 
8258 0.4999901 
8259 0.4999901 
8260 0.4999901 
8261 0.4999901 
8262 0.4999901 
8263 0.4999901 
8264 0.4999901 
8265 0.4999901 
8266 0.4999901 
8267 0.4999901 
8268 0.4999901 
8269 0.4999901 
8270 0.4999901 
8271 0.4999901 
8272 0.4999901 
8273 0.4999901 
8274 0.4999901 
8275 0.49999 
8276 0.49999 
8277 0.49999 
8278 0.49999 
8279 0.49999 
8280 0.49999 
8281 0.49999 
8282 0.49999 
8283 0.49999 
8284 0.49999 
8285 0.49999 
8286 0.49999 
8287 0.49999 
8288 0.49999 
8289 0.49999 
8290 0.49999 
8291 0.49999 
8292 0.49999 
8293 0.49999 
8294 0.49999 
8295 0.49999 
8296 0.49999 
8297 0.49999 
8298 0.49999 
8299 0.4999899 
8300 0.4999899 
8301 0.4999899 
8302 0.4999899 
8303 0.4999899 
8304 0.4999899 
8305 0.4999899 
8306 0.4999899 
8307 0.4999899 
8308 0.4999899 
8309 0.4999899 
8310 0.4999899 
8311 0.4999899 
8312 0.4999898 
8313 0.4999898 
8314 0.4999898 
8315 0.4999898 
8316 0.4999898 
8317 0.4999898 
8318 0.4999898 
8319 0.4999898 
8320 0.4999898 
8321 0.4999898 
8322 0.4999898 
8323 0.4999897 
8324 0.4999897 
8325 0.4999897 
8326 0.4999897 
8327 0.4999897 
8328 0.4999896 
8329 0.4999896 
8330 0.4999896 
8331 0.4999896 
8332 0.4999896 
8333 0.4999896 
8334 0.4999896 
8335 0.4999896 
8336 0.4999896 
8337 0.4999896 
8338 0.4999896 
8339 0.4999896 
8340 0.4999896 
8341 0.4999896 
8342 0.4999896 
8343 0.4999896 
8344 0.4999896 
8345 0.4999896 
8346 0.4999896 
8347 0.4999896 
8348 0.4999896 
8349 0.4999896 
8350 0.4999896 
8351 0.4999896 
8352 0.4999896 
8353 0.4999896 
8354 0.4999896 
8355 0.4999896 
8356 0.4999896 
8357 0.4999896 
8358 0.4999896 
8359 0.4999896 
8360 0.4999896 
8361 0.4999896 
8362 0.4999896 
8363 0.4999896 
8364 0.4999896 
8365 0.4999896 
8366 0.4999896 
8367 0.4999896 
8368 0.4999896 
8369 0.4999896 
8370 0.4999896 
8371 0.4999896 
8372 0.4999896 
8373 0.4999896 
8374 0.4999896 
8375 0.4999896 
8376 0.4999896 
8377 0.4999896 
8378 0.4999896 
8379 0.4999896 
8380 0.4999896 
8381 0.4999896 
8382 0.4999896 
8383 0.4999896 
8384 0.4999896 
8385 0.4999896 
8386 0.4999896 
8387 0.4999896 
8388 0.4999896 
8389 0.4999896 
8390 0.4999896 
8391 0.4999896 
8392 0.4999896 
8393 0.4999896 
8394 0.4999896 
8395 0.4999896 
8396 0.4999896 
8397 0.4999896 
8398 0.4999896 
8399 0.4999896 
8400 0.4999896 
8401 0.4999896 
8402 0.4999896 
8403 0.4999896 
8404 0.4999896 
8405 0.4999896 
8406 0.4999896 
8407 0.4999896 
8408 0.4999895 
8409 0.4999895 
8410 0.4999895 
8411 0.4999895 
8412 0.4999895 
8413 0.4999895 
8414 0.4999895 
8415 0.4999895 
8416 0.4999895 
8417 0.4999895 
8418 0.4999895 
8419 0.4999895 
8420 0.4999895 
8421 0.4999895 
8422 0.4999895 
8423 0.4999895 
8424 0.4999895 
8425 0.4999895 
8426 0.4999895 
8427 0.4999895 
8428 0.4999895 
8429 0.4999895 
8430 0.4999895 
8431 0.4999895 
8432 0.4999895 
8433 0.4999895 
8434 0.4999895 
8435 0.4999895 
8436 0.4999895 
8437 0.4999895 
8438 0.4999895 
8439 0.4999895 
8440 0.4999895 
8441 0.4999895 
8442 0.4999895 
8443 0.4999895 
8444 0.4999895 
8445 0.4999895 
8446 0.4999895 
8447 0.4999895 
8448 0.4999895 
8449 0.4999895 
8450 0.4999895 
8451 0.4999895 
8452 0.4999895 
8453 0.4999895 
8454 0.4999895 
8455 0.4999895 
8456 0.4999895 
8457 0.4999895 
8458 0.4999895 
8459 0.4999895 
8460 0.4999895 
8461 0.4999895 
8462 0.4999895 
8463 0.4999895 
8464 0.4999895 
8465 0.4999895 
8466 0.4999895 
8467 0.4999895 
8468 0.4999895 
8469 0.4999895 
8470 0.4999895 
8471 0.4999895 
8472 0.4999895 
8473 0.4999895 
8474 0.4999895 
8475 0.4999895 
8476 0.4999895 
8477 0.4999895 
8478 0.4999895 
8479 0.4999895 
8480 0.4999895 
8481 0.4999895 
8482 0.4999895 
8483 0.4999895 
8484 0.4999895 
8485 0.4999895 
8486 0.4999895 
8487 0.4999895 
8488 0.4999895 
8489 0.4999895 
8490 0.4999895 
8491 0.4999895 
8492 0.4999895 
8493 0.4999895 
8494 0.4999895 
8495 0.4999895 
8496 0.4999895 
8497 0.4999895 
8498 0.4999895 
8499 0.4999895 
8500 0.4999895 
8501 0.4999895 
8502 0.4999895 
8503 0.4999895 
8504 0.4999895 
8505 0.4999895 
8506 0.4999895 
8507 0.4999895 
8508 0.4999895 
8509 0.4999895 
8510 0.4999895 
8511 0.4999895 
8512 0.4999895 
8513 0.4999895 
8514 0.4999895 
8515 0.4999895 
8516 0.4999895 
8517 0.4999895 
8518 0.4999895 
8519 0.4999895 
8520 0.4999895 
8521 0.4999895 
8522 0.4999895 
8523 0.4999895 
8524 0.4999895 
8525 0.4999895 
8526 0.4999895 
8527 0.4999895 
8528 0.4999895 
8529 0.4999895 
8530 0.4999895 
8531 0.4999895 
8532 0.4999895 
8533 0.4999895 
8534 0.4999895 
8535 0.4999895 
8536 0.4999895 
8537 0.4999895 
8538 0.4999895 
8539 0.4999895 
8540 0.4999895 
8541 0.4999895 
8542 0.4999895 
8543 0.4999895 
8544 0.4999895 
8545 0.4999895 
8546 0.4999895 
8547 0.4999895 
8548 0.4999895 
8549 0.4999895 
8550 0.4999895 
8551 0.4999895 
8552 0.4999895 
8553 0.4999895 
8554 0.4999895 
8555 0.4999895 
8556 0.4999895 
8557 0.4999895 
8558 0.4999895 
8559 0.4999895 
8560 0.4999895 
8561 0.4999895 
8562 0.4999895 
8563 0.4999895 
8564 0.4999895 
8565 0.4999895 
8566 0.4999895 
8567 0.4999895 
8568 0.4999895 
8569 0.4999895 
8570 0.4999895 
8571 0.4999895 
8572 0.4999895 
8573 0.4999895 
8574 0.4999895 
8575 0.4999895 
8576 0.4999895 
8577 0.4999895 
8578 0.4999895 
8579 0.4999895 
8580 0.4999895 
8581 0.4999895 
8582 0.4999895 
8583 0.4999895 
8584 0.4999895 
8585 0.4999895 
8586 0.4999895 
8587 0.4999895 
8588 0.4999895 
8589 0.4999895 
8590 0.4999895 
8591 0.4999895 
8592 0.4999895 
8593 0.4999895 
8594 0.4999894 
8595 0.4999894 
8596 0.4999894 
8597 0.4999894 
8598 0.4999894 
8599 0.4999893 
8600 0.4999893 
8601 0.4999893 
8602 0.4999893 
8603 0.4999893 
8604 0.4999892 
8605 0.4999892 
8606 0.4999892 
8607 0.4999892 
8608 0.4999892 
8609 0.4999892 
8610 0.4999892 
8611 0.4999892 
8612 0.4999892 
8613 0.4999892 
8614 0.4999892 
8615 0.4999892 
8616 0.4999892 
8617 0.4999892 
8618 0.4999892 
8619 0.4999892 
8620 0.4999892 
8621 0.4999892 
8622 0.4999892 
8623 0.4999892 
8624 0.4999892 
8625 0.4999892 
8626 0.4999892 
8627 0.4999892 
8628 0.4999892 
8629 0.4999892 
8630 0.4999892 
8631 0.4999892 
8632 0.4999892 
8633 0.4999892 
8634 0.4999892 
8635 0.4999892 
8636 0.4999892 
8637 0.4999892 
8638 0.4999892 
8639 0.4999892 
8640 0.4999892 
8641 0.4999892 
8642 0.4999892 
8643 0.4999892 
8644 0.4999892 
8645 0.4999892 
8646 0.4999892 
8647 0.4999892 
8648 0.4999892 
8649 0.4999892 
8650 0.4999892 
8651 0.4999892 
8652 0.4999892 
8653 0.4999892 
8654 0.4999892 
8655 0.4999892 
8656 0.4999892 
8657 0.4999892 
8658 0.4999892 
8659 0.4999892 
8660 0.4999892 
8661 0.4999892 
8662 0.4999892 
8663 0.4999892 
8664 0.4999892 
8665 0.4999892 
8666 0.4999892 
8667 0.4999891 
8668 0.4999891 
8669 0.4999891 
8670 0.4999891 
8671 0.4999891 
8672 0.4999891 
8673 0.4999891 
8674 0.4999891 
8675 0.4999891 
8676 0.4999891 
8677 0.4999891 
8678 0.4999891 
8679 0.4999891 
8680 0.4999891 
8681 0.4999891 
8682 0.4999891 
8683 0.4999891 
8684 0.4999891 
8685 0.4999891 
8686 0.4999891 
8687 0.4999891 
8688 0.4999891 
8689 0.4999891 
8690 0.4999891 
8691 0.4999891 
8692 0.4999891 
8693 0.4999891 
8694 0.4999891 
8695 0.4999891 
8696 0.4999891 
8697 0.4999891 
8698 0.4999891 
8699 0.4999891 
8700 0.4999891 
8701 0.4999891 
8702 0.4999891 
8703 0.4999891 
8704 0.4999891 
8705 0.4999891 
8706 0.4999891 
8707 0.4999891 
8708 0.4999891 
8709 0.4999891 
8710 0.4999891 
8711 0.4999891 
8712 0.4999891 
8713 0.4999891 
8714 0.4999891 
8715 0.4999891 
8716 0.4999891 
8717 0.499989 
8718 0.499989 
8719 0.499989 
8720 0.499989 
8721 0.499989 
8722 0.4999889 
8723 0.4999889 
8724 0.4999889 
8725 0.4999889 
8726 0.4999889 
8727 0.4999889 
8728 0.4999889 
8729 0.4999889 
8730 0.4999889 
8731 0.4999889 
8732 0.4999889 
8733 0.4999889 
8734 0.4999889 
8735 0.4999889 
8736 0.4999889 
8737 0.4999889 
8738 0.4999889 
8739 0.4999889 
8740 0.4999889 
8741 0.4999889 
8742 0.4999889 
8743 0.4999889 
8744 0.4999889 
8745 0.4999889 
8746 0.4999889 
8747 0.4999889 
8748 0.4999889 
8749 0.4999889 
8750 0.4999889 
8751 0.4999889 
8752 0.4999889 
8753 0.4999889 
8754 0.4999889 
8755 0.4999889 
8756 0.4999889 
8757 0.4999889 
8758 0.4999889 
8759 0.4999889 
8760 0.4999889 
8761 0.4999889 
8762 0.4999889 
8763 0.4999889 
8764 0.4999889 
8765 0.4999889 
8766 0.4999889 
8767 0.4999889 
8768 0.4999889 
8769 0.4999889 
8770 0.4999889 
8771 0.4999889 
8772 0.4999889 
8773 0.4999889 
8774 0.4999889 
8775 0.4999889 
8776 0.4999889 
8777 0.4999889 
8778 0.4999889 
8779 0.4999889 
8780 0.4999889 
8781 0.4999889 
8782 0.4999889 
8783 0.4999889 
8784 0.4999889 
8785 0.4999889 
8786 0.4999889 
8787 0.4999889 
8788 0.4999889 
8789 0.4999889 
8790 0.4999889 
8791 0.4999889 
8792 0.4999889 
8793 0.4999889 
8794 0.4999889 
8795 0.4999889 
8796 0.4999889 
8797 0.4999889 
8798 0.4999889 
8799 0.4999889 
8800 0.4999888 
8801 0.4999888 
8802 0.4999888 
8803 0.4999888 
8804 0.4999888 
8805 0.4999888 
8806 0.4999888 
8807 0.4999887 
8808 0.4999887 
8809 0.4999887 
8810 0.4999887 
8811 0.4999887 
8812 0.4999887 
8813 0.4999886 
8814 0.4999886 
8815 0.4999886 
8816 0.4999886 
8817 0.4999886 
8818 0.4999885 
8819 0.4999885 
8820 0.4999885 
8821 0.4999885 
8822 0.4999885 
8823 0.4999885 
8824 0.4999885 
8825 0.4999884 
8826 0.4999884 
8827 0.4999884 
8828 0.4999884 
8829 0.4999884 
8830 0.4999884 
8831 0.4999884 
8832 0.4999884 
8833 0.4999884 
8834 0.4999884 
8835 0.4999884 
8836 0.4999884 
8837 0.4999884 
8838 0.4999883 
8839 0.4999883 
8840 0.4999883 
8841 0.4999883 
8842 0.4999883 
8843 0.4999883 
8844 0.4999883 
8845 0.4999883 
8846 0.4999883 
8847 0.4999883 
8848 0.4999882 
8849 0.4999882 
8850 0.4999882 
8851 0.4999882 
8852 0.4999882 
8853 0.4999882 
8854 0.4999882 
8855 0.4999882 
8856 0.4999882 
8857 0.4999882 
8858 0.4999882 
8859 0.4999882 
8860 0.4999882 
8861 0.4999882 
8862 0.4999882 
8863 0.4999882 
8864 0.4999882 
8865 0.4999882 
8866 0.4999882 
8867 0.4999882 
8868 0.4999882 
8869 0.4999882 
8870 0.4999882 
8871 0.4999882 
8872 0.4999882 
8873 0.4999882 
8874 0.4999882 
8875 0.4999882 
8876 0.4999882 
8877 0.4999882 
8878 0.4999882 
8879 0.4999882 
8880 0.4999882 
8881 0.4999882 
8882 0.4999882 
8883 0.4999882 
8884 0.4999882 
8885 0.4999882 
8886 0.4999882 
8887 0.4999882 
8888 0.4999882 
8889 0.4999882 
8890 0.4999882 
8891 0.4999882 
8892 0.4999882 
8893 0.4999882 
8894 0.4999882 
8895 0.4999882 
8896 0.4999882 
8897 0.4999882 
8898 0.4999882 
8899 0.4999882 
8900 0.4999882 
8901 0.4999882 
8902 0.4999882 
8903 0.4999882 
8904 0.4999882 
8905 0.4999882 
8906 0.4999882 
8907 0.4999882 
8908 0.4999882 
8909 0.4999882 
8910 0.4999882 
8911 0.4999882 
8912 0.4999882 
8913 0.4999882 
8914 0.4999882 
8915 0.4999882 
8916 0.4999882 
8917 0.4999882 
8918 0.4999882 
8919 0.4999882 
8920 0.4999882 
8921 0.4999882 
8922 0.4999882 
8923 0.4999882 
8924 0.4999882 
8925 0.4999882 
8926 0.4999882 
8927 0.4999882 
8928 0.4999882 
8929 0.4999882 
8930 0.4999882 
8931 0.4999882 
8932 0.4999882 
8933 0.4999882 
8934 0.4999882 
8935 0.4999882 
8936 0.4999882 
8937 0.4999882 
8938 0.4999882 
8939 0.4999882 
8940 0.4999882 
8941 0.4999882 
8942 0.4999882 
8943 0.4999882 
8944 0.4999882 
8945 0.4999882 
8946 0.4999882 
8947 0.4999882 
8948 0.4999882 
8949 0.4999882 
8950 0.4999882 
8951 0.4999882 
8952 0.4999882 
8953 0.4999882 
8954 0.4999882 
8955 0.4999882 
8956 0.4999882 
8957 0.4999882 
8958 0.4999882 
8959 0.4999882 
8960 0.4999882 
8961 0.4999882 
8962 0.4999882 
8963 0.4999882 
8964 0.4999882 
8965 0.4999882 
8966 0.4999882 
8967 0.4999882 
8968 0.4999882 
8969 0.4999882 
8970 0.4999882 
8971 0.4999882 
8972 0.4999882 
8973 0.4999882 
8974 0.4999882 
8975 0.4999882 
8976 0.4999882 
8977 0.4999882 
8978 0.4999882 
8979 0.4999882 
8980 0.4999882 
8981 0.4999882 
8982 0.4999882 
8983 0.4999882 
8984 0.4999882 
8985 0.4999882 
8986 0.4999882 
8987 0.4999882 
8988 0.4999882 
8989 0.4999882 
8990 0.4999882 
8991 0.4999882 
8992 0.4999881 
8993 0.4999881 
8994 0.4999881 
8995 0.4999881 
8996 0.4999881 
8997 0.4999881 
8998 0.4999881 
8999 0.4999881 
9000 0.4999881 
9001 0.4999881 
9002 0.499988 
9003 0.499988 
9004 0.499988 
9005 0.499988 
9006 0.499988 
9007 0.4999879 
9008 0.4999879 
9009 0.4999879 
9010 0.4999878 
9011 0.4999878 
9012 0.4999878 
9013 0.4999878 
9014 0.4999878 
9015 0.4999878 
9016 0.4999878 
9017 0.4999878 
9018 0.4999877 
9019 0.4999877 
9020 0.4999877 
9021 0.4999877 
9022 0.4999877 
9023 0.4999876 
9024 0.4999876 
9025 0.4999876 
9026 0.4999876 
9027 0.4999876 
9028 0.4999876 
9029 0.4999875 
9030 0.4999875 
9031 0.4999875 
9032 0.4999875 
9033 0.4999875 
9034 0.4999875 
9035 0.4999875 
9036 0.4999875 
9037 0.4999875 
9038 0.4999875 
9039 0.4999875 
9040 0.4999875 
9041 0.4999875 
9042 0.4999875 
9043 0.4999875 
9044 0.4999875 
9045 0.4999875 
9046 0.4999875 
9047 0.4999875 
9048 0.4999875 
9049 0.4999875 
9050 0.4999875 
9051 0.4999875 
9052 0.4999875 
9053 0.4999875 
9054 0.4999875 
9055 0.4999875 
9056 0.4999875 
9057 0.4999875 
9058 0.4999875 
9059 0.4999875 
9060 0.4999875 
9061 0.4999875 
9062 0.4999875 
9063 0.4999875 
9064 0.4999875 
9065 0.4999875 
9066 0.4999875 
9067 0.4999875 
9068 0.4999875 
9069 0.4999875 
9070 0.4999875 
9071 0.4999875 
9072 0.4999875 
9073 0.4999875 
9074 0.4999875 
9075 0.4999875 
9076 0.4999875 
9077 0.4999875 
9078 0.4999875 
9079 0.4999875 
9080 0.4999875 
9081 0.4999875 
9082 0.4999875 
9083 0.4999875 
9084 0.4999875 
9085 0.4999875 
9086 0.4999875 
9087 0.4999875 
9088 0.4999875 
9089 0.4999875 
9090 0.4999875 
9091 0.4999875 
9092 0.4999875 
9093 0.4999875 
9094 0.4999875 
9095 0.4999875 
9096 0.4999875 
9097 0.4999875 
9098 0.4999875 
9099 0.4999875 
9100 0.4999875 
9101 0.4999875 
9102 0.4999875 
9103 0.4999875 
9104 0.4999875 
9105 0.4999875 
9106 0.4999875 
9107 0.4999875 
9108 0.4999875 
9109 0.4999875 
9110 0.4999875 
9111 0.4999875 
9112 0.4999875 
9113 0.4999875 
9114 0.4999875 
9115 0.4999875 
9116 0.4999875 
9117 0.4999875 
9118 0.4999875 
9119 0.4999875 
9120 0.4999875 
9121 0.4999875 
9122 0.4999875 
9123 0.4999875 
9124 0.4999875 
9125 0.4999875 
9126 0.4999875 
9127 0.4999875 
9128 0.4999875 
9129 0.4999875 
9130 0.4999875 
9131 0.4999875 
9132 0.4999875 
9133 0.4999875 
9134 0.4999875 
9135 0.4999875 
9136 0.4999875 
9137 0.4999875 
9138 0.4999875 
9139 0.4999875 
9140 0.4999875 
9141 0.4999875 
9142 0.4999875 
9143 0.4999875 
9144 0.4999875 
9145 0.4999875 
9146 0.4999875 
9147 0.4999875 
9148 0.4999875 
9149 0.4999875 
9150 0.4999875 
9151 0.4999875 
9152 0.4999875 
9153 0.4999875 
9154 0.4999875 
9155 0.4999875 
9156 0.4999875 
9157 0.4999875 
9158 0.4999875 
9159 0.4999875 
9160 0.4999874 
9161 0.4999874 
9162 0.4999874 
9163 0.4999874 
9164 0.4999874 
9165 0.4999874 
9166 0.4999874 
9167 0.4999873 
9168 0.4999873 
9169 0.4999873 
9170 0.4999873 
9171 0.4999872 
9172 0.4999872 
9173 0.4999872 
9174 0.4999872 
9175 0.4999872 
9176 0.4999871 
9177 0.4999871 
9178 0.4999871 
9179 0.4999871 
9180 0.4999871 
9181 0.4999871 
9182 0.4999871 
9183 0.499987 
9184 0.499987 
9185 0.499987 
9186 0.499987 
9187 0.499987 
9188 0.499987 
9189 0.4999869 
9190 0.4999869 
9191 0.4999869 
9192 0.4999869 
9193 0.4999869 
9194 0.4999869 
9195 0.4999868 
9196 0.4999868 
9197 0.4999868 
9198 0.4999867 
9199 0.4999867 
9200 0.4999867 
9201 0.4999867 
9202 0.4999867 
9203 0.4999867 
9204 0.4999867 
9205 0.4999866 
9206 0.4999866 
9207 0.4999866 
9208 0.4999866 
9209 0.4999865 
9210 0.4999865 
9211 0.4999865 
9212 0.4999865 
9213 0.4999865 
9214 0.4999864 
9215 0.4999864 
9216 0.4999864 
9217 0.4999864 
9218 0.4999864 
9219 0.4999864 
9220 0.4999864 
9221 0.4999864 
9222 0.4999864 
9223 0.4999864 
9224 0.4999864 
9225 0.4999864 
9226 0.4999864 
9227 0.4999864 
9228 0.4999864 
9229 0.4999864 
9230 0.4999864 
9231 0.4999864 
9232 0.4999864 
9233 0.4999864 
9234 0.4999864 
9235 0.4999864 
9236 0.4999864 
9237 0.4999864 
9238 0.4999864 
9239 0.4999864 
9240 0.4999864 
9241 0.4999864 
9242 0.4999864 
9243 0.4999864 
9244 0.4999864 
9245 0.4999864 
9246 0.4999864 
9247 0.4999864 
9248 0.4999864 
9249 0.4999864 
9250 0.4999864 
9251 0.4999864 
9252 0.4999864 
9253 0.4999864 
9254 0.4999864 
9255 0.4999864 
9256 0.4999864 
9257 0.4999864 
9258 0.4999864 
9259 0.4999864 
9260 0.4999864 
9261 0.4999864 
9262 0.4999864 
9263 0.4999864 
9264 0.4999864 
9265 0.4999864 
9266 0.4999864 
9267 0.4999864 
9268 0.4999864 
9269 0.4999864 
9270 0.4999864 
9271 0.4999864 
9272 0.4999864 
9273 0.4999864 
9274 0.4999864 
9275 0.4999864 
9276 0.4999864 
9277 0.4999864 
9278 0.4999864 
9279 0.4999864 
9280 0.4999864 
9281 0.4999863 
9282 0.4999863 
9283 0.4999863 
9284 0.4999863 
9285 0.4999863 
9286 0.4999862 
9287 0.4999862 
9288 0.4999862 
9289 0.4999862 
9290 0.4999861 
9291 0.4999861 
9292 0.4999861 
9293 0.4999861 
9294 0.4999861 
9295 0.4999861 
9296 0.4999861 
9297 0.499986 
9298 0.499986 
9299 0.499986 
9300 0.499986 
9301 0.499986 
9302 0.499986 
9303 0.499986 
9304 0.499986 
9305 0.499986 
9306 0.499986 
9307 0.499986 
9308 0.499986 
9309 0.499986 
9310 0.499986 
9311 0.499986 
9312 0.499986 
9313 0.499986 
9314 0.499986 
9315 0.499986 
9316 0.499986 
9317 0.499986 
9318 0.499986 
9319 0.499986 
9320 0.499986 
9321 0.499986 
9322 0.499986 
9323 0.499986 
9324 0.499986 
9325 0.499986 
9326 0.499986 
9327 0.499986 
9328 0.499986 
9329 0.499986 
9330 0.499986 
9331 0.499986 
9332 0.499986 
9333 0.499986 
9334 0.499986 
9335 0.499986 
9336 0.499986 
9337 0.499986 
9338 0.499986 
9339 0.499986 
9340 0.499986 
9341 0.499986 
9342 0.499986 
9343 0.499986 
9344 0.499986 
9345 0.499986 
9346 0.499986 
9347 0.499986 
9348 0.499986 
9349 0.499986 
9350 0.499986 
9351 0.499986 
9352 0.499986 
9353 0.499986 
9354 0.499986 
9355 0.499986 
9356 0.499986 
9357 0.499986 
9358 0.499986 
9359 0.499986 
9360 0.499986 
9361 0.499986 
9362 0.499986 
9363 0.499986 
9364 0.499986 
9365 0.499986 
9366 0.499986 
9367 0.499986 
9368 0.499986 
9369 0.499986 
9370 0.499986 
9371 0.499986 
9372 0.499986 
9373 0.499986 
9374 0.499986 
9375 0.499986 
9376 0.499986 
9377 0.499986 
9378 0.499986 
9379 0.499986 
9380 0.499986 
9381 0.499986 
9382 0.499986 
9383 0.499986 
9384 0.499986 
9385 0.499986 
9386 0.499986 
9387 0.499986 
9388 0.499986 
9389 0.499986 
9390 0.499986 
9391 0.499986 
9392 0.499986 
9393 0.499986 
9394 0.499986 
9395 0.499986 
9396 0.499986 
9397 0.499986 
9398 0.499986 
9399 0.499986 
9400 0.499986 
9401 0.499986 
9402 0.499986 
9403 0.499986 
9404 0.499986 
9405 0.499986 
9406 0.499986 
9407 0.499986 
9408 0.499986 
9409 0.499986 
9410 0.499986 
9411 0.499986 
9412 0.499986 
9413 0.499986 
9414 0.499986 
9415 0.499986 
9416 0.499986 
9417 0.499986 
9418 0.499986 
9419 0.499986 
9420 0.499986 
9421 0.499986 
9422 0.499986 
9423 0.499986 
9424 0.499986 
9425 0.499986 
9426 0.499986 
9427 0.499986 
9428 0.499986 
9429 0.499986 
9430 0.499986 
9431 0.499986 
9432 0.499986 
9433 0.499986 
9434 0.4999859 
9435 0.4999859 
9436 0.4999859 
9437 0.4999859 
9438 0.4999859 
9439 0.4999859 
9440 0.4999859 
9441 0.4999859 
9442 0.4999859 
9443 0.4999858 
9444 0.4999858 
9445 0.4999858 
9446 0.4999858 
9447 0.4999857 
9448 0.4999857 
9449 0.4999857 
9450 0.4999857 
9451 0.4999857 
9452 0.4999857 
9453 0.4999857 
9454 0.4999857 
9455 0.4999856 
9456 0.4999856 
9457 0.4999856 
9458 0.4999856 
9459 0.4999856 
9460 0.4999856 
9461 0.4999855 
9462 0.4999855 
9463 0.4999855 
9464 0.4999855 
9465 0.4999855 
9466 0.4999854 
9467 0.4999854 
9468 0.4999854 
9469 0.4999854 
9470 0.4999854 
9471 0.4999854 
9472 0.4999853 
9473 0.4999853 
9474 0.4999853 
9475 0.4999853 
9476 0.4999853 
9477 0.4999853 
9478 0.4999852 
9479 0.4999852 
9480 0.4999852 
9481 0.4999852 
9482 0.4999851 
9483 0.4999851 
9484 0.4999851 
9485 0.4999851 
9486 0.4999851 
9487 0.499985 
9488 0.499985 
9489 0.499985 
9490 0.499985 
9491 0.499985 
9492 0.499985 
9493 0.499985 
9494 0.499985 
9495 0.499985 
9496 0.499985 
9497 0.499985 
9498 0.4999849 
9499 0.4999849 
9500 0.4999849 
9501 0.4999849 
9502 0.4999848 
9503 0.4999848 
9504 0.4999848 
9505 0.4999847 
9506 0.4999847 
9507 0.4999847 
9508 0.4999847 
9509 0.4999847 
9510 0.4999847 
9511 0.4999847 
9512 0.4999847 
9513 0.4999847 
9514 0.4999847 
9515 0.4999847 
9516 0.4999847 
9517 0.4999847 
9518 0.4999847 
9519 0.4999847 
9520 0.4999847 
9521 0.4999847 
9522 0.4999847 
9523 0.4999847 
9524 0.4999847 
9525 0.4999847 
9526 0.4999847 
9527 0.4999847 
9528 0.4999847 
9529 0.4999847 
9530 0.4999847 
9531 0.4999847 
9532 0.4999847 
9533 0.4999847 
9534 0.4999847 
9535 0.4999847 
9536 0.4999847 
9537 0.4999847 
9538 0.4999847 
9539 0.4999847 
9540 0.4999847 
9541 0.4999847 
9542 0.4999847 
9543 0.4999847 
9544 0.4999847 
9545 0.4999847 
9546 0.4999847 
9547 0.4999847 
9548 0.4999847 
9549 0.4999847 
9550 0.4999847 
9551 0.4999847 
9552 0.4999847 
9553 0.4999847 
9554 0.4999847 
9555 0.4999847 
9556 0.4999847 
9557 0.4999847 
9558 0.4999847 
9559 0.4999847 
9560 0.4999847 
9561 0.4999847 
9562 0.4999847 
9563 0.4999847 
9564 0.4999847 
9565 0.4999847 
9566 0.4999847 
9567 0.4999847 
9568 0.4999847 
9569 0.4999847 
9570 0.4999847 
9571 0.4999847 
9572 0.4999847 
9573 0.4999847 
9574 0.4999847 
9575 0.4999847 
9576 0.4999847 
9577 0.4999847 
9578 0.4999847 
9579 0.4999847 
9580 0.4999847 
9581 0.4999847 
9582 0.4999847 
9583 0.4999847 
9584 0.4999847 
9585 0.4999847 
9586 0.4999847 
9587 0.4999847 
9588 0.4999847 
9589 0.4999847 
9590 0.4999847 
9591 0.4999847 
9592 0.4999847 
9593 0.4999847 
9594 0.4999847 
9595 0.4999847 
9596 0.4999847 
9597 0.4999847 
9598 0.4999847 
9599 0.4999847 
9600 0.4999847 
9601 0.4999847 
9602 0.4999847 
9603 0.4999847 
9604 0.4999847 
9605 0.4999847 
9606 0.4999847 
9607 0.4999847 
9608 0.4999847 
9609 0.4999847 
9610 0.4999847 
9611 0.4999847 
9612 0.4999847 
9613 0.4999847 
9614 0.4999847 
9615 0.4999847 
9616 0.4999847 
9617 0.4999847 
9618 0.4999847 
9619 0.4999847 
9620 0.4999847 
9621 0.4999847 
9622 0.4999847 
9623 0.4999847 
9624 0.4999847 
9625 0.4999847 
9626 0.4999847 
9627 0.4999847 
9628 0.4999847 
9629 0.4999847 
9630 0.4999847 
9631 0.4999847 
9632 0.4999847 
9633 0.4999847 
9634 0.4999847 
9635 0.4999847 
9636 0.4999847 
9637 0.4999847 
9638 0.4999847 
9639 0.4999847 
9640 0.4999847 
9641 0.4999847 
9642 0.4999847 
9643 0.4999847 
9644 0.4999847 
9645 0.4999847 
9646 0.4999847 
9647 0.4999847 
9648 0.4999847 
9649 0.4999847 
9650 0.4999847 
9651 0.4999847 
9652 0.4999847 
9653 0.4999847 
9654 0.4999847 
9655 0.4999847 
9656 0.4999847 
9657 0.4999846 
9658 0.4999846 
9659 0.4999846 
9660 0.4999846 
9661 0.4999845 
9662 0.4999845 
9663 0.4999845 
9664 0.4999845 
9665 0.4999845 
9666 0.4999844 
9667 0.4999844 
9668 0.4999844 
9669 0.4999843 
9670 0.4999843 
9671 0.4999843 
9672 0.4999843 
9673 0.4999843 
9674 0.4999843 
9675 0.4999843 
9676 0.4999842 
9677 0.4999842 
9678 0.4999842 
9679 0.4999842 
9680 0.4999842 
9681 0.4999842 
9682 0.4999841 
9683 0.4999841 
9684 0.4999841 
9685 0.4999841 
9686 0.4999841 
9687 0.4999841 
9688 0.4999841 
9689 0.4999841 
9690 0.4999841 
9691 0.4999841 
9692 0.4999841 
9693 0.4999841 
9694 0.4999841 
9695 0.4999841 
9696 0.4999841 
9697 0.4999841 
9698 0.4999841 
9699 0.4999841 
9700 0.4999841 
9701 0.4999841 
9702 0.4999841 
9703 0.4999841 
9704 0.4999841 
9705 0.4999841 
9706 0.4999841 
9707 0.4999841 
9708 0.4999841 
9709 0.4999841 
9710 0.4999841 
9711 0.499984 
9712 0.499984 
9713 0.499984 
9714 0.499984 
9715 0.499984 
9716 0.499984 
9717 0.4999839 
9718 0.4999839 
9719 0.4999839 
9720 0.4999839 
9721 0.4999839 
9722 0.4999839 
9723 0.4999839 
9724 0.4999839 
9725 0.4999839 
9726 0.4999839 
9727 0.4999839 
9728 0.4999839 
9729 0.4999839 
9730 0.4999839 
9731 0.4999839 
9732 0.4999839 
9733 0.4999839 
9734 0.4999839 
9735 0.4999839 
9736 0.4999839 
9737 0.4999839 
9738 0.4999839 
9739 0.4999839 
9740 0.4999839 
9741 0.4999839 
9742 0.4999839 
9743 0.4999839 
9744 0.4999839 
9745 0.4999839 
9746 0.4999839 
9747 0.4999839 
9748 0.4999839 
9749 0.4999839 
9750 0.4999839 
9751 0.4999839 
9752 0.4999839 
9753 0.4999839 
9754 0.4999838 
9755 0.4999838 
9756 0.4999838 
9757 0.4999838 
9758 0.4999838 
9759 0.4999838 
9760 0.4999838 
9761 0.4999838 
9762 0.4999838 
9763 0.4999838 
9764 0.4999838 
9765 0.4999838 
9766 0.4999838 
9767 0.4999838 
9768 0.4999838 
9769 0.4999838 
9770 0.4999838 
9771 0.4999838 
9772 0.4999838 
9773 0.4999838 
9774 0.4999838 
9775 0.4999838 
9776 0.4999838 
9777 0.4999838 
9778 0.4999838 
9779 0.4999838 
9780 0.4999838 
9781 0.4999838 
9782 0.4999838 
9783 0.4999838 
9784 0.4999838 
9785 0.4999838 
9786 0.4999838 
9787 0.4999838 
9788 0.4999838 
9789 0.4999838 
9790 0.4999838 
9791 0.4999838 
9792 0.4999838 
9793 0.4999838 
9794 0.4999838 
9795 0.4999838 
9796 0.4999838 
9797 0.4999838 
9798 0.4999838 
9799 0.4999838 
9800 0.4999838 
9801 0.4999838 
9802 0.4999838 
9803 0.4999838 
9804 0.4999838 
9805 0.4999838 
9806 0.4999838 
9807 0.4999838 
9808 0.4999838 
9809 0.4999838 
9810 0.4999838 
9811 0.4999838 
9812 0.4999838 
9813 0.4999838 
9814 0.4999838 
9815 0.4999838 
9816 0.4999838 
9817 0.4999838 
9818 0.4999838 
9819 0.4999838 
9820 0.4999837 
9821 0.4999837 
9822 0.4999837 
9823 0.4999837 
9824 0.4999837 
9825 0.4999837 
9826 0.4999837 
9827 0.4999837 
9828 0.4999837 
9829 0.4999837 
9830 0.4999837 
9831 0.4999837 
9832 0.4999837 
9833 0.4999837 
9834 0.4999837 
9835 0.4999837 
9836 0.4999837 
9837 0.4999837 
9838 0.4999837 
9839 0.4999837 
9840 0.4999837 
9841 0.4999837 
9842 0.4999837 
9843 0.4999837 
9844 0.4999837 
9845 0.4999837 
9846 0.4999837 
9847 0.4999837 
9848 0.4999837 
9849 0.4999837 
9850 0.4999837 
9851 0.4999837 
9852 0.4999837 
9853 0.4999837 
9854 0.4999837 
9855 0.4999837 
9856 0.4999837 
9857 0.4999837 
9858 0.4999837 
9859 0.4999837 
9860 0.4999837 
9861 0.4999837 
9862 0.4999837 
9863 0.4999837 
9864 0.4999837 
9865 0.4999837 
9866 0.4999837 
9867 0.4999837 
9868 0.4999837 
9869 0.4999837 
9870 0.4999837 
9871 0.4999837 
9872 0.4999837 
9873 0.4999837 
9874 0.4999837 
9875 0.4999837 
9876 0.4999837 
9877 0.4999837 
9878 0.4999837 
9879 0.4999837 
9880 0.4999837 
9881 0.4999837 
9882 0.4999837 
9883 0.4999837 
9884 0.4999837 
9885 0.4999837 
9886 0.4999837 
9887 0.4999837 
9888 0.4999837 
9889 0.4999837 
9890 0.4999837 
9891 0.4999837 
9892 0.4999837 
9893 0.4999837 
9894 0.4999837 
9895 0.4999837 
9896 0.4999837 
9897 0.4999837 
9898 0.4999837 
9899 0.4999837 
9900 0.4999837 
9901 0.4999837 
9902 0.4999837 
9903 0.4999837 
9904 0.4999837 
9905 0.4999837 
9906 0.4999837 
9907 0.4999837 
9908 0.4999837 
9909 0.4999837 
9910 0.4999837 
9911 0.4999837 
9912 0.4999837 
9913 0.4999837 
9914 0.4999837 
9915 0.4999837 
9916 0.4999837 
9917 0.4999837 
9918 0.4999837 
9919 0.4999837 
9920 0.4999837 
9921 0.4999837 
9922 0.4999837 
9923 0.4999836 
9924 0.4999836 
9925 0.4999836 
9926 0.4999836 
9927 0.4999836 
9928 0.4999836 
9929 0.4999835 
9930 0.4999835 
9931 0.4999835 
9932 0.4999835 
9933 0.4999835 
9934 0.4999834 
9935 0.4999834 
9936 0.4999834 
9937 0.4999834 
9938 0.4999834 
9939 0.4999833 
9940 0.4999833 
9941 0.4999833 
9942 0.4999833 
9943 0.4999833 
9944 0.4999833 
9945 0.4999833 
9946 0.4999832 
9947 0.4999832 
9948 0.4999832 
9949 0.4999832 
9950 0.4999832 
9951 0.4999831 
9952 0.4999831 
9953 0.4999831 
9954 0.4999831 
9955 0.499983 
9956 0.499983 
9957 0.499983 
9958 0.499983 
9959 0.499983 
9960 0.499983 
9961 0.499983 
9962 0.499983 
9963 0.4999829 
9964 0.4999829 
9965 0.4999829 
9966 0.4999829 
9967 0.4999829 
9968 0.4999828 
9969 0.4999828 
9970 0.4999828 
9971 0.4999828 
9972 0.4999828 
9973 0.4999827 
9974 0.4999827 
9975 0.4999827 
9976 0.4999827 
9977 0.4999827 
9978 0.4999826 
9979 0.4999826 
9980 0.4999826 
9981 0.4999826 
9982 0.4999826 
9983 0.4999826 
9984 0.4999826 
9985 0.4999826 
9986 0.4999826 
9987 0.4999826 
9988 0.4999826 
9989 0.4999826 
9990 0.4999826 
9991 0.4999826 
9992 0.4999826 
9993 0.4999826 
9994 0.4999826 
9995 0.4999826 
9996 0.4999826 
9997 0.4999826 
9998 0.4999826 
9999 0.4999826 
10000 0.4999826 
10001 0.4999826 
10002 0.4999826 
10003 0.4999826 
10004 0.4999826 
10005 0.4999826 
10006 0.4999826 
10007 0.4999826 
10008 0.4999826 
10009 0.4999826 
10010 0.4999826 
10011 0.4999826 
10012 0.4999826 
10013 0.4999826 
10014 0.4999826 
10015 0.4999826 
10016 0.4999826 
10017 0.4999826 
10018 0.4999826 
10019 0.4999826 
10020 0.4999826 
10021 0.4999826 
10022 0.4999826 
10023 0.4999826 
10024 0.4999826 
10025 0.4999826 
10026 0.4999826 
10027 0.4999826 
10028 0.4999826 
10029 0.4999826 
10030 0.4999826 
10031 0.4999826 
10032 0.4999826 
10033 0.4999826 
10034 0.4999826 
10035 0.4999826 
10036 0.4999826 
10037 0.4999826 
10038 0.4999826 
10039 0.4999826 
10040 0.4999826 
10041 0.4999826 
10042 0.4999826 
10043 0.4999826 
10044 0.4999826 
10045 0.4999825 
10046 0.4999825 
10047 0.4999825 
10048 0.4999825 
10049 0.4999825 
10050 0.4999825 
10051 0.4999825 
10052 0.4999825 
10053 0.4999825 
10054 0.4999825 
10055 0.4999825 
10056 0.4999825 
10057 0.4999825 
10058 0.4999825 
10059 0.4999825 
10060 0.4999825 
10061 0.4999825 
10062 0.4999825 
10063 0.4999825 
10064 0.4999825 
10065 0.4999825 
10066 0.4999825 
10067 0.4999825 
10068 0.4999825 
10069 0.4999825 
10070 0.4999825 
10071 0.4999825 
10072 0.4999825 
10073 0.4999825 
10074 0.4999825 
10075 0.4999825 
10076 0.4999825 
10077 0.4999825 
10078 0.4999825 
10079 0.4999825 
10080 0.4999825 
10081 0.4999825 
10082 0.4999825 
10083 0.4999825 
10084 0.4999825 
10085 0.4999825 
10086 0.4999825 
10087 0.4999825 
10088 0.4999825 
10089 0.4999825 
10090 0.4999825 
10091 0.4999825 
10092 0.4999825 
10093 0.4999825 
10094 0.4999825 
10095 0.4999825 
10096 0.4999825 
10097 0.4999825 
10098 0.4999825 
10099 0.4999825 
10100 0.4999825 
10101 0.4999825 
10102 0.4999825 
10103 0.4999825 
10104 0.4999825 
10105 0.4999825 
10106 0.4999825 
10107 0.4999825 
10108 0.4999825 
10109 0.4999825 
10110 0.4999825 
10111 0.4999825 
10112 0.4999825 
10113 0.4999825 
10114 0.4999825 
10115 0.4999825 
10116 0.4999825 
10117 0.4999825 
10118 0.4999825 
10119 0.4999825 
10120 0.4999825 
10121 0.4999825 
10122 0.4999825 
10123 0.4999825 
10124 0.4999825 
10125 0.4999825 
10126 0.4999825 
10127 0.4999825 
10128 0.4999825 
10129 0.4999825 
10130 0.4999825 
10131 0.4999825 
10132 0.4999825 
10133 0.4999825 
10134 0.4999824 
10135 0.4999824 
10136 0.4999824 
10137 0.4999824 
10138 0.4999824 
10139 0.4999824 
10140 0.4999824 
10141 0.4999824 
10142 0.4999824 
10143 0.4999824 
10144 0.4999824 
10145 0.4999824 
10146 0.4999824 
10147 0.4999824 
10148 0.4999824 
10149 0.4999824 
10150 0.4999824 
10151 0.4999824 
10152 0.4999824 
10153 0.4999824 
10154 0.4999824 
10155 0.4999824 
10156 0.4999824 
10157 0.4999824 
10158 0.4999824 
10159 0.4999824 
10160 0.4999824 
10161 0.4999824 
10162 0.4999824 
10163 0.4999824 
10164 0.4999824 
10165 0.4999824 
10166 0.4999824 
10167 0.4999824 
10168 0.4999824 
10169 0.4999824 
10170 0.4999824 
10171 0.4999824 
10172 0.4999824 
10173 0.4999824 
10174 0.4999824 
10175 0.4999824 
10176 0.4999824 
10177 0.4999824 
10178 0.4999824 
10179 0.4999824 
10180 0.4999824 
10181 0.4999824 
10182 0.4999824 
10183 0.4999824 
10184 0.4999824 
10185 0.4999824 
10186 0.4999824 
10187 0.4999824 
10188 0.4999824 
10189 0.4999824 
10190 0.4999824 
10191 0.4999824 
10192 0.4999824 
10193 0.4999824 
10194 0.4999824 
10195 0.4999824 
10196 0.4999824 
10197 0.4999824 
10198 0.4999824 
10199 0.4999824 
10200 0.4999824 
10201 0.4999824 
10202 0.4999824 
10203 0.4999824 
10204 0.4999824 
10205 0.4999824 
10206 0.4999824 
10207 0.4999824 
10208 0.4999824 
10209 0.4999824 
10210 0.4999824 
10211 0.4999824 
10212 0.4999824 
10213 0.4999824 
10214 0.4999824 
10215 0.4999824 
10216 0.4999824 
10217 0.4999824 
10218 0.4999824 
10219 0.4999824 
10220 0.4999824 
10221 0.4999824 
10222 0.4999824 
10223 0.4999824 
10224 0.4999824 
10225 0.4999824 
10226 0.4999824 
10227 0.4999824 
10228 0.4999824 
10229 0.4999824 
10230 0.4999824 
10231 0.4999824 
10232 0.4999824 
10233 0.4999824 
10234 0.4999824 
10235 0.4999824 
10236 0.4999824 
10237 0.4999824 
10238 0.4999824 
10239 0.4999824 
10240 0.4999824 
10241 0.4999824 
10242 0.4999824 
10243 0.4999824 
10244 0.4999824 
10245 0.4999824 
10246 0.4999824 
10247 0.4999824 
10248 0.4999824 
10249 0.4999824 
10250 0.4999824 
10251 0.4999824 
10252 0.4999824 
10253 0.4999824 
10254 0.4999824 
10255 0.4999824 
10256 0.4999824 
10257 0.4999824 
10258 0.4999824 
10259 0.4999824 
10260 0.4999824 
10261 0.4999824 
10262 0.4999824 
10263 0.4999824 
10264 0.4999824 
10265 0.4999823 
10266 0.4999823 
10267 0.4999823 
10268 0.4999823 
10269 0.4999823 
10270 0.4999823 
10271 0.4999823 
10272 0.4999822 
10273 0.4999822 
10274 0.4999822 
10275 0.4999822 
10276 0.4999822 
10277 0.4999821 
10278 0.4999821 
10279 0.4999821 
10280 0.4999821 
10281 0.4999821 
10282 0.499982 
10283 0.499982 
10284 0.499982 
10285 0.499982 
10286 0.4999819 
10287 0.4999819 
10288 0.4999819 
10289 0.4999819 
10290 0.4999819 
10291 0.4999819 
10292 0.4999818 
10293 0.4999818 
10294 0.4999818 
10295 0.4999818 
10296 0.4999818 
10297 0.4999817 
10298 0.4999817 
10299 0.4999817 
10300 0.4999816 
10301 0.4999816 
10302 0.4999816 
10303 0.4999816 
10304 0.4999816 
10305 0.4999816 
10306 0.4999816 
10307 0.4999815 
10308 0.4999815 
10309 0.4999815 
10310 0.4999815 
10311 0.4999815 
10312 0.4999815 
10313 0.4999814 
10314 0.4999814 
10315 0.4999814 
10316 0.4999813 
10317 0.4999813 
10318 0.4999813 
10319 0.4999813 
10320 0.4999813 
10321 0.4999813 
10322 0.4999813 
10323 0.4999813 
10324 0.4999813 
10325 0.4999813 
10326 0.4999813 
10327 0.4999812 
10328 0.4999812 
10329 0.4999812 
10330 0.4999812 
10331 0.4999812 
10332 0.4999812 
10333 0.4999812 
10334 0.4999812 
10335 0.4999812 
10336 0.4999812 
10337 0.4999812 
10338 0.4999812 
10339 0.4999812 
10340 0.4999812 
10341 0.4999812 
10342 0.4999812 
10343 0.4999812 
10344 0.4999812 
10345 0.4999812 
10346 0.4999812 
10347 0.4999812 
10348 0.4999812 
10349 0.4999812 
10350 0.4999812 
10351 0.4999812 
10352 0.4999812 
10353 0.4999812 
10354 0.4999812 
10355 0.4999812 
10356 0.4999812 
10357 0.4999812 
10358 0.4999812 
10359 0.4999812 
10360 0.4999812 
10361 0.4999812 
10362 0.4999812 
10363 0.4999812 
10364 0.4999812 
10365 0.4999812 
10366 0.4999812 
10367 0.4999812 
10368 0.4999812 
10369 0.4999812 
10370 0.4999812 
10371 0.4999812 
10372 0.4999812 
10373 0.4999812 
10374 0.4999812 
10375 0.4999812 
10376 0.4999812 
10377 0.4999812 
10378 0.4999812 
10379 0.4999812 
10380 0.4999812 
10381 0.4999812 
10382 0.4999812 
10383 0.4999812 
10384 0.4999811 
10385 0.4999811 
10386 0.4999811 
10387 0.4999811 
10388 0.4999811 
10389 0.4999811 
10390 0.4999811 
10391 0.499981 
10392 0.499981 
10393 0.499981 
10394 0.4999809 
10395 0.4999809 
10396 0.4999809 
10397 0.4999809 
10398 0.4999809 
10399 0.4999809 
10400 0.4999809 
10401 0.4999808 
10402 0.4999808 
10403 0.4999808 
10404 0.4999808 
10405 0.4999808 
10406 0.4999807 
10407 0.4999807 
10408 0.4999806 
10409 0.4999806 
10410 0.4999806 
10411 0.4999806 
10412 0.4999806 
10413 0.4999806 
10414 0.4999806 
10415 0.4999805 
10416 0.4999805 
10417 0.4999805 
10418 0.4999805 
10419 0.4999805 
10420 0.4999805 
10421 0.4999805 
10422 0.4999805 
10423 0.4999805 
10424 0.4999805 
10425 0.4999805 
10426 0.4999805 
10427 0.4999805 
10428 0.4999805 
10429 0.4999805 
10430 0.4999805 
10431 0.4999805 
10432 0.4999805 
10433 0.4999805 
10434 0.4999805 
10435 0.4999805 
10436 0.4999805 
10437 0.4999805 
10438 0.4999805 
10439 0.4999805 
10440 0.4999805 
10441 0.4999805 
10442 0.4999805 
10443 0.4999805 
10444 0.4999805 
10445 0.4999805 
10446 0.4999805 
10447 0.4999805 
10448 0.4999805 
10449 0.4999805 
10450 0.4999805 
10451 0.4999805 
10452 0.4999805 
10453 0.4999805 
10454 0.4999805 
10455 0.4999805 
10456 0.4999805 
10457 0.4999805 
10458 0.4999805 
10459 0.4999805 
10460 0.4999805 
10461 0.4999805 
10462 0.4999805 
10463 0.4999805 
10464 0.4999805 
10465 0.4999805 
10466 0.4999805 
10467 0.4999805 
10468 0.4999805 
10469 0.4999805 
10470 0.4999805 
10471 0.4999805 
10472 0.4999805 
10473 0.4999805 
10474 0.4999805 
10475 0.4999805 
10476 0.4999805 
10477 0.4999805 
10478 0.4999805 
10479 0.4999805 
10480 0.4999805 
10481 0.4999805 
10482 0.4999805 
10483 0.4999805 
10484 0.4999805 
10485 0.4999805 
10486 0.4999805 
10487 0.4999805 
10488 0.4999805 
10489 0.4999805 
10490 0.4999805 
10491 0.4999805 
10492 0.4999805 
10493 0.4999805 
10494 0.4999805 
10495 0.4999805 
10496 0.4999805 
10497 0.4999805 
10498 0.4999805 
10499 0.4999805 
10500 0.4999805 
10501 0.4999805 
10502 0.4999805 
10503 0.4999805 
10504 0.4999805 
10505 0.4999805 
10506 0.4999805 
10507 0.4999805 
10508 0.4999805 
10509 0.4999805 
10510 0.4999805 
10511 0.4999805 
10512 0.4999805 
10513 0.4999805 
10514 0.4999805 
10515 0.4999805 
10516 0.4999805 
10517 0.4999805 
10518 0.4999805 
10519 0.4999805 
10520 0.4999804 
10521 0.4999804 
10522 0.4999804 
10523 0.4999804 
10524 0.4999804 
10525 0.4999804 
10526 0.4999804 
10527 0.4999804 
10528 0.4999804 
10529 0.4999804 
10530 0.4999804 
10531 0.4999804 
10532 0.4999804 
10533 0.4999804 
10534 0.4999804 
10535 0.4999804 
10536 0.4999804 
10537 0.4999804 
10538 0.4999804 
10539 0.4999804 
10540 0.4999804 
10541 0.4999804 
10542 0.4999804 
10543 0.4999804 
10544 0.4999804 
10545 0.4999804 
10546 0.4999804 
10547 0.4999804 
10548 0.4999804 
10549 0.4999804 
10550 0.4999804 
10551 0.4999804 
10552 0.4999804 
10553 0.4999803 
10554 0.4999803 
10555 0.4999803 
10556 0.4999803 
10557 0.4999802 
10558 0.4999802 
10559 0.4999802 
10560 0.4999802 
10561 0.4999802 
10562 0.4999802 
10563 0.4999802 
10564 0.4999802 
10565 0.4999801 
10566 0.4999801 
10567 0.4999801 
10568 0.4999801 
10569 0.4999801 
10570 0.49998 
10571 0.49998 
10572 0.49998 
10573 0.49998 
10574 0.49998 
10575 0.4999799 
10576 0.4999799 
10577 0.4999799 
10578 0.4999799 
10579 0.4999799 
10580 0.4999799 
10581 0.4999799 
10582 0.4999799 
10583 0.4999798 
10584 0.4999798 
10585 0.4999798 
10586 0.4999798 
10587 0.4999798 
10588 0.4999798 
10589 0.4999798 
10590 0.4999797 
10591 0.4999797 
10592 0.4999797 
10593 0.4999797 
10594 0.4999797 
10595 0.4999797 
10596 0.4999796 
10597 0.4999796 
10598 0.4999796 
10599 0.4999796 
10600 0.4999796 
10601 0.4999795 
10602 0.4999795 
10603 0.4999795 
10604 0.4999795 
10605 0.4999795 
10606 0.4999795 
10607 0.4999795 
10608 0.4999795 
10609 0.4999795 
10610 0.4999795 
10611 0.4999795 
10612 0.4999795 
10613 0.4999794 
10614 0.4999794 
10615 0.4999794 
10616 0.4999794 
10617 0.4999794 
10618 0.4999794 
10619 0.4999793 
10620 0.4999793 
10621 0.4999793 
10622 0.4999793 
10623 0.4999793 
10624 0.4999793 
10625 0.4999793 
10626 0.4999793 
10627 0.4999793 
10628 0.4999793 
10629 0.4999793 
10630 0.4999793 
10631 0.4999793 
10632 0.4999793 
10633 0.4999793 
10634 0.4999793 
10635 0.4999793 
10636 0.4999793 
10637 0.4999793 
10638 0.4999793 
10639 0.4999793 
10640 0.4999793 
10641 0.4999793 
10642 0.4999793 
10643 0.4999793 
10644 0.4999793 
10645 0.4999793 
10646 0.4999793 
10647 0.4999793 
10648 0.4999793 
10649 0.4999793 
10650 0.4999793 
10651 0.4999793 
10652 0.4999793 
10653 0.4999793 
10654 0.4999793 
10655 0.4999793 
10656 0.4999793 
10657 0.4999793 
10658 0.4999793 
10659 0.4999793 
10660 0.4999793 
10661 0.4999793 
10662 0.4999793 
10663 0.4999793 
10664 0.4999793 
10665 0.4999793 
10666 0.4999793 
10667 0.4999793 
10668 0.4999793 
10669 0.4999793 
10670 0.4999793 
10671 0.4999793 
10672 0.4999793 
10673 0.4999793 
10674 0.4999793 
10675 0.4999793 
10676 0.4999793 
10677 0.4999793 
10678 0.4999793 
10679 0.4999793 
10680 0.4999793 
10681 0.4999793 
10682 0.4999793 
10683 0.4999793 
10684 0.4999793 
10685 0.4999793 
10686 0.4999793 
10687 0.4999793 
10688 0.4999793 
10689 0.4999793 
10690 0.4999793 
10691 0.4999793 
10692 0.4999793 
10693 0.4999793 
10694 0.4999793 
10695 0.4999793 
10696 0.4999793 
10697 0.4999793 
10698 0.4999793 
10699 0.4999793 
10700 0.4999793 
10701 0.4999793 
10702 0.4999793 
10703 0.4999793 
10704 0.4999793 
10705 0.4999793 
10706 0.4999793 
10707 0.4999793 
10708 0.4999793 
10709 0.4999792 
10710 0.4999792 
10711 0.4999792 
10712 0.4999792 
10713 0.4999792 
10714 0.4999792 
10715 0.4999792 
10716 0.4999791 
10717 0.4999791 
10718 0.4999791 
10719 0.4999791 
10720 0.499979 
10721 0.499979 
10722 0.4999789 
10723 0.4999789 
10724 0.4999789 
10725 0.4999789 
10726 0.4999789 
10727 0.4999789 
10728 0.4999788 
10729 0.4999788 
10730 0.4999788 
10731 0.4999788 
10732 0.4999788 
10733 0.4999787 
10734 0.4999787 
10735 0.4999787 
10736 0.4999787 
10737 0.4999786 
10738 0.4999786 
10739 0.4999786 
10740 0.4999786 
10741 0.4999785 
10742 0.4999785 
10743 0.4999785 
10744 0.4999785 
10745 0.4999785 
10746 0.4999785 
10747 0.4999785 
10748 0.4999785 
10749 0.4999785 
10750 0.4999784 
10751 0.4999784 
10752 0.4999784 
10753 0.4999784 
10754 0.4999783 
10755 0.4999783 
10756 0.4999782 
10757 0.4999782 
10758 0.4999782 
10759 0.4999782 
10760 0.4999782 
10761 0.4999782 
10762 0.4999781 
10763 0.4999781 
10764 0.4999781 
10765 0.4999781 
10766 0.4999781 
10767 0.499978 
10768 0.499978 
10769 0.499978 
10770 0.499978 
10771 0.499978 
10772 0.4999779 
10773 0.4999779 
10774 0.4999779 
10775 0.4999779 
10776 0.4999779 
10777 0.4999778 
10778 0.4999778 
10779 0.4999778 
10780 0.4999778 
10781 0.4999778 
10782 0.4999778 
10783 0.4999778 
10784 0.4999777 
10785 0.4999777 
10786 0.4999777 
10787 0.4999777 
10788 0.4999777 
10789 0.4999777 
10790 0.4999776 
10791 0.4999776 
10792 0.4999776 
10793 0.4999775 
10794 0.4999775 
10795 0.4999775 
10796 0.4999775 
10797 0.4999775 
10798 0.4999775 
10799 0.4999775 
10800 0.4999774 
10801 0.4999774 
10802 0.4999774 
10803 0.4999774 
10804 0.4999773 
10805 0.4999773 
10806 0.4999773 
10807 0.4999773 
10808 0.4999773 
10809 0.4999772 
10810 0.4999772 
10811 0.4999772 
10812 0.4999772 
10813 0.4999772 
10814 0.4999771 
10815 0.4999771 
10816 0.4999771 
10817 0.4999771 
10818 0.4999771 
10819 0.4999771 
10820 0.499977 
10821 0.499977 
10822 0.499977 
10823 0.499977 
10824 0.499977 
10825 0.4999769 
10826 0.4999769 
10827 0.4999769 
10828 0.4999769 
10829 0.4999768 
10830 0.4999768 
10831 0.4999768 
10832 0.4999768 
10833 0.4999768 
10834 0.4999768 
10835 0.4999768 
10836 0.4999768 
10837 0.4999768 
10838 0.4999767 
10839 0.4999767 
10840 0.4999767 
10841 0.4999767 
10842 0.4999766 
10843 0.4999766 
10844 0.4999765 
10845 0.4999765 
10846 0.4999765 
10847 0.4999765 
10848 0.4999765 
10849 0.4999765 
10850 0.4999764 
10851 0.4999764 
10852 0.4999764 
10853 0.4999764 
10854 0.4999764 
10855 0.4999764 
10856 0.4999763 
10857 0.4999763 
10858 0.4999763 
10859 0.4999763 
10860 0.4999763 
10861 0.4999762 
10862 0.4999762 
10863 0.4999762 
10864 0.4999762 
10865 0.4999761 
10866 0.4999761 
10867 0.4999761 
10868 0.4999761 
10869 0.4999761 
10870 0.4999761 
10871 0.4999761 
10872 0.4999761 
10873 0.4999761 
10874 0.4999761 
10875 0.4999761 
10876 0.4999761 
10877 0.4999761 
10878 0.4999761 
10879 0.4999761 
10880 0.4999761 
10881 0.4999761 
10882 0.4999761 
10883 0.4999761 
10884 0.4999761 
10885 0.4999761 
10886 0.4999761 
10887 0.4999761 
10888 0.4999761 
10889 0.4999761 
10890 0.4999761 
10891 0.4999761 
10892 0.4999761 
10893 0.4999761 
10894 0.4999761 
10895 0.4999761 
10896 0.4999761 
10897 0.4999761 
10898 0.4999761 
10899 0.4999761 
10900 0.4999761 
10901 0.4999761 
10902 0.4999761 
10903 0.4999761 
10904 0.4999761 
10905 0.4999761 
10906 0.4999761 
10907 0.4999761 
10908 0.4999761 
10909 0.4999761 
10910 0.4999761 
10911 0.4999761 
10912 0.4999761 
10913 0.4999761 
10914 0.4999761 
10915 0.4999761 
10916 0.4999761 
10917 0.4999761 
10918 0.4999761 
10919 0.4999761 
10920 0.4999761 
10921 0.4999761 
10922 0.4999761 
10923 0.4999761 
10924 0.4999761 
10925 0.4999761 
10926 0.4999761 
10927 0.4999761 
10928 0.4999761 
10929 0.4999761 
10930 0.4999761 
10931 0.4999761 
10932 0.4999761 
10933 0.4999761 
10934 0.4999761 
10935 0.4999761 
10936 0.4999761 
10937 0.4999761 
10938 0.4999761 
10939 0.4999761 
10940 0.4999761 
10941 0.4999761 
10942 0.4999761 
10943 0.4999761 
10944 0.4999761 
10945 0.4999761 
10946 0.4999761 
10947 0.4999761 
10948 0.4999761 
10949 0.4999761 
10950 0.4999761 
10951 0.4999761 
10952 0.4999761 
10953 0.4999761 
10954 0.4999761 
10955 0.4999761 
10956 0.4999761 
10957 0.4999761 
10958 0.4999761 
10959 0.4999761 
10960 0.4999761 
10961 0.4999761 
10962 0.4999761 
10963 0.4999761 
10964 0.4999761 
10965 0.4999761 
10966 0.4999761 
10967 0.4999761 
10968 0.4999761 
10969 0.4999761 
10970 0.4999761 
10971 0.4999761 
10972 0.4999761 
10973 0.4999761 
10974 0.4999761 
10975 0.4999761 
10976 0.4999761 
10977 0.4999761 
10978 0.4999761 
10979 0.4999761 
10980 0.4999761 
10981 0.4999761 
10982 0.4999761 
10983 0.4999761 
10984 0.4999761 
10985 0.4999761 
10986 0.4999761 
10987 0.4999761 
10988 0.4999761 
10989 0.4999761 
10990 0.4999761 
10991 0.4999761 
10992 0.4999761 
10993 0.4999761 
10994 0.4999761 
10995 0.4999761 
10996 0.4999761 
10997 0.4999761 
10998 0.4999761 
10999 0.4999761 
11000 0.4999761 
11001 0.4999761 
11002 0.4999761 
11003 0.4999761 
11004 0.4999761 
11005 0.4999761 
11006 0.4999761 
11007 0.499976 
11008 0.499976 
11009 0.499976 
11010 0.499976 
11011 0.499976 
11012 0.4999759 
11013 0.4999759 
11014 0.4999759 
11015 0.4999759 
11016 0.4999758 
11017 0.4999758 
11018 0.4999758 
11019 0.4999758 
11020 0.4999758 
11021 0.4999758 
11022 0.4999758 
11023 0.4999757 
11024 0.4999757 
11025 0.4999757 
11026 0.4999757 
11027 0.4999757 
11028 0.4999757 
11029 0.4999756 
11030 0.4999756 
11031 0.4999756 
11032 0.4999756 
11033 0.4999756 
11034 0.4999755 
11035 0.4999755 
11036 0.4999755 
11037 0.4999755 
11038 0.4999754 
11039 0.4999754 
11040 0.4999754 
11041 0.4999754 
11042 0.4999754 
11043 0.4999754 
11044 0.4999754 
11045 0.4999753 
11046 0.4999753 
11047 0.4999753 
11048 0.4999753 
11049 0.4999753 
11050 0.4999752 
11051 0.4999752 
11052 0.4999752 
11053 0.4999752 
11054 0.4999752 
11055 0.4999751 
11056 0.4999751 
11057 0.4999751 
11058 0.4999751 
11059 0.4999751 
11060 0.4999751 
11061 0.4999751 
11062 0.499975 
11063 0.499975 
11064 0.499975 
11065 0.499975 
11066 0.499975 
11067 0.4999749 
11068 0.4999749 
11069 0.4999749 
11070 0.4999749 
11071 0.4999749 
11072 0.4999748 
11073 0.4999748 
11074 0.4999748 
11075 0.4999748 
11076 0.4999748 
11077 0.4999747 
11078 0.4999747 
11079 0.4999747 
11080 0.4999747 
11081 0.4999747 
11082 0.4999747 
11083 0.4999747 
11084 0.4999747 
11085 0.4999747 
11086 0.4999747 
11087 0.4999747 
11088 0.4999747 
11089 0.4999747 
11090 0.4999747 
11091 0.4999747 
11092 0.4999747 
11093 0.4999747 
11094 0.4999747 
11095 0.4999747 
11096 0.4999747 
11097 0.4999747 
11098 0.4999747 
11099 0.4999747 
11100 0.4999747 
11101 0.4999747 
11102 0.4999747 
11103 0.4999747 
11104 0.4999747 
11105 0.4999747 
11106 0.4999747 
11107 0.4999747 
11108 0.4999747 
11109 0.4999747 
11110 0.4999747 
11111 0.4999747 
11112 0.4999747 
11113 0.4999747 
11114 0.4999747 
11115 0.4999747 
11116 0.4999747 
11117 0.4999747 
11118 0.4999747 
11119 0.4999747 
11120 0.4999747 
11121 0.4999747 
11122 0.4999747 
11123 0.4999747 
11124 0.4999747 
11125 0.4999747 
11126 0.4999747 
11127 0.4999747 
11128 0.4999747 
11129 0.4999747 
11130 0.4999747 
11131 0.4999747 
11132 0.4999747 
11133 0.4999747 
11134 0.4999747 
11135 0.4999747 
11136 0.4999747 
11137 0.4999747 
11138 0.4999747 
11139 0.4999747 
11140 0.4999747 
11141 0.4999747 
11142 0.4999747 
11143 0.4999747 
11144 0.4999747 
11145 0.4999747 
11146 0.4999747 
11147 0.4999747 
11148 0.4999747 
11149 0.4999747 
11150 0.4999747 
11151 0.4999747 
11152 0.4999747 
11153 0.4999747 
11154 0.4999747 
11155 0.4999747 
11156 0.4999747 
11157 0.4999747 
11158 0.4999747 
11159 0.4999747 
11160 0.4999747 
11161 0.4999747 
11162 0.4999747 
11163 0.4999747 
11164 0.4999747 
11165 0.4999747 
11166 0.4999746 
11167 0.4999746 
11168 0.4999746 
11169 0.4999746 
11170 0.4999745 
11171 0.4999745 
11172 0.4999745 
11173 0.4999744 
11174 0.4999744 
11175 0.4999744 
11176 0.4999744 
11177 0.4999744 
11178 0.4999744 
11179 0.4999744 
11180 0.4999744 
11181 0.4999744 
11182 0.4999744 
11183 0.4999744 
11184 0.4999744 
11185 0.4999744 
11186 0.4999744 
11187 0.4999744 
11188 0.4999744 
11189 0.4999744 
11190 0.4999744 
11191 0.4999744 
11192 0.4999744 
11193 0.4999744 
11194 0.4999744 
11195 0.4999744 
11196 0.4999744 
11197 0.4999744 
11198 0.4999744 
11199 0.4999744 
11200 0.4999744 
11201 0.4999744 
11202 0.4999744 
11203 0.4999744 
11204 0.4999744 
11205 0.4999744 
11206 0.4999744 
11207 0.4999744 
11208 0.4999744 
11209 0.4999744 
11210 0.4999743 
11211 0.4999743 
11212 0.4999743 
11213 0.4999743 
11214 0.4999742 
11215 0.4999742 
11216 0.4999741 
11217 0.4999741 
11218 0.4999741 
11219 0.4999741 
11220 0.4999741 
11221 0.4999741 
11222 0.4999741 
11223 0.4999741 
11224 0.4999741 
11225 0.4999741 
11226 0.4999741 
11227 0.4999741 
11228 0.499974 
11229 0.499974 
11230 0.499974 
11231 0.499974 
11232 0.499974 
11233 0.4999739 
11234 0.4999739 
11235 0.4999739 
11236 0.4999739 
11237 0.4999738 
11238 0.4999738 
11239 0.4999738 
11240 0.4999738 
11241 0.4999737 
11242 0.4999737 
11243 0.4999737 
11244 0.4999737 
11245 0.4999737 
11246 0.4999737 
11247 0.4999737 
11248 0.4999737 
11249 0.4999737 
11250 0.4999737 
11251 0.4999737 
11252 0.4999737 
11253 0.4999736 
11254 0.4999736 
11255 0.4999736 
11256 0.4999736 
11257 0.4999736 
11258 0.4999736 
11259 0.4999736 
11260 0.4999736 
11261 0.4999736 
11262 0.4999736 
11263 0.4999736 
11264 0.4999736 
11265 0.4999736 
11266 0.4999736 
11267 0.4999736 
11268 0.4999736 
11269 0.4999736 
11270 0.4999736 
11271 0.4999736 
11272 0.4999736 
11273 0.4999736 
11274 0.4999736 
11275 0.4999736 
11276 0.4999736 
11277 0.4999736 
11278 0.4999736 
11279 0.4999735 
11280 0.4999735 
11281 0.4999735 
11282 0.4999735 
11283 0.4999735 
11284 0.4999735 
11285 0.4999735 
11286 0.4999735 
11287 0.4999735 
11288 0.4999735 
11289 0.4999735 
11290 0.4999735 
11291 0.4999735 
11292 0.4999735 
11293 0.4999735 
11294 0.4999735 
11295 0.4999735 
11296 0.4999735 
11297 0.4999735 
11298 0.4999735 
11299 0.4999735 
11300 0.4999735 
11301 0.4999735 
11302 0.4999735 
11303 0.4999735 
11304 0.4999735 
11305 0.4999735 
11306 0.4999735 
11307 0.4999735 
11308 0.4999735 
11309 0.4999735 
11310 0.4999735 
11311 0.4999735 
11312 0.4999735 
11313 0.4999735 
11314 0.4999735 
11315 0.4999735 
11316 0.4999735 
11317 0.4999735 
11318 0.4999735 
11319 0.4999735 
11320 0.4999735 
11321 0.4999735 
11322 0.4999735 
11323 0.4999735 
11324 0.4999735 
11325 0.4999735 
11326 0.4999735 
11327 0.4999735 
11328 0.4999735 
11329 0.4999735 
11330 0.4999735 
11331 0.4999735 
11332 0.4999735 
11333 0.4999735 
11334 0.4999735 
11335 0.4999735 
11336 0.4999735 
11337 0.4999735 
11338 0.4999735 
11339 0.4999735 
11340 0.4999735 
11341 0.4999735 
11342 0.4999735 
11343 0.4999735 
11344 0.4999735 
11345 0.4999735 
11346 0.4999735 
11347 0.4999735 
11348 0.4999735 
11349 0.4999735 
11350 0.4999735 
11351 0.4999735 
11352 0.4999735 
11353 0.4999735 
11354 0.4999735 
11355 0.4999735 
11356 0.4999735 
11357 0.4999735 
11358 0.4999735 
11359 0.4999735 
11360 0.4999735 
11361 0.4999735 
11362 0.4999735 
11363 0.4999735 
11364 0.4999735 
11365 0.4999735 
11366 0.4999735 
11367 0.4999735 
11368 0.4999735 
11369 0.4999735 
11370 0.4999735 
11371 0.4999735 
11372 0.4999735 
11373 0.4999735 
11374 0.4999735 
11375 0.4999735 
11376 0.4999735 
11377 0.4999735 
11378 0.4999735 
11379 0.4999734 
11380 0.4999734 
11381 0.5 
11382 0.4999999 
11383 0.4999999 
11384 0.4999999 
11385 0.4999999 
11386 0.4999999 
11387 0.4999999 
11388 0.4999999 
11389 0.4999999 
11390 0.4999999 
11391 0.4999999 
11392 0.4999999 
11393 0.4999999 
11394 0.4999999 
11395 0.4999999 
11396 0.4999999 
11397 0.4999999 
11398 0.4999999 
11399 0.4999999 
11400 0.4999999 
11401 0.4999999 
11402 0.4999999 
11403 0.4999999 
11404 0.4999999 
11405 0.4999999 
11406 0.4999999 
11407 0.4999999 
11408 0.4999998 
11409 0.4999998 
11410 0.4999998 
11411 0.4999998 
11412 0.4999998 
11413 0.4999998 
11414 0.4999998 
11415 0.4999998 
11416 0.4999998 
11417 0.4999998 
11418 0.4999998 
11419 0.4999998 
11420 0.4999998 
11421 0.4999998 
11422 0.4999998 
11423 0.4999998 
11424 0.4999998 
11425 0.4999998 
11426 0.4999998 
11427 0.4999998 
11428 0.4999998 
11429 0.4999998 
11430 0.4999998 
11431 0.4999998 
11432 0.4999998 
11433 0.4999998 
11434 0.4999998 
11435 0.4999998 
11436 0.4999998 
11437 0.4999998 
11438 0.4999998 
11439 0.4999998 
11440 0.4999998 
11441 0.4999998 
11442 0.4999998 
11443 0.4999998 
11444 0.4999998 
11445 0.4999998 
11446 0.4999998 
11447 0.4999998 
11448 0.4999998 
11449 0.4999998 
11450 0.4999998 
11451 0.4999998 
11452 0.4999998 
11453 0.4999998 
11454 0.4999998 
11455 0.4999998 
11456 0.4999998 
11457 0.4999998 
11458 0.4999998 
11459 0.4999998 
11460 0.4999998 
11461 0.4999998 
11462 0.4999998 
11463 0.4999998 
11464 0.4999998 
11465 0.4999997 
11466 0.4999997 
11467 0.4999997 
11468 0.4999997 
11469 0.4999996 
11470 0.4999996 
11471 0.4999996 
11472 0.4999996 
11473 0.4999995 
11474 0.4999995 
11475 0.4999994 
11476 0.4999994 
11477 0.4999994 
11478 0.4999994 
11479 0.4999993 
11480 0.4999993 
11481 0.4999993 
11482 0.4999993 
11483 0.4999992 
11484 0.4999992 
11485 0.4999991 
11486 0.4999991 
11487 0.4999991 
11488 0.4999991 
11489 0.4999991 
11490 0.499999 
11491 0.499999 
11492 0.499999 
11493 0.499999 
11494 0.4999989 
11495 0.4999989 
11496 0.4999989 
11497 0.4999989 
11498 0.4999988 
11499 0.4999988 
11500 0.4999987 
11501 0.4999987 
11502 0.4999987 
11503 0.4999987 
11504 0.4999986 
11505 0.4999986 
11506 0.4999986 
11507 0.4999986 
11508 0.4999985 
11509 0.4999985 
11510 0.4999984 
11511 0.4999984 
11512 0.4999984 
11513 0.4999984 
11514 0.4999983 
11515 0.4999983 
11516 0.4999983 
11517 0.4999983 
11518 0.4999983 
11519 0.4999982 
11520 0.4999981 
11521 0.4999981 
11522 0.4999981 
11523 0.4999981 
11524 0.4999981 
11525 0.499998 
11526 0.499998 
11527 0.499998 
11528 0.499998 
11529 0.4999979 
11530 0.4999979 
11531 0.4999979 
11532 0.4999979 
11533 0.4999978 
11534 0.4999978 
11535 0.4999977 
11536 0.4999977 
11537 0.4999977 
11538 0.4999977 
11539 0.4999976 
11540 0.4999976 
11541 0.4999976 
11542 0.4999976 
11543 0.4999975 
11544 0.4999975 
11545 0.4999974 
11546 0.4999974 
11547 0.4999974 
11548 0.4999974 
11549 0.4999974 
11550 0.4999973 
11551 0.4999973 
11552 0.4999973 
11553 0.4999973 
11554 0.4999972 
11555 0.4999972 
11556 0.4999972 
11557 0.4999972 
11558 0.4999971 
11559 0.4999971 
11560 0.499997 
11561 0.499997 
11562 0.499997 
11563 0.499997 
11564 0.4999969 
11565 0.4999969 
11566 0.4999969 
11567 0.4999969 
11568 0.4999968 
11569 0.4999968 
11570 0.4999967 
11571 0.4999967 
11572 0.4999967 
11573 0.4999967 
11574 0.4999967 
11575 0.4999966 
11576 0.4999966 
11577 0.4999966 
11578 0.4999965 
11579 0.4999965 
11580 0.4999964 
11581 0.4999964 
11582 0.4999964 
11583 0.4999964 
11584 0.4999964 
11585 0.4999963 
11586 0.4999963 
11587 0.4999963 
11588 0.4999963 
11589 0.4999962 
11590 0.4999962 
11591 0.4999962 
11592 0.4999962 
11593 0.4999961 
11594 0.4999961 
11595 0.499996 
11596 0.499996 
11597 0.499996 
11598 0.499996 
11599 0.4999959 
11600 0.4999959 
11601 0.4999959 
11602 0.4999959 
11603 0.4999958 
11604 0.4999958 
11605 0.4999957 
11606 0.4999957 
11607 0.4999957 
11608 0.4999957 
11609 0.4999957 
11610 0.4999956 
11611 0.4999956 
11612 0.4999956 
11613 0.4999956 
11614 0.4999955 
11615 0.4999955 
11616 0.4999955 
11617 0.4999955 
11618 0.4999954 
11619 0.4999954 
11620 0.4999953 
11621 0.4999953 
11622 0.4999953 
11623 0.4999953 
11624 0.4999952 
11625 0.4999952 
11626 0.4999952 
11627 0.4999952 
11628 0.4999951 
11629 0.4999951 
11630 0.499995 
11631 0.499995 
11632 0.499995 
11633 0.499995 
11634 0.499995 
11635 0.4999949 
11636 0.4999949 
11637 0.4999949 
11638 0.4999949 
11639 0.4999948 
11640 0.4999948 
11641 0.4999948 
11642 0.4999948 
11643 0.4999947 
11644 0.4999947 
11645 0.4999946 
11646 0.4999946 
11647 0.4999946 
11648 0.4999946 
11649 0.4999945 
11650 0.4999945 
11651 0.4999945 
11652 0.4999945 
11653 0.4999944 
11654 0.4999944 
11655 0.4999943 
11656 0.4999943 
11657 0.4999943 
11658 0.4999943 
11659 0.4999943 
11660 0.4999943 
11661 0.4999943 
11662 0.4999942 
11663 0.4999942 
11664 0.4999942 
11665 0.4999942 
11666 0.4999942 
11667 0.4999941 
11668 0.4999941 
11669 0.499994 
11670 0.499994 
11671 0.499994 
11672 0.499994 
11673 0.499994 
11674 0.499994 
11675 0.4999939 
11676 0.4999939 
11677 0.4999939 
11678 0.4999939 
11679 0.4999939 
11680 0.4999938 
11681 0.4999938 
11682 0.4999938 
11683 0.4999938 
11684 0.4999937 
11685 0.4999937 
11686 0.4999937 
11687 0.4999936 
11688 0.4999936 
11689 0.4999936 
11690 0.4999936 
11691 0.4999936 
11692 0.4999936 
11693 0.4999935 
11694 0.4999935 
11695 0.4999935 
11696 0.4999934 
11697 0.4999934 
11698 0.4999934 
11699 0.4999933 
11700 0.4999933 
11701 0.4999933 
11702 0.4999933 
11703 0.4999933 
11704 0.4999933 
11705 0.4999932 
11706 0.4999932 
11707 0.4999932 
11708 0.4999932 
11709 0.4999932 
11710 0.4999932 
11711 0.4999932 
11712 0.4999932 
11713 0.4999932 
11714 0.4999932 
11715 0.4999932 
11716 0.4999932 
11717 0.4999932 
11718 0.4999932 
11719 0.4999932 
11720 0.4999932 
11721 0.4999932 
11722 0.4999932 
11723 0.4999932 
11724 0.4999932 
11725 0.4999932 
11726 0.4999932 
11727 0.4999932 
11728 0.4999932 
11729 0.4999932 
11730 0.4999932 
11731 0.4999932 
11732 0.4999932 
11733 0.4999932 
11734 0.4999932 
11735 0.4999932 
11736 0.4999932 
11737 0.4999932 
11738 0.4999932 
11739 0.4999932 
11740 0.4999932 
11741 0.4999932 
11742 0.4999932 
11743 0.4999932 
11744 0.4999932 
11745 0.4999932 
11746 0.4999932 
11747 0.4999932 
11748 0.4999932 
11749 0.4999932 
11750 0.4999932 
11751 0.4999932 
11752 0.4999932 
11753 0.4999932 
11754 0.4999932 
11755 0.4999932 
11756 0.4999932 
11757 0.4999932 
11758 0.4999932 
11759 0.4999932 
11760 0.4999932 
11761 0.4999932 
11762 0.4999932 
11763 0.4999932 
11764 0.4999932 
11765 0.4999932 
11766 0.4999932 
11767 0.4999932 
11768 0.4999932 
11769 0.4999932 
11770 0.4999932 
11771 0.4999932 
11772 0.4999932 
11773 0.4999932 
11774 0.4999932 
11775 0.4999932 
11776 0.4999931 
11777 0.4999931 
11778 0.4999931 
11779 0.4999931 
11780 0.4999931 
11781 0.4999931 
11782 0.4999931 
11783 0.4999931 
11784 0.4999931 
11785 0.4999931 
11786 0.4999931 
11787 0.4999931 
11788 0.4999931 
11789 0.4999931 
11790 0.4999931 
11791 0.4999931 
11792 0.4999931 
11793 0.4999931 
11794 0.4999931 
11795 0.4999931 
11796 0.4999931 
11797 0.499993 
11798 0.499993 
11799 0.499993 
11800 0.499993 
11801 0.499993 
11802 0.499993 
11803 0.499993 
11804 0.499993 
11805 0.499993 
11806 0.499993 
11807 0.499993 
11808 0.499993 
11809 0.499993 
11810 0.499993 
11811 0.499993 
11812 0.499993 
11813 0.499993 
11814 0.499993 
11815 0.499993 
11816 0.499993 
11817 0.499993 
11818 0.499993 
11819 0.499993 
11820 0.499993 
11821 0.499993 
11822 0.499993 
11823 0.499993 
11824 0.499993 
11825 0.499993 
11826 0.499993 
11827 0.499993 
11828 0.499993 
11829 0.499993 
11830 0.499993 
11831 0.499993 
11832 0.499993 
11833 0.499993 
11834 0.499993 
11835 0.499993 
11836 0.499993 
11837 0.499993 
11838 0.499993 
11839 0.499993 
11840 0.499993 
11841 0.499993 
11842 0.499993 
11843 0.499993 
11844 0.499993 
11845 0.499993 
11846 0.499993 
11847 0.499993 
11848 0.499993 
11849 0.499993 
11850 0.499993 
11851 0.499993 
11852 0.499993 
11853 0.499993 
11854 0.499993 
11855 0.499993 
11856 0.499993 
11857 0.499993 
11858 0.499993 
11859 0.499993 
11860 0.499993 
11861 0.499993 
11862 0.499993 
11863 0.499993 
11864 0.499993 
11865 0.499993 
11866 0.499993 
11867 0.499993 
11868 0.499993 
11869 0.499993 
11870 0.499993 
11871 0.499993 
11872 0.499993 
11873 0.499993 
11874 0.499993 
11875 0.499993 
11876 0.499993 
11877 0.499993 
11878 0.499993 
11879 0.499993 
11880 0.499993 
11881 0.499993 
11882 0.499993 
11883 0.499993 
11884 0.499993 
11885 0.499993 
11886 0.499993 
11887 0.499993 
11888 0.499993 
11889 0.499993 
11890 0.499993 
11891 0.499993 
11892 0.499993 
11893 0.499993 
11894 0.499993 
11895 0.499993 
11896 0.499993 
11897 0.499993 
11898 0.499993 
11899 0.499993 
11900 0.499993 
11901 0.499993 
11902 0.499993 
11903 0.4999929 
11904 0.4999929 
11905 0.4999929 
11906 0.4999929 
11907 0.4999929 
11908 0.4999929 
11909 0.4999929 
11910 0.4999929 
11911 0.4999929 
11912 0.4999929 
11913 0.4999929 
11914 0.4999929 
11915 0.4999929 
11916 0.4999929 
11917 0.4999929 
11918 0.4999929 
11919 0.4999929 
11920 0.4999929 
11921 0.4999929 
11922 0.4999929 
11923 0.4999929 
11924 0.4999929 
11925 0.4999929 
11926 0.4999929 
11927 0.4999929 
11928 0.4999929 
11929 0.4999929 
11930 0.4999929 
11931 0.4999929 
11932 0.4999929 
11933 0.4999929 
11934 0.4999929 
11935 0.4999929 
11936 0.4999929 
11937 0.4999929 
11938 0.4999929 
11939 0.4999929 
11940 0.4999929 
11941 0.4999929 
11942 0.4999929 
11943 0.4999929 
11944 0.4999929 
11945 0.4999929 
11946 0.4999929 
11947 0.4999929 
11948 0.4999929 
11949 0.4999929 
11950 0.4999929 
11951 0.4999929 
11952 0.4999929 
11953 0.4999929 
11954 0.4999929 
11955 0.4999929 
11956 0.4999929 
11957 0.4999929 
11958 0.4999929 
11959 0.4999929 
11960 0.4999929 
11961 0.4999929 
11962 0.4999929 
11963 0.4999929 
11964 0.4999929 
11965 0.4999929 
11966 0.4999929 
11967 0.4999929 
11968 0.4999929 
11969 0.4999929 
11970 0.4999929 
11971 0.4999929 
11972 0.4999929 
11973 0.4999929 
11974 0.4999929 
11975 0.4999929 
11976 0.4999929 
11977 0.4999929 
11978 0.4999929 
11979 0.4999929 
11980 0.4999929 
11981 0.4999929 
11982 0.4999929 
11983 0.4999929 
11984 0.4999929 
11985 0.4999929 
11986 0.4999929 
11987 0.4999929 
11988 0.4999929 
11989 0.4999929 
11990 0.4999929 
11991 0.4999929 
11992 0.4999929 
11993 0.4999929 
11994 0.4999929 
11995 0.4999929 
11996 0.4999929 
11997 0.4999929 
11998 0.4999929 
11999 0.4999929 
12000 0.4999929 
12001 0.4999929 
12002 0.4999929 
12003 0.4999929 
12004 0.4999929 
12005 0.4999929 
12006 0.4999929 
12007 0.4999929 
12008 0.4999929 
12009 0.4999929 
12010 0.4999929 
12011 0.4999929 
12012 0.4999929 
12013 0.4999929 
12014 0.4999929 
12015 0.4999929 
12016 0.4999928 
12017 0.4999928 
12018 0.4999928 
12019 0.4999928 
12020 0.4999928 
12021 0.4999928 
12022 0.4999928 
12023 0.4999928 
12024 0.4999928 
12025 0.4999928 
12026 0.4999928 
12027 0.4999928 
12028 0.4999928 
12029 0.4999928 
12030 0.4999928 
12031 0.4999928 
12032 0.4999928 
12033 0.4999928 
12034 0.4999928 
12035 0.4999928 
12036 0.4999928 
12037 0.4999928 
12038 0.4999928 
12039 0.4999928 
12040 0.4999928 
12041 0.4999928 
12042 0.4999928 
12043 0.4999928 
12044 0.4999928 
12045 0.4999928 
12046 0.4999928 
12047 0.4999928 
12048 0.4999928 
12049 0.4999928 
12050 0.4999928 
12051 0.4999928 
12052 0.4999928 
12053 0.4999928 
12054 0.4999928 
12055 0.4999928 
12056 0.4999928 
12057 0.4999928 
12058 0.4999928 
12059 0.4999928 
12060 0.4999928 
12061 0.4999928 
12062 0.4999928 
12063 0.4999927 
12064 0.4999927 
12065 0.4999927 
12066 0.4999927 
12067 0.4999927 
12068 0.4999927 
12069 0.4999927 
12070 0.4999927 
12071 0.4999927 
12072 0.4999927 
12073 0.4999927 
12074 0.4999927 
12075 0.4999927 
12076 0.4999927 
12077 0.4999927 
12078 0.4999927 
12079 0.4999927 
12080 0.4999927 
12081 0.4999927 
12082 0.4999927 
12083 0.4999927 
12084 0.4999927 
12085 0.4999927 
12086 0.4999927 
12087 0.4999927 
12088 0.4999927 
12089 0.4999927 
12090 0.4999927 
12091 0.4999927 
12092 0.4999927 
12093 0.4999927 
12094 0.4999927 
12095 0.4999927 
12096 0.4999927 
12097 0.4999927 
12098 0.4999927 
12099 0.4999927 
12100 0.4999927 
12101 0.4999927 
12102 0.4999927 
12103 0.4999927 
12104 0.4999927 
12105 0.4999927 
12106 0.4999927 
12107 0.4999927 
12108 0.4999927 
12109 0.4999927 
12110 0.4999927 
12111 0.4999927 
12112 0.4999927 
12113 0.4999927 
12114 0.4999927 
12115 0.4999927 
12116 0.4999927 
12117 0.4999927 
12118 0.4999927 
12119 0.4999927 
12120 0.4999927 
12121 0.4999927 
12122 0.4999927 
12123 0.4999927 
12124 0.4999927 
12125 0.4999927 
12126 0.4999927 
12127 0.4999927 
12128 0.4999927 
12129 0.4999927 
12130 0.4999927 
12131 0.4999927 
12132 0.4999927 
12133 0.4999927 
12134 0.4999927 
12135 0.4999927 
12136 0.4999927 
12137 0.4999927 
12138 0.4999927 
12139 0.4999927 
12140 0.4999927 
12141 0.4999927 
12142 0.4999927 
12143 0.4999927 
12144 0.4999927 
12145 0.4999927 
12146 0.4999927 
12147 0.4999926 
12148 0.4999926 
12149 0.4999926 
12150 0.4999926 
12151 0.4999926 
12152 0.4999926 
12153 0.4999926 
12154 0.4999926 
12155 0.4999926 
12156 0.4999926 
12157 0.4999926 
12158 0.4999926 
12159 0.4999926 
12160 0.4999926 
12161 0.4999926 
12162 0.4999926 
12163 0.4999926 
12164 0.4999926 
12165 0.4999926 
12166 0.4999926 
12167 0.4999926 
12168 0.4999926 
12169 0.4999926 
12170 0.4999926 
12171 0.4999926 
12172 0.4999926 
12173 0.4999926 
12174 0.4999926 
12175 0.4999926 
12176 0.4999926 
12177 0.4999926 
12178 0.4999926 
12179 0.4999926 
12180 0.4999926 
12181 0.4999926 
12182 0.4999926 
12183 0.4999926 
12184 0.4999926 
12185 0.4999926 
12186 0.4999926 
12187 0.4999926 
12188 0.4999926 
12189 0.4999926 
12190 0.4999926 
12191 0.4999926 
12192 0.4999926 
12193 0.4999926 
12194 0.4999926 
12195 0.4999926 
12196 0.4999926 
12197 0.4999926 
12198 0.4999926 
12199 0.4999926 
12200 0.4999926 
12201 0.4999926 
12202 0.4999926 
12203 0.4999926 
12204 0.4999926 
12205 0.4999926 
12206 0.4999926 
12207 0.4999926 
12208 0.4999926 
12209 0.4999926 
12210 0.4999926 
12211 0.4999926 
12212 0.4999926 
12213 0.4999926 
12214 0.4999926 
12215 0.4999926 
12216 0.4999926 
12217 0.4999926 
12218 0.4999926 
12219 0.4999926 
12220 0.4999926 
12221 0.4999926 
12222 0.4999926 
12223 0.4999926 
12224 0.4999926 
12225 0.4999926 
12226 0.4999926 
12227 0.4999926 
12228 0.4999926 
12229 0.4999926 
12230 0.4999926 
12231 0.4999926 
12232 0.4999926 
12233 0.4999926 
12234 0.4999926 
12235 0.4999925 
12236 0.4999925 
12237 0.4999925 
12238 0.4999925 
12239 0.4999925 
12240 0.4999925 
12241 0.4999925 
12242 0.4999925 
12243 0.4999925 
12244 0.4999925 
12245 0.4999925 
12246 0.4999925 
12247 0.4999925 
12248 0.4999925 
12249 0.4999925 
12250 0.4999925 
12251 0.4999925 
12252 0.4999925 
12253 0.4999925 
12254 0.4999925 
12255 0.4999925 
12256 0.4999925 
12257 0.4999925 
12258 0.4999925 
12259 0.4999925 
12260 0.4999925 
12261 0.4999925 
12262 0.4999925 
12263 0.4999925 
12264 0.4999925 
12265 0.4999925 
12266 0.4999925 
12267 0.4999925 
12268 0.4999925 
12269 0.4999925 
12270 0.4999925 
12271 0.4999925 
12272 0.4999925 
12273 0.4999925 
12274 0.4999925 
12275 0.4999925 
12276 0.4999925 
12277 0.4999925 
12278 0.4999925 
12279 0.4999925 
12280 0.4999925 
12281 0.4999925 
12282 0.4999925 
12283 0.4999925 
12284 0.4999925 
12285 0.4999925 
12286 0.4999925 
12287 0.4999925 
12288 0.4999925 
12289 0.4999925 
12290 0.4999925 
12291 0.4999925 
12292 0.4999925 
12293 0.4999925 
12294 0.4999925 
12295 0.4999925 
12296 0.4999925 
12297 0.4999925 
12298 0.4999925 
12299 0.4999925 
12300 0.4999925 
12301 0.4999924 
12302 0.4999924 
12303 0.4999924 
12304 0.4999924 
12305 0.4999924 
12306 0.4999924 
12307 0.4999924 
12308 0.4999924 
12309 0.4999924 
12310 0.4999924 
12311 0.4999924 
12312 0.4999924 
12313 0.4999924 
12314 0.4999924 
12315 0.4999924 
12316 0.4999924 
12317 0.4999924 
12318 0.4999924 
12319 0.4999924 
12320 0.4999924 
12321 0.4999924 
12322 0.4999924 
12323 0.4999924 
12324 0.4999924 
12325 0.4999924 
12326 0.4999924 
12327 0.4999924 
12328 0.4999924 
12329 0.4999924 
12330 0.4999924 
12331 0.4999924 
12332 0.4999924 
12333 0.4999924 
12334 0.4999924 
12335 0.4999924 
12336 0.4999924 
12337 0.4999924 
12338 0.4999924 
12339 0.4999924 
12340 0.4999924 
12341 0.4999924 
12342 0.4999923 
12343 0.4999923 
12344 0.4999923 
12345 0.4999923 
12346 0.4999923 
12347 0.4999923 
12348 0.4999923 
12349 0.4999923 
12350 0.4999923 
12351 0.4999923 
12352 0.4999923 
12353 0.4999923 
12354 0.4999923 
12355 0.4999923 
12356 0.4999923 
12357 0.4999923 
12358 0.4999923 
12359 0.4999923 
12360 0.4999923 
12361 0.4999923 
12362 0.4999923 
12363 0.4999923 
12364 0.4999923 
12365 0.4999923 
12366 0.4999923 
12367 0.4999923 
12368 0.4999923 
12369 0.4999923 
12370 0.4999923 
12371 0.4999923 
12372 0.4999923 
12373 0.4999923 
12374 0.4999923 
12375 0.4999923 
12376 0.4999923 
12377 0.4999923 
12378 0.4999923 
12379 0.4999923 
12380 0.4999923 
12381 0.4999923 
12382 0.4999923 
12383 0.4999923 
12384 0.4999923 
12385 0.4999923 
12386 0.4999923 
12387 0.4999923 
12388 0.4999923 
12389 0.4999923 
12390 0.4999923 
12391 0.4999923 
12392 0.4999923 
12393 0.4999923 
12394 0.4999923 
12395 0.4999923 
12396 0.4999923 
12397 0.4999923 
12398 0.4999923 
12399 0.4999923 
12400 0.4999923 
12401 0.4999923 
12402 0.4999923 
12403 0.4999923 
12404 0.4999923 
12405 0.4999923 
12406 0.4999923 
12407 0.4999923 
12408 0.4999923 
12409 0.4999923 
12410 0.4999923 
12411 0.4999923 
12412 0.4999923 
12413 0.4999923 
12414 0.4999923 
12415 0.4999923 
12416 0.4999923 
12417 0.4999923 
12418 0.4999923 
12419 0.4999923 
12420 0.4999923 
12421 0.4999923 
12422 0.4999923 
12423 0.4999923 
12424 0.4999923 
12425 0.4999923 
12426 0.4999923 
12427 0.4999923 
12428 0.4999923 
12429 0.4999923 
12430 0.4999923 
12431 0.4999923 
12432 0.4999923 
12433 0.4999923 
12434 0.4999923 
12435 0.4999923 
12436 0.4999923 
12437 0.4999923 
12438 0.4999923 
12439 0.4999923 
12440 0.4999923 
12441 0.4999923 
12442 0.4999923 
12443 0.4999923 
12444 0.4999923 
12445 0.4999923 
12446 0.4999923 
12447 0.4999923 
12448 0.4999923 
12449 0.4999923 
12450 0.4999923 
12451 0.4999923 
12452 0.4999923 
12453 0.4999923 
12454 0.4999923 
12455 0.4999923 
12456 0.4999923 
12457 0.4999923 
12458 0.4999923 
12459 0.4999923 
12460 0.4999923 
12461 0.4999923 
12462 0.4999923 
12463 0.4999923 
12464 0.4999923 
12465 0.4999923 
12466 0.4999922 
12467 0.4999922 
12468 0.4999922 
12469 0.4999922 
12470 0.4999922 
12471 0.4999922 
12472 0.4999922 
12473 0.4999922 
12474 0.4999922 
12475 0.4999922 
12476 0.4999922 
12477 0.4999922 
12478 0.4999922 
12479 0.4999922 
12480 0.4999922 
12481 0.4999922 
12482 0.4999922 
12483 0.4999922 
12484 0.4999922 
12485 0.4999922 
12486 0.4999922 
12487 0.4999922 
12488 0.4999922 
12489 0.4999922 
12490 0.4999922 
12491 0.4999922 
12492 0.4999922 
12493 0.4999922 
12494 0.4999922 
12495 0.4999922 
12496 0.4999922 
12497 0.4999922 
12498 0.4999922 
12499 0.4999922 
12500 0.4999922 
12501 0.4999922 
12502 0.4999922 
12503 0.4999922 
12504 0.4999922 
12505 0.4999922 
12506 0.4999922 
12507 0.4999922 
12508 0.4999922 
12509 0.4999922 
12510 0.4999922 
12511 0.4999922 
12512 0.4999922 
12513 0.4999922 
12514 0.4999922 
12515 0.4999922 
12516 0.4999922 
12517 0.4999922 
12518 0.4999922 
12519 0.4999922 
12520 0.4999922 
12521 0.4999922 
12522 0.4999922 
12523 0.4999922 
12524 0.4999922 
12525 0.4999922 
12526 0.4999922 
12527 0.4999922 
12528 0.4999922 
12529 0.4999922 
12530 0.4999922 
12531 0.4999922 
12532 0.4999922 
12533 0.4999922 
12534 0.4999922 
12535 0.4999922 
12536 0.4999922 
12537 0.4999922 
12538 0.4999922 
12539 0.4999922 
12540 0.4999922 
12541 0.4999922 
12542 0.4999922 
12543 0.4999922 
12544 0.4999922 
12545 0.4999922 
12546 0.4999922 
12547 0.4999922 
12548 0.4999922 
12549 0.4999922 
12550 0.4999922 
12551 0.4999922 
12552 0.4999922 
12553 0.4999922 
12554 0.4999922 
12555 0.4999922 
12556 0.4999922 
12557 0.4999922 
12558 0.4999922 
12559 0.4999922 
12560 0.4999922 
12561 0.4999922 
12562 0.4999922 
12563 0.4999922 
12564 0.4999922 
12565 0.4999922 
12566 0.4999922 
12567 0.4999922 
12568 0.4999922 
12569 0.4999922 
12570 0.4999922 
12571 0.4999922 
12572 0.4999922 
12573 0.4999922 
12574 0.4999922 
12575 0.4999921 
12576 0.4999921 
12577 0.4999921 
12578 0.4999921 
12579 0.4999921 
12580 0.4999921 
12581 0.4999921 
12582 0.4999921 
12583 0.4999921 
12584 0.4999921 
12585 0.4999921 
12586 0.4999921 
12587 0.4999921 
12588 0.4999921 
12589 0.4999921 
12590 0.4999921 
12591 0.4999921 
12592 0.499992 
12593 0.499992 
12594 0.499992 
12595 0.499992 
12596 0.499992 
12597 0.499992 
12598 0.499992 
12599 0.499992 
12600 0.499992 
12601 0.499992 
12602 0.499992 
12603 0.499992 
12604 0.499992 
12605 0.499992 
12606 0.499992 
12607 0.499992 
12608 0.499992 
12609 0.499992 
12610 0.499992 
12611 0.499992 
12612 0.499992 
12613 0.499992 
12614 0.499992 
12615 0.499992 
12616 0.499992 
12617 0.499992 
12618 0.499992 
12619 0.499992 
12620 0.499992 
12621 0.499992 
12622 0.499992 
12623 0.499992 
12624 0.499992 
12625 0.499992 
12626 0.499992 
12627 0.499992 
12628 0.499992 
12629 0.499992 
12630 0.499992 
12631 0.499992 
12632 0.499992 
12633 0.499992 
12634 0.499992 
12635 0.499992 
12636 0.499992 
12637 0.499992 
12638 0.499992 
12639 0.499992 
12640 0.499992 
12641 0.499992 
12642 0.499992 
12643 0.499992 
12644 0.499992 
12645 0.499992 
12646 0.499992 
12647 0.499992 
12648 0.499992 
12649 0.499992 
12650 0.499992 
12651 0.499992 
12652 0.499992 
12653 0.499992 
12654 0.499992 
12655 0.499992 
12656 0.499992 
12657 0.499992 
12658 0.499992 
12659 0.499992 
12660 0.499992 
12661 0.499992 
12662 0.499992 
12663 0.499992 
12664 0.499992 
12665 0.499992 
12666 0.499992 
12667 0.499992 
12668 0.499992 
12669 0.499992 
12670 0.499992 
12671 0.499992 
12672 0.499992 
12673 0.499992 
12674 0.499992 
12675 0.499992 
12676 0.499992 
12677 0.499992 
12678 0.499992 
12679 0.499992 
12680 0.499992 
12681 0.499992 
12682 0.499992 
12683 0.499992 
12684 0.499992 
12685 0.4999919 
12686 0.4999919 
12687 0.4999919 
12688 0.4999919 
12689 0.4999919 
12690 0.4999919 
12691 0.4999919 
12692 0.4999919 
12693 0.4999919 
12694 0.4999919 
12695 0.4999919 
12696 0.4999919 
12697 0.4999919 
12698 0.4999919 
12699 0.4999919 
12700 0.4999919 
12701 0.4999919 
12702 0.4999919 
12703 0.4999919 
12704 0.4999919 
12705 0.4999919 
12706 0.4999919 
12707 0.4999919 
12708 0.4999919 
12709 0.4999919 
12710 0.4999919 
12711 0.4999919 
12712 0.4999919 
12713 0.4999919 
12714 0.4999919 
12715 0.4999919 
12716 0.4999919 
12717 0.4999919 
12718 0.4999919 
12719 0.4999919 
12720 0.4999919 
12721 0.4999919 
12722 0.4999919 
12723 0.4999919 
12724 0.4999919 
12725 0.4999919 
12726 0.4999919 
12727 0.4999919 
12728 0.4999919 
12729 0.4999919 
12730 0.4999919 
12731 0.4999919 
12732 0.4999919 
12733 0.4999919 
12734 0.4999919 
12735 0.4999919 
12736 0.4999919 
12737 0.4999919 
12738 0.4999919 
12739 0.4999919 
12740 0.4999919 
12741 0.4999919 
12742 0.4999919 
12743 0.4999919 
12744 0.4999919 
12745 0.4999919 
12746 0.4999919 
12747 0.4999919 
12748 0.4999919 
12749 0.4999919 
12750 0.4999919 
12751 0.4999919 
12752 0.4999919 
12753 0.4999919 
12754 0.4999919 
12755 0.4999919 
12756 0.4999919 
12757 0.4999919 
12758 0.4999919 
12759 0.4999919 
12760 0.4999919 
12761 0.4999919 
12762 0.4999919 
12763 0.4999919 
12764 0.4999919 
12765 0.4999919 
12766 0.4999919 
12767 0.4999919 
12768 0.4999919 
12769 0.4999919 
12770 0.4999919 
12771 0.4999919 
12772 0.4999919 
12773 0.4999919 
12774 0.4999919 
12775 0.4999919 
12776 0.4999919 
12777 0.4999919 
12778 0.4999919 
12779 0.4999919 
12780 0.4999919 
12781 0.4999919 
12782 0.4999919 
12783 0.4999918 
12784 0.4999918 
12785 0.4999918 
12786 0.4999918 
12787 0.4999918 
12788 0.4999918 
12789 0.4999918 
12790 0.4999918 
12791 0.4999918 
12792 0.4999918 
12793 0.4999918 
12794 0.4999918 
12795 0.4999918 
12796 0.4999918 
12797 0.4999918 
12798 0.4999918 
12799 0.4999918 
12800 0.4999918 
12801 0.4999918 
12802 0.4999918 
12803 0.4999918 
12804 0.4999918 
12805 0.4999918 
12806 0.4999918 
12807 0.4999918 
12808 0.4999918 
12809 0.4999918 
12810 0.4999918 
12811 0.4999918 
12812 0.4999918 
12813 0.4999918 
12814 0.4999918 
12815 0.4999918 
12816 0.4999918 
12817 0.4999918 
12818 0.4999918 
12819 0.4999918 
12820 0.4999918 
12821 0.4999918 
12822 0.4999918 
12823 0.4999918 
12824 0.4999918 
12825 0.4999918 
12826 0.4999918 
12827 0.4999918 
12828 0.4999918 
12829 0.4999918 
12830 0.4999918 
12831 0.4999918 
12832 0.4999918 
12833 0.4999918 
12834 0.4999918 
12835 0.4999918 
12836 0.4999918 
12837 0.4999918 
12838 0.4999918 
12839 0.4999918 
12840 0.4999918 
12841 0.4999918 
12842 0.4999918 
12843 0.4999918 
12844 0.4999918 
12845 0.4999918 
12846 0.4999918 
12847 0.4999918 
12848 0.4999918 
12849 0.4999918 
12850 0.4999918 
12851 0.4999918 
12852 0.4999918 
12853 0.4999918 
12854 0.4999918 
12855 0.4999917 
12856 0.4999917 
12857 0.4999917 
12858 0.4999917 
12859 0.4999917 
12860 0.4999917 
12861 0.4999917 
12862 0.4999917 
12863 0.4999917 
12864 0.4999917 
12865 0.4999917 
12866 0.4999917 
12867 0.4999917 
12868 0.4999917 
12869 0.4999917 
12870 0.4999917 
12871 0.4999917 
12872 0.4999917 
12873 0.4999917 
12874 0.4999917 
12875 0.4999917 
12876 0.4999917 
12877 0.4999917 
12878 0.4999917 
12879 0.4999917 
12880 0.4999917 
12881 0.4999917 
12882 0.4999917 
12883 0.4999917 
12884 0.4999917 
12885 0.4999917 
12886 0.4999917 
12887 0.4999917 
12888 0.4999917 
12889 0.4999917 
12890 0.4999917 
12891 0.4999917 
12892 0.4999917 
12893 0.4999917 
12894 0.4999917 
12895 0.4999917 
12896 0.4999917 
12897 0.4999917 
12898 0.4999917 
12899 0.4999917 
12900 0.4999917 
12901 0.4999917 
12902 0.4999916 
12903 0.4999916 
12904 0.4999916 
12905 0.4999916 
12906 0.4999916 
12907 0.4999916 
12908 0.4999916 
12909 0.4999916 
12910 0.4999916 
12911 0.4999916 
12912 0.4999916 
12913 0.4999916 
12914 0.4999916 
12915 0.4999916 
12916 0.4999916 
12917 0.4999916 
12918 0.4999916 
12919 0.4999916 
12920 0.4999916 
12921 0.4999916 
12922 0.4999916 
12923 0.4999916 
12924 0.4999916 
12925 0.4999916 
12926 0.4999916 
12927 0.4999916 
12928 0.4999916 
12929 0.4999916 
12930 0.4999916 
12931 0.4999916 
12932 0.4999916 
12933 0.4999916 
12934 0.4999916 
12935 0.4999916 
12936 0.4999916 
12937 0.4999916 
12938 0.4999916 
12939 0.4999916 
12940 0.4999916 
12941 0.4999916 
12942 0.4999916 
12943 0.4999916 
12944 0.4999916 
12945 0.4999916 
12946 0.4999916 
12947 0.4999916 
12948 0.4999916 
12949 0.4999916 
12950 0.4999916 
12951 0.4999916 
12952 0.4999916 
12953 0.4999916 
12954 0.4999916 
12955 0.4999916 
12956 0.4999916 
12957 0.4999916 
12958 0.4999916 
12959 0.4999916 
12960 0.4999916 
12961 0.4999916 
12962 0.4999916 
12963 0.4999916 
12964 0.4999916 
12965 0.4999916 
12966 0.4999916 
12967 0.4999916 
12968 0.4999916 
12969 0.4999916 
12970 0.4999916 
12971 0.4999916 
12972 0.4999916 
12973 0.4999916 
12974 0.4999916 
12975 0.4999916 
12976 0.4999916 
12977 0.4999916 
12978 0.4999916 
12979 0.4999916 
12980 0.4999916 
12981 0.4999916 
12982 0.4999916 
12983 0.4999916 
12984 0.4999916 
12985 0.4999916 
12986 0.4999916 
12987 0.4999916 
12988 0.4999916 
12989 0.4999916 
12990 0.4999916 
12991 0.4999916 
12992 0.4999916 
12993 0.4999916 
12994 0.4999916 
12995 0.4999916 
12996 0.4999916 
12997 0.4999916 
12998 0.4999916 
12999 0.4999916 
13000 0.4999916 
13001 0.4999916 
13002 0.4999916 
13003 0.4999916 
13004 0.4999916 
13005 0.4999916 
13006 0.4999916 
13007 0.4999916 
13008 0.4999916 
13009 0.4999916 
13010 0.4999916 
13011 0.4999916 
13012 0.4999916 
13013 0.4999916 
13014 0.4999916 
13015 0.4999916 
13016 0.4999916 
13017 0.4999916 
13018 0.4999916 
13019 0.4999916 
13020 0.4999916 
13021 0.4999916 
13022 0.4999916 
13023 0.4999916 
13024 0.4999916 
13025 0.4999916 
13026 0.4999916 
13027 0.4999916 
13028 0.4999915 
13029 0.4999915 
13030 0.4999915 
13031 0.4999915 
13032 0.4999915 
13033 0.4999915 
13034 0.4999915 
13035 0.4999915 
13036 0.4999915 
13037 0.4999915 
13038 0.4999915 
13039 0.4999915 
13040 0.4999915 
13041 0.4999915 
13042 0.4999915 
13043 0.4999915 
13044 0.4999915 
13045 0.4999915 
13046 0.4999915 
13047 0.4999915 
13048 0.4999915 
13049 0.4999915 
13050 0.4999915 
13051 0.4999915 
13052 0.4999915 
13053 0.4999915 
13054 0.4999915 
13055 0.4999915 
13056 0.4999915 
13057 0.4999915 
13058 0.4999915 
13059 0.4999915 
13060 0.4999915 
13061 0.4999915 
13062 0.4999915 
13063 0.4999915 
13064 0.4999915 
13065 0.4999915 
13066 0.4999915 
13067 0.4999915 
13068 0.4999915 
13069 0.4999915 
13070 0.4999915 
13071 0.4999915 
13072 0.4999915 
13073 0.4999915 
13074 0.4999915 
13075 0.4999915 
13076 0.4999915 
13077 0.4999915 
13078 0.4999915 
13079 0.4999915 
13080 0.4999915 
13081 0.4999915 
13082 0.4999915 
13083 0.4999915 
13084 0.4999915 
13085 0.4999915 
13086 0.4999915 
13087 0.4999915 
13088 0.4999915 
13089 0.4999915 
13090 0.4999915 
13091 0.4999915 
13092 0.4999915 
13093 0.4999915 
13094 0.4999915 
13095 0.4999915 
13096 0.4999915 
13097 0.4999915 
13098 0.4999915 
13099 0.4999915 
13100 0.4999915 
13101 0.4999915 
13102 0.4999915 
13103 0.4999915 
13104 0.4999915 
13105 0.4999915 
13106 0.4999915 
13107 0.4999915 
13108 0.4999915 
13109 0.4999915 
13110 0.4999915 
13111 0.4999915 
13112 0.4999915 
13113 0.4999915 
13114 0.4999915 
13115 0.4999915 
13116 0.4999915 
13117 0.4999915 
13118 0.4999915 
13119 0.4999915 
13120 0.4999915 
13121 0.4999915 
13122 0.4999915 
13123 0.4999915 
13124 0.4999915 
13125 0.4999915 
13126 0.4999915 
13127 0.4999915 
13128 0.4999915 
13129 0.4999915 
13130 0.4999915 
13131 0.4999915 
13132 0.4999915 
13133 0.4999915 
13134 0.4999915 
13135 0.4999915 
13136 0.4999915 
13137 0.4999915 
13138 0.4999915 
13139 0.4999915 
13140 0.4999915 
13141 0.4999915 
13142 0.4999915 
13143 0.4999915 
13144 0.4999915 
13145 0.4999915 
13146 0.4999915 
13147 0.4999915 
13148 0.4999915 
13149 0.4999915 
13150 0.4999915 
13151 0.4999915 
13152 0.4999915 
13153 0.4999915 
13154 0.4999915 
13155 0.4999915 
13156 0.4999915 
13157 0.4999915 
13158 0.4999915 
13159 0.4999915 
13160 0.4999914 
13161 0.4999914 
13162 0.4999914 
13163 0.4999914 
13164 0.4999914 
13165 0.4999914 
13166 0.4999914 
13167 0.4999914 
13168 0.4999914 
13169 0.4999914 
13170 0.4999914 
13171 0.4999914 
13172 0.4999914 
13173 0.4999913 
13174 0.4999913 
13175 0.4999913 
13176 0.4999913 
13177 0.4999913 
13178 0.4999913 
13179 0.4999913 
13180 0.4999913 
13181 0.4999913 
13182 0.4999913 
13183 0.4999913 
13184 0.4999913 
13185 0.4999913 
13186 0.4999913 
13187 0.4999913 
13188 0.4999913 
13189 0.4999913 
13190 0.4999913 
13191 0.4999913 
13192 0.4999913 
13193 0.4999913 
13194 0.4999913 
13195 0.4999913 
13196 0.4999913 
13197 0.4999913 
13198 0.4999913 
13199 0.4999913 
13200 0.4999913 
13201 0.4999913 
13202 0.4999913 
13203 0.4999913 
13204 0.4999913 
13205 0.4999913 
13206 0.4999913 
13207 0.4999913 
13208 0.4999913 
13209 0.4999913 
13210 0.4999913 
13211 0.4999913 
13212 0.4999913 
13213 0.4999913 
13214 0.4999913 
13215 0.4999913 
13216 0.4999913 
13217 0.4999913 
13218 0.4999913 
13219 0.4999913 
13220 0.4999913 
13221 0.4999913 
13222 0.4999913 
13223 0.4999913 
13224 0.4999913 
13225 0.4999913 
13226 0.4999913 
13227 0.4999913 
13228 0.4999913 
13229 0.4999913 
13230 0.4999913 
13231 0.4999913 
13232 0.4999913 
13233 0.4999913 
13234 0.4999913 
13235 0.4999913 
13236 0.4999913 
13237 0.4999913 
13238 0.4999913 
13239 0.4999913 
13240 0.4999913 
13241 0.4999913 
13242 0.4999913 
13243 0.4999913 
13244 0.4999913 
13245 0.4999913 
13246 0.4999913 
13247 0.4999913 
13248 0.4999913 
13249 0.4999913 
13250 0.4999913 
13251 0.4999913 
13252 0.4999913 
13253 0.4999913 
13254 0.4999913 
13255 0.4999913 
13256 0.4999913 
13257 0.4999913 
13258 0.4999913 
13259 0.4999913 
13260 0.4999913 
13261 0.4999913 
13262 0.4999913 
13263 0.4999913 
13264 0.4999913 
13265 0.4999913 
13266 0.4999913 
13267 0.4999913 
13268 0.4999913 
13269 0.4999913 
13270 0.4999913 
13271 0.4999913 
13272 0.4999913 
13273 0.4999913 
13274 0.4999913 
13275 0.4999913 
13276 0.4999913 
13277 0.4999912 
13278 0.4999912 
13279 0.4999912 
13280 0.4999912 
13281 0.4999912 
13282 0.4999912 
13283 0.4999912 
13284 0.4999912 
13285 0.4999912 
13286 0.4999912 
13287 0.4999912 
13288 0.4999912 
13289 0.4999912 
13290 0.4999912 
13291 0.4999912 
13292 0.4999912 
13293 0.4999912 
13294 0.4999912 
13295 0.4999912 
13296 0.4999912 
13297 0.4999912 
13298 0.4999912 
13299 0.4999912 
13300 0.4999912 
13301 0.4999912 
13302 0.4999912 
13303 0.4999912 
13304 0.4999912 
13305 0.4999912 
13306 0.4999912 
13307 0.4999912 
13308 0.4999912 
13309 0.4999912 
13310 0.4999912 
13311 0.4999912 
13312 0.4999912 
13313 0.4999912 
13314 0.4999912 
13315 0.4999912 
13316 0.4999912 
13317 0.4999912 
13318 0.4999912 
13319 0.4999912 
13320 0.4999912 
13321 0.4999912 
13322 0.4999912 
13323 0.4999912 
13324 0.4999912 
13325 0.4999912 
13326 0.4999912 
13327 0.4999912 
13328 0.4999912 
13329 0.4999912 
13330 0.4999912 
13331 0.4999912 
13332 0.4999912 
13333 0.4999912 
13334 0.4999911 
13335 0.4999911 
13336 0.4999911 
13337 0.4999911 
13338 0.4999911 
13339 0.4999911 
13340 0.4999911 
13341 0.4999911 
13342 0.4999911 
13343 0.4999911 
13344 0.4999911 
13345 0.4999911 
13346 0.4999911 
13347 0.4999911 
13348 0.4999911 
13349 0.4999911 
13350 0.4999911 
13351 0.4999911 
13352 0.4999911 
13353 0.4999911 
13354 0.4999911 
13355 0.4999911 
13356 0.4999911 
13357 0.4999911 
13358 0.4999911 
13359 0.4999911 
13360 0.4999911 
13361 0.4999911 
13362 0.4999911 
13363 0.4999911 
13364 0.4999911 
13365 0.4999911 
13366 0.499991 
13367 0.499991 
13368 0.499991 
13369 0.499991 
13370 0.499991 
13371 0.499991 
13372 0.499991 
13373 0.499991 
13374 0.499991 
13375 0.499991 
13376 0.499991 
13377 0.499991 
13378 0.499991 
13379 0.499991 
13380 0.499991 
13381 0.499991 
13382 0.499991 
13383 0.499991 
13384 0.499991 
13385 0.499991 
13386 0.499991 
13387 0.499991 
13388 0.499991 
13389 0.499991 
13390 0.499991 
13391 0.499991 
13392 0.499991 
13393 0.499991 
13394 0.499991 
13395 0.499991 
13396 0.499991 
13397 0.499991 
13398 0.499991 
13399 0.499991 
13400 0.4999909 
13401 0.4999909 
13402 0.4999909 
13403 0.4999909 
13404 0.4999909 
13405 0.4999909 
13406 0.4999909 
13407 0.4999909 
13408 0.4999909 
13409 0.4999909 
13410 0.4999909 
13411 0.4999909 
13412 0.4999909 
13413 0.4999909 
13414 0.4999909 
13415 0.4999909 
13416 0.4999909 
13417 0.4999909 
13418 0.4999909 
13419 0.4999909 
13420 0.4999909 
13421 0.4999909 
13422 0.4999909 
13423 0.4999909 
13424 0.4999909 
13425 0.4999909 
13426 0.4999909 
13427 0.4999909 
13428 0.4999909 
13429 0.4999909 
13430 0.4999909 
13431 0.4999909 
13432 0.4999909 
13433 0.4999909 
13434 0.4999909 
13435 0.4999909 
13436 0.4999909 
13437 0.4999909 
13438 0.4999909 
13439 0.4999909 
13440 0.4999909 
13441 0.4999909 
13442 0.4999909 
13443 0.4999909 
13444 0.4999909 
13445 0.4999909 
13446 0.4999909 
13447 0.4999909 
13448 0.4999909 
13449 0.4999909 
13450 0.4999909 
13451 0.4999909 
13452 0.4999909 
13453 0.4999909 
13454 0.4999909 
13455 0.4999909 
13456 0.4999909 
13457 0.4999909 
13458 0.4999909 
13459 0.4999909 
13460 0.4999909 
13461 0.4999909 
13462 0.4999909 
13463 0.4999909 
13464 0.4999909 
13465 0.4999909 
13466 0.4999909 
13467 0.4999908 
13468 0.4999908 
13469 0.4999908 
13470 0.4999908 
13471 0.4999908 
13472 0.4999908 
13473 0.4999908 
13474 0.4999908 
13475 0.4999908 
13476 0.4999908 
13477 0.4999908 
13478 0.4999908 
13479 0.4999908 
13480 0.4999908 
13481 0.4999908 
13482 0.4999908 
13483 0.4999908 
13484 0.4999908 
13485 0.4999908 
13486 0.4999908 
13487 0.4999908 
13488 0.4999908 
13489 0.4999908 
13490 0.4999908 
13491 0.4999908 
13492 0.4999908 
13493 0.4999908 
13494 0.4999908 
13495 0.4999908 
13496 0.4999908 
13497 0.4999908 
13498 0.4999908 
13499 0.4999908 
13500 0.4999908 
13501 0.4999908 
13502 0.4999908 
13503 0.4999908 
13504 0.4999908 
13505 0.4999908 
13506 0.4999908 
13507 0.4999908 
13508 0.4999908 
13509 0.4999908 
13510 0.4999908 
13511 0.4999908 
13512 0.4999908 
13513 0.4999908 
13514 0.4999908 
13515 0.4999908 
13516 0.4999908 
13517 0.4999908 
13518 0.4999908 
13519 0.4999908 
13520 0.4999908 
13521 0.4999908 
13522 0.4999908 
13523 0.4999908 
13524 0.4999908 
13525 0.4999907 
13526 0.4999907 
13527 0.4999907 
13528 0.4999907 
13529 0.4999907 
13530 0.4999907 
13531 0.4999907 
13532 0.4999907 
13533 0.4999907 
13534 0.4999907 
13535 0.4999907 
13536 0.4999906 
13537 0.4999906 
13538 0.4999906 
13539 0.4999906 
13540 0.4999906 
13541 0.4999906 
13542 0.4999906 
13543 0.4999906 
13544 0.4999906 
13545 0.4999906 
13546 0.4999906 
13547 0.4999906 
13548 0.4999906 
13549 0.4999906 
13550 0.4999906 
13551 0.4999906 
13552 0.4999906 
13553 0.4999906 
13554 0.4999906 
13555 0.4999906 
13556 0.4999906 
13557 0.4999906 
13558 0.4999906 
13559 0.4999906 
13560 0.4999906 
13561 0.4999906 
13562 0.4999906 
13563 0.4999906 
13564 0.4999906 
13565 0.4999906 
13566 0.4999906 
13567 0.4999906 
13568 0.4999906 
13569 0.4999906 
13570 0.4999906 
13571 0.4999906 
13572 0.4999906 
13573 0.4999906 
13574 0.4999906 
13575 0.4999906 
13576 0.4999906 
13577 0.4999906 
13578 0.4999906 
13579 0.4999906 
13580 0.4999906 
13581 0.4999906 
13582 0.4999906 
13583 0.4999906 
13584 0.4999906 
13585 0.4999906 
13586 0.4999906 
13587 0.4999906 
13588 0.4999906 
13589 0.4999906 
13590 0.4999906 
13591 0.4999906 
13592 0.4999906 
13593 0.4999906 
13594 0.4999906 
13595 0.4999906 
13596 0.4999906 
13597 0.4999906 
13598 0.4999906 
13599 0.4999906 
13600 0.4999906 
13601 0.4999906 
13602 0.4999906 
13603 0.4999906 
13604 0.4999906 
13605 0.4999906 
13606 0.4999906 
13607 0.4999905 
13608 0.4999905 
13609 0.4999905 
13610 0.4999905 
13611 0.4999905 
13612 0.4999905 
13613 0.4999905 
13614 0.4999905 
13615 0.4999905 
13616 0.4999905 
13617 0.4999905 
13618 0.4999905 
13619 0.4999905 
13620 0.4999905 
13621 0.4999905 
13622 0.4999905 
13623 0.4999905 
13624 0.4999905 
13625 0.4999905 
13626 0.4999905 
13627 0.4999905 
13628 0.4999905 
13629 0.4999905 
13630 0.4999905 
13631 0.4999905 
13632 0.4999905 
13633 0.4999905 
13634 0.4999905 
13635 0.4999905 
13636 0.4999905 
13637 0.4999905 
13638 0.4999905 
13639 0.4999905 
13640 0.4999905 
13641 0.4999905 
13642 0.4999905 
13643 0.4999905 
13644 0.4999905 
13645 0.4999905 
13646 0.4999905 
13647 0.4999905 
13648 0.4999905 
13649 0.4999905 
13650 0.4999905 
13651 0.4999905 
13652 0.4999905 
13653 0.4999905 
13654 0.4999905 
13655 0.4999905 
13656 0.4999905 
13657 0.4999905 
13658 0.4999905 
13659 0.4999905 
13660 0.4999905 
13661 0.4999905 
13662 0.4999905 
13663 0.4999905 
13664 0.4999905 
13665 0.4999905 
13666 0.4999905 
13667 0.4999905 
13668 0.4999905 
13669 0.4999905 
13670 0.4999905 
13671 0.4999905 
13672 0.4999905 
13673 0.4999905 
13674 0.4999905 
13675 0.4999905 
13676 0.4999905 
13677 0.4999905 
13678 0.4999905 
13679 0.4999905 
13680 0.4999905 
13681 0.4999905 
13682 0.4999905 
13683 0.4999905 
13684 0.4999904 
13685 0.4999904 
13686 0.4999904 
13687 0.4999904 
13688 0.4999904 
13689 0.4999904 
13690 0.4999904 
13691 0.4999904 
13692 0.4999904 
13693 0.4999904 
13694 0.4999904 
13695 0.4999904 
13696 0.4999903 
13697 0.4999903 
13698 0.4999903 
13699 0.4999903 
13700 0.4999903 
13701 0.4999903 
13702 0.4999903 
13703 0.4999903 
13704 0.4999903 
13705 0.4999903 
13706 0.4999903 
13707 0.4999903 
13708 0.4999903 
13709 0.4999903 
13710 0.4999903 
13711 0.4999903 
13712 0.4999903 
13713 0.4999903 
13714 0.4999903 
13715 0.4999903 
13716 0.4999903 
13717 0.4999903 
13718 0.4999903 
13719 0.4999903 
13720 0.4999903 
13721 0.4999903 
13722 0.4999903 
13723 0.4999903 
13724 0.4999903 
13725 0.4999903 
13726 0.4999903 
13727 0.4999903 
13728 0.4999903 
13729 0.4999903 
13730 0.4999903 
13731 0.4999903 
13732 0.4999903 
13733 0.4999903 
13734 0.4999903 
13735 0.4999903 
13736 0.4999903 
13737 0.4999903 
13738 0.4999903 
13739 0.4999903 
13740 0.4999903 
13741 0.4999903 
13742 0.4999903 
13743 0.4999903 
13744 0.4999903 
13745 0.4999903 
13746 0.4999902 
13747 0.4999902 
13748 0.4999902 
13749 0.4999902 
13750 0.4999902 
13751 0.4999902 
13752 0.4999902 
13753 0.4999902 
13754 0.4999902 
13755 0.4999902 
13756 0.4999902 
13757 0.4999902 
13758 0.4999902 
13759 0.4999902 
13760 0.4999902 
13761 0.4999902 
13762 0.4999902 
13763 0.4999902 
13764 0.4999902 
13765 0.4999902 
13766 0.4999902 
13767 0.4999902 
13768 0.4999902 
13769 0.4999902 
13770 0.4999902 
13771 0.4999902 
13772 0.4999902 
13773 0.4999902 
13774 0.4999902 
13775 0.4999902 
13776 0.4999902 
13777 0.4999902 
13778 0.4999902 
13779 0.4999902 
13780 0.4999902 
13781 0.4999902 
13782 0.4999902 
13783 0.4999902 
13784 0.4999902 
13785 0.4999902 
13786 0.4999902 
13787 0.4999902 
13788 0.4999902 
13789 0.4999902 
13790 0.4999902 
13791 0.4999902 
13792 0.4999902 
13793 0.4999902 
13794 0.4999902 
13795 0.4999902 
13796 0.4999902 
13797 0.4999902 
13798 0.4999902 
13799 0.4999902 
13800 0.4999902 
13801 0.4999902 
13802 0.4999902 
13803 0.4999902 
13804 0.4999902 
13805 0.4999902 
13806 0.4999902 
13807 0.4999902 
13808 0.4999902 
13809 0.4999902 
13810 0.4999902 
13811 0.4999902 
13812 0.4999902 
13813 0.4999901 
13814 0.4999901 
13815 0.4999901 
13816 0.4999901 
13817 0.4999901 
13818 0.4999901 
13819 0.4999901 
13820 0.4999901 
13821 0.4999901 
13822 0.4999901 
13823 0.4999901 
13824 0.4999901 
13825 0.4999901 
13826 0.4999901 
13827 0.4999901 
13828 0.4999901 
13829 0.4999901 
13830 0.4999901 
13831 0.4999901 
13832 0.4999901 
13833 0.4999901 
13834 0.4999901 
13835 0.4999901 
13836 0.4999901 
13837 0.4999901 
13838 0.4999901 
13839 0.4999901 
13840 0.4999901 
13841 0.4999901 
13842 0.4999901 
13843 0.4999901 
13844 0.4999901 
13845 0.4999901 
13846 0.4999901 
13847 0.4999901 
13848 0.4999901 
13849 0.4999901 
13850 0.4999901 
13851 0.4999901 
13852 0.4999901 
13853 0.4999901 
13854 0.4999901 
13855 0.4999901 
13856 0.4999901 
13857 0.4999901 
13858 0.4999901 
13859 0.4999901 
13860 0.4999901 
13861 0.4999901 
13862 0.4999901 
13863 0.4999901 
13864 0.4999901 
13865 0.4999901 
13866 0.4999901 
13867 0.4999901 
13868 0.4999901 
13869 0.4999901 
13870 0.4999901 
13871 0.4999901 
13872 0.4999901 
13873 0.4999901 
13874 0.4999901 
13875 0.4999901 
13876 0.4999901 
13877 0.4999901 
13878 0.4999901 
13879 0.49999 
13880 0.49999 
13881 0.49999 
13882 0.49999 
13883 0.49999 
13884 0.49999 
13885 0.49999 
13886 0.49999 
13887 0.49999 
13888 0.49999 
13889 0.49999 
13890 0.49999 
13891 0.49999 
13892 0.49999 
13893 0.49999 
13894 0.49999 
13895 0.49999 
13896 0.49999 
13897 0.49999 
13898 0.49999 
13899 0.49999 
13900 0.49999 
13901 0.49999 
13902 0.49999 
13903 0.49999 
13904 0.49999 
13905 0.49999 
13906 0.49999 
13907 0.4999899 
13908 0.4999899 
13909 0.4999899 
13910 0.4999899 
13911 0.4999899 
13912 0.4999899 
13913 0.4999899 
13914 0.4999899 
13915 0.4999899 
13916 0.4999899 
13917 0.4999899 
13918 0.4999899 
13919 0.4999899 
13920 0.4999899 
13921 0.4999899 
13922 0.4999899 
13923 0.4999899 
13924 0.4999899 
13925 0.4999899 
13926 0.4999899 
13927 0.4999899 
13928 0.4999899 
13929 0.4999899 
13930 0.4999899 
13931 0.4999899 
13932 0.4999899 
13933 0.4999899 
13934 0.4999899 
13935 0.4999899 
13936 0.4999899 
13937 0.4999899 
13938 0.4999899 
13939 0.4999899 
13940 0.4999899 
13941 0.4999899 
13942 0.4999899 
13943 0.4999899 
13944 0.4999899 
13945 0.4999899 
13946 0.4999899 
13947 0.4999899 
13948 0.4999899 
13949 0.4999899 
13950 0.4999899 
13951 0.4999899 
13952 0.4999899 
13953 0.4999899 
13954 0.4999899 
13955 0.4999899 
13956 0.4999899 
13957 0.4999899 
13958 0.4999899 
13959 0.4999899 
13960 0.4999899 
13961 0.4999899 
13962 0.4999899 
13963 0.4999899 
13964 0.4999899 
13965 0.4999899 
13966 0.4999899 
13967 0.4999899 
13968 0.4999899 
13969 0.4999899 
13970 0.4999899 
13971 0.4999899 
13972 0.4999899 
13973 0.4999899 
13974 0.4999899 
13975 0.4999899 
13976 0.4999899 
13977 0.4999899 
13978 0.4999898 
13979 0.4999898 
13980 0.4999898 
13981 0.4999898 
13982 0.4999898 
13983 0.4999898 
13984 0.4999898 
13985 0.4999898 
13986 0.4999898 
13987 0.4999898 
13988 0.4999898 
13989 0.4999898 
13990 0.4999898 
13991 0.4999898 
13992 0.4999898 
13993 0.4999898 
13994 0.4999898 
13995 0.4999898 
13996 0.4999898 
13997 0.4999898 
13998 0.4999898 
13999 0.4999898 
14000 0.4999898 
14001 0.4999898 
14002 0.4999898 
14003 0.4999898 
14004 0.4999898 
14005 0.4999898 
14006 0.4999898 
14007 0.4999898 
14008 0.4999898 
14009 0.4999898 
14010 0.4999898 
14011 0.4999898 
14012 0.4999898 
14013 0.4999898 
14014 0.4999898 
14015 0.4999898 
14016 0.4999898 
14017 0.4999898 
14018 0.4999898 
14019 0.4999898 
14020 0.4999898 
14021 0.4999898 
14022 0.4999898 
14023 0.4999898 
14024 0.4999898 
14025 0.4999898 
14026 0.4999898 
14027 0.4999898 
14028 0.4999898 
14029 0.4999898 
14030 0.4999898 
14031 0.4999898 
14032 0.4999898 
14033 0.4999898 
14034 0.4999898 
14035 0.4999898 
14036 0.4999898 
14037 0.4999898 
14038 0.4999898 
14039 0.4999898 
14040 0.4999898 
14041 0.4999898 
14042 0.4999898 
14043 0.4999898 
14044 0.4999898 
14045 0.4999898 
14046 0.4999898 
14047 0.4999898 
14048 0.4999898 
14049 0.4999898 
14050 0.4999898 
14051 0.4999898 
14052 0.4999898 
14053 0.4999898 
14054 0.4999898 
14055 0.4999898 
14056 0.4999897 
14057 0.4999897 
14058 0.4999897 
14059 0.4999897 
14060 0.4999897 
14061 0.4999897 
14062 0.4999897 
14063 0.4999897 
14064 0.4999897 
14065 0.4999897 
14066 0.4999897 
14067 0.4999897 
14068 0.4999897 
14069 0.4999897 
14070 0.4999897 
14071 0.4999897 
14072 0.4999897 
14073 0.4999897 
14074 0.4999896 
14075 0.4999896 
14076 0.4999896 
14077 0.4999896 
14078 0.4999896 
14079 0.4999896 
14080 0.4999896 
14081 0.4999896 
14082 0.4999896 
14083 0.4999896 
14084 0.4999896 
14085 0.4999896 
14086 0.4999896 
14087 0.4999896 
14088 0.4999896 
14089 0.4999896 
14090 0.4999896 
14091 0.4999896 
14092 0.4999896 
14093 0.4999896 
14094 0.4999896 
14095 0.4999896 
14096 0.4999896 
14097 0.4999896 
14098 0.4999896 
14099 0.4999896 
14100 0.4999896 
14101 0.4999896 
14102 0.4999896 
14103 0.4999896 
14104 0.4999896 
14105 0.4999896 
14106 0.4999896 
14107 0.4999896 
14108 0.4999896 
14109 0.4999896 
14110 0.4999896 
14111 0.4999896 
14112 0.4999896 
14113 0.4999896 
14114 0.4999896 
14115 0.4999896 
14116 0.4999896 
14117 0.4999896 
14118 0.4999896 
14119 0.4999896 
14120 0.4999896 
14121 0.4999896 
14122 0.4999896 
14123 0.4999896 
14124 0.4999896 
14125 0.4999896 
14126 0.4999896 
14127 0.4999896 
14128 0.4999896 
14129 0.4999896 
14130 0.4999896 
14131 0.4999896 
14132 0.4999896 
14133 0.4999896 
14134 0.4999896 
14135 0.4999896 
14136 0.4999896 
14137 0.4999896 
14138 0.4999896 
14139 0.4999896 
14140 0.4999895 
14141 0.4999895 
14142 0.4999895 
14143 0.4999895 
14144 0.4999895 
14145 0.4999895 
14146 0.4999895 
14147 0.4999895 
14148 0.4999895 
14149 0.4999895 
14150 0.4999895 
14151 0.4999895 
14152 0.4999895 
14153 0.4999895 
14154 0.4999895 
14155 0.4999895 
14156 0.4999895 
14157 0.4999895 
14158 0.4999895 
14159 0.4999895 
14160 0.4999895 
14161 0.4999895 
14162 0.4999895 
14163 0.4999895 
14164 0.4999895 
14165 0.4999895 
14166 0.4999895 
14167 0.4999895 
14168 0.4999895 
14169 0.4999895 
14170 0.4999895 
14171 0.4999895 
14172 0.4999895 
14173 0.4999895 
14174 0.4999895 
14175 0.4999895 
14176 0.4999895 
14177 0.4999895 
14178 0.4999895 
14179 0.4999895 
14180 0.4999895 
14181 0.4999895 
14182 0.4999895 
14183 0.4999895 
14184 0.4999895 
14185 0.4999895 
14186 0.4999895 
14187 0.4999895 
14188 0.4999895 
14189 0.4999895 
14190 0.4999895 
14191 0.4999895 
14192 0.4999895 
14193 0.4999895 
14194 0.4999895 
14195 0.4999895 
14196 0.4999895 
14197 0.4999895 
14198 0.4999895 
14199 0.4999895 
14200 0.4999895 
14201 0.4999895 
14202 0.4999895 
14203 0.4999895 
14204 0.4999895 
14205 0.4999895 
14206 0.4999895 
14207 0.4999895 
14208 0.4999895 
14209 0.4999895 
14210 0.4999895 
14211 0.4999895 
14212 0.4999895 
14213 0.4999895 
14214 0.4999895 
14215 0.4999895 
14216 0.4999895 
14217 0.4999895 
14218 0.4999895 
14219 0.4999895 
14220 0.4999895 
14221 0.4999895 
14222 0.4999895 
14223 0.4999895 
14224 0.4999895 
14225 0.4999895 
14226 0.4999895 
14227 0.4999895 
14228 0.4999895 
14229 0.4999895 
14230 0.4999895 
14231 0.4999895 
14232 0.4999895 
14233 0.4999895 
14234 0.4999895 
14235 0.4999895 
14236 0.4999895 
14237 0.4999894 
14238 0.4999894 
14239 0.4999894 
14240 0.4999894 
14241 0.4999894 
14242 0.4999894 
14243 0.4999894 
14244 0.4999894 
14245 0.4999894 
14246 0.4999894 
14247 0.4999894 
14248 0.4999894 
14249 0.4999894 
14250 0.4999894 
14251 0.4999894 
14252 0.4999894 
14253 0.4999894 
14254 0.4999894 
14255 0.4999894 
14256 0.4999894 
14257 0.4999894 
14258 0.4999894 
14259 0.4999894 
14260 0.4999894 
14261 0.4999894 
14262 0.4999894 
14263 0.4999894 
14264 0.4999894 
14265 0.4999894 
14266 0.4999894 
14267 0.4999894 
14268 0.4999894 
14269 0.4999894 
14270 0.4999894 
14271 0.4999894 
14272 0.4999894 
14273 0.4999894 
14274 0.4999894 
14275 0.4999894 
14276 0.4999894 
14277 0.4999894 
14278 0.4999894 
14279 0.4999894 
14280 0.4999894 
14281 0.4999894 
14282 0.4999894 
14283 0.4999894 
14284 0.4999894 
14285 0.4999894 
14286 0.4999894 
14287 0.4999894 
14288 0.4999894 
14289 0.4999894 
14290 0.4999894 
14291 0.4999894 
14292 0.4999894 
14293 0.4999894 
14294 0.4999893 
14295 0.4999893 
14296 0.4999893 
14297 0.4999893 
14298 0.4999893 
14299 0.4999893 
14300 0.4999893 
14301 0.4999893 
14302 0.4999893 
14303 0.4999893 
14304 0.4999893 
14305 0.4999893 
14306 0.4999893 
14307 0.4999893 
14308 0.4999893 
14309 0.4999893 
14310 0.4999893 
14311 0.4999893 
14312 0.4999893 
14313 0.4999893 
14314 0.4999893 
14315 0.4999893 
14316 0.4999893 
14317 0.4999893 
14318 0.4999893 
14319 0.4999893 
14320 0.4999893 
14321 0.4999893 
14322 0.4999893 
14323 0.4999893 
14324 0.4999893 
14325 0.4999893 
14326 0.4999893 
14327 0.4999893 
14328 0.4999893 
14329 0.4999893 
14330 0.4999892 
14331 0.4999892 
14332 0.4999892 
14333 0.4999892 
14334 0.4999892 
14335 0.4999892 
14336 0.4999892 
14337 0.4999892 
14338 0.4999892 
14339 0.4999892 
14340 0.4999892 
14341 0.4999892 
14342 0.4999892 
14343 0.4999892 
14344 0.4999892 
14345 0.4999892 
14346 0.4999892 
14347 0.4999892 
14348 0.4999892 
14349 0.4999892 
14350 0.4999892 
14351 0.4999892 
14352 0.4999892 
14353 0.4999892 
14354 0.4999892 
14355 0.4999892 
14356 0.4999892 
14357 0.4999892 
14358 0.4999892 
14359 0.4999892 
14360 0.4999892 
14361 0.4999892 
14362 0.4999892 
14363 0.4999892 
14364 0.4999892 
14365 0.4999892 
14366 0.4999892 
14367 0.4999892 
14368 0.4999892 
14369 0.4999892 
14370 0.4999892 
14371 0.4999892 
14372 0.4999892 
14373 0.4999892 
14374 0.4999892 
14375 0.4999892 
14376 0.4999892 
14377 0.4999892 
14378 0.4999892 
14379 0.4999892 
14380 0.4999892 
14381 0.4999892 
14382 0.4999892 
14383 0.4999892 
14384 0.4999892 
14385 0.4999892 
14386 0.4999892 
14387 0.4999892 
14388 0.4999892 
14389 0.4999892 
14390 0.4999892 
14391 0.4999892 
14392 0.4999892 
14393 0.4999891 
14394 0.4999891 
14395 0.4999891 
14396 0.4999891 
14397 0.4999891 
14398 0.4999891 
14399 0.4999891 
14400 0.4999891 
14401 0.4999891 
14402 0.4999891 
14403 0.4999891 
14404 0.4999891 
14405 0.4999891 
14406 0.4999891 
14407 0.4999891 
14408 0.4999891 
14409 0.4999891 
14410 0.4999891 
14411 0.4999891 
14412 0.4999891 
14413 0.4999891 
14414 0.4999891 
14415 0.4999891 
14416 0.4999891 
14417 0.4999891 
14418 0.4999891 
14419 0.4999891 
14420 0.4999891 
14421 0.4999891 
14422 0.4999891 
14423 0.4999891 
14424 0.4999891 
14425 0.4999891 
14426 0.4999891 
14427 0.4999891 
14428 0.4999891 
14429 0.4999891 
14430 0.4999891 
14431 0.4999891 
14432 0.4999891 
14433 0.4999891 
14434 0.4999891 
14435 0.4999891 
14436 0.4999891 
14437 0.4999891 
14438 0.4999891 
14439 0.4999891 
14440 0.4999891 
14441 0.4999891 
14442 0.4999891 
14443 0.4999891 
14444 0.4999891 
14445 0.4999891 
14446 0.4999891 
14447 0.4999891 
14448 0.4999891 
14449 0.4999891 
14450 0.4999891 
14451 0.4999891 
14452 0.4999891 
14453 0.4999891 
14454 0.4999891 
14455 0.4999891 
14456 0.4999891 
14457 0.4999891 
14458 0.4999891 
14459 0.4999891 
14460 0.4999891 
14461 0.4999891 
14462 0.4999891 
14463 0.4999891 
14464 0.4999891 
14465 0.4999891 
14466 0.4999891 
14467 0.4999891 
14468 0.4999891 
14469 0.4999891 
14470 0.4999891 
14471 0.4999891 
14472 0.4999891 
14473 0.4999891 
14474 0.4999891 
14475 0.4999891 
14476 0.4999891 
14477 0.4999891 
14478 0.4999891 
14479 0.4999891 
14480 0.4999891 
14481 0.499989 
14482 0.499989 
14483 0.499989 
14484 0.499989 
14485 0.499989 
14486 0.4999889 
14487 0.4999889 
14488 0.4999889 
14489 0.4999889 
14490 0.4999889 
14491 0.4999889 
14492 0.4999889 
14493 0.4999889 
14494 0.4999889 
14495 0.4999889 
14496 0.4999889 
14497 0.4999889 
14498 0.4999889 
14499 0.4999889 
14500 0.4999889 
14501 0.4999889 
14502 0.4999889 
14503 0.4999889 
14504 0.4999889 
14505 0.4999889 
14506 0.4999889 
14507 0.4999889 
14508 0.4999889 
14509 0.4999889 
14510 0.4999889 
14511 0.4999889 
14512 0.4999889 
14513 0.4999889 
14514 0.4999889 
14515 0.4999889 
14516 0.4999889 
14517 0.4999889 
14518 0.4999889 
14519 0.4999889 
14520 0.4999889 
14521 0.4999889 
14522 0.4999889 
14523 0.4999889 
14524 0.4999889 
14525 0.4999889 
14526 0.4999889 
14527 0.4999889 
14528 0.4999889 
14529 0.4999889 
14530 0.4999889 
14531 0.4999889 
14532 0.4999889 
14533 0.4999889 
14534 0.4999889 
14535 0.4999889 
14536 0.4999889 
14537 0.4999889 
14538 0.4999889 
14539 0.4999889 
14540 0.4999889 
14541 0.4999889 
14542 0.4999889 
14543 0.4999889 
14544 0.4999889 
14545 0.4999889 
14546 0.4999889 
14547 0.4999889 
14548 0.4999889 
14549 0.4999889 
14550 0.4999889 
14551 0.4999889 
14552 0.4999889 
14553 0.4999889 
14554 0.4999889 
14555 0.4999889 
14556 0.4999889 
14557 0.4999889 
14558 0.4999889 
14559 0.4999889 
14560 0.4999889 
14561 0.4999889 
14562 0.4999889 
14563 0.4999889 
14564 0.4999889 
14565 0.4999889 
14566 0.4999889 
14567 0.4999888 
14568 0.4999888 
14569 0.4999888 
14570 0.4999888 
14571 0.4999888 
14572 0.4999888 
14573 0.4999888 
14574 0.4999888 
14575 0.4999888 
14576 0.4999888 
14577 0.4999888 
14578 0.4999888 
14579 0.4999888 
14580 0.4999888 
14581 0.4999888 
14582 0.4999888 
14583 0.4999888 
14584 0.4999888 
14585 0.4999888 
14586 0.4999888 
14587 0.4999888 
14588 0.4999888 
14589 0.4999888 
14590 0.4999888 
14591 0.4999888 
14592 0.4999888 
14593 0.4999888 
14594 0.4999888 
14595 0.4999888 
14596 0.4999888 
14597 0.4999888 
14598 0.4999888 
14599 0.4999888 
14600 0.4999888 
14601 0.4999888 
14602 0.4999888 
14603 0.4999888 
14604 0.4999888 
14605 0.4999888 
14606 0.4999888 
14607 0.4999888 
14608 0.4999888 
14609 0.4999888 
14610 0.4999888 
14611 0.4999888 
14612 0.4999888 
14613 0.4999888 
14614 0.4999888 
14615 0.4999888 
14616 0.4999888 
14617 0.4999888 
14618 0.4999888 
14619 0.4999888 
14620 0.4999888 
14621 0.4999888 
14622 0.4999888 
14623 0.4999888 
14624 0.4999888 
14625 0.4999888 
14626 0.4999888 
14627 0.4999888 
14628 0.4999888 
14629 0.4999888 
14630 0.4999888 
14631 0.4999888 
14632 0.4999888 
14633 0.4999888 
14634 0.4999888 
14635 0.4999888 
14636 0.4999888 
14637 0.4999888 
14638 0.4999888 
14639 0.4999888 
14640 0.4999888 
14641 0.4999888 
14642 0.4999888 
14643 0.4999888 
14644 0.4999888 
14645 0.4999888 
14646 0.4999888 
14647 0.4999888 
14648 0.4999888 
14649 0.4999888 
14650 0.4999888 
14651 0.4999888 
14652 0.4999888 
14653 0.4999888 
14654 0.4999888 
14655 0.4999888 
14656 0.4999888 
14657 0.4999888 
14658 0.4999888 
14659 0.4999888 
14660 0.4999888 
14661 0.4999888 
14662 0.4999887 
14663 0.4999887 
14664 0.4999887 
14665 0.4999887 
14666 0.4999887 
14667 0.4999887 
14668 0.4999887 
14669 0.4999887 
14670 0.4999887 
14671 0.4999887 
14672 0.4999887 
14673 0.4999887 
14674 0.4999887 
14675 0.4999887 
14676 0.4999887 
14677 0.4999887 
14678 0.4999887 
14679 0.4999887 
14680 0.4999887 
14681 0.4999886 
14682 0.4999886 
14683 0.4999886 
14684 0.4999886 
14685 0.4999886 
14686 0.4999886 
14687 0.4999886 
14688 0.4999886 
14689 0.4999886 
14690 0.4999886 
14691 0.4999886 
14692 0.4999886 
14693 0.4999886 
14694 0.4999886 
14695 0.4999886 
14696 0.4999886 
14697 0.4999886 
14698 0.4999886 
14699 0.4999886 
14700 0.4999886 
14701 0.4999886 
14702 0.4999886 
14703 0.4999886 
14704 0.4999886 
14705 0.4999886 
14706 0.4999886 
14707 0.4999886 
14708 0.4999886 
14709 0.4999886 
14710 0.4999886 
14711 0.4999886 
14712 0.4999886 
14713 0.4999886 
14714 0.4999886 
14715 0.4999886 
14716 0.4999886 
14717 0.4999886 
14718 0.4999886 
14719 0.4999886 
14720 0.4999886 
14721 0.4999886 
14722 0.4999886 
14723 0.4999886 
14724 0.4999886 
14725 0.4999886 
14726 0.4999886 
14727 0.4999886 
14728 0.4999886 
14729 0.4999886 
14730 0.4999886 
14731 0.4999886 
14732 0.4999886 
14733 0.4999886 
14734 0.4999886 
14735 0.4999886 
14736 0.4999886 
14737 0.4999886 
14738 0.4999886 
14739 0.4999886 
14740 0.4999885 
14741 0.4999885 
14742 0.4999885 
14743 0.4999885 
14744 0.4999885 
14745 0.4999885 
14746 0.4999885 
14747 0.4999885 
14748 0.4999885 
14749 0.4999885 
14750 0.4999885 
14751 0.4999885 
14752 0.4999885 
14753 0.4999885 
14754 0.4999885 
14755 0.4999885 
14756 0.4999885 
14757 0.4999885 
14758 0.4999885 
14759 0.4999885 
14760 0.4999885 
14761 0.4999885 
14762 0.4999885 
14763 0.4999885 
14764 0.4999885 
14765 0.4999885 
14766 0.4999885 
14767 0.4999885 
14768 0.4999885 
14769 0.4999885 
14770 0.4999885 
14771 0.4999885 
14772 0.4999885 
14773 0.4999885 
14774 0.4999885 
14775 0.4999885 
14776 0.4999885 
14777 0.4999885 
14778 0.4999885 
14779 0.4999885 
14780 0.4999885 
14781 0.4999885 
14782 0.4999885 
14783 0.4999885 
14784 0.4999885 
14785 0.4999885 
14786 0.4999885 
14787 0.4999885 
14788 0.4999885 
14789 0.4999885 
14790 0.4999885 
14791 0.4999885 
14792 0.4999885 
14793 0.4999885 
14794 0.4999885 
14795 0.4999885 
14796 0.4999885 
14797 0.4999885 
14798 0.4999885 
14799 0.4999884 
14800 0.4999884 
14801 0.4999884 
14802 0.4999884 
14803 0.4999884 
14804 0.4999884 
14805 0.4999884 
14806 0.4999884 
14807 0.4999884 
14808 0.4999884 
14809 0.4999884 
14810 0.4999884 
14811 0.4999884 
14812 0.4999884 
14813 0.4999884 
14814 0.4999884 
14815 0.4999884 
14816 0.4999884 
14817 0.4999884 
14818 0.4999884 
14819 0.4999884 
14820 0.4999884 
14821 0.4999884 
14822 0.4999884 
14823 0.4999884 
14824 0.4999884 
14825 0.4999884 
14826 0.4999884 
14827 0.4999884 
14828 0.4999884 
14829 0.4999884 
14830 0.4999884 
14831 0.4999884 
14832 0.4999884 
14833 0.4999884 
14834 0.4999884 
14835 0.4999884 
14836 0.4999884 
14837 0.4999884 
14838 0.4999884 
14839 0.4999884 
14840 0.4999884 
14841 0.4999884 
14842 0.4999884 
14843 0.4999884 
14844 0.4999884 
14845 0.4999884 
14846 0.4999884 
14847 0.4999884 
14848 0.4999884 
14849 0.4999884 
14850 0.4999884 
14851 0.4999884 
14852 0.4999884 
14853 0.4999884 
14854 0.4999884 
14855 0.4999884 
14856 0.4999884 
14857 0.4999884 
14858 0.4999884 
14859 0.4999884 
14860 0.4999883 
14861 0.4999883 
14862 0.4999883 
14863 0.4999883 
14864 0.4999883 
14865 0.4999883 
14866 0.4999883 
14867 0.4999883 
14868 0.4999883 
14869 0.4999883 
14870 0.4999883 
14871 0.4999883 
14872 0.4999883 
14873 0.4999883 
14874 0.4999883 
14875 0.4999883 
14876 0.4999883 
14877 0.4999883 
14878 0.4999883 
14879 0.4999882 
14880 0.4999882 
14881 0.4999882 
14882 0.4999882 
14883 0.4999882 
14884 0.4999882 
14885 0.4999882 
14886 0.4999882 
14887 0.4999882 
14888 0.4999882 
14889 0.4999882 
14890 0.4999882 
14891 0.4999882 
14892 0.4999882 
14893 0.4999882 
14894 0.4999882 
14895 0.4999882 
14896 0.4999882 
14897 0.4999882 
14898 0.4999882 
14899 0.4999882 
14900 0.4999882 
14901 0.4999882 
14902 0.4999882 
14903 0.4999882 
14904 0.4999882 
14905 0.4999882 
14906 0.4999882 
14907 0.4999882 
14908 0.4999882 
14909 0.4999882 
14910 0.4999882 
14911 0.4999882 
14912 0.4999882 
14913 0.4999882 
14914 0.4999882 
14915 0.4999882 
14916 0.4999882 
14917 0.4999882 
14918 0.4999882 
14919 0.4999882 
14920 0.4999882 
14921 0.4999882 
14922 0.4999882 
14923 0.4999882 
14924 0.4999882 
14925 0.4999882 
14926 0.4999882 
14927 0.4999882 
14928 0.4999882 
14929 0.4999882 
14930 0.4999882 
14931 0.4999882 
14932 0.4999882 
14933 0.4999882 
14934 0.4999882 
14935 0.4999882 
14936 0.4999882 
14937 0.4999882 
14938 0.4999882 
14939 0.4999882 
14940 0.4999881 
14941 0.4999881 
14942 0.4999881 
14943 0.4999881 
14944 0.4999881 
14945 0.4999881 
14946 0.4999881 
14947 0.4999881 
14948 0.4999881 
14949 0.4999881 
14950 0.4999881 
14951 0.4999881 
14952 0.4999881 
14953 0.4999881 
14954 0.4999881 
14955 0.4999881 
14956 0.4999881 
14957 0.4999881 
14958 0.4999881 
14959 0.4999881 
14960 0.4999881 
14961 0.4999881 
14962 0.4999881 
14963 0.4999881 
14964 0.4999881 
14965 0.4999881 
14966 0.4999881 
14967 0.4999881 
14968 0.4999881 
14969 0.4999881 
14970 0.4999881 
14971 0.4999881 
14972 0.4999881 
14973 0.4999881 
14974 0.4999881 
14975 0.4999881 
14976 0.4999881 
14977 0.4999881 
14978 0.4999881 
14979 0.4999881 
14980 0.4999881 
14981 0.4999881 
14982 0.4999881 
14983 0.4999881 
14984 0.4999881 
14985 0.4999881 
14986 0.4999881 
14987 0.4999881 
14988 0.4999881 
14989 0.4999881 
14990 0.4999881 
14991 0.4999881 
14992 0.4999881 
14993 0.4999881 
14994 0.4999881 
14995 0.4999881 
14996 0.4999881 
14997 0.4999881 
14998 0.4999881 
14999 0.4999881 
15000 0.4999881 
15001 0.4999881 
15002 0.4999881 
15003 0.4999881 
15004 0.4999881 
15005 0.4999881 
15006 0.4999881 
15007 0.4999881 
15008 0.4999881 
15009 0.4999881 
15010 0.499988 
15011 0.499988 
15012 0.499988 
15013 0.499988 
15014 0.4999879 
15015 0.4999879 
15016 0.4999879 
15017 0.4999879 
15018 0.4999879 
15019 0.4999879 
15020 0.4999879 
15021 0.4999879 
15022 0.4999879 
15023 0.4999879 
15024 0.4999879 
15025 0.4999879 
15026 0.4999879 
15027 0.4999879 
15028 0.4999879 
15029 0.4999879 
15030 0.4999879 
15031 0.4999879 
15032 0.4999879 
15033 0.4999879 
15034 0.4999879 
15035 0.4999879 
15036 0.4999879 
15037 0.4999879 
15038 0.4999879 
15039 0.4999879 
15040 0.4999879 
15041 0.4999879 
15042 0.4999879 
15043 0.4999879 
15044 0.4999879 
15045 0.4999879 
15046 0.4999879 
15047 0.4999879 
15048 0.4999879 
15049 0.4999879 
15050 0.4999879 
15051 0.4999879 
15052 0.4999879 
15053 0.4999879 
15054 0.4999879 
15055 0.4999879 
15056 0.4999879 
15057 0.4999879 
15058 0.4999879 
15059 0.4999879 
15060 0.4999879 
15061 0.4999879 
15062 0.4999879 
15063 0.4999879 
15064 0.4999879 
15065 0.4999879 
15066 0.4999879 
15067 0.4999879 
15068 0.4999879 
15069 0.4999879 
15070 0.4999879 
15071 0.4999878 
15072 0.4999878 
15073 0.4999878 
15074 0.4999878 
15075 0.4999878 
15076 0.4999878 
15077 0.4999878 
15078 0.4999878 
15079 0.4999878 
15080 0.4999878 
15081 0.4999878 
15082 0.4999878 
15083 0.4999878 
15084 0.4999878 
15085 0.4999878 
15086 0.4999878 
15087 0.4999878 
15088 0.4999878 
15089 0.4999878 
15090 0.4999878 
15091 0.4999878 
15092 0.4999878 
15093 0.4999878 
15094 0.4999878 
15095 0.4999878 
15096 0.4999878 
15097 0.4999878 
15098 0.4999878 
15099 0.4999878 
15100 0.4999878 
15101 0.4999878 
15102 0.4999878 
15103 0.4999878 
15104 0.4999878 
15105 0.4999878 
15106 0.4999878 
15107 0.4999878 
15108 0.4999878 
15109 0.4999878 
15110 0.4999878 
15111 0.4999878 
15112 0.4999878 
15113 0.4999878 
15114 0.4999878 
15115 0.4999878 
15116 0.4999878 
15117 0.4999878 
15118 0.4999878 
15119 0.4999878 
15120 0.4999878 
15121 0.4999878 
15122 0.4999878 
15123 0.4999878 
15124 0.4999878 
15125 0.4999878 
15126 0.4999878 
15127 0.4999878 
15128 0.4999878 
15129 0.4999878 
15130 0.4999878 
15131 0.4999878 
15132 0.4999878 
15133 0.4999878 
15134 0.4999878 
15135 0.4999878 
15136 0.4999878 
15137 0.4999878 
15138 0.4999878 
15139 0.4999878 
15140 0.4999878 
15141 0.4999878 
15142 0.4999878 
15143 0.4999878 
15144 0.4999878 
15145 0.4999878 
15146 0.4999878 
15147 0.4999878 
15148 0.4999878 
15149 0.4999878 
15150 0.4999878 
15151 0.4999878 
15152 0.4999878 
15153 0.4999878 
15154 0.4999878 
15155 0.4999878 
15156 0.4999878 
15157 0.4999878 
15158 0.4999878 
15159 0.4999878 
15160 0.4999878 
15161 0.4999878 
15162 0.4999878 
15163 0.4999878 
15164 0.4999877 
15165 0.4999877 
15166 0.4999877 
15167 0.4999877 
15168 0.4999877 
15169 0.4999877 
15170 0.4999877 
15171 0.4999877 
15172 0.4999877 
15173 0.4999877 
15174 0.4999877 
15175 0.4999877 
15176 0.4999877 
15177 0.4999877 
15178 0.4999877 
15179 0.4999877 
15180 0.4999876 
15181 0.4999876 
15182 0.4999876 
15183 0.4999876 
15184 0.4999876 
15185 0.4999876 
15186 0.4999876 
15187 0.4999876 
15188 0.4999876 
15189 0.4999876 
15190 0.4999876 
15191 0.4999876 
15192 0.4999876 
15193 0.4999876 
15194 0.4999876 
15195 0.4999876 
15196 0.4999876 
15197 0.4999876 
15198 0.4999876 
15199 0.4999876 
15200 0.4999876 
15201 0.4999876 
15202 0.4999876 
15203 0.4999876 
15204 0.4999876 
15205 0.4999876 
15206 0.4999876 
15207 0.4999876 
15208 0.4999876 
15209 0.4999876 
15210 0.4999876 
15211 0.4999876 
15212 0.4999876 
15213 0.4999876 
15214 0.4999875 
15215 0.4999875 
15216 0.4999875 
15217 0.4999875 
15218 0.4999875 
15219 0.4999875 
15220 0.4999875 
15221 0.4999875 
15222 0.4999875 
15223 0.4999875 
15224 0.4999875 
15225 0.4999875 
15226 0.4999875 
15227 0.4999875 
15228 0.4999875 
15229 0.4999875 
15230 0.4999875 
15231 0.4999875 
15232 0.4999875 
15233 0.4999875 
15234 0.4999875 
15235 0.4999875 
15236 0.4999875 
15237 0.4999875 
15238 0.4999875 
15239 0.4999875 
15240 0.4999875 
15241 0.4999875 
15242 0.4999875 
15243 0.4999875 
15244 0.4999875 
15245 0.4999875 
15246 0.4999875 
15247 0.4999875 
15248 0.4999875 
15249 0.4999875 
15250 0.4999875 
15251 0.4999875 
15252 0.4999875 
15253 0.4999875 
15254 0.4999875 
15255 0.4999875 
15256 0.4999875 
15257 0.4999875 
15258 0.4999875 
15259 0.4999875 
15260 0.4999875 
15261 0.4999875 
15262 0.4999875 
15263 0.4999875 
15264 0.4999875 
15265 0.4999875 
15266 0.4999875 
15267 0.4999875 
15268 0.4999875 
15269 0.4999875 
15270 0.4999875 
15271 0.4999875 
15272 0.4999875 
15273 0.4999875 
15274 0.4999875 
15275 0.4999875 
15276 0.4999875 
15277 0.4999875 
15278 0.4999875 
15279 0.4999875 
15280 0.4999875 
15281 0.4999875 
15282 0.4999875 
15283 0.4999875 
15284 0.4999875 
15285 0.4999875 
15286 0.4999875 
15287 0.4999875 
15288 0.4999875 
15289 0.4999875 
15290 0.4999875 
15291 0.4999875 
15292 0.4999875 
15293 0.4999875 
15294 0.4999875 
15295 0.4999875 
15296 0.4999875 
15297 0.4999875 
15298 0.4999875 
15299 0.4999875 
15300 0.4999875 
15301 0.4999875 
15302 0.4999875 
15303 0.4999875 
15304 0.4999875 
15305 0.4999874 
15306 0.4999874 
15307 0.4999874 
15308 0.4999874 
15309 0.4999874 
15310 0.4999874 
15311 0.4999874 
15312 0.4999874 
15313 0.4999874 
15314 0.4999874 
15315 0.4999874 
15316 0.4999874 
15317 0.4999874 
15318 0.4999874 
15319 0.4999874 
15320 0.4999874 
15321 0.4999874 
15322 0.4999874 
15323 0.4999874 
15324 0.4999874 
15325 0.4999874 
15326 0.4999874 
15327 0.4999874 
15328 0.4999874 
15329 0.4999874 
15330 0.4999874 
15331 0.4999874 
15332 0.4999874 
15333 0.4999874 
15334 0.4999874 
15335 0.4999874 
15336 0.4999874 
15337 0.4999874 
15338 0.4999874 
15339 0.4999874 
15340 0.4999874 
15341 0.4999874 
15342 0.4999874 
15343 0.4999874 
15344 0.4999874 
15345 0.4999874 
15346 0.4999874 
15347 0.4999874 
15348 0.4999874 
15349 0.4999874 
15350 0.4999874 
15351 0.4999874 
15352 0.4999874 
15353 0.4999874 
15354 0.4999874 
15355 0.4999874 
15356 0.4999874 
15357 0.4999874 
15358 0.4999874 
15359 0.4999874 
15360 0.4999874 
15361 0.4999874 
15362 0.4999874 
15363 0.4999874 
15364 0.4999874 
15365 0.4999874 
15366 0.4999874 
15367 0.4999874 
15368 0.4999874 
15369 0.4999874 
15370 0.4999874 
15371 0.4999874 
15372 0.4999874 
15373 0.4999874 
15374 0.4999874 
15375 0.4999874 
15376 0.4999874 
15377 0.4999874 
15378 0.4999874 
15379 0.4999874 
15380 0.4999874 
15381 0.4999874 
15382 0.4999874 
15383 0.4999874 
15384 0.4999874 
15385 0.4999874 
15386 0.4999874 
15387 0.4999874 
15388 0.4999874 
15389 0.4999874 
15390 0.4999874 
15391 0.4999874 
15392 0.4999873 
15393 0.4999873 
15394 0.4999873 
15395 0.4999873 
15396 0.4999872 
15397 0.4999872 
15398 0.4999872 
15399 0.4999872 
15400 0.4999872 
15401 0.4999872 
15402 0.4999872 
15403 0.4999872 
15404 0.4999872 
15405 0.4999872 
15406 0.4999872 
15407 0.4999872 
15408 0.4999872 
15409 0.4999872 
15410 0.4999872 
15411 0.4999872 
15412 0.4999872 
15413 0.4999872 
15414 0.4999872 
15415 0.4999872 
15416 0.4999872 
15417 0.4999872 
15418 0.4999872 
15419 0.4999872 
15420 0.4999872 
15421 0.4999872 
15422 0.4999872 
15423 0.4999872 
15424 0.4999872 
15425 0.4999872 
15426 0.4999872 
15427 0.4999872 
15428 0.4999872 
15429 0.4999872 
15430 0.4999872 
15431 0.4999872 
15432 0.4999872 
15433 0.4999872 
15434 0.4999872 
15435 0.4999872 
15436 0.4999872 
15437 0.4999872 
15438 0.4999872 
15439 0.4999872 
15440 0.4999872 
15441 0.4999872 
15442 0.4999872 
15443 0.4999872 
15444 0.4999872 
15445 0.4999872 
15446 0.4999872 
15447 0.4999872 
15448 0.4999872 
15449 0.4999872 
15450 0.4999872 
15451 0.4999872 
15452 0.4999872 
15453 0.4999872 
15454 0.4999871 
15455 0.4999871 
15456 0.4999871 
15457 0.4999871 
15458 0.4999871 
15459 0.4999871 
15460 0.4999871 
15461 0.4999871 
15462 0.4999871 
15463 0.4999871 
15464 0.4999871 
15465 0.4999871 
15466 0.4999871 
15467 0.4999871 
15468 0.4999871 
15469 0.4999871 
15470 0.4999871 
15471 0.4999871 
15472 0.4999871 
15473 0.4999871 
15474 0.4999871 
15475 0.4999871 
15476 0.4999871 
15477 0.4999871 
15478 0.4999871 
15479 0.4999871 
15480 0.4999871 
15481 0.4999871 
15482 0.4999871 
15483 0.4999871 
15484 0.4999871 
15485 0.4999871 
15486 0.4999871 
15487 0.4999871 
15488 0.4999871 
15489 0.4999871 
15490 0.4999871 
15491 0.4999871 
15492 0.4999871 
15493 0.4999871 
15494 0.4999871 
15495 0.4999871 
15496 0.4999871 
15497 0.4999871 
15498 0.4999871 
15499 0.4999871 
15500 0.4999871 
15501 0.4999871 
15502 0.4999871 
15503 0.4999871 
15504 0.4999871 
15505 0.4999871 
15506 0.4999871 
15507 0.4999871 
15508 0.4999871 
15509 0.4999871 
15510 0.4999871 
15511 0.4999871 
15512 0.4999871 
15513 0.4999871 
15514 0.4999871 
15515 0.4999871 
15516 0.4999871 
15517 0.4999871 
15518 0.4999871 
15519 0.4999871 
15520 0.4999871 
15521 0.4999871 
15522 0.4999871 
15523 0.4999871 
15524 0.4999871 
15525 0.4999871 
15526 0.4999871 
15527 0.4999871 
15528 0.4999871 
15529 0.4999871 
15530 0.4999871 
15531 0.4999871 
15532 0.4999871 
15533 0.4999871 
15534 0.4999871 
15535 0.4999871 
15536 0.4999871 
15537 0.4999871 
15538 0.4999871 
15539 0.4999871 
15540 0.4999871 
15541 0.4999871 
15542 0.4999871 
15543 0.4999871 
15544 0.4999871 
15545 0.4999871 
15546 0.4999871 
15547 0.4999871 
15548 0.4999871 
15549 0.4999871 
15550 0.4999871 
15551 0.4999871 
15552 0.4999871 
15553 0.4999871 
15554 0.4999871 
15555 0.4999871 
15556 0.4999871 
15557 0.4999871 
15558 0.4999871 
15559 0.4999871 
15560 0.4999871 
15561 0.4999871 
15562 0.4999871 
15563 0.4999871 
15564 0.4999871 
15565 0.4999871 
15566 0.4999871 
15567 0.4999871 
15568 0.4999871 
15569 0.4999871 
15570 0.4999871 
15571 0.4999871 
15572 0.4999871 
15573 0.4999871 
15574 0.4999871 
15575 0.4999871 
15576 0.4999871 
15577 0.4999871 
15578 0.4999871 
15579 0.4999871 
15580 0.4999871 
15581 0.4999871 
15582 0.4999871 
15583 0.4999871 
15584 0.4999871 
15585 0.4999871 
15586 0.4999871 
15587 0.4999871 
15588 0.4999871 
15589 0.4999871 
15590 0.4999871 
15591 0.4999871 
15592 0.4999871 
15593 0.4999871 
15594 0.4999871 
15595 0.4999871 
15596 0.4999871 
15597 0.4999871 
15598 0.4999871 
15599 0.4999871 
15600 0.4999871 
15601 0.4999871 
15602 0.4999871 
15603 0.4999871 
15604 0.4999871 
15605 0.4999871 
15606 0.4999871 
15607 0.4999871 
15608 0.499987 
15609 0.499987 
15610 0.499987 
15611 0.499987 
15612 0.499987 
15613 0.499987 
15614 0.4999869 
15615 0.4999869 
15616 0.4999869 
15617 0.4999869 
15618 0.4999869 
15619 0.4999869 
15620 0.4999869 
15621 0.4999869 
15622 0.4999869 
15623 0.4999869 
15624 0.4999869 
15625 0.4999869 
15626 0.4999869 
15627 0.4999869 
15628 0.4999869 
15629 0.4999869 
15630 0.4999869 
15631 0.4999869 
15632 0.4999869 
15633 0.4999869 
15634 0.4999869 
15635 0.4999869 
15636 0.4999869 
15637 0.4999869 
15638 0.4999869 
15639 0.4999869 
15640 0.4999869 
15641 0.4999869 
15642 0.4999869 
15643 0.4999869 
15644 0.4999869 
15645 0.4999869 
15646 0.4999869 
15647 0.4999869 
15648 0.4999869 
15649 0.4999869 
15650 0.4999869 
15651 0.4999869 
15652 0.4999868 
15653 0.4999868 
15654 0.4999868 
15655 0.4999868 
15656 0.4999868 
15657 0.4999868 
15658 0.4999868 
15659 0.4999868 
15660 0.4999868 
15661 0.4999868 
15662 0.4999868 
15663 0.4999868 
15664 0.4999868 
15665 0.4999868 
15666 0.4999868 
15667 0.4999868 
15668 0.4999868 
15669 0.4999868 
15670 0.4999868 
15671 0.4999868 
15672 0.4999868 
15673 0.4999868 
15674 0.4999868 
15675 0.4999868 
15676 0.4999867 
15677 0.4999867 
15678 0.4999867 
15679 0.4999867 
15680 0.4999867 
15681 0.4999867 
15682 0.4999867 
15683 0.4999867 
15684 0.4999867 
15685 0.4999867 
15686 0.4999867 
15687 0.4999867 
15688 0.4999867 
15689 0.4999867 
15690 0.4999867 
15691 0.4999867 
15692 0.4999867 
15693 0.4999867 
15694 0.4999867 
15695 0.4999867 
15696 0.4999867 
15697 0.4999867 
15698 0.4999867 
15699 0.4999867 
15700 0.4999867 
15701 0.4999867 
15702 0.4999867 
15703 0.4999867 
15704 0.4999867 
15705 0.4999867 
15706 0.4999867 
15707 0.4999867 
15708 0.4999867 
15709 0.4999867 
15710 0.4999867 
15711 0.4999867 
15712 0.4999867 
15713 0.4999867 
15714 0.4999866 
15715 0.4999866 
15716 0.4999866 
15717 0.4999866 
15718 0.4999866 
15719 0.4999866 
15720 0.4999866 
15721 0.4999865 
15722 0.4999865 
15723 0.4999865 
15724 0.4999865 
15725 0.4999865 
15726 0.4999865 
15727 0.4999865 
15728 0.4999865 
15729 0.4999865 
15730 0.4999865 
15731 0.4999865 
15732 0.4999865 
15733 0.4999865 
15734 0.4999865 
15735 0.4999865 
15736 0.4999865 
15737 0.4999865 
15738 0.4999865 
15739 0.4999865 
15740 0.4999865 
15741 0.4999865 
15742 0.4999865 
15743 0.4999865 
15744 0.4999865 
15745 0.4999865 
15746 0.4999865 
15747 0.4999865 
15748 0.4999865 
15749 0.4999865 
15750 0.4999865 
15751 0.4999865 
15752 0.4999865 
15753 0.4999865 
15754 0.4999865 
15755 0.4999865 
15756 0.4999865 
15757 0.4999865 
15758 0.4999865 
15759 0.4999865 
15760 0.4999865 
15761 0.4999865 
15762 0.4999865 
15763 0.4999865 
15764 0.4999865 
15765 0.4999865 
15766 0.4999865 
15767 0.4999865 
15768 0.4999865 
15769 0.4999865 
15770 0.4999865 
15771 0.4999865 
15772 0.4999865 
15773 0.4999865 
15774 0.4999865 
15775 0.4999865 
15776 0.4999865 
15777 0.4999865 
15778 0.4999865 
15779 0.4999865 
15780 0.4999865 
15781 0.4999865 
15782 0.4999865 
15783 0.4999865 
15784 0.4999865 
15785 0.4999865 
15786 0.4999865 
15787 0.4999865 
15788 0.4999865 
15789 0.4999865 
15790 0.4999865 
15791 0.4999865 
15792 0.4999865 
15793 0.4999865 
15794 0.4999865 
15795 0.4999865 
15796 0.4999865 
15797 0.4999865 
15798 0.4999865 
15799 0.4999865 
15800 0.4999865 
15801 0.4999865 
15802 0.4999865 
15803 0.4999865 
15804 0.4999865 
15805 0.4999865 
15806 0.4999865 
15807 0.4999865 
15808 0.4999864 
15809 0.4999864 
15810 0.4999864 
15811 0.4999864 
15812 0.4999864 
15813 0.4999864 
15814 0.4999864 
15815 0.4999864 
15816 0.4999864 
15817 0.4999863 
15818 0.4999863 
15819 0.4999863 
15820 0.4999863 
15821 0.4999863 
15822 0.4999863 
15823 0.4999863 
15824 0.4999862 
15825 0.4999862 
15826 0.4999862 
15827 0.4999862 
15828 0.4999862 
15829 0.4999862 
15830 0.4999862 
15831 0.4999862 
15832 0.4999862 
15833 0.4999862 
15834 0.4999862 
15835 0.4999862 
15836 0.4999862 
15837 0.4999862 
15838 0.4999862 
15839 0.4999862 
15840 0.4999862 
15841 0.4999862 
15842 0.4999862 
15843 0.4999862 
15844 0.4999862 
15845 0.4999862 
15846 0.4999862 
15847 0.4999862 
15848 0.4999862 
15849 0.4999862 
15850 0.4999862 
15851 0.4999862 
15852 0.4999862 
15853 0.4999862 
15854 0.4999862 
15855 0.4999862 
15856 0.4999862 
15857 0.4999862 
15858 0.4999862 
15859 0.4999862 
15860 0.4999862 
15861 0.4999862 
15862 0.4999862 
15863 0.4999862 
15864 0.4999862 
15865 0.4999862 
15866 0.4999862 
15867 0.4999862 
15868 0.4999862 
15869 0.4999862 
15870 0.4999862 
15871 0.4999862 
15872 0.4999862 
15873 0.4999862 
15874 0.4999862 
15875 0.4999862 
15876 0.4999862 
15877 0.4999862 
15878 0.4999862 
15879 0.4999862 
15880 0.4999862 
15881 0.4999862 
15882 0.4999862 
15883 0.4999862 
15884 0.4999862 
15885 0.4999862 
15886 0.4999862 
15887 0.4999862 
15888 0.4999862 
15889 0.4999862 
15890 0.4999862 
15891 0.4999862 
15892 0.4999862 
15893 0.4999862 
15894 0.4999861 
15895 0.4999861 
15896 0.4999861 
15897 0.4999861 
15898 0.4999861 
15899 0.4999861 
15900 0.4999861 
15901 0.4999861 
15902 0.4999861 
15903 0.4999861 
15904 0.4999861 
15905 0.4999861 
15906 0.4999861 
15907 0.4999861 
15908 0.4999861 
15909 0.4999861 
15910 0.4999861 
15911 0.4999861 
15912 0.4999861 
15913 0.4999861 
15914 0.4999861 
15915 0.499986 
15916 0.499986 
15917 0.499986 
15918 0.499986 
15919 0.499986 
15920 0.499986 
15921 0.499986 
15922 0.499986 
15923 0.499986 
15924 0.499986 
15925 0.499986 
15926 0.499986 
15927 0.499986 
15928 0.499986 
15929 0.499986 
15930 0.499986 
15931 0.499986 
15932 0.499986 
15933 0.499986 
15934 0.499986 
15935 0.499986 
15936 0.499986 
15937 0.499986 
15938 0.499986 
15939 0.499986 
15940 0.499986 
15941 0.499986 
15942 0.499986 
15943 0.499986 
15944 0.499986 
15945 0.499986 
15946 0.499986 
15947 0.499986 
15948 0.499986 
15949 0.499986 
15950 0.499986 
15951 0.499986 
15952 0.499986 
15953 0.499986 
15954 0.499986 
15955 0.499986 
15956 0.499986 
15957 0.499986 
15958 0.499986 
15959 0.499986 
15960 0.499986 
15961 0.499986 
15962 0.499986 
15963 0.499986 
15964 0.499986 
15965 0.499986 
15966 0.499986 
15967 0.499986 
15968 0.499986 
15969 0.499986 
15970 0.499986 
15971 0.499986 
15972 0.499986 
15973 0.499986 
15974 0.499986 
15975 0.499986 
15976 0.499986 
15977 0.499986 
15978 0.499986 
15979 0.499986 
15980 0.499986 
15981 0.499986 
15982 0.499986 
15983 0.499986 
15984 0.4999859 
15985 0.4999859 
15986 0.4999859 
15987 0.4999859 
15988 0.4999859 
15989 0.4999859 
15990 0.4999859 
15991 0.4999859 
15992 0.4999859 
15993 0.4999859 
15994 0.4999859 
15995 0.4999859 
15996 0.4999859 
15997 0.4999859 
15998 0.4999859 
15999 0.4999859 
16000 0.4999859 
16001 0.4999859 
16002 0.4999859 
16003 0.4999859 
16004 0.4999859 
16005 0.4999859 
16006 0.4999859 
16007 0.4999859 
16008 0.4999859 
16009 0.4999858 
16010 0.4999858 
16011 0.4999858 
16012 0.4999858 
16013 0.4999858 
16014 0.4999858 
16015 0.4999858 
16016 0.4999858 
16017 0.4999858 
16018 0.4999858 
16019 0.4999858 
16020 0.4999858 
16021 0.4999858 
16022 0.4999858 
16023 0.4999858 
16024 0.4999858 
16025 0.4999858 
16026 0.4999858 
16027 0.4999858 
16028 0.4999858 
16029 0.4999858 
16030 0.4999858 
16031 0.4999858 
16032 0.4999858 
16033 0.4999858 
16034 0.4999858 
16035 0.4999858 
16036 0.4999858 
16037 0.4999858 
16038 0.4999858 
16039 0.4999858 
16040 0.4999858 
16041 0.4999858 
16042 0.4999858 
16043 0.4999858 
16044 0.4999858 
16045 0.4999858 
16046 0.4999858 
16047 0.4999858 
16048 0.4999858 
16049 0.4999858 
16050 0.4999858 
16051 0.4999858 
16052 0.4999858 
16053 0.4999858 
16054 0.4999857 
16055 0.4999857 
16056 0.4999857 
16057 0.4999857 
16058 0.4999857 
16059 0.4999857 
16060 0.4999857 
16061 0.4999857 
16062 0.4999857 
16063 0.4999857 
16064 0.4999857 
16065 0.4999857 
16066 0.4999857 
16067 0.4999857 
16068 0.4999857 
16069 0.4999857 
16070 0.4999857 
16071 0.4999857 
16072 0.4999857 
16073 0.4999857 
16074 0.4999857 
16075 0.4999857 
16076 0.4999857 
16077 0.4999857 
16078 0.4999857 
16079 0.4999857 
16080 0.4999857 
16081 0.4999857 
16082 0.4999857 
16083 0.4999857 
16084 0.4999857 
16085 0.4999857 
16086 0.4999857 
16087 0.4999857 
16088 0.4999857 
16089 0.4999857 
16090 0.4999857 
16091 0.4999857 
16092 0.4999857 
16093 0.4999857 
16094 0.4999857 
16095 0.4999857 
16096 0.4999857 
16097 0.4999857 
16098 0.4999857 
16099 0.4999857 
16100 0.4999857 
16101 0.4999857 
16102 0.4999857 
16103 0.4999857 
16104 0.4999857 
16105 0.4999857 
16106 0.4999857 
16107 0.4999857 
16108 0.4999857 
16109 0.4999857 
16110 0.4999857 
16111 0.4999857 
16112 0.4999857 
16113 0.4999857 
16114 0.4999857 
16115 0.4999857 
16116 0.4999857 
16117 0.4999857 
16118 0.4999857 
16119 0.4999857 
16120 0.4999857 
16121 0.4999857 
16122 0.4999857 
16123 0.4999857 
16124 0.4999857 
16125 0.4999857 
16126 0.4999857 
16127 0.4999857 
16128 0.4999857 
16129 0.4999857 
16130 0.4999857 
16131 0.4999857 
16132 0.4999857 
16133 0.4999857 
16134 0.4999857 
16135 0.4999857 
16136 0.4999857 
16137 0.4999857 
16138 0.4999857 
16139 0.4999857 
16140 0.4999857 
16141 0.4999857 
16142 0.4999857 
16143 0.4999857 
16144 0.4999857 
16145 0.4999857 
16146 0.4999857 
16147 0.4999857 
16148 0.4999857 
16149 0.4999857 
16150 0.4999857 
16151 0.4999857 
16152 0.4999857 
16153 0.4999857 
16154 0.4999857 
16155 0.4999856 
16156 0.4999856 
16157 0.4999856 
16158 0.4999856 
16159 0.4999855 
16160 0.4999855 
16161 0.4999855 
16162 0.4999854 
16163 0.4999854 
16164 0.4999854 
16165 0.4999854 
16166 0.4999854 
16167 0.4999854 
16168 0.4999854 
16169 0.4999854 
16170 0.4999854 
16171 0.4999854 
16172 0.4999854 
16173 0.4999854 
16174 0.4999854 
16175 0.4999854 
16176 0.4999854 
16177 0.4999854 
16178 0.4999854 
16179 0.4999854 
16180 0.4999854 
16181 0.4999854 
16182 0.4999854 
16183 0.4999854 
16184 0.4999854 
16185 0.4999854 
16186 0.4999854 
16187 0.4999854 
16188 0.4999854 
16189 0.4999854 
16190 0.4999854 
16191 0.4999854 
16192 0.4999854 
16193 0.4999854 
16194 0.4999854 
16195 0.4999854 
16196 0.4999854 
16197 0.4999854 
16198 0.4999854 
16199 0.4999854 
16200 0.4999854 
16201 0.4999854 
16202 0.4999854 
16203 0.4999854 
16204 0.4999854 
16205 0.4999854 
16206 0.4999854 
16207 0.4999854 
16208 0.4999854 
16209 0.4999854 
16210 0.4999854 
16211 0.4999854 
16212 0.4999854 
16213 0.4999854 
16214 0.4999854 
16215 0.4999854 
16216 0.4999854 
16217 0.4999854 
16218 0.4999854 
16219 0.4999854 
16220 0.4999854 
16221 0.4999854 
16222 0.4999854 
16223 0.4999854 
16224 0.4999854 
16225 0.4999854 
16226 0.4999854 
16227 0.4999854 
16228 0.4999854 
16229 0.4999854 
16230 0.4999854 
16231 0.4999854 
16232 0.4999854 
16233 0.4999854 
16234 0.4999854 
16235 0.4999854 
16236 0.4999854 
16237 0.4999854 
16238 0.4999854 
16239 0.4999854 
16240 0.4999854 
16241 0.4999854 
16242 0.4999854 
16243 0.4999854 
16244 0.4999854 
16245 0.4999854 
16246 0.4999854 
16247 0.4999854 
16248 0.4999854 
16249 0.4999854 
16250 0.4999854 
16251 0.4999854 
16252 0.4999854 
16253 0.4999854 
16254 0.4999854 
16255 0.4999854 
16256 0.4999854 
16257 0.4999854 
16258 0.4999854 
16259 0.4999854 
16260 0.4999854 
16261 0.4999854 
16262 0.4999854 
16263 0.4999854 
16264 0.4999854 
16265 0.4999854 
16266 0.4999854 
16267 0.4999854 
16268 0.4999854 
16269 0.4999854 
16270 0.4999854 
16271 0.4999854 
16272 0.4999854 
16273 0.4999854 
16274 0.4999854 
16275 0.4999854 
16276 0.4999854 
16277 0.4999854 
16278 0.4999854 
16279 0.4999854 
16280 0.4999854 
16281 0.4999854 
16282 0.4999854 
16283 0.4999854 
16284 0.4999854 
16285 0.4999854 
16286 0.4999854 
16287 0.4999854 
16288 0.4999854 
16289 0.4999853 
16290 0.4999853 
16291 0.4999853 
16292 0.4999853 
16293 0.4999853 
16294 0.4999853 
16295 0.4999852 
16296 0.4999852 
16297 0.4999852 
16298 0.4999852 
16299 0.4999852 
16300 0.4999852 
16301 0.4999851 
16302 0.4999851 
16303 0.4999851 
16304 0.4999851 
16305 0.4999851 
16306 0.4999851 
16307 0.4999851 
16308 0.4999851 
16309 0.4999851 
16310 0.4999851 
16311 0.4999851 
16312 0.4999851 
16313 0.4999851 
16314 0.4999851 
16315 0.4999851 
16316 0.4999851 
16317 0.4999851 
16318 0.4999851 
16319 0.4999851 
16320 0.4999851 
16321 0.4999851 
16322 0.4999851 
16323 0.4999851 
16324 0.4999851 
16325 0.4999851 
16326 0.4999851 
16327 0.4999851 
16328 0.4999851 
16329 0.4999851 
16330 0.4999851 
16331 0.4999851 
16332 0.4999851 
16333 0.4999851 
16334 0.4999851 
16335 0.4999851 
16336 0.4999851 
16337 0.4999851 
16338 0.4999851 
16339 0.4999851 
16340 0.4999851 
16341 0.4999851 
16342 0.4999851 
16343 0.4999851 
16344 0.4999851 
16345 0.4999851 
16346 0.4999851 
16347 0.4999851 
16348 0.4999851 
16349 0.4999851 
16350 0.4999851 
16351 0.4999851 
16352 0.4999851 
16353 0.4999851 
16354 0.499985 
16355 0.499985 
16356 0.499985 
16357 0.499985 
16358 0.499985 
16359 0.499985 
16360 0.499985 
16361 0.499985 
16362 0.499985 
16363 0.499985 
16364 0.499985 
16365 0.499985 
16366 0.499985 
16367 0.499985 
16368 0.499985 
16369 0.499985 
16370 0.499985 
16371 0.499985 
16372 0.499985 
16373 0.499985 
16374 0.499985 
16375 0.499985 
16376 0.499985 
16377 0.499985 
16378 0.499985 
16379 0.499985 
16380 0.499985 
16381 0.499985 
16382 0.499985 
16383 0.499985 
16384 0.499985 
16385 0.499985 
16386 0.499985 
16387 0.499985 
16388 0.499985 
16389 0.499985 
16390 0.499985 
16391 0.499985 
16392 0.499985 
16393 0.499985 
16394 0.499985 
16395 0.499985 
16396 0.499985 
16397 0.499985 
16398 0.499985 
16399 0.499985 
16400 0.499985 
16401 0.499985 
16402 0.499985 
16403 0.499985 
16404 0.499985 
16405 0.499985 
16406 0.499985 
16407 0.499985 
16408 0.499985 
16409 0.499985 
16410 0.499985 
16411 0.499985 
16412 0.499985 
16413 0.499985 
16414 0.499985 
16415 0.499985 
16416 0.499985 
16417 0.499985 
16418 0.499985 
16419 0.499985 
16420 0.499985 
16421 0.499985 
16422 0.499985 
16423 0.499985 
16424 0.499985 
16425 0.499985 
16426 0.499985 
16427 0.499985 
16428 0.499985 
16429 0.499985 
16430 0.499985 
16431 0.499985 
16432 0.499985 
16433 0.499985 
16434 0.499985 
16435 0.499985 
16436 0.499985 
16437 0.499985 
16438 0.499985 
16439 0.499985 
16440 0.499985 
16441 0.499985 
16442 0.499985 
16443 0.499985 
16444 0.499985 
16445 0.499985 
16446 0.499985 
16447 0.499985 
16448 0.499985 
16449 0.499985 
16450 0.499985 
16451 0.499985 
16452 0.499985 
16453 0.499985 
16454 0.499985 
16455 0.499985 
16456 0.499985 
16457 0.499985 
16458 0.499985 
16459 0.499985 
16460 0.499985 
16461 0.499985 
16462 0.499985 
16463 0.499985 
16464 0.499985 
16465 0.499985 
16466 0.499985 
16467 0.499985 
16468 0.499985 
16469 0.499985 
16470 0.499985 
16471 0.499985 
16472 0.499985 
16473 0.499985 
16474 0.499985 
16475 0.499985 
16476 0.499985 
16477 0.499985 
16478 0.499985 
16479 0.499985 
16480 0.499985 
16481 0.499985 
16482 0.499985 
16483 0.499985 
16484 0.499985 
16485 0.499985 
16486 0.499985 
16487 0.499985 
16488 0.499985 
16489 0.499985 
16490 0.499985 
16491 0.499985 
16492 0.499985 
16493 0.499985 
16494 0.499985 
16495 0.499985 
16496 0.499985 
16497 0.499985 
16498 0.499985 
16499 0.499985 
16500 0.499985 
16501 0.499985 
16502 0.499985 
16503 0.499985 
16504 0.499985 
16505 0.499985 
16506 0.499985 
16507 0.499985 
16508 0.499985 
16509 0.499985 
16510 0.499985 
16511 0.499985 
16512 0.499985 
16513 0.4999849 
16514 0.4999849 
16515 0.4999849 
16516 0.4999849 
16517 0.4999848 
16518 0.4999848 
16519 0.4999848 
16520 0.4999848 
16521 0.4999848 
16522 0.4999848 
16523 0.4999847 
16524 0.4999847 
16525 0.4999847 
16526 0.4999847 
16527 0.4999847 
16528 0.4999847 
16529 0.4999847 
16530 0.4999846 
16531 0.4999846 
16532 0.4999846 
16533 0.4999846 
16534 0.4999846 
16535 0.4999846 
16536 0.4999845 
16537 0.4999845 
16538 0.4999845 
16539 0.4999845 
16540 0.4999845 
16541 0.4999845 
16542 0.4999845 
16543 0.4999845 
16544 0.4999845 
16545 0.4999845 
16546 0.4999845 
16547 0.4999845 
16548 0.4999845 
16549 0.4999845 
16550 0.4999845 
16551 0.4999845 
16552 0.4999845 
16553 0.4999845 
16554 0.4999845 
16555 0.4999845 
16556 0.4999845 
16557 0.4999845 
16558 0.4999845 
16559 0.4999845 
16560 0.4999845 
16561 0.4999845 
16562 0.4999845 
16563 0.4999845 
16564 0.4999844 
16565 0.4999844 
16566 0.4999844 
16567 0.4999844 
16568 0.4999844 
16569 0.4999844 
16570 0.4999844 
16571 0.4999844 
16572 0.4999844 
16573 0.4999844 
16574 0.4999844 
16575 0.4999844 
16576 0.4999844 
16577 0.4999844 
16578 0.4999844 
16579 0.4999844 
16580 0.4999844 
16581 0.4999844 
16582 0.4999844 
16583 0.4999844 
16584 0.4999844 
16585 0.4999844 
16586 0.4999844 
16587 0.4999843 
16588 0.4999843 
16589 0.4999843 
16590 0.4999843 
16591 0.4999843 
16592 0.4999843 
16593 0.4999843 
16594 0.4999843 
16595 0.4999843 
16596 0.4999843 
16597 0.4999843 
16598 0.4999843 
16599 0.4999843 
16600 0.4999843 
16601 0.4999843 
16602 0.4999843 
16603 0.4999843 
16604 0.4999843 
16605 0.4999843 
16606 0.4999843 
16607 0.4999843 
16608 0.4999843 
16609 0.4999843 
16610 0.4999843 
16611 0.4999843 
16612 0.4999843 
16613 0.4999843 
16614 0.4999843 
16615 0.4999843 
16616 0.4999843 
16617 0.4999843 
16618 0.4999843 
16619 0.4999843 
16620 0.4999843 
16621 0.4999843 
16622 0.4999843 
16623 0.4999843 
16624 0.4999843 
16625 0.4999843 
16626 0.4999843 
16627 0.4999843 
16628 0.4999843 
16629 0.4999843 
16630 0.4999843 
16631 0.4999843 
16632 0.4999843 
16633 0.4999843 
16634 0.4999843 
16635 0.4999843 
16636 0.4999843 
16637 0.4999843 
16638 0.4999843 
16639 0.4999843 
16640 0.4999843 
16641 0.4999843 
16642 0.4999843 
16643 0.4999843 
16644 0.4999843 
16645 0.4999843 
16646 0.4999843 
16647 0.4999843 
16648 0.4999843 
16649 0.4999843 
16650 0.4999843 
16651 0.4999843 
16652 0.4999843 
16653 0.4999843 
16654 0.4999843 
16655 0.4999843 
16656 0.4999843 
16657 0.4999843 
16658 0.4999843 
16659 0.4999843 
16660 0.4999843 
16661 0.4999843 
16662 0.4999843 
16663 0.4999843 
16664 0.4999843 
16665 0.4999843 
16666 0.4999843 
16667 0.4999843 
16668 0.4999843 
16669 0.4999843 
16670 0.4999843 
16671 0.4999843 
16672 0.4999843 
16673 0.4999842 
16674 0.4999842 
16675 0.4999842 
16676 0.4999842 
16677 0.4999842 
16678 0.4999842 
16679 0.4999842 
16680 0.4999842 
16681 0.4999842 
16682 0.4999841 
16683 0.4999841 
16684 0.4999841 
16685 0.4999841 
16686 0.4999841 
16687 0.4999841 
16688 0.4999841 
16689 0.4999841 
16690 0.4999841 
16691 0.4999841 
16692 0.4999841 
16693 0.4999841 
16694 0.4999841 
16695 0.4999841 
16696 0.4999841 
16697 0.4999841 
16698 0.4999841 
16699 0.4999841 
16700 0.4999841 
16701 0.4999841 
16702 0.4999841 
16703 0.4999841 
16704 0.4999841 
16705 0.4999841 
16706 0.4999841 
16707 0.4999841 
16708 0.4999841 
16709 0.4999841 
16710 0.4999841 
16711 0.4999841 
16712 0.4999841 
16713 0.4999841 
16714 0.4999841 
16715 0.4999841 
16716 0.4999841 
16717 0.4999841 
16718 0.4999841 
16719 0.4999841 
16720 0.4999841 
16721 0.4999841 
16722 0.4999841 
16723 0.4999841 
16724 0.4999841 
16725 0.4999841 
16726 0.4999841 
16727 0.4999841 
16728 0.4999841 
16729 0.4999841 
16730 0.4999841 
16731 0.4999841 
16732 0.4999841 
16733 0.4999841 
16734 0.4999841 
16735 0.4999841 
16736 0.4999841 
16737 0.4999841 
16738 0.499984 
16739 0.499984 
16740 0.499984 
16741 0.499984 
16742 0.499984 
16743 0.499984 
16744 0.4999839 
16745 0.4999839 
16746 0.4999839 
16747 0.4999839 
16748 0.4999838 
16749 0.4999838 
16750 0.4999838 
16751 0.4999837 
16752 0.4999837 
16753 0.4999837 
16754 0.4999837 
16755 0.4999837 
16756 0.4999837 
16757 0.4999837 
16758 0.4999837 
16759 0.4999837 
16760 0.4999837 
16761 0.4999837 
16762 0.4999837 
16763 0.4999837 
16764 0.4999837 
16765 0.4999837 
16766 0.4999837 
16767 0.4999837 
16768 0.4999837 
16769 0.4999837 
16770 0.4999837 
16771 0.4999837 
16772 0.4999837 
16773 0.4999837 
16774 0.4999837 
16775 0.4999837 
16776 0.4999837 
16777 0.4999837 
16778 0.4999837 
16779 0.4999837 
16780 0.4999837 
16781 0.4999837 
16782 0.4999837 
16783 0.4999837 
16784 0.4999837 
16785 0.4999837 
16786 0.4999837 
16787 0.4999837 
16788 0.4999837 
16789 0.4999837 
16790 0.4999837 
16791 0.4999837 
16792 0.4999837 
16793 0.4999837 
16794 0.4999837 
16795 0.4999837 
16796 0.4999837 
16797 0.4999837 
16798 0.4999837 
16799 0.4999837 
16800 0.4999837 
16801 0.4999837 
16802 0.4999837 
16803 0.4999837 
16804 0.4999837 
16805 0.4999837 
16806 0.4999837 
16807 0.4999837 
16808 0.4999837 
16809 0.4999837 
16810 0.4999837 
16811 0.4999837 
16812 0.4999837 
16813 0.4999837 
16814 0.4999836 
16815 0.4999836 
16816 0.4999836 
16817 0.4999836 
16818 0.4999836 
16819 0.4999836 
16820 0.4999835 
16821 0.4999835 
16822 0.4999835 
16823 0.4999835 
16824 0.4999834 
16825 0.4999834 
16826 0.4999834 
16827 0.4999834 
16828 0.4999834 
16829 0.4999834 
16830 0.4999833 
16831 0.4999833 
16832 0.4999833 
16833 0.4999833 
16834 0.4999833 
16835 0.4999833 
16836 0.4999833 
16837 0.4999832 
16838 0.4999832 
16839 0.4999832 
16840 0.4999832 
16841 0.4999832 
16842 0.4999832 
16843 0.4999832 
16844 0.4999831 
16845 0.4999831 
16846 0.4999831 
16847 0.4999831 
16848 0.4999831 
16849 0.4999831 
16850 0.4999831 
16851 0.4999831 
16852 0.4999831 
16853 0.4999831 
16854 0.4999831 
16855 0.4999831 
16856 0.4999831 
16857 0.4999831 
16858 0.4999831 
16859 0.4999831 
16860 0.4999831 
16861 0.4999831 
16862 0.4999831 
16863 0.4999831 
16864 0.4999831 
16865 0.4999831 
16866 0.4999831 
16867 0.4999831 
16868 0.4999831 
16869 0.4999831 
16870 0.4999831 
16871 0.4999831 
16872 0.4999831 
16873 0.4999831 
16874 0.4999831 
16875 0.4999831 
16876 0.4999831 
16877 0.4999831 
16878 0.4999831 
16879 0.4999831 
16880 0.4999831 
16881 0.4999831 
16882 0.4999831 
16883 0.4999831 
16884 0.4999831 
16885 0.4999831 
16886 0.4999831 
16887 0.4999831 
16888 0.4999831 
16889 0.4999831 
16890 0.4999831 
16891 0.4999831 
16892 0.4999831 
16893 0.4999831 
16894 0.4999831 
16895 0.4999831 
16896 0.4999831 
16897 0.4999831 
16898 0.4999831 
16899 0.4999831 
16900 0.4999831 
16901 0.4999831 
16902 0.4999831 
16903 0.4999831 
16904 0.4999831 
16905 0.4999831 
16906 0.4999831 
16907 0.4999831 
16908 0.4999831 
16909 0.4999831 
16910 0.4999831 
16911 0.4999831 
16912 0.4999831 
16913 0.4999831 
16914 0.4999831 
16915 0.4999831 
16916 0.4999831 
16917 0.4999831 
16918 0.4999831 
16919 0.4999831 
16920 0.4999831 
16921 0.4999831 
16922 0.4999831 
16923 0.4999831 
16924 0.4999831 
16925 0.4999831 
16926 0.4999831 
16927 0.4999831 
16928 0.4999831 
16929 0.4999831 
16930 0.4999831 
16931 0.4999831 
16932 0.4999831 
16933 0.4999831 
16934 0.4999831 
16935 0.4999831 
16936 0.4999831 
16937 0.4999831 
16938 0.4999831 
16939 0.499983 
16940 0.499983 
16941 0.499983 
16942 0.499983 
16943 0.499983 
16944 0.499983 
16945 0.499983 
16946 0.499983 
16947 0.4999829 
16948 0.4999829 
16949 0.4999829 
16950 0.4999829 
16951 0.4999829 
16952 0.4999829 
16953 0.4999828 
16954 0.4999828 
16955 0.4999828 
16956 0.4999828 
16957 0.4999828 
16958 0.4999827 
16959 0.4999827 
16960 0.4999827 
16961 0.4999827 
16962 0.4999827 
16963 0.4999826 
16964 0.4999826 
16965 0.4999826 
16966 0.4999826 
16967 0.4999826 
16968 0.4999826 
16969 0.4999826 
16970 0.4999826 
16971 0.4999825 
16972 0.4999825 
16973 0.4999825 
16974 0.4999825 
16975 0.4999824 
16976 0.4999824 
16977 0.4999824 
16978 0.4999824 
16979 0.4999824 
16980 0.4999824 
16981 0.4999824 
16982 0.4999823 
16983 0.4999823 
16984 0.4999823 
16985 0.4999823 
16986 0.4999823 
16987 0.4999823 
16988 0.4999822 
16989 0.4999822 
16990 0.4999822 
16991 0.4999822 
16992 0.4999822 
16993 0.4999821 
16994 0.4999821 
16995 0.499982 
16996 0.499982 
16997 0.499982 
16998 0.499982 
16999 0.499982 
17000 0.499982 
17001 0.499982 
17002 0.499982 
17003 0.499982 
17004 0.499982 
17005 0.499982 
17006 0.499982 
17007 0.499982 
17008 0.499982 
17009 0.499982 
17010 0.499982 
17011 0.499982 
17012 0.499982 
17013 0.499982 
17014 0.499982 
17015 0.499982 
17016 0.499982 
17017 0.499982 
17018 0.499982 
17019 0.499982 
17020 0.499982 
17021 0.499982 
17022 0.499982 
17023 0.499982 
17024 0.499982 
17025 0.499982 
17026 0.499982 
17027 0.499982 
17028 0.499982 
17029 0.499982 
17030 0.499982 
17031 0.499982 
17032 0.499982 
17033 0.499982 
17034 0.499982 
17035 0.499982 
17036 0.499982 
17037 0.499982 
17038 0.499982 
17039 0.499982 
17040 0.499982 
17041 0.499982 
17042 0.499982 
17043 0.499982 
17044 0.499982 
17045 0.499982 
17046 0.499982 
17047 0.499982 
17048 0.499982 
17049 0.499982 
17050 0.499982 
17051 0.499982 
17052 0.499982 
17053 0.499982 
17054 0.499982 
17055 0.499982 
17056 0.499982 
17057 0.499982 
17058 0.499982 
17059 0.4999819 
17060 0.4999819 
17061 0.4999819 
17062 0.4999819 
17063 0.4999819 
17064 0.4999819 
17065 0.4999819 
17066 0.4999819 
17067 0.4999819 
17068 0.4999819 
17069 0.4999819 
17070 0.4999819 
17071 0.4999819 
17072 0.4999819 
17073 0.4999819 
17074 0.4999819 
17075 0.4999819 
17076 0.4999819 
17077 0.4999819 
17078 0.4999819 
17079 0.4999819 
17080 0.4999819 
17081 0.4999819 
17082 0.4999819 
17083 0.4999819 
17084 0.4999819 
17085 0.4999819 
17086 0.4999819 
17087 0.4999819 
17088 0.4999819 
17089 0.4999819 
17090 0.4999819 
17091 0.4999819 
17092 0.4999819 
17093 0.4999819 
17094 0.4999819 
17095 0.4999819 
17096 0.4999819 
17097 0.4999819 
17098 0.4999819 
17099 0.4999819 
17100 0.4999819 
17101 0.4999819 
17102 0.4999819 
17103 0.4999819 
17104 0.4999819 
17105 0.4999819 
17106 0.4999819 
17107 0.4999819 
17108 0.4999819 
17109 0.4999819 
17110 0.4999819 
17111 0.4999819 
17112 0.4999819 
17113 0.4999819 
17114 0.4999819 
17115 0.4999819 
17116 0.4999819 
17117 0.4999819 
17118 0.4999819 
17119 0.4999819 
17120 0.4999819 
17121 0.4999819 
17122 0.4999819 
17123 0.4999819 
17124 0.4999819 
17125 0.4999819 
17126 0.4999819 
17127 0.4999819 
17128 0.4999819 
17129 0.4999819 
17130 0.4999819 
17131 0.4999819 
17132 0.4999819 
17133 0.4999819 
17134 0.4999819 
17135 0.4999819 
17136 0.4999819 
17137 0.4999819 
17138 0.4999819 
17139 0.4999819 
17140 0.4999819 
17141 0.4999819 
17142 0.4999819 
17143 0.4999819 
17144 0.4999819 
17145 0.4999819 
17146 0.4999819 
17147 0.4999819 
17148 0.4999819 
17149 0.4999819 
17150 0.4999819 
17151 0.4999819 
17152 0.4999819 
17153 0.4999819 
17154 0.4999819 
17155 0.4999819 
17156 0.4999819 
17157 0.4999819 
17158 0.4999819 
17159 0.4999819 
17160 0.4999819 
17161 0.4999819 
17162 0.4999819 
17163 0.4999819 
17164 0.4999819 
17165 0.4999819 
17166 0.4999819 
17167 0.4999819 
17168 0.4999819 
17169 0.4999819 
17170 0.4999819 
17171 0.4999819 
17172 0.4999819 
17173 0.4999819 
17174 0.4999819 
17175 0.4999819 
17176 0.4999819 
17177 0.4999819 
17178 0.4999819 
17179 0.4999819 
17180 0.4999819 
17181 0.4999819 
17182 0.4999819 
17183 0.4999819 
17184 0.4999819 
17185 0.4999819 
17186 0.4999819 
17187 0.4999819 
17188 0.4999819 
17189 0.4999819 
17190 0.4999819 
17191 0.4999819 
17192 0.4999819 
17193 0.4999819 
17194 0.4999819 
17195 0.4999819 
17196 0.4999819 
17197 0.4999819 
17198 0.4999819 
17199 0.4999819 
17200 0.4999819 
17201 0.4999819 
17202 0.4999819 
17203 0.4999819 
17204 0.4999819 
17205 0.4999819 
17206 0.4999819 
17207 0.4999819 
17208 0.4999819 
17209 0.4999819 
17210 0.4999819 
17211 0.4999819 
17212 0.4999819 
17213 0.4999819 
17214 0.4999819 
17215 0.4999819 
17216 0.4999819 
17217 0.4999819 
17218 0.4999819 
17219 0.4999819 
17220 0.4999819 
17221 0.4999819 
17222 0.4999819 
17223 0.4999819 
17224 0.4999819 
17225 0.4999819 
17226 0.4999819 
17227 0.4999819 
17228 0.4999819 
17229 0.4999819 
17230 0.4999819 
17231 0.4999819 
17232 0.4999819 
17233 0.4999819 
17234 0.4999819 
17235 0.4999819 
17236 0.4999819 
17237 0.4999819 
17238 0.4999819 
17239 0.4999819 
17240 0.4999819 
17241 0.4999819 
17242 0.4999819 
17243 0.4999819 
17244 0.4999819 
17245 0.4999819 
17246 0.4999819 
17247 0.4999819 
17248 0.4999819 
17249 0.4999819 
17250 0.4999819 
17251 0.4999819 
17252 0.4999819 
17253 0.4999819 
17254 0.4999819 
17255 0.4999819 
17256 0.4999819 
17257 0.4999819 
17258 0.4999819 
17259 0.4999819 
17260 0.4999819 
17261 0.4999819 
17262 0.4999819 
17263 0.4999819 
17264 0.4999819 
17265 0.4999819 
17266 0.4999818 
17267 0.4999818 
17268 0.4999818 
17269 0.4999818 
17270 0.4999818 
17271 0.4999818 
17272 0.4999818 
17273 0.4999817 
17274 0.4999817 
17275 0.4999817 
17276 0.4999816 
17277 0.4999816 
17278 0.4999816 
17279 0.4999816 
17280 0.4999816 
17281 0.4999816 
17282 0.4999816 
17283 0.4999815 
17284 0.4999815 
17285 0.4999815 
17286 0.4999815 
17287 0.4999815 
17288 0.4999815 
17289 0.4999814 
17290 0.4999814 
17291 0.4999814 
17292 0.4999814 
17293 0.4999814 
17294 0.4999814 
17295 0.4999814 
17296 0.4999814 
17297 0.4999814 
17298 0.4999814 
17299 0.4999814 
17300 0.4999814 
17301 0.4999814 
17302 0.4999813 
17303 0.4999813 
17304 0.4999813 
17305 0.4999813 
17306 0.4999813 
17307 0.4999813 
17308 0.4999813 
17309 0.4999813 
17310 0.4999812 
17311 0.4999812 
17312 0.4999812 
17313 0.4999812 
17314 0.4999812 
17315 0.4999811 
17316 0.4999811 
17317 0.4999811 
17318 0.4999811 
17319 0.499981 
17320 0.499981 
17321 0.499981 
17322 0.499981 
17323 0.4999809 
17324 0.4999809 
17325 0.4999809 
17326 0.4999809 
17327 0.4999809 
17328 0.4999809 
17329 0.4999809 
17330 0.4999809 
17331 0.4999809 
17332 0.4999809 
17333 0.4999809 
17334 0.4999809 
17335 0.4999809 
17336 0.4999809 
17337 0.4999809 
17338 0.4999809 
17339 0.4999809 
17340 0.4999809 
17341 0.4999809 
17342 0.4999809 
17343 0.4999809 
17344 0.4999809 
17345 0.4999809 
17346 0.4999809 
17347 0.4999809 
17348 0.4999809 
17349 0.4999809 
17350 0.4999809 
17351 0.4999809 
17352 0.4999809 
17353 0.4999809 
17354 0.4999809 
17355 0.4999809 
17356 0.4999809 
17357 0.4999809 
17358 0.4999809 
17359 0.4999809 
17360 0.4999809 
17361 0.4999809 
17362 0.4999809 
17363 0.4999809 
17364 0.4999809 
17365 0.4999809 
17366 0.4999809 
17367 0.4999809 
17368 0.4999809 
17369 0.4999809 
17370 0.4999809 
17371 0.4999809 
17372 0.4999809 
17373 0.4999809 
17374 0.4999809 
17375 0.4999809 
17376 0.4999809 
17377 0.4999809 
17378 0.4999809 
17379 0.4999809 
17380 0.4999809 
17381 0.4999809 
17382 0.4999809 
17383 0.4999809 
17384 0.4999809 
17385 0.4999809 
17386 0.4999809 
17387 0.4999809 
17388 0.4999809 
17389 0.4999809 
17390 0.4999809 
17391 0.4999809 
17392 0.4999809 
17393 0.4999809 
17394 0.4999809 
17395 0.4999809 
17396 0.4999809 
17397 0.4999809 
17398 0.4999809 
17399 0.4999809 
17400 0.4999809 
17401 0.4999809 
17402 0.4999809 
17403 0.4999809 
17404 0.4999809 
17405 0.4999809 
17406 0.4999809 
17407 0.4999809 
17408 0.4999809 
17409 0.4999809 
17410 0.4999809 
17411 0.4999809 
17412 0.4999809 
17413 0.4999809 
17414 0.4999809 
17415 0.4999809 
17416 0.4999809 
17417 0.4999809 
17418 0.4999809 
17419 0.4999809 
17420 0.4999809 
17421 0.4999809 
17422 0.4999809 
17423 0.4999809 
17424 0.4999809 
17425 0.4999809 
17426 0.4999809 
17427 0.4999809 
17428 0.4999809 
17429 0.4999809 
17430 0.4999809 
17431 0.4999809 
17432 0.4999809 
17433 0.4999809 
17434 0.4999809 
17435 0.4999809 
17436 0.4999809 
17437 0.4999809 
17438 0.4999809 
17439 0.4999809 
17440 0.4999809 
17441 0.4999809 
17442 0.4999809 
17443 0.4999809 
17444 0.4999809 
17445 0.4999809 
17446 0.4999809 
17447 0.4999809 
17448 0.4999809 
17449 0.4999809 
17450 0.4999809 
17451 0.4999809 
17452 0.4999809 
17453 0.4999809 
17454 0.4999809 
17455 0.4999809 
17456 0.4999809 
17457 0.4999809 
17458 0.4999809 
17459 0.4999809 
17460 0.4999809 
17461 0.4999809 
17462 0.4999809 
17463 0.4999809 
17464 0.4999809 
17465 0.4999809 
17466 0.4999809 
17467 0.4999809 
17468 0.4999809 
17469 0.4999809 
17470 0.4999809 
17471 0.4999809 
17472 0.4999809 
17473 0.4999809 
17474 0.4999809 
17475 0.4999809 
17476 0.4999809 
17477 0.4999808 
17478 0.4999808 
17479 0.4999808 
17480 0.4999808 
17481 0.4999808 
17482 0.4999807 
17483 0.4999807 
17484 0.4999807 
17485 0.4999806 
17486 0.4999806 
17487 0.4999806 
17488 0.4999806 
17489 0.4999806 
17490 0.4999806 
17491 0.4999806 
17492 0.4999806 
17493 0.4999806 
17494 0.4999806 
17495 0.4999805 
17496 0.4999805 
17497 0.4999805 
17498 0.4999805 
17499 0.4999805 
17500 0.4999805 
17501 0.4999804 
17502 0.4999804 
17503 0.4999804 
17504 0.4999804 
17505 0.4999803 
17506 0.4999803 
17507 0.4999803 
17508 0.4999803 
17509 0.4999803 
17510 0.4999803 
17511 0.4999802 
17512 0.4999802 
17513 0.4999802 
17514 0.4999802 
17515 0.4999802 
17516 0.4999802 
17517 0.4999802 
17518 0.4999802 
17519 0.4999802 
17520 0.4999802 
17521 0.4999802 
17522 0.4999802 
17523 0.4999801 
17524 0.4999801 
17525 0.4999801 
17526 0.4999801 
17527 0.49998 
17528 0.49998 
17529 0.49998 
17530 0.49998 
17531 0.4999799 
17532 0.4999799 
17533 0.4999799 
17534 0.4999799 
17535 0.4999799 
17536 0.4999799 
17537 0.4999799 
17538 0.4999799 
17539 0.4999798 
17540 0.4999798 
17541 0.4999798 
17542 0.4999798 
17543 0.4999798 
17544 0.4999798 
17545 0.4999797 
17546 0.4999797 
17547 0.4999797 
17548 0.4999796 
17549 0.4999796 
17550 0.4999796 
17551 0.4999796 
17552 0.4999796 
17553 0.4999796 
17554 0.4999796 
17555 0.4999795 
17556 0.4999795 
17557 0.4999795 
17558 0.4999795 
17559 0.4999795 
17560 0.4999795 
17561 0.4999795 
17562 0.4999794 
17563 0.4999794 
17564 0.4999794 
17565 0.4999794 
17566 0.4999794 
17567 0.4999793 
17568 0.4999793 
17569 0.4999793 
17570 0.4999793 
17571 0.4999793 
17572 0.4999792 
17573 0.4999792 
17574 0.4999792 
17575 0.4999792 
17576 0.4999792 
17577 0.4999792 
17578 0.4999791 
17579 0.4999791 
17580 0.4999791 
17581 0.4999791 
17582 0.499979 
17583 0.499979 
17584 0.499979 
17585 0.4999789 
17586 0.4999789 
17587 0.4999789 
17588 0.4999789 
17589 0.4999789 
17590 0.4999789 
17591 0.4999789 
17592 0.4999789 
17593 0.4999789 
17594 0.4999788 
17595 0.4999788 
17596 0.4999788 
17597 0.4999788 
17598 0.4999788 
17599 0.4999788 
17600 0.4999788 
17601 0.4999787 
17602 0.4999787 
17603 0.4999787 
17604 0.4999787 
17605 0.4999786 
17606 0.4999786 
17607 0.4999786 
17608 0.4999786 
17609 0.4999785 
17610 0.4999785 
17611 0.4999785 
17612 0.4999785 
17613 0.4999785 
17614 0.4999785 
17615 0.4999785 
17616 0.4999785 
17617 0.4999784 
17618 0.4999784 
17619 0.4999784 
17620 0.4999784 
17621 0.4999784 
17622 0.4999784 
17623 0.4999783 
17624 0.4999783 
17625 0.4999783 
17626 0.4999783 
17627 0.4999783 
17628 0.4999783 
17629 0.4999783 
17630 0.4999783 
17631 0.4999783 
17632 0.4999783 
17633 0.4999783 
17634 0.4999783 
17635 0.4999783 
17636 0.4999783 
17637 0.4999783 
17638 0.4999783 
17639 0.4999783 
17640 0.4999783 
17641 0.4999783 
17642 0.4999783 
17643 0.4999783 
17644 0.4999783 
17645 0.4999783 
17646 0.4999783 
17647 0.4999783 
17648 0.4999783 
17649 0.4999783 
17650 0.4999783 
17651 0.4999783 
17652 0.4999783 
17653 0.4999783 
17654 0.4999783 
17655 0.4999783 
17656 0.4999783 
17657 0.4999783 
17658 0.4999783 
17659 0.4999783 
17660 0.4999783 
17661 0.4999783 
17662 0.4999783 
17663 0.4999783 
17664 0.4999783 
17665 0.4999783 
17666 0.4999783 
17667 0.4999783 
17668 0.4999783 
17669 0.4999783 
17670 0.4999783 
17671 0.4999783 
17672 0.4999783 
17673 0.4999783 
17674 0.4999783 
17675 0.4999783 
17676 0.4999783 
17677 0.4999783 
17678 0.4999783 
17679 0.4999783 
17680 0.4999783 
17681 0.4999783 
17682 0.4999783 
17683 0.4999783 
17684 0.4999783 
17685 0.4999783 
17686 0.4999783 
17687 0.4999783 
17688 0.4999783 
17689 0.4999783 
17690 0.4999783 
17691 0.4999783 
17692 0.4999783 
17693 0.4999783 
17694 0.4999783 
17695 0.4999782 
17696 0.4999782 
17697 0.4999782 
17698 0.4999782 
17699 0.4999782 
17700 0.4999782 
17701 0.4999782 
17702 0.4999781 
17703 0.4999781 
17704 0.4999781 
17705 0.4999781 
17706 0.4999781 
17707 0.4999781 
17708 0.499978 
17709 0.499978 
17710 0.499978 
17711 0.499978 
17712 0.4999779 
17713 0.4999779 
17714 0.4999779 
17715 0.4999779 
17716 0.4999779 
17717 0.4999779 
17718 0.4999778 
17719 0.4999778 
17720 0.4999778 
17721 0.4999778 
17722 0.4999778 
17723 0.4999778 
17724 0.4999778 
17725 0.4999777 
17726 0.4999777 
17727 0.4999777 
17728 0.4999777 
17729 0.4999776 
17730 0.4999776 
17731 0.4999776 
17732 0.4999776 
17733 0.4999776 
17734 0.4999775 
17735 0.4999775 
17736 0.4999775 
17737 0.4999775 
17738 0.4999775 
17739 0.4999775 
17740 0.4999774 
17741 0.4999774 
17742 0.4999774 
17743 0.4999774 
17744 0.4999774 
17745 0.4999773 
17746 0.4999773 
17747 0.4999772 
17748 0.4999772 
17749 0.4999772 
17750 0.4999772 
17751 0.4999772 
17752 0.4999772 
17753 0.4999772 
17754 0.4999772 
17755 0.4999772 
17756 0.4999772 
17757 0.4999772 
17758 0.4999772 
17759 0.4999772 
17760 0.4999772 
17761 0.4999772 
17762 0.4999772 
17763 0.4999772 
17764 0.4999772 
17765 0.4999772 
17766 0.4999772 
17767 0.4999772 
17768 0.4999772 
17769 0.4999772 
17770 0.4999772 
17771 0.4999772 
17772 0.4999772 
17773 0.4999772 
17774 0.4999772 
17775 0.4999772 
17776 0.4999772 
17777 0.4999772 
17778 0.4999772 
17779 0.4999772 
17780 0.4999772 
17781 0.4999772 
17782 0.4999772 
17783 0.4999772 
17784 0.4999772 
17785 0.4999772 
17786 0.4999772 
17787 0.4999772 
17788 0.4999772 
17789 0.4999772 
17790 0.4999772 
17791 0.4999772 
17792 0.4999772 
17793 0.4999772 
17794 0.4999772 
17795 0.4999772 
17796 0.4999772 
17797 0.4999772 
17798 0.4999772 
17799 0.4999772 
17800 0.4999772 
17801 0.4999772 
17802 0.4999772 
17803 0.4999772 
17804 0.4999772 
17805 0.4999772 
17806 0.4999772 
17807 0.4999772 
17808 0.4999772 
17809 0.4999772 
17810 0.4999772 
17811 0.4999772 
17812 0.4999772 
17813 0.4999772 
17814 0.4999772 
17815 0.4999772 
17816 0.4999772 
17817 0.4999772 
17818 0.4999772 
17819 0.4999772 
17820 0.4999772 
17821 0.4999772 
17822 0.4999772 
17823 0.4999772 
17824 0.4999772 
17825 0.4999772 
17826 0.4999772 
17827 0.4999772 
17828 0.4999772 
17829 0.4999772 
17830 0.4999772 
17831 0.4999772 
17832 0.4999772 
17833 0.4999772 
17834 0.4999772 
17835 0.4999772 
17836 0.4999772 
17837 0.4999772 
17838 0.4999772 
17839 0.4999772 
17840 0.4999772 
17841 0.4999772 
17842 0.4999772 
17843 0.4999772 
17844 0.4999772 
17845 0.4999772 
17846 0.4999772 
17847 0.4999772 
17848 0.4999772 
17849 0.4999772 
17850 0.4999772 
17851 0.4999772 
17852 0.4999772 
17853 0.4999772 
17854 0.4999772 
17855 0.4999772 
17856 0.4999772 
17857 0.4999772 
17858 0.4999772 
17859 0.4999772 
17860 0.4999772 
17861 0.4999772 
17862 0.4999772 
17863 0.4999772 
17864 0.4999772 
17865 0.4999772 
17866 0.4999772 
17867 0.4999772 
17868 0.4999772 
17869 0.4999772 
17870 0.4999772 
17871 0.4999772 
17872 0.4999772 
17873 0.4999772 
17874 0.4999772 
17875 0.4999772 
17876 0.4999772 
17877 0.4999772 
17878 0.4999772 
17879 0.4999772 
17880 0.4999772 
17881 0.4999772 
17882 0.4999771 
17883 0.4999771 
17884 0.4999771 
17885 0.4999771 
17886 0.4999771 
17887 0.4999771 
17888 0.499977 
17889 0.499977 
17890 0.499977 
17891 0.499977 
17892 0.499977 
17893 0.4999769 
17894 0.4999769 
17895 0.4999769 
17896 0.4999769 
17897 0.4999769 
17898 0.4999769 
17899 0.4999768 
17900 0.4999768 
17901 0.4999768 
17902 0.4999768 
17903 0.4999768 
17904 0.4999768 
17905 0.4999768 
17906 0.4999768 
17907 0.4999768 
17908 0.4999768 
17909 0.4999768 
17910 0.4999768 
17911 0.4999768 
17912 0.4999768 
17913 0.4999768 
17914 0.4999768 
17915 0.4999768 
17916 0.4999768 
17917 0.4999768 
17918 0.4999768 
17919 0.4999768 
17920 0.4999768 
17921 0.4999768 
17922 0.4999768 
17923 0.4999768 
17924 0.4999768 
17925 0.4999768 
17926 0.4999768 
17927 0.4999768 
17928 0.4999768 
17929 0.4999768 
17930 0.4999768 
17931 0.4999768 
17932 0.4999768 
17933 0.4999768 
17934 0.4999768 
17935 0.4999768 
17936 0.4999768 
17937 0.4999768 
17938 0.4999768 
17939 0.4999768 
17940 0.4999768 
17941 0.4999768 
17942 0.4999768 
17943 0.4999768 
17944 0.4999768 
17945 0.4999768 
17946 0.4999768 
17947 0.4999768 
17948 0.4999768 
17949 0.4999768 
17950 0.4999768 
17951 0.4999768 
17952 0.4999768 
17953 0.4999768 
17954 0.4999767 
17955 0.4999767 
17956 0.4999767 
17957 0.4999767 
17958 0.4999766 
17959 0.4999766 
17960 0.4999765 
17961 0.4999765 
17962 0.4999765 
17963 0.4999765 
17964 0.4999765 
17965 0.4999765 
17966 0.4999765 
17967 0.4999764 
17968 0.4999764 
17969 0.4999764 
17970 0.4999764 
17971 0.4999764 
17972 0.4999764 
17973 0.4999764 
17974 0.4999764 
17975 0.4999764 
17976 0.4999764 
17977 0.4999764 
17978 0.4999764 
17979 0.4999764 
17980 0.4999763 
17981 0.4999763 
17982 0.4999763 
17983 0.4999763 
17984 0.4999763 
17985 0.4999763 
17986 0.4999763 
17987 0.4999763 
17988 0.4999763 
17989 0.4999763 
17990 0.4999763 
17991 0.4999763 
17992 0.4999763 
17993 0.4999763 
17994 0.4999763 
17995 0.4999763 
17996 0.4999763 
17997 0.4999763 
17998 0.4999763 
17999 0.4999763 
18000 0.4999763 
18001 0.4999763 
18002 0.4999763 
18003 0.4999763 
18004 0.4999763 
18005 0.4999763 
18006 0.4999763 
18007 0.4999762 
18008 0.4999762 
18009 0.4999762 
18010 0.4999762 
18011 0.4999762 
18012 0.4999762 
18013 0.4999762 
18014 0.4999762 
18015 0.4999762 
18016 0.4999762 
18017 0.4999762 
18018 0.4999762 
18019 0.4999762 
18020 0.4999762 
18021 0.4999762 
18022 0.4999762 
18023 0.4999762 
18024 0.4999762 
18025 0.4999762 
18026 0.4999762 
18027 0.4999762 
18028 0.4999762 
18029 0.4999762 
18030 0.4999762 
18031 0.4999762 
18032 0.4999762 
18033 0.4999762 
18034 0.4999762 
18035 0.4999762 
18036 0.4999762 
18037 0.4999762 
18038 0.4999762 
18039 0.4999762 
18040 0.4999762 
18041 0.4999762 
18042 0.4999762 
18043 0.4999762 
18044 0.4999762 
18045 0.4999762 
18046 0.4999762 
18047 0.4999761 
18048 0.4999761 
18049 0.4999761 
18050 0.4999761 
18051 0.4999761 
18052 0.4999761 
18053 0.4999761 
18054 0.499976 
18055 0.499976 
18056 0.499976 
18057 0.499976 
18058 0.4999759 
18059 0.4999759 
18060 0.4999759 
18061 0.4999758 
18062 0.4999758 
18063 0.4999758 
18064 0.4999758 
18065 0.4999758 
18066 0.4999758 
18067 0.4999758 
18068 0.4999758 
18069 0.4999758 
18070 0.4999757 
18071 0.4999757 
18072 0.4999757 
18073 0.4999757 
18074 0.4999757 
18075 0.4999757 
18076 0.4999756 
18077 0.4999756 
18078 0.4999756 
18079 0.4999756 
18080 0.4999756 
18081 0.4999755 
18082 0.4999755 
18083 0.4999755 
18084 0.4999755 
18085 0.4999754 
18086 0.4999754 
18087 0.4999754 
18088 0.4999754 
18089 0.4999754 
18090 0.4999754 
18091 0.4999754 
18092 0.4999754 
18093 0.4999754 
18094 0.4999754 
18095 0.4999754 
18096 0.4999754 
18097 0.4999754 
18098 0.4999754 
18099 0.4999754 
18100 0.4999754 
18101 0.4999754 
18102 0.4999754 
18103 0.4999754 
18104 0.4999754 
18105 0.4999754 
18106 0.4999754 
18107 0.4999754 
18108 0.4999754 
18109 0.4999754 
18110 0.4999754 
18111 0.4999754 
18112 0.4999754 
18113 0.4999754 
18114 0.4999754 
18115 0.4999754 
18116 0.4999754 
18117 0.4999754 
18118 0.4999754 
18119 0.4999754 
18120 0.4999754 
18121 0.4999754 
18122 0.4999754 
18123 0.4999754 
18124 0.4999754 
18125 0.4999754 
18126 0.4999754 
18127 0.4999754 
18128 0.4999754 
18129 0.4999754 
18130 0.4999754 
18131 0.4999754 
18132 0.4999754 
18133 0.4999754 
18134 0.4999754 
18135 0.4999754 
18136 0.4999754 
18137 0.4999754 
18138 0.4999754 
18139 0.4999754 
18140 0.4999754 
18141 0.4999754 
18142 0.4999754 
18143 0.4999754 
18144 0.4999754 
18145 0.4999754 
18146 0.4999754 
18147 0.4999754 
18148 0.4999754 
18149 0.4999754 
18150 0.4999754 
18151 0.4999754 
18152 0.4999754 
18153 0.4999754 
18154 0.4999754 
18155 0.4999754 
18156 0.4999754 
18157 0.4999754 
18158 0.4999754 
18159 0.4999754 
18160 0.4999754 
18161 0.4999754 
18162 0.4999754 
18163 0.4999754 
18164 0.4999754 
18165 0.4999754 
18166 0.4999754 
18167 0.4999754 
18168 0.4999754 
18169 0.4999754 
18170 0.4999754 
18171 0.4999754 
18172 0.4999754 
18173 0.4999754 
18174 0.4999754 
18175 0.4999753 
18176 0.4999753 
18177 0.4999753 
18178 0.4999753 
18179 0.4999752 
18180 0.4999752 
18181 0.4999752 
18182 0.4999752 
18183 0.4999751 
18184 0.4999751 
18185 0.4999751 
18186 0.4999751 
18187 0.4999751 
18188 0.4999751 
18189 0.4999751 
18190 0.4999751 
18191 0.499975 
18192 0.499975 
18193 0.499975 
18194 0.499975 
18195 0.499975 
18196 0.4999749 
18197 0.4999749 
18198 0.4999748 
18199 0.4999748 
18200 0.4999748 
18201 0.4999748 
18202 0.4999748 
18203 0.4999748 
18204 0.4999748 
18205 0.4999747 
18206 0.4999747 
18207 0.4999747 
18208 0.4999747 
18209 0.4999747 
18210 0.4999747 
18211 0.4999747 
18212 0.4999747 
18213 0.4999747 
18214 0.4999747 
18215 0.4999747 
18216 0.4999747 
18217 0.4999747 
18218 0.4999747 
18219 0.4999747 
18220 0.4999747 
18221 0.4999747 
18222 0.4999747 
18223 0.4999747 
18224 0.4999747 
18225 0.4999747 
18226 0.4999747 
18227 0.4999747 
18228 0.4999747 
18229 0.4999747 
18230 0.4999747 
18231 0.4999747 
18232 0.4999747 
18233 0.4999747 
18234 0.4999747 
18235 0.4999747 
18236 0.4999746 
18237 0.4999746 
18238 0.4999746 
18239 0.4999746 
18240 0.4999746 
18241 0.4999746 
18242 0.4999746 
18243 0.4999746 
18244 0.4999746 
18245 0.4999745 
18246 0.4999745 
18247 0.4999745 
18248 0.4999745 
18249 0.4999745 
18250 0.4999745 
18251 0.4999744 
18252 0.4999744 
18253 0.4999744 
18254 0.4999744 
18255 0.4999744 
18256 0.4999744 
18257 0.4999744 
18258 0.4999743 
18259 0.4999743 
18260 0.4999743 
18261 0.4999743 
18262 0.4999743 
18263 0.4999742 
18264 0.4999742 
18265 0.4999741 
18266 0.4999741 
18267 0.4999741 
18268 0.4999741 
18269 0.4999741 
18270 0.4999741 
18271 0.4999741 
18272 0.4999741 
18273 0.4999741 
18274 0.4999741 
18275 0.4999741 
18276 0.4999741 
18277 0.4999741 
18278 0.4999741 
18279 0.4999741 
18280 0.4999741 
18281 0.4999741 
18282 0.4999741 
18283 0.4999741 
18284 0.4999741 
18285 0.4999741 
18286 0.4999741 
18287 0.4999741 
18288 0.4999741 
18289 0.4999741 
18290 0.4999741 
18291 0.4999741 
18292 0.4999741 
18293 0.4999741 
18294 0.4999741 
18295 0.4999741 
18296 0.4999741 
18297 0.4999741 
18298 0.4999741 
18299 0.4999741 
18300 0.4999741 
18301 0.4999741 
18302 0.4999741 
18303 0.4999741 
18304 0.4999741 
18305 0.4999741 
18306 0.4999741 
18307 0.4999741 
18308 0.4999741 
18309 0.4999741 
18310 0.4999741 
18311 0.4999741 
18312 0.4999741 
18313 0.4999741 
18314 0.4999741 
18315 0.4999741 
18316 0.4999741 
18317 0.4999741 
18318 0.4999741 
18319 0.4999741 
18320 0.4999741 
18321 0.4999741 
18322 0.4999741 
18323 0.4999741 
18324 0.4999741 
18325 0.4999741 
18326 0.4999741 
18327 0.4999741 
18328 0.4999741 
18329 0.4999741 
18330 0.4999741 
18331 0.4999741 
18332 0.4999741 
18333 0.4999741 
18334 0.4999741 
18335 0.4999741 
18336 0.4999741 
18337 0.4999741 
18338 0.4999741 
18339 0.4999741 
18340 0.4999741 
18341 0.4999741 
18342 0.4999741 
18343 0.4999741 
18344 0.4999741 
18345 0.4999741 
18346 0.4999741 
18347 0.4999741 
18348 0.4999741 
18349 0.4999741 
18350 0.4999741 
18351 0.4999741 
18352 0.4999741 
18353 0.4999741 
18354 0.4999741 
18355 0.4999741 
18356 0.4999741 
18357 0.4999741 
18358 0.4999741 
18359 0.4999741 
18360 0.4999741 
18361 0.4999741 
18362 0.4999741 
18363 0.4999741 
18364 0.4999741 
18365 0.4999741 
18366 0.4999741 
18367 0.4999741 
18368 0.4999741 
18369 0.4999741 
18370 0.4999741 
18371 0.4999741 
18372 0.4999741 
18373 0.4999741 
18374 0.4999741 
18375 0.4999741 
18376 0.4999741 
18377 0.4999741 
18378 0.4999741 
18379 0.4999741 
18380 0.4999741 
18381 0.4999741 
18382 0.4999741 
18383 0.4999741 
18384 0.4999741 
18385 0.4999741 
18386 0.4999741 
18387 0.4999741 
18388 0.4999741 
18389 0.4999741 
18390 0.4999741 
18391 0.4999741 
18392 0.4999741 
18393 0.4999741 
18394 0.4999741 
18395 0.4999741 
18396 0.4999741 
18397 0.4999741 
18398 0.4999741 
18399 0.4999741 
18400 0.4999741 
18401 0.4999741 
18402 0.4999741 
18403 0.4999741 
18404 0.4999741 
18405 0.4999741 
18406 0.4999741 
18407 0.499974 
18408 0.499974 
18409 0.499974 
18410 0.499974 
18411 0.499974 
18412 0.499974 
18413 0.4999739 
18414 0.4999739 
18415 0.4999739 
18416 0.4999739 
18417 0.4999738 
18418 0.4999738 
18419 0.4999738 
18420 0.4999737 
18421 0.4999737 
18422 0.4999737 
18423 0.4999737 
18424 0.4999737 
18425 0.4999737 
18426 0.4999736 
18427 0.4999736 
18428 0.4999736 
18429 0.4999735 
18430 0.4999735 
18431 0.4999735 
18432 0.4999734 
18433 0.4999734 
18434 0.4999734 
18435 0.4999734 
18436 0.4999734 
18437 0.4999734 
18438 0.4999734 
18439 0.4999733 
18440 0.4999733 
18441 0.4999733 
18442 0.4999733 
18443 0.4999733 
18444 0.4999733 
18445 0.4999733 
18446 0.4999732 
18447 0.4999732 
18448 0.4999732 
18449 0.4999732 
18450 0.4999732 
18451 0.4999731 
18452 0.4999731 
18453 0.4999731 
18454 0.4999731 
18455 0.499973 
18456 0.499973 
18457 0.499973 
18458 0.499973 
18459 0.499973 
18460 0.499973 
18461 0.499973 
18462 0.4999729 
18463 0.4999729 
18464 0.4999729 
18465 0.4999728 
18466 0.4999728 
18467 0.4999728 
18468 0.4999727 
18469 0.4999727 
18470 0.4999727 
18471 0.4999727 
18472 0.4999727 
18473 0.4999727 
18474 0.4999726 
18475 0.4999726 
18476 0.4999726 
18477 0.4999726 
18478 0.4999725 
18479 0.4999725 
18480 0.4999724 
18481 0.4999724 
18482 0.4999724 
18483 0.4999724 
18484 0.4999724 
18485 0.4999724 
18486 0.4999724 
18487 0.4999723 
18488 0.4999723 
18489 0.4999723 
18490 0.4999723 
18491 0.4999723 
18492 0.4999723 
18493 0.4999723 
18494 0.4999722 
18495 0.4999722 
18496 0.4999722 
18497 0.4999722 
18498 0.4999722 
18499 0.4999721 
18500 0.4999721 
18501 0.4999721 
18502 0.4999721 
18503 0.4999721 
18504 0.4999721 
18505 0.4999721 
18506 0.4999721 
18507 0.4999721 
18508 0.4999721 
18509 0.4999721 
18510 0.4999721 
18511 0.4999721 
18512 0.4999721 
18513 0.4999721 
18514 0.4999721 
18515 0.4999721 
18516 0.4999721 
18517 0.4999721 
18518 0.4999721 
18519 0.4999721 
18520 0.4999721 
18521 0.4999721 
18522 0.4999721 
18523 0.4999721 
18524 0.4999721 
18525 0.499972 
18526 0.499972 
18527 0.499972 
18528 0.499972 
18529 0.499972 
18530 0.499972 
18531 0.499972 
18532 0.4999719 
18533 0.4999719 
18534 0.4999719 
18535 0.4999719 
18536 0.4999719 
18537 0.4999718 
18538 0.4999718 
18539 0.4999717 
18540 0.4999717 
18541 0.4999717 
18542 0.4999717 
18543 0.4999717 
18544 0.4999717 
18545 0.4999717 
18546 0.4999717 
18547 0.4999716 
18548 0.4999716 
18549 0.4999716 
18550 0.4999716 
18551 0.4999716 
18552 0.4999716 
18553 0.4999716 
18554 0.4999715 
18555 0.4999715 
18556 0.4999715 
18557 0.4999715 
18558 0.4999715 
18559 0.4999714 
18560 0.4999714 
18561 0.4999714 
18562 0.4999713 
18563 0.4999713 
18564 0.4999713 
18565 0.4999713 
18566 0.4999713 
18567 0.4999713 
18568 0.4999712 
18569 0.4999712 
18570 0.4999712 
18571 0.4999712 
18572 0.4999711 
18573 0.4999711 
18574 0.4999711 
18575 0.499971 
18576 0.499971 
18577 0.499971 
18578 0.499971 
18579 0.499971 
18580 0.499971 
18581 0.499971 
18582 0.499971 
18583 0.499971 
18584 0.499971 
18585 0.499971 
18586 0.499971 
18587 0.499971 
18588 0.499971 
18589 0.499971 
18590 0.499971 
18591 0.499971 
18592 0.499971 
18593 0.499971 
18594 0.499971 
18595 0.499971 
18596 0.499971 
18597 0.499971 
18598 0.499971 
18599 0.499971 
18600 0.499971 
18601 0.499971 
18602 0.499971 
18603 0.499971 
18604 0.499971 
18605 0.499971 
18606 0.499971 
18607 0.499971 
18608 0.499971 
18609 0.499971 
18610 0.499971 
18611 0.499971 
18612 0.499971 
18613 0.499971 
18614 0.499971 
18615 0.499971 
18616 0.499971 
18617 0.499971 
18618 0.499971 
18619 0.499971 
18620 0.499971 
18621 0.499971 
18622 0.499971 
18623 0.499971 
18624 0.499971 
18625 0.499971 
18626 0.499971 
18627 0.499971 
18628 0.499971 
18629 0.499971 
18630 0.499971 
18631 0.499971 
18632 0.499971 
18633 0.499971 
18634 0.499971 
18635 0.499971 
18636 0.499971 
18637 0.499971 
18638 0.499971 
18639 0.499971 
18640 0.499971 
18641 0.499971 
18642 0.499971 
18643 0.499971 
18644 0.499971 
18645 0.499971 
18646 0.499971 
18647 0.499971 
18648 0.499971 
18649 0.499971 
18650 0.499971 
18651 0.499971 
18652 0.499971 
18653 0.499971 
18654 0.499971 
18655 0.499971 
18656 0.499971 
18657 0.499971 
18658 0.499971 
18659 0.499971 
18660 0.499971 
18661 0.499971 
18662 0.499971 
18663 0.499971 
18664 0.499971 
18665 0.499971 
18666 0.499971 
18667 0.499971 
18668 0.499971 
18669 0.499971 
18670 0.499971 
18671 0.499971 
18672 0.499971 
18673 0.499971 
18674 0.499971 
18675 0.499971 
18676 0.499971 
18677 0.499971 
18678 0.499971 
18679 0.499971 
18680 0.499971 
18681 0.499971 
18682 0.499971 
18683 0.499971 
18684 0.499971 
18685 0.499971 
18686 0.499971 
18687 0.4999709 
18688 0.4999709 
18689 0.4999709 
18690 0.4999709 
18691 0.4999709 
18692 0.4999708 
18693 0.4999708 
18694 0.4999708 
18695 0.4999708 
18696 0.4999708 
18697 0.4999707 
18698 0.4999707 
18699 0.4999707 
18700 0.4999707 
18701 0.4999706 
18702 0.4999706 
18703 0.4999706 
18704 0.4999706 
18705 0.4999706 
18706 0.4999706 
18707 0.4999706 
18708 0.4999706 
18709 0.4999706 
18710 0.4999706 
18711 0.4999706 
18712 0.4999706 
18713 0.4999706 
18714 0.4999706 
18715 0.4999706 
18716 0.4999706 
18717 0.4999706 
18718 0.4999706 
18719 0.4999706 
18720 0.4999706 
18721 0.4999706 
18722 0.4999706 
18723 0.4999706 
18724 0.4999706 
18725 0.4999706 
18726 0.4999706 
18727 0.4999706 
18728 0.4999706 
18729 0.4999706 
18730 0.4999706 
18731 0.4999706 
18732 0.4999706 
18733 0.4999706 
18734 0.4999706 
18735 0.4999706 
18736 0.4999706 
18737 0.4999706 
18738 0.4999706 
18739 0.4999706 
18740 0.4999705 
18741 0.4999705 
18742 0.4999705 
18743 0.4999704 
18744 0.4999704 
18745 0.4999704 
18746 0.4999703 
18747 0.4999703 
18748 0.4999703 
18749 0.4999703 
18750 0.4999703 
18751 0.4999703 
18752 0.4999703 
18753 0.4999702 
18754 0.4999702 
18755 0.4999702 
18756 0.4999702 
18757 0.4999702 
18758 0.4999702 
18759 0.4999702 
18760 0.4999701 
18761 0.4999701 
18762 0.4999701 
18763 0.4999701 
18764 0.49997 
18765 0.49997 
18766 0.49997 
18767 0.49997 
18768 0.49997 
18769 0.49997 
18770 0.49997 
18771 0.49997 
18772 0.4999699 
18773 0.4999699 
18774 0.4999699 
18775 0.4999699 
18776 0.4999699 
18777 0.4999699 
18778 0.4999698 
18779 0.4999698 
18780 0.4999698 
18781 0.4999698 
18782 0.4999697 
18783 0.4999697 
18784 0.4999697 
18785 0.4999697 
18786 0.4999696 
18787 0.4999696 
18788 0.4999696 
18789 0.4999696 
18790 0.4999696 
18791 0.4999696 
18792 0.4999696 
18793 0.4999695 
18794 0.4999695 
18795 0.4999695 
18796 0.4999695 
18797 0.4999695 
18798 0.4999694 
18799 0.4999694 
18800 0.4999694 
18801 0.4999693 
18802 0.4999693 
18803 0.4999693 
18804 0.4999693 
18805 0.4999693 
18806 0.4999693 
18807 0.4999693 
18808 0.4999692 
18809 0.4999692 
18810 0.4999692 
18811 0.4999692 
18812 0.4999692 
18813 0.4999692 
18814 0.4999691 
18815 0.4999691 
18816 0.4999691 
18817 0.4999691 
18818 0.4999691 
18819 0.499969 
18820 0.499969 
18821 0.499969 
18822 0.499969 
18823 0.499969 
18824 0.499969 
18825 0.499969 
18826 0.4999689 
18827 0.4999689 
18828 0.4999689 
18829 0.4999689 
18830 0.4999689 
18831 0.4999689 
18832 0.4999689 
18833 0.4999689 
18834 0.4999689 
18835 0.4999689 
18836 0.4999689 
18837 0.4999689 
18838 0.4999689 
18839 0.4999689 
18840 0.4999689 
18841 0.4999688 
18842 0.4999688 
18843 0.4999688 
18844 0.4999688 
18845 0.4999688 
18846 0.4999687 
18847 0.4999687 
18848 0.4999687 
18849 0.4999687 
18850 0.4999687 
18851 0.4999686 
18852 0.4999686 
18853 0.4999686 
18854 0.4999686 
18855 0.4999686 
18856 0.4999686 
18857 0.4999686 
18858 0.4999686 
18859 0.4999686 
18860 0.4999685 
18861 0.4999685 
18862 0.4999685 
18863 0.4999685 
18864 0.4999684 
18865 0.4999684 
18866 0.4999684 
18867 0.4999684 
18868 0.4999684 
18869 0.4999683 
18870 0.4999683 
18871 0.4999683 
18872 0.4999682 
18873 0.4999682 
18874 0.4999682 
18875 0.4999682 
18876 0.4999682 
18877 0.4999682 
18878 0.4999682 
18879 0.4999681 
18880 0.4999681 
18881 0.4999681 
18882 0.4999681 
18883 0.499968 
18884 0.499968 
18885 0.499968 
18886 0.499968 
18887 0.499968 
18888 0.4999679 
18889 0.4999679 
18890 0.4999679 
18891 0.4999679 
18892 0.4999679 
18893 0.4999679 
18894 0.4999678 
18895 0.4999678 
18896 0.4999678 
18897 0.4999678 
18898 0.4999678 
18899 0.4999677 
18900 0.4999677 
18901 0.4999677 
18902 0.4999676 
18903 0.4999676 
18904 0.4999676 
18905 0.4999676 
18906 0.4999676 
18907 0.4999676 
18908 0.4999676 
18909 0.4999676 
18910 0.4999676 
18911 0.4999676 
18912 0.4999676 
18913 0.4999676 
18914 0.4999676 
18915 0.4999675 
18916 0.4999675 
18917 0.4999675 
18918 0.4999675 
18919 0.4999675 
18920 0.4999675 
18921 0.4999674 
18922 0.4999674 
18923 0.4999674 
18924 0.4999674 
18925 0.4999674 
18926 0.4999674 
18927 0.4999673 
18928 0.4999673 
18929 0.4999673 
18930 0.4999673 
18931 0.4999672 
18932 0.4999672 
18933 0.4999672 
18934 0.4999672 
18935 0.4999672 
18936 0.4999672 
18937 0.4999672 
18938 0.4999672 
18939 0.4999671 
18940 0.4999671 
18941 0.4999671 
18942 0.4999671 
18943 0.4999671 
18944 0.499967 
18945 0.499967 
18946 0.499967 
18947 0.4999669 
18948 0.4999669 
18949 0.4999669 
18950 0.4999669 
18951 0.4999669 
18952 0.4999669 
18953 0.4999669 
18954 0.4999669 
18955 0.4999668 
18956 0.4999668 
18957 0.4999668 
18958 0.4999668 
18959 0.4999668 
18960 0.4999668 
18961 0.4999667 
18962 0.4999667 
18963 0.4999667 
18964 0.4999667 
18965 0.4999667 
18966 0.4999666 
18967 0.4999666 
18968 0.4999666 
18969 0.4999666 
18970 0.4999666 
18971 0.4999666 
18972 0.4999666 
18973 0.4999666 
18974 0.4999666 
18975 0.4999666 
18976 0.4999666 
18977 0.4999666 
18978 0.4999666 
18979 0.4999666 
18980 0.4999666 
18981 0.4999666 
18982 0.4999666 
18983 0.4999666 
18984 0.4999666 
18985 0.4999666 
18986 0.4999666 
18987 0.4999666 
18988 0.4999666 
18989 0.4999666 
18990 0.4999666 
18991 0.4999666 
18992 0.4999666 
18993 0.4999666 
18994 0.4999666 
18995 0.4999665 
18996 0.4999665 
18997 0.4999665 
18998 0.4999665 
18999 0.4999665 
19000 0.4999665 
19001 0.4999665 
19002 0.4999665 
19003 0.4999665 
19004 0.4999665 
19005 0.4999665 
19006 0.4999665 
19007 0.4999665 
19008 0.4999665 
19009 0.4999664 
19010 0.4999664 
19011 0.4999664 
19012 0.4999664 
19013 0.4999664 
19014 0.4999663 
19015 0.4999663 
19016 0.4999663 
19017 0.4999662 
19018 0.4999662 
19019 0.4999662 
19020 0.4999662 
19021 0.4999662 
19022 0.4999662 
19023 0.4999662 
19024 0.4999662 
19025 0.4999662 
19026 0.4999662 
19027 0.4999661 
19028 0.4999661 
19029 0.4999661 
19030 0.4999661 
19031 0.4999661 
19032 0.4999661 
19033 0.4999661 
19034 0.4999661 
19035 0.4999661 
19036 0.4999661 
19037 0.499966 
19038 0.499966 
19039 0.499966 
19040 0.499966 
19041 0.499966 
19042 0.499966 
19043 0.499966 
19044 0.499966 
19045 0.499966 
19046 0.499966 
19047 0.499966 
19048 0.499966 
19049 0.499966 
19050 0.499966 
19051 0.499966 
19052 0.499966 
19053 0.499966 
19054 0.499966 
19055 0.499966 
19056 0.499966 
19057 0.499966 
19058 0.499966 
19059 0.499966 
19060 0.499966 
19061 0.499966 
19062 0.499966 
19063 0.499966 
19064 0.499966 
19065 0.499966 
19066 0.499966 
19067 0.499966 
19068 0.499966 
19069 0.499966 
19070 0.499966 
19071 0.499966 
19072 0.4999659 
19073 0.4999659 
19074 0.4999659 
19075 0.4999659 
19076 0.4999659 
19077 0.4999658 
19078 0.4999658 
19079 0.4999658 
19080 0.4999658 
19081 0.4999658 
19082 0.4999658 
19083 0.4999658 
19084 0.4999657 
19085 0.4999657 
19086 0.4999657 
19087 0.4999657 
19088 0.4999657 
19089 0.4999656 
19090 0.4999656 
19091 0.4999656 
19092 0.4999656 
19093 0.4999656 
19094 0.4999656 
19095 0.4999655 
19096 0.4999655 
19097 0.4999655 
19098 0.4999655 
19099 0.4999655 
19100 0.4999655 
19101 0.4999655 
19102 0.4999655 
19103 0.4999654 
19104 0.4999654 
19105 0.4999654 
19106 0.4999654 
19107 0.4999654 
19108 0.4999653 
19109 0.4999653 
19110 0.4999653 
19111 0.4999652 
19112 0.4999652 
19113 0.4999652 
19114 0.4999652 
19115 0.4999652 
19116 0.4999652 
19117 0.4999652 
19118 0.4999652 
19119 0.4999651 
19120 0.4999651 
19121 0.4999651 
19122 0.4999651 
19123 0.4999651 
19124 0.4999651 
19125 0.4999651 
19126 0.499965 
19127 0.499965 
19128 0.499965 
19129 0.499965 
19130 0.4999649 
19131 0.4999649 
19132 0.4999649 
19133 0.4999649 
19134 0.4999649 
19135 0.4999648 
19136 0.4999648 
19137 0.4999648 
19138 0.4999648 
19139 0.4999648 
19140 0.4999648 
19141 0.4999648 
19142 0.4999648 
19143 0.4999648 
19144 0.4999648 
19145 0.4999648 
19146 0.4999648 
19147 0.4999648 
19148 0.4999648 
19149 0.4999648 
19150 0.4999648 
19151 0.4999648 
19152 0.4999648 
19153 0.4999648 
19154 0.4999648 
19155 0.4999648 
19156 0.4999648 
19157 0.4999648 
19158 0.4999648 
19159 0.4999648 
19160 0.4999648 
19161 0.4999648 
19162 0.4999648 
19163 0.4999648 
19164 0.4999648 
19165 0.4999648 
19166 0.4999648 
19167 0.4999648 
19168 0.4999648 
19169 0.4999648 
19170 0.4999648 
19171 0.4999648 
19172 0.4999648 
19173 0.4999648 
19174 0.4999648 
19175 0.4999648 
19176 0.4999648 
19177 0.4999648 
19178 0.4999648 
19179 0.4999648 
19180 0.4999648 
19181 0.4999648 
19182 0.4999648 
19183 0.4999648 
19184 0.4999648 
19185 0.4999648 
19186 0.4999648 
19187 0.4999648 
19188 0.4999648 
19189 0.4999648 
19190 0.4999648 
19191 0.4999648 
19192 0.4999648 
19193 0.4999648 
19194 0.4999648 
19195 0.4999648 
19196 0.4999648 
19197 0.4999648 
19198 0.4999648 
19199 0.4999648 
19200 0.4999648 
19201 0.4999648 
19202 0.4999648 
19203 0.4999648 
19204 0.4999648 
19205 0.4999648 
19206 0.4999648 
19207 0.4999648 
19208 0.4999648 
19209 0.4999648 
19210 0.4999648 
19211 0.4999648 
19212 0.4999648 
19213 0.4999648 
19214 0.4999648 
19215 0.4999648 
19216 0.4999648 
19217 0.4999648 
19218 0.4999648 
19219 0.4999648 
19220 0.4999648 
19221 0.4999648 
19222 0.4999648 
19223 0.4999648 
19224 0.4999648 
19225 0.4999648 
19226 0.4999648 
19227 0.4999648 
19228 0.4999648 
19229 0.4999648 
19230 0.4999648 
19231 0.4999648 
19232 0.4999648 
19233 0.4999648 
19234 0.4999648 
19235 0.4999648 
19236 0.4999648 
19237 0.4999648 
19238 0.4999648 
19239 0.4999648 
19240 0.4999648 
19241 0.4999648 
19242 0.4999648 
19243 0.4999648 
19244 0.4999648 
19245 0.4999648 
19246 0.4999648 
19247 0.4999648 
19248 0.4999648 
19249 0.4999648 
19250 0.4999648 
19251 0.4999648 
19252 0.4999648 
19253 0.4999648 
19254 0.4999648 
19255 0.4999648 
19256 0.4999648 
19257 0.4999648 
19258 0.4999647 
19259 0.4999647 
19260 0.4999647 
19261 0.4999647 
19262 0.4999646 
19263 0.4999646 
19264 0.4999645 
19265 0.4999645 
19266 0.4999645 
19267 0.4999645 
19268 0.4999645 
19269 0.4999645 
19270 0.4999644 
19271 0.4999644 
19272 0.4999644 
19273 0.4999644 
19274 0.4999644 
19275 0.4999644 
19276 0.4999643 
19277 0.4999643 
19278 0.4999643 
19279 0.4999643 
19280 0.4999642 
19281 0.4999642 
19282 0.4999642 
19283 0.4999642 
19284 0.4999642 
19285 0.4999642 
19286 0.4999641 
19287 0.4999641 
19288 0.4999641 
19289 0.4999641 
19290 0.4999641 
19291 0.4999641 
19292 0.499964 
19293 0.499964 
19294 0.499964 
19295 0.499964 
19296 0.499964 
19297 0.4999639 
19298 0.4999639 
19299 0.4999639 
19300 0.4999639 
19301 0.4999639 
19302 0.4999639 
19303 0.4999639 
19304 0.4999639 
19305 0.4999638 
19306 0.4999638 
19307 0.4999638 
19308 0.4999638 
19309 0.4999638 
19310 0.4999638 
19311 0.4999638 
19312 0.4999638 
19313 0.4999638 
19314 0.4999637 
19315 0.4999637 
19316 0.4999637 
19317 0.4999637 
19318 0.4999636 
19319 0.4999636 
19320 0.4999636 
19321 0.4999636 
19322 0.4999636 
19323 0.4999635 
19324 0.4999635 
19325 0.4999635 
19326 0.4999634 
19327 0.4999634 
19328 0.4999634 
19329 0.4999634 
19330 0.4999634 
19331 0.4999634 
19332 0.4999634 
19333 0.4999633 
19334 0.4999633 
19335 0.4999633 
19336 0.4999633 
19337 0.4999632 
19338 0.4999632 
19339 0.4999632 
19340 0.4999632 
19341 0.4999631 
19342 0.4999631 
19343 0.4999631 
19344 0.4999631 
19345 0.4999631 
19346 0.4999631 
19347 0.4999631 
19348 0.4999631 
19349 0.4999631 
19350 0.499963 
19351 0.499963 
19352 0.499963 
19353 0.499963 
19354 0.499963 
19355 0.4999629 
19356 0.4999629 
19357 0.4999628 
19358 0.4999628 
19359 0.4999628 
19360 0.4999628 
19361 0.4999628 
19362 0.4999628 
19363 0.4999628 
19364 0.4999628 
19365 0.4999628 
19366 0.4999628 
19367 0.4999628 
19368 0.4999628 
19369 0.4999628 
19370 0.4999628 
19371 0.4999628 
19372 0.4999628 
19373 0.4999628 
19374 0.4999628 
19375 0.4999628 
19376 0.4999628 
19377 0.4999628 
19378 0.4999628 
19379 0.4999628 
19380 0.4999628 
19381 0.4999628 
19382 0.4999628 
19383 0.4999628 
19384 0.4999628 
19385 0.4999628 
19386 0.4999628 
19387 0.4999628 
19388 0.4999628 
19389 0.4999628 
19390 0.4999628 
19391 0.4999628 
19392 0.4999628 
19393 0.4999628 
19394 0.4999628 
19395 0.4999628 
19396 0.4999628 
19397 0.4999628 
19398 0.4999628 
19399 0.4999628 
19400 0.4999628 
19401 0.4999628 
19402 0.4999628 
19403 0.4999628 
19404 0.4999628 
19405 0.4999628 
19406 0.4999628 
19407 0.4999628 
19408 0.4999628 
19409 0.4999628 
19410 0.4999628 
19411 0.4999628 
19412 0.4999628 
19413 0.4999628 
19414 0.4999628 
19415 0.4999628 
19416 0.4999628 
19417 0.4999628 
19418 0.4999628 
19419 0.4999628 
19420 0.4999628 
19421 0.4999628 
19422 0.4999628 
19423 0.4999628 
19424 0.4999628 
19425 0.4999628 
19426 0.4999628 
19427 0.4999628 
19428 0.4999628 
19429 0.4999628 
19430 0.4999628 
19431 0.4999628 
19432 0.4999628 
19433 0.4999628 
19434 0.4999628 
19435 0.4999628 
19436 0.4999628 
19437 0.4999628 
19438 0.4999628 
19439 0.4999628 
19440 0.4999628 
19441 0.4999628 
19442 0.4999628 
19443 0.4999628 
19444 0.4999628 
19445 0.4999628 
19446 0.4999628 
19447 0.4999628 
19448 0.4999628 
19449 0.4999628 
19450 0.4999628 
19451 0.4999628 
19452 0.4999628 
19453 0.4999628 
19454 0.4999628 
19455 0.4999628 
19456 0.4999628 
19457 0.4999628 
19458 0.4999628 
19459 0.4999627 
19460 0.4999627 
19461 0.4999627 
19462 0.4999627 
19463 0.4999627 
19464 0.4999627 
19465 0.4999627 
19466 0.4999626 
19467 0.4999626 
19468 0.4999626 
19469 0.4999626 
19470 0.4999626 
19471 0.4999625 
19472 0.4999625 
19473 0.4999625 
19474 0.4999625 
19475 0.4999624 
19476 0.4999624 
19477 0.4999624 
19478 0.4999624 
19479 0.4999624 
19480 0.4999624 
19481 0.4999624 
19482 0.4999624 
19483 0.4999624 
19484 0.4999624 
19485 0.4999624 
19486 0.4999623 
19487 0.4999623 
19488 0.4999623 
19489 0.4999623 
19490 0.4999622 
19491 0.4999622 
19492 0.4999622 
19493 0.4999621 
19494 0.4999621 
19495 0.4999621 
19496 0.4999621 
19497 0.4999621 
19498 0.4999621 
19499 0.4999621 
19500 0.4999621 
19501 0.499962 
19502 0.499962 
19503 0.499962 
19504 0.499962 
19505 0.499962 
19506 0.499962 
19507 0.499962 
19508 0.499962 
19509 0.499962 
19510 0.499962 
19511 0.499962 
19512 0.499962 
19513 0.499962 
19514 0.499962 
19515 0.499962 
19516 0.499962 
19517 0.499962 
19518 0.499962 
19519 0.499962 
19520 0.499962 
19521 0.499962 
19522 0.499962 
19523 0.499962 
19524 0.499962 
19525 0.499962 
19526 0.499962 
19527 0.499962 
19528 0.499962 
19529 0.499962 
19530 0.499962 
19531 0.499962 
19532 0.499962 
19533 0.499962 
19534 0.499962 
19535 0.499962 
19536 0.499962 
19537 0.499962 
19538 0.499962 
19539 0.499962 
19540 0.499962 
19541 0.499962 
19542 0.499962 
19543 0.499962 
19544 0.499962 
19545 0.499962 
19546 0.499962 
19547 0.499962 
19548 0.499962 
19549 0.499962 
19550 0.499962 
19551 0.499962 
19552 0.499962 
19553 0.499962 
19554 0.499962 
19555 0.4999619 
19556 0.4999619 
19557 0.4999619 
19558 0.4999619 
19559 0.4999619 
19560 0.4999619 
19561 0.4999619 
19562 0.4999619 
19563 0.4999619 
19564 0.4999619 
19565 0.4999619 
19566 0.4999619 
19567 0.4999619 
19568 0.4999619 
19569 0.4999619 
19570 0.4999619 
19571 0.4999619 
19572 0.4999619 
19573 0.4999619 
19574 0.4999619 
19575 0.4999619 
19576 0.4999619 
19577 0.4999619 
19578 0.4999619 
19579 0.4999619 
19580 0.4999619 
19581 0.4999619 
19582 0.4999619 
19583 0.4999619 
19584 0.4999619 
19585 0.4999618 
19586 0.4999618 
19587 0.4999618 
19588 0.4999617 
19589 0.4999617 
19590 0.4999617 
19591 0.4999617 
19592 0.4999617 
19593 0.4999617 
19594 0.4999616 
19595 0.4999616 
19596 0.4999616 
19597 0.4999616 
19598 0.4999615 
19599 0.4999615 
19600 0.4999615 
19601 0.4999614 
19602 0.4999614 
19603 0.4999614 
19604 0.4999614 
19605 0.4999614 
19606 0.4999614 
19607 0.4999614 
19608 0.4999614 
19609 0.4999614 
19610 0.4999614 
19611 0.4999614 
19612 0.4999614 
19613 0.4999614 
19614 0.4999614 
19615 0.4999614 
19616 0.4999614 
19617 0.4999614 
19618 0.4999614 
19619 0.4999614 
19620 0.4999614 
19621 0.4999614 
19622 0.4999614 
19623 0.4999614 
19624 0.4999614 
19625 0.4999614 
19626 0.4999614 
19627 0.4999614 
19628 0.4999614 
19629 0.4999614 
19630 0.4999614 
19631 0.4999614 
19632 0.4999614 
19633 0.4999614 
19634 0.4999614 
19635 0.4999614 
19636 0.4999614 
19637 0.4999614 
19638 0.4999614 
19639 0.4999614 
19640 0.4999614 
19641 0.4999614 
19642 0.4999614 
19643 0.4999614 
19644 0.4999614 
19645 0.4999614 
19646 0.4999614 
19647 0.4999614 
19648 0.4999614 
19649 0.4999614 
19650 0.4999614 
19651 0.4999614 
19652 0.4999614 
19653 0.4999614 
19654 0.4999614 
19655 0.4999614 
19656 0.4999614 
19657 0.4999614 
19658 0.4999614 
19659 0.4999614 
19660 0.4999614 
19661 0.4999614 
19662 0.4999614 
19663 0.4999614 
19664 0.4999614 
19665 0.4999614 
19666 0.4999614 
19667 0.4999614 
19668 0.4999614 
19669 0.4999614 
19670 0.4999614 
19671 0.4999614 
19672 0.4999614 
19673 0.4999614 
19674 0.4999614 
19675 0.4999614 
19676 0.4999614 
19677 0.4999614 
19678 0.4999614 
19679 0.4999614 
19680 0.4999614 
19681 0.4999614 
19682 0.4999614 
19683 0.4999614 
19684 0.4999614 
19685 0.4999614 
19686 0.4999614 
19687 0.4999614 
19688 0.4999614 
19689 0.4999614 
19690 0.4999614 
19691 0.4999614 
19692 0.4999614 
19693 0.4999614 
19694 0.4999614 
19695 0.4999614 
19696 0.4999614 
19697 0.4999614 
19698 0.4999614 
19699 0.4999614 
19700 0.4999614 
19701 0.4999614 
19702 0.4999614 
19703 0.4999614 
19704 0.4999614 
19705 0.4999614 
19706 0.4999614 
19707 0.4999614 
19708 0.4999614 
19709 0.4999613 
19710 0.4999613 
19711 0.4999613 
19712 0.4999613 
19713 0.4999613 
19714 0.4999613 
19715 0.4999612 
19716 0.4999612 
19717 0.4999612 
19718 0.4999612 
19719 0.4999612 
19720 0.4999611 
19721 0.4999611 
19722 0.4999611 
19723 0.4999611 
19724 0.4999611 
19725 0.4999611 
19726 0.499961 
19727 0.499961 
19728 0.499961 
19729 0.499961 
19730 0.499961 
19731 0.499961 
19732 0.4999609 
19733 0.4999609 
19734 0.4999609 
19735 0.4999609 
19736 0.4999609 
19737 0.4999608 
19738 0.4999608 
19739 0.4999608 
19740 0.4999608 
19741 0.4999608 
19742 0.4999607 
19743 0.4999607 
19744 0.4999607 
19745 0.4999607 
19746 0.4999607 
19747 0.4999607 
19748 0.4999606 
19749 0.4999606 
19750 0.4999606 
19751 0.4999606 
19752 0.4999606 
19753 0.4999606 
19754 0.4999605 
19755 0.4999605 
19756 0.4999605 
19757 0.4999605 
19758 0.4999604 
19759 0.4999604 
19760 0.4999604 
19761 0.4999604 
19762 0.4999604 
19763 0.4999604 
19764 0.4999603 
19765 0.4999603 
19766 0.4999603 
19767 0.4999603 
19768 0.4999603 
19769 0.4999602 
19770 0.4999602 
19771 0.4999602 
19772 0.4999602 
19773 0.4999601 
19774 0.4999601 
19775 0.4999601 
19776 0.49996 
19777 0.49996 
19778 0.49996 
19779 0.49996 
19780 0.49996 
19781 0.49996 
19782 0.49996 
19783 0.49996 
19784 0.49996 
19785 0.4999599 
19786 0.4999599 
19787 0.4999599 
19788 0.4999599 
19789 0.4999599 
19790 0.4999598 
19791 0.4999598 
19792 0.4999598 
19793 0.4999597 
19794 0.4999597 
19795 0.4999597 
19796 0.4999597 
19797 0.4999597 
19798 0.4999597 
19799 0.4999597 
19800 0.4999597 
19801 0.4999596 
19802 0.4999596 
19803 0.4999596 
19804 0.4999596 
19805 0.4999596 
19806 0.4999596 
19807 0.4999596 
19808 0.4999595 
19809 0.4999595 
19810 0.4999595 
19811 0.4999595 
19812 0.4999594 
19813 0.4999594 
19814 0.4999594 
19815 0.4999594 
19816 0.4999594 
19817 0.4999594 
19818 0.4999593 
19819 0.4999593 
19820 0.4999593 
19821 0.4999593 
19822 0.4999593 
19823 0.4999593 
19824 0.4999593 
19825 0.4999593 
19826 0.4999592 
19827 0.4999592 
19828 0.4999592 
19829 0.4999592 
19830 0.4999591 
19831 0.4999591 
19832 0.4999591 
19833 0.499959 
19834 0.499959 
19835 0.499959 
19836 0.499959 
19837 0.499959 
19838 0.499959 
19839 0.499959 
19840 0.499959 
19841 0.499959 
19842 0.499959 
19843 0.499959 
19844 0.499959 
19845 0.499959 
19846 0.499959 
19847 0.499959 
19848 0.499959 
19849 0.499959 
19850 0.499959 
19851 0.499959 
19852 0.499959 
19853 0.499959 
19854 0.499959 
19855 0.499959 
19856 0.499959 
19857 0.499959 
19858 0.499959 
19859 0.499959 
19860 0.499959 
19861 0.499959 
19862 0.499959 
19863 0.499959 
19864 0.499959 
19865 0.499959 
19866 0.499959 
19867 0.499959 
19868 0.499959 
19869 0.499959 
19870 0.499959 
19871 0.499959 
19872 0.499959 
19873 0.499959 
19874 0.499959 
19875 0.499959 
19876 0.499959 
19877 0.499959 
19878 0.499959 
19879 0.499959 
19880 0.499959 
19881 0.499959 
19882 0.499959 
19883 0.499959 
19884 0.499959 
19885 0.499959 
19886 0.499959 
19887 0.499959 
19888 0.499959 
19889 0.499959 
19890 0.499959 
19891 0.499959 
19892 0.499959 
19893 0.499959 
19894 0.499959 
19895 0.499959 
19896 0.499959 
19897 0.499959 
19898 0.499959 
19899 0.499959 
19900 0.499959 
19901 0.499959 
19902 0.499959 
19903 0.499959 
19904 0.499959 
19905 0.4999589 
19906 0.4999589 
19907 0.4999589 
19908 0.4999589 
19909 0.4999589 
19910 0.4999589 
19911 0.4999588 
19912 0.4999588 
19913 0.4999588 
19914 0.4999588 
19915 0.4999588 
19916 0.4999587 
19917 0.4999587 
19918 0.4999587 
19919 0.4999587 
19920 0.4999587 
19921 0.4999587 
19922 0.4999586 
19923 0.4999586 
19924 0.4999586 
19925 0.4999586 
19926 0.4999586 
19927 0.4999586 
19928 0.4999585 
19929 0.4999585 
19930 0.4999585 
19931 0.4999585 
19932 0.4999585 
19933 0.4999584 
19934 0.4999584 
19935 0.4999584 
19936 0.4999584 
19937 0.4999583 
19938 0.4999583 
19939 0.4999583 
19940 0.4999583 
19941 0.4999583 
19942 0.4999583 
19943 0.4999583 
19944 0.4999583 
19945 0.4999582 
19946 0.4999582 
19947 0.4999582 
19948 0.4999582 
19949 0.4999582 
19950 0.4999582 
19951 0.4999581 
19952 0.4999581 
19953 0.4999581 
19954 0.499958 
19955 0.499958 
19956 0.499958 
19957 0.499958 
19958 0.499958 
19959 0.499958 
19960 0.499958 
19961 0.4999579 
19962 0.4999579 
19963 0.4999579 
19964 0.4999579 
19965 0.4999579 
19966 0.4999579 
19967 0.4999579 
19968 0.4999579 
19969 0.4999579 
19970 0.4999579 
19971 0.4999579 
19972 0.4999579 
19973 0.4999579 
19974 0.4999579 
19975 0.4999579 
19976 0.4999579 
19977 0.4999579 
19978 0.4999579 
19979 0.4999579 
19980 0.4999579 
19981 0.4999579 
19982 0.4999579 
19983 0.4999579 
19984 0.4999579 
19985 0.4999579 
19986 0.4999579 
19987 0.4999579 
19988 0.4999579 
19989 0.4999579 
19990 0.4999579 
19991 0.4999579 
19992 0.4999579 
19993 0.4999579 
19994 0.4999579 
19995 0.4999579 
19996 0.4999579 
19997 0.4999579 
19998 0.4999579 
19999 0.4999579 
20000 0.4999579 
20001 0.4999579 
20002 0.4999579 
20003 0.4999579 
20004 0.4999579 
20005 0.4999579 
20006 0.4999579 
20007 0.4999579 
20008 0.4999579 
20009 0.4999579 
20010 0.4999579 
20011 0.4999579 
20012 0.4999579 
20013 0.4999578 
20014 0.4999578 
20015 0.4999578 
20016 0.4999578 
20017 0.4999578 
20018 0.4999578 
20019 0.4999578 
20020 0.4999577 
20021 0.4999577 
20022 0.4999577 
20023 0.4999577 
20024 0.4999577 
20025 0.4999576 
20026 0.4999576 
20027 0.4999576 
20028 0.4999576 
20029 0.4999576 
20030 0.4999576 
20031 0.4999576 
20032 0.4999576 
20033 0.4999576 
20034 0.4999576 
20035 0.4999576 
20036 0.4999576 
20037 0.4999576 
20038 0.4999576 
20039 0.4999576 
20040 0.4999576 
20041 0.4999576 
20042 0.4999576 
20043 0.4999576 
20044 0.4999576 
20045 0.4999576 
20046 0.4999576 
20047 0.4999575 
20048 0.4999575 
20049 0.4999575 
20050 0.4999575 
20051 0.4999574 
20052 0.4999574 
20053 0.4999574 
20054 0.4999573 
20055 0.4999573 
20056 0.4999573 
20057 0.4999573 
20058 0.4999573 
20059 0.4999573 
20060 0.4999573 
20061 0.4999573 
20062 0.4999573 
20063 0.4999573 
20064 0.4999572 
20065 0.4999572 
20066 0.4999572 
20067 0.4999572 
20068 0.4999572 
20069 0.4999572 
20070 0.4999572 
20071 0.4999572 
20072 0.4999571 
20073 0.4999571 
20074 0.4999571 
20075 0.4999571 
20076 0.4999571 
20077 0.4999571 
20078 0.499957 
20079 0.499957 
20080 0.499957 
20081 0.499957 
20082 0.499957 
20083 0.499957 
20084 0.499957 
20085 0.499957 
20086 0.499957 
20087 0.499957 
20088 0.499957 
20089 0.499957 
20090 0.499957 
20091 0.499957 
20092 0.499957 
20093 0.499957 
20094 0.499957 
20095 0.499957 
20096 0.499957 
20097 0.499957 
20098 0.499957 
20099 0.499957 
20100 0.499957 
20101 0.499957 
20102 0.499957 
20103 0.499957 
20104 0.499957 
20105 0.499957 
20106 0.499957 
20107 0.499957 
20108 0.499957 
20109 0.499957 
20110 0.499957 
20111 0.499957 
20112 0.499957 
20113 0.499957 
20114 0.499957 
20115 0.499957 
20116 0.499957 
20117 0.4999569 
20118 0.4999569 
20119 0.4999569 
20120 0.4999569 
20121 0.4999569 
20122 0.4999569 
20123 0.4999569 
20124 0.4999568 
20125 0.4999568 
20126 0.4999568 
20127 0.4999568 
20128 0.4999567 
20129 0.4999567 
20130 0.4999567 
20131 0.4999567 
20132 0.4999566 
20133 0.4999566 
20134 0.4999566 
20135 0.4999566 
20136 0.4999566 
20137 0.4999566 
20138 0.4999566 
20139 0.4999566 
20140 0.4999566 
20141 0.4999566 
20142 0.4999566 
20143 0.4999566 
20144 0.4999566 
20145 0.4999566 
20146 0.4999566 
20147 0.4999566 
20148 0.4999566 
20149 0.4999566 
20150 0.4999566 
20151 0.4999566 
20152 0.4999566 
20153 0.4999566 
20154 0.4999566 
20155 0.4999566 
20156 0.4999566 
20157 0.4999566 
20158 0.4999566 
20159 0.4999566 
20160 0.4999566 
20161 0.4999566 
20162 0.4999566 
20163 0.4999566 
20164 0.4999566 
20165 0.4999566 
20166 0.4999566 
20167 0.4999566 
20168 0.4999566 
20169 0.4999566 
20170 0.4999566 
20171 0.4999566 
20172 0.4999566 
20173 0.4999566 
20174 0.4999566 
20175 0.4999566 
20176 0.4999566 
20177 0.4999566 
20178 0.4999566 
20179 0.4999566 
20180 0.4999566 
20181 0.4999566 
20182 0.4999566 
20183 0.4999566 
20184 0.4999566 
20185 0.4999566 
20186 0.4999566 
20187 0.4999566 
20188 0.4999566 
20189 0.4999566 
20190 0.4999566 
20191 0.4999566 
20192 0.4999566 
20193 0.4999566 
20194 0.4999566 
20195 0.4999566 
20196 0.4999566 
20197 0.4999566 
20198 0.4999566 
20199 0.4999566 
20200 0.4999566 
20201 0.4999566 
20202 0.4999566 
20203 0.4999566 
20204 0.4999566 
20205 0.4999566 
20206 0.4999566 
20207 0.4999566 
20208 0.4999566 
20209 0.4999566 
20210 0.4999566 
20211 0.4999566 
20212 0.4999566 
20213 0.4999566 
20214 0.4999566 
20215 0.4999566 
20216 0.4999566 
20217 0.4999566 
20218 0.4999566 
20219 0.4999566 
20220 0.4999566 
20221 0.4999566 
20222 0.4999566 
20223 0.4999566 
20224 0.4999566 
20225 0.4999566 
20226 0.4999566 
20227 0.4999566 
20228 0.4999566 
20229 0.4999566 
20230 0.4999566 
20231 0.4999566 
20232 0.4999566 
20233 0.4999566 
20234 0.4999566 
20235 0.4999566 
20236 0.4999566 
20237 0.4999566 
20238 0.4999566 
20239 0.4999566 
20240 0.4999566 
20241 0.4999566 
20242 0.4999566 
20243 0.4999566 
20244 0.4999566 
20245 0.4999566 
20246 0.4999566 
20247 0.4999566 
20248 0.4999566 
20249 0.4999565 
20250 0.4999565 
20251 0.4999565 
20252 0.4999565 
20253 0.4999565 
20254 0.4999564 
20255 0.4999564 
20256 0.4999564 
20257 0.4999564 
20258 0.4999564 
20259 0.4999563 
20260 0.4999563 
20261 0.4999563 
20262 0.4999563 
20263 0.4999563 
20264 0.4999563 
20265 0.4999563 
20266 0.4999563 
20267 0.4999563 
20268 0.4999563 
20269 0.4999563 
20270 0.4999563 
20271 0.4999563 
20272 0.4999563 
20273 0.4999563 
20274 0.4999563 
20275 0.4999563 
20276 0.4999563 
20277 0.4999563 
20278 0.4999563 
20279 0.4999563 
20280 0.4999563 
20281 0.4999563 
20282 0.4999563 
20283 0.4999563 
20284 0.4999563 
20285 0.4999563 
20286 0.4999563 
20287 0.4999563 
20288 0.4999563 
20289 0.4999563 
20290 0.4999563 
20291 0.4999563 
20292 0.4999563 
20293 0.4999563 
20294 0.4999563 
20295 0.4999563 
20296 0.4999563 
20297 0.4999563 
20298 0.4999563 
20299 0.4999563 
20300 0.4999563 
20301 0.4999563 
20302 0.4999563 
20303 0.4999563 
20304 0.4999563 
20305 0.4999563 
20306 0.4999563 
20307 0.4999563 
20308 0.4999563 
20309 0.4999563 
20310 0.4999563 
20311 0.4999563 
20312 0.4999563 
20313 0.4999563 
20314 0.4999563 
20315 0.4999563 
20316 0.4999563 
20317 0.4999563 
20318 0.4999563 
20319 0.4999563 
20320 0.4999563 
20321 0.4999563 
20322 0.4999563 
20323 0.4999562 
20324 0.4999562 
20325 0.4999562 
20326 0.4999562 
20327 0.4999562 
20328 0.4999562 
20329 0.4999562 
20330 0.4999561 
20331 0.4999561 
20332 0.4999561 
20333 0.4999561 
20334 0.499956 
20335 0.499956 
20336 0.499956 
20337 0.499956 
20338 0.4999559 
20339 0.4999559 
20340 0.4999559 
20341 0.4999559 
20342 0.4999559 
20343 0.4999559 
20344 0.4999559 
20345 0.4999559 
20346 0.4999559 
20347 0.4999559 
20348 0.4999559 
20349 0.4999559 
20350 0.4999559 
20351 0.4999559 
20352 0.4999559 
20353 0.4999559 
20354 0.4999559 
20355 0.4999559 
20356 0.4999559 
20357 0.4999559 
20358 0.4999559 
20359 0.4999559 
20360 0.4999559 
20361 0.4999559 
20362 0.4999559 
20363 0.4999559 
20364 0.4999559 
20365 0.4999559 
20366 0.4999559 
20367 0.4999559 
20368 0.4999559 
20369 0.4999559 
20370 0.4999559 
20371 0.4999559 
20372 0.4999559 
20373 0.4999559 
20374 0.4999559 
20375 0.4999559 
20376 0.4999559 
20377 0.4999559 
20378 0.4999559 
20379 0.4999559 
20380 0.4999559 
20381 0.4999559 
20382 0.4999559 
20383 0.4999559 
20384 0.4999559 
20385 0.4999559 
20386 0.4999559 
20387 0.4999559 
20388 0.4999559 
20389 0.4999559 
20390 0.4999559 
20391 0.4999559 
20392 0.4999559 
20393 0.4999559 
20394 0.4999559 
20395 0.4999559 
20396 0.4999559 
20397 0.4999559 
20398 0.4999559 
20399 0.4999559 
20400 0.4999559 
20401 0.4999559 
20402 0.4999559 
20403 0.4999559 
20404 0.4999559 
20405 0.4999559 
20406 0.4999559 
20407 0.4999559 
20408 0.4999559 
20409 0.4999559 
20410 0.4999559 
20411 0.4999559 
20412 0.4999559 
20413 0.4999559 
20414 0.4999559 
20415 0.4999559 
20416 0.4999559 
20417 0.4999559 
20418 0.4999559 
20419 0.4999559 
20420 0.4999559 
20421 0.4999559 
20422 0.4999559 
20423 0.4999559 
20424 0.4999559 
20425 0.4999559 
20426 0.4999559 
20427 0.4999559 
20428 0.4999559 
20429 0.4999559 
20430 0.4999559 
20431 0.4999559 
20432 0.4999559 
20433 0.4999559 
20434 0.4999559 
20435 0.4999559 
20436 0.4999559 
20437 0.4999559 
20438 0.4999559 
20439 0.4999559 
20440 0.4999559 
20441 0.4999559 
20442 0.4999559 
20443 0.4999559 
20444 0.4999559 
20445 0.4999559 
20446 0.4999559 
20447 0.4999559 
20448 0.4999558 
20449 0.4999558 
20450 0.4999558 
20451 0.4999558 
20452 0.4999558 
20453 0.4999557 
20454 0.4999557 
20455 0.4999556 
20456 0.4999556 
20457 0.4999556 
20458 0.4999556 
20459 0.4999556 
20460 0.4999556 
20461 0.4999556 
20462 0.4999555 
20463 0.4999555 
20464 0.4999555 
20465 0.4999555 
20466 0.4999555 
20467 0.4999555 
20468 0.4999555 
20469 0.4999555 
20470 0.4999555 
20471 0.4999554 
20472 0.4999554 
20473 0.4999554 
20474 0.4999554 
20475 0.4999554 
20476 0.4999553 
20477 0.4999553 
20478 0.4999553 
20479 0.4999552 
20480 0.4999552 
20481 0.4999552 
20482 0.4999552 
20483 0.4999552 
20484 0.4999552 
20485 0.4999552 
20486 0.4999551 
20487 0.4999551 
20488 0.4999551 
20489 0.4999551 
20490 0.4999551 
20491 0.499955 
20492 0.499955 
20493 0.4999549 
20494 0.4999549 
20495 0.4999549 
20496 0.4999549 
20497 0.4999549 
20498 0.4999549 
20499 0.4999549 
20500 0.4999548 
20501 0.4999548 
20502 0.4999548 
20503 0.4999548 
20504 0.4999548 
20505 0.4999548 
20506 0.4999547 
20507 0.4999547 
20508 0.4999547 
20509 0.4999547 
20510 0.4999546 
20511 0.4999546 
20512 0.4999546 
20513 0.4999546 
20514 0.4999546 
20515 0.4999545 
20516 0.4999545 
20517 0.4999545 
20518 0.4999545 
20519 0.4999545 
20520 0.4999545 
20521 0.4999545 
20522 0.4999545 
20523 0.4999545 
20524 0.4999545 
20525 0.4999544 
20526 0.4999544 
20527 0.4999544 
20528 0.4999544 
20529 0.4999544 
20530 0.4999543 
20531 0.4999543 
20532 0.4999543 
20533 0.4999542 
20534 0.4999542 
20535 0.4999542 
20536 0.4999542 
20537 0.4999542 
20538 0.4999542 
20539 0.4999542 
20540 0.4999541 
20541 0.4999541 
20542 0.4999541 
20543 0.4999541 
20544 0.4999541 
20545 0.4999541 
20546 0.4999541 
20547 0.4999541 
20548 0.499954 
20549 0.499954 
20550 0.499954 
20551 0.499954 
20552 0.499954 
20553 0.499954 
20554 0.499954 
20555 0.4999539 
20556 0.4999539 
20557 0.4999539 
20558 0.4999539 
20559 0.4999539 
20560 0.4999538 
20561 0.4999538 
20562 0.4999538 
20563 0.4999538 
20564 0.4999538 
20565 0.4999538 
20566 0.4999538 
20567 0.4999538 
20568 0.4999537 
20569 0.4999537 
20570 0.4999537 
20571 0.4999537 
20572 0.4999537 
20573 0.4999537 
20574 0.4999536 
20575 0.4999536 
20576 0.4999536 
20577 0.4999536 
20578 0.4999536 
20579 0.4999536 
20580 0.4999536 
20581 0.4999536 
20582 0.4999536 
20583 0.4999536 
20584 0.4999536 
20585 0.4999536 
20586 0.4999536 
20587 0.4999536 
20588 0.4999536 
20589 0.4999536 
20590 0.4999536 
20591 0.4999536 
20592 0.4999536 
20593 0.4999536 
20594 0.4999536 
20595 0.4999536 
20596 0.4999536 
20597 0.4999536 
20598 0.4999536 
20599 0.4999536 
20600 0.4999536 
20601 0.4999536 
20602 0.4999536 
20603 0.4999536 
20604 0.4999536 
20605 0.4999536 
20606 0.4999536 
20607 0.4999536 
20608 0.4999536 
20609 0.4999536 
20610 0.4999536 
20611 0.4999536 
20612 0.4999536 
20613 0.4999536 
20614 0.4999536 
20615 0.4999536 
20616 0.4999536 
20617 0.4999536 
20618 0.4999536 
20619 0.4999536 
20620 0.4999536 
20621 0.4999536 
20622 0.4999536 
20623 0.4999536 
20624 0.4999536 
20625 0.4999536 
20626 0.4999536 
20627 0.4999536 
20628 0.4999536 
20629 0.4999536 
20630 0.4999536 
20631 0.4999536 
20632 0.4999536 
20633 0.4999536 
20634 0.4999536 
20635 0.4999536 
20636 0.4999536 
20637 0.4999536 
20638 0.4999536 
20639 0.4999536 
20640 0.4999536 
20641 0.4999536 
20642 0.4999536 
20643 0.4999536 
20644 0.4999536 
20645 0.4999536 
20646 0.4999536 
20647 0.4999536 
20648 0.4999536 
20649 0.4999536 
20650 0.4999536 
20651 0.4999536 
20652 0.4999536 
20653 0.4999536 
20654 0.4999536 
20655 0.4999536 
20656 0.4999536 
20657 0.4999536 
20658 0.4999536 
20659 0.4999536 
20660 0.4999536 
20661 0.4999536 
20662 0.4999535 
20663 0.4999535 
20664 0.4999535 
20665 0.4999535 
20666 0.4999535 
20667 0.4999535 
20668 0.4999535 
20669 0.4999535 
20670 0.4999534 
20671 0.4999534 
20672 0.4999534 
20673 0.4999534 
20674 0.4999534 
20675 0.4999533 
20676 0.4999533 
20677 0.4999533 
20678 0.4999533 
20679 0.4999533 
20680 0.4999532 
20681 0.4999532 
20682 0.4999532 
20683 0.4999532 
20684 0.4999531 
20685 0.4999531 
20686 0.4999531 
20687 0.4999531 
20688 0.4999531 
20689 0.4999531 
20690 0.499953 
20691 0.499953 
20692 0.499953 
20693 0.499953 
20694 0.499953 
20695 0.4999529 
20696 0.4999529 
20697 0.4999529 
20698 0.4999529 
20699 0.4999529 
20700 0.4999529 
20701 0.4999529 
20702 0.4999529 
20703 0.4999529 
20704 0.4999529 
20705 0.4999529 
20706 0.4999528 
20707 0.4999528 
20708 0.4999528 
20709 0.4999528 
20710 0.4999528 
20711 0.4999528 
20712 0.4999528 
20713 0.4999528 
20714 0.4999528 
20715 0.4999528 
20716 0.4999528 
20717 0.4999528 
20718 0.4999528 
20719 0.4999528 
20720 0.4999528 
20721 0.4999528 
20722 0.4999528 
20723 0.4999528 
20724 0.4999528 
20725 0.4999528 
20726 0.4999528 
20727 0.4999528 
20728 0.4999528 
20729 0.4999528 
20730 0.4999528 
20731 0.4999528 
20732 0.4999528 
20733 0.4999528 
20734 0.4999528 
20735 0.4999528 
20736 0.4999528 
20737 0.4999528 
20738 0.4999528 
20739 0.4999528 
20740 0.4999528 
20741 0.4999528 
20742 0.4999528 
20743 0.4999528 
20744 0.4999528 
20745 0.4999528 
20746 0.4999528 
20747 0.4999528 
20748 0.4999528 
20749 0.4999528 
20750 0.4999528 
20751 0.4999528 
20752 0.4999528 
20753 0.4999528 
20754 0.4999528 
20755 0.4999528 
20756 0.4999528 
20757 0.4999528 
20758 0.4999528 
20759 0.4999528 
20760 0.4999528 
20761 0.4999528 
20762 0.4999528 
20763 0.4999528 
20764 0.4999528 
20765 0.4999528 
20766 0.4999528 
20767 0.4999528 
20768 0.4999528 
20769 0.4999528 
20770 0.4999528 
20771 0.4999528 
20772 0.4999528 
20773 0.4999528 
20774 0.4999528 
20775 0.4999528 
20776 0.4999528 
20777 0.4999528 
20778 0.4999528 
20779 0.4999528 
20780 0.4999528 
20781 0.4999528 
20782 0.4999528 
20783 0.4999528 
20784 0.4999528 
20785 0.4999528 
20786 0.4999528 
20787 0.4999528 
20788 0.4999528 
20789 0.4999528 
20790 0.4999528 
20791 0.4999528 
20792 0.4999528 
20793 0.4999528 
20794 0.4999528 
20795 0.4999528 
20796 0.4999528 
20797 0.4999528 
20798 0.4999528 
20799 0.4999528 
20800 0.4999528 
20801 0.4999528 
20802 0.4999528 
20803 0.4999528 
20804 0.4999528 
20805 0.4999528 
20806 0.4999528 
20807 0.4999528 
20808 0.4999528 
20809 0.4999528 
20810 0.4999528 
20811 0.4999528 
20812 0.4999528 
20813 0.4999528 
20814 0.4999528 
20815 0.4999528 
20816 0.4999528 
20817 0.4999528 
20818 0.4999528 
20819 0.4999528 
20820 0.4999528 
20821 0.4999528 
20822 0.4999528 
20823 0.4999528 
20824 0.4999528 
20825 0.4999528 
20826 0.4999528 
20827 0.4999528 
20828 0.4999528 
20829 0.4999528 
20830 0.4999528 
20831 0.4999528 
20832 0.4999528 
20833 0.4999528 
20834 0.4999528 
20835 0.4999528 
20836 0.4999528 
20837 0.4999528 
20838 0.4999528 
20839 0.4999528 
20840 0.4999528 
20841 0.4999528 
20842 0.4999528 
20843 0.4999528 
20844 0.4999528 
20845 0.4999528 
20846 0.4999528 
20847 0.4999528 
20848 0.4999528 
20849 0.4999528 
20850 0.4999527 
20851 0.4999527 
20852 0.4999527 
20853 0.4999527 
20854 0.4999526 
20855 0.4999525 
20856 0.4999525 
20857 0.4999525 
20858 0.4999525 
20859 0.4999525 
20860 0.4999525 
20861 0.4999525 
20862 0.4999524 
20863 0.4999524 
20864 0.4999524 
20865 0.4999524 
20866 0.4999524 
20867 0.4999524 
20868 0.4999524 
20869 0.4999524 
20870 0.4999524 
20871 0.4999524 
20872 0.4999524 
20873 0.4999524 
20874 0.4999524 
20875 0.4999524 
20876 0.4999524 
20877 0.4999524 
20878 0.4999524 
20879 0.4999524 
20880 0.4999524 
20881 0.4999524 
20882 0.4999524 
20883 0.4999524 
20884 0.4999524 
20885 0.4999524 
20886 0.4999524 
20887 0.4999524 
20888 0.4999524 
20889 0.4999524 
20890 0.4999524 
20891 0.4999524 
20892 0.4999524 
20893 0.4999524 
20894 0.4999524 
20895 0.4999524 
20896 0.4999524 
20897 0.4999524 
20898 0.4999524 
20899 0.4999524 
20900 0.4999524 
20901 0.4999524 
20902 0.4999524 
20903 0.4999524 
20904 0.4999524 
20905 0.4999524 
20906 0.4999524 
20907 0.4999524 
20908 0.4999524 
20909 0.4999524 
20910 0.4999524 
20911 0.4999524 
20912 0.4999524 
20913 0.4999524 
20914 0.4999524 
20915 0.4999524 
20916 0.4999524 
20917 0.4999524 
20918 0.4999524 
20919 0.4999524 
20920 0.4999524 
20921 0.4999524 
20922 0.4999524 
20923 0.4999524 
20924 0.4999524 
20925 0.4999524 
20926 0.4999524 
20927 0.4999524 
20928 0.4999524 
20929 0.4999524 
20930 0.4999524 
20931 0.4999524 
20932 0.4999524 
20933 0.4999524 
20934 0.4999524 
20935 0.4999524 
20936 0.4999524 
20937 0.4999524 
20938 0.4999524 
20939 0.4999524 
20940 0.4999524 
20941 0.4999524 
20942 0.4999524 
20943 0.4999524 
20944 0.4999524 
20945 0.4999524 
20946 0.4999523 
20947 0.4999523 
20948 0.4999523 
20949 0.4999523 
20950 0.4999523 
20951 0.4999523 
20952 0.4999523 
20953 0.4999523 
20954 0.4999523 
20955 0.4999523 
20956 0.4999523 
20957 0.4999523 
20958 0.4999523 
20959 0.4999523 
20960 0.4999523 
20961 0.4999523 
20962 0.4999523 
20963 0.4999523 
20964 0.4999523 
20965 0.4999523 
20966 0.4999523 
20967 0.4999523 
20968 0.4999523 
20969 0.4999523 
20970 0.4999523 
20971 0.4999522 
20972 0.4999522 
20973 0.4999521 
20974 0.4999521 
20975 0.4999521 
20976 0.4999521 
20977 0.4999521 
20978 0.4999521 
20979 0.4999521 
20980 0.499952 
20981 0.499952 
20982 0.499952 
20983 0.499952 
20984 0.4999519 
20985 0.4999519 
20986 0.4999519 
20987 0.4999518 
20988 0.4999518 
20989 0.4999518 
20990 0.4999518 
20991 0.4999518 
20992 0.4999518 
20993 0.4999518 
20994 0.4999517 
20995 0.4999517 
20996 0.4999517 
20997 0.4999517 
20998 0.4999517 
20999 0.4999517 
21000 0.4999517 
21001 0.4999517 
21002 0.4999516 
21003 0.4999516 
21004 0.4999516 
21005 0.4999516 
21006 0.4999516 
21007 0.4999515 
21008 0.4999515 
21009 0.4999514 
21010 0.4999514 
21011 0.4999514 
21012 0.4999514 
21013 0.4999514 
21014 0.4999514 
21015 0.4999513 
21016 0.4999513 
21017 0.4999513 
21018 0.4999513 
21019 0.4999513 
21020 0.4999512 
21021 0.4999512 
21022 0.4999512 
21023 0.4999512 
21024 0.4999511 
21025 0.4999511 
21026 0.4999511 
21027 0.4999511 
21028 0.4999511 
21029 0.4999511 
21030 0.499951 
21031 0.499951 
21032 0.499951 
21033 0.499951 
21034 0.499951 
21035 0.4999509 
21036 0.4999509 
21037 0.4999509 
21038 0.4999509 
21039 0.4999509 
21040 0.4999508 
21041 0.4999508 
21042 0.4999508 
21043 0.4999508 
21044 0.4999507 
21045 0.4999507 
21046 0.4999507 
21047 0.4999507 
21048 0.4999507 
21049 0.4999507 
21050 0.4999506 
21051 0.4999506 
21052 0.4999506 
21053 0.4999506 
21054 0.4999506 
21055 0.4999505 
21056 0.4999505 
21057 0.4999505 
21058 0.4999505 
21059 0.4999504 
21060 0.4999504 
21061 0.4999504 
21062 0.4999504 
21063 0.4999504 
21064 0.4999504 
21065 0.4999504 
21066 0.4999504 
21067 0.4999504 
21068 0.4999503 
21069 0.4999503 
21070 0.4999503 
21071 0.4999503 
21072 0.4999503 
21073 0.4999502 
21074 0.4999502 
21075 0.4999502 
21076 0.4999501 
21077 0.4999501 
21078 0.4999501 
21079 0.4999501 
21080 0.4999501 
21081 0.4999501 
21082 0.4999501 
21083 0.4999501 
21084 0.4999501 
21085 0.4999501 
21086 0.49995 
21087 0.49995 
21088 0.49995 
21089 0.49995 
21090 0.4999999 
21091 0.4999999 
21092 0.4999999 
21093 0.4999997 
21094 0.4999997 
21095 0.4999997 
21096 0.4999997 
21097 0.4999997 
21098 0.4999997 
21099 0.4999997 
21100 0.4999997 
21101 0.4999997 
21102 0.4999997 
21103 0.4999997 
21104 0.4999997 
21105 0.4999997 
21106 0.4999997 
21107 0.4999997 
21108 0.4999997 
21109 0.4999997 
21110 0.4999997 
21111 0.4999997 
21112 0.4999997 
21113 0.4999997 
21114 0.4999997 
21115 0.4999997 
21116 0.4999997 
21117 0.4999997 
21118 0.4999997 
21119 0.4999997 
21120 0.4999997 
21121 0.4999997 
21122 0.4999997 
21123 0.4999997 
21124 0.4999997 
21125 0.4999997 
21126 0.4999997 
21127 0.4999997 
21128 0.4999997 
21129 0.4999997 
21130 0.4999997 
21131 0.4999997 
21132 0.4999997 
21133 0.4999997 
21134 0.4999997 
21135 0.4999997 
21136 0.4999997 
21137 0.4999997 
21138 0.4999997 
21139 0.4999997 
21140 0.4999997 
21141 0.4999997 
21142 0.4999997 
21143 0.4999997 
21144 0.4999997 
21145 0.4999996 
21146 0.4999996 
21147 0.4999996 
21148 0.4999996 
21149 0.4999996 
21150 0.4999996 
21151 0.4999996 
21152 0.4999996 
21153 0.4999996 
21154 0.4999996 
21155 0.4999996 
21156 0.4999996 
21157 0.4999996 
21158 0.4999996 
21159 0.4999996 
21160 0.4999996 
21161 0.4999996 
21162 0.4999996 
21163 0.4999996 
21164 0.4999996 
21165 0.4999996 
21166 0.4999996 
21167 0.4999996 
21168 0.4999996 
21169 0.4999996 
21170 0.4999995 
21171 0.4999995 
21172 0.4999995 
21173 0.4999995 
21174 0.4999994 
21175 0.4999994 
21176 0.4999994 
21177 0.4999994 
21178 0.4999994 
21179 0.4999993 
21180 0.4999993 
21181 0.4999992 
21182 0.4999992 
21183 0.4999992 
21184 0.4999992 
21185 0.4999992 
21186 0.4999991 
21187 0.4999991 
21188 0.4999991 
21189 0.4999991 
21190 0.499999 
21191 0.499999 
21192 0.499999 
21193 0.499999 
21194 0.499999 
21195 0.4999989 
21196 0.4999989 
21197 0.4999989 
21198 0.4999989 
21199 0.4999989 
21200 0.4999988 
21201 0.4999988 
21202 0.4999988 
21203 0.4999988 
21204 0.4999987 
21205 0.4999987 
21206 0.4999986 
21207 0.4999986 
21208 0.4999986 
21209 0.4999986 
21210 0.4999986 
21211 0.4999985 
21212 0.4999985 
21213 0.4999985 
21214 0.4999985 
21215 0.4999984 
21216 0.4999984 
21217 0.4999984 
21218 0.4999984 
21219 0.4999983 
21220 0.4999983 
21221 0.4999982 
21222 0.4999982 
21223 0.4999982 
21224 0.4999982 
21225 0.4999982 
21226 0.4999981 
21227 0.4999981 
21228 0.4999981 
21229 0.499998 
21230 0.499998 
21231 0.499998 
21232 0.499998 
21233 0.499998 
21234 0.4999979 
21235 0.4999979 
21236 0.4999978 
21237 0.4999978 
21238 0.4999978 
21239 0.4999978 
21240 0.4999977 
21241 0.4999977 
21242 0.4999977 
21243 0.4999977 
21244 0.4999976 
21245 0.4999976 
21246 0.4999975 
21247 0.4999975 
21248 0.4999975 
21249 0.4999975 
21250 0.4999975 
21251 0.4999974 
21252 0.4999974 
21253 0.4999974 
21254 0.4999974 
21255 0.4999973 
21256 0.4999973 
21257 0.4999973 
21258 0.4999973 
21259 0.4999972 
21260 0.4999972 
21261 0.4999971 
21262 0.4999971 
21263 0.4999971 
21264 0.4999971 
21265 0.4999971 
21266 0.499997 
21267 0.499997 
21268 0.499997 
21269 0.499997 
21270 0.4999969 
21271 0.4999969 
21272 0.4999969 
21273 0.4999969 
21274 0.4999968 
21275 0.4999968 
21276 0.4999967 
21277 0.4999967 
21278 0.4999967 
21279 0.4999967 
21280 0.4999967 
21281 0.4999966 
21282 0.4999966 
21283 0.4999966 
21284 0.4999966 
21285 0.4999965 
21286 0.4999964 
21287 0.4999964 
21288 0.4999964 
21289 0.4999964 
21290 0.4999964 
21291 0.4999963 
21292 0.4999963 
21293 0.4999963 
21294 0.4999963 
21295 0.4999962 
21296 0.4999962 
21297 0.4999962 
21298 0.4999962 
21299 0.4999961 
21300 0.4999961 
21301 0.499996 
21302 0.499996 
21303 0.499996 
21304 0.499996 
21305 0.499996 
21306 0.4999959 
21307 0.4999959 
21308 0.4999959 
21309 0.4999959 
21310 0.4999958 
21311 0.4999958 
21312 0.4999958 
21313 0.4999958 
21314 0.4999957 
21315 0.4999957 
21316 0.4999956 
21317 0.4999956 
21318 0.4999956 
21319 0.4999956 
21320 0.4999956 
21321 0.4999955 
21322 0.4999955 
21323 0.4999955 
21324 0.4999955 
21325 0.4999954 
21326 0.4999953 
21327 0.4999953 
21328 0.4999953 
21329 0.4999953 
21330 0.4999953 
21331 0.4999952 
21332 0.4999952 
21333 0.4999952 
21334 0.4999952 
21335 0.4999951 
21336 0.4999951 
21337 0.4999951 
21338 0.4999951 
21339 0.499995 
21340 0.499995 
21341 0.4999949 
21342 0.4999949 
21343 0.4999949 
21344 0.4999949 
21345 0.4999949 
21346 0.4999948 
21347 0.4999948 
21348 0.4999948 
21349 0.4999948 
21350 0.4999947 
21351 0.4999947 
21352 0.4999947 
21353 0.4999947 
21354 0.4999946 
21355 0.4999946 
21356 0.4999945 
21357 0.4999945 
21358 0.4999945 
21359 0.4999945 
21360 0.4999945 
21361 0.4999944 
21362 0.4999944 
21363 0.4999944 
21364 0.4999944 
21365 0.4999943 
21366 0.4999943 
21367 0.4999943 
21368 0.4999943 
21369 0.4999942 
21370 0.4999942 
21371 0.4999941 
21372 0.4999941 
21373 0.4999941 
21374 0.4999941 
21375 0.4999941 
21376 0.499994 
21377 0.499994 
21378 0.499994 
21379 0.4999939 
21380 0.4999939 
21381 0.4999938 
21382 0.4999938 
21383 0.4999938 
21384 0.4999938 
21385 0.4999938 
21386 0.4999937 
21387 0.4999937 
21388 0.4999937 
21389 0.4999937 
21390 0.4999936 
21391 0.4999936 
21392 0.4999936 
21393 0.4999936 
21394 0.4999935 
21395 0.4999935 
21396 0.4999934 
21397 0.4999934 
21398 0.4999934 
21399 0.4999934 
21400 0.4999934 
21401 0.4999933 
21402 0.4999933 
21403 0.4999933 
21404 0.4999933 
21405 0.4999932 
21406 0.4999932 
21407 0.4999932 
21408 0.4999932 
21409 0.4999931 
21410 0.4999931 
21411 0.499993 
21412 0.499993 
21413 0.499993 
21414 0.499993 
21415 0.499993 
21416 0.4999929 
21417 0.4999929 
21418 0.4999929 
21419 0.4999928 
21420 0.4999928 
21421 0.4999927 
21422 0.4999927 
21423 0.4999927 
21424 0.4999927 
21425 0.4999927 
21426 0.4999926 
21427 0.4999926 
21428 0.4999926 
21429 0.4999926 
21430 0.4999925 
21431 0.4999925 
21432 0.4999925 
21433 0.4999925 
21434 0.4999924 
21435 0.4999924 
21436 0.4999923 
21437 0.4999923 
21438 0.4999923 
21439 0.4999923 
21440 0.4999922 
21441 0.4999922 
21442 0.4999922 
21443 0.4999922 
21444 0.4999921 
21445 0.4999921 
21446 0.499992 
21447 0.499992 
21448 0.499992 
21449 0.499992 
21450 0.499992 
21451 0.4999919 
21452 0.4999919 
21453 0.4999919 
21454 0.4999919 
21455 0.4999918 
21456 0.4999917 
21457 0.4999917 
21458 0.4999917 
21459 0.4999917 
21460 0.4999917 
21461 0.4999916 
21462 0.4999916 
21463 0.4999916 
21464 0.4999916 
21465 0.4999916 
21466 0.4999915 
21467 0.4999915 
21468 0.4999915 
21469 0.4999915 
21470 0.4999914 
21471 0.4999914 
21472 0.4999913 
21473 0.4999913 
21474 0.4999913 
21475 0.4999913 
21476 0.4999913 
21477 0.4999912 
21478 0.4999912 
21479 0.4999912 
21480 0.4999912 
21481 0.4999911 
21482 0.4999911 
21483 0.499991 
21484 0.499991 
21485 0.499991 
21486 0.499991 
21487 0.499991 
21488 0.4999909 
21489 0.4999909 
21490 0.4999909 
21491 0.4999909 
21492 0.4999908 
21493 0.4999908 
21494 0.4999908 
21495 0.4999908 
21496 0.4999907 
21497 0.4999907 
21498 0.4999906 
21499 0.4999906 
21500 0.4999906 
21501 0.4999906 
21502 0.4999906 
21503 0.4999905 
21504 0.4999905 
21505 0.4999905 
21506 0.4999905 
21507 0.4999904 
21508 0.4999903 
21509 0.4999903 
21510 0.4999903 
21511 0.4999903 
21512 0.4999903 
21513 0.4999902 
21514 0.4999902 
21515 0.4999902 
21516 0.4999902 
21517 0.4999902 
21518 0.4999902 
21519 0.4999902 
21520 0.4999902 
21521 0.4999902 
21522 0.4999902 
21523 0.4999902 
21524 0.4999902 
21525 0.4999901 
21526 0.4999901 
21527 0.4999901 
21528 0.4999901 
21529 0.4999901 
21530 0.4999901 
21531 0.4999901 
21532 0.4999901 
21533 0.49999 
21534 0.49999 
21535 0.49999 
21536 0.49999 
21537 0.49999 
21538 0.49999 
21539 0.49999 
21540 0.4999899 
21541 0.4999899 
21542 0.4999899 
21543 0.4999899 
21544 0.4999899 
21545 0.4999899 
21546 0.4999899 
21547 0.4999899 
21548 0.4999899 
21549 0.4999899 
21550 0.4999898 
21551 0.4999898 
21552 0.4999898 
21553 0.4999897 
21554 0.4999897 
21555 0.4999897 
21556 0.4999897 
21557 0.4999897 
21558 0.4999896 
21559 0.4999896 
21560 0.4999896 
21561 0.4999896 
21562 0.4999896 
21563 0.4999896 
21564 0.4999896 
21565 0.4999896 
21566 0.4999896 
21567 0.4999895 
21568 0.4999895 
21569 0.4999895 
21570 0.4999895 
21571 0.4999895 
21572 0.4999895 
21573 0.4999895 
21574 0.4999895 
21575 0.4999895 
21576 0.4999895 
21577 0.4999895 
21578 0.4999895 
21579 0.4999895 
21580 0.4999894 
21581 0.4999894 
21582 0.4999894 
21583 0.4999894 
21584 0.4999894 
21585 0.4999894 
21586 0.4999894 
21587 0.4999894 
21588 0.4999893 
21589 0.4999893 
21590 0.4999893 
21591 0.4999893 
21592 0.4999893 
21593 0.4999893 
21594 0.4999893 
21595 0.4999893 
21596 0.4999893 
21597 0.4999892 
21598 0.4999892 
21599 0.4999892 
21600 0.4999892 
21601 0.4999892 
21602 0.4999892 
21603 0.4999892 
21604 0.4999892 
21605 0.4999892 
21606 0.4999892 
21607 0.4999892 
21608 0.4999892 
21609 0.4999892 
21610 0.4999892 
21611 0.4999892 
21612 0.4999892 
21613 0.4999892 
21614 0.4999892 
21615 0.4999892 
21616 0.4999892 
21617 0.4999892 
21618 0.4999892 
21619 0.4999892 
21620 0.4999891 
21621 0.4999891 
21622 0.4999891 
21623 0.4999891 
21624 0.4999891 
21625 0.499989 
21626 0.499989 
21627 0.499989 
21628 0.499989 
21629 0.499989 
21630 0.499989 
21631 0.499989 
21632 0.4999889 
21633 0.4999889 
21634 0.4999889 
21635 0.4999889 
21636 0.4999889 
21637 0.4999889 
21638 0.4999889 
21639 0.4999889 
21640 0.4999889 
21641 0.4999889 
21642 0.4999889 
21643 0.4999889 
21644 0.4999889 
21645 0.4999888 
21646 0.4999888 
21647 0.4999888 
21648 0.4999888 
21649 0.4999888 
21650 0.4999888 
21651 0.4999888 
21652 0.4999888 
21653 0.4999888 
21654 0.4999888 
21655 0.4999888 
21656 0.4999888 
21657 0.4999888 
21658 0.4999888 
21659 0.4999888 
21660 0.4999888 
21661 0.4999887 
21662 0.4999887 
21663 0.4999887 
21664 0.4999887 
21665 0.4999887 
21666 0.4999887 
21667 0.4999887 
21668 0.4999887 
21669 0.4999887 
21670 0.4999887 
21671 0.4999887 
21672 0.4999887 
21673 0.4999887 
21674 0.4999887 
21675 0.4999887 
21676 0.4999887 
21677 0.4999887 
21678 0.4999887 
21679 0.4999887 
21680 0.4999887 
21681 0.4999887 
21682 0.4999887 
21683 0.4999887 
21684 0.4999887 
21685 0.4999887 
21686 0.4999887 
21687 0.4999887 
21688 0.4999887 
21689 0.4999886 
21690 0.4999886 
21691 0.4999886 
21692 0.4999886 
21693 0.4999886 
21694 0.4999886 
21695 0.4999886 
21696 0.4999886 
21697 0.4999886 
21698 0.4999886 
21699 0.4999886 
21700 0.4999886 
21701 0.4999886 
21702 0.4999886 
21703 0.4999886 
21704 0.4999886 
21705 0.4999886 
21706 0.4999886 
21707 0.4999886 
21708 0.4999886 
21709 0.4999886 
21710 0.4999886 
21711 0.4999886 
21712 0.4999886 
21713 0.4999886 
21714 0.4999886 
21715 0.4999886 
21716 0.4999886 
21717 0.4999886 
21718 0.4999886 
21719 0.4999886 
21720 0.4999886 
21721 0.4999886 
21722 0.4999886 
21723 0.4999886 
21724 0.4999886 
21725 0.4999886 
21726 0.4999886 
21727 0.4999886 
21728 0.4999886 
21729 0.4999886 
21730 0.4999886 
21731 0.4999886 
21732 0.4999886 
21733 0.4999886 
21734 0.4999886 
21735 0.4999886 
21736 0.4999886 
21737 0.4999886 
21738 0.4999885 
21739 0.4999885 
21740 0.4999885 
21741 0.4999885 
21742 0.4999885 
21743 0.4999885 
21744 0.4999885 
21745 0.4999885 
21746 0.4999885 
21747 0.4999885 
21748 0.4999885 
21749 0.4999885 
21750 0.4999885 
21751 0.4999885 
21752 0.4999885 
21753 0.4999885 
21754 0.4999885 
21755 0.4999885 
21756 0.4999885 
21757 0.4999885 
21758 0.4999885 
21759 0.4999885 
21760 0.4999885 
21761 0.4999885 
21762 0.4999885 
21763 0.4999885 
21764 0.4999885 
21765 0.4999885 
21766 0.4999885 
21767 0.4999885 
21768 0.4999885 
21769 0.4999885 
21770 0.4999885 
21771 0.4999885 
21772 0.4999885 
21773 0.4999885 
21774 0.4999885 
21775 0.4999885 
21776 0.4999885 
21777 0.4999885 
21778 0.4999885 
21779 0.4999885 
21780 0.4999885 
21781 0.4999884 
21782 0.4999884 
21783 0.4999884 
21784 0.4999884 
21785 0.4999884 
21786 0.4999884 
21787 0.4999884 
21788 0.4999884 
21789 0.4999884 
21790 0.4999884 
21791 0.4999884 
21792 0.4999884 
21793 0.4999884 
21794 0.4999884 
21795 0.4999883 
21796 0.4999883 
21797 0.4999883 
21798 0.4999883 
21799 0.4999883 
21800 0.4999883 
21801 0.4999883 
21802 0.4999883 
21803 0.4999883 
21804 0.4999883 
21805 0.4999883 
21806 0.4999883 
21807 0.4999883 
21808 0.4999883 
21809 0.4999883 
21810 0.4999883 
21811 0.4999883 
21812 0.4999883 
21813 0.4999883 
21814 0.4999883 
21815 0.4999883 
21816 0.4999883 
21817 0.4999883 
21818 0.4999883 
21819 0.4999883 
21820 0.4999883 
21821 0.4999883 
21822 0.4999883 
21823 0.4999883 
21824 0.4999883 
21825 0.4999883 
21826 0.4999883 
21827 0.4999883 
21828 0.4999883 
21829 0.4999883 
21830 0.4999883 
21831 0.4999883 
21832 0.4999883 
21833 0.4999883 
21834 0.4999883 
21835 0.4999883 
21836 0.4999883 
21837 0.4999883 
21838 0.4999883 
21839 0.4999883 
21840 0.4999883 
21841 0.4999883 
21842 0.4999883 
21843 0.4999883 
21844 0.4999882 
21845 0.4999882 
21846 0.4999882 
21847 0.4999882 
21848 0.4999882 
21849 0.4999882 
21850 0.4999882 
21851 0.4999882 
21852 0.4999882 
21853 0.4999882 
21854 0.4999882 
21855 0.4999882 
21856 0.4999882 
21857 0.4999882 
21858 0.4999882 
21859 0.4999882 
21860 0.4999882 
21861 0.4999882 
21862 0.4999882 
21863 0.4999882 
21864 0.4999882 
21865 0.4999882 
21866 0.4999882 
21867 0.4999882 
21868 0.4999882 
21869 0.4999882 
21870 0.4999882 
21871 0.4999882 
21872 0.4999882 
21873 0.4999882 
21874 0.4999882 
21875 0.4999882 
21876 0.4999882 
21877 0.4999882 
21878 0.4999882 
21879 0.4999882 
21880 0.4999882 
21881 0.4999882 
21882 0.4999882 
21883 0.4999882 
21884 0.4999882 
21885 0.4999882 
21886 0.4999882 
21887 0.4999882 
21888 0.4999882 
21889 0.4999882 
21890 0.4999882 
21891 0.4999882 
21892 0.4999881 
21893 0.4999881 
21894 0.4999881 
21895 0.4999881 
21896 0.4999881 
21897 0.4999881 
21898 0.4999881 
21899 0.4999881 
21900 0.4999881 
21901 0.4999881 
21902 0.4999881 
21903 0.4999881 
21904 0.4999881 
21905 0.4999881 
21906 0.4999881 
21907 0.4999881 
21908 0.4999881 
21909 0.4999881 
21910 0.4999881 
21911 0.4999881 
21912 0.4999881 
21913 0.4999881 
21914 0.499988 
21915 0.499988 
21916 0.499988 
21917 0.499988 
21918 0.499988 
21919 0.499988 
21920 0.499988 
21921 0.499988 
21922 0.499988 
21923 0.499988 
21924 0.499988 
21925 0.499988 
21926 0.499988 
21927 0.499988 
21928 0.499988 
21929 0.499988 
21930 0.499988 
21931 0.499988 
21932 0.499988 
21933 0.499988 
21934 0.499988 
21935 0.499988 
21936 0.499988 
21937 0.499988 
21938 0.499988 
21939 0.499988 
21940 0.499988 
21941 0.499988 
21942 0.499988 
21943 0.499988 
21944 0.499988 
21945 0.499988 
21946 0.499988 
21947 0.499988 
21948 0.4999879 
21949 0.4999879 
21950 0.4999879 
21951 0.4999879 
21952 0.4999879 
21953 0.4999879 
21954 0.4999879 
21955 0.4999879 
21956 0.4999879 
21957 0.4999879 
21958 0.4999879 
21959 0.4999879 
21960 0.4999879 
21961 0.4999879 
21962 0.4999879 
21963 0.4999879 
21964 0.4999879 
21965 0.4999879 
21966 0.4999879 
21967 0.4999879 
21968 0.4999879 
21969 0.4999879 
21970 0.4999879 
21971 0.4999879 
21972 0.4999879 
21973 0.4999879 
21974 0.4999879 
21975 0.4999879 
21976 0.4999879 
21977 0.4999879 
21978 0.4999879 
21979 0.4999879 
21980 0.4999879 
21981 0.4999879 
21982 0.4999879 
21983 0.4999879 
21984 0.4999879 
21985 0.4999879 
21986 0.4999879 
21987 0.4999879 
21988 0.4999879 
21989 0.4999879 
21990 0.4999879 
21991 0.4999879 
21992 0.4999879 
21993 0.4999879 
21994 0.4999879 
21995 0.4999879 
21996 0.4999879 
21997 0.4999879 
21998 0.4999879 
21999 0.4999879 
22000 0.4999879 
22001 0.4999879 
22002 0.4999879 
22003 0.4999879 
22004 0.4999878 
22005 0.4999878 
22006 0.4999878 
22007 0.4999878 
22008 0.4999878 
22009 0.4999878 
22010 0.4999878 
22011 0.4999878 
22012 0.4999878 
22013 0.4999878 
22014 0.4999878 
22015 0.4999878 
22016 0.4999878 
22017 0.4999878 
22018 0.4999878 
22019 0.4999878 
22020 0.4999878 
22021 0.4999878 
22022 0.4999878 
22023 0.4999878 
22024 0.4999878 
22025 0.4999878 
22026 0.4999878 
22027 0.4999878 
22028 0.4999878 
22029 0.4999878 
22030 0.4999878 
22031 0.4999878 
22032 0.4999878 
22033 0.4999878 
22034 0.4999878 
22035 0.4999878 
22036 0.4999878 
22037 0.4999878 
22038 0.4999878 
22039 0.4999878 
22040 0.4999878 
22041 0.4999878 
22042 0.4999878 
22043 0.4999878 
22044 0.4999877 
22045 0.4999877 
22046 0.4999877 
22047 0.4999877 
22048 0.4999877 
22049 0.4999877 
22050 0.4999877 
22051 0.4999877 
22052 0.4999877 
22053 0.4999877 
22054 0.4999877 
22055 0.4999877 
22056 0.4999877 
22057 0.4999877 
22058 0.4999877 
22059 0.4999877 
22060 0.4999877 
22061 0.4999876 
22062 0.4999876 
22063 0.4999876 
22064 0.4999876 
22065 0.4999876 
22066 0.4999876 
22067 0.4999876 
22068 0.4999876 
22069 0.4999876 
22070 0.4999876 
22071 0.4999876 
22072 0.4999876 
22073 0.4999876 
22074 0.4999876 
22075 0.4999876 
22076 0.4999876 
22077 0.4999876 
22078 0.4999876 
22079 0.4999876 
22080 0.4999876 
22081 0.4999876 
22082 0.4999876 
22083 0.4999876 
22084 0.4999876 
22085 0.4999876 
22086 0.4999876 
22087 0.4999876 
22088 0.4999876 
22089 0.4999876 
22090 0.4999876 
22091 0.4999876 
22092 0.4999876 
22093 0.4999876 
22094 0.4999876 
22095 0.4999876 
22096 0.4999876 
22097 0.4999876 
22098 0.4999876 
22099 0.4999876 
22100 0.4999876 
22101 0.4999876 
22102 0.4999876 
22103 0.4999876 
22104 0.4999876 
22105 0.4999876 
22106 0.4999876 
22107 0.4999876 
22108 0.4999875 
22109 0.4999875 
22110 0.4999875 
22111 0.4999875 
22112 0.4999875 
22113 0.4999875 
22114 0.4999875 
22115 0.4999875 
22116 0.4999875 
22117 0.4999875 
22118 0.4999875 
22119 0.4999875 
22120 0.4999875 
22121 0.4999875 
22122 0.4999875 
22123 0.4999875 
22124 0.4999875 
22125 0.4999875 
22126 0.4999875 
22127 0.4999875 
22128 0.4999875 
22129 0.4999875 
22130 0.4999875 
22131 0.4999875 
22132 0.4999875 
22133 0.4999875 
22134 0.4999875 
22135 0.4999875 
22136 0.4999875 
22137 0.4999875 
22138 0.4999875 
22139 0.4999875 
22140 0.4999875 
22141 0.4999875 
22142 0.4999875 
22143 0.4999875 
22144 0.4999875 
22145 0.4999875 
22146 0.4999875 
22147 0.4999875 
22148 0.4999875 
22149 0.4999875 
22150 0.4999875 
22151 0.4999875 
22152 0.4999875 
22153 0.4999875 
22154 0.4999875 
22155 0.4999875 
22156 0.4999875 
22157 0.4999875 
22158 0.4999874 
22159 0.4999874 
22160 0.4999874 
22161 0.4999874 
22162 0.4999874 
22163 0.4999874 
22164 0.4999874 
22165 0.4999874 
22166 0.4999874 
22167 0.4999874 
22168 0.4999874 
22169 0.4999874 
22170 0.4999874 
22171 0.4999874 
22172 0.4999873 
22173 0.4999873 
22174 0.4999873 
22175 0.4999873 
22176 0.4999873 
22177 0.4999873 
22178 0.4999873 
22179 0.4999873 
22180 0.4999873 
22181 0.4999873 
22182 0.4999873 
22183 0.4999873 
22184 0.4999873 
22185 0.4999873 
22186 0.4999873 
22187 0.4999873 
22188 0.4999873 
22189 0.4999873 
22190 0.4999873 
22191 0.4999873 
22192 0.4999873 
22193 0.4999873 
22194 0.4999873 
22195 0.4999873 
22196 0.4999873 
22197 0.4999873 
22198 0.4999873 
22199 0.4999873 
22200 0.4999873 
22201 0.4999873 
22202 0.4999873 
22203 0.4999873 
22204 0.4999873 
22205 0.4999873 
22206 0.4999872 
22207 0.4999872 
22208 0.4999872 
22209 0.4999872 
22210 0.4999872 
22211 0.4999872 
22212 0.4999872 
22213 0.4999872 
22214 0.4999872 
22215 0.4999872 
22216 0.4999872 
22217 0.4999872 
22218 0.4999872 
22219 0.4999872 
22220 0.4999872 
22221 0.4999872 
22222 0.4999872 
22223 0.4999872 
22224 0.4999872 
22225 0.4999872 
22226 0.4999872 
22227 0.4999872 
22228 0.4999872 
22229 0.4999872 
22230 0.4999872 
22231 0.4999872 
22232 0.4999872 
22233 0.4999872 
22234 0.4999872 
22235 0.4999872 
22236 0.4999872 
22237 0.4999872 
22238 0.4999872 
22239 0.4999872 
22240 0.4999872 
22241 0.4999872 
22242 0.4999872 
22243 0.4999872 
22244 0.4999872 
22245 0.4999872 
22246 0.4999872 
22247 0.4999872 
22248 0.4999872 
22249 0.4999872 
22250 0.4999871 
22251 0.4999871 
22252 0.4999871 
22253 0.4999871 
22254 0.4999871 
22255 0.4999871 
22256 0.4999871 
22257 0.4999871 
22258 0.4999871 
22259 0.4999871 
22260 0.4999871 
22261 0.4999871 
22262 0.4999871 
22263 0.4999871 
22264 0.4999871 
22265 0.4999871 
22266 0.4999871 
22267 0.4999871 
22268 0.4999871 
22269 0.4999871 
22270 0.4999871 
22271 0.4999871 
22272 0.4999871 
22273 0.4999871 
22274 0.499987 
22275 0.499987 
22276 0.499987 
22277 0.499987 
22278 0.499987 
22279 0.499987 
22280 0.499987 
22281 0.499987 
22282 0.499987 
22283 0.499987 
22284 0.499987 
22285 0.499987 
22286 0.499987 
22287 0.499987 
22288 0.499987 
22289 0.499987 
22290 0.4999869 
22291 0.4999869 
22292 0.4999869 
22293 0.4999869 
22294 0.4999869 
22295 0.4999869 
22296 0.4999869 
22297 0.4999869 
22298 0.4999869 
22299 0.4999869 
22300 0.4999869 
22301 0.4999869 
22302 0.4999869 
22303 0.4999869 
22304 0.4999869 
22305 0.4999869 
22306 0.4999869 
22307 0.4999869 
22308 0.4999869 
22309 0.4999869 
22310 0.4999869 
22311 0.4999869 
22312 0.4999869 
22313 0.4999869 
22314 0.4999869 
22315 0.4999869 
22316 0.4999869 
22317 0.4999869 
22318 0.4999869 
22319 0.4999869 
22320 0.4999868 
22321 0.4999868 
22322 0.4999868 
22323 0.4999868 
22324 0.4999868 
22325 0.4999868 
22326 0.4999868 
22327 0.4999868 
22328 0.4999868 
22329 0.4999868 
22330 0.4999868 
22331 0.4999868 
22332 0.4999868 
22333 0.4999868 
22334 0.4999868 
22335 0.4999868 
22336 0.4999868 
22337 0.4999868 
22338 0.4999868 
22339 0.4999868 
22340 0.4999868 
22341 0.4999868 
22342 0.4999868 
22343 0.4999868 
22344 0.4999868 
22345 0.4999868 
22346 0.4999868 
22347 0.4999867 
22348 0.4999867 
22349 0.4999867 
22350 0.4999867 
22351 0.4999867 
22352 0.4999867 
22353 0.4999867 
22354 0.4999867 
22355 0.4999859 
22356 0.4999859 
22357 0.4999854 
22358 0.4999854 
22359 0.4999854 
22360 0.4999854 
22361 0.4999854 
22362 0.4999854 
22363 0.4999854 
22364 0.4999854 
22365 0.4999854 
22366 0.4999844 
22367 0.4999844 
22368 0.4999835 
22369 0.4999836 
22370 0.4999836 
22371 0.4999835 
22372 0.4999835 
22373 0.4999835 
22374 0.4999835 
22375 0.4999835 
22376 0.4999835 
22377 0.4999835 
22378 0.4999835 
22379 0.4999835 
22380 0.4999835 
22381 0.4999835 
22382 0.4999835 
22383 0.4999835 
22384 0.4999835 
22385 0.4999835 
22386 0.4999835 
22387 0.4999835 
22388 0.4999835 
22389 0.4999835 
22390 0.4999835 
22391 0.4999835 
22392 0.4999835 
22393 0.4999835 
22394 0.4999835 
22395 0.4999835 
22396 0.4999835 
22397 0.4999835 
22398 0.4999835 
22399 0.4999835 
22400 0.4999835 
22401 0.4999835 
22402 0.4999835 
22403 0.4999835 
22404 0.4999835 
22405 0.4999835 
22406 0.4999835 
22407 0.4999835 
22408 0.4999835 
22409 0.4999835 
22410 0.4999835 
22411 0.4999835 
22412 0.4999835 
22413 0.4999835 
22414 0.4999835 
22415 0.4999835 
22416 0.4999835 
22417 0.4999835 
22418 0.4999835 
22419 0.4999835 
22420 0.4999835 
22421 0.4999835 
22422 0.4999835 
22423 0.4999835 
22424 0.4999835 
22425 0.4999835 
22426 0.4999835 
22427 0.4999835 
22428 0.4999835 
22429 0.4999835 
22430 0.4999835 
22431 0.4999835 
22432 0.4999835 
22433 0.4999835 
22434 0.4999835 
22435 0.4999835 
22436 0.4999835 
22437 0.4999835 
22438 0.4999835 
22439 0.4999835 
22440 0.4999835 
22441 0.4999835 
22442 0.4999835 
22443 0.4999835 
22444 0.4999835 
22445 0.4999835 
22446 0.4999835 
22447 0.4999835 
22448 0.4999835 
22449 0.4999835 
22450 0.4999835 
22451 0.4999835 
22452 0.4999835 
22453 0.4999835 
22454 0.4999835 
22455 0.4999835 
22456 0.4999835 
22457 0.4999835 
22458 0.4999835 
22459 0.4999835 
22460 0.4999835 
22461 0.4999835 
22462 0.4999835 
22463 0.4999835 
22464 0.4999835 
22465 0.4999835 
22466 0.4999835 
22467 0.4999835 
22468 0.4999834 
22469 0.4999834 
22470 0.4999834 
22471 0.4999834 
22472 0.4999834 
22473 0.4999834 
22474 0.4999834 
22475 0.4999834 
22476 0.4999834 
22477 0.4999834 
22478 0.4999834 
22479 0.4999834 
22480 0.4999834 
22481 0.4999834 
22482 0.4999834 
22483 0.4999834 
22484 0.4999834 
22485 0.4999834 
22486 0.4999834 
22487 0.4999834 
22488 0.4999834 
22489 0.4999834 
22490 0.4999834 
22491 0.4999834 
22492 0.4999834 
22493 0.4999834 
22494 0.4999834 
22495 0.4999834 
22496 0.4999834 
22497 0.4999834 
22498 0.4999834 
22499 0.4999834 
22500 0.4999834 
22501 0.4999834 
22502 0.4999834 
22503 0.4999834 
22504 0.4999834 
22505 0.4999834 
22506 0.4999834 
22507 0.4999834 
22508 0.4999834 
22509 0.4999834 
22510 0.4999834 
22511 0.4999834 
22512 0.4999834 
22513 0.4999834 
22514 0.4999834 
22515 0.4999834 
22516 0.4999834 
22517 0.4999834 
22518 0.4999834 
22519 0.4999834 
22520 0.4999834 
22521 0.4999834 
22522 0.4999834 
22523 0.4999834 
22524 0.4999834 
22525 0.4999834 
22526 0.4999834 
22527 0.4999834 
22528 0.4999834 
22529 0.4999834 
22530 0.4999834 
22531 0.4999834 
22532 0.4999834 
22533 0.4999834 
22534 0.4999834 
22535 0.4999834 
22536 0.4999834 
22537 0.4999834 
22538 0.4999834 
22539 0.4999834 
22540 0.4999834 
22541 0.4999834 
22542 0.4999834 
22543 0.4999834 
22544 0.4999834 
22545 0.4999834 
22546 0.4999834 
22547 0.4999834 
22548 0.4999834 
22549 0.4999834 
22550 0.4999834 
22551 0.4999833 
22552 0.4999833 
22553 0.4999833 
22554 0.4999833 
22555 0.4999833 
22556 0.4999833 
22557 0.4999833 
22558 0.4999833 
22559 0.4999832 
22560 0.4999832 
22561 0.4999832 
22562 0.4999832 
22563 0.4999832 
22564 0.4999832 
22565 0.4999832 
22566 0.4999832 
22567 0.4999832 
22568 0.4999832 
22569 0.4999832 
22570 0.4999832 
22571 0.4999832 
22572 0.4999832 
22573 0.4999832 
22574 0.4999832 
22575 0.4999832 
22576 0.4999832 
22577 0.4999832 
22578 0.4999832 
22579 0.4999832 
22580 0.4999832 
22581 0.4999832 
22582 0.4999832 
22583 0.4999832 
22584 0.4999832 
22585 0.4999832 
22586 0.4999832 
22587 0.4999832 
22588 0.4999832 
22589 0.4999832 
22590 0.4999832 
22591 0.4999832 
22592 0.4999832 
22593 0.4999832 
22594 0.4999832 
22595 0.4999832 
22596 0.4999832 
22597 0.4999832 
22598 0.4999832 
22599 0.4999832 
22600 0.4999832 
22601 0.4999832 
22602 0.4999832 
22603 0.4999832 
22604 0.4999832 
22605 0.4999832 
22606 0.4999832 
22607 0.4999832 
22608 0.4999832 
22609 0.4999832 
22610 0.4999832 
22611 0.4999832 
22612 0.4999832 
22613 0.4999832 
22614 0.4999832 
22615 0.4999832 
22616 0.4999832 
22617 0.4999832 
22618 0.4999832 
22619 0.4999832 
22620 0.4999832 
22621 0.4999832 
22622 0.4999832 
22623 0.4999832 
22624 0.4999832 
22625 0.4999832 
22626 0.4999832 
22627 0.4999832 
22628 0.4999832 
22629 0.4999832 
22630 0.4999832 
22631 0.4999832 
22632 0.4999832 
22633 0.4999832 
22634 0.4999832 
22635 0.4999832 
22636 0.4999832 
22637 0.4999832 
22638 0.4999832 
22639 0.4999832 
22640 0.4999832 
22641 0.4999832 
22642 0.4999832 
22643 0.4999832 
22644 0.4999832 
22645 0.4999832 
22646 0.4999832 
22647 0.4999832 
22648 0.4999832 
22649 0.4999832 
22650 0.4999832 
22651 0.4999832 
22652 0.4999832 
22653 0.4999832 
22654 0.4999832 
22655 0.4999832 
22656 0.4999832 
22657 0.4999832 
22658 0.4999832 
22659 0.4999832 
22660 0.4999831 
22661 0.4999831 
22662 0.4999831 
22663 0.4999831 
22664 0.4999831 
22665 0.4999831 
22666 0.4999831 
22667 0.4999831 
22668 0.4999831 
22669 0.4999831 
22670 0.4999831 
22671 0.4999831 
22672 0.4999831 
22673 0.4999831 
22674 0.4999831 
22675 0.4999831 
22676 0.4999831 
22677 0.4999831 
22678 0.4999831 
22679 0.4999831 
22680 0.4999831 
22681 0.4999831 
22682 0.4999831 
22683 0.4999831 
22684 0.4999831 
22685 0.4999831 
22686 0.4999831 
22687 0.4999831 
22688 0.4999831 
22689 0.4999831 
22690 0.4999831 
22691 0.4999831 
22692 0.4999831 
22693 0.4999831 
22694 0.4999831 
22695 0.4999831 
22696 0.4999831 
22697 0.4999831 
22698 0.4999831 
22699 0.4999831 
22700 0.4999831 
22701 0.499983 
22702 0.499983 
22703 0.499983 
22704 0.499983 
22705 0.499983 
22706 0.499983 
22707 0.499983 
22708 0.499983 
22709 0.499983 
22710 0.499983 
22711 0.499983 
22712 0.499983 
22713 0.499983 
22714 0.499983 
22715 0.499983 
22716 0.499983 
22717 0.499983 
22718 0.499983 
22719 0.499983 
22720 0.499983 
22721 0.499983 
22722 0.499983 
22723 0.499983 
22724 0.499983 
22725 0.499983 
22726 0.499983 
22727 0.499983 
22728 0.499983 
22729 0.499983 
22730 0.499983 
22731 0.499983 
22732 0.499983 
22733 0.499983 
22734 0.499983 
22735 0.499983 
22736 0.499983 
22737 0.499983 
22738 0.499983 
22739 0.499983 
22740 0.499983 
22741 0.499983 
22742 0.499983 
22743 0.499983 
22744 0.499983 
22745 0.4999829 
22746 0.4999829 
22747 0.4999829 
22748 0.4999829 
22749 0.4999829 
22750 0.4999829 
22751 0.4999829 
22752 0.4999829 
22753 0.4999829 
22754 0.4999829 
22755 0.4999829 
22756 0.4999829 
22757 0.4999829 
22758 0.4999829 
22759 0.4999829 
22760 0.4999829 
22761 0.4999829 
22762 0.4999829 
22763 0.4999829 
22764 0.4999829 
22765 0.4999829 
22766 0.4999829 
22767 0.4999829 
22768 0.4999829 
22769 0.4999829 
22770 0.4999829 
22771 0.4999829 
22772 0.4999829 
22773 0.4999829 
22774 0.4999829 
22775 0.4999829 
22776 0.4999829 
22777 0.4999829 
22778 0.4999829 
22779 0.4999829 
22780 0.4999829 
22781 0.4999829 
22782 0.4999829 
22783 0.4999829 
22784 0.4999829 
22785 0.4999829 
22786 0.4999829 
22787 0.4999829 
22788 0.4999829 
22789 0.4999829 
22790 0.4999829 
22791 0.4999829 
22792 0.4999829 
22793 0.4999829 
22794 0.4999829 
22795 0.4999829 
22796 0.4999829 
22797 0.4999829 
22798 0.4999829 
22799 0.4999829 
22800 0.4999829 
22801 0.4999829 
22802 0.4999829 
22803 0.4999829 
22804 0.4999829 
22805 0.4999829 
22806 0.4999828 
22807 0.4999828 
22808 0.4999828 
22809 0.4999828 
22810 0.4999828 
22811 0.4999828 
22812 0.4999828 
22813 0.4999828 
22814 0.4999828 
22815 0.4999828 
22816 0.4999828 
22817 0.4999828 
22818 0.4999828 
22819 0.4999828 
22820 0.4999828 
22821 0.4999828 
22822 0.4999828 
22823 0.4999828 
22824 0.4999828 
22825 0.4999828 
22826 0.4999828 
22827 0.4999828 
22828 0.4999828 
22829 0.4999828 
22830 0.4999828 
22831 0.4999828 
22832 0.4999828 
22833 0.4999828 
22834 0.4999828 
22835 0.4999828 
22836 0.4999828 
22837 0.4999828 
22838 0.4999828 
22839 0.4999828 
22840 0.4999828 
22841 0.4999828 
22842 0.4999828 
22843 0.4999828 
22844 0.4999828 
22845 0.4999828 
22846 0.4999828 
22847 0.4999828 
22848 0.4999828 
22849 0.4999828 
22850 0.4999828 
22851 0.4999828 
22852 0.4999828 
22853 0.4999828 
22854 0.4999828 
22855 0.4999828 
22856 0.4999828 
22857 0.4999828 
22858 0.4999828 
22859 0.4999828 
22860 0.4999828 
22861 0.4999828 
22862 0.4999828 
22863 0.4999828 
22864 0.4999828 
22865 0.4999828 
22866 0.4999828 
22867 0.4999828 
22868 0.4999828 
22869 0.4999828 
22870 0.4999828 
22871 0.4999828 
22872 0.4999828 
22873 0.4999828 
22874 0.4999828 
22875 0.4999828 
22876 0.4999828 
22877 0.4999828 
22878 0.4999828 
22879 0.4999828 
22880 0.4999828 
22881 0.4999828 
22882 0.4999828 
22883 0.4999828 
22884 0.4999827 
22885 0.4999827 
22886 0.4999827 
22887 0.4999827 
22888 0.4999827 
22889 0.4999827 
22890 0.4999827 
22891 0.4999827 
22892 0.4999827 
22893 0.4999827 
22894 0.4999827 
22895 0.4999827 
22896 0.4999827 
22897 0.4999827 
22898 0.4999827 
22899 0.4999827 
22900 0.4999827 
22901 0.4999827 
22902 0.4999827 
22903 0.4999827 
22904 0.4999827 
22905 0.4999827 
22906 0.4999827 
22907 0.4999827 
22908 0.4999827 
22909 0.4999827 
22910 0.4999827 
22911 0.4999827 
22912 0.4999827 
22913 0.4999827 
22914 0.4999827 
22915 0.4999827 
22916 0.4999827 
22917 0.4999827 
22918 0.4999827 
22919 0.4999827 
22920 0.4999827 
22921 0.4999827 
22922 0.4999827 
22923 0.4999827 
22924 0.4999826 
22925 0.4999826 
22926 0.4999826 
22927 0.4999826 
22928 0.4999826 
22929 0.4999826 
22930 0.4999826 
22931 0.4999826 
22932 0.4999826 
22933 0.4999826 
22934 0.4999826 
22935 0.4999826 
22936 0.4999826 
22937 0.4999825 
22938 0.4999825 
22939 0.4999825 
22940 0.4999825 
22941 0.4999825 
22942 0.4999825 
22943 0.4999825 
22944 0.4999825 
22945 0.4999825 
22946 0.4999825 
22947 0.4999825 
22948 0.4999825 
22949 0.4999825 
22950 0.4999825 
22951 0.4999825 
22952 0.4999825 
22953 0.4999825 
22954 0.4999825 
22955 0.4999825 
22956 0.4999825 
22957 0.4999825 
22958 0.4999825 
22959 0.4999825 
22960 0.4999825 
22961 0.4999825 
22962 0.4999825 
22963 0.4999825 
22964 0.4999825 
22965 0.4999825 
22966 0.4999825 
22967 0.4999825 
22968 0.4999825 
22969 0.4999825 
22970 0.4999825 
22971 0.4999825 
22972 0.4999825 
22973 0.4999825 
22974 0.4999825 
22975 0.4999825 
22976 0.4999825 
22977 0.4999825 
22978 0.4999825 
22979 0.4999825 
22980 0.4999825 
22981 0.4999825 
22982 0.4999825 
22983 0.4999825 
22984 0.4999825 
22985 0.4999825 
22986 0.4999825 
22987 0.4999825 
22988 0.4999825 
22989 0.4999825 
22990 0.4999825 
22991 0.4999825 
22992 0.4999825 
22993 0.4999825 
22994 0.4999825 
22995 0.4999825 
22996 0.4999825 
22997 0.4999825 
22998 0.4999825 
22999 0.4999825 
23000 0.4999825 
23001 0.4999825 
23002 0.4999825 
23003 0.4999825 
23004 0.4999825 
23005 0.4999824 
23006 0.4999824 
23007 0.4999824 
23008 0.4999824 
23009 0.4999824 
23010 0.4999824 
23011 0.4999824 
23012 0.4999824 
23013 0.4999824 
23014 0.4999824 
23015 0.4999824 
23016 0.4999824 
23017 0.4999824 
23018 0.4999824 
23019 0.4999824 
23020 0.4999824 
23021 0.4999824 
23022 0.4999824 
23023 0.4999824 
23024 0.4999824 
23025 0.4999824 
23026 0.4999824 
23027 0.4999824 
23028 0.4999824 
23029 0.4999824 
23030 0.4999824 
23031 0.4999824 
23032 0.4999824 
23033 0.4999824 
23034 0.4999824 
23035 0.4999824 
23036 0.4999824 
23037 0.4999824 
23038 0.4999824 
23039 0.4999824 
23040 0.4999824 
23041 0.4999824 
23042 0.4999824 
23043 0.4999824 
23044 0.4999824 
23045 0.4999824 
23046 0.4999824 
23047 0.4999824 
23048 0.4999824 
23049 0.4999824 
23050 0.4999824 
23051 0.4999824 
23052 0.4999824 
23053 0.4999824 
23054 0.4999824 
23055 0.4999824 
23056 0.4999824 
23057 0.4999824 
23058 0.4999824 
23059 0.4999824 
23060 0.4999824 
23061 0.4999824 
23062 0.4999824 
23063 0.4999824 
23064 0.4999824 
23065 0.4999824 
23066 0.4999824 
23067 0.4999824 
23068 0.4999824 
23069 0.4999824 
23070 0.4999824 
23071 0.4999824 
23072 0.4999824 
23073 0.4999824 
23074 0.4999824 
23075 0.4999824 
23076 0.4999824 
23077 0.4999824 
23078 0.4999824 
23079 0.4999824 
23080 0.4999824 
23081 0.4999824 
23082 0.4999824 
23083 0.4999824 
23084 0.4999824 
23085 0.4999824 
23086 0.4999824 
23087 0.4999824 
23088 0.4999824 
23089 0.4999824 
23090 0.4999824 
23091 0.4999824 
23092 0.4999824 
23093 0.4999824 
23094 0.4999824 
23095 0.4999824 
23096 0.4999823 
23097 0.4999823 
23098 0.4999823 
23099 0.4999823 
23100 0.4999822 
23101 0.4999822 
23102 0.4999822 
23103 0.4999822 
23104 0.4999822 
23105 0.4999822 
23106 0.4999822 
23107 0.4999822 
23108 0.4999822 
23109 0.4999822 
23110 0.4999822 
23111 0.4999822 
23112 0.4999822 
23113 0.4999822 
23114 0.4999822 
23115 0.4999822 
23116 0.4999822 
23117 0.4999822 
23118 0.4999822 
23119 0.4999822 
23120 0.4999822 
23121 0.4999822 
23122 0.4999822 
23123 0.4999822 
23124 0.4999822 
23125 0.4999822 
23126 0.4999822 
23127 0.4999822 
23128 0.4999822 
23129 0.4999822 
23130 0.4999822 
23131 0.4999822 
23132 0.4999821 
23133 0.4999821 
23134 0.4999821 
23135 0.4999821 
23136 0.4999821 
23137 0.4999821 
23138 0.4999821 
23139 0.4999821 
23140 0.4999821 
23141 0.4999821 
23142 0.4999821 
23143 0.4999821 
23144 0.4999821 
23145 0.4999821 
23146 0.4999821 
23147 0.4999821 
23148 0.4999821 
23149 0.4999821 
23150 0.4999821 
23151 0.4999821 
23152 0.4999821 
23153 0.4999821 
23154 0.4999821 
23155 0.4999821 
23156 0.4999821 
23157 0.4999821 
23158 0.4999821 
23159 0.4999821 
23160 0.4999821 
23161 0.4999821 
23162 0.4999821 
23163 0.4999821 
23164 0.4999821 
23165 0.4999821 
23166 0.4999821 
23167 0.4999821 
23168 0.4999821 
23169 0.4999821 
23170 0.4999821 
23171 0.4999821 
23172 0.4999821 
23173 0.4999821 
23174 0.4999821 
23175 0.4999821 
23176 0.4999821 
23177 0.4999821 
23178 0.4999821 
23179 0.4999821 
23180 0.4999821 
23181 0.4999821 
23182 0.4999821 
23183 0.4999821 
23184 0.4999821 
23185 0.4999821 
23186 0.4999821 
23187 0.4999821 
23188 0.4999821 
23189 0.4999821 
23190 0.4999821 
23191 0.4999821 
23192 0.4999821 
23193 0.4999821 
23194 0.4999821 
23195 0.4999821 
23196 0.4999821 
23197 0.4999821 
23198 0.4999821 
23199 0.4999821 
23200 0.4999821 
23201 0.4999821 
23202 0.4999821 
23203 0.4999821 
23204 0.4999821 
23205 0.4999821 
23206 0.499982 
23207 0.499982 
23208 0.499982 
23209 0.499982 
23210 0.499982 
23211 0.499982 
23212 0.499982 
23213 0.4999819 
23214 0.4999819 
23215 0.4999819 
23216 0.4999819 
23217 0.4999819 
23218 0.4999819 
23219 0.4999819 
23220 0.4999819 
23221 0.4999819 
23222 0.4999819 
23223 0.4999819 
23224 0.4999819 
23225 0.4999819 
23226 0.4999819 
23227 0.4999819 
23228 0.4999819 
23229 0.4999819 
23230 0.4999819 
23231 0.4999819 
23232 0.4999819 
23233 0.4999819 
23234 0.4999819 
23235 0.4999819 
23236 0.4999819 
23237 0.4999819 
23238 0.4999819 
23239 0.4999818 
23240 0.4999818 
23241 0.4999818 
23242 0.4999818 
23243 0.4999818 
23244 0.4999818 
23245 0.4999818 
23246 0.4999818 
23247 0.4999818 
23248 0.4999818 
23249 0.4999818 
23250 0.4999818 
23251 0.4999818 
23252 0.4999818 
23253 0.4999818 
23254 0.4999818 
23255 0.4999818 
23256 0.4999818 
23257 0.4999818 
23258 0.4999818 
23259 0.4999818 
23260 0.4999818 
23261 0.4999818 
23262 0.4999818 
23263 0.4999818 
23264 0.4999818 
23265 0.4999818 
23266 0.4999818 
23267 0.4999818 
23268 0.4999818 
23269 0.4999818 
23270 0.4999818 
23271 0.4999818 
23272 0.4999818 
23273 0.4999818 
23274 0.4999818 
23275 0.4999818 
23276 0.4999818 
23277 0.4999818 
23278 0.4999818 
23279 0.4999818 
23280 0.4999818 
23281 0.4999818 
23282 0.4999818 
23283 0.4999818 
23284 0.4999818 
23285 0.4999818 
23286 0.4999818 
23287 0.4999818 
23288 0.4999818 
23289 0.4999818 
23290 0.4999818 
23291 0.4999818 
23292 0.4999818 
23293 0.4999818 
23294 0.4999818 
23295 0.4999818 
23296 0.4999818 
23297 0.4999818 
23298 0.4999818 
23299 0.4999818 
23300 0.4999818 
23301 0.4999818 
23302 0.4999818 
23303 0.4999818 
23304 0.4999818 
23305 0.4999818 
23306 0.4999818 
23307 0.4999818 
23308 0.4999818 
23309 0.4999818 
23310 0.4999818 
23311 0.4999818 
23312 0.4999818 
23313 0.4999818 
23314 0.4999818 
23315 0.4999818 
23316 0.4999818 
23317 0.4999818 
23318 0.4999818 
23319 0.4999818 
23320 0.4999818 
23321 0.4999818 
23322 0.4999818 
23323 0.4999818 
23324 0.4999818 
23325 0.4999818 
23326 0.4999818 
23327 0.4999818 
23328 0.4999818 
23329 0.4999818 
23330 0.4999818 
23331 0.4999818 
23332 0.4999818 
23333 0.4999818 
23334 0.4999818 
23335 0.4999818 
23336 0.4999818 
23337 0.4999818 
23338 0.4999818 
23339 0.4999818 
23340 0.4999818 
23341 0.4999818 
23342 0.4999818 
23343 0.4999818 
23344 0.4999818 
23345 0.4999818 
23346 0.4999818 
23347 0.4999818 
23348 0.4999818 
23349 0.4999818 
23350 0.4999817 
23351 0.4999817 
23352 0.4999817 
23353 0.4999817 
23354 0.4999817 
23355 0.4999817 
23356 0.4999817 
23357 0.4999817 
23358 0.4999817 
23359 0.4999817 
23360 0.4999817 
23361 0.4999817 
23362 0.4999817 
23363 0.4999816 
23364 0.4999816 
23365 0.4999816 
23366 0.4999816 
23367 0.4999816 
23368 0.4999815 
23369 0.4999815 
23370 0.4999815 
23371 0.4999815 
23372 0.4999815 
23373 0.4999815 
23374 0.4999815 
23375 0.4999815 
23376 0.4999815 
23377 0.4999815 
23378 0.4999815 
23379 0.4999815 
23380 0.4999815 
23381 0.4999815 
23382 0.4999815 
23383 0.4999815 
23384 0.4999815 
23385 0.4999815 
23386 0.4999815 
23387 0.4999815 
23388 0.4999815 
23389 0.4999815 
23390 0.4999815 
23391 0.4999815 
23392 0.4999815 
23393 0.4999815 
23394 0.4999815 
23395 0.4999815 
23396 0.4999815 
23397 0.4999815 
23398 0.4999815 
23399 0.4999815 
23400 0.4999815 
23401 0.4999815 
23402 0.4999815 
23403 0.4999815 
23404 0.4999815 
23405 0.4999815 
23406 0.4999815 
23407 0.4999815 
23408 0.4999815 
23409 0.4999815 
23410 0.4999815 
23411 0.4999815 
23412 0.4999815 
23413 0.4999815 
23414 0.4999815 
23415 0.4999815 
23416 0.4999815 
23417 0.4999815 
23418 0.4999815 
23419 0.4999815 
23420 0.4999815 
23421 0.4999815 
23422 0.4999815 
23423 0.4999815 
23424 0.4999815 
23425 0.4999815 
23426 0.4999815 
23427 0.4999815 
23428 0.4999815 
23429 0.4999815 
23430 0.4999815 
23431 0.4999815 
23432 0.4999815 
23433 0.4999815 
23434 0.4999815 
23435 0.4999815 
23436 0.4999815 
23437 0.4999815 
23438 0.4999815 
23439 0.4999815 
23440 0.4999815 
23441 0.4999815 
23442 0.4999815 
23443 0.4999815 
23444 0.4999815 
23445 0.4999815 
23446 0.4999815 
23447 0.4999815 
23448 0.4999815 
23449 0.4999815 
23450 0.4999815 
23451 0.4999815 
23452 0.4999815 
23453 0.4999815 
23454 0.4999815 
23455 0.4999815 
23456 0.4999815 
23457 0.4999815 
23458 0.4999815 
23459 0.4999815 
23460 0.4999815 
23461 0.4999815 
23462 0.4999815 
23463 0.4999815 
23464 0.4999815 
23465 0.4999815 
23466 0.4999815 
23467 0.4999814 
23468 0.4999814 
23469 0.4999814 
23470 0.4999814 
23471 0.4999814 
23472 0.4999814 
23473 0.4999814 
23474 0.4999814 
23475 0.4999814 
23476 0.4999814 
23477 0.4999814 
23478 0.4999814 
23479 0.4999814 
23480 0.4999814 
23481 0.4999814 
23482 0.4999814 
23483 0.4999814 
23484 0.4999814 
23485 0.4999814 
23486 0.4999814 
23487 0.4999814 
23488 0.4999814 
23489 0.4999814 
23490 0.4999814 
23491 0.4999814 
23492 0.4999814 
23493 0.4999814 
23494 0.4999814 
23495 0.4999814 
23496 0.4999814 
23497 0.4999814 
23498 0.4999814 
23499 0.4999814 
23500 0.4999814 
23501 0.4999814 
23502 0.4999814 
23503 0.4999814 
23504 0.4999814 
23505 0.4999814 
23506 0.4999814 
23507 0.4999814 
23508 0.4999814 
23509 0.4999814 
23510 0.4999814 
23511 0.4999814 
23512 0.4999814 
23513 0.4999814 
23514 0.4999814 
23515 0.4999814 
23516 0.4999814 
23517 0.4999814 
23518 0.4999814 
23519 0.4999814 
23520 0.4999814 
23521 0.4999814 
23522 0.4999814 
23523 0.4999814 
23524 0.4999814 
23525 0.4999814 
23526 0.4999814 
23527 0.4999814 
23528 0.4999814 
23529 0.4999814 
23530 0.4999814 
23531 0.4999814 
23532 0.4999814 
23533 0.4999814 
23534 0.4999814 
23535 0.4999814 
23536 0.4999814 
23537 0.4999814 
23538 0.4999814 
23539 0.4999814 
23540 0.4999814 
23541 0.4999814 
23542 0.4999814 
23543 0.4999814 
23544 0.4999814 
23545 0.4999814 
23546 0.4999814 
23547 0.4999814 
23548 0.4999814 
23549 0.4999814 
23550 0.4999814 
23551 0.4999814 
23552 0.4999814 
23553 0.4999814 
23554 0.4999814 
23555 0.4999814 
23556 0.4999814 
23557 0.4999814 
23558 0.4999814 
23559 0.4999814 
23560 0.4999814 
23561 0.4999814 
23562 0.4999814 
23563 0.4999814 
23564 0.4999814 
23565 0.4999814 
23566 0.4999814 
23567 0.4999814 
23568 0.4999814 
23569 0.4999814 
23570 0.4999814 
23571 0.4999814 
23572 0.4999814 
23573 0.4999814 
23574 0.4999814 
23575 0.4999814 
23576 0.4999814 
23577 0.4999814 
23578 0.4999814 
23579 0.4999814 
23580 0.4999814 
23581 0.4999814 
23582 0.4999814 
23583 0.4999814 
23584 0.4999814 
23585 0.4999814 
23586 0.4999813 
23587 0.4999813 
23588 0.4999813 
23589 0.4999813 
23590 0.4999813 
23591 0.4999812 
23592 0.4999812 
23593 0.4999812 
23594 0.4999812 
23595 0.4999812 
23596 0.4999812 
23597 0.4999811 
23598 0.4999811 
23599 0.4999811 
23600 0.4999811 
23601 0.4999811 
23602 0.4999811 
23603 0.4999811 
23604 0.4999811 
23605 0.4999811 
23606 0.4999811 
23607 0.4999811 
23608 0.4999811 
23609 0.4999811 
23610 0.4999811 
23611 0.4999811 
23612 0.4999811 
23613 0.4999811 
23614 0.4999811 
23615 0.4999811 
23616 0.4999811 
23617 0.4999811 
23618 0.4999811 
23619 0.4999811 
23620 0.4999811 
23621 0.4999811 
23622 0.4999811 
23623 0.4999811 
23624 0.4999811 
23625 0.4999811 
23626 0.4999811 
23627 0.4999811 
23628 0.4999811 
23629 0.4999811 
23630 0.4999811 
23631 0.4999811 
23632 0.4999811 
23633 0.4999811 
23634 0.4999811 
23635 0.4999811 
23636 0.4999811 
23637 0.4999811 
23638 0.4999811 
23639 0.499981 
23640 0.499981 
23641 0.499981 
23642 0.499981 
23643 0.499981 
23644 0.499981 
23645 0.499981 
23646 0.499981 
23647 0.499981 
23648 0.499981 
23649 0.499981 
23650 0.499981 
23651 0.499981 
23652 0.499981 
23653 0.499981 
23654 0.499981 
23655 0.499981 
23656 0.499981 
23657 0.499981 
23658 0.499981 
23659 0.499981 
23660 0.499981 
23661 0.499981 
23662 0.499981 
23663 0.499981 
23664 0.499981 
23665 0.499981 
23666 0.499981 
23667 0.499981 
23668 0.499981 
23669 0.499981 
23670 0.499981 
23671 0.499981 
23672 0.499981 
23673 0.499981 
23674 0.499981 
23675 0.499981 
23676 0.499981 
23677 0.499981 
23678 0.499981 
23679 0.499981 
23680 0.499981 
23681 0.499981 
23682 0.499981 
23683 0.499981 
23684 0.499981 
23685 0.499981 
23686 0.499981 
23687 0.499981 
23688 0.499981 
23689 0.499981 
23690 0.499981 
23691 0.499981 
23692 0.499981 
23693 0.499981 
23694 0.499981 
23695 0.499981 
23696 0.499981 
23697 0.499981 
23698 0.499981 
23699 0.499981 
23700 0.499981 
23701 0.499981 
23702 0.499981 
23703 0.499981 
23704 0.499981 
23705 0.499981 
23706 0.499981 
23707 0.499981 
23708 0.499981 
23709 0.499981 
23710 0.499981 
23711 0.499981 
23712 0.499981 
23713 0.499981 
23714 0.499981 
23715 0.499981 
23716 0.499981 
23717 0.499981 
23718 0.499981 
23719 0.499981 
23720 0.499981 
23721 0.4999809 
23722 0.4999809 
23723 0.4999809 
23724 0.4999808 
23725 0.4999808 
23726 0.4999808 
23727 0.4999808 
23728 0.4999808 
23729 0.4999808 
23730 0.4999808 
23731 0.4999808 
23732 0.4999808 
23733 0.4999808 
23734 0.4999808 
23735 0.4999808 
23736 0.4999808 
23737 0.4999808 
23738 0.4999808 
23739 0.4999808 
23740 0.4999808 
23741 0.4999808 
23742 0.4999808 
23743 0.4999808 
23744 0.4999808 
23745 0.4999808 
23746 0.4999808 
23747 0.4999808 
23748 0.4999808 
23749 0.4999808 
23750 0.4999808 
23751 0.4999808 
23752 0.4999808 
23753 0.4999808 
23754 0.4999808 
23755 0.4999808 
23756 0.4999808 
23757 0.4999808 
23758 0.4999808 
23759 0.4999808 
23760 0.4999808 
23761 0.4999808 
23762 0.4999808 
23763 0.4999808 
23764 0.4999808 
23765 0.4999808 
23766 0.4999808 
23767 0.4999808 
23768 0.4999808 
23769 0.4999808 
23770 0.4999808 
23771 0.4999808 
23772 0.4999808 
23773 0.4999808 
23774 0.4999808 
23775 0.4999808 
23776 0.4999808 
23777 0.4999808 
23778 0.4999808 
23779 0.4999808 
23780 0.4999808 
23781 0.4999808 
23782 0.4999808 
23783 0.4999808 
23784 0.4999808 
23785 0.4999808 
23786 0.4999807 
23787 0.4999807 
23788 0.4999807 
23789 0.4999807 
23790 0.4999807 
23791 0.4999807 
23792 0.4999807 
23793 0.4999806 
23794 0.4999806 
23795 0.4999806 
23796 0.4999806 
23797 0.4999806 
23798 0.4999806 
23799 0.4999805 
23800 0.4999805 
23801 0.4999805 
23802 0.4999805 
23803 0.4999805 
23804 0.4999805 
23805 0.4999805 
23806 0.4999805 
23807 0.4999805 
23808 0.4999805 
23809 0.4999805 
23810 0.4999805 
23811 0.4999805 
23812 0.4999805 
23813 0.4999805 
23814 0.4999805 
23815 0.4999805 
23816 0.4999805 
23817 0.4999805 
23818 0.4999805 
23819 0.4999805 
23820 0.4999805 
23821 0.4999805 
23822 0.4999805 
23823 0.4999805 
23824 0.4999805 
23825 0.4999805 
23826 0.4999805 
23827 0.4999805 
23828 0.4999805 
23829 0.4999805 
23830 0.4999805 
23831 0.4999805 
23832 0.4999805 
23833 0.4999805 
23834 0.4999805 
23835 0.4999805 
23836 0.4999805 
23837 0.4999805 
23838 0.4999805 
23839 0.4999805 
23840 0.4999805 
23841 0.4999805 
23842 0.4999805 
23843 0.4999804 
23844 0.4999804 
23845 0.4999804 
23846 0.4999804 
23847 0.4999804 
23848 0.4999804 
23849 0.4999804 
23850 0.4999804 
23851 0.4999804 
23852 0.4999804 
23853 0.4999804 
23854 0.4999804 
23855 0.4999804 
23856 0.4999804 
23857 0.4999804 
23858 0.4999804 
23859 0.4999804 
23860 0.4999804 
23861 0.4999804 
23862 0.4999804 
23863 0.4999804 
23864 0.4999804 
23865 0.4999804 
23866 0.4999804 
23867 0.4999804 
23868 0.4999804 
23869 0.4999804 
23870 0.4999804 
23871 0.4999804 
23872 0.4999804 
23873 0.4999804 
23874 0.4999804 
23875 0.4999804 
23876 0.4999804 
23877 0.4999804 
23878 0.4999804 
23879 0.4999804 
23880 0.4999804 
23881 0.4999804 
23882 0.4999804 
23883 0.4999804 
23884 0.4999804 
23885 0.4999804 
23886 0.4999804 
23887 0.4999804 
23888 0.4999804 
23889 0.4999804 
23890 0.4999804 
23891 0.4999804 
23892 0.4999804 
23893 0.4999804 
23894 0.4999804 
23895 0.4999804 
23896 0.4999804 
23897 0.4999804 
23898 0.4999804 
23899 0.4999804 
23900 0.4999804 
23901 0.4999804 
23902 0.4999804 
23903 0.4999804 
23904 0.4999804 
23905 0.4999804 
23906 0.4999804 
23907 0.4999804 
23908 0.4999804 
23909 0.4999804 
23910 0.4999804 
23911 0.4999804 
23912 0.4999804 
23913 0.4999804 
23914 0.4999804 
23915 0.4999804 
23916 0.4999804 
23917 0.4999804 
23918 0.4999804 
23919 0.4999804 
23920 0.4999804 
23921 0.4999804 
23922 0.4999804 
23923 0.4999804 
23924 0.4999804 
23925 0.4999804 
23926 0.4999804 
23927 0.4999804 
23928 0.4999804 
23929 0.4999804 
23930 0.4999804 
23931 0.4999803 
23932 0.4999803 
23933 0.4999803 
23934 0.4999803 
23935 0.4999803 
23936 0.4999803 
23937 0.4999803 
23938 0.4999803 
23939 0.4999803 
23940 0.4999802 
23941 0.4999802 
23942 0.4999802 
23943 0.4999802 
23944 0.4999802 
23945 0.4999802 
23946 0.4999802 
23947 0.4999802 
23948 0.4999802 
23949 0.4999802 
23950 0.4999802 
23951 0.4999801 
23952 0.4999801 
23953 0.4999801 
23954 0.4999801 
23955 0.4999801 
23956 0.4999801 
23957 0.4999801 
23958 0.4999801 
23959 0.4999801 
23960 0.4999801 
23961 0.4999801 
23962 0.4999801 
23963 0.4999801 
23964 0.4999801 
23965 0.49998 
23966 0.49998 
23967 0.49998 
23968 0.49998 
23969 0.49998 
23970 0.49998 
23971 0.49998 
23972 0.49998 
23973 0.49998 
23974 0.49998 
23975 0.49998 
23976 0.49998 
23977 0.49998 
23978 0.49998 
23979 0.49998 
23980 0.49998 
23981 0.49998 
23982 0.4999799 
23983 0.4999799 
23984 0.4999799 
23985 0.4999799 
23986 0.4999798 
23987 0.4999798 
23988 0.4999798 
23989 0.4999797 
23990 0.4999797 
23991 0.4999797 
23992 0.4999797 
23993 0.4999797 
23994 0.4999797 
23995 0.4999797 
23996 0.4999797 
23997 0.4999797 
23998 0.4999797 
23999 0.4999797 
24000 0.4999797 
24001 0.4999797 
24002 0.4999797 
24003 0.4999797 
24004 0.4999797 
24005 0.4999797 
24006 0.4999797 
24007 0.4999797 
24008 0.4999797 
24009 0.4999797 
24010 0.4999797 
24011 0.4999797 
24012 0.4999797 
24013 0.4999797 
24014 0.4999797 
24015 0.4999797 
24016 0.4999797 
24017 0.4999797 
24018 0.4999797 
24019 0.4999797 
24020 0.4999797 
24021 0.4999797 
24022 0.4999797 
24023 0.4999797 
24024 0.4999797 
24025 0.4999797 
24026 0.4999797 
24027 0.4999797 
24028 0.4999797 
24029 0.4999797 
24030 0.4999797 
24031 0.4999797 
24032 0.4999797 
24033 0.4999797 
24034 0.4999797 
24035 0.4999797 
24036 0.4999797 
24037 0.4999797 
24038 0.4999797 
24039 0.4999797 
24040 0.4999797 
24041 0.4999797 
24042 0.4999797 
24043 0.4999797 
24044 0.4999797 
24045 0.4999797 
24046 0.4999797 
24047 0.4999797 
24048 0.4999797 
24049 0.4999797 
24050 0.4999797 
24051 0.4999797 
24052 0.4999797 
24053 0.4999797 
24054 0.4999797 
24055 0.4999797 
24056 0.4999797 
24057 0.4999797 
24058 0.4999797 
24059 0.4999797 
24060 0.4999797 
24061 0.4999797 
24062 0.4999797 
24063 0.4999797 
24064 0.4999797 
24065 0.4999797 
24066 0.4999797 
24067 0.4999797 
24068 0.4999797 
24069 0.4999796 
24070 0.4999796 
24071 0.4999796 
24072 0.4999796 
24073 0.4999796 
24074 0.4999796 
24075 0.4999796 
24076 0.4999795 
24077 0.4999795 
24078 0.4999795 
24079 0.4999795 
24080 0.4999795 
24081 0.4999795 
24082 0.4999795 
24083 0.4999794 
24084 0.4999794 
24085 0.4999794 
24086 0.4999794 
24087 0.4999794 
24088 0.4999794 
24089 0.4999794 
24090 0.4999794 
24091 0.4999794 
24092 0.4999794 
24093 0.4999794 
24094 0.4999794 
24095 0.4999794 
24096 0.4999794 
24097 0.4999794 
24098 0.4999794 
24099 0.4999794 
24100 0.4999794 
24101 0.4999794 
24102 0.4999794 
24103 0.4999794 
24104 0.4999794 
24105 0.4999794 
24106 0.4999794 
24107 0.4999794 
24108 0.4999794 
24109 0.4999794 
24110 0.4999794 
24111 0.4999794 
24112 0.4999794 
24113 0.4999794 
24114 0.4999794 
24115 0.4999794 
24116 0.4999794 
24117 0.4999794 
24118 0.4999794 
24119 0.4999794 
24120 0.4999794 
24121 0.4999794 
24122 0.4999794 
24123 0.4999794 
24124 0.4999794 
24125 0.4999794 
24126 0.4999794 
24127 0.4999794 
24128 0.4999794 
24129 0.4999794 
24130 0.4999794 
24131 0.4999794 
24132 0.4999794 
24133 0.4999794 
24134 0.4999794 
24135 0.4999794 
24136 0.4999794 
24137 0.4999794 
24138 0.4999794 
24139 0.4999794 
24140 0.4999794 
24141 0.4999793 
24142 0.4999793 
24143 0.4999793 
24144 0.4999793 
24145 0.4999793 
24146 0.4999793 
24147 0.4999793 
24148 0.4999793 
24149 0.4999793 
24150 0.4999793 
24151 0.4999793 
24152 0.4999793 
24153 0.4999793 
24154 0.4999792 
24155 0.4999792 
24156 0.4999792 
24157 0.4999792 
24158 0.4999791 
24159 0.4999791 
24160 0.4999791 
24161 0.4999791 
24162 0.499979 
24163 0.499979 
24164 0.499979 
24165 0.499979 
24166 0.499979 
24167 0.499979 
24168 0.499979 
24169 0.499979 
24170 0.4999789 
24171 0.4999789 
24172 0.4999789 
24173 0.4999789 
24174 0.4999789 
24175 0.4999788 
24176 0.4999788 
24177 0.4999788 
24178 0.4999788 
24179 0.4999788 
24180 0.4999788 
24181 0.4999787 
24182 0.4999787 
24183 0.4999787 
24184 0.4999787 
24185 0.4999786 
24186 0.4999786 
24187 0.4999786 
24188 0.4999786 
24189 0.4999786 
24190 0.4999786 
24191 0.4999786 
24192 0.4999786 
24193 0.4999786 
24194 0.4999786 
24195 0.4999786 
24196 0.4999786 
24197 0.4999786 
24198 0.4999786 
24199 0.4999786 
24200 0.4999786 
24201 0.4999786 
24202 0.4999786 
24203 0.4999786 
24204 0.4999786 
24205 0.4999786 
24206 0.4999786 
24207 0.4999786 
24208 0.4999786 
24209 0.4999786 
24210 0.4999786 
24211 0.4999786 
24212 0.4999786 
24213 0.4999786 
24214 0.4999786 
24215 0.4999786 
24216 0.4999786 
24217 0.4999786 
24218 0.4999786 
24219 0.4999786 
24220 0.4999786 
24221 0.4999786 
24222 0.4999786 
24223 0.4999786 
24224 0.4999786 
24225 0.4999786 
24226 0.4999786 
24227 0.4999786 
24228 0.4999786 
24229 0.4999786 
24230 0.4999786 
24231 0.4999786 
24232 0.4999786 
24233 0.4999786 
24234 0.4999786 
24235 0.4999786 
24236 0.4999786 
24237 0.4999786 
24238 0.4999786 
24239 0.4999786 
24240 0.4999786 
24241 0.4999786 
24242 0.4999786 
24243 0.4999786 
24244 0.4999786 
24245 0.4999786 
24246 0.4999786 
24247 0.4999785 
24248 0.4999785 
24249 0.4999785 
24250 0.4999785 
24251 0.4999784 
24252 0.4999784 
24253 0.4999784 
24254 0.4999784 
24255 0.4999783 
24256 0.4999783 
24257 0.4999783 
24258 0.4999783 
24259 0.4999783 
24260 0.4999783 
24261 0.4999783 
24262 0.4999783 
24263 0.4999783 
24264 0.4999783 
24265 0.4999782 
24266 0.4999782 
24267 0.4999782 
24268 0.4999782 
24269 0.4999782 
24270 0.4999782 
24271 0.4999781 
24272 0.4999781 
24273 0.4999781 
24274 0.4999781 
24275 0.4999781 
24276 0.499978 
24277 0.499978 
24278 0.499978 
24279 0.499978 
24280 0.499978 
24281 0.499978 
24282 0.499978 
24283 0.499978 
24284 0.499978 
24285 0.499978 
24286 0.499978 
24287 0.499978 
24288 0.499978 
24289 0.499978 
24290 0.499978 
24291 0.499978 
24292 0.499978 
24293 0.499978 
24294 0.499978 
24295 0.499978 
24296 0.499978 
24297 0.499978 
24298 0.499978 
24299 0.499978 
24300 0.4999779 
24301 0.4999779 
24302 0.4999779 
24303 0.4999779 
24304 0.4999779 
24305 0.4999779 
24306 0.4999778 
24307 0.4999778 
24308 0.4999778 
24309 0.4999778 
24310 0.4999778 
24311 0.4999777 
24312 0.4999777 
24313 0.4999777 
24314 0.4999777 
24315 0.4999777 
24316 0.4999776 
24317 0.4999776 
24318 0.4999776 
24319 0.4999776 
24320 0.4999776 
24321 0.4999776 
24322 0.4999776 
24323 0.4999776 
24324 0.4999776 
24325 0.4999776 
24326 0.4999776 
24327 0.4999776 
24328 0.4999776 
24329 0.4999776 
24330 0.4999776 
24331 0.4999776 
24332 0.4999776 
24333 0.4999776 
24334 0.4999776 
24335 0.4999776 
24336 0.4999776 
24337 0.4999776 
24338 0.4999776 
24339 0.4999776 
24340 0.4999776 
24341 0.4999776 
24342 0.4999776 
24343 0.4999776 
24344 0.4999776 
24345 0.4999776 
24346 0.4999776 
24347 0.4999776 
24348 0.4999776 
24349 0.4999776 
24350 0.4999776 
24351 0.4999776 
24352 0.4999776 
24353 0.4999776 
24354 0.4999776 
24355 0.4999776 
24356 0.4999776 
24357 0.4999776 
24358 0.4999776 
24359 0.4999776 
24360 0.4999776 
24361 0.4999776 
24362 0.4999776 
24363 0.4999776 
24364 0.4999776 
24365 0.4999776 
24366 0.4999776 
24367 0.4999776 
24368 0.4999776 
24369 0.4999776 
24370 0.4999776 
24371 0.4999776 
24372 0.4999776 
24373 0.4999776 
24374 0.4999776 
24375 0.4999776 
24376 0.4999776 
24377 0.4999776 
24378 0.4999776 
24379 0.4999776 
24380 0.4999776 
24381 0.4999776 
24382 0.4999776 
24383 0.4999776 
24384 0.4999776 
24385 0.4999776 
24386 0.4999776 
24387 0.4999776 
24388 0.4999776 
24389 0.4999776 
24390 0.4999776 
24391 0.4999776 
24392 0.4999776 
24393 0.4999776 
24394 0.4999776 
24395 0.4999776 
24396 0.4999776 
24397 0.4999776 
24398 0.4999776 
24399 0.4999776 
24400 0.4999776 
24401 0.4999776 
24402 0.4999776 
24403 0.4999776 
24404 0.4999776 
24405 0.4999776 
24406 0.4999776 
24407 0.4999775 
24408 0.4999775 
24409 0.4999775 
24410 0.4999775 
24411 0.4999775 
24412 0.4999774 
24413 0.4999774 
24414 0.4999774 
24415 0.4999774 
24416 0.4999773 
24417 0.4999773 
24418 0.4999773 
24419 0.4999773 
24420 0.4999773 
24421 0.4999773 
24422 0.4999773 
24423 0.4999772 
24424 0.4999772 
24425 0.4999772 
24426 0.4999772 
24427 0.4999772 
24428 0.4999772 
24429 0.4999772 
24430 0.4999772 
24431 0.4999772 
24432 0.4999772 
24433 0.4999772 
24434 0.4999772 
24435 0.4999772 
24436 0.4999772 
24437 0.4999772 
24438 0.4999772 
24439 0.4999772 
24440 0.4999772 
24441 0.4999772 
24442 0.4999772 
24443 0.4999772 
24444 0.4999772 
24445 0.4999772 
24446 0.4999772 
24447 0.4999772 
24448 0.4999772 
24449 0.4999772 
24450 0.4999772 
24451 0.4999772 
24452 0.4999772 
24453 0.4999772 
24454 0.4999772 
24455 0.4999772 
24456 0.4999772 
24457 0.4999772 
24458 0.4999772 
24459 0.4999772 
24460 0.4999772 
24461 0.4999772 
24462 0.4999772 
24463 0.4999772 
24464 0.4999772 
24465 0.4999772 
24466 0.4999772 
24467 0.4999772 
24468 0.4999772 
24469 0.4999772 
24470 0.4999772 
24471 0.4999772 
24472 0.4999772 
24473 0.4999772 
24474 0.4999772 
24475 0.4999772 
24476 0.4999772 
24477 0.4999772 
24478 0.4999772 
24479 0.4999772 
24480 0.4999772 
24481 0.4999772 
24482 0.4999772 
24483 0.4999772 
24484 0.4999772 
24485 0.4999772 
24486 0.4999772 
24487 0.4999772 
24488 0.4999772 
24489 0.4999772 
24490 0.4999772 
24491 0.4999772 
24492 0.4999772 
24493 0.4999772 
24494 0.4999772 
24495 0.4999772 
24496 0.4999772 
24497 0.4999772 
24498 0.4999772 
24499 0.4999772 
24500 0.4999772 
24501 0.4999772 
24502 0.4999772 
24503 0.4999771 
24504 0.4999771 
24505 0.4999771 
24506 0.4999771 
24507 0.4999771 
24508 0.4999771 
24509 0.4999771 
24510 0.4999771 
24511 0.4999771 
24512 0.4999771 
24513 0.4999771 
24514 0.4999771 
24515 0.4999771 
24516 0.4999771 
24517 0.4999771 
24518 0.4999771 
24519 0.4999771 
24520 0.4999771 
24521 0.4999771 
24522 0.4999771 
24523 0.4999771 
24524 0.4999771 
24525 0.4999771 
24526 0.4999771 
24527 0.4999771 
24528 0.4999771 
24529 0.4999771 
24530 0.4999771 
24531 0.4999771 
24532 0.4999771 
24533 0.4999771 
24534 0.4999771 
24535 0.4999771 
24536 0.4999771 
24537 0.4999771 
24538 0.4999771 
24539 0.4999771 
24540 0.4999771 
24541 0.4999771 
24542 0.4999771 
24543 0.4999771 
24544 0.4999771 
24545 0.4999771 
24546 0.4999771 
24547 0.4999771 
24548 0.4999771 
24549 0.499977 
24550 0.499977 
24551 0.499977 
24552 0.4999769 
24553 0.4999769 
24554 0.4999769 
24555 0.4999769 
24556 0.4999769 
24557 0.4999769 
24558 0.4999769 
24559 0.4999768 
24560 0.4999768 
24561 0.4999768 
24562 0.4999768 
24563 0.4999768 
24564 0.4999767 
24565 0.4999767 
24566 0.4999767 
24567 0.4999766 
24568 0.4999766 
24569 0.4999766 
24570 0.4999766 
24571 0.4999766 
24572 0.4999766 
24573 0.4999766 
24574 0.4999766 
24575 0.4999766 
24576 0.4999766 
24577 0.4999766 
24578 0.4999766 
24579 0.4999766 
24580 0.4999766 
24581 0.4999766 
24582 0.4999766 
24583 0.4999766 
24584 0.4999766 
24585 0.4999766 
24586 0.4999766 
24587 0.4999766 
24588 0.4999766 
24589 0.4999766 
24590 0.4999766 
24591 0.4999766 
24592 0.4999766 
24593 0.4999766 
24594 0.4999766 
24595 0.4999766 
24596 0.4999766 
24597 0.4999766 
24598 0.4999766 
24599 0.4999766 
24600 0.4999766 
24601 0.4999766 
24602 0.4999766 
24603 0.4999766 
24604 0.4999766 
24605 0.4999766 
24606 0.4999766 
24607 0.4999766 
24608 0.4999766 
24609 0.4999766 
24610 0.4999766 
24611 0.4999766 
24612 0.4999766 
24613 0.4999766 
24614 0.4999766 
24615 0.4999766 
24616 0.4999766 
24617 0.4999766 
24618 0.4999766 
24619 0.4999766 
24620 0.4999766 
24621 0.4999766 
24622 0.4999766 
24623 0.4999766 
24624 0.4999766 
24625 0.4999766 
24626 0.4999766 
24627 0.4999766 
24628 0.4999766 
24629 0.4999766 
24630 0.4999766 
24631 0.4999766 
24632 0.4999766 
24633 0.4999766 
24634 0.4999765 
24635 0.4999765 
24636 0.4999765 
24637 0.4999765 
24638 0.4999764 
24639 0.4999764 
24640 0.4999764 
24641 0.4999764 
24642 0.4999764 
24643 0.4999764 
24644 0.4999763 
24645 0.4999763 
24646 0.4999763 
24647 0.4999763 
24648 0.4999763 
24649 0.4999762 
24650 0.4999762 
24651 0.4999762 
24652 0.4999762 
24653 0.4999762 
24654 0.4999762 
24655 0.4999762 
24656 0.4999761 
24657 0.4999761 
24658 0.4999761 
24659 0.4999761 
24660 0.4999761 
24661 0.499976 
24662 0.499976 
24663 0.499976 
24664 0.499976 
24665 0.4999759 
24666 0.4999759 
24667 0.4999759 
24668 0.4999759 
24669 0.4999759 
24670 0.4999759 
24671 0.4999759 
24672 0.4999759 
24673 0.4999758 
24674 0.4999758 
24675 0.4999758 
24676 0.4999758 
24677 0.4999758 
24678 0.4999757 
24679 0.4999757 
24680 0.4999757 
24681 0.4999756 
24682 0.4999756 
24683 0.4999756 
24684 0.4999756 
24685 0.4999756 
24686 0.4999756 
24687 0.4999756 
24688 0.4999756 
24689 0.4999756 
24690 0.4999756 
24691 0.4999756 
24692 0.4999756 
24693 0.4999756 
24694 0.4999756 
24695 0.4999756 
24696 0.4999756 
24697 0.4999756 
24698 0.4999756 
24699 0.4999756 
24700 0.4999756 
24701 0.4999756 
24702 0.4999756 
24703 0.4999756 
24704 0.4999756 
24705 0.4999756 
24706 0.4999756 
24707 0.4999756 
24708 0.4999756 
24709 0.4999756 
24710 0.4999756 
24711 0.4999756 
24712 0.4999756 
24713 0.4999756 
24714 0.4999756 
24715 0.4999756 
24716 0.4999756 
24717 0.4999756 
24718 0.4999756 
24719 0.4999756 
24720 0.4999756 
24721 0.4999756 
24722 0.4999756 
24723 0.4999756 
24724 0.4999756 
24725 0.4999756 
24726 0.4999756 
24727 0.4999756 
24728 0.4999756 
24729 0.4999756 
24730 0.4999756 
24731 0.4999756 
24732 0.4999756 
24733 0.4999756 
24734 0.4999756 
24735 0.4999756 
24736 0.4999756 
24737 0.4999756 
24738 0.4999756 
24739 0.4999756 
24740 0.4999756 
24741 0.4999756 
24742 0.4999756 
24743 0.4999756 
24744 0.4999756 
24745 0.4999756 
24746 0.4999756 
24747 0.4999756 
24748 0.4999756 
24749 0.4999756 
24750 0.4999756 
24751 0.4999756 
24752 0.4999756 
24753 0.4999756 
24754 0.4999756 
24755 0.4999756 
24756 0.4999756 
24757 0.4999756 
24758 0.4999756 
24759 0.4999756 
24760 0.4999756 
24761 0.4999756 
24762 0.4999756 
24763 0.4999756 
24764 0.4999756 
24765 0.4999756 
24766 0.4999756 
24767 0.4999756 
24768 0.4999756 
24769 0.4999756 
24770 0.4999756 
24771 0.4999756 
24772 0.4999756 
24773 0.4999756 
24774 0.4999756 
24775 0.4999756 
24776 0.4999756 
24777 0.4999756 
24778 0.4999756 
24779 0.4999756 
24780 0.4999756 
24781 0.4999756 
24782 0.4999756 
24783 0.4999756 
24784 0.4999756 
24785 0.4999756 
24786 0.4999756 
24787 0.4999756 
24788 0.4999756 
24789 0.4999756 
24790 0.4999756 
24791 0.4999756 
24792 0.4999755 
24793 0.4999755 
24794 0.4999755 
24795 0.4999755 
24796 0.4999755 
24797 0.4999755 
24798 0.4999754 
24799 0.4999754 
24800 0.4999754 
24801 0.4999754 
24802 0.4999754 
24803 0.4999753 
24804 0.4999753 
24805 0.4999753 
24806 0.4999753 
24807 0.4999752 
24808 0.4999752 
24809 0.4999752 
24810 0.4999752 
24811 0.4999752 
24812 0.4999752 
24813 0.4999752 
24814 0.4999752 
24815 0.4999751 
24816 0.4999751 
24817 0.4999751 
24818 0.4999751 
24819 0.499975 
24820 0.499975 
24821 0.499975 
24822 0.499975 
24823 0.4999749 
24824 0.4999749 
24825 0.4999749 
24826 0.4999749 
24827 0.4999749 
24828 0.4999749 
24829 0.4999749 
24830 0.4999749 
24831 0.4999749 
24832 0.4999749 
24833 0.4999749 
24834 0.4999749 
24835 0.4999749 
24836 0.4999749 
24837 0.4999749 
24838 0.4999749 
24839 0.4999749 
24840 0.4999749 
24841 0.4999749 
24842 0.4999749 
24843 0.4999749 
24844 0.4999749 
24845 0.4999749 
24846 0.4999749 
24847 0.4999749 
24848 0.4999749 
24849 0.4999749 
24850 0.4999749 
24851 0.4999749 
24852 0.4999749 
24853 0.4999749 
24854 0.4999749 
24855 0.4999749 
24856 0.4999749 
24857 0.4999749 
24858 0.4999749 
24859 0.4999749 
24860 0.4999749 
24861 0.4999749 
24862 0.4999749 
24863 0.4999749 
24864 0.4999749 
24865 0.4999749 
24866 0.4999749 
24867 0.4999749 
24868 0.4999749 
24869 0.4999749 
24870 0.4999749 
24871 0.4999749 
24872 0.4999749 
24873 0.4999749 
24874 0.4999749 
24875 0.4999749 
24876 0.4999749 
24877 0.4999749 
24878 0.4999749 
24879 0.4999749 
24880 0.4999749 
24881 0.4999749 
24882 0.4999749 
24883 0.4999749 
24884 0.4999749 
24885 0.4999749 
24886 0.4999749 
24887 0.4999749 
24888 0.4999749 
24889 0.4999749 
24890 0.4999749 
24891 0.4999749 
24892 0.4999749 
24893 0.4999749 
24894 0.4999749 
24895 0.4999749 
24896 0.4999749 
24897 0.4999749 
24898 0.4999749 
24899 0.4999749 
24900 0.4999749 
24901 0.4999749 
24902 0.4999749 
24903 0.4999749 
24904 0.4999749 
24905 0.4999749 
24906 0.4999749 
24907 0.4999748 
24908 0.4999748 
24909 0.4999748 
24910 0.4999748 
24911 0.4999748 
24912 0.4999748 
24913 0.4999747 
24914 0.4999747 
24915 0.4999747 
24916 0.4999747 
24917 0.4999747 
24918 0.4999746 
24919 0.4999746 
24920 0.4999746 
24921 0.4999746 
24922 0.4999746 
24923 0.4999745 
24924 0.4999745 
24925 0.4999745 
24926 0.4999745 
24927 0.4999745 
24928 0.4999745 
24929 0.4999745 
24930 0.4999745 
24931 0.4999744 
24932 0.4999744 
24933 0.4999744 
24934 0.4999744 
24935 0.4999744 
24936 0.4999744 
24937 0.4999744 
24938 0.4999744 
24939 0.4999744 
24940 0.4999743 
24941 0.4999743 
24942 0.4999743 
24943 0.4999743 
24944 0.4999743 
24945 0.4999743 
24946 0.4999743 
24947 0.4999743 
24948 0.4999743 
24949 0.4999743 
24950 0.4999743 
24951 0.4999743 
24952 0.4999743 
24953 0.4999743 
24954 0.4999743 
24955 0.4999743 
24956 0.4999743 
24957 0.4999743 
24958 0.4999743 
24959 0.4999743 
24960 0.4999743 
24961 0.4999743 
24962 0.4999743 
24963 0.4999743 
24964 0.4999743 
24965 0.4999743 
24966 0.4999743 
24967 0.4999743 
24968 0.4999743 
24969 0.4999743 
24970 0.4999743 
24971 0.4999743 
24972 0.4999743 
24973 0.4999743 
24974 0.4999743 
24975 0.4999743 
24976 0.4999743 
24977 0.4999743 
24978 0.4999743 
24979 0.4999743 
24980 0.4999743 
24981 0.4999743 
24982 0.4999743 
24983 0.4999743 
24984 0.4999743 
24985 0.4999743 
24986 0.4999743 
24987 0.4999743 
24988 0.4999743 
24989 0.4999743 
24990 0.4999743 
24991 0.4999743 
24992 0.4999743 
24993 0.4999743 
24994 0.4999743 
24995 0.4999743 
24996 0.4999743 
24997 0.4999743 
24998 0.4999743 
24999 0.4999743 
25000 0.4999743 
25001 0.4999743 
25002 0.4999743 
25003 0.4999743 
25004 0.4999743 
25005 0.4999743 
25006 0.4999743 
25007 0.4999743 
25008 0.4999743 
25009 0.4999743 
25010 0.4999743 
25011 0.4999743 
25012 0.4999743 
25013 0.4999743 
25014 0.4999743 
25015 0.4999743 
25016 0.4999743 
25017 0.4999743 
25018 0.4999743 
25019 0.4999743 
25020 0.4999743 
25021 0.4999743 
25022 0.4999743 
25023 0.4999743 
25024 0.4999743 
25025 0.4999743 
25026 0.4999743 
25027 0.4999743 
25028 0.4999743 
25029 0.4999743 
25030 0.4999743 
25031 0.4999743 
25032 0.4999743 
25033 0.4999743 
25034 0.4999743 
25035 0.4999743 
25036 0.4999743 
25037 0.4999743 
25038 0.4999743 
25039 0.4999743 
25040 0.4999743 
25041 0.4999743 
25042 0.4999743 
25043 0.4999743 
25044 0.4999743 
25045 0.4999743 
25046 0.4999743 
25047 0.4999743 
25048 0.4999743 
25049 0.4999743 
25050 0.4999743 
25051 0.4999743 
25052 0.4999743 
25053 0.4999743 
25054 0.4999743 
25055 0.4999743 
25056 0.4999743 
25057 0.4999743 
25058 0.4999743 
25059 0.4999743 
25060 0.4999743 
25061 0.4999743 
25062 0.4999743 
25063 0.4999743 
25064 0.4999743 
25065 0.4999743 
25066 0.4999743 
25067 0.4999743 
25068 0.4999743 
25069 0.4999743 
25070 0.4999743 
25071 0.4999742 
25072 0.4999742 
25073 0.4999742 
25074 0.4999742 
25075 0.4999742 
25076 0.4999742 
25077 0.4999742 
25078 0.4999742 
25079 0.4999742 
25080 0.4999742 
25081 0.4999742 
25082 0.4999742 
25083 0.4999742 
25084 0.4999742 
25085 0.4999741 
25086 0.4999741 
25087 0.4999741 
25088 0.4999741 
25089 0.4999741 
25090 0.499974 
25091 0.499974 
25092 0.499974 
25093 0.499974 
25094 0.499974 
25095 0.499974 
25096 0.4999739 
25097 0.4999739 
25098 0.4999739 
25099 0.4999739 
25100 0.4999739 
25101 0.4999738 
25102 0.4999738 
25103 0.4999738 
25104 0.4999738 
25105 0.4999738 
25106 0.4999738 
25107 0.4999738 
25108 0.4999737 
25109 0.4999737 
25110 0.4999737 
25111 0.4999737 
25112 0.4999737 
25113 0.4999736 
25114 0.4999736 
25115 0.4999736 
25116 0.4999736 
25117 0.4999735 
25118 0.4999735 
25119 0.4999735 
25120 0.4999735 
25121 0.4999735 
25122 0.4999735 
25123 0.4999735 
25124 0.4999735 
25125 0.4999734 
25126 0.4999734 
25127 0.4999734 
25128 0.4999734 
25129 0.4999734 
25130 0.4999733 
25131 0.4999733 
25132 0.4999732 
25133 0.4999732 
25134 0.4999732 
25135 0.4999732 
25136 0.4999732 
25137 0.4999732 
25138 0.4999732 
25139 0.4999731 
25140 0.4999731 
25141 0.4999731 
25142 0.4999731 
25143 0.4999731 
25144 0.4999731 
25145 0.4999731 
25146 0.4999731 
25147 0.4999731 
25148 0.4999731 
25149 0.4999731 
25150 0.4999731 
25151 0.4999731 
25152 0.4999731 
25153 0.4999731 
25154 0.4999731 
25155 0.4999731 
25156 0.4999731 
25157 0.4999731 
25158 0.4999731 
25159 0.4999731 
25160 0.4999731 
25161 0.4999731 
25162 0.4999731 
25163 0.4999731 
25164 0.4999731 
25165 0.4999731 
25166 0.4999731 
25167 0.4999731 
25168 0.4999731 
25169 0.4999731 
25170 0.4999731 
25171 0.4999731 
25172 0.4999731 
25173 0.4999731 
25174 0.4999731 
25175 0.4999731 
25176 0.4999731 
25177 0.4999731 
25178 0.4999731 
25179 0.4999731 
25180 0.4999731 
25181 0.4999731 
25182 0.499973 
25183 0.499973 
25184 0.499973 
25185 0.499973 
25186 0.499973 
25187 0.499973 
25188 0.499973 
25189 0.499973 
25190 0.499973 
25191 0.499973 
25192 0.499973 
25193 0.499973 
25194 0.499973 
25195 0.499973 
25196 0.499973 
25197 0.499973 
25198 0.499973 
25199 0.499973 
25200 0.499973 
25201 0.499973 
25202 0.499973 
25203 0.499973 
25204 0.499973 
25205 0.499973 
25206 0.499973 
25207 0.4999729 
25208 0.4999729 
25209 0.4999729 
25210 0.4999728 
25211 0.4999728 
25212 0.4999728 
25213 0.4999728 
25214 0.4999728 
25215 0.4999728 
25216 0.4999727 
25217 0.4999727 
25218 0.4999727 
25219 0.4999727 
25220 0.4999726 
25221 0.4999726 
25222 0.4999725 
25223 0.4999725 
25224 0.4999725 
25225 0.4999725 
25226 0.4999725 
25227 0.4999725 
25228 0.4999725 
25229 0.4999725 
25230 0.4999725 
25231 0.4999724 
25232 0.4999724 
25233 0.4999724 
25234 0.4999724 
25235 0.4999724 
25236 0.4999724 
25237 0.4999723 
25238 0.4999723 
25239 0.4999723 
25240 0.4999723 
25241 0.4999722 
25242 0.4999722 
25243 0.4999722 
25244 0.4999722 
25245 0.4999721 
25246 0.4999721 
25247 0.4999721 
25248 0.4999721 
25249 0.4999721 
25250 0.4999721 
25251 0.4999721 
25252 0.4999721 
25253 0.4999721 
25254 0.4999721 
25255 0.4999721 
25256 0.4999721 
25257 0.4999721 
25258 0.4999721 
25259 0.4999721 
25260 0.4999721 
25261 0.4999721 
25262 0.4999721 
25263 0.4999721 
25264 0.4999721 
25265 0.4999721 
25266 0.4999721 
25267 0.4999721 
25268 0.4999721 
25269 0.4999721 
25270 0.4999721 
25271 0.4999721 
25272 0.4999721 
25273 0.4999721 
25274 0.4999721 
25275 0.4999721 
25276 0.4999721 
25277 0.4999721 
25278 0.4999721 
25279 0.4999721 
25280 0.4999721 
25281 0.4999721 
25282 0.4999721 
25283 0.4999721 
25284 0.4999721 
25285 0.4999721 
25286 0.4999721 
25287 0.4999721 
25288 0.4999721 
25289 0.4999721 
25290 0.4999721 
25291 0.4999721 
25292 0.4999721 
25293 0.4999721 
25294 0.4999721 
25295 0.4999721 
25296 0.4999721 
25297 0.4999721 
25298 0.4999721 
25299 0.4999721 
25300 0.4999721 
25301 0.4999721 
25302 0.4999721 
25303 0.4999721 
25304 0.4999721 
25305 0.4999721 
25306 0.4999721 
25307 0.4999721 
25308 0.4999721 
25309 0.4999721 
25310 0.4999721 
25311 0.4999721 
25312 0.4999721 
25313 0.4999721 
25314 0.4999721 
25315 0.4999721 
25316 0.4999721 
25317 0.4999721 
25318 0.4999721 
25319 0.4999721 
25320 0.4999721 
25321 0.4999721 
25322 0.4999721 
25323 0.4999721 
25324 0.4999721 
25325 0.4999721 
25326 0.4999721 
25327 0.4999721 
25328 0.4999721 
25329 0.4999721 
25330 0.4999721 
25331 0.4999721 
25332 0.4999721 
25333 0.4999721 
25334 0.4999721 
25335 0.4999721 
25336 0.4999721 
25337 0.4999721 
25338 0.4999721 
25339 0.4999721 
25340 0.4999721 
25341 0.4999721 
25342 0.4999721 
25343 0.4999721 
25344 0.4999721 
25345 0.4999721 
25346 0.499972 
25347 0.499972 
25348 0.499972 
25349 0.499972 
25350 0.4999719 
25351 0.4999719 
25352 0.4999719 
25353 0.4999718 
25354 0.4999718 
25355 0.4999718 
25356 0.4999718 
25357 0.4999718 
25358 0.4999718 
25359 0.4999718 
25360 0.4999718 
25361 0.4999718 
25362 0.4999718 
25363 0.4999718 
25364 0.4999718 
25365 0.4999717 
25366 0.4999717 
25367 0.4999717 
25368 0.4999717 
25369 0.4999717 
25370 0.4999716 
25371 0.4999716 
25372 0.4999716 
25373 0.4999716 
25374 0.4999716 
25375 0.4999716 
25376 0.4999715 
25377 0.4999715 
25378 0.4999715 
25379 0.4999715 
25380 0.4999715 
25381 0.4999715 
25382 0.4999714 
25383 0.4999714 
25384 0.4999714 
25385 0.4999714 
25386 0.4999714 
25387 0.4999714 
25388 0.4999714 
25389 0.4999714 
25390 0.4999713 
25391 0.4999713 
25392 0.4999713 
25393 0.4999712 
25394 0.4999712 
25395 0.4999712 
25396 0.4999711 
25397 0.4999711 
25398 0.4999711 
25399 0.4999711 
25400 0.4999711 
25401 0.4999711 
25402 0.4999711 
25403 0.4999711 
25404 0.499971 
25405 0.499971 
25406 0.499971 
25407 0.499971 
25408 0.4999709 
25409 0.4999709 
25410 0.4999708 
25411 0.4999708 
25412 0.4999708 
25413 0.4999708 
25414 0.4999708 
25415 0.4999708 
25416 0.4999708 
25417 0.4999707 
25418 0.4999707 
25419 0.4999707 
25420 0.4999707 
25421 0.4999707 
25422 0.4999707 
25423 0.4999706 
25424 0.4999706 
25425 0.4999706 
25426 0.4999706 
25427 0.4999706 
25428 0.4999705 
25429 0.4999705 
25430 0.4999705 
25431 0.4999705 
25432 0.4999705 
25433 0.4999704 
25434 0.4999704 
25435 0.4999704 
25436 0.4999704 
25437 0.4999704 
25438 0.4999704 
25439 0.4999704 
25440 0.4999704 
25441 0.4999703 
25442 0.4999703 
25443 0.4999703 
25444 0.4999703 
25445 0.4999703 
25446 0.4999702 
25447 0.4999702 
25448 0.4999702 
25449 0.4999701 
25450 0.4999701 
25451 0.4999701 
25452 0.4999701 
25453 0.4999701 
25454 0.4999701 
25455 0.4999701 
25456 0.4999701 
25457 0.4999701 
25458 0.4999701 
25459 0.4999701 
25460 0.49997 
25461 0.49997 
25462 0.49997 
25463 0.49997 
25464 0.4999699 
25465 0.4999699 
25466 0.4999699 
25467 0.4999699 
25468 0.4999699 
25469 0.4999698 
25470 0.4999698 
25471 0.4999698 
25472 0.4999698 
25473 0.4999697 
25474 0.4999697 
25475 0.4999697 
25476 0.4999697 
25477 0.4999697 
25478 0.4999697 
25479 0.4999697 
25480 0.4999697 
25481 0.4999696 
25482 0.4999696 
25483 0.4999696 
25484 0.4999696 
25485 0.4999695 
25486 0.4999695 
25487 0.4999695 
25488 0.4999695 
25489 0.4999695 
25490 0.4999694 
25491 0.4999694 
25492 0.4999694 
25493 0.4999694 
25494 0.4999694 
25495 0.4999694 
25496 0.4999694 
25497 0.4999693 
25498 0.4999693 
25499 0.4999693 
25500 0.4999693 
25501 0.4999693 
25502 0.4999692 
25503 0.4999692 
25504 0.4999692 
25505 0.4999691 
25506 0.4999691 
25507 0.4999691 
25508 0.4999691 
25509 0.4999691 
25510 0.4999691 
25511 0.4999691 
25512 0.4999691 
25513 0.4999691 
25514 0.499969 
25515 0.499969 
25516 0.499969 
25517 0.499969 
25518 0.499969 
25519 0.499969 
25520 0.4999689 
25521 0.4999689 
25522 0.4999689 
25523 0.4999689 
25524 0.4999689 
25525 0.4999688 
25526 0.4999688 
25527 0.4999688 
25528 0.4999688 
25529 0.4999688 
25530 0.4999688 
25531 0.4999688 
25532 0.4999688 
25533 0.4999687 
25534 0.4999687 
25535 0.4999687 
25536 0.4999687 
25537 0.4999687 
25538 0.4999687 
25539 0.4999687 
25540 0.4999687 
25541 0.4999687 
25542 0.4999687 
25543 0.4999687 
25544 0.4999687 
25545 0.4999687 
25546 0.4999687 
25547 0.4999687 
25548 0.4999687 
25549 0.4999687 
25550 0.4999687 
25551 0.4999687 
25552 0.4999687 
25553 0.4999687 
25554 0.4999687 
25555 0.4999687 
25556 0.4999687 
25557 0.4999687 
25558 0.4999687 
25559 0.4999687 
25560 0.4999687 
25561 0.4999687 
25562 0.4999687 
25563 0.4999687 
25564 0.4999687 
25565 0.4999687 
25566 0.4999687 
25567 0.4999687 
25568 0.4999687 
25569 0.4999687 
25570 0.4999687 
25571 0.4999687 
25572 0.4999687 
25573 0.4999687 
25574 0.4999687 
25575 0.4999687 
25576 0.4999687 
25577 0.4999687 
25578 0.4999687 
25579 0.4999687 
25580 0.4999687 
25581 0.4999687 
25582 0.4999687 
25583 0.4999687 
25584 0.4999687 
25585 0.4999687 
25586 0.4999687 
25587 0.4999687 
25588 0.4999687 
25589 0.4999687 
25590 0.4999687 
25591 0.4999687 
25592 0.4999687 
25593 0.4999687 
25594 0.4999687 
25595 0.4999687 
25596 0.4999687 
25597 0.4999687 
25598 0.4999687 
25599 0.4999687 
25600 0.4999687 
25601 0.4999687 
25602 0.4999687 
25603 0.4999687 
25604 0.4999687 
25605 0.4999687 
25606 0.4999687 
25607 0.4999687 
25608 0.4999687 
25609 0.4999687 
25610 0.4999687 
25611 0.4999687 
25612 0.4999687 
25613 0.4999687 
25614 0.4999687 
25615 0.4999687 
25616 0.4999686 
25617 0.4999686 
25618 0.4999686 
25619 0.4999686 
25620 0.4999685 
25621 0.4999685 
25622 0.4999685 
25623 0.4999684 
25624 0.4999684 
25625 0.4999684 
25626 0.4999684 
25627 0.4999684 
25628 0.4999684 
25629 0.4999684 
25630 0.4999684 
25631 0.4999683 
25632 0.4999683 
25633 0.4999683 
25634 0.4999683 
25635 0.4999683 
25636 0.4999683 
25637 0.4999682 
25638 0.4999682 
25639 0.4999682 
25640 0.4999682 
25641 0.4999682 
25642 0.4999681 
25643 0.4999681 
25644 0.4999681 
25645 0.4999681 
25646 0.4999681 
25647 0.499968 
25648 0.499968 
25649 0.499968 
25650 0.499968 
25651 0.499968 
25652 0.499968 
25653 0.499968 
25654 0.499968 
25655 0.4999679 
25656 0.4999679 
25657 0.4999679 
25658 0.4999679 
25659 0.4999679 
25660 0.4999678 
25661 0.4999678 
25662 0.4999678 
25663 0.4999678 
25664 0.4999677 
25665 0.4999677 
25666 0.4999677 
25667 0.4999677 
25668 0.4999677 
25669 0.4999677 
25670 0.4999677 
25671 0.4999676 
25672 0.4999676 
25673 0.4999676 
25674 0.4999676 
25675 0.4999676 
25676 0.4999676 
25677 0.4999676 
25678 0.4999676 
25679 0.4999676 
25680 0.4999676 
25681 0.4999676 
25682 0.4999676 
25683 0.4999676 
25684 0.4999676 
25685 0.4999676 
25686 0.4999676 
25687 0.4999676 
25688 0.4999675 
25689 0.4999675 
25690 0.4999675 
25691 0.4999675 
25692 0.4999675 
25693 0.4999675 
25694 0.4999675 
25695 0.4999675 
25696 0.4999675 
25697 0.4999675 
25698 0.4999675 
25699 0.4999675 
25700 0.4999675 
25701 0.4999675 
25702 0.4999675 
25703 0.4999675 
25704 0.4999675 
25705 0.4999675 
25706 0.4999675 
25707 0.4999675 
25708 0.4999675 
25709 0.4999675 
25710 0.4999675 
25711 0.4999675 
25712 0.4999675 
25713 0.4999675 
25714 0.4999675 
25715 0.4999675 
25716 0.4999675 
25717 0.4999675 
25718 0.4999675 
25719 0.4999675 
25720 0.4999675 
25721 0.4999675 
25722 0.4999675 
25723 0.4999675 
25724 0.4999675 
25725 0.4999675 
25726 0.4999675 
25727 0.4999675 
25728 0.4999675 
25729 0.4999675 
25730 0.4999675 
25731 0.4999675 
25732 0.4999675 
25733 0.4999675 
25734 0.4999675 
25735 0.4999675 
25736 0.4999675 
25737 0.4999675 
25738 0.4999675 
25739 0.4999675 
25740 0.4999675 
25741 0.4999674 
25742 0.4999674 
25743 0.4999674 
25744 0.4999674 
25745 0.4999673 
25746 0.4999673 
25747 0.4999673 
25748 0.4999673 
25749 0.4999673 
25750 0.4999673 
25751 0.4999673 
25752 0.4999673 
25753 0.4999673 
25754 0.4999673 
25755 0.4999673 
25756 0.4999672 
25757 0.4999672 
25758 0.4999672 
25759 0.4999671 
25760 0.4999671 
25761 0.4999671 
25762 0.4999671 
25763 0.499967 
25764 0.499967 
25765 0.499967 
25766 0.499967 
25767 0.499967 
25768 0.499967 
25769 0.499967 
25770 0.499967 
25771 0.499967 
25772 0.499967 
25773 0.499967 
25774 0.499967 
25775 0.4999669 
25776 0.4999669 
25777 0.4999669 
25778 0.4999669 
25779 0.4999669 
25780 0.4999669 
25781 0.4999668 
25782 0.4999668 
25783 0.4999668 
25784 0.4999668 
25785 0.4999667 
25786 0.4999667 
25787 0.4999667 
25788 0.4999667 
25789 0.4999667 
25790 0.4999667 
25791 0.4999667 
25792 0.4999667 
25793 0.4999666 
25794 0.4999666 
25795 0.4999666 
25796 0.4999666 
25797 0.4999666 
25798 0.4999666 
25799 0.4999666 
25800 0.4999665 
25801 0.4999665 
25802 0.4999665 
25803 0.4999665 
25804 0.4999665 
25805 0.4999664 
25806 0.4999664 
25807 0.4999664 
25808 0.4999664 
25809 0.4999664 
25810 0.4999663 
25811 0.4999663 
25812 0.4999663 
25813 0.4999663 
25814 0.4999663 
25815 0.4999663 
25816 0.4999663 
25817 0.4999663 
25818 0.4999662 
25819 0.4999662 
25820 0.4999662 
25821 0.4999662 
25822 0.4999661 
25823 0.4999661 
25824 0.4999661 
25825 0.499966 
25826 0.499966 
25827 0.499966 
25828 0.499966 
25829 0.499966 
25830 0.499966 
25831 0.499966 
25832 0.499966 
25833 0.499966 
25834 0.499966 
25835 0.499966 
25836 0.499966 
25837 0.499966 
25838 0.499966 
25839 0.499966 
25840 0.499966 
25841 0.499966 
25842 0.499966 
25843 0.499966 
25844 0.499966 
25845 0.499966 
25846 0.499966 
25847 0.499966 
25848 0.499966 
25849 0.499966 
25850 0.499966 
25851 0.499966 
25852 0.499966 
25853 0.499966 
25854 0.499966 
25855 0.499966 
25856 0.499966 
25857 0.499966 
25858 0.499966 
25859 0.499966 
25860 0.499966 
25861 0.499966 
25862 0.499966 
25863 0.499966 
25864 0.499966 
25865 0.499966 
25866 0.499966 
25867 0.499966 
25868 0.499966 
25869 0.499966 
25870 0.499966 
25871 0.499966 
25872 0.499966 
25873 0.499966 
25874 0.499966 
25875 0.499966 
25876 0.499966 
25877 0.499966 
25878 0.499966 
25879 0.499966 
25880 0.499966 
25881 0.499966 
25882 0.499966 
25883 0.499966 
25884 0.499966 
25885 0.499966 
25886 0.499966 
25887 0.499966 
25888 0.499966 
25889 0.499966 
25890 0.499966 
25891 0.499966 
25892 0.499966 
25893 0.499966 
25894 0.499966 
25895 0.499966 
25896 0.499966 
25897 0.499966 
25898 0.499966 
25899 0.499966 
25900 0.499966 
25901 0.499966 
25902 0.499966 
25903 0.499966 
25904 0.499966 
25905 0.499966 
25906 0.499966 
25907 0.499966 
25908 0.499966 
25909 0.499966 
25910 0.499966 
25911 0.499966 
25912 0.499966 
25913 0.499966 
25914 0.499966 
25915 0.499966 
25916 0.499966 
25917 0.499966 
25918 0.499966 
25919 0.499966 
25920 0.499966 
25921 0.499966 
25922 0.499966 
25923 0.499966 
25924 0.499966 
25925 0.499966 
25926 0.499966 
25927 0.499966 
25928 0.499966 
25929 0.499966 
25930 0.499966 
25931 0.499966 
25932 0.499966 
25933 0.499966 
25934 0.499966 
25935 0.499966 
25936 0.4999659 
25937 0.4999659 
25938 0.4999659 
25939 0.4999659 
25940 0.4999659 
25941 0.4999658 
25942 0.4999658 
25943 0.4999658 
25944 0.4999658 
25945 0.4999657 
25946 0.4999657 
25947 0.4999657 
25948 0.4999657 
25949 0.4999656 
25950 0.4999656 
25951 0.4999656 
25952 0.4999656 
25953 0.4999656 
25954 0.4999656 
25955 0.4999656 
25956 0.4999656 
25957 0.4999656 
25958 0.4999656 
25959 0.4999656 
25960 0.4999656 
25961 0.4999656 
25962 0.4999656 
25963 0.4999656 
25964 0.4999656 
25965 0.4999656 
25966 0.4999656 
25967 0.4999656 
25968 0.4999656 
25969 0.4999656 
25970 0.4999656 
25971 0.4999656 
25972 0.4999656 
25973 0.4999656 
25974 0.4999656 
25975 0.4999656 
25976 0.4999656 
25977 0.4999656 
25978 0.4999656 
25979 0.4999656 
25980 0.4999656 
25981 0.4999656 
25982 0.4999656 
25983 0.4999656 
25984 0.4999656 
25985 0.4999656 
25986 0.4999656 
25987 0.4999656 
25988 0.4999656 
25989 0.4999656 
25990 0.4999656 
25991 0.4999656 
25992 0.4999656 
25993 0.4999656 
25994 0.4999656 
25995 0.4999656 
25996 0.4999656 
25997 0.4999656 
25998 0.4999656 
25999 0.4999656 
26000 0.4999656 
26001 0.4999656 
26002 0.4999656 
26003 0.4999656 
26004 0.4999656 
26005 0.4999656 
26006 0.4999656 
26007 0.4999656 
26008 0.4999656 
26009 0.4999656 
26010 0.4999656 
26011 0.4999656 
26012 0.4999656 
26013 0.4999656 
26014 0.4999656 
26015 0.4999656 
26016 0.4999656 
26017 0.4999656 
26018 0.4999656 
26019 0.4999656 
26020 0.4999656 
26021 0.4999656 
26022 0.4999656 
26023 0.4999656 
26024 0.4999656 
26025 0.4999656 
26026 0.4999656 
26027 0.4999656 
26028 0.4999656 
26029 0.4999656 
26030 0.4999656 
26031 0.4999656 
26032 0.4999656 
26033 0.4999656 
26034 0.4999656 
26035 0.4999656 
26036 0.4999656 
26037 0.4999656 
26038 0.4999656 
26039 0.4999656 
26040 0.4999656 
26041 0.4999656 
26042 0.4999656 
26043 0.4999656 
26044 0.4999656 
26045 0.4999655 
26046 0.4999655 
26047 0.4999655 
26048 0.4999655 
26049 0.4999655 
26050 0.4999654 
26051 0.4999654 
26052 0.4999654 
26053 0.4999654 
26054 0.4999653 
26055 0.4999653 
26056 0.4999653 
26057 0.4999653 
26058 0.4999653 
26059 0.4999653 
26060 0.4999653 
26061 0.4999652 
26062 0.4999652 
26063 0.4999652 
26064 0.4999652 
26065 0.4999652 
26066 0.4999652 
26067 0.4999652 
26068 0.4999651 
26069 0.4999651 
26070 0.4999651 
26071 0.4999651 
26072 0.4999651 
26073 0.499965 
26074 0.499965 
26075 0.499965 
26076 0.499965 
26077 0.4999649 
26078 0.4999649 
26079 0.4999649 
26080 0.4999649 
26081 0.4999649 
26082 0.4999649 
26083 0.4999649 
26084 0.4999648 
26085 0.4999648 
26086 0.4999648 
26087 0.4999648 
26088 0.4999648 
26089 0.4999647 
26090 0.4999647 
26091 0.4999647 
26092 0.4999647 
26093 0.4999646 
26094 0.4999646 
26095 0.4999646 
26096 0.4999646 
26097 0.4999646 
26098 0.4999646 
26099 0.4999646 
26100 0.4999646 
26101 0.4999646 
26102 0.4999646 
26103 0.4999646 
26104 0.4999645 
26105 0.4999645 
26106 0.4999645 
26107 0.4999645 
26108 0.4999644 
26109 0.4999644 
26110 0.4999643 
26111 0.4999643 
26112 0.4999643 
26113 0.4999643 
26114 0.4999643 
26115 0.4999643 
26116 0.4999643 
26117 0.4999643 
26118 0.4999643 
26119 0.4999642 
26120 0.4999642 
26121 0.4999642 
26122 0.4999642 
26123 0.4999642 
26124 0.4999642 
26125 0.4999642 
26126 0.4999641 
26127 0.4999641 
26128 0.4999641 
26129 0.4999641 
26130 0.499964 
26131 0.499964 
26132 0.499964 
26133 0.499964 
26134 0.499964 
26135 0.4999639 
26136 0.4999639 
26137 0.4999639 
26138 0.4999639 
26139 0.4999639 
26140 0.4999639 
26141 0.4999639 
26142 0.4999639 
26143 0.4999639 
26144 0.4999639 
26145 0.4999639 
26146 0.4999639 
26147 0.4999639 
26148 0.4999639 
26149 0.4999639 
26150 0.4999639 
26151 0.4999639 
26152 0.4999639 
26153 0.4999639 
26154 0.4999639 
26155 0.4999639 
26156 0.4999639 
26157 0.4999639 
26158 0.4999639 
26159 0.4999639 
26160 0.4999639 
26161 0.4999639 
26162 0.4999639 
26163 0.4999639 
26164 0.4999639 
26165 0.4999639 
26166 0.4999639 
26167 0.4999639 
26168 0.4999639 
26169 0.4999639 
26170 0.4999639 
26171 0.4999639 
26172 0.4999639 
26173 0.4999639 
26174 0.4999639 
26175 0.4999639 
26176 0.4999639 
26177 0.4999639 
26178 0.4999639 
26179 0.4999639 
26180 0.4999639 
26181 0.4999639 
26182 0.4999639 
26183 0.4999639 
26184 0.4999639 
26185 0.4999639 
26186 0.4999639 
26187 0.4999639 
26188 0.4999639 
26189 0.4999639 
26190 0.4999639 
26191 0.4999639 
26192 0.4999639 
26193 0.4999639 
26194 0.4999638 
26195 0.4999638 
26196 0.4999638 
26197 0.4999638 
26198 0.4999638 
26199 0.4999637 
26200 0.4999637 
26201 0.4999636 
26202 0.4999636 
26203 0.4999636 
26204 0.4999636 
26205 0.4999636 
26206 0.4999636 
26207 0.4999636 
26208 0.4999636 
26209 0.4999635 
26210 0.4999635 
26211 0.4999635 
26212 0.4999635 
26213 0.4999635 
26214 0.4999635 
26215 0.4999635 
26216 0.4999634 
26217 0.4999634 
26218 0.4999634 
26219 0.4999634 
26220 0.4999634 
26221 0.4999633 
26222 0.4999633 
26223 0.4999633 
26224 0.4999632 
26225 0.4999632 
26226 0.4999632 
26227 0.4999632 
26228 0.4999632 
26229 0.4999632 
26230 0.4999632 
26231 0.4999632 
26232 0.4999631 
26233 0.4999631 
26234 0.4999631 
26235 0.4999631 
26236 0.499963 
26237 0.499963 
26238 0.499963 
26239 0.4999629 
26240 0.4999629 
26241 0.4999629 
26242 0.4999629 
26243 0.4999629 
26244 0.4999629 
26245 0.4999629 
26246 0.4999629 
26247 0.4999628 
26248 0.4999628 
26249 0.4999628 
26250 0.4999628 
26251 0.4999628 
26252 0.4999628 
26253 0.4999627 
26254 0.4999627 
26255 0.4999627 
26256 0.4999627 
26257 0.4999627 
26258 0.4999626 
26259 0.4999626 
26260 0.4999626 
26261 0.4999626 
26262 0.4999626 
26263 0.4999626 
26264 0.4999626 
26265 0.4999626 
26266 0.4999625 
26267 0.4999625 
26268 0.4999625 
26269 0.4999625 
26270 0.4999625 
26271 0.4999625 
26272 0.4999625 
26273 0.4999624 
26274 0.4999624 
26275 0.4999624 
26276 0.4999624 
26277 0.4999624 
26278 0.4999623 
26279 0.4999623 
26280 0.4999623 
26281 0.4999623 
26282 0.4999622 
26283 0.4999622 
26284 0.4999622 
26285 0.4999622 
26286 0.4999622 
26287 0.4999622 
26288 0.4999622 
26289 0.4999622 
26290 0.4999621 
26291 0.4999621 
26292 0.4999621 
26293 0.4999621 
26294 0.4999621 
26295 0.4999621 
26296 0.4999621 
26297 0.4999621 
26298 0.4999621 
26299 0.4999621 
26300 0.4999621 
26301 0.4999621 
26302 0.4999621 
26303 0.4999621 
26304 0.4999621 
26305 0.4999621 
26306 0.4999621 
26307 0.4999621 
26308 0.4999621 
26309 0.4999621 
26310 0.4999621 
26311 0.4999621 
26312 0.4999621 
26313 0.4999621 
26314 0.4999621 
26315 0.4999621 
26316 0.4999621 
26317 0.4999621 
26318 0.4999621 
26319 0.4999621 
26320 0.4999621 
26321 0.4999621 
26322 0.499962 
26323 0.499962 
26324 0.499962 
26325 0.499962 
26326 0.499962 
26327 0.499962 
26328 0.499962 
26329 0.499962 
26330 0.499962 
26331 0.499962 
26332 0.499962 
26333 0.499962 
26334 0.499962 
26335 0.499962 
26336 0.499962 
26337 0.499962 
26338 0.499962 
26339 0.499962 
26340 0.499962 
26341 0.499962 
26342 0.499962 
26343 0.499962 
26344 0.499962 
26345 0.499962 
26346 0.499962 
26347 0.499962 
26348 0.499962 
26349 0.499962 
26350 0.499962 
26351 0.499962 
26352 0.499962 
26353 0.499962 
26354 0.499962 
26355 0.499962 
26356 0.499962 
26357 0.499962 
26358 0.499962 
26359 0.499962 
26360 0.499962 
26361 0.499962 
26362 0.499962 
26363 0.499962 
26364 0.499962 
26365 0.499962 
26366 0.499962 
26367 0.499962 
26368 0.499962 
26369 0.499962 
26370 0.499962 
26371 0.499962 
26372 0.499962 
26373 0.499962 
26374 0.499962 
26375 0.499962 
26376 0.499962 
26377 0.499962 
26378 0.499962 
26379 0.499962 
26380 0.499962 
26381 0.499962 
26382 0.499962 
26383 0.499962 
26384 0.499962 
26385 0.499962 
26386 0.499962 
26387 0.499962 
26388 0.499962 
26389 0.499962 
26390 0.4999619 
26391 0.4999619 
26392 0.4999619 
26393 0.4999619 
26394 0.4999619 
26395 0.4999619 
26396 0.4999619 
26397 0.4999619 
26398 0.4999618 
26399 0.4999618 
26400 0.4999618 
26401 0.4999618 
26402 0.4999618 
26403 0.4999618 
26404 0.4999617 
26405 0.4999617 
26406 0.4999617 
26407 0.4999617 
26408 0.4999617 
26409 0.4999616 
26410 0.4999616 
26411 0.4999616 
26412 0.4999616 
26413 0.4999616 
26414 0.4999616 
26415 0.4999616 
26416 0.4999615 
26417 0.4999615 
26418 0.4999615 
26419 0.4999615 
26420 0.4999615 
26421 0.4999615 
26422 0.4999615 
26423 0.4999615 
26424 0.4999615 
26425 0.4999614 
26426 0.4999614 
26427 0.4999614 
26428 0.4999614 
26429 0.4999614 
26430 0.4999613 
26431 0.4999613 
26432 0.4999613 
26433 0.4999612 
26434 0.4999612 
26435 0.4999612 
26436 0.4999612 
26437 0.4999612 
26438 0.4999612 
26439 0.4999612 
26440 0.4999612 
26441 0.4999612 
26442 0.4999611 
26443 0.4999611 
26444 0.4999611 
26445 0.4999611 
26446 0.4999611 
26447 0.4999611 
26448 0.4999611 
26449 0.499961 
26450 0.499961 
26451 0.499961 
26452 0.499961 
26453 0.4999609 
26454 0.4999609 
26455 0.4999609 
26456 0.4999609 
26457 0.4999608 
26458 0.4999608 
26459 0.4999608 
26460 0.4999608 
26461 0.4999608 
26462 0.4999608 
26463 0.4999608 
26464 0.4999608 
26465 0.4999608 
26466 0.4999607 
26467 0.4999607 
26468 0.4999607 
26469 0.4999607 
26470 0.4999606 
26471 0.4999606 
26472 0.4999606 
26473 0.4999605 
26474 0.4999605 
26475 0.4999605 
26476 0.4999605 
26477 0.4999605 
26478 0.4999605 
26479 0.4999605 
26480 0.4999605 
26481 0.4999605 
26482 0.4999605 
26483 0.4999605 
26484 0.4999605 
26485 0.4999605 
26486 0.4999605 
26487 0.4999605 
26488 0.4999605 
26489 0.4999605 
26490 0.4999605 
26491 0.4999605 
26492 0.4999605 
26493 0.4999605 
26494 0.4999605 
26495 0.4999605 
26496 0.4999605 
26497 0.4999605 
26498 0.4999605 
26499 0.4999605 
26500 0.4999605 
26501 0.4999605 
26502 0.4999605 
26503 0.4999605 
26504 0.4999605 
26505 0.4999605 
26506 0.4999605 
26507 0.4999605 
26508 0.4999605 
26509 0.4999605 
26510 0.4999605 
26511 0.4999605 
26512 0.4999605 
26513 0.4999605 
26514 0.4999605 
26515 0.4999605 
26516 0.4999605 
26517 0.4999605 
26518 0.4999605 
26519 0.4999605 
26520 0.4999605 
26521 0.4999605 
26522 0.4999605 
26523 0.4999605 
26524 0.4999605 
26525 0.4999605 
26526 0.4999605 
26527 0.4999605 
26528 0.4999605 
26529 0.4999605 
26530 0.4999605 
26531 0.4999605 
26532 0.4999605 
26533 0.4999605 
26534 0.4999605 
26535 0.4999605 
26536 0.4999605 
26537 0.4999605 
26538 0.4999605 
26539 0.4999605 
26540 0.4999605 
26541 0.4999605 
26542 0.4999605 
26543 0.4999605 
26544 0.4999605 
26545 0.4999605 
26546 0.4999605 
26547 0.4999605 
26548 0.4999605 
26549 0.4999605 
26550 0.4999605 
26551 0.4999605 
26552 0.4999605 
26553 0.4999605 
26554 0.4999605 
26555 0.4999605 
26556 0.4999605 
26557 0.4999605 
26558 0.4999605 
26559 0.4999605 
26560 0.4999605 
26561 0.4999605 
26562 0.4999605 
26563 0.4999605 
26564 0.4999605 
26565 0.4999605 
26566 0.4999605 
26567 0.4999605 
26568 0.4999605 
26569 0.4999605 
26570 0.4999605 
26571 0.4999605 
26572 0.4999605 
26573 0.4999605 
26574 0.4999605 
26575 0.4999605 
26576 0.4999605 
26577 0.4999605 
26578 0.4999605 
26579 0.4999605 
26580 0.4999605 
26581 0.4999605 
26582 0.4999605 
26583 0.4999605 
26584 0.4999605 
26585 0.4999605 
26586 0.4999604 
26587 0.4999604 
26588 0.4999604 
26589 0.4999604 
26590 0.4999604 
26591 0.4999603 
26592 0.4999603 
26593 0.4999603 
26594 0.4999603 
26595 0.4999603 
26596 0.4999602 
26597 0.4999602 
26598 0.4999602 
26599 0.4999602 
26600 0.4999602 
26601 0.4999602 
26602 0.4999602 
26603 0.4999602 
26604 0.4999602 
26605 0.4999602 
26606 0.4999602 
26607 0.4999602 
26608 0.4999602 
26609 0.4999602 
26610 0.4999602 
26611 0.4999602 
26612 0.4999602 
26613 0.4999602 
26614 0.4999602 
26615 0.4999602 
26616 0.4999602 
26617 0.4999602 
26618 0.4999602 
26619 0.4999602 
26620 0.4999602 
26621 0.4999602 
26622 0.4999602 
26623 0.4999602 
26624 0.4999602 
26625 0.4999602 
26626 0.4999602 
26627 0.4999602 
26628 0.4999602 
26629 0.4999602 
26630 0.4999602 
26631 0.4999602 
26632 0.4999602 
26633 0.4999602 
26634 0.4999602 
26635 0.4999602 
26636 0.4999602 
26637 0.4999602 
26638 0.4999602 
26639 0.4999602 
26640 0.4999602 
26641 0.4999602 
26642 0.4999602 
26643 0.4999602 
26644 0.4999602 
26645 0.4999602 
26646 0.4999602 
26647 0.4999602 
26648 0.4999602 
26649 0.4999602 
26650 0.4999602 
26651 0.4999602 
26652 0.4999602 
26653 0.4999602 
26654 0.4999602 
26655 0.4999602 
26656 0.4999602 
26657 0.4999602 
26658 0.4999602 
26659 0.4999602 
26660 0.4999602 
26661 0.4999602 
26662 0.4999602 
26663 0.4999602 
26664 0.4999602 
26665 0.4999602 
26666 0.4999602 
26667 0.4999602 
26668 0.4999602 
26669 0.4999602 
26670 0.4999602 
26671 0.4999602 
26672 0.4999602 
26673 0.4999602 
26674 0.4999602 
26675 0.4999602 
26676 0.4999602 
26677 0.4999602 
26678 0.4999602 
26679 0.4999602 
26680 0.4999602 
26681 0.4999602 
26682 0.4999602 
26683 0.4999602 
26684 0.4999602 
26685 0.4999602 
26686 0.4999602 
26687 0.4999602 
26688 0.4999602 
26689 0.4999602 
26690 0.4999602 
26691 0.4999602 
26692 0.4999602 
26693 0.4999602 
26694 0.4999602 
26695 0.4999602 
26696 0.4999602 
26697 0.4999602 
26698 0.4999602 
26699 0.4999602 
26700 0.4999602 
26701 0.4999602 
26702 0.4999602 
26703 0.4999602 
26704 0.4999601 
26705 0.4999601 
26706 0.4999601 
26707 0.4999601 
26708 0.4999601 
26709 0.4999601 
26710 0.49996 
26711 0.49996 
26712 0.49996 
26713 0.4999599 
26714 0.4999599 
26715 0.4999599 
26716 0.4999598 
26717 0.4999598 
26718 0.4999598 
26719 0.4999598 
26720 0.4999598 
26721 0.4999598 
26722 0.4999598 
26723 0.4999597 
26724 0.4999597 
26725 0.4999597 
26726 0.4999597 
26727 0.4999597 
26728 0.4999597 
26729 0.4999596 
26730 0.4999596 
26731 0.4999596 
26732 0.4999595 
26733 0.4999595 
26734 0.4999595 
26735 0.4999595 
26736 0.4999595 
26737 0.4999595 
26738 0.4999595 
26739 0.4999595 
26740 0.4999594 
26741 0.4999594 
26742 0.4999594 
26743 0.4999594 
26744 0.4999594 
26745 0.4999594 
26746 0.4999593 
26747 0.4999593 
26748 0.4999593 
26749 0.4999593 
26750 0.4999593 
26751 0.4999593 
26752 0.4999593 
26753 0.4999592 
26754 0.4999592 
26755 0.4999592 
26756 0.4999592 
26757 0.4999592 
26758 0.4999592 
26759 0.4999592 
26760 0.4999592 
26761 0.4999592 
26762 0.4999592 
26763 0.4999592 
26764 0.4999592 
26765 0.4999592 
26766 0.4999592 
26767 0.4999592 
26768 0.4999592 
26769 0.4999592 
26770 0.4999592 
26771 0.4999592 
26772 0.4999592 
26773 0.4999592 
26774 0.4999592 
26775 0.4999592 
26776 0.4999592 
26777 0.4999592 
26778 0.4999592 
26779 0.4999592 
26780 0.4999592 
26781 0.4999592 
26782 0.4999592 
26783 0.4999592 
26784 0.4999592 
26785 0.4999592 
26786 0.4999592 
26787 0.4999592 
26788 0.4999592 
26789 0.4999592 
26790 0.4999592 
26791 0.4999592 
26792 0.4999592 
26793 0.4999592 
26794 0.4999592 
26795 0.4999592 
26796 0.4999592 
26797 0.4999592 
26798 0.4999592 
26799 0.4999592 
26800 0.4999592 
26801 0.4999592 
26802 0.4999592 
26803 0.4999592 
26804 0.4999592 
26805 0.4999592 
26806 0.4999592 
26807 0.4999592 
26808 0.4999592 
26809 0.4999592 
26810 0.4999592 
26811 0.4999592 
26812 0.4999592 
26813 0.4999592 
26814 0.4999592 
26815 0.4999592 
26816 0.4999592 
26817 0.4999592 
26818 0.4999592 
26819 0.4999592 
26820 0.4999592 
26821 0.4999592 
26822 0.4999592 
26823 0.4999592 
26824 0.4999592 
26825 0.4999592 
26826 0.4999592 
26827 0.4999592 
26828 0.4999592 
26829 0.4999592 
26830 0.4999592 
26831 0.4999592 
26832 0.4999592 
26833 0.4999592 
26834 0.4999592 
26835 0.4999592 
26836 0.4999592 
26837 0.4999592 
26838 0.4999592 
26839 0.4999592 
26840 0.4999592 
26841 0.4999592 
26842 0.4999592 
26843 0.4999592 
26844 0.4999592 
26845 0.4999592 
26846 0.4999592 
26847 0.4999592 
26848 0.4999592 
26849 0.4999592 
26850 0.4999592 
26851 0.4999592 
26852 0.4999592 
26853 0.4999592 
26854 0.4999592 
26855 0.4999592 
26856 0.4999592 
26857 0.4999592 
26858 0.4999592 
26859 0.4999592 
26860 0.4999592 
26861 0.4999592 
26862 0.4999592 
26863 0.4999592 
26864 0.4999592 
26865 0.4999592 
26866 0.4999592 
26867 0.4999592 
26868 0.4999592 
26869 0.4999592 
26870 0.4999592 
26871 0.4999592 
26872 0.4999592 
26873 0.4999592 
26874 0.4999592 
26875 0.4999592 
26876 0.4999592 
26877 0.4999592 
26878 0.4999592 
26879 0.4999592 
26880 0.4999592 
26881 0.4999592 
26882 0.4999592 
26883 0.4999592 
26884 0.4999592 
26885 0.4999592 
26886 0.4999592 
26887 0.4999592 
26888 0.4999592 
26889 0.4999592 
26890 0.4999592 
26891 0.4999592 
26892 0.4999592 
26893 0.4999592 
26894 0.4999592 
26895 0.4999592 
26896 0.4999592 
26897 0.4999592 
26898 0.4999592 
26899 0.4999592 
26900 0.4999591 
26901 0.4999591 
26902 0.4999591 
26903 0.4999591 
26904 0.4999591 
26905 0.4999591 
26906 0.499959 
26907 0.499959 
26908 0.499959 
26909 0.499959 
26910 0.4999589 
26911 0.4999589 
26912 0.4999589 
26913 0.4999588 
26914 0.4999588 
26915 0.4999588 
26916 0.4999588 
26917 0.4999588 
26918 0.4999588 
26919 0.4999588 
26920 0.4999588 
26921 0.4999588 
26922 0.4999588 
26923 0.4999588 
26924 0.4999588 
26925 0.4999588 
26926 0.4999588 
26927 0.4999588 
26928 0.4999588 
26929 0.4999588 
26930 0.4999588 
26931 0.4999588 
26932 0.4999588 
26933 0.4999588 
26934 0.4999588 
26935 0.4999588 
26936 0.4999588 
26937 0.4999588 
26938 0.4999588 
26939 0.4999588 
26940 0.4999588 
26941 0.4999588 
26942 0.4999588 
26943 0.4999588 
26944 0.4999588 
26945 0.4999588 
26946 0.4999588 
26947 0.4999588 
26948 0.4999588 
26949 0.4999588 
26950 0.4999588 
26951 0.4999588 
26952 0.4999588 
26953 0.4999588 
26954 0.4999588 
26955 0.4999588 
26956 0.4999588 
26957 0.4999588 
26958 0.4999588 
26959 0.4999588 
26960 0.4999588 
26961 0.4999588 
26962 0.4999588 
26963 0.4999588 
26964 0.4999588 
26965 0.4999588 
26966 0.4999588 
26967 0.4999588 
26968 0.4999588 
26969 0.4999588 
26970 0.4999588 
26971 0.4999588 
26972 0.4999587 
26973 0.4999587 
26974 0.4999587 
26975 0.4999587 
26976 0.4999587 
26977 0.4999586 
26978 0.4999586 
26979 0.4999586 
26980 0.4999586 
26981 0.4999586 
26982 0.4999586 
26983 0.4999585 
26984 0.4999585 
26985 0.4999585 
26986 0.4999585 
26987 0.4999585 
26988 0.4999585 
26989 0.4999585 
26990 0.4999585 
26991 0.4999585 
26992 0.4999585 
26993 0.4999585 
26994 0.4999585 
26995 0.4999585 
26996 0.4999585 
26997 0.4999585 
26998 0.4999585 
26999 0.4999585 
27000 0.4999585 
27001 0.4999585 
27002 0.4999585 
27003 0.4999585 
27004 0.4999585 
27005 0.4999585 
27006 0.4999585 
27007 0.4999585 
27008 0.4999585 
27009 0.4999585 
27010 0.4999585 
27011 0.4999585 
27012 0.4999585 
27013 0.4999585 
27014 0.4999585 
27015 0.4999585 
27016 0.4999585 
27017 0.4999585 
27018 0.4999585 
27019 0.4999585 
27020 0.4999585 
27021 0.4999585 
27022 0.4999585 
27023 0.4999585 
27024 0.4999585 
27025 0.4999585 
27026 0.4999585 
27027 0.4999585 
27028 0.4999585 
27029 0.4999585 
27030 0.4999585 
27031 0.4999585 
27032 0.4999585 
27033 0.4999585 
27034 0.4999585 
27035 0.4999585 
27036 0.4999585 
27037 0.4999585 
27038 0.4999585 
27039 0.4999585 
27040 0.4999585 
27041 0.4999585 
27042 0.4999585 
27043 0.4999585 
27044 0.4999585 
27045 0.4999585 
27046 0.4999585 
27047 0.4999585 
27048 0.4999585 
27049 0.4999585 
27050 0.4999585 
27051 0.4999585 
27052 0.4999585 
27053 0.4999585 
27054 0.4999585 
27055 0.4999584 
27056 0.4999584 
27057 0.4999584 
27058 0.4999584 
27059 0.4999584 
27060 0.4999584 
27061 0.4999584 
27062 0.4999584 
27063 0.4999584 
27064 0.4999584 
27065 0.4999583 
27066 0.4999583 
27067 0.4999583 
27068 0.4999583 
27069 0.4999583 
27070 0.4999582 
27071 0.4999582 
27072 0.4999582 
27073 0.4999582 
27074 0.4999581 
27075 0.4999581 
27076 0.4999581 
27077 0.4999581 
27078 0.4999581 
27079 0.4999581 
27080 0.4999581 
27081 0.499958 
27082 0.499958 
27083 0.499958 
27084 0.499958 
27085 0.499958 
27086 0.499958 
27087 0.499958 
27088 0.4999579 
27089 0.4999579 
27090 0.4999579 
27091 0.4999579 
27092 0.4999579 
27093 0.4999578 
27094 0.4999578 
27095 0.4999578 
27096 0.4999578 
27097 0.4999577 
27098 0.4999577 
27099 0.4999577 
27100 0.4999577 
27101 0.4999577 
27102 0.4999577 
27103 0.4999577 
27104 0.4999577 
27105 0.4999577 
27106 0.4999577 
27107 0.4999577 
27108 0.4999577 
27109 0.4999577 
27110 0.4999577 
27111 0.4999577 
27112 0.4999577 
27113 0.4999577 
27114 0.4999577 
27115 0.4999577 
27116 0.4999577 
27117 0.4999577 
27118 0.4999577 
27119 0.4999577 
27120 0.4999577 
27121 0.4999577 
27122 0.4999577 
27123 0.4999577 
27124 0.4999577 
27125 0.4999577 
27126 0.4999577 
27127 0.4999577 
27128 0.4999577 
27129 0.4999577 
27130 0.4999577 
27131 0.4999577 
27132 0.4999577 
27133 0.4999577 
27134 0.4999577 
27135 0.4999577 
27136 0.4999577 
27137 0.4999577 
27138 0.4999577 
27139 0.4999577 
27140 0.4999577 
27141 0.4999577 
27142 0.4999577 
27143 0.4999577 
27144 0.4999577 
27145 0.4999577 
27146 0.4999577 
27147 0.4999577 
27148 0.4999577 
27149 0.4999577 
27150 0.4999577 
27151 0.4999577 
27152 0.4999577 
27153 0.4999577 
27154 0.4999577 
27155 0.4999577 
27156 0.4999577 
27157 0.4999577 
27158 0.4999577 
27159 0.4999577 
27160 0.4999577 
27161 0.4999577 
27162 0.4999577 
27163 0.4999577 
27164 0.4999577 
27165 0.4999577 
27166 0.4999577 
27167 0.4999577 
27168 0.4999577 
27169 0.4999577 
27170 0.4999577 
27171 0.4999577 
27172 0.4999577 
27173 0.4999577 
27174 0.4999577 
27175 0.4999577 
27176 0.4999577 
27177 0.4999577 
27178 0.4999577 
27179 0.4999577 
27180 0.4999577 
27181 0.4999577 
27182 0.4999577 
27183 0.4999577 
27184 0.4999577 
27185 0.4999577 
27186 0.4999577 
27187 0.4999577 
27188 0.4999577 
27189 0.4999577 
27190 0.4999577 
27191 0.4999577 
27192 0.4999577 
27193 0.4999577 
27194 0.4999577 
27195 0.4999577 
27196 0.4999577 
27197 0.4999577 
27198 0.4999577 
27199 0.4999577 
27200 0.4999577 
27201 0.4999577 
27202 0.4999576 
27203 0.4999576 
27204 0.4999576 
27205 0.4999576 
27206 0.4999575 
27207 0.4999575 
27208 0.4999575 
27209 0.4999574 
27210 0.4999574 
27211 0.4999574 
27212 0.4999574 
27213 0.4999574 
27214 0.4999574 
27215 0.4999574 
27216 0.4999574 
27217 0.4999573 
27218 0.4999573 
27219 0.4999573 
27220 0.4999573 
27221 0.4999573 
27222 0.4999573 
27223 0.4999572 
27224 0.4999572 
27225 0.4999571 
27226 0.4999571 
27227 0.4999571 
27228 0.4999571 
27229 0.4999571 
27230 0.4999571 
27231 0.4999571 
27232 0.4999571 
27233 0.4999571 
27234 0.4999571 
27235 0.4999571 
27236 0.4999571 
27237 0.4999571 
27238 0.4999571 
27239 0.4999571 
27240 0.4999571 
27241 0.4999571 
27242 0.4999571 
27243 0.4999571 
27244 0.4999571 
27245 0.4999571 
27246 0.4999571 
27247 0.4999571 
27248 0.4999571 
27249 0.4999571 
27250 0.4999571 
27251 0.4999571 
27252 0.4999571 
27253 0.4999571 
27254 0.4999571 
27255 0.4999571 
27256 0.4999571 
27257 0.4999571 
27258 0.499957 
27259 0.499957 
27260 0.499957 
27261 0.499957 
27262 0.499957 
27263 0.499957 
27264 0.4999569 
27265 0.4999569 
27266 0.4999569 
27267 0.4999569 
27268 0.4999569 
27269 0.4999568 
27270 0.4999568 
27271 0.4999568 
27272 0.4999568 
27273 0.4999568 
27274 0.4999568 
27275 0.4999567 
27276 0.4999567 
27277 0.4999567 
27278 0.4999567 
27279 0.4999567 
27280 0.4999567 
27281 0.4999567 
27282 0.4999566 
27283 0.4999566 
27284 0.4999566 
27285 0.4999566 
27286 0.4999565 
27287 0.4999565 
27288 0.4999565 
27289 0.4999564 
27290 0.4999564 
27291 0.4999564 
27292 0.4999564 
27293 0.4999564 
27294 0.4999564 
27295 0.4999564 
27296 0.4999564 
27297 0.4999563 
27298 0.4999563 
27299 0.4999563 
27300 0.4999563 
27301 0.4999563 
27302 0.4999563 
27303 0.4999562 
27304 0.4999562 
27305 0.4999562 
27306 0.4999562 
27307 0.4999562 
27308 0.4999561 
27309 0.4999561 
27310 0.4999561 
27311 0.4999561 
27312 0.4999561 
27313 0.499956 
27314 0.499956 
27315 0.499956 
27316 0.499956 
27317 0.499956 
27318 0.499956 
27319 0.499956 
27320 0.499956 
27321 0.4999559 
27322 0.4999559 
27323 0.4999559 
27324 0.4999559 
27325 0.4999559 
27326 0.4999558 
27327 0.4999558 
27328 0.4999558 
27329 0.4999558 
27330 0.4999557 
27331 0.4999557 
27332 0.4999557 
27333 0.4999557 
27334 0.4999557 
27335 0.4999557 
27336 0.4999557 
27337 0.4999556 
27338 0.4999556 
27339 0.4999556 
27340 0.4999556 
27341 0.4999556 
27342 0.4999556 
27343 0.4999555 
27344 0.4999555 
27345 0.4999555 
27346 0.4999555 
27347 0.4999555 
27348 0.4999554 
27349 0.4999554 
27350 0.4999554 
27351 0.4999554 
27352 0.4999554 
27353 0.4999553 
27354 0.4999553 
27355 0.4999553 
27356 0.4999553 
27357 0.4999553 
27358 0.4999553 
27359 0.4999553 
27360 0.4999553 
27361 0.4999552 
27362 0.4999552 
27363 0.4999552 
27364 0.4999552 
27365 0.4999551 
27366 0.4999551 
27367 0.4999551 
27368 0.4999551 
27369 0.4999551 
27370 0.4999551 
27371 0.499955 
27372 0.499955 
27373 0.499955 
27374 0.499955 
27375 0.499955 
27376 0.499955 
27377 0.499955 
27378 0.499955 
27379 0.499955 
27380 0.499955 
27381 0.499955 
27382 0.4999549 
27383 0.4999549 
27384 0.4999549 
27385 0.4999549 
27386 0.4999549 
27387 0.4999548 
27388 0.4999548 
27389 0.4999547 
27390 0.4999547 
27391 0.4999547 
27392 0.4999547 
27393 0.4999547 
27394 0.4999547 
27395 0.4999547 
27396 0.4999547 
27397 0.4999547 
27398 0.4999547 
27399 0.4999547 
27400 0.4999547 
27401 0.4999547 
27402 0.4999547 
27403 0.4999547 
27404 0.4999547 
27405 0.4999547 
27406 0.4999547 
27407 0.4999547 
27408 0.4999547 
27409 0.4999547 
27410 0.4999547 
27411 0.4999547 
27412 0.4999547 
27413 0.4999547 
27414 0.4999547 
27415 0.4999547 
27416 0.4999547 
27417 0.4999547 
27418 0.4999547 
27419 0.4999547 
27420 0.4999547 
27421 0.4999547 
27422 0.4999547 
27423 0.4999547 
27424 0.4999547 
27425 0.4999547 
27426 0.4999547 
27427 0.4999547 
27428 0.4999547 
27429 0.4999547 
27430 0.4999547 
27431 0.4999546 
27432 0.4999546 
27433 0.4999546 
27434 0.4999546 
27435 0.4999546 
27436 0.4999546 
27437 0.4999546 
27438 0.4999545 
27439 0.4999545 
27440 0.4999545 
27441 0.4999545 
27442 0.4999545 
27443 0.4999544 
27444 0.4999544 
27445 0.4999544 
27446 0.4999544 
27447 0.4999544 
27448 0.4999544 
27449 0.4999544 
27450 0.4999544 
27451 0.4999544 
27452 0.4999544 
27453 0.4999544 
27454 0.4999544 
27455 0.4999544 
27456 0.4999544 
27457 0.4999544 
27458 0.4999544 
27459 0.4999544 
27460 0.4999544 
27461 0.4999544 
27462 0.4999544 
27463 0.4999544 
27464 0.4999544 
27465 0.4999544 
27466 0.4999544 
27467 0.4999544 
27468 0.4999544 
27469 0.4999544 
27470 0.4999544 
27471 0.4999544 
27472 0.4999544 
27473 0.4999544 
27474 0.4999544 
27475 0.4999544 
27476 0.4999544 
27477 0.4999544 
27478 0.4999544 
27479 0.4999544 
27480 0.4999544 
27481 0.4999544 
27482 0.4999544 
27483 0.4999544 
27484 0.4999544 
27485 0.4999544 
27486 0.4999544 
27487 0.4999544 
27488 0.4999544 
27489 0.4999544 
27490 0.4999544 
27491 0.4999544 
27492 0.4999544 
27493 0.4999544 
27494 0.4999544 
27495 0.4999544 
27496 0.4999544 
27497 0.4999544 
27498 0.4999544 
27499 0.4999544 
27500 0.4999544 
27501 0.4999543 
27502 0.4999543 
27503 0.4999543 
27504 0.4999543 
27505 0.4999543 
27506 0.4999543 
27507 0.4999543 
27508 0.4999543 
27509 0.4999543 
27510 0.4999542 
27511 0.4999542 
27512 0.4999542 
27513 0.4999542 
27514 0.4999541 
27515 0.4999541 
27516 0.4999541 
27517 0.499954 
27518 0.499954 
27519 0.499954 
27520 0.499954 
27521 0.499954 
27522 0.499954 
27523 0.499954 
27524 0.4999539 
27525 0.4999539 
27526 0.4999539 
27527 0.4999539 
27528 0.4999539 
27529 0.4999538 
27530 0.4999538 
27531 0.4999538 
27532 0.4999538 
27533 0.4999537 
27534 0.4999537 
27535 0.4999537 
27536 0.4999537 
27537 0.4999537 
27538 0.4999537 
27539 0.4999536 
27540 0.4999536 
27541 0.4999536 
27542 0.4999536 
27543 0.4999536 
27544 0.4999536 
27545 0.4999536 
27546 0.4999536 
27547 0.4999536 
27548 0.4999536 
27549 0.4999536 
27550 0.4999536 
27551 0.4999536 
27552 0.4999536 
27553 0.4999536 
27554 0.4999536 
27555 0.4999536 
27556 0.4999536 
27557 0.4999536 
27558 0.4999536 
27559 0.4999536 
27560 0.4999536 
27561 0.4999536 
27562 0.4999536 
27563 0.4999536 
27564 0.4999536 
27565 0.4999536 
27566 0.4999536 
27567 0.4999536 
27568 0.4999536 
27569 0.4999536 
27570 0.4999536 
27571 0.4999536 
27572 0.4999536 
27573 0.4999536 
27574 0.4999536 
27575 0.4999536 
27576 0.4999536 
27577 0.4999536 
27578 0.4999536 
27579 0.4999536 
27580 0.4999536 
27581 0.4999536 
27582 0.4999536 
27583 0.4999536 
27584 0.4999536 
27585 0.4999536 
27586 0.4999536 
27587 0.4999536 
27588 0.4999536 
27589 0.4999536 
27590 0.4999536 
27591 0.4999536 
27592 0.4999536 
27593 0.4999536 
27594 0.4999536 
27595 0.4999536 
27596 0.4999536 
27597 0.4999536 
27598 0.4999535 
27599 0.4999535 
27600 0.4999535 
27601 0.4999535 
27602 0.4999534 
27603 0.4999534 
27604 0.4999534 
27605 0.4999534 
27606 0.4999533 
27607 0.4999533 
27608 0.4999533 
27609 0.4999533 
27610 0.4999533 
27611 0.4999533 
27612 0.4999533 
27613 0.4999533 
27614 0.4999532 
27615 0.4999532 
27616 0.4999532 
27617 0.4999532 
27618 0.4999532 
27619 0.4999531 
27620 0.4999531 
27621 0.4999531 
27622 0.4999531 
27623 0.4999531 
27624 0.499953 
27625 0.499953 
27626 0.499953 
27627 0.499953 
27628 0.499953 
27629 0.499953 
27630 0.499953 
27631 0.499953 
27632 0.499953 
27633 0.499953 
27634 0.499953 
27635 0.499953 
27636 0.499953 
27637 0.499953 
27638 0.499953 
27639 0.499953 
27640 0.499953 
27641 0.499953 
27642 0.499953 
27643 0.499953 
27644 0.499953 
27645 0.499953 
27646 0.499953 
27647 0.499953 
27648 0.499953 
27649 0.499953 
27650 0.499953 
27651 0.499953 
27652 0.499953 
27653 0.499953 
27654 0.499953 
27655 0.499953 
27656 0.499953 
27657 0.499953 
27658 0.499953 
27659 0.499953 
27660 0.499953 
27661 0.499953 
27662 0.499953 
27663 0.499953 
27664 0.499953 
27665 0.499953 
27666 0.499953 
27667 0.499953 
27668 0.499953 
27669 0.499953 
27670 0.499953 
27671 0.499953 
27672 0.499953 
27673 0.499953 
27674 0.499953 
27675 0.499953 
27676 0.499953 
27677 0.499953 
27678 0.499953 
27679 0.499953 
27680 0.499953 
27681 0.499953 
27682 0.499953 
27683 0.499953 
27684 0.499953 
27685 0.499953 
27686 0.499953 
27687 0.499953 
27688 0.499953 
27689 0.499953 
27690 0.499953 
27691 0.499953 
27692 0.499953 
27693 0.499953 
27694 0.499953 
27695 0.499953 
27696 0.499953 
27697 0.499953 
27698 0.4999529 
27699 0.4999529 
27700 0.4999529 
27701 0.4999529 
27702 0.4999529 
27703 0.4999529 
27704 0.4999528 
27705 0.4999528 
27706 0.4999528 
27707 0.4999528 
27708 0.4999527 
27709 0.4999527 
27710 0.4999527 
27711 0.4999526 
27712 0.4999526 
27713 0.4999526 
27714 0.4999526 
27715 0.4999526 
27716 0.4999526 
27717 0.4999526 
27718 0.4999526 
27719 0.4999526 
27720 0.4999525 
27721 0.4999525 
27722 0.4999525 
27723 0.4999525 
27724 0.4999525 
27725 0.4999524 
27726 0.4999524 
27727 0.4999523 
27728 0.4999523 
27729 0.4999523 
27730 0.4999523 
27731 0.4999523 
27732 0.4999523 
27733 0.4999523 
27734 0.4999523 
27735 0.4999523 
27736 0.4999522 
27737 0.4999522 
27738 0.4999522 
27739 0.4999522 
27740 0.4999522 
27741 0.4999522 
27742 0.4999521 
27743 0.4999521 
27744 0.4999521 
27745 0.4999521 
27746 0.4999521 
27747 0.499952 
27748 0.499952 
27749 0.499952 
27750 0.499952 
27751 0.499952 
27752 0.4999519 
27753 0.4999519 
27754 0.4999519 
27755 0.4999519 
27756 0.4999519 
27757 0.4999519 
27758 0.4999519 
27759 0.4999519 
27760 0.4999518 
27761 0.4999518 
27762 0.4999518 
27763 0.4999518 
27764 0.4999518 
27765 0.4999517 
27766 0.4999517 
27767 0.4999517 
27768 0.4999516 
27769 0.4999516 
27770 0.4999516 
27771 0.4999516 
27772 0.4999516 
27773 0.4999516 
27774 0.4999516 
27775 0.4999516 
27776 0.4999516 
27777 0.4999515 
27778 0.4999515 
27779 0.4999515 
27780 0.4999515 
27781 0.4999515 
27782 0.4999515 
27783 0.4999514 
27784 0.4999514 
27785 0.4999514 
27786 0.4999514 
27787 0.4999514 
27788 0.4999513 
27789 0.4999513 
27790 0.4999513 
27791 0.4999513 
27792 0.4999513 
27793 0.4999512 
27794 0.4999512 
27795 0.4999512 
27796 0.4999512 
27797 0.4999512 
27798 0.4999512 
27799 0.4999512 
27800 0.4999512 
27801 0.4999512 
27802 0.4999512 
27803 0.4999512 
27804 0.4999512 
27805 0.4999512 
27806 0.4999512 
27807 0.4999512 
27808 0.4999512 
27809 0.4999512 
27810 0.4999512 
27811 0.4999512 
27812 0.4999512 
27813 0.4999512 
27814 0.4999512 
27815 0.4999512 
27816 0.4999512 
27817 0.4999512 
27818 0.4999512 
27819 0.4999512 
27820 0.4999512 
27821 0.4999512 
27822 0.4999512 
27823 0.4999512 
27824 0.4999512 
27825 0.4999512 
27826 0.4999512 
27827 0.4999512 
27828 0.4999512 
27829 0.4999512 
27830 0.4999512 
27831 0.4999512 
27832 0.4999512 
27833 0.4999512 
27834 0.4999512 
27835 0.4999512 
27836 0.4999512 
27837 0.4999512 
27838 0.4999512 
27839 0.4999512 
27840 0.4999512 
27841 0.4999512 
27842 0.4999512 
27843 0.4999512 
27844 0.4999512 
27845 0.4999512 
27846 0.4999512 
27847 0.4999512 
27848 0.4999511 
27849 0.4999511 
27850 0.4999511 
27851 0.4999511 
27852 0.499951 
27853 0.499951 
27854 0.499951 
27855 0.4999509 
27856 0.4999509 
27857 0.4999509 
27858 0.4999509 
27859 0.4999509 
27860 0.4999509 
27861 0.4999509 
27862 0.4999509 
27863 0.4999508 
27864 0.4999508 
27865 0.4999508 
27866 0.4999508 
27867 0.4999508 
27868 0.4999508 
27869 0.4999508 
27870 0.4999508 
27871 0.4999508 
27872 0.4999508 
27873 0.4999508 
27874 0.4999508 
27875 0.4999508 
27876 0.4999508 
27877 0.4999507 
27878 0.4999507 
27879 0.4999507 
27880 0.4999507 
27881 0.4999507 
27882 0.4999507 
27883 0.4999507 
27884 0.4999507 
27885 0.4999507 
27886 0.4999507 
27887 0.4999507 
27888 0.4999507 
27889 0.4999507 
27890 0.4999507 
27891 0.4999507 
27892 0.4999507 
27893 0.4999507 
27894 0.4999507 
27895 0.4999507 
27896 0.4999507 
27897 0.4999507 
27898 0.4999507 
27899 0.4999507 
27900 0.4999507 
27901 0.4999507 
27902 0.4999507 
27903 0.4999507 
27904 0.4999507 
27905 0.4999507 
27906 0.4999507 
27907 0.4999507 
27908 0.4999507 
27909 0.4999507 
27910 0.4999507 
27911 0.4999507 
27912 0.4999507 
27913 0.4999507 
27914 0.4999507 
27915 0.4999507 
27916 0.4999507 
27917 0.4999507 
27918 0.4999507 
27919 0.4999507 
27920 0.4999507 
27921 0.4999507 
27922 0.4999507 
27923 0.4999507 
27924 0.4999507 
27925 0.4999507 
27926 0.4999507 
27927 0.4999507 
27928 0.4999507 
27929 0.4999507 
27930 0.4999506 
27931 0.4999506 
27932 0.4999506 
27933 0.4999506 
27934 0.4999506 
27935 0.4999505 
27936 0.4999505 
27937 0.4999505 
27938 0.4999505 
27939 0.4999505 
27940 0.4999505 
27941 0.4999505 
27942 0.4999505 
27943 0.4999505 
27944 0.4999504 
27945 0.4999504 
27946 0.4999504 
27947 0.4999503 
27948 0.4999503 
27949 0.4999503 
27950 0.4999503 
27951 0.4999502 
27952 0.4999502 
27953 0.4999502 
27954 0.4999502 
27955 0.4999502 
27956 0.4999502 
27957 0.4999502 
27958 0.4999502 
27959 0.4999502 
27960 0.4999502 
27961 0.4999502 
27962 0.4999502 
27963 0.4999502 
27964 0.4999502 
27965 0.4999502 
27966 0.4999502 
27967 0.4999502 
27968 0.4999502 
27969 0.4999502 
27970 0.4999502 
27971 0.4999502 
27972 0.4999502 
27973 0.4999502 
27974 0.4999502 
27975 0.4999502 
27976 0.4999502 
27977 0.4999502 
27978 0.4999502 
27979 0.4999502 
27980 0.4999502 
27981 0.4999502 
27982 0.4999502 
27983 0.4999502 
27984 0.4999502 
27985 0.4999502 
27986 0.4999502 
27987 0.4999502 
27988 0.4999502 
27989 0.4999502 
27990 0.4999502 
27991 0.4999502 
27992 0.4999502 
27993 0.4999502 
27994 0.4999502 
27995 0.4999502 
27996 0.4999502 
27997 0.4999502 
27998 0.4999502 
27999 0.4999502 
28000 0.4999502 
28001 0.4999502 
28002 0.4999502 
28003 0.4999502 
28004 0.4999502 
28005 0.4999502 
28006 0.4999502 
28007 0.4999502 
28008 0.4999502 
28009 0.4999502 
28010 0.4999502 
28011 0.4999502 
28012 0.4999502 
28013 0.4999502 
28014 0.4999502 
28015 0.4999502 
28016 0.4999502 
28017 0.4999502 
28018 0.4999502 
28019 0.4999502 
28020 0.4999502 
28021 0.4999502 
28022 0.4999502 
28023 0.4999502 
28024 0.4999502 
28025 0.4999502 
28026 0.4999502 
28027 0.4999502 
28028 0.4999502 
28029 0.4999502 
28030 0.4999502 
28031 0.4999502 
28032 0.4999502 
28033 0.4999502 
28034 0.4999502 
28035 0.4999502 
28036 0.4999502 
28037 0.4999502 
28038 0.4999502 
28039 0.4999502 
28040 0.4999502 
28041 0.4999502 
28042 0.4999502 
28043 0.4999502 
28044 0.4999502 
28045 0.4999502 
28046 0.4999502 
28047 0.4999502 
28048 0.4999502 
28049 0.4999502 
28050 0.4999502 
28051 0.4999502 
28052 0.4999502 
28053 0.4999502 
28054 0.4999502 
28055 0.4999502 
28056 0.4999502 
28057 0.4999502 
28058 0.4999502 
28059 0.4999502 
28060 0.4999502 
28061 0.4999502 
28062 0.4999502 
28063 0.4999502 
28064 0.4999502 
28065 0.4999502 
28066 0.4999502 
28067 0.4999502 
28068 0.4999502 
28069 0.4999502 
28070 0.4999502 
28071 0.4999502 
28072 0.4999502 
28073 0.4999502 
28074 0.4999501 
28075 0.4999501 
28076 0.4999501 
28077 0.4999501 
28078 0.49995 
28079 0.49995 
28080 0.49995 
28081 0.4999499 
28082 0.4999999 
28083 0.4999999 
28084 0.4999999 
28085 0.4999999 
28086 0.4999998 
28087 0.4999998 
28088 0.4999998 
28089 0.4999998 
28090 0.4999998 
28091 0.4999998 
28092 0.4999998 
28093 0.4999998 
28094 0.4999998 
28095 0.4999998 
28096 0.4999998 
28097 0.4999998 
28098 0.4999998 
28099 0.4999998 
28100 0.4999997 
28101 0.4999997 
28102 0.4999997 
28103 0.4999997 
28104 0.4999997 
28105 0.4999997 
28106 0.4999997 
28107 0.4999997 
28108 0.4999997 
28109 0.4999997 
28110 0.4999997 
28111 0.4999997 
28112 0.4999997 
28113 0.4999997 
28114 0.4999997 
28115 0.4999997 
28116 0.4999997 
28117 0.4999997 
28118 0.4999997 
28119 0.4999997 
28120 0.4999997 
28121 0.4999997 
28122 0.4999997 
28123 0.4999997 
28124 0.4999997 
28125 0.4999997 
28126 0.4999997 
28127 0.4999997 
28128 0.4999997 
28129 0.4999997 
28130 0.4999997 
28131 0.4999997 
28132 0.4999997 
28133 0.4999997 
28134 0.4999997 
28135 0.4999997 
28136 0.4999997 
28137 0.4999997 
28138 0.4999997 
28139 0.4999997 
28140 0.4999997 
28141 0.4999997 
28142 0.4999997 
28143 0.4999997 
28144 0.4999997 
28145 0.4999997 
28146 0.4999997 
28147 0.4999997 
28148 0.4999997 
28149 0.4999997 
28150 0.4999997 
28151 0.4999997 
28152 0.4999997 
28153 0.4999997 
28154 0.4999997 
28155 0.4999997 
28156 0.4999997 
28157 0.4999997 
28158 0.4999997 
28159 0.4999997 
28160 0.4999997 
28161 0.4999997 
28162 0.4999997 
28163 0.4999997 
28164 0.4999997 
28165 0.4999997 
28166 0.4999997 
28167 0.4999997 
28168 0.4999997 
28169 0.4999997 
28170 0.4999997 
28171 0.4999997 
28172 0.4999997 
28173 0.4999997 
28174 0.4999997 
28175 0.4999997 
28176 0.4999997 
28177 0.4999997 
28178 0.4999996 
28179 0.4999996 
28180 0.4999996 
28181 0.4999996 
28182 0.4999995 
28183 0.4999995 
28184 0.4999995 
28185 0.4999995 
28186 0.4999994 
28187 0.4999994 
28188 0.4999993 
28189 0.4999993 
28190 0.4999993 
28191 0.4999993 
28192 0.4999993 
28193 0.4999992 
28194 0.4999992 
28195 0.4999992 
28196 0.4999992 
28197 0.4999991 
28198 0.4999991 
28199 0.4999991 
28200 0.4999991 
28201 0.499999 
28202 0.499999 
28203 0.4999989 
28204 0.4999989 
28205 0.4999989 
28206 0.4999989 
28207 0.4999989 
28208 0.4999988 
28209 0.4999988 
28210 0.4999988 
28211 0.4999987 
28212 0.4999987 
28213 0.4999986 
28214 0.4999986 
28215 0.4999986 
28216 0.4999986 
28217 0.4999986 
28218 0.4999985 
28219 0.4999985 
28220 0.4999985 
28221 0.4999985 
28222 0.4999984 
28223 0.4999984 
28224 0.4999984 
28225 0.4999984 
28226 0.4999983 
28227 0.4999983 
28228 0.4999982 
28229 0.4999982 
28230 0.4999982 
28231 0.4999982 
28232 0.4999981 
28233 0.4999981 
28234 0.4999981 
28235 0.4999981 
28236 0.499998 
28237 0.499998 
28238 0.4999979 
28239 0.4999979 
28240 0.4999979 
28241 0.4999979 
28242 0.4999979 
28243 0.4999978 
28244 0.4999978 
28245 0.4999978 
28246 0.4999978 
28247 0.4999977 
28248 0.4999977 
28249 0.4999977 
28250 0.4999977 
28251 0.4999976 
28252 0.4999976 
28253 0.4999975 
28254 0.4999975 
28255 0.4999975 
28256 0.4999975 
28257 0.4999974 
28258 0.4999974 
28259 0.4999974 
28260 0.4999974 
28261 0.4999973 
28262 0.4999973 
28263 0.4999972 
28264 0.4999972 
28265 0.4999972 
28266 0.4999972 
28267 0.4999972 
28268 0.4999971 
28269 0.4999971 
28270 0.4999971 
28271 0.4999971 
28272 0.499997 
28273 0.4999969 
28274 0.4999969 
28275 0.4999969 
28276 0.4999969 
28277 0.4999969 
28278 0.4999968 
28279 0.4999968 
28280 0.4999968 
28281 0.4999968 
28282 0.4999967 
28283 0.4999967 
28284 0.4999967 
28285 0.4999967 
28286 0.4999966 
28287 0.4999966 
28288 0.4999965 
28289 0.4999965 
28290 0.4999965 
28291 0.4999965 
28292 0.4999965 
28293 0.4999964 
28294 0.4999964 
28295 0.4999964 
28296 0.4999964 
28297 0.4999963 
28298 0.4999962 
28299 0.4999962 
28300 0.4999962 
28301 0.4999962 
28302 0.4999962 
28303 0.4999961 
28304 0.4999961 
28305 0.4999961 
28306 0.4999961 
28307 0.499996 
28308 0.499996 
28309 0.499996 
28310 0.499996 
28311 0.4999959 
28312 0.4999959 
28313 0.4999958 
28314 0.4999958 
28315 0.4999958 
28316 0.4999958 
28317 0.4999958 
28318 0.4999957 
28319 0.4999957 
28320 0.4999957 
28321 0.4999956 
28322 0.4999956 
28323 0.4999955 
28324 0.4999955 
28325 0.4999955 
28326 0.4999955 
28327 0.4999955 
28328 0.4999954 
28329 0.4999954 
28330 0.4999954 
28331 0.4999954 
28332 0.4999953 
28333 0.4999953 
28334 0.4999953 
28335 0.4999953 
28336 0.4999952 
28337 0.4999952 
28338 0.4999951 
28339 0.4999951 
28340 0.4999951 
28341 0.4999951 
28342 0.499995 
28343 0.499995 
28344 0.499995 
28345 0.499995 
28346 0.4999949 
28347 0.4999949 
28348 0.4999948 
28349 0.4999948 
28350 0.4999948 
28351 0.4999948 
28352 0.4999948 
28353 0.4999947 
28354 0.4999947 
28355 0.4999947 
28356 0.4999947 
28357 0.4999946 
28358 0.4999945 
28359 0.4999945 
28360 0.4999945 
28361 0.4999945 
28362 0.4999945 
28363 0.4999944 
28364 0.4999944 
28365 0.4999944 
28366 0.4999944 
28367 0.4999943 
28368 0.4999943 
28369 0.4999943 
28370 0.4999943 
28371 0.4999942 
28372 0.4999942 
28373 0.4999941 
28374 0.4999941 
28375 0.4999941 
28376 0.4999941 
28377 0.4999941 
28378 0.499994 
28379 0.499994 
28380 0.499994 
28381 0.499994 
28382 0.4999939 
28383 0.4999938 
28384 0.4999938 
28385 0.4999938 
28386 0.4999938 
28387 0.4999938 
28388 0.4999937 
28389 0.4999937 
28390 0.4999937 
28391 0.4999937 
28392 0.4999936 
28393 0.4999936 
28394 0.4999936 
28395 0.4999936 
28396 0.4999935 
28397 0.4999935 
28398 0.4999934 
28399 0.4999934 
28400 0.4999934 
28401 0.4999934 
28402 0.4999934 
28403 0.4999933 
28404 0.4999933 
28405 0.4999933 
28406 0.4999932 
28407 0.4999932 
28408 0.4999931 
28409 0.4999931 
28410 0.4999931 
28411 0.4999931 
28412 0.4999931 
28413 0.499993 
28414 0.499993 
28415 0.499993 
28416 0.499993 
28417 0.4999929 
28418 0.4999929 
28419 0.4999929 
28420 0.4999929 
28421 0.4999929 
28422 0.4999928 
28423 0.4999928 
28424 0.4999927 
28425 0.4999927 
28426 0.4999927 
28427 0.4999927 
28428 0.4999926 
28429 0.4999926 
28430 0.4999926 
28431 0.4999926 
28432 0.4999925 
28433 0.4999925 
28434 0.4999924 
28435 0.4999924 
28436 0.4999924 
28437 0.4999924 
28438 0.4999924 
28439 0.4999923 
28440 0.4999923 
28441 0.4999923 
28442 0.4999923 
28443 0.4999922 
28444 0.4999921 
28445 0.4999921 
28446 0.4999921 
28447 0.4999921 
28448 0.4999921 
28449 0.499992 
28450 0.499992 
28451 0.499992 
28452 0.499992 
28453 0.4999919 
28454 0.4999919 
28455 0.4999919 
28456 0.4999919 
28457 0.4999918 
28458 0.4999918 
28459 0.4999917 
28460 0.4999917 
28461 0.4999917 
28462 0.4999917 
28463 0.4999917 
28464 0.4999916 
28465 0.4999916 
28466 0.4999916 
28467 0.4999916 
28468 0.4999915 
28469 0.4999914 
28470 0.4999914 
28471 0.4999914 
28472 0.4999914 
28473 0.4999914 
28474 0.4999913 
28475 0.4999913 
28476 0.4999913 
28477 0.4999913 
28478 0.4999912 
28479 0.4999912 
28480 0.4999912 
28481 0.4999912 
28482 0.4999911 
28483 0.4999911 
28484 0.499991 
28485 0.499991 
28486 0.499991 
28487 0.499991 
28488 0.499991 
28489 0.4999909 
28490 0.4999909 
28491 0.4999909 
28492 0.4999908 
28493 0.4999908 
28494 0.4999907 
28495 0.4999907 
28496 0.4999907 
28497 0.4999907 
28498 0.4999907 
28499 0.4999906 
28500 0.4999906 
28501 0.4999906 
28502 0.4999906 
28503 0.4999905 
28504 0.4999905 
28505 0.4999905 
28506 0.4999905 
28507 0.4999904 
28508 0.4999904 
28509 0.4999903 
28510 0.4999903 
28511 0.4999903 
28512 0.4999903 
28513 0.4999903 
28514 0.4999902 
28515 0.4999902 
28516 0.4999902 
28517 0.4999901 
28518 0.4999901 
28519 0.49999 
28520 0.49999 
28521 0.49999 
28522 0.49999 
28523 0.49999 
28524 0.4999899 
28525 0.4999899 
28526 0.4999899 
28527 0.4999899 
28528 0.4999898 
28529 0.4999897 
28530 0.4999897 
28531 0.4999897 
28532 0.4999897 
28533 0.4999897 
28534 0.4999896 
28535 0.4999896 
28536 0.4999896 
28537 0.4999896 
28538 0.4999895 
28539 0.4999895 
28540 0.4999895 
28541 0.4999895 
28542 0.4999894 
28543 0.4999894 
28544 0.4999893 
28545 0.4999893 
28546 0.4999893 
28547 0.4999893 
28548 0.4999893 
28549 0.4999892 
28550 0.4999892 
28551 0.4999892 
28552 0.4999892 
28553 0.4999891 
28554 0.499989 
28555 0.499989 
28556 0.499989 
28557 0.499989 
28558 0.499989 
28559 0.4999889 
28560 0.4999889 
28561 0.4999889 
28562 0.4999889 
28563 0.4999888 
28564 0.4999888 
28565 0.4999888 
28566 0.4999888 
28567 0.4999887 
28568 0.4999887 
28569 0.4999886 
28570 0.4999886 
28571 0.4999886 
28572 0.4999886 
28573 0.4999886 
28574 0.4999885 
28575 0.4999885 
28576 0.4999885 
28577 0.4999885 
28578 0.4999884 
28579 0.4999884 
28580 0.4999884 
28581 0.4999884 
28582 0.4999884 
28583 0.4999883 
28584 0.4999883 
28585 0.4999883 
28586 0.4999883 
28587 0.4999883 
28588 0.4999883 
28589 0.4999883 
28590 0.4999883 
28591 0.4999883 
28592 0.4999883 
28593 0.4999883 
28594 0.4999883 
28595 0.4999883 
28596 0.4999883 
28597 0.4999883 
28598 0.4999883 
28599 0.4999882 
28600 0.4999882 
28601 0.4999882 
28602 0.4999882 
28603 0.4999882 
28604 0.4999882 
28605 0.4999882 
28606 0.4999882 
28607 0.4999882 
28608 0.4999882 
28609 0.4999882 
28610 0.4999881 
28611 0.4999881 
28612 0.4999881 
28613 0.4999881 
28614 0.4999881 
28615 0.4999881 
28616 0.4999881 
28617 0.499988 
28618 0.499988 
28619 0.499988 
28620 0.499988 
28621 0.499988 
28622 0.499988 
28623 0.4999879 
28624 0.4999879 
28625 0.4999879 
28626 0.4999879 
28627 0.4999879 
28628 0.4999879 
28629 0.4999879 
28630 0.4999879 
28631 0.4999879 
28632 0.4999879 
28633 0.4999879 
28634 0.4999879 
28635 0.4999879 
28636 0.4999879 
28637 0.4999879 
28638 0.4999879 
28639 0.4999879 
28640 0.4999879 
28641 0.4999879 
28642 0.4999879 
28643 0.4999879 
28644 0.4999879 
28645 0.4999879 
28646 0.4999879 
28647 0.4999879 
28648 0.4999879 
28649 0.4999879 
28650 0.4999879 
28651 0.4999879 
28652 0.4999879 
28653 0.4999878 
28654 0.4999878 
28655 0.4999878 
28656 0.4999878 
28657 0.4999878 
28658 0.4999878 
28659 0.4999878 
28660 0.4999877 
28661 0.4999877 
28662 0.4999877 
28663 0.4999877 
28664 0.4999877 
28665 0.4999877 
28666 0.4999877 
28667 0.4999877 
28668 0.4999877 
28669 0.4999877 
28670 0.4999877 
28671 0.4999877 
28672 0.4999877 
28673 0.4999877 
28674 0.4999877 
28675 0.4999877 
28676 0.4999877 
28677 0.4999877 
28678 0.4999877 
28679 0.4999877 
28680 0.4999876 
28681 0.4999876 
28682 0.4999876 
28683 0.4999876 
28684 0.4999876 
28685 0.4999876 
28686 0.4999876 
28687 0.4999876 
28688 0.4999876 
28689 0.4999876 
28690 0.4999876 
28691 0.4999876 
28692 0.4999875 
28693 0.4999875 
28694 0.4999875 
28695 0.4999875 
28696 0.4999874 
28697 0.4999874 
28698 0.4999873 
28699 0.4999873 
28700 0.4999873 
28701 0.4999873 
28702 0.4999873 
28703 0.4999873 
28704 0.4999873 
28705 0.4999873 
28706 0.4999873 
28707 0.4999873 
28708 0.4999873 
28709 0.4999873 
28710 0.4999873 
28711 0.4999872 
28712 0.4999872 
28713 0.4999872 
28714 0.4999872 
28715 0.4999872 
28716 0.4999872 
28717 0.4999872 
28718 0.4999872 
28719 0.4999872 
28720 0.4999872 
28721 0.4999872 
28722 0.4999872 
28723 0.4999872 
28724 0.4999872 
28725 0.4999872 
28726 0.4999872 
28727 0.4999872 
28728 0.4999872 
28729 0.4999872 
28730 0.4999872 
28731 0.4999872 
28732 0.4999872 
28733 0.4999872 
28734 0.4999872 
28735 0.4999872 
28736 0.4999872 
28737 0.4999872 
28738 0.4999872 
28739 0.4999872 
28740 0.4999872 
28741 0.4999872 
28742 0.4999872 
28743 0.4999872 
28744 0.4999872 
28745 0.4999872 
28746 0.4999872 
28747 0.4999872 
28748 0.4999872 
28749 0.4999871 
28750 0.4999871 
28751 0.4999871 
28752 0.4999871 
28753 0.4999871 
28754 0.4999871 
28755 0.499987 
28756 0.499987 
28757 0.499987 
28758 0.499987 
28759 0.499987 
28760 0.499987 
28761 0.499987 
28762 0.499987 
28763 0.499987 
28764 0.499987 
28765 0.499987 
28766 0.499987 
28767 0.499987 
28768 0.499987 
28769 0.499987 
28770 0.4999869 
28771 0.4999869 
28772 0.4999869 
28773 0.4999869 
28774 0.4999869 
28775 0.4999869 
28776 0.4999869 
28777 0.4999869 
28778 0.4999869 
28779 0.4999869 
28780 0.4999869 
28781 0.4999869 
28782 0.4999869 
28783 0.4999869 
28784 0.4999869 
28785 0.4999869 
28786 0.4999869 
28787 0.4999869 
28788 0.4999869 
28789 0.4999869 
28790 0.4999869 
28791 0.4999869 
28792 0.4999869 
28793 0.4999869 
28794 0.4999869 
28795 0.4999869 
28796 0.4999869 
28797 0.4999869 
28798 0.4999869 
28799 0.4999869 
28800 0.4999869 
28801 0.4999869 
28802 0.4999869 
28803 0.4999869 
28804 0.4999869 
28805 0.4999869 
28806 0.4999869 
28807 0.4999869 
28808 0.4999869 
28809 0.4999869 
28810 0.4999869 
28811 0.4999869 
28812 0.4999869 
28813 0.4999869 
28814 0.4999869 
28815 0.4999869 
28816 0.4999869 
28817 0.4999869 
28818 0.4999869 
28819 0.4999869 
28820 0.4999869 
28821 0.4999869 
28822 0.4999869 
28823 0.4999869 
28824 0.4999869 
28825 0.4999869 
28826 0.4999868 
28827 0.4999868 
28828 0.4999868 
28829 0.4999868 
28830 0.4999868 
28831 0.4999868 
28832 0.4999868 
28833 0.4999868 
28834 0.4999868 
28835 0.4999868 
28836 0.4999868 
28837 0.4999868 
28838 0.4999868 
28839 0.4999868 
28840 0.4999868 
28841 0.4999868 
28842 0.4999868 
28843 0.4999868 
28844 0.4999868 
28845 0.4999868 
28846 0.4999868 
28847 0.4999868 
28848 0.4999868 
28849 0.4999867 
28850 0.4999867 
28851 0.4999867 
28852 0.4999867 
28853 0.4999867 
28854 0.4999867 
28855 0.4999867 
28856 0.4999867 
28857 0.4999867 
28858 0.4999867 
28859 0.4999867 
28860 0.4999867 
28861 0.4999867 
28862 0.4999867 
28863 0.4999867 
28864 0.4999867 
28865 0.4999867 
28866 0.4999867 
28867 0.4999867 
28868 0.4999867 
28869 0.4999867 
28870 0.4999867 
28871 0.4999867 
28872 0.4999867 
28873 0.4999867 
28874 0.4999866 
28875 0.4999866 
28876 0.4999866 
28877 0.4999866 
28878 0.4999866 
28879 0.4999866 
28880 0.4999866 
28881 0.4999866 
28882 0.4999866 
28883 0.4999866 
28884 0.4999866 
28885 0.4999866 
28886 0.4999866 
28887 0.4999866 
28888 0.4999866 
28889 0.4999866 
28890 0.4999866 
28891 0.4999866 
28892 0.4999866 
28893 0.4999866 
28894 0.4999866 
28895 0.4999866 
28896 0.4999866 
28897 0.4999866 
28898 0.4999866 
28899 0.4999866 
28900 0.4999866 
28901 0.4999866 
28902 0.4999866 
28903 0.4999866 
28904 0.4999866 
28905 0.4999866 
28906 0.4999866 
28907 0.4999866 
28908 0.4999866 
28909 0.4999866 
28910 0.4999866 
28911 0.4999866 
28912 0.4999866 
28913 0.4999866 
28914 0.4999866 
28915 0.4999866 
28916 0.4999866 
28917 0.4999866 
28918 0.4999866 
28919 0.4999866 
28920 0.4999866 
28921 0.4999866 
28922 0.4999865 
28923 0.4999865 
28924 0.4999865 
28925 0.4999865 
28926 0.4999865 
28927 0.4999865 
28928 0.4999865 
28929 0.4999865 
28930 0.4999865 
28931 0.4999865 
28932 0.4999865 
28933 0.4999865 
28934 0.4999865 
28935 0.4999865 
28936 0.4999865 
28937 0.4999865 
28938 0.4999865 
28939 0.4999865 
28940 0.4999865 
28941 0.4999865 
28942 0.4999865 
28943 0.4999865 
28944 0.4999865 
28945 0.4999865 
28946 0.4999865 
28947 0.4999865 
28948 0.4999865 
28949 0.4999865 
28950 0.4999865 
28951 0.4999865 
28952 0.4999865 
28953 0.4999865 
28954 0.4999865 
28955 0.4999865 
28956 0.4999865 
28957 0.4999865 
28958 0.4999865 
28959 0.4999865 
28960 0.4999865 
28961 0.4999865 
28962 0.4999865 
28963 0.4999865 
28964 0.4999864 
28965 0.4999864 
28966 0.4999864 
28967 0.4999864 
28968 0.4999864 
28969 0.4999864 
28970 0.4999864 
28971 0.4999864 
28972 0.4999864 
28973 0.4999864 
28974 0.4999864 
28975 0.4999863 
28976 0.4999863 
28977 0.4999863 
28978 0.4999863 
28979 0.4999863 
28980 0.4999863 
28981 0.4999863 
28982 0.4999863 
28983 0.4999863 
28984 0.4999863 
28985 0.4999863 
28986 0.4999863 
28987 0.4999863 
28988 0.4999863 
28989 0.4999863 
28990 0.4999863 
28991 0.4999863 
28992 0.4999863 
28993 0.4999863 
28994 0.4999863 
28995 0.4999863 
28996 0.4999863 
28997 0.4999863 
28998 0.4999863 
28999 0.4999863 
29000 0.4999863 
29001 0.4999863 
29002 0.4999863 
29003 0.4999863 
29004 0.4999863 
29005 0.4999863 
29006 0.4999863 
29007 0.4999863 
29008 0.4999863 
29009 0.4999863 
29010 0.4999863 
29011 0.4999863 
29012 0.4999863 
29013 0.4999863 
29014 0.4999863 
29015 0.4999863 
29016 0.4999862 
29017 0.4999862 
29018 0.4999862 
29019 0.4999862 
29020 0.4999862 
29021 0.4999862 
29022 0.4999862 
29023 0.4999862 
29024 0.4999862 
29025 0.4999862 
29026 0.4999862 
29027 0.4999862 
29028 0.4999862 
29029 0.4999862 
29030 0.4999862 
29031 0.4999862 
29032 0.4999862 
29033 0.4999862 
29034 0.4999862 
29035 0.4999862 
29036 0.4999862 
29037 0.4999862 
29038 0.4999862 
29039 0.4999862 
29040 0.4999862 
29041 0.4999862 
29042 0.4999862 
29043 0.4999862 
29044 0.4999862 
29045 0.4999862 
29046 0.4999862 
29047 0.4999862 
29048 0.4999862 
29049 0.4999862 
29050 0.4999862 
29051 0.4999862 
29052 0.4999862 
29053 0.4999862 
29054 0.4999862 
29055 0.4999862 
29056 0.4999862 
29057 0.4999862 
29058 0.4999862 
29059 0.4999862 
29060 0.4999862 
29061 0.4999862 
29062 0.4999862 
29063 0.4999862 
29064 0.4999862 
29065 0.4999862 
29066 0.4999862 
29067 0.4999862 
29068 0.4999862 
29069 0.4999862 
29070 0.4999861 
29071 0.4999861 
29072 0.4999861 
29073 0.4999861 
29074 0.4999861 
29075 0.4999861 
29076 0.4999861 
29077 0.4999861 
29078 0.4999861 
29079 0.4999861 
29080 0.4999861 
29081 0.4999861 
29082 0.4999861 
29083 0.4999861 
29084 0.4999861 
29085 0.4999861 
29086 0.4999861 
29087 0.4999861 
29088 0.4999861 
29089 0.4999861 
29090 0.499986 
29091 0.499986 
29092 0.499986 
29093 0.499986 
29094 0.499986 
29095 0.499986 
29096 0.499986 
29097 0.499986 
29098 0.499986 
29099 0.499986 
29100 0.499986 
29101 0.499986 
29102 0.499986 
29103 0.499986 
29104 0.499986 
29105 0.499986 
29106 0.499986 
29107 0.499986 
29108 0.499986 
29109 0.499986 
29110 0.499986 
29111 0.499986 
29112 0.499986 
29113 0.499986 
29114 0.499986 
29115 0.499986 
29116 0.499986 
29117 0.499986 
29118 0.499986 
29119 0.499986 
29120 0.4999859 
29121 0.4999859 
29122 0.4999859 
29123 0.4999859 
29124 0.4999859 
29125 0.4999859 
29126 0.4999859 
29127 0.4999859 
29128 0.4999859 
29129 0.4999859 
29130 0.4999859 
29131 0.4999859 
29132 0.4999859 
29133 0.4999859 
29134 0.4999859 
29135 0.4999859 
29136 0.4999859 
29137 0.4999859 
29138 0.4999859 
29139 0.4999859 
29140 0.4999859 
29141 0.4999859 
29142 0.4999859 
29143 0.4999859 
29144 0.4999859 
29145 0.4999859 
29146 0.4999859 
29147 0.4999859 
29148 0.4999859 
29149 0.4999859 
29150 0.4999859 
29151 0.4999859 
29152 0.4999859 
29153 0.4999859 
29154 0.4999859 
29155 0.4999859 
29156 0.4999859 
29157 0.4999859 
29158 0.4999859 
29159 0.4999859 
29160 0.4999859 
29161 0.4999859 
29162 0.4999859 
29163 0.4999859 
29164 0.4999859 
29165 0.4999859 
29166 0.4999859 
29167 0.4999859 
29168 0.4999859 
29169 0.4999859 
29170 0.4999859 
29171 0.4999859 
29172 0.4999859 
29173 0.4999859 
29174 0.4999858 
29175 0.4999858 
29176 0.4999858 
29177 0.4999858 
29178 0.4999858 
29179 0.4999858 
29180 0.4999858 
29181 0.4999858 
29182 0.4999858 
29183 0.4999858 
29184 0.4999858 
29185 0.4999858 
29186 0.4999858 
29187 0.4999858 
29188 0.4999858 
29189 0.4999858 
29190 0.4999858 
29191 0.4999858 
29192 0.4999858 
29193 0.4999858 
29194 0.4999858 
29195 0.4999858 
29196 0.4999858 
29197 0.4999858 
29198 0.4999858 
29199 0.4999858 
29200 0.4999858 
29201 0.4999858 
29202 0.4999858 
29203 0.4999858 
29204 0.4999858 
29205 0.4999858 
29206 0.4999858 
29207 0.4999858 
29208 0.4999858 
29209 0.4999858 
29210 0.4999857 
29211 0.4999857 
29212 0.4999857 
29213 0.4999857 
29214 0.4999857 
29215 0.4999857 
29216 0.4999857 
29217 0.4999857 
29218 0.4999857 
29219 0.4999857 
29220 0.4999857 
29221 0.4999857 
29222 0.4999857 
29223 0.4999857 
29224 0.4999857 
29225 0.4999857 
29226 0.4999857 
29227 0.4999856 
29228 0.4999856 
29229 0.4999856 
29230 0.4999856 
29231 0.4999856 
29232 0.4999856 
29233 0.4999856 
29234 0.4999856 
29235 0.4999856 
29236 0.4999856 
29237 0.4999856 
29238 0.4999856 
29239 0.4999856 
29240 0.4999856 
29241 0.4999856 
29242 0.4999856 
29243 0.4999856 
29244 0.4999856 
29245 0.4999856 
29246 0.4999856 
29247 0.4999856 
29248 0.4999856 
29249 0.4999856 
29250 0.4999856 
29251 0.4999856 
29252 0.4999856 
29253 0.4999856 
29254 0.4999856 
29255 0.4999856 
29256 0.4999856 
29257 0.4999856 
29258 0.4999856 
29259 0.4999856 
29260 0.4999856 
29261 0.4999856 
29262 0.4999856 
29263 0.4999856 
29264 0.4999856 
29265 0.4999856 
29266 0.4999856 
29267 0.4999856 
29268 0.4999856 
29269 0.4999856 
29270 0.4999856 
29271 0.4999856 
29272 0.4999856 
29273 0.4999856 
29274 0.4999855 
29275 0.4999855 
29276 0.4999855 
29277 0.4999855 
29278 0.4999855 
29279 0.4999855 
29280 0.4999855 
29281 0.4999855 
29282 0.4999855 
29283 0.4999855 
29284 0.4999855 
29285 0.4999855 
29286 0.4999855 
29287 0.4999855 
29288 0.4999855 
29289 0.4999855 
29290 0.4999855 
29291 0.4999855 
29292 0.4999855 
29293 0.4999855 
29294 0.4999855 
29295 0.4999855 
29296 0.4999855 
29297 0.4999855 
29298 0.4999855 
29299 0.4999855 
29300 0.4999855 
29301 0.4999855 
29302 0.4999855 
29303 0.4999855 
29304 0.4999855 
29305 0.4999855 
29306 0.4999855 
29307 0.4999855 
29308 0.4999855 
29309 0.4999855 
29310 0.4999855 
29311 0.4999855 
29312 0.4999855 
29313 0.4999855 
29314 0.4999855 
29315 0.4999855 
29316 0.4999855 
29317 0.4999855 
29318 0.4999855 
29319 0.4999855 
29320 0.4999855 
29321 0.4999855 
29322 0.4999855 
29323 0.4999855 
29324 0.4999855 
29325 0.4999855 
29326 0.4999854 
29327 0.4999854 
29328 0.4999854 
29329 0.4999854 
29330 0.4999854 
29331 0.4999854 
29332 0.4999854 
29333 0.4999854 
29334 0.4999854 
29335 0.4999854 
29336 0.4999854 
29337 0.4999854 
29338 0.4999853 
29339 0.4999853 
29340 0.4999853 
29341 0.4999853 
29342 0.4999853 
29343 0.4999853 
29344 0.4999853 
29345 0.4999853 
29346 0.4999853 
29347 0.4999853 
29348 0.4999853 
29349 0.4999853 
29350 0.4999853 
29351 0.4999853 
29352 0.4999853 
29353 0.4999853 
29354 0.4999853 
29355 0.4999853 
29356 0.4999853 
29357 0.4999853 
29358 0.4999853 
29359 0.4999853 
29360 0.4999853 
29361 0.4999853 
29362 0.4999853 
29363 0.4999853 
29364 0.4999853 
29365 0.4999853 
29366 0.4999853 
29367 0.4999853 
29368 0.4999853 
29369 0.4999853 
29370 0.4999853 
29371 0.4999853 
29372 0.4999852 
29373 0.4999852 
29374 0.4999852 
29375 0.4999852 
29376 0.4999852 
29377 0.4999852 
29378 0.4999852 
29379 0.4999852 
29380 0.4999852 
29381 0.4999852 
29382 0.4999852 
29383 0.4999852 
29384 0.4999852 
29385 0.4999852 
29386 0.4999852 
29387 0.4999852 
29388 0.4999852 
29389 0.4999852 
29390 0.4999852 
29391 0.4999852 
29392 0.4999852 
29393 0.4999852 
29394 0.4999852 
29395 0.4999852 
29396 0.4999852 
29397 0.4999852 
29398 0.4999852 
29399 0.4999852 
29400 0.4999852 
29401 0.4999852 
29402 0.4999852 
29403 0.4999852 
29404 0.4999852 
29405 0.4999852 
29406 0.4999852 
29407 0.4999852 
29408 0.4999852 
29409 0.4999852 
29410 0.4999852 
29411 0.4999852 
29412 0.4999852 
29413 0.4999852 
29414 0.4999852 
29415 0.4999852 
29416 0.4999852 
29417 0.4999852 
29418 0.4999852 
29419 0.4999852 
29420 0.4999851 
29421 0.4999851 
29422 0.4999851 
29423 0.4999851 
29424 0.4999851 
29425 0.4999851 
29426 0.4999851 
29427 0.4999851 
29428 0.4999851 
29429 0.4999851 
29430 0.4999851 
29431 0.4999851 
29432 0.4999851 
29433 0.4999851 
29434 0.4999851 
29435 0.4999851 
29436 0.4999851 
29437 0.4999851 
29438 0.4999851 
29439 0.4999851 
29440 0.4999851 
29441 0.4999851 
29442 0.4999851 
29443 0.499985 
29444 0.499985 
29445 0.499985 
29446 0.499985 
29447 0.499985 
29448 0.499985 
29449 0.499985 
29450 0.499985 
29451 0.499985 
29452 0.499985 
29453 0.499985 
29454 0.499985 
29455 0.499985 
29456 0.499985 
29457 0.499985 
29458 0.4999849 
29459 0.4999849 
29460 0.4999849 
29461 0.4999849 
29462 0.4999849 
29463 0.4999849 
29464 0.4999849 
29465 0.4999849 
29466 0.4999849 
29467 0.4999849 
29468 0.4999849 
29469 0.4999849 
29470 0.4999849 
29471 0.4999849 
29472 0.4999849 
29473 0.4999849 
29474 0.4999849 
29475 0.4999849 
29476 0.4999849 
29477 0.4999849 
29478 0.4999849 
29479 0.4999849 
29480 0.4999849 
29481 0.4999849 
29482 0.4999849 
29483 0.4999849 
29484 0.4999849 
29485 0.4999849 
29486 0.4999849 
29487 0.4999849 
29488 0.4999849 
29489 0.4999849 
29490 0.4999849 
29491 0.4999849 
29492 0.4999849 
29493 0.4999849 
29494 0.4999849 
29495 0.4999849 
29496 0.4999849 
29497 0.4999849 
29498 0.4999849 
29499 0.4999849 
29500 0.4999849 
29501 0.4999849 
29502 0.4999848 
29503 0.4999848 
29504 0.4999848 
29505 0.4999848 
29506 0.4999848 
29507 0.4999848 
29508 0.4999848 
29509 0.4999848 
29510 0.4999848 
29511 0.4999848 
29512 0.4999848 
29513 0.4999848 
29514 0.4999848 
29515 0.4999848 
29516 0.4999848 
29517 0.4999848 
29518 0.4999848 
29519 0.4999848 
29520 0.4999848 
29521 0.4999848 
29522 0.4999848 
29523 0.4999848 
29524 0.4999848 
29525 0.4999848 
29526 0.4999848 
29527 0.4999848 
29528 0.4999848 
29529 0.4999848 
29530 0.4999848 
29531 0.4999848 
29532 0.4999848 
29533 0.4999848 
29534 0.4999848 
29535 0.4999847 
29536 0.4999847 
29537 0.4999847 
29538 0.4999847 
29539 0.4999847 
29540 0.4999847 
29541 0.4999847 
29542 0.4999847 
29543 0.4999847 
29544 0.4999847 
29545 0.4999846 
29546 0.4999846 
29547 0.4999846 
29548 0.4999846 
29549 0.4999846 
29550 0.4999846 
29551 0.4999846 
29552 0.4999846 
29553 0.4999846 
29554 0.4999846 
29555 0.4999846 
29556 0.4999846 
29557 0.4999846 
29558 0.4999846 
29559 0.4999846 
29560 0.4999846 
29561 0.4999846 
29562 0.4999846 
29563 0.4999846 
29564 0.4999846 
29565 0.4999846 
29566 0.4999846 
29567 0.4999846 
29568 0.4999846 
29569 0.4999846 
29570 0.4999846 
29571 0.4999846 
29572 0.4999846 
29573 0.4999846 
29574 0.4999846 
29575 0.4999846 
29576 0.4999846 
29577 0.4999846 
29578 0.4999846 
29579 0.4999846 
29580 0.4999846 
29581 0.4999846 
29582 0.4999846 
29583 0.4999846 
29584 0.4999846 
29585 0.4999846 
29586 0.4999845 
29587 0.4999845 
29588 0.4999845 
29589 0.4999845 
29590 0.4999845 
29591 0.4999845 
29592 0.4999845 
29593 0.4999845 
29594 0.4999845 
29595 0.4999845 
29596 0.4999845 
29597 0.4999845 
29598 0.4999845 
29599 0.4999845 
29600 0.4999845 
29601 0.4999845 
29602 0.4999845 
29603 0.4999845 
29604 0.4999845 
29605 0.4999845 
29606 0.4999845 
29607 0.4999845 
29608 0.4999845 
29609 0.4999845 
29610 0.4999845 
29611 0.4999845 
29612 0.4999845 
29613 0.4999845 
29614 0.4999845 
29615 0.4999845 
29616 0.4999845 
29617 0.4999845 
29618 0.4999845 
29619 0.4999845 
29620 0.4999845 
29621 0.4999845 
29622 0.4999845 
29623 0.4999845 
29624 0.4999845 
29625 0.4999845 
29626 0.4999845 
29627 0.4999845 
29628 0.4999845 
29629 0.4999845 
29630 0.4999845 
29631 0.4999845 
29632 0.4999844 
29633 0.4999844 
29634 0.4999844 
29635 0.4999844 
29636 0.4999844 
29637 0.4999844 
29638 0.4999844 
29639 0.4999844 
29640 0.4999844 
29641 0.4999844 
29642 0.4999844 
29643 0.4999844 
29644 0.4999844 
29645 0.4999844 
29646 0.4999844 
29647 0.4999844 
29648 0.4999844 
29649 0.4999843 
29650 0.4999843 
29651 0.4999843 
29652 0.4999843 
29653 0.4999843 
29654 0.4999843 
29655 0.4999832 
29656 0.4999832 
29657 0.499982 
29658 0.499982 
29659 0.499982 
29660 0.499982 
29661 0.499982 
29662 0.499982 
29663 0.499982 
29664 0.499982 
29665 0.499982 
29666 0.499982 
29667 0.499982 
29668 0.499982 
29669 0.499982 
29670 0.4999819 
29671 0.4999819 
29672 0.4999819 
29673 0.4999819 
29674 0.4999819 
29675 0.4999819 
29676 0.4999819 
29677 0.4999819 
29678 0.4999819 
29679 0.4999819 
29680 0.4999819 
29681 0.4999819 
29682 0.4999819 
29683 0.4999819 
29684 0.4999819 
29685 0.4999819 
29686 0.4999819 
29687 0.4999819 
29688 0.4999819 
29689 0.4999819 
29690 0.4999819 
29691 0.4999819 
29692 0.4999819 
29693 0.4999819 
29694 0.4999819 
29695 0.4999819 
29696 0.4999819 
29697 0.4999819 
29698 0.4999819 
29699 0.4999819 
29700 0.4999819 
29701 0.4999819 
29702 0.4999819 
29703 0.4999819 
29704 0.4999818 
29705 0.4999818 
29706 0.4999818 
29707 0.4999818 
29708 0.4999818 
29709 0.4999818 
29710 0.4999818 
29711 0.4999818 
29712 0.4999818 
29713 0.4999818 
29714 0.4999818 
29715 0.4999818 
29716 0.4999818 
29717 0.4999818 
29718 0.4999818 
29719 0.4999818 
29720 0.4999818 
29721 0.4999818 
29722 0.4999818 
29723 0.4999818 
29724 0.4999818 
29725 0.4999818 
29726 0.4999818 
29727 0.4999818 
29728 0.4999818 
29729 0.4999818 
29730 0.4999818 
29731 0.4999818 
29732 0.4999818 
29733 0.4999818 
29734 0.4999818 
29735 0.4999818 
29736 0.4999818 
29737 0.4999818 
29738 0.4999818 
29739 0.4999818 
29740 0.4999818 
29741 0.4999818 
29742 0.4999818 
29743 0.4999818 
29744 0.4999818 
29745 0.4999818 
29746 0.4999818 
29747 0.4999818 
29748 0.4999818 
29749 0.4999818 
29750 0.4999818 
29751 0.4999818 
29752 0.4999818 
29753 0.4999818 
29754 0.4999818 
29755 0.4999818 
29756 0.4999818 
29757 0.4999818 
29758 0.4999818 
29759 0.4999817 
29760 0.4999817 
29761 0.4999817 
29762 0.4999817 
29763 0.4999817 
29764 0.4999817 
29765 0.4999817 
29766 0.4999817 
29767 0.4999817 
29768 0.4999817 
29769 0.4999817 
29770 0.4999817 
29771 0.4999817 
29772 0.4999817 
29773 0.4999817 
29774 0.4999817 
29775 0.4999817 
29776 0.4999817 
29777 0.4999817 
29778 0.4999817 
29779 0.4999817 
29780 0.4999817 
29781 0.4999817 
29782 0.4999816 
29783 0.4999816 
29784 0.4999816 
29785 0.4999816 
29786 0.4999816 
29787 0.4999816 
29788 0.4999816 
29789 0.4999816 
29790 0.4999816 
29791 0.4999816 
29792 0.4999816 
29793 0.4999816 
29794 0.4999816 
29795 0.4999816 
29796 0.4999816 
29797 0.4999816 
29798 0.4999816 
29799 0.4999816 
29800 0.4999816 
29801 0.4999816 
29802 0.4999816 
29803 0.4999816 
29804 0.4999816 
29805 0.4999816 
29806 0.4999816 
29807 0.4999816 
29808 0.4999815 
29809 0.4999815 
29810 0.4999815 
29811 0.4999815 
29812 0.4999815 
29813 0.4999815 
29814 0.4999815 
29815 0.4999815 
29816 0.4999815 
29817 0.4999815 
29818 0.4999815 
29819 0.4999815 
29820 0.4999815 
29821 0.4999815 
29822 0.4999815 
29823 0.4999815 
29824 0.4999815 
29825 0.4999815 
29826 0.4999815 
29827 0.4999815 
29828 0.4999815 
29829 0.4999815 
29830 0.4999815 
29831 0.4999815 
29832 0.4999815 
29833 0.4999815 
29834 0.4999815 
29835 0.4999815 
29836 0.4999815 
29837 0.4999815 
29838 0.4999815 
29839 0.4999815 
29840 0.4999815 
29841 0.4999815 
29842 0.4999815 
29843 0.4999815 
29844 0.4999815 
29845 0.4999815 
29846 0.4999815 
29847 0.4999815 
29848 0.4999815 
29849 0.4999815 
29850 0.4999815 
29851 0.4999815 
29852 0.4999815 
29853 0.4999814 
29854 0.4999814 
29855 0.4999814 
29856 0.4999814 
29857 0.4999814 
29858 0.4999814 
29859 0.4999814 
29860 0.4999814 
29861 0.4999814 
29862 0.4999814 
29863 0.4999814 
29864 0.4999814 
29865 0.4999814 
29866 0.4999814 
29867 0.4999814 
29868 0.4999814 
29869 0.4999814 
29870 0.4999814 
29871 0.4999814 
29872 0.4999814 
29873 0.4999814 
29874 0.4999814 
29875 0.4999814 
29876 0.4999814 
29877 0.4999814 
29878 0.4999814 
29879 0.4999814 
29880 0.4999814 
29881 0.4999814 
29882 0.4999814 
29883 0.4999814 
29884 0.4999814 
29885 0.4999814 
29886 0.4999814 
29887 0.4999814 
29888 0.4999814 
29889 0.4999814 
29890 0.4999814 
29891 0.4999814 
29892 0.4999814 
29893 0.4999814 
29894 0.4999813 
29895 0.4999813 
29896 0.4999813 
29897 0.4999813 
29898 0.4999812 
29899 0.4999812 
29900 0.4999812 
29901 0.4999812 
29902 0.4999812 
29903 0.4999812 
29904 0.4999812 
29905 0.4999812 
29906 0.4999812 
29907 0.4999812 
29908 0.4999812 
29909 0.4999812 
29910 0.4999812 
29911 0.4999812 
29912 0.4999812 
29913 0.4999812 
29914 0.4999812 
29915 0.4999812 
29916 0.4999812 
29917 0.4999812 
29918 0.4999812 
29919 0.4999812 
29920 0.4999812 
29921 0.4999812 
29922 0.4999812 
29923 0.4999812 
29924 0.4999812 
29925 0.4999812 
29926 0.4999812 
29927 0.4999812 
29928 0.4999812 
29929 0.4999812 
29930 0.4999812 
29931 0.4999812 
29932 0.4999812 
29933 0.4999812 
29934 0.4999812 
29935 0.4999812 
29936 0.4999812 
29937 0.4999812 
29938 0.4999812 
29939 0.4999812 
29940 0.4999812 
29941 0.4999812 
29942 0.4999811 
29943 0.4999811 
29944 0.4999811 
29945 0.4999811 
29946 0.4999811 
29947 0.4999811 
29948 0.4999811 
29949 0.4999811 
29950 0.4999811 
29951 0.4999811 
29952 0.4999811 
29953 0.4999811 
29954 0.4999811 
29955 0.4999811 
29956 0.4999811 
29957 0.4999811 
29958 0.4999811 
29959 0.4999811 
29960 0.4999811 
29961 0.4999811 
29962 0.4999811 
29963 0.4999811 
29964 0.4999811 
29965 0.4999811 
29966 0.4999811 
29967 0.4999811 
29968 0.4999811 
29969 0.4999811 
29970 0.4999811 
29971 0.4999811 
29972 0.4999811 
29973 0.4999811 
29974 0.4999811 
29975 0.4999811 
29976 0.4999811 
29977 0.4999811 
29978 0.4999811 
29979 0.4999811 
29980 0.4999811 
29981 0.4999811 
29982 0.4999811 
29983 0.4999811 
29984 0.4999811 
29985 0.4999811 
29986 0.4999811 
29987 0.4999811 
29988 0.4999811 
29989 0.4999811 
29990 0.4999811 
29991 0.4999811 
29992 0.4999811 
29993 0.4999811 
29994 0.4999811 
29995 0.4999811 
29996 0.4999811 
29997 0.4999811 
29998 0.4999811 
29999 0.4999811 
30000 0.4999811 
