axis,case,value,q,cell_over_core,sector,branch,eig_real,eig_imag,eig_abs,overlap_prev,dominant_m,dominant_m_weight,dominant_abs_m,dominant_abs_m_weight,mode_entropy,sector_leakage_fraction,low_mode_projection_leakage,c4_symmetry_leakage,c4_acceleration_used,equilibrium_gate_ok,fourier_quality_gate_ok
resolution,N32,32,2.31,10.074424655013587,0,0,-1.2883640098499101e-11,1.5908928725108489e-27,1.2883640098499101e-11,1.0,0,0.9596566673395698,0,0.9596566673395698,0.12252392515460482,7.187200220443265e-16,0.06538337871794452,2.864759108287032e-11,True,False,False
resolution,N32,32,2.31,10.074424655013587,0,1,1.2962865104016168e-11,9.507985099879968e-27,1.2962865104016168e-11,1.0,0,0.9596587770350893,0,0.9596587770350893,0.12251885591208728,7.187200220443265e-16,0.06538337871794452,2.864759108287032e-11,True,False,False
resolution,N32,32,2.31,10.074424655013587,0,2,0.010980722127518211,5.697474385903752e-20,0.010980722127518211,1.0,-4,0.4991446017537972,4,0.9982892035075944,0.438667655180491,7.187200220443265e-16,0.06538337871794452,2.864759108287032e-11,True,False,False
resolution,N32,32,2.31,10.074424655013587,0,3,-0.010980722127549511,-5.697474587808222e-20,0.010980722127549511,1.0,-4,0.4991446017538248,4,0.9982892035076489,0.43866765518030554,7.187200220443265e-16,0.06538337871794452,2.864759108287032e-11,True,False,False
resolution,N32,32,2.31,10.074424655013587,0,4,-0.022120813361129203,-1.259270110971381e-20,0.022120813361129203,1.0,4,0.4949462103707883,4,0.9898924207415751,0.46577905631707467,7.187200220443265e-16,0.06538337871794452,2.864759108287032e-11,True,False,False
resolution,N32,32,2.31,10.074424655013587,0,5,0.02212081336121557,1.2592699652266201e-20,0.02212081336121557,1.0,-4,0.4949462103707528,4,0.9898924207415054,0.46577905631727323,7.187200220443265e-16,0.06538337871794452,2.864759108287032e-11,True,False,False
resolution,N32,32,2.31,10.074424655013587,0,6,1.633242152632164e-14,0.052887167906609966,0.052887167906609966,1.0,8,0.4960282615877605,8,0.9920565231469267,0.45945788888442723,7.187200220443265e-16,0.06538337871794452,2.864759108287032e-11,True,False,False
resolution,N32,32,2.31,10.074424655013587,0,7,1.633699693572757e-14,-0.052887167906609966,0.052887167906609966,1.0,-8,0.49602826158774255,8,0.9920565231469267,0.45945788888442723,7.187200220443265e-16,0.06538337871794452,2.864759108287032e-11,True,False,False
resolution,N32,32,2.31,10.074424655013587,0,8,-1.8895286582969187e-14,-0.05576218555646002,0.05576218555646002,1.0,-8,0.49979534590767927,8,0.9995906917665356,0.4329309371621825,7.187200220443265e-16,0.06538337871794452,2.864759108287032e-11,True,False,False
resolution,N32,32,2.31,10.074424655013587,0,9,-1.8880730312531568e-14,0.05576218555646004,0.05576218555646004,1.0,8,0.4997953459076543,8,0.9995906917665356,0.4329309371621825,7.187200220443265e-16,0.06538337871794452,2.864759108287032e-11,True,False,False
resolution,N32,32,2.31,10.074424655013587,1,0,2.868440904918738e-14,-0.0005113495933287849,0.0005113495933287849,1.0,1,0.9718852420049143,1,0.9718852420049143,0.10025735140455921,9.417514526155787e-16,0.06538337871794452,2.864759108287032e-11,True,False,False
resolution,N32,32,2.31,10.074424655013587,1,1,-2.1916166035494224e-14,0.0005113495933355194,0.0005113495933355194,1.0,1,0.971885242004844,1,0.971885242004844,0.10025735140448129,9.417514526155787e-16,0.06538337871794452,2.864759108287032e-11,True,False,False
resolution,N32,32,2.31,10.074424655013587,1,2,-0.0072439882317489645,-2.5490175473980733e-14,0.0072439882317489645,1.0,5,0.7666911236476762,5,0.7666911236476762,0.5150210637356207,9.417514526155787e-16,0.06538337871794452,2.864759108287032e-11,True,False,False
resolution,N32,32,2.31,10.074424655013587,1,3,0.007243988231788382,-4.269625039026968e-14,0.007243988231788382,1.0,5,0.7666911236493961,5,0.7666911236493961,0.5150210637340694,9.417514526155787e-16,0.06538337871794452,2.864759108287032e-11,True,False,False
resolution,N32,32,2.31,10.074424655013587,1,4,-0.019247078210152632,-1.3009884186993604e-13,0.019247078210152632,1.0,-3,0.6426899837606002,3,0.6426899837606002,0.5731204013762538,9.417514526155787e-16,0.06538337871794452,2.864759108287032e-11,True,False,False
resolution,N32,32,2.31,10.074424655013587,1,5,0.01924707821019014,1.246466076332378e-13,0.01924707821019014,1.0,-3,0.6426899837607676,3,0.6426899837607676,0.573120401376102,9.417514526155787e-16,0.06538337871794452,2.864759108287032e-11,True,False,False
resolution,N32,32,2.31,10.074424655013587,1,6,7.072033930688448e-14,-0.038657052227525086,0.038657052227525086,1.0,-7,0.9840894269237821,7,0.9840894269237821,0.06642773691703703,9.417514526155787e-16,0.06538337871794452,2.864759108287032e-11,True,False,False
resolution,N32,32,2.31,10.074424655013587,1,7,-1.6132928326584306e-15,0.03865705222757714,0.03865705222757714,1.0,-7,0.9840894269238538,7,0.9840894269238538,0.0664277369167352,9.417514526155787e-16,0.06538337871794452,2.864759108287032e-11,True,False,False
resolution,N32,32,2.31,10.074424655013587,2,0,-0.008666643981297045,2.276342282988135e-20,0.008666643981297045,1.0,-2,0.4675632358866945,2,0.9351264717733887,0.6732473150925739,1.1867512894116326e-15,0.06538337871794452,2.864759108287032e-11,True,False,False
resolution,N32,32,2.31,10.074424655013587,2,1,0.008666643981313935,-2.2763423179280183e-20,0.008666643981313935,1.0,-2,0.46756323588687027,2,0.9351264717737398,0.6732473150918982,1.1867512894116326e-15,0.06538337871794452,2.864759108287032e-11,True,False,False
resolution,N32,32,2.31,10.074424655013587,2,2,-0.01274039136401112,1.6344619021339135e-22,0.01274039136401112,1.0,2,0.4994113091492156,2,0.9988226182984307,0.5065768821946193,1.1867512894116326e-15,0.06538337871794452,2.864759108287032e-11,True,False,False
resolution,N32,32,2.31,10.074424655013587,2,3,0.012740391364050772,-1.6344369898179376e-22,0.012740391364050772,1.0,2,0.49941130914929044,2,0.998822618298579,0.5065768821938973,1.1867512894116326e-15,0.06538337871794452,2.864759108287032e-11,True,False,False
resolution,N32,32,2.31,10.074424655013587,2,4,1.473898736170201e-14,-0.01441459043512803,0.01441459043512803,1.0,-6,0.42604198940859633,6,0.8520839788139671,0.8023002408703543,1.1867512894116326e-15,0.06538337871794452,2.864759108287032e-11,True,False,False
resolution,N32,32,2.31,10.074424655013587,2,5,1.4738812006195778e-14,0.01441459043512804,0.01441459043512804,1.0,6,0.42604198940859717,6,0.8520839788139674,0.8023002408703542,1.1867512894116326e-15,0.06538337871794452,2.864759108287032e-11,True,False,False
resolution,N32,32,2.31,10.074424655013587,2,6,-9.069828221797138e-14,0.025676209618373528,0.025676209618373528,1.0,6,0.4995927212104084,6,0.9991854424009051,0.5047667108210517,1.1867512894116326e-15,0.06538337871794452,2.864759108287032e-11,True,False,False
resolution,N32,32,2.31,10.074424655013587,2,7,-9.069307804754345e-14,-0.025676209618373552,0.025676209618373552,1.0,-6,0.4995927212104085,6,0.9991854424009051,0.5047667108210517,1.1867512894116326e-15,0.06538337871794452,2.864759108287032e-11,True,False,False
resolution,N32,32,2.31,10.074424655013587,3,0,2.868403510387471e-14,0.0005113495933287824,0.0005113495933287824,1.0,-1,0.9718852420049144,1,0.9718852420049144,0.10025735140455905,9.831500020567846e-16,0.06538337871794452,2.864759108287032e-11,True,False,False
resolution,N32,32,2.31,10.074424655013587,3,1,-2.1916525845391025e-14,-0.0005113495933355169,0.0005113495933355169,1.0,-1,0.9718852420048442,1,0.9718852420048442,0.10025735140448117,9.831500020567846e-16,0.06538337871794452,2.864759108287032e-11,True,False,False
resolution,N32,32,2.31,10.074424655013587,3,2,-0.007243988231748971,2.548698567562456e-14,0.007243988231748971,1.0,-5,0.7666911236476777,5,0.7666911236476777,0.5150210637356194,9.831500020567846e-16,0.06538337871794452,2.864759108287032e-11,True,False,False
resolution,N32,32,2.31,10.074424655013587,3,3,0.007243988231788353,4.27016421480753e-14,0.007243988231788353,1.0,-5,0.7666911236493963,5,0.7666911236493963,0.5150210637340696,9.831500020567846e-16,0.06538337871794452,2.864759108287032e-11,True,False,False
resolution,N32,32,2.31,10.074424655013587,3,4,-0.019247078210152615,1.3009834229520397e-13,0.019247078210152615,1.0,3,0.6426899837605996,3,0.6426899837605996,0.5731204013762543,9.831500020567846e-16,0.06538337871794452,2.864759108287032e-11,True,False,False
resolution,N32,32,2.31,10.074424655013587,3,5,0.019247078210190116,-1.2464665214684799e-13,0.019247078210190116,1.0,3,0.6426899837607666,3,0.6426899837607666,0.5731204013761029,9.831500020567846e-16,0.06538337871794452,2.864759108287032e-11,True,False,False
resolution,N32,32,2.31,10.074424655013587,3,6,7.070732888081466e-14,0.03865705222752511,0.03865705222752511,1.0,7,0.9840894269237821,7,0.9840894269237821,0.06642773691703707,9.831500020567846e-16,0.06538337871794452,2.864759108287032e-11,True,False,False
resolution,N32,32,2.31,10.074424655013587,3,7,-1.6306400674181987e-15,-0.038657052227577184,0.038657052227577184,1.0,7,0.9840894269238538,7,0.9840894269238538,0.06642773691673523,9.831500020567846e-16,0.06538337871794452,2.864759108287032e-11,True,False,False
resolution,N32,32,2.36,10.59095145243378,0,0,-1.383530071038231e-11,2.914855446943828e-27,1.383530071038231e-11,0.9990978808468121,0,0.9705945377545141,0,0.9705945377545141,0.09511861857375495,6.7945276994786e-16,0.040628422926626606,3.332461476769821e-11,True,False,False
resolution,N32,32,2.36,10.59095145243378,0,1,1.3738448669054589e-11,-1.6212923578968757e-27,1.3738448669054589e-11,0.9991007720195615,0,0.9705919701328811,0,0.9705919701328811,0.09512530477563634,6.7945276994786e-16,0.040628422926626606,3.332461476769821e-11,True,False,False
resolution,N32,32,2.36,10.59095145243378,0,2,0.01063112386452316,-2.3346635871027076e-20,0.01063112386452316,0.998483169195834,4,0.4996294163206926,4,0.9992588326413849,0.43459567438288327,6.7945276994786e-16,0.040628422926626606,3.332461476769821e-11,True,False,False
resolution,N32,32,2.36,10.59095145243378,0,3,-0.010631123864569271,2.334663749405645e-20,0.010631123864569271,0.9984831691959589,-4,0.49962941632071667,4,0.9992588326414328,0.43459567438267377,6.7945276994786e-16,0.040628422926626606,3.332461476769821e-11,True,False,False
resolution,N32,32,2.36,10.59095145243378,0,4,-0.017615044674553725,7.936992268133095e-21,0.017615044674553725,0.9931059973263295,4,0.49844959003752437,4,0.9968991800750477,0.44372870392237224,6.7945276994786e-16,0.040628422926626606,3.332461476769821e-11,True,False,False
resolution,N32,32,2.36,10.59095145243378,0,5,0.017615044674508314,-7.936988162206672e-21,0.017615044674508314,0.9931059973266867,4,0.49844959003753075,4,0.9968991800750604,0.44372870392232633,6.7945276994786e-16,0.040628422926626606,3.332461476769821e-11,True,False,False
resolution,N32,32,2.36,10.59095145243378,0,6,-5.27529409044547e-15,0.05570139815633781,0.05570139815633781,0.9969140300692108,8,0.4988454696499386,8,0.9976909392485876,0.4408195421206831,6.7945276994786e-16,0.040628422926626606,3.332461476769821e-11,True,False,False
resolution,N32,32,2.36,10.59095145243378,0,7,-5.272374710221102e-15,-0.05570139815633778,0.05570139815633778,0.9969140300692105,-8,0.49884546964993626,8,0.9976909392485878,0.4408195421206831,6.7945276994786e-16,0.040628422926626606,3.332461476769821e-11,True,False,False
resolution,N32,32,2.36,10.59095145243378,0,8,-1.1312589641531252e-14,-0.056878898394727505,0.056878898394727505,0.9995591833179223,-8,0.49987747784860215,8,0.999754955680582,0.4320988774294428,6.7945276994786e-16,0.040628422926626606,3.332461476769821e-11,True,False,False
resolution,N32,32,2.36,10.59095145243378,0,9,-1.1345091532888318e-14,0.05687889839472752,0.05687889839472752,0.9995591833179227,8,0.4998774778485974,8,0.999754955680582,0.4320988774294428,6.7945276994786e-16,0.040628422926626606,3.332461476769821e-11,True,False,False
resolution,N32,32,2.36,10.59095145243378,1,0,-6.059881306407326e-14,0.0005441595882971523,0.0005441595882971523,0.953495965026156,1,0.9457669307264657,1,0.9457669307264657,0.17886996326103047,1.0157538551612853e-15,0.040628422926626606,3.332461476769821e-11,True,False,False
resolution,N32,32,2.36,10.59095145243378,1,1,4.2381088384219025e-14,-0.0005441595882704373,0.0005441595882704373,0.9534959650320091,1,0.9457669307356303,1,0.9457669307356303,0.17886996323828938,1.0157538551612853e-15,0.040628422926626606,3.332461476769821e-11,True,False,False
resolution,N32,32,2.36,10.59095145243378,1,2,1.4291981867400413e-14,-0.0027725576397432485,0.0027725576397432485,0.621207732679163,5,0.7031091406804733,5,0.7031091406804733,0.5462181960805309,1.0157538551612853e-15,0.040628422926626606,3.332461476769821e-11,True,False,False
resolution,N32,32,2.36,10.59095145243378,1,3,8.388555513532097e-14,0.0027725576397176627,0.0027725576397176627,0.6212077326781088,5,0.7031091406745722,5,0.7031091406745722,0.5462181960869681,1.0157538551612853e-15,0.040628422926626606,3.332461476769821e-11,True,False,False
resolution,N32,32,2.36,10.59095145243378,1,4,-0.014430417616003947,-3.7686783351650153e-14,0.014430417616003947,0.9530725459540352,-3,0.8241296527549504,3,0.8241296527549504,0.37803674268457416,1.0157538551612853e-15,0.040628422926626606,3.332461476769821e-11,True,False,False
resolution,N32,32,2.36,10.59095145243378,1,5,0.014430417616005409,7.90150911941779e-14,0.014430417616005409,0.9530725459545145,-3,0.8241296527541211,3,0.8241296527541211,0.3780367426859686,1.0157538551612853e-15,0.040628422926626606,3.332461476769821e-11,True,False,False
resolution,N32,32,2.36,10.59095145243378,1,6,-1.935777926842519e-14,-0.04082821754760686,0.04082821754760686,0.9950146342894219,-7,0.9952761733246085,7,0.9952761733246085,0.02405669913803043,1.0157538551612853e-15,0.040628422926626606,3.332461476769821e-11,True,False,False
resolution,N32,32,2.36,10.59095145243378,1,7,2.2898349882893854e-14,0.04082821754762931,0.04082821754762931,0.9950146342893407,-7,0.9952761733247728,7,0.9952761733247728,0.024056699137305737,1.0157538551612853e-15,0.040628422926626606,3.332461476769821e-11,True,False,False
resolution,N32,32,2.36,10.59095145243378,2,0,-0.006379801847145862,-5.1047898303043335e-21,0.006379801847145862,0.969664966737419,-2,0.496425987732845,2,0.9928519754656897,0.5306141534761268,1.1955512656753411e-15,0.040628422926626606,3.332461476769821e-11,True,False,False
resolution,N32,32,2.36,10.59095145243378,2,1,0.006379801847006189,5.1047886720922375e-21,0.006379801847006189,0.9696649667374144,2,0.49642598773294155,2,0.992851975465883,0.5306141534754389,1.1955512656753411e-15,0.040628422926626606,3.332461476769821e-11,True,False,False
resolution,N32,32,2.36,10.59095145243378,2,2,-0.011349451992967718,-2.1598456666215455e-22,0.011349451992967718,0.9904767473424768,-2,0.49959421476017274,2,0.999188429520344,0.5047513821626668,1.1955512656753411e-15,0.040628422926626606,3.332461476769821e-11,True,False,False
resolution,N32,32,2.36,10.59095145243378,2,3,0.011349451992865684,2.1598254581584506e-22,0.011349451992865684,0.9904767473407142,-2,0.49959421476017213,2,0.9991884295203424,0.504751382162675,1.1955512656753411e-15,0.040628422926626606,3.332461476769821e-11,True,False,False
resolution,N32,32,2.36,10.59095145243378,2,4,-1.0995308444659432e-14,-0.021703086138966553,0.021703086138966553,0.9355022885039671,6,0.4835350644819445,6,0.9670701289547468,0.6044393148846393,1.1955512656753411e-15,0.040628422926626606,3.332461476769821e-11,True,False,False
resolution,N32,32,2.36,10.59095145243378,2,5,-1.09884161231949e-14,0.02170308613896655,0.02170308613896655,0.9355022885039673,-6,0.4835350644819457,6,0.9670701289547469,0.6044393148846393,1.1955512656753411e-15,0.040628422926626606,3.332461476769821e-11,True,False,False
resolution,N32,32,2.36,10.59095145243378,2,6,-1.3725132141928498e-14,0.026410547755199576,0.026410547755199576,0.9991233121854665,6,0.4996871089512439,6,0.9993742178984499,0.5037810679244697,1.1955512656753411e-15,0.040628422926626606,3.332461476769821e-11,True,False,False
resolution,N32,32,2.36,10.59095145243378,2,7,-1.3708671053972066e-14,-0.02641054775519958,0.02641054775519958,0.9991233121854662,-6,0.49968710895124424,6,0.9993742178984499,0.5037810679244697,1.1955512656753411e-15,0.040628422926626606,3.332461476769821e-11,True,False,False
resolution,N32,32,2.36,10.59095145243378,3,0,-6.059530892353259e-14,-0.0005441595882971494,0.0005441595882971494,0.9534959650261564,-1,0.9457669307264661,1,0.9457669307264661,0.17886996326102933,9.797760671065442e-16,0.040628422926626606,3.332461476769821e-11,True,False,False
resolution,N32,32,2.36,10.59095145243378,3,1,4.238417522933204e-14,0.0005441595882704345,0.0005441595882704345,0.9534959650320095,-1,0.9457669307356305,1,0.9457669307356305,0.17886996323828908,9.797760671065442e-16,0.040628422926626606,3.332461476769821e-11,True,False,False
resolution,N32,32,2.36,10.59095145243378,3,2,1.429025264235017e-14,0.0027725576397432464,0.0027725576397432464,0.6212077326791643,-5,0.7031091406804734,5,0.7031091406804734,0.5462181960805308,9.797760671065442e-16,0.040628422926626606,3.332461476769821e-11,True,False,False
resolution,N32,32,2.36,10.59095145243378,3,3,8.388174604084764e-14,-0.0027725576397176657,0.0027725576397176657,0.6212077326781085,-5,0.7031091406745721,5,0.7031091406745721,0.5462181960869682,9.797760671065442e-16,0.040628422926626606,3.332461476769821e-11,True,False,False
resolution,N32,32,2.36,10.59095145243378,3,4,-0.014430417616003942,3.768997887926446e-14,0.014430417616003942,0.9530725459540337,3,0.8241296527549513,3,0.8241296527549513,0.3780367426845731,9.797760671065442e-16,0.040628422926626606,3.332461476769821e-11,True,False,False
resolution,N32,32,2.36,10.59095145243378,3,5,0.014430417616005406,-7.901875084436442e-14,0.014430417616005406,0.9530725459545139,3,0.8241296527541211,3,0.8241296527541211,0.37803674268596865,9.797760671065442e-16,0.040628422926626606,3.332461476769821e-11,True,False,False
resolution,N32,32,2.36,10.59095145243378,3,6,-1.933696258671347e-14,0.04082821754760689,0.04082821754760689,0.9950146342894215,7,0.9952761733246085,7,0.9952761733246085,0.02405669913803038,9.797760671065442e-16,0.040628422926626606,3.332461476769821e-11,True,False,False
resolution,N32,32,2.36,10.59095145243378,3,7,2.290528877679776e-14,-0.04082821754762931,0.04082821754762931,0.99501463428934,7,0.9952761733247728,7,0.9952761733247728,0.024056699137305654,9.797760671065442e-16,0.040628422926626606,3.332461476769821e-11,True,False,False
resolution,N32,32,2.41,11.133961145065307,0,0,-1.5144126933775183e-11,-2.9172869753672857e-27,1.5144126933775183e-11,0.9983667344564985,0,0.9826113627445052,0,0.9826113627445052,0.06197934737487473,6.727125903052696e-16,0.025479997755611702,4.8021113028883365e-11,True,True,True
resolution,N32,32,2.41,11.133961145065307,0,1,1.5043918493659487e-11,1.425010527224131e-26,1.5043918493659487e-11,0.9983660192950709,0,0.9826098695020012,0,0.9826098695020012,0.06198373382173109,6.727125903052696e-16,0.025479997755611702,4.8021113028883365e-11,True,True,True
resolution,N32,32,2.41,11.133961145065307,0,2,0.010086217989530513,7.435181757910564e-20,0.010086217989530513,0.999266349039036,4,0.49983378365632025,4,0.9996675673126394,0.43261189206055706,6.727125903052696e-16,0.025479997755611702,4.8021113028883365e-11,True,True,True
resolution,N32,32,2.41,11.133961145065307,0,3,-0.010086217989517983,-7.435182155089521e-20,0.010086217989517983,0.9992663490388991,-4,0.4998337836563373,4,0.9996675673126725,0.43261189206038986,6.727125903052696e-16,0.025479997755611702,4.8021113028883365e-11,True,True,True
resolution,N32,32,2.41,11.133961145065307,0,4,-0.014544215146329864,-4.9341916607527047e-20,0.014544215146329864,0.9961475818170178,-4,0.4994926930229697,4,0.9989853860459379,0.43565226025681336,6.727125903052696e-16,0.025479997755611702,4.8021113028883365e-11,True,True,True
resolution,N32,32,2.41,11.133961145065307,0,5,0.014544215146338173,4.934192065337042e-20,0.014544215146338173,0.9961475818167951,-4,0.4994926930229896,4,0.9989853860459759,0.43565226025665055,6.727125903052696e-16,0.025479997755611702,4.8021113028883365e-11,True,True,True
resolution,N32,32,2.41,11.133961145065307,0,6,2.5977484052752686e-14,0.05704685016982174,0.05704685016982174,0.9990659268655563,8,0.49963863133041264,8,0.9992772626360255,0.43437328257837154,6.727125903052696e-16,0.025479997755611702,4.8021113028883365e-11,True,True,True
resolution,N32,32,2.41,11.133961145065307,0,7,2.5974042293849794e-14,-0.05704685016982171,0.05704685016982171,0.9990659268655561,-8,0.49963863133066366,8,0.9992772626360256,0.43437328257837154,6.727125903052696e-16,0.025479997755611702,4.8021113028883365e-11,True,True,True
resolution,N32,32,2.41,11.133961145065307,0,8,4.115990116652721e-14,-0.057529120949829114,0.057529120949829114,0.9997465333549973,-8,0.49993522700528675,8,0.9998704539795064,0.4314786494870571,6.727125903052696e-16,0.025479997755611702,4.8021113028883365e-11,True,True,True
resolution,N32,32,2.41,11.133961145065307,0,9,4.1168457531881586e-14,0.05752912094982917,0.05752912094982917,0.9997465333549973,8,0.4999352270054863,8,0.9998704539795064,0.4314786494870571,6.727125903052696e-16,0.025479997755611702,4.8021113028883365e-11,True,True,True
resolution,N32,32,2.41,11.133961145065307,1,0,3.5738212688189494e-14,0.0002519571714253129,0.0002519571714253129,0.9744037312436312,1,0.9860612834529315,1,0.9860612834529315,0.05612539100219758,9.71643990985059e-16,0.025479997755611702,4.8021113028883365e-11,True,True,True
resolution,N32,32,2.41,11.133961145065307,1,1,-2.2793031532737545e-14,-0.00025195717141585344,0.00025195717141585344,0.9744037312502268,1,0.9860612834529744,1,0.9860612834529744,0.05612539100186808,9.71643990985059e-16,0.025479997755611702,4.8021113028883365e-11,True,True,True
resolution,N32,32,2.41,11.133961145065307,1,2,-6.521960805965646e-14,-0.007620152634221407,0.007620152634221407,0.8335240750187223,5,0.9548005676079849,5,0.9548005676079849,0.15800745761049156,9.71643990985059e-16,0.025479997755611702,4.8021113028883365e-11,True,True,True
resolution,N32,32,2.41,11.133961145065307,1,3,-4.631856998260702e-14,0.007620152634261435,0.007620152634261435,0.8335240750145716,5,0.9548005676091538,5,0.9548005676091538,0.1580074576074303,9.71643990985059e-16,0.025479997755611702,4.8021113028883365e-11,True,True,True
resolution,N32,32,2.41,11.133961145065307,1,4,-0.011669998544092411,-3.7205281783863904e-14,0.011669998544092411,0.9671634764601174,-3,0.9377570231370393,3,0.9377570231370393,0.18309191576165276,9.71643990985059e-16,0.025479997755611702,4.8021113028883365e-11,True,True,True
resolution,N32,32,2.41,11.133961145065307,1,5,0.011669998544087427,-1.6090885769896988e-14,0.011669998544087427,0.9671634764592387,-3,0.9377570231378896,3,0.9377570231378896,0.18309191575984113,9.71643990985059e-16,0.025479997755611702,4.8021113028883365e-11,True,True,True
resolution,N32,32,2.41,11.133961145065307,1,6,4.5551897304551356e-14,-0.04199374575803865,0.04199374575803865,0.9983713456765311,-7,0.9985438901612587,7,0.9985438901612587,0.008645242067073853,9.71643990985059e-16,0.025479997755611702,4.8021113028883365e-11,True,True,True
resolution,N32,32,2.41,11.133961145065307,1,7,-3.659572644920672e-14,0.04199374575799823,0.04199374575799823,0.9983713456765066,-7,0.9985438901612876,7,0.9985438901612876,0.008645242066919835,9.71643990985059e-16,0.025479997755611702,4.8021113028883365e-11,True,True,True
resolution,N32,32,2.41,11.133961145065307,2,0,-0.004977418358293187,2.7158373977478056e-21,0.004977418358293187,0.9975293415161955,-2,0.49926177890402407,2,0.9985235578080474,0.5080062210595954,1.2570626399101831e-15,0.025479997755611702,4.8021113028883365e-11,True,True,True
resolution,N32,32,2.41,11.133961145065307,2,1,0.004977418358246978,-2.715838140624334e-21,0.004977418358246978,0.9975293415163321,2,0.49926177890404194,2,0.9985235578080831,0.5080062210594273,1.2570626399101831e-15,0.025479997755611702,4.8021113028883365e-11,True,True,True
resolution,N32,32,2.41,11.133961145065307,2,2,-0.00969975505599446,1.213763320377924e-21,0.00969975505599446,0.9888711721923448,2,0.49975899144030056,2,0.9995179828805966,0.5030032017038283,1.2570626399101831e-15,0.025479997755611702,4.8021113028883365e-11,True,True,True
resolution,N32,32,2.41,11.133961145065307,2,3,0.009699755056022098,-1.2137622019341458e-21,0.009699755056022098,0.9888711721938003,2,0.49975899144031355,2,0.9995179828806268,0.5030032017036612,1.2570626399101831e-15,0.025479997755611702,4.8021113028883365e-11,True,True,True
resolution,N32,32,2.41,11.133961145065307,2,4,-2.4094225955482807e-14,-0.024768196261902044,0.024768196261902044,0.9884282756907782,-6,0.49513725012696286,6,0.9902745002510767,0.539483917566037,1.2570626399101831e-15,0.025479997755611702,4.8021113028883365e-11,True,True,True
resolution,N32,32,2.41,11.133961145065307,2,5,-2.4084683900027493e-14,0.02476819626190204,0.02476819626190204,0.9884282756907782,6,0.49513725012695364,6,0.9902745002510766,0.539483917566037,1.2570626399101831e-15,0.025479997755611702,4.8021113028883365e-11,True,True,True
resolution,N32,32,2.41,11.133961145065307,2,6,1.0883655088278488e-14,0.026924786099947307,0.026924786099947307,0.9993545410602139,-6,0.4998283918702742,6,0.9996567837404333,0.5022225040814443,1.2570626399101831e-15,0.025479997755611702,4.8021113028883365e-11,True,True,True
resolution,N32,32,2.41,11.133961145065307,2,7,1.0890471412578591e-14,-0.02692478609994731,0.02692478609994731,0.9993545410602139,6,0.4998283918702892,6,0.9996567837404333,0.5022225040814443,1.2570626399101831e-15,0.025479997755611702,4.8021113028883365e-11,True,True,True
resolution,N32,32,2.41,11.133961145065307,3,0,3.573847132719679e-14,-0.00025195717142530735,0.00025195717142530735,0.9744037312436314,-1,0.9860612834529318,1,0.9860612834529318,0.05612539100219712,9.605416708879402e-16,0.025479997755611702,4.8021113028883365e-11,True,True,True
resolution,N32,32,2.41,11.133961145065307,3,1,-2.2792824425221445e-14,0.000251957171415848,0.000251957171415848,0.9744037312502273,-1,0.9860612834529744,1,0.9860612834529744,0.056125391001867975,9.605416708879402e-16,0.025479997755611702,4.8021113028883365e-11,True,True,True
resolution,N32,32,2.41,11.133961145065307,3,2,-6.522362459644077e-14,0.007620152634221416,0.007620152634221416,0.8335240750187223,-5,0.9548005676079848,5,0.9548005676079848,0.1580074576104917,9.605416708879402e-16,0.025479997755611702,4.8021113028883365e-11,True,True,True
resolution,N32,32,2.41,11.133961145065307,3,3,-4.6321636006198756e-14,-0.007620152634261448,0.007620152634261448,0.8335240750145717,-5,0.9548005676091538,5,0.9548005676091538,0.15800745760743015,9.605416708879402e-16,0.025479997755611702,4.8021113028883365e-11,True,True,True
resolution,N32,32,2.41,11.133961145065307,3,4,-0.011669998544092416,3.7204920222893204e-14,0.011669998544092416,0.9671634764601178,3,0.9377570231370388,3,0.9377570231370388,0.18309191576165368,9.605416708879402e-16,0.025479997755611702,4.8021113028883365e-11,True,True,True
resolution,N32,32,2.41,11.133961145065307,3,5,0.01166999854408749,1.60919365709837e-14,0.01166999854408749,0.9671634764592385,3,0.9377570231378892,3,0.9377570231378892,0.18309191575984168,9.605416708879402e-16,0.025479997755611702,4.8021113028883365e-11,True,True,True
resolution,N32,32,2.41,11.133961145065307,3,6,4.557397703986478e-14,0.041993745758038596,0.041993745758038596,0.9983713456765315,7,0.9985438901612587,7,0.9985438901612587,0.008645242067073833,9.605416708879402e-16,0.025479997755611702,4.8021113028883365e-11,True,True,True
resolution,N32,32,2.41,11.133961145065307,3,7,-3.6540215297975465e-14,-0.041993745757998205,0.041993745757998205,0.9983713456765066,7,0.9985438901612876,7,0.9985438901612876,0.00864524206691979,9.605416708879402e-16,0.025479997755611702,4.8021113028883365e-11,True,True,True
resolution,N32,32,2.46,11.704811539980854,0,0,-1.541032250967047e-11,3.2310156428123417e-27,1.541032250967047e-11,0.9986900246936191,0,0.9908017811615463,0,0.9908017811615463,0.03644746341920345,6.782229952146379e-16,0.01613954603117969,4.132309558525114e-11,True,True,True
resolution,N32,32,2.46,11.704811539980854,0,1,1.5463134735297804e-11,-1.7941694094178793e-27,1.5463134735297804e-11,0.998688009766743,0,0.9908021835911317,0,0.9908021835911317,0.036446120008033926,6.782229952146379e-16,0.01613954603117969,4.132309558525114e-11,True,True,True
resolution,N32,32,2.46,11.704811539980854,0,2,0.009555751425124642,3.298501184337911e-20,0.009555751425124642,0.9997076399434882,-4,0.4999249319630512,4,0.9998498639261001,0.4316268869014399,6.782229952146379e-16,0.01613954603117969,4.132309558525114e-11,True,True,True
resolution,N32,32,2.46,11.704811539980854,0,3,-0.009555751425195992,-3.2985012940467884e-20,0.009555751425195992,0.999707639943574,-4,0.4999249319630693,4,0.9998498639261348,0.431626886901248,6.782229952146379e-16,0.01613954603117969,4.132309558525114e-11,True,True,True
resolution,N32,32,2.46,11.704811539980854,0,4,-0.012421119353046172,-4.7466764796626456e-20,0.012421119353046172,0.9976766134309405,4,0.49982560128255216,4,0.9996512025650997,0.43261855263993865,6.782229952146379e-16,0.01613954603117969,4.132309558525114e-11,True,True,True
resolution,N32,32,2.46,11.704811539980854,0,5,0.012421119353033612,4.7466760364548604e-20,0.012421119353033612,0.9976766134310048,4,0.49982560128254117,4,0.9996512025650806,0.4326185526400328,6.782229952146379e-16,0.01613954603117969,4.132309558525114e-11,True,True,True
resolution,N32,32,2.46,11.704811539980854,0,6,-3.272917856340999e-15,0.05772933184992155,0.05772933184992155,0.9996796656202745,-8,0.4998791935260871,8,0.9997583870082034,0.4320769094976415,6.782229952146379e-16,0.01613954603117969,4.132309558525114e-11,True,True,True
resolution,N32,32,2.46,11.704811539980854,0,7,-3.271688475692258e-15,-0.05772933184992157,0.05772933184992157,0.9996796656202743,8,0.4998791935269842,8,0.9997583870082034,0.4320769094976415,6.782229952146379e-16,0.01613954603117969,4.132309558525114e-11,True,True,True
resolution,N32,32,2.46,11.704811539980854,0,8,-6.813993813636898e-15,-0.05792763183116505,0.05792763183116505,0.9998644201588183,8,0.49996807145571215,8,0.9999361426513409,0.43109975076168944,6.782229952146379e-16,0.01613954603117969,4.132309558525114e-11,True,True,True
resolution,N32,32,2.46,11.704811539980854,0,9,-6.805337508295805e-15,0.057927631831165005,0.057927631831165005,0.9998644201588187,-8,0.4999680714566801,8,0.9999361426513408,0.4310997507616895,6.782229952146379e-16,0.01613954603117969,4.132309558525114e-11,True,True,True
resolution,N32,32,2.46,11.704811539980854,1,0,-1.170574157701069e-14,0.0001532532957836368,0.0001532532957836368,0.9991098977095906,1,0.9916477699346846,1,0.9916477699346846,0.03611597525115684,9.53006103597338e-16,0.01613954603117969,4.132309558525114e-11,True,True,True
resolution,N32,32,2.46,11.704811539980854,1,1,1.670703020795885e-14,-0.0001532532957854616,0.0001532532957854616,0.9991098977094991,1,0.9916477699347828,1,0.9916477699347828,0.03611597525064959,9.53006103597338e-16,0.01613954603117969,4.132309558525114e-11,True,True,True
resolution,N32,32,2.46,11.704811539980854,1,2,3.2625518674545766e-14,-0.009678846961465733,0.009678846961465733,0.9850521636071321,5,0.984877148824802,5,0.984877148824802,0.06428120687018263,9.53006103597338e-16,0.01613954603117969,4.132309558525114e-11,True,True,True
resolution,N32,32,2.46,11.704811539980854,1,3,2.7020028212074942e-14,0.009678846961490675,0.009678846961490675,0.9850521636070642,5,0.9848771488258896,5,0.9848771488258896,0.06428120686654078,9.53006103597338e-16,0.01613954603117969,4.132309558525114e-11,True,True,True
resolution,N32,32,2.46,11.704811539980854,1,4,-0.009990329880585298,-2.445963920071332e-14,0.009990329880585298,0.9877290630717822,-3,0.9800776934966736,3,0.9800776934966736,0.07567790530475228,9.53006103597338e-16,0.01613954603117969,4.132309558525114e-11,True,True,True
resolution,N32,32,2.46,11.704811539980854,1,5,0.009990329880619995,-2.7372670138875624e-14,0.009990329880619995,0.9877290630723128,-3,0.9800776934964437,3,0.9800776934964437,0.07567790530543529,9.53006103597338e-16,0.01613954603117969,4.132309558525114e-11,True,True,True
resolution,N32,32,2.46,11.704811539980854,1,6,-3.220340660803345e-14,-0.042643268378346526,0.042643268378346526,0.9994328824685695,-7,0.9995209359826436,7,0.9995209359826436,0.0032081931765455506,9.53006103597338e-16,0.01613954603117969,4.132309558525114e-11,True,True,True
resolution,N32,32,2.46,11.704811539980854,1,7,1.1151453024882407e-14,0.04264326837841437,0.04264326837841437,0.9994328824686213,-7,0.9995209359826723,7,0.9995209359826723,0.0032081931763798055,9.53006103597338e-16,0.01613954603117969,4.132309558525114e-11,True,True,True
resolution,N32,32,2.46,11.704811539980854,2,0,-0.0037792212116913274,4.566635940284196e-22,0.0037792212116913274,0.9988441921737501,-2,0.49980993744965535,2,0.9996198748993097,0.5024334960623796,1.2466643922766899e-15,0.01613954603117969,4.132309558525114e-11,True,True,True
resolution,N32,32,2.46,11.704811539980854,2,1,0.003779221211694463,-4.566638153540049e-22,0.003779221211694463,0.9988441921738245,2,0.499809937449656,2,0.9996198748993119,0.5024334960623671,1.2466643922766899e-15,0.01613954603117969,4.132309558525114e-11,True,True,True
resolution,N32,32,2.46,11.704811539980854,2,2,-0.008091547789468016,3.362365871171088e-22,0.008091547789468016,0.9893353597708533,2,0.49987433989695207,2,0.999748679793904,0.5016839332735207,1.2466643922766899e-15,0.01613954603117969,4.132309558525114e-11,True,True,True
resolution,N32,32,2.46,11.704811539980854,2,3,0.008091547789446579,-3.3623663728561073e-22,0.008091547789446579,0.9893353597703133,-2,0.4998743398969329,2,0.9997486797938657,0.5016839332737492,1.2466643922766899e-15,0.01613954603117969,4.132309558525114e-11,True,True,True
resolution,N32,32,2.46,11.704811539980854,2,4,2.823838142404501e-14,-0.026273935294995308,0.026273935294995308,0.9968645996029825,-6,0.498346450881341,6,0.9966929017438619,0.5160072240279884,1.2466643922766899e-15,0.01613954603117969,4.132309558525114e-11,True,True,True
resolution,N32,32,2.46,11.704811539980854,2,5,2.823912978455745e-14,0.02627393529499531,0.02627393529499531,0.9968645996029822,6,0.49834645088136365,6,0.9966929017438618,0.5160072240279884,1.2466643922766899e-15,0.01613954603117969,4.132309558525114e-11,True,True,True
resolution,N32,32,2.46,11.704811539980854,2,6,-3.272729309777844e-14,0.02730185695555643,0.02730185695555643,0.9996024247050165,6,0.49991597137643906,6,0.9998319427238941,0.5011748323852719,1.2466643922766899e-15,0.01613954603117969,4.132309558525114e-11,True,True,True
resolution,N32,32,2.46,11.704811539980854,2,7,-3.273457701914972e-14,-0.027301856955556442,0.027301856955556442,0.9996024247050156,-6,0.4999159713764693,6,0.9998319427238941,0.5011748323852719,1.2466643922766899e-15,0.01613954603117969,4.132309558525114e-11,True,True,True
resolution,N32,32,2.46,11.704811539980854,3,0,-1.1705959905317478e-14,-0.00015325329578365005,0.00015325329578365005,0.999109897709591,-1,0.9916477699346847,1,0.9916477699346847,0.036115975251157,9.70682143528933e-16,0.01613954603117969,4.132309558525114e-11,True,True,True
resolution,N32,32,2.46,11.704811539980854,3,1,1.6706846995667082e-14,0.00015325329578547484,0.00015325329578547484,0.9991098977094995,-1,0.9916477699347829,1,0.9916477699347829,0.036115975250649725,9.70682143528933e-16,0.01613954603117969,4.132309558525114e-11,True,True,True
resolution,N32,32,2.46,11.704811539980854,3,2,3.2624226403823653e-14,0.009678846961465726,0.009678846961465726,0.9850521636071321,-5,0.9848771488248023,5,0.9848771488248023,0.06428120687018173,9.70682143528933e-16,0.01613954603117969,4.132309558525114e-11,True,True,True
resolution,N32,32,2.46,11.704811539980854,3,3,2.7021967048700215e-14,-0.009678846961490666,0.009678846961490666,0.9850521636070646,-5,0.98487714882589,5,0.98487714882589,0.0642812068665398,9.70682143528933e-16,0.01613954603117969,4.132309558525114e-11,True,True,True
resolution,N32,32,2.46,11.704811539980854,3,4,-0.00999032988058532,2.4459705337296123e-14,0.00999032988058532,0.987729063071782,3,0.9800776934966735,3,0.9800776934966735,0.07567790530475253,9.70682143528933e-16,0.01613954603117969,4.132309558525114e-11,True,True,True
resolution,N32,32,2.46,11.704811539980854,3,5,0.00999032988062002,2.737551508888398e-14,0.00999032988062002,0.9877290630723128,3,0.9800776934964437,3,0.9800776934964437,0.07567790530543536,9.70682143528933e-16,0.01613954603117969,4.132309558525114e-11,True,True,True
resolution,N32,32,2.46,11.704811539980854,3,6,-3.2161773244610004e-14,0.042643268378346436,0.042643268378346436,0.9994328824685698,7,0.9995209359826436,7,0.9995209359826436,0.0032081931765454825,9.70682143528933e-16,0.01613954603117969,4.132309558525114e-11,True,True,True
resolution,N32,32,2.46,11.704811539980854,3,7,1.1149067780102939e-14,-0.042643268378414326,0.042643268378414326,0.9994328824686215,7,0.9995209359826722,7,0.9995209359826722,0.0032081931763798177,9.70682143528933e-16,0.01613954603117969,4.132309558525114e-11,True,True,True
resolution,N32,32,2.51,12.30493006051041,0,0,-1.5229417466917624e-11,-8.832570810986801e-28,1.5229417466917624e-11,0.999184554489379,0,0.9954464430988212,0,0.9954464430988212,0.02003900918414952,6.501317189951314e-16,0.010325719269321215,4.9753295806093224e-11,True,True,True
resolution,N32,32,2.51,12.30493006051041,0,1,1.5210747674295712e-11,3.001102967413642e-27,1.5210747674295712e-11,0.9991836400844468,0,0.9954463986157233,0,0.9954463986157233,0.020039177240434868,6.501317189951314e-16,0.010325719269321215,4.9753295806093224e-11,True,True,True
resolution,N32,32,2.51,12.30493006051041,0,2,0.009097378075227197,1.1638866822798222e-20,0.009097378075227197,0.9999038577746551,-4,0.4999660098557175,4,0.9999320197114334,0.4311407433356179,6.501317189951314e-16,0.010325719269321215,4.9753295806093224e-11,True,True,True
resolution,N32,32,2.51,12.30493006051041,0,3,-0.009097378075353454,-1.1638862676765208e-20,0.009097378075353454,0.9999038577747195,-4,0.49996600985570905,4,0.9999320197114133,0.4311407433357407,6.501317189951314e-16,0.010325719269321215,4.9753295806093224e-11,True,True,True
resolution,N32,32,2.51,12.30493006051041,0,4,-0.010941319952962627,-1.2168749934488455e-20,0.010941319952962627,0.9986059007352932,4,0.49993752704087213,4,0.9998750540817398,0.43145192550567174,6.501317189951314e-16,0.010325719269321215,4.9753295806093224e-11,True,True,True
resolution,N32,32,2.51,12.30493006051041,0,5,0.010941319952825858,1.2168754226771453e-20,0.010941319952825858,0.9986059007358147,4,0.499937527040876,4,0.9998750540817507,0.43145192550561096,6.501317189951314e-16,0.010325719269321215,4.9753295806093224e-11,True,True,True
resolution,N32,32,2.51,12.30493006051041,0,6,-1.103596177144757e-14,0.05809848062855452,0.05809848062855452,0.999877138909964,-8,0.4999572733208363,8,0.999914546455464,0.43122702304242244,6.501317189951314e-16,0.010325719269321215,4.9753295806093224e-11,True,True,True
resolution,N32,32,2.51,12.30493006051041,0,7,-1.103457603068847e-14,-0.05809848062855453,0.05809848062855453,0.9998771389099635,8,0.49995727332223266,8,0.9999145464554638,0.43122702304242244,6.501317189951314e-16,0.010325719269321215,4.9753295806093224e-11,True,True,True
resolution,N32,32,2.51,12.30493006051041,0,8,1.654926196081874e-14,-0.05818041043043881,0.05818041043043881,0.9999296771148765,8,0.49998481608392803,8,0.9999696313606627,0.4308917814896631,6.501317189951314e-16,0.010325719269321215,4.9753295806093224e-11,True,True,True
resolution,N32,32,2.51,12.30493006051041,0,9,1.6558400435808752e-14,0.05818041043043872,0.05818041043043872,0.9999296771148765,-8,0.499984816085397,8,0.9999696313606629,0.4308917814896632,6.501317189951314e-16,0.010325719269321215,4.9753295806093224e-11,True,True,True
resolution,N32,32,2.51,12.30493006051041,1,0,-1.4662829210899896e-14,9.37771016850223e-05,9.37771016850223e-05,0.9994616769936083,1,0.9950889211241848,1,0.9950889211241848,0.022960559607566062,9.73469084900959e-16,0.010325719269321215,4.9753295806093224e-11,True,True,True
resolution,N32,32,2.51,12.30493006051041,1,1,1.0620523920411576e-14,-9.377710168658357e-05,9.377710168658357e-05,0.9994616769936618,1,0.995088921124227,1,0.995088921124227,0.022960559607409125,9.73469084900959e-16,0.010325719269321215,4.9753295806093224e-11,True,True,True
resolution,N32,32,2.51,12.30493006051041,1,2,8.213879994357168e-15,-0.010834252072472326,0.010834252072472326,0.995153776982424,5,0.9945507581635654,5,0.9945507581635654,0.02701009775685103,9.73469084900959e-16,0.010325719269321215,4.9753295806093224e-11,True,True,True
resolution,N32,32,2.51,12.30493006051041,1,3,2.89982724569879e-14,0.010834252072459399,0.010834252072459399,0.9951537769827103,5,0.9945507581637275,5,0.9945507581637275,0.027010097756215854,9.73469084900959e-16,0.010325719269321215,4.9753295806093224e-11,True,True,True
resolution,N32,32,2.51,12.30493006051041,1,4,-0.008875757548780616,-4.1624211739054294e-14,0.008875757548780616,0.9961008346343673,-3,0.9935078269935663,3,0.9935078269935663,0.030144584972187166,9.73469084900959e-16,0.010325719269321215,4.9753295806093224e-11,True,True,True
resolution,N32,32,2.51,12.30493006051041,1,5,0.008875757548819783,3.25635738510596e-14,0.008875757548819783,0.9961008346343917,-3,0.9935078269934654,3,0.9935078269934654,0.03014458497268775,9.73469084900959e-16,0.010325719269321215,4.9753295806093224e-11,True,True,True
resolution,N32,32,2.51,12.30493006051041,1,6,-9.103828801926284e-15,-0.04302335472798588,0.04302335472798588,0.9997818530127277,-7,0.9998312321667377,7,0.9998312321667377,0.0012456071370878143,9.73469084900959e-16,0.010325719269321215,4.9753295806093224e-11,True,True,True
resolution,N32,32,2.51,12.30493006051041,1,7,-1.9748092050519972e-14,0.043023354727955584,0.043023354727955584,0.9997818530127075,-7,0.9998312321667422,7,0.9998312321667422,0.0012456071370575753,9.73469084900959e-16,0.010325719269321215,4.9753295806093224e-11,True,True,True
resolution,N32,32,2.51,12.30493006051041,2,0,-0.0026245348393579802,-4.507792846823696e-22,0.0026245348393579802,0.9983350115385042,2,0.49994573651708046,2,0.9998914730341599,0.5007929129661618,1.2881624239774223e-15,0.010325719269321215,4.9753295806093224e-11,True,True,True
resolution,N32,32,2.51,12.30493006051041,2,1,0.0026245348393142244,4.50779322881852e-22,0.0026245348393142244,0.99833501153834,-2,0.4999457365170732,2,0.9998914730341464,0.5007929129662503,1.2881624239774223e-15,0.010325719269321215,4.9753295806093224e-11,True,True,True
resolution,N32,32,2.51,12.30493006051041,2,2,-0.006612354582749808,-2.4683762310809157e-22,0.006612354582749808,0.9906564330416495,-2,0.49993946340081585,2,0.9998789268016286,0.5008750226737851,1.2881624239774223e-15,0.010325719269321215,4.9753295806093224e-11,True,True,True
resolution,N32,32,2.51,12.30493006051041,2,3,0.006612354582654074,2.468374555731337e-22,0.006612354582654074,0.9906564330409332,2,0.4999394634008164,2,0.9998789268016313,0.5008750226737672,1.2881624239774223e-15,0.010325719269321215,4.9753295806093224e-11,True,True,True
resolution,N32,32,2.51,12.30493006051041,2,4,-2.685612149333494e-14,-0.02707964917289047,0.02707964917289047,0.99894887419783,6,0.4993926240743715,6,0.9987852481248074,0.5067582362544917,1.2881624239774223e-15,0.010325719269321215,4.9753295806093224e-11,True,True,True
resolution,N32,32,2.51,12.30493006051041,2,5,-2.6851708903441354e-14,0.02707964917289047,0.02707964917289047,0.9989488741978302,-6,0.49939262407426815,6,0.9987852481248074,0.5067582362544916,1.2881624239774223e-15,0.010325719269321215,4.9753295806093224e-11,True,True,True
resolution,N32,32,2.51,12.30493006051041,2,6,1.0751743594230655e-14,0.027580773844493967,0.027580773844493967,0.9997734970850067,-6,0.4999604759379293,6,0.999920951872368,0.5005956097452899,1.2881624239774223e-15,0.010325719269321215,4.9753295806093224e-11,True,True,True
resolution,N32,32,2.51,12.30493006051041,2,7,1.0737938316296436e-14,-0.027580773844494005,0.027580773844494005,0.9997734970850063,6,0.49996047593782644,6,0.9999209518723678,0.5005956097452898,1.2881624239774223e-15,0.010325719269321215,4.9753295806093224e-11,True,True,True
resolution,N32,32,2.51,12.30493006051041,3,0,-1.4663739848321315e-14,-9.377710168501754e-05,9.377710168501754e-05,0.9994616769936081,-1,0.9950889211241847,1,0.9950889211241847,0.022960559607566464,9.74140436060196e-16,0.010325719269321215,4.9753295806093224e-11,True,True,True
resolution,N32,32,2.51,12.30493006051041,3,1,1.0619610158347227e-14,9.377710168657891e-05,9.377710168657891e-05,0.9994616769936618,-1,0.9950889211242269,1,0.9950889211242269,0.022960559607409545,9.74140436060196e-16,0.010325719269321215,4.9753295806093224e-11,True,True,True
resolution,N32,32,2.51,12.30493006051041,3,2,8.211090049723659e-15,0.010834252072472336,0.010834252072472336,0.9951537769824247,-5,0.9945507581635653,5,0.9945507581635653,0.027010097756850832,9.74140436060196e-16,0.010325719269321215,4.9753295806093224e-11,True,True,True
resolution,N32,32,2.51,12.30493006051041,3,3,2.8996611878617146e-14,-0.01083425207245941,0.01083425207245941,0.9951537769827106,-5,0.9945507581637276,5,0.9945507581637276,0.027010097756215525,9.74140436060196e-16,0.010325719269321215,4.9753295806093224e-11,True,True,True
resolution,N32,32,2.51,12.30493006051041,3,4,-0.00887575754878064,4.1624116393112e-14,0.00887575754878064,0.9961008346343673,3,0.9935078269935664,3,0.9935078269935664,0.030144584972186878,9.74140436060196e-16,0.010325719269321215,4.9753295806093224e-11,True,True,True
resolution,N32,32,2.51,12.30493006051041,3,5,0.008875757548819758,-3.2563233582987717e-14,0.008875757548819758,0.9961008346343926,3,0.9935078269934652,3,0.9935078269934652,0.030144584972688057,9.74140436060196e-16,0.010325719269321215,4.9753295806093224e-11,True,True,True
resolution,N32,32,2.51,12.30493006051041,3,6,-9.096889908022376e-15,0.04302335472798591,0.04302335472798591,0.999781853012727,7,0.9998312321667379,7,0.9998312321667379,0.0012456071370877543,9.74140436060196e-16,0.010325719269321215,4.9753295806093224e-11,True,True,True
resolution,N32,32,2.51,12.30493006051041,3,7,-1.976023511485181e-14,-0.04302335472795556,0.04302335472795556,0.9997818530127075,7,0.9998312321667422,7,0.9998312321667422,0.0012456071370575965,9.74140436060196e-16,0.010325719269321215,4.9753295806093224e-11,True,True,True
resolution,N32,32,2.56,12.935817315543076,0,0,-1.5349752345888578e-11,-3.1650605030502655e-27,1.5349752345888578e-11,0.9995600863554276,0,0.9978337064247293,0,0.9978337064247293,0.0105348465011044,6.599262960788802e-16,0.006668792752087255,5.919390918347699e-11,True,True,True
resolution,N32,32,2.56,12.935817315543076,0,1,1.5325020460522403e-11,3.508709516988712e-27,1.5325020460522403e-11,0.9995602003501309,0,0.9978336390453538,0,0.9978336390453538,0.010535132260785708,6.599262960788802e-16,0.006668792752087255,5.919390918347699e-11,True,True,True
resolution,N32,32,2.56,12.935817315543076,0,2,0.008718450707253002,1.1213636655942547e-20,0.008718450707253002,0.9999750983721454,-4,0.49998457340914537,4,0.9999691468182892,0.4309024646837591,6.599262960788802e-16,0.006668792752087255,5.919390918347699e-11,True,True,True
resolution,N32,32,2.56,12.935817315543076,0,3,-0.00871845070724517,-1.1213640471809208e-20,0.00871845070724517,0.9999750983720894,-4,0.4999845734091547,4,0.9999691468183015,0.43090246468367593,6.599262960788802e-16,0.006668792752087255,5.919390918347699e-11,True,True,True
resolution,N32,32,2.56,12.935817315543076,0,4,-0.009903398979382905,-7.164953915810946e-21,0.009903398979382905,0.9991912674671215,4,0.4999767839227916,4,0.9999535678455773,0.4309932579258897,6.599262960788802e-16,0.006668792752087255,5.919390918347699e-11,True,True,True
resolution,N32,32,2.56,12.935817315543076,0,5,0.00990339897933222,7.164945708639883e-21,0.00990339897933222,0.9991912674668934,4,0.4999767839227863,4,0.99995356784557,0.4309932579259352,6.599262960788802e-16,0.006668792752087255,5.919390918347699e-11,True,True,True
resolution,N32,32,2.56,12.935817315543076,0,6,1.214306433183765e-15,0.05831104844491641,0.05831104844491641,0.9999481691436042,8,0.4999841463200347,8,0.9999682923154591,0.4309003415105446,6.599262960788802e-16,0.006668792752087255,5.919390918347699e-11,True,True,True
resolution,N32,32,2.56,12.935817315543076,0,7,1.2173836515989035e-15,-0.05831104844491642,0.05831104844491642,0.9999481691436035,-8,0.49998414631828014,8,0.9999682923154593,0.4309003415105446,6.599262960788802e-16,0.006668792752087255,5.919390918347699e-11,True,True,True
resolution,N32,32,2.56,12.935817315543076,0,8,1.3946452944078007e-14,-0.05834505555247314,0.05834505555247314,0.9999636843395715,-8,0.4999929122897532,8,0.9999858230216654,0.4307837265532694,6.599262960788802e-16,0.006668792752087255,5.919390918347699e-11,True,True,True
resolution,N32,32,2.56,12.935817315543076,0,9,1.3926360065141807e-14,0.058345055552473074,0.058345055552473074,0.999963684339572,8,0.49999291228773557,8,0.9999858230216655,0.43078372655326935,6.599262960788802e-16,0.006668792752087255,5.919390918347699e-11,True,True,True
resolution,N32,32,2.56,12.935817315543076,1,0,-6.647030117779153e-16,5.7229435966097984e-05,5.7229435966097984e-05,0.9996320120596148,1,0.9972147549575552,1,0.9972147549575552,0.014106998347658243,9.546239725041364e-16,0.006668792752087255,5.919390918347699e-11,True,True,True
resolution,N32,32,2.56,12.935817315543076,1,1,1.0725091446944575e-15,-5.722943596787102e-05,5.722943596787102e-05,0.9996320120595862,1,0.997214754957584,1,0.997214754957584,0.014106998347542357,9.546239725041364e-16,0.006668792752087255,5.919390918347699e-11,True,True,True
resolution,N32,32,2.56,12.935817315543076,1,2,2.7795846902744528e-14,-0.011536836895499716,0.011536836895499716,0.998155694882355,5,0.997963527666286,5,0.997963527666286,0.011501779048064561,9.546239725041364e-16,0.006668792752087255,5.919390918347699e-11,True,True,True
resolution,N32,32,2.56,12.935817315543076,1,3,-1.2473876281779808e-14,0.011536836895517731,0.011536836895517731,0.9981556948823441,5,0.9979635276665838,5,0.9979635276665838,0.01150177904665697,9.546239725041364e-16,0.006668792752087255,5.919390918347699e-11,True,True,True
resolution,N32,32,2.56,12.935817315543076,1,4,-0.008092402963226341,-2.592998219325022e-14,0.008092402963226341,0.9986527737265842,-3,0.9977899395402278,3,0.9977899395402278,0.012065394332988769,9.546239725041364e-16,0.006668792752087255,5.919390918347699e-11,True,True,True
resolution,N32,32,2.56,12.935817315543076,1,5,0.00809240296322811,4.059533653447442e-14,0.00809240296322811,0.9986527737265358,-3,0.9977899395401629,3,0.9977899395401629,0.012065394333294857,9.546239725041364e-16,0.006668792752087255,5.919390918347699e-11,True,True,True
resolution,N32,32,2.56,12.935817315543076,1,6,8.500145032286355e-15,-0.04325671819051042,0.04325671819051042,0.9999075722947668,-7,0.9999367713768716,7,0.9999367713768716,0.0005063958537932707,9.546239725041364e-16,0.006668792752087255,5.919390918347699e-11,True,True,True
resolution,N32,32,2.56,12.935817315543076,1,7,6.446232436729815e-15,0.043256718190530105,0.043256718190530105,0.9999075722947659,-7,0.9999367713768815,7,0.9999367713768815,0.0005063958537191857,9.546239725041364e-16,0.006668792752087255,5.919390918347699e-11,True,True,True
resolution,N32,32,2.56,12.935817315543076,2,0,-0.0012383849436279806,-5.457545493175679e-22,0.0012383849436279806,0.9960950676326722,2,0.4999834652844669,2,0.9999669305689329,0.5002699592157206,1.3299797337122505e-15,0.006668792752087255,5.919390918347699e-11,True,True,True
resolution,N32,32,2.56,12.935817315543076,2,1,0.0012383849435611445,5.457559985517008e-22,0.0012383849435611445,0.9960950676326175,2,0.499983465284465,2,0.9999669305689296,0.5002699592157456,1.3299797337122505e-15,0.006668792752087255,5.919390918347699e-11,True,True,True
resolution,N32,32,2.56,12.935817315543076,2,2,-0.005266047608326546,-1.6280918986027634e-22,0.005266047608326546,0.9920404344893079,-2,0.49997213069445223,2,0.9999442613889034,0.5004340259256155,1.3299797337122505e-15,0.006668792752087255,5.919390918347699e-11,True,True,True
resolution,N32,32,2.56,12.935817315543076,2,3,0.00526604760833009,1.6280724553504007e-22,0.00526604760833009,0.9920404344902033,2,0.49997213069444496,2,0.9999442613888894,0.5004340259257141,1.3299797337122505e-15,0.006668792752087255,5.919390918347699e-11,True,True,True
resolution,N32,32,2.56,12.935817315543076,2,4,-1.2420620087993939e-14,-0.02753909083848857,0.02753909083848857,0.9995999808874091,6,0.49976597318057536,6,0.9995319463342613,0.5029261301153667,1.3299797337122505e-15,0.006668792752087255,5.919390918347699e-11,True,True,True
resolution,N32,32,2.56,12.935817315543076,2,5,-1.242403337613648e-14,0.027539090838488548,0.027539090838488548,0.9995999808874095,-6,0.49976597318052685,6,0.9995319463342615,0.5029261301153667,1.3299797337122505e-15,0.006668792752087255,5.919390918347699e-11,True,True,True
resolution,N32,32,2.56,12.935817315543076,2,6,-1.497116416255381e-14,0.027787038117537226,0.027787038117537226,0.9998746987073317,-6,0.49998158177122143,6,0.9999631635305333,0.5002978444813699,1.3299797337122505e-15,0.006668792752087255,5.919390918347699e-11,True,True,True
resolution,N32,32,2.56,12.935817315543076,2,7,-1.4963724703775938e-14,-0.02778703811753724,0.02778703811753724,0.9998746987073313,6,0.4999815817711733,6,0.9999631635305333,0.5002978444813699,1.3299797337122505e-15,0.006668792752087255,5.919390918347699e-11,True,True,True
resolution,N32,32,2.56,12.935817315543076,3,0,-6.64413795193807e-16,-5.7229435966090706e-05,5.7229435966090706e-05,0.9996320120596148,-1,0.9972147549575553,1,0.9972147549575553,0.014106998347658134,9.187294456125672e-16,0.006668792752087255,5.919390918347699e-11,True,True,True
resolution,N32,32,2.56,12.935817315543076,3,1,1.0728267068973013e-15,5.722943596786375e-05,5.722943596786375e-05,0.9996320120595862,-1,0.9972147549575839,1,0.9972147549575839,0.014106998347542412,9.187294456125672e-16,0.006668792752087255,5.919390918347699e-11,True,True,True
resolution,N32,32,2.56,12.935817315543076,3,2,2.779764440148847e-14,0.011536836895499728,0.011536836895499728,0.9981556948823554,-5,0.9979635276662859,5,0.9979635276662859,0.011501779048064778,9.187294456125672e-16,0.006668792752087255,5.919390918347699e-11,True,True,True
resolution,N32,32,2.56,12.935817315543076,3,3,-1.247155457407552e-14,-0.011536836895517735,0.011536836895517735,0.9981556948823448,-5,0.9979635276665839,5,0.9979635276665839,0.01150177904665702,9.187294456125672e-16,0.006668792752087255,5.919390918347699e-11,True,True,True
resolution,N32,32,2.56,12.935817315543076,3,4,-0.008092402963226343,2.5929948696908813e-14,0.008092402963226343,0.9986527737265847,3,0.9977899395402278,3,0.9977899395402278,0.012065394332988838,9.187294456125672e-16,0.006668792752087255,5.919390918347699e-11,True,True,True
resolution,N32,32,2.56,12.935817315543076,3,5,0.008092402963228084,-4.059545356484981e-14,0.008092402963228084,0.9986527737265356,3,0.9977899395401628,3,0.9977899395401628,0.012065394333295053,9.187294456125672e-16,0.006668792752087255,5.919390918347699e-11,True,True,True
resolution,N32,32,2.56,12.935817315543076,3,6,8.500145032286355e-15,0.04325671819051038,0.04325671819051038,0.9999075722947672,7,0.9999367713768716,7,0.9999367713768716,0.0005063958537932916,9.187294456125672e-16,0.006668792752087255,5.919390918347699e-11,True,True,True
resolution,N32,32,2.56,12.935817315543076,3,7,6.4514366071577456e-15,-0.04325671819053006,0.04325671819053006,0.9999075722947659,7,0.9999367713768814,7,0.9999367713768814,0.0005063958537192868,9.187294456125672e-16,0.006668792752087255,5.919390918347699e-11,True,True,True
resolution,N32,32,2.61,13.599050851830924,0,0,-1.453994068393989e-11,1.759386725127057e-27,1.453994068393989e-11,0.9997614787164012,0,0.998991542886212,0,0.998991542886212,0.00538366053399553,6.483263155784169e-16,0.004344456343303998,9.192186736327896e-11,True,True,True
resolution,N32,32,2.61,13.599050851830924,0,1,1.4557778215137437e-11,-6.362058247888184e-28,1.4557778215137437e-11,0.9997643853870984,0,0.9989915663847864,0,0.9989915663847864,0.00538354969425229,6.483263155784169e-16,0.004344456343303998,9.192186736327896e-11,True,True,True
resolution,N32,32,2.61,13.599050851830924,0,2,0.00841112389713615,-1.481415158708295e-20,0.00841112389713615,0.9999951551111029,-4,0.49999298028393313,4,0.9999859605678654,0.430786243823284,6.483263155784169e-16,0.004344456343303998,9.192186736327896e-11,True,True,True
resolution,N32,32,2.61,13.599050851830924,0,3,-0.008411123897143156,1.4814154909632326e-20,0.008411123897143156,0.9999951551111065,-4,0.4999929802839329,4,0.9999859605678652,0.4307862438232865,6.483263155784169e-16,0.004344456343303998,9.192186736327896e-11,True,True,True
resolution,N32,32,2.61,13.599050851830924,0,4,-0.009170815785455385,1.5648691078419502e-20,0.009170815785455385,0.9995477035649076,4,0.4999910767076029,4,0.9999821534151996,0.4308088872545973,6.483263155784169e-16,0.004344456343303998,9.192186736327896e-11,True,True,True
resolution,N32,32,2.61,13.599050851830924,0,5,0.00917081578544954,-1.5648686944746563e-20,0.00917081578544954,0.999547703564782,-4,0.49999107670759974,4,0.999982153415198,0.43080888725460825,6.483263155784169e-16,0.004344456343303998,9.192186736327896e-11,True,True,True
resolution,N32,32,2.61,13.599050851830924,0,6,-1.8388068845354155e-15,0.05844060433737637,0.05844060433737637,0.9999763551716268,8,0.49999387261384365,8,0.999987744894197,0.4307702895437637,6.483263155784169e-16,0.004344456343303998,9.192186736327896e-11,True,True,True
resolution,N32,32,2.61,13.599050851830924,0,7,-1.8320846338448745e-15,-0.05844060433737638,0.05844060433737638,0.9999763551716265,-8,0.49999387260908945,8,0.9999877448941971,0.4307702895437637,6.483263155784169e-16,0.004344456343303998,9.192186736327896e-11,True,True,True
resolution,N32,32,2.61,13.599050851830924,0,8,-2.2573849583932714e-14,-0.058454777933598,0.058454777933598,0.9999810785126039,-8,0.49999672232304154,8,0.9999934436016411,0.43072925785418953,6.483263155784169e-16,0.004344456343303998,9.192186736327896e-11,True,True,True
resolution,N32,32,2.61,13.599050851830924,0,9,-2.257916076331412e-14,0.05845477793359793,0.05845477793359793,0.9999810785126034,8,0.49999672232090664,8,0.9999934436016412,0.43072925785418953,6.483263155784169e-16,0.004344456343303998,9.192186736327896e-11,True,True,True
resolution,N32,32,2.61,13.599050851830924,1,0,-1.2899925250055823e-14,3.48182804009276e-05,3.48182804009276e-05,0.9997564069016844,1,0.9984733782458424,1,0.9984733782458424,0.008374060031765069,9.636683077347434e-16,0.004344456343303998,9.192186736327896e-11,True,True,True
resolution,N32,32,2.61,13.599050851830924,1,1,1.2194733418648588e-14,-3.4818280407077214e-05,3.4818280407077214e-05,0.9997564069016394,1,0.9984733782458294,1,0.9984733782458294,0.008374060031834621,9.636683077347434e-16,0.004344456343303998,9.192186736327896e-11,True,True,True
resolution,N32,32,2.61,13.599050851830924,1,2,-1.1062091375036375e-14,-0.011987422677063937,0.011987422677063937,0.9992335680883438,5,0.9992191492512181,5,0.9992191492512181,0.004942790588521116,9.636683077347434e-16,0.004344456343303998,9.192186736327896e-11,True,True,True
resolution,N32,32,2.61,13.599050851830924,1,3,1.1568659437639804e-14,0.011987422677091545,0.011987422677091545,0.9992335680884505,5,0.9992191492511874,5,0.9992191492511874,0.004942790588679763,9.636683077347434e-16,0.004344456343303998,9.192186736327896e-11,True,True,True
resolution,N32,32,2.61,13.599050851830924,1,4,-0.007523385343993351,1.0094415950333759e-14,0.007523385343993351,0.9994526911603959,-3,0.9992148319322915,3,0.9992148319322915,0.0049046987310446466,9.636683077347434e-16,0.004344456343303998,9.192186736327896e-11,True,True,True
resolution,N32,32,2.61,13.599050851830924,1,5,0.007523385343986671,7.114969344733687e-15,0.007523385343986671,0.9994526911604387,-3,0.9992148319321794,3,0.9992148319321794,0.004904698731672687,9.636683077347434e-16,0.004344456343303998,9.192186736327896e-11,True,True,True
resolution,N32,32,2.61,13.599050851830924,1,6,-1.0073539224997319e-14,-0.043406246268222745,0.043406246268222745,0.9999575634446068,-7,0.9999750717843908,7,0.9999750717843908,0.00021446414846752182,9.636683077347434e-16,0.004344456343303998,9.192186736327896e-11,True,True,True
resolution,N32,32,2.61,13.599050851830924,1,7,2.623595785067323e-14,0.04340624626821787,0.04340624626821787,0.9999575634446111,-7,0.9999750717843932,7,0.9999750717843932,0.00021446414845228216,9.636683077347434e-16,0.004344456343303998,9.192186736327896e-11,True,True,True
resolution,N32,32,2.61,13.599050851830924,2,0,-1.9671597800870132e-14,0.001554307386877411,0.001554307386877411,0.9888619796241034,-2,0.49999110084981085,2,0.9999822016973259,0.5001532485743241,1.3164164074327426e-15,0.004344456343303998,9.192186736327896e-11,True,True,True
resolution,N32,32,2.61,13.599050851830924,2,1,-1.9671609055920643e-14,-0.0015543073868774107,0.0015543073868774107,0.9888619796241831,2,0.49999110084981013,2,0.9999822016973259,0.5001532485743241,1.3164164074327426e-15,0.004344456343303998,9.192186736327896e-11,True,True,True
resolution,N32,32,2.61,13.599050851830924,2,2,-0.004015887052162392,4.928199078803923e-19,0.004015887052162392,0.9930295198716809,-2,0.4999874801421905,2,0.9999749602843804,0.5002094334243575,1.3164164074327426e-15,0.004344456343303998,9.192186736327896e-11,True,True,True
resolution,N32,32,2.61,13.599050851830924,2,3,0.004015887052143284,-9.524635026917847e-19,0.004015887052143284,0.9930295198714776,-2,0.49998748014219335,2,0.9999749602843857,0.5002094334243166,1.3164164074327426e-15,0.004344456343303998,9.192186736327896e-11,True,True,True
resolution,N32,32,2.61,13.599050851830924,2,4,9.002020978628335e-15,-0.027815471825371182,0.027815471825371182,0.999833730976327,-6,0.49990683014083126,6,0.9998136601436058,0.5012887578180423,1.3164164074327426e-15,0.004344456343303998,9.192186736327896e-11,True,True,True
resolution,N32,32,2.61,13.599050851830924,2,5,9.000612755105664e-15,0.027815471825371182,0.027815471825371182,0.999833730976327,6,0.4999068301409277,6,0.9998136601436057,0.5012887578180424,1.3164164074327426e-15,0.004344456343303998,9.192186736327896e-11,True,True,True
resolution,N32,32,2.61,13.599050851830924,2,6,-4.208439152719734e-15,0.027939447212948863,0.027939447212948863,0.9999311589727587,6,0.4999913794883785,6,0.9999827589699777,0.5001488459251288,1.3164164074327426e-15,0.004344456343303998,9.192186736327896e-11,True,True,True
resolution,N32,32,2.61,13.599050851830924,2,7,-4.208678912621789e-15,-0.027939447212948863,0.027939447212948863,0.9999311589727583,-6,0.49999137948844846,6,0.9999827589699775,0.5001488459251288,1.3164164074327426e-15,0.004344456343303998,9.192186736327896e-11,True,True,True
resolution,N32,32,2.61,13.599050851830924,3,0,-1.2900301824134623e-14,-3.481828040093467e-05,3.481828040093467e-05,0.9997564069016844,-1,0.9984733782458424,1,0.9984733782458424,0.008374060031765409,9.434517621378283e-16,0.004344456343303998,9.192186736327896e-11,True,True,True
resolution,N32,32,2.61,13.599050851830924,3,1,1.2194355377569368e-14,3.481828040708431e-05,3.481828040708431e-05,0.9997564069016398,-1,0.9984733782458292,1,0.9984733782458292,0.008374060031835122,9.434517621378283e-16,0.004344456343303998,9.192186736327896e-11,True,True,True
resolution,N32,32,2.61,13.599050851830924,3,2,-1.1067561509822783e-14,0.011987422677063944,0.011987422677063944,0.9992335680883436,-5,0.9992191492512182,5,0.9992191492512182,0.004942790588520992,9.434517621378283e-16,0.004344456343303998,9.192186736327896e-11,True,True,True
resolution,N32,32,2.61,13.599050851830924,3,3,1.1562646422949384e-14,-0.011987422677091556,0.011987422677091556,0.999233568088451,-5,0.9992191492511873,5,0.9992191492511873,0.0049427905886797845,9.434517621378283e-16,0.004344456343303998,9.192186736327896e-11,True,True,True
resolution,N32,32,2.61,13.599050851830924,3,4,-0.007523385343993353,-1.0094434102978353e-14,0.007523385343993353,0.9994526911603968,3,0.9992148319322917,3,0.9992148319322917,0.00490469873104456,9.434517621378283e-16,0.004344456343303998,9.192186736327896e-11,True,True,True
resolution,N32,32,2.61,13.599050851830924,3,5,0.007523385343986678,-7.115008740202152e-15,0.007523385343986678,0.9994526911604391,3,0.9992148319321794,3,0.9992148319321794,0.004904698731672695,9.434517621378283e-16,0.004344456343303998,9.192186736327896e-11,True,True,True
resolution,N32,32,2.61,13.599050851830924,3,6,-1.0075273948473296e-14,0.04340624626822274,0.04340624626822274,0.9999575634446068,7,0.9999750717843909,7,0.9999750717843909,0.00021446414846741565,9.434517621378283e-16,0.004344456343303998,9.192186736327896e-11,True,True,True
resolution,N32,32,2.61,13.599050851830924,3,7,2.6229018956769323e-14,-0.04340624626821789,0.04340624626821789,0.9999575634446117,7,0.9999750717843932,7,0.9999750717843932,0.0002144641484522563,9.434517621378283e-16,0.004344456343303998,9.192186736327896e-11,True,True,True
resolution,N32,32,2.66,14.296289098677603,0,0,-1.4900922078349498e-11,-1.2479917423492195e-26,1.4900922078349498e-11,0.9998919556183592,0,0.9995364710749389,0,0.9995364710749389,0.0026985043484895324,6.566481991223109e-16,0.00285253412631419,7.68086826437741e-11,True,True,True
resolution,N32,32,2.66,14.296289098677603,0,1,1.4903358833838025e-11,-1.1198364152756545e-26,1.4903358833838025e-11,0.9998924785459039,0,0.9995364715864238,0,0.9995364715864238,0.002698501688679005,6.566481991223109e-16,0.00285253412631419,7.68086826437741e-11,True,True,True
resolution,N32,32,2.66,14.296289098677603,0,2,0.008164201621049654,1.3154999297628288e-21,0.008164201621049654,0.9999983333162857,-4,0.4999967965690982,4,0.9999935931381936,0.43072974097749733,6.566481991223109e-16,0.00285253412631419,7.68086826437741e-11,True,True,True
resolution,N32,32,2.66,14.296289098677603,0,3,-0.00816420162104471,-1.315502803048645e-21,0.00816420162104471,0.9999983333162857,4,0.4999967965690973,4,0.999993593138192,0.4307297409775079,6.566481991223109e-16,0.00285253412631419,7.68086826437741e-11,True,True,True
resolution,N32,32,2.66,14.296289098677603,0,4,-0.008650096856928649,-9.950396486635472e-22,0.008650096856928649,0.9997542757584738,-4,0.49999646240276285,4,0.9999929248055255,0.43073308669314453,6.566481991223109e-16,0.00285253412631419,7.68086826437741e-11,True,True,True
resolution,N32,32,2.66,14.296289098677603,0,5,0.008650096856897172,9.950362149060025e-22,0.008650096856897172,0.9997542757584904,-4,0.4999964624027635,4,0.9999929248055266,0.43073308669313637,6.566481991223109e-16,0.00285253412631419,7.68086826437741e-11,True,True,True
resolution,N32,32,2.66,14.296289098677603,0,6,-5.8975109466794475e-15,0.058523512520489686,0.058523512520489686,0.9999885178389721,8,0.4999975492107986,8,0.9999950960599622,0.4307168559358379,6.566481991223109e-16,0.00285253412631419,7.68086826437741e-11,True,True,True
resolution,N32,32,2.66,14.296289098677603,0,7,-5.896325094845167e-15,-0.058523512520489665,0.058523512520489665,0.9999885178389717,-8,0.4999975492207214,8,0.9999950960599622,0.43071685593583786,6.566481991223109e-16,0.00285253412631419,7.68086826437741e-11,True,True,True
resolution,N32,32,2.66,14.296289098677603,0,8,-5.273559366969494e-16,-0.058529440700653405,0.058529440700653405,0.9999899916218661,8,0.49999849291753184,8,0.9999969804957278,0.43070228222781903,6.566481991223109e-16,0.00285253412631419,7.68086826437741e-11,True,True,True
resolution,N32,32,2.66,14.296289098677603,0,9,-5.280827188806268e-16,0.05852944070065342,0.05852944070065342,0.9999899916218659,-8,0.49999849291123305,8,0.9999969804957278,0.43070228222781903,6.566481991223109e-16,0.00285253412631419,7.68086826437741e-11,True,True,True
resolution,N32,32,2.66,14.296289098677603,1,0,6.457034149845864e-15,2.1135028762442244e-05,2.1135028762442244e-05,0.9998453837388406,1,0.9991874588295275,1,0.9991874588295275,0.0048189999814083175,9.729413246070066e-16,0.00285253412631419,7.68086826437741e-11,True,True,True
resolution,N32,32,2.66,14.296289098677603,1,1,-4.2310521333335775e-15,-2.1135028766143137e-05,2.1135028766143137e-05,0.9998453837388597,1,0.9991874588295059,1,0.9991874588295059,0.004818999981518294,9.729413246070066e-16,0.00285253412631419,7.68086826437741e-11,True,True,True
resolution,N32,32,2.66,14.296289098677603,1,2,-1.0503906772047236e-14,-0.012288316843220102,0.012288316843220102,0.9996589523144713,5,0.9996946814559913,5,0.9996946814559913,0.0021387986681479622,9.729413246070066e-16,0.00285253412631419,7.68086826437741e-11,True,True,True
resolution,N32,32,2.66,14.296289098677603,1,3,-9.537161311221306e-15,0.01228831684321177,0.01228831684321177,0.9996589523144671,5,0.9996946814559362,5,0.9996946814559362,0.0021387986684746167,9.729413246070066e-16,0.00285253412631419,7.68086826437741e-11,True,True,True
resolution,N32,32,2.66,14.296289098677603,1,4,-0.007101892998756668,-3.1406487623238937e-14,0.007101892998756668,0.9997390452682197,-3,0.999710614680543,3,0.999710614680543,0.0020279898057379473,9.729413246070066e-16,0.00285253412631419,7.68086826437741e-11,True,True,True
resolution,N32,32,2.66,14.296289098677603,1,5,0.007101892998751991,1.3908577107633782e-14,0.007101892998751991,0.9997390452681679,-3,0.9997106146805695,3,0.9997106146805695,0.0020279898055577863,9.729413246070066e-16,0.00285253412631419,7.68086826437741e-11,True,True,True
resolution,N32,32,2.66,14.296289098677603,1,6,-4.4884235217423907e-14,-0.04350559057329776,0.04350559057329776,0.9999792627845263,-7,0.9999897677371086,7,0.9999897677371086,9.392858682874395e-05,9.729413246070066e-16,0.00285253412631419,7.68086826437741e-11,True,True,True
resolution,N32,32,2.66,14.296289098677603,1,7,-2.1175769471248884e-14,0.043505590573285215,0.043505590573285215,0.9999792627845281,-7,0.9999897677371036,7,0.9999897677371036,9.392858687459245e-05,9.729413246070066e-16,0.00285253412631419,7.68086826437741e-11,True,True,True
resolution,N32,32,2.66,14.296289098677603,2,0,-2.1075452780331642e-14,0.00231808366390579,0.00231808366390579,0.9978715382362362,-2,0.49999479852563194,2,0.9999895970469916,0.500093602311655,1.2902389168403678e-15,0.00285253412631419,7.68086826437741e-11,True,True,True
resolution,N32,32,2.66,14.296289098677603,2,1,-2.1075591828691075e-14,-0.0023180836639057904,0.0023180836639057904,0.9978715382362364,2,0.4999947985256309,2,0.9999895970469916,0.500093602311655,1.2902389168403678e-15,0.00285253412631419,7.68086826437741e-11,True,True,True
resolution,N32,32,2.66,14.296289098677603,2,2,-0.002781499561891978,-1.0816343241354183e-24,0.002781499561891978,0.9931705551616857,-2,0.49999444037313817,2,0.999988880746275,0.5000995132485808,1.2902389168403678e-15,0.00285253412631419,7.68086826437741e-11,True,True,True
resolution,N32,32,2.66,14.296289098677603,2,3,0.0027814995618614894,-4.473053775348252e-19,0.0027814995618614894,0.9931705551618536,-2,0.499994440373139,2,0.9999888807462751,0.500099513248581,1.2902389168403678e-15,0.00285253412631419,7.68086826437741e-11,True,True,True
resolution,N32,32,2.66,14.296289098677603,2,4,-9.371676828999866e-15,-0.027989660234923153,0.027989660234923153,0.9999259968680625,6,0.49996199981428857,6,0.999923999225043,0.5005748039904432,1.2902389168403678e-15,0.00285253412631419,7.68086826437741e-11,True,True,True
resolution,N32,32,2.66,14.296289098677603,2,5,-9.389190813724468e-15,0.02798966023492315,0.02798966023492315,0.9999259968680623,-6,0.49996199981416534,6,0.999923999225043,0.5005748039904432,1.2902389168403678e-15,0.00285253412631419,7.68086826437741e-11,True,True,True
resolution,N32,32,2.66,14.296289098677603,2,6,4.805184028455756e-15,0.028052135469944964,0.028052135469944964,0.9999620409021657,-6,0.4999959255410964,6,0.9999918506490056,0.5000747604043532,1.2902389168403678e-15,0.00285253412631419,7.68086826437741e-11,True,True,True
resolution,N32,32,2.66,14.296289098677603,2,7,4.832698318768216e-15,-0.028052135469944978,0.028052135469944978,0.9999620409021659,6,0.4999959255408809,6,0.9999918506490056,0.5000747604043533,1.2902389168403678e-15,0.00285253412631419,7.68086826437741e-11,True,True,True
resolution,N32,32,2.66,14.296289098677603,3,0,6.4570167276765025e-15,-2.1135028762443565e-05,2.1135028762443565e-05,0.9998453837388401,-1,0.9991874588295274,1,0.9991874588295274,0.00481899998140844,9.660685572934017e-16,0.00285253412631419,7.68086826437741e-11,True,True,True
resolution,N32,32,2.66,14.296289098677603,3,1,-4.231060884015542e-15,2.1135028766144452e-05,2.1135028766144452e-05,0.9998453837388597,-1,0.9991874588295058,1,0.9991874588295058,0.004818999981518419,9.660685572934017e-16,0.00285253412631419,7.68086826437741e-11,True,True,True
resolution,N32,32,2.66,14.296289098677603,3,2,-1.0496286375338558e-14,0.012288316843220105,0.012288316843220105,0.9996589523144713,-5,0.9996946814559913,5,0.9996946814559913,0.0021387986681480424,9.660685572934017e-16,0.00285253412631419,7.68086826437741e-11,True,True,True
resolution,N32,32,2.66,14.296289098677603,3,3,-9.529078561805521e-15,-0.012288316843211777,0.012288316843211777,0.9996589523144671,-5,0.9996946814559362,5,0.9996946814559362,0.0021387986684746965,9.660685572934017e-16,0.00285253412631419,7.68086826437741e-11,True,True,True
resolution,N32,32,2.66,14.296289098677603,3,4,-0.007101892998756672,3.140652234267381e-14,0.007101892998756672,0.9997390452682203,3,0.999710614680543,3,0.999710614680543,0.002027989805737957,9.660685572934017e-16,0.00285253412631419,7.68086826437741e-11,True,True,True
resolution,N32,32,2.66,14.296289098677603,3,5,0.007101892998751991,-1.3908623102389778e-14,0.007101892998751991,0.9997390452681679,3,0.9997106146805695,3,0.9997106146805695,0.002027989805557822,9.660685572934017e-16,0.00285253412631419,7.68086826437741e-11,True,True,True
resolution,N32,32,2.66,14.296289098677603,3,6,-4.487729632352e-14,0.043505590573297684,0.043505590573297684,0.9999792627845259,7,0.9999897677371087,7,0.9999897677371087,9.392858682866971e-05,9.660685572934017e-16,0.00285253412631419,7.68086826437741e-11,True,True,True
resolution,N32,32,2.66,14.296289098677603,3,7,-2.116189168344107e-14,-0.043505590573285166,0.043505590573285166,0.9999792627845279,7,0.9999897677371035,7,0.9999897677371035,9.392858687467823e-05,9.660685572934017e-16,0.00285253412631419,7.68086826437741e-11,True,True,True
resolution,N32,32,2.71,15.029275514875401,0,0,-1.527730534868915e-11,-1.933280690027285e-26,1.527730534868915e-11,0.9999477541453791,0,0.999788009854059,0,0.999788009854059,0.0013371952641001727,6.700454276474868e-16,0.0018862266695755026,9.378546963094208e-11,True,True,True
resolution,N32,32,2.71,15.029275514875401,0,1,1.5238714983281283e-11,1.3873751430394834e-27,1.5238714983281283e-11,0.999948495341469,0,0.9997880031862787,0,0.9997880031862787,0.0013372331798162608,6.700454276474868e-16,0.0018862266695755026,9.378546963094208e-11,True,True,True
resolution,N32,32,2.71,15.029275514875401,0,2,0.007966892452829413,7.356312163955507e-21,0.007966892452829413,0.9999976487701724,-4,0.49999853354021656,4,0.9999970670804101,0.4307023292623491,6.700454276474868e-16,0.0018862266695755026,9.378546963094208e-11,True,True,True
resolution,N32,32,2.71,15.029275514875401,0,3,-0.007966892452824656,-7.356312204682937e-21,0.007966892452824656,0.9999976487701746,-4,0.49999853354022,4,0.9999970670804095,0.43070232926235436,6.700454276474868e-16,0.0018862266695755026,9.378546963094208e-11,True,True,True
resolution,N32,32,2.71,15.029275514875401,0,4,-0.008277035571138854,-7.701511330719911e-21,0.008277035571138854,0.9998689449550623,4,0.4999985575693776,4,0.9999971151387164,0.4307012152811595,6.700454276474868e-16,0.0018862266695755026,9.378546963094208e-11,True,True,True
resolution,N32,32,2.71,15.029275514875401,0,5,0.00827703557111795,7.701508321829452e-21,0.00827703557111795,0.9998689449550738,4,0.499998557569365,4,0.9999971151387168,0.43070121528115635,6.700454276474868e-16,0.0018862266695755026,9.378546963094208e-11,True,True,True
resolution,N32,32,2.71,15.029275514875401,0,6,3.656268559282769e-15,0.05857874706078943,0.05857874706078943,0.999994143889793,-8,0.4999989903389069,8,0.999997978860486,0.4306942797969514,6.700454276474868e-16,0.0018862266695755026,9.378546963094208e-11,True,True,True
resolution,N32,32,2.71,15.029275514875401,0,7,3.653327640407156e-15,-0.05857874706078946,0.05857874706078946,0.9999941438897928,8,0.4999989903440779,8,0.999997978860486,0.4306942797969514,6.700454276474868e-16,0.0018862266695755026,9.378546963094208e-11,True,True,True
resolution,N32,32,2.71,15.029275514875401,0,8,1.0817735596191369e-14,-0.05858123397279327,0.05858123397279327,0.9999946130883012,-8,0.49999930609410725,8,0.9999986107802705,0.4306890631342551,6.700454276474868e-16,0.0018862266695755026,9.378546963094208e-11,True,True,True
resolution,N32,32,2.71,15.029275514875401,0,9,1.0822848855960827e-14,0.05858123397279323,0.05858123397279323,0.9999946130883016,8,0.4999993060860169,8,0.9999986107802705,0.4306890631342551,6.700454276474868e-16,0.0018862266695755026,9.378546963094208e-11,True,True,True
resolution,N32,32,2.71,15.029275514875401,1,0,-1.1741622824037017e-15,1.2811749715524752e-05,1.2811749715524752e-05,0.9999052697889185,1,0.9995778717868019,1,0.9995778717868019,0.002700020346133341,9.861212335881473e-16,0.0018862266695755026,9.378546963094208e-11,True,True,True
resolution,N32,32,2.71,15.029275514875401,1,1,6.0004898025769355e-15,-1.28117497167738e-05,1.28117497167738e-05,0.9999052697889389,1,0.9995778717868027,1,0.9995778717868027,0.002700020346130285,9.861212335881473e-16,0.0018862266695755026,9.378546963094208e-11,True,True,True
resolution,N32,32,2.71,15.029275514875401,1,2,4.598621118991763e-15,-0.012495728590291669,0.012495728590291669,0.9998392783947709,5,0.999878733919207,5,0.999878733919207,0.0009306169406685164,9.861212335881473e-16,0.0018862266695755026,9.378546963094208e-11,True,True,True
resolution,N32,32,2.71,15.029275514875401,1,3,-1.416167499855365e-14,0.012495728590266614,0.012495728590266614,0.9998392783947281,5,0.9998787339192322,5,0.9998787339192322,0.0009306169404990583,9.861212335881473e-16,0.0018862266695755026,9.378546963094208e-11,True,True,True
resolution,N32,32,2.71,15.029275514875401,1,4,-0.006785741128473224,-3.609505604029816e-14,0.006785741128473224,0.9998600531732705,-3,0.9998900046697982,3,0.9998900046697982,0.0008519864279089589,9.861212335881473e-16,0.0018862266695755026,9.378546963094208e-11,True,True,True
resolution,N32,32,2.71,15.029275514875401,1,5,0.00678574112846804,3.845421874712547e-14,0.00678574112846804,0.9998600531732659,-3,0.9998900046697775,3,0.9998900046697775,0.0008519864280567847,9.861212335881473e-16,0.0018862266695755026,9.378546963094208e-11,True,True,True
resolution,N32,32,2.71,15.029275514875401,1,6,2.914335439641036e-15,-0.043573606431412795,0.043573606431412795,0.9999893751057197,-7,0.9999956671392811,7,0.9999956671392811,4.223540706335611e-05,9.861212335881473e-16,0.0018862266695755026,9.378546963094208e-11,True,True,True
resolution,N32,32,2.71,15.029275514875401,1,7,1.1015494072452725e-14,0.04357360643144436,0.04357360643144436,0.9999893751057226,-7,0.9999956671392796,7,0.9999956671392796,4.223540707730714e-05,9.861212335881473e-16,0.0018862266695755026,9.378546963094208e-11,True,True,True
resolution,N32,32,2.71,15.029275514875401,2,0,9.306876690015638e-15,0.002759929698143322,0.002759929698143322,0.9991426945622603,2,0.4999972762580969,2,0.9999945525147318,0.5000515568235546,1.3148519914360253e-15,0.0018862266695755026,9.378546963094208e-11,True,True,True
resolution,N32,32,2.71,15.029275514875401,2,1,9.30738144804228e-15,-0.0027599296981433226,0.0027599296981433226,0.9991426945622606,-2,0.49999727625809537,2,0.9999945525147318,0.5000515568235546,1.3148519914360253e-15,0.0018862266695755026,9.378546963094208e-11,True,True,True
resolution,N32,32,2.71,15.029275514875401,2,2,-0.001288489109166101,-1.1421790562832535e-23,0.001288489109166101,0.9900404377024117,2,0.499997540196983,2,0.9999950803939657,0.500046922506903,1.3148519914360253e-15,0.0018862266695755026,9.378546963094208e-11,True,True,True
resolution,N32,32,2.71,15.029275514875401,2,3,0.0012884891091662239,1.1420762032323406e-23,0.0012884891091662239,0.9900404377025634,2,0.499997540196983,2,0.9999950803939656,0.5000469225069037,1.3148519914360253e-15,0.0018862266695755026,9.378546963094208e-11,True,True,True
resolution,N32,32,2.71,15.029275514875401,2,4,8.046803997293018e-15,-0.028103973457470833,0.028103973457470833,0.9999651476536738,6,0.49998420403402233,6,0.9999684071824068,0.5002589460450656,1.3148519914360253e-15,0.0018862266695755026,9.378546963094208e-11,True,True,True
resolution,N32,32,2.71,15.029275514875401,2,5,8.045647481580431e-15,0.028103973457470836,0.028103973457470836,0.9999651476536738,-6,0.4999842040341317,6,0.9999684071824068,0.5002589460450656,1.3148519914360253e-15,0.0018862266695755026,9.378546963094208e-11,True,True,True
resolution,N32,32,2.71,15.029275514875401,2,6,3.039235529911366e-15,0.0281356464950874,0.0281356464950874,0.9999788932811554,6,0.4999980525373355,6,0.9999961047056476,0.5000378087562172,1.3148519914360253e-15,0.0018862266695755026,9.378546963094208e-11,True,True,True
resolution,N32,32,2.71,15.029275514875401,2,7,3.0371859311184855e-15,-0.028135646495087402,0.028135646495087402,0.9999788932811554,-6,0.4999980525373754,6,0.9999961047056476,0.5000378087562172,1.3148519914360253e-15,0.0018862266695755026,9.378546963094208e-11,True,True,True
resolution,N32,32,2.71,15.029275514875401,3,0,-1.1738058264383023e-15,-1.2811749715537407e-05,1.2811749715537407e-05,0.9999052697889185,-1,0.9995778717868018,1,0.9995778717868018,0.0027000203461335264,9.597212848423802e-16,0.0018862266695755026,9.378546963094208e-11,True,True,True
resolution,N32,32,2.71,15.029275514875401,3,1,6.000841812605589e-15,1.2811749716786455e-05,1.2811749716786455e-05,0.9999052697889391,-1,0.9995778717868027,1,0.9995778717868027,0.0027000203461303887,9.597212848423802e-16,0.0018862266695755026,9.378546963094208e-11,True,True,True
resolution,N32,32,2.71,15.029275514875401,3,2,4.5901238702336486e-15,0.012495728590291678,0.012495728590291678,0.9998392783947707,-5,0.9998787339192069,5,0.9998787339192069,0.0009306169406686891,9.597212848423802e-16,0.0018862266695755026,9.378546963094208e-11,True,True,True
resolution,N32,32,2.71,15.029275514875401,3,3,-1.4170605094568728e-14,-0.012495728590266625,0.012495728590266625,0.9998392783947279,-5,0.9998787339192322,5,0.9998787339192322,0.0009306169404991534,9.597212848423802e-16,0.0018862266695755026,9.378546963094208e-11,True,True,True
resolution,N32,32,2.71,15.029275514875401,3,4,-0.006785741128473225,3.609503827921709e-14,0.006785741128473225,0.9998600531732708,3,0.999890004669798,3,0.999890004669798,0.0008519864279090331,9.597212848423802e-16,0.0018862266695755026,9.378546963094208e-11,True,True,True
resolution,N32,32,2.71,15.029275514875401,3,5,0.006785741128468037,-3.8454208771933095e-14,0.006785741128468037,0.9998600531732654,3,0.9998900046697774,3,0.9998900046697774,0.0008519864280568854,9.597212848423802e-16,0.0018862266695755026,9.378546963094208e-11,True,True,True
resolution,N32,32,2.71,15.029275514875401,3,6,2.9073965457371287e-15,0.0435736064314128,0.0435736064314128,0.99998937510572,7,0.9999956671392811,7,0.9999956671392811,4.223540706335279e-05,9.597212848423802e-16,0.0018862266695755026,9.378546963094208e-11,True,True,True
resolution,N32,32,2.71,15.029275514875401,3,7,1.104498437154433e-14,-0.043573606431444444,0.043573606431444444,0.9999893751057222,7,0.9999956671392796,7,0.9999956671392796,4.2235407077304765e-05,9.597212848423802e-16,0.0018862266695755026,9.378546963094208e-11,True,True,True
resolution,N32,32,2.76,15.799842948260395,0,0,-1.4911150459317715e-11,-8.849613080557122e-26,1.4911150459317715e-11,0.9999740531147921,0,0.9999030688512851,0,0.9999030688512851,0.0006585569997221598,6.645717457057091e-16,0.0012551944818727351,1.0670504018468126e-10,True,True,True
resolution,N32,32,2.76,15.799842948260395,0,1,1.492301730467976e-11,-8.133074881718014e-26,1.492301730467976e-11,0.9999749119685313,0,0.9999030694747087,0,0.9999030694747087,0.0006585531515097227,6.645717457057091e-16,0.0012551944818727351,1.0670504018468126e-10,True,True,True
resolution,N32,32,2.76,15.799842948260395,0,2,0.007809820673662168,-1.374655793222839e-20,0.007809820673662168,0.9999969730940638,-4,0.4999993264029646,4,0.999998652805911,0.4306890472547793,6.645717457057091e-16,0.0012551944818727351,1.0670504018468126e-10,True,True,True
resolution,N32,32,2.76,15.799842948260395,0,3,-0.007809820673680192,1.3746426071840676e-20,0.007809820673680192,0.999996973094058,4,0.49999932640297595,4,0.9999986528059119,0.43068904725477275,6.645717457057091e-16,0.0012551944818727351,1.0670504018468126e-10,True,True,True
resolution,N32,32,2.76,15.799842948260395,0,4,-0.008007468630417016,1.3616839148449983e-20,0.008007468630417016,0.9999306901862037,-4,0.49999939690136513,4,0.9999987938026995,0.4306875210927999,6.645717457057091e-16,0.0012551944818727351,1.0670504018468126e-10,True,True,True
resolution,N32,32,2.76,15.799842948260395,0,5,0.008007468630395635,-1.361702169228547e-20,0.008007468630395635,0.9999306901862095,4,0.4999993969013607,4,0.9999987938026995,0.4306875210927995,6.645717457057091e-16,0.0012551944818727351,1.0670504018468126e-10,True,True,True
resolution,N32,32,2.76,15.799842948260395,0,6,-1.9827889330414905e-15,0.05861675422592683,0.05861675422592683,0.9999968970609615,8,0.49999958068587663,8,0.9999991458182966,0.4306845048020638,6.645717457057091e-16,0.0012551944818727351,1.0670504018468126e-10,True,True,True
resolution,N32,32,2.76,15.799842948260395,0,7,-1.975718663428505e-15,-0.05861675422592685,0.05861675422592685,0.999996897060962,-8,0.4999995805317935,8,0.9999991458182967,0.4306845048020637,6.645717457057091e-16,0.0012551944818727351,1.0670504018468126e-10,True,True,True
resolution,N32,32,2.76,15.799842948260395,0,8,9.111073583008593e-16,-0.05861780013771376,0.05861780013771376,0.9999970489420626,-8,0.49999968863810956,8,0.9999993601972181,0.4306826253978195,6.645717457057091e-16,0.0012551944818727351,1.0670504018468126e-10,True,True,True
resolution,N32,32,2.76,15.799842948260395,0,9,9.159339953157541e-16,0.058617800137713685,0.058617800137713685,0.9999970489420631,8,0.49999968849166354,8,0.9999993601972181,0.4306826253978195,6.645717457057091e-16,0.0012551944818727351,1.0670504018468126e-10,True,True,True
resolution,N32,32,2.76,15.799842948260395,1,0,3.5730390985066945e-15,7.762142648316692e-06,7.762142648316692e-06,0.9999434655215788,1,0.9997848970766189,1,0.9997848970766189,0.0014793441087967677,9.69906286217359e-16,0.0012551944818727351,1.0670504018468126e-10,True,True,True
resolution,N32,32,2.76,15.799842948260395,1,1,-2.4376489541724386e-15,-7.762142651454384e-06,7.762142651454384e-06,0.9999434655215257,1,0.999784897076622,1,0.999784897076622,0.001479344108778116,9.69906286217359e-16,0.0012551944818727351,1.0670504018468126e-10,True,True,True
resolution,N32,32,2.76,15.799842948260395,1,2,-7.809729235108295e-16,-0.012642346104422227,0.012642346104422227,0.9999204598434452,5,0.9999511972477623,5,0.9999511972477623,0.00040688288215769917,9.69906286217359e-16,0.0012551944818727351,1.0670504018468126e-10,True,True,True
resolution,N32,32,2.76,15.799842948260395,1,3,-1.96214328911296e-14,0.012642346104415973,0.012642346104415973,0.999920459843455,5,0.9999511972477668,5,0.9999511972477668,0.0004068828821262081,9.69906286217359e-16,0.0012551944818727351,1.0670504018468126e-10,True,True,True
resolution,N32,32,2.76,15.799842948260395,1,4,-0.006546539466712796,9.471786896734567e-15,0.006546539466712796,0.9999194996475332,-3,0.9999570940425793,3,0.9999570940425793,0.0003630781946951061,9.69906286217359e-16,0.0012551944818727351,1.0670504018468126e-10,True,True,True
resolution,N32,32,2.76,15.799842948260395,1,5,0.006546539466703335,-2.2175524756625838e-14,0.006546539466703335,0.9999194996475339,-3,0.9999570940425783,3,0.9999570940425783,0.00036307819469697894,9.69906286217359e-16,0.0012551944818727351,1.0670504018468126e-10,True,True,True
resolution,N32,32,2.76,15.799842948260395,1,6,-5.738004067176268e-16,-0.04362133493481724,0.04362133493481724,0.99999435593833,-7,0.9999981206860784,7,0.9999981206860784,1.9379359754154345e-05,9.69906286217359e-16,0.0012551944818727351,1.0670504018468126e-10,True,True,True
resolution,N32,32,2.76,15.799842948260395,1,7,1.9359513991901167e-15,0.04362133493481838,0.04362133493481838,0.9999943559383278,-7,0.9999981206860779,7,0.9999981206860779,1.93793597598125e-05,9.69906286217359e-16,0.0012551944818727351,1.0670504018468126e-10,True,True,True
resolution,N32,32,2.76,15.799842948260395,2,0,-2.7691121424777586e-15,0.0030557736958902295,0.0030557736958902295,0.999560941562672,-2,0.4999986462902409,2,0.9999972925683813,0.5000269894879631,1.3073465477232643e-15,0.0012551944818727351,1.0670504018468126e-10,True,True,True
resolution,N32,32,2.76,15.799842948260395,2,1,-2.76991751161842e-15,-0.003055773695890231,0.003055773695890231,0.999560941562672,2,0.49999864629024027,2,0.9999972925683813,0.5000269894879632,1.3073465477232643e-15,0.0012551944818727351,1.0670504018468126e-10,True,True,True
resolution,N32,32,2.76,15.799842948260395,2,2,-7.812709845344997e-16,0.0016610017988733458,0.0016610017988733458,0.9807337761156023,-2,0.49999890863220264,2,0.9999978172511712,0.5000220982756427,1.3073465477232643e-15,0.0012551944818727351,1.0670504018468126e-10,True,True,True
resolution,N32,32,2.76,15.799842948260395,2,3,-7.815924994034736e-16,-0.0016610017988733456,0.0016610017988733456,0.9807337761157017,2,0.49999890863220225,2,0.9999978172511712,0.5000220982756427,1.3073465477232643e-15,0.0012551944818727351,1.0670504018468126e-10,True,True,True
resolution,N32,32,2.76,15.799842948260395,2,4,-1.14587159205648e-14,-0.028181623320729536,0.028181623320729536,0.9999827801672697,6,0.4999933304995376,6,0.9999866596921896,0.5001176383957151,1.3073465477232643e-15,0.0012551944818727351,1.0670504018468126e-10,True,True,True
resolution,N32,32,2.76,15.799842948260395,2,5,-1.146251691129958e-14,0.028181623320729512,0.028181623320729512,0.9999827801672702,-6,0.4999933305004456,6,0.9999866596921895,0.5001176383957152,1.3073465477232643e-15,0.0012551944818727351,1.0670504018468126e-10,True,True,True
resolution,N32,32,2.76,15.799842948260395,2,6,-8.597289589680661e-15,0.028197756594329843,0.028197756594329843,0.9999881432282635,-6,0.49999905978567105,6,0.9999981183848096,0.5000192510784498,1.3073465477232643e-15,0.0012551944818727351,1.0670504018468126e-10,True,True,True
resolution,N32,32,2.76,15.799842948260395,2,7,-8.593820099989102e-15,-0.02819775659432985,0.02819775659432985,0.9999881432282632,6,0.49999905978689974,6,0.9999981183848097,0.5000192510784498,1.3073465477232643e-15,0.0012551944818727351,1.0670504018468126e-10,True,True,True
resolution,N32,32,2.76,15.799842948260395,3,0,3.5730645565565785e-15,-7.762142648307107e-06,7.762142648307107e-06,0.9999434655215788,-1,0.9997848970766189,1,0.9997848970766189,0.001479344108796562,9.877446191307503e-16,0.0012551944818727351,1.0670504018468126e-10,True,True,True
resolution,N32,32,2.76,15.799842948260395,3,1,-2.4376236520361605e-15,7.762142651444791e-06,7.762142651444791e-06,0.9999434655215255,-1,0.999784897076622,1,0.999784897076622,0.0014793441087779116,9.877446191307503e-16,0.0012551944818727351,1.0670504018468126e-10,True,True,True
resolution,N32,32,2.76,15.799842948260395,3,2,-7.796843609968004e-16,0.012642346104422223,0.012642346104422223,0.9999204598434452,-5,0.9999511972477623,5,0.9999511972477623,0.00040688288215776384,9.877446191307503e-16,0.0012551944818727351,1.0670504018468126e-10,True,True,True
resolution,N32,32,2.76,15.799842948260395,3,3,-1.9617204029158206e-14,-0.012642346104415962,0.012642346104415962,0.999920459843455,-5,0.9999511972477667,5,0.9999511972477667,0.0004068828821263528,9.877446191307503e-16,0.0012551944818727351,1.0670504018468126e-10,True,True,True
resolution,N32,32,2.76,15.799842948260395,3,4,-0.006546539466712795,-9.471800743955706e-15,0.006546539466712795,0.9999194996475326,3,0.9999570940425793,3,0.9999570940425793,0.0003630781946951151,9.877446191307503e-16,0.0012551944818727351,1.0670504018468126e-10,True,True,True
resolution,N32,32,2.76,15.799842948260395,3,5,0.006546539466703333,2.2175527649682773e-14,0.006546539466703333,0.9999194996475341,3,0.9999570940425784,3,0.9999570940425784,0.0003630781946968928,9.877446191307503e-16,0.0012551944818727351,1.0670504018468126e-10,True,True,True
resolution,N32,32,2.76,15.799842948260395,3,6,-5.915407053080912e-16,0.043621334934817194,0.043621334934817194,0.99999435593833,7,0.9999981206860784,7,0.9999981206860784,1.9379359754155548e-05,9.877446191307503e-16,0.0012551944818727351,1.0670504018468126e-10,True,True,True
resolution,N32,32,2.76,15.799842948260395,3,7,1.8908485888147197e-15,-0.04362133493481832,0.04362133493481832,0.9999943559383286,7,0.9999981206860777,7,0.9999981206860777,1.9379359759893583e-05,9.877446191307503e-16,0.0012551944818727351,1.0670504018468126e-10,True,True,True
resolution,N32,32,2.81,16.6099182187867,0,0,-1.5000151682962322e-11,-1.4611097535180763e-26,1.5000151682962322e-11,0.9999896624522004,0,0.9999556179138503,0,0.9999556179138503,0.00032307710111122113,6.376232234180217e-16,0.0008400362614386564,9.90558754074564e-11,True,True,True
resolution,N32,32,2.81,16.6099182187867,0,1,1.5001621387320247e-11,6.291774716530602e-26,1.5001621387320247e-11,0.9999897187508722,0,0.9999556177329519,0,0.9999556177329519,0.00032307830555081466,6.376232234180217e-16,0.0008400362614386564,9.90558754074564e-11,True,True,True
resolution,N32,32,2.81,16.6099182187867,0,2,0.007685148659185638,1.9901892519590068e-20,0.007685148659185638,0.9999969484262431,4,0.4999996894604716,4,0.999999378920912,0.43068261469755853,6.376232234180217e-16,0.0008400362614386564,9.90558754074564e-11,True,True,True
resolution,N32,32,2.81,16.6099182187867,0,3,-0.007685148659171731,-1.9901321886881337e-20,0.007685148659171731,0.9999969484262531,4,0.499999689460492,4,0.999999378920912,0.4306826146975586,6.376232234180217e-16,0.0008400362614386564,9.90558754074564e-11,True,True,True
resolution,N32,32,2.81,16.6099182187867,0,4,-0.007810960686147575,-2.0317202591940057e-20,0.007810960686147575,0.9999633552629462,-4,0.49999974219291465,4,0.9999994843857626,0.43068151671702587,6.376232234180217e-16,0.0008400362614386564,9.90558754074564e-11,True,True,True
resolution,N32,32,2.81,16.6099182187867,0,5,0.0078109606861585515,2.031797630256526e-20,0.0078109606861585515,0.999963355262916,-4,0.4999997421929101,4,0.9999994843857627,0.43068151671702576,6.376232234180217e-16,0.0008400362614386564,9.90558754074564e-11,True,True,True
resolution,N32,32,2.81,16.6099182187867,0,6,-5.910202882652982e-15,0.05864358565438499,0.05864358565438499,0.9999983063279293,8,0.49999984920803975,8,0.9999996312146812,0.43068018146327036,6.376232234180217e-16,0.0008400362614386564,9.90558754074564e-11,True,True,True
resolution,N32,32,2.81,16.6099182187867,0,7,-5.913025879488064e-15,-0.05864358565438497,0.05864358565438497,0.9999983063279284,-8,0.49999984900448113,8,0.9999996312146813,0.43068018146327036,6.376232234180217e-16,0.0008400362614386564,9.90558754074564e-11,True,True,True
resolution,N32,32,2.81,16.6099182187867,0,8,-8.465450562766819e-16,-0.05864402646819735,0.05864402646819735,0.9999983561810467,-8,0.49999986225888154,8,0.9999997046553335,0.4306795006921862,6.376232234180217e-16,0.0008400362614386564,9.90558754074564e-11,True,True,True
resolution,N32,32,2.81,16.6099182187867,0,9,-8.396061623727746e-16,0.058644026468197406,0.058644026468197406,0.9999983561810463,8,0.4999998620373909,8,0.9999997046553336,0.43067950069218613,6.376232234180217e-16,0.0008400362614386564,9.90558754074564e-11,True,True,True
resolution,N32,32,2.81,16.6099182187867,1,0,1.2905619302473685e-16,4.7033317298731094e-06,4.7033317298731094e-06,0.9999668464690807,1,0.9998920233515495,1,0.9998920233515495,0.00079585949034906,9.386148122483307e-16,0.0008400362614386564,9.90558754074564e-11,True,True,True
resolution,N32,32,2.81,16.6099182187867,1,1,3.6484360242875976e-15,-4.703331728240969e-06,4.703331728240969e-06,0.999966846469186,1,0.9998920233515497,1,0.9998920233515497,0.0007958594903472891,9.386148122483307e-16,0.0008400362614386564,9.90558754074564e-11,True,True,True
resolution,N32,32,2.81,16.6099182187867,1,2,-1.852100746019578e-15,-0.012748086872251093,0.012748086872251093,0.9999589679883993,5,0.9999801301594137,5,0.9999801301594137,0.0001787139178584527,9.386148122483307e-16,0.0008400362614386564,9.90558754074564e-11,True,True,True
resolution,N32,32,2.81,16.6099182187867,1,3,-6.387390612315758e-15,0.012748086872253879,0.012748086872253879,0.9999589679884053,5,0.9999801301594113,5,0.9999801301594113,0.00017871391787693952,9.386148122483307e-16,0.0008400362614386564,9.90558754074564e-11,True,True,True
resolution,N32,32,2.81,16.6099182187867,1,4,-0.006364400842671275,-8.520019520003557e-15,0.006364400842671275,0.9999519797451976,-3,0.9999828911486455,3,0.9999828911486455,0.0001567064718027002,9.386148122483307e-16,0.0008400362614386564,9.90558754074564e-11,True,True,True
resolution,N32,32,2.81,16.6099182187867,1,5,0.006364400842676759,8.578384651541348e-15,0.006364400842676759,0.999951979745196,-3,0.9999828911486481,3,0.9999828911486481,0.00015670647177745993,9.386148122483307e-16,0.0008400362614386564,9.90558754074564e-11,True,True,True
resolution,N32,32,2.81,16.6099182187867,1,6,1.0297318553398327e-14,-0.043655507154689285,0.043655507154689285,0.9999969167057209,-7,0.999999169479642,7,0.999999169479642,9.030986162810885e-06,9.386148122483307e-16,0.0008400362614386564,9.90558754074564e-11,True,True,True
resolution,N32,32,2.81,16.6099182187867,1,7,7.355227538141662e-15,0.04365550715470971,0.04365550715470971,0.9999969167057204,-7,0.9999991694796427,7,0.9999991694796427,9.030986155084672e-06,9.386148122483307e-16,0.0008400362614386564,9.90558754074564e-11,True,True,True
resolution,N32,32,2.81,16.6099182187867,2,0,1.1858565485751776e-14,0.0032662906636930673,0.0032662906636930673,0.999755259328565,-2,0.49999934565448484,2,0.9999986912974145,0.5000137322982833,1.3077332130255017e-15,0.0008400362614386564,9.90558754074564e-11,True,True,True
resolution,N32,32,2.81,16.6099182187867,2,1,1.1858909809349554e-14,-0.0032662906636930673,0.0032662906636930673,0.9997552593285648,2,0.49999934565448256,2,0.9999986912974146,0.5000137322982833,1.3077332130255017e-15,0.0008400362614386564,9.90558754074564e-11,True,True,True
resolution,N32,32,2.81,16.6099182187867,2,2,1.3888562196593782e-14,0.0024475378567364943,0.0024475378567364943,0.9974616177251745,-2,0.4999995087784406,2,0.9999990175555946,0.5000105120643719,1.3077332130255017e-15,0.0008400362614386564,9.90558754074564e-11,True,True,True
resolution,N32,32,2.81,16.6099182187867,2,3,1.388895022930421e-14,-0.002447537856736494,0.002447537856736494,0.9974616177251747,2,0.4999995087784406,2,0.9999990175555947,0.5000105120643719,1.3077332130255017e-15,0.0008400362614386564,9.90558754074564e-11,True,True,True
resolution,N32,32,2.81,16.6099182187867,2,4,-9.798063658169316e-15,-0.028235904403694626,0.028235904403694626,0.9999911384510636,6,0.4999971466255503,6,0.9999942910329152,0.500053838499008,1.3077332130255017e-15,0.0008400362614386564,9.90558754074564e-11,True,True,True
resolution,N32,32,2.81,16.6099182187867,2,5,-9.77950359581925e-15,0.028235904403694605,0.028235904403694605,0.999991138451064,-6,0.49999714662050376,6,0.9999942910329152,0.500053838499008,1.3077332130255017e-15,0.0008400362614386564,9.90558754074564e-11,True,True,True
resolution,N32,32,2.81,16.6099182187867,2,6,3.778227730677486e-15,0.028244153296966088,0.028244153296966088,0.9999932685369378,-6,0.49999954232453336,6,0.9999990828366525,0.500009859053064,1.3077332130255017e-15,0.0008400362614386564,9.90558754074564e-11,True,True,True
resolution,N32,32,2.81,16.6099182187867,2,7,3.764349930126237e-15,-0.028244153296966102,0.028244153296966102,0.9999932685369374,6,0.4999995423196321,6,0.9999990828366525,0.500009859053064,1.3077332130255017e-15,0.0008400362614386564,9.90558754074564e-11,True,True,True
resolution,N32,32,2.81,16.6099182187867,3,0,1.2873029670353864e-16,-4.703331729866571e-06,4.703331729866571e-06,0.9999668464690812,-1,0.9998920233515494,1,0.9998920233515494,0.0007958594903491311,9.571014978825189e-16,0.0008400362614386564,9.90558754074564e-11,True,True,True
resolution,N32,32,2.81,16.6099182187867,3,1,3.648108096021375e-15,4.7033317282344285e-06,4.7033317282344285e-06,0.9999668464691864,-1,0.9998920233515497,1,0.9998920233515497,0.000795859490347281,9.571014978825189e-16,0.0008400362614386564,9.90558754074564e-11,True,True,True
resolution,N32,32,2.81,16.6099182187867,3,2,-1.8459931431366006e-15,0.012748086872251103,0.012748086872251103,0.9999589679883993,-5,0.9999801301594138,5,0.9999801301594138,0.00017871391785833255,9.571014978825189e-16,0.0008400362614386564,9.90558754074564e-11,True,True,True
resolution,N32,32,2.81,16.6099182187867,3,3,-6.383990438787013e-15,-0.012748086872253882,0.012748086872253882,0.9999589679884058,-5,0.9999801301594115,5,0.9999801301594115,0.00017871391787681939,9.571014978825189e-16,0.0008400362614386564,9.90558754074564e-11,True,True,True
resolution,N32,32,2.81,16.6099182187867,3,4,-0.006364400842671289,8.520016892735056e-15,0.006364400842671289,0.9999519797451976,3,0.9999828911486455,3,0.9999828911486455,0.0001567064718027071,9.571014978825189e-16,0.0008400362614386564,9.90558754074564e-11,True,True,True
resolution,N32,32,2.81,16.6099182187867,3,5,0.006364400842676761,-8.578380444525736e-15,0.006364400842676761,0.9999519797451956,3,0.9999828911486482,3,0.9999828911486482,0.00015670647177736915,9.571014978825189e-16,0.0008400362614386564,9.90558754074564e-11,True,True,True
resolution,N32,32,2.81,16.6099182187867,3,6,1.0304257447302234e-14,0.043655507154689265,0.043655507154689265,0.9999969167057211,7,0.999999169479642,7,0.999999169479642,9.030986162815644e-06,9.571014978825189e-16,0.0008400362614386564,9.90558754074564e-11,True,True,True
resolution,N32,32,2.81,16.6099182187867,3,7,7.356962261617639e-15,-0.043655507154709706,0.043655507154709706,0.9999969167057204,7,0.9999991694796427,7,0.9999991694796427,9.030986155089172e-06,9.571014978825189e-16,0.0008400362614386564,9.90558754074564e-11,True,True,True
resolution,N32,32,2.86,17.46152693657999,0,0,-1.5170692395530045e-11,-1.3542933716807254e-24,1.5170692395530045e-11,0.9999946342112839,0,0.9999796132823261,0,0.9999796132823261,0.0001582584574338124,6.472536883931782e-16,0.00056506664723867,1.183762595888009e-10,True,True,True
resolution,N32,32,2.86,17.46152693657999,0,1,1.5164850495249522e-11,-2.2689105792745457e-28,1.5164850495249522e-11,0.9999946717999821,0,0.9999796131275558,0,0.9999796131275558,0.0001582595627232786,6.472536883931782e-16,0.00056506664723867,1.183762595888009e-10,True,True,True
resolution,N32,32,2.86,17.46152693657999,0,2,0.007586436791571512,3.0538412617178583e-21,0.007586436791571512,0.9999973628295865,-4,0.4999998562808038,4,0.9999997125612102,0.43067949873511563,6.472536883931782e-16,0.00056506664723867,1.183762595888009e-10,True,True,True
resolution,N32,32,2.86,17.46152693657999,0,3,-0.007586436791564225,-3.0539845847862917e-21,0.007586436791564225,0.999997362829585,-4,0.4999998562806406,4,0.9999997125612106,0.43067949873511047,6.472536883931782e-16,0.00056506664723867,1.183762595888009e-10,True,True,True
resolution,N32,32,2.86,17.46152693657999,0,4,-0.007666459154879405,-3.186740499837001e-21,0.007666459154879405,0.9999805154176331,4,0.499999887647804,4,0.9999997752954992,0.4306788350104029,6.472536883931782e-16,0.00056506664723867,1.183762595888009e-10,True,True,True
resolution,N32,32,2.86,17.46152693657999,0,5,0.007666459154876492,3.1865746396116322e-21,0.007666459154876492,0.9999805154176442,4,0.4999998876479662,4,0.9999997752954997,0.4306788350103993,6.472536883931782e-16,0.00056506664723867,1.183762595888009e-10,True,True,True
resolution,N32,32,2.86,17.46152693657999,0,6,8.250344851745695e-15,0.05866291365669324,0.05866291365669324,0.9999990538876542,8,0.4999999257394018,8,0.9999998378631845,0.43067823388677545,6.472536883931782e-16,0.00056506664723867,1.183762595888009e-10,True,True,True
resolution,N32,32,2.86,17.46152693657999,0,7,8.24559944006913e-15,-0.058662913656693225,0.058662913656693225,0.9999990538876542,-8,0.49999992560213025,8,0.9999998378631844,0.43067823388677545,6.472536883931782e-16,0.00056506664723867,1.183762595888009e-10,True,True,True
resolution,N32,32,2.86,17.46152693657999,0,8,1.2325700109540191e-14,-0.05866309977946312,0.05866309977946312,0.9999990704449981,-8,0.499999970968674,8,0.9999998632313728,0.43067798615970465,6.472536883931782e-16,0.00056506664723867,1.183762595888009e-10,True,True,True
resolution,N32,32,2.86,17.46152693657999,0,9,1.2330414467243145e-14,0.058663099779463136,0.058663099779463136,0.9999990704449979,8,0.49999997091611437,8,0.9999998632313728,0.43067798615970465,6.472536883931782e-16,0.00056506664723867,1.183762595888009e-10,True,True,True
resolution,N32,32,2.86,17.46152693657999,1,0,-6.534461005703708e-16,2.8515508625424697e-06,2.8515508625424697e-06,0.9999807498151511,1,0.9999464089042391,1,0.9999464089042391,0.00042192622337447553,1.0032486807728046e-15,0.00056506664723867,1.183762595888009e-10,True,True,True
resolution,N32,32,2.86,17.46152693657999,1,1,2.3476111271339283e-16,-2.851550860079661e-06,2.851550860079661e-06,0.9999807498151815,1,0.9999464089042401,1,0.9999464089042401,0.00042192622336731145,1.0032486807728046e-15,0.00056506664723867,1.183762595888009e-10,True,True,True
resolution,N32,32,2.86,17.46152693657999,1,2,1.0072024024664157e-14,-0.012825575722592106,0.012825575722592106,0.9999780870308778,5,0.9999918231001864,5,0.9999918231001864,7.886141026923691e-05,1.0032486807728046e-15,0.00056506664723867,1.183762595888009e-10,True,True,True
resolution,N32,32,2.86,17.46152693657999,1,3,1.2707511305953423e-14,0.012825575722585573,0.012825575722585573,0.9999780870308758,5,0.999991823100186,5,0.999991823100186,7.886141027293356e-05,1.0032486807728046e-15,0.00056506664723867,1.183762595888009e-10,True,True,True
resolution,N32,32,2.86,17.46152693657999,1,4,-0.006225029643177473,1.6808832357080392e-15,0.006225029643177473,0.9999708594557628,-3,0.9999930467441849,3,0.9999930467441849,6.8411211214566e-05,1.0032486807728046e-15,0.00056506664723867,1.183762595888009e-10,True,True,True
resolution,N32,32,2.86,17.46152693657999,1,5,0.006225029643208228,-3.712754362703302e-16,0.006225029643208228,0.9999708594557846,-3,0.9999930467441852,3,0.9999930467441852,6.841121121101555e-05,1.0032486807728046e-15,0.00056506664723867,1.183762595888009e-10,True,True,True
resolution,N32,32,2.86,17.46152693657999,1,6,2.1996293675385914e-15,-0.043680376684809334,0.043680376684809334,0.9999982781340191,-7,0.9999996274656314,7,0.9999996274656314,4.259433940795396e-06,1.0032486807728046e-15,0.00056506664723867,1.183762595888009e-10,True,True,True
resolution,N32,32,2.86,17.46152693657999,1,7,5.249273238305818e-15,0.04368037668480507,0.04368037668480507,0.9999982781340195,-7,0.9999996274656311,7,0.9999996274656311,4.259433944018395e-06,1.0032486807728046e-15,0.00056506664723867,1.183762595888009e-10,True,True,True
resolution,N32,32,2.86,17.46152693657999,2,0,-8.258175038871263e-15,0.0034212834148860216,0.0034212834148860216,0.9998578847664135,-2,0.49999968853820365,2,0.9999993770509423,0.500006870217687,1.3135578975999167e-15,0.00056506664723867,1.183762595888009e-10,True,True,True
resolution,N32,32,2.86,17.46152693657999,2,1,-8.257110444845298e-15,-0.0034212834148860225,0.0034212834148860225,0.9998578847664135,2,0.49999968853820226,2,0.9999993770509423,0.500006870217687,1.3135578975999167e-15,0.00056506664723867,1.183762595888009e-10,True,True,True
resolution,N32,32,2.86,17.46152693657999,2,2,1.949898753332291e-15,0.0028927188226629073,0.0028927188226629073,0.9992318068350111,-2,0.4999997759098755,2,0.9999995517950466,0.5000050494843544,1.3135578975999167e-15,0.00056506664723867,1.183762595888009e-10,True,True,True
resolution,N32,32,2.86,17.46152693657999,2,3,1.950435902442788e-15,-0.0028927188226629086,0.0028927188226629086,0.9992318068350111,2,0.49999977590987205,2,0.9999995517950465,0.5000050494843544,1.3135578975999167e-15,0.00056506664723867,1.183762595888009e-10,True,True,True
resolution,N32,32,2.86,17.46152693657999,2,4,-4.8535767911128745e-15,-0.02827474756938188,0.02827474756938188,0.9999952810839257,-6,0.4999987641074477,6,0.9999975280003781,0.5000248047651701,1.3135578975999167e-15,0.00056506664723867,1.183762595888009e-10,True,True,True
resolution,N32,32,2.86,17.46152693657999,2,5,-4.861562541425002e-15,0.028274747569381906,0.028274747569381906,0.999995281083925,6,0.4999987641062734,6,0.9999975280003781,0.5000248047651701,1.3135578975999167e-15,0.00056506664723867,1.183762595888009e-10,True,True,True
resolution,N32,32,2.86,17.46152693657999,2,6,5.852957007945747e-15,0.028278978144571004,0.028278978144571004,0.9999961392928635,-6,0.49999977545830615,6,0.9999995496559553,0.5000050720366854,1.3135578975999167e-15,0.00056506664723867,1.183762595888009e-10,True,True,True
resolution,N32,32,2.86,17.46152693657999,2,7,5.8598958861633635e-15,-0.02827897814457098,0.02827897814457098,0.9999961392928632,6,0.4999997754583819,6,0.9999995496559554,0.5000050720366854,1.3135578975999167e-15,0.00056506664723867,1.183762595888009e-10,True,True,True
resolution,N32,32,2.86,17.46152693657999,3,0,-6.533971065234828e-16,-2.8515508625505153e-06,2.8515508625505153e-06,0.9999807498151513,-1,0.9999464089042391,1,0.9999464089042391,0.00042192622337451635,9.772432786243004e-16,0.00056506664723867,1.183762595888009e-10,True,True,True
resolution,N32,32,2.86,17.46152693657999,3,1,2.348106925806052e-16,2.8515508600877073e-06,2.8515508600877073e-06,0.9999807498151821,-1,0.9999464089042402,1,0.9999464089042402,0.00042192622336727274,9.772432786243004e-16,0.00056506664723867,1.183762595888009e-10,True,True,True
resolution,N32,32,2.86,17.46152693657999,3,2,1.0073637081607833e-14,0.012825575722592112,0.012825575722592112,0.999978087030878,-5,0.9999918231001863,5,0.9999918231001863,7.886141026931406e-05,9.772432786243004e-16,0.00056506664723867,1.183762595888009e-10,True,True,True
resolution,N32,32,2.86,17.46152693657999,3,3,1.270183694599794e-14,-0.012825575722585573,0.012825575722585573,0.9999780870308758,-5,0.999991823100186,5,0.999991823100186,7.886141027293073e-05,9.772432786243004e-16,0.00056506664723867,1.183762595888009e-10,True,True,True
resolution,N32,32,2.86,17.46152693657999,3,4,-0.0062250296431774765,-1.680888511997498e-15,0.0062250296431774765,0.999970859455763,3,0.999993046744185,3,0.999993046744185,6.84112112144837e-05,9.772432786243004e-16,0.00056506664723867,1.183762595888009e-10,True,True,True
resolution,N32,32,2.86,17.46152693657999,3,5,0.006225029643208235,3.7127361422983096e-16,0.006225029643208235,0.9999708594557846,3,0.9999930467441853,3,0.9999930467441853,6.841121121094144e-05,9.772432786243004e-16,0.00056506664723867,1.183762595888009e-10,True,True,True
resolution,N32,32,2.86,17.46152693657999,3,6,2.220229208815816e-15,0.04368037668480926,0.04368037668480926,0.9999982781340195,7,0.9999996274656315,7,0.9999996274656315,4.259433940713825e-06,9.772432786243004e-16,0.00056506664723867,1.183762595888009e-10,True,True,True
resolution,N32,32,2.86,17.46152693657999,3,7,5.2735593669694936e-15,-0.04368037668480501,0.04368037668480501,0.9999982781340191,7,0.9999996274656311,7,0.9999996274656311,4.259433944016671e-06,9.772432786243004e-16,0.00056506664723867,1.183762595888009e-10,True,True,True
resolution,N32,32,2.91,18.356798567017925,0,0,-1.5101367715882216e-11,1.2517629340628012e-24,1.5101367715882216e-11,0.9999977511006602,0,0.999990594677115,0,0.999990594677115,7.753270766820041e-05,6.354798721638759e-16,0.0003818456772271359,1.2931583014935179e-10,True,True,True
resolution,N32,32,2.91,18.356798567017925,0,1,1.5082406003232225e-11,1.1885072453165347e-24,1.5082406003232225e-11,0.9999977335290159,0,0.9999905945734345,0,0.9999905945734345,7.753349793662121e-05,6.354798721638759e-16,0.0003818456772271359,1.2931583014935179e-10,True,True,True
resolution,N32,32,2.91,18.356798567017925,0,2,0.007508444482639451,-1.3404349366603579e-20,0.007508444482639451,0.9999979326580692,-4,0.4999999332172731,4,0.9999998664342848,0.4306779881363601,6.354798721638759e-16,0.0003818456772271359,1.2931583014935179e-10,True,True,True
resolution,N32,32,2.91,18.356798567017925,0,3,-0.007508444482639384,1.3403927388407332e-20,0.007508444482639384,0.999997932658067,4,0.49999993321715996,4,0.9999998664342846,0.4306779881363619,6.354798721638759e-16,0.0003818456772271359,1.2931583014935179e-10,True,True,True
resolution,N32,32,2.91,18.356798567017925,0,4,-0.0075593173090351936,1.3368587852821895e-20,0.0075593173090351936,0.9999895398816503,-4,0.49999995021276616,4,0.9999999004255204,0.4306776174184366,6.354798721638759e-16,0.0003818456772271359,1.2931583014935179e-10,True,True,True
resolution,N32,32,2.91,18.356798567017925,0,5,0.007559317309044872,-1.3369039167653864e-20,0.007559317309044872,0.9999895398816454,4,0.49999995021287924,4,0.9999999004255204,0.4306776174184362,6.354798721638759e-16,0.0003818456772271359,1.2931583014935179e-10,True,True,True
resolution,N32,32,2.91,18.356798567017925,0,6,-6.793726503852465e-15,0.05867705981757226,0.05867705981757226,0.9999994618054027,8,0.4999999646423132,8,0.9999999276056402,0.4306773425957211,6.354798721638759e-16,0.0003818456772271359,1.2931583014935179e-10,True,True,True
resolution,N32,32,2.91,18.356798567017925,0,7,-6.800116025829084e-15,-0.058677059817572264,0.058677059817572264,0.9999994618054038,-8,0.49999996490555576,8,0.9999999276056402,0.43067734259572105,6.354798721638759e-16,0.0003818456772271359,1.2931583014935179e-10,True,True,True
resolution,N32,32,2.91,18.356798567017925,0,8,-9.08995101411847e-16,-0.05867713852415349,0.05867713852415349,0.9999994673600722,8,0.49999999812082035,8,0.9999999364309626,0.43067725209676705,6.354798721638759e-16,0.0003818456772271359,1.2931583014935179e-10,True,True,True
resolution,N32,32,2.91,18.356798567017925,0,9,-9.179673773149769e-16,0.05867713852415352,0.05867713852415352,0.9999994673600717,-8,0.4999999977692121,8,0.9999999364309626,0.43067725209676716,6.354798721638759e-16,0.0003818456772271359,1.2931583014935179e-10,True,True,True
resolution,N32,32,2.91,18.356798567017925,1,0,-1.29530189413394e-15,1.730297998234314e-06,1.730297998234314e-06,0.9999888638893597,1,0.9999736214347035,1,0.9999736214347035,0.00022110922929513048,9.529811200239103e-16,0.0003818456772271359,1.2931583014935179e-10,True,True,True
resolution,N32,32,2.91,18.356798567017925,1,1,1.8346258793942987e-15,-1.7302979966339166e-06,1.7302979966339166e-06,0.9999888638893533,1,0.9999736214347031,1,0.9999736214347031,0.000221109229297784,9.529811200239103e-16,0.0003818456772271359,1.2931583014935179e-10,True,True,True
resolution,N32,32,2.91,18.356798567017925,1,2,-1.491105938007101e-15,-0.01288308973477203,0.01288308973477203,0.9999879609610491,5,0.9999966005582419,5,0.9999966005582419,3.4970346139593204e-05,9.529811200239103e-16,0.0003818456772271359,1.2931583014935179e-10,True,True,True
resolution,N32,32,2.91,18.356798567017925,1,3,5.4232406548059316e-15,0.012883089734776252,0.012883089734776252,0.999987960961052,5,0.9999966005582388,5,0.9999966005582388,3.497034616918999e-05,9.529811200239103e-16,0.0003818456772271359,1.2931583014935179e-10,True,True,True
resolution,N32,32,2.91,18.356798567017925,1,4,-0.00611796750211284,7.318681502603234e-15,0.00611796750211284,0.9999821856792538,-3,0.9999971263148507,3,0.9999971263148507,3.017764197912986e-05,9.529811200239103e-16,0.0003818456772271359,1.2931583014935179e-10,True,True,True
resolution,N32,32,2.91,18.356798567017925,1,5,0.006117967502118532,-5.279660000318967e-15,0.006117967502118532,0.9999821856792345,-3,0.9999971263148514,3,0.9999971263148514,3.0177641971523927e-05,9.529811200239103e-16,0.0003818456772271359,1.2931583014935179e-10,True,True,True
resolution,N32,32,2.91,18.356798567017925,1,6,6.7671562797855245e-15,-0.043698717850913074,0.043698717850913074,0.9999990214374057,-7,0.999999830859696,7,0.999999830859696,2.028140871240366e-06,9.529811200239103e-16,0.0003818456772271359,1.2931583014935179e-10,True,True,True
resolution,N32,32,2.91,18.356798567017925,1,7,7.0915495697931874e-15,0.04369871785091207,0.04369871785091207,0.9999990214374057,-7,0.9999998308596962,7,0.9999998308596962,2.028140868398275e-06,9.529811200239103e-16,0.0003818456772271359,1.2931583014935179e-10,True,True,True
resolution,N32,32,2.91,18.356798567017925,2,0,2.3353549948571845e-15,0.003537879877395608,0.003537879877395608,0.9999155724531866,-2,0.4999998529842964,2,0.9999997059222457,0.5000034024787111,1.2951952203270413e-15,0.0003818456772271359,1.2931583014935179e-10,True,True,True
resolution,N32,32,2.91,18.356798567017925,2,1,2.3354296479851588e-15,-0.003537879877395606,0.003537879877395606,0.9999155724531866,2,0.49999985298428457,2,0.9999997059222456,0.5000034024787112,1.2951952203270413e-15,0.0003818456772271359,1.2931583014935179e-10,True,True,True
resolution,N32,32,2.91,18.356798567017925,2,2,6.734793341520544e-15,0.0031823827813993923,0.0031823827813993923,0.9996884044904847,2,0.4999998966216669,2,0.9999997931622917,0.500002445617245,1.2951952203270413e-15,0.0003818456772271359,1.2931583014935179e-10,True,True,True
resolution,N32,32,2.91,18.356798567017925,2,3,6.73480395374828e-15,-0.0031823827813993915,0.0031823827813993915,0.9996884044904849,-2,0.49999989662167454,2,0.9999997931622917,0.5000024456172452,1.2951952203270413e-15,0.0003818456772271359,1.2931583014935179e-10,True,True,True
resolution,N32,32,2.91,18.356798567017925,2,4,-1.308638842554976e-15,-0.02830306902851631,0.02830306902851631,0.9999974151133928,6,0.4999994610174435,6,0.9999989183184201,0.500011498808983,1.2951952203270413e-15,0.0003818456772271359,1.2931583014935179e-10,True,True,True
resolution,N32,32,2.91,18.356798567017925,2,5,-1.2967057982926633e-15,0.028303069028516314,0.028303069028516314,0.9999974151133926,-6,0.4999994610250684,6,0.9999989183184201,0.500011498808983,1.2951952203270413e-15,0.0003818456772271359,1.2931583014935179e-10,True,True,True
resolution,N32,32,2.91,18.356798567017925,2,6,-9.08995101411847e-16,0.028305244207648916,0.028305244207648916,0.9999977649733297,6,0.4999998911830271,6,0.9999997776087426,0.500002617888856,1.2951952203270413e-15,0.0003818456772271359,1.2931583014935179e-10,True,True,True
resolution,N32,32,2.91,18.356798567017925,2,7,-9.15933996686973e-16,-0.02830524420764891,0.02830524420764891,0.9999977649733297,-6,0.49999989117878724,6,0.9999997776087428,0.500002617888856,1.2951952203270413e-15,0.0003818456772271359,1.2931583014935179e-10,True,True,True
resolution,N32,32,2.91,18.356798567017925,3,0,-1.2952319419626717e-15,-1.7302979982290999e-06,1.7302979982290999e-06,0.999988863889359,-1,0.9999736214347034,1,0.9999736214347034,0.00022110922929515514,9.612212592693194e-16,0.0003818456772271359,1.2931583014935179e-10,True,True,True
resolution,N32,32,2.91,18.356798567017925,3,1,1.8346957797691864e-15,1.730297996628701e-06,1.730297996628701e-06,0.9999888638893528,-1,0.999973621434703,1,0.999973621434703,0.00022110922929780856,9.612212592693194e-16,0.0003818456772271359,1.2931583014935179e-10,True,True,True
resolution,N32,32,2.91,18.356798567017925,3,2,-1.4910821168748106e-15,0.012883089734772028,0.012883089734772028,0.9999879609610491,-5,0.9999966005582419,5,0.9999966005582419,3.49703461396023e-05,9.612212592693194e-16,0.0003818456772271359,1.2931583014935179e-10,True,True,True
resolution,N32,32,2.91,18.356798567017925,3,3,5.434360948709197e-15,-0.012883089734776264,0.012883089734776264,0.9999879609610518,-5,0.9999966005582389,5,0.9999966005582389,3.497034616911922e-05,9.612212592693194e-16,0.0003818456772271359,1.2931583014935179e-10,True,True,True
resolution,N32,32,2.91,18.356798567017925,3,4,-0.006117967502112838,-7.318681001039592e-15,0.006117967502112838,0.9999821856792536,3,0.9999971263148507,3,0.9999971263148507,3.017764197911736e-05,9.612212592693194e-16,0.0003818456772271359,1.2931583014935179e-10,True,True,True
resolution,N32,32,2.91,18.356798567017925,3,5,0.0061179675021185214,5.279659461003732e-15,0.0061179675021185214,0.9999821856792347,3,0.9999971263148515,3,0.9999971263148515,3.0177641971431878e-05,9.612212592693194e-16,0.0003818456772271359,1.2931583014935179e-10,True,True,True
resolution,N32,32,2.91,18.356798567017925,3,6,6.760778617846668e-15,0.04369871785091299,0.04369871785091299,0.9999990214374059,7,0.999999830859696,7,0.999999830859696,2.0281408712387424e-06,9.612212592693194e-16,0.0003818456772271359,1.2931583014935179e-10,True,True,True
resolution,N32,32,2.91,18.356798567017925,3,7,7.098488463697095e-15,-0.04369871785091199,0.04369871785091199,0.9999990214374055,7,0.9999998308596962,7,0.9999998308596962,2.0281408683966568e-06,9.612212592693194e-16,0.0003818456772271359,1.2931583014935179e-10,True,True,True
resolution,N48,48,2.31,10.074424655013587,0,0,-3.5703793677106654e-14,3.0428112204349045e-11,3.042813315143304e-11,1.0,0,0.9319727289214507,0,0.9319727289214507,0.18397475236863212,5.719944159935401e-16,0.07627203859172842,3.5512398618152863e-11,True,False,False
resolution,N48,48,2.31,10.074424655013587,0,1,-3.5703793677098153e-14,-3.042811220434906e-11,3.0428133151433053e-11,1.0,0,0.9319727289214509,0,0.9319727289214509,0.1839747523686319,5.719944159935401e-16,0.07627203859172842,3.5512398618152863e-11,True,False,False
resolution,N48,48,2.31,10.074424655013587,0,2,-0.012717611095641405,-4.281703015656634e-21,0.012717611095641405,1.0,-4,0.49951431248188616,4,0.9990286249637718,0.4356544967251266,5.719944159935401e-16,0.07627203859172842,3.5512398618152863e-11,True,False,False
resolution,N48,48,2.31,10.074424655013587,0,3,0.01271761109571101,4.2816596258241916e-21,0.01271761109571101,1.0,-4,0.499514312481903,4,0.9990286249638054,0.4356544967249977,5.719944159935401e-16,0.07627203859172842,3.5512398618152863e-11,True,False,False
resolution,N48,48,2.31,10.074424655013587,0,4,-0.02061512574141889,1.0969097137077223e-20,0.02061512574141889,1.0,-4,0.49326128034325634,4,0.9865225606865125,0.4750585186303249,5.719944159935401e-16,0.07627203859172842,3.5512398618152863e-11,True,False,False
resolution,N48,48,2.31,10.074424655013587,0,5,0.02061512574164919,-1.0969096084979226e-20,0.02061512574164919,1.0,4,0.4932612803433012,4,0.9865225606866016,0.47505851863008747,5.719944159935401e-16,0.07627203859172842,3.5512398618152863e-11,True,False,False
resolution,N48,48,2.31,10.074424655013587,0,6,-2.0430055217013354e-14,-0.04198725767745187,0.04198725767745187,1.0,-8,0.49314033703087556,8,0.9862806740041997,0.47570239124878894,5.719944159935401e-16,0.07627203859172842,3.5512398618152863e-11,True,False,False
resolution,N48,48,2.31,10.074424655013587,0,7,-2.043512528873873e-14,0.04198725767745193,0.04198725767745193,1.0,8,0.4931403370308989,8,0.9862806740041996,0.47570239124878894,5.719944159935401e-16,0.07627203859172842,3.5512398618152863e-11,True,False,False
resolution,N48,48,2.31,10.074424655013587,0,8,5.3335229298253096e-14,0.045555626679755566,0.045555626679755566,1.0,8,0.499697130608154,8,0.9993942611916266,0.4338488562099792,5.719944159935401e-16,0.07627203859172842,3.5512398618152863e-11,True,False,False
resolution,N48,48,2.31,10.074424655013587,0,9,5.334621633323877e-14,-0.045555626679755594,0.045555626679755594,1.0,-8,0.49969713060818,8,0.9993942611916266,0.4338488562099791,5.719944159935401e-16,0.07627203859172842,3.5512398618152863e-11,True,False,False
resolution,N48,48,2.31,10.074424655013587,1,0,-5.660649977781803e-14,0.0006874812357296077,0.0006874812357296077,1.0,1,0.9458886396695716,1,0.9458886396695716,0.16121098218928656,8.45573685151108e-16,0.07627203859172842,3.5512398618152863e-11,True,False,False
resolution,N48,48,2.31,10.074424655013587,1,1,5.127890031945839e-14,-0.0006874812357402497,0.0006874812357402497,1.0,1,0.9458886396692227,1,0.9458886396692227,0.16121098219005514,8.45573685151108e-16,0.07627203859172842,3.5512398618152863e-11,True,False,False
resolution,N48,48,2.31,10.074424655013587,1,2,-0.01134454617150631,-5.662647928404847e-14,0.01134454617150631,1.0,-3,0.6427199803170544,3,0.6427199803170544,0.490230261825791,8.45573685151108e-16,0.07627203859172842,3.5512398618152863e-11,True,False,False
resolution,N48,48,2.31,10.074424655013587,1,3,0.01134454617166984,5.793031664099317e-14,0.01134454617166984,1.0,-3,0.6427199803108395,3,0.6427199803108395,0.49023026182818435,8.45573685151108e-16,0.07627203859172842,3.5512398618152863e-11,True,False,False
resolution,N48,48,2.31,10.074424655013587,1,4,-0.019225702494502377,8.840794490433633e-15,0.019225702494502377,1.0,5,0.5795266044400992,5,0.5795266044400992,0.6241569120567532,8.45573685151108e-16,0.07627203859172842,3.5512398618152863e-11,True,False,False
resolution,N48,48,2.31,10.074424655013587,1,5,0.019225702494608834,-1.143473769990845e-13,0.019225702494608834,1.0,5,0.579526604443884,5,0.579526604443884,0.6241569120545736,8.45573685151108e-16,0.07627203859172842,3.5512398618152863e-11,True,False,False
resolution,N48,48,2.31,10.074424655013587,1,6,3.443079155118767e-14,-0.028193287119823683,0.028193287119823683,1.0,-7,0.9715593256670695,7,0.9715593256670695,0.10701794963455341,8.45573685151108e-16,0.07627203859172842,3.5512398618152863e-11,True,False,False
resolution,N48,48,2.31,10.074424655013587,1,7,3.6517663892787766e-14,0.02819328711991749,0.02819328711991749,1.0,-7,0.9715593256673527,7,0.9715593256673527,0.10701794963383021,8.45573685151108e-16,0.07627203859172842,3.5512398618152863e-11,True,False,False
resolution,N48,48,2.31,10.074424655013587,2,0,2.947363598609755e-13,0.0012706981414391603,0.0012706981414391603,1.0,2,0.49277361241012474,2,0.9855472248174881,0.5545211333051366,8.568946339677014e-16,0.07627203859172842,3.5512398618152863e-11,True,False,False
resolution,N48,48,2.31,10.074424655013587,2,1,2.9473635739081033e-13,-0.0012706981414391607,0.0012706981414391607,1.0,-2,0.4927736124101241,2,0.9855472248174879,0.5545211333051366,8.568946339677014e-16,0.07627203859172842,3.5512398618152863e-11,True,False,False
resolution,N48,48,2.31,10.074424655013587,2,2,-0.01267404180238168,-1.4835903526786485e-24,0.01267404180238168,1.0,2,0.4991552558314323,2,0.9983105116628324,0.5089970943636073,8.568946339677014e-16,0.07627203859172842,3.5512398618152863e-11,True,False,False
resolution,N48,48,2.31,10.074424655013587,2,3,0.012674041802565365,-9.845697406127685e-25,0.012674041802565365,1.0,-2,0.49915525583118303,2,0.998310511662359,0.5089970943657868,8.568946339677014e-16,0.07627203859172842,3.5512398618152863e-11,True,False,False
resolution,N48,48,2.31,10.074424655013587,2,4,0.01286911821897206,6.552856366084236e-27,0.01286911821897206,1.0,6,0.3642487101454749,6,0.7284974202909495,0.9218062451153535,8.568946339677014e-16,0.07627203859172842,3.5512398618152863e-11,True,False,False
resolution,N48,48,2.31,10.074424655013587,2,5,-0.012869118219219008,3.440481293967069e-27,0.012869118219219008,1.0,-6,0.364248710130772,6,0.7284974202615435,0.92180624513629,8.568946339677014e-16,0.07627203859172842,3.5512398618152863e-11,True,False,False
resolution,N48,48,2.31,10.074424655013587,2,6,8.813002411178772e-14,0.0157553873314811,0.0157553873314811,1.0,6,0.4990561526025258,6,0.9981123051957437,0.5099014229135317,8.568946339677014e-16,0.07627203859172842,3.5512398618152863e-11,True,False,False
resolution,N48,48,2.31,10.074424655013587,2,7,8.812915675004973e-14,-0.01575538733148111,0.01575538733148111,1.0,-6,0.49905615260252556,6,0.9981123051957437,0.5099014229135317,8.568946339677014e-16,0.07627203859172842,3.5512398618152863e-11,True,False,False
resolution,N48,48,2.31,10.074424655013587,3,0,-5.660666545928777e-14,-0.0006874812357296081,0.0006874812357296081,1.0,-1,0.9458886396695714,1,0.9458886396695714,0.16121098218928684,8.230419312038172e-16,0.07627203859172842,3.5512398618152863e-11,True,False,False
resolution,N48,48,2.31,10.074424655013587,3,1,5.1278592643738864e-14,0.0006874812357402503,0.0006874812357402503,1.0,-1,0.9458886396692224,1,0.9458886396692224,0.16121098219005542,8.230419312038172e-16,0.07627203859172842,3.5512398618152863e-11,True,False,False
resolution,N48,48,2.31,10.074424655013587,3,2,-0.011344546171506311,5.6626709605390766e-14,0.011344546171506311,1.0,3,0.642719980317052,3,0.642719980317052,0.49023026182579227,8.230419312038172e-16,0.07627203859172842,3.5512398618152863e-11,True,False,False
resolution,N48,48,2.31,10.074424655013587,3,3,0.011344546171669854,-5.793080223238818e-14,0.011344546171669854,1.0,3,0.6427199803108399,3,0.6427199803108399,0.4902302618281844,8.230419312038172e-16,0.07627203859172842,3.5512398618152863e-11,True,False,False
resolution,N48,48,2.31,10.074424655013587,3,4,-0.01922570249450233,-8.84145247396609e-15,0.01922570249450233,1.0,-5,0.5795266044400994,5,0.5795266044400994,0.6241569120567532,8.230419312038172e-16,0.07627203859172842,3.5512398618152863e-11,True,False,False
resolution,N48,48,2.31,10.074424655013587,3,5,0.019225702494608938,1.1434572248474196e-13,0.019225702494608938,1.0,-5,0.5795266044438844,5,0.5795266044438844,0.6241569120545734,8.230419312038172e-16,0.07627203859172842,3.5512398618152863e-11,True,False,False
resolution,N48,48,2.31,10.074424655013587,3,6,3.442385265728376e-14,0.028193287119823673,0.028193287119823673,1.0,7,0.9715593256670692,7,0.9715593256670692,0.107017949634554,8.230419312038172e-16,0.07627203859172842,3.5512398618152863e-11,True,False,False
resolution,N48,48,2.31,10.074424655013587,3,7,3.6518531254525755e-14,-0.028193287119917476,0.028193287119917476,1.0,7,0.9715593256673526,7,0.9715593256673526,0.10701794963383078,8.230419312038172e-16,0.07627203859172842,3.5512398618152863e-11,True,False,False
resolution,N48,48,2.36,10.59095145243378,0,0,-9.85849010919549e-15,2.954808401933188e-11,2.954808566393639e-11,0.999147033173439,0,0.9457340797551349,0,0.9457340797551349,0.15447942458660452,5.61285972577889e-16,0.048227571247054735,3.313493927048214e-11,True,True,True
resolution,N48,48,2.36,10.59095145243378,0,1,-9.858490109200653e-15,-2.954808401933187e-11,2.9548085663936386e-11,0.9991470331734392,0,0.9457340797551349,0,0.9457340797551349,0.15447942458660455,5.61285972577889e-16,0.048227571247054735,3.313493927048214e-11,True,True,True
resolution,N48,48,2.36,10.59095145243378,0,2,-0.012037383560378492,-9.71934673977366e-21,0.012037383560378492,0.9976623107036505,-4,0.49971711837589466,4,0.9994342367517879,0.4337385431970168,5.61285972577889e-16,0.048227571247054735,3.313493927048214e-11,True,True,True
resolution,N48,48,2.36,10.59095145243378,0,3,0.012037383560396393,9.719378550152931e-21,0.012037383560396393,0.9976623107035036,-4,0.49971711837592203,4,0.9994342367518436,0.43373854319675176,5.61285972577889e-16,0.048227571247054735,3.313493927048214e-11,True,True,True
resolution,N48,48,2.36,10.59095145243378,0,4,-0.01659786304244594,2.409817382764542e-20,0.01659786304244594,0.9949823400734599,4,0.49807240854673007,4,0.9961448170934587,0.4463815113667254,5.61285972577889e-16,0.048227571247054735,3.313493927048214e-11,True,True,True
resolution,N48,48,2.36,10.59095145243378,0,5,0.01659786304253211,-2.4098146850997003e-20,0.01659786304253211,0.9949823400739749,4,0.4980724085466104,4,0.996144817093219,0.4463815113675527,5.61285972577889e-16,0.048227571247054735,3.313493927048214e-11,True,True,True
resolution,N48,48,2.36,10.59095145243378,0,6,2.7132526572290213e-14,-0.045278198406061544,0.045278198406061544,0.9947107487484823,8,0.4980204889515811,8,0.9960409778541137,0.4467390156197996,5.61285972577889e-16,0.048227571247054735,3.313493927048214e-11,True,True,True
resolution,N48,48,2.36,10.59095145243378,0,7,2.711633001473146e-14,0.04527819840606152,0.04527819840606152,0.9947107487484828,-8,0.49802048895157536,8,0.9960409778541137,0.4467390156197997,5.61285972577889e-16,0.048227571247054735,3.313493927048214e-11,True,True,True
resolution,N48,48,2.36,10.59095145243378,0,8,-7.896461262646426e-15,0.046722251140714245,0.046722251140714245,0.9993691008939292,-8,0.49979631632037846,8,0.9995926325704954,0.43290722628403583,5.61285972577889e-16,0.048227571247054735,3.313493927048214e-11,True,True,True
resolution,N48,48,2.36,10.59095145243378,0,9,-7.884155338263278e-15,-0.046722251140714224,0.046722251140714224,0.9993691008939296,8,0.49979631632037,8,0.9995926325704955,0.43290722628403583,5.61285972577889e-16,0.048227571247054735,3.313493927048214e-11,True,True,True
resolution,N48,48,2.36,10.59095145243378,1,0,3.577460510768094e-15,0.0004867211468711108,0.0004867211468711108,0.9996618676618846,1,0.9511448436510794,1,0.9511448436510794,0.1476191059760374,9.060068459724918e-16,0.048227571247054735,3.313493927048214e-11,True,True,True
resolution,N48,48,2.36,10.59095145243378,1,1,1.0779792331361398e-14,-0.00048672114686321676,0.00048672114686321676,0.999661867661887,1,0.9511448436509478,1,0.9511448436509478,0.14761910597610378,9.060068459724918e-16,0.048227571247054735,3.313493927048214e-11,True,True,True
resolution,N48,48,2.36,10.59095145243378,1,2,-0.009592514537759606,9.65641037939962e-15,0.009592514537759606,0.9961472571565623,-3,0.6545112310808897,3,0.6545112310808897,0.4779171366568997,9.060068459724918e-16,0.048227571247054735,3.313493927048214e-11,True,True,True
resolution,N48,48,2.36,10.59095145243378,1,3,0.00959251453762616,-1.896452849203158e-14,0.00959251453762616,0.9961472571548151,-3,0.6545112310936848,3,0.6545112310936848,0.47791713665057245,9.060068459724918e-16,0.048227571247054735,3.313493927048214e-11,True,True,True
resolution,N48,48,2.36,10.59095145243378,1,4,-0.01425412059181399,5.1877958452249777e-14,0.01425412059181399,0.9847407887908847,5,0.6265073705362342,5,0.6265073705362342,0.5479345775532707,9.060068459724918e-16,0.048227571247054735,3.313493927048214e-11,True,True,True
resolution,N48,48,2.36,10.59095145243378,1,5,0.014254120591858509,1.948413975016924e-14,0.014254120591858509,0.984740788793171,5,0.6265073705208415,5,0.6265073705208415,0.5479345775594752,9.060068459724918e-16,0.048227571247054735,3.313493927048214e-11,True,True,True
resolution,N48,48,2.36,10.59095145243378,1,6,-1.1221926166093965e-14,-0.030773750005395166,0.030773750005395166,0.991208842516005,-7,0.9911421300329661,7,0.9911421300329661,0.041148699319050984,9.060068459724918e-16,0.048227571247054735,3.313493927048214e-11,True,True,True
resolution,N48,48,2.36,10.59095145243378,1,7,3.157196726277789e-16,0.030773750005315445,0.030773750005315445,0.991208842515662,-7,0.9911421300333012,7,0.9911421300333012,0.04114869931773233,9.060068459724918e-16,0.048227571247054735,3.313493927048214e-11,True,True,True
resolution,N48,48,2.36,10.59095145243378,2,0,1.8983927596285243e-13,-0.004266776593538971,0.004266776593538971,0.9541572063904883,-2,0.46575041092227043,2,0.9315008218437661,0.6801488763317707,8.557893242289188e-16,0.048227571247054735,3.313493927048214e-11,True,True,True
resolution,N48,48,2.36,10.59095145243378,2,1,1.8983837240569485e-13,0.004266776593538968,0.004266776593538968,0.9541572063904885,2,0.46575041092227065,2,0.9315008218437661,0.6801488763317708,8.557893242289188e-16,0.048227571247054735,3.313493927048214e-11,True,True,True
resolution,N48,48,2.36,10.59095145243378,2,2,-0.011004958145203816,4.53360330343581e-18,0.011004958145203816,0.9882164113152944,-2,0.4993231145801929,2,0.9986462291603844,0.5074257842226675,8.557893242289188e-16,0.048227571247054735,3.313493927048214e-11,True,True,True
resolution,N48,48,2.36,10.59095145243378,2,3,0.011004958145316813,-1.734251866417195e-28,0.011004958145316813,0.988216411314926,-2,0.4993231145803805,2,0.9986462291607583,0.5074257842208859,8.557893242289188e-16,0.048227571247054735,3.313493927048214e-11,True,True,True
resolution,N48,48,2.36,10.59095145243378,2,4,-1.0086707946840378e-13,-0.008792196628932525,0.008792196628932525,0.4821452204053042,6,0.3461454651818741,6,0.6922909303635906,0.9452556247427735,8.557893242289188e-16,0.048227571247054735,3.313493927048214e-11,True,True,True
resolution,N48,48,2.36,10.59095145243378,2,5,-1.008622695925884e-13,0.008792196628932512,0.008792196628932512,0.48214522045174707,-6,0.3461454651818725,6,0.6922909303635905,0.9452556247427735,8.557893242289188e-16,0.048227571247054735,3.313493927048214e-11,True,True,True
resolution,N48,48,2.36,10.59095145243378,2,6,-1.2833484275276419e-14,0.016828148267433497,0.016828148267433497,0.998010487577486,-6,0.4993590707887402,6,0.998718141574982,0.5070818302567762,8.557893242289188e-16,0.048227571247054735,3.313493927048214e-11,True,True,True
resolution,N48,48,2.36,10.59095145243378,2,7,-1.281827833980731e-14,-0.016828148267433465,0.016828148267433465,0.9980104875774862,6,0.4993590707887393,6,0.998718141574982,0.5070818302567762,8.557893242289188e-16,0.048227571247054735,3.313493927048214e-11,True,True,True
resolution,N48,48,2.36,10.59095145243378,3,0,3.577703652835831e-15,-0.0004867211468711115,0.0004867211468711115,0.9996618676618841,-1,0.9511448436510797,1,0.9511448436510797,0.14761910597603725,8.022871690991527e-16,0.048227571247054735,3.313493927048214e-11,True,True,True
resolution,N48,48,2.36,10.59095145243378,3,1,1.0779836744467832e-14,0.0004867211468632177,0.0004867211468632177,0.999661867661887,-1,0.9511448436509478,1,0.9511448436509478,0.14761910597610392,8.022871690991527e-16,0.048227571247054735,3.313493927048214e-11,True,True,True
resolution,N48,48,2.36,10.59095145243378,3,2,-0.009592514537759611,-9.656463925771053e-15,0.009592514537759611,0.9961472571565629,3,0.6545112310808898,3,0.6545112310808898,0.4779171366568996,8.022871690991527e-16,0.048227571247054735,3.313493927048214e-11,True,True,True
resolution,N48,48,2.36,10.59095145243378,3,3,0.009592514537626176,1.8965040566839528e-14,0.009592514537626176,0.9961472571548151,3,0.6545112310936851,3,0.6545112310936851,0.4779171366505723,8.022871690991527e-16,0.048227571247054735,3.313493927048214e-11,True,True,True
resolution,N48,48,2.36,10.59095145243378,3,4,-0.014254120591814017,-5.1878743488040494e-14,0.014254120591814017,0.9847407887908847,-5,0.6265073705362331,5,0.6265073705362331,0.547934577553271,8.022871690991527e-16,0.048227571247054735,3.313493927048214e-11,True,True,True
resolution,N48,48,2.36,10.59095145243378,3,5,0.014254120591858531,-1.948291870604839e-14,0.014254120591858531,0.9847407887931705,-5,0.626507370520841,5,0.626507370520841,0.5479345775594753,8.022871690991527e-16,0.048227571247054735,3.313493927048214e-11,True,True,True
resolution,N48,48,2.36,10.59095145243378,3,6,-1.1210650463500116e-14,0.030773750005395145,0.030773750005395145,0.991208842516005,7,0.9911421300329661,7,0.9911421300329661,0.04114869931905129,8.022871690991527e-16,0.048227571247054735,3.313493927048214e-11,True,True,True
resolution,N48,48,2.36,10.59095145243378,3,7,3.191891195797325e-16,-0.030773750005315424,0.030773750005315424,0.991208842515662,7,0.991142130033301,7,0.991142130033301,0.041148699317732816,8.022871690991527e-16,0.048227571247054735,3.313493927048214e-11,True,True,True
resolution,N48,48,2.41,11.133961145065307,0,0,2.344747553962955e-14,2.8582666238668368e-11,2.8582675856105945e-11,0.9979197043333163,0,0.9644728164333173,0,0.9644728164333173,0.11066770573623995,5.651946924060366e-16,0.03056491953615149,5.168652197458676e-11,True,True,True
resolution,N48,48,2.41,11.133961145065307,0,1,2.3447475539618e-14,-2.8582666238668342e-11,2.858267585610592e-11,0.9979197043333163,0,0.9644728164333173,0,0.9644728164333173,0.11066770573623992,5.651946924060366e-16,0.03056491953615149,5.168652197458676e-11,True,True,True
resolution,N48,48,2.41,11.133961145065307,0,2,-0.011199030583025661,-1.0881221283765063e-20,0.011199030583025661,0.9982985528883469,4,0.49985821140752684,4,0.9997164228150506,0.4323265708769039,5.651946924060366e-16,0.03056491953615149,5.168652197458676e-11,True,True,True
resolution,N48,48,2.41,11.133961145065307,0,3,0.01119903058304892,1.088125063885823e-20,0.01119903058304892,0.9982985528882948,4,0.4998582114075521,4,0.9997164228151029,0.4323265708766136,5.651946924060366e-16,0.03056491953615149,5.168652197458676e-11,True,True,True
resolution,N48,48,2.41,11.133961145065307,0,4,-0.013930972876489596,7.963020879367716e-21,0.013930972876489596,0.9982802854518676,-4,0.4993953907664799,4,0.9987907815329593,0.43647470155320667,5.651946924060366e-16,0.03056491953615149,5.168652197458676e-11,True,True,True
resolution,N48,48,2.41,11.133961145065307,0,5,0.013930972876395886,-7.96307712943479e-21,0.013930972876395886,0.9982802854519657,4,0.49939539076651873,4,0.9987907815330369,0.43647470155288287,5.651946924060366e-16,0.03056491953615149,5.168652197458676e-11,True,True,True
resolution,N48,48,2.41,11.133961145065307,0,6,-3.841817702365126e-14,-0.04684106368145636,0.04684106368145636,0.9984553743371594,8,0.49938374135442254,8,0.9987674826422178,0.43657179467632207,5.651946924060366e-16,0.03056491953615149,5.168652197458676e-11,True,True,True
resolution,N48,48,2.41,11.133961145065307,0,7,-3.84223902694103e-14,0.04684106368145637,0.04684106368145637,0.9984553743371594,-8,0.4993837413543808,8,0.9987674826422177,0.4365717946763221,5.651946924060366e-16,0.03056491953615149,5.168652197458676e-11,True,True,True
resolution,N48,48,2.41,11.133961145065307,0,8,-3.8316572137375715e-14,0.04742841790719583,0.04742841790719583,0.9996228650298744,-8,0.499889131624917,8,0.9997782631506008,0.431974000806798,5.651946924060366e-16,0.03056491953615149,5.168652197458676e-11,True,True,True
resolution,N48,48,2.41,11.133961145065307,0,9,-3.8332240093586595e-14,-0.047428417907195826,0.047428417907195826,0.9996228650298744,8,0.4998891316248763,8,0.9997782631506007,0.431974000806798,5.651946924060366e-16,0.03056491953615149,5.168652197458676e-11,True,True,True
resolution,N48,48,2.41,11.133961145065307,1,0,-4.048110167648254e-14,0.0003378480384787517,0.0003378480384787517,0.9997237944916835,1,0.9562189695504378,1,0.9562189695504378,0.13460940814028283,8.295797618669866e-16,0.03056491953615149,5.168652197458676e-11,True,True,True
resolution,N48,48,2.41,11.133961145065307,1,1,3.982832121020794e-14,-0.00033784803847461566,0.00033784803847461566,0.9997237944916988,1,0.9562189695500761,1,0.9562189695500761,0.13460940814121874,8.295797618669866e-16,0.03056491953615149,5.168652197458676e-11,True,True,True
resolution,N48,48,2.41,11.133961145065307,1,2,-0.008020272227252009,-6.67483191402848e-14,0.008020272227252009,0.9954940163264934,-3,0.6828028708165459,3,0.6828028708165459,0.4595952740014994,8.295797618669866e-16,0.03056491953615149,5.168652197458676e-11,True,True,True
resolution,N48,48,2.41,11.133961145065307,1,3,0.008020272227276791,1.2695278725186884e-13,0.008020272227276791,0.9954940163307952,-3,0.6828028707873844,3,0.6828028707873844,0.45959527401857025,8.295797618669866e-16,0.03056491953615149,5.168652197458676e-11,True,True,True
resolution,N48,48,2.41,11.133961145065307,1,4,-0.010894319808993318,-4.744634873241305e-14,0.010894319808993318,0.9909862563102426,5,0.6690487163702585,5,0.6690487163702585,0.4985551210320592,8.295797618669866e-16,0.03056491953615149,5.168652197458676e-11,True,True,True
resolution,N48,48,2.41,11.133961145065307,1,5,0.010894319808857276,3.999075336679667e-15,0.010894319808857276,0.9909862563072349,5,0.6690487163871282,5,0.6690487163871282,0.4985551210239501,8.295797618669866e-16,0.03056491953615149,5.168652197458676e-11,True,True,True
resolution,N48,48,2.41,11.133961145065307,1,6,-5.1883844442990323e-14,-0.03217941689497317,0.03217941689497317,0.9970525984358256,-7,0.9971894767343261,7,0.9971894767343261,0.015334169699039626,8.295797618669866e-16,0.03056491953615149,5.168652197458676e-11,True,True,True
resolution,N48,48,2.41,11.133961145065307,1,7,-7.560098380654523e-14,0.03217941689497035,0.03217941689497035,0.9970525984360843,-7,0.9971894767341771,7,0.9971894767341771,0.015334169699730586,8.295797618669866e-16,0.03056491953615149,5.168652197458676e-11,True,True,True
resolution,N48,48,2.41,11.133961145065307,2,0,2.6102946458468597e-14,-0.0046560690453979195,0.0046560690453979195,0.9670454976246802,-2,0.4956373549189513,2,0.9912747098361943,0.5361094556927637,9.317656584606347e-16,0.03056491953615149,5.168652197458676e-11,True,True,True
resolution,N48,48,2.41,11.133961145065307,2,1,2.6104531207860502e-14,0.004656069045397916,0.004656069045397916,0.9670454976246802,2,0.49563735491895067,2,0.991274709836194,0.5361094556927638,9.317656584606347e-16,0.03056491953615149,5.168652197458676e-11,True,True,True
resolution,N48,48,2.41,11.133961145065307,2,2,-0.00897729365390635,-1.4592046314782136e-28,0.00897729365390635,0.9851608439052658,-2,0.4995645974483329,2,0.9991291948966652,0.5050539043017707,9.317656584606347e-16,0.03056491953615149,5.168652197458676e-11,True,True,True
resolution,N48,48,2.41,11.133961145065307,2,3,0.008977293653845822,-1.1283699227508718e-18,0.008977293653845822,0.9851608439038362,2,0.4995645974482936,2,0.9991291948965864,0.5050539043021709,9.317656584606347e-16,0.03056491953615149,5.168652197458676e-11,True,True,True
resolution,N48,48,2.41,11.133961145065307,2,4,-2.2505837273418702e-14,-0.01456786567426136,0.01456786567426136,0.8497178610671645,-6,0.47734297016481775,6,0.9546859403293444,0.6330738006011685,9.317656584606347e-16,0.03056491953615149,5.168652197458676e-11,True,True,True
resolution,N48,48,2.41,11.133961145065307,2,5,-2.2512980385079248e-14,0.014567865674261356,0.014567865674261356,0.8497178610671647,6,0.4773429701648141,6,0.9546859403293443,0.6330738006011685,9.317656584606347e-16,0.03056491953615149,5.168652197458676e-11,True,True,True
resolution,N48,48,2.41,11.133961145065307,2,6,-6.054184931159057e-15,0.017621890394879134,0.017621890394879134,0.9986138863815268,-6,0.4996219386600008,6,0.9992438772952386,0.5044653739270163,9.317656584606347e-16,0.03056491953615149,5.168652197458676e-11,True,True,True
resolution,N48,48,2.41,11.133961145065307,2,7,-6.055035776777655e-15,-0.01762189039487912,0.01762189039487912,0.998613886381527,6,0.49962193866000715,6,0.9992438772952387,0.5044653739270163,9.317656584606347e-16,0.03056491953615149,5.168652197458676e-11,True,True,True
resolution,N48,48,2.41,11.133961145065307,3,0,-4.048142117506309e-14,-0.0003378480384787541,0.0003378480384787541,0.999723794491683,-1,0.9562189695504378,1,0.9562189695504378,0.13460940814028285,8.13273333379192e-16,0.03056491953615149,5.168652197458676e-11,True,True,True
resolution,N48,48,2.41,11.133961145065307,3,1,3.9828451169974616e-14,0.00033784803847461794,0.00033784803847461794,0.9997237944916986,-1,0.9562189695500763,1,0.9562189695500763,0.13460940814121847,8.13273333379192e-16,0.03056491953615149,5.168652197458676e-11,True,True,True
resolution,N48,48,2.41,11.133961145065307,3,2,-0.008020272227251995,6.674914066146931e-14,0.008020272227251995,0.9954940163264931,3,0.6828028708165506,3,0.6828028708165506,0.45959527400149663,8.13273333379192e-16,0.03056491953615149,5.168652197458676e-11,True,True,True
resolution,N48,48,2.41,11.133961145065307,3,3,0.008020272227276795,-1.269535582208469e-13,0.008020272227276795,0.9954940163307952,3,0.68280287078739,3,0.68280287078739,0.4595952740185671,8.13273333379192e-16,0.03056491953615149,5.168652197458676e-11,True,True,True
resolution,N48,48,2.41,11.133961145065307,3,4,-0.01089431980899333,4.744580678223127e-14,0.01089431980899333,0.9909862563102422,-5,0.6690487163702598,5,0.6690487163702598,0.49855512103205835,8.13273333379192e-16,0.03056491953615149,5.168652197458676e-11,True,True,True
resolution,N48,48,2.41,11.133961145065307,3,5,0.010894319808857314,-3.9981145502518854e-15,0.010894319808857314,0.990986256307234,-5,0.6690487163871321,5,0.6690487163871321,0.4985551210239483,8.13273333379192e-16,0.03056491953615149,5.168652197458676e-11,True,True,True
resolution,N48,48,2.41,11.133961145065307,3,6,-5.1903793762964057e-14,0.0321794168949731,0.0321794168949731,0.9970525984358256,7,0.9971894767343261,7,0.9971894767343261,0.015334169699039698,8.13273333379192e-16,0.03056491953615149,5.168652197458676e-11,True,True,True
resolution,N48,48,2.41,11.133961145065307,3,7,-7.562353521173293e-14,-0.03217941689497029,0.03217941689497029,0.9970525984360841,7,0.9971894767341771,7,0.9971894767341771,0.015334169699730666,8.13273333379192e-16,0.03056491953615149,5.168652197458676e-11,True,True,True
resolution,N48,48,2.46,11.704811539980854,0,0,-2.2936775677935962e-14,2.790997566733313e-11,2.7909985092199637e-11,0.9979338963289738,0,0.9793490355496617,0,0.9793490355496617,0.07137983933339241,5.435672011475565e-16,0.019484960611653904,5.828404313974779e-11,True,True,True
resolution,N48,48,2.46,11.704811539980854,0,1,-2.293677567785227e-14,-2.7909975667333134e-11,2.790998509219964e-11,0.9979338963289731,0,0.9793490355496617,0,0.9793490355496617,0.07137983933339244,5.435672011475565e-16,0.019484960611653904,5.828404313974779e-11,True,True,True
resolution,N48,48,2.46,11.704811539980854,0,2,-0.01044898731962172,-9.741630786656493e-24,0.01044898731962172,0.9989977656585783,-4,0.4999334099840511,4,0.9998668199680987,0.4315124719580571,5.435672011475565e-16,0.019484960611653904,5.828404313974779e-11,True,True,True
resolution,N48,48,2.46,11.704811539980854,0,3,0.010448987319656369,9.713268759592364e-24,0.010448987319656369,0.9989977656587576,4,0.49993340998404034,4,0.9998668199680791,0.4315124719581651,5.435672011475565e-16,0.019484960611653904,5.828404313974779e-11,True,True,True
resolution,N48,48,2.46,11.704811539980854,0,4,-0.012120806531235227,6.923664235276924e-21,0.012120806531235227,0.999348375102629,4,0.49979701661365805,4,0.999594033227311,0.4328985611601735,5.435672011475565e-16,0.019484960611653904,5.828404313974779e-11,True,True,True
resolution,N48,48,2.46,11.704811539980854,0,5,0.012120806531269531,-6.923659594924547e-21,0.012120806531269531,0.9993483751025748,4,0.49979701661365783,4,0.9995940332273145,0.43289856116015674,5.435672011475565e-16,0.019484960611653904,5.828404313974779e-11,True,True,True
resolution,N48,48,2.46,11.704811539980854,0,6,-4.892939585657752e-14,-0.04763169901729857,0.04763169901729857,0.9994849447994186,-8,0.49979456276697654,8,0.9995891255086472,0.4329223545592596,5.435672011475565e-16,0.019484960611653904,5.828404313974779e-11,True,True,True
resolution,N48,48,2.46,11.704811539980854,0,7,-4.89313450868778e-14,0.04763169901729859,0.04763169901729859,0.9994849447994189,8,0.4997945627670699,8,0.9995891255086473,0.4329223545592596,5.435672011475565e-16,0.019484960611653904,5.828404313974779e-11,True,True,True
resolution,N48,48,2.46,11.704811539980854,0,8,-1.1650402864660236e-14,0.04787216173310799,0.04787216173310799,0.9997963091224514,8,0.4999448614680627,8,0.9998897226876935,0.43136957203814896,5.435672011475565e-16,0.019484960611653904,5.828404313974779e-11,True,True,True
resolution,N48,48,2.46,11.704811539980854,0,9,-1.1660222697172628e-14,-0.047872161733107974,0.047872161733107974,0.999796309122451,-8,0.49994486146815126,8,0.9998897226876935,0.431369572038149,5.435672011475565e-16,0.019484960611653904,5.828404313974779e-11,True,True,True
resolution,N48,48,2.46,11.704811539980854,1,0,3.0908097592160926e-15,0.00023412522134493954,0.00023412522134493954,0.9998107891866083,1,0.9601160195385238,1,0.9601160195385238,0.12446839252639129,7.471720952109633e-16,0.019484960611653904,5.828404313974779e-11,True,True,True
resolution,N48,48,2.46,11.704811539980854,1,1,-7.693481872122912e-15,-0.00023412522135257566,0.00023412522135257566,0.9998107891866003,1,0.9601160195378036,1,0.9601160195378036,0.12446839252767526,7.471720952109633e-16,0.019484960611653904,5.828404313974779e-11,True,True,True
resolution,N48,48,2.46,11.704811539980854,1,2,-0.006652559448617804,-9.642518865279022e-14,0.006652559448617804,0.9949046404763988,-3,0.7200831493671834,3,0.7200831493671834,0.4337113116848062,7.471720952109633e-16,0.019484960611653904,5.828404313974779e-11,True,True,True
resolution,N48,48,2.46,11.704811539980854,1,3,0.00665255944853735,5.342590526436218e-14,0.00665255944853735,0.9949046404713056,-3,0.7200831493812587,3,0.7200831493812587,0.43371131167520344,7.471720952109633e-16,0.019484960611653904,5.828404313974779e-11,True,True,True
resolution,N48,48,2.46,11.704811539980854,1,4,-0.008481692502881732,4.649783226237959e-14,0.008481692502881732,0.9929563185210054,5,0.7127439284489557,5,0.7127439284489557,0.45761688994723176,7.471720952109633e-16,0.019484960611653904,5.828404313974779e-11,True,True,True
resolution,N48,48,2.46,11.704811539980854,1,5,0.00848169250284043,8.926343742204893e-15,0.00848169250284043,0.9929563185300079,5,0.7127439283859194,5,0.7127439283859194,0.4576168899888768,7.471720952109633e-16,0.019484960611653904,5.828404313974779e-11,True,True,True
resolution,N48,48,2.46,11.704811539980854,1,6,-4.373758299980324e-14,-0.03296769089613763,0.03296769089613763,0.9989749129152858,-7,0.999053809972861,7,0.999053809972861,0.005852860161430755,7.471720952109633e-16,0.019484960611653904,5.828404313974779e-11,True,True,True
resolution,N48,48,2.46,11.704811539980854,1,7,-6.577724476208857e-14,0.032967690896118326,0.032967690896118326,0.9989749129152641,-7,0.9990538099728232,7,0.9990538099728232,0.005852860161647087,7.471720952109633e-16,0.019484960611653904,5.828404313974779e-11,True,True,True
resolution,N48,48,2.46,11.704811539980854,2,0,-2.6762528148938463e-14,-0.0051948728449925045,0.0051948728449925045,0.9964927417951973,2,0.4985044431399076,2,0.9970088862781744,0.5146947984931955,8.775379985359165e-16,0.019484960611653904,5.828404313974779e-11,True,True,True
resolution,N48,48,2.46,11.704811539980854,2,1,-2.676157584781498e-14,0.005194872844992503,0.005194872844992503,0.9964927417951973,-2,0.4985044431399071,2,0.9970088862781745,0.5146947984931955,8.775379985359165e-16,0.019484960611653904,5.828404313974779e-11,True,True,True
resolution,N48,48,2.46,11.704811539980854,2,2,-0.006882157977614733,4.711830012113032e-19,0.006882157977614733,0.983855338524121,2,0.49976745652533744,2,0.9995349130506714,0.5029097168353914,8.775379985359165e-16,0.019484960611653904,5.828404313974779e-11,True,True,True
resolution,N48,48,2.46,11.704811539980854,2,3,0.006882157977562998,-1.2560151526651106e-27,0.006882157977562998,0.9838553385237413,2,0.49976745652534804,2,0.9995349130506952,0.5029097168352605,8.775379985359165e-16,0.019484960611653904,5.828404313974779e-11,True,True,True
resolution,N48,48,2.46,11.704811539980854,2,4,3.204684781432654e-15,-0.01683174029195192,0.01683174029195192,0.9854449465003602,-6,0.49366018533454736,6,0.9873203706435643,0.5490375366925082,8.775379985359165e-16,0.019484960611653904,5.828404313974779e-11,True,True,True
resolution,N48,48,2.46,11.704811539980854,2,5,3.1991277441466966e-15,0.01683174029195191,0.01683174029195191,0.98544494650036,6,0.4936601853345487,6,0.987320370643564,0.5490375366925082,8.775379985359165e-16,0.019484960611653904,5.828404313974779e-11,True,True,True
resolution,N48,48,2.46,11.704811539980854,2,6,-2.026992536759798e-14,0.01820185424714659,0.01820185424714659,0.9991527894015231,-6,0.4997950266368242,6,0.9995900532570796,0.5026020703687206,8.775379985359165e-16,0.019484960611653904,5.828404313974779e-11,True,True,True
resolution,N48,48,2.46,11.704811539980854,2,7,-2.0271978540264968e-14,-0.018201854247146588,0.018201854247146588,0.9991527894015229,6,0.49979502663682374,6,0.9995900532570796,0.5026020703687206,8.775379985359165e-16,0.019484960611653904,5.828404313974779e-11,True,True,True
resolution,N48,48,2.46,11.704811539980854,3,0,3.0903934655126534e-15,-0.00023412522134493748,0.00023412522134493748,0.9998107891866087,-1,0.9601160195385235,1,0.9601160195385235,0.12446839252639183,7.375548298905018e-16,0.019484960611653904,5.828404313974779e-11,True,True,True
resolution,N48,48,2.46,11.704811539980854,3,1,-7.693967959554813e-15,0.00023412522135257292,0.00023412522135257292,0.9998107891866007,-1,0.9601160195378031,1,0.9601160195378031,0.12446839252767591,7.375548298905018e-16,0.019484960611653904,5.828404313974779e-11,True,True,True
resolution,N48,48,2.46,11.704811539980854,3,2,-0.006652559448617817,9.642675955452506e-14,0.006652559448617817,0.9949046404764004,3,0.7200831493671768,3,0.7200831493671768,0.4337113116848108,7.375548298905018e-16,0.019484960611653904,5.828404313974779e-11,True,True,True
resolution,N48,48,2.46,11.704811539980854,3,3,0.006652559448537338,-5.3426529849309467e-14,0.006652559448537338,0.9949046404713062,3,0.7200831493812629,3,0.7200831493812629,0.4337113116752005,7.375548298905018e-16,0.019484960611653904,5.828404313974779e-11,True,True,True
resolution,N48,48,2.46,11.704811539980854,3,4,-0.008481692502881718,-4.649741187944058e-14,0.008481692502881718,0.9929563185210061,-5,0.7127439284489513,5,0.7127439284489513,0.4576168899472346,7.375548298905018e-16,0.019484960611653904,5.828404313974779e-11,True,True,True
resolution,N48,48,2.46,11.704811539980854,3,5,0.008481692502840442,-8.926826420773494e-15,0.008481692502840442,0.9929563185300074,-5,0.7127439283859217,5,0.7127439283859217,0.45761688998887523,7.375548298905018e-16,0.019484960611653904,5.828404313974779e-11,True,True,True
resolution,N48,48,2.46,11.704811539980854,3,6,-4.3728909382423353e-14,0.032967690896137665,0.032967690896137665,0.9989749129152858,7,0.9990538099728609,7,0.9990538099728609,0.005852860161430759,7.375548298905018e-16,0.019484960611653904,5.828404313974779e-11,True,True,True
resolution,N48,48,2.46,11.704811539980854,3,7,-6.577030586818466e-14,-0.03296769089611837,0.03296769089611837,0.9989749129152639,7,0.9990538099728233,7,0.9990538099728233,0.005852860161646926,7.375548298905018e-16,0.019484960611653904,5.828404313974779e-11,True,True,True
resolution,N48,48,2.51,12.30493006051041,0,0,1.1966782348252229e-14,2.920908599118909e-11,2.920908844254744e-11,0.998484578338173,0,0.9889337763367814,0,0.9889337763367814,0.042571878197842486,5.387135744210651e-16,0.012516209340369695,6.858318736885422e-11,True,True,True
resolution,N48,48,2.51,12.30493006051041,0,1,1.1966782348282164e-14,-2.920908599118909e-11,2.920908844254744e-11,0.998484578338173,0,0.9889337763367816,0,0.9889337763367816,0.04257187819784233,5.387135744210651e-16,0.012516209340369695,6.858318736885422e-11,True,True,True
resolution,N48,48,2.51,12.30493006051041,0,2,-0.009839312437786163,9.152947497463965e-22,0.009839312437786163,0.9994652307581652,4,0.4999695810457011,4,0.9999391620913962,0.43108763697511815,5.387135744210651e-16,0.012516209340369695,6.858318736885422e-11,True,True,True
resolution,N48,48,2.51,12.30493006051041,0,3,0.009839312437734877,-9.15301659300238e-22,0.009839312437734877,0.9994652307579321,4,0.49996958104570755,4,0.9999391620914015,0.43108763697507985,5.387135744210651e-16,0.012516209340369695,6.858318736885422e-11,True,True,True
resolution,N48,48,2.51,12.30493006051041,0,4,-0.010875675474129817,1.8973382090270127e-22,0.010875675474129817,0.99975149917273,-4,0.49992805773164284,4,0.9998561154632788,0.43155683350550134,5.387135744210651e-16,0.012516209340369695,6.858318736885422e-11,True,True,True
resolution,N48,48,2.51,12.30493006051041,0,5,0.01087567547416472,-1.8974731180824874e-22,0.01087567547416472,0.999751499172664,-4,0.4999280577316505,4,0.9998561154632915,0.4315568335054324,5.387135744210651e-16,0.012516209340369695,6.858318736885422e-11,True,True,True
resolution,N48,48,2.51,12.30493006051041,0,6,-2.5920238178045452e-14,-0.04805925214813213,0.04805925214813213,0.9998067562538318,8,0.4999274181968951,8,0.9998548360520222,0.43156386232872274,5.387135744210651e-16,0.012516209340369695,6.858318736885422e-11,True,True,True
resolution,N48,48,2.51,12.30493006051041,0,7,-2.5917375474332742e-14,0.04805925214813212,0.04805925214813212,0.9998067562538318,-8,0.49992741819518455,8,0.9998548360520222,0.4315638623287227,5.387135744210651e-16,0.012516209340369695,6.858318736885422e-11,True,True,True
resolution,N48,48,2.51,12.30493006051041,0,8,1.3064804106094703e-14,0.048158313113341775,0.048158313113341775,0.9998942357392715,-8,0.49997371901733867,8,0.9999474378496196,0.4310310495479985,5.387135744210651e-16,0.012516209340369695,6.858318736885422e-11,True,True,True
resolution,N48,48,2.51,12.30493006051041,0,9,1.3052059433249497e-14,-0.04815831311334177,0.04815831311334177,0.9998942357392717,8,0.49997371901582666,8,0.9999474378496196,0.4310310495479985,5.387135744210651e-16,0.012516209340369695,6.858318736885422e-11,True,True,True
resolution,N48,48,2.51,12.30493006051041,1,0,-1.6569709175497918e-14,0.000163737262171017,0.000163737262171017,0.9999049214520553,1,0.962182587157998,1,0.962182587157998,0.1188577693352136,8.7066120292889915e-16,0.012516209340369695,6.858318736885422e-11,True,True,True
resolution,N48,48,2.51,12.30493006051041,1,1,2.0114480954181024e-14,-0.00016373726217070074,0.00016373726217070074,0.9999049214520378,1,0.9621825871583227,1,0.9621825871583227,0.11885776933479873,8.7066120292889915e-16,0.012516209340369695,6.858318736885422e-11,True,True,True
resolution,N48,48,2.51,12.30493006051041,1,2,-0.005462602544801521,-2.2818274100209435e-14,0.005462602544801521,0.9944185876534299,-3,0.7632123261457492,3,0.7632123261457492,0.3987972486502286,8.7066120292889915e-16,0.012516209340369695,6.858318736885422e-11,True,True,True
resolution,N48,48,2.51,12.30493006051041,1,3,0.005462602544748993,2.8136390981327798e-14,0.005462602544748993,0.9944185876524676,-3,0.763212326167277,3,0.763212326167277,0.3987972486321451,8.7066120292889915e-16,0.012516209340369695,6.858318736885422e-11,True,True,True
resolution,N48,48,2.51,12.30493006051041,1,4,-0.006659884801133263,-3.4992232820472455e-14,0.006659884801133263,0.9934268716319237,5,0.7591871164049473,5,0.7591871164049473,0.4145840277451763,8.7066120292889915e-16,0.012516209340369695,6.858318736885422e-11,True,True,True
resolution,N48,48,2.51,12.30493006051041,1,5,0.006659884801181781,5.6554154011983503e-14,0.006659884801181781,0.9934268716262717,5,0.7591871163859505,5,0.7591871163859505,0.41458402776065467,8.7066120292889915e-16,0.012516209340369695,6.858318736885422e-11,True,True,True
resolution,N48,48,2.51,12.30493006051041,1,6,2.3939183968479938e-14,-0.03343101959522928,0.03343101959522928,0.9996096018687397,-7,0.999660234092129,7,0.999660234092129,0.002326669149203187,8.7066120292889915e-16,0.012516209340369695,6.858318736885422e-11,True,True,True
resolution,N48,48,2.51,12.30493006051041,1,7,-5.9934696094998685e-15,0.033431019595245075,0.033431019595245075,0.9996096018687719,-7,0.9996602340920819,7,0.9996602340920819,0.0023266691494856504,8.7066120292889915e-16,0.012516209340369695,6.858318736885422e-11,True,True,True
resolution,N48,48,2.51,12.30493006051041,2,0,1.8080125371675277e-14,-0.00559032005819236,0.00559032005819236,0.9983434160636153,2,0.4993922801493428,2,0.9987845602897343,0.5067615663943005,8.983573414771998e-16,0.012516209340369695,6.858318736885422e-11,True,True,True
resolution,N48,48,2.51,12.30493006051041,2,1,1.807972685128762e-14,0.005590320058192363,0.005590320058192363,0.9983434160636155,-2,0.4993922801493419,2,0.9987845602897343,0.5067615663943006,8.983573414771998e-16,0.012516209340369695,6.858318736885422e-11,True,True,True
resolution,N48,48,2.51,12.30493006051041,2,2,-0.004709204760303731,6.080482439334825e-20,0.004709204760303731,0.9819954573588577,2,0.49988811707038405,2,0.9997762341407673,0.5015180562377272,8.983573414771998e-16,0.012516209340369695,6.858318736885422e-11,True,True,True
resolution,N48,48,2.51,12.30493006051041,2,3,0.004709204760340798,3.3583231181345004e-28,0.004709204760340798,0.9819954573603071,2,0.4998881170703798,2,0.999776234140759,0.5015180562377775,8.983573414771998e-16,0.012516209340369695,6.858318736885422e-11,True,True,True
resolution,N48,48,2.51,12.30493006051041,2,4,-1.3970161832910222e-14,-0.017975960356246296,0.017975960356246296,0.9963698046143069,-6,0.4978600370424306,6,0.9957200740051827,0.5199183513252273,8.983573414771998e-16,0.012516209340369695,6.858318736885422e-11,True,True,True
resolution,N48,48,2.51,12.30493006051041,2,5,-1.3966747762664873e-14,0.017975960356246278,0.017975960356246278,0.9963698046143071,6,0.49786003704241566,6,0.9957200740051826,0.5199183513252273,8.983573414771998e-16,0.012516209340369695,6.858318736885422e-11,True,True,True
resolution,N48,48,2.51,12.30493006051041,2,6,2.262413470674114e-14,0.01862330052806918,0.01862330052806918,0.9995148128353616,6,0.49989432203063494,6,0.9997886440154886,0.5014425658860411,8.983573414771998e-16,0.012516209340369695,6.858318736885422e-11,True,True,True
resolution,N48,48,2.51,12.30493006051041,2,7,2.2624263573689518e-14,-0.01862330052806921,0.01862330052806921,0.9995148128353616,-6,0.49989432203061146,6,0.9997886440154886,0.5014425658860411,8.983573414771998e-16,0.012516209340369695,6.858318736885422e-11,True,True,True
resolution,N48,48,2.51,12.30493006051041,3,0,-1.6569571169044657e-14,-0.0001637372621710236,0.0001637372621710236,0.9999049214520553,-1,0.9621825871579981,1,0.9621825871579981,0.11885776933521335,7.78269649091414e-16,0.012516209340369695,6.858318736885422e-11,True,True,True
resolution,N48,48,2.51,12.30493006051041,3,1,2.0114744692883203e-14,0.0001637372621707074,0.0001637372621707074,0.9999049214520382,-1,0.9621825871583227,1,0.9621825871583227,0.11885776933479866,7.78269649091414e-16,0.012516209340369695,6.858318736885422e-11,True,True,True
resolution,N48,48,2.51,12.30493006051041,3,2,-0.005462602544801507,2.2817268362431462e-14,0.005462602544801507,0.994418587653429,3,0.7632123261457525,3,0.7632123261457525,0.3987972486502258,7.78269649091414e-16,0.012516209340369695,6.858318736885422e-11,True,True,True
resolution,N48,48,2.51,12.30493006051041,3,3,0.0054626025447489955,-2.813589502023108e-14,0.0054626025447489955,0.9944185876524683,3,0.7632123261672736,3,0.7632123261672736,0.398797248632148,7.78269649091414e-16,0.012516209340369695,6.858318736885422e-11,True,True,True
resolution,N48,48,2.51,12.30493006051041,3,4,-0.006659884801133266,3.499184563939876e-14,0.006659884801133266,0.993426871631923,-5,0.7591871164049477,5,0.7591871164049477,0.4145840277451759,7.78269649091414e-16,0.012516209340369695,6.858318736885422e-11,True,True,True
resolution,N48,48,2.51,12.30493006051041,3,5,0.006659884801181769,-5.655449892223253e-14,0.006659884801181769,0.9934268716262717,-5,0.7591871163859522,5,0.7591871163859522,0.41458402776065334,7.78269649091414e-16,0.012516209340369695,6.858318736885422e-11,True,True,True
resolution,N48,48,2.51,12.30493006051041,3,6,2.3908826307650344e-14,0.03343101959522915,0.03343101959522915,0.999609601868739,7,0.999660234092129,7,0.999660234092129,0.00232666914920326,7.78269649091414e-16,0.012516209340369695,6.858318736885422e-11,True,True,True
resolution,N48,48,2.51,12.30493006051041,3,7,-6.0021432268797525e-15,-0.03343101959524494,0.03343101959524494,0.9996096018687717,7,0.9996602340920818,7,0.9996602340920818,0.0023266691494858004,7.78269649091414e-16,0.012516209340369695,6.858318736885422e-11,True,True,True
resolution,N48,48,2.56,12.935817315543076,0,0,-9.299269719666728e-15,2.9232996968427696e-11,2.9232998447516806e-11,0.9990775007189979,0,0.9943834285375728,0,0.9943834285375728,0.023983045912839306,5.393962437874248e-16,0.008104392343469477,7.414100440700592e-11,True,True,True
resolution,N48,48,2.56,12.935817315543076,0,1,-9.299269719607282e-15,-2.92329969684277e-11,2.923299844751681e-11,0.9990775007189977,0,0.9943834285375727,0,0.9943834285375727,0.02398304591283936,5.393962437874248e-16,0.008104392343469477,7.414100440700592e-11,True,True,True
resolution,N48,48,2.56,12.935817315543076,0,2,-0.00936149315610372,5.276257907913565e-22,0.00936149315610372,0.9997287965655038,4,0.4999862488077112,4,0.9999724976154196,0.4308758528250678,5.393962437874248e-16,0.008104392343469477,7.414100440700592e-11,True,True,True
resolution,N48,48,2.56,12.935817315543076,0,3,0.009361493156032605,-5.276197970077941e-22,0.009361493156032605,0.9997287965654741,4,0.49998624880772335,4,0.9999724976154225,0.4308758528250461,5.393962437874248e-16,0.008104392343469477,7.414100440700592e-11,True,True,True
resolution,N48,48,2.56,12.935817315543076,0,4,-0.010009209701207904,-7.284413607266016e-22,0.010009209701207904,0.9999097774749308,-4,0.49997330652856453,4,0.9999466130571218,0.43103606451147314,5.393962437874248e-16,0.008104392343469477,7.414100440700592e-11,True,True,True
resolution,N48,48,2.56,12.935817315543076,0,5,0.010009209701198434,7.284734573008131e-22,0.010009209701198434,0.9999097774749788,-4,0.49997330652857797,4,0.9999466130571268,0.4310360645114428,5.393962437874248e-16,0.008104392343469477,7.414100440700592e-11,True,True,True
resolution,N48,48,2.56,12.935817315543076,0,6,-2.061892323546033e-14,-0.04830583564947906,0.04830583564947906,0.999919881986524,-8,0.499973067478698,8,0.9999461345408505,0.43103898817359276,5.393962437874248e-16,0.008104392343469477,7.414100440700592e-11,True,True,True
resolution,N48,48,2.56,12.935817315543076,0,7,-2.0626905670933916e-14,0.04830583564947905,0.04830583564947905,0.999919881986524,8,0.4999730674793126,8,0.9999461345408505,0.4310389881735928,5.393962437874248e-16,0.008104392343469477,7.414100440700592e-11,True,True,True
resolution,N48,48,2.56,12.935817315543076,0,8,-2.5230125011655987e-16,0.04834686866267174,0.04834686866267174,0.9999454960737695,8,0.499987734331396,8,0.9999754682306203,0.43085361543966494,5.393962437874248e-16,0.008104392343469477,7.414100440700592e-11,True,True,True
resolution,N48,48,2.56,12.935817315543076,0,9,-2.706168622523819e-16,-0.04834686866267175,0.04834686866267175,0.9999454960737701,-8,0.49998773433239835,8,0.9999754682306206,0.4308536154396648,5.393962437874248e-16,0.008104392343469477,7.414100440700592e-11,True,True,True
resolution,N48,48,2.56,12.935817315543076,1,0,-2.0766344726222085e-14,0.00011678605043702279,0.00011678605043702279,0.9999541181832886,1,0.9614407122047745,1,0.9614407122047745,0.12018894036969702,8.1161114022362e-16,0.008104392343469477,7.414100440700592e-11,True,True,True
resolution,N48,48,2.56,12.935817315543076,1,1,1.8319911248868158e-14,-0.0001167860504318392,0.0001167860504318392,0.9999541181833261,1,0.9614407122072253,1,0.9614407122072253,0.12018894036474619,8.1161114022362e-16,0.008104392343469477,7.414100440700592e-11,True,True,True
resolution,N48,48,2.56,12.935817315543076,1,2,-0.004409924400660899,-4.6948520080270004e-14,0.004409924400660899,0.9938119116740963,-3,0.8103404157323193,3,0.8103404157323193,0.3529506583119778,8.1161114022362e-16,0.008104392343469477,7.414100440700592e-11,True,True,True
resolution,N48,48,2.56,12.935817315543076,1,3,0.004409924400616825,6.452323635175243e-14,0.004409924400616825,0.9938119116737291,-3,0.8103404157549274,3,0.8103404157549274,0.3529506582878854,8.1161114022362e-16,0.008104392343469477,7.414100440700592e-11,True,True,True
resolution,N48,48,2.56,12.935817315543076,1,4,-0.005218070634430019,-3.53575368454923e-14,0.005218070634430019,0.9932600637252159,5,0.8080793761420462,5,0.8080793761420462,0.3639526528682704,8.1161114022362e-16,0.008104392343469477,7.414100440700592e-11,True,True,True
resolution,N48,48,2.56,12.935817315543076,1,5,0.0052180706344915895,1.1781311001971889e-14,0.0052180706344915895,0.9932600637248004,5,0.8080793761267835,5,0.8080793761267835,0.36395265288400486,8.1161114022362e-16,0.008104392343469477,7.414100440700592e-11,True,True,True
resolution,N48,48,2.56,12.935817315543076,1,6,1.4179629692634421e-14,-0.03371671362486387,0.03371671362486387,0.9998366798045296,-7,0.9998707740383568,7,0.9998707740383568,0.0009645204012421674,8.1161114022362e-16,0.008104392343469477,7.414100440700592e-11,True,True,True
resolution,N48,48,2.56,12.935817315543076,1,7,4.109559914589056e-15,0.03371671362489616,0.03371671362489616,0.9998366798045094,-7,0.9998707740383477,7,0.9998707740383477,0.000964520401301242,8.1161114022362e-16,0.008104392343469477,7.414100440700592e-11,True,True,True
resolution,N48,48,2.56,12.935817315543076,2,0,9.08955792035004e-15,-0.0058771323736515535,0.0058771323736515535,0.9990466792667736,2,0.49974002240042714,2,0.9994800447976722,0.5032111510261897,8.96148838700655e-16,0.008104392343469477,7.414100440700592e-11,True,True,True
resolution,N48,48,2.56,12.935817315543076,2,1,9.092031788999711e-15,0.005877132373651554,0.005877132373651554,0.9990466792667736,-2,0.4997400224004273,2,0.9994800447976723,0.5032111510261896,8.96148838700655e-16,0.008104392343469477,7.414100440700592e-11,True,True,True
resolution,N48,48,2.56,12.935817315543076,2,2,-0.0019202079778752592,1.747877191283957e-28,0.0019202079778752592,0.969697573678969,2,0.499949287561881,2,0.9998985751237617,0.5007459760453339,8.96148838700655e-16,0.008104392343469477,7.414100440700592e-11,True,True,True
resolution,N48,48,2.56,12.935817315543076,2,3,0.0019202079779338031,-4.696471036891673e-28,0.0019202079779338031,0.9696975736795407,-2,0.4999492875618833,2,0.9998985751237663,0.5007459760453027,8.96148838700655e-16,0.008104392343469477,7.414100440700592e-11,True,True,True
resolution,N48,48,2.56,12.935817315543076,2,4,-3.954865948618824e-14,-0.018615204047501714,0.018615204047501714,0.9988000351648315,6,0.4992096760364455,6,0.9984193520523473,0.5084934714254316,8.96148838700655e-16,0.008104392343469477,7.414100440700592e-11,True,True,True
resolution,N48,48,2.56,12.935817315543076,2,5,-3.95435445984824e-14,0.01861520404750171,0.01861520404750171,0.9988000351648313,-6,0.49920967603642297,6,0.9984193520523474,0.5084934714254316,8.96148838700655e-16,0.008104392343469477,7.414100440700592e-11,True,True,True
resolution,N48,48,2.56,12.935817315543076,2,6,-3.890114224140799e-15,0.018929497851234992,0.018929497851234992,0.9997302747788188,-6,0.49994700846707346,6,0.9998940167814614,0.5007761413466455,8.96148838700655e-16,0.008104392343469477,7.414100440700592e-11,True,True,True
resolution,N48,48,2.56,12.935817315543076,2,7,-3.8892500331400015e-15,-0.018929497851234992,0.018929497851234992,0.9997302747788186,6,0.49994700846705953,6,0.9998940167814614,0.5007761413466455,8.96148838700655e-16,0.008104392343469477,7.414100440700592e-11,True,True,True
resolution,N48,48,2.56,12.935817315543076,3,0,-2.0766960142871347e-14,-0.0001167860504370346,0.0001167860504370346,0.9999541181832888,-1,0.9614407122047743,1,0.9614407122047743,0.12018894036969752,7.761582466185694e-16,0.008104392343469477,7.414100440700592e-11,True,True,True
resolution,N48,48,2.56,12.935817315543076,3,1,1.8319363078655742e-14,0.00011678605043185103,0.00011678605043185103,0.9999541181833266,-1,0.9614407122072252,1,0.9614407122072252,0.12018894036474663,7.761582466185694e-16,0.008104392343469477,7.414100440700592e-11,True,True,True
resolution,N48,48,2.56,12.935817315543076,3,2,-0.004409924400660909,4.694853062118711e-14,0.004409924400660909,0.9938119116740977,3,0.8103404157323187,3,0.8103404157323187,0.3529506583119783,7.761582466185694e-16,0.008104392343469477,7.414100440700592e-11,True,True,True
resolution,N48,48,2.56,12.935817315543076,3,3,0.004409924400616824,-6.452311055597514e-14,0.004409924400616824,0.9938119116737284,3,0.8103404157549243,3,0.8103404157549243,0.35295065828788863,7.761582466185694e-16,0.008104392343469477,7.414100440700592e-11,True,True,True
resolution,N48,48,2.56,12.935817315543076,3,4,-0.005218070634430026,3.5357226231787214e-14,0.005218070634430026,0.9932600637252155,-5,0.8080793761420482,5,0.8080793761420482,0.3639526528682684,7.761582466185694e-16,0.008104392343469477,7.414100440700592e-11,True,True,True
resolution,N48,48,2.56,12.935817315543076,3,5,0.005218070634491578,-1.1781256866443204e-14,0.005218070634491578,0.9932600637248008,-5,0.8080793761267835,5,0.8080793761267835,0.3639526528840047,7.761582466185694e-16,0.008104392343469477,7.414100440700592e-11,True,True,True
resolution,N48,48,2.56,12.935817315543076,3,6,1.4155343563970746e-14,0.03371671362486386,0.03371671362486386,0.9998366798045298,7,0.9998707740383568,7,0.9998707740383568,0.0009645204012421106,7.761582466185694e-16,0.008104392343469477,7.414100440700592e-11,True,True,True
resolution,N48,48,2.56,12.935817315543076,3,7,4.0870085094013575e-15,-0.03371671362489612,0.03371671362489612,0.9998366798045099,7,0.9998707740383477,7,0.9998707740383477,0.0009645204013011848,7.761582466185694e-16,0.008104392343469477,7.414100440700592e-11,True,True,True
resolution,N48,48,2.61,13.599050851830924,0,0,-2.0764915183296795e-14,2.932748977013113e-11,2.932749712128276e-11,0.9994911742343359,0,0.997250897903686,0,0.997250897903686,0.012961594849947623,5.391726037379315e-16,0.0052886362227990815,7.637040399540675e-11,True,True,True
resolution,N48,48,2.61,13.599050851830924,0,1,-2.0764915183143977e-14,-2.932748977013108e-11,2.932749712128271e-11,0.9994911742343354,0,0.997250897903686,0,0.997250897903686,0.012961594849947617,5.391726037379315e-16,0.0052886362227990815,7.637040399540675e-11,True,True,True
resolution,N48,48,2.61,13.599050851830924,0,2,-0.008992164911616213,1.3256374436509736e-21,0.008992164911616213,0.9998657701220385,4,0.4999937976442529,4,0.9999875952885021,0.43077255552549537,5.391726037379315e-16,0.0052886362227990815,7.637040399540675e-11,True,True,True
resolution,N48,48,2.61,13.599050851830924,0,3,0.008992164911578256,-1.3256272077251726e-21,0.008992164911578256,0.999865770122088,-4,0.499993797644258,4,0.9999875952885044,0.43077255552548077,5.391726037379315e-16,0.0052886362227990815,7.637040399540675e-11,True,True,True
resolution,N48,48,2.61,13.599050851830924,0,4,-0.009399180352323998,-2.319290299878919e-21,0.009399180352323998,0.9999698751744962,-4,0.4999896948515261,4,0.9999793897030516,0.43082753588423145,5.391726037379315e-16,0.0052886362227990815,7.637040399540675e-11,True,True,True
resolution,N48,48,2.61,13.599050851830924,0,5,0.009399180352300298,2.319327269431378e-21,0.009399180352300298,0.999969875174514,4,0.4999896948515373,4,0.9999793897030581,0.4308275358841876,5.391726037379315e-16,0.0052886362227990815,7.637040399540675e-11,True,True,True
resolution,N48,48,2.61,13.599050851830924,0,6,1.4042586538032253e-14,-0.04845654741707466,0.04845654741707466,0.9999639443076962,8,0.4999895849102072,8,0.9999791668596884,0.43082902908406384,5.391726037379315e-16,0.0052886362227990815,7.637040399540675e-11,True,True,True
resolution,N48,48,2.61,13.599050851830924,0,7,1.4046157181430992e-14,0.04845654741707464,0.04845654741707464,0.9999639443076962,-8,0.4999895849105216,8,0.9999791668596885,0.4308290290840639,5.391726037379315e-16,0.0052886362227990815,7.637040399540675e-11,True,True,True
resolution,N48,48,2.61,13.599050851830924,0,8,1.0582025078770578e-15,0.04847362319566405,0.04847362319566405,0.9999716942514365,8,0.49999433439582286,8,0.9999886675686847,0.43076378605490606,5.391726037379315e-16,0.0052886362227990815,7.637040399540675e-11,True,True,True
resolution,N48,48,2.61,13.599050851830924,0,9,1.061650767297806e-15,-0.04847362319566408,0.04847362319566408,0.9999716942514363,-8,0.49999433439549695,8,0.9999886675686848,0.43076378605490606,5.391726037379315e-16,0.0052886362227990815,7.637040399540675e-11,True,True,True
resolution,N48,48,2.61,13.599050851830924,1,0,-1.8723867043388725e-14,8.63081743955279e-05,8.63081743955279e-05,0.9997320190498028,1,0.9552195714468397,1,0.9552195714468397,0.13435126317067142,8.056654078686645e-16,0.0052886362227990815,7.637040399540675e-11,True,True,True
resolution,N48,48,2.61,13.599050851830924,1,1,1.523463218948938e-14,-8.630817439770461e-05,8.630817439770461e-05,0.9997320190497543,1,0.9552195714488917,1,0.9552195714488917,0.13435126316584675,8.056654078686645e-16,0.0052886362227990815,7.637040399540675e-11,True,True,True
resolution,N48,48,2.61,13.599050851830924,1,2,-0.003449525613251415,-2.6201771674256778e-14,0.003449525613251415,0.9928772384664923,-3,0.8596574527529487,3,0.8596574527529487,0.2942578804635731,8.056654078686645e-16,0.0052886362227990815,7.637040399540675e-11,True,True,True
resolution,N48,48,2.61,13.599050851830924,1,3,0.003449525613217511,4.374797531405769e-14,0.003449525613217511,0.9928772384756659,-3,0.8596574527260833,3,0.8596574527260833,0.29425788049901375,8.056654078686645e-16,0.0052886362227990815,7.637040399540675e-11,True,True,True
resolution,N48,48,2.61,13.599050851830924,1,4,-0.004017138401903252,7.479891961593525e-15,0.004017138401903252,0.9926294457961057,5,0.8580474748758007,5,0.8580474748758007,0.3027083758289639,8.056654078686645e-16,0.0052886362227990815,7.637040399540675e-11,True,True,True
resolution,N48,48,2.61,13.599050851830924,1,5,0.004017138401963075,-3.19667272458133e-15,0.004017138401963075,0.9926294458095376,5,0.8580474747948925,5,0.8580474747948925,0.30270837593434646,8.056654078686645e-16,0.0052886362227990815,7.637040399540675e-11,True,True,True
resolution,N48,48,2.61,13.599050851830924,1,6,-1.2663481374630692e-14,-0.03390057985991567,0.03390057985991567,0.9999259757457556,-7,0.9999484829514439,7,0.9999484829514439,0.0004148731848422231,8.056654078686645e-16,0.0052886362227990815,7.637040399540675e-11,True,True,True
resolution,N48,48,2.61,13.599050851830924,1,7,-1.3216858163467293e-14,0.03390057985992287,0.03390057985992287,0.9999259757457425,-7,0.9999484829514638,7,0.9999484829514638,0.00041487318470095094,8.056654078686645e-16,0.0052886362227990815,7.637040399540675e-11,True,True,True
resolution,N48,48,2.61,13.599050851830924,2,0,-1.2055861703162723e-14,-0.006088080568689981,0.006088080568689981,0.9994260713612484,-2,0.4998866468500171,2,0.9997732936982273,0.50153586937937,9.639545717835555e-16,0.0052886362227990815,7.637040399540675e-11,True,True,True
resolution,N48,48,2.61,13.599050851830924,2,1,-1.2053094422023287e-14,0.006088080568689977,0.006088080568689977,0.9994260713612484,2,0.49988664685001744,2,0.9997732936982273,0.50153586937937,9.639545717835555e-16,0.0052886362227990815,7.637040399540675e-11,True,True,True
resolution,N48,48,2.61,13.599050851830924,2,2,-1.6218303231866117e-14,0.003117378755247289,0.003117378755247289,0.9501954796386621,-2,0.49997626238959564,2,0.9999525247740331,0.5003751759736729,9.639545717835555e-16,0.0052886362227990815,7.637040399540675e-11,True,True,True
resolution,N48,48,2.61,13.599050851830924,2,3,-1.621674106045475e-14,-0.0031173787552472893,0.0031173787552472893,0.95019547963727,2,0.4999762623895963,2,0.9999525247740333,0.5003751759736729,9.639545717835555e-16,0.0052886362227990815,7.637040399540675e-11,True,True,True
resolution,N48,48,2.61,13.599050851830924,2,4,-1.8790524691780774e-14,-0.01899736906609769,0.01899736906609769,0.9995413849118802,-6,0.4996924516969658,6,0.9993849032242501,0.50372414962788,9.639545717835555e-16,0.0052886362227990815,7.637040399540675e-11,True,True,True
resolution,N48,48,2.61,13.599050851830924,2,5,-1.8789075859335748e-14,0.018997369066097697,0.018997369066097697,0.9995413849118804,6,0.4996924516970458,6,0.9993849032242503,0.5037241496278799,9.639545717835555e-16,0.0052886362227990815,7.637040399540675e-11,True,True,True
resolution,N48,48,2.61,13.599050851830924,2,6,2.981642851780822e-14,0.019152586020943295,0.019152586020943295,0.9998515598182844,6,0.499973784958766,6,0.9999475695992242,0.5004105796928187,9.639545717835555e-16,0.0052886362227990815,7.637040399540675e-11,True,True,True
resolution,N48,48,2.61,13.599050851830924,2,7,2.9819896552041314e-14,-0.019152586020943278,0.019152586020943278,0.9998515598182844,-6,0.499973784958822,6,0.9999475695992242,0.5004105796928187,9.639545717835555e-16,0.0052886362227990815,7.637040399540675e-11,True,True,True
resolution,N48,48,2.61,13.599050851830924,3,0,-1.872443154994186e-14,-8.630817439552606e-05,8.630817439552606e-05,0.999732019049803,-1,0.9552195714468392,1,0.9552195714468392,0.13435126317067234,7.629874730976086e-16,0.0052886362227990815,7.637040399540675e-11,True,True,True
resolution,N48,48,2.61,13.599050851830924,3,1,1.5234070363265185e-14,8.630817439770281e-05,8.630817439770281e-05,0.9997320190497541,-1,0.9552195714488915,1,0.9552195714488915,0.1343512631658474,7.629874730976086e-16,0.0052886362227990815,7.637040399540675e-11,True,True,True
resolution,N48,48,2.61,13.599050851830924,3,2,-0.003449525613251424,2.6201864790430205e-14,0.003449525613251424,0.9928772384664932,3,0.8596574527529414,3,0.8596574527529414,0.2942578804635827,7.629874730976086e-16,0.0052886362227990815,7.637040399540675e-11,True,True,True
resolution,N48,48,2.61,13.599050851830924,3,3,0.0034495256132175112,-4.374803717438866e-14,0.0034495256132175112,0.9928772384756663,3,0.8596574527260807,3,0.8596574527260807,0.29425788049901713,7.629874730976086e-16,0.0052886362227990815,7.637040399540675e-11,True,True,True
resolution,N48,48,2.61,13.599050851830924,3,4,-0.004017138401903244,-7.480066663108523e-15,0.004017138401903244,0.9926294457961052,-5,0.8580474748758014,5,0.8580474748758014,0.30270837582896304,7.629874730976086e-16,0.0052886362227990815,7.637040399540675e-11,True,True,True
resolution,N48,48,2.61,13.599050851830924,3,5,0.004017138401963071,3.1968484313774045e-15,0.004017138401963071,0.9926294458095383,-5,0.8580474747948906,5,0.8580474747948906,0.3027083759343489,7.629874730976086e-16,0.0052886362227990815,7.637040399540675e-11,True,True,True
resolution,N48,48,2.61,13.599050851830924,3,6,-1.2656542480726785e-14,0.033900579859915674,0.033900579859915674,0.9999259757457556,7,0.9999484829514439,7,0.9999484829514439,0.0004148731848422355,7.629874730976086e-16,0.0052886362227990815,7.637040399540675e-11,True,True,True
resolution,N48,48,2.61,13.599050851830924,3,7,-1.3206449822611432e-14,-0.03390057985992288,0.03390057985992288,0.9999259757457427,7,0.9999484829514638,7,0.9999484829514638,0.0004148731847009633,7.629874730976086e-16,0.0052886362227990815,7.637040399540675e-11,True,True,True
resolution,N48,48,2.66,14.296289098677603,0,0,3.0503421762689914e-15,2.917663316649503e-11,2.917663332594775e-11,0.9997378593496337,0,0.9986850462697405,0,0.9986850462697405,0.006802927136571278,5.196615212897464e-16,0.0034763879798598366,1.0666413249286239e-10,True,True,True
resolution,N48,48,2.66,14.296289098677603,0,1,3.050342176226772e-15,-2.91766331664951e-11,2.9176633325947824e-11,0.9997378593496341,0,0.9986850462697405,0,0.9986850462697405,0.006802927136571276,5.196615212897464e-16,0.0034763879798598366,1.0666413249286239e-10,True,True,True
resolution,N48,48,2.66,14.296289098677603,0,2,-0.008707878789182232,-1.0503971989325805e-21,0.008707878789182232,0.9999340872230633,-4,0.4999971977189982,4,0.9999943954379455,0.43072268866590974,5.196615212897464e-16,0.0034763879798598366,1.0666413249286239e-10,True,True,True
resolution,N48,48,2.66,14.296289098677603,0,3,0.008707878789200263,1.050354250796659e-21,0.008707878789200263,0.9999340872231066,-4,0.49999719771898865,4,0.9999943954379475,0.4307226886658954,5.196615212897464e-16,0.0034763879798598366,1.0666413249286239e-10,True,True,True
resolution,N48,48,2.66,14.296289098677603,0,4,-0.008964597441222848,-2.9348921755691886e-21,0.008964597441222848,0.9999910369220711,4,0.49999588230010533,4,0.9999917646001611,0.4307415793807236,5.196615212897464e-16,0.0034763879798598366,1.0666413249286239e-10,True,True,True
resolution,N48,48,2.66,14.296289098677603,0,5,0.008964597441200843,2.9348136883726318e-21,0.008964597441200843,0.9999910369220623,4,0.49999588230010167,4,0.9999917646001604,0.4307415793807303,5.196615212897464e-16,0.0034763879798598366,1.0666413249286239e-10,True,True,True
resolution,N48,48,2.66,14.296289098677603,0,6,-3.615163715871146e-14,-0.048553338566499855,0.048553338566499855,0.9999826734974618,-8,0.49999583088057276,8,0.9999916553415481,0.4307423736801417,5.196615212897464e-16,0.0034763879798598366,1.0666413249286239e-10,True,True,True
resolution,N48,48,2.66,14.296289098677603,0,7,-3.6155106686308613e-14,0.04855333856649985,0.04855333856649985,0.9999826734974614,8,0.49999583088102484,8,0.9999916553415482,0.4307423736801417,5.196615212897464e-16,0.0034763879798598366,1.0666413249286239e-10,True,True,True
resolution,N48,48,2.66,14.296289098677603,0,8,-2.0969337377607644e-14,0.04856047228345809,0.04856047228345809,0.9999850809109196,8,0.49999739436554025,8,0.999994787975603,0.43071919094658756,5.196615212897464e-16,0.0034763879798598366,1.0666413249286239e-10,True,True,True
resolution,N48,48,2.66,14.296289098677603,0,9,-2.0967766295456205e-14,-0.048560472283458125,0.048560472283458125,0.9999850809109194,-8,0.4999973943664984,8,0.999994787975603,0.43071919094658756,5.196615212897464e-16,0.0034763879798598366,1.0666413249286239e-10,True,True,True
resolution,N48,48,2.66,14.296289098677603,1,0,-7.724476266915495e-15,6.84061202074872e-05,6.84061202074872e-05,0.9974999301548476,1,0.9325982931000513,1,0.9325982931000513,0.18172344789618608,8.001068871026339e-16,0.0034763879798598366,1.0666413249286239e-10,True,True,True
resolution,N48,48,2.66,14.296289098677603,1,1,6.325835320188986e-15,-6.840612021028618e-05,6.840612021028618e-05,0.9974999301543072,1,0.9325982930997886,1,0.9325982930997886,0.1817234478937882,8.001068871026339e-16,0.0034763879798598366,1.0666413249286239e-10,True,True,True
resolution,N48,48,2.66,14.296289098677603,1,2,-0.0025242781007658796,-1.3047732246660482e-13,0.0025242781007658796,0.9910952263712847,-3,0.9095653299187264,3,0.9095653299187264,0.22015413650640597,8.001068871026339e-16,0.0034763879798598366,1.0666413249286239e-10,True,True,True
resolution,N48,48,2.66,14.296289098677603,1,3,0.002524278100744004,8.971619393270047e-14,0.002524278100744004,0.9910952263778817,-3,0.9095653298725893,3,0.9095653298725893,0.22015413658340496,8.001068871026339e-16,0.0034763879798598366,1.0666413249286239e-10,True,True,True
resolution,N48,48,2.66,14.296289098677603,1,4,-0.002948251641694334,-1.7026489714146865e-14,0.002948251641694334,0.9912292954504041,5,0.9075192846944824,5,0.9075192846944824,0.22855562208396163,8.001068871026339e-16,0.0034763879798598366,1.0666413249286239e-10,True,True,True
resolution,N48,48,2.66,14.296289098677603,1,5,0.002948251641748151,3.330824084712072e-14,0.002948251641748151,0.9912292954236979,5,0.9075192847248535,5,0.9075192847248535,0.2285556220335572,8.001068871026339e-16,0.0034763879798598366,1.0666413249286239e-10,True,True,True
resolution,N48,48,2.66,14.296289098677603,1,6,4.760081218080359e-15,-0.03402327563002377,0.03402327563002377,0.9999642526722057,-7,0.9999786897395044,7,0.9999786897395044,0.00018388650706450754,8.001068871026339e-16,0.0034763879798598366,1.0666413249286239e-10,True,True,True
resolution,N48,48,2.66,14.296289098677603,1,7,7.834011217511261e-15,0.03402327563003755,0.03402327563003755,0.9999642526722181,-7,0.999978689739493,7,0.999978689739493,0.00018388650715197235,8.001068871026339e-16,0.0034763879798598366,1.0666413249286239e-10,True,True,True
resolution,N48,48,2.66,14.296289098677603,2,0,-1.8247208137021093e-14,-0.006245940251969421,0.006245940251969421,0.9996495779332308,2,0.4999501491821265,2,0.9999002983571669,0.5007345342221646,9.63371267178531e-16,0.0034763879798598366,1.0666413249286239e-10,True,True,True
resolution,N48,48,2.66,14.296289098677603,2,1,-1.8250532983363485e-14,0.006245940251969426,0.006245940251969426,0.9996495779332308,-2,0.49995014918212727,2,0.9999002983571668,0.5007345342221646,9.63371267178531e-16,0.0034763879798598366,1.0666413249286239e-10,True,True,True
resolution,N48,48,2.66,14.296289098677603,2,2,-2.2330211645980797e-14,0.004405538554221205,0.004405538554221205,0.9947040236175064,2,0.49998867188725615,2,0.9999773437697704,0.5001911326179352,9.63371267178531e-16,0.0034763879798598366,1.0666413249286239e-10,True,True,True
resolution,N48,48,2.66,14.296289098677603,2,3,-2.2329731670549483e-14,-0.004405538554221208,0.004405538554221208,0.9947040236175062,-2,0.4999886718872557,2,0.9999773437697705,0.5001911326179352,9.63371267178531e-16,0.0034763879798598366,1.0666413249286239e-10,True,True,True
resolution,N48,48,2.66,14.296289098677603,2,4,-2.042350311354334e-14,-0.019238303900785753,0.019238303900785753,0.9998074262937164,6,0.4998761394416732,6,0.9997522787945637,0.5016623964840989,9.63371267178531e-16,0.0034763879798598366,1.0666413249286239e-10,True,True,True
resolution,N48,48,2.66,14.296289098677603,2,5,-2.0436777270482764e-14,0.01923830390078577,0.01923830390078577,0.9998074262937169,-6,0.4998761394422494,6,0.9997522787945639,0.5016623964840987,9.63371267178531e-16,0.0034763879798598366,1.0666413249286239e-10,True,True,True
resolution,N48,48,2.66,14.296289098677603,2,6,7.70911112724093e-15,0.019315859731979836,0.019315859731979836,0.9999182405762346,-6,0.499987097800825,6,0.9999741952218772,0.5002152722156293,9.63371267178531e-16,0.0034763879798598366,1.0666413249286239e-10,True,True,True
resolution,N48,48,2.66,14.296289098677603,2,7,7.723003778730577e-15,-0.019315859731979846,0.019315859731979846,0.9999182405762346,6,0.49998709780143635,6,0.9999741952218772,0.5002152722156292,9.63371267178531e-16,0.0034763879798598366,1.0666413249286239e-10,True,True,True
resolution,N48,48,2.66,14.296289098677603,3,0,-7.724962834261635e-15,-6.840612020748651e-05,6.840612020748651e-05,0.9974999301548485,-1,0.9325982931000527,1,0.9325982931000527,0.18172344789618328,7.768658586858609e-16,0.0034763879798598366,1.0666413249286239e-10,True,True,True
resolution,N48,48,2.66,14.296289098677603,3,1,6.325344040923446e-15,6.840612021028545e-05,6.840612021028545e-05,0.9974999301543074,-1,0.9325982930997899,1,0.9325982930997899,0.18172344789378556,7.768658586858609e-16,0.0034763879798598366,1.0666413249286239e-10,True,True,True
resolution,N48,48,2.66,14.296289098677603,3,2,-0.002524278100765875,1.3047736490122412e-13,0.002524278100765875,0.9910952263712831,3,0.9095653299187272,3,0.9095653299187272,0.22015413650640445,7.768658586858609e-16,0.0034763879798598366,1.0666413249286239e-10,True,True,True
resolution,N48,48,2.66,14.296289098677603,3,3,0.002524278100744001,-8.971641654921959e-14,0.002524278100744001,0.9910952263778815,3,0.9095653298725891,3,0.9095653298725891,0.22015413658340532,7.768658586858609e-16,0.0034763879798598366,1.0666413249286239e-10,True,True,True
resolution,N48,48,2.66,14.296289098677603,3,4,-0.0029482516416943333,1.7026831719158093e-14,0.0029482516416943333,0.9912292954504061,-5,0.9075192846944748,5,0.9075192846944748,0.2285556220839743,7.768658586858609e-16,0.0034763879798598366,1.0666413249286239e-10,True,True,True
resolution,N48,48,2.66,14.296289098677603,3,5,0.0029482516417481497,-3.330835683076447e-14,0.0029482516417481497,0.9912292954236979,-5,0.9075192847248506,5,0.9075192847248506,0.22855562203356214,7.768658586858609e-16,0.0034763879798598366,1.0666413249286239e-10,True,True,True
resolution,N48,48,2.66,14.296289098677603,3,6,4.769622197198231e-15,0.03402327563002387,0.03402327563002387,0.9999642526722057,7,0.9999786897395044,7,0.9999786897395044,0.00018388650706448444,7.768658586858609e-16,0.0034763879798598366,1.0666413249286239e-10,True,True,True
resolution,N48,48,2.66,14.296289098677603,3,7,7.834011217511261e-15,-0.034023275630037646,0.034023275630037646,0.9999642526722179,7,0.999978689739493,7,0.999978689739493,0.00018388650715194944,7.768658586858609e-16,0.0034763879798598366,1.0666413249286239e-10,True,True,True
resolution,N48,48,2.71,15.029275514875401,0,0,2.346899969111542e-14,2.898811695608428e-11,2.898812645642294e-11,0.9998706263582513,0,0.9993797851832861,0,0.9993797851832861,0.003498418171086295,5.45681228269902e-16,0.002300485600889577,1.0029313478489117e-10,True,True,True
resolution,N48,48,2.71,15.029275514875401,0,1,2.346899969111215e-14,-2.898811695608429e-11,2.8988126456422948e-11,0.9998706263582513,0,0.9993797851832861,0,0.9993797851832861,0.0034984181710862963,5.45681228269902e-16,0.002300485600889577,1.0029313478489117e-10,True,True,True
resolution,N48,48,2.71,15.029275514875401,0,2,-0.008489047087321159,5.179904803461586e-22,0.008489047087321159,0.9999675402288355,-4,0.499998729295295,4,0.9999974585905019,0.430698722368619,5.45681228269902e-16,0.002300485600889577,1.0029313478489117e-10,True,True,True
resolution,N48,48,2.71,15.029275514875401,0,3,0.008489047087360908,-5.179683454202351e-22,0.008489047087360908,0.9999675402288422,-4,0.4999987292952752,4,0.9999974585905007,0.43069872236862966,5.45681228269902e-16,0.002300485600889577,1.0029313478489117e-10,True,True,True
resolution,N48,48,2.71,15.029275514875401,0,4,-0.008651397538768672,2.3960945996905786e-22,0.008651397538768672,0.9999977076697061,4,0.49999830507750986,4,0.9999966101549216,0.43070519167899335,5.45681228269902e-16,0.002300485600889577,1.0029313478489117e-10,True,True,True
resolution,N48,48,2.71,15.029275514875401,0,5,0.008651397538764866,-2.3958468124673083e-22,0.008651397538764866,0.9999977076697063,4,0.49999830507748566,4,0.9999966101549211,0.430705191678996,5.45681228269902e-16,0.002300485600889577,1.0029313478489117e-10,True,True,True
resolution,N48,48,2.71,15.029275514875401,0,6,-3.663309111851551e-15,-0.04861807221493449,0.04861807221493449,0.9999912334286758,-8,0.4999982807666814,8,0.9999965570868528,0.43070560670859814,5.45681228269902e-16,0.002300485600889577,1.0029313478489117e-10,True,True,True
resolution,N48,48,2.71,15.029275514875401,0,7,-3.665470704738993e-15,0.0486180722149345,0.0486180722149345,0.999991233428676,8,0.4999982807649222,8,0.9999965570868528,0.4307056067085982,5.45681228269902e-16,0.002300485600889577,1.0029313478489117e-10,True,True,True
resolution,N48,48,2.71,15.029275514875401,0,8,2.0747292772682613e-15,0.048621062135001995,0.048621062135001995,0.9999919974139663,-8,0.4999988034057002,8,0.9999976051798074,0.4306973040580688,5.45681228269902e-16,0.002300485600889577,1.0029313478489117e-10,True,True,True
resolution,N48,48,2.71,15.029275514875401,0,9,2.0665841116059183e-15,-0.048621062135002016,0.048621062135002016,0.9999919974139672,8,0.4999988034141354,8,0.9999976051798074,0.43069730405806883,5.45681228269902e-16,0.002300485600889577,1.0029313478489117e-10,True,True,True
resolution,N48,48,2.71,15.029275514875401,1,0,3.769169060213422e-15,6.587914640132331e-05,6.587914640132331e-05,0.9596400769647115,1,0.8008145363893092,1,0.8008145363893092,0.3730508780194523,8.050531488391442e-16,0.002300485600889577,1.0029313478489117e-10,True,True,True
resolution,N48,48,2.71,15.029275514875401,1,1,-4.583512563271566e-15,-6.587914640508888e-05,6.587914640508888e-05,0.9596400769551396,1,0.8008145363687786,1,0.8008145363687786,0.3730508780041371,8.050531488391442e-16,0.002300485600889577,1.0029313478489117e-10,True,True,True
resolution,N48,48,2.71,15.029275514875401,1,2,-0.0015147171932651245,-2.655525092444622e-13,0.0015147171932651245,0.9850739456552929,-3,0.9610353144027064,3,0.9610353144027064,0.1198470404674542,8.050531488391442e-16,0.002300485600889577,1.0029313478489117e-10,True,True,True
resolution,N48,48,2.71,15.029275514875401,1,3,0.0015147171932587565,2.511845972071963e-13,0.0015147171932587565,0.9850739456341943,-3,0.9610353144101043,3,0.9610353144101043,0.11984704045031315,8.050531488391442e-16,0.002300485600889577,1.0029313478489117e-10,True,True,True
resolution,N48,48,2.71,15.029275514875401,1,4,-0.0018812309774487062,-5.945661741905842e-14,0.0018812309774487062,0.9864902153578492,5,0.9568650481772568,5,0.9568650481772568,0.1338229460622509,8.050531488391442e-16,0.002300485600889577,1.0029313478489117e-10,True,True,True
resolution,N48,48,2.71,15.029275514875401,1,5,0.00188123097746163,4.1594394412352205e-14,0.00188123097746163,0.9864902154148536,5,0.9568650480871984,5,0.9568650480871984,0.1338229462660953,8.050531488391442e-16,0.002300485600889577,1.0029313478489117e-10,True,True,True
resolution,N48,48,2.71,15.029275514875401,1,6,-5.847752837517817e-15,-0.03410763368317282,0.03410763368317282,0.9999818712689633,-7,0.9999909295250073,7,0.9999909295250073,8.343631121418911e-05,8.050531488391442e-16,0.002300485600889577,1.0029313478489117e-10,True,True,True
resolution,N48,48,2.71,15.029275514875401,1,7,5.488665077990618e-15,0.03410763368318149,0.03410763368318149,0.99998187126896,-7,0.9999909295250051,7,0.9999909295250051,8.343631123297156e-05,8.050531488391442e-16,0.002300485600889577,1.0029313478489117e-10,True,True,True
resolution,N48,48,2.71,15.029275514875401,2,0,1.1572737052922044e-15,-0.006365997037464182,0.006365997037464182,0.999784813936749,2,0.49997796056680266,2,0.9999559211116162,0.5003506963937973,9.117714406166297e-16,0.002300485600889577,1.0029313478489117e-10,True,True,True
resolution,N48,48,2.71,15.029275514875401,2,1,1.1560391958027905e-15,0.006365997037464186,0.006365997037464186,0.9997848139367488,-2,0.49997796056680593,2,0.9999559211116164,0.5003506963937973,9.117714406166297e-16,0.002300485600889577,1.0029313478489117e-10,True,True,True
resolution,N48,48,2.71,15.029275514875401,2,2,6.786785473974821e-15,0.005140784220409577,0.005140784220409577,0.9984855249752521,2,0.4999945837808266,2,0.999989167556049,0.500097150605289,9.117714406166297e-16,0.002300485600889577,1.0029313478489117e-10,True,True,True
resolution,N48,48,2.71,15.029275514875401,2,3,6.785252849353348e-15,-0.0051407842204095775,0.0051407842204095775,0.9984855249752517,-2,0.49999458378082107,2,0.999989167556049,0.500097150605289,9.117714406166297e-16,0.002300485600889577,1.0029313478489117e-10,True,True,True
resolution,N48,48,2.71,15.029275514875401,2,4,7.708243765502942e-15,-0.019396936742899648,0.019396936742899648,0.9999132734109761,-6,0.4999488717788059,6,0.9998977424350908,0.5007514972907566,9.117714406166297e-16,0.002300485600889577,1.0029313478489117e-10,True,True,True
resolution,N48,48,2.71,15.029275514875401,2,5,7.710500353073597e-15,0.019396936742899634,0.019396936742899634,0.9999132734109759,6,0.49994887177910174,6,0.9998977424350909,0.5007514972907566,9.117714406166297e-16,0.002300485600889577,1.0029313478489117e-10,True,True,True
resolution,N48,48,2.71,15.029275514875401,2,6,1.3378189900845752e-14,0.019436017716519035,0.019436017716519035,0.9999546691318475,6,0.4999936534803949,6,0.999987306950554,0.5001123860853572,9.117714406166297e-16,0.002300485600889577,1.0029313478489117e-10,True,True,True
resolution,N48,48,2.71,15.029275514875401,2,7,1.3378187446733136e-14,-0.01943601771651905,0.01943601771651905,0.9999546691318475,-6,0.49999365348072533,6,0.9999873069505539,0.5001123860853572,9.117714406166297e-16,0.002300485600889577,1.0029313478489117e-10,True,True,True
resolution,N48,48,2.71,15.029275514875401,3,0,3.769904183425807e-15,-6.587914640133345e-05,6.587914640133345e-05,0.9596400769647083,-1,0.8008145363893084,1,0.8008145363893084,0.3730508780194564,7.786057957785152e-16,0.002300485600889577,1.0029313478489117e-10,True,True,True
resolution,N48,48,2.71,15.029275514875401,3,1,-4.582725667929743e-15,6.587914640509906e-05,6.587914640509906e-05,0.9596400769551369,-1,0.8008145363687781,1,0.8008145363687781,0.373050878004141,7.786057957785152e-16,0.002300485600889577,1.0029313478489117e-10,True,True,True
resolution,N48,48,2.71,15.029275514875401,3,2,-0.0015147171932651247,2.6555249554503286e-13,0.0015147171932651247,0.9850739456552929,3,0.9610353144027067,3,0.9610353144027067,0.11984704046745323,7.786057957785152e-16,0.002300485600889577,1.0029313478489117e-10,True,True,True
resolution,N48,48,2.71,15.029275514875401,3,3,0.0015147171932587554,-2.511842939980487e-13,0.0015147171932587554,0.9850739456341936,3,0.9610353144101056,3,0.9610353144101056,0.11984704045031008,7.786057957785152e-16,0.002300485600889577,1.0029313478489117e-10,True,True,True
resolution,N48,48,2.71,15.029275514875401,3,4,-0.0018812309774487086,5.945672479681178e-14,0.0018812309774487086,0.9864902153578468,-5,0.9568650481772571,5,0.9568650481772571,0.13382294606224993,7.786057957785152e-16,0.002300485600889577,1.0029313478489117e-10,True,True,True
resolution,N48,48,2.71,15.029275514875401,3,5,0.0018812309774616355,-4.159433217169685e-14,0.0018812309774616355,0.9864902154148516,-5,0.9568650480871995,5,0.9568650480871995,0.1338229462660928,7.786057957785152e-16,0.002300485600889577,1.0029313478489117e-10,True,True,True
resolution,N48,48,2.71,15.029275514875401,3,6,-5.857293816635689e-15,0.034107633683172864,0.034107633683172864,0.9999818712689627,7,0.9999909295250073,7,0.9999909295250073,8.343631121417927e-05,7.786057957785152e-16,0.002300485600889577,1.0029313478489117e-10,True,True,True
resolution,N48,48,2.71,15.029275514875401,3,7,5.478256737134757e-15,-0.03410763368318151,0.03410763368318151,0.99998187126896,7,0.9999909295250052,7,0.9999909295250052,8.343631123288184e-05,7.786057957785152e-16,0.002300485600889577,1.0029313478489117e-10,True,True,True
resolution,N48,48,2.76,15.799842948260395,0,0,-3.1252153693749486e-16,2.9017650245620514e-11,2.9017650247303452e-11,0.999938061680808,0,0.9997097753581249,0,0.9997097753581249,0.001774029262928849,5.371655983341939e-16,0.001531642260258253,1.0926523223737799e-10,True,True,True
resolution,N48,48,2.76,15.799842948260395,0,1,-3.1252153661601496e-16,-2.9017650245620514e-11,2.9017650247303452e-11,0.9999380616808085,0,0.9997097753581249,0,0.9997097753581249,0.0017740292629288485,5.371655983341939e-16,0.001531642260258253,1.0926523223737799e-10,True,True,True
resolution,N48,48,2.76,15.799842948260395,0,2,-0.008320316447412152,-2.2004056983809166e-23,0.008320316447412152,0.9999838528747602,-4,0.49999942115031404,4,0.9999988423005115,0.4306872194427749,5.371655983341939e-16,0.001531642260258253,1.0926523223737799e-10,True,True,True
resolution,N48,48,2.76,15.799842948260395,0,3,0.008320316447410856,2.2019953228379907e-23,0.008320316447410856,0.9999838528747451,-4,0.4999994211504254,4,0.9999988423005134,0.4306872194427584,5.371655983341939e-16,0.001531642260258253,1.0926523223737799e-10,True,True,True
resolution,N48,48,2.76,15.799842948260395,0,4,-0.008423184899220124,6.28040498983667e-23,0.008423184899220124,0.9999994817028709,4,0.4999992843744347,4,0.999998568748846,0.43068941445122405,5.371655983341939e-16,0.001531642260258253,1.0926523223737799e-10,True,True,True
resolution,N48,48,2.76,15.799842948260395,0,5,0.008423184899228274,-6.27867237193051e-23,0.008423184899228274,0.9999994817028705,4,0.49999928437459423,4,0.9999985687488462,0.43068941445122144,5.371655983341939e-16,0.001531642260258253,1.0926523223737799e-10,True,True,True
resolution,N48,48,2.76,15.799842948260395,0,6,7.740336149808513e-15,-0.04866278767348167,0.04866278767348167,0.9999953828985125,8,0.49999927959675744,8,0.9999985434345564,0.43068962597279004,5.371655983341939e-16,0.001531642260258253,1.0926523223737799e-10,True,True,True
resolution,N48,48,2.76,15.799842948260395,0,7,7.744002099573243e-15,0.04866278767348165,0.04866278767348165,0.9999953828985121,-8,0.49999927961672286,8,0.9999985434345564,0.43068962597279004,5.371655983341939e-16,0.001531642260258253,1.0926523223737799e-10,True,True,True
resolution,N48,48,2.76,15.799842948260395,0,8,6.828582289435133e-15,0.04866404422269692,0.04866404422269692,0.9999956296430874,-8,0.49999944978003974,8,0.9999988983552379,0.43068663294286597,5.371655983341939e-16,0.001531642260258253,1.0926523223737799e-10,True,True,True
resolution,N48,48,2.76,15.799842948260395,0,9,6.807054919732991e-15,-0.04866404422269689,0.04866404422269689,0.9999956296430874,8,0.4999994497949094,8,0.999998898355238,0.43068663294286597,5.371655983341939e-16,0.001531642260258253,1.0926523223737799e-10,True,True,True
resolution,N48,48,2.76,15.799842948260395,1,0,1.1953925262847553e-13,0.0008610010379839652,0.0008610010379839652,0.19819976517086846,-3,0.9712985198665296,3,0.9712985198665296,0.09475496869675008,7.608806961647619e-16,0.001531642260258253,1.0926523223737799e-10,True,True,True
resolution,N48,48,2.76,15.799842948260395,1,1,-1.7131364686215345e-13,-0.0008610010379873738,0.0008610010379873738,0.19819976518181862,-3,0.9712985198906006,3,0.9712985198906006,0.09475496863561021,7.608806961647619e-16,0.001531642260258253,1.0926523223737799e-10,True,True,True
resolution,N48,48,2.76,15.799842948260395,1,2,-0.00010226218743935012,-1.1111036007428351e-13,0.00010226218743935012,0.465969478508804,1,0.33699155534527137,1,0.33699155534527137,0.7924648355875236,7.608806961647619e-16,0.001531642260258253,1.0926523223737799e-10,True,True,True
resolution,N48,48,2.76,15.799842948260395,1,3,0.00010226218740264308,8.062035407780759e-14,0.00010226218740264308,0.4659694783932211,1,0.33699155558298144,1,0.33699155558298144,0.7924648355847579,7.608806961647619e-16,0.001531642260258253,1.0926523223737799e-10,True,True,True
resolution,N48,48,2.76,15.799842948260395,1,4,6.3839775187064e-15,-0.00035963480445013607,0.00035963480445013607,0.8798578641053296,5,0.9287423743275695,5,0.9287423743275695,0.21534014151792075,7.608806961647619e-16,0.001531642260258253,1.0926523223737799e-10,True,True,True
resolution,N48,48,2.76,15.799842948260395,1,5,4.624416372689556e-14,0.0003596348044990756,0.0003596348044990756,0.8798578640382643,5,0.9287423742148386,5,0.9287423742148386,0.21534014174368116,7.608806961647619e-16,0.001531642260258253,1.0926523223737799e-10,True,True,True
resolution,N48,48,2.76,15.799842948260395,1,6,-6.217248937900877e-15,-0.0341670618163735,0.0341670618163735,0.9999904519028421,-7,0.9999960526891484,7,0.9999960526891484,3.854598019933248e-05,7.608806961647619e-16,0.001531642260258253,1.0926523223737799e-10,True,True,True
resolution,N48,48,2.76,15.799842948260395,1,7,9.169748294013402e-15,0.03416706181637155,0.03416706181637155,0.9999904519028405,-7,0.9999960526891487,7,0.9999960526891487,3.854598019669926e-05,7.608806961647619e-16,0.001531642260258253,1.0926523223737799e-10,True,True,True
resolution,N48,48,2.76,15.799842948260395,2,0,9.962827522122383e-15,-0.006458559342933537,0.006458559342933537,0.9998674627311066,2,0.49999021308481917,2,0.9999804261681312,0.5001671937525314,8.880345486171231e-16,0.001531642260258253,1.0926523223737799e-10,True,True,True
resolution,N48,48,2.76,15.799842948260395,2,1,9.962899057538454e-15,0.006458559342933543,0.006458559342933543,0.999867462731107,-2,0.49999021308481817,2,0.9999804261681312,0.5001671937525314,8.880345486171231e-16,0.001531642260258253,1.0926523223737799e-10,True,True,True
resolution,N48,48,2.76,15.799842948260395,2,2,1.2741768174108141e-14,0.005615498365976696,0.005615498365976696,0.9994271601870716,2,0.49999740262013226,2,0.9999948052030037,0.5000493432792444,8.880345486171231e-16,0.001531642260258253,1.0926523223737799e-10,True,True,True
resolution,N48,48,2.76,15.799842948260395,2,3,1.2743212142429722e-14,-0.005615498365976695,0.005615498365976695,0.9994271601870713,-2,0.49999740262013054,2,0.9999948052030037,0.5000493432792444,8.880345486171231e-16,0.001531642260258253,1.0926523223737799e-10,True,True,True
resolution,N48,48,2.76,15.799842948260395,2,4,-1.0379985075390987e-14,-0.019505160754264644,0.019505160754264644,0.9999586781738977,-6,0.49997849035595043,6,0.9999569797472493,0.5003430281905805,8.880345486171231e-16,0.001531642260258253,1.0926523223737799e-10,True,True,True
resolution,N48,48,2.76,15.799842948260395,2,5,-1.0370176939389353e-14,0.019505160754264665,0.019505160754264665,0.9999586781738977,6,0.49997849035451813,6,0.9999569797472494,0.5003430281905804,8.880345486171231e-16,0.001531642260258253,1.0926523223737799e-10,True,True,True
resolution,N48,48,2.76,15.799842948260395,2,6,-6.2450045135165055e-15,0.019524979744490353,0.019524979744490353,0.9999746304359929,-6,0.4999968736641258,6,0.9999937463593473,0.5000585639775982,8.880345486171231e-16,0.001531642260258253,1.0926523223737799e-10,True,True,True
resolution,N48,48,2.76,15.799842948260395,2,7,-6.258882498896444e-15,-0.019524979744490332,0.019524979744490332,0.9999746304359929,6,0.4999968736655264,6,0.9999937463593471,0.5000585639775982,8.880345486171231e-16,0.001531642260258253,1.0926523223737799e-10,True,True,True
resolution,N48,48,2.76,15.799842948260395,3,0,1.1953957788912728e-13,-0.0008610010379839663,0.0008610010379839663,0.1981997651708697,3,0.97129851986653,3,0.97129851986653,0.09475496869674922,7.554016132127605e-16,0.001531642260258253,1.0926523223737799e-10,True,True,True
resolution,N48,48,2.76,15.799842948260395,3,1,-1.713128879206327e-13,0.0008610010379873735,0.0008610010379873735,0.19819976518181984,3,0.971298519890601,3,0.971298519890601,0.09475496863560923,7.554016132127605e-16,0.001531642260258253,1.0926523223737799e-10,True,True,True
resolution,N48,48,2.76,15.799842948260395,3,2,-0.00010226218743934815,1.1111033891296912e-13,0.00010226218743934815,0.4659694785088066,-1,0.33699155534527425,1,0.33699155534527425,0.7924648355875236,7.554016132127605e-16,0.001531642260258253,1.0926523223737799e-10,True,True,True
resolution,N48,48,2.76,15.799842948260395,3,3,0.00010226218740264255,-8.062032751136887e-14,0.00010226218740264255,0.4659694783932217,-1,0.3369915555829849,1,0.3369915555829849,0.7924648355847579,7.554016132127605e-16,0.001531642260258253,1.0926523223737799e-10,True,True,True
resolution,N48,48,2.76,15.799842948260395,3,4,6.383261693193592e-15,0.00035963480445013596,0.00035963480445013596,0.8798578641053296,-5,0.9287423743275686,5,0.9287423743275686,0.21534014151792266,7.554016132127605e-16,0.001531642260258253,1.0926523223737799e-10,True,True,True
resolution,N48,48,2.76,15.799842948260395,3,5,4.6243474443314e-14,-0.000359634804499076,0.000359634804499076,0.8798578640382653,-5,0.9287423742148377,5,0.9287423742148377,0.21534014174368304,7.554016132127605e-16,0.001531642260258253,1.0926523223737799e-10,True,True,True
resolution,N48,48,2.76,15.799842948260395,3,6,-6.251943407420413e-15,0.034167061816373454,0.034167061816373454,0.9999904519028427,7,0.9999960526891485,7,0.9999960526891485,3.8545980199252404e-05,7.554016132127605e-16,0.001531642260258253,1.0926523223737799e-10,True,True,True
resolution,N48,48,2.76,15.799842948260395,3,7,9.131584377541913e-15,-0.03416706181637152,0.03416706181637152,0.999990451902841,7,0.9999960526891488,7,0.9999960526891488,3.854598019661874e-05,7.554016132127605e-16,0.001531642260258253,1.0926523223737799e-10,True,True,True
resolution,N48,48,2.81,16.6099182187867,0,0,-5.3771792599863855e-15,2.913153079418523e-11,2.9131531290452606e-11,0.9999707117796932,0,0.999864692573586,0,0.999864692573586,0.000891242939065447,5.456729829094877e-16,0.0010253965436936143,1.4125685537063413e-10,True,True,True
resolution,N48,48,2.81,16.6099182187867,0,1,-5.3771792593995235e-15,-2.91315307941856e-11,2.913153129045297e-11,0.999970711779693,0,0.9998646925735861,0,0.9998646925735861,0.0008912429390653786,5.456729829094877e-16,0.0010253965436936143,1.4125685537063413e-10,True,True,True
resolution,N48,48,2.81,16.6099182187867,0,2,-0.008189935325254114,4.230885100087373e-23,0.008189935325254114,0.9999918485609856,-4,0.49999973498648115,4,0.9999994699727914,0.43068169617259533,5.456729829094877e-16,0.0010253965436936143,1.4125685537063413e-10,True,True,True
resolution,N48,48,2.81,16.6099182187867,0,3,0.008189935325284555,-4.249622154572803e-23,0.008189935325284555,0.9999918485609951,4,0.4999997349864122,4,0.9999994699727917,0.43068169617259366,5.456729829094877e-16,0.0010253965436936143,1.4125685537063413e-10,True,True,True
resolution,N48,48,2.81,16.6099182187867,0,4,-0.008255206768261494,1.2001605747552498e-22,0.008255206768261494,0.999999819631956,4,0.49999969123656113,4,0.9999993824729481,0.4306824276048254,5.456729829094877e-16,0.0010253965436936143,1.4125685537063413e-10,True,True,True
resolution,N48,48,2.81,16.6099182187867,0,5,0.008255206768252168,-1.2025394301231287e-22,0.008255206768252168,0.9999998196319558,4,0.4999996912364939,4,0.9999993824729481,0.4306824276048263,5.456729829094877e-16,0.0010253965436936143,1.4125685537063413e-10,True,True,True
resolution,N48,48,2.81,16.6099182187867,0,6,3.8614944575243726e-15,-0.048694469702075374,0.048694469702075374,0.9999974913359092,8,0.4999997064112798,8,0.999999370557302,0.43068253338723816,5.456729829094877e-16,0.0010253965436936143,1.4125685537063413e-10,True,True,True
resolution,N48,48,2.81,16.6099182187867,0,7,3.858277770160071e-15,0.0486944697020754,0.0486944697020754,0.9999974913359094,-8,0.49999970637066093,8,0.999999370557302,0.43068253338723816,5.456729829094877e-16,0.0010253965436936143,1.4125685537063413e-10,True,True,True
resolution,N48,48,2.81,16.6099182187867,0,8,8.180955912706622e-15,0.04869499898182083,0.04869499898182083,0.9999975721999125,-8,0.4999997556648549,8,0.9999994919670248,0.43068144850122075,5.456729829094877e-16,0.0010253965436936143,1.4125685537063413e-10,True,True,True
resolution,N48,48,2.81,16.6099182187867,0,9,8.18789480661053e-15,-0.048694998981820795,0.048694998981820795,0.999997572199912,8,0.4999997556587701,8,0.9999994919670248,0.4306814485012208,5.456729829094877e-16,0.0010253965436936143,1.4125685537063413e-10,True,True,True
resolution,N48,48,2.81,16.6099182187867,1,0,1.6655064204669368e-13,0.001728834137781423,0.001728834137781423,0.9228310468729324,-3,0.8139621595795172,3,0.8139621595795172,0.34698259967792777,7.576668961123651e-16,0.0010253965436936143,1.4125685537063413e-10,True,True,True
resolution,N48,48,2.81,16.6099182187867,1,1,-1.5781046648907166e-13,-0.001728834137814221,0.001728834137814221,0.9228310469278987,-3,0.8139621597176493,3,0.8139621597176493,0.34698259953047456,7.576668961123651e-16,0.0010253965436936143,1.4125685537063413e-10,True,True,True
resolution,N48,48,2.81,16.6099182187867,1,2,-2.1111545304286004e-05,-1.342615707497095e-14,2.1111545304286004e-05,0.4605943216907095,1,0.9712950137164121,1,0.9712950137164121,0.09520049243509619,7.576668961123651e-16,0.0010253965436936143,1.4125685537063413e-10,True,True,True
resolution,N48,48,2.81,16.6099182187867,1,3,2.111154530209198e-05,1.3887849168758688e-14,2.111154530209198e-05,0.4605943219484758,1,0.9712950137158354,1,0.9712950137158354,0.09520049243614442,7.576668961123651e-16,0.0010253965436936143,1.4125685537063413e-10,True,True,True
resolution,N48,48,2.81,16.6099182187867,1,4,7.306872121248809e-15,-0.0016707166193735276,0.0016707166193735276,0.9406228835685917,5,0.8223809218058522,5,0.8223809218058522,0.33928792243264705,7.576668961123651e-16,0.0010253965436936143,1.4125685537063413e-10,True,True,True
resolution,N48,48,2.81,16.6099182187867,1,5,-2.657443489242186e-14,0.0016707166194019694,0.0016707166194019694,0.9406228834374185,5,0.8223809213122902,5,0.8223809213122902,0.3392879229778388,7.576668961123651e-16,0.0010253965436936143,1.4125685537063413e-10,True,True,True
resolution,N48,48,2.81,16.6099182187867,1,6,-3.95516952522712e-16,-0.03420976148607898,0.03420976148607898,0.9999948203036195,-7,0.9999982518983581,7,0.9999982518983581,1.8056426062674817e-05,7.576668961123651e-16,0.0010253965436936143,1.4125685537063413e-10,True,True,True
resolution,N48,48,2.81,16.6099182187867,1,7,-2.192690473634684e-15,0.03420976148606478,0.03420976148606478,0.9999948203036193,-7,0.9999982518983577,7,0.9999982518983577,1.805642606779227e-05,7.576668961123651e-16,0.0010253965436936143,1.4125685537063413e-10,True,True,True
resolution,N48,48,2.81,16.6099182187867,2,0,-4.838533159885416e-15,-0.006530701321781144,0.006530701321781144,0.9999182146124297,2,0.49999563477581765,2,0.999991269524118,0.5000796577219776,9.193913600469103e-16,0.0010253965436936143,1.4125685537063413e-10,True,True,True
resolution,N48,48,2.81,16.6099182187867,2,1,-4.8390864944020964e-15,0.006530701321781145,0.006530701321781145,0.9999182146124299,-2,0.4999956347758106,2,0.999991269524118,0.5000796577219776,9.193913600469103e-16,0.0010253965436936143,1.4125685537063413e-10,True,True,True
resolution,N48,48,2.81,16.6099182187867,2,2,-1.3695952848934956e-15,0.005938803733572102,0.005938803733572102,0.9997532933301516,2,0.4999987497810492,2,0.9999974995568056,0.5000250695409554,9.193913600469103e-16,0.0010253965436936143,1.4125685537063413e-10,True,True,True
resolution,N48,48,2.81,16.6099182187867,2,3,-1.3691879978062455e-15,-0.005938803733572101,0.005938803733572101,0.9997532933301518,-2,0.49999874978105197,2,0.9999974995568055,0.5000250695409554,9.193913600469103e-16,0.0010253965436936143,1.4125685537063413e-10,True,True,True
resolution,N48,48,2.81,16.6099182187867,2,4,1.1260090082565455e-14,-0.01958115185407746,0.01958115185407746,0.9999793647873071,-6,0.49999081092493497,6,0.9999816202514502,0.5001578287868127,9.193913600469103e-16,0.0010253965436936143,1.4125685537063413e-10,True,True,True
resolution,N48,48,2.81,16.6099182187867,2,5,1.1268126536677574e-14,0.01958115185407745,0.01958115185407745,0.9999793647873071,6,0.4999908109228691,6,0.9999816202514502,0.5001578287868127,9.193913600469103e-16,0.0010253965436936143,1.4125685537063413e-10,True,True,True
resolution,N48,48,2.81,16.6099182187867,2,6,7.0776718083458535e-15,0.019591252161896465,0.019591252161896465,0.9999856545915803,-6,0.49999845582737124,6,0.9999969113999412,0.5000304957688079,9.193913600469103e-16,0.0010253965436936143,1.4125685537063413e-10,True,True,True
resolution,N48,48,2.81,16.6099182187867,2,7,7.074202335033419e-15,-0.019591252161896458,0.019591252161896458,0.9999856545915803,6,0.49999845583002334,6,0.9999969113999412,0.5000304957688079,9.193913600469103e-16,0.0010253965436936143,1.4125685537063413e-10,True,True,True
resolution,N48,48,2.81,16.6099182187867,3,0,1.6655046399904213e-13,-0.001728834137781426,0.001728834137781426,0.922831046872945,3,0.8139621595795359,3,0.8139621595795359,0.3469825996779079,7.822713776633633e-16,0.0010253965436936143,1.4125685537063413e-10,True,True,True
resolution,N48,48,2.81,16.6099182187867,3,1,-1.578113562163628e-13,0.0017288341378142208,0.0017288341378142208,0.9228310469279069,3,0.813962159717662,3,0.813962159717662,0.34698259953046107,7.822713776633633e-16,0.0010253965436936143,1.4125685537063413e-10,True,True,True
resolution,N48,48,2.81,16.6099182187867,3,2,-2.1111545304286448e-05,1.3426139095173681e-14,2.1111545304286448e-05,0.46059432169071407,-1,0.971295013716412,1,0.971295013716412,0.09520049243509636,7.822713776633633e-16,0.0010253965436936143,1.4125685537063413e-10,True,True,True
resolution,N48,48,2.81,16.6099182187867,3,3,2.1111545302091806e-05,-1.3887884296586457e-14,2.1111545302091806e-05,0.4605943219484811,-1,0.9712950137158354,1,0.9712950137158354,0.09520049243614463,7.822713776633633e-16,0.0010253965436936143,1.4125685537063413e-10,True,True,True
resolution,N48,48,2.81,16.6099182187867,3,4,7.307415327935817e-15,0.001670716619373525,0.001670716619373525,0.9406228835685859,-5,0.8223809218058388,5,0.8223809218058388,0.33928792243266176,7.822713776633633e-16,0.0010253965436936143,1.4125685537063413e-10,True,True,True
resolution,N48,48,2.81,16.6099182187867,3,5,-2.657433023060153e-14,-0.0016707166194019683,0.0016707166194019683,0.9406228834374153,-5,0.8223809213122825,5,0.8223809213122825,0.3392879229778472,7.822713776633633e-16,0.0010253965436936143,1.4125685537063413e-10,True,True,True
resolution,N48,48,2.81,16.6099182187867,3,6,-4.137315490204685e-16,0.03420976148607898,0.03420976148607898,0.9999948203036195,7,0.9999982518983582,7,0.9999982518983582,1.805642606259887e-05,7.822713776633633e-16,0.0010253965436936143,1.4125685537063413e-10,True,True,True
resolution,N48,48,2.81,16.6099182187867,3,7,-2.192690473634684e-15,-0.03420976148606471,0.03420976148606471,0.9999948203036193,7,0.9999982518983577,7,0.9999982518983577,1.805642606780357e-05,7.822713776633633e-16,0.0010253965436936143,1.4125685537063413e-10,True,True,True
resolution,N48,48,2.86,17.46152693657999,0,0,3.2802860147185276e-15,2.887004992475344e-11,2.8870050111110518e-11,0.9999859096779419,0,0.9999369639046651,0,0.9999369639046651,0.00044512457970196783,5.40472776746136e-16,0.000689906936244427,1.6836864880476157e-10,True,True,True
resolution,N48,48,2.86,17.46152693657999,0,1,3.28028601419198e-15,-2.8870049924753628e-11,2.8870050111110706e-11,0.9999859096779414,0,0.9999369639046651,0,0.9999369639046651,0.0004451245797019679,5.40472776746136e-16,0.000689906936244427,1.6836864880476157e-10,True,True,True
resolution,N48,48,2.86,17.46152693657999,0,2,-0.008088974343819184,-2.6464179001145183e-22,0.008088974343819184,0.9999958125153198,4,0.49999987803728896,4,0.9999997560744993,0.43067904022855225,5.40472776746136e-16,0.000689906936244427,1.6836864880476157e-10,True,True,True
resolution,N48,48,2.86,17.46152693657999,0,3,0.008088974343829703,2.6470454612939916e-22,0.008088974343829703,0.99999581251532,4,0.4999998780373195,4,0.999999756074499,0.43067904022855413,5.40472776746136e-16,0.000689906936244427,1.6836864880476157e-10,True,True,True
resolution,N48,48,2.86,17.46152693657999,0,4,-0.008130433447850824,-2.3188324257696182e-22,0.008130433447850824,0.9999998337465659,-4,0.49999986430754517,4,0.9999997286150042,0.4306792761975747,5.40472776746136e-16,0.000689906936244427,1.6836864880476157e-10,True,True,True
resolution,N48,48,2.86,17.46152693657999,0,5,0.008130433447856663,2.319701403043952e-22,0.008130433447856663,0.9999998337465663,-4,0.4999998643075667,4,0.999999728615004,0.430679276197577,5.40472776746136e-16,0.000689906936244427,1.6836864880476157e-10,True,True,True
resolution,N48,48,2.86,17.46152693657999,0,6,3.875465635495088e-15,-0.04871736742911752,0.04871736742911752,0.9999986034529393,-8,0.49999988409190277,8,0.9999997230464446,0.43067932847567597,5.40472776746136e-16,0.000689906936244427,1.6836864880476157e-10,True,True,True
resolution,N48,48,2.86,17.46152693657999,0,7,3.878841692284141e-15,0.048717367429117496,0.048717367429117496,0.9999986034529385,8,0.49999988418440455,8,0.9999997230464446,0.43067932847567597,5.40472776746136e-16,0.000689906936244427,1.6836864880476157e-10,True,True,True
resolution,N48,48,2.86,17.46152693657999,0,8,-1.1678158440275865e-14,0.04871759079737389,0.04871759079737389,0.999998630281819,-8,0.49999988454143085,8,0.9999997649350238,0.43067893341515806,5.40472776746136e-16,0.000689906936244427,1.6836864880476157e-10,True,True,True
resolution,N48,48,2.86,17.46152693657999,0,9,-1.169203622808368e-14,-0.048717590797373894,0.048717590797373894,0.9999986302818186,8,0.4999998844677557,8,0.9999997649350237,0.43067893341515817,5.40472776746136e-16,0.000689906936244427,1.6836864880476157e-10,True,True,True
resolution,N48,48,2.86,17.46152693657999,1,0,1.9485227184586323e-05,0.002172773418820656,0.0021728607879042865,0.6567555084343609,5,0.5066985483652278,5,0.5066985483652278,0.5003858775270466,8.231742608938789e-16,0.000689906936244427,1.6836864880476157e-10,True,True,True
resolution,N48,48,2.86,17.46152693657999,1,1,-1.9485227181759886e-05,-0.00217277341880084,0.002172860787884446,0.6567555074609519,5,0.5066985493100912,5,0.5066985493100912,0.5003858775096485,8.231742608938789e-16,0.000689906936244427,1.6836864880476157e-10,True,True,True
resolution,N48,48,2.86,17.46152693657999,1,2,-9.92942238255365e-06,-7.991230985514936e-15,9.92942238255365e-06,0.990159471034957,1,0.994531911655888,1,0.994531911655888,0.024580108328160606,8.231742608938789e-16,0.000689906936244427,1.6836864880476157e-10,True,True,True
resolution,N48,48,2.86,17.46152693657999,1,3,9.929422381875746e-06,4.179071742400329e-15,9.929422381875746e-06,0.990159471036304,1,0.994531911655083,1,0.994531911655083,0.024580108333025093,8.231742608938789e-16,0.000689906936244427,1.6836864880476157e-10,True,True,True
resolution,N48,48,2.86,17.46152693657999,1,4,1.9485226996200517e-05,-0.002172773418732099,0.002172860787814044,0.6622574553311955,5,0.5066985537692477,5,0.5066985537692477,0.5003858774265495,8.231742608938789e-16,0.000689906936244427,1.6836864880476157e-10,True,True,True
resolution,N48,48,2.86,17.46152693657999,1,5,-1.9485227049278457e-05,0.0021727734187135706,0.002172860787795992,0.6622574550166649,5,0.5066985532569018,5,0.5066985532569018,0.5003858774363268,8.231742608938789e-16,0.000689906936244427,1.6836864880476157e-10,True,True,True
resolution,N48,48,2.86,17.46152693657999,1,6,-1.5074747006238454e-14,-0.03424093501886995,0.03424093501886995,0.9999971236161744,-7,0.9999992148534628,7,0.9999992148534628,8.550735629056145e-06,8.231742608938789e-16,0.000689906936244427,1.6836864880476157e-10,True,True,True
resolution,N48,48,2.86,17.46152693657999,1,7,1.269123695024632e-14,0.03424093501885486,0.03424093501885486,0.9999971236161744,-7,0.9999992148534621,7,0.9999992148534621,8.550735635306588e-06,8.231742608938789e-16,0.000689906936244427,1.6836864880476157e-10,True,True,True
resolution,N48,48,2.86,17.46152693657999,2,0,9.3495200334005e-15,-0.006587389062575949,0.006587389062575949,0.99994946855093,2,0.4999980438969988,2,0.9999960877792455,0.5000379608120149,9.685068979659442e-16,0.000689906936244427,1.6836864880476157e-10,True,True,True
resolution,N48,48,2.86,17.46152693657999,2,1,9.350946446583014e-15,0.00658738906257596,0.00658738906257596,0.9999494685509305,-2,0.49999804389701036,2,0.9999960877792456,0.5000379608120149,9.685068979659442e-16,0.000689906936244427,1.6836864880476157e-10,True,True,True
resolution,N48,48,2.86,17.46152693657999,2,2,-2.9994221706894855e-16,0.006165947346850134,0.006165947346850134,0.999885009204799,-2,0.49999939586629377,2,0.9999987917094832,0.5000127482475409,9.685068979659442e-16,0.000689906936244427,1.6836864880476157e-10,True,True,True
resolution,N48,48,2.86,17.46152693657999,2,3,-3.003220415548564e-16,-0.006165947346850132,0.006165947346850132,0.999885009204799,2,0.49999939586630965,2,0.9999987917094834,0.5000127482475409,9.685068979659442e-16,0.000689906936244427,1.6836864880476157e-10,True,True,True
resolution,N48,48,2.86,17.46152693657999,2,4,-3.553220105352643e-15,-0.0196357528548198,0.0196357528548198,0.999989280661726,6,0.49999602356742356,6,0.9999920447870856,0.5000731177832076,9.685068979659442e-16,0.000689906936244427,1.6836864880476157e-10,True,True,True
resolution,N48,48,2.86,17.46152693657999,2,5,-3.5449074231586053e-15,0.01963575285481979,0.01963575285481979,0.9999892806617267,-6,0.49999602356928996,6,0.9999920447870856,0.5000731177832076,9.685068979659442e-16,0.000689906936244427,1.6836864880476157e-10,True,True,True
resolution,N48,48,2.86,17.46152693657999,2,6,-5.910202882652982e-15,0.019640920265759452,0.019640920265759452,0.9999918046548693,6,0.4999992377087189,6,0.9999984706896898,0.5000158752972648,9.685068979659442e-16,0.000689906936244427,1.6836864880476157e-10,True,True,True
resolution,N48,48,2.86,17.46152693657999,2,7,-5.9258154200530325e-15,-0.019640920265759487,0.019640920265759487,0.9999918046548686,-6,0.49999923770864496,6,0.9999984706896898,0.5000158752972648,9.685068979659442e-16,0.000689906936244427,1.6836864880476157e-10,True,True,True
resolution,N48,48,2.86,17.46152693657999,3,0,1.9485227184583107e-05,-0.002172773418820652,0.0021728607879042826,0.6567555084343143,-5,0.5066985483652628,5,0.5066985483652628,0.5003858775270459,7.8782844434927555e-16,0.000689906936244427,1.6836864880476157e-10,True,True,True
resolution,N48,48,2.86,17.46152693657999,3,1,-1.948522718176183e-05,0.002172773418800839,0.0021728607878844447,0.6567555074609804,-5,0.5066985493100415,5,0.5066985493100415,0.5003858775096494,7.8782844434927555e-16,0.000689906936244427,1.6836864880476157e-10,True,True,True
resolution,N48,48,2.86,17.46152693657999,3,2,-9.92942238255296e-06,7.991229579023583e-15,9.92942238255296e-06,0.990159471034957,-1,0.9945319116558881,1,0.9945319116558881,0.024580108328160506,7.8782844434927555e-16,0.000689906936244427,1.6836864880476157e-10,True,True,True
resolution,N48,48,2.86,17.46152693657999,3,3,9.929422381876494e-06,-4.1790703359558685e-15,9.929422381876494e-06,0.9901594710363033,-1,0.994531911655083,1,0.994531911655083,0.02458010833302506,7.8782844434927555e-16,0.000689906936244427,1.6836864880476157e-10,True,True,True
resolution,N48,48,2.86,17.46152693657999,3,4,1.948522699620264e-05,0.0021727734187320957,0.0021728607878140405,0.6622574553311368,-5,0.5066985537692046,5,0.5066985537692046,0.5003858774265503,7.8782844434927555e-16,0.000689906936244427,1.6836864880476157e-10,True,True,True
resolution,N48,48,2.86,17.46152693657999,3,5,-1.948522704927735e-05,-0.002172773418713567,0.0021728607877959886,0.6622574550167291,-5,0.5066985532569735,5,0.5066985532569735,0.5003858774363256,7.8782844434927555e-16,0.000689906936244427,1.6836864880476157e-10,True,True,True
resolution,N48,48,2.86,17.46152693657999,3,6,-1.5075614367976442e-14,0.03424093501886994,0.03424093501886994,0.999997123616174,7,0.9999992148534628,7,0.9999992148534628,8.550735629053963e-06,7.8782844434927555e-16,0.000689906936244427,1.6836864880476157e-10,True,True,True
resolution,N48,48,2.86,17.46152693657999,3,7,1.2698175844150228e-14,-0.034240935018854834,0.034240935018854834,0.9999971236161744,7,0.9999992148534622,7,0.9999992148534622,8.550735635224009e-06,7.8782844434927555e-16,0.000689906936244427,1.6836864880476157e-10,True,True,True
resolution,N48,48,2.91,18.356798567017925,0,0,1.0190308896111285e-14,2.893950957533821e-11,2.8939511369466613e-11,0.9999936270693385,0,0.9999706089087842,0,0.9999706089087842,0.0002214772200470921,5.410157446389777e-16,0.00046627333716662303,1.6286029030372505e-10,True,True,True
resolution,N48,48,2.91,18.356798567017925,0,1,1.0190308895812269e-14,-2.8939509575338334e-11,2.893951136946674e-11,0.9999936270693387,0,0.9999706089087841,0,0.9999706089087841,0.000221477220047161,5.410157446389777e-16,0.00046627333716662303,1.6286029030372505e-10,True,True,True
resolution,N48,48,2.91,18.356798567017925,0,2,-0.008010649172171076,1.022673680524401e-22,0.008010649172171076,0.9999978081682848,-4,0.499999943578099,4,0.9999998871556857,0.4306777603821264,5.410157446389777e-16,0.00046627333716662303,1.6286029030372505e-10,True,True,True
resolution,N48,48,2.91,18.356798567017925,0,3,0.00801064917216144,-1.0158215076779784e-22,0.00801064917216144,0.9999978081682781,4,0.499999943577909,4,0.9999998871556857,0.4306777603821272,5.410157446389777e-16,0.00046627333716662303,1.6286029030372505e-10,True,True,True
resolution,N48,48,2.91,18.356798567017925,0,4,-0.00803700394553467,-2.9647608742542266e-22,0.00803700394553467,0.9999998216358175,4,0.4999999394281488,4,0.9999998788557733,0.43067783213408745,5.410157446389777e-16,0.00046627333716662303,1.6286029030372505e-10,True,True,True
resolution,N48,48,2.91,18.356798567017925,0,5,0.008037003945529487,2.973380184361106e-22,0.008037003945529487,0.9999998216358161,-4,0.4999999394280217,4,0.9999998788557733,0.4306778321340877,5.410157446389777e-16,0.00046627333716662303,1.6286029030372505e-10,True,True,True
resolution,N48,48,2.91,18.356798567017925,0,6,4.217112770099618e-15,-0.04873417571964689,0.04873417571964689,0.9999992076566089,8,0.5000000189425983,8,0.9999998762598286,0.43067785780523726,5.410157446389777e-16,0.00046627333716662303,1.6286029030372505e-10,True,True,True
resolution,N48,48,2.91,18.356798567017925,0,7,4.227735175235121e-15,0.04873417571964693,0.04873417571964693,0.9999992076566087,-8,0.500000019494728,8,0.9999998762598286,0.4306778578052371,5.410157446389777e-16,0.00046627333716662303,1.6286029030372505e-10,True,True,True
resolution,N48,48,2.91,18.356798567017925,0,8,-1.0654230289419933e-15,0.04873427013890111,0.04873427013890111,0.9999992166514764,-8,0.49999997552000686,8,0.9999998908184743,0.43067771337843036,5.410157446389777e-16,0.00046627333716662303,1.6286029030372505e-10,True,True,True
resolution,N48,48,2.91,18.356798567017925,0,9,-1.0755285551056204e-15,-0.04873427013890106,0.04873427013890106,0.9999992166514766,8,0.49999997606047963,8,0.9999998908184743,0.43067771337843036,5.410157446389777e-16,0.00046627333716662303,1.6286029030372505e-10,True,True,True
resolution,N48,48,2.91,18.356798567017925,1,0,1.0260231843361043e-05,-0.0024690575369712506,0.002469078855207346,0.9083632453404521,5,0.5064307934084502,5,0.5064307934084502,0.5001573539622909,8.21908896841467e-16,0.00046627333716662303,1.6286029030372505e-10,True,True,True
resolution,N48,48,2.91,18.356798567017925,1,1,-1.0260231807017048e-05,0.0024690575369141006,0.0024690788551500454,0.9083632446615707,5,0.5064307929364155,5,0.5064307929364155,0.5001573539710772,8.21908896841467e-16,0.00046627333716662303,1.6286029030372505e-10,True,True,True
resolution,N48,48,2.91,18.356798567017925,1,2,-5.242623205385367e-06,-4.941486353696383e-15,5.242623205385367e-06,0.9986486929392318,1,0.9984381645181946,1,0.9984381645181946,0.008422720968313513,8.21908896841467e-16,0.00046627333716662303,1.6286029030372505e-10,True,True,True
resolution,N48,48,2.91,18.356798567017925,1,3,5.242623206628225e-06,7.154145116303663e-15,5.242623206628225e-06,0.9986486929386215,1,0.9984381645181093,1,0.9984381645181093,0.008422720968896843,8.21908896841467e-16,0.00046627333716662303,1.6286029030372505e-10,True,True,True
resolution,N48,48,2.91,18.356798567017925,1,4,1.0260231950647979e-05,0.0024690575368660514,0.0024690788551025938,0.9083632451798981,5,0.5064307882041408,5,0.5064307882041408,0.5001573540575093,8.21908896841467e-16,0.00046627333716662303,1.6286029030372505e-10,True,True,True
resolution,N48,48,2.91,18.356798567017925,1,5,-1.026023197964622e-05,-0.002469057536819392,0.002469078855056055,0.90836324489721,5,0.5064307861021922,5,0.5064307861021922,0.500157354096054,8.21908896841467e-16,0.00046627333716662303,1.6286029030372505e-10,True,True,True
resolution,N48,48,2.91,18.356798567017925,1,6,5.2605489408996675e-15,-0.03426398903410261,0.03426398903410261,0.999998372608851,-7,0.9999996432379964,7,0.9999996432379964,4.084599788413762e-06,8.21908896841467e-16,0.00046627333716662303,1.6286029030372505e-10,True,True,True
resolution,N48,48,2.91,18.356798567017925,1,7,8.049116928532385e-15,0.034263989034109016,0.034263989034109016,0.999998372608851,-7,0.9999996432379963,7,0.9999996432379963,4.084599789025237e-06,8.21908896841467e-16,0.00046627333716662303,1.6286029030372505e-10,True,True,True
resolution,N48,48,2.91,18.356798567017925,2,0,7.985964018454641e-16,-0.006632194834441503,0.006632194834441503,0.9999687529168994,2,0.49999911913053596,2,0.999998238247293,0.5000181083962182,9.101568010747113e-16,0.00046627333716662303,1.6286029030372505e-10,True,True,True
resolution,N48,48,2.91,18.356798567017925,2,1,8.011020896598856e-16,0.006632194834441508,0.006632194834441508,0.9999687529168994,-2,0.49999911913052114,2,0.999998238247293,0.5000181083962182,9.101568010747113e-16,0.00046627333716662303,1.6286029030372505e-10,True,True,True
resolution,N48,48,2.91,18.356798567017925,2,2,1.6426972808313125e-14,0.0063289041109841696,0.0063289041109841696,0.9999433982225739,2,0.49999970694101403,2,0.9999994138783146,0.5000064898297445,9.101568010747113e-16,0.00046627333716662303,1.6286029030372505e-10,True,True,True
resolution,N48,48,2.91,18.356798567017925,2,3,1.6426122201647157e-14,-0.006328904110984173,0.006328904110984173,0.9999433982225742,-2,0.49999970694100804,2,0.9999994138783146,0.5000064898297445,9.101568010747113e-16,0.00046627333716662303,1.6286029030372505e-10,True,True,True
resolution,N48,48,2.91,18.356798567017925,2,4,3.5197539327569416e-15,-0.019675704626843073,0.019675704626843073,0.9999942457426917,6,0.49999825967246514,6,0.9999965176629834,0.5000340819897838,9.101568010747113e-16,0.00046627333716662303,1.6286029030372505e-10,True,True,True
resolution,N48,48,2.91,18.356798567017925,2,5,3.523965587002066e-15,0.019675704626843073,0.019675704626843073,0.9999942457426917,-6,0.4999982596682298,6,0.9999965176629835,0.5000340819897838,9.101568010747113e-16,0.00046627333716662303,1.6286029030372505e-10,True,True,True
resolution,N48,48,2.91,18.356798567017925,2,6,-1.010649894748563e-14,0.019678356556647007,0.019678356556647007,0.9999952727977388,6,0.49999962157778777,6,0.9999992410297127,0.5000082622066168,9.101568010747113e-16,0.00046627333716662303,1.6286029030372505e-10,True,True,True
resolution,N48,48,2.91,18.356798567017925,2,7,-1.0115172588420762e-14,-0.019678356556647014,0.019678356556647014,0.9999952727977379,-6,0.49999962158233036,6,0.9999992410297127,0.5000082622066168,9.101568010747113e-16,0.00046627333716662303,1.6286029030372505e-10,True,True,True
resolution,N48,48,2.91,18.356798567017925,3,0,1.026023184336894e-05,0.0024690575369712524,0.002469078855207348,0.9083632453404913,-5,0.5064307934082006,5,0.5064307934082006,0.5001573539622955,7.365463338856817e-16,0.00046627333716662303,1.6286029030372505e-10,True,True,True
resolution,N48,48,2.91,18.356798567017925,3,1,-1.0260231807022586e-05,-0.002469057536914112,0.0024690788551500567,0.9083632446616211,-5,0.5064307929363374,5,0.5064307929363374,0.5001573539710786,7.365463338856817e-16,0.00046627333716662303,1.6286029030372505e-10,True,True,True
resolution,N48,48,2.91,18.356798567017925,3,2,-5.242623205377618e-06,4.941483902164837e-15,5.242623205377618e-06,0.9986486929392309,-1,0.9984381645181944,1,0.9984381645181944,0.008422720968313667,7.365463338856817e-16,0.00046627333716662303,1.6286029030372505e-10,True,True,True
resolution,N48,48,2.91,18.356798567017925,3,3,5.242623206620709e-06,-7.154142664759154e-15,5.242623206620709e-06,0.9986486929386208,-1,0.9984381645181091,1,0.9984381645181091,0.00842272096889707,7.365463338856817e-16,0.00046627333716662303,1.6286029030372505e-10,True,True,True
resolution,N48,48,2.91,18.356798567017925,3,4,1.026023195065427e-05,-0.0024690575368660522,0.0024690788551025946,0.9083632451798747,-5,0.5064307882037605,5,0.5064307882037605,0.5001573540575163,7.365463338856817e-16,0.00046627333716662303,1.6286029030372505e-10,True,True,True
resolution,N48,48,2.91,18.356798567017925,3,5,-1.0260231979652982e-05,0.002469057536819396,0.002469078855056059,0.9083632448972672,-5,0.5064307861020291,5,0.5064307861020291,0.5001573540960569,7.365463338856817e-16,0.00046627333716662303,1.6286029030372505e-10,True,True,True
resolution,N48,48,2.91,18.356798567017925,3,6,5.252742685257772e-15,0.03426398903410263,0.03426398903410263,0.9999983726088508,7,0.9999996432379965,7,0.9999996432379965,4.084599788336952e-06,7.365463338856817e-16,0.00046627333716662303,1.6286029030372505e-10,True,True,True
resolution,N48,48,2.91,18.356798567017925,3,7,8.048249566794397e-15,-0.03426398903410906,0.03426398903410906,0.9999983726088506,7,0.9999996432379964,7,0.9999996432379964,4.084599788948435e-06,7.365463338856817e-16,0.00046627333716662303,1.6286029030372505e-10,True,True,True
image_shell,S1,1,2.31,10.074424655013587,0,0,-3.364560907377419e-14,2.949314659369382e-11,2.949316578504456e-11,1.0,0,0.9309326283110556,0,0.9309326283110556,0.1861135773830926,5.805367879615485e-16,0.07644350097169687,2.4770823927591633e-11,True,False,False
image_shell,S1,1,2.31,10.074424655013587,0,1,-3.3645609073780194e-14,-2.949314659369383e-11,2.9493165785044566e-11,1.0,0,0.9309326283110556,0,0.9309326283110556,0.18611357738309262,5.805367879615485e-16,0.07644350097169687,2.4770823927591633e-11,True,False,False
image_shell,S1,1,2.31,10.074424655013587,0,2,0.012578192353149286,-4.169108170127301e-22,0.012578192353149286,1.0,-4,0.49951608186257473,4,0.9990321637251491,0.4356410278105432,5.805367879615485e-16,0.07644350097169687,2.4770823927591633e-11,True,False,False
image_shell,S1,1,2.31,10.074424655013587,0,3,-0.01257819235317755,4.1691967243897303e-22,0.01257819235317755,1.0,-4,0.4995160818625286,4,0.9990321637250565,0.43564102781096037,5.805367879615485e-16,0.07644350097169687,2.4770823927591633e-11,True,False,False
image_shell,S1,1,2.31,10.074424655013587,0,4,-0.02045743840890096,6.18018515710227e-20,0.02045743840890096,1.0,-4,0.49332770466575815,4,0.9866554093315159,0.4747037316902531,5.805367879615485e-16,0.07644350097169687,2.4770823927591633e-11,True,False,False
image_shell,S1,1,2.31,10.074424655013587,0,5,0.02045743840890305,-6.180188630842112e-20,0.02045743840890305,1.0,4,0.4933277046657242,4,0.9866554093314478,0.474703731690435,5.805367879615485e-16,0.07644350097169687,2.4770823927591633e-11,True,False,False
image_shell,S1,1,2.31,10.074424655013587,0,6,-1.745045080658869e-14,-0.04205383674978692,0.04205383674978692,1.0,8,0.49314499308260495,8,0.9862899861409391,0.47567765351217023,5.805367879615485e-16,0.07644350097169687,2.4770823927591633e-11,True,False,False
image_shell,S1,1,2.31,10.074424655013587,0,7,-1.7436880067192597e-14,0.04205383674978692,0.04205383674978692,1.0,-8,0.49314499308259385,8,0.9862899861409391,0.47567765351217023,5.805367879615485e-16,0.07644350097169687,2.4770823927591633e-11,True,False,False
image_shell,S1,1,2.31,10.074424655013587,0,8,6.008388231393269e-14,-0.045612052045198345,0.045612052045198345,1.0,-8,0.49969781089851795,8,0.99939562179592,0.4338425639177692,5.805367879615485e-16,0.07644350097169687,2.4770823927591633e-11,True,False,False
image_shell,S1,1,2.31,10.074424655013587,0,9,6.007260329845747e-14,0.045612052045198415,0.045612052045198415,1.0,8,0.4996978108985086,8,0.9993956217959199,0.43384256391776926,5.805367879615485e-16,0.07644350097169687,2.4770823927591633e-11,True,False,False
image_shell,S1,1,2.31,10.074424655013587,1,0,-4.768020370345888e-14,0.000690661619397885,0.000690661619397885,1.0,1,0.9440840320619628,1,0.9440840320619628,0.16505870851639604,8.550571145894789e-16,0.07644350097169687,2.4770823927591633e-11,True,False,False
image_shell,S1,1,2.31,10.074424655013587,1,1,4.073858424996709e-14,-0.0006906616194101458,0.0006906616194101458,1.0,1,0.9440840320616894,1,0.9440840320616894,0.16505870851678991,8.550571145894789e-16,0.07644350097169687,2.4770823927591633e-11,True,False,False
image_shell,S1,1,2.31,10.074424655013587,1,2,-0.011181958862180747,-1.0888531358467993e-14,0.011181958862180747,1.0,-3,0.6434968631628353,3,0.6434968631628353,0.4904211171773094,8.550571145894789e-16,0.07644350097169687,2.4770823927591633e-11,True,False,False
image_shell,S1,1,2.31,10.074424655013587,1,3,0.011181958862350195,-8.888230582465653e-16,0.011181958862350195,1.0,-3,0.6434968631471002,3,0.6434968631471002,0.49042111718537534,8.550571145894789e-16,0.07644350097169687,2.4770823927591633e-11,True,False,False
image_shell,S1,1,2.31,10.074424655013587,1,4,-0.019050472216662142,2.1554362010285084e-14,0.019050472216662142,1.0,5,0.5797810850119127,5,0.5797810850119127,0.6241667546646802,8.550571145894789e-16,0.07644350097169687,2.4770823927591633e-11,True,False,False
image_shell,S1,1,2.31,10.074424655013587,1,5,0.01905047221666727,-5.274596109681631e-14,0.01905047221666727,1.0,5,0.5797810850133516,5,0.5797810850133516,0.6241667546635754,8.550571145894789e-16,0.07644350097169687,2.4770823927591633e-11,True,False,False
image_shell,S1,1,2.31,10.074424655013587,1,6,-1.504959351583679e-14,-0.028282734039521404,0.028282734039521404,1.0,-7,0.9715521437091652,7,0.9715521437091652,0.10705972557146257,8.550571145894789e-16,0.07644350097169687,2.4770823927591633e-11,True,False,False
image_shell,S1,1,2.31,10.074424655013587,1,7,1.1709383462843448e-14,0.02828273403957081,0.02828273403957081,1.0,-7,0.9715521437104019,7,0.9715521437104019,0.10705972556764565,8.550571145894789e-16,0.07644350097169687,2.4770823927591633e-11,True,False,False
image_shell,S1,1,2.31,10.074424655013587,2,0,-9.214694170805418e-14,0.002027742669679962,0.002027742669679962,1.0,2,0.48129308324329734,2,0.9625861664853621,0.61515319543738,8.567381563666386e-16,0.07644350097169687,2.4770823927591633e-11,True,False,False
image_shell,S1,1,2.31,10.074424655013587,2,1,-9.214672667504635e-14,-0.0020277426696799624,0.0020277426696799624,1.0,-2,0.48129308324329756,2,0.962586166485362,0.61515319543738,8.567381563666386e-16,0.07644350097169687,2.4770823927591633e-11,True,False,False
image_shell,S1,1,2.31,10.074424655013587,2,2,-0.012551159939894013,-8.693795530995318e-27,0.012551159939894013,1.0,-6,0.36499305428622314,6,0.729986108572446,0.9207422844130562,8.567381563666386e-16,0.07644350097169687,2.4770823927591633e-11,True,False,False
image_shell,S1,1,2.31,10.074424655013587,2,3,0.012551159940062303,1.0218537747658277e-27,0.012551159940062303,1.0,-6,0.3649930542778028,6,0.7299861085556054,0.9207422844251377,8.567381563666386e-16,0.07644350097169687,2.4770823927591633e-11,True,False,False
image_shell,S1,1,2.31,10.074424655013587,2,4,-0.012637239763128623,6.92079532004104e-26,0.012637239763128623,1.0,-2,0.4991483480991191,2,0.9982966961981754,0.509060651481508,8.567381563666386e-16,0.07644350097169687,2.4770823927591633e-11,True,False,False
image_shell,S1,1,2.31,10.074424655013587,2,5,0.01263723976337221,-1.0837839096241764e-25,0.01263723976337221,1.0,-2,0.49914834809908093,2,0.9982966961981281,0.5090606514817257,8.567381563666386e-16,0.07644350097169687,2.4770823927591633e-11,True,False,False
image_shell,S1,1,2.31,10.074424655013587,2,6,4.48174483635988e-14,-0.015897058312584963,0.015897058312584963,1.0,6,0.4990554482472712,6,0.9981108964867575,0.5099077944293414,8.567381563666386e-16,0.07644350097169687,2.4770823927591633e-11,True,False,False
image_shell,S1,1,2.31,10.074424655013587,2,7,4.481831572533679e-14,0.01589705831258497,0.01589705831258497,1.0,-6,0.4990554482472712,6,0.9981108964867577,0.5099077944293414,8.567381563666386e-16,0.07644350097169687,2.4770823927591633e-11,True,False,False
image_shell,S1,1,2.31,10.074424655013587,3,0,-4.7679756733521415e-14,-0.000690661619397886,0.000690661619397886,1.0,-1,0.9440840320619628,1,0.9440840320619628,0.165058708516396,8.455167501517653e-16,0.07644350097169687,2.4770823927591633e-11,True,False,False
image_shell,S1,1,2.31,10.074424655013587,3,1,4.0739082833830476e-14,0.0006906616194101465,0.0006906616194101465,1.0,-1,0.9440840320616897,1,0.9440840320616897,0.16505870851678953,8.455167501517653e-16,0.07644350097169687,2.4770823927591633e-11,True,False,False
image_shell,S1,1,2.31,10.074424655013587,3,2,-0.011181958862180746,1.0888315441641883e-14,0.011181958862180746,1.0,3,0.6434968631628375,3,0.6434968631628375,0.4904211171773083,8.455167501517653e-16,0.07644350097169687,2.4770823927591633e-11,True,False,False
image_shell,S1,1,2.31,10.074424655013587,3,3,0.011181958862350166,8.871976236110673e-16,0.011181958862350166,1.0,3,0.6434968631471042,3,0.6434968631471042,0.4904211171853734,8.455167501517653e-16,0.07644350097169687,2.4770823927591633e-11,True,False,False
image_shell,S1,1,2.31,10.074424655013587,3,4,-0.01905047221666216,-2.1555588035649982e-14,0.01905047221666216,1.0,-5,0.5797810850119135,5,0.5797810850119135,0.6241667546646799,8.455167501517653e-16,0.07644350097169687,2.4770823927591633e-11,True,False,False
image_shell,S1,1,2.31,10.074424655013587,3,5,0.01905047221666732,5.274439515086302e-14,0.01905047221666732,1.0,-5,0.5797810850133533,5,0.5797810850133533,0.6241667546635746,8.455167501517653e-16,0.07644350097169687,2.4770823927591633e-11,True,False,False
image_shell,S1,1,2.31,10.074424655013587,3,6,-1.504352198367087e-14,0.028282734039521355,0.028282734039521355,1.0,7,0.9715521437091652,7,0.9715521437091652,0.1070597255714627,8.455167501517653e-16,0.07644350097169687,2.4770823927591633e-11,True,False,False
image_shell,S1,1,2.31,10.074424655013587,3,7,1.171892444196132e-14,-0.02828273403957076,0.02828273403957076,1.0,7,0.9715521437104018,7,0.9715521437104018,0.10705972556764579,8.455167501517653e-16,0.07644350097169687,2.4770823927591633e-11,True,False,False
image_shell,S1,1,2.36,10.59095145243378,0,0,1.630978283646202e-13,2.7278242015527267e-11,2.7278729595772863e-11,0.9990906356598689,0,0.9449427248343032,0,0.9449427248343032,0.15622336410859025,5.771940250103802e-16,0.04829347095590466,2.5973795184866222e-11,True,True,True
image_shell,S1,1,2.36,10.59095145243378,0,1,1.630978283646411e-13,-2.7278242015527283e-11,2.727872959577288e-11,0.999090635659869,0,0.9449427248343032,0,0.9449427248343032,0.15622336410859022,5.771940250103802e-16,0.04829347095590466,2.5973795184866222e-11,True,True,True
image_shell,S1,1,2.36,10.59095145243378,0,2,0.01193016457472634,-4.6370820248093065e-21,0.01193016457472634,0.997602817304954,-4,0.4997180894590025,4,0.999436178918005,0.4337302898321585,5.771940250103802e-16,0.04829347095590466,2.5973795184866222e-11,True,True,True
image_shell,S1,1,2.36,10.59095145243378,0,3,-0.011930164574790708,4.637084738773574e-21,0.011930164574790708,0.9976028173050018,-4,0.49971808945895685,4,0.9994361789179114,0.4337302898325933,5.771940250103802e-16,0.04829347095590466,2.5973795184866222e-11,True,True,True
image_shell,S1,1,2.36,10.59095145243378,0,4,-0.0164806478133742,2.0054799810331962e-21,0.0164806478133742,0.9949928205429598,4,0.49808754480911005,4,0.9961750896182184,0.44627696083707746,5.771940250103802e-16,0.04829347095590466,2.5973795184866222e-11,True,True,True
image_shell,S1,1,2.36,10.59095145243378,0,5,0.016480647813361317,-2.0054676527101226e-21,0.016480647813361317,0.9949928205429984,4,0.49808754480907247,4,0.9961750896181444,0.446276960837333,5.771940250103802e-16,0.04829347095590466,2.5973795184866222e-11,True,True,True
image_shell,S1,1,2.36,10.59095145243378,0,6,6.755880577191675e-15,-0.04531867138286861,0.04531867138286861,0.9947540135428731,8,0.4980233656843603,8,0.9960467313567465,0.4467192519736914,5.771940250103802e-16,0.04829347095590466,2.5973795184866222e-11,True,True,True
image_shell,S1,1,2.36,10.59095145243378,0,7,6.761292542088111e-15,0.04531867138286862,0.04531867138286862,0.9947540135428737,-8,0.4980233656843076,8,0.9960467313567466,0.4467192519736914,5.771940250103802e-16,0.04829347095590466,2.5973795184866222e-11,True,True,True
image_shell,S1,1,2.36,10.59095145243378,0,8,-2.4993895841873837e-14,-0.04675959044348145,0.04675959044348145,0.9993878416778231,8,0.499796642229828,8,0.9995932844293933,0.4329040594176,5.771940250103802e-16,0.04829347095590466,2.5973795184866222e-11,True,True,True
image_shell,S1,1,2.36,10.59095145243378,0,9,-2.498245023801433e-14,0.04675959044348145,0.04675959044348145,0.9993878416778231,-8,0.49979664222989106,8,0.9995932844293933,0.4329040594175999,5.771940250103802e-16,0.04829347095590466,2.5973795184866222e-11,True,True,True
image_shell,S1,1,2.36,10.59095145243378,1,0,2.715284180538661e-17,0.0004886046877400574,0.0004886046877400574,0.9996583808627663,1,0.9493524524564141,1,0.9493524524564141,0.15158660282955008,8.116404294514268e-16,0.04829347095590466,2.5973795184866222e-11,True,True,True
image_shell,S1,1,2.36,10.59095145243378,1,1,3.704198718268717e-15,-0.0004886046877279767,0.0004886046877279767,0.9996583808627068,1,0.9493524524572067,1,0.9493524524572067,0.1515866028279805,8.116404294514268e-16,0.04829347095590466,2.5973795184866222e-11,True,True,True
image_shell,S1,1,2.36,10.59095145243378,1,2,-0.00945785400333323,2.860066379528601e-14,0.00945785400333323,0.9960943200153322,-3,0.6552593574694203,3,0.6552593574694203,0.4779804881300404,8.116404294514268e-16,0.04829347095590466,2.5973795184866222e-11,True,True,True
image_shell,S1,1,2.36,10.59095145243378,1,3,0.009457854003364652,3.445157465595978e-14,0.009457854003364652,0.9960943200143588,-3,0.655259357461292,3,0.655259357461292,0.47798048813435035,8.116404294514268e-16,0.04829347095590466,2.5973795184866222e-11,True,True,True
image_shell,S1,1,2.36,10.59095145243378,1,4,-0.014113563387502482,7.289777278864145e-15,0.014113563387502482,0.9847109797551266,5,0.6267985877425228,5,0.6267985877425228,0.5481422923761453,8.116404294514268e-16,0.04829347095590466,2.5973795184866222e-11,True,True,True
image_shell,S1,1,2.36,10.59095145243378,1,5,0.014113563387534273,-1.9785538469732885e-15,0.014113563387534273,0.9847109797560708,5,0.6267985877337299,5,0.6267985877337299,0.5481422923787279,8.116404294514268e-16,0.04829347095590466,2.5973795184866222e-11,True,True,True
image_shell,S1,1,2.36,10.59095145243378,1,6,4.8606951796870135e-15,-0.030829728118417565,0.030829728118417565,0.9912754605969979,-7,0.9911497701554198,7,0.9911497701554198,0.04111943654699627,8.116404294514268e-16,0.04829347095590466,2.5973795184866222e-11,True,True,True
image_shell,S1,1,2.36,10.59095145243378,1,7,-2.005860755271982e-14,0.030829728118361523,0.030829728118361523,0.9912754605973608,-7,0.9911497701554561,7,0.9911497701554561,0.04111943654685858,8.116404294514268e-16,0.04829347095590466,2.5973795184866222e-11,True,True,True
image_shell,S1,1,2.36,10.59095145243378,2,0,1.1239917956840882e-13,-0.0047605290850559635,0.0047605290850559635,0.9469849246589009,2,0.4573156328767075,2,0.9146312657510827,0.7104096726178243,8.91990127056815e-16,0.04829347095590466,2.5973795184866222e-11,True,True,True
image_shell,S1,1,2.36,10.59095145243378,2,1,1.1240267851901893e-13,0.004760529085055962,0.004760529085055962,0.9469849246589003,-2,0.45731563287670685,2,0.9146312657510827,0.7104096726178245,8.91990127056815e-16,0.04829347095590466,2.5973795184866222e-11,True,True,True
image_shell,S1,1,2.36,10.59095145243378,2,2,-7.224533057775267e-14,-0.008919111292955953,0.008919111292955953,0.4793025533816033,6,0.34098411267644885,6,0.6819682253526029,0.951114114856272,8.91990127056815e-16,0.04829347095590466,2.5973795184866222e-11,True,True,True
image_shell,S1,1,2.36,10.59095145243378,2,3,-7.224994757021465e-14,0.00891911129295595,0.00891911129295595,0.4793025533451775,-6,0.34098411267644846,6,0.6819682253526027,0.9511141148562721,8.91990127056815e-16,0.04829347095590466,2.5973795184866222e-11,True,True,True
image_shell,S1,1,2.36,10.59095145243378,2,4,-0.010957934813122296,3.4987349525931986e-18,0.010957934813122296,0.9882622540356731,-2,0.4993155904028841,2,0.9986311808057632,0.5074974057122811,8.91990127056815e-16,0.04829347095590466,2.5973795184866222e-11,True,True,True
image_shell,S1,1,2.36,10.59095145243378,2,5,0.010957934813062188,-5.903107262425454e-28,0.010957934813062188,0.9882622540330374,-2,0.4993155904029487,2,0.9986311808058951,0.5074974057116536,8.91990127056815e-16,0.04829347095590466,2.5973795184866222e-11,True,True,True
image_shell,S1,1,2.36,10.59095145243378,2,6,-6.404836242531603e-15,-0.016920942495582167,0.016920942495582167,0.9981176425004932,6,0.4993546600474409,6,0.9987093200886054,0.507124176644954,8.91990127056815e-16,0.04829347095590466,2.5973795184866222e-11,True,True,True
image_shell,S1,1,2.36,10.59095145243378,2,7,-6.411537967210279e-15,0.016920942495582195,0.016920942495582195,0.998117642500493,-6,0.49935466004744195,6,0.9987093200886054,0.507124176644954,8.91990127056815e-16,0.04829347095590466,2.5973795184866222e-11,True,True,True
image_shell,S1,1,2.36,10.59095145243378,3,0,2.6530442492297063e-17,-0.0004886046877400589,0.0004886046877400589,0.9996583808627656,-1,0.9493524524564143,1,0.9493524524564143,0.15158660282954958,7.857284154281126e-16,0.04829347095590466,2.5973795184866222e-11,True,True,True
image_shell,S1,1,2.36,10.59095145243378,3,1,3.703731789130719e-15,0.0004886046877279778,0.0004886046877279778,0.9996583808627065,-1,0.9493524524572068,1,0.9493524524572068,0.15158660282798025,7.857284154281126e-16,0.04829347095590466,2.5973795184866222e-11,True,True,True
image_shell,S1,1,2.36,10.59095145243378,3,2,-0.009457854003333243,-2.8600953235505163e-14,0.009457854003333243,0.9960943200153326,3,0.65525935746942,3,0.65525935746942,0.4779804881300405,7.857284154281126e-16,0.04829347095590466,2.5973795184866222e-11,True,True,True
image_shell,S1,1,2.36,10.59095145243378,3,3,0.009457854003364668,-3.445210885098775e-14,0.009457854003364668,0.9960943200143593,3,0.6552593574612912,3,0.6552593574612912,0.4779804881343509,7.857284154281126e-16,0.04829347095590466,2.5973795184866222e-11,True,True,True
image_shell,S1,1,2.36,10.59095145243378,3,4,-0.0141135633875025,-7.289861169706972e-15,0.0141135633875025,0.984710979755127,-5,0.626798587742521,5,0.626798587742521,0.548142292376146,7.857284154281126e-16,0.04829347095590466,2.5973795184866222e-11,True,True,True
image_shell,S1,1,2.36,10.59095145243378,3,5,0.014113563387534287,1.979432291211913e-15,0.014113563387534287,0.9847109797560708,-5,0.6267985877337287,5,0.6267985877337287,0.5481422923787282,7.857284154281126e-16,0.04829347095590466,2.5973795184866222e-11,True,True,True
image_shell,S1,1,2.36,10.59095145243378,3,6,4.867634073590921e-15,0.030829728118417582,0.030829728118417582,0.9912754605969977,7,0.9911497701554198,7,0.9911497701554198,0.04111943654699591,7.857284154281126e-16,0.04829347095590466,2.5973795184866222e-11,True,True,True
image_shell,S1,1,2.36,10.59095145243378,3,7,-2.0036056147532122e-14,-0.030829728118361523,0.030829728118361523,0.9912754605973606,7,0.9911497701554564,7,0.9911497701554564,0.04111943654685809,7.857284154281126e-16,0.04829347095590466,2.5973795184866222e-11,True,True,True
image_shell,S1,1,2.41,11.133961145065307,0,0,2.8085280302388693e-15,2.8620674046743458e-11,2.8620674184542966e-11,0.9978740593620951,0,0.9640251312610515,0,0.9640251312610515,0.11177737963107627,5.555531004765074e-16,0.030586667342676337,2.932237320592664e-11,True,True,True
image_shell,S1,1,2.41,11.133961145065307,0,1,2.8085280302508596e-15,-2.862067404674347e-11,2.862067418454298e-11,0.9978740593620953,0,0.9640251312610515,0,0.9640251312610515,0.11177737963107624,5.555531004765074e-16,0.030586667342676337,2.932237320592664e-11,True,True,True
image_shell,S1,1,2.41,11.133961145065307,0,2,0.011115829326697208,4.055445637291802e-21,0.011115829326697208,0.9982676055722911,4,0.499858629119116,4,0.9997172582382317,0.43232260604529094,5.555531004765074e-16,0.030586667342676337,2.932237320592664e-11,True,True,True
image_shell,S1,1,2.41,11.133961145065307,0,3,-0.011115829326665489,-4.055419722666234e-21,0.011115829326665489,0.9982676055719264,-4,0.49985862911912604,4,0.9997172582382507,0.43232260604519573,5.555531004765074e-16,0.030586667342676337,2.932237320592664e-11,True,True,True
image_shell,S1,1,2.41,11.133961145065307,0,4,-0.01384196242500439,4.850467596128709e-21,0.01384196242500439,0.9982732739664304,4,0.4993991205530999,4,0.9987982411061993,0.43644355661898604,5.555531004765074e-16,0.030586667342676337,2.932237320592664e-11,True,True,True
image_shell,S1,1,2.41,11.133961145065307,0,5,0.013841962424960507,-4.8504656730118e-21,0.013841962424960507,0.9982732739665349,-4,0.49939912055310287,4,0.9987982411062031,0.43644355661897033,5.555531004765074e-16,0.030586667342676337,2.932237320592664e-11,True,True,True
image_shell,S1,1,2.41,11.133961145065307,0,6,6.5288121325292585e-15,-0.04686733799494486,0.04686733799494486,0.998472779353466,8,0.4993847599187364,8,0.9987695196677038,0.43656331681604005,5.555531004765074e-16,0.030586667342676337,2.932237320592664e-11,True,True,True
image_shell,S1,1,2.41,11.133961145065307,0,7,6.526029716624748e-15,0.04686733799494486,0.04686733799494486,0.9984727793534658,-8,0.4993847599185694,8,0.9987695196677038,0.43656331681604016,5.555531004765074e-16,0.030586667342676337,2.932237320592664e-11,True,True,True
image_shell,S1,1,2.41,11.133961145065307,0,8,-4.801513154404565e-14,-0.04745369755486073,0.04745369755486073,0.9996331337585677,-8,0.49988931379958523,8,0.9997786275804843,0.4319720944517328,5.555531004765074e-16,0.030586667342676337,2.932237320592664e-11,True,True,True
image_shell,S1,1,2.41,11.133961145065307,0,9,-4.79963291333263e-14,0.04745369755486073,0.04745369755486073,0.9996331337585677,8,0.4998893137994286,8,0.9997786275804845,0.4319720944517328,5.555531004765074e-16,0.030586667342676337,2.932237320592664e-11,True,True,True
image_shell,S1,1,2.41,11.133961145065307,1,0,-2.5279102664499468e-14,0.00033905978593889595,0.00033905978593889595,0.9997266446667417,1,0.9544100452677705,1,0.9544100452677705,0.13876828232846164,7.714857218623107e-16,0.030586667342676337,2.932237320592664e-11,True,True,True
image_shell,S1,1,2.41,11.133961145065307,1,1,3.0269139645397964e-14,-0.0003390597859423142,0.0003390597859423142,0.9997266446667821,1,0.9544100452683518,1,0.9544100452683518,0.1387682823268613,7.714857218623107e-16,0.030586667342676337,2.932237320592664e-11,True,True,True
image_shell,S1,1,2.41,11.133961145065307,1,2,-0.007906077791505732,3.285263426721585e-14,0.007906077791505732,0.9954368923474657,-3,0.6836223868753676,3,0.6836223868753676,0.45942928431190855,7.714857218623107e-16,0.030586667342676337,2.932237320592664e-11,True,True,True
image_shell,S1,1,2.41,11.133961145065307,1,3,0.007906077791513168,8.711326816252665e-14,0.007906077791513168,0.9954368923480381,-3,0.6836223868610065,3,0.6836223868610065,0.4594292843202179,7.714857218623107e-16,0.030586667342676337,2.932237320592664e-11,True,True,True
image_shell,S1,1,2.41,11.133961145065307,1,4,-0.01077721882945172,-2.249314017099469e-14,0.01077721882945172,0.9909345236894734,5,0.6694753294281647,5,0.6694753294281647,0.4987122236250377,7.714857218623107e-16,0.030586667342676337,2.932237320592664e-11,True,True,True
image_shell,S1,1,2.41,11.133961145065307,1,5,0.010777218829380616,-1.4492928727191107e-14,0.010777218829380616,0.9909345236891888,5,0.6694753294262887,5,0.6694753294262887,0.4987122236263132,7.714857218623107e-16,0.030586667342676337,2.932237320592664e-11,True,True,True
image_shell,S1,1,2.41,11.133961145065307,1,6,-1.6167622796103842e-15,-0.03221609122397407,0.03221609122397407,0.9970844862036059,-7,0.997192918537052,7,0.997192918537052,0.015317559806921788,7.714857218623107e-16,0.030586667342676337,2.932237320592664e-11,True,True,True
image_shell,S1,1,2.41,11.133961145065307,1,7,1.2065001775418693e-14,0.03221609122394979,0.03221609122394979,0.9970844862036299,-7,0.9971929185370323,7,0.9971929185370323,0.01531755980701803,7.714857218623107e-16,0.030586667342676337,2.932237320592664e-11,True,True,True
image_shell,S1,1,2.41,11.133961145065307,2,0,9.794191584672767e-15,-0.004877647379720108,0.004877647379720108,0.9575739814145793,2,0.4952280224432067,2,0.9904560448831872,0.5388772322223297,8.416827876194541e-16,0.030586667342676337,2.932237320592664e-11,True,True,True
image_shell,S1,1,2.41,11.133961145065307,2,1,9.794926310338555e-15,0.004877647379720114,0.004877647379720114,0.9575739814145793,-2,0.49522802244320585,2,0.9904560448831872,0.5388772322223299,8.416827876194541e-16,0.030586667342676337,2.932237320592664e-11,True,True,True
image_shell,S1,1,2.41,11.133961145065307,2,2,-2.015548789030739e-14,-0.014646781613507102,0.014646781613507102,0.8429210908920906,-6,0.4772660920254169,6,0.9545321840331602,0.6334116365889132,8.416827876194541e-16,0.030586667342676337,2.932237320592664e-11,True,True,True
image_shell,S1,1,2.41,11.133961145065307,2,3,-2.0144750803455583e-14,0.01464678161350713,0.01464678161350713,0.8429210908920909,6,0.4772660920254217,6,0.95453218403316,0.6334116365889134,8.416827876194541e-16,0.030586667342676337,2.932237320592664e-11,True,True,True
image_shell,S1,1,2.41,11.133961145065307,2,4,-0.008921280021317054,-3.934313606337036e-28,0.008921280021317054,0.9851399611105403,-2,0.4995612410789819,2,0.9991224821579617,0.5050880001625146,8.416827876194541e-16,0.030586667342676337,2.932237320592664e-11,True,True,True
image_shell,S1,1,2.41,11.133961145065307,2,5,0.008921280021328132,2.570291339739971e-18,0.008921280021328132,0.985139961111709,-2,0.49956124107898336,2,0.9991224821579638,0.5050880001625048,8.416827876194541e-16,0.030586667342676337,2.932237320592664e-11,True,True,True
image_shell,S1,1,2.41,11.133961145065307,2,6,1.685800814396873e-14,-0.017684067021307967,0.017684067021307967,0.9986739943650492,6,0.4996193045355495,6,0.999238609043241,0.5044926713289293,8.416827876194541e-16,0.030586667342676337,2.932237320592664e-11,True,True,True
image_shell,S1,1,2.41,11.133961145065307,2,7,1.684763439868675e-14,0.017684067021307957,0.017684067021307957,0.9986739943650497,-6,0.49961930453555664,6,0.9992386090432408,0.5044926713289294,8.416827876194541e-16,0.030586667342676337,2.932237320592664e-11,True,True,True
image_shell,S1,1,2.41,11.133961145065307,3,0,-2.527805322085217e-14,-0.0003390597859389015,0.0003390597859389015,0.9997266446667414,-1,0.9544100452677706,1,0.9544100452677706,0.13876828232846125,7.860044486536967e-16,0.030586667342676337,2.932237320592664e-11,True,True,True
image_shell,S1,1,2.41,11.133961145065307,3,1,3.02701358253795e-14,0.0003390597859423195,0.0003390597859423195,0.9997266446667823,-1,0.954410045268352,1,0.954410045268352,0.13876828232686086,7.860044486536967e-16,0.030586667342676337,2.932237320592664e-11,True,True,True
image_shell,S1,1,2.41,11.133961145065307,3,2,-0.007906077791505723,-3.285229056144916e-14,0.007906077791505723,0.9954368923474655,3,0.6836223868753682,3,0.6836223868753682,0.4594292843119082,7.860044486536967e-16,0.030586667342676337,2.932237320592664e-11,True,True,True
image_shell,S1,1,2.41,11.133961145065307,3,3,0.007906077791513162,-8.711391013036873e-14,0.007906077791513162,0.9954368923480386,3,0.6836223868610065,3,0.6836223868610065,0.45942928432021757,7.860044486536967e-16,0.030586667342676337,2.932237320592664e-11,True,True,True
image_shell,S1,1,2.41,11.133961145065307,3,4,-0.010777218829451717,2.2493006003115643e-14,0.010777218829451717,0.990934523689473,-5,0.6694753294281645,5,0.6694753294281645,0.49871222362503786,7.860044486536967e-16,0.030586667342676337,2.932237320592664e-11,True,True,True
image_shell,S1,1,2.41,11.133961145065307,3,5,0.010777218829380602,1.4493652740632157e-14,0.010777218829380602,0.9909345236891883,-5,0.6694753294262888,5,0.6694753294262888,0.49871222362631307,7.860044486536967e-16,0.030586667342676337,2.932237320592664e-11,True,True,True
image_shell,S1,1,2.41,11.133961145065307,3,6,-1.601149768326593e-15,0.032216091223974126,0.032216091223974126,0.9970844862036055,7,0.997192918537052,7,0.997192918537052,0.015317559806921687,7.860044486536967e-16,0.030586667342676337,2.932237320592664e-11,True,True,True
image_shell,S1,1,2.41,11.133961145065307,3,7,1.2094492074510299e-14,-0.03221609122394985,0.03221609122394985,0.9970844862036308,7,0.9971929185370323,7,0.9971929185370323,0.01531755980701795,7.860044486536967e-16,0.030586667342676337,2.932237320592664e-11,True,True,True
image_shell,S1,1,2.46,11.704811539980854,0,0,6.105395688353286e-15,2.832969432583828e-11,2.8329694983732003e-11,0.9978999875077637,0,0.979121106529228,0,0.979121106529228,0.07202381371463504,5.36063583484188e-16,0.019489803006818688,3.306003271271257e-11,True,True,True
image_shell,S1,1,2.46,11.704811539980854,0,1,6.1053956883235145e-15,-2.832969432583829e-11,2.8329694983732012e-11,0.9978999875077637,0,0.979121106529228,0,0.979121106529228,0.07202381371463501,5.36063583484188e-16,0.019489803006818688,3.306003271271257e-11,True,True,True
image_shell,S1,1,2.46,11.704811539980854,0,2,0.010384058176330226,-2.7706088979323518e-21,0.010384058176330226,0.9989847182598256,-4,0.4999335870717398,4,0.9998671741434764,0.43151060145029435,5.36063583484188e-16,0.019489803006818688,3.306003271271257e-11,True,True,True
image_shell,S1,1,2.46,11.704811539980854,0,3,-0.010384058176324717,2.7706286636189084e-21,0.010384058176324717,0.9989847182598873,-4,0.49993358707174484,4,0.9998671741434888,0.4315106014502241,5.36063583484188e-16,0.019489803006818688,3.306003271271257e-11,True,True,True
image_shell,S1,1,2.46,11.704811539980854,0,4,-0.01205247168770207,5.043464038019579e-21,0.01205247168770207,0.9993425656931204,4,0.49979801397450996,4,0.9995960279490183,0.43288887991709085,5.36063583484188e-16,0.019489803006818688,3.306003271271257e-11,True,True,True
image_shell,S1,1,2.46,11.704811539980854,0,5,0.012052471687737435,-5.043458478067418e-21,0.012052471687737435,0.9993425656930451,4,0.4997980139745138,4,0.9995960279490195,0.43288887991708486,5.36063583484188e-16,0.019489803006818688,3.306003271271257e-11,True,True,True
image_shell,S1,1,2.46,11.704811539980854,0,6,-8.066464163292153e-16,-0.04764957829497201,0.04764957829497201,0.9994925690576774,-8,0.49979491031892903,8,0.9995898206378542,0.4329189866876827,5.36063583484188e-16,0.019489803006818688,3.306003271271257e-11,True,True,True
image_shell,S1,1,2.46,11.704811539980854,0,7,-7.91982077666993e-16,0.047649578294971996,0.047649578294971996,0.9994925690576771,8,0.499794910319472,8,0.9995898206378542,0.4329189866876827,5.36063583484188e-16,0.019489803006818688,3.306003271271257e-11,True,True,True
image_shell,S1,1,2.46,11.704811539980854,0,8,-3.640837631380123e-14,-0.04788972010772715,0.04788972010772715,0.9998018913646368,-8,0.49994495812861905,8,0.9998899161111429,0.43136847659046984,5.36063583484188e-16,0.019489803006818688,3.306003271271257e-11,True,True,True
image_shell,S1,1,2.46,11.704811539980854,0,9,-3.640027058826894e-14,0.04788972010772718,0.04788972010772718,0.9998018913646364,8,0.4999449581280539,8,0.999889916111143,0.43136847659046984,5.36063583484188e-16,0.019489803006818688,3.306003271271257e-11,True,True,True
image_shell,S1,1,2.46,11.704811539980854,1,0,-2.5106013601295538e-14,0.00023500876455120735,0.00023500876455120735,0.9998165315423817,1,0.958233268616458,1,0.958233268616458,0.12892655181605497,8.8970204087539e-16,0.019489803006818688,3.306003271271257e-11,True,True,True
image_shell,S1,1,2.46,11.704811539980854,1,1,2.3181238500340116e-14,-0.00023500876455260657,0.00023500876455260657,0.9998165315423557,1,0.9582332686169164,1,0.9582332686169164,0.12892655181547,8.8970204087539e-16,0.019489803006818688,3.306003271271257e-11,True,True,True
image_shell,S1,1,2.46,11.704811539980854,1,2,-0.006553282285061144,-2.664682939175929e-14,0.006553282285061144,0.9948540593505062,-3,0.7210091123820322,3,0.7210091123820322,0.43327706510871744,8.8970204087539e-16,0.019489803006818688,3.306003271271257e-11,True,True,True
image_shell,S1,1,2.46,11.704811539980854,1,3,0.006553282285077907,-2.0960216489508436e-16,0.006553282285077907,0.994854059348717,-3,0.7210091123833673,3,0.7210091123833673,0.43327706510796155,8.8970204087539e-16,0.019489803006818688,3.306003271271257e-11,True,True,True
image_shell,S1,1,2.46,11.704811539980854,1,4,-0.008380985550135129,1.799619663552383e-14,0.008380985550135129,0.9929050594820731,5,0.7133325757174295,5,0.7133325757174295,0.45757230619398276,8.8970204087539e-16,0.019489803006818688,3.306003271271257e-11,True,True,True
image_shell,S1,1,2.46,11.704811539980854,1,5,0.008380985550102247,6.443876731727017e-15,0.008380985550102247,0.9929050594817732,5,0.713332575716541,5,0.713332575716541,0.45757230619436484,8.8970204087539e-16,0.019489803006818688,3.306003271271257e-11,True,True,True
image_shell,S1,1,2.46,11.704811539980854,1,6,-6.265821195228227e-15,-0.03299270191437923,0.03299270191437923,0.9989897776002754,-7,0.9990550814755775,7,0.9990550814755775,0.0058457883915356244,8.8970204087539e-16,0.019489803006818688,3.306003271271257e-11,True,True,True
image_shell,S1,1,2.46,11.704811539980854,1,7,6.071532165918825e-16,0.032992701914395156,0.032992701914395156,0.9989897776002916,-7,0.9990550814755795,7,0.9990550814755795,0.005845788391526537,8.8970204087539e-16,0.019489803006818688,3.306003271271257e-11,True,True,True
image_shell,S1,1,2.46,11.704811539980854,2,0,2.126268096973926e-14,-0.005325991034970358,0.005325991034970358,0.9964682432339854,2,0.4984313834940335,2,0.9968627669875543,0.5153045539730621,8.736120201519864e-16,0.019489803006818688,3.306003271271257e-11,True,True,True
image_shell,S1,1,2.46,11.704811539980854,2,1,2.126283352881011e-14,0.005325991034970363,0.005325991034970363,0.9964682432339856,-2,0.49843138349403293,2,0.9968627669875543,0.5153045539730621,8.736120201519864e-16,0.019489803006818688,3.306003271271257e-11,True,True,True
image_shell,S1,1,2.46,11.704811539980854,2,2,8.085979802396892e-15,-0.01688009267059259,0.01688009267059259,0.9854852806805562,6,0.49366028964396114,6,0.9873205792760846,0.5490368812790953,8.736120201519864e-16,0.019489803006818688,3.306003271271257e-11,True,True,True
image_shell,S1,1,2.46,11.704811539980854,2,3,8.0933996540028e-15,0.01688009267059261,0.01688009267059261,0.9854852806805562,-6,0.49366028964397357,6,0.9873205792760844,0.5490368812790954,8.736120201519864e-16,0.019489803006818688,3.306003271271257e-11,True,True,True
image_shell,S1,1,2.46,11.704811539980854,2,4,-0.006816746600847402,-1.645485269299137e-18,0.006816746600847402,0.9837753130264445,-2,0.4997661816276693,2,0.9995323632553379,0.502923824332093,8.736120201519864e-16,0.019489803006818688,3.306003271271257e-11,True,True,True
image_shell,S1,1,2.46,11.704811539980854,2,5,0.006816746600870674,5.800520424447908e-28,0.006816746600870674,0.9837753130264848,2,0.4997661816277138,2,0.9995323632554268,0.5029238243316015,8.736120201519864e-16,0.019489803006818688,3.306003271271257e-11,True,True,True
image_shell,S1,1,2.46,11.704811539980854,2,6,1.3624518180321843e-14,-0.01824467858727815,0.01824467858727815,0.9991857183668268,-6,0.4997938435647873,6,0.9995876871240682,0.5026153769413447,8.736120201519864e-16,0.019489803006818688,3.306003271271257e-11,True,True,True
image_shell,S1,1,2.46,11.704811539980854,2,7,1.3613850138899775e-14,0.01824467858727816,0.01824467858727816,0.999185718366827,6,0.4997938435648022,6,0.9995876871240681,0.5026153769413447,8.736120201519864e-16,0.019489803006818688,3.306003271271257e-11,True,True,True
image_shell,S1,1,2.46,11.704811539980854,3,0,-2.51066602306426e-14,-0.00023500876455122014,0.00023500876455122014,0.9998165315423821,-1,0.9582332686164577,1,0.9582332686164577,0.12892655181605542,8.1066072932824945e-16,0.019489803006818688,3.306003271271257e-11,True,True,True
image_shell,S1,1,2.46,11.704811539980854,3,1,2.3180700849027622e-14,0.00023500876455261914,0.00023500876455261914,0.9998165315423566,-1,0.9582332686169162,1,0.9582332686169162,0.12892655181547052,8.1066072932824945e-16,0.019489803006818688,3.306003271271257e-11,True,True,True
image_shell,S1,1,2.46,11.704811539980854,3,2,-0.00655328228506115,2.6647357526735135e-14,0.00655328228506115,0.9948540593505053,3,0.7210091123820379,3,0.7210091123820379,0.4332770651087133,8.1066072932824945e-16,0.019489803006818688,3.306003271271257e-11,True,True,True
image_shell,S1,1,2.46,11.704811539980854,3,3,0.006553282285077906,2.092995925820133e-16,0.006553282285077906,0.9948540593487158,3,0.7210091123833772,3,0.7210091123833772,0.43327706510795455,8.1066072932824945e-16,0.019489803006818688,3.306003271271257e-11,True,True,True
image_shell,S1,1,2.46,11.704811539980854,3,4,-0.008380985550135155,-1.7997170711945614e-14,0.008380985550135155,0.9929050594820726,-5,0.713332575717432,5,0.713332575717432,0.457572306193981,8.1066072932824945e-16,0.019489803006818688,3.306003271271257e-11,True,True,True
image_shell,S1,1,2.46,11.704811539980854,3,5,0.008380985550102301,-6.443159787115781e-15,0.008380985550102301,0.992905059481773,-5,0.7133325757165426,5,0.7133325757165426,0.45757230619436373,8.1066072932824945e-16,0.019489803006818688,3.306003271271257e-11,True,True,True
image_shell,S1,1,2.46,11.704811539980854,3,6,-6.2640864717522504e-15,0.03299270191437921,0.03299270191437921,0.9989897776002752,7,0.9990550814755774,7,0.9990550814755774,0.005845788391535701,8.1066072932824945e-16,0.019489803006818688,3.306003271271257e-11,True,True,True
image_shell,S1,1,2.46,11.704811539980854,3,7,6.106226635438361e-16,-0.032992701914395135,0.032992701914395135,0.9989897776002916,7,0.9990550814755796,7,0.9990550814755796,0.0058457883915264556,8.1066072932824945e-16,0.019489803006818688,3.306003271271257e-11,True,True,True
image_shell,S1,1,2.51,12.30493006051041,0,0,-4.921162759557208e-15,2.9568605147390606e-11,2.9568605556910137e-11,0.9984619368913877,0,0.9888297823540888,0,0.9888297823540888,0.042906670038162134,5.52100624178606e-16,0.012515230140295748,5.4401560645609056e-11,True,True,True
image_shell,S1,1,2.51,12.30493006051041,0,1,-4.921162759552844e-15,-2.956860514739061e-11,2.956860555691014e-11,0.998461936891388,0,0.9888297823540888,0,0.9888297823540888,0.04290667003816212,5.52100624178606e-16,0.012515230140295748,5.4401560645609056e-11,True,True,True
image_shell,S1,1,2.51,12.30493006051041,0,2,0.00978852345163521,5.8238007081429024e-21,0.00978852345163521,0.9994608379535755,-4,0.4999696573249277,4,0.9999393146498529,0.43108674752844217,5.52100624178606e-16,0.012515230140295748,5.4401560645609056e-11,True,True,True
image_shell,S1,1,2.51,12.30493006051041,0,3,-0.009788523451648243,-5.823775281076073e-21,0.009788523451648243,0.9994608379536426,-4,0.4999696573249284,4,0.9999393146498453,0.43108674752849585,5.52100624178606e-16,0.012515230140295748,5.4401560645609056e-11,True,True,True
image_shell,S1,1,2.51,12.30493006051041,0,4,-0.01082289994044004,-6.777163286329806e-21,0.01082289994044004,0.9997483095348114,4,0.49992834697986777,4,0.9998566939597238,0.4315536530473771,5.52100624178606e-16,0.012515230140295748,5.4401560645609056e-11,True,True,True
image_shell,S1,1,2.51,12.30493006051041,0,5,0.01082289994043199,6.777174256221724e-21,0.01082289994043199,0.9997483095348307,-4,0.49992834697985683,4,0.9998566939597104,0.4315536530474495,5.52100624178606e-16,0.012515230140295748,5.4401560645609056e-11,True,True,True
image_shell,S1,1,2.51,12.30493006051041,0,6,-1.9513821502378858e-14,-0.048071838379167446,0.048071838379167446,0.9998104015423985,-8,0.49992754139111273,8,0.9998550826014209,0.43156250838383975,5.52100624178606e-16,0.012515230140295748,5.4401560645609056e-11,True,True,True
image_shell,S1,1,2.51,12.30493006051041,0,7,-1.9529516892546894e-14,0.04807183837916745,0.04807183837916745,0.9998104015423988,8,0.49992754139144413,8,0.9998550826014209,0.43156250838383975,5.52100624178606e-16,0.012515230140295748,5.4401560645609056e-11,True,True,True
image_shell,S1,1,2.51,12.30493006051041,0,8,-2.195681280999459e-15,-0.04817079476761396,0.04817079476761396,0.9998972816307071,8,0.49997376738262284,8,0.9999475347611144,0.4310304561264944,5.52100624178606e-16,0.012515230140295748,5.4401560645609056e-11,True,True,True
image_shell,S1,1,2.51,12.30493006051041,0,9,-2.2065682614424986e-15,0.04817079476761398,0.04817079476761398,0.9998972816307065,-8,0.4999737673832817,8,0.9999475347611144,0.4310304561264944,5.52100624178606e-16,0.012515230140295748,5.4401560645609056e-11,True,True,True
image_shell,S1,1,2.51,12.30493006051041,1,0,-1.7518472916111482e-14,0.00016448457618623756,0.00016448457618623756,0.9999106133103073,1,0.9601047126316076,1,0.9601047126316076,0.12385035806285137,7.874213218429469e-16,0.012515230140295748,5.4401560645609056e-11,True,True,True
image_shell,S1,1,2.51,12.30493006051041,1,1,1.4863455398021015e-14,-0.00016448457618335293,0.00016448457618335293,0.9999106133103555,1,0.9601047126310616,1,0.9601047126310616,0.12385035806356041,7.874213218429469e-16,0.012515230140295748,5.4401560645609056e-11,True,True,True
image_shell,S1,1,2.51,12.30493006051041,1,2,-0.005374013301405891,-6.012034290928113e-14,0.005374013301405891,0.9943717668032992,-3,0.7642612918169855,3,0.7642612918169855,0.3980461111406391,7.874213218429469e-16,0.012515230140295748,5.4401560645609056e-11,True,True,True
image_shell,S1,1,2.51,12.30493006051041,1,3,0.005374013301363615,6.605418351249712e-14,0.005374013301363615,0.9943717668016058,-3,0.7642612918297245,3,0.7642612918297245,0.39804611112942295,7.874213218429469e-16,0.012515230140295748,5.4401560645609056e-11,True,True,True
image_shell,S1,1,2.51,12.30493006051041,1,4,-0.0065707074465252875,-2.0809622800077208e-14,0.0065707074465252875,0.9933787605300285,5,0.7599438576468934,5,0.7599438576468934,0.4142470481050451,7.874213218429469e-16,0.012515230140295748,5.4401560645609056e-11,True,True,True
image_shell,S1,1,2.51,12.30493006051041,1,5,0.006570707446588573,4.1521253657441845e-14,0.006570707446588573,0.9933787605293458,5,0.759943857650522,5,0.759943857650522,0.41424704810210805,7.874213218429469e-16,0.012515230140295748,5.4401560645609056e-11,True,True,True
image_shell,S1,1,2.51,12.30493006051041,1,6,2.2499363483419188e-15,-0.033448627364056786,0.033448627364056786,0.9996168831383632,-7,0.9996607155903343,7,0.9996607155903343,0.0023236932682076006,7.874213218429469e-16,0.012515230140295748,5.4401560645609056e-11,True,True,True
image_shell,S1,1,2.51,12.30493006051041,1,7,-1.096345236817342e-15,0.03344862736406332,0.03344862736406332,0.9996168831383543,-7,0.9996607155903492,7,0.9996607155903492,0.0023236932681246145,7.874213218429469e-16,0.012515230140295748,5.4401560645609056e-11,True,True,True
image_shell,S1,1,2.51,12.30493006051041,2,0,8.497488927978296e-15,-0.005674427742461335,0.005674427742461335,0.9984232269688915,-2,0.49937488477508596,2,0.9987497695500396,0.5069296417213283,8.785728036732785e-16,0.012515230140295748,5.4401560645609056e-11,True,True,True
image_shell,S1,1,2.51,12.30493006051041,2,1,8.497817325963094e-15,0.005674427742461335,0.005674427742461335,0.9984232269688913,2,0.49937488477508624,2,0.9987497695500396,0.5069296417213283,8.785728036732785e-16,0.012515230140295748,5.4401560645609056e-11,True,True,True
image_shell,S1,1,2.51,12.30493006051041,2,2,-1.3387466253568903e-14,-0.01800819362863651,0.01800819362863651,0.996405158467079,-6,0.4978625644395013,6,0.9957251288679161,0.5198984784697808,8.785728036732785e-16,0.012515230140295748,5.4401560645609056e-11,True,True,True
image_shell,S1,1,2.51,12.30493006051041,2,3,-1.3397269404968881e-14,0.018008193628636503,0.018008193628636503,0.9964051584670792,6,0.49786256443951105,6,0.9957251288679161,0.5198984784697808,8.785728036732785e-16,0.012515230140295748,5.4401560645609056e-11,True,True,True
image_shell,S1,1,2.51,12.30493006051041,2,4,-0.004627499659887516,5.52581568221765e-29,0.004627499659887516,0.9817648745516787,2,0.4998876811411685,2,0.9997753622823367,0.5015233408297509,8.785728036732785e-16,0.012515230140295748,5.4401560645609056e-11,True,True,True
image_shell,S1,1,2.51,12.30493006051041,2,5,0.004627499659915065,1.1309299527016618e-28,0.004627499659915065,0.981764874551846,2,0.49988768114117554,2,0.9997753622823502,0.5015233408296693,8.785728036732785e-16,0.012515230140295748,5.4401560645609056e-11,True,True,True
image_shell,S1,1,2.51,12.30493006051041,2,6,-9.876600460675929e-15,-0.01865354794470615,0.01865354794470615,0.9995329241428491,-6,0.49989385827734706,6,0.9997877165365723,0.5014482256271718,8.785728036732785e-16,0.012515230140295748,5.4401560645609056e-11,True,True,True
image_shell,S1,1,2.51,12.30493006051041,2,7,-9.87751547221194e-15,0.0186535479447061,0.0186535479447061,0.9995329241428489,6,0.4998938582773369,6,0.9997877165365723,0.5014482256271718,8.785728036732785e-16,0.012515230140295748,5.4401560645609056e-11,True,True,True
image_shell,S1,1,2.51,12.30493006051041,3,0,-1.751819353162285e-14,-0.00016448457618620008,0.00016448457618620008,0.9999106133103066,-1,0.9601047126316078,1,0.9601047126316078,0.12385035806284986,7.542275557678845e-16,0.012515230140295748,5.4401560645609056e-11,True,True,True
image_shell,S1,1,2.51,12.30493006051041,3,1,1.4863853498560237e-14,0.00016448457618331572,0.00016448457618331572,0.9999106133103548,-1,0.9601047126310621,1,0.9601047126310621,0.12385035806355871,7.542275557678845e-16,0.012515230140295748,5.4401560645609056e-11,True,True,True
image_shell,S1,1,2.51,12.30493006051041,3,2,-0.005374013301405894,6.012039519451107e-14,0.005374013301405894,0.9943717668033001,3,0.7642612918169801,3,0.7642612918169801,0.3980461111406438,7.542275557678845e-16,0.012515230140295748,5.4401560645609056e-11,True,True,True
image_shell,S1,1,2.51,12.30493006051041,3,3,0.005374013301363604,-6.605437587590303e-14,0.005374013301363604,0.9943717668016064,3,0.7642612918297279,3,0.7642612918297279,0.39804611112941984,7.542275557678845e-16,0.012515230140295748,5.4401560645609056e-11,True,True,True
image_shell,S1,1,2.51,12.30493006051041,3,4,-0.0065707074465252676,2.0809465775964043e-14,0.0065707074465252676,0.9933787605300289,-5,0.7599438576468913,5,0.7599438576468913,0.4142470481050468,7.542275557678845e-16,0.012515230140295748,5.4401560645609056e-11,True,True,True
image_shell,S1,1,2.51,12.30493006051041,3,5,0.00657070744658857,-4.1519602306953993e-14,0.00657070744658857,0.9933787605293463,-5,0.7599438576505219,5,0.7599438576505219,0.4142470481021081,7.542275557678845e-16,0.012515230140295748,5.4401560645609056e-11,True,True,True
image_shell,S1,1,2.51,12.30493006051041,3,6,2.2473342631279536e-15,0.033448627364056883,0.033448627364056883,0.9996168831383636,7,0.9996607155903343,7,0.9996607155903343,0.002323693268207581,7.542275557678845e-16,0.012515230140295748,5.4401560645609056e-11,True,True,True
image_shell,S1,1,2.51,12.30493006051041,3,7,-1.096345236817342e-15,-0.03344862736406341,0.03344862736406341,0.9996168831383552,7,0.9996607155903493,7,0.9996607155903493,0.0023236932681245134,7.542275557678845e-16,0.012515230140295748,5.4401560645609056e-11,True,True,True
image_shell,S1,1,2.56,12.935817315543076,0,0,2.645040648941768e-14,2.9318214504949405e-11,2.9318226436505825e-11,0.9990645123103047,0,0.9943397254291736,0,0.9943397254291736,0.02414232467490076,5.48504819546585e-16,0.008101855358806273,5.6699130376000477e-11,True,True,True
image_shell,S1,1,2.56,12.935817315543076,0,1,2.645040648945976e-14,-2.9318214504949457e-11,2.931822643650588e-11,0.9990645123103047,0,0.9943397254291736,0,0.9943397254291736,0.024142324674900753,5.48504819546585e-16,0.008101855358806273,5.6699130376000477e-11,True,True,True
image_shell,S1,1,2.56,12.935817315543076,0,2,0.009321746488592214,-2.9939942984328658e-21,0.009321746488592214,0.9997278632966554,4,0.4999862820904048,4,0.9999725641808055,0.4308754282898672,5.48504819546585e-16,0.008101855358806273,5.6699130376000477e-11,True,True,True
image_shell,S1,1,2.56,12.935817315543076,0,3,-0.00932174648862246,2.9939792195537013e-21,0.00932174648862246,0.9997278632966324,-4,0.4999862820904105,4,0.9999725641808103,0.4308754282898367,5.48504819546585e-16,0.008101855358806273,5.6699130376000477e-11,True,True,True
image_shell,S1,1,2.56,12.935817315543076,0,4,-0.009968310117313589,3.93971779020181e-21,0.009968310117313589,0.9999082428232112,4,0.49997339731533674,4,0.9999467946306586,0.4310349544283915,5.48504819546585e-16,0.008101855358806273,5.6699130376000477e-11,True,True,True
image_shell,S1,1,2.56,12.935817315543076,0,5,0.00996831011728025,-3.939751508422133e-21,0.00996831011728025,0.9999082428232168,-4,0.4999733973153286,4,0.9999467946306562,0.4310349544284065,5.48504819546585e-16,0.008101855358806273,5.6699130376000477e-11,True,True,True
image_shell,S1,1,2.56,12.935817315543076,0,6,-1.1490855624906258e-14,-0.04831491634062589,0.04831491634062589,0.9999217403253118,8,0.4999731138099464,8,0.9999462267472041,0.4310384250128819,5.48504819546585e-16,0.008101855358806273,5.6699130376000477e-11,True,True,True
image_shell,S1,1,2.56,12.935817315543076,0,7,-1.148560413444244e-14,0.04831491634062589,0.04831491634062589,0.9999217403253116,-8,0.4999731138095438,8,0.9999462267472041,0.431038425012882,5.48504819546585e-16,0.008101855358806273,5.6699130376000477e-11,True,True,True
image_shell,S1,1,2.56,12.935817315543076,0,8,5.911043121706996e-15,-0.04835591504631521,0.04835591504631521,0.9999471734028407,8,0.4999877575417272,8,0.9999755150403336,0.4308533066546796,5.48504819546585e-16,0.008101855358806273,5.6699130376000477e-11,True,True,True
image_shell,S1,1,2.56,12.935817315543076,0,9,5.898059818321144e-15,0.04835591504631515,0.04835591504631515,0.9999471734028409,-8,0.4999877575419764,8,0.9999755150403336,0.43085330665467964,5.48504819546585e-16,0.008101855358806273,5.6699130376000477e-11,True,True,True
image_shell,S1,1,2.56,12.935817315543076,1,0,-1.922303743332766e-14,0.000117523849954984,0.000117523849954984,0.9999483687251193,1,0.9588920869795778,1,0.9588920869795778,0.12625524289156428,8.464638204739389e-16,0.008101855358806273,5.6699130376000477e-11,True,True,True
image_shell,S1,1,2.56,12.935817315543076,1,1,1.7365162184707682e-14,-0.00011752384995444913,0.00011752384995444913,0.9999483687251388,1,0.95889208698023,1,0.95889208698023,0.12625524288942339,8.464638204739389e-16,0.008101855358806273,5.6699130376000477e-11,True,True,True
image_shell,S1,1,2.56,12.935817315543076,1,2,-0.004328425954813036,-4.694757421070022e-14,0.004328425954813036,0.9937525394935347,-3,0.8115641864846151,3,0.8115641864846151,0.3517616680456973,8.464638204739389e-16,0.008101855358806273,5.6699130376000477e-11,True,True,True
image_shell,S1,1,2.56,12.935817315543076,1,3,0.004328425954789595,5.871206052609703e-14,0.004328425954789595,0.9937525394925976,-3,0.8115641865032833,3,0.8115641865032833,0.3517616680258553,8.464638204739389e-16,0.008101855358806273,5.6699130376000477e-11,True,True,True
image_shell,S1,1,2.56,12.935817315543076,1,4,-0.005136600115383676,-6.373855366265064e-15,0.005136600115383676,0.9932017705344148,5,0.8090396031493757,5,0.8090396031493757,0.3632034286151835,8.464638204739389e-16,0.008101855358806273,5.6699130376000477e-11,True,True,True
image_shell,S1,1,2.56,12.935817315543076,1,5,0.005136600115415181,-9.638863417427111e-15,0.005136600115415181,0.9932017705359603,5,0.8090396031434328,5,0.8090396031434328,0.36320342862114685,8.464638204739389e-16,0.008101855358806273,5.6699130376000477e-11,True,True,True
image_shell,S1,1,2.56,12.935817315543076,1,6,2.6020852139652106e-16,-0.033729413253693385,0.033729413253693385,0.9998404346529325,-7,0.9998709675607789,7,0.9998709675607789,0.0009632142556605922,8.464638204739389e-16,0.008101855358806273,5.6699130376000477e-11,True,True,True
image_shell,S1,1,2.56,12.935817315543076,1,7,8.385653282871885e-15,0.03372941325368997,0.03372941325368997,0.9998404346529416,-7,0.9998709675607668,7,0.9998709675607668,0.0009632142557394545,8.464638204739389e-16,0.008101855358806273,5.6699130376000477e-11,True,True,True
image_shell,S1,1,2.56,12.935817315543076,2,0,3.349368633722263e-14,-0.005933702764055717,0.005933702764055717,0.9991029687586067,2,0.4997353853163084,2,0.9994707706284476,0.5032616756685895,8.992893441255763e-16,0.008101855358806273,5.6699130376000477e-11,True,True,True
image_shell,S1,1,2.56,12.935817315543076,2,1,3.349405439598581e-14,0.005933702764055714,0.005933702764055714,0.9991029687586065,-2,0.49973538531630746,2,0.9994707706284476,0.5032616756685895,8.992893441255763e-16,0.008101855358806273,5.6699130376000477e-11,True,True,True
image_shell,S1,1,2.56,12.935817315543076,2,2,-2.0904285247258514e-14,-0.018637773796800344,0.018637773796800344,0.9988166880598576,-6,0.49921100840404764,6,0.9984220167673035,0.5084810748987302,8.992893441255763e-16,0.008101855358806273,5.6699130376000477e-11,True,True,True
image_shell,S1,1,2.56,12.935817315543076,2,3,-2.090366278100501e-14,0.018637773796800337,0.018637773796800337,0.9988166880598571,6,0.49921100840403365,6,0.9984220167673035,0.5084810748987303,8.992893441255763e-16,0.008101855358806273,5.6699130376000477e-11,True,True,True
image_shell,S1,1,2.56,12.935817315543076,2,4,-0.0017483372536972108,7.978687152950354e-28,0.0017483372536972108,0.9677597952942646,-2,0.49994915309917565,2,0.9998983061983504,0.5007477597258476,8.992893441255763e-16,0.008101855358806273,5.6699130376000477e-11,True,True,True
image_shell,S1,1,2.56,12.935817315543076,2,5,0.0017483372536849686,6.474237411090538e-28,0.0017483372536849686,0.9677597952937769,-2,0.49994915309917326,2,0.9998983061983462,0.5007477597258755,8.992893441255763e-16,0.008101855358806273,5.6699130376000477e-11,True,True,True
image_shell,S1,1,2.56,12.935817315543076,2,6,8.425551922819352e-15,-0.01895131791624677,0.01895131791624677,0.9997403368614947,-6,0.4999468440096164,6,0.9998936879445546,0.5007783119148127,8.992893441255763e-16,0.008101855358806273,5.6699130376000477e-11,True,True,True
image_shell,S1,1,2.56,12.935817315543076,2,7,8.420196865437741e-15,0.018951317916246765,0.018951317916246765,0.9997403368614944,6,0.4999468440096397,6,0.9998936879445544,0.5007783119148127,8.992893441255763e-16,0.008101855358806273,5.6699130376000477e-11,True,True,True
image_shell,S1,1,2.56,12.935817315543076,3,0,-1.9223857973792572e-14,-0.00011752384995498059,0.00011752384995498059,0.9999483687251193,-1,0.9588920869795772,1,0.9588920869795772,0.12625524289156553,7.525011694730322e-16,0.008101855358806273,5.6699130376000477e-11,True,True,True
image_shell,S1,1,2.56,12.935817315543076,3,1,1.7364367417648807e-14,0.00011752384995444566,0.00011752384995444566,0.999948368725139,-1,0.9588920869802294,1,0.9588920869802294,0.12625524288942452,7.525011694730322e-16,0.008101855358806273,5.6699130376000477e-11,True,True,True
image_shell,S1,1,2.56,12.935817315543076,3,2,-0.004328425954813043,4.6947557295224564e-14,0.004328425954813043,0.9937525394935343,3,0.8115641864846146,3,0.8115641864846146,0.35176166804569775,7.525011694730322e-16,0.008101855358806273,5.6699130376000477e-11,True,True,True
image_shell,S1,1,2.56,12.935817315543076,3,3,0.004328425954789588,-5.871204369290493e-14,0.004328425954789588,0.9937525394925978,3,0.8115641865032839,3,0.8115641865032839,0.3517616680258547,7.525011694730322e-16,0.008101855358806273,5.6699130376000477e-11,True,True,True
image_shell,S1,1,2.56,12.935817315543076,3,4,-0.005136600115383681,6.373946783820511e-15,0.005136600115383681,0.9932017705344142,-5,0.8090396031493762,5,0.8090396031493762,0.3632034286151831,7.525011694730322e-16,0.008101855358806273,5.6699130376000477e-11,True,True,True
image_shell,S1,1,2.56,12.935817315543076,3,5,0.005136600115415176,9.63895000418287e-15,0.005136600115415176,0.9932017705359607,-5,0.8090396031434309,5,0.8090396031434309,0.3632034286211488,7.525011694730322e-16,0.008101855358806273,5.6699130376000477e-11,True,True,True
image_shell,S1,1,2.56,12.935817315543076,3,6,2.5673907444456745e-16,0.033729413253693406,0.033729413253693406,0.999840434652932,7,0.9998709675607789,7,0.9998709675607789,0.0009632142556605846,7.525011694730322e-16,0.008101855358806273,5.6699130376000477e-11,True,True,True
image_shell,S1,1,2.56,12.935817315543076,3,7,8.387388006347862e-15,-0.03372941325369,0.03372941325369,0.9998404346529418,7,0.9998709675607668,7,0.9998709675607668,0.0009632142557394462,7.525011694730322e-16,0.008101855358806273,5.6699130376000477e-11,True,True,True
image_shell,S1,1,2.61,13.599050851830924,0,0,-1.4883197905201292e-14,2.8838678057547243e-11,2.8838681898041675e-11,0.9994838943295812,0,0.9972334261403876,0,0.9972334261403876,0.013033066322048266,5.213634753964547e-16,0.005286066515569914,6.18442774330253e-11,True,True,True
image_shell,S1,1,2.61,13.599050851830924,0,1,-1.4883197905323278e-14,-2.8838678057547317e-11,2.8838681898041752e-11,0.9994838943295812,0,0.9972334261403876,0,0.9972334261403876,0.013033066322048268,5.213634753964547e-16,0.005286066515569914,6.18442774330253e-11,True,True,True
image_shell,S1,1,2.61,13.599050851830924,0,2,0.008961071073007988,-4.579853528101254e-21,0.008961071073007988,0.9998659487915461,4,0.49999381229200923,4,0.9999876245840171,0.43077235286037185,5.213634753964547e-16,0.005286066515569914,6.18442774330253e-11,True,True,True
image_shell,S1,1,2.61,13.599050851830924,0,3,-0.008961071072999248,4.579851581013345e-21,0.008961071072999248,0.9998659487915026,4,0.4999938122920185,4,0.9999876245840165,0.43077235286037563,5.213634753964547e-16,0.005286066515569914,6.18442774330253e-11,True,True,True
image_shell,S1,1,2.61,13.599050851830924,0,4,-0.009367418204928226,1.7922457771674297e-21,0.009367418204928226,0.9999691867411893,-4,0.4999897255442097,4,0.9999794510883935,0.4308271242989984,5.213634753964547e-16,0.005286066515569914,6.18442774330253e-11,True,True,True
image_shell,S1,1,2.61,13.599050851830924,0,5,0.009367418204911044,-1.792255290408714e-21,0.009367418204911044,0.9999691867411886,4,0.4999897255442036,4,0.9999794510883955,0.4308271242989852,5.213634753964547e-16,0.005286066515569914,6.18442774330253e-11,True,True,True
image_shell,S1,1,2.61,13.599050851830924,0,6,-9.048317650695026e-15,-0.048463217983416434,0.048463217983416434,0.9999649347281917,-8,0.4999896015831161,8,0.9999792031070125,0.43082878630399046,5.213634753964547e-16,0.005286066515569914,6.18442774330253e-11,True,True,True
image_shell,S1,1,2.61,13.599050851830924,0,7,-9.047578513549437e-15,0.04846321798341642,0.04846321798341642,0.9999649347281913,8,0.4999896015789628,8,0.9999792031070125,0.43082878630399046,5.213634753964547e-16,0.005286066515569914,6.18442774330253e-11,True,True,True
image_shell,S1,1,2.61,13.599050851830924,0,8,5.904998712225051e-15,-0.04848028245310316,0.04848028245310316,0.9999726286827436,-8,0.49999434534956233,8,0.9999886897184265,0.43076362931509476,5.213634753964547e-16,0.005286066515569914,6.18442774330253e-11,True,True,True
image_shell,S1,1,2.61,13.599050851830924,0,9,5.9223268261187364e-15,0.048480282453103096,0.048480282453103096,0.9999726286827438,8,0.49999434535417336,8,0.9999886897184265,0.43076362931509476,5.213634753964547e-16,0.005286066515569914,6.18442774330253e-11,True,True,True
image_shell,S1,1,2.61,13.599050851830924,1,0,-4.722878434493127e-15,8.717004262492865e-05,8.717004262492865e-05,0.9996476291350292,1,0.9514294666745411,1,0.9514294666745411,0.1429064879866601,8.057191486336146e-16,0.005286066515569914,6.18442774330253e-11,True,True,True
image_shell,S1,1,2.61,13.599050851830924,1,1,2.968934848225284e-15,-8.717004262425255e-05,8.717004262425255e-05,0.9996476291348073,1,0.9514294666727163,1,0.9514294666727163,0.14290648799014263,8.057191486336146e-16,0.005286066515569914,6.18442774330253e-11,True,True,True
image_shell,S1,1,2.61,13.599050851830924,1,2,-0.0033712774158871322,-6.390901746328089e-14,0.0033712774158871322,0.9927608217360278,-3,0.8612094947051991,3,0.8612094947051991,0.29229443272603367,8.057191486336146e-16,0.005286066515569914,6.18442774330253e-11,True,True,True
image_shell,S1,1,2.61,13.599050851830924,1,3,0.0033712774159077763,6.969391913955337e-14,0.0033712774159077763,0.9927608217439453,-3,0.8612094946828285,3,0.8612094946828285,0.29229443275581474,8.057191486336146e-16,0.005286066515569914,6.18442774330253e-11,True,True,True
image_shell,S1,1,2.61,13.599050851830924,1,4,-0.003939648953401743,2.3143303653748487e-14,0.003939648953401743,0.9925223698297323,5,0.8593350145188654,5,0.8593350145188654,0.301258559319643,8.057191486336146e-16,0.005286066515569914,6.18442774330253e-11,True,True,True
image_shell,S1,1,2.61,13.599050851830924,1,5,0.0039396489534229365,-3.4673686186780648e-15,0.0039396489534229365,0.9925223698315522,5,0.8593350145048112,5,0.8593350145048112,0.30125855933791545,8.057191486336146e-16,0.005286066515569914,6.18442774330253e-11,True,True,True
image_shell,S1,1,2.61,13.599050851830924,1,6,2.6922908347160046e-15,-0.03390990772453384,0.03390990772453384,0.9999279882995226,-7,0.9999485647438925,7,0.9999485647438925,0.00041427538309500144,8.057191486336146e-16,0.005286066515569914,6.18442774330253e-11,True,True,True
image_shell,S1,1,2.61,13.599050851830924,1,7,3.643786661289283e-15,0.03390990772453268,0.03390990772453268,0.9999279882995179,-7,0.9999485647438924,7,0.9999485647438924,0.00041427538309844465,8.057191486336146e-16,0.005286066515569914,6.18442774330253e-11,True,True,True
image_shell,S1,1,2.61,13.599050851830924,2,0,-3.677453095256532e-15,-0.006127396458618373,0.006127396458618373,0.9994611700347109,-2,0.49988534796389117,2,0.9997706959237732,0.5015515837385911,9.036386971737321e-16,0.005286066515569914,6.18442774330253e-11,True,True,True
image_shell,S1,1,2.61,13.599050851830924,2,1,-3.6781935477034635e-15,0.006127396458618373,0.006127396458618373,0.9994611700347105,2,0.49988534796389106,2,0.9997706959237732,0.5015515837385912,9.036386971737321e-16,0.005286066515569914,6.18442774330253e-11,True,True,True
image_shell,S1,1,2.61,13.599050851830924,2,2,1.0711917464156784e-15,-0.019013672119024397,0.019013672119024397,0.9995494436023031,6,0.49969304262920466,6,0.9993860851915781,0.5037178453692298,9.036386971737321e-16,0.005286066515569914,6.18442774330253e-11,True,True,True
image_shell,S1,1,2.61,13.599050851830924,2,3,1.0715902910854173e-15,0.019013672119024383,0.019013672119024383,0.9995494436023034,-6,0.4996930426292182,6,0.9993860851915781,0.5037178453692298,9.036386971737321e-16,0.005286066515569914,6.18442774330253e-11,True,True,True
image_shell,S1,1,2.61,13.599050851830924,2,4,-1.2346238333006814e-14,-0.003198364074297377,0.003198364074297377,0.9507810715729195,2,0.4999761567946996,2,0.9999523135769527,0.5003766922834654,9.036386971737321e-16,0.005286066515569914,6.18442774330253e-11,True,True,True
image_shell,S1,1,2.61,13.599050851830924,2,5,-1.2346762667021722e-14,0.0031983640742973777,0.0031983640742973777,0.9507810715726707,-2,0.49997615679469987,2,0.9999523135769526,0.5003766922834654,9.036386971737321e-16,0.005286066515569914,6.18442774330253e-11,True,True,True
image_shell,S1,1,2.61,13.599050851830924,2,6,4.315992008230296e-15,-0.019168596900679444,0.019168596900679444,0.9998572111425144,6,0.4999737325451722,6,0.9999474650683584,0.5004113227883168,9.036386971737321e-16,0.005286066515569914,6.18442774330253e-11,True,True,True
image_shell,S1,1,2.61,13.599050851830924,2,7,4.309053183257038e-15,0.01916859690067943,0.01916859690067943,0.9998572111425139,-6,0.4999737325451291,6,0.9999474650683584,0.5004113227883168,9.036386971737321e-16,0.005286066515569914,6.18442774330253e-11,True,True,True
image_shell,S1,1,2.61,13.599050851830924,3,0,-4.7230399151516155e-15,-8.717004262493199e-05,8.717004262493199e-05,0.9996476291350288,-1,0.9514294666745411,1,0.9514294666745411,0.14290648798666036,7.773985391365741e-16,0.005286066515569914,6.18442774330253e-11,True,True,True
image_shell,S1,1,2.61,13.599050851830924,3,1,2.9686636925947368e-15,8.717004262425594e-05,8.717004262425594e-05,0.999647629134808,-1,0.9514294666727162,1,0.9514294666727162,0.14290648799014302,7.773985391365741e-16,0.005286066515569914,6.18442774330253e-11,True,True,True
image_shell,S1,1,2.61,13.599050851830924,3,2,-0.0033712774158871223,6.390930596259285e-14,0.0033712774158871223,0.992760821736028,3,0.8612094947051985,3,0.8612094947051985,0.29229443272603456,7.773985391365741e-16,0.005286066515569914,6.18442774330253e-11,True,True,True
image_shell,S1,1,2.61,13.599050851830924,3,3,0.0033712774159077746,-6.969405302404351e-14,0.0033712774159077746,0.9927608217439453,3,0.8612094946828276,3,0.8612094946828276,0.292294432755816,7.773985391365741e-16,0.005286066515569914,6.18442774330253e-11,True,True,True
image_shell,S1,1,2.61,13.599050851830924,3,4,-0.003939648953401731,-2.3144061056078772e-14,0.003939648953401731,0.9925223698297316,-5,0.859335014518867,5,0.859335014518867,0.30125855931964096,7.773985391365741e-16,0.005286066515569914,6.18442774330253e-11,True,True,True
image_shell,S1,1,2.61,13.599050851830924,3,5,0.003939648953422933,3.4674958017132714e-15,0.003939648953422933,0.9925223698315524,-5,0.8593350145048099,5,0.8593350145048099,0.3012585593379173,7.773985391365741e-16,0.005286066515569914,6.18442774330253e-11,True,True,True
image_shell,S1,1,2.61,13.599050851830924,3,6,2.6922908347160046e-15,0.033909907724533846,0.033909907724533846,0.9999279882995226,7,0.9999485647438925,7,0.9999485647438925,0.0004142753830950108,7.773985391365741e-16,0.005286066515569914,6.18442774330253e-11,True,True,True
image_shell,S1,1,2.61,13.599050851830924,3,7,3.639449852599341e-15,-0.0339099077245327,0.0339099077245327,0.9999279882995177,7,0.9999485647438923,7,0.9999485647438923,0.00041427538309853404,7.773985391365741e-16,0.005286066515569914,6.18442774330253e-11,True,True,True
image_shell,S1,1,2.66,14.296289098677603,0,0,-4.202006523407116e-15,2.9093838925716534e-11,2.9093839229163234e-11,0.999735031732958,0,0.9986788442919912,0,0.9986788442919912,0.0068311479859259954,5.326386898006168e-16,0.0034742457975056287,5.919614370012544e-11,True,True,True
image_shell,S1,1,2.66,14.296289098677603,0,1,-4.202006523729394e-15,-2.9093838925716573e-11,2.9093839229163273e-11,0.999735031732958,0,0.9986788442919912,0,0.9986788442919912,0.006831147985925998,5.326386898006168e-16,0.0034742457975056287,5.919614370012544e-11,True,True,True
image_shell,S1,1,2.66,14.296289098677603,0,2,0.008683569111020573,-2.466825646334792e-22,0.008683569111020573,0.9999344868428397,-4,0.49999720421229754,4,0.9999944084245618,0.4307225919242486,5.326386898006168e-16,0.0034742457975056287,5.919614370012544e-11,True,True,True
image_shell,S1,1,2.66,14.296289098677603,0,3,-0.008683569111003457,2.4671143143694545e-22,0.008683569111003457,0.9999344868428393,4,0.4999972042122943,4,0.9999944084245602,0.4307225919242613,5.326386898006168e-16,0.0034742457975056287,5.919614370012544e-11,True,True,True
image_shell,S1,1,2.66,14.296289098677603,0,4,-0.008939899203854617,-6.715482101034822e-22,0.008939899203854617,0.9999907496263591,-4,0.49999589339363404,4,0.999991786787258,0.43074141797307086,5.326386898006168e-16,0.0034742457975056287,5.919614370012544e-11,True,True,True
image_shell,S1,1,2.66,14.296289098677603,0,5,0.008939899203840574,6.7157805298104e-22,0.008939899203840574,0.9999907496263598,4,0.4999958933936408,4,0.9999917867872578,0.43074141797307214,5.326386898006168e-16,0.0034742457975056287,5.919614370012544e-11,True,True,True
image_shell,S1,1,2.66,14.296289098677603,0,6,-2.282692774459267e-15,-0.048558304498086374,0.048558304498086374,0.9999832180314356,-8,0.4999958364979905,8,0.9999916701960829,0.43074226574159713,5.326386898006168e-16,0.0034742457975056287,5.919614370012544e-11,True,True,True
image_shell,S1,1,2.66,14.296289098677603,0,7,-2.274222477005594e-15,0.048558304498086416,0.048558304498086416,0.9999832180314356,8,0.49999583648657087,8,0.9999916701960829,0.43074226574159713,5.326386898006168e-16,0.0034742457975056287,5.919614370012544e-11,True,True,True
image_shell,S1,1,2.66,14.296289098677603,0,8,2.9689962914588286e-16,-0.04856543447323563,0.04856543447323563,0.9999856077983983,8,0.49999739943766636,8,0.999994798347041,0.4307191125496518,5.326386898006168e-16,0.0034742457975056287,5.919614370012544e-11,True,True,True
image_shell,S1,1,2.66,14.296289098677603,0,9,2.914335439641036e-16,0.04856543447323566,0.04856543447323566,0.9999856077983978,-8,0.499997399426293,8,0.999994798347041,0.4307191125496518,5.326386898006168e-16,0.0034742457975056287,5.919614370012544e-11,True,True,True
image_shell,S1,1,2.66,14.296289098677603,1,0,-7.124253701793953e-15,6.9694254491968e-05,6.9694254491968e-05,0.996724951056771,1,0.9242873602355676,1,0.9242873602355676,0.197762890095245,8.467073955998709e-16,0.0034742457975056287,5.919614370012544e-11,True,True,True
image_shell,S1,1,2.66,14.296289098677603,1,1,8.6599081643036e-15,-6.969425449580856e-05,6.969425449580856e-05,0.9967249510576593,1,0.9242873602367367,1,0.9242873602367367,0.1977628900877179,8.467073955998709e-16,0.0034742457975056287,5.919614370012544e-11,True,True,True
image_shell,S1,1,2.66,14.296289098677603,1,2,-0.0024431372205995666,-5.723124747323895e-14,0.0024431372205995666,0.9907692422646949,-3,0.9118261965820876,3,0.9118261965820876,0.21643250731417507,8.467073955998709e-16,0.0034742457975056287,5.919614370012544e-11,True,True,True
image_shell,S1,1,2.66,14.296289098677603,1,3,0.002443137220585123,7.614415447746735e-14,0.002443137220585123,0.9907692422470625,-3,0.9118261966252439,3,0.9118261966252439,0.2164325072412095,8.467073955998709e-16,0.0034742457975056287,5.919614370012544e-11,True,True,True
image_shell,S1,1,2.66,14.296289098677603,1,4,-0.0028694794560232403,-1.0200805532322424e-14,0.0028694794560232403,0.9909465480669665,5,0.9094486025226279,5,0.9094486025226279,0.2255978018885731,8.467073955998709e-16,0.0034742457975056287,5.919614370012544e-11,True,True,True
image_shell,S1,1,2.66,14.296289098677603,1,5,0.002869479456005783,3.170362426142326e-14,0.002869479456005783,0.9909465480553695,5,0.9094486025520964,5,0.9094486025520964,0.22559780183902917,8.467073955998709e-16,0.0034742457975056287,5.919614370012544e-11,True,True,True
image_shell,S1,1,2.66,14.296289098677603,1,6,1.3114509478384662e-15,-0.03403022112751884,0.03403022112751884,0.9999653617939006,-7,0.9999787255168593,7,0.9999787255168593,0.0001836048240609829,8.467073955998709e-16,0.0034742457975056287,5.919614370012544e-11,True,True,True
image_shell,S1,1,2.66,14.296289098677603,1,7,-1.1189833781788394e-14,0.03403022112751192,0.03403022112751192,0.9999653617939039,-7,0.9999787255168544,7,0.9999787255168544,0.00018360482409950465,8.467073955998709e-16,0.0034742457975056287,5.919614370012544e-11,True,True,True
image_shell,S1,1,2.66,14.296289098677603,2,0,-1.2949520022296277e-14,-0.006273939751140684,0.006273939751140684,0.9996710262972612,2,0.4999497791585388,2,0.9998995583072048,0.5007394505730282,9.353924952246447e-16,0.0034742457975056287,5.919614370012544e-11,True,True,True
image_shell,S1,1,2.66,14.296289098677603,2,1,-1.2948458354622508e-14,0.006273939751140684,0.006273939751140684,0.999671026297261,-2,0.4999497791585374,2,0.9998995583072049,0.5007394505730282,9.353924952246447e-16,0.0034742457975056287,5.919614370012544e-11,True,True,True
image_shell,S1,1,2.66,14.296289098677603,2,2,-4.428359703399043e-15,-0.019250327388720668,0.019250327388720668,0.9998115258756248,-6,0.4998763911894305,6,0.9997527822184994,0.5016593809483272,9.353924952246447e-16,0.0034742457975056287,5.919614370012544e-11,True,True,True
image_shell,S1,1,2.66,14.296289098677603,2,3,-4.426146948954823e-15,0.019250327388720657,0.019250327388720657,0.999811525875625,6,0.4998763911892817,6,0.9997527822184995,0.5016593809483272,9.353924952246447e-16,0.0034742457975056287,5.919614370012544e-11,True,True,True
image_shell,S1,1,2.66,14.296289098677603,2,4,-3.7177346988211094e-15,-0.004451815409559268,0.004451815409559268,0.9950197377625227,-2,0.4999886364230076,2,0.9999772728409484,0.5001916797431504,9.353924952246447e-16,0.0034742457975056287,5.919614370012544e-11,True,True,True
image_shell,S1,1,2.66,14.296289098677603,2,5,-3.718938224481293e-15,0.004451815409559271,0.004451815409559271,0.9950197377625227,2,0.4999886364230063,2,0.9999772728409484,0.5001916797431504,9.353924952246447e-16,0.0034742457975056287,5.919614370012544e-11,True,True,True
image_shell,S1,1,2.66,14.296289098677603,2,6,9.8705805521665e-15,-0.019327766725108598,0.019327766725108598,0.9999214477198519,-6,0.49998708390859703,6,0.9999741675315001,0.5002154832327949,9.353924952246447e-16,0.0034742457975056287,5.919614370012544e-11,True,True,True
image_shell,S1,1,2.66,14.296289098677603,2,7,9.870576578308032e-15,0.019327766725108567,0.019327766725108567,0.9999214477198515,6,0.4999870839087428,6,0.9999741675315003,0.5002154832327949,9.353924952246447e-16,0.0034742457975056287,5.919614370012544e-11,True,True,True
image_shell,S1,1,2.66,14.296289098677603,3,0,-7.12591226886359e-15,-6.969425449196697e-05,6.969425449196697e-05,0.996724951056771,-1,0.9242873602355673,1,0.9242873602355673,0.19776289009524534,7.987739592971409e-16,0.0034742457975056287,5.919614370012544e-11,True,True,True
image_shell,S1,1,2.66,14.296289098677603,3,1,8.658258126712241e-15,6.969425449580753e-05,6.969425449580753e-05,0.9967249510576591,-1,0.9242873602367365,1,0.9242873602367365,0.19776289008771825,7.987739592971409e-16,0.0034742457975056287,5.919614370012544e-11,True,True,True
image_shell,S1,1,2.66,14.296289098677603,3,2,-0.0024431372205995683,5.723118104443032e-14,0.0024431372205995683,0.9907692422646944,3,0.9118261965820886,3,0.9118261965820886,0.21643250731417346,7.987739592971409e-16,0.0034742457975056287,5.919614370012544e-11,True,True,True
image_shell,S1,1,2.66,14.296289098677603,3,3,0.0024431372205851207,-7.614398247847005e-14,0.0024431372205851207,0.9907692422470616,3,0.9118261966252446,3,0.9118261966252446,0.21643250724120824,7.987739592971409e-16,0.0034742457975056287,5.919614370012544e-11,True,True,True
image_shell,S1,1,2.66,14.296289098677603,3,4,-0.0028694794560232472,1.0200383024878465e-14,0.0028694794560232472,0.9909465480669656,-5,0.9094486025226322,5,0.9094486025226322,0.22559780188856607,7.987739592971409e-16,0.0034742457975056287,5.919614370012544e-11,True,True,True
image_shell,S1,1,2.66,14.296289098677603,3,5,0.0028694794560057838,-3.1703419012198916e-14,0.0028694794560057838,0.9909465480553671,-5,0.9094486025521006,5,0.9094486025521006,0.22559780183902226,7.987739592971409e-16,0.0034742457975056287,5.919614370012544e-11,True,True,True
image_shell,S1,1,2.66,14.296289098677603,3,6,1.2628786905111156e-15,0.03403022112751889,0.03403022112751889,0.9999653617939008,7,0.9999787255168593,7,0.9999787255168593,0.00018360482406099118,7.987739592971409e-16,0.0034742457975056287,5.919614370012544e-11,True,True,True
image_shell,S1,1,2.66,14.296289098677603,3,7,-1.1232334506949826e-14,-0.03403022112751197,0.03403022112751197,0.9999653617939033,7,0.9999787255168544,7,0.9999787255168544,0.00018360482409951313,7.987739592971409e-16,0.0034742457975056287,5.919614370012544e-11,True,True,True
image_shell,S1,1,2.71,15.029275514875401,0,0,1.623215403043207e-14,2.882454728410144e-11,2.88245518545601e-11,0.9998694060974094,0,0.9993776378602092,0,0.9993776378602092,0.0035091935424155715,5.3523483543774635e-16,0.0022988372104933417,7.045518081445391e-11,True,True,True
image_shell,S1,1,2.71,15.029275514875401,0,1,1.623215403040671e-14,-2.8824547284101367e-11,2.882455185456003e-11,0.9998694060974094,0,0.9993776378602092,0,0.9993776378602092,0.00350919354241557,5.3523483543774635e-16,0.0022988372104933417,7.045518081445391e-11,True,True,True
image_shell,S1,1,2.71,15.029275514875401,0,2,0.008470053213421529,2.962228208549229e-22,0.008470053213421529,0.9999678876046564,-4,0.49999873219513286,4,0.9999974643902629,0.43069867613391616,5.3523483543774635e-16,0.0022988372104933417,7.045518081445391e-11,True,True,True
image_shell,S1,1,2.71,15.029275514875401,0,3,-0.008470053213422857,-2.961909050846789e-22,0.008470053213422857,0.9999678876046728,4,0.49999873219517976,4,0.9999974643902627,0.4306986761339181,5.3523483543774635e-16,0.0022988372104933417,7.045518081445391e-11,True,True,True
image_shell,S1,1,2.71,15.029275514875401,0,4,-0.008632176313694713,-1.1982912853682094e-22,0.008632176313694713,0.9999976033341422,-4,0.49999830932490674,4,0.9999966186497589,0.4307051251956727,5.3523483543774635e-16,0.0022988372104933417,7.045518081445391e-11,True,True,True
image_shell,S1,1,2.71,15.029275514875401,0,5,0.008632176313700017,1.1990317154586562e-22,0.008632176313700017,0.9999976033341393,-4,0.4999983093249014,4,0.9999966186497583,0.43070512519567705,5.3523483543774635e-16,0.0022988372104933417,7.045518081445391e-11,True,True,True
image_shell,S1,1,2.71,15.029275514875401,0,6,1.7243151351209463e-15,-0.048621806264358906,0.048621806264358906,0.9999915396090295,8,0.4999982842590468,8,0.9999965633786786,0.4307055575288075,5.3523483543774635e-16,0.0022988372104933417,7.045518081445391e-11,True,True,True
image_shell,S1,1,2.71,15.029275514875401,0,7,1.7252705961338539e-15,0.048621806264358886,0.048621806264358886,0.99999153960903,-8,0.49999828421468323,8,0.9999965633786787,0.43070555752880746,5.3523483543774635e-16,0.0022988372104933417,7.045518081445391e-11,True,True,True
image_shell,S1,1,2.71,15.029275514875401,0,8,-1.2739809207573671e-14,-0.04862479494243503,0.04862479494243503,0.9999922979524013,8,0.4999988056630197,8,0.9999976100145649,0.43069726517647056,5.3523483543774635e-16,0.0022988372104933417,7.045518081445391e-11,True,True,True
image_shell,S1,1,2.71,15.029275514875401,0,9,-1.2741496542415162e-14,0.04862479494243499,0.04862479494243499,0.9999922979524013,-8,0.49999880570927774,8,0.9999976100145649,0.43069726517647056,5.3523483543774635e-16,0.0022988372104933417,7.045518081445391e-11,True,True,True
image_shell,S1,1,2.71,15.029275514875401,1,0,-1.4189473586126648e-14,6.953652992892639e-05,6.953652992892639e-05,0.9411558806738458,1,0.752223890447219,1,0.752223890447219,0.42120463646039524,7.787648524215941e-16,0.0022988372104933417,7.045518081445391e-11,True,True,True
image_shell,S1,1,2.71,15.029275514875401,1,1,1.422528472038087e-14,-6.953652992778668e-05,6.953652992778668e-05,0.9411558806607764,1,0.7522238904274917,1,0.7522238904274917,0.4212046364734424,7.787648524215941e-16,0.0022988372104933417,7.045518081445391e-11,True,True,True
image_shell,S1,1,2.71,15.029275514875401,1,2,-0.0014101702095789355,-1.2544028555427383e-13,0.0014101702095789355,0.9834152247233523,-3,0.9650113342005288,3,0.9650113342005288,0.11060345655776888,7.787648524215941e-16,0.0022988372104933417,7.045518081445391e-11,True,True,True
image_shell,S1,1,2.71,15.029275514875401,1,3,0.0014101702096444575,1.3708989275072413e-13,0.0014101702096444575,0.9834152247536964,-3,0.96501133417998,3,0.96501133417998,0.11060345660732368,7.787648524215941e-16,0.0022988372104933417,7.045518081445391e-11,True,True,True
image_shell,S1,1,2.71,15.029275514875401,1,4,-0.0017871587572215332,-2.613371064216528e-14,0.0017871587572215332,0.985219091639608,5,0.960179202437338,5,0.960179202437338,0.12663386741645538,7.787648524215941e-16,0.0022988372104933417,7.045518081445391e-11,True,True,True
image_shell,S1,1,2.71,15.029275514875401,1,5,0.0017871587571580154,3.3180449103690186e-14,0.0017871587571580154,0.985219091490126,5,0.9601792027227859,5,0.9601792027227859,0.12663386675130803,7.787648524215941e-16,0.0022988372104933417,7.045518081445391e-11,True,True,True
image_shell,S1,1,2.71,15.029275514875401,1,6,-7.202571872255703e-15,-0.03411285866239593,0.03411285866239593,0.9999824951955316,-7,0.9999909455261283,7,0.9999909455261283,8.330120999874643e-05,7.787648524215941e-16,0.0022988372104933417,7.045518081445391e-11,True,True,True
image_shell,S1,1,2.71,15.029275514875401,1,7,4.808918021763868e-15,0.03411285866240045,0.03411285866240045,0.9999824951955312,-7,0.9999909455261279,7,0.9999909455261279,8.330121000281515e-05,7.787648524215941e-16,0.0022988372104933417,7.045518081445391e-11,True,True,True
image_shell,S1,1,2.71,15.029275514875401,2,0,-1.1109270595642665e-14,-0.0063863179556136575,0.0063863179556136575,0.9997978815302839,-2,0.4999778560141417,2,0.9999557120266922,0.5003522087126453,9.204806835521008e-16,0.0022988372104933417,7.045518081445391e-11,True,True,True
image_shell,S1,1,2.71,15.029275514875401,2,1,-1.1108434788641028e-14,0.006386317955613646,0.006386317955613646,0.9997978815302837,2,0.49997785601414163,2,0.9999557120266922,0.5003522087126453,9.204806835521008e-16,0.0022988372104933417,7.045518081445391e-11,True,True,True
image_shell,S1,1,2.71,15.029275514875401,2,2,1.0003282924220258e-14,-0.01940593201386076,0.01940593201386076,0.9999154482208265,-6,0.4999489779301729,6,0.9998979553444769,0.5007500860357552,9.204806835521008e-16,0.0022988372104933417,7.045518081445391e-11,True,True,True
image_shell,S1,1,2.71,15.029275514875401,2,3,1.0002711955586076e-14,0.01940593201386073,0.01940593201386073,0.9999154482208265,6,0.49994897793074955,6,0.9998979553444769,0.5007500860357552,9.204806835521008e-16,0.0022988372104933417,7.045518081445391e-11,True,True,True
image_shell,S1,1,2.71,15.029275514875401,2,4,-1.159020463946008e-14,-0.005172375083369656,0.005172375083369656,0.9985525466980201,-2,0.4999945727177037,2,0.9999891454346068,0.500097333027484,9.204806835521008e-16,0.0022988372104933417,7.045518081445391e-11,True,True,True
image_shell,S1,1,2.71,15.029275514875401,2,5,-1.1591265992599786e-14,0.005172375083369658,0.005172375083369658,0.9985525466980207,2,0.49999457271770564,2,0.9999891454346068,0.500097333027484,9.204806835521008e-16,0.0022988372104933417,7.045518081445391e-11,True,True,True
image_shell,S1,1,2.71,15.029275514875401,2,6,-1.95364557864508e-14,-0.019444965687487853,0.019444965687487853,0.9999565067328988,6,0.49999365153877084,6,0.9999873027964347,0.5001124198694548,9.204806835521008e-16,0.0022988372104933417,7.045518081445391e-11,True,True,True
image_shell,S1,1,2.71,15.029275514875401,2,7,-1.953645980259798e-14,0.01944496568748784,0.01944496568748784,0.999956506732899,-6,0.4999936515392541,6,0.9999873027964347,0.5001124198694548,9.204806835521008e-16,0.0022988372104933417,7.045518081445391e-11,True,True,True
image_shell,S1,1,2.71,15.029275514875401,3,0,-1.4189685095528212e-14,-6.953652992891988e-05,6.953652992891988e-05,0.9411558806738471,-1,0.7522238904472193,1,0.7522238904472193,0.42120463646039247,7.711646746370414e-16,0.0022988372104933417,7.045518081445391e-11,True,True,True
image_shell,S1,1,2.71,15.029275514875401,3,1,1.4225125905326824e-14,6.95365299277801e-05,6.95365299277801e-05,0.9411558806607769,-1,0.7522238904274916,1,0.7522238904274916,0.42120463647343975,7.711646746370414e-16,0.0022988372104933417,7.045518081445391e-11,True,True,True
image_shell,S1,1,2.71,15.029275514875401,3,2,-0.0014101702095789359,1.254401521872799e-13,0.0014101702095789359,0.9834152247233514,3,0.9650113342005299,3,0.9650113342005299,0.11060345655776618,7.711646746370414e-16,0.0022988372104933417,7.045518081445391e-11,True,True,True
image_shell,S1,1,2.71,15.029275514875401,3,3,0.0014101702096444544,-1.370897533853789e-13,0.0014101702096444544,0.9834152247536966,3,0.9650113341799805,3,0.9650113341799805,0.11060345660732207,7.711646746370414e-16,0.0022988372104933417,7.045518081445391e-11,True,True,True
image_shell,S1,1,2.71,15.029275514875401,3,4,-0.0017871587572215386,2.6133711476878063e-14,0.0017871587572215386,0.9852190916396077,-5,0.960179202437341,5,0.960179202437341,0.12663386741644825,7.711646746370414e-16,0.0022988372104933417,7.045518081445391e-11,True,True,True
image_shell,S1,1,2.71,15.029275514875401,3,5,0.0017871587571580145,-3.3180368821496555e-14,0.0017871587571580145,0.9852190914901264,-5,0.9601792027227877,5,0.9601792027227877,0.12663386675130417,7.711646746370414e-16,0.0022988372104933417,7.045518081445391e-11,True,True,True
image_shell,S1,1,2.71,15.029275514875401,3,6,-7.195632978351796e-15,0.03411285866239597,0.03411285866239597,0.9999824951955318,7,0.9999909455261283,7,0.9999909455261283,8.330120999873327e-05,7.711646746370414e-16,0.0022988372104933417,7.045518081445391e-11,True,True,True
image_shell,S1,1,2.71,15.029275514875401,3,7,4.809520837145698e-15,-0.034112858662400464,0.034112858662400464,0.9999824951955314,7,0.999990945526128,7,0.999990945526128,8.330121000272212e-05,7.711646746370414e-16,0.0022988372104933417,7.045518081445391e-11,True,True,True
image_shell,S1,1,2.76,15.799842948260395,0,0,-8.863164922577211e-15,2.883371160309121e-11,2.8833712965310746e-11,0.9999377029647778,0,0.9997090829797878,0,0.9997090829797878,0.0017778307233810473,5.637055895120935e-16,0.0015304243726109042,7.69940586044508e-11,True,True,True
image_shell,S1,1,2.76,15.799842948260395,0,1,-8.863164921929899e-15,-2.883371160309121e-11,2.8833712965310746e-11,0.9999377029647782,0,0.9997090829797877,0,0.9997090829797877,0.0017778307233811172,5.637055895120935e-16,0.0015304243726109042,7.69940586044508e-11,True,True,True
image_shell,S1,1,2.76,15.799842948260395,0,2,0.008305483965427542,-5.368881034217487e-23,0.008305483965427542,0.9999840982065724,-4,0.4999994224556321,4,0.9999988449111862,0.43068719728885746,5.637055895120935e-16,0.0015304243726109042,7.69940586044508e-11,True,True,True
image_shell,S1,1,2.76,15.799842948260395,0,3,-0.008305483965433746,5.374323958850588e-23,0.008305483965433746,0.999984098206572,-4,0.4999994224555933,4,0.9999988449111853,0.43068719728886423,5.637055895120935e-16,0.0015304243726109042,7.69940586044508e-11,True,True,True
image_shell,S1,1,2.76,15.799842948260395,0,4,-0.008408218246260526,-6.725033146891195e-22,0.008408218246260526,0.999999456799997,-4,0.4999992860803829,4,0.9999985721607563,0.4306893859207597,5.637055895120935e-16,0.0015304243726109042,7.69940586044508e-11,True,True,True
image_shell,S1,1,2.76,15.799842948260395,0,5,0.008408218246278883,6.725892240934893e-22,0.008408218246278883,0.999999456799997,4,0.499999286080415,4,0.9999985721607569,0.43068938592075445,5.637055895120935e-16,0.0015304243726109042,7.69940586044508e-11,True,True,True
image_shell,S1,1,2.76,15.799842948260395,0,6,1.0584062942847003e-14,-0.048665616756748624,0.048665616756748624,0.9999955579596409,-8,0.49999927801917815,8,0.9999985461690823,0.43068960313684634,5.637055895120935e-16,0.0015304243726109042,7.69940586044508e-11,True,True,True
image_shell,S1,1,2.76,15.799842948260395,0,7,1.0580078479982546e-14,0.04866561675674863,0.04866561675674863,0.9999955579596409,8,0.49999927802362126,8,0.9999985461690823,0.4306896031368464,5.637055895120935e-16,0.0015304243726109042,7.69940586044508e-11,True,True,True
image_shell,S1,1,2.76,15.799842948260395,0,8,-1.2344427487891223e-15,-0.048666872892452,0.048666872892452,0.999995802880706,-8,0.49999945436389115,8,0.9999989006070934,0.43068661374678247,5.637055895120935e-16,0.0015304243726109042,7.69940586044508e-11,True,True,True
image_shell,S1,1,2.76,15.799842948260395,0,9,-1.2351231148954867e-15,0.048666872892451994,0.048666872892451994,0.9999958028807058,8,0.49999945435394383,8,0.9999989006070933,0.4306866137467826,5.637055895120935e-16,0.0015304243726109042,7.69940586044508e-11,True,True,True
image_shell,S1,1,2.76,15.799842948260395,1,0,1.374588462000696e-13,0.000986547815003429,0.000986547815003429,0.24442561859008316,-3,0.9623272119081063,3,0.9623272119081063,0.11648996378255755,7.789540544947006e-16,0.0015304243726109042,7.69940586044508e-11,True,True,True
image_shell,S1,1,2.76,15.799842948260395,1,1,-1.6098786800172737e-13,-0.0009865478150548248,0.0009865478150548248,0.24442561860435794,-3,0.9623272119096757,3,0.9623272119096757,0.11648996377897491,7.789540544947006e-16,0.0015304243726109042,7.69940586044508e-11,True,True,True
image_shell,S1,1,2.76,15.799842948260395,1,2,-7.165354849207426e-05,-4.586258520474936e-14,7.165354849207426e-05,0.40170947762305365,1,0.5798404972676846,1,0.5798404972676846,0.6383220625017442,7.789540544947006e-16,0.0015304243726109042,7.69940586044508e-11,True,True,True
image_shell,S1,1,2.76,15.799842948260395,1,3,7.165354848453051e-05,4.0086282557160085e-14,7.165354848453051e-05,0.40170947757701087,1,0.579840497363208,1,0.579840497363208,0.6383220624018169,7.789540544947006e-16,0.0015304243726109042,7.69940586044508e-11,True,True,True
image_shell,S1,1,2.76,15.799842948260395,1,4,6.069244118170054e-15,-0.000622999468005913,0.000622999468005913,0.9028508900434087,5,0.9497983711449436,5,0.9497983711449436,0.15816992381127584,7.789540544947006e-16,0.0015304243726109042,7.69940586044508e-11,True,True,True
image_shell,S1,1,2.76,15.799842948260395,1,5,2.863484707332682e-14,0.0006229994680552537,0.0006229994680552537,0.9028508902269028,5,0.9497983708410729,5,0.9497983708410729,0.1581699244812835,7.789540544947006e-16,0.0015304243726109042,7.69940586044508e-11,True,True,True
image_shell,S1,1,2.76,15.799842948260395,1,6,-1.4190038033490282e-15,-0.03417102310394924,0.03417102310394924,0.9999908084466734,-7,0.9999960599519859,7,0.9999960599519859,3.848050312958637e-05,7.789540544947006e-16,0.0015304243726109042,7.69940586044508e-11,True,True,True
image_shell,S1,1,2.76,15.799842948260395,1,7,8.38305119765792e-15,0.0341710231039501,0.0341710231039501,0.9999908084466741,-7,0.9999960599519846,7,0.9999960599519846,3.8480503142322033e-05,7.789540544947006e-16,0.0015304243726109042,7.69940586044508e-11,True,True,True
image_shell,S1,1,2.76,15.799842948260395,2,0,3.450082921633828e-15,-0.006473529068394901,0.006473529068394901,0.9998754291967159,-2,0.49999018469762346,2,0.999980369378519,0.5001676378074094,9.280679926796527e-16,0.0015304243726109042,7.69940586044508e-11,True,True,True
image_shell,S1,1,2.76,15.799842948260395,2,1,3.4485738486376424e-15,0.006473529068394901,0.006473529068394901,0.9998754291967155,2,0.49999018469762746,2,0.9999803693785189,0.5001676378074094,9.280679926796527e-16,0.0015304243726109042,7.69940586044508e-11,True,True,True
image_shell,S1,1,2.76,15.799842948260395,2,2,1.2351507958585478e-14,-0.019511959039402983,0.019511959039402983,0.9999598698412464,-6,0.4999785354680346,6,0.9999570702134628,0.500342372035495,9.280679926796527e-16,0.0015304243726109042,7.69940586044508e-11,True,True,True
image_shell,S1,1,2.76,15.799842948260395,2,3,1.2352965872430843e-14,0.01951195903940297,0.01951195903940297,0.9999598698412466,6,0.4999785354675051,6,0.9999570702134628,0.5003423720354949,9.280679926796527e-16,0.0015304243726109042,7.69940586044508e-11,True,True,True
image_shell,S1,1,2.76,15.799842948260395,2,4,-5.5545394099450454e-15,-0.005638380762614701,0.005638380762614701,0.9994499674651067,-2,0.4999973995965047,2,0.999994799183977,0.5000493961072124,9.280679926796527e-16,0.0015304243726109042,7.69940586044508e-11,True,True,True
image_shell,S1,1,2.76,15.799842948260395,2,5,-5.553892796039176e-15,0.005638380762614706,0.005638380762614706,0.9994499674651067,2,0.49999739959649564,2,0.9999947991839772,0.5000493961072123,9.280679926796527e-16,0.0015304243726109042,7.69940586044508e-11,True,True,True
image_shell,S1,1,2.76,15.799842948260395,2,6,1.1400602125152956e-14,-0.01953175851641734,0.01953175851641734,0.9999756925688205,-6,0.49999687423903094,6,0.9999937480279208,0.5000585495552358,9.280679926796527e-16,0.0015304243726109042,7.69940586044508e-11,True,True,True
image_shell,S1,1,2.76,15.799842948260395,2,7,1.1400602684119576e-14,0.019531758516417332,0.019531758516417332,0.9999756925688205,6,0.4999968742398814,6,0.9999937480279207,0.5000585495552358,9.280679926796527e-16,0.0015304243726109042,7.69940586044508e-11,True,True,True
image_shell,S1,1,2.76,15.799842948260395,3,0,1.3745838950425855e-13,-0.0009865478150034278,0.0009865478150034278,0.24442561859008263,3,0.9623272119081063,3,0.9623272119081063,0.1164899637825578,7.680711083493565e-16,0.0015304243726109042,7.69940586044508e-11,True,True,True
image_shell,S1,1,2.76,15.799842948260395,3,1,-1.6098753666212887e-13,0.0009865478150548233,0.0009865478150548233,0.2444256186043576,3,0.9623272119096756,3,0.9623272119096756,0.11648996377897539,7.680711083493565e-16,0.0015304243726109042,7.69940586044508e-11,True,True,True
image_shell,S1,1,2.76,15.799842948260395,3,2,-7.165354849207638e-05,4.58624656953369e-14,7.165354849207638e-05,0.401709477623052,-1,0.5798404972676848,1,0.5798404972676848,0.6383220625017452,7.680711083493565e-16,0.0015304243726109042,7.69940586044508e-11,True,True,True
image_shell,S1,1,2.76,15.799842948260395,3,3,7.165354848453196e-05,-4.008629006587962e-14,7.165354848453196e-05,0.40170947757700987,-1,0.5798404973632064,1,0.5798404973632064,0.6383220624018211,7.680711083493565e-16,0.0015304243726109042,7.69940586044508e-11,True,True,True
image_shell,S1,1,2.76,15.799842948260395,3,4,6.069239514126499e-15,0.0006229994680059125,0.0006229994680059125,0.9028508900434116,-5,0.9497983711449431,5,0.9497983711449431,0.15816992381127665,7.680711083493565e-16,0.0015304243726109042,7.69940586044508e-11,True,True,True
image_shell,S1,1,2.76,15.799842948260395,3,5,2.863437896878971e-14,-0.0006229994680552532,0.0006229994680552532,0.9028508902269049,-5,0.9497983708410729,5,0.9497983708410729,0.15816992448128334,7.680711083493565e-16,0.0015304243726109042,7.69940586044508e-11,True,True,True
image_shell,S1,1,2.76,15.799842948260395,3,6,-1.4016565685892601e-15,0.034171023103949275,0.034171023103949275,0.9999908084466734,7,0.9999960599519859,7,0.9999960599519859,3.848050312956703e-05,7.680711083493565e-16,0.0015304243726109042,7.69940586044508e-11,True,True,True
image_shell,S1,1,2.76,15.799842948260395,3,7,8.389122729823839e-15,-0.03417102310395014,0.03417102310395014,0.9999908084466745,7,0.9999960599519846,7,0.9999960599519846,3.848050314229802e-05,7.680711083493565e-16,0.0015304243726109042,7.69940586044508e-11,True,True,True
image_shell,S1,1,2.81,16.6099182187867,0,0,-1.0321906013523773e-14,2.9096904047730937e-11,2.9096905878539813e-11,0.9999702201895883,0,0.9998644989330704,0,0.9998644989330704,0.0008923980002782348,5.466921073427946e-16,0.0010245171257386256,9.171760131264452e-11,True,True,True
image_shell,S1,1,2.81,16.6099182187867,0,1,-1.0321906013525626e-14,-2.9096904047730814e-11,2.909690587853969e-11,0.9999702201895878,0,0.9998644989330704,0,0.9998644989330704,0.0008923980002782351,5.466921073427946e-16,0.0010245171257386256,9.171760131264452e-11,True,True,True
image_shell,S1,1,2.81,16.6099182187867,0,2,0.008178357595404062,-2.828558889493813e-23,0.008178357595404062,0.9999920073831736,4,0.49999973557882627,4,0.9999994711575557,0.43068168551903374,5.466921073427946e-16,0.0010245171257386256,9.171760131264452e-11,True,True,True
image_shell,S1,1,2.81,16.6099182187867,0,3,-0.008178357595405904,2.8292629248212326e-23,0.008178357595405904,0.9999920073831747,4,0.49999973557878286,4,0.999999471157555,0.4306816855190396,5.466921073427946e-16,0.0010245171257386256,9.171760131264452e-11,True,True,True
image_shell,S1,1,2.81,16.6099182187867,0,4,-0.008243549087563938,-5.746904466256027e-22,0.008243549087563938,0.9999998258080227,4,0.49999969194870425,4,0.9999993838973853,0.43068241494972603,5.466921073427946e-16,0.0010245171257386256,9.171760131264452e-11,True,True,True
image_shell,S1,1,2.81,16.6099182187867,0,5,0.008243549087551217,5.746993787577628e-22,0.008243549087551217,0.9999998258080223,-4,0.4999996919487276,4,0.9999993838973855,0.430682414949725,5.466921073427946e-16,0.0010245171257386256,9.171760131264452e-11,True,True,True
image_shell,S1,1,2.81,16.6099182187867,0,6,5.2475385148298415e-15,-0.0486966255698347,0.0486966255698347,0.9999975927167247,8,0.4999996863462858,8,0.999999371769968,0.4306825226281175,5.466921073427946e-16,0.0010245171257386256,9.171760131264452e-11,True,True,True
image_shell,S1,1,2.81,16.6099182187867,0,7,5.241106906097101e-15,0.0486966255698347,0.0486966255698347,0.9999975927167245,-8,0.4999996861981392,8,0.999999371769968,0.43068252262811757,5.466921073427946e-16,0.0010245171257386256,9.171760131264452e-11,True,True,True
image_shell,S1,1,2.81,16.6099182187867,0,8,2.8033131371785203e-15,-0.048697154711558596,0.048697154711558596,0.9999976729864574,8,0.4999997532270833,8,0.999999493017194,0.43068143904393585,5.466921073427946e-16,0.0010245171257386256,9.171760131264452e-11,True,True,True
image_shell,S1,1,2.81,16.6099182187867,0,9,2.8033131371785203e-15,0.04869715471155866,0.04869715471155866,0.9999976729864569,-8,0.49999975332022595,8,0.9999994930171942,0.43068143904393585,5.466921073427946e-16,0.0010245171257386256,9.171760131264452e-11,True,True,True
image_shell,S1,1,2.81,16.6099182187867,1,0,1.2620344427565611e-13,0.0017781292637854078,0.0017781292637854078,0.9087562576036673,-3,0.7719311392616038,3,0.7719311392616038,0.38781001820113054,7.982951261881852e-16,0.0010245171257386256,9.171760131264452e-11,True,True,True
image_shell,S1,1,2.81,16.6099182187867,1,1,-2.1618113823373618e-13,-0.001778129263789859,0.001778129263789859,0.908756257443374,-3,0.7719311390279462,3,0.7719311390279462,0.3878100184072826,7.982951261881852e-16,0.0010245171257386256,9.171760131264452e-11,True,True,True
image_shell,S1,1,2.81,16.6099182187867,1,2,-2.0232172537954876e-05,-1.6504945499103783e-14,2.0232172537954876e-05,0.7183461578454006,1,0.9744617589104878,1,0.9744617589104878,0.08683218037277128,7.982951261881852e-16,0.0010245171257386256,9.171760131264452e-11,True,True,True
image_shell,S1,1,2.81,16.6099182187867,1,3,2.023217253810879e-05,1.4708834070491285e-14,2.023217253810879e-05,0.7183461579301293,1,0.9744617589126779,1,0.9744617589126779,0.08683218036593847,7.982951261881852e-16,0.0010245171257386256,9.171760131264452e-11,True,True,True
image_shell,S1,1,2.81,16.6099182187867,1,4,9.01581326956391e-14,-0.0017315410375882564,0.0017315410375882564,0.9184426529627342,5,0.7816175257148417,5,0.7816175257148417,0.38030739211000386,7.982951261881852e-16,0.0010245171257386256,9.171760131264452e-11,True,True,True
image_shell,S1,1,2.81,16.6099182187867,1,5,-2.6795711886789807e-15,0.0017315410375959496,0.0017315410375959496,0.9184426531369686,5,0.7816175253576758,5,0.7816175253576758,0.3803073924378989,7.982951261881852e-16,0.0010245171257386256,9.171760131264452e-11,True,True,True
image_shell,S1,1,2.81,16.6099182187867,1,6,-3.247402347028583e-15,-0.03421278248144774,0.03421278248144774,0.9999950265813411,-7,0.9999982552298308,7,0.9999982552298308,1.8024489454188567e-05,7.982951261881852e-16,0.0010245171257386256,9.171760131264452e-11,True,True,True
image_shell,S1,1,2.81,16.6099182187867,1,7,9.398731792842341e-15,0.03421278248144932,0.03421278248144932,0.9999950265813413,-7,0.9999982552298309,7,0.9999982552298309,1.802448945246333e-05,7.982951261881852e-16,0.0010245171257386256,9.171760131264452e-11,True,True,True
image_shell,S1,1,2.81,16.6099182187867,2,0,-1.556790465669852e-16,-0.00654186055605676,0.00654186055605676,0.9999230772812064,2,0.49999562777773676,2,0.9999912555530621,0.5000797751091784,9.004886338129748e-16,0.0010245171257386256,9.171760131264452e-11,True,True,True
image_shell,S1,1,2.81,16.6099182187867,2,1,-1.5907173640947543e-16,0.0065418605560567614,0.0065418605560567614,0.9999230772812062,-2,0.49999562777773826,2,0.999991255553062,0.5000797751091786,9.004886338129748e-16,0.0010245171257386256,9.171760131264452e-11,True,True,True
image_shell,S1,1,2.81,16.6099182187867,2,2,6.031758055871648e-16,-0.019586327460090855,0.019586327460090855,0.9999800339749464,-6,0.49999083057590915,6,0.9999816590462756,0.5001575236069191,9.004886338129748e-16,0.0010245171257386256,9.171760131264452e-11,True,True,True
image_shell,S1,1,2.81,16.6099182187867,2,3,6.071532165918825e-16,0.01958632746009084,0.01958632746009084,0.9999800339749464,6,0.4999908305753429,6,0.9999816590462756,0.5001575236069191,9.004886338129748e-16,0.0010245171257386256,9.171760131264452e-11,True,True,True
image_shell,S1,1,2.81,16.6099182187867,2,4,6.01243588643544e-16,-0.005955848925103965,0.005955848925103965,0.9997627577771845,2,0.4999987492208871,2,0.9999974984381994,0.5000250799490576,9.004886338129748e-16,0.0010245171257386256,9.171760131264452e-11,True,True,True
image_shell,S1,1,2.81,16.6099182187867,2,5,6.026203874468746e-16,0.005955848925103967,0.005955848925103967,0.9997627577771845,-2,0.4999987492208816,2,0.9999974984381996,0.5000250799490576,9.004886338129748e-16,0.0010245171257386256,9.171760131264452e-11,True,True,True
image_shell,S1,1,2.81,16.6099182187867,2,6,4.676814440317964e-15,-0.019596419595772283,0.019596419595772283,0.9999862733452841,-6,0.4999984568652059,6,0.9999969136685516,0.500030475005191,9.004886338129748e-16,0.0010245171257386256,9.171760131264452e-11,True,True,True
image_shell,S1,1,2.81,16.6099182187867,2,7,4.678549214709449e-15,0.01959641959577229,0.01959641959577229,0.9999862733452846,6,0.49999845686594163,6,0.9999969136685516,0.500030475005191,9.004886338129748e-16,0.0010245171257386256,9.171760131264452e-11,True,True,True
image_shell,S1,1,2.81,16.6099182187867,3,0,1.2620491299200153e-13,-0.001778129263785409,0.001778129263785409,0.9087562576036541,3,0.7719311392615846,3,0.7719311392615846,0.3878100182011475,7.793324992471453e-16,0.0010245171257386256,9.171760131264452e-11,True,True,True
image_shell,S1,1,2.81,16.6099182187867,3,1,-2.1617896590222375e-13,0.0017781292637898594,0.0017781292637898594,0.9087562574433617,3,0.7719311390279276,3,0.7719311390279276,0.3878100184072989,7.793324992471453e-16,0.0010245171257386256,9.171760131264452e-11,True,True,True
image_shell,S1,1,2.81,16.6099182187867,3,2,-2.0232172537966748e-05,1.6504921474669884e-14,2.0232172537966748e-05,0.7183461578454055,-1,0.9744617589104886,1,0.9744617589104886,0.08683218037277045,7.793324992471453e-16,0.0010245171257386256,9.171760131264452e-11,True,True,True
image_shell,S1,1,2.81,16.6099182187867,3,3,2.0232172538121406e-05,-1.4708844455975605e-14,2.0232172538121406e-05,0.7183461579301321,-1,0.9744617589126786,1,0.9744617589126786,0.08683218036593761,7.793324992471453e-16,0.0010245171257386256,9.171760131264452e-11,True,True,True
image_shell,S1,1,2.81,16.6099182187867,3,4,9.015099861807425e-14,0.0017315410375882605,0.0017315410375882605,0.9184426529627242,-5,0.7816175257148251,5,0.7816175257148251,0.3803073921100191,7.793324992471453e-16,0.0010245171257386256,9.171760131264452e-11,True,True,True
image_shell,S1,1,2.81,16.6099182187867,3,5,-2.686690965845311e-15,-0.0017315410375959542,0.0017315410375959542,0.9184426531369612,-5,0.7816175253576643,5,0.7816175253576643,0.38030739243790956,7.793324992471453e-16,0.0010245171257386256,9.171760131264452e-11,True,True,True
image_shell,S1,1,2.81,16.6099182187867,3,6,-3.25434124093249e-15,0.03421278248144771,0.03421278248144771,0.9999950265813415,7,0.9999982552298307,7,0.9999982552298307,1.8024489454256627e-05,7.793324992471453e-16,0.0010245171257386256,9.171760131264452e-11,True,True,True
image_shell,S1,1,2.81,16.6099182187867,3,7,9.38832345198648e-15,-0.03421278248144928,0.03421278248144928,0.9999950265813407,7,0.9999982552298309,7,0.9999982552298309,1.8024489452455378e-05,7.793324992471453e-16,0.0010245171257386256,9.171760131264452e-11,True,True,True
image_shell,S1,1,2.86,17.46152693657999,0,0,3.3483262328560015e-15,2.8898462116768727e-11,2.889846231074598e-11,0.9999860591581293,0,0.9999369214736004,0,0.9999369214736004,0.00044539782988099654,5.364938743566616e-16,0.0006892805764034444,1.0240906492352818e-10,True,True,True
image_shell,S1,1,2.86,17.46152693657999,0,1,3.3483262322081286e-15,-2.8898462116768576e-11,2.8898462310745828e-11,0.9999860591581289,0,0.9999369214736002,0,0.9999369214736002,0.0004453978298810654,5.364938743566616e-16,0.0006892805764034444,1.0240906492352818e-10,True,True,True
image_shell,S1,1,2.86,17.46152693657999,0,2,0.008079940324606634,2.690171125431858e-22,0.008079940324606634,0.9999959110077656,4,0.49999987830846987,4,0.9999997566165102,0.43067903508422756,5.364938743566616e-16,0.0006892805764034444,1.0240906492352818e-10,True,True,True
image_shell,S1,1,2.86,17.46152693657999,0,3,-0.008079940324605859,-2.6849297115948404e-22,0.008079940324605859,0.9999959110077639,-4,0.4999998783082955,4,0.9999997566165101,0.43067903508422734,5.364938743566616e-16,0.0006892805764034444,1.0240906492352818e-10,True,True,True
image_shell,S1,1,2.86,17.46152693657999,0,4,-0.008121351314055746,-1.8759988985421522e-22,0.008121351314055746,0.9999998492245151,4,0.49999986461423257,4,0.9999997292282579,0.4306792704359859,5.364938743566616e-16,0.0006892805764034444,1.0240906492352818e-10,True,True,True
image_shell,S1,1,2.86,17.46152693657999,0,5,0.008121351314056491,1.8828493627981649e-22,0.008121351314056491,0.9999998492245156,-4,0.4999998646143089,4,0.9999997292282576,0.43067927043598664,5.364938743566616e-16,0.0006892805764034444,1.0240906492352818e-10,True,True,True
image_shell,S1,1,2.86,17.46152693657999,0,6,-8.083062829107708e-16,-0.048719017613800805,0.048719017613800805,0.9999986627528937,-8,0.4999998980079263,8,0.9999997235928754,0.43067932334883874,5.364938743566616e-16,0.0006892805764034444,1.0240906492352818e-10,True,True,True
image_shell,S1,1,2.86,17.46152693657999,0,7,-8.118505867571457e-16,0.04871901761380082,0.04871901761380082,0.9999986627528935,8,0.49999989827150715,8,0.9999997235928754,0.43067932334883874,5.364938743566616e-16,0.0006892805764034444,1.0240906492352818e-10,True,True,True
image_shell,S1,1,2.86,17.46152693657999,0,8,1.457167719820518e-15,-0.04871924093581905,0.04871924093581905,0.9999986893868535,-8,0.4999999074294142,8,0.9999997654260031,0.4306789287585413,5.364938743566616e-16,0.0006892805764034444,1.0240906492352818e-10,True,True,True
image_shell,S1,1,2.86,17.46152693657999,0,9,1.4432899320127035e-15,0.048719240935819044,0.048719240935819044,0.9999986893868544,8,0.4999999071418548,8,0.9999997654260032,0.4306789287585413,5.364938743566616e-16,0.0006892805764034444,1.0240906492352818e-10,True,True,True
image_shell,S1,1,2.86,17.46152693657999,1,0,2.0035728720620587e-05,0.002206126535236739,0.0022062175141859936,0.6423236915929236,5,0.506599770104586,5,0.506599770104586,0.5003810442732162,8.211220388901715e-16,0.0006892805764034444,1.0240906492352818e-10,True,True,True
image_shell,S1,1,2.86,17.46152693657999,1,1,-2.0035728742238568e-05,-0.0022061265352080295,0.0022062175141574817,0.6423236914506506,5,0.5065997702070214,5,0.5065997702070214,0.5003810442715394,8.211220388901715e-16,0.0006892805764034444,1.0240906492352818e-10,True,True,True
image_shell,S1,1,2.86,17.46152693657999,1,2,-9.659289602374068e-06,-6.893404740256627e-15,9.659289602374068e-06,0.9915937076510213,1,0.9948552807607492,1,0.9948552807607492,0.02335282440949387,8.211220388901715e-16,0.0006892805764034444,1.0240906492352818e-10,True,True,True
image_shell,S1,1,2.86,17.46152693657999,1,3,9.659289603176628e-06,8.05687007814832e-15,9.659289603176628e-06,0.9915937076521881,1,0.9948552807607026,1,0.9948552807607026,0.02335282440919366,8.211220388901715e-16,0.0006892805764034444,1.0240906492352818e-10,True,True,True
image_shell,S1,1,2.86,17.46152693657999,1,4,2.0035728634880276e-05,-0.002206126535178238,0.0022062175141267164,0.6473043103738645,5,0.5065997733045772,5,0.5065997733045772,0.5003810442146609,8.211220388901715e-16,0.0006892805764034444,1.0240906492352818e-10,True,True,True
image_shell,S1,1,2.86,17.46152693657999,1,5,-2.0035728618416778e-05,0.00220612653516048,0.0022062175141088092,0.647304308340267,5,0.5065997734918742,5,0.5065997734918742,0.5003810442113655,8.211220388901715e-16,0.0006892805764034444,1.0240906492352818e-10,True,True,True
image_shell,S1,1,2.86,17.46152693657999,1,6,-7.299716386910404e-15,-0.03424324933572698,0.03424324933572698,0.999997244138886,-7,0.9999992163940928,7,0.9999992163940928,8.535091951585779e-06,8.211220388901715e-16,0.0006892805764034444,1.0240906492352818e-10,True,True,True
image_shell,S1,1,2.86,17.46152693657999,1,7,3.5518463170625125e-15,0.03424324933572055,0.03424324933572055,0.9999972441388854,-7,0.9999992163940932,7,0.9999992163940932,8.535091948614166e-06,8.211220388901715e-16,0.0006892805764034444,1.0240906492352818e-10,True,True,True
image_shell,S1,1,2.86,17.46152693657999,2,0,-3.0505981151871224e-15,-0.006595786716411165,0.006595786716411165,0.9999524400790366,2,0.49999804260856967,2,0.9999960851902875,0.5000379840648694,9.84092494812527e-16,0.0006892805764034444,1.0240906492352818e-10,True,True,True
image_shell,S1,1,2.86,17.46152693657999,2,1,-3.0515151839229327e-15,0.006595786716411155,0.006595786716411155,0.9999524400790364,-2,0.49999804260856356,2,0.9999960851902874,0.5000379840648694,9.84092494812527e-16,0.0006892805764034444,1.0240906492352818e-10,True,True,True
image_shell,S1,1,2.86,17.46152693657999,2,2,3.1503591643938806e-15,-0.01963971430762434,0.01963971430762434,0.999989663491632,-6,0.4999960320325504,6,0.9999920616035697,0.5000729753376436,9.84092494812527e-16,0.0006892805764034444,1.0240906492352818e-10,True,True,True
image_shell,S1,1,2.86,17.46152693657999,2,3,3.164135620181696e-15,0.01963971430762436,0.01963971430762436,0.9999896634916315,6,0.4999960320379683,6,0.9999920616035697,0.5000729753376436,9.84092494812527e-16,0.0006892805764034444,1.0240906492352818e-10,True,True,True
image_shell,S1,1,2.86,17.46152693657999,2,4,-4.218682988963526e-15,-0.0061788420996030735,0.0061788420996030735,0.9998893983525023,2,0.4999993959307843,2,0.9999987918577367,0.5000127467903077,9.84092494812527e-16,0.0006892805764034444,1.0240906492352818e-10,True,True,True
image_shell,S1,1,2.86,17.46152693657999,2,5,-4.2202792576543364e-15,0.006178842099603085,0.006178842099603085,0.9998893983525023,-2,0.49999939593079396,2,0.9999987918577367,0.5000127467903077,9.84092494812527e-16,0.0006892805764034444,1.0240906492352818e-10,True,True,True
image_shell,S1,1,2.86,17.46152693657999,2,6,-1.9116652654147513e-15,-0.01964487824430291,0.01964487824430291,0.9999921676323357,6,0.4999992362455893,6,0.9999984723714279,0.5000158590521145,9.84092494812527e-16,0.0006892805764034444,1.0240906492352818e-10,True,True,True
image_shell,S1,1,2.86,17.46152693657999,2,7,-1.8925833122906965e-15,0.01964487824430292,0.01964487824430292,0.999992167632335,-6,0.49999923625005643,6,0.9999984723714279,0.5000158590521145,9.84092494812527e-16,0.0006892805764034444,1.0240906492352818e-10,True,True,True
image_shell,S1,1,2.86,17.46152693657999,3,0,2.0035728720619696e-05,-0.0022061265352367352,0.0022062175141859897,0.6423236915929633,-5,0.5065997701046543,5,0.5065997701046543,0.500381044273215,7.85128606769865e-16,0.0006892805764034444,1.0240906492352818e-10,True,True,True
image_shell,S1,1,2.86,17.46152693657999,3,1,-2.0035728742235058e-05,0.002206126535208025,0.0022062175141574773,0.6423236914506061,-5,0.5065997702070032,5,0.5065997702070032,0.5003810442715397,7.85128606769865e-16,0.0006892805764034444,1.0240906492352818e-10,True,True,True
image_shell,S1,1,2.86,17.46152693657999,3,2,-9.659289602369063e-06,6.8934080068128226e-15,9.659289602369063e-06,0.9915937076510188,-1,0.994855280760749,1,0.994855280760749,0.023352824409494568,7.85128606769865e-16,0.0006892805764034444,1.0240906492352818e-10,True,True,True
image_shell,S1,1,2.86,17.46152693657999,3,3,9.659289603172193e-06,-8.056873344662025e-15,9.659289603172193e-06,0.9915937076521859,-1,0.9948552807607024,1,0.9948552807607024,0.02335282440919435,7.85128606769865e-16,0.0006892805764034444,1.0240906492352818e-10,True,True,True
image_shell,S1,1,2.86,17.46152693657999,3,4,2.003572863488134e-05,0.0022061265351782347,0.0022062175141267133,0.6473043103738969,-5,0.5065997733046517,5,0.5065997733046517,0.5003810442146596,7.85128606769865e-16,0.0006892805764034444,1.0240906492352818e-10,True,True,True
image_shell,S1,1,2.86,17.46152693657999,3,5,-2.0035728618413448e-05,-0.002206126535160477,0.002206217514108806,0.6473043083403353,-5,0.5065997734918832,5,0.5065997734918832,0.5003810442113654,7.85128606769865e-16,0.0006892805764034444,1.0240906492352818e-10,True,True,True
image_shell,S1,1,2.86,17.46152693657999,3,6,-7.299716386910404e-15,0.03424324933572695,0.03424324933572695,0.9999972441388858,7,0.9999992163940927,7,0.9999992163940927,8.53509195167084e-06,7.85128606769865e-16,0.0006892805764034444,1.0240906492352818e-10,True,True,True
image_shell,S1,1,2.86,17.46152693657999,3,7,3.5501115935865357e-15,-0.03424324933572056,0.03424324933572056,0.9999972441388851,7,0.9999992163940931,7,0.9999992163940931,8.53509194869962e-06,7.85128606769865e-16,0.0006892805764034444,1.0240906492352818e-10,True,True,True
image_shell,S1,1,2.91,18.356798567017925,0,0,-1.5406530649657849e-15,2.8803834721231423e-11,2.8803834762434478e-11,0.9999935881519029,0,0.999970604774638,0,0.999970604774638,0.0002215058041531998,5.62178389831646e-16,0.0004658309831788129,1.1829383997936275e-10,True,True,True
image_shell,S1,1,2.91,18.356798567017925,0,1,-1.5406530663512435e-15,-2.8803834721235087e-11,2.880383476243814e-11,0.9999935881519029,0,0.999970604774638,0,0.999970604774638,0.0002215058041531997,5.62178389831646e-16,0.0004658309831788129,1.1829383997936275e-10,True,True,True
image_shell,S1,1,2.91,18.356798567017925,0,2,0.00800360195292392,-1.1691714416610199e-22,0.00800360195292392,0.9999978679117743,-4,0.49999994370327533,4,0.9999998874055623,0.4306777578874389,5.62178389831646e-16,0.0004658309831788129,1.1829383997936275e-10,True,True,True
image_shell,S1,1,2.91,18.356798567017925,0,3,-0.008003601952927653,1.157891979571304e-22,0.008003601952927653,0.9999978679117767,-4,0.49999994370295087,4,0.9999998874055626,0.4306777578874374,5.62178389831646e-16,0.0004658309831788129,1.1829383997936275e-10,True,True,True
image_shell,S1,1,2.91,18.356798567017925,0,4,-0.008029927496779483,-7.932265708343949e-23,0.008029927496779483,0.999999837400934,4,0.499999939563275,4,0.999999879126273,0.43067782945715466,5.62178389831646e-16,0.0004658309831788129,1.1829383997936275e-10,True,True,True
image_shell,S1,1,2.91,18.356798567017925,0,5,0.008029927496778012,7.799188534098298e-23,0.008029927496778012,0.9999998374009327,4,0.4999999395636276,4,0.999999879126273,0.4306778294571548,5.62178389831646e-16,0.0004658309831788129,1.1829383997936275e-10,True,True,True
image_shell,S1,1,2.91,18.356798567017925,0,6,2.0710036043776038e-15,-0.048735443207590025,0.048735443207590025,0.999999242617132,-8,0.49999996649678646,8,0.9999998765092384,0.430677855340325,5.62178389831646e-16,0.0004658309831788129,1.1829383997936275e-10,True,True,True
image_shell,S1,1,2.91,18.356798567017925,0,7,2.067790383364354e-15,0.04873544320759002,0.04873544320759002,0.9999992426171316,8,0.499999966484444,8,0.9999998765092384,0.430677855340325,5.62178389831646e-16,0.0004658309831788129,1.1829383997936275e-10,True,True,True
image_shell,S1,1,2.91,18.356798567017925,0,8,4.9899909863146086e-15,-0.048735537611314855,0.048735537611314855,0.999999251547692,-8,0.4999999895145977,8,0.9999998910487483,0.43067771108471176,5.62178389831646e-16,0.0004658309831788129,1.1829383997936275e-10,True,True,True
image_shell,S1,1,2.91,18.356798567017925,0,9,5.009881398621019e-15,0.04873553761131479,0.04873553761131479,0.9999992515476922,8,0.4999999896670078,8,0.9999998910487483,0.43067771108471176,5.62178389831646e-16,0.0004658309831788129,1.1829383997936275e-10,True,True,True
image_shell,S1,1,2.91,18.356798567017925,1,0,9.518702753655486e-06,-0.002491758408663437,0.002491776589673933,0.8827752850539466,5,0.506370307289255,5,0.506370307289255,0.5001569364164689,7.950288988644418e-16,0.0004658309831788129,1.1829383997936275e-10,True,True,True
image_shell,S1,1,2.91,18.356798567017925,1,1,-9.518702717956506e-06,0.00249175840868713,0.0024917765896974894,0.8827752843624255,5,0.5063703088316446,5,0.5063703088316446,0.50015693638849,7.950288988644418e-16,0.0004658309831788129,1.1829383997936275e-10,True,True,True
image_shell,S1,1,2.91,18.356798567017925,1,2,-5.1282173895558295e-06,-5.347656315466165e-15,5.1282173895558295e-06,0.9987535564226004,1,0.998496898546453,1,0.998496898546453,0.008147722464723927,7.950288988644418e-16,0.0004658309831788129,1.1829383997936275e-10,True,True,True
image_shell,S1,1,2.91,18.356798567017925,1,3,5.128217389298515e-06,6.884374608150676e-15,5.128217389298515e-06,0.9987535564226263,1,0.9984968985465232,1,0.9984968985465232,0.008147722464357255,7.950288988644418e-16,0.0004658309831788129,1.1829383997936275e-10,True,True,True
image_shell,S1,1,2.91,18.356798567017925,1,4,9.518702795509217e-06,0.002491758408599556,0.0024917765896102125,0.8827752848658242,5,0.5063703045474853,5,0.5063703045474853,0.500156936466151,7.950288988644418e-16,0.0004658309831788129,1.1829383997936275e-10,True,True,True
image_shell,S1,1,2.91,18.356798567017925,1,5,-9.51870283341837e-06,-0.0024917584086177973,0.0024917765896285984,0.8827752850376418,5,0.5063703041902184,5,0.5063703041902184,0.5001569364725427,7.950288988644418e-16,0.0004658309831788129,1.1829383997936275e-10,True,True,True
image_shell,S1,1,2.91,18.356798567017925,1,6,-2.2282523048922087e-15,-0.03426576814390768,0.03426576814390768,0.9999984435873256,-7,0.9999996439552581,7,0.9999996439552581,4.076912519449026e-06,7.950288988644418e-16,0.0004658309831788129,1.1829383997936275e-10,True,True,True
image_shell,S1,1,2.91,18.356798567017925,1,7,3.3237301799715624e-15,0.03426576814391363,0.03426576814391363,0.9999984435873263,-7,0.9999996439552581,7,0.9999996439552581,4.076912520869736e-06,7.950288988644418e-16,0.0004658309831788129,1.1829383997936275e-10,True,True,True
image_shell,S1,1,2.91,18.356798567017925,2,0,-1.294972250866518e-15,-0.006638562014932473,0.006638562014932473,0.9999705704119659,2,0.4999991191519465,2,0.9999982382945862,0.5000181079442241,8.863619034628002e-16,0.0004658309831788129,1.1829383997936275e-10,True,True,True
image_shell,S1,1,2.91,18.356798567017925,2,1,-1.2897746770133937e-15,0.006638562014932468,0.006638562014932468,0.9999705704119659,-2,0.4999991191519436,2,0.999998238294586,0.5000181079442241,8.863619034628002e-16,0.0004658309831788129,1.1829383997936275e-10,True,True,True
image_shell,S1,1,2.91,18.356798567017925,2,2,2.3696322681843185e-15,-0.019678748894413445,0.019678748894413445,0.9999944678583876,6,0.4999982642379338,6,0.9999965250328631,0.50003401517064,8.863619034628002e-16,0.0004658309831788129,1.1829383997936275e-10,True,True,True
image_shell,S1,1,2.91,18.356798567017925,2,3,2.3654176672894023e-15,0.01967874889441344,0.01967874889441344,0.9999944678583876,-6,0.49999826424067323,6,0.9999965250328631,0.50003401517064,8.863619034628002e-16,0.0004658309831788129,1.1829383997936275e-10,True,True,True
image_shell,S1,1,2.91,18.356798567017925,2,4,7.622729930819547e-15,-0.006338750462499149,0.006338750462499149,0.9999455825155381,-2,0.49999970712152847,2,0.9999994142171857,0.5000064863219665,8.863619034628002e-16,0.0004658309831788129,1.1829383997936275e-10,True,True,True
image_shell,S1,1,2.91,18.356798567017925,2,5,7.623252917685357e-15,0.006338750462499149,0.006338750462499149,0.9999455825155377,2,0.4999997071215113,2,0.9999994142171859,0.5000064863219665,8.863619034628002e-16,0.0004658309831788129,1.1829383997936275e-10,True,True,True
image_shell,S1,1,2.91,18.356798567017925,2,6,3.426078865054194e-15,-0.019681399324245515,0.019681399324245515,0.9999954870284735,-6,0.499999623856607,6,0.9999992420794951,0.5000082515353422,8.863619034628002e-16,0.0004658309831788129,1.1829383997936275e-10,True,True,True
image_shell,S1,1,2.91,18.356798567017925,2,7,3.4139358070798227e-15,0.019681399324245508,0.019681399324245508,0.9999954870284733,6,0.4999996238582731,6,0.9999992420794951,0.5000082515353421,8.863619034628002e-16,0.0004658309831788129,1.1829383997936275e-10,True,True,True
image_shell,S1,1,2.91,18.356798567017925,3,0,9.518702753653894e-06,0.0024917584086634375,0.0024917765896739336,0.8827752850539453,-5,0.5063703072892057,5,0.5063703072892057,0.5001569364164697,7.642232907880497e-16,0.0004658309831788129,1.1829383997936275e-10,True,True,True
image_shell,S1,1,2.91,18.356798567017925,3,1,-9.518702717955629e-06,-0.002491758408687128,0.0024917765896974877,0.8827752843623707,-5,0.5063703088317005,5,0.5063703088317005,0.5001569363884891,7.642232907880497e-16,0.0004658309831788129,1.1829383997936275e-10,True,True,True
image_shell,S1,1,2.91,18.356798567017925,3,2,-5.128217389549825e-06,5.347661188728561e-15,5.128217389549825e-06,0.9987535564225996,-1,0.998496898546453,1,0.998496898546453,0.008147722464723622,7.642232907880497e-16,0.0004658309831788129,1.1829383997936275e-10,True,True,True
image_shell,S1,1,2.91,18.356798567017925,3,3,5.128217389292714e-06,-6.88437948141505e-15,5.128217389292714e-06,0.9987535564226256,-1,0.9984968985465235,1,0.9984968985465235,0.008147722464356787,7.642232907880497e-16,0.0004658309831788129,1.1829383997936275e-10,True,True,True
image_shell,S1,1,2.91,18.356798567017925,3,4,9.51870279550623e-06,-0.0024917584085995576,0.002491776589610214,0.8827752848658589,-5,0.5063703045475688,5,0.5063703045475688,0.5001569364661496,7.642232907880497e-16,0.0004658309831788129,1.1829383997936275e-10,True,True,True
image_shell,S1,1,2.91,18.356798567017925,3,5,-9.51870283341827e-06,0.0024917584086177965,0.0024917765896285975,0.8827752850376098,-5,0.5063703041902053,5,0.5063703041902053,0.500156936472543,7.642232907880497e-16,0.0004658309831788129,1.1829383997936275e-10,True,True,True
image_shell,S1,1,2.91,18.356798567017925,3,6,-2.2620794126737565e-15,0.034265768143907624,0.034265768143907624,0.9999984435873258,7,0.9999996439552581,7,0.9999996439552581,4.076912519444886e-06,7.642232907880497e-16,0.0004658309831788129,1.1829383997936275e-10,True,True,True
image_shell,S1,1,2.91,18.356798567017925,3,7,3.3072503069497827e-15,-0.03426576814391361,0.03426576814391361,0.9999984435873265,7,0.9999996439552581,7,0.9999996439552581,4.0769125208655e-06,7.642232907880497e-16,0.0004658309831788129,1.1829383997936275e-10,True,True,True
image_shell,S2,2,2.31,10.074424655013587,0,0,-3.5703793677106654e-14,3.0428112204349045e-11,3.042813315143304e-11,1.0,0,0.9319727289214507,0,0.9319727289214507,0.18397475236863212,5.719944159935401e-16,0.07627203859172842,3.5512398618152863e-11,True,False,False
image_shell,S2,2,2.31,10.074424655013587,0,1,-3.5703793677098153e-14,-3.042811220434906e-11,3.0428133151433053e-11,1.0,0,0.9319727289214509,0,0.9319727289214509,0.1839747523686319,5.719944159935401e-16,0.07627203859172842,3.5512398618152863e-11,True,False,False
image_shell,S2,2,2.31,10.074424655013587,0,2,-0.012717611095641405,-4.281703015656634e-21,0.012717611095641405,1.0,-4,0.49951431248188616,4,0.9990286249637718,0.4356544967251266,5.719944159935401e-16,0.07627203859172842,3.5512398618152863e-11,True,False,False
image_shell,S2,2,2.31,10.074424655013587,0,3,0.01271761109571101,4.2816596258241916e-21,0.01271761109571101,1.0,-4,0.499514312481903,4,0.9990286249638054,0.4356544967249977,5.719944159935401e-16,0.07627203859172842,3.5512398618152863e-11,True,False,False
image_shell,S2,2,2.31,10.074424655013587,0,4,-0.02061512574141889,1.0969097137077223e-20,0.02061512574141889,1.0,-4,0.49326128034325634,4,0.9865225606865125,0.4750585186303249,5.719944159935401e-16,0.07627203859172842,3.5512398618152863e-11,True,False,False
image_shell,S2,2,2.31,10.074424655013587,0,5,0.02061512574164919,-1.0969096084979226e-20,0.02061512574164919,1.0,4,0.4932612803433012,4,0.9865225606866016,0.47505851863008747,5.719944159935401e-16,0.07627203859172842,3.5512398618152863e-11,True,False,False
image_shell,S2,2,2.31,10.074424655013587,0,6,-2.0430055217013354e-14,-0.04198725767745187,0.04198725767745187,1.0,-8,0.49314033703087556,8,0.9862806740041997,0.47570239124878894,5.719944159935401e-16,0.07627203859172842,3.5512398618152863e-11,True,False,False
image_shell,S2,2,2.31,10.074424655013587,0,7,-2.043512528873873e-14,0.04198725767745193,0.04198725767745193,1.0,8,0.4931403370308989,8,0.9862806740041996,0.47570239124878894,5.719944159935401e-16,0.07627203859172842,3.5512398618152863e-11,True,False,False
image_shell,S2,2,2.31,10.074424655013587,0,8,5.3335229298253096e-14,0.045555626679755566,0.045555626679755566,1.0,8,0.499697130608154,8,0.9993942611916266,0.4338488562099792,5.719944159935401e-16,0.07627203859172842,3.5512398618152863e-11,True,False,False
image_shell,S2,2,2.31,10.074424655013587,0,9,5.334621633323877e-14,-0.045555626679755594,0.045555626679755594,1.0,-8,0.49969713060818,8,0.9993942611916266,0.4338488562099791,5.719944159935401e-16,0.07627203859172842,3.5512398618152863e-11,True,False,False
image_shell,S2,2,2.31,10.074424655013587,1,0,-5.660649977781803e-14,0.0006874812357296077,0.0006874812357296077,1.0,1,0.9458886396695716,1,0.9458886396695716,0.16121098218928656,8.45573685151108e-16,0.07627203859172842,3.5512398618152863e-11,True,False,False
image_shell,S2,2,2.31,10.074424655013587,1,1,5.127890031945839e-14,-0.0006874812357402497,0.0006874812357402497,1.0,1,0.9458886396692227,1,0.9458886396692227,0.16121098219005514,8.45573685151108e-16,0.07627203859172842,3.5512398618152863e-11,True,False,False
image_shell,S2,2,2.31,10.074424655013587,1,2,-0.01134454617150631,-5.662647928404847e-14,0.01134454617150631,1.0,-3,0.6427199803170544,3,0.6427199803170544,0.490230261825791,8.45573685151108e-16,0.07627203859172842,3.5512398618152863e-11,True,False,False
image_shell,S2,2,2.31,10.074424655013587,1,3,0.01134454617166984,5.793031664099317e-14,0.01134454617166984,1.0,-3,0.6427199803108395,3,0.6427199803108395,0.49023026182818435,8.45573685151108e-16,0.07627203859172842,3.5512398618152863e-11,True,False,False
image_shell,S2,2,2.31,10.074424655013587,1,4,-0.019225702494502377,8.840794490433633e-15,0.019225702494502377,1.0,5,0.5795266044400992,5,0.5795266044400992,0.6241569120567532,8.45573685151108e-16,0.07627203859172842,3.5512398618152863e-11,True,False,False
image_shell,S2,2,2.31,10.074424655013587,1,5,0.019225702494608834,-1.143473769990845e-13,0.019225702494608834,1.0,5,0.579526604443884,5,0.579526604443884,0.6241569120545736,8.45573685151108e-16,0.07627203859172842,3.5512398618152863e-11,True,False,False
image_shell,S2,2,2.31,10.074424655013587,1,6,3.443079155118767e-14,-0.028193287119823683,0.028193287119823683,1.0,-7,0.9715593256670695,7,0.9715593256670695,0.10701794963455341,8.45573685151108e-16,0.07627203859172842,3.5512398618152863e-11,True,False,False
image_shell,S2,2,2.31,10.074424655013587,1,7,3.6517663892787766e-14,0.02819328711991749,0.02819328711991749,1.0,-7,0.9715593256673527,7,0.9715593256673527,0.10701794963383021,8.45573685151108e-16,0.07627203859172842,3.5512398618152863e-11,True,False,False
image_shell,S2,2,2.31,10.074424655013587,2,0,2.947363598609755e-13,0.0012706981414391603,0.0012706981414391603,1.0,2,0.49277361241012474,2,0.9855472248174881,0.5545211333051366,8.568946339677014e-16,0.07627203859172842,3.5512398618152863e-11,True,False,False
image_shell,S2,2,2.31,10.074424655013587,2,1,2.9473635739081033e-13,-0.0012706981414391607,0.0012706981414391607,1.0,-2,0.4927736124101241,2,0.9855472248174879,0.5545211333051366,8.568946339677014e-16,0.07627203859172842,3.5512398618152863e-11,True,False,False
image_shell,S2,2,2.31,10.074424655013587,2,2,-0.01267404180238168,-1.4835903526786485e-24,0.01267404180238168,1.0,2,0.4991552558314323,2,0.9983105116628324,0.5089970943636073,8.568946339677014e-16,0.07627203859172842,3.5512398618152863e-11,True,False,False
image_shell,S2,2,2.31,10.074424655013587,2,3,0.012674041802565365,-9.845697406127685e-25,0.012674041802565365,1.0,-2,0.49915525583118303,2,0.998310511662359,0.5089970943657868,8.568946339677014e-16,0.07627203859172842,3.5512398618152863e-11,True,False,False
image_shell,S2,2,2.31,10.074424655013587,2,4,0.01286911821897206,6.552856366084236e-27,0.01286911821897206,1.0,6,0.3642487101454749,6,0.7284974202909495,0.9218062451153535,8.568946339677014e-16,0.07627203859172842,3.5512398618152863e-11,True,False,False
image_shell,S2,2,2.31,10.074424655013587,2,5,-0.012869118219219008,3.440481293967069e-27,0.012869118219219008,1.0,-6,0.364248710130772,6,0.7284974202615435,0.92180624513629,8.568946339677014e-16,0.07627203859172842,3.5512398618152863e-11,True,False,False
image_shell,S2,2,2.31,10.074424655013587,2,6,8.813002411178772e-14,0.0157553873314811,0.0157553873314811,1.0,6,0.4990561526025258,6,0.9981123051957437,0.5099014229135317,8.568946339677014e-16,0.07627203859172842,3.5512398618152863e-11,True,False,False
image_shell,S2,2,2.31,10.074424655013587,2,7,8.812915675004973e-14,-0.01575538733148111,0.01575538733148111,1.0,-6,0.49905615260252556,6,0.9981123051957437,0.5099014229135317,8.568946339677014e-16,0.07627203859172842,3.5512398618152863e-11,True,False,False
image_shell,S2,2,2.31,10.074424655013587,3,0,-5.660666545928777e-14,-0.0006874812357296081,0.0006874812357296081,1.0,-1,0.9458886396695714,1,0.9458886396695714,0.16121098218928684,8.230419312038172e-16,0.07627203859172842,3.5512398618152863e-11,True,False,False
image_shell,S2,2,2.31,10.074424655013587,3,1,5.1278592643738864e-14,0.0006874812357402503,0.0006874812357402503,1.0,-1,0.9458886396692224,1,0.9458886396692224,0.16121098219005542,8.230419312038172e-16,0.07627203859172842,3.5512398618152863e-11,True,False,False
image_shell,S2,2,2.31,10.074424655013587,3,2,-0.011344546171506311,5.6626709605390766e-14,0.011344546171506311,1.0,3,0.642719980317052,3,0.642719980317052,0.49023026182579227,8.230419312038172e-16,0.07627203859172842,3.5512398618152863e-11,True,False,False
image_shell,S2,2,2.31,10.074424655013587,3,3,0.011344546171669854,-5.793080223238818e-14,0.011344546171669854,1.0,3,0.6427199803108399,3,0.6427199803108399,0.4902302618281844,8.230419312038172e-16,0.07627203859172842,3.5512398618152863e-11,True,False,False
image_shell,S2,2,2.31,10.074424655013587,3,4,-0.01922570249450233,-8.84145247396609e-15,0.01922570249450233,1.0,-5,0.5795266044400994,5,0.5795266044400994,0.6241569120567532,8.230419312038172e-16,0.07627203859172842,3.5512398618152863e-11,True,False,False
image_shell,S2,2,2.31,10.074424655013587,3,5,0.019225702494608938,1.1434572248474196e-13,0.019225702494608938,1.0,-5,0.5795266044438844,5,0.5795266044438844,0.6241569120545734,8.230419312038172e-16,0.07627203859172842,3.5512398618152863e-11,True,False,False
image_shell,S2,2,2.31,10.074424655013587,3,6,3.442385265728376e-14,0.028193287119823673,0.028193287119823673,1.0,7,0.9715593256670692,7,0.9715593256670692,0.107017949634554,8.230419312038172e-16,0.07627203859172842,3.5512398618152863e-11,True,False,False
image_shell,S2,2,2.31,10.074424655013587,3,7,3.6518531254525755e-14,-0.028193287119917476,0.028193287119917476,1.0,7,0.9715593256673526,7,0.9715593256673526,0.10701794963383078,8.230419312038172e-16,0.07627203859172842,3.5512398618152863e-11,True,False,False
image_shell,S2,2,2.36,10.59095145243378,0,0,-9.85849010919549e-15,2.954808401933188e-11,2.954808566393639e-11,0.999147033173439,0,0.9457340797551349,0,0.9457340797551349,0.15447942458660452,5.61285972577889e-16,0.048227571247054735,3.313493927048214e-11,True,True,True
image_shell,S2,2,2.36,10.59095145243378,0,1,-9.858490109200653e-15,-2.954808401933187e-11,2.9548085663936386e-11,0.9991470331734392,0,0.9457340797551349,0,0.9457340797551349,0.15447942458660455,5.61285972577889e-16,0.048227571247054735,3.313493927048214e-11,True,True,True
image_shell,S2,2,2.36,10.59095145243378,0,2,-0.012037383560378492,-9.71934673977366e-21,0.012037383560378492,0.9976623107036505,-4,0.49971711837589466,4,0.9994342367517879,0.4337385431970168,5.61285972577889e-16,0.048227571247054735,3.313493927048214e-11,True,True,True
image_shell,S2,2,2.36,10.59095145243378,0,3,0.012037383560396393,9.719378550152931e-21,0.012037383560396393,0.9976623107035036,-4,0.49971711837592203,4,0.9994342367518436,0.43373854319675176,5.61285972577889e-16,0.048227571247054735,3.313493927048214e-11,True,True,True
image_shell,S2,2,2.36,10.59095145243378,0,4,-0.01659786304244594,2.409817382764542e-20,0.01659786304244594,0.9949823400734599,4,0.49807240854673007,4,0.9961448170934587,0.4463815113667254,5.61285972577889e-16,0.048227571247054735,3.313493927048214e-11,True,True,True
image_shell,S2,2,2.36,10.59095145243378,0,5,0.01659786304253211,-2.4098146850997003e-20,0.01659786304253211,0.9949823400739749,4,0.4980724085466104,4,0.996144817093219,0.4463815113675527,5.61285972577889e-16,0.048227571247054735,3.313493927048214e-11,True,True,True
image_shell,S2,2,2.36,10.59095145243378,0,6,2.7132526572290213e-14,-0.045278198406061544,0.045278198406061544,0.9947107487484823,8,0.4980204889515811,8,0.9960409778541137,0.4467390156197996,5.61285972577889e-16,0.048227571247054735,3.313493927048214e-11,True,True,True
image_shell,S2,2,2.36,10.59095145243378,0,7,2.711633001473146e-14,0.04527819840606152,0.04527819840606152,0.9947107487484828,-8,0.49802048895157536,8,0.9960409778541137,0.4467390156197997,5.61285972577889e-16,0.048227571247054735,3.313493927048214e-11,True,True,True
image_shell,S2,2,2.36,10.59095145243378,0,8,-7.896461262646426e-15,0.046722251140714245,0.046722251140714245,0.9993691008939292,-8,0.49979631632037846,8,0.9995926325704954,0.43290722628403583,5.61285972577889e-16,0.048227571247054735,3.313493927048214e-11,True,True,True
image_shell,S2,2,2.36,10.59095145243378,0,9,-7.884155338263278e-15,-0.046722251140714224,0.046722251140714224,0.9993691008939296,8,0.49979631632037,8,0.9995926325704955,0.43290722628403583,5.61285972577889e-16,0.048227571247054735,3.313493927048214e-11,True,True,True
image_shell,S2,2,2.36,10.59095145243378,1,0,3.577460510768094e-15,0.0004867211468711108,0.0004867211468711108,0.9996618676618846,1,0.9511448436510794,1,0.9511448436510794,0.1476191059760374,9.060068459724918e-16,0.048227571247054735,3.313493927048214e-11,True,True,True
image_shell,S2,2,2.36,10.59095145243378,1,1,1.0779792331361398e-14,-0.00048672114686321676,0.00048672114686321676,0.999661867661887,1,0.9511448436509478,1,0.9511448436509478,0.14761910597610378,9.060068459724918e-16,0.048227571247054735,3.313493927048214e-11,True,True,True
image_shell,S2,2,2.36,10.59095145243378,1,2,-0.009592514537759606,9.65641037939962e-15,0.009592514537759606,0.9961472571565623,-3,0.6545112310808897,3,0.6545112310808897,0.4779171366568997,9.060068459724918e-16,0.048227571247054735,3.313493927048214e-11,True,True,True
image_shell,S2,2,2.36,10.59095145243378,1,3,0.00959251453762616,-1.896452849203158e-14,0.00959251453762616,0.9961472571548151,-3,0.6545112310936848,3,0.6545112310936848,0.47791713665057245,9.060068459724918e-16,0.048227571247054735,3.313493927048214e-11,True,True,True
image_shell,S2,2,2.36,10.59095145243378,1,4,-0.01425412059181399,5.1877958452249777e-14,0.01425412059181399,0.9847407887908847,5,0.6265073705362342,5,0.6265073705362342,0.5479345775532707,9.060068459724918e-16,0.048227571247054735,3.313493927048214e-11,True,True,True
image_shell,S2,2,2.36,10.59095145243378,1,5,0.014254120591858509,1.948413975016924e-14,0.014254120591858509,0.984740788793171,5,0.6265073705208415,5,0.6265073705208415,0.5479345775594752,9.060068459724918e-16,0.048227571247054735,3.313493927048214e-11,True,True,True
image_shell,S2,2,2.36,10.59095145243378,1,6,-1.1221926166093965e-14,-0.030773750005395166,0.030773750005395166,0.991208842516005,-7,0.9911421300329661,7,0.9911421300329661,0.041148699319050984,9.060068459724918e-16,0.048227571247054735,3.313493927048214e-11,True,True,True
image_shell,S2,2,2.36,10.59095145243378,1,7,3.157196726277789e-16,0.030773750005315445,0.030773750005315445,0.991208842515662,-7,0.9911421300333012,7,0.9911421300333012,0.04114869931773233,9.060068459724918e-16,0.048227571247054735,3.313493927048214e-11,True,True,True
image_shell,S2,2,2.36,10.59095145243378,2,0,1.8983927596285243e-13,-0.004266776593538971,0.004266776593538971,0.9541572063904883,-2,0.46575041092227043,2,0.9315008218437661,0.6801488763317707,8.557893242289188e-16,0.048227571247054735,3.313493927048214e-11,True,True,True
image_shell,S2,2,2.36,10.59095145243378,2,1,1.8983837240569485e-13,0.004266776593538968,0.004266776593538968,0.9541572063904885,2,0.46575041092227065,2,0.9315008218437661,0.6801488763317708,8.557893242289188e-16,0.048227571247054735,3.313493927048214e-11,True,True,True
image_shell,S2,2,2.36,10.59095145243378,2,2,-0.011004958145203816,4.53360330343581e-18,0.011004958145203816,0.9882164113152944,-2,0.4993231145801929,2,0.9986462291603844,0.5074257842226675,8.557893242289188e-16,0.048227571247054735,3.313493927048214e-11,True,True,True
image_shell,S2,2,2.36,10.59095145243378,2,3,0.011004958145316813,-1.734251866417195e-28,0.011004958145316813,0.988216411314926,-2,0.4993231145803805,2,0.9986462291607583,0.5074257842208859,8.557893242289188e-16,0.048227571247054735,3.313493927048214e-11,True,True,True
image_shell,S2,2,2.36,10.59095145243378,2,4,-1.0086707946840378e-13,-0.008792196628932525,0.008792196628932525,0.4821452204053042,6,0.3461454651818741,6,0.6922909303635906,0.9452556247427735,8.557893242289188e-16,0.048227571247054735,3.313493927048214e-11,True,True,True
image_shell,S2,2,2.36,10.59095145243378,2,5,-1.008622695925884e-13,0.008792196628932512,0.008792196628932512,0.48214522045174707,-6,0.3461454651818725,6,0.6922909303635905,0.9452556247427735,8.557893242289188e-16,0.048227571247054735,3.313493927048214e-11,True,True,True
image_shell,S2,2,2.36,10.59095145243378,2,6,-1.2833484275276419e-14,0.016828148267433497,0.016828148267433497,0.998010487577486,-6,0.4993590707887402,6,0.998718141574982,0.5070818302567762,8.557893242289188e-16,0.048227571247054735,3.313493927048214e-11,True,True,True
image_shell,S2,2,2.36,10.59095145243378,2,7,-1.281827833980731e-14,-0.016828148267433465,0.016828148267433465,0.9980104875774862,6,0.4993590707887393,6,0.998718141574982,0.5070818302567762,8.557893242289188e-16,0.048227571247054735,3.313493927048214e-11,True,True,True
image_shell,S2,2,2.36,10.59095145243378,3,0,3.577703652835831e-15,-0.0004867211468711115,0.0004867211468711115,0.9996618676618841,-1,0.9511448436510797,1,0.9511448436510797,0.14761910597603725,8.022871690991527e-16,0.048227571247054735,3.313493927048214e-11,True,True,True
image_shell,S2,2,2.36,10.59095145243378,3,1,1.0779836744467832e-14,0.0004867211468632177,0.0004867211468632177,0.999661867661887,-1,0.9511448436509478,1,0.9511448436509478,0.14761910597610392,8.022871690991527e-16,0.048227571247054735,3.313493927048214e-11,True,True,True
image_shell,S2,2,2.36,10.59095145243378,3,2,-0.009592514537759611,-9.656463925771053e-15,0.009592514537759611,0.9961472571565629,3,0.6545112310808898,3,0.6545112310808898,0.4779171366568996,8.022871690991527e-16,0.048227571247054735,3.313493927048214e-11,True,True,True
image_shell,S2,2,2.36,10.59095145243378,3,3,0.009592514537626176,1.8965040566839528e-14,0.009592514537626176,0.9961472571548151,3,0.6545112310936851,3,0.6545112310936851,0.4779171366505723,8.022871690991527e-16,0.048227571247054735,3.313493927048214e-11,True,True,True
image_shell,S2,2,2.36,10.59095145243378,3,4,-0.014254120591814017,-5.1878743488040494e-14,0.014254120591814017,0.9847407887908847,-5,0.6265073705362331,5,0.6265073705362331,0.547934577553271,8.022871690991527e-16,0.048227571247054735,3.313493927048214e-11,True,True,True
image_shell,S2,2,2.36,10.59095145243378,3,5,0.014254120591858531,-1.948291870604839e-14,0.014254120591858531,0.9847407887931705,-5,0.626507370520841,5,0.626507370520841,0.5479345775594753,8.022871690991527e-16,0.048227571247054735,3.313493927048214e-11,True,True,True
image_shell,S2,2,2.36,10.59095145243378,3,6,-1.1210650463500116e-14,0.030773750005395145,0.030773750005395145,0.991208842516005,7,0.9911421300329661,7,0.9911421300329661,0.04114869931905129,8.022871690991527e-16,0.048227571247054735,3.313493927048214e-11,True,True,True
image_shell,S2,2,2.36,10.59095145243378,3,7,3.191891195797325e-16,-0.030773750005315424,0.030773750005315424,0.991208842515662,7,0.991142130033301,7,0.991142130033301,0.041148699317732816,8.022871690991527e-16,0.048227571247054735,3.313493927048214e-11,True,True,True
image_shell,S2,2,2.41,11.133961145065307,0,0,2.344747553962955e-14,2.8582666238668368e-11,2.8582675856105945e-11,0.9979197043333163,0,0.9644728164333173,0,0.9644728164333173,0.11066770573623995,5.651946924060366e-16,0.03056491953615149,5.168652197458676e-11,True,True,True
image_shell,S2,2,2.41,11.133961145065307,0,1,2.3447475539618e-14,-2.8582666238668342e-11,2.858267585610592e-11,0.9979197043333163,0,0.9644728164333173,0,0.9644728164333173,0.11066770573623992,5.651946924060366e-16,0.03056491953615149,5.168652197458676e-11,True,True,True
image_shell,S2,2,2.41,11.133961145065307,0,2,-0.011199030583025661,-1.0881221283765063e-20,0.011199030583025661,0.9982985528883469,4,0.49985821140752684,4,0.9997164228150506,0.4323265708769039,5.651946924060366e-16,0.03056491953615149,5.168652197458676e-11,True,True,True
image_shell,S2,2,2.41,11.133961145065307,0,3,0.01119903058304892,1.088125063885823e-20,0.01119903058304892,0.9982985528882948,4,0.4998582114075521,4,0.9997164228151029,0.4323265708766136,5.651946924060366e-16,0.03056491953615149,5.168652197458676e-11,True,True,True
image_shell,S2,2,2.41,11.133961145065307,0,4,-0.013930972876489596,7.963020879367716e-21,0.013930972876489596,0.9982802854518676,-4,0.4993953907664799,4,0.9987907815329593,0.43647470155320667,5.651946924060366e-16,0.03056491953615149,5.168652197458676e-11,True,True,True
image_shell,S2,2,2.41,11.133961145065307,0,5,0.013930972876395886,-7.96307712943479e-21,0.013930972876395886,0.9982802854519657,4,0.49939539076651873,4,0.9987907815330369,0.43647470155288287,5.651946924060366e-16,0.03056491953615149,5.168652197458676e-11,True,True,True
image_shell,S2,2,2.41,11.133961145065307,0,6,-3.841817702365126e-14,-0.04684106368145636,0.04684106368145636,0.9984553743371594,8,0.49938374135442254,8,0.9987674826422178,0.43657179467632207,5.651946924060366e-16,0.03056491953615149,5.168652197458676e-11,True,True,True
image_shell,S2,2,2.41,11.133961145065307,0,7,-3.84223902694103e-14,0.04684106368145637,0.04684106368145637,0.9984553743371594,-8,0.4993837413543808,8,0.9987674826422177,0.4365717946763221,5.651946924060366e-16,0.03056491953615149,5.168652197458676e-11,True,True,True
image_shell,S2,2,2.41,11.133961145065307,0,8,-3.8316572137375715e-14,0.04742841790719583,0.04742841790719583,0.9996228650298744,-8,0.499889131624917,8,0.9997782631506008,0.431974000806798,5.651946924060366e-16,0.03056491953615149,5.168652197458676e-11,True,True,True
image_shell,S2,2,2.41,11.133961145065307,0,9,-3.8332240093586595e-14,-0.047428417907195826,0.047428417907195826,0.9996228650298744,8,0.4998891316248763,8,0.9997782631506007,0.431974000806798,5.651946924060366e-16,0.03056491953615149,5.168652197458676e-11,True,True,True
image_shell,S2,2,2.41,11.133961145065307,1,0,-4.048110167648254e-14,0.0003378480384787517,0.0003378480384787517,0.9997237944916835,1,0.9562189695504378,1,0.9562189695504378,0.13460940814028283,8.295797618669866e-16,0.03056491953615149,5.168652197458676e-11,True,True,True
image_shell,S2,2,2.41,11.133961145065307,1,1,3.982832121020794e-14,-0.00033784803847461566,0.00033784803847461566,0.9997237944916988,1,0.9562189695500761,1,0.9562189695500761,0.13460940814121874,8.295797618669866e-16,0.03056491953615149,5.168652197458676e-11,True,True,True
image_shell,S2,2,2.41,11.133961145065307,1,2,-0.008020272227252009,-6.67483191402848e-14,0.008020272227252009,0.9954940163264934,-3,0.6828028708165459,3,0.6828028708165459,0.4595952740014994,8.295797618669866e-16,0.03056491953615149,5.168652197458676e-11,True,True,True
image_shell,S2,2,2.41,11.133961145065307,1,3,0.008020272227276791,1.2695278725186884e-13,0.008020272227276791,0.9954940163307952,-3,0.6828028707873844,3,0.6828028707873844,0.45959527401857025,8.295797618669866e-16,0.03056491953615149,5.168652197458676e-11,True,True,True
image_shell,S2,2,2.41,11.133961145065307,1,4,-0.010894319808993318,-4.744634873241305e-14,0.010894319808993318,0.9909862563102426,5,0.6690487163702585,5,0.6690487163702585,0.4985551210320592,8.295797618669866e-16,0.03056491953615149,5.168652197458676e-11,True,True,True
image_shell,S2,2,2.41,11.133961145065307,1,5,0.010894319808857276,3.999075336679667e-15,0.010894319808857276,0.9909862563072349,5,0.6690487163871282,5,0.6690487163871282,0.4985551210239501,8.295797618669866e-16,0.03056491953615149,5.168652197458676e-11,True,True,True
image_shell,S2,2,2.41,11.133961145065307,1,6,-5.1883844442990323e-14,-0.03217941689497317,0.03217941689497317,0.9970525984358256,-7,0.9971894767343261,7,0.9971894767343261,0.015334169699039626,8.295797618669866e-16,0.03056491953615149,5.168652197458676e-11,True,True,True
image_shell,S2,2,2.41,11.133961145065307,1,7,-7.560098380654523e-14,0.03217941689497035,0.03217941689497035,0.9970525984360843,-7,0.9971894767341771,7,0.9971894767341771,0.015334169699730586,8.295797618669866e-16,0.03056491953615149,5.168652197458676e-11,True,True,True
image_shell,S2,2,2.41,11.133961145065307,2,0,2.6102946458468597e-14,-0.0046560690453979195,0.0046560690453979195,0.9670454976246802,-2,0.4956373549189513,2,0.9912747098361943,0.5361094556927637,9.317656584606347e-16,0.03056491953615149,5.168652197458676e-11,True,True,True
image_shell,S2,2,2.41,11.133961145065307,2,1,2.6104531207860502e-14,0.004656069045397916,0.004656069045397916,0.9670454976246802,2,0.49563735491895067,2,0.991274709836194,0.5361094556927638,9.317656584606347e-16,0.03056491953615149,5.168652197458676e-11,True,True,True
image_shell,S2,2,2.41,11.133961145065307,2,2,-0.00897729365390635,-1.4592046314782136e-28,0.00897729365390635,0.9851608439052658,-2,0.4995645974483329,2,0.9991291948966652,0.5050539043017707,9.317656584606347e-16,0.03056491953615149,5.168652197458676e-11,True,True,True
image_shell,S2,2,2.41,11.133961145065307,2,3,0.008977293653845822,-1.1283699227508718e-18,0.008977293653845822,0.9851608439038362,2,0.4995645974482936,2,0.9991291948965864,0.5050539043021709,9.317656584606347e-16,0.03056491953615149,5.168652197458676e-11,True,True,True
image_shell,S2,2,2.41,11.133961145065307,2,4,-2.2505837273418702e-14,-0.01456786567426136,0.01456786567426136,0.8497178610671645,-6,0.47734297016481775,6,0.9546859403293444,0.6330738006011685,9.317656584606347e-16,0.03056491953615149,5.168652197458676e-11,True,True,True
image_shell,S2,2,2.41,11.133961145065307,2,5,-2.2512980385079248e-14,0.014567865674261356,0.014567865674261356,0.8497178610671647,6,0.4773429701648141,6,0.9546859403293443,0.6330738006011685,9.317656584606347e-16,0.03056491953615149,5.168652197458676e-11,True,True,True
image_shell,S2,2,2.41,11.133961145065307,2,6,-6.054184931159057e-15,0.017621890394879134,0.017621890394879134,0.9986138863815268,-6,0.4996219386600008,6,0.9992438772952386,0.5044653739270163,9.317656584606347e-16,0.03056491953615149,5.168652197458676e-11,True,True,True
image_shell,S2,2,2.41,11.133961145065307,2,7,-6.055035776777655e-15,-0.01762189039487912,0.01762189039487912,0.998613886381527,6,0.49962193866000715,6,0.9992438772952387,0.5044653739270163,9.317656584606347e-16,0.03056491953615149,5.168652197458676e-11,True,True,True
image_shell,S2,2,2.41,11.133961145065307,3,0,-4.048142117506309e-14,-0.0003378480384787541,0.0003378480384787541,0.999723794491683,-1,0.9562189695504378,1,0.9562189695504378,0.13460940814028285,8.13273333379192e-16,0.03056491953615149,5.168652197458676e-11,True,True,True
image_shell,S2,2,2.41,11.133961145065307,3,1,3.9828451169974616e-14,0.00033784803847461794,0.00033784803847461794,0.9997237944916986,-1,0.9562189695500763,1,0.9562189695500763,0.13460940814121847,8.13273333379192e-16,0.03056491953615149,5.168652197458676e-11,True,True,True
image_shell,S2,2,2.41,11.133961145065307,3,2,-0.008020272227251995,6.674914066146931e-14,0.008020272227251995,0.9954940163264931,3,0.6828028708165506,3,0.6828028708165506,0.45959527400149663,8.13273333379192e-16,0.03056491953615149,5.168652197458676e-11,True,True,True
image_shell,S2,2,2.41,11.133961145065307,3,3,0.008020272227276795,-1.269535582208469e-13,0.008020272227276795,0.9954940163307952,3,0.68280287078739,3,0.68280287078739,0.4595952740185671,8.13273333379192e-16,0.03056491953615149,5.168652197458676e-11,True,True,True
image_shell,S2,2,2.41,11.133961145065307,3,4,-0.01089431980899333,4.744580678223127e-14,0.01089431980899333,0.9909862563102422,-5,0.6690487163702598,5,0.6690487163702598,0.49855512103205835,8.13273333379192e-16,0.03056491953615149,5.168652197458676e-11,True,True,True
image_shell,S2,2,2.41,11.133961145065307,3,5,0.010894319808857314,-3.9981145502518854e-15,0.010894319808857314,0.990986256307234,-5,0.6690487163871321,5,0.6690487163871321,0.4985551210239483,8.13273333379192e-16,0.03056491953615149,5.168652197458676e-11,True,True,True
image_shell,S2,2,2.41,11.133961145065307,3,6,-5.1903793762964057e-14,0.0321794168949731,0.0321794168949731,0.9970525984358256,7,0.9971894767343261,7,0.9971894767343261,0.015334169699039698,8.13273333379192e-16,0.03056491953615149,5.168652197458676e-11,True,True,True
image_shell,S2,2,2.41,11.133961145065307,3,7,-7.562353521173293e-14,-0.03217941689497029,0.03217941689497029,0.9970525984360841,7,0.9971894767341771,7,0.9971894767341771,0.015334169699730666,8.13273333379192e-16,0.03056491953615149,5.168652197458676e-11,True,True,True
image_shell,S2,2,2.46,11.704811539980854,0,0,-2.2936775677935962e-14,2.790997566733313e-11,2.7909985092199637e-11,0.9979338963289738,0,0.9793490355496617,0,0.9793490355496617,0.07137983933339241,5.435672011475565e-16,0.019484960611653904,5.828404313974779e-11,True,True,True
image_shell,S2,2,2.46,11.704811539980854,0,1,-2.293677567785227e-14,-2.7909975667333134e-11,2.790998509219964e-11,0.9979338963289731,0,0.9793490355496617,0,0.9793490355496617,0.07137983933339244,5.435672011475565e-16,0.019484960611653904,5.828404313974779e-11,True,True,True
image_shell,S2,2,2.46,11.704811539980854,0,2,-0.01044898731962172,-9.741630786656493e-24,0.01044898731962172,0.9989977656585783,-4,0.4999334099840511,4,0.9998668199680987,0.4315124719580571,5.435672011475565e-16,0.019484960611653904,5.828404313974779e-11,True,True,True
image_shell,S2,2,2.46,11.704811539980854,0,3,0.010448987319656369,9.713268759592364e-24,0.010448987319656369,0.9989977656587576,4,0.49993340998404034,4,0.9998668199680791,0.4315124719581651,5.435672011475565e-16,0.019484960611653904,5.828404313974779e-11,True,True,True
image_shell,S2,2,2.46,11.704811539980854,0,4,-0.012120806531235227,6.923664235276924e-21,0.012120806531235227,0.999348375102629,4,0.49979701661365805,4,0.999594033227311,0.4328985611601735,5.435672011475565e-16,0.019484960611653904,5.828404313974779e-11,True,True,True
image_shell,S2,2,2.46,11.704811539980854,0,5,0.012120806531269531,-6.923659594924547e-21,0.012120806531269531,0.9993483751025748,4,0.49979701661365783,4,0.9995940332273145,0.43289856116015674,5.435672011475565e-16,0.019484960611653904,5.828404313974779e-11,True,True,True
image_shell,S2,2,2.46,11.704811539980854,0,6,-4.892939585657752e-14,-0.04763169901729857,0.04763169901729857,0.9994849447994186,-8,0.49979456276697654,8,0.9995891255086472,0.4329223545592596,5.435672011475565e-16,0.019484960611653904,5.828404313974779e-11,True,True,True
image_shell,S2,2,2.46,11.704811539980854,0,7,-4.89313450868778e-14,0.04763169901729859,0.04763169901729859,0.9994849447994189,8,0.4997945627670699,8,0.9995891255086473,0.4329223545592596,5.435672011475565e-16,0.019484960611653904,5.828404313974779e-11,True,True,True
image_shell,S2,2,2.46,11.704811539980854,0,8,-1.1650402864660236e-14,0.04787216173310799,0.04787216173310799,0.9997963091224514,8,0.4999448614680627,8,0.9998897226876935,0.43136957203814896,5.435672011475565e-16,0.019484960611653904,5.828404313974779e-11,True,True,True
image_shell,S2,2,2.46,11.704811539980854,0,9,-1.1660222697172628e-14,-0.047872161733107974,0.047872161733107974,0.999796309122451,-8,0.49994486146815126,8,0.9998897226876935,0.431369572038149,5.435672011475565e-16,0.019484960611653904,5.828404313974779e-11,True,True,True
image_shell,S2,2,2.46,11.704811539980854,1,0,3.0908097592160926e-15,0.00023412522134493954,0.00023412522134493954,0.9998107891866083,1,0.9601160195385238,1,0.9601160195385238,0.12446839252639129,7.471720952109633e-16,0.019484960611653904,5.828404313974779e-11,True,True,True
image_shell,S2,2,2.46,11.704811539980854,1,1,-7.693481872122912e-15,-0.00023412522135257566,0.00023412522135257566,0.9998107891866003,1,0.9601160195378036,1,0.9601160195378036,0.12446839252767526,7.471720952109633e-16,0.019484960611653904,5.828404313974779e-11,True,True,True
image_shell,S2,2,2.46,11.704811539980854,1,2,-0.006652559448617804,-9.642518865279022e-14,0.006652559448617804,0.9949046404763988,-3,0.7200831493671834,3,0.7200831493671834,0.4337113116848062,7.471720952109633e-16,0.019484960611653904,5.828404313974779e-11,True,True,True
image_shell,S2,2,2.46,11.704811539980854,1,3,0.00665255944853735,5.342590526436218e-14,0.00665255944853735,0.9949046404713056,-3,0.7200831493812587,3,0.7200831493812587,0.43371131167520344,7.471720952109633e-16,0.019484960611653904,5.828404313974779e-11,True,True,True
image_shell,S2,2,2.46,11.704811539980854,1,4,-0.008481692502881732,4.649783226237959e-14,0.008481692502881732,0.9929563185210054,5,0.7127439284489557,5,0.7127439284489557,0.45761688994723176,7.471720952109633e-16,0.019484960611653904,5.828404313974779e-11,True,True,True
image_shell,S2,2,2.46,11.704811539980854,1,5,0.00848169250284043,8.926343742204893e-15,0.00848169250284043,0.9929563185300079,5,0.7127439283859194,5,0.7127439283859194,0.4576168899888768,7.471720952109633e-16,0.019484960611653904,5.828404313974779e-11,True,True,True
image_shell,S2,2,2.46,11.704811539980854,1,6,-4.373758299980324e-14,-0.03296769089613763,0.03296769089613763,0.9989749129152858,-7,0.999053809972861,7,0.999053809972861,0.005852860161430755,7.471720952109633e-16,0.019484960611653904,5.828404313974779e-11,True,True,True
image_shell,S2,2,2.46,11.704811539980854,1,7,-6.577724476208857e-14,0.032967690896118326,0.032967690896118326,0.9989749129152641,-7,0.9990538099728232,7,0.9990538099728232,0.005852860161647087,7.471720952109633e-16,0.019484960611653904,5.828404313974779e-11,True,True,True
image_shell,S2,2,2.46,11.704811539980854,2,0,-2.6762528148938463e-14,-0.0051948728449925045,0.0051948728449925045,0.9964927417951973,2,0.4985044431399076,2,0.9970088862781744,0.5146947984931955,8.775379985359165e-16,0.019484960611653904,5.828404313974779e-11,True,True,True
image_shell,S2,2,2.46,11.704811539980854,2,1,-2.676157584781498e-14,0.005194872844992503,0.005194872844992503,0.9964927417951973,-2,0.4985044431399071,2,0.9970088862781745,0.5146947984931955,8.775379985359165e-16,0.019484960611653904,5.828404313974779e-11,True,True,True
image_shell,S2,2,2.46,11.704811539980854,2,2,-0.006882157977614733,4.711830012113032e-19,0.006882157977614733,0.983855338524121,2,0.49976745652533744,2,0.9995349130506714,0.5029097168353914,8.775379985359165e-16,0.019484960611653904,5.828404313974779e-11,True,True,True
image_shell,S2,2,2.46,11.704811539980854,2,3,0.006882157977562998,-1.2560151526651106e-27,0.006882157977562998,0.9838553385237413,2,0.49976745652534804,2,0.9995349130506952,0.5029097168352605,8.775379985359165e-16,0.019484960611653904,5.828404313974779e-11,True,True,True
image_shell,S2,2,2.46,11.704811539980854,2,4,3.204684781432654e-15,-0.01683174029195192,0.01683174029195192,0.9854449465003602,-6,0.49366018533454736,6,0.9873203706435643,0.5490375366925082,8.775379985359165e-16,0.019484960611653904,5.828404313974779e-11,True,True,True
image_shell,S2,2,2.46,11.704811539980854,2,5,3.1991277441466966e-15,0.01683174029195191,0.01683174029195191,0.98544494650036,6,0.4936601853345487,6,0.987320370643564,0.5490375366925082,8.775379985359165e-16,0.019484960611653904,5.828404313974779e-11,True,True,True
image_shell,S2,2,2.46,11.704811539980854,2,6,-2.026992536759798e-14,0.01820185424714659,0.01820185424714659,0.9991527894015231,-6,0.4997950266368242,6,0.9995900532570796,0.5026020703687206,8.775379985359165e-16,0.019484960611653904,5.828404313974779e-11,True,True,True
image_shell,S2,2,2.46,11.704811539980854,2,7,-2.0271978540264968e-14,-0.018201854247146588,0.018201854247146588,0.9991527894015229,6,0.49979502663682374,6,0.9995900532570796,0.5026020703687206,8.775379985359165e-16,0.019484960611653904,5.828404313974779e-11,True,True,True
image_shell,S2,2,2.46,11.704811539980854,3,0,3.0903934655126534e-15,-0.00023412522134493748,0.00023412522134493748,0.9998107891866087,-1,0.9601160195385235,1,0.9601160195385235,0.12446839252639183,7.375548298905018e-16,0.019484960611653904,5.828404313974779e-11,True,True,True
image_shell,S2,2,2.46,11.704811539980854,3,1,-7.693967959554813e-15,0.00023412522135257292,0.00023412522135257292,0.9998107891866007,-1,0.9601160195378031,1,0.9601160195378031,0.12446839252767591,7.375548298905018e-16,0.019484960611653904,5.828404313974779e-11,True,True,True
image_shell,S2,2,2.46,11.704811539980854,3,2,-0.006652559448617817,9.642675955452506e-14,0.006652559448617817,0.9949046404764004,3,0.7200831493671768,3,0.7200831493671768,0.4337113116848108,7.375548298905018e-16,0.019484960611653904,5.828404313974779e-11,True,True,True
image_shell,S2,2,2.46,11.704811539980854,3,3,0.006652559448537338,-5.3426529849309467e-14,0.006652559448537338,0.9949046404713062,3,0.7200831493812629,3,0.7200831493812629,0.4337113116752005,7.375548298905018e-16,0.019484960611653904,5.828404313974779e-11,True,True,True
image_shell,S2,2,2.46,11.704811539980854,3,4,-0.008481692502881718,-4.649741187944058e-14,0.008481692502881718,0.9929563185210061,-5,0.7127439284489513,5,0.7127439284489513,0.4576168899472346,7.375548298905018e-16,0.019484960611653904,5.828404313974779e-11,True,True,True
image_shell,S2,2,2.46,11.704811539980854,3,5,0.008481692502840442,-8.926826420773494e-15,0.008481692502840442,0.9929563185300074,-5,0.7127439283859217,5,0.7127439283859217,0.45761688998887523,7.375548298905018e-16,0.019484960611653904,5.828404313974779e-11,True,True,True
image_shell,S2,2,2.46,11.704811539980854,3,6,-4.3728909382423353e-14,0.032967690896137665,0.032967690896137665,0.9989749129152858,7,0.9990538099728609,7,0.9990538099728609,0.005852860161430759,7.375548298905018e-16,0.019484960611653904,5.828404313974779e-11,True,True,True
image_shell,S2,2,2.46,11.704811539980854,3,7,-6.577030586818466e-14,-0.03296769089611837,0.03296769089611837,0.9989749129152639,7,0.9990538099728233,7,0.9990538099728233,0.005852860161646926,7.375548298905018e-16,0.019484960611653904,5.828404313974779e-11,True,True,True
image_shell,S2,2,2.51,12.30493006051041,0,0,1.1966782348252229e-14,2.920908599118909e-11,2.920908844254744e-11,0.998484578338173,0,0.9889337763367814,0,0.9889337763367814,0.042571878197842486,5.387135744210651e-16,0.012516209340369695,6.858318736885422e-11,True,True,True
image_shell,S2,2,2.51,12.30493006051041,0,1,1.1966782348282164e-14,-2.920908599118909e-11,2.920908844254744e-11,0.998484578338173,0,0.9889337763367816,0,0.9889337763367816,0.04257187819784233,5.387135744210651e-16,0.012516209340369695,6.858318736885422e-11,True,True,True
image_shell,S2,2,2.51,12.30493006051041,0,2,-0.009839312437786163,9.152947497463965e-22,0.009839312437786163,0.9994652307581652,4,0.4999695810457011,4,0.9999391620913962,0.43108763697511815,5.387135744210651e-16,0.012516209340369695,6.858318736885422e-11,True,True,True
image_shell,S2,2,2.51,12.30493006051041,0,3,0.009839312437734877,-9.15301659300238e-22,0.009839312437734877,0.9994652307579321,4,0.49996958104570755,4,0.9999391620914015,0.43108763697507985,5.387135744210651e-16,0.012516209340369695,6.858318736885422e-11,True,True,True
image_shell,S2,2,2.51,12.30493006051041,0,4,-0.010875675474129817,1.8973382090270127e-22,0.010875675474129817,0.99975149917273,-4,0.49992805773164284,4,0.9998561154632788,0.43155683350550134,5.387135744210651e-16,0.012516209340369695,6.858318736885422e-11,True,True,True
image_shell,S2,2,2.51,12.30493006051041,0,5,0.01087567547416472,-1.8974731180824874e-22,0.01087567547416472,0.999751499172664,-4,0.4999280577316505,4,0.9998561154632915,0.4315568335054324,5.387135744210651e-16,0.012516209340369695,6.858318736885422e-11,True,True,True
image_shell,S2,2,2.51,12.30493006051041,0,6,-2.5920238178045452e-14,-0.04805925214813213,0.04805925214813213,0.9998067562538318,8,0.4999274181968951,8,0.9998548360520222,0.43156386232872274,5.387135744210651e-16,0.012516209340369695,6.858318736885422e-11,True,True,True
image_shell,S2,2,2.51,12.30493006051041,0,7,-2.5917375474332742e-14,0.04805925214813212,0.04805925214813212,0.9998067562538318,-8,0.49992741819518455,8,0.9998548360520222,0.4315638623287227,5.387135744210651e-16,0.012516209340369695,6.858318736885422e-11,True,True,True
image_shell,S2,2,2.51,12.30493006051041,0,8,1.3064804106094703e-14,0.048158313113341775,0.048158313113341775,0.9998942357392715,-8,0.49997371901733867,8,0.9999474378496196,0.4310310495479985,5.387135744210651e-16,0.012516209340369695,6.858318736885422e-11,True,True,True
image_shell,S2,2,2.51,12.30493006051041,0,9,1.3052059433249497e-14,-0.04815831311334177,0.04815831311334177,0.9998942357392717,8,0.49997371901582666,8,0.9999474378496196,0.4310310495479985,5.387135744210651e-16,0.012516209340369695,6.858318736885422e-11,True,True,True
image_shell,S2,2,2.51,12.30493006051041,1,0,-1.6569709175497918e-14,0.000163737262171017,0.000163737262171017,0.9999049214520553,1,0.962182587157998,1,0.962182587157998,0.1188577693352136,8.7066120292889915e-16,0.012516209340369695,6.858318736885422e-11,True,True,True
image_shell,S2,2,2.51,12.30493006051041,1,1,2.0114480954181024e-14,-0.00016373726217070074,0.00016373726217070074,0.9999049214520378,1,0.9621825871583227,1,0.9621825871583227,0.11885776933479873,8.7066120292889915e-16,0.012516209340369695,6.858318736885422e-11,True,True,True
image_shell,S2,2,2.51,12.30493006051041,1,2,-0.005462602544801521,-2.2818274100209435e-14,0.005462602544801521,0.9944185876534299,-3,0.7632123261457492,3,0.7632123261457492,0.3987972486502286,8.7066120292889915e-16,0.012516209340369695,6.858318736885422e-11,True,True,True
image_shell,S2,2,2.51,12.30493006051041,1,3,0.005462602544748993,2.8136390981327798e-14,0.005462602544748993,0.9944185876524676,-3,0.763212326167277,3,0.763212326167277,0.3987972486321451,8.7066120292889915e-16,0.012516209340369695,6.858318736885422e-11,True,True,True
image_shell,S2,2,2.51,12.30493006051041,1,4,-0.006659884801133263,-3.4992232820472455e-14,0.006659884801133263,0.9934268716319237,5,0.7591871164049473,5,0.7591871164049473,0.4145840277451763,8.7066120292889915e-16,0.012516209340369695,6.858318736885422e-11,True,True,True
image_shell,S2,2,2.51,12.30493006051041,1,5,0.006659884801181781,5.6554154011983503e-14,0.006659884801181781,0.9934268716262717,5,0.7591871163859505,5,0.7591871163859505,0.41458402776065467,8.7066120292889915e-16,0.012516209340369695,6.858318736885422e-11,True,True,True
image_shell,S2,2,2.51,12.30493006051041,1,6,2.3939183968479938e-14,-0.03343101959522928,0.03343101959522928,0.9996096018687397,-7,0.999660234092129,7,0.999660234092129,0.002326669149203187,8.7066120292889915e-16,0.012516209340369695,6.858318736885422e-11,True,True,True
image_shell,S2,2,2.51,12.30493006051041,1,7,-5.9934696094998685e-15,0.033431019595245075,0.033431019595245075,0.9996096018687719,-7,0.9996602340920819,7,0.9996602340920819,0.0023266691494856504,8.7066120292889915e-16,0.012516209340369695,6.858318736885422e-11,True,True,True
image_shell,S2,2,2.51,12.30493006051041,2,0,1.8080125371675277e-14,-0.00559032005819236,0.00559032005819236,0.9983434160636153,2,0.4993922801493428,2,0.9987845602897343,0.5067615663943005,8.983573414771998e-16,0.012516209340369695,6.858318736885422e-11,True,True,True
image_shell,S2,2,2.51,12.30493006051041,2,1,1.807972685128762e-14,0.005590320058192363,0.005590320058192363,0.9983434160636155,-2,0.4993922801493419,2,0.9987845602897343,0.5067615663943006,8.983573414771998e-16,0.012516209340369695,6.858318736885422e-11,True,True,True
image_shell,S2,2,2.51,12.30493006051041,2,2,-0.004709204760303731,6.080482439334825e-20,0.004709204760303731,0.9819954573588577,2,0.49988811707038405,2,0.9997762341407673,0.5015180562377272,8.983573414771998e-16,0.012516209340369695,6.858318736885422e-11,True,True,True
image_shell,S2,2,2.51,12.30493006051041,2,3,0.004709204760340798,3.3583231181345004e-28,0.004709204760340798,0.9819954573603071,2,0.4998881170703798,2,0.999776234140759,0.5015180562377775,8.983573414771998e-16,0.012516209340369695,6.858318736885422e-11,True,True,True
image_shell,S2,2,2.51,12.30493006051041,2,4,-1.3970161832910222e-14,-0.017975960356246296,0.017975960356246296,0.9963698046143069,-6,0.4978600370424306,6,0.9957200740051827,0.5199183513252273,8.983573414771998e-16,0.012516209340369695,6.858318736885422e-11,True,True,True
image_shell,S2,2,2.51,12.30493006051041,2,5,-1.3966747762664873e-14,0.017975960356246278,0.017975960356246278,0.9963698046143071,6,0.49786003704241566,6,0.9957200740051826,0.5199183513252273,8.983573414771998e-16,0.012516209340369695,6.858318736885422e-11,True,True,True
image_shell,S2,2,2.51,12.30493006051041,2,6,2.262413470674114e-14,0.01862330052806918,0.01862330052806918,0.9995148128353616,6,0.49989432203063494,6,0.9997886440154886,0.5014425658860411,8.983573414771998e-16,0.012516209340369695,6.858318736885422e-11,True,True,True
image_shell,S2,2,2.51,12.30493006051041,2,7,2.2624263573689518e-14,-0.01862330052806921,0.01862330052806921,0.9995148128353616,-6,0.49989432203061146,6,0.9997886440154886,0.5014425658860411,8.983573414771998e-16,0.012516209340369695,6.858318736885422e-11,True,True,True
image_shell,S2,2,2.51,12.30493006051041,3,0,-1.6569571169044657e-14,-0.0001637372621710236,0.0001637372621710236,0.9999049214520553,-1,0.9621825871579981,1,0.9621825871579981,0.11885776933521335,7.78269649091414e-16,0.012516209340369695,6.858318736885422e-11,True,True,True
image_shell,S2,2,2.51,12.30493006051041,3,1,2.0114744692883203e-14,0.0001637372621707074,0.0001637372621707074,0.9999049214520382,-1,0.9621825871583227,1,0.9621825871583227,0.11885776933479866,7.78269649091414e-16,0.012516209340369695,6.858318736885422e-11,True,True,True
image_shell,S2,2,2.51,12.30493006051041,3,2,-0.005462602544801507,2.2817268362431462e-14,0.005462602544801507,0.994418587653429,3,0.7632123261457525,3,0.7632123261457525,0.3987972486502258,7.78269649091414e-16,0.012516209340369695,6.858318736885422e-11,True,True,True
image_shell,S2,2,2.51,12.30493006051041,3,3,0.0054626025447489955,-2.813589502023108e-14,0.0054626025447489955,0.9944185876524683,3,0.7632123261672736,3,0.7632123261672736,0.398797248632148,7.78269649091414e-16,0.012516209340369695,6.858318736885422e-11,True,True,True
image_shell,S2,2,2.51,12.30493006051041,3,4,-0.006659884801133266,3.499184563939876e-14,0.006659884801133266,0.993426871631923,-5,0.7591871164049477,5,0.7591871164049477,0.4145840277451759,7.78269649091414e-16,0.012516209340369695,6.858318736885422e-11,True,True,True
image_shell,S2,2,2.51,12.30493006051041,3,5,0.006659884801181769,-5.655449892223253e-14,0.006659884801181769,0.9934268716262717,-5,0.7591871163859522,5,0.7591871163859522,0.41458402776065334,7.78269649091414e-16,0.012516209340369695,6.858318736885422e-11,True,True,True
image_shell,S2,2,2.51,12.30493006051041,3,6,2.3908826307650344e-14,0.03343101959522915,0.03343101959522915,0.999609601868739,7,0.999660234092129,7,0.999660234092129,0.00232666914920326,7.78269649091414e-16,0.012516209340369695,6.858318736885422e-11,True,True,True
image_shell,S2,2,2.51,12.30493006051041,3,7,-6.0021432268797525e-15,-0.03343101959524494,0.03343101959524494,0.9996096018687717,7,0.9996602340920818,7,0.9996602340920818,0.0023266691494858004,7.78269649091414e-16,0.012516209340369695,6.858318736885422e-11,True,True,True
image_shell,S2,2,2.56,12.935817315543076,0,0,-9.299269719666728e-15,2.9232996968427696e-11,2.9232998447516806e-11,0.9990775007189979,0,0.9943834285375728,0,0.9943834285375728,0.023983045912839306,5.393962437874248e-16,0.008104392343469477,7.414100440700592e-11,True,True,True
image_shell,S2,2,2.56,12.935817315543076,0,1,-9.299269719607282e-15,-2.92329969684277e-11,2.923299844751681e-11,0.9990775007189977,0,0.9943834285375727,0,0.9943834285375727,0.02398304591283936,5.393962437874248e-16,0.008104392343469477,7.414100440700592e-11,True,True,True
image_shell,S2,2,2.56,12.935817315543076,0,2,-0.00936149315610372,5.276257907913565e-22,0.00936149315610372,0.9997287965655038,4,0.4999862488077112,4,0.9999724976154196,0.4308758528250678,5.393962437874248e-16,0.008104392343469477,7.414100440700592e-11,True,True,True
image_shell,S2,2,2.56,12.935817315543076,0,3,0.009361493156032605,-5.276197970077941e-22,0.009361493156032605,0.9997287965654741,4,0.49998624880772335,4,0.9999724976154225,0.4308758528250461,5.393962437874248e-16,0.008104392343469477,7.414100440700592e-11,True,True,True
image_shell,S2,2,2.56,12.935817315543076,0,4,-0.010009209701207904,-7.284413607266016e-22,0.010009209701207904,0.9999097774749308,-4,0.49997330652856453,4,0.9999466130571218,0.43103606451147314,5.393962437874248e-16,0.008104392343469477,7.414100440700592e-11,True,True,True
image_shell,S2,2,2.56,12.935817315543076,0,5,0.010009209701198434,7.284734573008131e-22,0.010009209701198434,0.9999097774749788,-4,0.49997330652857797,4,0.9999466130571268,0.4310360645114428,5.393962437874248e-16,0.008104392343469477,7.414100440700592e-11,True,True,True
image_shell,S2,2,2.56,12.935817315543076,0,6,-2.061892323546033e-14,-0.04830583564947906,0.04830583564947906,0.999919881986524,-8,0.499973067478698,8,0.9999461345408505,0.43103898817359276,5.393962437874248e-16,0.008104392343469477,7.414100440700592e-11,True,True,True
image_shell,S2,2,2.56,12.935817315543076,0,7,-2.0626905670933916e-14,0.04830583564947905,0.04830583564947905,0.999919881986524,8,0.4999730674793126,8,0.9999461345408505,0.4310389881735928,5.393962437874248e-16,0.008104392343469477,7.414100440700592e-11,True,True,True
image_shell,S2,2,2.56,12.935817315543076,0,8,-2.5230125011655987e-16,0.04834686866267174,0.04834686866267174,0.9999454960737695,8,0.499987734331396,8,0.9999754682306203,0.43085361543966494,5.393962437874248e-16,0.008104392343469477,7.414100440700592e-11,True,True,True
image_shell,S2,2,2.56,12.935817315543076,0,9,-2.706168622523819e-16,-0.04834686866267175,0.04834686866267175,0.9999454960737701,-8,0.49998773433239835,8,0.9999754682306206,0.4308536154396648,5.393962437874248e-16,0.008104392343469477,7.414100440700592e-11,True,True,True
image_shell,S2,2,2.56,12.935817315543076,1,0,-2.0766344726222085e-14,0.00011678605043702279,0.00011678605043702279,0.9999541181832886,1,0.9614407122047745,1,0.9614407122047745,0.12018894036969702,8.1161114022362e-16,0.008104392343469477,7.414100440700592e-11,True,True,True
image_shell,S2,2,2.56,12.935817315543076,1,1,1.8319911248868158e-14,-0.0001167860504318392,0.0001167860504318392,0.9999541181833261,1,0.9614407122072253,1,0.9614407122072253,0.12018894036474619,8.1161114022362e-16,0.008104392343469477,7.414100440700592e-11,True,True,True
image_shell,S2,2,2.56,12.935817315543076,1,2,-0.004409924400660899,-4.6948520080270004e-14,0.004409924400660899,0.9938119116740963,-3,0.8103404157323193,3,0.8103404157323193,0.3529506583119778,8.1161114022362e-16,0.008104392343469477,7.414100440700592e-11,True,True,True
image_shell,S2,2,2.56,12.935817315543076,1,3,0.004409924400616825,6.452323635175243e-14,0.004409924400616825,0.9938119116737291,-3,0.8103404157549274,3,0.8103404157549274,0.3529506582878854,8.1161114022362e-16,0.008104392343469477,7.414100440700592e-11,True,True,True
image_shell,S2,2,2.56,12.935817315543076,1,4,-0.005218070634430019,-3.53575368454923e-14,0.005218070634430019,0.9932600637252159,5,0.8080793761420462,5,0.8080793761420462,0.3639526528682704,8.1161114022362e-16,0.008104392343469477,7.414100440700592e-11,True,True,True
image_shell,S2,2,2.56,12.935817315543076,1,5,0.0052180706344915895,1.1781311001971889e-14,0.0052180706344915895,0.9932600637248004,5,0.8080793761267835,5,0.8080793761267835,0.36395265288400486,8.1161114022362e-16,0.008104392343469477,7.414100440700592e-11,True,True,True
image_shell,S2,2,2.56,12.935817315543076,1,6,1.4179629692634421e-14,-0.03371671362486387,0.03371671362486387,0.9998366798045296,-7,0.9998707740383568,7,0.9998707740383568,0.0009645204012421674,8.1161114022362e-16,0.008104392343469477,7.414100440700592e-11,True,True,True
image_shell,S2,2,2.56,12.935817315543076,1,7,4.109559914589056e-15,0.03371671362489616,0.03371671362489616,0.9998366798045094,-7,0.9998707740383477,7,0.9998707740383477,0.000964520401301242,8.1161114022362e-16,0.008104392343469477,7.414100440700592e-11,True,True,True
image_shell,S2,2,2.56,12.935817315543076,2,0,9.08955792035004e-15,-0.0058771323736515535,0.0058771323736515535,0.9990466792667736,2,0.49974002240042714,2,0.9994800447976722,0.5032111510261897,8.96148838700655e-16,0.008104392343469477,7.414100440700592e-11,True,True,True
image_shell,S2,2,2.56,12.935817315543076,2,1,9.092031788999711e-15,0.005877132373651554,0.005877132373651554,0.9990466792667736,-2,0.4997400224004273,2,0.9994800447976723,0.5032111510261896,8.96148838700655e-16,0.008104392343469477,7.414100440700592e-11,True,True,True
image_shell,S2,2,2.56,12.935817315543076,2,2,-0.0019202079778752592,1.747877191283957e-28,0.0019202079778752592,0.969697573678969,2,0.499949287561881,2,0.9998985751237617,0.5007459760453339,8.96148838700655e-16,0.008104392343469477,7.414100440700592e-11,True,True,True
image_shell,S2,2,2.56,12.935817315543076,2,3,0.0019202079779338031,-4.696471036891673e-28,0.0019202079779338031,0.9696975736795407,-2,0.4999492875618833,2,0.9998985751237663,0.5007459760453027,8.96148838700655e-16,0.008104392343469477,7.414100440700592e-11,True,True,True
image_shell,S2,2,2.56,12.935817315543076,2,4,-3.954865948618824e-14,-0.018615204047501714,0.018615204047501714,0.9988000351648315,6,0.4992096760364455,6,0.9984193520523473,0.5084934714254316,8.96148838700655e-16,0.008104392343469477,7.414100440700592e-11,True,True,True
image_shell,S2,2,2.56,12.935817315543076,2,5,-3.95435445984824e-14,0.01861520404750171,0.01861520404750171,0.9988000351648313,-6,0.49920967603642297,6,0.9984193520523474,0.5084934714254316,8.96148838700655e-16,0.008104392343469477,7.414100440700592e-11,True,True,True
image_shell,S2,2,2.56,12.935817315543076,2,6,-3.890114224140799e-15,0.018929497851234992,0.018929497851234992,0.9997302747788188,-6,0.49994700846707346,6,0.9998940167814614,0.5007761413466455,8.96148838700655e-16,0.008104392343469477,7.414100440700592e-11,True,True,True
image_shell,S2,2,2.56,12.935817315543076,2,7,-3.8892500331400015e-15,-0.018929497851234992,0.018929497851234992,0.9997302747788186,6,0.49994700846705953,6,0.9998940167814614,0.5007761413466455,8.96148838700655e-16,0.008104392343469477,7.414100440700592e-11,True,True,True
image_shell,S2,2,2.56,12.935817315543076,3,0,-2.0766960142871347e-14,-0.0001167860504370346,0.0001167860504370346,0.9999541181832888,-1,0.9614407122047743,1,0.9614407122047743,0.12018894036969752,7.761582466185694e-16,0.008104392343469477,7.414100440700592e-11,True,True,True
image_shell,S2,2,2.56,12.935817315543076,3,1,1.8319363078655742e-14,0.00011678605043185103,0.00011678605043185103,0.9999541181833266,-1,0.9614407122072252,1,0.9614407122072252,0.12018894036474663,7.761582466185694e-16,0.008104392343469477,7.414100440700592e-11,True,True,True
image_shell,S2,2,2.56,12.935817315543076,3,2,-0.004409924400660909,4.694853062118711e-14,0.004409924400660909,0.9938119116740977,3,0.8103404157323187,3,0.8103404157323187,0.3529506583119783,7.761582466185694e-16,0.008104392343469477,7.414100440700592e-11,True,True,True
image_shell,S2,2,2.56,12.935817315543076,3,3,0.004409924400616824,-6.452311055597514e-14,0.004409924400616824,0.9938119116737284,3,0.8103404157549243,3,0.8103404157549243,0.35295065828788863,7.761582466185694e-16,0.008104392343469477,7.414100440700592e-11,True,True,True
image_shell,S2,2,2.56,12.935817315543076,3,4,-0.005218070634430026,3.5357226231787214e-14,0.005218070634430026,0.9932600637252155,-5,0.8080793761420482,5,0.8080793761420482,0.3639526528682684,7.761582466185694e-16,0.008104392343469477,7.414100440700592e-11,True,True,True
image_shell,S2,2,2.56,12.935817315543076,3,5,0.005218070634491578,-1.1781256866443204e-14,0.005218070634491578,0.9932600637248008,-5,0.8080793761267835,5,0.8080793761267835,0.3639526528840047,7.761582466185694e-16,0.008104392343469477,7.414100440700592e-11,True,True,True
image_shell,S2,2,2.56,12.935817315543076,3,6,1.4155343563970746e-14,0.03371671362486386,0.03371671362486386,0.9998366798045298,7,0.9998707740383568,7,0.9998707740383568,0.0009645204012421106,7.761582466185694e-16,0.008104392343469477,7.414100440700592e-11,True,True,True
image_shell,S2,2,2.56,12.935817315543076,3,7,4.0870085094013575e-15,-0.03371671362489612,0.03371671362489612,0.9998366798045099,7,0.9998707740383477,7,0.9998707740383477,0.0009645204013011848,7.761582466185694e-16,0.008104392343469477,7.414100440700592e-11,True,True,True
image_shell,S2,2,2.61,13.599050851830924,0,0,-2.0764915183296795e-14,2.932748977013113e-11,2.932749712128276e-11,0.9994911742343359,0,0.997250897903686,0,0.997250897903686,0.012961594849947623,5.391726037379315e-16,0.0052886362227990815,7.637040399540675e-11,True,True,True
image_shell,S2,2,2.61,13.599050851830924,0,1,-2.0764915183143977e-14,-2.932748977013108e-11,2.932749712128271e-11,0.9994911742343354,0,0.997250897903686,0,0.997250897903686,0.012961594849947617,5.391726037379315e-16,0.0052886362227990815,7.637040399540675e-11,True,True,True
image_shell,S2,2,2.61,13.599050851830924,0,2,-0.008992164911616213,1.3256374436509736e-21,0.008992164911616213,0.9998657701220385,4,0.4999937976442529,4,0.9999875952885021,0.43077255552549537,5.391726037379315e-16,0.0052886362227990815,7.637040399540675e-11,True,True,True
image_shell,S2,2,2.61,13.599050851830924,0,3,0.008992164911578256,-1.3256272077251726e-21,0.008992164911578256,0.999865770122088,-4,0.499993797644258,4,0.9999875952885044,0.43077255552548077,5.391726037379315e-16,0.0052886362227990815,7.637040399540675e-11,True,True,True
image_shell,S2,2,2.61,13.599050851830924,0,4,-0.009399180352323998,-2.319290299878919e-21,0.009399180352323998,0.9999698751744962,-4,0.4999896948515261,4,0.9999793897030516,0.43082753588423145,5.391726037379315e-16,0.0052886362227990815,7.637040399540675e-11,True,True,True
image_shell,S2,2,2.61,13.599050851830924,0,5,0.009399180352300298,2.319327269431378e-21,0.009399180352300298,0.999969875174514,4,0.4999896948515373,4,0.9999793897030581,0.4308275358841876,5.391726037379315e-16,0.0052886362227990815,7.637040399540675e-11,True,True,True
image_shell,S2,2,2.61,13.599050851830924,0,6,1.4042586538032253e-14,-0.04845654741707466,0.04845654741707466,0.9999639443076962,8,0.4999895849102072,8,0.9999791668596884,0.43082902908406384,5.391726037379315e-16,0.0052886362227990815,7.637040399540675e-11,True,True,True
image_shell,S2,2,2.61,13.599050851830924,0,7,1.4046157181430992e-14,0.04845654741707464,0.04845654741707464,0.9999639443076962,-8,0.4999895849105216,8,0.9999791668596885,0.4308290290840639,5.391726037379315e-16,0.0052886362227990815,7.637040399540675e-11,True,True,True
image_shell,S2,2,2.61,13.599050851830924,0,8,1.0582025078770578e-15,0.04847362319566405,0.04847362319566405,0.9999716942514365,8,0.49999433439582286,8,0.9999886675686847,0.43076378605490606,5.391726037379315e-16,0.0052886362227990815,7.637040399540675e-11,True,True,True
image_shell,S2,2,2.61,13.599050851830924,0,9,1.061650767297806e-15,-0.04847362319566408,0.04847362319566408,0.9999716942514363,-8,0.49999433439549695,8,0.9999886675686848,0.43076378605490606,5.391726037379315e-16,0.0052886362227990815,7.637040399540675e-11,True,True,True
image_shell,S2,2,2.61,13.599050851830924,1,0,-1.8723867043388725e-14,8.63081743955279e-05,8.63081743955279e-05,0.9997320190498028,1,0.9552195714468397,1,0.9552195714468397,0.13435126317067142,8.056654078686645e-16,0.0052886362227990815,7.637040399540675e-11,True,True,True
image_shell,S2,2,2.61,13.599050851830924,1,1,1.523463218948938e-14,-8.630817439770461e-05,8.630817439770461e-05,0.9997320190497543,1,0.9552195714488917,1,0.9552195714488917,0.13435126316584675,8.056654078686645e-16,0.0052886362227990815,7.637040399540675e-11,True,True,True
image_shell,S2,2,2.61,13.599050851830924,1,2,-0.003449525613251415,-2.6201771674256778e-14,0.003449525613251415,0.9928772384664923,-3,0.8596574527529487,3,0.8596574527529487,0.2942578804635731,8.056654078686645e-16,0.0052886362227990815,7.637040399540675e-11,True,True,True
image_shell,S2,2,2.61,13.599050851830924,1,3,0.003449525613217511,4.374797531405769e-14,0.003449525613217511,0.9928772384756659,-3,0.8596574527260833,3,0.8596574527260833,0.29425788049901375,8.056654078686645e-16,0.0052886362227990815,7.637040399540675e-11,True,True,True
image_shell,S2,2,2.61,13.599050851830924,1,4,-0.004017138401903252,7.479891961593525e-15,0.004017138401903252,0.9926294457961057,5,0.8580474748758007,5,0.8580474748758007,0.3027083758289639,8.056654078686645e-16,0.0052886362227990815,7.637040399540675e-11,True,True,True
image_shell,S2,2,2.61,13.599050851830924,1,5,0.004017138401963075,-3.19667272458133e-15,0.004017138401963075,0.9926294458095376,5,0.8580474747948925,5,0.8580474747948925,0.30270837593434646,8.056654078686645e-16,0.0052886362227990815,7.637040399540675e-11,True,True,True
image_shell,S2,2,2.61,13.599050851830924,1,6,-1.2663481374630692e-14,-0.03390057985991567,0.03390057985991567,0.9999259757457556,-7,0.9999484829514439,7,0.9999484829514439,0.0004148731848422231,8.056654078686645e-16,0.0052886362227990815,7.637040399540675e-11,True,True,True
image_shell,S2,2,2.61,13.599050851830924,1,7,-1.3216858163467293e-14,0.03390057985992287,0.03390057985992287,0.9999259757457425,-7,0.9999484829514638,7,0.9999484829514638,0.00041487318470095094,8.056654078686645e-16,0.0052886362227990815,7.637040399540675e-11,True,True,True
image_shell,S2,2,2.61,13.599050851830924,2,0,-1.2055861703162723e-14,-0.006088080568689981,0.006088080568689981,0.9994260713612484,-2,0.4998866468500171,2,0.9997732936982273,0.50153586937937,9.639545717835555e-16,0.0052886362227990815,7.637040399540675e-11,True,True,True
image_shell,S2,2,2.61,13.599050851830924,2,1,-1.2053094422023287e-14,0.006088080568689977,0.006088080568689977,0.9994260713612484,2,0.49988664685001744,2,0.9997732936982273,0.50153586937937,9.639545717835555e-16,0.0052886362227990815,7.637040399540675e-11,True,True,True
image_shell,S2,2,2.61,13.599050851830924,2,2,-1.6218303231866117e-14,0.003117378755247289,0.003117378755247289,0.9501954796386621,-2,0.49997626238959564,2,0.9999525247740331,0.5003751759736729,9.639545717835555e-16,0.0052886362227990815,7.637040399540675e-11,True,True,True
image_shell,S2,2,2.61,13.599050851830924,2,3,-1.621674106045475e-14,-0.0031173787552472893,0.0031173787552472893,0.95019547963727,2,0.4999762623895963,2,0.9999525247740333,0.5003751759736729,9.639545717835555e-16,0.0052886362227990815,7.637040399540675e-11,True,True,True
image_shell,S2,2,2.61,13.599050851830924,2,4,-1.8790524691780774e-14,-0.01899736906609769,0.01899736906609769,0.9995413849118802,-6,0.4996924516969658,6,0.9993849032242501,0.50372414962788,9.639545717835555e-16,0.0052886362227990815,7.637040399540675e-11,True,True,True
image_shell,S2,2,2.61,13.599050851830924,2,5,-1.8789075859335748e-14,0.018997369066097697,0.018997369066097697,0.9995413849118804,6,0.4996924516970458,6,0.9993849032242503,0.5037241496278799,9.639545717835555e-16,0.0052886362227990815,7.637040399540675e-11,True,True,True
image_shell,S2,2,2.61,13.599050851830924,2,6,2.981642851780822e-14,0.019152586020943295,0.019152586020943295,0.9998515598182844,6,0.499973784958766,6,0.9999475695992242,0.5004105796928187,9.639545717835555e-16,0.0052886362227990815,7.637040399540675e-11,True,True,True
image_shell,S2,2,2.61,13.599050851830924,2,7,2.9819896552041314e-14,-0.019152586020943278,0.019152586020943278,0.9998515598182844,-6,0.499973784958822,6,0.9999475695992242,0.5004105796928187,9.639545717835555e-16,0.0052886362227990815,7.637040399540675e-11,True,True,True
image_shell,S2,2,2.61,13.599050851830924,3,0,-1.872443154994186e-14,-8.630817439552606e-05,8.630817439552606e-05,0.999732019049803,-1,0.9552195714468392,1,0.9552195714468392,0.13435126317067234,7.629874730976086e-16,0.0052886362227990815,7.637040399540675e-11,True,True,True
image_shell,S2,2,2.61,13.599050851830924,3,1,1.5234070363265185e-14,8.630817439770281e-05,8.630817439770281e-05,0.9997320190497541,-1,0.9552195714488915,1,0.9552195714488915,0.1343512631658474,7.629874730976086e-16,0.0052886362227990815,7.637040399540675e-11,True,True,True
image_shell,S2,2,2.61,13.599050851830924,3,2,-0.003449525613251424,2.6201864790430205e-14,0.003449525613251424,0.9928772384664932,3,0.8596574527529414,3,0.8596574527529414,0.2942578804635827,7.629874730976086e-16,0.0052886362227990815,7.637040399540675e-11,True,True,True
image_shell,S2,2,2.61,13.599050851830924,3,3,0.0034495256132175112,-4.374803717438866e-14,0.0034495256132175112,0.9928772384756663,3,0.8596574527260807,3,0.8596574527260807,0.29425788049901713,7.629874730976086e-16,0.0052886362227990815,7.637040399540675e-11,True,True,True
image_shell,S2,2,2.61,13.599050851830924,3,4,-0.004017138401903244,-7.480066663108523e-15,0.004017138401903244,0.9926294457961052,-5,0.8580474748758014,5,0.8580474748758014,0.30270837582896304,7.629874730976086e-16,0.0052886362227990815,7.637040399540675e-11,True,True,True
image_shell,S2,2,2.61,13.599050851830924,3,5,0.004017138401963071,3.1968484313774045e-15,0.004017138401963071,0.9926294458095383,-5,0.8580474747948906,5,0.8580474747948906,0.3027083759343489,7.629874730976086e-16,0.0052886362227990815,7.637040399540675e-11,True,True,True
image_shell,S2,2,2.61,13.599050851830924,3,6,-1.2656542480726785e-14,0.033900579859915674,0.033900579859915674,0.9999259757457556,7,0.9999484829514439,7,0.9999484829514439,0.0004148731848422355,7.629874730976086e-16,0.0052886362227990815,7.637040399540675e-11,True,True,True
image_shell,S2,2,2.61,13.599050851830924,3,7,-1.3206449822611432e-14,-0.03390057985992288,0.03390057985992288,0.9999259757457427,7,0.9999484829514638,7,0.9999484829514638,0.0004148731847009633,7.629874730976086e-16,0.0052886362227990815,7.637040399540675e-11,True,True,True
image_shell,S2,2,2.66,14.296289098677603,0,0,3.0503421762689914e-15,2.917663316649503e-11,2.917663332594775e-11,0.9997378593496337,0,0.9986850462697405,0,0.9986850462697405,0.006802927136571278,5.196615212897464e-16,0.0034763879798598366,1.0666413249286239e-10,True,True,True
image_shell,S2,2,2.66,14.296289098677603,0,1,3.050342176226772e-15,-2.91766331664951e-11,2.9176633325947824e-11,0.9997378593496341,0,0.9986850462697405,0,0.9986850462697405,0.006802927136571276,5.196615212897464e-16,0.0034763879798598366,1.0666413249286239e-10,True,True,True
image_shell,S2,2,2.66,14.296289098677603,0,2,-0.008707878789182232,-1.0503971989325805e-21,0.008707878789182232,0.9999340872230633,-4,0.4999971977189982,4,0.9999943954379455,0.43072268866590974,5.196615212897464e-16,0.0034763879798598366,1.0666413249286239e-10,True,True,True
image_shell,S2,2,2.66,14.296289098677603,0,3,0.008707878789200263,1.050354250796659e-21,0.008707878789200263,0.9999340872231066,-4,0.49999719771898865,4,0.9999943954379475,0.4307226886658954,5.196615212897464e-16,0.0034763879798598366,1.0666413249286239e-10,True,True,True
image_shell,S2,2,2.66,14.296289098677603,0,4,-0.008964597441222848,-2.9348921755691886e-21,0.008964597441222848,0.9999910369220711,4,0.49999588230010533,4,0.9999917646001611,0.4307415793807236,5.196615212897464e-16,0.0034763879798598366,1.0666413249286239e-10,True,True,True
image_shell,S2,2,2.66,14.296289098677603,0,5,0.008964597441200843,2.9348136883726318e-21,0.008964597441200843,0.9999910369220623,4,0.49999588230010167,4,0.9999917646001604,0.4307415793807303,5.196615212897464e-16,0.0034763879798598366,1.0666413249286239e-10,True,True,True
image_shell,S2,2,2.66,14.296289098677603,0,6,-3.615163715871146e-14,-0.048553338566499855,0.048553338566499855,0.9999826734974618,-8,0.49999583088057276,8,0.9999916553415481,0.4307423736801417,5.196615212897464e-16,0.0034763879798598366,1.0666413249286239e-10,True,True,True
image_shell,S2,2,2.66,14.296289098677603,0,7,-3.6155106686308613e-14,0.04855333856649985,0.04855333856649985,0.9999826734974614,8,0.49999583088102484,8,0.9999916553415482,0.4307423736801417,5.196615212897464e-16,0.0034763879798598366,1.0666413249286239e-10,True,True,True
image_shell,S2,2,2.66,14.296289098677603,0,8,-2.0969337377607644e-14,0.04856047228345809,0.04856047228345809,0.9999850809109196,8,0.49999739436554025,8,0.999994787975603,0.43071919094658756,5.196615212897464e-16,0.0034763879798598366,1.0666413249286239e-10,True,True,True
image_shell,S2,2,2.66,14.296289098677603,0,9,-2.0967766295456205e-14,-0.048560472283458125,0.048560472283458125,0.9999850809109194,-8,0.4999973943664984,8,0.999994787975603,0.43071919094658756,5.196615212897464e-16,0.0034763879798598366,1.0666413249286239e-10,True,True,True
image_shell,S2,2,2.66,14.296289098677603,1,0,-7.724476266915495e-15,6.84061202074872e-05,6.84061202074872e-05,0.9974999301548476,1,0.9325982931000513,1,0.9325982931000513,0.18172344789618608,8.001068871026339e-16,0.0034763879798598366,1.0666413249286239e-10,True,True,True
image_shell,S2,2,2.66,14.296289098677603,1,1,6.325835320188986e-15,-6.840612021028618e-05,6.840612021028618e-05,0.9974999301543072,1,0.9325982930997886,1,0.9325982930997886,0.1817234478937882,8.001068871026339e-16,0.0034763879798598366,1.0666413249286239e-10,True,True,True
image_shell,S2,2,2.66,14.296289098677603,1,2,-0.0025242781007658796,-1.3047732246660482e-13,0.0025242781007658796,0.9910952263712847,-3,0.9095653299187264,3,0.9095653299187264,0.22015413650640597,8.001068871026339e-16,0.0034763879798598366,1.0666413249286239e-10,True,True,True
image_shell,S2,2,2.66,14.296289098677603,1,3,0.002524278100744004,8.971619393270047e-14,0.002524278100744004,0.9910952263778817,-3,0.9095653298725893,3,0.9095653298725893,0.22015413658340496,8.001068871026339e-16,0.0034763879798598366,1.0666413249286239e-10,True,True,True
image_shell,S2,2,2.66,14.296289098677603,1,4,-0.002948251641694334,-1.7026489714146865e-14,0.002948251641694334,0.9912292954504041,5,0.9075192846944824,5,0.9075192846944824,0.22855562208396163,8.001068871026339e-16,0.0034763879798598366,1.0666413249286239e-10,True,True,True
image_shell,S2,2,2.66,14.296289098677603,1,5,0.002948251641748151,3.330824084712072e-14,0.002948251641748151,0.9912292954236979,5,0.9075192847248535,5,0.9075192847248535,0.2285556220335572,8.001068871026339e-16,0.0034763879798598366,1.0666413249286239e-10,True,True,True
image_shell,S2,2,2.66,14.296289098677603,1,6,4.760081218080359e-15,-0.03402327563002377,0.03402327563002377,0.9999642526722057,-7,0.9999786897395044,7,0.9999786897395044,0.00018388650706450754,8.001068871026339e-16,0.0034763879798598366,1.0666413249286239e-10,True,True,True
image_shell,S2,2,2.66,14.296289098677603,1,7,7.834011217511261e-15,0.03402327563003755,0.03402327563003755,0.9999642526722181,-7,0.999978689739493,7,0.999978689739493,0.00018388650715197235,8.001068871026339e-16,0.0034763879798598366,1.0666413249286239e-10,True,True,True
image_shell,S2,2,2.66,14.296289098677603,2,0,-1.8247208137021093e-14,-0.006245940251969421,0.006245940251969421,0.9996495779332308,2,0.4999501491821265,2,0.9999002983571669,0.5007345342221646,9.63371267178531e-16,0.0034763879798598366,1.0666413249286239e-10,True,True,True
image_shell,S2,2,2.66,14.296289098677603,2,1,-1.8250532983363485e-14,0.006245940251969426,0.006245940251969426,0.9996495779332308,-2,0.49995014918212727,2,0.9999002983571668,0.5007345342221646,9.63371267178531e-16,0.0034763879798598366,1.0666413249286239e-10,True,True,True
image_shell,S2,2,2.66,14.296289098677603,2,2,-2.2330211645980797e-14,0.004405538554221205,0.004405538554221205,0.9947040236175064,2,0.49998867188725615,2,0.9999773437697704,0.5001911326179352,9.63371267178531e-16,0.0034763879798598366,1.0666413249286239e-10,True,True,True
image_shell,S2,2,2.66,14.296289098677603,2,3,-2.2329731670549483e-14,-0.004405538554221208,0.004405538554221208,0.9947040236175062,-2,0.4999886718872557,2,0.9999773437697705,0.5001911326179352,9.63371267178531e-16,0.0034763879798598366,1.0666413249286239e-10,True,True,True
image_shell,S2,2,2.66,14.296289098677603,2,4,-2.042350311354334e-14,-0.019238303900785753,0.019238303900785753,0.9998074262937164,6,0.4998761394416732,6,0.9997522787945637,0.5016623964840989,9.63371267178531e-16,0.0034763879798598366,1.0666413249286239e-10,True,True,True
image_shell,S2,2,2.66,14.296289098677603,2,5,-2.0436777270482764e-14,0.01923830390078577,0.01923830390078577,0.9998074262937169,-6,0.4998761394422494,6,0.9997522787945639,0.5016623964840987,9.63371267178531e-16,0.0034763879798598366,1.0666413249286239e-10,True,True,True
image_shell,S2,2,2.66,14.296289098677603,2,6,7.70911112724093e-15,0.019315859731979836,0.019315859731979836,0.9999182405762346,-6,0.499987097800825,6,0.9999741952218772,0.5002152722156293,9.63371267178531e-16,0.0034763879798598366,1.0666413249286239e-10,True,True,True
image_shell,S2,2,2.66,14.296289098677603,2,7,7.723003778730577e-15,-0.019315859731979846,0.019315859731979846,0.9999182405762346,6,0.49998709780143635,6,0.9999741952218772,0.5002152722156292,9.63371267178531e-16,0.0034763879798598366,1.0666413249286239e-10,True,True,True
image_shell,S2,2,2.66,14.296289098677603,3,0,-7.724962834261635e-15,-6.840612020748651e-05,6.840612020748651e-05,0.9974999301548485,-1,0.9325982931000527,1,0.9325982931000527,0.18172344789618328,7.768658586858609e-16,0.0034763879798598366,1.0666413249286239e-10,True,True,True
image_shell,S2,2,2.66,14.296289098677603,3,1,6.325344040923446e-15,6.840612021028545e-05,6.840612021028545e-05,0.9974999301543074,-1,0.9325982930997899,1,0.9325982930997899,0.18172344789378556,7.768658586858609e-16,0.0034763879798598366,1.0666413249286239e-10,True,True,True
image_shell,S2,2,2.66,14.296289098677603,3,2,-0.002524278100765875,1.3047736490122412e-13,0.002524278100765875,0.9910952263712831,3,0.9095653299187272,3,0.9095653299187272,0.22015413650640445,7.768658586858609e-16,0.0034763879798598366,1.0666413249286239e-10,True,True,True
image_shell,S2,2,2.66,14.296289098677603,3,3,0.002524278100744001,-8.971641654921959e-14,0.002524278100744001,0.9910952263778815,3,0.9095653298725891,3,0.9095653298725891,0.22015413658340532,7.768658586858609e-16,0.0034763879798598366,1.0666413249286239e-10,True,True,True
image_shell,S2,2,2.66,14.296289098677603,3,4,-0.0029482516416943333,1.7026831719158093e-14,0.0029482516416943333,0.9912292954504061,-5,0.9075192846944748,5,0.9075192846944748,0.2285556220839743,7.768658586858609e-16,0.0034763879798598366,1.0666413249286239e-10,True,True,True
image_shell,S2,2,2.66,14.296289098677603,3,5,0.0029482516417481497,-3.330835683076447e-14,0.0029482516417481497,0.9912292954236979,-5,0.9075192847248506,5,0.9075192847248506,0.22855562203356214,7.768658586858609e-16,0.0034763879798598366,1.0666413249286239e-10,True,True,True
image_shell,S2,2,2.66,14.296289098677603,3,6,4.769622197198231e-15,0.03402327563002387,0.03402327563002387,0.9999642526722057,7,0.9999786897395044,7,0.9999786897395044,0.00018388650706448444,7.768658586858609e-16,0.0034763879798598366,1.0666413249286239e-10,True,True,True
image_shell,S2,2,2.66,14.296289098677603,3,7,7.834011217511261e-15,-0.034023275630037646,0.034023275630037646,0.9999642526722179,7,0.999978689739493,7,0.999978689739493,0.00018388650715194944,7.768658586858609e-16,0.0034763879798598366,1.0666413249286239e-10,True,True,True
image_shell,S2,2,2.71,15.029275514875401,0,0,2.346899969111542e-14,2.898811695608428e-11,2.898812645642294e-11,0.9998706263582513,0,0.9993797851832861,0,0.9993797851832861,0.003498418171086295,5.45681228269902e-16,0.002300485600889577,1.0029313478489117e-10,True,True,True
image_shell,S2,2,2.71,15.029275514875401,0,1,2.346899969111215e-14,-2.898811695608429e-11,2.8988126456422948e-11,0.9998706263582513,0,0.9993797851832861,0,0.9993797851832861,0.0034984181710862963,5.45681228269902e-16,0.002300485600889577,1.0029313478489117e-10,True,True,True
image_shell,S2,2,2.71,15.029275514875401,0,2,-0.008489047087321159,5.179904803461586e-22,0.008489047087321159,0.9999675402288355,-4,0.499998729295295,4,0.9999974585905019,0.430698722368619,5.45681228269902e-16,0.002300485600889577,1.0029313478489117e-10,True,True,True
image_shell,S2,2,2.71,15.029275514875401,0,3,0.008489047087360908,-5.179683454202351e-22,0.008489047087360908,0.9999675402288422,-4,0.4999987292952752,4,0.9999974585905007,0.43069872236862966,5.45681228269902e-16,0.002300485600889577,1.0029313478489117e-10,True,True,True
image_shell,S2,2,2.71,15.029275514875401,0,4,-0.008651397538768672,2.3960945996905786e-22,0.008651397538768672,0.9999977076697061,4,0.49999830507750986,4,0.9999966101549216,0.43070519167899335,5.45681228269902e-16,0.002300485600889577,1.0029313478489117e-10,True,True,True
image_shell,S2,2,2.71,15.029275514875401,0,5,0.008651397538764866,-2.3958468124673083e-22,0.008651397538764866,0.9999977076697063,4,0.49999830507748566,4,0.9999966101549211,0.430705191678996,5.45681228269902e-16,0.002300485600889577,1.0029313478489117e-10,True,True,True
image_shell,S2,2,2.71,15.029275514875401,0,6,-3.663309111851551e-15,-0.04861807221493449,0.04861807221493449,0.9999912334286758,-8,0.4999982807666814,8,0.9999965570868528,0.43070560670859814,5.45681228269902e-16,0.002300485600889577,1.0029313478489117e-10,True,True,True
image_shell,S2,2,2.71,15.029275514875401,0,7,-3.665470704738993e-15,0.0486180722149345,0.0486180722149345,0.999991233428676,8,0.4999982807649222,8,0.9999965570868528,0.4307056067085982,5.45681228269902e-16,0.002300485600889577,1.0029313478489117e-10,True,True,True
image_shell,S2,2,2.71,15.029275514875401,0,8,2.0747292772682613e-15,0.048621062135001995,0.048621062135001995,0.9999919974139663,-8,0.4999988034057002,8,0.9999976051798074,0.4306973040580688,5.45681228269902e-16,0.002300485600889577,1.0029313478489117e-10,True,True,True
image_shell,S2,2,2.71,15.029275514875401,0,9,2.0665841116059183e-15,-0.048621062135002016,0.048621062135002016,0.9999919974139672,8,0.4999988034141354,8,0.9999976051798074,0.43069730405806883,5.45681228269902e-16,0.002300485600889577,1.0029313478489117e-10,True,True,True
image_shell,S2,2,2.71,15.029275514875401,1,0,3.769169060213422e-15,6.587914640132331e-05,6.587914640132331e-05,0.9596400769647115,1,0.8008145363893092,1,0.8008145363893092,0.3730508780194523,8.050531488391442e-16,0.002300485600889577,1.0029313478489117e-10,True,True,True
image_shell,S2,2,2.71,15.029275514875401,1,1,-4.583512563271566e-15,-6.587914640508888e-05,6.587914640508888e-05,0.9596400769551396,1,0.8008145363687786,1,0.8008145363687786,0.3730508780041371,8.050531488391442e-16,0.002300485600889577,1.0029313478489117e-10,True,True,True
image_shell,S2,2,2.71,15.029275514875401,1,2,-0.0015147171932651245,-2.655525092444622e-13,0.0015147171932651245,0.9850739456552929,-3,0.9610353144027064,3,0.9610353144027064,0.1198470404674542,8.050531488391442e-16,0.002300485600889577,1.0029313478489117e-10,True,True,True
image_shell,S2,2,2.71,15.029275514875401,1,3,0.0015147171932587565,2.511845972071963e-13,0.0015147171932587565,0.9850739456341943,-3,0.9610353144101043,3,0.9610353144101043,0.11984704045031315,8.050531488391442e-16,0.002300485600889577,1.0029313478489117e-10,True,True,True
image_shell,S2,2,2.71,15.029275514875401,1,4,-0.0018812309774487062,-5.945661741905842e-14,0.0018812309774487062,0.9864902153578492,5,0.9568650481772568,5,0.9568650481772568,0.1338229460622509,8.050531488391442e-16,0.002300485600889577,1.0029313478489117e-10,True,True,True
image_shell,S2,2,2.71,15.029275514875401,1,5,0.00188123097746163,4.1594394412352205e-14,0.00188123097746163,0.9864902154148536,5,0.9568650480871984,5,0.9568650480871984,0.1338229462660953,8.050531488391442e-16,0.002300485600889577,1.0029313478489117e-10,True,True,True
image_shell,S2,2,2.71,15.029275514875401,1,6,-5.847752837517817e-15,-0.03410763368317282,0.03410763368317282,0.9999818712689633,-7,0.9999909295250073,7,0.9999909295250073,8.343631121418911e-05,8.050531488391442e-16,0.002300485600889577,1.0029313478489117e-10,True,True,True
image_shell,S2,2,2.71,15.029275514875401,1,7,5.488665077990618e-15,0.03410763368318149,0.03410763368318149,0.99998187126896,-7,0.9999909295250051,7,0.9999909295250051,8.343631123297156e-05,8.050531488391442e-16,0.002300485600889577,1.0029313478489117e-10,True,True,True
image_shell,S2,2,2.71,15.029275514875401,2,0,1.1572737052922044e-15,-0.006365997037464182,0.006365997037464182,0.999784813936749,2,0.49997796056680266,2,0.9999559211116162,0.5003506963937973,9.117714406166297e-16,0.002300485600889577,1.0029313478489117e-10,True,True,True
image_shell,S2,2,2.71,15.029275514875401,2,1,1.1560391958027905e-15,0.006365997037464186,0.006365997037464186,0.9997848139367488,-2,0.49997796056680593,2,0.9999559211116164,0.5003506963937973,9.117714406166297e-16,0.002300485600889577,1.0029313478489117e-10,True,True,True
image_shell,S2,2,2.71,15.029275514875401,2,2,6.786785473974821e-15,0.005140784220409577,0.005140784220409577,0.9984855249752521,2,0.4999945837808266,2,0.999989167556049,0.500097150605289,9.117714406166297e-16,0.002300485600889577,1.0029313478489117e-10,True,True,True
image_shell,S2,2,2.71,15.029275514875401,2,3,6.785252849353348e-15,-0.0051407842204095775,0.0051407842204095775,0.9984855249752517,-2,0.49999458378082107,2,0.999989167556049,0.500097150605289,9.117714406166297e-16,0.002300485600889577,1.0029313478489117e-10,True,True,True
image_shell,S2,2,2.71,15.029275514875401,2,4,7.708243765502942e-15,-0.019396936742899648,0.019396936742899648,0.9999132734109761,-6,0.4999488717788059,6,0.9998977424350908,0.5007514972907566,9.117714406166297e-16,0.002300485600889577,1.0029313478489117e-10,True,True,True
image_shell,S2,2,2.71,15.029275514875401,2,5,7.710500353073597e-15,0.019396936742899634,0.019396936742899634,0.9999132734109759,6,0.49994887177910174,6,0.9998977424350909,0.5007514972907566,9.117714406166297e-16,0.002300485600889577,1.0029313478489117e-10,True,True,True
image_shell,S2,2,2.71,15.029275514875401,2,6,1.3378189900845752e-14,0.019436017716519035,0.019436017716519035,0.9999546691318475,6,0.4999936534803949,6,0.999987306950554,0.5001123860853572,9.117714406166297e-16,0.002300485600889577,1.0029313478489117e-10,True,True,True
image_shell,S2,2,2.71,15.029275514875401,2,7,1.3378187446733136e-14,-0.01943601771651905,0.01943601771651905,0.9999546691318475,-6,0.49999365348072533,6,0.9999873069505539,0.5001123860853572,9.117714406166297e-16,0.002300485600889577,1.0029313478489117e-10,True,True,True
image_shell,S2,2,2.71,15.029275514875401,3,0,3.769904183425807e-15,-6.587914640133345e-05,6.587914640133345e-05,0.9596400769647083,-1,0.8008145363893084,1,0.8008145363893084,0.3730508780194564,7.786057957785152e-16,0.002300485600889577,1.0029313478489117e-10,True,True,True
image_shell,S2,2,2.71,15.029275514875401,3,1,-4.582725667929743e-15,6.587914640509906e-05,6.587914640509906e-05,0.9596400769551369,-1,0.8008145363687781,1,0.8008145363687781,0.373050878004141,7.786057957785152e-16,0.002300485600889577,1.0029313478489117e-10,True,True,True
image_shell,S2,2,2.71,15.029275514875401,3,2,-0.0015147171932651247,2.6555249554503286e-13,0.0015147171932651247,0.9850739456552929,3,0.9610353144027067,3,0.9610353144027067,0.11984704046745323,7.786057957785152e-16,0.002300485600889577,1.0029313478489117e-10,True,True,True
image_shell,S2,2,2.71,15.029275514875401,3,3,0.0015147171932587554,-2.511842939980487e-13,0.0015147171932587554,0.9850739456341936,3,0.9610353144101056,3,0.9610353144101056,0.11984704045031008,7.786057957785152e-16,0.002300485600889577,1.0029313478489117e-10,True,True,True
image_shell,S2,2,2.71,15.029275514875401,3,4,-0.0018812309774487086,5.945672479681178e-14,0.0018812309774487086,0.9864902153578468,-5,0.9568650481772571,5,0.9568650481772571,0.13382294606224993,7.786057957785152e-16,0.002300485600889577,1.0029313478489117e-10,True,True,True
image_shell,S2,2,2.71,15.029275514875401,3,5,0.0018812309774616355,-4.159433217169685e-14,0.0018812309774616355,0.9864902154148516,-5,0.9568650480871995,5,0.9568650480871995,0.1338229462660928,7.786057957785152e-16,0.002300485600889577,1.0029313478489117e-10,True,True,True
image_shell,S2,2,2.71,15.029275514875401,3,6,-5.857293816635689e-15,0.034107633683172864,0.034107633683172864,0.9999818712689627,7,0.9999909295250073,7,0.9999909295250073,8.343631121417927e-05,7.786057957785152e-16,0.002300485600889577,1.0029313478489117e-10,True,True,True
image_shell,S2,2,2.71,15.029275514875401,3,7,5.478256737134757e-15,-0.03410763368318151,0.03410763368318151,0.99998187126896,7,0.9999909295250052,7,0.9999909295250052,8.343631123288184e-05,7.786057957785152e-16,0.002300485600889577,1.0029313478489117e-10,True,True,True
image_shell,S2,2,2.76,15.799842948260395,0,0,-3.1252153693749486e-16,2.9017650245620514e-11,2.9017650247303452e-11,0.999938061680808,0,0.9997097753581249,0,0.9997097753581249,0.001774029262928849,5.371655983341939e-16,0.001531642260258253,1.0926523223737799e-10,True,True,True
image_shell,S2,2,2.76,15.799842948260395,0,1,-3.1252153661601496e-16,-2.9017650245620514e-11,2.9017650247303452e-11,0.9999380616808085,0,0.9997097753581249,0,0.9997097753581249,0.0017740292629288485,5.371655983341939e-16,0.001531642260258253,1.0926523223737799e-10,True,True,True
image_shell,S2,2,2.76,15.799842948260395,0,2,-0.008320316447412152,-2.2004056983809166e-23,0.008320316447412152,0.9999838528747602,-4,0.49999942115031404,4,0.9999988423005115,0.4306872194427749,5.371655983341939e-16,0.001531642260258253,1.0926523223737799e-10,True,True,True
image_shell,S2,2,2.76,15.799842948260395,0,3,0.008320316447410856,2.2019953228379907e-23,0.008320316447410856,0.9999838528747451,-4,0.4999994211504254,4,0.9999988423005134,0.4306872194427584,5.371655983341939e-16,0.001531642260258253,1.0926523223737799e-10,True,True,True
image_shell,S2,2,2.76,15.799842948260395,0,4,-0.008423184899220124,6.28040498983667e-23,0.008423184899220124,0.9999994817028709,4,0.4999992843744347,4,0.999998568748846,0.43068941445122405,5.371655983341939e-16,0.001531642260258253,1.0926523223737799e-10,True,True,True
image_shell,S2,2,2.76,15.799842948260395,0,5,0.008423184899228274,-6.27867237193051e-23,0.008423184899228274,0.9999994817028705,4,0.49999928437459423,4,0.9999985687488462,0.43068941445122144,5.371655983341939e-16,0.001531642260258253,1.0926523223737799e-10,True,True,True
image_shell,S2,2,2.76,15.799842948260395,0,6,7.740336149808513e-15,-0.04866278767348167,0.04866278767348167,0.9999953828985125,8,0.49999927959675744,8,0.9999985434345564,0.43068962597279004,5.371655983341939e-16,0.001531642260258253,1.0926523223737799e-10,True,True,True
image_shell,S2,2,2.76,15.799842948260395,0,7,7.744002099573243e-15,0.04866278767348165,0.04866278767348165,0.9999953828985121,-8,0.49999927961672286,8,0.9999985434345564,0.43068962597279004,5.371655983341939e-16,0.001531642260258253,1.0926523223737799e-10,True,True,True
image_shell,S2,2,2.76,15.799842948260395,0,8,6.828582289435133e-15,0.04866404422269692,0.04866404422269692,0.9999956296430874,-8,0.49999944978003974,8,0.9999988983552379,0.43068663294286597,5.371655983341939e-16,0.001531642260258253,1.0926523223737799e-10,True,True,True
image_shell,S2,2,2.76,15.799842948260395,0,9,6.807054919732991e-15,-0.04866404422269689,0.04866404422269689,0.9999956296430874,8,0.4999994497949094,8,0.999998898355238,0.43068663294286597,5.371655983341939e-16,0.001531642260258253,1.0926523223737799e-10,True,True,True
image_shell,S2,2,2.76,15.799842948260395,1,0,1.1953925262847553e-13,0.0008610010379839652,0.0008610010379839652,0.19819976517086846,-3,0.9712985198665296,3,0.9712985198665296,0.09475496869675008,7.608806961647619e-16,0.001531642260258253,1.0926523223737799e-10,True,True,True
image_shell,S2,2,2.76,15.799842948260395,1,1,-1.7131364686215345e-13,-0.0008610010379873738,0.0008610010379873738,0.19819976518181862,-3,0.9712985198906006,3,0.9712985198906006,0.09475496863561021,7.608806961647619e-16,0.001531642260258253,1.0926523223737799e-10,True,True,True
image_shell,S2,2,2.76,15.799842948260395,1,2,-0.00010226218743935012,-1.1111036007428351e-13,0.00010226218743935012,0.465969478508804,1,0.33699155534527137,1,0.33699155534527137,0.7924648355875236,7.608806961647619e-16,0.001531642260258253,1.0926523223737799e-10,True,True,True
image_shell,S2,2,2.76,15.799842948260395,1,3,0.00010226218740264308,8.062035407780759e-14,0.00010226218740264308,0.4659694783932211,1,0.33699155558298144,1,0.33699155558298144,0.7924648355847579,7.608806961647619e-16,0.001531642260258253,1.0926523223737799e-10,True,True,True
image_shell,S2,2,2.76,15.799842948260395,1,4,6.3839775187064e-15,-0.00035963480445013607,0.00035963480445013607,0.8798578641053296,5,0.9287423743275695,5,0.9287423743275695,0.21534014151792075,7.608806961647619e-16,0.001531642260258253,1.0926523223737799e-10,True,True,True
image_shell,S2,2,2.76,15.799842948260395,1,5,4.624416372689556e-14,0.0003596348044990756,0.0003596348044990756,0.8798578640382643,5,0.9287423742148386,5,0.9287423742148386,0.21534014174368116,7.608806961647619e-16,0.001531642260258253,1.0926523223737799e-10,True,True,True
image_shell,S2,2,2.76,15.799842948260395,1,6,-6.217248937900877e-15,-0.0341670618163735,0.0341670618163735,0.9999904519028421,-7,0.9999960526891484,7,0.9999960526891484,3.854598019933248e-05,7.608806961647619e-16,0.001531642260258253,1.0926523223737799e-10,True,True,True
image_shell,S2,2,2.76,15.799842948260395,1,7,9.169748294013402e-15,0.03416706181637155,0.03416706181637155,0.9999904519028405,-7,0.9999960526891487,7,0.9999960526891487,3.854598019669926e-05,7.608806961647619e-16,0.001531642260258253,1.0926523223737799e-10,True,True,True
image_shell,S2,2,2.76,15.799842948260395,2,0,9.962827522122383e-15,-0.006458559342933537,0.006458559342933537,0.9998674627311066,2,0.49999021308481917,2,0.9999804261681312,0.5001671937525314,8.880345486171231e-16,0.001531642260258253,1.0926523223737799e-10,True,True,True
image_shell,S2,2,2.76,15.799842948260395,2,1,9.962899057538454e-15,0.006458559342933543,0.006458559342933543,0.999867462731107,-2,0.49999021308481817,2,0.9999804261681312,0.5001671937525314,8.880345486171231e-16,0.001531642260258253,1.0926523223737799e-10,True,True,True
image_shell,S2,2,2.76,15.799842948260395,2,2,1.2741768174108141e-14,0.005615498365976696,0.005615498365976696,0.9994271601870716,2,0.49999740262013226,2,0.9999948052030037,0.5000493432792444,8.880345486171231e-16,0.001531642260258253,1.0926523223737799e-10,True,True,True
image_shell,S2,2,2.76,15.799842948260395,2,3,1.2743212142429722e-14,-0.005615498365976695,0.005615498365976695,0.9994271601870713,-2,0.49999740262013054,2,0.9999948052030037,0.5000493432792444,8.880345486171231e-16,0.001531642260258253,1.0926523223737799e-10,True,True,True
image_shell,S2,2,2.76,15.799842948260395,2,4,-1.0379985075390987e-14,-0.019505160754264644,0.019505160754264644,0.9999586781738977,-6,0.49997849035595043,6,0.9999569797472493,0.5003430281905805,8.880345486171231e-16,0.001531642260258253,1.0926523223737799e-10,True,True,True
image_shell,S2,2,2.76,15.799842948260395,2,5,-1.0370176939389353e-14,0.019505160754264665,0.019505160754264665,0.9999586781738977,6,0.49997849035451813,6,0.9999569797472494,0.5003430281905804,8.880345486171231e-16,0.001531642260258253,1.0926523223737799e-10,True,True,True
image_shell,S2,2,2.76,15.799842948260395,2,6,-6.2450045135165055e-15,0.019524979744490353,0.019524979744490353,0.9999746304359929,-6,0.4999968736641258,6,0.9999937463593473,0.5000585639775982,8.880345486171231e-16,0.001531642260258253,1.0926523223737799e-10,True,True,True
image_shell,S2,2,2.76,15.799842948260395,2,7,-6.258882498896444e-15,-0.019524979744490332,0.019524979744490332,0.9999746304359929,6,0.4999968736655264,6,0.9999937463593471,0.5000585639775982,8.880345486171231e-16,0.001531642260258253,1.0926523223737799e-10,True,True,True
image_shell,S2,2,2.76,15.799842948260395,3,0,1.1953957788912728e-13,-0.0008610010379839663,0.0008610010379839663,0.1981997651708697,3,0.97129851986653,3,0.97129851986653,0.09475496869674922,7.554016132127605e-16,0.001531642260258253,1.0926523223737799e-10,True,True,True
image_shell,S2,2,2.76,15.799842948260395,3,1,-1.713128879206327e-13,0.0008610010379873735,0.0008610010379873735,0.19819976518181984,3,0.971298519890601,3,0.971298519890601,0.09475496863560923,7.554016132127605e-16,0.001531642260258253,1.0926523223737799e-10,True,True,True
image_shell,S2,2,2.76,15.799842948260395,3,2,-0.00010226218743934815,1.1111033891296912e-13,0.00010226218743934815,0.4659694785088066,-1,0.33699155534527425,1,0.33699155534527425,0.7924648355875236,7.554016132127605e-16,0.001531642260258253,1.0926523223737799e-10,True,True,True
image_shell,S2,2,2.76,15.799842948260395,3,3,0.00010226218740264255,-8.062032751136887e-14,0.00010226218740264255,0.4659694783932217,-1,0.3369915555829849,1,0.3369915555829849,0.7924648355847579,7.554016132127605e-16,0.001531642260258253,1.0926523223737799e-10,True,True,True
image_shell,S2,2,2.76,15.799842948260395,3,4,6.383261693193592e-15,0.00035963480445013596,0.00035963480445013596,0.8798578641053296,-5,0.9287423743275686,5,0.9287423743275686,0.21534014151792266,7.554016132127605e-16,0.001531642260258253,1.0926523223737799e-10,True,True,True
image_shell,S2,2,2.76,15.799842948260395,3,5,4.6243474443314e-14,-0.000359634804499076,0.000359634804499076,0.8798578640382653,-5,0.9287423742148377,5,0.9287423742148377,0.21534014174368304,7.554016132127605e-16,0.001531642260258253,1.0926523223737799e-10,True,True,True
image_shell,S2,2,2.76,15.799842948260395,3,6,-6.251943407420413e-15,0.034167061816373454,0.034167061816373454,0.9999904519028427,7,0.9999960526891485,7,0.9999960526891485,3.8545980199252404e-05,7.554016132127605e-16,0.001531642260258253,1.0926523223737799e-10,True,True,True
image_shell,S2,2,2.76,15.799842948260395,3,7,9.131584377541913e-15,-0.03416706181637152,0.03416706181637152,0.999990451902841,7,0.9999960526891488,7,0.9999960526891488,3.854598019661874e-05,7.554016132127605e-16,0.001531642260258253,1.0926523223737799e-10,True,True,True
image_shell,S2,2,2.81,16.6099182187867,0,0,-5.3771792599863855e-15,2.913153079418523e-11,2.9131531290452606e-11,0.9999707117796932,0,0.999864692573586,0,0.999864692573586,0.000891242939065447,5.456729829094877e-16,0.0010253965436936143,1.4125685537063413e-10,True,True,True
image_shell,S2,2,2.81,16.6099182187867,0,1,-5.3771792593995235e-15,-2.91315307941856e-11,2.913153129045297e-11,0.999970711779693,0,0.9998646925735861,0,0.9998646925735861,0.0008912429390653786,5.456729829094877e-16,0.0010253965436936143,1.4125685537063413e-10,True,True,True
image_shell,S2,2,2.81,16.6099182187867,0,2,-0.008189935325254114,4.230885100087373e-23,0.008189935325254114,0.9999918485609856,-4,0.49999973498648115,4,0.9999994699727914,0.43068169617259533,5.456729829094877e-16,0.0010253965436936143,1.4125685537063413e-10,True,True,True
image_shell,S2,2,2.81,16.6099182187867,0,3,0.008189935325284555,-4.249622154572803e-23,0.008189935325284555,0.9999918485609951,4,0.4999997349864122,4,0.9999994699727917,0.43068169617259366,5.456729829094877e-16,0.0010253965436936143,1.4125685537063413e-10,True,True,True
image_shell,S2,2,2.81,16.6099182187867,0,4,-0.008255206768261494,1.2001605747552498e-22,0.008255206768261494,0.999999819631956,4,0.49999969123656113,4,0.9999993824729481,0.4306824276048254,5.456729829094877e-16,0.0010253965436936143,1.4125685537063413e-10,True,True,True
image_shell,S2,2,2.81,16.6099182187867,0,5,0.008255206768252168,-1.2025394301231287e-22,0.008255206768252168,0.9999998196319558,4,0.4999996912364939,4,0.9999993824729481,0.4306824276048263,5.456729829094877e-16,0.0010253965436936143,1.4125685537063413e-10,True,True,True
image_shell,S2,2,2.81,16.6099182187867,0,6,3.8614944575243726e-15,-0.048694469702075374,0.048694469702075374,0.9999974913359092,8,0.4999997064112798,8,0.999999370557302,0.43068253338723816,5.456729829094877e-16,0.0010253965436936143,1.4125685537063413e-10,True,True,True
image_shell,S2,2,2.81,16.6099182187867,0,7,3.858277770160071e-15,0.0486944697020754,0.0486944697020754,0.9999974913359094,-8,0.49999970637066093,8,0.999999370557302,0.43068253338723816,5.456729829094877e-16,0.0010253965436936143,1.4125685537063413e-10,True,True,True
image_shell,S2,2,2.81,16.6099182187867,0,8,8.180955912706622e-15,0.04869499898182083,0.04869499898182083,0.9999975721999125,-8,0.4999997556648549,8,0.9999994919670248,0.43068144850122075,5.456729829094877e-16,0.0010253965436936143,1.4125685537063413e-10,True,True,True
image_shell,S2,2,2.81,16.6099182187867,0,9,8.18789480661053e-15,-0.048694998981820795,0.048694998981820795,0.999997572199912,8,0.4999997556587701,8,0.9999994919670248,0.4306814485012208,5.456729829094877e-16,0.0010253965436936143,1.4125685537063413e-10,True,True,True
image_shell,S2,2,2.81,16.6099182187867,1,0,1.6655064204669368e-13,0.001728834137781423,0.001728834137781423,0.9228310468729324,-3,0.8139621595795172,3,0.8139621595795172,0.34698259967792777,7.576668961123651e-16,0.0010253965436936143,1.4125685537063413e-10,True,True,True
image_shell,S2,2,2.81,16.6099182187867,1,1,-1.5781046648907166e-13,-0.001728834137814221,0.001728834137814221,0.9228310469278987,-3,0.8139621597176493,3,0.8139621597176493,0.34698259953047456,7.576668961123651e-16,0.0010253965436936143,1.4125685537063413e-10,True,True,True
image_shell,S2,2,2.81,16.6099182187867,1,2,-2.1111545304286004e-05,-1.342615707497095e-14,2.1111545304286004e-05,0.4605943216907095,1,0.9712950137164121,1,0.9712950137164121,0.09520049243509619,7.576668961123651e-16,0.0010253965436936143,1.4125685537063413e-10,True,True,True
image_shell,S2,2,2.81,16.6099182187867,1,3,2.111154530209198e-05,1.3887849168758688e-14,2.111154530209198e-05,0.4605943219484758,1,0.9712950137158354,1,0.9712950137158354,0.09520049243614442,7.576668961123651e-16,0.0010253965436936143,1.4125685537063413e-10,True,True,True
image_shell,S2,2,2.81,16.6099182187867,1,4,7.306872121248809e-15,-0.0016707166193735276,0.0016707166193735276,0.9406228835685917,5,0.8223809218058522,5,0.8223809218058522,0.33928792243264705,7.576668961123651e-16,0.0010253965436936143,1.4125685537063413e-10,True,True,True
image_shell,S2,2,2.81,16.6099182187867,1,5,-2.657443489242186e-14,0.0016707166194019694,0.0016707166194019694,0.9406228834374185,5,0.8223809213122902,5,0.8223809213122902,0.3392879229778388,7.576668961123651e-16,0.0010253965436936143,1.4125685537063413e-10,True,True,True
image_shell,S2,2,2.81,16.6099182187867,1,6,-3.95516952522712e-16,-0.03420976148607898,0.03420976148607898,0.9999948203036195,-7,0.9999982518983581,7,0.9999982518983581,1.8056426062674817e-05,7.576668961123651e-16,0.0010253965436936143,1.4125685537063413e-10,True,True,True
image_shell,S2,2,2.81,16.6099182187867,1,7,-2.192690473634684e-15,0.03420976148606478,0.03420976148606478,0.9999948203036193,-7,0.9999982518983577,7,0.9999982518983577,1.805642606779227e-05,7.576668961123651e-16,0.0010253965436936143,1.4125685537063413e-10,True,True,True
image_shell,S2,2,2.81,16.6099182187867,2,0,-4.838533159885416e-15,-0.006530701321781144,0.006530701321781144,0.9999182146124297,2,0.49999563477581765,2,0.999991269524118,0.5000796577219776,9.193913600469103e-16,0.0010253965436936143,1.4125685537063413e-10,True,True,True
image_shell,S2,2,2.81,16.6099182187867,2,1,-4.8390864944020964e-15,0.006530701321781145,0.006530701321781145,0.9999182146124299,-2,0.4999956347758106,2,0.999991269524118,0.5000796577219776,9.193913600469103e-16,0.0010253965436936143,1.4125685537063413e-10,True,True,True
image_shell,S2,2,2.81,16.6099182187867,2,2,-1.3695952848934956e-15,0.005938803733572102,0.005938803733572102,0.9997532933301516,2,0.4999987497810492,2,0.9999974995568056,0.5000250695409554,9.193913600469103e-16,0.0010253965436936143,1.4125685537063413e-10,True,True,True
image_shell,S2,2,2.81,16.6099182187867,2,3,-1.3691879978062455e-15,-0.005938803733572101,0.005938803733572101,0.9997532933301518,-2,0.49999874978105197,2,0.9999974995568055,0.5000250695409554,9.193913600469103e-16,0.0010253965436936143,1.4125685537063413e-10,True,True,True
image_shell,S2,2,2.81,16.6099182187867,2,4,1.1260090082565455e-14,-0.01958115185407746,0.01958115185407746,0.9999793647873071,-6,0.49999081092493497,6,0.9999816202514502,0.5001578287868127,9.193913600469103e-16,0.0010253965436936143,1.4125685537063413e-10,True,True,True
image_shell,S2,2,2.81,16.6099182187867,2,5,1.1268126536677574e-14,0.01958115185407745,0.01958115185407745,0.9999793647873071,6,0.4999908109228691,6,0.9999816202514502,0.5001578287868127,9.193913600469103e-16,0.0010253965436936143,1.4125685537063413e-10,True,True,True
image_shell,S2,2,2.81,16.6099182187867,2,6,7.0776718083458535e-15,0.019591252161896465,0.019591252161896465,0.9999856545915803,-6,0.49999845582737124,6,0.9999969113999412,0.5000304957688079,9.193913600469103e-16,0.0010253965436936143,1.4125685537063413e-10,True,True,True
image_shell,S2,2,2.81,16.6099182187867,2,7,7.074202335033419e-15,-0.019591252161896458,0.019591252161896458,0.9999856545915803,6,0.49999845583002334,6,0.9999969113999412,0.5000304957688079,9.193913600469103e-16,0.0010253965436936143,1.4125685537063413e-10,True,True,True
image_shell,S2,2,2.81,16.6099182187867,3,0,1.6655046399904213e-13,-0.001728834137781426,0.001728834137781426,0.922831046872945,3,0.8139621595795359,3,0.8139621595795359,0.3469825996779079,7.822713776633633e-16,0.0010253965436936143,1.4125685537063413e-10,True,True,True
image_shell,S2,2,2.81,16.6099182187867,3,1,-1.578113562163628e-13,0.0017288341378142208,0.0017288341378142208,0.9228310469279069,3,0.813962159717662,3,0.813962159717662,0.34698259953046107,7.822713776633633e-16,0.0010253965436936143,1.4125685537063413e-10,True,True,True
image_shell,S2,2,2.81,16.6099182187867,3,2,-2.1111545304286448e-05,1.3426139095173681e-14,2.1111545304286448e-05,0.46059432169071407,-1,0.971295013716412,1,0.971295013716412,0.09520049243509636,7.822713776633633e-16,0.0010253965436936143,1.4125685537063413e-10,True,True,True
image_shell,S2,2,2.81,16.6099182187867,3,3,2.1111545302091806e-05,-1.3887884296586457e-14,2.1111545302091806e-05,0.4605943219484811,-1,0.9712950137158354,1,0.9712950137158354,0.09520049243614463,7.822713776633633e-16,0.0010253965436936143,1.4125685537063413e-10,True,True,True
image_shell,S2,2,2.81,16.6099182187867,3,4,7.307415327935817e-15,0.001670716619373525,0.001670716619373525,0.9406228835685859,-5,0.8223809218058388,5,0.8223809218058388,0.33928792243266176,7.822713776633633e-16,0.0010253965436936143,1.4125685537063413e-10,True,True,True
image_shell,S2,2,2.81,16.6099182187867,3,5,-2.657433023060153e-14,-0.0016707166194019683,0.0016707166194019683,0.9406228834374153,-5,0.8223809213122825,5,0.8223809213122825,0.3392879229778472,7.822713776633633e-16,0.0010253965436936143,1.4125685537063413e-10,True,True,True
image_shell,S2,2,2.81,16.6099182187867,3,6,-4.137315490204685e-16,0.03420976148607898,0.03420976148607898,0.9999948203036195,7,0.9999982518983582,7,0.9999982518983582,1.805642606259887e-05,7.822713776633633e-16,0.0010253965436936143,1.4125685537063413e-10,True,True,True
image_shell,S2,2,2.81,16.6099182187867,3,7,-2.192690473634684e-15,-0.03420976148606471,0.03420976148606471,0.9999948203036193,7,0.9999982518983577,7,0.9999982518983577,1.805642606780357e-05,7.822713776633633e-16,0.0010253965436936143,1.4125685537063413e-10,True,True,True
image_shell,S2,2,2.86,17.46152693657999,0,0,3.2802860147185276e-15,2.887004992475344e-11,2.8870050111110518e-11,0.9999859096779419,0,0.9999369639046651,0,0.9999369639046651,0.00044512457970196783,5.40472776746136e-16,0.000689906936244427,1.6836864880476157e-10,True,True,True
image_shell,S2,2,2.86,17.46152693657999,0,1,3.28028601419198e-15,-2.8870049924753628e-11,2.8870050111110706e-11,0.9999859096779414,0,0.9999369639046651,0,0.9999369639046651,0.0004451245797019679,5.40472776746136e-16,0.000689906936244427,1.6836864880476157e-10,True,True,True
image_shell,S2,2,2.86,17.46152693657999,0,2,-0.008088974343819184,-2.6464179001145183e-22,0.008088974343819184,0.9999958125153198,4,0.49999987803728896,4,0.9999997560744993,0.43067904022855225,5.40472776746136e-16,0.000689906936244427,1.6836864880476157e-10,True,True,True
image_shell,S2,2,2.86,17.46152693657999,0,3,0.008088974343829703,2.6470454612939916e-22,0.008088974343829703,0.99999581251532,4,0.4999998780373195,4,0.999999756074499,0.43067904022855413,5.40472776746136e-16,0.000689906936244427,1.6836864880476157e-10,True,True,True
image_shell,S2,2,2.86,17.46152693657999,0,4,-0.008130433447850824,-2.3188324257696182e-22,0.008130433447850824,0.9999998337465659,-4,0.49999986430754517,4,0.9999997286150042,0.4306792761975747,5.40472776746136e-16,0.000689906936244427,1.6836864880476157e-10,True,True,True
image_shell,S2,2,2.86,17.46152693657999,0,5,0.008130433447856663,2.319701403043952e-22,0.008130433447856663,0.9999998337465663,-4,0.4999998643075667,4,0.999999728615004,0.430679276197577,5.40472776746136e-16,0.000689906936244427,1.6836864880476157e-10,True,True,True
image_shell,S2,2,2.86,17.46152693657999,0,6,3.875465635495088e-15,-0.04871736742911752,0.04871736742911752,0.9999986034529393,-8,0.49999988409190277,8,0.9999997230464446,0.43067932847567597,5.40472776746136e-16,0.000689906936244427,1.6836864880476157e-10,True,True,True
image_shell,S2,2,2.86,17.46152693657999,0,7,3.878841692284141e-15,0.048717367429117496,0.048717367429117496,0.9999986034529385,8,0.49999988418440455,8,0.9999997230464446,0.43067932847567597,5.40472776746136e-16,0.000689906936244427,1.6836864880476157e-10,True,True,True
image_shell,S2,2,2.86,17.46152693657999,0,8,-1.1678158440275865e-14,0.04871759079737389,0.04871759079737389,0.999998630281819,-8,0.49999988454143085,8,0.9999997649350238,0.43067893341515806,5.40472776746136e-16,0.000689906936244427,1.6836864880476157e-10,True,True,True
image_shell,S2,2,2.86,17.46152693657999,0,9,-1.169203622808368e-14,-0.048717590797373894,0.048717590797373894,0.9999986302818186,8,0.4999998844677557,8,0.9999997649350237,0.43067893341515817,5.40472776746136e-16,0.000689906936244427,1.6836864880476157e-10,True,True,True
image_shell,S2,2,2.86,17.46152693657999,1,0,1.9485227184586323e-05,0.002172773418820656,0.0021728607879042865,0.6567555084343609,5,0.5066985483652278,5,0.5066985483652278,0.5003858775270466,8.231742608938789e-16,0.000689906936244427,1.6836864880476157e-10,True,True,True
image_shell,S2,2,2.86,17.46152693657999,1,1,-1.9485227181759886e-05,-0.00217277341880084,0.002172860787884446,0.6567555074609519,5,0.5066985493100912,5,0.5066985493100912,0.5003858775096485,8.231742608938789e-16,0.000689906936244427,1.6836864880476157e-10,True,True,True
image_shell,S2,2,2.86,17.46152693657999,1,2,-9.92942238255365e-06,-7.991230985514936e-15,9.92942238255365e-06,0.990159471034957,1,0.994531911655888,1,0.994531911655888,0.024580108328160606,8.231742608938789e-16,0.000689906936244427,1.6836864880476157e-10,True,True,True
image_shell,S2,2,2.86,17.46152693657999,1,3,9.929422381875746e-06,4.179071742400329e-15,9.929422381875746e-06,0.990159471036304,1,0.994531911655083,1,0.994531911655083,0.024580108333025093,8.231742608938789e-16,0.000689906936244427,1.6836864880476157e-10,True,True,True
image_shell,S2,2,2.86,17.46152693657999,1,4,1.9485226996200517e-05,-0.002172773418732099,0.002172860787814044,0.6622574553311955,5,0.5066985537692477,5,0.5066985537692477,0.5003858774265495,8.231742608938789e-16,0.000689906936244427,1.6836864880476157e-10,True,True,True
image_shell,S2,2,2.86,17.46152693657999,1,5,-1.9485227049278457e-05,0.0021727734187135706,0.002172860787795992,0.6622574550166649,5,0.5066985532569018,5,0.5066985532569018,0.5003858774363268,8.231742608938789e-16,0.000689906936244427,1.6836864880476157e-10,True,True,True
image_shell,S2,2,2.86,17.46152693657999,1,6,-1.5074747006238454e-14,-0.03424093501886995,0.03424093501886995,0.9999971236161744,-7,0.9999992148534628,7,0.9999992148534628,8.550735629056145e-06,8.231742608938789e-16,0.000689906936244427,1.6836864880476157e-10,True,True,True
image_shell,S2,2,2.86,17.46152693657999,1,7,1.269123695024632e-14,0.03424093501885486,0.03424093501885486,0.9999971236161744,-7,0.9999992148534621,7,0.9999992148534621,8.550735635306588e-06,8.231742608938789e-16,0.000689906936244427,1.6836864880476157e-10,True,True,True
image_shell,S2,2,2.86,17.46152693657999,2,0,9.3495200334005e-15,-0.006587389062575949,0.006587389062575949,0.99994946855093,2,0.4999980438969988,2,0.9999960877792455,0.5000379608120149,9.685068979659442e-16,0.000689906936244427,1.6836864880476157e-10,True,True,True
image_shell,S2,2,2.86,17.46152693657999,2,1,9.350946446583014e-15,0.00658738906257596,0.00658738906257596,0.9999494685509305,-2,0.49999804389701036,2,0.9999960877792456,0.5000379608120149,9.685068979659442e-16,0.000689906936244427,1.6836864880476157e-10,True,True,True
image_shell,S2,2,2.86,17.46152693657999,2,2,-2.9994221706894855e-16,0.006165947346850134,0.006165947346850134,0.999885009204799,-2,0.49999939586629377,2,0.9999987917094832,0.5000127482475409,9.685068979659442e-16,0.000689906936244427,1.6836864880476157e-10,True,True,True
image_shell,S2,2,2.86,17.46152693657999,2,3,-3.003220415548564e-16,-0.006165947346850132,0.006165947346850132,0.999885009204799,2,0.49999939586630965,2,0.9999987917094834,0.5000127482475409,9.685068979659442e-16,0.000689906936244427,1.6836864880476157e-10,True,True,True
image_shell,S2,2,2.86,17.46152693657999,2,4,-3.553220105352643e-15,-0.0196357528548198,0.0196357528548198,0.999989280661726,6,0.49999602356742356,6,0.9999920447870856,0.5000731177832076,9.685068979659442e-16,0.000689906936244427,1.6836864880476157e-10,True,True,True
image_shell,S2,2,2.86,17.46152693657999,2,5,-3.5449074231586053e-15,0.01963575285481979,0.01963575285481979,0.9999892806617267,-6,0.49999602356928996,6,0.9999920447870856,0.5000731177832076,9.685068979659442e-16,0.000689906936244427,1.6836864880476157e-10,True,True,True
image_shell,S2,2,2.86,17.46152693657999,2,6,-5.910202882652982e-15,0.019640920265759452,0.019640920265759452,0.9999918046548693,6,0.4999992377087189,6,0.9999984706896898,0.5000158752972648,9.685068979659442e-16,0.000689906936244427,1.6836864880476157e-10,True,True,True
image_shell,S2,2,2.86,17.46152693657999,2,7,-5.9258154200530325e-15,-0.019640920265759487,0.019640920265759487,0.9999918046548686,-6,0.49999923770864496,6,0.9999984706896898,0.5000158752972648,9.685068979659442e-16,0.000689906936244427,1.6836864880476157e-10,True,True,True
image_shell,S2,2,2.86,17.46152693657999,3,0,1.9485227184583107e-05,-0.002172773418820652,0.0021728607879042826,0.6567555084343143,-5,0.5066985483652628,5,0.5066985483652628,0.5003858775270459,7.8782844434927555e-16,0.000689906936244427,1.6836864880476157e-10,True,True,True
image_shell,S2,2,2.86,17.46152693657999,3,1,-1.948522718176183e-05,0.002172773418800839,0.0021728607878844447,0.6567555074609804,-5,0.5066985493100415,5,0.5066985493100415,0.5003858775096494,7.8782844434927555e-16,0.000689906936244427,1.6836864880476157e-10,True,True,True
image_shell,S2,2,2.86,17.46152693657999,3,2,-9.92942238255296e-06,7.991229579023583e-15,9.92942238255296e-06,0.990159471034957,-1,0.9945319116558881,1,0.9945319116558881,0.024580108328160506,7.8782844434927555e-16,0.000689906936244427,1.6836864880476157e-10,True,True,True
image_shell,S2,2,2.86,17.46152693657999,3,3,9.929422381876494e-06,-4.1790703359558685e-15,9.929422381876494e-06,0.9901594710363033,-1,0.994531911655083,1,0.994531911655083,0.02458010833302506,7.8782844434927555e-16,0.000689906936244427,1.6836864880476157e-10,True,True,True
image_shell,S2,2,2.86,17.46152693657999,3,4,1.948522699620264e-05,0.0021727734187320957,0.0021728607878140405,0.6622574553311368,-5,0.5066985537692046,5,0.5066985537692046,0.5003858774265503,7.8782844434927555e-16,0.000689906936244427,1.6836864880476157e-10,True,True,True
image_shell,S2,2,2.86,17.46152693657999,3,5,-1.948522704927735e-05,-0.002172773418713567,0.0021728607877959886,0.6622574550167291,-5,0.5066985532569735,5,0.5066985532569735,0.5003858774363256,7.8782844434927555e-16,0.000689906936244427,1.6836864880476157e-10,True,True,True
image_shell,S2,2,2.86,17.46152693657999,3,6,-1.5075614367976442e-14,0.03424093501886994,0.03424093501886994,0.999997123616174,7,0.9999992148534628,7,0.9999992148534628,8.550735629053963e-06,7.8782844434927555e-16,0.000689906936244427,1.6836864880476157e-10,True,True,True
image_shell,S2,2,2.86,17.46152693657999,3,7,1.2698175844150228e-14,-0.034240935018854834,0.034240935018854834,0.9999971236161744,7,0.9999992148534622,7,0.9999992148534622,8.550735635224009e-06,7.8782844434927555e-16,0.000689906936244427,1.6836864880476157e-10,True,True,True
image_shell,S2,2,2.91,18.356798567017925,0,0,1.0190308896111285e-14,2.893950957533821e-11,2.8939511369466613e-11,0.9999936270693385,0,0.9999706089087842,0,0.9999706089087842,0.0002214772200470921,5.410157446389777e-16,0.00046627333716662303,1.6286029030372505e-10,True,True,True
image_shell,S2,2,2.91,18.356798567017925,0,1,1.0190308895812269e-14,-2.8939509575338334e-11,2.893951136946674e-11,0.9999936270693387,0,0.9999706089087841,0,0.9999706089087841,0.000221477220047161,5.410157446389777e-16,0.00046627333716662303,1.6286029030372505e-10,True,True,True
image_shell,S2,2,2.91,18.356798567017925,0,2,-0.008010649172171076,1.022673680524401e-22,0.008010649172171076,0.9999978081682848,-4,0.499999943578099,4,0.9999998871556857,0.4306777603821264,5.410157446389777e-16,0.00046627333716662303,1.6286029030372505e-10,True,True,True
image_shell,S2,2,2.91,18.356798567017925,0,3,0.00801064917216144,-1.0158215076779784e-22,0.00801064917216144,0.9999978081682781,4,0.499999943577909,4,0.9999998871556857,0.4306777603821272,5.410157446389777e-16,0.00046627333716662303,1.6286029030372505e-10,True,True,True
image_shell,S2,2,2.91,18.356798567017925,0,4,-0.00803700394553467,-2.9647608742542266e-22,0.00803700394553467,0.9999998216358175,4,0.4999999394281488,4,0.9999998788557733,0.43067783213408745,5.410157446389777e-16,0.00046627333716662303,1.6286029030372505e-10,True,True,True
image_shell,S2,2,2.91,18.356798567017925,0,5,0.008037003945529487,2.973380184361106e-22,0.008037003945529487,0.9999998216358161,-4,0.4999999394280217,4,0.9999998788557733,0.4306778321340877,5.410157446389777e-16,0.00046627333716662303,1.6286029030372505e-10,True,True,True
image_shell,S2,2,2.91,18.356798567017925,0,6,4.217112770099618e-15,-0.04873417571964689,0.04873417571964689,0.9999992076566089,8,0.5000000189425983,8,0.9999998762598286,0.43067785780523726,5.410157446389777e-16,0.00046627333716662303,1.6286029030372505e-10,True,True,True
image_shell,S2,2,2.91,18.356798567017925,0,7,4.227735175235121e-15,0.04873417571964693,0.04873417571964693,0.9999992076566087,-8,0.500000019494728,8,0.9999998762598286,0.4306778578052371,5.410157446389777e-16,0.00046627333716662303,1.6286029030372505e-10,True,True,True
image_shell,S2,2,2.91,18.356798567017925,0,8,-1.0654230289419933e-15,0.04873427013890111,0.04873427013890111,0.9999992166514764,-8,0.49999997552000686,8,0.9999998908184743,0.43067771337843036,5.410157446389777e-16,0.00046627333716662303,1.6286029030372505e-10,True,True,True
image_shell,S2,2,2.91,18.356798567017925,0,9,-1.0755285551056204e-15,-0.04873427013890106,0.04873427013890106,0.9999992166514766,8,0.49999997606047963,8,0.9999998908184743,0.43067771337843036,5.410157446389777e-16,0.00046627333716662303,1.6286029030372505e-10,True,True,True
image_shell,S2,2,2.91,18.356798567017925,1,0,1.0260231843361043e-05,-0.0024690575369712506,0.002469078855207346,0.9083632453404521,5,0.5064307934084502,5,0.5064307934084502,0.5001573539622909,8.21908896841467e-16,0.00046627333716662303,1.6286029030372505e-10,True,True,True
image_shell,S2,2,2.91,18.356798567017925,1,1,-1.0260231807017048e-05,0.0024690575369141006,0.0024690788551500454,0.9083632446615707,5,0.5064307929364155,5,0.5064307929364155,0.5001573539710772,8.21908896841467e-16,0.00046627333716662303,1.6286029030372505e-10,True,True,True
image_shell,S2,2,2.91,18.356798567017925,1,2,-5.242623205385367e-06,-4.941486353696383e-15,5.242623205385367e-06,0.9986486929392318,1,0.9984381645181946,1,0.9984381645181946,0.008422720968313513,8.21908896841467e-16,0.00046627333716662303,1.6286029030372505e-10,True,True,True
image_shell,S2,2,2.91,18.356798567017925,1,3,5.242623206628225e-06,7.154145116303663e-15,5.242623206628225e-06,0.9986486929386215,1,0.9984381645181093,1,0.9984381645181093,0.008422720968896843,8.21908896841467e-16,0.00046627333716662303,1.6286029030372505e-10,True,True,True
image_shell,S2,2,2.91,18.356798567017925,1,4,1.0260231950647979e-05,0.0024690575368660514,0.0024690788551025938,0.9083632451798981,5,0.5064307882041408,5,0.5064307882041408,0.5001573540575093,8.21908896841467e-16,0.00046627333716662303,1.6286029030372505e-10,True,True,True
image_shell,S2,2,2.91,18.356798567017925,1,5,-1.026023197964622e-05,-0.002469057536819392,0.002469078855056055,0.90836324489721,5,0.5064307861021922,5,0.5064307861021922,0.500157354096054,8.21908896841467e-16,0.00046627333716662303,1.6286029030372505e-10,True,True,True
image_shell,S2,2,2.91,18.356798567017925,1,6,5.2605489408996675e-15,-0.03426398903410261,0.03426398903410261,0.999998372608851,-7,0.9999996432379964,7,0.9999996432379964,4.084599788413762e-06,8.21908896841467e-16,0.00046627333716662303,1.6286029030372505e-10,True,True,True
image_shell,S2,2,2.91,18.356798567017925,1,7,8.049116928532385e-15,0.034263989034109016,0.034263989034109016,0.999998372608851,-7,0.9999996432379963,7,0.9999996432379963,4.084599789025237e-06,8.21908896841467e-16,0.00046627333716662303,1.6286029030372505e-10,True,True,True
image_shell,S2,2,2.91,18.356798567017925,2,0,7.985964018454641e-16,-0.006632194834441503,0.006632194834441503,0.9999687529168994,2,0.49999911913053596,2,0.999998238247293,0.5000181083962182,9.101568010747113e-16,0.00046627333716662303,1.6286029030372505e-10,True,True,True
image_shell,S2,2,2.91,18.356798567017925,2,1,8.011020896598856e-16,0.006632194834441508,0.006632194834441508,0.9999687529168994,-2,0.49999911913052114,2,0.999998238247293,0.5000181083962182,9.101568010747113e-16,0.00046627333716662303,1.6286029030372505e-10,True,True,True
image_shell,S2,2,2.91,18.356798567017925,2,2,1.6426972808313125e-14,0.0063289041109841696,0.0063289041109841696,0.9999433982225739,2,0.49999970694101403,2,0.9999994138783146,0.5000064898297445,9.101568010747113e-16,0.00046627333716662303,1.6286029030372505e-10,True,True,True
image_shell,S2,2,2.91,18.356798567017925,2,3,1.6426122201647157e-14,-0.006328904110984173,0.006328904110984173,0.9999433982225742,-2,0.49999970694100804,2,0.9999994138783146,0.5000064898297445,9.101568010747113e-16,0.00046627333716662303,1.6286029030372505e-10,True,True,True
image_shell,S2,2,2.91,18.356798567017925,2,4,3.5197539327569416e-15,-0.019675704626843073,0.019675704626843073,0.9999942457426917,6,0.49999825967246514,6,0.9999965176629834,0.5000340819897838,9.101568010747113e-16,0.00046627333716662303,1.6286029030372505e-10,True,True,True
image_shell,S2,2,2.91,18.356798567017925,2,5,3.523965587002066e-15,0.019675704626843073,0.019675704626843073,0.9999942457426917,-6,0.4999982596682298,6,0.9999965176629835,0.5000340819897838,9.101568010747113e-16,0.00046627333716662303,1.6286029030372505e-10,True,True,True
image_shell,S2,2,2.91,18.356798567017925,2,6,-1.010649894748563e-14,0.019678356556647007,0.019678356556647007,0.9999952727977388,6,0.49999962157778777,6,0.9999992410297127,0.5000082622066168,9.101568010747113e-16,0.00046627333716662303,1.6286029030372505e-10,True,True,True
image_shell,S2,2,2.91,18.356798567017925,2,7,-1.0115172588420762e-14,-0.019678356556647014,0.019678356556647014,0.9999952727977379,-6,0.49999962158233036,6,0.9999992410297127,0.5000082622066168,9.101568010747113e-16,0.00046627333716662303,1.6286029030372505e-10,True,True,True
image_shell,S2,2,2.91,18.356798567017925,3,0,1.026023184336894e-05,0.0024690575369712524,0.002469078855207348,0.9083632453404913,-5,0.5064307934082006,5,0.5064307934082006,0.5001573539622955,7.365463338856817e-16,0.00046627333716662303,1.6286029030372505e-10,True,True,True
image_shell,S2,2,2.91,18.356798567017925,3,1,-1.0260231807022586e-05,-0.002469057536914112,0.0024690788551500567,0.9083632446616211,-5,0.5064307929363374,5,0.5064307929363374,0.5001573539710786,7.365463338856817e-16,0.00046627333716662303,1.6286029030372505e-10,True,True,True
image_shell,S2,2,2.91,18.356798567017925,3,2,-5.242623205377618e-06,4.941483902164837e-15,5.242623205377618e-06,0.9986486929392309,-1,0.9984381645181944,1,0.9984381645181944,0.008422720968313667,7.365463338856817e-16,0.00046627333716662303,1.6286029030372505e-10,True,True,True
image_shell,S2,2,2.91,18.356798567017925,3,3,5.242623206620709e-06,-7.154142664759154e-15,5.242623206620709e-06,0.9986486929386208,-1,0.9984381645181091,1,0.9984381645181091,0.00842272096889707,7.365463338856817e-16,0.00046627333716662303,1.6286029030372505e-10,True,True,True
image_shell,S2,2,2.91,18.356798567017925,3,4,1.026023195065427e-05,-0.0024690575368660522,0.0024690788551025946,0.9083632451798747,-5,0.5064307882037605,5,0.5064307882037605,0.5001573540575163,7.365463338856817e-16,0.00046627333716662303,1.6286029030372505e-10,True,True,True
image_shell,S2,2,2.91,18.356798567017925,3,5,-1.0260231979652982e-05,0.002469057536819396,0.002469078855056059,0.9083632448972672,-5,0.5064307861020291,5,0.5064307861020291,0.5001573540960569,7.365463338856817e-16,0.00046627333716662303,1.6286029030372505e-10,True,True,True
image_shell,S2,2,2.91,18.356798567017925,3,6,5.252742685257772e-15,0.03426398903410263,0.03426398903410263,0.9999983726088508,7,0.9999996432379965,7,0.9999996432379965,4.084599788336952e-06,7.365463338856817e-16,0.00046627333716662303,1.6286029030372505e-10,True,True,True
image_shell,S2,2,2.91,18.356798567017925,3,7,8.048249566794397e-15,-0.03426398903410906,0.03426398903410906,0.9999983726088506,7,0.9999996432379964,7,0.9999996432379964,4.084599788948435e-06,7.365463338856817e-16,0.00046627333716662303,1.6286029030372505e-10,True,True,True
fd_eps,H3e-4,0.0003,2.31,10.074424655013587,0,0,3.339769907402838e-14,-1.588035122755321e-11,1.5880386346583453e-11,1.0,0,0.9315517260041424,0,0.9315517260041424,0.1848415504464147,5.955248721266434e-16,0.07627204018352114,1.4012322206336701e-11,True,False,False
fd_eps,H3e-4,0.0003,2.31,10.074424655013587,0,1,3.339769907414796e-14,1.5880351227553215e-11,1.588038634658346e-11,1.0,0,0.9315517260041424,0,0.9315517260041424,0.18484155044641473,5.955248721266434e-16,0.07627204018352114,1.4012322206336701e-11,True,False,False
fd_eps,H3e-4,0.0003,2.31,10.074424655013587,0,2,-0.012717611533064882,-2.1928209879183344e-20,0.012717611533064882,1.0,-4,0.4995143125210365,4,0.9990286250420728,0.43565449627403285,5.955248721266434e-16,0.07627204018352114,1.4012322206336701e-11,True,False,False
fd_eps,H3e-4,0.0003,2.31,10.074424655013587,0,3,0.012717611533073788,2.1928241000730247e-20,0.012717611533073788,1.0,4,0.4995143125210222,4,0.9990286250420429,0.43565449627416153,5.955248721266434e-16,0.07627204018352114,1.4012322206336701e-11,True,False,False
fd_eps,H3e-4,0.0003,2.31,10.074424655013587,0,4,-0.020615124345535796,3.654434010088243e-21,0.020615124345535796,1.0,4,0.4932612803945232,4,0.9865225607890462,0.47505851835681717,5.955248721266434e-16,0.07627204018352114,1.4012322206336701e-11,True,False,False
fd_eps,H3e-4,0.0003,2.31,10.074424655013587,0,5,0.020615124345571858,-3.654415051442111e-21,0.020615124345571858,1.0,-4,0.49326128039453887,4,0.9865225607890765,0.47505851835673624,5.955248721266434e-16,0.07627204018352114,1.4012322206336701e-11,True,False,False
fd_eps,H3e-4,0.0003,2.31,10.074424655013587,0,6,1.714677886196403e-14,0.04198725430862792,0.04198725430862792,1.0,8,0.4931403358242764,8,0.986280671638257,0.47570239753342125,5.955248721266434e-16,0.07627204018352114,1.4012322206336701e-11,True,False,False
fd_eps,H3e-4,0.0003,2.31,10.074424655013587,0,7,1.7146223676989258e-14,-0.04198725430862793,0.04198725430862793,1.0,-8,0.4931403358242652,8,0.9862806716382571,0.4757023975334212,5.955248721266434e-16,0.07627204018352114,1.4012322206336701e-11,True,False,False
fd_eps,H3e-4,0.0003,2.31,10.074424655013587,0,8,1.7034984534092246e-14,-0.04555562339343275,0.04555562339343275,1.0,-8,0.4996971305597211,8,0.9993942611162533,0.43384885655543165,5.955248721266434e-16,0.07627204018352114,1.4012322206336701e-11,True,False,False
fd_eps,H3e-4,0.0003,2.31,10.074424655013587,0,9,1.7012940452756268e-14,0.04555562339343277,0.04555562339343277,1.0,8,0.49969713055971277,8,0.9993942611162533,0.4338488565554317,5.955248721266434e-16,0.07627204018352114,1.4012322206336701e-11,True,False,False
fd_eps,H3e-4,0.0003,2.31,10.074424655013587,1,0,1.2253809115025918e-14,-0.0006874805265121575,0.0006874805265121575,1.0,1,0.9458886081541168,1,0.9458886081541168,0.16121104818504983,8.543497268761956e-16,0.07627204018352114,1.4012322206336701e-11,True,False,False
fd_eps,H3e-4,0.0003,2.31,10.074424655013587,1,1,-7.556964652036992e-15,0.000687480526513919,0.000687480526513919,1.0,1,0.9458886081544723,1,0.9458886081544723,0.16121104818432744,8.543497268761956e-16,0.07627204018352114,1.4012322206336701e-11,True,False,False
fd_eps,H3e-4,0.0003,2.31,10.074424655013587,1,2,0.011344545964139927,-2.7937873279110575e-14,0.011344545964139927,1.0,-3,0.642720280581443,3,0.642720280581443,0.49023010176797527,8.543497268761956e-16,0.07627204018352114,1.4012322206336701e-11,True,False,False
fd_eps,H3e-4,0.0003,2.31,10.074424655013587,1,3,-0.011344545964177635,1.442786698022309e-14,0.011344545964177635,1.0,-3,0.6427202805796397,3,0.6427202805796397,0.4902301017686084,8.543497268761956e-16,0.07627204018352114,1.4012322206336701e-11,True,False,False
fd_eps,H3e-4,0.0003,2.31,10.074424655013587,1,4,0.019225701777150408,-2.0573681370278398e-14,0.019225701777150408,1.0,5,0.5795267641622949,5,0.5795267641622949,0.6241568641170796,8.543497268761956e-16,0.07627204018352114,1.4012322206336701e-11,True,False,False
fd_eps,H3e-4,0.0003,2.31,10.074424655013587,1,5,-0.019225701777168997,9.660737600228364e-15,0.019225701777168997,1.0,5,0.5795267641611512,5,0.5795267641611512,0.6241568641174299,8.543497268761956e-16,0.07627204018352114,1.4012322206336701e-11,True,False,False
fd_eps,H3e-4,0.0003,2.31,10.074424655013587,1,6,-3.2329174060041765e-14,0.028193283680460056,0.028193283680460056,1.0,-7,0.9715593204643436,7,0.9715593204643436,0.10701796623516051,8.543497268761956e-16,0.07627204018352114,1.4012322206336701e-11,True,False,False
fd_eps,H3e-4,0.0003,2.31,10.074424655013587,1,7,-3.4014457916953234e-14,-0.02819328368049289,0.02819328368049289,1.0,-7,0.9715593204643622,7,0.9715593204643622,0.10701796623504697,8.543497268761956e-16,0.07627204018352114,1.4012322206336701e-11,True,False,False
fd_eps,H3e-4,0.0003,2.31,10.074424655013587,2,0,-1.937615067387514e-14,-0.0012707212514768173,0.0012707212514768173,1.0,-2,0.4927733947266191,2,0.9855467894530383,0.554522459313037,8.542467127139572e-16,0.07627204018352114,1.4012322206336701e-11,True,False,False
fd_eps,H3e-4,0.0003,2.31,10.074424655013587,2,1,-1.9376315971530265e-14,0.0012707212514768175,0.0012707212514768175,1.0,2,0.49277339472662013,2,0.9855467894530384,0.5545224593130369,8.542467127139572e-16,0.07627204018352114,1.4012322206336701e-11,True,False,False
fd_eps,H3e-4,0.0003,2.31,10.074424655013587,2,2,-0.012674041755576348,6.437295886243347e-26,0.012674041755576348,1.0,2,0.4991552556580323,2,0.998310511316061,0.5089970959599276,8.542467127139572e-16,0.07627204018352114,1.4012322206336701e-11,True,False,False
fd_eps,H3e-4,0.0003,2.31,10.074424655013587,2,3,0.012674041755603317,1.3170295072250675e-25,0.012674041755603317,1.0,-2,0.49915525565808105,2,0.9983105113161522,0.5089970959595073,8.542467127139572e-16,0.07627204018352114,1.4012322206336701e-11,True,False,False
fd_eps,H3e-4,0.0003,2.31,10.074424655013587,2,4,-0.012869120008742982,7.618704031834004e-27,0.012869120008742982,1.0,6,0.3642488600939094,6,0.7284977201878176,0.9218060315949236,8.542467127139572e-16,0.07627204018352114,1.4012322206336701e-11,True,False,False
fd_eps,H3e-4,0.0003,2.31,10.074424655013587,2,5,0.012869120008797082,-8.96611206521459e-28,0.012869120008797082,1.0,-6,0.3642488600903052,6,0.7284977201806093,0.9218060316000558,8.542467127139572e-16,0.07627204018352114,1.4012322206336701e-11,True,False,False
fd_eps,H3e-4,0.0003,2.31,10.074424655013587,2,6,4.059426406133326e-14,0.015755383423572064,0.015755383423572064,1.0,6,0.499056152582438,6,0.9981123051648024,0.5099014230534851,8.542467127139572e-16,0.07627204018352114,1.4012322206336701e-11,True,False,False
fd_eps,H3e-4,0.0003,2.31,10.074424655013587,2,7,4.0599468231761193e-14,-0.015755383423572064,0.015755383423572064,1.0,-6,0.49905615258243796,6,0.9981123051648024,0.5099014230534851,8.542467127139572e-16,0.07627204018352114,1.4012322206336701e-11,True,False,False
fd_eps,H3e-4,0.0003,2.31,10.074424655013587,3,0,1.2254122966109533e-14,0.0006874805265121559,0.0006874805265121559,1.0,-1,0.9458886081541169,1,0.9458886081541169,0.1612110481850497,8.538219114687751e-16,0.07627204018352114,1.4012322206336701e-11,True,False,False
fd_eps,H3e-4,0.0003,2.31,10.074424655013587,3,1,-7.556710250269655e-15,-0.0006874805265139179,0.0006874805265139179,1.0,-1,0.9458886081544724,1,0.9458886081544724,0.16121104818432716,8.538219114687751e-16,0.07627204018352114,1.4012322206336701e-11,True,False,False
fd_eps,H3e-4,0.0003,2.31,10.074424655013587,3,2,0.011344545964139908,2.7939350290217947e-14,0.011344545964139908,1.0,3,0.6427202805814398,3,0.6427202805814398,0.49023010176797704,8.538219114687751e-16,0.07627204018352114,1.4012322206336701e-11,True,False,False
fd_eps,H3e-4,0.0003,2.31,10.074424655013587,3,3,-0.011344545964177617,-1.442678487670294e-14,0.011344545964177617,1.0,3,0.6427202805796364,3,0.6427202805796364,0.49023010176861015,8.538219114687751e-16,0.07627204018352114,1.4012322206336701e-11,True,False,False
fd_eps,H3e-4,0.0003,2.31,10.074424655013587,3,4,0.019225701777150366,2.0573046557444382e-14,0.019225701777150366,1.0,-5,0.5795267641622937,5,0.5795267641622937,0.6241568641170794,8.538219114687751e-16,0.07627204018352114,1.4012322206336701e-11,True,False,False
fd_eps,H3e-4,0.0003,2.31,10.074424655013587,3,5,-0.019225701777168962,-9.659099610819737e-15,0.019225701777168962,1.0,-5,0.579526764161149,5,0.579526764161149,0.6241568641174304,8.538219114687751e-16,0.07627204018352114,1.4012322206336701e-11,True,False,False
fd_eps,H3e-4,0.0003,2.31,10.074424655013587,3,6,-3.234218448611159e-14,-0.02819328368046004,0.02819328368046004,1.0,7,0.9715593204643436,7,0.9715593204643436,0.10701796623516058,8.538219114687751e-16,0.07627204018352114,1.4012322206336701e-11,True,False,False
fd_eps,H3e-4,0.0003,2.31,10.074424655013587,3,7,-3.402833570476105e-14,0.028193283680492866,0.028193283680492866,1.0,7,0.9715593204643623,7,0.9715593204643623,0.10701796623504693,8.538219114687751e-16,0.07627204018352114,1.4012322206336701e-11,True,False,False
fd_eps,H3e-4,0.0003,2.36,10.59095145243378,0,0,-2.8696654264767036e-14,-1.6831865290264856e-11,1.6831889752716088e-11,0.9991540911903444,0,0.9454275620479208,0,0.9454275620479208,0.15515561185371984,5.567621875804412e-16,0.048227572972174816,1.2532620511491148e-11,True,True,True
fd_eps,H3e-4,0.0003,2.36,10.59095145243378,0,1,-2.869665426466309e-14,1.6831865290264894e-11,1.6831889752716124e-11,0.9991540911903437,0,0.9454275620479208,0,0.9454275620479208,0.1551556118537198,5.567621875804412e-16,0.048227572972174816,1.2532620511491148e-11,True,True,True
fd_eps,H3e-4,0.0003,2.36,10.59095145243378,0,2,-0.012037383798658778,1.2725709419051828e-21,0.012037383798658778,0.997662310109984,-4,0.49971711836345867,4,0.9994342367269164,0.43373854326860545,5.567621875804412e-16,0.048227572972174816,1.2532620511491148e-11,True,True,True
fd_eps,H3e-4,0.0003,2.36,10.59095145243378,0,3,0.012037383798627151,-1.2725955800821271e-21,0.012037383798627151,0.9976623101097806,-4,0.4997171183634773,4,0.9994342367269511,0.43373854326844813,5.567621875804412e-16,0.048227572972174816,1.2532620511491148e-11,True,True,True
fd_eps,H3e-4,0.0003,2.36,10.59095145243378,0,4,-0.016597861958166527,-1.983816392203971e-21,0.016597861958166527,0.9949823413993634,4,0.4980724086202126,4,0.9961448172404248,0.4463815108595175,5.567621875804412e-16,0.048227572972174816,1.2532620511491148e-11,True,True,True
fd_eps,H3e-4,0.0003,2.36,10.59095145243378,0,5,0.016597861958123582,1.983860135329001e-21,0.016597861958123582,0.9949823413994785,4,0.49807240862025687,4,0.9961448172405107,0.4463815108592213,5.567621875804412e-16,0.048227572972174816,1.2532620511491148e-11,True,True,True
fd_eps,H3e-4,0.0003,2.36,10.59095145243378,0,6,-1.2122247650125928e-14,0.04527819511211323,0.04527819511211323,0.994710747952381,-8,0.4980204885583707,8,0.9960409771165739,0.4467390181529613,5.567621875804412e-16,0.048227572972174816,1.2532620511491148e-11,True,True,True
fd_eps,H3e-4,0.0003,2.36,10.59095145243378,0,7,-1.2144106759822115e-14,-0.04527819511211322,0.04527819511211322,0.994710747952381,8,0.4980204885583587,8,0.9960409771165739,0.44673901815296124,5.567621875804412e-16,0.048227572972174816,1.2532620511491148e-11,True,True,True
fd_eps,H3e-4,0.0003,2.36,10.59095145243378,0,8,-5.778416833410115e-15,-0.046722247871676066,0.046722247871676066,0.9993691008398756,8,0.4997963162601864,8,0.9995926324950308,0.4329072266498184,5.567621875804412e-16,0.048227572972174816,1.2532620511491148e-11,True,True,True
fd_eps,H3e-4,0.0003,2.36,10.59095145243378,0,9,-5.752343046339092e-15,0.04672224787167607,0.04672224787167607,0.9993691008398761,-8,0.4997963162601811,8,0.9995926324950306,0.4329072266498184,5.567621875804412e-16,0.048227572972174816,1.2532620511491148e-11,True,True,True
fd_eps,H3e-4,0.0003,2.36,10.59095145243378,1,0,3.537583162533172e-15,-0.00048672042950900497,0.00048672042950900497,0.9996618684241336,1,0.9511448031282983,1,0.9511448031282983,0.14761919085578457,8.373562516511521e-16,0.048227572972174816,1.2532620511491148e-11,True,True,True
fd_eps,H3e-4,0.0003,2.36,10.59095145243378,1,1,-5.2584201919261095e-15,0.00048672042950618285,0.00048672042950618285,0.999661868424178,1,0.9511448031285431,1,0.9511448031285431,0.14761919085527755,8.373562516511521e-16,0.048227572972174816,1.2532620511491148e-11,True,True,True
fd_eps,H3e-4,0.0003,2.36,10.59095145243378,1,2,0.009592514085764546,3.9001404541857956e-15,0.009592514085764546,0.9961472454292449,-3,0.6545117837664329,3,0.6545117837664329,0.47791684997110867,8.373562516511521e-16,0.048227572972174816,1.2532620511491148e-11,True,True,True
fd_eps,H3e-4,0.0003,2.36,10.59095145243378,1,3,-0.009592514085745083,1.1681933235688712e-15,0.009592514085745083,0.9961472454289021,-3,0.6545117837685707,3,0.6545117837685707,0.47791684997000167,8.373562516511521e-16,0.048227572972174816,1.2532620511491148e-11,True,True,True
fd_eps,H3e-4,0.0003,2.36,10.59095145243378,1,4,0.014254120415949674,-3.007410451838594e-14,0.014254120415949674,0.9847407735367445,5,0.6265077218378091,5,0.6265077218378091,0.5479344308999876,8.373562516511521e-16,0.048227572972174816,1.2532620511491148e-11,True,True,True
fd_eps,H3e-4,0.0003,2.36,10.59095145243378,1,5,-0.014254120415925966,2.1470335519951783e-14,0.014254120415925966,0.9847407735370697,5,0.6265077218350176,5,0.6265077218350176,0.547934430901238,8.373562516511521e-16,0.048227572972174816,1.2532620511491148e-11,True,True,True
fd_eps,H3e-4,0.0003,2.36,10.59095145243378,1,6,3.632510958695434e-15,0.030773746705633258,0.030773746705633258,0.9912088411282121,-7,0.9911421279765065,7,0.9911421279765065,0.041148707425325504,8.373562516511521e-16,0.048227572972174816,1.2532620511491148e-11,True,True,True
fd_eps,H3e-4,0.0003,2.36,10.59095145243378,1,7,1.6479873021779667e-15,-0.030773746705637057,0.030773746705637057,0.9912088411281902,-7,0.9911421279764709,7,0.9911421279764709,0.04114870742545896,8.373562516511521e-16,0.048227572972174816,1.2532620511491148e-11,True,True,True
fd_eps,H3e-4,0.0003,2.36,10.59095145243378,2,0,-1.1290646422718739e-14,0.004266794278382552,0.004266794278382552,0.9541568508938028,2,0.465749983983242,2,0.9314999679658806,0.6801504839228862,8.366472209090237e-16,0.048227572972174816,1.2532620511491148e-11,True,True,True
fd_eps,H3e-4,0.0003,2.36,10.59095145243378,2,1,-1.1291497384303918e-14,-0.004266794278382552,0.004266794278382552,0.954156850893803,-2,0.46574998398324247,2,0.9314999679658813,0.6801504839228851,8.366472209090237e-16,0.048227572972174816,1.2532620511491148e-11,True,True,True
fd_eps,H3e-4,0.0003,2.36,10.59095145243378,2,2,-0.011004957546802328,2.1664229463479122e-18,0.011004957546802328,0.9882164074862022,2,0.49932311429058024,2,0.9986462285811577,0.507425786981768,8.366472209090237e-16,0.048227572972174816,1.2532620511491148e-11,True,True,True
fd_eps,H3e-4,0.0003,2.36,10.59095145243378,2,3,0.011004957546755505,-5.426044576393091e-28,0.011004957546755505,0.9882164074855443,-2,0.49932311429057286,2,0.9986462285811452,0.5074257869818284,8.366472209090237e-16,0.048227572972174816,1.2532620511491148e-11,True,True,True
fd_eps,H3e-4,0.0003,2.36,10.59095145243378,2,4,4.209567273073543e-14,-0.008792186957922752,0.008792186957922752,0.4821448650584733,6,0.34614483073749147,6,0.692289661472971,0.9452563669214544,8.366472209090237e-16,0.048227572972174816,1.2532620511491148e-11,True,True,True
fd_eps,H3e-4,0.0003,2.36,10.59095145243378,2,5,4.209044272576878e-14,0.00879218695792275,0.00879218695792275,0.4821448650741763,-6,0.3461448307374903,6,0.6922896614729708,0.9452563669214544,8.366472209090237e-16,0.048227572972174816,1.2532620511491148e-11,True,True,True
fd_eps,H3e-4,0.0003,2.36,10.59095145243378,2,6,2.4848179069891785e-14,0.016828144581324474,0.016828144581324474,0.9980104869145511,6,0.4993590706743907,6,0.9987181413449988,0.50708183136135,8.366472209090237e-16,0.048227572972174816,1.2532620511491148e-11,True,True,True
fd_eps,H3e-4,0.0003,2.36,10.59095145243378,2,7,2.4850903127850155e-14,-0.01682814458132442,0.01682814458132442,0.9980104869145509,-6,0.49935907067439256,6,0.9987181413449988,0.50708183136135,8.366472209090237e-16,0.048227572972174816,1.2532620511491148e-11,True,True,True
fd_eps,H3e-4,0.0003,2.36,10.59095145243378,3,0,3.537548733244201e-15,0.0004867204295090042,0.0004867204295090042,0.9996618684241336,-1,0.9511448031282982,1,0.9511448031282982,0.1476191908557851,8.007311236435715e-16,0.048227572972174816,1.2532620511491148e-11,True,True,True
fd_eps,H3e-4,0.0003,2.36,10.59095145243378,3,1,-5.258516698057433e-15,-0.0004867204295061817,0.0004867204295061817,0.9996618684241787,-1,0.9511448031285429,1,0.9511448031285429,0.14761919085527803,8.007311236435715e-16,0.048227572972174816,1.2532620511491148e-11,True,True,True
fd_eps,H3e-4,0.0003,2.36,10.59095145243378,3,2,0.00959251408576457,-3.899658992223012e-15,0.00959251408576457,0.9961472454292447,3,0.6545117837664315,3,0.6545117837664315,0.4779168499711092,8.007311236435715e-16,0.048227572972174816,1.2532620511491148e-11,True,True,True
fd_eps,H3e-4,0.0003,2.36,10.59095145243378,3,3,-0.009592514085745091,-1.1689996109453215e-15,0.009592514085745091,0.9961472454289019,3,0.6545117837685714,3,0.6545117837685714,0.4779168499700012,8.007311236435715e-16,0.048227572972174816,1.2532620511491148e-11,True,True,True
fd_eps,H3e-4,0.0003,2.36,10.59095145243378,3,4,0.014254120415949631,3.00749473931572e-14,0.014254120415949631,0.9847407735367445,-5,0.6265077218378093,5,0.6265077218378093,0.5479344308999876,8.007311236435715e-16,0.048227572972174816,1.2532620511491148e-11,True,True,True
fd_eps,H3e-4,0.0003,2.36,10.59095145243378,3,5,-0.014254120415925962,-2.1470110480293334e-14,0.014254120415925962,0.9847407735370701,-5,0.6265077218350177,5,0.6265077218350177,0.5479344309012381,8.007311236435715e-16,0.048227572972174816,1.2532620511491148e-11,True,True,True
fd_eps,H3e-4,0.0003,2.36,10.59095145243378,3,6,3.631643596957446e-15,-0.030773746705633244,0.030773746705633244,0.9912088411282121,7,0.9911421279765065,7,0.9911421279765065,0.04114870742532536,8.007311236435715e-16,0.048227572972174816,1.2532620511491148e-11,True,True,True
fd_eps,H3e-4,0.0003,2.36,10.59095145243378,3,7,1.6375789613221059e-15,0.030773746705637053,0.030773746705637053,0.9912088411281893,7,0.9911421279764709,7,0.9911421279764709,0.04114870742545878,8.007311236435715e-16,0.048227572972174816,1.2532620511491148e-11,True,True,True
fd_eps,H3e-4,0.0003,2.41,11.133961145065307,0,0,1.4815659951098732e-14,-1.2028825447478188e-11,1.2028834571548427e-11,0.997912761763176,0,0.9642849676383874,0,0.9642849676383874,0.1111336973586324,5.3527464480219e-16,0.030564920924006714,2.208287342595931e-11,True,True,True
fd_eps,H3e-4,0.0003,2.41,11.133961145065307,0,1,1.4815659951061637e-14,1.2028825447478183e-11,1.2028834571548422e-11,0.9979127617631762,0,0.9642849676383874,0,0.9642849676383874,0.11113369735863245,5.3527464480219e-16,0.030564920924006714,2.208287342595931e-11,True,True,True
fd_eps,H3e-4,0.0003,2.41,11.133961145065307,0,2,-0.011199030616008375,3.769087590177528e-21,0.011199030616008375,0.9982985521531171,4,0.49985821139735737,4,0.9997164227947122,0.43232657096390464,5.3527464480219e-16,0.030564920924006714,2.208287342595931e-11,True,True,True
fd_eps,H3e-4,0.0003,2.41,11.133961145065307,0,3,0.011199030615977119,-3.7690754825336535e-21,0.011199030615977119,0.9982985521531196,-4,0.49985821139735465,4,0.9997164227947084,0.4323265709639267,5.3527464480219e-16,0.030564920924006714,2.208287342595931e-11,True,True,True
fd_eps,H3e-4,0.0003,2.41,11.133961145065307,0,4,-0.013930971994946546,-8.483087092748818e-21,0.013930971994946546,0.9982802864634479,-4,0.4993953908009654,4,0.9987907816019277,0.43647470126538485,5.3527464480219e-16,0.030564920924006714,2.208287342595931e-11,True,True,True
fd_eps,H3e-4,0.0003,2.41,11.133961145065307,0,5,0.013930971994908252,8.483097025848471e-21,0.013930971994908252,0.9982802864634865,4,0.4993953908009664,4,0.9987907816019315,0.4364747012653695,5.3527464480219e-16,0.030564920924006714,2.208287342595931e-11,True,True,True
fd_eps,H3e-4,0.0003,2.41,11.133961145065307,0,6,3.649955996872435e-15,0.04684106042092291,0.04684106042092291,0.9984553741009529,8,0.4993837412110714,8,0.9987674823971924,0.436571795695963,5.3527464480219e-16,0.030564920924006714,2.208287342595931e-11,True,True,True
fd_eps,H3e-4,0.0003,2.41,11.133961145065307,0,7,3.6463887465032485e-15,-0.04684106042092291,0.04684106042092291,0.9984553741009529,-8,0.4993837412109609,8,0.9987674823971924,0.43657179569596305,5.3527464480219e-16,0.030564920924006714,2.208287342595931e-11,True,True,True
fd_eps,H3e-4,0.0003,2.41,11.133961145065307,0,8,-1.3600232051658168e-15,-0.04742841465442802,0.04742841465442802,0.9996228649873397,8,0.49988913156286946,8,0.999778263103785,0.43197400105151923,5.3527464480219e-16,0.030564920924006714,2.208287342595931e-11,True,True,True
fd_eps,H3e-4,0.0003,2.41,11.133961145065307,0,9,-1.33891277229555e-15,0.04742841465442799,0.04742841465442799,0.9996228649873397,-8,0.49988913156296916,8,0.999778263103785,0.43197400105151934,5.3527464480219e-16,0.030564920924006714,2.208287342595931e-11,True,True,True
fd_eps,H3e-4,0.0003,2.41,11.133961145065307,1,0,9.217591012251045e-15,-0.000337847261749341,0.000337847261749341,0.9997237948735939,1,0.9562189162066062,1,0.9562189162066062,0.13460952046606328,8.450101549546135e-16,0.030564920924006714,2.208287342595931e-11,True,True,True
fd_eps,H3e-4,0.0003,2.41,11.133961145065307,1,1,-7.566588390382792e-15,0.00033784726174936655,0.00033784726174936655,0.9997237948735996,1,0.9562189162066864,1,0.9562189162066864,0.13460952046593583,8.450101549546135e-16,0.030564920924006714,2.208287342595931e-11,True,True,True
fd_eps,H3e-4,0.0003,2.41,11.133961145065307,1,2,0.008020271373114712,2.05861435047302e-14,0.008020271373114712,0.9954939797809609,-3,0.682803855821,3,0.682803855821,0.4595946937093601,8.450101549546135e-16,0.030564920924006714,2.208287342595931e-11,True,True,True
fd_eps,H3e-4,0.0003,2.41,11.133961145065307,1,3,-0.00802027137316088,-2.1036999217572292e-14,0.00802027137316088,0.995493979782377,-3,0.6828038558102021,3,0.6828038558102021,0.4595946937155255,8.450101549546135e-16,0.030564920924006714,2.208287342595931e-11,True,True,True
fd_eps,H3e-4,0.0003,2.41,11.133961145065307,1,4,0.010894320181536273,2.2473156253560712e-14,0.010894320181536273,0.9909862244888732,5,0.6690494133646189,5,0.6690494133646189,0.4985547494675027,8.450101549546135e-16,0.030564920924006714,2.208287342595931e-11,True,True,True
fd_eps,H3e-4,0.0003,2.41,11.133961145065307,1,5,-0.010894320181520499,4.592022278207487e-15,0.010894320181520499,0.9909862244872578,5,0.6690494133761844,5,0.6690494133761844,0.49855474946146483,8.450101549546135e-16,0.030564920924006714,2.208287342595931e-11,True,True,True
fd_eps,H3e-4,0.0003,2.41,11.133961145065307,1,6,7.877379304410681e-15,0.03217941367454773,0.03217941367454773,0.9970525978786863,-7,0.9971894759650438,7,0.9971894759650438,0.015334173279407974,8.450101549546135e-16,0.030564920924006714,2.208287342595931e-11,True,True,True
fd_eps,H3e-4,0.0003,2.41,11.133961145065307,1,7,-1.0705845931990865e-14,-0.03217941367454313,0.03217941367454313,0.9970525978787176,-7,0.9971894759649678,7,0.9971894759649678,0.015334173279763602,8.450101549546135e-16,0.030564920924006714,2.208287342595931e-11,True,True,True
fd_eps,H3e-4,0.0003,2.41,11.133961145065307,2,0,-6.390066186692476e-15,0.004656078143732841,0.004656078143732841,0.967045016433649,2,0.49563733206932736,2,0.991274664137536,0.5361096117064794,9.326135794541622e-16,0.030564920924006714,2.208287342595931e-11,True,True,True
fd_eps,H3e-4,0.0003,2.41,11.133961145065307,2,1,-6.392996937560289e-15,-0.004656078143732843,0.004656078143732843,0.9670450164336493,-2,0.49563733206932736,2,0.991274664137536,0.5361096117064794,9.326135794541622e-16,0.030564920924006714,2.208287342595931e-11,True,True,True
fd_eps,H3e-4,0.0003,2.41,11.133961145065307,2,2,-0.008977292281777403,-1.1549100489779264e-18,0.008977292281777403,0.9851608367110248,2,0.49956459724598257,2,0.999129194491965,0.5050539063584787,9.326135794541622e-16,0.030564920924006714,2.208287342595931e-11,True,True,True
fd_eps,H3e-4,0.0003,2.41,11.133961145065307,2,3,0.008977292281806043,-3.8162255646809144e-30,0.008977292281806043,0.9851608367116684,-2,0.49956459724599234,2,0.999129194491984,0.5050539063583818,9.326135794541622e-16,0.030564920924006714,2.208287342595931e-11,True,True,True
fd_eps,H3e-4,0.0003,2.41,11.133961145065307,2,4,-3.755037323834379e-14,-0.01456786150495547,0.01456786150495547,0.8497170440764756,-6,0.4773429337091999,6,0.9546858674167256,0.6330739608993546,9.326135794541622e-16,0.030564920924006714,2.208287342595931e-11,True,True,True
fd_eps,H3e-4,0.0003,2.41,11.133961145065307,2,5,-3.7561251553783184e-14,0.014567861504955459,0.014567861504955459,0.8497170440764757,6,0.4773429337092019,6,0.9546858674167256,0.6330739608993546,9.326135794541622e-16,0.030564920924006714,2.208287342595931e-11,True,True,True
fd_eps,H3e-4,0.0003,2.41,11.133961145065307,2,6,-3.7744826596610904e-15,0.017621886878912744,0.017621886878912744,0.9986138859554248,6,0.49962193850723974,6,0.9992438770126324,0.5044653753920472,9.326135794541622e-16,0.030564920924006714,2.208287342595931e-11,True,True,True
fd_eps,H3e-4,0.0003,2.41,11.133961145065307,2,7,-3.7816971776294395e-15,-0.017621886878912772,0.017621886878912772,0.9986138859554246,-6,0.4996219385072454,6,0.9992438770126324,0.5044653753920472,9.326135794541622e-16,0.030564920924006714,2.208287342595931e-11,True,True,True
fd_eps,H3e-4,0.0003,2.41,11.133961145065307,3,0,9.218113055044036e-15,0.0003378472617493358,0.0003378472617493358,0.9997237948735941,-1,0.9562189162066063,1,0.9562189162066063,0.13460952046606303,7.955238098081282e-16,0.030564920924006714,2.208287342595931e-11,True,True,True
fd_eps,H3e-4,0.0003,2.41,11.133961145065307,3,1,-7.565842253308721e-15,-0.0003378472617493612,0.0003378472617493612,0.9997237948736003,-1,0.9562189162066864,1,0.9562189162066864,0.13460952046593563,7.955238098081282e-16,0.030564920924006714,2.208287342595931e-11,True,True,True
fd_eps,H3e-4,0.0003,2.41,11.133961145065307,3,2,0.008020271373114729,-2.058610285797912e-14,0.008020271373114729,0.9954939797809615,3,0.6828038558209967,3,0.6828038558209967,0.45959469370936223,7.955238098081282e-16,0.030564920924006714,2.208287342595931e-11,True,True,True
fd_eps,H3e-4,0.0003,2.41,11.133961145065307,3,3,-0.008020271373160899,2.1037030141011253e-14,0.008020271373160899,0.9954939797823774,3,0.6828038558101981,3,0.6828038558101981,0.4595946937155279,7.955238098081282e-16,0.030564920924006714,2.208287342595931e-11,True,True,True
fd_eps,H3e-4,0.0003,2.41,11.133961145065307,3,4,0.010894320181536276,-2.2472733557181038e-14,0.010894320181536276,0.9909862244888736,-5,0.6690494133646196,5,0.6690494133646196,0.49855474946750217,7.955238098081282e-16,0.030564920924006714,2.208287342595931e-11,True,True,True
fd_eps,H3e-4,0.0003,2.41,11.133961145065307,3,5,-0.010894320181520504,-4.5927314194201925e-15,0.010894320181520504,0.9909862244872578,-5,0.6690494133761821,5,0.6690494133761821,0.49855474946146594,7.955238098081282e-16,0.030564920924006714,2.208287342595931e-11,True,True,True
fd_eps,H3e-4,0.0003,2.41,11.133961145065307,3,6,7.882583474838611e-15,-0.03217941367454779,0.03217941367454779,0.9970525978786867,7,0.9971894759650437,7,0.9971894759650437,0.015334173279408156,7.955238098081282e-16,0.030564920924006714,2.208287342595931e-11,True,True,True
fd_eps,H3e-4,0.0003,2.41,11.133961145065307,3,7,-1.0696304952872993e-14,0.03217941367454319,0.03217941367454319,0.9970525978787169,7,0.9971894759649678,7,0.9971894759649678,0.01533417327976371,7.955238098081282e-16,0.030564920924006714,2.208287342595931e-11,True,True,True
fd_eps,H3e-4,0.0003,2.46,11.704811539980854,0,0,1.7318295371985864e-14,-2.0588865591337598e-11,2.058887287496622e-11,0.9979196898865155,0,0.9792449070411365,0,0.9792449070411365,0.07167421607113547,5.288511806157709e-16,0.019484961612064537,2.376161922464009e-11,True,True,True
fd_eps,H3e-4,0.0003,2.46,11.704811539980854,0,1,1.7318295371996583e-14,2.05888655913376e-11,2.0588872874966228e-11,0.9979196898865157,0,0.9792449070411365,0,0.9792449070411365,0.07167421607113547,5.288511806157709e-16,0.019484961612064537,2.376161922464009e-11,True,True,True
fd_eps,H3e-4,0.0003,2.46,11.704811539980854,0,2,-0.010448987184738565,5.515501750193365e-22,0.010448987184738565,0.9989977650775531,-4,0.49993340997922936,4,0.9998668199584495,0.43151247200545695,5.288511806157709e-16,0.019484961612064537,2.376161922464009e-11,True,True,True
fd_eps,H3e-4,0.0003,2.46,11.704811539980854,0,3,0.010448987184724853,-5.515554939532043e-22,0.010448987184724853,0.9989977650776146,-4,0.49993340997923064,4,0.999866819958459,0.43151247200540055,5.288511806157709e-16,0.019484961612064537,2.376161922464009e-11,True,True,True
fd_eps,H3e-4,0.0003,2.46,11.704811539980854,0,4,-0.012120805781057337,-4.5476497247859104e-21,0.012120805781057337,0.9993483757477007,4,0.49979701662721154,4,0.9995940332544107,0.4328985610286893,5.288511806157709e-16,0.019484961612064537,2.376161922464009e-11,True,True,True
fd_eps,H3e-4,0.0003,2.46,11.704811539980854,0,5,0.012120805781082945,4.54758487162984e-21,0.012120805781082945,0.9993483757476104,4,0.499797016627203,4,0.9995940332544038,0.4328985610287224,5.288511806157709e-16,0.019484961612064537,2.376161922464009e-11,True,True,True
fd_eps,H3e-4,0.0003,2.46,11.704811539980854,0,6,-1.6700176226832877e-14,0.04763169577420155,0.04763169577420155,0.9994849447199433,-8,0.4997945627277213,8,0.9995891254224096,0.43292235497703185,5.288511806157709e-16,0.019484961612064537,2.376161922464009e-11,True,True,True
fd_eps,H3e-4,0.0003,2.46,11.704811539980854,0,7,-1.6698448179752745e-14,-0.04763169577420158,0.04763169577420158,0.9994849447199431,8,0.49979456272792216,8,0.9995891254224096,0.4329223549770319,5.288511806157709e-16,0.019484961612064537,2.376161922464009e-11,True,True,True
fd_eps,H3e-4,0.0003,2.46,11.704811539980854,0,8,-1.2233269952588444e-14,-0.047872158492417265,0.047872158492417265,0.9997963090966023,-8,0.49994486133333293,8,0.9998897226628756,0.431369572178663,5.288511806157709e-16,0.019484961612064537,2.376161922464009e-11,True,True,True
fd_eps,H3e-4,0.0003,2.46,11.704811539980854,0,9,-1.2223531482796795e-14,0.047872158492417244,0.047872158492417244,0.9997963090966023,8,0.4999448613331485,8,0.9998897226628758,0.431369572178663,5.288511806157709e-16,0.019484961612064537,2.376161922464009e-11,True,True,True
fd_eps,H3e-4,0.0003,2.46,11.704811539980854,1,0,-9.020284898308034e-15,-0.00023412437417505064,0.00023412437417505064,0.9998107891198731,1,0.9601159470971069,1,0.9601159470971069,0.12446854644401492,8.414491227077692e-16,0.019484961612064537,2.376161922464009e-11,True,True,True
fd_eps,H3e-4,0.0003,2.46,11.704811539980854,1,1,6.880142223835182e-15,0.00023412437417355786,0.00023412437417355786,0.9998107891198724,1,0.9601159470973327,1,0.9601159470973327,0.12446854644352073,8.414491227077692e-16,0.019484961612064537,2.376161922464009e-11,True,True,True
fd_eps,H3e-4,0.0003,2.46,11.704811539980854,1,2,0.006652558039870502,-7.879982816049896e-15,0.006652558039870502,0.9949045636976414,-3,0.7200848389309512,3,0.7200848389309512,0.4337101187486624,8.414491227077692e-16,0.019484961612064537,2.376161922464009e-11,True,True,True
fd_eps,H3e-4,0.0003,2.46,11.704811539980854,1,3,-0.006652558039895656,-3.1375565754786284e-14,0.006652558039895656,0.9949045636968358,-3,0.7200848389264799,3,0.7200848389264799,0.4337101187519284,8.414491227077692e-16,0.019484961612064537,2.376161922464009e-11,True,True,True
fd_eps,H3e-4,0.0003,2.46,11.704811539980854,1,4,0.008481693503608178,1.8502377616622238e-14,0.008481693503608178,0.9929562541105083,5,0.7127452140433638,5,0.7127452140433638,0.4576160274350856,8.414491227077692e-16,0.019484961612064537,2.376161922464009e-11,True,True,True
fd_eps,H3e-4,0.0003,2.46,11.704811539980854,1,5,-0.00848169350360237,1.3355261901537572e-14,0.00848169350360237,0.9929562541102295,5,0.7127452140570434,5,0.7127452140570434,0.457616027425768,8.414491227077692e-16,0.019484961612064537,2.376161922464009e-11,True,True,True
fd_eps,H3e-4,0.0003,2.46,11.704811539980854,1,6,1.6182367945649645e-14,0.03296768772065913,0.03296768772065913,0.9989749127035696,-7,0.999053809678325,7,0.999053809678325,0.005852861731046887,8.414491227077692e-16,0.019484961612064537,2.376161922464009e-11,True,True,True
fd_eps,H3e-4,0.0003,2.46,11.704811539980854,1,7,2.4945323584546486e-15,-0.03296768772065507,0.03296768772065507,0.9989749127035479,-7,0.9990538096783088,7,0.9990538096783088,0.005852861731131828,8.414491227077692e-16,0.019484961612064537,2.376161922464009e-11,True,True,True
fd_eps,H3e-4,0.0003,2.46,11.704811539980854,2,0,-2.0408311010491173e-16,0.005194879963147644,0.005194879963147644,0.9964927338188952,-2,0.49850443779847475,2,0.9970088755967768,0.514694843252403,8.979044435008348e-16,0.019484961612064537,2.376161922464009e-11,True,True,True
fd_eps,H3e-4,0.0003,2.46,11.704811539980854,2,1,-2.0404564126588803e-16,-0.005194879963147646,0.005194879963147646,0.9964927338188948,2,0.498504437798474,2,0.9970088755967768,0.514694843252403,8.979044435008348e-16,0.019484961612064537,2.376161922464009e-11,True,True,True
fd_eps,H3e-4,0.0003,2.46,11.704811539980854,2,2,-0.0068821555419703575,-1.2059576862550592e-27,0.0068821555419703575,0.9838553262265769,2,0.4997674564228224,2,0.9995349128456446,0.5029097179701675,8.979044435008348e-16,0.019484961612064537,2.376161922464009e-11,True,True,True
fd_eps,H3e-4,0.0003,2.46,11.704811539980854,2,3,0.006882155541963868,-1.9825489025512988e-19,0.006882155541963868,0.9838553262263948,2,0.49976745642282855,2,0.9995349128456559,0.5029097179701051,8.979044435008348e-16,0.019484961612064537,2.376161922464009e-11,True,True,True
fd_eps,H3e-4,0.0003,2.46,11.704811539980854,2,4,1.6669417337879328e-14,-0.016831736695238544,0.016831736695238544,0.9854449230844409,-6,0.4936601774500735,6,0.9873203548976971,0.549037586157621,8.979044435008348e-16,0.019484961612064537,2.376161922464009e-11,True,True,True
fd_eps,H3e-4,0.0003,2.46,11.704811539980854,2,5,1.6663862130450457e-14,0.01683173669523858,0.01683173669523858,0.9854449230844409,6,0.49366017745007096,6,0.9873203548976972,0.549037586157621,8.979044435008348e-16,0.019484961612064537,2.376161922464009e-11,True,True,True
fd_eps,H3e-4,0.0003,2.46,11.704811539980854,2,6,-1.8561541192951836e-15,0.018201850848255093,0.018201850848255093,0.9991527891359198,-6,0.49979502652052415,6,0.9995900530375608,0.5026020716036997,8.979044435008348e-16,0.019484961612064537,2.376161922464009e-11,True,True,True
fd_eps,H3e-4,0.0003,2.46,11.704811539980854,2,7,-1.847905831540984e-15,-0.01820185084825507,0.01820185084825507,0.9991527891359195,6,0.4997950265205306,6,0.9995900530375607,0.5026020716036997,8.979044435008348e-16,0.019484961612064537,2.376161922464009e-11,True,True,True
fd_eps,H3e-4,0.0003,2.46,11.704811539980854,3,0,-9.021334144721025e-15,0.00023412437417505015,0.00023412437417505015,0.9998107891198733,-1,0.9601159470971068,1,0.9601159470971068,0.12446854644401524,7.851848858136783e-16,0.019484961612064537,2.376161922464009e-11,True,True,True
fd_eps,H3e-4,0.0003,2.46,11.704811539980854,3,1,6.8792020307874645e-15,-0.00023412437417355742,0.00023412437417355742,0.9998107891198724,-1,0.9601159470973325,1,0.9601159470973325,0.12446854644352123,7.851848858136783e-16,0.019484961612064537,2.376161922464009e-11,True,True,True
fd_eps,H3e-4,0.0003,2.46,11.704811539980854,3,2,0.006652558039870521,7.880393596088271e-15,0.006652558039870521,0.9949045636976416,3,0.7200848389309468,3,0.7200848389309468,0.4337101187486655,7.851848858136783e-16,0.019484961612064537,2.376161922464009e-11,True,True,True
fd_eps,H3e-4,0.0003,2.46,11.704811539980854,3,3,-0.006652558039895659,3.137517871333767e-14,0.006652558039895659,0.9949045636968343,3,0.7200848389264852,3,0.7200848389264852,0.43371011875192467,7.851848858136783e-16,0.019484961612064537,2.376161922464009e-11,True,True,True
fd_eps,H3e-4,0.0003,2.46,11.704811539980854,3,4,0.008481693503608164,-1.8502640304584334e-14,0.008481693503608164,0.9929562541105091,-5,0.7127452140433643,5,0.7127452140433643,0.45761602743508534,7.851848858136783e-16,0.019484961612064537,2.376161922464009e-11,True,True,True
fd_eps,H3e-4,0.0003,2.46,11.704811539980854,3,5,-0.008481693503602398,-1.3353780286425105e-14,0.008481693503602398,0.9929562541102293,-5,0.7127452140570457,5,0.7127452140570457,0.4576160274257665,7.851848858136783e-16,0.019484961612064537,2.376161922464009e-11,True,True,True
fd_eps,H3e-4,0.0003,2.46,11.704811539980854,3,6,1.621272560647924e-14,-0.03296768772065914,0.03296768772065914,0.9989749127035694,7,0.9990538096783249,7,0.9990538096783249,0.005852861731047017,7.851848858136783e-16,0.019484961612064537,2.376161922464009e-11,True,True,True
fd_eps,H3e-4,0.0003,2.46,11.704811539980854,3,7,2.525757381022231e-15,0.03296768772065509,0.03296768772065509,0.9989749127035483,7,0.9990538096783089,7,0.9990538096783089,0.005852861731131797,7.851848858136783e-16,0.019484961612064537,2.376161922464009e-11,True,True,True
fd_eps,H3e-4,0.0003,2.51,12.30493006051041,0,0,-1.9141723961427933e-16,-1.8444349152818904e-11,1.844434915381218e-11,0.9984882686462327,0,0.9888722771010936,0,0.9888722771010936,0.042769934605507744,5.415722453466995e-16,0.012516210028508253,2.6075107316212974e-11,True,True,True
fd_eps,H3e-4,0.0003,2.51,12.30493006051041,0,1,-1.9141723992414818e-16,1.84443491528189e-11,1.8444349153812173e-11,0.9984882686462321,0,0.9888722771010937,0,0.9888722771010937,0.04276993460550769,5.415722453466995e-16,0.012516210028508253,2.6075107316212974e-11,True,True,True
fd_eps,H3e-4,0.0003,2.51,12.30493006051041,0,2,-0.009839312176208762,8.49482811908125e-22,0.009839312176208762,0.999465230366787,4,0.49996958104377165,4,0.9999391620875344,0.43108763699602115,5.415722453466995e-16,0.012516210028508253,2.6075107316212974e-11,True,True,True
fd_eps,H3e-4,0.0003,2.51,12.30493006051041,0,3,0.00983931217619105,-8.49480570122738e-22,0.00983931217619105,0.9994652303667648,4,0.4999695810437683,4,0.9999391620875328,0.431087636996034,5.415722453466995e-16,0.012516210028508253,2.6075107316212974e-11,True,True,True
fd_eps,H3e-4,0.0003,2.51,12.30493006051041,0,4,-0.010875674806860984,-3.8944102950016784e-21,0.010875674806860984,0.9997514995399837,-4,0.4999280577365939,4,0.9998561154731855,0.43155683345104845,5.415722453466995e-16,0.012516210028508253,2.6075107316212974e-11,True,True,True
fd_eps,H3e-4,0.0003,2.51,12.30493006051041,0,5,0.010875674806849292,3.8943566000394354e-21,0.010875674806849292,0.9997514995400063,-4,0.4999280577365941,4,0.999856115473187,0.4315568334510406,5.415722453466995e-16,0.012516210028508253,2.6075107316212974e-11,True,True,True
fd_eps,H3e-4,0.0003,2.51,12.30493006051041,0,6,-5.9502445444668945e-16,0.048059248915418025,0.048059248915418025,0.9998067562240522,8,0.499927418027405,8,0.9998548360202335,0.4315638625032766,5.415722453466995e-16,0.012516210028508253,2.6075107316212974e-11,True,True,True
fd_eps,H3e-4,0.0003,2.51,12.30493006051041,0,7,-5.898059818321144e-16,-0.04805924891541802,0.04805924891541802,0.999806756224052,-8,0.4999274180266179,8,0.9998548360202335,0.4315638625032766,5.415722453466995e-16,0.012516210028508253,2.6075107316212974e-11,True,True,True
fd_eps,H3e-4,0.0003,2.51,12.30493006051041,0,8,-3.3653635433950058e-15,-0.04815830988145237,0.04815830988145237,0.9998942357251194,-8,0.49997371892648346,8,0.9999474378373882,0.4310310496228834,5.415722453466995e-16,0.012516210028508253,2.6075107316212974e-11,True,True,True
fd_eps,H3e-4,0.0003,2.51,12.30493006051041,0,9,-3.376847452676867e-15,0.048158309881452414,0.048158309881452414,0.9998942357251194,8,0.49997371892568837,8,0.9999474378373883,0.4310310496228834,5.415722453466995e-16,0.012516210028508253,2.6075107316212974e-11,True,True,True
fd_eps,H3e-4,0.0003,2.51,12.30493006051041,1,0,4.153018145848274e-15,-0.00016373635137758989,0.00016373635137758989,0.9999049208033409,1,0.962182483066295,1,0.962182483066295,0.11885799198329404,7.893791803944633e-16,0.012516210028508253,2.6075107316212974e-11,True,True,True
fd_eps,H3e-4,0.0003,2.51,12.30493006051041,1,1,-2.0922969387585746e-15,0.000163736351375593,0.000163736351375593,0.9999049208033558,1,0.9621824830660654,1,0.9621824830660654,0.11885799198404141,7.893791803944633e-16,0.012516210028508253,2.6075107316212974e-11,True,True,True
fd_eps,H3e-4,0.0003,2.51,12.30493006051041,1,2,0.005462600375627758,-9.924677047129555e-15,0.005462600375627758,0.9944184413170719,-3,0.7632150937735223,3,0.7632150937735223,0.3987948644929316,7.893791803944633e-16,0.012516210028508253,2.6075107316212974e-11,True,True,True
fd_eps,H3e-4,0.0003,2.51,12.30493006051041,1,3,-0.005462600375661208,2.3365248375535662e-14,0.005462600375661208,0.9944184413173655,-3,0.7632150937672625,3,0.7632150937672625,0.3987948644983091,7.893791803944633e-16,0.012516210028508253,2.6075107316212974e-11,True,True,True
fd_eps,H3e-4,0.0003,2.51,12.30493006051041,1,4,0.006659886591784563,-2.239099474883048e-14,0.006659886591784563,0.9934267474327947,5,0.7591893300370149,5,0.7591893300370149,0.4145821703268287,7.893791803944633e-16,0.012516210028508253,2.6075107316212974e-11,True,True,True
fd_eps,H3e-4,0.0003,2.51,12.30493006051041,1,5,-0.00665988659178207,7.666538516749622e-16,0.00665988659178207,0.9934267474327376,5,0.7591893300499517,5,0.7591893300499517,0.41458217031602934,7.893791803944633e-16,0.012516210028508253,2.6075107316212974e-11,True,True,True
fd_eps,H3e-4,0.0003,2.51,12.30493006051041,1,6,-1.95364557864508e-14,0.03343101644686165,0.03343101644686165,0.9996096017842763,-7,0.9996602339754386,7,0.9996602339754386,0.0023266698466019023,7.893791803944633e-16,0.012516210028508253,2.6075107316212974e-11,True,True,True
fd_eps,H3e-4,0.0003,2.51,12.30493006051041,1,7,-1.1789180742738381e-14,-0.03343101644686524,0.03343101644686524,0.9996096017842674,-7,0.9996602339754485,7,0.9996602339754485,0.0023266698465424403,7.893791803944633e-16,0.012516210028508253,2.6075107316212974e-11,True,True,True
fd_eps,H3e-4,0.0003,2.51,12.30493006051041,2,0,-1.0779601245254923e-14,0.005590326184536174,0.005590326184536174,0.9983434159909362,2,0.49939227842835987,2,0.9987845568559386,0.5067615830182483,8.657231703056567e-16,0.012516210028508253,2.6075107316212974e-11,True,True,True
fd_eps,H3e-4,0.0003,2.51,12.30493006051041,2,1,-1.0780171469008765e-14,-0.0055903261845361716,0.0055903261845361716,0.9983434159909362,-2,0.4993922784283609,2,0.9987845568559388,0.5067615830182481,8.657231703056567e-16,0.012516210028508253,2.6075107316212974e-11,True,True,True
fd_eps,H3e-4,0.0003,2.51,12.30493006051041,2,2,-0.0047092005136558914,1.9871169921699029e-28,0.0047092005136558914,0.981995431804808,-2,0.49988811702616626,2,0.9997762340523321,0.5015180567738835,8.657231703056567e-16,0.012516210028508253,2.6075107316212974e-11,True,True,True
fd_eps,H3e-4,0.0003,2.51,12.30493006051041,2,3,0.004709200513664628,5.3088436644043444e-20,0.004709200513664628,0.9819954318048835,-2,0.4998881170261699,2,0.9997762340523396,0.5015180567738372,8.657231703056567e-16,0.012516210028508253,2.6075107316212974e-11,True,True,True
fd_eps,H3e-4,0.0003,2.51,12.30493006051041,2,4,4.109153969421303e-15,-0.017975956962198784,0.017975956962198784,0.9963698007864008,6,0.49786003464521084,6,0.9957200692672019,0.5199183699502533,8.657231703056567e-16,0.012516210028508253,2.6075107316212974e-11,True,True,True
fd_eps,H3e-4,0.0003,2.51,12.30493006051041,2,5,4.105223105899114e-15,0.017975956962198787,0.017975956962198787,0.9963698007864012,-6,0.4978600346452104,6,0.9957200692672019,0.5199183699502533,8.657231703056567e-16,0.012516210028508253,2.6075107316212974e-11,True,True,True
fd_eps,H3e-4,0.0003,2.51,12.30493006051041,2,6,-6.349087922075114e-15,0.01862329720812501,0.01862329720812501,0.9995148126766404,-6,0.499894321949906,6,0.999788643876333,0.5014425667354288,8.657231703056567e-16,0.012516210028508253,2.6075107316212974e-11,True,True,True
fd_eps,H3e-4,0.0003,2.51,12.30493006051041,2,7,-6.349255893243405e-15,-0.018623297208125045,0.018623297208125045,0.99951481267664,6,0.4998943219499065,6,0.9997886438763328,0.5014425667354288,8.657231703056567e-16,0.012516210028508253,2.6075107316212974e-11,True,True,True
fd_eps,H3e-4,0.0003,2.51,12.30493006051041,3,0,4.152546836520083e-15,0.00016373635137758314,0.00016373635137758314,0.9999049208033403,-1,0.9621824830662951,1,0.9621824830662951,0.11885799198329387,7.7525621289304905e-16,0.012516210028508253,2.6075107316212974e-11,True,True,True
fd_eps,H3e-4,0.0003,2.51,12.30493006051041,3,1,-2.0928087379787427e-15,-0.00016373635137558623,0.00016373635137558623,0.9999049208033551,-1,0.9621824830660652,1,0.9621824830660652,0.11885799198404137,7.7525621289304905e-16,0.012516210028508253,2.6075107316212974e-11,True,True,True
fd_eps,H3e-4,0.0003,2.51,12.30493006051041,3,2,0.005462600375627758,9.9245426642959e-15,0.005462600375627758,0.9944184413170712,3,0.7632150937735235,3,0.7632150937735235,0.39879486449293056,7.7525621289304905e-16,0.012516210028508253,2.6075107316212974e-11,True,True,True
fd_eps,H3e-4,0.0003,2.51,12.30493006051041,3,3,-0.005462600375661187,-2.3365260427987107e-14,0.005462600375661187,0.9944184413173663,3,0.7632150937672598,3,0.7632150937672598,0.3987948644983114,7.7525621289304905e-16,0.012516210028508253,2.6075107316212974e-11,True,True,True
fd_eps,H3e-4,0.0003,2.51,12.30493006051041,3,4,0.0066598865917845635,2.2391636343095975e-14,0.0066598865917845635,0.9934267474327942,-5,0.7591893300370172,5,0.7591893300370172,0.41458217032682687,7.7525621289304905e-16,0.012516210028508253,2.6075107316212974e-11,True,True,True
fd_eps,H3e-4,0.0003,2.51,12.30493006051041,3,5,-0.006659886591782039,-7.662520976812619e-16,0.006659886591782039,0.9934267474327376,-5,0.7591893300499518,5,0.7591893300499518,0.41458217031602923,7.7525621289304905e-16,0.012516210028508253,2.6075107316212974e-11,True,True,True
fd_eps,H3e-4,0.0003,2.51,12.30493006051041,3,6,-1.950956757257316e-14,-0.03343101644686168,0.03343101644686168,0.9996096017842754,7,0.9996602339754386,7,0.9996602339754386,0.002326669846601919,7.7525621289304905e-16,0.012516210028508253,2.6075107316212974e-11,True,True,True
fd_eps,H3e-4,0.0003,2.51,12.30493006051041,3,7,-1.176836406102666e-14,0.03343101644686526,0.03343101644686526,0.9996096017842683,7,0.9996602339754486,7,0.9996602339754486,0.002326669846542374,7.7525621289304905e-16,0.012516210028508253,2.6075107316212974e-11,True,True,True
fd_eps,H3e-4,0.0003,2.56,12.935817315543076,0,0,1.6064888023316772e-15,-1.263068043830639e-11,1.263068054047057e-11,0.9990696740308147,0,0.9943519959162378,0,0.9943519959162378,0.024097624710579215,5.184434502694248e-16,0.008104392808262176,2.2912557318683824e-11,True,True,True
fd_eps,H3e-4,0.0003,2.56,12.935817315543076,0,1,1.6064888021499316e-15,1.2630680438306362e-11,1.2630680540470544e-11,0.9990696740308151,0,0.9943519959162378,0,0.9943519959162378,0.024097624710579222,5.184434502694248e-16,0.008104392808262176,2.2912557318683824e-11,True,True,True
fd_eps,H3e-4,0.0003,2.56,12.935817315543076,0,2,-0.009361492802546178,-1.1707519258865295e-21,0.009361492802546178,0.9997287963227254,4,0.4999862488070126,4,0.9999724976139894,0.43087585283343693,5.184434502694248e-16,0.008104392808262176,2.2912557318683824e-11,True,True,True
fd_eps,H3e-4,0.0003,2.56,12.935817315543076,0,3,0.009361492802535704,1.1707532906985586e-21,0.009361492802535704,0.99972879632273,4,0.499986248806997,4,0.999972497613991,0.43087585283342583,5.184434502694248e-16,0.008104392808262176,2.2912557318683824e-11,True,True,True
fd_eps,H3e-4,0.0003,2.56,12.935817315543076,0,4,-0.010009209084162708,-6.906152814949911e-22,0.010009209084162708,0.9999097776639444,-4,0.49997330653032634,4,0.999946613060613,0.43103606449013365,5.184434502694248e-16,0.008104392808262176,2.2912557318683824e-11,True,True,True
fd_eps,H3e-4,0.0003,2.56,12.935817315543076,0,5,0.010009209084175234,6.906054759772119e-22,0.010009209084175234,0.9999097776639371,4,0.49997330653030614,4,0.9999466130606116,0.43103606449014176,5.184434502694248e-16,0.008104392808262176,2.2912557318683824e-11,True,True,True
fd_eps,H3e-4,0.0003,2.56,12.935817315543076,0,6,3.199575071867052e-15,0.04830583242373318,0.04830583242373318,0.999919881974356,8,0.4999730672653991,8,0.999946134528651,0.4310389882480959,5.184434502694248e-16,0.008104392808262176,2.2912557318683824e-11,True,True,True
fd_eps,H3e-4,0.0003,2.56,12.935817315543076,0,7,3.1953606427492787e-15,-0.04830583242373322,0.04830583242373322,0.9999198819743558,-8,0.49997306726729746,8,0.9999461345286509,0.4310389882480959,5.184434502694248e-16,0.008104392808262176,2.2912557318683824e-11,True,True,True
fd_eps,H3e-4,0.0003,2.56,12.935817315543076,0,8,5.613565168260948e-15,-0.048346865437172516,0.048346865437172516,0.999945496066299,-8,0.4999877341649225,8,0.9999754682247947,0.43085361547809137,5.184434502694248e-16,0.008104392808262176,2.2912557318683824e-11,True,True,True
fd_eps,H3e-4,0.0003,2.56,12.935817315543076,0,9,5.602108737860256e-15,0.04834686543717251,0.04834686543717251,0.9999454960662988,8,0.4999877341663911,8,0.9999754682247946,0.43085361547809137,5.184434502694248e-16,0.008104392808262176,2.2912557318683824e-11,True,True,True
fd_eps,H3e-4,0.0003,2.56,12.935817315543076,1,0,3.9705548834278764e-15,-0.00011678510104988123,0.00011678510104988123,0.9999541160742734,1,0.9614405466255732,1,0.9614405466255732,0.12018929226411403,7.775240717516671e-16,0.008104392808262176,2.2912557318683824e-11,True,True,True
fd_eps,H3e-4,0.0003,2.56,12.935817315543076,1,1,-4.0025171592602756e-15,0.0001167851010515872,0.0001167851010515872,0.9999541160742588,1,0.9614405466251656,1,0.9614405466251656,0.120189292264914,7.775240717516671e-16,0.008104392808262176,2.2912557318683824e-11,True,True,True
fd_eps,H3e-4,0.0003,2.56,12.935817315543076,1,2,0.00440992115456167,-4.430288458289384e-14,0.00440992115456167,0.9938116477024674,-3,0.8103446840793505,3,0.8103446840793505,0.35294613369381456,7.775240717516671e-16,0.008104392808262176,2.2912557318683824e-11,True,True,True
fd_eps,H3e-4,0.0003,2.56,12.935817315543076,1,3,-0.00440992115455832,2.9150204025495835e-14,0.00440992115455832,0.993811647701549,-3,0.8103446840785267,3,0.8103446840785267,0.35294613369479694,7.775240717516671e-16,0.008104392808262176,2.2912557318683824e-11,True,True,True
fd_eps,H3e-4,0.0003,2.56,12.935817315543076,1,4,0.0052180734899219695,-5.9046851849215046e-15,0.0052180734899219695,0.9932598383034734,5,0.8080829016566043,5,0.8080829016566043,0.36394896443853025,7.775240717516671e-16,0.008104392808262176,2.2912557318683824e-11,True,True,True
fd_eps,H3e-4,0.0003,2.56,12.935817315543076,1,5,-0.005218073489894554,1.1905211575353476e-14,0.005218073489894554,0.9932598383036567,5,0.8080829016684297,5,0.8080829016684297,0.36394896442626185,7.775240717516671e-16,0.008104392808262176,2.2912557318683824e-11,True,True,True
fd_eps,H3e-4,0.0003,2.56,12.935817315543076,1,6,-3.0982161280945775e-15,0.0337167104938723,0.0337167104938723,0.9998366797685793,-7,0.9998707739907357,7,0.9998707739907357,0.0009645207157545545,7.775240717516671e-16,0.008104392808262176,2.2912557318683824e-11,True,True,True
fd_eps,H3e-4,0.0003,2.56,12.935817315543076,1,7,-9.076940588048643e-15,-0.03371671049386373,0.03371671049386373,0.999836679768581,-7,0.999870773990733,7,0.999870773990733,0.0009645207157727831,7.775240717516671e-16,0.008104392808262176,2.2912557318683824e-11,True,True,True
fd_eps,H3e-4,0.0003,2.56,12.935817315543076,2,0,1.6818630819711665e-15,0.005877137912507187,0.005877137912507187,0.9990466797716979,2,0.4997400217716102,2,0.9994800435404547,0.5032111578834145,9.62207684868345e-16,0.008104392808262176,2.2912557318683824e-11,True,True,True
fd_eps,H3e-4,0.0003,2.56,12.935817315543076,2,1,1.682124208626504e-15,-0.005877137912507189,0.005877137912507189,0.9990466797716979,-2,0.49974002177161003,2,0.9994800435404546,0.5032111578834145,9.62207684868345e-16,0.008104392808262176,2.2912557318683824e-11,True,True,True
fd_eps,H3e-4,0.0003,2.56,12.935817315543076,2,2,-0.0019201963592601152,2.9310187083731517e-30,0.0019201963592601152,0.9696974221215432,-2,0.4999492875449765,2,0.9998985750899525,0.5007459762696091,9.62207684868345e-16,0.008104392808262176,2.2912557318683824e-11,True,True,True
fd_eps,H3e-4,0.0003,2.56,12.935817315543076,2,3,0.0019201963592800832,1.1504738685768095e-28,0.0019201963592800832,0.9696974221218797,-2,0.49994928754497653,2,0.9998985750899525,0.5007459762696098,9.62207684868345e-16,0.008104392808262176,2.2912557318683824e-11,True,True,True
fd_eps,H3e-4,0.0003,2.56,12.935817315543076,2,4,-8.138953642370093e-16,-0.018615200750704174,0.018615200750704174,0.9988000341571707,-6,0.4992096752276226,6,0.9984193504023077,0.5084934791005794,9.62207684868345e-16,0.008104392808262176,2.2912557318683824e-11,True,True,True
fd_eps,H3e-4,0.0003,2.56,12.935817315543076,2,5,-8.114169058881515e-16,0.018615200750704167,0.018615200750704167,0.9988000341571707,6,0.49920967522761195,6,0.9984193504023076,0.5084934791005794,9.62207684868345e-16,0.008104392808262176,2.2912557318683824e-11,True,True,True
fd_eps,H3e-4,0.0003,2.56,12.935817315543076,2,6,-8.652800698172314e-15,0.018929494585205178,0.018929494585205178,0.9997302746877302,-6,0.49994700836475436,6,0.9998940167017931,0.5007761418726049,9.62207684868345e-16,0.008104392808262176,2.2912557318683824e-11,True,True,True
fd_eps,H3e-4,0.0003,2.56,12.935817315543076,2,7,-8.652279336877668e-15,-0.018929494585205212,0.018929494585205212,0.9997302746877305,6,0.4999470083647469,6,0.9998940167017931,0.5007761418726049,9.62207684868345e-16,0.008104392808262176,2.2912557318683824e-11,True,True,True
fd_eps,H3e-4,0.0003,2.56,12.935817315543076,3,0,3.971354360963014e-15,0.00011678510104987402,0.00011678510104987402,0.9999541160742734,-1,0.9614405466255728,1,0.9614405466255728,0.12018929226411472,7.628791632007569e-16,0.008104392808262176,2.2912557318683824e-11,True,True,True
fd_eps,H3e-4,0.0003,2.56,12.935817315543076,3,1,-4.001685891855383e-15,-0.00011678510105158001,0.00011678510105158001,0.9999541160742592,-1,0.9614405466251652,1,0.9614405466251652,0.12018929226491476,7.628791632007569e-16,0.008104392808262176,2.2912557318683824e-11,True,True,True
fd_eps,H3e-4,0.0003,2.56,12.935817315543076,3,2,0.004409921154561669,4.430260055019688e-14,0.004409921154561669,0.9938116477024681,3,0.8103446840793508,3,0.8103446840793508,0.3529461336938141,7.628791632007569e-16,0.008104392808262176,2.2912557318683824e-11,True,True,True
fd_eps,H3e-4,0.0003,2.56,12.935817315543076,3,3,-0.004409921154558321,-2.915010071383911e-14,0.004409921154558321,0.9938116477015487,3,0.8103446840785264,3,0.8103446840785264,0.35294613369479716,7.628791632007569e-16,0.008104392808262176,2.2912557318683824e-11,True,True,True
fd_eps,H3e-4,0.0003,2.56,12.935817315543076,3,4,0.005218073489921974,5.904458337007637e-15,0.005218073489921974,0.9932598383034741,-5,0.8080829016566049,5,0.8080829016566049,0.3639489644385297,7.628791632007569e-16,0.008104392808262176,2.2912557318683824e-11,True,True,True
fd_eps,H3e-4,0.0003,2.56,12.935817315543076,3,5,-0.005218073489894554,-1.1905102732860753e-14,0.005218073489894554,0.9932598383036556,-5,0.8080829016684339,5,0.8080829016684339,0.3639489644262573,7.628791632007569e-16,0.008104392808262176,2.2912557318683824e-11,True,True,True
fd_eps,H3e-4,0.0003,2.56,12.935817315543076,3,6,-3.0878077872387166e-15,-0.033716710493872336,0.033716710493872336,0.9998366797685786,7,0.9998707739907358,7,0.9998707739907358,0.0009645207157544821,7.628791632007569e-16,0.008104392808262176,2.2912557318683824e-11,True,True,True
fd_eps,H3e-4,0.0003,2.56,12.935817315543076,3,7,-9.070848905953935e-15,0.03371671049386376,0.03371671049386376,0.9998366797685813,7,0.9998707739907331,7,0.9998707739907331,0.0009645207157727125,7.628791632007569e-16,0.008104392808262176,2.2912557318683824e-11,True,True,True
fd_eps,H3e-4,0.0003,2.61,13.599050851830924,0,0,-2.8545789422950876e-15,-1.8138684306542493e-11,1.8138684531162448e-11,0.9994859405461645,0,0.9972354305020029,0,0.9972354305020029,0.013024870546094833,5.112380965197352e-16,0.005288636533792046,3.008639278589744e-11,True,True,True
fd_eps,H3e-4,0.0003,2.61,13.599050851830924,0,1,-2.854578942358767e-15,1.8138684306542502e-11,1.8138684531162457e-11,0.9994859405461642,0,0.9972354305020029,0,0.9972354305020029,0.013024870546094833,5.112380965197352e-16,0.005288636533792046,3.008639278589744e-11,True,True,True
fd_eps,H3e-4,0.0003,2.61,13.599050851830924,0,2,-0.008992164492497347,6.772858018450494e-22,0.008992164492497347,0.9998657699780116,-4,0.4999937976440041,4,0.9999875952879955,0.43077255552865407,5.112380965197352e-16,0.005288636533792046,3.008639278589744e-11,True,True,True
fd_eps,H3e-4,0.0003,2.61,13.599050851830924,0,3,0.008992164492504185,-6.772862332860966e-22,0.008992164492504185,0.9998657699780376,4,0.49999379764400664,4,0.9999875952879949,0.4307725555286606,5.112380965197352e-16,0.005288636533792046,3.008639278589744e-11,True,True,True
fd_eps,H3e-4,0.0003,2.61,13.599050851830924,0,4,-0.0093991797637483,-8.922369732630899e-22,0.0093991797637483,0.9999698752627065,4,0.4999896948521316,4,0.9999793897042628,0.4308275358761116,5.112380965197352e-16,0.005288636533792046,3.008639278589744e-11,True,True,True
fd_eps,H3e-4,0.0003,2.61,13.599050851830924,0,5,0.009399179763758078,8.922220489176072e-22,0.009399179763758078,0.999969875262707,-4,0.49998969485213823,4,0.9999793897042608,0.43082753587612427,5.112380965197352e-16,0.005288636533792046,3.008639278589744e-11,True,True,True
fd_eps,H3e-4,0.0003,2.61,13.599050851830924,0,6,7.497089237715241e-15,0.04845654419609204,0.04845654419609204,0.9999639443023115,8,0.4999895835127758,8,0.9999791668548558,0.4308290291164304,5.112380965197352e-16,0.005288636533792046,3.008639278589744e-11,True,True,True
fd_eps,H3e-4,0.0003,2.61,13.599050851830924,0,7,7.488801245791876e-15,-0.04845654419609205,0.04845654419609205,0.9999639443023111,-8,0.49998958351096556,8,0.9999791668548557,0.4308290291164305,5.112380965197352e-16,0.005288636533792046,3.008639278589744e-11,True,True,True
fd_eps,H3e-4,0.0003,2.61,13.599050851830924,0,8,-2.220446049250313e-15,-0.04847361997483455,0.04847361997483455,0.9999716942475251,8,0.49999433454047204,8,0.9999886675659695,0.43076378607411764,5.112380965197352e-16,0.005288636533792046,3.008639278589744e-11,True,True,True
fd_eps,H3e-4,0.0003,2.61,13.599050851830924,0,9,-2.2308811779025493e-15,0.04847361997483453,0.04847361997483453,0.9999716942475251,-8,0.49999433454205283,8,0.9999886675659695,0.4307637860741175,5.112380965197352e-16,0.005288636533792046,3.008639278589744e-11,True,True,True
fd_eps,H3e-4,0.0003,2.61,13.599050851830924,1,0,1.09128368055957e-15,-8.630724404331556e-05,8.630724404331556e-05,0.9997320084195067,1,0.9552192543630555,1,0.9552192543630555,0.13435190975493283,8.265417497785665e-16,0.005288636533792046,3.008639278589744e-11,True,True,True
fd_eps,H3e-4,0.0003,2.61,13.599050851830924,1,1,-8.456845328462946e-16,8.630724404354205e-05,8.630724404354205e-05,0.9997320084195154,1,0.9552192543627648,1,0.9552192543627648,0.1343519097558225,8.265417497785665e-16,0.005288636533792046,3.008639278589744e-11,True,True,True
fd_eps,H3e-4,0.0003,2.61,13.599050851830924,1,2,0.00344952075290583,-3.631403953672484e-14,0.00344952075290583,0.9928767895666968,-3,0.8596635077085631,3,0.8596635077085631,0.294249905883464,8.265417497785665e-16,0.005288636533792046,3.008639278589744e-11,True,True,True
fd_eps,H3e-4,0.0003,2.61,13.599050851830924,1,3,-0.0034495207528877792,3.18513494850137e-14,0.0034495207528877792,0.9928767895658335,-3,0.8596635077118522,3,0.8596635077118522,0.29424990587906447,8.265417497785665e-16,0.005288636533792046,3.008639278589744e-11,True,True,True
fd_eps,H3e-4,0.0003,2.61,13.599050851830924,1,4,0.0040171427911036214,-3.314858055578062e-15,0.0040171427911036214,0.9926290684298401,5,0.8580525596817659,5,0.8580525596817659,0.30270172693238234,8.265417497785665e-16,0.005288636533792046,3.008639278589744e-11,True,True,True
fd_eps,H3e-4,0.0003,2.61,13.599050851830924,1,5,-0.004017142791121994,1.3750973826067917e-15,0.004017142791121994,0.9926290684376156,5,0.8580525596524566,5,0.8580525596524566,0.3027017269706196,8.265417497785665e-16,0.005288636533792046,3.008639278589744e-11,True,True,True
fd_eps,H3e-4,0.0003,2.61,13.599050851830924,1,6,-1.9914625504213745e-15,0.03390057674056238,0.03390057674056238,0.9999259757295509,-7,0.9999484829315168,7,0.9999484829315168,0.0004148733286912279,8.265417497785665e-16,0.005288636533792046,3.008639278589744e-11,True,True,True
fd_eps,H3e-4,0.0003,2.61,13.599050851830924,1,7,2.6020852139652106e-17,-0.03390057674056378,0.03390057674056378,0.9999259757295489,-7,0.999948482931521,7,0.999948482931521,0.0004148733286599831,8.265417497785665e-16,0.005288636533792046,3.008639278589744e-11,True,True,True
fd_eps,H3e-4,0.0003,2.61,13.599050851830924,2,0,2.771875838747138e-15,0.006088085728162274,0.006088085728162274,0.9994260717820262,2,0.4998866466050553,2,0.9997732932066703,0.5015358723549028,9.589436769451116e-16,0.005288636533792046,3.008639278589744e-11,True,True,True
fd_eps,H3e-4,0.0003,2.61,13.599050851830924,2,1,2.7730156358501063e-15,-0.006088085728162274,0.006088085728162274,0.9994260717820262,-2,0.4998866466050553,2,0.9997732932066703,0.5015358723549028,9.589436769451116e-16,0.005288636533792046,3.008639278589744e-11,True,True,True
fd_eps,H3e-4,0.0003,2.61,13.599050851830924,2,2,8.515452877964006e-15,-0.0031173864407888765,0.0031173864407888765,0.9501954908115219,2,0.4999762623721309,2,0.9999525247414301,0.5003751762078008,9.589436769451116e-16,0.005288636533792046,3.008639278589744e-11,True,True,True
fd_eps,H3e-4,0.0003,2.61,13.599050851830924,2,3,8.515120486999991e-15,0.003117386440788876,0.003117386440788876,0.9501954908114081,-2,0.4999762623721306,2,0.9999525247414301,0.5003751762078008,9.589436769451116e-16,0.005288636533792046,3.008639278589744e-11,True,True,True
fd_eps,H3e-4,0.0003,2.61,13.599050851830924,2,4,-6.080205783298709e-15,-0.018997365823805106,0.018997365823805106,0.9995413845803982,6,0.4996924513206197,6,0.9993849026022548,0.5037241529449853,9.589436769451116e-16,0.005288636533792046,3.008639278589744e-11,True,True,True
fd_eps,H3e-4,0.0003,2.61,13.599050851830924,2,5,-6.0859260312081766e-15,0.018997365823805092,0.018997365823805092,0.9995413845803982,-6,0.4996924513205782,6,0.9993849026022547,0.5037241529449853,9.589436769451116e-16,0.005288636533792046,3.008639278589744e-11,True,True,True
fd_eps,H3e-4,0.0003,2.61,13.599050851830924,2,6,2.945560692603395e-15,0.01915258279215267,0.01915258279215267,0.9998515597670523,-6,0.4999737848142585,6,0.9999475695562832,0.5004105799981109,9.589436769451116e-16,0.005288636533792046,3.008639278589744e-11,True,True,True
fd_eps,H3e-4,0.0003,2.61,13.599050851830924,2,7,2.942091015256665e-15,-0.01915258279215267,0.01915258279215267,0.9998515597670521,6,0.4999737848141588,6,0.9999475695562832,0.500410579998111,9.589436769451116e-16,0.005288636533792046,3.008639278589744e-11,True,True,True
fd_eps,H3e-4,0.0003,2.61,13.599050851830924,3,0,1.0914272735876711e-15,8.630724404330633e-05,8.630724404330633e-05,0.9997320084195067,-1,0.9552192543630555,1,0.9552192543630555,0.1343519097549323,7.470694692374055e-16,0.005288636533792046,3.008639278589744e-11,True,True,True
fd_eps,H3e-4,0.0003,2.61,13.599050851830924,3,1,-8.455019377977128e-16,-8.630724404353283e-05,8.630724404353283e-05,0.999732008419516,-1,0.9552192543627649,1,0.9552192543627649,0.13435190975582198,7.470694692374055e-16,0.005288636533792046,3.008639278589744e-11,True,True,True
fd_eps,H3e-4,0.0003,2.61,13.599050851830924,3,2,0.0034495207529058308,3.631362801308901e-14,0.0034495207529058308,0.9928767895666972,3,0.8596635077085586,3,0.8596635077085586,0.29424990588347,7.470694692374055e-16,0.005288636533792046,3.008639278589744e-11,True,True,True
fd_eps,H3e-4,0.0003,2.61,13.599050851830924,3,3,-0.003449520752887781,-3.185132730773904e-14,0.003449520752887781,0.9928767895658333,3,0.8596635077118523,3,0.8596635077118523,0.29424990587906447,7.470694692374055e-16,0.005288636533792046,3.008639278589744e-11,True,True,True
fd_eps,H3e-4,0.0003,2.61,13.599050851830924,3,4,0.004017142791103608,3.3150321486661803e-15,0.004017142791103608,0.9926290684298403,-5,0.8580525596817649,5,0.8580525596817649,0.3027017269323837,7.470694692374055e-16,0.005288636533792046,3.008639278589744e-11,True,True,True
fd_eps,H3e-4,0.0003,2.61,13.599050851830924,3,5,-0.004017142791121993,-1.375213389756553e-15,0.004017142791121993,0.9926290684376167,-5,0.8580525596524544,5,0.8580525596524544,0.30270172697062236,7.470694692374055e-16,0.005288636533792046,3.008639278589744e-11,True,True,True
fd_eps,H3e-4,0.0003,2.61,13.599050851830924,3,6,-2.0261570199409107e-15,-0.033900576740562384,0.033900576740562384,0.9999259757295509,7,0.9999484829315168,7,0.9999484829315168,0.0004148733286912518,7.470694692374055e-16,0.005288636533792046,3.008639278589744e-11,True,True,True
fd_eps,H3e-4,0.0003,2.61,13.599050851830924,3,7,-1.1275702593849246e-17,0.03390057674056379,0.03390057674056379,0.9999259757295496,7,0.9999484829315212,7,0.9999484829315212,0.0004148733286599271,7.470694692374055e-16,0.005288636533792046,3.008639278589744e-11,True,True,True
fd_eps,H3e-4,0.0003,2.66,14.296289098677603,0,0,1.3031901926778985e-14,-1.9368281366129613e-11,1.9368285750371182e-11,0.9997364135351127,0,0.9986777256222479,0,0.9986777256222479,0.006836236362431795,5.508017070548402e-16,0.003476388187677083,3.709167246321896e-11,True,True,True
fd_eps,H3e-4,0.0003,2.66,14.296289098677603,0,1,1.3031901923354108e-14,1.9368281366129875e-11,1.9368285750371444e-11,0.9997364135351129,0,0.9986777256222479,0,0.9986777256222479,0.006836236362431791,5.508017070548402e-16,0.003476388187677083,3.709167246321896e-11,True,True,True
fd_eps,H3e-4,0.0003,2.66,14.296289098677603,0,2,-0.008707878323753424,-2.26322268094569e-21,0.008707878323753424,0.9999340871398024,-4,0.49999719771888973,4,0.999994395437771,0.43072268866705404,5.508017070548402e-16,0.003476388187677083,3.709167246321896e-11,True,True,True
fd_eps,H3e-4,0.0003,2.66,14.296289098677603,0,3,0.008707878323740155,2.2632149756326056e-21,0.008707878323740155,0.9999340871397804,4,0.49999719771889617,4,0.9999943954377712,0.43072268866705266,5.508017070548402e-16,0.003476388187677083,3.709167246321896e-11,True,True,True
fd_eps,H3e-4,0.0003,2.66,14.296289098677603,0,4,-0.008964596867664284,-2.814023257838953e-21,0.008964596867664284,0.9999910369587133,4,0.4999958823002921,4,0.9999917646005752,0.430741579377713,5.508017070548402e-16,0.003476388187677083,3.709167246321896e-11,True,True,True
fd_eps,H3e-4,0.0003,2.66,14.296289098677603,0,5,0.00896459686765499,2.814031030864515e-21,0.00896459686765499,0.9999910369587179,-4,0.49999588230030023,4,0.9999917646005747,0.430741579377716,5.508017070548402e-16,0.003476388187677083,3.709167246321896e-11,True,True,True
fd_eps,H3e-4,0.0003,2.66,14.296289098677603,0,6,1.197569081865077e-15,0.04855333534908558,0.04855333534908558,0.9999826734949369,-8,0.49999582825762545,8,0.999991655339576,0.43074237369447127,5.508017070548402e-16,0.003476388187677083,3.709167246321896e-11,True,True,True
fd_eps,H3e-4,0.0003,2.66,14.296289098677603,0,7,1.1986939218999737e-15,-0.04855333534908559,0.04855333534908559,0.9999826734949371,8,0.4999958282557133,8,0.999991655339576,0.43074237369447127,5.508017070548402e-16,0.003476388187677083,3.709167246321896e-11,True,True,True
fd_eps,H3e-4,0.0003,2.66,14.296289098677603,0,8,-5.079270337660091e-15,-0.04856046906610278,0.04856046906610278,0.9999850809088602,-8,0.49999739401636417,8,0.9999947879743448,0.43071919095609806,5.508017070548402e-16,0.003476388187677083,3.709167246321896e-11,True,True,True
fd_eps,H3e-4,0.0003,2.66,14.296289098677603,0,9,-5.0846383167069254e-15,0.04856046906610274,0.04856046906610274,0.9999850809088606,8,0.49999739401673704,8,0.9999947879743448,0.43071919095609806,5.508017070548402e-16,0.003476388187677083,3.709167246321896e-11,True,True,True
fd_eps,H3e-4,0.0003,2.66,14.296289098677603,1,0,6.9513130043686375e-15,-6.840534942970938e-05,6.840534942970938e-05,0.9974998351059604,1,0.9325974118398155,1,0.9325974118398155,0.18172501305746785,7.834899072186917e-16,0.003476388187677083,3.709167246321896e-11,True,True,True
fd_eps,H3e-4,0.0003,2.66,14.296289098677603,1,1,-7.45565566078766e-15,6.840534942951574e-05,6.840534942951574e-05,0.9974998351061216,1,0.9325974118402509,1,0.9325974118402509,0.18172501305744554,7.834899072186917e-16,0.003476388187677083,3.709167246321896e-11,True,True,True
fd_eps,H3e-4,0.0003,2.66,14.296289098677603,1,2,0.0025242705063189793,-8.239364744914803e-15,0.0025242705063189793,0.9910945158125845,-3,0.909572861602743,3,0.909572861602743,0.22014153121802355,7.834899072186917e-16,0.003476388187677083,3.709167246321896e-11,True,True,True
fd_eps,H3e-4,0.0003,2.66,14.296289098677603,1,3,-0.0025242705063256176,4.754582635783974e-15,0.0025242705063256176,0.9910945158116627,-3,0.9095728616093697,3,0.9095728616093697,0.22014153120675195,7.834899072186917e-16,0.003476388187677083,3.709167246321896e-11,True,True,True
fd_eps,H3e-4,0.0003,2.66,14.296289098677603,1,4,0.0029482584939252484,6.2496654449830644e-15,0.0029482584939252484,0.9912287361608902,5,0.9075256031850031,5,0.9075256031850031,0.2285451256775508,7.834899072186917e-16,0.003476388187677083,3.709167246321896e-11,True,True,True
fd_eps,H3e-4,0.0003,2.66,14.296289098677603,1,5,-0.0029482584939296667,5.954097368238151e-15,0.0029482584939296667,0.9912287361588232,5,0.9075256031682938,5,0.9075256031682938,0.22854512570530972,7.834899072186917e-16,0.003476388187677083,3.709167246321896e-11,True,True,True
fd_eps,H3e-4,0.0003,2.66,14.296289098677603,1,6,-1.0276501871686605e-14,0.03402327251882284,0.03402327251882284,0.9999642526645295,-7,0.9999786897309819,7,0.9999786897309819,0.00018388657372215571,7.834899072186917e-16,0.003476388187677083,3.709167246321896e-11,True,True,True
fd_eps,H3e-4,0.0003,2.66,14.296289098677603,1,7,-3.615163723935666e-15,-0.034023272518825504,0.034023272518825504,0.9999642526645313,-7,0.999978689730982,7,0.999978689730982,0.00018388657372099247,7.834899072186917e-16,0.003476388187677083,3.709167246321896e-11,True,True,True
fd_eps,H3e-4,0.0003,2.66,14.296289098677603,2,0,7.299991565978451e-16,0.006245945153273597,0.006245945153273597,0.9996495782220518,-2,0.49995014908056745,2,0.9999002981573119,0.500734535550389,9.368631087229754e-16,0.003476388187677083,3.709167246321896e-11,True,True,True
fd_eps,H3e-4,0.0003,2.66,14.296289098677603,2,1,7.310155900021805e-16,-0.006245945153273598,0.006245945153273598,0.9996495782220516,2,0.4999501490805665,2,0.9999002981573117,0.500734535550389,9.368631087229754e-16,0.003476388187677083,3.709167246321896e-11,True,True,True
fd_eps,H3e-4,0.0003,2.66,14.296289098677603,2,2,3.2246339637524044e-15,-0.004405544260363115,0.004405544260363115,0.994704044771021,-2,0.49998867187703916,2,0.9999773437514183,0.5001911327595197,9.368631087229754e-16,0.003476388187677083,3.709167246321896e-11,True,True,True
fd_eps,H3e-4,0.0003,2.66,14.296289098677603,2,3,3.2233366413296115e-15,0.00440554426036312,0.00440554426036312,0.9947040447710213,2,0.4999886718770397,2,0.9999773437514183,0.5001911327595197,9.368631087229754e-16,0.003476388187677083,3.709167246321896e-11,True,True,True
fd_eps,H3e-4,0.0003,2.66,14.296289098677603,2,4,-8.302882296206444e-16,-0.01923830069221381,0.01923830069221381,0.9998074261696251,6,0.49987613934936515,6,0.9997522785484946,0.5016623979578853,9.368631087229754e-16,0.003476388187677083,3.709167246321896e-11,True,True,True
fd_eps,H3e-4,0.0003,2.66,14.296289098677603,2,5,-8.135853102331225e-16,0.01923830069221381,0.01923830069221381,0.9998074261696247,-6,0.4998761393498086,6,0.9997522785484947,0.5016623979578853,9.368631087229754e-16,0.003476388187677083,3.709167246321896e-11,True,True,True
fd_eps,H3e-4,0.0003,2.66,14.296289098677603,2,6,-1.474514954580286e-16,0.019315856529554823,0.019315856529554823,0.9999182405478251,6,0.4999870976184617,6,0.9999741951994479,0.5002152723865623,9.368631087229754e-16,0.003476388187677083,3.709167246321896e-11,True,True,True
fd_eps,H3e-4,0.0003,2.66,14.296289098677603,2,7,-1.56123845014993e-16,-0.019315856529554823,0.019315856529554823,0.9999182405478251,-6,0.49998709761804033,6,0.999974195199448,0.5002152723865623,9.368631087229754e-16,0.003476388187677083,3.709167246321896e-11,True,True,True
fd_eps,H3e-4,0.0003,2.66,14.296289098677603,3,0,6.952142935772864e-15,6.840534942970244e-05,6.840534942970244e-05,0.9974998351059604,-1,0.9325974118398151,1,0.9325974118398151,0.18172501305746785,7.819096108294604e-16,0.003476388187677083,3.709167246321896e-11,True,True,True
fd_eps,H3e-4,0.0003,2.66,14.296289098677603,3,1,-7.454796683164617e-15,-6.840534942950876e-05,6.840534942950876e-05,0.9974998351061223,-1,0.9325974118402507,1,0.9325974118402507,0.1817250130574454,7.819096108294604e-16,0.003476388187677083,3.709167246321896e-11,True,True,True
fd_eps,H3e-4,0.0003,2.66,14.296289098677603,3,2,0.002524270506318975,8.23934428511217e-15,0.002524270506318975,0.9910945158125835,3,0.9095728616027435,3,0.9095728616027435,0.22014153121802255,7.819096108294604e-16,0.003476388187677083,3.709167246321896e-11,True,True,True
fd_eps,H3e-4,0.0003,2.66,14.296289098677603,3,3,-0.0025242705063256146,-4.7547351616298195e-15,0.0025242705063256146,0.9910945158116639,3,0.9095728616093685,3,0.9095728616093685,0.22014153120675384,7.819096108294604e-16,0.003476388187677083,3.709167246321896e-11,True,True,True
fd_eps,H3e-4,0.0003,2.66,14.296289098677603,3,4,0.002948258493925248,-6.2501179113462e-15,0.002948258493925248,0.9912287361608902,-5,0.9075256031850022,5,0.9075256031850022,0.22854512567755214,7.819096108294604e-16,0.003476388187677083,3.709167246321896e-11,True,True,True
fd_eps,H3e-4,0.0003,2.66,14.296289098677603,3,5,-0.0029482584939296607,-5.953670005662446e-15,0.0029482584939296607,0.9912287361588226,-5,0.9075256031682949,5,0.9075256031682949,0.22854512570530774,7.819096108294604e-16,0.003476388187677083,3.709167246321896e-11,True,True,True
fd_eps,H3e-4,0.0003,2.66,14.296289098677603,3,6,-1.0255685189974884e-14,-0.03402327251882277,0.03402327251882277,0.9999642526645295,7,0.999978689730982,7,0.999978689730982,0.00018388657372207207,7.819096108294604e-16,0.003476388187677083,3.709167246321896e-11,True,True,True
fd_eps,H3e-4,0.0003,2.66,14.296289098677603,3,7,-3.598683850913886e-15,0.03402327251882544,0.03402327251882544,0.9999642526645308,7,0.9999786897309821,7,0.9999786897309821,0.00018388657372090978,7.819096108294604e-16,0.003476388187677083,3.709167246321896e-11,True,True,True
fd_eps,H3e-4,0.0003,2.71,15.029275514875401,0,0,1.3526682946481345e-14,-1.6584359841367208e-11,1.6584365357742964e-11,0.9998695065918874,0,0.9993763711966018,0,0.9993763711966018,0.0035155475757560166,5.35791255844229e-16,0.0023004857397262834,4.435184887798488e-11,True,True,True
fd_eps,H3e-4,0.0003,2.71,15.029275514875401,0,1,1.3526682940769066e-14,1.6584359841366542e-11,1.658436535774229e-11,0.9998695065918868,0,0.9993763711966019,0,0.9993763711966019,0.003515547575755948,5.35791255844229e-16,0.0023004857397262834,4.435184887798488e-11,True,True,True
fd_eps,H3e-4,0.0003,2.71,15.029275514875401,0,2,-0.008489046589166216,-3.9416518388961688e-22,0.008489046589166216,0.9999675401812331,4,0.4999987292952409,4,0.9999974585904435,0.430698722369015,5.35791255844229e-16,0.0023004857397262834,4.435184887798488e-11,True,True,True
fd_eps,H3e-4,0.0003,2.71,15.029275514875401,0,3,0.008489046589148999,3.9412422243661062e-22,0.008489046589148999,0.999967540181238,4,0.4999987292952448,4,0.999997458590443,0.43069872236901957,5.35791255844229e-16,0.0023004857397262834,4.435184887798488e-11,True,True,True
fd_eps,H3e-4,0.0003,2.71,15.029275514875401,0,4,-0.008651396971886894,-1.0617954071917839e-21,0.008651396971886894,0.99999770768252,-4,0.49999830507755083,4,0.9999966101550599,0.4307051916779104,5.35791255844229e-16,0.0023004857397262834,4.435184887798488e-11,True,True,True
fd_eps,H3e-4,0.0003,2.71,15.029275514875401,0,5,0.008651396971873782,1.0617508814863244e-21,0.008651396971873782,0.9999977076825198,-4,0.49999830507755005,4,0.99999661015506,0.4307051916779094,5.35791255844229e-16,0.0023004857397262834,4.435184887798488e-11,True,True,True
fd_eps,H3e-4,0.0003,2.71,15.029275514875401,0,6,-5.729540919252082e-15,0.048618069000120924,0.048618069000120924,0.9999912334274235,8,0.49999827921868784,8,0.9999965570860293,0.4307056067150351,5.35791255844229e-16,0.0023004857397262834,4.435184887798488e-11,True,True,True
fd_eps,H3e-4,0.0003,2.71,15.029275514875401,0,7,-5.736730535055301e-15,-0.048618069000120924,0.048618069000120924,0.9999912334274237,-8,0.49999827919807094,8,0.9999965570860292,0.4307056067150352,5.35791255844229e-16,0.0023004857397262834,4.435184887798488e-11,True,True,True
fd_eps,H3e-4,0.0003,2.71,15.029275514875401,0,8,-4.746203430272544e-15,-0.048621058920259703,0.048621058920259703,0.9999919974128663,8,0.49999880378196404,8,0.9999976051792279,0.43069730406272944,5.35791255844229e-16,0.0023004857397262834,4.435184887798488e-11,True,True,True
fd_eps,H3e-4,0.0003,2.71,15.029275514875401,0,9,-4.733531887187959e-15,0.04862105892025969,0.04862105892025969,0.9999919974128665,-8,0.4999988038028713,8,0.9999976051792279,0.43069730406272944,5.35791255844229e-16,0.0023004857397262834,4.435184887798488e-11,True,True,True
fd_eps,H3e-4,0.0003,2.71,15.029275514875401,1,0,4.415848116610438e-15,-6.58791103716423e-05,6.58791103716423e-05,0.9596376847517779,1,0.8008082847294059,1,0.8008082847294059,0.3730567741887971,8.027612561387245e-16,0.0023004857397262834,4.435184887798488e-11,True,True,True
fd_eps,H3e-4,0.0003,2.71,15.029275514875401,1,1,-4.8457895540310274e-15,6.58791103716112e-05,6.58791103716112e-05,0.9596376847484177,1,0.8008082847234207,1,0.8008082847234207,0.37305677419618755,8.027612561387245e-16,0.0023004857397262834,4.435184887798488e-11,True,True,True
fd_eps,H3e-4,0.0003,2.71,15.029275514875401,1,2,0.001514702947524139,-1.4995767133408393e-14,0.001514702947524139,0.9850730153827211,-3,0.9610419994382373,3,0.9610419994382373,0.11983150764657124,8.027612561387245e-16,0.0023004857397262834,4.435184887798488e-11,True,True,True
fd_eps,H3e-4,0.0003,2.71,15.029275514875401,1,3,-0.001514702947513368,1.3263179549714475e-14,0.001514702947513368,0.9850730153883144,-3,0.9610419994323061,3,0.9610419994323061,0.1198315076603549,8.027612561387245e-16,0.0023004857397262834,4.435184887798488e-11,True,True,True
fd_eps,H3e-4,0.0003,2.71,15.029275514875401,1,4,0.0018812430636563522,-1.18216599134972e-14,0.0018812430636563522,0.9864897445241507,5,0.956870420781068,5,0.956870420781068,0.13381072685393122,8.027612561387245e-16,0.0023004857397262834,4.435184887798488e-11,True,True,True
fd_eps,H3e-4,0.0003,2.71,15.029275514875401,1,5,-0.001881243063664511,-9.164660768534393e-16,0.001881243063664511,0.9864897445380086,5,0.95687042074255,5,0.95687042074255,0.13381072694113916,8.027612561387245e-16,0.0023004857397262834,4.435184887798488e-11,True,True,True
fd_eps,H3e-4,0.0003,2.71,15.029275514875401,1,6,5.009881398621019e-15,0.034107630577817606,0.034107630577817606,0.9999818712651599,-7,0.9999909295213081,7,0.9999909295213081,8.343634234515425e-05,8.027612561387245e-16,0.0023004857397262834,4.435184887798488e-11,True,True,True
fd_eps,H3e-4,0.0003,2.71,15.029275514875401,1,7,1.8735013540549517e-16,-0.03410763057781632,0.03410763057781632,0.9999818712651599,-7,0.9999909295213075,7,0.9999909295213075,8.343634235035796e-05,8.027612561387245e-16,0.0023004857397262834,4.435184887798488e-11,True,True,True
fd_eps,H3e-4,0.0003,2.71,15.029275514875401,2,0,-3.0420446233798986e-15,0.006366001756589987,0.006366001756589987,0.999784814124485,2,0.4999779605229307,2,0.9999559210283061,0.5003506969965243,8.97265825794326e-16,0.0023004857397262834,4.435184887798488e-11,True,True,True
fd_eps,H3e-4,0.0003,2.71,15.029275514875401,2,1,-3.042757679379667e-15,-0.006366001756589991,0.006366001756589991,0.999784814124485,-2,0.49997796052292937,2,0.9999559210283062,0.5003506969965242,8.97265825794326e-16,0.0023004857397262834,4.435184887798488e-11,True,True,True
fd_eps,H3e-4,0.0003,2.71,15.029275514875401,2,2,2.480538501420761e-15,-0.005140789276033641,0.005140789276033641,0.9984855290116869,-2,0.49999458377329364,2,0.9999891675462393,0.5000971506861905,8.97265825794326e-16,0.0023004857397262834,4.435184887798488e-11,True,True,True
fd_eps,H3e-4,0.0003,2.71,15.029275514875401,2,3,2.4798995030901867e-15,0.005140789276033644,0.005140789276033644,0.9984855290116869,2,0.499994583773293,2,0.9999891675462393,0.5000971506861905,8.97265825794326e-16,0.0023004857397262834,4.435184887798488e-11,True,True,True
fd_eps,H3e-4,0.0003,2.71,15.029275514875401,2,4,3.060919573361076e-15,-0.019396933556512983,0.019396933556512983,0.9999132733603068,6,0.4999488712390064,6,0.9998977423345801,0.5007514979569089,8.97265825794326e-16,0.0023004857397262834,4.435184887798488e-11,True,True,True
fd_eps,H3e-4,0.0003,2.71,15.029275514875401,2,5,3.053331919961706e-15,0.019396933556512987,0.019396933556512987,0.9999132733603068,-6,0.499948871239019,6,0.9998977423345801,0.5007514979569089,8.97265825794326e-16,0.0023004857397262834,4.435184887798488e-11,True,True,True
fd_eps,H3e-4,0.0003,2.71,15.029275514875401,2,6,-4.787838426668298e-15,0.01943601453299756,0.01943601453299756,0.9999546691160968,6,0.4999936535091179,6,0.9999873069390492,0.5001123861789237,8.97265825794326e-16,0.0023004857397262834,4.435184887798488e-11,True,True,True
fd_eps,H3e-4,0.0003,2.71,15.029275514875401,2,7,-4.7791631763161035e-15,-0.019436014532997564,0.019436014532997564,0.9999546691160965,-6,0.49999365350906455,6,0.9999873069390491,0.5001123861789237,8.97265825794326e-16,0.0023004857397262834,4.435184887798488e-11,True,True,True
fd_eps,H3e-4,0.0003,2.71,15.029275514875401,3,0,4.416204842279021e-15,6.587911037164039e-05,6.587911037164039e-05,0.9596376847517779,-1,0.8008082847294058,1,0.8008082847294058,0.3730567741887966,7.858391753682517e-16,0.0023004857397262834,4.435184887798488e-11,True,True,True
fd_eps,H3e-4,0.0003,2.71,15.029275514875401,3,1,-4.845459945472244e-15,-6.587911037160927e-05,6.587911037160927e-05,0.9596376847484173,-1,0.8008082847234208,1,0.8008082847234208,0.37305677419618694,7.858391753682517e-16,0.0023004857397262834,4.435184887798488e-11,True,True,True
fd_eps,H3e-4,0.0003,2.71,15.029275514875401,3,2,0.001514702947524135,1.4995679776327355e-14,0.001514702947524135,0.9850730153827211,3,0.9610419994382375,3,0.9610419994382375,0.11983150764657076,7.858391753682517e-16,0.0023004857397262834,4.435184887798488e-11,True,True,True
fd_eps,H3e-4,0.0003,2.71,15.029275514875401,3,3,-0.0015147029475133693,-1.3263259688368451e-14,0.0015147029475133693,0.9850730153883146,3,0.9610419994323052,3,0.9610419994323052,0.11983150766035697,7.858391753682517e-16,0.0023004857397262834,4.435184887798488e-11,True,True,True
fd_eps,H3e-4,0.0003,2.71,15.029275514875401,3,4,0.0018812430636563533,1.1821507202431965e-14,0.0018812430636563533,0.9864897445241527,-5,0.956870420781063,5,0.956870420781063,0.13381072685394255,7.858391753682517e-16,0.0023004857397262834,4.435184887798488e-11,True,True,True
fd_eps,H3e-4,0.0003,2.71,15.029275514875401,3,5,-0.0018812430636645106,9.165745320982385e-16,0.0018812430636645106,0.9864897445380107,-5,0.9568704207425465,5,0.9568704207425465,0.1338107269411472,7.858391753682517e-16,0.0023004857397262834,4.435184887798488e-11,True,True,True
fd_eps,H3e-4,0.0003,2.71,15.029275514875401,3,6,5.027228633380787e-15,-0.03410763057781757,0.03410763057781757,0.9999818712651606,7,0.9999909295213081,7,0.9999909295213081,8.343634234514322e-05,7.858391753682517e-16,0.0023004857397262834,4.435184887798488e-11,True,True,True
fd_eps,H3e-4,0.0003,2.71,15.029275514875401,3,7,1.968911145233676e-16,0.03410763057781629,0.03410763057781629,0.9999818712651604,7,0.9999909295213075,7,0.9999909295213075,8.343634235034728e-05,7.858391753682517e-16,0.0023004857397262834,4.435184887798488e-11,True,True,True
fd_eps,H3e-4,0.0003,2.76,15.799842948260395,0,0,-1.1502995229820842e-15,-1.9633867882298152e-11,1.9633867915994747e-11,0.9999369719163084,0,0.9997081771515991,0,0.9997081771515991,0.0017828025761510743,5.333726787626408e-16,0.0015316423535075715,4.065733117550225e-11,True,True,True
fd_eps,H3e-4,0.0003,2.76,15.799842948260395,0,1,-1.150299529633137e-15,1.9633867882298355e-11,1.963386791599495e-11,0.9999369719163077,0,0.9997081771515991,0,0.9997081771515991,0.0017828025761510735,5.333726787626408e-16,0.0015316423535075715,4.065733117550225e-11,True,True,True
fd_eps,H3e-4,0.0003,2.76,15.799842948260395,0,2,-0.008320315925996491,-1.993919475329961e-23,0.008320315925996491,0.9999838528476708,4,0.49999942115027757,4,0.9999988423004924,0.4306872194429048,5.333726787626408e-16,0.0015316423535075715,4.065733117550225e-11,True,True,True
fd_eps,H3e-4,0.0003,2.76,15.799842948260395,0,3,0.008320315926007748,1.9922259023756248e-23,0.008320315926007748,0.9999838528476843,-4,0.4999994211502772,4,0.9999988423004924,0.4306872194429045,5.333726787626408e-16,0.0015316423535075715,4.065733117550225e-11,True,True,True
fd_eps,H3e-4,0.0003,2.76,15.799842948260395,0,4,-0.008423184334347042,2.1572820800875027e-22,0.008423184334347042,0.9999994817057215,4,0.49999928437445085,4,0.999998568748891,0.43068941445084685,5.333726787626408e-16,0.0015316423535075715,4.065733117550225e-11,True,True,True
fd_eps,H3e-4,0.0003,2.76,15.799842948260395,0,5,0.008423184334351994,-2.1576119649361968e-22,0.008423184334351994,0.9999994817057211,4,0.4999992843744909,4,0.9999985687488907,0.43068941445084874,5.333726787626408e-16,0.0015316423535075715,4.065733117550225e-11,True,True,True
fd_eps,H3e-4,0.0003,2.76,15.799842948260395,0,6,-3.660266534311063e-15,0.04866278446067315,0.04866278446067315,0.9999953828978679,8,0.499999272808788,8,0.999998543434203,0.4306896259757414,5.333726787626408e-16,0.0015316423535075715,4.065733117550225e-11,True,True,True
fd_eps,H3e-4,0.0003,2.76,15.799842948260395,0,7,-3.642133254547318e-15,-0.048662784460673146,0.048662784460673146,0.9999953828978677,-8,0.4999992727716353,8,0.9999985434342031,0.4306896259757414,5.333726787626408e-16,0.0015316423535075715,4.065733117550225e-11,True,True,True
fd_eps,H3e-4,0.0003,2.76,15.799842948260395,0,8,5.350597890220559e-15,-0.048664041009900516,0.048664041009900516,0.9999956296424888,-8,0.4999994538110455,8,0.9999988983549706,0.4306866329451443,5.333726787626408e-16,0.0015316423535075715,4.065733117550225e-11,True,True,True
fd_eps,H3e-4,0.0003,2.76,15.799842948260395,0,9,5.35682609381638e-15,0.04866404100990055,0.04866404100990055,0.999995629642489,8,0.4999994537739831,8,0.9999988983549706,0.4306866329451443,5.333726787626408e-16,0.0015316423535075715,4.065733117550225e-11,True,True,True
fd_eps,H3e-4,0.0003,2.76,15.799842948260395,1,0,4.4596487960846254e-14,-0.0008610298683650131,0.0008610298683650131,0.1982072520487705,-3,0.9713059412557797,3,0.9713059412557797,0.09473602012164753,7.929439696564257e-16,0.0015316423535075715,4.065733117550225e-11,True,True,True
fd_eps,H3e-4,0.0003,2.76,15.799842948260395,1,1,-2.4950907225734786e-14,0.000861029868374965,0.000861029868374965,0.19820725205332818,-3,0.9713059412479799,3,0.9713059412479799,0.09473602014150093,7.929439696564257e-16,0.0015316423535075715,4.065733117550225e-11,True,True,True
fd_eps,H3e-4,0.0003,2.76,15.799842948260395,1,2,0.00010227022981225314,2.7013752393638556e-14,0.00010227022981225314,0.4658887295884351,1,0.3369495729768782,1,0.3369495729768782,0.792465218412329,7.929439696564257e-16,0.0015316423535075715,4.065733117550225e-11,True,True,True
fd_eps,H3e-4,0.0003,2.76,15.799842948260395,1,3,-0.0001022702297972766,-9.491645098568591e-15,0.0001022702297972766,0.4658887295058282,1,0.33694957307816253,1,0.33694957307816253,0.7924652184111105,7.929439696564257e-16,0.0015316423535075715,4.065733117550225e-11,True,True,True
fd_eps,H3e-4,0.0003,2.76,15.799842948260395,1,4,-2.5724633546833673e-14,-0.00035956471370163017,0.00035956471370163017,0.8798615946071813,5,0.9287416744525324,5,0.9287416744525324,0.21534673453794317,7.929439696564257e-16,0.0015316423535075715,4.065733117550225e-11,True,True,True
fd_eps,H3e-4,0.0003,2.76,15.799842948260395,1,5,-1.4013833109709599e-14,0.00035956471367077736,0.00035956471367077736,0.8798615947287909,5,0.9287416745075446,5,0.9287416745075446,0.21534673442739652,7.929439696564257e-16,0.0015316423535075715,4.065733117550225e-11,True,True,True
fd_eps,H3e-4,0.0003,2.76,15.799842948260395,1,6,-1.0538445116559103e-15,0.03416705871531149,0.03416705871531149,0.9999904519008945,-7,0.9999960526875129,7,0.9999960526875129,3.854599492112624e-05,7.929439696564257e-16,0.0015316423535075715,4.065733117550225e-11,True,True,True
fd_eps,H3e-4,0.0003,2.76,15.799842948260395,1,7,-3.4833247397614286e-15,-0.03416705871531097,0.03416705871531097,0.9999904519008941,-7,0.9999960526875129,7,0.9999960526875129,3.854599492003857e-05,7.929439696564257e-16,0.0015316423535075715,4.065733117550225e-11,True,True,True
fd_eps,H3e-4,0.0003,2.76,15.799842948260395,2,0,-5.43053037559563e-15,0.006458563930255812,0.006458563930255812,0.9998674628504588,2,0.4999902130667239,2,0.9999804261327265,0.5001671940294081,9.472263039993476e-16,0.0015316423535075715,4.065733117550225e-11,True,True,True
fd_eps,H3e-4,0.0003,2.76,15.799842948260395,2,1,-5.42873014925988e-15,-0.006458563930255823,0.006458563930255823,0.9998674628504588,-2,0.49999021306672053,2,0.9999804261327263,0.5001671940294081,9.472263039993476e-16,0.0015316423535075715,4.065733117550225e-11,True,True,True
fd_eps,H3e-4,0.0003,2.76,15.799842948260395,2,2,-4.5687158169608784e-15,-0.005615503104230037,0.005615503104230037,0.9994271614599102,-2,0.4999974026027759,2,0.9999948051979064,0.5000493433239852,9.472263039993476e-16,0.0015316423535075715,4.065733117550225e-11,True,True,True
fd_eps,H3e-4,0.0003,2.76,15.799842948260395,2,3,-4.571407920750556e-15,0.005615503104230038,0.005615503104230038,0.9994271614599104,2,0.4999974026027716,2,0.9999948051979063,0.5000493433239852,9.472263039993476e-16,0.0015316423535075715,4.065733117550225e-11,True,True,True
fd_eps,H3e-4,0.0003,2.76,15.799842948260395,2,4,-2.0701688509817316e-15,-0.0195051575831935,0.0195051575831935,0.9999586781518385,-6,0.4999784900198335,6,0.9999569797052134,0.5003430284954369,9.472263039993476e-16,0.0015316423535075715,4.065733117550225e-11,True,True,True
fd_eps,H3e-4,0.0003,2.76,15.799842948260395,2,5,-2.0712598303163077e-15,0.01950515758319351,0.01950515758319351,0.9999586781518387,6,0.4999784900200885,6,0.9999569797052135,0.5003430284954369,9.472263039993476e-16,0.0015316423535075715,4.065733117550225e-11,True,True,True
fd_eps,H3e-4,0.0003,2.76,15.799842948260395,2,6,3.613429000459689e-15,0.019524976574779838,0.019524976574779838,0.9999746304272227,6,0.49999687331830334,6,0.9999937463535022,0.5000585640281194,9.472263039993476e-16,0.0015316423535075715,4.065733117550225e-11,True,True,True
fd_eps,H3e-4,0.0003,2.76,15.799842948260395,2,7,3.6082250921809866e-15,-0.019524976574779834,0.019524976574779834,0.9999746304272229,-6,0.49999687331840537,6,0.9999937463535022,0.5000585640281194,9.472263039993476e-16,0.0015316423535075715,4.065733117550225e-11,True,True,True
fd_eps,H3e-4,0.0003,2.76,15.799842948260395,3,0,4.4596379540629005e-14,0.0008610298683650126,0.0008610298683650126,0.1982072520487703,3,0.9713059412557795,3,0.9713059412557795,0.09473602012164815,7.629161674484712e-16,0.0015316423535075715,4.065733117550225e-11,True,True,True
fd_eps,H3e-4,0.0003,2.76,15.799842948260395,3,1,-2.495134090660378e-14,-0.0008610298683749643,0.0008610298683749643,0.19820725205332787,3,0.9713059412479799,3,0.9713059412479799,0.09473602014150115,7.629161674484712e-16,0.0015316423535075715,4.065733117550225e-11,True,True,True
fd_eps,H3e-4,0.0003,2.76,15.799842948260395,3,2,0.00010227022981225643,-2.7013720203302856e-14,0.00010227022981225643,0.4658887295884272,-1,0.3369495729768703,1,0.3369495729768703,0.7924652184123291,7.629161674484712e-16,0.0015316423535075715,4.065733117550225e-11,True,True,True
fd_eps,H3e-4,0.0003,2.76,15.799842948260395,3,3,-0.00010227022979728147,9.491697708665078e-15,0.00010227022979728147,0.46588872950582294,-1,0.33694957307815615,1,0.33694957307815615,0.7924652184111106,7.629161674484712e-16,0.0015316423535075715,4.065733117550225e-11,True,True,True
fd_eps,H3e-4,0.0003,2.76,15.799842948260395,3,4,-2.572429775134585e-14,0.0003595647137016317,0.0003595647137016317,0.8798615946071767,-5,0.9287416744525324,5,0.9287416744525324,0.2153467345379428,7.629161674484712e-16,0.0015316423535075715,4.065733117550225e-11,True,True,True
fd_eps,H3e-4,0.0003,2.76,15.799842948260395,3,5,-1.401348937480765e-14,-0.0003595647136707785,0.0003595647136707785,0.8798615947287887,-5,0.9287416745075444,5,0.9287416745075444,0.21534673442739669,7.629161674484712e-16,0.0015316423535075715,4.065733117550225e-11,True,True,True
fd_eps,H3e-4,0.0003,2.76,15.799842948260395,3,6,-1.0529091300598496e-15,-0.03416705871531152,0.03416705871531152,0.9999904519008945,7,0.9999960526875129,7,0.9999960526875129,3.854599492112973e-05,7.629161674484712e-16,0.0015316423535075715,4.065733117550225e-11,True,True,True
fd_eps,H3e-4,0.0003,2.76,15.799842948260395,3,7,-3.4833247397614286e-15,0.034167058715311005,0.034167058715311005,0.9999904519008941,7,0.999996052687513,7,0.999996052687513,3.854599491996156e-05,7.629161674484712e-16,0.0015316423535075715,4.065733117550225e-11,True,True,True
fd_eps,H3e-4,0.0003,2.81,16.6099182187867,0,0,-2.3259312026789133e-15,-1.8801659757782063e-11,1.880165990165117e-11,0.9999705786126963,0,0.999863941227649,0,0.999863941227649,0.0008957237413934693,5.59537945277632e-16,0.0010253966063201328,4.7444128612871885e-11,True,True,True
fd_eps,H3e-4,0.0003,2.81,16.6099182187867,0,1,-2.3259312035000955e-15,1.8801659757782473e-11,1.880165990165158e-11,0.9999705786126963,0,0.999863941227649,0,0.999863941227649,0.0008957237413934695,5.59537945277632e-16,0.0010253966063201328,4.7444128612871885e-11,True,True,True
fd_eps,H3e-4,0.0003,2.81,16.6099182187867,0,2,-0.00818993478731739,-2.6520592212133088e-22,0.00818993478731739,0.9999918485455941,4,0.499999734986428,4,0.9999994699727854,0.43068169617263563,5.59537945277632e-16,0.0010253966063201328,4.7444128612871885e-11,True,True,True
fd_eps,H3e-4,0.0003,2.81,16.6099182187867,0,3,0.008189934787314366,2.651863215836564e-22,0.008189934787314366,0.9999918485455872,4,0.49999973498640254,4,0.9999994699727854,0.43068169617263624,5.59537945277632e-16,0.0010253966063201328,4.7444128612871885e-11,True,True,True
fd_eps,H3e-4,0.0003,2.81,16.6099182187867,0,4,-0.00825520620282646,-6.758125845407765e-22,0.00825520620282646,0.9999998196312315,-4,0.49999969123651344,4,0.9999993824729626,0.4306824276046972,5.59537945277632e-16,0.0010253966063201328,4.7444128612871885e-11,True,True,True
fd_eps,H3e-4,0.0003,2.81,16.6099182187867,0,5,0.008255206202830385,6.7579106461357415e-22,0.008255206202830385,0.9999998196312317,4,0.49999969123648225,4,0.9999993824729625,0.4306824276046976,5.59537945277632e-16,0.0010253966063201328,4.7444128612871885e-11,True,True,True
fd_eps,H3e-4,0.0003,2.81,16.6099182187867,0,6,-1.9307472287621863e-15,0.04869446649073283,0.04869446649073283,0.9999974913355628,8,0.4999996856194383,8,0.9999993705571477,0.43068253338860707,5.59537945277632e-16,0.0010253966063201328,4.7444128612871885e-11,True,True,True
fd_eps,H3e-4,0.0003,2.81,16.6099182187867,0,7,-1.9231175867345813e-15,-0.04869446649073286,0.04869446649073286,0.9999974913355628,-8,0.4999996855306415,8,0.9999993705571477,0.43068253338860707,5.59537945277632e-16,0.0010253966063201328,4.7444128612871885e-11,True,True,True
fd_eps,H3e-4,0.0003,2.81,16.6099182187867,0,8,-3.2127078775090467e-15,-0.04869499577054513,0.04869499577054513,0.999997572199585,-8,0.4999997496662508,8,0.9999994919669013,0.4306814485023322,5.59537945277632e-16,0.0010253966063201328,4.7444128612871885e-11,True,True,True
fd_eps,H3e-4,0.0003,2.81,16.6099182187867,0,9,-3.2057689836051395e-15,0.04869499577054508,0.04869499577054508,0.9999975721995843,8,0.4999997496244576,8,0.9999994919669013,0.43068144850233214,5.59537945277632e-16,0.0010253966063201328,4.7444128612871885e-11,True,True,True
fd_eps,H3e-4,0.0003,2.81,16.6099182187867,1,0,4.590318448472747e-14,-0.0017288556673838538,0.0017288556673838538,0.9229173081840786,-3,0.8141076517808132,3,0.8141076517808132,0.34682731860891886,8.018891644993149e-16,0.0010253966063201328,4.7444128612871885e-11,True,True,True
fd_eps,H3e-4,0.0003,2.81,16.6099182187867,1,1,-4.0659433759993154e-14,0.001728855667379183,0.001728855667379183,0.9229173080846661,-3,0.8141076516145941,3,0.8141076516145941,0.34682731878635403,8.018891644993149e-16,0.0010253966063201328,4.7444128612871885e-11,True,True,True
fd_eps,H3e-4,0.0003,2.81,16.6099182187867,1,2,2.1113150890117237e-05,8.44803665259057e-15,2.1113150890117237e-05,0.46053205889587734,1,0.9712958282365063,1,0.9712958282365063,0.0951985990686033,8.018891644993149e-16,0.0010253966063201328,4.7444128612871885e-11,True,True,True
fd_eps,H3e-4,0.0003,2.81,16.6099182187867,1,3,-2.1113150889267792e-05,-7.102132498311415e-15,2.1113150889267792e-05,0.4605320589940381,1,0.9712958282360931,1,0.9712958282360931,0.09519859906895835,8.018891644993149e-16,0.0010253966063201328,4.7444128612871885e-11,True,True,True
fd_eps,H3e-4,0.0003,2.81,16.6099182187867,1,4,3.3428121382073073e-15,-0.0016706936261146688,0.0016706936261146688,0.9406843380753099,5,0.8225249901331421,5,0.8225249901331421,0.3391287883015544,8.018891644993149e-16,0.0010253966063201328,4.7444128612871885e-11,True,True,True
fd_eps,H3e-4,0.0003,2.81,16.6099182187867,1,5,-3.8173578471808984e-16,0.0016706936261205287,0.0016706936261205287,0.9406843380136677,5,0.8225249901248515,5,0.8225249901248515,0.33912878831069204,8.018891644993149e-16,0.0010253966063201328,4.7444128612871885e-11,True,True,True
fd_eps,H3e-4,0.0003,2.81,16.6099182187867,1,6,1.0720591081536668e-15,0.03420975838816366,0.03420975838816366,0.9999948203025848,-7,0.9999982518976274,7,0.9999982518976274,1.8056433063785134e-05,8.018891644993149e-16,0.0010253966063201328,4.7444128612871885e-11,True,True,True
fd_eps,H3e-4,0.0003,2.81,16.6099182187867,1,7,4.440892098500626e-16,-0.034209758388161975,0.034209758388161975,0.9999948203025844,-7,0.9999982518976276,7,0.9999982518976276,1.8056433062011007e-05,8.018891644993149e-16,0.0010253966063201328,4.7444128612871885e-11,True,True,True
fd_eps,H3e-4,0.0003,2.81,16.6099182187867,2,0,-3.8812555420700376e-15,0.006530705811687899,0.006530705811687899,0.9999182146877464,2,0.49999563475775954,2,0.9999912695088644,0.5000796578501493,9.11423952960598e-16,0.0010253966063201328,4.7444128612871885e-11,True,True,True
fd_eps,H3e-4,0.0003,2.81,16.6099182187867,2,1,-3.8846764837703896e-15,-0.006530705811687901,0.006530705811687901,0.9999182146877462,-2,0.49999563475776615,2,0.9999912695088644,0.5000796578501493,9.11423952960598e-16,0.0010253966063201328,4.7444128612871885e-11,True,True,True
fd_eps,H3e-4,0.0003,2.81,16.6099182187867,2,2,9.595052982757531e-16,-0.005938808290114977,0.005938808290114977,0.999753293824726,2,0.49999874977993397,2,0.9999974995541951,0.5000250695652455,9.11423952960598e-16,0.0010253966063201328,4.7444128612871885e-11,True,True,True
fd_eps,H3e-4,0.0003,2.81,16.6099182187867,2,3,9.595788797741301e-16,0.005938808290114978,0.005938808290114978,0.9997532938247264,-2,0.4999987497799361,2,0.9999974995541949,0.5000250695652455,9.11423952960598e-16,0.0010253966063201328,4.7444128612871885e-11,True,True,True
fd_eps,H3e-4,0.0003,2.81,16.6099182187867,2,4,1.676242628620378e-15,-0.019581148693886472,0.019581148693886472,0.9999793647771709,6,0.4999908104782953,6,0.9999816202335563,0.5001578289275619,9.11423952960598e-16,0.0010253966063201328,4.7444128612871885e-11,True,True,True
fd_eps,H3e-4,0.0003,2.81,16.6099182187867,2,5,1.6800796864835377e-15,0.019581148693886462,0.019581148693886462,0.9999793647771706,-6,0.4999908104800999,6,0.9999816202335562,0.5001578289275619,9.11423952960598e-16,0.0010253966063201328,4.7444128612871885e-11,True,True,True
fd_eps,H3e-4,0.0003,2.81,16.6099182187867,2,6,3.263014858312374e-15,0.01959124900235874,0.01959124900235874,0.999985654586654,6,0.49999845590828296,6,0.9999969113969941,0.5000304957957816,9.11423952960598e-16,0.0010253966063201328,4.7444128612871885e-11,True,True,True
fd_eps,H3e-4,0.0003,2.81,16.6099182187867,2,7,3.254341258344088e-15,-0.019591249002358754,0.019591249002358754,0.9999856545866542,-6,0.49999845590650127,6,0.999996911396994,0.5000304957957817,9.11423952960598e-16,0.0010253966063201328,4.7444128612871885e-11,True,True,True
fd_eps,H3e-4,0.0003,2.81,16.6099182187867,3,0,4.590346805951451e-14,0.0017288556673838555,0.0017288556673838555,0.9229173081840739,3,0.8141076517808051,3,0.8141076517808051,0.34682731860892735,7.719363077074271e-16,0.0010253966063201328,4.7444128612871885e-11,True,True,True
fd_eps,H3e-4,0.0003,2.81,16.6099182187867,3,1,-4.0658516646383395e-14,-0.0017288556673791839,0.0017288556673791839,0.9229173080846624,3,0.8141076516145874,3,0.8141076516145874,0.34682731878636114,7.719363077074271e-16,0.0010253966063201328,4.7444128612871885e-11,True,True,True
fd_eps,H3e-4,0.0003,2.81,16.6099182187867,3,2,2.1113150890117986e-05,-8.447998849125927e-15,2.1113150890117986e-05,0.4605320588958675,-1,0.9712958282365062,1,0.9712958282365062,0.09519859906860365,7.719363077074271e-16,0.0010253966063201328,4.7444128612871885e-11,True,True,True
fd_eps,H3e-4,0.0003,2.81,16.6099182187867,3,3,-2.1113150889269394e-05,7.102175411334797e-15,2.1113150889269394e-05,0.46053205899402977,-1,0.971295828236093,1,0.971295828236093,0.09519859906895857,7.719363077074271e-16,0.0010253966063201328,4.7444128612871885e-11,True,True,True
fd_eps,H3e-4,0.0003,2.81,16.6099182187867,3,4,3.3407883248453086e-15,0.0016706936261146705,0.0016706936261146705,0.9406843380753235,-5,0.8225249901331679,5,0.8225249901331679,0.3391287883015258,7.719363077074271e-16,0.0010253966063201328,4.7444128612871885e-11,True,True,True
fd_eps,H3e-4,0.0003,2.81,16.6099182187867,3,5,-3.84355353407531e-16,-0.0016706936261205291,0.0016706936261205291,0.9406843380136815,-5,0.8225249901248796,5,0.8225249901248796,0.3391287883106609,7.719363077074271e-16,0.0010253966063201328,4.7444128612871885e-11,True,True,True
fd_eps,H3e-4,0.0003,2.81,16.6099182187867,3,6,1.0824674490095276e-15,-0.03420975838816365,0.03420975838816365,0.9999948203025848,7,0.9999982518976274,7,0.9999982518976274,1.8056433063798033e-05,7.719363077074271e-16,0.0010253966063201328,4.7444128612871885e-11,True,True,True
fd_eps,H3e-4,0.0003,2.81,16.6099182187867,3,7,4.354155924701786e-16,0.03420975838816201,0.03420975838816201,0.9999948203025844,7,0.9999982518976275,7,0.9999982518976275,1.805643306209686e-05,7.719363077074271e-16,0.0010253966063201328,4.7444128612871885e-11,True,True,True
fd_eps,H3e-4,0.0003,2.86,17.46152693657999,0,0,-7.456153898090504e-16,-1.8323716125088776e-11,1.8323716140258797e-11,0.9999862658527986,0,0.9999366200962462,0,0.9999366200962462,0.0004473381481789344,5.420736263532576e-16,0.0006899069786647585,4.502885753140982e-11,True,True,True
fd_eps,H3e-4,0.0003,2.86,17.46152693657999,0,1,-7.456153946425635e-16,1.8323716125082993e-11,1.8323716140253013e-11,0.9999862658527982,0,0.9999366200962462,0,0.9999366200962462,0.00044733814817893465,5.420736263532576e-16,0.0006899069786647585,4.502885753140982e-11,True,True,True
fd_eps,H3e-4,0.0003,2.86,17.46152693657999,0,2,-0.008088973793993154,1.9779872148819409e-22,0.008088973793993154,0.999995812506532,-4,0.4999998780373496,4,0.9999997560744969,0.43067904022856834,5.420736263532576e-16,0.0006899069786647585,4.502885753140982e-11,True,True,True
fd_eps,H3e-4,0.0003,2.86,17.46152693657999,0,3,0.00808897379399485,-1.9769727462231587e-22,0.00808897379399485,0.9999958125065325,4,0.49999987803727247,4,0.9999997560744969,0.43067904022856923,5.420736263532576e-16,0.0006899069786647585,4.502885753140982e-11,True,True,True
fd_eps,H3e-4,0.0003,2.86,17.46152693657999,0,4,-0.008130432880663107,-4.78823590148044e-22,0.008130432880663107,0.9999998337449347,4,0.4999998643076393,4,0.9999997286150086,0.4306792761975335,5.420736263532576e-16,0.0006899069786647585,4.502885753140982e-11,True,True,True
fd_eps,H3e-4,0.0003,2.86,17.46152693657999,0,5,0.008130432880657151,4.788827998480399e-22,0.008130432880657151,0.9999998337449343,4,0.49999986430751064,4,0.9999997286150084,0.43067927619753543,5.420736263532576e-16,0.0006899069786647585,4.502885753140982e-11,True,True,True
fd_eps,H3e-4,0.0003,2.86,17.46152693657999,0,6,4.187622471008012e-15,0.0487173642189406,0.0487173642189406,0.9999986034527593,8,0.4999998640074006,8,0.9999997230463762,0.43067932847631857,5.420736263532576e-16,0.0006899069786647585,4.502885753140982e-11,True,True,True
fd_eps,H3e-4,0.0003,2.86,17.46152693657999,0,7,4.180078357103307e-15,-0.04871736421894062,0.04871736421894062,0.9999986034527593,-8,0.49999986357878345,8,0.999999723046376,0.43067932847631857,5.420736263532576e-16,0.0006899069786647585,4.502885753140982e-11,True,True,True
fd_eps,H3e-4,0.0003,2.86,17.46152693657999,0,8,1.9845236565174673e-15,-0.04871758758722313,0.04871758758722313,0.9999986302816354,-8,0.49999988989203825,8,0.9999997649349668,0.43067893341569896,5.420736263532576e-16,0.0006899069786647585,4.502885753140982e-11,True,True,True
fd_eps,H3e-4,0.0003,2.86,17.46152693657999,0,9,1.9984014443252818e-15,0.048717587587223075,0.048717587587223075,0.9999986302816356,8,0.4999998894746981,8,0.9999997649349668,0.430678933415699,5.420736263532576e-16,0.0006899069786647585,4.502885753140982e-11,True,True,True
fd_eps,H3e-4,0.0003,2.86,17.46152693657999,1,0,1.9480166664322662e-05,-0.002172773094081306,0.002172860417803436,0.6569046889948026,5,0.506700788764618,5,0.506700788764618,0.5003857833426262,7.8200342554612e-16,0.0006899069786647585,4.502885753140982e-11,True,True,True
fd_eps,H3e-4,0.0003,2.86,17.46152693657999,1,1,-1.9480166702929113e-05,0.0021727730940877283,0.002172860417810204,0.6569046890336159,5,0.5067007884265751,5,0.5067007884265751,0.5003857833490045,7.8200342554612e-16,0.0006899069786647585,4.502885753140982e-11,True,True,True
fd_eps,H3e-4,0.0003,2.86,17.46152693657999,1,2,9.932127080595535e-06,3.87870508475946e-15,9.932127080595535e-06,0.9901601181001435,1,0.9945320127751572,1,0.9945320127751572,0.024579772000749966,7.8200342554612e-16,0.0006899069786647585,4.502885753140982e-11,True,True,True
fd_eps,H3e-4,0.0003,2.86,17.46152693657999,1,3,-9.932127080180337e-06,-3.934133329092076e-15,9.932127080180337e-06,0.9901601180996958,1,0.9945320127751553,1,0.9945320127751553,0.02457977200031758,7.8200342554612e-16,0.0006899069786647585,4.502885753140982e-11,True,True,True
fd_eps,H3e-4,0.0003,2.86,17.46152693657999,1,4,-1.9480166662687723e-05,-0.002172773094080401,0.002172860417802516,0.6624077352758103,5,0.5067007892292191,5,0.5067007892292191,0.5003857833339121,7.8200342554612e-16,0.0006899069786647585,4.502885753140982e-11,True,True,True
fd_eps,H3e-4,0.0003,2.86,17.46152693657999,1,5,1.9480166696546333e-05,0.0021727730940783356,0.0021728604178007545,0.6624077346930745,5,0.5067007888113796,5,0.5067007888113796,0.5003857833418099,7.8200342554612e-16,0.0006899069786647585,4.502885753140982e-11,True,True,True
fd_eps,H3e-4,0.0003,2.86,17.46152693657999,1,6,1.1796119636642288e-15,0.034240931923351134,0.034240931923351134,0.9999971236156135,-7,0.9999992148531323,7,0.9999992148531323,8.550738985012681e-06,7.8200342554612e-16,0.0006899069786647585,4.502885753140982e-11,True,True,True
fd_eps,H3e-4,0.0003,2.86,17.46152693657999,1,7,2.0729945537922845e-16,-0.03424093192334658,0.03424093192334658,0.9999971236156124,-7,0.9999992148531326,7,0.9999992148531326,8.550738980974357e-06,7.8200342554612e-16,0.0006899069786647585,4.502885753140982e-11,True,True,True
fd_eps,H3e-4,0.0003,2.86,17.46152693657999,2,0,-4.44339738376897e-15,0.006587393479629398,0.006587393479629398,0.9999494685980792,-2,0.4999980438881094,2,0.9999960877725941,0.5000379608717574,9.254979583028432e-16,0.0006899069786647585,4.502885753140982e-11,True,True,True
fd_eps,H3e-4,0.0003,2.86,17.46152693657999,2,1,-4.441109942902115e-15,-0.006587393479629386,0.006587393479629386,0.9999494685980796,2,0.4999980438880952,2,0.9999960877725942,0.5000379608717574,9.254979583028432e-16,0.0006899069786647585,4.502885753140982e-11,True,True,True
fd_eps,H3e-4,0.0003,2.86,17.46152693657999,2,2,4.6860706852001095e-15,-0.006165951789710804,0.006165951789710804,0.9998850094210917,-2,0.4999993958563973,2,0.9999987917081616,0.5000127482605315,9.254979583028432e-16,0.0006899069786647585,4.502885753140982e-11,True,True,True
fd_eps,H3e-4,0.0003,2.86,17.46152693657999,2,3,4.68392435266393e-15,0.006165951789710803,0.006165951789710803,0.9998850094210915,2,0.4999993958564013,2,0.9999987917081615,0.5000127482605317,9.254979583028432e-16,0.0006899069786647585,4.502885753140982e-11,True,True,True
fd_eps,H3e-4,0.0003,2.86,17.46152693657999,2,4,2.9710392437184966e-15,-0.019635749702572865,0.019635749702572865,0.999989280656851,6,0.49999602241106134,6,0.9999920447793496,0.5000731178487299,9.254979583028432e-16,0.0006899069786647585,4.502885753140982e-11,True,True,True
fd_eps,H3e-4,0.0003,2.86,17.46152693657999,2,5,2.957703526540456e-15,0.019635749702572862,0.019635749702572862,0.9999892806568512,-6,0.4999960224115939,6,0.9999920447793496,0.5000731178487299,9.254979583028432e-16,0.0006899069786647585,4.502885753140982e-11,True,True,True
fd_eps,H3e-4,0.0003,2.86,17.46152693657999,2,6,2.7009644520958886e-15,0.019640917113808366,0.019640917113808366,0.9999918046520873,6,0.49999923568756954,6,0.999998470688205,0.5000158753116075,9.254979583028432e-16,0.0006899069786647585,4.502885753140982e-11,True,True,True
fd_eps,H3e-4,0.0003,2.86,17.46152693657999,2,7,2.7235158506249404e-15,-0.01964091711380837,0.01964091711380837,0.9999918046520873,-6,0.49999923568654153,6,0.999998470688205,0.5000158753116074,9.254979583028432e-16,0.0006899069786647585,4.502885753140982e-11,True,True,True
fd_eps,H3e-4,0.0003,2.86,17.46152693657999,3,0,1.9480166664321643e-05,0.002172773094081308,0.0021728604178034377,0.656904688994878,-5,0.5067007887645804,5,0.5067007887645804,0.5003857833426267,7.572010490999265e-16,0.0006899069786647585,4.502885753140982e-11,True,True,True
fd_eps,H3e-4,0.0003,2.86,17.46152693657999,3,1,-1.948016670293008e-05,-0.0021727730940877257,0.0021728604178102013,0.6569046890336129,-5,0.5067007884266025,5,0.5067007884266025,0.500385783349004,7.572010490999265e-16,0.0006899069786647585,4.502885753140982e-11,True,True,True
fd_eps,H3e-4,0.0003,2.86,17.46152693657999,3,2,9.932127080591095e-06,-3.878705668354412e-15,9.932127080591095e-06,0.9901601181001422,-1,0.9945320127751577,1,0.9945320127751577,0.02457977200074863,7.572010490999265e-16,0.0006899069786647585,4.502885753140982e-11,True,True,True
fd_eps,H3e-4,0.0003,2.86,17.46152693657999,3,3,-9.93212708017586e-06,3.93413391268574e-15,9.93212708017586e-06,0.9901601180996938,-1,0.9945320127751556,1,0.9945320127751556,0.024579772000316417,7.572010490999265e-16,0.0006899069786647585,4.502885753140982e-11,True,True,True
fd_eps,H3e-4,0.0003,2.86,17.46152693657999,3,4,-1.9480166662687882e-05,0.0021727730940803995,0.002172860417802515,0.6624077352758283,-5,0.5067007892292514,5,0.5067007892292514,0.5003857833339116,7.572010490999265e-16,0.0006899069786647585,4.502885753140982e-11,True,True,True
fd_eps,H3e-4,0.0003,2.86,17.46152693657999,3,5,1.9480166696544084e-05,-0.002172773094078335,0.002172860417800754,0.6624077346930703,-5,0.5067007888113364,5,0.5067007888113364,0.5003857833418108,7.572010490999265e-16,0.0006899069786647585,4.502885753140982e-11,True,True,True
fd_eps,H3e-4,0.0003,2.86,17.46152693657999,3,6,1.1587952819525071e-15,-0.03424093192335108,0.03424093192335108,0.9999971236156127,7,0.9999992148531321,7,0.9999992148531321,8.550738985088047e-06,7.572010490999265e-16,0.0006899069786647585,4.502885753140982e-11,True,True,True
fd_eps,H3e-4,0.0003,2.86,17.46152693657999,3,7,2.0296264668928643e-16,0.034240931923346526,0.034240931923346526,0.9999971236156127,7,0.9999992148531327,7,0.9999992148531327,8.550738980889848e-06,7.572010490999265e-16,0.0006899069786647585,4.502885753140982e-11,True,True,True
fd_eps,H3e-4,0.0003,2.91,18.356798567017925,0,0,-6.145508153510392e-16,-1.8757061431076903e-11,1.8757061441144382e-11,0.999993609099435,0,0.9999704478625979,0,0.9999704478625979,0.00022259044841120118,5.458105296511186e-16,0.00046627336598380214,6.922320672981744e-11,True,True,True
fd_eps,H3e-4,0.0003,2.91,18.356798567017925,0,1,-6.145508078235923e-16,1.8757061431078008e-11,1.8757061441145487e-11,0.9999936090994348,0,0.9999704478625978,0,0.9999704478625978,0.0002225904484112702,5.458105296511186e-16,0.00046627336598380214,6.922320672981744e-11,True,True,True
fd_eps,H3e-4,0.0003,2.91,18.356798567017925,0,2,-0.008010648613733075,-4.7604747511356975e-25,0.008010648613733075,0.9999978081632399,4,0.49999994357788835,4,0.9999998871556848,0.43067776038213146,5.458105296511186e-16,0.00046627336598380214,6.922320672981744e-11,True,True,True
fd_eps,H3e-4,0.0003,2.91,18.356798567017925,0,3,0.008010648613732968,8.373428507268982e-26,0.008010648613732968,0.9999978081632395,-4,0.4999999435780035,4,0.9999998871556848,0.43067776038213174,5.458105296511186e-16,0.00046627336598380214,6.922320672981744e-11,True,True,True
fd_eps,H3e-4,0.0003,2.91,18.356798567017925,0,4,-0.00803700337608582,-1.1902927475945216e-23,0.00803700337608582,0.9999998216342547,-4,0.49999993942790866,4,0.9999998788557746,0.43067783213407534,5.458105296511186e-16,0.00046627336598380214,6.922320672981744e-11,True,True,True
fd_eps,H3e-4,0.0003,2.91,18.356798567017925,0,5,0.0080370033760854,1.1454152697722782e-23,0.0080370033760854,0.9999998216342549,4,0.4999999394280841,4,0.9999998788557745,0.43067783213407573,5.458105296511186e-16,0.00046627336598380214,6.922320672981744e-11,True,True,True
fd_eps,H3e-4,0.0003,2.91,18.356798567017925,0,6,-1.4134290328669224e-15,0.04873417251035392,0.04873417251035392,0.9999992076565405,-8,0.49999996667540225,8,0.9999998762597975,0.430677857805551,5.458105296511186e-16,0.00046627336598380214,6.922320672981744e-11,True,True,True
fd_eps,H3e-4,0.0003,2.91,18.356798567017925,0,7,-1.4103301859691442e-15,-0.04873417251035388,0.04873417251035388,0.9999992076565405,8,0.4999999677145349,8,0.9999998762597977,0.4306778578055509,5.458105296511186e-16,0.00046627336598380214,6.922320672981744e-11,True,True,True
fd_eps,H3e-4,0.0003,2.91,18.356798567017925,0,8,1.1587952819525071e-15,-0.048734266929639766,0.048734266929639766,0.9999992166513783,8,0.4999999583399207,8,0.999999890818448,0.430677713378693,5.458105296511186e-16,0.00046627336598380214,6.922320672981744e-11,True,True,True
fd_eps,H3e-4,0.0003,2.91,18.356798567017925,0,9,1.1481072938722138e-15,0.04873426692963981,0.04873426692963981,0.9999992166513783,-8,0.4999999593730592,8,0.999999890818448,0.43067771337869293,5.458105296511186e-16,0.00046627336598380214,6.922320672981744e-11,True,True,True
fd_eps,H3e-4,0.0003,2.91,18.356798567017925,1,0,1.0268380101326427e-05,0.002469057322309353,0.002469078674420752,0.9085489435049444,5,0.5064325351882971,5,0.5064325351882971,0.5001572930373502,8.053121810842119e-16,0.00046627336598380214,6.922320672981744e-11,True,True,True
fd_eps,H3e-4,0.0003,2.91,18.356798567017925,1,1,-1.0268380096899529e-05,-0.0024690573223061798,0.0024690786744175604,0.9085489433711694,5,0.5064325353018094,5,0.5064325353018094,0.5001572930352823,8.053121810842119e-16,0.00046627336598380214,6.922320672981744e-11,True,True,True
fd_eps,H3e-4,0.0003,2.91,18.356798567017925,1,2,5.246553117011182e-06,2.3025652800720726e-15,5.246553117011182e-06,0.998648983270875,1,0.9984381867537616,1,0.9984381867537616,0.008422633888394543,8.053121810842119e-16,0.00046627336598380214,6.922320672981744e-11,True,True,True
fd_eps,H3e-4,0.0003,2.91,18.356798567017925,1,3,-5.246553117340711e-06,-2.609761654121889e-15,5.246553117340711e-06,0.9986489832708504,1,0.998438186753714,1,0.998438186753714,0.008422633888616193,8.053121810842119e-16,0.00046627336598380214,6.922320672981744e-11,True,True,True
fd_eps,H3e-4,0.0003,2.91,18.356798567017925,1,4,-1.0268380122684669e-05,0.002469057322284229,0.002469078674395717,0.9085489434898895,5,0.5064325340094178,5,0.5064325340094178,0.5001572930589581,8.053121810842119e-16,0.00046627336598380214,6.922320672981744e-11,True,True,True
fd_eps,H3e-4,0.0003,2.91,18.356798567017925,1,5,1.0268380122582396e-05,-0.0024690573222831587,0.002469078674394646,0.9085489433801985,5,0.506432534254627,5,0.506432534254627,0.5001572930544608,8.053121810842119e-16,0.00046627336598380214,6.922320672981744e-11,True,True,True
fd_eps,H3e-4,0.0003,2.91,18.356798567017925,1,6,1.6930901125533637e-15,0.03426398594040342,0.03426398594040342,0.9999983726085384,-7,0.9999996432378457,7,0.9999996432378457,4.084601402944903e-06,8.053121810842119e-16,0.00046627336598380214,6.922320672981744e-11,True,True,True
fd_eps,H3e-4,0.0003,2.91,18.356798567017925,1,7,-2.7282863468425234e-15,-0.034263985940404626,0.034263985940404626,0.9999983726085384,-7,0.9999996432378458,7,0.9999996432378458,4.08460140203644e-06,8.053121810842119e-16,0.00046627336598380214,6.922320672981744e-11,True,True,True
fd_eps,H3e-4,0.0003,2.91,18.356798567017925,2,0,-2.4994996510946894e-15,0.006632199196297469,0.006632199196297469,0.9999687529463958,2,0.4999991191237744,2,0.9999982382443648,0.5000181084242037,9.565674640334428e-16,0.00046627336598380214,6.922320672981744e-11,True,True,True
fd_eps,H3e-4,0.0003,2.91,18.356798567017925,2,1,-2.4984411362049217e-15,-0.006632199196297473,0.006632199196297473,0.999968752946396,-2,0.49999911912376244,2,0.9999982382443647,0.5000181084242037,9.565674640334428e-16,0.00046627336598380214,6.922320672981744e-11,True,True,True
fd_eps,H3e-4,0.0003,2.91,18.356798567017925,2,2,3.640255367409471e-16,-0.006328908478507994,0.006328908478507994,0.999943398324813,2,0.4999997069482127,2,0.9999994138776453,0.500006489836672,9.565674640334428e-16,0.00046627336598380214,6.922320672981744e-11,True,True,True
fd_eps,H3e-4,0.0003,2.91,18.356798567017925,2,3,3.631358143922448e-16,0.006328908478507994,0.006328908478507994,0.9999433983248128,-2,0.4999997069482115,2,0.9999994138776452,0.500006489836672,9.565674640334428e-16,0.00046627336598380214,6.922320672981744e-11,True,True,True
fd_eps,H3e-4,0.0003,2.91,18.356798567017925,2,4,1.5126686756014252e-15,-0.01967570148048192,0.01967570148048192,0.9999942457402472,-6,0.4999982602479971,6,0.9999965176595976,0.5000340820204787,9.565674640334428e-16,0.00046627336598380214,6.922320672981744e-11,True,True,True
fd_eps,H3e-4,0.0003,2.91,18.356798567017925,2,5,1.5048726154098802e-15,0.019675701480481936,0.019675701480481936,0.9999942457402472,6,0.49999826026670097,6,0.9999965176595975,0.5000340820204786,9.565674640334428e-16,0.00046627336598380214,6.922320672981744e-11,True,True,True
fd_eps,H3e-4,0.0003,2.91,18.356798567017925,2,6,4.0054765060304476e-15,0.019678353410397583,0.019678353410397583,0.9999952727961445,-6,0.4999996207397447,6,0.9999992410289646,0.5000082622142207,9.565674640334428e-16,0.00046627336598380214,6.922320672981744e-11,True,True,True
fd_eps,H3e-4,0.0003,2.91,18.356798567017925,2,7,4.007211225407858e-15,-0.01967835341039755,0.01967835341039755,0.9999952727961443,6,0.4999996207199744,6,0.9999992410289646,0.5000082622142207,9.565674640334428e-16,0.00046627336598380214,6.922320672981744e-11,True,True,True
fd_eps,H3e-4,0.0003,2.91,18.356798567017925,3,0,1.0268380101323855e-05,-0.002469057322309354,0.0024690786744207527,0.9085489435049626,-5,0.5064325351882915,5,0.5064325351882915,0.5001572930373503,7.649168421560584e-16,0.00046627336598380214,6.922320672981744e-11,True,True,True
fd_eps,H3e-4,0.0003,2.91,18.356798567017925,3,1,-1.0268380096897181e-05,0.0024690573223061815,0.002469078674417562,0.9085489433711523,-5,0.5064325353018869,5,0.5064325353018869,0.5001572930352809,7.649168421560584e-16,0.00046627336598380214,6.922320672981744e-11,True,True,True
fd_eps,H3e-4,0.0003,2.91,18.356798567017925,3,2,5.2465531169972674e-06,-2.3025671952178092e-15,5.2465531169972674e-06,0.9986489832708741,-1,0.9984381867537617,1,0.9984381867537617,0.00842263388839433,7.649168421560584e-16,0.00046627336598380214,6.922320672981744e-11,True,True,True
fd_eps,H3e-4,0.0003,2.91,18.356798567017925,3,3,-5.246553117326834e-06,2.609763569249429e-15,5.246553117326834e-06,0.9986489832708488,-1,0.9984381867537141,1,0.9984381867537141,0.008422633888615985,7.649168421560584e-16,0.00046627336598380214,6.922320672981744e-11,True,True,True
fd_eps,H3e-4,0.0003,2.91,18.356798567017925,3,4,-1.0268380122685357e-05,-0.002469057322284231,0.0024690786743957194,0.9085489434898869,-5,0.5064325340095214,5,0.5064325340095214,0.5001572930589561,7.649168421560584e-16,0.00046627336598380214,6.922320672981744e-11,True,True,True
fd_eps,H3e-4,0.0003,2.91,18.356798567017925,3,5,1.0268380122579462e-05,0.0024690573222831604,0.0024690786743946477,0.9085489433801959,-5,0.5064325342546506,5,0.5064325342546506,0.5001572930544603,7.649168421560584e-16,0.00046627336598380214,6.922320672981744e-11,True,True,True
fd_eps,H3e-4,0.0003,2.91,18.356798567017925,3,6,1.6861512186494565e-15,-0.03426398594040343,0.03426398594040343,0.999998372608538,7,0.9999996432378457,7,0.9999996432378457,4.084601402949879e-06,7.649168421560584e-16,0.00046627336598380214,6.922320672981744e-11,True,True,True
fd_eps,H3e-4,0.0003,2.91,18.356798567017925,3,7,-2.7157096016416915e-15,0.03426398594040459,0.03426398594040459,0.9999983726085384,7,0.999999643237846,7,0.999999643237846,4.0846014019613215e-06,7.649168421560584e-16,0.00046627336598380214,6.922320672981744e-11,True,True,True
fd_eps,H1e-4,0.0001,2.31,10.074424655013587,0,0,-3.5703793677106654e-14,3.0428112204349045e-11,3.042813315143304e-11,1.0,0,0.9319727289214507,0,0.9319727289214507,0.18397475236863212,5.719944159935401e-16,0.07627203859172842,3.5512398618152863e-11,True,False,False
fd_eps,H1e-4,0.0001,2.31,10.074424655013587,0,1,-3.5703793677098153e-14,-3.042811220434906e-11,3.0428133151433053e-11,1.0,0,0.9319727289214509,0,0.9319727289214509,0.1839747523686319,5.719944159935401e-16,0.07627203859172842,3.5512398618152863e-11,True,False,False
fd_eps,H1e-4,0.0001,2.31,10.074424655013587,0,2,-0.012717611095641405,-4.281703015656634e-21,0.012717611095641405,1.0,-4,0.49951431248188616,4,0.9990286249637718,0.4356544967251266,5.719944159935401e-16,0.07627203859172842,3.5512398618152863e-11,True,False,False
fd_eps,H1e-4,0.0001,2.31,10.074424655013587,0,3,0.01271761109571101,4.2816596258241916e-21,0.01271761109571101,1.0,-4,0.499514312481903,4,0.9990286249638054,0.4356544967249977,5.719944159935401e-16,0.07627203859172842,3.5512398618152863e-11,True,False,False
fd_eps,H1e-4,0.0001,2.31,10.074424655013587,0,4,-0.02061512574141889,1.0969097137077223e-20,0.02061512574141889,1.0,-4,0.49326128034325634,4,0.9865225606865125,0.4750585186303249,5.719944159935401e-16,0.07627203859172842,3.5512398618152863e-11,True,False,False
fd_eps,H1e-4,0.0001,2.31,10.074424655013587,0,5,0.02061512574164919,-1.0969096084979226e-20,0.02061512574164919,1.0,4,0.4932612803433012,4,0.9865225606866016,0.47505851863008747,5.719944159935401e-16,0.07627203859172842,3.5512398618152863e-11,True,False,False
fd_eps,H1e-4,0.0001,2.31,10.074424655013587,0,6,-2.0430055217013354e-14,-0.04198725767745187,0.04198725767745187,1.0,-8,0.49314033703087556,8,0.9862806740041997,0.47570239124878894,5.719944159935401e-16,0.07627203859172842,3.5512398618152863e-11,True,False,False
fd_eps,H1e-4,0.0001,2.31,10.074424655013587,0,7,-2.043512528873873e-14,0.04198725767745193,0.04198725767745193,1.0,8,0.4931403370308989,8,0.9862806740041996,0.47570239124878894,5.719944159935401e-16,0.07627203859172842,3.5512398618152863e-11,True,False,False
fd_eps,H1e-4,0.0001,2.31,10.074424655013587,0,8,5.3335229298253096e-14,0.045555626679755566,0.045555626679755566,1.0,8,0.499697130608154,8,0.9993942611916266,0.4338488562099792,5.719944159935401e-16,0.07627203859172842,3.5512398618152863e-11,True,False,False
fd_eps,H1e-4,0.0001,2.31,10.074424655013587,0,9,5.334621633323877e-14,-0.045555626679755594,0.045555626679755594,1.0,-8,0.49969713060818,8,0.9993942611916266,0.4338488562099791,5.719944159935401e-16,0.07627203859172842,3.5512398618152863e-11,True,False,False
fd_eps,H1e-4,0.0001,2.31,10.074424655013587,1,0,-5.660649977781803e-14,0.0006874812357296077,0.0006874812357296077,1.0,1,0.9458886396695716,1,0.9458886396695716,0.16121098218928656,8.45573685151108e-16,0.07627203859172842,3.5512398618152863e-11,True,False,False
fd_eps,H1e-4,0.0001,2.31,10.074424655013587,1,1,5.127890031945839e-14,-0.0006874812357402497,0.0006874812357402497,1.0,1,0.9458886396692227,1,0.9458886396692227,0.16121098219005514,8.45573685151108e-16,0.07627203859172842,3.5512398618152863e-11,True,False,False
fd_eps,H1e-4,0.0001,2.31,10.074424655013587,1,2,-0.01134454617150631,-5.662647928404847e-14,0.01134454617150631,1.0,-3,0.6427199803170544,3,0.6427199803170544,0.490230261825791,8.45573685151108e-16,0.07627203859172842,3.5512398618152863e-11,True,False,False
fd_eps,H1e-4,0.0001,2.31,10.074424655013587,1,3,0.01134454617166984,5.793031664099317e-14,0.01134454617166984,1.0,-3,0.6427199803108395,3,0.6427199803108395,0.49023026182818435,8.45573685151108e-16,0.07627203859172842,3.5512398618152863e-11,True,False,False
fd_eps,H1e-4,0.0001,2.31,10.074424655013587,1,4,-0.019225702494502377,8.840794490433633e-15,0.019225702494502377,1.0,5,0.5795266044400992,5,0.5795266044400992,0.6241569120567532,8.45573685151108e-16,0.07627203859172842,3.5512398618152863e-11,True,False,False
fd_eps,H1e-4,0.0001,2.31,10.074424655013587,1,5,0.019225702494608834,-1.143473769990845e-13,0.019225702494608834,1.0,5,0.579526604443884,5,0.579526604443884,0.6241569120545736,8.45573685151108e-16,0.07627203859172842,3.5512398618152863e-11,True,False,False
fd_eps,H1e-4,0.0001,2.31,10.074424655013587,1,6,3.443079155118767e-14,-0.028193287119823683,0.028193287119823683,1.0,-7,0.9715593256670695,7,0.9715593256670695,0.10701794963455341,8.45573685151108e-16,0.07627203859172842,3.5512398618152863e-11,True,False,False
fd_eps,H1e-4,0.0001,2.31,10.074424655013587,1,7,3.6517663892787766e-14,0.02819328711991749,0.02819328711991749,1.0,-7,0.9715593256673527,7,0.9715593256673527,0.10701794963383021,8.45573685151108e-16,0.07627203859172842,3.5512398618152863e-11,True,False,False
fd_eps,H1e-4,0.0001,2.31,10.074424655013587,2,0,2.947363598609755e-13,0.0012706981414391603,0.0012706981414391603,1.0,2,0.49277361241012474,2,0.9855472248174881,0.5545211333051366,8.568946339677014e-16,0.07627203859172842,3.5512398618152863e-11,True,False,False
fd_eps,H1e-4,0.0001,2.31,10.074424655013587,2,1,2.9473635739081033e-13,-0.0012706981414391607,0.0012706981414391607,1.0,-2,0.4927736124101241,2,0.9855472248174879,0.5545211333051366,8.568946339677014e-16,0.07627203859172842,3.5512398618152863e-11,True,False,False
fd_eps,H1e-4,0.0001,2.31,10.074424655013587,2,2,-0.01267404180238168,-1.4835903526786485e-24,0.01267404180238168,1.0,2,0.4991552558314323,2,0.9983105116628324,0.5089970943636073,8.568946339677014e-16,0.07627203859172842,3.5512398618152863e-11,True,False,False
fd_eps,H1e-4,0.0001,2.31,10.074424655013587,2,3,0.012674041802565365,-9.845697406127685e-25,0.012674041802565365,1.0,-2,0.49915525583118303,2,0.998310511662359,0.5089970943657868,8.568946339677014e-16,0.07627203859172842,3.5512398618152863e-11,True,False,False
fd_eps,H1e-4,0.0001,2.31,10.074424655013587,2,4,0.01286911821897206,6.552856366084236e-27,0.01286911821897206,1.0,6,0.3642487101454749,6,0.7284974202909495,0.9218062451153535,8.568946339677014e-16,0.07627203859172842,3.5512398618152863e-11,True,False,False
fd_eps,H1e-4,0.0001,2.31,10.074424655013587,2,5,-0.012869118219219008,3.440481293967069e-27,0.012869118219219008,1.0,-6,0.364248710130772,6,0.7284974202615435,0.92180624513629,8.568946339677014e-16,0.07627203859172842,3.5512398618152863e-11,True,False,False
fd_eps,H1e-4,0.0001,2.31,10.074424655013587,2,6,8.813002411178772e-14,0.0157553873314811,0.0157553873314811,1.0,6,0.4990561526025258,6,0.9981123051957437,0.5099014229135317,8.568946339677014e-16,0.07627203859172842,3.5512398618152863e-11,True,False,False
fd_eps,H1e-4,0.0001,2.31,10.074424655013587,2,7,8.812915675004973e-14,-0.01575538733148111,0.01575538733148111,1.0,-6,0.49905615260252556,6,0.9981123051957437,0.5099014229135317,8.568946339677014e-16,0.07627203859172842,3.5512398618152863e-11,True,False,False
fd_eps,H1e-4,0.0001,2.31,10.074424655013587,3,0,-5.660666545928777e-14,-0.0006874812357296081,0.0006874812357296081,1.0,-1,0.9458886396695714,1,0.9458886396695714,0.16121098218928684,8.230419312038172e-16,0.07627203859172842,3.5512398618152863e-11,True,False,False
fd_eps,H1e-4,0.0001,2.31,10.074424655013587,3,1,5.1278592643738864e-14,0.0006874812357402503,0.0006874812357402503,1.0,-1,0.9458886396692224,1,0.9458886396692224,0.16121098219005542,8.230419312038172e-16,0.07627203859172842,3.5512398618152863e-11,True,False,False
fd_eps,H1e-4,0.0001,2.31,10.074424655013587,3,2,-0.011344546171506311,5.6626709605390766e-14,0.011344546171506311,1.0,3,0.642719980317052,3,0.642719980317052,0.49023026182579227,8.230419312038172e-16,0.07627203859172842,3.5512398618152863e-11,True,False,False
fd_eps,H1e-4,0.0001,2.31,10.074424655013587,3,3,0.011344546171669854,-5.793080223238818e-14,0.011344546171669854,1.0,3,0.6427199803108399,3,0.6427199803108399,0.4902302618281844,8.230419312038172e-16,0.07627203859172842,3.5512398618152863e-11,True,False,False
fd_eps,H1e-4,0.0001,2.31,10.074424655013587,3,4,-0.01922570249450233,-8.84145247396609e-15,0.01922570249450233,1.0,-5,0.5795266044400994,5,0.5795266044400994,0.6241569120567532,8.230419312038172e-16,0.07627203859172842,3.5512398618152863e-11,True,False,False
fd_eps,H1e-4,0.0001,2.31,10.074424655013587,3,5,0.019225702494608938,1.1434572248474196e-13,0.019225702494608938,1.0,-5,0.5795266044438844,5,0.5795266044438844,0.6241569120545734,8.230419312038172e-16,0.07627203859172842,3.5512398618152863e-11,True,False,False
fd_eps,H1e-4,0.0001,2.31,10.074424655013587,3,6,3.442385265728376e-14,0.028193287119823673,0.028193287119823673,1.0,7,0.9715593256670692,7,0.9715593256670692,0.107017949634554,8.230419312038172e-16,0.07627203859172842,3.5512398618152863e-11,True,False,False
fd_eps,H1e-4,0.0001,2.31,10.074424655013587,3,7,3.6518531254525755e-14,-0.028193287119917476,0.028193287119917476,1.0,7,0.9715593256673526,7,0.9715593256673526,0.10701794963383078,8.230419312038172e-16,0.07627203859172842,3.5512398618152863e-11,True,False,False
fd_eps,H1e-4,0.0001,2.36,10.59095145243378,0,0,-9.85849010919549e-15,2.954808401933188e-11,2.954808566393639e-11,0.999147033173439,0,0.9457340797551349,0,0.9457340797551349,0.15447942458660452,5.61285972577889e-16,0.048227571247054735,3.313493927048214e-11,True,True,True
fd_eps,H1e-4,0.0001,2.36,10.59095145243378,0,1,-9.858490109200653e-15,-2.954808401933187e-11,2.9548085663936386e-11,0.9991470331734392,0,0.9457340797551349,0,0.9457340797551349,0.15447942458660455,5.61285972577889e-16,0.048227571247054735,3.313493927048214e-11,True,True,True
fd_eps,H1e-4,0.0001,2.36,10.59095145243378,0,2,-0.012037383560378492,-9.71934673977366e-21,0.012037383560378492,0.9976623107036505,-4,0.49971711837589466,4,0.9994342367517879,0.4337385431970168,5.61285972577889e-16,0.048227571247054735,3.313493927048214e-11,True,True,True
fd_eps,H1e-4,0.0001,2.36,10.59095145243378,0,3,0.012037383560396393,9.719378550152931e-21,0.012037383560396393,0.9976623107035036,-4,0.49971711837592203,4,0.9994342367518436,0.43373854319675176,5.61285972577889e-16,0.048227571247054735,3.313493927048214e-11,True,True,True
fd_eps,H1e-4,0.0001,2.36,10.59095145243378,0,4,-0.01659786304244594,2.409817382764542e-20,0.01659786304244594,0.9949823400734599,4,0.49807240854673007,4,0.9961448170934587,0.4463815113667254,5.61285972577889e-16,0.048227571247054735,3.313493927048214e-11,True,True,True
fd_eps,H1e-4,0.0001,2.36,10.59095145243378,0,5,0.01659786304253211,-2.4098146850997003e-20,0.01659786304253211,0.9949823400739749,4,0.4980724085466104,4,0.996144817093219,0.4463815113675527,5.61285972577889e-16,0.048227571247054735,3.313493927048214e-11,True,True,True
fd_eps,H1e-4,0.0001,2.36,10.59095145243378,0,6,2.7132526572290213e-14,-0.045278198406061544,0.045278198406061544,0.9947107487484823,8,0.4980204889515811,8,0.9960409778541137,0.4467390156197996,5.61285972577889e-16,0.048227571247054735,3.313493927048214e-11,True,True,True
fd_eps,H1e-4,0.0001,2.36,10.59095145243378,0,7,2.711633001473146e-14,0.04527819840606152,0.04527819840606152,0.9947107487484828,-8,0.49802048895157536,8,0.9960409778541137,0.4467390156197997,5.61285972577889e-16,0.048227571247054735,3.313493927048214e-11,True,True,True
fd_eps,H1e-4,0.0001,2.36,10.59095145243378,0,8,-7.896461262646426e-15,0.046722251140714245,0.046722251140714245,0.9993691008939292,-8,0.49979631632037846,8,0.9995926325704954,0.43290722628403583,5.61285972577889e-16,0.048227571247054735,3.313493927048214e-11,True,True,True
fd_eps,H1e-4,0.0001,2.36,10.59095145243378,0,9,-7.884155338263278e-15,-0.046722251140714224,0.046722251140714224,0.9993691008939296,8,0.49979631632037,8,0.9995926325704955,0.43290722628403583,5.61285972577889e-16,0.048227571247054735,3.313493927048214e-11,True,True,True
fd_eps,H1e-4,0.0001,2.36,10.59095145243378,1,0,3.577460510768094e-15,0.0004867211468711108,0.0004867211468711108,0.9996618676618846,1,0.9511448436510794,1,0.9511448436510794,0.1476191059760374,9.060068459724918e-16,0.048227571247054735,3.313493927048214e-11,True,True,True
fd_eps,H1e-4,0.0001,2.36,10.59095145243378,1,1,1.0779792331361398e-14,-0.00048672114686321676,0.00048672114686321676,0.999661867661887,1,0.9511448436509478,1,0.9511448436509478,0.14761910597610378,9.060068459724918e-16,0.048227571247054735,3.313493927048214e-11,True,True,True
fd_eps,H1e-4,0.0001,2.36,10.59095145243378,1,2,-0.009592514537759606,9.65641037939962e-15,0.009592514537759606,0.9961472571565623,-3,0.6545112310808897,3,0.6545112310808897,0.4779171366568997,9.060068459724918e-16,0.048227571247054735,3.313493927048214e-11,True,True,True
fd_eps,H1e-4,0.0001,2.36,10.59095145243378,1,3,0.00959251453762616,-1.896452849203158e-14,0.00959251453762616,0.9961472571548151,-3,0.6545112310936848,3,0.6545112310936848,0.47791713665057245,9.060068459724918e-16,0.048227571247054735,3.313493927048214e-11,True,True,True
fd_eps,H1e-4,0.0001,2.36,10.59095145243378,1,4,-0.01425412059181399,5.1877958452249777e-14,0.01425412059181399,0.9847407887908847,5,0.6265073705362342,5,0.6265073705362342,0.5479345775532707,9.060068459724918e-16,0.048227571247054735,3.313493927048214e-11,True,True,True
fd_eps,H1e-4,0.0001,2.36,10.59095145243378,1,5,0.014254120591858509,1.948413975016924e-14,0.014254120591858509,0.984740788793171,5,0.6265073705208415,5,0.6265073705208415,0.5479345775594752,9.060068459724918e-16,0.048227571247054735,3.313493927048214e-11,True,True,True
fd_eps,H1e-4,0.0001,2.36,10.59095145243378,1,6,-1.1221926166093965e-14,-0.030773750005395166,0.030773750005395166,0.991208842516005,-7,0.9911421300329661,7,0.9911421300329661,0.041148699319050984,9.060068459724918e-16,0.048227571247054735,3.313493927048214e-11,True,True,True
fd_eps,H1e-4,0.0001,2.36,10.59095145243378,1,7,3.157196726277789e-16,0.030773750005315445,0.030773750005315445,0.991208842515662,-7,0.9911421300333012,7,0.9911421300333012,0.04114869931773233,9.060068459724918e-16,0.048227571247054735,3.313493927048214e-11,True,True,True
fd_eps,H1e-4,0.0001,2.36,10.59095145243378,2,0,1.8983927596285243e-13,-0.004266776593538971,0.004266776593538971,0.9541572063904883,-2,0.46575041092227043,2,0.9315008218437661,0.6801488763317707,8.557893242289188e-16,0.048227571247054735,3.313493927048214e-11,True,True,True
fd_eps,H1e-4,0.0001,2.36,10.59095145243378,2,1,1.8983837240569485e-13,0.004266776593538968,0.004266776593538968,0.9541572063904885,2,0.46575041092227065,2,0.9315008218437661,0.6801488763317708,8.557893242289188e-16,0.048227571247054735,3.313493927048214e-11,True,True,True
fd_eps,H1e-4,0.0001,2.36,10.59095145243378,2,2,-0.011004958145203816,4.53360330343581e-18,0.011004958145203816,0.9882164113152944,-2,0.4993231145801929,2,0.9986462291603844,0.5074257842226675,8.557893242289188e-16,0.048227571247054735,3.313493927048214e-11,True,True,True
fd_eps,H1e-4,0.0001,2.36,10.59095145243378,2,3,0.011004958145316813,-1.734251866417195e-28,0.011004958145316813,0.988216411314926,-2,0.4993231145803805,2,0.9986462291607583,0.5074257842208859,8.557893242289188e-16,0.048227571247054735,3.313493927048214e-11,True,True,True
fd_eps,H1e-4,0.0001,2.36,10.59095145243378,2,4,-1.0086707946840378e-13,-0.008792196628932525,0.008792196628932525,0.4821452204053042,6,0.3461454651818741,6,0.6922909303635906,0.9452556247427735,8.557893242289188e-16,0.048227571247054735,3.313493927048214e-11,True,True,True
fd_eps,H1e-4,0.0001,2.36,10.59095145243378,2,5,-1.008622695925884e-13,0.008792196628932512,0.008792196628932512,0.48214522045174707,-6,0.3461454651818725,6,0.6922909303635905,0.9452556247427735,8.557893242289188e-16,0.048227571247054735,3.313493927048214e-11,True,True,True
fd_eps,H1e-4,0.0001,2.36,10.59095145243378,2,6,-1.2833484275276419e-14,0.016828148267433497,0.016828148267433497,0.998010487577486,-6,0.4993590707887402,6,0.998718141574982,0.5070818302567762,8.557893242289188e-16,0.048227571247054735,3.313493927048214e-11,True,True,True
fd_eps,H1e-4,0.0001,2.36,10.59095145243378,2,7,-1.281827833980731e-14,-0.016828148267433465,0.016828148267433465,0.9980104875774862,6,0.4993590707887393,6,0.998718141574982,0.5070818302567762,8.557893242289188e-16,0.048227571247054735,3.313493927048214e-11,True,True,True
fd_eps,H1e-4,0.0001,2.36,10.59095145243378,3,0,3.577703652835831e-15,-0.0004867211468711115,0.0004867211468711115,0.9996618676618841,-1,0.9511448436510797,1,0.9511448436510797,0.14761910597603725,8.022871690991527e-16,0.048227571247054735,3.313493927048214e-11,True,True,True
fd_eps,H1e-4,0.0001,2.36,10.59095145243378,3,1,1.0779836744467832e-14,0.0004867211468632177,0.0004867211468632177,0.999661867661887,-1,0.9511448436509478,1,0.9511448436509478,0.14761910597610392,8.022871690991527e-16,0.048227571247054735,3.313493927048214e-11,True,True,True
fd_eps,H1e-4,0.0001,2.36,10.59095145243378,3,2,-0.009592514537759611,-9.656463925771053e-15,0.009592514537759611,0.9961472571565629,3,0.6545112310808898,3,0.6545112310808898,0.4779171366568996,8.022871690991527e-16,0.048227571247054735,3.313493927048214e-11,True,True,True
fd_eps,H1e-4,0.0001,2.36,10.59095145243378,3,3,0.009592514537626176,1.8965040566839528e-14,0.009592514537626176,0.9961472571548151,3,0.6545112310936851,3,0.6545112310936851,0.4779171366505723,8.022871690991527e-16,0.048227571247054735,3.313493927048214e-11,True,True,True
fd_eps,H1e-4,0.0001,2.36,10.59095145243378,3,4,-0.014254120591814017,-5.1878743488040494e-14,0.014254120591814017,0.9847407887908847,-5,0.6265073705362331,5,0.6265073705362331,0.547934577553271,8.022871690991527e-16,0.048227571247054735,3.313493927048214e-11,True,True,True
fd_eps,H1e-4,0.0001,2.36,10.59095145243378,3,5,0.014254120591858531,-1.948291870604839e-14,0.014254120591858531,0.9847407887931705,-5,0.626507370520841,5,0.626507370520841,0.5479345775594753,8.022871690991527e-16,0.048227571247054735,3.313493927048214e-11,True,True,True
fd_eps,H1e-4,0.0001,2.36,10.59095145243378,3,6,-1.1210650463500116e-14,0.030773750005395145,0.030773750005395145,0.991208842516005,7,0.9911421300329661,7,0.9911421300329661,0.04114869931905129,8.022871690991527e-16,0.048227571247054735,3.313493927048214e-11,True,True,True
fd_eps,H1e-4,0.0001,2.36,10.59095145243378,3,7,3.191891195797325e-16,-0.030773750005315424,0.030773750005315424,0.991208842515662,7,0.991142130033301,7,0.991142130033301,0.041148699317732816,8.022871690991527e-16,0.048227571247054735,3.313493927048214e-11,True,True,True
fd_eps,H1e-4,0.0001,2.41,11.133961145065307,0,0,2.344747553962955e-14,2.8582666238668368e-11,2.8582675856105945e-11,0.9979197043333163,0,0.9644728164333173,0,0.9644728164333173,0.11066770573623995,5.651946924060366e-16,0.03056491953615149,5.168652197458676e-11,True,True,True
fd_eps,H1e-4,0.0001,2.41,11.133961145065307,0,1,2.3447475539618e-14,-2.8582666238668342e-11,2.858267585610592e-11,0.9979197043333163,0,0.9644728164333173,0,0.9644728164333173,0.11066770573623992,5.651946924060366e-16,0.03056491953615149,5.168652197458676e-11,True,True,True
fd_eps,H1e-4,0.0001,2.41,11.133961145065307,0,2,-0.011199030583025661,-1.0881221283765063e-20,0.011199030583025661,0.9982985528883469,4,0.49985821140752684,4,0.9997164228150506,0.4323265708769039,5.651946924060366e-16,0.03056491953615149,5.168652197458676e-11,True,True,True
fd_eps,H1e-4,0.0001,2.41,11.133961145065307,0,3,0.01119903058304892,1.088125063885823e-20,0.01119903058304892,0.9982985528882948,4,0.4998582114075521,4,0.9997164228151029,0.4323265708766136,5.651946924060366e-16,0.03056491953615149,5.168652197458676e-11,True,True,True
fd_eps,H1e-4,0.0001,2.41,11.133961145065307,0,4,-0.013930972876489596,7.963020879367716e-21,0.013930972876489596,0.9982802854518676,-4,0.4993953907664799,4,0.9987907815329593,0.43647470155320667,5.651946924060366e-16,0.03056491953615149,5.168652197458676e-11,True,True,True
fd_eps,H1e-4,0.0001,2.41,11.133961145065307,0,5,0.013930972876395886,-7.96307712943479e-21,0.013930972876395886,0.9982802854519657,4,0.49939539076651873,4,0.9987907815330369,0.43647470155288287,5.651946924060366e-16,0.03056491953615149,5.168652197458676e-11,True,True,True
fd_eps,H1e-4,0.0001,2.41,11.133961145065307,0,6,-3.841817702365126e-14,-0.04684106368145636,0.04684106368145636,0.9984553743371594,8,0.49938374135442254,8,0.9987674826422178,0.43657179467632207,5.651946924060366e-16,0.03056491953615149,5.168652197458676e-11,True,True,True
fd_eps,H1e-4,0.0001,2.41,11.133961145065307,0,7,-3.84223902694103e-14,0.04684106368145637,0.04684106368145637,0.9984553743371594,-8,0.4993837413543808,8,0.9987674826422177,0.4365717946763221,5.651946924060366e-16,0.03056491953615149,5.168652197458676e-11,True,True,True
fd_eps,H1e-4,0.0001,2.41,11.133961145065307,0,8,-3.8316572137375715e-14,0.04742841790719583,0.04742841790719583,0.9996228650298744,-8,0.499889131624917,8,0.9997782631506008,0.431974000806798,5.651946924060366e-16,0.03056491953615149,5.168652197458676e-11,True,True,True
fd_eps,H1e-4,0.0001,2.41,11.133961145065307,0,9,-3.8332240093586595e-14,-0.047428417907195826,0.047428417907195826,0.9996228650298744,8,0.4998891316248763,8,0.9997782631506007,0.431974000806798,5.651946924060366e-16,0.03056491953615149,5.168652197458676e-11,True,True,True
fd_eps,H1e-4,0.0001,2.41,11.133961145065307,1,0,-4.048110167648254e-14,0.0003378480384787517,0.0003378480384787517,0.9997237944916835,1,0.9562189695504378,1,0.9562189695504378,0.13460940814028283,8.295797618669866e-16,0.03056491953615149,5.168652197458676e-11,True,True,True
fd_eps,H1e-4,0.0001,2.41,11.133961145065307,1,1,3.982832121020794e-14,-0.00033784803847461566,0.00033784803847461566,0.9997237944916988,1,0.9562189695500761,1,0.9562189695500761,0.13460940814121874,8.295797618669866e-16,0.03056491953615149,5.168652197458676e-11,True,True,True
fd_eps,H1e-4,0.0001,2.41,11.133961145065307,1,2,-0.008020272227252009,-6.67483191402848e-14,0.008020272227252009,0.9954940163264934,-3,0.6828028708165459,3,0.6828028708165459,0.4595952740014994,8.295797618669866e-16,0.03056491953615149,5.168652197458676e-11,True,True,True
fd_eps,H1e-4,0.0001,2.41,11.133961145065307,1,3,0.008020272227276791,1.2695278725186884e-13,0.008020272227276791,0.9954940163307952,-3,0.6828028707873844,3,0.6828028707873844,0.45959527401857025,8.295797618669866e-16,0.03056491953615149,5.168652197458676e-11,True,True,True
fd_eps,H1e-4,0.0001,2.41,11.133961145065307,1,4,-0.010894319808993318,-4.744634873241305e-14,0.010894319808993318,0.9909862563102426,5,0.6690487163702585,5,0.6690487163702585,0.4985551210320592,8.295797618669866e-16,0.03056491953615149,5.168652197458676e-11,True,True,True
fd_eps,H1e-4,0.0001,2.41,11.133961145065307,1,5,0.010894319808857276,3.999075336679667e-15,0.010894319808857276,0.9909862563072349,5,0.6690487163871282,5,0.6690487163871282,0.4985551210239501,8.295797618669866e-16,0.03056491953615149,5.168652197458676e-11,True,True,True
fd_eps,H1e-4,0.0001,2.41,11.133961145065307,1,6,-5.1883844442990323e-14,-0.03217941689497317,0.03217941689497317,0.9970525984358256,-7,0.9971894767343261,7,0.9971894767343261,0.015334169699039626,8.295797618669866e-16,0.03056491953615149,5.168652197458676e-11,True,True,True
fd_eps,H1e-4,0.0001,2.41,11.133961145065307,1,7,-7.560098380654523e-14,0.03217941689497035,0.03217941689497035,0.9970525984360843,-7,0.9971894767341771,7,0.9971894767341771,0.015334169699730586,8.295797618669866e-16,0.03056491953615149,5.168652197458676e-11,True,True,True
fd_eps,H1e-4,0.0001,2.41,11.133961145065307,2,0,2.6102946458468597e-14,-0.0046560690453979195,0.0046560690453979195,0.9670454976246802,-2,0.4956373549189513,2,0.9912747098361943,0.5361094556927637,9.317656584606347e-16,0.03056491953615149,5.168652197458676e-11,True,True,True
fd_eps,H1e-4,0.0001,2.41,11.133961145065307,2,1,2.6104531207860502e-14,0.004656069045397916,0.004656069045397916,0.9670454976246802,2,0.49563735491895067,2,0.991274709836194,0.5361094556927638,9.317656584606347e-16,0.03056491953615149,5.168652197458676e-11,True,True,True
fd_eps,H1e-4,0.0001,2.41,11.133961145065307,2,2,-0.00897729365390635,-1.4592046314782136e-28,0.00897729365390635,0.9851608439052658,-2,0.4995645974483329,2,0.9991291948966652,0.5050539043017707,9.317656584606347e-16,0.03056491953615149,5.168652197458676e-11,True,True,True
fd_eps,H1e-4,0.0001,2.41,11.133961145065307,2,3,0.008977293653845822,-1.1283699227508718e-18,0.008977293653845822,0.9851608439038362,2,0.4995645974482936,2,0.9991291948965864,0.5050539043021709,9.317656584606347e-16,0.03056491953615149,5.168652197458676e-11,True,True,True
fd_eps,H1e-4,0.0001,2.41,11.133961145065307,2,4,-2.2505837273418702e-14,-0.01456786567426136,0.01456786567426136,0.8497178610671645,-6,0.47734297016481775,6,0.9546859403293444,0.6330738006011685,9.317656584606347e-16,0.03056491953615149,5.168652197458676e-11,True,True,True
fd_eps,H1e-4,0.0001,2.41,11.133961145065307,2,5,-2.2512980385079248e-14,0.014567865674261356,0.014567865674261356,0.8497178610671647,6,0.4773429701648141,6,0.9546859403293443,0.6330738006011685,9.317656584606347e-16,0.03056491953615149,5.168652197458676e-11,True,True,True
fd_eps,H1e-4,0.0001,2.41,11.133961145065307,2,6,-6.054184931159057e-15,0.017621890394879134,0.017621890394879134,0.9986138863815268,-6,0.4996219386600008,6,0.9992438772952386,0.5044653739270163,9.317656584606347e-16,0.03056491953615149,5.168652197458676e-11,True,True,True
fd_eps,H1e-4,0.0001,2.41,11.133961145065307,2,7,-6.055035776777655e-15,-0.01762189039487912,0.01762189039487912,0.998613886381527,6,0.49962193866000715,6,0.9992438772952387,0.5044653739270163,9.317656584606347e-16,0.03056491953615149,5.168652197458676e-11,True,True,True
fd_eps,H1e-4,0.0001,2.41,11.133961145065307,3,0,-4.048142117506309e-14,-0.0003378480384787541,0.0003378480384787541,0.999723794491683,-1,0.9562189695504378,1,0.9562189695504378,0.13460940814028285,8.13273333379192e-16,0.03056491953615149,5.168652197458676e-11,True,True,True
fd_eps,H1e-4,0.0001,2.41,11.133961145065307,3,1,3.9828451169974616e-14,0.00033784803847461794,0.00033784803847461794,0.9997237944916986,-1,0.9562189695500763,1,0.9562189695500763,0.13460940814121847,8.13273333379192e-16,0.03056491953615149,5.168652197458676e-11,True,True,True
fd_eps,H1e-4,0.0001,2.41,11.133961145065307,3,2,-0.008020272227251995,6.674914066146931e-14,0.008020272227251995,0.9954940163264931,3,0.6828028708165506,3,0.6828028708165506,0.45959527400149663,8.13273333379192e-16,0.03056491953615149,5.168652197458676e-11,True,True,True
fd_eps,H1e-4,0.0001,2.41,11.133961145065307,3,3,0.008020272227276795,-1.269535582208469e-13,0.008020272227276795,0.9954940163307952,3,0.68280287078739,3,0.68280287078739,0.4595952740185671,8.13273333379192e-16,0.03056491953615149,5.168652197458676e-11,True,True,True
fd_eps,H1e-4,0.0001,2.41,11.133961145065307,3,4,-0.01089431980899333,4.744580678223127e-14,0.01089431980899333,0.9909862563102422,-5,0.6690487163702598,5,0.6690487163702598,0.49855512103205835,8.13273333379192e-16,0.03056491953615149,5.168652197458676e-11,True,True,True
fd_eps,H1e-4,0.0001,2.41,11.133961145065307,3,5,0.010894319808857314,-3.9981145502518854e-15,0.010894319808857314,0.990986256307234,-5,0.6690487163871321,5,0.6690487163871321,0.4985551210239483,8.13273333379192e-16,0.03056491953615149,5.168652197458676e-11,True,True,True
fd_eps,H1e-4,0.0001,2.41,11.133961145065307,3,6,-5.1903793762964057e-14,0.0321794168949731,0.0321794168949731,0.9970525984358256,7,0.9971894767343261,7,0.9971894767343261,0.015334169699039698,8.13273333379192e-16,0.03056491953615149,5.168652197458676e-11,True,True,True
fd_eps,H1e-4,0.0001,2.41,11.133961145065307,3,7,-7.562353521173293e-14,-0.03217941689497029,0.03217941689497029,0.9970525984360841,7,0.9971894767341771,7,0.9971894767341771,0.015334169699730666,8.13273333379192e-16,0.03056491953615149,5.168652197458676e-11,True,True,True
fd_eps,H1e-4,0.0001,2.46,11.704811539980854,0,0,-2.2936775677935962e-14,2.790997566733313e-11,2.7909985092199637e-11,0.9979338963289738,0,0.9793490355496617,0,0.9793490355496617,0.07137983933339241,5.435672011475565e-16,0.019484960611653904,5.828404313974779e-11,True,True,True
fd_eps,H1e-4,0.0001,2.46,11.704811539980854,0,1,-2.293677567785227e-14,-2.7909975667333134e-11,2.790998509219964e-11,0.9979338963289731,0,0.9793490355496617,0,0.9793490355496617,0.07137983933339244,5.435672011475565e-16,0.019484960611653904,5.828404313974779e-11,True,True,True
fd_eps,H1e-4,0.0001,2.46,11.704811539980854,0,2,-0.01044898731962172,-9.741630786656493e-24,0.01044898731962172,0.9989977656585783,-4,0.4999334099840511,4,0.9998668199680987,0.4315124719580571,5.435672011475565e-16,0.019484960611653904,5.828404313974779e-11,True,True,True
fd_eps,H1e-4,0.0001,2.46,11.704811539980854,0,3,0.010448987319656369,9.713268759592364e-24,0.010448987319656369,0.9989977656587576,4,0.49993340998404034,4,0.9998668199680791,0.4315124719581651,5.435672011475565e-16,0.019484960611653904,5.828404313974779e-11,True,True,True
fd_eps,H1e-4,0.0001,2.46,11.704811539980854,0,4,-0.012120806531235227,6.923664235276924e-21,0.012120806531235227,0.999348375102629,4,0.49979701661365805,4,0.999594033227311,0.4328985611601735,5.435672011475565e-16,0.019484960611653904,5.828404313974779e-11,True,True,True
fd_eps,H1e-4,0.0001,2.46,11.704811539980854,0,5,0.012120806531269531,-6.923659594924547e-21,0.012120806531269531,0.9993483751025748,4,0.49979701661365783,4,0.9995940332273145,0.43289856116015674,5.435672011475565e-16,0.019484960611653904,5.828404313974779e-11,True,True,True
fd_eps,H1e-4,0.0001,2.46,11.704811539980854,0,6,-4.892939585657752e-14,-0.04763169901729857,0.04763169901729857,0.9994849447994186,-8,0.49979456276697654,8,0.9995891255086472,0.4329223545592596,5.435672011475565e-16,0.019484960611653904,5.828404313974779e-11,True,True,True
fd_eps,H1e-4,0.0001,2.46,11.704811539980854,0,7,-4.89313450868778e-14,0.04763169901729859,0.04763169901729859,0.9994849447994189,8,0.4997945627670699,8,0.9995891255086473,0.4329223545592596,5.435672011475565e-16,0.019484960611653904,5.828404313974779e-11,True,True,True
fd_eps,H1e-4,0.0001,2.46,11.704811539980854,0,8,-1.1650402864660236e-14,0.04787216173310799,0.04787216173310799,0.9997963091224514,8,0.4999448614680627,8,0.9998897226876935,0.43136957203814896,5.435672011475565e-16,0.019484960611653904,5.828404313974779e-11,True,True,True
fd_eps,H1e-4,0.0001,2.46,11.704811539980854,0,9,-1.1660222697172628e-14,-0.047872161733107974,0.047872161733107974,0.999796309122451,-8,0.49994486146815126,8,0.9998897226876935,0.431369572038149,5.435672011475565e-16,0.019484960611653904,5.828404313974779e-11,True,True,True
fd_eps,H1e-4,0.0001,2.46,11.704811539980854,1,0,3.0908097592160926e-15,0.00023412522134493954,0.00023412522134493954,0.9998107891866083,1,0.9601160195385238,1,0.9601160195385238,0.12446839252639129,7.471720952109633e-16,0.019484960611653904,5.828404313974779e-11,True,True,True
fd_eps,H1e-4,0.0001,2.46,11.704811539980854,1,1,-7.693481872122912e-15,-0.00023412522135257566,0.00023412522135257566,0.9998107891866003,1,0.9601160195378036,1,0.9601160195378036,0.12446839252767526,7.471720952109633e-16,0.019484960611653904,5.828404313974779e-11,True,True,True
fd_eps,H1e-4,0.0001,2.46,11.704811539980854,1,2,-0.006652559448617804,-9.642518865279022e-14,0.006652559448617804,0.9949046404763988,-3,0.7200831493671834,3,0.7200831493671834,0.4337113116848062,7.471720952109633e-16,0.019484960611653904,5.828404313974779e-11,True,True,True
fd_eps,H1e-4,0.0001,2.46,11.704811539980854,1,3,0.00665255944853735,5.342590526436218e-14,0.00665255944853735,0.9949046404713056,-3,0.7200831493812587,3,0.7200831493812587,0.43371131167520344,7.471720952109633e-16,0.019484960611653904,5.828404313974779e-11,True,True,True
fd_eps,H1e-4,0.0001,2.46,11.704811539980854,1,4,-0.008481692502881732,4.649783226237959e-14,0.008481692502881732,0.9929563185210054,5,0.7127439284489557,5,0.7127439284489557,0.45761688994723176,7.471720952109633e-16,0.019484960611653904,5.828404313974779e-11,True,True,True
fd_eps,H1e-4,0.0001,2.46,11.704811539980854,1,5,0.00848169250284043,8.926343742204893e-15,0.00848169250284043,0.9929563185300079,5,0.7127439283859194,5,0.7127439283859194,0.4576168899888768,7.471720952109633e-16,0.019484960611653904,5.828404313974779e-11,True,True,True
fd_eps,H1e-4,0.0001,2.46,11.704811539980854,1,6,-4.373758299980324e-14,-0.03296769089613763,0.03296769089613763,0.9989749129152858,-7,0.999053809972861,7,0.999053809972861,0.005852860161430755,7.471720952109633e-16,0.019484960611653904,5.828404313974779e-11,True,True,True
fd_eps,H1e-4,0.0001,2.46,11.704811539980854,1,7,-6.577724476208857e-14,0.032967690896118326,0.032967690896118326,0.9989749129152641,-7,0.9990538099728232,7,0.9990538099728232,0.005852860161647087,7.471720952109633e-16,0.019484960611653904,5.828404313974779e-11,True,True,True
fd_eps,H1e-4,0.0001,2.46,11.704811539980854,2,0,-2.6762528148938463e-14,-0.0051948728449925045,0.0051948728449925045,0.9964927417951973,2,0.4985044431399076,2,0.9970088862781744,0.5146947984931955,8.775379985359165e-16,0.019484960611653904,5.828404313974779e-11,True,True,True
fd_eps,H1e-4,0.0001,2.46,11.704811539980854,2,1,-2.676157584781498e-14,0.005194872844992503,0.005194872844992503,0.9964927417951973,-2,0.4985044431399071,2,0.9970088862781745,0.5146947984931955,8.775379985359165e-16,0.019484960611653904,5.828404313974779e-11,True,True,True
fd_eps,H1e-4,0.0001,2.46,11.704811539980854,2,2,-0.006882157977614733,4.711830012113032e-19,0.006882157977614733,0.983855338524121,2,0.49976745652533744,2,0.9995349130506714,0.5029097168353914,8.775379985359165e-16,0.019484960611653904,5.828404313974779e-11,True,True,True
fd_eps,H1e-4,0.0001,2.46,11.704811539980854,2,3,0.006882157977562998,-1.2560151526651106e-27,0.006882157977562998,0.9838553385237413,2,0.49976745652534804,2,0.9995349130506952,0.5029097168352605,8.775379985359165e-16,0.019484960611653904,5.828404313974779e-11,True,True,True
fd_eps,H1e-4,0.0001,2.46,11.704811539980854,2,4,3.204684781432654e-15,-0.01683174029195192,0.01683174029195192,0.9854449465003602,-6,0.49366018533454736,6,0.9873203706435643,0.5490375366925082,8.775379985359165e-16,0.019484960611653904,5.828404313974779e-11,True,True,True
fd_eps,H1e-4,0.0001,2.46,11.704811539980854,2,5,3.1991277441466966e-15,0.01683174029195191,0.01683174029195191,0.98544494650036,6,0.4936601853345487,6,0.987320370643564,0.5490375366925082,8.775379985359165e-16,0.019484960611653904,5.828404313974779e-11,True,True,True
fd_eps,H1e-4,0.0001,2.46,11.704811539980854,2,6,-2.026992536759798e-14,0.01820185424714659,0.01820185424714659,0.9991527894015231,-6,0.4997950266368242,6,0.9995900532570796,0.5026020703687206,8.775379985359165e-16,0.019484960611653904,5.828404313974779e-11,True,True,True
fd_eps,H1e-4,0.0001,2.46,11.704811539980854,2,7,-2.0271978540264968e-14,-0.018201854247146588,0.018201854247146588,0.9991527894015229,6,0.49979502663682374,6,0.9995900532570796,0.5026020703687206,8.775379985359165e-16,0.019484960611653904,5.828404313974779e-11,True,True,True
fd_eps,H1e-4,0.0001,2.46,11.704811539980854,3,0,3.0903934655126534e-15,-0.00023412522134493748,0.00023412522134493748,0.9998107891866087,-1,0.9601160195385235,1,0.9601160195385235,0.12446839252639183,7.375548298905018e-16,0.019484960611653904,5.828404313974779e-11,True,True,True
fd_eps,H1e-4,0.0001,2.46,11.704811539980854,3,1,-7.693967959554813e-15,0.00023412522135257292,0.00023412522135257292,0.9998107891866007,-1,0.9601160195378031,1,0.9601160195378031,0.12446839252767591,7.375548298905018e-16,0.019484960611653904,5.828404313974779e-11,True,True,True
fd_eps,H1e-4,0.0001,2.46,11.704811539980854,3,2,-0.006652559448617817,9.642675955452506e-14,0.006652559448617817,0.9949046404764004,3,0.7200831493671768,3,0.7200831493671768,0.4337113116848108,7.375548298905018e-16,0.019484960611653904,5.828404313974779e-11,True,True,True
fd_eps,H1e-4,0.0001,2.46,11.704811539980854,3,3,0.006652559448537338,-5.3426529849309467e-14,0.006652559448537338,0.9949046404713062,3,0.7200831493812629,3,0.7200831493812629,0.4337113116752005,7.375548298905018e-16,0.019484960611653904,5.828404313974779e-11,True,True,True
fd_eps,H1e-4,0.0001,2.46,11.704811539980854,3,4,-0.008481692502881718,-4.649741187944058e-14,0.008481692502881718,0.9929563185210061,-5,0.7127439284489513,5,0.7127439284489513,0.4576168899472346,7.375548298905018e-16,0.019484960611653904,5.828404313974779e-11,True,True,True
fd_eps,H1e-4,0.0001,2.46,11.704811539980854,3,5,0.008481692502840442,-8.926826420773494e-15,0.008481692502840442,0.9929563185300074,-5,0.7127439283859217,5,0.7127439283859217,0.45761688998887523,7.375548298905018e-16,0.019484960611653904,5.828404313974779e-11,True,True,True
fd_eps,H1e-4,0.0001,2.46,11.704811539980854,3,6,-4.3728909382423353e-14,0.032967690896137665,0.032967690896137665,0.9989749129152858,7,0.9990538099728609,7,0.9990538099728609,0.005852860161430759,7.375548298905018e-16,0.019484960611653904,5.828404313974779e-11,True,True,True
fd_eps,H1e-4,0.0001,2.46,11.704811539980854,3,7,-6.577030586818466e-14,-0.03296769089611837,0.03296769089611837,0.9989749129152639,7,0.9990538099728233,7,0.9990538099728233,0.005852860161646926,7.375548298905018e-16,0.019484960611653904,5.828404313974779e-11,True,True,True
fd_eps,H1e-4,0.0001,2.51,12.30493006051041,0,0,1.1966782348252229e-14,2.920908599118909e-11,2.920908844254744e-11,0.998484578338173,0,0.9889337763367814,0,0.9889337763367814,0.042571878197842486,5.387135744210651e-16,0.012516209340369695,6.858318736885422e-11,True,True,True
fd_eps,H1e-4,0.0001,2.51,12.30493006051041,0,1,1.1966782348282164e-14,-2.920908599118909e-11,2.920908844254744e-11,0.998484578338173,0,0.9889337763367816,0,0.9889337763367816,0.04257187819784233,5.387135744210651e-16,0.012516209340369695,6.858318736885422e-11,True,True,True
fd_eps,H1e-4,0.0001,2.51,12.30493006051041,0,2,-0.009839312437786163,9.152947497463965e-22,0.009839312437786163,0.9994652307581652,4,0.4999695810457011,4,0.9999391620913962,0.43108763697511815,5.387135744210651e-16,0.012516209340369695,6.858318736885422e-11,True,True,True
fd_eps,H1e-4,0.0001,2.51,12.30493006051041,0,3,0.009839312437734877,-9.15301659300238e-22,0.009839312437734877,0.9994652307579321,4,0.49996958104570755,4,0.9999391620914015,0.43108763697507985,5.387135744210651e-16,0.012516209340369695,6.858318736885422e-11,True,True,True
fd_eps,H1e-4,0.0001,2.51,12.30493006051041,0,4,-0.010875675474129817,1.8973382090270127e-22,0.010875675474129817,0.99975149917273,-4,0.49992805773164284,4,0.9998561154632788,0.43155683350550134,5.387135744210651e-16,0.012516209340369695,6.858318736885422e-11,True,True,True
fd_eps,H1e-4,0.0001,2.51,12.30493006051041,0,5,0.01087567547416472,-1.8974731180824874e-22,0.01087567547416472,0.999751499172664,-4,0.4999280577316505,4,0.9998561154632915,0.4315568335054324,5.387135744210651e-16,0.012516209340369695,6.858318736885422e-11,True,True,True
fd_eps,H1e-4,0.0001,2.51,12.30493006051041,0,6,-2.5920238178045452e-14,-0.04805925214813213,0.04805925214813213,0.9998067562538318,8,0.4999274181968951,8,0.9998548360520222,0.43156386232872274,5.387135744210651e-16,0.012516209340369695,6.858318736885422e-11,True,True,True
fd_eps,H1e-4,0.0001,2.51,12.30493006051041,0,7,-2.5917375474332742e-14,0.04805925214813212,0.04805925214813212,0.9998067562538318,-8,0.49992741819518455,8,0.9998548360520222,0.4315638623287227,5.387135744210651e-16,0.012516209340369695,6.858318736885422e-11,True,True,True
fd_eps,H1e-4,0.0001,2.51,12.30493006051041,0,8,1.3064804106094703e-14,0.048158313113341775,0.048158313113341775,0.9998942357392715,-8,0.49997371901733867,8,0.9999474378496196,0.4310310495479985,5.387135744210651e-16,0.012516209340369695,6.858318736885422e-11,True,True,True
fd_eps,H1e-4,0.0001,2.51,12.30493006051041,0,9,1.3052059433249497e-14,-0.04815831311334177,0.04815831311334177,0.9998942357392717,8,0.49997371901582666,8,0.9999474378496196,0.4310310495479985,5.387135744210651e-16,0.012516209340369695,6.858318736885422e-11,True,True,True
fd_eps,H1e-4,0.0001,2.51,12.30493006051041,1,0,-1.6569709175497918e-14,0.000163737262171017,0.000163737262171017,0.9999049214520553,1,0.962182587157998,1,0.962182587157998,0.1188577693352136,8.7066120292889915e-16,0.012516209340369695,6.858318736885422e-11,True,True,True
fd_eps,H1e-4,0.0001,2.51,12.30493006051041,1,1,2.0114480954181024e-14,-0.00016373726217070074,0.00016373726217070074,0.9999049214520378,1,0.9621825871583227,1,0.9621825871583227,0.11885776933479873,8.7066120292889915e-16,0.012516209340369695,6.858318736885422e-11,True,True,True
fd_eps,H1e-4,0.0001,2.51,12.30493006051041,1,2,-0.005462602544801521,-2.2818274100209435e-14,0.005462602544801521,0.9944185876534299,-3,0.7632123261457492,3,0.7632123261457492,0.3987972486502286,8.7066120292889915e-16,0.012516209340369695,6.858318736885422e-11,True,True,True
fd_eps,H1e-4,0.0001,2.51,12.30493006051041,1,3,0.005462602544748993,2.8136390981327798e-14,0.005462602544748993,0.9944185876524676,-3,0.763212326167277,3,0.763212326167277,0.3987972486321451,8.7066120292889915e-16,0.012516209340369695,6.858318736885422e-11,True,True,True
fd_eps,H1e-4,0.0001,2.51,12.30493006051041,1,4,-0.006659884801133263,-3.4992232820472455e-14,0.006659884801133263,0.9934268716319237,5,0.7591871164049473,5,0.7591871164049473,0.4145840277451763,8.7066120292889915e-16,0.012516209340369695,6.858318736885422e-11,True,True,True
fd_eps,H1e-4,0.0001,2.51,12.30493006051041,1,5,0.006659884801181781,5.6554154011983503e-14,0.006659884801181781,0.9934268716262717,5,0.7591871163859505,5,0.7591871163859505,0.41458402776065467,8.7066120292889915e-16,0.012516209340369695,6.858318736885422e-11,True,True,True
fd_eps,H1e-4,0.0001,2.51,12.30493006051041,1,6,2.3939183968479938e-14,-0.03343101959522928,0.03343101959522928,0.9996096018687397,-7,0.999660234092129,7,0.999660234092129,0.002326669149203187,8.7066120292889915e-16,0.012516209340369695,6.858318736885422e-11,True,True,True
fd_eps,H1e-4,0.0001,2.51,12.30493006051041,1,7,-5.9934696094998685e-15,0.033431019595245075,0.033431019595245075,0.9996096018687719,-7,0.9996602340920819,7,0.9996602340920819,0.0023266691494856504,8.7066120292889915e-16,0.012516209340369695,6.858318736885422e-11,True,True,True
fd_eps,H1e-4,0.0001,2.51,12.30493006051041,2,0,1.8080125371675277e-14,-0.00559032005819236,0.00559032005819236,0.9983434160636153,2,0.4993922801493428,2,0.9987845602897343,0.5067615663943005,8.983573414771998e-16,0.012516209340369695,6.858318736885422e-11,True,True,True
fd_eps,H1e-4,0.0001,2.51,12.30493006051041,2,1,1.807972685128762e-14,0.005590320058192363,0.005590320058192363,0.9983434160636155,-2,0.4993922801493419,2,0.9987845602897343,0.5067615663943006,8.983573414771998e-16,0.012516209340369695,6.858318736885422e-11,True,True,True
fd_eps,H1e-4,0.0001,2.51,12.30493006051041,2,2,-0.004709204760303731,6.080482439334825e-20,0.004709204760303731,0.9819954573588577,2,0.49988811707038405,2,0.9997762341407673,0.5015180562377272,8.983573414771998e-16,0.012516209340369695,6.858318736885422e-11,True,True,True
fd_eps,H1e-4,0.0001,2.51,12.30493006051041,2,3,0.004709204760340798,3.3583231181345004e-28,0.004709204760340798,0.9819954573603071,2,0.4998881170703798,2,0.999776234140759,0.5015180562377775,8.983573414771998e-16,0.012516209340369695,6.858318736885422e-11,True,True,True
fd_eps,H1e-4,0.0001,2.51,12.30493006051041,2,4,-1.3970161832910222e-14,-0.017975960356246296,0.017975960356246296,0.9963698046143069,-6,0.4978600370424306,6,0.9957200740051827,0.5199183513252273,8.983573414771998e-16,0.012516209340369695,6.858318736885422e-11,True,True,True
fd_eps,H1e-4,0.0001,2.51,12.30493006051041,2,5,-1.3966747762664873e-14,0.017975960356246278,0.017975960356246278,0.9963698046143071,6,0.49786003704241566,6,0.9957200740051826,0.5199183513252273,8.983573414771998e-16,0.012516209340369695,6.858318736885422e-11,True,True,True
fd_eps,H1e-4,0.0001,2.51,12.30493006051041,2,6,2.262413470674114e-14,0.01862330052806918,0.01862330052806918,0.9995148128353616,6,0.49989432203063494,6,0.9997886440154886,0.5014425658860411,8.983573414771998e-16,0.012516209340369695,6.858318736885422e-11,True,True,True
fd_eps,H1e-4,0.0001,2.51,12.30493006051041,2,7,2.2624263573689518e-14,-0.01862330052806921,0.01862330052806921,0.9995148128353616,-6,0.49989432203061146,6,0.9997886440154886,0.5014425658860411,8.983573414771998e-16,0.012516209340369695,6.858318736885422e-11,True,True,True
fd_eps,H1e-4,0.0001,2.51,12.30493006051041,3,0,-1.6569571169044657e-14,-0.0001637372621710236,0.0001637372621710236,0.9999049214520553,-1,0.9621825871579981,1,0.9621825871579981,0.11885776933521335,7.78269649091414e-16,0.012516209340369695,6.858318736885422e-11,True,True,True
fd_eps,H1e-4,0.0001,2.51,12.30493006051041,3,1,2.0114744692883203e-14,0.0001637372621707074,0.0001637372621707074,0.9999049214520382,-1,0.9621825871583227,1,0.9621825871583227,0.11885776933479866,7.78269649091414e-16,0.012516209340369695,6.858318736885422e-11,True,True,True
fd_eps,H1e-4,0.0001,2.51,12.30493006051041,3,2,-0.005462602544801507,2.2817268362431462e-14,0.005462602544801507,0.994418587653429,3,0.7632123261457525,3,0.7632123261457525,0.3987972486502258,7.78269649091414e-16,0.012516209340369695,6.858318736885422e-11,True,True,True
fd_eps,H1e-4,0.0001,2.51,12.30493006051041,3,3,0.0054626025447489955,-2.813589502023108e-14,0.0054626025447489955,0.9944185876524683,3,0.7632123261672736,3,0.7632123261672736,0.398797248632148,7.78269649091414e-16,0.012516209340369695,6.858318736885422e-11,True,True,True
fd_eps,H1e-4,0.0001,2.51,12.30493006051041,3,4,-0.006659884801133266,3.499184563939876e-14,0.006659884801133266,0.993426871631923,-5,0.7591871164049477,5,0.7591871164049477,0.4145840277451759,7.78269649091414e-16,0.012516209340369695,6.858318736885422e-11,True,True,True
fd_eps,H1e-4,0.0001,2.51,12.30493006051041,3,5,0.006659884801181769,-5.655449892223253e-14,0.006659884801181769,0.9934268716262717,-5,0.7591871163859522,5,0.7591871163859522,0.41458402776065334,7.78269649091414e-16,0.012516209340369695,6.858318736885422e-11,True,True,True
fd_eps,H1e-4,0.0001,2.51,12.30493006051041,3,6,2.3908826307650344e-14,0.03343101959522915,0.03343101959522915,0.999609601868739,7,0.999660234092129,7,0.999660234092129,0.00232666914920326,7.78269649091414e-16,0.012516209340369695,6.858318736885422e-11,True,True,True
fd_eps,H1e-4,0.0001,2.51,12.30493006051041,3,7,-6.0021432268797525e-15,-0.03343101959524494,0.03343101959524494,0.9996096018687717,7,0.9996602340920818,7,0.9996602340920818,0.0023266691494858004,7.78269649091414e-16,0.012516209340369695,6.858318736885422e-11,True,True,True
fd_eps,H1e-4,0.0001,2.56,12.935817315543076,0,0,-9.299269719666728e-15,2.9232996968427696e-11,2.9232998447516806e-11,0.9990775007189979,0,0.9943834285375728,0,0.9943834285375728,0.023983045912839306,5.393962437874248e-16,0.008104392343469477,7.414100440700592e-11,True,True,True
fd_eps,H1e-4,0.0001,2.56,12.935817315543076,0,1,-9.299269719607282e-15,-2.92329969684277e-11,2.923299844751681e-11,0.9990775007189977,0,0.9943834285375727,0,0.9943834285375727,0.02398304591283936,5.393962437874248e-16,0.008104392343469477,7.414100440700592e-11,True,True,True
fd_eps,H1e-4,0.0001,2.56,12.935817315543076,0,2,-0.00936149315610372,5.276257907913565e-22,0.00936149315610372,0.9997287965655038,4,0.4999862488077112,4,0.9999724976154196,0.4308758528250678,5.393962437874248e-16,0.008104392343469477,7.414100440700592e-11,True,True,True
fd_eps,H1e-4,0.0001,2.56,12.935817315543076,0,3,0.009361493156032605,-5.276197970077941e-22,0.009361493156032605,0.9997287965654741,4,0.49998624880772335,4,0.9999724976154225,0.4308758528250461,5.393962437874248e-16,0.008104392343469477,7.414100440700592e-11,True,True,True
fd_eps,H1e-4,0.0001,2.56,12.935817315543076,0,4,-0.010009209701207904,-7.284413607266016e-22,0.010009209701207904,0.9999097774749308,-4,0.49997330652856453,4,0.9999466130571218,0.43103606451147314,5.393962437874248e-16,0.008104392343469477,7.414100440700592e-11,True,True,True
fd_eps,H1e-4,0.0001,2.56,12.935817315543076,0,5,0.010009209701198434,7.284734573008131e-22,0.010009209701198434,0.9999097774749788,-4,0.49997330652857797,4,0.9999466130571268,0.4310360645114428,5.393962437874248e-16,0.008104392343469477,7.414100440700592e-11,True,True,True
fd_eps,H1e-4,0.0001,2.56,12.935817315543076,0,6,-2.061892323546033e-14,-0.04830583564947906,0.04830583564947906,0.999919881986524,-8,0.499973067478698,8,0.9999461345408505,0.43103898817359276,5.393962437874248e-16,0.008104392343469477,7.414100440700592e-11,True,True,True
fd_eps,H1e-4,0.0001,2.56,12.935817315543076,0,7,-2.0626905670933916e-14,0.04830583564947905,0.04830583564947905,0.999919881986524,8,0.4999730674793126,8,0.9999461345408505,0.4310389881735928,5.393962437874248e-16,0.008104392343469477,7.414100440700592e-11,True,True,True
fd_eps,H1e-4,0.0001,2.56,12.935817315543076,0,8,-2.5230125011655987e-16,0.04834686866267174,0.04834686866267174,0.9999454960737695,8,0.499987734331396,8,0.9999754682306203,0.43085361543966494,5.393962437874248e-16,0.008104392343469477,7.414100440700592e-11,True,True,True
fd_eps,H1e-4,0.0001,2.56,12.935817315543076,0,9,-2.706168622523819e-16,-0.04834686866267175,0.04834686866267175,0.9999454960737701,-8,0.49998773433239835,8,0.9999754682306206,0.4308536154396648,5.393962437874248e-16,0.008104392343469477,7.414100440700592e-11,True,True,True
fd_eps,H1e-4,0.0001,2.56,12.935817315543076,1,0,-2.0766344726222085e-14,0.00011678605043702279,0.00011678605043702279,0.9999541181832886,1,0.9614407122047745,1,0.9614407122047745,0.12018894036969702,8.1161114022362e-16,0.008104392343469477,7.414100440700592e-11,True,True,True
fd_eps,H1e-4,0.0001,2.56,12.935817315543076,1,1,1.8319911248868158e-14,-0.0001167860504318392,0.0001167860504318392,0.9999541181833261,1,0.9614407122072253,1,0.9614407122072253,0.12018894036474619,8.1161114022362e-16,0.008104392343469477,7.414100440700592e-11,True,True,True
fd_eps,H1e-4,0.0001,2.56,12.935817315543076,1,2,-0.004409924400660899,-4.6948520080270004e-14,0.004409924400660899,0.9938119116740963,-3,0.8103404157323193,3,0.8103404157323193,0.3529506583119778,8.1161114022362e-16,0.008104392343469477,7.414100440700592e-11,True,True,True
fd_eps,H1e-4,0.0001,2.56,12.935817315543076,1,3,0.004409924400616825,6.452323635175243e-14,0.004409924400616825,0.9938119116737291,-3,0.8103404157549274,3,0.8103404157549274,0.3529506582878854,8.1161114022362e-16,0.008104392343469477,7.414100440700592e-11,True,True,True
fd_eps,H1e-4,0.0001,2.56,12.935817315543076,1,4,-0.005218070634430019,-3.53575368454923e-14,0.005218070634430019,0.9932600637252159,5,0.8080793761420462,5,0.8080793761420462,0.3639526528682704,8.1161114022362e-16,0.008104392343469477,7.414100440700592e-11,True,True,True
fd_eps,H1e-4,0.0001,2.56,12.935817315543076,1,5,0.0052180706344915895,1.1781311001971889e-14,0.0052180706344915895,0.9932600637248004,5,0.8080793761267835,5,0.8080793761267835,0.36395265288400486,8.1161114022362e-16,0.008104392343469477,7.414100440700592e-11,True,True,True
fd_eps,H1e-4,0.0001,2.56,12.935817315543076,1,6,1.4179629692634421e-14,-0.03371671362486387,0.03371671362486387,0.9998366798045296,-7,0.9998707740383568,7,0.9998707740383568,0.0009645204012421674,8.1161114022362e-16,0.008104392343469477,7.414100440700592e-11,True,True,True
fd_eps,H1e-4,0.0001,2.56,12.935817315543076,1,7,4.109559914589056e-15,0.03371671362489616,0.03371671362489616,0.9998366798045094,-7,0.9998707740383477,7,0.9998707740383477,0.000964520401301242,8.1161114022362e-16,0.008104392343469477,7.414100440700592e-11,True,True,True
fd_eps,H1e-4,0.0001,2.56,12.935817315543076,2,0,9.08955792035004e-15,-0.0058771323736515535,0.0058771323736515535,0.9990466792667736,2,0.49974002240042714,2,0.9994800447976722,0.5032111510261897,8.96148838700655e-16,0.008104392343469477,7.414100440700592e-11,True,True,True
fd_eps,H1e-4,0.0001,2.56,12.935817315543076,2,1,9.092031788999711e-15,0.005877132373651554,0.005877132373651554,0.9990466792667736,-2,0.4997400224004273,2,0.9994800447976723,0.5032111510261896,8.96148838700655e-16,0.008104392343469477,7.414100440700592e-11,True,True,True
fd_eps,H1e-4,0.0001,2.56,12.935817315543076,2,2,-0.0019202079778752592,1.747877191283957e-28,0.0019202079778752592,0.969697573678969,2,0.499949287561881,2,0.9998985751237617,0.5007459760453339,8.96148838700655e-16,0.008104392343469477,7.414100440700592e-11,True,True,True
fd_eps,H1e-4,0.0001,2.56,12.935817315543076,2,3,0.0019202079779338031,-4.696471036891673e-28,0.0019202079779338031,0.9696975736795407,-2,0.4999492875618833,2,0.9998985751237663,0.5007459760453027,8.96148838700655e-16,0.008104392343469477,7.414100440700592e-11,True,True,True
fd_eps,H1e-4,0.0001,2.56,12.935817315543076,2,4,-3.954865948618824e-14,-0.018615204047501714,0.018615204047501714,0.9988000351648315,6,0.4992096760364455,6,0.9984193520523473,0.5084934714254316,8.96148838700655e-16,0.008104392343469477,7.414100440700592e-11,True,True,True
fd_eps,H1e-4,0.0001,2.56,12.935817315543076,2,5,-3.95435445984824e-14,0.01861520404750171,0.01861520404750171,0.9988000351648313,-6,0.49920967603642297,6,0.9984193520523474,0.5084934714254316,8.96148838700655e-16,0.008104392343469477,7.414100440700592e-11,True,True,True
fd_eps,H1e-4,0.0001,2.56,12.935817315543076,2,6,-3.890114224140799e-15,0.018929497851234992,0.018929497851234992,0.9997302747788188,-6,0.49994700846707346,6,0.9998940167814614,0.5007761413466455,8.96148838700655e-16,0.008104392343469477,7.414100440700592e-11,True,True,True
fd_eps,H1e-4,0.0001,2.56,12.935817315543076,2,7,-3.8892500331400015e-15,-0.018929497851234992,0.018929497851234992,0.9997302747788186,6,0.49994700846705953,6,0.9998940167814614,0.5007761413466455,8.96148838700655e-16,0.008104392343469477,7.414100440700592e-11,True,True,True
fd_eps,H1e-4,0.0001,2.56,12.935817315543076,3,0,-2.0766960142871347e-14,-0.0001167860504370346,0.0001167860504370346,0.9999541181832888,-1,0.9614407122047743,1,0.9614407122047743,0.12018894036969752,7.761582466185694e-16,0.008104392343469477,7.414100440700592e-11,True,True,True
fd_eps,H1e-4,0.0001,2.56,12.935817315543076,3,1,1.8319363078655742e-14,0.00011678605043185103,0.00011678605043185103,0.9999541181833266,-1,0.9614407122072252,1,0.9614407122072252,0.12018894036474663,7.761582466185694e-16,0.008104392343469477,7.414100440700592e-11,True,True,True
fd_eps,H1e-4,0.0001,2.56,12.935817315543076,3,2,-0.004409924400660909,4.694853062118711e-14,0.004409924400660909,0.9938119116740977,3,0.8103404157323187,3,0.8103404157323187,0.3529506583119783,7.761582466185694e-16,0.008104392343469477,7.414100440700592e-11,True,True,True
fd_eps,H1e-4,0.0001,2.56,12.935817315543076,3,3,0.004409924400616824,-6.452311055597514e-14,0.004409924400616824,0.9938119116737284,3,0.8103404157549243,3,0.8103404157549243,0.35295065828788863,7.761582466185694e-16,0.008104392343469477,7.414100440700592e-11,True,True,True
fd_eps,H1e-4,0.0001,2.56,12.935817315543076,3,4,-0.005218070634430026,3.5357226231787214e-14,0.005218070634430026,0.9932600637252155,-5,0.8080793761420482,5,0.8080793761420482,0.3639526528682684,7.761582466185694e-16,0.008104392343469477,7.414100440700592e-11,True,True,True
fd_eps,H1e-4,0.0001,2.56,12.935817315543076,3,5,0.005218070634491578,-1.1781256866443204e-14,0.005218070634491578,0.9932600637248008,-5,0.8080793761267835,5,0.8080793761267835,0.3639526528840047,7.761582466185694e-16,0.008104392343469477,7.414100440700592e-11,True,True,True
fd_eps,H1e-4,0.0001,2.56,12.935817315543076,3,6,1.4155343563970746e-14,0.03371671362486386,0.03371671362486386,0.9998366798045298,7,0.9998707740383568,7,0.9998707740383568,0.0009645204012421106,7.761582466185694e-16,0.008104392343469477,7.414100440700592e-11,True,True,True
fd_eps,H1e-4,0.0001,2.56,12.935817315543076,3,7,4.0870085094013575e-15,-0.03371671362489612,0.03371671362489612,0.9998366798045099,7,0.9998707740383477,7,0.9998707740383477,0.0009645204013011848,7.761582466185694e-16,0.008104392343469477,7.414100440700592e-11,True,True,True
fd_eps,H1e-4,0.0001,2.61,13.599050851830924,0,0,-2.0764915183296795e-14,2.932748977013113e-11,2.932749712128276e-11,0.9994911742343359,0,0.997250897903686,0,0.997250897903686,0.012961594849947623,5.391726037379315e-16,0.0052886362227990815,7.637040399540675e-11,True,True,True
fd_eps,H1e-4,0.0001,2.61,13.599050851830924,0,1,-2.0764915183143977e-14,-2.932748977013108e-11,2.932749712128271e-11,0.9994911742343354,0,0.997250897903686,0,0.997250897903686,0.012961594849947617,5.391726037379315e-16,0.0052886362227990815,7.637040399540675e-11,True,True,True
fd_eps,H1e-4,0.0001,2.61,13.599050851830924,0,2,-0.008992164911616213,1.3256374436509736e-21,0.008992164911616213,0.9998657701220385,4,0.4999937976442529,4,0.9999875952885021,0.43077255552549537,5.391726037379315e-16,0.0052886362227990815,7.637040399540675e-11,True,True,True
fd_eps,H1e-4,0.0001,2.61,13.599050851830924,0,3,0.008992164911578256,-1.3256272077251726e-21,0.008992164911578256,0.999865770122088,-4,0.499993797644258,4,0.9999875952885044,0.43077255552548077,5.391726037379315e-16,0.0052886362227990815,7.637040399540675e-11,True,True,True
fd_eps,H1e-4,0.0001,2.61,13.599050851830924,0,4,-0.009399180352323998,-2.319290299878919e-21,0.009399180352323998,0.9999698751744962,-4,0.4999896948515261,4,0.9999793897030516,0.43082753588423145,5.391726037379315e-16,0.0052886362227990815,7.637040399540675e-11,True,True,True
fd_eps,H1e-4,0.0001,2.61,13.599050851830924,0,5,0.009399180352300298,2.319327269431378e-21,0.009399180352300298,0.999969875174514,4,0.4999896948515373,4,0.9999793897030581,0.4308275358841876,5.391726037379315e-16,0.0052886362227990815,7.637040399540675e-11,True,True,True
fd_eps,H1e-4,0.0001,2.61,13.599050851830924,0,6,1.4042586538032253e-14,-0.04845654741707466,0.04845654741707466,0.9999639443076962,8,0.4999895849102072,8,0.9999791668596884,0.43082902908406384,5.391726037379315e-16,0.0052886362227990815,7.637040399540675e-11,True,True,True
fd_eps,H1e-4,0.0001,2.61,13.599050851830924,0,7,1.4046157181430992e-14,0.04845654741707464,0.04845654741707464,0.9999639443076962,-8,0.4999895849105216,8,0.9999791668596885,0.4308290290840639,5.391726037379315e-16,0.0052886362227990815,7.637040399540675e-11,True,True,True
fd_eps,H1e-4,0.0001,2.61,13.599050851830924,0,8,1.0582025078770578e-15,0.04847362319566405,0.04847362319566405,0.9999716942514365,8,0.49999433439582286,8,0.9999886675686847,0.43076378605490606,5.391726037379315e-16,0.0052886362227990815,7.637040399540675e-11,True,True,True
fd_eps,H1e-4,0.0001,2.61,13.599050851830924,0,9,1.061650767297806e-15,-0.04847362319566408,0.04847362319566408,0.9999716942514363,-8,0.49999433439549695,8,0.9999886675686848,0.43076378605490606,5.391726037379315e-16,0.0052886362227990815,7.637040399540675e-11,True,True,True
fd_eps,H1e-4,0.0001,2.61,13.599050851830924,1,0,-1.8723867043388725e-14,8.63081743955279e-05,8.63081743955279e-05,0.9997320190498028,1,0.9552195714468397,1,0.9552195714468397,0.13435126317067142,8.056654078686645e-16,0.0052886362227990815,7.637040399540675e-11,True,True,True
fd_eps,H1e-4,0.0001,2.61,13.599050851830924,1,1,1.523463218948938e-14,-8.630817439770461e-05,8.630817439770461e-05,0.9997320190497543,1,0.9552195714488917,1,0.9552195714488917,0.13435126316584675,8.056654078686645e-16,0.0052886362227990815,7.637040399540675e-11,True,True,True
fd_eps,H1e-4,0.0001,2.61,13.599050851830924,1,2,-0.003449525613251415,-2.6201771674256778e-14,0.003449525613251415,0.9928772384664923,-3,0.8596574527529487,3,0.8596574527529487,0.2942578804635731,8.056654078686645e-16,0.0052886362227990815,7.637040399540675e-11,True,True,True
fd_eps,H1e-4,0.0001,2.61,13.599050851830924,1,3,0.003449525613217511,4.374797531405769e-14,0.003449525613217511,0.9928772384756659,-3,0.8596574527260833,3,0.8596574527260833,0.29425788049901375,8.056654078686645e-16,0.0052886362227990815,7.637040399540675e-11,True,True,True
fd_eps,H1e-4,0.0001,2.61,13.599050851830924,1,4,-0.004017138401903252,7.479891961593525e-15,0.004017138401903252,0.9926294457961057,5,0.8580474748758007,5,0.8580474748758007,0.3027083758289639,8.056654078686645e-16,0.0052886362227990815,7.637040399540675e-11,True,True,True
fd_eps,H1e-4,0.0001,2.61,13.599050851830924,1,5,0.004017138401963075,-3.19667272458133e-15,0.004017138401963075,0.9926294458095376,5,0.8580474747948925,5,0.8580474747948925,0.30270837593434646,8.056654078686645e-16,0.0052886362227990815,7.637040399540675e-11,True,True,True
fd_eps,H1e-4,0.0001,2.61,13.599050851830924,1,6,-1.2663481374630692e-14,-0.03390057985991567,0.03390057985991567,0.9999259757457556,-7,0.9999484829514439,7,0.9999484829514439,0.0004148731848422231,8.056654078686645e-16,0.0052886362227990815,7.637040399540675e-11,True,True,True
fd_eps,H1e-4,0.0001,2.61,13.599050851830924,1,7,-1.3216858163467293e-14,0.03390057985992287,0.03390057985992287,0.9999259757457425,-7,0.9999484829514638,7,0.9999484829514638,0.00041487318470095094,8.056654078686645e-16,0.0052886362227990815,7.637040399540675e-11,True,True,True
fd_eps,H1e-4,0.0001,2.61,13.599050851830924,2,0,-1.2055861703162723e-14,-0.006088080568689981,0.006088080568689981,0.9994260713612484,-2,0.4998866468500171,2,0.9997732936982273,0.50153586937937,9.639545717835555e-16,0.0052886362227990815,7.637040399540675e-11,True,True,True
fd_eps,H1e-4,0.0001,2.61,13.599050851830924,2,1,-1.2053094422023287e-14,0.006088080568689977,0.006088080568689977,0.9994260713612484,2,0.49988664685001744,2,0.9997732936982273,0.50153586937937,9.639545717835555e-16,0.0052886362227990815,7.637040399540675e-11,True,True,True
fd_eps,H1e-4,0.0001,2.61,13.599050851830924,2,2,-1.6218303231866117e-14,0.003117378755247289,0.003117378755247289,0.9501954796386621,-2,0.49997626238959564,2,0.9999525247740331,0.5003751759736729,9.639545717835555e-16,0.0052886362227990815,7.637040399540675e-11,True,True,True
fd_eps,H1e-4,0.0001,2.61,13.599050851830924,2,3,-1.621674106045475e-14,-0.0031173787552472893,0.0031173787552472893,0.95019547963727,2,0.4999762623895963,2,0.9999525247740333,0.5003751759736729,9.639545717835555e-16,0.0052886362227990815,7.637040399540675e-11,True,True,True
fd_eps,H1e-4,0.0001,2.61,13.599050851830924,2,4,-1.8790524691780774e-14,-0.01899736906609769,0.01899736906609769,0.9995413849118802,-6,0.4996924516969658,6,0.9993849032242501,0.50372414962788,9.639545717835555e-16,0.0052886362227990815,7.637040399540675e-11,True,True,True
fd_eps,H1e-4,0.0001,2.61,13.599050851830924,2,5,-1.8789075859335748e-14,0.018997369066097697,0.018997369066097697,0.9995413849118804,6,0.4996924516970458,6,0.9993849032242503,0.5037241496278799,9.639545717835555e-16,0.0052886362227990815,7.637040399540675e-11,True,True,True
fd_eps,H1e-4,0.0001,2.61,13.599050851830924,2,6,2.981642851780822e-14,0.019152586020943295,0.019152586020943295,0.9998515598182844,6,0.499973784958766,6,0.9999475695992242,0.5004105796928187,9.639545717835555e-16,0.0052886362227990815,7.637040399540675e-11,True,True,True
fd_eps,H1e-4,0.0001,2.61,13.599050851830924,2,7,2.9819896552041314e-14,-0.019152586020943278,0.019152586020943278,0.9998515598182844,-6,0.499973784958822,6,0.9999475695992242,0.5004105796928187,9.639545717835555e-16,0.0052886362227990815,7.637040399540675e-11,True,True,True
fd_eps,H1e-4,0.0001,2.61,13.599050851830924,3,0,-1.872443154994186e-14,-8.630817439552606e-05,8.630817439552606e-05,0.999732019049803,-1,0.9552195714468392,1,0.9552195714468392,0.13435126317067234,7.629874730976086e-16,0.0052886362227990815,7.637040399540675e-11,True,True,True
fd_eps,H1e-4,0.0001,2.61,13.599050851830924,3,1,1.5234070363265185e-14,8.630817439770281e-05,8.630817439770281e-05,0.9997320190497541,-1,0.9552195714488915,1,0.9552195714488915,0.1343512631658474,7.629874730976086e-16,0.0052886362227990815,7.637040399540675e-11,True,True,True
fd_eps,H1e-4,0.0001,2.61,13.599050851830924,3,2,-0.003449525613251424,2.6201864790430205e-14,0.003449525613251424,0.9928772384664932,3,0.8596574527529414,3,0.8596574527529414,0.2942578804635827,7.629874730976086e-16,0.0052886362227990815,7.637040399540675e-11,True,True,True
fd_eps,H1e-4,0.0001,2.61,13.599050851830924,3,3,0.0034495256132175112,-4.374803717438866e-14,0.0034495256132175112,0.9928772384756663,3,0.8596574527260807,3,0.8596574527260807,0.29425788049901713,7.629874730976086e-16,0.0052886362227990815,7.637040399540675e-11,True,True,True
fd_eps,H1e-4,0.0001,2.61,13.599050851830924,3,4,-0.004017138401903244,-7.480066663108523e-15,0.004017138401903244,0.9926294457961052,-5,0.8580474748758014,5,0.8580474748758014,0.30270837582896304,7.629874730976086e-16,0.0052886362227990815,7.637040399540675e-11,True,True,True
fd_eps,H1e-4,0.0001,2.61,13.599050851830924,3,5,0.004017138401963071,3.1968484313774045e-15,0.004017138401963071,0.9926294458095383,-5,0.8580474747948906,5,0.8580474747948906,0.3027083759343489,7.629874730976086e-16,0.0052886362227990815,7.637040399540675e-11,True,True,True
fd_eps,H1e-4,0.0001,2.61,13.599050851830924,3,6,-1.2656542480726785e-14,0.033900579859915674,0.033900579859915674,0.9999259757457556,7,0.9999484829514439,7,0.9999484829514439,0.0004148731848422355,7.629874730976086e-16,0.0052886362227990815,7.637040399540675e-11,True,True,True
fd_eps,H1e-4,0.0001,2.61,13.599050851830924,3,7,-1.3206449822611432e-14,-0.03390057985992288,0.03390057985992288,0.9999259757457427,7,0.9999484829514638,7,0.9999484829514638,0.0004148731847009633,7.629874730976086e-16,0.0052886362227990815,7.637040399540675e-11,True,True,True
fd_eps,H1e-4,0.0001,2.66,14.296289098677603,0,0,3.0503421762689914e-15,2.917663316649503e-11,2.917663332594775e-11,0.9997378593496337,0,0.9986850462697405,0,0.9986850462697405,0.006802927136571278,5.196615212897464e-16,0.0034763879798598366,1.0666413249286239e-10,True,True,True
fd_eps,H1e-4,0.0001,2.66,14.296289098677603,0,1,3.050342176226772e-15,-2.91766331664951e-11,2.9176633325947824e-11,0.9997378593496341,0,0.9986850462697405,0,0.9986850462697405,0.006802927136571276,5.196615212897464e-16,0.0034763879798598366,1.0666413249286239e-10,True,True,True
fd_eps,H1e-4,0.0001,2.66,14.296289098677603,0,2,-0.008707878789182232,-1.0503971989325805e-21,0.008707878789182232,0.9999340872230633,-4,0.4999971977189982,4,0.9999943954379455,0.43072268866590974,5.196615212897464e-16,0.0034763879798598366,1.0666413249286239e-10,True,True,True
fd_eps,H1e-4,0.0001,2.66,14.296289098677603,0,3,0.008707878789200263,1.050354250796659e-21,0.008707878789200263,0.9999340872231066,-4,0.49999719771898865,4,0.9999943954379475,0.4307226886658954,5.196615212897464e-16,0.0034763879798598366,1.0666413249286239e-10,True,True,True
fd_eps,H1e-4,0.0001,2.66,14.296289098677603,0,4,-0.008964597441222848,-2.9348921755691886e-21,0.008964597441222848,0.9999910369220711,4,0.49999588230010533,4,0.9999917646001611,0.4307415793807236,5.196615212897464e-16,0.0034763879798598366,1.0666413249286239e-10,True,True,True
fd_eps,H1e-4,0.0001,2.66,14.296289098677603,0,5,0.008964597441200843,2.9348136883726318e-21,0.008964597441200843,0.9999910369220623,4,0.49999588230010167,4,0.9999917646001604,0.4307415793807303,5.196615212897464e-16,0.0034763879798598366,1.0666413249286239e-10,True,True,True
fd_eps,H1e-4,0.0001,2.66,14.296289098677603,0,6,-3.615163715871146e-14,-0.048553338566499855,0.048553338566499855,0.9999826734974618,-8,0.49999583088057276,8,0.9999916553415481,0.4307423736801417,5.196615212897464e-16,0.0034763879798598366,1.0666413249286239e-10,True,True,True
fd_eps,H1e-4,0.0001,2.66,14.296289098677603,0,7,-3.6155106686308613e-14,0.04855333856649985,0.04855333856649985,0.9999826734974614,8,0.49999583088102484,8,0.9999916553415482,0.4307423736801417,5.196615212897464e-16,0.0034763879798598366,1.0666413249286239e-10,True,True,True
fd_eps,H1e-4,0.0001,2.66,14.296289098677603,0,8,-2.0969337377607644e-14,0.04856047228345809,0.04856047228345809,0.9999850809109196,8,0.49999739436554025,8,0.999994787975603,0.43071919094658756,5.196615212897464e-16,0.0034763879798598366,1.0666413249286239e-10,True,True,True
fd_eps,H1e-4,0.0001,2.66,14.296289098677603,0,9,-2.0967766295456205e-14,-0.048560472283458125,0.048560472283458125,0.9999850809109194,-8,0.4999973943664984,8,0.999994787975603,0.43071919094658756,5.196615212897464e-16,0.0034763879798598366,1.0666413249286239e-10,True,True,True
fd_eps,H1e-4,0.0001,2.66,14.296289098677603,1,0,-7.724476266915495e-15,6.84061202074872e-05,6.84061202074872e-05,0.9974999301548476,1,0.9325982931000513,1,0.9325982931000513,0.18172344789618608,8.001068871026339e-16,0.0034763879798598366,1.0666413249286239e-10,True,True,True
fd_eps,H1e-4,0.0001,2.66,14.296289098677603,1,1,6.325835320188986e-15,-6.840612021028618e-05,6.840612021028618e-05,0.9974999301543072,1,0.9325982930997886,1,0.9325982930997886,0.1817234478937882,8.001068871026339e-16,0.0034763879798598366,1.0666413249286239e-10,True,True,True
fd_eps,H1e-4,0.0001,2.66,14.296289098677603,1,2,-0.0025242781007658796,-1.3047732246660482e-13,0.0025242781007658796,0.9910952263712847,-3,0.9095653299187264,3,0.9095653299187264,0.22015413650640597,8.001068871026339e-16,0.0034763879798598366,1.0666413249286239e-10,True,True,True
fd_eps,H1e-4,0.0001,2.66,14.296289098677603,1,3,0.002524278100744004,8.971619393270047e-14,0.002524278100744004,0.9910952263778817,-3,0.9095653298725893,3,0.9095653298725893,0.22015413658340496,8.001068871026339e-16,0.0034763879798598366,1.0666413249286239e-10,True,True,True
fd_eps,H1e-4,0.0001,2.66,14.296289098677603,1,4,-0.002948251641694334,-1.7026489714146865e-14,0.002948251641694334,0.9912292954504041,5,0.9075192846944824,5,0.9075192846944824,0.22855562208396163,8.001068871026339e-16,0.0034763879798598366,1.0666413249286239e-10,True,True,True
fd_eps,H1e-4,0.0001,2.66,14.296289098677603,1,5,0.002948251641748151,3.330824084712072e-14,0.002948251641748151,0.9912292954236979,5,0.9075192847248535,5,0.9075192847248535,0.2285556220335572,8.001068871026339e-16,0.0034763879798598366,1.0666413249286239e-10,True,True,True
fd_eps,H1e-4,0.0001,2.66,14.296289098677603,1,6,4.760081218080359e-15,-0.03402327563002377,0.03402327563002377,0.9999642526722057,-7,0.9999786897395044,7,0.9999786897395044,0.00018388650706450754,8.001068871026339e-16,0.0034763879798598366,1.0666413249286239e-10,True,True,True
fd_eps,H1e-4,0.0001,2.66,14.296289098677603,1,7,7.834011217511261e-15,0.03402327563003755,0.03402327563003755,0.9999642526722181,-7,0.999978689739493,7,0.999978689739493,0.00018388650715197235,8.001068871026339e-16,0.0034763879798598366,1.0666413249286239e-10,True,True,True
fd_eps,H1e-4,0.0001,2.66,14.296289098677603,2,0,-1.8247208137021093e-14,-0.006245940251969421,0.006245940251969421,0.9996495779332308,2,0.4999501491821265,2,0.9999002983571669,0.5007345342221646,9.63371267178531e-16,0.0034763879798598366,1.0666413249286239e-10,True,True,True
fd_eps,H1e-4,0.0001,2.66,14.296289098677603,2,1,-1.8250532983363485e-14,0.006245940251969426,0.006245940251969426,0.9996495779332308,-2,0.49995014918212727,2,0.9999002983571668,0.5007345342221646,9.63371267178531e-16,0.0034763879798598366,1.0666413249286239e-10,True,True,True
fd_eps,H1e-4,0.0001,2.66,14.296289098677603,2,2,-2.2330211645980797e-14,0.004405538554221205,0.004405538554221205,0.9947040236175064,2,0.49998867188725615,2,0.9999773437697704,0.5001911326179352,9.63371267178531e-16,0.0034763879798598366,1.0666413249286239e-10,True,True,True
fd_eps,H1e-4,0.0001,2.66,14.296289098677603,2,3,-2.2329731670549483e-14,-0.004405538554221208,0.004405538554221208,0.9947040236175062,-2,0.4999886718872557,2,0.9999773437697705,0.5001911326179352,9.63371267178531e-16,0.0034763879798598366,1.0666413249286239e-10,True,True,True
fd_eps,H1e-4,0.0001,2.66,14.296289098677603,2,4,-2.042350311354334e-14,-0.019238303900785753,0.019238303900785753,0.9998074262937164,6,0.4998761394416732,6,0.9997522787945637,0.5016623964840989,9.63371267178531e-16,0.0034763879798598366,1.0666413249286239e-10,True,True,True
fd_eps,H1e-4,0.0001,2.66,14.296289098677603,2,5,-2.0436777270482764e-14,0.01923830390078577,0.01923830390078577,0.9998074262937169,-6,0.4998761394422494,6,0.9997522787945639,0.5016623964840987,9.63371267178531e-16,0.0034763879798598366,1.0666413249286239e-10,True,True,True
fd_eps,H1e-4,0.0001,2.66,14.296289098677603,2,6,7.70911112724093e-15,0.019315859731979836,0.019315859731979836,0.9999182405762346,-6,0.499987097800825,6,0.9999741952218772,0.5002152722156293,9.63371267178531e-16,0.0034763879798598366,1.0666413249286239e-10,True,True,True
fd_eps,H1e-4,0.0001,2.66,14.296289098677603,2,7,7.723003778730577e-15,-0.019315859731979846,0.019315859731979846,0.9999182405762346,6,0.49998709780143635,6,0.9999741952218772,0.5002152722156292,9.63371267178531e-16,0.0034763879798598366,1.0666413249286239e-10,True,True,True
fd_eps,H1e-4,0.0001,2.66,14.296289098677603,3,0,-7.724962834261635e-15,-6.840612020748651e-05,6.840612020748651e-05,0.9974999301548485,-1,0.9325982931000527,1,0.9325982931000527,0.18172344789618328,7.768658586858609e-16,0.0034763879798598366,1.0666413249286239e-10,True,True,True
fd_eps,H1e-4,0.0001,2.66,14.296289098677603,3,1,6.325344040923446e-15,6.840612021028545e-05,6.840612021028545e-05,0.9974999301543074,-1,0.9325982930997899,1,0.9325982930997899,0.18172344789378556,7.768658586858609e-16,0.0034763879798598366,1.0666413249286239e-10,True,True,True
fd_eps,H1e-4,0.0001,2.66,14.296289098677603,3,2,-0.002524278100765875,1.3047736490122412e-13,0.002524278100765875,0.9910952263712831,3,0.9095653299187272,3,0.9095653299187272,0.22015413650640445,7.768658586858609e-16,0.0034763879798598366,1.0666413249286239e-10,True,True,True
fd_eps,H1e-4,0.0001,2.66,14.296289098677603,3,3,0.002524278100744001,-8.971641654921959e-14,0.002524278100744001,0.9910952263778815,3,0.9095653298725891,3,0.9095653298725891,0.22015413658340532,7.768658586858609e-16,0.0034763879798598366,1.0666413249286239e-10,True,True,True
fd_eps,H1e-4,0.0001,2.66,14.296289098677603,3,4,-0.0029482516416943333,1.7026831719158093e-14,0.0029482516416943333,0.9912292954504061,-5,0.9075192846944748,5,0.9075192846944748,0.2285556220839743,7.768658586858609e-16,0.0034763879798598366,1.0666413249286239e-10,True,True,True
fd_eps,H1e-4,0.0001,2.66,14.296289098677603,3,5,0.0029482516417481497,-3.330835683076447e-14,0.0029482516417481497,0.9912292954236979,-5,0.9075192847248506,5,0.9075192847248506,0.22855562203356214,7.768658586858609e-16,0.0034763879798598366,1.0666413249286239e-10,True,True,True
fd_eps,H1e-4,0.0001,2.66,14.296289098677603,3,6,4.769622197198231e-15,0.03402327563002387,0.03402327563002387,0.9999642526722057,7,0.9999786897395044,7,0.9999786897395044,0.00018388650706448444,7.768658586858609e-16,0.0034763879798598366,1.0666413249286239e-10,True,True,True
fd_eps,H1e-4,0.0001,2.66,14.296289098677603,3,7,7.834011217511261e-15,-0.034023275630037646,0.034023275630037646,0.9999642526722179,7,0.999978689739493,7,0.999978689739493,0.00018388650715194944,7.768658586858609e-16,0.0034763879798598366,1.0666413249286239e-10,True,True,True
fd_eps,H1e-4,0.0001,2.71,15.029275514875401,0,0,2.346899969111542e-14,2.898811695608428e-11,2.898812645642294e-11,0.9998706263582513,0,0.9993797851832861,0,0.9993797851832861,0.003498418171086295,5.45681228269902e-16,0.002300485600889577,1.0029313478489117e-10,True,True,True
fd_eps,H1e-4,0.0001,2.71,15.029275514875401,0,1,2.346899969111215e-14,-2.898811695608429e-11,2.8988126456422948e-11,0.9998706263582513,0,0.9993797851832861,0,0.9993797851832861,0.0034984181710862963,5.45681228269902e-16,0.002300485600889577,1.0029313478489117e-10,True,True,True
fd_eps,H1e-4,0.0001,2.71,15.029275514875401,0,2,-0.008489047087321159,5.179904803461586e-22,0.008489047087321159,0.9999675402288355,-4,0.499998729295295,4,0.9999974585905019,0.430698722368619,5.45681228269902e-16,0.002300485600889577,1.0029313478489117e-10,True,True,True
fd_eps,H1e-4,0.0001,2.71,15.029275514875401,0,3,0.008489047087360908,-5.179683454202351e-22,0.008489047087360908,0.9999675402288422,-4,0.4999987292952752,4,0.9999974585905007,0.43069872236862966,5.45681228269902e-16,0.002300485600889577,1.0029313478489117e-10,True,True,True
fd_eps,H1e-4,0.0001,2.71,15.029275514875401,0,4,-0.008651397538768672,2.3960945996905786e-22,0.008651397538768672,0.9999977076697061,4,0.49999830507750986,4,0.9999966101549216,0.43070519167899335,5.45681228269902e-16,0.002300485600889577,1.0029313478489117e-10,True,True,True
fd_eps,H1e-4,0.0001,2.71,15.029275514875401,0,5,0.008651397538764866,-2.3958468124673083e-22,0.008651397538764866,0.9999977076697063,4,0.49999830507748566,4,0.9999966101549211,0.430705191678996,5.45681228269902e-16,0.002300485600889577,1.0029313478489117e-10,True,True,True
fd_eps,H1e-4,0.0001,2.71,15.029275514875401,0,6,-3.663309111851551e-15,-0.04861807221493449,0.04861807221493449,0.9999912334286758,-8,0.4999982807666814,8,0.9999965570868528,0.43070560670859814,5.45681228269902e-16,0.002300485600889577,1.0029313478489117e-10,True,True,True
fd_eps,H1e-4,0.0001,2.71,15.029275514875401,0,7,-3.665470704738993e-15,0.0486180722149345,0.0486180722149345,0.999991233428676,8,0.4999982807649222,8,0.9999965570868528,0.4307056067085982,5.45681228269902e-16,0.002300485600889577,1.0029313478489117e-10,True,True,True
fd_eps,H1e-4,0.0001,2.71,15.029275514875401,0,8,2.0747292772682613e-15,0.048621062135001995,0.048621062135001995,0.9999919974139663,-8,0.4999988034057002,8,0.9999976051798074,0.4306973040580688,5.45681228269902e-16,0.002300485600889577,1.0029313478489117e-10,True,True,True
fd_eps,H1e-4,0.0001,2.71,15.029275514875401,0,9,2.0665841116059183e-15,-0.048621062135002016,0.048621062135002016,0.9999919974139672,8,0.4999988034141354,8,0.9999976051798074,0.43069730405806883,5.45681228269902e-16,0.002300485600889577,1.0029313478489117e-10,True,True,True
fd_eps,H1e-4,0.0001,2.71,15.029275514875401,1,0,3.769169060213422e-15,6.587914640132331e-05,6.587914640132331e-05,0.9596400769647115,1,0.8008145363893092,1,0.8008145363893092,0.3730508780194523,8.050531488391442e-16,0.002300485600889577,1.0029313478489117e-10,True,True,True
fd_eps,H1e-4,0.0001,2.71,15.029275514875401,1,1,-4.583512563271566e-15,-6.587914640508888e-05,6.587914640508888e-05,0.9596400769551396,1,0.8008145363687786,1,0.8008145363687786,0.3730508780041371,8.050531488391442e-16,0.002300485600889577,1.0029313478489117e-10,True,True,True
fd_eps,H1e-4,0.0001,2.71,15.029275514875401,1,2,-0.0015147171932651245,-2.655525092444622e-13,0.0015147171932651245,0.9850739456552929,-3,0.9610353144027064,3,0.9610353144027064,0.1198470404674542,8.050531488391442e-16,0.002300485600889577,1.0029313478489117e-10,True,True,True
fd_eps,H1e-4,0.0001,2.71,15.029275514875401,1,3,0.0015147171932587565,2.511845972071963e-13,0.0015147171932587565,0.9850739456341943,-3,0.9610353144101043,3,0.9610353144101043,0.11984704045031315,8.050531488391442e-16,0.002300485600889577,1.0029313478489117e-10,True,True,True
fd_eps,H1e-4,0.0001,2.71,15.029275514875401,1,4,-0.0018812309774487062,-5.945661741905842e-14,0.0018812309774487062,0.9864902153578492,5,0.9568650481772568,5,0.9568650481772568,0.1338229460622509,8.050531488391442e-16,0.002300485600889577,1.0029313478489117e-10,True,True,True
fd_eps,H1e-4,0.0001,2.71,15.029275514875401,1,5,0.00188123097746163,4.1594394412352205e-14,0.00188123097746163,0.9864902154148536,5,0.9568650480871984,5,0.9568650480871984,0.1338229462660953,8.050531488391442e-16,0.002300485600889577,1.0029313478489117e-10,True,True,True
fd_eps,H1e-4,0.0001,2.71,15.029275514875401,1,6,-5.847752837517817e-15,-0.03410763368317282,0.03410763368317282,0.9999818712689633,-7,0.9999909295250073,7,0.9999909295250073,8.343631121418911e-05,8.050531488391442e-16,0.002300485600889577,1.0029313478489117e-10,True,True,True
fd_eps,H1e-4,0.0001,2.71,15.029275514875401,1,7,5.488665077990618e-15,0.03410763368318149,0.03410763368318149,0.99998187126896,-7,0.9999909295250051,7,0.9999909295250051,8.343631123297156e-05,8.050531488391442e-16,0.002300485600889577,1.0029313478489117e-10,True,True,True
fd_eps,H1e-4,0.0001,2.71,15.029275514875401,2,0,1.1572737052922044e-15,-0.006365997037464182,0.006365997037464182,0.999784813936749,2,0.49997796056680266,2,0.9999559211116162,0.5003506963937973,9.117714406166297e-16,0.002300485600889577,1.0029313478489117e-10,True,True,True
fd_eps,H1e-4,0.0001,2.71,15.029275514875401,2,1,1.1560391958027905e-15,0.006365997037464186,0.006365997037464186,0.9997848139367488,-2,0.49997796056680593,2,0.9999559211116164,0.5003506963937973,9.117714406166297e-16,0.002300485600889577,1.0029313478489117e-10,True,True,True
fd_eps,H1e-4,0.0001,2.71,15.029275514875401,2,2,6.786785473974821e-15,0.005140784220409577,0.005140784220409577,0.9984855249752521,2,0.4999945837808266,2,0.999989167556049,0.500097150605289,9.117714406166297e-16,0.002300485600889577,1.0029313478489117e-10,True,True,True
fd_eps,H1e-4,0.0001,2.71,15.029275514875401,2,3,6.785252849353348e-15,-0.0051407842204095775,0.0051407842204095775,0.9984855249752517,-2,0.49999458378082107,2,0.999989167556049,0.500097150605289,9.117714406166297e-16,0.002300485600889577,1.0029313478489117e-10,True,True,True
fd_eps,H1e-4,0.0001,2.71,15.029275514875401,2,4,7.708243765502942e-15,-0.019396936742899648,0.019396936742899648,0.9999132734109761,-6,0.4999488717788059,6,0.9998977424350908,0.5007514972907566,9.117714406166297e-16,0.002300485600889577,1.0029313478489117e-10,True,True,True
fd_eps,H1e-4,0.0001,2.71,15.029275514875401,2,5,7.710500353073597e-15,0.019396936742899634,0.019396936742899634,0.9999132734109759,6,0.49994887177910174,6,0.9998977424350909,0.5007514972907566,9.117714406166297e-16,0.002300485600889577,1.0029313478489117e-10,True,True,True
fd_eps,H1e-4,0.0001,2.71,15.029275514875401,2,6,1.3378189900845752e-14,0.019436017716519035,0.019436017716519035,0.9999546691318475,6,0.4999936534803949,6,0.999987306950554,0.5001123860853572,9.117714406166297e-16,0.002300485600889577,1.0029313478489117e-10,True,True,True
fd_eps,H1e-4,0.0001,2.71,15.029275514875401,2,7,1.3378187446733136e-14,-0.01943601771651905,0.01943601771651905,0.9999546691318475,-6,0.49999365348072533,6,0.9999873069505539,0.5001123860853572,9.117714406166297e-16,0.002300485600889577,1.0029313478489117e-10,True,True,True
fd_eps,H1e-4,0.0001,2.71,15.029275514875401,3,0,3.769904183425807e-15,-6.587914640133345e-05,6.587914640133345e-05,0.9596400769647083,-1,0.8008145363893084,1,0.8008145363893084,0.3730508780194564,7.786057957785152e-16,0.002300485600889577,1.0029313478489117e-10,True,True,True
fd_eps,H1e-4,0.0001,2.71,15.029275514875401,3,1,-4.582725667929743e-15,6.587914640509906e-05,6.587914640509906e-05,0.9596400769551369,-1,0.8008145363687781,1,0.8008145363687781,0.373050878004141,7.786057957785152e-16,0.002300485600889577,1.0029313478489117e-10,True,True,True
fd_eps,H1e-4,0.0001,2.71,15.029275514875401,3,2,-0.0015147171932651247,2.6555249554503286e-13,0.0015147171932651247,0.9850739456552929,3,0.9610353144027067,3,0.9610353144027067,0.11984704046745323,7.786057957785152e-16,0.002300485600889577,1.0029313478489117e-10,True,True,True
fd_eps,H1e-4,0.0001,2.71,15.029275514875401,3,3,0.0015147171932587554,-2.511842939980487e-13,0.0015147171932587554,0.9850739456341936,3,0.9610353144101056,3,0.9610353144101056,0.11984704045031008,7.786057957785152e-16,0.002300485600889577,1.0029313478489117e-10,True,True,True
fd_eps,H1e-4,0.0001,2.71,15.029275514875401,3,4,-0.0018812309774487086,5.945672479681178e-14,0.0018812309774487086,0.9864902153578468,-5,0.9568650481772571,5,0.9568650481772571,0.13382294606224993,7.786057957785152e-16,0.002300485600889577,1.0029313478489117e-10,True,True,True
fd_eps,H1e-4,0.0001,2.71,15.029275514875401,3,5,0.0018812309774616355,-4.159433217169685e-14,0.0018812309774616355,0.9864902154148516,-5,0.9568650480871995,5,0.9568650480871995,0.1338229462660928,7.786057957785152e-16,0.002300485600889577,1.0029313478489117e-10,True,True,True
fd_eps,H1e-4,0.0001,2.71,15.029275514875401,3,6,-5.857293816635689e-15,0.034107633683172864,0.034107633683172864,0.9999818712689627,7,0.9999909295250073,7,0.9999909295250073,8.343631121417927e-05,7.786057957785152e-16,0.002300485600889577,1.0029313478489117e-10,True,True,True
fd_eps,H1e-4,0.0001,2.71,15.029275514875401,3,7,5.478256737134757e-15,-0.03410763368318151,0.03410763368318151,0.99998187126896,7,0.9999909295250052,7,0.9999909295250052,8.343631123288184e-05,7.786057957785152e-16,0.002300485600889577,1.0029313478489117e-10,True,True,True
fd_eps,H1e-4,0.0001,2.76,15.799842948260395,0,0,-3.1252153693749486e-16,2.9017650245620514e-11,2.9017650247303452e-11,0.999938061680808,0,0.9997097753581249,0,0.9997097753581249,0.001774029262928849,5.371655983341939e-16,0.001531642260258253,1.0926523223737799e-10,True,True,True
fd_eps,H1e-4,0.0001,2.76,15.799842948260395,0,1,-3.1252153661601496e-16,-2.9017650245620514e-11,2.9017650247303452e-11,0.9999380616808085,0,0.9997097753581249,0,0.9997097753581249,0.0017740292629288485,5.371655983341939e-16,0.001531642260258253,1.0926523223737799e-10,True,True,True
fd_eps,H1e-4,0.0001,2.76,15.799842948260395,0,2,-0.008320316447412152,-2.2004056983809166e-23,0.008320316447412152,0.9999838528747602,-4,0.49999942115031404,4,0.9999988423005115,0.4306872194427749,5.371655983341939e-16,0.001531642260258253,1.0926523223737799e-10,True,True,True
fd_eps,H1e-4,0.0001,2.76,15.799842948260395,0,3,0.008320316447410856,2.2019953228379907e-23,0.008320316447410856,0.9999838528747451,-4,0.4999994211504254,4,0.9999988423005134,0.4306872194427584,5.371655983341939e-16,0.001531642260258253,1.0926523223737799e-10,True,True,True
fd_eps,H1e-4,0.0001,2.76,15.799842948260395,0,4,-0.008423184899220124,6.28040498983667e-23,0.008423184899220124,0.9999994817028709,4,0.4999992843744347,4,0.999998568748846,0.43068941445122405,5.371655983341939e-16,0.001531642260258253,1.0926523223737799e-10,True,True,True
fd_eps,H1e-4,0.0001,2.76,15.799842948260395,0,5,0.008423184899228274,-6.27867237193051e-23,0.008423184899228274,0.9999994817028705,4,0.49999928437459423,4,0.9999985687488462,0.43068941445122144,5.371655983341939e-16,0.001531642260258253,1.0926523223737799e-10,True,True,True
fd_eps,H1e-4,0.0001,2.76,15.799842948260395,0,6,7.740336149808513e-15,-0.04866278767348167,0.04866278767348167,0.9999953828985125,8,0.49999927959675744,8,0.9999985434345564,0.43068962597279004,5.371655983341939e-16,0.001531642260258253,1.0926523223737799e-10,True,True,True
fd_eps,H1e-4,0.0001,2.76,15.799842948260395,0,7,7.744002099573243e-15,0.04866278767348165,0.04866278767348165,0.9999953828985121,-8,0.49999927961672286,8,0.9999985434345564,0.43068962597279004,5.371655983341939e-16,0.001531642260258253,1.0926523223737799e-10,True,True,True
fd_eps,H1e-4,0.0001,2.76,15.799842948260395,0,8,6.828582289435133e-15,0.04866404422269692,0.04866404422269692,0.9999956296430874,-8,0.49999944978003974,8,0.9999988983552379,0.43068663294286597,5.371655983341939e-16,0.001531642260258253,1.0926523223737799e-10,True,True,True
fd_eps,H1e-4,0.0001,2.76,15.799842948260395,0,9,6.807054919732991e-15,-0.04866404422269689,0.04866404422269689,0.9999956296430874,8,0.4999994497949094,8,0.999998898355238,0.43068663294286597,5.371655983341939e-16,0.001531642260258253,1.0926523223737799e-10,True,True,True
fd_eps,H1e-4,0.0001,2.76,15.799842948260395,1,0,1.1953925262847553e-13,0.0008610010379839652,0.0008610010379839652,0.19819976517086846,-3,0.9712985198665296,3,0.9712985198665296,0.09475496869675008,7.608806961647619e-16,0.001531642260258253,1.0926523223737799e-10,True,True,True
fd_eps,H1e-4,0.0001,2.76,15.799842948260395,1,1,-1.7131364686215345e-13,-0.0008610010379873738,0.0008610010379873738,0.19819976518181862,-3,0.9712985198906006,3,0.9712985198906006,0.09475496863561021,7.608806961647619e-16,0.001531642260258253,1.0926523223737799e-10,True,True,True
fd_eps,H1e-4,0.0001,2.76,15.799842948260395,1,2,-0.00010226218743935012,-1.1111036007428351e-13,0.00010226218743935012,0.465969478508804,1,0.33699155534527137,1,0.33699155534527137,0.7924648355875236,7.608806961647619e-16,0.001531642260258253,1.0926523223737799e-10,True,True,True
fd_eps,H1e-4,0.0001,2.76,15.799842948260395,1,3,0.00010226218740264308,8.062035407780759e-14,0.00010226218740264308,0.4659694783932211,1,0.33699155558298144,1,0.33699155558298144,0.7924648355847579,7.608806961647619e-16,0.001531642260258253,1.0926523223737799e-10,True,True,True
fd_eps,H1e-4,0.0001,2.76,15.799842948260395,1,4,6.3839775187064e-15,-0.00035963480445013607,0.00035963480445013607,0.8798578641053296,5,0.9287423743275695,5,0.9287423743275695,0.21534014151792075,7.608806961647619e-16,0.001531642260258253,1.0926523223737799e-10,True,True,True
fd_eps,H1e-4,0.0001,2.76,15.799842948260395,1,5,4.624416372689556e-14,0.0003596348044990756,0.0003596348044990756,0.8798578640382643,5,0.9287423742148386,5,0.9287423742148386,0.21534014174368116,7.608806961647619e-16,0.001531642260258253,1.0926523223737799e-10,True,True,True
fd_eps,H1e-4,0.0001,2.76,15.799842948260395,1,6,-6.217248937900877e-15,-0.0341670618163735,0.0341670618163735,0.9999904519028421,-7,0.9999960526891484,7,0.9999960526891484,3.854598019933248e-05,7.608806961647619e-16,0.001531642260258253,1.0926523223737799e-10,True,True,True
fd_eps,H1e-4,0.0001,2.76,15.799842948260395,1,7,9.169748294013402e-15,0.03416706181637155,0.03416706181637155,0.9999904519028405,-7,0.9999960526891487,7,0.9999960526891487,3.854598019669926e-05,7.608806961647619e-16,0.001531642260258253,1.0926523223737799e-10,True,True,True
fd_eps,H1e-4,0.0001,2.76,15.799842948260395,2,0,9.962827522122383e-15,-0.006458559342933537,0.006458559342933537,0.9998674627311066,2,0.49999021308481917,2,0.9999804261681312,0.5001671937525314,8.880345486171231e-16,0.001531642260258253,1.0926523223737799e-10,True,True,True
fd_eps,H1e-4,0.0001,2.76,15.799842948260395,2,1,9.962899057538454e-15,0.006458559342933543,0.006458559342933543,0.999867462731107,-2,0.49999021308481817,2,0.9999804261681312,0.5001671937525314,8.880345486171231e-16,0.001531642260258253,1.0926523223737799e-10,True,True,True
fd_eps,H1e-4,0.0001,2.76,15.799842948260395,2,2,1.2741768174108141e-14,0.005615498365976696,0.005615498365976696,0.9994271601870716,2,0.49999740262013226,2,0.9999948052030037,0.5000493432792444,8.880345486171231e-16,0.001531642260258253,1.0926523223737799e-10,True,True,True
fd_eps,H1e-4,0.0001,2.76,15.799842948260395,2,3,1.2743212142429722e-14,-0.005615498365976695,0.005615498365976695,0.9994271601870713,-2,0.49999740262013054,2,0.9999948052030037,0.5000493432792444,8.880345486171231e-16,0.001531642260258253,1.0926523223737799e-10,True,True,True
fd_eps,H1e-4,0.0001,2.76,15.799842948260395,2,4,-1.0379985075390987e-14,-0.019505160754264644,0.019505160754264644,0.9999586781738977,-6,0.49997849035595043,6,0.9999569797472493,0.5003430281905805,8.880345486171231e-16,0.001531642260258253,1.0926523223737799e-10,True,True,True
fd_eps,H1e-4,0.0001,2.76,15.799842948260395,2,5,-1.0370176939389353e-14,0.019505160754264665,0.019505160754264665,0.9999586781738977,6,0.49997849035451813,6,0.9999569797472494,0.5003430281905804,8.880345486171231e-16,0.001531642260258253,1.0926523223737799e-10,True,True,True
fd_eps,H1e-4,0.0001,2.76,15.799842948260395,2,6,-6.2450045135165055e-15,0.019524979744490353,0.019524979744490353,0.9999746304359929,-6,0.4999968736641258,6,0.9999937463593473,0.5000585639775982,8.880345486171231e-16,0.001531642260258253,1.0926523223737799e-10,True,True,True
fd_eps,H1e-4,0.0001,2.76,15.799842948260395,2,7,-6.258882498896444e-15,-0.019524979744490332,0.019524979744490332,0.9999746304359929,6,0.4999968736655264,6,0.9999937463593471,0.5000585639775982,8.880345486171231e-16,0.001531642260258253,1.0926523223737799e-10,True,True,True
fd_eps,H1e-4,0.0001,2.76,15.799842948260395,3,0,1.1953957788912728e-13,-0.0008610010379839663,0.0008610010379839663,0.1981997651708697,3,0.97129851986653,3,0.97129851986653,0.09475496869674922,7.554016132127605e-16,0.001531642260258253,1.0926523223737799e-10,True,True,True
fd_eps,H1e-4,0.0001,2.76,15.799842948260395,3,1,-1.713128879206327e-13,0.0008610010379873735,0.0008610010379873735,0.19819976518181984,3,0.971298519890601,3,0.971298519890601,0.09475496863560923,7.554016132127605e-16,0.001531642260258253,1.0926523223737799e-10,True,True,True
fd_eps,H1e-4,0.0001,2.76,15.799842948260395,3,2,-0.00010226218743934815,1.1111033891296912e-13,0.00010226218743934815,0.4659694785088066,-1,0.33699155534527425,1,0.33699155534527425,0.7924648355875236,7.554016132127605e-16,0.001531642260258253,1.0926523223737799e-10,True,True,True
fd_eps,H1e-4,0.0001,2.76,15.799842948260395,3,3,0.00010226218740264255,-8.062032751136887e-14,0.00010226218740264255,0.4659694783932217,-1,0.3369915555829849,1,0.3369915555829849,0.7924648355847579,7.554016132127605e-16,0.001531642260258253,1.0926523223737799e-10,True,True,True
fd_eps,H1e-4,0.0001,2.76,15.799842948260395,3,4,6.383261693193592e-15,0.00035963480445013596,0.00035963480445013596,0.8798578641053296,-5,0.9287423743275686,5,0.9287423743275686,0.21534014151792266,7.554016132127605e-16,0.001531642260258253,1.0926523223737799e-10,True,True,True
fd_eps,H1e-4,0.0001,2.76,15.799842948260395,3,5,4.6243474443314e-14,-0.000359634804499076,0.000359634804499076,0.8798578640382653,-5,0.9287423742148377,5,0.9287423742148377,0.21534014174368304,7.554016132127605e-16,0.001531642260258253,1.0926523223737799e-10,True,True,True
fd_eps,H1e-4,0.0001,2.76,15.799842948260395,3,6,-6.251943407420413e-15,0.034167061816373454,0.034167061816373454,0.9999904519028427,7,0.9999960526891485,7,0.9999960526891485,3.8545980199252404e-05,7.554016132127605e-16,0.001531642260258253,1.0926523223737799e-10,True,True,True
fd_eps,H1e-4,0.0001,2.76,15.799842948260395,3,7,9.131584377541913e-15,-0.03416706181637152,0.03416706181637152,0.999990451902841,7,0.9999960526891488,7,0.9999960526891488,3.854598019661874e-05,7.554016132127605e-16,0.001531642260258253,1.0926523223737799e-10,True,True,True
fd_eps,H1e-4,0.0001,2.81,16.6099182187867,0,0,-5.3771792599863855e-15,2.913153079418523e-11,2.9131531290452606e-11,0.9999707117796932,0,0.999864692573586,0,0.999864692573586,0.000891242939065447,5.456729829094877e-16,0.0010253965436936143,1.4125685537063413e-10,True,True,True
fd_eps,H1e-4,0.0001,2.81,16.6099182187867,0,1,-5.3771792593995235e-15,-2.91315307941856e-11,2.913153129045297e-11,0.999970711779693,0,0.9998646925735861,0,0.9998646925735861,0.0008912429390653786,5.456729829094877e-16,0.0010253965436936143,1.4125685537063413e-10,True,True,True
fd_eps,H1e-4,0.0001,2.81,16.6099182187867,0,2,-0.008189935325254114,4.230885100087373e-23,0.008189935325254114,0.9999918485609856,-4,0.49999973498648115,4,0.9999994699727914,0.43068169617259533,5.456729829094877e-16,0.0010253965436936143,1.4125685537063413e-10,True,True,True
fd_eps,H1e-4,0.0001,2.81,16.6099182187867,0,3,0.008189935325284555,-4.249622154572803e-23,0.008189935325284555,0.9999918485609951,4,0.4999997349864122,4,0.9999994699727917,0.43068169617259366,5.456729829094877e-16,0.0010253965436936143,1.4125685537063413e-10,True,True,True
fd_eps,H1e-4,0.0001,2.81,16.6099182187867,0,4,-0.008255206768261494,1.2001605747552498e-22,0.008255206768261494,0.999999819631956,4,0.49999969123656113,4,0.9999993824729481,0.4306824276048254,5.456729829094877e-16,0.0010253965436936143,1.4125685537063413e-10,True,True,True
fd_eps,H1e-4,0.0001,2.81,16.6099182187867,0,5,0.008255206768252168,-1.2025394301231287e-22,0.008255206768252168,0.9999998196319558,4,0.4999996912364939,4,0.9999993824729481,0.4306824276048263,5.456729829094877e-16,0.0010253965436936143,1.4125685537063413e-10,True,True,True
fd_eps,H1e-4,0.0001,2.81,16.6099182187867,0,6,3.8614944575243726e-15,-0.048694469702075374,0.048694469702075374,0.9999974913359092,8,0.4999997064112798,8,0.999999370557302,0.43068253338723816,5.456729829094877e-16,0.0010253965436936143,1.4125685537063413e-10,True,True,True
fd_eps,H1e-4,0.0001,2.81,16.6099182187867,0,7,3.858277770160071e-15,0.0486944697020754,0.0486944697020754,0.9999974913359094,-8,0.49999970637066093,8,0.999999370557302,0.43068253338723816,5.456729829094877e-16,0.0010253965436936143,1.4125685537063413e-10,True,True,True
fd_eps,H1e-4,0.0001,2.81,16.6099182187867,0,8,8.180955912706622e-15,0.04869499898182083,0.04869499898182083,0.9999975721999125,-8,0.4999997556648549,8,0.9999994919670248,0.43068144850122075,5.456729829094877e-16,0.0010253965436936143,1.4125685537063413e-10,True,True,True
fd_eps,H1e-4,0.0001,2.81,16.6099182187867,0,9,8.18789480661053e-15,-0.048694998981820795,0.048694998981820795,0.999997572199912,8,0.4999997556587701,8,0.9999994919670248,0.4306814485012208,5.456729829094877e-16,0.0010253965436936143,1.4125685537063413e-10,True,True,True
fd_eps,H1e-4,0.0001,2.81,16.6099182187867,1,0,1.6655064204669368e-13,0.001728834137781423,0.001728834137781423,0.9228310468729324,-3,0.8139621595795172,3,0.8139621595795172,0.34698259967792777,7.576668961123651e-16,0.0010253965436936143,1.4125685537063413e-10,True,True,True
fd_eps,H1e-4,0.0001,2.81,16.6099182187867,1,1,-1.5781046648907166e-13,-0.001728834137814221,0.001728834137814221,0.9228310469278987,-3,0.8139621597176493,3,0.8139621597176493,0.34698259953047456,7.576668961123651e-16,0.0010253965436936143,1.4125685537063413e-10,True,True,True
fd_eps,H1e-4,0.0001,2.81,16.6099182187867,1,2,-2.1111545304286004e-05,-1.342615707497095e-14,2.1111545304286004e-05,0.4605943216907095,1,0.9712950137164121,1,0.9712950137164121,0.09520049243509619,7.576668961123651e-16,0.0010253965436936143,1.4125685537063413e-10,True,True,True
fd_eps,H1e-4,0.0001,2.81,16.6099182187867,1,3,2.111154530209198e-05,1.3887849168758688e-14,2.111154530209198e-05,0.4605943219484758,1,0.9712950137158354,1,0.9712950137158354,0.09520049243614442,7.576668961123651e-16,0.0010253965436936143,1.4125685537063413e-10,True,True,True
fd_eps,H1e-4,0.0001,2.81,16.6099182187867,1,4,7.306872121248809e-15,-0.0016707166193735276,0.0016707166193735276,0.9406228835685917,5,0.8223809218058522,5,0.8223809218058522,0.33928792243264705,7.576668961123651e-16,0.0010253965436936143,1.4125685537063413e-10,True,True,True
fd_eps,H1e-4,0.0001,2.81,16.6099182187867,1,5,-2.657443489242186e-14,0.0016707166194019694,0.0016707166194019694,0.9406228834374185,5,0.8223809213122902,5,0.8223809213122902,0.3392879229778388,7.576668961123651e-16,0.0010253965436936143,1.4125685537063413e-10,True,True,True
fd_eps,H1e-4,0.0001,2.81,16.6099182187867,1,6,-3.95516952522712e-16,-0.03420976148607898,0.03420976148607898,0.9999948203036195,-7,0.9999982518983581,7,0.9999982518983581,1.8056426062674817e-05,7.576668961123651e-16,0.0010253965436936143,1.4125685537063413e-10,True,True,True
fd_eps,H1e-4,0.0001,2.81,16.6099182187867,1,7,-2.192690473634684e-15,0.03420976148606478,0.03420976148606478,0.9999948203036193,-7,0.9999982518983577,7,0.9999982518983577,1.805642606779227e-05,7.576668961123651e-16,0.0010253965436936143,1.4125685537063413e-10,True,True,True
fd_eps,H1e-4,0.0001,2.81,16.6099182187867,2,0,-4.838533159885416e-15,-0.006530701321781144,0.006530701321781144,0.9999182146124297,2,0.49999563477581765,2,0.999991269524118,0.5000796577219776,9.193913600469103e-16,0.0010253965436936143,1.4125685537063413e-10,True,True,True
fd_eps,H1e-4,0.0001,2.81,16.6099182187867,2,1,-4.8390864944020964e-15,0.006530701321781145,0.006530701321781145,0.9999182146124299,-2,0.4999956347758106,2,0.999991269524118,0.5000796577219776,9.193913600469103e-16,0.0010253965436936143,1.4125685537063413e-10,True,True,True
fd_eps,H1e-4,0.0001,2.81,16.6099182187867,2,2,-1.3695952848934956e-15,0.005938803733572102,0.005938803733572102,0.9997532933301516,2,0.4999987497810492,2,0.9999974995568056,0.5000250695409554,9.193913600469103e-16,0.0010253965436936143,1.4125685537063413e-10,True,True,True
fd_eps,H1e-4,0.0001,2.81,16.6099182187867,2,3,-1.3691879978062455e-15,-0.005938803733572101,0.005938803733572101,0.9997532933301518,-2,0.49999874978105197,2,0.9999974995568055,0.5000250695409554,9.193913600469103e-16,0.0010253965436936143,1.4125685537063413e-10,True,True,True
fd_eps,H1e-4,0.0001,2.81,16.6099182187867,2,4,1.1260090082565455e-14,-0.01958115185407746,0.01958115185407746,0.9999793647873071,-6,0.49999081092493497,6,0.9999816202514502,0.5001578287868127,9.193913600469103e-16,0.0010253965436936143,1.4125685537063413e-10,True,True,True
fd_eps,H1e-4,0.0001,2.81,16.6099182187867,2,5,1.1268126536677574e-14,0.01958115185407745,0.01958115185407745,0.9999793647873071,6,0.4999908109228691,6,0.9999816202514502,0.5001578287868127,9.193913600469103e-16,0.0010253965436936143,1.4125685537063413e-10,True,True,True
fd_eps,H1e-4,0.0001,2.81,16.6099182187867,2,6,7.0776718083458535e-15,0.019591252161896465,0.019591252161896465,0.9999856545915803,-6,0.49999845582737124,6,0.9999969113999412,0.5000304957688079,9.193913600469103e-16,0.0010253965436936143,1.4125685537063413e-10,True,True,True
fd_eps,H1e-4,0.0001,2.81,16.6099182187867,2,7,7.074202335033419e-15,-0.019591252161896458,0.019591252161896458,0.9999856545915803,6,0.49999845583002334,6,0.9999969113999412,0.5000304957688079,9.193913600469103e-16,0.0010253965436936143,1.4125685537063413e-10,True,True,True
fd_eps,H1e-4,0.0001,2.81,16.6099182187867,3,0,1.6655046399904213e-13,-0.001728834137781426,0.001728834137781426,0.922831046872945,3,0.8139621595795359,3,0.8139621595795359,0.3469825996779079,7.822713776633633e-16,0.0010253965436936143,1.4125685537063413e-10,True,True,True
fd_eps,H1e-4,0.0001,2.81,16.6099182187867,3,1,-1.578113562163628e-13,0.0017288341378142208,0.0017288341378142208,0.9228310469279069,3,0.813962159717662,3,0.813962159717662,0.34698259953046107,7.822713776633633e-16,0.0010253965436936143,1.4125685537063413e-10,True,True,True
fd_eps,H1e-4,0.0001,2.81,16.6099182187867,3,2,-2.1111545304286448e-05,1.3426139095173681e-14,2.1111545304286448e-05,0.46059432169071407,-1,0.971295013716412,1,0.971295013716412,0.09520049243509636,7.822713776633633e-16,0.0010253965436936143,1.4125685537063413e-10,True,True,True
fd_eps,H1e-4,0.0001,2.81,16.6099182187867,3,3,2.1111545302091806e-05,-1.3887884296586457e-14,2.1111545302091806e-05,0.4605943219484811,-1,0.9712950137158354,1,0.9712950137158354,0.09520049243614463,7.822713776633633e-16,0.0010253965436936143,1.4125685537063413e-10,True,True,True
fd_eps,H1e-4,0.0001,2.81,16.6099182187867,3,4,7.307415327935817e-15,0.001670716619373525,0.001670716619373525,0.9406228835685859,-5,0.8223809218058388,5,0.8223809218058388,0.33928792243266176,7.822713776633633e-16,0.0010253965436936143,1.4125685537063413e-10,True,True,True
fd_eps,H1e-4,0.0001,2.81,16.6099182187867,3,5,-2.657433023060153e-14,-0.0016707166194019683,0.0016707166194019683,0.9406228834374153,-5,0.8223809213122825,5,0.8223809213122825,0.3392879229778472,7.822713776633633e-16,0.0010253965436936143,1.4125685537063413e-10,True,True,True
fd_eps,H1e-4,0.0001,2.81,16.6099182187867,3,6,-4.137315490204685e-16,0.03420976148607898,0.03420976148607898,0.9999948203036195,7,0.9999982518983582,7,0.9999982518983582,1.805642606259887e-05,7.822713776633633e-16,0.0010253965436936143,1.4125685537063413e-10,True,True,True
fd_eps,H1e-4,0.0001,2.81,16.6099182187867,3,7,-2.192690473634684e-15,-0.03420976148606471,0.03420976148606471,0.9999948203036193,7,0.9999982518983577,7,0.9999982518983577,1.805642606780357e-05,7.822713776633633e-16,0.0010253965436936143,1.4125685537063413e-10,True,True,True
fd_eps,H1e-4,0.0001,2.86,17.46152693657999,0,0,3.2802860147185276e-15,2.887004992475344e-11,2.8870050111110518e-11,0.9999859096779419,0,0.9999369639046651,0,0.9999369639046651,0.00044512457970196783,5.40472776746136e-16,0.000689906936244427,1.6836864880476157e-10,True,True,True
fd_eps,H1e-4,0.0001,2.86,17.46152693657999,0,1,3.28028601419198e-15,-2.8870049924753628e-11,2.8870050111110706e-11,0.9999859096779414,0,0.9999369639046651,0,0.9999369639046651,0.0004451245797019679,5.40472776746136e-16,0.000689906936244427,1.6836864880476157e-10,True,True,True
fd_eps,H1e-4,0.0001,2.86,17.46152693657999,0,2,-0.008088974343819184,-2.6464179001145183e-22,0.008088974343819184,0.9999958125153198,4,0.49999987803728896,4,0.9999997560744993,0.43067904022855225,5.40472776746136e-16,0.000689906936244427,1.6836864880476157e-10,True,True,True
fd_eps,H1e-4,0.0001,2.86,17.46152693657999,0,3,0.008088974343829703,2.6470454612939916e-22,0.008088974343829703,0.99999581251532,4,0.4999998780373195,4,0.999999756074499,0.43067904022855413,5.40472776746136e-16,0.000689906936244427,1.6836864880476157e-10,True,True,True
fd_eps,H1e-4,0.0001,2.86,17.46152693657999,0,4,-0.008130433447850824,-2.3188324257696182e-22,0.008130433447850824,0.9999998337465659,-4,0.49999986430754517,4,0.9999997286150042,0.4306792761975747,5.40472776746136e-16,0.000689906936244427,1.6836864880476157e-10,True,True,True
fd_eps,H1e-4,0.0001,2.86,17.46152693657999,0,5,0.008130433447856663,2.319701403043952e-22,0.008130433447856663,0.9999998337465663,-4,0.4999998643075667,4,0.999999728615004,0.430679276197577,5.40472776746136e-16,0.000689906936244427,1.6836864880476157e-10,True,True,True
fd_eps,H1e-4,0.0001,2.86,17.46152693657999,0,6,3.875465635495088e-15,-0.04871736742911752,0.04871736742911752,0.9999986034529393,-8,0.49999988409190277,8,0.9999997230464446,0.43067932847567597,5.40472776746136e-16,0.000689906936244427,1.6836864880476157e-10,True,True,True
fd_eps,H1e-4,0.0001,2.86,17.46152693657999,0,7,3.878841692284141e-15,0.048717367429117496,0.048717367429117496,0.9999986034529385,8,0.49999988418440455,8,0.9999997230464446,0.43067932847567597,5.40472776746136e-16,0.000689906936244427,1.6836864880476157e-10,True,True,True
fd_eps,H1e-4,0.0001,2.86,17.46152693657999,0,8,-1.1678158440275865e-14,0.04871759079737389,0.04871759079737389,0.999998630281819,-8,0.49999988454143085,8,0.9999997649350238,0.43067893341515806,5.40472776746136e-16,0.000689906936244427,1.6836864880476157e-10,True,True,True
fd_eps,H1e-4,0.0001,2.86,17.46152693657999,0,9,-1.169203622808368e-14,-0.048717590797373894,0.048717590797373894,0.9999986302818186,8,0.4999998844677557,8,0.9999997649350237,0.43067893341515817,5.40472776746136e-16,0.000689906936244427,1.6836864880476157e-10,True,True,True
fd_eps,H1e-4,0.0001,2.86,17.46152693657999,1,0,1.9485227184586323e-05,0.002172773418820656,0.0021728607879042865,0.6567555084343609,5,0.5066985483652278,5,0.5066985483652278,0.5003858775270466,8.231742608938789e-16,0.000689906936244427,1.6836864880476157e-10,True,True,True
fd_eps,H1e-4,0.0001,2.86,17.46152693657999,1,1,-1.9485227181759886e-05,-0.00217277341880084,0.002172860787884446,0.6567555074609519,5,0.5066985493100912,5,0.5066985493100912,0.5003858775096485,8.231742608938789e-16,0.000689906936244427,1.6836864880476157e-10,True,True,True
fd_eps,H1e-4,0.0001,2.86,17.46152693657999,1,2,-9.92942238255365e-06,-7.991230985514936e-15,9.92942238255365e-06,0.990159471034957,1,0.994531911655888,1,0.994531911655888,0.024580108328160606,8.231742608938789e-16,0.000689906936244427,1.6836864880476157e-10,True,True,True
fd_eps,H1e-4,0.0001,2.86,17.46152693657999,1,3,9.929422381875746e-06,4.179071742400329e-15,9.929422381875746e-06,0.990159471036304,1,0.994531911655083,1,0.994531911655083,0.024580108333025093,8.231742608938789e-16,0.000689906936244427,1.6836864880476157e-10,True,True,True
fd_eps,H1e-4,0.0001,2.86,17.46152693657999,1,4,1.9485226996200517e-05,-0.002172773418732099,0.002172860787814044,0.6622574553311955,5,0.5066985537692477,5,0.5066985537692477,0.5003858774265495,8.231742608938789e-16,0.000689906936244427,1.6836864880476157e-10,True,True,True
fd_eps,H1e-4,0.0001,2.86,17.46152693657999,1,5,-1.9485227049278457e-05,0.0021727734187135706,0.002172860787795992,0.6622574550166649,5,0.5066985532569018,5,0.5066985532569018,0.5003858774363268,8.231742608938789e-16,0.000689906936244427,1.6836864880476157e-10,True,True,True
fd_eps,H1e-4,0.0001,2.86,17.46152693657999,1,6,-1.5074747006238454e-14,-0.03424093501886995,0.03424093501886995,0.9999971236161744,-7,0.9999992148534628,7,0.9999992148534628,8.550735629056145e-06,8.231742608938789e-16,0.000689906936244427,1.6836864880476157e-10,True,True,True
fd_eps,H1e-4,0.0001,2.86,17.46152693657999,1,7,1.269123695024632e-14,0.03424093501885486,0.03424093501885486,0.9999971236161744,-7,0.9999992148534621,7,0.9999992148534621,8.550735635306588e-06,8.231742608938789e-16,0.000689906936244427,1.6836864880476157e-10,True,True,True
fd_eps,H1e-4,0.0001,2.86,17.46152693657999,2,0,9.3495200334005e-15,-0.006587389062575949,0.006587389062575949,0.99994946855093,2,0.4999980438969988,2,0.9999960877792455,0.5000379608120149,9.685068979659442e-16,0.000689906936244427,1.6836864880476157e-10,True,True,True
fd_eps,H1e-4,0.0001,2.86,17.46152693657999,2,1,9.350946446583014e-15,0.00658738906257596,0.00658738906257596,0.9999494685509305,-2,0.49999804389701036,2,0.9999960877792456,0.5000379608120149,9.685068979659442e-16,0.000689906936244427,1.6836864880476157e-10,True,True,True
fd_eps,H1e-4,0.0001,2.86,17.46152693657999,2,2,-2.9994221706894855e-16,0.006165947346850134,0.006165947346850134,0.999885009204799,-2,0.49999939586629377,2,0.9999987917094832,0.5000127482475409,9.685068979659442e-16,0.000689906936244427,1.6836864880476157e-10,True,True,True
fd_eps,H1e-4,0.0001,2.86,17.46152693657999,2,3,-3.003220415548564e-16,-0.006165947346850132,0.006165947346850132,0.999885009204799,2,0.49999939586630965,2,0.9999987917094834,0.5000127482475409,9.685068979659442e-16,0.000689906936244427,1.6836864880476157e-10,True,True,True
fd_eps,H1e-4,0.0001,2.86,17.46152693657999,2,4,-3.553220105352643e-15,-0.0196357528548198,0.0196357528548198,0.999989280661726,6,0.49999602356742356,6,0.9999920447870856,0.5000731177832076,9.685068979659442e-16,0.000689906936244427,1.6836864880476157e-10,True,True,True
fd_eps,H1e-4,0.0001,2.86,17.46152693657999,2,5,-3.5449074231586053e-15,0.01963575285481979,0.01963575285481979,0.9999892806617267,-6,0.49999602356928996,6,0.9999920447870856,0.5000731177832076,9.685068979659442e-16,0.000689906936244427,1.6836864880476157e-10,True,True,True
fd_eps,H1e-4,0.0001,2.86,17.46152693657999,2,6,-5.910202882652982e-15,0.019640920265759452,0.019640920265759452,0.9999918046548693,6,0.4999992377087189,6,0.9999984706896898,0.5000158752972648,9.685068979659442e-16,0.000689906936244427,1.6836864880476157e-10,True,True,True
fd_eps,H1e-4,0.0001,2.86,17.46152693657999,2,7,-5.9258154200530325e-15,-0.019640920265759487,0.019640920265759487,0.9999918046548686,-6,0.49999923770864496,6,0.9999984706896898,0.5000158752972648,9.685068979659442e-16,0.000689906936244427,1.6836864880476157e-10,True,True,True
fd_eps,H1e-4,0.0001,2.86,17.46152693657999,3,0,1.9485227184583107e-05,-0.002172773418820652,0.0021728607879042826,0.6567555084343143,-5,0.5066985483652628,5,0.5066985483652628,0.5003858775270459,7.8782844434927555e-16,0.000689906936244427,1.6836864880476157e-10,True,True,True
fd_eps,H1e-4,0.0001,2.86,17.46152693657999,3,1,-1.948522718176183e-05,0.002172773418800839,0.0021728607878844447,0.6567555074609804,-5,0.5066985493100415,5,0.5066985493100415,0.5003858775096494,7.8782844434927555e-16,0.000689906936244427,1.6836864880476157e-10,True,True,True
fd_eps,H1e-4,0.0001,2.86,17.46152693657999,3,2,-9.92942238255296e-06,7.991229579023583e-15,9.92942238255296e-06,0.990159471034957,-1,0.9945319116558881,1,0.9945319116558881,0.024580108328160506,7.8782844434927555e-16,0.000689906936244427,1.6836864880476157e-10,True,True,True
fd_eps,H1e-4,0.0001,2.86,17.46152693657999,3,3,9.929422381876494e-06,-4.1790703359558685e-15,9.929422381876494e-06,0.9901594710363033,-1,0.994531911655083,1,0.994531911655083,0.02458010833302506,7.8782844434927555e-16,0.000689906936244427,1.6836864880476157e-10,True,True,True
fd_eps,H1e-4,0.0001,2.86,17.46152693657999,3,4,1.948522699620264e-05,0.0021727734187320957,0.0021728607878140405,0.6622574553311368,-5,0.5066985537692046,5,0.5066985537692046,0.5003858774265503,7.8782844434927555e-16,0.000689906936244427,1.6836864880476157e-10,True,True,True
fd_eps,H1e-4,0.0001,2.86,17.46152693657999,3,5,-1.948522704927735e-05,-0.002172773418713567,0.0021728607877959886,0.6622574550167291,-5,0.5066985532569735,5,0.5066985532569735,0.5003858774363256,7.8782844434927555e-16,0.000689906936244427,1.6836864880476157e-10,True,True,True
fd_eps,H1e-4,0.0001,2.86,17.46152693657999,3,6,-1.5075614367976442e-14,0.03424093501886994,0.03424093501886994,0.999997123616174,7,0.9999992148534628,7,0.9999992148534628,8.550735629053963e-06,7.8782844434927555e-16,0.000689906936244427,1.6836864880476157e-10,True,True,True
fd_eps,H1e-4,0.0001,2.86,17.46152693657999,3,7,1.2698175844150228e-14,-0.034240935018854834,0.034240935018854834,0.9999971236161744,7,0.9999992148534622,7,0.9999992148534622,8.550735635224009e-06,7.8782844434927555e-16,0.000689906936244427,1.6836864880476157e-10,True,True,True
fd_eps,H1e-4,0.0001,2.91,18.356798567017925,0,0,1.0190308896111285e-14,2.893950957533821e-11,2.8939511369466613e-11,0.9999936270693385,0,0.9999706089087842,0,0.9999706089087842,0.0002214772200470921,5.410157446389777e-16,0.00046627333716662303,1.6286029030372505e-10,True,True,True
fd_eps,H1e-4,0.0001,2.91,18.356798567017925,0,1,1.0190308895812269e-14,-2.8939509575338334e-11,2.893951136946674e-11,0.9999936270693387,0,0.9999706089087841,0,0.9999706089087841,0.000221477220047161,5.410157446389777e-16,0.00046627333716662303,1.6286029030372505e-10,True,True,True
fd_eps,H1e-4,0.0001,2.91,18.356798567017925,0,2,-0.008010649172171076,1.022673680524401e-22,0.008010649172171076,0.9999978081682848,-4,0.499999943578099,4,0.9999998871556857,0.4306777603821264,5.410157446389777e-16,0.00046627333716662303,1.6286029030372505e-10,True,True,True
fd_eps,H1e-4,0.0001,2.91,18.356798567017925,0,3,0.00801064917216144,-1.0158215076779784e-22,0.00801064917216144,0.9999978081682781,4,0.499999943577909,4,0.9999998871556857,0.4306777603821272,5.410157446389777e-16,0.00046627333716662303,1.6286029030372505e-10,True,True,True
fd_eps,H1e-4,0.0001,2.91,18.356798567017925,0,4,-0.00803700394553467,-2.9647608742542266e-22,0.00803700394553467,0.9999998216358175,4,0.4999999394281488,4,0.9999998788557733,0.43067783213408745,5.410157446389777e-16,0.00046627333716662303,1.6286029030372505e-10,True,True,True
fd_eps,H1e-4,0.0001,2.91,18.356798567017925,0,5,0.008037003945529487,2.973380184361106e-22,0.008037003945529487,0.9999998216358161,-4,0.4999999394280217,4,0.9999998788557733,0.4306778321340877,5.410157446389777e-16,0.00046627333716662303,1.6286029030372505e-10,True,True,True
fd_eps,H1e-4,0.0001,2.91,18.356798567017925,0,6,4.217112770099618e-15,-0.04873417571964689,0.04873417571964689,0.9999992076566089,8,0.5000000189425983,8,0.9999998762598286,0.43067785780523726,5.410157446389777e-16,0.00046627333716662303,1.6286029030372505e-10,True,True,True
fd_eps,H1e-4,0.0001,2.91,18.356798567017925,0,7,4.227735175235121e-15,0.04873417571964693,0.04873417571964693,0.9999992076566087,-8,0.500000019494728,8,0.9999998762598286,0.4306778578052371,5.410157446389777e-16,0.00046627333716662303,1.6286029030372505e-10,True,True,True
fd_eps,H1e-4,0.0001,2.91,18.356798567017925,0,8,-1.0654230289419933e-15,0.04873427013890111,0.04873427013890111,0.9999992166514764,-8,0.49999997552000686,8,0.9999998908184743,0.43067771337843036,5.410157446389777e-16,0.00046627333716662303,1.6286029030372505e-10,True,True,True
fd_eps,H1e-4,0.0001,2.91,18.356798567017925,0,9,-1.0755285551056204e-15,-0.04873427013890106,0.04873427013890106,0.9999992166514766,8,0.49999997606047963,8,0.9999998908184743,0.43067771337843036,5.410157446389777e-16,0.00046627333716662303,1.6286029030372505e-10,True,True,True
fd_eps,H1e-4,0.0001,2.91,18.356798567017925,1,0,1.0260231843361043e-05,-0.0024690575369712506,0.002469078855207346,0.9083632453404521,5,0.5064307934084502,5,0.5064307934084502,0.5001573539622909,8.21908896841467e-16,0.00046627333716662303,1.6286029030372505e-10,True,True,True
fd_eps,H1e-4,0.0001,2.91,18.356798567017925,1,1,-1.0260231807017048e-05,0.0024690575369141006,0.0024690788551500454,0.9083632446615707,5,0.5064307929364155,5,0.5064307929364155,0.5001573539710772,8.21908896841467e-16,0.00046627333716662303,1.6286029030372505e-10,True,True,True
fd_eps,H1e-4,0.0001,2.91,18.356798567017925,1,2,-5.242623205385367e-06,-4.941486353696383e-15,5.242623205385367e-06,0.9986486929392318,1,0.9984381645181946,1,0.9984381645181946,0.008422720968313513,8.21908896841467e-16,0.00046627333716662303,1.6286029030372505e-10,True,True,True
fd_eps,H1e-4,0.0001,2.91,18.356798567017925,1,3,5.242623206628225e-06,7.154145116303663e-15,5.242623206628225e-06,0.9986486929386215,1,0.9984381645181093,1,0.9984381645181093,0.008422720968896843,8.21908896841467e-16,0.00046627333716662303,1.6286029030372505e-10,True,True,True
fd_eps,H1e-4,0.0001,2.91,18.356798567017925,1,4,1.0260231950647979e-05,0.0024690575368660514,0.0024690788551025938,0.9083632451798981,5,0.5064307882041408,5,0.5064307882041408,0.5001573540575093,8.21908896841467e-16,0.00046627333716662303,1.6286029030372505e-10,True,True,True
fd_eps,H1e-4,0.0001,2.91,18.356798567017925,1,5,-1.026023197964622e-05,-0.002469057536819392,0.002469078855056055,0.90836324489721,5,0.5064307861021922,5,0.5064307861021922,0.500157354096054,8.21908896841467e-16,0.00046627333716662303,1.6286029030372505e-10,True,True,True
fd_eps,H1e-4,0.0001,2.91,18.356798567017925,1,6,5.2605489408996675e-15,-0.03426398903410261,0.03426398903410261,0.999998372608851,-7,0.9999996432379964,7,0.9999996432379964,4.084599788413762e-06,8.21908896841467e-16,0.00046627333716662303,1.6286029030372505e-10,True,True,True
fd_eps,H1e-4,0.0001,2.91,18.356798567017925,1,7,8.049116928532385e-15,0.034263989034109016,0.034263989034109016,0.999998372608851,-7,0.9999996432379963,7,0.9999996432379963,4.084599789025237e-06,8.21908896841467e-16,0.00046627333716662303,1.6286029030372505e-10,True,True,True
fd_eps,H1e-4,0.0001,2.91,18.356798567017925,2,0,7.985964018454641e-16,-0.006632194834441503,0.006632194834441503,0.9999687529168994,2,0.49999911913053596,2,0.999998238247293,0.5000181083962182,9.101568010747113e-16,0.00046627333716662303,1.6286029030372505e-10,True,True,True
fd_eps,H1e-4,0.0001,2.91,18.356798567017925,2,1,8.011020896598856e-16,0.006632194834441508,0.006632194834441508,0.9999687529168994,-2,0.49999911913052114,2,0.999998238247293,0.5000181083962182,9.101568010747113e-16,0.00046627333716662303,1.6286029030372505e-10,True,True,True
fd_eps,H1e-4,0.0001,2.91,18.356798567017925,2,2,1.6426972808313125e-14,0.0063289041109841696,0.0063289041109841696,0.9999433982225739,2,0.49999970694101403,2,0.9999994138783146,0.5000064898297445,9.101568010747113e-16,0.00046627333716662303,1.6286029030372505e-10,True,True,True
fd_eps,H1e-4,0.0001,2.91,18.356798567017925,2,3,1.6426122201647157e-14,-0.006328904110984173,0.006328904110984173,0.9999433982225742,-2,0.49999970694100804,2,0.9999994138783146,0.5000064898297445,9.101568010747113e-16,0.00046627333716662303,1.6286029030372505e-10,True,True,True
fd_eps,H1e-4,0.0001,2.91,18.356798567017925,2,4,3.5197539327569416e-15,-0.019675704626843073,0.019675704626843073,0.9999942457426917,6,0.49999825967246514,6,0.9999965176629834,0.5000340819897838,9.101568010747113e-16,0.00046627333716662303,1.6286029030372505e-10,True,True,True
fd_eps,H1e-4,0.0001,2.91,18.356798567017925,2,5,3.523965587002066e-15,0.019675704626843073,0.019675704626843073,0.9999942457426917,-6,0.4999982596682298,6,0.9999965176629835,0.5000340819897838,9.101568010747113e-16,0.00046627333716662303,1.6286029030372505e-10,True,True,True
fd_eps,H1e-4,0.0001,2.91,18.356798567017925,2,6,-1.010649894748563e-14,0.019678356556647007,0.019678356556647007,0.9999952727977388,6,0.49999962157778777,6,0.9999992410297127,0.5000082622066168,9.101568010747113e-16,0.00046627333716662303,1.6286029030372505e-10,True,True,True
fd_eps,H1e-4,0.0001,2.91,18.356798567017925,2,7,-1.0115172588420762e-14,-0.019678356556647014,0.019678356556647014,0.9999952727977379,-6,0.49999962158233036,6,0.9999992410297127,0.5000082622066168,9.101568010747113e-16,0.00046627333716662303,1.6286029030372505e-10,True,True,True
fd_eps,H1e-4,0.0001,2.91,18.356798567017925,3,0,1.026023184336894e-05,0.0024690575369712524,0.002469078855207348,0.9083632453404913,-5,0.5064307934082006,5,0.5064307934082006,0.5001573539622955,7.365463338856817e-16,0.00046627333716662303,1.6286029030372505e-10,True,True,True
fd_eps,H1e-4,0.0001,2.91,18.356798567017925,3,1,-1.0260231807022586e-05,-0.002469057536914112,0.0024690788551500567,0.9083632446616211,-5,0.5064307929363374,5,0.5064307929363374,0.5001573539710786,7.365463338856817e-16,0.00046627333716662303,1.6286029030372505e-10,True,True,True
fd_eps,H1e-4,0.0001,2.91,18.356798567017925,3,2,-5.242623205377618e-06,4.941483902164837e-15,5.242623205377618e-06,0.9986486929392309,-1,0.9984381645181944,1,0.9984381645181944,0.008422720968313667,7.365463338856817e-16,0.00046627333716662303,1.6286029030372505e-10,True,True,True
fd_eps,H1e-4,0.0001,2.91,18.356798567017925,3,3,5.242623206620709e-06,-7.154142664759154e-15,5.242623206620709e-06,0.9986486929386208,-1,0.9984381645181091,1,0.9984381645181091,0.00842272096889707,7.365463338856817e-16,0.00046627333716662303,1.6286029030372505e-10,True,True,True
fd_eps,H1e-4,0.0001,2.91,18.356798567017925,3,4,1.026023195065427e-05,-0.0024690575368660522,0.0024690788551025946,0.9083632451798747,-5,0.5064307882037605,5,0.5064307882037605,0.5001573540575163,7.365463338856817e-16,0.00046627333716662303,1.6286029030372505e-10,True,True,True
fd_eps,H1e-4,0.0001,2.91,18.356798567017925,3,5,-1.0260231979652982e-05,0.002469057536819396,0.002469078855056059,0.9083632448972672,-5,0.5064307861020291,5,0.5064307861020291,0.5001573540960569,7.365463338856817e-16,0.00046627333716662303,1.6286029030372505e-10,True,True,True
fd_eps,H1e-4,0.0001,2.91,18.356798567017925,3,6,5.252742685257772e-15,0.03426398903410263,0.03426398903410263,0.9999983726088508,7,0.9999996432379965,7,0.9999996432379965,4.084599788336952e-06,7.365463338856817e-16,0.00046627333716662303,1.6286029030372505e-10,True,True,True
fd_eps,H1e-4,0.0001,2.91,18.356798567017925,3,7,8.048249566794397e-15,-0.03426398903410906,0.03426398903410906,0.9999983726088506,7,0.9999996432379964,7,0.9999996432379964,4.084599788948435e-06,7.365463338856817e-16,0.00046627333716662303,1.6286029030372505e-10,True,True,True
