axis,case,value,q,cell_over_core,backend,n_nodes,image_shell,fd_eps_over_core,growth_numerical_floor,max_m,symmetry_order,c4_acceleration_used,self_jacobian_cached,global_spectral_abscissa_reference,global_gap_after_neutral_reference,global_unstable_count_reference,low_mode_projection_leakage,c4_symmetry_leakage_projected,c4_symmetry_audit_self,c4_symmetry_audit_interaction,c4_symmetry_leakage,relative_shape_residual,equilibrium_gate_ok,fourier_quality_gate_ok
resolution,N48,48,2.31,10.074424655013587,cpp,48,2,0.0001,2.220446049250313e-12,12,4,False,True,0.020625901313120466,0.001312537398751774,8,0.031616976057127065,9.072673730990803e-12,0.0,0.0,9.072673730990803e-12,0.07876192018334435,False,False
resolution,N48,48,2.32,10.175674306073333,cpp,48,2,0.0001,2.220446049250313e-12,12,4,False,True,0.019674557419670217,0.001518316443738195,8,0.02869529291463557,9.34202152179815e-12,0.0,0.0,9.34202152179815e-12,0.07158726119825086,False,False
resolution,N48,48,2.33,10.277941533043448,cpp,48,2,0.0001,2.220446049250313e-12,12,4,False,True,0.01880455195061625,0.0008264581142780043,8,0.026059084489879078,8.537688766844269e-12,0.0,0.0,8.537688766844269e-12,0.0650108627907916,False,False
resolution,N48,48,2.34,10.381236562731843,cpp,48,2,0.0001,2.220446049250313e-12,12,4,False,True,0.018006829755792014,0.004265908638741883,9,0.023676964676395015,8.09178592464289e-12,0.0,0.0,8.09178592464289e-12,0.05901125722604227,False,False
resolution,N48,48,2.35,10.485569724727576,cpp,48,2,0.0001,2.220446049250313e-12,12,4,False,True,0.017273851790927146,0.005322829136449282,9,0.021522176470203585,8.200346295759367e-12,0.0,0.0,8.200346295759367e-12,0.05355601882309314,False,False
resolution,N48,48,2.36,10.59095145243378,cpp,48,2,0.0001,2.220446049250313e-12,12,4,False,True,0.016599229695700754,0.004329957310396574,7,0.019571527230084623,7.73590722146417e-12,0.0,0.0,7.73590722146417e-12,0.0486071540614307,True,True
resolution,N48,48,2.37,10.697392284111054,cpp,48,2,0.0001,2.220446049250313e-12,12,4,False,True,0.015977467113055067,0.004238032151990606,7,0.01780465387878728,8.576869392775474e-12,0.0,0.0,8.576869392775474e-12,0.044124588200937266,True,True
resolution,N48,48,2.38,10.804902863931257,cpp,48,2,0.0001,2.220446049250313e-12,12,4,False,True,0.015403773791379695,0.004305405454175353,7,0.01620350719114779,7.785870050297692e-12,0.0,0.0,7.785870050297692e-12,0.040068363640585816,True,True
resolution,N48,48,2.39,10.913493943041976,cpp,48,2,0.0001,2.220446049250313e-12,12,4,False,True,0.014873929792165688,0.004414413281944555,7,0.014751980743460215,7.684028193579621e-12,0.0,0.0,7.684028193579621e-12,0.036399974197432364,True,True
resolution,N48,48,2.4,11.023176380641601,cpp,48,2,0.0001,2.220446049250313e-12,12,4,False,True,0.01438418459688258,0.0045353345549381694,7,0.01343563537815233,7.529634606860314e-12,0.0,0.0,7.529634606860314e-12,0.03308312563567643,True,True
resolution,N48,48,2.41,11.133961145065307,cpp,48,2,0.0001,2.220446049250313e-12,12,4,False,True,0.013931180803379881,0.00465747216055837,7,0.012241487160414921,7.60060643831856e-12,0.0,0.0,7.60060643831856e-12,0.03008412000266489,True,True
resolution,N48,48,2.42,11.245859314881844,cpp,48,2,0.0001,2.220446049250313e-12,12,4,False,True,0.013511895378638871,0.0047763757342669634,7,0.011157838136909997,7.515933108371753e-12,0.0,0.0,7.515933108371753e-12,0.02737199748920606,True,True
resolution,N48,48,2.43,11.358882080001457,cpp,48,2,0.0001,2.220446049250313e-12,12,4,False,True,0.013123593599197361,0.0048901137205036305,7,0.010174136637706605,7.571823539326826e-12,0.0,0.0,7.571823539326826e-12,0.024918525818550988,True,True
resolution,N48,48,2.44,11.473040742794833,cpp,48,2,0.0001,2.220446049250313e-12,12,4,False,True,0.012763792287442878,0.0049979017562201775,7,0.009280858623297198,7.629461432835209e-12,0.0,0.0,7.629461432835209e-12,0.02269809734533266,True,True
resolution,N48,48,2.45,11.588346719223392,cpp,48,2,0.0001,2.220446049250313e-12,12,4,False,True,0.012430229947796854,0.005099518430278808,7,0.0084694046423856,7.312614319278277e-12,0.0,0.0,7.312614319278277e-12,0.020687573759661237,True,True
resolution,N48,48,2.46,11.704811539980854,cpp,48,2,0.0001,2.220446049250313e-12,12,4,False,True,0.012120842097345057,0.005195029978849289,7,0.007732008874689234,7.055285468577176e-12,0.0,0.0,7.055285468577176e-12,0.018866104533204666,True,True
resolution,N48,48,2.47,11.822446851646363,cpp,48,2,0.0001,2.220446049250313e-12,12,4,False,True,0.011833740564809509,0.0052846508028503835,7,0.007061657957635207,6.9672952960729695e-12,0.0,0.0,6.9672952960729695e-12,0.0172149359439264,True,True
resolution,N48,48,2.48,11.941264417849103,cpp,48,2,0.0001,2.220446049250313e-12,12,4,False,True,0.011567195863897513,0.0053686690012459855,7,0.006452018019251334,7.165962010536097e-12,0.0,0.0,7.165962010536097e-12,0.015717221256917678,True,True
resolution,N48,48,2.49,12.06127612044472,cpp,48,2,0.0001,2.220446049250313e-12,12,4,False,True,0.011319621988833,0.005447405145454437,7,0.005897368818681813,6.9787326924543325e-12,0.0,0.0,6.9787326924543325e-12,0.014357838450956733,True,True
resolution,N48,48,2.5,12.182493960703473,cpp,48,2,0.0001,2.220446049250313e-12,12,4,False,True,0.011089563146537251,0.005159993920653024,7,0.005392544171495087,7.265761352562247e-12,0.0,0.0,7.265761352562247e-12,0.013123219101637766,True,True
resolution,N48,48,2.51,12.30493006051041,cpp,48,2,0.0001,2.220446049250313e-12,12,4,False,True,0.01087568206285493,0.0047092041318752016,7,0.0049328780140392115,7.0021098991294504e-12,0.0,0.0,7.0021098991294504e-12,0.012001190209928663,True,True
resolution,N48,48,2.52,12.428596663577544,cpp,48,2,0.0001,2.220446049250313e-12,12,4,False,True,0.010676749587744436,0.004242169052160323,7,0.004514155572882055,7.2331469629139385e-12,0.0,0.0,7.2331469629139385e-12,0.010980829590905197,True,True
resolution,N48,48,2.53,12.55350613666823,cpp,48,2,0.0001,2.220446049250313e-12,12,4,False,True,0.010491635390732564,0.0037510199212351853,7,0.004132569175231314,6.832456730682274e-12,0.0,0.0,6.832456730682274e-12,0.01005233470009199,True,True
resolution,N48,48,2.54,12.679670970833877,cpp,48,2,0.0001,2.220446049250313e-12,12,4,False,True,0.010319299582443521,0.0032226611042448033,7,0.0037846782881999588,7.323200169517143e-12,0.0,0.0,7.323200169517143e-12,0.009206904330531144,True,True
resolution,N48,48,2.55,12.80710378266303,cpp,48,2,0.0001,2.220446049250313e-12,12,4,False,True,0.010158785134070439,0.0026322767775306894,7,0.0034673734137895596,7.05911013300342e-12,0.0,0.0,7.05911013300342e-12,0.008436632363948074,True,True
resolution,N48,48,2.56,12.935817315543076,cpp,48,2,0.0001,2.220446049250313e-12,12,4,False,True,0.010009210994825905,0.0019202070331393322,7,0.0031778434923529528,6.8360931533906424e-12,0.0,0.0,6.8360931533906424e-12,0.007734412637607573,True,True
resolution,N48,48,2.57,13.065824440934556,cpp,48,2,0.0001,2.220446049250313e-12,12,4,False,True,0.009869765822678806,0.0008049490307150374,7,0.002913546497702335,6.983221062048473e-12,0.0,0.0,6.983221062048473e-12,0.0070938539489912985,True,True
resolution,N48,48,2.58,13.197138159658358,cpp,48,2,0.0001,2.220446049250313e-12,12,4,False,True,0.009739702261034053,0.0014835558703904428,6,0.0026721829294615667,6.995780607671455e-12,0.0,0.0,6.995780607671455e-12,0.006509204232645494,True,True
resolution,N48,48,2.59,13.329771603195772,cpp,48,2,0.0001,2.220446049250313e-12,12,4,False,True,0.009618331706236306,0.002207032016828019,6,0.0024516719321071253,6.764443537007094e-12,0.0,0.0,6.764443537007094e-12,0.0059752829869642275,True,True
resolution,N48,48,2.6,13.463738035001692,cpp,48,2,0.0001,2.220446049250313e-12,12,4,False,True,0.009505019515872492,0.0027153661141068154,6,0.0022501297895633895,7.041903158954364e-12,0.0,0.0,7.041903158954364e-12,0.005487421089353473,True,True
resolution,N48,48,2.61,13.599050851830924,cpp,48,2,0.0001,2.220446049250313e-12,12,4,False,True,0.009399180617936343,0.003117378999396259,6,0.002065850568256325,6.914791541753118e-12,0.0,0.0,6.914791541753118e-12,0.005041407207165592,True,True
resolution,N48,48,2.62,13.735723585077926,cpp,48,2,0.0001,2.220446049250313e-12,12,4,False,True,0.009300275483926342,0.0032641351502665276,6,0.0018972886951468854,6.631857673602438e-12,0.0,0.0,6.631857673602438e-12,0.004633440083309975,True,True
resolution,N48,48,2.63,13.873769902129904,cpp,48,2,0.0001,2.220446049250313e-12,12,4,False,True,0.009207806435128479,0.0030795079320260882,6,0.0017430432847885535,6.931683740011566e-12,0.0,0.0,6.931683740011566e-12,0.0042600860457243815,True,True
resolution,N48,48,2.64,14.013203607733615,cpp,48,2,0.0001,2.220446049250313e-12,12,4,False,True,0.009121314252580308,0.00289520594855416,6,0.0016018440375180738,6.77665036176347e-12,0.0,0.0,6.77665036176347e-12,0.003918241156834482,True,True
resolution,N48,48,2.65,14.1540386453758,cpp,48,2,0.0001,2.220446049250313e-12,12,4,False,True,0.0090403750657525,0.002710463976480464,6,0.0014725385515382185,6.766153332778184e-12,0.0,0.0,6.766153332778184e-12,0.0036050974815071257,True,True
resolution,N48,48,2.66,14.296289098677603,cpp,48,2,0.0001,2.220446049250313e-12,12,4,False,True,0.008964597497745167,0.0025243554161003988,6,0.001354080908766919,6.834660130232693e-12,0.0,0.0,6.834660130232693e-12,0.003318113009215588,True,True
resolution,N48,48,2.67,14.43996919280288,cpp,48,2,0.0001,2.220446049250313e-12,12,4,False,True,0.008893620044139643,0.0023357197137156747,6,0.001245521402856664,6.824625261866684e-12,0.0,0.0,6.824625261866684e-12,0.00305498481815615,True,True
resolution,N48,48,2.68,14.585093295880792,cpp,48,2,0.0001,2.220446049250313e-12,12,4,False,True,0.008827108667922873,0.0021430449249958926,6,0.0011459972927534482,6.7913011050516516e-12,0.0,0.0,6.7913011050516516e-12,0.0028136251157336594,True,True
resolution,N48,48,2.69,14.73167592044257,cpp,48,2,0.0001,2.220446049250313e-12,12,4,False,True,0.00876475459228804,0.0019442661029995764,6,0.0010547244809885473,6.856430253528322e-12,0.0,0.0,6.856430253528322e-12,0.002592139831823023,True,True
resolution,N48,48,2.7,14.879731724872837,cpp,48,2,0.0001,2.220446049250313e-12,12,4,False,True,0.008706272275260597,0.0017363918401090293,6,0.000970990017533323,6.886240994155725e-12,0.0,0.0,6.886240994155725e-12,0.0023888094783709015,True,True
resolution,N48,48,2.71,15.029275514875401,cpp,48,2,0.0001,2.220446049250313e-12,12,4,False,True,0.008651397551156775,0.0015147383029571033,6,0.0008941453487144934,6.891777980301925e-12,0.0,0.0,6.891777980301925e-12,0.0022020720221948677,True,True
resolution,N48,48,2.72,15.1803222449539,cpp,48,2,0.0001,2.220446049250313e-12,12,4,False,True,0.008599885925062596,0.0012711128773277662,6,0.00082360023272419,6.749203233146124e-12,0.0,0.0,6.749203233146124e-12,0.0020305075469802154,True,True
resolution,N48,48,2.73,15.332887019907195,cpp,48,2,0.0001,2.220446049250313e-12,12,4,False,True,0.008551511008709656,0.0009884062563821714,6,0.0007588172553748125,6.743735800711141e-12,0.0,0.0,6.743735800711141e-12,0.0018728245065692654,True,True
resolution,N48,48,2.74,15.486985096339938,cpp,48,2,0.0001,2.220446049250313e-12,12,4,False,True,0.00850606308444632,0.0006159909937575336,6,0.0006993068832543093,6.805972932016399e-12,0.0,0.0,6.805972932016399e-12,0.0017278473944398322,True,True
resolution,N48,48,2.75,15.642631884188171,cpp,48,2,0.0001,2.220446049250313e-12,12,4,False,True,0.008463347788475205,0.00046632271713627644,6,0.0006446230015436711,6.730244076566251e-12,0.0,0.0,6.730244076566251e-12,0.0015945056745024578,True,True
resolution,N48,48,2.76,15.799842948260395,cpp,48,2,0.0001,2.220446049250313e-12,12,4,False,True,0.008423184902015688,0.000358248715930179,4,0.0005943588854503702,6.758148387931251e-12,0.0,0.0,6.758148387931251e-12,0.0014718238361382562,True,True
resolution,N48,48,2.77,15.958634009794029,cpp,48,2,0.0001,2.220446049250313e-12,12,4,False,True,0.008385407242333458,0.0008504045510225517,4,0.0005481435632935091,6.763513405055194e-12,0.0,0.0,6.763513405055194e-12,0.0013589124520967386,True,True
resolution,N48,48,2.78,16.119020948027543,cpp,48,2,0.0001,2.220446049250313e-12,12,4,False,True,0.00834985964509322,0.001134378554157281,4,0.000505638529264598,6.7732798788607834e-12,0.0,0.0,6.7732798788607834e-12,0.0012549601317370955,True,True
resolution,N48,48,2.79,16.28101980178843,cpp,48,2,0.0001,2.220446049250313e-12,12,4,False,True,0.008316398029890319,0.0013480987947385582,4,0.0004665347737755278,6.782991752074244e-12,0.0,0.0,6.782991752074244e-12,0.0011592262741975912,True,True
resolution,N48,48,2.8,16.444646771097048,cpp,48,2,0.0001,2.220446049250313e-12,12,4,False,True,0.008284888542813607,0.0015223504434410686,4,0.00043055009702330544,6.720825504241142e-12,0.0,0.0,6.720825504241142e-12,0.0010710345369365848,True,True
resolution,N48,48,2.81,16.6099182187867,cpp,48,2,0.0001,2.220446049250313e-12,12,4,False,True,0.008255206768881418,0.0016705474573715147,4,0.0003974266784059894,6.778333177215862e-12,0.0,0.0,6.778333177215862e-12,0.0009897669445027427,True,True
resolution,N48,48,2.82,16.776850672139872,cpp,48,2,0.0001,2.220446049250313e-12,12,4,False,True,0.008227237008920625,0.001800852586338613,4,0.0003669288769448724,6.716434707070431e-12,0.0,0.0,6.716434707070431e-12,0.0009148585707626963,True,True
resolution,N48,48,2.83,16.94546082454102,cpp,48,2,0.0001,2.220446049250313e-12,12,4,False,True,0.008200871615171867,0.001920042525517742,8,0.00033884123890931794,6.7604642338220065e-12,0.0,0.0,6.7604642338220065e-12,0.0008457927352177371,True,True
resolution,N48,48,2.84,17.115765537145876,cpp,48,2,0.0001,2.220446049250313e-12,12,4,False,True,0.008176010380896829,0.002012879159598594,8,0.00031296669281395223,6.7265902067938485e-12,0.0,0.0,6.7265902067938485e-12,0.0007820966605618444,True,True
resolution,N48,48,2.85,17.28778184056764,cpp,48,2,0.0001,2.220446049250313e-12,12,4,False,True,0.008152559979373263,0.0020966934854571816,8,0.0002891249125405511,6.734100511687736e-12,0.0,0.0,6.734100511687736e-12,0.0007233375443904928,True,True
resolution,N48,48,2.86,17.46152693657999,cpp,48,2,0.0001,2.220446049250313e-12,12,4,False,True,0.008130433448012949,0.0021728381882942034,8,0.0002671508339701863,6.7376395410617e-12,0.0,0.0,6.7376395410617e-12,0.000669119003097863,True,True
resolution,N48,48,2.87,17.63701819983732,cpp,48,2,0.0001,2.220446049250313e-12,12,4,False,True,0.008109549713983996,0.0022423676849243806,8,0.0002468933082816176,6.759102575856073e-12,0.0,0.0,6.759102575856073e-12,0.0006190778504825015,True,True
resolution,N48,48,2.88,17.814273179612197,cpp,48,2,0.0001,2.220446049250313e-12,12,4,False,True,0.00808983315778865,0.0023061246042402903,8,0.00022821387904741535,6.784914491233345e-12,0.0,0.0,6.784914491233345e-12,0.0005728811776385777,True,True
resolution,N48,48,2.89,17.993309601550315,cpp,48,2,0.0001,2.220446049250313e-12,12,4,False,True,0.008071213211513039,0.0023647960204595283,8,0.00021098567256847258,6.749030538972072e-12,0.0,0.0,6.749030538972072e-12,0.0005302237042119732,True,True
resolution,N48,48,2.9,18.17414536944306,cpp,48,2,0.0001,2.220446049250313e-12,12,4,False,True,0.00805362398908025,0.002418951547106676,8,0.00019509238875212964,6.743889046166304e-12,0.0,0.0,6.743889046166304e-12,0.0004908253742671753,True,True
resolution,N48,48,2.91,18.356798567017925,cpp,48,2,0.0001,2.220446049250313e-12,12,4,False,True,0.008037003945562511,0.0024690700302331513,8,0.0001804273840974213,6.727549963860198e-12,0.0,0.0,6.727549963860198e-12,0.00045442917282698456,True,True
resolution,N48,48,2.92,18.54128745974687,cpp,48,2,0.0001,2.220446049250313e-12,12,4,False,True,0.008021295563462712,0.0025155587910840635,8,0.00016689283775255963,6.7045123078470325e-12,0.0,0.0,6.7045123078470325e-12,0.00042079914164211337,True,True
resolution,N48,48,2.93,18.72763049667292,cpp,48,2,0.0001,2.220446049250313e-12,12,4,False,True,0.008006445063209642,0.0025516475345003778,4,0.00015439899259396867,6.74002498844073e-12,0.0,0.0,6.74002498844073e-12,0.00038971857490275626,True,True
resolution,N48,48,2.94,18.915846312255038,cpp,48,2,0.0001,2.220446049250313e-12,12,4,False,True,0.007992402136577587,0.0025877135518623065,4,0.00014286346426350204,6.729438855178721e-12,0.0,0.0,6.729438855178721e-12,0.00036098837766392213,True,True
resolution,N48,48,2.95,19.10595372823165,cpp,48,2,0.0001,2.220446049250313e-12,12,4,False,True,0.007979119700431405,0.002622310590931542,4,0.00013221061227778203,6.7411166953776186e-12,0.0,0.0,6.7411166953776186e-12,0.0003344255714387598,True,True
resolution,N48,48,2.96,19.297971755502758,cpp,48,2,0.0001,2.220446049250313e-12,12,4,False,True,0.007966553669591633,0.002655015813691118,4,0.00012237096675120799,6.74683515726083e-12,0.0,0.0,6.74683515726083e-12,0.0003098619330475337,True,True
resolution,N48,48,2.97,19.49191959603112,cpp,48,2,0.0001,2.220446049250313e-12,12,4,False,True,0.007954662747030258,0.0026858206743226977,4,0.00011328070601147427,6.718506522942031e-12,0.0,0.0,6.718506522942031e-12,0.00028714275413694744,True,True
resolution,N48,48,2.98,19.6878166447624,cpp,48,2,0.0001,2.220446049250313e-12,12,4,False,True,0.007943408230160822,0.002714804187903583,4,0.00010488118025531939,6.721893873039498e-12,0.0,0.0,6.721893873039498e-12,0.0002661257101258836,True,True
resolution,N48,48,2.99,19.88568249156473,cpp,48,2,0.0001,2.220446049250313e-12,12,4,False,True,0.007932753831646745,0.002742069105656207,4,9.711847699412695e-05,6.731121596000616e-12,0.0,0.0,6.731121596000616e-12,0.00024667982834359025,True,True
resolution,N48,48,3.0,20.085536923187668,cpp,48,2,0.0001,2.220446049250313e-12,12,4,False,True,0.007922665513828945,0.0027677224792835077,4,8.994302457770007e-05,6.746878628288596e-12,0.0,0.0,6.746878628288596e-12,0.00022868454624690607,True,True
resolution,N48,48,3.01,20.287399925240926,cpp,48,2,0.0001,2.220446049250313e-12,12,4,False,True,0.007913111335455374,0.0027918686048299013,4,8.330923000073589e-05,6.7215699837364954e-12,0.0,0.0,6.7215699837364954e-12,0.00021202885140478046,True,True
resolution,N48,48,3.02,20.49129168419294,cpp,48,2,0.0001,2.220446049250313e-12,12,4,False,True,0.007904061309935153,0.0028146063463903885,4,7.717514852283958e-05,6.695156215936437e-12,0.0,0.0,6.695156215936437e-12,0.00019661049577330604,True,True
resolution,N48,48,3.03,20.6972325893895,cpp,48,2,0.0001,2.220446049250313e-12,12,4,False,True,0.007895487273986958,0.0028360282332555793,4,7.15021812904615e-05,6.724851743837618e-12,0.0,0.0,6.724851743837618e-12,0.0001823352775417495,True,True
resolution,N48,48,3.04,20.905243235092758,cpp,48,2,0.0001,2.220446049250313e-12,12,4,False,True,0.007887362765992504,0.002856220328958371,4,6.625479954396814e-05,6.727410600591385e-12,0.0,0.0,6.727410600591385e-12,0.00016911638442552556,True,True
resolution,N48,48,3.05,21.11534442254061,cpp,48,2,0.0001,2.220446049250313e-12,12,4,False,True,0.007879662913188949,0.00287526244548113,4,6.140029184322805e-05,6.696448204586163e-12,0.0,0.0,6.696448204586163e-12,0.0001568737928751057,True,True
resolution,N48,48,3.06,21.327557162026903,cpp,48,2,0.0001,2.220446049250313e-12,12,4,False,True,0.007872364327142405,0.0028932285057507927,4,5.690853346797954e-05,6.727360671214109e-12,0.0,0.0,6.727360671214109e-12,0.00014553371821909714,True,True
resolution,N48,48,3.07,21.54190267500241,cpp,48,2,0.0001,2.220446049250313e-12,12,4,False,True,0.007865445006668142,0.0029101869605977783,4,5.2751774936240507e-05,6.719840758774363e-12,0.0,0.0,6.719840758774363e-12,0.0001350281112362177,True,True
resolution,N48,48,3.08,21.75840239619708,cpp,48,2,0.0001,2.220446049250313e-12,12,4,False,True,0.00785888424780354,0.00292620121314922,4,4.8904448739011456e-05,6.7254206584251385e-12,0.0,0.0,6.7254206584251385e-12,0.00012529419697511268,True,True
resolution,N48,48,3.09,21.977077975763418,cpp,48,2,0.0001,2.220446049250313e-12,12,4,False,True,0.007852662560112177,0.002941330028101029,4,4.5342992206319385e-05,6.719134935761774e-12,0.0,0.0,6.719134935761774e-12,0.0001162740522136994,True,True
resolution,N48,48,3.1,22.197951281441636,cpp,48,2,0.0001,2.220446049250313e-12,12,4,False,True,0.007846761588982488,0.00295562791611254,4,4.2045685347894824e-05,6.719677847354441e-12,0.0,0.0,6.719677847354441e-12,0.00010791421806447308,True,True
resolution,N64,64,2.31,10.074424655013587,cpp,64,2,0.0001,2.220446049250313e-12,12,4,False,True,0.019678690678346072,0.004536493663587935,8,0.033473688769633365,1.0250157577939386e-11,0.0,0.0,1.0250157577939386e-11,0.07757002000682191,False,False
resolution,N64,64,2.32,10.175674306073333,cpp,64,2,0.0001,2.220446049250313e-12,12,4,False,True,0.018751617478146982,0.004595376905454764,8,0.03039362259154759,9.604182573693317e-12,0.0,0.0,9.604182573693317e-12,0.07054119762116466,False,False
resolution,N64,64,2.33,10.277941533043448,cpp,64,2,0.0001,2.220446049250313e-12,12,4,False,True,0.017906695161390394,0.004628449329429404,8,0.027612089551553476,1.0213390925066618e-11,0.0,0.0,1.0213390925066618e-11,0.0640906101306036,False,False
resolution,N64,64,2.34,10.381236562731843,cpp,64,2,0.0001,2.220446049250313e-12,12,4,False,True,0.01713391398514478,0.004607285293053678,8,0.025096667901434996,9.442857738619918e-12,0.0,0.0,9.442857738619918e-12,0.05819971263383761,False,False
resolution,N64,64,2.35,10.485569724727576,cpp,64,2,0.0001,2.220446049250313e-12,12,4,False,True,0.01642513830544493,0.0044506201762532956,8,0.022819677161244434,8.58073485117697e-12,0.0,0.0,8.58073485117697e-12,0.05283859854825578,False,False
resolution,N64,64,2.36,10.59095145243378,cpp,64,2,0.0001,2.220446049250313e-12,12,4,False,True,0.015773615985991814,0.0035731764736047244,8,0.020757081761737368,9.060187406517835e-12,0.0,0.0,9.060187406517835e-12,0.04797142377093032,True,True
resolution,N64,64,2.37,10.697392284111054,cpp,64,2,0.0001,2.220446049250313e-12,12,4,False,True,0.015173639479550633,0.005279953221720552,9,0.018887737125661698,8.597118700905905e-12,0.0,0.0,8.597118700905905e-12,0.04355993660902033,True,True
resolution,N64,64,2.38,10.804902863931257,cpp,64,2,0.0001,2.220446049250313e-12,12,4,False,True,0.014620307991577536,0.006395556748339084,9,0.017192863098443017,9.49695381009936e-12,0.0,0.0,9.49695381009936e-12,0.03956572068714127,True,True
resolution,N64,64,2.39,10.913493943041976,cpp,64,2,0.0001,2.220446049250313e-12,12,4,False,True,0.014109357710427074,0.007085475701838207,9,0.015655667098834983,9.371316559566321e-12,0.0,0.0,9.371316559566321e-12,0.03595157103237432,True,True
resolution,N64,64,2.4,11.023176380641601,cpp,64,2,0.0001,2.220446049250313e-12,12,4,False,True,0.013637038433653255,0.007590908736081968,9,0.01426106564788625,8.881764477646777e-12,0.0,0.0,8.881764477646777e-12,0.03268229195413309,True,True
resolution,N64,64,2.41,11.133961145065307,cpp,64,2,0.0001,2.220446049250313e-12,12,4,False,True,0.013200022238074873,0.006928195813259796,7,0.012995470823702624,8.430313612298373e-12,0.0,0.0,8.430313612298373e-12,0.029725113793212198,True,True
resolution,N64,64,2.42,11.245859314881844,cpp,64,2,0.0001,2.220446049250313e-12,12,4,False,True,0.012795334581995109,0.006724421866188628,7,0.011846620104789618,8.750812307134269e-12,0.0,0.0,8.750812307134269e-12,0.027049862405504797,True,True
resolution,N64,64,2.43,11.358882080001457,cpp,64,2,0.0001,2.220446049250313e-12,12,4,False,True,0.012420301328338271,0.006418870148910007,7,0.010803435838828326,8.355685730949447e-12,0.0,0.0,8.355685730949447e-12,0.024628971824296898,True,True
resolution,N64,64,2.44,11.473040742794833,cpp,64,2,0.0001,2.220446049250313e-12,12,4,False,True,0.012072507223100132,0.006028993796721936,7,0.00985590562123376,8.577658404057847e-12,0.0,0.0,8.577658404057847e-12,0.022437400827299833,True,True
resolution,N64,64,2.45,11.588346719223392,cpp,64,2,0.0001,2.220446049250313e-12,12,4,False,True,0.011749762733176624,0.005641723132141149,7,0.00899497803856286,7.779859009824538e-12,0.0,0.0,7.779859009824538e-12,0.020452493856160957,True,True
resolution,N64,64,2.46,11.704811539980854,cpp,64,2,0.0001,2.220446049250313e-12,12,4,False,True,0.011450077074469043,0.005255985430621382,7,0.00821247026395734,8.49624038383461e-12,0.0,0.0,8.49624038383461e-12,0.018653812937984668,True,True
resolution,N64,64,2.47,11.822446851646363,cpp,64,2,0.0001,2.220446049250313e-12,12,4,False,True,0.01117163589682057,0.004870288058051487,7,0.0075009852172963866,8.492446827521268e-12,0.0,0.0,8.492446827521268e-12,0.017022957899030168,True,True
resolution,N64,64,2.48,11.941264417849103,cpp,64,2,0.0001,2.220446049250313e-12,12,4,False,True,0.01091278251854256,0.004482594877048416,7,0.0068538367836663335,8.038334173292468e-12,0.0,0.0,8.038334173292468e-12,0.015543385837791116,True,True
resolution,N64,64,2.49,12.06127612044472,cpp,64,2,0.0001,2.220446049250313e-12,12,4,False,True,0.010672001921813879,0.004090117965467379,7,0.006264982038696555,7.622453320916604e-12,0.0,0.0,7.622453320916604e-12,0.01420023657575131,True,True
resolution,N64,64,2.5,12.182493960703473,cpp,64,2,0.0001,2.220446049250313e-12,12,4,False,True,0.010447906924303366,0.003688950065849818,7,0.005728959714284673,8.144097506120484e-12,0.0,0.0,8.144097506120484e-12,0.012980167970932377,True,True
resolution,N64,64,2.51,12.30493006051041,cpp,64,2,0.0001,2.220446049250313e-12,12,4,False,True,0.010239226099901893,0.0032733766104219367,7,0.005240834304431953,7.982132424461745e-12,0.0,0.0,7.982132424461745e-12,0.01187120310992673,True,True
resolution,N64,64,2.52,12.428596663577544,cpp,64,2,0.0001,2.220446049250313e-12,12,4,False,True,0.010044793124832186,0.0028344787271868347,7,0.004796145311075041,8.013883378596472e-12,0.0,0.0,8.013883378596472e-12,0.010862590179958163,True,True
resolution,N64,64,2.53,12.55350613666823,cpp,64,2,0.0001,2.220446049250313e-12,12,4,False,True,0.009863537312214397,0.0020610270206200747,7,0.004390861192558358,8.010526707635488e-12,0.0,0.0,8.010526707635488e-12,0.009944675051812535,True,True
resolution,N64,64,2.54,12.679670970833877,cpp,64,2,0.0001,2.220446049250313e-12,12,4,False,True,0.00969447514263171,0.0006150689303533011,7,0.004021337628525367,8.414565295648413e-12,0.0,0.0,8.414565295648413e-12,0.009108786132579583,True,True
resolution,N64,64,2.55,12.80710378266303,cpp,64,2,0.0001,2.220446049250313e-12,12,4,False,True,0.009536702651461691,0.0011361674860848583,6,0.003684279731602825,7.759332650614022e-12,0.0,0.0,7.759332650614022e-12,0.00834713077469845,True,True
resolution,N64,64,2.56,12.935817315543076,cpp,64,2,0.0001,2.220446049250313e-12,12,4,False,True,0.00938938855557675,0.0011382441487959888,6,0.003376707874009506,7.994997626101952e-12,0.0,0.0,7.994997626101952e-12,0.007652702387408492,True,True
resolution,N64,64,2.57,13.065824440934556,cpp,64,2,0.0001,2.220446049250313e-12,12,4,False,True,0.009251768028938968,0.0017291118447682944,6,0.0030959268131100447,8.04330034532735e-12,0.0,0.0,8.04330034532735e-12,0.007019197342168411,True,True
resolution,N64,64,2.58,13.197138159658358,cpp,64,2,0.0001,2.220446049250313e-12,12,4,False,True,0.009123137051342118,0.0021635238309745688,6,0.002839497818724211,7.653244155597915e-12,0.0,0.0,7.653244155597915e-12,0.006440940763507518,True,True
resolution,N64,64,2.59,13.329771603195772,cpp,64,2,0.0001,2.220446049250313e-12,12,4,False,True,0.009002847267946692,0.0025057361051107913,6,0.0026052135358929735,7.859087400477248e-12,0.0,0.0,7.859087400477248e-12,0.005912820329944833,True,True
resolution,N64,64,2.6,13.463738035001692,cpp,64,2,0.0001,2.220446049250313e-12,12,4,False,True,0.008890301307206977,0.0027885598575561727,6,0.0023910753236023766,7.917483886895546e-12,0.0,0.0,7.917483886895546e-12,0.0054302272623128,True,True
resolution,N64,64,2.61,13.599050851830924,cpp,64,2,0.0001,2.220446049250313e-12,12,4,False,True,0.008784948511036849,0.003029267994712915,6,0.0021952728362025216,7.698650217365761e-12,0.0,0.0,7.698650217365761e-12,0.0049890037388213215,True,True
resolution,N64,64,2.62,13.735723585077926,cpp,64,2,0.0001,2.220446049250313e-12,12,4,False,True,0.008686281038869113,0.003238165974573548,6,0.002016165635019131,7.831864079685934e-12,0.0,0.0,7.831864079685934e-12,0.004585396042443652,True,True
resolution,N64,64,2.63,13.873769902129904,cpp,64,2,0.0001,2.220446049250313e-12,12,4,False,True,0.008593830309877998,0.0034219882962124304,6,0.0018522666318663867,7.635388685917216e-12,0.0,0.0,7.635388685917216e-12,0.004216012811790191,True,True
resolution,N64,64,2.64,14.013203607733615,cpp,64,2,0.0001,2.220446049250313e-12,12,4,False,True,0.008507163753819559,0.003585432179981794,6,0.001702227182469106,7.753020043150701e-12,0.0,0.0,7.753020043150701e-12,0.0038777878300642827,True,True
resolution,N64,64,2.65,14.1540386453758,cpp,64,2,0.0001,2.220446049250313e-12,12,4,False,True,0.008425881841476121,0.0037319353765499865,6,0.0015648236680164004,7.796952395407093e-12,0.0,0.0,7.796952395407093e-12,0.0035679468459094603,True,True
resolution,N64,64,2.66,14.296289098677603,cpp,64,2,0.0001,2.220446049250313e-12,12,4,False,True,0.008349615370837437,0.0038641078482770227,6,0.0014389454166236864,7.8042826692788e-12,0.0,0.0,7.8042826692788e-12,0.0032839779747395794,True,True
resolution,N64,64,2.67,14.43996919280288,cpp,64,2,0.0001,2.220446049250313e-12,12,4,False,True,0.00827802298682415,0.003983988796473367,6,0.0013235838296914123,7.676180549969816e-12,0.0,0.0,7.676180549969816e-12,0.0030236052790764316,True,True
resolution,N64,64,2.68,14.585093295880792,cpp,64,2,0.0001,2.220446049250313e-12,12,4,False,True,0.008210788912788636,0.004093208516660004,6,0.0012178225895702792,7.71431718051148e-12,0.0,0.0,7.71431718051148e-12,0.0027847651713903206,True,True
resolution,N64,64,2.69,14.73167592044257,cpp,64,2,0.0001,2.220446049250313e-12,12,4,False,True,0.008147620876955992,0.004193095061110846,6,0.001120828842375188,7.663486882438575e-12,0.0,0.0,7.663486882438575e-12,0.0025655853234943663,True,True
resolution,N64,64,2.7,14.879731724872837,cpp,64,2,0.0001,2.220446049250313e-12,12,4,False,True,0.008088248215286635,0.004284747226015287,6,0.0010318452548233664,7.723146857703379e-12,0.0,0.0,7.723146857703379e-12,0.0023643658025639222,True,True
resolution,N64,64,2.71,15.029275514875401,cpp,64,2,0.0001,2.220446049250313e-12,12,4,False,True,0.008032420136626178,0.004369086095903038,6,0.0009501828564123153,7.772608830318315e-12,0.0,0.0,7.772608830318315e-12,0.0021795621860623915,True,True
resolution,N64,64,2.72,15.1803222449539,cpp,64,2,0.0001,2.220446049250313e-12,12,4,False,True,0.007979904134961965,0.004446892435334053,6,0.0008752145888337661,7.710128725305663e-12,0.0,0.0,7.710128725305663e-12,0.0020097704363214943,True,True
resolution,N64,64,2.73,15.332887019907195,cpp,64,2,0.0001,2.220446049250313e-12,12,4,False,True,0.007930484536471803,0.004518834445665033,6,0.0008063694882455527,7.698822679354464e-12,0.0,0.0,7.698822679354464e-12,0.0018537133407687716,True,True
resolution,N64,64,2.74,15.486985096339938,cpp,64,2,0.0001,2.220446049250313e-12,12,4,False,True,0.007883961169858828,0.004585488785592939,6,0.0007431274383591289,7.703506332565015e-12,0.0,0.0,7.703506332565015e-12,0.001710228346126141,True,True
resolution,N64,64,2.75,15.642631884188171,cpp,64,2,0.0001,2.220446049250313e-12,12,4,False,True,0.00784014814816988,0.004647356769588449,6,0.0006850144355569304,7.687194404021779e-12,0.0,0.0,7.687194404021779e-12,0.0015782566346069235,True,True
resolution,N64,64,2.76,15.799842948260395,cpp,64,2,0.0001,2.220446049250313e-12,12,4,False,True,0.007798872753688743,0.004704877043961023,6,0.0006315983134555888,7.758648430746178e-12,0.0,0.0,7.758648430746178e-12,0.0014568333075293393,True,True
resolution,N64,64,2.77,15.958634009794029,cpp,64,2,0.0001,2.220446049250313e-12,12,4,False,True,0.00775997441575266,0.0047584356423820634,6,0.000582484883328015,7.638719755847433e-12,0.0,0.0,7.638719755847433e-12,0.0013450785570718934,True,True
resolution,N64,64,2.78,16.119020948027543,cpp,64,2,0.0001,2.220446049250313e-12,12,4,False,True,0.007723303773865889,0.004808374058697831,6,0.0005373144443568228,7.646789658656202e-12,0.0,0.0,7.646789658656202e-12,0.0012421897205376364,True,True
resolution,N64,64,2.79,16.28101980178843,cpp,64,2,0.0001,2.220446049250313e-12,12,4,False,True,0.007688721818838244,0.004854995799324406,6,0.0004957586310380549,7.612777590394489e-12,0.0,0.0,7.612777590394489e-12,0.001147434123276192,True,True
resolution,N64,64,2.8,16.444646771097048,cpp,64,2,0.0001,2.220446049250313e-12,12,4,False,True,0.007656099104691718,0.0048985717533191935,6,0.00045751756010860555,7.635707726722056e-12,0.0,0.0,7.635707726722056e-12,0.00106014262710503,True,True
resolution,N64,64,2.81,16.6099182187867,cpp,64,2,0.0001,2.220446049250313e-12,12,4,False,True,0.00762531502558766,0.004939344631904365,6,0.0004223172505612627,7.616118634612152e-12,0.0,0.0,7.616118634612152e-12,0.0009797038102503316,True,True
resolution,N64,64,2.82,16.776850672139872,cpp,64,2,0.0001,2.220446049250313e-12,12,4,False,True,0.007596257151662805,0.0049775326691623555,6,0.0003899072868059481,7.60065266575039e-12,0.0,0.0,7.60065266575039e-12,0.0009055587130994904,True,True
resolution,N64,64,2.83,16.94546082454102,cpp,64,2,0.0001,2.220446049250313e-12,12,4,False,True,0.007568820619458474,0.005013332727609765,6,0.0003600587031024906,7.636022257141755e-12,0.0,0.0,7.636022257141755e-12,0.0008371960912695242,True,True
resolution,N64,64,2.84,17.115765537145876,cpp,64,2,0.0001,2.220446049250313e-12,12,4,False,True,0.0075429075709528915,0.005046922923685524,6,0.000332562066057465,7.626422410202476e-12,0.0,0.0,7.626422410202476e-12,0.000774148123975326,True,True
resolution,N64,64,2.85,17.28778184056764,cpp,64,2,0.0001,2.220446049250313e-12,12,4,False,True,0.007518426638478895,0.005078464859479205,6,0.0003072257365330775,7.715348423666883e-12,0.0,0.0,7.715348423666883e-12,0.0007159865312383743,True,True
resolution,N64,64,2.86,17.46152693657999,cpp,64,2,0.0001,2.220446049250313e-12,12,4,False,True,0.007495292470527407,0.005108105531078156,6,0.00028387429283039387,7.591940884076754e-12,0.0,0.0,7.591940884076754e-12,0.0006623190585890326,True,True
resolution,N64,64,2.87,17.63701819983732,cpp,64,2,0.0001,2.220446049250313e-12,12,4,False,True,0.007473425295306322,0.005135978968944962,6,0.00026234710067488316,7.609914761292042e-12,0.0,0.0,7.609914761292042e-12,0.0006127862923604483,True,True
resolution,N64,64,2.88,17.814273179612197,cpp,64,2,0.0001,2.220446049250313e-12,12,4,False,True,0.007452750518967958,0.005162207654192954,6,0.000242497013891855,7.667332586387686e-12,0.0,0.0,7.667332586387686e-12,0.0005670587725309263,True,True
resolution,N64,64,2.89,17.993309601550315,cpp,64,2,0.0001,2.220446049250313e-12,12,4,False,True,0.007433198355236312,0.005186903747499856,6,0.00022418919526775869,7.59423136091199e-12,0.0,0.0,7.59423136091199e-12,0.0005248343736428463,True,True
resolution,N64,64,2.9,18.17414536944306,cpp,64,2,0.0001,2.220446049250313e-12,12,4,False,True,0.007414703484016193,0.005210170159839831,6,0.00020730004442570663,7.606442047197497e-12,0.0,0.0,7.606442047197497e-12,0.000485835927419814,True,True
resolution,N64,64,2.91,18.356798567017925,cpp,64,2,0.0001,2.220446049250313e-12,12,4,False,True,0.0073972047367880465,0.005232101488315032,6,0.00019171622354601254,7.628328576713552e-12,0.0,0.0,7.628328576713552e-12,0.0004498090634183667,True,True
resolution,N64,64,2.92,18.54128745974687,cpp,64,2,0.0001,2.220446049250313e-12,12,4,False,True,0.007380644805729735,0.005252784838068742,6,0.00017733377094339984,7.621736101271248e-12,0.0,0.0,7.621736101271248e-12,0.0004165202465663087,True,True
resolution,N64,64,2.93,18.72763049667292,cpp,64,2,0.0001,2.220446049250313e-12,12,4,False,True,0.007364969975723446,0.0052723005457590375,6,0.00016405729487442284,7.629003931859401e-12,0.0,0.0,7.629003931859401e-12,0.0003857549925620882,True,True
resolution,N64,64,2.94,18.915846312255038,cpp,64,2,0.0001,2.220446049250313e-12,12,4,False,True,0.00735012987619436,0.005290722819406204,6,0.00015179923916065177,7.595948580511729e-12,0.0,0.0,7.595948580511729e-12,0.0003573162440928518,True,True
resolution,N64,64,2.95,19.10595372823165,cpp,64,2,0.0001,2.220446049250313e-12,12,4,False,True,0.007336077252311088,0.005308120304730318,6,0.00014047921504091988,7.595687074988076e-12,0.0,0.0,7.595687074988076e-12,0.00033102289255924027,True,True
resolution,N64,64,2.96,19.297971755502758,cpp,64,2,0.0001,2.220446049250313e-12,12,4,False,True,0.007322767752787145,0.005324556589114815,6,0.00013002339155698166,7.650223354039928e-12,0.0,0.0,7.650223354039928e-12,0.0003067084315201713,True,True
resolution,N64,64,2.97,19.49191959603112,cpp,64,2,0.0001,2.220446049250313e-12,12,4,False,True,0.007310159733920283,0.005340090650693542,6,0.00012036394092111846,7.650862612918593e-12,0.0,0.0,7.650862612918593e-12,0.0002842197294694293,True,True
resolution,N64,64,2.98,19.6878166447624,cpp,64,2,0.0001,2.220446049250313e-12,12,4,False,True,0.007298214078088742,0.005354777259158238,6,0.00011143853184480778,7.614713607543333e-12,0.0,0.0,7.614713607543333e-12,0.00026341591078672916,True,True
resolution,N64,64,2.99,19.88568249156473,cpp,64,2,0.0001,2.220446049250313e-12,12,4,False,True,0.00728689402548033,0.005368667335614562,6,0.0001031898679649266,7.616482857932627e-12,0.0,0.0,7.616482857932627e-12,0.00024416733482842437,True,True
resolution,N64,64,3.0,20.085536923187668,cpp,64,2,0.0001,2.220446049250313e-12,12,4,False,True,0.00727616501818738,0.0053818082749492145,6,9.55652663367419e-05,7.654749685835386e-12,0.0,0.0,7.654749685835386e-12,0.000226354664059206,True,True
resolution,N64,64,3.01,20.287399925240926,cpp,64,2,0.0001,2.220446049250313e-12,12,4,False,True,0.0072659945556754575,0.005393742108503735,6,8.851627260884667e-05,7.609620922340721e-12,0.0,0.0,7.609620922340721e-12,0.00020986801306695373,True,True
resolution,N64,64,3.02,20.49129168419294,cpp,64,2,0.0001,2.220446049250313e-12,12,4,False,True,0.007256352060692703,0.005380687532266522,6,8.199830978175419e-05,7.624594564698962e-12,0.0,0.0,7.624594564698962e-12,0.00019460617107563825,True,True
resolution,N64,64,3.03,20.6972325893895,cpp,64,2,0.0001,2.220446049250313e-12,12,4,False,True,0.007247208754617641,0.005368284730597276,6,7.597035695442972e-05,7.625966643716436e-12,0.0,0.0,7.625966643716436e-12,0.00018047589127419186,True,True
resolution,N64,64,3.04,20.905243235092758,cpp,64,2,0.0001,2.220446049250313e-12,12,4,False,True,0.007238537541876912,0.005356500388951939,6,7.03946561146167e-05,7.623091433999557e-12,0.0,0.0,7.623091433999557e-12,0.00016739124094792364,True,True
resolution,N64,64,3.05,21.11534442254061,cpp,64,2,0.0001,2.220446049250313e-12,12,4,False,True,0.007230312902436617,0.005345302960722828,6,6.523644354406572e-05,7.635680001464521e-12,0.0,0.0,7.635680001464521e-12,0.00015527300690971538,True,True
resolution,N64,64,3.06,21.327557162026903,cpp,64,2,0.0001,2.220446049250313e-12,12,4,False,True,0.007222510791862619,0.005334662568187978,6,6.04637047029746e-05,7.621957648090716e-12,0.0,0.0,7.621957648090716e-12,0.00014404815134515624,True,True
resolution,N64,64,3.07,21.54190267500241,cpp,64,2,0.0001,2.220446049250313e-12,12,4,False,True,0.007215108548255183,0.005324550909355031,6,5.604694940943837e-05,7.613743030735517e-12,0.0,0.0,7.613743030735517e-12,0.0001336493135657222,True,True
resolution,N64,64,3.08,21.75840239619708,cpp,64,2,0.0001,2.220446049250313e-12,12,4,False,True,0.007208084805812579,0.00531494117040679,6,5.1959006533092604e-05,7.657190252598303e-12,0.0,0.0,7.657190252598303e-12,0.00012401435358453145,True,True
resolution,N64,64,3.09,21.977077975763418,cpp,64,2,0.0001,2.220446049250313e-12,12,4,False,True,0.007201419414188424,0.005305807943394067,6,4.817483565283979e-05,7.631810943298073e-12,0.0,0.0,7.631810943298073e-12,0.00011508593390557526,True,True
resolution,N64,64,3.1,22.197951281441636,cpp,64,2,0.0001,2.220446049250313e-12,12,4,False,True,0.0071950933633224785,0.005297127148736145,6,4.467135477458906e-05,7.625682535907997e-12,0.0,0.0,7.625682535907997e-12,0.0001068111361193312,True,True
resolution,N96,96,2.31,10.074424655013587,cpp,96,2,0.0001,2.220446049250313e-12,12,4,False,True,0.01953083901115519,0.006049508333327684,8,0.034965962453103745,1.9127917990198304e-11,0.0,0.0,1.9127917990198304e-11,0.07674185813589803,False,False
resolution,N96,96,2.32,10.175674306073333,cpp,96,2,0.0001,2.220446049250313e-12,12,4,False,True,0.01841914286503685,0.006092214634225444,8,0.03176117056072732,2.0117563625702014e-11,0.0,0.0,2.0117563625702014e-11,0.06981390653664718,False,False
resolution,N96,96,2.33,10.277941533043448,cpp,96,2,0.0001,2.220446049250313e-12,12,4,False,True,0.017439066527959006,0.006136710416097786,8,0.028864672712093187,2.0902211454158246e-11,0.0,0.0,2.0902211454158246e-11,0.0634504205537718,False,False
resolution,N96,96,2.34,10.381236562731843,cpp,96,2,0.0001,2.220446049250313e-12,12,4,False,True,0.016571591463404842,0.006179031899526621,8,0.026243383516281155,2.0583433846048143e-11,0.0,0.0,2.0583433846048143e-11,0.057634848293009654,False,False
resolution,N96,96,2.35,10.485569724727576,cpp,96,2,0.0001,2.220446049250313e-12,12,4,False,True,0.015800442807758757,0.006214637544802022,8,0.02386901216248505,2.030597527160768e-11,0.0,0.0,2.030597527160768e-11,0.052339005103380055,False,False
resolution,N96,96,2.36,10.59095145243378,cpp,96,2,0.0001,2.220446049250313e-12,12,4,False,True,0.015111805590972045,0.006237312498360607,8,0.021716948811294177,2.0192605759350124e-11,0.0,0.0,2.0192605759350124e-11,0.04752851909994186,True,True
resolution,N96,96,2.37,10.697392284111054,cpp,96,2,0.0001,2.220446049250313e-12,12,4,False,True,0.014494012144352775,0.006236528750008958,8,0.019765501523253626,2.0752689250842748e-11,0.0,0.0,2.0752689250842748e-11,0.043166389417491347,True,True
resolution,N96,96,2.38,10.804902863931257,cpp,96,2,0.0001,2.220446049250313e-12,12,4,False,True,0.013937243034846251,0.00558115981724291,8,0.01799536575830614,2.004986655955405e-11,0.0,0.0,2.004986655955405e-11,0.03921525872703473,True,True
resolution,N96,96,2.39,10.913493943041976,cpp,96,2,0.0001,2.220446049250313e-12,12,4,False,True,0.01343325513334181,0.0020357727448709496,8,0.01638924661153264,1.9095252861259995e-11,0.0,0.0,1.9095252861259995e-11,0.03563881735560848,True,True
resolution,N96,96,2.4,11.023176380641601,cpp,96,2,0.0001,2.220446049250313e-12,12,4,False,True,0.012975138910853959,0.005324766702425687,9,0.014931580928847412,2.0556516634727847e-11,0.0,0.0,2.0556516634727847e-11,0.03240262635849909,True,True
resolution,N96,96,2.41,11.133961145065307,cpp,96,2,0.0001,2.220446049250313e-12,12,4,False,True,0.012557104072912141,0.005975573507596852,9,0.013608324882240676,2.0802929708532836e-11,0.0,0.0,2.0802929708532836e-11,0.029474556221133714,True,True
resolution,N96,96,2.42,11.245859314881844,cpp,96,2,0.0001,2.220446049250313e-12,12,4,False,True,0.012174292425852608,0.005463011820190423,9,0.01240678491277939,2.0093077188677973e-11,0.0,0.0,2.0093077188677973e-11,0.026824975111152897,True,True
resolution,N96,96,2.43,11.358882080001457,cpp,96,2,0.0001,2.220446049250313e-12,12,4,False,True,0.011822616851189582,0.004941679976000062,9,0.011315477997522633,2.078666208997295e-11,0.0,0.0,2.078666208997295e-11,0.02442677739372593,True,True
resolution,N96,96,2.44,11.473040742794833,cpp,96,2,0.0001,2.220446049250313e-12,12,4,False,True,0.011498624889390597,0.004405739869135437,9,0.010324012397440302,2.0802737837582608e-11,0.0,0.0,2.0802737837582608e-11,0.022255313487616838,True,True
resolution,N96,96,2.45,11.588346719223392,cpp,96,2,0.0001,2.220446049250313e-12,12,4,False,True,0.011199384872006585,0.00384612336084955,9,0.009422983344669185,1.9757673571820715e-11,0.0,0.0,1.9757673571820715e-11,0.020288261873239018,True,True
resolution,N96,96,2.46,11.704811539980854,cpp,96,2,0.0001,2.220446049250313e-12,12,4,False,True,0.010922392083595116,0.003247991219069446,7,0.00860388019210514,2.0147852825809584e-11,0.0,0.0,2.0147852825809584e-11,0.01850547024336894,True,True
resolution,N96,96,2.47,11.822446851646363,cpp,96,2,0.0001,2.220446049250313e-12,12,4,False,True,0.010665492206338726,0.0025853174307014747,7,0.007859002807436554,2.0014184192263195e-11,0.0,0.0,2.0014184192263195e-11,0.016888783390568613,True,True
resolution,N96,96,2.48,11.941264417849103,cpp,96,2,0.0001,2.220446049250313e-12,12,4,False,True,0.010426819318894266,0.0018150451737404768,7,0.007181385779376144,1.9782446054871512e-11,0.0,0.0,1.9782446054871512e-11,0.015421869060836872,True,True
resolution,N96,96,2.49,12.06127612044472,cpp,96,2,0.0001,2.220446049250313e-12,12,4,False,True,0.010204745914003633,0.0013354544764170096,7,0.006564729459275067,2.0335932920308966e-11,0.0,0.0,2.0335932920308966e-11,0.014090048714176224,True,True
resolution,N96,96,2.5,12.182493960703473,cpp,96,2,0.0001,2.220446049250313e-12,12,4,False,True,0.009997842691009567,0.00205723496837695,7,0.006003337129038202,2.010483069285284e-11,0.0,0.0,2.010483069285284e-11,0.012880137262884431,True,True
resolution,N96,96,2.51,12.30493006051041,cpp,96,2,0.0001,2.220446049250313e-12,12,4,False,True,0.00980484621600757,0.0023605822533843863,7,0.005492057747978918,1.9854742308184715e-11,0.0,0.0,1.9854742308184715e-11,0.01178029395761054,True,True
resolution,N96,96,2.52,12.428596663577544,cpp,96,2,0.0001,2.220446049250313e-12,12,4,False,True,0.009624632862391954,0.0010141373350556631,7,0.005026233823419246,1.9862604098980067e-11,0.0,0.0,1.9862604098980067e-11,0.010779885349795851,True,True
resolution,N96,96,2.53,12.55350613666823,cpp,96,2,0.0001,2.220446049250313e-12,12,4,False,True,0.009456197743837451,0.0017993469341575745,6,0.004601653998031031,1.997683036170175e-11,0.0,0.0,1.997683036170175e-11,0.009869360466115909,True,True
resolution,N96,96,2.54,12.679670970833877,cpp,96,2,0.0001,2.220446049250313e-12,12,4,False,True,0.009298637603722956,0.0026908964385178205,6,0.004214509986803107,2.0280773224281674e-11,0.0,0.0,2.0280773224281674e-11,0.00904013783975275,True,True
resolution,N96,96,2.55,12.80710378266303,cpp,96,2,0.0001,2.220446049250313e-12,12,4,False,True,0.009151136840124433,0.003316018561240418,6,0.00386135752005307,2.009266842231917e-11,0.0,0.0,2.009266842231917e-11,0.00828450375552606,True,True
resolution,N96,96,2.56,12.935817315543076,cpp,96,2,0.0001,2.220446049250313e-12,12,4,False,True,0.009012956015834805,0.0038101248973511845,6,0.0035390809623833874,2.020376755199681e-11,0.0,0.0,2.020376755199681e-11,0.007595520912973638,True,True
resolution,N96,96,2.57,13.065824440934556,cpp,96,2,0.0001,2.220446049250313e-12,12,4,False,True,0.008883422345186192,0.00422112461416661,6,0.003244861303200892,2.0194651010898256e-11,0.0,0.0,2.0194651010898256e-11,0.00696694664647381,True,True
resolution,N96,96,2.58,13.197138159658358,cpp,96,2,0.0001,2.220446049250313e-12,12,4,False,True,0.008761921755773599,0.004572932156424334,6,0.0029761472270912054,2.0013355929897386e-11,0.0,0.0,2.0013355929897386e-11,0.006393159833066241,True,True
resolution,N96,96,2.59,13.329771603195772,cpp,96,2,0.0001,2.220446049250313e-12,12,4,False,True,0.008647892213248753,0.00484839256733759,6,0.0027306289920214547,2.0089593152542483e-11,0.0,0.0,2.0089593152542483e-11,0.005869095644938245,True,True
resolution,N96,96,2.6,13.463738035001692,cpp,96,2,0.0001,2.220446049250313e-12,12,4,False,True,0.008540818062698663,0.004999320892085116,6,0.0025062148578470196,2.070842055663339e-11,0.0,0.0,2.070842055663339e-11,0.005390187350444605,True,True
resolution,N96,96,2.61,13.599050851830924,cpp,96,2,0.0001,2.220446049250313e-12,12,4,False,True,0.008440225193469507,0.005136163927445051,6,0.0023010098331090723,1.9933815270937763e-11,0.0,0.0,1.9933815270937763e-11,0.004952314425217979,True,True
resolution,N96,96,2.62,13.735723585077926,cpp,96,2,0.0001,2.220446049250313e-12,12,4,False,True,0.008345676876038387,0.005260743093737347,6,0.0021132965211878743,2.0090740567714937e-11,0.0,0.0,2.0090740567714937e-11,0.0045517562971072135,True,True
resolution,N96,96,2.63,13.873769902129904,cpp,96,2,0.0001,2.220446049250313e-12,12,4,False,True,0.00825677015128371,0.005374558920065571,6,0.0019415178575030237,2.0138092329671048e-11,0.0,0.0,2.0138092329671048e-11,0.004185151111442812,True,True
resolution,N96,96,2.64,14.013203607733615,cpp,96,2,0.0001,2.220446049250313e-12,12,4,False,True,0.008173132675705352,0.005478863907548306,6,0.0017842615652884,1.9957848987415317e-11,0.0,0.0,1.9957848987415317e-11,0.003849458963808987,True,True
resolution,N96,96,2.65,14.1540386453758,cpp,96,2,0.0001,2.220446049250313e-12,12,4,False,True,0.00809441994859711,0.0055747152627419515,6,0.0016402461527137433,1.9826005762502765e-11,0.0,0.0,1.9826005762502765e-11,0.0035419291047861013,True,True
resolution,N96,96,2.66,14.296289098677603,cpp,96,2,0.0001,2.220446049250313e-12,12,4,False,True,0.00802031285915829,0.005663013959597904,6,0.001508308303502892,1.990890000182793e-11,0.0,0.0,1.990890000182793e-11,0.0032600706741089725,True,True
resolution,N96,96,2.67,14.43996919280288,cpp,96,2,0.0001,2.220446049250313e-12,12,4,False,True,0.007950515505648733,0.00574453426419559,6,0.001387391517561349,1.9942713385959353e-11,0.0,0.0,1.9942713385959353e-11,0.0030016265702079398,True,True
resolution,N96,96,2.68,14.585093295880792,cpp,96,2,0.0001,2.220446049250313e-12,12,4,False,True,0.007884753246195968,0.005819946445430726,6,0.0012765358831192102,2.006742157850727e-11,0.0,0.0,2.006742157850727e-11,0.0027645501049345734,True,True
resolution,N96,96,2.69,14.73167592044257,cpp,96,2,0.0001,2.220446049250313e-12,12,4,False,True,0.007822770949699992,0.005889834517099757,6,0.0011748688601529033,1.984512307743068e-11,0.0,0.0,1.984512307743068e-11,0.0025469841327558297,True,True
resolution,N96,96,2.7,14.879731724872837,cpp,96,2,0.0001,2.220446049250313e-12,12,4,False,True,0.007764331419552034,0.005954710287252784,6,0.0010815969759663732,2.0119063352815117e-11,0.0,0.0,2.0119063352815117e-11,0.0023472423790499475,True,True
resolution,N96,96,2.71,15.029275514875401,cpp,96,2,0.0001,2.220446049250313e-12,12,4,False,True,0.007709213968585214,0.006015024619859104,6,0.0009959983410463755,1.987240649552241e-11,0.0,0.0,1.987240649552241e-11,0.0021637927234952705,True,True
resolution,N96,96,2.72,15.1803222449539,cpp,96,2,0.0001,2.220446049250313e-12,12,4,False,True,0.007657213127041343,0.006071176558189702,6,0.0009174159011425219,2.0049772284759516e-11,0.0,0.0,2.0049772284759516e-11,0.001995242222608128,True,True
resolution,N96,96,2.73,15.332887019907195,cpp,96,2,0.0001,2.220446049250313e-12,12,4,False,True,0.007608137467219107,0.006123520789621658,6,0.0008452513517625672,1.998066777927209e-11,0.0,0.0,1.998066777927209e-11,0.001840323680099468,True,True
resolution,N96,96,2.74,15.486985096339938,cpp,96,2,0.0001,2.220446049250313e-12,12,4,False,True,0.0075618085330189985,0.006172373806080516,6,0.000778959646855759,2.01248229151298e-11,0.0,0.0,2.01248229151298e-11,0.0016978835958025803,True,True
resolution,N96,96,2.75,15.642631884188171,cpp,96,2,0.0001,2.220446049250313e-12,12,4,False,True,0.007518059861715613,0.006218019027524355,6,0.0007180440441691461,1.9867686792813284e-11,0.0,0.0,1.9867686792813284e-11,0.001566871343139553,True,True
resolution,N96,96,2.76,15.799842948260395,cpp,96,2,0.0001,2.220446049250313e-12,12,4,False,True,0.007476736089438214,0.006260711094707796,6,0.0006620516303033592,2.0032642330930052e-11,0.0,0.0,2.0032642330930052e-11,0.0014463294423142984,True,True
resolution,N96,96,2.77,15.958634009794029,cpp,96,2,0.0001,2.220446049250313e-12,12,4,False,True,0.007437692131560668,0.006300679489591229,6,0.000610569278890812,2.0321006641465165e-11,0.0,0.0,2.0321006641465165e-11,0.001335384811420328,True,True
resolution,N96,96,2.78,16.119020948027543,cpp,96,2,0.0001,2.220446049250313e-12,12,4,False,True,0.007400792430376416,0.006338131606283346,6,0.000563219998245782,2.016671271939778e-11,0.0,0.0,2.016671271939778e-11,0.0012332408911402068,True,True
resolution,N96,96,2.79,16.28101980178843,cpp,96,2,0.0001,2.220446049250313e-12,12,4,False,True,0.007365910264276034,0.006373255370886455,6,0.0005196596289712368,2.0006897507950882e-11,0.0,0.0,2.0006897507950882e-11,0.0011391705502234103,True,True
resolution,N96,96,2.8,16.444646771097048,cpp,96,2,0.0001,2.220446049250313e-12,12,4,False,True,0.007332927112211669,0.006406221487832845,6,0.00047957385714492525,1.9961233916626388e-11,0.0,0.0,1.9961233916626388e-11,0.001052509689637595,True,True
resolution,N96,96,2.81,16.6099182187867,cpp,96,2,0.0001,2.220446049250313e-12,12,4,False,True,0.007301732068800507,0.006437185375174824,6,0.0004426755115272362,2.0102650347495986e-11,0.0,0.0,2.0102650347495986e-11,0.0009726514721397081,True,True
resolution,N96,96,2.82,16.776850672139872,cpp,96,2,0.0001,2.220446049250313e-12,12,4,False,True,0.007272221305080751,0.00646628883876072,6,0.0004087021157965109,1.9993379467172794e-11,0.0,0.0,1.9993379467172794e-11,0.0008990411123492587,True,True
resolution,N96,96,2.83,16.94546082454102,cpp,96,2,0.0001,2.220446049250313e-12,12,4,False,True,0.007244297571777464,0.006493661527534382,6,0.0003774136727079547,2.0073525416710894e-11,0.0,0.0,2.0073525416710894e-11,0.0008311711694411639,True,True
resolution,N96,96,2.84,17.115765537145876,cpp,96,2,0.0001,2.220446049250313e-12,12,4,False,True,0.007217869740327358,0.0065194222017002255,6,0.00034859065518277784,2.0018661528447832e-11,0.0,0.0,2.0018661528447832e-11,0.0007685772909436164,True,True
resolution,N96,96,2.85,17.28778184056764,cpp,96,2,0.0001,2.220446049250313e-12,12,4,False,True,0.007192852379364115,0.006543679843995111,6,0.00032203218549929966,2.005041977855938e-11,0.0,0.0,2.005041977855938e-11,0.0007108343617231917,True,True
resolution,N96,96,2.86,17.46152693657999,cpp,96,2,0.0001,2.220446049250313e-12,12,4,False,True,0.007169165363145918,0.006566534634653403,6,0.00029755438299332136,1.9996279376837162e-11,0.0,0.0,1.9996279376837162e-11,0.0006575530172058583,True,True
resolution,N96,96,2.87,17.63701819983732,cpp,96,2,0.0001,2.220446049250313e-12,12,4,False,True,0.007146733509756451,0.006588078810723693,6,0.000274988865633548,1.9999812436792348e-11,0.0,0.0,1.9999812436792348e-11,0.0006083764842393392,True,True
resolution,N96,96,2.88,17.814273179612197,cpp,96,2,0.0001,2.220446049250313e-12,12,4,False,True,0.007125486245927825,0.006608397425799581,6,0.00025418138905032475,2.0057523463604627e-11,0.0,0.0,2.0057523463604627e-11,0.0005629777169900678,True,True
resolution,N96,96,2.89,17.993309601550315,cpp,96,2,0.0001,2.220446049250313e-12,12,4,False,True,0.007105357297148328,0.00661195994249066,6,0.0002349906101941209,2.0042133886075785e-11,0.0,0.0,2.0042133886075785e-11,0.0005210567985667397,True,True
resolution,N96,96,2.9,18.17414536944306,cpp,96,2,0.0001,2.220446049250313e-12,12,4,False,True,0.007086284400328866,0.006593159696939979,6,0.00021728696420000482,2.0003980931934406e-11,0.0,0.0,2.0003980931934406e-11,0.00048233858233321926,True,True
resolution,N96,96,2.91,18.356798567017925,cpp,96,2,0.0001,2.220446049250313e-12,12,4,False,True,0.007068209037688138,0.006575301010943557,6,0.00020095164356924677,1.997540877604677e-11,0.0,0.0,1.997540877604677e-11,0.00044657054939573537,True,True
resolution,N96,96,2.92,18.54128745974687,cpp,96,2,0.0001,2.220446049250313e-12,12,4,False,True,0.007051076189874708,0.0065583353633263735,6,0.00018587566860826546,1.9974386103211857e-11,0.0,0.0,1.9974386103211857e-11,0.00041352086137551677,True,True
resolution,N96,96,2.93,18.72763049667292,cpp,96,2,0.0001,2.220446049250313e-12,12,4,False,True,0.0070348341069705065,0.006542216839502732,6,0.00017195904302097793,2.0043238439407642e-11,0.0,0.0,2.0043238439407642e-11,0.0003829765895497732,True,True
resolution,N96,96,2.94,18.915846312255038,cpp,96,2,0.0001,2.220446049250313e-12,12,4,False,True,0.0070194340959323955,0.00652690198454912,6,0.000159109983961196,2.0037718863589775e-11,0.0,0.0,2.0037718863589775e-11,0.00035474210351970264,True,True
resolution,N96,96,2.95,19.10595372823165,cpp,96,2,0.0001,2.220446049250313e-12,12,4,False,True,0.007004830323146067,0.006512349665106272,6,0.00014724422170824967,2.0052924708923495e-11,0.0,0.0,2.0052924708923495e-11,0.00032863760420212144,True,True
resolution,N96,96,2.96,19.297971755502758,cpp,96,2,0.0001,2.220446049250313e-12,12,4,False,True,0.006990979631008749,0.0064985209390085,6,0.00013628436086329443,1.9998172431940885e-11,0.0,0.0,1.9998172431940885e-11,0.0003044977874901903,True,True
resolution,N96,96,2.97,19.49191959603112,cpp,96,2,0.0001,2.220446049250313e-12,12,4,False,True,0.006977841367436872,0.0064853789327208086,6,0.00012615929887707178,2.001598371604108e-11,0.0,0.0,2.001598371604108e-11,0.00028217062628919736,True,True
resolution,N96,96,2.98,19.6878166447624,cpp,96,2,0.0001,2.220446049250313e-12,12,4,False,True,0.0069653772271921046,0.006472888725750317,6,0.00011680369512649014,1.9993557508566608e-11,0.0,0.0,1.9993557508566608e-11,0.0002615162598888311,True,True
resolution,N96,96,2.99,19.88568249156473,cpp,96,2,0.0001,2.220446049250313e-12,12,4,False,True,0.006953551104251293,0.006461017241804329,6,0.00010815748685275627,2.0091298752273435e-11,0.0,0.0,2.0091298752273435e-11,0.00024240598068220586,True,True
resolution,N96,96,3.0,20.085536923187668,cpp,96,2,0.0001,2.220446049250313e-12,12,4,False,True,0.006942328954548248,0.006449733146405959,6,0.00010016544756749758,2.001636288122051e-11,0.0,0.0,2.001636288122051e-11,0.00022472130924461417,True,True
resolution,N96,96,3.01,20.287399925240926,cpp,96,2,0.0001,2.220446049250313e-12,12,4,False,True,0.0069316786678129995,0.006439006750386505,6,9.277678361479935e-05,1.9987467777813454e-11,0.0,0.0,1.9987467777813454e-11,0.00020835314967746995,True,True
resolution,N96,96,3.02,20.49129168419294,cpp,96,2,0.0001,2.220446049250313e-12,12,4,False,True,0.006921569948391488,0.006428809919059404,6,8.594476568837927e-05,2.0071922843588295e-11,0.0,0.0,2.0071922843588295e-11,0.00019320101787318074,True,True
resolution,N96,96,3.03,20.6972325893895,cpp,96,2,0.0001,2.220446049250313e-12,12,4,False,True,0.006911974203967472,0.006419115986662063,6,7.962639262063839e-05,2.0046612558519442e-11,0.0,0.0,2.0046612558519442e-11,0.00017917233607837039,True,True
resolution,N96,96,3.04,20.905243235092758,cpp,96,2,0.0001,2.220446049250313e-12,12,4,False,True,0.006902864441863881,0.006409899675770376,6,7.378208353339042e-05,2.004939751382619e-11,0.0,0.0,2.004939751382619e-11,0.000166181787820338,True,True
resolution,N96,96,3.05,21.11534442254061,cpp,96,2,0.0001,2.220446049250313e-12,12,4,False,True,0.006894215172200312,0.006401137021394587,6,6.837539649929066e-05,2.005751460673873e-11,0.0,0.0,2.005751460673873e-11,0.00015415072768569272,True,True
resolution,N96,96,3.06,21.327557162026903,cpp,96,2,0.0001,2.220446049250313e-12,12,4,False,True,0.006886002317521947,0.006392805299465845,6,6.337277158554473e-05,2.0048413857082994e-11,0.0,0.0,2.0048413857082994e-11,0.00014300664116123808,True,True
resolution,N96,96,3.07,21.54190267500241,cpp,96,2,0.0001,2.220446049250313e-12,12,4,False,True,0.006878203128295643,0.006384882959483793,6,5.8743295197670964e-05,2.004218620388142e-11,0.0,0.0,2.004218620388142e-11,0.0001326826499937091,True,True
resolution,N96,96,3.08,21.75840239619708,cpp,96,2,0.0001,2.220446049250313e-12,12,4,False,True,0.006870796104066931,0.006377349560994487,6,5.445848468523778e-05,2.003341684912791e-11,0.0,0.0,2.003341684912791e-11,0.00012311705913621053,True,True
resolution,N96,96,3.09,21.977077975763418,cpp,96,2,0.0001,2.220446049250313e-12,12,4,False,True,0.006863760919613358,0.006370185713754801,6,5.049209108495521e-05,2.0018728088779697e-11,0.0,0.0,2.0018728088779697e-11,0.00011425294152435198,True,True
resolution,N96,96,3.1,22.197951281441636,cpp,96,2,0.0001,2.220446049250313e-12,12,4,False,True,0.0068570783559353315,0.0063633730212620055,6,4.681991852280238e-05,2.0059579028257232e-11,0.0,0.0,2.0059579028257232e-11,0.00010603775749519355,True,True
resolution,N128,128,2.31,10.074424655013587,cpp,128,2,0.0001,2.220446049250313e-12,12,4,False,True,0.01951269917289313,0.003968901798360108,8,0.03551935363078383,5.000554397718937e-11,0.0,0.0,5.000554397718937e-11,0.07645677536142259,False,False
resolution,N128,128,2.32,10.175674306073333,cpp,128,2,0.0001,2.220446049250313e-12,12,4,False,True,0.018417076918487065,0.004847795573458774,8,0.03226892347673695,5.175246896070173e-11,0.0,0.0,5.175246896070173e-11,0.06956346220890011,False,False
resolution,N128,128,2.33,10.277941533043448,cpp,128,2,0.0001,2.220446049250313e-12,12,4,False,True,0.017455449224739964,0.005575239633439624,8,0.029330233548543243,5.1076100942143974e-11,0.0,0.0,5.1076100942143974e-11,0.06322990123698263,False,False
resolution,N128,128,2.34,10.381236562731843,cpp,128,2,0.0001,2.220446049250313e-12,12,4,False,True,0.01660770697422872,0.006199686068499387,8,0.026669991399317472,4.9730092371082736e-11,0.0,0.0,4.9730092371082736e-11,0.05744021980159066,False,False
resolution,N128,128,2.35,10.485569724727576,cpp,128,2,0.0001,2.220446049250313e-12,12,4,False,True,0.015856629318174144,0.006678196333647545,8,0.02425971065459546,5.0005953799228803e-11,0.0,0.0,5.0005953799228803e-11,0.05216682086702398,False,False
resolution,N128,128,2.36,10.59095145243378,cpp,128,2,0.0001,2.220446049250313e-12,12,4,False,True,0.015187667559336905,0.006717087061667914,8,0.022074592785816225,5.011421755854956e-11,0.0,0.0,5.011421755854956e-11,0.0473758354796312,True,True
resolution,N128,128,2.37,10.697392284111054,cpp,128,2,0.0001,2.220446049250313e-12,12,4,False,True,0.014588647230234836,0.006749308294892258,8,0.02009276199937741,4.973275032359895e-11,0.0,0.0,4.973275032359895e-11,0.04303069045982544,True,True
resolution,N128,128,2.38,10.804902863931257,cpp,128,2,0.0001,2.220446049250313e-12,12,4,False,True,0.014049447495129245,0.006770240891899442,8,0.018294734334094762,5.1373435881303594e-11,0.0,0.0,5.1373435881303594e-11,0.03909439087315065,True,True
resolution,N128,128,2.39,10.913493943041976,cpp,128,2,0.0001,2.220446049250313e-12,12,4,False,True,0.013561688461682013,0.005596130177559679,8,0.016663040393413972,5.033456320944592e-11,0.0,0.0,5.033456320944592e-11,0.0355309336204385,True,True
resolution,N128,128,2.4,11.023176380641601,cpp,128,2,0.0001,2.220446049250313e-12,12,4,False,True,0.013118442490168483,0.0030390381906282276,8,0.015181948343045832,5.0387025857945445e-11,0.0,0.0,5.0387025857945445e-11,0.03230613904638303,True,True
resolution,N128,128,2.41,11.133961145065307,cpp,128,2,0.0001,2.220446049250313e-12,12,4,False,True,0.012713977837097356,0.00340176472618016,7,0.013837252436179257,5.0064638485563067e-11,0.0,0.0,5.0064638485563067e-11,0.02938809709632631,True,True
resolution,N128,128,2.42,11.245859314881844,cpp,128,2,0.0001,2.220446049250313e-12,12,4,False,True,0.012343537978232845,0.004843737272286627,9,0.01261610478917034,5.193595203332069e-11,0.0,0.0,5.193595203332069e-11,0.0267473619524739,True,True
resolution,N128,128,2.43,11.358882080001457,cpp,128,2,0.0001,2.220446049250313e-12,12,4,False,True,0.012003156417924925,0.004246503195478766,9,0.011506876285464842,5.1493380715681875e-11,0.0,0.0,5.1493380715681875e-11,0.024356985948895116,True,True
resolution,N128,128,2.44,11.473040742794833,cpp,128,2,0.0001,2.220446049250313e-12,12,4,False,True,0.01168950440275882,0.003612381020871878,9,0.01049903773486865,5.1649006320111315e-11,0.0,0.0,5.1649006320111315e-11,0.022192453958943776,True,True
resolution,N128,128,2.45,11.588346719223392,cpp,128,2,0.0001,2.220446049250313e-12,12,4,False,True,0.011399767624813442,0.0029176120331920337,9,0.009583055757184721,4.9881370845522356e-11,0.0,0.0,4.9881370845522356e-11,0.02023155918787981,True,True
resolution,N128,128,2.46,11.704811539980854,cpp,128,2,0.0001,2.220446049250313e-12,12,4,False,True,0.011131547508560753,0.0021238999728988395,9,0.008750299938232627,5.071988522141707e-11,0.0,0.0,5.071988522141707e-11,0.018454247476131568,True,True
resolution,N128,128,2.47,11.822446851646363,cpp,128,2,0.0001,2.220446049250313e-12,12,4,False,True,0.01088278275791784,0.0013610397055509502,9,0.007992959078324135,5.025710437827194e-11,0.0,0.0,5.025710437827194e-11,0.0168424478097954,True,True
resolution,N128,128,2.48,11.941264417849103,cpp,128,2,0.0001,2.220446049250313e-12,12,4,False,True,0.010651687261978529,0.0021052707309641996,9,0.007303965132471024,5.111990204694528e-11,0.0,0.0,5.111990204694528e-11,0.015379900356748372,True,True
resolution,N128,128,2.49,12.06127612044472,cpp,128,2,0.0001,2.220446049250313e-12,12,4,False,True,0.010436701010814876,0.0027413611872932507,7,0.006676923897423443,5.132353149696741e-11,0.0,0.0,5.132353149696741e-11,0.014051989044436688,True,True
resolution,N128,128,2.5,12.182493960703473,cpp,128,2,0.0001,2.220446049250313e-12,12,4,False,True,0.010236451256995719,0.0028045326509617908,7,0.006106051766542825,5.0510234074001065e-11,0.0,0.0,5.0510234074001065e-11,0.012845582813350118,True,True
resolution,N128,128,2.51,12.30493006051041,cpp,128,2,0.0001,2.220446049250313e-12,12,4,False,True,0.010049721691365502,0.001723684930280801,7,0.005586118025997855,5.078047515103482e-11,0.0,0.0,5.078047515103482e-11,0.01174888776853943,True,True
resolution,N128,128,2.52,12.428596663577544,cpp,128,2,0.0001,2.220446049250313e-12,12,4,False,True,0.009875427868033252,0.0012754317150185063,6,0.005112392257865412,5.0727451418837466e-11,0.0,0.0,5.0727451418837466e-11,0.010751311201306983,True,True
resolution,N128,128,2.53,12.55350613666823,cpp,128,2,0.0001,2.220446049250313e-12,12,4,False,True,0.009712597493568039,0.0024378842420405265,6,0.004680596451077136,5.130680949709944e-11,0.0,0.0,5.130680949709944e-11,0.009843337652219031,True,True
resolution,N128,128,2.54,12.679670970833877,cpp,128,2,0.0001,2.220446049250313e-12,12,4,False,True,0.009560354506999586,0.0031612811076573485,6,0.004286861478099705,5.052544063965542e-11,0.0,0.0,5.052544063965542e-11,0.009016416689625759,True,True
resolution,N128,128,2.55,12.80710378266303,cpp,128,2,0.0001,2.220446049250313e-12,12,4,False,True,0.00941790611980269,0.003713869849394201,6,0.003927687580293755,5.074373225656134e-11,0.0,0.0,5.074373225656134e-11,0.008262861784838546,True,True
resolution,N128,128,2.56,12.935817315543076,cpp,128,2,0.0001,2.220446049250313e-12,12,4,False,True,0.00928453217428603,0.004165946872635336,6,0.0035999085598137316,5.156758367860865e-11,0.0,0.0,5.156758367860865e-11,0.007575759507806143,True,True
resolution,N128,128,2.57,13.065824440934556,cpp,128,2,0.0001,2.220446049250313e-12,12,4,False,True,0.009159576328735593,0.004549120217839622,6,0.003300659357354778,5.096559138698992e-11,0.0,0.0,5.096559138698992e-11,0.006948888198668192,True,True
resolution,N128,128,2.58,13.197138159658358,cpp,128,2,0.0001,2.220446049250313e-12,12,4,False,True,0.009042438687476746,0.004881020371292926,6,0.003027346740570202,5.074365687538635e-11,0.0,0.0,5.074365687538635e-11,0.006376645259215383,True,True
resolution,N128,128,2.59,13.329771603195772,cpp,128,2,0.0001,2.220446049250313e-12,12,4,False,True,0.008932569583098158,0.0051727650416377,6,0.002777622823558187,5.103137795393479e-11,0.0,0.0,5.103137795393479e-11,0.005853982232282778,True,True
resolution,N128,128,2.6,13.463738035001692,cpp,128,2,0.0001,2.220446049250313e-12,12,4,False,True,0.008829464283302557,0.005431949994543973,6,0.0025493611646336626,5.0880410888494407e-11,0.0,0.0,5.0880410888494407e-11,0.005376346882094709,True,True
resolution,N128,128,2.61,13.599050851830924,cpp,128,2,0.0001,2.220446049250313e-12,12,4,False,True,0.008732658445786117,0.00566406674377041,6,0.0023406352059329575,5.098367412875679e-11,0.0,0.0,5.098367412875679e-11,0.0049396315446137325,True,True
resolution,N128,128,2.62,13.735723585077926,cpp,128,2,0.0001,2.220446049250313e-12,12,4,False,True,0.008641724183902815,0.005834141369472709,6,0.0021496988367448963,5.1525934131582005e-11,0.0,0.0,5.1525934131582005e-11,0.004540127077961233,True,True
resolution,N128,128,2.63,13.873769902129904,cpp,128,2,0.0001,2.220446049250313e-12,12,4,False,True,0.008556266633880715,0.005936485648743186,6,0.001974968875147258,5.110593709279646e-11,0.0,0.0,5.110593709279646e-11,0.004174481804564963,True,True
resolution,N128,128,2.64,14.013203607733615,cpp,128,2,0.0001,2.220446049250313e-12,12,4,False,True,0.008475920940281066,0.006030637669670404,6,0.0018150092853354179,5.12236719040273e-11,0.0,0.0,5.12236719040273e-11,0.003839664896626918,True,True
resolution,N128,128,2.65,14.1540386453758,cpp,128,2,0.0001,2.220446049250313e-12,12,4,False,True,0.008400349590278088,0.006117450214241931,6,0.0016685169597856044,5.089729020704588e-11,0.0,0.0,5.089729020704588e-11,0.0035329337129307043,True,True
resolution,N128,128,2.66,14.296289098677603,cpp,128,2,0.0001,2.220446049250313e-12,12,4,False,True,0.008329240044230602,0.00619766019554005,6,0.0015343089122340347,5.1287474974463953e-11,0.0,0.0,5.1287474974463953e-11,0.0032518046475608266,True,True
resolution,N128,128,2.67,14.43996919280288,cpp,128,2,0.0001,2.220446049250313e-12,12,4,False,True,0.008262302618454046,0.006271908576228664,6,0.0014113107418659324,5.1162887896179716e-11,0.0,0.0,5.1162887896179716e-11,0.002994027098981245,True,True
resolution,N128,128,2.68,14.585093295880792,cpp,128,2,0.0001,2.220446049250313e-12,12,4,False,True,0.00819926858441506,0.006340756121679005,6,0.0012985462405420908,5.1255492639705925e-11,0.0,0.0,5.1255492639705925e-11,0.00275756021147136,True,True
resolution,N128,128,2.69,14.73167592044257,cpp,128,2,0.0001,2.220446049250313e-12,12,4,False,True,0.008139888456722517,0.006404696007556746,6,0.0011951280291419338,5.1064411138291353e-11,0.0,0.0,5.1064411138291353e-11,0.0025405520800203005,True,True
resolution,N128,128,2.7,14.879731724872837,cpp,128,2,0.0001,2.220446049250313e-12,12,4,False,True,0.008083930444733189,0.006464164022819572,6,0.00110024911983278,5.1446295344223755e-11,0.0,0.0,5.1446295344223755e-11,0.002341321144830599,True,True
resolution,N128,128,2.71,15.029275514875401,cpp,128,2,0.0001,2.220446049250313e-12,12,4,False,True,0.00803117904904155,0.006519546906096039,6,0.0010131753097556116,5.1034861643228955e-11,0.0,0.0,5.1034861643228955e-11,0.002158339532757594,True,True
resolution,N128,128,2.72,15.1803222449539,cpp,128,2,0.0001,2.220446049250313e-12,12,4,False,True,0.007981433785247587,0.00657118921743594,6,0.0009332383223977002,5.12203202533756e-11,0.0,0.0,5.12203202533756e-11,0.0019902181307781676,True,True
resolution,N128,128,2.73,15.332887019907195,cpp,128,2,0.0001,2.220446049250313e-12,12,4,False,True,0.007934508021405422,0.00661939904720095,6,0.0008598296226015827,5.11650493552354e-11,0.0,0.0,5.11650493552354e-11,0.0018356932012490576,True,True
resolution,N128,128,2.74,15.486985096339938,cpp,128,2,0.0001,2.220446049250313e-12,12,4,False,True,0.007890227916600056,0.006664452794475879,6,0.0007923948350796175,5.126904655523627e-11,0.0,0.0,5.126904655523627e-11,0.0016936143703222982,True,True
resolution,N128,128,2.75,15.642631884188171,cpp,128,2,0.0001,2.220446049250313e-12,12,4,False,True,0.007848431450916024,0.006664784160142603,6,0.0007304287064344358,5.137654769439761e-11,0.0,0.0,5.137654769439761e-11,0.0015629338403292537,True,True
resolution,N128,128,2.76,15.799842948260395,cpp,128,2,0.0001,2.220446049250313e-12,12,4,False,True,0.00780896753685725,0.006623346079553807,6,0.0006734705565524091,5.120079632722562e-11,0.0,0.0,5.120079632722562e-11,0.0014426966938591516,True,True
resolution,N128,128,2.77,15.958634009794029,cpp,128,2,0.0001,2.220446049250313e-12,12,4,False,True,0.0077716952047184006,0.006584026520958288,6,0.0006211001693261545,5.1134890655516234e-11,0.0,0.0,5.1134890655516234e-11,0.0013320321722465676,True,True
resolution,N128,128,2.78,16.119020948027543,cpp,128,2,0.0001,2.220446049250313e-12,12,4,False,True,0.0077364828552677675,0.006546713944285921,6,0.0005729340786048925,5.136143783362717e-11,0.0,0.0,5.136143783362717e-11,0.001230145824503541,True,True
resolution,N128,128,2.79,16.28101980178843,cpp,128,2,0.0001,2.220446049250313e-12,12,4,False,True,0.007703207572600417,0.006511302793357438,6,0.000528622210957109,5.126630078724704e-11,0.0,0.0,5.126630078724704e-11,0.001136312434433032,True,True
resolution,N128,128,2.8,16.444646771097048,cpp,128,2,0.0001,2.220446049250313e-12,12,4,False,True,0.00767175449290082,0.006477693190230424,6,0.0004878448478694926,5.1273374130493077e-11,0.0,0.0,5.1273374130493077e-11,0.0010498696439555585,True,True
resolution,N128,128,2.81,16.6099182187867,cpp,128,2,0.0001,2.220446049250313e-12,12,4,False,True,0.007642016222917599,0.00644579063990004,6,0.00045030987757622195,5.130540688226821e-11,0.0,0.0,5.130540688226821e-11,0.0009702121998232823,True,True
resolution,N128,128,2.82,16.776850672139872,cpp,128,2,0.0001,2.220446049250313e-12,12,4,False,True,0.007613892304796451,0.006415505746690095,6,0.00041575030649783205,5.134772067743993e-11,0.0,0.0,5.134772067743993e-11,0.0008967867589769721,True,True
resolution,N128,128,2.83,16.94546082454102,cpp,128,2,0.0001,2.220446049250313e-12,12,4,False,True,0.007587288722751551,0.006386753942012109,6,0.00038392200468546065,5.140930497137591e-11,0.0,0.0,5.140930497137591e-11,0.0008290871949100119,True,True
resolution,N128,128,2.84,17.115765537145876,cpp,128,2,0.0001,2.220446049250313e-12,12,4,False,True,0.007562117448062057,0.0063594552246263175,6,0.00035460166393761107,5.118593190233103e-11,0.0,0.0,5.118593190233103e-11,0.0007666503536901161,True,True
resolution,N128,128,2.85,17.28778184056764,cpp,128,2,0.0001,2.220446049250313e-12,12,4,False,True,0.0075382960191797055,0.0063335339123842095,6,0.00032758494480513263,5.138068811737806e-11,0.0,0.0,5.138068811737806e-11,0.0007090522139213997,True,True
resolution,N128,128,2.86,17.46152693657999,cpp,128,2,0.0001,2.220446049250313e-12,12,4,False,True,0.007515747154211636,0.00630891840656125,6,0.00030268479740146843,5.130784222255815e-11,0.0,0.0,5.130784222255815e-11,0.0006559044097840816,True,True
resolution,N128,128,2.87,17.63701819983732,cpp,128,2,0.0001,2.220446049250313e-12,12,4,False,True,0.0074943983926911185,0.00628554096726452,6,0.0002797299367210086,5.142219147110735e-11,0.0,0.0,5.142219147110735e-11,0.0006068510807554112,True,True
resolution,N128,128,2.88,17.814273179612197,cpp,128,2,0.0001,2.220446049250313e-12,12,4,False,True,0.007474181764608203,0.006263337500873032,6,0.0002585634580801387,5.1274674184688116e-11,0.0,0.0,5.1274674184688116e-11,0.0005615660154338574,True,True
resolution,N128,128,2.89,17.993309601550315,cpp,128,2,0.0001,2.220446049250313e-12,12,4,False,True,0.007455033484227989,0.006242247358395913,6,0.00023904158072764073,5.127831486827261e-11,0.0,0.0,5.127831486827261e-11,0.0005197500603307864,True,True
resolution,N128,128,2.9,18.17414536944306,cpp,128,2,0.0001,2.220446049250313e-12,12,4,False,True,0.007436893666913331,0.0062222131446075125,6,0.00022103250443787645,5.136204115938543e-11,0.0,0.0,5.136204115938543e-11,0.0004811287676210519,True,True
resolution,N128,128,2.91,18.356798567017925,cpp,128,2,0.0001,2.220446049250313e-12,12,4,False,True,0.007419706066685926,0.006203180537398926,6,0.00020441537162913838,5.1283853840940424e-11,0.0,0.0,5.1283853840940424e-11,0.0004454502584708611,True,True
resolution,N128,128,2.92,18.54128745974687,cpp,128,2,0.0001,2.220446049250313e-12,12,4,False,True,0.00740341783341024,0.006185098117043319,6,0.00018907932201789934,5.1336982966109173e-11,0.0,0.0,5.1336982966109173e-11,0.0004124832810328215,True,True
resolution,N128,128,2.93,18.72763049667292,cpp,128,2,0.0001,2.220446049250313e-12,12,4,False,True,0.007387979287632573,0.006167917205314231,6,0.00017492263321806134,5.123100255588041e-11,0.0,0.0,5.123100255588041e-11,0.0003820154443660636,True,True
resolution,N128,128,2.94,18.915846312255038,cpp,128,2,0.0001,2.220446049250313e-12,12,4,False,True,0.007373343711822453,0.006151591713089982,6,0.00016185193815348225,5.136597342298569e-11,0.0,0.0,5.136597342298569e-11,0.00035385161138750743,True,True
resolution,N128,128,2.95,19.10595372823165,cpp,128,2,0.0001,2.220446049250313e-12,12,4,False,True,0.00735946715663432,0.006136077996727617,6,0.00014978151237197176,5.134948020655983e-11,0.0,0.0,5.134948020655983e-11,0.0003278124357590955,True,True
resolution,N128,128,2.96,19.297971755502758,cpp,128,2,0.0001,2.220446049250313e-12,12,4,False,True,0.007346308261256183,0.00612133472258312,6,0.00013863262436482698,5.126633698350485e-11,0.0,0.0,5.126633698350485e-11,0.00030373302907196807,True,True
resolution,N128,128,2.97,19.49191959603112,cpp,128,2,0.0001,2.220446049250313e-12,12,4,False,True,0.007333828086426146,0.0061073227392992434,6,0.00012833294384583706,5.125232726029712e-11,0.0,0.0,5.125232726029712e-11,0.00028146174609140583,True,True
resolution,N128,128,2.98,19.6878166447624,cpp,128,2,0.0001,2.220446049250313e-12,12,4,False,True,0.007321989959304258,0.006094004957258306,6,0.00011881600203430264,5.120014626843158e-11,0.0,0.0,5.120014626843158e-11,0.00026085907703095296,True,True
resolution,N128,128,2.99,19.88568249156473,cpp,128,2,0.0001,2.220446049250313e-12,12,4,False,True,0.007310759329348523,0.006081346234960332,6,0.00011002069915648928,5.129515006728751e-11,0.0,0.0,5.129515006728751e-11,0.00024179663689931593,True,True
resolution,N128,128,3.0,20.085536923187668,cpp,128,2,0.0001,2.220446049250313e-12,12,4,False,True,0.007300103634185371,0.006069313271965929,6,0.00010189085506721192,5.1312526614685687e-11,0.0,0.0,5.1312526614685687e-11,0.0002241562429999945,True,True
resolution,N128,128,3.01,20.287399925240926,cpp,128,2,0.0001,2.220446049250313e-12,12,4,False,True,0.007289992174845873,0.006057874507803933,6,9.437479894125913e-05,5.1328207843133583e-11,0.0,0.0,5.1328207843133583e-11,0.0002078290724445756,True,True
resolution,N128,128,3.02,20.49129168419294,cpp,128,2,0.0001,2.220446049250313e-12,12,4,False,True,0.007280395999580681,0.0060470000269399506,6,8.742499469242589e-05,5.1354063126078664e-11,0.0,0.0,5.1354063126078664e-11,0.0001927148924050574,True,True
resolution,N128,128,3.03,20.6972325893895,cpp,128,2,0.0001,2.220446049250313e-12,12,4,False,True,0.00727128779570808,0.006036661469035193,6,8.099769862422452e-05,5.1375816985546095e-11,0.0,0.0,5.1375816985546095e-11,0.00017872135650703273,True,True
resolution,N128,128,3.04,20.905243235092758,cpp,128,2,0.0001,2.220446049250313e-12,12,4,False,True,0.007262641788710673,0.0060268319442268355,6,7.505264625402089e-05,5.1347401225185486e-11,0.0,0.0,5.1347401225185486e-11,0.0001657633613799463,True,True
resolution,N128,128,3.05,21.11534442254061,cpp,128,2,0.0001,2.220446049250313e-12,12,4,False,True,0.007254433648223439,0.00601748595347467,6,6.95527665935608e-05,5.127101378976565e-11,0.0,0.0,5.127101378976565e-11,0.00015376245796349747,True,True
resolution,N128,128,3.06,21.327557162026903,cpp,128,2,0.0001,2.220446049250313e-12,12,4,False,True,0.007246640400383961,0.0060085993133595535,6,6.446392013828743e-05,5.127295087723313e-11,0.0,0.0,5.127295087723313e-11,0.00014264631271615746,True,True
resolution,N128,128,3.07,21.54190267500241,cpp,128,2,0.0001,2.220446049250313e-12,12,4,False,True,0.007239240345930507,0.006000149085162278,6,5.975465955779894e-05,5.1322763490980693e-11,0.0,0.0,5.1322763490980693e-11,0.00013234821424102088,True,True
resolution,N128,128,3.08,21.75840239619708,cpp,128,2,0.0001,2.220446049250313e-12,12,4,False,True,0.007232212983728855,0.005992113507879945,6,5.539601036997244e-05,5.1306136721024745e-11,0.0,0.0,5.1306136721024745e-11,0.00012280662136547298,True,True
resolution,N128,128,3.09,21.977077975763418,cpp,128,2,0.0001,2.220446049250313e-12,12,4,False,True,0.007225538939474092,0.005984471935270521,6,5.136127054378749e-05,5.133750429220066e-11,0.0,0.0,5.133750429220066e-11,0.00011396474898422355,True,True
resolution,N128,128,3.1,22.197951281441636,cpp,128,2,0.0001,2.220446049250313e-12,12,4,False,True,0.00721919989881784,0.005977204776230476,6,4.7625826411647934e-05,5.1306037440283413e-11,0.0,0.0,5.1306037440283413e-11,0.00010577018841498794,True,True
image_shell,S1,1,2.31,10.074424655013587,cpp,96,1,0.0001,2.220446049250313e-12,12,4,False,True,0.019360895650888076,0.006338197837152618,8,0.034979157007498804,2.0563768192480972e-11,0.0,0.0,2.0563768192480972e-11,0.07588461234467894,False,False
image_shell,S1,1,2.32,10.175674306073333,cpp,96,1,0.0001,2.220446049250313e-12,12,4,False,True,0.01825990595403921,0.0063543083365388935,8,0.03177009853720527,1.7862688888674096e-11,0.0,0.0,1.7862688888674096e-11,0.06908745538253305,False,False
image_shell,S1,1,2.33,10.277941533043448,cpp,96,1,0.0001,2.220446049250313e-12,12,4,False,True,0.01728975642583762,0.006374221250192467,8,0.02887025519383311,2.1567187977166747e-11,0.0,0.0,2.1567187977166747e-11,0.06283403559422776,False,False
image_shell,S1,1,2.34,10.381236562731843,cpp,96,1,0.0001,2.220446049250313e-12,12,4,False,True,0.01643144790963039,0.006393760908359421,8,0.02624635951892605,2.0064521720241994e-11,0.0,0.0,2.0064521720241994e-11,0.05711104322619593,False,False
image_shell,S1,1,2.35,10.485569724727576,cpp,96,1,0.0001,2.220446049250313e-12,12,4,False,True,0.015668741381796976,0.006408065272448728,8,0.0238699741301528,1.897588311698058e-11,0.0,0.0,1.897588311698058e-11,0.051893097797503965,False,False
image_shell,S1,1,2.36,10.59095145243378,cpp,96,1,0.0001,2.220446049250313e-12,12,4,False,True,0.014987867910132619,0.006410400023083718,8,0.021716371014398928,2.0465781295418795e-11,0.0,0.0,2.0465781295418795e-11,0.047148214860489104,True,True
image_shell,S1,1,2.37,10.697392284111054,cpp,96,1,0.0001,2.220446049250313e-12,12,4,False,True,0.014377211909668008,0.006389213854533517,8,0.019763762883858695,1.9568542808631186e-11,0.0,0.0,1.9568542808631186e-11,0.04284140568892808,True,True
image_shell,S1,1,2.38,10.804902863931257,cpp,96,1,0.0001,2.220446049250313e-12,12,4,False,True,0.013827008908292374,0.005220035565773577,8,0.017992768250477787,1.896796498232215e-11,0.0,0.0,1.896796498232215e-11,0.03893699790494186,True,True
image_shell,S1,1,2.39,10.913493943041976,cpp,96,1,0.0001,2.220446049250313e-12,12,4,False,True,0.013329070957655866,0.000601073179600655,8,0.016386030123810222,2.071072215734077e-11,0.0,0.0,2.071072215734077e-11,0.0354000872768958,True,True
image_shell,S1,1,2.4,11.023176380641601,cpp,96,1,0.0001,2.220446049250313e-12,12,4,False,True,0.012876541753888308,0.005589864052923689,9,0.01492793528330296,1.9605016964260182e-11,0.0,0.0,1.9605016964260182e-11,0.0321974046201005,True,True
image_shell,S1,1,2.41,11.133961145065307,cpp,96,1,0.0001,2.220446049250313e-12,12,4,False,True,0.012463680676693204,0.005806603887973583,9,0.013604399563740722,2.058007309645416e-11,0.0,0.0,2.058007309645416e-11,0.0292977931232412,True,True
image_shell,S1,1,2.42,11.245859314881844,cpp,96,1,0.0001,2.220446049250313e-12,12,4,False,True,0.012085674675027455,0.0052906844708419075,9,0.012402696943066725,2.045966662314369e-11,0.0,0.0,2.045966662314369e-11,0.026672429772249023,True,True
image_shell,S1,1,2.43,11.358882080001457,cpp,96,1,0.0001,2.220446049250313e-12,12,4,False,True,0.011738476815455957,0.0047640161546485225,9,0.011311318305118962,2.0147770093390143e-11,0.0,0.0,2.0147770093390143e-11,0.024294881889207347,True,True
image_shell,S1,1,2.44,11.473040742794833,cpp,96,1,0.0001,2.220446049250313e-12,12,4,False,True,0.011418669866439447,0.004219882666598766,9,0.010319850973243757,2.090453856377334e-11,0.0,0.0,2.090453856377334e-11,0.02214106041072225,True,True
image_shell,S1,1,2.45,11.588346719223392,cpp,96,1,0.0001,2.220446049250313e-12,12,4,False,True,0.011123352715192134,0.0036476653452848407,9,0.009418873412540428,1.9838868747527202e-11,0.0,0.0,1.9838868747527202e-11,0.02018911133726946,True,True
image_shell,S1,1,2.46,11.704811539980854,cpp,96,1,0.0001,2.220446049250313e-12,12,4,False,True,0.01085004697286143,0.003029597216382238,7,0.008599861577015285,1.9884505198598468e-11,0.0,0.0,1.9884505198598468e-11,0.01841927295056464,True,True
image_shell,S1,1,2.47,11.822446851646363,cpp,96,1,0.0001,2.220446049250313e-12,12,4,False,True,0.0105966209281572,0.002334372921976019,7,0.007855104658612768,1.9290416219506664e-11,0.0,0.0,1.9290416219506664e-11,0.016813716944783234,True,True
image_shell,S1,1,2.48,11.941264417849103,cpp,96,1,0.0001,2.220446049250313e-12,12,4,False,True,0.01036122805885202,0.00152550774311257,7,0.007177628769318406,1.9688643949664494e-11,0.0,0.0,1.9688643949664494e-11,0.015356385183279074,True,True
image_shell,S1,1,2.49,12.06127612044472,cpp,96,1,0.0001,2.220446049250313e-12,12,4,False,True,0.01014225752835877,0.0016143306567261222,7,0.006561127556506469,1.9878638205339463e-11,0.0,0.0,1.9878638205339463e-11,0.014032829432128158,True,True
image_shell,S1,1,2.5,12.182493960703473,cpp,96,1,0.0001,2.220446049250313e-12,12,4,False,True,0.00993829440819286,0.0022897654347231525,7,0.005999899028117923,2.0398159312592082e-11,0.0,0.0,2.0398159312592082e-11,0.012830058485626634,True,True
image_shell,S1,1,2.51,12.30493006051041,cpp,96,1,0.0001,2.220446049250313e-12,12,4,False,True,0.00974808771094101,0.002175272448501126,7,0.00548878802111771,1.9918214085931898e-11,0.0,0.0,1.9918214085931898e-11,0.011736395139139814,True,True
image_shell,S1,1,2.52,12.428596663577544,cpp,96,1,0.0001,2.220446049250313e-12,12,4,False,True,0.009570524648811947,0.00046762890241373823,7,0.005023133845908167,2.0400584988747278e-11,0.0,0.0,2.0400584988747278e-11,0.010741344173039135,True,True
image_shell,S1,1,2.53,12.55350613666823,cpp,96,1,0.0001,2.220446049250313e-12,12,4,False,True,0.009404609833579394,0.0020042658373499514,6,0.00459872269197776,1.9859587601086793e-11,0.0,0.0,1.9859587601086793e-11,0.009835471675951177,True,True
image_shell,S1,1,2.54,12.679670970833877,cpp,96,1,0.0001,2.220446049250313e-12,12,4,False,True,0.009249448388632687,0.002826742125966236,6,0.004211744417687165,1.9634271643177708e-11,0.0,0.0,1.9634271643177708e-11,0.009010295509559061,True,True
image_shell,S1,1,2.55,12.80710378266303,cpp,96,1,0.0001,2.220446049250313e-12,12,4,False,True,0.009104232157886716,0.0034228949369374973,6,0.003858753372976417,1.9748778439972426e-11,0.0,0.0,1.9748778439972426e-11,0.008258186400530927,True,True
image_shell,S1,1,2.56,12.935817315543076,cpp,96,1,0.0001,2.220446049250313e-12,12,4,False,True,0.008968228367843263,0.003899821074681129,6,0.0035366329225982682,1.9722064851330312e-11,0.0,0.0,1.9722064851330312e-11,0.007572278968403158,True,True
image_shell,S1,1,2.57,13.065824440934556,cpp,96,1,0.0001,2.220446049250313e-12,12,4,False,True,0.008840770238716752,0.004299007209344353,6,0.0032425633581440847,2.0221171036342222e-11,0.0,0.0,2.0221171036342222e-11,0.00694639191400895,True,True
image_shell,S1,1,2.58,13.197138159658358,cpp,96,1,0.0001,2.220446049250313e-12,12,4,False,True,0.008721249149216575,0.004641986111596179,6,0.0029739929057116745,2.0251800061083676e-11,0.0,0.0,2.0251800061083676e-11,0.006374956568837902,True,True
image_shell,S1,1,2.59,13.329771603195772,cpp,96,1,0.0001,2.220446049250313e-12,12,4,False,True,0.008609108045125722,0.004911402822724566,6,0.0027286115519500444,2.022968442978474e-11,0.0,0.0,2.022968442978474e-11,0.005852953019321974,True,True
image_shell,S1,1,2.6,13.463738035001692,cpp,96,1,0.0001,2.220446049250313e-12,12,4,False,True,0.008503835849845764,0.0050569397968078,6,0.002504327433332405,2.0080844506261602e-11,0.0,0.0,2.0080844506261602e-11,0.005375853056530601,True,True
image_shell,S1,1,2.61,13.599050851830924,cpp,96,1,0.0001,2.220446049250313e-12,12,4,False,True,0.0084049626859527,0.005189064259659406,6,0.002299245549289704,2.0101681270076013e-11,0.0,0.0,2.0101681270076013e-11,0.004939569251024409,True,True
image_shell,S1,1,2.62,13.735723585077926,cpp,96,1,0.0001,2.220446049250313e-12,12,4,False,True,0.008312055758961616,0.005309477188578383,6,0.002111648579523824,2.0392128154084023e-11,0.0,0.0,2.0392128154084023e-11,0.004540409507973496,True,True
image_shell,S1,1,2.63,13.873769902129904,cpp,96,1,0.0001,2.220446049250313e-12,12,4,False,True,0.008224715784542237,0.005419586996071463,6,0.0019399796032060564,2.0305803753959295e-11,0.0,0.0,2.0305803753959295e-11,0.004175036514827868,True,True
image_shell,S1,1,2.64,14.013203607733615,cpp,96,1,0.0001,2.220446049250313e-12,12,4,False,True,0.00814257386596273,0.005520574296584484,6,0.0017828265355637758,2.0091870673880146e-11,0.0,0.0,2.0091870673880146e-11,0.0038404315499435716,True,True
image_shell,S1,1,2.65,14.1540386453758,cpp,96,1,0.0001,2.220446049250313e-12,12,4,False,True,0.008065288747167068,0.005613439215142637,6,0.001638908111588911,2.016042633399964e-11,0.0,0.0,2.016042633399964e-11,0.003533862174177656,True,True
image_shell,S1,1,2.66,14.296289098677603,cpp,96,1,0.0001,2.220446049250313e-12,12,4,False,True,0.007992544381842588,0.005699036712645762,6,0.00150706126515878,2.0100481901149746e-11,0.0,0.0,2.0100481901149746e-11,0.0032528533773949334,True,True
image_shell,S1,1,2.67,14.43996919280288,cpp,96,1,0.0001,2.220446049250313e-12,12,4,False,True,0.007924047770469188,0.0057781034722279205,6,0.001386229762756632,1.9930358726582525e-11,0.0,0.0,1.9930358726582525e-11,0.0029951617978650415,True,True
image_shell,S1,1,2.68,14.585093295880792,cpp,96,1,0.0001,2.220446049250313e-12,12,4,False,True,0.007859527026452,0.005851278706636317,6,0.0012754539671503053,1.9761673086323012e-11,0.0,0.0,1.9761673086323012e-11,0.002758752674326512,True,True
image_shell,S1,1,2.69,14.73167592044257,cpp,96,1,0.0001,2.220446049250313e-12,12,4,False,True,0.007798729639585049,0.005919120500485562,6,0.001173861615865183,2.0058387238007866e-11,0.0,0.0,2.0058387238007866e-11,0.0025417792283375113,True,True
image_shell,S1,1,2.7,14.879731724872837,cpp,96,1,0.0001,2.220446049250313e-12,12,4,False,True,0.007741420910554138,0.005982118813300975,6,0.0010806595131353349,1.9961494617804586e-11,0.0,0.0,1.9961494617804586e-11,0.0023425642084129975,True,True
image_shell,S1,1,2.71,15.029275514875401,cpp,96,1,0.0001,2.220446049250313e-12,12,4,False,True,0.007687382535036978,0.0060407059449770675,6,0.000995126042407492,2.005764180369271e-11,0.0,0.0,2.005764180369271e-11,0.0021595833577872856,True,True
image_shell,S1,1,2.72,15.1803222449539,cpp,96,1,0.0001,2.220446049250313e-12,12,4,False,True,0.0076364113192844115,0.006095265048134722,6,0.0009166044156153196,1.9868255647324072e-11,0.0,0.0,1.9868255647324072e-11,0.0019914505946314743,True,True
image_shell,S1,1,2.73,15.332887019907195,cpp,96,1,0.0001,2.220446049250313e-12,12,4,False,True,0.007588318011765634,0.006146137114682757,6,0.0008444965863772274,2.00941484809032e-11,0.0,0.0,2.00941484809032e-11,0.0018369047175144167,True,True
image_shell,S1,1,2.74,15.486985096339938,cpp,96,1,0.0001,2.220446049250313e-12,12,4,False,True,0.007542926238232993,0.006193626759587116,6,0.0007782577574088965,1.991046600965134e-11,0.0,0.0,1.991046600965134e-11,0.0016947974702237662,True,True
image_shell,S1,1,2.75,15.642631884188171,cpp,96,1,0.0001,2.220446049250313e-12,12,4,False,True,0.007500071528992867,0.006238007044715216,6,0.0007173914248197129,2.015745270563814e-11,0.0,0.0,2.015745270563814e-11,0.0015640828187982875,True,True
image_shell,S1,1,2.76,15.799842948260395,cpp,96,1,0.0001,2.220446049250313e-12,12,4,False,True,0.007459600428686102,0.0062795235304043675,6,0.0006614449026082042,1.989951815722943e-11,0.0,0.0,1.989951815722943e-11,0.00144380731037791,True,True
image_shell,S1,1,2.77,15.958634009794029,cpp,96,1,0.0001,2.220446049250313e-12,12,4,False,True,0.0074213696808125,0.0063183976995167404,6,0.0006100052810453846,1.9901072749470987e-11,0.0,0.0,1.9901072749470987e-11,0.0013331013981244756,True,True
image_shell,S1,1,2.78,16.119020948027543,cpp,96,1,0.0001,2.220446049250313e-12,12,4,False,True,0.00738524547919506,0.006354829868572211,6,0.0005626957736512165,2.0091487290909364e-11,0.0,0.0,2.0091487290909364e-11,0.0012311716295420466,True,True
image_shell,S1,1,2.79,16.28101980178843,cpp,96,1,0.0001,2.220446049250313e-12,12,4,False,True,0.007351102780436005,0.006389001675519395,6,0.0005191724153107702,1.9933164671672444e-11,0.0,0.0,1.9933164671672444e-11,0.001137293606971217,True,True
image_shell,S1,1,2.8,16.444646771097048,cpp,96,1,0.0001,2.220446049250313e-12,12,4,False,True,0.007318824671501147,0.006421078216633477,6,0.0004791210753672117,2.0081133375092327e-11,0.0,0.0,2.0081133375092327e-11,0.0010508056392521325,True,True
image_shell,S1,1,2.81,16.6099182187867,cpp,96,1,0.0001,2.220446049250313e-12,12,4,False,True,0.007288301787767036,0.006451209890380499,6,0.000442254755012464,1.9987546231011433e-11,0.0,0.0,1.9987546231011433e-11,0.0009711030124752469,True,True
image_shell,S1,1,2.82,16.776850672139872,cpp,96,1,0.0001,2.220446049250313e-12,12,4,False,True,0.00725943177647241,0.006479533994950297,6,0.00040831114053480977,2.0143875758232264e-11,0.0,0.0,2.0143875758232264e-11,0.0008976328157349586,True,True
image_shell,S1,1,2.83,16.94546082454102,cpp,96,1,0.0001,2.220446049250313e-12,12,4,False,True,0.007232118802452953,0.006506176118292139,6,0.00037705038707668264,2.0016307207613803e-11,0.0,0.0,2.0016307207613803e-11,0.0008298892647913851,True,True
image_shell,S1,1,2.84,17.115765537145876,cpp,96,1,0.0001,2.220446049250313e-12,12,4,False,True,0.007206273091632635,0.006531251351852695,6,0.00034825311055194306,2.0052591981441674e-11,0.0,0.0,2.0052591981441674e-11,0.0007674094727737357,True,True
image_shell,S1,1,2.85,17.28778184056764,cpp,96,1,0.0001,2.220446049250313e-12,12,4,False,True,0.007181810509855257,0.006554865354334206,6,0.0003217185670991032,1.9973440223505425e-11,0.0,0.0,1.9973440223505425e-11,0.0007097696225730762,True,True
image_shell,S1,1,2.86,17.46152693657999,cpp,96,1,0.0001,2.220446049250313e-12,12,4,False,True,0.0071586521735153875,0.006577115286834917,6,0.0002972630014127838,1.994082714067002e-11,0.0,0.0,1.994082714067002e-11,0.0006565815004393398,True,True
image_shell,S1,1,2.87,17.63701819983732,cpp,96,1,0.0001,2.220446049250313e-12,12,4,False,True,0.007136724089730395,0.006598090637408143,6,0.0002747181486218265,2.0009631703572804e-11,0.0,0.0,2.0009631703572804e-11,0.0006074893546200302,True,True
image_shell,S1,1,2.88,17.814273179612197,cpp,96,1,0.0001,2.220446049250313e-12,12,4,False,True,0.00711595682337893,0.006617873950730382,6,0.00025392987380380456,2.0064516831351466e-11,0.0,0.0,2.0064516831351466e-11,0.0005621670467446437,True,True
image_shell,S1,1,2.89,17.993309601550315,cpp,96,1,0.0001,2.220446049250313e-12,12,4,False,True,0.007096285189032942,0.0066025578147453825,6,0.00023475693604610602,2.0002553297412843e-11,0.0,0.0,2.0002553297412843e-11,0.0005203154670095217,True,True
image_shell,S1,1,2.9,18.17414536944306,cpp,96,1,0.0001,2.220446049250313e-12,12,4,False,True,0.007077647965626866,0.006584204339227445,6,0.00021706986594341272,2.003187120887471e-11,0.0,0.0,2.003187120887471e-11,0.0004816601873150041,True,True
image_shell,S1,1,2.91,18.356798567017925,cpp,96,1,0.0001,2.220446049250313e-12,12,4,False,True,0.007059987632047662,0.006566771665758586,6,0.0002007499446675103,2.0031417117477074e-11,0.0,0.0,2.0031417117477074e-11,0.00044594932914299526,True,True
image_shell,S1,1,2.92,18.54128745974687,cpp,96,1,0.0001,2.220446049250313e-12,12,4,False,True,0.007043250122133552,0.006550212194452665,6,0.00018568827555614985,1.9992065600110167e-11,0.0,0.0,1.9992065600110167e-11,0.00041295162538893253,True,True
image_shell,S1,1,2.93,18.72763049667292,cpp,96,1,0.0001,2.220446049250313e-12,12,4,False,True,0.0070273845973221685,0.006534480895014111,6,0.0001717849393358711,2.0050970207542762e-11,0.0,0.0,2.0050970207542762e-11,0.0003824546574841346,True,True
image_shell,S1,1,2.94,18.915846312255038,cpp,96,1,0.0001,2.220446049250313e-12,12,4,False,True,0.007012343235757952,0.00651953516104066,6,0.00015894822502122725,2.0024192034121477e-11,0.0,0.0,2.0024192034121477e-11,0.00035426325106005616,True,True
image_shell,S1,1,2.95,19.10595372823165,cpp,96,1,0.0001,2.220446049250313e-12,12,4,False,True,0.006998081036469157,0.0065053346729790785,6,0.00014709392975092718,2.0041373770449636e-11,0.0,0.0,2.0041373770449636e-11,0.00032819801507853426,True,True
image_shell,S1,1,2.96,19.297971755502758,cpp,96,1,0.0001,2.220446049250313e-12,12,4,False,True,0.006984555637509312,0.00649184126894292,6,0.00013614472041682322,1.997711060964288e-11,0.0,0.0,1.997711060964288e-11,0.00030409401090543533,True,True
image_shell,S1,1,2.97,19.49191959603112,cpp,96,1,0.0001,2.220446049250313e-12,12,4,False,True,0.00697172714688757,0.006479018823160007,6,0.0001260295522905214,2.0048826053590268e-11,0.0,0.0,2.0048826053590268e-11,0.0002817995391067296,True,True
image_shell,S1,1,2.98,19.6878166447624,cpp,96,1,0.0001,2.220446049250313e-12,12,4,False,True,0.006959557985408778,0.00646683313150832,6,0.00011668313859667799,2.0032668089525715e-11,0.0,0.0,2.0032668089525715e-11,0.00026117503301605527,True,True
image_shell,S1,1,2.99,19.88568249156473,cpp,96,1,0.0001,2.220446049250313e-12,12,4,False,True,0.0069480127405128055,0.006455251803816636,6,0.00010804546663326092,2.003160783587934e-11,0.0,0.0,2.003160783587934e-11,0.00024209204915482101,True,True
image_shell,S1,1,3.0,20.085536923187668,cpp,96,1,0.0001,2.220446049250313e-12,12,4,False,True,0.0069370580301714065,0.006444244162466182,6,0.00010006135641401632,2.0018236475345286e-11,0.0,0.0,2.0018236475345286e-11,0.0002244323455821911,True,True
image_shell,S1,1,3.01,20.287399925240926,cpp,96,1,0.0001,2.220446049250313e-12,12,4,False,True,0.006926662376252176,0.006433781146998404,6,9.268005753136783e-05,2.0033622833074793e-11,0.0,0.0,2.0033622833074793e-11,0.00020808704012372525,True,True
image_shell,S1,1,3.02,20.49129168419294,cpp,96,1,0.0001,2.220446049250313e-12,12,4,False,True,0.0069167960864418175,0.006423835224281708,6,8.585488089234997e-05,2.0045729563156682e-11,0.0,0.0,2.0045729563156682e-11,0.0001929558411918734,True,True
image_shell,S1,1,3.03,20.6972325893895,cpp,96,1,0.0001,2.220446049250313e-12,12,4,False,True,0.0069074311442703686,0.006414380303965062,6,7.954286264946706e-05,2.0018425907171754e-11,0.0,0.0,2.0018425907171754e-11,0.00017894634462374597,True,True
image_shell,S1,1,3.04,20.905243235092758,cpp,96,1,0.0001,2.220446049250313e-12,12,4,False,True,0.006898541106571188,0.006405391658903908,6,7.37044565723493e-05,2.0055163610519895e-11,0.0,0.0,2.0055163610519895e-11,0.00016597339058631628,True,True
image_shell,S1,1,3.05,21.11534442254061,cpp,96,1,0.0001,2.220446049250313e-12,12,4,False,True,0.006890101007724054,0.006396845850221068,6,6.830325301761276e-05,2.0044583211147967e-11,0.0,0.0,2.0044583211147967e-11,0.00015395847516234013,True,True
image_shell,S1,1,3.06,21.327557162026903,cpp,96,1,0.0001,2.220446049250313e-12,12,4,False,True,0.006882087270426831,0.006388720656713573,6,6.330572195488524e-05,2.0024148147279604e-11,0.0,0.0,2.0024148147279604e-11,0.00014282921175035737,True,True
image_shell,S1,1,3.07,21.54190267500241,cpp,96,1,0.0001,2.220446049250313e-12,12,4,False,True,0.0068744776222282025,0.006380995008457236,6,5.868097758627002e-05,2.00376516392596e-11,0.0,0.0,2.00376516392596e-11,0.00013251883784324523,True,True
image_shell,S1,1,3.08,21.75840239619708,cpp,96,1,0.0001,2.220446049250313e-12,12,4,False,True,0.006867251017672387,0.006373648924099442,6,5.4400563063989505e-05,2.0049659125039108e-11,0.0,0.0,2.0049659125039108e-11,0.00012296576320511187,True,True
image_shell,S1,1,3.09,21.977077975763418,cpp,96,1,0.0001,2.220446049250313e-12,12,4,False,True,0.006860387565417794,0.006366663451959558,6,5.043825342872892e-05,2.002017097262502e-11,0.0,0.0,2.002017097262502e-11,0.00011411315578204419,True,True
image_shell,S1,1,3.1,22.197951281441636,cpp,96,1,0.0001,2.220446049250313e-12,12,4,False,True,0.0068538684602002485,0.006360020614378854,6,4.676987500220009e-05,2.0035832221414663e-11,0.0,0.0,2.0035832221414663e-11,0.00010590856208320522,True,True
image_shell,S2,2,2.31,10.074424655013587,cpp,96,2,0.0001,2.220446049250313e-12,12,4,False,True,0.01953083901115519,0.006049508333327684,8,0.034965962453103745,1.9127917990198304e-11,0.0,0.0,1.9127917990198304e-11,0.07674185813589803,False,False
image_shell,S2,2,2.32,10.175674306073333,cpp,96,2,0.0001,2.220446049250313e-12,12,4,False,True,0.01841914286503685,0.006092214634225444,8,0.03176117056072732,2.0117563625702014e-11,0.0,0.0,2.0117563625702014e-11,0.06981390653664718,False,False
image_shell,S2,2,2.33,10.277941533043448,cpp,96,2,0.0001,2.220446049250313e-12,12,4,False,True,0.017439066527959006,0.006136710416097786,8,0.028864672712093187,2.0902211454158246e-11,0.0,0.0,2.0902211454158246e-11,0.0634504205537718,False,False
image_shell,S2,2,2.34,10.381236562731843,cpp,96,2,0.0001,2.220446049250313e-12,12,4,False,True,0.016571591463404842,0.006179031899526621,8,0.026243383516281155,2.0583433846048143e-11,0.0,0.0,2.0583433846048143e-11,0.057634848293009654,False,False
image_shell,S2,2,2.35,10.485569724727576,cpp,96,2,0.0001,2.220446049250313e-12,12,4,False,True,0.015800442807758757,0.006214637544802022,8,0.02386901216248505,2.030597527160768e-11,0.0,0.0,2.030597527160768e-11,0.052339005103380055,False,False
image_shell,S2,2,2.36,10.59095145243378,cpp,96,2,0.0001,2.220446049250313e-12,12,4,False,True,0.015111805590972045,0.006237312498360607,8,0.021716948811294177,2.0192605759350124e-11,0.0,0.0,2.0192605759350124e-11,0.04752851909994186,True,True
image_shell,S2,2,2.37,10.697392284111054,cpp,96,2,0.0001,2.220446049250313e-12,12,4,False,True,0.014494012144352775,0.006236528750008958,8,0.019765501523253626,2.0752689250842748e-11,0.0,0.0,2.0752689250842748e-11,0.043166389417491347,True,True
image_shell,S2,2,2.38,10.804902863931257,cpp,96,2,0.0001,2.220446049250313e-12,12,4,False,True,0.013937243034846251,0.00558115981724291,8,0.01799536575830614,2.004986655955405e-11,0.0,0.0,2.004986655955405e-11,0.03921525872703473,True,True
image_shell,S2,2,2.39,10.913493943041976,cpp,96,2,0.0001,2.220446049250313e-12,12,4,False,True,0.01343325513334181,0.0020357727448709496,8,0.01638924661153264,1.9095252861259995e-11,0.0,0.0,1.9095252861259995e-11,0.03563881735560848,True,True
image_shell,S2,2,2.4,11.023176380641601,cpp,96,2,0.0001,2.220446049250313e-12,12,4,False,True,0.012975138910853959,0.005324766702425687,9,0.014931580928847412,2.0556516634727847e-11,0.0,0.0,2.0556516634727847e-11,0.03240262635849909,True,True
image_shell,S2,2,2.41,11.133961145065307,cpp,96,2,0.0001,2.220446049250313e-12,12,4,False,True,0.012557104072912141,0.005975573507596852,9,0.013608324882240676,2.0802929708532836e-11,0.0,0.0,2.0802929708532836e-11,0.029474556221133714,True,True
image_shell,S2,2,2.42,11.245859314881844,cpp,96,2,0.0001,2.220446049250313e-12,12,4,False,True,0.012174292425852608,0.005463011820190423,9,0.01240678491277939,2.0093077188677973e-11,0.0,0.0,2.0093077188677973e-11,0.026824975111152897,True,True
image_shell,S2,2,2.43,11.358882080001457,cpp,96,2,0.0001,2.220446049250313e-12,12,4,False,True,0.011822616851189582,0.004941679976000062,9,0.011315477997522633,2.078666208997295e-11,0.0,0.0,2.078666208997295e-11,0.02442677739372593,True,True
image_shell,S2,2,2.44,11.473040742794833,cpp,96,2,0.0001,2.220446049250313e-12,12,4,False,True,0.011498624889390597,0.004405739869135437,9,0.010324012397440302,2.0802737837582608e-11,0.0,0.0,2.0802737837582608e-11,0.022255313487616838,True,True
image_shell,S2,2,2.45,11.588346719223392,cpp,96,2,0.0001,2.220446049250313e-12,12,4,False,True,0.011199384872006585,0.00384612336084955,9,0.009422983344669185,1.9757673571820715e-11,0.0,0.0,1.9757673571820715e-11,0.020288261873239018,True,True
image_shell,S2,2,2.46,11.704811539980854,cpp,96,2,0.0001,2.220446049250313e-12,12,4,False,True,0.010922392083595116,0.003247991219069446,7,0.00860388019210514,2.0147852825809584e-11,0.0,0.0,2.0147852825809584e-11,0.01850547024336894,True,True
image_shell,S2,2,2.47,11.822446851646363,cpp,96,2,0.0001,2.220446049250313e-12,12,4,False,True,0.010665492206338726,0.0025853174307014747,7,0.007859002807436554,2.0014184192263195e-11,0.0,0.0,2.0014184192263195e-11,0.016888783390568613,True,True
image_shell,S2,2,2.48,11.941264417849103,cpp,96,2,0.0001,2.220446049250313e-12,12,4,False,True,0.010426819318894266,0.0018150451737404768,7,0.007181385779376144,1.9782446054871512e-11,0.0,0.0,1.9782446054871512e-11,0.015421869060836872,True,True
image_shell,S2,2,2.49,12.06127612044472,cpp,96,2,0.0001,2.220446049250313e-12,12,4,False,True,0.010204745914003633,0.0013354544764170096,7,0.006564729459275067,2.0335932920308966e-11,0.0,0.0,2.0335932920308966e-11,0.014090048714176224,True,True
image_shell,S2,2,2.5,12.182493960703473,cpp,96,2,0.0001,2.220446049250313e-12,12,4,False,True,0.009997842691009567,0.00205723496837695,7,0.006003337129038202,2.010483069285284e-11,0.0,0.0,2.010483069285284e-11,0.012880137262884431,True,True
image_shell,S2,2,2.51,12.30493006051041,cpp,96,2,0.0001,2.220446049250313e-12,12,4,False,True,0.00980484621600757,0.0023605822533843863,7,0.005492057747978918,1.9854742308184715e-11,0.0,0.0,1.9854742308184715e-11,0.01178029395761054,True,True
image_shell,S2,2,2.52,12.428596663577544,cpp,96,2,0.0001,2.220446049250313e-12,12,4,False,True,0.009624632862391954,0.0010141373350556631,7,0.005026233823419246,1.9862604098980067e-11,0.0,0.0,1.9862604098980067e-11,0.010779885349795851,True,True
image_shell,S2,2,2.53,12.55350613666823,cpp,96,2,0.0001,2.220446049250313e-12,12,4,False,True,0.009456197743837451,0.0017993469341575745,6,0.004601653998031031,1.997683036170175e-11,0.0,0.0,1.997683036170175e-11,0.009869360466115909,True,True
image_shell,S2,2,2.54,12.679670970833877,cpp,96,2,0.0001,2.220446049250313e-12,12,4,False,True,0.009298637603722956,0.0026908964385178205,6,0.004214509986803107,2.0280773224281674e-11,0.0,0.0,2.0280773224281674e-11,0.00904013783975275,True,True
image_shell,S2,2,2.55,12.80710378266303,cpp,96,2,0.0001,2.220446049250313e-12,12,4,False,True,0.009151136840124433,0.003316018561240418,6,0.00386135752005307,2.009266842231917e-11,0.0,0.0,2.009266842231917e-11,0.00828450375552606,True,True
image_shell,S2,2,2.56,12.935817315543076,cpp,96,2,0.0001,2.220446049250313e-12,12,4,False,True,0.009012956015834805,0.0038101248973511845,6,0.0035390809623833874,2.020376755199681e-11,0.0,0.0,2.020376755199681e-11,0.007595520912973638,True,True
image_shell,S2,2,2.57,13.065824440934556,cpp,96,2,0.0001,2.220446049250313e-12,12,4,False,True,0.008883422345186192,0.00422112461416661,6,0.003244861303200892,2.0194651010898256e-11,0.0,0.0,2.0194651010898256e-11,0.00696694664647381,True,True
image_shell,S2,2,2.58,13.197138159658358,cpp,96,2,0.0001,2.220446049250313e-12,12,4,False,True,0.008761921755773599,0.004572932156424334,6,0.0029761472270912054,2.0013355929897386e-11,0.0,0.0,2.0013355929897386e-11,0.006393159833066241,True,True
image_shell,S2,2,2.59,13.329771603195772,cpp,96,2,0.0001,2.220446049250313e-12,12,4,False,True,0.008647892213248753,0.00484839256733759,6,0.0027306289920214547,2.0089593152542483e-11,0.0,0.0,2.0089593152542483e-11,0.005869095644938245,True,True
image_shell,S2,2,2.6,13.463738035001692,cpp,96,2,0.0001,2.220446049250313e-12,12,4,False,True,0.008540818062698663,0.004999320892085116,6,0.0025062148578470196,2.070842055663339e-11,0.0,0.0,2.070842055663339e-11,0.005390187350444605,True,True
image_shell,S2,2,2.61,13.599050851830924,cpp,96,2,0.0001,2.220446049250313e-12,12,4,False,True,0.008440225193469507,0.005136163927445051,6,0.0023010098331090723,1.9933815270937763e-11,0.0,0.0,1.9933815270937763e-11,0.004952314425217979,True,True
image_shell,S2,2,2.62,13.735723585077926,cpp,96,2,0.0001,2.220446049250313e-12,12,4,False,True,0.008345676876038387,0.005260743093737347,6,0.0021132965211878743,2.0090740567714937e-11,0.0,0.0,2.0090740567714937e-11,0.0045517562971072135,True,True
image_shell,S2,2,2.63,13.873769902129904,cpp,96,2,0.0001,2.220446049250313e-12,12,4,False,True,0.00825677015128371,0.005374558920065571,6,0.0019415178575030237,2.0138092329671048e-11,0.0,0.0,2.0138092329671048e-11,0.004185151111442812,True,True
image_shell,S2,2,2.64,14.013203607733615,cpp,96,2,0.0001,2.220446049250313e-12,12,4,False,True,0.008173132675705352,0.005478863907548306,6,0.0017842615652884,1.9957848987415317e-11,0.0,0.0,1.9957848987415317e-11,0.003849458963808987,True,True
image_shell,S2,2,2.65,14.1540386453758,cpp,96,2,0.0001,2.220446049250313e-12,12,4,False,True,0.00809441994859711,0.0055747152627419515,6,0.0016402461527137433,1.9826005762502765e-11,0.0,0.0,1.9826005762502765e-11,0.0035419291047861013,True,True
image_shell,S2,2,2.66,14.296289098677603,cpp,96,2,0.0001,2.220446049250313e-12,12,4,False,True,0.00802031285915829,0.005663013959597904,6,0.001508308303502892,1.990890000182793e-11,0.0,0.0,1.990890000182793e-11,0.0032600706741089725,True,True
image_shell,S2,2,2.67,14.43996919280288,cpp,96,2,0.0001,2.220446049250313e-12,12,4,False,True,0.007950515505648733,0.00574453426419559,6,0.001387391517561349,1.9942713385959353e-11,0.0,0.0,1.9942713385959353e-11,0.0030016265702079398,True,True
image_shell,S2,2,2.68,14.585093295880792,cpp,96,2,0.0001,2.220446049250313e-12,12,4,False,True,0.007884753246195968,0.005819946445430726,6,0.0012765358831192102,2.006742157850727e-11,0.0,0.0,2.006742157850727e-11,0.0027645501049345734,True,True
image_shell,S2,2,2.69,14.73167592044257,cpp,96,2,0.0001,2.220446049250313e-12,12,4,False,True,0.007822770949699992,0.005889834517099757,6,0.0011748688601529033,1.984512307743068e-11,0.0,0.0,1.984512307743068e-11,0.0025469841327558297,True,True
image_shell,S2,2,2.7,14.879731724872837,cpp,96,2,0.0001,2.220446049250313e-12,12,4,False,True,0.007764331419552034,0.005954710287252784,6,0.0010815969759663732,2.0119063352815117e-11,0.0,0.0,2.0119063352815117e-11,0.0023472423790499475,True,True
image_shell,S2,2,2.71,15.029275514875401,cpp,96,2,0.0001,2.220446049250313e-12,12,4,False,True,0.007709213968585214,0.006015024619859104,6,0.0009959983410463755,1.987240649552241e-11,0.0,0.0,1.987240649552241e-11,0.0021637927234952705,True,True
image_shell,S2,2,2.72,15.1803222449539,cpp,96,2,0.0001,2.220446049250313e-12,12,4,False,True,0.007657213127041343,0.006071176558189702,6,0.0009174159011425219,2.0049772284759516e-11,0.0,0.0,2.0049772284759516e-11,0.001995242222608128,True,True
image_shell,S2,2,2.73,15.332887019907195,cpp,96,2,0.0001,2.220446049250313e-12,12,4,False,True,0.007608137467219107,0.006123520789621658,6,0.0008452513517625672,1.998066777927209e-11,0.0,0.0,1.998066777927209e-11,0.001840323680099468,True,True
image_shell,S2,2,2.74,15.486985096339938,cpp,96,2,0.0001,2.220446049250313e-12,12,4,False,True,0.0075618085330189985,0.006172373806080516,6,0.000778959646855759,2.01248229151298e-11,0.0,0.0,2.01248229151298e-11,0.0016978835958025803,True,True
image_shell,S2,2,2.75,15.642631884188171,cpp,96,2,0.0001,2.220446049250313e-12,12,4,False,True,0.007518059861715613,0.006218019027524355,6,0.0007180440441691461,1.9867686792813284e-11,0.0,0.0,1.9867686792813284e-11,0.001566871343139553,True,True
image_shell,S2,2,2.76,15.799842948260395,cpp,96,2,0.0001,2.220446049250313e-12,12,4,False,True,0.007476736089438214,0.006260711094707796,6,0.0006620516303033592,2.0032642330930052e-11,0.0,0.0,2.0032642330930052e-11,0.0014463294423142984,True,True
image_shell,S2,2,2.77,15.958634009794029,cpp,96,2,0.0001,2.220446049250313e-12,12,4,False,True,0.007437692131560668,0.006300679489591229,6,0.000610569278890812,2.0321006641465165e-11,0.0,0.0,2.0321006641465165e-11,0.001335384811420328,True,True
image_shell,S2,2,2.78,16.119020948027543,cpp,96,2,0.0001,2.220446049250313e-12,12,4,False,True,0.007400792430376416,0.006338131606283346,6,0.000563219998245782,2.016671271939778e-11,0.0,0.0,2.016671271939778e-11,0.0012332408911402068,True,True
image_shell,S2,2,2.79,16.28101980178843,cpp,96,2,0.0001,2.220446049250313e-12,12,4,False,True,0.007365910264276034,0.006373255370886455,6,0.0005196596289712368,2.0006897507950882e-11,0.0,0.0,2.0006897507950882e-11,0.0011391705502234103,True,True
image_shell,S2,2,2.8,16.444646771097048,cpp,96,2,0.0001,2.220446049250313e-12,12,4,False,True,0.007332927112211669,0.006406221487832845,6,0.00047957385714492525,1.9961233916626388e-11,0.0,0.0,1.9961233916626388e-11,0.001052509689637595,True,True
image_shell,S2,2,2.81,16.6099182187867,cpp,96,2,0.0001,2.220446049250313e-12,12,4,False,True,0.007301732068800507,0.006437185375174824,6,0.0004426755115272362,2.0102650347495986e-11,0.0,0.0,2.0102650347495986e-11,0.0009726514721397081,True,True
image_shell,S2,2,2.82,16.776850672139872,cpp,96,2,0.0001,2.220446049250313e-12,12,4,False,True,0.007272221305080751,0.00646628883876072,6,0.0004087021157965109,1.9993379467172794e-11,0.0,0.0,1.9993379467172794e-11,0.0008990411123492587,True,True
image_shell,S2,2,2.83,16.94546082454102,cpp,96,2,0.0001,2.220446049250313e-12,12,4,False,True,0.007244297571777464,0.006493661527534382,6,0.0003774136727079547,2.0073525416710894e-11,0.0,0.0,2.0073525416710894e-11,0.0008311711694411639,True,True
image_shell,S2,2,2.84,17.115765537145876,cpp,96,2,0.0001,2.220446049250313e-12,12,4,False,True,0.007217869740327358,0.0065194222017002255,6,0.00034859065518277784,2.0018661528447832e-11,0.0,0.0,2.0018661528447832e-11,0.0007685772909436164,True,True
image_shell,S2,2,2.85,17.28778184056764,cpp,96,2,0.0001,2.220446049250313e-12,12,4,False,True,0.007192852379364115,0.006543679843995111,6,0.00032203218549929966,2.005041977855938e-11,0.0,0.0,2.005041977855938e-11,0.0007108343617231917,True,True
image_shell,S2,2,2.86,17.46152693657999,cpp,96,2,0.0001,2.220446049250313e-12,12,4,False,True,0.007169165363145918,0.006566534634653403,6,0.00029755438299332136,1.9996279376837162e-11,0.0,0.0,1.9996279376837162e-11,0.0006575530172058583,True,True
image_shell,S2,2,2.87,17.63701819983732,cpp,96,2,0.0001,2.220446049250313e-12,12,4,False,True,0.007146733509756451,0.006588078810723693,6,0.000274988865633548,1.9999812436792348e-11,0.0,0.0,1.9999812436792348e-11,0.0006083764842393392,True,True
image_shell,S2,2,2.88,17.814273179612197,cpp,96,2,0.0001,2.220446049250313e-12,12,4,False,True,0.007125486245927825,0.006608397425799581,6,0.00025418138905032475,2.0057523463604627e-11,0.0,0.0,2.0057523463604627e-11,0.0005629777169900678,True,True
image_shell,S2,2,2.89,17.993309601550315,cpp,96,2,0.0001,2.220446049250313e-12,12,4,False,True,0.007105357297148328,0.00661195994249066,6,0.0002349906101941209,2.0042133886075785e-11,0.0,0.0,2.0042133886075785e-11,0.0005210567985667397,True,True
image_shell,S2,2,2.9,18.17414536944306,cpp,96,2,0.0001,2.220446049250313e-12,12,4,False,True,0.007086284400328866,0.006593159696939979,6,0.00021728696420000482,2.0003980931934406e-11,0.0,0.0,2.0003980931934406e-11,0.00048233858233321926,True,True
image_shell,S2,2,2.91,18.356798567017925,cpp,96,2,0.0001,2.220446049250313e-12,12,4,False,True,0.007068209037688138,0.006575301010943557,6,0.00020095164356924677,1.997540877604677e-11,0.0,0.0,1.997540877604677e-11,0.00044657054939573537,True,True
image_shell,S2,2,2.92,18.54128745974687,cpp,96,2,0.0001,2.220446049250313e-12,12,4,False,True,0.007051076189874708,0.0065583353633263735,6,0.00018587566860826546,1.9974386103211857e-11,0.0,0.0,1.9974386103211857e-11,0.00041352086137551677,True,True
image_shell,S2,2,2.93,18.72763049667292,cpp,96,2,0.0001,2.220446049250313e-12,12,4,False,True,0.0070348341069705065,0.006542216839502732,6,0.00017195904302097793,2.0043238439407642e-11,0.0,0.0,2.0043238439407642e-11,0.0003829765895497732,True,True
image_shell,S2,2,2.94,18.915846312255038,cpp,96,2,0.0001,2.220446049250313e-12,12,4,False,True,0.0070194340959323955,0.00652690198454912,6,0.000159109983961196,2.0037718863589775e-11,0.0,0.0,2.0037718863589775e-11,0.00035474210351970264,True,True
image_shell,S2,2,2.95,19.10595372823165,cpp,96,2,0.0001,2.220446049250313e-12,12,4,False,True,0.007004830323146067,0.006512349665106272,6,0.00014724422170824967,2.0052924708923495e-11,0.0,0.0,2.0052924708923495e-11,0.00032863760420212144,True,True
image_shell,S2,2,2.96,19.297971755502758,cpp,96,2,0.0001,2.220446049250313e-12,12,4,False,True,0.006990979631008749,0.0064985209390085,6,0.00013628436086329443,1.9998172431940885e-11,0.0,0.0,1.9998172431940885e-11,0.0003044977874901903,True,True
image_shell,S2,2,2.97,19.49191959603112,cpp,96,2,0.0001,2.220446049250313e-12,12,4,False,True,0.006977841367436872,0.0064853789327208086,6,0.00012615929887707178,2.001598371604108e-11,0.0,0.0,2.001598371604108e-11,0.00028217062628919736,True,True
image_shell,S2,2,2.98,19.6878166447624,cpp,96,2,0.0001,2.220446049250313e-12,12,4,False,True,0.0069653772271921046,0.006472888725750317,6,0.00011680369512649014,1.9993557508566608e-11,0.0,0.0,1.9993557508566608e-11,0.0002615162598888311,True,True
image_shell,S2,2,2.99,19.88568249156473,cpp,96,2,0.0001,2.220446049250313e-12,12,4,False,True,0.006953551104251293,0.006461017241804329,6,0.00010815748685275627,2.0091298752273435e-11,0.0,0.0,2.0091298752273435e-11,0.00024240598068220586,True,True
image_shell,S2,2,3.0,20.085536923187668,cpp,96,2,0.0001,2.220446049250313e-12,12,4,False,True,0.006942328954548248,0.006449733146405959,6,0.00010016544756749758,2.001636288122051e-11,0.0,0.0,2.001636288122051e-11,0.00022472130924461417,True,True
image_shell,S2,2,3.01,20.287399925240926,cpp,96,2,0.0001,2.220446049250313e-12,12,4,False,True,0.0069316786678129995,0.006439006750386505,6,9.277678361479935e-05,1.9987467777813454e-11,0.0,0.0,1.9987467777813454e-11,0.00020835314967746995,True,True
image_shell,S2,2,3.02,20.49129168419294,cpp,96,2,0.0001,2.220446049250313e-12,12,4,False,True,0.006921569948391488,0.006428809919059404,6,8.594476568837927e-05,2.0071922843588295e-11,0.0,0.0,2.0071922843588295e-11,0.00019320101787318074,True,True
image_shell,S2,2,3.03,20.6972325893895,cpp,96,2,0.0001,2.220446049250313e-12,12,4,False,True,0.006911974203967472,0.006419115986662063,6,7.962639262063839e-05,2.0046612558519442e-11,0.0,0.0,2.0046612558519442e-11,0.00017917233607837039,True,True
image_shell,S2,2,3.04,20.905243235092758,cpp,96,2,0.0001,2.220446049250313e-12,12,4,False,True,0.006902864441863881,0.006409899675770376,6,7.378208353339042e-05,2.004939751382619e-11,0.0,0.0,2.004939751382619e-11,0.000166181787820338,True,True
image_shell,S2,2,3.05,21.11534442254061,cpp,96,2,0.0001,2.220446049250313e-12,12,4,False,True,0.006894215172200312,0.006401137021394587,6,6.837539649929066e-05,2.005751460673873e-11,0.0,0.0,2.005751460673873e-11,0.00015415072768569272,True,True
image_shell,S2,2,3.06,21.327557162026903,cpp,96,2,0.0001,2.220446049250313e-12,12,4,False,True,0.006886002317521947,0.006392805299465845,6,6.337277158554473e-05,2.0048413857082994e-11,0.0,0.0,2.0048413857082994e-11,0.00014300664116123808,True,True
image_shell,S2,2,3.07,21.54190267500241,cpp,96,2,0.0001,2.220446049250313e-12,12,4,False,True,0.006878203128295643,0.006384882959483793,6,5.8743295197670964e-05,2.004218620388142e-11,0.0,0.0,2.004218620388142e-11,0.0001326826499937091,True,True
image_shell,S2,2,3.08,21.75840239619708,cpp,96,2,0.0001,2.220446049250313e-12,12,4,False,True,0.006870796104066931,0.006377349560994487,6,5.445848468523778e-05,2.003341684912791e-11,0.0,0.0,2.003341684912791e-11,0.00012311705913621053,True,True
image_shell,S2,2,3.09,21.977077975763418,cpp,96,2,0.0001,2.220446049250313e-12,12,4,False,True,0.006863760919613358,0.006370185713754801,6,5.049209108495521e-05,2.0018728088779697e-11,0.0,0.0,2.0018728088779697e-11,0.00011425294152435198,True,True
image_shell,S2,2,3.1,22.197951281441636,cpp,96,2,0.0001,2.220446049250313e-12,12,4,False,True,0.0068570783559353315,0.0063633730212620055,6,4.681991852280238e-05,2.0059579028257232e-11,0.0,0.0,2.0059579028257232e-11,0.00010603775749519355,True,True
image_shell,S3,3,2.31,10.074424655013587,cpp,96,3,0.0001,2.220446049250313e-12,12,4,False,True,0.019574712243556523,0.00596761322369189,8,0.034957658534903464,2.1823128699947864e-11,0.0,0.0,2.1823128699947864e-11,0.07695342496204287,False,False
image_shell,S3,3,2.32,10.175674306073333,cpp,96,3,0.0001,2.220446049250313e-12,12,4,False,True,0.018460309418925732,0.006018063124849298,8,0.03175433367396012,2.2669632590571284e-11,0.0,0.0,2.2669632590571284e-11,0.06999225986184658,False,False
image_shell,S3,3,2.33,10.277941533043448,cpp,96,3,0.0001,2.220446049250313e-12,12,4,False,True,0.017477714635364704,0.006069667277320644,8,0.028859046295753404,2.0846047585246608e-11,0.0,0.0,2.0846047585246608e-11,0.06360093038784896,False,False
image_shell,S3,3,2.34,10.381236562731843,cpp,96,3,0.0001,2.220446049250313e-12,12,4,False,True,0.016607907247392494,0.006118528178517259,8,0.026238756155608164,2.1906722667221362e-11,0.0,0.0,2.1906722667221362e-11,0.05776203000096022,False,False
image_shell,S3,3,2.35,10.485569724727576,cpp,96,3,0.0001,2.220446049250313e-12,12,4,False,True,0.01583460545739801,0.006160196823359531,8,0.023865209547947144,2.3535129277471073e-11,0.0,0.0,2.3535129277471073e-11,0.052446637662469715,False,False
image_shell,S3,3,2.36,10.59095145243378,cpp,96,3,0.0001,2.220446049250313e-12,12,4,False,True,0.015143984201612556,0.0061885973815053,8,0.021713827164245705,2.1461967015008957e-11,0.0,0.0,2.1461967015008957e-11,0.04761975671435496,True,True
image_shell,S3,3,2.37,10.697392284111054,cpp,96,3,0.0001,2.220446049250313e-12,12,4,False,True,0.01452436372043527,0.006193457134319702,8,0.019762942214563286,2.1811647007396518e-11,0.0,0.0,2.1811647007396518e-11,0.043243861446446326,True,True
image_shell,S3,3,2.38,10.804902863931257,cpp,96,3,0.0001,2.220446049250313e-12,12,4,False,True,0.013965911402391113,0.005670528687500411,8,0.01799327087884723,2.0615376363695074e-11,0.0,0.0,2.0615376363695074e-11,0.03928115639407042,True,True
image_shell,S3,3,2.39,10.913493943041976,cpp,96,3,0.0001,2.220446049250313e-12,12,4,False,True,0.013460370622617977,0.002272367295986185,8,0.016387535329366962,2.1156619622043263e-11,0.0,0.0,2.1156619622043263e-11,0.035694967526875815,True,True
image_shell,S3,3,2.4,11.023176380641601,cpp,96,3,0.0001,2.220446049250313e-12,12,4,False,True,0.013000818669462018,0.005251398175413918,9,0.01493018648783053,2.0473439275422163e-11,0.0,0.0,2.0473439275422163e-11,0.03245055353253503,True,True
image_shell,S3,3,2.41,11.133961145065307,cpp,96,3,0.0001,2.220446049250313e-12,12,4,False,True,0.012581452845288058,0.006019888044646148,9,0.01360719212739987,2.1123656490660803e-11,0.0,0.0,2.1123656490660803e-11,0.029515534192763145,True,True
image_shell,S3,3,2.42,11.245859314881844,cpp,96,3,0.0001,2.220446049250313e-12,12,4,False,True,0.012197403625719118,0.0055081299045685395,9,0.012405868256216,2.2143230738681707e-11,0.0,0.0,2.2143230738681707e-11,0.026860069809984087,True,True
image_shell,S3,3,2.43,11.358882080001457,cpp,96,3,0.0001,2.220446049250313e-12,12,4,False,True,0.01184457377215102,0.004988085823222739,9,0.011314739740548089,2.0526399531047712e-11,0.0,0.0,2.0526399531047712e-11,0.024456882297077424,True,True
image_shell,S3,3,2.44,11.473040742794833,cpp,96,3,0.0001,2.220446049250313e-12,12,4,False,True,0.011519501935597167,0.00445412427899152,9,0.010323421346978116,2.0800848303438855e-11,0.0,0.0,2.0800848303438855e-11,0.02228117884897473,True,True
image_shell,S3,3,2.45,11.588346719223392,cpp,96,3,0.0001,2.220446049250313e-12,12,4,False,True,0.011219248728818122,0.0038975368771020902,9,0.009422513681181893,2.051432149936536e-11,0.0,0.0,2.051432149936536e-11,0.020310518833582127,True,True
image_shell,S3,3,2.46,11.704811539980854,cpp,96,3,0.0001,2.220446049250313e-12,12,4,False,True,0.010941302781881625,0.003304158281725473,7,0.008603510531252962,2.0452139510570653e-11,0.0,0.0,2.0452139510570653e-11,0.018524650725837515,True,True
image_shell,S3,3,2.47,11.822446851646363,cpp,96,3,0.0001,2.220446049250313e-12,12,4,False,True,0.01068350406249409,0.0026492526681942937,7,0.007858715430310394,2.0401407267817937e-11,0.0,0.0,2.0401407267817937e-11,0.01690533652864198,True,True
image_shell,S3,3,2.48,11.941264417849103,cpp,96,3,0.0001,2.220446049250313e-12,12,4,False,True,0.010443981745844478,0.0018904047769467873,7,0.007181165999268409,2.0145932928889423e-11,0.0,0.0,2.0145932928889423e-11,0.015436174779972093,True,True
image_shell,S3,3,2.49,12.06127612044472,cpp,96,3,0.0001,2.220446049250313e-12,12,4,False,True,0.010221104111833726,0.0012639404316075345,7,0.006564565098440113,2.0696334018587004e-11,0.0,0.0,2.0696334018587004e-11,0.014102428976466231,True,True
image_shell,S3,3,2.5,12.182493960703473,cpp,96,3,0.0001,2.220446049250313e-12,12,4,False,True,0.010013438229313273,0.001991835865666979,7,0.006003218087068734,2.0272501760282304e-11,0.0,0.0,2.0272501760282304e-11,0.012890865392270124,True,True
image_shell,S3,3,2.51,12.30493006051041,cpp,96,3,0.0001,2.220446049250313e-12,12,4,False,True,0.009819717520641395,0.0024062442624472437,7,0.00549197564882693,2.0198361401146162e-11,0.0,0.0,2.0198361401146162e-11,0.011789602387102069,True,True
image_shell,S3,3,2.52,12.428596663577544,cpp,96,3,0.0001,2.220446049250313e-12,12,4,False,True,0.009638815622760801,0.0011128406624754754,7,0.005026181718562348,1.9824109591529835e-11,0.0,0.0,1.9824109591529835e-11,0.010787972069807443,True,True
image_shell,S3,3,2.53,12.55350613666823,cpp,96,3,0.0001,2.220446049250313e-12,12,4,False,True,0.009469725251483959,0.001742230892202388,6,0.004601626126301085,2.012264060256012e-11,0.0,0.0,2.012264060256012e-11,0.009876394402022046,True,True
image_shell,S3,3,2.54,12.679670970833877,cpp,96,3,0.0001,2.220446049250313e-12,12,4,False,True,0.009311541034970105,0.0026544691641913394,6,0.004214501573483229,2.042595542746189e-11,0.0,0.0,2.042595542746189e-11,0.00904626334515769,True,True
image_shell,S3,3,2.55,12.80710378266303,cpp,96,3,0.0001,2.220446049250313e-12,12,4,False,True,0.009163445491659159,0.003287659499613884,6,0.003861364609882681,1.9601252593043642e-11,0.0,0.0,1.9601252593043642e-11,0.008289844374047423,True,True
image_shell,S3,3,2.56,12.935817315543076,cpp,96,3,0.0001,2.220446049250313e-12,12,4,False,True,0.00902469750207424,0.003786433491204554,6,0.0035391002824374357,2.0804811093151798e-11,0.0,0.0,2.0804811093151798e-11,0.0076001825336163556,True,True
image_shell,S3,3,2.57,13.065824440934556,cpp,96,3,0.0001,2.220446049250313e-12,12,4,False,True,0.00889462276387277,0.004200602527586623,6,0.003244890149773954,2.0151636791269074e-11,0.0,0.0,2.0151636791269074e-11,0.006971020155465275,True,True
image_shell,S3,3,2.58,13.197138159658358,cpp,96,3,0.0001,2.220446049250313e-12,12,4,False,True,0.008772605827327003,0.004554760792537169,6,0.0029761833683406643,2.0266818511529867e-11,0.0,0.0,2.0266818511529867e-11,0.006396723346625329,True,True
image_shell,S3,3,2.59,13.329771603195772,cpp,96,3,0.0001,2.220446049250313e-12,12,4,False,True,0.008658083399299106,0.004831404915771045,6,0.002730670590484611,1.9611701143329353e-11,0.0,0.0,1.9611701143329353e-11,0.005872216392668097,True,True
image_shell,S3,3,2.6,13.463738035001692,cpp,96,3,0.0001,2.220446049250313e-12,12,4,False,True,0.008550538666876537,0.004983802059894144,6,0.0025062604051751592,1.994019570104412e-11,0.0,0.0,1.994019570104412e-11,0.0053929232668325075,True,True
image_shell,S3,3,2.61,13.599050851830924,cpp,96,3,0.0001,2.220446049250313e-12,12,4,False,True,0.008449496447815102,0.005121927974249666,6,0.002301058094847839,2.0461651661618015e-11,0.0,0.0,2.0461651661618015e-11,0.004954715496798075,True,True
image_shell,S3,3,2.62,13.735723585077926,cpp,96,3,0.0001,2.220446049250313e-12,12,4,False,True,0.008354519015735874,0.005247637917435865,6,0.002113346490729914,2.0086887165680207e-11,0.0,0.0,2.0086887165680207e-11,0.0045538657047459186,True,True
image_shell,S3,3,2.63,13.873769902129904,cpp,96,3,0.0001,2.220446049250313e-12,12,4,False,True,0.008265202479489267,0.00536245816590414,6,0.001941568718765002,2.0261764213350844e-11,0.0,0.0,2.0261764213350844e-11,0.004187006200448741,True,True
image_shell,S3,3,2.64,14.013203607733615,cpp,96,3,0.0001,2.220446049250313e-12,12,4,False,True,0.008181173620587978,0.0054676612266540345,6,0.0017843126603366132,2.017938153666193e-11,0.0,0.0,2.017938153666193e-11,0.0038510920691283345,True,True
image_shell,S3,3,2.65,14.1540386453758,cpp,96,3,0.0001,2.220446049250313e-12,12,4,False,True,0.008102087113888996,0.00556432013319295,6,0.001640296955785095,1.9763547957132367e-11,0.0,0.0,1.9763547957132367e-11,0.0035433682540194278,True,True
image_shell,S3,3,2.66,14.296289098677603,cpp,96,3,0.0001,2.220446049250313e-12,12,4,False,True,0.008027623068871068,0.0056533485759906145,6,0.0015083583975880673,2.036133695526822e-11,0.0,0.0,2.036133695526822e-11,0.003261340187282084,True,True
image_shell,S3,3,2.67,14.43996919280288,cpp,96,3,0.0001,2.220446049250313e-12,12,4,False,True,0.00795748484447631,0.0057355311798494004,6,0.001387440577354874,2.03566094418655e-11,0.0,0.0,2.03566094418655e-11,0.0030027475722184806,True,True
image_shell,S3,3,2.68,14.585093295880792,cpp,96,3,0.0001,2.220446049250313e-12,12,4,False,True,0.007891397096204235,0.005811546752417487,6,0.0012765836587394137,1.97013743124654e-11,0.0,0.0,1.97013743124654e-11,0.002765540963987805,True,True
image_shell,S3,3,2.69,14.73167592044257,cpp,96,3,0.0001,2.220446049250313e-12,12,4,False,True,0.00782910402370576,0.005881986421701164,6,0.00117491516329676,1.9961405505602848e-11,0.0,0.0,1.9961405505602848e-11,0.0025478608359532752,True,True
image_shell,S3,3,2.7,14.879731724872837,cpp,96,3,0.0001,2.220446049250313e-12,12,4,False,True,0.007770367791818951,0.005947367979404342,6,0.0010816416703038722,2.0273612577074204e-11,0.0,0.0,2.0273612577074204e-11,0.0023480188545912844,True,True
image_shell,S3,3,2.71,15.029275514875401,cpp,96,3,0.0001,2.220446049250313e-12,12,4,False,True,0.007714967103568547,0.006008147365061638,6,0.000996041332065234,2.021077857553037e-11,0.0,0.0,2.021077857553037e-11,0.0021644811173816354,True,True
image_shell,S3,3,2.72,15.1803222449539,cpp,96,3,0.0001,2.220446049250313e-12,12,4,False,True,0.007662695905696907,0.006064727960699455,6,0.0009174571292989903,1.9901044831480128e-11,0.0,0.0,1.9901044831480128e-11,0.0019958531365926488,True,True
image_shell,S3,3,2.73,15.332887019907195,cpp,96,3,0.0001,2.220446049250313e-12,12,4,False,True,0.007613362212199772,0.006117468188178622,6,0.0008452907853409302,2.017469679489436e-11,0.0,0.0,2.017469679489436e-11,0.0018408663765168457,True,True
image_shell,S3,3,2.74,15.486985096339938,cpp,96,3,0.0001,2.220446049250313e-12,12,4,False,True,0.007566787031993148,0.006166687774339984,6,0.0007789972771915229,1.999299368000228e-11,0.0,0.0,1.999299368000228e-11,0.0016983661741219733,True,True
image_shell,S3,3,2.75,15.642631884188171,cpp,96,3,0.0001,2.220446049250313e-12,12,4,False,True,0.007522803389754251,0.0062126729574112855,6,0.0007180798808115154,2.0115065980389343e-11,0.0,0.0,2.0115065980389343e-11,0.0015673008922715186,True,True
image_shell,S3,3,2.76,15.799842948260395,cpp,96,3,0.0001,2.220446049250313e-12,12,4,False,True,0.007481255430106141,0.006255680846564991,6,0.0006620856971981637,2.0001365947723234e-11,0.0,0.0,2.0001365947723234e-11,0.0014467121721709255,True,True
image_shell,S3,3,2.77,15.958634009794029,cpp,96,3,0.0001,2.220446049250313e-12,12,4,False,True,0.007441997597124396,0.006295943096581356,6,0.0006106016115126543,2.0110899409763825e-11,0.0,0.0,2.0110899409763825e-11,0.001335726166655116,True,True
image_shell,S3,3,2.78,16.119020948027543,cpp,96,3,0.0001,2.220446049250313e-12,12,4,False,True,0.007404893880939262,0.006333669022549139,6,0.0005632506410022478,2.003653031828159e-11,0.0,0.0,2.003653031828159e-11,0.001233545649570014,True,True
image_shell,S3,3,2.79,16.28101980178843,cpp,96,3,0.0001,2.220446049250313e-12,12,4,False,True,0.007369817126353237,0.006369048256078073,6,0.0005196886328755209,2.0016918444854936e-11,0.0,0.0,2.0016918444854936e-11,0.001139442908106329,True,True
image_shell,S3,3,2.8,16.444646771097048,cpp,96,3,0.0001,2.220446049250313e-12,12,4,False,True,0.007336648396461833,0.006402253021750081,6,0.00047960127821225544,2.001003105811079e-11,0.0,0.0,2.001003105811079e-11,0.0010527533355973783,True,True
image_shell,S3,3,2.81,16.6099182187867,cpp,96,3,0.0001,2.220446049250313e-12,12,4,False,True,0.00730527638688759,0.00643344009758088,6,0.0004427014088490741,2.0004660303555785e-11,0.0,0.0,2.0004660303555785e-11,0.0009728696513297638,True,True
image_shell,S3,3,2.82,16.776850672139872,cpp,96,3,0.0001,2.220446049250313e-12,12,4,False,True,0.00727559688608739,0.006462752509931202,6,0.0004087265511152617,2.00587607236845e-11,0.0,0.0,2.00587607236845e-11,0.0008992366821867541,True,True
image_shell,S3,3,2.83,16.94546082454102,cpp,96,3,0.0001,2.220446049250313e-12,12,4,False,True,0.007247512277997628,0.006490321006777536,6,0.00037743670872581505,1.9990112628268866e-11,0.0,0.0,1.9990112628268866e-11,0.0008313466480577625,True,True
image_shell,S3,3,2.84,17.115765537145876,cpp,96,3,0.0001,2.220446049250313e-12,12,4,False,True,0.007220931082268497,0.006516265340887321,6,0.0003486123550871979,2.0053265797127e-11,0.0,0.0,2.0053265797127e-11,0.0007687348993427255,True,True
image_shell,S3,3,2.85,17.28778184056764,cpp,96,3,0.0001,2.220446049250313e-12,12,4,False,True,0.007195767530499125,0.006540695393728341,6,0.00032205261224970403,1.9979355014516446e-11,0.0,0.0,1.9979355014516446e-11,0.0007109760604987445,True,True
image_shell,S3,3,2.86,17.46152693657999,cpp,96,3,0.0001,2.220446049250313e-12,12,4,False,True,0.007171941173839247,0.006563712161597324,6,0.0002975735987765457,2.0053555651719334e-11,0.0,0.0,2.0053555651719334e-11,0.0006576805385369916,True,True
image_shell,S3,3,2.87,17.63701819983732,cpp,96,3,0.0001,2.220446049250313e-12,12,4,False,True,0.007149376520876385,0.006585408624330399,6,0.0002750069314554066,2.0085740382251042e-11,0.0,0.0,2.0085740382251042e-11,0.0006084913597887091,True,True
image_shell,S3,3,2.88,17.814273179612197,cpp,96,3,0.0001,2.220446049250313e-12,12,4,False,True,0.007128002701802344,0.006605870513162044,6,0.0002541983644891529,1.9999863130326258e-11,0.0,0.0,1.9999863130326258e-11,0.000563081302276179,True,True
image_shell,S3,3,2.89,17.993309601550315,cpp,96,3,0.0001,2.220446049250313e-12,12,4,False,True,0.0071077531582054935,0.006614456204164477,6,0.00023500655306380372,2.0030662667478117e-11,0.0,0.0,2.0030662667478117e-11,0.0005211502942451745,True,True
image_shell,S3,3,2.9,18.17414536944306,cpp,96,3,0.0001,2.220446049250313e-12,12,4,False,True,0.0070885653551283085,0.006595537185937562,6,0.00021730193032127896,2.0045952138446574e-11,0.0,0.0,2.0045952138446574e-11,0.00048242305279472475,True,True
image_shell,S3,3,2.91,18.356798567017925,cpp,96,3,0.0001,2.220446049250313e-12,12,4,False,True,0.0070703805145938435,0.006577565251654821,6,0.00020096568685242847,2.0154340274239235e-11,0.0,0.0,2.0154340274239235e-11,0.0004466469390514758,True,True
image_shell,S3,3,2.92,18.54128745974687,cpp,96,3,0.0001,2.220446049250313e-12,12,4,False,True,0.0070531433682349855,0.0065604916349904846,6,0.00018588884068859016,2.006472943981639e-11,0.0,0.0,2.006472943981639e-11,0.00041359000889208295,True,True
image_shell,S3,3,2.93,18.72763049667292,cpp,96,3,0.0001,2.220446049250313e-12,12,4,False,True,0.007036801927872503,0.006544270185868879,6,0.00017197139354634003,2.0040114831159623e-11,0.0,0.0,2.0040114831159623e-11,0.00038303924035928624,True,True
image_shell,S3,3,2.94,18.915846312255038,cpp,96,3,0.0001,2.220446049250313e-12,12,4,False,True,0.007021307272628177,0.006528857223399519,6,0.00015912156022534175,2.004998693063618e-11,0.0,0.0,2.004998693063618e-11,0.0003547989207438142,True,True
image_shell,S3,3,2.95,19.10595372823165,cpp,96,3,0.0001,2.220446049250313e-12,12,4,False,True,0.007006613350911225,0.0065142113975342605,6,0.00014725506882744518,2.007182902763939e-11,0.0,0.0,2.007182902763939e-11,0.00032868917828025065,True,True
image_shell,S3,3,2.96,19.297971755502758,cpp,96,3,0.0001,2.220446049250313e-12,12,4,False,True,0.006992676796816314,0.006500293558367247,6,0.000136294521825093,2.0053610282565e-11,0.0,0.0,2.0053610282565e-11,0.0003045446445968522,True,True
image_shell,S3,3,2.97,19.49191959603112,cpp,96,3,0.0001,2.220446049250313e-12,12,4,False,True,0.006979456759089208,0.0064870666331685615,6,0.00012616881453577416,2.005215748087281e-11,0.0,0.0,2.005215748087281e-11,0.0002822132357515963,True,True
image_shell,S3,3,2.98,19.6878166447624,cpp,96,3,0.0001,2.220446049250313e-12,12,4,False,True,0.006966914742161694,0.006474495510722771,6,0.00011681260424806682,2.0009752489043023e-11,0.0,0.0,2.0009752489043023e-11,0.0002615550407089171,True,True
image_shell,S3,3,2.99,19.88568249156473,cpp,96,3,0.0001,2.220446049250313e-12,12,4,False,True,0.0069550144581711,0.006462546931945033,6,0.00010816582612063706,2.005638956187134e-11,0.0,0.0,2.005638956187134e-11,0.00024244130726371553,True,True
image_shell,S3,3,3.0,20.085536923187668,cpp,96,3,0.0001,2.220446049250313e-12,12,4,False,True,0.006943721689331741,0.006451189387443772,6,0.00010017325180986864,2.002387783063878e-11,0.0,0.0,2.002387783063878e-11,0.00022475351644573756,True,True
image_shell,S3,3,3.01,20.287399925240926,cpp,96,3,0.0001,2.220446049250313e-12,12,4,False,True,0.0069330041594155255,0.006440393020587718,6,9.278408557122476e-05,2.0017643823394224e-11,0.0,0.0,2.0017643823394224e-11,0.0002083825372588003,True,True
image_shell,S3,3,3.02,20.49129168419294,cpp,96,3,0.0001,2.220446049250313e-12,12,4,False,True,0.006922831414378052,0.006430129536442944,6,8.595159638663726e-05,2.0002586929595623e-11,0.0,0.0,2.0002586929595623e-11,0.0001932278544261856,True,True
image_shell,S3,3,3.03,20.6972325893895,cpp,96,3,0.0001,2.220446049250313e-12,12,4,False,True,0.006913174710582839,0.006420372116041189,6,7.963278144537377e-05,2.0012122643892143e-11,0.0,0.0,2.0012122643892143e-11,0.00017919686248070086,True,True
image_shell,S3,3,3.04,20.905243235092758,cpp,96,3,0.0001,2.220446049250313e-12,12,4,False,True,0.006904006910953515,0.006411095335355901,6,7.378805800422678e-05,2.0019211993274414e-11,0.0,0.0,2.0019211993274414e-11,0.0001662042202995845,True,True
image_shell,S3,3,3.05,21.11534442254061,cpp,96,3,0.0001,2.220446049250313e-12,12,4,False,True,0.006895302387784689,0.006402275089297552,6,6.83809826652582e-05,2.0043147068827712e-11,0.0,0.0,2.0043147068827712e-11,0.0001541712605153085,True,True
image_shell,S3,3,3.06,21.327557162026903,cpp,96,3,0.0001,2.220446049250313e-12,12,4,False,True,0.006887036932071826,0.006393888519868484,6,6.337799386756831e-05,2.0044452738550262e-11,0.0,0.0,2.0044452738550262e-11,0.00014302544905602703,True,True
image_shell,S3,3,3.07,21.54190267500241,cpp,96,3,0.0001,2.220446049250313e-12,12,4,False,True,0.00687918766877914,0.0063859139485460585,6,5.8748176710358566e-05,2.004031850543532e-11,0.0,0.0,2.004031850543532e-11,0.00013269989021961868,True,True
image_shell,S3,3,3.08,21.75840239619708,cpp,96,3,0.0001,2.220446049250313e-12,12,4,False,True,0.006871732977717304,0.006378330812638234,6,5.4463046958992837e-05,2.0017206051679183e-11,0.0,0.0,2.0017206051679183e-11,0.00012313287337991857,True,True
image_shell,S3,3,3.09,21.977077975763418,cpp,96,3,0.0001,2.220446049250313e-12,12,4,False,True,0.0068646524194529955,0.00637111960506437,6,5.0496354608722695e-05,2.005293206311889e-11,0.0,0.0,2.005293206311889e-11,0.00011426745756852713,True,True
image_shell,S3,3,3.1,22.197951281441636,cpp,96,3,0.0001,2.220446049250313e-12,12,4,False,True,0.006857926666046973,0.006364261817811716,6,4.682390235877982e-05,2.003147690979564e-11,0.0,0.0,2.003147690979564e-11,0.00010605109066884235,True,True
fd_eps,H3e-4,0.0003,2.31,10.074424655013587,cpp,96,2,0.0003,7.401486830834377e-13,12,4,False,True,0.01953083782885812,0.006049523426090717,8,0.03496596435180862,7.024049855302454e-12,0.0,0.0,7.024049855302454e-12,0.07674185813589803,False,False
fd_eps,H3e-4,0.0003,2.32,10.175674306073333,cpp,96,2,0.0003,7.401486830834377e-13,12,4,False,True,0.018419141973734544,0.006092229293310651,8,0.031761172384699145,7.174711430461537e-12,0.0,0.0,7.174711430461537e-12,0.06981390653664718,False,False
fd_eps,H3e-4,0.0003,2.33,10.277941533043448,cpp,96,2,0.0003,7.401486830834377e-13,12,4,False,True,0.017439065935524148,0.006136724698616115,8,0.02886467445111736,6.9997364363925306e-12,0.0,0.0,6.9997364363925306e-12,0.0634504205537718,False,False
fd_eps,H3e-4,0.0003,2.34,10.381236562731843,cpp,96,2,0.0003,7.401486830834377e-13,12,4,False,True,0.01657159116782943,0.006179045880336134,8,0.026243385163754258,6.987835840724443e-12,0.0,0.0,6.987835840724443e-12,0.057634848293009654,False,False
fd_eps,H3e-4,0.0003,2.35,10.485569724727576,cpp,96,2,0.0003,7.401486830834377e-13,12,4,False,True,0.015800442799856578,0.0062146513281109254,8,0.023869013715840572,7.533855058503449e-12,0.0,0.0,7.533855058503449e-12,0.052339005103380055,False,False
fd_eps,H3e-4,0.0003,2.36,10.59095145243378,cpp,96,2,0.0003,7.401486830834377e-13,12,4,False,True,0.015111805855595203,0.00623732624526198,8,0.021716950269218476,7.0319281269895564e-12,0.0,0.0,7.0319281269895564e-12,0.04752851909994186,True,True
fd_eps,H3e-4,0.0003,2.37,10.697392284111054,cpp,96,2,0.0003,7.401486830834377e-13,12,4,False,True,0.014494012661992609,0.006236542759261861,8,0.01976550288608273,7.320444902425808e-12,0.0,0.0,7.320444902425808e-12,0.043166389417491347,True,True
fd_eps,H3e-4,0.0003,2.38,10.804902863931257,cpp,96,2,0.0003,7.401486830834377e-13,12,4,False,True,0.0139372437840858,0.005581174466097724,8,0.017995367028383398,7.356071079659762e-12,0.0,0.0,7.356071079659762e-12,0.03921525872703473,True,True
fd_eps,H3e-4,0.0003,2.39,10.913493943041976,cpp,96,2,0.0003,7.401486830834377e-13,12,4,False,True,0.013433256092347946,0.0020358245457216873,8,0.016389247792538957,6.6804259303808245e-12,0.0,0.0,6.6804259303808245e-12,0.03563881735560848,True,True
fd_eps,H3e-4,0.0003,2.4,11.023176380641601,cpp,96,2,0.0003,7.401486830834377e-13,12,4,False,True,0.012975140058189106,0.005324757330855891,9,0.014931582024074245,7.424534755347229e-12,0.0,0.0,7.424534755347229e-12,0.03240262635849909,True,True
fd_eps,H3e-4,0.0003,2.41,11.133961145065307,cpp,96,2,0.0003,7.401486830834377e-13,12,4,False,True,0.012557105388871765,0.005975563984262904,9,0.013608325895737997,6.829612259244074e-12,0.0,0.0,6.829612259244074e-12,0.029474556221133714,True,True
fd_eps,H3e-4,0.0003,2.42,11.245859314881844,cpp,96,2,0.0003,7.401486830834377e-13,12,4,False,True,0.01217429389252887,0.005463001352254108,9,0.012406785849541507,6.909186723043518e-12,0.0,0.0,6.909186723043518e-12,0.026824975111152897,True,True
fd_eps,H3e-4,0.0003,2.43,11.358882080001457,cpp,96,2,0.0003,7.401486830834377e-13,12,4,False,True,0.01182261845286012,0.004941668380198692,9,0.01131547886240013,6.881633118316114e-12,0.0,0.0,6.881633118316114e-12,0.02442677739372593,True,True
fd_eps,H3e-4,0.0003,2.44,11.473040742794833,cpp,96,2,0.0003,7.401486830834377e-13,12,4,False,True,0.011498626612298982,0.004405726874669639,9,0.010324013194963892,7.220265274503171e-12,0.0,0.0,7.220265274503171e-12,0.022255313487616838,True,True
fd_eps,H3e-4,0.0003,2.45,11.588346719223392,cpp,96,2,0.0003,7.401486830834377e-13,12,4,False,True,0.011199386704364328,0.003846108546106693,9,0.009422984079848689,7.269594754137639e-12,0.0,0.0,7.269594754137639e-12,0.020288261873239018,True,True
fd_eps,H3e-4,0.0003,2.46,11.704811539980854,cpp,96,2,0.0003,7.401486830834377e-13,12,4,False,True,0.01092239401516733,0.0032479738823925765,7,0.008603880869451188,6.7705662922613225e-12,0.0,0.0,6.7705662922613225e-12,0.01850547024336894,True,True
fd_eps,H3e-4,0.0003,2.47,11.822446851646363,cpp,96,2,0.0003,7.401486830834377e-13,12,4,False,True,0.010665494228310713,0.0025852963422282067,7,0.00785900343081525,6.986983642770392e-12,0.0,0.0,6.986983642770392e-12,0.016888783390568613,True,True
fd_eps,H3e-4,0.0003,2.48,11.941264417849103,cpp,96,2,0.0003,7.401486830834377e-13,12,4,False,True,0.010426821423877018,0.0018150189056811465,7,0.007181386352886076,6.9461393287829394e-12,0.0,0.0,6.9461393287829394e-12,0.015421869060836872,True,True
fd_eps,H3e-4,0.0003,2.49,12.06127612044472,cpp,96,2,0.0003,7.401486830834377e-13,12,4,False,True,0.010204748095483133,0.0013354827338650785,7,0.0065647299867463114,6.982962161049702e-12,0.0,0.0,6.982962161049702e-12,0.014090048714176224,True,True
fd_eps,H3e-4,0.0003,2.5,12.182493960703473,cpp,96,2,0.0003,7.401486830834377e-13,12,4,False,True,0.009997844943454506,0.00205726131142063,7,0.006003337613842105,7.137664639599954e-12,0.0,0.0,7.137664639599954e-12,0.012880137262884431,True,True
fd_eps,H3e-4,0.0003,2.51,12.30493006051041,cpp,96,2,0.0003,7.401486830834377e-13,12,4,False,True,0.009804848534545102,0.0023605632623131933,7,0.005492058193707258,6.925064215283971e-12,0.0,0.0,6.925064215283971e-12,0.01178029395761054,True,True
fd_eps,H3e-4,0.0003,2.52,12.428596663577544,cpp,96,2,0.0003,7.401486830834377e-13,12,4,False,True,0.009624635242808873,0.0010140921249510886,7,0.0050262342333267295,6.996106946320613e-12,0.0,0.0,6.996106946320613e-12,0.010779885349795851,True,True
fd_eps,H3e-4,0.0003,2.53,12.55350613666823,cpp,96,2,0.0003,7.401486830834377e-13,12,4,False,True,0.009456200182296579,0.0017993729427252525,6,0.0046016543747023015,7.229212024138795e-12,0.0,0.0,7.229212024138795e-12,0.009869360466115909,True,True
fd_eps,H3e-4,0.0003,2.54,12.679670970833877,cpp,96,2,0.0003,7.401486830834377e-13,12,4,False,True,0.009298640096921329,0.00269091415995557,6,0.004214510333163827,6.80097661056927e-12,0.0,0.0,6.80097661056927e-12,0.00904013783975275,True,True
fd_eps,H3e-4,0.0003,2.55,12.80710378266303,cpp,96,2,0.0003,7.401486830834377e-13,12,4,False,True,0.009151139384960979,0.0033160331923397356,6,0.00386135783845866,6.923264792517793e-12,0.0,0.0,6.923264792517793e-12,0.00828450375552606,True,True
fd_eps,H3e-4,0.0003,2.56,12.935817315543076,cpp,96,2,0.0003,7.401486830834377e-13,12,4,False,True,0.009012958609648146,0.0038101378339463286,6,0.003539081254936045,7.037658826531259e-12,0.0,0.0,7.037658826531259e-12,0.007595520912973638,True,True
fd_eps,H3e-4,0.0003,2.57,13.065824440934556,cpp,96,2,0.0003,7.401486830834377e-13,12,4,False,True,0.00888342498539125,0.004221136462630562,6,0.0032448615721622134,7.112588608730364e-12,0.0,0.0,7.112588608730364e-12,0.00696694664647381,True,True
fd_eps,H3e-4,0.0003,2.58,13.197138159658358,cpp,96,2,0.0003,7.401486830834377e-13,12,4,False,True,0.008761924440051468,0.0045729432410608565,6,0.0029761474747364803,6.978612045026722e-12,0.0,0.0,6.978612045026722e-12,0.006393159833066241,True,True
fd_eps,H3e-4,0.0003,2.59,13.329771603195772,cpp,96,2,0.0003,7.401486830834377e-13,12,4,False,True,0.00864789493946917,0.0048484044422582055,6,0.002730629219696985,6.868961050103905e-12,0.0,0.0,6.868961050103905e-12,0.005869095644938245,True,True
fd_eps,H3e-4,0.0003,2.6,13.463738035001692,cpp,96,2,0.0003,7.401486830834377e-13,12,4,False,True,0.008540820828809168,0.004999332399103552,6,0.002506215067127679,7.053157236158317e-12,0.0,0.0,7.053157236158317e-12,0.005390187350444605,True,True
fd_eps,H3e-4,0.0003,2.61,13.599050851830924,cpp,96,2,0.0003,7.401486830834377e-13,12,4,False,True,0.00844022799753694,0.005136175119176315,6,0.002301010026035086,6.899385767515216e-12,0.0,0.0,6.899385767515216e-12,0.004952314425217979,True,True
fd_eps,H3e-4,0.0003,2.62,13.735723585077926,cpp,96,2,0.0003,7.401486830834377e-13,12,4,False,True,0.008345679716378451,0.005260754012586216,6,0.0021132966985250535,6.898284741096227e-12,0.0,0.0,6.898284741096227e-12,0.0045517562971072135,True,True
fd_eps,H3e-4,0.0003,2.63,13.873769902129904,cpp,96,2,0.0003,7.401486830834377e-13,12,4,False,True,0.008256773026142961,0.005374569600652408,6,0.0019415180205995023,6.9827886463711316e-12,0.0,0.0,6.9827886463711316e-12,0.004185151111442812,True,True
fd_eps,H3e-4,0.0003,2.64,14.013203607733615,cpp,96,2,0.0003,7.401486830834377e-13,12,4,False,True,0.008173135583508854,0.005478874378433281,6,0.001784261715352769,6.946210338224602e-12,0.0,0.0,6.946210338224602e-12,0.003849458963808987,True,True
fd_eps,H3e-4,0.0003,2.65,14.1540386453758,cpp,96,2,0.0003,7.401486830834377e-13,12,4,False,True,0.008094422887790786,0.0055747255479086195,6,0.0016402462910723931,7.0999210518363536e-12,0.0,0.0,7.0999210518363536e-12,0.0035419291047861013,True,True
fd_eps,H3e-4,0.0003,2.66,14.296289098677603,cpp,96,2,0.0003,7.401486830834377e-13,12,4,False,True,0.008020315828319323,0.0056630240793366805,6,0.0015083084306983482,6.856377788267924e-12,0.0,0.0,6.856377788267924e-12,0.0032600706741089725,True,True
fd_eps,H3e-4,0.0003,2.67,14.43996919280288,cpp,96,2,0.0003,7.401486830834377e-13,12,4,False,True,0.0079505185033745,0.005744544235696818,6,0.0013873916347632207,7.066689601023203e-12,0.0,0.0,7.066689601023203e-12,0.0030016265702079398,True,True
fd_eps,H3e-4,0.0003,2.68,14.585093295880792,cpp,96,2,0.0003,7.401486830834377e-13,12,4,False,True,0.007884756271211617,0.005819956283635323,6,0.0012765359912022885,6.949910751792377e-12,0.0,0.0,6.949910751792377e-12,0.0027645501049345734,True,True
fd_eps,H3e-4,0.0003,2.69,14.73167592044257,cpp,96,2,0.0003,7.401486830834377e-13,12,4,False,True,0.007822774000715144,0.005889844234895602,6,0.0011748689597070013,6.924265969941082e-12,0.0,0.0,6.924265969941082e-12,0.0025469841327558297,True,True
fd_eps,H3e-4,0.0003,2.7,14.879731724872837,cpp,96,2,0.0003,7.401486830834377e-13,12,4,False,True,0.007764334495354733,0.005954719895965914,6,0.0010815970676631848,6.9494299590504115e-12,0.0,0.0,6.9494299590504115e-12,0.0023472423790499475,True,True
fd_eps,H3e-4,0.0003,2.71,15.029275514875401,cpp,96,2,0.0003,7.401486830834377e-13,12,4,False,True,0.007709217068059602,0.006015034129211044,6,0.0009959984255726079,6.983486733332928e-12,0.0,0.0,6.983486733332928e-12,0.0021637927234952705,True,True
fd_eps,H3e-4,0.0003,2.72,15.1803222449539,cpp,96,2,0.0003,7.401486830834377e-13,12,4,False,True,0.007657216249065774,0.00607118597684138,6,0.0009174159791244282,6.95833657606039e-12,0.0,0.0,6.95833657606039e-12,0.001995242222608128,True,True
fd_eps,H3e-4,0.0003,2.73,15.332887019907195,cpp,96,2,0.0003,7.401486830834377e-13,12,4,False,True,0.0076081406107906075,0.006123530125434082,6,0.0008452514235847665,6.9394927573342085e-12,0.0,0.0,6.9394927573342085e-12,0.001840323680099468,True,True
fd_eps,H3e-4,0.0003,2.74,15.486985096339938,cpp,96,2,0.0003,7.401486830834377e-13,12,4,False,True,0.007561811697073824,0.006172383065870856,6,0.0007789597131407772,6.9520616285983555e-12,0.0,0.0,6.9520616285983555e-12,0.0016978835958025803,True,True
fd_eps,H3e-4,0.0003,2.75,15.642631884188171,cpp,96,2,0.0003,7.401486830834377e-13,12,4,False,True,0.007518063045301005,0.006218028217356873,6,0.000718044105332542,7.044498899787345e-12,0.0,0.0,7.044498899787345e-12,0.001566871343139553,True,True
fd_eps,H3e-4,0.0003,2.76,15.799842948260395,cpp,96,2,0.0003,7.401486830834377e-13,12,4,False,True,0.007476739291669037,0.006260720220133584,6,0.0006620516867702287,6.9948738344322475e-12,0.0,0.0,6.9948738344322475e-12,0.0014463294423142984,True,True
fd_eps,H3e-4,0.0003,2.77,15.958634009794029,cpp,96,2,0.0003,7.401486830834377e-13,12,4,False,True,0.0074376953515302305,0.006300688555586234,6,0.0006105693309613585,7.0277046486252205e-12,0.0,0.0,7.0277046486252205e-12,0.001335384811420328,True,True
fd_eps,H3e-4,0.0003,2.78,16.119020948027543,cpp,96,2,0.0003,7.401486830834377e-13,12,4,False,True,0.007400795667256881,0.006338140617344862,6,0.0005632200462890384,6.99250049735087e-12,0.0,0.0,6.99250049735087e-12,0.0012332408911402068,True,True
fd_eps,H3e-4,0.0003,2.79,16.28101980178843,cpp,96,2,0.0003,7.401486830834377e-13,12,4,False,True,0.007365913517265833,0.006373264331025923,6,0.0005196596733611098,6.933751800319069e-12,0.0,0.0,6.933751800319069e-12,0.0011391705502234103,True,True
fd_eps,H3e-4,0.0003,2.8,16.444646771097048,cpp,96,2,0.0003,7.401486830834377e-13,12,4,False,True,0.007332930380563399,0.006406230400735421,6,0.00047957389818218136,6.97622472892014e-12,0.0,0.0,6.97622472892014e-12,0.001052509689637595,True,True
fd_eps,H3e-4,0.0003,2.81,16.6099182187867,cpp,96,2,0.0003,7.401486830834377e-13,12,4,False,True,0.007301735351743937,0.006437194244129279,6,0.0004426755493843244,6.973862238971751e-12,0.0,0.0,6.973862238971751e-12,0.0009726514721397081,True,True
fd_eps,H3e-4,0.0003,2.82,16.776850672139872,cpp,96,2,0.0003,7.401486830834377e-13,12,4,False,True,0.007272224601963281,0.0064662976669089675,6,0.0004087021507229014,6.922189786743161e-12,0.0,0.0,6.922189786743161e-12,0.0008990411123492587,True,True
fd_eps,H3e-4,0.0003,2.83,16.94546082454102,cpp,96,2,0.0003,7.401486830834377e-13,12,4,False,True,0.007244300881924838,0.006493670317569608,6,0.0003774137050039481,6.922189288406067e-12,0.0,0.0,6.922189288406067e-12,0.0008311711694411639,True,True
fd_eps,H3e-4,0.0003,2.84,17.115765537145876,cpp,96,2,0.0003,7.401486830834377e-13,12,4,False,True,0.007217873063097612,0.006519430956281744,6,0.00034859068511094776,6.964584751266999e-12,0.0,0.0,6.964584751266999e-12,0.0007685772909436164,True,True
fd_eps,H3e-4,0.0003,2.85,17.28778184056764,cpp,96,2,0.0003,7.401486830834377e-13,12,4,False,True,0.007192855714138269,0.006543688565453485,6,0.00032203221309795273,6.981352297761562e-12,0.0,0.0,6.981352297761562e-12,0.0007108343617231917,True,True
fd_eps,H3e-4,0.0003,2.86,17.46152693657999,cpp,96,2,0.0003,7.401486830834377e-13,12,4,False,True,0.0071691687093830645,0.006566543325094259,6,0.0002975544085179023,6.9554254175564046e-12,0.0,0.0,6.9554254175564046e-12,0.0006575530172058583,True,True
fd_eps,H3e-4,0.0003,2.87,17.63701819983732,cpp,96,2,0.0003,7.401486830834377e-13,12,4,False,True,0.007146736866879769,0.0065880874722010485,6,0.00027498888927950164,6.982464563998559e-12,0.0,0.0,6.982464563998559e-12,0.0006083764842393392,True,True
fd_eps,H3e-4,0.0003,2.88,17.814273179612197,cpp,96,2,0.0003,7.401486830834377e-13,12,4,False,True,0.007125489613426601,0.006608406060124225,6,0.00025418141088568016,6.95565474746032e-12,0.0,0.0,6.95565474746032e-12,0.0005629777169900678,True,True
fd_eps,H3e-4,0.0003,2.89,17.993309601550315,cpp,96,2,0.0003,7.401486830834377e-13,12,4,False,True,0.007105360674510726,0.006611955985748374,6,0.00023499063036483287,6.960582458653508e-12,0.0,0.0,6.960582458653508e-12,0.0005210567985667397,True,True
fd_eps,H3e-4,0.0003,2.9,18.17414536944306,cpp,96,2,0.0003,7.401486830834377e-13,12,4,False,True,0.007086287787082837,0.006593155727480462,6,0.00021728698292545058,6.9802002400099885e-12,0.0,0.0,6.9802002400099885e-12,0.00048233858233321926,True,True
fd_eps,H3e-4,0.0003,2.91,18.356798567017925,cpp,96,2,0.0003,7.401486830834377e-13,12,4,False,True,0.007068212433382333,0.006575297029403423,6,0.00020095166085257708,6.957019157756348e-12,0.0,0.0,6.957019157756348e-12,0.00044657054939573537,True,True
fd_eps,H3e-4,0.0003,2.92,18.54128745974687,cpp,96,2,0.0003,7.401486830834377e-13,12,4,False,True,0.007051079594075495,0.006558331370341276,6,0.0001858756846562329,6.981252228767047e-12,0.0,0.0,6.981252228767047e-12,0.00041352086137551677,True,True
fd_eps,H3e-4,0.0003,2.93,18.72763049667292,cpp,96,2,0.0003,7.401486830834377e-13,12,4,False,True,0.007034837519267639,0.006542212835611878,6,0.00017195905787036747,6.986251747734892e-12,0.0,0.0,6.986251747734892e-12,0.0003829765895497732,True,True
fd_eps,H3e-4,0.0003,2.94,18.915846312255038,cpp,96,2,0.0003,7.401486830834377e-13,12,4,False,True,0.007019437515924724,0.00652689797029135,6,0.0001591099977070052,6.959375157090749e-12,0.0,0.0,6.959375157090749e-12,0.00035474210351970264,True,True
fd_eps,H3e-4,0.0003,2.95,19.10595372823165,cpp,96,2,0.0003,7.401486830834377e-13,12,4,False,True,0.007004833750469767,0.006512345640982826,6,0.00014724423438872267,6.980421680470114e-12,0.0,0.0,6.980421680470114e-12,0.00032863760420212144,True,True
fd_eps,H3e-4,0.0003,2.96,19.297971755502758,cpp,96,2,0.0003,7.401486830834377e-13,12,4,False,True,0.006990983065325027,0.006498516905526833,6,0.0001362843726099223,6.9635065180376774e-12,0.0,0.0,6.9635065180376774e-12,0.0003044977874901903,True,True
fd_eps,H3e-4,0.0003,2.97,19.49191959603112,cpp,96,2,0.0003,7.401486830834377e-13,12,4,False,True,0.006977844808392604,0.006485374890338143,6,0.00012615930977644658,6.97281874528881e-12,0.0,0.0,6.97281874528881e-12,0.00028217062628919736,True,True
fd_eps,H3e-4,0.0003,2.98,19.6878166447624,cpp,96,2,0.0003,7.401486830834377e-13,12,4,False,True,0.006965380674446747,0.006472884674895655,6,0.00011680370521265517,6.984031446098147e-12,0.0,0.0,6.984031446098147e-12,0.0002615162598888311,True,True
fd_eps,H3e-4,0.0003,2.99,19.88568249156473,cpp,96,2,0.0003,7.401486830834377e-13,12,4,False,True,0.006953554557526521,0.006461013182902827,6,0.00010815749623399232,6.9769235640259355e-12,0.0,0.0,6.9769235640259355e-12,0.00024240598068220586,True,True
fd_eps,H3e-4,0.0003,3.0,20.085536923187668,cpp,96,2,0.0003,7.401486830834377e-13,12,4,False,True,0.00694233241353841,0.006449729079849253,6,0.00010016545626620971,6.979565464412054e-12,0.0,0.0,6.979565464412054e-12,0.00022472130924461417,True,True
fd_eps,H3e-4,0.0003,3.01,20.287399925240926,cpp,96,2,0.0003,7.401486830834377e-13,12,4,False,True,0.006931682132248829,0.006439002676551663,6,9.277679163503061e-05,6.982132356592272e-12,0.0,0.0,6.982132356592272e-12,0.00020835314967746995,True,True
fd_eps,H3e-4,0.0003,3.02,20.49129168419294,cpp,96,2,0.0003,7.401486830834377e-13,12,4,False,True,0.00692157341799451,0.006428805838315405,6,8.594477315690978e-05,6.958347440154956e-12,0.0,0.0,6.958347440154956e-12,0.00019320101787318074,True,True
fd_eps,H3e-4,0.0003,3.03,20.6972325893895,cpp,96,2,0.0003,7.401486830834377e-13,12,4,False,True,0.006911977678497436,0.00641911189933887,6,7.962639954459083e-05,6.966600643264184e-12,0.0,0.0,6.966600643264184e-12,0.00017917233607837039,True,True
fd_eps,H3e-4,0.0003,3.04,20.905243235092758,cpp,96,2,0.0003,7.401486830834377e-13,12,4,False,True,0.006902867921073867,0.006409895582186587,6,7.378208993136043e-05,6.957733684489733e-12,0.0,0.0,6.957733684489733e-12,0.000166181787820338,True,True
fd_eps,H3e-4,0.0003,3.05,21.11534442254061,cpp,96,2,0.0003,7.401486830834377e-13,12,4,False,True,0.006894218655872862,0.00640113292185865,6,6.837540245886597e-05,6.959696892309307e-12,0.0,0.0,6.959696892309307e-12,0.00015415072768569272,True,True
fd_eps,H3e-4,0.0003,3.06,21.327557162026903,cpp,96,2,0.0003,7.401486830834377e-13,12,4,False,True,0.006886005805426609,0.0063928011942716535,6,6.337277710840478e-05,6.966273800318942e-12,0.0,0.0,6.966273800318942e-12,0.00014300664116123808,True,True
fd_eps,H3e-4,0.0003,3.07,21.54190267500241,cpp,96,2,0.0003,7.401486830834377e-13,12,4,False,True,0.0068782066202359325,0.006384878848908696,6,5.874330031318032e-05,6.9645920096345755e-12,0.0,0.0,6.9645920096345755e-12,0.0001326826499937091,True,True
fd_eps,H3e-4,0.0003,3.08,21.75840239619708,cpp,96,2,0.0003,7.401486830834377e-13,12,4,False,True,0.006870799599844385,0.0063773454453094625,6,5.44584894309225e-05,6.9800680634486145e-12,0.0,0.0,6.9800680634486145e-12,0.00012311705913621053,True,True
fd_eps,H3e-4,0.0003,3.09,21.977077975763418,cpp,96,2,0.0003,7.401486830834377e-13,12,4,False,True,0.0068637644190372975,0.006370181593199132,6,5.049209551560598e-05,6.969014394396669e-12,0.0,0.0,6.969014394396669e-12,0.00011425294152435198,True,True
fd_eps,H3e-4,0.0003,3.1,22.197951281441636,cpp,96,2,0.0003,7.401486830834377e-13,12,4,False,True,0.006857081858835339,0.006363368896079157,6,4.6819922609109973e-05,6.983940335330947e-12,0.0,0.0,6.983940335330947e-12,0.00010603775749519355,True,True
fd_eps,H1e-4,0.0001,2.31,10.074424655013587,cpp,96,2,0.0001,2.220446049250313e-12,12,4,False,True,0.01953083901115519,0.006049508333327684,8,0.034965962453103745,1.9127917990198304e-11,0.0,0.0,1.9127917990198304e-11,0.07674185813589803,False,False
fd_eps,H1e-4,0.0001,2.32,10.175674306073333,cpp,96,2,0.0001,2.220446049250313e-12,12,4,False,True,0.01841914286503685,0.006092214634225444,8,0.03176117056072732,2.0117563625702014e-11,0.0,0.0,2.0117563625702014e-11,0.06981390653664718,False,False
fd_eps,H1e-4,0.0001,2.33,10.277941533043448,cpp,96,2,0.0001,2.220446049250313e-12,12,4,False,True,0.017439066527959006,0.006136710416097786,8,0.028864672712093187,2.0902211454158246e-11,0.0,0.0,2.0902211454158246e-11,0.0634504205537718,False,False
fd_eps,H1e-4,0.0001,2.34,10.381236562731843,cpp,96,2,0.0001,2.220446049250313e-12,12,4,False,True,0.016571591463404842,0.006179031899526621,8,0.026243383516281155,2.0583433846048143e-11,0.0,0.0,2.0583433846048143e-11,0.057634848293009654,False,False
fd_eps,H1e-4,0.0001,2.35,10.485569724727576,cpp,96,2,0.0001,2.220446049250313e-12,12,4,False,True,0.015800442807758757,0.006214637544802022,8,0.02386901216248505,2.030597527160768e-11,0.0,0.0,2.030597527160768e-11,0.052339005103380055,False,False
fd_eps,H1e-4,0.0001,2.36,10.59095145243378,cpp,96,2,0.0001,2.220446049250313e-12,12,4,False,True,0.015111805590972045,0.006237312498360607,8,0.021716948811294177,2.0192605759350124e-11,0.0,0.0,2.0192605759350124e-11,0.04752851909994186,True,True
fd_eps,H1e-4,0.0001,2.37,10.697392284111054,cpp,96,2,0.0001,2.220446049250313e-12,12,4,False,True,0.014494012144352775,0.006236528750008958,8,0.019765501523253626,2.0752689250842748e-11,0.0,0.0,2.0752689250842748e-11,0.043166389417491347,True,True
fd_eps,H1e-4,0.0001,2.38,10.804902863931257,cpp,96,2,0.0001,2.220446049250313e-12,12,4,False,True,0.013937243034846251,0.00558115981724291,8,0.01799536575830614,2.004986655955405e-11,0.0,0.0,2.004986655955405e-11,0.03921525872703473,True,True
fd_eps,H1e-4,0.0001,2.39,10.913493943041976,cpp,96,2,0.0001,2.220446049250313e-12,12,4,False,True,0.01343325513334181,0.0020357727448709496,8,0.01638924661153264,1.9095252861259995e-11,0.0,0.0,1.9095252861259995e-11,0.03563881735560848,True,True
fd_eps,H1e-4,0.0001,2.4,11.023176380641601,cpp,96,2,0.0001,2.220446049250313e-12,12,4,False,True,0.012975138910853959,0.005324766702425687,9,0.014931580928847412,2.0556516634727847e-11,0.0,0.0,2.0556516634727847e-11,0.03240262635849909,True,True
fd_eps,H1e-4,0.0001,2.41,11.133961145065307,cpp,96,2,0.0001,2.220446049250313e-12,12,4,False,True,0.012557104072912141,0.005975573507596852,9,0.013608324882240676,2.0802929708532836e-11,0.0,0.0,2.0802929708532836e-11,0.029474556221133714,True,True
fd_eps,H1e-4,0.0001,2.42,11.245859314881844,cpp,96,2,0.0001,2.220446049250313e-12,12,4,False,True,0.012174292425852608,0.005463011820190423,9,0.01240678491277939,2.0093077188677973e-11,0.0,0.0,2.0093077188677973e-11,0.026824975111152897,True,True
fd_eps,H1e-4,0.0001,2.43,11.358882080001457,cpp,96,2,0.0001,2.220446049250313e-12,12,4,False,True,0.011822616851189582,0.004941679976000062,9,0.011315477997522633,2.078666208997295e-11,0.0,0.0,2.078666208997295e-11,0.02442677739372593,True,True
fd_eps,H1e-4,0.0001,2.44,11.473040742794833,cpp,96,2,0.0001,2.220446049250313e-12,12,4,False,True,0.011498624889390597,0.004405739869135437,9,0.010324012397440302,2.0802737837582608e-11,0.0,0.0,2.0802737837582608e-11,0.022255313487616838,True,True
fd_eps,H1e-4,0.0001,2.45,11.588346719223392,cpp,96,2,0.0001,2.220446049250313e-12,12,4,False,True,0.011199384872006585,0.00384612336084955,9,0.009422983344669185,1.9757673571820715e-11,0.0,0.0,1.9757673571820715e-11,0.020288261873239018,True,True
fd_eps,H1e-4,0.0001,2.46,11.704811539980854,cpp,96,2,0.0001,2.220446049250313e-12,12,4,False,True,0.010922392083595116,0.003247991219069446,7,0.00860388019210514,2.0147852825809584e-11,0.0,0.0,2.0147852825809584e-11,0.01850547024336894,True,True
fd_eps,H1e-4,0.0001,2.47,11.822446851646363,cpp,96,2,0.0001,2.220446049250313e-12,12,4,False,True,0.010665492206338726,0.0025853174307014747,7,0.007859002807436554,2.0014184192263195e-11,0.0,0.0,2.0014184192263195e-11,0.016888783390568613,True,True
fd_eps,H1e-4,0.0001,2.48,11.941264417849103,cpp,96,2,0.0001,2.220446049250313e-12,12,4,False,True,0.010426819318894266,0.0018150451737404768,7,0.007181385779376144,1.9782446054871512e-11,0.0,0.0,1.9782446054871512e-11,0.015421869060836872,True,True
fd_eps,H1e-4,0.0001,2.49,12.06127612044472,cpp,96,2,0.0001,2.220446049250313e-12,12,4,False,True,0.010204745914003633,0.0013354544764170096,7,0.006564729459275067,2.0335932920308966e-11,0.0,0.0,2.0335932920308966e-11,0.014090048714176224,True,True
fd_eps,H1e-4,0.0001,2.5,12.182493960703473,cpp,96,2,0.0001,2.220446049250313e-12,12,4,False,True,0.009997842691009567,0.00205723496837695,7,0.006003337129038202,2.010483069285284e-11,0.0,0.0,2.010483069285284e-11,0.012880137262884431,True,True
fd_eps,H1e-4,0.0001,2.51,12.30493006051041,cpp,96,2,0.0001,2.220446049250313e-12,12,4,False,True,0.00980484621600757,0.0023605822533843863,7,0.005492057747978918,1.9854742308184715e-11,0.0,0.0,1.9854742308184715e-11,0.01178029395761054,True,True
fd_eps,H1e-4,0.0001,2.52,12.428596663577544,cpp,96,2,0.0001,2.220446049250313e-12,12,4,False,True,0.009624632862391954,0.0010141373350556631,7,0.005026233823419246,1.9862604098980067e-11,0.0,0.0,1.9862604098980067e-11,0.010779885349795851,True,True
fd_eps,H1e-4,0.0001,2.53,12.55350613666823,cpp,96,2,0.0001,2.220446049250313e-12,12,4,False,True,0.009456197743837451,0.0017993469341575745,6,0.004601653998031031,1.997683036170175e-11,0.0,0.0,1.997683036170175e-11,0.009869360466115909,True,True
fd_eps,H1e-4,0.0001,2.54,12.679670970833877,cpp,96,2,0.0001,2.220446049250313e-12,12,4,False,True,0.009298637603722956,0.0026908964385178205,6,0.004214509986803107,2.0280773224281674e-11,0.0,0.0,2.0280773224281674e-11,0.00904013783975275,True,True
fd_eps,H1e-4,0.0001,2.55,12.80710378266303,cpp,96,2,0.0001,2.220446049250313e-12,12,4,False,True,0.009151136840124433,0.003316018561240418,6,0.00386135752005307,2.009266842231917e-11,0.0,0.0,2.009266842231917e-11,0.00828450375552606,True,True
fd_eps,H1e-4,0.0001,2.56,12.935817315543076,cpp,96,2,0.0001,2.220446049250313e-12,12,4,False,True,0.009012956015834805,0.0038101248973511845,6,0.0035390809623833874,2.020376755199681e-11,0.0,0.0,2.020376755199681e-11,0.007595520912973638,True,True
fd_eps,H1e-4,0.0001,2.57,13.065824440934556,cpp,96,2,0.0001,2.220446049250313e-12,12,4,False,True,0.008883422345186192,0.00422112461416661,6,0.003244861303200892,2.0194651010898256e-11,0.0,0.0,2.0194651010898256e-11,0.00696694664647381,True,True
fd_eps,H1e-4,0.0001,2.58,13.197138159658358,cpp,96,2,0.0001,2.220446049250313e-12,12,4,False,True,0.008761921755773599,0.004572932156424334,6,0.0029761472270912054,2.0013355929897386e-11,0.0,0.0,2.0013355929897386e-11,0.006393159833066241,True,True
fd_eps,H1e-4,0.0001,2.59,13.329771603195772,cpp,96,2,0.0001,2.220446049250313e-12,12,4,False,True,0.008647892213248753,0.00484839256733759,6,0.0027306289920214547,2.0089593152542483e-11,0.0,0.0,2.0089593152542483e-11,0.005869095644938245,True,True
fd_eps,H1e-4,0.0001,2.6,13.463738035001692,cpp,96,2,0.0001,2.220446049250313e-12,12,4,False,True,0.008540818062698663,0.004999320892085116,6,0.0025062148578470196,2.070842055663339e-11,0.0,0.0,2.070842055663339e-11,0.005390187350444605,True,True
fd_eps,H1e-4,0.0001,2.61,13.599050851830924,cpp,96,2,0.0001,2.220446049250313e-12,12,4,False,True,0.008440225193469507,0.005136163927445051,6,0.0023010098331090723,1.9933815270937763e-11,0.0,0.0,1.9933815270937763e-11,0.004952314425217979,True,True
fd_eps,H1e-4,0.0001,2.62,13.735723585077926,cpp,96,2,0.0001,2.220446049250313e-12,12,4,False,True,0.008345676876038387,0.005260743093737347,6,0.0021132965211878743,2.0090740567714937e-11,0.0,0.0,2.0090740567714937e-11,0.0045517562971072135,True,True
fd_eps,H1e-4,0.0001,2.63,13.873769902129904,cpp,96,2,0.0001,2.220446049250313e-12,12,4,False,True,0.00825677015128371,0.005374558920065571,6,0.0019415178575030237,2.0138092329671048e-11,0.0,0.0,2.0138092329671048e-11,0.004185151111442812,True,True
fd_eps,H1e-4,0.0001,2.64,14.013203607733615,cpp,96,2,0.0001,2.220446049250313e-12,12,4,False,True,0.008173132675705352,0.005478863907548306,6,0.0017842615652884,1.9957848987415317e-11,0.0,0.0,1.9957848987415317e-11,0.003849458963808987,True,True
fd_eps,H1e-4,0.0001,2.65,14.1540386453758,cpp,96,2,0.0001,2.220446049250313e-12,12,4,False,True,0.00809441994859711,0.0055747152627419515,6,0.0016402461527137433,1.9826005762502765e-11,0.0,0.0,1.9826005762502765e-11,0.0035419291047861013,True,True
fd_eps,H1e-4,0.0001,2.66,14.296289098677603,cpp,96,2,0.0001,2.220446049250313e-12,12,4,False,True,0.00802031285915829,0.005663013959597904,6,0.001508308303502892,1.990890000182793e-11,0.0,0.0,1.990890000182793e-11,0.0032600706741089725,True,True
fd_eps,H1e-4,0.0001,2.67,14.43996919280288,cpp,96,2,0.0001,2.220446049250313e-12,12,4,False,True,0.007950515505648733,0.00574453426419559,6,0.001387391517561349,1.9942713385959353e-11,0.0,0.0,1.9942713385959353e-11,0.0030016265702079398,True,True
fd_eps,H1e-4,0.0001,2.68,14.585093295880792,cpp,96,2,0.0001,2.220446049250313e-12,12,4,False,True,0.007884753246195968,0.005819946445430726,6,0.0012765358831192102,2.006742157850727e-11,0.0,0.0,2.006742157850727e-11,0.0027645501049345734,True,True
fd_eps,H1e-4,0.0001,2.69,14.73167592044257,cpp,96,2,0.0001,2.220446049250313e-12,12,4,False,True,0.007822770949699992,0.005889834517099757,6,0.0011748688601529033,1.984512307743068e-11,0.0,0.0,1.984512307743068e-11,0.0025469841327558297,True,True
fd_eps,H1e-4,0.0001,2.7,14.879731724872837,cpp,96,2,0.0001,2.220446049250313e-12,12,4,False,True,0.007764331419552034,0.005954710287252784,6,0.0010815969759663732,2.0119063352815117e-11,0.0,0.0,2.0119063352815117e-11,0.0023472423790499475,True,True
fd_eps,H1e-4,0.0001,2.71,15.029275514875401,cpp,96,2,0.0001,2.220446049250313e-12,12,4,False,True,0.007709213968585214,0.006015024619859104,6,0.0009959983410463755,1.987240649552241e-11,0.0,0.0,1.987240649552241e-11,0.0021637927234952705,True,True
fd_eps,H1e-4,0.0001,2.72,15.1803222449539,cpp,96,2,0.0001,2.220446049250313e-12,12,4,False,True,0.007657213127041343,0.006071176558189702,6,0.0009174159011425219,2.0049772284759516e-11,0.0,0.0,2.0049772284759516e-11,0.001995242222608128,True,True
fd_eps,H1e-4,0.0001,2.73,15.332887019907195,cpp,96,2,0.0001,2.220446049250313e-12,12,4,False,True,0.007608137467219107,0.006123520789621658,6,0.0008452513517625672,1.998066777927209e-11,0.0,0.0,1.998066777927209e-11,0.001840323680099468,True,True
fd_eps,H1e-4,0.0001,2.74,15.486985096339938,cpp,96,2,0.0001,2.220446049250313e-12,12,4,False,True,0.0075618085330189985,0.006172373806080516,6,0.000778959646855759,2.01248229151298e-11,0.0,0.0,2.01248229151298e-11,0.0016978835958025803,True,True
fd_eps,H1e-4,0.0001,2.75,15.642631884188171,cpp,96,2,0.0001,2.220446049250313e-12,12,4,False,True,0.007518059861715613,0.006218019027524355,6,0.0007180440441691461,1.9867686792813284e-11,0.0,0.0,1.9867686792813284e-11,0.001566871343139553,True,True
fd_eps,H1e-4,0.0001,2.76,15.799842948260395,cpp,96,2,0.0001,2.220446049250313e-12,12,4,False,True,0.007476736089438214,0.006260711094707796,6,0.0006620516303033592,2.0032642330930052e-11,0.0,0.0,2.0032642330930052e-11,0.0014463294423142984,True,True
fd_eps,H1e-4,0.0001,2.77,15.958634009794029,cpp,96,2,0.0001,2.220446049250313e-12,12,4,False,True,0.007437692131560668,0.006300679489591229,6,0.000610569278890812,2.0321006641465165e-11,0.0,0.0,2.0321006641465165e-11,0.001335384811420328,True,True
fd_eps,H1e-4,0.0001,2.78,16.119020948027543,cpp,96,2,0.0001,2.220446049250313e-12,12,4,False,True,0.007400792430376416,0.006338131606283346,6,0.000563219998245782,2.016671271939778e-11,0.0,0.0,2.016671271939778e-11,0.0012332408911402068,True,True
fd_eps,H1e-4,0.0001,2.79,16.28101980178843,cpp,96,2,0.0001,2.220446049250313e-12,12,4,False,True,0.007365910264276034,0.006373255370886455,6,0.0005196596289712368,2.0006897507950882e-11,0.0,0.0,2.0006897507950882e-11,0.0011391705502234103,True,True
fd_eps,H1e-4,0.0001,2.8,16.444646771097048,cpp,96,2,0.0001,2.220446049250313e-12,12,4,False,True,0.007332927112211669,0.006406221487832845,6,0.00047957385714492525,1.9961233916626388e-11,0.0,0.0,1.9961233916626388e-11,0.001052509689637595,True,True
fd_eps,H1e-4,0.0001,2.81,16.6099182187867,cpp,96,2,0.0001,2.220446049250313e-12,12,4,False,True,0.007301732068800507,0.006437185375174824,6,0.0004426755115272362,2.0102650347495986e-11,0.0,0.0,2.0102650347495986e-11,0.0009726514721397081,True,True
fd_eps,H1e-4,0.0001,2.82,16.776850672139872,cpp,96,2,0.0001,2.220446049250313e-12,12,4,False,True,0.007272221305080751,0.00646628883876072,6,0.0004087021157965109,1.9993379467172794e-11,0.0,0.0,1.9993379467172794e-11,0.0008990411123492587,True,True
fd_eps,H1e-4,0.0001,2.83,16.94546082454102,cpp,96,2,0.0001,2.220446049250313e-12,12,4,False,True,0.007244297571777464,0.006493661527534382,6,0.0003774136727079547,2.0073525416710894e-11,0.0,0.0,2.0073525416710894e-11,0.0008311711694411639,True,True
fd_eps,H1e-4,0.0001,2.84,17.115765537145876,cpp,96,2,0.0001,2.220446049250313e-12,12,4,False,True,0.007217869740327358,0.0065194222017002255,6,0.00034859065518277784,2.0018661528447832e-11,0.0,0.0,2.0018661528447832e-11,0.0007685772909436164,True,True
fd_eps,H1e-4,0.0001,2.85,17.28778184056764,cpp,96,2,0.0001,2.220446049250313e-12,12,4,False,True,0.007192852379364115,0.006543679843995111,6,0.00032203218549929966,2.005041977855938e-11,0.0,0.0,2.005041977855938e-11,0.0007108343617231917,True,True
fd_eps,H1e-4,0.0001,2.86,17.46152693657999,cpp,96,2,0.0001,2.220446049250313e-12,12,4,False,True,0.007169165363145918,0.006566534634653403,6,0.00029755438299332136,1.9996279376837162e-11,0.0,0.0,1.9996279376837162e-11,0.0006575530172058583,True,True
fd_eps,H1e-4,0.0001,2.87,17.63701819983732,cpp,96,2,0.0001,2.220446049250313e-12,12,4,False,True,0.007146733509756451,0.006588078810723693,6,0.000274988865633548,1.9999812436792348e-11,0.0,0.0,1.9999812436792348e-11,0.0006083764842393392,True,True
fd_eps,H1e-4,0.0001,2.88,17.814273179612197,cpp,96,2,0.0001,2.220446049250313e-12,12,4,False,True,0.007125486245927825,0.006608397425799581,6,0.00025418138905032475,2.0057523463604627e-11,0.0,0.0,2.0057523463604627e-11,0.0005629777169900678,True,True
fd_eps,H1e-4,0.0001,2.89,17.993309601550315,cpp,96,2,0.0001,2.220446049250313e-12,12,4,False,True,0.007105357297148328,0.00661195994249066,6,0.0002349906101941209,2.0042133886075785e-11,0.0,0.0,2.0042133886075785e-11,0.0005210567985667397,True,True
fd_eps,H1e-4,0.0001,2.9,18.17414536944306,cpp,96,2,0.0001,2.220446049250313e-12,12,4,False,True,0.007086284400328866,0.006593159696939979,6,0.00021728696420000482,2.0003980931934406e-11,0.0,0.0,2.0003980931934406e-11,0.00048233858233321926,True,True
fd_eps,H1e-4,0.0001,2.91,18.356798567017925,cpp,96,2,0.0001,2.220446049250313e-12,12,4,False,True,0.007068209037688138,0.006575301010943557,6,0.00020095164356924677,1.997540877604677e-11,0.0,0.0,1.997540877604677e-11,0.00044657054939573537,True,True
fd_eps,H1e-4,0.0001,2.92,18.54128745974687,cpp,96,2,0.0001,2.220446049250313e-12,12,4,False,True,0.007051076189874708,0.0065583353633263735,6,0.00018587566860826546,1.9974386103211857e-11,0.0,0.0,1.9974386103211857e-11,0.00041352086137551677,True,True
fd_eps,H1e-4,0.0001,2.93,18.72763049667292,cpp,96,2,0.0001,2.220446049250313e-12,12,4,False,True,0.0070348341069705065,0.006542216839502732,6,0.00017195904302097793,2.0043238439407642e-11,0.0,0.0,2.0043238439407642e-11,0.0003829765895497732,True,True
fd_eps,H1e-4,0.0001,2.94,18.915846312255038,cpp,96,2,0.0001,2.220446049250313e-12,12,4,False,True,0.0070194340959323955,0.00652690198454912,6,0.000159109983961196,2.0037718863589775e-11,0.0,0.0,2.0037718863589775e-11,0.00035474210351970264,True,True
fd_eps,H1e-4,0.0001,2.95,19.10595372823165,cpp,96,2,0.0001,2.220446049250313e-12,12,4,False,True,0.007004830323146067,0.006512349665106272,6,0.00014724422170824967,2.0052924708923495e-11,0.0,0.0,2.0052924708923495e-11,0.00032863760420212144,True,True
fd_eps,H1e-4,0.0001,2.96,19.297971755502758,cpp,96,2,0.0001,2.220446049250313e-12,12,4,False,True,0.006990979631008749,0.0064985209390085,6,0.00013628436086329443,1.9998172431940885e-11,0.0,0.0,1.9998172431940885e-11,0.0003044977874901903,True,True
fd_eps,H1e-4,0.0001,2.97,19.49191959603112,cpp,96,2,0.0001,2.220446049250313e-12,12,4,False,True,0.006977841367436872,0.0064853789327208086,6,0.00012615929887707178,2.001598371604108e-11,0.0,0.0,2.001598371604108e-11,0.00028217062628919736,True,True
fd_eps,H1e-4,0.0001,2.98,19.6878166447624,cpp,96,2,0.0001,2.220446049250313e-12,12,4,False,True,0.0069653772271921046,0.006472888725750317,6,0.00011680369512649014,1.9993557508566608e-11,0.0,0.0,1.9993557508566608e-11,0.0002615162598888311,True,True
fd_eps,H1e-4,0.0001,2.99,19.88568249156473,cpp,96,2,0.0001,2.220446049250313e-12,12,4,False,True,0.006953551104251293,0.006461017241804329,6,0.00010815748685275627,2.0091298752273435e-11,0.0,0.0,2.0091298752273435e-11,0.00024240598068220586,True,True
fd_eps,H1e-4,0.0001,3.0,20.085536923187668,cpp,96,2,0.0001,2.220446049250313e-12,12,4,False,True,0.006942328954548248,0.006449733146405959,6,0.00010016544756749758,2.001636288122051e-11,0.0,0.0,2.001636288122051e-11,0.00022472130924461417,True,True
fd_eps,H1e-4,0.0001,3.01,20.287399925240926,cpp,96,2,0.0001,2.220446049250313e-12,12,4,False,True,0.0069316786678129995,0.006439006750386505,6,9.277678361479935e-05,1.9987467777813454e-11,0.0,0.0,1.9987467777813454e-11,0.00020835314967746995,True,True
fd_eps,H1e-4,0.0001,3.02,20.49129168419294,cpp,96,2,0.0001,2.220446049250313e-12,12,4,False,True,0.006921569948391488,0.006428809919059404,6,8.594476568837927e-05,2.0071922843588295e-11,0.0,0.0,2.0071922843588295e-11,0.00019320101787318074,True,True
fd_eps,H1e-4,0.0001,3.03,20.6972325893895,cpp,96,2,0.0001,2.220446049250313e-12,12,4,False,True,0.006911974203967472,0.006419115986662063,6,7.962639262063839e-05,2.0046612558519442e-11,0.0,0.0,2.0046612558519442e-11,0.00017917233607837039,True,True
fd_eps,H1e-4,0.0001,3.04,20.905243235092758,cpp,96,2,0.0001,2.220446049250313e-12,12,4,False,True,0.006902864441863881,0.006409899675770376,6,7.378208353339042e-05,2.004939751382619e-11,0.0,0.0,2.004939751382619e-11,0.000166181787820338,True,True
fd_eps,H1e-4,0.0001,3.05,21.11534442254061,cpp,96,2,0.0001,2.220446049250313e-12,12,4,False,True,0.006894215172200312,0.006401137021394587,6,6.837539649929066e-05,2.005751460673873e-11,0.0,0.0,2.005751460673873e-11,0.00015415072768569272,True,True
fd_eps,H1e-4,0.0001,3.06,21.327557162026903,cpp,96,2,0.0001,2.220446049250313e-12,12,4,False,True,0.006886002317521947,0.006392805299465845,6,6.337277158554473e-05,2.0048413857082994e-11,0.0,0.0,2.0048413857082994e-11,0.00014300664116123808,True,True
fd_eps,H1e-4,0.0001,3.07,21.54190267500241,cpp,96,2,0.0001,2.220446049250313e-12,12,4,False,True,0.006878203128295643,0.006384882959483793,6,5.8743295197670964e-05,2.004218620388142e-11,0.0,0.0,2.004218620388142e-11,0.0001326826499937091,True,True
fd_eps,H1e-4,0.0001,3.08,21.75840239619708,cpp,96,2,0.0001,2.220446049250313e-12,12,4,False,True,0.006870796104066931,0.006377349560994487,6,5.445848468523778e-05,2.003341684912791e-11,0.0,0.0,2.003341684912791e-11,0.00012311705913621053,True,True
fd_eps,H1e-4,0.0001,3.09,21.977077975763418,cpp,96,2,0.0001,2.220446049250313e-12,12,4,False,True,0.006863760919613358,0.006370185713754801,6,5.049209108495521e-05,2.0018728088779697e-11,0.0,0.0,2.0018728088779697e-11,0.00011425294152435198,True,True
fd_eps,H1e-4,0.0001,3.1,22.197951281441636,cpp,96,2,0.0001,2.220446049250313e-12,12,4,False,True,0.0068570783559353315,0.0063633730212620055,6,4.681991852280238e-05,2.0059579028257232e-11,0.0,0.0,2.0059579028257232e-11,0.00010603775749519355,True,True
fd_eps,H3e-5,3e-05,2.31,10.074424655013587,cpp,96,2,3e-05,7.401486830834377e-12,12,4,False,True,0.019530839146022532,0.006049506616842108,8,0.03496596223904878,9.181211828900195e-11,0.0,0.0,9.181211828900195e-11,0.07674185813589803,False,False
fd_eps,H3e-5,3e-05,2.32,10.175674306073333,cpp,96,2,3e-05,7.401486830834377e-12,12,4,False,True,0.01841914296635239,0.006092212966220347,8,0.031761170353660835,9.49972402793168e-11,0.0,0.0,9.49972402793168e-11,0.06981390653664718,False,False
fd_eps,H3e-5,3e-05,2.33,10.277941533043448,cpp,96,2,3e-05,7.401486830834377e-12,12,4,False,True,0.017439066596173284,0.006136708790061413,8,0.02886467251452535,9.228264817950511e-11,0.0,0.0,9.228264817950511e-11,0.0634504205537718,False,False
fd_eps,H3e-5,3e-05,2.34,10.381236562731843,cpp,96,2,3e-05,7.401486830834377e-12,12,4,False,True,0.0165715914977708,0.006179030308201512,8,0.026243383328626406,9.790604706641827e-11,0.0,0.0,9.790604706641827e-11,0.057634848293009654,False,False
fd_eps,H3e-5,3e-05,2.35,10.485569724727576,cpp,96,2,3e-05,7.401486830834377e-12,12,4,False,True,0.01580044280907887,0.00621463597679113,8,0.02386901198696324,9.489143953861895e-11,0.0,0.0,9.489143953861895e-11,0.052339005103380055,False,False
fd_eps,H3e-5,3e-05,2.36,10.59095145243378,cpp,96,2,3e-05,7.401486830834377e-12,12,4,False,True,0.015111805560914916,0.006237310934878653,8,0.021716948646345085,9.215411331269517e-11,0.0,0.0,9.215411331269517e-11,0.04752851909994186,True,True
fd_eps,H3e-5,3e-05,2.37,10.697392284111054,cpp,96,2,3e-05,7.401486830834377e-12,12,4,False,True,0.014494012085741146,0.006236527158152236,8,0.019765501369528562,9.56661885736044e-11,0.0,0.0,9.56661885736044e-11,0.043166389417491347,True,True
fd_eps,H3e-5,3e-05,2.38,10.804902863931257,cpp,96,2,3e-05,7.401486830834377e-12,12,4,False,True,0.013937242949252915,0.0055811581507538375,8,0.017995365612877408,9.1061820551652e-11,0.0,0.0,9.1061820551652e-11,0.03921525872703473,True,True
fd_eps,H3e-5,3e-05,2.39,10.913493943041976,cpp,96,2,3e-05,7.401486830834377e-12,12,4,False,True,0.01343325502437367,0.0020357668526218347,8,0.016389246478213108,9.27674163430671e-11,0.0,0.0,9.27674163430671e-11,0.03563881735560848,True,True
fd_eps,H3e-5,3e-05,2.4,11.023176380641601,cpp,96,2,3e-05,7.401486830834377e-12,12,4,False,True,0.012975138780208999,0.005324767768371313,9,0.014931580804480853,9.360885429386869e-11,0.0,0.0,9.360885429386869e-11,0.03240262635849909,True,True
fd_eps,H3e-5,3e-05,2.41,11.133961145065307,cpp,96,2,3e-05,7.401486830834377e-12,12,4,False,True,0.012557103923648985,0.005975574591666814,9,0.01360832476748941,9.273806349047194e-11,0.0,0.0,9.273806349047194e-11,0.029474556221133714,True,True
fd_eps,H3e-5,3e-05,2.42,11.245859314881844,cpp,96,2,3e-05,7.401486830834377e-12,12,4,False,True,0.012174292259111078,0.005463013010499977,9,0.012406784805973054,9.234791804790606e-11,0.0,0.0,9.234791804790606e-11,0.026824975111152897,True,True
fd_eps,H3e-5,3e-05,2.43,11.358882080001457,cpp,96,2,3e-05,7.401486830834377e-12,12,4,False,True,0.011822616669008308,0.004941681294700706,9,0.011315477899493427,9.125046338267757e-11,0.0,0.0,9.125046338267757e-11,0.02442677739372593,True,True
fd_eps,H3e-5,3e-05,2.44,11.473040742794833,cpp,96,2,3e-05,7.401486830834377e-12,12,4,False,True,0.011498624693385612,0.004405741346782005,9,0.010324012305563715,9.115500026768124e-11,0.0,0.0,9.115500026768124e-11,0.022255313487616838,True,True
fd_eps,H3e-5,3e-05,2.45,11.588346719223392,cpp,96,2,3e-05,7.401486830834377e-12,12,4,False,True,0.011199384663611622,0.0038461250454026315,9,0.009422983260622755,9.226476520789179e-11,0.0,0.0,9.226476520789179e-11,0.020288261873239018,True,True
fd_eps,H3e-5,3e-05,2.46,11.704811539980854,cpp,96,2,3e-05,7.401486830834377e-12,12,4,False,True,0.010922391864024139,0.00324799319182967,7,0.00860388011484201,9.286759042822792e-11,0.0,0.0,9.286759042822792e-11,0.01850547024336894,True,True
fd_eps,H3e-5,3e-05,2.47,11.822446851646363,cpp,96,2,3e-05,7.401486830834377e-12,12,4,False,True,0.010665491976253926,0.0025853198299143287,7,0.00785900273747639,9.361448178717209e-11,0.0,0.0,9.361448178717209e-11,0.016888783390568613,True,True
fd_eps,H3e-5,3e-05,2.48,11.941264417849103,cpp,96,2,3e-05,7.401486830834377e-12,12,4,False,True,0.01042681907940782,0.0018150481606295638,7,0.007181385714269219,9.499524150705203e-11,0.0,0.0,9.499524150705203e-11,0.015421869060836872,True,True
fd_eps,H3e-5,3e-05,2.49,12.06127612044472,cpp,96,2,3e-05,7.401486830834377e-12,12,4,False,True,0.010204745665754935,0.001335451262025406,7,0.006564729399700899,9.390111304817273e-11,0.0,0.0,9.390111304817273e-11,0.014090048714176224,True,True
fd_eps,H3e-5,3e-05,2.5,12.182493960703473,cpp,96,2,3e-05,7.401486830834377e-12,12,4,False,True,0.0099978424347234,0.002057231973521343,7,0.006003337072895745,9.32596408350164e-11,0.0,0.0,9.32596408350164e-11,0.012880137262884431,True,True
fd_eps,H3e-5,3e-05,2.51,12.30493006051041,cpp,96,2,3e-05,7.401486830834377e-12,12,4,False,True,0.009804845952186713,0.0023605844144582284,7,0.005492057697224045,9.431631947013917e-11,0.0,0.0,9.431631947013917e-11,0.01178029395761054,True,True
fd_eps,H3e-5,3e-05,2.52,12.428596663577544,cpp,96,2,3e-05,7.401486830834377e-12,12,4,False,True,0.009624632591505575,0.001014142479549446,7,0.00502623377668446,9.3759608502522e-11,0.0,0.0,9.3759608502522e-11,0.010779885349795851,True,True
fd_eps,H3e-5,3e-05,2.53,12.55350613666823,cpp,96,2,3e-05,7.401486830834377e-12,12,4,False,True,0.00945619746641775,0.0017993439737578492,6,0.004601653955610818,9.394046810761154e-11,0.0,0.0,9.394046810761154e-11,0.009869360466115909,True,True
fd_eps,H3e-5,3e-05,2.54,12.679670970833877,cpp,96,2,3e-05,7.401486830834377e-12,12,4,False,True,0.009298637320093726,0.0026908944207599825,6,0.004214509947958595,9.305998344910326e-11,0.0,0.0,9.305998344910326e-11,0.00904013783975275,True,True
fd_eps,H3e-5,3e-05,2.55,12.80710378266303,cpp,96,2,3e-05,7.401486830834377e-12,12,4,False,True,0.009151136550378787,0.0033160168961443477,6,0.0038613574843934253,9.199198076915564e-11,0.0,0.0,9.199198076915564e-11,0.00828450375552606,True,True
fd_eps,H3e-5,3e-05,2.56,12.935817315543076,cpp,96,2,3e-05,7.401486830834377e-12,12,4,False,True,0.009012955720675097,0.003810123425412523,6,0.0035390809289547074,9.359478391629517e-11,0.0,0.0,9.359478391629517e-11,0.007595520912973638,True,True
fd_eps,H3e-5,3e-05,2.57,13.065824440934556,cpp,96,2,3e-05,7.401486830834377e-12,12,4,False,True,0.008883422044852554,0.004221123265833125,6,0.0032448612723755834,9.309051934309635e-11,0.0,0.0,9.309051934309635e-11,0.00696694664647381,True,True
fd_eps,H3e-5,3e-05,2.58,13.197138159658358,cpp,96,2,3e-05,7.401486830834377e-12,12,4,False,True,0.008761921450416583,0.0045729308951011505,6,0.0029761471988283775,9.396794512147383e-11,0.0,0.0,9.396794512147383e-11,0.006393159833066241,True,True
fd_eps,H3e-5,3e-05,2.59,13.329771603195772,cpp,96,2,3e-05,7.401486830834377e-12,12,4,False,True,0.008647891903245108,0.004848391216056657,6,0.002730628966363712,9.327166466452134e-11,0.0,0.0,9.327166466452134e-11,0.005869095644938245,True,True
fd_eps,H3e-5,3e-05,2.6,13.463738035001692,cpp,96,2,3e-05,7.401486830834377e-12,12,4,False,True,0.008540817747995508,0.004999319583061553,6,0.002506214833403721,9.286545299559582e-11,0.0,0.0,9.286545299559582e-11,0.005390187350444605,True,True
fd_eps,H3e-5,3e-05,2.61,13.599050851830924,cpp,96,2,3e-05,7.401486830834377e-12,12,4,False,True,0.008440224874368862,0.005136162654391361,6,0.002301009811670781,9.315215666156111e-11,0.0,0.0,9.315215666156111e-11,0.004952314425217979,True,True
fd_eps,H3e-5,3e-05,2.62,13.735723585077926,cpp,96,2,3e-05,7.401486830834377e-12,12,4,False,True,0.008345676552933988,0.005260741851559178,6,0.002113296501086452,9.292662040456815e-11,0.0,0.0,9.292662040456815e-11,0.0045517562971072135,True,True
fd_eps,H3e-5,3e-05,2.63,13.873769902129904,cpp,96,2,3e-05,7.401486830834377e-12,12,4,False,True,0.008256769824240305,0.005374557705046114,6,0.001941517839060463,9.30160414005509e-11,0.0,0.0,9.30160414005509e-11,0.004185151111442812,True,True
fd_eps,H3e-5,3e-05,2.64,14.013203607733615,cpp,96,2,3e-05,7.401486830834377e-12,12,4,False,True,0.008173132344947872,0.005478862716311852,6,0.001784261547959407,9.451123931713875e-11,0.0,0.0,9.451123931713875e-11,0.003849458963808987,True,True
fd_eps,H3e-5,3e-05,2.65,14.1540386453758,cpp,96,2,3e-05,7.401486830834377e-12,12,4,False,True,0.00809441961414099,0.005574714092377427,6,0.0016402461372368009,9.392718813304813e-11,0.0,0.0,9.392718813304813e-11,0.0035419291047861013,True,True
fd_eps,H3e-5,3e-05,2.66,14.296289098677603,cpp,96,2,3e-05,7.401486830834377e-12,12,4,False,True,0.008020312521400567,0.005663012808462386,6,0.0015083082888963646,9.16340154841041e-11,0.0,0.0,9.16340154841041e-11,0.0032600706741089725,True,True
fd_eps,H3e-5,3e-05,2.67,14.43996919280288,cpp,96,2,3e-05,7.401486830834377e-12,12,4,False,True,0.007950515164607088,0.005744533129710569,6,0.0013873915039860159,9.356443053349118e-11,0.0,0.0,9.356443053349118e-11,0.0030016265702079398,True,True
fd_eps,H3e-5,3e-05,2.68,14.585093295880792,cpp,96,2,3e-05,7.401486830834377e-12,12,4,False,True,0.007884752902213382,0.0058199453260858605,6,0.0012765358710843681,9.29361937887275e-11,0.0,0.0,9.29361937887275e-11,0.0027645501049345734,True,True
fd_eps,H3e-5,3e-05,2.69,14.73167592044257,cpp,96,2,3e-05,7.401486830834377e-12,12,4,False,True,0.007822770602536132,0.005889833411603614,6,0.001174868848485685,9.34865036157037e-11,0.0,0.0,9.34865036157037e-11,0.0025469841327558297,True,True
fd_eps,H3e-5,3e-05,2.7,14.879731724872837,cpp,96,2,3e-05,7.401486830834377e-12,12,4,False,True,0.007764331069623533,0.0059547091942033226,6,0.0010815969652876033,9.366654971162275e-11,0.0,0.0,9.366654971162275e-11,0.0023472423790499475,True,True
fd_eps,H3e-5,3e-05,2.71,15.029275514875401,cpp,96,2,3e-05,7.401486830834377e-12,12,4,False,True,0.0077092136159950895,0.006015023538087435,6,0.0009959983310182086,9.291750821304809e-11,0.0,0.0,9.291750821304809e-11,0.0021637927234952705,True,True
fd_eps,H3e-5,3e-05,2.72,15.1803222449539,cpp,96,2,3e-05,7.401486830834377e-12,12,4,False,True,0.007657212771890919,0.006071175486590589,6,0.0009174158922479852,9.31985244220837e-11,0.0,0.0,9.31985244220837e-11,0.001995242222608128,True,True
fd_eps,H3e-5,3e-05,2.73,15.332887019907195,cpp,96,2,3e-05,7.401486830834377e-12,12,4,False,True,0.007608137109639971,0.006123519727456084,6,0.00084525134354581,9.359931342333351e-11,0.0,0.0,9.359931342333351e-11,0.001840323680099468,True,True
fd_eps,H3e-5,3e-05,2.74,15.486985096339938,cpp,96,2,3e-05,7.401486830834377e-12,12,4,False,True,0.007561808173049284,0.0061723727525197425,6,0.0007789596391734403,9.308100806673683e-11,0.0,0.0,9.308100806673683e-11,0.0016978835958025803,True,True
fd_eps,H3e-5,3e-05,2.75,15.642631884188171,cpp,96,2,3e-05,7.401486830834377e-12,12,4,False,True,0.007518059499498259,0.006218017981987841,6,0.0007180440373505519,9.324164629303293e-11,0.0,0.0,9.324164629303293e-11,0.001566871343139553,True,True
fd_eps,H3e-5,3e-05,2.76,15.799842948260395,cpp,96,2,3e-05,7.401486830834377e-12,12,4,False,True,0.007476735725125161,0.00626071005647774,6,0.000662051623766359,9.319618063059106e-11,0.0,0.0,9.319618063059106e-11,0.0014463294423142984,True,True
fd_eps,H3e-5,3e-05,2.77,15.958634009794029,cpp,96,2,3e-05,7.401486830834377e-12,12,4,False,True,0.007437691765225721,0.006300678458182326,6,0.0006105692731531228,9.327480150438354e-11,0.0,0.0,9.327480150438354e-11,0.001335384811420328,True,True
fd_eps,H3e-5,3e-05,2.78,16.119020948027543,cpp,96,2,3e-05,7.401486830834377e-12,12,4,False,True,0.007400792062100569,0.006338130581220518,6,0.0005632199926612187,9.29587335674106e-11,0.0,0.0,9.29587335674106e-11,0.0012332408911402068,True,True
fd_eps,H3e-5,3e-05,2.79,16.28101980178843,cpp,96,2,3e-05,7.401486830834377e-12,12,4,False,True,0.007365909894213969,0.006373254351542702,6,0.0005196596238422633,9.398150232917059e-11,0.0,0.0,9.398150232917059e-11,0.0011391705502234103,True,True
fd_eps,H3e-5,3e-05,2.8,16.444646771097048,cpp,96,2,3e-05,7.401486830834377e-12,12,4,False,True,0.00733292674040581,0.006406220473947676,6,0.00047957385262613854,9.352980478730609e-11,0.0,0.0,9.352980478730609e-11,0.001052509689637595,True,True
fd_eps,H3e-5,3e-05,2.81,16.6099182187867,cpp,96,2,3e-05,7.401486830834377e-12,12,4,False,True,0.0073017316953143405,0.006437184366193511,6,0.00044267550695738385,9.331807318506743e-11,0.0,0.0,9.331807318506743e-11,0.0009726514721397081,True,True
fd_eps,H3e-5,3e-05,2.82,16.776850672139872,cpp,96,2,3e-05,7.401486830834377e-12,12,4,False,True,0.007272220930051717,0.0064662878344195944,6,0.00040870211165945104,9.336895220024989e-11,0.0,0.0,9.336895220024989e-11,0.0008990411123492587,True,True
fd_eps,H3e-5,3e-05,2.83,16.94546082454102,cpp,96,2,3e-05,7.401486830834377e-12,12,4,False,True,0.007244297195144656,0.006493660527425051,6,0.0003774136691343757,9.346135398162193e-11,0.0,0.0,9.346135398162193e-11,0.0008311711694411639,True,True
fd_eps,H3e-5,3e-05,2.84,17.115765537145876,cpp,96,2,3e-05,7.401486830834377e-12,12,4,False,True,0.007217869362285965,0.006519421205897278,6,0.0003485906517726679,9.318704844362626e-11,0.0,0.0,9.318704844362626e-11,0.0007685772909436164,True,True
fd_eps,H3e-5,3e-05,2.85,17.28778184056764,cpp,96,2,3e-05,7.401486830834377e-12,12,4,False,True,0.007192851999951778,0.006543678851840943,6,0.0003220321822690529,9.29928257215001e-11,0.0,0.0,9.29928257215001e-11,0.0007108343617231917,True,True
fd_eps,H3e-5,3e-05,2.86,17.46152693657999,cpp,96,2,3e-05,7.401486830834377e-12,12,4,False,True,0.0071691649824485336,0.006566533645981146,6,0.0002975543800069334,9.317786783579404e-11,0.0,0.0,9.317786783579404e-11,0.0006575530172058583,True,True
fd_eps,H3e-5,3e-05,2.87,17.63701819983732,cpp,96,2,3e-05,7.401486830834377e-12,12,4,False,True,0.00714673312780624,0.00658807782535405,6,0.0002749888629156233,9.346598546158515e-11,0.0,0.0,9.346598546158515e-11,0.0006083764842393392,True,True
fd_eps,H3e-5,3e-05,2.88,17.814273179612197,cpp,96,2,3e-05,7.401486830834377e-12,12,4,False,True,0.007125485862839774,0.006608396443560138,6,0.0002541813867128801,9.373013770935167e-11,0.0,0.0,9.373013770935167e-11,0.0005629777169900678,True,True
fd_eps,H3e-5,3e-05,2.89,17.993309601550315,cpp,96,2,3e-05,7.401486830834377e-12,12,4,False,True,0.007105356912932872,0.006611960392877008,6,0.00023499060771965216,9.371462946913936e-11,0.0,0.0,9.371462946913936e-11,0.0005210567985667397,True,True
fd_eps,H3e-5,3e-05,2.9,18.17414536944306,cpp,96,2,3e-05,7.401486830834377e-12,12,4,False,True,0.007086284015020003,0.006593160148713533,6,0.00021728696207477973,9.342077462018565e-11,0.0,0.0,9.342077462018565e-11,0.00048233858233321926,True,True
fd_eps,H3e-5,3e-05,2.91,18.356798567017925,cpp,96,2,3e-05,7.401486830834377e-12,12,4,False,True,0.00706820865134367,0.006575301464026952,6,0.00020095164162296629,9.350600472932675e-11,0.0,0.0,9.350600472932675e-11,0.00044657054939573537,True,True
fd_eps,H3e-5,3e-05,2.92,18.54128745974687,cpp,96,2,3e-05,7.401486830834377e-12,12,4,False,True,0.007051075802577338,0.006558335817799653,6,0.00018587566691329648,9.326282290276708e-11,0.0,0.0,9.326282290276708e-11,0.00041352086137551677,True,True
fd_eps,H3e-5,3e-05,2.93,18.72763049667292,cpp,96,2,3e-05,7.401486830834377e-12,12,4,False,True,0.007034833718740595,0.0065422172952205575,6,0.0001719590412709943,9.334303229351225e-11,0.0,0.0,9.334303229351225e-11,0.0003829765895497732,True,True
fd_eps,H3e-5,3e-05,2.94,18.915846312255038,cpp,96,2,3e-05,7.401486830834377e-12,12,4,False,True,0.007019433706829602,0.0065269024414493166,6,0.0001591099823162399,9.35739317781102e-11,0.0,0.0,9.35739317781102e-11,0.00035474210351970264,True,True
fd_eps,H3e-5,3e-05,2.95,19.10595372823165,cpp,96,2,3e-05,7.401486830834377e-12,12,4,False,True,0.007004829933206022,0.006512350123105393,6,0.00014724422029767733,9.329067914212301e-11,0.0,0.0,9.329067914212301e-11,0.00032863760420212144,True,True
fd_eps,H3e-5,3e-05,2.96,19.297971755502758,cpp,96,2,3e-05,7.401486830834377e-12,12,4,False,True,0.006990979240318661,0.006498521398039104,6,0.00013628435941002268,9.328693007387835e-11,0.0,0.0,9.328693007387835e-11,0.0003044977874901903,True,True
fd_eps,H3e-5,3e-05,2.97,19.49191959603112,cpp,96,2,3e-05,7.401486830834377e-12,12,4,False,True,0.006977840975967062,0.006485379392853619,6,0.00012615929749633508,9.36013311253867e-11,0.0,0.0,9.36013311253867e-11,0.00028217062628919736,True,True
fd_eps,H3e-5,3e-05,2.98,19.6878166447624,cpp,96,2,3e-05,7.401486830834377e-12,12,4,False,True,0.006965376834976068,0.006472889186808881,6,0.00011680369395137717,9.36882592112864e-11,0.0,0.0,9.36882592112864e-11,0.0002615162598888311,True,True
fd_eps,H3e-5,3e-05,2.99,19.88568249156473,cpp,96,2,3e-05,7.401486830834377e-12,12,4,False,True,0.006953550711367626,0.006461017703743217,6,0.00010815748582151419,9.329353244455602e-11,0.0,0.0,9.329353244455602e-11,0.00024240598068220586,True,True
fd_eps,H3e-5,3e-05,3.0,20.085536923187668,cpp,96,2,3e-05,7.401486830834377e-12,12,4,False,True,0.0069423285610292354,0.006449733609260461,6,0.00010016544645098473,9.349896639579121e-11,0.0,0.0,9.349896639579121e-11,0.00022472130924461417,True,True
fd_eps,H3e-5,3e-05,3.01,20.287399925240926,cpp,96,2,3e-05,7.401486830834377e-12,12,4,False,True,0.006931678273642679,0.006439007214040041,6,9.277678254013295e-05,9.35354010365198e-11,0.0,0.0,9.35354010365198e-11,0.00020835314967746995,True,True
fd_eps,H3e-5,3e-05,3.02,20.49129168419294,cpp,96,2,3e-05,7.401486830834377e-12,12,4,False,True,0.00692156955366722,0.0064288103835234145,6,8.594476463661112e-05,9.340379460189879e-11,0.0,0.0,9.340379460189879e-11,0.00019320101787318074,True,True
fd_eps,H3e-5,3e-05,3.03,20.6972325893895,cpp,96,2,3e-05,7.401486830834377e-12,12,4,False,True,0.006911973808687534,0.006419116451901866,6,7.962639185482153e-05,9.341485476530962e-11,0.0,0.0,9.341485476530962e-11,0.00017917233607837039,True,True
fd_eps,H3e-5,3e-05,3.04,20.905243235092758,cpp,96,2,3e-05,7.401486830834377e-12,12,4,False,True,0.006902864046025043,0.006409900141720134,6,7.378208274269622e-05,9.347568029653956e-11,0.0,0.0,9.347568029653956e-11,0.000166181787820338,True,True
fd_eps,H3e-5,3e-05,3.05,21.11534442254061,cpp,96,2,3e-05,7.401486830834377e-12,12,4,False,True,0.00689421477587205,0.0064011374880114935,6,6.837539580028714e-05,9.339914979355605e-11,0.0,0.0,9.339914979355605e-11,0.00015415072768569272,True,True
fd_eps,H3e-5,3e-05,3.06,21.327557162026903,cpp,96,2,3e-05,7.401486830834377e-12,12,4,False,True,0.0068860019207177495,0.006392805766716749,6,6.337277085243927e-05,9.353122322086263e-11,0.0,0.0,9.353122322086263e-11,0.00014300664116123808,True,True
fd_eps,H3e-5,3e-05,3.07,21.54190267500241,cpp,96,2,3e-05,7.401486830834377e-12,12,4,False,True,0.00687820273101979,0.006384883427311448,6,5.874329450711595e-05,9.338153479549493e-11,0.0,0.0,9.338153479549493e-11,0.0001326826499937091,True,True
fd_eps,H3e-5,3e-05,3.08,21.75840239619708,cpp,96,2,3e-05,7.401486830834377e-12,12,4,False,True,0.006870795706351604,0.006377350029469566,6,5.445848405842083e-05,9.349293832162718e-11,0.0,0.0,9.349293832162718e-11,0.00012311705913621053,True,True
fd_eps,H3e-5,3e-05,3.09,21.977077975763418,cpp,96,2,3e-05,7.401486830834377e-12,12,4,False,True,0.006863760521499453,0.006370186182716461,6,5.0492090576635944e-05,9.348234015317943e-11,0.0,0.0,9.348234015317943e-11,0.00011425294152435198,True,True
fd_eps,H3e-5,3e-05,3.1,22.197951281441636,cpp,96,2,3e-05,7.401486830834377e-12,12,4,False,True,0.006857077957447015,0.006363373490790679,6,4.681991800645564e-05,9.3400563585541e-11,0.0,0.0,9.3400563585541e-11,0.00010603775749519355,True,True
