file,family,topology_class,seed_kind,q,h,p,replicate,seed_file,seed_sha256,geometry_ok,separation_ratio,n,rg,length,ds_cv,min_nonlocal_vertex_distance
knot_0.1/knot_0p1_qm0p05_h0_p0.txt,knot_0.1,0.1,knot,-0.05,0,0,0,C:\workspace\projects\SST-Workbench\KnotPlot\knots\final\knot_0.1_final.txt,6f89c421965ed6cc2ae690cdf9f6a39f80ca4faeb0d9cbb331d81e47a624c1fc,true,0.9495657475266625,192,0.47702939740046735,2.997131888299515,0.0006572495449106155,0.062368390407641736
knot_0.1/knot_0p1_qm0p02_h0_p0.txt,knot_0.1,0.1,knot,-0.02,0,0,0,C:\workspace\projects\SST-Workbench\KnotPlot\knots\final\knot_0.1_final.txt,6f89c421965ed6cc2ae690cdf9f6a39f80ca4faeb0d9cbb331d81e47a624c1fc,true,0.9798330384533835,192,0.49209348237865286,3.0917781654331797,0.0002497117668927775,0.06435637514910526
knot_0.1/knot_0p1_q0_hm0p05_p0.txt,knot_0.1,0.1,knot,0,-0.05,0,0,C:\workspace\projects\SST-Workbench\KnotPlot\knots\final\knot_0.1_final.txt,6f89c421965ed6cc2ae690cdf9f6a39f80ca4faeb0d9cbb331d81e47a624c1fc,true,1.049647490675329,192,0.5272430142597373,3.3126194799160635,0.0006108194016623286,0.06894185543166115
knot_0.1/knot_0p1_q0_hm0p02_p0.txt,knot_0.1,0.1,knot,0,-0.02,0,0,C:\workspace\projects\SST-Workbench\KnotPlot\knots\final\knot_0.1_final.txt,6f89c421965ed6cc2ae690cdf9f6a39f80ca4faeb0d9cbb331d81e47a624c1fc,true,1.0198921042929379,192,0.5121789291254822,3.2179732020935865,0.00025655615499003916,0.06698749307238167
knot_0.1/knot_0p1_q0_h0_pm0p05.txt,knot_0.1,0.1,knot,0,0,-0.05,0,C:\workspace\projects\SST-Workbench\KnotPlot\knots\final\knot_0.1_final.txt,6f89c421965ed6cc2ae690cdf9f6a39f80ca4faeb0d9cbb331d81e47a624c1fc,false,0.8934516817407012,192,0.502749218962913,5.42363724857436,0.485690333758991,0.058682764666175474
knot_0.1/knot_0p1_q0_h0_pm0p02.txt,knot_0.1,0.1,knot,0,0,-0.02,0,C:\workspace\projects\SST-Workbench\KnotPlot\knots\final\knot_0.1_final.txt,6f89c421965ed6cc2ae690cdf9f6a39f80ca4faeb0d9cbb331d81e47a624c1fc,false,0.9491557142052283,192,0.5022326934777204,3.694171996347322,0.19716938047487156,0.062341459025230396
knot_0.1/knot_0p1_q0_h0_p0.txt,knot_0.1,0.1,knot,0.0,0.0,0.0,0,C:\workspace\projects\SST-Workbench\KnotPlot\knots\final\knot_0.1_final.txt,6f89c421965ed6cc2ae690cdf9f6a39f80ca4faeb0d9cbb331d81e47a624c1fc,true,1.0,192,0.5021362057372409,3.154875683697947,1.0192426422453282e-05,0.06568096055496202
knot_0.1/knot_0p1_q0_h0_p0p02.txt,knot_0.1,0.1,knot,0,0,0.02,0,C:\workspace\projects\SST-Workbench\KnotPlot\knots\final\knot_0.1_final.txt,6f89c421965ed6cc2ae690cdf9f6a39f80ca4faeb0d9cbb331d81e47a624c1fc,false,0.9578445342241272,192,0.5022381756450248,3.6944439056640386,0.1968211901568666,0.06291214907016086
knot_0.1/knot_0p1_q0_h0_p0p05.txt,knot_0.1,0.1,knot,0,0,0.05,0,C:\workspace\projects\SST-Workbench\KnotPlot\knots\final\knot_0.1_final.txt,6f89c421965ed6cc2ae690cdf9f6a39f80ca4faeb0d9cbb331d81e47a624c1fc,false,0.8985584475117079,192,0.5027629101885018,5.425451035142649,0.4848578446487787,0.05901818194734439
knot_0.1/knot_0p1_q0_h0p02_p0.txt,knot_0.1,0.1,knot,0,0.02,0,0,C:\workspace\projects\SST-Workbench\KnotPlot\knots\final\knot_0.1_final.txt,6f89c421965ed6cc2ae690cdf9f6a39f80ca4faeb0d9cbb331d81e47a624c1fc,true,0.9798330384533835,192,0.49209348237865286,3.0917781654331797,0.0002497117668927775,0.06435637514910526
knot_0.1/knot_0p1_q0_h0p05_p0.txt,knot_0.1,0.1,knot,0,0.05,0,0,C:\workspace\projects\SST-Workbench\KnotPlot\knots\final\knot_0.1_final.txt,6f89c421965ed6cc2ae690cdf9f6a39f80ca4faeb0d9cbb331d81e47a624c1fc,true,0.9495657475266625,192,0.47702939740046735,2.997131888299515,0.0006572495449106155,0.062368390407641736
knot_0.1/knot_0p1_q0p02_h0_p0.txt,knot_0.1,0.1,knot,0.02,0,0,0,C:\workspace\projects\SST-Workbench\KnotPlot\knots\final\knot_0.1_final.txt,6f89c421965ed6cc2ae690cdf9f6a39f80ca4faeb0d9cbb331d81e47a624c1fc,true,1.0198921042929379,192,0.5121789291254822,3.2179732020935865,0.00025655615499003916,0.06698749307238167
knot_0.1/knot_0p1_q0p05_h0_p0.txt,knot_0.1,0.1,knot,0.05,0,0,0,C:\workspace\projects\SST-Workbench\KnotPlot\knots\final\knot_0.1_final.txt,6f89c421965ed6cc2ae690cdf9f6a39f80ca4faeb0d9cbb331d81e47a624c1fc,true,1.049647490675329,192,0.5272430142597373,3.3126194799160635,0.0006108194016623286,0.06894185543166115
knot_10.123/knot_10p123_qm0p05_h0_p0.txt,knot_10.123,10.123,knot,-0.05,0,0,0,C:\workspace\projects\SST-Workbench\KnotPlot\knots\final\knot_10.123_final.txt,7c3d634f3c6df14908cb935ca7636834488b6afc8d112c85bc7b8a6ad603066c,true,0.8861882379896835,192,1.7309838426485082,43.56567728491285,0.0694694157543138,0.8098335545749313
knot_10.123/knot_10p123_qm0p02_h0_p0.txt,knot_10.123,10.123,knot,-0.02,0,0,0,C:\workspace\projects\SST-Workbench\KnotPlot\knots\final\knot_10.123_final.txt,7c3d634f3c6df14908cb935ca7636834488b6afc8d112c85bc7b8a6ad603066c,true,0.9583042568206733,192,1.7791099801977917,45.07925787118212,0.02665920740682125,0.8757359998659882
knot_10.123/knot_10p123_q0_hm0p05_p0.txt,knot_10.123,10.123,knot,0,-0.05,0,0,C:\workspace\projects\SST-Workbench\KnotPlot\knots\final\knot_10.123_final.txt,7c3d634f3c6df14908cb935ca7636834488b6afc8d112c85bc7b8a6ad603066c,true,0.9508346568701899,192,1.8341015200697932,46.11837272912277,0.05468919029192902,0.8689099865881825
knot_10.123/knot_10p123_q0_hm0p02_p0.txt,knot_10.123,10.123,knot,0,-0.02,0,0,C:\workspace\projects\SST-Workbench\KnotPlot\knots\final\knot_10.123_final.txt,7c3d634f3c6df14908cb935ca7636834488b6afc8d112c85bc7b8a6ad603066c,true,0.9883269816536926,192,1.819967486174587,46.06858405432566,0.02168288778620456,0.903171942848829
knot_10.123/knot_10p123_q0_h0_pm0p05.txt,knot_10.123,10.123,knot,0,0,-0.05,0,C:\workspace\projects\SST-Workbench\KnotPlot\knots\final\knot_10.123_final.txt,7c3d634f3c6df14908cb935ca7636834488b6afc8d112c85bc7b8a6ad603066c,true,0.8223885228654042,192,1.8136519098070036,46.244526376480856,0.04725028745748952,0.7515308736488451
knot_10.123/knot_10p123_q0_h0_pm0p02.txt,knot_10.123,10.123,knot,0,0,-0.02,0,C:\workspace\projects\SST-Workbench\KnotPlot\knots\final\knot_10.123_final.txt,7c3d634f3c6df14908cb935ca7636834488b6afc8d112c85bc7b8a6ad603066c,true,0.977140594492185,192,1.811751530012253,46.130831242640255,0.018966511123467106,0.8929493837022466
knot_10.123/knot_10p123_q0_h0_p0.txt,knot_10.123,10.123,knot,0.0,0.0,0.0,0,C:\workspace\projects\SST-Workbench\KnotPlot\knots\final\knot_10.123_final.txt,7c3d634f3c6df14908cb935ca7636834488b6afc8d112c85bc7b8a6ad603066c,true,0.9999999999999999,192,1.8113894184646162,46.106317356137644,0.001144815009171023,0.9138392046502866
knot_10.123/knot_10p123_q0_h0_p0p02.txt,knot_10.123,10.123,knot,0,0,0.02,0,C:\workspace\projects\SST-Workbench\KnotPlot\knots\final\knot_10.123_final.txt,7c3d634f3c6df14908cb935ca7636834488b6afc8d112c85bc7b8a6ad603066c,true,0.977698438258884,192,1.8117517864521109,46.12289574500514,0.019030370768465244,0.893459163206326
knot_10.123/knot_10p123_q0_h0_p0p05.txt,knot_10.123,10.123,knot,0,0,0.05,0,C:\workspace\projects\SST-Workbench\KnotPlot\knots\final\knot_10.123_final.txt,7c3d634f3c6df14908cb935ca7636834488b6afc8d112c85bc7b8a6ad603066c,true,0.8181409175689531,192,1.8136525502348235,46.224855301371804,0.04727544584045834,0.7476492454030679
knot_10.123/knot_10p123_q0_h0p02_p0.txt,knot_10.123,10.123,knot,0,0.02,0,0,C:\workspace\projects\SST-Workbench\KnotPlot\knots\final\knot_10.123_final.txt,7c3d634f3c6df14908cb935ca7636834488b6afc8d112c85bc7b8a6ad603066c,true,0.9879770523452662,192,1.8034984072705358,46.20194743666246,0.02113297999619239,0.9028521637279328
knot_10.123/knot_10p123_q0_h0p05_p0.txt,knot_10.123,10.123,knot,0,0.05,0,0,C:\workspace\projects\SST-Workbench\KnotPlot\knots\final\knot_10.123_final.txt,7c3d634f3c6df14908cb935ca7636834488b6afc8d112c85bc7b8a6ad603066c,true,0.9563646821715456,192,1.7929697492314554,46.455955548258785,0.0516728786397855,0.8739635405112695
knot_10.123/knot_10p123_q0p02_h0_p0.txt,knot_10.123,10.123,knot,0.02,0,0,0,C:\workspace\projects\SST-Workbench\KnotPlot\knots\final\knot_10.123_final.txt,7c3d634f3c6df14908cb935ca7636834488b6afc8d112c85bc7b8a6ad603066c,true,0.980820413863467,192,1.8438155640659473,47.14654369520124,0.026289782453638492,0.8963121469097557
knot_10.123/knot_10p123_q0p05_h0_p0.txt,knot_10.123,10.123,knot,0.05,0,0,0,C:\workspace\projects\SST-Workbench\KnotPlot\knots\final\knot_10.123_final.txt,7c3d634f3c6df14908cb935ca7636834488b6afc8d112c85bc7b8a6ad603066c,true,0.9520750462867178,192,1.89271335524989,48.72960836219056,0.06300401575456986,0.8700435030660391
knot_10.1/knot_10p1_qm0p05_h0_p0.txt,knot_10.1,10.1,knot,-0.05,0,0,0,C:\workspace\projects\SST-Workbench\KnotPlot\knots\final\knot_10.1_final.txt,f03d7ff827be5b4e6bde2b98aed16b1aeffd00bd89a44f84b5de82fed242477a,true,0.8558777674770154,192,1.9193698202433829,41.29430161496525,0.07393664719771305,0.7376288218420234
knot_10.1/knot_10p1_qm0p02_h0_p0.txt,knot_10.1,10.1,knot,-0.02,0,0,0,C:\workspace\projects\SST-Workbench\KnotPlot\knots\final\knot_10.1_final.txt,f03d7ff827be5b4e6bde2b98aed16b1aeffd00bd89a44f84b5de82fed242477a,true,0.9562145087973848,192,1.9701515618611374,42.75903761216709,0.02838360204028925,0.8241029366046778
knot_10.1/knot_10p1_q0_hm0p05_p0.txt,knot_10.1,10.1,knot,0,-0.05,0,0,C:\workspace\projects\SST-Workbench\KnotPlot\knots\final\knot_10.1_final.txt,f03d7ff827be5b4e6bde2b98aed16b1aeffd00bd89a44f84b5de82fed242477a,true,0.9022498333746214,192,2.0596671165499156,44.210989437679245,0.08464849166908463,0.777594075800265
knot_10.1/knot_10p1_q0_hm0p02_p0.txt,knot_10.1,10.1,knot,0,-0.02,0,0,C:\workspace\projects\SST-Workbench\KnotPlot\knots\final\knot_10.1_final.txt,f03d7ff827be5b4e6bde2b98aed16b1aeffd00bd89a44f84b5de82fed242477a,true,0.9737646772770604,192,2.026029698150683,43.88916147380809,0.034058603843655166,0.8392283559001846
knot_10.1/knot_10p1_q0_h0_pm0p05.txt,knot_10.1,10.1,knot,0,0,-0.05,0,C:\workspace\projects\SST-Workbench\KnotPlot\knots\final\knot_10.1_final.txt,f03d7ff827be5b4e6bde2b98aed16b1aeffd00bd89a44f84b5de82fed242477a,true,0.9218336863111711,192,2.0032730947090838,44.07235261247626,0.04433096618473363,0.7944722036330487
knot_10.1/knot_10p1_q0_h0_pm0p02.txt,knot_10.1,10.1,knot,0,0,-0.02,0,C:\workspace\projects\SST-Workbench\KnotPlot\knots\final\knot_10.1_final.txt,f03d7ff827be5b4e6bde2b98aed16b1aeffd00bd89a44f84b5de82fed242477a,true,0.9782218548469181,192,2.0032849170383242,43.8463775277247,0.01771508365902977,0.8430697252691853
knot_10.1/knot_10p1_q0_h0_p0.txt,knot_10.1,10.1,knot,0.0,0.0,0.0,0,C:\workspace\projects\SST-Workbench\KnotPlot\knots\final\knot_10.1_final.txt,f03d7ff827be5b4e6bde2b98aed16b1aeffd00bd89a44f84b5de82fed242477a,true,1.0,192,2.0042933010068817,43.770722538245394,0.001145202459819077,0.8618389796669562
knot_10.1/knot_10p1_q0_h0_p0p02.txt,knot_10.1,10.1,knot,0,0,0.02,0,C:\workspace\projects\SST-Workbench\KnotPlot\knots\final\knot_10.1_final.txt,f03d7ff827be5b4e6bde2b98aed16b1aeffd00bd89a44f84b5de82fed242477a,true,0.9830313991654492,192,2.006100818471553,43.75578603769816,0.017803046834156542,0.8472147780373311
knot_10.1/knot_10p1_q0_h0_p0p05.txt,knot_10.1,10.1,knot,0,0,0.05,0,C:\workspace\projects\SST-Workbench\KnotPlot\knots\final\knot_10.1_final.txt,f03d7ff827be5b4e6bde2b98aed16b1aeffd00bd89a44f84b5de82fed242477a,true,0.8795733139512758,192,2.0103054940935685,43.846994816751554,0.04445369886413597,0.7580505674380509
knot_10.1/knot_10p1_q0_h0p02_p0.txt,knot_10.1,10.1,knot,0,0.02,0,0,C:\workspace\projects\SST-Workbench\KnotPlot\knots\final\knot_10.1_final.txt,f03d7ff827be5b4e6bde2b98aed16b1aeffd00bd89a44f84b5de82fed242477a,true,0.9626583482197387,192,1.9831289411221162,43.73102772156096,0.03368333867457101,0.829656488597577
knot_10.1/knot_10p1_q0_h0p05_p0.txt,knot_10.1,10.1,knot,0,0.05,0,0,C:\workspace\projects\SST-Workbench\KnotPlot\knots\final\knot_10.1_final.txt,f03d7ff827be5b4e6bde2b98aed16b1aeffd00bd89a44f84b5de82fed242477a,true,0.870967893540745,192,1.9524955260681116,43.82200847029993,0.08368186621751363,0.7506340806918338
knot_10.1/knot_10p1_q0p02_h0_p0.txt,knot_10.1,10.1,knot,0.02,0,0,0,C:\workspace\projects\SST-Workbench\KnotPlot\knots\final\knot_10.1_final.txt,f03d7ff827be5b4e6bde2b98aed16b1aeffd00bd89a44f84b5de82fed242477a,true,0.9828427790384728,192,2.038651377775968,44.808294696725,0.027751897694458003,0.8470522178595531
knot_10.1/knot_10p1_q0p05_h0_p0.txt,knot_10.1,10.1,knot,0.05,0,0,0,C:\workspace\projects\SST-Workbench\KnotPlot\knots\final\knot_10.1_final.txt,f03d7ff827be5b4e6bde2b98aed16b1aeffd00bd89a44f84b5de82fed242477a,true,0.957600500143196,192,2.0905707750207956,46.40957029538698,0.06640023061494059,0.825297437971979
knot_3.1/knot_3p1_qm0p05_h0_p0.txt,knot_3.1,3.1,knot,-0.05,0,0,0,C:\workspace\projects\SST-Workbench\KnotPlot\knots\final\knot_3.1_final.txt,0301d9112581299b98294f80e0bb7d214f9b6de04ab76f587e278fa3f3ee9732,true,0.9195046489822729,192,1.1815238003767476,15.499249613792886,0.03056699957556042,0.31064810074104565
knot_3.1/knot_3p1_qm0p02_h0_p0.txt,knot_3.1,3.1,knot,-0.02,0,0,0,C:\workspace\projects\SST-Workbench\KnotPlot\knots\final\knot_3.1_final.txt,0301d9112581299b98294f80e0bb7d214f9b6de04ab76f587e278fa3f3ee9732,true,0.9706769487177818,192,1.2161416271290395,16.019851153837987,0.011758916142811875,0.32793629796873996
knot_3.1/knot_3p1_q0_hm0p05_p0.txt,knot_3.1,3.1,knot,0,-0.05,0,0,C:\workspace\projects\SST-Workbench\KnotPlot\knots\final\knot_3.1_final.txt,0301d9112581299b98294f80e0bb7d214f9b6de04ab76f587e278fa3f3ee9732,true,0.97588599365382,192,1.2764000471557635,16.733008840857252,0.03319475607522079,0.3296961367230585
knot_3.1/knot_3p1_q0_hm0p02_p0.txt,knot_3.1,3.1,knot,0,-0.02,0,0,C:\workspace\projects\SST-Workbench\KnotPlot\knots\final\knot_3.1_final.txt,0301d9112581299b98294f80e0bb7d214f9b6de04ab76f587e278fa3f3ee9732,true,0.9912939236529212,192,1.2539058549728457,16.507523047053585,0.013423500542143509,0.33490159620156085
knot_3.1/knot_3p1_q0_h0_pm0p05.txt,knot_3.1,3.1,knot,0,0,-0.05,0,C:\workspace\projects\SST-Workbench\KnotPlot\knots\final\knot_3.1_final.txt,0301d9112581299b98294f80e0bb7d214f9b6de04ab76f587e278fa3f3ee9732,true,0.9125555103097196,192,1.240819325366496,16.422881599320416,0.04405076390300896,0.30830038370361235
knot_3.1/knot_3p1_q0_h0_pm0p02.txt,knot_3.1,3.1,knot,0,0,-0.02,0,C:\workspace\projects\SST-Workbench\KnotPlot\knots\final\knot_3.1_final.txt,0301d9112581299b98294f80e0bb7d214f9b6de04ab76f587e278fa3f3ee9732,true,0.96223003063415,192,1.2395449584752811,16.377073410259086,0.017781293303877253,0.3250825668182779
knot_3.1/knot_3p1_q0_h0_p0.txt,knot_3.1,3.1,knot,0.0,0.0,0.0,0,C:\workspace\projects\SST-Workbench\KnotPlot\knots\final\knot_3.1_final.txt,0301d9112581299b98294f80e0bb7d214f9b6de04ab76f587e278fa3f3ee9732,true,1.0,192,1.2393026153611868,16.368953880154564,0.00021236418277986816,0.3378428821266728
knot_3.1/knot_3p1_q0_h0_p0p02.txt,knot_3.1,3.1,knot,0,0,0.02,0,C:\workspace\projects\SST-Workbench\KnotPlot\knots\final\knot_3.1_final.txt,0301d9112581299b98294f80e0bb7d214f9b6de04ab76f587e278fa3f3ee9732,true,0.966663714524772,192,1.239546475807368,16.378682629863945,0.01784740634396049,0.3265804553623242
knot_3.1/knot_3p1_q0_h0_p0p05.txt,knot_3.1,3.1,knot,0,0,0.05,0,C:\workspace\projects\SST-Workbench\KnotPlot\knots\final\knot_3.1_final.txt,0301d9112581299b98294f80e0bb7d214f9b6de04ab76f587e278fa3f3ee9732,true,0.9212834571945095,192,1.2408231147973574,16.426625065001335,0.0444773311707681,0.3112490584342183
knot_3.1/knot_3p1_q0_h0p02_p0.txt,knot_3.1,3.1,knot,0,0.02,0,0,C:\workspace\projects\SST-Workbench\KnotPlot\knots\final\knot_3.1_final.txt,0301d9112581299b98294f80e0bb7d214f9b6de04ab76f587e278fa3f3ee9732,true,0.9750363191392273,192,1.2250268357830032,16.24016251491816,0.013357651824390008,0.3294090802361789
knot_3.1/knot_3p1_q0_h0p05_p0.txt,knot_3.1,3.1,knot,0,0.05,0,0,C:\workspace\projects\SST-Workbench\KnotPlot\knots\final\knot_3.1_final.txt,0301d9112581299b98294f80e0bb7d214f9b6de04ab76f587e278fa3f3ee9732,true,0.9317634235718669,192,1.2042525559501924,16.06605383975009,0.033537276752777116,0.31478964047973534
knot_3.1/knot_3p1_q0p02_h0_p0.txt,knot_3.1,3.1,knot,0.02,0,0,0,C:\workspace\projects\SST-Workbench\KnotPlot\knots\final\knot_3.1_final.txt,0301d9112581299b98294f80e0bb7d214f9b6de04ab76f587e278fa3f3ee9732,true,0.9945276413009028,192,1.2625253203036257,16.719568845344362,0.011479599093838574,0.3359940846917388
knot_3.1/knot_3p1_q0p05_h0_p0.txt,knot_3.1,3.1,knot,0.05,0,0,0,C:\workspace\projects\SST-Workbench\KnotPlot\knots\final\knot_3.1_final.txt,0301d9112581299b98294f80e0bb7d214f9b6de04ab76f587e278fa3f3ee9732,true,0.9810257753846358,192,1.297467844991148,17.248132255719113,0.0276465533337485,0.3314325753964993
knot_4.1/knot_4p1_qm0p05_h0_p0.txt,knot_4.1,4.1,knot,-0.05,0,0,0,C:\workspace\projects\SST-Workbench\KnotPlot\knots\final\knot_4.1_final.txt,edc6781b9ed771d49631ad89e250aaa22fcd153797b5a23e4949af9bbf4d18f3,true,0.9041174190995585,192,1.3955444280236238,21.221731235576765,0.039322808698141004,0.41230523381654843
knot_4.1/knot_4p1_qm0p02_h0_p0.txt,knot_4.1,4.1,knot,-0.02,0,0,0,C:\workspace\projects\SST-Workbench\KnotPlot\knots\final\knot_4.1_final.txt,edc6781b9ed771d49631ad89e250aaa22fcd153797b5a23e4949af9bbf4d18f3,true,0.9709098742431161,192,1.4361296446802594,21.936387809723765,0.015166383226501622,0.4427646390369155
knot_4.1/knot_4p1_q0_hm0p05_p0.txt,knot_4.1,4.1,knot,0,-0.05,0,0,C:\workspace\projects\SST-Workbench\KnotPlot\knots\final\knot_4.1_final.txt,edc6781b9ed771d49631ad89e250aaa22fcd153797b5a23e4949af9bbf4d18f3,true,0.940003239822432,192,1.5081928692875697,22.790958004021718,0.03556266406377947,0.42867026715323475
knot_4.1/knot_4p1_q0_hm0p02_p0.txt,knot_4.1,4.1,knot,0,-0.02,0,0,C:\workspace\projects\SST-Workbench\KnotPlot\knots\final\knot_4.1_final.txt,edc6781b9ed771d49631ad89e250aaa22fcd153797b5a23e4949af9bbf4d18f3,true,0.9760040354024887,192,1.4809824554368916,22.555763079510598,0.014588829460792846,0.4450877325461702
knot_4.1/knot_4p1_q0_h0_pm0p05.txt,knot_4.1,4.1,knot,0,0,-0.05,0,C:\workspace\projects\SST-Workbench\KnotPlot\knots\final\knot_4.1_final.txt,edc6781b9ed771d49631ad89e250aaa22fcd153797b5a23e4949af9bbf4d18f3,true,0.8697954865857807,192,1.458355975759062,22.12141724165459,0.06009761094795427,0.3966533814009379
knot_4.1/knot_4p1_q0_h0_pm0p02.txt,knot_4.1,4.1,knot,0,0,-0.02,0,C:\workspace\projects\SST-Workbench\KnotPlot\knots\final\knot_4.1_final.txt,edc6781b9ed771d49631ad89e250aaa22fcd153797b5a23e4949af9bbf4d18f3,true,0.9531940575503237,192,1.4608837255649414,22.278888791187487,0.02394872340887721,0.434685684036748
knot_4.1/knot_4p1_q0_h0_p0.txt,knot_4.1,4.1,knot,0.0,0.0,0.0,0,C:\workspace\projects\SST-Workbench\KnotPlot\knots\final\knot_4.1_final.txt,edc6781b9ed771d49631ad89e250aaa22fcd153797b5a23e4949af9bbf4d18f3,true,1.0,192,1.4632927275484335,22.417137041533017,0.0005893637875436749,0.4560306273350837
knot_4.1/knot_4p1_q0_h0_p0p02.txt,knot_4.1,4.1,knot,0,0,0.02,0,C:\workspace\projects\SST-Workbench\KnotPlot\knots\final\knot_4.1_final.txt,edc6781b9ed771d49631ad89e250aaa22fcd153797b5a23e4949af9bbf4d18f3,true,0.9577892380082463,192,1.4662775681381603,22.581392040497725,0.023481028589538988,0.4367812270636924
knot_4.1/knot_4p1_q0_h0_p0p05.txt,knot_4.1,4.1,knot,0,0,0.05,0,C:\workspace\projects\SST-Workbench\KnotPlot\knots\final\knot_4.1_final.txt,edc6781b9ed771d49631ad89e250aaa22fcd153797b5a23e4949af9bbf4d18f3,true,0.8825012919983319,192,1.4718266779902454,22.875481493754616,0.057895477980591865,0.4024476178140212
knot_4.1/knot_4p1_q0_h0p02_p0.txt,knot_4.1,4.1,knot,0,0.02,0,0,C:\workspace\projects\SST-Workbench\KnotPlot\knots\final\knot_4.1_final.txt,edc6781b9ed771d49631ad89e250aaa22fcd153797b5a23e4949af9bbf4d18f3,true,0.9766033466416263,192,1.445978910742492,22.293280723035295,0.01433165768962617,0.44536103682652306
knot_4.1/knot_4p1_q0_h0p05_p0.txt,knot_4.1,4.1,knot,0,0.05,0,0,C:\workspace\projects\SST-Workbench\KnotPlot\knots\final\knot_4.1_final.txt,edc6781b9ed771d49631ad89e250aaa22fcd153797b5a23e4949af9bbf4d18f3,true,0.919204604269868,192,1.4207430005001853,22.135600691533902,0.03653847480355831,0.4191854523344853
knot_4.1/knot_4p1_q0p02_h0_p0.txt,knot_4.1,4.1,knot,0.02,0,0,0,C:\workspace\projects\SST-Workbench\KnotPlot\knots\final\knot_4.1_final.txt,edc6781b9ed771d49631ad89e250aaa22fcd153797b5a23e4949af9bbf4d18f3,true,0.9980715116828097,192,1.4905354072951824,22.901087071695063,0.01470501338873554,0.45515117759798707
knot_4.1/knot_4p1_q0p05_h0_p0.txt,knot_4.1,4.1,knot,0.05,0,0,0,C:\workspace\projects\SST-Workbench\KnotPlot\knots\final\knot_4.1_final.txt,edc6781b9ed771d49631ad89e250aaa22fcd153797b5a23e4949af9bbf4d18f3,true,0.97585065522059,192,1.531539376172125,23.632601379996643,0.03545122272188111,0.44501778648559814
knot_5.1/knot_5p1_qm0p05_h0_p0.txt,knot_5.1,5.1,knot,-0.05,0,0,0,C:\workspace\projects\SST-Workbench\KnotPlot\knots\final\knot_5.1_final.txt,d54052906876c24f94e2975ff42a4a73de955b3c6fa66d0c19cf3aff56ab7f6a,true,0.8916826117117801,192,1.4240719046751045,22.370918357037873,0.04812117460554866,0.431470022202136
knot_5.1/knot_5p1_qm0p02_h0_p0.txt,knot_5.1,5.1,knot,-0.02,0,0,0,C:\workspace\projects\SST-Workbench\KnotPlot\knots\final\knot_5.1_final.txt,d54052906876c24f94e2975ff42a4a73de955b3c6fa66d0c19cf3aff56ab7f6a,true,0.962205415161879,192,1.4640644564160974,23.14405634819436,0.01846687998771169,0.465594805135782
knot_5.1/knot_5p1_q0_hm0p05_p0.txt,knot_5.1,5.1,knot,0,-0.05,0,0,C:\workspace\projects\SST-Workbench\KnotPlot\knots\final\knot_5.1_final.txt,d54052906876c24f94e2975ff42a4a73de955b3c6fa66d0c19cf3aff56ab7f6a,true,0.9316320179546612,192,1.534830897785039,24.041691025462512,0.05585833091261779,0.4508008591750449
knot_5.1/knot_5p1_q0_hm0p02_p0.txt,knot_5.1,5.1,knot,0,-0.02,0,0,C:\workspace\projects\SST-Workbench\KnotPlot\knots\final\knot_5.1_final.txt,d54052906876c24f94e2975ff42a4a73de955b3c6fa66d0c19cf3aff56ab7f6a,true,0.976971662636766,192,1.5081693369432154,23.800110499034925,0.02257512866546865,0.47273994068306024
knot_5.1/knot_5p1_q0_h0_pm0p05.txt,knot_5.1,5.1,knot,0,0,-0.05,0,C:\workspace\projects\SST-Workbench\KnotPlot\knots\final\knot_5.1_final.txt,d54052906876c24f94e2975ff42a4a73de955b3c6fa66d0c19cf3aff56ab7f6a,true,0.9394098495224962,192,1.4918560127910763,23.864071138052807,0.04293290423918866,0.45456441934228403
knot_5.1/knot_5p1_q0_h0_pm0p02.txt,knot_5.1,5.1,knot,0,0,-0.02,0,C:\workspace\projects\SST-Workbench\KnotPlot\knots\final\knot_5.1_final.txt,d54052906876c24f94e2975ff42a4a73de955b3c6fa66d0c19cf3aff56ab7f6a,true,0.9736795470880166,192,1.4908246512107368,23.72555335998279,0.017255871616363817,0.4711469420642086
knot_5.1/knot_5p1_q0_h0_p0.txt,knot_5.1,5.1,knot,0.0,0.0,0.0,0,C:\workspace\projects\SST-Workbench\KnotPlot\knots\final\knot_5.1_final.txt,d54052906876c24f94e2975ff42a4a73de955b3c6fa66d0c19cf3aff56ab7f6a,true,1.0,192,1.4908755873005746,23.666673471458495,0.0003655481258812565,0.48388296074747356
knot_5.1/knot_5p1_q0_h0_p0p02.txt,knot_5.1,5.1,knot,0,0,0.02,0,C:\workspace\projects\SST-Workbench\KnotPlot\knots\final\knot_5.1_final.txt,d54052906876c24f94e2975ff42a4a73de955b3c6fa66d0c19cf3aff56ab7f6a,true,0.9778200074923072,192,1.4915173635409356,23.634842120192168,0.017319404943211592,0.4731504403034944
knot_5.1/knot_5p1_q0_h0_p0p05.txt,knot_5.1,5.1,knot,0,0,0.05,0,C:\workspace\projects\SST-Workbench\KnotPlot\knots\final\knot_5.1_final.txt,d54052906876c24f94e2975ff42a4a73de955b3c6fa66d0c19cf3aff56ab7f6a,true,0.933143479328572,192,1.4935859953873125,23.638051516408908,0.04326036013075464,0.4515322295797083
knot_5.1/knot_5p1_q0_h0p02_p0.txt,knot_5.1,5.1,knot,0,0.02,0,0,C:\workspace\projects\SST-Workbench\KnotPlot\knots\final\knot_5.1_final.txt,d54052906876c24f94e2975ff42a4a73de955b3c6fa66d0c19cf3aff56ab7f6a,true,0.9694196650962937,192,1.4739821702446103,23.5559823388543,0.02241470598634875,0.4690856577536189
knot_5.1/knot_5p1_q0_h0p05_p0.txt,knot_5.1,5.1,knot,0,0.05,0,0,C:\workspace\projects\SST-Workbench\KnotPlot\knots\final\knot_5.1_final.txt,d54052906876c24f94e2975ff42a4a73de955b3c6fa66d0c19cf3aff56ab7f6a,true,0.9108001895241028,192,1.4494231983978358,23.43386346506074,0.05618107701669438,0.4407206923562829
knot_5.1/knot_5p1_q0p02_h0_p0.txt,knot_5.1,5.1,knot,0.02,0,0,0,C:\workspace\projects\SST-Workbench\KnotPlot\knots\final\knot_5.1_final.txt,d54052906876c24f94e2975ff42a4a73de955b3c6fa66d0c19cf3aff56ab7f6a,true,0.9872088261379728,192,1.5177988752250662,24.194628449242792,0.018070101371573714,0.47769352966768014
knot_5.1/knot_5p1_q0p05_h0_p0.txt,knot_5.1,5.1,knot,0.05,0,0,0,C:\workspace\projects\SST-Workbench\KnotPlot\knots\final\knot_5.1_final.txt,d54052906876c24f94e2975ff42a4a73de955b3c6fa66d0c19cf3aff56ab7f6a,true,0.9627274744895333,192,1.5583813790015468,24.995881769492282,0.04337912536473963,0.4658474207489332
knot_5.2/knot_5p2_qm0p05_h0_p0.txt,knot_5.2,5.2,knot,-0.05,0,0,0,C:\workspace\projects\SST-Workbench\KnotPlot\knots\final\knot_5.2_final.txt,97b268e68edccf6878ebbece4f714c4f4dd4037eb21a8599dd65d505e068d1b0,true,0.9047635744627097,192,1.5168776984703949,24.54535807987564,0.04740728129157848,0.46657446950524223
knot_5.2/knot_5p2_qm0p02_h0_p0.txt,knot_5.2,5.2,knot,-0.02,0,0,0,C:\workspace\projects\SST-Workbench\KnotPlot\knots\final\knot_5.2_final.txt,97b268e68edccf6878ebbece4f714c4f4dd4037eb21a8599dd65d505e068d1b0,true,0.9839539543637525,192,1.5596696182109433,25.38994190811077,0.018310104620130163,0.5074118888434259
knot_5.2/knot_5p2_q0_hm0p05_p0.txt,knot_5.2,5.2,knot,0,-0.05,0,0,C:\workspace\projects\SST-Workbench\KnotPlot\knots\final\knot_5.2_final.txt,97b268e68edccf6878ebbece4f714c4f4dd4037eb21a8599dd65d505e068d1b0,true,0.9603203175244471,192,1.6361429369295644,26.36214563203699,0.0479769455599556,0.4952243385462925
knot_5.2/knot_5p2_q0_hm0p02_p0.txt,knot_5.2,5.2,knot,0,-0.02,0,0,C:\workspace\projects\SST-Workbench\KnotPlot\knots\final\knot_5.2_final.txt,97b268e68edccf6878ebbece4f714c4f4dd4037eb21a8599dd65d505e068d1b0,true,0.9870931264829994,192,1.6071675809373271,26.10482924988694,0.01948495867411139,0.509030717902822
knot_5.2/knot_5p2_q0_h0_pm0p05.txt,knot_5.2,5.2,knot,0,0,-0.05,0,C:\workspace\projects\SST-Workbench\KnotPlot\knots\final\knot_5.2_final.txt,97b268e68edccf6878ebbece4f714c4f4dd4037eb21a8599dd65d505e068d1b0,true,0.9376438695663222,192,1.5851881861235189,25.852909601017046,0.05254806687318123,0.4835303977478818
knot_5.2/knot_5p2_q0_h0_pm0p02.txt,knot_5.2,5.2,knot,0,0,-0.02,0,C:\workspace\projects\SST-Workbench\KnotPlot\knots\final\knot_5.2_final.txt,97b268e68edccf6878ebbece4f714c4f4dd4037eb21a8599dd65d505e068d1b0,true,0.9940634642829469,192,1.5866116885111348,25.891865611864073,0.020949963589211945,0.5126252278422988
knot_5.2/knot_5p2_q0_h0_p0.txt,knot_5.2,5.2,knot,0.0,0.0,0.0,0,C:\workspace\projects\SST-Workbench\KnotPlot\knots\final\knot_5.2_final.txt,97b268e68edccf6878ebbece4f714c4f4dd4037eb21a8599dd65d505e068d1b0,true,1.0,192,1.5883512424734665,25.961090956138882,0.0006640133405270804,0.515686619880023
knot_5.2/knot_5p2_q0_h0_p0p02.txt,knot_5.2,5.2,knot,0,0,0.02,0,C:\workspace\projects\SST-Workbench\KnotPlot\knots\final\knot_5.2_final.txt,97b268e68edccf6878ebbece4f714c4f4dd4037eb21a8599dd65d505e068d1b0,true,0.9844635889136611,192,1.5907209276889385,26.064767416660008,0.020690221423970354,0.5076747005618424
knot_5.2/knot_5p2_q0_h0_p0p05.txt,knot_5.2,5.2,knot,0,0,0.05,0,C:\workspace\projects\SST-Workbench\KnotPlot\knots\final\knot_5.2_final.txt,97b268e68edccf6878ebbece4f714c4f4dd4037eb21a8599dd65d505e068d1b0,true,0.9269579574203082,192,1.5954506055011792,26.28428884317138,0.0511093239993552,0.478019815832969
knot_5.2/knot_5p2_q0_h0p02_p0.txt,knot_5.2,5.2,knot,0,0.02,0,0,C:\workspace\projects\SST-Workbench\KnotPlot\knots\final\knot_5.2_final.txt,97b268e68edccf6878ebbece4f714c4f4dd4037eb21a8599dd65d505e068d1b0,true,0.9918552979760027,192,1.5699521996029533,25.840033078362133,0.019372567859081834,0.5114865060233378
knot_5.2/knot_5p2_q0_h0p05_p0.txt,knot_5.2,5.2,knot,0,0.05,0,0,C:\workspace\projects\SST-Workbench\KnotPlot\knots\final\knot_5.2_final.txt,97b268e68edccf6878ebbece4f714c4f4dd4037eb21a8599dd65d505e068d1b0,true,0.9265310209407194,192,1.5431686231970982,25.701752500383833,0.04882819016383094,0.47779965040290634
knot_5.2/knot_5p2_q0p02_h0_p0.txt,knot_5.2,5.2,knot,0.02,0,0,0,C:\workspace\projects\SST-Workbench\KnotPlot\knots\final\knot_5.2_final.txt,97b268e68edccf6878ebbece4f714c4f4dd4037eb21a8599dd65d505e068d1b0,true,1.015956427023219,192,1.6171481813280537,26.53822198731247,0.017633359513451647,0.5239151357969891
knot_5.2/knot_5p2_q0p05_h0_p0.txt,knot_5.2,5.2,knot,0.05,0,0,0,C:\workspace\projects\SST-Workbench\KnotPlot\knots\final\knot_5.2_final.txt,97b268e68edccf6878ebbece4f714c4f4dd4037eb21a8599dd65d505e068d1b0,true,0.995418938260455,192,1.6605466744788437,27.41432597091535,0.04255049298934537,0.5133242276360953
knot_6.1/knot_6p1_qm0p05_h0_p0.txt,knot_6.1,6.1,knot,-0.05,0,0,0,C:\workspace\projects\SST-Workbench\KnotPlot\knots\final\knot_6.1_final.txt,44e5a96d7022d54c0abc39e9f9dbd08397e526c52000e2f8de8061d6d0f4bf13,true,0.9001234769129877,192,1.6256906956122392,27.930022799783593,0.05270754043820909,0.5230722733248341
knot_6.1/knot_6p1_qm0p02_h0_p0.txt,knot_6.1,6.1,knot,-0.02,0,0,0,C:\workspace\projects\SST-Workbench\KnotPlot\knots\final\knot_6.1_final.txt,44e5a96d7022d54c0abc39e9f9dbd08397e526c52000e2f8de8061d6d0f4bf13,true,0.9838740867400505,192,1.6708242515471077,28.89919182861091,0.020336136547133368,0.5717407315954961
knot_6.1/knot_6p1_q0_hm0p05_p0.txt,knot_6.1,6.1,knot,0,-0.05,0,0,C:\workspace\projects\SST-Workbench\KnotPlot\knots\final\knot_6.1_final.txt,44e5a96d7022d54c0abc39e9f9dbd08397e526c52000e2f8de8061d6d0f4bf13,true,0.9633365228502292,192,1.7534818011029367,30.013926789219326,0.05554643845392362,0.5598061131704272
knot_6.1/knot_6p1_q0_hm0p02_p0.txt,knot_6.1,6.1,knot,0,-0.02,0,0,C:\workspace\projects\SST-Workbench\KnotPlot\knots\final\knot_6.1_final.txt,44e5a96d7022d54c0abc39e9f9dbd08397e526c52000e2f8de8061d6d0f4bf13,true,0.9907742532563654,192,1.721738906947859,29.718053013427436,0.02253571750698315,0.5757504990091702
knot_6.1/knot_6p1_q0_h0_pm0p05.txt,knot_6.1,6.1,knot,0,0,-0.05,0,C:\workspace\projects\SST-Workbench\KnotPlot\knots\final\knot_6.1_final.txt,44e5a96d7022d54c0abc39e9f9dbd08397e526c52000e2f8de8061d6d0f4bf13,true,0.940121826502067,192,1.6969283593205917,29.612724776220027,0.05368696463809172,0.5463157817827561
knot_6.1/knot_6p1_q0_h0_pm0p02.txt,knot_6.1,6.1,knot,0,0,-0.02,0,C:\workspace\projects\SST-Workbench\KnotPlot\knots\final\knot_6.1_final.txt,44e5a96d7022d54c0abc39e9f9dbd08397e526c52000e2f8de8061d6d0f4bf13,true,0.983477440478508,192,1.6989236847923683,29.551287945363185,0.021497599612674605,0.5715102358168033
knot_6.1/knot_6p1_q0_h0_p0.txt,knot_6.1,6.1,knot,0.0,0.0,0.0,0,C:\workspace\projects\SST-Workbench\KnotPlot\knots\final\knot_6.1_final.txt,44e5a96d7022d54c0abc39e9f9dbd08397e526c52000e2f8de8061d6d0f4bf13,true,1.0000000000000002,192,1.701098460228775,29.557749529716325,0.0008209975091952609,0.5811116882749611
knot_6.1/knot_6p1_q0_h0_p0p02.txt,knot_6.1,6.1,knot,0,0,0.02,0,C:\workspace\projects\SST-Workbench\KnotPlot\knots\final\knot_6.1_final.txt,44e5a96d7022d54c0abc39e9f9dbd08397e526c52000e2f8de8061d6d0f4bf13,true,1.0010763255252375,192,1.7039459814526363,29.60235576222098,0.02123460927086984,0.5817371536180651
knot_6.1/knot_6p1_q0_h0_p0p05.txt,knot_6.1,6.1,knot,0,0,0.05,0,C:\workspace\projects\SST-Workbench\KnotPlot\knots\final\knot_6.1_final.txt,44e5a96d7022d54c0abc39e9f9dbd08397e526c52000e2f8de8061d6d0f4bf13,true,0.9386842862376281,192,1.7094710904448622,29.74062407805996,0.05281496910086505,0.5454804103327248
knot_6.1/knot_6p1_q0_h0p02_p0.txt,knot_6.1,6.1,knot,0,0.02,0,0,C:\workspace\projects\SST-Workbench\KnotPlot\knots\final\knot_6.1_final.txt,44e5a96d7022d54c0abc39e9f9dbd08397e526c52000e2f8de8061d6d0f4bf13,true,0.9956259314268507,192,1.6808931749411697,29.427639554639896,0.022384395742051068,0.5785698659017877
knot_6.1/knot_6p1_q0_h0p05_p0.txt,knot_6.1,6.1,knot,0,0.05,0,0,C:\workspace\projects\SST-Workbench\KnotPlot\knots\final\knot_6.1_final.txt,44e5a96d7022d54c0abc39e9f9dbd08397e526c52000e2f8de8061d6d0f4bf13,true,0.9243043029211486,192,1.6514360210022352,29.29025798502426,0.056283518858697916,0.5371240339503196
knot_6.1/knot_6p1_q0p02_h0_p0.txt,knot_6.1,6.1,knot,0.02,0,0,0,C:\workspace\projects\SST-Workbench\KnotPlot\knots\final\knot_6.1_final.txt,44e5a96d7022d54c0abc39e9f9dbd08397e526c52000e2f8de8061d6d0f4bf13,true,1.0163618947444084,192,1.731511746352824,30.225493778400665,0.01963619511747195,0.5906197765532614
knot_6.1/knot_6p1_q0p05_h0_p0.txt,knot_6.1,6.1,knot,0.05,0,0,0,C:\workspace\projects\SST-Workbench\KnotPlot\knots\final\knot_6.1_final.txt,44e5a96d7022d54c0abc39e9f9dbd08397e526c52000e2f8de8061d6d0f4bf13,true,0.9897282495776314,192,1.777376819444836,31.243080111406815,0.047294768840668536,0.5751426540454793
knot_6.2/knot_6p2_qm0p05_h0_p0.txt,knot_6.2,6.2,knot,-0.05,0,0,0,C:\workspace\projects\SST-Workbench\KnotPlot\knots\final\knot_6.2_final.txt,61f2ba7a09821bc3a9de94eb5e44692aa26ee8a4b624d8b34396203c2f20f642,true,0.8839623878583251,192,1.4412907960991486,26.931079126508756,0.04938115672256299,0.5132420414324685
knot_6.2/knot_6p2_qm0p02_h0_p0.txt,knot_6.2,6.2,knot,-0.02,0,0,0,C:\workspace\projects\SST-Workbench\KnotPlot\knots\final\knot_6.2_final.txt,61f2ba7a09821bc3a9de94eb5e44692aa26ee8a4b624d8b34396203c2f20f642,true,0.958377498308604,192,1.4817995275253335,27.86270521783109,0.018986283981803,0.5564485892737835
knot_6.2/knot_6p2_q0_hm0p05_p0.txt,knot_6.2,6.2,knot,0,-0.05,0,0,C:\workspace\projects\SST-Workbench\KnotPlot\knots\final\knot_6.2_final.txt,61f2ba7a09821bc3a9de94eb5e44692aa26ee8a4b624d8b34396203c2f20f642,true,0.8864089432670564,192,1.5297728321991644,28.69203423188473,0.05633851357447242,0.514662548808916
knot_6.2/knot_6p2_q0_hm0p02_p0.txt,knot_6.2,6.2,knot,0,-0.02,0,0,C:\workspace\projects\SST-Workbench\KnotPlot\knots\final\knot_6.2_final.txt,61f2ba7a09821bc3a9de94eb5e44692aa26ee8a4b624d8b34396203c2f20f642,true,0.9598067089960877,192,1.516866631886949,28.546426342371692,0.022820575871783023,0.557278410792161
knot_6.2/knot_6p2_q0_h0_pm0p05.txt,knot_6.2,6.2,knot,0,0,-0.05,0,C:\workspace\projects\SST-Workbench\KnotPlot\knots\final\knot_6.2_final.txt,61f2ba7a09821bc3a9de94eb5e44692aa26ee8a4b624d8b34396203c2f20f642,true,0.9070925011583657,192,1.5100360859741948,28.744812508980544,0.047002694223325044,0.5266717379124728
knot_6.2/knot_6p2_q0_h0_pm0p02.txt,knot_6.2,6.2,knot,0,0,-0.02,0,C:\workspace\projects\SST-Workbench\KnotPlot\knots\final\knot_6.2_final.txt,61f2ba7a09821bc3a9de94eb5e44692aa26ee8a4b624d8b34396203c2f20f642,true,0.9668652690508835,192,1.5089393669490103,28.576501712135304,0.019036375034866253,0.561376718391961
knot_6.2/knot_6p2_q0_h0_p0.txt,knot_6.2,6.2,knot,0.0,0.0,0.0,0,C:\workspace\projects\SST-Workbench\KnotPlot\knots\final\knot_6.2_final.txt,61f2ba7a09821bc3a9de94eb5e44692aa26ee8a4b624d8b34396203c2f20f642,true,0.9999999999999998,192,1.508955645926722,28.491923623078954,0.00047826613694448714,0.5806152484337682
knot_6.2/knot_6p2_q0_h0_p0p02.txt,knot_6.2,6.2,knot,0,0,0.02,0,C:\workspace\projects\SST-Workbench\KnotPlot\knots\final\knot_6.2_final.txt,61f2ba7a09821bc3a9de94eb5e44692aa26ee8a4b624d8b34396203c2f20f642,true,0.968181381825506,192,1.5095699459508507,28.429451321378828,0.01916793439432332,0.5621408735375653
knot_6.2/knot_6p2_q0_h0_p0p05.txt,knot_6.2,6.2,knot,0,0,0.05,0,C:\workspace\projects\SST-Workbench\KnotPlot\knots\final\knot_6.2_final.txt,61f2ba7a09821bc3a9de94eb5e44692aa26ee8a4b624d8b34396203c2f20f642,true,0.9081825646110496,192,1.5116108965002208,28.37722556257856,0.04816915471377188,0.5273046453748614
knot_6.2/knot_6p2_q0_h0p02_p0.txt,knot_6.2,6.2,knot,0,0.02,0,0,C:\workspace\projects\SST-Workbench\KnotPlot\knots\final\knot_6.2_final.txt,61f2ba7a09821bc3a9de94eb5e44692aa26ee8a4b624d8b34396203c2f20f642,true,0.9678435993637833,192,1.5016094925150312,28.471312537300456,0.022956835700483135,0.5619447518896356
knot_6.2/knot_6p2_q0_h0p05_p0.txt,knot_6.2,6.2,knot,0,0.05,0,0,C:\workspace\projects\SST-Workbench\KnotPlot\knots\final\knot_6.2_final.txt,61f2ba7a09821bc3a9de94eb5e44692aa26ee8a4b624d8b34396203c2f20f642,true,0.9089737249229677,192,1.49166740288599,28.503458407382382,0.057633786821762505,0.5277640051159167
knot_6.2/knot_6p2_q0p02_h0_p0.txt,knot_6.2,6.2,knot,0.02,0,0,0,C:\workspace\projects\SST-Workbench\KnotPlot\knots\final\knot_6.2_final.txt,61f2ba7a09821bc3a9de94eb5e44692aa26ee8a4b624d8b34396203c2f20f642,true,0.985299176544444,192,1.5362245672855228,29.127148449664436,0.01853153599791746,0.5720797261709397
knot_6.2/knot_6p2_q0p05_h0_p0.txt,knot_6.2,6.2,knot,0.05,0,0,0,C:\workspace\projects\SST-Workbench\KnotPlot\knots\final\knot_6.2_final.txt,61f2ba7a09821bc3a9de94eb5e44692aa26ee8a4b624d8b34396203c2f20f642,true,0.9632595711394495,192,1.5773266504796473,30.090421010423203,0.04456255793926612,0.5592831952033366
knot_6.3/knot_6p3_qm0p05_h0_p0.txt,knot_6.3,6.3,knot,-0.05,0,0,0,C:\workspace\projects\SST-Workbench\KnotPlot\knots\final\knot_6.3_final.txt,07040d9f35195459e60fda1a23c302917da077dde0c539d880b77dc335f6aa57,true,0.8946456679571917,192,1.4325958769037925,27.318850902573267,0.048966462431580295,0.524218172862362
knot_6.3/knot_6p3_qm0p02_h0_p0.txt,knot_6.3,6.3,knot,-0.02,0,0,0,C:\workspace\projects\SST-Workbench\KnotPlot\knots\final\knot_6.3_final.txt,07040d9f35195459e60fda1a23c302917da077dde0c539d880b77dc335f6aa57,true,0.9654500298186284,192,1.4729863506753447,28.262993449712845,0.01888441118960286,0.5657060317265754
knot_6.3/knot_6p3_q0_hm0p05_p0.txt,knot_6.3,6.3,knot,0,-0.05,0,0,C:\workspace\projects\SST-Workbench\KnotPlot\knots\final\knot_6.3_final.txt,07040d9f35195459e60fda1a23c302917da077dde0c539d880b77dc335f6aa57,true,0.861933758695049,192,1.5204938756363529,29.17574848363064,0.061758480374850655,0.5050506097494757
knot_6.3/knot_6p3_q0_hm0p02_p0.txt,knot_6.3,6.3,knot,0,-0.02,0,0,C:\workspace\projects\SST-Workbench\KnotPlot\knots\final\knot_6.3_final.txt,07040d9f35195459e60fda1a23c302917da077dde0c539d880b77dc335f6aa57,true,0.9509792420850346,192,1.5078186649662981,28.98479130530914,0.025123336132187854,0.5572268648594235
knot_6.3/knot_6p3_q0_h0_pm0p05.txt,knot_6.3,6.3,knot,0,0,-0.05,0,C:\workspace\projects\SST-Workbench\KnotPlot\knots\final\knot_6.3_final.txt,07040d9f35195459e60fda1a23c302917da077dde0c539d880b77dc335f6aa57,true,0.8850509616691113,192,1.5012464668367997,29.069473640526517,0.05283073866035629,0.5185961488816578
knot_6.3/knot_6p3_q0_h0_pm0p02.txt,knot_6.3,6.3,knot,0,0,-0.02,0,C:\workspace\projects\SST-Workbench\KnotPlot\knots\final\knot_6.3_final.txt,07040d9f35195459e60fda1a23c302917da077dde0c539d880b77dc335f6aa57,true,0.9617739085294368,192,1.5000884156948087,28.946472752188512,0.021301834928885148,0.5635520062230029
knot_6.3/knot_6p3_q0_h0_p0.txt,knot_6.3,6.3,knot,0.0,0.0,0.0,0,C:\workspace\projects\SST-Workbench\KnotPlot\knots\final\knot_6.3_final.txt,07040d9f35195459e60fda1a23c302917da077dde0c539d880b77dc335f6aa57,true,1.0,192,1.5000591719646166,28.899761491659664,0.0005057701762983636,0.5859506077521695
knot_6.3/knot_6p3_q0_h0_p0p02.txt,knot_6.3,6.3,knot,0,0,0.02,0,C:\workspace\projects\SST-Workbench\KnotPlot\knots\final\knot_6.3_final.txt,07040d9f35195459e60fda1a23c302917da077dde0c539d880b77dc335f6aa57,true,0.9690405230335651,192,1.5006243040049545,28.881290763297148,0.021364841300498493,0.5678098834079977
knot_6.3/knot_6p3_q0_h0_p0p05.txt,knot_6.3,6.3,knot,0,0,0.05,0,C:\workspace\projects\SST-Workbench\KnotPlot\knots\final\knot_6.3_final.txt,07040d9f35195459e60fda1a23c302917da077dde0c539d880b77dc335f6aa57,true,0.903502821933743,192,1.502584796729108,28.906168290471328,0.05364191258946709,0.5294080276178769
knot_6.3/knot_6p3_q0_h0p02_p0.txt,knot_6.3,6.3,knot,0,0.02,0,0,C:\workspace\projects\SST-Workbench\KnotPlot\knots\final\knot_6.3_final.txt,07040d9f35195459e60fda1a23c302917da077dde0c539d880b77dc335f6aa57,true,0.9736073792867443,192,1.492862337851958,28.848072155378002,0.025559117513446698,0.5704858356050648
knot_6.3/knot_6p3_q0_h0p05_p0.txt,knot_6.3,6.3,knot,0,0.05,0,0,C:\workspace\projects\SST-Workbench\KnotPlot\knots\final\knot_6.3_final.txt,07040d9f35195459e60fda1a23c302917da077dde0c539d880b77dc335f6aa57,true,0.9146177026670056,192,1.483139814460463,28.83196783358156,0.06446806234956445,0.535920798738625
knot_6.3/knot_6p3_q0p02_h0_p0.txt,knot_6.3,6.3,knot,0.02,0,0,0,C:\workspace\projects\SST-Workbench\KnotPlot\knots\final\knot_6.3_final.txt,07040d9f35195459e60fda1a23c302917da077dde0c539d880b77dc335f6aa57,true,0.9913509893304493,192,1.527241429552331,29.541921538146227,0.018306946014822727,0.5808827146938912
knot_6.3/knot_6p3_q0p05_h0_p0.txt,knot_6.3,6.3,knot,0.05,0,0,0,C:\workspace\projects\SST-Workbench\KnotPlot\knots\final\knot_6.3_final.txt,07040d9f35195459e60fda1a23c302917da077dde0c539d880b77dc335f6aa57,true,0.9636021109807019,192,1.56820755440238,30.514482622054274,0.04415384307616712,0.5646232425604157
knot_7.1/knot_7p1_qm0p05_h0_p0.txt,knot_7.1,7.1,knot,-0.05,0,0,0,C:\workspace\projects\SST-Workbench\KnotPlot\knots\final\knot_7.1_final.txt,79b66c2d6bb799e8fe933ebcdf41957b275f577a82eec0c770ac55a81461516e,true,0.8752425771164761,192,1.5798167623861414,28.972378882154267,0.05769267224446267,0.5446575276544683
knot_7.1/knot_7p1_qm0p02_h0_p0.txt,knot_7.1,7.1,knot,-0.02,0,0,0,C:\workspace\projects\SST-Workbench\KnotPlot\knots\final\knot_7.1_final.txt,79b66c2d6bb799e8fe933ebcdf41957b275f577a82eec0c770ac55a81461516e,true,0.9565742835542737,192,1.6230437616000122,29.98889376449481,0.02213931370786728,0.595269697704823
knot_7.1/knot_7p1_q0_hm0p05_p0.txt,knot_7.1,7.1,knot,0,-0.05,0,0,C:\workspace\projects\SST-Workbench\KnotPlot\knots\final\knot_7.1_final.txt,79b66c2d6bb799e8fe933ebcdf41957b275f577a82eec0c770ac55a81461516e,true,0.9183353659431515,192,1.6971690064846119,31.002146855966014,0.06782123725090924,0.571473878270544
knot_7.1/knot_7p1_q0_hm0p02_p0.txt,knot_7.1,7.1,knot,0,-0.02,0,0,C:\workspace\projects\SST-Workbench\KnotPlot\knots\final\knot_7.1_final.txt,79b66c2d6bb799e8fe933ebcdf41957b275f577a82eec0c770ac55a81461516e,true,0.9733171398982008,192,1.6697591665865172,30.78000235375582,0.027264782303055273,0.6056886638069985
knot_7.1/knot_7p1_q0_h0_pm0p05.txt,knot_7.1,7.1,knot,0,0,-0.05,0,C:\workspace\projects\SST-Workbench\KnotPlot\knots\final\knot_7.1_final.txt,79b66c2d6bb799e8fe933ebcdf41957b275f577a82eec0c770ac55a81461516e,true,0.9217903919887923,192,1.655792467121642,30.646059715094758,0.041956821120551026,0.5736239175775898
knot_7.1/knot_7p1_q0_h0_pm0p02.txt,knot_7.1,7.1,knot,0,0,-0.02,0,C:\workspace\projects\SST-Workbench\KnotPlot\knots\final\knot_7.1_final.txt,79b66c2d6bb799e8fe933ebcdf41957b275f577a82eec0c770ac55a81461516e,true,0.9742094921887322,192,1.6530685533681089,30.640577911312768,0.016805361797803724,0.6062439685934257
knot_7.1/knot_7p1_q0_h0_p0.txt,knot_7.1,7.1,knot,0.0,0.0,0.0,0,C:\workspace\projects\SST-Workbench\KnotPlot\knots\final\knot_7.1_final.txt,79b66c2d6bb799e8fe933ebcdf41957b275f577a82eec0c770ac55a81461516e,true,1.0,192,1.6520594153454342,30.680589286634756,0.00047523589440688944,0.6222932269232898
knot_7.1/knot_7p1_q0_h0_p0p02.txt,knot_7.1,7.1,knot,0,0,0.02,0,C:\workspace\projects\SST-Workbench\KnotPlot\knots\final\knot_7.1_final.txt,79b66c2d6bb799e8fe933ebcdf41957b275f577a82eec0c770ac55a81461516e,true,0.9825818327452983,192,1.6516972114692308,30.75533271215787,0.016810694449106895,0.6114540194152719
knot_7.1/knot_7p1_q0_h0_p0p05.txt,knot_7.1,7.1,knot,0,0,0.05,0,C:\workspace\projects\SST-Workbench\KnotPlot\knots\final\knot_7.1_final.txt,79b66c2d6bb799e8fe933ebcdf41957b275f577a82eec0c770ac55a81461516e,true,0.9500196561881669,192,1.6523676300322891,30.931847541530235,0.04183072531421215,0.5911907974898887
knot_7.1/knot_7p1_q0_h0p02_p0.txt,knot_7.1,7.1,knot,0,0.02,0,0,C:\workspace\projects\SST-Workbench\KnotPlot\knots\final\knot_7.1_final.txt,79b66c2d6bb799e8fe933ebcdf41957b275f577a82eec0c770ac55a81461516e,true,0.965852462228787,192,1.6348358854537286,30.621164108180295,0.026925572809174025,0.6010434454521567
knot_7.1/knot_7p1_q0_h0p05_p0.txt,knot_7.1,7.1,knot,0,0.05,0,0,C:\workspace\projects\SST-Workbench\KnotPlot\knots\final\knot_7.1_final.txt,79b66c2d6bb799e8fe933ebcdf41957b275f577a82eec0c770ac55a81461516e,true,0.900004196824342,192,1.6099268248870529,30.608879124041785,0.06701165718935298,0.5600665158863234
knot_7.1/knot_7p1_q0p02_h0_p0.txt,knot_7.1,7.1,knot,0.02,0,0,0,C:\workspace\projects\SST-Workbench\KnotPlot\knots\final\knot_7.1_final.txt,79b66c2d6bb799e8fe933ebcdf41957b275f577a82eec0c770ac55a81461516e,true,0.9869362134342586,192,1.6812236475505506,31.38265707874779,0.021631239964704303,0.6141637210254575
knot_7.1/knot_7p1_q0p05_h0_p0.txt,knot_7.1,7.1,knot,0.05,0,0,0,C:\workspace\projects\SST-Workbench\KnotPlot\knots\final\knot_7.1_final.txt,79b66c2d6bb799e8fe933ebcdf41957b275f577a82eec0c770ac55a81461516e,true,0.9598714405834816,192,1.7252320873587947,32.45382464185855,0.051885815851303876,0.5973214961922017
knot_7.2/knot_7p2_qm0p05_h0_p0.txt,knot_7.2,7.2,knot,-0.05,0,0,0,C:\workspace\projects\SST-Workbench\KnotPlot\knots\final\knot_7.2_final.txt,24cb1998ccbef26ac4d8755fb2f845acd0a6f73d7836db2cb1f67926417f3386,true,0.8783989090344363,192,1.5736332242192186,30.13182356245766,0.05561193958223531,0.5681201258521342
knot_7.2/knot_7p2_qm0p02_h0_p0.txt,knot_7.2,7.2,knot,-0.02,0,0,0,C:\workspace\projects\SST-Workbench\KnotPlot\knots\final\knot_7.2_final.txt,24cb1998ccbef26ac4d8755fb2f845acd0a6f73d7836db2cb1f67926417f3386,true,0.9571408311102827,192,1.6169764517895937,31.185509421962198,0.021393267310102562,0.6190478651963722
knot_7.2/knot_7p2_q0_hm0p05_p0.txt,knot_7.2,7.2,knot,0,-0.05,0,0,C:\workspace\projects\SST-Workbench\KnotPlot\knots\final\knot_7.2_final.txt,24cb1998ccbef26ac4d8755fb2f845acd0a6f73d7836db2cb1f67926417f3386,true,0.8816497977532053,192,1.6799589983357845,32.08943530532112,0.06864584933786104,0.5702226959817676
knot_7.2/knot_7p2_q0_hm0p02_p0.txt,knot_7.2,7.2,knot,0,-0.02,0,0,C:\workspace\projects\SST-Workbench\KnotPlot\knots\final\knot_7.2_final.txt,24cb1998ccbef26ac4d8755fb2f845acd0a6f73d7836db2cb1f67926417f3386,true,0.9585802744904198,192,1.6592134690356009,31.94192704310138,0.027631174307987803,0.6199788508179043
knot_7.2/knot_7p2_q0_h0_pm0p05.txt,knot_7.2,7.2,knot,0,0,-0.05,0,C:\workspace\projects\SST-Workbench\KnotPlot\knots\final\knot_7.2_final.txt,24cb1998ccbef26ac4d8755fb2f845acd0a6f73d7836db2cb1f67926417f3386,true,0.9068532532909903,192,1.6481442001647402,32.084813612013626,0.04776674355255396,0.5865234793556615
knot_7.2/knot_7p2_q0_h0_pm0p02.txt,knot_7.2,7.2,knot,0,0,-0.02,0,C:\workspace\projects\SST-Workbench\KnotPlot\knots\final\knot_7.2_final.txt,24cb1998ccbef26ac4d8755fb2f845acd0a6f73d7836db2cb1f67926417f3386,true,0.960767375099263,192,1.6464105179237303,31.938545708027807,0.019191368571332065,0.6213933970569395
knot_7.2/knot_7p2_q0_h0_p0.txt,knot_7.2,7.2,knot,0.0,0.0,0.0,0,C:\workspace\projects\SST-Workbench\KnotPlot\knots\final\knot_7.2_final.txt,24cb1998ccbef26ac4d8755fb2f845acd0a6f73d7836db2cb1f67926417f3386,true,1.0,192,1.646060905856227,31.90126932516405,0.0006636237968230307,0.6467677953705905
knot_7.2/knot_7p2_q0_h0_p0p02.txt,knot_7.2,7.2,knot,0,0,0.02,0,C:\workspace\projects\SST-Workbench\KnotPlot\knots\final\knot_7.2_final.txt,24cb1998ccbef26ac4d8755fb2f845acd0a6f73d7836db2cb1f67926417f3386,true,0.9585694066099465,192,1.6463568245442766,31.91246924415028,0.019152214478479757,0.6199718218228102
knot_7.2/knot_7p2_q0_h0_p0p05.txt,knot_7.2,7.2,knot,0,0,0.05,0,C:\workspace\projects\SST-Workbench\KnotPlot\knots\final\knot_7.2_final.txt,24cb1998ccbef26ac4d8755fb2f845acd0a6f73d7836db2cb1f67926417f3386,true,0.9024436473022864,192,1.648010104647645,32.0198594165137,0.047822769609373005,0.5836714882118945
knot_7.2/knot_7p2_q0_h0p02_p0.txt,knot_7.2,7.2,knot,0,0.02,0,0,C:\workspace\projects\SST-Workbench\KnotPlot\knots\final\knot_7.2_final.txt,24cb1998ccbef26ac4d8755fb2f845acd0a6f73d7836db2cb1f67926417f3386,true,0.9691682423693655,192,1.633465934300437,31.907121508772498,0.027381406016002693,0.6268268074604246
knot_7.2/knot_7p2_q0_h0p05_p0.txt,knot_7.2,7.2,knot,0,0.05,0,0,C:\workspace\projects\SST-Workbench\KnotPlot\knots\final\knot_7.2_final.txt,24cb1998ccbef26ac4d8755fb2f845acd0a6f73d7836db2cb1f67926417f3386,true,0.9098159267934187,192,1.6156473293440277,32.00353846489929,0.06819179349932658,0.58843964116523
knot_7.2/knot_7p2_q0p02_h0_p0.txt,knot_7.2,7.2,knot,0.02,0,0,0,C:\workspace\projects\SST-Workbench\KnotPlot\knots\final\knot_7.2_final.txt,24cb1998ccbef26ac4d8755fb2f845acd0a6f73d7836db2cb1f67926417f3386,true,0.9899440107626774,192,1.6752873552630845,32.626853508973824,0.02079648444257218,0.640263905381297
knot_7.2/knot_7p2_q0p05_h0_p0.txt,knot_7.2,7.2,knot,0.05,0,0,0,C:\workspace\projects\SST-Workbench\KnotPlot\knots\final\knot_7.2_final.txt,24cb1998ccbef26ac4d8755fb2f845acd0a6f73d7836db2cb1f67926417f3386,true,0.9639391997711341,192,1.719377421342494,33.73230770545943,0.0499879698397958,0.6234448311072676
knot_7.3/knot_7p3_qm0p05_h0_p0.txt,knot_7.3,7.3,knot,-0.05,0,0,0,C:\workspace\projects\SST-Workbench\KnotPlot\knots\final\knot_7.3_final.txt,04e7ec789ef929f30bf24f0937343aaf0cf28a7f34cb1ca53ca2ec9ded05ae58,true,0.8638895005866016,192,1.594532363738826,30.158072985442058,0.05603170500425303,0.5596235892071313
knot_7.3/knot_7p3_qm0p02_h0_p0.txt,knot_7.3,7.3,knot,-0.02,0,0,0,C:\workspace\projects\SST-Workbench\KnotPlot\knots\final\knot_7.3_final.txt,04e7ec789ef929f30bf24f0937343aaf0cf28a7f34cb1ca53ca2ec9ded05ae58,true,0.9509574846454417,192,1.6381745941848413,31.216569342556884,0.021513509342055374,0.6160258231860739
knot_7.3/knot_7p3_q0_hm0p05_p0.txt,knot_7.3,7.3,knot,0,-0.05,0,0,C:\workspace\projects\SST-Workbench\KnotPlot\knots\final\knot_7.3_final.txt,04e7ec789ef929f30bf24f0937343aaf0cf28a7f34cb1ca53ca2ec9ded05ae58,true,0.8755350206095965,192,1.6982826461625635,32.21352851914792,0.06669074081592571,0.5671675027620786
knot_7.3/knot_7p3_q0_hm0p02_p0.txt,knot_7.3,7.3,knot,0,-0.02,0,0,C:\workspace\projects\SST-Workbench\KnotPlot\knots\final\knot_7.3_final.txt,04e7ec789ef929f30bf24f0937343aaf0cf28a7f34cb1ca53ca2ec9ded05ae58,true,0.9558545085043144,192,1.6793654911418447,32.013148711615365,0.02699236942484657,0.6191980924016095
knot_7.3/knot_7p3_q0_h0_pm0p05.txt,knot_7.3,7.3,knot,0,0,-0.05,0,C:\workspace\projects\SST-Workbench\KnotPlot\knots\final\knot_7.3_final.txt,04e7ec789ef929f30bf24f0937343aaf0cf28a7f34cb1ca53ca2ec9ded05ae58,true,0.9101292366760522,192,1.6739356699634382,32.00430155996017,0.050685540311977875,0.5895774745788112
knot_7.3/knot_7p3_q0_h0_pm0p02.txt,knot_7.3,7.3,knot,0,0,-0.02,0,C:\workspace\projects\SST-Workbench\KnotPlot\knots\final\knot_7.3_final.txt,04e7ec789ef929f30bf24f0937343aaf0cf28a7f34cb1ca53ca2ec9ded05ae58,true,0.968799864804174,192,1.6695623927651249,31.940215225552762,0.020331589666921914,0.6275840338341345
knot_7.3/knot_7p3_q0_h0_p0.txt,knot_7.3,7.3,knot,0.0,0.0,0.0,0,C:\workspace\projects\SST-Workbench\KnotPlot\knots\final\knot_7.3_final.txt,04e7ec789ef929f30bf24f0937343aaf0cf28a7f34cb1ca53ca2ec9ded05ae58,true,1.0,192,1.6674685218494743,31.93682484378332,0.0007638638466991317,0.6477953358932288
knot_7.3/knot_7p3_q0_h0_p0p02.txt,knot_7.3,7.3,knot,0,0,0.02,0,C:\workspace\projects\SST-Workbench\KnotPlot\knots\final\knot_7.3_final.txt,04e7ec789ef929f30bf24f0937343aaf0cf28a7f34cb1ca53ca2ec9ded05ae58,true,0.970495433300317,192,1.6660349735771618,31.964919585651597,0.020311493450670147,0.6286824151976235
knot_7.3/knot_7p3_q0_h0_p0p05.txt,knot_7.3,7.3,knot,0,0,0.05,0,C:\workspace\projects\SST-Workbench\KnotPlot\knots\final\knot_7.3_final.txt,04e7ec789ef929f30bf24f0937343aaf0cf28a7f34cb1ca53ca2ec9ded05ae58,true,0.9156977693221182,192,1.6651262720264073,32.06591412464477,0.05057712959242661,0.5931847440547019
knot_7.3/knot_7p3_q0_h0p02_p0.txt,knot_7.3,7.3,knot,0,0.02,0,0,C:\workspace\projects\SST-Workbench\KnotPlot\knots\final\knot_7.3_final.txt,04e7ec789ef929f30bf24f0937343aaf0cf28a7f34cb1ca53ca2ec9ded05ae58,true,0.9609932303958916,192,1.6561575834401505,31.906408757183357,0.02697957140069146,0.6225269324754256
knot_7.3/knot_7p3_q0_h0p05_p0.txt,knot_7.3,7.3,knot,0,0.05,0,0,C:\workspace\projects\SST-Workbench\KnotPlot\knots\final\knot_7.3_final.txt,04e7ec789ef929f30bf24f0937343aaf0cf28a7f34cb1ca53ca2ec9ded05ae58,true,0.8909591611077212,192,1.6403163314213185,31.946910732079814,0.06750328452565814,0.5771591890369256
knot_7.3/knot_7p3_q0p02_h0_p0.txt,knot_7.3,7.3,knot,0.02,0,0,0,C:\workspace\projects\SST-Workbench\KnotPlot\knots\final\knot_7.3_final.txt,04e7ec789ef929f30bf24f0937343aaf0cf28a7f34cb1ca53ca2ec9ded05ae58,true,0.9855252491752916,192,1.6969121177993347,32.6678623426182,0.021023477052963705,0.6384186598207661
knot_7.3/knot_7p3_q0p05_h0_p0.txt,knot_7.3,7.3,knot,0.05,0,0,0,C:\workspace\projects\SST-Workbench\KnotPlot\knots\final\knot_7.3_final.txt,04e7ec789ef929f30bf24f0937343aaf0cf28a7f34cb1ca53ca2ec9ded05ae58,true,0.956141614206889,192,1.7413415217195078,33.78317759154271,0.05041629305084274,0.6193840781366456
knot_7.4/knot_7p4_qm0p05_h0_p0.txt,knot_7.4,7.4,knot,-0.05,0,0,0,C:\workspace\projects\SST-Workbench\KnotPlot\knots\final\knot_7.4_final.txt,ffb8021c4db519e46ac7cbf603f745d8d480c633d79b7f4c1e69ca2fc57c5398,true,0.8745310791703604,192,1.5423397148902693,30.327236240648034,0.05472142313403937,0.5695088776719073
knot_7.4/knot_7p4_qm0p02_h0_p0.txt,knot_7.4,7.4,knot,-0.02,0,0,0,C:\workspace\projects\SST-Workbench\KnotPlot\knots\final\knot_7.4_final.txt,ffb8021c4db519e46ac7cbf603f745d8d480c633d79b7f4c1e69ca2fc57c5398,true,0.95515139529854,192,1.5849254842160831,31.387224408494482,0.021013536186412222,0.6220101401762325
knot_7.4/knot_7p4_q0_hm0p05_p0.txt,knot_7.4,7.4,knot,0,-0.05,0,0,C:\workspace\projects\SST-Workbench\KnotPlot\knots\final\knot_7.4_final.txt,ffb8021c4db519e46ac7cbf603f745d8d480c633d79b7f4c1e69ca2fc57c5398,true,0.8998133922978812,192,1.6355330124357328,32.45396848535411,0.05390719198652531,0.5859731316214221
knot_7.4/knot_7p4_q0_hm0p02_p0.txt,knot_7.4,7.4,knot,0,-0.02,0,0,C:\workspace\projects\SST-Workbench\KnotPlot\knots\final\knot_7.4_final.txt,ffb8021c4db519e46ac7cbf603f745d8d480c633d79b7f4c1e69ca2fc57c5398,true,0.9655063349245644,192,1.6218666145247325,32.21967959601571,0.0219177299199723,0.6287534454574719
knot_7.4/knot_7p4_q0_h0_pm0p05.txt,knot_7.4,7.4,knot,0,0,-0.05,0,C:\workspace\projects\SST-Workbench\KnotPlot\knots\final\knot_7.4_final.txt,ffb8021c4db519e46ac7cbf603f745d8d480c633d79b7f4c1e69ca2fc57c5398,true,0.8744790012759545,192,1.6155012876356096,32.23870717346192,0.06335620824593353,0.5694749636991496
knot_7.4/knot_7p4_q0_h0_pm0p02.txt,knot_7.4,7.4,knot,0,0,-0.02,0,C:\workspace\projects\SST-Workbench\KnotPlot\knots\final\knot_7.4_final.txt,ffb8021c4db519e46ac7cbf603f745d8d480c633d79b7f4c1e69ca2fc57c5398,true,0.9549263321600351,192,1.6138171614610402,32.13794277614508,0.025503823053044706,0.6218635753960112
knot_7.4/knot_7p4_q0_h0_p0.txt,knot_7.4,7.4,knot,0.0,0.0,0.0,0,C:\workspace\projects\SST-Workbench\KnotPlot\knots\final\knot_7.4_final.txt,ffb8021c4db519e46ac7cbf603f745d8d480c633d79b7f4c1e69ca2fc57c5398,true,0.9999999999999998,192,1.6134982915717337,32.106240776555616,0.0006081226844521325,0.6512162817726066
knot_7.4/knot_7p4_q0_h0_p0p02.txt,knot_7.4,7.4,knot,0,0,0.02,0,C:\workspace\projects\SST-Workbench\KnotPlot\knots\final\knot_7.4_final.txt,ffb8021c4db519e46ac7cbf603f745d8d480c633d79b7f4c1e69ca2fc57c5398,true,0.9408940659059136,192,1.613823083259305,32.1027506210773,0.025616628176473824,0.612725535141159
knot_7.4/knot_7p4_q0_h0_p0p05.txt,knot_7.4,7.4,knot,0,0,0.05,0,C:\workspace\projects\SST-Workbench\KnotPlot\knots\final\knot_7.4_final.txt,ffb8021c4db519e46ac7cbf603f745d8d480c633d79b7f4c1e69ca2fc57c5398,true,0.8460624010056356,192,1.6155160766573375,32.15019900818951,0.06397226345920466,0.5509696109304941
knot_7.4/knot_7p4_q0_h0p02_p0.txt,knot_7.4,7.4,knot,0,0.02,0,0,C:\workspace\projects\SST-Workbench\KnotPlot\knots\final\knot_7.4_final.txt,ffb8021c4db519e46ac7cbf603f745d8d480c633d79b7f4c1e69ca2fc57c5398,true,0.9678966502378666,192,1.6057349883525958,32.02683681758338,0.022272199787103326,0.6303100577080647
knot_7.4/knot_7p4_q0_h0p05_p0.txt,knot_7.4,7.4,knot,0,0.05,0,0,C:\workspace\projects\SST-Workbench\KnotPlot\knots\final\knot_7.4_final.txt,ffb8021c4db519e46ac7cbf603f745d8d480c633d79b7f4c1e69ca2fc57c5398,true,0.9068000731211923,192,1.5952435796898186,31.97110639696244,0.05613360016188685,0.5905229719291107
knot_7.4/knot_7p4_q0p02_h0_p0.txt,knot_7.4,7.4,knot,0.02,0,0,0,C:\workspace\projects\SST-Workbench\KnotPlot\knots\final\knot_7.4_final.txt,ffb8021c4db519e46ac7cbf603f745d8d480c633d79b7f4c1e69ca2fc57c5398,true,0.9905520839271699,192,1.6422080593094328,32.834383044195505,0.020546692538720178,0.6450636449971586
knot_7.4/knot_7p4_q0p05_h0_p0.txt,knot_7.4,7.4,knot,0.05,0,0,0,C:\workspace\projects\SST-Workbench\KnotPlot\knots\final\knot_7.4_final.txt,ffb8021c4db519e46ac7cbf603f745d8d480c633d79b7f4c1e69ca2fc57c5398,true,0.9670770307589674,192,1.6855141930538489,33.942460512385566,0.04931787239253495,0.6297763081585476
knot_8.17/knot_8p17_qm0p05_h0_p0.txt,knot_8.17,8.17,knot,-0.05,0,0,0,C:\workspace\projects\SST-Workbench\KnotPlot\knots\final\knot_8.17_final.txt,26272c74a20e2338c04f0690c8d0294aa19e64e03e7ab3f7598c662ee190358b,true,0.8829809065985598,192,1.586988731783974,35.32970148126253,0.058151563391680844,0.6633266053901965
knot_8.17/knot_8p17_qm0p02_h0_p0.txt,knot_8.17,8.17,knot,-0.02,0,0,0,C:\workspace\projects\SST-Workbench\KnotPlot\knots\final\knot_8.17_final.txt,26272c74a20e2338c04f0690c8d0294aa19e64e03e7ab3f7598c662ee190358b,true,0.9611515105909364,192,1.631149473585634,36.55947807366424,0.02238695185009097,0.7220511383897973
knot_8.17/knot_8p17_q0_hm0p05_p0.txt,knot_8.17,8.17,knot,0,-0.05,0,0,C:\workspace\projects\SST-Workbench\KnotPlot\knots\final\knot_8.17_final.txt,26272c74a20e2338c04f0690c8d0294aa19e64e03e7ab3f7598c662ee190358b,true,0.8880800692848766,192,1.6824217848599259,37.64855882049553,0.05988958268309733,0.6671572774350505
knot_8.17/knot_8p17_q0_hm0p02_p0.txt,knot_8.17,8.17,knot,0,-0.02,0,0,C:\workspace\projects\SST-Workbench\KnotPlot\knots\final\knot_8.17_final.txt,26272c74a20e2338c04f0690c8d0294aa19e64e03e7ab3f7598c662ee190358b,true,0.9620644864722857,192,1.6689675574766458,37.46095927521231,0.024219553921011366,0.7227369982851278
knot_8.17/knot_8p17_q0_h0_pm0p05.txt,knot_8.17,8.17,knot,0,0,-0.05,0,C:\workspace\projects\SST-Workbench\KnotPlot\knots\final\knot_8.17_final.txt,26272c74a20e2338c04f0690c8d0294aa19e64e03e7ab3f7598c662ee190358b,true,0.9025821860685883,192,1.6654467278658114,37.63122554675917,0.0510385412631166,0.6780517824296927
knot_8.17/knot_8p17_q0_h0_pm0p02.txt,knot_8.17,8.17,knot,0,0,-0.02,0,C:\workspace\projects\SST-Workbench\KnotPlot\knots\final\knot_8.17_final.txt,26272c74a20e2338c04f0690c8d0294aa19e64e03e7ab3f7598c662ee190358b,true,0.9682463641032484,192,1.662143460872928,37.45723726150144,0.020309227219176353,0.727381044235884
knot_8.17/knot_8p17_q0_h0_p0.txt,knot_8.17,8.17,knot,0.0,0.0,0.0,0,C:\workspace\projects\SST-Workbench\KnotPlot\knots\final\knot_8.17_final.txt,26272c74a20e2338c04f0690c8d0294aa19e64e03e7ab3f7598c662ee190358b,true,1.0,192,1.660767984396014,37.39181164288419,0.0008822701931289781,0.7512355028666239
knot_8.17/knot_8p17_q0_h0_p0p02.txt,knot_8.17,8.17,knot,0,0,0.02,0,C:\workspace\projects\SST-Workbench\KnotPlot\knots\final\knot_8.17_final.txt,26272c74a20e2338c04f0690c8d0294aa19e64e03e7ab3f7598c662ee190358b,true,0.9654450105052917,192,1.6600559023591308,37.36761281842406,0.0204206624453005,0.7252765679570158
knot_8.17/knot_8p17_q0_h0_p0p05.txt,knot_8.17,8.17,knot,0,0,0.05,0,C:\workspace\projects\SST-Workbench\KnotPlot\knots\final\knot_8.17_final.txt,26272c74a20e2338c04f0690c8d0294aa19e64e03e7ab3f7598c662ee190358b,true,0.910557702024092,192,1.6602332936806865,37.409709747894695,0.05040207371611052,0.6840432731691463
knot_8.17/knot_8p17_q0_h0p02_p0.txt,knot_8.17,8.17,knot,0,0.02,0,0,C:\workspace\projects\SST-Workbench\KnotPlot\knots\final\knot_8.17_final.txt,26272c74a20e2338c04f0690c8d0294aa19e64e03e7ab3f7598c662ee190358b,true,0.9729424627355855,192,1.653195133397083,37.36725216632102,0.024353169444417344,0.730908920253459
knot_8.17/knot_8p17_q0_h0p05_p0.txt,knot_8.17,8.17,knot,0,0.05,0,0,C:\workspace\projects\SST-Workbench\KnotPlot\knots\final\knot_8.17_final.txt,26272c74a20e2338c04f0690c8d0294aa19e64e03e7ab3f7598c662ee190358b,true,0.9142874495612112,192,1.6430297213126885,37.41364964841834,0.06094537963128166,0.6868451919357595
knot_8.17/knot_8p17_q0p02_h0_p0.txt,knot_8.17,8.17,knot,0.02,0,0,0,C:\workspace\projects\SST-Workbench\KnotPlot\knots\final\knot_8.17_final.txt,26272c74a20e2338c04f0690c8d0294aa19e64e03e7ab3f7598c662ee190358b,true,0.9848709451631472,192,1.6905201805559105,38.23327862251139,0.021855743388986295,0.7398700197483641
knot_8.17/knot_8p17_q0p05_h0_p0.txt,knot_8.17,8.17,knot,0.05,0,0,0,C:\workspace\projects\SST-Workbench\KnotPlot\knots\final\knot_8.17_final.txt,26272c74a20e2338c04f0690c8d0294aa19e64e03e7ab3f7598c662ee190358b,true,0.9549843724773489,192,1.7353840854489675,39.511224504221396,0.05256278268570422,0.7174181652877885
knot_8.18/knot_8p18_qm0p05_h0_p0.txt,knot_8.18,8.18,knot,-0.05,0,0,0,C:\workspace\projects\SST-Workbench\KnotPlot\knots\final\knot_8.18_final.txt,9836871d37b6abf573047a71c9bfa2ee4c7b83edf8fa84f1ae0ee94e0ddcc5ae,true,0.8918136383572746,192,1.5540353793401527,35.36147487497867,0.05995275152868268,0.6715586911102698
knot_8.18/knot_8p18_qm0p02_h0_p0.txt,knot_8.18,8.18,knot,-0.02,0,0,0,C:\workspace\projects\SST-Workbench\KnotPlot\knots\final\knot_8.18_final.txt,9836871d37b6abf573047a71c9bfa2ee4c7b83edf8fa84f1ae0ee94e0ddcc5ae,true,0.9598137457151913,192,1.597619545227476,36.58713545981702,0.023058129106791895,0.7227645273169884
knot_8.18/knot_8p18_q0_hm0p05_p0.txt,knot_8.18,8.18,knot,0,-0.05,0,0,C:\workspace\projects\SST-Workbench\KnotPlot\knots\final\knot_8.18_final.txt,9836871d37b6abf573047a71c9bfa2ee4c7b83edf8fa84f1ae0ee94e0ddcc5ae,true,0.9538098197546554,192,1.6385012410981223,37.46275208153364,0.04765880988191501,0.7182434160823504
knot_8.18/knot_8p18_q0_hm0p02_p0.txt,knot_8.18,8.18,knot,0,-0.02,0,0,C:\workspace\projects\SST-Workbench\KnotPlot\knots\final\knot_8.18_final.txt,9836871d37b6abf573047a71c9bfa2ee4c7b83edf8fa84f1ae0ee94e0ddcc5ae,true,0.9878540397583481,192,1.6310280052937853,37.40380622552844,0.01891422933849724,0.7438795925683516
knot_8.18/knot_8p18_q0_h0_pm0p05.txt,knot_8.18,8.18,knot,0,0,-0.05,0,C:\workspace\projects\SST-Workbench\KnotPlot\knots\final\knot_8.18_final.txt,9836871d37b6abf573047a71c9bfa2ee4c7b83edf8fa84f1ae0ee94e0ddcc5ae,true,0.9332401201274124,192,1.6288725411205027,37.52157259544128,0.04332472353591673,0.7027539012733509
knot_8.18/knot_8p18_q0_h0_pm0p02.txt,knot_8.18,8.18,knot,0,0,-0.02,0,C:\workspace\projects\SST-Workbench\KnotPlot\knots\final\knot_8.18_final.txt,9836871d37b6abf573047a71c9bfa2ee4c7b83edf8fa84f1ae0ee94e0ddcc5ae,true,0.9797725157185553,192,1.6271656743746987,37.431991923400254,0.017386353887492104,0.7377939963485669
knot_8.18/knot_8p18_q0_h0_p0.txt,knot_8.18,8.18,knot,0.0,0.0,0.0,0,C:\workspace\projects\SST-Workbench\KnotPlot\knots\final\knot_8.18_final.txt,9836871d37b6abf573047a71c9bfa2ee4c7b83edf8fa84f1ae0ee94e0ddcc5ae,true,1.0,192,1.6268403901372595,37.41491026202409,0.0006824579610294857,0.7530258141681758
knot_8.18/knot_8p18_q0_h0_p0p02.txt,knot_8.18,8.18,knot,0,0,0.02,0,C:\workspace\projects\SST-Workbench\KnotPlot\knots\final\knot_8.18_final.txt,9836871d37b6abf573047a71c9bfa2ee4c7b83edf8fa84f1ae0ee94e0ddcc5ae,true,0.979769196843722,192,1.627165775937995,37.43199996511891,0.0173857721632018,0.7377914971501435
knot_8.18/knot_8p18_q0_h0_p0p05.txt,knot_8.18,8.18,knot,0,0,0.05,0,C:\workspace\projects\SST-Workbench\KnotPlot\knots\final\knot_8.18_final.txt,9836871d37b6abf573047a71c9bfa2ee4c7b83edf8fa84f1ae0ee94e0ddcc5ae,true,0.9332385465945747,192,1.6288727947626656,37.52159304701424,0.043323879660426425,0.7027527163625047
knot_8.18/knot_8p18_q0_h0p02_p0.txt,knot_8.18,8.18,knot,0,0.02,0,0,C:\workspace\projects\SST-Workbench\KnotPlot\knots\final\knot_8.18_final.txt,9836871d37b6abf573047a71c9bfa2ee4c7b83edf8fa84f1ae0ee94e0ddcc5ae,true,0.9893100847282845,192,1.62329425662839,37.46702695277774,0.018502643627819084,0.7449760320173034
knot_8.18/knot_8p18_q0_h0p05_p0.txt,knot_8.18,8.18,knot,0,0.05,0,0,C:\workspace\projects\SST-Workbench\KnotPlot\knots\final\knot_8.18_final.txt,9836871d37b6abf573047a71c9bfa2ee4c7b83edf8fa84f1ae0ee94e0ddcc5ae,true,0.9560710856090023,192,1.619186845597296,37.62322122734224,0.04543772982301598,0.7199462076433707
knot_8.18/knot_8p18_q0p02_h0_p0.txt,knot_8.18,8.18,knot,0.02,0,0,0,C:\workspace\projects\SST-Workbench\KnotPlot\knots\final\knot_8.18_final.txt,9836871d37b6abf573047a71c9bfa2ee4c7b83edf8fa84f1ae0ee94e0ddcc5ae,true,0.9815939530313781,192,1.6561848889525066,38.25047770687769,0.02257376070742419,0.7391655856640116
knot_8.18/knot_8p18_q0p05_h0_p0.txt,knot_8.18,8.18,knot,0.05,0,0,0,C:\workspace\projects\SST-Workbench\KnotPlot\knots\final\knot_8.18_final.txt,9836871d37b6abf573047a71c9bfa2ee4c7b83edf8fa84f1ae0ee94e0ddcc5ae,true,0.9539926265789881,192,1.70041947706892,39.51724112993672,0.054286185606309906,0.718381074340079
knot_8.1/knot_8p1_qm0p05_h0_p0.txt,knot_8.1,8.1,knot,-0.05,0,0,0,C:\workspace\projects\SST-Workbench\KnotPlot\knots\final\knot_8.1_final.txt,254f4e6a6972ff14d532cc9fc1bc6ae3f13cde047993a6d51256bbcfd9d0b95a,true,0.8985483438885579,192,1.7902170474701646,34.7508011285787,0.06086477141854108,0.6450613427523944
knot_8.1/knot_8p1_qm0p02_h0_p0.txt,knot_8.1,8.1,knot,-0.02,0,0,0,C:\workspace\projects\SST-Workbench\KnotPlot\knots\final\knot_8.1_final.txt,254f4e6a6972ff14d532cc9fc1bc6ae3f13cde047993a6d51256bbcfd9d0b95a,true,0.9748230980012652,192,1.8391682611397842,35.96126278559271,0.023502374988987475,0.6998184358355841
knot_8.1/knot_8p1_q0_hm0p05_p0.txt,knot_8.1,8.1,knot,0,-0.05,0,0,C:\workspace\projects\SST-Workbench\KnotPlot\knots\final\knot_8.1_final.txt,254f4e6a6972ff14d532cc9fc1bc6ae3f13cde047993a6d51256bbcfd9d0b95a,true,0.9521517495077624,192,1.9297839447453076,37.25448298540315,0.0666068178037306,0.6835428390903519
knot_8.1/knot_8p1_q0_hm0p02_p0.txt,knot_8.1,8.1,knot,0,-0.02,0,0,C:\workspace\projects\SST-Workbench\KnotPlot\knots\final\knot_8.1_final.txt,254f4e6a6972ff14d532cc9fc1bc6ae3f13cde047993a6d51256bbcfd9d0b95a,true,0.998329751777288,192,1.8947863954921358,36.94073913607026,0.026885505742097304,0.7166936921882434
knot_8.1/knot_8p1_q0_h0_pm0p05.txt,knot_8.1,8.1,knot,0,0,-0.05,0,C:\workspace\projects\SST-Workbench\KnotPlot\knots\final\knot_8.1_final.txt,254f4e6a6972ff14d532cc9fc1bc6ae3f13cde047993a6d51256bbcfd9d0b95a,true,0.8560895533204161,192,1.8748250123646717,36.74786021469789,0.05759271810011344,0.6145804847754027
knot_8.1/knot_8p1_q0_h0_pm0p02.txt,knot_8.1,8.1,knot,0,0,-0.02,0,C:\workspace\projects\SST-Workbench\KnotPlot\knots\final\knot_8.1_final.txt,254f4e6a6972ff14d532cc9fc1bc6ae3f13cde047993a6d51256bbcfd9d0b95a,true,0.9618037285721098,192,1.8725908879605837,36.7332600686926,0.02330260507250823,0.6904719248961548
knot_8.1/knot_8p1_q0_h0_p0.txt,knot_8.1,8.1,knot,0.0,0.0,0.0,0,C:\workspace\projects\SST-Workbench\KnotPlot\knots\final\knot_8.1_final.txt,254f4e6a6972ff14d532cc9fc1bc6ae3f13cde047993a6d51256bbcfd9d0b95a,true,1.0,192,1.8720273084870083,36.78950535135314,0.001134515193860878,0.7178927512801669
knot_8.1/knot_8p1_q0_h0_p0p02.txt,knot_8.1,8.1,knot,0,0,0.02,0,C:\workspace\projects\SST-Workbench\KnotPlot\knots\final\knot_8.1_final.txt,254f4e6a6972ff14d532cc9fc1bc6ae3f13cde047993a6d51256bbcfd9d0b95a,true,1.0013748578757706,192,1.872205307004496,36.89782875791675,0.02296168293407535,0.7188797517832232
knot_8.1/knot_8p1_q0_h0_p0p05.txt,knot_8.1,8.1,knot,0,0,0.05,0,C:\workspace\projects\SST-Workbench\KnotPlot\knots\final\knot_8.1_final.txt,254f4e6a6972ff14d532cc9fc1bc6ae3f13cde047993a6d51256bbcfd9d0b95a,true,0.9502883405132175,192,1.8738620604903578,37.156060783095185,0.057520413445578275,0.6822051112804979
knot_8.1/knot_8p1_q0_h0p02_p0.txt,knot_8.1,8.1,knot,0,0.02,0,0,C:\workspace\projects\SST-Workbench\KnotPlot\knots\final\knot_8.1_final.txt,254f4e6a6972ff14d532cc9fc1bc6ae3f13cde047993a6d51256bbcfd9d0b95a,true,0.996823060646979,192,1.8497460882418066,36.68558449532619,0.02680524879114042,0.7156120495473764
knot_8.1/knot_8p1_q0_h0p05_p0.txt,knot_8.1,8.1,knot,0,0.05,0,0,C:\workspace\projects\SST-Workbench\KnotPlot\knots\final\knot_8.1_final.txt,254f4e6a6972ff14d532cc9fc1bc6ae3f13cde047993a6d51256bbcfd9d0b95a,true,0.9284972014425532,192,1.8172586055529414,36.61996685887759,0.06699081353810396,0.6665614104995299
knot_8.1/knot_8p1_q0p02_h0_p0.txt,knot_8.1,8.1,knot,0.02,0,0,0,C:\workspace\projects\SST-Workbench\KnotPlot\knots\final\knot_8.1_final.txt,254f4e6a6972ff14d532cc9fc1bc6ae3f13cde047993a6d51256bbcfd9d0b95a,true,1.0147374376588374,192,1.9050554253576852,37.633408796167586,0.022665372531184533,0.7284726509478897
knot_8.1/knot_8p1_q0p05_h0_p0.txt,knot_8.1,8.1,knot,0.05,0,0,0,C:\workspace\projects\SST-Workbench\KnotPlot\knots\final\knot_8.1_final.txt,254f4e6a6972ff14d532cc9fc1bc6ae3f13cde047993a6d51256bbcfd9d0b95a,true,0.9810690323461014,192,1.9548958487103167,38.926433431334374,0.054558025794660785,0.7043023468267139
knot_9.1/knot_9p1_qm0p05_h0_p0.txt,knot_9.1,9.1,knot,-0.05,0,0,0,C:\workspace\projects\SST-Workbench\KnotPlot\knots\final\knot_9.1_final.txt,7861bfb1a9b29bd6e57229c4349f96dfd59a8b149d91da6b5156426a0fd198ef,true,0.8664539508419654,192,2.1710716121523426,37.929271113598055,0.09449691489181086,0.6944331114184461
knot_9.1/knot_9p1_qm0p02_h0_p0.txt,knot_9.1,9.1,knot,-0.02,0,0,0,C:\workspace\projects\SST-Workbench\KnotPlot\knots\final\knot_9.1_final.txt,7861bfb1a9b29bd6e57229c4349f96dfd59a8b149d91da6b5156426a0fd198ef,true,0.9548844161924583,192,2.2301365451968924,39.21763805896464,0.03622167057088257,0.7653070951285446
knot_9.1/knot_9p1_q0_hm0p05_p0.txt,knot_9.1,9.1,knot,0,-0.05,0,0,C:\workspace\projects\SST-Workbench\KnotPlot\knots\final\knot_9.1_final.txt,7861bfb1a9b29bd6e57229c4349f96dfd59a8b149d91da6b5156426a0fd198ef,true,0.8924500540483501,192,2.3579564323985926,40.754200121728886,0.0955819136483843,0.7152680961476662
knot_9.1/knot_9p1_q0_hm0p02_p0.txt,knot_9.1,9.1,knot,0,-0.02,0,0,C:\workspace\projects\SST-Workbench\KnotPlot\knots\final\knot_9.1_final.txt,7861bfb1a9b29bd6e57229c4349f96dfd59a8b149d91da6b5156426a0fd198ef,true,0.9582020594110352,192,2.304793189642225,40.332585545146,0.03854053907074147,0.7679660723316768
knot_9.1/knot_9p1_q0_h0_pm0p05.txt,knot_9.1,9.1,knot,0,0,-0.05,0,C:\workspace\projects\SST-Workbench\KnotPlot\knots\final\knot_9.1_final.txt,7861bfb1a9b29bd6e57229c4349f96dfd59a8b149d91da6b5156426a0fd198ef,true,0.8901117392563188,192,2.272629598142956,40.36326363496691,0.042874002197158756,0.713394017075226
knot_9.1/knot_9p1_q0_h0_pm0p02.txt,knot_9.1,9.1,knot,0,0,-0.02,0,C:\workspace\projects\SST-Workbench\KnotPlot\knots\final\knot_9.1_final.txt,7861bfb1a9b29bd6e57229c4349f96dfd59a8b149d91da6b5156426a0fd198ef,true,0.9762773485207809,192,2.270248080814855,40.157239167515066,0.017319674238606385,0.7824527963451934
knot_9.1/knot_9p1_q0_h0_p0.txt,knot_9.1,9.1,knot,0.0,0.0,0.0,0,C:\workspace\projects\SST-Workbench\KnotPlot\knots\final\knot_9.1_final.txt,7861bfb1a9b29bd6e57229c4349f96dfd59a8b149d91da6b5156426a0fd198ef,true,1.0,192,2.269794194634107,40.117939009969376,0.0008125089346039447,0.8014656875228507
knot_9.1/knot_9p1_q0_h0_p0p02.txt,knot_9.1,9.1,knot,0,0,0.02,0,C:\workspace\projects\SST-Workbench\KnotPlot\knots\final\knot_9.1_final.txt,7861bfb1a9b29bd6e57229c4349f96dfd59a8b149d91da6b5156426a0fd198ef,true,0.9750452243438621,192,2.270248135323493,40.15725847250579,0.017323783358292055,0.7814652910946257
knot_9.1/knot_9p1_q0_h0_p0p05.txt,knot_9.1,9.1,knot,0,0,0.05,0,C:\workspace\projects\SST-Workbench\KnotPlot\knots\final\knot_9.1_final.txt,7861bfb1a9b29bd6e57229c4349f96dfd59a8b149d91da6b5156426a0fd198ef,true,0.9050992354392549,192,2.272629734271748,40.36330987699586,0.04287909436113844,0.7254059810077289
knot_9.1/knot_9p1_q0_h0p02_p0.txt,knot_9.1,9.1,knot,0,0.02,0,0,C:\workspace\projects\SST-Workbench\KnotPlot\knots\final\knot_9.1_final.txt,7861bfb1a9b29bd6e57229c4349f96dfd59a8b149d91da6b5156426a0fd198ef,true,0.9630679513042408,192,2.2351691876717084,39.96060377380971,0.037176415681995416,0.7718659177232767
knot_9.1/knot_9p1_q0_h0p05_p0.txt,knot_9.1,9.1,knot,0,0.05,0,0,C:\workspace\projects\SST-Workbench\KnotPlot\knots\final\knot_9.1_final.txt,7861bfb1a9b29bd6e57229c4349f96dfd59a8b149d91da6b5156426a0fd198ef,true,0.8890054281465983,192,2.183971763400217,39.84147883319427,0.09236810257162853,0.7125073466810598
knot_9.1/knot_9p1_q0p02_h0_p0.txt,knot_9.1,9.1,knot,0.02,0,0,0,C:\workspace\projects\SST-Workbench\KnotPlot\knots\final\knot_9.1_final.txt,7861bfb1a9b29bd6e57229c4349f96dfd59a8b149d91da6b5156426a0fd198ef,true,0.9705240453088387,192,2.309663164687754,41.04899713700697,0.03556718740725431,0.7778417212309068
knot_9.1/knot_9p1_q0p05_h0_p0.txt,knot_9.1,9.1,knot,0.05,0,0,0,C:\workspace\projects\SST-Workbench\KnotPlot\knots\final\knot_9.1_final.txt,7861bfb1a9b29bd6e57229c4349f96dfd59a8b149d91da6b5156426a0fd198ef,true,0.9215944525539508,192,2.3698394999082897,42.49962175249663,0.08495153808473635,0.7386263315333974
knot_9.2/knot_9p2_qm0p05_h0_p0.txt,knot_9.2,9.2,knot,-0.05,0,0,0,C:\workspace\projects\SST-Workbench\KnotPlot\knots\final\knot_9.2_final.txt,5a27e68f78ff4ccacce8f3baa7f43506c437ed62551f6808c9eac35269e11dde,true,0.9085176268373699,192,1.842485182815801,38.17764620783086,0.06304794351358368,0.70986648233346
knot_9.2/knot_9p2_qm0p02_h0_p0.txt,knot_9.2,9.2,knot,-0.02,0,0,0,C:\workspace\projects\SST-Workbench\KnotPlot\knots\final\knot_9.2_final.txt,5a27e68f78ff4ccacce8f3baa7f43506c437ed62551f6808c9eac35269e11dde,true,0.9763370644407391,192,1.892894695114749,39.503704710116736,0.024240094733835007,0.7628569188238629
knot_9.2/knot_9p2_q0_hm0p05_p0.txt,knot_9.2,9.2,knot,0,-0.05,0,0,C:\workspace\projects\SST-Workbench\KnotPlot\knots\final\knot_9.2_final.txt,5a27e68f78ff4ccacce8f3baa7f43506c437ed62551f6808c9eac35269e11dde,true,0.951050246480464,192,1.9873792309902654,40.90147123620738,0.06936501339346707,0.7430991684130608
knot_9.2/knot_9p2_q0_hm0p02_p0.txt,knot_9.2,9.2,knot,0,-0.02,0,0,C:\workspace\projects\SST-Workbench\KnotPlot\knots\final\knot_9.2_final.txt,5a27e68f78ff4ccacce8f3baa7f43506c437ed62551f6808c9eac35269e11dde,true,0.9986229649966936,192,1.950646061673298,40.56857356326632,0.02803728660074903,0.7802699148582487
knot_9.2/knot_9p2_q0_h0_pm0p05.txt,knot_9.2,9.2,knot,0,0,-0.05,0,C:\workspace\projects\SST-Workbench\KnotPlot\knots\final\knot_9.2_final.txt,5a27e68f78ff4ccacce8f3baa7f43506c437ed62551f6808c9eac35269e11dde,true,0.95405427355712,192,1.9375873304513203,40.52569677544381,0.050869818698230075,0.7454463525190682
knot_9.2/knot_9p2_q0_h0_pm0p02.txt,knot_9.2,9.2,knot,0,0,-0.02,0,C:\workspace\projects\SST-Workbench\KnotPlot\knots\final\knot_9.2_final.txt,5a27e68f78ff4ccacce8f3baa7f43506c437ed62551f6808c9eac35269e11dde,true,1.0007310016539048,192,1.9305129180457596,40.42301030944936,0.020444738640011176,0.7819170205634993
knot_9.2/knot_9p2_q0_h0_p0.txt,knot_9.2,9.2,knot,0.0,0.0,0.0,0,C:\workspace\projects\SST-Workbench\KnotPlot\knots\final\knot_9.2_final.txt,5a27e68f78ff4ccacce8f3baa7f43506c437ed62551f6808c9eac35269e11dde,true,1.0,192,1.9267316460533803,40.412598306021614,0.0012877134174636856,0.781345855450893
knot_9.2/knot_9p2_q0_h0_p0p02.txt,knot_9.2,9.2,knot,0,0,0.02,0,C:\workspace\projects\SST-Workbench\KnotPlot\knots\final\knot_9.2_final.txt,5a27e68f78ff4ccacce8f3baa7f43506c437ed62551f6808c9eac35269e11dde,true,0.9994500008794971,192,1.923703649682027,40.448434030007604,0.02070067347222545,0.7809161159175864
knot_9.2/knot_9p2_q0_h0_p0p05.txt,knot_9.2,9.2,knot,0,0,0.05,0,C:\workspace\projects\SST-Workbench\KnotPlot\knots\final\knot_9.2_final.txt,5a27e68f78ff4ccacce8f3baa7f43506c437ed62551f6808c9eac35269e11dde,true,0.9566487058164547,192,1.9205815983111647,40.5884979713902,0.05133368469160557,0.7474735014121474
knot_9.2/knot_9p2_q0_h0p02_p0.txt,knot_9.2,9.2,knot,0,0.02,0,0,C:\workspace\projects\SST-Workbench\KnotPlot\knots\final\knot_9.2_final.txt,5a27e68f78ff4ccacce8f3baa7f43506c437ed62551f6808c9eac35269e11dde,true,1.0003883299963219,192,1.9032969770526675,40.3105961723896,0.027673930054394308,0.7816492754840664
knot_9.2/knot_9p2_q0_h0p05_p0.txt,knot_9.2,9.2,knot,0,0.05,0,0,C:\workspace\projects\SST-Workbench\KnotPlot\knots\final\knot_9.2_final.txt,5a27e68f78ff4ccacce8f3baa7f43506c437ed62551f6808c9eac35269e11dde,true,0.9312849156307856,192,1.8690838718773817,40.26087904377181,0.06917083500587472,0.7276556090720488
knot_9.2/knot_9p2_q0p02_h0_p0.txt,knot_9.2,9.2,knot,0.02,0,0,0,C:\workspace\projects\SST-Workbench\KnotPlot\knots\final\knot_9.2_final.txt,5a27e68f78ff4ccacce8f3baa7f43506c437ed62551f6808c9eac35269e11dde,true,1.0141033926658714,192,1.9607419490478855,41.3397983693096,0.023729268603456935,0.7923654828581681
knot_9.2/knot_9p2_q0p05_h0_p0.txt,knot_9.2,9.2,knot,0.05,0,0,0,C:\workspace\projects\SST-Workbench\KnotPlot\knots\final\knot_9.2_final.txt,5a27e68f78ff4ccacce8f3baa7f43506c437ed62551f6808c9eac35269e11dde,true,0.977517624448091,192,2.012063197019948,42.76237377081722,0.056849121290004766,0.7637793444927183
knot_9.35/knot_9p35_qm0p05_h0_p0.txt,knot_9.35,9.35,knot,-0.05,0,0,0,C:\workspace\projects\SST-Workbench\KnotPlot\knots\final\knot_9.35_final.txt,d5c78e55dbf668790ba1d0638103853eaa22d58ba42b32f072072de8106c4256,true,0.8783090672751068,192,1.747946995851679,38.44922413172555,0.06412427424697177,0.7120200464208997
knot_9.35/knot_9p35_qm0p02_h0_p0.txt,knot_9.35,9.35,knot,-0.02,0,0,0,C:\workspace\projects\SST-Workbench\KnotPlot\knots\final\knot_9.35_final.txt,d5c78e55dbf668790ba1d0638103853eaa22d58ba42b32f072072de8106c4256,true,0.9614303584266323,192,1.7960813455594653,39.78513687235284,0.02450238148848749,0.7794041003825519
knot_9.35/knot_9p35_q0_hm0p05_p0.txt,knot_9.35,9.35,knot,0,-0.05,0,0,C:\workspace\projects\SST-Workbench\KnotPlot\knots\final\knot_9.35_final.txt,d5c78e55dbf668790ba1d0638103853eaa22d58ba42b32f072072de8106c4256,true,0.8420418815896707,192,1.8674401837337131,41.20880280503748,0.0704997977700093,0.6826192760116706
knot_9.35/knot_9p35_q0_hm0p02_p0.txt,knot_9.35,9.35,knot,0,-0.02,0,0,C:\workspace\projects\SST-Workbench\KnotPlot\knots\final\knot_9.35_final.txt,d5c78e55dbf668790ba1d0638103853eaa22d58ba42b32f072072de8106c4256,true,0.9469943992653385,192,1.8435602219370772,40.8636456796536,0.02903195177407301,0.7677012810731219
knot_9.35/knot_9p35_q0_h0_pm0p05.txt,knot_9.35,9.35,knot,0,0,-0.05,0,C:\workspace\projects\SST-Workbench\KnotPlot\knots\final\knot_9.35_final.txt,d5c78e55dbf668790ba1d0638103853eaa22d58ba42b32f072072de8106c4256,true,0.8499856493490632,192,1.8260543045773685,40.434030086109544,0.055058573732689305,0.6890590613896664
knot_9.35/knot_9p35_q0_h0_pm0p02.txt,knot_9.35,9.35,knot,0,0,-0.02,0,C:\workspace\projects\SST-Workbench\KnotPlot\knots\final\knot_9.35_final.txt,d5c78e55dbf668790ba1d0638103853eaa22d58ba42b32f072072de8106c4256,true,0.9586022862031572,192,1.8269021235721803,40.554097421418206,0.022082738579291727,0.7771114630970375
knot_9.35/knot_9p35_q0_h0_p0.txt,knot_9.35,9.35,knot,0.0,0.0,0.0,0,C:\workspace\projects\SST-Workbench\KnotPlot\knots\final\knot_9.35_final.txt,d5c78e55dbf668790ba1d0638103853eaa22d58ba42b32f072072de8106c4256,true,1.0,192,1.828381104370917,40.69653916056812,0.0013272713264301454,0.8106714059435737
knot_9.35/knot_9p35_q0_h0_p0p02.txt,knot_9.35,9.35,knot,0,0,0.02,0,C:\workspace\projects\SST-Workbench\KnotPlot\knots\final\knot_9.35_final.txt,d5c78e55dbf668790ba1d0638103853eaa22d58ba42b32f072072de8106c4256,true,0.9624929076604567,192,1.830589160273292,40.8881757308541,0.02175999246236289,0.7802654786638207
knot_9.35/knot_9p35_q0_h0_p0p05.txt,knot_9.35,9.35,knot,0,0,0.05,0,C:\workspace\projects\SST-Workbench\KnotPlot\knots\final\knot_9.35_final.txt,d5c78e55dbf668790ba1d0638103853eaa22d58ba42b32f072072de8106c4256,true,0.84730150024702,192,1.8352622659335016,41.26673540249475,0.05373821772048623,0.6868830984633509
knot_9.35/knot_9p35_q0_h0p02_p0.txt,knot_9.35,9.35,knot,0,0.02,0,0,C:\workspace\projects\SST-Workbench\KnotPlot\knots\final\knot_9.35_final.txt,d5c78e55dbf668790ba1d0638103853eaa22d58ba42b32f072072de8106c4256,true,0.9711853842416229,192,1.813812117066319,40.57903644641871,0.028646857060786828,0.7873122208750063
knot_9.35/knot_9p35_q0_h0p05_p0.txt,knot_9.35,9.35,knot,0,0.05,0,0,C:\workspace\projects\SST-Workbench\KnotPlot\knots\final\knot_9.35_final.txt,d5c78e55dbf668790ba1d0638103853eaa22d58ba42b32f072072de8106c4256,true,0.9046317065301304,192,1.7931349921556925,40.494558795976516,0.072871333027273,0.7333590573939152
knot_9.35/knot_9p35_q0p02_h0_p0.txt,knot_9.35,9.35,knot,0.02,0,0,0,C:\workspace\projects\SST-Workbench\KnotPlot\knots\final\knot_9.35_final.txt,d5c78e55dbf668790ba1d0638103853eaa22d58ba42b32f072072de8106c4256,true,0.9851406770315192,192,1.8608388080932137,41.6232936579127,0.02442724043870783,0.7986253777013457
knot_9.35/knot_9p35_q0p05_h0_p0.txt,knot_9.35,9.35,knot,0.05,0,0,0,C:\workspace\projects\SST-Workbench\KnotPlot\knots\final\knot_9.35_final.txt,d5c78e55dbf668790ba1d0638103853eaa22d58ba42b32f072072de8106c4256,true,0.9511762324944705,192,1.9098038838856175,43.04015794074107,0.05821893777205016,0.7710913736964039
link_0.2.1/link_0p2p1_qm0p05_h0_p0.txt,link_0.2.1,0.2,link,-0.05,0,0,0,C:\workspace\projects\SST-Workbench\KnotPlot\knots\final\link_0.2.1_final.txt,da65b64ff17e69faaa8592c0010946fb03a8f6261e71842049224723eb7b8e6a,true,1.000231894942378,192,1.8682483438516746,23.284006012456558,0.05863747437978792,0.035313668678615545
link_0.2.1/link_0p2p1_qm0p02_h0_p0.txt,link_0.2.1,0.2,link,-0.02,0,0,0,C:\workspace\projects\SST-Workbench\KnotPlot\knots\final\link_0.2.1_final.txt,da65b64ff17e69faaa8592c0010946fb03a8f6261e71842049224723eb7b8e6a,true,1.0000927579769514,192,1.9253859152767723,23.97959763406059,0.03739780638091606,0.035308756381054476
link_0.2.1/link_0p2p1_q0_hm0p05_p0.txt,link_0.2.1,0.2,link,0,-0.05,0,0,C:\workspace\projects\SST-Workbench\KnotPlot\knots\final\link_0.2.1_final.txt,da65b64ff17e69faaa8592c0010946fb03a8f6261e71842049224723eb7b8e6a,true,0.999837693708262,192,1.9904912560604728,24.413083532905638,0.06968340711282531,0.03529975121423087
link_0.2.1/link_0p2p1_q0_hm0p02_p0.txt,link_0.2.1,0.2,link,0,-0.02,0,0,C:\workspace\projects\SST-Workbench\KnotPlot\knots\final\link_0.2.1_final.txt,da65b64ff17e69faaa8592c0010946fb03a8f6261e71842049224723eb7b8e6a,true,0.9999350774833048,192,1.9737760995394857,24.418304691630375,0.028505831663231295,0.0353031893953006
link_0.2.1/link_0p2p1_q0_h0_pm0p05.txt,link_0.2.1,0.2,link,0,0,-0.05,0,C:\workspace\projects\SST-Workbench\KnotPlot\knots\final\link_0.2.1_final.txt,da65b64ff17e69faaa8592c0010946fb03a8f6261e71842049224723eb7b8e6a,true,0.9984036444799774,192,1.9726404260913954,24.199620514753416,0.046994147891544526,0.035249121415708615
link_0.2.1/link_0p2p1_q0_h0_pm0p02.txt,link_0.2.1,0.2,link,0,0,-0.02,0,C:\workspace\projects\SST-Workbench\KnotPlot\knots\final\link_0.2.1_final.txt,da65b64ff17e69faaa8592c0010946fb03a8f6261e71842049224723eb7b8e6a,true,0.9993614577919909,192,1.9666106691610812,24.336723446910177,0.034030189026606004,0.0352829374758917
link_0.2.1/link_0p2p1_q0_h0_p0.txt,link_0.2.1,0.2,link,0.0,0.0,0.0,0,C:\workspace\projects\SST-Workbench\KnotPlot\knots\final\link_0.2.1_final.txt,da65b64ff17e69faaa8592c0010946fb03a8f6261e71842049224723eb7b8e6a,true,1.0,192,1.9635349763077117,24.471269667432168,0.022644809198722023,0.03530548151601376
link_0.2.1/link_0p2p1_q0_h0_p0p02.txt,link_0.2.1,0.2,link,0,0,0.02,0,C:\workspace\projects\SST-Workbench\KnotPlot\knots\final\link_0.2.1_final.txt,da65b64ff17e69faaa8592c0010946fb03a8f6261e71842049224723eb7b8e6a,true,1.000638542208009,192,1.9612188726551312,24.635323036657432,0.01646391107637929,0.03532802555613582
link_0.2.1/link_0p2p1_q0_h0_p0p05.txt,link_0.2.1,0.2,link,0,0,0.05,0,C:\workspace\projects\SST-Workbench\KnotPlot\knots\final\link_0.2.1_final.txt,da65b64ff17e69faaa8592c0010946fb03a8f6261e71842049224723eb7b8e6a,true,1.0015963555200227,192,1.959174598306953,24.928621013289558,0.034342651175702246,0.035361841616318904
link_0.2.1/link_0p2p1_q0_h0p02_p0.txt,link_0.2.1,0.2,link,0,0.02,0,0,C:\workspace\projects\SST-Workbench\KnotPlot\knots\final\link_0.2.1_final.txt,da65b64ff17e69faaa8592c0010946fb03a8f6261e71842049224723eb7b8e6a,true,1.000064922516695,192,1.954029062703971,24.56692311660597,0.042830043883001795,0.035307773636726915
link_0.2.1/link_0p2p1_q0_h0p05_p0.txt,link_0.2.1,0.2,link,0,0.05,0,0,C:\workspace\projects\SST-Workbench\KnotPlot\knots\final\link_0.2.1_final.txt,da65b64ff17e69faaa8592c0010946fb03a8f6261e71842049224723eb7b8e6a,true,1.000162306291738,192,1.941172109164804,24.800252017305187,0.07647420817945179,0.035311211817796645
link_0.2.1/link_0p2p1_q0p02_h0_p0.txt,link_0.2.1,0.2,link,0.02,0,0,0,C:\workspace\projects\SST-Workbench\KnotPlot\knots\final\link_0.2.1_final.txt,da65b64ff17e69faaa8592c0010946fb03a8f6261e71842049224723eb7b8e6a,true,0.9999072420230487,192,2.0017268550268716,24.977530004052653,0.021524561878394185,0.03530220665097304
link_0.2.1/link_0p2p1_q0p05_h0_p0.txt,link_0.2.1,0.2,link,0.05,0,0,0,C:\workspace\projects\SST-Workbench\KnotPlot\knots\final\link_0.2.1_final.txt,da65b64ff17e69faaa8592c0010946fb03a8f6261e71842049224723eb7b8e6a,true,0.9997681050576219,192,2.059089743740791,25.7550438021287,0.04816089484881925,0.03529729435341197
link_0.3.1/link_0p3p1_qm0p05_h0_p0.txt,link_0.3.1,0.3,link,-0.05,0,0,0,C:\workspace\projects\SST-Workbench\KnotPlot\knots\final\link_0.3.1_final.txt,2ee9f61985e229322d6d038c39c22ee21259c1bbc0d2a7c2acfd51dfb51dbdcf,false,4.769322839170811,192,2.991843023544199,34.761749936183804,0.16900041551169054,0.05386498519322278
link_0.3.1/link_0p3p1_qm0p02_h0_p0.txt,link_0.3.1,0.3,link,-0.02,0,0,0,C:\workspace\projects\SST-Workbench\KnotPlot\knots\final\link_0.3.1_final.txt,2ee9f61985e229322d6d038c39c22ee21259c1bbc0d2a7c2acfd51dfb51dbdcf,true,2.0798461517161364,192,3.057799514524835,35.40261592761122,0.10184339753909966,0.023489892788605738
link_0.3.1/link_0p3p1_q0_hm0p05_p0.txt,link_0.3.1,0.3,link,0,-0.05,0,0,C:\workspace\projects\SST-Workbench\KnotPlot\knots\final\link_0.3.1_final.txt,2ee9f61985e229322d6d038c39c22ee21259c1bbc0d2a7c2acfd51dfb51dbdcf,false,2.677903981886187,192,3.2169144255275786,38.7346537552696,0.16665317083517214,0.03024438965390947
link_0.3.1/link_0p3p1_q0_hm0p02_p0.txt,link_0.3.1,0.3,link,0,-0.02,0,0,C:\workspace\projects\SST-Workbench\KnotPlot\knots\final\link_0.3.1_final.txt,2ee9f61985e229322d6d038c39c22ee21259c1bbc0d2a7c2acfd51dfb51dbdcf,true,3.269192994004599,192,3.147872832323957,37.116043615100025,0.07811015305679614,0.03692243912900245
link_0.3.1/link_0p3p1_q0_h0_pm0p05.txt,link_0.3.1,0.3,link,0,0,-0.05,0,C:\workspace\projects\SST-Workbench\KnotPlot\knots\final\link_0.3.1_final.txt,2ee9f61985e229322d6d038c39c22ee21259c1bbc0d2a7c2acfd51dfb51dbdcf,false,1.5899254554963036,192,3.108990584712008,36.85627413861471,0.13796030864698824,0.017956702451605456
link_0.3.1/link_0p3p1_q0_h0_pm0p02.txt,link_0.3.1,0.3,link,0,0,-0.02,0,C:\workspace\projects\SST-Workbench\KnotPlot\knots\final\link_0.3.1_final.txt,2ee9f61985e229322d6d038c39c22ee21259c1bbc0d2a7c2acfd51dfb51dbdcf,true,2.7408191445483028,192,3.1042194700753556,36.334054598692646,0.07305536999715197,0.030954956839127166
link_0.3.1/link_0p3p1_q0_h0_p0.txt,link_0.3.1,0.3,link,0.0,0.0,0.0,0,C:\workspace\projects\SST-Workbench\KnotPlot\knots\final\link_0.3.1_final.txt,2ee9f61985e229322d6d038c39c22ee21259c1bbc0d2a7c2acfd51dfb51dbdcf,true,1.0,192,3.1025426538376943,36.17938667637512,0.059282593930692726,0.011294053057349268
link_0.3.1/link_0p3p1_q0_h0_p0p02.txt,link_0.3.1,0.3,link,0,0,0.02,0,C:\workspace\projects\SST-Workbench\KnotPlot\knots\final\link_0.3.1_final.txt,2ee9f61985e229322d6d038c39c22ee21259c1bbc0d2a7c2acfd51dfb51dbdcf,true,1.79695231155119,192,3.102071459480533,36.20014539857333,0.08251987286499064,0.020294874748185553
link_0.3.1/link_0p3p1_q0_h0_p0p05.txt,link_0.3.1,0.3,link,0,0,0.05,0,C:\workspace\projects\SST-Workbench\KnotPlot\knots\final\link_0.3.1_final.txt,2ee9f61985e229322d6d038c39c22ee21259c1bbc0d2a7c2acfd51dfb51dbdcf,false,2.9632170763004515,192,3.103626025981517,36.545896694357154,0.14747638550814876,0.03346673088018067
link_0.3.1/link_0p3p1_q0_h0p02_p0.txt,link_0.3.1,0.3,link,0,0.02,0,0,C:\workspace\projects\SST-Workbench\KnotPlot\knots\final\link_0.3.1_final.txt,2ee9f61985e229322d6d038c39c22ee21259c1bbc0d2a7c2acfd51dfb51dbdcf,true,2.07984615173618,192,3.0577995145254366,35.40261592764594,0.10184339754004514,0.023489892788832113
link_0.3.1/link_0p3p1_q0_h0p05_p0.txt,link_0.3.1,0.3,link,0,0.05,0,0,C:\workspace\projects\SST-Workbench\KnotPlot\knots\final\link_0.3.1_final.txt,2ee9f61985e229322d6d038c39c22ee21259c1bbc0d2a7c2acfd51dfb51dbdcf,false,4.7693228392312,192,2.9918430235457354,34.76174993628557,0.16900041551268072,0.05386498519390483
link_0.3.1/link_0p3p1_q0p02_h0_p0.txt,link_0.3.1,0.3,link,0.02,0,0,0,C:\workspace\projects\SST-Workbench\KnotPlot\knots\final\link_0.3.1_final.txt,2ee9f61985e229322d6d038c39c22ee21259c1bbc0d2a7c2acfd51dfb51dbdcf,true,3.2691929959139534,192,3.1478728323245413,37.116043615130955,0.07811015305656638,0.036922439150566796
link_0.3.1/link_0p3p1_q0p05_h0_p0.txt,link_0.3.1,0.3,link,0.05,0,0,0,C:\workspace\projects\SST-Workbench\KnotPlot\knots\final\link_0.3.1_final.txt,2ee9f61985e229322d6d038c39c22ee21259c1bbc0d2a7c2acfd51dfb51dbdcf,false,2.6779040669567022,192,3.2169144255290076,38.73465375533628,0.1666531708341166,0.03024439061470038
link_2.2.1/link_2p2p1_qm0p05_h0_p0.txt,link_2.2.1,2.2,link,-0.05,0,0,0,C:\workspace\projects\SST-Workbench\KnotPlot\knots\final\link_2.2.1_final.txt,e8b1dd43b21640afe852dd45e4b5223c82734e5446cd60a5b37225d37c2dd0a2,true,0.8284301632990584,192,3.429134598984754,46.27191907546282,0.08765120335468053,0.09405382212371685
link_2.2.1/link_2p2p1_qm0p02_h0_p0.txt,link_2.2.1,2.2,link,-0.02,0,0,0,C:\workspace\projects\SST-Workbench\KnotPlot\knots\final\link_2.2.1_final.txt,e8b1dd43b21640afe852dd45e4b5223c82734e5446cd60a5b37225d37c2dd0a2,true,0.9295750443549765,192,3.521116864808834,47.60985013942266,0.07735421910837452,0.10553706244137252
link_2.2.1/link_2p2p1_q0_hm0p05_p0.txt,link_2.2.1,2.2,link,0,-0.05,0,0,C:\workspace\projects\SST-Workbench\KnotPlot\knots\final\link_2.2.1_final.txt,e8b1dd43b21640afe852dd45e4b5223c82734e5446cd60a5b37225d37c2dd0a2,true,0.9596018760442936,192,3.6509412067064924,49.785985887879306,0.08505589037280348,0.10894608641437617
link_2.2.1/link_2p2p1_q0_hm0p02_p0.txt,link_2.2.1,2.2,link,0,-0.02,0,0,C:\workspace\projects\SST-Workbench\KnotPlot\knots\final\link_2.2.1_final.txt,e8b1dd43b21640afe852dd45e4b5223c82734e5446cd60a5b37225d37c2dd0a2,true,0.9991826200419447,192,3.609213931933562,49.06512041493324,0.05283465472839095,0.11343979079695739
link_2.2.1/link_2p2p1_q0_h0_pm0p05.txt,link_2.2.1,2.2,link,0,0,-0.05,0,C:\workspace\projects\SST-Workbench\KnotPlot\knots\final\link_2.2.1_final.txt,e8b1dd43b21640afe852dd45e4b5223c82734e5446cd60a5b37225d37c2dd0a2,true,0.9361270299725907,192,3.561679582045311,48.22543164348834,0.07480089626543467,0.10628092633858045
link_2.2.1/link_2p2p1_q0_h0_pm0p02.txt,link_2.2.1,2.2,link,0,0,-0.02,0,C:\workspace\projects\SST-Workbench\KnotPlot\knots\final\link_2.2.1_final.txt,e8b1dd43b21640afe852dd45e4b5223c82734e5446cd60a5b37225d37c2dd0a2,false,0.6323023200174067,192,3.5733807043685637,48.40574035699017,0.07182112514986395,0.07178692009293991
link_2.2.1/link_2p2p1_q0_h0_p0.txt,link_2.2.1,2.2,link,0.0,0.0,0.0,0,C:\workspace\projects\SST-Workbench\KnotPlot\knots\final\link_2.2.1_final.txt,e8b1dd43b21640afe852dd45e4b5223c82734e5446cd60a5b37225d37c2dd0a2,true,1.0000000000000009,192,3.5829163526252654,48.67521902594694,0.05833433725997715,0.11353259006065917
link_2.2.1/link_2p2p1_q0_h0_p0p02.txt,link_2.2.1,2.2,link,0,0,0.02,0,C:\workspace\projects\SST-Workbench\KnotPlot\knots\final\link_2.2.1_final.txt,e8b1dd43b21640afe852dd45e4b5223c82734e5446cd60a5b37225d37c2dd0a2,true,0.9749992911993366,192,3.593827266254303,49.03374181477358,0.04119400386903271,0.11069419483716744
link_2.2.1/link_2p2p1_q0_h0_p0p05.txt,link_2.2.1,2.2,link,0,0,0.05,0,C:\workspace\projects\SST-Workbench\KnotPlot\knots\final\link_2.2.1_final.txt,e8b1dd43b21640afe852dd45e4b5223c82734e5446cd60a5b37225d37c2dd0a2,true,0.9827713337065408,192,3.6127445728222645,49.670130345783875,0.042931909737644026,0.11157657495307188
link_2.2.1/link_2p2p1_q0_h0p02_p0.txt,link_2.2.1,2.2,link,0,0.02,0,0,C:\workspace\projects\SST-Workbench\KnotPlot\knots\final\link_2.2.1_final.txt,e8b1dd43b21640afe852dd45e4b5223c82734e5446cd60a5b37225d37c2dd0a2,true,0.9308760166826633,192,3.557866908777448,48.372639934748506,0.08067854088258676,0.10568476519933205
link_2.2.1/link_2p2p1_q0_h0p05_p0.txt,link_2.2.1,2.2,link,0,0.05,0,0,C:\workspace\projects\SST-Workbench\KnotPlot\knots\final\link_2.2.1_final.txt,e8b1dd43b21640afe852dd45e4b5223c82734e5446cd60a5b37225d37c2dd0a2,true,0.8295403339601557,192,3.522690879158026,48.20350049662064,0.10494407010048296,0.09417986267428058
link_2.2.1/link_2p2p1_q0p02_h0_p0.txt,link_2.2.1,2.2,link,0.02,0,0,0,C:\workspace\projects\SST-Workbench\KnotPlot\knots\final\link_2.2.1_final.txt,e8b1dd43b21640afe852dd45e4b5223c82734e5446cd60a5b37225d37c2dd0a2,true,0.9744443984448442,192,3.645075549398973,49.79911968458881,0.051887388391755634,0.11063119642554403
link_2.2.1/link_2p2p1_q0p05_h0_p0.txt,link_2.2.1,2.2,link,0.05,0,0,0,C:\workspace\projects\SST-Workbench\KnotPlot\knots\final\link_2.2.1_final.txt,e8b1dd43b21640afe852dd45e4b5223c82734e5446cd60a5b37225d37c2dd0a2,true,0.9358103464967326,192,3.73894952639333,51.53728720893852,0.08086403359268714,0.10624497244333686
link_4.2.1/link_4p2p1_qm0p05_h0_p0.txt,link_4.2.1,4.2,link,-0.05,0,0,0,C:\workspace\projects\SST-Workbench\KnotPlot\knots\final\link_4.2.1_final.txt,05a613e6d519a964dfb8fcd44fdf825d3e7a83cf1b7cd8a3633e5ee2da98b358,true,0.8683981397167455,192,1.5918591501895845,26.05760492001803,0.06641545648824947,0.05539223617910803
link_4.2.1/link_4p2p1_qm0p02_h0_p0.txt,link_4.2.1,4.2,link,-0.02,0,0,0,C:\workspace\projects\SST-Workbench\KnotPlot\knots\final\link_4.2.1_final.txt,05a613e6d519a964dfb8fcd44fdf825d3e7a83cf1b7cd8a3633e5ee2da98b358,true,0.8956537971637802,192,1.6375570344961212,26.89746014321741,0.03728885850021789,0.05713078413939669
link_4.2.1/link_4p2p1_q0_hm0p05_p0.txt,link_4.2.1,4.2,link,0,-0.05,0,0,C:\workspace\projects\SST-Workbench\KnotPlot\knots\final\link_4.2.1_final.txt,05a613e6d519a964dfb8fcd44fdf825d3e7a83cf1b7cd8a3633e5ee2da98b358,false,0.5123917222649084,192,1.7298379942047977,28.323535118959914,0.0574877897753471,0.03268376796059876
link_4.2.1/link_4p2p1_q0_hm0p02_p0.txt,link_4.2.1,4.2,link,0,-0.02,0,0,C:\workspace\projects\SST-Workbench\KnotPlot\knots\final\link_4.2.1_final.txt,05a613e6d519a964dfb8fcd44fdf825d3e7a83cf1b7cd8a3633e5ee2da98b358,true,0.9761648630698163,192,1.6926082271626512,27.80157823123608,0.02425117610256883,0.06226631791559011
link_4.2.1/link_4p2p1_q0_h0_pm0p05.txt,link_4.2.1,4.2,link,0,0,-0.05,0,C:\workspace\projects\SST-Workbench\KnotPlot\knots\final\link_4.2.1_final.txt,05a613e6d519a964dfb8fcd44fdf825d3e7a83cf1b7cd8a3633e5ee2da98b358,true,0.9656113006322372,192,1.670549506333365,27.544461075009394,0.03518451073088839,0.061593141182088564
link_4.2.1/link_4p2p1_q0_h0_pm0p02.txt,link_4.2.1,4.2,link,0,0,-0.02,0,C:\workspace\projects\SST-Workbench\KnotPlot\knots\final\link_4.2.1_final.txt,05a613e6d519a964dfb8fcd44fdf825d3e7a83cf1b7cd8a3633e5ee2da98b358,true,0.979157425725702,192,1.6686166802648028,27.477042749547245,0.021747359014981003,0.06245720355874645
link_4.2.1/link_4p2p1_q0_h0_p0.txt,link_4.2.1,4.2,link,0.0,0.0,0.0,0,C:\workspace\projects\SST-Workbench\KnotPlot\knots\final\link_4.2.1_final.txt,05a613e6d519a964dfb8fcd44fdf825d3e7a83cf1b7cd8a3633e5ee2da98b358,true,1.0,192,1.668160541987372,27.476888591263844,0.021520607571613278,0.06378668222064121
link_4.2.1/link_4p2p1_q0_h0_p0p02.txt,link_4.2.1,4.2,link,0,0,0.02,0,C:\workspace\projects\SST-Workbench\KnotPlot\knots\final\link_4.2.1_final.txt,05a613e6d519a964dfb8fcd44fdf825d3e7a83cf1b7cd8a3633e5ee2da98b358,true,1.0509597766843823,192,1.6683710871843214,27.512979468431418,0.028741300007172534,0.06703723730204275
link_4.2.1/link_4p2p1_q0_h0_p0p05.txt,link_4.2.1,4.2,link,0,0,0.05,0,C:\workspace\projects\SST-Workbench\KnotPlot\knots\final\link_4.2.1_final.txt,05a613e6d519a964dfb8fcd44fdf825d3e7a83cf1b7cd8a3633e5ee2da98b358,true,1.1859189188754518,192,1.669936166548682,27.63449178316384,0.04552054499844098,0.07564583321775482
link_4.2.1/link_4p2p1_q0_h0p02_p0.txt,link_4.2.1,4.2,link,0,0.02,0,0,C:\workspace\projects\SST-Workbench\KnotPlot\knots\final\link_4.2.1_final.txt,05a613e6d519a964dfb8fcd44fdf825d3e7a83cf1b7cd8a3633e5ee2da98b358,false,0.6857063982359153,192,1.6440261039681998,27.172765550692798,0.04146499639171803,0.04373893612093478
link_4.2.1/link_4p2p1_q0_h0p05_p0.txt,link_4.2.1,4.2,link,0,0.05,0,0,C:\workspace\projects\SST-Workbench\KnotPlot\knots\final\link_4.2.1_final.txt,05a613e6d519a964dfb8fcd44fdf825d3e7a83cf1b7cd8a3633e5ee2da98b358,false,0.24682264080132776,192,1.6084425808433112,26.762535741285472,0.07708959819501286,0.015743997353653765
link_4.2.1/link_4p2p1_q0p02_h0_p0.txt,link_4.2.1,4.2,link,0.02,0,0,0,C:\workspace\projects\SST-Workbench\KnotPlot\knots\final\link_4.2.1_final.txt,05a613e6d519a964dfb8fcd44fdf825d3e7a83cf1b7cd8a3633e5ee2da98b358,true,1.0021510414222852,192,1.6988676803643692,28.06709938607369,0.02356938499337727,0.06392389001628795
link_4.2.1/link_4p2p1_q0p05_h0_p0.txt,link_4.2.1,4.2,link,0.05,0,0,0,C:\workspace\projects\SST-Workbench\KnotPlot\knots\final\link_4.2.1_final.txt,05a613e6d519a964dfb8fcd44fdf825d3e7a83cf1b7cd8a3633e5ee2da98b358,true,0.916837469181189,192,1.7451107241202526,28.96727427251615,0.05110809141837958,0.058482020294637435
link_5.2.1/link_5p2p1_qm0p05_h0_p0.txt,link_5.2.1,5.2,link,-0.05,0,0,0,C:\workspace\projects\SST-Workbench\KnotPlot\knots\final\link_5.2.1_final.txt,f9c6d79909356bd7777f29132f3d64e47f26eb9a4ebc75043fb4a24a16a1d4e2,true,1.0192336821283907,192,1.5169312524815775,27.838681978284214,0.08014623897116768,0.03560041608363389
link_5.2.1/link_5p2p1_qm0p02_h0_p0.txt,link_5.2.1,5.2,link,-0.02,0,0,0,C:\workspace\projects\SST-Workbench\KnotPlot\knots\final\link_5.2.1_final.txt,f9c6d79909356bd7777f29132f3d64e47f26eb9a4ebc75043fb4a24a16a1d4e2,true,1.0076796672126371,192,1.5597589241552638,28.761446797738166,0.050170455746938576,0.035196850399287195
link_5.2.1/link_5p2p1_q0_hm0p05_p0.txt,link_5.2.1,5.2,link,0,-0.05,0,0,C:\workspace\projects\SST-Workbench\KnotPlot\knots\final\link_5.2.1_final.txt,f9c6d79909356bd7777f29132f3d64e47f26eb9a4ebc75043fb4a24a16a1d4e2,false,0.4017603556951601,192,1.6440642373623497,30.06013182215816,0.05036577834930052,0.014032930896464185
link_5.2.1/link_5p2p1_q0_hm0p02_p0.txt,link_5.2.1,5.2,link,0,-0.02,0,0,C:\workspace\projects\SST-Workbench\KnotPlot\knots\final\link_5.2.1_final.txt,f9c6d79909356bd7777f29132f3d64e47f26eb9a4ebc75043fb4a24a16a1d4e2,false,0.5798650464263801,192,1.6104641083888738,29.643642117941923,0.030456780100360886,0.020253880230907052
link_5.2.1/link_5p2p1_q0_h0_pm0p05.txt,link_5.2.1,5.2,link,0,0,-0.05,0,C:\workspace\projects\SST-Workbench\KnotPlot\knots\final\link_5.2.1_final.txt,f9c6d79909356bd7777f29132f3d64e47f26eb9a4ebc75043fb4a24a16a1d4e2,true,0.9967621540661201,192,1.5897750838697995,29.464906821740993,0.06428046104047715,0.0348155168371909
link_5.2.1/link_5p2p1_q0_h0_pm0p02.txt,link_5.2.1,5.2,link,0,0,-0.02,0,C:\workspace\projects\SST-Workbench\KnotPlot\knots\final\link_5.2.1_final.txt,f9c6d79909356bd7777f29132f3d64e47f26eb9a4ebc75043fb4a24a16a1d4e2,true,0.9928749848275217,192,1.5885131807282258,29.38755302852507,0.03938967706004198,0.03467974341770124
link_5.2.1/link_5p2p1_q0_h0_p0.txt,link_5.2.1,5.2,link,0.0,0.0,0.0,0,C:\workspace\projects\SST-Workbench\KnotPlot\knots\final\link_5.2.1_final.txt,f9c6d79909356bd7777f29132f3d64e47f26eb9a4ebc75043fb4a24a16a1d4e2,true,1.0,192,1.5884633256868954,29.392211621240364,0.03458839933153113,0.03492861029601392
link_5.2.1/link_5p2p1_q0_h0_p0p02.txt,link_5.2.1,5.2,link,0,0,0.02,0,C:\workspace\projects\SST-Workbench\KnotPlot\knots\final\link_5.2.1_final.txt,f9c6d79909356bd7777f29132f3d64e47f26eb9a4ebc75043fb4a24a16a1d4e2,true,1.1298209420251322,192,1.5890467815095006,29.442795872265847,0.04330006463177612,0.03946307538827118
link_5.2.1/link_5p2p1_q0_h0_p0p05.txt,link_5.2.1,5.2,link,0,0,0.05,0,C:\workspace\projects\SST-Workbench\KnotPlot\knots\final\link_5.2.1_final.txt,f9c6d79909356bd7777f29132f3d64e47f26eb9a4ebc75043fb4a24a16a1d4e2,true,1.3724882511947563,192,1.5911076922977971,29.605084873532842,0.06877153017087514,0.0479391072618393
link_5.2.1/link_5p2p1_q0_h0p02_p0.txt,link_5.2.1,5.2,link,0,0.02,0,0,C:\workspace\projects\SST-Workbench\KnotPlot\knots\final\link_5.2.1_final.txt,f9c6d79909356bd7777f29132f3d64e47f26eb9a4ebc75043fb4a24a16a1d4e2,true,1.0167044741468982,192,1.5667977136924687,29.162685055106106,0.05083831358449961,0.03551207436369077
link_5.2.1/link_5p2p1_q0_h0p05_p0.txt,link_5.2.1,5.2,link,0,0.05,0,0,C:\workspace\projects\SST-Workbench\KnotPlot\knots\final\link_5.2.1_final.txt,f9c6d79909356bd7777f29132f3d64e47f26eb9a4ebc75043fb4a24a16a1d4e2,true,1.0419028023540629,192,1.5349587273382264,28.862109801704175,0.0822199560446716,0.036392216949749874
link_5.2.1/link_5p2p1_q0p02_h0_p0.txt,link_5.2.1,5.2,link,0.02,0,0,0,C:\workspace\projects\SST-Workbench\KnotPlot\knots\final\link_5.2.1_final.txt,f9c6d79909356bd7777f29132f3d64e47f26eb9a4ebc75043fb4a24a16a1d4e2,false,0.5948416747167842,192,1.6172822429901452,30.032046110856648,0.030514915086908078,0.02077699304401083
link_5.2.1/link_5p2p1_q0p05_h0_p0.txt,link_5.2.1,5.2,link,0.05,0,0,0,C:\workspace\projects\SST-Workbench\KnotPlot\knots\final\link_5.2.1_final.txt,f9c6d79909356bd7777f29132f3d64e47f26eb9a4ebc75043fb4a24a16a1d4e2,false,0.12078156570416163,192,1.6607122883806364,31.006588880569872,0.04798105232765789,0.0042187322394230614
link_6.2.1/link_6p2p1_qm0p05_h0_p0.txt,link_6.2.1,6.2,link,-0.05,0,0,0,C:\workspace\projects\SST-Workbench\KnotPlot\knots\final\link_6.2.1_final.txt,d936b148d0e687d306a2640d9f2e48393d4152b9eede67fa1bdeb9e61c3ebbdc,true,0.9561578592646343,192,1.788909094189389,33.04367530399651,0.07693274163128032,0.036900956093194805
link_6.2.1/link_6p2p1_qm0p02_h0_p0.txt,link_6.2.1,6.2,link,-0.02,0,0,0,C:\workspace\projects\SST-Workbench\KnotPlot\knots\final\link_6.2.1_final.txt,d936b148d0e687d306a2640d9f2e48393d4152b9eede67fa1bdeb9e61c3ebbdc,true,0.982522799812263,192,1.8387925664888602,34.12694904758278,0.035381980844667905,0.03791845702582948
link_6.2.1/link_6p2p1_q0_hm0p05_p0.txt,link_6.2.1,6.2,link,0,-0.05,0,0,C:\workspace\projects\SST-Workbench\KnotPlot\knots\final\link_6.2.1_final.txt,d936b148d0e687d306a2640d9f2e48393d4152b9eede67fa1bdeb9e61c3ebbdc,true,0.9830263933083526,192,1.9426709719072681,35.83035851433621,0.07309148873073175,0.037937892186360726
link_6.2.1/link_6p2p1_q0_hm0p02_p0.txt,link_6.2.1,6.2,link,0,-0.02,0,0,C:\workspace\projects\SST-Workbench\KnotPlot\knots\final\link_6.2.1_final.txt,d936b148d0e687d306a2640d9f2e48393d4152b9eede67fa1bdeb9e61c3ebbdc,false,0.3816550124358003,192,1.9001757791350862,35.23569060146053,0.0271040695808319,0.014729194264504114
link_6.2.1/link_6p2p1_q0_h0_pm0p05.txt,link_6.2.1,6.2,link,0,0,-0.05,0,C:\workspace\projects\SST-Workbench\KnotPlot\knots\final\link_6.2.1_final.txt,d936b148d0e687d306a2640d9f2e48393d4152b9eede67fa1bdeb9e61c3ebbdc,false,0.6065995978009066,192,1.8767168035584343,34.888549958765516,0.05236890559312308,0.023410470256256786
link_6.2.1/link_6p2p1_q0_h0_pm0p02.txt,link_6.2.1,6.2,link,0,0,-0.02,0,C:\workspace\projects\SST-Workbench\KnotPlot\knots\final\link_6.2.1_final.txt,d936b148d0e687d306a2640d9f2e48393d4152b9eede67fa1bdeb9e61c3ebbdc,true,0.724309933752011,192,1.8734761399601503,34.85593212502319,0.025204791310459055,0.027953259814026594
link_6.2.1/link_6p2p1_q0_h0_p0.txt,link_6.2.1,6.2,link,0.0,0.0,0.0,0,C:\workspace\projects\SST-Workbench\KnotPlot\knots\final\link_6.2.1_final.txt,d936b148d0e687d306a2640d9f2e48393d4152b9eede67fa1bdeb9e61c3ebbdc,true,1.0,192,1.8722457726470068,34.89741180372422,0.01019747112917149,0.03859295380532116
link_6.2.1/link_6p2p1_q0_h0_p0p02.txt,link_6.2.1,6.2,link,0,0,0.02,0,C:\workspace\projects\SST-Workbench\KnotPlot\knots\final\link_6.2.1_final.txt,d936b148d0e687d306a2640d9f2e48393d4152b9eede67fa1bdeb9e61c3ebbdc,true,0.8012648168627906,192,1.8717613066350445,34.98863944916884,0.017613933527167967,0.0309231760630148
link_6.2.1/link_6p2p1_q0_h0_p0p05.txt,link_6.2.1,6.2,link,0,0,0.05,0,C:\workspace\projects\SST-Workbench\KnotPlot\knots\final\link_6.2.1_final.txt,d936b148d0e687d306a2640d9f2e48393d4152b9eede67fa1bdeb9e61c3ebbdc,true,0.7999913224024616,192,1.8724341953187429,35.21735089683643,0.044712070249097846,0.03087402815013599
link_6.2.1/link_6p2p1_q0_h0p02_p0.txt,link_6.2.1,6.2,link,0,0.02,0,0,C:\workspace\projects\SST-Workbench\KnotPlot\knots\final\link_6.2.1_final.txt,d936b148d0e687d306a2640d9f2e48393d4152b9eede67fa1bdeb9e61c3ebbdc,true,0.9849799033391355,192,1.8446528513245088,34.61288612692324,0.03534454644726083,0.03801328390873696
link_6.2.1/link_6p2p1_q0_h0p05_p0.txt,link_6.2.1,6.2,link,0,0.05,0,0,C:\workspace\projects\SST-Workbench\KnotPlot\knots\final\link_6.2.1_final.txt,d936b148d0e687d306a2640d9f2e48393d4152b9eede67fa1bdeb9e61c3ebbdc,true,0.9621013609022077,192,1.803929289304642,34.303266728815125,0.07526284877872541,0.037130333377335525
link_6.2.1/link_6p2p1_q0p02_h0_p0.txt,link_6.2.1,6.2,link,0.02,0,0,0,C:\workspace\projects\SST-Workbench\KnotPlot\knots\final\link_6.2.1_final.txt,d936b148d0e687d306a2640d9f2e48393d4152b9eede67fa1bdeb9e61c3ebbdc,false,0.46482816350594297,192,1.905847321311382,35.69674192673091,0.026411795626619352,0.01793909184159713
link_6.2.1/link_6p2p1_q0p05_h0_p0.txt,link_6.2.1,6.2,link,0.05,0,0,0,C:\workspace\projects\SST-Workbench\KnotPlot\knots\final\link_6.2.1_final.txt,d936b148d0e687d306a2640d9f2e48393d4152b9eede67fa1bdeb9e61c3ebbdc,true,1.0411422709182834,192,1.956511058290037,36.93678917651724,0.06965586946582265,0.04018075556631648
link_6.3.1/link_6p3p1_qm0p05_h0_p0.txt,link_6.3.1,6.3,link,-0.05,0,0,0,C:\workspace\projects\SST-Workbench\KnotPlot\knots\final\link_6.3.1_final.txt,4a1eca037b4671ad7296ab17e11f594e5032e7cfadf42af1204287f595eb73e3,true,1.3764832979080805,192,1.7122022794660894,38.36654105956066,0.08037940532305295,0.0870113501957146
link_6.3.1/link_6p3p1_qm0p02_h0_p0.txt,link_6.3.1,6.3,link,-0.02,0,0,0,C:\workspace\projects\SST-Workbench\KnotPlot\knots\final\link_6.3.1_final.txt,4a1eca037b4671ad7296ab17e11f594e5032e7cfadf42af1204287f595eb73e3,true,1.2016326661716898,192,1.7606298915178298,39.54040944722641,0.05602738751713284,0.07595855386096896
link_6.3.1/link_6p3p1_q0_hm0p05_p0.txt,link_6.3.1,6.3,link,0,-0.05,0,0,C:\workspace\projects\SST-Workbench\KnotPlot\knots\final\link_6.3.1_final.txt,4a1eca037b4671ad7296ab17e11f594e5032e7cfadf42af1204287f595eb73e3,true,0.845582288256176,192,1.8533439503770048,41.144741246839565,0.06996040979500698,0.05345161595100231
link_6.3.1/link_6p3p1_q0_hm0p02_p0.txt,link_6.3.1,6.3,link,0,-0.02,0,0,C:\workspace\projects\SST-Workbench\KnotPlot\knots\final\link_6.3.1_final.txt,4a1eca037b4671ad7296ab17e11f594e5032e7cfadf42af1204287f595eb73e3,false,0.6502107837648731,192,1.816897442083677,40.647934859916624,0.05059103599446766,0.041101637988035705
link_6.3.1/link_6p3p1_q0_h0_pm0p05.txt,link_6.3.1,6.3,link,0,0,-0.05,0,C:\workspace\projects\SST-Workbench\KnotPlot\knots\final\link_6.3.1_final.txt,4a1eca037b4671ad7296ab17e11f594e5032e7cfadf42af1204287f595eb73e3,true,1.5502212176645087,192,1.7983451832487674,40.73920428813783,0.11164984681297041,0.09799380890129858
link_6.3.1/link_6p3p1_q0_h0_pm0p02.txt,link_6.3.1,6.3,link,0,0,-0.02,0,C:\workspace\projects\SST-Workbench\KnotPlot\knots\final\link_6.3.1_final.txt,4a1eca037b4671ad7296ab17e11f594e5032e7cfadf42af1204287f595eb73e3,true,1.1557929296802294,192,1.794655648202899,40.42132751307031,0.07530245740199923,0.07306089620627791
link_6.3.1/link_6p3p1_q0_h0_p0.txt,link_6.3.1,6.3,link,0.0,0.0,0.0,0,C:\workspace\projects\SST-Workbench\KnotPlot\knots\final\link_6.3.1_final.txt,4a1eca037b4671ad7296ab17e11f594e5032e7cfadf42af1204287f595eb73e3,true,1.0,192,1.7930847513434554,40.37935166061166,0.04768109686503084,0.06321279039705797
link_6.3.1/link_6p3p1_q0_h0_p0p02.txt,link_6.3.1,6.3,link,0,0,0.02,0,C:\workspace\projects\SST-Workbench\KnotPlot\knots\final\link_6.3.1_final.txt,4a1eca037b4671ad7296ab17e11f594e5032e7cfadf42af1204287f595eb73e3,true,1.0429942891625394,192,1.7922271937266623,40.416759138555406,0.05206202143002243,0.06593057938616008
link_6.3.1/link_6p3p1_q0_h0_p0p05.txt,link_6.3.1,6.3,link,0,0,0.05,0,C:\workspace\projects\SST-Workbench\KnotPlot\knots\final\link_6.3.1_final.txt,4a1eca037b4671ad7296ab17e11f594e5032e7cfadf42af1204287f595eb73e3,true,1.512914420118029,192,1.7922803753545349,40.6665355331216,0.09064508229510915,0.09563554212760747
link_6.3.1/link_6p3p1_q0_h0p02_p0.txt,link_6.3.1,6.3,link,0,0.02,0,0,C:\workspace\projects\SST-Workbench\KnotPlot\knots\final\link_6.3.1_final.txt,4a1eca037b4671ad7296ab17e11f594e5032e7cfadf42af1204287f595eb73e3,true,1.2050256472254879,192,1.7696783555485018,40.16862110693728,0.05224649061099669,0.07617303366114389
link_6.3.1/link_6p3p1_q0_h0p05_p0.txt,link_6.3.1,6.3,link,0,0.05,0,0,C:\workspace\projects\SST-Workbench\KnotPlot\knots\final\link_6.3.1_final.txt,4a1eca037b4671ad7296ab17e11f594e5032e7cfadf42af1204287f595eb73e3,true,1.2702747863020667,192,1.7353664500662804,39.96625580882438,0.06839306284771308,0.08029761381318015
link_6.3.1/link_6p3p1_q0p02_h0_p0.txt,link_6.3.1,6.3,link,0.02,0,0,0,C:\workspace\projects\SST-Workbench\KnotPlot\knots\final\link_6.3.1_final.txt,4a1eca037b4671ad7296ab17e11f594e5032e7cfadf42af1204287f595eb73e3,false,0.5080520185885729,192,1.825666992558714,41.25535961022862,0.0508403707992582,0.032115385761841655
link_6.3.1/link_6p3p1_q0p05_h0_p0.txt,link_6.3.1,6.3,link,0.05,0,0,0,C:\workspace\projects\SST-Workbench\KnotPlot\knots\final\link_6.3.1_final.txt,4a1eca037b4671ad7296ab17e11f594e5032e7cfadf42af1204287f595eb73e3,true,1.0648706337129568,192,1.8747646593211653,42.61762541889471,0.0755625318507919,0.06731344416887944
link_6.3.2/link_6p3p2_qm0p05_h0_p0.txt,link_6.3.2,6.3,link,-0.05,0,0,0,C:\workspace\projects\SST-Workbench\KnotPlot\knots\final\link_6.3.2_final.txt,fb9f648ce5ea0a5c382c5abd126ec14aaff356dcbb3db8bd9b5ffcfe21a99eab,true,1.2775773942750348,192,1.701939014767237,42.36946375269126,0.0942104378638493,0.08689598598937369
link_6.3.2/link_6p3p2_qm0p02_h0_p0.txt,link_6.3.2,6.3,link,-0.02,0,0,0,C:\workspace\projects\SST-Workbench\KnotPlot\knots\final\link_6.3.2_final.txt,fb9f648ce5ea0a5c382c5abd126ec14aaff356dcbb3db8bd9b5ffcfe21a99eab,true,1.0132618400672577,192,1.748877920617531,43.769453420826935,0.061053776902746874,0.06891824092427273
link_6.3.2/link_6p3p2_q0_hm0p05_p0.txt,link_6.3.2,6.3,link,0,-0.05,0,0,C:\workspace\projects\SST-Workbench\KnotPlot\knots\final\link_6.3.2_final.txt,fb9f648ce5ea0a5c382c5abd126ec14aaff356dcbb3db8bd9b5ffcfe21a99eab,true,0.7805273241655297,192,1.8433022204592913,46.03432877977601,0.05839616876645872,0.05308851873001286
link_6.3.2/link_6p3p2_q0_hm0p02_p0.txt,link_6.3.2,6.3,link,0,-0.02,0,0,C:\workspace\projects\SST-Workbench\KnotPlot\knots\final\link_6.3.2_final.txt,fb9f648ce5ea0a5c382c5abd126ec14aaff356dcbb3db8bd9b5ffcfe21a99eab,true,0.9801099891873931,192,1.805281320778004,45.24124297470174,0.0336413508985403,0.06666337731875847
link_6.3.2/link_6p3p2_q0_h0_pm0p05.txt,link_6.3.2,6.3,link,0,0,-0.05,0,C:\workspace\projects\SST-Workbench\KnotPlot\knots\final\link_6.3.2_final.txt,fb9f648ce5ea0a5c382c5abd126ec14aaff356dcbb3db8bd9b5ffcfe21a99eab,true,1.3855358944809628,192,1.7814738446613825,45.62283148125506,0.06873849593544173,0.09423891516404924
link_6.3.2/link_6p3p2_q0_h0_pm0p02.txt,link_6.3.2,6.3,link,0,0,-0.02,0,C:\workspace\projects\SST-Workbench\KnotPlot\knots\final\link_6.3.2_final.txt,fb9f648ce5ea0a5c382c5abd126ec14aaff356dcbb3db8bd9b5ffcfe21a99eab,true,1.245655948830429,192,1.7802838016171016,45.04312697194923,0.025252938452655593,0.08472480991147428
link_6.3.2/link_6p3p2_q0_h0_p0.txt,link_6.3.2,6.3,link,0.0,0.0,0.0,0,C:\workspace\projects\SST-Workbench\KnotPlot\knots\final\link_6.3.2_final.txt,fb9f648ce5ea0a5c382c5abd126ec14aaff356dcbb3db8bd9b5ffcfe21a99eab,true,0.9999999999999996,192,1.7803731864429555,44.762493845419456,0.04020210117828621,0.06801622068358766
link_6.3.2/link_6p3p2_q0_h0_p0p02.txt,link_6.3.2,6.3,link,0,0,0.02,0,C:\workspace\projects\SST-Workbench\KnotPlot\knots\final\link_6.3.2_final.txt,fb9f648ce5ea0a5c382c5abd126ec14aaff356dcbb3db8bd9b5ffcfe21a99eab,true,1.2785789828005836,192,1.7811687672125904,44.606263189497156,0.06310347201957588,0.08696411025556156
link_6.3.2/link_6p3p2_q0_h0_p0p05.txt,link_6.3.2,6.3,link,0,0,0.05,0,C:\workspace\projects\SST-Workbench\KnotPlot\knots\final\link_6.3.2_final.txt,fb9f648ce5ea0a5c382c5abd126ec14aaff356dcbb3db8bd9b5ffcfe21a99eab,true,2.3944297834266632,192,1.783683959308951,44.70004479314955,0.07699572114253092,0.162860064560903
link_6.3.2/link_6p3p2_q0_h0p02_p0.txt,link_6.3.2,6.3,link,0,0.02,0,0,C:\workspace\projects\SST-Workbench\KnotPlot\knots\final\link_6.3.2_final.txt,fb9f648ce5ea0a5c382c5abd126ec14aaff356dcbb3db8bd9b5ffcfe21a99eab,true,1.1292496140171497,192,1.7558338312335433,44.331770096849766,0.05941894956021429,0.07680729095384667
link_6.3.2/link_6p3p2_q0_h0p05_p0.txt,link_6.3.2,6.3,link,0,0.05,0,0,C:\workspace\projects\SST-Workbench\KnotPlot\knots\final\link_6.3.2_final.txt,fb9f648ce5ea0a5c382c5abd126ec14aaff356dcbb3db8bd9b5ffcfe21a99eab,true,1.257774608105316,192,1.7197507276741808,43.80266461699705,0.09019248658332389,0.0855490753151042
link_6.3.2/link_6p3p2_q0p02_h0_p0.txt,link_6.3.2,6.3,link,0.02,0,0,0,C:\workspace\projects\SST-Workbench\KnotPlot\knots\final\link_6.3.2_final.txt,fb9f648ce5ea0a5c382c5abd126ec14aaff356dcbb3db8bd9b5ffcfe21a99eab,true,1.1067674631294073,192,1.8120207251074576,45.78377284802764,0.03356368983161777,0.07527814001762427
link_6.3.2/link_6p3p2_q0p05_h0_p0.txt,link_6.3.2,6.3,link,0.05,0,0,0,C:\workspace\projects\SST-Workbench\KnotPlot\knots\final\link_6.3.2_final.txt,fb9f648ce5ea0a5c382c5abd126ec14aaff356dcbb3db8bd9b5ffcfe21a99eab,false,0.5437644794753919,192,1.8597605296046906,47.35043382919986,0.05997120440270098,0.03698480483589444
link_6.3.3/link_6p3p3_qm0p05_h0_p0.txt,link_6.3.3,6.3,link,-0.05,0,0,0,C:\workspace\projects\SST-Workbench\KnotPlot\knots\final\link_6.3.3_final.txt,826c43d3149cc6f2f0905f973c7b8c08380eebae5d9558b59883b2f4d98c2c5b,false,0.48936724228227974,192,1.4916715110762941,31.575193349781756,0.07865196743722251,0.0173899508797878
link_6.3.3/link_6p3p3_qm0p02_h0_p0.txt,link_6.3.3,6.3,link,-0.02,0,0,0,C:\workspace\projects\SST-Workbench\KnotPlot\knots\final\link_6.3.3_final.txt,826c43d3149cc6f2f0905f973c7b8c08380eebae5d9558b59883b2f4d98c2c5b,true,0.7657153886832807,192,1.5346683899173337,32.57613616985081,0.05114763487113794,0.027210143725596988
link_6.3.3/link_6p3p3_q0_hm0p05_p0.txt,link_6.3.3,6.3,link,0,-0.05,0,0,C:\workspace\projects\SST-Workbench\KnotPlot\knots\final\link_6.3.3_final.txt,826c43d3149cc6f2f0905f973c7b8c08380eebae5d9558b59883b2f4d98c2c5b,true,1.1074134702673786,192,1.6059088662396808,33.98787320689844,0.04401798297005443,0.03935258470050315
link_6.3.3/link_6p3p3_q0_hm0p02_p0.txt,link_6.3.3,6.3,link,0,-0.02,0,0,C:\workspace\projects\SST-Workbench\KnotPlot\knots\final\link_6.3.3_final.txt,826c43d3149cc6f2f0905f973c7b8c08380eebae5d9558b59883b2f4d98c2c5b,true,1.0788589165300062,192,1.5801110417202762,33.53680111791943,0.0353883977265595,0.03833788194971965
link_6.3.3/link_6p3p3_q0_h0_pm0p05.txt,link_6.3.3,6.3,link,0,0,-0.05,0,C:\workspace\projects\SST-Workbench\KnotPlot\knots\final\link_6.3.3_final.txt,826c43d3149cc6f2f0905f973c7b8c08380eebae5d9558b59883b2f4d98c2c5b,true,0.8276145356198346,192,1.5632487761078253,33.16068604960344,0.10224802181403357,0.029409766078142052
link_6.3.3/link_6p3p3_q0_h0_pm0p02.txt,link_6.3.3,6.3,link,0,0,-0.02,0,C:\workspace\projects\SST-Workbench\KnotPlot\knots\final\link_6.3.3_final.txt,826c43d3149cc6f2f0905f973c7b8c08380eebae5d9558b59883b2f4d98c2c5b,true,0.8244259883582552,192,1.5629106684689194,33.15430996925586,0.05839676993644272,0.029296459188211804
link_6.3.3/link_6p3p3_q0_h0_p0.txt,link_6.3.3,6.3,link,0.0,0.0,0.0,0,C:\workspace\projects\SST-Workbench\KnotPlot\knots\final\link_6.3.3_final.txt,826c43d3149cc6f2f0905f973c7b8c08380eebae5d9558b59883b2f4d98c2c5b,true,1.0,192,1.563457616831934,33.265799727360005,0.036454097212907516,0.035535584275493505
link_6.3.3/link_6p3p3_q0_h0_p0p02.txt,link_6.3.3,6.3,link,0,0,0.02,0,C:\workspace\projects\SST-Workbench\KnotPlot\knots\final\link_6.3.3_final.txt,826c43d3149cc6f2f0905f973c7b8c08380eebae5d9558b59883b2f4d98c2c5b,true,0.9942681560731352,192,1.564621798731425,33.45560053318916,0.046243093470887314,0.035331899852576426
link_6.3.3/link_6p3p3_q0_h0_p0p05.txt,link_6.3.3,6.3,link,0,0,0.05,0,C:\workspace\projects\SST-Workbench\KnotPlot\knots\final\link_6.3.3_final.txt,826c43d3149cc6f2f0905f973c7b8c08380eebae5d9558b59883b2f4d98c2c5b,true,1.0408042668267734,192,1.5675221767591052,33.879669202466104,0.09371201839327846,0.036985587738116034
link_6.3.3/link_6p3p3_q0_h0p02_p0.txt,link_6.3.3,6.3,link,0,0.02,0,0,C:\workspace\projects\SST-Workbench\KnotPlot\knots\final\link_6.3.3_final.txt,826c43d3149cc6f2f0905f973c7b8c08380eebae5d9558b59883b2f4d98c2c5b,true,0.9236099319343648,192,1.5472567740351995,33.01941607056065,0.04298412726183781,0.03282101857393644
link_6.3.3/link_6p3p3_q0_h0p05_p0.txt,link_6.3.3,6.3,link,0,0.05,0,0,C:\workspace\projects\SST-Workbench\KnotPlot\knots\final\link_6.3.3_final.txt,826c43d3149cc6f2f0905f973c7b8c08380eebae5d9558b59883b2f4d98c2c5b,true,0.8151674789205654,192,1.5238355679816329,32.697645237685364,0.058864450755775836,0.028967452645823327
link_6.3.3/link_6p3p3_q0p02_h0_p0.txt,link_6.3.3,6.3,link,0.02,0,0,0,C:\workspace\projects\SST-Workbench\KnotPlot\knots\final\link_6.3.3_final.txt,826c43d3149cc6f2f0905f973c7b8c08380eebae5d9558b59883b2f4d98c2c5b,true,1.1300561840423111,192,1.5923402495426486,33.97000024162887,0.030467787020278754,0.04015720676407815
link_6.3.3/link_6p3p3_q0p05_h0_p0.txt,link_6.3.3,6.3,link,0.05,0,0,0,C:\workspace\projects\SST-Workbench\KnotPlot\knots\final\link_6.3.3_final.txt,826c43d3149cc6f2f0905f973c7b8c08380eebae5d9558b59883b2f4d98c2c5b,true,0.7792449952378526,192,1.6358285072744763,35.04995267529952,0.04316891326787137,0.027690926199531247
link_7.2.5/link_7p2p5_qm0p05_h0_p0.txt,link_7.2.5,7.2,link,-0.05,0,0,0,C:\workspace\projects\SST-Workbench\KnotPlot\knots\final\link_7.2.5_final.txt,2e1ff55f2dbcb200c172137f1bfda96db7dd998806c38461e3d577686ac28e8c,true,0.9100067495125341,192,1.729024480558899,40.62462225192095,0.08006994633525391,0.0687489957657962
link_7.2.5/link_7p2p5_qm0p02_h0_p0.txt,link_7.2.5,7.2,link,-0.02,0,0,0,C:\workspace\projects\SST-Workbench\KnotPlot\knots\final\link_7.2.5_final.txt,2e1ff55f2dbcb200c172137f1bfda96db7dd998806c38461e3d577686ac28e8c,true,0.9595483655099679,192,1.7773599244175047,41.9917250389783,0.04640340034158937,0.07249175520166054
link_7.2.5/link_7p2p5_q0_hm0p05_p0.txt,link_7.2.5,7.2,link,0,-0.05,0,0,C:\workspace\projects\SST-Workbench\KnotPlot\knots\final\link_7.2.5_final.txt,2e1ff55f2dbcb200c172137f1bfda96db7dd998806c38461e3d577686ac28e8c,true,0.9864493642833707,192,1.8678455388730995,43.94377386454944,0.06330236861851801,0.07452406611777082
link_7.2.5/link_7p2p5_q0_hm0p02_p0.txt,link_7.2.5,7.2,link,0,-0.02,0,0,C:\workspace\projects\SST-Workbench\KnotPlot\knots\final\link_7.2.5_final.txt,2e1ff55f2dbcb200c172137f1bfda96db7dd998806c38461e3d577686ac28e8c,true,1.0863016014533762,192,1.832685632151772,43.31541910279603,0.027827277502932495,0.08206768162840658
link_7.2.5/link_7p2p5_q0_h0_pm0p05.txt,link_7.2.5,7.2,link,0,0,-0.05,0,C:\workspace\projects\SST-Workbench\KnotPlot\knots\final\link_7.2.5_final.txt,2e1ff55f2dbcb200c172137f1bfda96db7dd998806c38461e3d577686ac28e8c,true,0.9390601941004012,192,1.81331852170325,43.259395527698814,0.05280581895999043,0.07094391919908175
link_7.2.5/link_7p2p5_q0_h0_pm0p02.txt,link_7.2.5,7.2,link,0,0,-0.02,0,C:\workspace\projects\SST-Workbench\KnotPlot\knots\final\link_7.2.5_final.txt,2e1ff55f2dbcb200c172137f1bfda96db7dd998806c38461e3d577686ac28e8c,true,1.1351854255786709,192,1.8106497795725092,43.020958317799085,0.024593020096761033,0.08576074634425189
link_7.2.5/link_7p2p5_q0_h0_p0.txt,link_7.2.5,7.2,link,0.0,0.0,0.0,0,C:\workspace\projects\SST-Workbench\KnotPlot\knots\final\link_7.2.5_final.txt,2e1ff55f2dbcb200c172137f1bfda96db7dd998806c38461e3d577686ac28e8c,true,1.0,192,1.8097710044046338,42.95254922474934,0.026432238075645917,0.07554778665391566
link_7.2.5/link_7p2p5_q0_h0_p0p02.txt,link_7.2.5,7.2,link,0,0,0.02,0,C:\workspace\projects\SST-Workbench\KnotPlot\knots\final\link_7.2.5_final.txt,2e1ff55f2dbcb200c172137f1bfda96db7dd998806c38461e3d577686ac28e8c,true,0.8693705790060399,192,1.809613887951886,42.963973478636646,0.041533582461665164,0.06567902302593943
link_7.2.5/link_7p2p5_q0_h0_p0p05.txt,link_7.2.5,7.2,link,0,0,0.05,0,C:\workspace\projects\SST-Workbench\KnotPlot\knots\final\link_7.2.5_final.txt,2e1ff55f2dbcb200c172137f1bfda96db7dd998806c38461e3d577686ac28e8c,false,0.6876473827604882,192,1.810731498361359,43.14939117218992,0.0640416032495802,0.05195023776591285
link_7.2.5/link_7p2p5_q0_h0p02_p0.txt,link_7.2.5,7.2,link,0,0.02,0,0,C:\workspace\projects\SST-Workbench\KnotPlot\knots\final\link_7.2.5_final.txt,2e1ff55f2dbcb200c172137f1bfda96db7dd998806c38461e3d577686ac28e8c,true,0.9563449533822934,192,1.7872955258057546,42.641543262217866,0.04608413525475484,0.07224974450567442
link_7.2.5/link_7p2p5_q0_h0p05_p0.txt,link_7.2.5,7.2,link,0,0.05,0,0,C:\workspace\projects\SST-Workbench\KnotPlot\knots\final\link_7.2.5_final.txt,2e1ff55f2dbcb200c172137f1bfda96db7dd998806c38461e3d577686ac28e8c,true,0.9818105713995267,192,1.7544425418811707,42.293001225748085,0.07950511232645519,0.07417361558265047
link_7.2.5/link_7p2p5_q0p02_h0_p0.txt,link_7.2.5,7.2,link,0.02,0,0,0,C:\workspace\projects\SST-Workbench\KnotPlot\knots\final\link_7.2.5_final.txt,2e1ff55f2dbcb200c172137f1bfda96db7dd998806c38461e3d577686ac28e8c,true,1.0946932325847827,192,1.8423228167127248,43.937707686374544,0.027543048049974112,0.08270165078680045
link_7.2.5/link_7p2p5_q0p05_h0_p0.txt,link_7.2.5,7.2,link,0.05,0,0,0,C:\workspace\projects\SST-Workbench\KnotPlot\knots\final\link_7.2.5_final.txt,2e1ff55f2dbcb200c172137f1bfda96db7dd998806c38461e3d577686ac28e8c,true,0.8626411113118253,192,1.8913985049452817,45.44642137835767,0.061357391737275634,0.0651706266362825
link_7.2.6/link_7p2p6_qm0p05_h0_p0.txt,link_7.2.6,7.2,link,-0.05,0,0,0,C:\workspace\projects\SST-Workbench\KnotPlot\knots\final\link_7.2.6_final.txt,46e9eef6b2f1b233cd044b8c4da50bcc9d71b03682ed265ab1bc50fbcf3b886f,true,1.0289862656315523,192,2.359308107874794,51.07936009988572,0.08058595964733986,0.07627210810817754
link_7.2.6/link_7p2p6_qm0p02_h0_p0.txt,link_7.2.6,7.2,link,-0.02,0,0,0,C:\workspace\projects\SST-Workbench\KnotPlot\knots\final\link_7.2.6_final.txt,46e9eef6b2f1b233cd044b8c4da50bcc9d71b03682ed265ab1bc50fbcf3b886f,true,1.0115444083769913,192,2.4260208665990386,52.71077802887186,0.06267825968732503,0.07497925584516821
link_7.2.6/link_7p2p6_q0_hm0p05_p0.txt,link_7.2.6,7.2,link,0,-0.05,0,0,C:\workspace\projects\SST-Workbench\KnotPlot\knots\final\link_7.2.6_final.txt,46e9eef6b2f1b233cd044b8c4da50bcc9d71b03682ed265ab1bc50fbcf3b886f,true,0.9411994593879603,192,2.560846770694501,55.43958567597946,0.04683317355986344,0.06976503896651769
link_7.2.6/link_7p2p6_q0_hm0p02_p0.txt,link_7.2.6,7.2,link,0,-0.02,0,0,C:\workspace\projects\SST-Workbench\KnotPlot\knots\final\link_7.2.6_final.txt,46e9eef6b2f1b233cd044b8c4da50bcc9d71b03682ed265ab1bc50fbcf3b886f,true,0.98827430257017,192,2.5064351940354697,54.46719878409684,0.03753029801317891,0.07325439314770814
link_7.2.6/link_7p2p6_q0_h0_pm0p05.txt,link_7.2.6,7.2,link,0,0,-0.05,0,C:\workspace\projects\SST-Workbench\KnotPlot\knots\final\link_7.2.6_final.txt,46e9eef6b2f1b233cd044b8c4da50bcc9d71b03682ed265ab1bc50fbcf3b886f,true,0.9988846418239969,192,2.4698122569874426,54.27253211309054,0.05466478721564566,0.074040869089771
link_7.2.6/link_7p2p6_q0_h0_pm0p02.txt,link_7.2.6,7.2,link,0,0,-0.02,0,C:\workspace\projects\SST-Workbench\KnotPlot\knots\final\link_7.2.6_final.txt,46e9eef6b2f1b233cd044b8c4da50bcc9d71b03682ed265ab1bc50fbcf3b886f,false,0.6282188783579287,192,2.4696256067697964,53.947279291386444,0.030122908911949447,0.04656580928833411
link_7.2.6/link_7p2p6_q0_h0_p0.txt,link_7.2.6,7.2,link,0.0,0.0,0.0,0,C:\workspace\projects\SST-Workbench\KnotPlot\knots\final\link_7.2.6_final.txt,46e9eef6b2f1b233cd044b8c4da50bcc9d71b03682ed265ab1bc50fbcf3b886f,true,1.0,192,2.4707303649536105,53.87491598183263,0.045661996831283226,0.07412354338992527
link_7.2.6/link_7p2p6_q0_h0_p0p02.txt,link_7.2.6,7.2,link,0,0,0.02,0,C:\workspace\projects\SST-Workbench\KnotPlot\knots\final\link_7.2.6_final.txt,46e9eef6b2f1b233cd044b8c4da50bcc9d71b03682ed265ab1bc50fbcf3b886f,true,1.0026660776440606,192,2.4728171099163396,54.00522220637446,0.045914233528183225,0.0743211625118557
link_7.2.6/link_7p2p6_q0_h0_p0p05.txt,link_7.2.6,7.2,link,0,0,0.05,0,C:\workspace\projects\SST-Workbench\KnotPlot\knots\final\link_7.2.6_final.txt,46e9eef6b2f1b233cd044b8c4da50bcc9d71b03682ed265ab1bc50fbcf3b886f,true,1.0606010394506755,192,2.4777827060640707,54.512041561347004,0.04906559945952153,0.078615507167122
link_7.2.6/link_7p2p6_q0_h0p02_p0.txt,link_7.2.6,7.2,link,0,0.02,0,0,C:\workspace\projects\SST-Workbench\KnotPlot\knots\final\link_7.2.6_final.txt,46e9eef6b2f1b233cd044b8c4da50bcc9d71b03682ed265ab1bc50fbcf3b886f,true,1.010543325137264,192,2.4355045968899964,53.33155206520429,0.06086362178171848,0.07490505200821135
link_7.2.6/link_7p2p6_q0_h0p05_p0.txt,link_7.2.6,7.2,link,0,0.05,0,0,C:\workspace\projects\SST-Workbench\KnotPlot\knots\final\link_7.2.6_final.txt,46e9eef6b2f1b233cd044b8c4da50bcc9d71b03682ed265ab1bc50fbcf3b886f,true,1.0265301287992241,192,2.383610566327511,52.63398203448035,0.08452719545566001,0.07609005054311486
link_7.2.6/link_7p2p6_q0p02_h0_p0.txt,link_7.2.6,7.2,link,0.02,0,0,0,C:\workspace\projects\SST-Workbench\KnotPlot\knots\final\link_7.2.6_final.txt,46e9eef6b2f1b233cd044b8c4da50bcc9d71b03682ed265ab1bc50fbcf3b886f,true,0.9795539442777756,192,2.5156156691983154,55.06503906131678,0.035858890330424595,0.07260800929144615
link_7.2.6/link_7p2p6_q0p05_h0_p0.txt,link_7.2.6,7.2,link,0.05,0,0,0,C:\workspace\projects\SST-Workbench\KnotPlot\knots\final\link_7.2.6_final.txt,46e9eef6b2f1b233cd044b8c4da50bcc9d71b03682ed265ab1bc50fbcf3b886f,true,0.8546173840074851,192,2.583253205308973,56.887489665046544,0.045326041832599535,0.06334726874526325
link_7.2.8/link_7p2p8_qm0p05_h0_p0.txt,link_7.2.8,7.2,link,-0.05,0,0,0,C:\workspace\projects\SST-Workbench\KnotPlot\knots\final\link_7.2.8_final.txt,9190be88d45765116989f30958391a9a795c3ea3f4779bacf4993bbc968cea98,true,0.9648424490188434,192,1.5624004123416873,36.90156457238265,0.0859030576013171,0.031331477331591424
link_7.2.8/link_7p2p8_qm0p02_h0_p0.txt,link_7.2.8,7.2,link,-0.02,0,0,0,C:\workspace\projects\SST-Workbench\KnotPlot\knots\final\link_7.2.8_final.txt,9190be88d45765116989f30958391a9a795c3ea3f4779bacf4993bbc968cea98,true,0.9859003700856606,192,1.6047797519154512,38.13706369410089,0.0537586343305703,0.03201529444310673
link_7.2.8/link_7p2p8_q0_hm0p05_p0.txt,link_7.2.8,7.2,link,0,-0.05,0,0,C:\workspace\projects\SST-Workbench\KnotPlot\knots\final\link_7.2.8_final.txt,9190be88d45765116989f30958391a9a795c3ea3f4779bacf4993bbc968cea98,true,0.8312654435637366,192,1.6654420427036263,39.98459935640991,0.06283557754055816,0.02699381067659042
link_7.2.8/link_7p2p8_q0_hm0p02_p0.txt,link_7.2.8,7.2,link,0,-0.02,0,0,C:\workspace\projects\SST-Workbench\KnotPlot\knots\final\link_7.2.8_final.txt,9190be88d45765116989f30958391a9a795c3ea3f4779bacf4993bbc968cea98,false,0.3543788094659075,192,1.6457092650956704,39.37851854249169,0.029820927277445154,0.011507797616977143
link_7.2.8/link_7p2p8_q0_h0_pm0p05.txt,link_7.2.8,7.2,link,0,0,-0.05,0,C:\workspace\projects\SST-Workbench\KnotPlot\knots\final\link_7.2.8_final.txt,9190be88d45765116989f30958391a9a795c3ea3f4779bacf4993bbc968cea98,true,0.9005958547312969,192,1.6288323712222026,39.26693718107153,0.055375602670789933,0.02924518778805072
link_7.2.8/link_7p2p8_q0_h0_pm0p02.txt,link_7.2.8,7.2,link,0,0,-0.02,0,C:\workspace\projects\SST-Workbench\KnotPlot\knots\final\link_7.2.8_final.txt,9190be88d45765116989f30958391a9a795c3ea3f4779bacf4993bbc968cea98,true,0.8453821989095243,192,1.630986821937377,39.07936534021539,0.02281371094918778,0.02745222624543479
link_7.2.8/link_7p2p8_q0_h0_p0.txt,link_7.2.8,7.2,link,0.0,0.0,0.0,0,C:\workspace\projects\SST-Workbench\KnotPlot\knots\final\link_7.2.8_final.txt,9190be88d45765116989f30958391a9a795c3ea3f4779bacf4993bbc968cea98,true,1.0000000000000027,192,1.6332382748575969,39.01986769933767,0.030651706047401462,0.03247315389518025
link_7.2.8/link_7p2p8_q0_h0_p0p02.txt,link_7.2.8,7.2,link,0,0,0.02,0,C:\workspace\projects\SST-Workbench\KnotPlot\knots\final\link_7.2.8_final.txt,9190be88d45765116989f30958391a9a795c3ea3f4779bacf4993bbc968cea98,true,1.221063501145495,192,1.6361388226548226,39.02943955834917,0.04723582482465257,0.03965178298848516
link_7.2.8/link_7p2p8_q0_h0_p0p05.txt,link_7.2.8,7.2,link,0,0,0.05,0,C:\workspace\projects\SST-Workbench\KnotPlot\knots\final\link_7.2.8_final.txt,9190be88d45765116989f30958391a9a795c3ea3f4779bacf4993bbc968cea98,true,1.6317735125543038,192,1.6416989607426966,39.22317436062184,0.056573317501644294,0.052988832395254606
link_7.2.8/link_7p2p8_q0_h0p02_p0.txt,link_7.2.8,7.2,link,0,0.02,0,0,C:\workspace\projects\SST-Workbench\KnotPlot\knots\final\link_7.2.8_final.txt,9190be88d45765116989f30958391a9a795c3ea3f4779bacf4993bbc968cea98,true,0.9993333018308908,192,1.6213294569866712,38.69977789552637,0.05215192041875255,0.03245150410293304
link_7.2.8/link_7p2p8_q0_h0p05_p0.txt,link_7.2.8,7.2,link,0,0.05,0,0,C:\workspace\projects\SST-Workbench\KnotPlot\knots\final\link_7.2.8_final.txt,9190be88d45765116989f30958391a9a795c3ea3f4779bacf4993bbc968cea98,true,0.9987438562036134,192,1.6045475233791722,38.30191656098876,0.09153783770812299,0.03243236294436563
link_7.2.8/link_7p2p8_q0p02_h0_p0.txt,link_7.2.8,7.2,link,0.02,0,0,0,C:\workspace\projects\SST-Workbench\KnotPlot\knots\final\link_7.2.8_final.txt,9190be88d45765116989f30958391a9a795c3ea3f4779bacf4993bbc968cea98,false,0.4217646127812556,192,1.6618514491508676,39.92445514987115,0.02861796765174037,0.013696027178386784
link_7.2.8/link_7p2p8_q0p05_h0_p0.txt,link_7.2.8,7.2,link,0.05,0,0,0,C:\workspace\projects\SST-Workbench\KnotPlot\knots\final\link_7.2.8_final.txt,9190be88d45765116989f30958391a9a795c3ea3f4779bacf4993bbc968cea98,true,1.0354480779875936,192,1.7050441389310216,41.30761336014771,0.06417214473546513,0.03362426478695964
link_8.2.1/link_8p2p1_qm0p05_h0_p0.txt,link_8.2.1,8.2,link,-0.05,0,0,0,C:\workspace\projects\SST-Workbench\KnotPlot\knots\final\link_8.2.1_final.txt,773b5e67a82396c72fc455fe58f14bace99bcf00ccd61a052cf087d00e7c8a55,true,0.9651562471883587,192,2.233159886732159,38.731720654179476,0.09215497890325774,0.047769334254633734
link_8.2.1/link_8p2p1_qm0p02_h0_p0.txt,link_8.2.1,8.2,link,-0.02,0,0,0,C:\workspace\projects\SST-Workbench\KnotPlot\knots\final\link_8.2.1_final.txt,773b5e67a82396c72fc455fe58f14bace99bcf00ccd61a052cf087d00e7c8a55,true,0.9819720404422104,192,2.2950579390616674,39.98039211460388,0.04371185260732154,0.04860161322608538
link_8.2.1/link_8p2p1_q0_hm0p05_p0.txt,link_8.2.1,8.2,link,0,-0.05,0,0,C:\workspace\projects\SST-Workbench\KnotPlot\knots\final\link_8.2.1_final.txt,773b5e67a82396c72fc455fe58f14bace99bcf00ccd61a052cf087d00e7c8a55,true,0.7825195276928816,192,2.4276079790457477,41.656769630009286,0.0847392103207295,0.03872993309428816
link_8.2.1/link_8p2p1_q0_hm0p02_p0.txt,link_8.2.1,8.2,link,0,-0.02,0,0,C:\workspace\projects\SST-Workbench\KnotPlot\knots\final\link_8.2.1_final.txt,773b5e67a82396c72fc455fe58f14bace99bcf00ccd61a052cf087d00e7c8a55,true,0.8910396583527415,192,2.37272035707294,41.12394221901113,0.03671488734181089,0.044101016180523096
link_8.2.1/link_8p2p1_q0_h0_pm0p05.txt,link_8.2.1,8.2,link,0,0,-0.05,0,C:\workspace\projects\SST-Workbench\KnotPlot\knots\final\link_8.2.1_final.txt,773b5e67a82396c72fc455fe58f14bace99bcf00ccd61a052cf087d00e7c8a55,true,0.7594069092164759,192,2.341006811015745,41.25496600165211,0.03918039346035141,0.037585999766689054
link_8.2.1/link_8p2p1_q0_h0_pm0p02.txt,link_8.2.1,8.2,link,0,0,-0.02,0,C:\workspace\projects\SST-Workbench\KnotPlot\knots\final\link_8.2.1_final.txt,773b5e67a82396c72fc455fe58f14bace99bcf00ccd61a052cf087d00e7c8a55,true,0.9057548866143671,192,2.3376554504432145,40.95473468118098,0.022331066535551856,0.04482933002557211
link_8.2.1/link_8p2p1_q0_h0_p0.txt,link_8.2.1,8.2,link,0.0,0.0,0.0,0,C:\workspace\projects\SST-Workbench\KnotPlot\knots\final\link_8.2.1_final.txt,773b5e67a82396c72fc455fe58f14bace99bcf00ccd61a052cf087d00e7c8a55,true,1.0,192,2.3365804870137685,40.86205044762805,0.021626379702559925,0.049493887019633136
link_8.2.1/link_8p2p1_q0_h0_p0p02.txt,link_8.2.1,8.2,link,0,0,0.02,0,C:\workspace\projects\SST-Workbench\KnotPlot\knots\final\link_8.2.1_final.txt,773b5e67a82396c72fc455fe58f14bace99bcf00ccd61a052cf087d00e7c8a55,true,1.0962600964052889,192,2.336434599634858,40.856148580272574,0.03119839624807884,0.054258173355615495
link_8.2.1/link_8p2p1_q0_h0_p0p05.txt,link_8.2.1,8.2,link,0,0,0.05,0,C:\workspace\projects\SST-Workbench\KnotPlot\knots\final\link_8.2.1_final.txt,773b5e67a82396c72fc455fe58f14bace99bcf00ccd61a052cf087d00e7c8a55,true,1.2434023726933405,192,2.3379578637525067,41.00894213200645,0.05263300120463857,0.06154081655402797
link_8.2.1/link_8p2p1_q0_h0p02_p0.txt,link_8.2.1,8.2,link,0,0.02,0,0,C:\workspace\projects\SST-Workbench\KnotPlot\knots\final\link_8.2.1_final.txt,773b5e67a82396c72fc455fe58f14bace99bcf00ccd61a052cf087d00e7c8a55,true,0.9899409969999498,192,2.300822018110741,40.68021232466797,0.044083688804453694,0.048996027861618496
link_8.2.1/link_8p2p1_q0_h0p05_p0.txt,link_8.2.1,8.2,link,0,0.05,0,0,C:\workspace\projects\SST-Workbench\KnotPlot\knots\final\link_8.2.1_final.txt,773b5e67a82396c72fc455fe58f14bace99bcf00ccd61a052cf087d00e7c8a55,true,0.9891793698100848,192,2.2479392040964297,40.56045664149434,0.0928727180941545,0.048958331971532244
link_8.2.1/link_8p2p1_q0p02_h0_p0.txt,link_8.2.1,8.2,link,0.02,0,0,0,C:\workspace\projects\SST-Workbench\KnotPlot\knots\final\link_8.2.1_final.txt,773b5e67a82396c72fc455fe58f14bace99bcf00ccd61a052cf087d00e7c8a55,true,0.7434505560481812,192,2.378296214327308,41.7791772144014,0.03333109485942862,0.036796257825732114
link_8.2.1/link_8p2p1_q0p05_h0_p0.txt,link_8.2.1,8.2,link,0.05,0,0,0,C:\workspace\projects\SST-Workbench\KnotPlot\knots\final\link_8.2.1_final.txt,773b5e67a82396c72fc455fe58f14bace99bcf00ccd61a052cf087d00e7c8a55,false,0.290646695863662,192,2.4412103408542314,43.21255773744326,0.074784301465537,0.014385234727705759
link_9.2.20/link_9p2p20_qm0p05_h0_p0.txt,link_9.2.20,9.2,link,-0.05,0,0,0,C:\workspace\projects\SST-Workbench\KnotPlot\knots\final\link_9.2.20_final.txt,66bac3fbecd8197e4655d031fa1344c8b96009e17f17424daf46507912a776f5,true,0.9318658597334201,192,2.35012933849134,48.702299664394104,0.07468633920587942,0.06329055905664797
link_9.2.20/link_9p2p20_qm0p02_h0_p0.txt,link_9.2.20,9.2,link,-0.02,0,0,0,C:\workspace\projects\SST-Workbench\KnotPlot\knots\final\link_9.2.20_final.txt,66bac3fbecd8197e4655d031fa1344c8b96009e17f17424daf46507912a776f5,true,0.9725380467632921,192,2.4159874853936025,50.30539213751308,0.03876938756099806,0.0660529367403991
link_9.2.20/link_9p2p20_q0_hm0p05_p0.txt,link_9.2.20,9.2,link,0,-0.05,0,0,C:\workspace\projects\SST-Workbench\KnotPlot\knots\final\link_9.2.20_final.txt,66bac3fbecd8197e4655d031fa1344c8b96009e17f17424daf46507912a776f5,true,1.0341014418720684,192,2.551822133975478,52.65227543257792,0.0679772329882032,0.07023420559273627
link_9.2.20/link_9p2p20_q0_hm0p02_p0.txt,link_9.2.20,9.2,link,0,-0.02,0,0,C:\workspace\projects\SST-Workbench\KnotPlot\knots\final\link_9.2.20_final.txt,66bac3fbecd8197e4655d031fa1344c8b96009e17f17424daf46507912a776f5,true,1.014570644789543,192,2.4964917084825258,51.85915197890819,0.03524885200061307,0.06890771095484001
link_9.2.20/link_9p2p20_q0_h0_pm0p05.txt,link_9.2.20,9.2,link,0,0,-0.05,0,C:\workspace\projects\SST-Workbench\KnotPlot\knots\final\link_9.2.20_final.txt,66bac3fbecd8197e4655d031fa1344c8b96009e17f17424daf46507912a776f5,true,0.7583690579667997,192,2.4657320830843097,51.978384783167186,0.062176062757214816,0.051506985848492136
link_9.2.20/link_9p2p20_q0_h0_pm0p02.txt,link_9.2.20,9.2,link,0,0,-0.02,0,C:\workspace\projects\SST-Workbench\KnotPlot\knots\final\link_9.2.20_final.txt,66bac3fbecd8197e4655d031fa1344c8b96009e17f17424daf46507912a776f5,true,0.7461965719831007,192,2.4616484849119016,51.56633127779571,0.030520285227627612,0.0506802537228642
link_9.2.20/link_9p2p20_q0_h0_p0.txt,link_9.2.20,9.2,link,0.0,0.0,0.0,0,C:\workspace\projects\SST-Workbench\KnotPlot\knots\final\link_9.2.20_final.txt,66bac3fbecd8197e4655d031fa1344c8b96009e17f17424daf46507912a776f5,true,1.0,192,2.4601434563497295,51.41748969475496,0.02657507796594159,0.0679181004385691
link_9.2.20/link_9p2p20_q0_h0_p0p02.txt,link_9.2.20,9.2,link,0,0,0.02,0,C:\workspace\projects\SST-Workbench\KnotPlot\knots\final\link_9.2.20_final.txt,66bac3fbecd8197e4655d031fa1344c8b96009e17f17424daf46507912a776f5,true,1.1143851034677834,192,2.4596145784038295,51.3723045416678,0.04277055316353643,0.07568691938457014
link_9.2.20/link_9p2p20_q0_h0_p0p05.txt,link_9.2.20,9.2,link,0,0,0.05,0,C:\workspace\projects\SST-Workbench\KnotPlot\knots\final\link_9.2.20_final.txt,66bac3fbecd8197e4655d031fa1344c8b96009e17f17424daf46507912a776f5,true,1.3196468823481045,192,2.4606526030954186,51.50780318442146,0.0754133445077955,0.08962790949876315
link_9.2.20/link_9p2p20_q0_h0p02_p0.txt,link_9.2.20,9.2,link,0,0.02,0,0,C:\workspace\projects\SST-Workbench\KnotPlot\knots\final\link_9.2.20_final.txt,66bac3fbecd8197e4655d031fa1344c8b96009e17f17424daf46507912a776f5,true,0.9866236039057134,192,2.424248812089548,51.04965383367733,0.039463042764175595,0.06700960102513126
link_9.2.20/link_9p2p20_q0_h0p05_p0.txt,link_9.2.20,9.2,link,0,0.05,0,0,C:\workspace\projects\SST-Workbench\KnotPlot\knots\final\link_9.2.20_final.txt,66bac3fbecd8197e4655d031fa1344c8b96009e17f17424daf46507912a776f5,true,0.9689052231427557,192,2.3713023498567467,50.63646618425177,0.07533541022723789,0.0658062022608639
link_9.2.20/link_9p2p20_q0p02_h0_p0.txt,link_9.2.20,9.2,link,0.02,0,0,0,C:\workspace\projects\SST-Workbench\KnotPlot\knots\final\link_9.2.20_final.txt,66bac3fbecd8197e4655d031fa1344c8b96009e17f17424daf46507912a776f5,true,1.0277137412794195,192,2.5044874979432543,52.565195416233465,0.03319103610214812,0.06980036510231324
link_9.2.20/link_9p2p20_q0p05_h0_p0.txt,link_9.2.20,9.2,link,0.05,0,0,0,C:\workspace\projects\SST-Workbench\KnotPlot\knots\final\link_9.2.20_final.txt,66bac3fbecd8197e4655d031fa1344c8b96009e17f17424daf46507912a776f5,true,1.0697135993188474,192,2.5713348969118446,54.34705553417322,0.06050035286155288,0.07265291567904074
link_9.2.40/link_9p2p40_qm0p05_h0_p0.txt,link_9.2.40,9.2,link,-0.05,0,0,0,C:\workspace\projects\SST-Workbench\KnotPlot\knots\final\link_9.2.40_final.txt,6ae57b85756b4b2ae242e228e0b19319f124b8c4a8a0dfaf70ba154f5daa15b3,true,0.9576275212444328,192,2.313687138954107,50.20856013532777,0.07191169460793713,0.04163040098315343
link_9.2.40/link_9p2p40_qm0p02_h0_p0.txt,link_9.2.40,9.2,link,-0.02,0,0,0,C:\workspace\projects\SST-Workbench\KnotPlot\knots\final\link_9.2.40_final.txt,6ae57b85756b4b2ae242e228e0b19319f124b8c4a8a0dfaf70ba154f5daa15b3,true,0.9823565726066277,192,2.3786346687937154,51.83039005658727,0.046676423356258,0.04270543308206738
link_9.2.40/link_9p2p40_q0_hm0p05_p0.txt,link_9.2.40,9.2,link,0,-0.05,0,0,C:\workspace\projects\SST-Workbench\KnotPlot\knots\final\link_9.2.40_final.txt,6ae57b85756b4b2ae242e228e0b19319f124b8c4a8a0dfaf70ba154f5daa15b3,true,0.7788611683053339,192,2.5179540334818356,54.27465291994305,0.06279731989835637,0.033858992173306755
link_9.2.40/link_9p2p40_q0_hm0p02_p0.txt,link_9.2.40,9.2,link,0,-0.02,0,0,C:\workspace\projects\SST-Workbench\KnotPlot\knots\final\link_9.2.40_final.txt,6ae57b85756b4b2ae242e228e0b19319f124b8c4a8a0dfaf70ba154f5daa15b3,false,0.561861056987612,192,2.460219648213209,53.44059900513757,0.03887643108343909,0.024425468755134412
link_9.2.40/link_9p2p40_q0_h0_pm0p05.txt,link_9.2.40,9.2,link,0,0,-0.05,0,C:\workspace\projects\SST-Workbench\KnotPlot\knots\final\link_9.2.40_final.txt,6ae57b85756b4b2ae242e228e0b19319f124b8c4a8a0dfaf70ba154f5daa15b3,true,0.7404038214388424,192,2.4242191162344717,53.3780728439087,0.04366084261927438,0.03218715762878597
link_9.2.40/link_9p2p40_q0_h0_pm0p02.txt,link_9.2.40,9.2,link,0,0,-0.02,0,C:\workspace\projects\SST-Workbench\KnotPlot\knots\final\link_9.2.40_final.txt,6ae57b85756b4b2ae242e228e0b19319f124b8c4a8a0dfaf70ba154f5daa15b3,true,0.7172283346611401,192,2.4222698853929994,53.058975410791206,0.03113881888027434,0.031179662766606404
link_9.2.40/link_9p2p40_q0_h0_p0.txt,link_9.2.40,9.2,link,0.0,0.0,0.0,0,C:\workspace\projects\SST-Workbench\KnotPlot\knots\final\link_9.2.40_final.txt,6ae57b85756b4b2ae242e228e0b19319f124b8c4a8a0dfaf70ba154f5daa15b3,true,1.0,192,2.422176297029461,52.95788229762252,0.03768574067694342,0.043472435847556785
link_9.2.40/link_9p2p40_q0_h0_p0p02.txt,link_9.2.40,9.2,link,0,0,0.02,0,C:\workspace\projects\SST-Workbench\KnotPlot\knots\final\link_9.2.40_final.txt,6ae57b85756b4b2ae242e228e0b19319f124b8c4a8a0dfaf70ba154f5daa15b3,true,1.0764017883300718,192,2.4230477262146035,52.952178828236406,0.05034287320144408,0.046793807689374446
link_9.2.40/link_9p2p40_q0_h0_p0p05.txt,link_9.2.40,9.2,link,0,0,0.05,0,C:\workspace\projects\SST-Workbench\KnotPlot\knots\final\link_9.2.40_final.txt,6ae57b85756b4b2ae242e228e0b19319f124b8c4a8a0dfaf70ba154f5daa15b3,true,1.1993283452965415,192,2.426161688366319,53.15096088988045,0.0658843434198301,0.05213772455106033
link_9.2.40/link_9p2p40_q0_h0p02_p0.txt,link_9.2.40,9.2,link,0,0.02,0,0,C:\workspace\projects\SST-Workbench\KnotPlot\knots\final\link_9.2.40_final.txt,6ae57b85756b4b2ae242e228e0b19319f124b8c4a8a0dfaf70ba154f5daa15b3,true,1.044637752206154,192,2.384509895000857,52.53858562908864,0.05027592217642294,0.045412947666717954
link_9.2.40/link_9p2p40_q0_h0p05_p0.txt,link_9.2.40,9.2,link,0,0.05,0,0,C:\workspace\projects\SST-Workbench\KnotPlot\knots\final\link_9.2.40_final.txt,6ae57b85756b4b2ae242e228e0b19319f124b8c4a8a0dfaf70ba154f5daa15b3,true,1.1122830707543876,192,2.328757033158274,52.037383257433845,0.0795372931810895,0.04835365443769358
link_9.2.40/link_9p2p40_q0p02_h0_p0.txt,link_9.2.40,9.2,link,0.02,0,0,0,C:\workspace\projects\SST-Workbench\KnotPlot\knots\final\link_9.2.40_final.txt,6ae57b85756b4b2ae242e228e0b19319f124b8c4a8a0dfaf70ba154f5daa15b3,false,0.5860650367492509,192,2.465900524265206,54.11776878588554,0.03988118369782365,0.02547767471257782
link_9.2.40/link_9p2p40_q0p05_h0_p0.txt,link_9.2.40,9.2,link,0.05,0,0,0,C:\workspace\projects\SST-Workbench\KnotPlot\knots\final\link_9.2.40_final.txt,6ae57b85756b4b2ae242e228e0b19319f124b8c4a8a0dfaf70ba154f5daa15b3,false,0.18254060669098132,192,2.531808532832156,55.909351042835766,0.059193576390481166,0.00793548481394778
torus_2.11/torus_2p11_qm0p05_h0_p0.txt,torus_2.11,2.11,torus,-0.05,0,0,0,C:\workspace\projects\SST-Workbench\KnotPlot\knots\final\torus_2.11_final.txt,5b04de2f9c7b336c962f51ac436def92e7a0ca15665ac8764e440f117993428f,true,0.8505319976427271,192,2.5380083850566755,45.68751323591097,0.11469096286998354,0.8060173905621603
torus_2.11/torus_2p11_qm0p02_h0_p0.txt,torus_2.11,2.11,torus,-0.02,0,0,0,C:\workspace\projects\SST-Workbench\KnotPlot\knots\final\torus_2.11_final.txt,5b04de2f9c7b336c962f51ac436def92e7a0ca15665ac8764e440f117993428f,true,0.9511927561604466,192,2.606343494963834,47.20581334025036,0.04390812743419812,0.9014098298088036
torus_2.11/torus_2p11_q0_hm0p05_p0.txt,torus_2.11,2.11,torus,0,-0.05,0,0,C:\workspace\projects\SST-Workbench\KnotPlot\knots\final\torus_2.11_final.txt,5b04de2f9c7b336c962f51ac436def92e7a0ca15665ac8764e440f117993428f,true,0.8711298498096597,192,2.7576819905791843,49.04258755524623,0.11502875077938379,0.8255372053378415
torus_2.11/torus_2p11_q0_hm0p02_p0.txt,torus_2.11,2.11,torus,0,-0.02,0,0,C:\workspace\projects\SST-Workbench\KnotPlot\knots\final\torus_2.11_final.txt,5b04de2f9c7b336c962f51ac436def92e7a0ca15665ac8764e440f117993428f,true,0.950417289469239,192,2.6941335848769294,48.53172333559439,0.04643694485046493,0.900674949004028
torus_2.11/torus_2p11_q0_h0_pm0p05.txt,torus_2.11,2.11,torus,0,0,-0.05,0,C:\workspace\projects\SST-Workbench\KnotPlot\knots\final\torus_2.11_final.txt,5b04de2f9c7b336c962f51ac436def92e7a0ca15665ac8764e440f117993428f,true,0.7073524326441823,192,2.6555612851984,48.688428403456626,0.04270080904614623,0.6703314673025992
torus_2.11/torus_2p11_q0_h0_pm0p02.txt,torus_2.11,2.11,torus,0,0,-0.02,0,C:\workspace\projects\SST-Workbench\KnotPlot\knots\final\torus_2.11_final.txt,5b04de2f9c7b336c962f51ac436def92e7a0ca15665ac8764e440f117993428f,true,0.9169098977576177,192,2.6527785596584272,48.3547957711735,0.0172850384779438,0.8689212460195462
torus_2.11/torus_2p11_q0_h0_p0.txt,torus_2.11,2.11,torus,0.0,0.0,0.0,0,C:\workspace\projects\SST-Workbench\KnotPlot\knots\final\torus_2.11_final.txt,5b04de2f9c7b336c962f51ac436def92e7a0ca15665ac8764e440f117993428f,true,1.0,192,2.652248241628533,48.29104169764632,0.001189634143369785,0.947662630913428
torus_2.11/torus_2p11_q0_h0_p0p02.txt,torus_2.11,2.11,torus,0,0,0.02,0,C:\workspace\projects\SST-Workbench\KnotPlot\knots\final\torus_2.11_final.txt,5b04de2f9c7b336c962f51ac436def92e7a0ca15665ac8764e440f117993428f,true,0.9105702606218928,192,2.652778716295366,48.35480245955692,0.017291010780168523,0.8629134088124687
torus_2.11/torus_2p11_q0_h0_p0p05.txt,torus_2.11,2.11,torus,0,0,0.05,0,C:\workspace\projects\SST-Workbench\KnotPlot\knots\final\torus_2.11_final.txt,5b04de2f9c7b336c962f51ac436def92e7a0ca15665ac8764e440f117993428f,false,0.6936460777259404,192,2.655561676380386,48.68843196370348,0.04271304401369074,0.6573424669405449
torus_2.11/torus_2p11_q0_h0p02_p0.txt,torus_2.11,2.11,torus,0,0.02,0,0,C:\workspace\projects\SST-Workbench\KnotPlot\knots\final\torus_2.11_final.txt,5b04de2f9c7b336c962f51ac436def92e7a0ca15665ac8764e440f117993428f,true,0.9620836931753409,192,2.610768705547133,48.13774992427507,0.044321155445927234,0.9117307638334508
torus_2.11/torus_2p11_q0_h0p05_p0.txt,torus_2.11,2.11,torus,0,0.05,0,0,C:\workspace\projects\SST-Workbench\KnotPlot\knots\final\torus_2.11_final.txt,5b04de2f9c7b336c962f51ac436def92e7a0ca15665ac8764e440f117993428f,true,0.880314413841446,192,2.5493535676560963,48.08882720035362,0.10990565797737623,0.8342410734519969
torus_2.11/torus_2p11_q0p02_h0_p0.txt,torus_2.11,2.11,torus,0.02,0,0,0,C:\workspace\projects\SST-Workbench\KnotPlot\knots\final\torus_2.11_final.txt,5b04de2f9c7b336c962f51ac436def92e7a0ca15665ac8764e440f117993428f,true,0.9666598404963074,192,2.6984148297268007,49.43046005898074,0.04341886838571139,0.9160674076430853
torus_2.11/torus_2p11_q0p05_h0_p0.txt,torus_2.11,2.11,torus,0.05,0,0,0,C:\workspace\projects\SST-Workbench\KnotPlot\knots\final\torus_2.11_final.txt,5b04de2f9c7b336c962f51ac436def92e7a0ca15665ac8764e440f117993428f,true,0.910925132959352,192,2.768126986157076,51.234970553640764,0.1033026975276746,0.8632497080654237
torus_2.3/torus_2p3_qm0p05_h0_p0.txt,torus_2.3,2.3,torus,-0.05,0,0,0,C:\workspace\projects\SST-Workbench\KnotPlot\knots\final\torus_2.3_final.txt,1c98ace74089b1e837b66b23f1124dc8e1f4755bf8c9ec6a7454bf65d5bed500,true,0.9189238493811764,192,1.1810886669869085,15.498913696085882,0.030519611683461473,0.31060139745413673
torus_2.3/torus_2p3_qm0p02_h0_p0.txt,torus_2.3,2.3,torus,-0.02,0,0,0,C:\workspace\projects\SST-Workbench\KnotPlot\knots\final\torus_2.3_final.txt,1c98ace74089b1e837b66b23f1124dc8e1f4755bf8c9ec6a7454bf65d5bed500,true,0.9701433336620185,192,1.2156933099156964,16.0194894592504,0.011738873557186467,0.3279138694345115
torus_2.3/torus_2p3_q0_hm0p05_p0.txt,torus_2.3,2.3,torus,0,-0.05,0,0,C:\workspace\projects\SST-Workbench\KnotPlot\knots\final\torus_2.3_final.txt,1c98ace74089b1e837b66b23f1124dc8e1f4755bf8c9ec6a7454bf65d5bed500,true,0.9768274512779187,192,1.276117983349214,16.736550773527146,0.033517931607891696,0.3301731385498408
torus_2.3/torus_2p3_q0_hm0p02_p0.txt,torus_2.3,2.3,torus,0,-0.02,0,0,C:\workspace\projects\SST-Workbench\KnotPlot\knots\final\torus_2.3_final.txt,1c98ace74089b1e837b66b23f1124dc8e1f4755bf8c9ec6a7454bf65d5bed500,true,0.9916454355649134,192,1.253520199689947,16.508784997460374,0.013565998122914993,0.3351817000645881
torus_2.3/torus_2p3_q0_h0_pm0p05.txt,torus_2.3,2.3,torus,0,0,-0.05,0,C:\workspace\projects\SST-Workbench\KnotPlot\knots\final\torus_2.3_final.txt,1c98ace74089b1e837b66b23f1124dc8e1f4755bf8c9ec6a7454bf65d5bed500,true,0.927190431816561,192,1.2403639082276137,16.42421479163765,0.04485621190090749,0.3133955485237051
torus_2.3/torus_2p3_q0_h0_pm0p02.txt,torus_2.3,2.3,torus,0,0,-0.02,0,C:\workspace\projects\SST-Workbench\KnotPlot\knots\final\torus_2.3_final.txt,1c98ace74089b1e837b66b23f1124dc8e1f4755bf8c9ec6a7454bf65d5bed500,true,0.968194844672088,192,1.2390885668479803,16.377495619996306,0.01800233989838679,0.3272552692647543
torus_2.3/torus_2p3_q0_h0_p0.txt,torus_2.3,2.3,torus,0.0,0.0,0.0,0,C:\workspace\projects\SST-Workbench\KnotPlot\knots\final\torus_2.3_final.txt,1c98ace74089b1e837b66b23f1124dc8e1f4755bf8c9ec6a7454bf65d5bed500,true,1.0,192,1.238845491409083,16.36858452003297,0.00023836006777564682,0.3380055895418348
torus_2.3/torus_2p3_q0_h0_p0p02.txt,torus_2.3,2.3,torus,0,0,0.02,0,C:\workspace\projects\SST-Workbench\KnotPlot\knots\final\torus_2.3_final.txt,1c98ace74089b1e837b66b23f1124dc8e1f4755bf8c9ec6a7454bf65d5bed500,true,0.963561030342968,192,1.2390885544881982,16.377516376755896,0.017934910487296774,0.3256890141206127
torus_2.3/torus_2p3_q0_h0_p0p05.txt,torus_2.3,2.3,torus,0,0,0.05,0,C:\workspace\projects\SST-Workbench\KnotPlot\knots\final\torus_2.3_final.txt,1c98ace74089b1e837b66b23f1124dc8e1f4755bf8c9ec6a7454bf65d5bed500,true,0.9142251692168691,192,1.2403638773599286,16.424528060336456,0.044431253100332094,0.30901321729513154
torus_2.3/torus_2p3_q0_h0p02_p0.txt,torus_2.3,2.3,torus,0,0.02,0,0,C:\workspace\projects\SST-Workbench\KnotPlot\knots\final\torus_2.3_final.txt,1c98ace74089b1e837b66b23f1124dc8e1f4755bf8c9ec6a7454bf65d5bed500,true,0.9745370932791936,192,1.2244963056946168,16.238066961803575,0.013506941442529759,0.32939898474421986
torus_2.3/torus_2p3_q0_h0p05_p0.txt,torus_2.3,2.3,torus,0,0.05,0,0,C:\workspace\projects\SST-Workbench\KnotPlot\knots\final\torus_2.3_final.txt,1c98ace74089b1e837b66b23f1124dc8e1f4755bf8c9ec6a7454bf65d5bed500,true,0.9313063394397065,192,1.2036082778461867,16.061181612024313,0.03394435000193372,0.3147867483063661
torus_2.3/torus_2p3_q0p02_h0_p0.txt,torus_2.3,2.3,torus,0.02,0,0,0,C:\workspace\projects\SST-Workbench\KnotPlot\knots\final\torus_2.3_final.txt,1c98ace74089b1e837b66b23f1124dc8e1f4755bf8c9ec6a7454bf65d5bed500,true,0.9947867956643772,192,1.262059376541655,16.71919916499398,0.01146565257435023,0.33624349733697056
torus_2.3/torus_2p3_q0p05_h0_p0.txt,torus_2.3,2.3,torus,0.05,0,0,0,C:\workspace\projects\SST-Workbench\KnotPlot\knots\final\torus_2.3_final.txt,1c98ace74089b1e837b66b23f1124dc8e1f4755bf8c9ec6a7454bf65d5bed500,true,0.981921162606784,192,1.2969886486173405,17.247775362043754,0.027606905390380854,0.33189484145050985
torus_2.4/torus_2p4_qm0p05_h0_p0.txt,torus_2.4,2.4,torus,-0.05,0,0,0,C:\workspace\projects\SST-Workbench\KnotPlot\knots\final\torus_2.4_final.txt,652c2538c1f7d922a8cc1d1af433737f59ee6203e44dfcf8b8e443484b5d0bd8,true,0.9822228071148986,192,1.3120278160383736,23.674559542768954,0.07697430084766971,0.0348503859646131
torus_2.4/torus_2p4_qm0p02_h0_p0.txt,torus_2.4,2.4,torus,-0.02,0,0,0,C:\workspace\projects\SST-Workbench\KnotPlot\knots\final\torus_2.4_final.txt,652c2538c1f7d922a8cc1d1af433737f59ee6203e44dfcf8b8e443484b5d0bd8,true,0.9928063231643196,192,1.3487936789975437,24.447441026116977,0.045612563590355294,0.03522590119039817
torus_2.4/torus_2p4_q0_hm0p05_p0.txt,torus_2.4,2.4,torus,0,-0.05,0,0,C:\workspace\projects\SST-Workbench\KnotPlot\knots\final\torus_2.4_final.txt,652c2538c1f7d922a8cc1d1af433737f59ee6203e44dfcf8b8e443484b5d0bd8,false,0.6305786949416682,192,1.4203738729589916,25.730935224479374,0.06693985622522733,0.022373651620175072
torus_2.4/torus_2p4_q0_hm0p02_p0.txt,torus_2.4,2.4,torus,0,-0.02,0,0,C:\workspace\projects\SST-Workbench\KnotPlot\knots\final\torus_2.4_final.txt,652c2538c1f7d922a8cc1d1af433737f59ee6203e44dfcf8b8e443484b5d0bd8,false,0.6770006025758466,192,1.3919993939286002,25.277177183815873,0.028282415076184172,0.024020753872887768
torus_2.4/torus_2p4_q0_h0_pm0p05.txt,torus_2.4,2.4,torus,0,0,-0.05,0,C:\workspace\projects\SST-Workbench\KnotPlot\knots\final\torus_2.4_final.txt,652c2538c1f7d922a8cc1d1af433737f59ee6203e44dfcf8b8e443484b5d0bd8,true,0.8392813170597891,192,1.3732957999578776,25.228205449863037,0.052964540198404186,0.02977865879365693
torus_2.4/torus_2p4_q0_h0_pm0p02.txt,torus_2.4,2.4,torus,0,0,-0.02,0,C:\workspace\projects\SST-Workbench\KnotPlot\knots\final\torus_2.4_final.txt,652c2538c1f7d922a8cc1d1af433737f59ee6203e44dfcf8b8e443484b5d0bd8,true,0.8606046706016961,192,1.3729727813774897,25.072118707281557,0.022032828476000167,0.03053523570839806
torus_2.4/torus_2p4_q0_h0_p0.txt,torus_2.4,2.4,torus,0.0,0.0,0.0,0,C:\workspace\projects\SST-Workbench\KnotPlot\knots\final\torus_2.4_final.txt,652c2538c1f7d922a8cc1d1af433737f59ee6203e44dfcf8b8e443484b5d0bd8,true,1.0,192,1.373443958942928,25.000945058852587,0.025030381910686433,0.035481141052893884
torus_2.4/torus_2p4_q0_h0_p0p02.txt,torus_2.4,2.4,torus,0,0,0.02,0,C:\workspace\projects\SST-Workbench\KnotPlot\knots\final\torus_2.4_final.txt,652c2538c1f7d922a8cc1d1af433737f59ee6203e44dfcf8b8e443484b5d0bd8,true,0.863430416879832,192,1.3744637921827727,24.958545708287602,0.04438642260073119,0.03063549641067229
torus_2.4/torus_2p4_q0_h0_p0p05.txt,torus_2.4,2.4,torus,0,0,0.05,0,C:\workspace\projects\SST-Workbench\KnotPlot\knots\final\torus_2.4_final.txt,652c2538c1f7d922a8cc1d1af433737f59ee6203e44dfcf8b8e443484b5d0bd8,true,0.8392293764043565,192,1.3770194255082129,24.967204216804227,0.06921605845905808,0.029776815879935147
torus_2.4/torus_2p4_q0_h0p02_p0.txt,torus_2.4,2.4,torus,0,0.02,0,0,C:\workspace\projects\SST-Workbench\KnotPlot\knots\final\torus_2.4_final.txt,652c2538c1f7d922a8cc1d1af433737f59ee6203e44dfcf8b8e443484b5d0bd8,true,0.9932526027615362,192,1.355191093989998,24.750910255507296,0.04554810544442843,0.03524173569973604
torus_2.4/torus_2p4_q0_h0p05_p0.txt,torus_2.4,2.4,torus,0,0.05,0,0,C:\workspace\projects\SST-Workbench\KnotPlot\knots\final\torus_2.4_final.txt,652c2538c1f7d922a8cc1d1af433737f59ee6203e44dfcf8b8e443484b5d0bd8,true,0.9833135732959408,192,1.3284063423196495,24.44377948783379,0.07793078778634592,0.034889087593338385
torus_2.4/torus_2p4_q0p02_h0_p0.txt,torus_2.4,2.4,torus,0.02,0,0,0,C:\workspace\projects\SST-Workbench\KnotPlot\knots\final\torus_2.4_final.txt,652c2538c1f7d922a8cc1d1af433737f59ee6203e44dfcf8b8e443484b5d0bd8,false,0.6529131692936639,192,1.3981991101371185,25.57235912502943,0.02758582814366393,0.023166104255000475
torus_2.4/torus_2p4_q0p05_h0_p0.txt,torus_2.4,2.4,torus,0.05,0,0,0,C:\workspace\projects\SST-Workbench\KnotPlot\knots\final\torus_2.4_final.txt,652c2538c1f7d922a8cc1d1af433737f59ee6203e44dfcf8b8e443484b5d0bd8,true,0.7100054422003215,192,1.4355165961317466,26.45125783033577,0.06485015870338655,0.025191803243031902
torus_2.5/torus_2p5_qm0p05_h0_p0.txt,torus_2.5,2.5,torus,-0.05,0,0,0,C:\workspace\projects\SST-Workbench\KnotPlot\knots\final\torus_2.5_final.txt,85ccd2e3f0af33b09722bca6bfe808d797a6ecdf3cec9566638121b5c97d47e7,true,0.9053978057145483,192,1.4792246957026807,22.773888527503946,0.052328534853774804,0.4453589212222639
torus_2.5/torus_2p5_qm0p02_h0_p0.txt,torus_2.5,2.5,torus,-0.02,0,0,0,C:\workspace\projects\SST-Workbench\KnotPlot\knots\final\torus_2.5_final.txt,85ccd2e3f0af33b09722bca6bfe808d797a6ecdf3cec9566638121b5c97d47e7,true,0.9682827773038706,192,1.521086316056283,23.55390603197921,0.02004400519609116,0.4762916039958988
torus_2.5/torus_2p5_q0_hm0p05_p0.txt,torus_2.5,2.5,torus,0,-0.05,0,0,C:\workspace\projects\SST-Workbench\KnotPlot\knots\final\torus_2.5_final.txt,85ccd2e3f0af33b09722bca6bfe808d797a6ecdf3cec9566638121b5c97d47e7,true,0.9471476690347611,192,1.6035371624744805,24.543293168492262,0.055234306526374205,0.4658953903545175
torus_2.5/torus_2p5_q0_hm0p02_p0.txt,torus_2.5,2.5,torus,0,-0.02,0,0,C:\workspace\projects\SST-Workbench\KnotPlot\knots\final\torus_2.5_final.txt,85ccd2e3f0af33b09722bca6bfe808d797a6ecdf3cec9566638121b5c97d47e7,true,0.9788668548414136,192,1.5706666970804743,24.252512184982802,0.0223713234974136,0.48149783856428596
torus_2.5/torus_2p5_q0_h0_pm0p05.txt,torus_2.5,2.5,torus,0,0,-0.05,0,C:\workspace\projects\SST-Workbench\KnotPlot\knots\final\torus_2.5_final.txt,85ccd2e3f0af33b09722bca6bfe808d797a6ecdf3cec9566638121b5c97d47e7,true,0.9283740055785937,192,1.5510754567622107,24.154182673509105,0.04293534712930478,0.4566607550909275
torus_2.5/torus_2p5_q0_h0_pm0p02.txt,torus_2.5,2.5,torus,0,0,-0.02,0,C:\workspace\projects\SST-Workbench\KnotPlot\knots\final\torus_2.5_final.txt,85ccd2e3f0af33b09722bca6bfe808d797a6ecdf3cec9566638121b5c97d47e7,true,0.9712275511981536,192,1.5494500088002323,24.093356317217868,0.017264447337664798,0.47774011791599424
torus_2.5/torus_2p5_q0_h0_p0.txt,torus_2.5,2.5,torus,0.0,0.0,0.0,0,C:\workspace\projects\SST-Workbench\KnotPlot\knots\final\torus_2.5_final.txt,85ccd2e3f0af33b09722bca6bfe808d797a6ecdf3cec9566638121b5c97d47e7,true,1.0,192,1.54914019267944,24.081782658886723,0.00042655134268917045,0.4918930865651729
torus_2.5/torus_2p5_q0_h0_p0p02.txt,torus_2.5,2.5,torus,0,0,0.02,0,C:\workspace\projects\SST-Workbench\KnotPlot\knots\final\torus_2.5_final.txt,85ccd2e3f0af33b09722bca6bfe808d797a6ecdf3cec9566638121b5c97d47e7,true,0.9735518144816863,192,1.5494499706824973,24.093365211435493,0.017301522640133248,0.47888340695652126
torus_2.5/torus_2p5_q0_h0_p0p05.txt,torus_2.5,2.5,torus,0,0,0.05,0,C:\workspace\projects\SST-Workbench\KnotPlot\knots\final\torus_2.5_final.txt,85ccd2e3f0af33b09722bca6bfe808d797a6ecdf3cec9566638121b5c97d47e7,true,0.9337036685092412,192,1.5510753615677346,24.15420546077798,0.042971834050419724,0.4592823794402357
torus_2.5/torus_2p5_q0_h0p02_p0.txt,torus_2.5,2.5,torus,0,0.02,0,0,C:\workspace\projects\SST-Workbench\KnotPlot\knots\final\torus_2.5_final.txt,85ccd2e3f0af33b09722bca6bfe808d797a6ecdf3cec9566638121b5c97d47e7,true,0.9729884983369482,192,1.5279386990652932,23.930414942592837,0.02190157600490592,0.47860631563937406
torus_2.5/torus_2p5_q0_h0p05_p0.txt,torus_2.5,2.5,torus,0,0.05,0,0,C:\workspace\projects\SST-Workbench\KnotPlot\knots\final\torus_2.5_final.txt,85ccd2e3f0af33b09722bca6bfe808d797a6ecdf3cec9566638121b5c97d47e7,true,0.9188264899605592,192,1.4967760080906711,23.741539348487407,0.054952410533029954,0.45196439816454326
torus_2.5/torus_2p5_q0p02_h0_p0.txt,torus_2.5,2.5,torus,0.02,0,0,0,C:\workspace\projects\SST-Workbench\KnotPlot\knots\final\torus_2.5_final.txt,85ccd2e3f0af33b09722bca6bfe808d797a6ecdf3cec9566638121b5c97d47e7,true,0.9874465383609667,192,1.5773036995218639,24.615521144348953,0.019719423532557734,0.48571812557247135
torus_2.5/torus_2p5_q0p05_h0_p0.txt,torus_2.5,2.5,torus,0.05,0,0,0,C:\workspace\projects\SST-Workbench\KnotPlot\knots\final\torus_2.5_final.txt,85ccd2e3f0af33b09722bca6bfe808d797a6ecdf3cec9566638121b5c97d47e7,true,0.9590752286817805,192,1.6197420008927028,25.42641203532204,0.04724526333874832,0.47176247448448005
torus_2.6/torus_2p6_qm0p05_h0_p0.txt,torus_2.6,2.6,torus,-0.05,0,0,0,C:\workspace\projects\SST-Workbench\KnotPlot\knots\final\torus_2.6_final.txt,2b28b693246f143f0b2a3dfd9df3fb806180c4e253a5659367cb6cd17d5ea258,true,0.9957967954018491,192,1.653067685601041,30.36741639233145,0.07837494498042932,0.06326170029107031
torus_2.6/torus_2p6_qm0p02_h0_p0.txt,torus_2.6,2.6,torus,-0.02,0,0,0,C:\workspace\projects\SST-Workbench\KnotPlot\knots\final\torus_2.6_final.txt,2b28b693246f143f0b2a3dfd9df3fb806180c4e253a5659367cb6cd17d5ea258,true,0.9982872303450967,192,1.699333369789179,31.331525349549164,0.050735007073554744,0.06341991444651009
torus_2.6/torus_2p6_q0_hm0p05_p0.txt,torus_2.6,2.6,torus,0,-0.05,0,0,C:\workspace\projects\SST-Workbench\KnotPlot\knots\final\torus_2.6_final.txt,2b28b693246f143f0b2a3dfd9df3fb806180c4e253a5659367cb6cd17d5ea258,true,1.0037582548240669,192,1.7954945381834357,32.714256062554824,0.0742614668240874,0.06376748165346625
torus_2.6/torus_2p6_q0_hm0p02_p0.txt,torus_2.6,2.6,torus,0,-0.02,0,0,C:\workspace\projects\SST-Workbench\KnotPlot\knots\final\torus_2.6_final.txt,2b28b693246f143f0b2a3dfd9df3fb806180c4e253a5659367cb6cd17d5ea258,true,1.0014746815495534,192,1.7561893410178373,32.26763688289202,0.0449740838516441,0.06362240915599283
torus_2.6/torus_2p6_q0_h0_pm0p05.txt,torus_2.6,2.6,torus,0,0,-0.05,0,C:\workspace\projects\SST-Workbench\KnotPlot\knots\final\torus_2.6_final.txt,2b28b693246f143f0b2a3dfd9df3fb806180c4e253a5659367cb6cd17d5ea258,true,0.8090918848238248,192,1.7320960881290202,32.25629236421667,0.047799613756430506,0.051400575460786364
torus_2.6/torus_2p6_q0_h0_pm0p02.txt,torus_2.6,2.6,torus,0,0,-0.02,0,C:\workspace\projects\SST-Workbench\KnotPlot\knots\final\torus_2.6_final.txt,2b28b693246f143f0b2a3dfd9df3fb806180c4e253a5659367cb6cd17d5ea258,true,0.8722850876173377,192,1.7305327362798648,32.07935604364782,0.03551074885436036,0.055415159032470566
torus_2.6/torus_2p6_q0_h0_p0.txt,torus_2.6,2.6,torus,0.0,0.0,0.0,0,C:\workspace\projects\SST-Workbench\KnotPlot\knots\final\torus_2.6_final.txt,2b28b693246f143f0b2a3dfd9df3fb806180c4e253a5659367cb6cd17d5ea258,true,1.0,192,1.7303548642382145,32.0116021007663,0.04074746094087809,0.06352872451807937
torus_2.6/torus_2p6_q0_h0_p0p02.txt,torus_2.6,2.6,torus,0,0,0.02,0,C:\workspace\projects\SST-Workbench\KnotPlot\knots\final\torus_2.6_final.txt,2b28b693246f143f0b2a3dfd9df3fb806180c4e253a5659367cb6cd17d5ea258,true,0.988422293202304,192,1.730868851789468,31.985245330572276,0.05365705162856627,0.06279320757237744
torus_2.6/torus_2p6_q0_h0_p0p05.txt,torus_2.6,2.6,torus,0,0,0.05,0,C:\workspace\projects\SST-Workbench\KnotPlot\knots\final\torus_2.6_final.txt,2b28b693246f143f0b2a3dfd9df3fb806180c4e253a5659367cb6cd17d5ea258,true,0.9693863777983328,192,1.7329354966093353,32.0337385936937,0.07473714510823543,0.061583880146729095
torus_2.6/torus_2p6_q0_h0p02_p0.txt,torus_2.6,2.6,torus,0,0.02,0,0,C:\workspace\projects\SST-Workbench\KnotPlot\knots\final\torus_2.6_final.txt,2b28b693246f143f0b2a3dfd9df3fb806180c4e253a5659367cb6cd17d5ea258,true,0.9985636768396362,192,1.7048312565687904,31.793787417293068,0.0521593541714114,0.06343747673970568
torus_2.6/torus_2p6_q0_h0p05_p0.txt,torus_2.6,2.6,torus,0,0.05,0,0,C:\workspace\projects\SST-Workbench\KnotPlot\knots\final\torus_2.6_final.txt,2b28b693246f143f0b2a3dfd9df3fb806180c4e253a5659367cb6cd17d5ea258,true,0.9964814757055167,192,1.6671599102424726,31.547466507237623,0.08145593381155546,0.06330519715746497
torus_2.6/torus_2p6_q0p02_h0_p0.txt,torus_2.6,2.6,torus,0.02,0,0,0,C:\workspace\projects\SST-Workbench\KnotPlot\knots\final\torus_2.6_final.txt,2b28b693246f143f0b2a3dfd9df3fb806180c4e253a5659367cb6cd17d5ea258,true,1.0017545029399777,192,1.7615097650738911,32.717278905043955,0.0435180181538276,0.06364018585201937
torus_2.6/torus_2p6_q0p05_h0_p0.txt,torus_2.6,2.6,torus,0.05,0,0,0,C:\workspace\projects\SST-Workbench\KnotPlot\knots\final\torus_2.6_final.txt,2b28b693246f143f0b2a3dfd9df3fb806180c4e253a5659367cb6cd17d5ea258,true,1.0044640274587697,192,1.8084771632806016,33.81293106391261,0.06725039142787756,0.06381231848874869
torus_2.7/torus_2p7_qm0p05_h0_p0.txt,torus_2.7,2.7,torus,-0.05,0,0,0,C:\workspace\projects\SST-Workbench\KnotPlot\knots\final\torus_2.7_final.txt,50abd3d2c615fa1ca5387e9d7bedaa8590b35f295592d898a46692d969127620,true,0.8862312092620306,192,1.813839244009573,30.27493269906104,0.07357784015578742,0.5739095266746463
torus_2.7/torus_2p7_qm0p02_h0_p0.txt,torus_2.7,2.7,torus,-0.02,0,0,0,C:\workspace\projects\SST-Workbench\KnotPlot\knots\final\torus_2.7_final.txt,50abd3d2c615fa1ca5387e9d7bedaa8590b35f295592d898a46692d969127620,true,0.9619975812647545,192,1.863958138067317,31.314787693778456,0.028160280975172352,0.6229746490033297
torus_2.7/torus_2p7_q0_hm0p05_p0.txt,torus_2.7,2.7,torus,0,-0.05,0,0,C:\workspace\projects\SST-Workbench\KnotPlot\knots\final\torus_2.7_final.txt,50abd3d2c615fa1ca5387e9d7bedaa8590b35f295592d898a46692d969127620,true,0.919732932649198,192,1.9685764630612725,32.56816454446597,0.07576704986450326,0.5956047208981995
torus_2.7/torus_2p7_q0_hm0p02_p0.txt,torus_2.7,2.7,torus,0,-0.02,0,0,C:\workspace\projects\SST-Workbench\KnotPlot\knots\final\torus_2.7_final.txt,50abd3d2c615fa1ca5387e9d7bedaa8590b35f295592d898a46692d969127620,true,0.9689059574152613,192,1.9257341809271633,32.21964004333448,0.03061270666173117,0.6274484057895855
torus_2.7/torus_2p7_q0_h0_pm0p05.txt,torus_2.7,2.7,torus,0,0,-0.05,0,C:\workspace\projects\SST-Workbench\KnotPlot\knots\final\torus_2.7_final.txt,50abd3d2c615fa1ca5387e9d7bedaa8590b35f295592d898a46692d969127620,true,0.9349358095013537,192,1.8999572424923088,32.16793599573634,0.043169623057925106,0.6054498671389633
torus_2.7/torus_2p7_q0_h0_pm0p02.txt,torus_2.7,2.7,torus,0,0,-0.02,0,C:\workspace\projects\SST-Workbench\KnotPlot\knots\final\torus_2.7_final.txt,50abd3d2c615fa1ca5387e9d7bedaa8590b35f295592d898a46692d969127620,true,0.9729848064786772,192,1.897964654188914,32.05066576711948,0.01740656750088668,0.6300898049085712
torus_2.7/torus_2p7_q0_h0_p0.txt,torus_2.7,2.7,torus,0.0,0.0,0.0,0,C:\workspace\projects\SST-Workbench\KnotPlot\knots\final\torus_2.7_final.txt,50abd3d2c615fa1ca5387e9d7bedaa8590b35f295592d898a46692d969127620,true,1.0,192,1.897584128367005,32.02830898987264,0.0006234324292973738,0.6475844234288971
torus_2.7/torus_2p7_q0_h0_p0p02.txt,torus_2.7,2.7,torus,0,0,0.02,0,C:\workspace\projects\SST-Workbench\KnotPlot\knots\final\torus_2.7_final.txt,50abd3d2c615fa1ca5387e9d7bedaa8590b35f295592d898a46692d969127620,true,0.9734726827344518,192,1.897962560305157,32.050624796183136,0.01740590789784493,0.6304057459723716
torus_2.7/torus_2p7_q0_h0_p0p05.txt,torus_2.7,2.7,torus,0,0,0.05,0,C:\workspace\projects\SST-Workbench\KnotPlot\knots\final\torus_2.7_final.txt,50abd3d2c615fa1ca5387e9d7bedaa8590b35f295592d898a46692d969127620,true,0.9374615304294632,192,1.8999520132685288,32.167830143378,0.043171817957737064,0.6070854846699354
torus_2.7/torus_2p7_q0_h0p02_p0.txt,torus_2.7,2.7,torus,0,0.02,0,0,C:\workspace\projects\SST-Workbench\KnotPlot\knots\final\torus_2.7_final.txt,50abd3d2c615fa1ca5387e9d7bedaa8590b35f295592d898a46692d969127620,true,0.9681988895200749,192,1.8697806217010864,31.871842777764765,0.02964692233840382,0.6269905196343561
torus_2.7/torus_2p7_q0_h0p05_p0.txt,torus_2.7,2.7,torus,0,0.05,0,0,C:\workspace\projects\SST-Workbench\KnotPlot\knots\final\torus_2.7_final.txt,50abd3d2c615fa1ca5387e9d7bedaa8590b35f295592d898a46692d969127620,true,0.9030189510602948,192,1.8287596575720522,31.707082051553108,0.0740197987225356,0.5847810067677485
torus_2.7/torus_2p7_q0p02_h0_p0.txt,torus_2.7,2.7,torus,0.02,0,0,0,C:\workspace\projects\SST-Workbench\KnotPlot\knots\final\torus_2.7_final.txt,50abd3d2c615fa1ca5387e9d7bedaa8590b35f295592d898a46692d969127620,true,0.9793793765450359,192,1.9313704379048373,32.756943113408376,0.027733183183659155,0.6342308288780698
torus_2.7/torus_2p7_q0p05_h0_p0.txt,torus_2.7,2.7,torus,0.05,0,0,0,C:\workspace\projects\SST-Workbench\KnotPlot\knots\final\torus_2.7_final.txt,50abd3d2c615fa1ca5387e9d7bedaa8590b35f295592d898a46692d969127620,true,0.9395093718140008,192,1.982332558621933,33.8764501606658,0.06628550672401391,0.608411634852215
torus_2.8/torus_2p8_qm0p05_h0_p0.txt,torus_2.8,2.8,torus,-0.05,0,0,0,C:\workspace\projects\SST-Workbench\KnotPlot\knots\final\torus_2.8_final.txt,ba1a7e1ff2b26f17f8a91bdc5de3cdc63a57a43ec3da5382a8a3e54907395a68,true,0.9490878849882299,192,2.0046869569565806,37.53909642627681,0.08705596506184775,0.018295361679939687
torus_2.8/torus_2p8_qm0p02_h0_p0.txt,torus_2.8,2.8,torus,-0.02,0,0,0,C:\workspace\projects\SST-Workbench\KnotPlot\knots\final\torus_2.8_final.txt,ba1a7e1ff2b26f17f8a91bdc5de3cdc63a57a43ec3da5382a8a3e54907395a68,true,0.9796060539504842,192,2.0601439972185522,38.801116985427285,0.03503209891575428,0.018883653815794814
torus_2.8/torus_2p8_q0_hm0p05_p0.txt,torus_2.8,2.8,torus,0,-0.05,0,0,C:\workspace\projects\SST-Workbench\KnotPlot\knots\final\torus_2.8_final.txt,ba1a7e1ff2b26f17f8a91bdc5de3cdc63a57a43ec3da5382a8a3e54907395a68,true,0.8627306507702773,192,2.179662772044044,40.48627216027311,0.08659305283152062,0.016630671972393478
torus_2.8/torus_2p8_q0_hm0p02_p0.txt,torus_2.8,2.8,torus,0,-0.02,0,0,C:\workspace\projects\SST-Workbench\KnotPlot\knots\final\torus_2.8_final.txt,ba1a7e1ff2b26f17f8a91bdc5de3cdc63a57a43ec3da5382a8a3e54907395a68,true,1.017506213866859,192,2.130036915315733,39.97019246748589,0.03444291793572898,0.01961424699306019
torus_2.8/torus_2p8_q0_h0_pm0p05.txt,torus_2.8,2.8,torus,0,0,-0.05,0,C:\workspace\projects\SST-Workbench\KnotPlot\knots\final\torus_2.8_final.txt,ba1a7e1ff2b26f17f8a91bdc5de3cdc63a57a43ec3da5382a8a3e54907395a68,true,0.8046000560508586,192,2.0997853137297073,40.03426380232044,0.05029500519827447,0.015510101083349893
torus_2.8/torus_2p8_q0_h0_pm0p02.txt,torus_2.8,2.8,torus,0,0,-0.02,0,C:\workspace\projects\SST-Workbench\KnotPlot\knots\final\torus_2.8_final.txt,ba1a7e1ff2b26f17f8a91bdc5de3cdc63a57a43ec3da5382a8a3e54907395a68,true,0.9398961110434677,192,2.0976951766192626,39.77208269986406,0.020324158117213994,0.01811817384363962
torus_2.8/torus_2p8_q0_h0_p0.txt,torus_2.8,2.8,torus,0.0,0.0,0.0,0,C:\workspace\projects\SST-Workbench\KnotPlot\knots\final\torus_2.8_final.txt,ba1a7e1ff2b26f17f8a91bdc5de3cdc63a57a43ec3da5382a8a3e54907395a68,true,1.0,192,2.0973492144169,39.68172165645939,0.006137943853505805,0.019276783498470826
torus_2.8/torus_2p8_q0_h0_p0p02.txt,torus_2.8,2.8,torus,0,0,0.02,0,C:\workspace\projects\SST-Workbench\KnotPlot\knots\final\torus_2.8_final.txt,ba1a7e1ff2b26f17f8a91bdc5de3cdc63a57a43ec3da5382a8a3e54907395a68,true,0.9534624923979887,192,2.0978418523595064,39.65900033398589,0.02314655026353063,0.018379690039868415
torus_2.8/torus_2p8_q0_h0_p0p05.txt,torus_2.8,2.8,torus,0,0,0.05,0,C:\workspace\projects\SST-Workbench\KnotPlot\knots\final\torus_2.8_final.txt,ba1a7e1ff2b26f17f8a91bdc5de3cdc63a57a43ec3da5382a8a3e54907395a68,true,0.8586681868241719,192,2.1001516189322103,39.75169384998881,0.05405304473923999,0.01655236073443406
torus_2.8/torus_2p8_q0_h0p02_p0.txt,torus_2.8,2.8,torus,0,0.02,0,0,C:\workspace\projects\SST-Workbench\KnotPlot\knots\final\torus_2.8_final.txt,ba1a7e1ff2b26f17f8a91bdc5de3cdc63a57a43ec3da5382a8a3e54907395a68,true,0.9828050509460937,192,2.064996058437626,39.4414850700488,0.03668180479445954,0.01894532018829144
torus_2.8/torus_2p8_q0_h0p05_p0.txt,torus_2.8,2.8,torus,0,0.05,0,0,C:\workspace\projects\SST-Workbench\KnotPlot\knots\final\torus_2.8_final.txt,ba1a7e1ff2b26f17f8a91bdc5de3cdc63a57a43ec3da5382a8a3e54907395a68,true,0.9576328442209474,192,2.0171287642891436,39.180331205246816,0.08790314216470115,0.01846008100907204
torus_2.8/torus_2p8_q0p02_h0_p0.txt,torus_2.8,2.8,torus,0.02,0,0,0,C:\workspace\projects\SST-Workbench\KnotPlot\knots\final\torus_2.8_final.txt,ba1a7e1ff2b26f17f8a91bdc5de3cdc63a57a43ec3da5382a8a3e54907395a68,true,1.0204300327043971,192,2.1347301122394113,40.5901243568489,0.0316559046450763,0.019670608815780168
torus_2.8/torus_2p8_q0p05_h0_p0.txt,torus_2.8,2.8,torus,0.05,0,0,0,C:\workspace\projects\SST-Workbench\KnotPlot\knots\final\torus_2.8_final.txt,ba1a7e1ff2b26f17f8a91bdc5de3cdc63a57a43ec3da5382a8a3e54907395a68,true,0.7631022811094262,192,2.1911111798484746,41.99960709358687,0.07709280785507489,0.014710157460135634
torus_2.9/torus_2p9_qm0p05_h0_p0.txt,torus_2.9,2.9,torus,-0.05,0,0,0,C:\workspace\projects\SST-Workbench\KnotPlot\knots\final\torus_2.9_final.txt,d5de6920f0885d8db8a98a00f60f25b99008882d816d183c7322c8416246948c,true,0.8664573488564022,192,2.171018412363275,37.92884360876313,0.09449423281504694,0.6944233997689212
torus_2.9/torus_2p9_qm0p02_h0_p0.txt,torus_2.9,2.9,torus,-0.02,0,0,0,C:\workspace\projects\SST-Workbench\KnotPlot\knots\final\torus_2.9_final.txt,d5de6920f0885d8db8a98a00f60f25b99008882d816d183c7322c8416246948c,true,0.9548925357745198,192,2.2300817897386502,39.217198240009,0.03621922135384997,0.7652998984678282
torus_2.9/torus_2p9_q0_hm0p05_p0.txt,torus_2.9,2.9,torus,0,-0.05,0,0,C:\workspace\projects\SST-Workbench\KnotPlot\knots\final\torus_2.9_final.txt,d5de6920f0885d8db8a98a00f60f25b99008882d816d183c7322c8416246948c,true,0.8924832344097163,192,2.357897632364238,40.75368429264084,0.09558418794626941,0.7152818805144339
torus_2.9/torus_2p9_q0_hm0p02_p0.txt,torus_2.9,2.9,torus,0,-0.02,0,0,C:\workspace\projects\SST-Workbench\KnotPlot\knots\final\torus_2.9_final.txt,d5de6920f0885d8db8a98a00f60f25b99008882d816d183c7322c8416246948c,true,0.9581875901263177,192,2.304736190560505,40.332112400665025,0.03854265568713742,0.7679407241800447
torus_2.9/torus_2p9_q0_h0_pm0p05.txt,torus_2.9,2.9,torus,0,0,-0.05,0,C:\workspace\projects\SST-Workbench\KnotPlot\knots\final\torus_2.9_final.txt,d5de6920f0885d8db8a98a00f60f25b99008882d816d183c7322c8416246948c,true,0.8899496848913462,192,2.272573728429734,40.36282762069039,0.04287521490079406,0.7132513638682866
torus_2.9/torus_2p9_q0_h0_pm0p02.txt,torus_2.9,2.9,torus,0,0,-0.02,0,C:\workspace\projects\SST-Workbench\KnotPlot\knots\final\torus_2.9_final.txt,d5de6920f0885d8db8a98a00f60f25b99008882d816d183c7322c8416246948c,true,0.9762782029661433,192,2.2701922717505805,40.156799275409874,0.017321481253104787,0.7824394700083485
torus_2.9/torus_2p9_q0_h0_p0.txt,torus_2.9,2.9,torus,0.0,0.0,0.0,0,C:\workspace\projects\SST-Workbench\KnotPlot\knots\final\torus_2.9_final.txt,d5de6920f0885d8db8a98a00f60f25b99008882d816d183c7322c8416246948c,true,1.0,192,2.269738398154226,40.11749049329029,0.0008154496530236962,0.8014513359318368
torus_2.9/torus_2p9_q0_h0_p0p02.txt,torus_2.9,2.9,torus,0,0,0.02,0,C:\workspace\projects\SST-Workbench\KnotPlot\knots\final\torus_2.9_final.txt,d5de6920f0885d8db8a98a00f60f25b99008882d816d183c7322c8416246948c,true,0.9751203250953211,192,2.270192329127936,40.156796706321074,0.017321349062045965,0.7815114872419321
torus_2.9/torus_2p9_q0_h0_p0p05.txt,torus_2.9,2.9,torus,0,0,0.05,0,C:\workspace\projects\SST-Workbench\KnotPlot\knots\final\torus_2.9_final.txt,d5de6920f0885d8db8a98a00f60f25b99008882d816d183c7322c8416246948c,true,0.9051156064089733,192,2.2725738717228032,40.36281993389946,0.04287583918285636,0.7254061119292262
torus_2.9/torus_2p9_q0_h0p02_p0.txt,torus_2.9,2.9,torus,0,0.02,0,0,C:\workspace\projects\SST-Workbench\KnotPlot\knots\final\torus_2.9_final.txt,d5de6920f0885d8db8a98a00f60f25b99008882d816d183c7322c8416246948c,true,0.9630876934681273,192,2.235114595261038,39.96017699934343,0.037174202590703836,0.771867918549542
torus_2.9/torus_2p9_q0_h0p05_p0.txt,torus_2.9,2.9,torus,0,0.05,0,0,C:\workspace\projects\SST-Workbench\KnotPlot\knots\final\torus_2.9_final.txt,d5de6920f0885d8db8a98a00f60f25b99008882d816d183c7322c8416246948c,true,0.8890269232902702,192,2.1839189795829874,39.84108001646591,0.09236534699887694,0.7125118153503577
torus_2.9/torus_2p9_q0p02_h0_p0.txt,torus_2.9,2.9,torus,0.02,0,0,0,C:\workspace\projects\SST-Workbench\KnotPlot\knots\final\torus_2.9_final.txt,d5de6920f0885d8db8a98a00f60f25b99008882d816d183c7322c8416246948c,true,0.9705702663694121,192,2.309606324269207,41.04854016415955,0.03556900884910777,0.7778648365974841
torus_2.9/torus_2p9_q0p05_h0_p0.txt,torus_2.9,2.9,torus,0.05,0,0,0,C:\workspace\projects\SST-Workbench\KnotPlot\knots\final\torus_2.9_final.txt,d5de6920f0885d8db8a98a00f60f25b99008882d816d183c7322c8416246948c,true,0.9216411510958492,192,2.369781088470262,42.499153558424894,0.08495254523765731,0.7386505317955242
torus_3.3/torus_3p3_qm0p05_h0_p0.txt,torus_3.3,3.3,torus,-0.05,0,0,0,C:\workspace\projects\SST-Workbench\KnotPlot\knots\final\torus_3.3_final.txt,61b9e1f84f79883b7e94d69db26ebeb5b005dea9c4612fe6f77b3709636c1e47,true,1.5331354573762703,192,1.2842397565387116,32.15126286715774,0.05825065276165047,0.06783492809350107
torus_3.3/torus_3p3_qm0p02_h0_p0.txt,torus_3.3,3.3,torus,-0.02,0,0,0,C:\workspace\projects\SST-Workbench\KnotPlot\knots\final\torus_3.3_final.txt,61b9e1f84f79883b7e94d69db26ebeb5b005dea9c4612fe6f77b3709636c1e47,true,1.6430478779709323,192,1.3213157444049302,33.231753467398356,0.02489862891737552,0.07269809991028313
torus_3.3/torus_3p3_q0_hm0p05_p0.txt,torus_3.3,3.3,torus,0,-0.05,0,0,C:\workspace\projects\SST-Workbench\KnotPlot\knots\final\torus_3.3_final.txt,61b9e1f84f79883b7e94d69db26ebeb5b005dea9c4612fe6f77b3709636c1e47,false,0.4029537765617132,192,1.381123875513314,34.99864726098701,0.0501782134875987,0.01782904460695672
torus_3.3/torus_3p3_q0_hm0p02_p0.txt,torus_3.3,3.3,torus,0,-0.02,0,0,C:\workspace\projects\SST-Workbench\KnotPlot\knots\final\torus_3.3_final.txt,61b9e1f84f79883b7e94d69db26ebeb5b005dea9c4612fe6f77b3709636c1e47,false,0.44936903523440946,192,1.3598411154681305,34.36677420258532,0.019586845077767055,0.01988272859120943
torus_3.3/torus_3p3_q0_h0_pm0p05.txt,torus_3.3,3.3,torus,0,0,-0.05,0,C:\workspace\projects\SST-Workbench\KnotPlot\knots\final\torus_3.3_final.txt,61b9e1f84f79883b7e94d69db26ebeb5b005dea9c4612fe6f77b3709636c1e47,true,1.5379929216650303,192,1.34781487496712,34.18069177322724,0.05894643547135919,0.06804985087749871
torus_3.3/torus_3p3_q0_h0_pm0p02.txt,torus_3.3,3.3,torus,0,0,-0.02,0,C:\workspace\projects\SST-Workbench\KnotPlot\knots\final\torus_3.3_final.txt,61b9e1f84f79883b7e94d69db26ebeb5b005dea9c4612fe6f77b3709636c1e47,true,0.9152036401868571,192,1.3464071375320878,33.99782071656942,0.025386823698888002,0.04049399081098233
torus_3.3/torus_3p3_q0_h0_p0.txt,torus_3.3,3.3,torus,0.0,0.0,0.0,0,C:\workspace\projects\SST-Workbench\KnotPlot\knots\final\torus_3.3_final.txt,61b9e1f84f79883b7e94d69db26ebeb5b005dea9c4612fe6f77b3709636c1e47,true,1.0,192,1.3461388297332249,33.96404276973628,0.005464183939720158,0.044245880406151655
torus_3.3/torus_3p3_q0_h0_p0p02.txt,torus_3.3,3.3,torus,0,0,0.02,0,C:\workspace\projects\SST-Workbench\KnotPlot\knots\final\torus_3.3_final.txt,61b9e1f84f79883b7e94d69db26ebeb5b005dea9c4612fe6f77b3709636c1e47,true,1.1710104118796236,192,1.34640713634488,33.99687432973013,0.02646503360280956,0.051812386638384215
torus_3.3/torus_3p3_q0_h0_p0p05.txt,torus_3.3,3.3,torus,0,0,0.05,0,C:\workspace\projects\SST-Workbench\KnotPlot\knots\final\torus_3.3_final.txt,61b9e1f84f79883b7e94d69db26ebeb5b005dea9c4612fe6f77b3709636c1e47,true,1.664058595088365,192,1.3478148720022,34.16756192241064,0.0651654934735012,0.07362773758710854
torus_3.3/torus_3p3_q0_h0p02_p0.txt,torus_3.3,3.3,torus,0,0.02,0,0,C:\workspace\projects\SST-Workbench\KnotPlot\knots\final\torus_3.3_final.txt,61b9e1f84f79883b7e94d69db26ebeb5b005dea9c4612fe6f77b3709636c1e47,true,1.5542077383182205,192,1.3328395666005592,33.57744317345522,0.02377872817292677,0.06876728971594342
torus_3.3/torus_3p3_q0_h0p05_p0.txt,torus_3.3,3.3,torus,0,0.05,0,0,C:\workspace\projects\SST-Workbench\KnotPlot\knots\final\torus_3.3_final.txt,61b9e1f84f79883b7e94d69db26ebeb5b005dea9c4612fe6f77b3709636c1e47,true,1.7755173490343437,192,1.3136730137133856,33.03121541619919,0.05510431541570086,0.078559328284421
torus_3.3/torus_3p3_q0p02_h0_p0.txt,torus_3.3,3.3,torus,0.02,0,0,0,C:\workspace\projects\SST-Workbench\KnotPlot\knots\final\torus_3.3_final.txt,61b9e1f84f79883b7e94d69db26ebeb5b005dea9c4612fe6f77b3709636c1e47,false,0.3665584303817421,192,1.3710411639387292,34.70350325141031,0.020111927604107162,0.016218700472537227
torus_3.3/torus_3p3_q0p05_h0_p0.txt,torus_3.3,3.3,torus,0.05,0,0,0,C:\workspace\projects\SST-Workbench\KnotPlot\knots\final\torus_3.3_final.txt,61b9e1f84f79883b7e94d69db26ebeb5b005dea9c4612fe6f77b3709636c1e47,false,0.6318150267943782,192,1.408534058615512,35.82316624092201,0.051301799830239504,0.02795521211435356
torus_3.6/torus_3p6_qm0p05_h0_p0.txt,torus_3.6,3.6,torus,-0.05,0,0,0,C:\workspace\projects\SST-Workbench\KnotPlot\knots\final\torus_3.6_final.txt,0254682e358105a5376bdea998483dee24401bebfd1c622ccb9f2c12466116b2,false,0.6050790394791113,192,1.7745298075262086,47.65093841833129,0.06505660350374393,0.052866238615621015
torus_3.6/torus_3p6_qm0p02_h0_p0.txt,torus_3.6,3.6,torus,-0.02,0,0,0,C:\workspace\projects\SST-Workbench\KnotPlot\knots\final\torus_3.6_final.txt,0254682e358105a5376bdea998483dee24401bebfd1c622ccb9f2c12466116b2,true,0.7959044170669372,192,1.8257131086048402,49.17975933123681,0.04453809777041004,0.06953880416037782
torus_3.6/torus_3p6_q0_hm0p05_p0.txt,torus_3.6,3.6,torus,0,-0.05,0,0,C:\workspace\projects\SST-Workbench\KnotPlot\knots\final\torus_3.6_final.txt,0254682e358105a5376bdea998483dee24401bebfd1c622ccb9f2c12466116b2,true,1.5464767376347064,192,1.923281383233565,51.32911133275864,0.06051106729005197,0.13511690686837274
torus_3.6/torus_3p6_q0_hm0p02_p0.txt,torus_3.6,3.6,torus,0,-0.02,0,0,C:\workspace\projects\SST-Workbench\KnotPlot\knots\final\torus_3.6_final.txt,0254682e358105a5376bdea998483dee24401bebfd1c622ccb9f2c12466116b2,true,1.208929461787842,192,1.8850067348449742,50.645475312568315,0.03632225239147105,0.10562513196846031
torus_3.6/torus_3p6_q0_h0_pm0p05.txt,torus_3.6,3.6,torus,0,0,-0.05,0,C:\workspace\projects\SST-Workbench\KnotPlot\knots\final\torus_3.6_final.txt,0254682e358105a5376bdea998483dee24401bebfd1c622ccb9f2c12466116b2,false,0.4283115346470204,192,1.8614068974846918,50.62161421865881,0.04299497663388288,0.03742192063364955
torus_3.6/torus_3p6_q0_h0_pm0p02.txt,torus_3.6,3.6,torus,0,0,-0.02,0,C:\workspace\projects\SST-Workbench\KnotPlot\knots\final\torus_3.6_final.txt,0254682e358105a5376bdea998483dee24401bebfd1c622ccb9f2c12466116b2,true,0.9079288987813292,192,1.859994650255333,50.34108461613235,0.029713313144239455,0.07932647253871498
torus_3.6/torus_3p6_q0_h0_p0.txt,torus_3.6,3.6,torus,0.0,0.0,0.0,0,C:\workspace\projects\SST-Workbench\KnotPlot\knots\final\torus_3.6_final.txt,0254682e358105a5376bdea998483dee24401bebfd1c622ccb9f2c12466116b2,true,0.9999999999999996,192,1.8599826466792968,50.24309996865307,0.03463089955228068,0.08737079813759777
torus_3.6/torus_3p6_q0_h0_p0p02.txt,torus_3.6,3.6,torus,0,0,0.02,0,C:\workspace\projects\SST-Workbench\KnotPlot\knots\final\torus_3.6_final.txt,0254682e358105a5376bdea998483dee24401bebfd1c622ccb9f2c12466116b2,true,0.8103793759307066,192,1.8607143855627737,50.217613904789744,0.047577435743686836,0.07080349286931426
torus_3.6/torus_3p6_q0_h0_p0p05.txt,torus_3.6,3.6,torus,0,0,0.05,0,C:\workspace\projects\SST-Workbench\KnotPlot\knots\final\torus_3.6_final.txt,0254682e358105a5376bdea998483dee24401bebfd1c622ccb9f2c12466116b2,true,0.7820634985313546,192,1.8632043506169864,50.32353304790714,0.07015540498734067,0.0683295120609665
torus_3.6/torus_3p6_q0_h0p02_p0.txt,torus_3.6,3.6,torus,0,0.02,0,0,C:\workspace\projects\SST-Workbench\KnotPlot\knots\final\torus_3.6_final.txt,0254682e358105a5376bdea998483dee24401bebfd1c622ccb9f2c12466116b2,true,0.8156738267677691,192,1.835371266677521,49.88916975666671,0.04603830152041442,0.07126607326464868
torus_3.6/torus_3p6_q0_h0p05_p0.txt,torus_3.6,3.6,torus,0,0.05,0,0,C:\workspace\projects\SST-Workbench\KnotPlot\knots\final\torus_3.6_final.txt,0254682e358105a5376bdea998483dee24401bebfd1c622ccb9f2c12466116b2,false,0.6333432483919156,192,1.7992649942210177,49.462461301105506,0.07128118375776812,0.05533570510706052
torus_3.6/torus_3p6_q0p02_h0_p0.txt,torus_3.6,3.6,torus,0.02,0,0,0,C:\workspace\projects\SST-Workbench\KnotPlot\knots\final\torus_3.6_final.txt,0254682e358105a5376bdea998483dee24401bebfd1c622ccb9f2c12466116b2,true,1.2317394398005441,192,1.8943625948166827,51.333274418911586,0.033827272888045413,0.10761805795293115
torus_3.6/torus_3p6_q0p05_h0_p0.txt,torus_3.6,3.6,torus,0.05,0,0,0,C:\workspace\projects\SST-Workbench\KnotPlot\knots\final\torus_3.6_final.txt,0254682e358105a5376bdea998483dee24401bebfd1c622ccb9f2c12466116b2,true,1.5515618972336505,192,1.9461267307325125,53.0057327523987,0.05096951266465382,0.13556120132118954
torus_3.9/torus_3p9_qm0p05_h0_p0.txt,torus_3.9,3.9,torus,-0.05,0,0,0,C:\workspace\projects\SST-Workbench\KnotPlot\knots\final\torus_3.9_final.txt,80f4e30e84f1b7613886097efb938a8158fc497306e60aed2579a330d245a4f0,true,1.6095480598891214,192,2.0043754105081875,58.42594189962948,0.0795559984980035,0.09411334786779078
torus_3.9/torus_3p9_qm0p02_h0_p0.txt,torus_3.9,3.9,torus,-0.02,0,0,0,C:\workspace\projects\SST-Workbench\KnotPlot\knots\final\torus_3.9_final.txt,80f4e30e84f1b7613886097efb938a8158fc497306e60aed2579a330d245a4f0,true,1.4665952210983062,192,2.0599269392655115,60.43150004963033,0.04373875651578018,0.08575462247083991
torus_3.9/torus_3p9_q0_hm0p05_p0.txt,torus_3.9,3.9,torus,0,-0.05,0,0,C:\workspace\projects\SST-Workbench\KnotPlot\knots\final\torus_3.9_final.txt,80f4e30e84f1b7613886097efb938a8158fc497306e60aed2579a330d245a4f0,true,1.129046553216492,192,2.1667400682420896,62.855337180708986,0.06883717079619088,0.06601750744188017
torus_3.9/torus_3p9_q0_hm0p02_p0.txt,torus_3.9,3.9,torus,0,-0.02,0,0,C:\workspace\projects\SST-Workbench\KnotPlot\knots\final\torus_3.9_final.txt,80f4e30e84f1b7613886097efb938a8158fc497306e60aed2579a330d245a4f0,false,0.6666629325288446,192,2.1246636617624106,62.16759193334708,0.03285968597501627,0.03898105439856878
torus_3.9/torus_3p9_q0_h0_pm0p05.txt,torus_3.9,3.9,torus,0,0,-0.05,0,C:\workspace\projects\SST-Workbench\KnotPlot\knots\final\torus_3.9_final.txt,80f4e30e84f1b7613886097efb938a8158fc497306e60aed2579a330d245a4f0,true,1.8417632733832954,192,2.0973739395938584,61.99125156515339,0.05202760170145865,0.10769141472543778
torus_3.9/torus_3p9_q0_h0_pm0p02.txt,torus_3.9,3.9,torus,0,0,-0.02,0,C:\workspace\projects\SST-Workbench\KnotPlot\knots\final\torus_3.9_final.txt,80f4e30e84f1b7613886097efb938a8158fc497306e60aed2579a330d245a4f0,true,1.3863409282384636,192,2.096635779419902,61.8145552472812,0.03450744178196213,0.08106200075296324
torus_3.9/torus_3p9_q0_h0_p0.txt,torus_3.9,3.9,torus,0.0,0.0,0.0,0,C:\workspace\projects\SST-Workbench\KnotPlot\knots\final\torus_3.9_final.txt,80f4e30e84f1b7613886097efb938a8158fc497306e60aed2579a330d245a4f0,true,1.0,192,2.097192366091331,61.805161471429315,0.02768836354957717,0.058471909111104184
torus_3.9/torus_3p9_q0_h0_p0p02.txt,torus_3.9,3.9,torus,0,0,0.02,0,C:\workspace\projects\SST-Workbench\KnotPlot\knots\final\torus_3.9_final.txt,80f4e30e84f1b7613886097efb938a8158fc497306e60aed2579a330d245a4f0,true,0.8696459588728002,192,2.09858727548358,61.88329976022603,0.02819001892933518,0.05084985946604942
torus_3.9/torus_3p9_q0_h0_p0p05.txt,torus_3.9,3.9,torus,0,0,0.05,0,C:\workspace\projects\SST-Workbench\KnotPlot\knots\final\torus_3.9_final.txt,80f4e30e84f1b7613886097efb938a8158fc497306e60aed2579a330d245a4f0,true,1.289334170321503,192,2.1022475700264716,62.164637844153546,0.04059193525013448,0.07538983042087985
torus_3.9/torus_3p9_q0_h0p02_p0.txt,torus_3.9,3.9,torus,0,0.02,0,0,C:\workspace\projects\SST-Workbench\KnotPlot\knots\final\torus_3.9_final.txt,80f4e30e84f1b7613886097efb938a8158fc497306e60aed2579a330d245a4f0,true,1.5629584694495626,192,2.0702063664698045,61.52397451714106,0.04627955223188395,0.09138916557008533
torus_3.9/torus_3p9_q0_h0p05_p0.txt,torus_3.9,3.9,torus,0,0.05,0,0,C:\workspace\projects\SST-Workbench\KnotPlot\knots\final\torus_3.9_final.txt,80f4e30e84f1b7613886097efb938a8158fc497306e60aed2579a330d245a4f0,true,1.710575597927281,192,2.0306795251151453,61.26345881989737,0.08499401006663843,0.10002062088967667
torus_3.9/torus_3p9_q0p02_h0_p0.txt,torus_3.9,3.9,torus,0.02,0,0,0,C:\workspace\projects\SST-Workbench\KnotPlot\knots\final\torus_3.9_final.txt,80f4e30e84f1b7613886097efb938a8158fc497306e60aed2579a330d245a4f0,true,0.7354875607795013,192,2.1346313642334964,63.20485775175104,0.029819540422672874,0.043005361806246714
torus_3.9/torus_3p9_q0p05_h0_p0.txt,torus_3.9,3.9,torus,0.05,0,0,0,C:\workspace\projects\SST-Workbench\KnotPlot\knots\final\torus_3.9_final.txt,80f4e30e84f1b7613886097efb938a8158fc497306e60aed2579a330d245a4f0,true,1.0721760268476315,192,2.191095833457272,65.34801968737091,0.05615508250718316,0.06269217919293951
torus_6.15/torus_6p15_qm0p05_h0_p0.txt,torus_6.15,6.15,torus,-0.05,0,0,0,C:\workspace\projects\SST-Workbench\KnotPlot\knots\final\torus_6.15_final.txt,f3ecc9b446954f6f78074fdbb4d70ace8e7c4c5526628b66779a5671a9ddba21,true,0.8171769665576551,192,3.2055795606998965,147.52247514626708,0.0551608426058303,0.10527538575690928
torus_6.15/torus_6p15_qm0p02_h0_p0.txt,torus_6.15,6.15,torus,-0.02,0,0,0,C:\workspace\projects\SST-Workbench\KnotPlot\knots\final\torus_6.15_final.txt,f3ecc9b446954f6f78074fdbb4d70ace8e7c4c5526628b66779a5671a9ddba21,true,0.8915516491929252,192,3.297577278993718,152.47056024995862,0.030095399172071602,0.11485693752036483
torus_6.15/torus_6p15_q0_hm0p05_p0.txt,torus_6.15,6.15,torus,0,-0.05,0,0,C:\workspace\projects\SST-Workbench\KnotPlot\knots\final\torus_6.15_final.txt,f3ecc9b446954f6f78074fdbb4d70ace8e7c4c5526628b66779a5671a9ddba21,true,0.9995488713760907,192,3.4837401857956127,159.6233052250211,0.05278323537238149,0.12877001839671529
torus_6.15/torus_6p15_q0_hm0p02_p0.txt,torus_6.15,6.15,torus,0,-0.02,0,0,C:\workspace\projects\SST-Workbench\KnotPlot\knots\final\torus_6.15_final.txt,f3ecc9b446954f6f78074fdbb4d70ace8e7c4c5526628b66779a5671a9ddba21,true,1.1086498191433043,192,3.40856245919618,157.25598535863168,0.027338804004604016,0.14282529018321816
torus_6.15/torus_6p15_q0_h0_pm0p05.txt,torus_6.15,6.15,torus,0,0,-0.05,0,C:\workspace\projects\SST-Workbench\KnotPlot\knots\final\torus_6.15_final.txt,f3ecc9b446954f6f78074fdbb4d70ace8e7c4c5526628b66779a5671a9ddba21,true,1.7718219604786356,192,3.3609190954223473,156.5505925026456,0.03889947309242664,0.22826052130140556
torus_6.15/torus_6p15_q0_h0_pm0p02.txt,torus_6.15,6.15,torus,0,0,-0.02,0,C:\workspace\projects\SST-Workbench\KnotPlot\knots\final\torus_6.15_final.txt,f3ecc9b446954f6f78074fdbb4d70ace8e7c4c5526628b66779a5671a9ddba21,true,1.2601727982464437,192,3.3588741146982253,155.96402721996202,0.02344518878496835,0.16234571321143337
torus_6.15/torus_6p15_q0_h0_p0.txt,torus_6.15,6.15,torus,0.0,0.0,0.0,0,C:\workspace\projects\SST-Workbench\KnotPlot\knots\final\torus_6.15_final.txt,f3ecc9b446954f6f78074fdbb4d70ace8e7c4c5526628b66779a5671a9ddba21,true,1.0,192,3.3591888514054826,155.81756544801448,0.020785586491561144,0.12882813645663577
torus_6.15/torus_6p15_q0_h0_p0p02.txt,torus_6.15,6.15,torus,0,0,0.02,0,C:\workspace\projects\SST-Workbench\KnotPlot\knots\final\torus_6.15_final.txt,f3ecc9b446954f6f78074fdbb4d70ace8e7c4c5526628b66779a5671a9ddba21,true,0.8768725725237165,192,3.360845828450959,155.86896456781085,0.02683903691765659,0.1129658594281666
torus_6.15/torus_6p15_q0_h0_p0p05.txt,torus_6.15,6.15,torus,0,0,0.05,0,C:\workspace\projects\SST-Workbench\KnotPlot\knots\final\torus_6.15_final.txt,f3ecc9b446954f6f78074fdbb4d70ace8e7c4c5526628b66779a5671a9ddba21,true,0.9992584477953671,192,3.3658432192454586,156.31899371510858,0.04327466609352023,0.1287326036680276
torus_6.15/torus_6p15_q0_h0p02_p0.txt,torus_6.15,6.15,torus,0,0.02,0,0,C:\workspace\projects\SST-Workbench\KnotPlot\knots\final\torus_6.15_final.txt,f3ecc9b446954f6f78074fdbb4d70ace8e7c4c5526628b66779a5671a9ddba21,true,0.9267116740983885,192,3.3104422984817234,154.4965914457104,0.031382012879946186,0.11938653800670457
torus_6.15/torus_6p15_q0_h0p05_p0.txt,torus_6.15,6.15,torus,0,0.05,0,0,C:\workspace\projects\SST-Workbench\KnotPlot\knots\final\torus_6.15_final.txt,f3ecc9b446954f6f78074fdbb4d70ace8e7c4c5526628b66779a5671a9ddba21,true,0.9009976945139446,192,3.2385600373415757,152.74708905960702,0.05886783434867052,0.11607385393595669
torus_6.15/torus_6p15_q0p02_h0_p0.txt,torus_6.15,6.15,torus,0.02,0,0,0,C:\workspace\projects\SST-Workbench\KnotPlot\knots\final\torus_6.15_final.txt,f3ecc9b446954f6f78074fdbb4d70ace8e7c4c5526628b66779a5671a9ddba21,true,1.140817646723236,192,3.421010130864451,159.1996993469342,0.024941806333607073,0.14696941146419915
torus_6.15/torus_6p15_q0p05_h0_p0.txt,torus_6.15,6.15,torus,0.05,0,0,0,C:\workspace\projects\SST-Workbench\KnotPlot\knots\final\torus_6.15_final.txt,f3ecc9b446954f6f78074fdbb4d70ace8e7c4c5526628b66779a5671a9ddba21,true,0.9405488883821793,192,3.514111030023231,164.33307867376078,0.04459117136668195,0.12116916053663648
torus_6.21/torus_6p21_qm0p05_h0_p0.txt,torus_6.21,6.21,torus,-0.05,0,0,0,C:\workspace\projects\SST-Workbench\KnotPlot\knots\final\torus_6.21_final.txt,f024fd71d0051b32d2bed8eb714a288b5299589734f8aad1ae51224bc0513f24,true,0.8272966170534878,192,4.665508374868333,215.36954019498046,0.07678020131753376,0.3013199330738053
torus_6.21/torus_6p21_qm0p02_h0_p0.txt,torus_6.21,6.21,torus,-0.02,0,0,0,C:\workspace\projects\SST-Workbench\KnotPlot\knots\final\torus_6.21_final.txt,f024fd71d0051b32d2bed8eb714a288b5299589734f8aad1ae51224bc0513f24,true,0.9299740868234503,192,4.798172134257144,222.69051570449906,0.03522203841042675,0.3387173642750409
torus_6.21/torus_6p21_q0_hm0p05_p0.txt,torus_6.21,6.21,torus,0,-0.05,0,0,C:\workspace\projects\SST-Workbench\KnotPlot\knots\final\torus_6.21_final.txt,f024fd71d0051b32d2bed8eb714a288b5299589734f8aad1ae51224bc0513f24,true,1.1471049384813945,192,5.09057463622484,234.47762982244808,0.059211894977919545,0.417801277276948
torus_6.21/torus_6p21_q0_hm0p02_p0.txt,torus_6.21,6.21,torus,0,-0.02,0,0,C:\workspace\projects\SST-Workbench\KnotPlot\knots\final\torus_6.21_final.txt,f024fd71d0051b32d2bed8eb714a288b5299589734f8aad1ae51224bc0513f24,true,1.0587698750172096,192,4.96802259494765,230.23449168641517,0.02178125179503379,0.3856276712662061
torus_6.21/torus_6p21_q0_h0_pm0p05.txt,torus_6.21,6.21,torus,0,0,-0.05,0,C:\workspace\projects\SST-Workbench\KnotPlot\knots\final\torus_6.21_final.txt,f024fd71d0051b32d2bed8eb714a288b5299589734f8aad1ae51224bc0513f24,true,1.1051744257420484,192,4.887987063517341,229.44856791516767,0.029163123367502278,0.4025292466268417
torus_6.21/torus_6p21_q0_h0_pm0p02.txt,torus_6.21,6.21,torus,0,0,-0.02,0,C:\workspace\projects\SST-Workbench\KnotPlot\knots\final\torus_6.21_final.txt,f024fd71d0051b32d2bed8eb714a288b5299589734f8aad1ae51224bc0513f24,true,0.9804423902497555,192,4.885963073619861,228.01634621298678,0.011813162209983437,0.35709904926841685
torus_6.21/torus_6p21_q0_h0_p0.txt,torus_6.21,6.21,torus,0.0,0.0,0.0,0,C:\workspace\projects\SST-Workbench\KnotPlot\knots\final\torus_6.21_final.txt,f024fd71d0051b32d2bed8eb714a288b5299589734f8aad1ae51224bc0513f24,true,1.0,192,4.887057382832098,227.66032657534683,0.011164900080303944,0.3642223682081415
torus_6.21/torus_6p21_q0_h0_p0p02.txt,torus_6.21,6.21,torus,0,0,0.02,0,C:\workspace\projects\SST-Workbench\KnotPlot\knots\final\torus_6.21_final.txt,f024fd71d0051b32d2bed8eb714a288b5299589734f8aad1ae51224bc0513f24,true,1.03593024096199,192,4.890105411458597,227.79449506878152,0.020286399052940676,0.37730896566160665
torus_6.21/torus_6p21_q0_h0_p0p05.txt,torus_6.21,6.21,torus,0,0,0.05,0,C:\workspace\projects\SST-Workbench\KnotPlot\knots\final\torus_6.21_final.txt,f024fd71d0051b32d2bed8eb714a288b5299589734f8aad1ae51224bc0513f24,true,1.1065972795582952,192,4.898332060927722,228.9253747608579,0.035765296193116546,0.40304748181340916
torus_6.21/torus_6p21_q0_h0p02_p0.txt,torus_6.21,6.21,torus,0,0.02,0,0,C:\workspace\projects\SST-Workbench\KnotPlot\knots\final\torus_6.21_final.txt,f024fd71d0051b32d2bed8eb714a288b5299589734f8aad1ae51224bc0513f24,true,0.9413472696289684,192,4.806715840910353,225.30844069560993,0.03366741373512678,0.3428597318505308
torus_6.21/torus_6p21_q0_h0p05_p0.txt,torus_6.21,6.21,torus,0,0.05,0,0,C:\workspace\projects\SST-Workbench\KnotPlot\knots\final\torus_6.21_final.txt,f024fd71d0051b32d2bed8eb714a288b5299589734f8aad1ae51224bc0513f24,true,0.8536406295235086,192,4.687442992223588,222.23847506617534,0.07164128795166545,0.3109150116837411
torus_6.21/torus_6p21_q0p02_h0_p0.txt,torus_6.21,6.21,torus,0.02,0,0,0,C:\workspace\projects\SST-Workbench\KnotPlot\knots\final\torus_6.21_final.txt,f024fd71d0051b32d2bed8eb714a288b5299589734f8aad1ae51224bc0513f24,true,1.0719783970629764,192,4.9762746934429245,232.69381204882455,0.019907927908459324,0.3904385104462447
torus_6.21/torus_6p21_q0p05_h0_p0.txt,torus_6.21,6.21,torus,0.05,0,0,0,C:\workspace\projects\SST-Workbench\KnotPlot\knots\final\torus_6.21_final.txt,f024fd71d0051b32d2bed8eb714a288b5299589734f8aad1ae51224bc0513f24,true,1.1828247949499133,192,5.110685216540277,240.3517579898397,0.05530876443357421,0.4308112479919668
torus_6.9/torus_6p9_qm0p05_h0_p0.txt,torus_6.9,6.9,torus,-0.05,0,0,0,C:\workspace\projects\SST-Workbench\KnotPlot\knots\final\torus_6.9_final.txt,fc915c04a6cf2946d0a7d4b9a53c42aba018557b1db35b76d60b5b3102b94734,true,1.778001803339467,192,2.643453956365804,111.57567610715856,0.03875020202876658,0.15096603158554614
torus_6.9/torus_6p9_qm0p02_h0_p0.txt,torus_6.9,6.9,torus,-0.02,0,0,0,C:\workspace\projects\SST-Workbench\KnotPlot\knots\final\torus_6.9_final.txt,fc915c04a6cf2946d0a7d4b9a53c42aba018557b1db35b76d60b5b3102b94734,true,1.5851723636916295,192,2.721770785209223,115.26386073604236,0.01972577857130684,0.1345933286884948
torus_6.9/torus_6p9_q0_hm0p05_p0.txt,torus_6.9,6.9,torus,0,-0.05,0,0,C:\workspace\projects\SST-Workbench\KnotPlot\knots\final\torus_6.9_final.txt,fc915c04a6cf2946d0a7d4b9a53c42aba018557b1db35b76d60b5b3102b94734,false,0.44423250673246856,192,2.868281817859481,121.07646402227685,0.03736477326315657,0.03771875738075161
torus_6.9/torus_6p9_q0_hm0p02_p0.txt,torus_6.9,6.9,torus,0,-0.02,0,0,C:\workspace\projects\SST-Workbench\KnotPlot\knots\final\torus_6.9_final.txt,fc915c04a6cf2946d0a7d4b9a53c42aba018557b1db35b76d60b5b3102b94734,false,0.517203815603611,192,2.8113543053184165,119.03554840805359,0.016302071307082583,0.04391458288508393
torus_6.9/torus_6p9_q0_h0_pm0p05.txt,torus_6.9,6.9,torus,0,0,-0.05,0,C:\workspace\projects\SST-Workbench\KnotPlot\knots\final\torus_6.9_final.txt,fc915c04a6cf2946d0a7d4b9a53c42aba018557b1db35b76d60b5b3102b94734,true,1.721000475049512,192,2.7778032381347133,118.26083272842524,0.03608034440767281,0.14612618029243896
torus_6.9/torus_6p9_q0_h0_pm0p02.txt,torus_6.9,6.9,torus,0,0,-0.02,0,C:\workspace\projects\SST-Workbench\KnotPlot\knots\final\torus_6.9_final.txt,fc915c04a6cf2946d0a7d4b9a53c42aba018557b1db35b76d60b5b3102b94734,true,1.2168062933090373,192,2.774774315203467,117.87332448243193,0.016249399178386255,0.10331621540774726
torus_6.9/torus_6p9_q0_h0_p0.txt,torus_6.9,6.9,torus,0.0,0.0,0.0,0,C:\workspace\projects\SST-Workbench\KnotPlot\knots\final\torus_6.9_final.txt,fc915c04a6cf2946d0a7d4b9a53c42aba018557b1db35b76d60b5b3102b94734,true,1.0,192,2.7741405981444105,117.75749330193145,0.010306619935632047,0.0849076931766884
torus_6.9/torus_6p9_q0_h0_p0p02.txt,torus_6.9,6.9,torus,0,0,0.02,0,C:\workspace\projects\SST-Workbench\KnotPlot\knots\final\torus_6.9_final.txt,fc915c04a6cf2946d0a7d4b9a53c42aba018557b1db35b76d60b5b3102b94734,true,1.2018888283776723,192,2.774616412825987,117.75553754386578,0.01975035894112983,0.10204960787238092
torus_6.9/torus_6p9_q0_h0_p0p05.txt,torus_6.9,6.9,torus,0,0,0.05,0,C:\workspace\projects\SST-Workbench\KnotPlot\knots\final\torus_6.9_final.txt,fc915c04a6cf2946d0a7d4b9a53c42aba018557b1db35b76d60b5b3102b94734,true,1.5897809301775823,192,2.777408895862813,117.96518117390245,0.04066585837994266,0.13498463143766845
torus_6.9/torus_6p9_q0_h0p02_p0.txt,torus_6.9,6.9,torus,0,0.02,0,0,C:\workspace\projects\SST-Workbench\KnotPlot\knots\final\torus_6.9_final.txt,fc915c04a6cf2946d0a7d4b9a53c42aba018557b1db35b76d60b5b3102b94734,true,1.5103255194312655,192,2.7375454101516996,116.54929097862696,0.02094725444981039,0.12823825580079243
torus_6.9/torus_6p9_q0_h0p05_p0.txt,torus_6.9,6.9,torus,0,0.05,0,0,C:\workspace\projects\SST-Workbench\KnotPlot\knots\final\torus_6.9_final.txt,fc915c04a6cf2946d0a7d4b9a53c42aba018557b1db35b76d60b5b3102b94734,true,1.923748480771232,192,2.683867581157626,114.87585798906012,0.043253984763769966,0.16334104575444422
torus_6.9/torus_6p9_q0p02_h0_p0.txt,torus_6.9,6.9,torus,0.02,0,0,0,C:\workspace\projects\SST-Workbench\KnotPlot\knots\final\torus_6.9_final.txt,fc915c04a6cf2946d0a7d4b9a53c42aba018557b1db35b76d60b5b3102b94734,false,0.4568457842718756,192,2.826629061269863,120.27522468561709,0.013025117206609663,0.03878972168002
torus_6.9/torus_6p9_q0p05_h0_p0.txt,torus_6.9,6.9,torus,0.05,0,0,0,C:\workspace\projects\SST-Workbench\KnotPlot\knots\final\torus_6.9_final.txt,fc915c04a6cf2946d0a7d4b9a53c42aba018557b1db35b76d60b5b3102b94734,false,0.6120001848876464,192,2.9055701551362185,124.09089196796835,0.029518307848885508,0.05196352392251686
