1 232 0
2 235 0
3 241 0
4 244 0
5 246 0
6 253 0
7 257 0
8 266 0
9 274 0
10 275 0
11 281 0
12 287 0
13 291 0
14 292 0
15 297 0
16 300 0
17 303 0
18 310 0
19 317 0
20 322 0
21 325 0
22 329 0
23 332 0
24 334 0
25 337 0
26 343 0
27 349 0
28 355 0
29 359 0
30 358 0
31 363 0
32 371 0
33 376 0
34 381 0
35 387 0
36 390 0
37 392 0
38 392 0
39 396 0
40 401 0
41 402 0
42 405 0
43 410 0
44 414 0
45 417 0
46 418 0
47 421 0
48 423 0
49 428 0
50 434 0
51 435 0
52 442 0
53 444 0
54 446 0
55 452 0
56 455 0
57 460 0
58 464 0
59 468 0
60 474 0
61 480 0
62 482 0
63 489 0
64 491 0
65 494 0
66 494 1
67 495 1
68 499 1
69 503 1
70 504 1
71 510 1
72 512 1
73 518 1
74 523 1
75 527 1
76 532 1
77 538 1
78 543 1
79 548 1
80 550 1
81 548 1
82 553 1
83 557 1
84 561 1
85 564 1
86 566 1
87 566 1
88 569 1
89 565 1
90 577 2
91 569 2
92 581 2
93 582 2
94 586 3
95 585 3
96 586 4
97 570 4
98 595 5
99 586 5
100 598 6
101 579 6
102 595 6
103 572 6
104 598 6
105 586 6
106 600 6
107 605 6
108 536 6
109 598 6
110 580 6
111 598 6
112 591 6
113 599 6
114 492 6
115 598 6
116 600 6
117 607 7
118 485 6
119 555 7
120 603 7
121 596 7
122 604 7
123 603 7
124 601 7
125 606 7
126 580 7
127 591 7
128 596 7
129 587 7
130 603 7
131 594 7
132 610 6
133 610 7
134 607 7
135 611 8
136 607 8
137 615 8
138 595 8
139 610 8
140 618 8
141 594 8
142 608 8
143 593 7
144 602 8
145 606 8
146 620 7
147 613 7
148 623 7
149 626 8
150 615 8
151 626 8
152 630 8
153 625 8
154 626 8
155 630 8
156 594 8
157 1 0
158 2 0
159 3 0
160 4 0
161 5 0
162 6 0
163 7 0
164 8 0
165 9 0
166 10 0
167 11 0
168 12 0
169 13 0
170 14 0
171 16 0
172 18 0
173 19 0
174 21 0
175 22 0
176 23 0
177 24 0
178 25 0
179 26 0
180 27 0
181 30 0
182 31 0
183 33 0
184 34 0
185 35 0
186 36 0
187 37 0
188 40 0
189 41 0
190 42 0
191 44 0
192 45 0
193 47 0
194 48 0
195 50 0
196 52 0
197 55 0
198 57 0
199 58 0
200 61 0
201 62 0
202 64 0
203 67 0
204 68 0
205 73 0
206 76 0
207 78 0
208 79 0
209 80 0
210 82 0
211 84 0
212 85 0
213 89 0
214 91 0
215 92 0
216 95 0
217 96 0
218 101 0
219 104 0
220 107 0
221 109 0
222 111 0
223 114 0
224 116 0
225 122 0
226 127 0
227 128 0
228 132 0
229 135 0
230 138 0
231 139 0
232 140 0
233 142 0
234 149 0
235 150 0
236 151 0
237 157 0
238 163 0
239 166 0
240 171 0
241 171 0
242 173 0
243 176 0
244 176 0
245 175 0
246 180 0
247 188 0
248 192 0
249 196 0
250 201 0
251 204 0
252 205 0
253 210 0
254 215 0
255 216 0
256 218 0
257 220 0
258 222 0
259 223 0
260 227 0
261 228 1
262 421 1
263 459 2
264 508 2
265 524 3
266 551 3
267 569 3
268 560 3
269 580 4
270 576 4
271 589 5
272 587 5
273 600 6
274 596 7
275 603 7
276 608 7
277 567 7
278 605 7
279 447 6
280 505 6
281 616 6
282 621 7
283 282 2
284 321 4
285 416 3
286 446 4
287 485 5
288 492 6
289 567 7
290 606 7
291 614 7
292 617 7
293 619 7
294 622 7
295 623 7
296 624 7
297 626 7
298 628 7
299 628 7
300 625 7
301 612 7
302 602 7
303 621 7
304 620 7
305 614 7
306 1 0
307 2 0
308 3 0
309 4 0
310 5 0
311 6 0
312 8 0
313 10 0
314 11 0
315 12 0
316 13 0
317 14 0
318 15 0
319 16 0
320 17 0
321 18 0
322 20 0
323 21 0
324 22 0
325 23 0
326 24 0
327 25 0
328 26 0
329 27 0
330 29 0
331 30 0
332 32 0
333 35 0
334 37 0
335 38 0
336 41 0
337 42 0
338 44 0
339 45 0
340 46 0
341 48 0
342 50 0
343 51 0
344 52 0
345 55 0
346 57 0
347 60 0
348 63 0
349 65 0
350 69 0
351 72 0
352 73 0
353 79 0
354 81 0
355 83 0
356 84 0
357 86 0
358 91 0
359 93 0
360 95 0
361 99 0
362 102 0
363 106 0
364 108 0
365 112 0
366 117 0
367 120 0
368 127 0
369 130 0
370 135 0
371 139 0
372 140 0
373 141 0
374 144 0
375 147 0
376 151 0
377 157 0
378 161 0
379 167 0
380 172 0
381 177 0
382 180 0
383 181 0
384 187 0
385 190 0
386 194 0
387 199 0
388 201 0
389 205 0
390 209 0
391 211 0
392 215 0
393 218 0
394 221 0
395 224 0
396 228 0
397 230 0
398 232 0
399 239 0
400 243 0
401 248 0
402 250 0
403 250 1
404 282 1
405 415 1
406 455 1
407 464 2
408 499 2
409 521 2
410 549 3
411 567 3
412 580 4
413 546 4
414 593 5
415 572 5
416 607 5
417 611 5
418 554 5
419 578 6
420 613 6
421 501 5
422 520 6
423 608 6
424 606 5
425 619 6
426 576 6
427 617 6
428 619 7
429 518 6
430 527 7
431 617 6
432 627 7
433 574 5
434 586 7
435 628 6
436 632 7
437 577 6
438 622 6
439 625 7
440 503 5
441 516 6
442 647 4
443 652 5
444 652 6
445 636 6
446 639 6
447 645 7
448 546 6
449 0 0
450 1 0
451 2 0
452 3 0
453 4 0
454 6 0
455 7 0
456 8 0
457 9 0
458 11 0
459 12 0
460 14 0
461 15 0
462 16 0
463 17 0
464 18 0
465 19 0
466 20 0
467 21 0
468 22 0
469 23 0
470 25 0
471 26 0
472 28 0
473 29 0
474 30 0
475 32 0
476 33 0
477 34 0
478 36 0
479 37 0
480 39 0
481 43 0
482 44 0
483 45 0
484 47 0
485 50 0
486 51 0
487 53 0
488 56 0
489 58 0
490 61 0
491 66 0
492 69 0
493 76 0
494 79 0
495 80 0
496 82 0
497 84 0
498 87 0
499 90 0
500 92 0
501 97 0
502 101 0
503 106 0
504 111 0
505 114 0
506 115 0
507 116 0
508 119 0
509 127 0
510 130 0
511 131 0
512 134 0
513 137 0
514 142 0
515 148 0
516 149 0
517 154 0
518 159 0
519 163 0
520 168 0
521 170 0
522 177 0
523 190 0
524 196 0
525 201 0
526 204 0
527 206 0
528 207 0
529 212 0
530 217 0
531 221 0
532 225 0
533 234 0
534 238 0
535 246 0
536 254 0
537 255 0
538 259 0
539 261 0
540 266 0
541 269 0
542 277 0
543 283 0
544 288 0
545 296 0
546 301 0
547 305 0
548 308 0
549 312 0
550 316 0
551 321 0
552 324 0
553 332 0
554 337 0
555 342 0
556 349 0
557 351 0
558 351 1
559 419 1
560 446 1
561 447 2
562 493 2
563 522 2
564 540 2
565 540 3
566 550 4
567 564 4
568 556 5
569 576 5
570 552 5
571 596 5
572 598 6
573 606 5
574 608 6
575 312 3
576 343 4
577 430 5
578 600 4
579 610 5
580 571 5
581 629 5
582 617 5
583 624 5
584 579 5
585 620 4
586 620 5
587 607 4
588 617 5
589 622 5
590 533 4
591 555 5
592 638 5
593 601 5
594 653 5
595 654 5
596 652 5
597 635 5
598 648 5
599 634 5
600 1 0
601 2 0
602 3 0
603 4 0
604 5 0
605 6 0
606 7 0
607 8 0
608 9 0
609 10 0
610 12 0
611 13 0
612 24 0
613 35 0
614 43 0
615 55 0
616 78 0
617 91 0
618 116 0
619 154 0
620 189 0
621 221 0
622 269 0
623 301 0
624 330 0
625 377 0
626 383 1
627 404 1
628 435 1
629 463 1
630 478 1
631 494 1
632 502 1
633 502 2
634 515 2
635 522 3
636 544 3
637 554 3
638 560 4
639 571 5
640 575 5
641 584 5
642 579 5
643 594 5
644 595 5
645 603 5
646 600 4
647 604 5
648 575 5
649 601 5
650 588 5
651 603 6
652 527 6
653 601 6
654 597 6
655 605 6
656 602 5
657 605 6
658 605 6
659 608 6
660 516 5
661 537 6
662 593 6
663 606 6
664 595 6
665 600 6
666 606 6
667 564 5
668 572 6
669 606 6
670 610 6
671 599 5
672 611 6
673 601 6
674 616 6
675 619 6
676 619 6
677 618 6
678 614 6
679 0 0
680 1 0
681 2 0
682 3 0
683 4 0
684 5 0
685 6 0
686 7 0
687 8 0
688 9 0
689 10 0
690 11 0
691 12 0
692 13 0
693 14 0
694 15 0
695 16 0
696 18 0
697 19 0
698 20 0
699 23 0
700 24 0
701 26 0
702 27 0
703 29 0
704 32 0
705 33 0
706 35 0
707 36 0
708 39 0
709 40 0
710 41 0
711 42 0
712 44 0
713 45 0
714 48 0
715 50 0
716 53 0
717 56 0
718 57 0
719 58 0
720 59 0
721 63 0
722 67 0
723 69 0
724 73 0
725 76 0
726 79 0
727 83 0
728 85 0
729 86 0
730 90 0
731 92 0
732 94 0
733 98 0
734 104 0
735 107 0
736 112 0
737 115 0
738 116 0
739 120 0
740 123 0
741 124 0
742 125 0
743 130 0
744 134 0
745 137 0
746 139 0
747 143 0
748 148 0
749 153 0
750 158 0
751 160 0
752 164 0
753 165 0
754 170 0
755 174 0
756 178 0
757 184 0
758 187 0
759 193 0
760 195 0
761 197 0
762 202 0
763 204 0
764 206 0
765 209 0
766 212 0
767 217 0
768 224 0
769 225 0
770 228 0
771 229 0
772 231 0
773 232 0
774 234 0
775 239 0
776 245 0
777 250 0
778 253 0
779 255 0
780 258 0
781 259 0
782 262 0
783 264 0
784 269 0
785 273 0
786 278 0
787 283 0
788 286 0
789 291 0
790 293 0
791 298 0
792 300 0
793 304 0
794 308 0
795 311 0
796 311 0
797 315 0
798 318 0
799 320 0
800 324 0
801 328 0
802 329 0
803 332 0
804 335 0
805 338 0
806 343 0
807 346 0
808 347 0
809 349 0
810 351 0
811 355 0
812 360 0
813 364 0
814 367 0
815 370 0
816 376 0
817 379 0
818 383 0
819 387 0
820 395 0
821 395 1
822 397 1
823 400 1
824 405 1
825 410 1
826 414 1
827 418 1
828 421 1
829 424 1
830 426 1
831 433 1
832 439 1
833 441 1
834 446 1
835 447 1
836 453 1
837 455 1
838 458 1
839 460 1
840 463 1
841 469 1
842 473 1
843 475 1
844 476 1
845 476 2
846 491 1
847 496 2
848 517 3
849 527 3
850 537 4
851 546 5
852 549 5
853 559 6
854 403 6
855 585 5
856 600 6
857 570 6
858 607 6
859 584 6
860 614 6
861 612 6
862 619 6
863 618 6
864 617 6
865 619 6
866 613 6
867 597 6
868 611 7
869 600 7
870 629 7
871 628 7
872 634 7
873 622 7
874 629 7
875 644 7
876 648 7
877 649 7
878 652 7
879 650 7
880 649 7
881 640 7
882 641 7
883 1 0
884 1 0
885 2 0
886 3 0
887 4 0
888 5 0
889 6 0
890 7 0
891 8 0
892 9 0
893 10 0
894 11 0
895 12 0
896 13 0
897 14 0
898 15 0
899 16 0
900 18 0
901 19 0
902 20 0
903 21 0
904 23 0
905 25 0
906 27 0
907 28 0
908 32 0
909 36 0
910 38 0
911 39 0
912 43 0
913 45 0
914 48 0
915 49 0
916 52 0
917 53 0
918 56 0
919 57 0
920 62 0
921 63 0
922 66 0
923 68 0
924 70 0
925 71 0
926 72 0
927 75 0
928 77 0
929 81 0
930 86 0
931 88 0
932 91 0
933 94 0
934 96 0
935 100 0
936 103 0
937 104 0
938 106 0
939 113 0
940 118 0
941 123 0
942 128 0
943 132 0
944 135 0
945 138 0
946 143 0
947 148 0
948 152 0
949 158 0
950 168 0
951 173 0
952 180 0
953 182 0
954 187 0
955 193 0
956 200 0
957 205 0
958 209 0
959 213 0
960 217 0
961 219 0
962 223 0
963 225 0
964 227 0
965 236 0
966 237 0
967 240 0
968 247 0
969 250 0
970 256 0
971 265 0
972 270 0
973 275 0
974 281 0
975 284 0
976 288 0
977 289 0
978 297 0
979 301 0
980 304 0
981 307 0
982 312 0
983 317 0
984 320 0
985 327 0
986 331 0
987 333 0
988 341 0
989 343 0
990 348 0
991 354 0
992 362 0
993 366 0
994 367 0
995 370 0
996 381 0
997 387 0
998 390 0
999 393 0
1000 398 0
1001 401 0
1002 401 1
1003 444 1
1004 444 2
1005 462 2
1006 476 3
1007 497 3
1008 505 3
1009 516 3
1010 531 3
1011 532 4
1012 534 5
1013 535 5
1014 551 5
1015 556 5
1016 561 6
1017 556 6
1018 566 6
1019 572 6
1020 575 7
1021 566 7
1022 577 7
1023 583 7
1024 581 6
1025 592 2
1026 592 7
1027 585 7
1028 594 7
1029 591 7
1030 604 7
1031 594 7
1032 614 7
1033 603 7
1034 606 7
1035 610 7
1036 602 7
1037 617 7
1038 614 7
1039 614 7
1040 620 7
1041 609 7
1042 627 7
1043 586 6
1044 607 7
1045 602 6
1046 616 5
1047 630 6
1048 610 7
1049 636 6
1050 624 6
1051 635 6
1052 578 6
1053 1 0
1054 2 0
1055 3 0
1056 4 0
1057 5 0
1058 6 0
1059 8 0
1060 9 0
1061 10 0
1062 11 0
1063 12 0
1064 13 0
1065 14 0
1066 15 0
1067 16 0
1068 17 0
1069 18 0
1070 20 0
1071 21 0
1072 22 0
1073 24 0
1074 25 0
1075 27 0
1076 28 0
1077 29 0
1078 30 0
1079 32 0
1080 33 0
1081 34 0
1082 35 0
1083 36 0
1084 38 0
1085 39 0
1086 40 0
1087 41 0
1088 41 0
1089 43 0
1090 45 0
1091 46 0
1092 47 0
1093 48 0
1094 50 0
1095 51 0
1096 52 0
1097 54 0
1098 56 0
1099 57 0
1100 58 0
1101 59 0
1102 62 0
1103 66 0
1104 68 0
1105 69 0
1106 70 0
1107 71 0
1108 72 0
1109 74 0
1110 75 0
1111 78 0
1112 79 0
1113 81 0
1114 82 0
1115 87 0
1116 89 0
1117 94 0
1118 97 0
1119 100 0
1120 104 0
1121 106 0
1122 110 0
1123 112 0
1124 116 0
1125 120 0
1126 121 0
1127 125 0
1128 129 0
1129 136 0
1130 137 0
1131 139 0
1132 142 0
1133 145 0
1134 148 0
1135 152 0
1136 155 0
1137 157 0
1138 160 0
1139 161 0
1140 167 0
1141 170 0
1142 176 0
1143 181 0
1144 187 0
1145 190 0
1146 193 0
1147 196 0
1148 200 0
1149 203 0
1150 205 0
1151 212 0
1152 215 0
1153 220 0
1154 222 0
1155 225 0
1156 229 0
1157 232 0
1158 236 0
1159 242 0
1160 246 0
1161 253 0
1162 259 0
1163 263 0
1164 267 0
1165 272 0
1166 276 0
1167 279 0
1168 284 0
1169 288 0
1170 291 0
1171 296 0
1172 297 0
1173 302 0
1174 310 0
1175 314 0
1176 318 0
1177 317 0
1178 319 0
1179 326 0
1180 328 0
1181 334 0
1182 338 0
1183 341 0
1184 343 0
1185 349 0
1186 351 0
1187 356 0
1188 359 0
1189 364 0
1190 369 0
1191 375 0
1192 381 0
1193 386 0
1194 393 0
1195 399 0
1196 404 0
1197 407 0
1198 409 0
1199 411 0
1200 416 0
1201 418 0
1202 422 0
1203 425 0
1204 429 0
1205 433 0
1206 436 0
1207 439 0
1208 439 1
1209 471 1
1210 474 2
1211 495 2
1212 514 2
1213 517 3
1214 537 3
1215 549 4
1216 555 4
1217 569 4
1218 574 5
1219 579 5
1220 586 5
1221 595 5
1222 601 5
1223 580 5
1224 607 5
1225 600 5
1226 609 5
1227 606 5
1228 616 5
1229 621 5
1230 618 5
1231 588 5
1232 616 5
1233 563 5
1234 593 6
1235 618 5
1236 626 5
1237 627 5
1238 603 6
1239 625 5
1240 628 6
1241 481 6
1242 625 5
1243 642 6
1244 590 6
1245 646 5
1246 631 6
1247 649 6
1248 640 6
1249 647 6
1250 631 5
1251 641 6
1252 408 4
1253 441 3
1254 456 4
1255 635 5
1256 645 6
1257 652 6
1258 633 6
1259 1 0
1260 3 0
1261 4 0
1262 7 0
1263 8 0
1264 10 0
1265 11 0
1266 15 0
1267 18 0
1268 23 0
1269 28 0
1270 30 0
1271 33 0
1272 40 0
1273 44 0
1274 49 0
1275 53 0
1276 55 0
1277 61 0
1278 65 0
1279 72 0
1280 78 0
1281 84 0
1282 93 0
1283 99 0
1284 106 0
1285 119 0
1286 127 0
1287 132 0
1288 139 0
1289 145 0
1290 157 0
1291 163 0
1292 170 0
1293 180 0
1294 187 0
1295 201 0
1296 208 0
1297 221 0
1298 231 0
1299 240 0
1300 252 0
1301 260 0
1302 271 0
1303 277 0
1304 285 0
1305 296 0
1306 301 0
1307 310 0
1308 325 0
1309 336 0
1310 348 0
1311 353 0
1312 364 0
1313 376 0
1314 381 0
1315 390 0
1316 397 0
1317 404 0
1318 414 0
1319 423 0
1320 431 0
1321 436 0
1322 438 0
1323 438 1
1324 473 1
1325 501 1
1326 510 2
1327 520 2
1328 537 2
1329 548 3
1330 554 3
1331 569 4
1332 543 4
1333 589 3
1334 591 4
1335 592 5
1336 582 5
1337 602 5
1338 446 4
1339 460 5
1340 593 5
1341 544 5
1342 613 4
1343 614 5
1344 600 5
1345 623 5
1346 418 4
1347 438 5
1348 596 5
1349 623 5
1350 556 4
1351 568 5
1352 629 4
1353 635 5
1354 609 5
1355 631 5
1356 541 5
1357 1 0
1358 2 0
1359 3 0
1360 4 0
1361 5 0
1362 12 0
1363 18 0
1364 29 0
1365 48 0
1366 79 0
1367 123 0
1368 170 0
1369 205 0
1370 253 0
1371 304 0
1372 340 0
1373 375 0
1374 414 0
1375 449 0
1376 460 0
1377 488 0
1378 511 0
1379 522 0
1380 522 1
1381 548 2
1382 562 2
1383 573 3
1384 582 3
1385 584 4
1386 584 5
1387 597 5
1388 525 4
1389 551 4
1390 557 5
1391 614 5
1392 616 5
1393 625 5
1394 589 5
1395 619 4
1396 619 5
1397 602 5
1398 624 6
1399 623 6
1400 589 6
1401 624 5
1402 628 7
1403 618 5
1404 631 5
1405 633 5
1406 637 5
1407 638 6
1408 629 5
1409 638 4
1410 639 6
1411 638 7
1412 629 7
1413 636 7
1414 629 6
1415 630 7
1416 638 6
1417 637 7
1418 635 7
1419 646 7
1420 655 7
1421 615 6
1422 624 7
1423 649 7
1424 641 7
1425 648 7
1426 650 7
1427 612 7
1428 656 7
1429 574 6
1430 0 0
1431 1 0
1432 2 0
1433 2 0
1434 3 0
1435 4 0
1436 5 0
1437 6 0
1438 7 0
1439 8 0
1440 9 0
1441 11 0
1442 13 0
1443 14 0
1444 16 0
1445 17 0
1446 18 0
1447 19 0
1448 21 0
1449 22 0
1450 26 0
1451 28 0
1452 29 0
1453 30 0
1454 31 0
1455 32 0
1456 33 0
1457 35 0
1458 38 0
1459 39 0
1460 42 0
1461 44 0
1462 46 0
1463 47 0
1464 49 0
1465 52 0
1466 54 0
1467 55 0
1468 57 0
1469 59 0
1470 60 0
1471 62 0
1472 64 0
1473 67 0
1474 69 0
1475 75 0
1476 77 0
1477 79 0
1478 83 0
1479 85 0
1480 86 0
1481 90 0
1482 92 0
1483 97 0
1484 102 0
1485 104 0
1486 107 0
1487 108 0
1488 109 0
1489 113 0
1490 117 0
1491 121 0
1492 124 0
1493 128 0
1494 131 0
1495 139 0
1496 144 0
1497 147 0
1498 148 0
1499 151 0
1500 156 0
1501 157 0
1502 163 0
1503 168 0
1504 172 0
1505 175 0
1506 179 0
1507 181 0
1508 182 0
1509 186 0
1510 189 0
1511 191 0
1512 192 0
1513 194 0
1514 198 0
1515 200 0
1516 205 0
1517 207 0
1518 209 0
1519 212 0
1520 215 0
1521 221 0
1522 223 0
1523 228 0
1524 232 0
1525 240 0
1526 245 0
1527 252 0
1528 255 0
1529 259 0
1530 266 0
1531 269 0
1532 280 0
1533 283 0
1534 285 0
1535 290 0
1536 294 0
1537 299 0
1538 303 0
1539 307 0
1540 308 0
1541 313 0
1542 318 0
1543 320 0
1544 325 0
1545 329 0
1546 333 0
1547 336 0
1548 340 0
1549 345 0
1550 350 0
1551 353 0
1552 358 0
1553 359 0
1554 361 0
1555 364 0
1556 367 0
1557 372 0
1558 373 0
1559 377 0
1560 386 0
1561 391 0
1562 393 0
1563 395 0
1564 397 0
1565 400 0
1566 400 1
1567 472 1
1568 509 1
1569 520 1
1570 527 1
1571 527 2
1572 533 3
1573 547 3
1574 547 4
1575 557 4
1576 557 5
1577 558 6
1578 572 6
1579 584 6
1580 583 7
1581 593 7
1582 594 7
1583 593 7
1584 324 5
1585 443 3
1586 501 4
1587 504 5
1588 519 6
1589 529 7
1590 590 6
1591 601 7
1592 585 7
1593 614 7
1594 540 7
1595 601 5
1596 605 6
1597 610 7
1598 349 5
1599 457 5
1600 507 6
1601 613 6
1602 621 7
1603 614 7
1604 631 7
1605 595 7
1606 639 7
1607 610 7
1608 637 6
1609 643 7
1610 428 6
1611 1 0
1612 1 0
1613 2 0
1614 3 0
1615 4 0
1616 5 0
1617 6 0
1618 7 0
1619 8 0
1620 9 0
1621 10 0
1622 11 0
1623 12 0
1624 13 0
1625 14 0
1626 15 0
1627 16 0
1628 17 0
1629 18 0
1630 19 0
1631 20 0
1632 21 0
1633 22 0
1634 23 0
1635 26 0
1636 27 0
1637 29 0
1638 30 0
1639 34 0
1640 35 0
1641 37 0
1642 39 0
1643 43 0
1644 45 0
1645 47 0
1646 49 0
1647 52 0
1648 53 0
1649 56 0
1650 60 0
1651 63 0
1652 64 0
1653 66 0
1654 68 0
1655 71 0
1656 77 0
1657 81 0
1658 86 0
1659 90 0
1660 92 0
1661 99 0
1662 108 0
1663 113 0
1664 117 0
1665 122 0
1666 127 0
1667 130 0
1668 140 0
1669 145 0
1670 148 0
1671 154 0
1672 157 0
1673 162 0
1674 167 0
1675 174 0
1676 180 0
1677 189 0
1678 193 0
1679 195 0
1680 199 0
1681 206 0
1682 210 0
1683 212 0
1684 215 0
1685 220 0
1686 224 0
1687 230 0
1688 238 0
1689 246 0
1690 248 0
1691 250 0
1692 253 0
1693 257 0
1694 261 0
1695 265 0
1696 270 0
1697 276 0
1698 278 0
1699 281 0
1700 284 0
1701 292 0
1702 295 0
1703 299 0
1704 304 0
1705 310 0
1706 317 0
1707 324 0
1708 329 0
1709 335 0
1710 336 0
1711 346 0
1712 353 0
1713 354 0
1714 356 0
1715 360 0
1716 364 0
1717 373 0
1718 377 0
1719 384 0
1720 387 0
1721 394 0
1722 396 0
1723 402 0
1724 404 0
1725 411 0
1726 417 0
1727 422 0
1728 434 0
1729 434 1
1730 437 1
1731 444 1
1732 448 1
1733 447 1
1734 452 1
1735 455 1
1736 458 1
1737 461 1
1738 464 1
1739 468 1
1740 472 1
1741 474 1
1742 478 1
1743 482 1
1744 486 1
1745 492 1
1746 493 1
1747 496 1
1748 503 1
1749 505 1
1750 506 1
1751 506 1
1752 509 1
1753 513 1
1754 516 1
1755 518 1
1756 523 1
1757 525 1
1758 526 1
1759 528 1
1760 531 1
1761 532 1
1762 532 2
1763 541 3
1764 542 4
1765 550 5
1766 554 5
1767 567 5
1768 549 5
1769 575 5
1770 515 5
1771 596 5
1772 582 5
1773 609 5
1774 591 4
1775 603 5
1776 614 5
1777 624 5
1778 615 5
1779 619 5
1780 624 5
1781 626 5
1782 613 5
1783 628 5
1784 617 6
1785 635 6
1786 126 1
1787 2 0
1788 6 0
1789 10 0
1790 13 0
1791 15 0
1792 22 0
1793 30 0
1794 43 0
1795 72 0
1796 93 0
1797 129 0
1798 164 0
1799 195 0
1800 224 0
1801 275 0
1802 306 0
1803 314 1
1804 343 1
1805 371 1
1806 422 1
1807 452 1
1808 471 1
1809 487 1
1810 502 1
1811 519 1
1812 536 1
1813 535 2
1814 553 2
1815 573 2
1816 579 2
1817 587 2
1818 588 2
1819 593 2
1820 595 2
1821 598 2
1822 606 2
1823 605 3
1824 612 3
1825 612 4
1826 613 4
1827 617 3
1828 617 4
1829 616 4
1830 626 4
1831 624 4
1832 637 4
1833 168 2
1834 2 0
1835 3 0
1836 4 0
1837 5 0
1838 6 0
1839 7 0
1840 8 0
1841 9 0
1842 10 0
1843 11 0
1844 12 0
1845 13 0
1846 14 0
1847 15 0
1848 16 0
1849 17 0
1850 18 0
1851 19 0
1852 20 0
1853 22 0
1854 30 0
1855 38 0
1856 54 0
1857 66 0
1858 80 0
1859 98 0
1860 121 0
1861 138 0
1862 165 0
1863 192 0
1864 211 0
1865 234 0
1866 261 0
1867 282 0
1868 318 0
1869 351 0
1870 368 0
1871 394 0
1872 415 0
1873 422 0
1874 423 1
1875 486 1
1876 497 1
1877 507 1
1878 514 1
1879 542 1
1880 549 1
1881 562 1
1882 562 2
1883 580 2
1884 586 2
1885 592 3
1886 597 3
1887 602 3
1888 605 4
1889 585 4
1890 620 4
1891 571 5
1892 626 4
1893 636 5
1894 620 5
1895 636 5
1896 641 5
1897 643 5
1898 618 5
1899 646 5
1900 630 5
1901 647 5
1902 607 5
1903 646 5
1904 637 5
1905 0 0
1906 1 0
1907 2 0
1908 3 0
1909 4 0
1910 5 0
1911 6 0
1912 7 0
1913 9 0
1914 14 0
1915 16 0
1916 18 0
1917 24 0
1918 28 0
1919 34 0
1920 41 0
1921 46 0
1922 57 0
1923 61 0
1924 79 0
1925 91 0
1926 111 0
1927 123 0
1928 142 0
1929 164 0
1930 186 0
1931 201 0
1932 222 0
1933 233 0
1934 252 0
1935 264 0
1936 277 0
1937 294 0
1938 320 0
1939 344 0
1940 359 0
1941 379 0
1942 402 0
1943 411 0
1944 411 1
1945 540 1
1946 553 1
1947 557 1
1948 559 1
1949 567 1
1950 571 1
1951 577 1
1952 587 1
1953 591 1
1954 596 2
1955 600 3
1956 601 4
1957 565 4
1958 625 4
1959 581 4
1960 625 3
1961 594 3
1962 636 4
1963 632 4
1964 638 4
1965 627 5
1966 642 5
1967 647 3
1968 657 4
1969 606 4
1970 644 4
1971 614 4
1972 0 0
1973 1 0
1974 2 0
1975 4 0
1976 6 0
1977 7 0
1978 8 0
1979 9 0
1980 10 0
1981 12 0
1982 13 0
1983 14 0
1984 15 0
1985 16 0
1986 18 0
1987 19 0
1988 20 0
1989 22 0
1990 27 0
1991 28 0
1992 32 0
1993 36 0
1994 40 0
1995 45 0
1996 48 0
1997 50 0
1998 53 0
1999 57 0
2000 62 0
2001 68 0
2002 76 0
2003 85 0
2004 99 0
2005 105 0
2006 110 0
2007 122 0
2008 140 0
2009 151 0
2010 162 0
2011 177 0
2012 191 0
2013 202 0
2014 209 0
2015 226 0
2016 234 0
2017 244 0
2018 255 0
2019 261 0
2020 268 0
2021 280 0
2022 287 0
2023 297 0
2024 313 0
2025 325 0
2026 331 0
2027 341 0
2028 353 0
2029 364 0
2030 377 0
2031 386 0
2032 398 0
2033 408 0
2034 420 0
2035 434 0
2036 445 0
2037 455 0
2038 462 0
2039 469 0
2040 471 0
2041 471 1
2042 527 1
2043 543 2
2044 574 2
2045 577 3
2046 581 4
2047 582 4
2048 610 4
2049 533 4
2050 623 4
2051 589 4
2052 621 3
2053 624 4
2054 550 4
2055 625 4
2056 587 4
2057 633 4
2058 413 4
2059 614 3
2060 620 4
2061 641 5
2062 636 5
2063 645 5
2064 591 5
2065 635 4
2066 641 5
2067 549 6
2068 655 3
2069 656 4
2070 657 5
2071 658 6
2072 653 6
2073 661 6
2074 650 6
2075 666 6
2076 1 0
2077 2 0
2078 3 0
2079 4 0
2080 5 0
2081 6 0
2082 7 0
2083 8 0
2084 9 0
2085 10 0
2086 11 0
2087 12 0
2088 13 0
2089 14 0
2090 15 0
2091 16 0
2092 17 0
2093 18 0
2094 20 0
2095 22 0
2096 23 0
2097 24 0
2098 26 0
2099 27 0
2100 28 0
2101 29 0
2102 30 0
2103 31 0
2104 33 0
2105 35 0
2106 35 0
2107 36 0
2108 37 0
2109 39 0
2110 40 0
2111 42 0
2112 44 0
2113 45 0
2114 48 0
2115 49 0
2116 51 0
2117 54 0
2118 55 0
2119 57 0
2120 60 0
2121 61 0
2122 63 0
2123 65 0
2124 66 0
2125 67 0
2126 68 0
2127 69 0
2128 70 0
2129 73 0
2130 75 0
2131 78 0
2132 79 0
2133 80 0
2134 82 0
2135 83 0
2136 84 0
2137 85 0
2138 89 0
2139 93 0
2140 95 0
2141 96 0
2142 99 0
2143 104 0
2144 106 0
2145 109 0
2146 114 0
2147 119 0
2148 122 0
2149 124 0
2150 126 0
2151 129 0
2152 130 0
2153 132 0
2154 134 0
2155 136 0
2156 140 0
2157 143 0
2158 146 0
2159 151 0
2160 156 0
2161 159 0
2162 165 0
2163 167 0
2164 172 0
2165 175 0
2166 177 0
2167 179 0
2168 182 0
2169 184 0
2170 188 0
2171 191 0
2172 196 0
2173 200 0
2174 203 0
2175 212 0
2176 215 0
2177 217 0
2178 220 0
2179 222 0
2180 227 0
2181 230 0
2182 237 0
2183 246 0
2184 251 0
2185 253 0
2186 253 0
2187 255 0
2188 258 0
2189 265 0
2190 269 0
2191 276 0
2192 279 0
2193 282 0
2194 285 0
2195 289 0
2196 294 0
2197 300 0
2198 303 0
2199 310 0
2200 315 0
2201 317 0
2202 321 0
2203 326 1
2204 331 1
2205 337 1
2206 342 1
2207 347 1
2208 350 1
2209 360 1
2210 367 1
2211 374 1
2212 377 1
2213 381 1
2214 389 1
2215 389 1
2216 393 1
2217 398 1
2218 399 1
2219 401 1
2220 405 1
2221 407 1
2222 410 1
2223 412 1
2224 418 1
2225 420 1
2226 422 1
2227 423 1
2228 426 1
2229 427 1
2230 429 1
2231 432 1
2232 438 1
2233 439 1
2234 442 1
2235 446 1
2236 448 1
2237 451 1
2238 456 1
2239 459 1
2240 462 1
2241 465 1
2242 467 1
2243 467 2
2244 551 2
2245 571 3
2246 587 4
2247 596 5
2248 602 5
2249 602 6
2250 617 6
2251 517 6
2252 625 5
2253 633 6
2254 476 6
2255 635 6
2256 647 6
2257 595 6
2258 655 4
2259 657 5
2260 660 6
2261 622 6
2262 681 5
2263 683 6
2264 686 6
2265 675 6
2266 685 5
2267 684 6
2268 673 7
2269 685 7
2270 669 7
2271 683 7
2272 663 7
2273 0 0
2274 1 0
2275 2 0
2276 3 0
2277 4 0
2278 5 0
2279 6 0
2280 7 0
2281 8 0
2282 9 0
2283 11 0
2284 12 0
2285 13 0
2286 14 0
2287 17 0
2288 19 0
2289 24 0
2290 29 0
2291 39 0
2292 52 0
2293 65 0
2294 81 0
2295 99 0
2296 124 0
2297 149 0
2298 163 0
2299 182 0
2300 197 0
2301 224 0
2302 238 0
2303 257 0
2304 278 0
2305 287 0
2306 301 0
2307 317 0
2308 341 0
2309 361 0
2310 376 0
2311 388 0
2312 404 0
2313 416 0
2314 431 0
2315 451 0
2316 461 0
2317 471 0
2318 491 0
2319 499 0
2320 499 1
2321 563 1
2322 564 2
2323 590 2
2324 589 3
2325 600 3
2326 603 3
2327 605 4
2328 611 4
2329 619 5
2330 616 5
2331 623 6
2332 625 7
2333 600 7
2334 626 7
2335 630 6
2336 571 6
2337 631 6
2338 561 6
2339 644 6
2340 649 6
2341 640 6
2342 648 6
2343 624 6
2344 647 6
2345 651 6
2346 656 6
2347 1 0
2348 2 0
2349 3 0
2350 4 0
2351 5 0
2352 7 0
2353 8 0
2354 9 0
2355 10 0
2356 12 0
2357 13 0
2358 15 0
2359 16 0
2360 18 0
2361 19 0
2362 22 0
2363 23 0
2364 24 0
2365 25 0
2366 27 0
2367 28 0
2368 29 0
2369 31 0
2370 32 0
2371 33 0
2372 34 0
2373 35 0
2374 36 0
2375 37 0
2376 39 0
2377 41 0
2378 42 0
2379 43 0
2380 45 0
2381 47 0
2382 57 0
2383 64 0
2384 71 0
2385 77 0
2386 85 0
2387 97 0
2388 113 0
2389 130 0
2390 150 0
2391 165 0
2392 192 0
2393 213 0
2394 231 0
2395 239 0
2396 247 0
2397 261 0
2398 280 0
2399 294 0
2400 307 0
2401 314 1
2402 322 1
2403 338 1
2404 355 1
2405 366 1
2406 384 1
2407 401 1
2408 413 1
2409 420 1
2410 429 1
2411 435 1
2412 440 1
2413 450 1
2414 458 1
2415 463 1
2416 473 1
2417 473 2
2418 544 2
2419 570 2
2420 570 3
2421 586 3
2422 588 4
2423 592 5
2424 594 5
2425 599 5
2426 573 5
2427 608 5
2428 568 5
2429 617 5
2430 575 5
2431 615 6
2432 596 6
2433 630 6
2434 614 6
2435 631 5
2436 638 5
2437 644 5
2438 503 5
2439 620 4
2440 635 5
2441 1 0
2442 2 0
2443 3 0
2444 4 0
2445 8 0
2446 13 0
2447 19 0
2448 25 0
2449 34 0
2450 53 0
2451 84 0
2452 129 0
2453 164 0
2454 209 0
2455 243 0
2456 282 0
2457 319 0
2458 344 0
2459 381 0
2460 441 0
2461 465 0
2462 482 0
2463 492 0
2464 507 0
2465 519 1
2466 535 1
2467 535 2
2468 555 2
2469 556 3
2470 568 3
2471 578 3
2472 578 4
2473 592 4
2474 600 4
2475 604 4
2476 610 5
2477 585 5
2478 618 5
2479 618 5
2480 629 5
2481 596 5
2482 625 5
2483 631 5
2484 633 5
2485 631 5
2486 640 5
2487 616 5
2488 633 5
2489 635 6
2490 624 6
2491 638 6
2492 636 6
2493 637 6
2494 635 6
2495 645 6
2496 0 0
2497 1 0
2498 2 0
2499 3 0
2500 5 0
2501 6 0
2502 7 0
2503 8 0
2504 11 0
2505 12 0
2506 13 0
2507 14 0
2508 15 0
2509 18 0
2510 19 0
2511 20 0
2512 21 0
2513 25 0
2514 29 0
2515 30 0
2516 31 0
2517 34 0
2518 35 0
2519 36 0
2520 38 0
2521 40 0
2522 42 0
2523 44 0
2524 50 0
2525 52 0
2526 61 0
2527 64 0
2528 65 0
2529 71 0
2530 75 0
2531 84 0
2532 87 0
2533 94 0
2534 99 0
2535 112 0
2536 117 0
2537 124 0
2538 133 0
2539 144 0
2540 158 0
2541 165 0
2542 172 0
2543 190 0
2544 197 0
2545 209 0
2546 217 0
2547 224 0
2548 229 0
2549 237 0
2550 249 0
2551 254 0
2552 266 0
2553 269 0
2554 270 0
2555 274 0
2556 291 0
2557 298 0
2558 307 0
2559 313 0
2560 320 0
2561 326 0
2562 333 0
2563 341 0
2564 350 0
2565 358 0
2566 368 0
2567 378 0
2568 383 0
2569 391 0
2570 404 0
2571 410 0
2572 416 0
2573 425 0
2574 429 0
2575 430 1
2576 436 1
2577 443 1
2578 446 1
2579 454 1
2580 457 1
2581 460 1
2582 463 1
2583 469 1
2584 475 1
2585 487 1
2586 488 1
2587 488 1
2588 488 2
2589 526 2
2590 534 3
2591 559 3
2592 560 4
2593 598 4
2594 606 5
2595 608 6
2596 608 6
2597 593 6
2598 632 6
2599 635 6
2600 632 6
2601 630 6
2602 634 6
2603 618 6
2604 620 6
2605 624 6
2606 611 6
2607 628 5
2608 629 6
2609 576 6
2610 650 6
2611 655 6
2612 653 6
2613 649 6
2614 634 6
2615 0 0
2616 1 0
2617 2 0
2618 3 0
2619 4 0
2620 5 0
2621 6 0
2622 7 0
2623 8 0
2624 9 0
2625 13 0
2626 18 0
2627 21 0
2628 27 0
2629 35 0
2630 43 0
2631 53 0
2632 68 0
2633 76 0
2634 92 0
2635 112 0
2636 133 0
2637 166 0
2638 204 0
2639 229 0
2640 257 0
2641 274 0
2642 301 0
2643 331 0
2644 371 0
2645 404 0
2646 428 0
2647 447 0
2648 471 0
2649 485 0
2650 497 0
2651 513 0
2652 520 0
2653 520 1
2654 530 1
2655 530 2
2656 547 2
2657 555 3
2658 563 3
2659 563 4
2660 576 4
2661 578 5
2662 595 5
2663 611 5
2664 613 5
2665 601 5
2666 617 6
2667 499 6
2668 629 5
2669 642 6
2670 606 6
2671 655 6
2672 634 6
2673 666 6
2674 668 7
2675 669 6
2676 666 6
2677 0 0
2678 1 0
2679 2 0
2680 3 0
2681 4 0
2682 5 0
2683 6 0
2684 7 0
2685 8 0
2686 9 0
2687 10 0
2688 14 0
2689 17 0
2690 19 0
2691 20 0
2692 22 0
2693 27 0
2694 29 0
2695 34 0
2696 37 0
2697 41 0
2698 47 0
2699 54 0
2700 58 0
2701 63 0
2702 63 0
2703 69 0
2704 79 0
2705 83 0
2706 87 0
2707 94 0
2708 109 0
2709 117 0
2710 131 0
2711 151 0
2712 176 0
2713 189 0
2714 197 0
2715 210 0
2716 220 0
2717 231 0
2718 241 0
2719 252 0
2720 263 0
2721 270 0
2722 285 0
2723 296 0
2724 303 0
2725 312 0
2726 330 0
2727 351 0
2728 364 0
2729 373 0
2730 384 0
2731 389 0
2732 402 0
2733 423 0
2734 432 0
2735 444 0
2736 450 0
2737 462 0
2738 470 0
2739 478 0
2740 494 0
2741 500 0
2742 505 0
2743 515 0
2744 515 1
2745 538 1
2746 538 2
2747 538 2
2748 541 0
2749 541 2
2750 541 3
2751 554 3
2752 556 4
2753 572 4
2754 574 5
2755 588 5
2756 601 5
2757 610 5
2758 617 6
2759 619 6
2760 621 6
2761 607 6
2762 626 6
2763 578 6
2764 638 6
2765 637 6
2766 645 6
2767 642 7
2768 620 7
2769 643 7
2770 638 7
2771 645 8
2772 642 7
2773 640 6
2774 646 6
2775 639 7
2776 650 7
2777 547 7
2778 638 5
2779 645 6
2780 651 6
2781 647 7
2782 648 7
2783 584 5
2784 600 7
2785 650 6
2786 652 7
2787 652 7
2788 658 7
2789 578 6
2790 0 0
2791 1 0
2792 2 0
2793 3 0
2794 4 0
2795 5 0
2796 6 0
2797 7 0
2798 8 0
2799 9 0
2800 10 0
2801 11 0
2802 12 0
2803 13 0
2804 14 0
2805 15 0
2806 16 0
2807 17 0
2808 19 0
2809 20 0
2810 21 0
2811 22 0
2812 23 0
2813 24 0
2814 25 0
2815 26 0
2816 27 0
2817 28 0
2818 29 0
2819 30 0
2820 31 0
2821 32 0
2822 33 0
2823 36 0
2824 38 0
2825 39 0
2826 40 0
2827 42 0
2828 45 0
2829 46 0
2830 47 0
2831 48 0
2832 49 0
2833 50 0
2834 51 0
2835 53 0
2836 54 0
2837 55 0
2838 57 0
2839 60 0
2840 62 0
2841 63 0
2842 64 0
2843 65 0
2844 68 0
2845 70 0
2846 72 0
2847 74 0
2848 77 0
2849 78 0
2850 80 0
2851 82 0
2852 83 0
2853 85 0
2854 87 0
2855 88 0
2856 91 0
2857 92 0
2858 95 0
2859 96 0
2860 99 0
2861 102 0
2862 103 0
2863 105 0
2864 106 0
2865 107 0
2866 107 0
2867 111 0
2868 112 0
2869 113 0
2870 114 0
2871 118 0
2872 121 0
2873 122 0
2874 125 0
2875 127 0
2876 129 0
2877 133 0
2878 136 0
2879 139 0
2880 145 0
2881 149 0
2882 151 0
2883 154 0
2884 155 0
2885 157 0
2886 160 0
2887 161 0
2888 164 0
2889 168 0
2890 172 0
2891 175 0
2892 178 0
2893 182 0
2894 185 0
2895 189 0
2896 191 0
2897 195 0
2898 201 0
2899 207 0
2900 209 0
2901 214 0
2902 218 0
2903 220 0
2904 225 0
2905 228 0
2906 232 0
2907 237 0
2908 240 0
2909 242 0
2910 244 0
2911 246 0
2912 250 0
2913 253 0
2914 255 0
2915 259 0
2916 264 0
2917 265 0
2918 269 0
2919 273 0
2920 273 0
2921 277 0
2922 278 0
2923 284 0
2924 285 0
2925 290 0
2926 293 0
2927 296 0
2928 300 0
2929 303 0
2930 308 0
2931 310 0
2932 312 0
2933 319 0
2934 319 0
2935 325 0
2936 328 0
2937 331 0
2938 335 0
2939 336 0
2940 342 0
2941 343 0
2942 347 0
2943 349 0
2944 352 0
2945 355 0
2946 361 0
2947 364 0
2948 369 0
2949 373 0
2950 376 0
2951 378 0
2952 381 0
2953 384 0
2954 386 0
2955 393 0
2956 396 0
2957 402 0
2958 404 0
2959 409 0
2960 410 0
2961 416 0
2962 421 0
2963 425 0
2964 429 0
2965 430 0
2966 433 0
2967 436 0
2968 440 0
2969 442 0
2970 445 0
2971 447 0
2972 454 0
2973 458 0
2974 462 0
2975 465 0
2976 466 0
2977 472 0
2978 474 0
2979 477 0
2980 479 0
2981 479 1
2982 509 1
2983 518 2
2984 533 2
2985 534 3
2986 542 4
2987 560 4
2988 562 5
2989 576 5
2990 585 6
2991 591 6
2992 598 7
2993 399 6
2994 606 5
2995 607 6
2996 621 7
2997 473 7
2998 630 4
2999 635 5
3000 641 5
3001 644 6
3002 651 6
3003 651 7
3004 651 7
3005 633 8
3006 660 7
3007 508 6
3008 0 0
3009 1 0
3010 3 0
3011 4 0
3012 9 0
3013 11 0
3014 23 0
3015 30 0
3016 39 0
3017 49 0
3018 75 0
3019 97 0
3020 134 0
3021 157 0
3022 210 0
3023 251 0
3024 282 0
3025 308 0
3026 340 0
3027 363 0
3028 410 0
3029 441 0
3030 468 0
3031 488 0
3032 502 0
3033 513 0
3034 523 0
3035 523 1
3036 564 1
3037 574 1
3038 574 2
3039 576 3
3040 585 3
3041 586 0
3042 586 2
3043 586 4
3044 617 4
3045 617 5
3046 620 5
3047 624 5
3048 626 5
3049 631 5
3050 635 6
3051 640 6
3052 596 6
3053 649 6
3054 658 7
3055 661 6
3056 663 7
3057 585 6
3058 671 5
3059 677 5
3060 678 6
3061 681 6
3062 685 7
3063 661 7
3064 672 6
3065 676 6
3066 678 7
3067 0 0
3068 1 0
3069 3 0
3070 4 0
3071 6 0
3072 9 0
3073 11 0
3074 14 0
3075 18 0
3076 21 0
3077 29 0
3078 36 0
3079 48 0
3080 62 0
3081 78 0
3082 99 0
3083 126 0
3084 187 0
3085 230 0
3086 248 0
3087 279 0
3088 307 0
3089 332 0
3090 370 0
3091 399 0
3092 414 0
3093 470 0
3094 474 1
3095 493 1
3096 508 1
3097 536 1
3098 545 1
3099 554 1
3100 554 2
3101 576 2
3102 581 0
3103 581 1
3104 581 3
3105 609 3
3106 609 4
3107 619 4
3108 619 5
3109 628 5
3110 628 6
3111 639 6
3112 345 2
3113 380 3
3114 604 4
3115 611 5
3116 639 6
3117 652 6
3118 656 6
3119 660 7
3120 198 2
3121 1 0
3122 2 0
3123 3 0
3124 4 0
3125 5 0
3126 6 0
3127 7 0
3128 8 0
3129 10 0
3130 11 0
3131 12 0
3132 13 0
3133 15 0
3134 20 0
3135 22 0
3136 24 0
3137 28 0
3138 31 0
3139 35 0
3140 37 0
3141 40 0
3142 44 0
3143 52 0
3144 59 0
3145 65 0
3146 69 0
3147 77 0
3148 80 0
3149 96 0
3150 112 0
3151 123 0
3152 132 0
3153 143 0
3154 148 0
3155 154 0
3156 161 0
3157 167 0
3158 175 0
3159 179 0
3160 186 0
3161 190 0
3162 198 0
3163 204 0
3164 209 0
3165 215 0
3166 223 0
3167 228 0
3168 232 0
3169 238 0
3170 245 0
3171 254 0
3172 261 0
3173 270 0
3174 281 0
3175 288 0
3176 296 0
3177 302 0
3178 308 0
3179 311 0
3180 322 0
3181 330 0
3182 335 0
3183 345 0
3184 356 0
3185 363 0
3186 372 0
3187 385 0
3188 402 0
3189 408 0
3190 414 0
3191 418 0
3192 427 0
3193 434 0
3194 436 0
3195 444 0
3196 446 0
3197 451 0
3198 457 0
3199 462 0
3200 465 0
3201 468 0
3202 475 0
3203 482 0
3204 489 0
3205 496 0
3206 499 0
3207 501 0
3208 507 0
3209 513 0
3210 518 0
3211 519 0
3212 525 0
3213 530 0
3214 538 0
3215 543 0
3216 552 0
3217 552 1
3218 564 1
3219 568 0
3220 568 1
3221 569 0
3222 569 1
3223 571 1
3224 571 2
3225 587 2
3226 604 2
3227 604 3
3228 609 3
3229 611 3
3230 611 4
3231 613 4
3232 613 5
3233 616 5
3234 616 6
3235 631 6
3236 640 5
3237 642 2
3238 642 5
3239 642 6
3240 448 2
3241 495 3
3242 521 4
3243 529 5
3244 621 6
3245 649 6
3246 653 6
3247 652 6
3248 651 7
3249 650 7
3250 651 7
3251 655 7
3252 574 6
3253 620 6
3254 663 6
3255 663 7
3256 612 8
3257 664 8
3258 655 8
3259 656 8
3260 670 8
3261 0 0
3262 1 0
3263 2 0
3264 6 0
3265 9 0
3266 21 0
3267 44 0
3268 123 0
3269 287 0
3270 357 0
3271 464 0
3272 537 0
3273 567 0
3274 591 0
3275 599 0
3276 599 1
3277 608 1
3278 609 0
3279 609 1
3280 611 1
3281 611 2
3282 623 2
3283 624 3
3284 630 3
3285 630 4
3286 634 4
3287 635 5
3288 640 5
3289 643 5
3290 643 6
3291 647 7
3292 650 5
3293 654 6
3294 653 6
3295 661 7
3296 622 6
3297 640 6
3298 647 7
3299 658 7
3300 666 7
3301 662 7
3302 654 7
3303 658 7
3304 615 8
3305 1 0
3306 2 0
3307 3 0
3308 4 0
3309 5 0
3310 6 0
3311 7 0
3312 8 0
3313 9 0
3314 10 0
3315 11 0
3316 12 0
3317 13 0
3318 14 0
3319 15 0
3320 17 0
3321 18 0
3322 19 0
3323 21 0
3324 22 0
3325 23 0
3326 25 0
3327 29 0
3328 31 0
3329 33 0
3330 37 0
3331 41 0
3332 41 0
3333 44 0
3334 45 0
3335 48 0
3336 52 0
3337 55 0
3338 59 0
3339 64 0
3340 66 0
3341 71 0
3342 73 0
3343 74 0
3344 81 0
3345 82 0
3346 87 0
3347 91 0
3348 96 0
3349 101 0
3350 105 0
3351 107 0
3352 111 0
3353 116 0
3354 120 0
3355 126 0
3356 130 0
3357 136 0
3358 139 0
3359 143 0
3360 144 0
3361 148 0
3362 151 0
3363 155 0
3364 161 0
3365 166 0
3366 167 0
3367 170 0
3368 172 0
3369 175 0
3370 178 0
3371 181 0
3372 182 0
3373 187 0
3374 189 0
3375 190 0
3376 193 0
3377 197 0
3378 201 0
3379 207 0
3380 212 0
3381 214 0
3382 218 0
3383 224 0
3384 228 0
3385 232 0
3386 236 0
3387 242 0
3388 242 0
3389 250 0
3390 256 0
3391 259 0
3392 265 0
3393 268 0
3394 274 0
3395 276 0
3396 279 0
3397 281 0
3398 284 0
3399 285 0
3400 288 0
3401 295 0
3402 301 0
3403 308 0
3404 314 0
3405 318 0
3406 322 0
3407 328 0
3408 331 0
3409 333 0
3410 337 0
3411 338 0
3412 345 0
3413 349 0
3414 350 0
3415 351 0
3416 359 0
3417 362 0
3418 370 0
3419 372 0
3420 376 0
3421 381 0
3422 386 0
3423 392 0
3424 396 0
3425 402 0
3426 407 0
3427 411 0
3428 417 0
3429 422 0
3430 425 0
3431 427 0
3432 429 0
3433 437 0
3434 438 0
3435 440 0
3436 444 0
3437 448 0
3438 453 0
3439 457 0
3440 458 0
3441 465 0
3442 474 0
3443 478 0
3444 483 0
3445 490 0
3446 495 0
3447 497 0
3448 501 0
3449 503 0
3450 505 0
3451 510 0
3452 513 0
3453 517 0
3454 518 0
3455 526 0
3456 527 0
3457 530 0
3458 530 1
3459 539 1
3460 543 0
3461 543 1
3462 549 0
3463 549 1
3464 553 0
3465 553 1
3466 553 0
3467 553 1
3468 553 2
3469 567 2
3470 572 2
3471 572 3
3472 593 3
3473 594 4
3474 613 4
3475 621 4
3476 621 5
3477 629 5
3478 626 6
3479 534 6
3480 671 5
3481 674 6
3482 647 6
3483 674 6
3484 598 6
3485 680 4
3486 680 5
3487 645 5
3488 686 5
3489 688 5
3490 687 5
3491 685 5
3492 676 5
3493 686 5
3494 691 5
3495 692 5
3496 693 5
3497 690 5
3498 1 0
3499 2 0
3500 3 0
3501 4 0
3502 5 0
3503 5 0
3504 6 0
3505 7 0
3506 8 0
3507 9 0
3508 10 0
3509 14 0
3510 19 0
3511 25 0
3512 43 0
3513 59 0
3514 77 0
3515 90 0
3516 105 0
3517 132 0
3518 171 0
3519 224 0
3520 262 0
3521 295 0
3522 324 0
3523 348 0
3524 381 0
3525 409 0
3526 447 0
3527 482 0
3528 502 0
3529 522 0
3530 528 0
3531 541 0
3532 556 0
3533 558 1
3534 568 1
3535 568 2
3536 575 2
3537 575 2
3538 581 0
3539 581 1
3540 583 0
3541 583 1
3542 584 0
3543 584 1
3544 586 0
3545 586 1
3546 586 1
3547 587 2
3548 587 3
3549 593 3
3550 595 3
3551 600 3
3552 602 4
3553 608 4
3554 617 4
3555 617 5
3556 630 5
3557 638 5
3558 648 4
3559 648 5
3560 648 3
3561 650 5
3562 663 5
3563 616 4
3564 638 5
3565 670 5
3566 672 5
3567 652 5
3568 664 5
3569 1 0
3570 1 0
3571 2 0
3572 4 0
3573 5 0
3574 6 0
3575 7 0
3576 8 0
3577 10 0
3578 12 0
3579 13 0
3580 14 0
3581 15 0
3582 16 0
3583 18 0
3584 19 0
3585 20 0
3586 22 0
3587 23 0
3588 24 0
3589 25 0
3590 27 0
3591 29 0
3592 31 0
3593 32 0
3594 34 0
3595 37 0
3596 39 0
3597 44 0
3598 45 0
3599 47 0
3600 49 0
3601 50 0
3602 52 0
3603 56 0
3604 59 0
3605 61 0
3606 65 0
3607 68 0
3608 73 0
3609 78 0
3610 80 0
3611 84 0
3612 88 0
3613 91 0
3614 96 0
3615 101 0
3616 108 0
3617 113 0
3618 122 0
3619 128 0
3620 136 0
3621 141 0
3622 150 0
3623 157 0
3624 159 0
3625 164 0
3626 170 0
3627 175 0
3628 181 0
3629 187 0
3630 190 0
3631 194 0
3632 197 0
3633 201 0
3634 206 0
3635 213 0
3636 215 0
3637 222 0
3638 228 0
3639 235 0
3640 235 0
3641 236 0
3642 236 0
3643 237 0
3644 242 0
3645 249 0
3646 257 0
3647 260 0
3648 265 0
3649 268 0
3650 271 0
3651 274 0
3652 276 0
3653 281 0
3654 286 0
3655 291 0
3656 296 0
3657 300 0
3658 308 0
3659 312 0
3660 317 0
3661 325 0
3662 330 0
3663 331 0
3664 334 0
3665 340 0
3666 346 0
3667 349 0
3668 354 0
3669 359 0
3670 367 0
3671 372 0
3672 376 0
3673 381 0
3674 391 0
3675 395 0
3676 401 0
3677 404 0
3678 410 0
3679 418 0
3680 421 0
3681 426 0
3682 429 0
3683 432 0
3684 436 0
3685 444 0
3686 445 0
3687 447 0
3688 453 0
3689 459 0
3690 464 0
3691 466 0
3692 466 0
3693 468 0
3694 472 0
3695 476 0
3696 480 0
3697 485 0
3698 493 0
3699 499 0
3700 504 0
3701 511 0
3702 519 0
3703 521 0
3704 522 0
3705 522 1
3706 556 1
3707 556 2
3708 561 2
3709 562 3
3710 574 3
3711 574 4
3712 591 5
3713 597 5
3714 607 5
3715 617 5
3716 620 5
3717 634 5
3718 613 5
3719 638 5
3720 633 5
3721 643 5
3722 648 5
3723 260 3
3724 668 2
3725 672 3
3726 678 4
3727 686 5
3728 699 5
3729 700 5
3730 701 5
3731 703 5
3732 702 5
3733 703 5
3734 700 5
3735 677 5
3736 701 5
3737 696 6
3738 705 6
3739 673 6
3740 697 6
3741 699 5
3742 1 0
3743 2 0
3744 3 0
3745 4 0
3746 7 0
3747 8 0
3748 11 0
3749 12 0
3750 16 0
3751 19 0
3752 23 0
3753 31 0
3754 48 0
3755 59 0
3756 72 0
3757 85 0
3758 103 0
3759 123 0
3760 131 0
3761 150 0
3762 175 0
3763 189 0
3764 203 0
3765 226 0
3766 257 0
3767 285 0
3768 298 0
3769 316 0
3770 335 0
3771 358 0
3772 371 0
3773 383 0
3774 403 0
3775 414 0
3776 433 0
3777 448 0
3778 454 0
3779 471 0
3780 481 0
3781 493 0
3782 503 0
3783 504 1
3784 540 1
3785 542 2
3786 562 3
3787 575 3
3788 582 4
3789 586 4
3790 586 5
3791 602 5
3792 601 6
3793 609 6
3794 614 7
3795 626 7
3796 629 7
3797 636 7
3798 494 5
3799 517 5
3800 634 5
3801 637 6
3802 654 7
3803 552 6
3804 635 6
3805 655 6
3806 662 7
3807 0 0
3808 1 0
3809 1 0
3810 2 0
3811 3 0
3812 4 0
3813 5 0
3814 6 0
3815 7 0
3816 8 0
3817 9 0
3818 11 0
3819 13 0
3820 14 0
3821 15 0
3822 17 0
3823 19 0
3824 21 0
3825 22 0
3826 23 0
3827 24 0
3828 27 0
3829 28 0
3830 33 0
3831 37 0
3832 42 0
3833 44 0
3834 46 0
3835 49 0
3836 51 0
3837 52 0
3838 54 0
3839 56 0
3840 61 0
3841 71 0
3842 76 0
3843 81 0
3844 90 0
3845 98 0
3846 108 0
3847 117 0
3848 131 0
3849 137 0
3850 149 0
3851 159 0
3852 171 0
3853 180 0
3854 191 0
3855 199 0
3856 208 0
3857 216 0
3858 219 0
3859 232 0
3860 241 0
3861 247 0
3862 248 0
3863 252 0
3864 259 0
3865 261 0
3866 268 0
3867 282 0
3868 285 0
3869 293 0
3870 297 0
3871 302 0
3872 304 0
3873 313 0
3874 323 0
3875 332 0
3876 336 0
3877 342 0
3878 352 0
3879 360 0
3880 368 0
3881 378 0
3882 390 0
3883 398 0
3884 405 0
3885 415 0
3886 421 0
3887 430 0
3888 437 0
3889 442 0
3890 449 0
3891 455 0
3892 463 0
3893 464 0
3894 465 0
3895 470 0
3896 479 0
3897 484 0
3898 491 0
3899 497 0
3900 498 0
3901 506 0
3902 515 0
3903 522 0
3904 526 0
3905 537 0
3906 537 0
3907 537 1
3908 541 2
3909 592 2
3910 592 3
3911 607 4
3912 608 5
3913 622 6
3914 618 6
3915 640 6
3916 631 6
3917 649 6
3918 597 6
3919 657 6
3920 666 6
3921 389 5
3922 590 4
3923 613 5
3924 646 6
3925 655 6
3926 662 6
3927 634 6
3928 0 0
3929 0 0
3930 1 0
3931 2 0
3932 3 0
3933 5 0
3934 6 0
3935 7 0
3936 9 0
3937 15 0
3938 18 0
3939 26 0
3940 35 0
3941 41 0
3942 47 0
3943 53 0
3944 56 0
3945 59 0
3946 61 0
3947 69 0
3948 73 0
3949 80 0
3950 89 0
3951 92 0
3952 105 0
3953 125 0
3954 136 0
3955 146 0
3956 158 0
3957 181 0
3958 194 0
3959 200 0
3960 208 0
3961 217 0
3962 225 0
3963 234 0
3964 241 0
3965 249 0
3966 254 0
3967 274 0
3968 280 0
3969 287 0
3970 294 0
3971 299 0
3972 307 0
3973 322 0
3974 333 0
3975 342 0
3976 361 0
3977 373 0
3978 382 0
3979 392 0
3980 406 0
3981 419 0
3982 425 0
3983 441 0
3984 450 0
3985 459 0
3986 467 0
3987 474 0
3988 483 0
3989 494 0
3990 500 0
3991 501 0
3992 509 0
3993 516 0
3994 527 0
3995 539 0
3996 544 0
3997 554 0
3998 558 0
3999 562 0
4000 571 0
4001 571 1
4002 580 2
4003 598 2
4004 598 3
4005 606 4
4006 613 4
4007 613 5
4008 617 6
4009 628 6
4010 606 6
4011 636 5
4012 637 6
4013 644 6
4014 642 6
4015 646 6
4016 372 6
4017 634 4
4018 641 5
4019 647 6
4020 657 6
4021 659 6
4022 605 6
4023 658 6
4024 601 5
4025 0 0
4026 1 0
4027 2 0
4028 3 0
4029 4 0
4030 5 0
4031 6 0
4032 7 0
4033 8 0
4034 9 0
4035 10 0
4036 11 0
4037 12 0
4038 13 0
4039 14 0
4040 15 0
4041 16 0
4042 17 0
4043 18 0
4044 20 0
4045 21 0
4046 22 0
4047 24 0
4048 25 0
4049 26 0
4050 28 0
4051 30 0
4052 33 0
4053 34 0
4054 35 0
4055 36 0
4056 38 0
4057 39 0
4058 41 0
4059 44 0
4060 49 0
4061 50 0
4062 52 0
4063 53 0
4064 55 0
4065 55 0
4066 58 0
4067 60 0
4068 61 0
4069 63 0
4070 66 0
4071 66 0
4072 74 0
4073 76 0
4074 78 0
4075 80 0
4076 85 0
4077 88 0
4078 92 0
4079 98 0
4080 98 0
4081 100 0
4082 103 0
4083 109 0
4084 115 0
4085 120 0
4086 130 0
4087 138 0
4088 143 0
4089 149 0
4090 160 0
4091 166 0
4092 173 0
4093 180 0
4094 186 0
4095 193 0
4096 200 0
4097 201 0
4098 205 0
4099 209 0
4100 213 0
4101 216 0
4102 223 0
4103 228 0
4104 233 0
4105 241 0
4106 242 0
4107 244 0
4108 248 0
4109 253 0
4110 258 0
4111 262 0
4112 266 0
4113 272 0
4114 275 0
4115 279 0
4116 285 0
4117 290 0
4118 294 0
4119 298 0
4120 303 0
4121 309 0
4122 313 0
4123 318 0
4124 319 0
4125 323 0
4126 328 0
4127 333 0
4128 338 0
4129 344 0
4130 348 0
4131 350 0
4132 361 0
4133 367 0
4134 372 0
4135 377 0
4136 382 0
4137 390 0
4138 393 0
4139 394 0
4140 401 0
4141 408 0
4142 412 0
4143 416 0
4144 420 0
4145 427 0
4146 432 0
4147 434 0
4148 444 0
4149 449 0
4150 451 0
4151 455 0
4152 462 0
4153 467 0
4154 471 0
4155 475 0
4156 479 0
4157 483 0
4158 486 0
4159 490 0
4160 493 0
4161 498 0
4162 499 0
4163 502 0
4164 508 0
4165 512 0
4166 517 0
4167 519 0
4168 526 0
4169 533 0
4170 533 1
4171 536 2
4172 550 2
4173 554 3
4174 566 3
4175 571 4
4176 582 4
4177 582 5
4178 587 6
4179 606 5
4180 608 6
4181 617 6
4182 628 6
4183 574 5
4184 606 6
4185 654 6
4186 655 6
4187 412 6
4188 635 4
4189 644 5
4190 650 6
4191 659 6
4192 668 6
4193 668 7
4194 609 7
4195 1 0
4196 3 0
4197 7 0
4198 10 0
4199 13 0
4200 15 0
4201 17 0
4202 18 0
4203 21 0
4204 24 0
4205 31 0
4206 34 0
4207 38 0
4208 43 0
4209 48 0
4210 53 0
4211 58 0
4212 64 0
4213 66 0
4214 71 0
4215 81 0
4216 91 0
4217 97 0
4218 102 0
4219 106 0
4220 111 0
4221 118 0
4222 124 0
4223 133 0
4224 151 0
4225 160 0
4226 172 0
4227 185 0
4228 197 0
4229 204 0
4230 217 0
4231 224 0
4232 235 0
4233 243 0
4234 254 0
4235 261 0
4236 268 0
4237 273 0
4238 278 0
4239 285 0
4240 294 0
4241 305 0
4242 312 0
4243 319 0
4244 329 0
4245 340 0
4246 346 0
4247 356 0
4248 358 0
4249 372 0
4250 379 0
4251 390 0
4252 397 0
4253 409 0
4254 415 0
4255 422 0
4256 431 0
4257 450 0
4258 459 0
4259 468 0
4260 473 0
4261 487 0
4262 493 0
4263 498 0
4264 505 0
4265 514 0
4266 516 0
4267 519 0
4268 521 0
4269 531 0
4270 531 0
4271 537 0
4272 541 0
4273 551 0
4274 552 0
4275 552 1
4276 563 2
4277 565 2
4278 571 0
4279 571 2
4280 571 3
4281 578 3
4282 578 4
4283 605 4
4284 606 5
4285 606 5
4286 606 6
4287 628 6
4288 643 6
4289 615 6
4290 646 7
4291 647 7
4292 638 7
4293 649 7
4294 535 7
4295 662 5
4296 661 6
4297 662 7
4298 662 7
4299 664 8
4300 664 8
4301 624 8
4302 657 7
4303 662 8
4304 646 8
4305 662 8
4306 663 8
4307 621 8
4308 1 0
4309 2 0
4310 3 0
4311 4 0
4312 5 0
4313 7 0
4314 9 0
4315 10 0
4316 11 0
4317 12 0
4318 14 0
4319 16 0
4320 20 0
4321 22 0
4322 26 0
4323 28 0
4324 30 0
4325 35 0
4326 37 0
4327 42 0
4328 46 0
4329 53 0
4330 59 0
4331 66 0
4332 72 0
4333 82 0
4334 95 0
4335 103 0
4336 114 0
4337 125 0
4338 136 0
4339 144 0
4340 159 0
4341 178 0
4342 194 0
4343 214 0
4344 228 0
4345 241 0
4346 244 0
4347 258 0
4348 274 0
4349 283 0
4350 292 0
4351 299 0
4352 306 0
4353 314 0
4354 327 0
4355 337 0
4356 346 0
4357 357 0
4358 373 0
4359 381 0
4360 397 0
4361 407 0
4362 419 0
4363 430 0
4364 443 0
4365 453 0
4366 468 0
4367 476 0
4368 488 0
4369 494 0
4370 502 0
4371 516 0
4372 521 0
4373 527 0
4374 536 0
4375 545 0
4376 550 0
4377 550 1
4378 553 2
4379 556 3
4380 564 3
4381 570 3
4382 577 3
4383 583 3
4384 592 3
4385 598 4
4386 603 5
4387 620 5
4388 621 6
4389 622 7
4390 626 7
4391 625 7
4392 636 8
4393 626 8
4394 633 8
4395 649 8
4396 638 8
4397 635 8
4398 650 8
4399 635 8
4400 649 8
4401 647 8
4402 650 8
4403 649 8
4404 642 8
4405 654 8
4406 648 8
4407 660 8
4408 662 8
4409 1 0
4410 2 0
4411 3 0
4412 4 0
4413 5 0
4414 6 0
4415 8 0
4416 10 0
4417 11 0
4418 12 0
4419 13 0
4420 14 0
4421 15 0
4422 16 0
4423 17 0
4424 18 0
4425 19 0
4426 20 0
4427 21 0
4428 23 0
4429 24 0
4430 26 0
4431 28 0
4432 32 0
4433 33 0
4434 38 0
4435 42 0
4436 43 0
4437 47 0
4438 54 0
4439 56 0
4440 63 0
4441 68 0
4442 76 0
4443 80 0
4444 86 0
4445 94 0
4446 100 0
4447 107 0
4448 117 0
4449 124 0
4450 139 0
4451 154 0
4452 164 0
4453 173 0
4454 188 0
4455 197 0
4456 200 0
4457 206 0
4458 217 0
4459 224 0
4460 230 0
4461 240 0
4462 246 0
4463 250 0
4464 253 0
4465 265 0
4466 274 0
4467 280 0
4468 289 0
4469 292 0
4470 298 0
4471 306 0
4472 314 0
4473 326 0
4474 332 0
4475 336 0
4476 346 0
4477 357 0
4478 368 0
4479 379 0
4480 386 0
4481 389 0
4482 395 0
4483 404 0
4484 409 0
4485 409 1
4486 490 1
4487 499 1
4488 512 1
4489 513 2
4490 521 2
4491 533 2
4492 535 3
4493 548 3
4494 552 4
4495 578 4
4496 578 5
4497 583 6
4498 617 6
4499 622 6
4500 630 6
4501 630 7
4502 632 7
4503 633 8
4504 628 8
4505 627 8
4506 636 8
4507 631 8
4508 639 8
4509 643 8
4510 647 8
4511 642 8
4512 646 8
4513 628 8
4514 655 8
4515 375 7
4516 1 0
4517 2 0
4518 4 0
4519 6 0
4520 8 0
4521 9 0
4522 10 0
4523 12 0
4524 13 0
4525 14 0
4526 16 0
4527 17 0
4528 17 0
4529 18 0
4530 19 0
4531 21 0
4532 24 0
4533 25 0
4534 26 0
4535 27 0
4536 28 0
4537 29 0
4538 32 0
4539 36 0
4540 39 0
4541 41 0
4542 43 0
4543 44 0
4544 46 0
4545 50 0
4546 53 0
4547 58 0
4548 64 0
4549 67 0
4550 71 0
4551 73 0
4552 81 0
4553 84 0
4554 86 0
4555 88 0
4556 91 0
4557 98 0
4558 102 0
4559 110 0
4560 117 0
4561 128 0
4562 133 0
4563 141 0
4564 152 0
4565 160 0
4566 169 0
4567 172 0
4568 181 0
4569 186 0
4570 190 0
4571 197 0
4572 207 0
4573 213 0
4574 216 0
4575 222 0
4576 223 0
4577 228 0
4578 228 0
4579 230 0
4580 235 0
4581 236 0
4582 238 0
4583 243 0
4584 250 0
4585 254 0
4586 257 0
4587 261 0
4588 266 0
4589 268 0
4590 277 0
4591 283 0
4592 287 0
4593 293 0
4594 297 0
4595 303 0
4596 308 0
4597 318 0
4598 321 0
4599 325 0
4600 332 0
4601 337 0
4602 344 0
4603 350 0
4604 353 0
4605 358 0
4606 362 0
4607 366 0
4608 372 0
4609 376 0
4610 381 0
4611 385 0
4612 392 0
4613 399 0
4614 407 0
4615 414 0
4616 427 0
4617 433 0
4618 438 0
4619 442 0
4620 447 0
4621 453 0
4622 454 0
4623 461 0
4624 466 0
4625 473 0
4626 474 0
4627 482 0
4628 481 0
4629 485 0
4630 489 0
4631 494 0
4632 496 0
4633 502 0
4634 509 0
4635 512 0
4636 517 0
4637 519 0
4638 522 0
4639 527 0
4640 531 0
4641 531 1
4642 536 1
4643 537 2
4644 538 3
4645 546 4
4646 549 4
4647 553 4
4648 560 4
4649 569 4
4650 575 4
4651 575 5
4652 580 6
4653 588 6
4654 601 6
4655 610 6
4656 616 6
4657 616 7
4658 622 7
4659 621 7
4660 625 8
4661 624 8
4662 624 8
4663 625 8
4664 622 8
4665 628 8
4666 608 8
4667 637 8
4668 633 8
4669 649 8
4670 565 8
4671 669 7
4672 672 8
4673 681 8
4674 686 8
4675 601 7
4676 0 0
4677 1 0
4678 2 0
4679 3 0
4680 4 0
4681 5 0
4682 6 0
4683 7 0
4684 8 0
4685 9 0
4686 10 0
4687 11 0
4688 12 0
4689 13 0
4690 15 0
4691 17 0
4692 18 0
4693 20 0
4694 26 0
4695 28 0
4696 29 0
4697 30 0
4698 31 0
4699 33 0
4700 39 0
4701 41 0
4702 43 0
4703 49 0
4704 57 0
4705 61 0
4706 64 0
4707 67 0
4708 71 0
4709 75 0
4710 80 0
4711 83 0
4712 90 0
4713 97 0
4714 104 0
4715 110 0
4716 122 0
4717 141 0
4718 150 0
4719 168 0
4720 174 0
4721 184 0
4722 191 0
4723 201 0
4724 211 0
4725 217 0
4726 223 0
4727 228 0
4728 233 0
4729 240 0
4730 252 0
4731 261 0
4732 270 0
4733 281 0
4734 284 0
4735 291 0
4736 300 0
4737 307 0
4738 323 0
4739 326 0
4740 338 0
4741 350 0
4742 358 0
4743 363 0
4744 374 0
4745 380 0
4746 388 0
4747 398 0
4748 407 0
4749 420 0
4750 429 0
4751 438 0
4752 449 0
4753 458 0
4754 463 0
4755 470 0
4756 474 0
4757 479 0
4758 488 0
4759 490 0
4760 494 0
4761 501 0
4762 508 0
4763 520 0
4764 520 0
4765 528 0
4766 534 0
4767 538 0
4768 538 1
4769 540 2
4770 554 2
4771 554 3
4772 559 4
4773 583 4
4774 585 5
4775 601 5
4776 601 6
4777 612 6
4778 618 6
4779 619 7
4780 621 7
4781 627 8
4782 629 8
4783 626 8
4784 631 8
4785 632 8
4786 638 8
4787 566 8
4788 639 6
4789 646 7
4790 647 8
4791 651 8
4792 649 8
4793 626 8
4794 651 8
4795 650 8
4796 637 8
4797 659 8
4798 651 7
4799 1 0
4800 2 0
4801 3 0
4802 4 0
4803 5 0
4804 6 0
4805 7 0
4806 8 0
4807 9 0
4808 10 0
4809 11 0
4810 12 0
4811 13 0
4812 14 0
4813 15 0
4814 16 0
4815 17 0
4816 18 0
4817 19 0
4818 20 0
4819 22 0
4820 23 0
4821 25 0
4822 26 0
4823 27 0
4824 28 0
4825 29 0
4826 32 0
4827 33 0
4828 35 0
4829 36 0
4830 37 0
4831 40 0
4832 44 0
4833 46 0
4834 47 0
4835 51 0
4836 56 0
4837 58 0
4838 60 0
4839 65 0
4840 71 0
4841 73 0
4842 80 0
4843 82 0
4844 85 0
4845 91 0
4846 100 0
4847 103 0
4848 108 0
4849 115 0
4850 124 0
4851 131 0
4852 141 0
4853 154 0
4854 165 0
4855 166 0
4856 170 0
4857 176 0
4858 183 0
4859 192 0
4860 197 0
4861 203 0
4862 210 0
4863 217 0
4864 226 0
4865 233 0
4866 237 0
4867 239 0
4868 247 0
4869 252 0
4870 259 0
4871 262 0
4872 267 0
4873 272 0
4874 278 0
4875 285 0
4876 292 0
4877 296 0
4878 301 0
4879 311 0
4880 318 0
4881 325 0
4882 330 0
4883 334 0
4884 340 0
4885 351 0
4886 353 0
4887 361 0
4888 370 0
4889 372 0
4890 378 0
4891 383 0
4892 395 0
4893 400 0
4894 406 0
4895 415 0
4896 425 0
4897 432 0
4898 443 0
4899 448 0
4900 453 0
4901 460 0
4902 463 0
4903 467 0
4904 471 0
4905 476 0
4906 479 0
4907 481 0
4908 485 0
4909 487 0
4910 492 0
4911 494 0
4912 500 0
4913 507 0
4914 511 0
4915 511 1
4916 527 1
4917 532 2
4918 550 3
4919 559 4
4920 572 5
4921 572 6
4922 602 6
4923 611 7
4924 621 7
4925 624 6
4926 625 7
4927 624 8
4928 624 8
4929 626 8
4930 633 8
4931 616 8
4932 631 8
4933 631 8
4934 643 8
4935 590 7
4936 651 8
4937 653 8
4938 657 8
4939 541 7
4940 644 8
4941 658 8
4942 658 9
4943 667 9
4944 667 9
4945 668 9
4946 663 9
4947 671 9
4948 667 9
4949 670 9
4950 631 9
4951 0 0
4952 1 0
4953 2 0
4954 6 0
4955 15 0
4956 60 0
4957 278 0
4958 390 0
4959 503 0
4960 602 0
4961 626 0
4962 644 1
4963 646 2
4964 647 3
4965 649 3
4966 649 4
4967 658 4
4968 658 5
4969 660 6
4970 661 6
4971 661 7
4972 674 7
4973 675 8
4974 675 8
4975 675 8
4976 681 8
4977 677 9
4978 669 9
4979 677 9
4980 677 8
4981 680 9
4982 675 10
4983 648 8
4984 663 9
4985 672 9
4986 0 0
4987 1 0
4988 2 0
4989 3 0
4990 4 0
4991 5 0
4992 6 0
4993 7 0
4994 8 0
4995 9 0
4996 10 0
4997 11 0
4998 12 0
4999 14 0
5000 15 0
5001 16 0
5002 17 0
5003 18 0
5004 19 0
5005 20 0
5006 22 0
5007 23 0
5008 24 0
5009 25 0
5010 26 0
5011 28 0
5012 30 0
5013 32 0
5014 35 0
5015 36 0
5016 38 0
5017 41 0
5018 42 0
5019 43 0
5020 45 0
5021 47 0
5022 51 0
5023 53 0
5024 54 0
5025 58 0
5026 59 0
5027 61 0
5028 62 0
5029 64 0
5030 66 0
5031 67 0
5032 70 0
5033 72 0
5034 74 0
5035 78 0
5036 81 0
5037 86 0
5038 88 0
5039 91 0
5040 95 0
5041 100 0
5042 103 0
5043 106 0
5044 110 0
5045 114 0
5046 117 0
5047 121 0
5048 127 0
5049 131 0
5050 132 0
5051 134 0
5052 137 0
5053 138 0
5054 142 0
5055 145 0
5056 148 0
5057 151 0
5058 155 0
5059 157 0
5060 160 0
5061 162 0
5062 164 0
5063 168 0
5064 172 0
5065 176 0
5066 179 0
5067 181 0
5068 185 0
5069 187 0
5070 192 0
5071 195 0
5072 199 0
5073 202 0
5074 204 0
5075 206 0
5076 207 0
5077 209 0
5078 215 0
5079 220 0
5080 220 0
5081 224 0
5082 229 0
5083 235 0
5084 239 0
5085 245 0
5086 249 0
5087 252 0
5088 255 0
5089 259 0
5090 265 0
5091 270 0
5092 271 0
5093 274 0
5094 280 0
5095 282 0
5096 286 0
5097 290 0
5098 293 0
5099 295 0
5100 298 0
5101 298 0
5102 299 0
5103 299 0
5104 305 0
5105 307 0
5106 313 0
5107 316 0
5108 321 0
5109 325 0
5110 328 0
5111 331 0
5112 334 0
5113 337 0
5114 341 0
5115 347 0
5116 352 0
5117 354 0
5118 358 0
5119 366 0
5120 370 0
5121 372 0
5122 375 0
5123 379 0
5124 385 0
5125 389 0
5126 392 0
5127 395 0
5128 396 0
5129 398 0
5130 403 0
5131 407 0
5132 409 0
5133 416 0
5134 423 0
5135 424 0
5136 426 0
5137 430 0
5138 433 0
5139 438 0
5140 439 0
5141 441 0
5142 448 0
5143 451 0
5144 453 0
5145 457 0
5146 459 0
5147 463 0
5148 467 0
5149 471 0
5150 473 0
5151 475 0
5152 478 0
5153 480 0
5154 483 0
5155 488 0
5156 491 0
5157 492 0
5158 493 0
5159 495 0
5160 499 0
5161 501 0
5162 507 0
5163 507 1
5164 509 1
5165 513 1
5166 520 1
5167 522 1
5168 524 1
5169 525 1
5170 532 1
5171 534 1
5172 540 1
5173 544 0
5174 544 1
5175 550 0
5176 550 1
5177 552 0
5178 552 1
5179 554 0
5180 554 1
5181 558 1
5182 559 2
5183 564 2
5184 568 2
5185 570 0
5186 570 2
5187 571 0
5188 571 2
5189 571 3
5190 586 3
5191 586 4
5192 590 5
5193 600 5
5194 606 5
5195 619 5
5196 621 5
5197 621 6
5198 623 7
5199 636 7
5200 636 8
5201 636 8
5202 638 8
5203 639 8
5204 639 8
5205 639 9
5206 642 9
5207 494 6
5208 553 6
5209 647 7
5210 648 8
5211 656 9
5212 659 9
5213 659 9
5214 495 8
5215 1 0
5216 2 0
5217 4 0
5218 5 0
5219 8 0
5220 11 0
5221 13 0
5222 16 0
5223 18 0
5224 20 0
5225 27 0
5226 33 0
5227 39 0
5228 45 0
5229 53 0
5230 57 0
5231 69 0
5232 77 0
5233 87 0
5234 102 0
5235 118 0
5236 130 0
5237 148 0
5238 167 0
5239 177 0
5240 188 0
5241 194 0
5242 201 0
5243 213 0
5244 222 0
5245 232 0
5246 243 0
5247 249 0
5248 259 0
5249 266 0
5250 269 0
5251 274 0
5252 285 0
5253 295 0
5254 302 0
5255 306 0
5256 319 0
5257 326 0
5258 337 0
5259 342 0
5260 356 0
5261 370 0
5262 384 0
5263 395 0
5264 406 0
5265 413 0
5266 428 0
5267 441 0
5268 462 0
5269 477 0
5270 481 0
5271 492 0
5272 500 0
5273 509 0
5274 513 0
5275 522 0
5276 529 0
5277 531 0
5278 537 0
5279 545 0
5280 554 0
5281 561 0
5282 566 0
5283 568 0
5284 569 0
5285 569 1
5286 571 2
5287 599 2
5288 600 3
5289 602 4
5290 613 4
5291 614 5
5292 622 5
5293 630 5
5294 638 5
5295 639 6
5296 642 7
5297 643 7
5298 646 8
5299 649 8
5300 651 9
5301 652 8
5302 651 8
5303 630 8
5304 657 8
5305 660 8
5306 664 8
5307 623 9
5308 669 7
5309 675 8
5310 676 8
5311 675 8
5312 661 8
5313 671 7
5314 651 7
5315 682 7
5316 468 5
5317 1 0
5318 2 0
5319 3 0
5320 5 0
5321 8 0
5322 9 0
5323 10 0
5324 11 0
5325 13 0
5326 14 0
5327 15 0
5328 17 0
5329 18 0
5330 20 0
5331 21 0
5332 22 0
5333 25 0
5334 27 0
5335 28 0
5336 29 0
5337 30 0
5338 31 0
5339 34 0
5340 36 0
5341 39 0
5342 41 0
5343 42 0
5344 44 0
5345 50 0
5346 54 0
5347 56 0
5348 58 0
5349 61 0
5350 64 0
5351 69 0
5352 73 0
5353 75 0
5354 77 0
5355 84 0
5356 91 0
5357 99 0
5358 104 0
5359 106 0
5360 115 0
5361 119 0
5362 129 0
5363 134 0
5364 146 0
5365 152 0
5366 159 0
5367 164 0
5368 174 0
5369 177 0
5370 188 0
5371 192 0
5372 196 0
5373 200 0
5374 207 0
5375 211 0
5376 218 0
5377 224 0
5378 234 0
5379 235 0
5380 237 0
5381 243 0
5382 248 0
5383 257 0
5384 261 0
5385 273 0
5386 277 0
5387 284 0
5388 290 0
5389 296 0
5390 305 0
5391 309 0
5392 314 0
5393 320 0
5394 324 0
5395 332 0
5396 338 0
5397 341 0
5398 350 0
5399 357 0
5400 363 0
5401 372 0
5402 373 0
5403 380 0
5404 384 0
5405 393 0
5406 401 0
5407 411 0
5408 415 0
5409 417 0
5410 425 0
5411 432 0
5412 438 0
5413 446 0
5414 455 0
5415 461 0
5416 468 0
5417 471 0
5418 476 0
5419 482 0
5420 486 0
5421 495 0
5422 500 0
5423 501 0
5424 502 0
5425 506 0
5426 510 0
5427 516 0
5428 518 0
5429 523 0
5430 524 0
5431 527 0
5432 530 0
5433 534 0
5434 534 0
5435 534 1
5436 572 2
5437 599 2
5438 600 3
5439 616 4
5440 627 4
5441 627 5
5442 649 5
5443 649 6
5444 643 6
5445 657 6
5446 664 6
5447 669 6
5448 678 6
5449 676 6
5450 674 7
5451 654 7
5452 0 0
5453 1 0
5454 2 0
5455 3 0
5456 4 0
5457 6 0
5458 8 0
5459 9 0
5460 10 0
5461 11 0
5462 13 0
5463 15 0
5464 16 0
5465 20 0
5466 22 0
5467 27 0
5468 30 0
5469 35 0
5470 48 0
5471 60 0
5472 68 0
5473 88 0
5474 98 0
5475 116 0
5476 152 0
5477 186 0
5478 209 0
5479 229 0
5480 245 0
5481 263 0
5482 278 0
5483 296 0
5484 320 0
5485 339 0
5486 350 0
5487 360 0
5488 388 0
5489 414 0
5490 442 0
5491 465 0
5492 484 0
5493 498 0
5494 510 0
5495 517 0
5496 524 0
5497 543 0
5498 551 0
5499 554 1
5500 554 2
5501 569 2
5502 577 2
5503 584 2
5504 586 2
5505 593 2
5506 602 2
5507 602 3
5508 609 3
5509 613 3
5510 614 4
5511 615 4
5512 615 5
5513 620 5
5514 623 5
5515 632 5
5516 640 5
5517 640 6
5518 651 6
5519 651 7
5520 658 7
5521 670 7
5522 655 6
5523 671 7
5524 668 7
5525 671 7
5526 668 7
5527 671 7
5528 670 7
5529 674 7
5530 666 7
5531 675 7
5532 627 6
5533 1 0
5534 2 0
5535 3 0
5536 4 0
5537 5 0
5538 6 0
5539 8 0
5540 11 0
5541 17 0
5542 23 0
5543 33 0
5544 41 0
5545 55 0
5546 71 0
5547 93 0
5548 127 0
5549 173 0
5550 202 0
5551 231 0
5552 250 0
5553 259 0
5554 280 0
5555 292 0
5556 315 0
5557 324 0
5558 339 0
5559 363 0
5560 393 0
5561 418 0
5562 445 0
5563 461 0
5564 483 0
5565 501 0
5566 512 0
5567 517 0
5568 519 0
5569 525 0
5570 533 0
5571 547 0
5572 558 0
5573 570 0
5574 570 1
5575 572 1
5576 582 1
5577 591 2
5578 601 2
5579 611 2
5580 615 2
5581 615 3
5582 626 3
5583 627 3
5584 627 4
5585 631 4
5586 631 5
5587 642 5
5588 646 5
5589 646 6
5590 654 6
5591 665 6
5592 667 6
5593 662 6
5594 670 7
5595 490 4
5596 516 6
5597 655 6
5598 683 6
5599 684 6
5600 675 7
5601 647 7
5602 675 6
5603 678 7
5604 684 7
5605 681 7
5606 1 0
5607 1 0
5608 2 0
5609 3 0
5610 4 0
5611 5 0
5612 6 0
5613 8 0
5614 9 0
5615 10 0
5616 13 0
5617 15 0
5618 18 0
5619 22 0
5620 26 0
5621 29 0
5622 34 0
5623 46 0
5624 52 0
5625 62 0
5626 77 0
5627 102 0
5628 126 0
5629 142 0
5630 160 0
5631 178 0
5632 202 0
5633 210 0
5634 225 0
5635 231 0
5636 242 0
5637 250 0
5638 267 0
5639 282 0
5640 302 0
5641 320 0
5642 342 0
5643 355 0
5644 374 0
5645 393 0
5646 410 0
5647 429 0
5648 444 0
5649 457 0
5650 476 0
5651 495 0
5652 501 0
5653 509 0
5654 519 0
5655 520 1
5656 526 1
5657 533 1
5658 539 1
5659 553 1
5660 556 1
5661 556 2
5662 574 3
5663 608 4
5664 611 5
5665 636 5
5666 640 6
5667 642 7
5668 652 7
5669 664 7
5670 631 7
5671 676 7
5672 676 7
5673 676 7
5674 0 0
5675 1 0
5676 3 0
5677 5 0
5678 6 0
5679 7 0
5680 12 0
5681 15 0
5682 37 0
5683 53 0
5684 92 0
5685 203 0
5686 262 0
5687 338 0
5688 372 0
5689 452 0
5690 516 0
5691 568 0
5692 578 0
5693 593 0
5694 600 0
5695 600 1
5696 618 2
5697 639 3
5698 641 4
5699 647 5
5700 653 6
5701 653 7
5702 661 8
5703 668 8
5704 668 8
5705 669 8
5706 670 8
5707 637 8
5708 1 0
5709 2 0
5710 3 0
5711 5 0
5712 6 0
5713 7 0
5714 10 0
5715 12 0
5716 14 0
5717 15 0
5718 17 0
5719 20 0
5720 22 0
5721 22 0
5722 24 0
5723 27 0
5724 30 0
5725 32 0
5726 37 0
5727 42 0
5728 44 0
5729 45 0
5730 49 0
5731 55 0
5732 63 0
5733 69 0
5734 74 0
5735 80 0
5736 81 0
5737 87 0
5738 91 0
5739 103 0
5740 108 0
5741 116 0
5742 121 0
5743 125 0
5744 137 0
5745 146 0
5746 151 0
5747 163 0
5748 169 0
5749 178 0
5750 183 0
5751 185 0
5752 191 0
5753 201 0
5754 205 0
5755 207 0
5756 215 0
5757 217 0
5758 224 0
5759 227 0
5760 234 0
5761 243 0
5762 248 0
5763 258 0
5764 260 0
5765 262 0
5766 265 0
5767 273 0
5768 277 0
5769 285 0
5770 289 0
5771 292 0
5772 293 0
5773 300 0
5774 310 0
5775 317 0
5776 323 0
5777 331 0
5778 337 0
5779 343 0
5780 345 0
5781 350 0
5782 353 0
5783 360 0
5784 368 0
5785 373 0
5786 384 0
5787 393 0
5788 404 0
5789 411 0
5790 413 0
5791 419 0
5792 424 0
5793 433 0
5794 442 0
5795 446 0
5796 452 0
5797 462 0
5798 464 0
5799 473 0
5800 476 0
5801 478 0
5802 486 0
5803 492 0
5804 494 0
5805 497 0
5806 505 0
5807 510 0
5808 515 0
5809 521 0
5810 530 0
5811 533 0
5812 536 0
5813 539 0
5814 540 0
5815 545 0
5816 545 1
5817 553 1
5818 561 0
5819 561 2
5820 575 2
5821 575 3
5822 599 3
5823 599 4
5824 612 4
5825 612 5
5826 635 6
5827 635 7
5828 647 7
5829 647 8
5830 653 8
5831 660 8
5832 606 7
5833 670 2
5834 670 4
5835 670 7
5836 670 8
5837 544 7
5838 556 8
5839 661 7
5840 669 7
5841 670 8
5842 668 8
5843 667 8
5844 667 8
5845 666 8
5846 666 8
5847 657 8
5848 662 8
5849 654 8
5850 665 8
5851 660 8
5852 667 8
5853 657 8
5854 2 0
5855 2 0
5856 3 0
5857 4 0
5858 5 0
5859 6 0
5860 8 0
5861 10 0
5862 12 0
5863 13 0
5864 16 0
5865 18 0
5866 23 0
5867 27 0
5868 37 0
5869 48 0
5870 53 0
5871 65 0
5872 74 0
5873 92 0
5874 112 0
5875 126 0
5876 144 0
5877 172 0
5878 186 0
5879 205 0
5880 223 0
5881 226 0
5882 236 0
5883 244 0
5884 259 0
5885 269 0
5886 279 0
5887 294 0
5888 312 0
5889 324 0
5890 338 0
5891 350 0
5892 366 0
5893 378 0
5894 392 0
5895 410 0
5896 428 0
5897 451 0
5898 468 0
5899 491 0
5900 502 0
5901 521 0
5902 528 0
5903 532 0
5904 538 0
5905 545 0
5906 554 0
5907 561 0
5908 565 0
5909 565 1
5910 568 2
5911 570 2
5912 577 1
5913 577 3
5914 597 3
5915 598 4
5916 610 5
5917 614 6
5918 615 7
5919 630 7
5920 633 7
5921 633 8
5922 656 8
5923 662 8
5924 663 8
5925 319 7
5926 1 0
5927 2 0
5928 4 0
5929 5 0
5930 7 0
5931 8 0
5932 9 0
5933 11 0
5934 13 0
5935 18 0
5936 18 0
5937 21 0
5938 25 0
5939 28 0
5940 33 0
5941 37 0
5942 40 0
5943 42 0
5944 47 0
5945 52 0
5946 59 0
5947 70 0
5948 79 0
5949 84 0
5950 96 0
5951 105 0
5952 118 0
5953 126 0
5954 132 0
5955 141 0
5956 153 0
5957 165 0
5958 174 0
5959 182 0
5960 200 0
5961 209 0
5962 217 0
5963 220 0
5964 227 0
5965 233 0
5966 241 0
5967 247 0
5968 256 0
5969 264 0
5970 269 0
5971 276 0
5972 284 0
5973 290 0
5974 300 0
5975 303 0
5976 312 0
5977 319 0
5978 322 0
5979 328 0
5980 335 0
5981 346 0
5982 351 0
5983 357 0
5984 366 0
5985 369 0
5986 387 0
5987 393 0
5988 404 0
5989 414 0
5990 421 0
5991 430 0
5992 435 0
5993 442 0
5994 449 0
5995 458 0
5996 468 0
5997 470 0
5998 485 0
5999 492 0
6000 501 0
6001 507 0
6002 515 0
6003 522 0
6004 525 0
6005 529 1
6006 533 1
6007 541 1
6008 547 1
6009 548 1
6010 552 1
6011 556 1
6012 559 1
6013 570 1
6014 572 1
6015 573 2
6016 574 2
6017 578 0
6018 578 2
6019 579 1
6020 579 3
6021 607 3
6022 607 4
6023 611 5
6024 615 6
6025 620 7
6026 638 7
6027 640 7
6028 640 8
6029 655 8
6030 663 8
6031 661 8
6032 454 6
6033 1 0
6034 2 0
6035 3 0
6036 4 0
6037 5 0
6038 7 0
6039 9 0
6040 10 0
6041 12 0
6042 13 0
6043 14 0
6044 15 0
6045 20 0
6046 24 0
6047 28 0
6048 34 0
6049 40 0
6050 47 0
6051 49 0
6052 51 0
6053 58 0
6054 65 0
6055 79 0
6056 91 0
6057 101 0
6058 108 0
6059 119 0
6060 136 0
6061 146 0
6062 164 0
6063 180 0
6064 194 0
6065 202 0
6066 212 0
6067 223 0
6068 227 0
6069 232 0
6070 236 0
6071 247 0
6072 254 0
6073 260 0
6074 266 0
6075 273 0
6076 280 0
6077 285 0
6078 292 0
6079 300 0
6080 305 0
6081 311 0
6082 319 0
6083 323 0
6084 331 0
6085 340 0
6086 348 0
6087 360 0
6088 370 0
6089 381 0
6090 390 0
6091 404 0
6092 418 0
6093 427 0
6094 440 0
6095 446 0
6096 453 0
6097 466 0
6098 473 0
6099 481 0
6100 486 0
6101 495 0
6102 500 0
6103 509 0
6104 514 0
6105 519 0
6106 524 0
6107 529 0
6108 535 0
6109 540 0
6110 542 0
6111 550 0
6112 550 1
6113 556 1
6114 561 1
6115 573 1
6116 575 1
6117 577 1
6118 582 1
6119 582 2
6120 598 2
6121 598 3
6122 602 3
6123 604 4
6124 610 4
6125 610 5
6126 612 6
6127 613 7
6128 618 7
6129 627 7
6130 633 7
6131 638 7
6132 638 8
6133 645 8
6134 640 8
6135 650 8
6136 644 8
6137 658 8
6138 661 8
6139 659 8
6140 659 8
6141 655 8
6142 663 8
6143 663 8
6144 410 7
6145 1 0
6146 2 0
6147 3 0
6148 3 0
6149 4 0
6150 5 0
6151 6 0
6152 8 0
6153 10 0
6154 11 0
6155 13 0
6156 14 0
6157 15 0
6158 16 0
6159 17 0
6160 23 0
6161 25 0
6162 26 0
6163 28 0
6164 34 0
6165 37 0
6166 43 0
6167 47 0
6168 52 0
6169 52 0
6170 56 0
6171 63 0
6172 67 0
6173 74 0
6174 79 0
6175 92 0
6176 101 0
6177 110 0
6178 120 0
6179 129 0
6180 143 0
6181 150 0
6182 167 0
6183 172 0
6184 180 0
6185 192 0
6186 202 0
6187 210 0
6188 216 0
6189 223 0
6190 227 0
6191 230 0
6192 241 0
6193 247 0
6194 250 0
6195 251 0
6196 259 0
6197 265 0
6198 271 0
6199 275 0
6200 282 0
6201 289 0
6202 294 0
6203 300 0
6204 305 0
6205 314 0
6206 322 0
6207 332 0
6208 338 0
6209 344 0
6210 359 0
6211 368 0
6212 379 0
6213 389 0
6214 397 0
6215 405 0
6216 407 0
6217 415 0
6218 424 0
6219 432 0
6220 438 0
6221 451 0
6222 456 0
6223 465 0
6224 469 0
6225 471 0
6226 476 0
6227 481 0
6228 482 1
6229 494 1
6230 510 1
6231 517 1
6232 517 1
6233 525 1
6234 530 1
6235 537 1
6236 537 1
6237 544 1
6238 551 1
6239 551 2
6240 559 2
6241 563 2
6242 565 2
6243 566 0
6244 566 2
6245 569 1
6246 569 2
6247 569 3
6248 573 4
6249 579 5
6250 588 5
6251 595 6
6252 600 7
6253 612 8
6254 616 8
6255 619 8
6256 622 8
6257 625 8
6258 625 8
6259 628 9
6260 628 9
6261 633 9
6262 647 9
6263 655 9
6264 663 9
6265 654 9
6266 1 0
6267 39 0
6268 186 0
6269 278 0
6270 369 0
6271 434 0
6272 524 0
6273 604 0
6274 614 1
6275 630 1
6276 636 1
6277 636 3
6278 638 4
6279 650 4
6280 650 5
6281 653 6
6282 653 7
6283 656 8
6284 660 8
6285 660 9
6286 666 9
6287 667 9
6288 671 9
6289 669 9
6290 569 8
6291 1 0
6292 2 0
6293 3 0
6294 4 0
6295 6 0
6296 7 0
6297 8 0
6298 10 0
6299 11 0
6300 13 0
6301 14 0
6302 15 0
6303 16 0
6304 17 0
6305 20 0
6306 21 0
6307 22 0
6308 23 0
6309 25 0
6310 26 0
6311 27 0
6312 28 0
6313 33 0
6314 34 0
6315 36 0
6316 37 0
6317 39 0
6318 44 0
6319 48 0
6320 50 0
6321 53 0
6322 56 0
6323 64 0
6324 68 0
6325 74 0
6326 83 0
6327 89 0
6328 96 0
6329 101 0
6330 106 0
6331 114 0
6332 124 0
6333 130 0
6334 139 0
6335 151 0
6336 158 0
6337 165 0
6338 169 0
6339 174 0
6340 184 0
6341 190 0
6342 199 0
6343 203 0
6344 208 0
6345 213 0
6346 221 0
6347 226 0
6348 234 0
6349 240 0
6350 245 0
6351 247 0
6352 253 0
6353 256 0
6354 262 0
6355 265 0
6356 267 0
6357 270 0
6358 272 0
6359 274 0
6360 277 0
6361 283 0
6362 290 0
6363 298 0
6364 303 0
6365 312 0
6366 317 0
6367 325 0
6368 328 0
6369 335 0
6370 342 0
6371 344 0
6372 351 0
6373 354 0
6374 357 0
6375 362 0
6376 370 0
6377 380 0
6378 386 0
6379 392 0
6380 396 0
6381 404 0
6382 410 0
6383 419 0
6384 423 0
6385 429 0
6386 436 0
6387 443 0
6388 453 0
6389 457 0
6390 464 0
6391 467 0
6392 472 0
6393 478 0
6394 486 0
6395 491 0
6396 496 0
6397 502 0
6398 508 0
6399 512 0
6400 517 0
6401 521 0
6402 527 0
6403 532 0
6404 533 0
6405 534 0
6406 533 1
6407 560 1
6408 566 1
6409 772 0
6410 773 0
6411 773 2
6412 773 3
6413 773 3
6414 773 3
6415 773 4
6416 773 4
6417 772 5
6418 774 5
6419 775 6
6420 775 7
6421 773 8
6422 777 8
6423 777 9
6424 784 9
6425 0 0
6426 1 0
6427 1 0
6428 2 0
6429 3 0
6430 5 0
6431 7 0
6432 8 0
6433 9 0
6434 11 0
6435 13 0
6436 15 0
6437 18 0
6438 22 0
6439 24 0
6440 25 0
6441 28 0
6442 38 0
6443 47 0
6444 54 0
6445 61 0
6446 77 0
6447 89 0
6448 103 0
6449 122 0
6450 140 0
6451 160 0
6452 171 0
6453 187 0
6454 196 0
6455 206 0
6456 215 0
6457 223 0
6458 229 0
6459 242 0
6460 254 0
6461 259 0
6462 269 0
6463 274 0
6464 280 0
6465 285 0
6466 292 0
6467 308 0
6468 318 0
6469 324 0
6470 331 0
6471 345 0
6472 363 0
6473 369 0
6474 380 0
6475 401 0
6476 412 0
6477 425 0
6478 440 0
6479 453 0
6480 467 0
6481 474 0
6482 483 0
6483 493 0
6484 496 0
6485 505 0
6486 516 0
6487 521 0
6488 528 0
6489 532 0
6490 540 0
6491 542 0
6492 545 0
6493 545 1
6494 556 1
6495 558 1
6496 558 2
6497 559 3
6498 569 3
6499 569 4
6500 569 5
6501 581 6
6502 588 7
6503 592 7
6504 604 7
6505 604 8
6506 610 8
6507 610 9
6508 624 9
6509 633 9
6510 653 9
6511 658 9
6512 663 8
6513 667 9
6514 419 7
6515 1 0
6516 2 0
6517 3 0
6518 4 0
6519 6 0
6520 7 0
6521 12 0
6522 17 0
6523 24 0
6524 34 0
6525 42 0
6526 56 0
6527 74 0
6528 102 0
6529 120 0
6530 159 0
6531 187 0
6532 218 0
6533 240 0
6534 248 0
6535 258 0
6536 272 0
6537 296 0
6538 309 0
6539 316 0
6540 326 0
6541 347 0
6542 364 0
6543 372 0
6544 402 0
6545 428 0
6546 457 0
6547 473 0
6548 501 0
6549 525 0
6550 536 0
6551 547 0
6552 558 0
6553 572 0
6554 579 0
6555 581 0
6556 581 1
6557 604 1
6558 611 1
6559 611 2
6560 613 3
6561 619 4
6562 620 5
6563 624 6
6564 625 7
6565 636 7
6566 645 7
6567 648 7
6568 648 8
6569 652 9
6570 654 9
6571 659 8
6572 663 9
6573 604 8
6574 688 8
6575 692 8
6576 692 9
6577 689 9
6578 689 9
6579 1 0
6580 2 0
6581 6 0
6582 11 0
6583 12 0
6584 16 0
6585 17 0
6586 22 0
6587 25 0
6588 29 0
6589 42 0
6590 47 0
6591 60 0
6592 78 0
6593 89 0
6594 123 0
6595 174 0
6596 212 0
6597 255 0
6598 274 0
6599 285 0
6600 307 0
6601 338 0
6602 370 0
6603 396 0
6604 430 0
6605 455 0
6606 486 0
6607 508 0
6608 530 0
6609 547 0
6610 563 0
6611 580 0
6612 581 1
6613 591 1
6614 592 3
6615 601 4
6616 614 5
6617 623 6
6618 628 7
6619 638 8
6620 646 9
6621 656 9
6622 662 9
6623 665 9
6624 658 9
6625 666 9
6626 634 9
6627 674 9
6628 677 9
6629 681 9
6630 675 9
6631 1 0
6632 2 0
6633 3 0
6634 4 0
6635 5 0
6636 6 0
6637 7 0
6638 8 0
6639 9 0
6640 10 0
6641 11 0
6642 12 0
6643 13 0
6644 14 0
6645 15 0
6646 16 0
6647 17 0
6648 18 0
6649 19 0
6650 20 0
6651 21 0
6652 22 0
6653 23 0
6654 25 0
6655 26 0
6656 28 0
6657 32 0
6658 33 0
6659 35 0
6660 36 0
6661 37 0
6662 38 0
6663 38 0
6664 51 0
6665 62 0
6666 81 0
6667 112 0
6668 141 0
6669 159 0
6670 175 0
6671 199 0
6672 218 0
6673 231 0
6674 254 0
6675 269 0
6676 284 0
6677 300 0
6678 318 0
6679 337 0
6680 352 0
6681 369 0
6682 388 0
6683 402 0
6684 425 0
6685 445 0
6686 474 0
6687 482 0
6688 495 0
6689 504 0
6690 515 0
6691 527 0
6692 538 0
6693 540 0
6694 544 0
6695 546 0
6696 546 1
6697 561 1
6698 565 1
6699 565 2
6700 582 2
6701 587 2
6702 590 0
6703 590 2
6704 591 3
6705 591 4
6706 603 6
6707 606 7
6708 631 8
6709 645 8
6710 653 8
6711 653 9
6712 668 9
6713 663 9
6714 666 9
6715 664 9
6716 1 0
6717 2 0
6718 3 0
6719 4 0
6720 5 0
6721 7 0
6722 8 0
6723 11 0
6724 12 0
6725 13 0
6726 13 0
6727 15 0
6728 17 0
6729 19 0
6730 21 0
6731 22 0
6732 25 0
6733 29 0
6734 30 0
6735 32 0
6736 35 0
6737 36 0
6738 38 0
6739 41 0
6740 46 0
6741 48 0
6742 51 0
6743 53 0
6744 56 0
6745 59 0
6746 63 0
6747 68 0
6748 72 0
6749 75 0
6750 78 0
6751 83 0
6752 85 0
6753 88 0
6754 93 0
6755 97 0
6756 101 0
6757 103 0
6758 109 0
6759 114 0
6760 120 0
6761 128 0
6762 136 0
6763 141 0
6764 144 0
6765 150 0
6766 153 0
6767 155 0
6768 160 0
6769 165 0
6770 170 0
6771 174 0
6772 179 0
6773 183 0
6774 185 0
6775 188 0
6776 193 0
6777 197 0
6778 204 0
6779 210 0
6780 212 0
6781 217 0
6782 221 0
6783 224 0
6784 225 0
6785 228 0
6786 231 0
6787 238 0
6788 240 0
6789 244 0
6790 246 0
6791 250 0
6792 253 0
6793 256 0
6794 258 0
6795 260 0
6796 261 0
6797 266 0
6798 270 0
6799 274 0
6800 275 0
6801 277 0
6802 279 0
6803 283 0
6804 289 0
6805 295 0
6806 297 0
6807 302 0
6808 311 0
6809 316 0
6810 322 0
6811 327 0
6812 330 0
6813 333 0
6814 338 0
6815 342 0
6816 344 0
6817 345 0
6818 350 0
6819 353 0
6820 360 0
6821 364 0
6822 366 0
6823 371 0
6824 374 0
6825 378 0
6826 379 0
6827 383 0
6828 384 0
6829 388 0
6830 393 0
6831 396 0
6832 401 0
6833 407 0
6834 413 0
6835 415 0
6836 421 0
6837 425 0
6838 426 0
6839 432 0
6840 441 0
6841 444 0
6842 447 0
6843 452 0
6844 456 0
6845 465 0
6846 467 0
6847 472 0
6848 477 0
6849 478 0
6850 480 0
6851 482 0
6852 487 0
6853 491 0
6854 492 0
6855 495 0
6856 498 0
6857 502 0
6858 505 0
6859 510 0
6860 514 0
6861 515 0
6862 516 0
6863 518 0
6864 520 0
6865 522 0
6866 524 0
6867 530 0
6868 531 0
6869 534 0
6870 536 0
6871 541 0
6872 547 0
6873 555 0
6874 558 0
6875 558 1
6876 561 1
6877 572 1
6878 572 2
6879 583 2
6880 586 3
6881 587 4
6882 588 5
6883 611 5
6884 611 6
6885 628 6
6886 633 7
6887 632 7
6888 632 8
6889 657 8
6890 664 8
6891 664 9
6892 474 8
6893 713 6
6894 3 0
6895 4 0
6896 5 0
6897 9 0
6898 11 0
6899 12 0
6900 16 0
6901 20 0
6902 25 0
6903 31 0
6904 34 0
6905 41 0
6906 49 0
6907 61 0
6908 70 0
6909 77 0
6910 88 0
6911 96 0
6912 109 0
6913 122 0
6914 131 0
6915 140 0
6916 152 0
6917 164 0
6918 186 0
6919 210 0
6920 233 0
6921 248 0
6922 268 0
6923 285 0
6924 300 0
6925 314 0
6926 324 0
6927 336 0
6928 352 0
6929 364 0
6930 382 0
6931 388 0
6932 404 0
6933 417 0
6934 426 0
6935 445 0
6936 465 0
6937 482 0
6938 497 0
6939 519 0
6940 525 0
6941 542 0
6942 554 0
6943 557 0
6944 558 1
6945 583 2
6946 594 3
6947 595 4
6948 602 5
6949 620 6
6950 624 7
6951 633 7
6952 649 7
6953 652 8
6954 666 8
6955 659 8
6956 665 8
6957 664 8
6958 453 8
6959 1 0
6960 2 0
6961 4 0
6962 5 0
6963 6 0
6964 7 0
6965 11 0
6966 12 0
6967 13 0
6968 18 0
6969 21 0
6970 28 0
6971 32 0
6972 36 0
6973 39 0
6974 48 0
6975 58 0
6976 64 0
6977 68 0
6978 82 0
6979 94 0
6980 110 0
6981 133 0
6982 150 0
6983 168 0
6984 173 0
6985 189 0
6986 210 0
6987 220 0
6988 229 0
6989 237 0
6990 248 0
6991 251 0
6992 260 0
6993 269 0
6994 272 0
6995 281 0
6996 289 0
6997 295 0
6998 302 0
6999 312 0
7000 323 0
7001 329 0
7002 343 0
7003 355 0
7004 365 0
7005 378 0
7006 386 0
7007 411 0
7008 424 0
7009 430 0
7010 449 0
7011 461 0
7012 482 0
7013 494 0
7014 508 0
7015 512 0
7016 518 0
7017 524 0
7018 533 0
7019 542 0
7020 549 0
7021 552 0
7022 560 0
7023 564 0
7024 567 0
7025 570 0
7026 570 1
7027 575 2
7028 587 3
7029 587 4
7030 599 5
7031 614 6
7032 619 6
7033 622 6
7034 623 6
7035 628 6
7036 629 6
7037 633 6
7038 635 8
7039 643 8
7040 659 8
7041 662 8
7042 480 7
7043 1 0
7044 2 0
7045 4 0
7046 5 0
7047 7 0
7048 10 0
7049 11 0
7050 14 0
7051 18 0
7052 23 0
7053 25 0
7054 27 0
7055 32 0
7056 34 0
7057 39 0
7058 43 0
7059 46 0
7060 51 0
7061 54 0
7062 57 0
7063 61 0
7064 68 0
7065 73 0
7066 81 0
7067 90 0
7068 103 0
7069 115 0
7070 122 0
7071 137 0
7072 148 0
7073 160 0
7074 166 0
7075 172 0
7076 182 0
7077 190 0
7078 196 0
7079 204 0
7080 211 0
7081 217 0
7082 224 0
7083 229 0
7084 233 0
7085 240 0
7086 243 0
7087 255 0
7088 263 0
7089 268 0
7090 273 0
7091 283 0
7092 285 0
7093 292 0
7094 300 0
7095 309 0
7096 317 0
7097 322 0
7098 323 0
7099 333 0
7100 342 0
7101 342 0
7102 345 0
7103 346 0
7104 357 0
7105 363 0
7106 375 0
7107 381 0
7108 388 0
7109 398 0
7110 408 0
7111 417 0
7112 430 0
7113 439 0
7114 448 0
7115 461 0
7116 472 0
7117 476 0
7118 487 0
7119 494 0
7120 497 0
7121 506 0
7122 513 0
7123 516 0
7124 524 0
7125 529 0
7126 533 0
7127 537 0
7128 537 0
7129 544 0
7130 547 0
7131 550 0
7132 551 0
7133 551 1
7134 563 2
7135 564 3
7136 579 3
7137 591 4
7138 591 5
7139 602 6
7140 614 6
7141 625 7
7142 634 8
7143 647 8
7144 644 8
7145 1 0
7146 2 0
7147 4 0
7148 5 0
7149 7 0
7150 8 0
7151 10 0
7152 19 0
7153 30 0
7154 42 0
7155 58 0
7156 72 0
7157 123 0
7158 163 0
7159 189 0
7160 214 0
7161 233 0
7162 246 0
7163 259 0
7164 286 0
7165 301 0
7166 324 0
7167 343 0
7168 367 0
7169 391 0
7170 419 0
7171 446 0
7172 468 0
7173 491 0
7174 514 0
7175 535 0
7176 547 0
7177 561 0
7178 568 0
7179 579 0
7180 582 0
7181 585 0
7182 585 1
7183 587 2
7184 590 3
7185 602 3
7186 613 4
7187 620 5
7188 627 6
7189 638 6
7190 643 6
7191 649 7
7192 650 8
7193 655 8
7194 664 8
7195 596 8
7196 1 0
7197 2 0
7198 3 0
7199 4 0
7200 5 0
7201 9 0
7202 11 0
7203 13 0
7204 15 0
7205 18 0
7206 22 0
7207 23 0
7208 24 0
7209 28 0
7210 30 0
7211 33 0
7212 34 0
7213 36 0
7214 41 0
7215 43 0
7216 46 0
7217 47 0
7218 48 0
7219 54 0
7220 61 0
7221 62 0
7222 64 0
7223 70 0
7224 75 0
7225 81 0
7226 91 0
7227 97 0
7228 102 0
7229 111 0
7230 119 0
7231 128 0
7232 136 0
7233 140 0
7234 147 0
7235 158 0
7236 168 0
7237 169 0
7238 175 0
7239 179 0
7240 182 0
7241 186 0
7242 190 0
7243 200 0
7244 206 0
7245 212 0
7246 217 0
7247 223 0
7248 226 0
7249 231 0
7250 235 0
7251 239 0
7252 242 0
7253 246 0
7254 258 0
7255 260 0
7256 264 0
7257 272 0
7258 273 0
7259 277 0
7260 285 0
7261 290 0
7262 292 0
7263 297 0
7264 304 0
7265 309 0
7266 314 0
7267 317 0
7268 321 0
7269 327 0
7270 331 0
7271 341 0
7272 348 0
7273 353 0
7274 359 0
7275 366 0
7276 370 0
7277 374 0
7278 383 0
7279 389 0
7280 396 0
7281 408 0
7282 419 0
7283 427 0
7284 433 0
7285 440 0
7286 444 0
7287 448 0
7288 456 0
7289 462 0
7290 463 0
7291 469 0
7292 480 0
7293 483 0
7294 489 0
7295 498 0
7296 501 0
7297 505 0
7298 511 0
7299 513 0
7300 514 0
7301 517 0
7302 524 0
7303 528 0
7304 530 0
7305 533 0
7306 536 0
7307 542 0
7308 544 0
7309 548 0
7310 551 0
7311 554 0
7312 554 1
7313 557 2
7314 564 3
7315 577 3
7316 588 4
7317 600 5
7318 613 6
7319 621 6
7320 634 6
7321 640 7
7322 650 7
7323 652 8
7324 657 8
7325 663 8
7326 364 7
7327 2 0
7328 3 0
7329 4 0
7330 6 0
7331 7 0
7332 8 0
7333 13 0
7334 15 0
7335 16 0
7336 20 0
7337 22 0
7338 24 0
7339 27 0
7340 31 0
7341 35 0
7342 41 0
7343 43 0
7344 50 0
7345 53 0
7346 58 0
7347 61 0
7348 70 0
7349 76 0
7350 86 0
7351 98 0
7352 112 0
7353 123 0
7354 135 0
7355 139 0
7356 148 0
7357 160 0
7358 170 0
7359 177 0
7360 186 0
7361 193 0
7362 204 0
7363 211 0
7364 219 0
7365 230 0
7366 238 0
7367 249 0
7368 252 0
7369 254 0
7370 264 0
7371 272 0
7372 273 0
7373 282 0
7374 292 0
7375 297 0
7376 304 0
7377 313 0
7378 321 0
7379 328 0
7380 336 0
7381 342 0
7382 349 0
7383 365 0
7384 373 0
7385 383 0
7386 394 0
7387 405 0
7388 413 0
7389 425 0
7390 445 0
7391 452 0
7392 460 0
7393 467 0
7394 478 0
7395 487 0
7396 499 0
7397 506 0
7398 517 0
7399 524 0
7400 530 0
7401 534 0
7402 537 0
7403 539 0
7404 552 0
7405 559 0
7406 567 0
7407 572 0
7408 573 1
7409 574 1
7410 574 2
7411 580 2
7412 583 2
7413 585 3
7414 585 3
7415 592 3
7416 595 4
7417 600 5
7418 607 5
7419 620 5
7420 622 6
7421 628 6
7422 634 6
7423 642 6
7424 644 6
7425 648 6
7426 650 6
7427 651 7
7428 655 8
7429 660 9
7430 667 9
7431 658 8
7432 665 8
7433 668 8
7434 1 0
7435 2 0
7436 3 0
7437 4 0
7438 6 0
7439 7 0
7440 11 0
7441 13 0
7442 14 0
7443 15 0
7444 17 0
7445 18 0
7446 19 0
7447 20 0
7448 23 0
7449 28 0
7450 30 0
7451 33 0
7452 35 0
7453 38 0
7454 40 0
7455 43 0
7456 48 0
7457 52 0
7458 56 0
7459 60 0
7460 64 0
7461 68 0
7462 73 0
7463 84 0
7464 95 0
7465 106 0
7466 113 0
7467 121 0
7468 131 0
7469 132 0
7470 137 0
7471 144 0
7472 154 0
7473 157 0
7474 164 0
7475 169 0
7476 172 0
7477 177 0
7478 183 0
7479 187 0
7480 192 0
7481 197 0
7482 203 0
7483 210 0
7484 219 0
7485 223 0
7486 229 0
7487 235 0
7488 239 0
7489 241 0
7490 244 0
7491 247 0
7492 250 0
7493 252 0
7494 256 0
7495 260 0
7496 267 0
7497 276 0
7498 278 0
7499 283 0
7500 289 0
7501 291 0
7502 293 0
7503 299 0
7504 301 0
7505 303 0
7506 305 0
7507 308 0
7508 310 0
7509 316 0
7510 321 0
7511 329 0
7512 335 0
7513 342 0
7514 349 0
7515 353 0
7516 358 0
7517 362 0
7518 367 0
7519 376 0
7520 385 0
7521 392 0
7522 395 0
7523 401 0
7524 411 0
7525 416 0
7526 421 0
7527 426 0
7528 431 0
7529 438 0
7530 442 0
7531 447 0
7532 451 0
7533 459 0
7534 467 0
7535 473 0
7536 479 0
7537 486 0
7538 488 0
7539 494 0
7540 496 0
7541 501 0
7542 507 0
7543 509 0
7544 514 0
7545 523 0
7546 523 0
7547 528 0
7548 531 0
7549 538 0
7550 544 0
7551 548 0
7552 552 0
7553 552 1
7554 562 2
7555 563 3
7556 592 3
7557 591 4
7558 597 5
7559 599 6
7560 620 7
7561 634 8
7562 649 8
7563 658 8
7564 657 8
7565 646 9
7566 663 9
7567 669 9
7568 673 9
7569 0 0
7570 1 0
7571 2 0
7572 3 0
7573 4 0
7574 5 0
7575 7 0
7576 9 0
7577 10 0
7578 11 0
7579 12 0
7580 13 0
7581 15 0
7582 21 0
7583 23 0
7584 24 0
7585 27 0
7586 31 0
7587 33 0
7588 42 0
7589 44 0
7590 50 0
7591 56 0
7592 61 0
7593 70 0
7594 72 0
7595 84 0
7596 93 0
7597 110 0
7598 127 0
7599 147 0
7600 162 0
7601 169 0
7602 172 0
7603 185 0
7604 192 0
7605 201 0
7606 212 0
7607 218 0
7608 231 0
7609 237 0
7610 243 0
7611 250 0
7612 255 0
7613 266 0
7614 272 0
7615 279 0
7616 282 0
7617 288 0
7618 300 0
7619 308 0
7620 312 0
7621 324 0
7622 329 0
7623 337 0
7624 358 0
7625 372 0
7626 380 0
7627 400 0
7628 404 0
7629 410 0
7630 423 0
7631 433 0
7632 447 0
7633 454 0
7634 464 0
7635 471 0
7636 475 0
7637 485 0
7638 493 0
7639 495 0
7640 499 0
7641 510 0
7642 515 0
7643 518 0
7644 525 0
7645 529 0
7646 534 0
7647 536 0
7648 537 1
7649 540 2
7650 557 3
7651 587 3
7652 587 4
7653 595 4
7654 595 5
7655 599 6
7656 617 6
7657 624 6
7658 629 6
7659 635 6
7660 636 7
7661 649 7
7662 655 8
7663 658 8
7664 659 8
7665 666 9
7666 625 9
7667 671 8
7668 672 9
7669 677 9
7670 676 9
7671 668 10
7672 677 10
7673 663 10
7674 0 0
7675 1 0
7676 2 0
7677 2 0
7678 3 0
7679 4 0
7680 5 0
7681 6 0
7682 8 0
7683 9 0
7684 10 0
7685 12 0
7686 14 0
7687 17 0
7688 19 0
7689 22 0
7690 23 0
7691 26 0
7692 27 0
7693 31 0
7694 35 0
7695 41 0
7696 44 0
7697 49 0
7698 51 0
7699 56 0
7700 61 0
7701 65 0
7702 71 0
7703 81 0
7704 90 0
7705 97 0
7706 109 0
7707 118 0
7708 134 0
7709 146 0
7710 155 0
7711 160 0
7712 166 0
7713 169 0
7714 181 0
7715 186 0
7716 193 0
7717 197 0
7718 199 0
7719 216 0
7720 226 0
7721 232 0
7722 238 0
7723 242 0
7724 247 0
7725 252 0
7726 256 0
7727 260 0
7728 267 0
7729 271 0
7730 274 0
7731 282 0
7732 292 0
7733 299 0
7734 303 0
7735 309 0
7736 318 0
7737 322 0
7738 335 0
7739 343 0
7740 350 0
7741 357 0
7742 362 0
7743 368 0
7744 371 0
7745 376 0
7746 386 0
7747 394 0
7748 398 0
7749 412 0
7750 427 0
7751 436 0
7752 443 0
7753 456 0
7754 462 0
7755 469 0
7756 472 0
7757 475 0
7758 484 0
7759 491 0
7760 494 0
7761 502 0
7762 515 0
7763 522 0
7764 526 0
7765 531 0
7766 533 0
7767 535 0
7768 541 0
7769 547 0
7770 557 0
7771 565 0
7772 566 1
7773 574 1
7774 578 1
7775 580 1
7776 584 2
7777 585 3
7778 592 3
7779 598 3
7780 604 3
7781 603 3
7782 604 3
7783 605 3
7784 609 3
7785 611 4
7786 613 4
7787 614 4
7788 616 5
7789 619 5
7790 624 5
7791 626 6
7792 631 7
7793 640 7
7794 640 8
7795 646 8
7796 657 10
7797 659 10
7798 664 10
7799 600 10
7800 1 0
7801 2 0
7802 3 0
7803 5 0
7804 7 0
7805 9 0
7806 12 0
7807 13 0
7808 15 0
7809 16 0
7810 19 0
7811 24 0
7812 30 0
7813 34 0
7814 40 0
7815 44 0
7816 46 0
7817 56 0
7818 61 0
7819 70 0
7820 80 0
7821 88 0
7822 96 0
7823 106 0
7824 122 0
7825 130 0
7826 140 0
7827 152 0
7828 163 0
7829 176 0
7830 182 0
7831 190 0
7832 192 0
7833 200 0
7834 210 0
7835 218 0
7836 224 0
7837 232 0
7838 238 0
7839 244 0
7840 248 0
7841 254 0
7842 257 0
7843 262 0
7844 265 0
7845 266 0
7846 271 0
7847 280 0
7848 284 0
7849 293 0
7850 298 0
7851 307 0
7852 317 0
7853 327 0
7854 331 0
7855 338 0
7856 340 0
7857 349 0
7858 357 0
7859 364 0
7860 377 0
7861 385 0
7862 391 0
7863 398 0
7864 411 0
7865 418 0
7866 426 0
7867 436 0
7868 447 0
7869 454 0
7870 465 0
7871 470 0
7872 476 0
7873 484 0
7874 494 0
7875 501 0
7876 512 0
7877 518 0
7878 519 0
7879 523 0
7880 530 0
7881 535 0
7882 546 0
7883 552 0
7884 558 0
7885 561 0
7886 569 0
7887 573 0
7888 579 0
7889 579 1
7890 585 1
7891 586 2
7892 590 3
7893 592 3
7894 600 3
7895 612 3
7896 619 4
7897 624 5
7898 629 6
7899 630 7
7900 631 8
7901 642 8
7902 646 8
7903 656 8
7904 660 8
7905 662 10
7906 630 10
7907 662 9
7908 670 10
7909 669 10
7910 671 10
7911 676 10
7912 676 10
7913 1 0
7914 2 0
7915 3 0
7916 9 0
7917 22 0
7918 81 0
7919 214 0
7920 312 0
7921 394 0
7922 497 0
7923 574 0
7924 604 0
7925 622 0
7926 636 0
7927 636 1
7928 639 2
7929 640 3
7930 650 4
7931 654 6
7932 659 6
7933 661 7
7934 661 8
7935 667 8
7936 674 9
7937 683 10
7938 681 10
7939 681 10
7940 676 10
7941 1 0
7942 2 0
7943 3 0
7944 4 0
7945 6 0
7946 9 0
7947 12 0
7948 17 0
7949 25 0
7950 32 0
7951 38 0
7952 44 0
7953 55 0
7954 63 0
7955 76 0
7956 89 0
7957 103 0
7958 114 0
7959 135 0
7960 155 0
7961 169 0
7962 181 0
7963 189 0
7964 198 0
7965 213 0
7966 220 0
7967 233 0
7968 239 0
7969 246 0
7970 255 0
7971 262 0
7972 267 0
7973 282 0
7974 294 0
7975 303 0
7976 316 0
7977 324 0
7978 335 0
7979 342 0
7980 349 0
7981 363 0
7982 377 0
7983 391 0
7984 407 0
7985 418 0
7986 435 0
7987 448 0
7988 465 0
7989 480 0
7990 488 0
7991 500 0
7992 505 0
7993 514 0
7994 525 0
7995 538 0
7996 547 0
7997 557 0
7998 560 0
7999 560 1
8000 567 2
8001 574 3
8002 581 3
8003 588 3
8004 599 3
8005 604 5
8006 610 6
8007 616 7
8008 630 8
8009 640 8
8010 649 9
8011 654 9
8012 665 9
8013 644 9
8014 0 0
8015 1 0
8016 2 0
8017 3 0
8018 4 0
8019 5 0
8020 6 0
8021 7 0
8022 9 0
8023 10 0
8024 13 0
8025 14 0
8026 15 0
8027 17 0
8028 19 0
8029 21 0
8030 23 0
8031 24 0
8032 26 0
8033 28 0
8034 29 0
8035 31 0
8036 35 0
8037 39 0
8038 42 0
8039 43 0
8040 45 0
8041 49 0
8042 51 0
8043 56 0
8044 60 0
8045 68 0
8046 70 0
8047 73 0
8048 82 0
8049 86 0
8050 88 0
8051 96 0
8052 101 0
8053 108 0
8054 115 0
8055 129 0
8056 137 0
8057 146 0
8058 152 0
8059 158 0
8060 169 0
8061 174 0
8062 180 0
8063 186 0
8064 193 0
8065 200 0
8066 211 0
8067 219 0
8068 222 0
8069 227 0
8070 231 0
8071 238 0
8072 242 0
8073 247 0
8074 247 0
8075 248 0
8076 253 0
8077 258 0
8078 262 0
8079 265 0
8080 267 0
8081 272 0
8082 272 0
8083 276 0
8084 281 0
8085 287 0
8086 289 0
8087 294 0
8088 299 0
8089 305 0
8090 310 0
8091 314 0
8092 319 0
8093 322 0
8094 324 0
8095 325 0
8096 334 0
8097 337 0
8098 341 0
8099 343 0
8100 347 0
8101 353 0
8102 360 0
8103 363 0
8104 368 0
8105 372 0
8106 374 0
8107 381 0
8108 386 0
8109 398 0
8110 401 0
8111 408 0
8112 416 0
8113 427 0
8114 433 0
8115 438 0
8116 444 0
8117 446 0
8118 452 0
8119 458 0
8120 464 0
8121 465 0
8122 469 0
8123 475 0
8124 480 0
8125 482 0
8126 488 0
8127 490 0
8128 495 0
8129 504 0
8130 509 0
8131 517 0
8132 516 0
8133 520 0
8134 525 0
8135 532 0
8136 535 0
8137 539 0
8138 545 0
8139 550 0
8140 556 0
8141 556 1
8142 558 2
8143 570 3
8144 600 3
8145 604 4
8146 609 5
8147 612 6
8148 629 7
8149 628 8
8150 645 8
8151 645 9
8152 644 9
8153 660 9
8154 661 9
8155 621 9
8156 671 9
8157 682 9
8158 679 9
8159 0 0
8160 1 0
8161 5 0
8162 22 0
8163 86 0
8164 277 0
8165 357 0
8166 455 0
8167 576 0
8168 620 1
8169 636 1
8170 644 2
8171 647 3
8172 655 3
8173 655 4
8174 661 4
8175 661 5
8176 671 6
8177 673 7
8178 673 8
8179 678 8
8180 679 8
8181 681 8
8182 681 9
8183 679 9
8184 681 9
8185 686 9
8186 689 9
8187 563 7
8188 0 0
8189 0 0
8190 1 0
8191 2 0
8192 3 0
8193 5 0
8194 6 0
8195 7 0
8196 8 0
8197 9 0
8198 10 0
8199 11 0
8200 12 0
8201 17 0
8202 23 0
8203 27 0
8204 39 0
8205 48 0
8206 61 0
8207 71 0
8208 87 0
8209 104 0
8210 120 0
8211 139 0
8212 156 0
8213 177 0
8214 187 0
8215 205 0
8216 210 0
8217 222 0
8218 233 0
8219 242 0
8220 250 0
8221 264 0
8222 274 0
8223 282 0
8224 297 0
8225 310 0
8226 327 0
8227 337 0
8228 344 0
8229 358 0
8230 377 0
8231 390 0
8232 396 0
8233 409 0
8234 431 0
8235 441 0
8236 459 0
8237 479 0
8238 495 0
8239 515 0
8240 523 0
8241 539 0
8242 549 0
8243 562 0
8244 562 0
8245 565 0
8246 571 0
8247 578 0
8248 580 0
8249 580 1
8250 586 1
8251 586 2
8252 598 2
8253 599 2
8254 603 2
8255 603 3
8256 607 3
8257 614 3
8258 618 4
8259 619 4
8260 622 4
8261 624 5
8262 627 5
8263 628 5
8264 629 5
8265 630 5
8266 632 5
8267 634 5
8268 638 5
8269 640 5
8270 645 5
8271 645 5
8272 646 5
8273 649 6
8274 649 7
8275 652 7
8276 657 7
8277 662 7
8278 663 7
8279 665 7
8280 669 7
8281 669 8
8282 673 9
8283 678 9
8284 678 9
8285 662 9
8286 694 9
8287 694 10
8288 692 10
8289 659 8
8290 0 0
8291 1 0
8292 2 0
8293 3 0
8294 24 0
8295 54 0
8296 115 0
8297 214 0
8298 275 0
8299 302 0
8300 356 0
8301 411 0
8302 476 0
8303 555 0
8304 584 0
8305 605 0
8306 614 0
8307 616 1
8308 622 1
8309 622 2
8310 629 2
8311 646 2
8312 646 3
8313 648 3
8314 648 4
8315 656 4
8316 656 5
8317 661 7
8318 674 7
8319 677 7
8320 677 8
8321 678 9
8322 687 9
8323 690 9
8324 690 10
8325 691 10
8326 690 10
8327 633 8
8328 1 0
8329 2 0
8330 3 0
8331 4 0
8332 5 0
8333 7 0
8334 8 0
8335 10 0
8336 12 0
8337 13 0
8338 16 0
8339 19 0
8340 20 0
8341 23 0
8342 29 0
8343 32 0
8344 34 0
8345 39 0
8346 48 0
8347 53 0
8348 65 0
8349 71 0
8350 84 0
8351 98 0
8352 114 0
8353 128 0
8354 140 0
8355 152 0
8356 162 0
8357 178 0
8358 194 0
8359 204 0
8360 212 0
8361 216 0
8362 221 0
8363 233 0
8364 240 0
8365 243 0
8366 251 0
8367 254 0
8368 264 0
8369 274 0
8370 290 0
8371 300 0
8372 307 0
8373 315 0
8374 324 0
8375 329 0
8376 333 0
8377 345 0
8378 351 0
8379 361 0
8380 372 0
8381 378 0
8382 388 0
8383 394 0
8384 405 0
8385 419 0
8386 434 0
8387 444 0
8388 450 0
8389 454 0
8390 467 0
8391 480 0
8392 492 0
8393 493 0
8394 502 0
8395 507 0
8396 514 0
8397 522 0
8398 543 0
8399 550 0
8400 553 0
8401 553 0
8402 561 0
8403 571 0
8404 571 1
8405 575 1
8406 580 0
8407 581 2
8408 593 2
8409 603 2
8410 616 2
8411 616 3
8412 620 4
8413 631 5
8414 645 5
8415 645 6
8416 656 7
8417 661 7
8418 668 7
8419 670 7
8420 670 9
8421 675 9
8422 675 10
8423 683 11
8424 687 11
8425 671 11
8426 692 11
8427 693 10
8428 695 10
8429 690 11
8430 694 10
8431 695 11
8432 606 9
8433 0 0
8434 1 0
8435 2 0
8436 3 0
8437 4 0
8438 5 0
8439 6 0
8440 7 0
8441 8 0
8442 9 0
8443 10 0
8444 12 0
8445 13 0
8446 14 0
8447 15 0
8448 16 0
8449 17 0
8450 19 0
8451 24 0
8452 26 0
8453 28 0
8454 29 0
8455 32 0
8456 33 0
8457 36 0
8458 38 0
8459 42 0
8460 47 0
8461 49 0
8462 53 0
8463 55 0
8464 57 0
8465 63 0
8466 69 0
8467 72 0
8468 78 0
8469 86 0
8470 92 0
8471 99 0
8472 107 0
8473 122 0
8474 129 0
8475 139 0
8476 149 0
8477 155 0
8478 161 0
8479 168 0
8480 172 0
8481 175 0
8482 182 0
8483 186 0
8484 193 0
8485 198 0
8486 206 0
8487 212 0
8488 219 0
8489 228 0
8490 238 0
8491 247 0
8492 253 0
8493 255 0
8494 260 0
8495 263 0
8496 273 0
8497 275 0
8498 275 0
8499 281 0
8500 283 0
8501 285 0
8502 293 0
8503 301 0
8504 303 0
8505 305 0
8506 309 0
8507 314 0
8508 320 0
8509 325 0
8510 330 0
8511 338 0
8512 344 0
8513 351 0
8514 355 0
8515 363 0
8516 366 0
8517 371 0
8518 382 0
8519 393 0
8520 400 0
8521 402 0
8522 408 0
8523 415 0
8524 424 0
8525 434 0
8526 437 0
8527 446 0
8528 448 0
8529 457 0
8530 464 0
8531 466 0
8532 473 0
8533 478 0
8534 483 0
8535 484 0
8536 496 0
8537 502 0
8538 505 0
8539 512 0
8540 518 0
8541 524 0
8542 526 0
8543 531 0
8544 539 0
8545 543 0
8546 544 0
8547 546 0
8548 549 0
8549 552 0
8550 555 0
8551 562 0
8552 566 0
8553 566 0
8554 566 1
8555 578 1
8556 586 1
8557 586 2
8558 595 3
8559 608 3
8560 624 3
8561 627 3
8562 627 4
8563 633 4
8564 633 0
8565 633 2
8566 633 5
8567 634 6
8568 641 8
8569 655 8
8570 666 9
8571 667 10
8572 671 10
8573 671 11
8574 671 11
8575 689 11
8576 683 11
8577 680 11
8578 0 0
8579 1 0
8580 2 0
8581 4 0
8582 12 0
8583 27 0
8584 46 0
8585 67 0
8586 158 0
8587 213 0
8588 242 0
8589 271 0
8590 316 0
8591 351 0
8592 383 0
8593 435 0
8594 470 0
8595 526 0
8596 552 0
8597 567 0
8598 588 0
8599 602 0
8600 611 0
8601 614 1
8602 625 1
8603 625 2
8604 638 2
8605 646 2
8606 646 3
8607 651 3
8608 652 3
8609 652 4
8610 652 5
8611 653 5
8612 653 6
8613 655 7
8614 660 8
8615 668 8
8616 668 9
8617 668 10
8618 677 11
8619 669 10
8620 684 11
8621 680 11
8622 680 11
8623 641 11
8624 680 11
8625 685 11
8626 687 11
8627 1 0
8628 2 0
8629 3 0
8630 4 0
8631 5 0
8632 6 0
8633 7 0
8634 12 0
8635 15 0
8636 17 0
8637 21 0
8638 24 0
8639 28 0
8640 38 0
8641 45 0
8642 65 0
8643 84 0
8644 97 0
8645 125 0
8646 153 0
8647 169 0
8648 203 0
8649 225 0
8650 241 0
8651 256 0
8652 270 0
8653 288 0
8654 294 0
8655 298 0
8656 310 0
8657 321 0
8658 343 0
8659 360 0
8660 373 0
8661 389 0
8662 411 0
8663 438 0
8664 452 0
8665 468 0
8666 480 0
8667 488 1
8668 499 1
8669 505 1
8670 514 1
8671 528 1
8672 532 1
8673 540 1
8674 551 1
8675 555 1
8676 555 2
8677 580 2
8678 641 0
8679 642 1
8680 642 2
8681 643 3
8682 651 3
8683 660 3
8684 665 3
8685 665 4
8686 665 6
8687 666 7
8688 669 7
8689 669 8
8690 676 8
8691 676 9
8692 677 9
8693 677 10
8694 684 10
8695 683 10
8696 684 10
8697 684 10
8698 680 9
8699 0 0
8700 1 0
8701 2 0
8702 3 0
8703 4 0
8704 6 0
8705 7 0
8706 8 0
8707 9 0
8708 11 0
8709 12 0
8710 14 0
8711 16 0
8712 17 0
8713 18 0
8714 20 0
8715 21 0
8716 22 0
8717 27 0
8718 31 0
8719 33 0
8720 39 0
8721 41 0
8722 46 0
8723 50 0
8724 54 0
8725 65 0
8726 75 0
8727 84 0
8728 90 0
8729 104 0
8730 116 0
8731 124 0
8732 137 0
8733 149 0
8734 155 0
8735 160 0
8736 169 0
8737 171 0
8738 179 0
8739 185 0
8740 193 0
8741 199 0
8742 208 0
8743 214 0
8744 220 0
8745 228 0
8746 235 0
8747 239 0
8748 240 0
8749 243 0
8750 248 0
8751 254 0
8752 258 0
8753 264 0
8754 270 0
8755 277 0
8756 281 0
8757 287 0
8758 291 0
8759 300 0
8760 305 0
8761 310 0
8762 316 0
8763 321 0
8764 329 0
8765 333 0
8766 338 0
8767 344 0
8768 351 0
8769 355 0
8770 362 0
8771 367 0
8772 372 0
8773 379 0
8774 387 0
8775 391 0
8776 411 0
8777 420 0
8778 427 0
8779 439 0
8780 446 0
8781 452 0
8782 459 0
8783 467 0
8784 475 0
8785 482 0
8786 486 0
8787 489 0
8788 493 0
8789 498 0
8790 502 0
8791 512 0
8792 516 0
8793 516 1
8794 545 1
8795 564 1
8796 565 2
8797 581 2
8798 582 3
8799 610 3
8800 620 3
8801 620 4
8802 625 4
8803 626 1
8804 626 3
8805 626 6
8806 630 7
8807 632 8
8808 641 8
8809 641 9
8810 670 9
8811 670 10
8812 680 10
8813 679 10
8814 675 10
8815 681 10
8816 681 10
8817 673 10
8818 1 0
8819 2 0
8820 3 0
8821 4 0
8822 5 0
8823 6 0
8824 7 0
8825 8 0
8826 10 0
8827 12 0
8828 13 0
8829 15 0
8830 16 0
8831 17 0
8832 19 0
8833 23 0
8834 24 0
8835 28 0
8836 29 0
8837 44 0
8838 53 0
8839 62 0
8840 75 0
8841 92 0
8842 110 0
8843 140 0
8844 158 0
8845 173 0
8846 187 0
8847 209 0
8848 220 0
8849 233 0
8850 239 0
8851 250 0
8852 261 0
8853 269 0
8854 284 0
8855 297 0
8856 307 0
8857 326 0
8858 332 0
8859 348 0
8860 357 0
8861 372 0
8862 386 0
8863 397 0
8864 415 0
8865 429 0
8866 448 0
8867 469 0
8868 486 0
8869 499 0
8870 514 0
8871 532 0
8872 542 0
8873 550 0
8874 558 0
8875 567 0
8876 572 0
8877 576 0
8878 579 0
8879 579 1
8880 582 2
8881 608 2
8882 608 3
8883 630 3
8884 638 3
8885 645 4
8886 653 5
8887 652 6
8888 653 8
8889 656 8
8890 656 9
8891 675 9
8892 677 10
8893 683 10
8894 686 10
8895 691 9
8896 691 10
8897 693 10
8898 686 10
8899 695 10
8900 696 10
8901 700 10
8902 700 10
8903 1 0
8904 2 0
8905 3 0
8906 4 0
8907 5 0
8908 7 0
8909 9 0
8910 10 0
8911 11 0
8912 12 0
8913 13 0
8914 14 0
8915 16 0
8916 17 0
8917 19 0
8918 21 0
8919 29 0
8920 39 0
8921 46 0
8922 48 0
8923 57 0
8924 64 0
8925 80 0
8926 105 0
8927 132 0
8928 159 0
8929 170 0
8930 188 0
8931 202 0
8932 217 0
8933 234 0
8934 241 0
8935 259 1
8936 268 1
8937 286 1
8938 302 1
8939 308 1
8940 327 1
8941 336 1
8942 343 1
8943 361 1
8944 375 1
8945 395 1
8946 419 1
8947 447 1
8948 463 1
8949 474 1
8950 492 1
8951 504 1
8952 517 1
8953 528 1
8954 545 1
8955 548 1
8956 558 1
8957 573 1
8958 576 1
8959 576 2
8960 599 2
8961 605 2
8962 605 3
8963 609 3
8964 622 3
8965 629 3
8966 633 4
8967 650 4
8968 650 5
8969 651 6
8970 654 7
8971 654 8
8972 661 8
8973 674 8
8974 680 9
8975 680 10
8976 686 10
8977 695 10
8978 694 10
8979 691 11
8980 693 11
8981 691 11
8982 694 11
8983 696 11
8984 697 11
8985 699 11
8986 703 11
8987 0 0
8988 1 0
8989 2 0
8990 2 0
8991 3 0
8992 4 0
8993 5 0
8994 6 0
8995 7 0
8996 9 0
8997 11 0
8998 13 0
8999 14 0
9000 15 0
9001 16 0
9002 17 0
9003 18 0
9004 19 0
9005 20 0
9006 23 0
9007 25 0
9008 27 0
9009 28 0
9010 30 0
9011 32 0
9012 34 0
9013 38 0
9014 44 0
9015 46 0
9016 47 0
9017 49 0
9018 51 0
9019 54 0
9020 59 0
9021 65 0
9022 68 0
9023 74 0
9024 77 0
9025 80 0
9026 85 0
9027 87 0
9028 97 0
9029 103 0
9030 108 0
9031 115 0
9032 121 0
9033 129 0
9034 134 0
9035 140 0
9036 143 0
9037 149 0
9038 157 0
9039 160 0
9040 165 0
9041 176 0
9042 178 0
9043 183 0
9044 186 0
9045 194 0
9046 197 0
9047 203 0
9048 206 0
9049 209 0
9050 213 0
9051 217 0
9052 218 0
9053 220 0
9054 225 0
9055 226 0
9056 231 0
9057 234 0
9058 236 0
9059 240 0
9060 242 0
9061 243 0
9062 252 0
9063 257 0
9064 262 0
9065 270 0
9066 274 0
9067 277 0
9068 281 0
9069 284 0
9070 288 0
9071 295 0
9072 296 0
9073 297 0
9074 305 0
9075 312 0
9076 315 0
9077 318 0
9078 325 0
9079 331 0
9080 333 0
9081 337 0
9082 343 0
9083 349 0
9084 352 0
9085 359 0
9086 363 0
9087 367 0
9088 376 0
9089 380 0
9090 386 0
9091 389 0
9092 402 0
9093 408 0
9094 411 0
9095 419 0
9096 423 0
9097 429 0
9098 432 0
9099 439 0
9100 442 0
9101 452 0
9102 458 0
9103 466 0
9104 469 0
9105 477 0
9106 481 0
9107 483 0
9108 486 0
9109 497 0
9110 498 0
9111 502 0
9112 507 0
9113 510 0
9114 511 0
9115 519 0
9116 523 0
9117 528 0
9118 532 0
9119 533 0
9120 535 0
9121 539 0
9122 546 0
9123 549 0
9124 550 0
9125 550 1
9126 589 2
9127 598 3
9128 620 3
9129 631 3
9130 635 3
9131 635 4
9132 649 5
9133 650 6
9134 654 7
9135 653 8
9136 669 8
9137 678 8
9138 678 9
9139 687 10
9140 688 10
9141 692 11
9142 682 11
9143 685 11
9144 686 11
9145 694 11
9146 687 11
9147 699 12
9148 687 12
9149 695 11
9150 699 12
9151 688 11
9152 698 10
9153 1 0
9154 2 0
9155 3 0
9156 4 0
9157 7 0
9158 14 0
9159 24 0
9160 36 0
9161 73 0
9162 120 0
9163 200 0
9164 247 0
9165 295 0
9166 327 0
9167 404 0
9168 461 0
9169 461 1
9170 590 1
9171 619 1
9172 619 2
9173 629 2
9174 630 3
9175 644 3
9176 653 3
9177 653 4
9178 659 4
9179 659 5
9180 664 6
9181 666 7
9182 675 7
9183 685 7
9184 689 8
9185 691 8
9186 691 9
9187 693 9
9188 695 9
9189 695 10
9190 676 10
9191 692 9
9192 696 9
9193 694 9
9194 697 9
9195 696 9
9196 0 0
9197 1 0
9198 2 0
9199 3 0
9200 4 0
9201 5 0
9202 6 0
9203 7 0
9204 8 0
9205 9 0
9206 10 0
9207 11 0
9208 12 0
9209 13 0
9210 14 0
9211 15 0
9212 16 0
9213 17 0
9214 18 0
9215 25 0
9216 30 0
9217 40 0
9218 46 0
9219 57 0
9220 85 0
9221 100 0
9222 118 0
9223 143 0
9224 155 0
9225 176 0
9226 190 0
9227 201 0
9228 214 0
9229 223 0
9230 239 0
9231 242 0
9232 263 0
9233 269 0
9234 283 0
9235 296 0
9236 309 0
9237 336 0
9238 351 0
9239 365 0
9240 381 0
9241 399 0
9242 429 0
9243 449 1
9244 464 1
9245 482 1
9246 496 1
9247 502 1
9248 513 1
9249 518 1
9250 523 1
9251 529 1
9252 534 1
9253 534 2
9254 582 2
9255 593 2
9256 771 0
9257 773 1
9258 773 2
9259 773 3
9260 778 3
9261 778 4
9262 777 4
9263 777 5
9264 778 6
9265 778 7
9266 779 7
9267 779 8
9268 786 8
9269 786 9
9270 780 8
9271 0 0
9272 1 0
9273 1 0
9274 2 0
9275 3 0
9276 4 0
9277 5 0
9278 6 0
9279 7 0
9280 8 0
9281 10 0
9282 12 0
9283 14 0
9284 15 0
9285 16 0
9286 17 0
9287 18 0
9288 23 0
9289 25 0
9290 28 0
9291 31 0
9292 34 0
9293 36 0
9294 40 0
9295 44 0
9296 47 0
9297 52 0
9298 56 0
9299 64 0
9300 72 0
9301 76 0
9302 86 0
9303 93 0
9304 102 0
9305 107 0
9306 114 0
9307 125 0
9308 135 0
9309 142 0
9310 150 0
9311 161 0
9312 167 0
9313 176 0
9314 180 0
9315 182 0
9316 187 0
9317 195 0
9318 201 0
9319 203 0
9320 207 0
9321 212 0
9322 217 0
9323 225 0
9324 233 0
9325 236 0
9326 241 0
9327 244 0
9328 246 0
9329 254 0
9330 259 0
9331 261 0
9332 265 0
9333 271 0
9334 279 0
9335 282 0
9336 289 0
9337 292 0
9338 298 0
9339 305 0
9340 308 0
9341 316 0
9342 317 0
9343 321 0
9344 331 0
9345 335 0
9346 343 0
9347 352 0
9348 358 0
9349 367 0
9350 372 0
9351 378 0
9352 392 0
9353 398 0
9354 404 0
9355 410 0
9356 414 0
9357 417 0
9358 422 0
9359 424 0
9360 436 0
9361 441 0
9362 453 0
9363 462 0
9364 469 0
9365 477 0
9366 481 0
9367 483 1
9368 490 1
9369 496 1
9370 506 1
9371 508 1
9372 512 1
9373 517 1
9374 522 1
9375 525 1
9376 527 1
9377 537 1
9378 540 1
9379 540 1
9380 546 1
9381 551 1
9382 551 1
9383 551 2
9384 565 2
9385 580 2
9386 589 2
9387 598 1
9388 598 3
9389 609 3
9390 618 3
9391 621 3
9392 622 3
9393 627 3
9394 627 4
9395 629 4
9396 630 1
9397 630 4
9398 630 5
9399 642 5
9400 642 6
9401 644 6
9402 644 7
9403 667 7
9404 670 8
9405 679 8
9406 679 9
9407 680 10
9408 683 10
9409 684 10
9410 687 10
9411 686 10
9412 681 10
9413 686 10
9414 678 10
9415 0 0
9416 1 0
9417 2 0
9418 3 0
9419 4 0
9420 5 0
9421 6 0
9422 7 0
9423 9 0
9424 12 0
9425 13 0
9426 16 0
9427 19 0
9428 20 0
9429 25 0
9430 26 0
9431 27 0
9432 32 0
9433 35 0
9434 38 0
9435 39 0
9436 46 0
9437 49 0
9438 50 0
9439 55 0
9440 62 0
9441 65 0
9442 70 0
9443 76 0
9444 82 0
9445 87 0
9446 93 0
9447 97 0
9448 106 0
9449 111 0
9450 115 0
9451 128 0
9452 139 0
9453 146 0
9454 155 0
9455 161 0
9456 163 0
9457 167 0
9458 169 0
9459 177 0
9460 180 0
9461 184 0
9462 190 0
9463 199 0
9464 202 0
9465 208 0
9466 215 0
9467 222 0
9468 227 0
9469 228 0
9470 234 0
9471 237 0
9472 245 0
9473 249 0
9474 256 0
9475 260 0
9476 266 0
9477 269 0
9478 274 0
9479 276 0
9480 283 0
9481 291 0
9482 296 0
9483 297 0
9484 303 0
9485 308 0
9486 315 0
9487 319 0
9488 320 0
9489 325 0
9490 326 0
9491 330 0
9492 337 0
9493 343 0
9494 346 0
9495 352 0
9496 354 0
9497 362 0
9498 369 0
9499 382 0
9500 388 0
9501 395 0
9502 405 0
9503 412 0
9504 416 0
9505 417 0
9506 421 0
9507 428 0
9508 435 0
9509 443 0
9510 446 0
9511 450 0
9512 460 0
9513 467 0
9514 473 0
9515 488 0
9516 496 0
9517 502 0
9518 506 0
9519 511 0
9520 512 1
9521 559 1
9522 571 2
9523 586 2
9524 612 2
9525 626 2
9526 640 0
9527 640 2
9528 640 3
9529 652 3
9530 657 4
9531 657 5
9532 660 6
9533 662 6
9534 662 7
9535 665 7
9536 665 8
9537 672 8
9538 676 8
9539 676 9
9540 678 9
9541 678 10
9542 679 10
9543 686 10
9544 636 9
9545 0 0
9546 0 0
9547 1 0
9548 4 0
9549 5 0
9550 6 0
9551 8 0
9552 10 0
9553 11 0
9554 12 0
9555 13 0
9556 14 0
9557 16 0
9558 21 0
9559 30 0
9560 35 0
9561 39 0
9562 43 0
9563 47 0
9564 49 0
9565 57 0
9566 62 0
9567 69 0
9568 80 0
9569 90 0
9570 106 0
9571 118 0
9572 135 0
9573 159 0
9574 170 0
9575 176 0
9576 190 0
9577 198 0
9578 209 0
9579 225 0
9580 238 0
9581 249 0
9582 255 0
9583 259 0
9584 268 0
9585 279 0
9586 284 0
9587 292 0
9588 301 0
9589 305 0
9590 313 0
9591 323 0
9592 328 0
9593 338 0
9594 342 0
9595 347 0
9596 357 0
9597 364 0
9598 379 0
9599 386 0
9600 396 0
9601 408 0
9602 420 0
9603 433 0
9604 443 0
9605 457 0
9606 469 0
9607 480 0
9608 488 0
9609 496 0
9610 506 0
9611 513 0
9612 523 0
9613 529 0
9614 534 0
9615 535 1
9616 579 2
9617 604 2
9618 618 2
9619 625 2
9620 623 2
9621 772 0
9622 774 1
9623 774 2
9624 774 2
9625 774 3
9626 778 3
9627 778 4
9628 778 4
9629 778 6
9630 780 6
9631 780 7
9632 780 8
9633 781 8
9634 779 9
9635 778 9
9636 777 10
9637 775 9
9638 0 0
9639 0 0
9640 1 0
9641 2 0
9642 4 0
9643 5 0
9644 6 0
9645 7 0
9646 10 0
9647 12 0
9648 14 0
9649 15 0
9650 16 0
9651 17 0
9652 19 0
9653 20 0
9654 21 0
9655 25 0
9656 32 0
9657 35 0
9658 39 0
9659 43 0
9660 47 0
9661 53 0
9662 62 0
9663 64 0
9664 69 0
9665 74 0
9666 84 0
9667 99 0
9668 105 0
9669 112 0
9670 127 0
9671 135 0
9672 143 0
9673 151 0
9674 161 0
9675 169 0
9676 182 0
9677 186 0
9678 194 0
9679 200 0
9680 206 0
9681 213 0
9682 225 0
9683 232 0
9684 236 0
9685 240 0
9686 247 0
9687 252 0
9688 256 0
9689 261 0
9690 269 0
9691 274 0
9692 277 0
9693 281 0
9694 289 0
9695 296 0
9696 302 0
9697 313 0
9698 320 0
9699 328 0
9700 330 0
9701 334 0
9702 338 0
9703 343 0
9704 348 0
9705 354 0
9706 361 0
9707 372 0
9708 377 0
9709 384 0
9710 387 0
9711 397 0
9712 404 0
9713 413 0
9714 419 0
9715 426 0
9716 434 0
9717 443 0
9718 452 0
9719 456 0
9720 465 0
9721 467 0
9722 474 0
9723 483 0
9724 493 0
9725 502 0
9726 509 0
9727 516 0
9728 524 0
9729 526 0
9730 526 1
9731 550 2
9732 578 2
9733 604 2
9734 609 2
9735 617 2
9736 694 0
9737 694 1
9738 695 2
9739 695 3
9740 696 3
9741 696 4
9742 699 4
9743 699 5
9744 701 6
9745 707 6
9746 707 7
9747 716 7
9748 717 7
9749 717 8
9750 718 8
9751 718 9
9752 719 9
9753 720 9
9754 719 9
9755 718 10
9756 721 10
9757 727 10
9758 730 10
9759 721 10
9760 726 10
9761 727 10
9762 724 10
9763 726 10
9764 0 0
9765 1 0
9766 2 0
9767 4 0
9768 5 0
9769 7 0
9770 9 0
9771 13 0
9772 17 0
9773 26 0
9774 34 0
9775 43 0
9776 54 0
9777 77 0
9778 109 0
9779 135 0
9780 168 0
9781 187 0
9782 208 0
9783 227 0
9784 237 0
9785 254 0
9786 262 0
9787 272 0
9788 280 0
9789 289 0
9790 306 0
9791 325 0
9792 336 0
9793 347 0
9794 371 0
9795 393 0
9796 410 0
9797 426 0
9798 453 0
9799 473 0
9800 489 0
9801 504 0
9802 520 0
9803 534 0
9804 538 0
9805 540 1
9806 570 1
9807 577 2
9808 598 2
9809 607 2
9810 607 3
9811 613 3
9812 613 4
9813 617 4
9814 622 1
9815 622 3
9816 623 1
9817 623 2
9818 623 5
9819 642 6
9820 652 7
9821 666 7
9822 666 8
9823 666 9
9824 673 10
9825 686 10
9826 695 10
9827 692 10
9828 695 10
9829 692 10
9830 695 10
9831 693 10
9832 0 0
9833 0 0
9834 2 0
9835 4 0
9836 5 0
9837 6 0
9838 7 0
9839 8 0
9840 11 0
9841 16 0
9842 24 0
9843 26 0
9844 32 0
9845 39 0
9846 43 0
9847 53 0
9848 60 0
9849 64 0
9850 75 0
9851 82 0
9852 98 0
9853 105 0
9854 123 0
9855 140 0
9856 156 0
9857 168 0
9858 178 0
9859 186 0
9860 197 0
9861 212 0
9862 223 0
9863 226 0
9864 235 0
9865 244 0
9866 253 0
9867 264 0
9868 274 0
9869 282 0
9870 286 0
9871 296 0
9872 305 0
9873 311 0
9874 319 0
9875 326 0
9876 334 0
9877 341 0
9878 348 0
9879 357 0
9880 369 0
9881 380 0
9882 386 0
9883 400 0
9884 418 0
9885 432 0
9886 441 0
9887 463 0
9888 474 0
9889 486 0
9890 498 0
9891 504 0
9892 515 0
9893 523 0
9894 531 0
9895 536 0
9896 539 0
9897 548 0
9898 548 1
9899 583 2
9900 605 2
9901 641 2
9902 643 3
9903 643 4
9904 655 4
9905 655 6
9906 663 6
9907 663 7
9908 674 7
9909 675 7
9910 675 8
9911 679 9
9912 685 9
9913 686 10
9914 673 10
9915 683 10
9916 692 10
9917 695 10
9918 695 10
9919 692 10
9920 698 10
9921 699 10
9922 699 10
9923 697 9
9924 697 10
9925 699 10
9926 699 10
9927 671 11
9928 690 10
9929 700 10
9930 688 10
9931 0 0
9932 1 0
9933 2 0
9934 3 0
9935 4 0
9936 5 0
9937 6 0
9938 9 0
9939 10 0
9940 11 0
9941 12 0
9942 13 0
9943 14 0
9944 15 0
9945 20 0
9946 22 0
9947 25 0
9948 28 0
9949 30 0
9950 34 0
9951 37 0
9952 44 0
9953 48 0
9954 54 0
9955 63 0
9956 69 0
9957 74 0
9958 79 0
9959 87 0
9960 94 0
9961 101 0
9962 109 0
9963 121 0
9964 138 0
9965 151 0
9966 162 0
9967 171 0
9968 180 0
9969 185 0
9970 190 0
9971 202 0
9972 216 0
9973 221 0
9974 235 0
9975 241 0
9976 249 0
9977 260 0
9978 265 0
9979 269 0
9980 278 0
9981 282 0
9982 289 0
9983 294 0
9984 301 0
9985 310 0
9986 324 0
9987 333 0
9988 341 0
9989 348 0
9990 359 0
9991 363 0
9992 373 0
9993 382 0
9994 392 0
9995 399 0
9996 413 0
9997 419 0
9998 425 0
9999 431 0
10000 439 0
10001 445 1
10002 456 1
10003 462 1
10004 473 1
10005 481 1
10006 490 1
10007 500 1
10008 504 1
10009 510 1
10010 520 1
10011 526 1
10012 532 1
10013 537 1
10014 545 1
10015 549 1
10016 549 2
10017 584 2
10018 600 2
10019 600 3
10020 606 3
10021 611 3
10022 674 0
10023 675 1
10024 675 2
10025 675 3
10026 677 4
10027 678 5
10028 686 6
10029 687 6
10030 687 7
10031 693 7
10032 693 8
10033 699 8
10034 700 8
10035 700 9
10036 710 9
10037 710 9
10038 716 9
10039 718 10
10040 714 10
10041 715 10
10042 716 10
10043 711 10
10044 713 10
10045 709 9
10046 0 0
10047 0 0
10048 1 0
10049 3 0
10050 4 0
10051 5 0
10052 6 0
10053 7 0
10054 8 0
10055 14 0
10056 21 0
10057 35 0
10058 41 0
10059 43 0
10060 53 0
10061 74 0
10062 85 0
10063 112 0
10064 145 0
10065 170 0
10066 183 0
10067 191 0
10068 207 0
10069 220 0
10070 234 0
10071 248 0
10072 262 0
10073 274 0
10074 286 0
10075 291 0
10076 301 0
10077 317 0
10078 335 0
10079 344 0
10080 359 0
10081 366 0
10082 382 0
10083 398 0
10084 415 0
10085 430 0
10086 443 0
10087 461 0
10088 481 0
10089 490 0
10090 506 0
10091 525 0
10092 533 0
10093 549 0
10094 553 0
10095 554 1
10096 591 2
10097 616 2
10098 628 2
10099 628 3
10100 638 3
10101 638 5
10102 643 5
10103 780 0
10104 782 1
10105 782 2
10106 782 3
10107 782 3
10108 782 4
10109 782 6
10110 783 6
10111 783 7
10112 783 7
10113 783 7
10114 783 8
10115 783 8
10116 783 8
10117 783 8
10118 783 9
10119 784 9
10120 784 9
10121 788 9
10122 1 0
10123 2 0
10124 3 0
10125 6 0
10126 7 0
10127 10 0
10128 17 0
10129 24 0
10130 31 0
10131 38 0
10132 52 0
10133 66 0
10134 93 0
10135 128 0
10136 164 0
10137 189 0
10138 202 0
10139 219 0
10140 248 0
10141 261 0
10142 275 0
10143 294 0
10144 304 0
10145 317 0
10146 334 0
10147 341 0
10148 364 0
10149 376 0
10150 398 0
10151 423 0
10152 442 0
10153 456 0
10154 486 0
10155 499 0
10156 516 0
10157 539 0
10158 546 0
10159 546 1
10160 589 1
10161 589 2
10162 611 2
10163 613 2
10164 616 2
10165 616 3
10166 633 3
10167 633 4
10168 645 5
10169 653 5
10170 653 6
10171 653 7
10172 656 7
10173 656 8
10174 664 8
10175 671 8
10176 670 8
10177 669 8
10178 675 8
10179 676 8
10180 678 8
10181 684 8
10182 685 9
10183 686 10
10184 686 10
10185 688 10
10186 619 10
10187 1 0
10188 2 0
10189 4 0
10190 6 0
10191 8 0
10192 9 0
10193 10 0
10194 11 0
10195 13 0
10196 14 0
10197 19 0
10198 24 0
10199 27 0
10200 30 0
10201 38 0
10202 43 0
10203 46 0
10204 48 0
10205 55 0
10206 62 0
10207 75 0
10208 89 0
10209 99 0
10210 112 0
10211 123 0
10212 140 0
10213 154 0
10214 172 0
10215 182 0
10216 190 0
10217 196 0
10218 205 0
10219 209 0
10220 218 0
10221 228 0
10222 237 0
10223 247 0
10224 251 0
10225 254 0
10226 262 0
10227 269 0
10228 277 0
10229 284 0
10230 291 0
10231 301 0
10232 306 0
10233 313 0
10234 323 0
10235 330 0
10236 336 0
10237 347 0
10238 362 0
10239 377 0
10240 388 0
10241 398 0
10242 402 0
10243 418 0
10244 433 0
10245 448 0
10246 466 0
10247 480 0
10248 492 0
10249 501 0
10250 515 0
10251 527 0
10252 536 0
10253 543 0
10254 548 0
10255 551 0
10256 556 0
10257 564 0
10258 570 0
10259 570 1
10260 580 2
10261 616 2
10262 616 3
10263 636 3
10264 640 5
10265 644 6
10266 646 7
10267 650 8
10268 652 9
10269 663 9
10270 673 9
10271 677 9
10272 678 9
10273 682 9
10274 674 10
10275 685 10
10276 692 10
10277 690 10
10278 693 10
10279 604 10
10280 684 8
10281 687 9
10282 697 10
10283 699 11
10284 685 11
10285 698 9
10286 706 9
10287 0 0
10288 1 0
10289 2 0
10290 3 0
10291 5 0
10292 6 0
10293 8 0
10294 9 0
10295 10 0
10296 11 0
10297 12 0
10298 14 0
10299 15 0
10300 17 0
10301 19 0
10302 20 0
10303 21 0
10304 22 0
10305 24 0
10306 26 0
10307 31 0
10308 32 0
10309 34 0
10310 38 0
10311 44 0
10312 47 0
10313 49 0
10314 52 0
10315 58 0
10316 61 0
10317 64 0
10318 71 0
10319 78 0
10320 85 0
10321 103 0
10322 113 0
10323 129 0
10324 143 0
10325 162 0
10326 178 0
10327 187 0
10328 196 0
10329 212 0
10330 218 0
10331 231 0
10332 242 0
10333 256 0
10334 267 1
10335 278 1
10336 295 1
10337 304 1
10338 321 1
10339 333 1
10340 345 1
10341 351 1
10342 363 1
10343 375 1
10344 384 1
10345 396 1
10346 404 1
10347 424 1
10348 440 1
10349 457 1
10350 473 1
10351 495 1
10352 508 1
10353 511 1
10354 512 2
10355 578 2
10356 578 3
10357 593 3
10358 593 4
10359 599 5
10360 601 7
10361 607 8
10362 613 8
10363 613 9
10364 641 9
10365 650 9
10366 662 9
10367 669 9
10368 680 9
10369 682 9
10370 683 10
10371 689 10
10372 684 10
10373 682 10
10374 683 10
10375 684 10
10376 668 10
10377 1 0
10378 2 0
10379 3 0
10380 4 0
10381 5 0
10382 6 0
10383 7 0
10384 9 0
10385 10 0
10386 11 0
10387 13 0
10388 14 0
10389 15 0
10390 19 0
10391 21 0
10392 23 0
10393 24 0
10394 27 0
10395 32 0
10396 36 0
10397 40 0
10398 43 0
10399 46 0
10400 50 0
10401 55 0
10402 63 0
10403 66 0
10404 71 0
10405 78 0
10406 85 0
10407 97 0
10408 115 0
10409 127 0
10410 140 0
10411 151 0
10412 163 0
10413 171 0
10414 176 0
10415 181 0
10416 193 0
10417 198 0
10418 202 0
10419 211 0
10420 217 0
10421 224 0
10422 234 0
10423 243 0
10424 253 0
10425 255 0
10426 261 0
10427 264 0
10428 275 0
10429 277 0
10430 281 0
10431 294 0
10432 298 0
10433 305 0
10434 307 0
10435 312 0
10436 319 0
10437 323 0
10438 330 0
10439 336 0
10440 339 0
10441 344 0
10442 351 0
10443 355 0
10444 363 0
10445 365 0
10446 373 0
10447 381 0
10448 385 0
10449 392 0
10450 402 0
10451 413 0
10452 424 0
10453 436 0
10454 444 0
10455 449 0
10456 453 0
10457 461 0
10458 470 0
10459 480 0
10460 491 0
10461 499 0
10462 510 0
10463 519 0
10464 524 0
10465 529 0
10466 530 0
10467 537 0
10468 540 0
10469 540 1
10470 543 2
10471 584 2
10472 584 3
10473 591 4
10474 608 4
10475 610 5
10476 617 5
10477 618 7
10478 631 7
10479 772 0
10480 771 1
10481 771 2
10482 771 3
10483 771 4
10484 771 4
10485 771 7
10486 771 8
10487 772 7
10488 774 7
10489 774 7
10490 773 8
10491 776 7
10492 775 8
10493 774 8
10494 775 8
10495 775 8
10496 773 8
10497 768 8
10498 0 0
10499 1 0
10500 2 0
10501 3 0
10502 4 0
10503 5 0
10504 6 0
10505 11 0
10506 13 0
10507 15 0
10508 21 0
10509 24 0
10510 27 0
10511 34 0
10512 36 0
10513 41 0
10514 51 0
10515 60 0
10516 68 0
10517 79 0
10518 96 0
10519 112 0
10520 137 0
10521 155 0
10522 163 0
10523 172 0
10524 185 0
10525 198 0
10526 204 0
10527 213 0
10528 223 0
10529 235 0
10530 251 0
10531 257 0
10532 266 0
10533 272 0
10534 281 0
10535 286 0
10536 293 0
10537 300 0
10538 309 0
10539 319 0
10540 332 0
10541 340 0
10542 351 0
10543 355 0
10544 366 0
10545 374 0
10546 390 0
10547 403 0
10548 407 0
10549 417 0
10550 427 0
10551 446 0
10552 462 0
10553 474 0
10554 483 0
10555 494 0
10556 509 0
10557 515 0
10558 528 0
10559 532 0
10560 544 0
10561 550 0
10562 560 0
10563 560 1
10564 566 1
10565 571 1
10566 573 2
10567 575 2
10568 575 3
10569 598 3
10570 598 4
10571 601 5
10572 606 6
10573 606 7
10574 616 7
10575 620 7
10576 620 8
10577 629 8
10578 637 9
10579 663 9
10580 674 9
10581 674 9
10582 675 9
10583 678 10
10584 583 9
10585 1 0
10586 2 0
10587 3 0
10588 4 0
10589 5 0
10590 6 0
10591 9 0
10592 10 0
10593 11 0
10594 14 0
10595 19 0
10596 23 0
10597 26 0
10598 28 0
10599 29 0
10600 36 0
10601 39 0
10602 41 0
10603 45 0
10604 48 0
10605 53 0
10606 60 0
10607 64 0
10608 67 0
10609 73 0
10610 80 0
10611 86 0
10612 99 0
10613 114 0
10614 127 0
10615 135 0
10616 144 0
10617 151 0
10618 160 0
10619 170 0
10620 178 0
10621 186 0
10622 195 0
10623 202 0
10624 207 0
10625 211 0
10626 221 0
10627 229 0
10628 236 0
10629 242 0
10630 246 0
10631 252 0
10632 261 0
10633 265 0
10634 268 0
10635 271 0
10636 278 0
10637 285 0
10638 289 0
10639 290 0
10640 294 0
10641 299 0
10642 309 0
10643 317 0
10644 328 0
10645 334 0
10646 339 0
10647 349 0
10648 356 0
10649 360 0
10650 364 0
10651 366 0
10652 375 0
10653 381 0
10654 385 0
10655 389 0
10656 397 0
10657 401 0
10658 408 0
10659 417 0
10660 422 0
10661 430 0
10662 439 0
10663 445 0
10664 449 0
10665 456 0
10666 460 0
10667 467 0
10668 475 0
10669 481 0
10670 486 0
10671 494 0
10672 500 0
10673 506 0
10674 512 0
10675 521 0
10676 530 0
10677 539 0
10678 545 0
10679 550 0
10680 555 0
10681 557 0
10682 560 0
10683 560 1
10684 598 1
10685 600 2
10686 609 3
10687 608 4
10688 614 4
10689 623 5
10690 632 5
10691 640 6
10692 640 7
10693 651 7
10694 651 8
10695 656 9
10696 660 9
10697 665 9
10698 670 9
10699 667 10
10700 672 10
10701 466 8
10702 1 0
10703 2 0
10704 4 0
10705 6 0
10706 7 0
10707 9 0
10708 11 0
10709 12 0
10710 14 0
10711 17 0
10712 18 0
10713 21 0
10714 26 0
10715 28 0
10716 31 0
10717 32 0
10718 39 0
10719 45 0
10720 48 0
10721 51 0
10722 54 0
10723 62 0
10724 65 0
10725 71 0
10726 88 0
10727 99 0
10728 106 0
10729 120 0
10730 137 0
10731 151 0
10732 160 0
10733 174 0
10734 186 0
10735 194 0
10736 197 0
10737 209 0
10738 216 0
10739 223 0
10740 235 0
10741 241 0
10742 256 0
10743 260 0
10744 263 0
10745 268 0
10746 270 0
10747 272 0
10748 281 0
10749 289 0
10750 296 0
10751 300 0
10752 309 0
10753 323 0
10754 331 0
10755 340 0
10756 348 0
10757 355 0
10758 360 0
10759 371 0
10760 378 0
10761 384 0
10762 393 0
10763 398 0
10764 403 0
10765 411 0
10766 419 0
10767 427 0
10768 436 0
10769 441 0
10770 449 0
10771 456 0
10772 460 0
10773 464 0
10774 473 0
10775 486 0
10776 496 0
10777 505 0
10778 509 0
10779 521 0
10780 530 0
10781 538 0
10782 546 0
10783 552 0
10784 553 1
10785 557 1
10786 560 1
10787 560 2
10788 570 3
10789 595 3
10790 595 4
10791 613 4
10792 628 4
10793 630 4
10794 630 5
10795 639 5
10796 639 6
10797 643 7
10798 654 7
10799 654 8
10800 666 8
10801 667 9
10802 679 9
10803 674 9
10804 677 9
10805 677 10
10806 618 9
10807 652 10
10808 689 10
10809 693 10
10810 688 10
10811 691 10
10812 610 10
10813 0 0
10814 1 0
10815 1 0
10816 2 0
10817 3 0
10818 4 0
10819 5 0
10820 6 0
10821 7 0
10822 12 0
10823 13 0
10824 18 0
10825 21 0
10826 25 0
10827 28 0
10828 30 0
10829 34 0
10830 38 0
10831 42 0
10832 46 0
10833 51 0
10834 57 0
10835 60 0
10836 67 0
10837 72 0
10838 83 0
10839 95 0
10840 108 0
10841 127 0
10842 136 0
10843 145 0
10844 153 0
10845 158 0
10846 174 0
10847 178 0
10848 187 0
10849 194 0
10850 198 0
10851 205 0
10852 213 0
10853 217 0
10854 221 0
10855 231 0
10856 238 0
10857 239 0
10858 250 0
10859 258 0
10860 263 0
10861 274 0
10862 284 0
10863 288 0
10864 298 0
10865 310 0
10866 318 0
10867 321 0
10868 327 0
10869 330 0
10870 339 0
10871 349 0
10872 359 0
10873 368 0
10874 379 0
10875 382 0
10876 391 0
10877 398 0
10878 398 0
10879 406 0
10880 409 0
10881 414 0
10882 421 0
10883 431 0
10884 443 0
10885 454 0
10886 460 0
10887 470 0
10888 482 0
10889 486 0
10890 491 0
10891 501 0
10892 513 0
10893 520 0
10894 527 0
10895 531 0
10896 536 0
10897 538 0
10898 545 0
10899 553 0
10900 556 1
10901 560 1
10902 568 1
10903 570 1
10904 574 1
10905 577 1
10906 578 2
10907 603 3
10908 609 4
10909 621 4
10910 634 5
10911 639 6
10912 640 7
10913 647 7
10914 647 8
10915 671 8
10916 671 9
10917 675 9
10918 675 9
10919 677 9
10920 677 9
10921 680 10
10922 679 11
10923 681 11
10924 434 10
10925 1 0
10926 2 0
10927 4 0
10928 6 0
10929 7 0
10930 8 0
10931 10 0
10932 12 0
10933 13 0
10934 16 0
10935 18 0
10936 22 0
10937 24 0
10938 26 0
10939 29 0
10940 34 0
10941 40 0
10942 45 0
10943 50 0
10944 56 0
10945 64 0
10946 67 0
10947 70 0
10948 80 0
10949 88 0
10950 93 0
10951 105 0
10952 119 0
10953 137 0
10954 149 0
10955 160 0
10956 166 0
10957 168 0
10958 173 0
10959 181 0
10960 194 0
10961 201 0
10962 207 0
10963 209 0
10964 219 0
10965 224 0
10966 231 0
10967 241 0
10968 245 0
10969 250 0
10970 261 0
10971 267 0
10972 272 0
10973 278 0
10974 286 0
10975 289 0
10976 295 0
10977 302 0
10978 303 0
10979 314 0
10980 318 0
10981 323 0
10982 327 0
10983 333 0
10984 337 0
10985 344 0
10986 351 0
10987 359 0
10988 363 0
10989 373 0
10990 378 0
10991 382 0
10992 383 0
10993 395 0
10994 401 0
10995 406 0
10996 415 0
10997 424 0
10998 430 0
10999 441 0
11000 452 0
11001 463 0
11002 470 0
11003 480 0
11004 487 0
11005 497 0
11006 503 0
11007 506 0
11008 512 0
11009 523 0
11010 535 0
11011 535 1
11012 597 1
11013 597 2
11014 604 3
11015 613 3
11016 620 3
11017 635 3
11018 637 4
11019 642 4
11020 643 5
11021 647 6
11022 648 7
11023 665 7
11024 665 8
11025 671 9
11026 672 10
11027 674 10
11028 674 11
11029 599 10
11030 645 11
11031 673 12
11032 683 12
11033 681 12
11034 675 12
11035 677 12
11036 683 12
11037 680 12
11038 682 12
11039 426 11
11040 2 0
11041 5 0
11042 10 0
11043 13 0
11044 21 0
11045 31 0
11046 40 0
11047 57 0
11048 83 0
11049 126 0
11050 182 0
11051 208 0
11052 224 0
11053 244 0
11054 264 0
11055 282 0
11056 306 0
11057 322 0
11058 328 1
11059 344 1
11060 369 1
11061 374 1
11062 379 1
11063 386 1
11064 395 1
11065 400 1
11066 409 1
11067 413 1
11068 422 1
11069 427 1
11070 431 1
11071 435 1
11072 441 1
11073 446 1
11074 456 1
11075 461 1
11076 469 1
11077 480 1
11078 491 1
11079 498 1
11080 512 1
11081 519 1
11082 525 1
11083 530 1
11084 539 1
11085 546 1
11086 552 1
11087 557 1
11088 559 1
11089 562 1
11090 565 1
11091 570 1
11092 574 1
11093 574 1
11094 578 1
11095 578 1
11096 579 1
11097 579 1
11098 583 1
11099 586 1
11100 592 1
11101 592 1
11102 593 1
11103 593 1
11104 592 1
11105 594 1
11106 594 1
11107 594 1
11108 596 1
11109 597 2
11110 598 2
11111 599 2
11112 601 2
11113 602 3
11114 602 3
11115 602 3
11116 603 3
11117 605 3
11118 605 3
11119 607 3
11120 607 3
11121 607 3
11122 607 3
11123 609 3
11124 609 3
11125 609 3
11126 611 3
11127 611 3
11128 611 4
11129 614 4
11130 614 4
11131 615 4
11132 614 4
11133 615 4
11134 617 4
11135 617 4
11136 617 4
11137 618 4
11138 618 4
11139 620 4
11140 623 4
11141 623 4
11142 624 4
11143 623 4
11144 624 4
11145 623 4
11146 623 4
11147 624 4
11148 626 4
11149 626 4
11150 626 4
11151 628 4
11152 627 4
11153 630 4
11154 635 4
11155 636 4
11156 636 4
11157 636 4
11158 636 4
11159 639 4
11160 639 4
11161 638 4
11162 639 4
11163 640 4
11164 640 5
11165 643 5
11166 643 5
11167 641 5
11168 641 5
11169 642 5
11170 644 5
11171 644 5
11172 649 5
11173 653 5
11174 655 5
11175 655 5
11176 657 5
11177 660 5
11178 662 5
11179 662 6
11180 665 6
11181 664 7
11182 664 7
11183 665 7
11184 667 7
11185 668 7
11186 670 7
11187 671 7
11188 672 8
11189 673 8
11190 675 8
11191 677 8
11192 678 8
11193 679 8
11194 678 8
11195 678 9
11196 676 9
11197 679 9
11198 679 9
11199 678 9
11200 678 9
11201 681 9
11202 679 10
11203 679 11
11204 685 12
11205 686 12
11206 686 12
11207 688 12
11208 689 12
11209 682 12
11210 694 12
11211 691 12
11212 698 12
11213 698 12
11214 701 12
11215 654 11
11216 1 0
11217 5 0
11218 33 0
11219 192 0
11220 325 0
11221 427 0
11222 575 0
11223 605 1
11224 631 2
11225 653 2
11226 653 3
11227 662 3
11228 669 4
11229 678 4
11230 678 5
11231 680 5
11232 680 6
11233 683 6
11234 684 7
11235 685 8
11236 689 9
11237 692 9
11238 692 10
11239 696 10
11240 697 11
11241 697 11
11242 697 11
11243 705 11
11244 704 11
11245 702 11
11246 701 11
11247 706 10
11248 706 11
11249 694 11
11250 0 0
11251 1 0
11252 1 0
11253 2 0
11254 3 0
11255 4 0
11256 5 0
11257 6 0
11258 7 0
11259 8 0
11260 11 0
11261 13 0
11262 15 0
11263 17 0
11264 20 0
11265 23 0
11266 26 0
11267 31 0
11268 33 0
11269 36 0
11270 39 0
11271 41 0
11272 43 0
11273 49 0
11274 51 0
11275 55 0
11276 62 0
11277 64 0
11278 70 0
11279 76 0
11280 85 0
11281 95 0
11282 97 0
11283 106 0
11284 113 0
11285 118 0
11286 127 0
11287 131 0
11288 142 0
11289 150 0
11290 156 0
11291 160 0
11292 168 0
11293 176 0
11294 180 0
11295 182 0
11296 187 0
11297 189 0
11298 196 0
11299 201 0
11300 214 0
11301 225 0
11302 228 0
11303 231 0
11304 235 0
11305 244 0
11306 253 0
11307 258 0
11308 263 0
11309 273 0
11310 280 0
11311 282 0
11312 290 0
11313 300 0
11314 309 0
11315 316 0
11316 321 0
11317 326 0
11318 335 0
11319 342 0
11320 348 0
11321 358 0
11322 374 0
11323 377 0
11324 382 0
11325 388 0
11326 392 0
11327 397 0
11328 405 0
11329 411 0
11330 419 0
11331 426 0
11332 430 0
11333 439 0
11334 452 0
11335 454 0
11336 459 0
11337 463 0
11338 468 0
11339 469 0
11340 470 1
11341 525 1
11342 534 1
11343 536 2
11344 554 2
11345 565 2
11346 569 3
11347 575 3
11348 580 3
11349 598 3
11350 604 3
11351 608 4
11352 615 4
11353 617 5
11354 620 5
11355 627 5
11356 639 6
11357 639 7
11358 647 7
11359 647 8
11360 647 9
11361 666 9
11362 666 10
11363 668 10
11364 670 10
11365 670 11
11366 670 11
11367 674 11
11368 677 11
11369 677 12
11370 678 12
11371 682 12
11372 685 12
11373 682 12
11374 686 10
11375 689 11
11376 683 11
11377 688 11
11378 687 11
11379 686 11
11380 668 11
11381 1 0
11382 2 0
11383 4 0
11384 5 0
11385 6 0
11386 7 0
11387 9 0
11388 10 0
11389 11 0
11390 16 0
11391 18 0
11392 20 0
11393 26 0
11394 31 0
11395 33 0
11396 44 0
11397 45 0
11398 50 0
11399 56 0
11400 60 0
11401 67 0
11402 80 0
11403 87 0
11404 99 0
11405 103 0
11406 120 0
11407 139 0
11408 151 0
11409 158 0
11410 167 0
11411 175 0
11412 178 0
11413 184 0
11414 195 0
11415 205 0
11416 210 0
11417 222 0
11418 226 0
11419 232 0
11420 236 0
11421 243 0
11422 248 0
11423 251 0
11424 257 0
11425 262 0
11426 267 0
11427 270 0
11428 272 0
11429 275 0
11430 284 0
11431 288 0
11432 292 0
11433 297 0
11434 304 0
11435 311 0
11436 320 0
11437 326 0
11438 335 0
11439 342 0
11440 347 0
11441 351 0
11442 357 0
11443 370 0
11444 382 0
11445 389 0
11446 399 0
11447 407 0
11448 416 0
11449 421 0
11450 429 0
11451 438 0
11452 448 0
11453 454 0
11454 465 0
11455 473 0
11456 482 0
11457 491 0
11458 496 0
11459 502 0
11460 507 0
11461 517 0
11462 529 0
11463 536 0
11464 538 0
11465 546 0
11466 547 0
11467 551 0
11468 554 0
11469 554 1
11470 572 2
11471 585 3
11472 618 3
11473 631 3
11474 647 4
11475 647 5
11476 652 5
11477 659 6
11478 668 6
11479 668 7
11480 671 8
11481 673 9
11482 674 10
11483 674 11
11484 676 11
11485 677 11
11486 678 11
11487 683 11
11488 684 12
11489 682 11
11490 685 11
11491 686 11
11492 685 11
11493 678 11
11494 691 11
11495 692 11
11496 694 11
11497 1 0
11498 2 0
11499 3 0
11500 4 0
11501 5 0
11502 6 0
11503 7 0
11504 8 0
11505 9 0
11506 10 0
11507 11 0
11508 13 0
11509 15 0
11510 16 0
11511 18 0
11512 21 0
11513 22 0
11514 26 0
11515 31 0
11516 33 0
11517 35 0
11518 38 0
11519 41 0
11520 50 0
11521 54 0
11522 55 0
11523 64 0
11524 69 0
11525 72 0
11526 81 0
11527 87 0
11528 99 0
11529 110 0
11530 118 0
11531 129 0
11532 144 0
11533 153 0
11534 163 0
11535 170 0
11536 179 0
11537 186 0
11538 193 0
11539 201 0
11540 211 0
11541 216 0
11542 221 0
11543 223 0
11544 228 0
11545 235 0
11546 243 0
11547 250 0
11548 259 0
11549 262 0
11550 269 0
11551 278 0
11552 284 0
11553 300 0
11554 308 0
11555 316 0
11556 324 0
11557 330 0
11558 336 0
11559 344 0
11560 350 0
11561 368 0
11562 373 0
11563 388 0
11564 393 0
11565 398 0
11566 409 0
11567 423 0
11568 428 0
11569 435 0
11570 446 0
11571 458 0
11572 465 0
11573 472 0
11574 479 0
11575 484 0
11576 492 0
11577 500 0
11578 514 0
11579 521 0
11580 528 0
11581 533 0
11582 537 0
11583 540 0
11584 541 0
11585 543 1
11586 546 2
11587 581 3
11588 596 3
11589 617 3
11590 626 4
11591 627 5
11592 644 6
11593 657 7
11594 658 8
11595 660 9
11596 660 10
11597 672 10
11598 674 11
11599 680 11
11600 680 11
11601 685 11
11602 691 11
11603 691 11
11604 666 11
11605 1 0
11606 2 0
11607 3 0
11608 4 0
11609 5 0
11610 8 0
11611 9 0
11612 10 0
11613 12 0
11614 13 0
11615 14 0
11616 17 0
11617 18 0
11618 21 0
11619 22 0
11620 25 0
11621 27 0
11622 33 0
11623 39 0
11624 44 0
11625 46 0
11626 49 0
11627 53 0
11628 58 0
11629 62 0
11630 64 0
11631 67 0
11632 70 0
11633 73 0
11634 81 0
11635 88 0
11636 95 0
11637 102 0
11638 106 0
11639 114 0
11640 124 0
11641 136 0
11642 142 0
11643 150 0
11644 158 0
11645 167 0
11646 172 0
11647 177 0
11648 183 0
11649 187 0
11650 191 0
11651 202 0
11652 204 0
11653 212 0
11654 215 0
11655 221 0
11656 227 0
11657 231 0
11658 240 0
11659 245 0
11660 247 0
11661 251 0
11662 253 0
11663 257 0
11664 261 0
11665 264 0
11666 267 0
11667 270 0
11668 272 0
11669 275 0
11670 279 0
11671 281 0
11672 287 0
11673 287 0
11674 295 0
11675 305 0
11676 309 0
11677 316 0
11678 321 0
11679 328 0
11680 332 0
11681 337 0
11682 341 0
11683 347 0
11684 347 0
11685 353 0
11686 358 0
11687 364 0
11688 371 0
11689 380 0
11690 385 0
11691 390 0
11692 398 0
11693 401 0
11694 404 0
11695 405 0
11696 409 0
11697 414 0
11698 421 0
11699 424 0
11700 435 0
11701 439 0
11702 445 0
11703 453 0
11704 455 0
11705 462 0
11706 468 0
11707 473 0
11708 480 0
11709 488 0
11710 493 0
11711 502 0
11712 506 0
11713 510 0
11714 517 0
11715 520 0
11716 529 0
11717 530 0
11718 532 0
11719 536 0
11720 540 0
11721 546 0
11722 548 0
11723 551 0
11724 551 1
11725 555 2
11726 578 3
11727 596 3
11728 617 3
11729 620 4
11730 635 4
11731 646 6
11732 660 7
11733 664 8
11734 670 9
11735 673 10
11736 679 10
11737 678 10
11738 678 10
11739 679 10
11740 679 11
11741 682 11
11742 687 11
11743 675 11
11744 691 10
11745 691 11
11746 672 11
11747 1 0
11748 2 0
11749 2 0
11750 3 0
11751 4 0
11752 5 0
11753 6 0
11754 7 0
11755 9 0
11756 11 0
11757 17 0
11758 21 0
11759 25 0
11760 33 0
11761 42 0
11762 64 0
11763 87 0
11764 125 0
11765 176 0
11766 201 0
11767 222 0
11768 240 0
11769 259 0
11770 271 0
11771 284 0
11772 308 0
11773 345 0
11774 362 0
11775 385 0
11776 405 0
11777 425 0
11778 442 0
11779 461 0
11780 490 0
11781 510 0
11782 538 0
11783 559 0
11784 562 0
11785 562 1
11786 583 2
11787 601 3
11788 640 3
11789 641 4
11790 644 5
11791 655 7
11792 665 8
11793 674 9
11794 674 10
11795 677 10
11796 679 10
11797 681 10
11798 680 10
11799 681 10
11800 687 10
11801 689 10
11802 1 0
11803 1 0
11804 2 0
11805 3 0
11806 4 0
11807 5 0
11808 6 0
11809 7 0
11810 8 0
11811 9 0
11812 10 0
11813 11 0
11814 12 0
11815 13 0
11816 14 0
11817 15 0
11818 19 0
11819 20 0
11820 22 0
11821 24 0
11822 27 0
11823 30 0
11824 34 0
11825 37 0
11826 38 0
11827 41 0
11828 43 0
11829 47 0
11830 50 0
11831 53 0
11832 56 0
11833 59 0
11834 60 0
11835 61 0
11836 63 0
11837 68 0
11838 75 0
11839 78 0
11840 81 0
11841 85 0
11842 88 0
11843 94 0
11844 102 0
11845 106 0
11846 111 0
11847 117 0
11848 123 0
11849 128 0
11850 138 0
11851 143 0
11852 146 0
11853 148 0
11854 151 0
11855 156 0
11856 160 0
11857 161 0
11858 168 0
11859 173 0
11860 176 0
11861 179 0
11862 185 0
11863 188 0
11864 193 0
11865 195 0
11866 196 0
11867 198 0
11868 199 0
11869 201 0
11870 204 0
11871 209 0
11872 213 0
11873 215 0
11874 218 0
11875 225 0
11876 226 0
11877 228 0
11878 232 0
11879 234 0
11880 237 0
11881 240 0
11882 245 0
11883 249 0
11884 253 0
11885 255 0
11886 258 0
11887 261 0
11888 262 0
11889 265 0
11890 266 0
11891 270 0
11892 274 0
11893 280 0
11894 285 0
11895 289 0
11896 297 0
11897 301 0
11898 304 0
11899 306 0
11900 307 0
11901 308 0
11902 312 0
11903 320 0
11904 322 0
11905 327 0
11906 336 0
11907 341 0
11908 343 0
11909 349 0
11910 348 0
11911 352 0
11912 357 0
11913 362 0
11914 365 0
11915 369 0
11916 371 0
11917 377 0
11918 381 0
11919 386 0
11920 392 0
11921 395 0
11922 398 0
11923 402 0
11924 404 0
11925 406 0
11926 409 0
11927 420 0
11928 423 0
11929 424 0
11930 428 0
11931 435 0
11932 437 0
11933 450 0
11934 454 0
11935 462 0
11936 463 0
11937 468 0
11938 472 0
11939 476 0
11940 480 0
11941 484 0
11942 485 0
11943 486 0
11944 490 0
11945 493 0
11946 496 0
11947 502 0
11948 509 0
11949 511 0
11950 516 0
11951 518 0
11952 521 0
11953 528 0
11954 531 0
11955 531 1
11956 549 2
11957 576 3
11958 624 3
11959 631 5
11960 635 6
11961 652 7
11962 665 7
11963 673 8
11964 679 8
11965 679 9
11966 679 10
11967 680 10
11968 683 10
11969 684 10
11970 691 10
11971 660 10
11972 686 10
11973 673 10
11974 1 0
11975 2 0
11976 3 0
11977 4 0
11978 5 0
11979 6 0
11980 14 0
11981 23 0
11982 40 0
11983 60 0
11984 140 0
11985 231 0
11986 291 0
11987 360 0
11988 431 0
11989 485 0
11990 559 0
11991 596 0
11992 596 1
11993 601 1
11994 605 2
11995 606 3
11996 627 3
11997 633 4
11998 664 4
11999 664 5
12000 665 6
12001 671 7
12002 677 7
12003 678 8
12004 677 8
12005 681 8
12006 681 9
12007 684 9
12008 688 10
12009 689 10
12010 693 10
12011 697 10
12012 692 10
12013 701 10
12014 702 10
12015 701 10
12016 702 10
12017 688 10
12018 1 0
12019 2 0
12020 3 0
12021 4 0
12022 5 0
12023 6 0
12024 7 0
12025 8 0
12026 9 0
12027 15 0
12028 19 0
12029 23 0
12030 26 0
12031 28 0
12032 31 0
12033 34 0
12034 41 0
12035 50 0
12036 59 0
12037 67 0
12038 77 0
12039 103 0
12040 121 0
12041 143 0
12042 149 0
12043 162 0
12044 168 0
12045 179 0
12046 186 0
12047 196 0
12048 205 0
12049 213 0
12050 228 0
12051 235 0
12052 239 0
12053 244 0
12054 252 0
12055 258 0
12056 266 0
12057 275 0
12058 281 0
12059 296 0
12060 302 0
12061 318 0
12062 324 0
12063 330 0
12064 344 0
12065 353 0
12066 358 0
12067 366 0
12068 373 0
12069 377 0
12070 386 0
12071 407 0
12072 419 0
12073 430 0
12074 440 0
12075 452 0
12076 459 0
12077 470 0
12078 477 0
12079 478 0
12080 480 1
12081 505 2
12082 570 3
12083 594 3
12084 602 4
12085 613 4
12086 613 5
12087 621 6
12088 643 6
12089 648 7
12090 659 8
12091 669 8
12092 669 9
12093 676 9
12094 677 10
12095 682 10
12096 684 10
12097 687 10
12098 687 10
12099 0 0
12100 1 0
12101 2 0
12102 3 0
12103 4 0
12104 5 0
12105 6 0
12106 8 0
12107 9 0
12108 10 0
12109 11 0
12110 13 0
12111 14 0
12112 17 0
12113 18 0
12114 22 0
12115 26 0
12116 30 0
12117 43 0
12118 46 0
12119 57 0
12120 62 0
12121 69 0
12122 80 0
12123 90 0
12124 104 0
12125 125 0
12126 135 0
12127 140 0
12128 151 0
12129 161 0
12130 171 0
12131 175 0
12132 188 0
12133 200 0
12134 208 0
12135 212 0
12136 217 0
12137 232 0
12138 241 0
12139 244 0
12140 253 0
12141 257 0
12142 261 0
12143 271 0
12144 278 0
12145 288 0
12146 296 0
12147 305 0
12148 315 0
12149 323 0
12150 331 0
12151 342 0
12152 350 0
12153 359 0
12154 370 0
12155 384 0
12156 389 0
12157 396 0
12158 405 0
12159 411 0
12160 417 0
12161 429 0
12162 441 0
12163 450 0
12164 468 0
12165 475 0
12166 486 0
12167 501 0
12168 512 0
12169 519 0
12170 525 0
12171 533 1
12172 535 1
12173 545 1
12174 547 1
12175 548 2
12176 576 2
12177 582 1
12178 582 3
12179 623 3
12180 623 4
12181 633 5
12182 634 6
12183 654 7
12184 667 8
12185 674 8
12186 674 9
12187 678 9
12188 681 9
12189 681 10
12190 686 10
12191 687 10
12192 692 11
12193 678 10
12194 0 0
12195 0 0
12196 1 0
12197 2 0
12198 4 0
12199 5 0
12200 6 0
12201 9 0
12202 10 0
12203 11 0
12204 12 0
12205 14 0
12206 15 0
12207 17 0
12208 23 0
12209 25 0
12210 26 0
12211 30 0
12212 35 0
12213 38 0
12214 40 0
12215 44 0
12216 50 0
12217 56 0
12218 62 0
12219 68 0
12220 73 0
12221 80 0
12222 86 0
12223 96 0
12224 104 0
12225 112 0
12226 124 0
12227 132 0
12228 138 0
12229 143 0
12230 152 0
12231 162 0
12232 166 0
12233 172 0
12234 175 0
12235 187 0
12236 189 0
12237 196 0
12238 197 0
12239 201 0
12240 204 0
12241 211 0
12242 215 0
12243 218 0
12244 221 0
12245 227 0
12246 236 0
12247 247 0
12248 255 0
12249 258 0
12250 263 0
12251 267 0
12252 269 0
12253 274 0
12254 278 0
12255 282 0
12256 286 0
12257 291 0
12258 297 0
12259 303 0
12260 305 0
12261 310 0
12262 317 0
12263 320 0
12264 327 0
12265 332 0
12266 334 0
12267 340 0
12268 352 0
12269 356 0
12270 361 0
12271 366 0
12272 371 0
12273 375 0
12274 383 0
12275 391 0
12276 392 0
12277 393 0
12278 398 0
12279 406 0
12280 413 0
12281 421 0
12282 426 0
12283 426 0
12284 435 0
12285 438 0
12286 442 0
12287 452 0
12288 463 0
12289 469 0
12290 472 0
12291 479 0
12292 486 0
12293 489 0
12294 492 0
12295 496 0
12296 502 0
12297 508 0
12298 512 0
12299 516 0
12300 517 1
12301 526 1
12302 530 1
12303 536 1
12304 538 1
12305 545 1
12306 558 1
12307 557 2
12308 597 3
12309 635 3
12310 635 4
12311 646 5
12312 654 6
12313 665 6
12314 666 7
12315 673 7
12316 673 8
12317 680 8
12318 680 9
12319 684 9
12320 686 9
12321 686 10
12322 688 10
12323 689 10
12324 691 10
12325 691 10
12326 669 10
12327 690 10
12328 685 10
12329 691 10
12330 695 10
12331 697 10
12332 682 11
12333 694 11
12334 698 11
12335 656 11
12336 1 0
12337 2 0
12338 4 0
12339 5 0
12340 6 0
12341 7 0
12342 8 0
12343 9 0
12344 13 0
12345 15 0
12346 19 0
12347 24 0
12348 28 0
12349 32 0
12350 36 0
12351 40 0
12352 49 0
12353 55 0
12354 64 0
12355 70 0
12356 78 0
12357 90 0
12358 110 0
12359 128 0
12360 141 0
12361 170 0
12362 184 0
12363 198 0
12364 204 0
12365 214 0
12366 222 0
12367 228 0
12368 240 0
12369 247 0
12370 259 0
12371 268 0
12372 278 0
12373 287 0
12374 304 0
12375 315 0
12376 326 0
12377 341 0
12378 348 0
12379 362 0
12380 374 0
12381 383 0
12382 389 0
12383 396 0
12384 409 0
12385 424 0
12386 424 1
12387 448 1
12388 462 1
12389 476 1
12390 483 1
12391 504 1
12392 513 1
12393 524 1
12394 532 1
12395 533 2
12396 546 3
12397 578 3
12398 586 4
12399 776 0
12400 776 0
12401 776 2
12402 776 3
12403 776 4
12404 775 5
12405 778 6
12406 776 7
12407 777 8
12408 775 9
12409 776 9
12410 776 10
12411 779 10
12412 780 10
12413 781 10
12414 0 0
12415 1 0
12416 2 0
12417 2 0
12418 3 0
12419 6 0
12420 8 0
12421 10 0
12422 11 0
12423 15 0
12424 19 0
12425 23 0
12426 31 0
12427 35 0
12428 39 0
12429 47 0
12430 51 0
12431 57 0
12432 66 0
12433 73 0
12434 88 0
12435 98 0
12436 112 0
12437 132 0
12438 142 0
12439 153 0
12440 160 0
12441 171 0
12442 175 0
12443 181 0
12444 188 0
12445 198 0
12446 204 0
12447 210 0
12448 220 0
12449 225 0
12450 236 0
12451 239 0
12452 245 0
12453 251 0
12454 259 0
12455 267 0
12456 271 0
12457 272 0
12458 284 0
12459 292 0
12460 298 0
12461 298 0
12462 302 0
12463 307 0
12464 319 0
12465 327 0
12466 335 0
12467 346 0
12468 351 0
12469 355 0
12470 366 0
12471 368 0
12472 377 0
12473 386 0
12474 394 0
12475 395 1
12476 402 1
12477 416 1
12478 426 1
12479 435 1
12480 447 1
12481 452 1
12482 462 1
12483 478 1
12484 522 2
12485 570 4
12486 578 5
12487 599 6
12488 620 7
12489 632 8
12490 634 9
12491 637 9
12492 643 9
12493 650 9
12494 653 10
12495 657 10
12496 666 10
12497 676 10
12498 679 10
12499 672 10
12500 687 10
12501 685 10
12502 679 10
12503 1 0
12504 2 0
12505 2 0
12506 3 0
12507 7 0
12508 13 0
12509 20 0
12510 26 0
12511 32 0
12512 39 0
12513 50 0
12514 76 0
12515 104 0
12516 143 0
12517 170 0
12518 199 0
12519 222 0
12520 236 0
12521 251 0
12522 275 0
12523 296 0
12524 319 0
12525 336 0
12526 361 0
12527 375 0
12528 404 0
12529 426 0
12530 449 0
12531 479 0
12532 512 0
12533 544 0
12534 549 0
12535 550 1
12536 558 1
12537 562 1
12538 564 1
12539 569 1
12540 585 2
12541 606 3
12542 622 4
12543 647 5
12544 647 6
12545 657 7
12546 659 8
12547 667 9
12548 668 9
12549 669 9
12550 669 9
12551 671 9
12552 674 10
12553 676 10
12554 684 10
12555 680 10
12556 685 10
12557 605 10
12558 0 0
12559 1 0
12560 2 0
12561 3 0
12562 4 0
12563 5 0
12564 6 0
12565 7 0
12566 20 0
12567 57 0
12568 159 0
12569 251 0
12570 314 0
12571 384 0
12572 461 0
12573 566 0
12574 568 1
12575 614 1
12576 614 2
12577 625 2
12578 628 2
12579 628 3
12580 639 4
12581 650 4
12582 652 4
12583 655 5
12584 660 6
12585 664 6
12586 667 6
12587 672 6
12588 674 6
12589 674 7
12590 676 8
12591 681 8
12592 681 9
12593 681 9
12594 682 9
12595 683 9
12596 683 9
12597 684 9
12598 688 9
12599 688 9
12600 689 9
12601 691 9
12602 691 10
12603 695 10
12604 709 10
12605 709 10
12606 710 10
12607 710 10
12608 708 10
12609 707 10
12610 710 10
12611 706 10
12612 0 0
12613 1 0
12614 2 0
12615 3 0
12616 4 0
12617 5 0
12618 7 0
12619 9 0
12620 11 0
12621 12 0
12622 16 0
12623 20 0
12624 22 0
12625 25 0
12626 26 0
12627 28 0
12628 29 0
12629 33 0
12630 36 0
12631 40 0
12632 42 0
12633 47 0
12634 53 0
12635 58 0
12636 61 0
12637 62 0
12638 67 0
12639 72 0
12640 76 0
12641 81 0
12642 87 0
12643 94 0
12644 98 0
12645 104 0
12646 111 0
12647 115 0
12648 122 0
12649 127 0
12650 134 0
12651 136 0
12652 147 0
12653 156 0
12654 164 0
12655 169 0
12656 177 0
12657 183 0
12658 188 0
12659 192 0
12660 194 0
12661 201 0
12662 203 0
12663 213 0
12664 220 0
12665 224 0
12666 229 0
12667 232 0
12668 234 0
12669 240 0
12670 245 0
12671 256 0
12672 263 0
12673 271 0
12674 277 0
12675 282 0
12676 290 0
12677 292 0
12678 297 0
12679 299 0
12680 303 0
12681 310 0
12682 318 0
12683 322 0
12684 323 0
12685 329 0
12686 334 0
12687 337 0
12688 347 0
12689 352 0
12690 358 0
12691 369 0
12692 375 0
12693 383 0
12694 389 0
12695 395 0
12696 402 0
12697 410 0
12698 416 0
12699 424 0
12700 431 0
12701 433 0
12702 433 1
12703 435 1
12704 442 1
12705 447 1
12706 452 1
12707 457 1
12708 472 1
12709 484 2
12710 558 4
12711 572 5
12712 606 5
12713 618 6
12714 628 7
12715 664 7
12716 665 8
12717 667 9
12718 668 9
12719 669 9
12720 670 9
12721 669 9
12722 670 9
12723 673 9
12724 673 9
12725 674 9
12726 675 10
12727 678 10
12728 681 10
12729 681 10
12730 682 10
12731 685 10
12732 685 10
12733 686 10
12734 691 11
12735 680 11
12736 689 11
12737 693 11
12738 693 11
12739 1 0
12740 2 0
12741 3 0
12742 4 0
12743 5 0
12744 6 0
12745 7 0
12746 8 0
12747 9 0
12748 11 0
12749 12 0
12750 14 0
12751 15 0
12752 27 0
12753 33 0
12754 39 0
12755 47 0
12756 76 0
12757 94 0
12758 124 0
12759 167 0
12760 187 0
12761 202 0
12762 219 0
12763 231 0
12764 244 0
12765 262 0
12766 270 0
12767 292 0
12768 295 0
12769 315 0
12770 340 0
12771 363 0
12772 381 0
12773 401 0
12774 415 0
12775 427 0
12776 448 0
12777 471 0
12778 500 0
12779 524 0
12780 534 0
12781 536 1
12782 540 1
12783 588 2
12784 618 2
12785 618 3
12786 619 4
12787 638 5
12788 641 6
12789 659 7
12790 671 7
12791 678 8
12792 679 9
12793 679 9
12794 679 9
12795 681 9
12796 681 10
12797 681 10
12798 683 10
12799 688 11
12800 692 11
12801 693 11
12802 698 11
12803 699 11
12804 704 11
12805 701 11
12806 701 11
12807 1 0
12808 1 0
12809 2 0
12810 4 0
12811 6 0
12812 8 0
12813 9 0
12814 11 0
12815 12 0
12816 16 0
12817 20 0
12818 23 0
12819 27 0
12820 32 0
12821 38 0
12822 47 0
12823 54 0
12824 64 0
12825 69 0
12826 84 0
12827 104 0
12828 111 0
12829 124 0
12830 134 0
12831 143 0
12832 147 0
12833 154 0
12834 161 0
12835 168 0
12836 178 0
12837 186 0
12838 197 0
12839 207 0
12840 216 0
12841 221 0
12842 230 0
12843 235 0
12844 246 0
12845 251 0
12846 258 0
12847 263 0
12848 267 0
12849 272 0
12850 282 0
12851 286 0
12852 298 0
12853 306 0
12854 319 0
12855 327 0
12856 342 0
12857 347 0
12858 354 0
12859 360 0
12860 368 0
12861 377 0
12862 380 0
12863 386 0
12864 393 0
12865 403 0
12866 413 0
12867 425 0
12868 433 0
12869 443 0
12870 452 0
12871 454 1
12872 462 1
12873 476 1
12874 497 1
12875 501 1
12876 513 1
12877 560 2
12878 602 3
12879 610 4
12880 640 5
12881 653 6
12882 653 7
12883 670 7
12884 677 9
12885 681 10
12886 683 10
12887 683 10
12888 682 10
12889 685 10
12890 687 10
12891 688 10
12892 688 10
12893 691 11
12894 695 11
12895 702 11
12896 650 11
12897 1 0
12898 2 0
12899 4 0
12900 6 0
12901 7 0
12902 10 0
12903 13 0
12904 14 0
12905 18 0
12906 21 0
12907 26 0
12908 31 0
12909 34 0
12910 36 0
12911 39 0
12912 40 0
12913 46 0
12914 49 0
12915 57 0
12916 68 0
12917 71 0
12918 78 0
12919 86 0
12920 93 0
12921 105 0
12922 114 0
12923 125 0
12924 140 0
12925 149 0
12926 154 0
12927 155 0
12928 166 0
12929 171 0
12930 177 0
12931 183 0
12932 189 0
12933 199 0
12934 205 0
12935 213 0
12936 221 0
12937 227 0
12938 235 0
12939 240 0
12940 250 0
12941 255 0
12942 263 0
12943 266 0
12944 271 0
12945 273 0
12946 278 0
12947 280 0
12948 287 0
12949 292 0
12950 303 0
12951 312 0
12952 321 0
12953 332 0
12954 337 0
12955 341 0
12956 353 0
12957 359 0
12958 367 0
12959 372 0
12960 377 0
12961 380 0
12962 380 0
12963 389 0
12964 398 0
12965 400 0
12966 410 0
12967 413 0
12968 419 0
12969 428 0
12970 433 0
12971 439 0
12972 444 0
12973 459 0
12974 466 0
12975 478 0
12976 481 0
12977 482 1
12978 498 1
12979 501 1
12980 509 1
12981 525 1
12982 574 2
12983 598 3
12984 610 4
12985 639 5
12986 643 6
12987 661 7
12988 666 8
12989 677 8
12990 677 9
12991 682 9
12992 682 10
12993 688 10
12994 693 11
12995 700 11
12996 698 11
12997 700 11
12998 649 11
12999 1 0
13000 2 0
13001 3 0
13002 8 0
13003 45 0
13004 232 0
13005 324 0
13006 393 0
13007 504 0
13008 603 0
13009 604 1
13010 619 1
13011 642 1
13012 643 2
13013 656 3
13014 672 4
13015 677 5
13016 681 6
13017 687 7
13018 694 8
13019 701 8
13020 701 9
13021 702 10
13022 707 10
13023 707 10
13024 708 10
13025 710 10
13026 713 10
13027 715 10
13028 717 11
13029 719 11
13030 718 11
13031 709 11
13032 716 11
13033 712 11
13034 1 0
13035 93 0
13036 362 0
13037 508 0
13038 631 0
13039 631 1
13040 663 2
13041 679 3
13042 679 4
13043 695 4
13044 709 4
13045 710 5
13046 712 5
13047 715 6
13048 723 7
13049 723 8
13050 728 8
13051 729 8
13052 736 8
13053 736 9
13054 736 9
13055 736 10
13056 736 11
13057 737 11
13058 733 11
13059 734 11
13060 1 0
13061 2 0
13062 3 0
13063 4 0
13064 5 0
13065 6 0
13066 10 0
13067 13 0
13068 15 0
13069 18 0
13070 25 0
13071 30 0
13072 35 0
13073 41 0
13074 48 0
13075 52 0
13076 62 0
13077 73 0
13078 87 0
13079 94 0
13080 104 0
13081 111 0
13082 123 0
13083 134 0
13084 139 0
13085 145 0
13086 154 0
13087 165 0
13088 173 0
13089 183 0
13090 194 0
13091 201 0
13092 211 0
13093 215 0
13094 221 0
13095 227 0
13096 239 0
13097 248 0
13098 256 0
13099 275 0
13100 282 0
13101 295 0
13102 308 0
13103 313 0
13104 320 0
13105 320 1
13106 378 1
13107 411 1
13108 421 1
13109 422 1
13110 428 1
13111 432 1
13112 435 1
13113 444 1
13114 453 1
13115 457 1
13116 463 1
13117 469 1
13118 480 2
13119 545 3
13120 571 4
13121 583 5
13122 612 6
13123 625 7
13124 634 8
13125 640 8
13126 667 8
13127 676 8
13128 676 9
13129 677 10
13130 690 10
13131 690 11
13132 691 11
13133 700 11
13134 695 11
13135 707 11
13136 707 11
13137 706 11
13138 706 11
13139 702 11
13140 1 0
13141 2 0
13142 3 0
13143 4 0
13144 5 0
13145 6 0
13146 7 0
13147 12 0
13148 14 0
13149 15 0
13150 18 0
13151 22 0
13152 23 0
13153 25 0
13154 29 0
13155 31 0
13156 34 0
13157 37 0
13158 40 0
13159 43 0
13160 46 0
13161 56 0
13162 60 0
13163 67 0
13164 74 0
13165 79 0
13166 81 0
13167 87 0
13168 91 0
13169 98 0
13170 112 0
13171 126 0
13172 134 0
13173 139 0
13174 145 0
13175 156 0
13176 163 0
13177 167 0
13178 176 0
13179 183 0
13180 184 0
13181 187 0
13182 190 0
13183 195 0
13184 200 0
13185 204 0
13186 212 0
13187 219 0
13188 225 0
13189 231 0
13190 237 0
13191 241 0
13192 247 0
13193 256 0
13194 262 0
13195 270 0
13196 276 0
13197 282 0
13198 286 0
13199 288 0
13200 293 0
13201 300 0
13202 309 0
13203 316 0
13204 324 0
13205 330 0
13206 337 0
13207 341 0
13208 356 0
13209 361 0
13210 367 0
13211 370 0
13212 376 0
13213 384 0
13214 387 0
13215 391 0
13216 393 1
13217 569 2
13218 588 3
13219 631 4
13220 632 5
13221 654 5
13222 653 6
13223 658 7
13224 663 8
13225 678 8
13226 689 8
13227 694 9
13228 698 10
13229 704 10
13230 705 11
13231 704 11
13232 708 11
13233 697 11
13234 707 11
13235 705 11
13236 696 12
13237 704 11
13238 706 12
13239 709 12
13240 698 11
13241 1 0
13242 1 0
13243 2 0
13244 3 0
13245 4 0
13246 5 0
13247 5 0
13248 6 0
13249 7 0
13250 8 0
13251 9 0
13252 10 0
13253 11 0
13254 12 0
13255 13 0
13256 14 0
13257 15 0
13258 17 0
13259 21 0
13260 24 0
13261 25 0
13262 27 0
13263 31 0
13264 38 0
13265 42 0
13266 45 0
13267 51 0
13268 61 0
13269 71 0
13270 80 0
13271 93 0
13272 110 0
13273 132 0
13274 158 0
13275 166 0
13276 174 0
13277 181 0
13278 195 0
13279 205 0
13280 219 0
13281 232 0
13282 243 0
13283 250 0
13284 255 0
13285 265 0
13286 274 0
13287 283 0
13288 291 0
13289 304 0
13290 332 0
13291 341 0
13292 349 0
13293 356 0
13294 374 0
13295 391 0
13296 408 0
13297 425 1
13298 433 1
13299 447 1
13300 459 1
13301 462 1
13302 465 1
13303 470 1
13304 478 1
13305 483 1
13306 488 1
13307 501 1
13308 511 1
13309 521 1
13310 522 2
13311 547 3
13312 605 5
13313 626 5
13314 633 5
13315 634 6
13316 635 7
13317 646 7
13318 649 8
13319 659 8
13320 667 8
13321 678 8
13322 690 8
13323 690 9
13324 698 9
13325 696 10
13326 696 10
13327 696 11
13328 681 11
13329 698 11
13330 688 11
13331 707 11
13332 707 11
13333 708 11
13334 1 0
13335 1 0
13336 2 0
13337 3 0
13338 4 0
13339 5 0
13340 6 0
13341 10 0
13342 11 0
13343 15 0
13344 16 0
13345 19 0
13346 23 0
13347 29 0
13348 43 0
13349 51 0
13350 59 0
13351 66 0
13352 81 0
13353 108 0
13354 126 0
13355 160 0
13356 172 0
13357 201 0
13358 212 0
13359 232 0
13360 249 0
13361 268 0
13362 288 0
13363 312 0
13364 326 0
13365 338 0
13366 358 0
13367 380 0
13368 381 2
13369 517 3
13370 518 3
13371 521 3
13372 526 3
13373 533 3
13374 537 3
13375 539 3
13376 543 3
13377 544 3
13378 545 3
13379 546 3
13380 548 3
13381 551 4
13382 567 4
13383 582 4
13384 630 4
13385 630 5
13386 639 6
13387 645 7
13388 661 8
13389 674 8
13390 687 9
13391 704 9
13392 707 9
13393 708 10
13394 706 10
13395 712 10
13396 707 10
13397 712 10
13398 710 10
13399 706 10
13400 1 0
13401 3 0
13402 4 0
13403 5 0
13404 6 0
13405 7 0
13406 9 0
13407 10 0
13408 11 0
13409 12 0
13410 13 0
13411 16 0
13412 18 0
13413 19 0
13414 20 0
13415 25 0
13416 30 0
13417 32 0
13418 34 0
13419 37 0
13420 41 0
13421 47 0
13422 55 0
13423 65 0
13424 70 0
13425 78 0
13426 86 0
13427 100 0
13428 117 0
13429 128 0
13430 142 0
13431 152 0
13432 162 0
13433 177 0
13434 186 0
13435 192 0
13436 201 0
13437 211 0
13438 223 0
13439 229 0
13440 237 0
13441 241 0
13442 247 0
13443 254 0
13444 258 0
13445 261 0
13446 266 0
13447 271 0
13448 278 0
13449 281 0
13450 294 0
13451 303 0
13452 311 0
13453 317 0
13454 325 0
13455 335 0
13456 347 0
13457 359 0
13458 367 0
13459 384 0
13460 400 0
13461 407 1
13462 415 1
13463 419 1
13464 427 1
13465 433 1
13466 439 1
13467 446 1
13468 448 1
13469 453 1
13470 456 1
13471 462 1
13472 466 1
13473 472 1
13474 481 0
13475 483 2
13476 500 2
13477 575 3
13478 610 5
13479 618 6
13480 629 7
13481 647 8
13482 667 8
13483 695 8
13484 695 9
13485 701 9
13486 701 10
13487 692 10
13488 2 0
13489 3 0
13490 4 0
13491 5 0
13492 7 0
13493 8 0
13494 11 0
13495 12 0
13496 14 0
13497 19 0
13498 22 0
13499 25 0
13500 31 0
13501 35 0
13502 38 0
13503 42 0
13504 47 0
13505 58 0
13506 65 0
13507 70 0
13508 75 0
13509 82 0
13510 92 0
13511 102 0
13512 106 0
13513 124 0
13514 137 0
13515 143 0
13516 152 0
13517 160 0
13518 177 0
13519 185 0
13520 193 0
13521 194 0
13522 205 0
13523 212 0
13524 215 0
13525 222 0
13526 226 0
13527 229 0
13528 241 0
13529 252 0
13530 265 0
13531 266 0
13532 270 0
13533 274 0
13534 280 0
13535 284 0
13536 288 0
13537 301 0
13538 312 0
13539 318 0
13540 324 0
13541 339 0
13542 354 0
13543 360 0
13544 364 0
13545 374 0
13546 376 0
13547 384 0
13548 385 1
13549 422 1
13550 473 1
13551 478 1
13552 486 1
13553 491 1
13554 496 1
13555 510 1
13556 517 2
13557 531 2
13558 603 4
13559 651 5
13560 652 6
13561 658 7
13562 661 8
13563 697 8
13564 705 8
13565 708 9
13566 711 9
13567 714 9
13568 714 10
13569 567 9
13570 1 0
13571 3 0
13572 13 0
13573 17 0
13574 23 0
13575 48 0
13576 72 0
13577 145 0
13578 199 0
13579 236 0
13580 275 0
13581 309 0
13582 352 0
13583 409 0
13584 438 0
13585 438 1
13586 461 1
13587 545 2
13588 550 2
13589 556 2
13590 556 2
13591 557 2
13592 562 2
13593 578 2
13594 610 2
13595 622 4
13596 654 4
13597 656 4
13598 659 5
13599 664 6
13600 665 7
13601 665 8
13602 671 8
13603 676 8
13604 681 8
13605 684 8
13606 691 8
13607 696 8
13608 700 8
13609 702 8
13610 705 8
13611 717 8
13612 716 9
13613 713 10
13614 715 10
13615 721 10
13616 719 10
13617 702 9
13618 1 0
13619 2 0
13620 3 0
13621 4 0
13622 5 0
13623 7 0
13624 8 0
13625 12 0
13626 14 0
13627 15 0
13628 18 0
13629 20 0
13630 21 0
13631 22 0
13632 26 0
13633 33 0
13634 38 0
13635 43 0
13636 46 0
13637 57 0
13638 65 0
13639 71 0
13640 84 0
13641 98 0
13642 110 0
13643 121 0
13644 131 0
13645 139 0
13646 146 0
13647 158 0
13648 164 0
13649 176 0
13650 181 0
13651 190 0
13652 195 0
13653 205 0
13654 211 0
13655 218 0
13656 225 0
13657 229 0
13658 233 0
13659 240 0
13660 251 0
13661 255 0
13662 260 0
13663 265 0
13664 272 0
13665 278 0
13666 282 0
13667 289 0
13668 301 0
13669 306 0
13670 315 0
13671 320 0
13672 325 0
13673 332 0
13674 336 0
13675 353 0
13676 353 1
13677 391 1
13678 460 2
13679 463 2
13680 472 2
13681 478 2
13682 485 2
13683 496 2
13684 599 4
13685 622 4
13686 634 4
13687 646 4
13688 653 5
13689 654 6
13690 656 7
13691 662 7
13692 662 8
13693 675 8
13694 684 8
13695 687 8
13696 690 8
13697 691 8
13698 696 8
13699 703 9
13700 703 9
13701 702 8
13702 714 7
13703 714 9
13704 714 10
13705 701 10
13706 712 10
13707 715 10
13708 716 10
13709 713 10
13710 711 10
13711 707 10
13712 704 10
13713 708 10
13714 1 0
13715 2 0
13716 3 0
13717 4 0
13718 5 0
13719 6 0
13720 7 0
13721 9 0
13722 10 0
13723 13 0
13724 15 0
13725 16 0
13726 17 0
13727 18 0
13728 19 0
13729 21 0
13730 22 0
13731 24 0
13732 26 0
13733 28 0
13734 29 0
13735 31 0
13736 35 0
13737 38 0
13738 39 0
13739 41 0
13740 43 0
13741 46 0
13742 48 0
13743 51 0
13744 52 0
13745 55 0
13746 58 0
13747 64 0
13748 68 0
13749 72 0
13750 76 0
13751 77 0
13752 85 0
13753 90 0
13754 90 0
13755 96 0
13756 103 0
13757 109 0
13758 118 0
13759 126 0
13760 136 0
13761 141 0
13762 152 0
13763 159 0
13764 165 0
13765 173 0
13766 178 0
13767 184 0
13768 189 0
13769 192 0
13770 201 0
13771 204 0
13772 212 0
13773 219 0
13774 230 0
13775 237 0
13776 242 0
13777 252 0
13778 259 0
13779 262 0
13780 268 0
13781 272 0
13782 281 0
13783 287 0
13784 294 0
13785 304 0
13786 312 0
13787 322 0
13788 327 0
13789 334 0
13790 343 0
13791 349 0
13792 351 1
13793 357 1
13794 376 1
13795 461 1
13796 476 1
13797 484 2
13798 501 2
13799 511 2
13800 524 2
13801 530 3
13802 530 3
13803 537 3
13804 578 4
13805 630 4
13806 632 5
13807 646 6
13808 647 7
13809 653 8
13810 680 8
13811 684 8
13812 688 8
13813 695 8
13814 696 9
13815 702 9
13816 679 9
13817 698 10
13818 674 10
13819 708 8
13820 712 8
13821 0 0
13822 1 0
13823 2 0
13824 3 0
13825 5 0
13826 6 0
13827 7 0
13828 8 0
13829 9 0
13830 10 0
13831 12 0
13832 16 0
13833 20 0
13834 26 0
13835 29 0
13836 41 0
13837 66 0
13838 77 0
13839 80 1
13840 306 1
13841 438 1
13842 453 1
13843 463 1
13844 473 1
13845 483 1
13846 498 1
13847 508 1
13848 512 1
13849 518 1
13850 523 1
13851 530 1
13852 535 1
13853 538 1
13854 544 1
13855 548 1
13856 556 1
13857 559 2
13858 560 2
13859 563 2
13860 564 2
13861 566 2
13862 571 2
13863 613 3
13864 652 4
13865 666 4
13866 671 4
13867 671 5
13868 676 6
13869 680 7
13870 680 8
13871 690 8
13872 701 8
13873 709 8
13874 715 8
13875 718 8
13876 715 8
13877 721 9
13878 721 8
13879 721 8
13880 472 4
13881 1 0
13882 2 0
13883 3 0
13884 4 0
13885 5 0
13886 6 0
13887 7 0
13888 9 0
13889 10 0
13890 11 0
13891 12 0
13892 14 0
13893 15 0
13894 16 0
13895 18 0
13896 20 0
13897 22 0
13898 26 0
13899 27 0
13900 30 0
13901 31 0
13902 33 0
13903 35 0
13904 37 0
13905 39 0
13906 43 0
13907 44 0
13908 50 0
13909 55 0
13910 59 0
13911 62 0
13912 66 0
13913 70 0
13914 74 0
13915 76 0
13916 80 0
13917 85 0
13918 90 0
13919 93 0
13920 97 0
13921 101 0
13922 104 0
13923 107 0
13924 110 0
13925 114 0
13926 118 0
13927 120 0
13928 122 0
13929 129 0
13930 131 0
13931 133 0
13932 139 0
13933 142 0
13934 146 0
13935 150 0
13936 152 0
13937 156 0
13938 160 0
13939 164 0
13940 171 0
13941 175 0
13942 175 2
13943 329 2
13944 339 2
13945 339 3
13946 455 3
13947 577 4
13948 591 4
13949 613 4
13950 620 4
13951 635 5
13952 642 5
13953 642 6
13954 647 7
13955 662 7
13956 662 8
13957 692 8
13958 695 8
13959 696 8
13960 701 8
13961 699 8
13962 702 8
13963 710 9
13964 711 8
13965 705 8
13966 709 9
13967 705 9
13968 538 8
13969 686 0
13970 726 2
13971 792 2
13972 792 4
13973 818 4
13974 818 5
13975 823 5
13976 825 5
13977 825 6
13978 827 7
13979 831 8
13980 828 9
13981 835 9
13982 1 0
13983 2 0
13984 3 0
13985 4 0
13986 5 0
13987 7 0
13988 8 0
13989 10 0
13990 13 0
13991 15 0
13992 18 0
13993 20 0
13994 24 0
13995 28 0
13996 33 0
13997 37 0
13998 39 0
13999 46 0
14000 53 0
14001 59 0
14002 70 0
14003 78 0
14004 87 0
14005 92 0
14006 103 0
14007 117 0
14008 130 0
14009 145 1
14010 154 1
14011 166 1
14012 173 1
14013 180 1
14014 185 1
14015 187 1
14016 187 2
14017 323 2
14018 440 2
14019 576 4
14020 606 5
14021 615 7
14022 627 7
14023 636 7
14024 641 7
14025 648 7
14026 654 7
14027 654 8
14028 660 8
14029 666 8
14030 676 8
14031 676 9
14032 683 9
14033 687 9
14034 702 9
14035 704 9
14036 708 8
14037 720 9
14038 721 9
14039 717 9
14040 717 10
14041 722 10
14042 730 10
14043 0 0
14044 1 0
14045 2 0
14046 3 0
14047 4 0
14048 5 0
14049 6 0
14050 12 0
14051 20 0
14052 34 0
14053 48 0
14054 60 0
14055 76 0
14056 84 0
14057 120 0
14058 153 0
14059 195 0
14060 231 0
14061 246 0
14062 259 0
14063 278 0
14064 291 0
14065 292 1
14066 323 2
14067 332 2
14068 335 2
14069 347 2
14070 372 2
14071 391 2
14072 407 2
14073 419 2
14074 587 3
14075 588 4
14076 622 5
14077 637 7
14078 647 8
14079 667 8
14080 684 9
14081 718 9
14082 724 9
14083 720 9
14084 722 10
14085 720 10
14086 629 9
14087 0 0
14088 1 0
14089 2 0
14090 3 0
14091 4 0
14092 5 0
14093 7 0
14094 10 0
14095 14 0
14096 19 0
14097 22 0
14098 29 0
14099 35 0
14100 40 0
14101 46 0
14102 55 0
14103 64 0
14104 76 0
14105 96 0
14106 115 0
14107 136 0
14108 155 0
14109 169 0
14110 186 0
14111 198 0
14112 210 0
14113 223 0
14114 231 0
14115 238 0
14116 238 1
14117 250 1
14118 263 1
14119 273 1
14120 284 1
14121 288 0
14122 288 2
14123 573 3
14124 663 3
14125 672 4
14126 684 4
14127 686 5
14128 693 6
14129 702 7
14130 704 8
14131 711 8
14132 728 8
14133 729 8
14134 729 9
14135 741 9
14136 738 9
14137 738 9
14138 719 10
14139 0 0
14140 1 0
14141 2 0
14142 3 0
14143 5 0
14144 7 0
14145 11 0
14146 14 0
14147 16 0
14148 18 0
14149 19 0
14150 25 0
14151 29 0
14152 42 0
14153 47 0
14154 54 0
14155 64 0
14156 78 0
14157 86 0
14158 98 0
14159 116 0
14160 136 0
14161 154 0
14162 164 0
14163 192 0
14164 202 0
14165 212 0
14166 224 0
14167 236 0
14168 245 0
14169 265 0
14170 278 0
14171 283 0
14172 298 0
14173 309 0
14174 317 0
14175 320 1
14176 337 2
14177 343 2
14178 353 2
14179 356 2
14180 363 2
14181 370 2
14182 376 2
14183 377 2
14184 379 2
14185 473 2
14186 482 2
14187 543 2
14188 549 3
14189 552 4
14190 585 4
14191 625 5
14192 634 5
14193 634 6
14194 649 6
14195 649 7
14196 690 8
14197 704 8
14198 712 8
14199 712 8
14200 712 9
14201 715 9
14202 716 10
14203 717 10
14204 717 10
14205 716 10
14206 684 10
14207 708 10
14208 722 10
14209 723 10
14210 706 10
14211 725 10
14212 0 0
14213 1 0
14214 2 0
14215 3 0
14216 6 0
14217 8 0
14218 17 0
14219 37 0
14220 67 0
14221 134 0
14222 225 0
14223 315 0
14224 347 1
14225 402 1
14226 458 1
14227 477 2
14228 521 2
14229 585 2
14230 606 2
14231 629 3
14232 635 3
14233 635 4
14234 662 5
14235 667 6
14236 683 6
14237 690 7
14238 690 8
14239 700 8
14240 707 8
14241 707 9
14242 708 10
14243 708 10
14244 709 10
14245 717 10
14246 710 10
14247 719 10
14248 678 10
14249 0 0
14250 0 0
14251 1 0
14252 2 0
14253 3 0
14254 4 0
14255 5 0
14256 6 0
14257 7 0
14258 9 0
14259 20 0
14260 31 0
14261 50 0
14262 70 0
14263 119 0
14264 161 0
14265 182 0
14266 207 0
14267 237 0
14268 250 0
14269 270 0
14270 297 0
14271 298 1
14272 462 1
14273 477 2
14274 612 2
14275 649 2
14276 649 3
14277 658 4
14278 660 5
14279 662 6
14280 670 6
14281 675 6
14282 679 6
14283 680 7
14284 688 8
14285 689 8
14286 691 8
14287 699 8
14288 699 9
14289 699 10
14290 708 10
14291 714 10
14292 713 10
14293 719 10
14294 701 10
14295 0 0
14296 1 0
14297 2 0
14298 3 0
14299 5 0
14300 6 0
14301 7 0
14302 8 0
14303 18 0
14304 22 0
14305 31 0
14306 43 0
14307 60 0
14308 74 0
14309 95 0
14310 132 0
14311 171 0
14312 193 0
14313 213 0
14314 230 0
14315 248 0
14316 270 0
14317 289 0
14318 306 0
14319 322 0
14320 338 0
14321 360 0
14322 370 1
14323 386 1
14324 401 1
14325 418 1
14326 431 1
14327 433 2
14328 567 3
14329 590 3
14330 702 0
14331 703 2
14332 703 3
14333 706 4
14334 711 6
14335 714 7
14336 722 7
14337 722 8
14338 731 9
14339 732 10
14340 736 10
14341 740 10
14342 739 10
14343 738 10
14344 737 10
14345 739 11
14346 741 10
14347 741 10
14348 741 10
14349 743 10
14350 743 10
14351 0 0
14352 1 0
14353 2 0
14354 3 0
14355 5 0
14356 7 0
14357 9 0
14358 11 0
14359 14 0
14360 17 0
14361 19 0
14362 20 0
14363 22 0
14364 25 0
14365 26 0
14366 27 0
14367 28 0
14368 29 0
14369 33 0
14370 36 0
14371 38 0
14372 39 0
14373 40 0
14374 43 0
14375 49 0
14376 52 0
14377 60 0
14378 68 0
14379 74 0
14380 82 0
14381 91 0
14382 97 0
14383 102 0
14384 108 0
14385 115 0
14386 122 0
14387 126 0
14388 134 0
14389 138 0
14390 145 0
14391 152 0
14392 156 0
14393 162 0
14394 166 0
14395 170 0
14396 174 0
14397 176 0
14398 179 0
14399 187 0
14400 190 0
14401 197 0
14402 198 0
14403 203 0
14404 208 0
14405 213 0
14406 218 0
14407 223 0
14408 228 0
14409 232 0
14410 235 0
14411 240 0
14412 247 0
14413 248 0
14414 250 0
14415 253 0
14416 255 0
14417 260 0
14418 270 0
14419 277 0
14420 280 0
14421 281 0
14422 283 1
14423 563 1
14424 570 2
14425 639 2
14426 639 3
14427 664 5
14428 664 6
14429 666 6
14430 671 6
14431 675 6
14432 676 6
14433 681 6
14434 685 7
14435 686 8
14436 691 8
14437 692 9
14438 695 10
14439 696 10
14440 705 10
14441 709 10
14442 719 10
14443 728 10
14444 727 10
14445 1 0
14446 2 0
14447 3 0
14448 4 0
14449 5 0
14450 6 0
14451 7 0
14452 8 0
14453 10 0
14454 11 0
14455 13 0
14456 14 0
14457 17 0
14458 20 0
14459 21 0
14460 22 0
14461 25 0
14462 29 0
14463 31 0
14464 34 0
14465 37 0
14466 41 0
14467 44 0
14468 49 0
14469 54 0
14470 57 0
14471 60 0
14472 63 0
14473 67 0
14474 77 0
14475 87 0
14476 93 0
14477 103 0
14478 110 0
14479 116 0
14480 124 0
14481 132 0
14482 141 0
14483 152 0
14484 161 0
14485 169 0
14486 181 0
14487 187 0
14488 194 0
14489 205 0
14490 207 0
14491 213 0
14492 224 0
14493 233 0
14494 242 0
14495 249 0
14496 260 0
14497 264 0
14498 272 0
14499 285 0
14500 292 0
14501 301 0
14502 308 0
14503 311 0
14504 316 0
14505 325 0
14506 332 0
14507 340 0
14508 345 0
14509 350 0
14510 352 0
14511 360 0
14512 368 0
14513 380 0
14514 392 0
14515 397 0
14516 408 0
14517 415 0
14518 419 0
14519 422 0
14520 423 0
14521 423 1
14522 446 2
14523 593 3
14524 608 4
14525 644 5
14526 649 6
14527 662 7
14528 674 8
14529 681 10
14530 702 10
14531 716 10
14532 715 10
14533 716 10
14534 718 11
14535 729 11
14536 710 11
14537 1 0
14538 2 0
14539 3 0
14540 4 0
14541 5 0
14542 6 0
14543 7 0
14544 8 0
14545 9 0
14546 11 0
14547 12 0
14548 15 0
14549 16 0
14550 17 0
14551 19 0
14552 22 0
14553 27 0
14554 30 0
14555 35 0
14556 40 0
14557 47 0
14558 55 0
14559 62 0
14560 76 0
14561 92 0
14562 98 0
14563 112 0
14564 131 0
14565 142 0
14566 159 0
14567 167 0
14568 177 0
14569 192 0
14570 200 0
14571 207 0
14572 214 0
14573 224 0
14574 231 0
14575 235 0
14576 242 0
14577 251 0
14578 265 0
14579 276 0
14580 282 0
14581 290 0
14582 296 0
14583 307 0
14584 311 0
14585 322 0
14586 334 0
14587 342 0
14588 342 1
14589 557 2
14590 624 2
14591 624 3
14592 641 4
14593 643 5
14594 649 5
14595 655 5
14596 662 5
14597 666 6
14598 671 6
14599 676 6
14600 682 6
14601 686 7
14602 685 7
14603 686 8
14604 690 8
14605 693 9
14606 697 9
14607 700 10
14608 704 10
14609 712 10
14610 716 10
14611 715 10
14612 719 10
14613 718 11
14614 586 11
14615 1 0
14616 2 0
14617 3 0
14618 5 0
14619 8 0
14620 10 0
14621 11 0
14622 13 0
14623 15 0
14624 17 0
14625 22 0
14626 27 0
14627 29 0
14628 33 0
14629 38 0
14630 42 0
14631 47 0
14632 59 0
14633 69 0
14634 84 0
14635 91 0
14636 105 0
14637 116 0
14638 133 0
14639 151 0
14640 166 0
14641 169 0
14642 178 0
14643 183 0
14644 193 0
14645 205 0
14646 211 0
14647 220 0
14648 228 0
14649 236 0
14650 241 0
14651 248 0
14652 259 0
14653 268 0
14654 279 0
14655 281 0
14656 289 0
14657 295 0
14658 301 0
14659 310 0
14660 317 0
14661 327 0
14662 334 0
14663 336 1
14664 466 1
14665 531 2
14666 637 3
14667 653 3
14668 653 4
14669 667 5
14670 667 6
14671 685 7
14672 686 8
14673 688 9
14674 692 10
14675 694 10
14676 700 10
14677 705 10
14678 709 10
14679 714 11
14680 716 11
14681 716 11
14682 719 12
14683 717 12
14684 717 12
14685 717 12
14686 719 12
14687 696 12
14688 1 0
14689 2 0
14690 3 0
14691 4 0
14692 6 0
14693 7 0
14694 8 0
14695 10 0
14696 12 0
14697 14 0
14698 16 0
14699 18 0
14700 30 0
14701 33 0
14702 36 0
14703 41 0
14704 43 0
14705 56 0
14706 68 0
14707 82 0
14708 95 0
14709 105 0
14710 116 0
14711 132 0
14712 151 0
14713 167 0
14714 179 0
14715 181 0
14716 188 0
14717 195 0
14718 202 0
14719 206 0
14720 216 0
14721 221 0
14722 230 0
14723 238 0
14724 246 0
14725 257 0
14726 262 0
14727 274 0
14728 284 0
14729 297 0
14730 307 0
14731 318 0
14732 320 0
14733 327 0
14734 341 0
14735 346 0
14736 353 0
14737 363 0
14738 368 0
14739 368 1
14740 546 1
14741 556 2
14742 601 2
14743 624 3
14744 639 4
14745 644 5
14746 653 6
14747 667 7
14748 679 7
14749 680 8
14750 681 9
14751 686 9
14752 694 11
14753 693 11
14754 702 11
14755 711 12
14756 714 12
14757 701 12
14758 719 12
14759 722 12
14760 724 13
14761 725 13
14762 1 0
14763 4 0
14764 4 0
14765 8 0
14766 22 0
14767 31 0
14768 66 0
14769 123 0
14770 223 0
14771 292 0
14772 354 0
14773 413 0
14774 452 0
14775 458 1
14776 506 1
14777 507 2
14778 545 2
14779 591 2
14780 606 2
14781 619 2
14782 631 3
14783 649 3
14784 649 4
14785 659 4
14786 659 5
14787 666 5
14788 667 6
14789 668 7
14790 690 7
14791 692 8
14792 696 9
14793 696 10
14794 699 11
14795 702 12
14796 708 12
14797 715 12
14798 720 12
14799 718 12
14800 721 12
14801 724 13
14802 723 13
14803 725 13
14804 724 13
14805 724 13
14806 726 13
14807 728 13
14808 710 13
14809 730 13
14810 732 13
14811 732 13
14812 734 13
14813 726 13
14814 0 0
14815 1 0
14816 1 0
14817 2 0
14818 3 0
14819 4 0
14820 5 0
14821 6 0
14822 7 0
14823 12 0
14824 13 0
14825 17 0
14826 23 0
14827 29 0
14828 33 0
14829 36 0
14830 44 0
14831 47 0
14832 60 0
14833 78 0
14834 105 0
14835 124 0
14836 146 0
14837 156 0
14838 172 0
14839 179 0
14840 192 0
14841 203 0
14842 211 0
14843 220 0
14844 226 0
14845 237 0
14846 249 0
14847 257 0
14848 263 0
14849 269 0
14850 280 0
14851 290 0
14852 310 0
14853 319 0
14854 326 0
14855 333 0
14856 337 0
14857 355 0
14858 363 0
14859 364 1
14860 645 1
14861 648 2
14862 656 3
14863 660 4
14864 665 5
14865 666 6
14866 687 7
14867 687 8
14868 698 8
14869 698 9
14870 717 10
14871 720 10
14872 721 11
14873 724 12
14874 729 12
14875 735 12
14876 740 12
14877 748 12
14878 748 13
14879 692 13
14880 1 0
14881 2 0
14882 3 0
14883 5 0
14884 7 0
14885 8 0
14886 10 0
14887 12 0
14888 14 0
14889 15 0
14890 16 0
14891 20 0
14892 24 0
14893 25 0
14894 29 0
14895 32 0
14896 38 0
14897 41 0
14898 46 0
14899 51 0
14900 55 0
14901 61 0
14902 67 0
14903 72 0
14904 83 0
14905 90 0
14906 93 0
14907 101 0
14908 111 0
14909 126 0
14910 135 0
14911 149 0
14912 162 0
14913 176 0
14914 189 0
14915 200 0
14916 209 0
14917 221 0
14918 231 0
14919 245 0
14920 255 0
14921 263 0
14922 271 0
14923 281 0
14924 295 0
14925 304 0
14926 311 0
14927 320 0
14928 324 0
14929 340 0
14930 345 0
14931 356 0
14932 365 0
14933 379 0
14934 387 0
14935 400 0
14936 406 0
14937 409 0
14938 410 1
14939 493 2
14940 596 3
14941 635 3
14942 636 4
14943 642 5
14944 655 6
14945 671 7
14946 676 9
14947 677 10
14948 684 11
14949 692 12
14950 709 12
14951 714 12
14952 719 12
14953 720 12
14954 678 12
14955 729 12
14956 732 12
14957 733 12
14958 731 12
14959 0 0
14960 1 0
14961 2 0
14962 2 0
14963 3 0
14964 4 0
14965 5 0
14966 8 0
14967 9 0
14968 11 0
14969 12 0
14970 13 0
14971 16 0
14972 19 0
14973 26 0
14974 31 0
14975 39 0
14976 46 0
14977 55 0
14978 64 0
14979 78 0
14980 88 0
14981 102 0
14982 118 0
14983 142 0
14984 157 0
14985 163 0
14986 176 0
14987 183 0
14988 193 0
14989 205 0
14990 216 0
14991 222 0
14992 233 0
14993 242 0
14994 250 0
14995 255 0
14996 269 0
14997 279 0
14998 287 0
14999 296 0
15000 307 0
15001 311 0
15002 335 0
15003 343 0
15004 354 0
15005 362 0
15006 376 0
15007 383 0
15008 387 0
15009 394 0
15010 399 0
15011 402 0
15012 402 1
15013 645 1
15014 772 0
15015 773 1
15016 773 2
15017 771 3
15018 771 4
15019 775 5
15020 775 6
15021 776 7
15022 780 8
15023 781 9
15024 781 11
15025 781 11
15026 781 12
15027 781 12
15028 781 12
15029 781 12
15030 787 12
15031 787 12
15032 786 12
15033 786 12
15034 786 12
15035 1 0
15036 2 0
15037 3 0
15038 4 0
15039 7 0
15040 8 0
15041 9 0
15042 12 0
15043 14 0
15044 16 0
15045 20 0
15046 23 0
15047 26 0
15048 30 0
15049 34 0
15050 37 0
15051 44 0
15052 48 0
15053 54 0
15054 59 0
15055 71 0
15056 78 0
15057 87 0
15058 95 0
15059 107 0
15060 118 0
15061 137 0
15062 150 0
15063 160 0
15064 168 0
15065 177 0
15066 193 0
15067 204 0
15068 210 0
15069 217 0
15070 227 0
15071 233 0
15072 246 0
15073 252 0
15074 263 0
15075 271 0
15076 277 0
15077 292 0
15078 301 0
15079 304 0
15080 320 0
15081 328 0
15082 337 0
15083 352 0
15084 362 0
15085 371 0
15086 379 0
15087 390 0
15088 403 0
15089 414 0
15090 429 0
15091 438 0
15092 444 0
15093 455 0
15094 461 0
15095 462 1
15096 464 2
15097 519 2
15098 595 3
15099 600 4
15100 615 5
15101 620 6
15102 636 6
15103 637 7
15104 642 8
15105 652 9
15106 657 10
15107 666 11
15108 675 11
15109 679 12
15110 695 12
15111 703 12
15112 715 12
15113 722 12
15114 679 12
15115 727 11
15116 727 12
15117 731 12
15118 1 0
15119 2 0
15120 3 0
15121 4 0
15122 5 0
15123 6 0
15124 7 0
15125 8 0
15126 10 0
15127 11 0
15128 13 0
15129 14 0
15130 15 0
15131 18 0
15132 20 0
15133 21 0
15134 23 0
15135 26 0
15136 29 0
15137 32 0
15138 35 0
15139 45 0
15140 47 0
15141 50 0
15142 56 0
15143 61 0
15144 72 0
15145 86 0
15146 99 0
15147 117 0
15148 130 0
15149 142 0
15150 157 0
15151 164 0
15152 177 0
15153 184 0
15154 188 0
15155 202 0
15156 214 0
15157 222 0
15158 232 0
15159 239 0
15160 250 0
15161 258 0
15162 262 0
15163 266 0
15164 277 0
15165 291 0
15166 303 0
15167 315 0
15168 326 0
15169 332 0
15170 344 0
15171 347 0
15172 355 0
15173 363 0
15174 370 0
15175 374 0
15176 375 1
15177 385 1
15178 391 1
15179 395 1
15180 405 1
15181 410 1
15182 418 1
15183 432 1
15184 443 1
15185 454 1
15186 464 1
15187 475 1
15188 484 1
15189 500 1
15190 502 1
15191 507 2
15192 514 2
15193 521 2
15194 534 2
15195 542 2
15196 548 2
15197 550 2
15198 554 2
15199 555 3
15200 566 4
15201 570 5
15202 624 6
15203 625 7
15204 662 8
15205 671 9
15206 675 9
15207 676 9
15208 678 9
15209 680 11
15210 687 11
15211 692 11
15212 694 11
15213 697 11
15214 698 11
15215 699 11
15216 701 12
15217 703 12
15218 710 12
15219 717 12
15220 563 12
15221 1 0
15222 2 0
15223 3 0
15224 4 0
15225 5 0
15226 8 0
15227 9 0
15228 10 0
15229 11 0
15230 12 0
15231 14 0
15232 20 0
15233 22 0
15234 24 0
15235 26 0
15236 28 0
15237 34 0
15238 39 0
15239 45 0
15240 49 0
15241 53 0
15242 58 0
15243 65 0
15244 75 0
15245 86 0
15246 95 0
15247 107 0
15248 122 0
15249 132 0
15250 148 0
15251 161 0
15252 174 0
15253 181 0
15254 188 0
15255 196 0
15256 209 0
15257 214 0
15258 219 0
15259 226 0
15260 236 0
15261 246 0
15262 249 0
15263 256 0
15264 262 0
15265 270 0
15266 279 0
15267 293 0
15268 300 0
15269 304 0
15270 318 0
15271 329 0
15272 331 0
15273 338 0
15274 344 0
15275 359 0
15276 372 0
15277 376 0
15278 381 0
15279 384 1
15280 391 1
15281 396 1
15282 406 1
15283 412 1
15284 422 1
15285 428 1
15286 433 1
15287 439 1
15288 445 1
15289 446 1
15290 462 1
15291 472 1
15292 485 1
15293 492 1
15294 507 1
15295 511 1
15296 516 1
15297 526 1
15298 530 1
15299 539 1
15300 539 2
15301 604 2
15302 604 3
15303 607 4
15304 623 4
15305 630 4
15306 641 4
15307 641 5
15308 648 5
15309 649 6
15310 655 8
15311 658 9
15312 671 9
15313 673 9
15314 675 10
15315 678 11
15316 680 11
15317 682 11
15318 687 11
15319 690 11
15320 693 11
15321 694 11
15322 698 11
15323 698 12
15324 700 12
15325 702 12
15326 705 12
15327 708 12
15328 710 12
15329 712 12
15330 708 12
15331 716 12
15332 716 12
15333 1 0
15334 2 0
15335 3 0
15336 4 0
15337 5 0
15338 6 0
15339 7 0
15340 9 0
15341 10 0
15342 11 0
15343 14 0
15344 16 0
15345 17 0
15346 21 0
15347 28 0
15348 29 0
15349 35 0
15350 40 0
15351 48 0
15352 53 0
15353 56 0
15354 65 0
15355 78 0
15356 88 0
15357 97 0
15358 111 0
15359 127 0
15360 144 0
15361 170 0
15362 176 0
15363 181 0
15364 196 0
15365 203 0
15366 209 0
15367 214 0
15368 221 0
15369 228 0
15370 236 0
15371 243 0
15372 251 0
15373 258 0
15374 264 0
15375 273 0
15376 288 0
15377 297 0
15378 307 0
15379 315 0
15380 322 0
15381 332 0
15382 336 0
15383 346 0
15384 359 0
15385 365 0
15386 377 0
15387 386 0
15388 390 0
15389 391 1
15390 613 1
15391 614 2
15392 615 3
15393 636 4
15394 643 5
15395 656 5
15396 656 6
15397 662 7
15398 670 7
15399 674 7
15400 679 8
15401 682 9
15402 688 10
15403 690 11
15404 697 11
15405 704 11
15406 706 12
15407 709 12
15408 718 12
15409 716 12
15410 724 12
15411 722 12
15412 723 12
15413 722 12
15414 715 12
15415 720 11
15416 723 12
15417 724 12
15418 724 12
15419 725 12
15420 728 12
15421 728 12
15422 717 12
15423 1 0
15424 2 0
15425 3 0
15426 4 0
15427 5 0
15428 6 0
15429 9 0
15430 10 0
15431 12 0
15432 14 0
15433 15 0
15434 17 0
15435 18 0
15436 19 0
15437 22 0
15438 24 0
15439 27 0
15440 30 0
15441 34 0
15442 37 0
15443 39 0
15444 43 0
15445 49 0
15446 52 0
15447 57 0
15448 62 0
15449 71 0
15450 82 0
15451 97 0
15452 110 0
15453 127 0
15454 143 0
15455 153 0
15456 159 0
15457 168 0
15458 175 0
15459 181 0
15460 189 0
15461 196 0
15462 201 0
15463 207 0
15464 218 0
15465 234 0
15466 236 0
15467 241 0
15468 247 0
15469 252 0
15470 255 0
15471 263 0
15472 270 0
15473 280 0
15474 287 0
15475 301 0
15476 314 0
15477 321 0
15478 321 0
15479 333 0
15480 344 0
15481 354 0
15482 363 0
15483 374 0
15484 385 0
15485 401 0
15486 404 0
15487 413 0
15488 419 0
15489 427 0
15490 432 0
15491 433 1
15492 483 2
15493 511 3
15494 554 3
15495 573 3
15496 583 4
15497 597 5
15498 634 6
15499 634 7
15500 639 8
15501 652 9
15502 668 10
15503 680 11
15504 690 11
15505 700 11
15506 702 12
15507 709 12
15508 712 12
15509 713 12
15510 712 12
15511 718 12
15512 718 12
15513 717 12
15514 531 12
15515 0 0
15516 1 0
15517 2 0
15518 3 0
15519 4 0
15520 5 0
15521 6 0
15522 7 0
15523 9 0
15524 11 0
15525 15 0
15526 17 0
15527 18 0
15528 22 0
15529 23 0
15530 24 0
15531 25 0
15532 27 0
15533 31 0
15534 34 0
15535 37 0
15536 38 0
15537 41 0
15538 43 0
15539 44 0
15540 48 0
15541 53 0
15542 58 0
15543 63 0
15544 68 0
15545 75 0
15546 82 0
15547 87 0
15548 92 0
15549 98 0
15550 109 0
15551 118 0
15552 129 0
15553 145 0
15554 151 0
15555 154 0
15556 162 0
15557 168 0
15558 173 0
15559 178 0
15560 188 0
15561 195 0
15562 200 0
15563 201 0
15564 204 0
15565 210 0
15566 212 0
15567 213 0
15568 214 0
15569 217 0
15570 223 0
15571 227 0
15572 232 0
15573 237 0
15574 242 0
15575 246 0
15576 251 0
15577 258 0
15578 263 0
15579 265 0
15580 273 0
15581 277 0
15582 280 0
15583 282 0
15584 289 0
15585 295 0
15586 298 0
15587 300 0
15588 310 0
15589 321 0
15590 325 0
15591 327 0
15592 330 0
15593 337 0
15594 343 0
15595 348 0
15596 357 0
15597 360 0
15598 359 0
15599 368 0
15600 369 0
15601 372 0
15602 374 0
15603 378 0
15604 379 0
15605 379 1
15606 565 1
15607 579 2
15608 598 3
15609 633 4
15610 645 5
15611 652 5
15612 660 5
15613 664 6
15614 664 7
15615 665 7
15616 666 8
15617 668 8
15618 670 8
15619 672 8
15620 672 9
15621 672 9
15622 676 9
15623 679 10
15624 680 10
15625 681 10
15626 681 10
15627 683 10
15628 685 10
15629 685 10
15630 686 10
15631 687 10
15632 689 10
15633 690 10
15634 692 10
15635 694 11
15636 697 11
15637 699 11
15638 701 11
15639 701 11
15640 701 11
15641 702 11
15642 701 11
15643 702 11
15644 702 11
15645 702 11
15646 702 11
15647 702 11
15648 704 11
15649 705 11
15650 705 12
15651 712 12
15652 713 12
15653 717 12
15654 719 12
15655 713 12
15656 1 0
15657 2 0
15658 4 0
15659 6 0
15660 7 0
15661 8 0
15662 11 0
15663 12 0
15664 13 0
15665 17 0
15666 21 0
15667 27 0
15668 30 0
15669 32 0
15670 37 0
15671 43 0
15672 45 0
15673 51 0
15674 60 0
15675 66 0
15676 75 0
15677 87 0
15678 98 0
15679 110 0
15680 128 0
15681 140 0
15682 144 0
15683 157 0
15684 163 0
15685 167 0
15686 178 0
15687 194 0
15688 202 0
15689 213 0
15690 223 0
15691 231 0
15692 237 0
15693 246 0
15694 256 0
15695 268 0
15696 279 0
15697 290 0
15698 297 0
15699 309 0
15700 319 0
15701 324 0
15702 335 0
15703 344 0
15704 352 0
15705 360 0
15706 366 0
15707 375 0
15708 385 0
15709 397 0
15710 401 0
15711 414 0
15712 424 0
15713 427 0
15714 432 0
15715 436 0
15716 444 0
15717 457 0
15718 466 0
15719 466 1
15720 536 1
15721 554 1
15722 781 0
15723 783 1
15724 783 2
15725 784 2
15726 785 1
15727 785 3
15728 784 4
15729 788 5
15730 789 6
15731 790 8
15732 790 9
15733 789 9
15734 790 9
15735 790 10
15736 791 11
15737 792 11
15738 792 11
15739 793 11
15740 791 11
15741 791 11
15742 791 11
15743 794 11
15744 0 0
15745 1 0
15746 2 0
15747 3 0
15748 4 0
15749 6 0
15750 8 0
15751 10 0
15752 11 0
15753 12 0
15754 14 0
15755 15 0
15756 16 0
15757 18 0
15758 22 0
15759 24 0
15760 25 0
15761 26 0
15762 27 0
15763 30 0
15764 31 0
15765 36 0
15766 38 0
15767 41 0
15768 43 0
15769 47 0
15770 53 0
15771 58 0
15772 62 0
15773 64 0
15774 71 0
15775 75 0
15776 81 0
15777 87 0
15778 89 0
15779 94 0
15780 99 0
15781 103 0
15782 112 0
15783 118 0
15784 126 0
15785 135 0
15786 141 0
15787 147 0
15788 152 0
15789 158 0
15790 161 0
15791 163 0
15792 180 0
15793 196 0
15794 207 0
15795 217 0
15796 225 0
15797 230 0
15798 236 0
15799 241 0
15800 250 0
15801 260 0
15802 271 0
15803 278 0
15804 287 0
15805 295 0
15806 300 0
15807 310 0
15808 319 0
15809 324 0
15810 334 0
15811 346 0
15812 349 0
15813 358 0
15814 363 0
15815 363 2
15816 484 1
15817 486 2
15818 553 3
15819 554 4
15820 605 5
15821 621 6
15822 628 7
15823 635 8
15824 636 9
15825 658 10
15826 658 11
15827 671 11
15828 675 11
15829 682 11
15830 682 11
15831 685 11
15832 687 11
15833 690 11
15834 691 11
15835 696 11
15836 701 11
15837 702 11
15838 705 11
15839 705 11
15840 710 12
15841 713 11
15842 715 11
15843 715 11
15844 723 11
15845 720 11
15846 722 11
15847 709 11
15848 0 0
15849 1 0
15850 2 0
15851 3 0
15852 4 0
15853 5 0
15854 6 0
15855 7 0
15856 8 0
15857 9 0
15858 10 0
15859 11 0
15860 13 0
15861 14 0
15862 16 0
15863 18 0
15864 20 0
15865 23 0
15866 25 0
15867 27 0
15868 28 0
15869 29 0
15870 32 0
15871 34 0
15872 37 0
15873 39 0
15874 42 0
15875 44 0
15876 45 0
15877 47 0
15878 50 0
15879 56 0
15880 61 0
15881 68 0
15882 73 0
15883 78 0
15884 86 0
15885 89 0
15886 93 0
15887 100 0
15888 106 0
15889 111 0
15890 118 0
15891 124 0
15892 128 0
15893 140 0
15894 144 0
15895 151 0
15896 160 0
15897 169 0
15898 173 0
15899 177 0
15900 183 0
15901 190 0
15902 195 0
15903 200 0
15904 206 0
15905 211 0
15906 214 0
15907 217 0
15908 218 0
15909 223 0
15910 231 0
15911 234 0
15912 241 0
15913 247 0
15914 255 0
15915 261 0
15916 263 0
15917 270 0
15918 278 0
15919 282 0
15920 290 0
15921 298 0
15922 301 0
15923 308 0
15924 314 0
15925 324 0
15926 328 0
15927 339 0
15928 340 0
15929 348 0
15930 354 0
15931 359 0
15932 366 0
15933 375 0
15934 380 0
15935 381 0
15936 386 0
15937 393 0
15938 401 0
15939 408 0
15940 410 0
15941 414 0
15942 423 0
15943 425 0
15944 430 0
15945 432 0
15946 442 0
15947 450 0
15948 450 1
15949 526 1
15950 741 0
15951 745 1
15952 745 2
15953 748 2
15954 751 0
15955 751 3
15956 759 3
15957 759 4
15958 759 4
15959 761 4
15960 762 5
15961 764 6
15962 764 7
15963 764 8
15964 765 9
15965 766 10
15966 767 10
15967 767 11
15968 767 11
15969 773 11
15970 773 11
15971 772 11
15972 772 12
15973 773 12
15974 772 12
15975 773 12
15976 773 12
15977 773 12
15978 774 12
15979 774 12
15980 773 12
15981 771 12
15982 775 12
15983 0 0
15984 1 0
15985 2 0
15986 3 0
15987 4 0
15988 5 0
15989 6 0
15990 7 0
15991 8 0
15992 10 0
15993 11 0
15994 13 0
15995 14 0
15996 15 0
15997 16 0
15998 17 0
15999 18 0
16000 20 0
16001 25 0
16002 28 0
16003 30 0
16004 32 0
16005 36 0
16006 37 0
16007 40 0
16008 42 0
16009 46 0
16010 51 0
16011 55 0
16012 65 0
16013 66 0
16014 68 0
16015 72 0
16016 75 0
16017 83 0
16018 87 0
16019 90 0
16020 93 0
16021 98 0
16022 105 0
16023 108 0
16024 115 0
16025 122 0
16026 133 0
16027 139 0
16028 145 0
16029 152 0
16030 155 0
16031 159 0
16032 163 0
16033 173 0
16034 177 0
16035 180 0
16036 192 0
16037 196 0
16038 203 0
16039 205 0
16040 207 0
16041 210 0
16042 216 0
16043 218 0
16044 220 0
16045 226 0
16046 235 0
16047 238 0
16048 244 0
16049 248 0
16050 254 0
16051 259 0
16052 264 0
16053 270 0
16054 277 0
16055 283 0
16056 292 0
16057 291 0
16058 296 0
16059 300 0
16060 300 0
16061 310 0
16062 314 0
16063 316 0
16064 319 0
16065 324 0
16066 330 0
16067 333 0
16068 342 0
16069 347 0
16070 348 0
16071 353 0
16072 354 0
16073 357 0
16074 361 0
16075 364 0
16076 368 0
16077 374 0
16078 378 0
16079 381 0
16080 383 0
16081 387 0
16082 392 0
16083 397 0
16084 399 0
16085 404 0
16086 408 0
16087 413 0
16088 417 0
16089 423 0
16090 425 1
16091 440 2
16092 546 3
16093 578 4
16094 613 6
16095 615 8
16096 627 9
16097 627 10
16098 630 11
16099 641 12
16100 661 12
16101 664 12
16102 669 12
16103 679 12
16104 691 12
16105 699 12
16106 703 12
16107 707 12
16108 714 12
16109 717 12
16110 694 12
16111 719 12
16112 725 12
16113 723 12
16114 725 12
16115 589 12
16116 1 0
16117 2 0
16118 3 0
16119 6 0
16120 7 0
16121 11 0
16122 12 0
16123 15 0
16124 22 0
16125 26 0
16126 31 0
16127 40 0
16128 51 0
16129 62 0
16130 71 0
16131 93 0
16132 117 0
16133 154 0
16134 171 0
16135 190 0
16136 205 0
16137 225 0
16138 233 0
16139 256 0
16140 281 0
16141 300 0
16142 307 0
16143 315 0
16144 331 0
16145 343 0
16146 362 0
16147 381 0
16148 394 0
16149 411 0
16150 422 0
16151 440 0
16152 450 0
16153 466 0
16154 474 1
16155 493 1
16156 509 1
16157 514 0
16158 515 1
16159 524 1
16160 526 2
16161 568 2
16162 589 2
16163 825 0
16164 827 1
16165 827 2
16166 827 3
16167 831 4
16168 832 6
16169 836 8
16170 836 9
16171 835 10
16172 836 11
16173 837 12
16174 837 12
16175 836 12
16176 839 12
16177 841 12
16178 841 12
16179 835 12
16180 834 12
16181 833 12
16182 834 12
16183 831 12
16184 0 0
16185 1 0
16186 2 0
16187 3 0
16188 4 0
16189 5 0
16190 7 0
16191 8 0
16192 11 0
16193 14 0
16194 17 0
16195 20 0
16196 24 0
16197 28 0
16198 30 0
16199 33 0
16200 35 0
16201 46 0
16202 52 0
16203 62 0
16204 68 0
16205 77 0
16206 93 0
16207 104 0
16208 119 0
16209 140 0
16210 151 0
16211 161 0
16212 173 0
16213 182 0
16214 185 0
16215 198 0
16216 211 0
16217 215 0
16218 221 0
16219 229 0
16220 236 0
16221 243 0
16222 252 0
16223 257 0
16224 266 0
16225 268 0
16226 279 0
16227 289 0
16228 299 0
16229 304 0
16230 311 0
16231 315 0
16232 316 1
16233 326 1
16234 334 1
16235 338 1
16236 349 1
16237 359 1
16238 363 1
16239 372 1
16240 376 1
16241 380 1
16242 383 1
16243 385 2
16244 600 5
16245 601 6
16246 612 7
16247 635 7
16248 643 8
16249 652 10
16250 653 11
16251 654 12
16252 671 12
16253 674 12
16254 677 12
16255 680 12
16256 683 12
16257 685 12
16258 688 12
16259 693 12
16260 695 12
16261 699 12
16262 701 12
16263 708 12
16264 708 12
16265 711 12
16266 695 12
16267 0 0
16268 0 0
16269 1 0
16270 2 0
16271 3 0
16272 4 0
16273 6 0
16274 7 0
16275 8 0
16276 9 0
16277 10 0
16278 12 0
16279 14 0
16280 15 0
16281 17 0
16282 19 0
16283 20 0
16284 22 0
16285 23 0
16286 24 0
16287 29 0
16288 32 0
16289 35 0
16290 38 0
16291 39 0
16292 40 0
16293 41 0
16294 42 0
16295 51 0
16296 56 0
16297 63 0
16298 70 0
16299 81 0
16300 88 0
16301 98 0
16302 105 0
16303 120 0
16304 133 0
16305 144 0
16306 150 0
16307 156 0
16308 165 0
16309 177 0
16310 184 0
16311 192 0
16312 197 0
16313 206 0
16314 211 0
16315 221 0
16316 229 0
16317 235 0
16318 242 0
16319 247 0
16320 251 0
16321 260 0
16322 268 0
16323 275 0
16324 281 0
16325 291 0
16326 297 0
16327 309 0
16328 318 0
16329 323 0
16330 326 0
16331 330 0
16332 336 0
16333 342 0
16334 355 0
16335 376 0
16336 384 0
16337 388 0
16338 397 0
16339 409 0
16340 423 0
16341 435 0
16342 438 0
16343 446 0
16344 450 0
16345 456 0
16346 463 0
16347 467 0
16348 467 1
16349 537 2
16350 561 3
16351 590 4
16352 620 5
16353 622 6
16354 630 7
16355 630 8
16356 649 9
16357 655 10
16358 659 12
16359 679 12
16360 682 12
16361 699 12
16362 697 12
16363 701 12
16364 637 12
16365 1 0
16366 1 0
16367 2 0
16368 4 0
16369 5 0
16370 7 0
16371 9 0
16372 10 0
16373 11 0
16374 15 0
16375 18 0
16376 19 0
16377 20 0
16378 22 0
16379 24 0
16380 26 0
16381 29 0
16382 33 0
16383 35 0
16384 37 0
16385 42 0
16386 47 0
16387 52 0
16388 55 0
16389 62 0
16390 71 0
16391 75 0
16392 80 0
16393 84 0
16394 88 0
16395 99 0
16396 105 0
16397 113 0
16398 121 0
16399 127 0
16400 137 0
16401 141 0
16402 148 0
16403 151 0
16404 154 0
16405 161 0
16406 167 0
16407 170 0
16408 175 0
16409 181 0
16410 186 0
16411 190 0
16412 198 0
16413 201 0
16414 209 0
16415 217 0
16416 221 0
16417 227 0
16418 230 0
16419 234 0
16420 242 0
16421 248 0
16422 249 0
16423 256 0
16424 263 0
16425 272 0
16426 276 0
16427 282 0
16428 286 0
16429 290 0
16430 304 0
16431 307 0
16432 310 0
16433 316 0
16434 324 0
16435 329 0
16436 331 0
16437 337 0
16438 346 0
16439 349 0
16440 352 0
16441 357 0
16442 365 0
16443 369 0
16444 374 0
16445 379 0
16446 379 1
16447 526 1
16448 658 0
16449 661 1
16450 662 2
16451 694 2
16452 699 3
16453 701 4
16454 707 5
16455 707 6
16456 718 6
16457 718 7
16458 719 9
16459 720 10
16460 720 11
16461 721 11
16462 721 12
16463 724 12
16464 727 12
16465 729 12
16466 729 12
16467 729 12
16468 724 10
16469 725 12
16470 726 12
16471 727 12
16472 728 12
16473 728 12
16474 728 12
16475 728 12
16476 727 12
16477 727 12
16478 0 0
16479 1 0
16480 2 0
16481 3 0
16482 4 0
16483 5 0
16484 7 0
16485 8 0
16486 10 0
16487 12 0
16488 14 0
16489 15 0
16490 16 0
16491 17 0
16492 21 0
16493 25 0
16494 26 0
16495 29 0
16496 31 0
16497 34 0
16498 35 0
16499 36 0
16500 41 0
16501 46 0
16502 53 0
16503 60 0
16504 66 0
16505 70 0
16506 77 0
16507 85 0
16508 92 0
16509 104 0
16510 113 0
16511 120 0
16512 127 0
16513 137 0
16514 146 0
16515 152 0
16516 159 0
16517 165 0
16518 172 0
16519 175 0
16520 183 0
16521 188 0
16522 196 0
16523 199 0
16524 205 0
16525 208 0
16526 211 0
16527 218 0
16528 224 0
16529 231 0
16530 237 0
16531 244 0
16532 246 0
16533 251 0
16534 260 0
16535 271 0
16536 279 0
16537 288 0
16538 291 0
16539 296 0
16540 301 0
16541 303 0
16542 312 0
16543 319 0
16544 324 0
16545 326 0
16546 332 0
16547 340 0
16548 351 0
16549 356 0
16550 365 0
16551 369 0
16552 371 1
16553 379 1
16554 388 1
16555 391 1
16556 396 1
16557 402 1
16558 406 1
16559 409 1
16560 413 1
16561 415 1
16562 418 1
16563 420 1
16564 425 1
16565 432 1
16566 433 1
16567 433 1
16568 438 1
16569 440 1
16570 444 1
16571 446 1
16572 449 1
16573 454 1
16574 459 1
16575 463 1
16576 465 1
16577 466 2
16578 476 2
16579 480 2
16580 491 2
16581 499 2
16582 510 2
16583 521 2
16584 526 2
16585 533 2
16586 538 2
16587 545 2
16588 552 2
16589 558 2
16590 562 2
16591 563 3
16592 565 4
16593 604 5
16594 607 6
16595 617 7
16596 630 9
16597 638 11
16598 659 11
16599 662 12
16600 683 12
16601 692 12
16602 689 12
16603 696 12
16604 696 12
16605 701 12
16606 706 12
16607 685 12
16608 722 12
16609 727 12
16610 722 12
16611 640 11
16612 1 0
16613 2 0
16614 3 0
16615 4 0
16616 5 0
16617 6 0
16618 7 0
16619 9 0
16620 14 0
16621 16 0
16622 22 0
16623 31 0
16624 50 0
16625 64 0
16626 106 0
16627 167 0
16628 191 0
16629 208 0
16630 240 0
16631 280 0
16632 303 0
16633 335 0
16634 372 0
16635 384 1
16636 401 1
16637 416 1
16638 438 1
16639 463 1
16640 485 1
16641 520 1
16642 541 1
16643 541 2
16644 612 2
16645 629 4
16646 634 5
16647 649 5
16648 654 6
16649 665 7
16650 668 8
16651 674 8
16652 674 9
16653 674 11
16654 679 11
16655 688 11
16656 688 12
16657 690 12
16658 693 12
16659 695 12
16660 706 12
16661 707 12
16662 534 10
16663 0 0
16664 1 0
16665 1 0
16666 2 0
16667 3 0
16668 4 0
16669 5 0
16670 6 0
16671 7 0
16672 8 0
16673 11 0
16674 12 0
16675 13 0
16676 17 0
16677 20 0
16678 25 0
16679 26 0
16680 30 0
16681 36 0
16682 39 0
16683 47 0
16684 53 0
16685 57 0
16686 72 0
16687 84 0
16688 95 0
16689 109 0
16690 123 0
16691 141 0
16692 154 0
16693 163 0
16694 171 0
16695 179 0
16696 187 0
16697 198 0
16698 205 0
16699 216 0
16700 228 0
16701 229 1
16702 241 1
16703 253 1
16704 262 1
16705 274 1
16706 286 1
16707 289 1
16708 298 1
16709 314 1
16710 323 1
16711 331 1
16712 341 1
16713 352 1
16714 361 1
16715 371 1
16716 381 1
16717 387 1
16718 393 1
16719 403 1
16720 416 1
16721 427 1
16722 433 1
16723 434 2
16724 450 2
16725 455 2
16726 464 2
16727 466 2
16728 473 2
16729 481 2
16730 492 2
16731 493 2
16732 493 3
16733 579 3
16734 605 4
16735 605 5
16736 621 5
16737 623 6
16738 631 6
16739 636 6
16740 639 7
16741 639 8
16742 649 8
16743 659 8
16744 662 8
16745 662 9
16746 662 10
16747 662 10
16748 665 10
16749 667 10
16750 670 10
16751 671 11
16752 674 11
16753 675 11
16754 676 11
16755 677 11
16756 678 11
16757 681 11
16758 686 11
16759 688 11
16760 689 11
16761 695 11
16762 699 11
16763 705 11
16764 708 11
16765 714 11
16766 713 11
16767 719 11
16768 719 11
16769 612 11
16770 1 0
16771 2 0
16772 3 0
16773 4 0
16774 5 0
16775 6 0
16776 9 0
16777 10 0
16778 13 0
16779 14 0
16780 15 0
16781 17 0
16782 20 0
16783 21 0
16784 22 0
16785 25 0
16786 27 0
16787 30 0
16788 32 0
16789 38 0
16790 43 0
16791 46 0
16792 51 0
16793 54 0
16794 59 0
16795 66 0
16796 68 0
16797 76 0
16798 85 0
16799 95 0
16800 101 0
16801 111 0
16802 118 0
16803 126 0
16804 133 0
16805 139 0
16806 144 0
16807 154 0
16808 162 0
16809 168 0
16810 173 0
16811 179 0
16812 184 0
16813 187 0
16814 192 0
16815 196 0
16816 201 0
16817 205 0
16818 207 0
16819 207 1
16820 214 1
16821 221 1
16822 227 1
16823 230 1
16824 234 1
16825 249 1
16826 256 1
16827 264 1
16828 275 1
16829 277 1
16830 287 1
16831 295 1
16832 298 1
16833 306 1
16834 309 1
16835 315 1
16836 320 1
16837 324 1
16838 327 1
16839 331 1
16840 338 1
16841 345 1
16842 353 1
16843 355 1
16844 355 1
16845 365 1
16846 370 1
16847 380 1
16848 381 1
16849 388 1
16850 394 1
16851 401 1
16852 405 1
16853 408 1
16854 410 1
16855 414 1
16856 420 1
16857 425 1
16858 429 1
16859 437 1
16860 441 1
16861 448 1
16862 455 1
16863 461 1
16864 466 1
16865 471 1
16866 476 1
16867 483 1
16868 485 1
16869 490 1
16870 497 1
16871 504 1
16872 509 1
16873 514 1
16874 514 2
16875 520 2
16876 522 2
16877 527 2
16878 529 2
16879 533 2
16880 538 3
16881 542 3
16882 546 3
16883 549 3
16884 552 3
16885 557 3
16886 560 3
16887 567 3
16888 569 3
16889 577 3
16890 580 3
16891 584 3
16892 584 4
16893 589 5
16894 623 5
16895 623 6
16896 629 7
16897 637 7
16898 641 8
16899 646 9
16900 661 10
16901 668 10
16902 679 10
16903 684 10
16904 697 11
16905 700 11
16906 707 11
16907 699 11
16908 702 11
16909 703 11
16910 674 11
16911 1 0
16912 2 0
16913 3 0
16914 4 0
16915 5 0
16916 6 0
16917 7 0
16918 8 0
16919 9 0
16920 11 0
16921 12 0
16922 13 0
16923 14 0
16924 16 0
16925 18 0
16926 19 0
16927 21 0
16928 23 0
16929 30 0
16930 34 0
16931 36 0
16932 40 0
16933 45 0
16934 49 0
16935 53 0
16936 59 0
16937 64 0
16938 76 0
16939 83 0
16940 91 0
16941 105 0
16942 114 0
16943 129 0
16944 144 0
16945 153 0
16946 163 0
16947 165 0
16948 172 0
16949 178 0
16950 183 0
16951 188 0
16952 195 0
16953 204 0
16954 210 0
16955 211 1
16956 526 1
16957 639 1
16958 639 2
16959 671 3
16960 678 4
16961 679 5
16962 679 6
16963 684 7
16964 696 8
16965 697 9
16966 697 10
16967 697 11
16968 703 11
16969 715 11
16970 731 11
16971 731 11
16972 736 11
16973 733 11
16974 736 11
16975 735 11
16976 736 11
16977 597 10
16978 0 0
16979 1 0
16980 3 0
16981 7 0
16982 15 0
16983 19 0
16984 28 0
16985 43 0
16986 58 0
16987 95 0
16988 117 1
16989 179 1
16990 224 1
16991 263 2
16992 299 2
16993 339 2
16994 358 2
16995 376 2
16996 402 2
16997 419 2
16998 434 2
16999 459 2
17000 485 2
17001 509 2
17002 522 2
17003 527 2
17004 527 3
17005 624 4
17006 625 5
17007 635 6
17008 636 7
17009 653 7
17010 651 8
17011 657 9
17012 662 10
17013 672 10
17014 673 10
17015 678 10
17016 689 10
17017 705 10
17018 714 11
17019 717 11
17020 717 11
17021 716 12
17022 713 12
17023 716 12
17024 716 12
17025 715 12
17026 702 12
17027 1 0
17028 3 0
17029 8 0
17030 10 0
17031 14 0
17032 15 0
17033 24 0
17034 30 0
17035 42 0
17036 48 0
17037 68 0
17038 99 0
17039 137 0
17040 141 2
17041 500 2
17042 678 2
17043 679 3
17044 701 3
17045 706 4
17046 706 5
17047 708 6
17048 713 6
17049 713 7
17050 716 7
17051 721 8
17052 724 8
17053 729 9
17054 729 10
17055 731 10
17056 731 10
17057 739 10
17058 740 10
17059 743 11
17060 743 11
17061 743 12
17062 742 12
17063 739 12
17064 739 12
17065 742 12
17066 742 12
17067 746 12
17068 742 12
17069 1 0
17070 1 0
17071 2 0
17072 3 0
17073 5 0
17074 7 0
17075 9 0
17076 10 0
17077 11 0
17078 13 0
17079 14 0
17080 15 0
17081 18 0
17082 20 0
17083 23 0
17084 31 0
17085 40 0
17086 49 0
17087 55 0
17088 67 0
17089 87 0
17090 105 0
17091 122 0
17092 137 0
17093 163 0
17094 185 0
17095 205 0
17096 213 0
17097 213 2
17098 270 2
17099 285 2
17100 593 2
17101 631 3
17102 641 4
17103 664 4
17104 666 5
17105 676 6
17106 676 8
17107 684 8
17108 684 9
17109 697 9
17110 697 10
17111 708 10
17112 719 10
17113 723 11
17114 723 11
17115 724 12
17116 727 12
17117 716 12
17118 726 11
17119 726 12
17120 725 12
17121 726 12
17122 724 12
17123 724 12
17124 729 12
17125 1 0
17126 2 0
17127 3 0
17128 4 0
17129 6 0
17130 7 0
17131 8 0
17132 12 0
17133 13 0
17134 14 0
17135 15 0
17136 16 0
17137 18 0
17138 20 0
17139 22 0
17140 24 0
17141 27 0
17142 31 0
17143 32 0
17144 36 0
17145 39 0
17146 42 0
17147 46 0
17148 49 0
17149 51 0
17150 54 0
17151 59 0
17152 63 0
17153 64 0
17154 66 0
17155 70 0
17156 76 0
17157 82 0
17158 92 0
17159 96 0
17160 104 0
17161 105 0
17162 109 0
17163 112 2
17164 233 1
17165 604 3
17166 664 3
17167 664 4
17168 664 5
17169 673 6
17170 688 7
17171 690 8
17172 696 8
17173 698 8
17174 698 8
17175 702 9
17176 703 9
17177 705 9
17178 705 10
17179 708 10
17180 708 10
17181 709 10
17182 710 10
17183 714 10
17184 716 10
17185 719 12
17186 724 12
17187 726 12
17188 724 12
17189 728 12
17190 723 12
17191 730 12
17192 731 12
17193 732 12
17194 731 12
17195 709 12
17196 1 0
17197 2 0
17198 3 0
17199 4 0
17200 5 0
17201 6 0
17202 8 0
17203 9 0
17204 10 0
17205 11 0
17206 13 0
17207 14 0
17208 15 0
17209 17 0
17210 20 0
17211 24 0
17212 27 0
17213 28 0
17214 32 0
17215 36 0
17216 37 0
17217 41 0
17218 46 0
17219 50 0
17220 57 0
17221 59 0
17222 62 0
17223 66 0
17224 69 0
17225 75 0
17226 82 0
17227 91 0
17228 100 0
17229 106 0
17230 112 0
17231 118 0
17232 126 0
17233 134 0
17234 138 0
17235 151 0
17236 163 0
17237 163 1
17238 168 1
17239 178 1
17240 195 1
17241 202 1
17242 207 1
17243 213 1
17244 218 1
17245 226 1
17246 230 1
17247 244 1
17248 250 1
17249 253 1
17250 259 1
17251 270 1
17252 274 1
17253 279 1
17254 282 1
17255 288 1
17256 294 1
17257 296 1
17258 302 1
17259 306 1
17260 307 1
17261 315 2
17262 328 2
17263 334 2
17264 337 2
17265 340 2
17266 343 2
17267 347 2
17268 352 2
17269 359 2
17270 364 2
17271 367 2
17272 370 2
17273 379 2
17274 387 2
17275 392 2
17276 394 2
17277 397 2
17278 403 2
17279 407 2
17280 414 2
17281 417 2
17282 424 2
17283 433 2
17284 440 2
17285 445 2
17286 455 2
17287 460 2
17288 469 2
17289 471 2
17290 476 2
17291 481 2
17292 485 2
17293 492 2
17294 500 2
17295 507 2
17296 509 2
17297 520 2
17298 523 2
17299 530 2
17300 531 2
17301 531 3
17302 570 4
17303 576 5
17304 578 6
17305 619 7
17306 619 8
17307 636 8
17308 638 9
17309 644 10
17310 669 10
17311 680 10
17312 684 11
17313 691 11
17314 697 11
17315 698 12
17316 700 12
17317 702 12
17318 703 12
17319 709 12
17320 704 12
17321 717 10
17322 717 11
17323 719 12
17324 714 13
17325 1 0
17326 1 0
17327 2 0
17328 3 0
17329 4 0
17330 5 0
17331 6 0
17332 8 0
17333 9 0
17334 10 0
17335 11 0
17336 12 0
17337 14 0
17338 18 0
17339 24 0
17340 33 0
17341 38 0
17342 44 0
17343 50 0
17344 60 0
17345 70 0
17346 78 0
17347 86 1
17348 102 1
17349 133 1
17350 152 1
17351 166 1
17352 180 1
17353 186 1
17354 194 1
17355 202 1
17356 216 1
17357 233 2
17358 245 2
17359 256 2
17360 266 2
17361 279 2
17362 291 2
17363 315 2
17364 329 2
17365 344 2
17366 361 2
17367 370 2
17368 383 2
17369 390 2
17370 399 2
17371 406 2
17372 417 2
17373 425 2
17374 437 2
17375 447 2
17376 457 2
17377 466 2
17378 480 2
17379 490 2
17380 499 2
17381 512 2
17382 530 2
17383 539 2
17384 546 2
17385 554 2
17386 562 2
17387 567 2
17388 574 2
17389 578 2
17390 583 2
17391 587 2
17392 587 3
17393 599 4
17394 607 5
17395 618 6
17396 621 7
17397 642 8
17398 665 9
17399 679 9
17400 679 10
17401 693 11
17402 694 12
17403 700 13
17404 704 13
17405 705 13
17406 706 13
17407 682 14
17408 707 14
17409 717 14
17410 717 14
17411 716 14
17412 714 14
17413 718 14
17414 717 14
17415 716 14
17416 1 0
17417 2 0
17418 4 0
17419 5 0
17420 6 0
17421 7 0
17422 9 0
17423 11 0
17424 12 0
17425 13 0
17426 16 0
17427 19 0
17428 21 0
17429 24 0
17430 26 0
17431 28 0
17432 31 0
17433 32 0
17434 34 0
17435 36 0
17436 40 0
17437 46 0
17438 54 0
17439 59 0
17440 67 0
17441 76 0
17442 81 2
17443 348 2
17444 481 2
17445 662 2
17446 675 3
17447 694 3
17448 693 4
17449 694 5
17450 695 6
17451 703 7
17452 703 8
17453 709 9
17454 711 9
17455 711 10
17456 715 11
17457 722 12
17458 725 12
17459 725 13
17460 725 14
17461 730 14
17462 734 14
17463 733 14
17464 737 14
17465 736 14
17466 735 14
17467 745 13
17468 745 14
17469 744 14
17470 1 0
17471 2 0
17472 3 0
17473 4 0
17474 5 0
17475 11 0
17476 17 0
17477 28 0
17478 58 0
17479 83 0
17480 98 0
17481 120 0
17482 125 0
17483 125 2
17484 649 2
17485 700 3
17486 704 4
17487 731 4
17488 731 5
17489 738 5
17490 738 7
17491 742 8
17492 749 8
17493 749 9
17494 750 10
17495 751 11
17496 755 13
17497 757 14
17498 768 14
17499 767 14
17500 766 14
17501 767 14
17502 0 0
17503 1 0
17504 2 0
17505 3 0
17506 4 0
17507 5 0
17508 7 0
17509 8 0
17510 9 0
17511 13 0
17512 14 0
17513 15 0
17514 16 0
17515 17 0
17516 19 0
17517 21 0
17518 22 0
17519 23 0
17520 24 0
17521 25 0
17522 29 0
17523 31 0
17524 32 0
17525 35 0
17526 38 0
17527 38 0
17528 39 0
17529 40 0
17530 45 0
17531 46 0
17532 48 0
17533 51 0
17534 56 0
17535 58 0
17536 62 0
17537 64 0
17538 66 0
17539 69 0
17540 73 0
17541 77 0
17542 82 0
17543 85 0
17544 87 0
17545 94 0
17546 96 0
17547 98 0
17548 101 0
17549 106 0
17550 109 0
17551 113 0
17552 119 0
17553 125 0
17554 127 0
17555 132 0
17556 138 0
17557 142 0
17558 152 0
17559 154 0
17560 155 2
17561 242 2
17562 499 2
17563 634 2
17564 634 3
17565 637 4
17566 645 5
17567 654 5
17568 658 5
17569 661 5
17570 668 5
17571 672 5
17572 676 5
17573 676 6
17574 677 7
17575 682 8
17576 682 9
17577 692 10
17578 692 11
17579 708 13
17580 712 13
17581 717 13
17582 720 14
17583 725 14
17584 725 14
17585 727 14
17586 731 14
17587 737 14
17588 736 14
17589 746 14
17590 746 14
17591 746 14
17592 743 14
17593 0 0
17594 1 0
17595 1 0
17596 2 0
17597 3 0
17598 4 0
17599 5 0
17600 6 0
17601 7 0
17602 8 0
17603 9 0
17604 10 0
17605 11 0
17606 14 0
17607 15 0
17608 17 0
17609 21 0
17610 24 0
17611 27 0
17612 32 0
17613 37 0
17614 42 0
17615 45 0
17616 49 0
17617 53 0
17618 57 0
17619 58 0
17620 64 0
17621 68 0
17622 70 1
17623 73 1
17624 77 1
17625 83 1
17626 90 1
17627 93 1
17628 100 1
17629 107 1
17630 117 1
17631 125 1
17632 133 1
17633 140 2
17634 143 2
17635 151 2
17636 158 2
17637 162 2
17638 170 2
17639 179 2
17640 194 2
17641 200 2
17642 208 2
17643 215 2
17644 224 2
17645 231 2
17646 242 2
17647 254 2
17648 265 2
17649 278 2
17650 285 2
17651 289 2
17652 297 2
17653 303 2
17654 309 2
17655 318 2
17656 322 2
17657 334 2
17658 344 2
17659 351 2
17660 360 2
17661 363 2
17662 372 2
17663 374 2
17664 381 2
17665 386 2
17666 392 2
17667 398 2
17668 407 2
17669 415 2
17670 424 2
17671 427 2
17672 430 2
17673 435 2
17674 434 2
17675 447 2
17676 454 2
17677 461 2
17678 464 2
17679 470 2
17680 482 2
17681 486 2
17682 491 2
17683 497 2
17684 501 2
17685 503 2
17686 513 2
17687 515 2
17688 518 2
17689 522 2
17690 527 2
17691 532 2
17692 537 2
17693 537 3
17694 573 3
17695 573 4
17696 594 4
17697 612 5
17698 612 6
17699 613 7
17700 615 8
17701 642 9
17702 642 10
17703 645 12
17704 654 12
17705 657 13
17706 666 13
17707 676 14
17708 688 14
17709 703 14
17710 706 14
17711 697 14
17712 712 14
17713 716 14
17714 714 14
17715 717 14
17716 720 14
17717 726 14
17718 723 14
17719 722 14
17720 708 14
17721 1 0
17722 2 0
17723 4 0
17724 5 0
17725 6 0
17726 7 0
17727 9 0
17728 10 0
17729 11 0
17730 13 0
17731 14 0
17732 15 0
17733 19 0
17734 21 0
17735 23 0
17736 24 0
17737 25 0
17738 26 0
17739 29 0
17740 33 0
17741 37 0
17742 41 0
17743 46 0
17744 48 0
17745 54 0
17746 56 0
17747 59 0
17748 59 1
17749 64 1
17750 72 1
17751 77 1
17752 81 1
17753 87 1
17754 91 2
17755 99 2
17756 108 2
17757 118 2
17758 128 2
17759 133 2
17760 143 2
17761 148 2
17762 155 2
17763 161 2
17764 166 2
17765 171 2
17766 175 2
17767 181 2
17768 190 2
17769 197 2
17770 200 2
17771 204 2
17772 208 2
17773 215 2
17774 221 2
17775 227 2
17776 233 2
17777 239 2
17778 252 2
17779 264 2
17780 279 2
17781 281 2
17782 286 2
17783 292 2
17784 296 2
17785 304 2
17786 307 2
17787 311 2
17788 323 2
17789 327 2
17790 333 2
17791 344 2
17792 349 2
17793 359 2
17794 366 2
17795 369 2
17796 372 2
17797 379 2
17798 391 2
17799 396 2
17800 400 2
17801 411 2
17802 417 2
17803 421 2
17804 427 2
17805 430 2
17806 436 2
17807 442 2
17808 447 2
17809 451 2
17810 454 2
17811 460 2
17812 465 2
17813 475 2
17814 482 2
17815 490 2
17816 495 2
17817 501 2
17818 508 2
17819 519 2
17820 523 2
17821 525 2
17822 531 2
17823 537 2
17824 542 2
17825 547 2
17826 551 2
17827 558 2
17828 564 2
17829 574 2
17830 579 2
17831 579 3
17832 604 3
17833 609 0
17834 609 3
17835 609 4
17836 614 5
17837 626 6
17838 643 7
17839 647 9
17840 659 11
17841 668 11
17842 668 12
17843 673 13
17844 690 14
17845 720 14
17846 720 14
17847 1 0
17848 2 0
17849 4 0
17850 5 0
17851 6 0
17852 8 0
17853 9 0
17854 12 0
17855 13 0
17856 16 0
17857 24 0
17858 26 0
17859 30 0
17860 32 0
17861 35 0
17862 38 0
17863 47 0
17864 48 1
17865 58 1
17866 66 1
17867 70 2
17868 75 2
17869 79 2
17870 91 2
17871 105 2
17872 122 2
17873 134 2
17874 148 2
17875 157 2
17876 168 2
17877 177 2
17878 182 2
17879 192 2
17880 197 2
17881 205 2
17882 213 2
17883 218 2
17884 229 2
17885 235 2
17886 246 2
17887 254 2
17888 265 2
17889 274 2
17890 286 2
17891 291 2
17892 302 2
17893 307 2
17894 312 2
17895 320 2
17896 326 2
17897 334 2
17898 338 2
17899 350 2
17900 361 2
17901 366 2
17902 369 2
17903 372 2
17904 379 2
17905 385 2
17906 390 2
17907 395 2
17908 405 2
17909 410 2
17910 420 2
17911 425 2
17912 433 2
17913 440 2
17914 446 2
17915 450 2
17916 456 2
17917 463 2
17918 469 2
17919 480 2
17920 483 2
17921 493 2
17922 501 2
17923 512 2
17924 521 2
17925 531 2
17926 535 2
17927 544 2
17928 546 2
17929 551 2
17930 555 2
17931 563 2
17932 569 2
17933 574 2
17934 578 2
17935 583 2
17936 585 2
17937 592 2
17938 595 2
17939 603 2
17940 607 2
17941 609 2
17942 609 3
17943 624 4
17944 639 4
17945 643 1
17946 643 4
17947 643 5
17948 644 6
17949 670 7
17950 671 8
17951 673 9
17952 678 11
17953 687 13
17954 706 14
17955 710 14
17956 721 14
17957 718 14
17958 661 14
17959 0 0
17960 1 0
17961 2 0
17962 3 0
17963 5 0
17964 7 0
17965 8 0
17966 10 0
17967 12 0
17968 13 0
17969 21 0
17970 31 0
17971 39 0
17972 40 2
17973 52 2
17974 65 2
17975 82 2
17976 107 2
17977 139 2
17978 169 2
17979 186 2
17980 203 2
17981 218 2
17982 242 2
17983 259 2
17984 282 2
17985 295 2
17986 305 2
17987 321 2
17988 336 2
17989 351 2
17990 362 2
17991 382 2
17992 395 2
17993 410 2
17994 418 2
17995 422 2
17996 435 2
17997 448 2
17998 465 2
17999 475 2
18000 487 2
18001 508 2
18002 525 2
18003 533 2
18004 553 2
18005 568 2
18006 582 2
18007 592 2
18008 599 2
18009 606 2
18010 614 2
18011 626 2
18012 632 2
18013 640 2
18014 641 3
18015 647 3
18016 651 1
18017 651 3
18018 653 4
18019 654 5
18020 662 5
18021 662 6
18022 677 6
18023 682 7
18024 690 7
18025 690 8
18026 692 9
18027 692 10
18028 696 10
18029 721 1
18030 721 2
18031 721 3
18032 721 5
18033 722 9
18034 722 10
18035 722 11
18036 727 11
18037 727 12
18038 729 12
18039 730 12
18040 734 13
18041 736 14
18042 736 14
18043 736 14
18044 735 14
18045 735 14
18046 735 14
18047 736 14
18048 735 14
18049 736 14
18050 736 14
18051 736 14
18052 736 14
18053 737 14
18054 738 14
18055 734 14
18056 1 0
18057 2 0
18058 4 0
18059 5 0
18060 7 0
18061 8 0
18062 10 0
18063 12 0
18064 17 0
18065 20 0
18066 23 0
18067 23 1
18068 28 1
18069 34 1
18070 45 1
18071 54 1
18072 60 2
18073 64 2
18074 76 2
18075 81 2
18076 93 2
18077 109 2
18078 121 2
18079 136 2
18080 148 2
18081 162 2
18082 173 2
18083 175 2
18084 187 2
18085 197 2
18086 209 2
18087 213 2
18088 224 2
18089 235 2
18090 245 2
18091 255 2
18092 264 2
18093 271 2
18094 287 2
18095 300 2
18096 306 2
18097 317 2
18098 332 2
18099 338 2
18100 348 2
18101 361 2
18102 365 2
18103 368 2
18104 370 2
18105 374 2
18106 374 2
18107 379 2
18108 384 2
18109 392 2
18110 400 2
18111 408 2
18112 414 2
18113 419 2
18114 431 2
18115 438 2
18116 453 2
18117 461 2
18118 470 2
18119 480 2
18120 489 2
18121 499 2
18122 508 2
18123 524 2
18124 529 2
18125 540 2
18126 547 2
18127 552 2
18128 566 2
18129 571 2
18130 578 2
18131 592 2
18132 600 2
18133 607 2
18134 617 2
18135 622 1
18136 622 2
18137 623 3
18138 632 3
18139 638 3
18140 638 3
18141 639 1
18142 639 3
18143 639 5
18144 646 5
18145 646 6
18146 666 6
18147 668 7
18148 668 8
18149 673 8
18150 683 2
18151 683 4
18152 683 7
18153 684 9
18154 687 11
18155 687 12
18156 687 12
18157 690 12
18158 696 12
18159 698 12
18160 701 12
18161 704 13
18162 704 13
18163 706 13
18164 709 14
18165 709 14
18166 715 14
18167 717 14
18168 720 14
18169 726 14
18170 728 14
18171 728 12
18172 729 14
18173 737 14
18174 735 14
18175 727 14
18176 730 14
18177 731 14
18178 731 14
18179 731 14
18180 725 14
18181 0 0
18182 1 0
18183 1 0
18184 2 0
18185 3 0
18186 4 0
18187 5 0
18188 7 0
18189 8 0
18190 11 0
18191 13 0
18192 15 0
18193 20 0
18194 24 0
18195 25 0
18196 25 2
18197 262 2
18198 496 2
18199 625 2
18200 703 2
18201 726 2
18202 726 3
18203 729 4
18204 729 4
18205 729 5
18206 728 5
18207 734 2
18208 734 4
18209 734 6
18210 735 7
18211 735 8
18212 735 9
18213 738 10
18214 743 11
18215 745 12
18216 748 12
18217 752 14
18218 756 14
18219 759 14
18220 757 14
18221 762 14
18222 761 14
18223 760 14
18224 760 14
18225 1 0
18226 3 0
18227 6 0
18228 8 0
18229 9 0
18230 11 0
18231 14 0
18232 16 0
18233 19 0
18234 23 0
18235 24 2
18236 278 2
18237 340 2
18238 449 2
18239 566 2
18240 677 2
18241 694 2
18242 694 3
18243 705 3
18244 705 4
18245 705 5
18246 708 6
18247 708 6
18248 768 2
18249 769 3
18250 769 4
18251 769 5
18252 769 6
18253 769 7
18254 770 8
18255 770 9
18256 772 9
18257 772 10
18258 775 11
18259 778 11
18260 777 13
18261 781 13
18262 781 14
18263 792 13
18264 1 0
18265 2 0
18266 3 0
18267 5 0
18268 7 0
18269 10 0
18270 11 0
18271 13 0
18272 14 0
18273 18 0
18274 21 0
18275 25 0
18276 26 0
18277 27 0
18278 29 0
18279 31 0
18280 32 0
18281 33 0
18282 34 1
18283 36 1
18284 38 1
18285 39 1
18286 42 2
18287 43 2
18288 46 2
18289 47 1
18290 50 1
18291 53 1
18292 55 1
18293 59 1
18294 64 1
18295 67 1
18296 71 1
18297 78 1
18298 83 1
18299 87 1
18300 88 1
18301 92 2
18302 93 2
18303 98 2
18304 102 2
18305 108 2
18306 114 2
18307 117 2
18308 121 2
18309 122 2
18310 129 2
18311 135 2
18312 141 2
18313 145 2
18314 149 2
18315 155 2
18316 157 2
18317 160 2
18318 164 2
18319 168 2
18320 171 2
18321 175 2
18322 180 2
18323 184 2
18324 187 2
18325 190 2
18326 193 2
18327 203 2
18328 207 2
18329 210 2
18330 216 2
18331 222 2
18332 225 2
18333 229 2
18334 235 2
18335 238 2
18336 239 2
18337 243 2
18338 249 2
18339 257 2
18340 262 2
18341 268 2
18342 273 2
18343 282 2
18344 287 2
18345 298 2
18346 302 2
18347 307 2
18348 309 2
18349 313 2
18350 316 2
18351 323 2
18352 327 2
18353 331 2
18354 332 2
18355 336 2
18356 342 2
18357 344 2
18358 347 2
18359 351 2
18360 354 2
18361 356 2
18362 361 2
18363 363 2
18364 366 2
18365 372 2
18366 377 2
18367 380 2
18368 383 2
18369 390 2
18370 394 2
18371 399 2
18372 402 2
18373 406 2
18374 413 2
18375 417 2
18376 422 2
18377 425 2
18378 430 2
18379 434 2
18380 442 2
18381 446 2
18382 451 2
18383 456 2
18384 460 2
18385 464 2
18386 471 2
18387 476 2
18388 480 2
18389 484 2
18390 490 2
18391 495 2
18392 499 2
18393 503 2
18394 505 2
18395 510 2
18396 515 2
18397 523 2
18398 527 2
18399 529 2
18400 531 2
18401 537 2
18402 539 2
18403 544 2
18404 554 2
18405 555 2
18406 559 2
18407 566 2
18408 572 2
18409 575 2
18410 576 2
18411 581 2
18412 584 2
18413 588 2
18414 595 2
18415 601 2
18416 601 3
18417 609 3
18418 617 3
18419 622 3
18420 626 3
18421 628 3
18422 629 4
18423 634 4
18424 634 4
18425 637 0
18426 637 2
18427 637 5
18428 639 5
18429 643 6
18430 649 7
18431 660 8
18432 661 10
18433 661 11
18434 662 11
18435 669 11
18436 671 11
18437 674 11
18438 674 11
18439 682 11
18440 682 12
18441 688 12
18442 689 12
18443 696 13
18444 700 13
18445 704 13
18446 708 13
18447 708 13
18448 709 14
18449 0 0
18450 1 0
18451 2 0
18452 3 0
18453 4 0
18454 5 0
18455 6 0
18456 7 0
18457 8 0
18458 10 0
18459 12 0
18460 16 0
18461 18 0
18462 21 0
18463 24 1
18464 25 1
18465 30 1
18466 34 1
18467 36 1
18468 44 1
18469 50 1
18470 53 1
18471 54 1
18472 55 2
18473 57 2
18474 60 2
18475 63 2
18476 72 2
18477 79 2
18478 84 2
18479 90 2
18480 96 2
18481 102 2
18482 108 2
18483 114 2
18484 122 2
18485 133 2
18486 138 2
18487 146 2
18488 151 2
18489 158 2
18490 168 2
18491 172 2
18492 180 2
18493 182 2
18494 188 2
18495 195 2
18496 200 2
18497 206 2
18498 213 2
18499 215 2
18500 221 2
18501 228 2
18502 236 2
18503 237 2
18504 242 2
18505 246 2
18506 251 2
18507 263 2
18508 269 2
18509 273 2
18510 285 2
18511 291 2
18512 296 2
18513 303 2
18514 312 2
18515 317 2
18516 326 2
18517 330 2
18518 332 2
18519 332 2
18520 333 2
18521 338 2
18522 343 2
18523 346 2
18524 351 2
18525 355 2
18526 364 2
18527 366 2
18528 368 2
18529 373 2
18530 374 2
18531 378 2
18532 386 2
18533 388 2
18534 391 2
18535 397 2
18536 403 2
18537 405 2
18538 407 2
18539 413 2
18540 419 2
18541 421 2
18542 424 2
18543 428 2
18544 432 2
18545 440 2
18546 444 2
18547 448 2
18548 453 2
18549 462 2
18550 466 2
18551 466 2
18552 472 2
18553 475 2
18554 483 2
18555 492 2
18556 497 2
18557 504 2
18558 510 2
18559 513 2
18560 522 2
18561 528 2
18562 532 2
18563 535 2
18564 537 2
18565 546 2
18566 550 2
18567 553 2
18568 560 2
18569 564 2
18570 567 2
18571 570 2
18572 572 2
18573 576 2
18574 579 2
18575 583 2
18576 587 2
18577 594 2
18578 596 2
18579 601 2
18580 602 2
18581 604 2
18582 608 2
18583 611 2
18584 616 2
18585 621 2
18586 626 2
18587 628 2
18588 633 2
18589 635 2
18590 638 0
18591 639 2
18592 639 3
18593 652 4
18594 655 5
18595 655 7
18596 655 8
18597 660 10
18598 665 11
18599 668 12
18600 678 12
18601 685 12
18602 693 13
18603 696 13
18604 700 13
18605 701 13
18606 702 13
18607 703 14
18608 703 14
18609 703 14
18610 0 0
18611 1 0
18612 2 0
18613 4 0
18614 5 0
18615 6 0
18616 7 0
18617 8 0
18618 10 0
18619 12 0
18620 13 0
18621 15 0
18622 17 0
18623 19 0
18624 20 0
18625 20 1
18626 24 1
18627 26 1
18628 27 1
18629 32 1
18630 34 1
18631 37 1
18632 41 1
18633 45 1
18634 49 1
18635 53 1
18636 55 1
18637 57 2
18638 60 2
18639 62 2
18640 65 2
18641 73 2
18642 79 2
18643 85 2
18644 90 2
18645 96 2
18646 98 2
18647 104 2
18648 113 2
18649 120 2
18650 129 2
18651 136 2
18652 144 2
18653 147 2
18654 149 2
18655 153 2
18656 159 2
18657 166 2
18658 172 2
18659 176 2
18660 177 2
18661 179 2
18662 184 2
18663 188 2
18664 194 2
18665 200 2
18666 204 2
18667 207 2
18668 211 2
18669 213 2
18670 216 2
18671 225 2
18672 227 2
18673 229 2
18674 235 2
18675 239 2
18676 244 2
18677 247 2
18678 251 2
18679 255 2
18680 263 2
18681 275 2
18682 284 2
18683 288 2
18684 295 2
18685 298 2
18686 302 2
18687 308 2
18688 316 2
18689 320 2
18690 325 2
18691 331 2
18692 335 2
18693 338 2
18694 340 2
18695 343 2
18696 343 2
18697 348 2
18698 352 2
18699 354 2
18700 358 2
18701 362 2
18702 365 2
18703 369 2
18704 374 2
18705 377 2
18706 382 2
18707 384 2
18708 385 2
18709 387 2
18710 393 2
18711 398 2
18712 402 2
18713 404 2
18714 411 2
18715 416 2
18716 419 2
18717 421 2
18718 421 2
18719 425 2
18720 431 2
18721 440 2
18722 444 2
18723 451 2
18724 454 2
18725 458 2
18726 460 2
18727 462 2
18728 466 2
18729 470 2
18730 475 2
18731 477 2
18732 483 2
18733 488 2
18734 494 2
18735 502 2
18736 510 2
18737 514 2
18738 517 2
18739 520 2
18740 523 2
18741 527 2
18742 529 2
18743 538 2
18744 539 2
18745 541 2
18746 548 2
18747 550 2
18748 556 2
18749 557 2
18750 561 2
18751 564 2
18752 571 2
18753 575 2
18754 577 2
18755 582 2
18756 588 2
18757 589 2
18758 590 2
18759 592 2
18760 594 2
18761 598 2
18762 599 2
18763 602 2
18764 604 2
18765 607 2
18766 610 2
18767 614 2
18768 615 2
18769 618 2
18770 620 2
18771 623 2
18772 623 3
18773 630 4
18774 643 4
18775 643 5
18776 645 6
18777 651 7
18778 653 8
18779 653 9
18780 663 10
18781 676 10
18782 692 11
18783 698 12
18784 703 13
18785 705 13
18786 705 14
18787 702 14
18788 703 14
18789 480 13
18790 832 0
18791 832 2
18792 1 0
18793 2 0
18794 3 0
18795 4 0
18796 5 0
18797 6 0
18798 8 0
18799 11 0
18800 16 0
18801 20 0
18802 24 0
18803 27 0
18804 30 0
18805 37 0
18806 40 0
18807 40 1
18808 53 1
18809 67 1
18810 74 1
18811 82 2
18812 95 2
18813 111 2
18814 126 2
18815 153 2
18816 172 2
18817 180 2
18818 185 2
18819 193 2
18820 212 2
18821 220 2
18822 230 2
18823 238 2
18824 252 2
18825 264 2
18826 275 2
18827 284 2
18828 304 2
18829 314 2
18830 320 2
18831 326 2
18832 338 2
18833 343 2
18834 348 2
18835 354 2
18836 357 2
18837 363 2
18838 373 2
18839 382 2
18840 388 2
18841 393 2
18842 408 2
18843 417 2
18844 422 2
18845 431 2
18846 439 2
18847 443 2
18848 454 2
18849 464 2
18850 469 2
18851 474 2
18852 484 2
18853 497 2
18854 509 2
18855 525 2
18856 531 2
18857 538 2
18858 552 2
18859 556 2
18860 571 2
18861 577 2
18862 579 2
18863 588 2
18864 596 2
18865 601 2
18866 608 2
18867 614 2
18868 624 2
18869 626 2
18870 631 2
18871 636 2
18872 636 3
18873 637 3
18874 638 2
18875 638 4
18876 640 4
18877 642 4
18878 645 4
18879 649 4
18880 651 4
18881 653 4
18882 652 5
18883 655 5
18884 655 6
18885 658 6
18886 660 6
18887 661 2
18888 661 4
18889 663 2
18890 663 3
18891 664 0
18892 664 2
18893 664 7
18894 664 8
18895 664 8
18896 669 8
18897 670 8
18898 670 8
18899 673 8
18900 673 9
18901 676 9
18902 679 9
18903 679 9
18904 682 9
18905 682 9
18906 682 9
18907 686 9
18908 686 10
18909 686 10
18910 689 10
18911 691 10
18912 696 10
18913 699 10
18914 703 11
18915 706 11
18916 707 11
18917 709 12
18918 714 12
18919 716 13
18920 716 14
18921 718 14
18922 721 14
18923 715 14
18924 0 0
18925 1 0
18926 2 0
18927 3 0
18928 4 0
18929 5 0
18930 6 0
18931 10 0
18932 14 0
18933 17 0
18934 19 0
18935 21 0
18936 24 1
18937 26 1
18938 28 1
18939 31 1
18940 37 1
18941 44 1
18942 49 1
18943 53 2
18944 59 2
18945 65 2
18946 75 2
18947 86 2
18948 98 2
18949 114 2
18950 125 2
18951 137 2
18952 143 2
18953 146 2
18954 156 2
18955 161 2
18956 169 2
18957 181 2
18958 189 2
18959 194 2
18960 201 2
18961 206 2
18962 212 2
18963 217 2
18964 223 2
18965 226 2
18966 236 2
18967 242 2
18968 247 2
18969 254 2
18970 263 2
18971 281 2
18972 290 2
18973 300 2
18974 308 2
18975 315 2
18976 324 2
18977 331 2
18978 340 2
18979 345 2
18980 348 2
18981 351 2
18982 356 2
18983 360 2
18984 365 2
18985 372 2
18986 375 2
18987 381 2
18988 383 2
18989 386 2
18990 390 2
18991 394 2
18992 400 2
18993 408 2
18994 415 2
18995 427 2
18996 431 2
18997 440 2
18998 449 2
18999 450 2
19000 454 2
19001 460 2
19002 464 2
19003 471 2
19004 473 2
19005 483 2
19006 489 2
19007 494 2
19008 506 2
19009 514 2
19010 518 2
19011 524 2
19012 535 2
19013 540 2
19014 547 2
19015 552 2
19016 555 2
19017 557 2
19018 566 2
19019 568 2
19020 572 2
19021 579 2
19022 584 2
19023 590 2
19024 598 2
19025 601 2
19026 608 2
19027 614 2
19028 614 2
19029 614 3
19030 616 4
19031 622 4
19032 625 4
19033 625 5
19034 645 5
19035 645 6
19036 647 7
19037 649 8
19038 653 9
19039 654 9
19040 654 10
19041 671 10
19042 686 10
19043 693 10
19044 694 11
19045 696 12
19046 701 13
19047 706 13
19048 706 14
19049 708 14
19050 709 14
19051 710 14
19052 584 14
19053 713 12
19054 723 13
19055 723 14
19056 718 14
19057 714 14
19058 717 14
19059 658 14
19060 716 14
19061 723 14
19062 724 14
19063 724 14
19064 724 14
19065 726 14
19066 725 14
19067 725 14
19068 718 13
19069 0 0
19070 0 0
19071 1 0
19072 2 0
19073 3 0
19074 4 0
19075 6 0
19076 6 2
19077 16 2
19078 32 2
19079 71 2
19080 159 2
19081 226 2
19082 271 2
19083 327 2
19084 370 2
19085 400 2
19086 435 2
19087 466 2
19088 497 2
19089 567 2
19090 612 2
19091 636 2
19092 643 2
19093 645 3
19094 655 3
19095 664 4
19096 670 4
19097 670 5
19098 672 6
19099 676 6
19100 676 7
19101 676 7
19102 679 2
19103 679 7
19104 679 8
19105 683 9
19106 683 10
19107 685 10
19108 685 11
19109 692 12
19110 697 12
19111 698 13
19112 706 13
19113 708 14
19114 711 14
19115 713 14
19116 710 14
19117 711 14
19118 707 14
19119 715 14
19120 717 14
19121 680 12
19122 0 0
19123 1 0
19124 1 0
19125 2 0
19126 3 0
19127 4 0
19128 5 0
19129 6 0
19130 7 0
19131 11 0
19132 16 0
19133 19 0
19134 21 0
19135 24 0
19136 26 0
19137 27 0
19138 28 0
19139 28 2
19140 192 2
19141 353 2
19142 451 2
19143 499 2
19144 607 2
19145 654 2
19146 666 2
19147 669 2
19148 669 3
19149 677 4
19150 687 4
19151 687 5
19152 689 6
19153 692 6
19154 692 7
19155 696 7
19156 696 8
19157 698 8
19158 699 8
19159 700 3
19160 700 7
19161 700 9
19162 705 10
19163 706 10
19164 706 11
19165 710 11
19166 712 13
19167 713 14
19168 716 14
19169 727 14
19170 726 14
19171 726 14
19172 708 14
19173 1 0
19174 2 0
19175 3 0
19176 4 0
19177 5 0
19178 7 0
19179 9 0
19180 12 0
19181 13 0
19182 15 0
19183 17 0
19184 24 0
19185 26 1
19186 28 1
19187 30 1
19188 32 1
19189 34 1
19190 37 1
19191 38 1
19192 45 1
19193 51 1
19194 54 1
19195 57 1
19196 59 1
19197 65 1
19198 69 1
19199 80 1
19200 85 1
19201 87 1
19202 92 1
19203 97 1
19204 105 1
19205 113 1
19206 119 1
19207 122 1
19208 130 1
19209 133 1
19210 139 1
19211 145 1
19212 148 1
19213 154 1
19214 156 1
19215 164 1
19216 170 1
19217 171 1
19218 177 1
19219 186 1
19220 189 1
19221 195 1
19222 201 2
19223 203 2
19224 206 2
19225 212 2
19226 220 2
19227 228 2
19228 234 2
19229 238 2
19230 240 2
19231 246 2
19232 252 2
19233 256 2
19234 262 2
19235 265 2
19236 270 2
19237 276 2
19238 284 2
19239 292 2
19240 301 2
19241 304 2
19242 308 2
19243 314 2
19244 320 2
19245 326 2
19246 330 2
19247 335 2
19248 338 2
19249 343 2
19250 347 2
19251 351 2
19252 352 2
19253 355 2
19254 360 2
19255 364 2
19256 365 2
19257 370 2
19258 372 2
19259 379 2
19260 385 2
19261 391 2
19262 396 2
19263 405 2
19264 413 2
19265 417 2
19266 419 2
19267 424 2
19268 434 2
19269 437 2
19270 445 2
19271 448 2
19272 455 2
19273 462 2
19274 463 2
19275 467 2
19276 470 2
19277 479 2
19278 485 2
19279 488 2
19280 492 2
19281 492 2
19282 492 3
19283 582 3
19284 589 4
19285 631 4
19286 631 5
19287 631 6
19288 634 7
19289 646 7
19290 650 9
19291 653 10
19292 662 10
19293 674 11
19294 675 12
19295 678 13
19296 687 13
19297 694 13
19298 697 14
19299 705 14
19300 713 14
19301 592 13
19302 1 0
19303 2 0
19304 3 0
19305 4 0
19306 5 0
19307 7 0
19308 8 0
19309 9 0
19310 10 0
19311 11 0
19312 13 0
19313 15 0
19314 17 0
19315 21 0
19316 25 1
19317 30 1
19318 36 1
19319 40 1
19320 44 1
19321 49 1
19322 55 1
19323 57 1
19324 64 1
19325 72 1
19326 85 1
19327 94 1
19328 101 1
19329 109 1
19330 122 2
19331 134 2
19332 143 2
19333 159 2
19334 167 2
19335 174 2
19336 184 2
19337 192 2
19338 200 2
19339 209 2
19340 210 2
19341 215 2
19342 222 2
19343 238 2
19344 246 2
19345 253 2
19346 260 2
19347 275 2
19348 285 2
19349 299 2
19350 314 2
19351 319 2
19352 324 2
19353 334 2
19354 340 2
19355 348 2
19356 362 2
19357 366 2
19358 375 2
19359 378 2
19360 385 2
19361 392 2
19362 395 2
19363 399 2
19364 404 2
19365 411 2
19366 418 2
19367 424 2
19368 433 2
19369 446 2
19370 456 2
19371 469 2
19372 478 2
19373 486 2
19374 494 2
19375 504 2
19376 509 2
19377 516 2
19378 526 2
19379 533 2
19380 536 2
19381 546 2
19382 548 2
19383 557 2
19384 561 2
19385 562 3
19386 568 3
19387 573 3
19388 580 3
19389 587 3
19390 591 3
19391 595 3
19392 601 3
19393 606 3
19394 610 3
19395 611 3
19396 611 4
19397 649 4
19398 659 4
19399 659 5
19400 661 6
19401 663 6
19402 670 4
19403 670 6
19404 670 7
19405 671 8
19406 680 9
19407 680 10
19408 688 11
19409 697 12
19410 700 13
19411 711 13
19412 713 14
19413 721 14
19414 719 14
19415 715 14
19416 709 13
19417 719 13
19418 701 13
19419 0 1
19420 1 0
19421 2 0
19422 3 0
19423 4 0
19424 6 0
19425 7 0
19426 9 0
19427 9 0
19428 11 0
19429 12 0
19430 14 0
19431 15 0
19432 16 0
19433 18 0
19434 21 0
19435 23 0
19436 26 0
19437 26 1
19438 29 1
19439 32 1
19440 34 1
19441 38 1
19442 40 1
19443 41 1
19444 44 1
19445 46 1
19446 47 1
19447 51 1
19448 53 1
19449 58 1
19450 61 1
19451 64 1
19452 66 1
19453 70 1
19454 73 1
19455 81 1
19456 85 1
19457 93 1
19458 98 1
19459 101 1
19460 105 1
19461 110 1
19462 116 1
19463 122 2
19464 128 2
19465 136 2
19466 144 2
19467 148 2
19468 151 2
19469 160 2
19470 165 2
19471 169 2
19472 175 2
19473 175 2
19474 178 2
19475 183 2
19476 187 2
19477 190 2
19478 195 2
19479 202 2
19480 204 2
19481 206 2
19482 211 2
19483 219 2
19484 223 2
19485 225 2
19486 231 2
19487 242 2
19488 244 2
19489 250 2
19490 253 2
19491 261 2
19492 268 2
19493 273 2
19494 278 2
19495 293 2
19496 304 2
19497 307 2
19498 313 2
19499 320 2
19500 327 2
19501 328 2
19502 330 2
19503 332 2
19504 342 2
19505 345 2
19506 350 2
19507 352 2
19508 354 2
19509 355 2
19510 363 2
19511 369 2
19512 376 2
19513 380 2
19514 382 2
19515 383 2
19516 385 2
19517 391 2
19518 393 2
19519 402 2
19520 406 2
19521 413 2
19522 418 2
19523 421 2
19524 424 2
19525 430 2
19526 437 2
19527 442 2
19528 448 2
19529 453 2
19530 458 2
19531 467 2
19532 473 2
19533 482 2
19534 494 2
19535 497 2
19536 497 3
19537 666 3
19538 666 4
19539 667 5
19540 683 6
19541 685 8
19542 688 9
19543 699 9
19544 699 10
19545 714 10
19546 716 10
19547 714 11
19548 717 11
19549 717 12
19550 717 13
19551 721 13
19552 729 13
19553 696 14
19554 728 13
19555 736 13
19556 736 14
19557 741 14
19558 739 14
19559 738 14
19560 0 0
19561 0 0
19562 1 0
19563 2 0
19564 3 0
19565 4 0
19566 5 0
19567 7 0
19568 9 0
19569 10 0
19570 11 0
19571 12 0
19572 14 0
19573 16 0
19574 18 0
19575 19 0
19576 20 0
19577 22 0
19578 23 0
19579 25 0
19580 28 0
19581 34 0
19582 37 0
19583 41 0
19584 48 0
19585 50 0
19586 52 0
19587 52 2
19588 320 2
19589 540 2
19590 651 2
19591 670 3
19592 689 4
19593 692 5
19594 704 5
19595 705 6
19596 715 7
19597 716 7
19598 716 8
19599 717 9
19600 718 11
19601 722 12
19602 725 12
19603 728 13
19604 737 14
19605 744 14
19606 744 14
19607 728 13
19608 738 14
19609 745 15
19610 745 15
19611 737 14
19612 742 14
19613 742 14
19614 744 14
19615 0 0
19616 1 0
19617 2 0
19618 3 0
19619 4 0
19620 6 0
19621 9 0
19622 11 0
19623 13 0
19624 14 0
19625 18 0
19626 23 0
19627 29 0
19628 30 1
19629 40 1
19630 61 1
19631 90 1
19632 127 1
19633 161 1
19634 174 1
19635 196 2
19636 221 2
19637 248 2
19638 281 2
19639 308 2
19640 331 2
19641 355 2
19642 383 2
19643 410 2
19644 411 3
19645 597 3
19646 648 3
19647 650 4
19648 657 5
19649 680 6
19650 680 7
19651 680 8
19652 683 9
19653 692 10
19654 696 11
19655 697 12
19656 704 12
19657 705 13
19658 713 13
19659 716 13
19660 725 14
19661 735 14
19662 737 14
19663 735 14
19664 738 14
19665 736 14
19666 735 14
19667 734 14
19668 662 13
19669 0 2
19670 1 0
19671 2 0
19672 3 0
19673 4 0
19674 5 0
19675 6 0
19676 7 0
19677 8 0
19678 9 0
19679 10 0
19680 11 0
19681 12 0
19682 13 0
19683 14 0
19684 15 0
19685 16 0
19686 19 0
19687 21 0
19688 22 0
19689 23 0
19690 27 0
19691 27 1
19692 28 1
19693 30 1
19694 33 1
19695 36 1
19696 39 1
19697 40 1
19698 42 1
19699 46 1
19700 48 1
19701 53 1
19702 56 1
19703 60 1
19704 63 1
19705 65 1
19706 68 1
19707 70 1
19708 73 1
19709 80 1
19710 85 1
19711 89 1
19712 93 1
19713 99 1
19714 103 1
19715 106 1
19716 112 1
19717 115 1
19718 120 2
19719 126 2
19720 128 2
19721 132 2
19722 138 2
19723 144 2
19724 147 2
19725 153 2
19726 157 2
19727 165 2
19728 169 2
19729 176 2
19730 181 2
19731 185 2
19732 188 2
19733 193 2
19734 200 2
19735 202 2
19736 209 2
19737 215 2
19738 220 2
19739 221 2
19740 227 2
19741 230 2
19742 235 2
19743 239 2
19744 245 2
19745 251 2
19746 253 2
19747 263 2
19748 269 2
19749 274 2
19750 278 2
19751 290 2
19752 295 2
19753 301 2
19754 303 2
19755 311 2
19756 315 2
19757 320 2
19758 323 2
19759 329 2
19760 333 2
19761 340 2
19762 342 2
19763 345 2
19764 349 2
19765 352 2
19766 356 2
19767 359 2
19768 362 2
19769 367 2
19770 370 2
19771 375 2
19772 380 2
19773 384 2
19774 390 2
19775 395 2
19776 403 2
19777 407 2
19778 414 2
19779 416 2
19780 416 3
19781 545 3
19782 548 4
19783 604 4
19784 647 5
19785 647 6
19786 660 6
19787 660 7
19788 661 8
19789 671 9
19790 683 9
19791 684 10
19792 687 10
19793 689 11
19794 696 11
19795 700 11
19796 703 12
19797 705 12
19798 711 12
19799 719 13
19800 722 13
19801 725 13
19802 724 13
19803 726 13
19804 421 10
19805 2 0
19806 3 0
19807 6 0
19808 8 0
19809 11 0
19810 13 0
19811 14 0
19812 18 0
19813 20 0
19814 25 0
19815 31 0
19816 33 0
19817 38 0
19818 40 0
19819 43 1
19820 48 1
19821 55 1
19822 65 1
19823 75 1
19824 92 1
19825 103 1
19826 124 1
19827 147 1
19828 165 1
19829 183 1
19830 199 1
19831 209 1
19832 217 1
19833 239 1
19834 255 2
19835 268 2
19836 294 2
19837 301 3
19838 317 3
19839 330 3
19840 335 3
19841 344 3
19842 346 3
19843 356 3
19844 371 3
19845 380 3
19846 390 3
19847 401 3
19848 411 3
19849 428 3
19850 442 3
19851 463 3
19852 486 3
19853 495 3
19854 511 3
19855 522 3
19856 540 3
19857 559 3
19858 571 3
19859 582 3
19860 587 3
19861 590 2
19862 590 4
19863 634 5
19864 665 6
19865 668 7
19866 674 7
19867 674 8
19868 678 8
19869 680 8
19870 678 8
19871 679 8
19872 681 8
19873 682 8
19874 684 8
19875 686 8
19876 686 9
19877 687 9
19878 689 9
19879 694 10
19880 697 10
19881 696 11
19882 699 11
19883 702 11
19884 701 11
19885 703 11
19886 703 12
19887 705 12
19888 717 13
19889 721 13
19890 722 13
19891 720 13
19892 0 0
19893 0 0
19894 1 0
19895 2 0
19896 3 0
19897 4 0
19898 5 0
19899 6 0
19900 7 0
19901 9 0
19902 10 0
19903 13 0
19904 14 1
19905 15 1
19906 18 1
19907 20 1
19908 23 1
19909 28 1
19910 31 1
19911 33 1
19912 37 1
19913 41 1
19914 43 1
19915 45 1
19916 51 1
19917 56 1
19918 61 1
19919 72 1
19920 79 1
19921 88 1
19922 96 1
19923 100 1
19924 105 1
19925 110 1
19926 114 1
19927 115 1
19928 125 1
19929 134 1
19930 141 1
19931 147 1
19932 152 1
19933 157 1
19934 165 1
19935 170 1
19936 176 1
19937 181 1
19938 187 1
19939 193 1
19940 198 1
19941 203 1
19942 207 1
19943 211 1
19944 221 1
19945 228 2
19946 232 2
19947 236 2
19948 242 2
19949 246 2
19950 248 2
19951 250 3
19952 532 3
19953 631 4
19954 681 5
19955 682 7
19956 699 7
19957 707 7
19958 707 8
19959 711 8
19960 712 9
19961 717 10
19962 720 10
19963 726 10
19964 730 10
19965 731 11
19966 730 12
19967 732 12
19968 733 13
19969 735 13
19970 732 13
19971 692 13
19972 736 12
19973 745 12
19974 746 12
19975 747 12
19976 1 0
19977 2 0
19978 3 0
19979 4 0
19980 6 0
19981 7 0
19982 9 0
19983 11 0
19984 12 0
19985 13 0
19986 14 0
19987 16 0
19988 17 0
19989 21 0
19990 22 0
19991 26 0
19992 31 0
19993 34 0
19994 39 0
19995 45 0
19996 50 0
19997 62 0
19998 78 0
19999 79 1
20000 83 1
20001 93 1
20002 106 1
20003 116 1
20004 133 1
20005 151 1
20006 169 1
20007 205 1
20008 221 1
20009 244 1
20010 259 1
20011 278 1
20012 287 1
20013 287 2
20014 389 4
20015 434 5
20016 483 5
20017 632 5
20018 636 5
20019 643 5
20020 648 6
20021 649 7
20022 651 7
20023 661 8
20024 661 9
20025 663 10
20026 667 10
20027 671 10
20028 676 11
20029 680 12
20030 696 12
20031 710 13
20032 723 13
20033 733 13
20034 725 14
20035 729 14
20036 729 14
20037 728 14
20038 730 13
20039 0 0
20040 1 0
20041 2 0
20042 3 0
20043 5 0
20044 6 0
20045 11 0
20046 27 0
20047 60 0
20048 63 1
20049 163 1
20050 243 1
20051 278 1
20052 280 1
20053 281 2
20054 472 3
20055 517 4
20056 645 4
20057 672 5
20058 672 6
20059 681 6
20060 686 6
20061 687 7
20062 691 7
20063 692 8
20064 697 8
20065 700 9
20066 700 10
20067 700 11
20068 702 11
20069 705 11
20070 706 11
20071 709 13
20072 715 14
20073 720 14
20074 720 14
20075 722 14
20076 722 14
20077 724 13
20078 724 14
20079 724 14
20080 725 14
20081 723 15
20082 721 14
20083 1 0
20084 2 0
20085 3 0
20086 4 0
20087 6 0
20088 7 0
20089 8 0
20090 9 0
20091 10 0
20092 13 0
20093 16 0
20094 17 0
20095 18 0
20096 19 0
20097 20 0
20098 20 1
20099 21 1
20100 22 1
20101 25 1
20102 27 1
20103 31 1
20104 32 1
20105 36 1
20106 39 1
20107 43 1
20108 44 1
20109 50 1
20110 54 1
20111 59 1
20112 65 1
20113 73 1
20114 78 1
20115 89 1
20116 97 1
20117 105 1
20118 112 1
20119 115 1
20120 124 1
20121 128 1
20122 132 2
20123 198 2
20124 451 4
20125 463 5
20126 563 5
20127 649 5
20128 677 5
20129 684 6
20130 688 7
20131 691 8
20132 695 9
20133 701 9
20134 701 10
20135 704 11
20136 709 12
20137 722 13
20138 725 13
20139 719 13
20140 728 11
20141 729 12
20142 730 13
20143 715 13
20144 731 12
20145 731 12
20146 735 12
20147 735 13
20148 734 13
20149 0 0
20150 1 0
20151 2 0
20152 3 0
20153 6 0
20154 10 0
20155 11 0
20156 19 0
20157 43 0
20158 58 0
20159 58 1
20160 243 3
20161 431 3
20162 448 4
20163 504 5
20164 509 5
20165 514 5
20166 518 5
20167 518 5
20168 523 5
20169 526 5
20170 530 5
20171 533 5
20172 537 5
20173 549 5
20174 574 5
20175 637 5
20176 661 5
20177 661 6
20178 670 7
20179 677 8
20180 691 8
20181 691 9
20182 694 10
20183 702 10
20184 702 11
20185 707 11
20186 710 12
20187 713 12
20188 725 12
20189 734 12
20190 735 13
20191 735 13
20192 735 13
20193 725 13
20194 732 13
20195 735 13
20196 735 13
20197 716 13
20198 733 13
20199 744 13
20200 1 0
20201 2 0
20202 3 0
20203 4 0
20204 5 0
20205 6 0
20206 7 0
20207 8 0
20208 9 0
20209 10 0
20210 12 0
20211 14 0
20212 15 0
20213 18 0
20214 21 0
20215 23 0
20216 25 0
20217 29 0
20218 31 0
20219 33 0
20220 35 0
20221 40 0
20222 46 0
20223 51 0
20224 55 0
20225 62 0
20226 70 0
20227 73 0
20228 75 2
20229 136 3
20230 419 4
20231 454 4
20232 471 5
20233 531 5
20234 648 5
20235 661 5
20236 671 5
20237 683 6
20238 688 7
20239 691 8
20240 697 8
20241 702 8
20242 705 9
20243 705 9
20244 705 10
20245 705 11
20246 709 12
20247 714 12
20248 729 12
20249 737 12
20250 738 13
20251 739 13
20252 740 13
20253 734 13
20254 745 12
20255 745 13
20256 747 14
20257 746 14
20258 743 13
20259 744 13
20260 1 0
20261 2 0
20262 3 0
20263 4 0
20264 6 0
20265 9 0
20266 11 0
20267 14 0
20268 17 0
20269 19 0
20270 23 0
20271 24 0
20272 26 0
20273 28 0
20274 30 0
20275 36 0
20276 41 0
20277 41 1
20278 41 2
20279 45 1
20280 47 1
20281 49 1
20282 56 1
20283 59 2
20284 68 3
20285 71 3
20286 81 3
20287 85 4
20288 95 4
20289 104 4
20290 113 4
20291 116 4
20292 125 4
20293 134 4
20294 141 4
20295 149 4
20296 154 4
20297 166 4
20298 177 4
20299 189 4
20300 203 4
20301 216 4
20302 225 4
20303 236 4
20304 245 4
20305 254 4
20306 257 4
20307 264 4
20308 272 4
20309 278 4
20310 286 4
20311 289 4
20312 295 4
20313 307 4
20314 312 4
20315 316 4
20316 321 4
20317 326 4
20318 329 4
20319 332 4
20320 334 4
20321 341 4
20322 348 4
20323 352 4
20324 357 4
20325 361 4
20326 365 4
20327 369 4
20328 374 4
20329 375 5
20330 512 5
20331 536 5
20332 592 5
20333 602 5
20334 602 6
20335 635 6
20336 642 6
20337 643 7
20338 644 8
20339 654 8
20340 667 8
20341 675 9
20342 679 9
20343 680 10
20344 699 10
20345 699 11
20346 698 12
20347 700 12
20348 713 12
20349 712 13
20350 719 13
20351 721 13
20352 721 13
20353 721 14
20354 701 14
20355 716 13
20356 722 14
20357 728 14
20358 728 14
20359 728 14
20360 689 14
20361 1 0
20362 4 0
20363 19 0
20364 72 0
20365 137 0
20366 141 2
20367 147 4
20368 387 4
20369 422 5
20370 532 5
20371 611 5
20372 684 5
20373 705 5
20374 707 6
20375 710 7
20376 711 8
20377 716 9
20378 716 10
20379 720 10
20380 720 10
20381 720 11
20382 720 12
20383 725 12
20384 730 12
20385 735 12
20386 735 13
20387 735 14
20388 743 14
20389 746 14
20390 746 14
20391 745 14
20392 742 14
20393 746 14
20394 752 14
20395 747 14
20396 745 14
20397 745 14
20398 745 14
20399 0 0
20400 1 0
20401 2 0
20402 3 0
20403 4 0
20404 6 0
20405 8 0
20406 9 0
20407 10 0
20408 11 0
20409 12 0
20410 14 0
20411 19 0
20412 23 0
20413 26 0
20414 29 0
20415 35 0
20416 36 0
20417 38 0
20418 42 0
20419 47 0
20420 51 0
20421 57 0
20422 59 0
20423 63 0
20424 67 0
20425 71 1
20426 74 1
20427 76 1
20428 81 1
20429 83 3
20430 308 5
20431 518 5
20432 698 5
20433 722 5
20434 723 6
20435 724 7
20436 728 7
20437 732 7
20438 732 8
20439 736 8
20440 736 9
20441 737 9
20442 740 9
20443 743 9
20444 746 9
20445 746 10
20446 748 11
20447 752 12
20448 755 12
20449 761 12
20450 761 13
20451 763 13
20452 767 14
20453 769 14
20454 774 13
20455 772 13
20456 773 13
20457 754 13
20458 764 13
20459 1 0
20460 2 0
20461 3 0
20462 4 0
20463 6 0
20464 9 0
20465 11 0
20466 13 0
20467 14 0
20468 17 0
20469 21 0
20470 24 0
20471 25 0
20472 29 0
20473 32 0
20474 40 0
20475 45 0
20476 52 0
20477 53 0
20478 56 0
20479 61 0
20480 61 2
20481 130 2
20482 145 4
20483 283 4
20484 374 4
20485 469 4
20486 485 0
20487 485 5
20488 605 5
20489 655 5
20490 662 6
20491 663 7
20492 665 8
20493 669 9
20494 686 10
20495 697 10
20496 698 11
20497 704 12
20498 714 12
20499 718 12
20500 720 13
20501 725 13
20502 731 13
20503 734 13
20504 737 13
20505 738 13
20506 741 13
20507 738 13
20508 743 13
20509 2 0
20510 3 0
20511 4 0
20512 5 0
20513 8 0
20514 10 0
20515 11 0
20516 13 0
20517 16 0
20518 18 0
20519 24 0
20520 31 0
20521 34 0
20522 40 0
20523 41 2
20524 42 4
20525 209 4
20526 332 5
20527 438 5
20528 462 5
20529 585 5
20530 638 5
20531 638 6
20532 665 6
20533 675 7
20534 688 7
20535 688 8
20536 695 9
20537 701 9
20538 706 10
20539 711 11
20540 716 11
20541 716 12
20542 717 13
20543 729 13
20544 729 14
20545 735 14
20546 738 14
20547 737 14
20548 738 14
20549 742 14
20550 746 14
20551 745 14
20552 743 14
20553 739 14
20554 743 14
20555 743 14
20556 746 14
20557 747 14
20558 747 14
20559 744 14
20560 744 14
20561 745 14
20562 1 0
20563 2 0
20564 3 0
20565 4 0
20566 6 0
20567 8 0
20568 9 0
20569 11 0
20570 13 0
20571 14 0
20572 15 0
20573 17 0
20574 21 0
20575 25 0
20576 30 0
20577 36 0
20578 39 0
20579 45 0
20580 49 0
20581 56 0
20582 60 0
20583 65 0
20584 72 0
20585 76 0
20586 78 0
20587 80 2
20588 100 4
20589 179 4
20590 397 5
20591 496 5
20592 634 5
20593 680 5
20594 689 7
20595 695 8
20596 703 9
20597 702 8
20598 702 9
20599 711 9
20600 713 10
20601 717 10
20602 723 10
20603 726 10
20604 729 11
20605 734 11
20606 734 12
20607 737 12
20608 737 13
20609 737 13
20610 738 13
20611 740 13
20612 742 13
20613 743 13
20614 743 13
20615 748 13
20616 749 13
20617 749 13
20618 752 13
20619 752 13
20620 749 13
20621 752 13
20622 750 13
20623 752 13
20624 746 13
20625 1 0
20626 2 0
20627 3 0
20628 5 0
20629 6 0
20630 7 0
20631 8 0
20632 9 0
20633 10 0
20634 11 0
20635 16 0
20636 20 0
20637 24 0
20638 29 0
20639 32 0
20640 36 0
20641 44 0
20642 48 0
20643 57 0
20644 63 0
20645 63 1
20646 120 2
20647 215 4
20648 257 5
20649 349 5
20650 410 5
20651 512 5
20652 574 5
20653 618 5
20654 646 5
20655 661 5
20656 665 6
20657 666 7
20658 670 7
20659 672 8
20660 678 8
20661 684 9
20662 687 10
20663 692 10
20664 697 10
20665 699 10
20666 700 10
20667 702 10
20668 705 10
20669 709 10
20670 709 11
20671 721 11
20672 725 12
20673 727 13
20674 730 13
20675 735 13
20676 735 13
20677 735 13
20678 736 13
20679 735 13
20680 735 13
20681 701 12
20682 717 13
20683 738 13
20684 740 13
20685 740 13
20686 740 13
20687 738 13
20688 734 13
20689 1 0
20690 2 0
20691 5 0
20692 7 0
20693 9 0
20694 11 0
20695 13 0
20696 14 0
20697 17 0
20698 30 0
20699 42 0
20700 53 0
20701 72 0
20702 85 0
20703 116 2
20704 123 4
20705 150 4
20706 165 4
20707 182 4
20708 199 4
20709 224 4
20710 241 4
20711 265 4
20712 271 5
20713 285 5
20714 308 5
20715 320 5
20716 330 5
20717 347 5
20718 353 5
20719 366 5
20720 371 5
20721 381 5
20722 390 5
20723 399 5
20724 418 5
20725 432 5
20726 451 5
20727 466 5
20728 468 5
20729 474 5
20730 477 5
20731 479 5
20732 480 5
20733 484 5
20734 490 5
20735 496 5
20736 516 5
20737 533 5
20738 552 5
20739 558 5
20740 568 5
20741 582 5
20742 587 5
20743 607 5
20744 618 5
20745 627 5
20746 636 5
20747 637 5
20748 641 3
20749 641 6
20750 645 7
20751 659 8
20752 671 9
20753 682 9
20754 686 9
20755 689 9
20756 694 10
20757 704 11
20758 717 12
20759 723 12
20760 724 13
20761 724 13
20762 728 13
20763 729 13
20764 735 13
20765 626 12
20766 1 0
20767 3 0
20768 4 0
20769 5 0
20770 6 0
20771 7 0
20772 15 0
20773 19 0
20774 24 0
20775 30 0
20776 33 0
20777 42 0
20778 50 0
20779 50 2
20780 84 4
20781 212 4
20782 250 5
20783 499 5
20784 657 5
20785 698 5
20786 714 5
20787 721 5
20788 725 5
20789 727 5
20790 728 6
20791 727 7
20792 726 7
20793 726 8
20794 728 8
20795 730 8
20796 731 9
20797 731 9
20798 730 9
20799 731 9
20800 732 9
20801 734 9
20802 734 10
20803 737 11
20804 740 11
20805 742 12
20806 743 13
20807 744 13
20808 747 13
20809 752 13
20810 755 13
20811 746 13
20812 751 13
20813 750 13
20814 0 0
20815 1 0
20816 3 0
20817 5 0
20818 18 0
20819 57 0
20820 142 0
20821 172 1
20822 233 2
20823 235 4
20824 367 5
20825 431 5
20826 459 5
20827 508 5
20828 593 5
20829 641 5
20830 659 5
20831 665 6
20832 676 6
20833 680 7
20834 689 8
20835 690 8
20836 690 9
20837 691 10
20838 697 11
20839 714 11
20840 723 12
20841 728 12
20842 728 13
20843 728 13
20844 729 13
20845 738 13
20846 737 13
20847 736 13
20848 736 13
20849 736 13
20850 735 13
20851 737 13
20852 736 13
20853 634 12
20854 1 0
20855 2 0
20856 3 0
20857 5 0
20858 6 0
20859 7 0
20860 16 0
20861 21 0
20862 26 0
20863 30 0
20864 34 2
20865 40 2
20866 52 2
20867 65 2
20868 84 2
20869 98 2
20870 117 2
20871 118 4
20872 247 5
20873 407 5
20874 437 5
20875 576 5
20876 675 5
20877 704 5
20878 706 6
20879 712 7
20880 720 7
20881 720 8
20882 719 8
20883 719 9
20884 720 9
20885 727 9
20886 729 9
20887 731 10
20888 732 10
20889 734 10
20890 734 11
20891 736 11
20892 736 12
20893 737 13
20894 742 13
20895 745 13
20896 750 13
20897 750 13
20898 748 13
20899 748 13
20900 747 13
20901 748 13
20902 746 13
20903 746 13
20904 739 13
20905 740 13
20906 740 13
20907 740 13
20908 3 0
20909 5 0
20910 9 0
20911 12 0
20912 15 0
20913 17 0
20914 24 0
20915 29 0
20916 34 0
20917 39 0
20918 43 0
20919 47 0
20920 54 0
20921 61 1
20922 67 1
20923 75 1
20924 86 1
20925 92 1
20926 105 1
20927 108 1
20928 109 3
20929 291 5
20930 534 5
20931 640 5
20932 668 5
20933 673 5
20934 681 5
20935 685 5
20936 688 5
20937 689 5
20938 690 6
20939 693 6
20940 695 6
20941 696 7
20942 702 7
20943 702 8
20944 703 9
20945 705 10
20946 710 10
20947 713 11
20948 721 11
20949 726 11
20950 724 12
20951 726 13
20952 725 14
20953 732 14
20954 731 14
20955 696 14
20956 1 0
20957 2 0
20958 2 0
20959 3 0
20960 4 0
20961 5 0
20962 6 0
20963 7 0
20964 8 0
20965 10 0
20966 11 0
20967 13 0
20968 15 0
20969 17 0
20970 21 0
20971 25 0
20972 33 0
20973 36 0
20974 41 0
20975 47 0
20976 50 0
20977 54 0
20978 58 0
20979 59 1
20980 65 1
20981 73 1
20982 80 1
20983 88 1
20984 94 1
20985 98 1
20986 105 1
20987 109 1
20988 115 1
20989 123 1
20990 136 1
20991 141 1
20992 145 1
20993 152 1
20994 158 1
20995 165 1
20996 170 2
20997 177 2
20998 180 4
20999 207 5
21000 295 5
21001 412 5
21002 556 5
21003 640 5
21004 665 6
21005 675 6
21006 675 7
21007 675 8
21008 678 9
21009 682 10
21010 702 10
21011 707 10
21012 714 10
21013 720 10
21014 720 11
21015 726 11
21016 727 12
21017 727 13
21018 731 13
21019 731 13
21020 734 13
21021 732 13
21022 727 13
21023 732 12
21024 736 12
21025 738 12
21026 735 13
21027 740 12
21028 743 12
21029 744 12
21030 743 12
21031 743 12
21032 742 12
21033 744 12
21034 740 13
21035 741 13
21036 738 12
21037 0 1
21038 1 2
21039 2 0
21040 3 0
21041 4 0
21042 5 0
21043 6 0
21044 8 0
21045 10 0
21046 13 0
21047 14 0
21048 16 0
21049 21 0
21050 26 0
21051 30 0
21052 32 0
21053 38 0
21054 43 1
21055 51 1
21056 62 1
21057 70 1
21058 71 2
21059 168 3
21060 234 4
21061 409 5
21062 514 5
21063 598 5
21064 642 5
21065 650 6
21066 653 7
21067 680 7
21068 687 7
21069 687 8
21070 691 8
21071 691 9
21072 702 10
21073 709 10
21074 715 11
21075 721 11
21076 721 12
21077 719 12
21078 721 13
21079 725 13
21080 726 13
21081 718 13
21082 733 12
21083 732 12
21084 736 12
21085 742 12
21086 727 12
21087 741 11
21088 744 12
21089 743 12
21090 743 12
21091 743 12
21092 743 12
21093 743 12
21094 736 11
21095 745 11
21096 744 11
21097 741 11
21098 739 11
21099 1 1
21100 2 0
21101 2 1
21102 4 1
21103 6 1
21104 7 1
21105 8 1
21106 9 1
21107 11 1
21108 15 1
21109 18 1
21110 21 1
21111 26 1
21112 36 1
21113 50 1
21114 61 1
21115 82 1
21116 92 1
21117 121 1
21118 141 2
21119 142 4
21120 304 5
21121 521 5
21122 602 5
21123 633 6
21124 666 6
21125 679 7
21126 686 7
21127 692 7
21128 695 7
21129 701 8
21130 705 8
21131 708 8
21132 714 8
21133 715 9
21134 716 10
21135 717 10
21136 717 10
21137 718 10
21138 720 10
21139 725 10
21140 738 10
21141 738 10
21142 738 10
21143 739 11
21144 741 11
21145 741 11
21146 747 11
21147 747 11
21148 747 11
21149 747 11
21150 747 11
21151 746 11
21152 745 11
21153 745 11
21154 0 0
21155 1 0
21156 1 2
21157 10 2
21158 35 2
21159 53 3
21160 113 3
21161 194 3
21162 250 3
21163 326 3
21164 357 3
21165 400 4
21166 433 2
21167 434 4
21168 436 5
21169 444 5
21170 455 5
21171 459 5
21172 587 5
21173 606 6
21174 672 6
21175 681 7
21176 690 8
21177 702 8
21178 702 9
21179 708 9
21180 719 9
21181 724 9
21182 733 9
21183 743 9
21184 745 10
21185 745 10
21186 745 11
21187 745 11
21188 745 11
21189 745 11
21190 746 11
21191 0 1
21192 1 2
21193 4 0
21194 7 0
21195 11 0
21196 15 0
21197 16 2
21198 25 2
21199 41 2
21200 51 2
21201 67 3
21202 91 3
21203 141 3
21204 170 3
21205 193 3
21206 200 3
21207 201 4
21208 450 5
21209 606 5
21210 636 6
21211 667 6
21212 686 6
21213 687 7
21214 698 7
21215 699 8
21216 702 8
21217 704 8
21218 705 9
21219 711 9
21220 712 9
21221 713 9
21222 716 9
21223 728 9
21224 735 9
21225 740 9
21226 737 9
21227 743 9
21228 744 10
21229 753 11
21230 751 11
21231 738 11
21232 743 10
21233 745 10
21234 745 10
21235 746 10
21236 747 10
21237 747 10
21238 747 10
21239 747 10
21240 747 11
21241 748 11
21242 745 11
21243 746 11
21244 0 0
21245 0 1
21246 1 2
21247 2 2
21248 3 0
21249 5 0
21250 7 0
21251 8 0
21252 9 0
21253 11 0
21254 12 0
21255 14 0
21256 14 1
21257 19 1
21258 25 1
21259 29 2
21260 37 2
21261 52 2
21262 56 2
21263 58 4
21264 238 4
21265 383 4
21266 415 5
21267 458 5
21268 542 5
21269 618 5
21270 618 6
21271 656 6
21272 691 2
21273 691 4
21274 691 5
21275 691 6
21276 691 7
21277 698 7
21278 698 7
21279 703 7
21280 708 7
21281 713 7
21282 731 7
21283 731 8
21284 732 9
21285 742 9
21286 748 9
21287 754 9
21288 752 9
21289 752 9
21290 752 9
21291 750 9
21292 750 9
21293 750 9
21294 749 11
21295 739 11
21296 746 11
21297 745 11
21298 744 11
21299 0 0
21300 0 1
21301 2 1
21302 3 0
21303 4 0
21304 5 0
21305 7 0
21306 9 0
21307 10 1
21308 11 1
21309 14 1
21310 17 1
21311 21 1
21312 25 1
21313 32 2
21314 35 2
21315 41 2
21316 45 2
21317 51 2
21318 58 2
21319 65 2
21320 70 2
21321 75 2
21322 85 2
21323 89 2
21324 100 2
21325 104 1
21326 118 1
21327 124 1
21328 128 3
21329 187 4
21330 324 5
21331 474 5
21332 591 5
21333 592 6
21334 664 6
21335 691 6
21336 691 7
21337 703 7
21338 708 7
21339 710 7
21340 713 8
21341 714 9
21342 716 9
21343 718 9
21344 719 10
21345 723 10
21346 726 10
21347 730 10
21348 730 10
21349 732 10
21350 738 10
21351 742 10
21352 730 10
21353 747 10
21354 751 10
21355 750 10
21356 749 11
21357 748 10
21358 750 10
21359 751 10
21360 751 10
21361 0 0
21362 0 1
21363 1 1
21364 1 1
21365 2 1
21366 5 1
21367 8 0
21368 10 0
21369 17 0
21370 30 0
21371 30 2
21372 62 2
21373 192 2
21374 262 3
21375 322 3
21376 376 4
21377 410 4
21378 458 4
21379 493 4
21380 497 4
21381 497 5
21382 570 5
21383 591 6
21384 623 6
21385 647 6
21386 683 2
21387 683 4
21388 683 6
21389 683 7
21390 698 7
21391 715 7
21392 726 7
21393 726 8
21394 732 9
21395 742 9
21396 746 10
21397 752 10
21398 754 10
21399 755 10
21400 755 10
21401 757 10
21402 758 10
21403 756 10
21404 756 10
21405 755 10
21406 756 10
21407 754 10
21408 755 10
21409 756 10
21410 756 10
21411 755 10
21412 755 10
21413 753 10
21414 753 10
21415 650 10
21416 0 0
21417 0 1
21418 1 2
21419 3 0
21420 4 0
21421 6 0
21422 7 0
21423 9 0
21424 10 0
21425 12 0
21426 14 0
21427 14 1
21428 17 1
21429 20 1
21430 32 2
21431 35 2
21432 40 2
21433 44 2
21434 52 2
21435 57 2
21436 59 2
21437 62 2
21438 67 2
21439 70 2
21440 85 2
21441 100 2
21442 115 2
21443 125 2
21444 130 2
21445 139 2
21446 152 2
21447 159 2
21448 168 2
21449 177 2
21450 186 2
21451 191 2
21452 191 4
21453 305 5
21454 463 5
21455 464 6
21456 485 6
21457 546 6
21458 613 6
21459 630 6
21460 642 6
21461 650 6
21462 655 6
21463 659 6
21464 663 6
21465 665 6
21466 667 6
21467 670 6
21468 672 6
21469 672 7
21470 676 7
21471 678 8
21472 680 8
21473 682 8
21474 691 8
21475 694 8
21476 700 8
21477 702 8
21478 703 9
21479 704 9
21480 706 10
21481 706 10
21482 710 10
21483 716 10
21484 720 10
21485 731 11
21486 745 11
21487 745 11
21488 750 11
21489 741 11
21490 753 11
21491 755 11
21492 755 11
21493 751 11
21494 747 11
21495 1 0
21496 1 0
21497 1 1
21498 2 2
21499 4 0
21500 5 0
21501 7 0
21502 9 0
21503 11 0
21504 15 0
21505 15 2
21506 17 1
21507 21 1
21508 25 2
21509 27 2
21510 30 2
21511 38 2
21512 42 2
21513 45 2
21514 55 2
21515 60 2
21516 68 2
21517 84 2
21518 93 2
21519 99 2
21520 115 2
21521 134 2
21522 159 2
21523 172 2
21524 189 2
21525 199 2
21526 209 2
21527 224 2
21528 233 2
21529 248 2
21530 260 2
21531 269 2
21532 272 2
21533 274 4
21534 413 4
21535 433 5
21536 640 5
21537 652 5
21538 660 5
21539 677 5
21540 678 6
21541 679 7
21542 692 7
21543 695 7
21544 698 7
21545 701 7
21546 704 7
21547 709 8
21548 717 8
21549 721 9
21550 723 10
21551 723 11
21552 730 11
21553 733 11
21554 738 11
21555 744 11
21556 747 11
21557 743 11
21558 749 11
21559 748 11
21560 751 11
21561 750 11
21562 748 11
21563 723 11
21564 743 11
21565 745 11
21566 749 11
21567 0 0
21568 0 1
21569 1 2
21570 2 2
21571 3 0
21572 4 0
21573 5 0
21574 6 0
21575 7 0
21576 8 0
21577 9 0
21578 10 0
21579 12 0
21580 13 0
21581 13 2
21582 15 1
21583 17 2
21584 22 2
21585 26 2
21586 30 2
21587 32 2
21588 37 2
21589 40 2
21590 43 2
21591 46 2
21592 51 2
21593 54 2
21594 61 2
21595 68 2
21596 73 2
21597 77 2
21598 82 2
21599 84 2
21600 92 2
21601 103 2
21602 113 2
21603 126 2
21604 133 2
21605 141 2
21606 151 2
21607 165 2
21608 179 2
21609 189 2
21610 194 2
21611 207 2
21612 217 2
21613 227 2
21614 237 2
21615 240 2
21616 251 2
21617 263 2
21618 273 2
21619 282 2
21620 287 2
21621 296 2
21622 300 2
21623 306 2
21624 309 2
21625 314 2
21626 323 3
21627 332 3
21628 343 3
21629 347 3
21630 347 3
21631 352 3
21632 365 3
21633 372 3
21634 377 3
21635 385 3
21636 394 3
21637 401 3
21638 402 3
21639 410 3
21640 414 3
21641 420 3
21642 426 3
21643 427 3
21644 427 5
21645 447 6
21646 479 6
21647 493 6
21648 505 6
21649 522 6
21650 567 6
21651 622 7
21652 632 8
21653 682 8
21654 683 9
21655 700 9
21656 702 10
21657 706 11
21658 720 12
21659 728 12
21660 738 11
21661 728 11
21662 732 11
21663 715 11
21664 0 0
21665 0 0
21666 0 2
21667 1 2
21668 2 0
21669 3 0
21670 4 0
21671 5 0
21672 7 0
21673 9 0
21674 15 0
21675 17 2
21676 25 2
21677 33 2
21678 44 2
21679 52 2
21680 67 2
21681 94 2
21682 118 2
21683 157 2
21684 177 2
21685 200 2
21686 210 2
21687 219 2
21688 246 2
21689 271 2
21690 292 2
21691 303 2
21692 303 4
21693 476 4
21694 476 5
21695 633 5
21696 639 5
21697 641 5
21698 651 5
21699 658 5
21700 659 5
21701 662 5
21702 662 5
21703 663 5
21704 663 5
21705 663 6
21706 666 6
21707 667 7
21708 670 7
21709 671 7
21710 674 7
21711 676 8
21712 704 9
21713 717 10
21714 715 11
21715 719 11
21716 723 11
21717 723 11
21718 727 11
21719 735 11
21720 734 11
21721 731 11
21722 736 11
21723 736 11
21724 737 11
21725 739 11
21726 740 11
21727 740 11
21728 740 11
21729 740 11
21730 0 0
21731 0 2
21732 1 2
21733 2 2
21734 3 0
21735 4 0
21736 6 0
21737 7 0
21738 12 0
21739 12 2
21740 19 2
21741 24 2
21742 35 2
21743 45 2
21744 60 2
21745 79 2
21746 110 2
21747 142 2
21748 170 2
21749 200 2
21750 232 2
21751 248 2
21752 268 2
21753 287 2
21754 311 2
21755 319 2
21756 323 4
21757 451 4
21758 453 5
21759 502 5
21760 541 5
21761 607 5
21762 627 7
21763 658 7
21764 664 8
21765 705 8
21766 706 9
21767 707 10
21768 707 11
21769 717 11
21770 726 11
21771 734 11
21772 735 11
21773 739 11
21774 739 11
21775 738 11
21776 729 11
21777 736 11
21778 725 11
21779 0 1
21780 1 1
21781 2 1
21782 3 1
21783 4 1
21784 6 1
21785 12 0
21786 15 0
21787 15 2
21788 24 2
21789 43 2
21790 68 2
21791 136 2
21792 196 2
21793 223 2
21794 245 2
21795 278 2
21796 317 2
21797 322 3
21798 360 3
21799 390 3
21800 401 3
21801 400 4
21802 537 4
21803 629 6
21804 658 6
21805 674 7
21806 675 8
21807 680 9
21808 699 9
21809 699 10
21810 702 11
21811 725 11
21812 726 11
21813 729 11
21814 732 11
21815 729 11
21816 728 11
21817 0 1
21818 1 1
21819 2 1
21820 3 1
21821 4 1
21822 5 0
21823 6 0
21824 7 0
21825 8 0
21826 10 0
21827 12 0
21828 13 2
21829 94 2
21830 230 2
21831 313 2
21832 384 2
21833 383 4
21834 481 5
21835 672 5
21836 678 6
21837 706 6
21838 710 7
21839 724 8
21840 724 9
21841 731 9
21842 733 9
21843 736 10
21844 737 10
21845 737 11
21846 746 11
21847 747 11
21848 747 11
21849 747 11
21850 747 11
21851 747 11
21852 748 11
21853 749 11
21854 750 11
21855 750 11
21856 750 11
21857 749 12
21858 748 12
21859 0 1
21860 0 1
21861 1 0
21862 2 0
21863 2 0
21864 3 0
21865 4 0
21866 6 0
21867 8 0
21868 9 0
21869 16 0
21870 19 0
21871 19 2
21872 23 1
21873 26 1
21874 31 2
21875 38 2
21876 41 2
21877 46 2
21878 53 2
21879 60 2
21880 71 2
21881 80 2
21882 98 2
21883 109 2
21884 120 2
21885 135 2
21886 145 2
21887 156 2
21888 168 2
21889 180 2
21890 191 2
21891 204 2
21892 211 2
21893 221 2
21894 231 2
21895 240 2
21896 249 2
21897 259 2
21898 271 2
21899 289 2
21900 302 2
21901 308 2
21902 330 2
21903 337 2
21904 349 2
21905 360 2
21906 360 3
21907 381 4
21908 468 5
21909 530 5
21910 550 5
21911 575 5
21912 629 6
21913 637 7
21914 639 8
21915 651 9
21916 666 9
21917 683 9
21918 684 10
21919 691 10
21920 691 11
21921 701 11
21922 711 11
21923 717 11
21924 727 11
21925 736 11
21926 737 12
21927 722 12
21928 738 12
21929 739 12
21930 740 12
21931 739 12
21932 738 12
21933 739 12
21934 742 12
21935 744 12
21936 744 12
21937 744 12
21938 746 12
21939 0 0
21940 0 1
21941 1 1
21942 2 1
21943 3 1
21944 4 1
21945 5 1
21946 7 1
21947 9 1
21948 15 0
21949 15 2
21950 34 2
21951 76 2
21952 157 2
21953 233 2
21954 286 2
21955 347 2
21956 388 2
21957 390 3
21958 418 3
21959 420 4
21960 461 4
21961 494 4
21962 554 4
21963 605 4
21964 626 5
21965 647 6
21966 661 6
21967 684 6
21968 688 6
21969 688 7
21970 698 7
21971 698 8
21972 702 8
21973 703 3
21974 703 8
21975 703 9
21976 713 9
21977 715 10
21978 716 11
21979 728 11
21980 730 12
21981 745 12
21982 744 12
21983 746 12
21984 748 12
21985 748 12
21986 746 12
21987 717 12
21988 0 0
21989 0 0
21990 0 1
21991 1 1
21992 2 0
21993 5 0
21994 8 0
21995 8 2
21996 13 2
21997 24 2
21998 35 2
21999 50 2
22000 65 2
22001 90 2
22002 136 2
22003 176 2
22004 193 2
22005 210 2
22006 243 2
22007 265 3
22008 313 3
22009 349 3
22010 364 3
22011 375 3
22012 376 4
22013 431 4
22014 612 6
22015 655 6
22016 672 6
22017 680 6
22018 683 6
22019 685 7
22020 690 8
22021 690 9
22022 694 9
22023 697 9
22024 697 9
22025 702 9
22026 705 9
22027 707 9
22028 707 9
22029 707 9
22030 710 9
22031 712 9
22032 713 9
22033 714 9
22034 717 10
22035 718 10
22036 719 10
22037 718 10
22038 720 10
22039 723 10
22040 724 10
22041 724 10
22042 726 11
22043 730 11
22044 734 11
22045 739 11
22046 742 11
22047 744 12
22048 748 12
22049 757 11
22050 756 12
22051 736 12
22052 0 0
22053 1 0
22054 1 2
22055 2 2
22056 3 2
22057 4 2
22058 5 2
22059 6 2
22060 7 0
22061 9 0
22062 11 0
22063 13 0
22064 13 2
22065 23 2
22066 65 2
22067 118 2
22068 221 2
22069 251 2
22070 287 2
22071 320 4
22072 393 4
22073 438 4
22074 438 5
22075 682 6
22076 703 6
22077 703 7
22078 711 7
22079 717 7
22080 718 8
22081 719 9
22082 721 10
22083 725 10
22084 726 11
22085 731 11
22086 736 11
22087 740 11
22088 740 11
22089 746 11
22090 753 11
22091 753 12
22092 757 12
22093 755 12
22094 757 12
22095 765 12
22096 0 0
22097 0 1
22098 0 1
22099 1 1
22100 2 1
22101 8 1
22102 18 1
22103 38 1
22104 62 2
22105 96 2
22106 167 2
22107 240 2
22108 259 2
22109 259 4
22110 567 4
22111 572 6
22112 671 6
22113 689 6
22114 701 8
22115 702 9
22116 715 9
22117 726 10
22118 739 10
22119 747 11
22120 755 11
22121 756 11
22122 761 11
22123 758 12
22124 758 12
22125 758 12
22126 758 12
22127 734 12
22128 755 12
22129 762 12
22130 765 12
22131 766 12
22132 765 12
22133 0 1
22134 1 2
22135 3 2
22136 4 2
22137 5 2
22138 8 2
22139 10 2
22140 12 2
22141 17 1
22142 20 1
22143 24 2
22144 29 2
22145 34 2
22146 42 2
22147 50 2
22148 54 2
22149 62 1
22150 72 1
22151 84 1
22152 101 1
22153 121 2
22154 144 2
22155 164 2
22156 179 2
22157 198 2
22158 205 3
22159 210 3
22160 222 3
22161 238 3
22162 251 3
22163 260 3
22164 274 3
22165 288 3
22166 297 3
22167 308 3
22168 314 3
22169 325 3
22170 340 3
22171 343 3
22172 354 3
22173 356 3
22174 363 3
22175 363 4
22176 586 5
22177 597 5
22178 605 5
22179 611 5
22180 627 6
22181 631 6
22182 647 6
22183 656 6
22184 664 6
22185 668 6
22186 668 7
22187 674 7
22188 676 7
22189 677 8
22190 685 8
22191 692 8
22192 700 8
22193 704 9
22194 716 9
22195 722 10
22196 730 10
22197 736 10
22198 741 10
22199 741 10
22200 747 11
22201 743 11
22202 756 11
22203 753 11
22204 759 11
22205 757 12
22206 757 12
22207 728 12
22208 753 12
22209 760 12
22210 758 12
22211 753 12
22212 0 1
22213 1 2
22214 2 2
22215 3 2
22216 5 2
22217 7 1
22218 8 1
22219 10 1
22220 11 1
22221 12 1
22222 13 1
22223 14 1
22224 17 1
22225 19 1
22226 25 2
22227 35 1
22228 44 1
22229 53 1
22230 60 1
22231 70 2
22232 86 2
22233 101 2
22234 127 2
22235 165 2
22236 180 2
22237 181 3
22238 480 4
22239 490 5
22240 608 5
22241 699 5
22242 716 5
22243 719 6
22244 727 8
22245 746 8
22246 746 9
22247 747 10
22248 751 10
22249 755 10
22250 761 10
22251 767 10
22252 767 11
22253 769 11
22254 767 11
22255 769 12
22256 770 12
22257 767 12
22258 768 12
22259 770 12
22260 761 12
22261 765 12
22262 768 12
22263 768 12
22264 678 11
22265 0 0
22266 0 0
22267 0 1
22268 2 2
22269 3 0
22270 4 0
22271 7 0
22272 9 0
22273 12 0
22274 12 2
22275 13 1
22276 18 1
22277 21 1
22278 26 1
22279 30 1
22280 35 1
22281 38 1
22282 44 1
22283 50 1
22284 54 1
22285 59 1
22286 70 0
22287 79 0
22288 91 0
22289 105 0
22290 111 0
22291 131 0
22292 138 0
22293 138 2
22294 153 4
22295 223 4
22296 360 4
22297 390 4
22298 408 4
22299 436 5
22300 468 5
22301 537 5
22302 641 5
22303 669 5
22304 686 6
22305 689 7
22306 695 7
22307 697 7
22308 699 7
22309 704 7
22310 705 7
22311 710 7
22312 711 7
22313 716 8
22314 718 9
22315 733 10
22316 740 10
22317 741 11
22318 744 11
22319 745 11
22320 745 12
22321 743 12
22322 730 12
22323 744 12
22324 750 12
22325 751 12
22326 750 12
22327 752 12
22328 737 12
22329 0 1
22330 1 1
22331 4 1
22332 5 1
22333 9 1
22334 12 1
22335 19 1
22336 21 1
22337 28 1
22338 34 1
22339 40 1
22340 45 1
22341 50 1
22342 61 1
22343 71 1
22344 85 1
22345 100 1
22346 115 1
22347 129 1
22348 137 1
22349 138 3
22350 261 4
22351 447 4
22352 475 4
22353 492 5
22354 636 5
22355 684 6
22356 705 7
22357 708 8
22358 724 8
22359 739 9
22360 747 9
22361 747 10
22362 746 10
22363 749 10
22364 750 10
22365 751 11
22366 754 11
22367 756 11
22368 760 11
22369 762 11
22370 760 11
22371 754 11
22372 757 11
22373 760 11
22374 759 11
22375 760 11
22376 756 11
22377 0 1
22378 1 1
22379 2 1
22380 4 1
22381 5 1
22382 11 1
22383 17 1
22384 26 1
22385 52 1
22386 100 1
22387 155 1
22388 173 1
22389 175 3
22390 521 4
22391 567 5
22392 645 5
22393 666 6
22394 688 7
22395 707 7
22396 716 8
22397 755 8
22398 755 9
22399 757 9
22400 757 10
22401 761 10
22402 770 10
22403 769 11
22404 769 11
22405 771 11
22406 776 11
22407 774 11
22408 774 11
22409 776 11
22410 778 11
22411 775 11
22412 0 1
22413 1 1
22414 2 1
22415 3 1
22416 4 1
22417 6 1
22418 9 1
22419 10 1
22420 13 1
22421 16 1
22422 18 1
22423 22 0
22424 26 0
22425 27 1
22426 64 1
22427 120 1
22428 189 0
22429 198 1
22430 216 1
22431 219 2
22432 236 2
22433 258 2
22434 318 3
22435 375 4
22436 400 4
22437 449 4
22438 451 4
22439 451 5
22440 492 5
22441 578 5
22442 620 5
22443 626 5
22444 637 5
22445 645 5
22446 652 5
22447 658 5
22448 658 6
22449 666 7
22450 674 7
22451 680 7
22452 682 7
22453 686 8
22454 688 8
22455 689 9
22456 699 9
22457 703 9
22458 703 10
22459 707 10
22460 718 10
22461 724 10
22462 743 10
22463 741 10
22464 742 10
22465 741 10
22466 740 10
22467 743 11
22468 745 11
22469 750 11
22470 750 11
22471 751 11
22472 750 11
22473 738 11
22474 749 11
22475 753 11
22476 753 11
22477 752 11
22478 0 1
22479 5 1
22480 13 1
22481 18 1
22482 24 1
22483 32 0
22484 43 0
22485 53 0
22486 72 0
22487 87 1
22488 101 2
22489 127 2
22490 148 3
22491 185 3
22492 204 3
22493 220 3
22494 240 4
22495 260 4
22496 289 4
22497 317 4
22498 341 4
22499 356 4
22500 365 4
22501 382 4
22502 387 4
22503 394 4
22504 407 4
22505 414 4
22506 414 5
22507 610 6
22508 669 6
22509 675 7
22510 696 8
22511 719 8
22512 719 9
22513 728 9
22514 727 9
22515 729 9
22516 733 9
22517 736 10
22518 739 10
22519 743 10
22520 747 10
22521 747 11
22522 744 11
22523 756 11
22524 756 11
22525 756 11
22526 757 11
22527 757 11
22528 761 11
22529 1 0
22530 2 0
22531 2 1
22532 3 1
22533 4 1
22534 5 1
22535 6 1
22536 7 1
22537 8 1
22538 9 1
22539 11 1
22540 14 1
22541 16 1
22542 18 1
22543 20 2
22544 21 1
22545 24 1
22546 28 1
22547 30 1
22548 33 1
22549 38 0
22550 43 0
22551 43 1
22552 47 1
22553 55 1
22554 62 1
22555 77 1
22556 83 1
22557 87 1
22558 88 3
22559 248 4
22560 463 5
22561 566 5
22562 587 6
22563 615 6
22564 650 6
22565 664 6
22566 700 6
22567 700 8
22568 728 8
22569 728 9
22570 730 9
22571 730 10
22572 735 11
22573 748 11
22574 749 12
22575 759 12
22576 763 12
22577 765 12
22578 763 12
22579 760 12
22580 765 12
22581 766 12
22582 0 0
22583 0 0
22584 0 1
22585 1 1
22586 2 1
22587 3 1
22588 13 1
22589 27 1
22590 95 1
22591 178 2
22592 216 2
22593 235 4
22594 280 4
22595 335 4
22596 361 4
22597 394 4
22598 418 4
22599 439 4
22600 456 4
22601 456 5
22602 675 5
22603 690 6
22604 698 8
22605 703 9
22606 721 10
22607 735 10
22608 735 11
22609 742 11
22610 741 11
22611 748 11
22612 753 11
22613 753 12
22614 762 12
22615 749 12
22616 762 12
22617 763 12
22618 763 12
22619 762 12
22620 762 12
22621 759 12
22622 762 12
22623 763 12
22624 766 12
22625 766 12
22626 765 12
22627 0 1
22628 1 1
22629 4 1
22630 5 1
22631 7 1
22632 14 1
22633 16 1
22634 19 0
22635 24 0
22636 30 0
22637 38 0
22638 43 0
22639 51 0
22640 54 0
22641 65 0
22642 83 0
22643 89 1
22644 97 2
22645 111 2
22646 131 2
22647 141 3
22648 156 4
22649 167 4
22650 181 4
22651 190 4
22652 200 4
22653 211 4
22654 232 4
22655 240 4
22656 250 4
22657 266 4
22658 278 4
22659 293 4
22660 304 4
22661 328 4
22662 340 4
22663 359 4
22664 375 4
22665 386 4
22666 395 4
22667 403 4
22668 408 4
22669 423 4
22670 438 4
22671 439 4
22672 441 5
22673 504 6
22674 584 6
22675 592 6
22676 610 6
22677 613 6
22678 618 6
22679 618 6
22680 620 6
22681 624 6
22682 639 7
22683 659 8
22684 676 9
22685 681 9
22686 685 9
22687 689 10
22688 713 10
22689 717 11
22690 737 11
22691 741 11
22692 742 12
22693 740 12
22694 745 12
22695 700 12
22696 0 1
22697 1 2
22698 2 0
22699 3 0
22700 4 0
22701 5 0
22702 7 0
22703 12 0
22704 13 2
22705 17 2
22706 28 0
22707 39 0
22708 46 0
22709 54 0
22710 80 0
22711 94 1
22712 95 2
22713 127 3
22714 166 4
22715 192 4
22716 209 4
22717 230 4
22718 251 4
22719 273 4
22720 303 4
22721 324 4
22722 352 4
22723 370 4
22724 386 4
22725 402 4
22726 416 4
22727 434 4
22728 447 4
22729 457 4
22730 474 4
22731 490 4
22732 490 5
22733 537 6
22734 663 6
22735 666 7
22736 675 7
22737 697 8
22738 699 9
22739 705 9
22740 712 9
22741 713 10
22742 717 10
22743 722 10
22744 727 10
22745 729 10
22746 730 10
22747 736 10
22748 740 10
22749 740 11
22750 748 11
22751 747 12
22752 755 12
22753 757 12
22754 759 12
22755 758 12
22756 758 12
22757 749 12
22758 755 12
22759 758 12
22760 758 12
22761 761 12
22762 760 12
22763 760 12
22764 760 12
22765 759 12
22766 760 12
22767 747 12
22768 0 0
22769 1 0
22770 2 0
22771 3 0
22772 4 0
22773 5 0
22774 6 0
22775 7 0
22776 8 0
22777 9 0
22778 10 0
22779 11 0
22780 12 0
22781 13 0
22782 16 0
22783 17 0
22784 20 0
22785 22 0
22786 24 0
22787 26 0
22788 32 0
22789 35 0
22790 36 0
22791 37 0
22792 39 0
22793 43 0
22794 47 0
22795 54 0
22796 61 0
22797 69 0
22798 71 2
22799 92 4
22800 210 4
22801 463 4
22802 625 5
22803 665 6
22804 678 6
22805 689 6
22806 698 7
22807 720 8
22808 720 9
22809 720 10
22810 726 10
22811 732 10
22812 732 10
22813 737 10
22814 737 10
22815 738 10
22816 739 10
22817 741 10
22818 741 10
22819 743 10
22820 747 11
22821 752 11
22822 760 11
22823 760 12
22824 766 12
22825 761 12
22826 762 12
22827 759 12
22828 758 12
22829 761 12
22830 761 12
22831 761 12
22832 765 12
22833 766 12
22834 765 12
22835 765 12
22836 763 12
22837 763 12
22838 0 1
22839 0 2
22840 1 1
22841 2 0
22842 3 0
22843 6 0
22844 12 0
22845 17 0
22846 19 1
22847 28 0
22848 47 0
22849 60 0
22850 72 0
22851 100 0
22852 140 0
22853 177 0
22854 181 1
22855 190 2
22856 219 2
22857 235 2
22858 262 2
22859 276 2
22860 295 4
22861 309 4
22862 319 4
22863 334 4
22864 351 4
22865 366 4
22866 375 4
22867 387 4
22868 399 4
22869 408 4
22870 427 4
22871 458 4
22872 485 4
22873 503 4
22874 520 4
22875 529 4
22876 532 5
22877 552 6
22878 599 6
22879 621 5
22880 621 6
22881 640 6
22882 641 7
22883 645 8
22884 650 8
22885 650 9
22886 664 10
22887 670 10
22888 678 10
22889 682 10
22890 684 10
22891 687 10
22892 689 10
22893 697 10
22894 703 10
22895 706 10
22896 712 10
22897 712 11
22898 716 11
22899 718 11
22900 720 11
22901 728 11
22902 739 11
22903 740 12
22904 750 12
22905 749 12
22906 749 12
22907 752 12
22908 754 12
22909 755 12
22910 755 12
22911 757 12
22912 757 12
22913 756 12
22914 585 11
22915 18 2
22916 58 0
22917 167 0
22918 184 1
22919 203 2
22920 245 4
22921 340 4
22922 409 4
22923 436 4
22924 475 3
22925 529 3
22926 601 3
22927 642 3
22928 642 4
22929 671 5
22930 689 6
22931 698 6
22932 700 6
22933 705 6
22934 706 7
22935 707 8
22936 707 9
22937 708 10
22938 713 10
22939 717 10
22940 717 10
22941 721 10
22942 723 10
22943 728 10
22944 728 10
22945 731 10
22946 732 10
22947 733 11
22948 743 11
22949 750 11
22950 750 11
22951 750 12
22952 750 13
22953 754 13
22954 662 11
22955 1 0
22956 2 0
22957 3 0
22958 4 0
22959 5 0
22960 6 0
22961 7 0
22962 8 0
22963 9 0
22964 11 0
22965 13 0
22966 14 0
22967 15 0
22968 16 0
22969 17 0
22970 18 0
22971 20 0
22972 21 0
22973 22 0
22974 23 0
22975 25 0
22976 28 0
22977 29 0
22978 30 0
22979 32 0
22980 34 0
22981 36 0
22982 39 0
22983 40 0
22984 43 0
22985 44 0
22986 46 0
22987 47 0
22988 48 0
22989 49 0
22990 52 0
22991 53 0
22992 57 0
22993 62 0
22994 64 0
22995 66 0
22996 67 2
22997 74 4
22998 224 4
22999 421 4
23000 445 4
23001 529 4
23002 598 4
23003 619 4
23004 620 5
23005 702 5
23006 716 5
23007 717 6
23008 717 6
23009 717 7
23010 724 9
23011 739 9
23012 739 10
23013 744 10
23014 750 10
23015 757 10
23016 757 11
23017 763 11
23018 765 11
23019 766 12
23020 766 13
23021 765 13
23022 781 12
23023 781 13
23024 777 13
23025 773 13
23026 0 1
23027 1 0
23028 2 0
23029 3 0
23030 4 0
23031 5 0
23032 6 0
23033 8 0
23034 9 0
23035 11 0
23036 12 0
23037 13 0
23038 14 0
23039 15 0
23040 16 0
23041 17 0
23042 18 0
23043 20 0
23044 26 0
23045 30 0
23046 34 0
23047 35 0
23048 36 0
23049 41 0
23050 45 0
23051 53 0
23052 58 0
23053 63 0
23054 73 0
23055 84 0
23056 97 0
23057 108 0
23058 123 0
23059 137 0
23060 152 0
23061 165 0
23062 178 1
23063 189 1
23064 191 2
23065 199 2
23066 205 2
23067 216 2
23068 220 2
23069 229 2
23070 242 2
23071 247 2
23072 253 2
23073 258 2
23074 264 2
23075 270 2
23076 278 2
23077 284 2
23078 292 2
23079 307 2
23080 309 2
23081 315 2
23082 321 2
23083 331 2
23084 339 2
23085 344 2
23086 348 2
23087 357 2
23088 362 3
23089 368 3
23090 371 3
23091 376 3
23092 385 3
23093 391 3
23094 402 3
23095 415 3
23096 429 3
23097 431 3
23098 433 3
23099 449 3
23100 458 3
23101 468 3
23102 472 3
23103 477 3
23104 489 3
23105 502 3
23106 517 4
23107 527 4
23108 536 4
23109 541 4
23110 556 4
23111 560 4
23112 561 4
23113 568 4
23114 569 5
23115 571 6
23116 605 6
23117 605 7
23118 609 7
23119 615 7
23120 624 7
23121 630 7
23122 634 7
23123 644 9
23124 659 9
23125 667 9
23126 687 9
23127 705 9
23128 715 9
23129 716 10
23130 724 11
23131 731 11
23132 732 12
23133 734 13
23134 746 13
23135 748 13
23136 659 13
23137 753 11
23138 756 11
23139 757 12
23140 760 12
23141 760 12
23142 758 12
23143 760 12
23144 727 11
23145 0 1
23146 0 2
23147 0 4
23148 1 4
23149 3 0
23150 6 0
23151 7 0
23152 10 0
23153 13 0
23154 15 0
23155 26 0
23156 33 0
23157 41 0
23158 47 0
23159 61 0
23160 69 0
23161 82 0
23162 110 0
23163 128 0
23164 161 0
23165 165 1
23166 192 2
23167 211 2
23168 232 4
23169 239 4
23170 255 4
23171 279 4
23172 295 4
23173 313 4
23174 333 4
23175 356 4
23176 377 4
23177 397 4
23178 404 4
23179 416 4
23180 435 4
23181 453 4
23182 474 4
23183 487 4
23184 509 4
23185 519 4
23186 553 4
23187 576 4
23188 603 4
23189 625 4
23190 643 4
23191 644 5
23192 656 5
23193 656 6
23194 659 6
23195 664 6
23196 667 6
23197 670 6
23198 671 7
23199 684 7
23200 700 7
23201 700 8
23202 709 9
23203 718 9
23204 733 9
23205 734 10
23206 737 10
23207 737 11
23208 746 11
23209 755 12
23210 758 12
23211 759 13
23212 755 13
23213 757 13
23214 757 13
23215 756 13
23216 756 13
23217 749 14
23218 756 13
23219 759 14
23220 740 12
23221 748 13
23222 757 12
23223 759 13
23224 758 13
23225 745 12
23226 0 0
23227 1 1
23228 2 1
23229 3 0
23230 4 0
23231 5 0
23232 7 0
23233 10 0
23234 12 0
23235 13 2
23236 16 1
23237 19 0
23238 21 0
23239 30 0
23240 34 0
23241 38 0
23242 45 0
23243 54 0
23244 57 0
23245 67 0
23246 79 0
23247 94 0
23248 110 0
23249 131 0
23250 145 1
23251 146 2
23252 160 2
23253 172 2
23254 180 2
23255 196 3
23256 203 3
23257 212 3
23258 222 3
23259 239 4
23260 250 4
23261 268 4
23262 281 4
23263 300 4
23264 310 4
23265 321 4
23266 327 4
23267 334 4
23268 343 4
23269 353 3
23270 358 3
23271 363 2
23272 383 2
23273 389 2
23274 396 2
23275 408 4
23276 427 4
23277 445 4
23278 459 4
23279 475 4
23280 485 4
23281 499 4
23282 518 4
23283 539 4
23284 553 4
23285 562 4
23286 579 4
23287 593 4
23288 612 4
23289 615 4
23290 618 5
23291 624 5
23292 624 6
23293 626 7
23294 641 8
23295 677 8
23296 684 8
23297 743 4
23298 745 5
23299 745 6
23300 745 8
23301 748 9
23302 754 10
23303 760 10
23304 762 10
23305 762 10
23306 762 11
23307 764 12
23308 766 13
23309 767 14
23310 771 14
23311 772 15
23312 773 15
23313 770 15
23314 770 14
23315 772 15
23316 0 1
23317 0 2
23318 4 4
23319 12 0
23320 19 0
23321 31 0
23322 42 0
23323 54 0
23324 90 0
23325 158 0
23326 189 1
23327 194 1
23328 197 3
23329 448 4
23330 515 4
23331 643 4
23332 653 5
23333 682 5
23334 686 6
23335 692 6
23336 696 6
23337 702 6
23338 703 7
23339 711 7
23340 713 7
23341 717 7
23342 721 7
23343 721 7
23344 726 8
23345 726 9
23346 728 9
23347 730 9
23348 732 9
23349 737 10
23350 742 10
23351 747 10
23352 748 11
23353 751 12
23354 755 12
23355 759 12
23356 763 13
23357 766 13
23358 765 14
23359 767 14
23360 766 14
23361 766 14
23362 769 14
23363 773 14
23364 774 14
23365 775 14
23366 774 14
23367 0 0
23368 1 0
23369 1 0
23370 2 0
23371 3 0
23372 4 0
23373 6 0
23374 8 0
23375 9 0
23376 10 0
23377 10 0
23378 10 1
23379 39 1
23380 114 1
23381 261 1
23382 291 1
23383 328 1
23384 369 1
23385 376 2
23386 414 2
23387 443 2
23388 483 2
23389 528 2
23390 582 2
23391 635 3
23392 650 4
23393 651 5
23394 656 6
23395 679 6
23396 680 7
23397 689 7
23398 689 8
23399 705 9
23400 706 9
23401 706 9
23402 711 10
23403 714 10
23404 716 10
23405 717 11
23406 721 11
23407 729 11
23408 735 11
23409 739 11
23410 743 11
23411 743 12
23412 755 12
23413 756 13
23414 765 13
23415 771 13
23416 769 14
23417 763 14
23418 770 14
23419 771 14
23420 771 14
23421 769 14
23422 769 14
23423 764 14
23424 765 14
23425 767 14
23426 749 14
23427 768 14
23428 769 14
23429 770 14
23430 767 14
23431 0 0
23432 0 2
23433 0 3
23434 1 3
23435 2 0
23436 5 0
23437 9 0
23438 9 1
23439 12 1
23440 15 1
23441 20 0
23442 28 0
23443 37 0
23444 44 0
23445 57 0
23446 65 0
23447 75 0
23448 83 0
23449 97 0
23450 119 0
23451 122 1
23452 130 2
23453 155 2
23454 176 2
23455 195 3
23456 216 4
23457 240 4
23458 252 4
23459 270 4
23460 289 4
23461 308 4
23462 325 4
23463 343 4
23464 355 4
23465 371 3
23466 380 3
23467 385 4
23468 392 4
23469 402 4
23470 412 4
23471 437 4
23472 459 4
23473 487 4
23474 501 4
23475 529 4
23476 545 4
23477 545 5
23478 653 6
23479 658 7
23480 685 8
23481 685 9
23482 714 9
23483 717 10
23484 723 10
23485 730 10
23486 735 11
23487 740 11
23488 741 12
23489 743 13
23490 749 13
23491 758 12
23492 760 13
23493 765 13
23494 766 13
23495 763 14
23496 770 14
23497 752 14
23498 769 13
23499 773 13
23500 775 13
23501 777 13
23502 774 13
23503 755 13
23504 1 0
23505 1 1
23506 2 1
23507 3 0
23508 4 0
23509 6 0
23510 7 0
23511 12 0
23512 18 0
23513 22 0
23514 29 0
23515 41 0
23516 49 0
23517 88 0
23518 107 0
23519 147 0
23520 185 0
23521 185 1
23522 206 1
23523 206 2
23524 280 4
23525 365 4
23526 437 4
23527 463 4
23528 510 4
23529 550 5
23530 634 5
23531 678 6
23532 696 6
23533 696 7
23534 713 7
23535 717 7
23536 720 7
23537 721 8
23538 719 9
23539 721 10
23540 721 10
23541 723 10
23542 724 10
23543 725 10
23544 725 10
23545 727 10
23546 729 10
23547 729 10
23548 729 10
23549 731 10
23550 735 10
23551 737 10
23552 738 10
23553 742 10
23554 746 10
23555 746 11
23556 752 12
23557 753 12
23558 762 12
23559 762 13
23560 772 13
23561 776 13
23562 768 13
23563 770 13
23564 765 13
23565 771 13
23566 772 13
23567 772 13
23568 772 13
23569 771 13
23570 753 13
23571 0 0
23572 0 1
23573 0 2
23574 1 2
23575 2 2
23576 3 1
23577 5 1
23578 7 1
23579 11 1
23580 12 0
23581 14 0
23582 16 0
23583 19 0
23584 20 0
23585 25 0
23586 31 0
23587 40 0
23588 44 0
23589 58 0
23590 67 0
23591 77 0
23592 88 0
23593 108 0
23594 113 0
23595 125 1
23596 151 1
23597 165 1
23598 176 1
23599 177 3
23600 450 3
23601 500 3
23602 524 4
23603 613 5
23604 644 6
23605 667 6
23606 679 6
23607 680 6
23608 680 6
23609 682 6
23610 684 7
23611 686 8
23612 689 8
23613 689 8
23614 690 8
23615 691 8
23616 693 8
23617 696 8
23618 700 8
23619 710 8
23620 710 9
23621 721 10
23622 731 10
23623 736 10
23624 736 11
23625 748 11
23626 752 11
23627 759 12
23628 765 13
23629 773 13
23630 770 13
23631 776 13
23632 778 13
23633 773 13
23634 775 12
23635 775 13
23636 779 13
23637 777 13
23638 781 13
23639 767 13
23640 0 1
23641 0 3
23642 1 3
23643 2 2
23644 4 0
23645 5 0
23646 6 0
23647 7 0
23648 10 0
23649 12 0
23650 16 0
23651 19 0
23652 23 0
23653 29 0
23654 33 0
23655 38 0
23656 45 0
23657 52 0
23658 64 0
23659 78 0
23660 97 0
23661 111 0
23662 124 0
23663 148 0
23664 169 0
23665 187 0
23666 196 0
23667 205 0
23668 216 0
23669 232 0
23670 244 0
23671 245 1
23672 251 2
23673 303 3
23674 330 3
23675 399 3
23676 437 3
23677 446 4
23678 575 5
23679 665 5
23680 672 6
23681 678 6
23682 689 7
23683 689 8
23684 695 9
23685 709 9
23686 717 9
23687 721 9
23688 721 10
23689 723 10
23690 728 10
23691 731 10
23692 742 11
23693 748 11
23694 749 12
23695 754 12
23696 759 12
23697 760 13
23698 767 13
23699 667 13
23700 777 13
23701 779 13
23702 778 13
23703 780 13
23704 778 13
23705 777 13
23706 777 13
23707 777 13
23708 777 13
23709 777 13
23710 777 13
23711 776 13
23712 776 13
23713 775 13
23714 775 13
23715 772 13
23716 770 13
23717 771 13
23718 768 13
23719 769 13
23720 0 0
23721 0 0
23722 0 1
23723 0 2
23724 1 2
23725 2 1
23726 4 1
23727 6 1
23728 9 1
23729 14 1
23730 15 1
23731 16 0
23732 18 0
23733 26 0
23734 27 0
23735 30 0
23736 34 0
23737 36 0
23738 44 0
23739 53 0
23740 61 0
23741 72 0
23742 76 0
23743 85 0
23744 96 0
23745 108 0
23746 114 1
23747 140 1
23748 161 1
23749 163 1
23750 167 3
23751 471 3
23752 499 4
23753 556 5
23754 676 6
23755 716 6
23756 721 7
23757 729 8
23758 733 9
23759 733 10
23760 734 10
23761 739 10
23762 745 11
23763 752 11
23764 755 11
23765 757 11
23766 758 11
23767 758 11
23768 760 12
23769 762 12
23770 764 13
23771 770 13
23772 770 13
23773 772 13
23774 775 13
23775 774 13
23776 775 13
23777 774 13
23778 741 13
23779 0 0
23780 0 1
23781 1 1
23782 2 1
23783 4 1
23784 6 1
23785 8 1
23786 9 1
23787 11 1
23788 13 1
23789 14 1
23790 16 1
23791 18 1
23792 20 0
23793 22 1
23794 24 1
23795 27 1
23796 30 0
23797 31 1
23798 213 1
23799 348 1
23800 413 1
23801 477 3
23802 570 1
23803 605 2
23804 614 3
23805 630 5
23806 675 5
23807 677 5
23808 681 5
23809 685 5
23810 691 6
23811 703 7
23812 708 8
23813 714 8
23814 717 9
23815 723 9
23816 723 10
23817 731 10
23818 740 10
23819 740 11
23820 742 12
23821 745 12
23822 747 13
23823 748 13
23824 761 13
23825 766 13
23826 768 13
23827 710 13
23828 763 12
23829 766 12
23830 766 12
23831 768 12
23832 768 12
23833 768 12
23834 768 12
23835 769 12
23836 771 12
23837 771 12
23838 769 12
23839 769 11
23840 0 1
23841 0 2
23842 1 3
23843 4 1
23844 53 1
23845 112 0
23846 134 2
23847 136 4
23848 158 4
23849 174 4
23850 203 4
23851 239 4
23852 334 4
23853 393 2
23854 412 3
23855 465 5
23856 531 5
23857 587 6
23858 655 6
23859 678 6
23860 686 6
23861 686 7
23862 695 8
23863 698 9
23864 707 9
23865 718 9
23866 741 9
23867 746 10
23868 752 12
23869 753 12
23870 756 12
23871 759 12
23872 763 12
23873 753 12
23874 760 11
23875 759 11
23876 753 11
23877 1 0
23878 1 1
23879 177 1
23880 180 3
23881 301 3
23882 501 5
23883 605 5
23884 729 6
23885 744 6
23886 749 6
23887 749 7
23888 753 8
23889 755 8
23890 756 8
23891 756 9
23892 759 9
23893 759 9
23894 761 9
23895 762 9
23896 764 9
23897 764 9
23898 766 9
23899 771 9
23900 773 9
23901 773 10
23902 777 11
23903 776 11
23904 777 11
23905 779 11
23906 779 11
23907 779 11
23908 780 11
23909 716 11
23910 0 0
23911 0 1
23912 0 2
23913 1 2
23914 3 1
23915 4 1
23916 5 1
23917 6 1
23918 8 1
23919 10 1
23920 10 1
23921 11 1
23922 13 1
23923 15 1
23924 17 1
23925 18 1
23926 21 1
23927 22 0
23928 24 0
23929 28 0
23930 30 0
23931 33 0
23932 39 0
23933 41 0
23934 44 1
23935 49 1
23936 55 1
23937 56 1
23938 58 1
23939 62 1
23940 65 1
23941 72 1
23942 79 1
23943 97 1
23944 106 1
23945 118 1
23946 135 1
23947 147 1
23948 156 2
23949 165 2
23950 181 2
23951 188 2
23952 211 2
23953 223 2
23954 233 2
23955 240 3
23956 252 2
23957 263 2
23958 270 2
23959 281 2
23960 295 2
23961 300 2
23962 310 2
23963 319 2
23964 320 3
23965 330 3
23966 334 3
23967 343 3
23968 355 3
23969 366 3
23970 373 3
23971 394 3
23972 405 3
23973 408 4
23974 420 4
23975 440 4
23976 441 4
23977 455 4
23978 465 4
23979 474 4
23980 474 5
23981 491 5
23982 502 5
23983 507 5
23984 522 5
23985 532 5
23986 547 5
23987 553 6
23988 564 6
23989 581 6
23990 595 6
23991 601 6
23992 608 6
23993 608 7
23994 634 8
23995 659 8
23996 663 9
23997 677 9
23998 690 9
23999 690 10
24000 704 10
24001 715 10
24002 726 10
24003 729 10
24004 745 10
24005 747 10
24006 749 11
24007 743 12
24008 747 12
24009 720 12
24010 745 11
24011 745 12
24012 754 12
24013 754 12
24014 756 12
24015 756 12
24016 755 12
24017 621 12
24018 0 0
24019 0 1
24020 0 3
24021 1 2
24022 2 2
24023 3 2
24024 5 2
24025 6 2
24026 8 2
24027 10 2
24028 12 2
24029 15 2
24030 18 2
24031 25 1
24032 28 1
24033 32 1
24034 33 1
24035 41 1
24036 46 1
24037 50 1
24038 59 1
24039 70 1
24040 78 1
24041 88 1
24042 102 1
24043 122 1
24044 137 1
24045 147 1
24046 158 1
24047 170 1
24048 187 1
24049 200 1
24050 213 1
24051 225 1
24052 240 1
24053 244 2
24054 248 2
24055 261 2
24056 271 2
24057 275 2
24058 283 2
24059 288 3
24060 303 3
24061 312 3
24062 323 3
24063 331 4
24064 339 4
24065 344 5
24066 352 5
24067 363 5
24068 372 5
24069 373 5
24070 379 5
24071 381 5
24072 392 5
24073 397 5
24074 401 4
24075 403 4
24076 408 4
24077 409 4
24078 415 4
24079 427 4
24080 436 4
24081 439 4
24082 445 5
24083 451 5
24084 458 5
24085 459 5
24086 471 5
24087 481 5
24088 491 5
24089 502 5
24090 513 5
24091 526 5
24092 528 5
24093 544 5
24094 550 5
24095 558 5
24096 565 5
24097 570 5
24098 581 5
24099 588 5
24100 602 5
24101 608 6
24102 614 6
24103 621 6
24104 624 6
24105 628 6
24106 637 6
24107 643 6
24108 649 6
24109 661 6
24110 671 6
24111 673 7
24112 681 7
24113 681 8
24114 685 8
24115 689 8
24116 694 8
24117 694 8
24118 694 9
24119 705 10
24120 720 10
24121 730 10
24122 733 10
24123 739 10
24124 741 10
24125 743 11
24126 746 10
24127 746 11
24128 745 11
24129 749 11
24130 748 12
24131 748 12
24132 713 12
24133 750 12
24134 753 12
24135 753 12
24136 754 12
24137 754 12
24138 755 12
24139 755 12
24140 755 12
24141 753 12
24142 753 12
24143 747 12
24144 752 12
24145 752 12
24146 753 13
24147 753 13
24148 753 13
24149 755 13
24150 760 13
24151 760 14
24152 758 14
24153 760 14
24154 1 0
24155 1 1
24156 2 2
24157 2 3
24158 3 3
24159 4 3
24160 5 3
24161 6 2
24162 7 2
24163 8 2
24164 9 2
24165 10 2
24166 12 2
24167 15 2
24168 18 2
24169 19 1
24170 21 1
24171 27 2
24172 32 0
24173 37 0
24174 41 0
24175 51 0
24176 57 0
24177 57 1
24178 65 1
24179 77 1
24180 91 1
24181 101 1
24182 118 1
24183 130 1
24184 142 1
24185 169 1
24186 176 1
24187 184 0
24188 185 2
24189 186 6
24190 374 6
24191 475 6
24192 615 6
24193 680 6
24194 697 7
24195 705 7
24196 705 8
24197 705 9
24198 713 9
24199 718 9
24200 726 9
24201 734 9
24202 746 9
24203 750 9
24204 755 10
24205 762 10
24206 762 11
24207 774 11
24208 773 12
24209 771 13
24210 763 13
24211 770 13
24212 772 13
24213 772 13
24214 773 13
24215 768 13
24216 0 1
24217 0 2
24218 1 2
24219 7 1
24220 14 1
24221 19 1
24222 35 1
24223 44 2
24224 64 2
24225 81 3
24226 129 3
24227 150 2
24228 213 2
24229 213 3
24230 266 3
24231 310 2
24232 346 3
24233 365 3
24234 384 3
24235 409 4
24236 426 4
24237 456 4
24238 483 5
24239 537 5
24240 568 6
24241 603 6
24242 618 6
24243 629 6
24244 643 6
24245 654 6
24246 672 7
24247 680 7
24248 680 8
24249 684 8
24250 684 8
24251 688 8
24252 690 8
24253 693 8
24254 699 8
24255 701 9
24256 709 9
24257 712 9
24258 717 9
24259 722 9
24260 727 9
24261 733 9
24262 733 10
24263 740 10
24264 748 10
24265 749 10
24266 749 11
24267 750 11
24268 751 12
24269 754 13
24270 680 13
24271 760 12
24272 767 13
24273 769 13
24274 768 13
24275 764 13
24276 768 13
24277 743 13
24278 0 1
24279 1 1
24280 2 1
24281 3 1
24282 4 1
24283 5 1
24284 7 1
24285 9 1
24286 10 1
24287 11 1
24288 13 1
24289 16 1
24290 19 1
24291 21 1
24292 24 1
24293 28 1
24294 30 1
24295 36 1
24296 38 1
24297 44 1
24298 47 0
24299 52 0
24300 55 0
24301 61 0
24302 64 0
24303 66 0
24304 71 0
24305 71 2
24306 281 2
24307 309 4
24308 319 5
24309 425 5
24310 470 6
24311 585 6
24312 671 6
24313 709 6
24314 717 6
24315 729 7
24316 730 8
24317 749 8
24318 758 9
24319 758 9
24320 760 9
24321 760 9
24322 761 9
24323 763 9
24324 765 9
24325 765 9
24326 768 9
24327 770 9
24328 773 9
24329 773 10
24330 775 11
24331 773 13
24332 777 13
24333 766 13
24334 773 13
24335 779 13
24336 773 13
24337 775 13
24338 776 13
24339 775 13
24340 776 13
24341 772 13
24342 776 12
24343 776 13
24344 777 13
24345 777 13
24346 777 13
24347 777 13
24348 775 13
24349 777 12
24350 757 13
24351 776 12
24352 780 12
24353 0 0
24354 0 2
24355 0 3
24356 1 3
24357 2 2
24358 3 2
24359 4 2
24360 5 1
24361 6 1
24362 8 1
24363 13 1
24364 17 1
24365 31 1
24366 50 1
24367 51 1
24368 51 2
24369 88 2
24370 106 2
24371 142 3
24372 171 3
24373 189 4
24374 206 6
24375 225 6
24376 251 6
24377 280 6
24378 298 6
24379 334 6
24380 370 6
24381 383 5
24382 405 4
24383 438 4
24384 468 4
24385 501 4
24386 545 6
24387 583 6
24388 599 6
24389 624 6
24390 658 6
24391 661 6
24392 663 6
24393 664 7
24394 674 7
24395 674 8
24396 685 8
24397 692 9
24398 698 9
24399 704 9
24400 708 9
24401 709 9
24402 711 9
24403 714 9
24404 715 9
24405 716 9
24406 721 9
24407 731 9
24408 731 10
24409 736 10
24410 737 11
24411 740 12
24412 750 13
24413 757 13
24414 756 13
24415 755 14
24416 757 14
24417 757 14
24418 759 13
24419 758 13
24420 761 13
24421 755 13
24422 758 13
24423 756 13
24424 756 14
24425 755 14
24426 757 14
24427 756 15
24428 753 14
24429 760 14
24430 757 14
24431 755 14
24432 747 14
24433 756 14
24434 756 14
24435 756 14
24436 756 14
24437 755 14
24438 759 14
24439 746 14
24440 0 0
24441 0 1
24442 1 1
24443 2 1
24444 2 2
24445 3 2
24446 4 1
24447 5 1
24448 6 1
24449 7 1
24450 11 1
24451 13 1
24452 14 1
24453 17 1
24454 18 1
24455 19 1
24456 23 1
24457 26 1
24458 31 1
24459 45 1
24460 48 1
24461 49 2
24462 56 1
24463 67 2
24464 79 2
24465 86 2
24466 98 2
24467 110 2
24468 111 3
24469 135 3
24470 150 3
24471 162 2
24472 178 2
24473 179 4
24474 189 6
24475 421 6
24476 518 6
24477 684 6
24478 712 6
24479 725 6
24480 730 6
24481 730 7
24482 734 8
24483 738 9
24484 741 10
24485 747 10
24486 747 10
24487 747 11
24488 749 11
24489 752 11
24490 757 11
24491 757 12
24492 760 12
24493 759 12
24494 763 12
24495 764 14
24496 743 14
24497 770 14
24498 774 14
24499 776 14
24500 776 14
24501 756 14
24502 0 0
24503 0 1
24504 1 1
24505 2 1
24506 2 1
24507 8 1
24508 34 1
24509 127 1
24510 209 2
24511 344 3
24512 382 2
24513 426 2
24514 465 2
24515 546 2
24516 581 3
24517 649 4
24518 676 4
24519 678 4
24520 680 5
24521 686 5
24522 689 5
24523 699 5
24524 703 5
24525 705 6
24526 709 6
24527 710 7
24528 714 9
24529 729 9
24530 733 9
24531 733 10
24532 736 10
24533 743 10
24534 743 11
24535 746 11
24536 750 11
24537 750 12
24538 756 12
24539 755 13
24540 729 13
24541 752 13
24542 756 14
24543 750 14
24544 753 14
24545 753 14
24546 754 14
24547 754 14
24548 755 14
24549 755 14
24550 756 14
24551 758 14
24552 755 14
24553 0 0
24554 0 1
24555 0 2
24556 1 1
24557 2 1
24558 4 1
24559 6 1
24560 7 1
24561 9 1
24562 13 1
24563 14 1
24564 16 0
24565 17 0
24566 18 1
24567 22 1
24568 24 1
24569 25 2
24570 30 3
24571 32 3
24572 32 3
24573 34 2
24574 35 1
24575 37 1
24576 42 1
24577 45 2
24578 48 2
24579 53 3
24580 63 3
24581 70 3
24582 82 3
24583 90 3
24584 99 3
24585 113 3
24586 127 3
24587 140 3
24588 155 3
24589 164 2
24590 191 2
24591 203 2
24592 209 2
24593 212 3
24594 226 3
24595 237 3
24596 237 5
24597 357 6
24598 439 6
24599 590 6
24600 657 6
24601 681 6
24602 691 6
24603 697 6
24604 700 6
24605 707 6
24606 711 7
24607 713 8
24608 719 8
24609 719 9
24610 728 10
24611 731 11
24612 737 11
24613 743 11
24614 743 12
24615 752 13
24616 755 14
24617 755 14
24618 757 14
24619 695 14
24620 752 14
24621 760 14
24622 763 14
24623 763 14
24624 765 14
24625 766 14
24626 767 14
24627 766 14
24628 766 14
24629 766 14
24630 766 14
24631 769 14
24632 767 14
24633 0 0
24634 0 1
24635 0 2
24636 0 3
24637 6 4
24638 22 1
24639 22 1
24640 37 1
24641 45 3
24642 97 1
24643 97 2
24644 165 2
24645 197 2
24646 230 2
24647 247 1
24648 254 2
24649 264 2
24650 264 4
24651 313 4
24652 406 5
24653 435 5
24654 520 5
24655 597 5
24656 597 6
24657 640 6
24658 647 7
24659 655 8
24660 695 8
24661 705 9
24662 721 9
24663 721 10
24664 724 11
24665 734 11
24666 741 11
24667 743 11
24668 743 12
24669 748 12
24670 749 12
24671 749 13
24672 753 13
24673 756 14
24674 757 14
24675 759 14
24676 765 14
24677 757 14
24678 760 14
24679 761 14
24680 761 14
24681 762 14
24682 760 14
24683 751 14
24684 758 14
24685 757 14
24686 757 14
24687 749 14
24688 0 1
24689 0 2
24690 0 3
24691 1 3
24692 13 1
24693 14 1
24694 27 1
24695 37 2
24696 79 2
24697 133 2
24698 261 2
24699 282 3
24700 295 4
24701 336 5
24702 389 5
24703 425 5
24704 452 4
24705 478 5
24706 508 5
24707 565 5
24708 597 6
24709 627 6
24710 639 6
24711 653 6
24712 658 6
24713 667 6
24714 668 6
24715 680 6
24716 684 6
24717 689 7
24718 689 7
24719 690 7
24720 693 7
24721 692 7
24722 693 7
24723 696 7
24724 700 7
24725 700 7
24726 703 7
24727 704 8
24728 706 8
24729 707 9
24730 708 10
24731 710 10
24732 710 10
24733 712 10
24734 712 11
24735 724 11
24736 728 11
24737 735 11
24738 740 11
24739 740 12
24740 747 12
24741 748 13
24742 748 13
24743 749 13
24744 750 13
24745 750 14
24746 725 14
24747 754 14
24748 757 14
24749 758 14
24750 761 13
24751 760 14
24752 760 14
24753 760 14
24754 755 14
24755 756 14
24756 755 14
24757 759 14
24758 0 0
24759 0 1
24760 1 1
24761 2 1
24762 3 1
24763 5 1
24764 6 1
24765 7 1
24766 8 1
24767 9 1
24768 10 1
24769 11 0
24770 12 0
24771 12 0
24772 12 2
24773 30 1
24774 49 2
24775 109 2
24776 223 2
24777 266 2
24778 277 4
24779 304 3
24780 311 4
24781 353 5
24782 410 5
24783 435 4
24784 465 4
24785 506 4
24786 564 5
24787 629 5
24788 652 5
24789 666 5
24790 692 7
24791 696 7
24792 697 8
24793 704 8
24794 704 9
24795 707 9
24796 707 10
24797 714 10
24798 726 10
24799 726 7
24800 726 9
24801 726 11
24802 729 11
24803 736 11
24804 741 12
24805 742 12
24806 743 12
24807 743 13
24808 750 13
24809 748 14
24810 748 14
24811 748 15
24812 727 14
24813 750 14
24814 751 14
24815 752 14
24816 751 14
24817 752 14
24818 753 14
24819 754 14
24820 753 14
24821 752 14
24822 752 15
24823 755 15
24824 760 15
24825 762 15
24826 763 15
24827 762 15
24828 758 15
24829 758 15
24830 758 15
24831 756 15
24832 757 15
24833 757 15
24834 0 1
24835 0 1
24836 0 2
24837 0 3
24838 1 3
24839 3 2
24840 4 1
24841 7 1
24842 8 1
24843 13 1
24844 14 0
24845 16 0
24846 18 0
24847 20 1
24848 22 2
24849 24 2
24850 27 2
24851 32 2
24852 37 2
24853 40 1
24854 41 1
24855 44 1
24856 51 1
24857 54 1
24858 65 1
24859 76 1
24860 84 1
24861 89 1
24862 95 1
24863 106 1
24864 112 1
24865 115 2
24866 125 2
24867 135 2
24868 147 2
24869 154 1
24870 164 1
24871 172 1
24872 176 1
24873 183 1
24874 184 1
24875 186 3
24876 187 5
24877 259 5
24878 373 7
24879 442 6
24880 590 7
24881 643 7
24882 675 7
24883 703 7
24884 706 8
24885 713 8
24886 717 9
24887 718 9
24888 718 9
24889 720 9
24890 724 9
24891 729 9
24892 731 9
24893 731 10
24894 734 10
24895 736 10
24896 739 10
24897 739 11
24898 741 12
24899 742 13
24900 745 13
24901 748 13
24902 762 13
24903 760 13
24904 761 13
24905 763 13
24906 751 13
24907 766 13
24908 767 13
24909 767 13
24910 764 13
24911 765 13
24912 758 13
24913 762 13
24914 753 13
24915 1 0
24916 1 1
24917 2 2
24918 3 2
24919 4 2
24920 5 2
24921 6 2
24922 8 2
24923 9 2
24924 12 2
24925 15 2
24926 17 2
24927 19 2
24928 20 0
24929 20 2
24930 37 2
24931 52 3
24932 89 1
24933 161 2
24934 241 3
24935 270 2
24936 282 3
24937 288 3
24938 290 4
24939 325 3
24940 372 4
24941 408 3
24942 425 4
24943 452 4
24944 452 5
24945 475 5
24946 516 5
24947 571 5
24948 602 7
24949 635 7
24950 647 7
24951 652 7
24952 658 7
24953 662 7
24954 676 7
24955 677 7
24956 680 7
24957 685 7
24958 685 8
24959 685 8
24960 691 8
24961 695 9
24962 699 9
24963 701 9
24964 707 9
24965 712 9
24966 719 9
24967 721 9
24968 723 9
24969 726 9
24970 727 9
24971 727 10
24972 731 11
24973 733 12
24974 735 12
24975 735 13
24976 740 13
24977 747 13
24978 755 13
24979 756 13
24980 756 13
24981 756 13
24982 757 13
24983 754 13
24984 754 13
24985 754 13
24986 753 13
24987 752 13
24988 754 13
24989 732 13
24990 750 12
24991 755 13
24992 754 13
24993 755 13
24994 755 13
24995 755 13
24996 755 13
24997 755 13
24998 757 13
24999 1 2
25000 1 3
25001 3 6
25002 6 6
25003 11 4
25004 14 4
25005 16 3
25006 33 2
25007 39 2
25008 39 4
25009 81 2
25010 160 2
25011 171 3
25012 245 3
25013 270 2
25014 275 3
25015 335 4
25016 395 4
25017 433 2
25018 434 4
25019 468 5
25020 503 5
25021 571 5
25022 627 5
25023 650 6
25024 679 7
25025 687 7
25026 695 7
25027 695 8
25028 703 8
25029 704 9
25030 718 9
25031 731 9
25032 734 9
25033 734 10
25034 734 11
25035 739 12
25036 741 12
25037 747 12
25038 753 12
25039 755 12
25040 756 13
25041 757 13
25042 774 13
25043 773 13
25044 769 13
25045 764 13
25046 740 13
25047 0 0
25048 0 1
25049 0 2
25050 1 2
25051 2 2
25052 3 3
25053 4 1
25054 5 1
25055 6 1
25056 7 1
25057 8 1
25058 11 1
25059 13 1
25060 13 2
25061 23 2
25062 27 2
25063 32 1
25064 43 1
25065 62 1
25066 89 1
25067 130 2
25068 131 1
25069 178 1
25070 207 1
25071 207 3
25072 245 6
25073 295 6
25074 407 6
25075 439 2
25076 527 0
25077 528 4
25078 528 5
25079 530 7
25080 580 7
25081 609 7
25082 690 7
25083 709 7
25084 724 7
25085 738 7
25086 738 8
25087 751 8
25088 751 9
25089 756 9
25090 762 9
25091 763 9
25092 764 10
25093 764 11
25094 765 12
25095 770 12
25096 774 12
25097 777 12
25098 779 12
25099 780 12
25100 779 12
25101 779 12
25102 779 12
25103 778 12
25104 778 12
25105 774 13
25106 777 13
25107 779 13
25108 778 13
25109 776 13
25110 767 13
25111 0 1
25112 0 2
25113 0 2
25114 0 3
25115 3 4
25116 8 2
25117 15 2
25118 16 1
25119 26 1
25120 33 2
25121 45 2
25122 62 1
25123 90 1
25124 131 1
25125 176 1
25126 195 2
25127 225 2
25128 247 1
25129 280 1
25130 294 2
25131 297 3
25132 314 4
25133 321 4
25134 334 4
25135 354 4
25136 370 4
25137 381 4
25138 392 4
25139 398 4
25140 412 4
25141 421 4
25142 427 4
25143 438 4
25144 448 4
25145 463 4
25146 488 4
25147 519 4
25148 529 4
25149 560 4
25150 582 4
25151 600 4
25152 620 4
25153 632 4
25154 650 4
25155 656 4
25156 661 4
25157 663 5
25158 665 6
25159 673 6
25160 682 6
25161 683 6
25162 684 6
25163 689 6
25164 692 6
25165 694 6
25166 698 6
25167 698 7
25168 698 8
25169 700 8
25170 702 8
25171 706 8
25172 714 8
25173 719 9
25174 723 8
25175 727 8
25176 727 9
25177 727 9
25178 727 10
25179 729 10
25180 731 11
25181 733 11
25182 739 11
25183 751 11
25184 752 11
25185 752 12
25186 755 13
25187 763 12
25188 764 12
25189 764 12
25190 761 13
25191 765 13
25192 758 13
25193 765 13
25194 763 13
25195 763 13
25196 764 13
25197 764 13
25198 743 13
25199 762 12
25200 767 12
25201 768 13
25202 768 13
25203 768 13
25204 768 13
25205 767 13
25206 766 13
25207 766 13
25208 760 13
25209 766 13
25210 734 14
25211 773 13
25212 775 12
25213 774 12
25214 775 12
25215 777 12
25216 776 13
25217 0 2
25218 0 3
25219 0 4
25220 1 4
25221 2 3
25222 5 3
25223 8 3
25224 10 3
25225 14 3
25226 17 3
25227 21 3
25228 25 3
25229 27 3
25230 32 3
25231 34 2
25232 39 1
25233 39 2
25234 60 2
25235 82 1
25236 113 2
25237 183 2
25238 219 2
25239 227 3
25240 273 2
25241 275 3
25242 310 3
25243 339 3
25244 370 3
25245 396 3
25246 412 3
25247 437 4
25248 464 4
25249 514 4
25250 565 4
25251 599 4
25252 644 4
25253 667 5
25254 677 6
25255 693 6
25256 706 6
25257 715 6
25258 715 7
25259 722 7
25260 735 7
25261 735 8
25262 738 9
25263 742 9
25264 742 9
25265 742 9
25266 742 10
25267 745 11
25268 747 12
25269 748 12
25270 748 13
25271 753 13
25272 756 13
25273 764 13
25274 764 12
25275 766 13
25276 767 14
25277 767 14
25278 770 13
25279 771 14
25280 770 15
25281 767 16
25282 772 14
25283 772 13
25284 772 14
25285 772 14
25286 771 14
25287 771 14
25288 777 13
25289 777 14
25290 619 14
25291 0 0
25292 0 0
25293 0 1
25294 0 2
25295 1 2
25296 2 2
25297 3 2
25298 4 2
25299 5 2
25300 6 2
25301 7 2
25302 8 2
25303 9 2
25304 10 2
25305 14 2
25306 16 2
25307 18 2
25308 21 2
25309 26 2
25310 30 0
25311 30 2
25312 52 2
25313 57 4
25314 108 3
25315 158 2
25316 186 3
25317 224 3
25318 264 3
25319 270 4
25320 306 6
25321 352 6
25322 396 1
25323 435 1
25324 461 3
25325 495 3
25326 529 4
25327 567 4
25328 603 4
25329 635 4
25330 656 4
25331 665 3
25332 674 3
25333 679 4
25334 695 4
25335 697 5
25336 702 6
25337 713 7
25338 713 8
25339 727 9
25340 732 9
25341 743 9
25342 742 10
25343 755 10
25344 758 10
25345 759 10
25346 759 11
25347 761 12
25348 763 13
25349 768 13
25350 769 13
25351 773 13
25352 774 13
25353 773 14
25354 771 14
25355 776 14
25356 778 14
25357 781 14
25358 782 14
25359 782 14
25360 781 14
25361 782 14
25362 782 14
25363 782 14
25364 785 14
25365 785 14
25366 782 14
25367 784 14
25368 785 14
25369 777 14
25370 0 0
25371 0 1
25372 0 2
25373 0 2
25374 3 4
25375 57 2
25376 57 2
25377 265 2
25378 322 4
25379 333 4
25380 333 6
25381 400 6
25382 481 3
25383 523 2
25384 537 3
25385 618 3
25386 620 5
25387 689 5
25388 710 4
25389 726 4
25390 726 5
25391 746 6
25392 748 6
25393 748 7
25394 758 8
25395 763 8
25396 763 9
25397 764 10
25398 775 11
25399 777 11
25400 776 12
25401 779 13
25402 780 13
25403 780 14
25404 780 14
25405 783 14
25406 784 14
25407 785 14
25408 789 15
25409 789 15
25410 786 15
25411 787 15
25412 786 15
25413 785 15
25414 786 15
25415 787 15
25416 787 15
25417 786 15
25418 786 15
25419 784 16
25420 784 16
25421 786 16
25422 784 16
25423 783 16
25424 0 0
25425 0 1
25426 0 2
25427 0 4
25428 1 4
25429 4 3
25430 7 3
25431 10 3
25432 13 3
25433 21 3
25434 27 2
25435 37 2
25436 53 2
25437 60 3
25438 84 2
25439 97 2
25440 138 2
25441 171 2
25442 201 0
25443 201 2
25444 237 1
25445 270 2
25446 293 2
25447 317 2
25448 334 2
25449 361 2
25450 380 2
25451 388 1
25452 403 1
25453 421 1
25454 428 3
25455 429 4
25456 442 4
25457 467 4
25458 484 4
25459 495 4
25460 520 4
25461 545 4
25462 566 4
25463 581 4
25464 585 4
25465 597 4
25466 602 5
25467 608 5
25468 618 5
25469 637 5
25470 641 6
25471 646 6
25472 653 6
25473 663 7
25474 678 8
25475 687 8
25476 687 9
25477 701 9
25478 706 9
25479 706 10
25480 715 10
25481 715 11
25482 719 12
25483 730 13
25484 732 13
25485 732 14
25486 744 14
25487 748 14
25488 748 15
25489 748 15
25490 752 15
25491 757 15
25492 759 15
25493 760 15
25494 766 15
25495 772 15
25496 756 15
25497 761 15
25498 764 15
25499 766 15
25500 767 15
25501 749 15
25502 764 15
25503 766 15
25504 765 15
25505 765 15
25506 766 15
25507 640 15
25508 0 1
25509 0 2
25510 0 3
25511 1 2
25512 2 2
25513 3 2
25514 5 2
25515 6 2
25516 7 2
25517 8 2
25518 10 2
25519 11 2
25520 14 2
25521 17 1
25522 20 1
25523 23 1
25524 31 1
25525 35 2
25526 40 1
25527 48 1
25528 56 1
25529 63 1
25530 72 2
25531 85 2
25532 97 2
25533 107 2
25534 122 2
25535 134 2
25536 153 1
25537 163 2
25538 177 2
25539 189 2
25540 200 1
25541 209 1
25542 216 1
25543 231 0
25544 232 2
25545 234 4
25546 242 6
25547 350 6
25548 461 5
25549 528 4
25550 588 7
25551 653 9
25552 707 9
25553 745 9
25554 746 10
25555 754 10
25556 754 11
25557 756 12
25558 768 12
25559 767 13
25560 767 14
25561 781 14
25562 782 15
25563 780 15
25564 780 15
25565 780 15
25566 781 15
25567 780 15
25568 780 15
25569 779 15
25570 781 14
25571 781 15
25572 786 15
25573 785 15
25574 787 15
25575 776 15
25576 0 1
25577 0 1
25578 0 2
25579 0 3
25580 1 3
25581 2 2
25582 3 2
25583 4 2
25584 6 2
25585 8 2
25586 9 2
25587 14 2
25588 22 2
25589 27 2
25590 36 2
25591 47 2
25592 59 1
25593 71 1
25594 87 1
25595 108 1
25596 127 1
25597 166 1
25598 199 1
25599 211 1
25600 240 1
25601 255 1
25602 268 1
25603 284 1
25604 300 1
25605 318 1
25606 326 1
25607 335 1
25608 351 1
25609 362 1
25610 370 1
25611 382 1
25612 394 1
25613 399 1
25614 401 1
25615 405 1
25616 413 1
25617 418 1
25618 431 1
25619 437 2
25620 440 2
25621 444 2
25622 450 3
25623 453 3
25624 454 4
25625 635 5
25626 642 4
25627 650 4
25628 654 5
25629 658 6
25630 663 6
25631 667 6
25632 677 6
25633 682 7
25634 685 7
25635 686 7
25636 688 7
25637 692 7
25638 693 7
25639 695 8
25640 696 8
25641 700 8
25642 700 9
25643 702 9
25644 706 10
25645 711 10
25646 719 11
25647 734 11
25648 736 13
25649 760 13
25650 761 14
25651 772 14
25652 772 14
25653 772 14
25654 775 14
25655 776 14
25656 776 14
25657 775 14
25658 773 14
25659 773 14
25660 774 14
25661 755 14
25662 771 13
25663 773 14
25664 775 14
25665 775 14
25666 768 14
25667 778 14
25668 774 14
25669 0 0
25670 0 1
25671 1 1
25672 1 2
25673 2 2
25674 4 3
25675 5 3
25676 7 3
25677 9 3
25678 10 3
25679 12 3
25680 17 3
25681 19 3
25682 22 3
25683 25 3
25684 30 3
25685 34 1
25686 44 1
25687 58 1
25688 64 1
25689 73 0
25690 86 0
25691 91 1
25692 106 1
25693 123 1
25694 145 1
25695 162 1
25696 182 1
25697 202 0
25698 217 0
25699 236 0
25700 239 1
25701 245 1
25702 254 0
25703 265 2
25704 275 1
25705 277 2
25706 288 2
25707 295 1
25708 298 3
25709 308 2
25710 318 2
25711 327 2
25712 336 2
25713 347 2
25714 356 2
25715 366 2
25716 374 2
25717 387 1
25718 398 1
25719 409 1
25720 411 2
25721 416 2
25722 425 1
25723 425 3
25724 497 4
25725 554 5
25726 655 7
25727 679 7
25728 711 7
25729 722 7
25730 722 8
25731 736 8
25732 740 10
25733 739 11
25734 748 11
25735 748 11
25736 748 12
25737 751 14
25738 768 14
25739 773 13
25740 771 13
25741 776 13
25742 773 13
25743 785 13
25744 787 13
25745 777 13
25746 777 13
25747 779 13
25748 783 13
25749 783 14
25750 749 14
25751 774 14
25752 775 14
25753 778 14
25754 781 14
25755 782 13
25756 783 14
25757 781 14
25758 0 1
25759 0 2
25760 54 2
25761 398 1
25762 451 2
25763 520 1
25764 536 3
25765 623 2
25766 714 2
25767 718 3
25768 736 4
25769 742 6
25770 760 6
25771 778 7
25772 778 8
25773 780 8
25774 781 9
25775 785 9
25776 785 10
25777 794 13
25778 795 14
25779 797 14
25780 797 14
25781 793 14
25782 798 14
25783 800 14
25784 800 14
25785 800 14
25786 793 13
25787 796 13
25788 799 13
25789 799 13
25790 796 13
25791 802 13
25792 802 13
25793 802 13
25794 803 13
25795 804 13
25796 803 14
25797 803 14
25798 801 14
25799 0 1
25800 0 2
25801 2 2
25802 3 2
25803 3 2
25804 8 1
25805 13 1
25806 17 1
25807 19 1
25808 23 1
25809 26 2
25810 31 2
25811 43 3
25812 47 3
25813 58 2
25814 70 2
25815 85 2
25816 106 1
25817 107 2
25818 130 2
25819 150 2
25820 172 2
25821 183 2
25822 199 2
25823 214 2
25824 234 2
25825 251 2
25826 267 2
25827 275 2
25828 285 2
25829 298 2
25830 317 2
25831 332 2
25832 347 2
25833 359 2
25834 359 3
25835 398 3
25836 443 3
25837 463 5
25838 519 5
25839 604 6
25840 636 6
25841 670 6
25842 695 7
25843 707 7
25844 720 7
25845 720 8
25846 727 10
25847 727 11
25848 748 11
25849 749 12
25850 760 12
25851 767 12
25852 768 13
25853 784 14
25854 785 14
25855 785 13
25856 785 13
25857 781 14
25858 786 13
25859 784 13
25860 785 13
25861 785 14
25862 775 15
25863 784 14
25864 785 15
25865 787 14
25866 789 15
25867 788 14
25868 792 13
25869 794 13
25870 790 13
25871 790 13
25872 714 13
25873 788 10
25874 793 11
25875 803 11
25876 801 12
25877 797 13
25878 802 13
25879 789 13
25880 0 1
25881 0 2
25882 0 3
25883 1 3
25884 2 2
25885 3 2
25886 4 2
25887 5 2
25888 6 3
25889 8 3
25890 9 3
25891 12 3
25892 19 3
25893 25 3
25894 30 2
25895 34 2
25896 43 1
25897 55 1
25898 59 1
25899 74 1
25900 92 1
25901 115 1
25902 133 1
25903 154 1
25904 185 1
25905 205 0
25906 227 0
25907 245 1
25908 251 3
25909 268 3
25910 279 3
25911 285 4
25912 295 4
25913 313 4
25914 315 3
25915 327 3
25916 338 3
25917 358 3
25918 371 3
25919 381 3
25920 394 3
25921 394 4
25922 472 3
25923 528 5
25924 607 6
25925 696 6
25926 706 6
25927 734 6
25928 734 8
25929 742 8
25930 742 9
25931 747 9
25932 751 10
25933 754 10
25934 761 10
25935 766 10
25936 766 11
25937 773 11
25938 779 11
25939 779 12
25940 777 12
25941 778 13
25942 775 13
25943 775 12
25944 777 12
25945 775 12
25946 780 12
25947 781 12
25948 784 12
25949 786 12
25950 795 12
25951 792 12
25952 793 12
25953 794 12
25954 779 12
25955 798 12
25956 791 11
25957 796 11
25958 796 11
25959 782 11
25960 0 0
25961 0 1
25962 0 2
25963 1 2
25964 2 2
25965 3 2
25966 6 2
25967 8 2
25968 12 2
25969 19 2
25970 30 2
25971 41 1
25972 57 0
25973 75 0
25974 82 1
25975 133 1
25976 182 1
25977 222 1
25978 275 1
25979 290 1
25980 299 3
25981 316 3
25982 338 3
25983 377 3
25984 407 3
25985 422 3
25986 440 3
25987 456 2
25988 503 2
25989 503 1
25990 516 1
25991 516 3
25992 557 3
25993 585 3
25994 637 3
25995 662 3
25996 673 4
25997 688 5
25998 704 5
25999 710 6
26000 716 6
26001 719 6
26002 724 6
26003 727 6
26004 727 6
26005 734 6
26006 738 6
26007 740 6
26008 742 6
26009 742 6
26010 744 6
26011 745 6
26012 746 6
26013 749 6
26014 749 6
26015 748 6
26016 748 6
26017 749 6
26018 750 6
26019 750 7
26020 751 8
26021 752 8
26022 752 9
26023 761 9
26024 767 9
26025 773 9
26026 776 9
26027 776 10
26028 777 11
26029 777 11
26030 784 11
26031 787 11
26032 790 11
26033 793 11
26034 794 11
26035 783 12
26036 792 12
26037 792 12
26038 793 12
26039 792 12
26040 793 12
26041 792 12
26042 792 12
26043 792 12
26044 792 12
26045 790 12
26046 795 12
26047 795 12
26048 795 12
26049 793 12
26050 0 1
26051 0 2
26052 1 2
26053 3 2
26054 7 2
26055 11 2
26056 18 2
26057 24 1
26058 35 1
26059 46 0
26060 58 0
26061 83 1
26062 119 1
26063 160 1
26064 221 1
26065 249 0
26066 256 1
26067 270 2
26068 288 2
26069 303 2
26070 323 1
26071 326 3
26072 347 3
26073 383 3
26074 405 3
26075 414 1
26076 422 3
26077 430 3
26078 462 3
26079 495 3
26080 513 4
26081 540 5
26082 564 4
26083 578 4
26084 609 4
26085 618 4
26086 629 3
26087 637 3
26088 644 3
26089 651 3
26090 652 3
26091 656 3
26092 658 3
26093 661 3
26094 662 4
26095 665 4
26096 666 4
26097 669 4
26098 672 4
26099 673 4
26100 675 4
26101 675 5
26102 678 5
26103 678 5
26104 682 6
26105 681 6
26106 687 6
26107 689 6
26108 691 6
26109 692 6
26110 696 6
26111 697 6
26112 698 6
26113 700 6
26114 701 6
26115 704 6
26116 705 6
26117 706 6
26118 708 6
26119 708 6
26120 711 6
26121 711 7
26122 717 7
26123 725 7
26124 726 8
26125 730 9
26126 730 10
26127 740 11
26128 742 11
26129 747 11
26130 753 11
26131 759 11
26132 759 12
26133 762 12
26134 765 12
26135 769 12
26136 771 12
26137 774 12
26138 775 12
26139 779 12
26140 783 12
26141 697 12
26142 766 11
26143 773 11
26144 777 12
26145 792 12
26146 784 12
26147 788 12
26148 789 12
26149 793 12
26150 792 12
26151 738 13
26152 784 13
26153 0 0
26154 0 1
26155 0 1
26156 0 2
26157 1 1
26158 1 2
26159 2 2
26160 6 2
26161 10 2
26162 18 2
26163 25 2
26164 33 1
26165 44 1
26166 71 0
26167 84 0
26168 127 0
26169 165 0
26170 187 1
26171 228 1
26172 236 1
26173 257 1
26174 289 2
26175 309 2
26176 333 1
26177 345 1
26178 374 1
26179 397 1
26180 418 1
26181 426 1
26182 449 1
26183 479 1
26184 485 2
26185 507 2
26186 535 3
26187 563 3
26188 590 3
26189 625 3
26190 641 3
26191 644 4
26192 675 4
26193 691 4
26194 695 1
26195 695 4
26196 696 5
26197 697 6
26198 725 6
26199 725 7
26200 735 8
26201 740 8
26202 740 9
26203 741 11
26204 750 11
26205 765 11
26206 765 12
26207 772 12
26208 778 13
26209 780 13
26210 751 13
26211 787 13
26212 788 13
26213 788 13
26214 788 13
26215 788 13
26216 780 13
26217 785 13
26218 786 13
26219 773 13
26220 782 12
26221 788 12
26222 788 12
26223 786 12
26224 785 12
26225 784 12
26226 786 12
26227 703 12
26228 0 1
26229 0 2
26230 0 4
26231 1 4
26232 2 3
26233 3 3
26234 5 3
26235 8 3
26236 12 3
26237 17 3
26238 24 3
26239 31 3
26240 52 2
26241 69 1
26242 83 1
26243 111 1
26244 146 1
26245 189 2
26246 229 2
26247 269 0
26248 273 2
26249 287 2
26250 288 3
26251 297 3
26252 307 3
26253 330 3
26254 337 3
26255 366 3
26256 387 3
26257 411 3
26258 428 3
26259 437 3
26260 451 3
26261 466 2
26262 487 2
26263 501 2
26264 514 2
26265 552 1
26266 575 2
26267 598 2
26268 616 2
26269 641 2
26270 648 3
26271 661 3
26272 669 3
26273 680 3
26274 682 3
26275 691 3
26276 693 3
26277 697 3
26278 700 3
26279 702 4
26280 707 4
26281 710 4
26282 714 4
26283 716 4
26284 716 5
26285 719 5
26286 721 5
26287 721 6
26288 726 6
26289 728 7
26290 734 7
26291 738 6
26292 738 7
26293 738 8
26294 746 9
26295 750 9
26296 750 10
26297 757 10
26298 760 11
26299 770 11
26300 779 11
26301 775 12
26302 775 12
26303 778 12
26304 705 12
26305 777 12
26306 782 12
26307 781 12
26308 781 12
26309 780 12
26310 780 12
26311 780 12
26312 777 13
26313 779 13
26314 778 13
26315 771 12
26316 776 12
26317 776 12
26318 776 12
26319 776 12
26320 775 12
26321 779 12
26322 780 12
26323 748 12
26324 773 11
26325 773 11
26326 0 0
26327 0 1
26328 0 2
26329 0 3
26330 2 3
26331 3 3
26332 6 4
26333 11 4
26334 26 2
26335 41 2
26336 68 2
26337 68 3
26338 115 3
26339 203 2
26340 289 2
26341 339 0
26342 344 1
26343 346 2
26344 361 4
26345 413 4
26346 440 4
26347 467 2
26348 515 2
26349 561 2
26350 576 3
26351 607 3
26352 633 3
26353 647 3
26354 675 3
26355 691 3
26356 706 4
26357 709 5
26358 716 5
26359 719 6
26360 734 6
26361 734 6
26362 736 5
26363 736 6
26364 736 7
26365 743 7
26366 743 8
26367 747 9
26368 748 9
26369 748 10
26370 748 10
26371 751 10
26372 751 11
26373 755 11
26374 766 11
26375 765 11
26376 766 11
26377 765 11
26378 765 11
26379 766 11
26380 770 11
26381 770 12
26382 768 12
26383 713 12
26384 772 11
26385 778 11
26386 778 11
26387 778 11
26388 778 11
26389 779 11
26390 779 11
26391 778 11
26392 777 11
26393 773 11
26394 776 11
26395 779 11
26396 0 0
26397 0 1
26398 0 1
26399 0 2
26400 0 3
26401 1 3
26402 2 3
26403 10 3
26404 27 2
26405 59 2
26406 63 3
26407 174 2
26408 249 2
26409 280 1
26410 286 3
26411 309 5
26412 338 5
26413 372 3
26414 432 3
26415 458 1
26416 493 1
26417 518 1
26418 591 1
26419 601 2
26420 634 2
26421 670 2
26422 693 3
26423 693 4
26424 701 5
26425 714 6
26426 725 6
26427 741 6
26428 741 7
26429 744 8
26430 752 8
26431 757 8
26432 760 8
26433 760 9
26434 762 10
26435 780 10
26436 779 11
26437 779 11
26438 779 11
26439 778 11
26440 775 11
26441 778 11
26442 776 11
26443 773 12
26444 775 12
26445 773 12
26446 777 12
26447 778 12
26448 704 13
26449 0 1
26450 0 2
26451 0 4
26452 1 3
26453 2 2
26454 5 2
26455 8 2
26456 12 2
26457 14 2
26458 17 2
26459 20 2
26460 26 2
26461 32 2
26462 33 2
26463 44 2
26464 51 2
26465 56 2
26466 62 3
26467 75 3
26468 84 2
26469 97 1
26470 110 1
26471 116 1
26472 133 1
26473 142 2
26474 154 2
26475 165 2
26476 182 2
26477 192 1
26478 212 1
26479 215 2
26480 219 4
26481 227 4
26482 244 5
26483 254 5
26484 266 4
26485 268 5
26486 282 5
26487 289 5
26488 296 2
26489 300 2
26490 301 0
26491 309 0
26492 309 2
26493 316 2
26494 322 2
26495 336 2
26496 348 2
26497 350 2
26498 361 1
26499 367 1
26500 372 1
26501 377 1
26502 382 1
26503 391 1
26504 401 1
26505 407 2
26506 408 2
26507 417 2
26508 422 2
26509 437 2
26510 447 2
26511 453 2
26512 468 2
26513 479 2
26514 498 2
26515 509 0
26516 519 0
26517 526 0
26518 533 0
26519 546 0
26520 563 0
26521 576 0
26522 590 0
26523 594 0
26524 601 0
26525 609 0
26526 613 1
26527 620 1
26528 632 2
26529 638 2
26530 638 4
26531 647 4
26532 649 5
26533 665 4
26534 672 4
26535 684 4
26536 685 4
26537 685 5
26538 688 5
26539 693 6
26540 703 6
26541 713 6
26542 724 6
26543 735 6
26544 735 7
26545 738 7
26546 738 8
26547 739 8
26548 747 8
26549 747 9
26550 751 11
26551 750 11
26552 750 12
26553 761 12
26554 761 13
26555 766 13
26556 774 13
26557 777 14
26558 763 13
26559 775 13
26560 779 13
26561 780 13
26562 782 13
26563 783 13
26564 762 13
26565 777 13
26566 784 13
26567 781 13
26568 784 13
26569 776 13
26570 780 13
26571 780 13
26572 780 13
26573 779 13
26574 772 13
26575 778 13
26576 780 13
26577 750 13
26578 0 0
26579 0 1
26580 0 2
26581 0 3
26582 1 3
26583 3 1
26584 4 1
26585 5 1
26586 6 1
26587 7 1
26588 8 1
26589 11 1
26590 14 1
26591 15 1
26592 17 1
26593 19 1
26594 22 1
26595 23 1
26596 29 1
26597 34 1
26598 38 1
26599 46 1
26600 49 2
26601 54 2
26602 61 2
26603 75 2
26604 88 1
26605 94 1
26606 104 1
26607 119 1
26608 135 1
26609 149 1
26610 156 1
26611 165 1
26612 179 1
26613 194 1
26614 204 2
26615 214 2
26616 223 2
26617 235 1
26618 237 3
26619 269 5
26620 312 5
26621 398 2
26622 464 2
26623 544 2
26624 651 2
26625 675 3
26626 715 3
26627 724 5
26628 726 6
26629 747 6
26630 752 7
26631 757 8
26632 766 9
26633 767 10
26634 768 10
26635 768 11
26636 773 11
26637 773 12
26638 780 13
26639 783 13
26640 785 12
26641 785 13
26642 783 13
26643 785 13
26644 784 13
26645 778 13
26646 782 13
26647 782 13
26648 783 13
26649 777 13
26650 784 13
26651 785 13
26652 786 13
26653 785 13
26654 781 13
26655 786 13
26656 788 13
26657 773 13
26658 0 0
26659 0 1
26660 0 1
26661 0 2
26662 1 2
26663 11 3
26664 52 2
26665 284 1
26666 288 2
26667 303 4
26668 335 4
26669 350 5
26670 367 5
26671 404 5
26672 492 2
26673 544 2
26674 617 1
26675 633 2
26676 647 3
26677 711 3
26678 730 3
26679 735 4
26680 735 5
26681 738 6
26682 744 6
26683 758 6
26684 761 6
26685 761 7
26686 763 7
26687 763 9
26688 768 10
26689 769 11
26690 777 12
26691 781 12
26692 786 12
26693 788 12
26694 788 12
26695 788 12
26696 789 12
26697 790 12
26698 791 12
26699 790 12
26700 788 14
26701 789 14
26702 786 14
26703 793 14
26704 792 14
26705 792 14
26706 791 14
26707 791 14
26708 793 14
26709 769 14
26710 0 1
26711 0 2
26712 1 2
26713 2 2
26714 3 2
26715 4 2
26716 5 2
26717 6 2
26718 7 2
26719 8 2
26720 9 2
26721 10 2
26722 11 2
26723 12 2
26724 14 2
26725 15 1
26726 16 1
26727 17 1
26728 22 1
26729 26 1
26730 29 1
26731 33 1
26732 43 1
26733 48 1
26734 48 2
26735 51 2
26736 61 2
26737 70 2
26738 78 1
26739 82 1
26740 88 1
26741 95 1
26742 101 1
26743 108 1
26744 118 1
26745 125 1
26746 142 2
26747 145 2
26748 150 2
26749 161 2
26750 167 2
26751 181 2
26752 196 2
26753 204 2
26754 209 1
26755 213 1
26756 227 1
26757 232 1
26758 247 1
26759 255 1
26760 262 1
26761 274 1
26762 280 1
26763 284 0
26764 288 0
26765 294 0
26766 305 0
26767 310 0
26768 319 0
26769 325 0
26770 336 0
26771 337 0
26772 344 0
26773 350 0
26774 360 0
26775 362 0
26776 362 1
26777 367 1
26778 370 1
26779 375 1
26780 375 1
26781 378 1
26782 387 1
26783 393 1
26784 395 1
26785 399 1
26786 411 1
26787 413 1
26788 422 1
26789 424 0
26790 431 0
26791 435 0
26792 436 1
26793 441 1
26794 446 1
26795 450 1
26796 455 1
26797 462 1
26798 472 1
26799 478 1
26800 484 1
26801 490 1
26802 499 1
26803 508 1
26804 508 1
26805 516 1
26806 524 1
26807 531 1
26808 539 1
26809 549 2
26810 555 2
26811 562 2
26812 569 2
26813 572 2
26814 575 2
26815 583 1
26816 589 1
26817 598 1
26818 610 1
26819 614 1
26820 616 1
26821 617 2
26822 629 2
26823 634 2
26824 639 2
26825 646 2
26826 654 3
26827 662 3
26828 665 4
26829 665 5
26830 679 5
26831 689 5
26832 697 5
26833 705 4
26834 712 4
26835 712 5
26836 717 5
26837 720 5
26838 720 6
26839 729 6
26840 729 7
26841 731 7
26842 736 7
26843 736 8
26844 740 8
26845 740 9
26846 741 10
26847 743 11
26848 748 12
26849 770 13
26850 766 14
26851 767 14
26852 766 14
26853 764 14
26854 676 13
26855 769 12
26856 778 13
26857 777 14
26858 768 14
26859 774 14
26860 760 14
26861 773 14
26862 775 14
26863 779 14
26864 780 15
26865 779 13
26866 756 13
26867 776 12
26868 786 14
26869 743 13
26870 782 11
26871 788 9
26872 789 10
26873 789 10
26874 790 11
26875 792 11
26876 792 12
26877 0 1
26878 0 1
26879 0 2
26880 1 2
26881 2 2
26882 4 2
26883 6 2
26884 10 2
26885 16 2
26886 20 2
26887 25 2
26888 31 0
26889 33 1
26890 70 1
26891 148 1
26892 215 2
26893 297 1
26894 341 1
26895 355 1
26896 377 0
26897 388 1
26898 410 1
26899 435 1
26900 444 1
26901 463 0
26902 505 0
26903 530 0
26904 576 0
26905 611 0
26906 627 0
26907 634 1
26908 671 1
26909 695 1
26910 707 1
26911 719 1
26912 730 2
26913 734 2
26914 740 2
26915 742 4
26916 746 5
26917 748 5
26918 748 6
26919 755 6
26920 755 7
26921 755 8
26922 756 8
26923 756 9
26924 768 9
26925 768 10
26926 770 11
26927 770 12
26928 771 12
26929 757 13
26930 779 11
26931 779 12
26932 780 12
26933 781 12
26934 783 12
26935 784 12
26936 786 12
26937 787 12
26938 788 12
26939 784 13
26940 778 13
26941 788 12
26942 786 13
26943 787 13
26944 787 13
26945 787 13
26946 743 13
26947 776 12
26948 783 13
26949 779 13
26950 784 13
26951 784 12
26952 784 12
26953 784 12
26954 784 12
26955 783 12
26956 783 12
26957 784 12
26958 781 12
26959 0 1
26960 0 1
26961 0 2
26962 1 2
26963 2 2
26964 3 2
26965 4 2
26966 5 2
26967 7 2
26968 8 2
26969 10 2
26970 12 2
26971 14 2
26972 15 2
26973 22 2
26974 26 2
26975 31 2
26976 34 2
26977 35 2
26978 41 1
26979 49 1
26980 55 1
26981 62 0
26982 74 0
26983 80 0
26984 88 0
26985 99 0
26986 109 0
26987 119 0
26988 130 0
26989 139 0
26990 154 0
26991 170 0
26992 176 1
26993 190 1
26994 194 0
26995 208 0
26996 211 0
26997 216 0
26998 229 0
26999 238 0
27000 244 1
27001 253 1
27002 258 1
27003 264 1
27004 268 1
27005 275 1
27006 276 1
27007 280 1
27008 297 1
27009 305 1
27010 310 1
27011 323 1
27012 333 1
27013 344 1
27014 364 1
27015 366 1
27016 375 1
27017 381 1
27018 392 1
27019 397 1
27020 400 0
27021 412 0
27022 420 0
27023 432 0
27024 439 2
27025 445 1
27026 458 1
27027 463 0
27028 472 0
27029 480 0
27030 489 0
27031 502 0
27032 514 0
27033 529 0
27034 547 0
27035 557 0
27036 566 0
27037 577 0
27038 583 1
27039 594 1
27040 597 1
27041 609 1
27042 614 1
27043 624 1
27044 631 1
27045 639 1
27046 647 1
27047 651 1
27048 666 1
27049 678 1
27050 689 1
27051 693 1
27052 708 1
27053 710 1
27054 717 1
27055 723 1
27056 727 1
27057 728 1
27058 728 2
27059 733 1
27060 733 2
27061 733 3
27062 733 4
27063 733 5
27064 734 6
27065 734 8
27066 744 8
27067 750 8
27068 755 9
27069 759 9
27070 759 10
27071 762 10
27072 768 10
27073 758 10
27074 765 8
27075 766 8
27076 768 9
27077 759 9
27078 770 9
27079 766 9
27080 770 9
27081 770 9
27082 770 9
27083 769 9
27084 771 9
27085 771 9
27086 772 9
27087 768 9
27088 769 9
27089 770 9
27090 739 9
27091 766 9
27092 771 9
27093 771 9
27094 768 9
27095 774 10
27096 775 10
27097 761 10
27098 0 1
27099 0 2
27100 1 2
27101 2 1
27102 13 1
27103 21 1
27104 25 1
27105 39 1
27106 41 1
27107 57 1
27108 92 0
27109 92 1
27110 159 1
27111 247 1
27112 298 1
27113 303 2
27114 327 2
27115 341 1
27116 355 0
27117 371 0
27118 402 0
27119 421 0
27120 437 0
27121 456 0
27122 478 0
27123 499 0
27124 542 0
27125 580 0
27126 604 0
27127 633 0
27128 655 0
27129 669 0
27130 679 0
27131 699 0
27132 708 1
27133 726 1
27134 736 1
27135 739 2
27136 746 2
27137 746 3
27138 746 4
27139 751 4
27140 751 5
27141 751 6
27142 753 7
27143 755 8
27144 769 8
27145 768 9
27146 769 10
27147 767 9
27148 767 10
27149 769 10
27150 744 10
27151 758 8
27152 766 9
27153 776 10
27154 776 10
27155 778 10
27156 781 10
27157 784 11
27158 649 12
27159 736 8
27160 766 8
27161 780 10
27162 783 10
27163 784 10
27164 786 10
27165 786 10
27166 788 11
27167 788 11
27168 788 11
27169 787 11
27170 788 11
27171 786 11
27172 788 11
27173 787 11
27174 785 11
27175 785 11
27176 786 11
27177 762 11
27178 1 0
27179 2 0
27180 4 0
27181 6 0
27182 12 0
27183 14 0
27184 19 0
27185 28 0
27186 35 0
27187 46 0
27188 53 0
27189 76 0
27190 96 0
27191 117 0
27192 144 0
27193 171 0
27194 207 0
27195 239 0
27196 255 0
27197 281 0
27198 288 0
27199 298 0
27200 308 0
27201 319 0
27202 332 0
27203 338 0
27204 349 0
27205 358 0
27206 367 0
27207 373 0
27208 393 0
27209 403 0
27210 417 0
27211 431 0
27212 445 0
27213 459 0
27214 470 0
27215 479 0
27216 491 0
27217 502 0
27218 521 0
27219 538 0
27220 560 0
27221 573 0
27222 579 0
27223 593 0
27224 613 0
27225 630 0
27226 647 0
27227 658 0
27228 666 0
27229 678 0
27230 678 1
27231 699 1
27232 708 1
27233 713 0
27234 713 2
27235 734 2
27236 735 3
27237 750 5
27238 755 6
27239 755 7
27240 757 7
27241 757 8
27242 762 8
27243 765 9
27244 768 9
27245 774 9
27246 774 10
27247 775 11
27248 767 10
27249 778 10
27250 780 11
27251 781 11
27252 780 11
27253 781 11
27254 780 11
27255 780 11
27256 780 11
27257 780 11
27258 771 10
27259 778 9
27260 783 11
27261 781 11
27262 779 11
27263 781 11
27264 773 11
27265 788 11
27266 788 11
27267 783 11
27268 780 11
27269 783 11
27270 781 11
27271 0 0
27272 0 0
27273 1 0
27274 2 0
27275 3 0
27276 4 0
27277 5 0
27278 7 0
27279 8 0
27280 10 0
27281 12 0
27282 13 0
27283 14 0
27284 15 0
27285 17 0
27286 21 0
27287 25 0
27288 27 0
27289 30 0
27290 31 0
27291 34 0
27292 38 0
27293 40 0
27294 43 0
27295 49 0
27296 51 0
27297 55 0
27298 63 0
27299 69 0
27300 76 0
27301 80 0
27302 85 0
27303 87 0
27304 94 0
27305 101 0
27306 109 0
27307 120 0
27308 128 0
27309 137 0
27310 147 0
27311 159 0
27312 167 0
27313 176 0
27314 187 0
27315 196 0
27316 211 0
27317 216 0
27318 218 0
27319 228 0
27320 236 0
27321 242 0
27322 249 0
27323 254 0
27324 263 0
27325 269 0
27326 271 0
27327 272 0
27328 276 0
27329 283 0
27330 288 0
27331 295 0
27332 298 0
27333 301 0
27334 305 0
27335 311 0
27336 315 0
27337 318 0
27338 326 0
27339 334 0
27340 340 0
27341 344 0
27342 346 0
27343 348 0
27344 353 0
27345 359 0
27346 361 0
27347 363 0
27348 365 0
27349 372 0
27350 375 0
27351 380 0
27352 387 0
27353 390 0
27354 394 0
27355 398 0
27356 405 0
27357 411 0
27358 418 0
27359 427 0
27360 432 0
27361 440 0
27362 445 0
27363 448 0
27364 453 0
27365 459 0
27366 463 0
27367 467 0
27368 473 0
27369 481 0
27370 484 0
27371 487 0
27372 491 0
27373 497 0
27374 497 0
27375 502 0
27376 507 0
27377 512 0
27378 517 0
27379 528 0
27380 534 0
27381 539 0
27382 546 0
27383 550 0
27384 557 0
27385 561 0
27386 565 0
27387 570 0
27388 574 0
27389 579 0
27390 585 0
27391 589 0
27392 596 0
27393 605 0
27394 611 0
27395 617 0
27396 623 0
27397 631 0
27398 633 0
27399 642 0
27400 644 0
27401 644 1
27402 678 1
27403 691 1
27404 689 2
27405 714 2
27406 728 2
27407 734 3
27408 736 4
27409 738 5
27410 748 6
27411 752 6
27412 752 7
27413 757 7
27414 777 8
27415 775 8
27416 776 9
27417 776 10
27418 778 10
27419 642 11
27420 779 8
27421 793 9
27422 794 11
27423 795 11
27424 793 11
27425 793 11
27426 792 11
27427 792 11
27428 793 11
27429 579 10
27430 651 10
27431 778 12
27432 795 11
27433 801 12
27434 802 12
27435 804 12
27436 801 12
27437 802 12
27438 800 12
27439 801 12
27440 806 12
27441 1 0
27442 2 0
27443 4 0
27444 10 0
27445 17 0
27446 25 0
27447 32 0
27448 39 0
27449 44 0
27450 52 0
27451 66 0
27452 90 0
27453 106 0
27454 124 0
27455 143 0
27456 160 0
27457 187 0
27458 216 0
27459 245 0
27460 269 0
27461 288 0
27462 310 0
27463 324 0
27464 332 0
27465 339 0
27466 347 0
27467 356 0
27468 360 0
27469 370 0
27470 384 0
27471 394 0
27472 404 0
27473 408 0
27474 416 0
27475 423 0
27476 430 0
27477 439 0
27478 443 0
27479 456 0
27480 463 0
27481 472 0
27482 473 1
27483 514 1
27484 559 1
27485 609 1
27486 628 1
27487 641 1
27488 663 1
27489 685 1
27490 704 1
27491 717 1
27492 730 1
27493 748 1
27494 749 2
27495 751 3
27496 753 4
27497 764 4
27498 767 4
27499 767 5
27500 768 6
27501 769 6
27502 769 7
27503 773 7
27504 775 7
27505 777 7
27506 782 7
27507 783 8
27508 784 8
27509 784 9
27510 788 10
27511 790 10
27512 791 10
27513 793 11
27514 746 11
27515 779 8
27516 780 8
27517 781 9
27518 782 9
27519 784 9
27520 793 9
27521 794 9
27522 796 9
27523 795 10
27524 797 10
27525 795 9
27526 797 9
27527 797 9
27528 797 9
27529 797 9
27530 797 9
27531 797 9
27532 794 9
27533 793 9
27534 772 10
27535 790 10
27536 795 10
27537 791 10
27538 786 10
27539 787 9
27540 788 10
27541 794 10
27542 759 10
27543 1 0
27544 2 0
27545 3 0
27546 5 0
27547 6 0
27548 10 0
27549 12 0
27550 14 0
27551 15 0
27552 17 0
27553 22 0
27554 23 0
27555 25 0
27556 28 0
27557 32 0
27558 36 0
27559 46 0
27560 49 0
27561 58 0
27562 66 0
27563 74 0
27564 86 0
27565 105 0
27566 109 0
27567 114 0
27568 126 0
27569 139 0
27570 148 0
27571 163 0
27572 178 0
27573 193 0
27574 208 0
27575 227 0
27576 233 0
27577 244 0
27578 257 0
27579 267 0
27580 274 0
27581 280 0
27582 288 0
27583 297 0
27584 298 0
27585 302 0
27586 311 0
27587 317 0
27588 326 0
27589 330 0
27590 333 0
27591 341 0
27592 346 0
27593 351 0
27594 369 0
27595 374 0
27596 389 0
27597 394 0
27598 397 0
27599 402 0
27600 408 0
27601 408 1
27602 474 1
27603 491 2
27604 546 2
27605 548 3
27606 610 3
27607 664 3
27608 678 3
27609 691 3
27610 701 3
27611 710 3
27612 714 3
27613 717 3
27614 726 3
27615 725 3
27616 728 3
27617 730 3
27618 734 3
27619 736 4
27620 737 4
27621 740 4
27622 741 4
27623 740 5
27624 741 5
27625 742 5
27626 743 5
27627 744 5
27628 744 7
27629 745 7
27630 746 7
27631 747 7
27632 750 7
27633 755 7
27634 758 7
27635 759 8
27636 771 8
27637 772 9
27638 779 9
27639 779 10
27640 789 10
27641 787 10
27642 787 9
27643 787 10
27644 783 10
27645 789 10
27646 790 10
27647 760 11
27648 789 11
27649 791 11
27650 791 10
27651 762 10
27652 789 10
27653 793 10
27654 793 10
27655 794 10
27656 794 10
27657 794 10
27658 791 10
27659 790 10
27660 784 10
27661 791 10
27662 789 10
27663 791 10
27664 777 10
27665 1 0
27666 2 0
27667 4 0
27668 5 0
27669 6 0
27670 8 0
27671 10 0
27672 11 0
27673 13 0
27674 14 0
27675 15 0
27676 16 0
27677 17 0
27678 21 0
27679 24 0
27680 28 0
27681 29 0
27682 32 0
27683 36 0
27684 40 0
27685 44 0
27686 49 0
27687 53 0
27688 57 0
27689 66 0
27690 76 0
27691 79 0
27692 91 0
27693 103 0
27694 113 0
27695 121 0
27696 130 0
27697 139 0
27698 152 0
27699 164 0
27700 183 0
27701 195 0
27702 202 0
27703 213 0
27704 230 0
27705 234 0
27706 243 0
27707 250 0
27708 256 0
27709 260 0
27710 265 0
27711 271 0
27712 277 0
27713 280 0
27714 289 0
27715 289 0
27716 291 0
27717 302 0
27718 311 0
27719 315 0
27720 320 0
27721 321 0
27722 325 0
27723 330 0
27724 332 0
27725 337 0
27726 341 0
27727 347 0
27728 350 0
27729 355 0
27730 358 0
27731 363 0
27732 368 0
27733 376 0
27734 381 0
27735 387 0
27736 394 0
27737 398 0
27738 400 0
27739 406 0
27740 411 0
27741 417 0
27742 421 1
27743 423 1
27744 424 1
27745 425 1
27746 429 1
27747 430 1
27748 433 1
27749 438 1
27750 443 1
27751 450 1
27752 453 1
27753 457 1
27754 468 1
27755 474 1
27756 477 1
27757 483 1
27758 486 1
27759 489 1
27760 494 1
27761 506 1
27762 511 1
27763 516 1
27764 519 1
27765 519 2
27766 647 2
27767 655 2
27768 674 2
27769 692 2
27770 703 2
27771 709 2
27772 717 2
27773 721 2
27774 725 2
27775 762 3
27776 769 3
27777 769 4
27778 777 5
27779 788 5
27780 792 6
27781 788 7
27782 797 7
27783 656 7
27784 805 6
27785 806 6
27786 806 6
27787 805 6
27788 806 6
27789 806 6
27790 808 6
27791 807 6
27792 809 6
27793 809 7
27794 738 7
27795 0 0
27796 0 0
27797 1 0
27798 3 0
27799 4 0
27800 8 0
27801 14 0
27802 21 0
27803 22 0
27804 26 0
27805 31 0
27806 36 0
27807 54 0
27808 72 0
27809 85 0
27810 108 0
27811 130 0
27812 149 0
27813 178 0
27814 210 0
27815 252 0
27816 267 0
27817 288 0
27818 303 0
27819 308 0
27820 317 0
27821 334 0
27822 341 0
27823 357 0
27824 369 0
27825 378 0
27826 400 0
27827 425 0
27828 424 0
27829 425 1
27830 462 1
27831 534 1
27832 627 1
27833 660 1
27834 720 1
27835 727 1
27836 730 1
27837 736 2
27838 737 2
27839 740 2
27840 743 2
27841 748 2
27842 751 2
27843 762 2
27844 773 2
27845 776 1
27846 776 2
27847 779 3
27848 782 3
27849 789 4
27850 793 5
27851 790 5
27852 790 6
27853 791 7
27854 797 6
27855 797 7
27856 761 8
27857 801 8
27858 807 7
27859 808 7
27860 808 7
27861 808 7
27862 808 7
27863 807 7
27864 736 8
27865 778 7
27866 810 6
27867 810 7
27868 812 7
27869 812 8
27870 809 9
27871 810 7
27872 809 7
27873 809 8
27874 811 8
27875 811 8
27876 808 8
27877 812 8
27878 812 8
27879 812 8
27880 811 8
27881 813 9
27882 808 8
27883 1 0
27884 2 0
27885 3 0
27886 4 0
27887 5 0
27888 6 0
27889 7 0
27890 9 0
27891 11 0
27892 12 0
27893 13 0
27894 15 0
27895 16 0
27896 17 0
27897 18 0
27898 19 0
27899 20 0
27900 21 0
27901 23 0
27902 25 0
27903 27 0
27904 29 0
27905 31 0
27906 35 0
27907 38 0
27908 39 0
27909 43 0
27910 44 0
27911 47 0
27912 50 0
27913 55 0
27914 58 0
27915 64 0
27916 66 0
27917 70 0
27918 72 0
27919 76 0
27920 83 0
27921 90 0
27922 96 0
27923 98 0
27924 108 0
27925 119 0
27926 132 0
27927 144 0
27928 152 0
27929 164 0
27930 179 0
27931 190 0
27932 194 0
27933 202 0
27934 210 0
27935 218 0
27936 232 0
27937 242 0
27938 250 0
27939 252 0
27940 262 0
27941 265 0
27942 267 0
27943 273 0
27944 285 0
27945 292 0
27946 299 0
27947 301 0
27948 308 0
27949 313 0
27950 316 0
27951 327 0
27952 329 1
27953 481 1
27954 664 1
27955 678 1
27956 684 1
27957 685 1
27958 687 1
27959 688 1
27960 689 1
27961 690 1
27962 690 1
27963 692 1
27964 692 1
27965 693 1
27966 695 1
27967 696 1
27968 696 1
27969 697 1
27970 698 1
27971 699 1
27972 699 1
27973 700 1
27974 700 1
27975 701 1
27976 702 1
27977 702 1
27978 705 1
27979 705 1
27980 707 1
27981 707 1
27982 708 1
27983 708 1
27984 708 1
27985 709 1
27986 709 1
27987 708 1
27988 709 1
27989 709 1
27990 710 1
27991 711 1
27992 712 1
27993 712 1
27994 713 1
27995 714 1
27996 715 1
27997 716 1
27998 716 1
27999 718 1
28000 719 1
28001 719 1
28002 720 1
28003 721 1
28004 724 1
28005 724 1
28006 724 1
28007 724 1
28008 724 1
28009 724 1
28010 724 1
28011 724 1
28012 724 1
28013 724 1
28014 724 1
28015 726 1
28016 726 1
28017 727 1
28018 729 1
28019 729 1
28020 730 1
28021 730 1
28022 731 1
28023 732 1
28024 733 1
28025 733 1
28026 733 1
28027 734 1
28028 735 1
28029 735 3
28030 735 3
28031 735 3
28032 735 3
28033 736 3
28034 736 3
28035 737 3
28036 737 3
28037 737 3
28038 737 3
28039 737 3
28040 737 3
28041 737 3
28042 737 3
28043 736 3
28044 736 3
28045 736 3
28046 736 3
28047 737 3
28048 738 3
28049 738 3
28050 739 3
28051 739 3
28052 739 3
28053 740 3
28054 741 2
28055 743 2
28056 750 2
28057 751 3
28058 754 2
28059 754 3
28060 757 3
28061 759 3
28062 762 3
28063 763 3
28064 764 3
28065 775 3
28066 793 4
28067 793 5
28068 794 6
28069 797 7
28070 708 8
28071 814 6
28072 816 7
28073 818 8
28074 817 8
28075 816 8
28076 822 8
28077 821 8
28078 820 8
28079 820 8
28080 821 7
28081 821 8
28082 813 8
28083 820 8
28084 822 8
28085 819 9
28086 816 9
28087 823 9
28088 828 9
28089 829 10
28090 830 9
28091 829 9
28092 830 9
28093 1 0
28094 2 0
28095 3 0
28096 4 0
28097 5 0
28098 6 0
28099 7 0
28100 8 0
28101 9 0
28102 10 0
28103 11 0
28104 12 0
28105 14 0
28106 16 0
28107 19 0
28108 21 0
28109 25 0
28110 28 0
28111 32 0
28112 37 0
28113 44 0
28114 50 0
28115 60 0
28116 72 0
28117 86 0
28118 109 0
28119 133 0
28120 154 0
28121 186 0
28122 210 0
28123 245 0
28124 269 0
28125 292 0
28126 309 0
28127 318 0
28128 335 0
28129 356 0
28130 369 0
28131 378 0
28132 389 0
28133 397 0
28134 402 0
28135 412 0
28136 420 0
28137 431 0
28138 441 0
28139 441 1
28140 621 1
28141 633 1
28142 642 1
28143 719 1
28144 734 1
28145 740 1
28146 749 1
28147 759 1
28148 761 2
28149 763 4
28150 763 6
28151 767 6
28152 771 5
28153 776 5
28154 776 7
28155 782 7
28156 788 7
28157 797 7
28158 811 7
28159 811 8
28160 813 8
28161 813 9
28162 811 9
28163 819 7
28164 815 8
28165 816 9
28166 815 10
28167 806 9
28168 814 9
28169 816 9
28170 817 9
28171 817 9
28172 816 9
28173 810 9
28174 1 0
28175 2 0
28176 3 0
28177 4 0
28178 5 0
28179 6 0
28180 8 0
28181 11 0
28182 13 0
28183 14 0
28184 15 0
28185 17 0
28186 20 0
28187 21 0
28188 25 0
28189 27 0
28190 30 0
28191 33 0
28192 39 0
28193 45 0
28194 47 0
28195 51 0
28196 61 0
28197 73 0
28198 96 0
28199 112 0
28200 124 0
28201 144 0
28202 166 0
28203 197 0
28204 215 0
28205 231 0
28206 245 0
28207 257 0
28208 260 0
28209 270 0
28210 279 0
28211 290 0
28212 295 0
28213 303 0
28214 307 0
28215 311 0
28216 317 0
28217 326 0
28218 333 0
28219 346 0
28220 351 0
28221 357 0
28222 371 0
28223 386 0
28224 398 0
28225 406 0
28226 412 0
28227 424 0
28228 428 0
28229 441 0
28230 450 0
28231 461 0
28232 473 0
28233 481 0
28234 487 0
28235 498 0
28236 505 0
28237 515 0
28238 523 0
28239 546 0
28240 559 0
28241 561 0
28242 563 1
28243 566 1
28244 578 1
28245 589 1
28246 594 1
28247 597 1
28248 604 1
28249 609 1
28250 617 1
28251 622 1
28252 624 1
28253 633 1
28254 636 1
28255 635 2
28256 640 2
28257 642 2
28258 646 2
28259 647 2
28260 650 2
28261 656 2
28262 666 2
28263 679 2
28264 683 2
28265 693 2
28266 693 3
28267 708 3
28268 716 3
28269 726 4
28270 726 5
28271 735 5
28272 751 5
28273 753 5
28274 754 0
28275 754 1
28276 756 0
28277 756 1
28278 756 2
28279 755 3
28280 755 6
28281 758 6
28282 758 7
28283 763 7
28284 763 8
28285 777 8
28286 784 9
28287 791 9
28288 791 10
28289 790 10
28290 789 10
28291 790 10
28292 790 10
28293 788 10
28294 792 10
28295 792 10
28296 797 10
28297 794 9
28298 800 10
28299 796 9
28300 798 9
28301 798 9
28302 798 9
28303 796 10
28304 798 9
28305 796 10
28306 799 10
28307 800 7
28308 801 8
28309 801 8
28310 801 9
28311 801 9
28312 799 9
28313 800 9
28314 1 0
28315 2 0
28316 2 0
28317 3 0
28318 4 0
28319 5 0
28320 6 0
28321 7 0
28322 8 0
28323 10 0
28324 12 0
28325 13 0
28326 14 0
28327 15 0
28328 17 0
28329 25 0
28330 30 0
28331 41 0
28332 47 0
28333 53 0
28334 64 0
28335 73 0
28336 88 0
28337 98 0
28338 118 0
28339 137 0
28340 155 0
28341 187 0
28342 212 0
28343 233 0
28344 247 0
28345 270 0
28346 287 0
28347 299 0
28348 309 0
28349 317 0
28350 325 0
28351 329 0
28352 335 0
28353 338 0
28354 347 0
28355 351 0
28356 360 0
28357 371 0
28358 379 0
28359 383 0
28360 390 0
28361 404 0
28362 410 0
28363 422 0
28364 429 0
28365 436 0
28366 448 0
28367 451 0
28368 457 0
28369 468 0
28370 476 0
28371 485 0
28372 491 0
28373 498 0
28374 504 0
28375 515 0
28376 523 1
28377 540 1
28378 540 1
28379 552 1
28380 564 1
28381 572 1
28382 579 1
28383 588 1
28384 596 1
28385 608 1
28386 611 2
28387 616 2
28388 624 2
28389 632 2
28390 640 2
28391 648 2
28392 654 2
28393 660 2
28394 672 2
28395 680 2
28396 689 2
28397 693 2
28398 706 2
28399 716 2
28400 727 2
28401 736 2
28402 736 3
28403 748 4
28404 771 0
28405 771 1
28406 771 2
28407 771 3
28408 771 5
28409 785 5
28410 789 5
28411 789 6
28412 793 6
28413 793 7
28414 794 7
28415 795 8
28416 796 8
28417 796 9
28418 801 9
28419 801 10
28420 803 10
28421 803 10
28422 805 9
28423 805 9
28424 804 9
28425 801 9
28426 801 10
28427 804 10
28428 804 10
28429 804 10
28430 804 10
28431 805 10
28432 805 9
28433 806 10
28434 806 10
28435 807 9
28436 809 8
28437 808 8
28438 809 9
28439 810 9
28440 809 9
28441 809 9
28442 808 9
28443 808 9
28444 1 0
28445 2 0
28446 3 0
28447 4 0
28448 5 0
28449 6 0
28450 7 0
28451 8 0
28452 9 0
28453 10 0
28454 11 0
28455 13 0
28456 16 0
28457 17 0
28458 20 0
28459 23 0
28460 28 0
28461 32 0
28462 34 0
28463 35 0
28464 37 0
28465 38 0
28466 43 0
28467 46 0
28468 49 0
28469 51 0
28470 52 0
28471 57 0
28472 64 0
28473 68 0
28474 73 0
28475 86 0
28476 95 0
28477 104 0
28478 111 0
28479 119 0
28480 126 0
28481 139 0
28482 146 0
28483 151 0
28484 158 0
28485 171 0
28486 183 0
28487 193 0
28488 203 0
28489 211 0
28490 221 0
28491 227 0
28492 236 0
28493 241 0
28494 247 0
28495 259 0
28496 270 0
28497 279 0
28498 280 0
28499 285 0
28500 292 0
28501 297 0
28502 299 0
28503 302 0
28504 306 0
28505 312 0
28506 313 0
28507 315 0
28508 321 0
28509 323 0
28510 326 0
28511 329 0
28512 336 0
28513 341 0
28514 344 0
28515 350 0
28516 358 0
28517 361 0
28518 363 0
28519 366 0
28520 376 0
28521 380 0
28522 387 0
28523 392 0
28524 401 0
28525 409 0
28526 410 0
28527 419 0
28528 428 0
28529 433 0
28530 434 0
28531 436 1
28532 535 1
28533 537 1
28534 539 2
28535 601 2
28536 666 2
28537 684 2
28538 693 2
28539 701 2
28540 711 3
28541 728 3
28542 736 3
28543 736 5
28544 735 6
28545 758 6
28546 763 6
28547 773 6
28548 773 7
28549 779 7
28550 782 8
28551 791 8
28552 791 9
28553 793 10
28554 790 11
28555 793 10
28556 783 10
28557 796 10
28558 799 10
28559 803 9
28560 806 10
28561 785 9
28562 808 9
28563 806 8
28564 809 9
28565 809 10
28566 811 9
28567 810 9
28568 748 9
28569 805 9
28570 816 9
28571 818 9
28572 817 9
28573 820 9
28574 822 8
28575 822 9
28576 822 9
28577 821 9
28578 819 9
28579 819 9
28580 817 8
28581 818 9
28582 816 9
28583 1 0
28584 2 0
28585 3 0
28586 4 0
28587 5 0
28588 6 0
28589 7 0
28590 8 0
28591 9 0
28592 10 0
28593 12 0
28594 13 0
28595 15 0
28596 16 0
28597 18 0
28598 19 0
28599 20 0
28600 22 0
28601 24 0
28602 26 0
28603 35 0
28604 43 0
28605 51 0
28606 60 0
28607 73 0
28608 81 0
28609 89 0
28610 102 0
28611 120 0
28612 137 0
28613 158 0
28614 187 0
28615 201 0
28616 214 0
28617 226 0
28618 250 0
28619 262 0
28620 279 0
28621 284 0
28622 295 0
28623 316 0
28624 323 0
28625 330 0
28626 342 0
28627 350 0
28628 359 0
28629 372 0
28630 387 0
28631 398 0
28632 402 0
28633 416 0
28634 422 0
28635 429 1
28636 432 1
28637 441 1
28638 449 1
28639 452 1
28640 461 1
28641 469 1
28642 489 1
28643 494 1
28644 509 1
28645 517 1
28646 527 1
28647 536 1
28648 543 1
28649 555 1
28650 558 1
28651 568 1
28652 581 1
28653 588 1
28654 602 0
28655 613 0
28656 619 1
28657 630 1
28658 635 1
28659 637 1
28660 647 1
28661 658 1
28662 668 1
28663 674 1
28664 674 1
28665 675 1
28666 679 1
28667 681 1
28668 685 1
28669 690 0
28670 690 1
28671 692 0
28672 692 2
28673 695 2
28674 698 2
28675 697 2
28676 701 2
28677 706 2
28678 709 2
28679 712 2
28680 713 2
28681 717 2
28682 720 2
28683 721 2
28684 723 2
28685 724 3
28686 728 4
28687 733 4
28688 740 5
28689 748 5
28690 751 6
28691 758 6
28692 769 7
28693 780 7
28694 784 7
28695 786 8
28696 800 9
28697 800 8
28698 805 9
28699 806 9
28700 802 9
28701 802 9
28702 640 9
28703 2 0
28704 3 0
28705 9 0
28706 16 0
28707 28 0
28708 44 0
28709 76 0
28710 115 0
28711 186 0
28712 240 0
28713 286 0
28714 312 0
28715 333 0
28716 347 0
28717 366 0
28718 377 0
28719 392 0
28720 422 0
28721 437 0
28722 452 0
28723 473 0
28724 488 0
28725 496 0
28726 512 0
28727 533 0
28728 554 0
28729 592 0
28730 602 1
28731 604 2
28732 621 2
28733 627 2
28734 660 2
28735 680 2
28736 685 2
28737 699 2
28738 706 2
28739 719 2
28740 724 2
28741 730 2
28742 743 2
28743 744 3
28744 755 3
28745 760 3
28746 762 4
28747 761 4
28748 761 0
28749 761 2
28750 761 5
28751 764 6
28752 775 7
28753 790 7
28754 791 8
28755 795 8
28756 795 9
28757 802 9
28758 798 9
28759 799 9
28760 799 9
28761 800 9
28762 801 9
28763 801 9
28764 711 9
28765 803 9
28766 816 9
28767 819 9
28768 819 9
28769 821 9
28770 821 9
28771 816 9
28772 1 0
28773 2 0
28774 3 0
28775 4 0
28776 9 0
28777 11 0
28778 13 0
28779 18 0
28780 21 0
28781 24 0
28782 29 0
28783 30 0
28784 35 0
28785 38 0
28786 51 0
28787 66 0
28788 72 0
28789 89 0
28790 115 0
28791 138 0
28792 176 0
28793 216 0
28794 245 0
28795 263 0
28796 280 0
28797 303 0
28798 311 0
28799 333 0
28800 345 0
28801 357 0
28802 375 0
28803 401 0
28804 415 0
28805 424 0
28806 438 0
28807 442 0
28808 456 0
28809 465 0
28810 486 0
28811 496 0
28812 499 1
28813 504 1
28814 518 1
28815 539 1
28816 561 1
28817 582 1
28818 593 1
28819 601 1
28820 613 1
28821 637 1
28822 653 1
28823 670 1
28824 679 1
28825 693 1
28826 697 1
28827 697 2
28828 724 2
28829 736 2
28830 736 3
28831 745 3
28832 750 3
28833 750 4
28834 754 5
28835 757 5
28836 758 6
28837 770 6
28838 778 6
28839 782 8
28840 785 8
28841 785 9
28842 796 8
28843 795 8
28844 798 8
28845 798 8
28846 802 8
28847 802 8
28848 804 8
28849 808 8
28850 806 8
28851 804 9
28852 805 9
28853 796 9
28854 802 9
28855 774 9
28856 791 9
28857 800 9
28858 800 9
28859 798 9
28860 795 9
28861 801 9
28862 798 9
28863 798 9
28864 800 10
28865 787 10
28866 798 10
28867 800 10
28868 1 0
28869 2 0
28870 3 0
28871 4 0
28872 5 0
28873 6 0
28874 7 0
28875 8 0
28876 9 0
28877 11 0
28878 13 0
28879 14 0
28880 15 0
28881 16 0
28882 17 0
28883 20 0
28884 23 0
28885 29 0
28886 35 0
28887 37 0
28888 43 0
28889 52 0
28890 57 0
28891 62 0
28892 65 0
28893 71 0
28894 76 0
28895 86 0
28896 90 0
28897 91 0
28898 98 0
28899 108 0
28900 126 0
28901 137 0
28902 148 0
28903 155 0
28904 165 0
28905 178 0
28906 191 0
28907 200 0
28908 210 0
28909 224 0
28910 231 0
28911 237 0
28912 246 0
28913 256 0
28914 263 0
28915 266 0
28916 270 0
28917 275 0
28918 281 0
28919 287 0
28920 295 0
28921 301 0
28922 310 0
28923 313 1
28924 317 1
28925 325 1
28926 334 1
28927 334 1
28928 338 1
28929 341 1
28930 347 1
28931 349 1
28932 356 1
28933 361 1
28934 365 1
28935 371 1
28936 380 0
28937 387 0
28938 389 1
28939 399 1
28940 406 1
28941 412 1
28942 419 1
28943 420 1
28944 426 1
28945 431 1
28946 437 1
28947 452 1
28948 462 1
28949 473 1
28950 483 1
28951 490 1
28952 498 1
28953 507 1
28954 523 1
28955 530 1
28956 547 1
28957 563 1
28958 579 1
28959 587 1
28960 607 1
28961 613 1
28962 621 1
28963 630 1
28964 646 1
28965 659 1
28966 672 1
28967 682 1
28968 690 1
28969 697 1
28970 700 1
28971 707 1
28972 712 1
28973 715 1
28974 717 1
28975 720 1
28976 720 2
28977 726 2
28978 726 3
28979 736 4
28980 738 5
28981 741 5
28982 744 5
28983 748 6
28984 758 6
28985 762 6
28986 768 6
28987 768 7
28988 782 7
28989 783 7
28990 783 8
28991 786 8
28992 786 9
28993 787 9
28994 787 10
28995 788 10
28996 787 10
28997 791 10
28998 789 10
28999 790 10
29000 788 9
29001 776 10
29002 781 10
29003 785 10
29004 793 10
29005 795 10
29006 798 10
29007 799 10
29008 799 10
29009 799 10
29010 798 10
29011 794 10
29012 797 10
29013 800 10
29014 797 10
29015 801 9
29016 799 9
29017 803 9
29018 802 9
29019 1 0
29020 2 0
29021 3 0
29022 4 0
29023 5 0
29024 7 0
29025 8 0
29026 9 0
29027 13 0
29028 15 0
29029 17 0
29030 18 0
29031 19 0
29032 21 0
29033 25 0
29034 28 0
29035 29 0
29036 30 0
29037 31 0
29038 34 0
29039 37 0
29040 39 0
29041 46 0
29042 49 0
29043 51 0
29044 58 0
29045 60 0
29046 63 0
29047 66 0
29048 69 0
29049 71 0
29050 74 0
29051 77 0
29052 82 0
29053 91 0
29054 94 0
29055 96 0
29056 102 0
29057 109 0
29058 117 0
29059 127 0
29060 132 0
29061 137 0
29062 142 0
29063 150 0
29064 157 0
29065 163 0
29066 173 0
29067 182 0
29068 185 0
29069 188 0
29070 193 0
29071 207 0
29072 212 0
29073 217 0
29074 221 0
29075 231 0
29076 234 0
29077 246 0
29078 251 0
29079 264 0
29080 269 0
29081 271 0
29082 277 0
29083 276 0
29084 282 0
29085 284 0
29086 286 0
29087 289 0
29088 292 0
29089 298 0
29090 299 0
29091 304 0
29092 307 0
29093 310 0
29094 325 0
29095 337 0
29096 339 0
29097 345 0
29098 347 0
29099 363 0
29100 371 0
29101 382 0
29102 386 0
29103 386 0
29104 394 0
29105 400 0
29106 402 0
29107 414 0
29108 418 0
29109 423 0
29110 422 0
29111 424 0
29112 436 0
29113 444 0
29114 450 0
29115 451 0
29116 452 1
29117 483 1
29118 511 1
29119 667 1
29120 698 2
29121 740 2
29122 741 3
29123 746 5
29124 756 6
29125 788 6
29126 790 6
29127 790 7
29128 794 8
29129 801 8
29130 801 9
29131 798 9
29132 799 8
29133 806 9
29134 807 10
29135 783 10
29136 801 10
29137 809 10
29138 814 10
29139 818 10
29140 819 10
29141 816 10
29142 815 10
29143 820 10
29144 788 9
29145 1 0
29146 2 0
29147 3 0
29148 4 0
29149 5 0
29150 6 0
29151 7 0
29152 8 0
29153 9 0
29154 10 0
29155 12 0
29156 13 0
29157 14 0
29158 15 0
29159 17 0
29160 18 0
29161 19 0
29162 21 0
29163 23 0
29164 24 0
29165 25 0
29166 27 0
29167 29 0
29168 35 0
29169 37 0
29170 41 0
29171 48 0
29172 52 0
29173 56 0
29174 59 0
29175 62 0
29176 70 0
29177 74 0
29178 75 0
29179 81 0
29180 91 0
29181 96 0
29182 105 0
29183 109 0
29184 116 0
29185 125 0
29186 132 0
29187 142 0
29188 156 0
29189 164 0
29190 176 0
29191 182 0
29192 193 0
29193 198 0
29194 204 0
29195 212 0
29196 225 0
29197 235 0
29198 243 0
29199 253 0
29200 262 0
29201 271 0
29202 276 0
29203 279 0
29204 284 0
29205 294 0
29206 300 0
29207 304 0
29208 310 0
29209 312 0
29210 316 0
29211 322 0
29212 329 0
29213 334 0
29214 338 0
29215 340 0
29216 343 0
29217 350 0
29218 352 0
29219 358 0
29220 361 0
29221 363 0
29222 369 0
29223 376 0
29224 385 0
29225 394 0
29226 401 0
29227 403 0
29228 410 0
29229 412 0
29230 420 0
29231 423 0
29232 424 0
29233 424 0
29234 426 0
29235 430 0
29236 435 0
29237 441 0
29238 443 0
29239 452 0
29240 452 0
29241 455 0
29242 464 0
29243 466 0
29244 471 0
29245 476 0
29246 484 0
29247 489 0
29248 492 0
29249 498 0
29250 504 0
29251 508 0
29252 514 0
29253 528 0
29254 534 0
29255 540 0
29256 543 0
29257 549 0
29258 554 0
29259 560 0
29260 568 0
29261 575 0
29262 582 0
29263 589 0
29264 589 1
29265 648 1
29266 683 1
29267 695 2
29268 711 2
29269 730 2
29270 758 2
29271 760 3
29272 765 4
29273 775 4
29274 775 5
29275 777 6
29276 780 7
29277 783 8
29278 796 8
29279 799 8
29280 739 7
29281 792 8
29282 801 8
29283 802 8
29284 803 8
29285 805 8
29286 806 8
29287 781 8
29288 803 7
29289 804 7
29290 804 7
29291 804 7
29292 805 7
29293 805 7
29294 806 7
29295 808 7
29296 808 7
29297 808 8
29298 809 8
29299 809 8
29300 810 8
29301 810 8
29302 812 8
29303 812 8
29304 813 8
29305 813 8
29306 811 8
29307 792 8
29308 0 0
29309 0 0
29310 1 0
29311 2 0
29312 3 0
29313 4 0
29314 5 0
29315 7 0
29316 8 0
29317 9 0
29318 10 0
29319 11 0
29320 13 0
29321 15 0
29322 17 0
29323 19 0
29324 22 0
29325 24 0
29326 25 0
29327 27 0
29328 30 0
29329 33 0
29330 35 0
29331 37 0
29332 42 0
29333 46 0
29334 50 0
29335 54 0
29336 58 0
29337 60 0
29338 62 0
29339 66 0
29340 71 0
29341 74 0
29342 77 0
29343 79 0
29344 86 0
29345 91 0
29346 94 0
29347 96 0
29348 103 0
29349 110 0
29350 115 0
29351 117 0
29352 122 0
29353 130 0
29354 139 0
29355 149 0
29356 162 0
29357 169 0
29358 174 0
29359 185 0
29360 192 0
29361 196 0
29362 207 0
29363 211 0
29364 219 0
29365 227 0
29366 235 0
29367 243 0
29368 251 0
29369 258 0
29370 261 0
29371 276 0
29372 284 0
29373 287 0
29374 292 0
29375 295 0
29376 300 0
29377 307 0
29378 312 0
29379 317 0
29380 319 0
29381 321 0
29382 326 0
29383 330 0
29384 333 0
29385 337 0
29386 340 0
29387 347 0
29388 350 0
29389 356 0
29390 357 0
29391 360 0
29392 366 0
29393 369 0
29394 378 0
29395 383 0
29396 389 0
29397 394 0
29398 396 0
29399 399 0
29400 402 0
29401 405 0
29402 407 0
29403 413 0
29404 418 0
29405 421 0
29406 431 0
29407 434 0
29408 440 0
29409 443 0
29410 448 0
29411 452 0
29412 454 0
29413 458 0
29414 459 0
29415 465 0
29416 469 0
29417 471 0
29418 474 0
29419 474 1
29420 499 2
29421 684 2
29422 717 2
29423 735 2
29424 746 2
29425 757 2
29426 760 3
29427 769 3
29428 769 5
29429 771 6
29430 789 7
29431 793 7
29432 793 8
29433 781 7
29434 817 7
29435 815 8
29436 813 8
29437 816 8
29438 812 8
29439 815 8
29440 816 8
29441 813 8
29442 818 8
29443 817 8
29444 818 8
29445 679 8
29446 1 0
29447 1 0
29448 2 0
29449 3 0
29450 4 0
29451 5 0
29452 6 0
29453 7 0
29454 8 0
29455 9 0
29456 10 0
29457 11 0
29458 12 0
29459 13 0
29460 15 0
29461 16 0
29462 18 0
29463 20 0
29464 21 0
29465 22 0
29466 26 0
29467 28 0
29468 31 0
29469 35 0
29470 38 0
29471 39 0
29472 41 0
29473 43 0
29474 44 0
29475 50 0
29476 55 0
29477 55 0
29478 56 0
29479 57 0
29480 60 0
29481 61 0
29482 63 0
29483 66 0
29484 72 0
29485 77 0
29486 83 0
29487 88 0
29488 93 0
29489 99 0
29490 103 0
29491 109 0
29492 112 0
29493 119 0
29494 121 0
29495 128 0
29496 138 0
29497 145 0
29498 154 0
29499 160 0
29500 166 0
29501 170 0
29502 178 0
29503 184 0
29504 191 0
29505 197 0
29506 205 0
29507 216 0
29508 220 0
29509 228 0
29510 234 0
29511 241 0
29512 250 0
29513 255 0
29514 264 0
29515 272 0
29516 276 0
29517 278 0
29518 283 0
29519 292 0
29520 298 0
29521 299 0
29522 303 0
29523 307 0
29524 309 0
29525 320 0
29526 323 0
29527 324 0
29528 333 0
29529 341 0
29530 346 0
29531 354 0
29532 358 0
29533 362 0
29534 370 0
29535 382 0
29536 390 0
29537 400 0
29538 407 0
29539 412 0
29540 417 0
29541 427 0
29542 433 0
29543 435 0
29544 442 0
29545 451 0
29546 463 0
29547 468 0
29548 485 0
29549 493 0
29550 497 0
29551 505 0
29552 522 0
29553 529 0
29554 539 0
29555 542 0
29556 549 0
29557 551 0
29558 557 0
29559 564 0
29560 580 0
29561 586 0
29562 593 0
29563 598 0
29564 605 0
29565 607 0
29566 614 0
29567 622 0
29568 630 0
29569 642 0
29570 646 0
29571 655 0
29572 661 0
29573 681 0
29574 685 0
29575 686 0
29576 686 1
29577 698 2
29578 720 2
29579 739 2
29580 750 2
29581 751 3
29582 757 4
29583 765 5
29584 778 6
29585 780 7
29586 789 8
29587 800 8
29588 802 8
29589 796 8
29590 801 7
29591 794 7
29592 803 7
29593 805 7
29594 809 7
29595 809 7
29596 810 7
29597 810 7
29598 810 7
29599 810 7
29600 810 7
29601 811 7
29602 798 7
29603 797 7
29604 801 7
29605 804 7
29606 806 7
29607 805 7
29608 618 7
29609 819 5
29610 830 6
29611 836 7
29612 837 7
29613 839 7
29614 840 7
29615 840 7
29616 803 7
29617 1 0
29618 1 0
29619 2 0
29620 3 0
29621 4 0
29622 6 0
29623 7 0
29624 7 0
29625 8 0
29626 10 0
29627 12 0
29628 15 0
29629 18 0
29630 19 0
29631 21 0
29632 23 0
29633 25 0
29634 30 0
29635 33 0
29636 39 0
29637 45 0
29638 49 0
29639 52 0
29640 53 0
29641 56 0
29642 62 0
29643 64 0
29644 66 0
29645 74 0
29646 80 0
29647 83 0
29648 91 0
29649 101 0
29650 103 0
29651 109 0
29652 115 0
29653 128 0
29654 139 0
29655 147 0
29656 160 0
29657 171 0
29658 186 0
29659 202 0
29660 228 0
29661 244 0
29662 264 0
29663 276 0
29664 286 0
29665 300 0
29666 309 0
29667 323 0
29668 328 0
29669 337 0
29670 341 0
29671 347 0
29672 355 0
29673 357 0
29674 364 0
29675 372 0
29676 375 0
29677 379 0
29678 384 0
29679 392 0
29680 394 1
29681 447 1
29682 616 0
29683 616 1
29684 617 2
29685 668 2
29686 706 3
29687 779 3
29688 796 3
29689 805 3
29690 806 3
29691 806 3
29692 807 3
29693 807 3
29694 807 3
29695 809 3
29696 810 3
29697 811 3
29698 811 3
29699 812 3
29700 813 3
29701 815 3
29702 816 3
29703 817 3
29704 818 3
29705 818 3
29706 819 3
29707 820 3
29708 820 4
29709 822 4
29710 822 4
29711 822 4
29712 823 4
29713 823 4
29714 824 4
29715 823 4
29716 824 5
29717 826 5
29718 827 5
29719 828 5
29720 829 5
29721 831 5
29722 831 6
29723 831 6
29724 831 6
29725 831 6
29726 832 6
29727 834 6
29728 835 7
29729 834 7
29730 834 7
29731 843 7
29732 842 7
29733 840 7
29734 841 7
29735 841 7
29736 833 7
29737 842 6
29738 844 6
29739 846 6
29740 843 7
29741 846 6
29742 847 6
29743 845 6
29744 844 6
29745 845 6
29746 844 6
29747 838 7
29748 1 0
29749 2 0
29750 3 0
29751 4 0
29752 5 0
29753 6 0
29754 8 0
29755 9 0
29756 11 0
29757 13 0
29758 15 0
29759 17 0
29760 19 0
29761 22 0
29762 23 0
29763 26 0
29764 29 0
29765 47 0
29766 56 0
29767 65 0
29768 81 0
29769 93 0
29770 112 0
29771 130 0
29772 157 0
29773 184 0
29774 211 0
29775 235 0
29776 262 0
29777 278 0
29778 286 0
29779 287 0
29780 294 0
29781 301 0
29782 307 0
29783 311 0
29784 320 0
29785 327 0
29786 335 0
29787 340 0
29788 348 0
29789 354 0
29790 365 0
29791 369 0
29792 372 0
29793 378 0
29794 383 0
29795 397 0
29796 407 0
29797 414 0
29798 420 0
29799 425 1
29800 428 1
29801 431 1
29802 435 1
29803 445 1
29804 450 1
29805 459 1
29806 468 1
29807 472 1
29808 481 1
29809 486 1
29810 496 1
29811 511 1
29812 521 1
29813 530 1
29814 541 1
29815 552 1
29816 560 1
29817 564 1
29818 576 1
29819 589 1
29820 595 1
29821 605 1
29822 616 1
29823 631 1
29824 634 1
29825 642 1
29826 645 1
29827 654 1
29828 659 1
29829 659 2
29830 660 2
29831 661 2
29832 664 2
29833 668 2
29834 675 2
29835 677 2
29836 680 2
29837 678 2
29838 681 2
29839 681 2
29840 685 2
29841 689 2
29842 692 2
29843 694 2
29844 697 2
29845 700 2
29846 700 2
29847 702 2
29848 703 2
29849 704 1
29850 704 3
29851 710 3
29852 723 3
29853 725 4
29854 732 5
29855 735 5
29856 738 5
29857 741 5
29858 741 5
29859 743 5
29860 745 5
29861 749 5
29862 758 5
29863 765 5
29864 765 6
29865 778 6
29866 779 6
29867 789 6
29868 790 7
29869 790 7
29870 794 7
29871 789 7
29872 789 7
29873 796 7
29874 796 8
29875 792 7
29876 802 7
29877 777 6
29878 793 7
29879 811 8
29880 809 5
29881 809 5
29882 810 5
29883 810 6
29884 808 8
29885 774 8
29886 1 0
29887 1 0
29888 2 0
29889 3 0
29890 4 0
29891 5 0
29892 7 0
29893 10 0
29894 12 0
29895 17 0
29896 21 0
29897 26 0
29898 34 0
29899 43 0
29900 58 0
29901 73 0
29902 101 0
29903 132 0
29904 162 0
29905 213 0
29906 217 1
29907 248 1
29908 280 1
29909 295 1
29910 310 1
29911 317 1
29912 327 0
29913 330 1
29914 345 1
29915 355 1
29916 365 1
29917 399 1
29918 424 1
29919 453 1
29920 480 1
29921 493 1
29922 508 1
29923 549 1
29924 584 1
29925 615 1
29926 627 1
29927 655 1
29928 674 1
29929 683 1
29930 704 1
29931 709 1
29932 718 1
29933 723 1
29934 726 1
29935 735 1
29936 745 1
29937 751 1
29938 751 2
29939 753 3
29940 757 3
29941 757 4
29942 767 4
29943 768 4
29944 776 4
29945 777 5
29946 781 7
29947 786 7
29948 787 7
29949 787 6
29950 792 6
29951 791 7
29952 795 6
29953 794 6
29954 793 6
29955 793 6
29956 762 6
29957 789 6
29958 791 6
29959 791 6
29960 794 6
29961 789 6
29962 794 6
29963 787 6
29964 1 0
29965 2 0
29966 3 0
29967 4 0
29968 5 0
29969 6 0
29970 8 0
29971 9 0
29972 10 0
29973 11 0
29974 12 0
29975 13 0
29976 15 0
29977 19 0
29978 21 0
29979 24 0
29980 25 0
29981 27 0
29982 29 0
29983 30 0
29984 31 0
29985 36 0
29986 39 0
29987 45 0
29988 52 0
29989 55 0
29990 58 0
29991 63 0
29992 68 0
29993 72 0
29994 80 0
29995 82 0
29996 89 0
29997 97 0
29998 105 0
29999 113 0
30000 122 0
30001 130 0
30002 135 0
30003 147 0
30004 151 0
30005 159 0
30006 175 0
30007 189 0
30008 204 0
30009 211 0
30010 213 0
30011 221 0
30012 230 0
30013 235 0
30014 242 0
30015 248 0
30016 256 0
30017 258 0
30018 264 0
30019 268 0
30020 277 0
30021 282 0
30022 287 0
30023 293 0
30024 295 0
30025 301 0
30026 302 1
30027 308 1
30028 314 1
30029 337 1
30030 354 1
30031 388 1
30032 402 1
30033 429 1
30034 459 1
30035 499 1
30036 512 1
30037 559 1
30038 590 1
30039 622 1
30040 648 1
30041 664 1
30042 680 1
30043 694 1
30044 710 1
30045 740 1
30046 745 1
30047 745 2
30048 757 2
30049 762 3
30050 764 4
30051 776 5
30052 780 5
30053 780 5
30054 780 6
30055 760 6
30056 786 6
30057 794 6
30058 796 6
30059 789 6
30060 793 6
30061 793 6
30062 776 6
30063 785 6
30064 791 6
30065 790 6
30066 791 6
30067 790 6
30068 784 6
30069 788 7
30070 789 7
30071 785 7
30072 787 7
30073 772 7
30074 788 6
30075 792 6
30076 794 7
30077 795 7
30078 790 7
30079 793 7
30080 795 7
30081 793 7
30082 799 7
30083 799 7
30084 799 7
30085 800 7
30086 799 7
30087 798 7
30088 797 7
30089 1 0
30090 2 0
30091 3 0
30092 4 0
30093 5 0
30094 6 0
30095 7 0
30096 9 0
30097 10 0
30098 13 0
30099 15 0
30100 17 0
30101 20 0
30102 23 0
30103 25 0
30104 26 0
30105 29 0
30106 31 0
30107 33 0
30108 36 0
30109 39 0
30110 44 0
30111 51 0
30112 52 0
30113 55 0
30114 57 0
30115 62 0
30116 66 0
30117 75 0
30118 79 0
30119 84 0
30120 88 1
30121 95 1
30122 98 1
30123 104 1
30124 110 1
30125 118 1
30126 129 1
30127 133 1
30128 143 1
30129 157 1
30130 168 1
30131 175 1
30132 188 1
30133 199 1
30134 208 1
30135 216 1
30136 225 1
30137 231 1
30138 240 1
30139 244 1
30140 251 1
30141 259 1
30142 263 1
30143 274 1
30144 282 1
30145 287 1
30146 290 1
30147 297 1
30148 304 1
30149 309 1
30150 314 1
30151 317 1
30152 323 1
30153 329 1
30154 338 1
30155 351 1
30156 356 1
30157 364 1
30158 374 1
30159 382 0
30160 381 0
30161 387 0
30162 397 0
30163 405 0
30164 413 0
30165 422 0
30166 430 0
30167 439 0
30168 448 0
30169 453 0
30170 456 0
30171 457 1
30172 667 1
30173 711 1
30174 756 1
30175 760 2
30176 774 3
30177 780 5
30178 780 7
30179 791 6
30180 792 7
30181 789 8
30182 789 8
30183 788 8
30184 788 8
30185 788 8
30186 795 8
30187 787 8
30188 790 8
30189 791 8
30190 798 8
30191 799 8
30192 800 8
30193 798 9
30194 800 8
30195 797 9
30196 801 9
30197 802 9
30198 802 9
30199 804 9
30200 804 9
30201 802 9
30202 776 9
30203 0 0
30204 1 0
30205 2 0
30206 3 0
30207 4 0
30208 5 0
30209 6 0
30210 7 0
30211 8 0
30212 9 0
30213 10 0
30214 11 0
30215 12 0
30216 13 0
30217 14 0
30218 15 0
30219 16 0
30220 18 0
30221 20 0
30222 22 0
30223 23 0
30224 26 0
30225 33 0
30226 38 0
30227 49 0
30228 55 0
30229 64 0
30230 70 0
30231 80 0
30232 88 0
30233 97 0
30234 117 0
30235 131 0
30236 150 0
30237 169 0
30238 185 0
30239 208 0
30240 210 1
30241 230 1
30242 249 1
30243 257 0
30244 258 1
30245 277 1
30246 304 1
30247 320 1
30248 341 1
30249 367 0
30250 407 0
30251 437 0
30252 479 0
30253 517 0
30254 542 0
30255 542 1
30256 551 1
30257 564 1
30258 572 2
30259 624 2
30260 663 2
30261 674 2
30262 682 2
30263 688 2
30264 695 2
30265 701 2
30266 705 2
30267 714 2
30268 717 2
30269 724 2
30270 732 2
30271 733 2
30272 740 2
30273 740 4
30274 740 4
30275 741 4
30276 745 4
30277 747 4
30278 753 4
30279 755 4
30280 761 4
30281 763 4
30282 763 5
30283 769 5
30284 769 7
30285 773 7
30286 775 8
30287 774 8
30288 777 9
30289 782 9
30290 778 9
30291 781 9
30292 782 9
30293 773 9
30294 784 9
30295 786 9
30296 787 9
30297 788 9
30298 784 9
30299 793 9
30300 793 9
30301 788 9
30302 791 9
30303 794 9
30304 795 9
30305 798 9
30306 793 9
30307 797 9
30308 793 9
30309 1 0
30310 2 0
30311 3 0
30312 4 0
30313 7 0
30314 8 0
30315 9 0
30316 11 0
30317 13 0
30318 15 0
30319 18 0
30320 21 0
30321 22 0
30322 28 0
30323 32 0
30324 39 0
30325 46 0
30326 50 0
30327 60 0
30328 67 0
30329 75 0
30330 79 0
30331 81 0
30332 94 0
30333 104 0
30334 114 0
30335 125 0
30336 139 0
30337 146 0
30338 157 0
30339 173 0
30340 182 0
30341 204 0
30342 222 0
30343 226 0
30344 240 0
30345 246 0
30346 254 0
30347 263 0
30348 268 0
30349 277 0
30350 282 0
30351 290 0
30352 298 0
30353 300 0
30354 305 0
30355 310 0
30356 315 0
30357 320 0
30358 328 0
30359 332 0
30360 341 0
30361 351 0
30362 357 0
30363 360 0
30364 361 0
30365 369 0
30366 376 0
30367 383 0
30368 389 0
30369 397 0
30370 404 0
30371 407 0
30372 413 0
30373 424 0
30374 426 0
30375 429 0
30376 436 0
30377 441 0
30378 446 0
30379 461 0
30380 468 0
30381 472 0
30382 481 0
30383 488 0
30384 492 1
30385 497 2
30386 504 2
30387 508 2
30388 517 2
30389 523 2
30390 527 2
30391 537 2
30392 546 2
30393 551 2
30394 556 2
30395 564 2
30396 570 2
30397 579 2
30398 584 2
30399 593 2
30400 596 2
30401 599 2
30402 604 2
30403 612 2
30404 619 2
30405 622 2
30406 630 2
30407 635 2
30408 640 2
30409 642 2
30410 651 2
30411 657 2
30412 663 2
30413 669 2
30414 678 2
30415 681 2
30416 685 2
30417 687 2
30418 694 2
30419 701 2
30420 711 2
30421 720 2
30422 726 2
30423 734 2
30424 734 3
30425 741 3
30426 746 4
30427 752 4
30428 752 4
30429 752 5
30430 760 5
30431 768 5
30432 769 5
30433 769 6
30434 775 6
30435 775 7
30436 778 8
30437 779 8
30438 787 8
30439 789 8
30440 788 8
30441 788 8
30442 788 8
30443 789 9
30444 791 10
30445 523 10
30446 779 5
30447 792 7
30448 792 8
30449 796 9
30450 800 10
30451 800 10
30452 803 10
30453 803 10
30454 804 10
30455 804 10
30456 804 10
30457 804 10
30458 805 10
30459 806 10
30460 806 10
30461 806 10
30462 805 10
30463 806 10
30464 806 10
30465 806 10
30466 805 10
30467 806 10
30468 806 10
30469 803 10
30470 799 10
30471 801 10
30472 802 10
30473 802 10
30474 796 9
30475 802 9
30476 802 9
30477 800 9
30478 1 0
30479 2 0
30480 3 0
30481 4 0
30482 6 0
30483 8 0
30484 9 0
30485 10 0
30486 14 0
30487 15 0
30488 16 0
30489 18 0
30490 19 0
30491 21 0
30492 26 0
30493 30 0
30494 32 0
30495 35 0
30496 39 0
30497 42 0
30498 47 0
30499 52 0
30500 55 0
30501 63 0
30502 72 0
30503 77 0
30504 84 0
30505 87 0
30506 97 0
30507 108 0
30508 120 0
30509 126 0
30510 137 0
30511 148 0
30512 156 0
30513 171 0
30514 185 0
30515 198 0
30516 208 0
30517 216 0
30518 230 0
30519 247 0
30520 259 0
30521 264 0
30522 272 0
30523 275 0
30524 277 0
30525 281 0
30526 292 0
30527 299 0
30528 304 0
30529 313 0
30530 319 0
30531 326 0
30532 329 0
30533 333 0
30534 336 0
30535 337 0
30536 344 0
30537 357 0
30538 360 0
30539 368 0
30540 373 0
30541 380 0
30542 389 0
30543 397 0
30544 409 0
30545 417 0
30546 423 0
30547 434 0
30548 439 0
30549 444 0
30550 448 0
30551 452 0
30552 457 0
30553 462 0
30554 467 0
30555 476 0
30556 480 0
30557 485 0
30558 493 0
30559 498 0
30560 503 0
30561 506 0
30562 506 1
30563 538 1
30564 642 1
30565 654 1
30566 663 1
30567 662 2
30568 662 3
30569 681 3
30570 686 3
30571 689 3
30572 696 3
30573 703 3
30574 707 3
30575 708 3
30576 710 3
30577 718 3
30578 720 3
30579 722 3
30580 724 3
30581 724 3
30582 730 3
30583 730 3
30584 730 3
30585 729 3
30586 730 3
30587 730 4
30588 735 4
30589 735 4
30590 735 4
30591 738 4
30592 744 4
30593 755 4
30594 757 6
30595 765 6
30596 776 6
30597 781 7
30598 789 7
30599 789 8
30600 798 9
30601 787 9
30602 800 8
30603 805 8
30604 805 9
30605 809 9
30606 779 9
30607 809 9
30608 808 9
30609 810 9
30610 681 9
30611 1 0
30612 2 0
30613 4 0
30614 5 0
30615 6 0
30616 8 0
30617 10 0
30618 11 0
30619 12 0
30620 15 0
30621 20 0
30622 24 0
30623 26 0
30624 32 0
30625 37 0
30626 42 0
30627 49 0
30628 54 0
30629 62 0
30630 67 0
30631 74 0
30632 79 0
30633 86 0
30634 101 0
30635 114 0
30636 129 0
30637 144 0
30638 162 0
30639 174 0
30640 192 0
30641 214 0
30642 228 0
30643 239 0
30644 247 0
30645 261 0
30646 263 0
30647 279 0
30648 285 0
30649 294 0
30650 302 0
30651 313 0
30652 316 0
30653 323 0
30654 327 0
30655 332 0
30656 341 0
30657 347 0
30658 356 0
30659 365 0
30660 372 0
30661 379 0
30662 396 0
30663 400 0
30664 406 0
30665 412 0
30666 423 0
30667 436 0
30668 446 0
30669 453 0
30670 458 0
30671 467 0
30672 473 0
30673 482 0
30674 484 0
30675 493 0
30676 500 0
30677 511 0
30678 520 0
30679 525 0
30680 533 0
30681 543 0
30682 544 1
30683 552 2
30684 592 2
30685 622 2
30686 634 2
30687 650 3
30688 655 3
30689 658 3
30690 662 3
30691 662 3
30692 667 3
30693 668 3
30694 671 3
30695 675 3
30696 676 3
30697 680 3
30698 681 3
30699 683 3
30700 686 3
30701 689 3
30702 690 3
30703 691 3
30704 694 3
30705 695 3
30706 695 3
30707 694 3
30708 697 3
30709 697 3
30710 697 3
30711 698 3
30712 700 3
30713 701 3
30714 703 3
30715 703 3
30716 706 3
30717 706 3
30718 707 3
30719 707 3
30720 707 3
30721 708 3
30722 710 3
30723 710 3
30724 710 3
30725 715 3
30726 718 3
30727 719 3
30728 720 3
30729 721 3
30730 724 3
30731 726 3
30732 733 3
30733 732 3
30734 736 3
30735 739 3
30736 739 3
30737 739 3
30738 739 3
30739 741 3
30740 741 3
30741 741 3
30742 742 3
30743 742 3
30744 743 3
30745 744 4
30746 746 4
30747 745 4
30748 748 4
30749 751 4
30750 752 4
30751 752 4
30752 753 4
30753 754 6
30754 754 6
30755 755 6
30756 756 6
30757 756 6
30758 756 6
30759 760 6
30760 763 6
30761 766 6
30762 767 6
30763 766 6
30764 767 6
30765 767 6
30766 771 6
30767 774 6
30768 776 7
30769 788 7
30770 788 8
30771 785 8
30772 802 7
30773 804 7
30774 797 7
30775 805 7
30776 753 7
30777 804 7
30778 816 7
30779 816 7
30780 817 7
30781 815 7
30782 815 7
30783 813 8
30784 1 0
30785 2 0
30786 3 0
30787 4 0
30788 5 0
30789 6 0
30790 7 0
30791 8 0
30792 10 0
30793 12 0
30794 13 0
30795 15 0
30796 16 0
30797 17 0
30798 18 0
30799 21 0
30800 26 0
30801 28 0
30802 33 0
30803 38 0
30804 41 0
30805 44 0
30806 47 0
30807 53 0
30808 57 0
30809 63 0
30810 66 0
30811 74 0
30812 82 0
30813 84 0
30814 85 0
30815 87 0
30816 95 0
30817 102 0
30818 107 0
30819 116 0
30820 126 0
30821 129 0
30822 134 0
30823 143 0
30824 154 0
30825 166 0
30826 174 0
30827 178 0
30828 186 0
30829 195 0
30830 201 0
30831 210 0
30832 213 0
30833 223 0
30834 228 0
30835 235 0
30836 238 0
30837 244 0
30838 248 0
30839 253 0
30840 265 0
30841 268 0
30842 272 0
30843 284 0
30844 295 0
30845 301 0
30846 304 0
30847 308 0
30848 313 0
30849 314 0
30850 318 0
30851 324 0
30852 326 0
30853 333 0
30854 337 0
30855 343 0
30856 352 0
30857 357 0
30858 365 0
30859 372 0
30860 384 0
30861 392 0
30862 394 0
30863 397 0
30864 408 0
30865 417 0
30866 420 0
30867 430 0
30868 434 0
30869 440 0
30870 444 0
30871 449 0
30872 456 0
30873 463 0
30874 463 1
30875 468 1
30876 472 1
30877 476 1
30878 484 1
30879 492 1
30880 501 1
30881 514 1
30882 516 1
30883 521 1
30884 528 1
30885 535 1
30886 542 1
30887 551 1
30888 559 1
30889 563 1
30890 569 1
30891 576 1
30892 585 1
30893 587 1
30894 595 1
30895 602 1
30896 613 1
30897 617 1
30898 620 1
30899 631 1
30900 639 1
30901 643 1
30902 652 1
30903 661 1
30904 664 1
30905 664 1
30906 665 1
30907 665 1
30908 667 1
30909 667 1
30910 667 1
30911 668 1
30912 669 1
30913 669 1
30914 670 1
30915 670 1
30916 672 1
30917 672 1
30918 672 1
30919 672 1
30920 673 1
30921 675 1
30922 678 1
30923 679 1
30924 683 1
30925 685 1
30926 688 1
30927 690 1
30928 693 1
30929 693 1
30930 693 1
30931 695 1
30932 702 1
30933 705 1
30934 706 1
30935 705 1
30936 706 1
30937 708 1
30938 711 1
30939 712 1
30940 712 1
30941 713 1
30942 713 2
30943 713 2
30944 712 2
30945 714 2
30946 715 2
30947 716 2
30948 716 2
30949 718 2
30950 720 2
30951 722 2
30952 725 2
30953 735 2
30954 742 2
30955 746 2
30956 747 0
30957 747 1
30958 747 2
30959 747 3
30960 752 4
30961 760 5
30962 764 5
30963 767 5
30964 773 6
30965 787 6
30966 794 7
30967 802 8
30968 809 8
30969 809 8
30970 810 6
30971 810 7
30972 810 7
30973 768 7
30974 801 7
30975 808 7
30976 809 7
30977 809 7
30978 811 7
30979 811 7
30980 812 7
30981 814 7
30982 815 7
30983 779 7
30984 805 7
30985 807 7
30986 811 7
30987 814 7
30988 814 7
30989 818 7
30990 820 8
30991 0 0
30992 1 0
30993 2 0
30994 3 0
30995 4 0
30996 5 0
30997 7 0
30998 8 0
30999 9 0
31000 10 0
31001 13 0
31002 15 0
31003 17 0
31004 19 0
31005 25 0
31006 30 0
31007 31 0
31008 34 0
31009 39 0
31010 52 0
31011 58 0
31012 70 0
31013 80 0
31014 94 0
31015 105 0
31016 127 0
31017 151 0
31018 181 0
31019 199 0
31020 226 0
31021 247 0
31022 257 0
31023 278 0
31024 292 0
31025 305 0
31026 314 0
31027 323 0
31028 332 0
31029 338 0
31030 345 0
31031 367 0
31032 377 0
31033 380 0
31034 396 0
31035 408 0
31036 418 0
31037 425 0
31038 438 0
31039 452 0
31040 460 0
31041 460 1
31042 625 1
31043 625 2
31044 641 2
31045 655 2
31046 666 2
31047 670 2
31048 679 2
31049 682 2
31050 687 2
31051 690 2
31052 694 2
31053 700 2
31054 704 2
31055 706 2
31056 709 1
31057 708 1
31058 710 1
31059 711 1
31060 712 1
31061 715 2
31062 741 2
31063 757 2
31064 757 4
31065 758 5
31066 764 5
31067 777 6
31068 780 7
31069 783 7
31070 789 7
31071 796 7
31072 796 8
31073 802 8
31074 806 8
31075 805 7
31076 802 7
31077 808 7
31078 811 7
31079 812 7
31080 813 7
31081 813 7
31082 797 7
31083 814 7
31084 815 7
31085 815 7
31086 815 7
31087 815 7
31088 815 7
31089 815 7
31090 815 7
31091 814 7
31092 814 7
31093 814 7
31094 814 7
31095 814 7
31096 814 7
31097 814 7
31098 814 7
31099 814 7
31100 813 7
31101 813 7
31102 813 7
31103 813 7
31104 813 7
31105 815 7
31106 813 7
31107 813 7
31108 804 7
31109 1 0
31110 2 0
31111 3 0
31112 4 0
31113 5 0
31114 7 0
31115 8 0
31116 9 0
31117 11 0
31118 13 0
31119 14 0
31120 15 0
31121 18 0
31122 24 0
31123 28 0
31124 34 0
31125 41 0
31126 44 0
31127 50 0
31128 57 0
31129 69 0
31130 74 0
31131 81 0
31132 88 0
31133 100 0
31134 104 0
31135 115 0
31136 124 0
31137 132 0
31138 150 0
31139 159 0
31140 171 0
31141 182 0
31142 205 0
31143 219 0
31144 238 0
31145 243 0
31146 252 0
31147 258 0
31148 271 0
31149 282 0
31150 286 0
31151 294 0
31152 301 0
31153 310 0
31154 324 0
31155 328 0
31156 333 0
31157 334 0
31158 344 0
31159 348 0
31160 357 0
31161 361 0
31162 367 0
31163 367 0
31164 373 0
31165 377 0
31166 384 0
31167 392 0
31168 401 0
31169 404 0
31170 412 0
31171 422 0
31172 431 0
31173 435 0
31174 440 0
31175 442 0
31176 450 0
31177 455 0
31178 469 0
31179 481 0
31180 488 0
31181 495 0
31182 502 0
31183 504 0
31184 504 1
31185 536 1
31186 561 1
31187 686 1
31188 687 1
31189 686 1
31190 687 1
31191 688 1
31192 688 1
31193 688 1
31194 688 1
31195 685 1
31196 686 1
31197 687 1
31198 687 1
31199 689 1
31200 689 1
31201 690 1
31202 691 1
31203 692 1
31204 690 1
31205 690 1
31206 691 1
31207 691 1
31208 691 1
31209 691 1
31210 691 1
31211 691 1
31212 692 1
31213 691 1
31214 692 1
31215 693 1
31216 694 1
31217 694 1
31218 694 1
31219 693 1
31220 693 1
31221 693 1
31222 694 1
31223 694 1
31224 694 1
31225 695 1
31226 696 1
31227 696 1
31228 697 1
31229 697 1
31230 697 1
31231 697 1
31232 698 1
31233 699 1
31234 699 1
31235 699 1
31236 700 1
31237 700 1
31238 700 1
31239 702 1
31240 702 1
31241 702 1
31242 702 1
31243 703 1
31244 703 1
31245 703 1
31246 703 1
31247 703 1
31248 704 1
31249 704 1
31250 704 1
31251 705 1
31252 705 1
31253 705 1
31254 706 1
31255 708 1
31256 710 1
31257 712 1
31258 714 1
31259 715 1
31260 715 1
31261 717 1
31262 719 2
31263 719 2
31264 723 2
31265 727 2
31266 730 2
31267 733 2
31268 739 2
31269 742 2
31270 746 3
31271 748 3
31272 752 4
31273 757 4
31274 762 5
31275 765 5
31276 767 6
31277 771 6
31278 774 6
31279 784 6
31280 784 7
31281 797 7
31282 802 7
31283 805 7
31284 805 7
31285 806 7
31286 806 7
31287 807 7
31288 805 7
31289 805 7
31290 805 7
31291 806 7
31292 799 7
31293 805 7
31294 798 7
31295 806 7
31296 809 7
31297 806 7
31298 1 0
31299 2 0
31300 3 0
31301 4 0
31302 5 0
31303 7 0
31304 8 0
31305 9 0
31306 14 0
31307 20 0
31308 33 0
31309 54 0
31310 75 0
31311 102 0
31312 144 0
31313 222 0
31314 278 0
31315 296 0
31316 303 0
31317 314 0
31318 334 0
31319 350 0
31320 363 0
31321 375 0
31322 383 0
31323 394 0
31324 413 0
31325 436 0
31326 457 0
31327 467 0
31328 479 0
31329 499 0
31330 516 0
31331 538 0
31332 554 0
31333 576 0
31334 596 0
31335 599 1
31336 618 1
31337 640 1
31338 653 1
31339 675 1
31340 685 1
31341 686 1
31342 686 1
31343 686 1
31344 687 1
31345 687 1
31346 689 1
31347 689 1
31348 689 1
31349 690 1
31350 689 1
31351 690 1
31352 690 1
31353 691 1
31354 691 1
31355 692 1
31356 693 1
31357 694 1
31358 694 1
31359 694 1
31360 695 1
31361 698 1
31362 701 1
31363 701 1
31364 704 1
31365 709 1
31366 709 2
31367 721 2
31368 730 2
31369 737 2
31370 741 2
31371 745 2
31372 743 2
31373 744 3
31374 751 3
31375 753 3
31376 761 4
31377 765 4
31378 766 4
31379 766 5
31380 774 5
31381 777 5
31382 781 5
31383 781 6
31384 784 6
31385 784 7
31386 789 7
31387 793 7
31388 798 7
31389 799 7
31390 802 7
31391 796 8
31392 803 8
31393 802 8
31394 803 8
31395 804 7
31396 803 8
31397 803 8
31398 808 8
31399 809 8
31400 810 8
31401 811 8
31402 810 8
31403 810 8
31404 809 8
31405 805 8
31406 802 7
31407 807 7
31408 809 7
31409 808 7
31410 809 7
31411 809 7
31412 809 7
31413 809 7
31414 810 7
31415 813 7
31416 813 6
31417 814 7
31418 814 7
31419 804 8
31420 1 0
31421 2 0
31422 3 0
31423 7 0
31424 8 0
31425 11 0
31426 13 0
31427 19 0
31428 31 0
31429 37 0
31430 51 0
31431 60 0
31432 73 0
31433 89 0
31434 121 0
31435 148 0
31436 179 0
31437 205 0
31438 230 0
31439 256 0
31440 269 0
31441 275 0
31442 295 0
31443 304 0
31444 313 0
31445 319 0
31446 328 0
31447 337 0
31448 345 0
31449 349 0
31450 358 0
31451 372 0
31452 378 0
31453 397 0
31454 404 0
31455 411 0
31456 426 0
31457 431 0
31458 436 0
31459 441 0
31460 451 0
31461 458 0
31462 467 0
31463 474 0
31464 479 0
31465 487 0
31466 498 0
31467 511 0
31468 519 0
31469 535 0
31470 548 0
31471 558 0
31472 560 0
31473 579 0
31474 584 0
31475 589 0
31476 592 0
31477 595 0
31478 601 0
31479 616 0
31480 633 0
31481 638 1
31482 649 1
31483 661 1
31484 670 0
31485 677 0
31486 683 0
31487 692 0
31488 702 0
31489 710 0
31490 725 0
31491 740 0
31492 749 0
31493 754 0
31494 753 1
31495 757 1
31496 763 1
31497 770 2
31498 770 2
31499 770 3
31500 773 4
31501 779 4
31502 785 4
31503 789 4
31504 790 4
31505 790 5
31506 793 5
31507 793 6
31508 796 6
31509 795 6
31510 797 7
31511 802 7
31512 799 7
31513 801 6
31514 802 7
31515 804 7
31516 803 7
31517 810 7
31518 814 7
31519 815 7
31520 814 7
31521 812 7
31522 816 6
31523 819 7
31524 806 7
31525 818 7
31526 820 7
31527 819 7
31528 814 7
31529 817 7
31530 819 7
31531 819 7
31532 816 7
31533 810 7
31534 814 7
31535 815 7
31536 819 7
31537 818 7
31538 820 7
31539 821 7
31540 820 6
31541 822 6
31542 822 6
31543 822 6
31544 814 7
31545 822 7
31546 824 7
31547 831 7
31548 833 7
31549 832 7
31550 833 7
31551 833 7
31552 832 7
31553 832 7
31554 1 0
31555 2 0
31556 3 0
31557 4 0
31558 5 0
31559 7 0
31560 9 0
31561 11 0
31562 13 0
31563 17 0
31564 18 0
31565 23 0
31566 27 0
31567 31 0
31568 37 0
31569 46 0
31570 56 0
31571 63 0
31572 72 0
31573 87 0
31574 105 0
31575 118 0
31576 134 0
31577 157 0
31578 172 0
31579 205 0
31580 231 0
31581 249 0
31582 262 0
31583 275 0
31584 282 0
31585 289 0
31586 294 0
31587 305 0
31588 310 0
31589 317 0
31590 325 0
31591 339 0
31592 345 0
31593 357 0
31594 369 0
31595 376 0
31596 392 0
31597 399 0
31598 406 0
31599 411 0
31600 423 0
31601 428 0
31602 432 0
31603 436 0
31604 445 0
31605 454 0
31606 458 0
31607 462 0
31608 473 0
31609 481 0
31610 485 0
31611 485 0
31612 491 0
31613 504 0
31614 510 0
31615 521 0
31616 529 0
31617 536 1
31618 546 1
31619 561 1
31620 574 1
31621 590 1
31622 601 1
31623 608 1
31624 622 1
31625 633 1
31626 643 1
31627 649 1
31628 659 1
31629 666 1
31630 675 1
31631 679 1
31632 680 1
31633 689 1
31634 694 1
31635 696 1
31636 696 2
31637 700 2
31638 702 2
31639 702 2
31640 706 2
31641 713 2
31642 715 2
31643 717 2
31644 722 2
31645 730 2
31646 734 2
31647 735 2
31648 737 3
31649 744 3
31650 744 4
31651 752 4
31652 761 4
31653 768 4
31654 777 4
31655 777 5
31656 789 5
31657 792 6
31658 792 7
31659 802 7
31660 809 7
31661 812 7
31662 814 7
31663 817 7
31664 815 8
31665 820 8
31666 822 8
31667 824 8
31668 817 8
31669 820 7
31670 819 7
31671 822 7
31672 824 7
31673 822 7
31674 822 7
31675 818 7
31676 819 7
31677 819 7
31678 820 7
31679 821 7
31680 817 7
31681 817 7
31682 819 7
31683 819 7
31684 812 7
31685 816 7
31686 827 7
31687 829 7
31688 829 7
31689 1 0
31690 2 0
31691 2 0
31692 3 0
31693 4 0
31694 5 0
31695 6 0
31696 7 0
31697 9 0
31698 10 0
31699 11 0
31700 12 0
31701 13 0
31702 14 0
31703 15 0
31704 16 0
31705 17 0
31706 19 0
31707 20 0
31708 21 0
31709 24 0
31710 26 0
31711 28 0
31712 29 0
31713 31 0
31714 35 0
31715 37 0
31716 39 0
31717 41 0
31718 45 0
31719 48 0
31720 50 0
31721 54 0
31722 58 0
31723 61 0
31724 65 0
31725 71 0
31726 76 0
31727 79 0
31728 83 0
31729 86 0
31730 97 0
31731 108 0
31732 111 0
31733 121 0
31734 137 0
31735 140 0
31736 151 0
31737 162 0
31738 169 0
31739 177 0
31740 191 0
31741 202 0
31742 210 0
31743 216 0
31744 228 0
31745 232 0
31746 249 0
31747 259 0
31748 270 0
31749 279 0
31750 288 0
31751 293 0
31752 297 0
31753 303 0
31754 315 0
31755 324 0
31756 329 0
31757 340 0
31758 353 0
31759 358 0
31760 366 0
31761 374 0
31762 383 0
31763 389 0
31764 398 0
31765 407 0
31766 411 0
31767 418 0
31768 425 0
31769 427 0
31770 432 0
31771 440 0
31772 454 0
31773 460 0
31774 461 0
31775 463 0
31776 466 0
31777 475 0
31778 483 0
31779 498 0
31780 506 0
31781 518 0
31782 520 1
31783 693 1
31784 698 1
31785 700 1
31786 706 1
31787 710 1
31788 715 1
31789 719 1
31790 725 1
31791 727 1
31792 731 1
31793 732 1
31794 734 1
31795 735 1
31796 736 1
31797 739 1
31798 742 1
31799 744 1
31800 748 1
31801 750 1
31802 753 1
31803 753 1
31804 753 1
31805 754 1
31806 756 1
31807 757 3
31808 764 3
31809 768 3
31810 767 3
31811 769 3
31812 772 3
31813 779 3
31814 786 3
31815 786 4
31816 790 5
31817 798 5
31818 799 6
31819 809 6
31820 821 7
31821 759 7
31822 829 7
31823 837 7
31824 837 7
31825 837 7
31826 840 8
31827 839 7
31828 840 7
31829 843 7
31830 813 7
31831 1 0
31832 2 0
31833 3 0
31834 4 0
31835 5 0
31836 7 0
31837 8 0
31838 9 0
31839 10 0
31840 11 0
31841 12 0
31842 21 0
31843 65 0
31844 146 0
31845 356 0
31846 384 0
31847 418 0
31848 442 0
31849 476 0
31850 523 0
31851 566 0
31852 592 1
31853 631 1
31854 674 1
31855 696 1
31856 729 1
31857 742 1
31858 763 1
31859 775 1
31860 775 1
31861 776 1
31862 777 1
31863 778 1
31864 779 1
31865 779 1
31866 780 1
31867 780 1
31868 779 1
31869 780 1
31870 780 1
31871 782 1
31872 786 1
31873 786 1
31874 785 1
31875 785 1
31876 786 1
31877 788 1
31878 790 1
31879 791 1
31880 794 1
31881 794 1
31882 793 1
31883 794 1
31884 794 2
31885 794 2
31886 793 2
31887 794 2
31888 795 2
31889 796 2
31890 796 2
31891 796 2
31892 796 2
31893 798 2
31894 798 2
31895 798 2
31896 798 2
31897 798 2
31898 799 2
31899 800 2
31900 801 2
31901 801 2
31902 801 2
31903 801 2
31904 801 2
31905 802 2
31906 802 2
31907 802 2
31908 803 2
31909 805 2
31910 806 2
31911 804 3
31912 804 3
31913 806 3
31914 807 3
31915 808 3
31916 813 3
31917 815 3
31918 818 3
31919 818 4
31920 821 5
31921 826 5
31922 834 5
31923 780 5
31924 830 5
31925 836 5
31926 836 5
31927 835 5
31928 831 6
31929 833 6
31930 835 6
31931 835 6
31932 836 5
31933 837 6
31934 816 6
31935 840 6
31936 841 6
31937 841 6
31938 841 6
31939 838 6
31940 840 6
31941 838 7
31942 828 7
31943 1 0
31944 2 0
31945 3 0
31946 4 0
31947 5 0
31948 7 0
31949 10 0
31950 12 0
31951 15 0
31952 19 0
31953 23 0
31954 27 0
31955 29 0
31956 33 0
31957 37 0
31958 45 0
31959 49 0
31960 58 0
31961 65 0
31962 74 0
31963 81 0
31964 88 0
31965 100 0
31966 106 0
31967 115 0
31968 126 0
31969 133 0
31970 141 0
31971 148 0
31972 160 0
31973 165 0
31974 175 0
31975 182 0
31976 192 0
31977 200 0
31978 210 0
31979 226 0
31980 237 0
31981 243 0
31982 254 0
31983 263 0
31984 266 0
31985 277 0
31986 286 0
31987 287 0
31988 293 0
31989 298 0
31990 305 0
31991 310 0
31992 312 0
31993 318 0
31994 325 0
31995 335 0
31996 341 0
31997 348 0
31998 351 0
31999 354 0
32000 357 0
32001 359 0
32002 364 0
32003 369 0
32004 371 0
32005 376 0
32006 379 0
32007 382 0
32008 390 0
32009 394 0
32010 400 0
32011 404 0
32012 409 0
32013 408 0
32014 411 0
32015 411 0
32016 414 0
32017 421 0
32018 426 0
32019 430 0
32020 434 0
32021 448 0
32022 449 1
32023 453 1
32024 458 1
32025 467 1
32026 468 1
32027 476 1
32028 480 1
32029 484 1
32030 489 1
32031 490 1
32032 493 1
32033 503 1
32034 508 1
32035 514 1
32036 524 1
32037 531 1
32038 540 1
32039 550 1
32040 557 1
32041 561 1
32042 568 1
32043 569 1
32044 580 1
32045 593 1
32046 596 1
32047 603 1
32048 611 1
32049 615 1
32050 620 1
32051 627 1
32052 636 1
32053 642 1
32054 654 1
32055 659 1
32056 667 1
32057 676 1
32058 681 1
32059 683 1
32060 685 1
32061 688 1
32062 690 1
32063 691 1
32064 696 1
32065 698 1
32066 702 1
32067 707 1
32068 713 1
32069 714 1
32070 715 1
32071 717 1
32072 719 1
32073 721 1
32074 722 1
32075 727 1
32076 727 1
32077 728 1
32078 728 1
32079 729 1
32080 732 1
32081 734 1
32082 735 1
32083 737 1
32084 738 1
32085 741 1
32086 741 1
32087 743 1
32088 744 1
32089 744 1
32090 745 1
32091 746 1
32092 747 1
32093 749 1
32094 750 1
32095 751 1
32096 752 1
32097 752 1
32098 753 1
32099 756 1
32100 757 1
32101 758 1
32102 759 1
32103 760 1
32104 761 0
32105 761 1
32106 761 3
32107 761 4
32108 784 4
32109 790 5
32110 803 5
32111 803 6
32112 803 7
32113 821 7
32114 819 7
32115 822 7
32116 824 7
32117 824 7
32118 825 7
32119 824 7
32120 825 7
32121 826 7
32122 821 7
32123 821 7
32124 824 7
32125 688 7
32126 1 0
32127 3 0
32128 16 0
32129 48 0
32130 78 0
32131 143 0
32132 222 0
32133 297 0
32134 333 0
32135 363 0
32136 380 0
32137 406 0
32138 421 0
32139 449 0
32140 470 0
32141 488 0
32142 523 0
32143 539 0
32144 556 0
32145 556 1
32146 695 1
32147 765 1
32148 772 1
32149 782 1
32150 790 1
32151 793 2
32152 812 2
32153 812 4
32154 819 4
32155 825 4
32156 829 4
32157 830 4
32158 830 4
32159 835 5
32160 834 6
32161 831 6
32162 836 6
32163 833 6
32164 836 6
32165 840 6
32166 833 6
32167 832 6
32168 836 6
32169 839 6
32170 841 5
32171 841 5
32172 841 6
32173 839 6
32174 841 6
32175 841 6
32176 840 6
32177 1 0
32178 2 0
32179 3 0
32180 5 0
32181 6 0
32182 7 0
32183 8 0
32184 9 0
32185 11 0
32186 12 0
32187 15 0
32188 18 0
32189 22 0
32190 29 0
32191 33 0
32192 35 0
32193 37 0
32194 40 0
32195 54 0
32196 59 0
32197 66 0
32198 72 0
32199 82 0
32200 92 0
32201 106 0
32202 117 0
32203 125 0
32204 141 0
32205 153 0
32206 160 0
32207 176 0
32208 187 0
32209 202 0
32210 217 0
32211 233 0
32212 248 0
32213 258 0
32214 263 0
32215 278 0
32216 285 0
32217 292 0
32218 302 0
32219 308 0
32220 318 0
32221 327 0
32222 335 0
32223 342 0
32224 363 0
32225 364 0
32226 372 0
32227 376 0
32228 380 0
32229 386 0
32230 397 0
32231 400 0
32232 405 0
32233 412 0
32234 418 0
32235 426 0
32236 430 0
32237 439 0
32238 442 1
32239 508 1
32240 508 2
32241 556 2
32242 613 2
32243 708 2
32244 717 2
32245 729 2
32246 735 2
32247 740 2
32248 745 2
32249 749 2
32250 756 2
32251 761 2
32252 771 2
32253 777 3
32254 787 4
32255 815 4
32256 817 5
32257 819 6
32258 831 6
32259 837 6
32260 836 6
32261 834 6
32262 810 6
32263 829 6
32264 832 6
32265 834 6
32266 835 6
32267 835 6
32268 835 6
32269 834 6
32270 834 6
32271 833 6
32272 834 6
32273 835 6
32274 835 6
32275 832 6
32276 806 6
32277 0 0
32278 0 0
32279 1 0
32280 2 0
32281 3 0
32282 4 0
32283 5 0
32284 6 0
32285 7 0
32286 10 0
32287 13 0
32288 17 0
32289 21 0
32290 27 0
32291 30 0
32292 36 0
32293 42 0
32294 49 0
32295 54 0
32296 57 0
32297 64 0
32298 69 0
32299 74 0
32300 77 0
32301 81 0
32302 88 0
32303 93 0
32304 98 0
32305 108 0
32306 117 0
32307 125 0
32308 137 0
32309 149 0
32310 159 0
32311 171 0
32312 182 0
32313 190 0
32314 201 0
32315 214 0
32316 238 0
32317 244 0
32318 249 0
32319 266 0
32320 276 0
32321 284 0
32322 289 0
32323 299 0
32324 314 0
32325 325 0
32326 333 0
32327 340 0
32328 340 0
32329 344 0
32330 350 0
32331 353 0
32332 355 0
32333 362 0
32334 366 0
32335 377 0
32336 385 0
32337 393 0
32338 393 0
32339 399 0
32340 402 0
32341 406 0
32342 409 0
32343 417 0
32344 432 0
32345 436 0
32346 440 0
32347 442 0
32348 450 0
32349 456 0
32350 460 0
32351 466 0
32352 475 0
32353 482 0
32354 488 0
32355 498 0
32356 505 0
32357 518 0
32358 531 0
32359 532 1
32360 541 1
32361 551 1
32362 556 1
32363 563 1
32364 568 1
32365 579 1
32366 584 1
32367 589 1
32368 592 1
32369 595 1
32370 605 1
32371 608 1
32372 617 1
32373 626 1
32374 640 1
32375 653 1
32376 665 1
32377 668 1
32378 673 1
32379 673 2
32380 684 2
32381 704 2
32382 714 2
32383 719 2
32384 727 2
32385 733 2
32386 738 2
32387 745 2
32388 749 2
32389 753 2
32390 771 2
32391 773 3
32392 789 4
32393 796 4
32394 797 4
32395 797 4
32396 798 4
32397 804 4
32398 804 5
32399 808 5
32400 808 6
32401 813 6
32402 819 6
32403 819 6
32404 735 6
32405 813 6
32406 830 6
32407 831 7
32408 737 7
32409 826 7
32410 834 7
32411 828 7
32412 831 6
32413 831 7
32414 830 7
32415 833 7
32416 833 7
32417 836 7
32418 835 7
32419 833 7
32420 834 7
32421 830 8
32422 1 0
32423 2 0
32424 3 0
32425 4 0
32426 6 0
32427 8 0
32428 9 0
32429 12 0
32430 14 0
32431 17 0
32432 18 0
32433 21 0
32434 22 0
32435 23 0
32436 27 0
32437 31 0
32438 32 0
32439 35 0
32440 38 0
32441 39 0
32442 45 0
32443 49 0
32444 51 0
32445 54 0
32446 59 0
32447 62 0
32448 66 0
32449 70 0
32450 73 0
32451 77 0
32452 79 0
32453 85 0
32454 88 0
32455 88 0
32456 92 0
32457 97 0
32458 102 0
32459 104 0
32460 108 0
32461 116 0
32462 121 0
32463 124 0
32464 127 0
32465 132 0
32466 143 0
32467 148 0
32468 152 0
32469 157 0
32470 162 0
32471 168 0
32472 173 0
32473 177 0
32474 183 0
32475 188 0
32476 195 0
32477 203 0
32478 210 0
32479 215 0
32480 221 0
32481 230 0
32482 241 0
32483 249 0
32484 257 0
32485 264 0
32486 273 0
32487 279 0
32488 284 0
32489 287 0
32490 293 0
32491 299 0
32492 311 0
32493 309 0
32494 315 0
32495 326 0
32496 330 0
32497 334 0
32498 337 0
32499 340 0
32500 345 0
32501 349 0
32502 363 0
32503 368 0
32504 370 0
32505 379 0
32506 386 0
32507 392 0
32508 395 0
32509 407 0
32510 417 0
32511 418 0
32512 425 0
32513 431 0
32514 434 0
32515 445 0
32516 455 0
32517 457 0
32518 464 0
32519 475 0
32520 475 1
32521 504 1
32522 533 1
32523 539 2
32524 560 2
32525 717 2
32526 768 3
32527 768 3
32528 767 3
32529 769 3
32530 769 3
32531 769 3
32532 768 3
32533 768 3
32534 768 3
32535 770 3
32536 771 3
32537 772 3
32538 779 4
32539 795 5
32540 799 6
32541 820 6
32542 823 7
32543 798 7
32544 838 7
32545 837 7
32546 824 7
32547 831 7
32548 834 7
32549 837 7
32550 835 7
32551 0 0
32552 1 0
32553 2 0
32554 3 0
32555 4 0
32556 5 0
32557 8 0
32558 20 0
32559 38 0
32560 71 0
32561 128 0
32562 229 0
32563 314 0
32564 339 0
32565 361 0
32566 389 0
32567 400 0
32568 413 0
32569 437 0
32570 469 0
32571 516 0
32572 549 0
32573 586 0
32574 603 0
32575 645 0
32576 647 1
32577 689 1
32578 693 1
32579 694 1
32580 699 1
32581 700 1
32582 700 1
32583 702 1
32584 704 1
32585 708 1
32586 711 1
32587 713 1
32588 715 1
32589 724 1
32590 735 1
32591 750 1
32592 753 1
32593 769 1
32594 769 2
32595 775 2
32596 775 3
32597 779 4
32598 785 5
32599 798 5
32600 803 5
32601 808 5
32602 808 6
32603 816 6
32604 816 7
32605 818 7
32606 820 7
32607 822 8
32608 820 9
32609 820 9
32610 817 9
32611 819 9
32612 819 9
32613 819 9
32614 817 9
32615 820 9
32616 809 9
32617 814 9
32618 817 9
32619 817 8
32620 818 9
32621 820 9
32622 821 9
32623 819 9
32624 819 9
32625 818 8
32626 809 8
32627 819 8
32628 822 8
32629 817 8
32630 0 0
32631 1 0
32632 2 0
32633 3 0
32634 4 0
32635 5 0
32636 7 0
32637 8 0
32638 9 0
32639 11 0
32640 12 0
32641 14 0
32642 17 0
32643 20 0
32644 25 0
32645 27 0
32646 38 0
32647 45 0
32648 52 0
32649 59 0
32650 69 0
32651 78 0
32652 99 0
32653 110 0
32654 132 0
32655 144 0
32656 164 0
32657 182 0
32658 199 0
32659 224 0
32660 235 0
32661 256 0
32662 276 0
32663 279 0
32664 290 0
32665 300 0
32666 309 0
32667 320 0
32668 328 0
32669 333 0
32670 347 0
32671 357 0
32672 364 0
32673 374 0
32674 380 0
32675 387 0
32676 389 0
32677 396 0
32678 405 0
32679 416 0
32680 421 0
32681 423 0
32682 435 0
32683 441 0
32684 446 0
32685 450 0
32686 455 0
32687 463 0
32688 478 0
32689 485 0
32690 488 0
32691 498 0
32692 504 0
32693 506 1
32694 510 1
32695 516 1
32696 516 1
32697 521 1
32698 523 1
32699 527 1
32700 532 1
32701 534 1
32702 542 1
32703 548 1
32704 555 1
32705 555 1
32706 559 1
32707 562 1
32708 590 1
32709 607 1
32710 621 1
32711 624 1
32712 634 1
32713 640 1
32714 642 1
32715 644 1
32716 649 1
32717 655 1
32718 659 1
32719 668 1
32720 674 1
32721 683 1
32722 689 1
32723 690 1
32724 697 1
32725 700 1
32726 705 1
32727 709 1
32728 717 1
32729 723 1
32730 731 1
32731 735 1
32732 740 2
32733 741 3
32734 746 3
32735 750 3
32736 751 3
32737 757 3
32738 762 3
32739 769 4
32740 773 5
32741 778 6
32742 780 7
32743 798 7
32744 799 8
32745 810 8
32746 807 8
32747 807 8
32748 806 8
32749 808 8
32750 807 8
32751 806 8
32752 802 8
32753 811 8
32754 809 8
32755 811 8
32756 811 9
32757 808 9
32758 812 9
32759 814 9
32760 814 10
32761 812 9
32762 815 9
32763 813 9
32764 813 9
32765 811 9
32766 815 9
32767 812 9
32768 813 9
32769 785 9
32770 1 0
32771 2 0
32772 5 0
32773 6 0
32774 7 0
32775 9 0
32776 10 0
32777 13 0
32778 15 0
32779 20 0
32780 25 0
32781 41 0
32782 66 0
32783 75 0
32784 114 0
32785 154 0
32786 208 0
32787 259 0
32788 278 0
32789 287 0
32790 313 0
32791 329 0
32792 341 0
32793 351 0
32794 359 0
32795 368 0
32796 374 0
32797 388 0
32798 410 0
32799 429 0
32800 438 0
32801 452 0
32802 479 0
32803 491 0
32804 516 0
32805 525 0
32806 525 1
32807 532 1
32808 553 1
32809 559 2
32810 589 2
32811 609 1
32812 619 1
32813 625 1
32814 632 2
32815 634 2
32816 638 2
32817 638 2
32818 645 2
32819 648 2
32820 652 2
32821 655 2
32822 659 2
32823 663 2
32824 667 2
32825 671 2
32826 678 2
32827 687 2
32828 687 2
32829 691 2
32830 698 2
32831 702 2
32832 705 2
32833 709 2
32834 714 2
32835 721 1
32836 721 2
32837 721 3
32838 730 3
32839 730 3
32840 733 3
32841 739 4
32842 750 4
32843 750 5
32844 759 5
32845 759 6
32846 782 7
32847 784 8
32848 801 8
32849 803 8
32850 803 9
32851 812 9
32852 814 9
32853 816 9
32854 815 9
32855 815 9
32856 817 10
32857 816 9
32858 815 10
32859 815 10
32860 816 10
32861 818 10
32862 816 10
32863 815 10
32864 819 10
32865 817 10
32866 818 10
32867 804 10
32868 813 10
32869 817 10
32870 817 10
32871 817 10
32872 818 10
32873 818 10
32874 818 10
32875 818 10
32876 818 10
32877 819 10
32878 819 10
32879 818 10
32880 818 10
32881 818 10
32882 1 0
32883 2 0
32884 3 0
32885 6 0
32886 8 0
32887 9 0
32888 10 0
32889 11 0
32890 12 0
32891 13 0
32892 25 0
32893 38 0
32894 48 0
32895 70 0
32896 88 0
32897 102 0
32898 123 0
32899 147 0
32900 170 0
32901 211 0
32902 232 0
32903 245 0
32904 275 0
32905 291 0
32906 300 0
32907 309 0
32908 317 0
32909 322 0
32910 328 0
32911 337 0
32912 348 0
32913 354 0
32914 359 0
32915 370 0
32916 376 0
32917 377 0
32918 379 0
32919 386 0
32920 391 0
32921 404 0
32922 408 0
32923 415 0
32924 420 0
32925 428 0
32926 436 0
32927 439 0
32928 441 1
32929 559 1
32930 667 1
32931 683 1
32932 689 1
32933 700 1
32934 702 1
32935 704 1
32936 706 1
32937 710 1
32938 719 1
32939 724 1
32940 726 1
32941 728 1
32942 729 2
32943 734 2
32944 742 2
32945 748 2
32946 749 2
32947 751 3
32948 755 3
32949 758 4
32950 769 4
32951 769 5
32952 772 6
32953 784 6
32954 789 6
32955 789 7
32956 791 8
32957 794 8
32958 797 8
32959 802 9
32960 813 9
32961 816 10
32962 819 10
32963 812 10
32964 819 10
32965 821 10
32966 821 10
32967 820 11
32968 819 11
32969 820 11
32970 822 11
32971 824 11
32972 821 11
32973 822 11
32974 825 11
32975 829 11
32976 829 11
32977 831 11
32978 831 11
32979 831 11
32980 828 11
32981 827 11
32982 1 0
32983 2 0
32984 3 0
32985 4 0
32986 5 0
32987 6 0
32988 7 0
32989 9 0
32990 10 0
32991 11 0
32992 15 0
32993 16 0
32994 19 0
32995 20 0
32996 25 0
32997 27 0
32998 28 0
32999 32 0
33000 39 0
33001 42 0
33002 45 0
33003 50 0
33004 55 0
33005 58 0
33006 63 0
33007 68 0
33008 69 0
33009 73 0
33010 77 0
33011 83 0
33012 90 0
33013 96 0
33014 101 0
33015 110 0
33016 117 0
33017 123 0
33018 127 0
33019 129 0
33020 137 0
33021 143 0
33022 148 0
33023 152 0
33024 158 0
33025 171 0
33026 177 0
33027 185 0
33028 191 0
33029 197 0
33030 205 0
33031 213 0
33032 223 0
33033 237 0
33034 249 0
33035 250 0
33036 266 0
33037 282 0
33038 292 0
33039 311 0
33040 323 0
33041 330 0
33042 333 0
33043 347 0
33044 354 0
33045 363 0
33046 368 0
33047 374 0
33048 379 0
33049 387 0
33050 395 0
33051 408 0
33052 416 0
33053 437 0
33054 443 0
33055 445 1
33056 555 2
33057 600 3
33058 634 3
33059 711 4
33060 728 4
33061 734 4
33062 735 4
33063 740 4
33064 746 4
33065 750 4
33066 754 4
33067 760 4
33068 767 4
33069 770 4
33070 769 5
33071 772 5
33072 773 6
33073 777 6
33074 781 6
33075 784 6
33076 783 6
33077 785 6
33078 786 6
33079 791 7
33080 795 7
33081 798 7
33082 807 7
33083 807 8
33084 809 8
33085 816 9
33086 819 9
33087 819 10
33088 818 10
33089 817 10
33090 779 10
33091 814 10
33092 822 10
33093 824 10
33094 824 10
33095 817 11
33096 828 11
33097 831 11
33098 834 11
33099 835 11
33100 835 11
33101 834 11
33102 833 11
33103 830 11
33104 825 11
33105 1 0
33106 2 0
33107 4 0
33108 5 0
33109 9 0
33110 13 0
33111 16 0
33112 19 0
33113 20 0
33114 22 0
33115 25 0
33116 31 0
33117 41 0
33118 66 0
33119 83 0
33120 101 0
33121 138 0
33122 172 0
33123 243 0
33124 273 0
33125 292 0
33126 310 0
33127 323 0
33128 338 0
33129 347 0
33130 362 0
33131 371 0
33132 381 0
33133 384 1
33134 398 1
33135 409 0
33136 409 1
33137 437 1
33138 450 1
33139 461 1
33140 473 1
33141 490 1
33142 518 1
33143 529 1
33144 541 1
33145 547 1
33146 562 1
33147 591 1
33148 606 1
33149 611 1
33150 612 2
33151 662 2
33152 688 2
33153 794 0
33154 794 2
33155 794 3
33156 801 4
33157 804 4
33158 805 4
33159 809 4
33160 811 4
33161 811 4
33162 814 4
33163 815 4
33164 816 5
33165 817 5
33166 818 5
33167 820 5
33168 819 5
33169 819 5
33170 819 5
33171 821 5
33172 820 5
33173 821 6
33174 822 6
33175 822 6
33176 822 6
33177 823 7
33178 825 7
33179 826 7
33180 827 7
33181 827 7
33182 833 7
33183 835 7
33184 835 8
33185 835 8
33186 841 8
33187 842 9
33188 847 9
33189 849 10
33190 846 10
33191 847 10
33192 849 11
33193 848 11
33194 848 11
33195 844 11
33196 847 11
33197 847 11
33198 846 11
33199 821 12
33200 837 12
33201 839 12
33202 841 12
33203 840 12
33204 836 12
33205 845 12
33206 847 12
33207 847 12
33208 847 12
33209 847 12
33210 847 12
33211 847 12
33212 847 12
33213 847 12
33214 847 12
33215 847 12
33216 847 12
33217 846 12
33218 846 12
33219 846 12
33220 846 12
33221 846 12
33222 1 0
33223 2 0
33224 3 0
33225 6 0
33226 9 0
33227 10 0
33228 11 0
33229 16 0
33230 21 0
33231 25 0
33232 27 0
33233 33 0
33234 41 0
33235 49 0
33236 60 0
33237 70 0
33238 76 0
33239 88 0
33240 100 0
33241 113 0
33242 129 0
33243 143 0
33244 154 0
33245 175 0
33246 185 0
33247 202 0
33248 211 0
33249 226 0
33250 238 0
33251 253 0
33252 257 0
33253 264 0
33254 268 0
33255 282 0
33256 285 0
33257 287 0
33258 298 0
33259 304 0
33260 312 0
33261 316 0
33262 319 0
33263 334 0
33264 346 0
33265 350 0
33266 355 0
33267 356 0
33268 363 0
33269 367 0
33270 371 0
33271 376 0
33272 386 0
33273 390 0
33274 396 0
33275 405 0
33276 413 0
33277 418 0
33278 420 0
33279 425 0
33280 429 0
33281 437 0
33282 442 0
33283 444 0
33284 445 1
33285 493 1
33286 517 2
33287 566 3
33288 693 3
33289 695 3
33290 700 3
33291 706 3
33292 712 3
33293 716 3
33294 723 3
33295 730 3
33296 730 4
33297 738 5
33298 745 7
33299 748 8
33300 771 8
33301 771 9
33302 779 9
33303 784 9
33304 785 11
33305 793 11
33306 800 11
33307 806 12
33308 804 12
33309 811 12
33310 815 12
33311 815 12
33312 809 12
33313 818 12
33314 821 12
33315 822 12
33316 824 12
33317 825 12
33318 827 12
33319 821 12
33320 825 12
33321 826 12
33322 827 12
33323 826 12
33324 825 12
33325 825 12
33326 818 12
33327 1 0
33328 2 0
33329 3 0
33330 4 0
33331 5 0
33332 6 0
33333 7 0
33334 8 0
33335 9 0
33336 10 0
33337 11 0
33338 12 0
33339 13 0
33340 14 0
33341 15 0
33342 16 0
33343 18 0
33344 20 0
33345 21 0
33346 22 0
33347 25 0
33348 26 0
33349 28 0
33350 30 0
33351 34 0
33352 38 0
33353 41 0
33354 43 0
33355 44 0
33356 50 0
33357 52 0
33358 57 0
33359 63 0
33360 67 0
33361 68 0
33362 70 0
33363 72 0
33364 79 0
33365 83 0
33366 86 0
33367 89 0
33368 95 0
33369 97 0
33370 101 0
33371 107 0
33372 111 0
33373 119 0
33374 123 0
33375 128 0
33376 132 0
33377 136 0
33378 141 0
33379 146 0
33380 150 0
33381 159 0
33382 159 0
33383 163 0
33384 172 0
33385 174 0
33386 183 0
33387 187 0
33388 195 0
33389 200 0
33390 204 0
33391 213 0
33392 219 0
33393 223 0
33394 226 0
33395 233 0
33396 239 0
33397 244 0
33398 251 0
33399 259 0
33400 262 0
33401 268 0
33402 283 0
33403 293 0
33404 300 0
33405 310 0
33406 315 0
33407 318 0
33408 322 0
33409 328 0
33410 335 0
33411 338 0
33412 342 0
33413 345 0
33414 355 0
33415 360 0
33416 364 0
33417 371 0
33418 380 0
33419 386 0
33420 398 0
33421 401 0
33422 409 0
33423 411 0
33424 418 0
33425 426 0
33426 431 0
33427 434 0
33428 441 0
33429 445 0
33430 450 0
33431 460 0
33432 468 0
33433 485 0
33434 493 0
33435 494 0
33436 494 1
33437 637 1
33438 670 2
33439 680 3
33440 705 3
33441 719 3
33442 725 3
33443 729 3
33444 735 3
33445 750 4
33446 766 5
33447 766 6
33448 776 7
33449 803 7
33450 803 9
33451 809 9
33452 810 10
33453 812 10
33454 812 10
33455 815 10
33456 817 10
33457 816 10
33458 816 10
33459 722 9
33460 811 10
33461 824 10
33462 820 10
33463 820 10
33464 821 10
33465 815 10
33466 819 10
33467 820 10
33468 818 10
33469 821 10
33470 813 10
33471 1 0
33472 2 0
33473 3 0
33474 4 0
33475 5 0
33476 6 0
33477 7 0
33478 12 0
33479 14 0
33480 16 0
33481 19 0
33482 21 0
33483 30 0
33484 34 0
33485 41 0
33486 46 0
33487 52 0
33488 61 0
33489 68 0
33490 74 0
33491 74 0
33492 85 0
33493 99 0
33494 110 0
33495 118 0
33496 131 0
33497 144 0
33498 158 0
33499 174 0
33500 191 0
33501 202 0
33502 209 0
33503 222 0
33504 230 0
33505 244 0
33506 250 0
33507 259 0
33508 265 0
33509 277 0
33510 287 0
33511 297 0
33512 305 0
33513 311 0
33514 312 0
33515 314 0
33516 319 0
33517 325 0
33518 327 0
33519 332 0
33520 337 0
33521 338 0
33522 349 0
33523 351 0
33524 357 0
33525 373 0
33526 377 0
33527 378 0
33528 385 0
33529 388 0
33530 392 0
33531 402 0
33532 407 0
33533 412 0
33534 415 0
33535 418 0
33536 424 0
33537 427 0
33538 436 0
33539 439 0
33540 447 0
33541 456 0
33542 460 0
33543 471 0
33544 471 0
33545 474 0
33546 482 0
33547 490 0
33548 493 1
33549 502 1
33550 505 1
33551 508 1
33552 515 1
33553 519 1
33554 523 1
33555 528 1
33556 534 1
33557 540 1
33558 546 1
33559 549 1
33560 555 1
33561 565 1
33562 568 1
33563 577 1
33564 580 1
33565 582 1
33566 590 1
33567 597 1
33568 605 1
33569 607 1
33570 610 1
33571 616 1
33572 620 1
33573 628 1
33574 638 1
33575 640 1
33576 645 1
33577 653 1
33578 658 1
33579 662 1
33580 672 1
33581 678 1
33582 685 1
33583 689 1
33584 692 2
33585 695 2
33586 699 2
33587 701 2
33588 703 2
33589 705 2
33590 709 2
33591 718 2
33592 720 2
33593 723 2
33594 723 2
33595 723 2
33596 724 2
33597 727 2
33598 729 2
33599 728 2
33600 728 2
33601 728 2
33602 729 2
33603 729 2
33604 730 2
33605 730 2
33606 730 2
33607 733 2
33608 736 2
33609 738 2
33610 739 2
33611 738 2
33612 740 2
33613 740 2
33614 740 2
33615 741 2
33616 741 2
33617 743 2
33618 745 2
33619 745 2
33620 747 0
33621 747 2
33622 747 3
33623 747 3
33624 747 3
33625 749 3
33626 749 3
33627 751 4
33628 752 4
33629 752 4
33630 753 4
33631 754 4
33632 755 4
33633 755 4
33634 755 4
33635 757 4
33636 757 5
33637 766 5
33638 767 5
33639 770 5
33640 775 5
33641 775 5
33642 779 5
33643 785 5
33644 785 5
33645 785 5
33646 789 5
33647 789 6
33648 789 7
33649 790 7
33650 790 7
33651 793 7
33652 796 7
33653 796 9
33654 799 9
33655 801 9
33656 802 10
33657 811 11
33658 817 11
33659 818 11
33660 818 11
33661 798 11
33662 812 11
33663 820 11
33664 817 11
33665 803 11
33666 818 11
33667 816 11
33668 817 11
33669 793 10
33670 821 10
33671 819 10
33672 820 10
33673 812 10
33674 822 10
33675 819 10
33676 827 10
33677 827 10
33678 828 10
33679 826 10
33680 824 10
33681 823 10
33682 823 10
33683 823 10
33684 822 10
33685 823 10
33686 1 0
33687 2 0
33688 3 0
33689 4 0
33690 5 0
33691 8 0
33692 10 0
33693 11 0
33694 13 0
33695 17 0
33696 19 0
33697 21 0
33698 28 0
33699 32 0
33700 35 0
33701 39 0
33702 51 0
33703 60 0
33704 70 0
33705 80 0
33706 95 0
33707 115 0
33708 125 0
33709 152 0
33710 177 0
33711 202 0
33712 229 0
33713 252 0
33714 267 0
33715 279 0
33716 287 0
33717 295 0
33718 304 0
33719 312 0
33720 317 0
33721 327 0
33722 335 0
33723 342 0
33724 353 0
33725 363 0
33726 369 0
33727 375 0
33728 384 0
33729 394 0
33730 397 0
33731 400 0
33732 404 0
33733 411 0
33734 414 0
33735 423 0
33736 433 0
33737 441 0
33738 446 0
33739 455 0
33740 458 0
33741 462 0
33742 471 0
33743 480 0
33744 488 0
33745 497 0
33746 497 1
33747 500 1
33748 511 1
33749 520 1
33750 527 1
33751 540 1
33752 548 1
33753 561 1
33754 568 1
33755 579 1
33756 591 1
33757 605 1
33758 620 1
33759 625 1
33760 631 1
33761 638 1
33762 645 1
33763 648 1
33764 648 2
33765 702 2
33766 725 2
33767 739 2
33768 745 3
33769 749 4
33770 772 5
33771 781 5
33772 781 6
33773 792 6
33774 792 7
33775 796 7
33776 797 7
33777 798 8
33778 801 8
33779 807 8
33780 807 9
33781 809 9
33782 812 9
33783 817 9
33784 809 10
33785 823 9
33786 823 10
33787 822 9
33788 819 9
33789 819 9
33790 824 9
33791 823 9
33792 825 9
33793 824 9
33794 825 8
33795 825 9
33796 803 9
33797 819 8
33798 824 8
33799 827 8
33800 828 8
33801 828 8
33802 829 9
33803 830 9
33804 831 9
33805 830 9
33806 799 9
33807 835 9
33808 831 9
33809 833 10
33810 836 10
33811 836 10
33812 837 10
33813 824 10
33814 0 0
33815 1 0
33816 1 0
33817 2 0
33818 3 0
33819 5 0
33820 10 0
33821 17 0
33822 22 0
33823 35 0
33824 47 0
33825 101 0
33826 194 0
33827 317 0
33828 359 0
33829 384 0
33830 413 0
33831 461 0
33832 494 0
33833 529 0
33834 567 0
33835 584 0
33836 597 1
33837 637 1
33838 643 2
33839 679 2
33840 711 2
33841 729 2
33842 749 2
33843 766 2
33844 766 3
33845 772 4
33846 781 4
33847 782 4
33848 783 4
33849 783 4
33850 786 4
33851 787 4
33852 788 4
33853 788 4
33854 788 4
33855 789 4
33856 789 4
33857 790 4
33858 791 4
33859 792 4
33860 793 5
33861 796 5
33862 800 5
33863 801 5
33864 803 5
33865 806 5
33866 810 5
33867 810 6
33868 811 7
33869 815 7
33870 818 8
33871 825 8
33872 825 8
33873 829 8
33874 827 8
33875 832 8
33876 827 8
33877 833 8
33878 834 8
33879 832 8
33880 841 8
33881 837 8
33882 839 8
33883 841 8
33884 844 9
33885 845 9
33886 845 10
33887 845 10
33888 838 9
33889 852 9
33890 852 8
33891 852 8
33892 852 8
33893 852 8
33894 851 8
33895 851 8
33896 851 9
33897 849 9
33898 846 9
33899 845 9
33900 845 9
33901 846 9
33902 846 9
33903 0 0
33904 1 0
33905 2 0
33906 3 0
33907 4 0
33908 5 0
33909 6 0
33910 7 0
33911 13 0
33912 31 0
33913 47 0
33914 86 0
33915 146 0
33916 238 0
33917 274 0
33918 306 0
33919 317 0
33920 331 0
33921 352 0
33922 378 0
33923 399 0
33924 414 0
33925 431 0
33926 441 0
33927 460 0
33928 479 0
33929 511 0
33930 538 0
33931 542 1
33932 571 1
33933 580 1
33934 581 2
33935 583 3
33936 699 3
33937 752 3
33938 754 3
33939 756 3
33940 758 3
33941 760 3
33942 760 3
33943 763 3
33944 764 3
33945 766 5
33946 768 5
33947 770 5
33948 772 5
33949 775 5
33950 787 5
33951 792 6
33952 802 6
33953 804 7
33954 809 7
33955 809 8
33956 818 9
33957 822 10
33958 832 10
33959 832 10
33960 833 10
33961 832 9
33962 836 9
33963 835 9
33964 835 9
33965 835 9
33966 835 9
33967 827 9
33968 836 9
33969 836 9
33970 833 9
33971 838 9
33972 839 9
33973 1 0
33974 2 0
33975 3 0
33976 4 0
33977 16 0
33978 35 0
33979 153 0
33980 337 0
33981 389 0
33982 407 0
33983 440 0
33984 462 0
33985 503 0
33986 527 0
33987 570 0
33988 599 1
33989 651 1
33990 651 2
33991 683 2
33992 702 2
33993 714 2
33994 724 2
33995 728 2
33996 731 2
33997 762 2
33998 779 2
33999 779 4
34000 793 4
34001 803 4
34002 803 5
34003 807 6
34004 810 7
34005 824 7
34006 829 8
34007 832 9
34008 836 9
34009 835 9
34010 840 9
34011 838 9
34012 841 9
34013 839 9
34014 839 9
34015 834 9
34016 837 9
34017 837 9
34018 838 9
34019 838 9
34020 837 9
34021 1 0
34022 2 0
34023 3 0
34024 4 0
34025 5 0
34026 6 0
34027 7 0
34028 8 0
34029 11 0
34030 14 0
34031 17 0
34032 21 0
34033 25 0
34034 29 0
34035 34 0
34036 35 0
34037 39 0
34038 44 0
34039 51 0
34040 55 0
34041 58 0
34042 63 0
34043 68 0
34044 74 0
34045 79 0
34046 81 0
34047 90 0
34048 100 0
34049 105 0
34050 108 0
34051 117 0
34052 123 0
34053 130 0
34054 141 0
34055 146 0
34056 152 0
34057 159 0
34058 169 0
34059 176 0
34060 181 0
34061 184 0
34062 190 0
34063 195 0
34064 197 0
34065 205 0
34066 211 0
34067 227 0
34068 234 0
34069 235 0
34070 238 0
34071 245 0
34072 252 0
34073 256 0
34074 263 0
34075 267 0
34076 269 0
34077 273 0
34078 276 0
34079 286 0
34080 292 0
34081 297 0
34082 298 0
34083 300 0
34084 301 0
34085 321 0
34086 327 0
34087 331 0
34088 342 0
34089 347 0
34090 357 0
34091 373 0
34092 377 0
34093 379 0
34094 388 0
34095 390 0
34096 400 0
34097 412 0
34098 415 0
34099 427 0
34100 439 0
34101 448 0
34102 457 0
34103 462 0
34104 462 1
34105 463 2
34106 484 2
34107 488 2
34108 494 2
34109 504 2
34110 507 2
34111 514 2
34112 524 2
34113 533 2
34114 547 2
34115 556 2
34116 568 2
34117 584 2
34118 589 2
34119 598 2
34120 605 2
34121 610 2
34122 610 3
34123 612 3
34124 615 3
34125 614 3
34126 617 3
34127 617 3
34128 619 3
34129 621 3
34130 624 3
34131 626 3
34132 630 3
34133 631 3
34134 635 3
34135 636 3
34136 640 3
34137 641 3
34138 645 3
34139 645 3
34140 647 3
34141 649 3
34142 650 3
34143 651 3
34144 652 3
34145 652 3
34146 655 3
34147 657 3
34148 660 3
34149 660 3
34150 662 3
34151 662 3
34152 663 3
34153 665 3
34154 665 3
34155 667 3
34156 667 3
34157 669 3
34158 669 3
34159 670 3
34160 672 2
34161 672 2
34162 675 2
34163 675 2
34164 675 2
34165 675 2
34166 676 2
34167 676 2
34168 676 2
34169 678 2
34170 678 2
34171 678 2
34172 679 2
34173 680 2
34174 680 2
34175 682 2
34176 683 2
34177 683 2
34178 684 2
34179 686 2
34180 686 2
34181 687 2
34182 687 2
34183 686 2
34184 686 2
34185 687 2
34186 687 2
34187 689 2
34188 689 2
34189 691 2
34190 691 2
34191 692 2
34192 692 2
34193 692 2
34194 692 2
34195 692 2
34196 692 2
34197 693 2
34198 694 2
34199 694 2
34200 694 2
34201 694 2
34202 694 2
34203 696 2
34204 696 2
34205 697 2
34206 697 2
34207 697 2
34208 697 2
34209 697 2
34210 697 2
34211 697 2
34212 697 2
34213 698 2
34214 698 2
34215 698 2
34216 700 2
34217 700 2
34218 700 2
34219 701 2
34220 701 2
34221 703 2
34222 702 2
34223 702 2
34224 702 2
34225 702 2
34226 702 2
34227 703 2
34228 703 2
34229 705 2
34230 706 2
34231 707 2
34232 708 2
34233 709 2
34234 709 2
34235 710 2
34236 712 2
34237 728 2
34238 733 4
34239 741 4
34240 759 4
34241 772 5
34242 771 6
34243 786 7
34244 798 8
34245 812 8
34246 814 9
34247 823 9
34248 824 9
34249 821 9
34250 825 9
34251 828 9
34252 828 9
34253 823 9
34254 826 9
34255 821 9
34256 827 9
34257 830 9
34258 822 9
34259 827 9
34260 834 9
34261 823 9
34262 833 9
34263 836 9
34264 836 8
34265 1 0
34266 2 0
34267 3 0
34268 5 0
34269 7 0
34270 15 0
34271 21 0
34272 38 0
34273 60 0
34274 95 0
34275 126 0
34276 171 0
34277 235 0
34278 276 0
34279 302 0
34280 318 0
34281 337 0
34282 361 0
34283 384 0
34284 395 0
34285 408 0
34286 417 0
34287 425 0
34288 432 0
34289 441 0
34290 448 0
34291 459 0
34292 459 1
34293 479 1
34294 493 1
34295 513 1
34296 537 1
34297 560 1
34298 568 2
34299 573 3
34300 588 3
34301 608 3
34302 630 3
34303 646 3
34304 661 2
34305 672 2
34306 691 2
34307 707 2
34308 721 2
34309 732 2
34310 744 2
34311 749 2
34312 757 2
34313 760 3
34314 763 3
34315 769 3
34316 772 3
34317 773 4
34318 775 4
34319 775 5
34320 778 5
34321 778 5
34322 783 5
34323 787 5
34324 789 5
34325 789 6
34326 796 6
34327 801 6
34328 802 1
34329 802 4
34330 802 5
34331 802 6
34332 803 7
34333 812 7
34334 818 7
34335 820 8
34336 825 8
34337 829 8
34338 829 7
34339 829 8
34340 833 8
34341 833 8
34342 829 8
34343 831 8
34344 833 7
34345 834 8
34346 833 8
34347 833 8
34348 833 8
34349 834 8
34350 830 8
34351 834 8
34352 837 8
34353 838 8
34354 835 8
34355 835 8
34356 838 8
34357 836 8
34358 835 8
34359 838 8
34360 838 8
34361 836 8
34362 838 7
34363 843 7
34364 842 7
34365 840 7
34366 840 7
34367 792 7
34368 827 7
34369 833 7
34370 836 7
34371 837 7
34372 838 7
34373 843 7
34374 843 7
34375 840 7
34376 842 7
34377 807 7
34378 837 7
34379 841 7
34380 842 7
34381 842 7
34382 845 7
34383 846 7
34384 0 0
34385 1 0
34386 17 0
34387 290 0
34388 352 1
34389 454 1
34390 502 1
34391 637 0
34392 640 1
34393 761 1
34394 797 1
34395 808 1
34396 808 2
34397 817 2
34398 821 3
34399 821 4
34400 831 4
34401 831 5
34402 845 6
34403 849 6
34404 853 6
34405 857 6
34406 858 7
34407 861 7
34408 863 7
34409 863 7
34410 863 7
34411 861 7
34412 859 7
34413 858 7
34414 856 7
34415 856 7
34416 858 6
34417 859 7
34418 858 7
34419 858 7
34420 857 7
34421 857 7
34422 0 1
34423 2 1
34424 4 1
34425 7 1
34426 8 1
34427 11 1
34428 13 1
34429 18 1
34430 24 1
34431 30 1
34432 36 1
34433 46 1
34434 52 1
34435 54 1
34436 61 1
34437 73 1
34438 84 1
34439 98 1
34440 106 1
34441 129 1
34442 148 1
34443 171 1
34444 194 1
34445 223 1
34446 252 1
34447 263 1
34448 283 1
34449 298 1
34450 332 1
34451 341 1
34452 352 1
34453 359 1
34454 367 1
34455 376 1
34456 389 1
34457 402 1
34458 406 1
34459 421 1
34460 424 1
34461 429 1
34462 436 1
34463 441 1
34464 443 1
34465 453 1
34466 454 1
34467 465 1
34468 476 1
34469 484 1
34470 496 1
34471 510 1
34472 517 1
34473 525 1
34474 539 1
34475 547 1
34476 560 1
34477 570 1
34478 581 1
34479 593 1
34480 600 1
34481 600 2
34482 658 2
34483 695 2
34484 731 2
34485 737 2
34486 741 2
34487 744 3
34488 746 3
34489 755 3
34490 757 4
34491 763 4
34492 768 5
34493 775 5
34494 775 6
34495 795 6
34496 805 6
34497 809 7
34498 813 7
34499 815 7
34500 815 7
34501 816 7
34502 822 7
34503 823 7
34504 825 7
34505 830 7
34506 832 7
34507 832 7
34508 830 7
34509 834 7
34510 834 7
34511 834 7
34512 824 7
34513 833 7
34514 836 7
34515 835 7
34516 835 7
34517 837 7
34518 836 7
34519 839 7
34520 833 7
34521 839 7
34522 839 7
34523 839 7
34524 839 7
34525 839 7
34526 839 7
34527 839 7
34528 839 7
34529 840 7
34530 840 7
34531 839 7
34532 840 7
34533 832 7
34534 842 7
34535 833 7
34536 1 0
34537 2 0
34538 3 0
34539 4 0
34540 5 0
34541 7 0
34542 8 0
34543 10 0
34544 12 0
34545 14 0
34546 17 0
34547 18 0
34548 23 0
34549 25 0
34550 27 0
34551 29 0
34552 32 0
34553 35 0
34554 40 0
34555 43 0
34556 49 0
34557 54 0
34558 63 0
34559 70 0
34560 74 0
34561 81 0
34562 85 0
34563 88 0
34564 94 0
34565 99 0
34566 111 0
34567 119 0
34568 131 0
34569 142 0
34570 153 0
34571 164 0
34572 176 0
34573 185 0
34574 196 0
34575 204 0
34576 210 1
34577 211 1
34578 218 1
34579 225 1
34580 235 1
34581 242 1
34582 254 1
34583 260 0
34584 266 0
34585 271 0
34586 274 0
34587 280 0
34588 289 0
34589 295 0
34590 302 0
34591 305 0
34592 305 1
34593 309 1
34594 313 1
34595 319 1
34596 320 1
34597 323 1
34598 327 1
34599 332 1
34600 339 1
34601 339 1
34602 346 1
34603 355 1
34604 360 1
34605 372 1
34606 379 1
34607 378 1
34608 380 1
34609 389 1
34610 395 1
34611 403 1
34612 407 1
34613 414 1
34614 416 1
34615 419 1
34616 424 1
34617 430 1
34618 437 1
34619 440 1
34620 444 1
34621 453 1
34622 457 1
34623 463 1
34624 474 1
34625 475 1
34626 476 2
34627 570 2
34628 656 2
34629 676 2
34630 685 2
34631 688 2
34632 702 2
34633 708 2
34634 714 2
34635 718 2
34636 724 2
34637 727 2
34638 732 2
34639 734 2
34640 737 2
34641 742 2
34642 744 2
34643 749 2
34644 749 3
34645 753 4
34646 761 4
34647 770 4
34648 772 5
34649 778 5
34650 785 6
34651 801 6
34652 801 7
34653 825 7
34654 822 7
34655 829 7
34656 831 7
34657 833 7
34658 832 7
34659 834 7
34660 834 7
34661 825 6
34662 830 7
34663 835 7
34664 837 7
34665 835 7
34666 836 7
34667 837 7
34668 840 8
34669 838 8
34670 837 8
34671 826 8
34672 839 8
34673 842 8
34674 837 8
34675 837 8
34676 823 8
34677 1 0
34678 4 0
34679 5 0
34680 6 0
34681 9 0
34682 12 0
34683 20 0
34684 26 0
34685 30 0
34686 37 0
34687 55 0
34688 64 0
34689 86 0
34690 109 0
34691 138 0
34692 158 0
34693 187 0
34694 219 0
34695 250 0
34696 262 0
34697 288 0
34698 305 0
34699 315 0
34700 330 0
34701 328 1
34702 337 1
34703 342 1
34704 348 1
34705 354 1
34706 356 1
34707 364 1
34708 381 1
34709 387 1
34710 399 1
34711 408 1
34712 418 1
34713 430 1
34714 442 1
34715 457 1
34716 473 1
34717 494 1
34718 515 1
34719 521 1
34720 590 0
34721 590 2
34722 616 1
34723 616 2
34724 636 3
34725 666 3
34726 681 3
34727 707 3
34728 722 3
34729 734 3
34730 758 2
34731 761 2
34732 769 2
34733 779 2
34734 785 2
34735 793 2
34736 798 2
34737 805 0
34738 805 2
34739 805 3
34740 807 4
34741 817 4
34742 830 5
34743 832 5
34744 832 6
34745 840 6
34746 840 7
34747 846 7
34748 846 8
34749 848 8
34750 849 8
34751 848 8
34752 847 8
34753 852 8
34754 853 8
34755 854 8
34756 854 8
34757 853 8
34758 853 8
34759 853 8
34760 853 8
34761 853 8
34762 853 8
34763 853 8
34764 853 8
34765 851 8
34766 851 8
34767 850 8
34768 849 8
34769 845 9
34770 845 8
34771 845 9
34772 846 9
34773 846 9
34774 846 9
34775 848 9
34776 845 10
34777 848 9
34778 849 9
34779 849 10
34780 850 9
34781 0 0
34782 1 0
34783 2 0
34784 3 0
34785 4 0
34786 5 0
34787 6 0
34788 7 0
34789 8 0
34790 9 0
34791 11 0
34792 12 0
34793 23 0
34794 31 0
34795 38 0
34796 48 0
34797 55 0
34798 69 0
34799 78 0
34800 97 0
34801 111 0
34802 136 0
34803 158 0
34804 183 0
34805 198 0
34806 220 0
34807 240 0
34808 252 0
34809 274 0
34810 281 0
34811 286 0
34812 295 0
34813 305 0
34814 311 0
34815 315 0
34816 317 0
34817 328 0
34818 335 0
34819 340 0
34820 345 0
34821 347 0
34822 355 0
34823 361 0
34824 367 0
34825 373 1
34826 381 1
34827 387 1
34828 396 1
34829 403 1
34830 410 1
34831 414 1
34832 415 1
34833 419 1
34834 432 1
34835 439 1
34836 448 1
34837 450 1
34838 457 1
34839 469 1
34840 481 1
34841 484 1
34842 505 0
34843 505 3
34844 689 4
34845 707 4
34846 716 4
34847 728 4
34848 729 4
34849 735 4
34850 738 4
34851 739 4
34852 741 4
34853 746 4
34854 750 4
34855 752 4
34856 754 6
34857 764 6
34858 766 6
34859 769 6
34860 770 6
34861 774 7
34862 786 8
34863 804 9
34864 817 9
34865 817 10
34866 827 10
34867 829 10
34868 824 10
34869 835 10
34870 832 10
34871 830 10
34872 830 10
34873 828 10
34874 830 10
34875 830 10
34876 831 10
34877 831 10
34878 798 10
34879 1 0
34880 3 0
34881 4 0
34882 6 0
34883 9 0
34884 13 0
34885 15 0
34886 19 0
34887 21 0
34888 26 0
34889 28 0
34890 33 0
34891 38 0
34892 44 0
34893 47 0
34894 51 0
34895 55 0
34896 60 0
34897 62 0
34898 65 0
34899 69 0
34900 72 0
34901 74 0
34902 83 0
34903 87 0
34904 95 0
34905 101 0
34906 112 0
34907 116 0
34908 121 0
34909 124 0
34910 129 0
34911 138 0
34912 145 0
34913 150 0
34914 154 0
34915 161 0
34916 170 0
34917 178 0
34918 185 0
34919 191 0
34920 197 0
34921 203 0
34922 211 0
34923 223 0
34924 229 0
34925 230 0
34926 243 0
34927 248 0
34928 252 0
34929 255 0
34930 266 0
34931 299 0
34932 315 0
34933 323 0
34934 326 0
34935 338 0
34936 342 0
34937 353 0
34938 363 0
34939 371 0
34940 379 0
34941 387 0
34942 398 0
34943 419 0
34944 427 0
34945 435 0
34946 447 0
34947 454 0
34948 468 0
34949 482 0
34950 492 0
34951 505 0
34952 520 0
34953 535 0
34954 544 0
34955 545 1
34956 550 2
34957 610 2
34958 618 3
34959 633 3
34960 642 4
34961 649 4
34962 663 4
34963 698 4
34964 700 4
34965 700 4
34966 700 4
34967 701 4
34968 703 4
34969 703 4
34970 705 4
34971 706 4
34972 706 4
34973 707 4
34974 706 4
34975 706 4
34976 706 4
34977 707 4
34978 708 4
34979 709 4
34980 709 4
34981 710 4
34982 710 4
34983 710 4
34984 711 4
34985 713 4
34986 715 4
34987 714 4
34988 714 4
34989 715 4
34990 715 4
34991 716 4
34992 717 4
34993 717 4
34994 717 4
34995 719 4
34996 719 4
34997 723 4
34998 722 4
34999 722 4
35000 724 4
35001 724 4
35002 725 4
35003 725 4
35004 726 4
35005 727 4
35006 727 4
35007 728 4
35008 728 4
35009 736 4
35010 758 5
35011 788 5
35012 789 6
35013 790 8
35014 795 9
35015 816 9
35016 819 10
35017 823 10
35018 823 10
35019 819 10
35020 823 9
35021 831 9
35022 826 9
35023 828 9
35024 827 10
35025 827 9
35026 819 9
35027 825 9
35028 828 9
35029 830 9
35030 828 9
35031 829 9
35032 829 9
35033 831 9
35034 816 9
35035 828 9
35036 829 9
35037 830 9
35038 831 9
35039 0 0
35040 1 0
35041 2 0
35042 3 0
35043 4 0
35044 6 0
35045 7 0
35046 8 0
35047 9 0
35048 11 0
35049 14 0
35050 16 0
35051 21 0
35052 27 0
35053 33 0
35054 40 0
35055 49 0
35056 59 0
35057 67 0
35058 74 0
35059 81 0
35060 85 0
35061 95 0
35062 106 0
35063 121 0
35064 132 0
35065 141 0
35066 158 0
35067 174 0
35068 194 0
35069 212 0
35070 222 0
35071 235 0
35072 253 0
35073 269 0
35074 279 0
35075 291 0
35076 298 0
35077 305 0
35078 310 0
35079 316 0
35080 318 0
35081 321 0
35082 324 0
35083 331 0
35084 338 0
35085 344 0
35086 350 0
35087 358 0
35088 367 0
35089 372 0
35090 385 0
35091 390 0
35092 392 0
35093 403 0
35094 406 0
35095 413 0
35096 425 0
35097 431 0
35098 444 0
35099 450 0
35100 454 0
35101 459 0
35102 463 0
35103 467 0
35104 475 0
35105 482 0
35106 485 0
35107 489 0
35108 494 0
35109 502 0
35110 506 0
35111 506 1
35112 506 2
35113 552 2
35114 575 2
35115 594 2
35116 598 2
35117 612 2
35118 622 2
35119 634 2
35120 686 2
35121 690 2
35122 694 2
35123 695 2
35124 696 2
35125 698 2
35126 698 2
35127 702 2
35128 702 2
35129 703 2
35130 704 2
35131 704 2
35132 704 2
35133 704 2
35134 704 2
35135 705 2
35136 708 2
35137 708 2
35138 707 2
35139 710 2
35140 710 2
35141 712 2
35142 712 2
35143 713 2
35144 714 2
35145 713 2
35146 715 2
35147 715 2
35148 716 2
35149 716 2
35150 717 2
35151 717 2
35152 718 2
35153 718 2
35154 718 2
35155 718 2
35156 720 2
35157 721 2
35158 721 2
35159 721 2
35160 722 2
35161 722 2
35162 722 2
35163 722 2
35164 723 2
35165 724 2
35166 725 2
35167 726 2
35168 731 2
35169 738 2
35170 738 3
35171 741 3
35172 750 3
35173 755 4
35174 772 5
35175 772 6
35176 786 7
35177 797 8
35178 813 9
35179 811 9
35180 812 9
35181 815 9
35182 798 9
35183 812 9
35184 824 9
35185 823 9
35186 805 9
35187 821 9
35188 826 9
35189 825 10
35190 826 11
35191 827 12
35192 828 11
35193 831 11
35194 827 11
35195 0 0
35196 0 0
35197 1 0
35198 3 0
35199 4 0
35200 5 0
35201 6 0
35202 7 0
35203 8 0
35204 9 0
35205 10 0
35206 14 0
35207 18 0
35208 21 0
35209 39 0
35210 64 0
35211 85 0
35212 109 0
35213 154 0
35214 203 0
35215 241 0
35216 277 0
35217 301 0
35218 319 0
35219 328 0
35220 338 0
35221 349 0
35222 364 0
35223 382 0
35224 394 0
35225 401 0
35226 415 0
35227 425 0
35228 429 0
35229 438 0
35230 449 0
35231 467 0
35232 472 0
35233 487 0
35234 488 1
35235 506 1
35236 512 1
35237 537 1
35238 539 2
35239 548 2
35240 554 2
35241 574 2
35242 595 2
35243 616 2
35244 635 2
35245 663 2
35246 669 2
35247 683 2
35248 693 2
35249 698 2
35250 705 2
35251 708 2
35252 712 2
35253 714 2
35254 717 2
35255 721 2
35256 724 2
35257 725 2
35258 726 2
35259 728 2
35260 735 2
35261 753 2
35262 757 2
35263 757 3
35264 780 4
35265 781 6
35266 793 6
35267 793 7
35268 798 8
35269 806 9
35270 817 9
35271 816 9
35272 815 9
35273 817 10
35274 819 10
35275 824 11
35276 824 12
35277 823 12
35278 821 12
35279 824 12
35280 820 12
35281 824 12
35282 823 12
35283 825 12
35284 824 12
35285 822 12
35286 818 12
35287 819 12
35288 822 11
35289 821 11
35290 825 11
35291 826 11
35292 829 11
35293 829 12
35294 827 12
35295 828 12
35296 830 12
35297 829 12
35298 831 12
35299 833 13
35300 827 13
35301 825 13
35302 827 13
35303 829 13
35304 824 13
35305 831 12
35306 831 13
35307 833 13
35308 1 0
35309 2 0
35310 3 0
35311 4 0
35312 5 0
35313 6 0
35314 7 0
35315 8 0
35316 9 0
35317 10 0
35318 12 0
35319 13 0
35320 14 0
35321 15 0
35322 16 0
35323 17 0
35324 18 0
35325 20 0
35326 23 0
35327 30 0
35328 35 0
35329 43 0
35330 49 0
35331 57 0
35332 66 0
35333 70 0
35334 77 0
35335 86 0
35336 99 0
35337 108 0
35338 120 0
35339 130 0
35340 144 0
35341 166 0
35342 184 0
35343 191 0
35344 202 0
35345 211 0
35346 220 0
35347 227 0
35348 236 0
35349 254 0
35350 262 0
35351 273 0
35352 276 0
35353 285 0
35354 290 0
35355 297 0
35356 308 0
35357 313 0
35358 318 0
35359 325 0
35360 332 0
35361 338 0
35362 348 0
35363 356 0
35364 363 0
35365 368 0
35366 377 0
35367 387 0
35368 392 0
35369 402 0
35370 422 0
35371 432 0
35372 441 0
35373 449 0
35374 450 0
35375 456 0
35376 462 0
35377 466 0
35378 469 0
35379 473 0
35380 475 0
35381 484 0
35382 491 0
35383 496 0
35384 496 1
35385 544 2
35386 574 2
35387 600 2
35388 620 2
35389 627 2
35390 637 2
35391 644 2
35392 653 2
35393 661 2
35394 664 2
35395 665 2
35396 669 2
35397 672 2
35398 675 2
35399 680 2
35400 682 3
35401 683 3
35402 684 3
35403 686 3
35404 687 3
35405 688 3
35406 692 3
35407 691 3
35408 691 3
35409 693 3
35410 694 3
35411 694 3
35412 694 3
35413 697 3
35414 699 3
35415 699 3
35416 699 3
35417 702 3
35418 704 3
35419 704 3
35420 703 3
35421 705 3
35422 706 3
35423 706 3
35424 705 3
35425 707 3
35426 708 3
35427 708 3
35428 708 3
35429 708 3
35430 708 3
35431 708 3
35432 709 3
35433 710 3
35434 711 3
35435 711 3
35436 714 3
35437 715 3
35438 716 3
35439 717 3
35440 717 3
35441 717 3
35442 718 3
35443 719 3
35444 719 2
35445 722 2
35446 722 2
35447 722 2
35448 723 3
35449 735 4
35450 750 4
35451 761 7
35452 767 8
35453 772 9
35454 783 9
35455 783 11
35456 807 11
35457 812 11
35458 817 10
35459 819 11
35460 820 11
35461 818 11
35462 818 11
35463 819 11
35464 821 11
35465 822 11
35466 819 11
35467 818 11
35468 820 11
35469 818 11
35470 821 11
35471 821 11
35472 818 11
35473 0 0
35474 1 0
35475 2 0
35476 3 0
35477 17 0
35478 60 0
35479 130 0
35480 264 0
35481 357 0
35482 374 0
35483 392 0
35484 417 0
35485 443 0
35486 473 0
35487 483 0
35488 505 0
35489 530 0
35490 546 0
35491 560 0
35492 577 0
35493 581 1
35494 625 1
35495 635 1
35496 652 1
35497 663 1
35498 672 1
35499 673 2
35500 681 2
35501 687 2
35502 693 2
35503 701 2
35504 705 2
35505 709 2
35506 711 2
35507 713 2
35508 717 2
35509 720 2
35510 721 2
35511 724 2
35512 729 2
35513 731 2
35514 732 2
35515 733 2
35516 736 2
35517 736 2
35518 736 2
35519 739 2
35520 740 2
35521 742 2
35522 743 2
35523 743 3
35524 744 3
35525 744 3
35526 747 3
35527 750 3
35528 750 3
35529 751 3
35530 753 3
35531 753 3
35532 754 3
35533 754 3
35534 756 3
35535 759 3
35536 759 3
35537 761 3
35538 773 3
35539 777 1
35540 777 3
35541 777 4
35542 790 5
35543 791 5
35544 791 6
35545 792 7
35546 798 7
35547 800 8
35548 801 9
35549 806 10
35550 820 10
35551 822 10
35552 822 10
35553 821 10
35554 822 10
35555 823 10
35556 824 10
35557 824 10
35558 824 10
35559 824 10
35560 803 10
35561 818 9
35562 826 9
35563 824 9
35564 825 10
35565 817 10
35566 827 10
35567 822 11
35568 828 10
35569 829 11
35570 830 10
35571 829 11
35572 827 11
35573 829 11
35574 825 11
35575 0 0
35576 1 0
35577 2 0
35578 4 0
35579 7 0
35580 8 0
35581 10 0
35582 12 0
35583 17 0
35584 21 0
35585 28 0
35586 33 0
35587 40 0
35588 49 0
35589 56 0
35590 67 0
35591 79 0
35592 95 0
35593 110 0
35594 123 0
35595 132 0
35596 152 0
35597 167 0
35598 181 0
35599 194 0
35600 210 0
35601 227 0
35602 233 0
35603 246 0
35604 259 0
35605 275 0
35606 289 0
35607 317 0
35608 325 0
35609 332 0
35610 339 0
35611 348 0
35612 357 0
35613 368 0
35614 378 0
35615 386 0
35616 394 0
35617 402 0
35618 404 0
35619 412 0
35620 422 0
35621 429 0
35622 444 0
35623 464 0
35624 473 0
35625 484 0
35626 491 0
35627 494 0
35628 495 1
35629 543 1
35630 543 2
35631 581 2
35632 601 2
35633 619 2
35634 631 3
35635 638 4
35636 647 4
35637 660 4
35638 681 4
35639 686 4
35640 692 4
35641 697 4
35642 699 4
35643 701 4
35644 705 4
35645 708 4
35646 708 4
35647 709 4
35648 710 4
35649 714 4
35650 716 3
35651 719 3
35652 720 3
35653 721 3
35654 722 3
35655 723 3
35656 724 3
35657 724 3
35658 726 3
35659 728 4
35660 729 4
35661 741 5
35662 753 6
35663 768 7
35664 768 8
35665 770 9
35666 779 9
35667 779 10
35668 794 9
35669 797 10
35670 817 10
35671 816 10
35672 822 10
35673 827 10
35674 825 10
35675 828 10
35676 831 10
35677 832 10
35678 830 11
35679 820 11
35680 832 10
35681 834 11
35682 793 11
35683 1 0
35684 2 0
35685 4 0
35686 27 0
35687 68 0
35688 139 0
35689 255 0
35690 338 0
35691 378 0
35692 408 0
35693 420 0
35694 438 0
35695 457 0
35696 480 0
35697 497 0
35698 530 0
35699 553 0
35700 572 0
35701 589 0
35702 591 1
35703 617 1
35704 618 2
35705 651 2
35706 651 2
35707 654 3
35708 684 3
35709 715 3
35710 743 3
35711 753 3
35712 762 3
35713 763 3
35714 761 3
35715 765 3
35716 766 3
35717 767 3
35718 770 3
35719 774 5
35720 785 5
35721 795 5
35722 800 5
35723 800 6
35724 802 7
35725 808 7
35726 810 8
35727 810 9
35728 817 10
35729 823 11
35730 824 10
35731 825 11
35732 828 10
35733 829 11
35734 826 11
35735 836 11
35736 834 11
35737 822 11
35738 836 10
35739 837 10
35740 834 10
35741 835 11
35742 827 12
35743 827 12
35744 829 12
35745 833 12
35746 832 13
35747 832 13
35748 832 13
35749 832 13
35750 834 13
35751 834 13
35752 832 13
35753 832 13
35754 788 13
35755 1 0
35756 2 0
35757 4 0
35758 5 0
35759 6 0
35760 7 0
35761 8 0
35762 9 0
35763 10 0
35764 13 0
35765 15 0
35766 18 0
35767 19 0
35768 20 0
35769 21 0
35770 25 0
35771 28 0
35772 30 0
35773 34 0
35774 40 0
35775 43 0
35776 48 0
35777 49 0
35778 51 0
35779 53 0
35780 58 0
35781 63 0
35782 66 0
35783 71 0
35784 76 0
35785 79 0
35786 84 0
35787 89 0
35788 94 0
35789 100 0
35790 108 0
35791 112 0
35792 115 0
35793 117 0
35794 122 0
35795 124 0
35796 128 0
35797 137 0
35798 143 0
35799 148 0
35800 159 0
35801 169 0
35802 173 0
35803 183 0
35804 188 0
35805 195 0
35806 202 0
35807 209 0
35808 217 0
35809 224 0
35810 230 0
35811 233 0
35812 238 0
35813 242 0
35814 243 0
35815 246 0
35816 257 0
35817 264 0
35818 272 0
35819 274 0
35820 277 0
35821 282 0
35822 284 0
35823 293 0
35824 305 0
35825 311 0
35826 320 0
35827 333 0
35828 341 0
35829 350 0
35830 365 0
35831 376 0
35832 381 0
35833 388 0
35834 394 0
35835 407 0
35836 414 0
35837 420 0
35838 426 0
35839 435 0
35840 435 0
35841 439 0
35842 441 0
35843 444 2
35844 539 2
35845 542 3
35846 590 3
35847 597 3
35848 612 3
35849 636 3
35850 643 3
35851 653 3
35852 669 3
35853 677 3
35854 689 3
35855 695 3
35856 702 3
35857 704 3
35858 706 3
35859 709 3
35860 710 3
35861 716 3
35862 716 3
35863 714 3
35864 716 3
35865 721 3
35866 722 3
35867 725 3
35868 729 3
35869 730 3
35870 733 3
35871 733 3
35872 734 3
35873 740 3
35874 741 3
35875 743 3
35876 744 3
35877 745 3
35878 749 4
35879 750 5
35880 762 5
35881 788 7
35882 788 7
35883 792 7
35884 792 8
35885 793 9
35886 794 9
35887 795 9
35888 794 10
35889 797 10
35890 800 10
35891 803 10
35892 810 10
35893 812 11
35894 814 11
35895 816 11
35896 816 11
35897 818 11
35898 821 11
35899 821 12
35900 821 13
35901 823 13
35902 825 13
35903 831 13
35904 833 13
35905 829 13
35906 835 13
35907 836 12
35908 836 12
35909 834 12
35910 839 12
35911 0 0
35912 1 0
35913 2 0
35914 3 0
35915 4 0
35916 5 0
35917 6 0
35918 8 0
35919 9 0
35920 10 0
35921 11 0
35922 14 0
35923 15 0
35924 17 0
35925 19 0
35926 20 0
35927 40 0
35928 59 0
35929 88 0
35930 116 0
35931 145 0
35932 191 0
35933 236 0
35934 263 0
35935 291 0
35936 327 0
35937 336 0
35938 351 0
35939 365 0
35940 370 0
35941 381 0
35942 395 0
35943 410 0
35944 418 0
35945 423 0
35946 437 0
35947 451 0
35948 467 0
35949 489 0
35950 498 0
35951 504 0
35952 521 0
35953 527 0
35954 527 2
35955 572 4
35956 613 5
35957 733 4
35958 765 5
35959 765 3
35960 774 3
35961 777 3
35962 777 3
35963 779 4
35964 785 4
35965 788 4
35966 792 4
35967 805 5
35968 808 7
35969 811 7
35970 811 8
35971 811 9
35972 814 9
35973 814 10
35974 818 10
35975 819 10
35976 824 10
35977 831 10
35978 832 10
35979 838 10
35980 839 10
35981 842 10
35982 839 10
35983 842 9
35984 844 9
35985 844 9
35986 842 9
35987 839 9
35988 842 9
35989 845 9
35990 838 9
35991 840 9
35992 845 9
35993 847 9
35994 848 9
35995 845 9
35996 1 0
35997 2 0
35998 3 0
35999 4 0
36000 5 0
36001 6 0
36002 7 0
36003 8 0
36004 9 0
36005 10 0
36006 11 0
36007 13 0
36008 14 0
36009 16 0
36010 17 0
36011 20 0
36012 22 0
36013 25 0
36014 28 0
36015 30 0
36016 32 0
36017 35 0
36018 36 0
36019 39 0
36020 44 0
36021 50 0
36022 52 0
36023 58 0
36024 65 0
36025 67 0
36026 70 0
36027 73 0
36028 77 0
36029 80 0
36030 87 0
36031 92 0
36032 95 0
36033 101 0
36034 106 0
36035 108 0
36036 112 0
36037 116 0
36038 124 0
36039 133 0
36040 140 0
36041 145 0
36042 153 0
36043 158 0
36044 170 0
36045 174 0
36046 179 0
36047 183 0
36048 196 0
36049 206 0
36050 214 0
36051 222 0
36052 231 0
36053 237 0
36054 246 0
36055 289 0
36056 312 0
36057 323 0
36058 336 0
36059 355 0
36060 373 0
36061 384 0
36062 406 0
36063 408 0
36064 421 0
36065 439 0
36066 453 0
36067 476 0
36068 488 0
36069 505 0
36070 523 0
36071 526 1
36072 539 1
36073 560 1
36074 577 2
36075 594 2
36076 606 2
36077 631 2
36078 644 2
36079 657 2
36080 659 3
36081 666 3
36082 675 3
36083 690 3
36084 704 3
36085 715 3
36086 726 3
36087 728 3
36088 729 4
36089 759 4
36090 770 4
36091 770 5
36092 784 5
36093 784 6
36094 785 7
36095 804 7
36096 811 8
36097 825 8
36098 825 9
36099 828 9
36100 831 9
36101 815 9
36102 827 9
36103 833 9
36104 833 9
36105 827 9
36106 830 9
36107 827 9
36108 831 9
36109 835 9
36110 835 10
36111 791 10
36112 834 9
36113 835 9
36114 838 10
36115 838 10
36116 842 10
36117 846 10
36118 847 10
36119 845 10
36120 845 10
36121 844 11
36122 846 9
36123 847 10
36124 848 11
36125 843 10
36126 1 0
36127 2 0
36128 3 0
36129 4 0
36130 6 0
36131 9 0
36132 10 0
36133 12 0
36134 18 0
36135 29 0
36136 58 0
36137 125 0
36138 192 0
36139 299 0
36140 345 0
36141 355 0
36142 377 0
36143 398 0
36144 425 0
36145 439 0
36146 460 0
36147 471 0
36148 492 0
36149 513 0
36150 529 0
36151 556 0
36152 561 0
36153 561 1
36154 565 2
36155 650 2
36156 724 2
36157 744 2
36158 748 2
36159 752 2
36160 778 5
36161 801 4
36162 812 5
36163 812 6
36164 815 6
36165 819 6
36166 820 7
36167 825 7
36168 832 7
36169 832 8
36170 834 9
36171 839 9
36172 843 9
36173 844 9
36174 842 9
36175 834 9
36176 842 9
36177 843 10
36178 838 9
36179 835 10
36180 835 10
36181 838 10
36182 838 10
36183 838 10
36184 836 10
36185 837 10
36186 839 10
36187 837 10
36188 838 10
36189 0 0
36190 1 0
36191 1 0
36192 2 0
36193 3 0
36194 4 0
36195 5 0
36196 6 0
36197 7 0
36198 8 0
36199 9 0
36200 10 0
36201 11 0
36202 13 0
36203 16 0
36204 17 0
36205 20 0
36206 22 0
36207 27 0
36208 28 0
36209 35 0
36210 39 0
36211 42 0
36212 46 0
36213 51 0
36214 55 0
36215 64 0
36216 70 0
36217 78 0
36218 82 0
36219 95 0
36220 99 0
36221 106 0
36222 113 0
36223 124 0
36224 136 0
36225 151 0
36226 157 0
36227 166 0
36228 174 0
36229 186 0
36230 196 0
36231 202 0
36232 221 0
36233 235 0
36234 248 0
36235 254 0
36236 263 0
36237 270 0
36238 282 0
36239 292 0
36240 304 0
36241 307 0
36242 317 0
36243 320 0
36244 327 0
36245 338 0
36246 338 0
36247 343 0
36248 349 0
36249 351 0
36250 353 0
36251 355 0
36252 357 0
36253 360 0
36254 363 0
36255 371 0
36256 378 0
36257 379 0
36258 382 0
36259 385 0
36260 393 0
36261 400 0
36262 407 0
36263 416 0
36264 418 0
36265 425 0
36266 427 0
36267 434 0
36268 441 0
36269 448 0
36270 454 0
36271 460 0
36272 464 0
36273 466 0
36274 473 0
36275 474 0
36276 480 0
36277 490 0
36278 499 0
36279 502 0
36280 514 0
36281 518 0
36282 522 1
36283 576 2
36284 704 2
36285 714 2
36286 728 2
36287 739 2
36288 748 2
36289 749 3
36290 762 4
36291 793 5
36292 798 6
36293 798 7
36294 807 7
36295 821 7
36296 821 8
36297 822 9
36298 827 9
36299 826 10
36300 830 10
36301 832 10
36302 833 10
36303 835 10
36304 835 10
36305 838 10
36306 834 10
36307 837 10
36308 827 10
36309 829 10
36310 834 10
36311 835 10
36312 832 10
36313 839 10
36314 837 10
36315 838 10
36316 839 10
36317 840 10
36318 841 10
36319 840 10
36320 839 10
36321 839 10
36322 835 10
36323 837 10
36324 837 10
36325 834 10
36326 837 10
36327 1 0
36328 3 0
36329 4 0
36330 5 0
36331 7 0
36332 8 0
36333 9 0
36334 11 0
36335 13 0
36336 14 0
36337 17 0
36338 19 0
36339 20 0
36340 21 0
36341 26 0
36342 29 0
36343 31 0
36344 32 0
36345 37 0
36346 38 0
36347 44 0
36348 53 0
36349 59 0
36350 65 0
36351 71 0
36352 75 0
36353 80 0
36354 88 0
36355 100 0
36356 105 0
36357 115 0
36358 134 0
36359 147 0
36360 166 0
36361 175 0
36362 184 0
36363 196 0
36364 211 0
36365 230 0
36366 237 0
36367 251 0
36368 262 0
36369 270 0
36370 276 0
36371 284 0
36372 291 0
36373 295 0
36374 303 0
36375 310 0
36376 320 0
36377 325 0
36378 330 0
36379 332 0
36380 335 0
36381 340 0
36382 346 0
36383 358 0
36384 360 0
36385 366 0
36386 369 0
36387 371 0
36388 378 0
36389 383 0
36390 389 0
36391 392 0
36392 395 0
36393 397 0
36394 397 0
36395 405 0
36396 415 0
36397 420 0
36398 425 0
36399 430 0
36400 433 0
36401 432 0
36402 443 0
36403 449 0
36404 451 0
36405 453 1
36406 491 3
36407 519 3
36408 536 3
36409 695 4
36410 768 4
36411 792 5
36412 801 5
36413 803 5
36414 803 5
36415 804 5
36416 805 5
36417 805 5
36418 805 5
36419 805 5
36420 805 5
36421 805 5
36422 806 5
36423 805 5
36424 806 6
36425 809 6
36426 809 7
36427 809 7
36428 811 7
36429 811 7
36430 812 7
36431 812 7
36432 814 7
36433 816 7
36434 819 7
36435 819 8
36436 823 8
36437 828 8
36438 830 9
36439 833 10
36440 836 10
36441 840 10
36442 842 10
36443 844 10
36444 844 10
36445 848 10
36446 848 10
36447 843 10
36448 849 10
36449 850 10
36450 850 10
36451 848 10
36452 846 10
36453 848 10
36454 847 10
36455 850 10
36456 846 10
36457 0 0
36458 1 0
36459 2 0
36460 3 0
36461 4 0
36462 5 0
36463 6 0
36464 7 0
36465 8 0
36466 9 0
36467 10 0
36468 11 0
36469 12 0
36470 13 0
36471 14 0
36472 17 0
36473 18 0
36474 19 0
36475 20 0
36476 33 0
36477 45 0
36478 61 0
36479 80 0
36480 112 0
36481 147 0
36482 186 0
36483 212 0
36484 246 0
36485 278 0
36486 289 0
36487 304 0
36488 315 0
36489 333 0
36490 340 0
36491 350 0
36492 357 0
36493 369 0
36494 372 0
36495 387 0
36496 393 0
36497 400 0
36498 415 0
36499 420 0
36500 435 0
36501 444 0
36502 453 0
36503 461 0
36504 468 1
36505 475 1
36506 495 1
36507 510 1
36508 517 1
36509 534 1
36510 535 2
36511 581 2
36512 618 2
36513 668 3
36514 683 3
36515 692 3
36516 814 0
36517 814 2
36518 816 3
36519 817 4
36520 828 4
36521 831 4
36522 833 5
36523 839 5
36524 847 5
36525 847 5
36526 848 5
36527 848 5
36528 849 5
36529 850 5
36530 851 5
36531 851 5
36532 851 5
36533 851 5
36534 851 5
36535 851 5
36536 851 5
36537 851 5
36538 852 5
36539 852 5
36540 852 5
36541 852 5
36542 852 5
36543 852 5
36544 852 5
36545 852 5
36546 852 5
36547 852 6
36548 852 6
36549 852 7
36550 853 7
36551 862 7
36552 863 8
36553 863 9
36554 864 9
36555 866 9
36556 866 10
36557 869 10
36558 867 10
36559 871 10
36560 870 10
36561 871 10
36562 868 10
36563 867 10
36564 867 10
36565 867 10
36566 869 10
36567 869 9
36568 868 10
36569 868 9
36570 867 9
36571 871 9
36572 870 9
36573 870 9
36574 869 9
36575 869 9
36576 870 9
36577 1 0
36578 2 0
36579 4 0
36580 5 0
36581 8 0
36582 9 0
36583 11 0
36584 16 0
36585 20 0
36586 25 0
36587 28 0
36588 30 0
36589 33 0
36590 37 0
36591 43 0
36592 50 0
36593 56 0
36594 59 0
36595 63 0
36596 78 0
36597 80 0
36598 87 0
36599 93 0
36600 103 0
36601 112 0
36602 115 0
36603 124 0
36604 136 0
36605 144 0
36606 152 0
36607 164 0
36608 170 0
36609 179 0
36610 183 0
36611 192 0
36612 213 0
36613 219 0
36614 229 0
36615 242 0
36616 253 0
36617 278 0
36618 292 0
36619 300 0
36620 310 0
36621 314 0
36622 319 0
36623 324 0
36624 330 0
36625 332 0
36626 336 0
36627 342 0
36628 346 0
36629 350 0
36630 363 0
36631 371 0
36632 377 0
36633 384 0
36634 389 0
36635 399 0
36636 401 1
36637 417 1
36638 424 1
36639 439 1
36640 476 1
36641 523 0
36642 523 2
36643 564 2
36644 578 3
36645 588 3
36646 599 3
36647 609 3
36648 617 3
36649 628 3
36650 629 3
36651 634 3
36652 645 3
36653 648 3
36654 651 3
36655 656 3
36656 662 3
36657 670 3
36658 673 3
36659 675 3
36660 680 3
36661 683 3
36662 687 3
36663 689 3
36664 690 3
36665 691 3
36666 691 3
36667 691 3
36668 692 3
36669 693 3
36670 696 3
36671 702 3
36672 703 3
36673 705 3
36674 706 3
36675 706 3
36676 706 3
36677 706 3
36678 707 3
36679 707 3
36680 707 4
36681 707 4
36682 709 4
36683 710 4
36684 713 4
36685 718 4
36686 721 4
36687 722 4
36688 722 4
36689 724 4
36690 728 4
36691 728 4
36692 729 4
36693 731 4
36694 732 4
36695 731 4
36696 731 4
36697 731 4
36698 732 4
36699 732 4
36700 733 4
36701 733 4
36702 736 4
36703 742 5
36704 779 5
36705 789 6
36706 796 7
36707 816 7
36708 816 8
36709 817 9
36710 820 9
36711 827 10
36712 833 10
36713 835 10
36714 835 10
36715 839 9
36716 837 9
36717 837 9
36718 844 9
36719 839 10
36720 842 9
36721 842 9
36722 840 9
36723 838 9
36724 839 9
36725 842 9
36726 839 9
36727 842 9
36728 842 9
36729 840 9
36730 1 0
36731 2 0
36732 5 0
36733 6 0
36734 8 0
36735 9 0
36736 10 0
36737 11 0
36738 17 0
36739 52 0
36740 69 0
36741 104 0
36742 132 0
36743 165 0
36744 216 0
36745 254 0
36746 298 0
36747 318 0
36748 344 0
36749 368 0
36750 374 0
36751 381 0
36752 390 0
36753 401 0
36754 406 0
36755 406 1
36756 419 2
36757 434 2
36758 440 2
36759 446 2
36760 457 2
36761 484 2
36762 521 3
36763 546 3
36764 561 3
36765 617 3
36766 641 3
36767 662 3
36768 668 3
36769 679 3
36770 689 3
36771 690 3
36772 691 3
36773 693 3
36774 697 3
36775 702 3
36776 704 3
36777 705 3
36778 710 3
36779 710 4
36780 712 4
36781 713 4
36782 715 4
36783 715 4
36784 714 4
36785 716 4
36786 718 4
36787 718 4
36788 718 4
36789 721 4
36790 722 4
36791 726 4
36792 727 4
36793 729 4
36794 729 4
36795 731 4
36796 731 4
36797 731 4
36798 730 4
36799 730 4
36800 731 4
36801 732 4
36802 733 4
36803 734 4
36804 734 4
36805 735 4
36806 735 4
36807 735 4
36808 735 4
36809 737 4
36810 739 4
36811 739 4
36812 740 4
36813 740 4
36814 740 4
36815 739 4
36816 739 4
36817 739 4
36818 741 4
36819 741 4
36820 741 4
36821 741 4
36822 743 4
36823 743 4
36824 743 4
36825 744 4
36826 746 4
36827 747 4
36828 751 5
36829 754 5
36830 757 5
36831 761 5
36832 761 5
36833 761 5
36834 762 5
36835 764 5
36836 767 5
36837 770 5
36838 772 5
36839 775 5
36840 776 6
36841 779 6
36842 783 6
36843 794 6
36844 794 7
36845 804 7
36846 805 8
36847 811 9
36848 819 9
36849 827 9
36850 833 9
36851 832 9
36852 828 9
36853 833 9
36854 837 9
36855 837 9
36856 838 9
36857 839 9
36858 839 10
36859 828 9
36860 828 9
36861 836 9
36862 835 9
36863 834 9
36864 839 9
36865 843 9
36866 840 9
36867 841 9
36868 843 9
36869 839 9
36870 842 9
36871 842 9
36872 844 9
36873 843 9
36874 843 9
36875 842 9
36876 0 1
36877 1 1
36878 2 1
36879 3 1
36880 6 1
36881 7 1
36882 8 1
36883 10 1
36884 11 1
36885 12 1
36886 16 1
36887 21 1
36888 27 1
36889 32 1
36890 43 1
36891 62 1
36892 72 1
36893 97 1
36894 112 1
36895 132 1
36896 156 0
36897 181 0
36898 208 0
36899 238 0
36900 264 0
36901 274 0
36902 292 0
36903 299 0
36904 301 1
36905 314 1
36906 317 1
36907 331 1
36908 339 1
36909 350 1
36910 370 1
36911 381 2
36912 388 2
36913 404 2
36914 412 2
36915 419 2
36916 430 2
36917 435 2
36918 452 2
36919 472 2
36920 482 3
36921 510 3
36922 539 3
36923 559 3
36924 587 3
36925 615 3
36926 629 3
36927 641 3
36928 643 3
36929 647 3
36930 658 3
36931 668 3
36932 674 3
36933 682 3
36934 684 3
36935 690 3
36936 698 3
36937 698 3
36938 702 3
36939 704 3
36940 707 3
36941 708 3
36942 710 3
36943 711 3
36944 713 3
36945 713 3
36946 714 3
36947 716 3
36948 717 3
36949 718 3
36950 720 3
36951 719 3
36952 722 3
36953 723 3
36954 725 3
36955 727 3
36956 728 3
36957 734 3
36958 736 3
36959 741 3
36960 744 3
36961 747 3
36962 751 3
36963 751 4
36964 755 4
36965 759 4
36966 762 4
36967 766 4
36968 769 4
36969 769 5
36970 773 5
36971 775 5
36972 821 0
36973 821 2
36974 821 3
36975 823 3
36976 824 4
36977 824 5
36978 824 6
36979 825 6
36980 829 6
36981 833 6
36982 839 6
36983 839 7
36984 840 7
36985 840 8
36986 842 8
36987 844 8
36988 848 8
36989 851 8
36990 851 8
36991 851 8
36992 851 8
36993 850 8
36994 852 8
36995 852 8
36996 852 8
36997 852 8
36998 852 8
36999 852 8
37000 855 8
37001 855 8
37002 854 8
37003 855 7
37004 855 8
37005 855 8
37006 855 8
37007 856 8
37008 855 8
37009 857 8
37010 858 8
37011 859 8
37012 859 8
37013 859 8
37014 860 8
37015 861 8
37016 861 8
37017 861 8
37018 861 8
37019 857 9
37020 864 9
37021 865 9
37022 863 9
37023 864 9
37024 863 9
37025 0 1
37026 1 1
37027 3 1
37028 14 1
37029 32 1
37030 57 1
37031 109 1
37032 147 1
37033 234 0
37034 251 1
37035 294 1
37036 328 2
37037 347 2
37038 354 2
37039 366 2
37040 374 2
37041 379 2
37042 396 2
37043 402 2
37044 415 2
37045 429 2
37046 435 2
37047 441 2
37048 453 2
37049 463 2
37050 473 2
37051 481 2
37052 496 2
37053 498 2
37054 622 2
37055 624 3
37056 642 3
37057 657 4
37058 685 4
37059 733 4
37060 767 4
37061 770 4
37062 773 4
37063 774 4
37064 776 4
37065 777 4
37066 779 4
37067 781 4
37068 784 4
37069 785 4
37070 785 4
37071 785 4
37072 787 4
37073 787 4
37074 787 4
37075 788 4
37076 789 4
37077 789 4
37078 792 4
37079 793 4
37080 797 4
37081 799 4
37082 800 4
37083 801 4
37084 803 4
37085 806 4
37086 809 4
37087 810 4
37088 811 4
37089 811 4
37090 812 4
37091 816 4
37092 816 4
37093 815 4
37094 816 4
37095 816 4
37096 818 5
37097 818 5
37098 818 5
37099 819 5
37100 820 5
37101 821 5
37102 821 5
37103 821 6
37104 822 6
37105 823 6
37106 824 6
37107 824 7
37108 826 7
37109 829 7
37110 829 8
37111 832 8
37112 836 8
37113 843 9
37114 842 9
37115 845 9
37116 848 9
37117 846 9
37118 848 9
37119 850 9
37120 853 9
37121 853 9
37122 853 9
37123 851 10
37124 849 10
37125 850 10
37126 852 10
37127 851 10
37128 852 10
37129 852 11
37130 849 11
37131 849 11
37132 850 11
37133 847 11
37134 849 11
37135 850 11
37136 848 11
37137 849 11
37138 849 11
37139 850 11
37140 850 11
37141 850 11
37142 852 11
37143 852 11
37144 852 11
37145 854 11
37146 854 11
37147 853 11
37148 852 9
37149 854 9
37150 854 9
37151 853 9
37152 854 9
37153 858 9
37154 858 8
37155 858 8
37156 858 8
37157 857 8
37158 857 8
37159 857 8
37160 859 8
37161 859 8
37162 857 8
37163 0 1
37164 1 1
37165 2 1
37166 4 1
37167 6 1
37168 10 1
37169 13 1
37170 19 1
37171 27 1
37172 38 1
37173 48 1
37174 70 1
37175 88 1
37176 113 2
37177 139 2
37178 169 2
37179 190 1
37180 225 1
37181 251 1
37182 266 1
37183 283 1
37184 306 1
37185 313 2
37186 320 2
37187 320 3
37188 334 3
37189 364 3
37190 379 2
37191 400 2
37192 417 3
37193 426 3
37194 434 2
37195 448 2
37196 459 2
37197 471 2
37198 473 3
37199 496 3
37200 523 3
37201 530 4
37202 557 4
37203 599 4
37204 631 4
37205 646 4
37206 654 4
37207 659 4
37208 668 4
37209 672 4
37210 677 4
37211 681 4
37212 682 4
37213 686 4
37214 690 4
37215 694 4
37216 698 4
37217 699 4
37218 700 4
37219 703 4
37220 704 4
37221 706 4
37222 712 4
37223 716 4
37224 718 4
37225 723 4
37226 725 4
37227 726 4
37228 726 5
37229 729 5
37230 730 5
37231 731 5
37232 733 5
37233 735 5
37234 737 5
37235 739 5
37236 740 5
37237 741 5
37238 745 6
37239 748 7
37240 750 7
37241 752 7
37242 753 7
37243 758 7
37244 762 7
37245 765 7
37246 765 8
37247 768 8
37248 775 8
37249 780 8
37250 792 8
37251 793 8
37252 793 8
37253 793 8
37254 793 8
37255 793 8
37256 795 8
37257 800 8
37258 799 8
37259 800 8
37260 814 7
37261 814 8
37262 821 9
37263 831 9
37264 834 9
37265 828 9
37266 829 9
37267 829 9
37268 831 9
37269 831 9
37270 832 9
37271 834 9
37272 834 9
37273 833 8
37274 833 8
37275 830 8
37276 828 8
37277 829 8
37278 830 8
37279 831 8
37280 832 8
37281 830 8
37282 831 8
37283 834 8
37284 834 8
37285 834 8
37286 829 8
37287 830 8
37288 830 8
37289 829 8
37290 830 8
37291 832 8
37292 829 8
37293 831 8
37294 828 8
37295 832 8
37296 832 9
37297 832 9
37298 833 9
37299 834 9
37300 833 9
37301 0 0
37302 1 0
37303 1 1
37304 2 1
37305 3 2
37306 4 2
37307 5 2
37308 6 2
37309 8 2
37310 9 2
37311 22 2
37312 39 2
37313 80 2
37314 127 2
37315 170 1
37316 256 1
37317 301 2
37318 325 2
37319 340 2
37320 350 2
37321 366 2
37322 371 2
37323 388 2
37324 402 2
37325 412 2
37326 428 2
37327 441 2
37328 454 2
37329 464 3
37330 477 3
37331 488 3
37332 527 4
37333 540 4
37334 566 4
37335 566 5
37336 681 5
37337 696 5
37338 700 5
37339 699 5
37340 705 5
37341 713 5
37342 718 5
37343 720 5
37344 723 5
37345 726 5
37346 727 5
37347 728 5
37348 730 5
37349 731 5
37350 735 5
37351 737 5
37352 739 5
37353 738 5
37354 739 5
37355 739 5
37356 740 5
37357 742 5
37358 744 5
37359 744 5
37360 744 5
37361 746 5
37362 749 5
37363 755 6
37364 770 6
37365 770 7
37366 778 7
37367 778 8
37368 804 8
37369 818 8
37370 823 8
37371 834 9
37372 832 9
37373 832 9
37374 833 9
37375 832 9
37376 833 9
37377 832 9
37378 831 9
37379 834 9
37380 835 10
37381 833 10
37382 835 10
37383 832 10
37384 831 10
37385 832 10
37386 832 10
37387 833 10
37388 831 10
37389 831 10
37390 832 9
37391 833 9
37392 833 9
37393 833 9
37394 835 9
37395 834 9
37396 836 9
37397 794 9
37398 1 0
37399 2 0
37400 3 0
37401 5 0
37402 6 0
37403 7 0
37404 8 0
37405 10 0
37406 12 0
37407 15 0
37408 16 0
37409 17 0
37410 19 0
37411 25 0
37412 28 0
37413 31 0
37414 32 0
37415 33 0
37416 36 0
37417 40 0
37418 43 0
37419 44 0
37420 45 0
37421 47 0
37422 49 0
37423 54 0
37424 56 0
37425 61 0
37426 67 0
37427 70 0
37428 74 0
37429 85 0
37430 94 0
37431 97 0
37432 102 0
37433 106 0
37434 110 0
37435 115 0
37436 122 0
37437 133 0
37438 139 0
37439 146 0
37440 152 0
37441 156 0
37442 160 0
37443 162 1
37444 166 1
37445 177 1
37446 184 1
37447 196 1
37448 209 1
37449 214 1
37450 224 1
37451 229 1
37452 236 1
37453 244 1
37454 249 1
37455 261 1
37456 272 1
37457 284 1
37458 290 1
37459 296 1
37460 301 1
37461 305 1
37462 311 1
37463 319 1
37464 325 1
37465 335 1
37466 338 2
37467 356 2
37468 367 2
37469 381 2
37470 392 3
37471 404 3
37472 419 3
37473 429 3
37474 440 4
37475 471 4
37476 490 4
37477 530 4
37478 555 4
37479 574 4
37480 582 4
37481 597 4
37482 611 4
37483 614 4
37484 626 4
37485 628 4
37486 633 4
37487 640 4
37488 641 4
37489 646 4
37490 647 4
37491 651 4
37492 655 4
37493 660 4
37494 663 4
37495 662 4
37496 665 4
37497 669 4
37498 670 4
37499 674 4
37500 678 4
37501 679 4
37502 684 4
37503 687 4
37504 688 4
37505 690 4
37506 690 4
37507 691 4
37508 693 4
37509 694 4
37510 695 4
37511 695 4
37512 696 4
37513 697 4
37514 698 4
37515 698 4
37516 698 4
37517 700 4
37518 701 4
37519 706 4
37520 717 4
37521 721 5
37522 730 5
37523 738 5
37524 739 5
37525 743 5
37526 745 5
37527 754 5
37528 758 5
37529 758 6
37530 763 6
37531 794 0
37532 794 2
37533 794 3
37534 794 4
37535 796 6
37536 795 7
37537 802 8
37538 808 8
37539 807 8
37540 808 8
37541 813 9
37542 815 8
37543 815 9
37544 834 9
37545 852 9
37546 854 9
37547 854 9
37548 854 9
37549 853 9
37550 853 9
37551 854 9
37552 854 9
37553 853 9
37554 853 9
37555 853 9
37556 854 9
37557 854 9
37558 853 9
37559 854 9
37560 852 9
37561 852 9
37562 852 9
37563 851 9
37564 849 9
37565 842 10
37566 842 10
37567 844 10
37568 843 10
37569 847 10
37570 847 10
37571 847 10
37572 847 10
37573 847 10
37574 847 10
37575 847 10
37576 847 10
37577 846 10
37578 1 0
37579 3 0
37580 5 0
37581 6 0
37582 7 0
37583 9 0
37584 13 0
37585 14 0
37586 17 0
37587 21 0
37588 25 0
37589 28 0
37590 36 0
37591 40 0
37592 45 0
37593 56 0
37594 63 0
37595 72 0
37596 82 0
37597 97 0
37598 102 0
37599 112 0
37600 129 0
37601 140 0
37602 153 0
37603 170 0
37604 195 0
37605 207 0
37606 219 0
37607 230 0
37608 244 0
37609 255 0
37610 268 0
37611 282 0
37612 296 0
37613 301 0
37614 313 0
37615 334 0
37616 343 0
37617 351 1
37618 353 1
37619 358 1
37620 362 1
37621 371 1
37622 376 1
37623 388 1
37624 392 1
37625 405 1
37626 409 1
37627 411 1
37628 418 1
37629 425 1
37630 430 1
37631 445 2
37632 454 2
37633 460 2
37634 514 0
37635 514 2
37636 514 3
37637 558 3
37638 561 4
37639 589 4
37640 618 4
37641 645 4
37642 668 4
37643 676 4
37644 684 4
37645 688 4
37646 698 4
37647 704 4
37648 710 4
37649 713 4
37650 715 4
37651 720 4
37652 723 4
37653 744 4
37654 762 4
37655 762 4
37656 764 5
37657 764 5
37658 766 5
37659 768 5
37660 769 5
37661 771 5
37662 772 5
37663 774 5
37664 777 5
37665 781 5
37666 781 6
37667 784 7
37668 791 8
37669 793 8
37670 802 8
37671 802 9
37672 809 9
37673 814 9
37674 819 9
37675 826 9
37676 832 9
37677 836 10
37678 837 10
37679 837 10
37680 834 10
37681 842 10
37682 842 10
37683 840 10
37684 842 10
37685 842 10
37686 837 10
37687 843 10
37688 843 10
37689 843 10
37690 843 10
37691 843 10
37692 842 10
37693 842 10
37694 840 11
37695 825 10
37696 836 11
37697 838 11
37698 828 12
37699 833 12
37700 835 12
37701 834 12
37702 833 12
37703 834 12
37704 0 0
37705 1 0
37706 3 0
37707 8 0
37708 13 0
37709 20 0
37710 39 0
37711 56 0
37712 79 0
37713 116 0
37714 150 0
37715 185 0
37716 218 0
37717 251 0
37718 279 0
37719 298 0
37720 318 0
37721 330 0
37722 341 0
37723 350 0
37724 354 0
37725 364 0
37726 374 0
37727 386 0
37728 399 0
37729 407 0
37730 407 1
37731 430 1
37732 457 2
37733 459 3
37734 465 4
37735 483 4
37736 492 4
37737 511 4
37738 528 4
37739 542 4
37740 550 4
37741 561 4
37742 569 4
37743 582 4
37744 594 4
37745 605 4
37746 612 4
37747 619 4
37748 622 4
37749 626 4
37750 631 4
37751 631 4
37752 634 4
37753 639 4
37754 643 4
37755 646 4
37756 651 4
37757 651 4
37758 653 4
37759 657 4
37760 660 4
37761 662 4
37762 665 4
37763 666 4
37764 669 4
37765 672 4
37766 673 4
37767 674 4
37768 676 4
37769 678 4
37770 678 4
37771 680 4
37772 680 4
37773 681 4
37774 685 4
37775 687 4
37776 687 4
37777 688 4
37778 688 4
37779 689 4
37780 691 4
37781 692 4
37782 693 4
37783 695 4
37784 696 4
37785 696 4
37786 697 4
37787 698 4
37788 700 4
37789 701 4
37790 701 4
37791 703 4
37792 703 4
37793 704 4
37794 703 4
37795 703 4
37796 704 4
37797 705 4
37798 705 4
37799 705 4
37800 706 4
37801 706 4
37802 707 4
37803 707 4
37804 707 4
37805 707 4
37806 708 4
37807 709 4
37808 711 4
37809 712 4
37810 713 4
37811 715 4
37812 715 4
37813 716 4
37814 716 4
37815 718 4
37816 719 4
37817 719 4
37818 719 4
37819 719 4
37820 720 4
37821 719 4
37822 721 4
37823 721 4
37824 721 4
37825 721 4
37826 723 4
37827 723 4
37828 725 4
37829 726 4
37830 726 4
37831 725 4
37832 725 4
37833 725 4
37834 725 4
37835 725 4
37836 725 4
37837 726 4
37838 727 4
37839 727 4
37840 728 4
37841 728 4
37842 728 4
37843 728 4
37844 729 4
37845 729 4
37846 729 4
37847 729 4
37848 729 4
37849 729 4
37850 729 4
37851 730 4
37852 731 4
37853 731 4
37854 731 5
37855 731 5
37856 731 5
37857 731 5
37858 732 5
37859 732 5
37860 732 5
37861 732 5
37862 732 5
37863 732 5
37864 733 5
37865 733 5
37866 734 5
37867 734 5
37868 735 5
37869 735 5
37870 735 5
37871 735 5
37872 735 5
37873 735 5
37874 735 5
37875 736 5
37876 736 5
37877 736 6
37878 736 6
37879 737 7
37880 737 7
37881 736 7
37882 737 7
37883 737 7
37884 737 7
37885 738 7
37886 739 7
37887 739 7
37888 739 7
37889 739 7
37890 739 7
37891 739 7
37892 739 7
37893 738 7
37894 739 7
37895 739 7
37896 740 7
37897 740 7
37898 741 7
37899 742 7
37900 754 7
37901 763 7
37902 763 8
37903 771 8
37904 776 8
37905 776 9
37906 780 9
37907 785 9
37908 789 10
37909 794 10
37910 800 10
37911 807 10
37912 808 11
37913 815 12
37914 815 12
37915 820 12
37916 821 12
37917 822 12
37918 820 12
37919 822 13
37920 818 13
37921 829 13
37922 829 13
37923 831 13
37924 813 13
37925 827 13
37926 830 13
37927 831 13
37928 831 13
37929 831 13
37930 824 13
37931 828 13
37932 834 13
37933 836 13
37934 835 13
37935 837 13
37936 836 13
37937 827 13
37938 833 13
37939 834 13
37940 834 13
37941 835 13
37942 835 13
37943 835 13
37944 837 13
37945 837 13
37946 836 13
37947 0 0
37948 1 0
37949 2 0
37950 3 0
37951 4 0
37952 5 0
37953 6 0
37954 7 0
37955 8 0
37956 9 0
37957 10 0
37958 11 0
37959 12 0
37960 13 0
37961 14 0
37962 16 0
37963 18 0
37964 19 0
37965 21 0
37966 23 0
37967 25 0
37968 30 0
37969 32 0
37970 34 0
37971 37 0
37972 40 0
37973 44 0
37974 48 0
37975 52 0
37976 57 0
37977 61 0
37978 63 0
37979 68 0
37980 73 0
37981 83 0
37982 85 0
37983 88 0
37984 93 0
37985 95 0
37986 101 0
37987 106 0
37988 111 0
37989 114 0
37990 117 0
37991 121 0
37992 131 0
37993 143 0
37994 144 1
37995 153 1
37996 161 1
37997 170 1
37998 178 1
37999 181 1
38000 189 1
38001 196 1
38002 203 1
38003 210 1
38004 222 1
38005 226 1
38006 231 1
38007 233 1
38008 238 1
38009 241 1
38010 247 1
38011 260 1
38012 271 1
38013 276 1
38014 282 1
38015 296 1
38016 304 1
38017 310 1
38018 315 1
38019 316 1
38020 321 1
38021 327 1
38022 331 1
38023 335 1
38024 337 1
38025 341 1
38026 350 1
38027 356 1
38028 366 1
38029 369 1
38030 373 1
38031 379 1
38032 383 1
38033 388 1
38034 392 0
38035 398 0
38036 406 0
38037 406 0
38038 407 1
38039 527 1
38040 542 2
38041 580 3
38042 702 3
38043 734 3
38044 734 5
38045 737 7
38046 760 7
38047 761 6
38048 762 6
38049 761 6
38050 763 6
38051 763 6
38052 763 6
38053 763 7
38054 764 7
38055 764 7
38056 766 7
38057 767 8
38058 768 8
38059 771 8
38060 776 8
38061 779 8
38062 783 8
38063 786 8
38064 791 9
38065 808 10
38066 808 11
38067 823 11
38068 827 12
38069 834 13
38070 837 13
38071 837 14
38072 835 13
38073 833 13
38074 838 13
38075 838 13
38076 842 13
38077 842 13
38078 844 13
38079 847 13
38080 842 13
38081 845 13
38082 845 13
38083 838 13
38084 841 13
38085 841 13
38086 841 13
38087 842 13
38088 842 13
38089 843 13
38090 841 13
38091 842 13
38092 843 14
38093 1 0
38094 2 0
38095 3 0
38096 4 0
38097 5 0
38098 6 0
38099 7 0
38100 8 0
38101 9 0
38102 10 0
38103 12 0
38104 13 0
38105 15 0
38106 16 0
38107 17 0
38108 19 0
38109 20 0
38110 21 0
38111 22 0
38112 24 0
38113 25 0
38114 27 0
38115 28 0
38116 29 0
38117 34 0
38118 36 0
38119 39 0
38120 43 0
38121 48 0
38122 56 0
38123 58 0
38124 66 0
38125 74 0
38126 82 0
38127 90 0
38128 95 0
38129 101 0
38130 107 0
38131 113 0
38132 118 0
38133 131 0
38134 138 0
38135 145 0
38136 154 0
38137 160 1
38138 177 1
38139 189 1
38140 204 1
38141 210 1
38142 216 1
38143 232 1
38144 240 1
38145 247 2
38146 255 1
38147 258 1
38148 266 1
38149 273 1
38150 274 1
38151 283 1
38152 287 1
38153 297 1
38154 302 1
38155 304 1
38156 308 1
38157 313 1
38158 315 1
38159 323 1
38160 331 1
38161 336 1
38162 349 1
38163 352 1
38164 358 1
38165 362 1
38166 369 1
38167 377 1
38168 394 1
38169 405 1
38170 410 1
38171 415 1
38172 423 1
38173 429 1
38174 434 1
38175 435 1
38176 447 1
38177 446 2
38178 455 2
38179 464 2
38180 466 3
38181 469 2
38182 479 1
38183 479 3
38184 488 5
38185 496 5
38186 676 6
38187 725 8
38188 734 9
38189 748 10
38190 762 11
38191 764 12
38192 779 13
38193 786 13
38194 792 13
38195 814 13
38196 831 13
38197 828 13
38198 834 13
38199 835 13
38200 834 13
38201 835 13
38202 836 13
38203 838 13
38204 837 13
38205 0 0
38206 1 0
38207 2 0
38208 6 0
38209 7 0
38210 10 0
38211 14 0
38212 16 0
38213 24 0
38214 27 0
38215 34 0
38216 38 0
38217 46 0
38218 58 0
38219 74 0
38220 78 0
38221 90 0
38222 105 0
38223 118 0
38224 132 0
38225 153 0
38226 154 1
38227 162 1
38228 177 1
38229 201 1
38230 215 1
38231 247 1
38232 257 1
38233 267 1
38234 279 1
38235 295 1
38236 308 1
38237 317 1
38238 322 1
38239 332 1
38240 342 1
38241 344 1
38242 355 1
38243 361 1
38244 388 1
38245 399 1
38246 412 1
38247 419 1
38248 440 1
38249 452 0
38250 467 0
38251 476 0
38252 502 0
38253 523 0
38254 532 0
38255 616 0
38256 617 1
38257 638 1
38258 651 2
38259 694 2
38260 695 3
38261 715 4
38262 775 4
38263 779 5
38264 782 6
38265 784 7
38266 786 7
38267 793 7
38268 793 8
38269 793 8
38270 796 8
38271 798 8
38272 800 9
38273 801 10
38274 803 10
38275 806 10
38276 814 10
38277 814 11
38278 821 12
38279 829 12
38280 838 12
38281 837 12
38282 838 12
38283 838 12
38284 837 12
38285 836 12
38286 837 12
38287 843 13
38288 843 13
38289 844 12
38290 843 12
38291 843 12
38292 841 12
38293 842 12
38294 843 12
38295 841 12
38296 841 12
38297 842 12
38298 841 12
38299 842 12
38300 842 12
38301 842 12
38302 843 12
38303 841 12
38304 827 12
38305 1 0
38306 2 0
38307 3 0
38308 7 0
38309 12 0
38310 14 0
38311 17 0
38312 23 0
38313 24 0
38314 34 0
38315 42 0
38316 48 0
38317 57 0
38318 66 0
38319 84 0
38320 94 0
38321 112 0
38322 128 0
38323 142 0
38324 165 0
38325 173 0
38326 189 0
38327 208 0
38328 232 0
38329 255 0
38330 269 0
38331 274 0
38332 287 0
38333 296 0
38334 302 0
38335 310 0
38336 317 0
38337 327 0
38338 333 0
38339 338 0
38340 348 0
38341 353 0
38342 360 0
38343 367 0
38344 372 0
38345 377 0
38346 384 0
38347 390 0
38348 396 0
38349 399 0
38350 401 0
38351 413 0
38352 417 0
38353 422 0
38354 431 0
38355 435 0
38356 441 0
38357 448 0
38358 456 0
38359 464 0
38360 471 0
38361 474 0
38362 483 0
38363 489 0
38364 489 1
38365 511 2
38366 525 3
38367 669 3
38368 694 5
38369 721 5
38370 721 6
38371 730 6
38372 733 6
38373 737 6
38374 738 7
38375 740 7
38376 745 7
38377 747 7
38378 747 7
38379 750 7
38380 750 7
38381 751 7
38382 751 8
38383 752 8
38384 753 8
38385 757 8
38386 759 10
38387 761 10
38388 763 10
38389 765 10
38390 765 10
38391 769 10
38392 779 11
38393 785 11
38394 792 11
38395 792 12
38396 792 12
38397 804 12
38398 820 12
38399 828 12
38400 817 12
38401 836 11
38402 835 12
38403 834 12
38404 832 12
38405 833 12
38406 810 12
38407 833 12
38408 838 12
38409 837 12
38410 838 12
38411 839 12
38412 840 12
38413 836 11
38414 837 11
38415 836 11
38416 838 11
38417 838 11
38418 837 11
38419 841 11
38420 836 11
38421 1 0
38422 2 0
38423 3 0
38424 4 0
38425 5 0
38426 6 0
38427 7 0
38428 9 0
38429 15 0
38430 17 0
38431 19 0
38432 20 0
38433 24 0
38434 31 0
38435 34 0
38436 41 0
38437 48 0
38438 53 0
38439 57 0
38440 66 0
38441 76 0
38442 86 0
38443 94 0
38444 109 0
38445 126 0
38446 135 0
38447 148 0
38448 158 0
38449 174 0
38450 188 0
38451 199 0
38452 207 0
38453 221 0
38454 237 0
38455 262 0
38456 266 0
38457 272 0
38458 281 0
38459 291 0
38460 300 0
38461 307 0
38462 313 0
38463 322 0
38464 332 0
38465 337 0
38466 342 0
38467 344 0
38468 352 0
38469 357 0
38470 360 0
38471 367 0
38472 371 0
38473 383 0
38474 387 0
38475 390 0
38476 396 0
38477 402 0
38478 410 0
38479 418 0
38480 420 0
38481 421 0
38482 426 0
38483 429 0
38484 431 0
38485 442 0
38486 448 0
38487 453 0
38488 461 0
38489 466 0
38490 471 0
38491 481 0
38492 491 0
38493 494 0
38494 495 1
38495 506 2
38496 595 1
38497 595 2
38498 596 3
38499 644 3
38500 657 3
38501 694 4
38502 733 4
38503 765 4
38504 777 4
38505 780 4
38506 787 5
38507 790 5
38508 798 5
38509 798 6
38510 798 7
38511 806 8
38512 814 8
38513 814 9
38514 815 10
38515 817 10
38516 822 10
38517 827 10
38518 829 10
38519 842 10
38520 843 11
38521 844 11
38522 844 11
38523 823 11
38524 844 11
38525 846 10
38526 846 10
38527 847 10
38528 850 10
38529 850 10
38530 850 10
38531 851 10
38532 849 10
38533 848 10
38534 848 10
38535 848 10
38536 848 10
38537 848 10
38538 843 10
38539 848 10
38540 850 10
38541 850 10
38542 843 10
38543 852 9
38544 851 9
38545 851 10
38546 855 10
38547 856 10
38548 850 10
38549 853 10
38550 848 10
38551 849 10
38552 850 10
38553 1 0
38554 2 0
38555 3 0
38556 5 0
38557 6 0
38558 9 0
38559 11 0
38560 14 0
38561 17 0
38562 19 0
38563 33 0
38564 47 0
38565 66 0
38566 84 0
38567 102 0
38568 124 0
38569 150 0
38570 175 0
38571 212 0
38572 238 0
38573 256 0
38574 276 0
38575 292 0
38576 307 0
38577 328 0
38578 335 0
38579 355 0
38580 362 0
38581 367 0
38582 376 0
38583 385 0
38584 388 0
38585 396 0
38586 397 0
38587 412 0
38588 419 0
38589 431 0
38590 438 0
38591 443 0
38592 451 0
38593 454 0
38594 463 0
38595 470 0
38596 484 0
38597 493 0
38598 504 0
38599 509 0
38600 511 0
38601 512 1
38602 520 2
38603 522 3
38604 532 4
38605 575 4
38606 671 5
38607 690 6
38608 703 6
38609 711 6
38610 726 6
38611 733 6
38612 737 7
38613 741 7
38614 742 7
38615 744 7
38616 754 7
38617 763 8
38618 774 9
38619 784 9
38620 784 10
38621 788 10
38622 794 10
38623 795 11
38624 800 11
38625 804 11
38626 808 11
38627 822 11
38628 824 11
38629 830 11
38630 838 11
38631 843 11
38632 843 11
38633 814 11
38634 838 11
38635 844 11
38636 847 11
38637 845 11
38638 845 11
38639 846 11
38640 847 11
38641 846 11
38642 846 11
38643 846 11
38644 846 11
38645 847 11
38646 841 11
38647 846 11
38648 829 11
38649 841 10
38650 843 9
38651 843 9
38652 844 10
38653 846 11
38654 845 11
38655 1 0
38656 2 0
38657 3 0
38658 4 0
38659 14 0
38660 29 0
38661 65 0
38662 114 0
38663 171 0
38664 252 0
38665 322 0
38666 352 0
38667 371 0
38668 386 0
38669 397 0
38670 414 0
38671 437 0
38672 447 0
38673 461 0
38674 478 0
38675 487 1
38676 508 1
38677 509 2
38678 523 3
38679 556 4
38680 581 5
38681 675 5
38682 721 6
38683 737 6
38684 745 6
38685 747 6
38686 750 7
38687 754 7
38688 757 7
38689 765 7
38690 768 7
38691 771 7
38692 771 9
38693 774 9
38694 776 9
38695 778 9
38696 778 10
38697 791 10
38698 803 10
38699 805 11
38700 810 11
38701 814 11
38702 818 11
38703 826 11
38704 842 11
38705 844 11
38706 845 11
38707 845 11
38708 848 11
38709 844 11
38710 848 11
38711 849 11
38712 850 12
38713 850 12
38714 842 12
38715 849 12
38716 851 12
38717 851 12
38718 851 12
38719 851 12
38720 850 12
38721 849 12
38722 850 12
38723 850 13
38724 851 13
38725 852 13
38726 850 13
38727 851 13
38728 844 13
38729 850 13
38730 850 13
38731 851 13
38732 851 13
38733 851 13
38734 850 13
38735 853 13
38736 854 13
38737 1 0
38738 2 0
38739 3 0
38740 4 0
38741 5 0
38742 6 0
38743 8 0
38744 10 0
38745 26 0
38746 34 0
38747 66 0
38748 99 0
38749 123 0
38750 177 0
38751 232 0
38752 266 0
38753 291 0
38754 310 0
38755 329 0
38756 343 0
38757 360 0
38758 379 0
38759 399 0
38760 414 0
38761 428 0
38762 434 0
38763 444 0
38764 453 0
38765 461 0
38766 478 0
38767 478 1
38768 480 2
38769 489 2
38770 500 2
38771 512 2
38772 513 3
38773 530 3
38774 545 5
38775 574 6
38776 602 6
38777 624 7
38778 638 7
38779 644 7
38780 651 7
38781 661 7
38782 664 7
38783 669 7
38784 668 7
38785 672 7
38786 676 7
38787 690 7
38788 700 7
38789 710 7
38790 722 7
38791 726 7
38792 730 7
38793 732 8
38794 744 8
38795 750 8
38796 752 10
38797 766 10
38798 769 10
38799 773 11
38800 786 11
38801 792 11
38802 799 11
38803 813 11
38804 831 12
38805 839 12
38806 839 12
38807 838 12
38808 841 12
38809 837 12
38810 839 12
38811 839 12
38812 842 12
38813 840 12
38814 840 12
38815 839 12
38816 840 12
38817 837 13
38818 0 0
38819 1 0
38820 2 0
38821 3 0
38822 4 0
38823 5 0
38824 6 0
38825 8 0
38826 11 0
38827 13 0
38828 15 0
38829 18 0
38830 19 0
38831 20 0
38832 25 0
38833 28 0
38834 30 0
38835 31 0
38836 32 0
38837 33 0
38838 39 0
38839 46 0
38840 52 0
38841 61 0
38842 69 0
38843 75 0
38844 82 0
38845 87 0
38846 96 0
38847 101 0
38848 108 0
38849 114 0
38850 127 0
38851 138 0
38852 147 0
38853 152 0
38854 163 0
38855 168 0
38856 175 0
38857 181 0
38858 188 0
38859 196 0
38860 204 0
38861 220 0
38862 232 0
38863 243 0
38864 247 0
38865 254 0
38866 263 0
38867 271 0
38868 279 0
38869 284 0
38870 284 0
38871 290 0
38872 295 0
38873 303 0
38874 305 0
38875 309 0
38876 320 0
38877 325 0
38878 329 0
38879 331 0
38880 336 0
38881 341 0
38882 345 0
38883 345 0
38884 350 0
38885 353 0
38886 360 0
38887 368 0
38888 373 0
38889 382 0
38890 389 0
38891 402 0
38892 404 0
38893 407 0
38894 412 1
38895 420 2
38896 424 2
38897 429 2
38898 435 1
38899 437 1
38900 441 1
38901 448 1
38902 455 1
38903 457 1
38904 464 1
38905 464 2
38906 486 3
38907 489 4
38908 542 4
38909 543 5
38910 578 5
38911 598 5
38912 605 5
38913 613 5
38914 622 5
38915 630 5
38916 634 5
38917 635 5
38918 640 5
38919 646 5
38920 650 5
38921 652 5
38922 654 5
38923 656 5
38924 655 5
38925 656 5
38926 659 5
38927 661 5
38928 664 5
38929 666 5
38930 670 5
38931 698 6
38932 725 7
38933 729 7
38934 735 7
38935 737 7
38936 739 7
38937 744 7
38938 744 7
38939 746 7
38940 747 7
38941 747 7
38942 747 7
38943 747 7
38944 750 7
38945 757 8
38946 762 8
38947 765 8
38948 768 8
38949 769 9
38950 770 9
38951 777 9
38952 780 9
38953 782 10
38954 786 11
38955 793 11
38956 811 11
38957 823 11
38958 825 11
38959 785 11
38960 824 8
38961 827 9
38962 828 10
38963 830 9
38964 830 10
38965 831 10
38966 828 11
38967 830 11
38968 835 11
38969 833 11
38970 834 10
38971 835 10
38972 838 11
38973 828 11
38974 833 10
38975 833 11
38976 841 11
38977 841 11
38978 842 11
38979 847 11
38980 847 12
38981 848 12
38982 845 12
38983 849 11
38984 849 11
38985 848 11
38986 850 11
38987 665 10
38988 776 8
38989 812 8
38990 831 9
38991 840 10
38992 845 11
38993 847 11
38994 848 11
38995 847 11
38996 845 11
38997 845 11
38998 844 11
38999 843 11
39000 842 11
39001 842 11
39002 842 11
39003 842 11
39004 839 11
39005 832 11
39006 831 11
39007 831 11
39008 828 11
39009 830 11
39010 822 11
39011 830 11
39012 1 0
39013 2 0
39014 3 0
39015 4 0
39016 6 0
39017 7 0
39018 9 0
39019 14 0
39020 15 0
39021 16 0
39022 26 0
39023 34 0
39024 48 0
39025 64 0
39026 87 0
39027 128 0
39028 168 0
39029 208 0
39030 255 0
39031 301 0
39032 315 0
39033 328 0
39034 345 0
39035 355 0
39036 357 1
39037 370 1
39038 378 1
39039 391 1
39040 402 1
39041 413 1
39042 425 1
39043 436 1
39044 450 1
39045 461 1
39046 490 1
39047 508 1
39048 540 1
39049 539 2
39050 543 3
39051 565 3
39052 580 3
39053 581 4
39054 588 4
39055 605 4
39056 633 4
39057 653 4
39058 673 4
39059 677 5
39060 681 5
39061 689 5
39062 693 5
39063 696 5
39064 696 5
39065 699 5
39066 702 5
39067 706 5
39068 708 5
39069 710 5
39070 710 5
39071 711 5
39072 713 5
39073 714 5
39074 714 5
39075 715 5
39076 716 5
39077 717 5
39078 718 5
39079 721 5
39080 734 5
39081 743 5
39082 743 6
39083 746 6
39084 753 7
39085 757 7
39086 758 7
39087 759 7
39088 760 2
39089 760 4
39090 760 8
39091 760 8
39092 764 8
39093 766 8
39094 766 8
39095 767 8
39096 769 8
39097 771 8
39098 772 8
39099 775 8
39100 778 8
39101 783 8
39102 788 8
39103 788 9
39104 788 9
39105 789 10
39106 791 11
39107 793 11
39108 793 11
39109 797 11
39110 799 11
39111 815 11
39112 815 11
39113 816 12
39114 815 12
39115 816 12
39116 818 12
39117 818 12
39118 819 12
39119 821 12
39120 820 12
39121 820 12
39122 822 12
39123 0 1
39124 3 1
39125 13 1
39126 31 1
39127 57 1
39128 123 1
39129 188 1
39130 274 2
39131 305 2
39132 332 1
39133 346 2
39134 359 0
39135 378 0
39136 391 1
39137 402 1
39138 412 1
39139 423 1
39140 447 1
39141 457 1
39142 465 1
39143 473 1
39144 491 1
39145 511 2
39146 518 3
39147 529 3
39148 531 4
39149 564 5
39150 696 5
39151 742 6
39152 743 6
39153 743 6
39154 745 6
39155 747 6
39156 749 6
39157 751 6
39158 754 6
39159 755 6
39160 755 6
39161 755 6
39162 756 6
39163 756 6
39164 759 6
39165 759 6
39166 758 6
39167 759 6
39168 759 7
39169 759 9
39170 761 9
39171 762 9
39172 763 9
39173 765 9
39174 765 10
39175 767 10
39176 770 10
39177 772 10
39178 777 10
39179 779 11
39180 780 11
39181 782 11
39182 783 11
39183 784 11
39184 785 11
39185 787 11
39186 787 11
39187 787 11
39188 789 11
39189 792 11
39190 794 11
39191 795 11
39192 798 11
39193 800 11
39194 802 11
39195 805 11
39196 809 11
39197 810 11
39198 813 11
39199 820 11
39200 822 11
39201 814 11
39202 822 11
39203 820 11
39204 825 11
39205 824 11
39206 824 11
39207 824 11
39208 824 10
39209 825 10
39210 826 10
39211 821 10
39212 825 10
39213 826 10
39214 822 10
39215 825 10
39216 821 10
39217 824 10
39218 823 10
39219 823 10
39220 823 10
39221 822 10
39222 815 10
39223 0 1
39224 15 1
39225 73 1
39226 170 1
39227 283 2
39228 347 1
39229 379 2
39230 414 2
39231 438 2
39232 461 2
39233 482 2
39234 503 2
39235 550 2
39236 559 3
39237 603 2
39238 625 2
39239 625 3
39240 634 4
39241 659 5
39242 671 6
39243 731 6
39244 731 7
39245 739 7
39246 750 8
39247 759 8
39248 763 9
39249 765 10
39250 766 10
39251 770 10
39252 770 11
39253 773 11
39254 776 11
39255 778 11
39256 784 11
39257 785 11
39258 793 11
39259 807 11
39260 812 11
39261 813 11
39262 813 11
39263 812 11
39264 813 11
39265 813 11
39266 814 11
39267 815 11
39268 815 11
39269 816 11
39270 812 11
39271 820 11
39272 820 11
39273 820 11
39274 820 11
39275 821 11
39276 818 11
39277 819 11
39278 823 11
39279 823 11
39280 0 0
39281 1 0
39282 2 0
39283 2 1
39284 3 1
39285 4 1
39286 5 1
39287 6 1
39288 7 1
39289 8 1
39290 10 1
39291 11 1
39292 13 1
39293 15 1
39294 18 1
39295 21 1
39296 24 1
39297 27 1
39298 31 1
39299 36 1
39300 39 1
39301 45 1
39302 52 1
39303 58 1
39304 66 1
39305 79 1
39306 85 1
39307 99 1
39308 120 1
39309 139 1
39310 149 1
39311 152 1
39312 163 1
39313 173 1
39314 180 2
39315 190 1
39316 196 1
39317 215 1
39318 226 1
39319 235 1
39320 250 1
39321 256 1
39322 264 1
39323 268 1
39324 281 2
39325 289 2
39326 289 2
39327 294 2
39328 302 2
39329 303 2
39330 306 2
39331 314 2
39332 335 2
39333 344 2
39334 355 2
39335 362 2
39336 373 2
39337 384 2
39338 405 2
39339 412 2
39340 427 2
39341 452 2
39342 452 3
39343 483 3
39344 498 3
39345 524 3
39346 537 3
39347 538 4
39348 550 3
39349 550 5
39350 559 3
39351 559 6
39352 650 6
39353 687 6
39354 704 7
39355 723 7
39356 731 7
39357 731 9
39358 749 9
39359 749 10
39360 774 10
39361 782 11
39362 791 11
39363 795 11
39364 800 10
39365 805 10
39366 818 10
39367 818 10
39368 818 10
39369 814 10
39370 814 10
39371 814 10
39372 811 10
39373 813 10
39374 812 10
39375 812 10
39376 810 10
39377 809 10
39378 811 10
39379 814 10
39380 817 10
39381 0 0
39382 0 1
39383 0 1
39384 1 1
39385 2 1
39386 3 1
39387 4 1
39388 6 1
39389 7 1
39390 11 1
39391 12 1
39392 14 1
39393 15 1
39394 19 1
39395 23 1
39396 25 1
39397 27 1
39398 33 1
39399 35 1
39400 46 1
39401 52 1
39402 58 1
39403 64 1
39404 74 1
39405 79 1
39406 88 1
39407 93 1
39408 107 1
39409 114 1
39410 126 2
39411 138 2
39412 151 2
39413 157 1
39414 165 1
39415 174 1
39416 184 1
39417 198 1
39418 211 1
39419 214 1
39420 223 1
39421 233 1
39422 239 1
39423 248 1
39424 254 1
39425 261 1
39426 276 1
39427 279 1
39428 282 1
39429 296 2
39430 303 2
39431 309 2
39432 312 2
39433 322 2
39434 327 2
39435 331 2
39436 334 2
39437 339 2
39438 340 2
39439 342 2
39440 349 2
39441 353 2
39442 358 2
39443 362 2
39444 364 2
39445 371 2
39446 372 2
39447 375 2
39448 378 2
39449 384 2
39450 385 2
39451 393 2
39452 403 2
39453 408 2
39454 413 2
39455 425 2
39456 440 2
39457 445 3
39458 460 2
39459 477 1
39460 477 2
39461 502 3
39462 609 3
39463 619 3
39464 635 3
39465 637 4
39466 637 5
39467 644 5
39468 670 5
39469 698 5
39470 701 5
39471 703 5
39472 705 6
39473 709 6
39474 710 6
39475 719 6
39476 721 6
39477 722 6
39478 723 6
39479 728 6
39480 730 6
39481 730 7
39482 731 7
39483 731 7
39484 733 9
39485 736 9
39486 744 9
39487 748 10
39488 755 11
39489 766 11
39490 767 11
39491 773 11
39492 779 11
39493 782 11
39494 783 11
39495 785 11
39496 786 11
39497 788 11
39498 792 11
39499 798 11
39500 808 11
39501 803 11
39502 812 11
39503 813 11
39504 812 11
39505 813 11
39506 813 11
39507 806 11
39508 811 11
39509 814 11
39510 815 11
39511 812 11
39512 816 11
39513 817 11
39514 821 11
39515 822 11
39516 823 11
39517 820 11
39518 821 12
39519 820 11
39520 820 11
39521 821 11
39522 821 11
39523 820 11
39524 820 11
39525 820 11
39526 820 11
39527 819 11
39528 819 11
39529 819 11
39530 817 11
39531 812 11
39532 817 11
39533 818 11
39534 0 0
39535 0 1
39536 1 1
39537 2 1
39538 185 1
39539 459 1
39540 493 1
39541 529 1
39542 550 3
39543 555 3
39544 574 3
39545 595 3
39546 600 3
39547 602 4
39548 648 3
39549 673 4
39550 694 5
39551 748 5
39552 775 5
39553 779 6
39554 794 7
39555 797 8
39556 814 8
39557 814 8
39558 815 8
39559 816 8
39560 816 9
39561 816 9
39562 816 10
39563 820 10
39564 821 11
39565 824 11
39566 827 11
39567 828 11
39568 833 11
39569 839 11
39570 841 11
39571 842 11
39572 841 11
39573 842 11
39574 838 11
39575 842 11
39576 841 11
39577 843 11
39578 837 11
39579 841 10
39580 841 10
39581 844 11
39582 841 10
39583 843 10
39584 843 10
39585 843 11
39586 843 11
39587 841 11
39588 842 11
39589 842 11
39590 842 11
39591 842 11
39592 841 11
39593 837 11
39594 841 11
39595 841 11
39596 841 11
39597 838 11
39598 840 11
39599 842 11
39600 1 0
39601 2 0
39602 3 0
39603 4 0
39604 5 0
39605 6 0
39606 8 0
39607 9 0
39608 13 0
39609 18 0
39610 26 0
39611 29 0
39612 35 0
39613 44 0
39614 49 0
39615 59 0
39616 67 0
39617 78 0
39618 89 0
39619 98 0
39620 113 0
39621 115 0
39622 128 0
39623 140 0
39624 153 0
39625 158 0
39626 167 0
39627 176 0
39628 191 0
39629 195 0
39630 205 0
39631 216 0
39632 225 0
39633 231 0
39634 238 0
39635 257 0
39636 261 0
39637 269 0
39638 277 0
39639 285 0
39640 288 1
39641 290 1
39642 297 1
39643 309 1
39644 314 1
39645 319 1
39646 324 1
39647 327 1
39648 337 1
39649 343 1
39650 353 1
39651 354 1
39652 360 1
39653 368 1
39654 369 1
39655 377 2
39656 383 2
39657 390 2
39658 393 3
39659 407 3
39660 408 3
39661 409 3
39662 413 3
39663 421 3
39664 428 3
39665 434 2
39666 470 0
39667 471 3
39668 575 3
39669 689 4
39670 692 4
39671 700 4
39672 700 4
39673 702 4
39674 704 4
39675 703 4
39676 705 5
39677 706 5
39678 707 5
39679 707 5
39680 709 5
39681 709 5
39682 709 5
39683 713 5
39684 715 5
39685 716 5
39686 716 5
39687 718 5
39688 718 5
39689 718 5
39690 718 5
39691 720 5
39692 722 5
39693 724 5
39694 725 5
39695 724 5
39696 724 5
39697 727 5
39698 729 5
39699 730 5
39700 735 6
39701 745 6
39702 751 7
39703 754 8
39704 761 9
39705 767 9
39706 771 10
39707 776 10
39708 790 10
39709 791 11
39710 801 11
39711 823 11
39712 823 11
39713 824 11
39714 824 11
39715 823 11
39716 823 11
39717 824 11
39718 832 12
39719 832 12
39720 832 12
39721 832 12
39722 833 12
39723 832 12
39724 832 12
39725 831 12
39726 830 12
39727 832 12
39728 820 12
39729 0 0
39730 1 0
39731 2 0
39732 3 0
39733 4 0
39734 5 0
39735 7 0
39736 8 0
39737 9 0
39738 11 0
39739 15 0
39740 19 0
39741 24 0
39742 27 0
39743 33 0
39744 34 0
39745 37 0
39746 42 0
39747 51 0
39748 64 0
39749 66 0
39750 70 0
39751 76 0
39752 84 0
39753 86 0
39754 94 0
39755 97 0
39756 110 0
39757 113 0
39758 120 0
39759 132 0
39760 146 0
39761 155 0
39762 162 0
39763 171 0
39764 177 0
39765 185 0
39766 192 0
39767 195 0
39768 205 0
39769 215 0
39770 219 0
39771 223 0
39772 232 0
39773 238 0
39774 255 0
39775 264 0
39776 270 0
39777 278 0
39778 284 0
39779 285 0
39780 289 0
39781 297 0
39782 301 0
39783 305 0
39784 314 0
39785 324 0
39786 324 1
39787 333 1
39788 331 1
39789 335 1
39790 344 1
39791 346 1
39792 349 1
39793 357 1
39794 357 1
39795 358 1
39796 361 1
39797 366 1
39798 367 1
39799 370 1
39800 377 1
39801 381 1
39802 383 1
39803 387 1
39804 389 1
39805 394 1
39806 397 1
39807 404 1
39808 409 1
39809 410 2
39810 412 2
39811 415 2
39812 415 3
39813 440 3
39814 470 3
39815 491 3
39816 505 3
39817 523 3
39818 549 3
39819 555 3
39820 561 3
39821 565 3
39822 579 4
39823 585 5
39824 585 6
39825 590 6
39826 600 6
39827 614 6
39828 614 6
39829 617 6
39830 619 6
39831 620 6
39832 621 6
39833 621 6
39834 622 6
39835 622 6
39836 622 6
39837 623 6
39838 625 6
39839 626 6
39840 629 6
39841 629 7
39842 631 7
39843 633 7
39844 632 7
39845 635 7
39846 657 7
39847 676 7
39848 686 7
39849 692 7
39850 696 7
39851 698 8
39852 704 8
39853 708 8
39854 712 8
39855 712 8
39856 714 8
39857 717 8
39858 722 8
39859 722 8
39860 726 8
39861 728 8
39862 731 8
39863 738 8
39864 740 9
39865 745 10
39866 749 11
39867 759 11
39868 768 12
39869 779 12
39870 788 13
39871 802 13
39872 813 13
39873 818 13
39874 819 13
39875 820 13
39876 821 13
39877 802 13
39878 816 12
39879 817 12
39880 819 12
39881 822 12
39882 822 12
39883 822 12
39884 824 12
39885 823 12
39886 823 12
39887 780 12
39888 818 12
39889 821 12
39890 822 12
39891 824 12
39892 825 12
39893 824 12
39894 824 12
39895 825 12
39896 809 12
39897 818 12
39898 822 12
39899 825 12
39900 814 12
39901 821 12
39902 824 12
39903 825 12
39904 829 12
39905 831 12
39906 831 13
39907 819 12
39908 828 12
39909 821 12
39910 3 0
39911 5 0
39912 20 0
39913 90 0
39914 240 0
39915 361 0
39916 407 0
39917 437 0
39918 462 0
39919 464 1
39920 486 2
39921 514 2
39922 556 2
39923 567 3
39924 613 3
39925 615 4
39926 647 4
39927 648 5
39928 655 5
39929 662 6
39930 665 6
39931 677 6
39932 686 6
39933 688 6
39934 694 6
39935 696 6
39936 701 6
39937 709 6
39938 709 6
39939 713 6
39940 715 6
39941 716 6
39942 719 6
39943 721 6
39944 722 6
39945 726 6
39946 727 6
39947 731 6
39948 743 7
39949 761 7
39950 765 7
39951 765 8
39952 777 9
39953 784 9
39954 784 10
39955 784 11
39956 791 11
39957 797 11
39958 803 12
39959 815 12
39960 820 12
39961 830 12
39962 830 12
39963 831 12
39964 826 12
39965 833 12
39966 835 12
39967 834 12
39968 833 12
39969 826 12
39970 830 12
39971 829 12
39972 827 12
39973 828 12
39974 823 12
39975 827 12
39976 828 12
39977 829 12
39978 830 12
39979 830 12
39980 825 12
39981 829 12
39982 834 12
39983 834 12
39984 833 12
39985 833 12
39986 831 13
39987 831 13
39988 834 13
39989 834 13
39990 830 13
39991 833 13
39992 834 13
39993 836 13
39994 836 13
39995 837 13
39996 1 0
39997 2 0
39998 559 0
39999 630 1
40000 730 1
40001 738 1
40002 755 2
40003 765 4
40004 779 5
40005 857 5
40006 860 6
40007 877 6
40008 879 7
40009 882 8
40010 884 8
40011 885 9
40012 885 10
40013 889 10
40014 894 10
40015 900 10
40016 900 10
40017 897 11
40018 895 12
40019 898 11
40020 903 12
40021 902 12
40022 902 12
40023 902 12
40024 901 12
40025 900 12
40026 900 12
40027 900 13
40028 900 12
40029 901 12
40030 901 11
40031 903 11
40032 904 11
40033 903 11
40034 898 11
40035 1 0
40036 2 0
40037 3 0
40038 4 0
40039 5 0
40040 6 0
40041 7 0
40042 8 0
40043 10 0
40044 12 0
40045 13 0
40046 23 0
40047 29 0
40048 32 0
40049 37 0
40050 41 0
40051 52 0
40052 58 0
40053 64 0
40054 75 0
40055 86 0
40056 94 0
40057 105 0
40058 111 0
40059 123 0
40060 136 0
40061 143 0
40062 150 0
40063 159 0
40064 159 1
40065 264 1
40066 317 1
40067 357 1
40068 396 1
40069 396 1
40070 403 1
40071 416 1
40072 423 1
40073 431 1
40074 433 2
40075 438 3
40076 464 5
40077 501 5
40078 599 2
40079 600 3
40080 601 4
40081 603 5
40082 602 6
40083 647 6
40084 654 6
40085 657 6
40086 661 6
40087 668 6
40088 675 6
40089 677 6
40090 678 6
40091 681 6
40092 683 6
40093 684 6
40094 688 6
40095 692 6
40096 693 6
40097 695 6
40098 697 6
40099 699 6
40100 700 6
40101 700 6
40102 702 6
40103 704 6
40104 705 6
40105 709 6
40106 711 6
40107 711 6
40108 711 6
40109 712 6
40110 712 6
40111 715 6
40112 719 6
40113 719 6
40114 719 6
40115 719 6
40116 720 6
40117 720 6
40118 721 6
40119 723 6
40120 723 6
40121 723 6
40122 724 6
40123 725 6
40124 725 6
40125 726 6
40126 728 6
40127 729 6
40128 730 6
40129 732 6
40130 732 6
40131 732 6
40132 733 6
40133 733 6
40134 734 6
40135 735 6
40136 735 6
40137 735 6
40138 735 6
40139 735 6
40140 736 6
40141 736 6
40142 736 6
40143 736 6
40144 738 6
40145 739 6
40146 739 6
40147 740 6
40148 739 6
40149 739 6
40150 739 6
40151 740 6
40152 740 6
40153 740 6
40154 741 6
40155 741 7
40156 742 7
40157 743 7
40158 744 7
40159 744 7
40160 744 7
40161 746 7
40162 748 7
40163 752 7
40164 753 7
40165 754 7
40166 755 7
40167 757 7
40168 757 7
40169 757 7
40170 757 7
40171 759 7
40172 759 7
40173 761 7
40174 764 7
40175 769 7
40176 771 7
40177 772 8
40178 772 8
40179 773 8
40180 775 8
40181 775 8
40182 777 8
40183 780 9
40184 779 9
40185 780 9
40186 783 9
40187 783 10
40188 783 10
40189 782 10
40190 786 10
40191 790 10
40192 795 10
40193 797 10
40194 798 10
40195 799 10
40196 799 10
40197 798 10
40198 801 10
40199 801 10
40200 802 10
40201 802 10
40202 802 10
40203 802 10
40204 804 10
40205 804 10
40206 805 10
40207 805 10
40208 806 10
40209 807 10
40210 807 10
40211 807 10
40212 807 10
40213 808 10
40214 811 10
40215 812 10
40216 813 10
40217 814 10
40218 814 10
40219 822 11
40220 825 12
40221 832 12
40222 840 12
40223 841 12
40224 844 12
40225 842 12
40226 846 13
40227 849 13
40228 847 14
40229 843 14
40230 846 14
40231 847 14
40232 839 14
40233 846 14
40234 848 14
40235 848 14
40236 848 15
40237 847 15
40238 846 15
40239 848 15
40240 846 15
40241 849 14
40242 848 14
40243 850 12
40244 849 13
40245 848 14
40246 849 14
40247 848 15
40248 845 16
40249 844 16
40250 840 16
40251 847 16
40252 849 16
40253 847 16
40254 848 16
40255 848 16
40256 847 16
40257 849 16
40258 849 16
40259 849 16
40260 848 16
40261 850 16
40262 850 15
40263 851 15
40264 851 15
40265 845 15
40266 1 0
40267 2 0
40268 3 0
40269 5 0
40270 6 0
40271 7 0
40272 8 0
40273 11 0
40274 13 0
40275 15 0
40276 18 0
40277 23 0
40278 24 0
40279 26 0
40280 30 0
40281 33 0
40282 35 0
40283 40 0
40284 48 0
40285 49 0
40286 53 0
40287 57 0
40288 75 0
40289 86 0
40290 94 1
40291 116 1
40292 136 1
40293 158 1
40294 184 1
40295 197 1
40296 211 1
40297 223 1
40298 239 1
40299 247 0
40300 256 0
40301 263 1
40302 278 1
40303 292 1
40304 301 1
40305 309 1
40306 311 1
40307 318 1
40308 326 2
40309 331 2
40310 343 2
40311 352 2
40312 358 3
40313 366 3
40314 373 3
40315 388 3
40316 399 2
40317 401 3
40318 403 3
40319 406 3
40320 412 3
40321 416 3
40322 419 3
40323 427 3
40324 436 3
40325 442 4
40326 462 4
40327 483 4
40328 503 5
40329 515 5
40330 546 5
40331 563 5
40332 577 5
40333 578 6
40334 590 6
40335 594 6
40336 602 6
40337 605 6
40338 611 6
40339 612 6
40340 616 6
40341 618 6
40342 621 6
40343 622 7
40344 624 7
40345 626 7
40346 627 7
40347 631 7
40348 632 7
40349 632 7
40350 632 7
40351 632 7
40352 632 7
40353 634 7
40354 635 7
40355 637 7
40356 637 7
40357 638 7
40358 639 7
40359 639 7
40360 641 7
40361 644 7
40362 645 7
40363 646 7
40364 650 7
40365 656 7
40366 670 7
40367 672 7
40368 678 8
40369 686 8
40370 690 8
40371 694 8
40372 699 8
40373 787 0
40374 787 2
40375 895 2
40376 896 4
40377 899 5
40378 900 5
40379 900 5
40380 900 5
40381 900 5
40382 900 5
40383 900 5
40384 901 5
40385 901 5
40386 901 5
40387 901 5
40388 901 5
40389 901 5
40390 902 5
40391 902 5
40392 902 5
40393 902 5
40394 902 5
40395 902 5
40396 902 5
40397 902 5
40398 903 5
40399 903 6
40400 903 6
40401 904 6
40402 905 6
40403 905 6
40404 905 6
40405 906 6
40406 906 6
40407 906 6
40408 906 6
40409 906 6
40410 906 8
40411 906 8
40412 906 8
40413 906 8
40414 905 8
40415 906 9
40416 906 9
40417 906 9
40418 907 9
40419 907 9
40420 907 9
40421 907 9
40422 907 9
40423 907 9
40424 907 9
40425 907 9
40426 908 9
40427 908 9
40428 908 9
40429 908 9
40430 908 9
40431 909 9
40432 909 9
40433 910 9
40434 911 9
40435 911 9
40436 911 9
40437 911 9
40438 911 9
40439 911 9
40440 912 9
40441 912 9
40442 912 9
40443 912 9
40444 912 9
40445 912 9
40446 912 9
40447 912 9
40448 912 10
40449 912 10
40450 913 10
40451 914 10
40452 916 10
40453 917 10
40454 917 10
40455 918 10
40456 920 10
40457 920 10
40458 922 10
40459 922 10
40460 920 10
40461 923 10
40462 922 11
40463 919 12
40464 921 12
40465 922 12
40466 922 12
40467 922 12
40468 922 13
40469 923 13
40470 923 13
40471 922 13
40472 922 13
40473 922 13
40474 924 13
40475 924 13
40476 921 13
40477 922 13
40478 922 13
40479 921 14
40480 924 14
40481 918 14
40482 920 13
40483 920 13
40484 923 13
40485 923 13
40486 923 13
40487 909 13
40488 923 12
40489 923 12
40490 922 12
40491 922 12
40492 923 12
40493 922 13
40494 922 12
40495 922 12
40496 923 13
40497 1 0
40498 3 0
40499 4 0
40500 5 0
40501 7 0
40502 8 0
40503 9 0
40504 10 0
40505 12 0
40506 13 0
40507 21 0
40508 31 0
40509 37 0
40510 45 0
40511 56 0
40512 63 0
40513 74 0
40514 84 0
40515 99 0
40516 107 0
40517 124 0
40518 134 0
40519 143 0
40520 155 0
40521 166 0
40522 173 1
40523 177 1
40524 192 1
40525 208 1
40526 229 1
40527 243 1
40528 252 1
40529 252 3
40530 338 3
40531 371 3
40532 393 3
40533 407 3
40534 425 3
40535 434 3
40536 434 3
40537 437 3
40538 439 3
40539 445 3
40540 451 3
40541 454 3
40542 461 3
40543 471 3
40544 487 4
40545 570 4
40546 630 4
40547 674 5
40548 679 6
40549 686 6
40550 687 6
40551 692 6
40552 694 6
40553 693 7
40554 696 7
40555 699 7
40556 703 7
40557 704 7
40558 707 7
40559 707 7
40560 708 7
40561 710 7
40562 713 7
40563 714 7
40564 714 7
40565 714 7
40566 717 7
40567 717 9
40568 718 9
40569 719 9
40570 722 9
40571 722 9
40572 723 9
40573 726 9
40574 726 9
40575 727 10
40576 727 10
40577 727 10
40578 727 10
40579 727 10
40580 729 10
40581 729 10
40582 729 10
40583 732 11
40584 735 11
40585 738 11
40586 742 11
40587 743 11
40588 747 11
40589 750 11
40590 752 11
40591 758 11
40592 761 11
40593 765 11
40594 766 11
40595 767 11
40596 772 11
40597 776 11
40598 785 11
40599 787 12
40600 798 12
40601 806 13
40602 812 13
40603 812 14
40604 817 15
40605 820 16
40606 822 16
40607 822 16
40608 810 16
40609 830 13
40610 833 14
40611 835 14
40612 836 15
40613 838 15
40614 814 14
40615 839 14
40616 845 14
40617 845 13
40618 845 13
40619 844 13
40620 841 14
40621 827 13
40622 838 11
40623 841 12
40624 845 13
40625 850 13
40626 851 13
40627 850 13
40628 852 13
40629 842 13
40630 848 13
40631 851 12
40632 0 0
40633 1 0
40634 2 0
40635 3 0
40636 4 0
40637 5 0
40638 7 0
40639 9 0
40640 10 0
40641 12 0
40642 14 0
40643 15 0
40644 16 0
40645 19 0
40646 22 0
40647 24 0
40648 26 0
40649 31 0
40650 34 0
40651 39 0
40652 43 0
40653 51 0
40654 68 0
40655 76 0
40656 92 1
40657 107 1
40658 127 1
40659 146 1
40660 164 2
40661 174 2
40662 194 2
40663 218 2
40664 235 2
40665 254 1
40666 260 1
40667 265 1
40668 275 1
40669 296 2
40670 312 2
40671 317 2
40672 326 2
40673 341 2
40674 357 2
40675 368 2
40676 377 2
40677 382 2
40678 390 2
40679 397 2
40680 400 2
40681 406 2
40682 416 2
40683 425 2
40684 429 2
40685 444 2
40686 468 2
40687 486 3
40688 525 3
40689 537 3
40690 642 0
40691 643 2
40692 643 3
40693 648 4
40694 675 4
40695 680 4
40696 716 5
40697 728 5
40698 731 5
40699 737 5
40700 744 5
40701 747 5
40702 750 5
40703 756 5
40704 757 5
40705 758 5
40706 760 5
40707 763 5
40708 768 4
40709 773 4
40710 775 4
40711 778 4
40712 782 4
40713 781 4
40714 781 4
40715 782 4
40716 784 4
40717 786 4
40718 787 4
40719 787 4
40720 787 4
40721 787 4
40722 789 4
40723 791 4
40724 792 5
40725 792 5
40726 792 5
40727 793 5
40728 795 5
40729 796 5
40730 797 5
40731 800 5
40732 800 6
40733 800 6
40734 802 6
40735 806 6
40736 807 6
40737 810 7
40738 813 7
40739 815 7
40740 816 7
40741 818 7
40742 820 7
40743 823 8
40744 826 8
40745 831 8
40746 843 9
40747 843 9
40748 843 9
40749 844 10
40750 840 10
40751 848 10
40752 840 10
40753 1 0
40754 2 0
40755 3 0
40756 5 0
40757 6 0
40758 8 0
40759 10 0
40760 15 0
40761 18 0
40762 26 0
40763 34 0
40764 47 0
40765 55 0
40766 66 0
40767 85 0
40768 100 0
40769 114 0
40770 131 1
40771 140 1
40772 161 1
40773 171 1
40774 181 1
40775 196 1
40776 211 1
40777 228 1
40778 243 1
40779 248 1
40780 255 1
40781 272 1
40782 283 1
40783 288 1
40784 299 1
40785 311 1
40786 323 1
40787 333 1
40788 345 1
40789 352 1
40790 361 2
40791 368 2
40792 378 2
40793 390 2
40794 406 2
40795 409 2
40796 415 2
40797 420 2
40798 421 2
40799 423 2
40800 429 2
40801 433 2
40802 437 2
40803 444 2
40804 453 2
40805 475 2
40806 590 0
40807 590 2
40808 590 3
40809 632 3
40810 649 3
40811 670 3
40812 693 3
40813 711 3
40814 712 3
40815 714 3
40816 736 4
40817 736 5
40818 778 5
40819 802 5
40820 803 4
40821 803 4
40822 804 4
40823 804 4
40824 804 4
40825 805 4
40826 806 4
40827 807 5
40828 807 5
40829 808 5
40830 809 5
40831 809 5
40832 810 5
40833 810 5
40834 811 5
40835 811 5
40836 811 5
40837 811 5
40838 813 5
40839 813 5
40840 813 6
40841 814 6
40842 814 6
40843 814 6
40844 814 6
40845 817 6
40846 817 6
40847 820 7
40848 822 7
40849 823 8
40850 824 8
40851 827 9
40852 830 9
40853 829 10
40854 832 10
40855 832 10
40856 833 10
40857 833 10
40858 834 10
40859 834 10
40860 834 10
40861 835 10
40862 837 10
40863 839 10
40864 841 10
40865 847 10
40866 852 11
40867 857 11
40868 859 11
40869 856 11
40870 858 11
40871 855 11
40872 857 12
40873 858 12
40874 859 12
40875 859 12
40876 858 12
40877 857 12
40878 858 12
40879 1 0
40880 2 0
40881 3 0
40882 4 0
40883 7 0
40884 8 0
40885 10 0
40886 11 0
40887 14 0
40888 15 0
40889 21 0
40890 28 0
40891 35 0
40892 44 0
40893 53 0
40894 64 0
40895 68 0
40896 76 0
40897 84 0
40898 88 0
40899 95 0
40900 110 0
40901 115 1
40902 127 1
40903 133 1
40904 140 1
40905 149 1
40906 158 1
40907 172 1
40908 182 1
40909 189 1
40910 199 1
40911 206 1
40912 219 1
40913 231 1
40914 236 1
40915 247 1
40916 250 1
40917 257 1
40918 264 1
40919 282 1
40920 290 1
40921 296 1
40922 305 1
40923 319 2
40924 329 2
40925 333 2
40926 343 2
40927 348 2
40928 354 2
40929 370 2
40930 378 2
40931 390 2
40932 405 2
40933 417 2
40934 421 2
40935 424 2
40936 425 2
40937 428 2
40938 434 2
40939 439 2
40940 441 2
40941 447 2
40942 448 3
40943 482 3
40944 577 0
40945 577 2
40946 577 4
40947 634 4
40948 635 5
40949 661 4
40950 683 4
40951 701 4
40952 722 4
40953 722 5
40954 728 5
40955 731 6
40956 760 6
40957 761 6
40958 765 6
40959 770 6
40960 770 6
40961 773 6
40962 777 6
40963 777 6
40964 780 6
40965 784 6
40966 790 6
40967 795 7
40968 797 7
40969 797 7
40970 799 7
40971 800 7
40972 801 7
40973 801 7
40974 805 7
40975 805 7
40976 808 7
40977 809 7
40978 810 8
40979 812 8
40980 815 8
40981 817 8
40982 817 8
40983 817 8
40984 820 8
40985 823 8
40986 824 8
40987 824 9
40988 826 9
40989 833 9
40990 839 9
40991 845 9
40992 847 8
40993 850 9
40994 850 10
40995 856 10
40996 857 12
40997 857 12
40998 857 12
40999 860 12
41000 854 12
41001 858 12
41002 859 12
41003 859 12
41004 858 12
41005 858 12
41006 856 12
41007 72 0
41008 219 0
41009 252 2
41010 382 2
41011 412 2
41012 433 2
41013 458 2
41014 466 2
41015 470 2
41016 470 2
41017 472 2
41018 474 2
41019 476 2
41020 479 2
41021 487 2
41022 495 2
41023 506 2
41024 516 2
41025 522 3
41026 525 4
41027 584 4
41028 624 4
41029 657 4
41030 678 4
41031 694 4
41032 694 5
41033 744 6
41034 752 6
41035 752 6
41036 752 6
41037 755 6
41038 762 6
41039 769 5
41040 770 6
41041 774 6
41042 775 6
41043 778 6
41044 782 6
41045 786 6
41046 787 6
41047 787 6
41048 789 6
41049 791 6
41050 791 6
41051 794 6
41052 794 6
41053 795 6
41054 798 6
41055 798 6
41056 799 6
41057 802 6
41058 804 6
41059 805 7
41060 807 7
41061 807 7
41062 808 7
41063 810 7
41064 813 8
41065 814 8
41066 816 9
41067 816 9
41068 818 9
41069 819 9
41070 823 10
41071 833 9
41072 833 10
41073 840 10
41074 844 10
41075 844 10
41076 845 10
41077 850 10
41078 850 10
41079 850 11
41080 850 10
41081 853 10
41082 851 10
41083 852 10
41084 852 10
41085 850 10
41086 851 10
41087 851 10
41088 852 10
41089 852 9
41090 851 9
41091 852 9
41092 851 9
41093 849 9
41094 850 9
41095 848 9
41096 850 9
41097 850 9
41098 852 9
41099 849 9
41100 850 9
41101 851 10
41102 852 10
41103 850 10
41104 851 10
41105 851 10
41106 851 10
41107 1 0
41108 2 0
41109 3 0
41110 4 0
41111 5 0
41112 6 0
41113 7 0
41114 8 0
41115 9 0
41116 11 0
41117 14 0
41118 17 0
41119 19 0
41120 23 0
41121 28 0
41122 31 0
41123 34 0
41124 37 0
41125 41 0
41126 47 0
41127 54 0
41128 57 0
41129 63 0
41130 69 0
41131 78 0
41132 81 0
41133 86 0
41134 91 0
41135 92 1
41136 146 1
41137 216 1
41138 278 1
41139 314 1
41140 335 2
41141 363 2
41142 378 3
41143 396 3
41144 410 3
41145 419 3
41146 428 3
41147 433 3
41148 444 3
41149 451 3
41150 453 3
41151 461 3
41152 468 3
41153 536 3
41154 582 3
41155 615 3
41156 660 3
41157 773 0
41158 773 3
41159 782 4
41160 808 5
41161 814 4
41162 817 4
41163 823 4
41164 825 4
41165 830 4
41166 832 5
41167 836 5
41168 836 6
41169 843 6
41170 847 6
41171 849 6
41172 850 7
41173 851 7
41174 850 7
41175 850 7
41176 852 7
41177 854 7
41178 855 8
41179 858 8
41180 859 8
41181 861 8
41182 862 8
41183 866 8
41184 866 9
41185 868 9
41186 868 9
41187 870 9
41188 872 9
41189 873 9
41190 872 9
41191 872 9
41192 870 9
41193 869 9
41194 868 9
41195 0 0
41196 1 0
41197 2 0
41198 4 0
41199 5 0
41200 6 0
41201 7 0
41202 8 0
41203 11 0
41204 13 0
41205 16 0
41206 18 0
41207 22 0
41208 28 0
41209 38 0
41210 48 0
41211 52 0
41212 57 0
41213 67 0
41214 81 0
41215 91 0
41216 109 0
41217 122 0
41218 134 0
41219 146 0
41220 158 0
41221 163 1
41222 172 1
41223 179 1
41224 196 1
41225 205 1
41226 208 1
41227 224 1
41228 235 1
41229 246 1
41230 254 1
41231 265 1
41232 265 2
41233 298 2
41234 346 1
41235 348 2
41236 376 2
41237 414 2
41238 416 3
41239 422 3
41240 428 3
41241 430 3
41242 435 3
41243 446 3
41244 446 4
41245 480 2
41246 483 3
41247 541 3
41248 563 3
41249 589 3
41250 624 3
41251 623 4
41252 642 4
41253 667 4
41254 694 4
41255 702 5
41256 776 0
41257 777 3
41258 778 4
41259 778 5
41260 782 5
41261 783 5
41262 788 5
41263 790 5
41264 793 5
41265 798 5
41266 803 5
41267 805 5
41268 808 5
41269 809 6
41270 813 6
41271 818 6
41272 819 7
41273 820 7
41274 828 7
41275 831 7
41276 831 8
41277 840 8
41278 843 8
41279 846 8
41280 848 9
41281 852 10
41282 857 10
41283 857 10
41284 862 10
41285 858 10
41286 858 10
41287 860 10
41288 860 10
41289 861 10
41290 860 10
41291 1 0
41292 2 0
41293 3 0
41294 4 0
41295 5 0
41296 7 0
41297 8 0
41298 9 0
41299 11 0
41300 14 0
41301 15 0
41302 16 0
41303 17 0
41304 22 0
41305 23 0
41306 24 0
41307 25 0
41308 26 0
41309 28 0
41310 31 0
41311 36 0
41312 39 0
41313 40 0
41314 44 0
41315 46 0
41316 49 0
41317 53 0
41318 55 0
41319 60 0
41320 62 0
41321 68 0
41322 71 0
41323 76 0
41324 79 0
41325 83 0
41326 87 0
41327 94 0
41328 102 0
41329 105 0
41330 113 0
41331 119 0
41332 125 0
41333 132 0
41334 135 0
41335 140 0
41336 145 0
41337 150 0
41338 156 0
41339 162 0
41340 166 0
41341 167 1
41342 175 1
41343 180 1
41344 182 1
41345 187 1
41346 194 1
41347 200 1
41348 204 1
41349 208 1
41350 214 1
41351 218 1
41352 221 1
41353 228 1
41354 235 1
41355 238 1
41356 247 1
41357 256 1
41358 262 1
41359 266 1
41360 272 1
41361 279 1
41362 283 1
41363 289 1
41364 292 1
41365 293 2
41366 369 2
41367 405 2
41368 437 3
41369 441 3
41370 449 3
41371 459 3
41372 467 3
41373 476 3
41374 491 3
41375 534 3
41376 598 3
41377 612 3
41378 621 3
41379 626 3
41380 631 3
41381 641 3
41382 645 3
41383 652 3
41384 656 3
41385 659 3
41386 661 3
41387 663 3
41388 663 3
41389 665 3
41390 668 3
41391 668 4
41392 672 5
41393 680 5
41394 863 0
41395 863 1
41396 893 1
41397 893 3
41398 893 3
41399 893 3
41400 893 3
41401 893 4
41402 893 4
41403 893 5
41404 893 5
41405 893 5
41406 893 5
41407 894 5
41408 894 5
41409 894 5
41410 894 5
41411 894 5
41412 894 5
41413 894 5
41414 894 5
41415 894 6
41416 898 6
41417 902 6
41418 904 6
41419 905 6
41420 906 6
41421 909 6
41422 910 6
41423 911 6
41424 911 6
41425 911 6
41426 913 6
41427 916 6
41428 916 5
41429 920 5
41430 922 5
41431 925 5
41432 926 5
41433 926 5
41434 927 5
41435 929 5
41436 929 5
41437 929 6
41438 930 7
41439 930 7
41440 930 8
41441 932 9
41442 936 9
41443 936 10
41444 937 10
41445 936 10
41446 936 10
41447 936 10
41448 931 10
41449 931 10
41450 932 10
41451 932 10
41452 932 11
41453 932 10
41454 930 10
41455 932 10
41456 932 10
41457 932 10
41458 932 10
41459 932 10
41460 933 10
41461 933 10
41462 934 10
41463 934 10
41464 936 10
41465 937 10
41466 937 10
41467 932 9
41468 933 10
41469 936 10
41470 936 10
41471 936 10
41472 935 10
41473 935 10
41474 2 0
41475 4 0
41476 5 0
41477 7 0
41478 10 0
41479 13 0
41480 16 0
41481 22 0
41482 26 0
41483 29 0
41484 32 0
41485 47 0
41486 58 0
41487 65 0
41488 80 0
41489 89 0
41490 113 0
41491 132 0
41492 145 0
41493 163 0
41494 174 1
41495 191 1
41496 202 1
41497 216 1
41498 232 1
41499 246 1
41500 273 1
41501 283 1
41502 297 1
41503 305 1
41504 315 1
41505 328 1
41506 331 2
41507 340 2
41508 341 1
41509 347 1
41510 354 1
41511 363 1
41512 373 1
41513 378 2
41514 383 2
41515 396 2
41516 409 2
41517 412 2
41518 416 2
41519 422 2
41520 426 2
41521 440 2
41522 455 2
41523 461 2
41524 467 2
41525 482 2
41526 499 2
41527 508 3
41528 533 3
41529 550 3
41530 554 4
41531 579 4
41532 580 4
41533 680 0
41534 680 2
41535 680 3
41536 681 4
41537 684 5
41538 712 5
41539 733 5
41540 736 5
41541 745 5
41542 746 5
41543 749 5
41544 752 5
41545 756 5
41546 756 5
41547 758 5
41548 761 5
41549 765 5
41550 775 5
41551 784 5
41552 790 6
41553 793 7
41554 797 7
41555 801 7
41556 805 7
41557 805 8
41558 808 8
41559 809 8
41560 808 8
41561 808 8
41562 809 8
41563 811 8
41564 818 9
41565 823 9
41566 825 10
41567 833 10
41568 876 9
41569 875 9
41570 874 9
41571 870 11
41572 876 11
41573 876 11
41574 876 11
41575 874 11
41576 875 10
41577 874 10
41578 874 10
41579 875 11
41580 872 11
41581 873 11
41582 873 11
41583 873 11
41584 1 0
41585 2 0
41586 3 0
41587 5 0
41588 7 0
41589 11 0
41590 12 0
41591 15 0
41592 17 0
41593 23 0
41594 35 0
41595 42 0
41596 47 0
41597 55 0
41598 57 0
41599 71 0
41600 89 0
41601 105 0
41602 117 1
41603 133 1
41604 148 1
41605 160 1
41606 181 1
41607 188 1
41608 199 1
41609 214 1
41610 237 1
41611 263 1
41612 276 1
41613 286 1
41614 310 2
41615 315 3
41616 331 3
41617 347 3
41618 358 2
41619 366 2
41620 372 2
41621 375 2
41622 383 2
41623 389 2
41624 392 1
41625 395 2
41626 408 2
41627 419 2
41628 421 3
41629 428 3
41630 433 3
41631 445 3
41632 452 3
41633 457 3
41634 462 3
41635 468 3
41636 471 3
41637 485 3
41638 493 3
41639 501 3
41640 516 3
41641 524 3
41642 531 3
41643 531 4
41644 578 4
41645 587 5
41646 610 5
41647 627 5
41648 631 6
41649 681 6
41650 720 6
41651 743 6
41652 744 6
41653 744 6
41654 745 6
41655 750 6
41656 750 6
41657 750 6
41658 751 6
41659 754 6
41660 755 6
41661 758 6
41662 759 6
41663 760 6
41664 763 6
41665 769 6
41666 774 6
41667 781 6
41668 784 6
41669 784 7
41670 785 7
41671 786 7
41672 788 7
41673 788 8
41674 789 9
41675 794 9
41676 797 10
41677 803 10
41678 805 11
41679 817 12
41680 833 12
41681 845 12
41682 844 11
41683 855 11
41684 855 11
41685 856 11
41686 856 11
41687 854 11
41688 852 11
41689 854 11
41690 856 11
41691 858 11
41692 856 11
41693 855 11
41694 855 11
41695 856 12
41696 859 12
41697 859 13
41698 849 13
41699 854 12
41700 844 12
41701 861 12
41702 862 12
41703 862 12
41704 863 12
41705 863 12
41706 863 12
41707 863 12
41708 863 12
41709 861 12
41710 862 12
41711 862 12
41712 862 12
41713 862 12
41714 862 12
41715 862 12
41716 862 12
41717 862 12
41718 862 12
41719 862 12
41720 862 12
41721 862 12
41722 862 12
41723 862 12
41724 862 12
41725 862 12
41726 842 12
41727 852 12
41728 866 12
41729 865 12
41730 867 12
41731 867 12
41732 868 12
41733 868 12
41734 868 12
41735 868 12
41736 0 0
41737 0 1
41738 0 2
41739 1 2
41740 2 2
41741 3 2
41742 4 2
41743 7 2
41744 8 2
41745 9 2
41746 20 2
41747 53 2
41748 95 2
41749 196 2
41750 297 1
41751 308 2
41752 343 2
41753 355 3
41754 389 2
41755 409 2
41756 435 2
41757 449 2
41758 454 2
41759 486 2
41760 508 3
41761 563 3
41762 598 3
41763 600 4
41764 637 4
41765 681 4
41766 706 4
41767 710 5
41768 729 5
41769 735 6
41770 756 6
41771 772 6
41772 791 7
41773 802 8
41774 817 8
41775 817 9
41776 831 9
41777 832 10
41778 847 10
41779 855 11
41780 856 12
41781 858 12
41782 858 12
41783 860 12
41784 861 12
41785 864 12
41786 862 12
41787 854 12
41788 860 12
41789 869 12
41790 868 10
41791 870 10
41792 871 10
41793 871 10
41794 871 10
41795 871 11
41796 870 12
41797 870 13
41798 873 12
41799 875 12
41800 875 12
41801 865 12
41802 873 12
41803 873 12
41804 871 12
41805 873 12
41806 873 12
41807 871 12
41808 854 12
41809 867 12
41810 869 12
41811 869 12
41812 868 13
41813 870 13
41814 852 13
41815 869 12
41816 870 12
41817 870 13
41818 870 13
41819 865 13
41820 866 13
41821 864 13
41822 0 0
41823 0 1
41824 2 1
41825 4 1
41826 6 1
41827 8 1
41828 12 1
41829 16 1
41830 23 1
41831 27 1
41832 32 1
41833 38 1
41834 42 1
41835 47 1
41836 58 1
41837 78 1
41838 85 1
41839 92 1
41840 103 1
41841 119 1
41842 125 1
41843 135 1
41844 160 1
41845 173 1
41846 184 1
41847 192 1
41848 207 1
41849 215 0
41850 226 0
41851 231 1
41852 234 2
41853 246 2
41854 259 2
41855 268 2
41856 273 2
41857 274 2
41858 279 2
41859 283 2
41860 285 3
41861 296 3
41862 306 3
41863 326 3
41864 338 4
41865 347 4
41866 353 4
41867 363 3
41868 373 2
41869 379 2
41870 382 2
41871 391 2
41872 400 2
41873 416 2
41874 426 2
41875 435 2
41876 454 2
41877 463 3
41878 468 3
41879 475 3
41880 489 3
41881 502 3
41882 511 3
41883 523 3
41884 531 3
41885 544 3
41886 554 3
41887 561 3
41888 578 3
41889 581 4
41890 598 4
41891 613 4
41892 635 4
41893 638 5
41894 646 5
41895 646 6
41896 656 6
41897 660 6
41898 670 6
41899 686 6
41900 690 6
41901 701 6
41902 717 6
41903 720 6
41904 736 6
41905 740 7
41906 749 7
41907 760 7
41908 768 7
41909 771 7
41910 772 7
41911 775 7
41912 776 7
41913 787 4
41914 787 4
41915 787 6
41916 788 8
41917 794 8
41918 797 8
41919 800 8
41920 802 8
41921 803 9
41922 802 9
41923 803 9
41924 808 9
41925 807 10
41926 812 10
41927 820 10
41928 821 10
41929 823 11
41930 832 11
41931 836 11
41932 837 12
41933 845 12
41934 846 13
41935 852 13
41936 857 13
41937 858 12
41938 860 13
41939 863 13
41940 861 12
41941 858 12
41942 861 12
41943 863 12
41944 864 12
41945 864 12
41946 864 12
41947 864 12
41948 864 12
41949 864 12
41950 864 12
41951 864 12
41952 864 12
41953 864 12
41954 864 12
41955 864 12
41956 864 12
41957 864 12
41958 864 12
41959 864 12
41960 864 12
41961 864 12
41962 864 12
41963 864 12
41964 864 12
41965 864 12
41966 864 12
41967 864 12
41968 864 12
41969 864 12
41970 864 12
41971 864 12
41972 864 12
41973 864 12
41974 864 12
41975 864 12
41976 863 12
41977 860 13
41978 862 13
41979 854 13
41980 859 12
41981 860 12
41982 862 12
41983 862 12
41984 862 12
41985 862 12
41986 862 12
41987 862 12
41988 862 12
41989 862 12
41990 862 12
41991 862 12
41992 862 12
41993 862 12
41994 861 12
41995 861 12
41996 861 12
41997 851 12
41998 854 12
41999 859 12
42000 863 12
42001 861 12
42002 861 12
42003 845 12
42004 856 11
42005 857 12
42006 860 12
42007 862 12
42008 840 12
42009 860 12
42010 863 12
42011 865 12
42012 867 12
42013 867 12
42014 867 12
42015 864 12
42016 864 12
42017 865 13
42018 848 13
42019 862 13
42020 864 13
42021 866 13
42022 860 13
42023 0 0
42024 0 1
42025 1 1
42026 2 1
42027 3 1
42028 4 1
42029 5 1
42030 6 1
42031 7 1
42032 9 1
42033 14 1
42034 34 1
42035 67 1
42036 112 1
42037 169 1
42038 216 1
42039 274 1
42040 306 1
42041 324 2
42042 347 1
42043 362 1
42044 381 2
42045 394 2
42046 413 2
42047 429 1
42048 427 2
42049 442 2
42050 471 2
42051 505 2
42052 542 3
42053 564 3
42054 590 3
42055 614 3
42056 623 3
42057 652 3
42058 667 3
42059 691 3
42060 720 3
42061 767 3
42062 769 4
42063 775 4
42064 775 5
42065 799 6
42066 826 6
42067 826 7
42068 827 8
42069 832 9
42070 833 10
42071 856 11
42072 862 12
42073 864 12
42074 867 13
42075 867 13
42076 867 13
42077 867 13
42078 868 13
42079 870 14
42080 874 14
42081 874 14
42082 875 14
42083 875 14
42084 875 14
42085 874 14
42086 875 14
42087 874 14
42088 874 14
42089 872 14
42090 869 14
42091 870 14
42092 870 14
42093 869 15
42094 867 15
42095 868 15
42096 868 15
42097 868 15
42098 869 15
42099 869 15
42100 869 15
42101 865 15
42102 866 15
42103 866 15
42104 860 15
42105 863 15
42106 864 15
42107 863 15
42108 863 15
42109 862 15
42110 861 15
42111 862 15
42112 861 15
42113 862 15
42114 864 15
42115 0 1
42116 369 3
42117 408 3
42118 509 5
42119 572 5
42120 695 4
42121 727 5
42122 797 5
42123 824 5
42124 830 5
42125 831 6
42126 832 6
42127 832 7
42128 834 7
42129 835 7
42130 836 7
42131 839 7
42132 842 7
42133 843 7
42134 846 7
42135 848 7
42136 849 7
42137 849 7
42138 852 7
42139 852 7
42140 853 7
42141 853 8
42142 854 8
42143 855 8
42144 855 8
42145 858 8
42146 858 8
42147 860 8
42148 861 8
42149 863 8
42150 863 9
42151 864 10
42152 865 11
42153 870 11
42154 871 12
42155 878 12
42156 880 12
42157 882 12
42158 878 12
42159 883 11
42160 885 11
42161 888 11
42162 893 11
42163 898 11
42164 899 11
42165 899 11
42166 899 11
42167 898 11
42168 890 11
42169 902 11
42170 897 11
42171 899 11
42172 899 11
42173 900 11
42174 897 11
42175 898 11
42176 898 11
42177 898 11
42178 893 11
42179 893 10
42180 894 10
42181 0 1
42182 1 1
42183 139 1
42184 446 1
42185 507 0
42186 555 2
42187 569 4
42188 618 4
42189 629 5
42190 702 6
42191 757 6
42192 792 6
42193 827 6
42194 845 7
42195 850 7
42196 850 8
42197 853 9
42198 853 10
42199 858 10
42200 874 10
42201 877 10
42202 884 10
42203 893 10
42204 891 10
42205 894 10
42206 894 10
42207 896 10
42208 895 10
42209 891 10
42210 884 10
42211 890 10
42212 890 10
42213 890 10
42214 889 10
42215 884 10
42216 884 10
42217 884 10
42218 884 10
42219 886 10
42220 890 10
42221 888 10
42222 885 10
42223 887 11
42224 889 11
42225 889 11
42226 889 11
42227 889 10
42228 887 10
42229 887 10
42230 887 10
42231 886 11
42232 888 11
42233 890 11
42234 889 11
42235 889 11
42236 888 11
42237 2 0
42238 3 0
42239 4 0
42240 5 0
42241 6 0
42242 8 0
42243 9 0
42244 10 0
42245 11 0
42246 12 0
42247 14 0
42248 17 0
42249 18 0
42250 19 0
42251 20 0
42252 22 0
42253 24 0
42254 25 0
42255 27 0
42256 29 0
42257 32 0
42258 34 0
42259 36 0
42260 38 0
42261 42 0
42262 44 0
42263 49 0
42264 51 0
42265 53 0
42266 55 0
42267 59 0
42268 64 0
42269 67 0
42270 70 0
42271 75 0
42272 81 0
42273 86 0
42274 88 0
42275 93 0
42276 97 0
42277 98 0
42278 100 0
42279 104 0
42280 109 0
42281 115 0
42282 120 0
42283 125 0
42284 127 0
42285 129 0
42286 134 0
42287 140 0
42288 145 0
42289 148 0
42290 148 0
42291 153 0
42292 157 0
42293 158 1
42294 269 2
42295 322 2
42296 345 2
42297 392 1
42298 445 1
42299 455 1
42300 456 3
42301 467 4
42302 545 6
42303 694 6
42304 737 6
42305 752 5
42306 773 6
42307 785 6
42308 789 7
42309 790 8
42310 793 9
42311 804 9
42312 808 10
42313 827 10
42314 838 10
42315 847 10
42316 855 10
42317 868 10
42318 870 11
42319 866 11
42320 864 11
42321 864 12
42322 863 12
42323 864 12
42324 866 12
42325 866 12
42326 867 12
42327 867 12
42328 867 12
42329 863 12
42330 869 12
42331 869 12
42332 863 12
42333 869 12
42334 869 12
42335 869 12
42336 869 12
42337 869 12
42338 871 12
42339 869 13
42340 870 13
42341 872 13
42342 871 13
42343 870 13
42344 870 13
42345 0 0
42346 1 0
42347 2 0
42348 3 0
42349 4 0
42350 6 0
42351 10 0
42352 15 0
42353 17 0
42354 24 0
42355 30 0
42356 42 0
42357 59 0
42358 89 0
42359 104 0
42360 129 0
42361 166 0
42362 177 1
42363 192 1
42364 221 1
42365 248 1
42366 263 1
42367 279 1
42368 291 1
42369 299 1
42370 312 1
42371 318 1
42372 325 1
42373 332 1
42374 343 1
42375 351 2
42376 359 2
42377 370 2
42378 374 2
42379 383 1
42380 384 2
42381 387 2
42382 405 2
42383 413 2
42384 421 2
42385 427 2
42386 436 2
42387 452 2
42388 472 2
42389 486 2
42390 505 2
42391 514 2
42392 522 3
42393 525 3
42394 535 3
42395 539 4
42396 542 4
42397 544 5
42398 561 5
42399 570 6
42400 575 7
42401 590 6
42402 604 6
42403 624 6
42404 638 6
42405 656 6
42406 663 6
42407 670 6
42408 674 6
42409 685 6
42410 691 6
42411 699 6
42412 714 6
42413 722 6
42414 729 7
42415 737 7
42416 747 7
42417 755 7
42418 760 4
42419 760 7
42420 761 8
42421 765 10
42422 780 10
42423 780 11
42424 781 12
42425 790 12
42426 790 13
42427 794 13
42428 795 13
42429 802 13
42430 811 13
42431 821 13
42432 830 13
42433 840 13
42434 841 14
42435 845 14
42436 848 14
42437 848 14
42438 853 14
42439 848 14
42440 854 14
42441 852 14
42442 854 14
42443 853 14
42444 852 14
42445 853 14
42446 852 14
42447 851 13
42448 851 13
42449 853 13
42450 853 13
42451 851 13
42452 852 13
42453 854 13
42454 842 13
42455 854 13
42456 856 13
42457 856 13
42458 854 13
42459 850 13
42460 3 0
42461 5 0
42462 7 0
42463 65 0
42464 166 0
42465 332 0
42466 341 2
42467 388 4
42468 421 3
42469 439 3
42470 457 2
42471 492 2
42472 510 2
42473 567 2
42474 597 3
42475 604 4
42476 638 5
42477 643 6
42478 697 6
42479 710 7
42480 729 7
42481 730 7
42482 733 7
42483 735 7
42484 735 7
42485 736 7
42486 738 7
42487 740 7
42488 745 7
42489 749 7
42490 754 7
42491 757 7
42492 761 7
42493 765 7
42494 768 7
42495 798 7
42496 806 8
42497 822 8
42498 822 9
42499 831 9
42500 834 9
42501 834 10
42502 838 11
42503 844 11
42504 857 11
42505 858 12
42506 858 12
42507 859 12
42508 860 12
42509 860 12
42510 859 12
42511 862 12
42512 861 12
42513 862 12
42514 862 12
42515 856 12
42516 858 12
42517 859 12
42518 860 12
42519 861 12
42520 861 12
42521 861 12
42522 861 12
42523 861 12
42524 862 12
42525 863 12
42526 866 12
42527 868 12
42528 864 12
42529 864 12
42530 870 12
42531 870 12
42532 866 12
42533 867 12
42534 869 12
42535 869 12
42536 869 12
42537 868 12
42538 865 12
42539 870 12
42540 871 12
42541 872 12
42542 871 12
42543 871 12
42544 869 12
42545 869 12
42546 869 12
42547 869 12
42548 866 12
42549 868 12
42550 864 12
42551 870 12
42552 870 13
42553 872 13
42554 869 14
42555 867 13
42556 0 2
42557 5 2
42558 212 2
42559 436 2
42560 466 2
42561 522 2
42562 525 4
42563 568 2
42564 618 2
42565 618 3
42566 651 5
42567 721 5
42568 730 5
42569 741 5
42570 744 5
42571 750 5
42572 756 5
42573 760 5
42574 762 5
42575 766 5
42576 771 5
42577 770 5
42578 774 5
42579 776 5
42580 780 5
42581 783 5
42582 787 5
42583 788 5
42584 788 5
42585 787 5
42586 787 5
42587 787 5
42588 788 6
42589 788 6
42590 789 6
42591 808 6
42592 812 6
42593 812 7
42594 825 6
42595 827 7
42596 829 8
42597 830 8
42598 831 9
42599 834 9
42600 837 9
42601 838 9
42602 839 9
42603 842 9
42604 843 10
42605 844 10
42606 846 10
42607 850 10
42608 850 11
42609 854 11
42610 855 12
42611 855 11
42612 857 11
42613 862 11
42614 873 11
42615 874 12
42616 866 12
42617 880 11
42618 882 12
42619 883 12
42620 881 13
42621 882 13
42622 874 13
42623 883 13
42624 882 13
42625 883 12
42626 885 13
42627 883 13
42628 879 13
42629 880 13
42630 880 13
42631 879 14
42632 876 12
42633 877 12
42634 875 12
42635 880 12
42636 873 12
42637 883 12
42638 885 12
42639 551 0
42640 561 2
42641 592 4
42642 608 5
42643 709 3
42644 725 5
42645 728 6
42646 814 6
42647 822 6
42648 826 6
42649 831 6
42650 837 6
42651 839 6
42652 848 6
42653 849 6
42654 852 6
42655 853 6
42656 853 6
42657 853 6
42658 855 6
42659 860 6
42660 860 6
42661 863 6
42662 864 6
42663 864 7
42664 865 7
42665 866 7
42666 868 7
42667 868 7
42668 868 7
42669 868 7
42670 869 7
42671 869 7
42672 869 7
42673 869 7
42674 869 7
42675 870 7
42676 870 7
42677 870 7
42678 870 7
42679 870 7
42680 870 7
42681 870 7
42682 870 7
42683 870 7
42684 870 7
42685 870 7
42686 871 7
42687 872 7
42688 873 7
42689 873 7
42690 873 7
42691 873 7
42692 873 7
42693 874 7
42694 874 7
42695 875 7
42696 875 7
42697 875 7
42698 875 7
42699 875 7
42700 875 7
42701 876 7
42702 878 7
42703 884 8
42704 888 8
42705 895 9
42706 897 9
42707 901 9
42708 901 10
42709 906 10
42710 913 10
42711 914 10
42712 915 11
42713 916 11
42714 916 11
42715 915 11
42716 919 12
42717 911 12
42718 911 12
42719 913 13
42720 914 12
42721 914 13
42722 914 13
42723 914 13
42724 913 13
42725 913 13
42726 912 13
42727 911 13
42728 912 13
42729 910 13
42730 911 13
42731 912 13
42732 910 13
42733 1 0
42734 2 0
42735 3 0
42736 5 0
42737 6 0
42738 7 0
42739 8 0
42740 10 0
42741 12 0
42742 13 0
42743 17 0
42744 18 0
42745 21 0
42746 27 0
42747 29 0
42748 38 0
42749 44 0
42750 49 0
42751 56 0
42752 59 0
42753 59 2
42754 78 4
42755 172 4
42756 237 4
42757 288 4
42758 322 4
42759 344 4
42760 356 4
42761 367 4
42762 385 4
42763 394 5
42764 396 6
42765 399 7
42766 415 6
42767 432 6
42768 464 6
42769 505 6
42770 593 6
42771 601 6
42772 609 6
42773 621 6
42774 624 6
42775 630 6
42776 640 6
42777 646 6
42778 652 6
42779 690 6
42780 694 6
42781 694 7
42782 698 7
42783 702 7
42784 703 7
42785 705 7
42786 709 7
42787 712 7
42788 714 7
42789 716 7
42790 716 7
42791 718 7
42792 716 7
42793 719 7
42794 720 7
42795 720 7
42796 724 7
42797 726 7
42798 726 7
42799 729 7
42800 730 8
42801 730 8
42802 732 8
42803 733 8
42804 733 9
42805 733 9
42806 735 9
42807 737 9
42808 737 9
42809 739 9
42810 739 9
42811 741 9
42812 742 9
42813 743 9
42814 744 9
42815 745 9
42816 744 9
42817 747 9
42818 747 9
42819 747 9
42820 748 9
42821 752 9
42822 753 9
42823 753 9
42824 754 9
42825 755 9
42826 756 9
42827 756 9
42828 756 9
42829 756 9
42830 756 9
42831 758 9
42832 760 9
42833 760 9
42834 760 9
42835 761 9
42836 762 9
42837 762 10
42838 762 10
42839 762 10
42840 762 10
42841 762 10
42842 763 10
42843 764 10
42844 764 10
42845 765 10
42846 768 10
42847 768 10
42848 768 10
42849 769 10
42850 769 10
42851 769 10
42852 769 10
42853 770 10
42854 772 10
42855 772 10
42856 772 10
42857 772 10
42858 772 10
42859 772 10
42860 773 10
42861 774 10
42862 774 10
42863 774 10
42864 774 10
42865 774 10
42866 774 10
42867 774 10
42868 774 10
42869 775 10
42870 775 10
42871 778 10
42872 778 10
42873 779 10
42874 779 10
42875 779 10
42876 779 11
42877 780 11
42878 780 11
42879 780 11
42880 779 11
42881 779 11
42882 779 11
42883 780 11
42884 780 11
42885 781 11
42886 780 11
42887 780 11
42888 780 11
42889 780 11
42890 781 11
42891 781 11
42892 782 11
42893 782 11
42894 783 11
42895 784 11
42896 784 11
42897 786 11
42898 786 11
42899 786 11
42900 787 11
42901 789 11
42902 794 11
42903 794 12
42904 794 13
42905 803 13
42906 808 14
42907 823 14
42908 834 14
42909 842 14
42910 845 14
42911 848 14
42912 845 14
42913 844 14
42914 846 14
42915 844 14
42916 848 14
42917 852 14
42918 856 14
42919 851 14
42920 856 14
42921 857 14
42922 857 16
42923 858 16
42924 859 16
42925 863 16
42926 863 16
42927 861 16
42928 861 16
42929 860 16
42930 862 16
42931 862 16
42932 861 16
42933 862 17
42934 862 17
42935 863 16
42936 866 16
42937 866 16
42938 865 16
42939 1 0
42940 2 0
42941 3 0
42942 4 0
42943 5 0
42944 7 0
42945 8 0
42946 9 0
42947 10 0
42948 11 0
42949 13 0
42950 18 0
42951 19 0
42952 22 0
42953 29 0
42954 34 0
42955 42 0
42956 47 0
42957 59 0
42958 72 0
42959 80 0
42960 88 0
42961 97 0
42962 103 0
42963 109 0
42964 117 0
42965 121 0
42966 130 0
42967 140 0
42968 148 0
42969 149 2
42970 265 2
42971 291 2
42972 292 4
42973 338 4
42974 358 4
42975 379 4
42976 404 4
42977 445 4
42978 462 4
42979 507 4
42980 626 2
42981 626 4
42982 627 5
42983 681 5
42984 692 5
42985 712 5
42986 729 5
42987 747 5
42988 755 5
42989 763 5
42990 765 5
42991 768 5
42992 795 5
42993 795 6
42994 812 6
42995 815 7
42996 824 7
42997 824 8
42998 824 8
42999 826 9
43000 827 9
43001 827 9
43002 827 9
43003 828 9
43004 828 9
43005 828 9
43006 828 10
43007 828 10
43008 828 10
43009 829 10
43010 829 10
43011 829 10
43012 829 10
43013 829 10
43014 829 10
43015 829 10
43016 831 11
43017 833 12
43018 834 12
43019 837 12
43020 837 12
43021 838 12
43022 839 12
43023 839 12
43024 839 12
43025 839 12
43026 839 12
43027 839 12
43028 839 12
43029 840 12
43030 843 12
43031 845 12
43032 845 12
43033 847 12
43034 847 13
43035 848 13
43036 848 13
43037 849 13
43038 851 13
43039 851 13
43040 852 13
43041 859 13
43042 863 14
43043 870 14
43044 871 14
43045 873 14
43046 874 14
43047 874 14
43048 876 14
43049 875 14
43050 872 14
43051 873 14
43052 872 14
43053 870 14
43054 870 15
43055 874 15
43056 876 15
43057 876 16
43058 876 16
43059 875 16
43060 875 16
43061 872 15
43062 874 16
43063 872 16
43064 873 16
43065 870 16
43066 875 16
43067 0 0
43068 1 0
43069 1 0
43070 1 1
43071 1 2
43072 2 2
43073 3 2
43074 4 3
43075 10 3
43076 15 3
43077 37 3
43078 50 3
43079 78 3
43080 103 3
43081 136 3
43082 182 2
43083 219 2
43084 236 2
43085 240 4
43086 254 4
43087 269 4
43088 271 5
43089 288 5
43090 310 4
43091 326 4
43092 340 4
43093 349 5
43094 354 6
43095 361 6
43096 371 6
43097 378 6
43098 394 6
43099 405 5
43100 411 5
43101 496 2
43102 498 5
43103 498 6
43104 535 6
43105 552 6
43106 569 6
43107 581 7
43108 587 7
43109 592 7
43110 597 7
43111 623 6
43112 657 6
43113 673 6
43114 683 6
43115 697 6
43116 703 6
43117 710 6
43118 713 7
43119 747 7
43120 773 7
43121 773 8
43122 776 9
43123 782 9
43124 784 9
43125 786 9
43126 787 9
43127 790 10
43128 793 10
43129 793 11
43130 793 11
43131 796 11
43132 799 11
43133 802 11
43134 802 11
43135 803 11
43136 804 11
43137 811 11
43138 815 11
43139 814 12
43140 815 12
43141 816 13
43142 818 14
43143 821 14
43144 821 14
43145 823 14
43146 823 14
43147 824 14
43148 823 14
43149 824 14
43150 825 14
43151 825 14
43152 825 14
43153 825 14
43154 825 14
43155 827 14
43156 828 14
43157 828 14
43158 829 14
43159 830 14
43160 830 14
43161 831 14
43162 831 14
43163 832 14
43164 832 14
43165 833 14
43166 840 14
43167 843 15
43168 850 16
43169 852 16
43170 853 17
43171 859 17
43172 864 17
43173 858 16
43174 864 17
43175 866 17
43176 865 17
43177 866 17
43178 863 17
43179 865 17
43180 865 17
43181 865 17
43182 865 17
43183 865 17
43184 865 17
43185 866 17
43186 865 17
43187 868 18
43188 869 17
43189 870 17
43190 862 17
43191 871 17
43192 873 17
43193 872 17
43194 873 17
43195 872 17
43196 873 17
43197 873 17
43198 872 17
43199 872 17
43200 871 17
43201 871 17
43202 870 17
43203 870 17
43204 870 17
43205 862 17
43206 0 1
43207 0 2
43208 0 4
43209 1 4
43210 4 4
43211 6 4
43212 16 4
43213 27 4
43214 37 4
43215 51 4
43216 59 4
43217 79 4
43218 104 4
43219 130 2
43220 149 2
43221 171 2
43222 185 3
43223 209 3
43224 234 4
43225 254 4
43226 276 4
43227 288 3
43228 300 3
43229 309 3
43230 316 4
43231 327 4
43232 334 4
43233 345 4
43234 354 4
43235 364 4
43236 368 5
43237 376 6
43238 390 6
43239 402 6
43240 431 6
43241 437 6
43242 449 6
43243 451 7
43244 470 7
43245 489 6
43246 509 6
43247 520 4
43248 521 7
43249 0 1
43250 1 1
43251 2 1
43252 4 1
43253 6 1
43254 9 1
43255 12 1
43256 14 1
43257 15 1
43258 17 1
43259 18 1
43260 20 1
43261 23 1
43262 26 1
43263 30 1
43264 34 1
43265 44 1
43266 46 1
43267 49 1
43268 52 1
43269 56 1
43270 66 1
43271 68 1
43272 73 1
43273 81 1
43274 85 1
43275 94 1
43276 100 1
43277 105 1
43278 112 1
43279 120 1
43280 125 1
43281 136 1
43282 141 1
43283 146 1
43284 151 1
43285 154 1
43286 162 1
43287 173 1
43288 177 1
43289 190 1
43290 191 1
43291 200 1
43292 206 1
43293 212 1
43294 223 1
43295 231 1
43296 245 1
43297 250 1
43298 256 1
43299 260 1
43300 268 1
43301 271 2
43302 272 2
43303 276 2
43304 285 2
43305 294 3
43306 299 3
43307 309 3
43308 311 3
43309 321 3
43310 323 4
43311 326 3
43312 334 3
43313 342 3
43314 346 3
43315 352 3
43316 358 3
43317 364 3
43318 367 4
43319 373 4
43320 387 4
43321 397 4
43322 407 4
43323 415 5
43324 430 5
43325 436 5
43326 440 6
43327 472 6
43328 486 6
43329 498 7
43330 508 7
43331 520 7
43332 525 7
43333 538 7
43334 544 7
43335 556 7
43336 572 7
43337 591 7
43338 598 7
43339 603 8
43340 608 8
43341 615 8
43342 628 8
43343 646 8
43344 655 8
43345 670 8
43346 677 8
43347 681 8
43348 683 8
43349 683 8
43350 685 8
43351 687 9
43352 690 9
43353 694 9
43354 696 10
43355 697 10
43356 698 10
43357 701 10
43358 704 10
43359 706 10
43360 707 10
43361 712 10
43362 714 10
43363 715 10
43364 719 10
43365 721 10
43366 723 10
43367 724 10
43368 726 10
43369 726 10
43370 728 10
43371 733 10
43372 734 10
43373 738 10
43374 739 10
43375 739 10
43376 739 10
43377 740 10
43378 742 10
43379 741 10
43380 742 10
43381 743 11
43382 743 12
43383 744 12
43384 744 12
43385 745 12
43386 747 12
43387 751 12
43388 752 12
43389 752 13
43390 753 13
43391 753 13
43392 755 13
43393 756 13
43394 756 13
43395 758 13
43396 757 13
43397 758 13
43398 758 13
43399 759 13
43400 759 13
43401 759 13
43402 759 13
43403 759 13
43404 759 13
43405 762 13
43406 763 13
43407 763 13
43408 764 13
43409 767 13
43410 769 13
43411 770 14
43412 770 14
43413 770 14
43414 771 14
43415 772 14
43416 772 14
43417 773 14
43418 773 14
43419 775 14
43420 776 14
43421 776 14
43422 775 14
43423 776 14
43424 777 14
43425 777 14
43426 777 13
43427 776 13
43428 776 13
43429 776 13
43430 777 13
43431 782 13
43432 782 13
43433 783 13
43434 783 13
43435 783 13
43436 784 13
43437 787 13
43438 790 13
43439 791 13
43440 793 13
43441 793 13
43442 793 13
43443 793 13
43444 796 13
43445 796 13
43446 797 13
43447 798 13
43448 798 13
43449 798 13
43450 799 13
43451 801 13
43452 801 13
43453 802 13
43454 803 13
43455 804 13
43456 804 13
43457 805 13
43458 806 13
43459 806 13
43460 806 13
43461 807 13
43462 814 14
43463 815 15
43464 818 15
43465 823 15
43466 834 17
43467 841 17
43468 841 18
43469 853 17
43470 854 17
43471 820 17
43472 844 17
43473 853 17
43474 851 17
43475 852 18
43476 843 19
43477 846 19
43478 852 19
43479 856 19
43480 841 19
43481 854 16
43482 854 17
43483 855 18
43484 857 19
43485 855 19
43486 850 19
43487 857 19
43488 857 19
43489 852 19
43490 855 19
43491 858 19
43492 858 19
43493 862 19
43494 861 18
43495 868 18
43496 866 18
43497 868 18
43498 870 18
43499 870 18
43500 870 18
43501 868 18
43502 868 18
43503 869 18
43504 869 18
43505 839 18
43506 869 14
43507 869 14
43508 871 15
43509 872 16
43510 872 17
43511 871 18
43512 870 18
43513 870 18
43514 870 18
43515 873 18
43516 871 18
43517 867 18
43518 870 18
43519 872 18
43520 867 18
43521 866 18
43522 868 18
43523 0 0
43524 0 2
43525 0 3
43526 0 4
43527 1 4
43528 4 4
43529 10 4
43530 147 4
43531 411 4
43532 436 4
43533 488 5
43534 511 5
43535 526 5
43536 561 6
43537 563 6
43538 579 7
43539 591 7
43540 655 8
43541 696 9
43542 709 9
43543 725 9
43544 734 9
43545 739 9
43546 743 9
43547 746 9
43548 751 9
43549 755 9
43550 758 9
43551 761 9
43552 765 9
43553 767 9
43554 767 9
43555 768 9
43556 768 9
43557 769 9
43558 770 9
43559 772 9
43560 773 9
43561 774 9
43562 777 9
43563 778 9
43564 781 9
43565 782 9
43566 784 9
43567 785 9
43568 786 9
43569 787 9
43570 788 9
43571 790 9
43572 791 9
43573 791 9
43574 791 9
43575 792 9
43576 792 9
43577 793 9
43578 794 9
43579 795 9
43580 795 9
43581 795 9
43582 798 9
43583 798 9
43584 798 9
43585 799 9
43586 800 9
43587 800 9
43588 801 9
43589 801 9
43590 803 9
43591 804 9
43592 805 9
43593 805 9
43594 807 9
43595 808 10
43596 808 10
43597 808 10
43598 808 10
43599 807 10
43600 807 10
43601 807 10
43602 809 10
43603 809 10
43604 809 10
43605 810 10
43606 812 10
43607 814 10
43608 814 11
43609 814 11
43610 813 11
43611 813 11
43612 813 11
43613 814 11
43614 814 11
43615 814 11
43616 814 11
43617 814 11
43618 814 11
43619 814 11
43620 814 11
43621 815 11
43622 815 11
43623 816 11
43624 816 11
43625 815 11
43626 816 11
43627 818 11
43628 820 11
43629 822 11
43630 822 12
43631 823 12
43632 824 12
43633 824 13
43634 825 13
43635 828 14
43636 827 14
43637 828 14
43638 829 14
43639 831 15
43640 831 15
43641 834 15
43642 835 15
43643 835 15
43644 838 15
43645 841 16
43646 842 16
43647 842 17
43648 848 17
43649 849 17
43650 850 18
43651 864 18
43652 867 18
43653 869 18
43654 869 18
43655 870 18
43656 858 18
43657 872 15
43658 873 16
43659 877 17
43660 876 18
43661 876 18
43662 876 18
43663 866 18
43664 874 18
43665 875 18
43666 875 18
43667 877 18
43668 877 18
43669 878 18
43670 876 18
43671 879 18
43672 877 18
43673 877 18
43674 874 18
43675 875 18
43676 875 17
43677 875 17
43678 877 17
43679 865 17
43680 874 17
43681 880 17
43682 869 16
43683 877 17
43684 861 18
43685 873 18
43686 875 18
43687 874 18
43688 874 18
43689 874 18
43690 866 18
43691 0 1
43692 519 1
43693 531 3
43694 533 5
43695 586 5
43696 592 5
43697 598 6
43698 604 6
43699 610 6
43700 614 6
43701 615 6
43702 620 6
43703 621 6
43704 623 6
43705 624 7
43706 629 7
43707 632 6
43708 637 6
43709 650 6
43710 653 7
43711 672 7
43712 693 8
43713 707 8
43714 725 8
43715 741 8
43716 749 8
43717 757 9
43718 771 9
43719 781 8
43720 784 8
43721 786 8
43722 790 8
43723 791 8
43724 800 8
43725 802 8
43726 807 8
43727 810 8
43728 812 9
43729 813 9
43730 816 9
43731 817 9
43732 818 9
43733 819 9
43734 819 9
43735 820 9
43736 820 8
43737 821 8
43738 824 9
43739 824 8
43740 824 8
43741 826 9
43742 826 9
43743 826 9
43744 827 9
43745 827 9
43746 826 9
43747 828 9
43748 830 9
43749 831 9
43750 834 9
43751 836 9
43752 838 9
43753 838 9
43754 840 9
43755 840 9
43756 841 9
43757 841 9
43758 841 9
43759 841 9
43760 841 9
43761 842 9
43762 842 9
43763 842 9
43764 842 9
43765 842 9
43766 842 9
43767 842 9
43768 843 9
43769 843 9
43770 843 9
43771 845 9
43772 846 9
43773 846 9
43774 846 9
43775 848 9
43776 848 9
43777 848 10
43778 848 10
43779 849 10
43780 849 10
43781 849 10
43782 849 10
43783 850 10
43784 852 10
43785 851 10
43786 852 10
43787 856 10
43788 856 10
43789 856 12
43790 859 12
43791 860 12
43792 861 12
43793 860 12
43794 860 12
43795 861 12
43796 862 12
43797 862 12
43798 862 12
43799 862 12
43800 862 12
43801 863 12
43802 864 12
43803 864 12
43804 864 13
43805 865 14
43806 874 14
43807 877 14
43808 878 14
43809 879 14
43810 881 14
43811 883 15
43812 884 15
43813 884 15
43814 883 15
43815 884 15
43816 883 15
43817 882 15
43818 884 15
43819 884 15
43820 888 15
43821 888 16
43822 885 15
43823 886 16
43824 885 17
43825 887 17
43826 886 17
43827 885 17
43828 879 17
43829 880 17
43830 879 17
43831 879 17
43832 880 17
43833 881 17
43834 883 17
43835 882 17
43836 880 17
43837 882 17
43838 881 17
43839 882 17
43840 883 17
43841 883 17
43842 885 17
43843 886 17
43844 886 17
43845 885 17
43846 882 17
43847 885 17
43848 0 2
43849 3 5
43850 10 5
43851 11 5
43852 18 5
43853 23 5
43854 36 5
43855 52 5
43856 70 5
43857 96 5
43858 119 5
43859 122 2
43860 123 4
43861 144 6
43862 173 5
43863 183 5
43864 204 5
43865 221 5
43866 254 5
43867 277 5
43868 314 4
43869 332 4
43870 349 4
43871 356 3
43872 369 3
43873 382 3
43874 391 3
43875 409 3
43876 415 3
43877 425 3
43878 495 2
43879 495 4
43880 502 7
43881 503 7
43882 507 9
43883 675 10
43884 687 11
43885 768 11
43886 778 11
43887 779 11
43888 779 11
43889 780 11
43890 779 11
43891 780 11
43892 781 11
43893 783 11
43894 783 11
43895 783 11
43896 783 13
43897 784 13
43898 785 13
43899 786 13
43900 786 13
43901 786 13
43902 786 13
43903 787 13
43904 789 13
43905 788 13
43906 789 13
43907 792 13
43908 792 13
43909 792 13
43910 792 13
43911 791 13
43912 792 13
43913 793 13
43914 793 13
43915 794 13
43916 795 12
43917 795 12
43918 795 12
43919 796 12
43920 798 12
43921 799 12
43922 799 12
43923 800 12
43924 801 12
43925 802 12
43926 802 11
43927 802 11
43928 802 11
43929 803 11
43930 805 11
43931 806 11
43932 806 11
43933 807 11
43934 808 11
43935 810 11
43936 810 11
43937 813 11
43938 815 11
43939 816 11
43940 815 11
43941 818 11
43942 818 11
43943 818 11
43944 819 11
43945 819 11
43946 819 11
43947 820 11
43948 820 12
43949 822 14
43950 832 14
43951 843 16
43952 847 16
43953 848 16
43954 854 17
43955 858 17
43956 862 17
43957 865 17
43958 866 17
43959 867 17
43960 867 17
43961 866 17
43962 868 17
43963 868 17
43964 869 17
43965 870 17
43966 870 17
43967 864 17
43968 866 17
43969 867 17
43970 866 17
43971 864 17
43972 865 17
43973 864 17
43974 864 17
43975 863 17
43976 862 17
43977 861 17
43978 861 17
43979 860 17
43980 859 17
43981 859 17
43982 863 17
43983 862 17
43984 862 17
43985 863 17
43986 862 17
43987 862 17
43988 0 1
43989 0 3
43990 0 5
43991 1 5
43992 3 5
43993 26 5
43994 81 5
43995 159 5
43996 165 3
43997 168 5
43998 182 6
43999 282 5
44000 344 6
44001 375 6
44002 376 7
44003 403 8
44004 428 8
44005 446 9
44006 463 9
44007 486 9
44008 497 9
44009 509 9
44010 517 9
44011 524 9
44012 530 9
44013 536 9
44014 569 9
44015 597 9
44016 633 9
44017 683 10
44018 712 10
44019 716 10
44020 720 10
44021 727 10
44022 729 10
44023 730 10
44024 730 9
44025 731 9
44026 732 9
44027 733 9
44028 734 9
44029 735 9
44030 737 9
44031 737 9
44032 737 9
44033 739 9
44034 740 9
44035 741 9
44036 741 10
44037 742 10
44038 743 10
44039 743 10
44040 744 9
44041 742 9
44042 744 9
44043 744 9
44044 747 9
44045 747 9
44046 747 9
44047 747 9
44048 749 9
44049 750 9
44050 750 9
44051 750 9
44052 751 9
44053 754 9
44054 755 9
44055 755 9
44056 756 9
44057 756 9
44058 756 9
44059 757 9
44060 757 9
44061 756 9
44062 756 9
44063 756 9
44064 757 9
44065 757 9
44066 758 10
44067 760 10
44068 761 10
44069 761 10
44070 761 10
44071 762 10
44072 762 10
44073 762 10
44074 763 10
44075 765 10
44076 766 10
44077 766 10
44078 766 10
44079 770 10
44080 771 11
44081 772 11
44082 773 11
44083 773 11
44084 774 11
44085 775 11
44086 776 11
44087 776 11
44088 777 11
44089 778 11
44090 780 11
44091 780 11
44092 781 11
44093 782 11
44094 782 11
44095 784 11
44096 784 11
44097 784 11
44098 784 11
44099 786 11
44100 786 11
44101 787 11
44102 787 12
44103 792 13
44104 807 14
44105 807 15
44106 823 15
44107 823 16
44108 827 16
44109 846 16
44110 847 16
44111 850 16
44112 855 16
44113 854 16
44114 852 16
44115 853 16
44116 853 16
44117 855 16
44118 856 16
44119 859 16
44120 859 16
44121 856 16
44122 850 16
44123 852 16
44124 853 16
44125 854 16
44126 853 16
44127 856 16
44128 860 16
44129 860 16
44130 857 16
44131 860 15
44132 861 16
44133 861 15
44134 859 16
44135 858 16
44136 850 16
44137 857 16
44138 858 16
44139 858 16
44140 849 16
44141 851 16
44142 855 16
44143 854 15
44144 857 15
44145 855 15
44146 855 15
44147 855 15
44148 858 15
44149 856 15
44150 858 15
44151 860 15
44152 859 15
44153 860 15
44154 862 15
44155 863 15
44156 845 15
44157 861 15
44158 865 15
44159 865 15
44160 0 0
44161 0 1
44162 1 1
44163 3 1
44164 4 1
44165 7 1
44166 8 1
44167 11 1
44168 16 1
44169 25 1
44170 34 1
44171 46 1
44172 56 1
44173 71 1
44174 95 1
44175 110 1
44176 125 2
44177 165 2
44178 183 3
44179 220 2
44180 249 2
44181 273 2
44182 275 3
44183 303 3
44184 307 4
44185 321 4
44186 337 4
44187 347 4
44188 361 4
44189 376 5
44190 394 5
44191 398 6
44192 410 6
44193 423 6
44194 427 6
44195 433 7
44196 441 8
44197 454 8
44198 465 8
44199 474 8
44200 479 8
44201 487 8
44202 500 8
44203 507 8
44204 553 7
44205 571 7
44206 616 7
44207 637 7
44208 651 7
44209 662 7
44210 670 7
44211 672 7
44212 674 7
44213 680 7
44214 681 7
44215 681 7
44216 689 7
44217 691 7
44218 695 7
44219 700 7
44220 704 8
44221 708 8
44222 709 8
44223 711 9
44224 711 9
44225 712 9
44226 713 9
44227 715 9
44228 717 9
44229 719 9
44230 720 9
44231 721 9
44232 723 9
44233 727 9
44234 729 9
44235 730 9
44236 730 10
44237 730 10
44238 730 10
44239 730 10
44240 734 10
44241 736 10
44242 741 10
44243 742 10
44244 744 10
44245 745 10
44246 746 10
44247 750 10
44248 751 10
44249 752 10
44250 752 10
44251 754 10
44252 754 10
44253 754 10
44254 756 10
44255 757 10
44256 758 10
44257 758 10
44258 760 10
44259 761 10
44260 761 10
44261 763 10
44262 766 10
44263 767 10
44264 766 10
44265 770 10
44266 773 11
44267 775 11
44268 778 11
44269 779 11
44270 779 11
44271 780 11
44272 781 11
44273 780 11
44274 781 11
44275 783 11
44276 783 11
44277 783 11
44278 783 11
44279 784 11
44280 785 11
44281 787 11
44282 787 11
44283 789 11
44284 790 11
44285 790 11
44286 790 11
44287 790 11
44288 790 11
44289 789 11
44290 789 12
44291 788 12
44292 788 12
44293 789 12
44294 789 12
44295 789 13
44296 810 13
44297 813 13
44298 813 14
44299 829 14
44300 832 15
44301 836 16
44302 846 16
44303 848 16
44304 852 16
44305 852 16
44306 850 16
44307 847 16
44308 855 16
44309 856 16
44310 856 16
44311 857 16
44312 855 16
44313 856 16
44314 855 16
44315 852 16
44316 859 16
44317 843 16
44318 854 16
44319 863 16
44320 863 16
44321 862 16
44322 859 16
44323 860 16
44324 860 16
44325 861 16
44326 859 16
44327 860 16
44328 858 16
44329 858 15
44330 859 15
44331 861 15
44332 859 16
44333 827 17
44334 853 17
44335 862 16
44336 867 16
44337 867 16
44338 868 16
44339 868 16
44340 868 16
44341 867 16
44342 867 16
44343 844 17
44344 856 16
44345 857 16
44346 857 17
44347 861 17
44348 0 1
44349 1 1
44350 4 1
44351 6 1
44352 10 0
44353 23 0
44354 60 0
44355 133 0
44356 234 0
44357 245 1
44358 280 2
44359 285 4
44360 335 4
44361 361 5
44362 393 5
44363 412 5
44364 438 5
44365 461 5
44366 466 6
44367 472 7
44368 480 7
44369 485 8
44370 493 8
44371 502 8
44372 504 9
44373 509 9
44374 518 9
44375 530 9
44376 538 9
44377 545 9
44378 547 9
44379 554 9
44380 559 8
44381 566 8
44382 572 9
44383 619 9
44384 651 9
44385 702 8
44386 707 9
44387 710 9
44388 717 9
44389 720 9
44390 719 9
44391 721 9
44392 721 10
44393 722 10
44394 724 9
44395 726 9
44396 727 9
44397 727 9
44398 728 9
44399 729 9
44400 731 9
44401 733 9
44402 733 9
44403 732 9
44404 732 9
44405 733 10
44406 735 10
44407 740 10
44408 740 10
44409 741 10
44410 742 10
44411 744 10
44412 743 10
44413 743 10
44414 744 10
44415 745 10
44416 747 10
44417 749 10
44418 749 10
44419 751 10
44420 750 10
44421 752 10
44422 756 10
44423 757 10
44424 758 10
44425 760 10
44426 762 10
44427 763 10
44428 764 10
44429 765 10
44430 765 10
44431 766 10
44432 768 10
44433 771 10
44434 772 10
44435 772 10
44436 773 10
44437 774 10
44438 775 10
44439 777 10
44440 778 10
44441 778 10
44442 779 10
44443 781 10
44444 783 10
44445 784 10
44446 784 10
44447 786 10
44448 786 10
44449 787 10
44450 790 10
44451 791 10
44452 792 10
44453 794 10
44454 796 10
44455 796 10
44456 796 10
44457 797 10
44458 797 10
44459 798 10
44460 799 10
44461 800 10
44462 800 11
44463 801 11
44464 802 11
44465 803 11
44466 804 11
44467 806 11
44468 806 11
44469 806 12
44470 807 13
44471 811 13
44472 818 13
44473 830 13
44474 833 15
44475 855 15
44476 854 15
44477 861 15
44478 862 15
44479 861 16
44480 863 16
44481 862 16
44482 863 16
44483 863 16
44484 864 16
44485 863 17
44486 859 16
44487 860 16
44488 852 16
44489 858 16
44490 858 16
44491 857 16
44492 859 16
44493 858 16
44494 857 16
44495 864 16
44496 867 16
44497 867 16
44498 866 16
44499 866 16
44500 866 16
44501 867 16
44502 866 16
44503 865 17
44504 855 18
44505 859 18
44506 862 18
44507 872 18
44508 872 18
44509 871 18
44510 871 18
44511 873 18
44512 874 18
44513 873 18
44514 874 18
44515 874 18
44516 854 18
44517 871 18
44518 871 18
44519 872 18
44520 873 18
44521 873 18
44522 874 18
44523 874 18
44524 874 18
44525 872 18
44526 874 18
44527 0 2
44528 1 2
44529 3 1
44530 4 1
44531 5 1
44532 7 1
44533 8 1
44534 13 1
44535 17 1
44536 28 1
44537 39 1
44538 51 1
44539 57 1
44540 79 1
44541 92 2
44542 101 4
44543 123 2
44544 152 2
44545 159 3
44546 190 3
44547 220 3
44548 243 3
44549 248 4
44550 262 4
44551 277 5
44552 292 5
44553 304 5
44554 319 5
44555 324 5
44556 338 5
44557 352 5
44558 360 5
44559 374 5
44560 382 5
44561 392 6
44562 399 6
44563 419 7
44564 426 7
44565 445 7
44566 452 6
44567 463 6
44568 482 6
44569 484 7
44570 500 7
44571 509 7
44572 527 8
44573 538 8
44574 551 8
44575 580 9
44576 585 9
44577 670 3
44578 671 5
44579 1 0
44580 2 0
44581 4 0
44582 5 0
44583 6 0
44584 7 0
44585 8 0
44586 9 0
44587 12 0
44588 16 0
44589 17 0
44590 19 0
44591 22 0
44592 25 0
44593 26 0
44594 30 0
44595 32 0
44596 36 0
44597 39 0
44598 44 0
44599 53 0
44600 60 0
44601 67 0
44602 72 0
44603 79 0
44604 86 0
44605 94 1
44606 100 1
44607 108 1
44608 115 1
44609 127 1
44610 135 1
44611 142 1
44612 146 1
44613 154 1
44614 159 3
44615 176 1
44616 182 1
44617 194 1
44618 206 1
44619 218 1
44620 223 2
44621 238 1
44622 243 1
44623 247 2
44624 247 3
44625 257 3
44626 263 3
44627 270 3
44628 279 3
44629 296 3
44630 306 3
44631 306 4
44632 310 5
44633 314 5
44634 324 5
44635 333 5
44636 348 5
44637 352 5
44638 356 6
44639 368 6
44640 373 5
44641 375 5
44642 383 5
44643 395 5
44644 409 6
44645 415 6
44646 431 6
44647 439 6
44648 439 6
44649 455 6
44650 454 7
44651 472 7
44652 476 8
44653 494 8
44654 505 8
44655 518 8
44656 531 8
44657 546 8
44658 551 9
44659 559 10
44660 567 10
44661 591 10
44662 614 10
44663 665 2
44664 665 6
44665 0 1
44666 1 1
44667 3 1
44668 6 1
44669 8 1
44670 13 1
44671 18 1
44672 24 1
44673 29 1
44674 32 1
44675 37 1
44676 42 1
44677 51 1
44678 64 1
44679 70 1
44680 79 1
44681 92 1
44682 98 1
44683 109 1
44684 122 1
44685 132 1
44686 139 1
44687 155 1
44688 162 1
44689 165 2
44690 201 1
44691 237 1
44692 251 2
44693 286 1
44694 306 1
44695 320 1
44696 331 2
44697 342 3
44698 356 4
44699 356 5
44700 375 5
44701 396 5
44702 420 4
44703 433 7
44704 452 7
44705 462 8
44706 486 8
44707 507 8
44708 580 4
44709 581 7
44710 581 9
44711 582 10
44712 593 10
44713 601 10
44714 615 10
44715 623 10
44716 632 10
44717 636 10
44718 641 10
44719 647 10
44720 650 10
44721 688 11
44722 722 11
44723 762 11
44724 768 11
44725 770 11
44726 770 11
44727 773 11
44728 776 11
44729 777 11
44730 778 11
44731 783 11
44732 785 11
44733 785 11
44734 786 11
44735 787 11
44736 790 11
44737 790 11
44738 792 11
44739 792 12
44740 791 12
44741 790 12
44742 792 12
44743 794 12
44744 797 12
44745 797 12
44746 798 12
44747 798 12
44748 798 12
44749 800 12
44750 800 13
44751 801 13
44752 802 13
44753 803 13
44754 805 13
44755 806 13
44756 808 13
44757 807 13
44758 807 13
44759 808 13
44760 808 13
44761 809 13
44762 812 13
44763 811 13
44764 810 13
44765 810 12
44766 812 12
44767 817 12
44768 821 12
44769 823 12
44770 823 12
44771 824 12
44772 824 12
44773 827 12
44774 828 12
44775 830 13
44776 832 13
44777 833 13
44778 833 14
44779 835 14
44780 836 14
44781 836 15
44782 836 15
44783 841 17
44784 841 17
44785 850 17
44786 854 17
44787 861 17
44788 863 18
44789 868 18
44790 869 18
44791 864 18
44792 872 18
44793 875 18
44794 876 18
44795 873 18
44796 870 18
44797 870 18
44798 871 18
44799 872 18
44800 873 18
44801 873 18
44802 873 18
44803 873 18
44804 856 18
44805 872 18
44806 868 18
44807 869 18
44808 872 18
44809 874 18
44810 0 2
44811 237 2
44812 247 4
44813 283 5
44814 357 7
44815 487 8
44816 542 8
44817 616 8
44818 655 9
44819 735 9
44820 740 9
44821 740 9
44822 742 9
44823 745 10
44824 746 10
44825 748 10
44826 749 10
44827 749 10
44828 749 10
44829 751 10
44830 753 9
44831 756 9
44832 756 9
44833 758 9
44834 759 9
44835 759 9
44836 761 9
44837 762 9
44838 764 9
44839 764 9
44840 764 9
44841 764 9
44842 766 9
44843 766 9
44844 766 9
44845 765 10
44846 769 10
44847 772 10
44848 772 10
44849 773 10
44850 773 10
44851 775 10
44852 777 10
44853 778 10
44854 777 10
44855 777 10
44856 778 10
44857 778 10
44858 780 10
44859 780 10
44860 783 10
44861 784 10
44862 785 10
44863 787 10
44864 787 10
44865 788 10
44866 788 10
44867 789 10
44868 790 10
44869 790 10
44870 789 10
44871 789 10
44872 790 10
44873 790 10
44874 790 10
44875 790 10
44876 789 10
44877 789 10
44878 789 10
44879 789 10
44880 791 10
44881 792 10
44882 792 10
44883 794 10
44884 796 11
44885 798 11
44886 799 11
44887 800 11
44888 800 11
44889 801 11
44890 801 11
44891 801 11
44892 802 11
44893 802 11
44894 802 11
44895 803 11
44896 803 11
44897 803 11
44898 803 11
44899 803 11
44900 803 11
44901 803 11
44902 804 11
44903 804 11
44904 804 11
44905 804 11
44906 805 11
44907 806 11
44908 806 11
44909 806 11
44910 806 11
44911 806 11
44912 808 11
44913 813 12
44914 823 13
44915 829 14
44916 842 15
44917 848 16
44918 848 16
44919 849 17
44920 851 17
44921 856 17
44922 862 17
44923 874 17
44924 878 17
44925 871 17
44926 880 17
44927 879 17
44928 875 17
44929 877 17
44930 877 17
44931 877 17
44932 880 17
44933 880 17
44934 880 17
44935 881 17
44936 881 17
44937 880 17
44938 880 17
44939 880 17
44940 879 17
44941 881 17
44942 878 17
44943 880 17
44944 880 17
44945 880 17
44946 880 17
44947 879 18
44948 881 18
44949 878 18
44950 876 18
44951 880 18
44952 881 18
44953 880 18
44954 881 18
44955 878 17
44956 880 17
44957 880 17
44958 880 17
44959 880 17
44960 880 17
44961 880 17
44962 880 17
44963 880 17
44964 880 17
44965 880 17
44966 880 17
44967 880 17
44968 880 17
44969 881 17
44970 880 17
44971 880 17
44972 0 0
44973 0 1
44974 0 2
44975 0 3
44976 1 3
44977 5 3
44978 8 3
44979 42 3
44980 69 3
44981 163 4
44982 301 4
44983 327 4
44984 364 6
44985 382 7
44986 415 7
44987 435 8
44988 463 8
44989 480 8
44990 480 9
44991 492 9
44992 522 9
44993 535 9
44994 551 9
44995 561 9
44996 564 9
44997 576 9
44998 583 9
44999 587 9
45000 592 9
45001 593 9
45002 594 9
45003 597 9
45004 602 9
45005 602 9
45006 608 9
45007 613 9
45008 619 9
45009 628 9
45010 636 9
45011 638 9
45012 643 9
45013 646 9
45014 648 9
45015 652 9
45016 657 9
45017 660 9
45018 699 9
45019 701 9
45020 704 9
45021 710 9
45022 715 9
45023 722 9
45024 722 10
45025 723 10
45026 724 10
45027 725 10
45028 729 10
45029 730 10
45030 730 10
45031 732 10
45032 733 10
45033 735 11
45034 736 11
45035 737 11
45036 738 11
45037 739 11
45038 741 11
45039 741 11
45040 741 11
45041 743 11
45042 745 11
45043 746 11
45044 747 11
45045 748 11
45046 749 11
45047 749 11
45048 751 12
45049 752 12
45050 752 12
45051 753 12
45052 753 12
45053 755 12
45054 755 12
45055 755 12
45056 755 12
45057 755 12
45058 755 12
45059 755 12
45060 757 12
45061 757 12
45062 757 12
45063 759 12
45064 760 12
45065 761 12
45066 761 12
45067 762 12
45068 762 12
45069 762 12
45070 763 12
45071 763 12
45072 766 12
45073 768 12
45074 768 12
45075 768 12
45076 767 12
45077 768 12
45078 770 12
45079 770 12
45080 770 12
45081 772 12
45082 773 12
45083 773 12
45084 773 12
45085 774 12
45086 780 13
45087 789 13
45088 791 13
45089 795 13
45090 796 13
45091 799 14
45092 801 14
45093 803 14
45094 805 15
45095 804 15
45096 809 15
45097 810 15
45098 812 16
45099 814 16
45100 814 16
45101 817 16
45102 818 17
45103 819 18
45104 819 18
45105 820 18
45106 821 18
45107 826 18
45108 828 18
45109 832 18
45110 833 18
45111 835 18
45112 837 18
45113 838 18
45114 838 18
45115 839 18
45116 839 18
45117 840 18
45118 841 18
45119 842 18
45120 844 18
45121 846 18
45122 854 18
45123 853 18
45124 858 18
45125 858 18
45126 865 18
45127 866 18
45128 868 18
45129 868 18
45130 868 18
45131 868 18
45132 868 18
45133 868 18
45134 868 18
45135 868 18
45136 869 18
45137 859 18
45138 870 18
45139 871 18
45140 871 18
45141 872 18
45142 873 18
45143 871 18
45144 871 18
45145 871 18
45146 871 18
45147 869 18
45148 869 18
45149 868 18
45150 869 17
45151 867 17
45152 868 17
45153 870 17
45154 869 17
45155 870 17
45156 868 17
45157 869 17
45158 869 17
45159 864 17
45160 870 17
45161 870 17
45162 870 17
45163 871 17
45164 865 17
45165 867 17
45166 868 17
45167 868 17
45168 868 17
45169 868 17
45170 867 17
45171 867 17
45172 867 17
45173 866 17
45174 841 17
45175 864 16
45176 864 17
45177 862 17
45178 862 17
45179 857 17
45180 863 17
45181 861 17
45182 864 17
45183 857 17
45184 861 17
45185 862 17
45186 853 17
45187 860 17
45188 862 17
45189 860 17
45190 858 16
45191 860 16
45192 860 16
45193 860 16
45194 0 0
45195 0 1
45196 71 2
45197 485 2
45198 484 3
45199 491 5
45200 503 6
45201 509 8
45202 557 9
45203 566 9
45204 571 9
45205 576 9
45206 658 9
45207 667 10
45208 677 10
45209 683 10
45210 691 10
45211 697 10
45212 709 10
45213 771 10
45214 804 9
45215 811 9
45216 813 10
45217 821 10
45218 830 11
45219 834 11
45220 840 11
45221 843 11
45222 844 11
45223 843 11
45224 843 11
45225 843 11
45226 842 11
45227 843 11
45228 845 11
45229 845 11
45230 846 11
45231 847 11
45232 848 11
45233 850 11
45234 850 12
45235 850 12
45236 850 14
45237 850 14
45238 850 14
45239 850 14
45240 850 14
45241 850 14
45242 850 14
45243 853 14
45244 854 14
45245 854 14
45246 854 14
45247 854 14
45248 856 14
45249 856 14
45250 856 14
45251 856 14
45252 858 14
45253 859 14
45254 858 14
45255 859 14
45256 859 15
45257 859 15
45258 862 15
45259 864 15
45260 864 15
45261 863 15
45262 864 15
45263 864 16
45264 864 17
45265 867 17
45266 867 17
45267 869 17
45268 876 17
45269 879 17
45270 880 17
45271 880 17
45272 881 17
45273 883 17
45274 877 17
45275 879 17
45276 877 18
45277 882 18
45278 882 18
45279 883 18
45280 883 18
45281 882 17
45282 882 17
45283 884 17
45284 884 17
45285 885 17
45286 886 17
45287 883 17
45288 889 17
45289 890 17
45290 887 17
45291 888 17
45292 885 17
45293 886 17
45294 886 17
45295 887 17
45296 885 17
45297 889 16
45298 0 2
45299 1 2
45300 2 2
45301 4 3
45302 9 3
45303 13 3
45304 17 3
45305 28 3
45306 36 3
45307 46 3
45308 63 1
45309 77 1
45310 86 1
45311 86 3
45312 161 5
45313 321 5
45314 377 5
45315 392 4
45316 413 4
45317 429 5
45318 449 5
45319 453 6
45320 463 7
45321 490 8
45322 495 9
45323 575 9
45324 606 9
45325 613 9
45326 613 10
45327 627 10
45328 646 10
45329 657 10
45330 663 10
45331 665 11
45332 669 11
45333 675 11
45334 683 11
45335 685 11
45336 690 11
45337 692 11
45338 694 11
45339 698 11
45340 701 11
45341 701 11
45342 704 11
45343 706 11
45344 713 11
45345 714 11
45346 719 11
45347 726 11
45348 729 11
45349 730 11
45350 730 11
45351 733 11
45352 734 11
45353 735 11
45354 736 11
45355 736 11
45356 737 11
45357 736 11
45358 736 11
45359 741 11
45360 744 11
45361 745 11
45362 746 11
45363 746 11
45364 746 11
45365 748 11
45366 750 11
45367 750 11
45368 751 11
45369 753 11
45370 753 11
45371 752 11
45372 752 12
45373 754 12
45374 754 12
45375 754 12
45376 754 12
45377 755 12
45378 756 12
45379 757 12
45380 760 12
45381 761 12
45382 764 13
45383 767 13
45384 771 13
45385 779 13
45386 785 13
45387 785 13
45388 786 13
45389 788 14
45390 788 14
45391 789 14
45392 792 14
45393 793 14
45394 793 14
45395 794 14
45396 794 14
45397 794 14
45398 795 14
45399 796 14
45400 797 14
45401 797 14
45402 798 14
45403 799 14
45404 800 14
45405 802 14
45406 803 14
45407 803 14
45408 807 14
45409 810 14
45410 812 14
45411 815 14
45412 815 14
45413 816 14
45414 820 14
45415 823 14
45416 826 14
45417 827 14
45418 827 15
45419 829 15
45420 829 16
45421 832 15
45422 834 15
45423 836 15
45424 837 15
45425 838 15
45426 840 15
45427 840 15
45428 841 15
45429 842 15
45430 845 15
45431 845 15
45432 847 15
45433 847 16
45434 848 16
45435 850 16
45436 850 16
45437 853 16
45438 855 16
45439 854 17
45440 860 17
45441 864 17
45442 863 18
45443 860 17
45444 863 17
45445 866 18
45446 843 19
45447 859 17
45448 860 17
45449 861 18
45450 866 17
45451 867 17
45452 867 17
45453 868 17
45454 866 18
45455 864 17
45456 866 18
45457 867 18
45458 860 18
45459 863 18
45460 860 18
45461 862 18
45462 863 18
45463 863 18
45464 863 18
45465 865 18
45466 865 18
45467 865 18
45468 866 18
45469 866 19
45470 866 20
45471 852 20
45472 863 20
45473 864 20
45474 865 20
45475 867 20
45476 867 20
45477 867 20
45478 864 20
45479 868 21
45480 869 21
45481 866 21
45482 869 20
45483 869 21
45484 869 21
45485 869 21
45486 870 21
45487 869 21
45488 868 21
45489 867 21
45490 869 21
45491 869 21
45492 867 21
45493 867 21
45494 0 2
45495 0 4
45496 1 4
45497 2 4
45498 4 4
45499 6 4
45500 7 4
45501 8 4
45502 9 4
45503 13 4
45504 20 4
45505 27 4
45506 38 4
45507 51 4
45508 68 4
45509 91 4
45510 112 4
45511 127 4
45512 154 4
45513 179 4
45514 212 2
45515 230 2
45516 249 1
45517 256 2
45518 260 3
45519 270 5
45520 283 5
45521 295 5
45522 299 6
45523 300 6
45524 309 6
45525 317 6
45526 328 6
45527 331 6
45528 333 6
45529 345 6
45530 355 6
45531 365 6
45532 369 6
45533 375 5
45534 376 5
45535 375 7
45536 380 7
45537 394 7
45538 401 7
45539 411 6
45540 429 6
45541 448 7
45542 457 8
45543 470 8
45544 485 8
45545 488 9
45546 505 9
45547 510 10
45548 521 11
45549 531 11
45550 539 11
45551 543 13
45552 568 13
45553 587 13
45554 601 13
45555 622 13
45556 636 13
45557 646 13
45558 657 13
45559 663 13
45560 674 13
45561 680 13
45562 680 13
45563 681 13
45564 681 13
45565 681 13
45566 683 13
45567 684 13
45568 684 13
45569 684 13
45570 685 13
45571 685 13
45572 685 13
45573 685 13
45574 685 13
45575 685 13
45576 685 13
45577 685 13
45578 685 13
45579 686 13
45580 687 13
45581 687 13
45582 687 13
45583 687 13
45584 688 13
45585 689 13
45586 689 13
45587 689 13
45588 690 13
45589 691 13
45590 691 13
45591 691 13
45592 691 13
45593 691 13
45594 691 13
45595 691 13
45596 692 13
45597 692 13
45598 692 13
45599 692 13
45600 692 13
45601 692 13
45602 692 13
45603 692 13
45604 692 13
45605 693 13
45606 693 13
45607 692 13
45608 692 13
45609 693 13
45610 693 13
45611 693 13
45612 692 13
45613 693 13
45614 693 13
45615 694 13
45616 694 13
45617 694 13
45618 693 13
45619 694 13
45620 694 13
45621 694 13
45622 694 13
45623 694 13
45624 694 13
45625 694 13
45626 696 13
45627 696 14
45628 699 14
45629 699 14
45630 699 14
45631 700 14
45632 701 14
45633 701 14
45634 702 14
45635 702 14
45636 703 14
45637 705 14
45638 705 14
45639 708 14
45640 731 14
45641 736 14
45642 748 14
45643 749 14
45644 748 14
45645 751 14
45646 753 15
45647 754 15
45648 757 15
45649 760 15
45650 764 15
45651 767 15
45652 769 15
45653 769 16
45654 781 16
45655 781 16
45656 780 16
45657 781 16
45658 781 16
45659 782 16
45660 786 16
45661 789 16
45662 790 16
45663 793 16
45664 794 16
45665 799 16
45666 797 16
45667 802 16
45668 803 16
45669 806 16
45670 810 16
45671 811 17
45672 813 17
45673 819 17
45674 820 18
45675 821 19
45676 824 20
45677 826 20
45678 826 20
45679 826 20
45680 827 20
45681 828 20
45682 828 20
45683 829 20
45684 830 20
45685 832 20
45686 833 20
45687 833 20
45688 835 20
45689 837 20
45690 840 20
45691 840 20
45692 840 21
45693 842 21
45694 844 21
45695 845 21
45696 847 21
45697 846 21
45698 847 21
45699 846 21
45700 849 21
45701 813 21
45702 836 20
45703 841 21
45704 847 21
45705 848 21
45706 835 21
45707 850 19
45708 851 20
45709 851 21
45710 851 21
45711 849 21
45712 845 21
45713 847 21
45714 849 21
45715 848 21
45716 851 20
45717 853 21
45718 854 21
45719 857 19
45720 858 20
45721 858 21
45722 856 21
45723 853 21
45724 855 20
45725 857 20
45726 854 20
45727 857 20
45728 856 21
45729 856 22
45730 854 21
45731 856 21
45732 859 21
45733 859 21
45734 858 21
45735 856 21
45736 858 21
45737 853 21
45738 859 21
45739 859 21
45740 859 21
45741 855 21
45742 856 21
45743 864 21
45744 859 21
45745 863 21
45746 863 21
45747 863 21
45748 863 21
45749 863 21
45750 863 21
45751 857 21
45752 864 21
45753 862 21
45754 865 21
45755 867 21
45756 869 21
45757 868 21
45758 868 21
45759 868 21
45760 869 21
45761 868 21
45762 869 21
45763 869 21
45764 869 21
45765 865 22
45766 868 22
45767 867 22
45768 869 22
45769 869 21
45770 869 21
45771 867 21
45772 867 20
45773 861 20
45774 0 0
45775 0 2
45776 0 3
45777 0 3
45778 0 4
45779 1 4
45780 2 4
45781 3 4
45782 4 4
45783 5 5
45784 6 5
45785 7 5
45786 8 5
45787 10 5
45788 11 5
45789 12 5
45790 14 5
45791 16 5
45792 23 5
45793 38 5
45794 51 5
45795 69 5
45796 90 5
45797 119 5
45798 148 5
45799 183 5
45800 234 4
45801 255 5
45802 288 5
45803 298 6
45804 310 7
45805 325 9
45806 342 9
45807 355 8
45808 363 8
45809 371 8
45810 388 8
45811 407 8
45812 422 8
45813 426 9
45814 436 10
45815 448 10
45816 450 9
45817 458 11
45818 474 10
45819 484 11
45820 500 11
45821 532 11
45822 537 7
45823 536 9
45824 540 12
45825 578 12
45826 587 13
45827 598 13
45828 615 13
45829 626 13
45830 636 13
45831 644 13
45832 646 13
45833 648 13
45834 651 13
45835 654 13
45836 656 13
45837 662 13
45838 667 13
45839 671 13
45840 674 13
45841 676 13
45842 678 13
45843 679 13
45844 678 13
45845 681 13
45846 684 13
45847 685 13
45848 686 13
45849 691 14
45850 709 14
45851 717 14
45852 726 14
45853 736 14
45854 749 14
45855 750 14
45856 754 14
45857 755 14
45858 755 14
45859 756 14
45860 758 14
45861 760 14
45862 762 14
45863 763 14
45864 764 14
45865 768 14
45866 771 14
45867 775 14
45868 777 14
45869 778 15
45870 781 15
45871 783 15
45872 787 15
45873 797 16
45874 803 16
45875 815 16
45876 815 17
45877 824 17
45878 834 18
45879 842 19
45880 847 19
45881 847 20
45882 848 20
45883 854 20
45884 856 21
45885 857 21
45886 842 21
45887 856 21
45888 863 21
45889 863 21
45890 861 21
45891 863 21
45892 814 22
45893 0 0
45894 0 1
45895 0 2
45896 0 2
45897 0 4
45898 2 5
45899 20 5
45900 39 5
45901 69 5
45902 103 5
45903 170 5
45904 211 7
45905 302 5
45906 344 5
45907 355 5
45908 355 7
45909 360 9
45910 378 8
45911 401 8
45912 431 7
45913 437 7
45914 435 6
45915 438 6
45916 442 8
45917 457 8
45918 459 8
45919 461 8
45920 475 8
45921 472 8
45922 482 8
45923 491 8
45924 491 8
45925 491 8
45926 498 7
45927 504 7
45928 540 8
45929 541 9
45930 555 9
45931 565 10
45932 626 12
45933 642 13
45934 666 13
45935 680 13
45936 700 13
45937 712 13
45938 724 13
45939 732 13
45940 736 13
45941 739 13
45942 742 13
45943 746 13
45944 748 14
45945 754 14
45946 757 14
45947 759 14
45948 768 14
45949 794 14
45950 794 14
45951 796 14
45952 796 14
45953 796 14
45954 796 14
45955 799 14
45956 804 14
45957 805 14
45958 804 14
45959 804 15
45960 806 15
45961 807 15
45962 809 15
45963 810 15
45964 812 15
45965 813 15
45966 814 15
45967 815 15
45968 815 16
45969 817 16
45970 817 16
45971 818 16
45972 819 16
45973 821 16
45974 822 17
45975 824 17
45976 825 17
45977 824 17
45978 824 17
45979 824 17
45980 825 17
45981 827 17
45982 829 17
45983 830 17
45984 834 17
45985 836 17
45986 837 17
45987 842 17
45988 850 18
45989 856 19
45990 858 19
45991 863 20
45992 856 20
45993 856 20
45994 859 20
45995 859 19
45996 859 20
45997 861 20
45998 861 20
45999 865 20
46000 865 20
46001 860 20
46002 861 20
46003 860 21
46004 863 21
46005 863 21
46006 862 21
46007 861 21
46008 862 21
46009 862 21
46010 863 21
46011 863 21
46012 864 21
46013 864 21
46014 858 21
46015 866 21
46016 866 21
46017 866 21
46018 866 21
46019 866 21
46020 864 21
46021 865 21
46022 867 22
46023 868 22
46024 869 22
46025 868 22
46026 866 22
46027 865 22
46028 866 22
46029 865 22
46030 850 22
46031 863 22
46032 863 22
46033 865 22
46034 865 22
46035 865 22
46036 865 22
46037 864 22
46038 865 22
46039 864 22
46040 865 21
46041 865 21
46042 865 21
46043 866 21
46044 0 1
46045 0 2
46046 3 5
46047 8 5
46048 55 5
46049 443 5
46050 453 7
46051 458 8
46052 542 8
46053 547 7
46054 550 7
46055 553 7
46056 563 7
46057 570 7
46058 592 7
46059 634 4
46060 634 9
46061 668 9
46062 693 11
46063 713 12
46064 771 12
46065 783 13
46066 797 13
46067 807 13
46068 814 13
46069 820 13
46070 825 13
46071 836 13
46072 840 13
46073 840 13
46074 840 13
46075 843 13
46076 843 13
46077 845 13
46078 846 13
46079 848 13
46080 850 13
46081 853 13
46082 853 13
46083 853 13
46084 856 13
46085 857 13
46086 858 13
46087 861 13
46088 863 13
46089 863 13
46090 864 13
46091 866 13
46092 868 13
46093 869 13
46094 872 13
46095 872 14
46096 872 15
46097 873 15
46098 875 15
46099 875 15
46100 879 15
46101 880 17
46102 890 17
46103 893 18
46104 897 19
46105 897 20
46106 899 20
46107 896 20
46108 898 20
46109 897 20
46110 897 20
46111 901 20
46112 901 20
46113 895 20
46114 0 0
46115 0 1
46116 0 2
46117 0 3
46118 0 5
46119 0 6
46120 1 6
46121 4 5
46122 8 5
46123 14 5
46124 18 5
46125 30 5
46126 35 5
46127 40 5
46128 54 5
46129 71 5
46130 90 5
46131 94 4
46132 94 5
46133 106 5
46134 128 5
46135 163 5
46136 187 5
46137 220 5
46138 244 5
46139 266 5
46140 287 6
46141 304 7
46142 319 6
46143 328 7
46144 339 7
46145 350 8
46146 368 6
46147 370 7
46148 380 7
46149 391 7
46150 392 7
46151 399 7
46152 406 7
46153 411 7
46154 416 7
46155 417 7
46156 422 6
46157 425 6
46158 429 6
46159 439 6
46160 440 7
46161 448 7
46162 464 7
46163 475 8
46164 478 9
46165 499 11
46166 608 11
46167 625 13
46168 651 13
46169 658 13
46170 672 13
46171 693 13
46172 694 13
46173 698 13
46174 701 13
46175 704 13
46176 705 14
46177 714 14
46178 718 14
46179 719 14
46180 725 14
46181 728 14
46182 731 14
46183 736 14
46184 741 14
46185 777 15
46186 780 15
46187 784 15
46188 792 15
46189 794 15
46190 798 15
46191 798 15
46192 800 15
46193 802 15
46194 804 15
46195 805 15
46196 806 15
46197 807 15
46198 807 15
46199 810 15
46200 812 15
46201 814 17
46202 817 17
46203 820 17
46204 822 17
46205 835 17
46206 842 17
46207 850 17
46208 850 18
46209 854 18
46210 855 18
46211 857 18
46212 858 19
46213 857 19
46214 863 19
46215 866 19
46216 866 19
46217 867 19
46218 868 19
46219 868 19
46220 867 19
46221 868 19
46222 866 19
46223 862 19
46224 857 20
46225 867 20
46226 866 20
46227 865 20
46228 866 20
46229 866 20
46230 867 20
46231 868 20
46232 869 20
46233 865 20
46234 872 19
46235 872 20
46236 873 20
46237 871 20
46238 870 20
46239 871 20
46240 870 20
46241 872 20
46242 874 20
46243 874 20
46244 874 20
46245 867 21
46246 870 18
46247 870 18
46248 870 18
46249 872 18
46250 873 18
46251 873 19
46252 873 19
46253 872 19
46254 0 1
46255 0 2
46256 0 4
46257 1 5
46258 2 7
46259 3 7
46260 4 7
46261 5 7
46262 6 7
46263 7 6
46264 9 6
46265 20 6
46266 32 6
46267 54 6
46268 91 6
46269 123 6
46270 168 6
46271 174 6
46272 180 7
46273 225 5
46274 229 6
46275 278 8
46276 316 8
46277 344 7
46278 356 8
46279 379 8
46280 381 8
46281 383 10
46282 406 10
46283 422 10
46284 427 10
46285 433 10
46286 438 10
46287 442 10
46288 445 10
46289 451 7
46290 449 8
46291 449 9
46292 512 9
46293 552 10
46294 635 10
46295 700 10
46296 704 11
46297 749 11
46298 765 12
46299 780 13
46300 810 13
46301 811 13
46302 811 13
46303 811 13
46304 812 13
46305 813 13
46306 813 13
46307 814 13
46308 815 13
46309 816 13
46310 816 13
46311 816 13
46312 816 13
46313 818 13
46314 819 13
46315 820 13
46316 820 13
46317 823 13
46318 823 13
46319 823 13
46320 823 13
46321 826 13
46322 826 13
46323 827 13
46324 827 12
46325 828 12
46326 828 12
46327 828 12
46328 828 12
46329 828 12
46330 829 12
46331 830 12
46332 830 12
46333 829 12
46334 831 12
46335 834 12
46336 835 12
46337 835 12
46338 835 13
46339 835 13
46340 836 13
46341 837 13
46342 837 13
46343 838 13
46344 839 13
46345 839 14
46346 842 14
46347 844 14
46348 847 14
46349 847 15
46350 850 15
46351 853 15
46352 857 15
46353 873 15
46354 873 15
46355 876 15
46356 878 15
46357 879 16
46358 879 17
46359 878 17
46360 878 18
46361 876 18
46362 877 18
46363 878 18
46364 874 18
46365 880 18
46366 880 18
46367 880 18
46368 880 19
46369 881 19
46370 878 20
46371 880 19
46372 881 20
46373 880 20
46374 879 20
46375 883 20
46376 883 20
46377 882 21
46378 883 20
46379 886 20
46380 886 20
46381 880 20
46382 878 20
46383 879 20
46384 879 20
46385 878 20
46386 877 20
46387 874 20
46388 874 20
46389 876 20
46390 876 20
46391 876 21
46392 873 20
46393 876 20
46394 870 20
46395 875 20
46396 875 21
46397 878 21
46398 878 21
46399 879 21
46400 879 21
46401 869 22
46402 879 21
46403 877 22
46404 879 22
46405 876 23
46406 877 22
46407 872 22
46408 877 22
46409 875 22
46410 0 3
46411 4 3
46412 13 5
46413 364 5
46414 387 7
46415 464 7
46416 474 9
46417 537 8
46418 563 10
46419 591 9
46420 591 10
46421 596 10
46422 622 11
46423 665 12
46424 666 13
46425 739 12
46426 742 13
46427 754 13
46428 757 13
46429 766 13
46430 769 13
46431 775 13
46432 781 13
46433 784 13
46434 789 14
46435 792 14
46436 793 14
46437 794 14
46438 802 14
46439 806 14
46440 824 15
46441 826 16
46442 833 16
46443 834 17
46444 844 17
46445 849 17
46446 849 18
46447 852 18
46448 852 18
46449 852 18
46450 854 18
46451 856 18
46452 857 18
46453 858 18
46454 859 18
46455 859 18
46456 862 18
46457 862 18
46458 863 18
46459 864 18
46460 865 18
46461 866 18
46462 868 18
46463 869 18
46464 872 18
46465 872 19
46466 873 19
46467 877 19
46468 877 19
46469 877 20
46470 877 20
46471 884 20
46472 884 20
46473 883 20
46474 881 20
46475 882 21
46476 870 21
46477 881 21
46478 882 21
46479 885 21
46480 885 21
46481 887 21
46482 890 21
46483 890 21
46484 890 21
46485 890 21
46486 890 21
46487 886 21
46488 888 21
46489 886 21
46490 879 21
46491 883 21
46492 884 21
46493 883 21
46494 884 21
46495 880 21
46496 881 21
46497 881 21
46498 882 21
46499 878 21
46500 877 21
46501 878 21
46502 857 21
46503 872 20
46504 875 20
46505 876 20
46506 877 20
46507 877 20
46508 877 20
46509 879 20
46510 880 20
46511 0 0
46512 0 1
46513 1 1
46514 4 1
46515 5 1
46516 9 1
46517 12 1
46518 14 1
46519 16 1
46520 18 1
46521 21 1
46522 27 1
46523 34 1
46524 39 1
46525 41 1
46526 45 1
46527 52 1
46528 59 1
46529 65 1
46530 70 1
46531 77 1
46532 85 1
46533 94 1
46534 99 1
46535 112 1
46536 120 1
46537 130 1
46538 137 1
46539 152 1
46540 156 2
46541 165 2
46542 173 2
46543 186 2
46544 196 2
46545 208 2
46546 219 2
46547 228 2
46548 239 2
46549 248 2
46550 256 2
46551 269 2
46552 277 2
46553 282 2
46554 289 2
46555 296 3
46556 300 3
46557 309 4
46558 314 5
46559 327 5
46560 330 5
46561 333 5
46562 340 6
46563 346 6
46564 354 7
46565 360 7
46566 366 6
46567 365 6
46568 368 7
46569 386 6
46570 393 6
46571 405 5
46572 405 6
46573 417 6
46574 419 7
46575 433 5
46576 676 4
46577 677 6
46578 679 7
46579 682 10
46580 703 12
46581 775 13
46582 786 14
46583 856 14
46584 859 15
46585 860 16
46586 865 16
46587 865 16
46588 866 16
46589 866 16
46590 867 16
46591 868 16
46592 868 16
46593 869 16
46594 869 16
46595 869 16
46596 870 16
46597 870 16
46598 870 16
46599 872 16
46600 872 16
46601 872 16
46602 872 16
46603 872 16
46604 872 16
46605 873 16
46606 874 16
46607 876 16
46608 876 16
46609 877 16
46610 877 16
46611 877 16
46612 877 16
46613 877 16
46614 878 16
46615 878 16
46616 880 16
46617 880 16
46618 880 16
46619 880 16
46620 881 17
46621 883 17
46622 886 17
46623 887 18
46624 892 18
46625 897 19
46626 901 19
46627 904 19
46628 908 19
46629 908 19
46630 908 20
46631 910 20
46632 910 20
46633 915 21
46634 916 20
46635 908 20
46636 915 21
46637 908 21
46638 910 21
46639 910 21
46640 909 21
46641 910 21
46642 908 21
46643 904 21
46644 908 21
46645 907 21
46646 905 21
46647 908 21
46648 908 21
46649 908 21
46650 908 21
46651 909 21
46652 911 21
46653 909 21
46654 909 21
46655 910 21
46656 906 21
46657 0 0
46658 0 1
46659 1 1
46660 2 1
46661 3 1
46662 4 1
46663 6 1
46664 7 1
46665 10 1
46666 11 1
46667 13 1
46668 16 1
46669 20 1
46670 22 1
46671 24 1
46672 26 1
46673 36 1
46674 41 1
46675 47 1
46676 59 1
46677 64 1
46678 75 1
46679 92 1
46680 112 1
46681 125 2
46682 140 2
46683 150 2
46684 170 2
46685 187 2
46686 204 2
46687 228 2
46688 252 2
46689 264 2
46690 266 3
46691 281 3
46692 292 3
46693 301 3
46694 312 1
46695 312 2
46696 312 3
46697 329 4
46698 336 5
46699 354 5
46700 379 6
46701 384 6
46702 392 6
46703 398 7
46704 412 8
46705 419 8
46706 425 8
46707 430 5
46708 430 6
46709 428 5
46710 429 7
46711 433 8
46712 439 8
46713 445 11
46714 447 11
46715 453 11
46716 456 12
46717 465 12
46718 474 12
46719 477 10
46720 477 13
46721 670 14
46722 687 15
46723 696 16
46724 721 16
46725 725 16
46726 728 16
46727 733 16
46728 734 16
46729 736 17
46730 738 17
46731 740 17
46732 744 18
46733 750 18
46734 752 18
46735 757 18
46736 760 18
46737 767 18
46738 773 18
46739 782 18
46740 800 18
46741 822 18
46742 826 18
46743 832 19
46744 834 20
46745 841 20
46746 845 20
46747 847 20
46748 852 21
46749 851 21
46750 851 21
46751 855 21
46752 853 21
46753 854 21
46754 859 21
46755 856 20
46756 860 20
46757 862 20
46758 866 20
46759 865 19
46760 865 19
46761 865 19
46762 866 19
46763 0 1
46764 1 1
46765 3 1
46766 4 1
46767 7 1
46768 9 1
46769 15 1
46770 24 1
46771 25 1
46772 27 1
46773 32 1
46774 36 1
46775 40 1
46776 47 1
46777 59 1
46778 65 1
46779 76 1
46780 85 1
46781 98 1
46782 109 1
46783 119 1
46784 134 1
46785 149 1
46786 154 2
46787 163 2
46788 171 2
46789 180 2
46790 194 2
46791 204 2
46792 220 2
46793 229 2
46794 248 2
46795 266 2
46796 280 2
46797 290 2
46798 304 2
46799 304 4
46800 353 3
46801 372 4
46802 380 5
46803 393 7
46804 404 7
46805 420 7
46806 458 8
46807 480 9
46808 518 7
46809 522 10
46810 540 9
46811 551 9
46812 560 10
46813 569 11
46814 569 12
46815 608 12
46816 639 13
46817 647 13
46818 655 13
46819 669 13
46820 674 14
46821 675 15
46822 681 15
46823 687 15
46824 693 15
46825 695 15
46826 703 15
46827 730 15
46828 739 15
46829 753 15
46830 760 15
46831 763 15
46832 772 15
46833 773 15
46834 780 15
46835 782 15
46836 785 16
46837 790 16
46838 792 16
46839 808 16
46840 812 16
46841 817 16
46842 815 16
46843 824 16
46844 825 17
46845 824 18
46846 837 19
46847 840 19
46848 845 19
46849 848 19
46850 847 19
46851 850 19
46852 851 19
46853 856 19
46854 857 19
46855 857 19
46856 857 19
46857 858 19
46858 857 19
46859 856 19
46860 858 19
46861 858 19
46862 857 19
46863 861 19
46864 862 19
46865 861 19
46866 864 19
46867 864 19
46868 864 19
46869 864 19
46870 865 19
46871 864 19
46872 843 19
46873 857 19
46874 866 19
46875 865 19
46876 866 19
46877 866 19
46878 866 19
46879 866 19
46880 854 19
46881 866 19
46882 866 19
46883 863 19
46884 865 19
46885 867 19
46886 863 19
46887 866 19
46888 866 19
46889 866 19
46890 865 19
46891 873 19
46892 869 19
46893 869 19
46894 871 19
46895 871 19
46896 871 19
46897 868 19
46898 866 20
46899 869 19
46900 862 19
46901 865 19
46902 868 19
46903 867 19
46904 866 19
46905 869 19
46906 869 19
46907 868 19
46908 868 19
46909 867 19
46910 866 19
46911 867 19
46912 867 19
46913 0 0
46914 0 1
46915 0 2
46916 0 3
46917 1 3
46918 1 4
46919 3 4
46920 5 4
46921 7 4
46922 8 4
46923 10 4
46924 12 4
46925 16 4
46926 33 4
46927 44 4
46928 60 4
46929 74 4
46930 92 4
46931 111 4
46932 134 4
46933 155 4
46934 179 4
46935 208 4
46936 241 4
46937 271 4
46938 299 4
46939 309 4
46940 325 4
46941 337 4
46942 341 6
46943 354 7
46944 361 7
46945 372 7
46946 390 5
46947 392 6
46948 395 7
46949 401 7
46950 406 7
46951 414 7
46952 421 7
46953 431 7
46954 435 8
46955 444 9
46956 460 9
46957 473 9
46958 481 11
46959 506 11
46960 526 11
46961 583 7
46962 584 11
46963 623 9
46964 623 11
46965 623 12
46966 689 13
46967 705 14
46968 712 15
46969 763 15
46970 766 15
46971 767 15
46972 769 15
46973 771 15
46974 772 15
46975 776 15
46976 778 15
46977 779 15
46978 779 15
46979 781 15
46980 784 15
46981 785 15
46982 786 15
46983 786 15
46984 788 15
46985 789 15
46986 790 15
46987 790 15
46988 791 15
46989 791 15
46990 792 15
46991 792 15
46992 794 15
46993 795 15
46994 795 15
46995 796 15
46996 797 15
46997 798 15
46998 798 15
46999 798 15
47000 798 15
47001 799 15
47002 800 15
47003 800 15
47004 801 15
47005 801 15
47006 802 15
47007 811 15
47008 821 15
47009 828 15
47010 827 16
47011 833 16
47012 851 16
47013 853 17
47014 858 18
47015 865 18
47016 867 18
47017 867 18
47018 867 18
47019 872 18
47020 872 19
47021 874 19
47022 878 19
47023 878 19
47024 877 19
47025 877 19
47026 877 19
47027 877 19
47028 878 19
47029 877 19
47030 877 19
47031 875 19
47032 875 19
47033 864 19
47034 873 19
47035 876 19
47036 872 19
47037 876 19
47038 876 19
47039 876 19
47040 875 19
47041 874 19
47042 871 19
47043 870 19
47044 872 19
47045 872 19
47046 871 19
47047 873 19
47048 873 19
47049 874 19
47050 872 19
47051 871 19
47052 874 19
47053 876 20
47054 877 20
47055 871 20
47056 877 20
47057 877 20
47058 877 20
47059 877 20
47060 877 20
47061 877 20
47062 877 20
47063 878 20
47064 881 20
47065 882 20
47066 880 20
47067 0 1
47068 0 2
47069 0 3
47070 0 4
47071 2 4
47072 3 4
47073 11 4
47074 22 6
47075 34 6
47076 40 6
47077 68 6
47078 84 6
47079 105 6
47080 135 6
47081 166 6
47082 198 6
47083 225 2
47084 230 3
47085 248 5
47086 262 5
47087 281 6
47088 302 6
47089 327 6
47090 342 6
47091 366 6
47092 379 5
47093 380 6
47094 380 7
47095 405 6
47096 416 6
47097 422 7
47098 428 7
47099 434 7
47100 444 7
47101 450 9
47102 462 9
47103 472 9
47104 491 9
47105 497 10
47106 504 11
47107 529 11
47108 539 12
47109 551 12
47110 555 12
47111 563 12
47112 620 13
47113 656 13
47114 659 14
47115 666 15
47116 689 15
47117 713 15
47118 721 15
47119 728 15
47120 733 15
47121 737 15
47122 738 15
47123 742 15
47124 746 15
47125 751 15
47126 753 15
47127 755 15
47128 758 15
47129 760 15
47130 764 15
47131 765 15
47132 768 15
47133 771 15
47134 772 15
47135 775 15
47136 778 15
47137 779 15
47138 784 15
47139 784 16
47140 786 16
47141 793 16
47142 795 16
47143 800 16
47144 813 16
47145 819 16
47146 819 17
47147 845 17
47148 845 18
47149 848 18
47150 848 19
47151 849 19
47152 849 20
47153 860 20
47154 862 20
47155 863 20
47156 863 20
47157 863 20
47158 865 20
47159 865 20
47160 866 20
47161 857 20
47162 861 20
47163 866 20
47164 863 20
47165 865 20
47166 865 20
47167 853 20
47168 864 20
47169 866 20
47170 867 20
47171 866 20
47172 865 20
47173 864 21
47174 864 21
47175 859 21
47176 870 21
47177 870 21
47178 871 21
47179 871 21
47180 864 21
47181 869 21
47182 870 21
47183 871 21
47184 857 21
47185 873 21
47186 875 21
47187 875 21
47188 875 21
47189 874 21
47190 876 21
47191 876 21
47192 876 21
47193 876 21
47194 876 21
47195 874 21
47196 868 21
47197 870 21
47198 866 21
47199 869 21
47200 872 21
47201 867 21
47202 873 21
47203 875 21
47204 873 20
47205 873 20
47206 869 20
47207 870 20
47208 868 20
47209 870 20
47210 870 20
47211 871 19
47212 869 19
47213 870 19
47214 859 19
47215 0 1
47216 0 2
47217 1 3
47218 2 3
47219 4 3
47220 6 3
47221 16 3
47222 38 3
47223 63 3
47224 95 4
47225 132 4
47226 177 4
47227 218 4
47228 219 4
47229 224 6
47230 348 6
47231 385 8
47232 438 8
47233 461 8
47234 466 6
47235 470 6
47236 474 4
47237 482 4
47238 482 6
47239 487 9
47240 517 10
47241 525 11
47242 550 11
47243 565 11
47244 579 11
47245 589 11
47246 595 11
47247 607 11
47248 612 11
47249 622 11
47250 622 12
47251 627 12
47252 628 12
47253 631 13
47254 671 13
47255 673 14
47256 704 16
47257 745 16
47258 750 16
47259 759 16
47260 761 16
47261 767 16
47262 775 16
47263 777 16
47264 780 16
47265 781 16
47266 784 16
47267 786 16
47268 790 16
47269 793 16
47270 796 16
47271 798 16
47272 800 16
47273 805 16
47274 809 16
47275 810 16
47276 810 16
47277 814 16
47278 818 16
47279 821 16
47280 823 16
47281 823 16
47282 823 16
47283 824 16
47284 826 16
47285 827 16
47286 826 16
47287 826 16
47288 828 16
47289 831 16
47290 836 16
47291 844 16
47292 844 17
47293 850 18
47294 857 19
47295 863 19
47296 864 19
47297 870 19
47298 871 18
47299 871 18
47300 870 19
47301 859 19
47302 868 19
47303 863 19
47304 873 19
47305 876 19
47306 876 19
47307 876 19
47308 874 19
47309 874 19
47310 873 19
47311 874 19
47312 874 19
47313 872 19
47314 870 19
47315 870 19
47316 871 19
47317 872 19
47318 864 19
47319 872 18
47320 872 18
47321 871 19
47322 860 19
47323 868 19
47324 867 19
47325 867 18
47326 869 19
47327 865 19
47328 869 19
47329 869 18
47330 871 18
47331 871 18
47332 868 18
47333 868 18
47334 868 18
47335 869 18
47336 870 18
47337 869 18
47338 869 18
47339 869 18
47340 869 18
47341 869 18
47342 869 18
47343 863 18
47344 0 0
47345 0 1
47346 0 2
47347 1 3
47348 2 3
47349 4 3
47350 5 3
47351 6 3
47352 7 3
47353 8 3
47354 10 3
47355 15 3
47356 22 3
47357 31 3
47358 36 3
47359 50 3
47360 65 3
47361 76 3
47362 95 3
47363 104 3
47364 118 3
47365 137 3
47366 171 3
47367 184 2
47368 197 2
47369 208 2
47370 229 2
47371 241 2
47372 254 1
47373 264 1
47374 275 2
47375 290 2
47376 306 2
47377 319 3
47378 326 3
47379 335 3
47380 343 3
47381 352 3
47382 363 3
47383 370 3
47384 377 2
47385 384 2
47386 398 2
47387 400 3
47388 404 3
47389 409 3
47390 417 3
47391 422 3
47392 426 3
47393 428 4
47394 433 4
47395 434 6
47396 441 7
47397 449 11
47398 484 13
47399 521 14
47400 529 15
47401 586 15
47402 599 15
47403 602 15
47404 609 15
47405 617 15
47406 625 15
47407 629 15
47408 637 15
47409 640 15
47410 643 15
47411 648 15
47412 707 15
47413 709 15
47414 711 15
47415 723 15
47416 731 15
47417 734 15
47418 733 15
47419 737 15
47420 741 15
47421 752 15
47422 755 15
47423 759 15
47424 761 15
47425 766 15
47426 772 15
47427 772 15
47428 774 15
47429 775 15
47430 782 15
47431 782 15
47432 789 15
47433 793 15
47434 813 15
47435 813 16
47436 832 17
47437 834 18
47438 851 18
47439 852 18
47440 853 18
47441 855 18
47442 850 18
47443 851 18
47444 853 18
47445 853 18
47446 853 18
47447 853 18
47448 853 18
47449 854 18
47450 838 18
47451 849 18
47452 856 18
47453 857 18
47454 857 18
47455 858 18
47456 858 18
47457 856 18
47458 862 18
47459 862 18
47460 862 18
47461 862 18
47462 860 18
47463 863 17
47464 862 17
47465 860 17
47466 861 17
47467 825 18
47468 854 18
47469 860 17
47470 865 17
47471 871 18
47472 872 18
47473 871 18
47474 871 18
47475 871 18
47476 870 18
47477 874 18
47478 873 18
47479 869 18
47480 867 18
47481 851 19
47482 0 2
47483 0 3
47484 1 3
47485 2 4
47486 4 4
47487 5 4
47488 14 4
47489 25 4
47490 62 4
47491 115 4
47492 203 4
47493 277 4
47494 334 3
47495 348 4
47496 380 5
47497 383 5
47498 403 6
47499 416 6
47500 440 7
47501 445 7
47502 460 7
47503 464 8
47504 489 9
47505 504 10
47506 518 9
47507 552 9
47508 555 11
47509 555 12
47510 569 12
47511 582 12
47512 590 12
47513 606 12
47514 635 14
47515 640 14
47516 643 14
47517 648 14
47518 649 14
47519 652 14
47520 654 14
47521 656 14
47522 659 14
47523 661 14
47524 664 14
47525 663 14
47526 665 14
47527 666 14
47528 665 14
47529 665 14
47530 666 14
47531 668 15
47532 669 15
47533 671 15
47534 671 15
47535 673 15
47536 674 15
47537 676 15
47538 677 15
47539 680 15
47540 681 15
47541 688 15
47542 692 15
47543 694 15
47544 696 15
47545 698 15
47546 699 15
47547 701 15
47548 703 15
47549 703 15
47550 703 15
47551 705 15
47552 706 15
47553 706 15
47554 708 15
47555 712 16
47556 714 16
47557 715 16
47558 720 16
47559 721 17
47560 724 17
47561 732 17
47562 737 17
47563 741 17
47564 754 17
47565 761 17
47566 782 17
47567 800 17
47568 812 17
47569 823 17
47570 834 17
47571 834 18
47572 847 18
47573 852 18
47574 852 18
47575 854 18
47576 856 18
47577 855 18
47578 860 18
47579 859 18
47580 853 18
47581 856 18
47582 859 18
47583 859 18
47584 861 18
47585 860 19
47586 861 19
47587 862 19
47588 861 19
47589 860 19
47590 856 19
47591 857 19
47592 857 19
47593 859 19
47594 859 19
47595 858 19
47596 856 19
47597 858 19
47598 850 19
47599 861 19
47600 862 19
47601 863 19
47602 859 19
47603 859 18
47604 845 18
47605 854 18
47606 858 18
47607 859 17
47608 861 17
47609 863 17
47610 862 17
47611 863 17
47612 833 18
47613 856 17
47614 860 18
47615 856 18
47616 863 19
47617 868 18
47618 867 18
47619 868 18
47620 855 18
47621 865 18
47622 866 19
47623 868 19
47624 870 19
47625 868 19
47626 871 18
47627 871 19
47628 871 19
47629 871 19
47630 871 19
47631 871 19
47632 871 19
47633 871 19
47634 0 1
47635 0 2
47636 0 3
47637 1 3
47638 2 3
47639 11 6
47640 318 6
47641 429 5
47642 442 8
47643 452 10
47644 524 10
47645 525 11
47646 539 11
47647 546 11
47648 556 9
47649 602 9
47650 603 10
47651 649 10
47652 652 10
47653 652 11
47654 740 12
47655 763 13
47656 773 13
47657 777 13
47658 778 14
47659 781 14
47660 794 14
47661 797 15
47662 801 15
47663 802 15
47664 802 15
47665 802 16
47666 802 16
47667 805 16
47668 806 16
47669 806 16
47670 805 16
47671 804 16
47672 805 16
47673 807 16
47674 807 16
47675 808 16
47676 810 16
47677 810 16
47678 810 16
47679 810 16
47680 810 16
47681 811 16
47682 811 16
47683 812 16
47684 813 16
47685 813 16
47686 814 16
47687 818 16
47688 819 16
47689 819 16
47690 819 16
47691 819 16
47692 819 16
47693 820 16
47694 820 16
47695 819 16
47696 820 16
47697 820 16
47698 820 16
47699 820 16
47700 820 16
47701 821 16
47702 821 16
47703 822 16
47704 839 16
47705 855 16
47706 868 16
47707 870 16
47708 870 17
47709 870 17
47710 870 18
47711 871 18
47712 871 18
47713 871 18
47714 871 18
47715 871 18
47716 872 18
47717 872 18
47718 872 18
47719 872 18
47720 872 18
47721 870 18
47722 872 18
47723 872 18
47724 872 18
47725 871 18
47726 873 18
47727 873 18
47728 872 18
47729 872 18
47730 873 18
47731 874 18
47732 869 18
47733 873 18
47734 872 19
47735 869 19
47736 871 19
47737 879 19
47738 879 19
47739 879 19
47740 879 19
47741 879 19
47742 880 19
47743 881 19
47744 881 19
47745 880 19
47746 879 19
47747 879 19
47748 879 19
47749 874 19
47750 874 19
47751 875 19
47752 0 1
47753 0 2
47754 0 2
47755 0 3
47756 0 6
47757 3 6
47758 20 6
47759 38 6
47760 55 6
47761 82 6
47762 113 6
47763 143 6
47764 180 6
47765 244 4
47766 255 4
47767 259 6
47768 267 7
47769 318 7
47770 342 8
47771 362 9
47772 370 9
47773 389 8
47774 391 9
47775 405 11
47776 436 10
47777 484 10
47778 507 11
47779 544 12
47780 569 10
47781 570 13
47782 573 13
47783 576 13
47784 582 13
47785 587 13
47786 591 14
47787 597 14
47788 601 14
47789 602 14
47790 606 14
47791 607 14
47792 609 14
47793 611 14
47794 616 14
47795 619 14
47796 622 14
47797 629 14
47798 631 14
47799 631 15
47800 631 15
47801 635 15
47802 681 16
47803 697 16
47804 699 16
47805 702 16
47806 704 16
47807 707 16
47808 708 16
47809 708 16
47810 711 16
47811 712 16
47812 716 16
47813 717 16
47814 719 16
47815 724 16
47816 723 16
47817 724 16
47818 726 16
47819 726 16
47820 728 16
47821 729 16
47822 732 16
47823 732 16
47824 734 16
47825 736 16
47826 737 16
47827 737 16
47828 737 16
47829 737 16
47830 738 16
47831 739 16
47832 741 16
47833 742 16
47834 743 16
47835 743 16
47836 743 16
47837 741 16
47838 741 16
47839 741 16
47840 743 16
47841 744 16
47842 745 16
47843 745 16
47844 745 16
47845 747 16
47846 748 16
47847 749 16
47848 749 16
47849 751 16
47850 752 16
47851 752 16
47852 753 16
47853 754 16
47854 755 16
47855 755 16
47856 756 16
47857 756 16
47858 757 16
47859 781 16
47860 796 16
47861 812 16
47862 812 17
47863 818 17
47864 818 18
47865 839 18
47866 846 18
47867 852 18
47868 852 18
47869 855 18
47870 855 18
47871 855 18
47872 856 18
47873 857 18
47874 857 18
47875 858 18
47876 859 18
47877 858 18
47878 854 19
47879 854 19
47880 854 19
47881 854 19
47882 854 19
47883 856 19
47884 856 19
47885 859 19
47886 859 19
47887 857 19
47888 856 19
47889 856 19
47890 855 19
47891 857 19
47892 857 19
47893 847 19
47894 853 19
47895 856 19
47896 857 19
47897 852 19
47898 855 19
47899 857 19
47900 857 19
47901 851 19
47902 856 19
47903 859 20
47904 862 20
47905 860 19
47906 861 19
47907 864 19
47908 864 19
47909 864 19
47910 864 19
47911 864 19
47912 864 19
47913 861 19
47914 862 19
47915 862 19
47916 860 19
47917 860 19
47918 861 19
47919 858 20
47920 856 20
47921 856 20
47922 857 20
47923 858 20
47924 857 20
47925 856 20
47926 0 1
47927 0 2
47928 0 3
47929 0 4
47930 1 8
47931 22 8
47932 82 8
47933 140 8
47934 232 8
47935 262 6
47936 284 8
47937 335 8
47938 343 10
47939 379 10
47940 422 10
47941 432 9
47942 433 11
47943 457 11
47944 483 8
47945 486 10
47946 496 10
47947 499 8
47948 505 8
47949 514 8
47950 535 7
47951 547 8
47952 569 8
47953 604 7
47954 604 8
47955 607 9
47956 624 10
47957 632 11
47958 648 11
47959 662 12
47960 683 12
47961 692 12
47962 695 12
47963 699 13
47964 699 13
47965 700 13
47966 701 14
47967 705 14
47968 705 14
47969 706 14
47970 709 14
47971 714 14
47972 718 14
47973 722 14
47974 725 14
47975 729 14
47976 730 14
47977 733 14
47978 735 14
47979 738 14
47980 739 14
47981 740 14
47982 740 14
47983 739 14
47984 741 14
47985 740 14
47986 740 14
47987 742 14
47988 743 14
47989 746 14
47990 747 14
47991 747 14
47992 748 14
47993 749 14
47994 750 14
47995 752 14
47996 752 14
47997 752 14
47998 752 14
47999 752 14
48000 753 14
48001 756 14
48002 759 14
48003 759 14
48004 760 14
48005 761 14
48006 763 14
48007 763 14
48008 764 14
48009 764 14
48010 765 14
48011 766 14
48012 766 15
48013 768 15
48014 769 15
48015 769 15
48016 769 15
48017 770 15
48018 770 15
48019 770 15
48020 772 15
48021 772 15
48022 773 15
48023 775 15
48024 775 15
48025 776 15
48026 776 15
48027 776 15
48028 778 15
48029 778 15
48030 778 15
48031 779 15
48032 780 15
48033 780 15
48034 780 15
48035 780 15
48036 781 16
48037 781 16
48038 781 16
48039 782 16
48040 782 16
48041 782 16
48042 784 16
48043 797 16
48044 798 16
48045 804 16
48046 818 16
48047 828 16
48048 828 17
48049 837 17
48050 837 18
48051 852 18
48052 858 19
48053 857 19
48054 858 19
48055 857 19
48056 861 19
48057 861 19
48058 861 19
48059 849 19
48060 861 19
48061 861 19
48062 861 19
48063 861 19
48064 862 19
48065 862 19
48066 862 19
48067 860 19
48068 862 19
48069 850 20
48070 859 20
48071 860 19
48072 860 19
48073 860 20
48074 847 20
48075 859 20
48076 858 20
48077 858 21
48078 858 21
48079 859 21
48080 864 21
48081 865 21
48082 862 21
48083 862 21
48084 862 21
48085 861 21
48086 861 21
48087 861 21
48088 858 21
48089 860 21
48090 861 21
48091 862 21
48092 861 21
48093 863 21
48094 862 21
48095 865 21
48096 868 21
48097 866 21
48098 867 21
48099 869 21
48100 867 20
48101 867 20
48102 868 21
48103 868 21
48104 867 21
48105 865 21
48106 866 20
48107 866 20
48108 861 20
48109 0 1
48110 0 2
48111 0 2
48112 0 3
48113 0 4
48114 0 5
48115 0 7
48116 5 7
48117 29 8
48118 64 8
48119 111 8
48120 160 8
48121 223 5
48122 249 7
48123 308 7
48124 322 6
48125 332 7
48126 341 9
48127 346 10
48128 367 10
48129 384 10
48130 395 10
48131 406 10
48132 421 10
48133 438 8
48134 451 8
48135 464 8
48136 470 7
48137 485 7
48138 485 8
48139 509 8
48140 542 6
48141 542 9
48142 603 10
48143 661 11
48144 671 13
48145 776 15
48146 781 15
48147 783 15
48148 810 15
48149 815 15
48150 824 15
48151 825 16
48152 834 16
48153 835 17
48154 839 17
48155 841 18
48156 853 19
48157 854 20
48158 857 20
48159 863 21
48160 864 22
48161 868 22
48162 867 22
48163 867 22
48164 867 22
48165 864 22
48166 867 22
48167 865 21
48168 865 21
48169 865 21
48170 0 1
48171 0 2
48172 0 3
48173 0 4
48174 0 5
48175 1 5
48176 3 5
48177 6 5
48178 10 5
48179 18 5
48180 22 5
48181 32 5
48182 41 5
48183 51 5
48184 65 5
48185 77 5
48186 94 5
48187 104 5
48188 124 4
48189 144 4
48190 159 4
48191 172 3
48192 191 3
48193 206 3
48194 231 3
48195 240 4
48196 261 4
48197 272 3
48198 278 4
48199 294 3
48200 306 3
48201 310 4
48202 320 5
48203 327 5
48204 327 6
48205 333 8
48206 348 8
48207 357 8
48208 363 8
48209 377 8
48210 381 8
48211 387 8
48212 397 9
48213 412 8
48214 419 7
48215 423 7
48216 429 7
48217 431 7
48218 448 7
48219 459 7
48220 465 7
48221 473 6
48222 505 4
48223 506 6
48224 0 1
48225 1 1
48226 2 1
48227 6 1
48228 9 1
48229 10 1
48230 12 1
48231 15 1
48232 16 1
48233 19 1
48234 20 1
48235 26 1
48236 29 1
48237 30 1
48238 32 1
48239 36 1
48240 37 1
48241 40 1
48242 41 1
48243 47 1
48244 49 1
48245 51 1
48246 53 1
48247 54 1
48248 61 1
48249 67 1
48250 71 1
48251 76 1
48252 80 1
48253 85 1
48254 99 1
48255 100 1
48256 103 1
48257 107 1
48258 113 1
48259 115 1
48260 129 1
48261 138 1
48262 138 3
48263 196 3
48264 252 3
48265 271 2
48266 296 2
48267 305 3
48268 323 3
48269 332 4
48270 350 7
48271 368 7
48272 376 7
48273 396 8
48274 414 8
48275 427 8
48276 446 8
48277 457 7
48278 457 7
48279 462 8
48280 471 8
48281 472 9
48282 590 9
48283 690 11
48284 697 12
48285 730 12
48286 733 13
48287 735 13
48288 737 13
48289 738 13
48290 744 13
48291 749 13
48292 757 14
48293 760 15
48294 761 15
48295 765 15
48296 766 15
48297 772 15
48298 772 15
48299 773 16
48300 776 16
48301 776 16
48302 777 16
48303 777 16
48304 778 16
48305 778 16
48306 778 16
48307 778 16
48308 778 16
48309 778 16
48310 778 16
48311 778 16
48312 778 16
48313 778 16
48314 778 16
48315 779 16
48316 779 16
48317 780 16
48318 780 16
48319 780 16
48320 781 16
48321 781 16
48322 781 16
48323 781 16
48324 782 16
48325 782 16
48326 782 16
48327 782 16
48328 782 16
48329 782 16
48330 782 16
48331 782 16
48332 782 16
48333 782 16
48334 782 16
48335 782 16
48336 782 16
48337 782 16
48338 782 16
48339 782 16
48340 782 16
48341 782 16
48342 782 16
48343 782 16
48344 782 16
48345 782 16
48346 781 16
48347 781 16
48348 781 16
48349 781 16
48350 781 16
48351 781 16
48352 781 16
48353 781 16
48354 781 17
48355 781 17
48356 781 17
48357 781 17
48358 781 17
48359 780 17
48360 780 17
48361 780 17
48362 780 17
48363 780 17
48364 780 17
48365 780 17
48366 780 17
48367 780 17
48368 780 17
48369 780 17
48370 780 17
48371 780 17
48372 780 17
48373 780 17
48374 780 17
48375 780 17
48376 780 17
48377 780 17
48378 780 17
48379 780 17
48380 780 17
48381 780 17
48382 781 17
48383 781 17
48384 781 17
48385 781 17
48386 781 17
48387 781 17
48388 781 17
48389 781 17
48390 781 17
48391 781 17
48392 781 17
48393 782 17
48394 782 17
48395 782 17
48396 782 17
48397 783 17
48398 783 17
48399 784 17
48400 784 17
48401 784 17
48402 784 17
48403 784 17
48404 785 17
48405 785 17
48406 785 17
48407 785 17
48408 785 17
48409 785 17
48410 785 17
48411 785 17
48412 785 17
48413 786 17
48414 792 17
48415 796 17
48416 803 17
48417 812 17
48418 812 18
48419 816 18
48420 821 19
48421 831 19
48422 840 20
48423 844 20
48424 845 21
48425 847 21
48426 845 22
48427 849 22
48428 849 22
48429 849 22
48430 850 22
48431 851 23
48432 850 22
48433 852 22
48434 853 22
48435 854 22
48436 855 22
48437 855 22
48438 855 22
48439 853 23
48440 854 23
48441 856 23
48442 849 23
48443 853 23
48444 853 23
48445 853 23
48446 853 23
48447 853 23
48448 854 23
48449 852 24
48450 852 24
48451 852 26
48452 851 26
48453 851 25
48454 852 25
48455 852 25
48456 852 25
48457 851 25
48458 849 25
48459 849 25
48460 849 25
48461 849 25
48462 841 26
48463 0 1
48464 0 2
48465 1 2
48466 3 2
48467 4 2
48468 9 2
48469 23 2
48470 36 2
48471 73 2
48472 92 2
48473 109 2
48474 137 2
48475 169 2
48476 210 2
48477 227 4
48478 263 3
48479 277 4
48480 306 4
48481 329 4
48482 334 5
48483 343 7
48484 349 8
48485 364 9
48486 381 9
48487 398 9
48488 410 8
48489 430 5
48490 442 4
48491 458 5
48492 480 5
48493 484 5
48494 605 2
48495 605 3
48496 607 5
48497 625 7
48498 636 9
48499 639 11
48500 649 12
48501 683 12
48502 710 14
48503 729 14
48504 741 15
48505 752 15
48506 754 16
48507 773 18
48508 781 18
48509 784 18
48510 785 19
48511 785 19
48512 787 20
48513 790 20
48514 795 20
48515 796 20
48516 799 20
48517 803 21
48518 805 21
48519 808 21
48520 812 21
48521 813 21
48522 815 21
48523 816 21
48524 819 21
48525 822 21
48526 823 21
48527 827 21
48528 835 21
48529 835 22
48530 839 23
48531 839 24
48532 848 24
48533 849 25
48534 852 26
48535 854 26
48536 855 26
48537 856 26
48538 857 26
48539 859 26
48540 860 26
48541 860 26
48542 860 27
48543 858 26
48544 860 26
48545 862 26
48546 861 26
48547 857 26
48548 858 26
48549 857 26
48550 857 26
48551 857 26
48552 857 26
48553 857 26
48554 857 26
48555 827 25
48556 858 26
48557 856 27
48558 861 27
48559 859 27
48560 860 27
48561 860 27
48562 857 26
48563 498 3
48564 509 5
48565 514 7
48566 527 7
48567 532 6
48568 557 7
48569 570 8
48570 578 10
48571 596 7
48572 720 7
48573 730 9
48574 788 10
48575 788 11
48576 803 11
48577 807 13
48578 813 13
48579 814 13
48580 816 13
48581 816 14
48582 818 15
48583 822 16
48584 830 17
48585 838 17
48586 841 17
48587 841 17
48588 842 17
48589 843 17
48590 843 17
48591 845 19
48592 845 19
48593 847 19
48594 846 20
48595 847 20
48596 849 20
48597 849 20
48598 851 21
48599 855 21
48600 855 21
48601 855 21
48602 855 21
48603 855 21
48604 856 21
48605 857 21
48606 857 21
48607 857 21
48608 857 22
48609 861 22
48610 863 22
48611 869 23
48612 870 24
48613 875 25
48614 875 24
48615 876 24
48616 873 24
48617 877 24
48618 878 24
48619 878 24
48620 878 24
48621 878 24
48622 877 24
48623 877 24
48624 877 24
48625 877 24
48626 877 25
48627 869 25
48628 874 25
48629 876 25
48630 877 25
48631 879 25
48632 880 25
48633 880 25
48634 880 25
48635 881 25
48636 882 25
48637 882 25
48638 883 25
48639 879 25
48640 882 25
48641 880 25
48642 881 25
48643 881 24
48644 184 2
48645 486 2
48646 491 3
48647 495 4
48648 498 5
48649 511 7
48650 513 7
48651 517 9
48652 525 11
48653 598 11
48654 619 12
48655 627 13
48656 668 15
48657 686 16
48658 702 17
48659 755 17
48660 760 17
48661 760 17
48662 768 17
48663 772 17
48664 777 17
48665 779 17
48666 787 18
48667 792 18
48668 800 18
48669 803 18
48670 803 19
48671 829 19
48672 839 19
48673 840 20
48674 844 20
48675 844 21
48676 845 22
48677 847 23
48678 858 23
48679 858 24
48680 865 24
48681 868 24
48682 872 24
48683 874 25
48684 882 25
48685 881 25
48686 881 25
48687 881 25
48688 882 25
48689 881 25
48690 879 25
48691 882 25
48692 884 25
48693 884 25
48694 885 25
48695 884 25
48696 885 25
48697 885 25
48698 886 25
48699 886 25
48700 886 25
48701 886 25
48702 875 25
48703 885 24
48704 886 25
48705 883 25
48706 888 25
48707 888 25
48708 888 25
48709 888 25
48710 888 25
48711 888 25
48712 888 25
48713 888 25
48714 888 25
48715 888 25
48716 887 25
48717 888 25
48718 879 25
48719 886 25
48720 885 25
48721 884 25
48722 886 25
48723 886 25
48724 886 25
48725 886 25
48726 886 25
48727 887 25
48728 888 25
48729 888 25
48730 888 25
48731 886 25
48732 886 25
48733 886 25
48734 886 25
48735 886 25
48736 885 25
48737 885 26
48738 884 25
48739 884 25
48740 0 1
48741 2 1
48742 3 1
48743 6 1
48744 8 1
48745 12 1
48746 17 1
48747 20 1
48748 23 1
48749 30 1
48750 34 1
48751 38 1
48752 47 1
48753 55 1
48754 61 1
48755 71 1
48756 80 1
48757 91 1
48758 95 2
48759 107 2
48760 116 2
48761 131 3
48762 148 3
48763 154 3
48764 158 4
48765 166 4
48766 178 4
48767 190 4
48768 201 4
48769 209 4
48770 227 4
48771 241 4
48772 242 5
48773 255 5
48774 261 4
48775 268 4
48776 271 5
48777 279 6
48778 281 8
48779 333 8
48780 337 9
48781 371 8
48782 389 8
48783 393 9
48784 399 9
48785 410 9
48786 457 11
48787 512 12
48788 518 13
48789 589 13
48790 589 14
48791 589 15
48792 609 15
48793 615 17
48794 655 18
48795 692 20
48796 697 20
48797 697 20
48798 697 20
48799 698 20
48800 698 20
48801 699 20
48802 702 20
48803 704 20
48804 704 20
48805 704 20
48806 703 20
48807 703 20
48808 704 20
48809 706 20
48810 707 20
48811 707 20
48812 708 20
48813 710 20
48814 711 20
48815 711 20
48816 712 20
48817 713 20
48818 713 20
48819 714 20
48820 714 20
48821 714 20
48822 715 20
48823 716 20
48824 716 20
48825 716 20
48826 718 20
48827 719 20
48828 719 20
48829 720 20
48830 720 20
48831 718 20
48832 721 20
48833 721 20
48834 725 20
48835 728 20
48836 729 20
48837 731 20
48838 732 20
48839 732 20
48840 733 20
48841 733 20
48842 733 20
48843 733 20
48844 734 20
48845 734 20
48846 736 20
48847 736 20
48848 738 20
48849 738 20
48850 739 20
48851 739 20
48852 739 20
48853 739 20
48854 740 20
48855 741 20
48856 741 20
48857 741 20
48858 741 20
48859 741 20
48860 741 20
48861 741 20
48862 744 20
48863 745 20
48864 745 20
48865 746 20
48866 746 20
48867 746 20
48868 746 20
48869 746 20
48870 746 20
48871 747 20
48872 747 20
48873 747 21
48874 747 21
48875 747 21
48876 748 21
48877 748 21
48878 748 21
48879 747 21
48880 747 21
48881 747 21
48882 747 21
48883 747 21
48884 747 21
48885 748 21
48886 749 21
48887 749 21
48888 749 21
48889 749 21
48890 749 21
48891 749 21
48892 749 21
48893 749 21
48894 750 21
48895 750 21
48896 751 21
48897 751 21
48898 752 21
48899 752 21
48900 752 21
48901 752 21
48902 752 21
48903 752 21
48904 752 21
48905 752 21
48906 752 21
48907 752 21
48908 752 21
48909 752 21
48910 753 21
48911 753 21
48912 754 21
48913 754 21
48914 754 21
48915 754 21
48916 754 21
48917 756 21
48918 756 21
48919 756 21
48920 756 21
48921 757 21
48922 757 21
48923 758 21
48924 758 22
48925 758 22
48926 759 22
48927 760 22
48928 762 22
48929 762 22
48930 762 22
48931 762 22
48932 763 22
48933 763 22
48934 763 22
48935 763 22
48936 763 22
48937 765 22
48938 765 22
48939 765 22
48940 765 22
48941 767 22
48942 768 22
48943 768 22
48944 769 22
48945 769 22
48946 770 22
48947 770 22
48948 770 22
48949 770 22
48950 770 22
48951 770 22
48952 770 22
48953 770 22
48954 770 22
48955 771 22
48956 771 22
48957 771 22
48958 771 22
48959 771 22
48960 770 22
48961 772 22
48962 772 22
48963 772 22
48964 773 22
48965 774 24
48966 784 24
48967 784 25
48968 798 25
48969 805 25
48970 826 25
48971 829 25
48972 830 25
48973 831 25
48974 835 25
48975 838 25
48976 840 25
48977 842 25
48978 848 25
48979 837 25
48980 847 25
48981 852 25
48982 854 25
48983 850 25
48984 852 25
48985 852 25
48986 853 25
48987 853 25
48988 851 25
48989 846 25
48990 846 25
48991 846 25
48992 822 24
48993 842 25
48994 846 25
48995 812 25
48996 840 25
48997 849 25
48998 849 25
48999 850 25
49000 852 25
49001 849 25
49002 850 25
49003 851 25
49004 851 25
49005 851 25
49006 850 25
49007 852 25
49008 852 25
49009 852 25
49010 851 25
49011 839 25
49012 846 25
49013 851 25
49014 852 25
49015 851 25
49016 850 25
49017 850 25
49018 846 25
49019 853 25
49020 854 25
49021 854 25
49022 854 25
49023 855 25
49024 856 25
49025 856 25
49026 845 25
49027 855 25
49028 856 25
49029 856 25
49030 857 25
49031 860 25
49032 860 25
49033 0 1
49034 0 1
49035 0 2
49036 0 3
49037 1 3
49038 2 3
49039 2 4
49040 3 5
49041 4 5
49042 6 5
49043 7 5
49044 10 6
49045 14 6
49046 41 6
49047 74 6
49048 100 6
49049 134 6
49050 190 7
49051 260 7
49052 310 7
49053 327 10
49054 336 9
49055 337 10
49056 356 11
49057 398 10
49058 429 9
49059 444 11
49060 454 9
49061 464 10
49062 478 10
49063 499 11
49064 499 12
49065 551 13
49066 580 13
49067 606 14
49068 642 14
49069 672 14
49070 680 14
49071 722 12
49072 722 14
49073 723 15
49074 748 16
49075 751 17
49076 757 17
49077 761 17
49078 762 17
49079 765 18
49080 765 19
49081 767 19
49082 768 19
49083 770 19
49084 770 19
49085 770 19
49086 770 19
49087 772 19
49088 772 19
49089 772 19
49090 773 19
49091 776 19
49092 776 19
49093 776 19
49094 777 19
49095 777 19
49096 777 19
49097 777 19
49098 779 19
49099 779 19
49100 779 20
49101 779 20
49102 779 20
49103 780 20
49104 780 20
49105 781 20
49106 780 20
49107 780 20
49108 780 20
49109 782 20
49110 782 20
49111 782 20
49112 782 20
49113 782 20
49114 782 20
49115 782 20
49116 783 20
49117 783 20
49118 783 20
49119 784 20
49120 784 20
49121 785 20
49122 787 20
49123 788 20
49124 790 20
49125 790 20
49126 790 20
49127 790 20
49128 790 20
49129 790 20
49130 792 20
49131 792 20
49132 792 20
49133 792 20
49134 792 20
49135 792 20
49136 792 20
49137 792 20
49138 792 20
49139 792 20
49140 793 20
49141 793 20
49142 793 20
49143 793 20
49144 793 20
49145 794 20
49146 794 20
49147 794 20
49148 794 20
49149 794 20
49150 794 20
49151 794 20
49152 794 20
49153 794 20
49154 794 20
49155 794 20
49156 794 20
49157 795 20
49158 795 20
49159 796 20
49160 796 20
49161 795 20
49162 795 20
49163 796 20
49164 797 20
49165 803 20
49166 813 20
49167 813 21
49168 818 22
49169 818 23
49170 826 23
49171 838 24
49172 840 24
49173 840 25
49174 852 25
49175 852 25
49176 855 25
49177 862 25
49178 856 25
49179 857 25
49180 858 25
49181 859 25
49182 860 25
49183 860 25
49184 862 25
49185 863 25
49186 863 25
49187 862 24
49188 863 24
49189 863 24
49190 864 24
49191 866 24
49192 865 24
49193 868 24
49194 871 24
49195 870 24
49196 870 24
49197 869 24
49198 869 24
49199 870 24
49200 868 24
49201 869 24
49202 871 24
49203 871 24
49204 872 24
49205 872 24
49206 873 24
49207 874 24
49208 875 24
49209 873 24
49210 872 24
49211 872 24
49212 877 24
49213 875 24
49214 875 24
49215 875 24
49216 875 24
49217 875 24
49218 872 24
49219 875 24
49220 876 24
49221 878 24
49222 878 24
49223 878 24
49224 881 24
49225 881 24
49226 882 24
49227 882 24
49228 881 24
49229 882 24
49230 883 24
49231 880 24
49232 884 24
49233 885 24
49234 0 6
49235 0 8
49236 1 10
49237 295 10
49238 542 10
49239 555 12
49240 591 12
49241 601 12
49242 607 12
49243 614 13
49244 645 13
49245 651 13
49246 659 14
49247 666 14
49248 668 15
49249 711 15
49250 728 16
49251 761 15
49252 774 15
49253 785 15
49254 791 16
49255 800 16
49256 806 16
49257 808 17
49258 811 17
49259 815 17
49260 817 17
49261 816 18
49262 819 18
49263 823 18
49264 823 18
49265 823 18
49266 824 18
49267 826 18
49268 848 18
49269 852 18
49270 853 19
49271 855 19
49272 855 19
49273 857 19
49274 857 19
49275 858 19
49276 860 20
49277 863 20
49278 866 20
49279 866 21
49280 881 21
49281 884 21
49282 884 22
49283 884 23
49284 884 24
49285 888 24
49286 892 24
49287 897 24
49288 899 24
49289 900 24
49290 902 24
49291 902 24
49292 901 24
49293 903 24
49294 903 24
49295 904 24
49296 903 24
49297 905 24
49298 905 24
49299 905 24
49300 905 24
49301 905 24
49302 906 24
49303 906 24
49304 907 24
49305 907 24
49306 908 24
49307 906 24
49308 905 24
49309 903 24
49310 904 24
49311 905 24
49312 905 24
49313 905 24
49314 903 24
49315 904 22
49316 904 24
49317 905 24
49318 905 24
49319 905 24
49320 905 24
49321 905 24
49322 905 24
49323 901 24
49324 901 24
49325 901 24
49326 900 24
49327 901 24
49328 897 24
49329 898 24
49330 899 24
49331 0 0
49332 0 1
49333 0 2
49334 0 3
49335 5 4
49336 7 4
49337 11 4
49338 13 4
49339 14 4
49340 17 3
49341 18 3
49342 23 3
49343 29 3
49344 31 3
49345 39 3
49346 41 3
49347 46 3
49348 62 3
49349 62 5
49350 72 7
49351 95 8
49352 129 8
49353 181 10
49354 261 10
49355 309 11
49356 332 12
49357 348 11
49358 356 10
49359 364 9
49360 373 9
49361 378 10
49362 385 11
49363 398 11
49364 398 12
49365 408 12
49366 414 12
49367 418 12
49368 425 13
49369 434 13
49370 445 13
49371 447 15
49372 453 15
49373 468 15
49374 473 14
49375 474 15
49376 662 15
49377 689 15
49378 698 16
49379 712 18
49380 767 19
49381 769 20
49382 780 20
49383 782 20
49384 782 20
49385 782 20
49386 783 20
49387 786 20
49388 786 20
49389 787 20
49390 788 20
49391 789 20
49392 790 20
49393 792 20
49394 792 20
49395 793 20
49396 794 20
49397 796 20
49398 796 20
49399 797 20
49400 798 20
49401 798 20
49402 799 20
49403 800 20
49404 800 20
49405 800 20
49406 800 20
49407 802 20
49408 809 20
49409 808 21
49410 812 21
49411 814 21
49412 814 21
49413 816 21
49414 816 23
49415 817 23
49416 818 23
49417 830 23
49418 833 24
49419 843 24
49420 848 24
49421 856 24
49422 862 24
49423 867 24
49424 867 24
49425 872 24
49426 870 24
49427 874 24
49428 874 24
49429 873 24
49430 873 24
49431 873 24
49432 872 24
49433 872 24
49434 872 24
49435 872 24
49436 873 24
49437 871 24
49438 872 24
49439 872 24
49440 872 24
49441 874 24
49442 874 24
49443 873 24
49444 874 24
49445 872 24
49446 876 24
49447 875 24
49448 876 23
49449 875 23
49450 874 23
49451 874 23
49452 0 1
49453 0 2
49454 1 3
49455 2 3
49456 8 3
49457 22 3
49458 38 3
49459 78 3
49460 120 3
49461 144 3
49462 180 5
49463 234 5
49464 249 3
49465 291 4
49466 333 5
49467 357 4
49468 362 5
49469 363 6
49470 381 7
49471 386 9
49472 414 11
49473 433 9
49474 440 11
49475 457 11
49476 471 10
49477 480 11
49478 500 11
49479 511 10
49480 524 10
49481 535 10
49482 546 10
49483 554 11
49484 555 12
49485 573 12
49486 585 12
49487 594 13
49488 607 13
49489 623 11
49490 624 13
49491 717 16
49492 736 17
49493 774 18
49494 783 19
49495 790 19
49496 793 19
49497 793 19
49498 793 19
49499 794 19
49500 795 19
49501 796 19
49502 798 19
49503 799 19
49504 799 19
49505 799 19
49506 798 19
49507 798 19
49508 800 19
49509 801 19
49510 803 19
49511 807 19
49512 807 19
49513 810 19
49514 813 19
49515 816 19
49516 817 19
49517 817 19
49518 820 19
49519 820 20
49520 821 20
49521 821 20
49522 820 20
49523 822 20
49524 823 20
49525 822 20
49526 824 21
49527 828 21
49528 834 21
49529 839 22
49530 843 22
49531 847 23
49532 855 23
49533 855 24
49534 859 24
49535 866 24
49536 0 0
49537 0 0
49538 0 1
49539 0 2
49540 1 2
49541 2 2
49542 4 2
49543 9 2
49544 14 2
49545 17 2
49546 22 2
49547 27 2
49548 35 2
49549 40 2
49550 49 2
49551 50 3
49552 63 3
49553 80 3
49554 95 3
49555 111 3
49556 121 3
49557 135 3
49558 149 3
49559 166 3
49560 188 3
49561 205 3
49562 219 4
49563 232 4
49564 260 3
49565 263 4
49566 284 4
49567 296 4
49568 313 4
49569 329 4
49570 330 5
49571 341 6
49572 353 6
49573 361 4
49574 362 8
49575 388 8
49576 394 9
49577 414 9
49578 416 10
49579 422 11
49580 446 10
49581 454 9
49582 463 10
49583 480 11
49584 499 11
49585 500 12
49586 511 13
49587 685 5
49588 686 10
49589 687 11
49590 687 12
49591 689 14
49592 705 14
49593 751 14
49594 824 14
49595 830 15
49596 837 16
49597 846 16
49598 848 16
49599 849 16
49600 850 18
49601 853 18
49602 856 18
49603 858 18
49604 865 19
49605 865 20
49606 866 20
49607 869 20
49608 874 20
49609 874 21
49610 879 22
49611 890 23
49612 890 23
49613 891 23
49614 892 23
49615 893 23
49616 895 23
49617 896 23
49618 896 23
49619 896 23
49620 897 23
49621 899 23
49622 898 23
49623 898 23
49624 897 23
49625 897 23
49626 897 23
49627 898 23
49628 896 23
49629 0 1
49630 0 1
49631 0 5
49632 566 5
49633 568 5
49634 569 6
49635 576 8
49636 578 10
49637 591 12
49638 599 12
49639 600 12
49640 605 12
49641 606 12
49642 612 12
49643 612 12
49644 613 13
49645 620 13
49646 628 13
49647 638 14
49648 651 14
49649 660 14
49650 671 15
49651 688 14
49652 708 14
49653 719 14
49654 730 14
49655 743 15
49656 750 15
49657 756 15
49658 767 15
49659 771 15
49660 775 15
49661 782 15
49662 782 15
49663 787 14
49664 788 15
49665 792 15
49666 797 15
49667 799 15
49668 801 15
49669 804 15
49670 808 15
49671 812 16
49672 814 16
49673 816 17
49674 820 17
49675 821 17
49676 822 17
49677 824 17
49678 827 17
49679 827 17
49680 828 17
49681 828 17
49682 829 17
49683 831 17
49684 832 17
49685 834 17
49686 834 17
49687 836 17
49688 836 17
49689 838 17
49690 839 17
49691 840 17
49692 841 17
49693 842 17
49694 841 17
49695 841 17
49696 841 17
49697 843 17
49698 858 17
49699 859 17
49700 861 17
49701 861 17
49702 862 17
49703 864 17
49704 864 17
49705 867 17
49706 868 17
49707 868 17
49708 869 17
49709 869 17
49710 869 17
49711 869 17
49712 871 17
49713 871 18
49714 871 18
49715 871 18
49716 871 18
49717 871 18
49718 871 18
49719 871 19
49720 872 19
49721 873 19
49722 874 19
49723 874 20
49724 874 20
49725 877 20
49726 878 20
49727 878 20
49728 880 20
49729 881 20
49730 885 21
49731 886 21
49732 887 21
49733 889 21
49734 889 21
49735 889 21
49736 890 21
49737 893 21
49738 896 21
49739 895 22
49740 899 22
49741 902 23
49742 906 23
49743 903 23
49744 905 23
49745 906 23
49746 907 23
49747 908 23
49748 908 23
49749 910 23
49750 906 24
49751 913 22
49752 911 22
49753 908 22
49754 912 22
49755 911 22
49756 913 22
49757 909 22
49758 908 22
49759 908 22
49760 908 22
49761 907 22
49762 910 23
49763 909 22
49764 909 23
49765 908 23
49766 910 23
49767 911 23
49768 912 23
49769 908 23
49770 908 23
49771 910 22
49772 903 22
49773 908 22
49774 913 22
49775 909 22
49776 911 22
49777 915 22
49778 915 22
49779 913 22
49780 1 0
49781 1 1
49782 2 1
49783 4 1
49784 9 1
49785 13 1
49786 14 1
49787 17 1
49788 20 1
49789 22 1
49790 27 1
49791 33 1
49792 42 1
49793 47 1
49794 56 1
49795 63 1
49796 71 1
49797 79 1
49798 85 1
49799 93 1
49800 103 1
49801 115 1
49802 124 1
49803 132 1
49804 139 1
49805 148 1
49806 165 1
49807 186 1
49808 200 1
49809 213 3
49810 220 3
49811 222 4
49812 230 4
49813 245 4
49814 246 6
49815 305 4
49816 313 5
49817 337 6
49818 341 7
49819 370 8
49820 379 9
49821 386 9
49822 394 10
49823 402 10
49824 411 10
49825 424 10
49826 430 11
49827 432 10
49828 438 10
49829 450 11
49830 512 13
49831 514 13
49832 519 13
49833 550 13
49834 572 13
49835 588 14
49836 607 14
49837 620 14
49838 628 14
49839 638 14
49840 644 14
49841 645 14
49842 650 14
49843 652 14
49844 654 14
49845 656 14
49846 661 14
49847 664 14
49848 666 14
49849 666 14
49850 666 14
49851 668 14
49852 669 14
49853 701 10
49854 702 11
49855 704 14
49856 715 15
49857 731 16
49858 750 19
49859 760 20
49860 760 20
49861 763 20
49862 763 20
49863 762 20
49864 763 20
49865 762 20
49866 769 20
49867 773 20
49868 775 20
49869 779 20
49870 778 20
49871 778 20
49872 779 20
49873 779 20
49874 783 20
49875 783 20
49876 784 21
49877 785 21
49878 786 21
49879 786 21
49880 786 21
49881 786 21
49882 786 21
49883 786 21
49884 786 21
49885 787 21
49886 787 21
49887 788 21
49888 790 21
49889 791 21
49890 791 21
49891 791 21
49892 791 21
49893 792 21
49894 802 22
49895 812 22
49896 823 22
49897 835 22
49898 838 23
49899 842 23
49900 844 23
49901 846 23
49902 859 23
49903 869 23
49904 869 23
49905 866 23
49906 872 23
49907 870 23
49908 870 23
49909 870 23
49910 870 23
49911 870 23
49912 870 23
49913 870 23
49914 869 23
49915 868 23
49916 868 23
49917 864 23
49918 864 23
49919 869 23
49920 1 0
49921 2 0
49922 3 0
49923 4 0
49924 5 0
49925 8 1
49926 9 1
49927 19 1
49928 23 1
49929 29 1
49930 34 1
49931 40 1
49932 60 1
49933 81 1
49934 99 1
49935 111 1
49936 124 1
49937 152 1
49938 179 1
49939 208 1
49940 230 1
49941 253 3
49942 267 3
49943 271 3
49944 278 3
49945 289 3
49946 295 3
49947 299 4
49948 309 4
49949 327 4
49950 334 4
49951 342 4
49952 352 4
49953 355 5
49954 361 7
49955 364 8
49956 370 7
49957 377 8
49958 384 8
49959 399 8
49960 402 9
49961 417 10
49962 418 9
49963 430 9
49964 443 8
49965 492 3
49966 492 7
49967 494 9
49968 495 11
49969 497 13
49970 543 13
49971 559 15
49972 588 15
49973 603 15
49974 623 15
49975 625 16
49976 649 16
49977 676 16
49978 681 16
49979 685 16
49980 689 16
49981 694 16
49982 721 16
49983 722 16
49984 725 16
49985 730 16
49986 734 16
49987 734 16
49988 737 16
49989 741 16
49990 742 16
49991 747 17
49992 752 17
49993 758 17
49994 765 17
49995 782 17
49996 784 18
49997 796 19
49998 808 18
49999 816 19
50000 826 19
