1 56.037248 
2 56.037205 
3 56.037161 
4 56.037077 
5 56.036988 
6 56.036927 
7 56.036881 
8 56.036798 
9 56.036764 
10 56.036688 
11 56.036664 
12 56.036606 
13 56.036577 
14 56.036546 
15 56.036515 
16 56.036473 
17 56.036443 
18 56.036387 
19 56.036367 
20 56.036321 
21 56.03629 
22 56.036204 
23 56.036174 
24 56.036127 
25 56.036057 
26 56.03603 
27 56.035961 
28 56.035916 
29 56.035894 
30 56.035843 
31 56.035772 
32 56.03575 
33 56.035699 
34 56.035639 
35 56.035592 
36 56.035531 
37 56.035505 
38 56.035437 
39 56.035393 
40 56.035373 
41 56.035334 
42 56.035248 
43 56.035201 
44 56.035132 
45 56.035101 
46 56.035048 
47 56.035019 
48 56.034941 
49 56.034902 
50 56.034824 
51 56.034764 
52 56.034742 
53 56.034695 
54 56.03463 
55 56.034596 
56 56.034502 
57 56.03444 
58 56.034407 
59 56.034375 
60 56.034285 
61 56.034256 
62 56.034205 
63 56.034157 
64 56.034092 
65 56.03406 
66 56.033996 
67 56.033963 
68 56.033904 
69 56.033874 
70 56.033843 
71 56.03378 
72 56.033756 
73 56.03371 
74 56.033668 
75 56.033642 
76 56.033598 
77 56.033557 
78 56.033533 
79 56.033469 
80 56.033446 
81 56.033382 
82 56.033356 
83 56.033281 
84 56.033236 
85 56.033184 
86 56.033107 
87 56.033056 
88 56.033028 
89 56.032955 
90 56.032918 
91 56.032861 
92 56.032845 
93 56.032799 
94 56.032763 
95 56.032724 
96 56.032639 
97 56.032589 
98 56.032529 
99 56.032459 
100 56.032431 
101 56.032404 
102 56.032306 
103 56.032262 
104 56.032208 
105 56.032186 
106 56.032149 
107 56.032104 
108 56.032046 
109 56.031984 
110 56.031955 
111 56.031861 
112 56.031825 
113 56.031794 
114 56.031726 
115 56.031674 
116 56.031652 
117 56.031587 
118 56.031542 
119 56.031501 
120 56.031477 
121 56.031432 
122 56.031381 
123 56.031332 
124 56.0313 
125 56.031275 
126 56.03121 
127 56.031185 
128 56.031115 
129 56.031084 
130 56.031046 
131 56.03102 
132 56.030959 
133 56.030941 
134 56.030896 
135 56.030864 
136 56.030814 
137 56.030789 
138 56.030736 
139 56.030714 
140 56.030663 
141 56.030631 
142 56.030585 
143 56.030545 
144 56.030522 
145 56.030469 
146 56.030432 
147 56.030412 
148 56.030371 
149 56.030322 
150 56.03029 
151 56.03019 
152 56.030131 
153 56.030094 
154 56.030009 
155 56.02998 
156 56.029901 
157 56.029866 
158 56.029837 
159 56.029758 
160 56.029729 
161 56.029629 
162 56.029596 
163 56.029567 
164 56.029541 
165 56.029483 
166 56.029457 
167 56.029405 
168 56.029358 
169 56.029311 
170 56.029272 
171 56.029236 
172 56.029192 
173 56.029142 
174 56.029103 
175 56.029029 
176 56.028993 
177 56.028938 
178 56.028904 
179 56.028843 
180 56.028794 
181 56.028734 
182 56.028699 
183 56.028631 
184 56.028597 
185 56.028535 
186 56.028505 
187 56.028424 
188 56.028395 
189 56.028338 
190 56.028302 
191 56.028272 
192 56.028246 
193 56.028184 
194 56.028155 
195 56.028132 
196 56.028108 
197 56.028078 
198 56.028021 
199 56.027999 
200 56.027938 
201 56.027916 
202 56.027894 
203 56.027844 
204 56.027818 
205 56.027762 
206 56.027734 
207 56.027688 
208 56.027645 
209 56.027581 
210 56.027545 
211 56.027513 
212 56.02748 
213 56.027444 
214 56.027407 
215 56.027341 
216 56.027298 
217 56.027213 
218 56.027169 
219 56.0271 
220 56.027058 
221 56.027 
222 56.026952 
223 56.026843 
224 56.026824 
225 56.026769 
226 56.026734 
227 56.026697 
228 56.026648 
229 56.026623 
230 56.026573 
231 56.026491 
232 56.02645 
233 56.026394 
234 56.026358 
235 56.026316 
236 56.02622 
237 56.026168 
238 56.026068 
239 56.026017 
240 56.025938 
241 56.025891 
242 56.025809 
243 56.025764 
244 56.025675 
245 56.025633 
246 56.02556 
247 56.025515 
248 56.025447 
249 56.025396 
250 56.025307 
251 56.025256 
252 56.025147 
253 56.025083 
254 56.024959 
255 56.02492 
256 56.024867 
257 56.024827 
258 56.02476 
259 56.024646 
260 56.024571 
261 56.024473 
262 56.024428 
263 56.024358 
264 56.024279 
265 56.024212 
266 56.024114 
267 56.024034 
268 56.023909 
269 56.023825 
270 56.023718 
271 56.023625 
272 56.023541 
273 56.023448 
274 56.023331 
275 56.023256 
276 56.023186 
277 56.023101 
278 56.022993 
279 56.022908 
280 56.022848 
281 56.022772 
282 56.022685 
283 56.02259 
284 56.022537 
285 56.022528 
286 56.022399 
287 56.021464 
288 56.020992 
289 56.020589 
290 56.020176 
291 56.019843 
292 56.019616 
293 56.019441 
294 56.019244 
295 56.019085 
296 56.018956 
297 56.018887 
298 56.018814 
299 56.018734 
300 56.018676 
301 56.018648 
302 56.018621 
303 56.018587 
304 56.018562 
305 56.018539 
306 56.018511 
307 56.018494 
308 56.018466 
309 56.018431 
310 56.018426 
311 56.01836 
312 56.018354 
313 56.018297 
314 56.01829 
315 56.018261 
316 56.018252 
317 56.018247 
318 56.018181 
319 56.018173 
320 56.018088 
321 56.018076 
322 56.018048 
323 56.018024 
324 56.017951 
325 56.017946 
326 56.017928 
327 56.017871 
328 56.017867 
329 56.017818 
330 56.017812 
331 56.017779 
332 56.017775 
333 56.017668 
334 56.017656 
335 56.017642 
336 56.017606 
337 56.017594 
338 56.017503 
339 56.017489 
340 56.017474 
341 56.017404 
342 56.017396 
343 56.017378 
344 56.017355 
345 56.017266 
346 56.017258 
347 56.017198 
348 56.017191 
349 56.017166 
350 56.017162 
351 56.017072 
352 56.017059 
353 56.017047 
354 56.017018 
355 56.017001 
356 56.016957 
357 56.016952 
358 56.016872 
359 56.016862 
360 56.016834 
361 56.016827 
362 56.016772 
363 56.016767 
364 56.016738 
365 56.016734 
366 56.016707 
367 56.016702 
368 56.016655 
369 56.016649 
370 56.016518 
371 56.016492 
372 56.016483 
373 56.016443 
374 56.016429 
375 56.016382 
376 56.016378 
377 56.016341 
378 56.016252 
379 56.016236 
380 56.016226 
381 56.016205 
382 56.016194 
383 56.016109 
384 56.016102 
385 56.016062 
386 56.01605 
387 56.015896 
388 56.015877 
389 56.01586 
390 56.015815 
391 56.01581 
392 56.015734 
393 56.015726 
394 56.015713 
395 56.015568 
396 56.015515 
397 56.015504 
398 56.015494 
399 56.015469 
400 56.015464 
401 56.01541 
402 56.015397 
403 56.015385 
404 56.015355 
405 56.015143 
406 56.015104 
407 56.015086 
408 56.015002 
409 56.014987 
410 56.014903 
411 56.014893 
412 56.014874 
413 56.01483 
414 56.014825 
415 56.014794 
416 56.014789 
417 56.014775 
418 56.014746 
419 56.014435 
420 56.014406 
421 56.014388 
422 56.014349 
423 56.014286 
424 56.014275 
425 56.014253 
426 56.01423 
427 56.014075 
428 56.014061 
429 56.014034 
430 56.013887 
431 56.013879 
432 56.013778 
433 56.013768 
434 56.013723 
435 56.013717 
436 56.013697 
437 56.013679 
438 56.013573 
439 56.013567 
440 56.013562 
441 56.013555 
442 56.013518 
443 56.013512 
444 56.013498 
445 56.013461 
446 56.013419 
447 56.013413 
448 56.013186 
449 56.013174 
450 56.013144 
451 56.01281 
452 56.012771 
453 56.012732 
454 56.012671 
455 56.012611 
456 56.012603 
457 56.012595 
458 56.01256 
459 56.012553 
460 56.012533 
461 56.012504 
462 56.012498 
463 56.012339 
464 56.012308 
465 56.012303 
466 56.012297 
467 56.012281 
468 56.01223 
469 56.012219 
470 56.012178 
471 56.012173 
472 56.012164 
473 56.012098 
474 56.012069 
475 56.011814 
476 56.011791 
477 56.011763 
478 56.011727 
479 56.011716 
480 56.011276 
481 56.011249 
482 56.011228 
483 56.010992 
484 56.010943 
485 56.010925 
486 56.010913 
487 56.010902 
488 56.010891 
489 56.010862 
490 56.010828 
491 56.010815 
492 56.010493 
493 56.010441 
494 56.01042 
495 56.010412 
496 56.010403 
497 56.010384 
498 56.010264 
499 56.010239 
500 56.010199 
501 56.01018 
502 56.009934 
503 56.009886 
504 56.009873 
505 56.009858 
506 56.009508 
507 56.009466 
508 56.009451 
509 56.009438 
510 56.009424 
511 56.009398 
512 56.009264 
513 56.009246 
514 56.009229 
515 56.009018 
516 56.00899 
517 56.00896 
518 56.008768 
519 56.008747 
520 56.008717 
521 56.008523 
522 56.008504 
523 56.008489 
524 56.008468 
525 56.008247 
526 56.008228 
527 56.008192 
528 56.008128 
529 56.008097 
530 56.007702 
531 56.007695 
532 56.007689 
533 56.007684 
534 56.007679 
535 56.007674 
536 56.00767 
537 56.007666 
538 56.007662 
539 56.007658 
540 56.007653 
541 56.007648 
542 56.007639 
543 56.007598 
544 56.007584 
545 56.006015 
546 56.00588 
547 56.005764 
548 56.005731 
549 56.005483 
550 56.005394 
551 56.00538 
552 56.005369 
553 56.005355 
554 56.00534 
555 56.00532 
556 56.005256 
557 56.005214 
558 56.005198 
559 56.003882 
560 56.003711 
561 56.003637 
562 56.003587 
563 56.003291 
564 56.003134 
565 56.003027 
566 56.002965 
567 56.002617 
568 56.002496 
569 56.002463 
570 56.002176 
571 56.002127 
572 56.002098 
573 56.002059 
574 56.001968 
575 56.001955 
576 56.001931 
577 56.0018 
578 56.001783 
579 56.001766 
580 56.001396 
581 56.001329 
582 56.001288 
583 56.001262 
584 56.00124 
585 56.001224 
586 56.00121 
587 56.001194 
588 56.001133 
589 56.001101 
590 56.000998 
591 56.000933 
592 56.000624 
593 56.000574 
594 56.000553 
595 56.000538 
596 56.000526 
597 56.000516 
598 56.000507 
599 56.0005 
600 56.000491 
601 56.000474 
602 56.000318 
603 56.000307 
604 56.000306 
605 56.000304 
606 56.000302 
607 56.000301 
608 56.000299 
609 56.000297 
610 56.000295 
611 56.000292 
612 56.000289 
613 56.000285 
614 56.000279 
615 56.000267 
616 56.0002 
617 56.000173 
618 56.000075 
619 56.000071 
620 56.000064 
621 56.000047 
622 55.99967 
623 55.998993 
624 55.998878 
625 55.998685 
626 55.998376 
627 55.997948 
628 55.997756 
629 55.997525 
630 55.997306 
631 55.997157 
632 55.997016 
633 55.996912 
634 55.996824 
635 55.996755 
636 55.996692 
637 55.996662 
638 55.996626 
639 55.9966 
640 55.996577 
641 55.996555 
642 55.996536 
643 55.996519 
644 55.996498 
645 55.996446 
646 55.996399 
647 55.996243 
648 55.99621 
649 55.996177 
650 55.996163 
651 55.996038 
652 55.995906 
653 55.995885 
654 55.995754 
655 55.995751 
656 55.995749 
657 55.995747 
658 55.995744 
659 55.99574 
660 55.995729 
661 55.995347 
662 55.995325 
663 55.99516 
664 55.99514 
665 55.995127 
666 55.995053 
667 55.995038 
668 55.994906 
669 55.994898 
670 55.994883 
671 55.994808 
672 55.994792 
673 55.994658 
674 55.994647 
675 55.994629 
676 55.994456 
677 55.994446 
678 55.994435 
679 55.994405 
680 55.993819 
681 55.993781 
682 55.993742 
683 55.993725 
684 55.993712 
685 55.993698 
686 55.993658 
687 55.993593 
688 55.993576 
689 55.99341 
690 55.9934 
691 55.993388 
692 55.993363 
693 55.99247 
694 55.992279 
695 55.992211 
696 55.992187 
697 55.992171 
698 55.992157 
699 55.992138 
700 55.991945 
701 55.991929 
702 55.991913 
703 55.99188 
704 55.991544 
705 55.991497 
706 55.991472 
707 55.991443 
708 55.990914 
709 55.990805 
710 55.99071 
711 55.990635 
712 55.99048 
713 55.990146 
714 55.990135 
715 55.990095 
716 55.99006 
717 55.990008 
718 55.989961 
719 55.989892 
720 55.989877 
721 55.989873 
722 55.98987 
723 55.989864 
724 55.989854 
725 55.989573 
726 55.989567 
727 55.989562 
728 55.989556 
729 55.989548 
730 55.98953 
731 55.989386 
732 55.989381 
733 55.989375 
734 55.989369 
735 55.989358 
736 55.989248 
737 55.989242 
738 55.989236 
739 55.989223 
740 55.988967 
741 55.988957 
742 55.988946 
743 55.988935 
744 55.988914 
745 55.988542 
746 55.988474 
747 55.988359 
748 55.988303 
749 55.988258 
750 55.988224 
751 55.98813 
752 55.988004 
753 55.987926 
754 55.987865 
755 55.987814 
756 55.987804 
757 55.9878 
758 55.987794 
759 55.987782 
760 55.987494 
761 55.987125 
762 55.986458 
763 55.986076 
764 55.985673 
765 55.985296 
766 55.985026 
767 55.984744 
768 55.984476 
769 55.984231 
770 55.984109 
771 55.983988 
772 55.983887 
773 55.983816 
774 55.983786 
775 55.983773 
776 55.983759 
777 55.983744 
778 55.983723 
779 55.983671 
780 55.983488 
781 55.983467 
782 55.983449 
783 55.98343 
784 55.983417 
785 55.98337 
786 55.983367 
787 55.983362 
788 55.983335 
789 55.983329 
790 55.983297 
791 55.983293 
792 55.983275 
793 55.983261 
794 55.982838 
795 55.982816 
796 55.982793 
797 55.982593 
798 55.982583 
799 55.982551 
800 55.982515 
801 55.982498 
802 55.981907 
803 55.981886 
804 55.981879 
805 55.981873 
806 55.981868 
807 55.981863 
808 55.981858 
809 55.981853 
810 55.981848 
811 55.981841 
812 55.981825 
813 55.981219 
814 55.981186 
815 55.981161 
816 55.981127 
817 55.981086 
818 55.980986 
819 55.980973 
820 55.980695 
821 55.980681 
822 55.980669 
823 55.980654 
824 55.980614 
825 55.980515 
826 55.980494 
827 55.98042 
828 55.980393 
829 55.980248 
830 55.980177 
831 55.97996 
832 55.979882 
833 55.979855 
834 55.979281 
835 55.979254 
836 55.979239 
837 55.979228 
838 55.979216 
839 55.9792 
840 55.979141 
841 55.979116 
842 55.977879 
843 55.977754 
844 55.977599 
845 55.977554 
846 55.977519 
847 55.977388 
848 55.977369 
849 55.977363 
850 55.977357 
851 55.977352 
852 55.977347 
853 55.977343 
854 55.977338 
855 55.977334 
856 55.977328 
857 55.977318 
858 55.976981 
859 55.976969 
860 55.976962 
861 55.976956 
862 55.97695 
863 55.976943 
864 55.976938 
865 55.976932 
866 55.976917 
867 55.97622 
868 55.976173 
869 55.976151 
870 55.976124 
871 55.976086 
872 55.975835 
873 55.975788 
874 55.975605 
875 55.975561 
876 55.975457 
877 55.975379 
878 55.97524 
879 55.975133 
880 55.975116 
881 55.975103 
882 55.975093 
883 55.975085 
884 55.975077 
885 55.975067 
886 55.97504 
887 55.974867 
888 55.974855 
889 55.974842 
890 55.974783 
891 55.974768 
892 55.974647 
893 55.974636 
894 55.974624 
895 55.974596 
896 55.974541 
897 55.974527 
898 55.974473 
899 55.974458 
900 55.974295 
901 55.974282 
902 55.974271 
903 55.974256 
904 55.974186 
905 55.974173 
906 55.97414 
907 55.974113 
908 55.974059 
909 55.974047 
910 55.973999 
911 55.973983 
912 55.973548 
913 55.973528 
914 55.973519 
915 55.973511 
916 55.973504 
917 55.973496 
918 55.973485 
919 55.973446 
920 55.973424 
921 55.973272 
922 55.972445 
923 55.971648 
924 55.970913 
925 55.970424 
926 55.970301 
927 55.97026 
928 55.970245 
929 55.970233 
930 55.970206 
931 55.970139 
932 55.970134 
933 55.970126 
934 55.9701 
935 55.970066 
936 55.970055 
937 55.969688 
938 55.96968 
939 55.969673 
940 55.969666 
941 55.969657 
942 55.969635 
943 55.969498 
944 55.969486 
945 55.969476 
946 55.969458 
947 55.968694 
948 55.968651 
949 55.968635 
950 55.96862 
951 55.968605 
952 55.968583 
953 55.968507 
954 55.968489 
955 55.968238 
956 55.968193 
957 55.96814 
958 55.968037 
959 55.967991 
960 55.967756 
961 55.967707 
962 55.967676 
963 55.967653 
964 55.967639 
965 55.967628 
966 55.967616 
967 55.967597 
968 55.966716 
969 55.966526 
970 55.966431 
971 55.966393 
972 55.966137 
973 55.966055 
974 55.965993 
975 55.965888 
976 55.965834 
977 55.965723 
978 55.965713 
979 55.965702 
980 55.965685 
981 55.964804 
982 55.964714 
983 55.964675 
984 55.96465 
985 55.964594 
986 55.964129 
987 55.96409 
988 55.964073 
989 55.96406 
990 55.96405 
991 55.96404 
992 55.964027 
993 55.964014 
994 55.963994 
995 55.963897 
996 55.963658 
997 55.963009 
998 55.962685 
999 55.962332 
1000 55.962126 
1001 55.961849 
1002 55.96161 
1003 55.961356 
1004 55.961168 
1005 55.960992 
1006 55.960801 
1007 55.960616 
1008 55.96048 
1009 55.960341 
1010 55.960256 
1011 55.960215 
1012 55.960171 
1013 55.960144 
1014 55.960131 
1015 55.960113 
1016 55.960107 
1017 55.960084 
1018 55.960068 
1019 55.960049 
1020 55.960017 
1021 55.959954 
1022 55.95981 
1023 55.959725 
1024 55.95971 
1025 55.959671 
1026 55.959514 
1027 55.959494 
1028 55.959152 
1029 55.959146 
1030 55.95912 
1031 55.959036 
1032 55.959028 
1033 55.959004 
1034 55.958972 
1035 55.958952 
1036 55.958892 
1037 55.958885 
1038 55.958862 
1039 55.958827 
1040 55.958811 
1041 55.95839 
1042 55.958365 
1043 55.958361 
1044 55.958357 
1045 55.958353 
1046 55.958349 
1047 55.958343 
1048 55.958332 
1049 55.958194 
1050 55.958189 
1051 55.958183 
1052 55.958176 
1053 55.958158 
1054 55.95751 
1055 55.957479 
1056 55.957472 
1057 55.957466 
1058 55.95746 
1059 55.957454 
1060 55.957447 
1061 55.957436 
1062 55.957381 
1063 55.95737 
1064 55.957289 
1065 55.957283 
1066 55.957272 
1067 55.957178 
1068 55.957172 
1069 55.957162 
1070 55.957117 
1071 55.957105 
1072 55.956845 
1073 55.956835 
1074 55.956829 
1075 55.956823 
1076 55.956814 
1077 55.956796 
1078 55.956095 
1079 55.95606 
1080 55.956049 
1081 55.956037 
1082 55.956023 
1083 55.955986 
1084 55.955944 
1085 55.955926 
1086 55.954986 
1087 55.954888 
1088 55.95488 
1089 55.954874 
1090 55.954868 
1091 55.954862 
1092 55.954856 
1093 55.954849 
1094 55.954839 
1095 55.954816 
1096 55.954657 
1097 55.954651 
1098 55.954644 
1099 55.954636 
1100 55.954615 
1101 55.954376 
1102 55.954364 
1103 55.954354 
1104 55.954342 
1105 55.954313 
1106 55.954267 
1107 55.954253 
1108 55.953632 
1109 55.95356 
1110 55.953546 
1111 55.953533 
1112 55.95352 
1113 55.953501 
1114 55.953274 
1115 55.953112 
1116 55.953102 
1117 55.953094 
1118 55.953084 
1119 55.953065 
1120 55.95239 
1121 55.952282 
1122 55.952186 
1123 55.952149 
1124 55.951661 
1125 55.951586 
1126 55.951514 
1127 55.951492 
1128 55.951474 
1129 55.951453 
1130 55.951431 
1131 55.951396 
1132 55.951294 
1133 55.95066 
1134 55.95063 
1135 55.950607 
1136 55.950587 
1137 55.950571 
1138 55.950558 
1139 55.950546 
1140 55.950536 
1141 55.950527 
1142 55.950518 
1143 55.950509 
1144 55.950498 
1145 55.950483 
1146 55.95044 
1147 55.950331 
1148 55.950321 
1149 55.950304 
1150 55.94963 
1151 55.949462 
1152 55.948676 
1153 55.948173 
1154 55.947564 
1155 55.946985 
1156 55.946442 
1157 55.946091 
1158 55.945853 
1159 55.945711 
1160 55.945633 
1161 55.94558 
1162 55.945526 
1163 55.945468 
1164 55.945412 
1165 55.945371 
1166 55.945333 
1167 55.945255 
1168 55.944984 
1169 55.944883 
1170 55.944842 
1171 55.944735 
1172 55.944729 
1173 55.944727 
1174 55.944726 
1175 55.944724 
1176 55.944722 
1177 55.944719 
1178 55.944716 
1179 55.944712 
1180 55.944698 
1181 55.943465 
1182 55.943247 
1183 55.943082 
1184 55.942906 
1185 55.942748 
1186 55.94263 
1187 55.942563 
1188 55.942494 
1189 55.942427 
1190 55.942357 
1191 55.942308 
1192 55.941999 
1193 55.941954 
1194 55.941925 
1195 55.941887 
1196 55.941781 
1197 55.941732 
1198 55.940926 
1199 55.940831 
1200 55.94078 
1201 55.940437 
1202 55.940397 
1203 55.940374 
1204 55.940352 
1205 55.940319 
1206 55.940073 
1207 55.940007 
1208 55.939897 
1209 55.93985 
1210 55.939695 
1211 55.939677 
1212 55.939655 
1213 55.939317 
1214 55.939258 
1215 55.939232 
1216 55.939216 
1217 55.939203 
1218 55.93919 
1219 55.93917 
1220 55.939009 
1221 55.938983 
1222 55.938912 
1223 55.938835 
1224 55.938786 
1225 55.938507 
1226 55.938397 
1227 55.938346 
1228 55.938302 
1229 55.937561 
1230 55.937432 
1231 55.937284 
1232 55.93725 
1233 55.937205 
1234 55.937125 
1235 55.937098 
1236 55.936603 
1237 55.936563 
1238 55.936538 
1239 55.936518 
1240 55.936501 
1241 55.936483 
1242 55.936447 
1243 55.936189 
1244 55.935881 
1245 55.935033 
1246 55.934608 
1247 55.93433 
1248 55.934251 
1249 55.934188 
1250 55.934039 
1251 55.933974 
1252 55.933905 
1253 55.933852 
1254 55.933801 
1255 55.933772 
1256 55.933346 
1257 55.933339 
1258 55.933332 
1259 55.933319 
1260 55.933307 
1261 55.933291 
1262 55.933221 
1263 55.933196 
1264 55.933107 
1265 55.933096 
1266 55.933074 
1267 55.932843 
1268 55.932832 
1269 55.932822 
1270 55.932805 
1271 55.932664 
1272 55.932654 
1273 55.932636 
1274 55.932388 
1275 55.932377 
1276 55.932366 
1277 55.932346 
1278 55.932133 
1279 55.93212 
1280 55.932097 
1281 55.93195 
1282 55.931922 
1283 55.931817 
1284 55.931783 
1285 55.931252 
1286 55.931131 
1287 55.931035 
1288 55.930959 
1289 55.93079 
1290 55.930697 
1291 55.930682 
1292 55.930675 
1293 55.930665 
1294 55.930638 
1295 55.930402 
1296 55.930389 
1297 55.930378 
1298 55.930367 
1299 55.930353 
1300 55.93029 
1301 55.930276 
1302 55.930163 
1303 55.930153 
1304 55.930139 
1305 55.930101 
1306 55.930067 
1307 55.930026 
1308 55.929994 
1309 55.929945 
1310 55.929924 
1311 55.928876 
1312 55.92732 
1313 55.927196 
1314 55.92707 
1315 55.926927 
1316 55.926607 
1317 55.926348 
1318 55.926079 
1319 55.92589 
1320 55.925752 
1321 55.925589 
1322 55.925425 
1323 55.925306 
1324 55.925197 
1325 55.925069 
1326 55.924948 
1327 55.924832 
1328 55.924709 
1329 55.924633 
1330 55.924545 
1331 55.9245 
1332 55.924412 
1333 55.924345 
1334 55.924287 
1335 55.92425 
1336 55.924216 
1337 55.924176 
1338 55.924148 
1339 55.924118 
1340 55.924094 
1341 55.924074 
1342 55.924053 
1343 55.924032 
1344 55.92402 
1345 55.92401 
1346 55.923997 
1347 55.92398 
1348 55.923959 
1349 55.923944 
1350 55.92393 
1351 55.923913 
1352 55.923884 
1353 55.923807 
1354 55.923689 
1355 55.923586 
1356 55.923563 
1357 55.923417 
1358 55.923414 
1359 55.923408 
1360 55.923392 
1361 55.92329 
1362 55.923286 
1363 55.923279 
1364 55.923158 
1365 55.923156 
1366 55.923111 
1367 55.922889 
1368 55.922879 
1369 55.922855 
1370 55.922762 
1371 55.922753 
1372 55.922728 
1373 55.922706 
1374 55.922452 
1375 55.922446 
1376 55.922429 
1377 55.922338 
1378 55.922301 
1379 55.922281 
1380 55.922018 
1381 55.92201 
1382 55.922006 
1383 55.922001 
1384 55.921995 
1385 55.921987 
1386 55.921965 
1387 55.921802 
1388 55.921794 
1389 55.921789 
1390 55.921782 
1391 55.921769 
1392 55.921586 
1393 55.921578 
1394 55.921572 
1395 55.921563 
1396 55.921541 
1397 55.921368 
1398 55.92136 
1399 55.921354 
1400 55.921344 
1401 55.92131 
1402 55.921283 
1403 55.921222 
1404 55.921213 
1405 55.921184 
1406 55.921133 
1407 55.921122 
1408 55.921051 
1409 55.921037 
1410 55.920901 
1411 55.920892 
1412 55.920884 
1413 55.920868 
1414 55.919143 
1415 55.91895 
1416 55.918932 
1417 55.918912 
1418 55.918667 
1419 55.918643 
1420 55.918608 
1421 55.918407 
1422 55.918399 
1423 55.918386 
1424 55.918334 
1425 55.91832 
1426 55.91808 
1427 55.918073 
1428 55.918066 
1429 55.918059 
1430 55.918046 
1431 55.918002 
1432 55.917984 
1433 55.916103 
1434 55.91593 
1435 55.9159 
1436 55.915879 
1437 55.915859 
1438 55.915823 
1439 55.915601 
1440 55.915591 
1441 55.915582 
1442 55.915571 
1443 55.915551 
1444 55.915316 
1445 55.915279 
1446 55.915244 
1447 55.915175 
1448 55.915024 
1449 55.914974 
1450 55.914872 
1451 55.914858 
1452 55.914811 
1453 55.914761 
1454 55.914733 
1455 55.914347 
1456 55.914314 
1457 55.914292 
1458 55.914272 
1459 55.914222 
1460 55.914117 
1461 55.914071 
1462 55.913976 
1463 55.913932 
1464 55.913336 
1465 55.913306 
1466 55.913297 
1467 55.91329 
1468 55.913283 
1469 55.913277 
1470 55.913271 
1471 55.913265 
1472 55.91326 
1473 55.913175 
1474 55.913124 
1475 55.912929 
1476 55.912901 
1477 55.912883 
1478 55.912865 
1479 55.912839 
1480 55.912758 
1481 55.912712 
1482 55.912581 
1483 55.912542 
1484 55.912487 
1485 55.912412 
1486 55.912363 
1487 55.912117 
1488 55.911872 
1489 55.911807 
1490 55.911705 
1491 55.911656 
1492 55.911598 
1493 55.911214 
1494 55.910736 
1495 55.910436 
1496 55.910112 
1497 55.909841 
1498 55.909496 
1499 55.909255 
1500 55.908978 
1501 55.908748 
1502 55.908549 
1503 55.90837 
1504 55.908233 
1505 55.90815 
1506 55.908084 
1507 55.908039 
1508 55.908004 
1509 55.907965 
1510 55.90795 
1511 55.907938 
1512 55.907916 
1513 55.907887 
1514 55.907848 
1515 55.907761 
1516 55.90755 
1517 55.907505 
1518 55.907101 
1519 55.907094 
1520 55.907083 
1521 55.907054 
1522 55.906991 
1523 55.906979 
1524 55.906928 
1525 55.906913 
1526 55.906818 
1527 55.906812 
1528 55.906802 
1529 55.906773 
1530 55.906712 
1531 55.906702 
1532 55.906656 
1533 55.906638 
1534 55.904954 
1535 55.904822 
1536 55.904758 
1537 55.904711 
1538 55.904645 
1539 55.904623 
1540 55.903557 
1541 55.903527 
1542 55.903502 
1543 55.903485 
1544 55.903474 
1545 55.90346 
1546 55.903437 
1547 55.903338 
1548 55.903323 
1549 55.903205 
1550 55.903156 
1551 55.903067 
1552 55.90305 
1553 55.902996 
1554 55.902967 
1555 55.902777 
1556 55.902744 
1557 55.90272 
1558 55.902463 
1559 55.90243 
1560 55.90241 
1561 55.902389 
1562 55.902239 
1563 55.902214 
1564 55.902173 
1565 55.902129 
1566 55.9021 
1567 55.901999 
1568 55.901986 
1569 55.901964 
1570 55.90011 
1571 55.899964 
1572 55.899957 
1573 55.89995 
1574 55.899944 
1575 55.899937 
1576 55.89993 
1577 55.899922 
1578 55.899909 
1579 55.89935 
1580 55.899311 
1581 55.899285 
1582 55.899263 
1583 55.899244 
1584 55.899226 
1585 55.899207 
1586 55.899169 
1587 55.89903 
1588 55.898996 
1589 55.898429 
1590 55.898393 
1591 55.89836 
1592 55.898321 
1593 55.898242 
1594 55.898217 
1595 55.898011 
1596 55.897974 
1597 55.89779 
1598 55.897745 
1599 55.897473 
1600 55.897209 
1601 55.897125 
1602 55.89697 
1603 55.896847 
1604 55.896811 
1605 55.895271 
1606 55.895226 
1607 55.895198 
1608 55.895172 
1609 55.895149 
1610 55.895127 
1611 55.895097 
1612 55.894749 
1613 55.894614 
1614 55.894512 
1615 55.894405 
1616 55.894327 
1617 55.894112 
1618 55.894079 
1619 55.894064 
1620 55.894052 
1621 55.894038 
1622 55.894006 
1623 55.893728 
1624 55.893089 
1625 55.892015 
1626 55.891441 
1627 55.891305 
1628 55.891264 
1629 55.891198 
1630 55.890996 
1631 55.890911 
1632 55.890901 
1633 55.890896 
1634 55.89089 
1635 55.890883 
1636 55.890874 
1637 55.890857 
1638 55.890317 
1639 55.890285 
1640 55.890239 
1641 55.89018 
1642 55.890155 
1643 55.889629 
1644 55.889603 
1645 55.889578 
1646 55.889486 
1647 55.889431 
1648 55.889397 
1649 55.889277 
1650 55.88926 
1651 55.88921 
1652 55.889177 
1653 55.888817 
1654 55.888744 
1655 55.888709 
1656 55.88865 
1657 55.888567 
1658 55.888551 
1659 55.888505 
1660 55.888445 
1661 55.888389 
1662 55.888341 
1663 55.887948 
1664 55.88793 
1665 55.887916 
1666 55.887902 
1667 55.887875 
1668 55.887241 
1669 55.887201 
1670 55.887177 
1671 55.887158 
1672 55.887134 
1673 55.886915 
1674 55.886888 
1675 55.88686 
1676 55.886786 
1677 55.886756 
1678 55.884893 
1679 55.883928 
1680 55.882548 
1681 55.881835 
1682 55.881213 
1683 55.880902 
1684 55.880761 
1685 55.880648 
1686 55.880561 
1687 55.880496 
1688 55.880447 
1689 55.880396 
1690 55.880267 
1691 55.880188 
1692 55.880038 
1693 55.879955 
1694 55.879875 
1695 55.879844 
1696 55.878972 
1697 55.878925 
1698 55.878895 
1699 55.878869 
1700 55.878821 
1701 55.878589 
1702 55.878563 
1703 55.878537 
1704 55.878457 
1705 55.878404 
1706 55.878273 
1707 55.878232 
1708 55.878107 
1709 55.878076 
1710 55.877981 
1711 55.877948 
1712 55.877309 
1713 55.877266 
1714 55.877236 
1715 55.877191 
1716 55.876937 
1717 55.876918 
1718 55.876898 
1719 55.876858 
1720 55.876743 
1721 55.876721 
1722 55.876554 
1723 55.87654 
1724 55.876522 
1725 55.876476 
1726 55.876353 
1727 55.876333 
1728 55.876302 
1729 55.874527 
1730 55.874495 
1731 55.874471 
1732 55.874452 
1733 55.874436 
1734 55.874423 
1735 55.874412 
1736 55.8744 
1737 55.874385 
1738 55.874352 
1739 55.873688 
1740 55.873634 
1741 55.873594 
1742 55.873564 
1743 55.873534 
1744 55.873387 
1745 55.873357 
1746 55.873208 
1747 55.873188 
1748 55.873145 
1749 55.873029 
1750 55.873012 
1751 55.87297 
1752 55.872873 
1753 55.872853 
1754 55.872728 
1755 55.872698 
1756 55.87265 
1757 55.872549 
1758 55.872133 
1759 55.870821 
1760 55.870018 
1761 55.869649 
1762 55.869579 
1763 55.869554 
1764 55.869453 
1765 55.869366 
1766 55.869326 
1767 55.869311 
1768 55.869052 
1769 55.868971 
1770 55.868926 
1771 55.868746 
1772 55.868728 
1773 55.868713 
1774 55.868694 
1775 55.868654 
1776 55.868575 
1777 55.86855 
1778 55.868023 
1779 55.867988 
1780 55.867966 
1781 55.867948 
1782 55.867931 
1783 55.86791 
1784 55.867792 
1785 55.867768 
1786 55.867706 
1787 55.867673 
1788 55.867127 
1789 55.867073 
1790 55.86704 
1791 55.867013 
1792 55.866953 
1793 55.866895 
1794 55.86685 
1795 55.866763 
1796 55.866726 
1797 55.864943 
1798 55.864857 
1799 55.864812 
1800 55.864712 
1801 55.864675 
1802 55.864437 
1803 55.864419 
1804 55.864403 
1805 55.864381 
1806 55.864208 
1807 55.86419 
1808 55.864171 
1809 55.864087 
1810 55.864066 
1811 55.863912 
1812 55.863875 
1813 55.863819 
1814 55.863749 
1815 55.863725 
1816 55.861914 
1817 55.860775 
1818 55.860562 
1819 55.860008 
1820 55.859266 
1821 55.859078 
1822 55.859021 
1823 55.858989 
1824 55.858949 
1825 55.858598 
1826 55.858537 
1827 55.858427 
1828 55.8584 
1829 55.858295 
1830 55.858271 
1831 55.858197 
1832 55.858169 
1833 55.856014 
1834 55.855768 
1835 55.855687 
1836 55.855564 
1837 55.855514 
1838 55.855466 
1839 55.855335 
1840 55.855017 
1841 55.854962 
1842 55.854917 
1843 55.85468 
1844 55.854636 
1845 55.854517 
1846 55.854505 
1847 55.854158 
1848 55.854079 
1849 55.854004 
1850 55.85368 
1851 55.85297 
1852 55.852323 
1853 55.851886 
1854 55.851488 
1855 55.85129 
1856 55.85118 
1857 55.851108 
1858 55.851089 
1859 55.851058 
1860 55.850997 
1861 55.850821 
1862 55.850769 
1863 55.850569 
1864 55.850521 
1865 55.849961 
1866 55.84995 
1867 55.849943 
1868 55.849934 
1869 55.849923 
1870 55.849896 
1871 55.849602 
1872 55.849583 
1873 55.849288 
1874 55.849276 
1875 55.849262 
1876 55.849228 
1877 55.849039 
1878 55.84903 
1879 55.849016 
1880 55.848982 
1881 55.848884 
1882 55.84887 
1883 55.84883 
1884 55.848776 
1885 55.848742 
1886 55.848699 
1887 55.848363 
1888 55.848357 
1889 55.848354 
1890 55.848349 
1891 55.848344 
1892 55.848337 
1893 55.848323 
1894 55.847913 
1895 55.847903 
1896 55.847897 
1897 55.84789 
1898 55.847882 
1899 55.847871 
1900 55.847852 
1901 55.847353 
1902 55.847325 
1903 55.847311 
1904 55.847289 
1905 55.847206 
1906 55.847169 
1907 55.84686 
1908 55.846843 
1909 55.846829 
1910 55.846811 
1911 55.846768 
1912 55.846714 
1913 55.846621 
1914 55.846607 
1915 55.84655 
1916 55.846522 
1917 55.846037 
1918 55.846016 
1919 55.845994 
1920 55.845722 
1921 55.845713 
1922 55.845704 
1923 55.845691 
1924 55.845656 
1925 55.845487 
1926 55.845477 
1927 55.845465 
1928 55.845439 
1929 55.844329 
1930 55.844248 
1931 55.84422 
1932 55.844029 
1933 55.844003 
1934 55.843952 
1935 55.843835 
1936 55.843813 
1937 55.843778 
1938 55.843423 
1939 55.843398 
1940 55.843379 
1941 55.84336 
1942 55.843335 
1943 55.842049 
1944 55.841628 
1945 55.841001 
1946 55.840399 
1947 55.839994 
1948 55.839452 
1949 55.838994 
1950 55.838558 
1951 55.838131 
1952 55.837853 
1953 55.837747 
1954 55.837625 
1955 55.837537 
1956 55.837456 
1957 55.837417 
1958 55.837392 
1959 55.837362 
1960 55.837313 
1961 55.837258 
1962 55.837172 
1963 55.837058 
1964 55.837021 
1965 55.836904 
1966 55.836892 
1967 55.836878 
1968 55.836833 
1969 55.836799 
1970 55.83668 
1971 55.836671 
1972 55.836657 
1973 55.836609 
1974 55.836578 
1975 55.836446 
1976 55.836437 
1977 55.836423 
1978 55.836353 
1979 55.836338 
1980 55.836244 
1981 55.836232 
1982 55.836199 
1983 55.836095 
1984 55.836084 
1985 55.836061 
1986 55.83528 
1987 55.835257 
1988 55.835194 
1989 55.835176 
1990 55.834936 
1991 55.834928 
1992 55.834918 
1993 55.834899 
1994 55.834595 
1995 55.834586 
1996 55.834579 
1997 55.834571 
1998 55.83456 
1999 55.834536 
2000 55.833429 
2001 55.833376 
2002 55.833246 
2003 55.833223 
2004 55.832945 
2005 55.8329 
2006 55.832801 
2007 55.832766 
2008 55.83229 
2009 55.83227 
2010 55.832262 
2011 55.832255 
2012 55.832249 
2013 55.832242 
2014 55.832235 
2015 55.832228 
2016 55.832219 
2017 55.832203 
2018 55.832137 
2019 55.832016 
2020 55.83199 
2021 55.831894 
2022 55.831859 
2023 55.830851 
2024 55.830798 
2025 55.830774 
2026 55.830754 
2027 55.830735 
2028 55.830705 
2029 55.830226 
2030 55.830198 
2031 55.830171 
2032 55.830084 
2033 55.830033 
2034 55.829935 
2035 55.829887 
2036 55.829753 
2037 55.829734 
2038 55.829686 
2039 55.829545 
2040 55.829505 
2041 55.829447 
2042 55.829311 
2043 55.829301 
2044 55.829288 
2045 55.829249 
2046 55.829167 
2047 55.829153 
2048 55.829105 
2049 55.829062 
2050 55.829013 
2051 55.828973 
2052 55.828911 
2053 55.828886 
2054 55.821516 
2055 55.820068 
2056 55.817776 
2057 55.816187 
2058 55.815034 
2059 55.814545 
2060 55.814196 
2061 55.814051 
2062 55.813993 
2063 55.813963 
2064 55.813941 
2065 55.81392 
2066 55.813897 
2067 55.813857 
2068 55.813718 
2069 55.81325 
2070 55.813222 
2071 55.81319 
2072 55.813119 
2073 55.813073 
2074 55.812996 
2075 55.812978 
2076 55.812836 
2077 55.812826 
2078 55.812816 
2079 55.812798 
2080 55.812659 
2081 55.81265 
2082 55.812634 
2083 55.812555 
2084 55.812535 
2085 55.81216 
2086 55.812154 
2087 55.812148 
2088 55.812142 
2089 55.812135 
2090 55.812126 
2091 55.812109 
2092 55.812007 
2093 55.811991 
2094 55.811925 
2095 55.811899 
2096 55.806019 
2097 55.805425 
2098 55.805393 
2099 55.805373 
2100 55.805357 
2101 55.805344 
2102 55.805331 
2103 55.805318 
2104 55.805302 
2105 55.805278 
2106 55.805168 
2107 55.805105 
2108 55.805027 
2109 55.804989 
2110 55.804385 
2111 55.804351 
2112 55.804332 
2113 55.804315 
2114 55.804296 
2115 55.804264 
2116 55.802165 
2117 55.802015 
2118 55.801824 
2119 55.801695 
2120 55.801156 
2121 55.801148 
2122 55.801098 
2123 55.800761 
2124 55.799737 
2125 55.798832 
2126 55.798527 
2127 55.798383 
2128 55.798281 
2129 55.798144 
2130 55.798052 
2131 55.797932 
2132 55.797896 
2133 55.797735 
2134 55.797708 
2135 55.797658 
2136 55.797507 
2137 55.797488 
2138 55.797454 
2139 55.794908 
2140 55.794801 
2141 55.794764 
2142 55.794739 
2143 55.794719 
2144 55.794698 
2145 55.794663 
2146 55.793681 
2147 55.793635 
2148 55.793575 
2149 55.793273 
2150 55.792982 
2151 55.792947 
2152 55.792402 
2153 55.792286 
2154 55.792211 
2155 55.790744 
2156 55.790635 
2157 55.790585 
2158 55.790547 
2159 55.790516 
2160 55.790489 
2161 55.790433 
2162 55.790172 
2163 55.79012 
2164 55.789942 
2165 55.789887 
2166 55.78895 
2167 55.7886 
2168 55.788366 
2169 55.787804 
2170 55.787362 
2171 55.787026 
2172 55.786628 
2173 55.786284 
2174 55.785973 
2175 55.785759 
2176 55.785581 
2177 55.78541 
2178 55.785306 
2179 55.785209 
2180 55.785149 
2181 55.785115 
2182 55.785073 
2183 55.785043 
2184 55.785015 
2185 55.784967 
2186 55.784885 
2187 55.784681 
2188 55.784639 
2189 55.784433 
2190 55.784415 
2191 55.784397 
2192 55.784365 
2193 55.783698 
2194 55.783687 
2195 55.783646 
2196 55.783518 
2197 55.783501 
2198 55.783457 
2199 55.783366 
2200 55.783346 
2201 55.783258 
2202 55.783239 
2203 55.783138 
2204 55.783122 
2205 55.783074 
2206 55.783011 
2207 55.78298 
2208 55.782211 
2209 55.78218 
2210 55.782168 
2211 55.782156 
2212 55.782142 
2213 55.78211 
2214 55.781572 
2215 55.781561 
2216 55.781551 
2217 55.781541 
2218 55.781527 
2219 55.781495 
2220 55.780986 
2221 55.780973 
2222 55.780961 
2223 55.780948 
2224 55.780925 
2225 55.780725 
2226 55.7807 
2227 55.780656 
2228 55.779832 
2229 55.779749 
2230 55.779694 
2231 55.779639 
2232 55.779319 
2233 55.77925 
2234 55.779021 
2235 55.778801 
2236 55.778749 
2237 55.778723 
2238 55.778684 
2239 55.778209 
2240 55.77815 
2241 55.778102 
2242 55.777749 
2243 55.777675 
2244 55.777628 
2245 55.777419 
2246 55.777346 
2247 55.775386 
2248 55.775285 
2249 55.775236 
2250 55.7752 
2251 55.775165 
2252 55.775116 
2253 55.774406 
2254 55.773918 
2255 55.773667 
2256 55.772974 
2257 55.772812 
2258 55.772723 
2259 55.77264 
2260 55.772549 
2261 55.77245 
2262 55.772298 
2263 55.772214 
2264 55.772139 
2265 55.772037 
2266 55.771975 
2267 55.771859 
2268 55.771755 
2269 55.771676 
2270 55.77159 
2271 55.771516 
2272 55.771466 
2273 55.771406 
2274 55.77129 
2275 55.771205 
2276 55.771137 
2277 55.771064 
2278 55.770936 
2279 55.770863 
2280 55.770816 
2281 55.770758 
2282 55.770702 
2283 55.770648 
2284 55.770599 
2285 55.770531 
2286 55.770485 
2287 55.77044 
2288 55.770396 
2289 55.770359 
2290 55.77032 
2291 55.770266 
2292 55.770218 
2293 55.770171 
2294 55.77014 
2295 55.770116 
2296 55.77008 
2297 55.770062 
2298 55.770041 
2299 55.770022 
2300 55.770001 
2301 55.769986 
2302 55.769968 
2303 55.769954 
2304 55.769945 
2305 55.769932 
2306 55.769923 
2307 55.769912 
2308 55.7699 
2309 55.76989 
2310 55.769871 
2311 55.769856 
2312 55.769843 
2313 55.769827 
2314 55.769811 
2315 55.769782 
2316 55.769752 
2317 55.769722 
2318 55.769674 
2319 55.769624 
2320 55.769548 
2321 55.769455 
2322 55.769281 
2323 55.768863 
2324 55.768858 
2325 55.768785 
2326 55.768746 
2327 55.768625 
2328 55.768578 
2329 55.767245 
2330 55.764825 
2331 55.76473 
2332 55.764666 
2333 55.764552 
2334 55.764068 
2335 55.763357 
2336 55.762374 
2337 55.761878 
2338 55.761662 
2339 55.761571 
2340 55.761482 
2341 55.761437 
2342 55.761281 
2343 55.76108 
2344 55.761034 
2345 55.760671 
2346 55.760533 
2347 55.760438 
2348 55.760417 
2349 55.760347 
2350 55.760251 
2351 55.760218 
2352 55.759602 
2353 55.759588 
2354 55.759574 
2355 55.75956 
2356 55.759541 
2357 55.759487 
2358 55.759286 
2359 55.759269 
2360 55.759245 
2361 55.759092 
2362 55.759075 
2363 55.759042 
2364 55.757241 
2365 55.757201 
2366 55.757173 
2367 55.757143 
2368 55.757083 
2369 55.756939 
2370 55.756912 
2371 55.756777 
2372 55.75675 
2373 55.756609 
2374 55.756572 
2375 55.756002 
2376 55.755937 
2377 55.755897 
2378 55.755854 
2379 55.755598 
2380 55.755553 
2381 55.755458 
2382 55.755356 
2383 55.755275 
2384 55.75516 
2385 55.755087 
2386 55.754958 
2387 55.754945 
2388 55.754918 
2389 55.7542 
2390 55.753285 
2391 55.752271 
2392 55.751457 
2393 55.750782 
2394 55.750504 
2395 55.750296 
2396 55.750225 
2397 55.750198 
2398 55.75017 
2399 55.750128 
2400 55.74976 
2401 55.749743 
2402 55.749695 
2403 55.749603 
2404 55.749579 
2405 55.749127 
2406 55.749119 
2407 55.749112 
2408 55.749105 
2409 55.749097 
2410 55.749086 
2411 55.749066 
2412 55.748933 
2413 55.748919 
2414 55.748885 
2415 55.747929 
2416 55.74791 
2417 55.7479 
2418 55.747888 
2419 55.747871 
2420 55.747824 
2421 55.747742 
2422 55.747719 
2423 55.747336 
2424 55.747328 
2425 55.747321 
2426 55.747313 
2427 55.747302 
2428 55.747283 
2429 55.747149 
2430 55.747137 
2431 55.747113 
2432 55.746431 
2433 55.746418 
2434 55.746408 
2435 55.746399 
2436 55.746389 
2437 55.746154 
2438 55.746114 
2439 55.745746 
2440 55.74573 
2441 55.745712 
2442 55.745657 
2443 55.745536 
2444 55.745515 
2445 55.745443 
2446 55.745408 
2447 55.742394 
2448 55.742164 
2449 55.742143 
2450 55.742126 
2451 55.742048 
2452 55.74204 
2453 55.742032 
2454 55.742025 
2455 55.742016 
2456 55.742006 
2457 55.741991 
2458 55.741958 
2459 55.738878 
2460 55.738526 
2461 55.738025 
2462 55.737466 
2463 55.73694 
2464 55.736417 
2465 55.736009 
2466 55.735691 
2467 55.735427 
2468 55.735219 
2469 55.735068 
2470 55.734904 
2471 55.734839 
2472 55.734796 
2473 55.734712 
2474 55.734646 
2475 55.734552 
2476 55.734415 
2477 55.734176 
2478 55.734145 
2479 55.733995 
2480 55.733965 
2481 55.733334 
2482 55.733281 
2483 55.732797 
2484 55.732748 
2485 55.732571 
2486 55.732534 
2487 55.732414 
2488 55.732359 
2489 55.730426 
2490 55.730336 
2491 55.730288 
2492 55.73025 
2493 55.73018 
2494 55.729936 
2495 55.729881 
2496 55.729816 
2497 55.729359 
2498 55.729292 
2499 55.729249 
2500 55.729209 
2501 55.729116 
2502 55.729027 
2503 55.728829 
2504 55.728776 
2505 55.728669 
2506 55.728612 
2507 55.727344 
2508 55.727265 
2509 55.727217 
2510 55.727181 
2511 55.72715 
2512 55.727123 
2513 55.727094 
2514 55.727047 
2515 55.725373 
2516 55.725325 
2517 55.725293 
2518 55.725258 
2519 55.725192 
2520 55.724502 
2521 55.723725 
2522 55.723639 
2523 55.723482 
2524 55.723464 
2525 55.723421 
2526 55.722026 
2527 55.721142 
2528 55.72109 
2529 55.720337 
2530 55.719807 
2531 55.719328 
2532 55.718925 
2533 55.71875 
2534 55.718662 
2535 55.718625 
2536 55.718569 
2537 55.71854 
2538 55.718503 
2539 55.718425 
2540 55.718184 
2541 55.718143 
2542 55.71796 
2543 55.717727 
2544 55.717717 
2545 55.717712 
2546 55.717704 
2547 55.717693 
2548 55.717327 
2549 55.717252 
2550 55.71722 
2551 55.716841 
2552 55.716834 
2553 55.716831 
2554 55.716828 
2555 55.716822 
2556 55.716814 
2557 55.716805 
2558 55.716774 
2559 55.715797 
2560 55.71576 
2561 55.715677 
2562 55.715373 
2563 55.71535 
2564 55.715289 
2565 55.715051 
2566 55.715035 
2567 55.715019 
2568 55.715002 
2569 55.714969 
2570 55.713846 
2571 55.71379 
2572 55.713609 
2573 55.713371 
2574 55.713274 
2575 55.713178 
2576 55.713088 
2577 55.712994 
2578 55.712889 
2579 55.712824 
2580 55.711912 
2581 55.711868 
2582 55.711848 
2583 55.71183 
2584 55.711813 
2585 55.711796 
2586 55.711773 
2587 55.711703 
2588 55.711632 
2589 55.711587 
2590 55.711235 
2591 55.71121 
2592 55.711188 
2593 55.711162 
2594 55.711073 
2595 55.711038 
2596 55.708257 
2597 55.708021 
2598 55.707997 
2599 55.707977 
2600 55.707954 
2601 55.707922 
2602 55.70777 
2603 55.707718 
2604 55.707097 
2605 55.706696 
2606 55.706052 
2607 55.705316 
2608 55.704804 
2609 55.704488 
2610 55.704151 
2611 55.703876 
2612 55.7037 
2613 55.703512 
2614 55.703413 
2615 55.703319 
2616 55.703253 
2617 55.70321 
2618 55.703191 
2619 55.703162 
2620 55.703134 
2621 55.703068 
2622 55.702958 
2623 55.702935 
2624 55.702804 
2625 55.702785 
2626 55.702704 
2627 55.702677 
2628 55.70173 
2629 55.701698 
2630 55.701679 
2631 55.701621 
2632 55.701566 
2633 55.701463 
2634 55.701446 
2635 55.70139 
2636 55.701309 
2637 55.701283 
2638 55.700532 
2639 55.700506 
2640 55.700498 
2641 55.700489 
2642 55.700479 
2643 55.700466 
2644 55.700445 
2645 55.700316 
2646 55.700296 
2647 55.700243 
2648 55.699946 
2649 55.69993 
2650 55.699914 
2651 55.699892 
2652 55.699812 
2653 55.699779 
2654 55.699305 
2655 55.699282 
2656 55.699266 
2657 55.699251 
2658 55.699231 
2659 55.699182 
2660 55.698091 
2661 55.69801 
2662 55.697974 
2663 55.697638 
2664 55.697391 
2665 55.697233 
2666 55.697087 
2667 55.697045 
2668 55.696588 
2669 55.696548 
2670 55.696523 
2671 55.696493 
2672 55.696383 
2673 55.69633 
2674 55.696047 
2675 55.696026 
2676 55.695993 
2677 55.6953 
2678 55.695263 
2679 55.695239 
2680 55.695197 
2681 55.693459 
2682 55.692905 
2683 55.69223 
2684 55.691321 
2685 55.6907 
2686 55.690088 
2687 55.689814 
2688 55.689679 
2689 55.689632 
2690 55.689584 
2691 55.689544 
2692 55.68942 
2693 55.689377 
2694 55.689148 
2695 55.689141 
2696 55.689131 
2697 55.689096 
2698 55.687985 
2699 55.687968 
2700 55.687952 
2701 55.687923 
2702 55.687806 
2703 55.687781 
2704 55.687665 
2705 55.68764 
2706 55.68743 
2707 55.687414 
2708 55.687392 
2709 55.687329 
2710 55.687152 
2711 55.68713 
2712 55.687099 
2713 55.686744 
2714 55.686717 
2715 55.686688 
2716 55.686579 
2717 55.686549 
2718 55.686154 
2719 55.686125 
2720 55.686098 
2721 55.686044 
2722 55.685786 
2723 55.685755 
2724 55.685734 
2725 55.685668 
2726 55.685584 
2727 55.685536 
2728 55.685086 
2729 55.684934 
2730 55.684846 
2731 55.684655 
2732 55.684537 
2733 55.682192 
2734 55.681974 
2735 55.681892 
2736 55.681553 
2737 55.681458 
2738 55.681288 
2739 55.68125 
2740 55.68125 
2741 55.680892 
2742 55.68063 
2743 55.680535 
2744 55.680513 
2745 55.680363 
2746 55.680136 
2747 55.680101 
2748 55.679999 
2749 55.679887 
2750 55.679824 
2751 55.679765 
2752 55.679622 
2753 55.6796 
2754 55.679516 
2755 55.679378 
2756 55.679222 
2757 55.679096 
2758 55.678969 
2759 55.678833 
2760 55.678733 
2761 55.678609 
2762 55.678525 
2763 55.67841 
2764 55.678329 
2765 55.67825 
2766 55.678151 
2767 55.678087 
2768 55.677987 
2769 55.67791 
2770 55.677825 
2771 55.677771 
2772 55.677713 
2773 55.677654 
2774 55.677597 
2775 55.677553 
2776 55.677523 
2777 55.677478 
2778 55.677421 
2779 55.677391 
2780 55.677358 
2781 55.677332 
2782 55.677309 
2783 55.677283 
2784 55.677271 
2785 55.677257 
2786 55.677245 
2787 55.677237 
2788 55.67723 
2789 55.677221 
2790 55.67721 
2791 55.677189 
2792 55.677171 
2793 55.677154 
2794 55.677138 
2795 55.677106 
2796 55.677073 
2797 55.677004 
2798 55.676921 
2799 55.676785 
2800 55.676498 
2801 55.676493 
2802 55.676477 
2803 55.676439 
2804 55.676376 
2805 55.674718 
2806 55.672958 
2807 55.672797 
2808 55.672519 
2809 55.672372 
2810 55.67219 
2811 55.672164 
2812 55.672088 
2813 55.671976 
2814 55.671921 
2815 55.67096 
2816 55.670926 
2817 55.670897 
2818 55.670869 
2819 55.670825 
2820 55.668934 
2821 55.668826 
2822 55.668767 
2823 55.667607 
2824 55.667405 
2825 55.667183 
2826 55.667157 
2827 55.667139 
2828 55.667117 
2829 55.66707 
2830 55.663226 
2831 55.663113 
2832 55.663025 
2833 55.662858 
2834 55.662698 
2835 55.662573 
2836 55.662502 
2837 55.661961 
2838 55.6617 
2839 55.661192 
2840 55.660604 
2841 55.660162 
2842 55.659874 
2843 55.659613 
2844 55.659432 
2845 55.659338 
2846 55.659212 
2847 55.659134 
2848 55.65907 
2849 55.659009 
2850 55.65897 
2851 55.658934 
2852 55.658913 
2853 55.658873 
2854 55.658835 
2855 55.658792 
2856 55.658733 
2857 55.65859 
2858 55.658203 
2859 55.658168 
2860 55.657926 
2861 55.657897 
2862 55.657817 
2863 55.657758 
2864 55.657639 
2865 55.657598 
2866 55.657306 
2867 55.657264 
2868 55.65697 
2869 55.656926 
2870 55.655953 
2871 55.655923 
2872 55.65591 
2873 55.655898 
2874 55.655886 
2875 55.65587 
2876 55.655834 
2877 55.654707 
2878 55.654681 
2879 55.654658 
2880 55.654611 
2881 55.654331 
2882 55.654303 
2883 55.654271 
2884 55.65403 
2885 55.654009 
2886 55.653986 
2887 55.653933 
2888 55.653748 
2889 55.653726 
2890 55.653698 
2891 55.653445 
2892 55.653424 
2893 55.653397 
2894 55.653289 
2895 55.653262 
2896 55.653074 
2897 55.653052 
2898 55.653013 
2899 55.651638 
2900 55.651569 
2901 55.651509 
2902 55.651327 
2903 55.6513 
2904 55.651225 
2905 55.651163 
2906 55.651069 
2907 55.651035 
2908 55.647948 
2909 55.647028 
2910 55.646974 
2911 55.646685 
2912 55.646001 
2913 55.645414 
2914 55.644958 
2915 55.644603 
2916 55.644339 
2917 55.644045 
2918 55.643847 
2919 55.643656 
2920 55.643538 
2921 55.643478 
2922 55.643409 
2923 55.643366 
2924 55.643347 
2925 55.643324 
2926 55.643273 
2927 55.64321 
2928 55.643127 
2929 55.643001 
2930 55.64273 
2931 55.642699 
2932 55.641379 
2933 55.641347 
2934 55.641333 
2935 55.641307 
2936 55.64111 
2937 55.641095 
2938 55.64106 
2939 55.639956 
2940 55.639927 
2941 55.639825 
2942 55.639488 
2943 55.639451 
2944 55.638411 
2945 55.638385 
2946 55.638361 
2947 55.638336 
2948 55.638132 
2949 55.638072 
2950 55.638037 
2951 55.637794 
2952 55.637768 
2953 55.637734 
2954 55.637623 
2955 55.637551 
2956 55.637368 
2957 55.637336 
2958 55.637248 
2959 55.63717 
2960 55.637049 
2961 55.637004 
2962 55.635404 
2963 55.635314 
2964 55.635264 
2965 55.635052 
2966 55.635028 
2967 55.63498 
2968 55.632143 
2969 55.631854 
2970 55.631744 
2971 55.631664 
2972 55.631193 
2973 55.631154 
2974 55.631113 
2975 55.630955 
2976 55.630908 
2977 55.629863 
2978 55.629828 
2979 55.629799 
2980 55.629768 
2981 55.629725 
2982 55.629531 
2983 55.629466 
2984 55.628278 
2985 55.62823 
2986 55.628193 
2987 55.628153 
2988 55.628079 
2989 55.625847 
2990 55.625783 
2991 55.625745 
2992 55.625699 
2993 55.625594 
2994 55.62385 
2995 55.623686 
2996 55.623257 
2997 55.62273 
2998 55.622509 
2999 55.622209 
3000 55.621995 
3001 55.621633 
3002 55.621432 
3003 55.621126 
3004 55.620951 
3005 55.620768 
3006 55.620621 
3007 55.620481 
3008 55.620362 
3009 55.620248 
3010 55.620151 
3011 55.620086 
3012 55.619985 
3013 55.619912 
3014 55.619874 
3015 55.619847 
3016 55.61981 
3017 55.61978 
3018 55.619741 
3019 55.619707 
3020 55.619667 
3021 55.619621 
3022 55.619584 
3023 55.619553 
3024 55.619518 
3025 55.619453 
3026 55.619221 
3027 55.618989 
3028 55.618975 
3029 55.618955 
3030 55.618892 
3031 55.618804 
3032 55.618759 
3033 55.618022 
3034 55.617996 
3035 55.61798 
3036 55.617963 
3037 55.617939 
3038 55.617875 
3039 55.617705 
3040 55.617688 
3041 55.617637 
3042 55.617372 
3043 55.617354 
3044 55.617332 
3045 55.617275 
3046 55.617144 
3047 55.617112 
3048 55.616853 
3049 55.616838 
3050 55.616818 
3051 55.616777 
3052 55.614114 
3053 55.613629 
3054 55.613507 
3055 55.613473 
3056 55.613444 
3057 55.613367 
3058 55.613218 
3059 55.613182 
3060 55.612975 
3061 55.612947 
3062 55.612905 
3063 55.610841 
3064 55.61067 
3065 55.610564 
3066 55.610041 
3067 55.609939 
3068 55.609872 
3069 55.608808 
3070 55.608774 
3071 55.608737 
3072 55.608664 
3073 55.608332 
3074 55.608317 
3075 55.608263 
3076 55.607891 
3077 55.607864 
3078 55.6078 
3079 55.607577 
3080 55.607552 
3081 55.607512 
3082 55.607193 
3083 55.606706 
3084 55.606339 
3085 55.605864 
3086 55.60561 
3087 55.6054 
3088 55.605107 
3089 55.604868 
3090 55.604607 
3091 55.604359 
3092 55.604146 
3093 55.603974 
3094 55.603824 
3095 55.603645 
3096 55.603543 
3097 55.603461 
3098 55.603382 
3099 55.603302 
3100 55.603261 
3101 55.603211 
3102 55.603167 
3103 55.603116 
3104 55.603087 
3105 55.603075 
3106 55.603055 
3107 55.603038 
3108 55.603003 
3109 55.602959 
3110 55.602854 
3111 55.60263 
3112 55.602475 
3113 55.602357 
3114 55.602335 
3115 55.602091 
3116 55.602059 
3117 55.601867 
3118 55.601799 
3119 55.601696 
3120 55.601634 
3121 55.601519 
3122 55.601228 
3123 55.601216 
3124 55.601197 
3125 55.601079 
3126 55.601062 
3127 55.601018 
3128 55.600636 
3129 55.600626 
3130 55.600617 
3131 55.600607 
3132 55.600588 
3133 55.600515 
3134 55.600458 
3135 55.600386 
3136 55.600335 
3137 55.60031 
3138 55.600029 
3139 55.600015 
3140 55.600002 
3141 55.599974 
3142 55.599502 
3143 55.59948 
3144 55.599454 
3145 55.599219 
3146 55.599178 
3147 55.598639 
3148 55.598623 
3149 55.598614 
3150 55.598603 
3151 55.598583 
3152 55.598479 
3153 55.598454 
3154 55.598226 
3155 55.598215 
3156 55.598199 
3157 55.598156 
3158 55.597874 
3159 55.597861 
3160 55.597846 
3161 55.597812 
3162 55.594398 
3163 55.593706 
3164 55.593649 
3165 55.593372 
3166 55.593308 
3167 55.592056 
3168 55.592037 
3169 55.592018 
3170 55.591999 
3171 55.59198 
3172 55.591959 
3173 55.591935 
3174 55.591891 
3175 55.591265 
3176 55.591246 
3177 55.591228 
3178 55.591207 
3179 55.591178 
3180 55.591122 
3181 55.588333 
3182 55.588194 
3183 55.58806 
3184 55.58789 
3185 55.587636 
3186 55.587607 
3187 55.587592 
3188 55.587577 
3189 55.587558 
3190 55.587507 
3191 55.585511 
3192 55.585345 
3193 55.585249 
3194 55.585175 
3195 55.585094 
3196 55.58506 
3197 55.584874 
3198 55.584232 
3199 55.584168 
3200 55.584101 
3201 55.583993 
3202 55.583892 
3203 55.583796 
3204 55.583649 
3205 55.58351 
3206 55.583348 
3207 55.583161 
3208 55.58298 
3209 55.582858 
3210 55.582743 
3211 55.582642 
3212 55.582546 
3213 55.582462 
3214 55.582381 
3215 55.582263 
3216 55.582188 
3217 55.582114 
3218 55.582047 
3219 55.58196 
3220 55.581888 
3221 55.581832 
3222 55.581772 
3223 55.581715 
3224 55.581654 
3225 55.581609 
3226 55.581572 
3227 55.581536 
3228 55.581489 
3229 55.581456 
3230 55.581433 
3231 55.581396 
3232 55.581366 
3233 55.581338 
3234 55.581314 
3235 55.581287 
3236 55.581269 
3237 55.58125 
3238 55.581233 
3239 55.581226 
3240 55.581213 
3241 55.581202 
3242 55.581196 
3243 55.581191 
3244 55.581184 
3245 55.581177 
3246 55.58116 
3247 55.58115 
3248 55.581115 
3249 55.581102 
3250 55.581075 
3251 55.581032 
3252 55.580987 
3253 55.580921 
3254 55.580802 
3255 55.580635 
3256 55.580446 
3257 55.580434 
3258 55.579886 
3259 55.579869 
3260 55.579853 
3261 55.579731 
3262 55.579489 
3263 55.579478 
3264 55.579464 
3265 55.579448 
3266 55.579416 
3267 55.577907 
3268 55.577625 
3269 55.577571 
3270 55.577514 
3271 55.5775 
3272 55.577476 
3273 55.577373 
3274 55.577302 
3275 55.577239 
3276 55.57711 
3277 55.577089 
3278 55.57703 
3279 55.576875 
3280 55.576853 
3281 55.576816 
3282 55.570513 
3283 55.568765 
3284 55.568662 
3285 55.568606 
3286 55.568547 
3287 55.568329 
3288 55.56792 
3289 55.567662 
3290 55.567577 
3291 55.567374 
3292 55.567349 
3293 55.567298 
3294 55.563505 
3295 55.562978 
3296 55.561811 
3297 55.561279 
3298 55.560745 
3299 55.560446 
3300 55.560237 
3301 55.560099 
3302 55.56 
3303 55.55995 
3304 55.559893 
3305 55.559795 
3306 55.559771 
3307 55.559731 
3308 55.559474 
3309 55.559432 
3310 55.558677 
3311 55.558644 
3312 55.558474 
3313 55.558372 
3314 55.558161 
3315 55.558143 
3316 55.558101 
3317 55.556954 
3318 55.556934 
3319 55.55692 
3320 55.556903 
3321 55.556872 
3322 55.556445 
3323 55.556426 
3324 55.556402 
3325 55.556365 
3326 55.556172 
3327 55.556105 
3328 55.555127 
3329 55.555118 
3330 55.555109 
3331 55.5551 
3332 55.555089 
3333 55.555077 
3334 55.555058 
3335 55.554992 
3336 55.554828 
3337 55.55481 
3338 55.554756 
3339 55.554457 
3340 55.554439 
3341 55.554418 
3342 55.55437 
3343 55.553201 
3344 55.55317 
3345 55.55316 
3346 55.553151 
3347 55.553143 
3348 55.553135 
3349 55.553127 
3350 55.553119 
3351 55.55311 
3352 55.553099 
3353 55.553083 
3354 55.553053 
3355 55.552561 
3356 55.552546 
3357 55.552531 
3358 55.552512 
3359 55.552473 
3360 55.551377 
3361 55.551246 
3362 55.551117 
3363 55.551018 
3364 55.550959 
3365 55.550824 
3366 55.550802 
3367 55.550699 
3368 55.550663 
3369 55.543924 
3370 55.542704 
3371 55.542538 
3372 55.542381 
3373 55.542381 
3374 55.542227 
3375 55.54199 
3376 55.541832 
3377 55.541518 
3378 55.541116 
3379 55.540892 
3380 55.5406 
3381 55.540303 
3382 55.540043 
3383 55.539863 
3384 55.539698 
3385 55.539563 
3386 55.539444 
3387 55.539346 
3388 55.539274 
3389 55.539177 
3390 55.539104 
3391 55.539054 
3392 55.539017 
3393 55.538999 
3394 55.538982 
3395 55.538965 
3396 55.538945 
3397 55.538917 
3398 55.538853 
3399 55.53876 
3400 55.538565 
3401 55.538321 
3402 55.538102 
3403 55.538008 
3404 55.537857 
3405 55.537818 
3406 55.536416 
3407 55.535525 
3408 55.535329 
3409 55.535201 
3410 55.535145 
3411 55.534159 
3412 55.534143 
3413 55.534126 
3414 55.534102 
3415 55.533979 
3416 55.533922 
3417 55.533378 
3418 55.533361 
3419 55.53335 
3420 55.533337 
3421 55.533318 
3422 55.533273 
3423 55.53206 
3424 55.532038 
3425 55.532026 
3426 55.532013 
3427 55.532001 
3428 55.531987 
3429 55.531964 
3430 55.531898 
3431 55.530926 
3432 55.530902 
3433 55.530886 
3434 55.530868 
3435 55.530843 
3436 55.530787 
3437 55.530025 
3438 55.530008 
3439 55.529981 
3440 55.529799 
3441 55.529248 
3442 55.528573 
3443 55.528077 
3444 55.527653 
3445 55.527259 
3446 55.526901 
3447 55.526664 
3448 55.52649 
3449 55.526381 
3450 55.526299 
3451 55.526232 
3452 55.526206 
3453 55.526185 
3454 55.526153 
3455 55.526118 
3456 55.525978 
3457 55.52577 
3458 55.525752 
3459 55.525702 
3460 55.525544 
3461 55.525516 
3462 55.524613 
3463 55.524595 
3464 55.524586 
3465 55.524575 
3466 55.524431 
3467 55.524345 
3468 55.524304 
3469 55.521852 
3470 55.521742 
3471 55.521666 
3472 55.52144 
3473 55.521391 
3474 55.521298 
3475 55.521177 
3476 55.521145 
3477 55.521019 
3478 55.520946 
3479 55.520759 
3480 55.520715 
3481 55.520612 
3482 55.520542 
3483 55.520301 
3484 55.520266 
3485 55.520228 
3486 55.520104 
3487 55.520065 
3488 55.519485 
3489 55.519445 
3490 55.519411 
3491 55.519375 
3492 55.519283 
3493 55.519229 
3494 55.51781 
3495 55.517749 
3496 55.517712 
3497 55.517678 
3498 55.517621 
3499 55.517225 
3500 55.517185 
3501 55.517047 
3502 55.516988 
3503 55.515752 
3504 55.515161 
3505 55.514427 
3506 55.513932 
3507 55.513568 
3508 55.513214 
3509 55.512806 
3510 55.512495 
3511 55.512178 
3512 55.511979 
3513 55.511867 
3514 55.511786 
3515 55.5117 
3516 55.51164 
3517 55.511592 
3518 55.511534 
3519 55.511495 
3520 55.511465 
3521 55.511444 
3522 55.511425 
3523 55.511407 
3524 55.511388 
3525 55.511361 
3526 55.511275 
3527 55.511229 
3528 55.510972 
3529 55.510962 
3530 55.510949 
3531 55.510919 
3532 55.509656 
3533 55.509561 
3534 55.509549 
3535 55.509538 
3536 55.509527 
3537 55.509516 
3538 55.509503 
3539 55.509489 
3540 55.509466 
3541 55.509396 
3542 55.509252 
3543 55.509238 
3544 55.509209 
3545 55.508388 
3546 55.508335 
3547 55.508323 
3548 55.508307 
3549 55.508284 
3550 55.508211 
3551 55.508106 
3552 55.508069 
3553 55.500946 
3554 55.499327 
3555 55.498944 
3556 55.498869 
3557 55.498815 
3558 55.498746 
3559 55.497844 
3560 55.497724 
3561 55.497487 
3562 55.497451 
3563 55.497279 
3564 55.497204 
3565 55.497037 
3566 55.496399 
3567 55.49589 
3568 55.495275 
3569 55.494885 
3570 55.494656 
3571 55.494503 
3572 55.494403 
3573 55.494329 
3574 55.494312 
3575 55.494242 
3576 55.494097 
3577 55.493496 
3578 55.493465 
3579 55.493419 
3580 55.492855 
3581 55.492732 
3582 55.492723 
3583 55.492715 
3584 55.492702 
3585 55.492665 
3586 55.492366 
3587 55.49236 
3588 55.492353 
3589 55.492338 
3590 55.492275 
3591 55.492246 
3592 55.491163 
3593 55.491159 
3594 55.491156 
3595 55.491152 
3596 55.491148 
3597 55.491142 
3598 55.491134 
3599 55.490177 
3600 55.490155 
3601 55.490137 
3602 55.490117 
3603 55.490092 
3604 55.490047 
3605 55.489909 
3606 55.48987 
3607 55.488781 
3608 55.488723 
3609 55.488688 
3610 55.488656 
3611 55.488607 
3612 55.488451 
3613 55.488403 
3614 55.486997 
3615 55.486851 
3616 55.486817 
3617 55.486783 
3618 55.486726 
3619 55.486003 
3620 55.485898 
3621 55.485863 
3622 55.485802 
3623 55.485539 
3624 55.484641 
3625 55.484453 
3626 55.484305 
3627 55.483188 
3628 55.482351 
3629 55.481958 
3630 55.48175 
3631 55.481622 
3632 55.48157 
3633 55.481547 
3634 55.481474 
3635 55.481126 
3636 55.481001 
3637 55.480923 
3638 55.480842 
3639 55.480791 
3640 55.480204 
3641 55.480192 
3642 55.480181 
3643 55.480169 
3644 55.480154 
3645 55.480132 
3646 55.480055 
3647 55.479961 
3648 55.479921 
3649 55.472643 
3650 55.471264 
3651 55.47007 
3652 55.469075 
3653 55.46798 
3654 55.467441 
3655 55.467117 
3656 55.466933 
3657 55.466801 
3658 55.466682 
3659 55.466585 
3660 55.466534 
3661 55.466449 
3662 55.466378 
3663 55.46619 
3664 55.46588 
3665 55.465814 
3666 55.465726 
3667 55.465674 
3668 55.464889 
3669 55.464876 
3670 55.464863 
3671 55.464848 
3672 55.464826 
3673 55.464762 
3674 55.46462 
3675 55.464595 
3676 55.464494 
3677 55.464454 
3678 55.459504 
3679 55.456564 
3680 55.456552 
3681 55.455853 
3682 55.455345 
3683 55.454389 
3684 55.451726 
3685 55.450138 
3686 55.449072 
3687 55.448341 
3688 55.447583 
3689 55.447112 
3690 55.446691 
3691 55.446212 
3692 55.446004 
3693 55.445738 
3694 55.445499 
3695 55.445378 
3696 55.445324 
3697 55.445227 
3698 55.444971 
3699 55.444784 
3700 55.444737 
3701 55.443794 
3702 55.443741 
3703 55.443103 
3704 55.443065 
3705 55.443022 
3706 55.442926 
3707 55.442857 
3708 55.442764 
3709 55.442729 
3710 55.440593 
3711 55.440571 
3712 55.44056 
3713 55.440549 
3714 55.440537 
3715 55.440522 
3716 55.440501 
3717 55.44043 
3718 55.440311 
3719 55.440268 
3720 55.436519 
3721 55.435873 
3722 55.435225 
3723 55.434004 
3724 55.43278 
3725 55.431741 
3726 55.431405 
3727 55.431259 
3728 55.431159 
3729 55.431093 
3730 55.431039 
3731 55.430972 
3732 55.430697 
3733 55.430589 
3734 55.429874 
3735 55.429699 
3736 55.429647 
3737 55.429603 
3738 55.429438 
3739 55.429331 
3740 55.429192 
3741 55.429084 
3742 55.428902 
3743 55.42884 
3744 55.428444 
3745 55.428147 
3746 55.428108 
3747 55.426165 
3748 55.426135 
3749 55.426114 
3750 55.426049 
3751 55.42586 
3752 55.42519 
3753 55.425136 
3754 55.425112 
3755 55.425092 
3756 55.425074 
3757 55.425057 
3758 55.42504 
3759 55.425019 
3760 55.424988 
3761 55.424842 
3762 55.42467 
3763 55.424595 
3764 55.423257 
3765 55.422929 
3766 55.422912 
3767 55.422891 
3768 55.422479 
3769 55.421364 
3770 55.420712 
3771 55.420531 
3772 55.420485 
3773 55.42029 
3774 55.420041 
3775 55.420029 
3776 55.42001 
3777 55.419975 
3778 55.419348 
3779 55.419329 
3780 55.419305 
3781 55.419213 
3782 55.418925 
3783 55.418845 
3784 55.418716 
3785 55.418558 
3786 55.418437 
3787 55.418345 
3788 55.418129 
3789 55.418103 
3790 55.418087 
3791 55.418068 
3792 55.418033 
3793 55.4177 
3794 55.41769 
3795 55.417676 
3796 55.417654 
3797 55.41757 
3798 55.417392 
3799 55.417368 
3800 55.417261 
3801 55.417195 
3802 55.416695 
3803 55.416672 
3804 55.41665 
3805 55.416609 
3806 55.416303 
3807 55.416285 
3808 55.416256 
3809 55.416153 
3810 55.416024 
3811 55.415981 
3812 55.413701 
3813 55.41355 
3814 55.411489 
3815 55.411131 
3816 55.411088 
3817 55.410984 
3818 55.410177 
3819 55.409829 
3820 55.409791 
3821 55.409751 
3822 55.409613 
3823 55.409198 
3824 55.408871 
3825 55.408434 
3826 55.408032 
3827 55.407676 
3828 55.407401 
3829 55.407134 
3830 55.406884 
3831 55.406704 
3832 55.406563 
3833 55.406443 
3834 55.40632 
3835 55.406193 
3836 55.406106 
3837 55.406042 
3838 55.406002 
3839 55.405965 
3840 55.405944 
3841 55.405911 
3842 55.405885 
3843 55.405865 
3844 55.405838 
3845 55.405799 
3846 55.405769 
3847 55.405704 
3848 55.405597 
3849 55.405393 
3850 55.405163 
3851 55.405087 
3852 55.405007 
3853 55.404836 
3854 55.404825 
3855 55.404809 
3856 55.404752 
3857 55.404684 
3858 55.404646 
3859 55.404266 
3860 55.404252 
3861 55.404234 
3862 55.403899 
3863 55.403877 
3864 55.403828 
3865 55.403589 
3866 55.403454 
3867 55.403389 
3868 55.402523 
3869 55.402515 
3870 55.40251 
3871 55.402506 
3872 55.4025 
3873 55.402483 
3874 55.402431 
3875 55.402313 
3876 55.402296 
3877 55.402237 
3878 55.401891 
3879 55.401874 
3880 55.401857 
3881 55.40183 
3882 55.401716 
3883 55.401682 
3884 55.401096 
3885 55.401067 
3886 55.401051 
3887 55.40103 
3888 55.400993 
3889 55.400556 
3890 55.400536 
3891 55.400522 
3892 55.400505 
3893 55.400477 
3894 55.400354 
3895 55.400315 
3896 55.398855 
3897 55.398649 
3898 55.398631 
3899 55.398614 
3900 55.398596 
3901 55.398573 
3902 55.398537 
3903 55.398266 
3904 55.398245 
3905 55.398206 
3906 55.397984 
3907 55.39795 
3908 55.397847 
3909 55.397684 
3910 55.397638 
3911 55.390998 
3912 55.390783 
3913 55.389688 
3914 55.388927 
3915 55.388361 
3916 55.38773 
3917 55.387175 
3918 55.386878 
3919 55.386652 
3920 55.386543 
3921 55.386446 
3922 55.38636 
3923 55.386315 
3924 55.386279 
3925 55.38625 
3926 55.386224 
3927 55.386195 
3928 55.386154 
3929 55.386003 
3930 55.385938 
3931 55.384874 
3932 55.384819 
3933 55.384527 
3934 55.384487 
3935 55.384323 
3936 55.384239 
3937 55.383849 
3938 55.383831 
3939 55.383803 
3940 55.3837 
3941 55.383636 
3942 55.383289 
3943 55.383275 
3944 55.383257 
3945 55.383224 
3946 55.382986 
3947 55.382966 
3948 55.382928 
3949 55.382169 
3950 55.382147 
3951 55.38213 
3952 55.382108 
3953 55.382064 
3954 55.380402 
3955 55.380121 
3956 55.380083 
3957 55.380052 
3958 55.380015 
3959 55.379962 
3960 55.379769 
3961 55.379526 
3962 55.37943 
3963 55.379394 
3964 55.379182 
3965 55.379076 
3966 55.378472 
3967 55.378329 
3968 55.377667 
3969 55.37697 
3970 55.376456 
3971 55.375987 
3972 55.375628 
3973 55.375258 
3974 55.374911 
3975 55.374666 
3976 55.374541 
3977 55.374428 
3978 55.374285 
3979 55.374203 
3980 55.374151 
3981 55.374114 
3982 55.374073 
3983 55.374024 
3984 55.373967 
3985 55.373799 
3986 55.373639 
3987 55.373615 
3988 55.373541 
3989 55.37324 
3990 55.373218 
3991 55.373183 
3992 55.372858 
3993 55.372837 
3994 55.372812 
3995 55.372758 
3996 55.371804 
3997 55.371768 
3998 55.371743 
3999 55.371701 
4000 55.370803 
4001 55.370778 
4002 55.370758 
4003 55.370727 
4004 55.370642 
4005 55.370523 
4006 55.370476 
4007 55.364838 
4008 55.363558 
4009 55.360581 
4010 55.359877 
4011 55.35958 
4012 55.359448 
4013 55.359384 
4014 55.359087 
4015 55.358615 
4016 55.358217 
4017 55.358172 
4018 55.358139 
4019 55.357793 
4020 55.357379 
4021 55.357085 
4022 55.356754 
4023 55.356545 
4024 55.356313 
4025 55.356094 
4026 55.355912 
4027 55.355744 
4028 55.3556 
4029 55.355471 
4030 55.355384 
4031 55.355283 
4032 55.355206 
4033 55.355124 
4034 55.355055 
4035 55.354975 
4036 55.35493 
4037 55.354858 
4038 55.354804 
4039 55.354764 
4040 55.354733 
4041 55.354709 
4042 55.354689 
4043 55.35468 
4044 55.354649 
4045 55.354624 
4046 55.35459 
4047 55.354519 
4048 55.354398 
4049 55.354123 
4050 55.354087 
4051 55.353234 
4052 55.353172 
4053 55.353122 
4054 55.352933 
4055 55.352379 
4056 55.35236 
4057 55.352345 
4058 55.35233 
4059 55.352312 
4060 55.352286 
4061 55.352188 
4062 55.352113 
4063 55.352012 
4064 55.351964 
4065 55.351142 
4066 55.35092 
4067 55.350768 
4068 55.350375 
4069 55.350317 
4070 55.3499 
4071 55.349733 
4072 55.349462 
4073 55.349447 
4074 55.349437 
4075 55.349426 
4076 55.349411 
4077 55.349384 
4078 55.349216 
4079 55.349191 
4080 55.34909 
4081 55.349033 
4082 55.348627 
4083 55.348608 
4084 55.348592 
4085 55.348569 
4086 55.348483 
4087 55.34842 
4088 55.348257 
4089 55.348238 
4090 55.348182 
4091 55.347703 
4092 55.34769 
4093 55.347678 
4094 55.347664 
4095 55.347641 
4096 55.347563 
4097 55.347445 
4098 55.347414 
4099 55.34702 
4100 55.347004 
4101 55.346987 
4102 55.346956 
4103 55.346702 
4104 55.346686 
4105 55.346661 
4106 55.346568 
4107 55.346506 
4108 55.346041 
4109 55.344555 
4110 55.344552 
4111 55.344136 
4112 55.343886 
4113 55.343591 
4114 55.343402 
4115 55.343285 
4116 55.343118 
4117 55.342886 
4118 55.342779 
4119 55.342659 
4120 55.342525 
4121 55.342356 
4122 55.342253 
4123 55.342156 
4124 55.342041 
4125 55.341941 
4126 55.341858 
4127 55.341766 
4128 55.341712 
4129 55.341654 
4130 55.341588 
4131 55.341547 
4132 55.341501 
4133 55.341446 
4134 55.341405 
4135 55.34136 
4136 55.341309 
4137 55.341268 
4138 55.341232 
4139 55.341214 
4140 55.341184 
4141 55.341154 
4142 55.341133 
4143 55.341118 
4144 55.341106 
4145 55.341099 
4146 55.341089 
4147 55.341068 
4148 55.341038 
4149 55.341012 
4150 55.34097 
4151 55.340908 
4152 55.340828 
4153 55.340646 
4154 55.340644 
4155 55.340306 
4156 55.340294 
4157 55.338534 
4158 55.337401 
4159 55.33705 
4160 55.336751 
4161 55.336498 
4162 55.336341 
4163 55.336267 
4164 55.332989 
4165 55.332969 
4166 55.332856 
4167 55.332612 
4168 55.332592 
4169 55.331748 
4170 55.330957 
4171 55.330507 
4172 55.330203 
4173 55.329933 
4174 55.329782 
4175 55.32968 
4176 55.329626 
4177 55.329563 
4178 55.329501 
4179 55.329442 
4180 55.32929 
4181 55.32912 
4182 55.329056 
4183 55.328172 
4184 55.328155 
4185 55.32814 
4186 55.328123 
4187 55.328103 
4188 55.327951 
4189 55.327898 
4190 55.325332 
4191 55.325168 
4192 55.325119 
4193 55.325084 
4194 55.325056 
4195 55.325033 
4196 55.325005 
4197 55.324945 
4198 55.323892 
4199 55.323819 
4200 55.323779 
4201 55.323729 
4202 55.32353 
4203 55.323451 
4204 55.323157 
4205 55.323128 
4206 55.323087 
4207 55.322959 
4208 55.322887 
4209 55.322626 
4210 55.322602 
4211 55.322469 
4212 55.322418 
4213 55.319738 
4214 55.319721 
4215 55.318988 
4216 55.31843 
4217 55.317917 
4218 55.317444 
4219 55.316958 
4220 55.316516 
4221 55.31615 
4222 55.315961 
4223 55.315839 
4224 55.315708 
4225 55.315626 
4226 55.315551 
4227 55.315508 
4228 55.315468 
4229 55.315433 
4230 55.315386 
4231 55.315349 
4232 55.315289 
4233 55.315021 
4234 55.314805 
4235 55.314763 
4236 55.314666 
4237 55.314475 
4238 55.314427 
4239 55.31421 
4240 55.314177 
4241 55.314036 
4242 55.313984 
4243 55.313916 
4244 55.309749 
4245 55.307914 
4246 55.307771 
4247 55.307547 
4248 55.307065 
4249 55.307048 
4250 55.307028 
4251 55.307 
4252 55.306913 
4253 55.306844 
4254 55.306213 
4255 55.306192 
4256 55.306175 
4257 55.306157 
4258 55.306136 
4259 55.306082 
4260 55.303442 
4261 55.303302 
4262 55.303011 
4263 55.302947 
4264 55.302496 
4265 55.302206 
4266 55.301874 
4267 55.301104 
4268 55.300534 
4269 55.30009 
4270 55.299862 
4271 55.299646 
4272 55.299489 
4273 55.299362 
4274 55.299291 
4275 55.299228 
4276 55.299206 
4277 55.29915 
4278 55.299056 
4279 55.298885 
4280 55.298194 
4281 55.298107 
4282 55.29748 
4283 55.297427 
4284 55.297361 
4285 55.297051 
4286 55.297039 
4287 55.297023 
4288 55.296991 
4289 55.296033 
4290 55.296012 
4291 55.295994 
4292 55.295973 
4293 55.295946 
4294 55.295868 
4295 55.295669 
4296 55.295637 
4297 55.295539 
4298 55.295485 
4299 55.29473 
4300 55.294704 
4301 55.294686 
4302 55.294668 
4303 55.294649 
4304 55.294624 
4305 55.294552 
4306 55.294276 
4307 55.29425 
4308 55.294218 
4309 55.294139 
4310 55.293979 
4311 55.293945 
4312 55.293831 
4313 55.293763 
4314 55.293514 
4315 55.293486 
4316 55.293426 
4317 55.291625 
4318 55.290227 
4319 55.289245 
4320 55.288562 
4321 55.288145 
4322 55.28774 
4323 55.287481 
4324 55.287332 
4325 55.287269 
4326 55.287215 
4327 55.28714 
4328 55.287106 
4329 55.287079 
4330 55.287051 
4331 55.287009 
4332 55.286714 
4333 55.28664 
4334 55.28644 
4335 55.286412 
4336 55.286359 
4337 55.285247 
4338 55.285167 
4339 55.285127 
4340 55.285098 
4341 55.285071 
4342 55.285036 
4343 55.284755 
4344 55.284725 
4345 55.284685 
4346 55.284271 
4347 55.284237 
4348 55.284159 
4349 55.28391 
4350 55.283874 
4351 55.283811 
4352 55.282621 
4353 55.282555 
4354 55.282516 
4355 55.282484 
4356 55.282427 
4357 55.282265 
4358 55.282215 
4359 55.281614 
4360 55.281576 
4361 55.281522 
4362 55.280616 
4363 55.28055 
4364 55.280501 
4365 55.279352 
4366 55.278699 
4367 55.278138 
4368 55.277707 
4369 55.277337 
4370 55.277171 
4371 55.277055 
4372 55.277021 
4373 55.276929 
4374 55.276703 
4375 55.276491 
4376 55.276441 
4377 55.275232 
4378 55.275137 
4379 55.274903 
4380 55.274829 
4381 55.273372 
4382 55.273156 
4383 55.272868 
4384 55.272677 
4385 55.272655 
4386 55.27263 
4387 55.272555 
4388 55.272438 
4389 55.272392 
4390 55.268529 
4391 55.267347 
4392 55.267007 
4393 55.266818 
4394 55.266637 
4395 55.266566 
4396 55.26642 
4397 55.266376 
4398 55.263029 
4399 55.260009 
4400 55.259648 
4401 55.259326 
4402 55.258953 
4403 55.258572 
4404 55.258334 
4405 55.258118 
4406 55.257902 
4407 55.257702 
4408 55.257619 
4409 55.257533 
4410 55.257431 
4411 55.257356 
4412 55.257282 
4413 55.257226 
4414 55.257197 
4415 55.257165 
4416 55.257119 
4417 55.25708 
4418 55.257042 
4419 55.256985 
4420 55.2568 
4421 55.256383 
4422 55.256352 
4423 55.256256 
4424 55.256166 
4425 55.256023 
4426 55.255969 
4427 55.255369 
4428 55.255352 
4429 55.255335 
4430 55.255308 
4431 55.255139 
4432 55.25512 
4433 55.255081 
4434 55.251227 
4435 55.249426 
4436 55.249163 
4437 55.248763 
4438 55.248708 
4439 55.248664 
4440 55.248553 
4441 55.24841 
4442 55.248342 
4443 55.246273 
4444 55.246157 
4445 55.24609 
4446 55.246042 
4447 55.245993 
4448 55.245855 
4449 55.245408 
4450 55.245214 
4451 55.244978 
4452 55.244949 
4453 55.244613 
4454 55.24439 
4455 55.244092 
4456 55.243848 
4457 55.243663 
4458 55.243503 
4459 55.243353 
4460 55.243209 
4461 55.243072 
4462 55.242971 
4463 55.242889 
4464 55.242816 
4465 55.242753 
4466 55.242679 
4467 55.242623 
4468 55.242587 
4469 55.242547 
4470 55.242527 
4471 55.242502 
4472 55.242473 
4473 55.242458 
4474 55.242444 
4475 55.242422 
4476 55.242407 
4477 55.242375 
4478 55.242313 
4479 55.242181 
4480 55.241897 
4481 55.241364 
4482 55.241315 
4483 55.241105 
4484 55.241083 
4485 55.241068 
4486 55.241041 
4487 55.240244 
4488 55.240219 
4489 55.240194 
4490 55.240157 
4491 55.239832 
4492 55.239803 
4493 55.239764 
4494 55.239574 
4495 55.239537 
4496 55.239423 
4497 55.239356 
4498 55.238876 
4499 55.238834 
4500 55.2388 
4501 55.238761 
4502 55.238644 
4503 55.238589 
4504 55.237792 
4505 55.23775 
4506 55.237687 
4507 55.237371 
4508 55.237305 
4509 55.235804 
4510 55.235591 
4511 55.235562 
4512 55.235539 
4513 55.235514 
4514 55.235477 
4515 55.234854 
4516 55.234806 
4517 55.234774 
4518 55.234733 
4519 55.234647 
4520 55.234183 
4521 55.233983 
4522 55.233767 
4523 55.233724 
4524 55.233467 
4525 55.23293 
4526 55.232222 
4527 55.231613 
4528 55.23117 
4529 55.230769 
4530 55.230466 
4531 55.230307 
4532 55.2302 
4533 55.230084 
4534 55.23003 
4535 55.230012 
4536 55.229992 
4537 55.229923 
4538 55.229638 
4539 55.229518 
4540 55.229386 
4541 55.229371 
4542 55.229356 
4543 55.229286 
4544 55.229254 
4545 55.226074 
4546 55.224389 
4547 55.222249 
4548 55.221106 
4549 55.22067 
4550 55.220526 
4551 55.220267 
4552 55.220059 
4553 55.220039 
4554 55.220031 
4555 55.220021 
4556 55.220009 
4557 55.219993 
4558 55.219967 
4559 55.219855 
4560 55.219779 
4561 55.219655 
4562 55.21962 
4563 55.219185 
4564 55.219162 
4565 55.219137 
4566 55.219099 
4567 55.218724 
4568 55.218681 
4569 55.218635 
4570 55.218435 
4571 55.218222 
4572 55.217116 
4573 55.216439 
4574 55.215938 
4575 55.215666 
4576 55.21555 
4577 55.215449 
4578 55.215412 
4579 55.215359 
4580 55.215275 
4581 55.214923 
4582 55.214595 
4583 55.214523 
4584 55.214412 
4585 55.214368 
4586 55.210466 
4587 55.210466 
4588 55.210208 
4589 55.209691 
4590 55.208707 
4591 55.20861 
4592 55.208002 
4593 55.207786 
4594 55.2077 
4595 55.207526 
4596 55.207174 
4597 55.206872 
4598 55.206469 
4599 55.206178 
4600 55.205996 
4601 55.205845 
4602 55.20569 
4603 55.205574 
4604 55.205494 
4605 55.205408 
4606 55.205348 
4607 55.205289 
4608 55.205247 
4609 55.20522 
4610 55.205187 
4611 55.205142 
4612 55.205108 
4613 55.205074 
4614 55.205042 
4615 55.205 
4616 55.204904 
4617 55.204641 
4618 55.204611 
4619 55.204466 
4620 55.20443 
4621 55.204137 
4622 55.204115 
4623 55.204089 
4624 55.204008 
4625 55.203915 
4626 55.203845 
4627 55.203721 
4628 55.203677 
4629 55.201076 
4630 55.200515 
4631 55.200458 
4632 55.200419 
4633 55.200389 
4634 55.200365 
4635 55.200344 
4636 55.200319 
4637 55.200269 
4638 55.197911 
4639 55.19775 
4640 55.197618 
4641 55.197374 
4642 55.197339 
4643 55.197256 
4644 55.197145 
4645 55.197058 
4646 55.196909 
4647 55.196838 
4648 55.195848 
4649 55.195824 
4650 55.195806 
4651 55.195789 
4652 55.195773 
4653 55.195755 
4654 55.19573 
4655 55.19567 
4656 55.194105 
4657 55.194074 
4658 55.194056 
4659 55.19404 
4660 55.194022 
4661 55.193352 
4662 55.192452 
4663 55.192178 
4664 55.192104 
4665 55.19186 
4666 55.191792 
4667 55.191402 
4668 55.191367 
4669 55.191236 
4670 55.191185 
4671 55.189856 
4672 55.189819 
4673 55.189808 
4674 55.189798 
4675 55.189788 
4676 55.189779 
4677 55.189768 
4678 55.189757 
4679 55.189743 
4680 55.189724 
4681 55.189688 
4682 55.189402 
4683 55.189304 
4684 55.188032 
4685 55.187741 
4686 55.187685 
4687 55.186382 
4688 55.185511 
4689 55.185441 
4690 55.185114 
4691 55.184827 
4692 55.18449 
4693 55.184152 
4694 55.1839 
4695 55.183748 
4696 55.183554 
4697 55.183375 
4698 55.183253 
4699 55.183136 
4700 55.183055 
4701 55.182964 
4702 55.182885 
4703 55.182826 
4704 55.182749 
4705 55.182707 
4706 55.182651 
4707 55.182607 
4708 55.182578 
4709 55.182557 
4710 55.18252 
4711 55.182477 
4712 55.18243 
4713 55.182394 
4714 55.182306 
4715 55.18225 
4716 55.182098 
4717 55.181695 
4718 55.181481 
4719 55.181088 
4720 55.181069 
4721 55.181045 
4722 55.18097 
4723 55.180881 
4724 55.180802 
4725 55.180723 
4726 55.180614 
4727 55.180564 
4728 55.179995 
4729 55.179985 
4730 55.179973 
4731 55.179952 
4732 55.179888 
4733 55.179776 
4734 55.179744 
4735 55.178702 
4736 55.178627 
4737 55.178614 
4738 55.178601 
4739 55.178589 
4740 55.178575 
4741 55.178558 
4742 55.178527 
4743 55.178006 
4744 55.177996 
4745 55.177987 
4746 55.177978 
4747 55.177967 
4748 55.177954 
4749 55.177929 
4750 55.177798 
4751 55.177744 
4752 55.174121 
4753 55.17377 
4754 55.173741 
4755 55.173716 
4756 55.173695 
4757 55.173677 
4758 55.17366 
4759 55.173644 
4760 55.173629 
4761 55.173612 
4762 55.173593 
4763 55.173564 
4764 55.173426 
4765 55.173367 
4766 55.172483 
4767 55.172444 
4768 55.172416 
4769 55.172391 
4770 55.172359 
4771 55.17224 
4772 55.172199 
4773 55.170411 
4774 55.169923 
4775 55.168543 
4776 55.168106 
4777 55.167893 
4778 55.167839 
4779 55.167773 
4780 55.167169 
4781 55.167059 
4782 55.166906 
4783 55.166882 
4784 55.166844 
4785 55.162623 
4786 55.162419 
4787 55.162389 
4788 55.162362 
4789 55.162338 
4790 55.162314 
4791 55.162289 
4792 55.162256 
4793 55.162188 
4794 55.161009 
4795 55.160959 
4796 55.160904 
4797 55.160764 
4798 55.160273 
4799 55.160251 
4800 55.16023 
4801 55.160203 
4802 55.160141 
4803 55.157831 
4804 55.157282 
4805 55.157094 
4806 55.157039 
4807 55.156787 
4808 55.156078 
4809 55.155907 
4810 55.155729 
4811 55.155473 
4812 55.155234 
4813 55.155055 
4814 55.154886 
4815 55.154731 
4816 55.154566 
4817 55.154413 
4818 55.154306 
4819 55.154148 
4820 55.154045 
4821 55.153973 
4822 55.153876 
4823 55.153794 
4824 55.153726 
4825 55.153648 
4826 55.153603 
4827 55.153548 
4828 55.153499 
4829 55.153436 
4830 55.15339 
4831 55.153335 
4832 55.153298 
4833 55.153264 
4834 55.153238 
4835 55.153215 
4836 55.15316 
4837 55.153101 
4838 55.153055 
4839 55.153004 
4840 55.152941 
4841 55.152869 
4842 55.152754 
4843 55.152559 
4844 55.152095 
4845 55.151974 
4846 55.151923 
4847 55.150063 
4848 55.14904 
4849 55.149 
4850 55.148967 
4851 55.148938 
4852 55.14891 
4853 55.148879 
4854 55.148829 
4855 55.148363 
4856 55.148321 
4857 55.148303 
4858 55.148282 
4859 55.148248 
4860 55.148028 
4861 55.147988 
4862 55.147604 
4863 55.147573 
4864 55.146989 
4865 55.146939 
4866 55.146705 
4867 55.146147 
4868 55.145677 
4869 55.145266 
4870 55.144966 
4871 55.144659 
4872 55.144474 
4873 55.144319 
4874 55.144214 
4875 55.144129 
4876 55.144075 
4877 55.144043 
4878 55.144021 
4879 55.14398 
4880 55.143907 
4881 55.143698 
4882 55.143111 
4883 55.14308 
4884 55.14295 
4885 55.142747 
4886 55.142698 
4887 55.142355 
4888 55.142331 
4889 55.142296 
4890 55.142047 
4891 55.142024 
4892 55.141971 
4893 55.140054 
4894 55.140033 
4895 55.140018 
4896 55.140001 
4897 55.139974 
4898 55.13989 
4899 55.139655 
4900 55.139634 
4901 55.139587 
4902 55.135627 
4903 55.134951 
4904 55.134883 
4905 55.134846 
4906 55.134813 
4907 55.13478 
4908 55.134736 
4909 55.134406 
4910 55.134356 
4911 55.134251 
4912 55.134102 
4913 55.134074 
4914 55.134014 
4915 55.133425 
4916 55.133414 
4917 55.133404 
4918 55.133392 
4919 55.13338 
4920 55.133364 
4921 55.133338 
4922 55.13323 
4923 55.133129 
4924 55.133034 
4925 55.132256 
4926 55.131186 
4927 55.130542 
4928 55.130002 
4929 55.129847 
4930 55.129768 
4931 55.129739 
4932 55.129573 
4933 55.129265 
4934 55.129184 
4935 55.129045 
4936 55.128946 
4937 55.12886 
4938 55.128767 
4939 55.128694 
4940 55.128562 
4941 55.128521 
4942 55.127689 
4943 55.127658 
4944 55.127628 
4945 55.127597 
4946 55.127562 
4947 55.127487 
4948 55.12717 
4949 55.127125 
4950 55.127072 
4951 55.126248 
4952 55.126194 
4953 55.12614 
4954 55.126082 
4955 55.125529 
4956 55.125507 
4957 55.125493 
4958 55.125478 
4959 55.125455 
4960 55.125436 
4961 55.125408 
4962 55.125339 
4963 55.121289 
4964 55.121099 
4965 55.121019 
4966 55.120849 
4967 55.120764 
4968 55.12019 
4969 55.119998 
4970 55.119192 
4971 55.119168 
4972 55.119086 
4973 55.118808 
4974 55.11844 
4975 55.118232 
4976 55.118026 
4977 55.117814 
4978 55.117596 
4979 55.117462 
4980 55.117285 
4981 55.117126 
4982 55.116984 
4983 55.11686 
4984 55.11674 
4985 55.116654 
4986 55.116572 
4987 55.116513 
4988 55.11643 
4989 55.116373 
4990 55.116338 
4991 55.116293 
4992 55.116269 
4993 55.116248 
4994 55.116235 
4995 55.116226 
4996 55.116198 
4997 55.116166 
4998 55.11612 
4999 55.116038 
5000 55.115885 
5001 55.11542 
5002 55.115402 
5003 55.115279 
5004 55.115246 
5005 55.11514 
5006 55.114781 
5007 55.114721 
5008 55.114667 
5009 55.114522 
5010 55.114504 
5011 55.114422 
5012 55.114348 
5013 55.11418 
5014 55.114162 
5015 55.114119 
5016 55.111922 
5017 55.111139 
5018 55.110908 
5019 55.110851 
5020 55.110825 
5021 55.110579 
5022 55.110554 
5023 55.110459 
5024 55.110271 
5025 55.110249 
5026 55.110206 
5027 55.108661 
5028 55.108628 
5029 55.108602 
5030 55.10857 
5031 55.108508 
5032 55.107407 
5033 55.106958 
5034 55.106811 
5035 55.106403 
5036 55.106034 
5037 55.105774 
5038 55.105622 
5039 55.105443 
5040 55.105148 
5041 55.104988 
5042 55.104877 
5043 55.104756 
5044 55.104616 
5045 55.104492 
5046 55.104362 
5047 55.104229 
5048 55.104125 
5049 55.104006 
5050 55.103922 
5051 55.103833 
5052 55.103752 
5053 55.103687 
5054 55.103633 
5055 55.103562 
5056 55.103492 
5057 55.103433 
5058 55.103398 
5059 55.103358 
5060 55.103307 
5061 55.103253 
5062 55.103207 
5063 55.103168 
5064 55.103132 
5065 55.103093 
5066 55.103035 
5067 55.10301 
5068 55.102986 
5069 55.102969 
5070 55.102958 
5071 55.102946 
5072 55.102933 
5073 55.102925 
5074 55.102911 
5075 55.102899 
5076 55.10287 
5077 55.102857 
5078 55.102813 
5079 55.102785 
5080 55.102756 
5081 55.102725 
5082 55.102696 
5083 55.102659 
5084 55.102599 
5085 55.102412 
5086 55.101694 
5087 55.101671 
5088 55.101617 
5089 55.101261 
5090 55.101233 
5091 55.10104 
5092 55.100879 
5093 55.100785 
5094 55.100267 
5095 55.100107 
5096 55.099886 
5097 55.099866 
5098 55.099847 
5099 55.0998 
5100 55.098733 
5101 55.098706 
5102 55.098696 
5103 55.098686 
5104 55.098674 
5105 55.098658 
5106 55.098627 
5107 55.098201 
5108 55.09819 
5109 55.098179 
5110 55.098166 
5111 55.098143 
5112 55.09806 
5113 55.097982 
5114 55.097916 
5115 55.097698 
5116 55.097683 
5117 55.097658 
5118 55.097513 
5119 55.097487 
5120 55.097355 
5121 55.097326 
5122 55.096924 
5123 55.096905 
5124 55.096888 
5125 55.096865 
5126 55.096807 
5127 55.095989 
5128 55.095922 
5129 55.09588 
5130 55.095843 
5131 55.095772 
5132 55.095012 
5133 55.094942 
5134 55.09492 
5135 55.094899 
5136 55.094878 
5137 55.094853 
5138 55.094814 
5139 55.093995 
5140 55.09395 
5141 55.093907 
5142 55.093764 
5143 55.093673 
5144 55.093563 
5145 55.093481 
5146 55.09292 
5147 55.09288 
5148 55.092853 
5149 55.092823 
5150 55.092712 
5151 55.0926 
5152 55.092506 
5153 55.092414 
5154 55.091985 
5155 55.091685 
5156 55.091686 
5157 55.091622 
5158 55.090413 
5159 55.089767 
5160 55.089185 
5161 55.08869 
5162 55.088455 
5163 55.088288 
5164 55.088183 
5165 55.088132 
5166 55.088066 
5167 55.08765 
5168 55.087543 
5169 55.087401 
5170 55.087388 
5171 55.087367 
5172 55.087215 
5173 55.087201 
5174 55.087171 
5175 55.086143 
5176 55.086069 
5177 55.086017 
5178 55.085969 
5179 55.085816 
5180 55.085674 
5181 55.085536 
5182 55.085437 
5183 55.082571 
5184 55.082271 
5185 55.082183 
5186 55.082083 
5187 55.082026 
5188 55.081976 
5189 55.081876 
5190 55.081719 
5191 55.081673 
5192 55.078827 
5193 55.078357 
5194 55.078355 
5195 55.078302 
5196 55.07808 
5197 55.077479 
5198 55.077099 
5199 55.076607 
5200 55.076126 
5201 55.075781 
5202 55.075381 
5203 55.07507 
5204 55.074895 
5205 55.074661 
5206 55.074444 
5207 55.074307 
5208 55.074187 
5209 55.074077 
5210 55.073972 
5211 55.073839 
5212 55.07373 
5213 55.073573 
5214 55.073483 
5215 55.073427 
5216 55.073388 
5217 55.073348 
5218 55.07327 
5219 55.073188 
5220 55.072999 
5221 55.072593 
5222 55.072544 
5223 55.071999 
5224 55.07197 
5225 55.071936 
5226 55.071834 
5227 55.071782 
5228 55.071289 
5229 55.071277 
5230 55.071266 
5231 55.071254 
5232 55.071241 
5233 55.071222 
5234 55.071175 
5235 55.070068 
5236 55.070046 
5237 55.070029 
5238 55.070007 
5239 55.069956 
5240 55.069523 
5241 55.069505 
5242 55.069452 
5243 55.068467 
5244 55.068413 
5245 55.068387 
5246 55.068346 
5247 55.068118 
5248 55.068088 
5249 55.068008 
5250 55.0678 
5251 55.067766 
5252 55.067708 
5253 55.066859 
5254 55.066814 
5255 55.066795 
5256 55.066779 
5257 55.066766 
5258 55.066753 
5259 55.066741 
5260 55.066725 
5261 55.066702 
5262 55.066618 
5263 55.065978 
5264 55.065957 
5265 55.065939 
5266 55.06592 
5267 55.065896 
5268 55.065286 
5269 55.065184 
5270 55.064969 
5271 55.064875 
5272 55.064146 
5273 55.064 
5274 55.063998 
5275 55.063818 
5276 55.062739 
5277 55.061709 
5278 55.06126 
5279 55.061049 
5280 55.060976 
5281 55.060935 
5282 55.060875 
5283 55.060587 
5284 55.060345 
5285 55.060278 
5286 55.060225 
5287 55.05974 
5288 55.059709 
5289 55.059677 
5290 55.059618 
5291 55.059399 
5292 55.059318 
5293 55.057738 
5294 55.057563 
5295 55.057459 
5296 55.057225 
5297 55.057149 
5298 55.056253 
5299 55.055979 
5300 55.055905 
5301 55.055544 
5302 55.055495 
5303 55.054359 
5304 55.054171 
5305 55.053903 
5306 55.05383 
5307 55.053603 
5308 55.053603 
5309 55.053487 
5310 55.05345 
5311 55.053296 
5312 55.053279 
5313 55.053257 
5314 55.053132 
5315 55.052792 
5316 55.052505 
5317 55.052253 
5318 55.051954 
5319 55.051658 
5320 55.051293 
5321 55.050973 
5322 55.050705 
5323 55.050519 
5324 55.050356 
5325 55.050279 
5326 55.050169 
5327 55.050109 
5328 55.050048 
5329 55.050016 
5330 55.049999 
5331 55.049961 
5332 55.049941 
5333 55.049918 
5334 55.049876 
5335 55.049818 
5336 55.049746 
5337 55.049527 
5338 55.048854 
5339 55.048813 
5340 55.048423 
5341 55.048408 
5342 55.04839 
5343 55.048355 
5344 55.047901 
5345 55.047876 
5346 55.04784 
5347 55.047742 
5348 55.047491 
5349 55.047453 
5350 55.047349 
5351 55.047199 
5352 55.047121 
5353 55.046802 
5354 55.046773 
5355 55.046706 
5356 55.04633 
5357 55.04629 
5358 55.046249 
5359 55.046167 
5360 55.045987 
5361 55.045933 
5362 55.045759 
5363 55.045676 
5364 55.045561 
5365 55.04549 
5366 55.045337 
5367 55.045299 
5368 55.044081 
5369 55.043984 
5370 55.04394 
5371 55.043902 
5372 55.043872 
5373 55.043832 
5374 55.043565 
5375 55.043528 
5376 55.04341 
5377 55.043353 
5378 55.041131 
5379 55.041121 
5380 55.041122 
5381 55.041114 
5382 55.040819 
5383 55.04014 
5384 55.039919 
5385 55.039033 
5386 55.038771 
5387 55.038547 
5388 55.038202 
5389 55.03795 
5390 55.037775 
5391 55.03761 
5392 55.037494 
5393 55.037342 
5394 55.037241 
5395 55.037147 
5396 55.037047 
5397 55.036985 
5398 55.036921 
5399 55.036857 
5400 55.036779 
5401 55.036726 
5402 55.036655 
5403 55.036605 
5404 55.036574 
5405 55.03654 
5406 55.036524 
5407 55.036507 
5408 55.03649 
5409 55.036442 
5410 55.036402 
5411 55.036375 
5412 55.036349 
5413 55.03632 
5414 55.036269 
5415 55.035997 
5416 55.035625 
5417 55.035609 
5418 55.035589 
5419 55.035536 
5420 55.035158 
5421 55.035144 
5422 55.035128 
5423 55.035109 
5424 55.035073 
5425 55.034313 
5426 55.034282 
5427 55.03423 
5428 55.033871 
5429 55.033857 
5430 55.033839 
5431 55.033806 
5432 55.033491 
5433 55.033474 
5434 55.033447 
5435 55.033356 
5436 55.033262 
5437 55.033213 
5438 55.032406 
5439 55.032372 
5440 55.032359 
5441 55.032345 
5442 55.03233 
5443 55.032311 
5444 55.032276 
5445 55.031881 
5446 55.031862 
5447 55.031838 
5448 55.031775 
5449 55.031276 
5450 55.031252 
5451 55.031236 
5452 55.031211 
5453 55.031126 
5454 55.031014 
5455 55.030972 
5456 55.025181 
5457 55.023993 
5458 55.023954 
5459 55.023918 
5460 55.023881 
5461 55.023835 
5462 55.023707 
5463 55.023574 
5464 55.023487 
5465 55.023253 
5466 55.022717 
5467 55.022665 
5468 55.022261 
5469 55.021758 
5470 55.021278 
5471 55.020877 
5472 55.020619 
5473 55.020438 
5474 55.02028 
5475 55.020149 
5476 55.020071 
5477 55.02001 
5478 55.019958 
5479 55.019917 
5480 55.019892 
5481 55.019836 
5482 55.019705 
5483 55.019289 
5484 55.019265 
5485 55.019225 
5486 55.018913 
5487 55.018876 
5488 55.018826 
5489 55.018253 
5490 55.018095 
5491 55.017989 
5492 55.017713 
5493 55.017626 
5494 55.017599 
5495 55.017561 
5496 55.017462 
5497 55.017386 
5498 55.013998 
5499 55.013708 
5500 55.013651 
5501 55.013607 
5502 55.013556 
5503 55.013126 
5504 55.013066 
5505 55.012885 
5506 55.012704 
5507 55.012608 
5508 55.011894 
5509 55.011827 
5510 55.011768 
5511 55.011722 
5512 55.011631 
5513 55.010118 
5514 55.010066 
5515 55.010037 
5516 55.010014 
5517 55.009994 
5518 55.009975 
5519 55.009957 
5520 55.009934 
5521 55.0099 
5522 55.00977 
5523 55.009539 
5524 55.009252 
5525 55.009226 
5526 55.008896 
5527 55.008858 
5528 55.008848 
5529 55.008834 
5530 55.008488 
5531 55.008223 
5532 55.007914 
5533 55.007658 
5534 55.007497 
5535 55.007227 
5536 55.007047 
5537 55.00692 
5538 55.006764 
5539 55.006572 
5540 55.006477 
5541 55.006336 
5542 55.006238 
5543 55.006142 
5544 55.006073 
5545 55.006005 
5546 55.005947 
5547 55.005915 
5548 55.005887 
5549 55.005847 
5550 55.005805 
5551 55.005769 
5552 55.005743 
5553 55.00573 
5554 55.005708 
5555 55.005696 
5556 55.005689 
5557 55.005678 
5558 55.005656 
5559 55.005622 
5560 55.005584 
5561 55.005517 
5562 55.005399 
5563 55.005258 
5564 55.004988 
5565 55.004937 
5566 55.003783 
5567 55.003305 
5568 55.003172 
5569 55.002649 
5570 55.002546 
5571 55.002229 
5572 55.002043 
5573 55.001958 
5574 55.001722 
5575 55.001691 
5576 55.001634 
5577 55.00044 
5578 55.000355 
5579 55.000307 
5580 55.000265 
5581 55.000224 
5582 54.999981 
5583 54.999909 
5584 54.998488 
5585 54.998448 
5586 54.998418 
5587 54.99839 
5588 54.998366 
5589 54.998334 
5590 54.998279 
5591 54.997972 
5592 54.997918 
5593 54.995644 
5594 54.994609 
5595 54.994043 
5596 54.993718 
5597 54.993304 
5598 54.992935 
5599 54.992551 
5600 54.992295 
5601 54.992016 
5602 54.991835 
5603 54.991655 
5604 54.991533 
5605 54.991467 
5606 54.991402 
5607 54.99136 
5608 54.991332 
5609 54.991263 
5610 54.991202 
5611 54.991117 
5612 54.991032 
5613 54.990771 
5614 54.990178 
5615 54.99015 
5616 54.9901 
5617 54.989401 
5618 54.989386 
5619 54.98937 
5620 54.989351 
5621 54.989318 
5622 54.988668 
5623 54.988632 
5624 54.988587 
5625 54.988354 
5626 54.988308 
5627 54.988068 
5628 54.988007 
5629 54.987237 
5630 54.987117 
5631 54.987022 
5632 54.986885 
5633 54.986726 
5634 54.986657 
5635 54.985081 
5636 54.985055 
5637 54.985038 
5638 54.98502 
5639 54.984999 
5640 54.98497 
5641 54.984854 
5642 54.984781 
5643 54.984546 
5644 54.984523 
5645 54.984488 
5646 54.984284 
5647 54.984262 
5648 54.984217 
5649 54.98165 
5650 54.981474 
5651 54.98144 
5652 54.981409 
5653 54.981367 
5654 54.981104 
5655 54.981073 
5656 54.981014 
5657 54.980643 
5658 54.9803 
5659 54.979484 
5660 54.978708 
5661 54.978027 
5662 54.977837 
5663 54.977762 
5664 54.977721 
5665 54.977589 
5666 54.977147 
5667 54.977125 
5668 54.977106 
5669 54.977074 
5670 54.976866 
5671 54.976828 
5672 54.976749 
5673 54.976663 
5674 54.976623 
5675 54.975466 
5676 54.975445 
5677 54.975436 
5678 54.975429 
5679 54.975421 
5680 54.975414 
5681 54.975407 
5682 54.9754 
5683 54.975392 
5684 54.975384 
5685 54.975375 
5686 54.975363 
5687 54.975343 
5688 54.975268 
5689 54.975165 
5690 54.975108 
5691 54.974713 
5692 54.974696 
5693 54.974679 
5694 54.974655 
5695 54.974562 
5696 54.974526 
5697 54.970725 
5698 54.970286 
5699 54.970252 
5700 54.970219 
5701 54.970184 
5702 54.97012 
5703 54.969826 
5704 54.969625 
5705 54.968838 
5706 54.968264 
5707 54.967703 
5708 54.967232 
5709 54.966747 
5710 54.966569 
5711 54.96643 
5712 54.966337 
5713 54.966272 
5714 54.966238 
5715 54.966217 
5716 54.966155 
5717 54.966037 
5718 54.965631 
5719 54.965481 
5720 54.965457 
5721 54.965387 
5722 54.965343 
5723 54.965137 
5724 54.96513 
5725 54.965119 
5726 54.965097 
5727 54.964393 
5728 54.964374 
5729 54.964361 
5730 54.964349 
5731 54.964335 
5732 54.964316 
5733 54.964277 
5734 54.961148 
5735 54.960665 
5736 54.960391 
5737 54.960223 
5738 54.960041 
5739 54.960021 
5740 54.959982 
5741 54.959612 
5742 54.959601 
5743 54.959588 
5744 54.95957 
5745 54.959533 
5746 54.958393 
5747 54.958359 
5748 54.958326 
5749 54.958283 
5750 54.958073 
5751 54.958025 
5752 54.957739 
5753 54.957657 
5754 54.957124 
5755 54.956785 
5756 54.955858 
5757 54.955572 
5758 54.955485 
5759 54.954704 
5760 54.954677 
5761 54.954658 
5762 54.95464 
5763 54.954616 
5764 54.954556 
5765 54.953657 
5766 54.953431 
5767 54.95318 
5768 54.952411 
5769 54.95183 
5770 54.951384 
5771 54.951051 
5772 54.950783 
5773 54.950439 
5774 54.950213 
5775 54.950075 
5776 54.949912 
5777 54.949756 
5778 54.949672 
5779 54.949632 
5780 54.94961 
5781 54.949583 
5782 54.949525 
5783 54.949466 
5784 54.949294 
5785 54.949062 
5786 54.948934 
5787 54.948902 
5788 54.948619 
5789 54.948607 
5790 54.948592 
5791 54.94857 
5792 54.948466 
5793 54.948429 
5794 54.945704 
5795 54.945613 
5796 54.945541 
5797 54.945504 
5798 54.945457 
5799 54.945163 
5800 54.94513 
5801 54.9451 
5802 54.945034 
5803 54.943516 
5804 54.943473 
5805 54.943448 
5806 54.943426 
5807 54.943403 
5808 54.943376 
5809 54.943319 
5810 54.942165 
5811 54.942099 
5812 54.94207 
5813 54.942045 
5814 54.942016 
5815 54.941942 
5816 54.941566 
5817 54.94154 
5818 54.941503 
5819 54.940168 
5820 54.940013 
5821 54.939928 
5822 54.939871 
5823 54.939675 
5824 54.939582 
5825 54.938734 
5826 54.938424 
5827 54.93833 
5828 54.938268 
5829 54.938136 
5830 54.938005 
5831 54.93789 
5832 54.937668 
5833 54.937498 
5834 54.937408 
5835 54.937164 
5836 54.936446 
5837 54.935829 
5838 54.935304 
5839 54.935 
5840 54.93479 
5841 54.934694 
5842 54.934649 
5843 54.934605 
5844 54.934435 
5845 54.934148 
5846 54.934138 
5847 54.934134 
5848 54.934128 
5849 54.934122 
5850 54.934113 
5851 54.9341 
5852 54.933716 
5853 54.933672 
5854 54.933607 
5855 54.933094 
5856 54.933059 
5857 54.933022 
5858 54.932902 
5859 54.932842 
5860 54.930901 
5861 54.930841 
5862 54.930798 
5863 54.930761 
5864 54.93073 
5865 54.930699 
5866 54.930652 
5867 54.929675 
5868 54.929553 
5869 54.929473 
5870 54.928999 
5871 54.928826 
5872 54.928393 
5873 54.928164 
5874 54.927876 
5875 54.927838 
5876 54.9274 
5877 54.927166 
5878 54.926833 
5879 54.92673 
5880 54.926616 
5881 54.925774 
5882 54.925568 
5883 54.925491 
5884 54.924791 
5885 54.924644 
5886 54.924467 
5887 54.923909 
5888 54.923847 
5889 54.923848 
5890 54.923556 
5891 54.922961 
5892 54.922449 
5893 54.922037 
5894 54.921667 
5895 54.921361 
5896 54.921157 
5897 54.921061 
5898 54.920979 
5899 54.92094 
5900 54.920887 
5901 54.920864 
5902 54.920832 
5903 54.920797 
5904 54.920746 
5905 54.920462 
5906 54.920258 
5907 54.920196 
5908 54.920116 
5909 54.920098 
5910 54.920088 
5911 54.920066 
5912 54.919236 
5913 54.919219 
5914 54.919199 
5915 54.91881 
5916 54.918788 
5917 54.918766 
5918 54.918727 
5919 54.917895 
5920 54.917863 
5921 54.917839 
5922 54.917801 
5923 54.917548 
5924 54.917519 
5925 54.917462 
5926 54.915527 
5927 54.915284 
5928 54.915158 
5929 54.915108 
5930 54.914618 
5931 54.914559 
5932 54.914439 
5933 54.913626 
5934 54.913586 
5935 54.913557 
5936 54.91353 
5937 54.913503 
5938 54.913462 
5939 54.913292 
5940 54.913048 
5941 54.912879 
5942 54.912516 
5943 54.912449 
5944 54.912388 
5945 54.911158 
5946 54.910997 
5947 54.910807 
5948 54.91045 
5949 54.910398 
5950 54.910337 
5951 54.909518 
5952 54.909303 
5953 54.908793 
5954 54.908554 
5955 54.908437 
5956 54.908084 
5957 54.907687 
5958 54.907418 
5959 54.907189 
5960 54.906907 
5961 54.906689 
5962 54.90648 
5963 54.90633 
5964 54.906169 
5965 54.906093 
5966 54.906016 
5967 54.905896 
5968 54.905847 
5969 54.905786 
5970 54.905748 
5971 54.90573 
5972 54.905707 
5973 54.90566 
5974 54.905618 
5975 54.905526 
5976 54.905372 
5977 54.90526 
5978 54.90521 
5979 54.905038 
5980 54.90502 
5981 54.904989 
5982 54.904288 
5983 54.904277 
5984 54.904269 
5985 54.904259 
5986 54.904247 
5987 54.904229 
5988 54.904185 
5989 54.903766 
5990 54.903752 
5991 54.90374 
5992 54.903721 
5993 54.903677 
5994 54.90252 
5995 54.902365 
5996 54.902346 
5997 54.902327 
5998 54.902306 
5999 54.902289 
6000 54.902258 
6001 54.901893 
6002 54.901877 
6003 54.901855 
6004 54.901782 
6005 54.90168 
6006 54.901653 
6007 54.901332 
6008 54.901319 
6009 54.901303 
6010 54.901275 
6011 54.900915 
6012 54.900898 
6013 54.900886 
6014 54.900868 
6015 54.900823 
6016 54.899904 
6017 54.899678 
6018 54.899622 
6019 54.899603 
6020 54.899565 
6021 54.898142 
6022 54.898045 
6023 54.897849 
6024 54.897741 
6025 54.896582 
6026 54.896191 
6027 54.895819 
6028 54.895456 
6029 54.895174 
6030 54.894941 
6031 54.894675 
6032 54.894505 
6033 54.894321 
6034 54.894203 
6035 54.8941 
6036 54.894016 
6037 54.893925 
6038 54.893873 
6039 54.89383 
6040 54.89379 
6041 54.89376 
6042 54.893745 
6043 54.89372 
6044 54.893696 
6045 54.893667 
6046 54.893589 
6047 54.893464 
6048 54.893272 
6049 54.892963 
6050 54.892919 
6051 54.892146 
6052 54.892132 
6053 54.892115 
6054 54.89209 
6055 54.891986 
6056 54.891947 
6057 54.889978 
6058 54.889776 
6059 54.889663 
6060 54.889472 
6061 54.889451 
6062 54.889416 
6063 54.888026 
6064 54.887966 
6065 54.887924 
6066 54.887892 
6067 54.887825 
6068 54.886314 
6069 54.88619 
6070 54.88615 
6071 54.886091 
6072 54.884895 
6073 54.884856 
6074 54.884827 
6075 54.884793 
6076 54.88474 
6077 54.884607 
6078 54.883513 
6079 54.883419 
6080 54.883285 
6081 54.882911 
6082 54.882869 
6083 54.882837 
6084 54.882801 
6085 54.882728 
6086 54.880773 
6087 54.880646 
6088 54.880218 
6089 54.880027 
6090 54.879993 
6091 54.879897 
6092 54.879022 
6093 54.878907 
6094 54.878858 
6095 54.878794 
6096 54.878795 
6097 54.87879 
6098 54.878778 
6099 54.878734 
6100 54.878109 
6101 54.877836 
6102 54.877465 
6103 54.877113 
6104 54.876859 
6105 54.876575 
6106 54.876307 
6107 54.876068 
6108 54.875866 
6109 54.875733 
6110 54.875615 
6111 54.875547 
6112 54.875452 
6113 54.875389 
6114 54.875303 
6115 54.875251 
6116 54.875222 
6117 54.875195 
6118 54.875176 
6119 54.87515 
6120 54.875124 
6121 54.875085 
6122 54.87502 
6123 54.874888 
6124 54.874461 
6125 54.874414 
6126 54.87315 
6127 54.87291 
6128 54.872763 
6129 54.872738 
6130 54.872702 
6131 54.872597 
6132 54.871924 
6133 54.871891 
6134 54.871862 
6135 54.871823 
6136 54.871675 
6137 54.871555 
6138 54.871437 
6139 54.871104 
6140 54.870979 
6141 54.870944 
6142 54.87012 
6143 54.870107 
6144 54.870094 
6145 54.87008 
6146 54.870062 
6147 54.870033 
6148 54.869889 
6149 54.869843 
6150 54.866709 
6151 54.866448 
6152 54.866404 
6153 54.866347 
6154 54.866305 
6155 54.866251 
6156 54.865996 
6157 54.865759 
6158 54.865467 
6159 54.865419 
6160 54.865374 
6161 54.865331 
6162 54.864512 
6163 54.864492 
6164 54.86447 
6165 54.864426 
6166 54.864267 
6167 54.863466 
6168 54.862438 
6169 54.861654 
6170 54.86136 
6171 54.861234 
6172 54.861186 
6173 54.860941 
6174 54.860901 
6175 54.86042 
6176 54.860368 
6177 54.860319 
6178 54.859752 
6179 54.859726 
6180 54.8597 
6181 54.859666 
6182 54.859569 
6183 54.859196 
6184 54.859168 
6185 54.859128 
6186 54.858798 
6187 54.858766 
6188 54.858724 
6189 54.858472 
6190 54.857779 
6191 54.857518 
6192 54.85747 
6193 54.857129 
6194 54.8571 
6195 54.857051 
6196 54.85685 
6197 54.856777 
6198 54.854526 
6199 54.854282 
6200 54.854227 
6201 54.854131 
6202 54.85355 
6203 54.853514 
6204 54.853494 
6205 54.853476 
6206 54.853458 
6207 54.853437 
6208 54.853409 
6209 54.85335 
6210 54.851792 
6211 54.851443 
6212 54.850524 
6213 54.849869 
6214 54.849441 
6215 54.849123 
6216 54.84894 
6217 54.8488 
6218 54.848744 
6219 54.848715 
6220 54.848597 
6221 54.848507 
6222 54.848427 
6223 54.848348 
6224 54.847782 
6225 54.847762 
6226 54.847743 
6227 54.847723 
6228 54.847695 
6229 54.847565 
6230 54.847535 
6231 54.847249 
6232 54.847226 
6233 54.847195 
6234 54.847059 
6235 54.84703 
6236 54.84682 
6237 54.84679 
6238 54.846719 
6239 54.846599 
6240 54.846553 
6241 54.8423 
6242 54.84193 
6243 54.841896 
6244 54.841859 
6245 54.841815 
6246 54.841748 
6247 54.841214 
6248 54.841176 
6249 54.841106 
6250 54.83966 
6251 54.839609 
6252 54.839558 
6253 54.839489 
6254 54.838664 
6255 54.838292 
6256 54.838229 
6257 54.837567 
6258 54.837239 
6259 54.837051 
6260 54.836837 
6261 54.836101 
6262 54.835717 
6263 54.835306 
6264 54.83495 
6265 54.834707 
6266 54.834451 
6267 54.834215 
6268 54.834042 
6269 54.833899 
6270 54.833703 
6271 54.833606 
6272 54.833498 
6273 54.833418 
6274 54.833358 
6275 54.833309 
6276 54.833259 
6277 54.83324 
6278 54.833224 
6279 54.833206 
6280 54.833177 
6281 54.833123 
6282 54.833009 
6283 54.832787 
6284 54.832719 
6285 54.832672 
6286 54.832548 
6287 54.832533 
6288 54.832485 
6289 54.832405 
6290 54.831541 
6291 54.83152 
6292 54.831501 
6293 54.831461 
6294 54.830408 
6295 54.830381 
6296 54.830335 
6297 54.829761 
6298 54.829643 
6299 54.829475 
6300 54.82945 
6301 54.828717 
6302 54.828706 
6303 54.828698 
6304 54.828689 
6305 54.82868 
6306 54.828665 
6307 54.828635 
6308 54.828258 
6309 54.828248 
6310 54.828238 
6311 54.828223 
6312 54.828194 
6313 54.827524 
6314 54.827482 
6315 54.827447 
6316 54.827391 
6317 54.827128 
6318 54.82702 
6319 54.826529 
6320 54.826449 
6321 54.82643 
6322 54.826389 
6323 54.825929 
6324 54.825893 
6325 54.825837 
6326 54.82552 
6327 54.825439 
6328 54.823854 
6329 54.823735 
6330 54.823621 
6331 54.82348 
6332 54.82322 
6333 54.823084 
6334 54.823043 
6335 54.822871 
6336 54.82283 
6337 54.822373 
6338 54.822358 
6339 54.822342 
6340 54.822322 
6341 54.822246 
6342 54.822049 
6343 54.822013 
6344 54.821879 
6345 54.82166 
6346 54.821612 
6347 54.82157 
6348 54.821469 
6349 54.821404 
6350 54.8212 
6351 54.820935 
6352 54.820777 
6353 54.820583 
6354 54.82033 
6355 54.820096 
6356 54.819875 
6357 54.819746 
6358 54.819596 
6359 54.819459 
6360 54.819184 
6361 54.819015 
6362 54.81884 
6363 54.818622 
6364 54.818466 
6365 54.818235 
6366 54.818052 
6367 54.817922 
6368 54.81781 
6369 54.817732 
6370 54.817638 
6371 54.817574 
6372 54.817484 
6373 54.817424 
6374 54.817399 
6375 54.817335 
6376 54.817294 
6377 54.817264 
6378 54.817242 
6379 54.817235 
6380 54.817222 
6381 54.817208 
6382 54.817176 
6383 54.817121 
6384 54.817056 
6385 54.81695 
6386 54.816685 
6387 54.816619 
6388 54.816264 
6389 54.816258 
6390 54.815371 
6391 54.815085 
6392 54.814939 
6393 54.814921 
6394 54.814905 
6395 54.814878 
6396 54.814749 
6397 54.814701 
6398 54.814521 
6399 54.814493 
6400 54.814229 
6401 54.81421 
6402 54.814183 
6403 54.814081 
6404 54.813961 
6405 54.813919 
6406 54.812478 
6407 54.812433 
6408 54.812423 
6409 54.812413 
6410 54.812403 
6411 54.812393 
6412 54.812382 
6413 54.812369 
6414 54.812353 
6415 54.812329 
6416 54.812269 
6417 54.809789 
6418 54.809649 
6419 54.809609 
6420 54.809563 
6421 54.809264 
6422 54.809237 
6423 54.809194 
6424 54.808771 
6425 54.808742 
6426 54.808701 
6427 54.808526 
6428 54.808492 
6429 54.80833 
6430 54.808262 
6431 54.806589 
6432 54.806589 
6433 54.806584 
6434 54.804912 
6435 54.804824 
6436 54.804746 
6437 54.804692 
6438 54.804443 
6439 54.803981 
6440 54.803572 
6441 54.803249 
6442 54.803106 
6443 54.802923 
6444 54.802785 
6445 54.802682 
6446 54.802609 
6447 54.802566 
6448 54.802542 
6449 54.802453 
6450 54.802379 
6451 54.80227 
6452 54.802041 
6453 54.801905 
6454 54.801873 
6455 54.800964 
6456 54.800931 
6457 54.800741 
6458 54.800604 
6459 54.800555 
6460 54.800484 
6461 54.80038 
6462 54.800315 
6463 54.799988 
6464 54.799973 
6465 54.799956 
6466 54.799928 
6467 54.799674 
6468 54.79966 
6469 54.799641 
6470 54.799592 
6471 54.799232 
6472 54.799219 
6473 54.799202 
6474 54.799171 
6475 54.798228 
6476 54.798202 
6477 54.798185 
6478 54.79817 
6479 54.798155 
6480 54.79814 
6481 54.798122 
6482 54.798085 
6483 54.797573 
6484 54.797549 
6485 54.79752 
6486 54.797424 
6487 54.797247 
6488 54.797221 
6489 54.797115 
6490 54.797063 
6491 54.795183 
6492 54.794983 
6493 54.794949 
6494 54.794916 
6495 54.793886 
6496 54.793741 
6497 54.793209 
6498 54.793084 
6499 54.792842 
6500 54.792567 
6501 54.792397 
6502 54.792254 
6503 54.792133 
6504 54.792092 
6505 54.791884 
6506 54.791743 
6507 54.791534 
6508 54.791315 
6509 54.791169 
6510 54.790897 
6511 54.790692 
6512 54.79047 
6513 54.790317 
6514 54.790176 
6515 54.79003 
6516 54.789831 
6517 54.789713 
6518 54.789615 
6519 54.789493 
6520 54.789395 
6521 54.789293 
6522 54.789215 
6523 54.789133 
6524 54.789097 
6525 54.789043 
6526 54.788969 
6527 54.788923 
6528 54.788871 
6529 54.788823 
6530 54.788778 
6531 54.788743 
6532 54.788709 
6533 54.78868 
6534 54.788659 
6535 54.788651 
6536 54.788633 
6537 54.788618 
6538 54.788606 
6539 54.788593 
6540 54.78857 
6541 54.788539 
6542 54.788498 
6543 54.788424 
6544 54.788263 
6545 54.787953 
6546 54.787738 
6547 54.787695 
6548 54.787501 
6549 54.78735 
6550 54.787281 
6551 54.786676 
6552 54.785579 
6553 54.785476 
6554 54.78541 
6555 54.785364 
6556 54.785327 
6557 54.785296 
6558 54.784541 
6559 54.784284 
6560 54.784144 
6561 54.783418 
6562 54.783384 
6563 54.783357 
6564 54.783329 
6565 54.783288 
6566 54.782393 
6567 54.78236 
6568 54.782241 
6569 54.781317 
6570 54.780684 
6571 54.780365 
6572 54.780123 
6573 54.779952 
6574 54.779848 
6575 54.779795 
6576 54.779723 
6577 54.779621 
6578 54.779303 
6579 54.779226 
6580 54.778781 
6581 54.778755 
6582 54.778731 
6583 54.778692 
6584 54.778362 
6585 54.778351 
6586 54.778326 
6587 54.778229 
6588 54.778158 
6589 54.778004 
6590 54.777971 
6591 54.777648 
6592 54.777633 
6593 54.777623 
6594 54.777612 
6595 54.777597 
6596 54.777539 
6597 54.776989 
6598 54.776974 
6599 54.776957 
6600 54.776931 
6601 54.776871 
6602 54.775655 
6603 54.775614 
6604 54.775579 
6605 54.775548 
6606 54.775499 
6607 54.774727 
6608 54.774711 
6609 54.774692 
6610 54.774661 
6611 54.773568 
6612 54.773469 
6613 54.773339 
6614 54.772979 
6615 54.772849 
6616 54.772578 
6617 54.772557 
6618 54.772529 
6619 54.772465 
6620 54.770043 
6621 54.769239 
6622 54.769055 
6623 54.768618 
6624 54.768248 
6625 54.768011 
6626 54.767627 
6627 54.767363 
6628 54.767121 
6629 54.7669 
6630 54.76679 
6631 54.766677 
6632 54.766552 
6633 54.766476 
6634 54.766354 
6635 54.766271 
6636 54.766191 
6637 54.766136 
6638 54.766097 
6639 54.76605 
6640 54.766034 
6641 54.765998 
6642 54.765966 
6643 54.76592 
6644 54.765846 
6645 54.765761 
6646 54.765495 
6647 54.765295 
6648 54.765157 
6649 54.765133 
6650 54.764861 
6651 54.764836 
6652 54.764682 
6653 54.764668 
6654 54.76465 
6655 54.764563 
6656 54.764526 
6657 54.761425 
6658 54.76126 
6659 54.761251 
6660 54.761244 
6661 54.761238 
6662 54.76123 
6663 54.761222 
6664 54.761215 
6665 54.761206 
6666 54.761195 
6667 54.761179 
6668 54.761139 
6669 54.760567 
6670 54.760559 
6671 54.760549 
6672 54.760535 
6673 54.760505 
6674 54.75962 
6675 54.75955 
6676 54.759278 
6677 54.759255 
6678 54.759233 
6679 54.759201 
6680 54.759099 
6681 54.758844 
6682 54.758821 
6683 54.758676 
6684 54.758433 
6685 54.758364 
6686 54.758245 
6687 54.758157 
6688 54.757907 
6689 54.757886 
6690 54.757851 
6691 54.757284 
6692 54.757242 
6693 54.757205 
6694 54.757164 
6695 54.757008 
6696 54.756973 
6697 54.756682 
6698 54.756641 
6699 54.756584 
6700 54.755537 
6701 54.755358 
6702 54.755309 
6703 54.75434 
6704 54.754287 
6705 54.754216 
6706 54.752285 
6707 54.75216 
6708 54.752048 
6709 54.751813 
6710 54.751713 
6711 54.751117 
6712 54.750888 
6713 54.750688 
6714 54.750237 
6715 54.74975 
6716 54.749277 
6717 54.748904 
6718 54.748521 
6719 54.748294 
6720 54.748022 
6721 54.747852 
6722 54.747741 
6723 54.747633 
6724 54.747551 
6725 54.747514 
6726 54.747485 
6727 54.747401 
6728 54.747248 
6729 54.746892 
6730 54.746855 
6731 54.7467 
6732 54.746662 
6733 54.746154 
6734 54.746112 
6735 54.74607 
6736 54.745945 
6737 54.745861 
6738 54.745559 
6739 54.745489 
6740 54.745437 
6741 54.744931 
6742 54.744857 
6743 54.744829 
6744 54.744794 
6745 54.744743 
6746 54.743968 
6747 54.743949 
6748 54.743929 
6749 54.743902 
6750 54.743851 
6751 54.742011 
6752 54.741846 
6753 54.741637 
6754 54.741609 
6755 54.741575 
6756 54.741107 
6757 54.741092 
6758 54.741072 
6759 54.741009 
6760 54.739474 
6761 54.739314 
6762 54.73905 
6763 54.739015 
6764 54.738973 
6765 54.738647 
6766 54.738612 
6767 54.738534 
6768 54.738228 
6769 54.738207 
6770 54.73819 
6771 54.738161 
6772 54.737948 
6773 54.737913 
6774 54.737799 
6775 54.737756 
6776 54.736598 
6777 54.736476 
6778 54.736354 
6779 54.736196 
6780 54.736039 
6781 54.736035 
6782 54.735538 
6783 54.734642 
6784 54.733882 
6785 54.733417 
6786 54.733178 
6787 54.733017 
6788 54.732992 
6789 54.732901 
6790 54.732805 
6791 54.732756 
6792 54.732605 
6793 54.732591 
6794 54.732566 
6795 54.732205 
6796 54.732196 
6797 54.732187 
6798 54.732174 
6799 54.732151 
6800 54.73198 
6801 54.731967 
6802 54.731944 
6803 54.731787 
6804 54.731771 
6805 54.731731 
6806 54.729575 
6807 54.729297 
6808 54.729268 
6809 54.729243 
6810 54.72922 
6811 54.729196 
6812 54.729165 
6813 54.729096 
6814 54.72897 
6815 54.728944 
6816 54.728775 
6817 54.728746 
6818 54.728627 
6819 54.728586 
6820 54.727861 
6821 54.727781 
6822 54.727734 
6823 54.727699 
6824 54.727673 
6825 54.727649 
6826 54.72762 
6827 54.727198 
6828 54.726085 
6829 54.725174 
6830 54.72484 
6831 54.724602 
6832 54.724486 
6833 54.724454 
6834 54.724297 
6835 54.724181 
6836 54.724157 
6837 54.723846 
6838 54.723819 
6839 54.723798 
6840 54.723764 
6841 54.723473 
6842 54.723454 
6843 54.723425 
6844 54.723304 
6845 54.723255 
6846 54.72157 
6847 54.721531 
6848 54.721496 
6849 54.721351 
6850 54.721324 
6851 54.721256 
6852 54.721162 
6853 54.721113 
6854 54.720593 
6855 54.720562 
6856 54.720538 
6857 54.720512 
6858 54.720449 
6859 54.720268 
6860 54.720234 
6861 54.720155 
6862 54.720064 
6863 54.719996 
6864 54.719822 
6865 54.719753 
6866 54.719169 
6867 54.719112 
6868 54.719073 
6869 54.719034 
6870 54.718758 
6871 54.718704 
6872 54.718659 
6873 54.718019 
6874 54.717852 
6875 54.717193 
6876 54.717017 
6877 54.716865 
6878 54.716679 
6879 54.716148 
6880 54.71498 
6881 54.714491 
6882 54.714088 
6883 54.713827 
6884 54.713733 
6885 54.7137 
6886 54.713678 
6887 54.713614 
6888 54.713576 
6889 54.712745 
6890 54.712737 
6891 54.71273 
6892 54.712723 
6893 54.712716 
6894 54.712708 
6895 54.712699 
6896 54.712686 
6897 54.712664 
6898 54.712481 
6899 54.712466 
6900 54.712432 
6901 54.71054 
6902 54.710491 
6903 54.710433 
6904 54.710084 
6905 54.710068 
6906 54.710051 
6907 54.710024 
6908 54.709898 
6909 54.709879 
6910 54.70981 
6911 54.709735 
6912 54.709684 
6913 54.709456 
6914 54.709445 
6915 54.709431 
6916 54.709401 
6917 54.707166 
6918 54.707081 
6919 54.707052 
6920 54.70703 
6921 54.707011 
6922 54.706988 
6923 54.706965 
6924 54.706934 
6925 54.706825 
6926 54.706752 
6927 54.706627 
6928 54.706578 
6929 54.704577 
6930 54.704352 
6931 54.704057 
6932 54.703957 
6933 54.703146 
6934 54.702731 
6935 54.702304 
6936 54.701885 
6937 54.701567 
6938 54.701275 
6939 54.701038 
6940 54.700891 
6941 54.700781 
6942 54.700692 
6943 54.700572 
6944 54.700531 
6945 54.70049 
6946 54.700461 
6947 54.700444 
6948 54.700407 
6949 54.700339 
6950 54.700282 
6951 54.700195 
6952 54.700045 
6953 54.699348 
6954 54.69932 
6955 54.699092 
6956 54.699071 
6957 54.699011 
6958 54.698862 
6959 54.698837 
6960 54.698756 
6961 54.698701 
6962 54.698461 
6963 54.698438 
6964 54.69841 
6965 54.698319 
6966 54.698266 
6967 54.697806 
6968 54.697778 
6969 54.697759 
6970 54.69774 
6971 54.697716 
6972 54.697618 
6973 54.697585 
6974 54.696148 
6975 54.695997 
6976 54.695965 
6977 54.695943 
6978 54.69592 
6979 54.695892 
6980 54.695753 
6981 54.695713 
6982 54.695259 
6983 54.695214 
6984 54.695174 
6985 54.695039 
6986 54.694969 
6987 54.694657 
6988 54.694641 
6989 54.694631 
6990 54.694618 
6991 54.694598 
6992 54.694529 
6993 54.694453 
6994 54.694391 
6995 54.693492 
6996 54.693369 
6997 54.692918 
6998 54.692614 
6999 54.692489 
7000 54.692179 
7001 54.692173 
7002 54.692167 
7003 54.692161 
7004 54.692156 
7005 54.692151 
7006 54.692146 
7007 54.692141 
7008 54.692137 
7009 54.692132 
7010 54.692126 
7011 54.69212 
7012 54.692113 
7013 54.692105 
7014 54.692093 
7015 54.692065 
7016 54.691211 
7017 54.691166 
7018 54.691129 
7019 54.691086 
7020 54.690714 
7021 54.690693 
7022 54.69056 
7023 54.690164 
7024 54.689754 
7025 54.6895 
7026 54.68928 
7027 54.689042 
7028 54.688815 
7029 54.688505 
7030 54.688205 
7031 54.687966 
7032 54.687781 
7033 54.687568 
7034 54.687401 
7035 54.687271 
7036 54.687177 
7037 54.687125 
7038 54.68702 
7039 54.68692 
7040 54.686843 
7041 54.686813 
7042 54.686787 
7043 54.686752 
7044 54.686735 
7045 54.686719 
7046 54.686701 
7047 54.686667 
7048 54.686616 
7049 54.686571 
7050 54.686431 
7051 54.686079 
7052 54.6859 
7053 54.685871 
7054 54.685454 
7055 54.685442 
7056 54.685429 
7057 54.685414 
7058 54.685392 
7059 54.685325 
7060 54.685248 
7061 54.685195 
7062 54.68503 
7063 54.685012 
7064 54.684976 
7065 54.679255 
7066 54.67722 
7067 54.677009 
7068 54.676733 
7069 54.676572 
7070 54.676508 
7071 54.676244 
7072 54.676221 
7073 54.676179 
7074 54.675642 
7075 54.675452 
7076 54.675426 
7077 54.675414 
7078 54.6754 
7079 54.675377 
7080 54.675283 
7081 54.675162 
7082 54.675074 
7083 54.674918 
7084 54.6748 
7085 54.674779 
7086 54.674773 
7087 54.674766 
7088 54.674757 
7089 54.674741 
7090 54.674691 
7091 54.67441 
7092 54.674391 
7093 54.674326 
7094 54.674313 
7095 54.674276 
7096 54.674145 
7097 54.67396 
7098 54.673774 
7099 54.67358 
7100 54.673449 
7101 54.6733 
7102 54.673133 
7103 54.673028 
7104 54.672895 
7105 54.672795 
7106 54.672707 
7107 54.672628 
7108 54.672555 
7109 54.672492 
7110 54.672421 
7111 54.672348 
7112 54.672293 
7113 54.672234 
7114 54.672187 
7115 54.672136 
7116 54.67206 
7117 54.672035 
7118 54.672006 
7119 54.671966 
7120 54.671928 
7121 54.671899 
7122 54.671865 
7123 54.67184 
7124 54.671816 
7125 54.671802 
7126 54.67178 
7127 54.671772 
7128 54.671765 
7129 54.671757 
7130 54.671747 
7131 54.671737 
7132 54.671725 
7133 54.671709 
7134 54.671697 
7135 54.671681 
7136 54.671664 
7137 54.671648 
7138 54.67161 
7139 54.671586 
7140 54.671531 
7141 54.671467 
7142 54.671296 
7143 54.671003 
7144 54.670957 
7145 54.6709 
7146 54.670779 
7147 54.670695 
7148 54.67067 
7149 54.670017 
7150 54.669999 
7151 54.669989 
7152 54.669977 
7153 54.669954 
7154 54.669592 
7155 54.669542 
7156 54.669506 
7157 54.669448 
7158 54.669371 
7159 54.669336 
7160 54.668992 
7161 54.668724 
7162 54.668115 
7163 54.668101 
7164 54.668082 
7165 54.66803 
7166 54.667593 
7167 54.66757 
7168 54.66755 
7169 54.66752 
7170 54.667148 
7171 54.667121 
7172 54.667067 
7173 54.666797 
7174 54.666772 
7175 54.666745 
7176 54.666664 
7177 54.666608 
7178 54.666236 
7179 54.666131 
7180 54.666092 
7181 54.664932 
7182 54.664897 
7183 54.664878 
7184 54.66486 
7185 54.664841 
7186 54.664815 
7187 54.664697 
7188 54.664679 
7189 54.664631 
7190 54.663849 
7191 54.663831 
7192 54.663816 
7193 54.663793 
7194 54.663692 
7195 54.66361 
7196 54.663522 
7197 54.663449 
7198 54.663333 
7199 54.663266 
7200 54.662501 
7201 54.662191 
7202 54.662054 
7203 54.661739 
7204 54.661288 
7205 54.661041 
7206 54.660413 
7207 54.660081 
7208 54.659764 
7209 54.659448 
7210 54.659211 
7211 54.659075 
7212 54.658942 
7213 54.658819 
7214 54.65866 
7215 54.658559 
7216 54.658505 
7217 54.658458 
7218 54.658409 
7219 54.658393 
7220 54.658358 
7221 54.658314 
7222 54.658269 
7223 54.658089 
7224 54.657788 
7225 54.657748 
7226 54.657355 
7227 54.657274 
7228 54.657118 
7229 54.657104 
7230 54.65707 
7231 54.656186 
7232 54.656156 
7233 54.656071 
7234 54.655999 
7235 54.655954 
7236 54.655793 
7237 54.65578 
7238 54.655753 
7239 54.655114 
7240 54.655098 
7241 54.655091 
7242 54.655083 
7243 54.655073 
7244 54.65506 
7245 54.655032 
7246 54.653183 
7247 54.653013 
7248 54.652992 
7249 54.652981 
7250 54.652971 
7251 54.652959 
7252 54.652944 
7253 54.652921 
7254 54.652896 
7255 54.652839 
7256 54.652173 
7257 54.651911 
7258 54.651879 
7259 54.651729 
7260 54.651637 
7261 54.651396 
7262 54.651315 
7263 54.651301 
7264 54.651287 
7265 54.651273 
7266 54.651255 
7267 54.651223 
7268 54.65062 
7269 54.650591 
7270 54.650559 
7271 54.6505 
7272 54.649409 
7273 54.649331 
7274 54.649299 
7275 54.64927 
7276 54.649239 
7277 54.649186 
7278 54.648539 
7279 54.648404 
7280 54.648283 
7281 54.647909 
7282 54.647895 
7283 54.647883 
7284 54.647871 
7285 54.647854 
7286 54.647822 
7287 54.64747 
7288 54.647378 
7289 54.64735 
7290 54.647312 
7291 54.647301 
7292 54.647282 
7293 54.647273 
7294 54.647216 
7295 54.646908 
7296 54.646284 
7297 54.645794 
7298 54.645475 
7299 54.645286 
7300 54.645173 
7301 54.645155 
7302 54.645124 
7303 54.64506 
7304 54.644777 
7305 54.644443 
7306 54.644421 
7307 54.644389 
7308 54.644259 
7309 54.644221 
7310 54.643414 
7311 54.643393 
7312 54.643366 
7313 54.64324 
7314 54.643206 
7315 54.642775 
7316 54.642743 
7317 54.642625 
7318 54.642572 
7319 54.641106 
7320 54.641046 
7321 54.641014 
7322 54.640987 
7323 54.640949 
7324 54.640529 
7325 54.640504 
7326 54.640471 
7327 54.640365 
7328 54.640283 
7329 54.6402 
7330 54.640091 
7331 54.640051 
7332 54.637877 
7333 54.637773 
7334 54.637739 
7335 54.637714 
7336 54.637692 
7337 54.63767 
7338 54.637637 
7339 54.637482 
7340 54.637433 
7341 54.635918 
7342 54.63582 
7343 54.63564 
7344 54.635575 
7345 54.635157 
7346 54.635118 
7347 54.635088 
7348 54.635056 
7349 54.63498 
7350 54.63493 
7351 54.63454 
7352 54.634539 
7353 54.634348 
7354 54.633429 
7355 54.633097 
7356 54.632799 
7357 54.632518 
7358 54.632244 
7359 54.631958 
7360 54.63168 
7361 54.631444 
7362 54.631258 
7363 54.631074 
7364 54.630951 
7365 54.63077 
7366 54.630706 
7367 54.630657 
7368 54.630574 
7369 54.630509 
7370 54.630445 
7371 54.6304 
7372 54.630373 
7373 54.63036 
7374 54.630341 
7375 54.63033 
7376 54.6303 
7377 54.630263 
7378 54.630215 
7379 54.630086 
7380 54.629688 
7381 54.629616 
7382 54.629354 
7383 54.62926 
7384 54.629001 
7385 54.628988 
7386 54.628951 
7387 54.62863 
7388 54.628615 
7389 54.628584 
7390 54.628163 
7391 54.62814 
7392 54.627087 
7393 54.626994 
7394 54.626976 
7395 54.626961 
7396 54.626947 
7397 54.626931 
7398 54.62691 
7399 54.626876 
7400 54.625649 
7401 54.625601 
7402 54.62547 
7403 54.625287 
7404 54.625235 
7405 54.625146 
7406 54.624928 
7407 54.62483 
7408 54.624561 
7409 54.624534 
7410 54.624517 
7411 54.624495 
7412 54.624443 
7413 54.623753 
7414 54.623723 
7415 54.623685 
7416 54.623285 
7417 54.623215 
7418 54.623138 
7419 54.622838 
7420 54.622761 
7421 54.62267 
7422 54.62248 
7423 54.622451 
7424 54.622253 
7425 54.622231 
7426 54.622184 
7427 54.6196 
7428 54.619344 
7429 54.619289 
7430 54.619272 
7431 54.619256 
7432 54.619238 
7433 54.619207 
7434 54.61913 
7435 54.618992 
7436 54.618692 
7437 54.618466 
7438 54.618225 
7439 54.618047 
7440 54.617883 
7441 54.617759 
7442 54.61763 
7443 54.617405 
7444 54.617279 
7445 54.617186 
7446 54.617071 
7447 54.616957 
7448 54.616865 
7449 54.616798 
7450 54.616752 
7451 54.616675 
7452 54.616629 
7453 54.616597 
7454 54.616569 
7455 54.616552 
7456 54.616539 
7457 54.616523 
7458 54.616515 
7459 54.616488 
7460 54.616462 
7461 54.616416 
7462 54.61633 
7463 54.616219 
7464 54.616219 
7465 54.615987 
7466 54.615959 
7467 54.615859 
7468 54.615597 
7469 54.615582 
7470 54.615069 
7471 54.61506 
7472 54.615052 
7473 54.615043 
7474 54.61503 
7475 54.614953 
7476 54.614914 
7477 54.614407 
7478 54.614389 
7479 54.614364 
7480 54.614235 
7481 54.614213 
7482 54.614145 
7483 54.614058 
7484 54.614024 
7485 54.611769 
7486 54.611664 
7487 54.611651 
7488 54.611557 
7489 54.611455 
7490 54.611216 
7491 54.611164 
7492 54.611088 
7493 54.61101 
7494 54.610978 
7495 54.610432 
7496 54.610391 
7497 54.61028 
7498 54.610266 
7499 54.610238 
7500 54.609884 
7501 54.609874 
7502 54.609865 
7503 54.609852 
7504 54.609818 
7505 54.609611 
7506 54.609568 
7507 54.609515 
7508 54.609045 
7509 54.608738 
7510 54.608738 
7511 54.608705 
7512 54.60859 
7513 54.608487 
7514 54.608461 
7515 54.608406 
7516 54.608383 
7517 54.608326 
7518 54.608295 
7519 54.608246 
7520 54.608192 
7521 54.60811 
7522 54.60803 
7523 54.607992 
7524 54.607942 
7525 54.607876 
7526 54.607789 
7527 54.607714 
7528 54.607655 
7529 54.607596 
7530 54.607554 
7531 54.607522 
7532 54.607471 
7533 54.607426 
7534 54.607389 
7535 54.607352 
7536 54.607322 
7537 54.607293 
7538 54.607263 
7539 54.607234 
7540 54.607218 
7541 54.607193 
7542 54.607173 
7543 54.607152 
7544 54.607137 
7545 54.607115 
7546 54.607093 
7547 54.607079 
7548 54.607063 
7549 54.607049 
7550 54.607033 
7551 54.607027 
7552 54.607012 
7553 54.607001 
7554 54.606994 
7555 54.606987 
7556 54.606982 
7557 54.606979 
7558 54.606975 
7559 54.606971 
7560 54.606959 
7561 54.60695 
7562 54.606941 
7563 54.606935 
7564 54.606932 
7565 54.60692 
7566 54.60691 
7567 54.606895 
7568 54.606867 
7569 54.606832 
7570 54.606792 
7571 54.606727 
7572 54.606648 
7573 54.606487 
7574 54.606479 
7575 54.605588 
7576 54.605497 
7577 54.605494 
7578 54.605488 
7579 54.605488 
7580 54.605487 
7581 54.605487 
7582 54.605486 
7583 54.605486 
7584 54.605485 
7585 54.605485 
7586 54.605484 
7587 54.605484 
7588 54.605483 
7589 54.605482 
7590 54.605482 
7591 54.605481 
7592 54.605481 
7593 54.60548 
7594 54.605479 
7595 54.605479 
7596 54.605478 
7597 54.605477 
7598 54.605477 
7599 54.605476 
7600 54.605475 
7601 54.605474 
7602 54.605473 
7603 54.605472 
7604 54.605471 
7605 54.60547 
7606 54.605469 
7607 54.605468 
7608 54.605467 
7609 54.605466 
7610 54.605465 
7611 54.605463 
7612 54.605462 
7613 54.60546 
7614 54.605458 
7615 54.605457 
7616 54.605454 
7617 54.605452 
7618 54.60545 
7619 54.60518 
7620 54.60517 
7621 54.605061 
7622 54.605039 
7623 54.604117 
7624 54.604088 
7625 54.604078 
7626 54.604068 
7627 54.604057 
7628 54.604038 
7629 54.603966 
7630 54.603897 
7631 54.603816 
7632 54.60379 
7633 54.603658 
7634 54.603638 
7635 54.603595 
7636 54.603208 
7637 54.603182 
7638 54.603123 
7639 54.603023 
7640 54.602979 
7641 54.602116 
7642 54.602056 
7643 54.601996 
7644 54.601977 
7645 54.601928 
7646 54.601683 
7647 54.601671 
7648 54.601658 
7649 54.601636 
7650 54.601505 
7651 54.601479 
7652 54.601385 
7653 54.601343 
7654 54.599714 
7655 54.599666 
7656 54.599656 
7657 54.599646 
7658 54.599636 
7659 54.599626 
7660 54.599613 
7661 54.599597 
7662 54.599579 
7663 54.599503 
7664 54.599448 
7665 54.599361 
7666 54.599331 
7667 54.598186 
7668 54.598127 
7669 54.598033 
7670 54.598 
7671 54.596874 
7672 54.596804 
7673 54.596409 
7674 54.596394 
7675 54.596369 
7676 54.596274 
7677 54.596224 
7678 54.596104 
7679 54.596073 
7680 54.595508 
7681 54.595484 
7682 54.595421 
7683 54.59536 
7684 54.595256 
7685 54.595232 
7686 54.595058 
7687 54.595036 
7688 54.595006 
7689 54.594617 
7690 54.594594 
7691 54.594573 
7692 54.594553 
7693 54.594528 
7694 54.594416 
7695 54.594391 
7696 54.594287 
7697 54.594251 
7698 54.593209 
7699 54.593128 
7700 54.592999 
7701 54.592953 
7702 54.592631 
7703 54.592167 
7704 54.591981 
7705 54.591932 
7706 54.591903 
7707 54.591685 
7708 54.591668 
7709 54.591637 
7710 54.5902 
7711 54.590112 
7712 54.589948 
7713 54.589878 
7714 54.589526 
7715 54.589461 
7716 54.589209 
7717 54.588575 
7718 54.588049 
7719 54.587623 
7720 54.587197 
7721 54.586815 
7722 54.586582 
7723 54.586464 
7724 54.586339 
7725 54.586239 
7726 54.586145 
7727 54.586097 
7728 54.586075 
7729 54.586045 
7730 54.586019 
7731 54.585975 
7732 54.585818 
7733 54.585803 
7734 54.585741 
7735 54.585707 
7736 54.585528 
7737 54.585515 
7738 54.5855 
7739 54.58547 
7740 54.585156 
7741 54.585148 
7742 54.58514 
7743 54.585131 
7744 54.585115 
7745 54.585 
7746 54.58499 
7747 54.584969 
7748 54.584025 
7749 54.584006 
7750 54.583993 
7751 54.583976 
7752 54.583889 
7753 54.583872 
7754 54.583794 
7755 54.583777 
7756 54.583689 
7757 54.583674 
7758 54.583633 
7759 54.583578 
7760 54.583549 
7761 54.583507 
7762 54.58296 
7763 54.582941 
7764 54.582928 
7765 54.58291 
7766 54.582862 
7767 54.581082 
7768 54.580983 
7769 54.580803 
7770 54.580644 
7771 54.580615 
7772 54.580591 
7773 54.580539 
7774 54.5805 
7775 54.580426 
7776 54.580412 
7777 54.580332 
7778 54.580317 
7779 54.58025 
7780 54.580233 
7781 54.580036 
7782 54.580025 
7783 54.580012 
7784 54.579991 
7785 54.579301 
7786 54.579266 
7787 54.579246 
7788 54.579228 
7789 54.57921 
7790 54.579186 
7791 54.578989 
7792 54.578959 
7793 54.578915 
7794 54.578862 
7795 54.578836 
7796 54.578434 
7797 54.578422 
7798 54.578414 
7799 54.578406 
7800 54.578395 
7801 54.578366 
7802 54.578156 
7803 54.578148 
7804 54.578141 
7805 54.578131 
7806 54.578113 
7807 54.577262 
7808 54.577234 
7809 54.577195 
7810 54.577036 
7811 54.577026 
7812 54.577026 
7813 54.577026 
7814 54.577026 
7815 54.577026 
7816 54.577026 
7817 54.577026 
7818 54.577026 
7819 54.577026 
7820 54.577026 
7821 54.577026 
7822 54.577026 
7823 54.577026 
7824 54.577025 
7825 54.577025 
7826 54.577025 
7827 54.577025 
7828 54.577025 
7829 54.577025 
7830 54.577025 
7831 54.577025 
7832 54.577025 
7833 54.577024 
7834 54.577024 
7835 54.577024 
7836 54.577024 
7837 54.577024 
7838 54.577024 
7839 54.577023 
7840 54.577023 
7841 54.577023 
7842 54.577022 
7843 54.577022 
7844 54.577021 
7845 54.57702 
7846 54.577016 
7847 54.576983 
7848 54.576982 
7849 54.576981 
7850 54.57698 
7851 54.576974 
7852 54.576966 
7853 54.576962 
7854 54.576926 
7855 54.576926 
7856 54.576926 
7857 54.576926 
7858 54.576925 
7859 54.576924 
7860 54.576922 
7861 54.57689 
7862 54.57689 
7863 54.576889 
7864 54.576888 
7865 54.576887 
7866 54.576881 
7867 54.576873 
7868 54.57687 
7869 54.576636 
7870 54.57563 
7871 54.574615 
7872 54.573813 
7873 54.57352 
7874 54.57326 
7875 54.573135 
7876 54.573121 
7877 54.573119 
7878 54.573113 
7879 54.573101 
7880 54.573098 
7881 54.573092 
7882 54.573044 
7883 54.573037 
7884 54.573021 
7885 54.572769 
7886 54.572742 
7887 54.572302 
7888 54.572295 
7889 54.572283 
7890 54.572263 
7891 54.572231 
7892 54.572056 
7893 54.572036 
7894 54.571903 
7895 54.571798 
7896 54.571776 
7897 54.571739 
7898 54.571683 
7899 54.571662 
7900 54.569696 
7901 54.569675 
7902 54.569664 
7903 54.569656 
7904 54.569649 
7905 54.569641 
7906 54.569632 
7907 54.569619 
7908 54.569579 
7909 54.569439 
7910 54.569429 
7911 54.569414 
7912 54.569361 
7913 54.569319 
7914 54.569252 
7915 54.569193 
7916 54.569179 
7917 54.569174 
7918 54.569168 
7919 54.569158 
7920 54.569121 
7921 54.569002 
7922 54.568995 
7923 54.568984 
7924 54.568905 
7925 54.568899 
7926 54.568889 
7927 54.568822 
7928 54.568813 
7929 54.568789 
7930 54.568718 
7931 54.568708 
7932 54.568649 
7933 54.568639 
7934 54.568599 
7935 54.56858 
7936 54.56678 
7937 54.566717 
7938 54.566709 
7939 54.566702 
7940 54.566694 
7941 54.566687 
7942 54.56668 
7943 54.566672 
7944 54.566661 
7945 54.566637 
7946 54.566501 
7947 54.565467 
7948 54.565463 
7949 54.565379 
7950 54.564991 
7951 54.56485 
7952 54.56469 
7953 54.564431 
7954 54.564187 
7955 54.564068 
7956 54.563956 
7957 54.563851 
7958 54.563713 
7959 54.563567 
7960 54.563472 
7961 54.563329 
7962 54.563228 
7963 54.563147 
7964 54.563058 
7965 54.562972 
7966 54.562898 
7967 54.562838 
7968 54.562767 
7969 54.562724 
7970 54.562667 
7971 54.562602 
7972 54.562558 
7973 54.56249 
7974 54.562455 
7975 54.562424 
7976 54.562397 
7977 54.562296 
7978 54.562269 
7979 54.562225 
7980 54.562187 
7981 54.562158 
7982 54.562141 
7983 54.562118 
7984 54.562099 
7985 54.562085 
7986 54.562075 
7987 54.562063 
7988 54.56206 
7989 54.562054 
7990 54.562054 
7991 54.562053 
7992 54.562053 
7993 54.562052 
7994 54.562051 
7995 54.56205 
7996 54.562047 
7997 54.562042 
7998 54.562037 
7999 54.562036 
8000 54.562035 
8001 54.562034 
8002 54.562032 
8003 54.56203 
8004 54.562027 
8005 54.562016 
8006 54.56199 
8007 54.561957 
8008 54.561955 
8009 54.561946 
8010 54.561942 
8011 54.561878 
8012 54.561721 
8013 54.561702 
8014 54.5617 
8015 54.561697 
8016 54.561653 
8017 54.561653 
8018 54.561652 
8019 54.561651 
8020 54.561651 
8021 54.561649 
8022 54.561644 
8023 54.561549 
8024 54.561549 
8025 54.561549 
8026 54.561549 
8027 54.561548 
8028 54.561548 
8029 54.561548 
8030 54.561547 
8031 54.561547 
8032 54.561547 
8033 54.561546 
8034 54.561545 
8035 54.561542 
8036 54.561521 
8037 54.56152 
8038 54.561518 
8039 54.561507 
8040 54.561504 
8041 54.561388 
8042 54.561387 
8043 54.561387 
8044 54.561386 
8045 54.561386 
8046 54.561385 
8047 54.561385 
8048 54.561384 
8049 54.561383 
8050 54.561382 
8051 54.561381 
8052 54.561377 
8053 54.561112 
8054 54.561112 
8055 54.561111 
8056 54.561111 
8057 54.561111 
8058 54.561111 
8059 54.561111 
8060 54.561111 
8061 54.56111 
8062 54.56111 
8063 54.56111 
8064 54.56111 
8065 54.56111 
8066 54.56111 
8067 54.561109 
8068 54.561109 
8069 54.561109 
8070 54.561109 
8071 54.561109 
8072 54.561108 
8073 54.561108 
8074 54.561108 
8075 54.561108 
8076 54.561107 
8077 54.561107 
8078 54.561106 
8079 54.561105 
8080 54.561104 
8081 54.561098 
8082 54.560819 
8083 54.560818 
8084 54.560818 
8085 54.560817 
8086 54.560817 
8087 54.560816 
8088 54.560816 
8089 54.560816 
8090 54.560815 
8091 54.560815 
8092 54.560814 
8093 54.560814 
8094 54.560813 
8095 54.560812 
8096 54.560811 
8097 54.56081 
8098 54.560809 
8099 54.560806 
8100 54.560799 
8101 54.560673 
8102 54.560664 
8103 54.560661 
8104 54.560657 
8105 54.560653 
8106 54.560647 
8107 54.560639 
8108 54.560624 
8109 54.560065 
8110 54.560051 
8111 54.560045 
8112 54.560036 
8113 54.56001 
8114 54.559968 
8115 54.559951 
8116 54.55995 
8117 54.559949 
8118 54.559949 
8119 54.559949 
8120 54.559949 
8121 54.559948 
8122 54.559948 
8123 54.559948 
8124 54.559947 
8125 54.559947 
8126 54.559946 
8127 54.559945 
8128 54.559943 
8129 54.559934 
8130 54.55993 
8131 54.558793 
8132 54.558734 
8133 54.55873 
8134 54.55873 
8135 54.558729 
8136 54.558729 
8137 54.558728 
8138 54.558728 
8139 54.558727 
8140 54.558726 
8141 54.558725 
8142 54.558724 
8143 54.558722 
8144 54.558715 
8145 54.558707 
8146 54.558701 
8147 54.558692 
8148 54.558688 
8149 54.55846 
8150 54.558458 
8151 54.558457 
8152 54.558455 
8153 54.558453 
8154 54.558451 
8155 54.558448 
8156 54.558444 
8157 54.558435 
8158 54.558329 
8159 54.558328 
8160 54.558328 
8161 54.558327 
8162 54.558327 
8163 54.558326 
8164 54.558325 
8165 54.558324 
8166 54.558322 
8167 54.558314 
8168 54.558308 
8169 54.558297 
8170 54.558294 
8171 54.557751 
8172 54.557718 
8173 54.557534 
8174 54.557379 
8175 54.557361 
8176 54.557345 
8177 54.557227 
8178 54.557219 
8179 54.557109 
8180 54.557104 
8181 54.557058 
8182 54.557056 
8183 54.557054 
8184 54.55705 
8185 54.556885 
8186 54.556877 
8187 54.556872 
8188 54.556867 
8189 54.556863 
8190 54.556858 
8191 54.556853 
8192 54.556846 
8193 54.556837 
8194 54.556802 
8195 54.556752 
8196 54.556736 
8197 54.556533 
8198 54.556532 
8199 54.556531 
8200 54.556531 
8201 54.55653 
8202 54.55653 
8203 54.556529 
8204 54.556528 
8205 54.556527 
8206 54.556525 
8207 54.55652 
8208 54.556468 
8209 54.556467 
8210 54.556467 
8211 54.556466 
8212 54.556465 
8213 54.556463 
8214 54.556459 
8215 54.55628 
8216 54.556261 
8217 54.55624 
8218 54.556159 
8219 54.556158 
8220 54.556157 
8221 54.556155 
8222 54.556148 
8223 54.556141 
8224 54.556134 
8225 54.553231 
8226 54.552892 
8227 54.552883 
8228 54.552875 
8229 54.552867 
8230 54.552859 
8231 54.552851 
8232 54.552842 
8233 54.552832 
8234 54.552822 
8235 54.552795 
8236 54.552761 
8237 54.552759 
8238 54.552758 
8239 54.552758 
8240 54.552758 
8241 54.552758 
8242 54.552758 
8243 54.552758 
8244 54.552757 
8245 54.552757 
8246 54.552757 
8247 54.552757 
8248 54.552757 
8249 54.552756 
8250 54.552756 
8251 54.552756 
8252 54.552756 
8253 54.552756 
8254 54.552755 
8255 54.552755 
8256 54.552742 
8257 54.551994 
8258 54.551973 
8259 54.551962 
8260 54.551949 
8261 54.551927 
8262 54.551832 
8263 54.551824 
8264 54.551821 
8265 54.551817 
8266 54.551815 
8267 54.551814 
8268 54.551814 
8269 54.551813 
8270 54.551811 
8271 54.551805 
8272 54.551606 
8273 54.551606 
8274 54.551606 
8275 54.551606 
8276 54.551605 
8277 54.551605 
8278 54.551605 
8279 54.551605 
8280 54.551604 
8281 54.551604 
8282 54.551603 
8283 54.551603 
8284 54.551602 
8285 54.551601 
8286 54.551598 
8287 54.551486 
8288 54.550907 
8289 54.549798 
8290 54.549028 
8291 54.548632 
8292 54.548433 
8293 54.548338 
8294 54.548326 
8295 54.548306 
8296 54.548264 
8297 54.548263 
8298 54.548261 
8299 54.548247 
8300 54.548244 
8301 54.54823 
8302 54.548228 
8303 54.547951 
8304 54.547795 
8305 54.547791 
8306 54.547787 
8307 54.547781 
8308 54.547748 
8309 54.547625 
8310 54.547603 
8311 54.547592 
8312 54.547587 
8313 54.547582 
8314 54.547571 
8315 54.547568 
8316 54.547562 
8317 54.547549 
8318 54.547545 
8319 54.547543 
8320 54.547514 
8321 54.547513 
8322 54.547513 
8323 54.547512 
8324 54.54751 
8325 54.547493 
8326 54.54749 
8327 54.547489 
8328 54.547484 
8329 54.547463 
8330 54.547459 
8331 54.547458 
8332 54.547456 
8333 54.547431 
8334 54.54743 
8335 54.547429 
8336 54.547427 
8337 54.547348 
8338 54.547345 
8339 54.547342 
8340 54.547338 
8341 54.547337 
8342 54.547337 
8343 54.547335 
8344 54.547333 
8345 54.547312 
8346 54.547311 
8347 54.54731 
8348 54.547308 
8349 54.54729 
8350 54.547289 
8351 54.547287 
8352 54.54728 
8353 54.547275 
8354 54.54725 
8355 54.54725 
8356 54.547249 
8357 54.547248 
8358 54.547243 
8359 54.547221 
8360 54.54722 
8361 54.547219 
8362 54.547217 
8363 54.547202 
8364 54.547201 
8365 54.547198 
8366 54.547143 
8367 54.547143 
8368 54.547142 
8369 54.547142 
8370 54.547142 
8371 54.547141 
8372 54.54714 
8373 54.547139 
8374 54.547136 
8375 54.539404 
8376 54.536764 
8377 54.536292 
8378 54.536074 
8379 54.535042 
8380 54.534986 
8381 54.53491 
8382 54.534844 
8383 54.534542 
8384 54.534441 
8385 54.53406 
8386 54.533991 
8387 54.533526 
8388 54.533369 
8389 54.533145 
8390 54.532945 
8391 54.532772 
8392 54.53251 
8393 54.532331 
8394 54.532046 
8395 54.531811 
8396 54.53166 
8397 54.531514 
8398 54.531397 
8399 54.531251 
8400 54.53111 
8401 54.530967 
8402 54.530856 
8403 54.530752 
8404 54.530644 
8405 54.53052 
8406 54.530397 
8407 54.530331 
8408 54.530263 
8409 54.530204 
8410 54.53013 
8411 54.530051 
8412 54.529974 
8413 54.529898 
8414 54.529836 
8415 54.529762 
8416 54.529668 
8417 54.529584 
8418 54.529509 
8419 54.529467 
8420 54.529413 
8421 54.529368 
8422 54.529335 
8423 54.529296 
8424 54.529263 
8425 54.529231 
8426 54.529206 
8427 54.52918 
8428 54.529148 
8429 54.529132 
8430 54.529109 
8431 54.529084 
8432 54.529046 
8433 54.529013 
8434 54.529005 
8435 54.528985 
8436 54.528926 
8437 54.528908 
8438 54.528889 
8439 54.528863 
8440 54.528841 
8441 54.528817 
8442 54.528785 
8443 54.528775 
8444 54.528758 
8445 54.528738 
8446 54.528708 
8447 54.528693 
8448 54.528607 
8449 54.528606 
8450 54.528594 
8451 54.528546 
8452 54.528546 
8453 54.528545 
8454 54.528544 
8455 54.528543 
8456 54.528537 
8457 54.528367 
8458 54.528366 
8459 54.528366 
8460 54.528366 
8461 54.528366 
8462 54.528365 
8463 54.528365 
8464 54.528365 
8465 54.528365 
8466 54.528364 
8467 54.528364 
8468 54.528364 
8469 54.528364 
8470 54.528363 
8471 54.528363 
8472 54.528362 
8473 54.528361 
8474 54.528359 
8475 54.528325 
8476 54.528316 
8477 54.528232 
8478 54.528232 
8479 54.528231 
8480 54.528231 
8481 54.528231 
8482 54.52823 
8483 54.52823 
8484 54.528229 
8485 54.528229 
8486 54.528227 
8487 54.528221 
8488 54.528029 
8489 54.528029 
8490 54.528029 
8491 54.528028 
8492 54.528028 
8493 54.528028 
8494 54.528027 
8495 54.528027 
8496 54.528027 
8497 54.528026 
8498 54.528026 
8499 54.528026 
8500 54.528025 
8501 54.528025 
8502 54.528024 
8503 54.528024 
8504 54.528023 
8505 54.528022 
8506 54.528017 
8507 54.527803 
8508 54.527778 
8509 54.527765 
8510 54.527754 
8511 54.527744 
8512 54.527735 
8513 54.527726 
8514 54.52771 
8515 54.527644 
8516 54.527636 
8517 54.527606 
8518 54.527605 
8519 54.527593 
8520 54.527539 
8521 54.527538 
8522 54.527538 
8523 54.527537 
8524 54.527536 
8525 54.527533 
8526 54.526114 
8527 54.525961 
8528 54.52594 
8529 54.525926 
8530 54.525913 
8531 54.525893 
8532 54.525762 
8533 54.525761 
8534 54.525761 
8535 54.52576 
8536 54.525759 
8537 54.525755 
8538 54.524971 
8539 54.5249 
8540 54.524866 
8541 54.524836 
8542 54.524589 
8543 54.524573 
8544 54.524571 
8545 54.52457 
8546 54.524567 
8547 54.52456 
8548 54.524548 
8549 54.524529 
8550 54.524106 
8551 54.524047 
8552 54.523909 
8553 54.523829 
8554 54.523755 
8555 54.523559 
8556 54.523543 
8557 54.523535 
8558 54.523529 
8559 54.523524 
8560 54.523518 
8561 54.523513 
8562 54.523507 
8563 54.523499 
8564 54.523482 
8565 54.522758 
8566 54.522624 
8567 54.522597 
8568 54.522583 
8569 54.522559 
8570 54.52222 
8571 54.522197 
8572 54.522116 
8573 54.522048 
8574 54.521966 
8575 54.521889 
8576 54.521793 
8577 54.5217 
8578 54.52146 
8579 54.521153 
8580 54.521075 
8581 54.520611 
8582 54.520583 
8583 54.520541 
8584 54.520448 
8585 54.520425 
8586 54.520345 
8587 54.520322 
8588 54.520077 
8589 54.520047 
8590 54.520022 
8591 54.51998 
8592 54.519892 
8593 54.519864 
8594 54.519645 
8595 54.519617 
8596 54.519592 
8597 54.519498 
8598 54.519466 
8599 54.518878 
8600 54.518803 
8601 54.51872 
8602 54.518568 
8603 54.518289 
8604 54.518186 
8605 54.518067 
8606 54.517989 
8607 54.517906 
8608 54.517807 
8609 54.517725 
8610 54.517595 
8611 54.517449 
8612 54.51731 
8613 54.517233 
8614 54.517158 
8615 54.517043 
8616 54.516949 
8617 54.516892 
8618 54.516814 
8619 54.516758 
8620 54.516715 
8621 54.516647 
8622 54.516599 
8623 54.516548 
8624 54.516495 
8625 54.516452 
8626 54.516404 
8627 54.516376 
8628 54.516346 
8629 54.516308 
8630 54.516273 
8631 54.516238 
8632 54.516222 
8633 54.516198 
8634 54.516182 
8635 54.516167 
8636 54.516141 
8637 54.516128 
8638 54.516113 
8639 54.516102 
8640 54.516089 
8641 54.516081 
8642 54.516071 
8643 54.516066 
8644 54.51606 
8645 54.516053 
8646 54.516045 
8647 54.516034 
8648 54.516025 
8649 54.516016 
8650 54.516006 
8651 54.515999 
8652 54.515986 
8653 54.515976 
8654 54.515963 
8655 54.515943 
8656 54.515928 
8657 54.515899 
8658 54.515887 
8659 54.515844 
8660 54.515774 
8661 54.51563 
8662 54.515486 
8663 54.515448 
8664 54.515296 
8665 54.515292 
8666 54.515289 
8667 54.515283 
8668 54.515272 
8669 54.51482 
8670 54.514812 
8671 54.514807 
8672 54.514803 
8673 54.514798 
8674 54.514794 
8675 54.514789 
8676 54.514782 
8677 54.514771 
8678 54.514621 
8679 54.51461 
8680 54.514598 
8681 54.514581 
8682 54.51427 
8683 54.514239 
8684 54.514223 
8685 54.514204 
8686 54.51416 
8687 54.513845 
8688 54.513821 
8689 54.513793 
8690 54.513342 
8691 54.513338 
8692 54.513305 
8693 54.51328 
8694 54.513195 
8695 54.513154 
8696 54.512892 
8697 54.512781 
8698 54.512661 
8699 54.512596 
8700 54.512573 
8701 54.512372 
8702 54.512333 
8703 54.512286 
8704 54.512215 
8705 54.512176 
8706 54.511741 
8707 54.511589 
8708 54.511564 
8709 54.511548 
8710 54.511511 
8711 54.511426 
8712 54.51139 
8713 54.511372 
8714 54.511226 
8715 54.511211 
8716 54.511194 
8717 54.511134 
8718 54.511116 
8719 54.510783 
8720 54.510769 
8721 54.510753 
8722 54.510744 
8723 54.510722 
8724 54.509473 
8725 54.509458 
8726 54.509445 
8727 54.509427 
8728 54.509408 
8729 54.509394 
8730 54.509333 
8731 54.509319 
8732 54.509229 
8733 54.509219 
8734 54.509198 
8735 54.507751 
8736 54.507674 
8737 54.507535 
8738 54.507369 
8739 54.50725 
8740 54.507112 
8741 54.50706 
8742 54.507043 
8743 54.507024 
8744 54.506956 
8745 54.50686 
8746 54.506803 
8747 54.506663 
8748 54.50657 
8749 54.506548 
8750 54.506528 
8751 54.506411 
8752 54.506394 
8753 54.506368 
8754 54.505948 
8755 54.505913 
8756 54.505879 
8757 54.505574 
8758 54.505529 
8759 54.505445 
8760 54.505426 
8761 54.505335 
8762 54.505318 
8763 54.505267 
8764 54.505233 
8765 54.504943 
8766 54.50488 
8767 54.504845 
8768 54.504022 
8769 54.503885 
8770 54.50384 
8771 54.503357 
8772 54.503209 
8773 54.503162 
8774 54.50286 
8775 54.501949 
8776 54.501312 
8777 54.50103 
8778 54.500844 
8779 54.500798 
8780 54.500731 
8781 54.500711 
8782 54.500673 
8783 54.500608 
8784 54.500356 
8785 54.500308 
8786 54.500299 
8787 54.500216 
8788 54.50021 
8789 54.500195 
8790 54.500028 
8791 54.499986 
8792 54.499964 
8793 54.499888 
8794 54.499881 
8795 54.499865 
8796 54.499165 
8797 54.499135 
8798 54.498939 
8799 54.498929 
8800 54.498917 
8801 54.498906 
8802 54.498887 
8803 54.49877 
8804 54.498729 
8805 54.498529 
8806 54.498516 
8807 54.498502 
8808 54.498481 
8809 54.498212 
8810 54.498119 
8811 54.498026 
8812 54.497943 
8813 54.497905 
8814 54.497391 
8815 54.497358 
8816 54.497331 
8817 54.4973 
8818 54.497242 
8819 54.496879 
8820 54.496866 
8821 54.496853 
8822 54.496836 
8823 54.496786 
8824 54.496765 
8825 54.495885 
8826 54.495856 
8827 54.495827 
8828 54.495719 
8829 54.495683 
8830 54.495665 
8831 54.495321 
8832 54.49532 
8833 54.49532 
8834 54.495319 
8835 54.495318 
8836 54.495316 
8837 54.495315 
8838 54.495312 
8839 54.495304 
8840 54.49528 
8841 54.495142 
8842 54.495009 
8843 54.494952 
8844 54.494872 
8845 54.494844 
8846 54.494507 
8847 54.4945 
8848 54.494489 
8849 54.494415 
8850 54.494357 
8851 54.49424 
8852 54.49422 
8853 54.49421 
8854 54.4942 
8855 54.494193 
8856 54.494186 
8857 54.494179 
8858 54.494172 
8859 54.494164 
8860 54.49415 
8861 54.493891 
8862 54.493884 
8863 54.493876 
8864 54.493868 
8865 54.493852 
8866 54.493732 
8867 54.493731 
8868 54.49373 
8869 54.493729 
8870 54.493728 
8871 54.493726 
8872 54.493723 
8873 54.493717 
8874 54.493621 
8875 54.493504 
8876 54.4935 
8877 54.493494 
8878 54.493478 
8879 54.49261 
8880 54.492512 
8881 54.492475 
8882 54.492464 
8883 54.492451 
8884 54.492431 
8885 54.492268 
8886 54.492198 
8887 54.492195 
8888 54.492192 
8889 54.492181 
8890 54.491937 
8891 54.491936 
8892 54.491936 
8893 54.491935 
8894 54.491934 
8895 54.491933 
8896 54.49193 
8897 54.49191 
8898 54.491824 
8899 54.491822 
8900 54.491817 
8901 54.491806 
8902 54.491724 
8903 54.491723 
8904 54.491721 
8905 54.491719 
8906 54.491716 
8907 54.491709 
8908 54.491466 
8909 54.491455 
8910 54.491322 
8911 54.490881 
8912 54.490694 
8913 54.490678 
8914 54.4903 
8915 54.490215 
8916 54.490205 
8917 54.490041 
8918 54.48995 
8919 54.489927 
8920 54.489895 
8921 54.489876 
8922 54.48986 
8923 54.489838 
8924 54.489792 
8925 54.489498 
8926 54.489267 
8927 54.489058 
8928 54.488837 
8929 54.488675 
8930 54.488524 
8931 54.488392 
8932 54.488289 
8933 54.488186 
8934 54.488097 
8935 54.488024 
8936 54.487988 
8937 54.487956 
8938 54.487933 
8939 54.487906 
8940 54.487892 
8941 54.487877 
8942 54.487863 
8943 54.487838 
8944 54.487808 
8945 54.487779 
8946 54.487758 
8947 54.487756 
8948 54.48775 
8949 54.487731 
8950 54.487714 
8951 54.487709 
8952 54.48767 
8953 54.48755 
8954 54.487549 
8955 54.487548 
8956 54.487546 
8957 54.487544 
8958 54.487537 
8959 54.487444 
8960 54.487443 
8961 54.487442 
8962 54.487441 
8963 54.48744 
8964 54.487439 
8965 54.487437 
8966 54.487433 
8967 54.487382 
8968 54.487381 
8969 54.48738 
8970 54.487379 
8971 54.487377 
8972 54.487371 
8973 54.48723 
8974 54.487229 
8975 54.487229 
8976 54.487228 
8977 54.487228 
8978 54.487227 
8979 54.487227 
8980 54.487226 
8981 54.487225 
8982 54.487225 
8983 54.487223 
8984 54.487221 
8985 54.487217 
8986 54.487134 
8987 54.487133 
8988 54.487131 
8989 54.487129 
8990 54.487125 
8991 54.48712 
8992 54.487105 
8993 54.487104 
8994 54.487104 
8995 54.487103 
8996 54.487102 
8997 54.487095 
8998 54.487094 
8999 54.48709 
9000 54.487086 
9001 54.487084 
9002 54.486924 
9003 54.486917 
9004 54.486912 
9005 54.486905 
9006 54.486899 
9007 54.486898 
9008 54.486897 
9009 54.486891 
9010 54.486889 
9011 54.486801 
9012 54.486799 
9013 54.486798 
9014 54.486797 
9015 54.486795 
9016 54.486689 
9017 54.486688 
9018 54.486687 
9019 54.486683 
9020 54.486667 
9021 54.486666 
9022 54.486665 
9023 54.486662 
9024 54.486656 
9025 54.486655 
9026 54.486642 
9027 54.486641 
9028 54.48664 
9029 54.486638 
9030 54.486621 
9031 54.48662 
9032 54.486619 
9033 54.486618 
9034 54.486613 
9035 54.486611 
9036 54.486593 
9037 54.486593 
9038 54.486593 
9039 54.486592 
9040 54.486591 
9041 54.486575 
9042 54.486574 
9043 54.486573 
9044 54.486572 
9045 54.486565 
9046 54.486564 
9047 54.48656 
9048 54.486557 
9049 54.486548 
9050 54.486547 
9051 54.486545 
9052 54.486502 
9053 54.486502 
9054 54.486502 
9055 54.486501 
9056 54.486501 
9057 54.4865 
9058 54.4865 
9059 54.486497 
9060 54.486485 
9061 54.486484 
9062 54.486484 
9063 54.486482 
9064 54.486287 
9065 54.486287 
9066 54.486287 
9067 54.486286 
9068 54.486286 
9069 54.486286 
9070 54.486286 
9071 54.486285 
9072 54.486285 
9073 54.486285 
9074 54.486284 
9075 54.486282 
9076 54.486259 
9077 54.486259 
9078 54.486258 
9079 54.486258 
9080 54.486257 
9081 54.486256 
9082 54.486248 
9083 54.486247 
9084 54.486245 
9085 54.486174 
9086 54.486163 
9087 54.486162 
9088 54.486161 
9089 54.486122 
9090 54.48612 
9091 54.486119 
9092 54.486118 
9093 54.486117 
9094 54.48611 
9095 54.486109 
9096 54.486105 
9097 54.486103 
9098 54.486073 
9099 54.486073 
9100 54.486072 
9101 54.486071 
9102 54.48607 
9103 54.486069 
9104 54.486063 
9105 54.486062 
9106 54.48605 
9107 54.48605 
9108 54.486049 
9109 54.486045 
9110 54.48604 
9111 54.486039 
9112 54.486029 
9113 54.486029 
9114 54.486027 
9115 54.48601 
9116 54.486009 
9117 54.486009 
9118 54.486008 
9119 54.486005 
9120 54.485994 
9121 54.485993 
9122 54.485992 
9123 54.485989 
9124 54.485977 
9125 54.485977 
9126 54.485976 
9127 54.485972 
9128 54.485965 
9129 54.485964 
9130 54.485961 
9131 54.485952 
9132 54.485951 
9133 54.485949 
9134 54.485903 
9135 54.485903 
9136 54.485903 
9137 54.485903 
9138 54.485902 
9139 54.485902 
9140 54.485902 
9141 54.485901 
9142 54.485901 
9143 54.4859 
9144 54.485896 
9145 54.485891 
9146 54.485889 
9147 54.485722 
9148 54.485721 
9149 54.485721 
9150 54.485721 
9151 54.48572 
9152 54.48572 
9153 54.485718 
9154 54.485706 
9155 54.485705 
9156 54.485704 
9157 54.485702 
9158 54.485676 
9159 54.485676 
9160 54.485675 
9161 54.485674 
9162 54.485674 
9163 54.485672 
9164 54.485566 
9165 54.485559 
9166 54.485558 
9167 54.485553 
9168 54.485551 
9169 54.485485 
9170 54.48548 
9171 54.485478 
9172 54.48547 
9173 54.485469 
9174 54.485467 
9175 54.48539 
9176 54.485384 
9177 54.485378 
9178 54.485377 
9179 54.485355 
9180 54.485354 
9181 54.485353 
9182 54.485353 
9183 54.485352 
9184 54.485349 
9185 54.485335 
9186 54.485334 
9187 54.485333 
9188 54.485332 
9189 54.485324 
9190 54.485323 
9191 54.485321 
9192 54.485311 
9193 54.48531 
9194 54.485309 
9195 54.485301 
9196 54.485301 
9197 54.485298 
9198 54.48516 
9199 54.485159 
9200 54.485158 
9201 54.485156 
9202 54.485115 
9203 54.485108 
9204 54.485107 
9205 54.485106 
9206 54.485097 
9207 54.485097 
9208 54.485095 
9209 54.485058 
9210 54.485058 
9211 54.485057 
9212 54.485057 
9213 54.485056 
9214 54.485056 
9215 54.485055 
9216 54.485053 
9217 54.484946 
9218 54.484939 
9219 54.484933 
9220 54.48493 
9221 54.484922 
9222 54.484921 
9223 54.48492 
9224 54.484885 
9225 54.484885 
9226 54.484884 
9227 54.484884 
9228 54.484883 
9229 54.484883 
9230 54.484882 
9231 54.48488 
9232 54.484771 
9233 54.484764 
9234 54.484752 
9235 54.48475 
9236 54.48475 
9237 54.48475 
9238 54.484749 
9239 54.484748 
9240 54.484706 
9241 54.484706 
9242 54.484705 
9243 54.484705 
9244 54.484705 
9245 54.484704 
9246 54.484704 
9247 54.484703 
9248 54.484701 
9249 54.484611 
9250 54.484592 
9251 54.484592 
9252 54.484591 
9253 54.484591 
9254 54.48459 
9255 54.48459 
9256 54.484589 
9257 54.484585 
9258 54.484582 
9259 54.484578 
9260 54.484575 
9261 54.484557 
9262 54.484557 
9263 54.484556 
9264 54.484556 
9265 54.484555 
9266 54.484552 
9267 54.484542 
9268 54.484542 
9269 54.484541 
9270 54.484537 
9271 54.484535 
9272 54.484498 
9273 54.484498 
9274 54.484498 
9275 54.484497 
9276 54.484497 
9277 54.484496 
9278 54.484496 
9279 54.484495 
9280 54.484489 
9281 54.484487 
9282 54.48448 
9283 54.48448 
9284 54.484477 
9285 54.48447 
9286 54.484469 
9287 54.484467 
9288 54.484256 
9289 54.483427 
9290 54.482788 
9291 54.482768 
9292 54.482742 
9293 54.482729 
9294 54.482681 
9295 54.482581 
9296 54.482505 
9297 54.482423 
9298 54.482347 
9299 54.48228 
9300 54.482227 
9301 54.482172 
9302 54.48213 
9303 54.482095 
9304 54.48204 
9305 54.482001 
9306 54.481965 
9307 54.481947 
9308 54.48192 
9309 54.481902 
9310 54.481879 
9311 54.481864 
9312 54.481854 
9313 54.481844 
9314 54.481833 
9315 54.481826 
9316 54.481817 
9317 54.481808 
9318 54.481806 
9319 54.481803 
9320 54.4818 
9321 54.481798 
9322 54.481797 
9323 54.481794 
9324 54.481782 
9325 54.481773 
9326 54.48177 
9327 54.481763 
9328 54.481733 
9329 54.481733 
9330 54.481732 
9331 54.481732 
9332 54.481731 
9333 54.481726 
9334 54.481726 
9335 54.481723 
9336 54.48172 
9337 54.481716 
9338 54.481713 
9339 54.481708 
9340 54.481707 
9341 54.481702 
9342 54.481701 
9343 54.481668 
9344 54.481668 
9345 54.481668 
9346 54.481667 
9347 54.481666 
9348 54.48164 
9349 54.481635 
9350 54.481633 
9351 54.4816 
9352 54.481597 
9353 54.48159 
9354 54.481589 
9355 54.481588 
9356 54.481537 
9357 54.48153 
9358 54.48153 
9359 54.481529 
9360 54.481527 
9361 54.481471 
9362 54.481466 
9363 54.481464 
9364 54.481461 
9365 54.481417 
9366 54.481417 
9367 54.481416 
9368 54.481416 
9369 54.481416 
9370 54.481416 
9371 54.481416 
9372 54.481416 
9373 54.481415 
9374 54.481415 
9375 54.481415 
9376 54.481414 
9377 54.481411 
9378 54.481405 
9379 54.481405 
9380 54.481399 
9381 54.481398 
9382 54.481389 
9383 54.481388 
9384 54.481387 
9385 54.481385 
9386 54.481368 
9387 54.481368 
9388 54.481368 
9389 54.481367 
9390 54.481367 
9391 54.481365 
9392 54.481243 
9393 54.481238 
9394 54.48123 
9395 54.481229 
9396 54.481228 
9397 54.481196 
9398 54.481195 
9399 54.481195 
9400 54.481195 
9401 54.481195 
9402 54.481195 
9403 54.481194 
9404 54.481194 
9405 54.481193 
9406 54.481191 
9407 54.481159 
9408 54.481159 
9409 54.481159 
9410 54.481158 
9411 54.481158 
9412 54.481158 
9413 54.481158 
9414 54.481157 
9415 54.481156 
9416 54.481154 
9417 54.481134 
9418 54.481134 
9419 54.481133 
9420 54.481133 
9421 54.481133 
9422 54.481132 
9423 54.48113 
9424 54.481094 
9425 54.481093 
9426 54.481093 
9427 54.481093 
9428 54.481093 
9429 54.481093 
9430 54.481092 
9431 54.481092 
9432 54.481092 
9433 54.481091 
9434 54.481089 
9435 54.481076 
9436 54.481076 
9437 54.481075 
9438 54.481074 
9439 54.481071 
9440 54.481068 
9441 54.481065 
9442 54.48106 
9443 54.481059 
9444 54.480834 
9445 54.480832 
9446 54.480832 
9447 54.480831 
9448 54.480831 
9449 54.48083 
9450 54.48083 
9451 54.480826 
9452 54.480824 
9453 54.480816 
9454 54.480815 
9455 54.480814 
9456 54.480742 
9457 54.480742 
9458 54.480741 
9459 54.480741 
9460 54.480741 
9461 54.48074 
9462 54.48074 
9463 54.48074 
9464 54.48074 
9465 54.480739 
9466 54.480739 
9467 54.480738 
9468 54.480737 
9469 54.480733 
9470 54.480732 
9471 54.480488 
9472 54.480478 
9473 54.480465 
9474 54.480464 
9475 54.480464 
9476 54.480464 
9477 54.480463 
9478 54.480463 
9479 54.480463 
9480 54.480463 
9481 54.480462 
9482 54.480462 
9483 54.480462 
9484 54.480461 
9485 54.48046 
9486 54.48045 
9487 54.48045 
9488 54.480449 
9489 54.480447 
9490 54.480431 
9491 54.480431 
9492 54.48043 
9493 54.48043 
9494 54.480429 
9495 54.480426 
9496 54.480423 
9497 54.480418 
9498 54.480417 
9499 54.480178 
9500 54.480152 
9501 54.480151 
9502 54.480151 
9503 54.480151 
9504 54.480151 
9505 54.480151 
9506 54.480151 
9507 54.480151 
9508 54.480151 
9509 54.480151 
9510 54.480151 
9511 54.48015 
9512 54.48015 
9513 54.48015 
9514 54.48015 
9515 54.48015 
9516 54.48015 
9517 54.48015 
9518 54.480149 
9519 54.480149 
9520 54.480149 
9521 54.480149 
9522 54.480148 
9523 54.480147 
9524 54.480146 
9525 54.479895 
9526 54.479886 
9527 54.479863 
9528 54.479852 
9529 54.479848 
9530 54.479847 
9531 54.479846 
9532 54.479799 
9533 54.479799 
9534 54.479799 
9535 54.479799 
9536 54.479798 
9537 54.479798 
9538 54.479798 
9539 54.479798 
9540 54.479797 
9541 54.479796 
9542 54.479794 
9543 54.4797 
9544 54.479695 
9545 54.479695 
9546 54.479695 
9547 54.479695 
9548 54.479694 
9549 54.479694 
9550 54.479694 
9551 54.479694 
9552 54.479693 
9553 54.479693 
9554 54.479693 
9555 54.479692 
9556 54.479691 
9557 54.479679 
9558 54.479679 
9559 54.479678 
9560 54.479677 
9561 54.479665 
9562 54.479665 
9563 54.479664 
9564 54.479663 
9565 54.479657 
9566 54.479656 
9567 54.479652 
9568 54.47965 
9569 54.479585 
9570 54.479585 
9571 54.479584 
9572 54.479584 
9573 54.479584 
9574 54.479584 
9575 54.479584 
9576 54.479584 
9577 54.479584 
9578 54.479583 
9579 54.479583 
9580 54.479583 
9581 54.479583 
9582 54.479583 
9583 54.479582 
9584 54.479581 
9585 54.479579 
9586 54.479571 
9587 54.47957 
9588 54.479569 
9589 54.479543 
9590 54.479543 
9591 54.479542 
9592 54.479542 
9593 54.479542 
9594 54.479541 
9595 54.47954 
9596 54.479538 
9597 54.479521 
9598 54.479521 
9599 54.47952 
9600 54.47952 
9601 54.479519 
9602 54.479516 
9603 54.47951 
9604 54.479509 
9605 54.479506 
9606 54.4795 
9607 54.479499 
9608 54.479494 
9609 54.479492 
9610 54.479425 
9611 54.479425 
9612 54.479425 
9613 54.479425 
9614 54.479425 
9615 54.479425 
9616 54.479425 
9617 54.479425 
9618 54.479424 
9619 54.479424 
9620 54.479424 
9621 54.479424 
9622 54.479424 
9623 54.479423 
9624 54.479423 
9625 54.479423 
9626 54.479421 
9627 54.479412 
9628 54.479412 
9629 54.479411 
9630 54.479406 
9631 54.479405 
9632 54.476909 
9633 54.475972 
9634 54.475964 
9635 54.475961 
9636 54.475956 
9637 54.475951 
9638 54.475944 
9639 54.475932 
9640 54.475932 
9641 54.475932 
9642 54.475931 
9643 54.475931 
9644 54.47593 
9645 54.475929 
9646 54.475923 
9647 54.475919 
9648 54.475916 
9649 54.475826 
9650 54.475817 
9651 54.475815 
9652 54.475454 
9653 54.47482 
9654 54.474564 
9655 54.474441 
9656 54.474388 
9657 54.47437 
9658 54.474357 
9659 54.474354 
9660 54.474336 
9661 54.474334 
9662 54.474333 
9663 54.474332 
9664 54.47433 
9665 54.474316 
9666 54.474316 
9667 54.474315 
9668 54.474314 
9669 54.474307 
9670 54.474306 
9671 54.474303 
9672 54.474294 
9673 54.474293 
9674 54.474292 
9675 54.474278 
9676 54.474278 
9677 54.474278 
9678 54.474277 
9679 54.474275 
9680 54.474256 
9681 54.474255 
9682 54.474255 
9683 54.474255 
9684 54.474254 
9685 54.474253 
9686 54.474217 
9687 54.474216 
9688 54.474215 
9689 54.474213 
9690 54.474212 
9691 54.474212 
9692 54.474211 
9693 54.474211 
9694 54.474211 
9695 54.474209 
9696 54.474202 
9697 54.474201 
9698 54.474199 
9699 54.473611 
9700 54.473607 
9701 54.473607 
9702 54.473606 
9703 54.473602 
9704 54.4736 
9705 54.473597 
9706 54.473594 
9707 54.473591 
9708 54.473587 
9709 54.473582 
9710 54.47357 
9711 54.473541 
9712 54.473539 
9713 54.473539 
9714 54.473538 
9715 54.473538 
9716 54.473537 
9717 54.473536 
9718 54.472598 
9719 54.47259 
9720 54.472585 
9721 54.47258 
9722 54.47258 
9723 54.47258 
9724 54.47258 
9725 54.472579 
9726 54.472579 
9727 54.472579 
9728 54.472579 
9729 54.472578 
9730 54.472578 
9731 54.472577 
9732 54.472576 
9733 54.472573 
9734 54.472563 
9735 54.472562 
9736 54.472562 
9737 54.472558 
9738 54.472554 
9739 54.472552 
9740 54.472384 
9741 54.472382 
9742 54.472382 
9743 54.472382 
9744 54.472382 
9745 54.472381 
9746 54.472381 
9747 54.472381 
9748 54.47238 
9749 54.472379 
9750 54.472377 
9751 54.472309 
9752 54.472308 
9753 54.472304 
9754 54.472299 
9755 54.472297 
9756 54.472243 
9757 54.472243 
9758 54.472243 
9759 54.472242 
9760 54.472242 
9761 54.472242 
9762 54.472242 
9763 54.472241 
9764 54.472241 
9765 54.472241 
9766 54.47224 
9767 54.472239 
9768 54.472235 
9769 54.472233 
9770 54.472217 
9771 54.472217 
9772 54.472216 
9773 54.472216 
9774 54.472215 
9775 54.472203 
9776 54.472202 
9777 54.472202 
9778 54.472201 
9779 54.472189 
9780 54.472189 
9781 54.472188 
9782 54.472187 
9783 54.472153 
9784 54.472152 
9785 54.472152 
9786 54.472152 
9787 54.472152 
9788 54.472152 
9789 54.472151 
9790 54.472151 
9791 54.47215 
9792 54.472149 
9793 54.472129 
9794 54.472129 
9795 54.472129 
9796 54.472128 
9797 54.472128 
9798 54.472127 
9799 54.472122 
9800 54.472121 
9801 54.472012 
9802 54.472011 
9803 54.472011 
9804 54.472011 
9805 54.472011 
9806 54.47201 
9807 54.47201 
9808 54.47201 
9809 54.47201 
9810 54.47201 
9811 54.47201 
9812 54.472009 
9813 54.472009 
9814 54.472009 
9815 54.472008 
9816 54.472008 
9817 54.472007 
9818 54.472003 
9819 54.472001 
9820 54.471987 
9821 54.471986 
9822 54.471986 
9823 54.471985 
9824 54.471984 
9825 54.471972 
9826 54.471972 
9827 54.471971 
9828 54.47197 
9829 54.471965 
9830 54.471964 
9831 54.471953 
9832 54.471952 
9833 54.471952 
9834 54.471951 
9835 54.471926 
9836 54.471926 
9837 54.471926 
9838 54.471926 
9839 54.471925 
9840 54.471925 
9841 54.471924 
9842 54.471923 
9843 54.471759 
9844 54.471758 
9845 54.471758 
9846 54.471758 
9847 54.471758 
9848 54.471758 
9849 54.471758 
9850 54.471758 
9851 54.471758 
9852 54.471758 
9853 54.471757 
9854 54.471757 
9855 54.471757 
9856 54.471757 
9857 54.471757 
9858 54.471757 
9859 54.471757 
9860 54.471757 
9861 54.471757 
9862 54.471756 
9863 54.471756 
9864 54.471756 
9865 54.471756 
9866 54.471756 
9867 54.471756 
9868 54.471755 
9869 54.471755 
9870 54.471755 
9871 54.471755 
9872 54.471754 
9873 54.471753 
9874 54.471728 
9875 54.471728 
9876 54.471727 
9877 54.471727 
9878 54.471727 
9879 54.471726 
9880 54.471726 
9881 54.471724 
9882 54.471668 
9883 54.471668 
9884 54.471668 
9885 54.471668 
9886 54.471667 
9887 54.471667 
9888 54.471667 
9889 54.471667 
9890 54.471667 
9891 54.471666 
9892 54.471666 
9893 54.471665 
9894 54.471664 
9895 54.471659 
9896 54.471658 
9897 54.471646 
9898 54.471645 
9899 54.471645 
9900 54.471644 
9901 54.471638 
9902 54.471637 
9903 54.471633 
9904 54.471631 
9905 54.467601 
9906 54.467015 
9907 54.466985 
9908 54.466979 
9909 54.466979 
9910 54.466978 
9911 54.466978 
9912 54.466978 
9913 54.466978 
9914 54.466977 
9915 54.466977 
9916 54.466976 
9917 54.466976 
9918 54.466975 
9919 54.466974 
9920 54.466973 
9921 54.466969 
9922 54.466944 
9923 54.466943 
9924 54.466938 
9925 54.466854 
9926 54.466854 
9927 54.466854 
9928 54.466854 
9929 54.466853 
9930 54.466853 
9931 54.466853 
9932 54.466852 
9933 54.466851 
9934 54.466851 
9935 54.46685 
9936 54.46685 
9937 54.466849 
9938 54.466847 
9939 54.466826 
9940 54.466825 
9941 54.466824 
9942 54.466823 
9943 54.46682 
9944 54.466515 
9945 54.466476 
9946 54.466454 
9947 54.46635 
9948 54.466339 
9949 54.46633 
9950 54.466323 
9951 54.466315 
9952 54.466307 
9953 54.466293 
9954 54.465969 
9955 54.465968 
9956 54.465968 
9957 54.465968 
9958 54.465968 
9959 54.465968 
9960 54.465968 
9961 54.465968 
9962 54.465967 
9963 54.465967 
9964 54.465967 
9965 54.465967 
9966 54.465967 
9967 54.465966 
9968 54.465966 
9969 54.465966 
9970 54.465966 
9971 54.465965 
9972 54.465965 
9973 54.465965 
9974 54.465964 
9975 54.465963 
9976 54.465963 
9977 54.465962 
9978 54.465962 
9979 54.465961 
9980 54.46596 
9981 54.465958 
9982 54.465919 
9983 54.465918 
9984 54.465917 
9985 54.465916 
9986 54.465913 
9987 54.465797 
9988 54.465689 
9989 54.465679 
9990 54.465671 
9991 54.465655 
9992 54.465654 
9993 54.465652 
9994 54.465629 
9995 54.465628 
9996 54.465628 
9997 54.465628 
9998 54.465628 
9999 54.465628 
10000 54.465628 
10001 54.465627 
10002 54.465627 
10003 54.465627 
10004 54.465626 
10005 54.465626 
10006 54.465625 
10007 54.465624 
10008 54.465619 
10009 54.465594 
10010 54.465594 
10011 54.465593 
10012 54.465592 
10013 54.465587 
10014 54.465557 
10015 54.465556 
10016 54.465556 
10017 54.465555 
10018 54.465554 
10019 54.46555 
10020 54.465492 
10021 54.465492 
10022 54.465492 
10023 54.465491 
10024 54.465491 
10025 54.465491 
10026 54.46549 
10027 54.46549 
10028 54.465489 
10029 54.465487 
10030 54.465402 
10031 54.465402 
10032 54.465401 
10033 54.465401 
10034 54.465401 
10035 54.465401 
10036 54.465401 
10037 54.4654 
10038 54.4654 
10039 54.4654 
10040 54.465399 
10041 54.465399 
10042 54.465398 
10043 54.465397 
10044 54.465393 
10045 54.465024 
10046 54.46502 
10047 54.46502 
10048 54.465019 
10049 54.465019 
10050 54.465018 
10051 54.465016 
10052 54.46499 
10053 54.46499 
10054 54.464989 
10055 54.464989 
10056 54.464988 
10057 54.464986 
10058 54.464956 
10059 54.464956 
10060 54.464956 
10061 54.464955 
10062 54.464955 
10063 54.464954 
10064 54.464954 
10065 54.464953 
10066 54.464952 
10067 54.464948 
10068 54.464921 
10069 54.464921 
10070 54.464921 
10071 54.46492 
10072 54.46492 
10073 54.464919 
10074 54.464918 
10075 54.464912 
10076 54.464909 
10077 54.463496 
10078 54.46349 
10079 54.463487 
10080 54.463484 
10081 54.463479 
10082 54.463472 
10083 54.463455 
10084 54.463356 
10085 54.463285 
10086 54.463277 
10087 54.463275 
10088 54.463273 
10089 54.46327 
10090 54.463267 
10091 54.463263 
10092 54.463258 
10093 54.46323 
10094 54.46323 
10095 54.463229 
10096 54.463227 
10097 54.463219 
10098 54.463215 
10099 54.46315 
10100 54.46315 
10101 54.46315 
10102 54.46315 
10103 54.463149 
10104 54.463149 
10105 54.463149 
10106 54.463148 
10107 54.463147 
10108 54.463146 
10109 54.463143 
10110 54.463047 
10111 54.463047 
10112 54.463047 
10113 54.463047 
10114 54.463046 
10115 54.463046 
10116 54.463046 
10117 54.463046 
10118 54.463045 
10119 54.463045 
10120 54.463045 
10121 54.463044 
10122 54.463043 
10123 54.463042 
10124 54.463036 
10125 54.462994 
10126 54.462993 
10127 54.462993 
10128 54.462992 
10129 54.462991 
10130 54.462988 
10131 54.462911 
10132 54.462909 
10133 54.462907 
10134 54.462904 
10135 54.462898 
10136 54.462878 
10137 54.462877 
10138 54.462874 
10139 54.462788 
10140 54.462787 
10141 54.462786 
10142 54.462786 
10143 54.462786 
10144 54.462786 
10145 54.462785 
10146 54.462785 
10147 54.462785 
10148 54.462784 
10149 54.462784 
10150 54.462783 
10151 54.462782 
10152 54.46278 
10153 54.462777 
10154 54.462742 
10155 54.462734 
10156 54.462718 
10157 54.462611 
10158 54.462611 
10159 54.46261 
10160 54.46261 
10161 54.46261 
10162 54.46261 
10163 54.462609 
10164 54.462609 
10165 54.462609 
10166 54.462609 
10167 54.462608 
10168 54.462608 
10169 54.462607 
10170 54.462606 
10171 54.462602 
10172 54.46259 
10173 54.462513 
10174 54.462513 
10175 54.462513 
10176 54.462513 
10177 54.462513 
10178 54.462512 
10179 54.462512 
10180 54.462512 
10181 54.462512 
10182 54.462512 
10183 54.462512 
10184 54.462512 
10185 54.462512 
10186 54.462512 
10187 54.462512 
10188 54.462512 
10189 54.462512 
10190 54.462512 
10191 54.462512 
10192 54.462512 
10193 54.462511 
10194 54.462511 
10195 54.462511 
10196 54.462511 
10197 54.462511 
10198 54.462511 
10199 54.462511 
10200 54.462511 
10201 54.462511 
10202 54.46251 
10203 54.46251 
10204 54.462509 
10205 54.462497 
10206 54.46248 
10207 54.461516 
10208 54.461324 
10209 54.461294 
10210 54.461091 
10211 54.460589 
10212 54.46026 
10213 54.45984 
10214 54.459598 
10215 54.45937 
10216 54.459217 
10217 54.459111 
10218 54.459034 
10219 54.458985 
10220 54.458956 
10221 54.458931 
10222 54.458923 
10223 54.458898 
10224 54.458868 
10225 54.458853 
10226 54.458851 
10227 54.458851 
10228 54.458851 
10229 54.458851 
10230 54.458851 
10231 54.45885 
10232 54.45885 
10233 54.45885 
10234 54.45885 
10235 54.458849 
10236 54.458849 
10237 54.458848 
10238 54.458848 
10239 54.458846 
10240 54.458829 
10241 54.458828 
10242 54.458827 
10243 54.458825 
10244 54.458797 
10245 54.458794 
10246 54.458783 
10247 54.458782 
10248 54.458781 
10249 54.458772 
10250 54.458772 
10251 54.458769 
10252 54.458696 
10253 54.458696 
10254 54.458696 
10255 54.458696 
10256 54.458695 
10257 54.458695 
10258 54.458694 
10259 54.458694 
10260 54.458692 
10261 54.458364 
10262 54.458359 
10263 54.458325 
10264 54.458323 
10265 54.45832 
10266 54.458316 
10267 54.458304 
10268 54.458213 
10269 54.458213 
10270 54.458213 
10271 54.458213 
10272 54.458213 
10273 54.458212 
10274 54.458212 
10275 54.458212 
10276 54.458212 
10277 54.458212 
10278 54.458212 
10279 54.458211 
10280 54.458211 
10281 54.458211 
10282 54.45821 
10283 54.45821 
10284 54.458209 
10285 54.458202 
10286 54.458201 
10287 54.458181 
10288 54.458181 
10289 54.45818 
10290 54.45818 
10291 54.458179 
10292 54.45817 
10293 54.458169 
10294 54.458165 
10295 54.458159 
10296 54.458157 
10297 54.458058 
10298 54.458058 
10299 54.458058 
10300 54.458058 
10301 54.458058 
10302 54.458058 
10303 54.458057 
10304 54.458057 
10305 54.458057 
10306 54.458057 
10307 54.458057 
10308 54.458057 
10309 54.458057 
10310 54.458056 
10311 54.458056 
10312 54.458056 
10313 54.458056 
10314 54.458055 
10315 54.458055 
10316 54.458054 
10317 54.458052 
10318 54.458031 
10319 54.457933 
10320 54.457933 
10321 54.457933 
10322 54.457933 
10323 54.457933 
10324 54.457933 
10325 54.457933 
10326 54.457933 
10327 54.457933 
10328 54.457933 
10329 54.457932 
10330 54.457932 
10331 54.457932 
10332 54.457932 
10333 54.457932 
10334 54.457931 
10335 54.457931 
10336 54.457931 
10337 54.45793 
10338 54.45793 
10339 54.457929 
10340 54.457924 
10341 54.457921 
10342 54.457912 
10343 54.457911 
10344 54.45791 
10345 54.457889 
10346 54.457889 
10347 54.457889 
10348 54.457889 
10349 54.457888 
10350 54.457887 
10351 54.457877 
10352 54.457876 
10353 54.457875 
10354 54.457861 
10355 54.45786 
10356 54.45786 
10357 54.457859 
10358 54.457856 
10359 54.457851 
10360 54.457849 
10361 54.456243 
10362 54.455513 
10363 54.455499 
10364 54.455497 
10365 54.455495 
10366 54.455493 
10367 54.455491 
10368 54.455489 
10369 54.455486 
10370 54.455483 
10371 54.455482 
10372 54.455481 
10373 54.455481 
10374 54.455481 
10375 54.45548 
10376 54.45548 
10377 54.455479 
10378 54.455478 
10379 54.455477 
10380 54.455471 
10381 54.455319 
10382 54.454442 
10383 54.453919 
10384 54.453581 
10385 54.453376 
10386 54.453177 
10387 54.453061 
10388 54.452988 
10389 54.452979 
10390 54.452977 
10391 54.452975 
10392 54.452973 
10393 54.452972 
10394 54.45297 
10395 54.452967 
10396 54.452965 
10397 54.452962 
10398 54.45296 
10399 54.452957 
10400 54.452955 
10401 54.452949 
10402 54.452939 
10403 54.452928 
10404 54.452914 
10405 54.452914 
10406 54.452908 
10407 54.452902 
10408 54.452902 
10409 54.452901 
10410 54.452901 
10411 54.4529 
10412 54.4529 
10413 54.452899 
10414 54.452899 
10415 54.452899 
10416 54.452898 
10417 54.452898 
10418 54.452897 
10419 54.452896 
10420 54.452896 
10421 54.452895 
10422 54.452895 
10423 54.452894 
10424 54.452893 
10425 54.452893 
10426 54.452892 
10427 54.452891 
10428 54.45289 
10429 54.452889 
10430 54.452888 
10431 54.452887 
10432 54.452886 
10433 54.452885 
10434 54.452883 
10435 54.452881 
10436 54.452879 
10437 54.452877 
10438 54.452875 
10439 54.452873 
10440 54.452871 
10441 54.452868 
10442 54.452865 
10443 54.452862 
10444 54.45286 
10445 54.452857 
10446 54.452849 
10447 54.452816 
10448 54.452814 
10449 54.45281 
10450 54.452806 
10451 54.4528 
10452 54.452792 
10453 54.452781 
10454 54.452762 
10455 54.452757 
10456 54.452647 
10457 54.452646 
10458 54.452643 
10459 54.452595 
10460 54.452595 
10461 54.452594 
10462 54.452593 
10463 54.45259 
10464 54.452579 
10465 54.452578 
10466 54.452577 
10467 54.452572 
10468 54.452568 
10469 54.452561 
10470 54.452558 
10471 54.452235 
10472 54.452234 
10473 54.452234 
10474 54.452234 
10475 54.452233 
10476 54.452233 
10477 54.452233 
10478 54.452232 
10479 54.452232 
10480 54.452231 
10481 54.452229 
10482 54.452205 
10483 54.452205 
10484 54.452204 
10485 54.452203 
10486 54.452201 
10487 54.452164 
10488 54.452164 
10489 54.452163 
10490 54.452162 
10491 54.452161 
10492 54.452157 
10493 54.452143 
10494 54.452047 
10495 54.451852 
10496 54.451849 
10497 54.451849 
10498 54.451849 
10499 54.451848 
10500 54.451848 
10501 54.451847 
10502 54.451847 
10503 54.451844 
10504 54.451844 
10505 54.45181 
10506 54.45181 
10507 54.451809 
10508 54.451808 
10509 54.451806 
10510 54.451798 
10511 54.451787 
10512 54.451783 
10513 54.451761 
10514 54.451761 
10515 54.45176 
10516 54.451758 
10517 54.451575 
10518 54.451568 
10519 54.451565 
10520 54.451564 
10521 54.451564 
10522 54.451564 
10523 54.451563 
10524 54.451563 
10525 54.451561 
10526 54.45156 
10527 54.45155 
10528 54.451549 
10529 54.451546 
10530 54.451491 
10531 54.451491 
10532 54.451491 
10533 54.451491 
10534 54.45149 
10535 54.45149 
10536 54.45149 
10537 54.45149 
10538 54.45149 
10539 54.451489 
10540 54.451489 
10541 54.451488 
10542 54.451487 
10543 54.451477 
10544 54.451476 
10545 54.451472 
10546 54.451464 
10547 54.451463 
10548 54.451452 
10549 54.451451 
10550 54.451449 
10551 54.451224 
10552 54.451216 
10553 54.451213 
10554 54.451209 
10555 54.451209 
10556 54.451208 
10557 54.451208 
10558 54.451207 
10559 54.451204 
10560 54.451198 
10561 54.451198 
10562 54.451177 
10563 54.451168 
10564 54.451166 
10565 54.451161 
10566 54.451158 
10567 54.451141 
10568 54.45114 
10569 54.45114 
10570 54.451139 
10571 54.451135 
10572 54.451126 
10573 54.451125 
10574 54.451121 
10575 54.45111 
10576 54.451109 
10577 54.451108 
10578 54.451083 
10579 54.451082 
10580 54.451082 
10581 54.451081 
10582 54.45108 
10583 54.451077 
10584 54.45106 
10585 54.451059 
10586 54.451058 
10587 54.451057 
10588 54.451035 
10589 54.451035 
10590 54.451034 
10591 54.451034 
10592 54.451033 
10593 54.45103 
10594 54.450991 
10595 54.450991 
10596 54.45099 
10597 54.45099 
10598 54.45099 
10599 54.45099 
10600 54.450989 
10601 54.450989 
10602 54.450988 
10603 54.450982 
10604 54.450978 
10605 54.450971 
10606 54.450969 
10607 54.450836 
10608 54.450836 
10609 54.450836 
10610 54.450836 
10611 54.450836 
10612 54.450836 
10613 54.450836 
10614 54.450836 
10615 54.450836 
10616 54.450836 
10617 54.450836 
10618 54.450836 
10619 54.450835 
10620 54.450835 
10621 54.450835 
10622 54.450835 
10623 54.450835 
10624 54.450835 
10625 54.450834 
10626 54.450834 
10627 54.450834 
10628 54.450834 
10629 54.450833 
10630 54.450833 
10631 54.450831 
10632 54.450828 
10633 54.450703 
10634 54.450703 
10635 54.450703 
10636 54.450702 
10637 54.450702 
10638 54.450702 
10639 54.450702 
10640 54.450702 
10641 54.450702 
10642 54.450702 
10643 54.450702 
10644 54.450702 
10645 54.450701 
10646 54.450701 
10647 54.450701 
10648 54.450701 
10649 54.450701 
10650 54.4507 
10651 54.4507 
10652 54.4507 
10653 54.450699 
10654 54.450698 
10655 54.450696 
10656 54.450687 
10657 54.450683 
10658 54.450532 
10659 54.45053 
10660 54.450528 
10661 54.450526 
10662 54.450523 
10663 54.45052 
10664 54.449205 
10665 54.449205 
10666 54.449023 
10667 54.449007 
10668 54.448994 
10669 54.448906 
10670 54.448862 
10671 54.448847 
10672 54.448825 
10673 54.448788 
10674 54.448754 
10675 54.448715 
10676 54.448683 
10677 54.448643 
10678 54.44861 
10679 54.44858 
10680 54.448549 
10681 54.448521 
10682 54.448491 
10683 54.448469 
10684 54.448443 
10685 54.448418 
10686 54.448396 
10687 54.44837 
10688 54.44835 
10689 54.448325 
10690 54.448304 
10691 54.448282 
10692 54.448254 
10693 54.44823 
10694 54.44821 
10695 54.448198 
10696 54.448179 
10697 54.448157 
10698 54.448131 
10699 54.448111 
10700 54.4481 
10701 54.448084 
10702 54.448067 
10703 54.448053 
10704 54.448043 
10705 54.448032 
10706 54.448019 
10707 54.448008 
10708 54.448002 
10709 54.447985 
10710 54.447971 
10711 54.447955 
10712 54.44794 
10713 54.447929 
10714 54.447922 
10715 54.447913 
10716 54.447909 
10717 54.447903 
10718 54.447901 
10719 54.4479 
10720 54.447899 
10721 54.447898 
10722 54.447898 
10723 54.447897 
10724 54.447896 
10725 54.447896 
10726 54.447895 
10727 54.447894 
10728 54.447893 
10729 54.447892 
10730 54.44789 
10731 54.447886 
10732 54.447878 
10733 54.447876 
10734 54.447875 
10735 54.447873 
10736 54.44787 
10737 54.447866 
10738 54.447862 
10739 54.447857 
10740 54.447857 
10741 54.447851 
10742 54.447851 
10743 54.44785 
10744 54.447849 
10745 54.447848 
10746 54.447846 
10747 54.447845 
10748 54.447844 
10749 54.447844 
10750 54.447843 
10751 54.447842 
10752 54.447842 
10753 54.447839 
10754 54.447838 
10755 54.447838 
10756 54.447837 
10757 54.447837 
10758 54.447836 
10759 54.447836 
10760 54.447835 
10761 54.447834 
10762 54.447834 
10763 54.447833 
10764 54.447832 
10765 54.447831 
10766 54.44783 
10767 54.447829 
10768 54.447828 
10769 54.447826 
10770 54.447824 
10771 54.447822 
10772 54.447819 
10773 54.447816 
10774 54.447812 
10775 54.447808 
10776 54.447803 
10777 54.447797 
10778 54.447775 
10779 54.447763 
10780 54.447746 
10781 54.447746 
10782 54.447745 
10783 54.447744 
10784 54.447743 
10785 54.447741 
10786 54.447729 
10787 54.447728 
10788 54.447727 
10789 54.44771 
10790 54.44771 
10791 54.447709 
10792 54.447707 
10793 54.447684 
10794 54.447684 
10795 54.447684 
10796 54.447683 
10797 54.447682 
10798 54.447681 
10799 54.447562 
10800 54.447557 
10801 54.447554 
10802 54.447553 
10803 54.447551 
10804 54.447513 
10805 54.447512 
10806 54.447512 
10807 54.447512 
10808 54.447511 
10809 54.447511 
10810 54.447509 
10811 54.447503 
10812 54.447501 
10813 54.447148 
10814 54.44714 
10815 54.44714 
10816 54.44714 
10817 54.44714 
10818 54.44714 
10819 54.447139 
10820 54.447139 
10821 54.447139 
10822 54.447139 
10823 54.447139 
10824 54.447138 
10825 54.447138 
10826 54.447137 
10827 54.447137 
10828 54.447136 
10829 54.447135 
10830 54.447131 
10831 54.447121 
10832 54.447119 
10833 54.447094 
10834 54.447094 
10835 54.447093 
10836 54.447093 
10837 54.447093 
10838 54.447093 
10839 54.447092 
10840 54.447092 
10841 54.447092 
10842 54.447091 
10843 54.447091 
10844 54.44709 
10845 54.447088 
10846 54.446994 
10847 54.446993 
10848 54.446993 
10849 54.446993 
10850 54.446992 
10851 54.446992 
10852 54.446991 
10853 54.44699 
10854 54.446988 
10855 54.44694 
10856 54.446938 
10857 54.446934 
10858 54.44684 
10859 54.446837 
10860 54.446836 
10861 54.446835 
10862 54.446833 
10863 54.446831 
10864 54.446828 
10865 54.446825 
10866 54.446822 
10867 54.446816 
10868 54.446788 
10869 54.44678 
10870 54.446771 
10871 54.44677 
10872 54.446769 
10873 54.446763 
10874 54.446759 
10875 54.446752 
10876 54.44675 
10877 54.446671 
10878 54.446671 
10879 54.44667 
10880 54.44667 
10881 54.44667 
10882 54.446669 
10883 54.446669 
10884 54.446668 
10885 54.446668 
10886 54.446667 
10887 54.446666 
10888 54.446664 
10889 54.446173 
10890 54.446172 
10891 54.446172 
10892 54.446148 
10893 54.446147 
10894 54.446143 
10895 54.446139 
10896 54.446135 
10897 54.44613 
10898 54.445925 
10899 54.445925 
10900 54.445925 
10901 54.445924 
10902 54.445924 
10903 54.445924 
10904 54.445924 
10905 54.445924 
10906 54.445924 
10907 54.445924 
10908 54.445924 
10909 54.445923 
10910 54.445923 
10911 54.445923 
10912 54.445923 
10913 54.445923 
10914 54.445923 
10915 54.445922 
10916 54.445922 
10917 54.445922 
10918 54.445922 
10919 54.445921 
10920 54.445921 
10921 54.44592 
10922 54.445919 
10923 54.445918 
10924 54.445914 
10925 54.445877 
10926 54.445876 
10927 54.445876 
10928 54.445876 
10929 54.445875 
10930 54.445875 
10931 54.445874 
10932 54.445873 
10933 54.445869 
10934 54.44586 
10935 54.445858 
10936 54.445853 
10937 54.445823 
10938 54.445823 
10939 54.445823 
10940 54.445822 
10941 54.445821 
10942 54.445819 
10943 54.444026 
10944 54.443043 
10945 54.443 
10946 54.442984 
10947 54.442975 
10948 54.442963 
10949 54.442953 
10950 54.442943 
10951 54.442931 
10952 54.442903 
10953 54.442777 
10954 54.442772 
10955 54.442593 
10956 54.442073 
10957 54.441669 
10958 54.44145 
10959 54.44134 
10960 54.441269 
10961 54.441249 
10962 54.441218 
10963 54.441215 
10964 54.441211 
10965 54.441208 
10966 54.441208 
10967 54.441201 
10968 54.4412 
10969 54.4412 
10970 54.4412 
10971 54.4412 
10972 54.4412 
10973 54.441199 
10974 54.441199 
10975 54.441199 
10976 54.441199 
10977 54.441198 
10978 54.441198 
10979 54.441198 
10980 54.441198 
10981 54.441197 
10982 54.441197 
10983 54.441196 
10984 54.441195 
10985 54.441194 
10986 54.441194 
10987 54.441194 
10988 54.441194 
10989 54.441193 
10990 54.441193 
10991 54.441193 
10992 54.441193 
10993 54.441193 
10994 54.441192 
10995 54.441192 
10996 54.441192 
10997 54.441192 
10998 54.441192 
10999 54.441191 
11000 54.441191 
11001 54.441191 
11002 54.441191 
11003 54.441191 
11004 54.44119 
11005 54.44119 
11006 54.44119 
11007 54.44119 
11008 54.44119 
11009 54.441189 
11010 54.441189 
11011 54.441189 
11012 54.441189 
11013 54.441189 
11014 54.441189 
11015 54.441189 
11016 54.441189 
11017 54.441189 
11018 54.441189 
11019 54.441188 
11020 54.441188 
11021 54.441188 
11022 54.441188 
11023 54.441188 
11024 54.441188 
11025 54.441188 
11026 54.441188 
11027 54.441188 
11028 54.441188 
11029 54.441187 
11030 54.441187 
11031 54.441187 
11032 54.441187 
11033 54.441187 
11034 54.441187 
11035 54.441187 
11036 54.441187 
11037 54.441186 
11038 54.441186 
11039 54.441186 
11040 54.441186 
11041 54.441186 
11042 54.441186 
11043 54.441186 
11044 54.441186 
11045 54.441185 
11046 54.441185 
11047 54.441185 
11048 54.441185 
11049 54.441185 
11050 54.441185 
11051 54.441185 
11052 54.441184 
11053 54.441184 
11054 54.441184 
11055 54.441184 
11056 54.441184 
11057 54.441184 
11058 54.441184 
11059 54.441183 
11060 54.441183 
11061 54.441183 
11062 54.441183 
11063 54.441183 
11064 54.441183 
11065 54.441182 
11066 54.441182 
11067 54.441182 
11068 54.441182 
11069 54.441182 
11070 54.441182 
11071 54.441181 
11072 54.441181 
11073 54.441181 
11074 54.441181 
11075 54.441181 
11076 54.44118 
11077 54.44118 
11078 54.44118 
11079 54.44118 
11080 54.44118 
11081 54.441179 
11082 54.441179 
11083 54.441179 
11084 54.441179 
11085 54.441178 
11086 54.441178 
11087 54.441178 
11088 54.441178 
11089 54.441177 
11090 54.441177 
11091 54.441177 
11092 54.441177 
11093 54.441176 
11094 54.441176 
11095 54.441176 
11096 54.441175 
11097 54.441175 
11098 54.441175 
11099 54.441175 
11100 54.441174 
11101 54.441174 
11102 54.441174 
11103 54.441173 
11104 54.441173 
11105 54.441173 
11106 54.441172 
11107 54.441172 
11108 54.441171 
11109 54.441171 
11110 54.44117 
11111 54.44117 
11112 54.441169 
11113 54.441168 
11114 54.441166 
11115 54.441165 
11116 54.441163 
11117 54.441161 
11118 54.44116 
11119 54.441158 
11120 54.441156 
11121 54.441153 
11122 54.441151 
11123 54.441149 
11124 54.441144 
11125 54.441138 
11126 54.44113 
11127 54.441121 
11128 54.441108 
11129 54.44109 
11130 54.441056 
11131 54.44104 
11132 54.440967 
11133 54.440816 
11134 54.440816 
11135 54.440815 
11136 54.440814 
11137 54.440813 
11138 54.440811 
11139 54.440808 
11140 54.440795 
11141 54.440791 
11142 54.440781 
11143 54.439998 
11144 54.439986 
11145 54.439986 
11146 54.439985 
11147 54.439985 
11148 54.439984 
11149 54.439984 
11150 54.439983 
11151 54.439982 
11152 54.439981 
11153 54.439979 
11154 54.439974 
11155 54.439843 
11156 54.439842 
11157 54.439842 
11158 54.439841 
11159 54.43984 
11160 54.43984 
11161 54.439839 
11162 54.439838 
11163 54.439836 
11164 54.439832 
11165 54.43966 
11166 54.439659 
11167 54.439659 
11168 54.439659 
11169 54.439659 
11170 54.439659 
11171 54.439658 
11172 54.439658 
11173 54.439658 
11174 54.439658 
11175 54.439658 
11176 54.439658 
11177 54.439658 
11178 54.439658 
11179 54.439658 
11180 54.439657 
11181 54.439657 
11182 54.439657 
11183 54.439657 
11184 54.439657 
11185 54.439657 
11186 54.439657 
11187 54.439657 
11188 54.439657 
11189 54.439656 
11190 54.439656 
11191 54.439656 
11192 54.439656 
11193 54.439656 
11194 54.439656 
11195 54.439656 
11196 54.439656 
11197 54.439655 
11198 54.439655 
11199 54.439655 
11200 54.439655 
11201 54.439655 
11202 54.439655 
11203 54.439654 
11204 54.439654 
11205 54.439654 
11206 54.439654 
11207 54.439654 
11208 54.439654 
11209 54.439653 
11210 54.439653 
11211 54.439653 
11212 54.439653 
11213 54.439653 
11214 54.439652 
11215 54.439652 
11216 54.439652 
11217 54.439652 
11218 54.439651 
11219 54.439651 
11220 54.439651 
11221 54.43965 
11222 54.43965 
11223 54.43965 
11224 54.439649 
11225 54.439649 
11226 54.439648 
11227 54.439648 
11228 54.439647 
11229 54.439646 
11230 54.439645 
11231 54.439642 
11232 54.439629 
11233 54.439629 
11234 54.439628 
11235 54.439627 
11236 54.439625 
11237 54.439623 
11238 54.439621 
11239 54.439616 
11240 54.439607 
11241 54.439552 
11242 54.439503 
11243 54.439394 
11244 54.439392 
11245 54.43939 
11246 54.439389 
11247 54.439388 
11248 54.439386 
11249 54.439383 
11250 54.439375 
11251 54.4393 
11252 54.439277 
11253 54.439274 
11254 54.439268 
11255 54.439222 
11256 54.439207 
11257 54.439198 
11258 54.439095 
11259 54.439094 
11260 54.439092 
11261 54.439091 
11262 54.439088 
11263 54.439084 
11264 54.439066 
11265 54.439058 
11266 54.438899 
11267 54.438897 
11268 54.438895 
11269 54.438893 
11270 54.438891 
11271 54.438888 
11272 54.438883 
11273 54.438855 
11274 54.438852 
11275 54.43884 
11276 54.438813 
11277 54.438809 
11278 54.438797 
11279 54.438777 
11280 54.438771 
11281 54.438621 
11282 54.438619 
11283 54.438617 
11284 54.438615 
11285 54.438612 
11286 54.43861 
11287 54.438606 
11288 54.438598 
11289 54.438314 
11290 54.43831 
11291 54.438307 
11292 54.438304 
11293 54.438301 
11294 54.438299 
11295 54.438296 
11296 54.438293 
11297 54.43829 
11298 54.438283 
11299 54.4378 
11300 54.437795 
11301 54.43779 
11302 54.437761 
11303 54.437756 
11304 54.437732 
11305 54.437726 
11306 54.437645 
11307 54.437641 
11308 54.437639 
11309 54.437637 
11310 54.437635 
11311 54.437633 
11312 54.43763 
11313 54.437627 
11314 54.437618 
11315 54.436916 
11316 54.436906 
11317 54.436896 
11318 54.436859 
11319 54.436857 
11320 54.436856 
11321 54.436856 
11322 54.436856 
11323 54.436855 
11324 54.436855 
11325 54.436854 
11326 54.436853 
11327 54.436853 
11328 54.436852 
11329 54.436851 
11330 54.43685 
11331 54.436849 
11332 54.436848 
11333 54.436847 
11334 54.436845 
11335 54.436843 
11336 54.436841 
11337 54.436837 
11338 54.436254 
11339 54.436202 
11340 54.436149 
11341 54.436124 
11342 54.436117 
11343 54.436116 
11344 54.436107 
11345 54.436096 
11346 54.436092 
11347 54.436083 
11348 54.435988 
11349 54.435403 
11350 54.434965 
11351 54.434695 
11352 54.434543 
11353 54.434448 
11354 54.434419 
11355 54.434392 
11356 54.434385 
11357 54.434385 
11358 54.43438 
11359 54.43438 
11360 54.434379 
11361 54.434378 
11362 54.434377 
11363 54.434377 
11364 54.434376 
11365 54.434375 
11366 54.434374 
11367 54.434373 
11368 54.434372 
11369 54.434372 
11370 54.43437 
11371 54.434369 
11372 54.434368 
11373 54.434367 
11374 54.434366 
11375 54.434364 
11376 54.434363 
11377 54.434362 
11378 54.434361 
11379 54.43436 
11380 54.434358 
11381 54.434356 
11382 54.434314 
11383 54.434298 
11384 54.434277 
11385 54.434271 
11386 54.434244 
11387 54.434243 
11388 54.434243 
11389 54.434243 
11390 54.434243 
11391 54.434242 
11392 54.434241 
11393 54.433746 
11394 54.433739 
11395 54.433729 
11396 54.433726 
11397 54.433689 
11398 54.433686 
11399 54.433685 
11400 54.433683 
11401 54.433674 
11402 54.433445 
11403 54.433331 
11404 54.43333 
11405 54.43333 
11406 54.43333 
11407 54.43333 
11408 54.43333 
11409 54.43333 
11410 54.43333 
11411 54.43333 
11412 54.43333 
11413 54.43333 
11414 54.43333 
11415 54.43333 
11416 54.43333 
11417 54.43333 
11418 54.43333 
11419 54.43333 
11420 54.43333 
11421 54.43333 
11422 54.43333 
11423 54.43333 
11424 54.433329 
11425 54.433329 
11426 54.433329 
11427 54.433329 
11428 54.433329 
11429 54.433329 
11430 54.433329 
11431 54.433329 
11432 54.433329 
11433 54.433328 
11434 54.433328 
11435 54.433328 
11436 54.433326 
11437 54.433282 
11438 54.433279 
11439 54.433278 
11440 54.433278 
11441 54.433277 
11442 54.433277 
11443 54.433276 
11444 54.433276 
11445 54.433275 
11446 54.433274 
11447 54.433273 
11448 54.433271 
11449 54.433267 
11450 54.433261 
11451 54.433227 
11452 54.433212 
11453 54.433134 
11454 54.433133 
11455 54.433132 
11456 54.433131 
11457 54.43313 
11458 54.433129 
11459 54.433128 
11460 54.433126 
11461 54.433125 
11462 54.433122 
11463 54.433109 
11464 54.433109 
11465 54.433108 
11466 54.433108 
11467 54.433108 
11468 54.433108 
11469 54.433108 
11470 54.433108 
11471 54.433108 
11472 54.433108 
11473 54.433107 
11474 54.433107 
11475 54.433106 
11476 54.433104 
11477 54.433051 
11478 54.433051 
11479 54.43305 
11480 54.433047 
11481 54.433004 
11482 54.433004 
11483 54.433004 
11484 54.433004 
11485 54.433004 
11486 54.433004 
11487 54.433004 
11488 54.433004 
11489 54.433003 
11490 54.433003 
11491 54.433002 
11492 54.432992 
11493 54.431746 
11494 54.431685 
11495 54.431684 
11496 54.431683 
11497 54.431683 
11498 54.431683 
11499 54.431682 
11500 54.431682 
11501 54.431682 
11502 54.431681 
11503 54.431681 
11504 54.43168 
11505 54.43168 
11506 54.43168 
11507 54.431679 
11508 54.431677 
11509 54.431672 
11510 54.431666 
11511 54.431658 
11512 54.431657 
11513 54.43165 
11514 54.431649 
11515 54.431646 
11516 54.431563 
11517 54.431562 
11518 54.431561 
11519 54.431558 
11520 54.431532 
11521 54.431523 
11522 54.431521 
11523 54.431507 
11524 54.431507 
11525 54.431507 
11526 54.431506 
11527 54.431506 
11528 54.431505 
11529 54.431477 
11530 54.431474 
11531 54.430518 
11532 54.429113 
11533 54.429007 
11534 54.428961 
11535 54.428807 
11536 54.428779 
11537 54.428757 
11538 54.428727 
11539 54.428674 
11540 54.428641 
11541 54.428598 
11542 54.428574 
11543 54.428557 
11544 54.428541 
11545 54.428522 
11546 54.42851 
11547 54.428469 
11548 54.428428 
11549 54.428413 
11550 54.428394 
11551 54.428379 
11552 54.428366 
11553 54.42835 
11554 54.428328 
11555 54.428321 
11556 54.428306 
11557 54.428283 
11558 54.42827 
11559 54.428256 
11560 54.428235 
11561 54.428219 
11562 54.428203 
11563 54.428188 
11564 54.428181 
11565 54.428163 
11566 54.428148 
11567 54.42813 
11568 54.42812 
11569 54.428107 
11570 54.428099 
11571 54.428082 
11572 54.428064 
11573 54.428054 
11574 54.42804 
11575 54.428029 
11576 54.428018 
11577 54.428003 
11578 54.427996 
11579 54.427985 
11580 54.427979 
11581 54.427968 
11582 54.427946 
11583 54.427935 
11584 54.427923 
11585 54.427905 
11586 54.427894 
11587 54.427887 
11588 54.427874 
11589 54.427861 
11590 54.427844 
11591 54.427828 
11592 54.427814 
11593 54.427804 
11594 54.4278 
11595 54.427787 
11596 54.427782 
11597 54.427769 
11598 54.427762 
11599 54.427758 
11600 54.42775 
11601 54.427742 
11602 54.427736 
11603 54.427724 
11604 54.427721 
11605 54.427718 
11606 54.427708 
11607 54.427704 
11608 54.4277 
11609 54.427697 
11610 54.427695 
11611 54.427689 
11612 54.427684 
11613 54.42768 
11614 54.427676 
11615 54.427672 
11616 54.427669 
11617 54.427665 
11618 54.427662 
11619 54.42766 
11620 54.427659 
11621 54.427657 
11622 54.427655 
11623 54.427654 
11624 54.42765 
11625 54.427649 
11626 54.427648 
11627 54.427645 
11628 54.427641 
11629 54.427639 
11630 54.427634 
11631 54.427631 
11632 54.427629 
11633 54.427625 
11634 54.427622 
11635 54.427622 
11636 54.42762 
11637 54.427616 
11638 54.427615 
11639 54.427612 
11640 54.427611 
11641 54.427609 
11642 54.427607 
11643 54.427604 
11644 54.4276 
11645 54.427597 
11646 54.427594 
11647 54.427588 
11648 54.427584 
11649 54.427582 
11650 54.427582 
11651 54.42758 
11652 54.427577 
11653 54.427574 
11654 54.42757 
11655 54.427568 
11656 54.427565 
11657 54.427563 
11658 54.427561 
11659 54.427559 
11660 54.427556 
11661 54.427553 
11662 54.427533 
11663 54.427528 
11664 54.427514 
11665 54.427489 
11666 54.427487 
11667 54.427474 
11668 54.427465 
11669 54.427463 
11670 54.427451 
11671 54.42745 
11672 54.42745 
11673 54.42745 
11674 54.427449 
11675 54.427441 
11676 54.427441 
11677 54.42744 
11678 54.427438 
11679 54.427434 
11680 54.427433 
11681 54.42742 
11682 54.42742 
11683 54.427419 
11684 54.427419 
11685 54.427418 
11686 54.427416 
11687 54.427409 
11688 54.427409 
11689 54.427408 
11690 54.427404 
11691 54.427403 
11692 54.427309 
11693 54.427302 
11694 54.427302 
11695 54.427301 
11696 54.427295 
11697 54.42729 
11698 54.427289 
11699 54.427269 
11700 54.427267 
11701 54.427267 
11702 54.427266 
11703 54.427259 
11704 54.427258 
11705 54.427258 
11706 54.427252 
11707 54.427252 
11708 54.42725 
11709 54.427239 
11710 54.427239 
11711 54.427239 
11712 54.427238 
11713 54.427235 
11714 54.427233 
11715 54.427226 
11716 54.427226 
11717 54.427225 
11718 54.427205 
11719 54.427205 
11720 54.427205 
11721 54.427205 
11722 54.427204 
11723 54.427204 
11724 54.427203 
11725 54.427201 
11726 54.427195 
11727 54.427194 
11728 54.427193 
11729 54.427187 
11730 54.427186 
11731 54.427185 
11732 54.427167 
11733 54.427167 
11734 54.427166 
11735 54.427166 
11736 54.427166 
11737 54.427165 
11738 54.427164 
11739 54.427153 
11740 54.427153 
11741 54.427153 
11742 54.427152 
11743 54.427152 
11744 54.42715 
11745 54.427103 
11746 54.427103 
11747 54.427103 
11748 54.427103 
11749 54.427103 
11750 54.427103 
11751 54.427103 
11752 54.427103 
11753 54.427103 
11754 54.427103 
11755 54.427102 
11756 54.427102 
11757 54.427102 
11758 54.427102 
11759 54.427101 
11760 54.427101 
11761 54.4271 
11762 54.427092 
11763 54.427092 
11764 54.427091 
11765 54.427088 
11766 54.427086 
11767 54.427049 
11768 54.427049 
11769 54.427049 
11770 54.427049 
11771 54.427049 
11772 54.427049 
11773 54.427049 
11774 54.427048 
11775 54.427048 
11776 54.427048 
11777 54.427048 
11778 54.427047 
11779 54.427047 
11780 54.427046 
11781 54.427041 
11782 54.427041 
11783 54.427035 
11784 54.427034 
11785 54.427032 
11786 54.427027 
11787 54.427026 
11788 54.427016 
11789 54.427016 
11790 54.427015 
11791 54.427014 
11792 54.426984 
11793 54.426981 
11794 54.426976 
11795 54.426975 
11796 54.426878 
11797 54.426875 
11798 54.426873 
11799 54.426776 
11800 54.426773 
11801 54.426773 
11802 54.426773 
11803 54.426773 
11804 54.426773 
11805 54.426772 
11806 54.426772 
11807 54.426771 
11808 54.42677 
11809 54.426764 
11810 54.426748 
11811 54.426742 
11812 54.426741 
11813 54.42674 
11814 54.426724 
11815 54.426724 
11816 54.426724 
11817 54.426724 
11818 54.426723 
11819 54.426722 
11820 54.426713 
11821 54.426713 
11822 54.426712 
11823 54.426711 
11824 54.426163 
11825 54.426146 
11826 54.426146 
11827 54.426146 
11828 54.426145 
11829 54.426145 
11830 54.426145 
11831 54.426145 
11832 54.426144 
11833 54.426143 
11834 54.426143 
11835 54.426141 
11836 54.426138 
11837 54.426133 
11838 54.426102 
11839 54.426102 
11840 54.426102 
11841 54.426102 
11842 54.426101 
11843 54.426101 
11844 54.4261 
11845 54.426097 
11846 54.426095 
11847 54.426077 
11848 54.426077 
11849 54.426077 
11850 54.426077 
11851 54.426076 
11852 54.426076 
11853 54.426075 
11854 54.426074 
11855 54.42586 
11856 54.425797 
11857 54.425797 
11858 54.425796 
11859 54.425796 
11860 54.425796 
11861 54.425796 
11862 54.425796 
11863 54.425796 
11864 54.425796 
11865 54.425796 
11866 54.425796 
11867 54.425796 
11868 54.425796 
11869 54.425796 
11870 54.425796 
11871 54.425796 
11872 54.425795 
11873 54.425795 
11874 54.425795 
11875 54.425795 
11876 54.425794 
11877 54.425794 
11878 54.425792 
11879 54.425784 
11880 54.425643 
11881 54.425533 
11882 54.425533 
11883 54.425533 
11884 54.425533 
11885 54.425532 
11886 54.425532 
11887 54.425531 
11888 54.425529 
11889 54.425501 
11890 54.425501 
11891 54.4255 
11892 54.4255 
11893 54.425499 
11894 54.425468 
11895 54.425467 
11896 54.425467 
11897 54.425467 
11898 54.425467 
11899 54.425467 
11900 54.425467 
11901 54.425466 
11902 54.425466 
11903 54.425465 
11904 54.425458 
11905 54.425457 
11906 54.425456 
11907 54.425367 
11908 54.425366 
11909 54.425366 
11910 54.425364 
11911 54.425362 
11912 54.425361 
11913 54.42536 
11914 54.425358 
11915 54.425357 
11916 54.425354 
11917 54.42535 
11918 54.42533 
11919 54.425322 
11920 54.424163 
11921 54.423985 
11922 54.423939 
11923 54.423938 
11924 54.423938 
11925 54.423938 
11926 54.423938 
11927 54.423937 
11928 54.423937 
11929 54.423936 
11930 54.423935 
11931 54.423861 
11932 54.42386 
11933 54.423859 
11934 54.423859 
11935 54.423859 
11936 54.423859 
11937 54.423859 
11938 54.423859 
11939 54.423859 
11940 54.423859 
11941 54.423858 
11942 54.423858 
11943 54.423858 
11944 54.423858 
11945 54.423858 
11946 54.423858 
11947 54.423858 
11948 54.423858 
11949 54.423858 
11950 54.423857 
11951 54.423857 
11952 54.423857 
11953 54.423857 
11954 54.423857 
11955 54.423857 
11956 54.423857 
11957 54.423856 
11958 54.423856 
11959 54.423856 
11960 54.423856 
11961 54.423856 
11962 54.423856 
11963 54.423856 
11964 54.423855 
11965 54.423855 
11966 54.423855 
11967 54.423855 
11968 54.423855 
11969 54.423855 
11970 54.423855 
11971 54.423854 
11972 54.423854 
11973 54.423854 
11974 54.423854 
11975 54.423854 
11976 54.423853 
11977 54.423853 
11978 54.423853 
11979 54.423853 
11980 54.423853 
11981 54.423852 
11982 54.423852 
11983 54.423852 
11984 54.423852 
11985 54.423851 
11986 54.423851 
11987 54.423851 
11988 54.423851 
11989 54.42385 
11990 54.42385 
11991 54.42385 
11992 54.423849 
11993 54.423849 
11994 54.423849 
11995 54.423848 
11996 54.423848 
11997 54.423847 
11998 54.423846 
11999 54.423846 
12000 54.423845 
12001 54.423843 
12002 54.423842 
12003 54.423839 
12004 54.423824 
12005 54.423822 
12006 54.423819 
12007 54.423813 
12008 54.423763 
12009 54.423679 
12010 54.423679 
12011 54.423678 
12012 54.423677 
12013 54.423672 
12014 54.423671 
12015 54.423665 
12016 54.423664 
12017 54.423662 
12018 54.423658 
12019 54.423657 
12020 54.423165 
12021 54.423165 
12022 54.423165 
12023 54.423165 
12024 54.423165 
12025 54.423165 
12026 54.423165 
12027 54.423165 
12028 54.423165 
12029 54.423164 
12030 54.423164 
12031 54.423164 
12032 54.423164 
12033 54.423164 
12034 54.423164 
12035 54.423164 
12036 54.423164 
12037 54.423164 
12038 54.423164 
12039 54.423164 
12040 54.423164 
12041 54.423164 
12042 54.423163 
12043 54.423163 
12044 54.423163 
12045 54.423163 
12046 54.423163 
12047 54.423163 
12048 54.423163 
12049 54.423163 
12050 54.423163 
12051 54.423163 
12052 54.423163 
12053 54.423163 
12054 54.423163 
12055 54.423162 
12056 54.423162 
12057 54.423162 
12058 54.423162 
12059 54.423162 
12060 54.423162 
12061 54.423162 
12062 54.423162 
12063 54.423162 
12064 54.423162 
12065 54.423162 
12066 54.423162 
12067 54.423161 
12068 54.423161 
12069 54.423161 
12070 54.423161 
12071 54.423161 
12072 54.423161 
12073 54.423161 
12074 54.423161 
12075 54.423161 
12076 54.423161 
12077 54.423161 
12078 54.423161 
12079 54.42316 
12080 54.42316 
12081 54.42316 
12082 54.42316 
12083 54.42316 
12084 54.42316 
12085 54.42316 
12086 54.42316 
12087 54.42316 
12088 54.42316 
12089 54.42316 
12090 54.42316 
12091 54.423159 
12092 54.423159 
12093 54.423159 
12094 54.423159 
12095 54.423159 
12096 54.423159 
12097 54.423159 
12098 54.423159 
12099 54.423159 
12100 54.423159 
12101 54.423159 
12102 54.423158 
12103 54.423158 
12104 54.423158 
12105 54.423158 
12106 54.423158 
12107 54.423158 
12108 54.423158 
12109 54.423158 
12110 54.423158 
12111 54.423158 
12112 54.423157 
12113 54.423157 
12114 54.423157 
12115 54.423157 
12116 54.423157 
12117 54.423157 
12118 54.423157 
12119 54.423157 
12120 54.423157 
12121 54.423157 
12122 54.423156 
12123 54.423156 
12124 54.423156 
12125 54.423156 
12126 54.423156 
12127 54.423156 
12128 54.423156 
12129 54.423156 
12130 54.423156 
12131 54.423155 
12132 54.423155 
12133 54.423155 
12134 54.423155 
12135 54.423155 
12136 54.423155 
12137 54.423155 
12138 54.423155 
12139 54.423154 
12140 54.423154 
12141 54.423154 
12142 54.423153 
12143 54.423146 
12144 54.423146 
12145 54.423145 
12146 54.423143 
12147 54.423133 
12148 54.422547 
12149 54.422547 
12150 54.422547 
12151 54.422547 
12152 54.422547 
12153 54.422547 
12154 54.422547 
12155 54.422547 
12156 54.422547 
12157 54.422547 
12158 54.422547 
12159 54.422546 
12160 54.422546 
12161 54.422546 
12162 54.422546 
12163 54.422546 
12164 54.422546 
12165 54.422546 
12166 54.422546 
12167 54.422546 
12168 54.422545 
12169 54.422545 
12170 54.422545 
12171 54.422545 
12172 54.422544 
12173 54.422544 
12174 54.422543 
12175 54.422541 
12176 54.422526 
12177 54.422526 
12178 54.422525 
12179 54.422525 
12180 54.422523 
12181 54.422518 
12182 54.422171 
12183 54.422168 
12184 54.42216 
12185 54.422142 
12186 54.422141 
12187 54.422139 
12188 54.422133 
12189 54.422132 
12190 54.42204 
12191 54.422039 
12192 54.422039 
12193 54.422038 
12194 54.422032 
12195 54.422031 
12196 54.422031 
12197 54.42203 
12198 54.422029 
12199 54.422028 
12200 54.422026 
12201 54.422023 
12202 54.422019 
12203 54.422009 
12204 54.421766 
12205 54.421766 
12206 54.421766 
12207 54.421766 
12208 54.421765 
12209 54.421765 
12210 54.421765 
12211 54.421765 
12212 54.421764 
12213 54.421764 
12214 54.421764 
12215 54.421763 
12216 54.421763 
12217 54.421763 
12218 54.421762 
12219 54.421761 
12220 54.421761 
12221 54.421759 
12222 54.421758 
12223 54.421755 
12224 54.421753 
12225 54.421751 
12226 54.42175 
12227 54.421748 
12228 54.421746 
12229 54.421745 
12230 54.421743 
12231 54.421741 
12232 54.421739 
12233 54.421736 
12234 54.421733 
12235 54.42173 
12236 54.421726 
12237 54.421721 
12238 54.421712 
12239 54.421688 
12240 54.421465 
12241 54.420455 
12242 54.420384 
12243 54.420345 
12244 54.42025 
12245 54.420197 
12246 54.420099 
12247 54.420053 
12248 54.420001 
12249 54.419951 
12250 54.419903 
12251 54.419856 
12252 54.419802 
12253 54.419762 
12254 54.419726 
12255 54.419697 
12256 54.419658 
12257 54.419625 
12258 54.419591 
12259 54.419562 
12260 54.419533 
12261 54.419501 
12262 54.419456 
12263 54.419435 
12264 54.419405 
12265 54.419386 
12266 54.419362 
12267 54.419334 
12268 54.419316 
12269 54.419295 
12270 54.419279 
12271 54.419262 
12272 54.419252 
12273 54.419243 
12274 54.419237 
12275 54.419228 
12276 54.419219 
12277 54.419216 
12278 54.419211 
12279 54.419204 
12280 54.419201 
12281 54.419195 
12282 54.419191 
12283 54.419188 
12284 54.419181 
12285 54.419176 
12286 54.419172 
12287 54.419172 
12288 54.419167 
12289 54.419163 
12290 54.419163 
12291 54.419163 
12292 54.419163 
12293 54.419163 
12294 54.419162 
12295 54.419162 
12296 54.419162 
12297 54.419162 
12298 54.419162 
12299 54.419161 
12300 54.419161 
12301 54.419161 
12302 54.41916 
12303 54.41916 
12304 54.41916 
12305 54.41916 
12306 54.419159 
12307 54.419159 
12308 54.419159 
12309 54.419159 
12310 54.419159 
12311 54.419158 
12312 54.419158 
12313 54.419158 
12314 54.419157 
12315 54.419157 
12316 54.419157 
12317 54.419157 
12318 54.419156 
12319 54.419156 
12320 54.419156 
12321 54.419156 
12322 54.419155 
12323 54.419155 
12324 54.419155 
12325 54.419155 
12326 54.419154 
12327 54.419154 
12328 54.419154 
12329 54.419154 
12330 54.419154 
12331 54.419153 
12332 54.419153 
12333 54.419153 
12334 54.419153 
12335 54.419152 
12336 54.419152 
12337 54.419152 
12338 54.419152 
12339 54.419151 
12340 54.419151 
12341 54.419151 
12342 54.41915 
12343 54.41915 
12344 54.41915 
12345 54.419149 
12346 54.419149 
12347 54.419149 
12348 54.419149 
12349 54.419148 
12350 54.419148 
12351 54.419147 
12352 54.419147 
12353 54.419147 
12354 54.419146 
12355 54.419146 
12356 54.419146 
12357 54.419145 
12358 54.419145 
12359 54.419144 
12360 54.419144 
12361 54.419143 
12362 54.419143 
12363 54.419143 
12364 54.419142 
12365 54.419142 
12366 54.419141 
12367 54.41914 
12368 54.41914 
12369 54.419139 
12370 54.419139 
12371 54.419138 
12372 54.419138 
12373 54.419137 
12374 54.419136 
12375 54.419135 
12376 54.419135 
12377 54.419134 
12378 54.419133 
12379 54.419132 
12380 54.419131 
12381 54.41913 
12382 54.419129 
12383 54.419127 
12384 54.419126 
12385 54.419124 
12386 54.419123 
12387 54.419121 
12388 54.419119 
12389 54.419116 
12390 54.419111 
12391 54.419104 
12392 54.419093 
12393 54.419083 
12394 54.41908 
12395 54.419079 
12396 54.418972 
12397 54.418971 
12398 54.418969 
12399 54.418942 
12400 54.418942 
12401 54.418942 
12402 54.418942 
12403 54.418942 
12404 54.418941 
12405 54.418941 
12406 54.41894 
12407 54.418925 
12408 54.418925 
12409 54.418924 
12410 54.418924 
12411 54.418924 
12412 54.418923 
12413 54.418922 
12414 54.418908 
12415 54.418908 
12416 54.418902 
12417 54.418901 
12418 54.4189 
12419 54.41844 
12420 54.418432 
12421 54.418429 
12422 54.418428 
12423 54.418428 
12424 54.418428 
12425 54.418428 
12426 54.418428 
12427 54.418428 
12428 54.418428 
12429 54.418427 
12430 54.418427 
12431 54.418427 
12432 54.418426 
12433 54.418408 
12434 54.418408 
12435 54.418408 
12436 54.418408 
12437 54.418407 
12438 54.418407 
12439 54.418406 
12440 54.418403 
12441 54.418401 
12442 54.418396 
12443 54.418396 
12444 54.418393 
12445 54.418391 
12446 54.418378 
12447 54.418378 
12448 54.418378 
12449 54.418378 
12450 54.418377 
12451 54.418376 
12452 54.41833 
12453 54.41833 
12454 54.418329 
12455 54.418329 
12456 54.418329 
12457 54.418329 
12458 54.418329 
12459 54.418329 
12460 54.418329 
12461 54.418329 
12462 54.418329 
12463 54.418329 
12464 54.418329 
12465 54.418328 
12466 54.418328 
12467 54.418328 
12468 54.418327 
12469 54.418326 
12470 54.418277 
12471 54.418277 
12472 54.418277 
12473 54.418277 
12474 54.418276 
12475 54.418276 
12476 54.418276 
12477 54.418276 
12478 54.418276 
12479 54.418276 
12480 54.418276 
12481 54.418276 
12482 54.418276 
12483 54.418275 
12484 54.418275 
12485 54.418275 
12486 54.418274 
12487 54.418268 
12488 54.418267 
12489 54.418266 
12490 54.41826 
12491 54.418259 
12492 54.418258 
12493 54.418251 
12494 54.418251 
12495 54.41825 
12496 54.418248 
12497 54.418224 
12498 54.418224 
12499 54.418224 
12500 54.418224 
12501 54.418224 
12502 54.418224 
12503 54.418224 
12504 54.418223 
12505 54.418223 
12506 54.418222 
12507 54.418218 
12508 54.418217 
12509 54.418213 
12510 54.418212 
12511 54.418161 
12512 54.418161 
12513 54.418161 
12514 54.418161 
12515 54.418161 
12516 54.418161 
12517 54.418161 
12518 54.418161 
12519 54.418161 
12520 54.418161 
12521 54.41816 
12522 54.41816 
12523 54.41816 
12524 54.41816 
12525 54.41816 
12526 54.418159 
12527 54.418159 
12528 54.418157 
12529 54.417817 
12530 54.417777 
12531 54.417773 
12532 54.41777 
12533 54.417768 
12534 54.417768 
12535 54.417768 
12536 54.417768 
12537 54.417768 
12538 54.417768 
12539 54.417768 
12540 54.417768 
12541 54.417768 
12542 54.417768 
12543 54.417768 
12544 54.417767 
12545 54.417767 
12546 54.417767 
12547 54.417767 
12548 54.417767 
12549 54.417766 
12550 54.417765 
12551 54.417732 
12552 54.417732 
12553 54.417732 
12554 54.417731 
12555 54.417731 
12556 54.417719 
12557 54.417718 
12558 54.417715 
12559 54.417714 
12560 54.417707 
12561 54.417706 
12562 54.417706 
12563 54.417702 
12564 54.417701 
12565 54.417677 
12566 54.417677 
12567 54.417676 
12568 54.417676 
12569 54.417676 
12570 54.417676 
12571 54.417676 
12572 54.417676 
12573 54.417675 
12574 54.417674 
12575 54.417663 
12576 54.417663 
12577 54.417662 
12578 54.417662 
12579 54.417661 
12580 54.417658 
12581 54.417657 
12582 54.415938 
12583 54.415616 
12584 54.41561 
12585 54.415609 
12586 54.415607 
12587 54.415606 
12588 54.415605 
12589 54.415603 
12590 54.415602 
12591 54.415602 
12592 54.415602 
12593 54.415602 
12594 54.415602 
12595 54.415601 
12596 54.415601 
12597 54.415601 
12598 54.415601 
12599 54.4156 
12600 54.4156 
12601 54.415597 
12602 54.415593 
12603 54.415592 
12604 54.415578 
12605 54.415578 
12606 54.415578 
12607 54.415578 
12608 54.415577 
12609 54.41557 
12610 54.41557 
12611 54.415569 
12612 54.415566 
12613 54.415565 
12614 54.415562 
12615 54.41477 
12616 54.414767 
12617 54.414767 
12618 54.414767 
12619 54.414767 
12620 54.414766 
12621 54.414766 
12622 54.414766 
12623 54.414766 
12624 54.414765 
12625 54.414765 
12626 54.414764 
12627 54.41476 
12628 54.414726 
12629 54.414725 
12630 54.414716 
12631 54.41471 
12632 54.414709 
12633 54.414685 
12634 54.414634 
12635 54.414634 
12636 54.414634 
12637 54.414634 
12638 54.414634 
12639 54.414634 
12640 54.414634 
12641 54.414633 
12642 54.414633 
12643 54.414633 
12644 54.414633 
12645 54.414632 
12646 54.414617 
12647 54.414616 
12648 54.414611 
12649 54.41461 
12650 54.414608 
12651 54.414606 
12652 54.414318 
12653 54.414209 
12654 54.414209 
12655 54.414209 
12656 54.414209 
12657 54.414209 
12658 54.414209 
12659 54.414209 
12660 54.414209 
12661 54.414209 
12662 54.414209 
12663 54.414209 
12664 54.414209 
12665 54.414209 
12666 54.414209 
12667 54.414208 
12668 54.414208 
12669 54.414208 
12670 54.414208 
12671 54.414208 
12672 54.414208 
12673 54.414207 
12674 54.414207 
12675 54.414206 
12676 54.414197 
12677 54.41383 
12678 54.413828 
12679 54.413827 
12680 54.413827 
12681 54.413826 
12682 54.413826 
12683 54.413825 
12684 54.413825 
12685 54.413824 
12686 54.413824 
12687 54.413823 
12688 54.413823 
12689 54.413822 
12690 54.413821 
12691 54.413821 
12692 54.41382 
12693 54.41382 
12694 54.413819 
12695 54.413819 
12696 54.413818 
12697 54.413818 
12698 54.413817 
12699 54.413816 
12700 54.413815 
12701 54.413814 
12702 54.413813 
12703 54.41381 
12704 54.413807 
12705 54.413803 
12706 54.413798 
12707 54.413781 
12708 54.413775 
12709 54.413775 
12710 54.413775 
12711 54.413774 
12712 54.413774 
12713 54.413774 
12714 54.413773 
12715 54.413773 
12716 54.413769 
12717 54.413768 
12718 54.413764 
12719 54.413763 
12720 54.413709 
12721 54.413707 
12722 54.413706 
12723 54.413704 
12724 54.413701 
12725 54.413701 
12726 54.413701 
12727 54.413701 
12728 54.4137 
12729 54.413695 
12730 54.413694 
12731 54.413693 
12732 54.412945 
12733 54.412798 
12734 54.412655 
12735 54.412367 
12736 54.412133 
12737 54.411975 
12738 54.411879 
12739 54.411834 
12740 54.411796 
12741 54.411779 
12742 54.411774 
12743 54.41177 
12744 54.411758 
12745 54.411751 
12746 54.41175 
12747 54.411736 
12748 54.411735 
12749 54.411714 
12750 54.411713 
12751 54.411711 
12752 54.411707 
12753 54.411704 
12754 54.411703 
12755 54.411655 
12756 54.411654 
12757 54.411653 
12758 54.411645 
12759 54.411645 
12760 54.411644 
12761 54.411643 
12762 54.41164 
12763 54.411638 
12764 54.411638 
12765 54.411544 
12766 54.411526 
12767 54.411524 
12768 54.411523 
12769 54.411523 
12770 54.41152 
12771 54.411518 
12772 54.411511 
12773 54.41151 
12774 54.411509 
12775 54.41148 
12776 54.411477 
12777 54.411477 
12778 54.411476 
12779 54.411474 
12780 54.411472 
12781 54.411066 
12782 54.411019 
12783 54.411015 
12784 54.411014 
12785 54.411012 
12786 54.411009 
12787 54.411008 
12788 54.411002 
12789 54.41091 
12790 54.410907 
12791 54.410906 
12792 54.410903 
12793 54.410903 
12794 54.410897 
12795 54.410896 
12796 54.410895 
12797 54.410874 
12798 54.410873 
12799 54.410869 
12800 54.410857 
12801 54.410857 
12802 54.410856 
12803 54.410853 
12804 54.410823 
12805 54.410823 
12806 54.410823 
12807 54.410822 
12808 54.410822 
12809 54.410822 
12810 54.410821 
12811 54.410821 
12812 54.410819 
12813 54.410813 
12814 54.410802 
12815 54.4108 
12816 54.410772 
12817 54.410771 
12818 54.410771 
12819 54.410771 
12820 54.410771 
12821 54.410771 
12822 54.410771 
12823 54.41077 
12824 54.410769 
12825 54.410767 
12826 54.410756 
12827 54.410756 
12828 54.410756 
12829 54.410755 
12830 54.410753 
12831 54.41075 
12832 54.410749 
12833 54.410738 
12834 54.410737 
12835 54.410719 
12836 54.410719 
12837 54.410719 
12838 54.410719 
12839 54.410719 
12840 54.410718 
12841 54.410718 
12842 54.410718 
12843 54.410717 
12844 54.41069 
12845 54.410676 
12846 54.410665 
12847 54.410626 
12848 54.410626 
12849 54.410626 
12850 54.410626 
12851 54.410626 
12852 54.410626 
12853 54.410625 
12854 54.410625 
12855 54.410625 
12856 54.410625 
12857 54.410625 
12858 54.410624 
12859 54.410624 
12860 54.410621 
12861 54.410613 
12862 54.410612 
12863 54.410612 
12864 54.410611 
12865 54.410603 
12866 54.410602 
12867 54.410566 
12868 54.410566 
12869 54.410566 
12870 54.410566 
12871 54.410566 
12872 54.410566 
12873 54.410566 
12874 54.410566 
12875 54.410566 
12876 54.410566 
12877 54.410566 
12878 54.410565 
12879 54.410565 
12880 54.410565 
12881 54.410564 
12882 54.410563 
12883 54.410552 
12884 54.410552 
12885 54.410552 
12886 54.410551 
12887 54.410551 
12888 54.41055 
12889 54.410466 
12890 54.410463 
12891 54.410462 
12892 54.410462 
12893 54.410462 
12894 54.410462 
12895 54.410462 
12896 54.410462 
12897 54.410462 
12898 54.410462 
12899 54.410462 
12900 54.410462 
12901 54.410462 
12902 54.410462 
12903 54.410462 
12904 54.410462 
12905 54.410461 
12906 54.410461 
12907 54.410461 
12908 54.410461 
12909 54.410461 
12910 54.410461 
12911 54.410461 
12912 54.410461 
12913 54.410461 
12914 54.41046 
12915 54.41046 
12916 54.410459 
12917 54.410459 
12918 54.410458 
12919 54.410458 
12920 54.410458 
12921 54.410458 
12922 54.410458 
12923 54.410457 
12924 54.410457 
12925 54.410457 
12926 54.410456 
12927 54.410456 
12928 54.410456 
12929 54.410455 
12930 54.410453 
12931 54.410446 
12932 54.410443 
12933 54.410439 
12934 54.410392 
12935 54.410391 
12936 54.41039 
12937 54.410388 
12938 54.410386 
12939 54.410381 
12940 54.410362 
12941 54.410361 
12942 54.41034 
12943 54.410336 
12944 54.410324 
12945 54.410324 
12946 54.410323 
12947 54.410215 
12948 54.410213 
12949 54.410211 
12950 54.410206 
12951 54.410198 
12952 54.410196 
12953 54.410192 
12954 54.410163 
12955 54.410162 
12956 54.410162 
12957 54.410162 
12958 54.410161 
12959 54.410161 
12960 54.410161 
12961 54.410161 
12962 54.410161 
12963 54.410161 
12964 54.410161 
12965 54.410161 
12966 54.410161 
12967 54.410161 
12968 54.410161 
12969 54.410161 
12970 54.41016 
12971 54.41016 
12972 54.410159 
12973 54.410136 
12974 54.410134 
12975 54.410121 
12976 54.410119 
12977 54.410055 
12978 54.410054 
12979 54.410051 
12980 54.410043 
12981 54.410036 
12982 54.410028 
12983 54.410007 
12984 54.410003 
12985 54.409952 
12986 54.409947 
12987 54.409947 
12988 54.409946 
12989 54.409946 
12990 54.409945 
12991 54.409912 
12992 54.409908 
12993 54.409908 
12994 54.409905 
12995 54.409837 
12996 54.409836 
12997 54.409835 
12998 54.409834 
12999 54.409833 
13000 54.409832 
13001 54.409831 
13002 54.409828 
13003 54.409824 
13004 54.409797 
13005 54.409784 
13006 54.409773 
13007 54.409623 
13008 54.409622 
13009 54.409622 
13010 54.409622 
13011 54.409622 
13012 54.409621 
13013 54.409621 
13014 54.409621 
13015 54.409621 
13016 54.40962 
13017 54.40962 
13018 54.40962 
13019 54.409619 
13020 54.409619 
13021 54.409619 
13022 54.409619 
13023 54.409618 
13024 54.409618 
13025 54.409617 
13026 54.409617 
13027 54.409616 
13028 54.409616 
13029 54.409615 
13030 54.409614 
13031 54.409613 
13032 54.409612 
13033 54.409609 
13034 54.4096 
13035 54.409495 
13036 54.409494 
13037 54.409494 
13038 54.409493 
13039 54.409492 
13040 54.40949 
13041 54.409489 
13042 54.409485 
13043 54.409466 
13044 54.409461 
13045 54.409189 
13046 54.409187 
13047 54.409186 
13048 54.409185 
13049 54.409184 
13050 54.409183 
13051 54.409182 
13052 54.409181 
13053 54.409181 
13054 54.40918 
13055 54.409179 
13056 54.409177 
13057 54.409176 
13058 54.409174 
13059 54.409172 
13060 54.409165 
13061 54.409099 
13062 54.409098 
13063 54.409097 
13064 54.409096 
13065 54.409095 
13066 54.409093 
13067 54.409088 
13068 54.408845 
13069 54.408842 
13070 54.408842 
13071 54.408842 
13072 54.408841 
13073 54.408841 
13074 54.408841 
13075 54.408841 
13076 54.408841 
13077 54.408841 
13078 54.40884 
13079 54.40884 
13080 54.40884 
13081 54.40884 
13082 54.40884 
13083 54.408839 
13084 54.408839 
13085 54.408839 
13086 54.408839 
13087 54.408838 
13088 54.408838 
13089 54.408838 
13090 54.408838 
13091 54.408837 
13092 54.408837 
13093 54.408837 
13094 54.408836 
13095 54.408836 
13096 54.408835 
13097 54.408835 
13098 54.408834 
13099 54.408834 
13100 54.408833 
13101 54.408832 
13102 54.408831 
13103 54.40883 
13104 54.408828 
13105 54.408825 
13106 54.408814 
13107 54.408555 
13108 54.407684 
13109 54.407161 
13110 54.407122 
13111 54.406974 
13112 54.406808 
13113 54.406668 
13114 54.406538 
13115 54.406463 
13116 54.406392 
13117 54.406336 
13118 54.406296 
13119 54.406274 
13120 54.406246 
13121 54.406231 
13122 54.406215 
13123 54.406206 
13124 54.406199 
13125 54.406178 
13126 54.406165 
13127 54.406161 
13128 54.406161 
13129 54.406157 
13130 54.406155 
13131 54.406154 
13132 54.406147 
13133 54.406143 
13134 54.406139 
13135 54.406137 
13136 54.406136 
13137 54.406135 
13138 54.406134 
13139 54.406132 
13140 54.40613 
13141 54.406128 
13142 54.406125 
13143 54.406122 
13144 54.40612 
13145 54.406117 
13146 54.406114 
13147 54.40611 
13148 54.406107 
13149 54.406102 
13150 54.406097 
13151 54.406091 
13152 54.406086 
13153 54.406077 
13154 54.406064 
13155 54.40605 
13156 54.406034 
13157 54.406033 
13158 54.406033 
13159 54.406032 
13160 54.406032 
13161 54.406031 
13162 54.406031 
13163 54.406029 
13164 54.405998 
13165 54.405996 
13166 54.405995 
13167 54.405994 
13168 54.405985 
13169 54.405984 
13170 54.405978 
13171 54.405975 
13172 54.405905 
13173 54.405905 
13174 54.405905 
13175 54.405905 
13176 54.405904 
13177 54.405904 
13178 54.405903 
13179 54.405901 
13180 54.405888 
13181 54.405887 
13182 54.405886 
13183 54.405883 
13184 54.40587 
13185 54.40587 
13186 54.405869 
13187 54.405865 
13188 54.405858 
13189 54.405856 
13190 54.405846 
13191 54.405845 
13192 54.405843 
13193 54.405831 
13194 54.40583 
13195 54.405829 
13196 54.405826 
13197 54.405817 
13198 54.405816 
13199 54.405813 
13200 54.405779 
13201 54.405779 
13202 54.405779 
13203 54.405778 
13204 54.405778 
13205 54.405778 
13206 54.405777 
13207 54.405776 
13208 54.40577 
13209 54.405768 
13210 54.405665 
13211 54.405665 
13212 54.405665 
13213 54.405665 
13214 54.405665 
13215 54.405665 
13216 54.405665 
13217 54.405665 
13218 54.405665 
13219 54.405664 
13220 54.405664 
13221 54.405664 
13222 54.405664 
13223 54.405664 
13224 54.405663 
13225 54.405663 
13226 54.405662 
13227 54.405661 
13228 54.405611 
13229 54.405611 
13230 54.405611 
13231 54.40561 
13232 54.40561 
13233 54.40561 
13234 54.40561 
13235 54.40561 
13236 54.405609 
13237 54.405609 
13238 54.405609 
13239 54.405608 
13240 54.405605 
13241 54.405587 
13242 54.405586 
13243 54.405586 
13244 54.405585 
13245 54.405584 
13246 54.405581 
13247 54.405576 
13248 54.405574 
13249 54.405519 
13250 54.405519 
13251 54.405519 
13252 54.405519 
13253 54.405519 
13254 54.405518 
13255 54.405518 
13256 54.405518 
13257 54.405518 
13258 54.405518 
13259 54.405517 
13260 54.405517 
13261 54.405516 
13262 54.405515 
13263 54.405509 
13264 54.405507 
13265 54.405475 
13266 54.405475 
13267 54.405475 
13268 54.405475 
13269 54.405475 
13270 54.405474 
13271 54.405474 
13272 54.405473 
13273 54.405471 
13274 54.405428 
13275 54.405428 
13276 54.405428 
13277 54.405428 
13278 54.405428 
13279 54.405427 
13280 54.405427 
13281 54.405427 
13282 54.405426 
13283 54.405426 
13284 54.405425 
13285 54.405415 
13286 54.405414 
13287 54.405411 
13288 54.405301 
13289 54.4053 
13290 54.4053 
13291 54.4053 
13292 54.4053 
13293 54.4053 
13294 54.405299 
13295 54.405299 
13296 54.405299 
13297 54.405299 
13298 54.405299 
13299 54.405298 
13300 54.405298 
13301 54.405297 
13302 54.405296 
13303 54.405295 
13304 54.405294 
13305 54.405293 
13306 54.405292 
13307 54.40529 
13308 54.405286 
13309 54.405278 
13310 54.405272 
13311 54.40526 
13312 54.40525 
13313 54.405237 
13314 54.405237 
13315 54.405236 
13316 54.405236 
13317 54.405236 
13318 54.405236 
13319 54.405235 
13320 54.405234 
13321 54.40523 
13322 54.405228 
13323 54.405207 
13324 54.405202 
13325 54.4052 
13326 54.405182 
13327 54.40518 
13328 54.405178 
13329 54.405158 
13330 54.405157 
13331 54.405153 
13332 54.405151 
13333 54.405128 
13334 54.405123 
13335 54.405121 
13336 54.405101 
13337 54.405082 
13338 54.405082 
13339 54.405081 
13340 54.405081 
13341 54.405081 
13342 54.405081 
13343 54.40508 
13344 54.405079 
13345 54.405057 
13346 54.405053 
13347 54.405033 
13348 54.405028 
13349 54.405027 
13350 54.405009 
13351 54.405009 
13352 54.405008 
13353 54.405008 
13354 54.405008 
13355 54.405007 
13356 54.405004 
13357 54.405001 
13358 54.404996 
13359 54.404995 
13360 54.404991 
13361 54.404989 
13362 54.404921 
13363 54.40492 
13364 54.404881 
13365 54.40488 
13366 54.404872 
13367 54.404871 
13368 54.404871 
13369 54.40487 
13370 54.404869 
13371 54.40484 
13372 54.404838 
13373 54.404834 
13374 54.404779 
13375 54.404779 
13376 54.404764 
13377 54.404755 
13378 54.404749 
13379 54.404749 
13380 54.404749 
13381 54.404748 
13382 54.404748 
13383 54.404747 
13384 54.404736 
13385 54.404736 
13386 54.404736 
13387 54.404735 
13388 54.404732 
13389 54.404728 
13390 54.404727 
13391 54.404699 
13392 54.404699 
13393 54.404699 
13394 54.404699 
13395 54.404699 
13396 54.404699 
13397 54.404699 
13398 54.404698 
13399 54.404698 
13400 54.404697 
13401 54.404695 
13402 54.404691 
13403 54.40469 
13404 54.404648 
13405 54.404648 
13406 54.404648 
13407 54.404648 
13408 54.404648 
13409 54.404648 
13410 54.404648 
13411 54.404648 
13412 54.404647 
13413 54.404647 
13414 54.404647 
13415 54.404647 
13416 54.404646 
13417 54.404646 
13418 54.404643 
13419 54.404641 
13420 54.404633 
13421 54.404632 
13422 54.404632 
13423 54.40463 
13424 54.404532 
13425 54.404532 
13426 54.404532 
13427 54.404532 
13428 54.404532 
13429 54.404532 
13430 54.404532 
13431 54.404532 
13432 54.404532 
13433 54.404532 
13434 54.404532 
13435 54.404532 
13436 54.404532 
13437 54.404532 
13438 54.404532 
13439 54.404531 
13440 54.404531 
13441 54.404531 
13442 54.404531 
13443 54.404531 
13444 54.404531 
13445 54.404531 
13446 54.404531 
13447 54.404531 
13448 54.404531 
13449 54.404531 
13450 54.404531 
13451 54.404531 
13452 54.404531 
13453 54.40453 
13454 54.40453 
13455 54.404529 
13456 54.404529 
13457 54.404528 
13458 54.404522 
13459 54.404521 
13460 54.40452 
13461 54.404487 
13462 54.404487 
13463 54.404487 
13464 54.404487 
13465 54.404487 
13466 54.404487 
13467 54.404486 
13468 54.404486 
13469 54.404486 
13470 54.404486 
13471 54.404486 
13472 54.404485 
13473 54.404484 
13474 54.404478 
13475 54.404478 
13476 54.404477 
13477 54.404465 
13478 54.404465 
13479 54.404465 
13480 54.404464 
13481 54.404463 
13482 54.404452 
13483 54.404452 
13484 54.404451 
13485 54.404451 
13486 54.40445 
13487 54.404445 
13488 54.404445 
13489 54.404443 
13490 54.404418 
13491 54.404418 
13492 54.404418 
13493 54.404418 
13494 54.404418 
13495 54.404418 
13496 54.404417 
13497 54.404417 
13498 54.404417 
13499 54.404416 
13500 54.404415 
13501 54.404404 
13502 54.404404 
13503 54.404404 
13504 54.404403 
13505 54.404402 
13506 54.404393 
13507 54.404393 
13508 54.404392 
13509 54.404392 
13510 54.404389 
13511 54.404387 
13512 54.404381 
13513 54.40438 
13514 54.40438 
13515 54.404377 
13516 54.404375 
13517 54.404372 
13518 54.404371 
13519 54.404344 
13520 54.404344 
13521 54.404344 
13522 54.404344 
13523 54.404343 
13524 54.404343 
13525 54.404343 
13526 54.404343 
13527 54.404343 
13528 54.404342 
13529 54.404341 
13530 54.404239 
13531 54.404234 
13532 54.40423 
13533 54.40423 
13534 54.404221 
13535 54.404221 
13536 54.40422 
13537 54.40422 
13538 54.404218 
13539 54.404169 
13540 54.404169 
13541 54.404169 
13542 54.404169 
13543 54.404169 
13544 54.404169 
13545 54.404169 
13546 54.404169 
13547 54.404169 
13548 54.404169 
13549 54.404169 
13550 54.404169 
13551 54.404169 
13552 54.404169 
13553 54.404169 
13554 54.404168 
13555 54.404168 
13556 54.404168 
13557 54.404168 
13558 54.404168 
13559 54.404167 
13560 54.404166 
13561 54.404135 
13562 54.404134 
13563 54.404134 
13564 54.404133 
13565 54.40413 
13566 54.404089 
13567 54.404086 
13568 54.404085 
13569 54.404062 
13570 54.404031 
13571 54.404031 
13572 54.40403 
13573 54.40403 
13574 54.40403 
13575 54.40403 
13576 54.40403 
13577 54.40403 
13578 54.40403 
13579 54.40403 
13580 54.40403 
13581 54.40403 
13582 54.40403 
13583 54.40403 
13584 54.40403 
13585 54.40403 
13586 54.40403 
13587 54.404029 
13588 54.404029 
13589 54.404029 
13590 54.404029 
13591 54.404029 
13592 54.404029 
13593 54.404029 
13594 54.404029 
13595 54.404029 
13596 54.404029 
13597 54.404029 
13598 54.404029 
13599 54.404029 
13600 54.404029 
13601 54.404029 
13602 54.404029 
13603 54.404029 
13604 54.404029 
13605 54.404029 
13606 54.404029 
13607 54.404029 
13608 54.404029 
13609 54.404029 
13610 54.404029 
13611 54.404029 
13612 54.404029 
13613 54.404029 
13614 54.404029 
13615 54.404029 
13616 54.404029 
13617 54.404029 
13618 54.404029 
13619 54.404028 
13620 54.404028 
13621 54.404028 
13622 54.404028 
13623 54.404028 
13624 54.404028 
13625 54.404028 
13626 54.404028 
13627 54.404028 
13628 54.404028 
13629 54.404028 
13630 54.404028 
13631 54.404028 
13632 54.404028 
13633 54.404028 
13634 54.404028 
13635 54.404028 
13636 54.404028 
13637 54.404028 
13638 54.404028 
13639 54.404028 
13640 54.404028 
13641 54.404028 
13642 54.404027 
13643 54.404027 
13644 54.404027 
13645 54.404027 
13646 54.404027 
13647 54.404027 
13648 54.404027 
13649 54.404027 
13650 54.404027 
13651 54.404027 
13652 54.404027 
13653 54.404027 
13654 54.404027 
13655 54.404027 
13656 54.404026 
13657 54.404026 
13658 54.404026 
13659 54.404026 
13660 54.404026 
13661 54.404026 
13662 54.404026 
13663 54.404026 
13664 54.404026 
13665 54.404025 
13666 54.404025 
13667 54.404025 
13668 54.404025 
13669 54.404024 
13670 54.404024 
13671 54.404024 
13672 54.404023 
13673 54.404023 
13674 54.404022 
13675 54.404019 
13676 54.403986 
13677 54.403978 
13678 54.403977 
13679 54.403977 
13680 54.403977 
13681 54.403977 
13682 54.403977 
13683 54.403977 
13684 54.403977 
13685 54.403977 
13686 54.403977 
13687 54.403977 
13688 54.403977 
13689 54.403977 
13690 54.403976 
13691 54.403976 
13692 54.403976 
13693 54.403976 
13694 54.403976 
13695 54.403976 
13696 54.403976 
13697 54.403976 
13698 54.403976 
13699 54.403976 
13700 54.403976 
13701 54.403975 
13702 54.403975 
13703 54.403975 
13704 54.403975 
13705 54.403975 
13706 54.403975 
13707 54.403975 
13708 54.403975 
13709 54.403975 
13710 54.403975 
13711 54.403975 
13712 54.403975 
13713 54.403975 
13714 54.403975 
13715 54.403975 
13716 54.403974 
13717 54.403974 
13718 54.403974 
13719 54.403974 
13720 54.403973 
13721 54.403965 
13722 54.403963 
13723 54.403947 
13724 54.403947 
13725 54.403945 
13726 54.403939 
13727 54.403929 
13728 54.403929 
13729 54.403927 
13730 54.403902 
13731 54.4039 
13732 54.403896 
13733 54.403893 
13734 54.40389 
13735 54.403887 
13736 54.403883 
13737 54.403882 
13738 54.403868 
13739 54.403867 
13740 54.403863 
13741 54.403862 
13742 54.403823 
13743 54.403823 
13744 54.403823 
13745 54.403823 
13746 54.403823 
13747 54.403823 
13748 54.403823 
13749 54.403823 
13750 54.403823 
13751 54.403822 
13752 54.403822 
13753 54.403822 
13754 54.403822 
13755 54.403822 
13756 54.403822 
13757 54.403822 
13758 54.403822 
13759 54.403822 
13760 54.403822 
13761 54.403822 
13762 54.403822 
13763 54.403822 
13764 54.403822 
13765 54.403822 
13766 54.403822 
13767 54.403822 
13768 54.403822 
13769 54.403822 
13770 54.403822 
13771 54.403822 
13772 54.403822 
13773 54.403822 
13774 54.403822 
13775 54.403822 
13776 54.403822 
13777 54.403822 
13778 54.403821 
13779 54.403821 
13780 54.403821 
13781 54.403821 
13782 54.403821 
13783 54.403818 
13784 54.403812 
13785 54.403812 
13786 54.403811 
13787 54.40381 
13788 54.403788 
13789 54.403788 
13790 54.403788 
13791 54.403788 
13792 54.403788 
13793 54.403788 
13794 54.403788 
13795 54.403787 
13796 54.403787 
13797 54.403787 
13798 54.403786 
13799 54.403702 
13800 54.403702 
13801 54.403702 
13802 54.403702 
13803 54.403701 
13804 54.403701 
13805 54.403701 
13806 54.403701 
13807 54.403701 
13808 54.403701 
13809 54.403701 
13810 54.403701 
13811 54.403701 
13812 54.403701 
13813 54.403701 
13814 54.403701 
13815 54.403701 
13816 54.403701 
13817 54.403701 
13818 54.403701 
13819 54.4037 
13820 54.4037 
13821 54.4037 
13822 54.4037 
13823 54.4037 
13824 54.4037 
13825 54.403699 
13826 54.403699 
13827 54.403696 
13828 54.403696 
13829 54.403696 
13830 54.403695 
13831 54.403695 
13832 54.403694 
13833 54.403693 
13834 54.40369 
13835 54.40364 
13836 54.403639 
13837 54.403639 
13838 54.403638 
13839 54.403638 
13840 54.403636 
13841 54.403634 
13842 54.403624 
13843 54.403603 
13844 54.403603 
13845 54.403602 
13846 54.403589 
13847 54.403586 
13848 54.403586 
13849 54.403585 
13850 54.403585 
13851 54.403585 
13852 54.403584 
13853 54.40358 
13854 54.403579 
13855 54.403539 
13856 54.403538 
13857 54.403538 
13858 54.403538 
13859 54.403538 
13860 54.403538 
13861 54.403538 
13862 54.403538 
13863 54.403538 
13864 54.403538 
13865 54.403538 
13866 54.403538 
13867 54.403537 
13868 54.403537 
13869 54.403536 
13870 54.403533 
13871 54.403532 
13872 54.403513 
13873 54.403512 
13874 54.403509 
13875 54.403508 
13876 54.403506 
13877 54.403505 
13878 54.403496 
13879 54.403496 
13880 54.403495 
13881 54.403493 
13882 54.403489 
13883 54.403488 
13884 54.403472 
13885 54.403471 
13886 54.403471 
13887 54.403471 
13888 54.403471 
13889 54.403471 
13890 54.40347 
13891 54.403468 
13892 54.403466 
13893 54.403464 
13894 54.403461 
13895 54.403459 
13896 54.403455 
13897 54.403455 
13898 54.403455 
13899 54.403455 
13900 54.403455 
13901 54.403455 
13902 54.403455 
13903 54.403455 
13904 54.403455 
13905 54.403455 
13906 54.403455 
13907 54.403454 
13908 54.403454 
13909 54.403453 
13910 54.40343 
13911 54.40343 
13912 54.40343 
13913 54.40343 
13914 54.40343 
13915 54.40343 
13916 54.403429 
13917 54.403429 
13918 54.403429 
13919 54.403429 
13920 54.403429 
13921 54.403429 
13922 54.403428 
13923 54.4034 
13924 54.403398 
13925 54.403397 
13926 54.403391 
13927 54.403387 
13928 54.403385 
13929 54.403384 
13930 54.403377 
13931 54.403377 
13932 54.403377 
13933 54.403376 
13934 54.403375 
13935 54.403372 
13936 54.403371 
13937 54.403369 
13938 54.403368 
13939 54.403355 
13940 54.403355 
13941 54.403355 
13942 54.403355 
13943 54.403355 
13944 54.403355 
13945 54.403354 
13946 54.403354 
13947 54.403349 
13948 54.403349 
13949 54.403348 
13950 54.403346 
13951 54.403345 
13952 54.403339 
13953 54.403339 
13954 54.403339 
13955 54.403338 
13956 54.40329 
13957 54.40329 
13958 54.40329 
13959 54.40329 
13960 54.40329 
13961 54.40329 
13962 54.40329 
13963 54.40329 
13964 54.40329 
13965 54.40329 
13966 54.40329 
13967 54.40329 
13968 54.40329 
13969 54.40329 
13970 54.40329 
13971 54.40329 
13972 54.40329 
13973 54.40329 
13974 54.403289 
13975 54.403289 
13976 54.403289 
13977 54.403289 
13978 54.403289 
13979 54.403288 
13980 54.403287 
13981 54.403229 
13982 54.403229 
13983 54.403229 
13984 54.403229 
13985 54.403229 
13986 54.403228 
13987 54.403228 
13988 54.403228 
13989 54.403228 
13990 54.403228 
13991 54.403228 
13992 54.403228 
13993 54.403227 
13994 54.403227 
13995 54.403227 
13996 54.403227 
13997 54.403227 
13998 54.403227 
13999 54.403227 
14000 54.403227 
14001 54.403227 
14002 54.403227 
14003 54.403226 
14004 54.403226 
14005 54.403226 
14006 54.403226 
14007 54.403226 
14008 54.403225 
14009 54.403225 
14010 54.403225 
14011 54.403224 
14012 54.403223 
14013 54.403221 
14014 54.403136 
14015 54.403135 
14016 54.403135 
14017 54.403134 
14018 54.403134 
14019 54.403134 
14020 54.403133 
14021 54.403133 
14022 54.403132 
14023 54.403132 
14024 54.40313 
14025 54.403128 
14026 54.403074 
14027 54.403074 
14028 54.403074 
14029 54.403073 
14030 54.403073 
14031 54.403073 
14032 54.403073 
14033 54.403072 
14034 54.403072 
14035 54.403072 
14036 54.403071 
14037 54.403071 
14038 54.403071 
14039 54.40307 
14040 54.40307 
14041 54.403069 
14042 54.403069 
14043 54.403068 
14044 54.403066 
14045 54.403064 
14046 54.40303 
14047 54.40303 
14048 54.40303 
14049 54.403029 
14050 54.403029 
14051 54.403029 
14052 54.403029 
14053 54.403029 
14054 54.403028 
14055 54.403028 
14056 54.403027 
14057 54.403027 
14058 54.403026 
14059 54.403024 
14060 54.403015 
14061 54.403009 
14062 54.402893 
14063 54.402893 
14064 54.402893 
14065 54.402893 
14066 54.402892 
14067 54.402892 
14068 54.402892 
14069 54.402892 
14070 54.402892 
14071 54.402892 
14072 54.402892 
14073 54.402892 
14074 54.402892 
14075 54.402892 
14076 54.402892 
14077 54.402892 
14078 54.402892 
14079 54.402892 
14080 54.402892 
14081 54.402892 
14082 54.402891 
14083 54.402891 
14084 54.402891 
14085 54.402891 
14086 54.402891 
14087 54.402891 
14088 54.40289 
14089 54.402888 
14090 54.402887 
14091 54.402876 
14092 54.402876 
14093 54.402876 
14094 54.402876 
14095 54.402875 
14096 54.402875 
14097 54.402874 
14098 54.402869 
14099 54.402869 
14100 54.402869 
14101 54.402868 
14102 54.402849 
14103 54.402849 
14104 54.402848 
14105 54.402848 
14106 54.402848 
14107 54.402848 
14108 54.402848 
14109 54.402848 
14110 54.402848 
14111 54.402848 
14112 54.402848 
14113 54.402848 
14114 54.402847 
14115 54.402842 
14116 54.402841 
14117 54.402841 
14118 54.40284 
14119 54.402808 
14120 54.402807 
14121 54.402807 
14122 54.402807 
14123 54.402806 
14124 54.402806 
14125 54.402806 
14126 54.402806 
14127 54.402806 
14128 54.402806 
14129 54.402805 
14130 54.4028 
14131 54.4028 
14132 54.4028 
14133 54.402799 
14134 54.402787 
14135 54.402787 
14136 54.402787 
14137 54.402787 
14138 54.402787 
14139 54.402787 
14140 54.402787 
14141 54.402786 
14142 54.40278 
14143 54.40278 
14144 54.402779 
14145 54.402779 
14146 54.402778 
14147 54.402772 
14148 54.402772 
14149 54.402772 
14150 54.402771 
14151 54.402768 
14152 54.402768 
14153 54.402767 
14154 54.402758 
14155 54.402757 
14156 54.402757 
14157 54.402757 
14158 54.402757 
14159 54.402757 
14160 54.402756 
14161 54.402742 
14162 54.402742 
14163 54.402742 
14164 54.402741 
14165 54.402741 
14166 54.402741 
14167 54.402741 
14168 54.402741 
14169 54.40274 
14170 54.402739 
14171 54.402738 
14172 54.402729 
14173 54.402729 
14174 54.402729 
14175 54.402729 
14176 54.402728 
14177 54.402728 
14178 54.402728 
14179 54.402724 
14180 54.402724 
14181 54.402723 
14182 54.402668 
14183 54.402668 
14184 54.402668 
14185 54.402668 
14186 54.402668 
14187 54.402668 
14188 54.402668 
14189 54.402668 
14190 54.402668 
14191 54.402668 
14192 54.402668 
14193 54.402668 
14194 54.402668 
14195 54.402668 
14196 54.402668 
14197 54.402668 
14198 54.402668 
14199 54.402667 
14200 54.402667 
14201 54.402667 
14202 54.402667 
14203 54.402667 
14204 54.402667 
14205 54.402667 
14206 54.402667 
14207 54.402666 
14208 54.402655 
14209 54.402655 
14210 54.402655 
14211 54.402655 
14212 54.402655 
14213 54.402655 
14214 54.402655 
14215 54.402654 
14216 54.402654 
14217 54.402641 
14218 54.402641 
14219 54.402641 
14220 54.402641 
14221 54.402641 
14222 54.402641 
14223 54.402641 
14224 54.40264 
14225 54.40264 
14226 54.402613 
14227 54.402613 
14228 54.402612 
14229 54.402612 
14230 54.402612 
14231 54.402612 
14232 54.402612 
14233 54.402612 
14234 54.402612 
14235 54.402612 
14236 54.402612 
14237 54.402612 
14238 54.402611 
14239 54.402611 
14240 54.402609 
14241 54.402608 
14242 54.402604 
14243 54.402604 
14244 54.402603 
14245 54.402602 
14246 54.4026 
14247 54.4026 
14248 54.402529 
14249 54.40091 
14250 54.400721 
14251 54.400543 
14252 54.400431 
14253 54.400313 
14254 54.400248 
14255 54.400186 
14256 54.40013 
14257 54.40008 
14258 54.400049 
14259 54.400026 
14260 54.400007 
14261 54.399998 
14262 54.399997 
14263 54.399996 
14264 54.399996 
14265 54.399996 
14266 54.399996 
14267 54.399996 
14268 54.399995 
14269 54.399995 
14270 54.399995 
14271 54.399995 
14272 54.399994 
14273 54.399994 
14274 54.399994 
14275 54.399993 
14276 54.399993 
14277 54.39999 
14278 54.39998 
14279 54.399968 
14280 54.399967 
14281 54.399967 
14282 54.399965 
14283 54.399965 
14284 54.399965 
14285 54.399965 
14286 54.399965 
14287 54.399965 
14288 54.399965 
14289 54.399964 
14290 54.399964 
14291 54.399964 
14292 54.399964 
14293 54.399964 
14294 54.399964 
14295 54.399964 
14296 54.399964 
14297 54.399964 
14298 54.399963 
14299 54.399963 
14300 54.399963 
14301 54.399963 
14302 54.399963 
14303 54.399963 
14304 54.399963 
14305 54.399963 
14306 54.399963 
14307 54.399962 
14308 54.399962 
14309 54.399962 
14310 54.399962 
14311 54.399962 
14312 54.399962 
14313 54.399962 
14314 54.399962 
14315 54.399962 
14316 54.399962 
14317 54.399961 
14318 54.399961 
14319 54.39996 
14320 54.39996 
14321 54.39996 
14322 54.39996 
14323 54.39996 
14324 54.399959 
14325 54.399958 
14326 54.399957 
14327 54.399957 
14328 54.399956 
14329 54.399956 
14330 54.399955 
14331 54.399955 
14332 54.399955 
14333 54.399955 
14334 54.399955 
14335 54.399955 
14336 54.399955 
14337 54.399955 
14338 54.399954 
14339 54.399954 
14340 54.399954 
14341 54.399954 
14342 54.399954 
14343 54.399953 
14344 54.399953 
14345 54.399953 
14346 54.399953 
14347 54.399952 
14348 54.399952 
14349 54.399952 
14350 54.399951 
14351 54.39995 
14352 54.399949 
14353 54.399949 
14354 54.399948 
14355 54.399947 
14356 54.399947 
14357 54.399946 
14358 54.399945 
14359 54.399945 
14360 54.399944 
14361 54.399944 
14362 54.399943 
14363 54.399943 
14364 54.399942 
14365 54.399941 
14366 54.399941 
14367 54.39994 
14368 54.399939 
14369 54.399938 
14370 54.399937 
14371 54.399936 
14372 54.399934 
14373 54.399933 
14374 54.399932 
14375 54.399931 
14376 54.39993 
14377 54.399928 
14378 54.399925 
14379 54.399923 
14380 54.399918 
14381 54.399911 
14382 54.3999 
14383 54.399899 
14384 54.399894 
14385 54.399893 
14386 54.399892 
14387 54.399854 
14388 54.399854 
14389 54.399854 
14390 54.399854 
14391 54.399853 
14392 54.399853 
14393 54.399853 
14394 54.399853 
14395 54.399853 
14396 54.399853 
14397 54.399853 
14398 54.399853 
14399 54.399853 
14400 54.399853 
14401 54.399853 
14402 54.399853 
14403 54.399853 
14404 54.399853 
14405 54.399853 
14406 54.399853 
14407 54.399853 
14408 54.399853 
14409 54.399852 
14410 54.399852 
14411 54.399852 
14412 54.399852 
14413 54.399852 
14414 54.399852 
14415 54.399852 
14416 54.399851 
14417 54.39985 
14418 54.399849 
14419 54.399847 
14420 54.399846 
14421 54.399845 
14422 54.399843 
14423 54.399842 
14424 54.399837 
14425 54.399836 
14426 54.399836 
14427 54.399836 
14428 54.399835 
14429 54.399832 
14430 54.399832 
14431 54.399829 
14432 54.399829 
14433 54.399828 
14434 54.39975 
14435 54.39975 
14436 54.39975 
14437 54.39975 
14438 54.399749 
14439 54.399749 
14440 54.399746 
14441 54.399746 
14442 54.399745 
14443 54.399738 
14444 54.399738 
14445 54.399738 
14446 54.399737 
14447 54.399737 
14448 54.399737 
14449 54.399737 
14450 54.399735 
14451 54.399733 
14452 54.399731 
14453 54.399731 
14454 54.399721 
14455 54.39972 
14456 54.39972 
14457 54.39972 
14458 54.39972 
14459 54.399719 
14460 54.39968 
14461 54.39968 
14462 54.39968 
14463 54.39968 
14464 54.39968 
14465 54.39968 
14466 54.39968 
14467 54.39968 
14468 54.39968 
14469 54.399679 
14470 54.399679 
14471 54.399678 
14472 54.399666 
14473 54.399662 
14474 54.399662 
14475 54.399662 
14476 54.399662 
14477 54.399662 
14478 54.399662 
14479 54.399662 
14480 54.399662 
14481 54.399662 
14482 54.399662 
14483 54.399662 
14484 54.399662 
14485 54.399662 
14486 54.399662 
14487 54.399661 
14488 54.399661 
14489 54.399661 
14490 54.39966 
14491 54.39966 
14492 54.399637 
14493 54.399636 
14494 54.399636 
14495 54.399636 
14496 54.399636 
14497 54.399636 
14498 54.399635 
14499 54.399635 
14500 54.399634 
14501 54.39963 
14502 54.399625 
14503 54.399624 
14504 54.399622 
14505 54.399555 
14506 54.399555 
14507 54.399555 
14508 54.399555 
14509 54.399555 
14510 54.399555 
14511 54.399555 
14512 54.399554 
14513 54.399554 
14514 54.399554 
14515 54.399554 
14516 54.399554 
14517 54.399554 
14518 54.399554 
14519 54.399554 
14520 54.399554 
14521 54.399554 
14522 54.399554 
14523 54.399554 
14524 54.399553 
14525 54.399553 
14526 54.399553 
14527 54.399553 
14528 54.399553 
14529 54.399553 
14530 54.399553 
14531 54.399552 
14532 54.399552 
14533 54.399552 
14534 54.399551 
14535 54.39955 
14536 54.399543 
14537 54.399542 
14538 54.399531 
14539 54.399531 
14540 54.39953 
14541 54.39953 
14542 54.399529 
14543 54.399528 
14544 54.399516 
14545 54.399516 
14546 54.399515 
14547 54.399515 
14548 54.399515 
14549 54.399514 
14550 54.399514 
14551 54.399512 
14552 54.399512 
14553 54.399511 
14554 54.39951 
14555 54.399509 
14556 54.399509 
14557 54.399506 
14558 54.399506 
14559 54.399506 
14560 54.399505 
14561 54.399489 
14562 54.399487 
14563 54.399487 
14564 54.399487 
14565 54.399486 
14566 54.399483 
14567 54.399482 
14568 54.399482 
14569 54.399482 
14570 54.399482 
14571 54.399482 
14572 54.399481 
14573 54.399476 
14574 54.399476 
14575 54.399476 
14576 54.399476 
14577 54.399476 
14578 54.399475 
14579 54.399469 
14580 54.399469 
14581 54.399469 
14582 54.399469 
14583 54.399469 
14584 54.399469 
14585 54.399469 
14586 54.399469 
14587 54.399468 
14588 54.399468 
14589 54.399465 
14590 54.399465 
14591 54.399465 
14592 54.399465 
14593 54.399464 
14594 54.399462 
14595 54.399462 
14596 54.399462 
14597 54.399461 
14598 54.399461 
14599 54.39946 
14600 54.399458 
14601 54.399457 
14602 54.399457 
14603 54.399457 
14604 54.399456 
14605 54.399456 
14606 54.399453 
14607 54.399453 
14608 54.399453 
14609 54.399453 
14610 54.399395 
14611 54.399395 
14612 54.399395 
14613 54.399395 
14614 54.399395 
14615 54.399395 
14616 54.399394 
14617 54.399394 
14618 54.399394 
14619 54.399394 
14620 54.399394 
14621 54.399394 
14622 54.399394 
14623 54.399394 
14624 54.399394 
14625 54.399394 
14626 54.399394 
14627 54.399394 
14628 54.399394 
14629 54.399394 
14630 54.399394 
14631 54.399394 
14632 54.399394 
14633 54.399394 
14634 54.399394 
14635 54.399394 
14636 54.399394 
14637 54.399394 
14638 54.399394 
14639 54.399394 
14640 54.399394 
14641 54.399394 
14642 54.399394 
14643 54.399394 
14644 54.399394 
14645 54.399394 
14646 54.399394 
14647 54.399394 
14648 54.399394 
14649 54.399394 
14650 54.399394 
14651 54.399393 
14652 54.399393 
14653 54.39939 
14654 54.39939 
14655 54.39939 
14656 54.39939 
14657 54.399389 
14658 54.399389 
14659 54.399388 
14660 54.399388 
14661 54.399384 
14662 54.399384 
14663 54.399384 
14664 54.399384 
14665 54.399384 
14666 54.399382 
14667 54.399382 
14668 54.399382 
14669 54.399344 
14670 54.399344 
14671 54.399344 
14672 54.399344 
14673 54.399344 
14674 54.399344 
14675 54.399344 
14676 54.399344 
14677 54.399344 
14678 54.399344 
14679 54.399344 
14680 54.399344 
14681 54.399344 
14682 54.399344 
14683 54.399344 
14684 54.399344 
14685 54.399344 
14686 54.399344 
14687 54.399344 
14688 54.399344 
14689 54.399344 
14690 54.399344 
14691 54.399344 
14692 54.399344 
14693 54.399344 
14694 54.399344 
14695 54.399344 
14696 54.399344 
14697 54.399344 
14698 54.399344 
14699 54.399344 
14700 54.399344 
14701 54.399343 
14702 54.399343 
14703 54.399342 
14704 54.399342 
14705 54.39933 
14706 54.39933 
14707 54.39933 
14708 54.39933 
14709 54.39933 
14710 54.39933 
14711 54.399329 
14712 54.399329 
14713 54.399329 
14714 54.399329 
14715 54.399327 
14716 54.399327 
14717 54.399326 
14718 54.399323 
14719 54.399323 
14720 54.399323 
14721 54.399323 
14722 54.399323 
14723 54.399322 
14724 54.399321 
14725 54.399258 
14726 54.399258 
14727 54.399258 
14728 54.399258 
14729 54.399258 
14730 54.399258 
14731 54.399258 
14732 54.399258 
14733 54.399258 
14734 54.399258 
14735 54.399258 
14736 54.399258 
14737 54.399258 
14738 54.399258 
14739 54.399258 
14740 54.399258 
14741 54.399258 
14742 54.399258 
14743 54.399258 
14744 54.399258 
14745 54.399258 
14746 54.399258 
14747 54.399258 
14748 54.399258 
14749 54.399258 
14750 54.399258 
14751 54.399258 
14752 54.399258 
14753 54.399258 
14754 54.399258 
14755 54.399258 
14756 54.399258 
14757 54.399258 
14758 54.399258 
14759 54.399258 
14760 54.399258 
14761 54.399257 
14762 54.399257 
14763 54.399257 
14764 54.399257 
14765 54.399257 
14766 54.399257 
14767 54.399257 
14768 54.399226 
14769 54.399226 
14770 54.399226 
14771 54.399225 
14772 54.399225 
14773 54.399225 
14774 54.399225 
14775 54.399225 
14776 54.399225 
14777 54.399225 
14778 54.399213 
14779 54.399213 
14780 54.399213 
14781 54.399213 
14782 54.399213 
14783 54.399212 
14784 54.399212 
14785 54.399212 
14786 54.399212 
14787 54.399212 
14788 54.399212 
14789 54.399212 
14790 54.399212 
14791 54.399212 
14792 54.399212 
14793 54.399211 
14794 54.399211 
14795 54.399211 
14796 54.39921 
14797 54.39921 
14798 54.399208 
14799 54.399189 
14800 54.399189 
14801 54.399188 
14802 54.399187 
14803 54.399186 
14804 54.399186 
14805 54.39918 
14806 54.39918 
14807 54.39918 
14808 54.399179 
14809 54.399179 
14810 54.399179 
14811 54.399179 
14812 54.399172 
14813 54.399172 
14814 54.399172 
14815 54.399171 
14816 54.399171 
14817 54.399171 
14818 54.399171 
14819 54.399171 
14820 54.399171 
14821 54.399171 
14822 54.399171 
14823 54.399142 
14824 54.399142 
14825 54.399141 
14826 54.399137 
14827 54.399137 
14828 54.399137 
14829 54.399131 
14830 54.39913 
14831 54.399129 
14832 54.399129 
14833 54.39912 
14834 54.399119 
14835 54.399119 
14836 54.399118 
14837 54.399115 
14838 54.3991 
14839 54.399099 
14840 54.399099 
14841 54.399099 
14842 54.399099 
14843 54.399099 
14844 54.399099 
14845 54.399098 
14846 54.399098 
14847 54.399097 
14848 54.399072 
14849 54.399071 
14850 54.399071 
14851 54.39907 
14852 54.399068 
14853 54.399061 
14854 54.399061 
14855 54.399059 
14856 54.399041 
14857 54.399041 
14858 54.399041 
14859 54.399041 
14860 54.399041 
14861 54.399041 
14862 54.399041 
14863 54.399041 
14864 54.399041 
14865 54.399041 
14866 54.399041 
14867 54.399041 
14868 54.399041 
14869 54.399041 
14870 54.399041 
14871 54.399041 
14872 54.399041 
14873 54.399041 
14874 54.399041 
14875 54.399041 
14876 54.399041 
14877 54.39904 
14878 54.39904 
14879 54.39904 
14880 54.39904 
14881 54.39904 
14882 54.39904 
14883 54.39904 
14884 54.39904 
14885 54.399037 
14886 54.399036 
14887 54.399036 
14888 54.399036 
14889 54.399035 
14890 54.399035 
14891 54.399025 
14892 54.399025 
14893 54.399025 
14894 54.399025 
14895 54.399025 
14896 54.399025 
14897 54.399024 
14898 54.399024 
14899 54.39902 
14900 54.39902 
14901 54.399019 
14902 54.399019 
14903 54.399019 
14904 54.399019 
14905 54.399006 
14906 54.399005 
14907 54.399005 
14908 54.399005 
14909 54.399005 
14910 54.399005 
14911 54.399005 
14912 54.399005 
14913 54.399005 
14914 54.399005 
14915 54.399004 
14916 54.399004 
14917 54.399004 
14918 54.398987 
14919 54.398983 
14920 54.398983 
14921 54.398983 
14922 54.398983 
14923 54.398983 
14924 54.398983 
14925 54.398983 
14926 54.398983 
14927 54.398983 
14928 54.398983 
14929 54.398983 
14930 54.398983 
14931 54.398983 
14932 54.398983 
14933 54.398983 
14934 54.398983 
14935 54.398983 
14936 54.398983 
14937 54.398983 
14938 54.398983 
14939 54.398983 
14940 54.398983 
14941 54.398983 
14942 54.398982 
14943 54.398982 
14944 54.398982 
14945 54.398982 
14946 54.398982 
14947 54.398982 
14948 54.398982 
14949 54.398982 
14950 54.398982 
14951 54.39898 
14952 54.39898 
14953 54.398969 
14954 54.398968 
14955 54.398968 
14956 54.398968 
14957 54.398968 
14958 54.398968 
14959 54.398968 
14960 54.398968 
14961 54.398968 
14962 54.398968 
14963 54.398968 
14964 54.398968 
14965 54.398965 
14966 54.398965 
14967 54.398965 
14968 54.398912 
14969 54.398911 
14970 54.398907 
14971 54.398907 
14972 54.398906 
14973 54.398906 
14974 54.398906 
14975 54.398906 
14976 54.398906 
14977 54.398906 
14978 54.398906 
14979 54.398906 
14980 54.398906 
14981 54.398906 
14982 54.398905 
14983 54.398893 
14984 54.398893 
14985 54.398893 
14986 54.398893 
14987 54.398893 
14988 54.398893 
14989 54.398891 
14990 54.398837 
14991 54.398837 
14992 54.398837 
14993 54.398837 
14994 54.398837 
14995 54.398837 
14996 54.398837 
14997 54.398837 
14998 54.398837 
14999 54.398837 
15000 54.398837 
15001 54.398837 
15002 54.398837 
15003 54.398837 
15004 54.398837 
15005 54.398836 
15006 54.398836 
15007 54.398836 
15008 54.398836 
15009 54.398836 
15010 54.398836 
15011 54.398836 
15012 54.398836 
15013 54.398835 
15014 54.398834 
15015 54.398826 
15016 54.398826 
15017 54.398825 
15018 54.398825 
15019 54.398825 
15020 54.398825 
15021 54.398824 
15022 54.398824 
15023 54.398824 
15024 54.398824 
15025 54.398823 
15026 54.398823 
15027 54.398817 
15028 54.398817 
15029 54.398816 
15030 54.398814 
15031 54.398796 
15032 54.398796 
15033 54.398796 
15034 54.398796 
15035 54.398796 
15036 54.398795 
15037 54.398795 
15038 54.398794 
15039 54.398793 
15040 54.398703 
15041 54.398703 
15042 54.398702 
15043 54.398688 
15044 54.398688 
15045 54.398688 
15046 54.398688 
15047 54.398688 
15048 54.398688 
15049 54.398688 
15050 54.398687 
15051 54.398687 
15052 54.398687 
15053 54.398687 
15054 54.398687 
15055 54.398687 
15056 54.398687 
15057 54.398687 
15058 54.398687 
15059 54.398687 
15060 54.398687 
15061 54.398686 
15062 54.398686 
15063 54.398685 
15064 54.398682 
15065 54.398679 
15066 54.398678 
15067 54.398678 
15068 54.398675 
15069 54.398675 
15070 54.398675 
15071 54.398675 
15072 54.398673 
15073 54.398671 
15074 54.398671 
15075 54.398668 
15076 54.398667 
15077 54.398659 
15078 54.398658 
15079 54.398656 
15080 54.398655 
15081 54.398654 
15082 54.398652 
15083 54.398652 
15084 54.398648 
15085 54.398647 
15086 54.398647 
15087 54.398647 
15088 54.398647 
15089 54.398647 
15090 54.398647 
15091 54.398647 
15092 54.398647 
15093 54.398647 
15094 54.398647 
15095 54.398647 
15096 54.398647 
15097 54.398647 
15098 54.398647 
15099 54.398647 
15100 54.398647 
15101 54.398646 
15102 54.398645 
15103 54.398645 
15104 54.398644 
15105 54.398644 
15106 54.398642 
15107 54.398642 
15108 54.398642 
15109 54.398619 
15110 54.398617 
15111 54.398615 
15112 54.398615 
15113 54.398615 
15114 54.398615 
15115 54.398612 
15116 54.398612 
15117 54.398612 
15118 54.398612 
15119 54.398605 
15120 54.398605 
15121 54.398605 
15122 54.398605 
15123 54.398605 
15124 54.398604 
15125 54.398604 
15126 54.398604 
15127 54.398604 
15128 54.398604 
15129 54.398604 
15130 54.398602 
15131 54.398602 
15132 54.398602 
15133 54.398601 
15134 54.3986 
15135 54.3986 
15136 54.398579 
15137 54.398579 
15138 54.398579 
15139 54.398579 
15140 54.398579 
15141 54.398579 
15142 54.398579 
15143 54.398579 
15144 54.398579 
15145 54.398579 
15146 54.398579 
15147 54.398579 
15148 54.398579 
15149 54.398579 
15150 54.398579 
15151 54.398579 
15152 54.398579 
15153 54.398579 
15154 54.398579 
15155 54.398578 
15156 54.398578 
15157 54.398578 
15158 54.398578 
15159 54.398577 
15160 54.398577 
15161 54.398575 
15162 54.398574 
15163 54.398574 
15164 54.398574 
15165 54.398571 
15166 54.398571 
15167 54.398571 
15168 54.39857 
15169 54.39857 
15170 54.398569 
15171 54.398569 
15172 54.398566 
15173 54.398566 
15174 54.398566 
15175 54.398566 
15176 54.398565 
15177 54.398564 
15178 54.398564 
15179 54.398562 
15180 54.398562 
15181 54.398562 
15182 54.398561 
15183 54.39856 
15184 54.39856 
15185 54.398558 
15186 54.398558 
15187 54.398558 
15188 54.398558 
15189 54.398555 
15190 54.398555 
15191 54.398555 
15192 54.398555 
15193 54.398554 
15194 54.398543 
15195 54.398543 
15196 54.398543 
15197 54.398543 
15198 54.398543 
15199 54.398543 
15200 54.398543 
15201 54.398542 
15202 54.398542 
15203 54.398542 
15204 54.398542 
15205 54.398542 
15206 54.398542 
15207 54.398542 
15208 54.398542 
15209 54.398541 
15210 54.39854 
15211 54.39854 
15212 54.398538 
15213 54.398538 
15214 54.398538 
15215 54.398537 
15216 54.398537 
15217 54.398534 
15218 54.398534 
15219 54.398534 
15220 54.398534 
15221 54.398534 
15222 54.398527 
15223 54.398527 
15224 54.398527 
15225 54.398527 
15226 54.398527 
15227 54.398526 
15228 54.398526 
15229 54.398526 
15230 54.398525 
15231 54.398525 
15232 54.398523 
15233 54.398523 
15234 54.398523 
15235 54.398522 
15236 54.398517 
15237 54.398517 
15238 54.398517 
15239 54.398517 
15240 54.398517 
15241 54.398517 
15242 54.398517 
15243 54.39849 
15244 54.39849 
15245 54.39849 
15246 54.39849 
15247 54.39849 
15248 54.39849 
15249 54.39849 
15250 54.39849 
15251 54.39849 
15252 54.39849 
15253 54.39849 
15254 54.39849 
15255 54.39849 
15256 54.398489 
15257 54.398489 
15258 54.398489 
15259 54.398489 
15260 54.398489 
15261 54.398489 
15262 54.398487 
15263 54.398487 
15264 54.398487 
15265 54.398479 
15266 54.398479 
15267 54.398479 
15268 54.398479 
15269 54.398479 
15270 54.398479 
15271 54.398479 
15272 54.398479 
15273 54.398478 
15274 54.398477 
15275 54.398477 
15276 54.398475 
15277 54.398474 
15278 54.398474 
15279 54.398474 
15280 54.398474 
15281 54.398471 
15282 54.398471 
15283 54.398471 
15284 54.398471 
15285 54.398469 
15286 54.398469 
15287 54.398469 
15288 54.398467 
15289 54.398467 
15290 54.398467 
15291 54.398466 
15292 54.398466 
15293 54.398459 
15294 54.398459 
15295 54.398459 
15296 54.398459 
15297 54.398459 
15298 54.398459 
15299 54.398459 
15300 54.398459 
15301 54.398459 
15302 54.398459 
15303 54.398457 
15304 54.398457 
15305 54.398456 
15306 54.398456 
15307 54.398438 
15308 54.398438 
15309 54.398438 
15310 54.398438 
15311 54.398438 
15312 54.398438 
15313 54.398438 
15314 54.398437 
15315 54.398437 
15316 54.398437 
15317 54.398437 
15318 54.398437 
15319 54.398437 
15320 54.398437 
15321 54.398437 
15322 54.398436 
15323 54.398435 
15324 54.398435 
15325 54.398434 
15326 54.398433 
15327 54.398433 
15328 54.398433 
15329 54.39843 
15330 54.39843 
15331 54.39843 
15332 54.39843 
15333 54.398427 
15334 54.398427 
15335 54.398427 
15336 54.398427 
15337 54.398427 
15338 54.398399 
15339 54.398399 
15340 54.398399 
15341 54.398399 
15342 54.398399 
15343 54.398399 
15344 54.398399 
15345 54.398399 
15346 54.398399 
15347 54.398399 
15348 54.398399 
15349 54.398399 
15350 54.398399 
15351 54.398399 
15352 54.398399 
15353 54.398399 
15354 54.398399 
15355 54.398399 
15356 54.398399 
15357 54.398399 
15358 54.398399 
15359 54.398399 
15360 54.398399 
15361 54.398399 
15362 54.398399 
15363 54.398399 
15364 54.398398 
15365 54.398398 
15366 54.398396 
15367 54.398396 
15368 54.398396 
15369 54.398395 
15370 54.398393 
15371 54.398393 
15372 54.398393 
15373 54.398393 
15374 54.39839 
15375 54.39839 
15376 54.398389 
15377 54.398389 
15378 54.398389 
15379 54.398344 
15380 54.398344 
15381 54.398344 
15382 54.398344 
15383 54.398344 
15384 54.398344 
15385 54.398344 
15386 54.398343 
15387 54.398342 
15388 54.398335 
15389 54.398335 
15390 54.398335 
15391 54.398335 
15392 54.398335 
15393 54.398335 
15394 54.398335 
15395 54.398335 
15396 54.398335 
15397 54.398335 
15398 54.398334 
15399 54.398332 
15400 54.398332 
15401 54.398332 
15402 54.398331 
15403 54.398331 
15404 54.398329 
15405 54.398329 
15406 54.398329 
15407 54.398327 
15408 54.398326 
15409 54.398326 
15410 54.398326 
15411 54.398307 
15412 54.398307 
15413 54.398307 
15414 54.398307 
15415 54.398307 
15416 54.398307 
15417 54.398307 
15418 54.398307 
15419 54.398307 
15420 54.398307 
15421 54.398307 
15422 54.398307 
15423 54.398307 
15424 54.398307 
15425 54.398307 
15426 54.398307 
15427 54.398307 
15428 54.398307 
15429 54.398307 
15430 54.398307 
15431 54.398307 
15432 54.398306 
15433 54.398305 
15434 54.398305 
15435 54.398304 
15436 54.398304 
15437 54.398282 
15438 54.398282 
15439 54.398282 
15440 54.398282 
15441 54.398282 
15442 54.398282 
15443 54.398282 
15444 54.398282 
15445 54.398282 
15446 54.398282 
15447 54.398281 
15448 54.398281 
15449 54.398281 
15450 54.398281 
15451 54.398281 
15452 54.398281 
15453 54.39828 
15454 54.398279 
15455 54.398279 
15456 54.398252 
15457 54.398249 
15458 54.398249 
15459 54.398248 
15460 54.398248 
15461 54.398248 
15462 54.398248 
15463 54.398248 
15464 54.398239 
15465 54.398231 
15466 54.398231 
15467 54.398231 
15468 54.398231 
15469 54.398231 
15470 54.39823 
15471 54.398229 
15472 54.398229 
15473 54.398229 
15474 54.398229 
15475 54.398229 
15476 54.398229 
15477 54.398229 
15478 54.398228 
15479 54.398228 
15480 54.398228 
15481 54.398228 
15482 54.398228 
15483 54.398227 
15484 54.398227 
15485 54.398224 
15486 54.398208 
15487 54.398208 
15488 54.398208 
15489 54.398208 
15490 54.398208 
15491 54.398208 
15492 54.398208 
15493 54.398208 
15494 54.398208 
15495 54.398207 
15496 54.398207 
15497 54.398207 
15498 54.398207 
15499 54.398207 
15500 54.398207 
15501 54.398207 
15502 54.398206 
15503 54.398205 
15504 54.398205 
15505 54.3982 
15506 54.398199 
15507 54.398199 
15508 54.398199 
15509 54.398167 
15510 54.398167 
15511 54.398167 
15512 54.398167 
15513 54.398167 
15514 54.398167 
15515 54.398167 
15516 54.398167 
15517 54.398166 
15518 54.398166 
15519 54.398166 
15520 54.398166 
15521 54.398166 
15522 54.398165 
15523 54.398165 
15524 54.398164 
15525 54.398163 
15526 54.398158 
15527 54.398131 
15528 54.398131 
15529 54.398131 
15530 54.398131 
15531 54.398131 
15532 54.398131 
15533 54.398131 
15534 54.39813 
15535 54.39813 
15536 54.39813 
15537 54.39813 
15538 54.39813 
15539 54.398129 
15540 54.398129 
15541 54.398129 
15542 54.398128 
15543 54.398127 
15544 54.398124 
15545 54.398088 
15546 54.398088 
15547 54.398088 
15548 54.398087 
15549 54.398087 
15550 54.398087 
15551 54.398087 
15552 54.398087 
15553 54.398087 
15554 54.398086 
15555 54.398086 
15556 54.398085 
15557 54.398084 
15558 54.39808 
15559 54.39805 
15560 54.39805 
15561 54.39805 
15562 54.39805 
15563 54.39805 
15564 54.39805 
15565 54.39805 
15566 54.39805 
15567 54.39805 
15568 54.39805 
15569 54.39805 
15570 54.398049 
15571 54.398049 
15572 54.398049 
15573 54.398049 
15574 54.398049 
15575 54.398049 
15576 54.398048 
15577 54.398048 
15578 54.398047 
15579 54.398046 
15580 54.398043 
15581 54.398003 
15582 54.398003 
15583 54.398003 
15584 54.398003 
15585 54.398003 
15586 54.398003 
15587 54.398002 
15588 54.398002 
15589 54.398002 
15590 54.398002 
15591 54.398002 
15592 54.398002 
15593 54.398002 
15594 54.398002 
15595 54.398002 
15596 54.398001 
15597 54.398001 
15598 54.398001 
15599 54.398 
15600 54.398 
15601 54.397998 
15602 54.39799 
15603 54.397967 
15604 54.397967 
15605 54.397967 
15606 54.397967 
15607 54.397967 
15608 54.397967 
15609 54.397967 
15610 54.397966 
15611 54.397966 
15612 54.397966 
15613 54.397966 
15614 54.397966 
15615 54.397966 
15616 54.397966 
15617 54.397965 
15618 54.397965 
15619 54.397965 
15620 54.397964 
15621 54.397963 
15622 54.39796 
15623 54.397913 
15624 54.397913 
15625 54.397913 
15626 54.397913 
15627 54.397913 
15628 54.397913 
15629 54.397913 
15630 54.397913 
15631 54.397913 
15632 54.397913 
15633 54.397913 
15634 54.397913 
15635 54.397912 
15636 54.397912 
15637 54.397912 
15638 54.397912 
15639 54.397912 
15640 54.397912 
15641 54.397912 
15642 54.397912 
15643 54.397912 
15644 54.397912 
15645 54.397911 
15646 54.397911 
15647 54.397911 
15648 54.397911 
15649 54.39791 
15650 54.39791 
15651 54.397909 
15652 54.397907 
15653 54.39788 
15654 54.39788 
15655 54.397879 
15656 54.397878 
15657 54.397874 
15658 54.397839 
15659 54.397839 
15660 54.397839 
15661 54.397839 
15662 54.397839 
15663 54.397839 
15664 54.397839 
15665 54.397839 
15666 54.397838 
15667 54.397838 
15668 54.397838 
15669 54.397838 
15670 54.397838 
15671 54.397838 
15672 54.397838 
15673 54.397838 
15674 54.397838 
15675 54.397837 
15676 54.397837 
15677 54.397837 
15678 54.397836 
15679 54.397834 
15680 54.397827 
15681 54.397817 
15682 54.397816 
15683 54.397816 
15684 54.397816 
15685 54.397815 
15686 54.397813 
15687 54.397799 
15688 54.397787 
15689 54.397786 
15690 54.397785 
15691 54.397785 
15692 54.397782 
15693 54.397779 
15694 54.397765 
15695 54.397765 
15696 54.397765 
15697 54.397765 
15698 54.397765 
15699 54.397765 
15700 54.397765 
15701 54.397765 
15702 54.397765 
15703 54.397765 
15704 54.397765 
15705 54.397765 
15706 54.397765 
15707 54.397765 
15708 54.397765 
15709 54.397765 
15710 54.397765 
15711 54.397765 
15712 54.397765 
15713 54.397765 
15714 54.397765 
15715 54.397765 
15716 54.397765 
15717 54.397765 
15718 54.397765 
15719 54.397765 
15720 54.397765 
15721 54.397765 
15722 54.397765 
15723 54.397765 
15724 54.397765 
15725 54.397765 
15726 54.397764 
15727 54.397764 
15728 54.397764 
15729 54.397764 
15730 54.397764 
15731 54.397764 
15732 54.397764 
15733 54.397764 
15734 54.397764 
15735 54.397764 
15736 54.397764 
15737 54.3977 
15738 54.397699 
15739 54.397699 
15740 54.397699 
15741 54.397698 
15742 54.397698 
15743 54.397698 
15744 54.397698 
15745 54.397698 
15746 54.397698 
15747 54.397697 
15748 54.397697 
15749 54.397696 
15750 54.397695 
15751 54.397693 
15752 54.397693 
15753 54.397693 
15754 54.397693 
15755 54.397691 
15756 54.397691 
15757 54.397691 
15758 54.397691 
15759 54.397682 
15760 54.397682 
15761 54.397682 
15762 54.397682 
15763 54.397682 
15764 54.397682 
15765 54.397682 
15766 54.397682 
15767 54.397682 
15768 54.397682 
15769 54.397681 
15770 54.397681 
15771 54.397681 
15772 54.397673 
15773 54.397673 
15774 54.397673 
15775 54.397673 
15776 54.397673 
15777 54.397673 
15778 54.397673 
15779 54.397673 
15780 54.397673 
15781 54.397673 
15782 54.397673 
15783 54.397663 
15784 54.397663 
15785 54.397663 
15786 54.397663 
15787 54.397662 
15788 54.397662 
15789 54.397662 
15790 54.397662 
15791 54.397662 
15792 54.397662 
15793 54.397661 
15794 54.397661 
15795 54.39766 
15796 54.39766 
15797 54.397656 
15798 54.397656 
15799 54.397656 
15800 54.397656 
15801 54.397656 
15802 54.397656 
15803 54.397575 
15804 54.397575 
15805 54.397575 
15806 54.397575 
15807 54.397575 
15808 54.397575 
15809 54.397575 
15810 54.397575 
15811 54.397575 
15812 54.397574 
15813 54.397574 
15814 54.397574 
15815 54.397574 
15816 54.397574 
15817 54.397574 
15818 54.397574 
15819 54.397574 
15820 54.397574 
15821 54.397574 
15822 54.397574 
15823 54.397574 
15824 54.397574 
15825 54.397574 
15826 54.397574 
15827 54.397574 
15828 54.397574 
15829 54.397574 
15830 54.397574 
15831 54.397574 
15832 54.397574 
15833 54.397574 
15834 54.397574 
15835 54.397574 
15836 54.397574 
15837 54.397574 
15838 54.397574 
15839 54.397574 
15840 54.397573 
15841 54.397573 
15842 54.397573 
15843 54.397573 
15844 54.397572 
15845 54.397571 
15846 54.397571 
15847 54.397571 
15848 54.397547 
15849 54.397547 
15850 54.397547 
15851 54.397547 
15852 54.397547 
15853 54.397547 
15854 54.397547 
15855 54.397547 
15856 54.397547 
15857 54.397547 
15858 54.397546 
15859 54.397546 
15860 54.397546 
15861 54.397546 
15862 54.397546 
15863 54.397546 
15864 54.397545 
15865 54.397545 
15866 54.397544 
15867 54.397541 
15868 54.397541 
15869 54.397541 
15870 54.397541 
15871 54.397541 
15872 54.397541 
15873 54.39754 
15874 54.397539 
15875 54.397539 
15876 54.397539 
15877 54.397538 
15878 54.397536 
15879 54.397536 
15880 54.397536 
15881 54.397536 
15882 54.397535 
15883 54.397535 
15884 54.397534 
15885 54.397533 
15886 54.397532 
15887 54.397532 
15888 54.397532 
15889 54.397518 
15890 54.397518 
15891 54.397518 
15892 54.397518 
15893 54.397518 
15894 54.397518 
15895 54.397518 
15896 54.397518 
15897 54.397518 
15898 54.397518 
15899 54.397517 
15900 54.397517 
15901 54.397517 
15902 54.397516 
15903 54.397515 
15904 54.397515 
15905 54.397514 
15906 54.397514 
15907 54.397513 
15908 54.397513 
15909 54.397512 
15910 54.397507 
15911 54.397507 
15912 54.397507 
15913 54.397507 
15914 54.397507 
15915 54.397507 
15916 54.397507 
15917 54.397505 
15918 54.397505 
15919 54.397505 
15920 54.397503 
15921 54.397503 
15922 54.397503 
15923 54.397503 
15924 54.39748 
15925 54.39748 
15926 54.39748 
15927 54.39748 
15928 54.39748 
15929 54.39748 
15930 54.39748 
15931 54.39748 
15932 54.39748 
15933 54.39748 
15934 54.39748 
15935 54.39748 
15936 54.39748 
15937 54.39748 
15938 54.39748 
15939 54.397479 
15940 54.397479 
15941 54.397478 
15942 54.397478 
15943 54.397477 
15944 54.397477 
15945 54.397477 
15946 54.397475 
15947 54.397475 
15948 54.397475 
15949 54.397473 
15950 54.397473 
15951 54.397473 
15952 54.397473 
15953 54.397471 
15954 54.397471 
15955 54.397471 
15956 54.39747 
15957 54.39747 
15958 54.397469 
15959 54.397469 
15960 54.397467 
15961 54.397467 
15962 54.397467 
15963 54.397465 
15964 54.397465 
15965 54.397465 
15966 54.397465 
15967 54.397461 
15968 54.397461 
15969 54.397461 
15970 54.397461 
15971 54.397461 
15972 54.39746 
15973 54.39746 
15974 54.397459 
15975 54.397442 
15976 54.397441 
15977 54.397441 
15978 54.397441 
15979 54.39744 
15980 54.39744 
15981 54.397438 
15982 54.397438 
15983 54.397438 
15984 54.397436 
15985 54.397436 
15986 54.397436 
15987 54.397436 
15988 54.397432 
15989 54.397432 
15990 54.397432 
15991 54.397432 
15992 54.397432 
15993 54.397432 
15994 54.397431 
15995 54.397427 
15996 54.397426 
15997 54.397426 
15998 54.397426 
15999 54.397426 
16000 54.397426 
16001 54.397426 
16002 54.397425 
16003 54.397424 
16004 54.397424 
16005 54.39742 
16006 54.39742 
16007 54.39742 
16008 54.39742 
16009 54.39742 
16010 54.39742 
16011 54.397419 
16012 54.397419 
16013 54.397416 
16014 54.397416 
16015 54.397416 
16016 54.397416 
16017 54.397415 
16018 54.39741 
16019 54.39741 
16020 54.39741 
16021 54.39741 
16022 54.39741 
16023 54.39741 
16024 54.39741 
16025 54.39741 
16026 54.397409 
16027 54.39735 
16028 54.397342 
16029 54.397342 
16030 54.397341 
16031 54.397341 
16032 54.397341 
16033 54.397341 
16034 54.397341 
16035 54.397341 
16036 54.397341 
16037 54.397341 
16038 54.397341 
16039 54.39734 
16040 54.397338 
16041 54.397338 
16042 54.397336 
16043 54.397336 
16044 54.397335 
16045 54.397335 
16046 54.397333 
16047 54.397332 
16048 54.397332 
16049 54.397332 
16050 54.397332 
16051 54.397331 
16052 54.397326 
16053 54.397326 
16054 54.397326 
16055 54.397326 
16056 54.397325 
16057 54.397325 
16058 54.397325 
16059 54.397325 
16060 54.397317 
16061 54.397317 
16062 54.397317 
16063 54.397317 
16064 54.397317 
16065 54.397317 
16066 54.397317 
16067 54.397317 
16068 54.397317 
16069 54.397316 
16070 54.397316 
16071 54.397315 
16072 54.397315 
16073 54.39731 
16074 54.39731 
16075 54.39731 
16076 54.39731 
16077 54.39731 
16078 54.39731 
16079 54.39731 
16080 54.39731 
16081 54.397308 
16082 54.397308 
16083 54.397308 
16084 54.397307 
16085 54.397307 
16086 54.397306 
16087 54.397306 
16088 54.397305 
16089 54.397288 
16090 54.397288 
16091 54.397288 
16092 54.397288 
16093 54.397288 
16094 54.397288 
16095 54.397288 
16096 54.397288 
16097 54.397288 
16098 54.397288 
16099 54.397288 
16100 54.397288 
16101 54.397288 
16102 54.397288 
16103 54.397288 
16104 54.397288 
16105 54.397288 
16106 54.397288 
16107 54.397287 
16108 54.397287 
16109 54.397284 
16110 54.397284 
16111 54.397284 
16112 54.397284 
16113 54.397283 
16114 54.397283 
16115 54.397279 
16116 54.397279 
16117 54.397279 
16118 54.397279 
16119 54.397279 
16120 54.397279 
16121 54.397278 
16122 54.397277 
16123 54.397277 
16124 54.397276 
16125 54.397273 
16126 54.397273 
16127 54.397273 
16128 54.397273 
16129 54.397272 
16130 54.397272 
16131 54.397258 
16132 54.397258 
16133 54.397258 
16134 54.397258 
16135 54.397258 
16136 54.397258 
16137 54.397258 
16138 54.397258 
16139 54.397258 
16140 54.397258 
16141 54.397258 
16142 54.397258 
16143 54.397258 
16144 54.397257 
16145 54.397257 
16146 54.397255 
16147 54.397255 
16148 54.397255 
16149 54.397255 
16150 54.397215 
16151 54.397215 
16152 54.397215 
16153 54.397215 
16154 54.397215 
16155 54.397215 
16156 54.397215 
16157 54.397215 
16158 54.397214 
16159 54.397214 
16160 54.397214 
16161 54.397214 
16162 54.397214 
16163 54.397214 
16164 54.397214 
16165 54.397214 
16166 54.397214 
16167 54.397213 
16168 54.397213 
16169 54.397212 
16170 54.397208 
16171 54.397208 
16172 54.397208 
16173 54.397208 
16174 54.397208 
16175 54.397208 
16176 54.397208 
16177 54.397182 
16178 54.397182 
16179 54.397182 
16180 54.397182 
16181 54.397182 
16182 54.397182 
16183 54.397182 
16184 54.397182 
16185 54.397182 
16186 54.397182 
16187 54.397182 
16188 54.397182 
16189 54.397182 
16190 54.397182 
16191 54.397182 
16192 54.397181 
16193 54.397181 
16194 54.397181 
16195 54.397181 
16196 54.397181 
16197 54.397173 
16198 54.397173 
16199 54.397171 
16200 54.397171 
16201 54.397169 
16202 54.397168 
16203 54.397168 
16204 54.397168 
16205 54.397168 
16206 54.397167 
16207 54.39716 
16208 54.39716 
16209 54.39716 
16210 54.39716 
16211 54.39716 
16212 54.39716 
16213 54.39716 
16214 54.39716 
16215 54.39716 
16216 54.39716 
16217 54.397159 
16218 54.397158 
16219 54.397158 
16220 54.397158 
16221 54.397156 
16222 54.397156 
16223 54.397156 
16224 54.397152 
16225 54.397152 
16226 54.397152 
16227 54.397152 
16228 54.397151 
16229 54.397151 
16230 54.397151 
16231 54.397151 
16232 54.397147 
16233 54.397147 
16234 54.397147 
16235 54.397147 
16236 54.397147 
16237 54.397147 
16238 54.397141 
16239 54.397141 
16240 54.397141 
16241 54.397141 
16242 54.39714 
16243 54.39714 
16244 54.39714 
16245 54.39714 
16246 54.39714 
16247 54.39714 
16248 54.397138 
16249 54.397138 
16250 54.397138 
16251 54.397138 
16252 54.397111 
16253 54.397111 
16254 54.397111 
16255 54.397111 
16256 54.397111 
16257 54.397111 
16258 54.397111 
16259 54.397111 
16260 54.397111 
16261 54.397111 
16262 54.397111 
16263 54.397111 
16264 54.397111 
16265 54.39711 
16266 54.39711 
16267 54.39711 
16268 54.39711 
16269 54.397109 
16270 54.397109 
16271 54.396681 
16272 54.396675 
16273 54.396674 
16274 54.396674 
16275 54.396674 
16276 54.396674 
16277 54.396674 
16278 54.396674 
16279 54.396673 
16280 54.396673 
16281 54.396673 
16282 54.396673 
16283 54.396673 
16284 54.396673 
16285 54.396673 
16286 54.396673 
16287 54.396672 
16288 54.396672 
16289 54.396672 
16290 54.396672 
16291 54.396672 
16292 54.396672 
16293 54.396672 
16294 54.396672 
16295 54.396672 
16296 54.396672 
16297 54.396672 
16298 54.396671 
16299 54.396671 
16300 54.396671 
16301 54.396671 
16302 54.396671 
16303 54.396671 
16304 54.396671 
16305 54.396671 
16306 54.396671 
16307 54.396671 
16308 54.396671 
16309 54.396671 
16310 54.396671 
16311 54.396671 
16312 54.396671 
16313 54.396671 
16314 54.39667 
16315 54.39667 
16316 54.39667 
16317 54.39667 
16318 54.39667 
16319 54.39667 
16320 54.39667 
16321 54.39667 
16322 54.39667 
16323 54.39667 
16324 54.39667 
16325 54.39667 
16326 54.39667 
16327 54.39667 
16328 54.39667 
16329 54.39667 
16330 54.39667 
16331 54.39667 
16332 54.39667 
16333 54.39667 
16334 54.39667 
16335 54.39667 
16336 54.39667 
16337 54.39667 
16338 54.396669 
16339 54.396669 
16340 54.396669 
16341 54.396669 
16342 54.396669 
16343 54.396669 
16344 54.396669 
16345 54.396669 
16346 54.396669 
16347 54.396669 
16348 54.396669 
16349 54.396669 
16350 54.396669 
16351 54.396669 
16352 54.396669 
16353 54.396669 
16354 54.396669 
16355 54.396669 
16356 54.396669 
16357 54.396669 
16358 54.396669 
16359 54.396669 
16360 54.396668 
16361 54.396668 
16362 54.396668 
16363 54.396666 
16364 54.396666 
16365 54.396666 
16366 54.396666 
16367 54.396666 
16368 54.396666 
16369 54.396666 
16370 54.396665 
16371 54.396665 
16372 54.396645 
16373 54.396645 
16374 54.396645 
16375 54.396644 
16376 54.396643 
16377 54.396643 
16378 54.396642 
16379 54.396642 
16380 54.396642 
16381 54.396642 
16382 54.396642 
16383 54.396641 
16384 54.396641 
16385 54.396641 
16386 54.39664 
16387 54.396635 
16388 54.39663 
16389 54.396629 
16390 54.396629 
16391 54.396628 
16392 54.396626 
16393 54.396626 
16394 54.396626 
16395 54.396626 
16396 54.396625 
16397 54.396618 
16398 54.396617 
16399 54.396617 
16400 54.396617 
16401 54.396615 
16402 54.396615 
16403 54.396615 
16404 54.396614 
16405 54.396614 
16406 54.39661 
16407 54.39661 
16408 54.39661 
16409 54.39661 
16410 54.39661 
16411 54.396608 
16412 54.396608 
16413 54.396608 
16414 54.396598 
16415 54.396597 
16416 54.396597 
16417 54.396597 
16418 54.396597 
16419 54.396597 
16420 54.396597 
16421 54.396597 
16422 54.396596 
16423 54.396563 
16424 54.396563 
16425 54.396563 
16426 54.396563 
16427 54.396563 
16428 54.396563 
16429 54.396563 
16430 54.396563 
16431 54.396562 
16432 54.396562 
16433 54.396562 
16434 54.396562 
16435 54.396562 
16436 54.396562 
16437 54.396562 
16438 54.396562 
16439 54.396562 
16440 54.396561 
16441 54.396556 
16442 54.396556 
16443 54.396556 
16444 54.396556 
16445 54.396556 
16446 54.396556 
16447 54.396556 
16448 54.396556 
16449 54.396556 
16450 54.396556 
16451 54.396556 
16452 54.396556 
16453 54.396555 
16454 54.396555 
16455 54.396555 
16456 54.396555 
16457 54.396555 
16458 54.396555 
16459 54.396555 
16460 54.396555 
16461 54.396555 
16462 54.396555 
16463 54.396555 
16464 54.396555 
16465 54.396555 
16466 54.396554 
16467 54.396554 
16468 54.396554 
16469 54.396554 
16470 54.396553 
16471 54.396553 
16472 54.396552 
16473 54.39655 
16474 54.396535 
16475 54.396534 
16476 54.396533 
16477 54.396533 
16478 54.396532 
16479 54.396514 
16480 54.396512 
16481 54.396512 
16482 54.396512 
16483 54.396511 
16484 54.396511 
16485 54.396508 
16486 54.396503 
16487 54.396502 
16488 54.396502 
16489 54.396502 
16490 54.396501 
16491 54.396501 
16492 54.396498 
16493 54.396498 
16494 54.396498 
16495 54.396497 
16496 54.396497 
16497 54.396496 
16498 54.396479 
16499 54.396479 
16500 54.396478 
16501 54.396478 
16502 54.396478 
16503 54.396478 
16504 54.396478 
16505 54.396478 
16506 54.396477 
16507 54.396477 
16508 54.396468 
16509 54.396468 
16510 54.396468 
16511 54.396468 
16512 54.396468 
16513 54.396467 
16514 54.396467 
16515 54.396464 
16516 54.396464 
16517 54.396464 
16518 54.396464 
16519 54.396464 
16520 54.396464 
16521 54.396453 
16522 54.396453 
16523 54.396453 
16524 54.396453 
16525 54.396453 
16526 54.396453 
16527 54.396452 
16528 54.396451 
16529 54.396451 
16530 54.396449 
16531 54.396449 
16532 54.396449 
16533 54.396447 
16534 54.396446 
16535 54.396446 
16536 54.395781 
16537 54.395778 
16538 54.394197 
16539 54.394162 
16540 54.394072 
16541 54.394025 
16542 54.393992 
16543 54.393963 
16544 54.39394 
16545 54.393899 
16546 54.393875 
16547 54.393846 
16548 54.393821 
16549 54.393798 
16550 54.393773 
16551 54.393747 
16552 54.393725 
16553 54.393703 
16554 54.393684 
16555 54.393666 
16556 54.393651 
16557 54.393622 
16558 54.393601 
16559 54.393578 
16560 54.393552 
16561 54.393529 
16562 54.393515 
16563 54.393501 
16564 54.393489 
16565 54.393474 
16566 54.393457 
16567 54.393436 
16568 54.393405 
16569 54.393385 
16570 54.393368 
16571 54.393351 
16572 54.393344 
16573 54.39333 
16574 54.393317 
16575 54.3933 
16576 54.393289 
16577 54.393273 
16578 54.393255 
16579 54.393247 
16580 54.393235 
16581 54.393229 
16582 54.393219 
16583 54.393213 
16584 54.393205 
16585 54.393198 
16586 54.393192 
16587 54.393185 
16588 54.39318 
16589 54.393177 
16590 54.393172 
16591 54.39317 
16592 54.393168 
16593 54.393165 
16594 54.393161 
16595 54.393157 
16596 54.393271 
16597 54.393267 
16598 54.393258 
16599 54.393256 
16600 54.393254 
16601 54.393253 
16602 54.393253 
16603 54.393252 
16604 54.393252 
16605 54.393246 
16606 54.393246 
16607 54.393245 
16608 54.393245 
16609 54.393245 
16610 54.393245 
16611 54.393245 
16612 54.393244 
16613 54.393244 
16614 54.393244 
16615 54.393244 
16616 54.393244 
16617 54.393244 
16618 54.393244 
16619 54.393244 
16620 54.393244 
16621 54.393244 
16622 54.393244 
16623 54.393244 
16624 54.393243 
16625 54.393243 
16626 54.393243 
16627 54.393243 
16628 54.393243 
16629 54.393243 
16630 54.393243 
16631 54.393243 
16632 54.393243 
16633 54.393243 
16634 54.393243 
16635 54.393243 
16636 54.393243 
16637 54.393243 
16638 54.393243 
16639 54.393243 
16640 54.393243 
16641 54.393243 
16642 54.393243 
16643 54.393243 
16644 54.393243 
16645 54.393242 
16646 54.393242 
16647 54.393242 
16648 54.393242 
16649 54.393242 
16650 54.393242 
16651 54.393242 
16652 54.393242 
16653 54.393242 
16654 54.393242 
16655 54.393242 
16656 54.393242 
16657 54.393242 
16658 54.393242 
16659 54.393242 
16660 54.393242 
16661 54.393242 
16662 54.393242 
16663 54.393242 
16664 54.393242 
16665 54.393242 
16666 54.393242 
16667 54.393242 
16668 54.393242 
16669 54.393242 
16670 54.393242 
16671 54.393242 
16672 54.393242 
16673 54.393242 
16674 54.393242 
16675 54.393242 
16676 54.393242 
16677 54.393242 
16678 54.393242 
16679 54.393242 
16680 54.393242 
16681 54.393242 
16682 54.393241 
16683 54.393241 
16684 54.393241 
16685 54.393241 
16686 54.393241 
16687 54.393241 
16688 54.393241 
16689 54.393241 
16690 54.393241 
16691 54.393241 
16692 54.393241 
16693 54.393241 
16694 54.393241 
16695 54.393241 
16696 54.393241 
16697 54.393241 
16698 54.393241 
16699 54.393241 
16700 54.393241 
16701 54.393241 
16702 54.393241 
16703 54.393241 
16704 54.393241 
16705 54.393241 
16706 54.393241 
16707 54.393241 
16708 54.393241 
16709 54.393241 
16710 54.393241 
16711 54.393241 
16712 54.393241 
16713 54.393241 
16714 54.393241 
16715 54.393241 
16716 54.393241 
16717 54.393241 
16718 54.393241 
16719 54.393241 
16720 54.393241 
16721 54.393241 
16722 54.393241 
16723 54.393241 
16724 54.393241 
16725 54.393241 
16726 54.393241 
16727 54.393241 
16728 54.393241 
16729 54.393241 
16730 54.393241 
16731 54.393241 
16732 54.393241 
16733 54.39324 
16734 54.39324 
16735 54.39324 
16736 54.39324 
16737 54.39324 
16738 54.39324 
16739 54.39324 
16740 54.39324 
16741 54.39324 
16742 54.39324 
16743 54.39324 
16744 54.39324 
16745 54.39324 
16746 54.39324 
16747 54.39324 
16748 54.39324 
16749 54.39324 
16750 54.39324 
16751 54.39324 
16752 54.39324 
16753 54.39324 
16754 54.39324 
16755 54.39324 
16756 54.39324 
16757 54.39324 
16758 54.39324 
16759 54.39324 
16760 54.39324 
16761 54.39324 
16762 54.39324 
16763 54.39324 
16764 54.39324 
16765 54.39324 
16766 54.39324 
16767 54.39324 
16768 54.39324 
16769 54.39324 
16770 54.39324 
16771 54.39324 
16772 54.39324 
16773 54.39324 
16774 54.39324 
16775 54.39324 
16776 54.39324 
16777 54.39324 
16778 54.39324 
16779 54.39324 
16780 54.39324 
16781 54.39324 
16782 54.39324 
16783 54.39324 
16784 54.39324 
16785 54.39324 
16786 54.39324 
16787 54.39324 
16788 54.39324 
16789 54.39324 
16790 54.39324 
16791 54.39324 
16792 54.39324 
16793 54.39324 
16794 54.39324 
16795 54.39324 
16796 54.39324 
16797 54.39324 
16798 54.39324 
16799 54.39324 
16800 54.39324 
16801 54.39324 
16802 54.39324 
16803 54.39324 
16804 54.39324 
16805 54.39324 
16806 54.39324 
16807 54.39324 
16808 54.39324 
16809 54.39324 
16810 54.39324 
16811 54.39324 
16812 54.39324 
16813 54.39324 
16814 54.39324 
16815 54.39324 
16816 54.39324 
16817 54.39324 
16818 54.39324 
16819 54.39324 
16820 54.39324 
16821 54.39324 
16822 54.39324 
16823 54.39324 
16824 54.39324 
16825 54.39324 
16826 54.39324 
16827 54.39324 
16828 54.39324 
16829 54.39324 
16830 54.39324 
16831 54.39324 
16832 54.39324 
16833 54.39324 
16834 54.39324 
16835 54.39324 
16836 54.39324 
16837 54.39324 
16838 54.39324 
16839 54.39324 
16840 54.39324 
16841 54.39324 
16842 54.39324 
16843 54.39324 
16844 54.39324 
16845 54.39324 
16846 54.39324 
16847 54.39324 
16848 54.39324 
16849 54.393239 
16850 54.393239 
16851 54.393239 
16852 54.393239 
16853 54.393239 
16854 54.393239 
16855 54.393239 
16856 54.393239 
16857 54.393239 
16858 54.393239 
16859 54.393239 
16860 54.393239 
16861 54.393239 
16862 54.393239 
16863 54.393239 
16864 54.393239 
16865 54.393239 
16866 54.393239 
16867 54.393239 
16868 54.393239 
16869 54.393239 
16870 54.393239 
16871 54.393239 
16872 54.393239 
16873 54.393239 
16874 54.393239 
16875 54.393239 
16876 54.393239 
16877 54.393239 
16878 54.393239 
16879 54.393239 
16880 54.393239 
16881 54.393239 
16882 54.393239 
16883 54.393239 
16884 54.393239 
16885 54.393239 
16886 54.393239 
16887 54.393239 
16888 54.393239 
16889 54.393239 
16890 54.393239 
16891 54.393239 
16892 54.393239 
16893 54.393239 
16894 54.393239 
16895 54.393239 
16896 54.393239 
16897 54.393239 
16898 54.393239 
16899 54.393239 
16900 54.393239 
16901 54.393239 
16902 54.393239 
16903 54.393239 
16904 54.393239 
16905 54.393239 
16906 54.393239 
16907 54.393239 
16908 54.393239 
16909 54.393239 
16910 54.393239 
16911 54.393239 
16912 54.393239 
16913 54.393239 
16914 54.393239 
16915 54.393239 
16916 54.393239 
16917 54.393239 
16918 54.393239 
16919 54.393239 
16920 54.393239 
16921 54.393239 
16922 54.393239 
16923 54.393239 
16924 54.393239 
16925 54.393239 
16926 54.393239 
16927 54.393239 
16928 54.393239 
16929 54.393239 
16930 54.393239 
16931 54.393239 
16932 54.393239 
16933 54.393239 
16934 54.393239 
16935 54.393239 
16936 54.393239 
16937 54.393239 
16938 54.393239 
16939 54.393239 
16940 54.393239 
16941 54.393239 
16942 54.393239 
16943 54.393239 
16944 54.393239 
16945 54.393239 
16946 54.393239 
16947 54.393239 
16948 54.393239 
16949 54.393239 
16950 54.393239 
16951 54.393239 
16952 54.393239 
16953 54.393239 
16954 54.393239 
16955 54.393239 
16956 54.393239 
16957 54.393239 
16958 54.393239 
16959 54.393238 
16960 54.393238 
16961 54.393238 
16962 54.393238 
16963 54.393238 
16964 54.393238 
16965 54.393238 
16966 54.393238 
16967 54.393238 
16968 54.393238 
16969 54.393238 
16970 54.393238 
16971 54.393238 
16972 54.393238 
16973 54.393238 
16974 54.393238 
16975 54.393238 
16976 54.393238 
16977 54.393238 
16978 54.393238 
16979 54.393238 
16980 54.393238 
16981 54.393238 
16982 54.393238 
16983 54.393238 
16984 54.393238 
16985 54.393238 
16986 54.393238 
16987 54.393238 
16988 54.393238 
16989 54.393238 
16990 54.393238 
16991 54.393238 
16992 54.393238 
16993 54.393238 
16994 54.393238 
16995 54.393238 
16996 54.393238 
16997 54.393238 
16998 54.393238 
16999 54.393238 
17000 54.393238 
17001 54.393238 
17002 54.393238 
17003 54.393238 
17004 54.393238 
17005 54.393238 
17006 54.393238 
17007 54.393238 
17008 54.393238 
17009 54.393238 
17010 54.393238 
17011 54.393238 
17012 54.393238 
17013 54.393238 
17014 54.393238 
17015 54.393238 
17016 54.393238 
17017 54.393238 
17018 54.393238 
17019 54.393238 
17020 54.393238 
17021 54.393238 
17022 54.393238 
17023 54.393238 
17024 54.393238 
17025 54.393238 
17026 54.393238 
17027 54.393238 
17028 54.393238 
17029 54.393238 
17030 54.393238 
17031 54.393238 
17032 54.393238 
17033 54.393238 
17034 54.393238 
17035 54.393238 
17036 54.393238 
17037 54.393238 
17038 54.393238 
17039 54.393238 
17040 54.393238 
17041 54.393238 
17042 54.393238 
17043 54.393238 
17044 54.393238 
17045 54.393238 
17046 54.393238 
17047 54.393238 
17048 54.393238 
17049 54.393238 
17050 54.393238 
17051 54.393238 
17052 54.393238 
17053 54.393238 
17054 54.393238 
17055 54.393237 
17056 54.393237 
17057 54.393237 
17058 54.393237 
17059 54.393237 
17060 54.393237 
17061 54.393237 
17062 54.393237 
17063 54.393237 
17064 54.393237 
17065 54.393237 
17066 54.393237 
17067 54.393237 
17068 54.393237 
17069 54.393237 
17070 54.393237 
17071 54.393237 
17072 54.393237 
17073 54.393237 
17074 54.393237 
17075 54.393237 
17076 54.393237 
17077 54.393237 
17078 54.393237 
17079 54.393237 
17080 54.393237 
17081 54.393237 
17082 54.393237 
17083 54.393237 
17084 54.393237 
17085 54.393237 
17086 54.393237 
17087 54.393237 
17088 54.393237 
17089 54.393237 
17090 54.393237 
17091 54.393237 
17092 54.393237 
17093 54.393237 
17094 54.393237 
17095 54.393237 
17096 54.393237 
17097 54.393237 
17098 54.393237 
17099 54.393237 
17100 54.393237 
17101 54.393237 
17102 54.393237 
17103 54.393237 
17104 54.393237 
17105 54.393237 
17106 54.393237 
17107 54.393237 
17108 54.393237 
17109 54.393237 
17110 54.393237 
17111 54.393237 
17112 54.393237 
17113 54.393237 
17114 54.393237 
17115 54.393237 
17116 54.393237 
17117 54.393237 
17118 54.393237 
17119 54.393237 
17120 54.393237 
17121 54.393237 
17122 54.393237 
17123 54.393237 
17124 54.393237 
17125 54.393237 
17126 54.393237 
17127 54.393237 
17128 54.393237 
17129 54.393237 
17130 54.393237 
17131 54.393237 
17132 54.393237 
17133 54.393237 
17134 54.393237 
17135 54.393236 
17136 54.393236 
17137 54.393236 
17138 54.393236 
17139 54.393236 
17140 54.393236 
17141 54.393236 
17142 54.393236 
17143 54.393236 
17144 54.393236 
17145 54.393236 
17146 54.393236 
17147 54.393236 
17148 54.393236 
17149 54.393236 
17150 54.393236 
17151 54.393236 
17152 54.393236 
17153 54.393236 
17154 54.393236 
17155 54.393236 
17156 54.393236 
17157 54.393236 
17158 54.393236 
17159 54.393236 
17160 54.393236 
17161 54.393236 
17162 54.393236 
17163 54.393236 
17164 54.393236 
17165 54.393236 
17166 54.393236 
17167 54.393236 
17168 54.393236 
17169 54.393236 
17170 54.393236 
17171 54.393236 
17172 54.393236 
17173 54.393236 
17174 54.393236 
17175 54.393236 
17176 54.393236 
17177 54.393236 
17178 54.393236 
17179 54.393236 
17180 54.393235 
17181 54.393235 
17182 54.393235 
17183 54.393235 
17184 54.393235 
17185 54.393235 
17186 54.393235 
17187 54.393235 
17188 54.393235 
17189 54.393235 
17190 54.393235 
17191 54.393234 
17192 54.393234 
17193 54.393234 
17194 54.393233 
17195 54.393231 
17196 54.393231 
17197 54.393231 
17198 54.39323 
17199 54.39323 
17200 54.39323 
17201 54.39323 
17202 54.39323 
17203 54.393229 
17204 54.393229 
17205 54.393229 
17206 54.393229 
17207 54.393228 
17208 54.393228 
17209 54.393228 
17210 54.393227 
17211 54.393227 
17212 54.393227 
17213 54.393227 
17214 54.393226 
17215 54.393226 
17216 54.393225 
17217 54.393225 
17218 54.393225 
17219 54.393224 
17220 54.393224 
17221 54.393223 
17222 54.393222 
17223 54.393221 
17224 54.39322 
17225 54.393219 
17226 54.393218 
17227 54.393217 
17228 54.393216 
17229 54.393214 
17230 54.393214 
17231 54.393214 
17232 54.393214 
17233 54.393214 
17234 54.393214 
17235 54.393212 
17236 54.39321 
17237 54.393208 
17238 54.393204 
17239 54.393202 
17240 54.393201 
17241 54.3932 
17242 54.3932 
17243 54.393199 
17244 54.393198 
17245 54.393191 
17246 54.393186 
17247 54.393186 
17248 54.393186 
17249 54.393186 
17250 54.393186 
17251 54.393186 
17252 54.393186 
17253 54.393185 
17254 54.393185 
17255 54.393185 
17256 54.393185 
17257 54.393185 
17258 54.393185 
17259 54.393185 
17260 54.393185 
17261 54.393185 
17262 54.393185 
17263 54.393185 
17264 54.393185 
17265 54.393185 
17266 54.393184 
17267 54.393184 
17268 54.393178 
17269 54.393178 
17270 54.393177 
17271 54.393171 
17272 54.39317 
17273 54.393169 
17274 54.393168 
17275 54.393159 
17276 54.393153 
17277 54.393153 
17278 54.393152 
17279 54.393152 
17280 54.393151 
17281 54.393148 
17282 54.393148 
17283 54.393145 
17284 54.393145 
17285 54.393144 
17286 54.393122 
17287 54.393121 
17288 54.393118 
17289 54.393116 
17290 54.393116 
17291 54.39311 
17292 54.39311 
17293 54.393109 
17294 54.393109 
17295 54.393108 
17296 54.393072 
17297 54.393071 
17298 54.393069 
17299 54.393067 
17300 54.393066 
17301 54.393064 
17302 54.393063 
17303 54.393062 
17304 54.39306 
17305 54.39306 
17306 54.393028 
17307 54.393028 
17308 54.393026 
17309 54.393024 
17310 54.393022 
17311 54.393018 
17312 54.393017 
17313 54.393017 
17314 54.393017 
17315 54.393017 
17316 54.393017 
17317 54.393017 
17318 54.393017 
17319 54.393016 
17320 54.393016 
17321 54.393001 
17322 54.393 
17323 54.392999 
17324 54.392997 
17325 54.39299 
17326 54.392989 
17327 54.392988 
17328 54.392985 
17329 54.392983 
17330 54.392967 
17331 54.392967 
17332 54.392967 
17333 54.392967 
17334 54.392966 
17335 54.392966 
17336 54.392964 
17337 54.392925 
17338 54.392924 
17339 54.392924 
17340 54.392923 
17341 54.392923 
17342 54.392921 
17343 54.392919 
17344 54.392908 
17345 54.392907 
17346 54.392907 
17347 54.392907 
17348 54.392907 
17349 54.392907 
17350 54.392907 
17351 54.392907 
17352 54.392907 
17353 54.392907 
17354 54.392907 
17355 54.392907 
17356 54.392907 
17357 54.392907 
17358 54.392907 
17359 54.392907 
17360 54.392907 
17361 54.392907 
17362 54.392907 
17363 54.392907 
17364 54.392907 
17365 54.392907 
17366 54.392907 
17367 54.392907 
17368 54.392907 
17369 54.392907 
17370 54.392907 
17371 54.392907 
17372 54.392906 
17373 54.392906 
17374 54.392906 
17375 54.392906 
17376 54.392905 
17377 54.392893 
17378 54.392893 
17379 54.392893 
17380 54.392893 
17381 54.392893 
17382 54.392893 
17383 54.392892 
17384 54.392892 
17385 54.392888 
17386 54.392888 
17387 54.392887 
17388 54.392884 
17389 54.392883 
17390 54.392851 
17391 54.392851 
17392 54.392851 
17393 54.392851 
17394 54.39285 
17395 54.39285 
17396 54.39285 
17397 54.39285 
17398 54.39285 
17399 54.39285 
17400 54.39285 
17401 54.39285 
17402 54.39285 
17403 54.39285 
17404 54.392849 
17405 54.392849 
17406 54.392847 
17407 54.392846 
17408 54.392844 
17409 54.392843 
17410 54.392821 
17411 54.39282 
17412 54.39282 
17413 54.39282 
17414 54.39282 
17415 54.39282 
17416 54.39282 
17417 54.39282 
17418 54.39282 
17419 54.39282 
17420 54.39282 
17421 54.39282 
17422 54.39282 
17423 54.392819 
17424 54.392819 
17425 54.392819 
17426 54.392819 
17427 54.392819 
17428 54.392818 
17429 54.392809 
17430 54.392808 
17431 54.392808 
17432 54.392805 
17433 54.392803 
17434 54.392801 
17435 54.392799 
17436 54.392791 
17437 54.392791 
17438 54.392791 
17439 54.39279 
17440 54.392775 
17441 54.392775 
17442 54.392775 
17443 54.392775 
17444 54.392775 
17445 54.392774 
17446 54.392774 
17447 54.392774 
17448 54.392773 
17449 54.392757 
17450 54.392756 
17451 54.392751 
17452 54.392751 
17453 54.39275 
17454 54.392717 
17455 54.392715 
17456 54.392715 
17457 54.392715 
17458 54.392715 
17459 54.392715 
17460 54.392715 
17461 54.392715 
17462 54.392715 
17463 54.392715 
17464 54.392715 
17465 54.392715 
17466 54.392715 
17467 54.392715 
17468 54.392715 
17469 54.392715 
17470 54.392715 
17471 54.392715 
17472 54.392714 
17473 54.392714 
17474 54.392714 
17475 54.392714 
17476 54.392714 
17477 54.392714 
17478 54.392714 
17479 54.392714 
17480 54.392714 
17481 54.392714 
17482 54.392714 
17483 54.392714 
17484 54.392714 
17485 54.392714 
17486 54.392714 
17487 54.392714 
17488 54.392714 
17489 54.392714 
17490 54.392713 
17491 54.392693 
17492 54.392693 
17493 54.392692 
17494 54.392692 
17495 54.392691 
17496 54.39269 
17497 54.392686 
17498 54.392683 
17499 54.392678 
17500 54.392676 
17501 54.392675 
17502 54.392672 
17503 54.392672 
17504 54.392671 
17505 54.392649 
17506 54.392649 
17507 54.392648 
17508 54.392647 
17509 54.392646 
17510 54.392644 
17511 54.392643 
17512 54.392607 
17513 54.392588 
17514 54.392588 
17515 54.392588 
17516 54.392588 
17517 54.392588 
17518 54.392588 
17519 54.392588 
17520 54.392588 
17521 54.392588 
17522 54.392588 
17523 54.392588 
17524 54.392588 
17525 54.392588 
17526 54.392588 
17527 54.392588 
17528 54.392588 
17529 54.392588 
17530 54.392588 
17531 54.392588 
17532 54.392588 
17533 54.392588 
17534 54.392588 
17535 54.392588 
17536 54.392588 
17537 54.392587 
17538 54.392587 
17539 54.392587 
17540 54.392587 
17541 54.392586 
17542 54.392539 
17543 54.392536 
17544 54.392536 
17545 54.392536 
17546 54.392536 
17547 54.392536 
17548 54.392536 
17549 54.392536 
17550 54.392536 
17551 54.392536 
17552 54.392536 
17553 54.392536 
17554 54.392536 
17555 54.392536 
17556 54.392536 
17557 54.392536 
17558 54.392536 
17559 54.392536 
17560 54.392536 
17561 54.392536 
17562 54.392536 
17563 54.392536 
17564 54.392536 
17565 54.392536 
17566 54.392536 
17567 54.392536 
17568 54.392536 
17569 54.392536 
17570 54.392536 
17571 54.392536 
17572 54.392536 
17573 54.392536 
17574 54.392536 
17575 54.392536 
17576 54.392536 
17577 54.392536 
17578 54.392536 
17579 54.392536 
17580 54.392536 
17581 54.392536 
17582 54.392536 
17583 54.392535 
17584 54.392535 
17585 54.392535 
17586 54.392535 
17587 54.392535 
17588 54.392535 
17589 54.392534 
17590 54.392487 
17591 54.392484 
17592 54.392481 
17593 54.392481 
17594 54.392481 
17595 54.392481 
17596 54.392481 
17597 54.392481 
17598 54.392481 
17599 54.392481 
17600 54.392481 
17601 54.39248 
17602 54.39248 
17603 54.392479 
17604 54.392476 
17605 54.392476 
17606 54.392475 
17607 54.392474 
17608 54.392472 
17609 54.392472 
17610 54.39247 
17611 54.392469 
17612 54.392468 
17613 54.392467 
17614 54.392466 
17615 54.392462 
17616 54.392462 
17617 54.392462 
17618 54.392461 
17619 54.392456 
17620 54.392456 
17621 54.392456 
17622 54.392456 
17623 54.392455 
17624 54.392397 
17625 54.392395 
17626 54.39239 
17627 54.39239 
17628 54.392389 
17629 54.392388 
17630 54.392369 
17631 54.392367 
17632 54.392367 
17633 54.392367 
17634 54.392366 
17635 54.392365 
17636 54.392338 
17637 54.392336 
17638 54.392335 
17639 54.392334 
17640 54.39233 
17641 54.392317 
17642 54.392317 
17643 54.392316 
17644 54.392316 
17645 54.392314 
17646 54.392309 
17647 54.392308 
17648 54.392299 
17649 54.392298 
17650 54.392298 
17651 54.392298 
17652 54.392298 
17653 54.392298 
17654 54.392298 
17655 54.392298 
17656 54.392298 
17657 54.392298 
17658 54.392298 
17659 54.392298 
17660 54.392298 
17661 54.392298 
17662 54.392298 
17663 54.392298 
17664 54.392298 
17665 54.392298 
17666 54.392298 
17667 54.392298 
17668 54.392298 
17669 54.392297 
17670 54.392297 
17671 54.392297 
17672 54.392288 
17673 54.392288 
17674 54.392288 
17675 54.392287 
17676 54.392283 
17677 54.392283 
17678 54.392282 
17679 54.392278 
17680 54.392278 
17681 54.392277 
17682 54.392272 
17683 54.392271 
17684 54.392271 
17685 54.39227 
17686 54.392267 
17687 54.392267 
17688 54.392241 
17689 54.392241 
17690 54.392241 
17691 54.392241 
17692 54.392241 
17693 54.392241 
17694 54.392241 
17695 54.392241 
17696 54.39224 
17697 54.39224 
17698 54.392238 
17699 54.392237 
17700 54.392229 
17701 54.392228 
17702 54.392228 
17703 54.392228 
17704 54.392228 
17705 54.392228 
17706 54.392228 
17707 54.392227 
17708 54.392201 
17709 54.392201 
17710 54.392201 
17711 54.392201 
17712 54.392201 
17713 54.392201 
17714 54.392201 
17715 54.392201 
17716 54.392201 
17717 54.392201 
17718 54.392201 
17719 54.392201 
17720 54.392201 
17721 54.392201 
17722 54.392201 
17723 54.392201 
17724 54.392201 
17725 54.392201 
17726 54.392201 
17727 54.392201 
17728 54.392201 
17729 54.392201 
17730 54.392201 
17731 54.392201 
17732 54.392201 
17733 54.3922 
17734 54.3922 
17735 54.3922 
17736 54.3922 
17737 54.3922 
17738 54.392196 
17739 54.392196 
17740 54.392195 
17741 54.39219 
17742 54.39219 
17743 54.392189 
17744 54.392186 
17745 54.392185 
17746 54.392185 
17747 54.392182 
17748 54.392181 
17749 54.392179 
17750 54.392178 
17751 54.392177 
17752 54.392169 
17753 54.392169 
17754 54.392168 
17755 54.392168 
17756 54.392168 
17757 54.392168 
17758 54.392168 
17759 54.392167 
17760 54.392128 
17761 54.392128 
17762 54.392127 
17763 54.392127 
17764 54.392127 
17765 54.392127 
17766 54.392127 
17767 54.392127 
17768 54.392127 
17769 54.392127 
17770 54.392127 
17771 54.392127 
17772 54.392127 
17773 54.392127 
17774 54.392126 
17775 54.392126 
17776 54.39198 
17777 54.391975 
17778 54.391975 
17779 54.391975 
17780 54.391974 
17781 54.391974 
17782 54.391974 
17783 54.391974 
17784 54.391974 
17785 54.391974 
17786 54.391974 
17787 54.391974 
17788 54.391974 
17789 54.391974 
17790 54.391974 
17791 54.391974 
17792 54.391973 
17793 54.391973 
17794 54.391973 
17795 54.391972 
17796 54.391966 
17797 54.391964 
17798 54.391964 
17799 54.391964 
17800 54.391962 
17801 54.391958 
17802 54.391958 
17803 54.391957 
17804 54.391948 
17805 54.391948 
17806 54.391948 
17807 54.391948 
17808 54.391948 
17809 54.391948 
17810 54.391947 
17811 54.391921 
17812 54.391921 
17813 54.391921 
17814 54.391921 
17815 54.391921 
17816 54.391921 
17817 54.391921 
17818 54.391921 
17819 54.391921 
17820 54.391921 
17821 54.39192 
17822 54.39192 
17823 54.391919 
17824 54.3919 
17825 54.3919 
17826 54.3919 
17827 54.391899 
17828 54.391899 
17829 54.391897 
17830 54.391896 
17831 54.391893 
17832 54.391892 
17833 54.391885 
17834 54.391885 
17835 54.391885 
17836 54.391885 
17837 54.391884 
17838 54.391884 
17839 54.391882 
17840 54.391882 
17841 54.391874 
17842 54.391874 
17843 54.391874 
17844 54.391874 
17845 54.391874 
17846 54.391873 
17847 54.391872 
17848 54.391871 
17849 54.391863 
17850 54.391862 
17851 54.391862 
17852 54.391862 
17853 54.391797 
17854 54.391794 
17855 54.391794 
17856 54.391794 
17857 54.391794 
17858 54.391794 
17859 54.391794 
17860 54.391794 
17861 54.391794 
17862 54.391794 
17863 54.391794 
17864 54.391794 
17865 54.391794 
17866 54.391794 
17867 54.391794 
17868 54.391794 
17869 54.391794 
17870 54.391794 
17871 54.391794 
17872 54.391794 
17873 54.391794 
17874 54.391794 
17875 54.391794 
17876 54.391794 
17877 54.391794 
17878 54.391794 
17879 54.391794 
17880 54.391794 
17881 54.391794 
17882 54.391794 
17883 54.391794 
17884 54.391794 
17885 54.391794 
17886 54.391794 
17887 54.391794 
17888 54.391794 
17889 54.391794 
17890 54.391794 
17891 54.391794 
17892 54.391794 
17893 54.391794 
17894 54.391794 
17895 54.391794 
17896 54.391794 
17897 54.391794 
17898 54.391794 
17899 54.391794 
17900 54.391794 
17901 54.391794 
17902 54.391794 
17903 54.391794 
17904 54.391794 
17905 54.391794 
17906 54.391794 
17907 54.391794 
17908 54.391794 
17909 54.391794 
17910 54.391794 
17911 54.391794 
17912 54.391794 
17913 54.391794 
17914 54.391794 
17915 54.391794 
17916 54.391794 
17917 54.391794 
17918 54.391794 
17919 54.391794 
17920 54.391794 
17921 54.391794 
17922 54.391794 
17923 54.391794 
17924 54.391794 
17925 54.391794 
17926 54.391794 
17927 54.391794 
17928 54.391794 
17929 54.391794 
17930 54.391794 
17931 54.391794 
17932 54.391794 
17933 54.391794 
17934 54.391794 
17935 54.391794 
17936 54.391794 
17937 54.391794 
17938 54.391794 
17939 54.391794 
17940 54.391794 
17941 54.391794 
17942 54.391794 
17943 54.391794 
17944 54.391794 
17945 54.391794 
17946 54.391794 
17947 54.391794 
17948 54.391794 
17949 54.391794 
17950 54.391794 
17951 54.391794 
17952 54.391794 
17953 54.391794 
17954 54.391794 
17955 54.391794 
17956 54.391794 
17957 54.391794 
17958 54.391794 
17959 54.391794 
17960 54.391794 
17961 54.391794 
17962 54.391794 
17963 54.391794 
17964 54.391794 
17965 54.391794 
17966 54.391794 
17967 54.391794 
17968 54.391794 
17969 54.391794 
17970 54.391794 
17971 54.391794 
17972 54.391794 
17973 54.391794 
17974 54.391794 
17975 54.391794 
17976 54.391794 
17977 54.391794 
17978 54.391794 
17979 54.391794 
17980 54.391794 
17981 54.391794 
17982 54.391794 
17983 54.391794 
17984 54.391794 
17985 54.391794 
17986 54.391794 
17987 54.391794 
17988 54.391794 
17989 54.391794 
17990 54.391794 
17991 54.391794 
17992 54.391794 
17993 54.391794 
17994 54.391794 
17995 54.391794 
17996 54.391794 
17997 54.391794 
17998 54.391794 
17999 54.391794 
18000 54.391794 
18001 54.391794 
18002 54.391794 
18003 54.391794 
18004 54.391794 
18005 54.391794 
18006 54.391794 
18007 54.391794 
18008 54.391794 
18009 54.391794 
18010 54.391794 
18011 54.391794 
18012 54.391794 
18013 54.391794 
18014 54.391794 
18015 54.391794 
18016 54.391794 
18017 54.391794 
18018 54.391794 
18019 54.391794 
18020 54.391794 
18021 54.391794 
18022 54.391794 
18023 54.391794 
18024 54.391794 
18025 54.391794 
18026 54.391794 
18027 54.391794 
18028 54.391794 
18029 54.391794 
18030 54.391794 
18031 54.391794 
18032 54.391794 
18033 54.391794 
18034 54.391794 
18035 54.391794 
18036 54.391794 
18037 54.391794 
18038 54.391794 
18039 54.391794 
18040 54.391794 
18041 54.391794 
18042 54.391794 
18043 54.391794 
18044 54.391794 
18045 54.391794 
18046 54.391794 
18047 54.391794 
18048 54.391794 
18049 54.391794 
18050 54.391794 
18051 54.391794 
18052 54.391794 
18053 54.391794 
18054 54.391793 
18055 54.391793 
18056 54.391793 
18057 54.391793 
18058 54.391793 
18059 54.391793 
18060 54.391793 
18061 54.391793 
18062 54.391793 
18063 54.391793 
18064 54.391793 
18065 54.391793 
18066 54.391793 
18067 54.391793 
18068 54.391793 
18069 54.391793 
18070 54.391793 
18071 54.391793 
18072 54.391793 
18073 54.391793 
18074 54.391793 
18075 54.391793 
18076 54.391793 
18077 54.391793 
18078 54.391792 
18079 54.391791 
18080 54.391789 
18081 54.391788 
18082 54.391786 
18083 54.391786 
18084 54.391785 
18085 54.391783 
18086 54.391782 
18087 54.391736 
18088 54.391735 
18089 54.391735 
18090 54.391735 
18091 54.391735 
18092 54.391735 
18093 54.391735 
18094 54.391735 
18095 54.391735 
18096 54.391733 
18097 54.391732 
18098 54.391732 
18099 54.391724 
18100 54.391724 
18101 54.391724 
18102 54.391723 
18103 54.391723 
18104 54.39169 
18105 54.39169 
18106 54.39169 
18107 54.39169 
18108 54.39169 
18109 54.39169 
18110 54.39169 
18111 54.39169 
18112 54.39169 
18113 54.39169 
18114 54.39169 
18115 54.39169 
18116 54.39169 
18117 54.39169 
18118 54.39169 
18119 54.39169 
18120 54.39169 
18121 54.39169 
18122 54.39169 
18123 54.39169 
18124 54.39169 
18125 54.39169 
18126 54.39169 
18127 54.39169 
18128 54.39169 
18129 54.39169 
18130 54.39169 
18131 54.39169 
18132 54.39169 
18133 54.39169 
18134 54.39169 
18135 54.39169 
18136 54.391689 
18137 54.391689 
18138 54.391686 
18139 54.391686 
18140 54.391686 
18141 54.391686 
18142 54.391686 
18143 54.391685 
18144 54.391682 
18145 54.391682 
18146 54.391681 
18147 54.39168 
18148 54.391676 
18149 54.391676 
18150 54.391676 
18151 54.391676 
18152 54.391676 
18153 54.391671 
18154 54.391671 
18155 54.391671 
18156 54.391671 
18157 54.391593 
18158 54.391576 
18159 54.391576 
18160 54.391576 
18161 54.391576 
18162 54.391576 
18163 54.391576 
18164 54.391576 
18165 54.391576 
18166 54.391576 
18167 54.391576 
18168 54.391576 
18169 54.391576 
18170 54.391576 
18171 54.391576 
18172 54.391576 
18173 54.391576 
18174 54.391576 
18175 54.391576 
18176 54.391576 
18177 54.391576 
18178 54.391576 
18179 54.391576 
18180 54.391576 
18181 54.391576 
18182 54.391576 
18183 54.391576 
18184 54.391576 
18185 54.391576 
18186 54.391576 
18187 54.391576 
18188 54.391576 
18189 54.391576 
18190 54.391576 
18191 54.391576 
18192 54.391576 
18193 54.391576 
18194 54.391576 
18195 54.391576 
18196 54.391576 
18197 54.391576 
18198 54.391576 
18199 54.391576 
18200 54.391576 
18201 54.391575 
18202 54.391575 
18203 54.391575 
18204 54.391575 
18205 54.391575 
18206 54.391575 
18207 54.391575 
18208 54.391575 
18209 54.391575 
18210 54.391575 
18211 54.391575 
18212 54.391575 
18213 54.391575 
18214 54.391575 
18215 54.391575 
18216 54.391575 
18217 54.391575 
18218 54.391575 
18219 54.391575 
18220 54.391575 
18221 54.391575 
18222 54.391575 
18223 54.391575 
18224 54.391575 
18225 54.391575 
18226 54.391575 
18227 54.391575 
18228 54.391575 
18229 54.391575 
18230 54.391575 
18231 54.391575 
18232 54.391575 
18233 54.391575 
18234 54.391575 
18235 54.391575 
18236 54.391575 
18237 54.391575 
18238 54.391575 
18239 54.391575 
18240 54.391575 
18241 54.391575 
18242 54.391575 
18243 54.391575 
18244 54.391575 
18245 54.391575 
18246 54.391575 
18247 54.391575 
18248 54.391575 
18249 54.391575 
18250 54.391575 
18251 54.391575 
18252 54.391575 
18253 54.391575 
18254 54.391575 
18255 54.391575 
18256 54.391575 
18257 54.391575 
18258 54.391575 
18259 54.391575 
18260 54.391575 
18261 54.391575 
18262 54.391575 
18263 54.391574 
18264 54.391574 
18265 54.391574 
18266 54.391574 
18267 54.391574 
18268 54.391573 
18269 54.391556 
18270 54.391556 
18271 54.391556 
18272 54.391556 
18273 54.391556 
18274 54.391555 
18275 54.391555 
18276 54.391555 
18277 54.391553 
18278 54.391553 
18279 54.391552 
18280 54.391505 
18281 54.3915 
18282 54.3915 
18283 54.3915 
18284 54.391499 
18285 54.391499 
18286 54.391499 
18287 54.391499 
18288 54.391499 
18289 54.391499 
18290 54.391499 
18291 54.391499 
18292 54.391498 
18293 54.391498 
18294 54.391498 
18295 54.391498 
18296 54.391497 
18297 54.391497 
18298 54.391496 
18299 54.391495 
18300 54.391493 
18301 54.39149 
18302 54.391466 
18303 54.391465 
18304 54.391457 
18305 54.391452 
18306 54.391452 
18307 54.391452 
18308 54.391452 
18309 54.391452 
18310 54.391452 
18311 54.391452 
18312 54.391452 
18313 54.391451 
18314 54.391451 
18315 54.391451 
18316 54.391451 
18317 54.391451 
18318 54.391451 
18319 54.391451 
18320 54.391451 
18321 54.391451 
18322 54.391451 
18323 54.391451 
18324 54.391445 
18325 54.391445 
18326 54.391445 
18327 54.391445 
18328 54.391445 
18329 54.391445 
18330 54.391444 
18331 54.391444 
18332 54.391444 
18333 54.391444 
18334 54.391444 
18335 54.391444 
18336 54.391443 
18337 54.391443 
18338 54.391442 
18339 54.391435 
18340 54.391434 
18341 54.391434 
18342 54.391434 
18343 54.391415 
18344 54.391414 
18345 54.391414 
18346 54.391412 
18347 54.391409 
18348 54.391409 
18349 54.391408 
18350 54.391405 
18351 54.391405 
18352 54.391402 
18353 54.391402 
18354 54.391401 
18355 54.3914 
18356 54.391396 
18357 54.391396 
18358 54.391396 
18359 54.391396 
18360 54.391396 
18361 54.391395 
18362 54.391107 
18363 54.39107 
18364 54.39107 
18365 54.39107 
18366 54.39107 
18367 54.39107 
18368 54.39107 
18369 54.39107 
18370 54.39107 
18371 54.39107 
18372 54.39107 
18373 54.39107 
18374 54.39107 
18375 54.39107 
18376 54.39107 
18377 54.39107 
18378 54.39107 
18379 54.39107 
18380 54.39107 
18381 54.39107 
18382 54.39107 
18383 54.39107 
18384 54.39107 
18385 54.39107 
18386 54.39107 
18387 54.39107 
18388 54.39107 
18389 54.391069 
18390 54.391069 
18391 54.391069 
18392 54.391068 
18393 54.391068 
18394 54.391061 
18395 54.391061 
18396 54.391061 
18397 54.391061 
18398 54.39106 
18399 54.39106 
18400 54.39106 
18401 54.39106 
18402 54.39106 
18403 54.39106 
18404 54.39106 
18405 54.39106 
18406 54.39106 
18407 54.39106 
18408 54.39106 
18409 54.39106 
18410 54.39106 
18411 54.39106 
18412 54.39106 
18413 54.39106 
18414 54.39106 
18415 54.39106 
18416 54.39106 
18417 54.39106 
18418 54.39106 
18419 54.39106 
18420 54.39106 
18421 54.39106 
18422 54.39106 
18423 54.39106 
18424 54.39106 
18425 54.39106 
18426 54.39106 
18427 54.39106 
18428 54.39106 
18429 54.39106 
18430 54.39106 
18431 54.39106 
18432 54.39106 
18433 54.39106 
18434 54.39106 
18435 54.39106 
18436 54.39106 
18437 54.39106 
18438 54.39106 
18439 54.39106 
18440 54.39106 
18441 54.39106 
18442 54.39106 
18443 54.39106 
18444 54.39106 
18445 54.39106 
18446 54.39106 
18447 54.39106 
18448 54.39106 
18449 54.39106 
18450 54.39106 
18451 54.39106 
18452 54.39106 
18453 54.39106 
18454 54.39106 
18455 54.39106 
18456 54.39106 
18457 54.39106 
18458 54.39106 
18459 54.39106 
18460 54.39106 
18461 54.39106 
18462 54.39106 
18463 54.39106 
18464 54.39106 
18465 54.39106 
18466 54.391059 
18467 54.391059 
18468 54.391059 
18469 54.391059 
18470 54.391059 
18471 54.391059 
18472 54.391059 
18473 54.391059 
18474 54.391059 
18475 54.391059 
18476 54.391059 
18477 54.391059 
18478 54.391059 
18479 54.391058 
18480 54.391058 
18481 54.391035 
18482 54.391035 
18483 54.391035 
18484 54.391034 
18485 54.391034 
18486 54.391034 
18487 54.391034 
18488 54.391034 
18489 54.391034 
18490 54.391033 
18491 54.391033 
18492 54.391032 
18493 54.391028 
18494 54.391027 
18495 54.391024 
18496 54.391017 
18497 54.391016 
18498 54.391015 
18499 54.391014 
18500 54.390986 
18501 54.390986 
18502 54.390986 
18503 54.390986 
18504 54.390986 
18505 54.390985 
18506 54.390985 
18507 54.390985 
18508 54.390985 
18509 54.390985 
18510 54.390985 
18511 54.390985 
18512 54.390985 
18513 54.390985 
18514 54.390985 
18515 54.390985 
18516 54.390985 
18517 54.390985 
18518 54.390985 
18519 54.390985 
18520 54.390985 
18521 54.390985 
18522 54.390985 
18523 54.390984 
18524 54.390984 
18525 54.390983 
18526 54.390916 
18527 54.390916 
18528 54.390916 
18529 54.390916 
18530 54.390916 
18531 54.390916 
18532 54.390916 
18533 54.390916 
18534 54.390916 
18535 54.390916 
18536 54.390916 
18537 54.390916 
18538 54.390916 
18539 54.390915 
18540 54.390915 
18541 54.390915 
18542 54.390915 
18543 54.390915 
18544 54.390915 
18545 54.390915 
18546 54.390914 
18547 54.390914 
18548 54.390913 
18549 54.390912 
18550 54.390908 
18551 54.390905 
18552 54.390905 
18553 54.390904 
18554 54.390893 
18555 54.390893 
18556 54.390893 
18557 54.390893 
18558 54.390893 
18559 54.390893 
18560 54.390893 
18561 54.390893 
18562 54.390893 
18563 54.390893 
18564 54.390893 
18565 54.390893 
18566 54.390893 
18567 54.390892 
18568 54.390889 
18569 54.390889 
18570 54.390889 
18571 54.390888 
18572 54.390885 
18573 54.390884 
18574 54.390884 
18575 54.390884 
18576 54.390881 
18577 54.39088 
18578 54.39088 
18579 54.390872 
18580 54.390872 
18581 54.390872 
18582 54.390872 
18583 54.390872 
18584 54.390872 
18585 54.390871 
18586 54.390859 
18587 54.390858 
18588 54.390858 
18589 54.390858 
18590 54.390858 
18591 54.390858 
18592 54.390857 
18593 54.390857 
18594 54.390845 
18595 54.390844 
18596 54.390843 
18597 54.390835 
18598 54.390822 
18599 54.390821 
18600 54.390821 
18601 54.39082 
18602 54.39082 
18603 54.390819 
18604 54.390818 
18605 54.390818 
18606 54.390817 
18607 54.390815 
18608 54.390815 
18609 54.390815 
18610 54.390815 
18611 54.390815 
18612 54.390815 
18613 54.390815 
18614 54.390815 
18615 54.390815 
18616 54.390815 
18617 54.390815 
18618 54.390815 
18619 54.390815 
18620 54.390814 
18621 54.390814 
18622 54.390814 
18623 54.390814 
18624 54.390814 
18625 54.390814 
18626 54.390813 
18627 54.390812 
18628 54.390811 
18629 54.390811 
18630 54.390811 
18631 54.390811 
18632 54.390811 
18633 54.390811 
18634 54.390811 
18635 54.390811 
18636 54.39081 
18637 54.39081 
18638 54.390808 
18639 54.390795 
18640 54.390755 
18641 54.390755 
18642 54.390755 
18643 54.390755 
18644 54.390755 
18645 54.390755 
18646 54.390755 
18647 54.390755 
18648 54.390755 
18649 54.390755 
18650 54.390755 
18651 54.390755 
18652 54.390755 
18653 54.390754 
18654 54.390754 
18655 54.390754 
18656 54.390754 
18657 54.390754 
18658 54.390754 
18659 54.390754 
18660 54.390754 
18661 54.390754 
18662 54.390754 
18663 54.390754 
18664 54.390754 
18665 54.390754 
18666 54.390754 
18667 54.390754 
18668 54.390754 
18669 54.390754 
18670 54.390753 
18671 54.390753 
18672 54.390753 
18673 54.390753 
18674 54.390753 
18675 54.390753 
18676 54.390753 
18677 54.390753 
18678 54.390752 
18679 54.390752 
18680 54.390751 
18681 54.390751 
18682 54.39075 
18683 54.39075 
18684 54.39075 
18685 54.39075 
18686 54.390749 
18687 54.390749 
18688 54.390749 
18689 54.390748 
18690 54.390748 
18691 54.390748 
18692 54.390747 
18693 54.390743 
18694 54.390736 
18695 54.390735 
18696 54.390724 
18697 54.390724 
18698 54.390724 
18699 54.390719 
18700 54.390718 
18701 54.390717 
18702 54.390713 
18703 54.39071 
18704 54.390709 
18705 54.390708 
18706 54.390708 
18707 54.390707 
18708 54.390704 
18709 54.390703 
18710 54.390701 
18711 54.390701 
18712 54.390701 
18713 54.390686 
18714 54.390686 
18715 54.390686 
18716 54.390686 
18717 54.390686 
18718 54.390686 
18719 54.390686 
18720 54.390686 
18721 54.390686 
18722 54.390686 
18723 54.390686 
18724 54.390686 
18725 54.390686 
18726 54.390686 
18727 54.390686 
18728 54.390686 
18729 54.390686 
18730 54.390686 
18731 54.390686 
18732 54.390686 
18733 54.390685 
18734 54.390685 
18735 54.390685 
18736 54.390685 
18737 54.390685 
18738 54.390685 
18739 54.390685 
18740 54.390685 
18741 54.390685 
18742 54.390685 
18743 54.390685 
18744 54.390685 
18745 54.390685 
18746 54.390685 
18747 54.390685 
18748 54.390685 
18749 54.390685 
18750 54.390685 
18751 54.390685 
18752 54.390685 
18753 54.390685 
18754 54.390685 
18755 54.390685 
18756 54.390685 
18757 54.390685 
18758 54.390685 
18759 54.390684 
18760 54.39068 
18761 54.39068 
18762 54.39068 
18763 54.39068 
18764 54.39068 
18765 54.39068 
18766 54.390679 
18767 54.390679 
18768 54.390671 
18769 54.390671 
18770 54.390671 
18771 54.390671 
18772 54.390671 
18773 54.390671 
18774 54.390671 
18775 54.390671 
18776 54.39067 
18777 54.39067 
18778 54.39067 
18779 54.39067 
18780 54.390669 
18781 54.390669 
18782 54.390667 
18783 54.390667 
18784 54.390667 
18785 54.390666 
18786 54.390666 
18787 54.390197 
18788 54.390195 
18789 54.390177 
18790 54.390177 
18791 54.390177 
18792 54.390177 
18793 54.390177 
18794 54.390177 
18795 54.390177 
18796 54.390177 
18797 54.390177 
18798 54.390177 
18799 54.390177 
18800 54.390176 
18801 54.390176 
18802 54.390176 
18803 54.390176 
18804 54.390176 
18805 54.390175 
18806 54.390175 
18807 54.390174 
18808 54.390174 
18809 54.390173 
18810 54.39017 
18811 54.390162 
18812 54.390156 
18813 54.390155 
18814 54.390155 
18815 54.390154 
18816 54.390154 
18817 54.390151 
18818 54.390151 
18819 54.390151 
18820 54.390151 
18821 54.390151 
18822 54.39015 
18823 54.39015 
18824 54.390028 
18825 54.390028 
18826 54.390026 
18827 54.390026 
18828 54.390026 
18829 54.390026 
18830 54.390026 
18831 54.390026 
18832 54.390026 
18833 54.390026 
18834 54.390026 
18835 54.390026 
18836 54.390026 
18837 54.390026 
18838 54.390026 
18839 54.390026 
18840 54.390026 
18841 54.390026 
18842 54.390026 
18843 54.390026 
18844 54.390026 
18845 54.390026 
18846 54.390026 
18847 54.390026 
18848 54.390026 
18849 54.390026 
18850 54.390026 
18851 54.390026 
18852 54.390026 
18853 54.390025 
18854 54.390025 
18855 54.390025 
18856 54.390025 
18857 54.390025 
18858 54.390025 
18859 54.390024 
18860 54.390024 
18861 54.390022 
18862 54.390021 
18863 54.390018 
18864 54.390018 
18865 54.390017 
18866 54.390016 
18867 54.390012 
18868 54.390012 
18869 54.390011 
18870 54.390011 
18871 54.390002 
18872 54.390002 
18873 54.390002 
18874 54.390002 
18875 54.390002 
18876 54.390002 
18877 54.390002 
18878 54.390002 
18879 54.390002 
18880 54.390001 
18881 54.390001 
18882 54.389993 
18883 54.389993 
18884 54.389993 
18885 54.389993 
18886 54.389992 
18887 54.38999 
18888 54.389989 
18889 54.389959 
18890 54.389959 
18891 54.389959 
18892 54.389959 
18893 54.389959 
18894 54.389958 
18895 54.389958 
18896 54.389958 
18897 54.389958 
18898 54.389958 
18899 54.389958 
18900 54.389958 
18901 54.389958 
18902 54.389957 
18903 54.389957 
18904 54.389956 
18905 54.38995 
18906 54.38995 
18907 54.38995 
18908 54.38995 
18909 54.38995 
18910 54.38995 
18911 54.38995 
18912 54.38995 
18913 54.38995 
18914 54.38995 
18915 54.38995 
18916 54.38995 
18917 54.38995 
18918 54.389949 
18919 54.389943 
18920 54.389943 
18921 54.389943 
18922 54.389942 
18923 54.389942 
18924 54.389942 
18925 54.389942 
18926 54.389942 
18927 54.389941 
18928 54.389941 
18929 54.389938 
18930 54.389937 
18931 54.38993 
18932 54.38993 
18933 54.38993 
18934 54.38993 
18935 54.38993 
18936 54.38993 
18937 54.38993 
18938 54.38993 
18939 54.38993 
18940 54.38993 
18941 54.389929 
18942 54.389929 
18943 54.389927 
18944 54.389927 
18945 54.389862 
18946 54.389862 
18947 54.389862 
18948 54.389862 
18949 54.389861 
18950 54.389861 
18951 54.389861 
18952 54.389861 
18953 54.389861 
18954 54.389861 
18955 54.389861 
18956 54.389861 
18957 54.389861 
18958 54.389861 
18959 54.389861 
18960 54.389861 
18961 54.389861 
18962 54.389861 
18963 54.389861 
18964 54.389861 
18965 54.389861 
18966 54.389861 
18967 54.389861 
18968 54.389861 
18969 54.389861 
18970 54.389861 
18971 54.389861 
18972 54.389861 
18973 54.389861 
18974 54.389861 
18975 54.389861 
18976 54.389861 
18977 54.389861 
18978 54.389861 
18979 54.389861 
18980 54.389861 
18981 54.389861 
18982 54.389861 
18983 54.389861 
18984 54.389861 
18985 54.389861 
18986 54.389861 
18987 54.389861 
18988 54.389861 
18989 54.389861 
18990 54.389861 
18991 54.389861 
18992 54.389861 
18993 54.389861 
18994 54.389861 
18995 54.389861 
18996 54.389861 
18997 54.389861 
18998 54.389861 
18999 54.389861 
19000 54.38986 
19001 54.38986 
19002 54.38986 
19003 54.38986 
19004 54.38986 
19005 54.38986 
19006 54.389856 
19007 54.389856 
19008 54.389856 
19009 54.389855 
19010 54.389846 
19011 54.389846 
19012 54.389846 
19013 54.389845 
19014 54.389837 
19015 54.389837 
19016 54.389837 
19017 54.389837 
19018 54.389837 
19019 54.389837 
19020 54.389837 
19021 54.389837 
19022 54.389837 
19023 54.389836 
19024 54.389836 
19025 54.389836 
19026 54.389835 
19027 54.389782 
19028 54.389781 
19029 54.389781 
19030 54.389781 
19031 54.389781 
19032 54.389781 
19033 54.389781 
19034 54.389781 
19035 54.389781 
19036 54.389781 
19037 54.389781 
19038 54.389781 
19039 54.389781 
19040 54.389781 
19041 54.389781 
19042 54.389781 
19043 54.389781 
19044 54.389781 
19045 54.389781 
19046 54.389781 
19047 54.389781 
19048 54.389781 
19049 54.389781 
19050 54.389781 
19051 54.389781 
19052 54.389781 
19053 54.389781 
19054 54.389781 
19055 54.389781 
19056 54.389781 
19057 54.389781 
19058 54.389781 
19059 54.389781 
19060 54.389781 
19061 54.389781 
19062 54.389781 
19063 54.389781 
19064 54.389781 
19065 54.389781 
19066 54.389781 
19067 54.389781 
19068 54.389781 
19069 54.389781 
19070 54.389781 
19071 54.389781 
19072 54.389781 
19073 54.389781 
19074 54.389781 
19075 54.389781 
19076 54.389781 
19077 54.389781 
19078 54.389781 
19079 54.389781 
19080 54.389781 
19081 54.389781 
19082 54.389781 
19083 54.389781 
19084 54.389781 
19085 54.389781 
19086 54.38978 
19087 54.38978 
19088 54.38978 
19089 54.38978 
19090 54.38978 
19091 54.38978 
19092 54.38978 
19093 54.38978 
19094 54.38978 
19095 54.38978 
19096 54.38978 
19097 54.38978 
19098 54.389779 
19099 54.389779 
19100 54.389778 
19101 54.389774 
19102 54.389772 
19103 54.389766 
19104 54.389762 
19105 54.389761 
19106 54.389761 
19107 54.389761 
19108 54.389761 
19109 54.389761 
19110 54.38976 
19111 54.38976 
19112 54.38976 
19113 54.38976 
19114 54.38976 
19115 54.38976 
19116 54.38976 
19117 54.38976 
19118 54.38976 
19119 54.389759 
19120 54.389759 
19121 54.389759 
19122 54.389759 
19123 54.389759 
19124 54.389759 
19125 54.389759 
19126 54.389759 
19127 54.389759 
19128 54.389759 
19129 54.389759 
19130 54.389758 
19131 54.389758 
19132 54.389758 
19133 54.389758 
19134 54.389758 
19135 54.389758 
19136 54.389758 
19137 54.389758 
19138 54.389758 
19139 54.389758 
19140 54.389758 
19141 54.389758 
19142 54.389758 
19143 54.389758 
19144 54.389758 
19145 54.389757 
19146 54.389757 
19147 54.389757 
19148 54.389757 
19149 54.389757 
19150 54.389757 
19151 54.389757 
19152 54.389757 
19153 54.389757 
19154 54.389757 
19155 54.389757 
19156 54.389756 
19157 54.389756 
19158 54.389755 
19159 54.389755 
19160 54.389755 
19161 54.389755 
19162 54.389751 
19163 54.38975 
19164 54.38975 
19165 54.38975 
19166 54.38975 
19167 54.38975 
19168 54.38975 
19169 54.38975 
19170 54.38975 
19171 54.38975 
19172 54.389729 
19173 54.389727 
19174 54.389721 
19175 54.389709 
19176 54.389707 
19177 54.389706 
19178 54.389706 
19179 54.389706 
19180 54.389706 
19181 54.389706 
19182 54.389706 
19183 54.389706 
19184 54.389705 
19185 54.389705 
19186 54.389705 
19187 54.389704 
19188 54.389702 
19189 54.389702 
19190 54.389701 
19191 54.389696 
19192 54.389696 
19193 54.389696 
19194 54.389696 
19195 54.389696 
19196 54.389696 
19197 54.389693 
19198 54.389693 
19199 54.389693 
19200 54.389693 
19201 54.389693 
19202 54.389692 
19203 54.389692 
19204 54.389692 
19205 54.389692 
19206 54.389692 
19207 54.389692 
19208 54.389692 
19209 54.389692 
19210 54.389692 
19211 54.389692 
19212 54.389692 
19213 54.389692 
19214 54.389692 
19215 54.389692 
19216 54.389692 
19217 54.389692 
19218 54.389692 
19219 54.389692 
19220 54.389692 
19221 54.389692 
19222 54.389692 
19223 54.389692 
19224 54.389692 
19225 54.389692 
19226 54.389692 
19227 54.389692 
19228 54.389692 
19229 54.389692 
19230 54.389692 
19231 54.389692 
19232 54.389692 
19233 54.389692 
19234 54.389692 
19235 54.389692 
19236 54.389691 
19237 54.38969 
19238 54.38969 
19239 54.389689 
19240 54.389688 
19241 54.389687 
19242 54.389686 
19243 54.389685 
19244 54.389685 
19245 54.389642 
19246 54.389642 
19247 54.389642 
19248 54.389642 
19249 54.389642 
19250 54.389642 
19251 54.389642 
19252 54.389642 
19253 54.389642 
19254 54.389642 
19255 54.389642 
19256 54.389642 
19257 54.389642 
19258 54.389642 
19259 54.389642 
19260 54.389642 
19261 54.389642 
19262 54.389642 
19263 54.389642 
19264 54.389642 
19265 54.389642 
19266 54.389642 
19267 54.389642 
19268 54.389642 
19269 54.389642 
19270 54.389642 
19271 54.389641 
19272 54.389641 
19273 54.389641 
19274 54.389641 
19275 54.389641 
19276 54.389641 
19277 54.389641 
19278 54.389641 
19279 54.38964 
19280 54.389638 
19281 54.389638 
19282 54.389637 
19283 54.389637 
19284 54.389608 
19285 54.389608 
19286 54.389608 
19287 54.389608 
19288 54.389608 
19289 54.389607 
19290 54.389607 
19291 54.389607 
19292 54.389607 
19293 54.389607 
19294 54.389607 
19295 54.389607 
19296 54.389607 
19297 54.389607 
19298 54.389607 
19299 54.389607 
19300 54.389607 
19301 54.389607 
19302 54.389607 
19303 54.389607 
19304 54.389607 
19305 54.389607 
19306 54.389607 
19307 54.389607 
19308 54.389607 
19309 54.389607 
19310 54.389607 
19311 54.389607 
19312 54.389607 
19313 54.389607 
19314 54.389607 
19315 54.389607 
19316 54.389607 
19317 54.389607 
19318 54.389607 
19319 54.389607 
19320 54.389607 
19321 54.389607 
19322 54.389607 
19323 54.389607 
19324 54.389607 
19325 54.389607 
19326 54.389607 
19327 54.389607 
19328 54.389607 
19329 54.389607 
19330 54.389607 
19331 54.389607 
19332 54.389607 
19333 54.389607 
19334 54.389607 
19335 54.389607 
19336 54.389607 
19337 54.389607 
19338 54.389607 
19339 54.389607 
19340 54.389607 
19341 54.389607 
19342 54.389607 
19343 54.389607 
19344 54.389607 
19345 54.389607 
19346 54.389607 
19347 54.389607 
19348 54.389607 
19349 54.389607 
19350 54.389607 
19351 54.389607 
19352 54.389607 
19353 54.389607 
19354 54.389607 
19355 54.389606 
19356 54.389606 
19357 54.389606 
19358 54.389606 
19359 54.389606 
19360 54.389606 
19361 54.389606 
19362 54.389606 
19363 54.389606 
19364 54.389606 
19365 54.389602 
19366 54.389602 
19367 54.389602 
19368 54.389602 
19369 54.389602 
19370 54.389602 
19371 54.389602 
19372 54.389602 
19373 54.389602 
19374 54.389601 
19375 54.389601 
19376 54.389601 
19377 54.389601 
19378 54.389601 
19379 54.3896 
19380 54.3896 
19381 54.3896 
19382 54.3896 
19383 54.389599 
19384 54.389599 
19385 54.389598 
19386 54.389598 
19387 54.389598 
19388 54.389598 
19389 54.389598 
19390 54.389598 
19391 54.389597 
19392 54.389597 
19393 54.389597 
19394 54.389594 
19395 54.389594 
19396 54.389594 
19397 54.389594 
19398 54.389594 
19399 54.389594 
19400 54.389594 
19401 54.389594 
19402 54.389594 
19403 54.389594 
19404 54.389594 
19405 54.389594 
19406 54.389594 
19407 54.389586 
19408 54.389586 
19409 54.389586 
19410 54.389586 
19411 54.389586 
19412 54.389586 
19413 54.389586 
19414 54.389586 
19415 54.389586 
19416 54.389586 
19417 54.389586 
19418 54.389586 
19419 54.389586 
19420 54.389586 
19421 54.389586 
19422 54.389586 
19423 54.389586 
19424 54.389586 
19425 54.389586 
19426 54.389586 
19427 54.389586 
19428 54.389585 
19429 54.389585 
19430 54.389585 
19431 54.389584 
19432 54.389584 
19433 54.389584 
19434 54.389584 
19435 54.389584 
19436 54.389584 
19437 54.389583 
19438 54.389583 
19439 54.389582 
19440 54.389582 
19441 54.389582 
19442 54.389582 
19443 54.389582 
19444 54.389581 
19445 54.389581 
19446 54.389581 
19447 54.389515 
19448 54.389515 
19449 54.389515 
19450 54.389515 
19451 54.389515 
19452 54.389515 
19453 54.389515 
19454 54.389515 
19455 54.389515 
19456 54.389515 
19457 54.389515 
19458 54.389515 
19459 54.389515 
19460 54.389515 
19461 54.389515 
19462 54.389515 
19463 54.389515 
19464 54.389515 
19465 54.389515 
19466 54.389515 
19467 54.389515 
19468 54.389515 
19469 54.389515 
19470 54.389515 
19471 54.389515 
19472 54.389515 
19473 54.389514 
19474 54.389514 
19475 54.389514 
19476 54.389514 
19477 54.389514 
19478 54.389513 
19479 54.389513 
19480 54.389512 
19481 54.389512 
19482 54.389512 
19483 54.389512 
19484 54.389508 
19485 54.389508 
19486 54.389508 
19487 54.389508 
19488 54.389508 
19489 54.389508 
19490 54.389508 
19491 54.389508 
19492 54.389508 
19493 54.389508 
19494 54.389508 
19495 54.389508 
19496 54.389508 
19497 54.389507 
19498 54.389507 
19499 54.389507 
19500 54.389507 
19501 54.389507 
19502 54.389507 
19503 54.389506 
19504 54.389504 
19505 54.389504 
19506 54.389504 
19507 54.389504 
19508 54.389504 
19509 54.389504 
19510 54.389504 
19511 54.389504 
19512 54.389504 
19513 54.389504 
19514 54.389503 
19515 54.389503 
19516 54.389503 
19517 54.389503 
19518 54.389502 
19519 54.389502 
19520 54.389502 
19521 54.389502 
19522 54.389501 
19523 54.389501 
19524 54.389501 
19525 54.389501 
19526 54.389501 
19527 54.389495 
19528 54.389495 
19529 54.389495 
19530 54.389495 
19531 54.389495 
19532 54.389495 
19533 54.389495 
19534 54.389495 
19535 54.389495 
19536 54.389495 
19537 54.389495 
19538 54.389495 
19539 54.389495 
19540 54.389495 
19541 54.389495 
19542 54.389495 
19543 54.389495 
19544 54.389495 
19545 54.389495 
19546 54.389495 
19547 54.389463 
19548 54.389463 
19549 54.389463 
19550 54.389463 
19551 54.389459 
19552 54.389459 
19553 54.389459 
19554 54.389459 
19555 54.389459 
19556 54.389459 
19557 54.389459 
19558 54.389459 
19559 54.389459 
19560 54.389459 
19561 54.389459 
19562 54.389456 
19563 54.389456 
19564 54.389456 
19565 54.389456 
19566 54.389456 
19567 54.389452 
19568 54.389452 
19569 54.389452 
19570 54.389452 
19571 54.389452 
19572 54.389451 
19573 54.38945 
19574 54.389448 
19575 54.389448 
19576 54.389448 
19577 54.389446 
19578 54.389446 
19579 54.389446 
19580 54.389446 
19581 54.389446 
19582 54.389446 
19583 54.389446 
19584 54.389446 
19585 54.389446 
19586 54.389446 
19587 54.389446 
19588 54.389446 
19589 54.389446 
19590 54.389446 
19591 54.389446 
19592 54.389446 
19593 54.389446 
19594 54.389446 
19595 54.389446 
19596 54.389446 
19597 54.389445 
19598 54.389445 
19599 54.389445 
19600 54.389444 
19601 54.389444 
19602 54.389444 
19603 54.389438 
19604 54.389437 
19605 54.389437 
19606 54.389437 
19607 54.389437 
19608 54.389437 
19609 54.389437 
19610 54.389437 
19611 54.389436 
19612 54.389436 
19613 54.389436 
19614 54.389435 
19615 54.389435 
19616 54.389435 
19617 54.389435 
19618 54.389435 
19619 54.389433 
19620 54.389433 
19621 54.389433 
19622 54.389433 
19623 54.389433 
19624 54.389433 
19625 54.389433 
19626 54.389424 
19627 54.389424 
19628 54.389424 
19629 54.389424 
19630 54.389424 
19631 54.389424 
19632 54.389424 
19633 54.389424 
19634 54.389424 
19635 54.389424 
19636 54.389424 
19637 54.389424 
19638 54.389424 
19639 54.389424 
19640 54.389424 
19641 54.389424 
19642 54.389424 
19643 54.389424 
19644 54.389424 
19645 54.389424 
19646 54.389424 
19647 54.389424 
19648 54.389424 
19649 54.389424 
19650 54.389424 
19651 54.389424 
19652 54.389424 
19653 54.389424 
19654 54.389415 
19655 54.389415 
19656 54.389415 
19657 54.389414 
19658 54.389414 
19659 54.389413 
19660 54.389412 
19661 54.389412 
19662 54.389412 
19663 54.389411 
19664 54.389411 
19665 54.389411 
19666 54.389411 
19667 54.389411 
19668 54.38941 
19669 54.38941 
19670 54.38941 
19671 54.389407 
19672 54.389407 
19673 54.389407 
19674 54.389407 
19675 54.389407 
19676 54.389407 
19677 54.389407 
19678 54.389407 
19679 54.389407 
19680 54.389407 
19681 54.389407 
19682 54.389407 
19683 54.389407 
19684 54.389406 
19685 54.389391 
19686 54.389391 
19687 54.389391 
19688 54.389391 
19689 54.389391 
19690 54.389391 
19691 54.389391 
19692 54.389391 
19693 54.389391 
19694 54.389391 
19695 54.389391 
19696 54.389391 
19697 54.389391 
19698 54.389391 
19699 54.389391 
19700 54.389391 
19701 54.389391 
19702 54.389391 
19703 54.389391 
19704 54.389391 
19705 54.389391 
19706 54.389391 
19707 54.389391 
19708 54.389391 
19709 54.389391 
19710 54.389391 
19711 54.389391 
19712 54.389391 
19713 54.389391 
19714 54.389391 
19715 54.389391 
19716 54.389391 
19717 54.389391 
19718 54.389391 
19719 54.389391 
19720 54.389391 
19721 54.389391 
19722 54.38939 
19723 54.38939 
19724 54.38939 
19725 54.38939 
19726 54.38935 
19727 54.389349 
19728 54.389349 
19729 54.389349 
19730 54.389349 
19731 54.389349 
19732 54.389349 
19733 54.389348 
19734 54.389348 
19735 54.389348 
19736 54.389348 
19737 54.389348 
19738 54.389348 
19739 54.389348 
19740 54.389347 
19741 54.38934 
19742 54.389339 
19743 54.389338 
19744 54.389338 
19745 54.389338 
19746 54.389338 
19747 54.389338 
19748 54.389338 
19749 54.389333 
19750 54.389332 
19751 54.389332 
19752 54.389332 
19753 54.389332 
19754 54.389331 
19755 54.389331 
19756 54.389331 
19757 54.389331 
19758 54.389331 
19759 54.389331 
19760 54.38933 
19761 54.38933 
19762 54.38933 
19763 54.389319 
19764 54.389319 
19765 54.389319 
19766 54.389319 
19767 54.389319 
19768 54.389319 
19769 54.389319 
19770 54.389319 
19771 54.389319 
19772 54.389319 
19773 54.389319 
19774 54.389319 
19775 54.389319 
19776 54.389319 
19777 54.389319 
19778 54.389319 
19779 54.389319 
19780 54.389318 
19781 54.389318 
19782 54.389318 
19783 54.389318 
19784 54.389317 
19785 54.389317 
19786 54.389317 
19787 54.389301 
19788 54.389301 
19789 54.389301 
19790 54.389301 
19791 54.389301 
19792 54.389301 
19793 54.389301 
19794 54.389301 
19795 54.389301 
19796 54.389301 
19797 54.389301 
19798 54.389301 
19799 54.389301 
19800 54.389301 
19801 54.389301 
19802 54.389301 
19803 54.389301 
19804 54.389301 
19805 54.389301 
19806 54.389301 
19807 54.389301 
19808 54.389301 
19809 54.389301 
19810 54.389301 
19811 54.3893 
19812 54.3893 
19813 54.3893 
19814 54.389299 
19815 54.389298 
19816 54.389298 
19817 54.389298 
19818 54.389298 
19819 54.389298 
19820 54.389298 
19821 54.389298 
19822 54.389298 
19823 54.389296 
19824 54.389296 
19825 54.389296 
19826 54.389296 
19827 54.389296 
19828 54.389296 
19829 54.389296 
19830 54.389295 
19831 54.389295 
19832 54.389295 
19833 54.389295 
19834 54.389294 
19835 54.389294 
19836 54.389294 
19837 54.389294 
19838 54.389294 
19839 54.389293 
19840 54.389293 
19841 54.389293 
19842 54.389293 
19843 54.389293 
19844 54.389292 
19845 54.389291 
19846 54.389291 
19847 54.389291 
19848 54.389291 
19849 54.389291 
19850 54.389258 
19851 54.389257 
19852 54.389257 
19853 54.389256 
19854 54.389256 
19855 54.389256 
19856 54.389256 
19857 54.389255 
19858 54.389255 
19859 54.389255 
19860 54.389255 
19861 54.389254 
19862 54.389217 
19863 54.389216 
19864 54.389216 
19865 54.389216 
19866 54.389216 
19867 54.389216 
19868 54.389216 
19869 54.389216 
19870 54.389216 
19871 54.389216 
19872 54.389216 
19873 54.389216 
19874 54.389216 
19875 54.389216 
19876 54.389215 
19877 54.389215 
19878 54.389215 
19879 54.389212 
19880 54.389192 
19881 54.389192 
19882 54.389192 
19883 54.389192 
19884 54.389192 
19885 54.389192 
19886 54.389192 
19887 54.389192 
19888 54.389192 
19889 54.389192 
19890 54.389192 
19891 54.389192 
19892 54.389192 
19893 54.389192 
19894 54.389192 
19895 54.389192 
19896 54.389192 
19897 54.389192 
19898 54.389192 
19899 54.389192 
19900 54.389192 
19901 54.389192 
19902 54.389192 
19903 54.389192 
19904 54.389192 
19905 54.389192 
19906 54.389192 
19907 54.389192 
19908 54.389192 
19909 54.389192 
19910 54.389192 
19911 54.389192 
19912 54.389192 
19913 54.389191 
19914 54.38919 
19915 54.38919 
19916 54.38919 
19917 54.38919 
19918 54.38919 
19919 54.38919 
19920 54.38919 
19921 54.389189 
19922 54.389174 
19923 54.389174 
19924 54.389174 
19925 54.389174 
19926 54.389174 
19927 54.389174 
19928 54.389174 
19929 54.389174 
19930 54.389174 
19931 54.389174 
19932 54.389173 
19933 54.389173 
19934 54.389173 
19935 54.389173 
19936 54.389173 
19937 54.389172 
19938 54.389172 
19939 54.389172 
19940 54.389171 
19941 54.389171 
19942 54.389171 
19943 54.389171 
19944 54.389171 
19945 54.38917 
19946 54.38917 
19947 54.38917 
19948 54.38917 
19949 54.38917 
19950 54.389169 
19951 54.389169 
19952 54.389169 
19953 54.389169 
19954 54.389169 
19955 54.389169 
19956 54.389168 
19957 54.389168 
19958 54.389168 
19959 54.389167 
19960 54.389167 
19961 54.389167 
19962 54.389166 
19963 54.389166 
19964 54.389166 
19965 54.389166 
19966 54.389166 
19967 54.389166 
19968 54.389166 
19969 54.389166 
19970 54.389165 
19971 54.389165 
19972 54.389164 
19973 54.389164 
19974 54.389164 
19975 54.389164 
19976 54.389163 
19977 54.389163 
19978 54.389163 
19979 54.389163 
19980 54.389163 
19981 54.389163 
19982 54.389163 
19983 54.389162 
19984 54.389162 
19985 54.389162 
19986 54.389162 
19987 54.389161 
19988 54.389161 
19989 54.389161 
19990 54.389161 
19991 54.389161 
19992 54.38916 
19993 54.38916 
19994 54.38916 
19995 54.38916 
19996 54.38916 
19997 54.389159 
19998 54.389143 
19999 54.389143 
20000 54.389142 
20001 54.389142 
20002 54.389142 
20003 54.389142 
20004 54.389142 
20005 54.389142 
20006 54.389142 
20007 54.389142 
20008 54.389142 
20009 54.389142 
20010 54.389142 
20011 54.389142 
20012 54.389142 
20013 54.389142 
20014 54.389142 
20015 54.389142 
20016 54.389142 
20017 54.389142 
20018 54.389142 
20019 54.389142 
20020 54.389142 
20021 54.389142 
20022 54.389142 
20023 54.389142 
20024 54.389142 
20025 54.389142 
20026 54.389142 
20027 54.389142 
20028 54.389142 
20029 54.389142 
20030 54.389142 
20031 54.389142 
20032 54.389142 
20033 54.389142 
20034 54.389142 
20035 54.389142 
20036 54.389142 
20037 54.389141 
20038 54.389141 
20039 54.389138 
20040 54.389138 
20041 54.389138 
20042 54.389138 
20043 54.389138 
20044 54.389138 
20045 54.389138 
20046 54.389138 
20047 54.389138 
20048 54.389138 
20049 54.389138 
20050 54.389138 
20051 54.389138 
20052 54.389137 
20053 54.389137 
20054 54.389127 
20055 54.389127 
20056 54.389127 
20057 54.389127 
20058 54.389127 
20059 54.389127 
20060 54.389127 
20061 54.389127 
20062 54.389127 
20063 54.389127 
20064 54.389127 
20065 54.389127 
20066 54.389127 
20067 54.389127 
20068 54.389127 
20069 54.389127 
20070 54.389127 
20071 54.389127 
20072 54.389127 
20073 54.389127 
20074 54.389127 
20075 54.389127 
20076 54.389127 
20077 54.389127 
20078 54.389127 
20079 54.389127 
20080 54.389127 
20081 54.389127 
20082 54.389127 
20083 54.389127 
20084 54.389126 
20085 54.389126 
20086 54.389126 
20087 54.389126 
20088 54.389126 
20089 54.389125 
20090 54.389125 
20091 54.389125 
20092 54.389124 
20093 54.389124 
20094 54.389124 
20095 54.389124 
20096 54.389124 
20097 54.389124 
20098 54.389122 
20099 54.389122 
20100 54.389122 
20101 54.389122 
20102 54.389122 
20103 54.389122 
20104 54.389122 
20105 54.389122 
20106 54.389122 
20107 54.389121 
20108 54.38912 
20109 54.38912 
20110 54.38912 
20111 54.38912 
20112 54.38912 
20113 54.38912 
20114 54.38912 
20115 54.389119 
20116 54.389119 
20117 54.389119 
20118 54.389117 
20119 54.389117 
20120 54.389117 
20121 54.389117 
20122 54.389117 
20123 54.389117 
20124 54.389117 
20125 54.389117 
20126 54.389116 
20127 54.389116 
20128 54.389116 
20129 54.389115 
20130 54.389115 
20131 54.389115 
20132 54.389115 
20133 54.389115 
20134 54.389115 
20135 54.389114 
20136 54.389114 
20137 54.389114 
20138 54.389114 
20139 54.389112 
20140 54.389112 
20141 54.389112 
20142 54.389112 
20143 54.389112 
20144 54.389112 
20145 54.389112 
20146 54.389112 
20147 54.389112 
20148 54.389107 
20149 54.389107 
20150 54.389107 
20151 54.389107 
20152 54.389107 
20153 54.389107 
20154 54.389107 
20155 54.389107 
20156 54.389107 
20157 54.389107 
20158 54.389107 
20159 54.389107 
20160 54.389107 
20161 54.389107 
20162 54.389107 
20163 54.389107 
20164 54.389107 
20165 54.389107 
20166 54.389107 
20167 54.389107 
20168 54.389102 
20169 54.389102 
20170 54.389102 
20171 54.389102 
20172 54.389102 
20173 54.389102 
20174 54.389102 
20175 54.389102 
20176 54.389102 
20177 54.389102 
20178 54.389102 
20179 54.389102 
20180 54.389102 
20181 54.389102 
20182 54.389102 
20183 54.3891 
20184 54.3891 
20185 54.3891 
20186 54.3891 
20187 54.3891 
20188 54.3891 
20189 54.3891 
20190 54.3891 
20191 54.3891 
20192 54.389099 
20193 54.389099 
20194 54.389099 
20195 54.389098 
20196 54.389098 
20197 54.389098 
20198 54.389098 
20199 54.389098 
20200 54.389097 
20201 54.389097 
20202 54.389097 
20203 54.389097 
20204 54.389097 
20205 54.389097 
20206 54.389097 
20207 54.389043 
20208 54.389043 
20209 54.389043 
20210 54.389043 
20211 54.389043 
20212 54.389043 
20213 54.389043 
20214 54.389043 
20215 54.389043 
20216 54.389043 
20217 54.389042 
20218 54.389042 
20219 54.389042 
20220 54.389042 
20221 54.389042 
20222 54.389042 
20223 54.389042 
20224 54.389042 
20225 54.389042 
20226 54.389042 
20227 54.389042 
20228 54.389042 
20229 54.389042 
20230 54.389042 
20231 54.389042 
20232 54.389042 
20233 54.389039 
20234 54.389039 
20235 54.389039 
20236 54.389039 
20237 54.389033 
20238 54.389033 
20239 54.389033 
20240 54.389033 
20241 54.389033 
20242 54.389033 
20243 54.389033 
20244 54.389033 
20245 54.389033 
20246 54.389033 
20247 54.389033 
20248 54.389033 
20249 54.389033 
20250 54.389033 
20251 54.389033 
20252 54.389033 
20253 54.389033 
20254 54.389032 
20255 54.389032 
20256 54.389032 
20257 54.389031 
20258 54.389031 
20259 54.389031 
20260 54.389031 
20261 54.389031 
20262 54.389031 
20263 54.389029 
20264 54.389029 
20265 54.389029 
20266 54.389029 
20267 54.389029 
20268 54.389028 
20269 54.389028 
20270 54.389028 
20271 54.38902 
20272 54.389009 
20273 54.389003 
20274 54.389002 
20275 54.389002 
20276 54.389002 
20277 54.389002 
20278 54.389002 
20279 54.389002 
20280 54.389002 
20281 54.389002 
20282 54.389002 
20283 54.389002 
20284 54.389002 
20285 54.389002 
20286 54.389002 
20287 54.389002 
20288 54.389002 
20289 54.389002 
20290 54.389002 
20291 54.389002 
20292 54.389 
20293 54.388999 
20294 54.388999 
20295 54.388999 
20296 54.388999 
20297 54.388999 
20298 54.388999 
20299 54.388997 
20300 54.388997 
20301 54.388997 
20302 54.388997 
20303 54.388997 
20304 54.388997 
20305 54.388997 
20306 54.388997 
20307 54.388996 
20308 54.388996 
20309 54.388996 
20310 54.388996 
20311 54.388996 
20312 54.388996 
20313 54.388995 
20314 54.388995 
20315 54.388995 
20316 54.388995 
20317 54.388995 
20318 54.388994 
20319 54.388994 
20320 54.388994 
20321 54.388994 
20322 54.388994 
20323 54.388993 
20324 54.388993 
20325 54.388993 
20326 54.388993 
20327 54.388991 
20328 54.388991 
20329 54.388991 
20330 54.388991 
20331 54.388991 
20332 54.388991 
20333 54.388991 
20334 54.388991 
20335 54.38899 
20336 54.38899 
20337 54.38899 
20338 54.38899 
20339 54.388989 
20340 54.388989 
20341 54.388989 
20342 54.388989 
20343 54.388989 
20344 54.388989 
20345 54.388989 
20346 54.388989 
20347 54.388988 
20348 54.388988 
20349 54.388988 
20350 54.388988 
20351 54.388988 
20352 54.388987 
20353 54.388987 
20354 54.388987 
20355 54.388987 
20356 54.388987 
20357 54.388974 
20358 54.388974 
20359 54.388974 
20360 54.388974 
20361 54.388974 
20362 54.388974 
20363 54.388974 
20364 54.388974 
20365 54.388974 
20366 54.388974 
20367 54.388974 
20368 54.388974 
20369 54.388974 
20370 54.388974 
20371 54.388974 
20372 54.388974 
20373 54.388974 
20374 54.388974 
20375 54.388974 
20376 54.388974 
20377 54.388974 
20378 54.388974 
20379 54.388974 
20380 54.388974 
20381 54.388974 
20382 54.388974 
20383 54.388974 
20384 54.388974 
20385 54.388974 
20386 54.388974 
20387 54.388974 
20388 54.388974 
20389 54.388974 
20390 54.388974 
20391 54.388974 
20392 54.388972 
20393 54.388972 
20394 54.388972 
20395 54.388972 
20396 54.388972 
20397 54.388972 
20398 54.388972 
20399 54.388971 
20400 54.388971 
20401 54.388971 
20402 54.388971 
20403 54.388971 
20404 54.388971 
20405 54.388971 
20406 54.388971 
20407 54.38897 
20408 54.38897 
20409 54.38897 
20410 54.38897 
20411 54.388962 
20412 54.388962 
20413 54.388962 
20414 54.388962 
20415 54.388962 
20416 54.388962 
20417 54.388962 
20418 54.388962 
20419 54.388962 
20420 54.388962 
20421 54.388962 
20422 54.388962 
20423 54.388962 
20424 54.388962 
20425 54.388962 
20426 54.388962 
20427 54.388962 
20428 54.388962 
20429 54.388962 
20430 54.388962 
20431 54.388962 
20432 54.388962 
20433 54.388962 
20434 54.388962 
20435 54.388962 
20436 54.388962 
20437 54.388961 
20438 54.388961 
20439 54.388961 
20440 54.388961 
20441 54.38896 
20442 54.38896 
20443 54.38896 
20444 54.38896 
20445 54.38896 
20446 54.38896 
20447 54.388959 
20448 54.388959 
20449 54.388959 
20450 54.388959 
20451 54.388958 
20452 54.388958 
20453 54.388958 
20454 54.388958 
20455 54.388958 
20456 54.388957 
20457 54.388957 
20458 54.388957 
20459 54.388957 
20460 54.388957 
20461 54.388957 
20462 54.388914 
20463 54.388914 
20464 54.388914 
20465 54.388913 
20466 54.388913 
20467 54.388913 
20468 54.388913 
20469 54.388913 
20470 54.388913 
20471 54.388913 
20472 54.388913 
20473 54.388913 
20474 54.388913 
20475 54.388913 
20476 54.388913 
20477 54.388913 
20478 54.388913 
20479 54.388913 
20480 54.388913 
20481 54.388913 
20482 54.388913 
20483 54.388913 
20484 54.388913 
20485 54.388913 
20486 54.388913 
20487 54.388913 
20488 54.388913 
20489 54.388913 
20490 54.388913 
20491 54.388913 
20492 54.388913 
20493 54.388913 
20494 54.388913 
20495 54.388913 
20496 54.388913 
20497 54.38891 
20498 54.38891 
20499 54.38891 
20500 54.38891 
20501 54.38891 
20502 54.38891 
20503 54.38891 
20504 54.38891 
20505 54.38891 
20506 54.38891 
20507 54.38891 
20508 54.38891 
20509 54.38891 
20510 54.38891 
20511 54.38891 
20512 54.388909 
20513 54.388909 
20514 54.388909 
20515 54.388909 
20516 54.388901 
20517 54.388901 
20518 54.388901 
20519 54.388898 
20520 54.388898 
20521 54.388898 
20522 54.388898 
20523 54.388895 
20524 54.388895 
20525 54.388895 
20526 54.388895 
20527 54.388895 
20528 54.388895 
20529 54.388892 
20530 54.388892 
20531 54.388892 
20532 54.388892 
20533 54.388891 
20534 54.388888 
20535 54.388888 
20536 54.388888 
20537 54.388888 
20538 54.388888 
20539 54.388888 
20540 54.388888 
20541 54.388888 
20542 54.388888 
20543 54.388888 
20544 54.388888 
20545 54.388888 
20546 54.388888 
20547 54.388888 
20548 54.388888 
20549 54.388888 
20550 54.388887 
20551 54.388887 
20552 54.388886 
20553 54.388885 
20554 54.388885 
20555 54.388885 
20556 54.388885 
20557 54.388885 
20558 54.388885 
20559 54.388885 
20560 54.388885 
20561 54.388883 
20562 54.388883 
20563 54.388883 
20564 54.388883 
20565 54.388883 
20566 54.388883 
20567 54.388883 
20568 54.388883 
20569 54.388883 
20570 54.388883 
20571 54.388882 
20572 54.388882 
20573 54.388882 
20574 54.388882 
20575 54.38888 
20576 54.38888 
20577 54.38888 
20578 54.38888 
20579 54.38888 
20580 54.38888 
20581 54.38888 
20582 54.38888 
20583 54.38888 
20584 54.38888 
20585 54.38888 
20586 54.38888 
20587 54.388879 
20588 54.388879 
20589 54.388879 
20590 54.388879 
20591 54.388879 
20592 54.388859 
20593 54.388859 
20594 54.388859 
20595 54.388859 
20596 54.388859 
20597 54.388859 
20598 54.388859 
20599 54.388858 
20600 54.388857 
20601 54.388857 
20602 54.388857 
20603 54.388857 
20604 54.388857 
20605 54.388857 
20606 54.388857 
20607 54.388851 
20608 54.388851 
20609 54.388851 
20610 54.388847 
20611 54.388847 
20612 54.388847 
20613 54.388847 
20614 54.388847 
20615 54.388847 
20616 54.388847 
20617 54.388847 
20618 54.388847 
20619 54.388847 
20620 54.388847 
20621 54.388847 
20622 54.388846 
20623 54.388844 
20624 54.388843 
20625 54.388843 
20626 54.388843 
20627 54.388843 
20628 54.388843 
20629 54.388843 
20630 54.38884 
20631 54.38884 
20632 54.38884 
20633 54.38884 
20634 54.38884 
20635 54.38884 
20636 54.38884 
20637 54.38884 
20638 54.38884 
20639 54.38884 
20640 54.38884 
20641 54.388834 
20642 54.388834 
20643 54.388834 
20644 54.388834 
20645 54.388834 
20646 54.388834 
20647 54.388834 
20648 54.388834 
20649 54.388834 
20650 54.388834 
20651 54.388834 
20652 54.388834 
20653 54.388834 
20654 54.388834 
20655 54.388834 
20656 54.388834 
20657 54.388834 
20658 54.388834 
20659 54.388834 
20660 54.388834 
20661 54.388834 
20662 54.388834 
20663 54.388833 
20664 54.388833 
20665 54.388833 
20666 54.388833 
20667 54.388833 
20668 54.388833 
20669 54.388833 
20670 54.388829 
20671 54.388829 
20672 54.388829 
20673 54.388829 
20674 54.388829 
20675 54.388829 
20676 54.388829 
20677 54.388829 
20678 54.388829 
20679 54.388829 
20680 54.388829 
20681 54.388829 
20682 54.388829 
20683 54.388829 
20684 54.388829 
20685 54.388829 
20686 54.388829 
20687 54.388829 
20688 54.388829 
20689 54.388829 
20690 54.388829 
20691 54.388829 
20692 54.388829 
20693 54.388829 
20694 54.388829 
20695 54.388829 
20696 54.388829 
20697 54.388829 
20698 54.388829 
20699 54.388829 
20700 54.388829 
20701 54.388829 
20702 54.388829 
20703 54.388829 
20704 54.388829 
20705 54.388829 
20706 54.388829 
20707 54.388829 
20708 54.388829 
20709 54.388829 
20710 54.388829 
20711 54.388829 
20712 54.388829 
20713 54.388829 
20714 54.388829 
20715 54.388829 
20716 54.388829 
20717 54.388829 
20718 54.388829 
20719 54.388829 
20720 54.388829 
20721 54.388829 
20722 54.388829 
20723 54.388829 
20724 54.388829 
20725 54.388829 
20726 54.388829 
20727 54.388829 
20728 54.388829 
20729 54.388829 
20730 54.388829 
20731 54.388828 
20732 54.388828 
20733 54.388828 
20734 54.388828 
20735 54.388828 
20736 54.388828 
20737 54.388828 
20738 54.388828 
20739 54.388828 
20740 54.388828 
20741 54.388828 
20742 54.388828 
20743 54.388828 
20744 54.388828 
20745 54.388828 
20746 54.388828 
20747 54.388828 
20748 54.388828 
20749 54.388828 
20750 54.388828 
20751 54.388828 
20752 54.388828 
20753 54.388828 
20754 54.388828 
20755 54.388828 
20756 54.388828 
20757 54.388828 
20758 54.388828 
20759 54.388828 
20760 54.388827 
20761 54.388827 
20762 54.388808 
20763 54.388808 
20764 54.388808 
20765 54.388808 
20766 54.388808 
20767 54.388808 
20768 54.388808 
20769 54.388807 
20770 54.388807 
20771 54.388807 
20772 54.388807 
20773 54.388807 
20774 54.388807 
20775 54.388807 
20776 54.388807 
20777 54.388807 
20778 54.388807 
20779 54.388807 
20780 54.388807 
20781 54.388807 
20782 54.388807 
20783 54.388807 
20784 54.388807 
20785 54.388807 
20786 54.388807 
20787 54.388807 
20788 54.388807 
20789 54.388807 
20790 54.388807 
20791 54.388807 
20792 54.388807 
20793 54.388807 
20794 54.388807 
20795 54.388807 
20796 54.388807 
20797 54.388807 
20798 54.388807 
20799 54.388807 
20800 54.388807 
20801 54.388807 
20802 54.388807 
20803 54.388807 
20804 54.388807 
20805 54.388807 
20806 54.388807 
20807 54.388807 
20808 54.388806 
20809 54.388802 
20810 54.388802 
20811 54.388802 
20812 54.388799 
20813 54.388799 
20814 54.388798 
20815 54.388798 
20816 54.388798 
20817 54.388798 
20818 54.388798 
20819 54.388798 
20820 54.388798 
20821 54.388798 
20822 54.388798 
20823 54.388798 
20824 54.388798 
20825 54.388798 
20826 54.388798 
20827 54.388798 
20828 54.388798 
20829 54.388798 
20830 54.388798 
20831 54.388798 
20832 54.388798 
20833 54.388798 
20834 54.388798 
20835 54.388798 
20836 54.388798 
20837 54.388797 
20838 54.388797 
20839 54.388797 
20840 54.388796 
20841 54.388796 
20842 54.388796 
20843 54.388796 
20844 54.388796 
20845 54.388796 
20846 54.388796 
20847 54.388795 
20848 54.388795 
20849 54.388795 
20850 54.388747 
20851 54.388746 
20852 54.388746 
20853 54.388746 
20854 54.388746 
20855 54.388746 
20856 54.388746 
20857 54.388745 
20858 54.388745 
20859 54.388745 
20860 54.388745 
20861 54.388727 
20862 54.388727 
20863 54.388726 
20864 54.388725 
20865 54.388725 
20866 54.388725 
20867 54.388725 
20868 54.388725 
20869 54.388725 
20870 54.388725 
20871 54.388725 
20872 54.388725 
20873 54.388725 
20874 54.388725 
20875 54.388725 
20876 54.388725 
20877 54.388725 
20878 54.388725 
20879 54.388725 
20880 54.388725 
20881 54.388725 
20882 54.388725 
20883 54.388725 
20884 54.388725 
20885 54.388725 
20886 54.388725 
20887 54.388725 
20888 54.388725 
20889 54.388725 
20890 54.388725 
20891 54.388725 
20892 54.388725 
20893 54.388725 
20894 54.388725 
20895 54.388725 
20896 54.388725 
20897 54.388724 
20898 54.388724 
20899 54.388718 
20900 54.388718 
20901 54.388718 
20902 54.388718 
20903 54.388718 
20904 54.388718 
20905 54.388718 
20906 54.388718 
20907 54.388718 
20908 54.388718 
20909 54.388718 
20910 54.388718 
20911 54.388718 
20912 54.388718 
20913 54.388718 
20914 54.388718 
20915 54.388718 
20916 54.388718 
20917 54.388718 
20918 54.388718 
20919 54.388718 
20920 54.388718 
20921 54.388718 
20922 54.388718 
20923 54.388718 
20924 54.388718 
20925 54.388718 
20926 54.388718 
20927 54.388718 
20928 54.388717 
20929 54.388717 
20930 54.388717 
20931 54.388717 
20932 54.388715 
20933 54.388715 
20934 54.388715 
20935 54.388715 
20936 54.388715 
20937 54.388715 
20938 54.388715 
20939 54.388715 
20940 54.388715 
20941 54.388715 
20942 54.388714 
20943 54.388714 
20944 54.388714 
20945 54.388703 
20946 54.388703 
20947 54.388703 
20948 54.388703 
20949 54.388703 
20950 54.388703 
20951 54.388703 
20952 54.388703 
20953 54.388703 
20954 54.388703 
20955 54.388703 
20956 54.388703 
20957 54.388703 
20958 54.388703 
20959 54.388703 
20960 54.388703 
20961 54.388703 
20962 54.388703 
20963 54.388703 
20964 54.388703 
20965 54.388703 
20966 54.388703 
20967 54.388703 
20968 54.388703 
20969 54.388703 
20970 54.388703 
20971 54.388703 
20972 54.388703 
20973 54.388703 
20974 54.388703 
20975 54.388703 
20976 54.388703 
20977 54.388703 
20978 54.388703 
20979 54.388703 
20980 54.388703 
20981 54.388703 
20982 54.388702 
20983 54.388702 
20984 54.388701 
20985 54.388701 
20986 54.388689 
20987 54.388688 
20988 54.388687 
20989 54.388687 
20990 54.388687 
20991 54.388687 
20992 54.388687 
20993 54.388687 
20994 54.388687 
20995 54.388687 
20996 54.388687 
20997 54.388687 
20998 54.388687 
20999 54.388687 
21000 54.388687 
21001 54.388687 
21002 54.388687 
21003 54.388687 
21004 54.388687 
21005 54.388687 
21006 54.388687 
21007 54.388687 
21008 54.388687 
21009 54.388687 
21010 54.388687 
21011 54.388687 
21012 54.388687 
21013 54.388687 
21014 54.388687 
21015 54.388687 
21016 54.388687 
21017 54.388687 
21018 54.388687 
21019 54.388687 
21020 54.388687 
21021 54.388687 
21022 54.388687 
21023 54.388687 
21024 54.388687 
21025 54.388687 
21026 54.388687 
21027 54.388687 
21028 54.388686 
21029 54.388686 
21030 54.388686 
21031 54.388686 
21032 54.388686 
21033 54.388685 
21034 54.388683 
21035 54.388683 
21036 54.388682 
21037 54.388682 
21038 54.388682 
21039 54.388682 
21040 54.388679 
21041 54.388679 
21042 54.388679 
21043 54.388679 
21044 54.388679 
21045 54.388679 
21046 54.388679 
21047 54.388679 
21048 54.388679 
21049 54.388679 
21050 54.388678 
21051 54.388678 
21052 54.388678 
21053 54.388678 
21054 54.388678 
21055 54.388674 
21056 54.388674 
21057 54.388674 
21058 54.388674 
21059 54.388674 
21060 54.388674 
21061 54.388674 
21062 54.388674 
21063 54.388674 
21064 54.388674 
21065 54.388674 
21066 54.388674 
21067 54.388674 
21068 54.388674 
21069 54.388674 
21070 54.38867 
21071 54.38867 
21072 54.38867 
21073 54.38867 
21074 54.38867 
21075 54.38867 
21076 54.38867 
21077 54.38867 
21078 54.38867 
21079 54.38867 
21080 54.38867 
21081 54.38867 
21082 54.38867 
21083 54.38867 
21084 54.38867 
21085 54.38867 
21086 54.38867 
21087 54.388649 
21088 54.388649 
21089 54.388649 
21090 54.388649 
21091 54.388649 
21092 54.388649 
21093 54.388649 
21094 54.388649 
21095 54.388649 
21096 54.388649 
21097 54.388649 
21098 54.388649 
21099 54.388649 
21100 54.388649 
21101 54.388649 
21102 54.388649 
21103 54.388649 
21104 54.388649 
21105 54.388649 
21106 54.388649 
21107 54.388649 
21108 54.388649 
21109 54.388649 
21110 54.388649 
21111 54.388649 
21112 54.388649 
21113 54.388649 
21114 54.388649 
21115 54.388649 
21116 54.388649 
21117 54.388649 
21118 54.388649 
21119 54.388649 
21120 54.388649 
21121 54.388649 
21122 54.388649 
21123 54.388649 
21124 54.388649 
21125 54.388649 
21126 54.388649 
21127 54.388649 
21128 54.388649 
21129 54.388649 
21130 54.388649 
21131 54.388649 
21132 54.388649 
21133 54.388649 
21134 54.388648 
21135 54.388633 
21136 54.388633 
21137 54.388633 
21138 54.388633 
21139 54.388633 
21140 54.388633 
21141 54.388633 
21142 54.388633 
21143 54.388633 
21144 54.388633 
21145 54.388633 
21146 54.388633 
21147 54.388633 
21148 54.388632 
21149 54.388632 
21150 54.388632 
21151 54.388631 
21152 54.38863 
21153 54.388626 
21154 54.388626 
21155 54.388626 
21156 54.388626 
21157 54.388626 
21158 54.388626 
21159 54.388626 
21160 54.388626 
21161 54.388626 
21162 54.388626 
21163 54.388626 
21164 54.388626 
21165 54.388626 
21166 54.388626 
21167 54.388626 
21168 54.388626 
21169 54.388626 
21170 54.388625 
21171 54.388625 
21172 54.388625 
21173 54.388603 
21174 54.388602 
21175 54.388602 
21176 54.388602 
21177 54.388602 
21178 54.388602 
21179 54.388601 
21180 54.388601 
21181 54.388601 
21182 54.388596 
21183 54.388596 
21184 54.388596 
21185 54.388596 
21186 54.388596 
21187 54.388595 
21188 54.388592 
21189 54.388592 
21190 54.388592 
21191 54.38859 
21192 54.38859 
21193 54.38859 
21194 54.38859 
21195 54.38859 
21196 54.38859 
21197 54.38859 
21198 54.38859 
21199 54.38859 
21200 54.38859 
21201 54.38859 
21202 54.38859 
21203 54.38859 
21204 54.38859 
21205 54.38859 
21206 54.38859 
21207 54.38859 
21208 54.38859 
21209 54.38859 
21210 54.38859 
21211 54.38859 
21212 54.38859 
21213 54.38859 
21214 54.38859 
21215 54.38859 
21216 54.38859 
21217 54.388589 
21218 54.388589 
21219 54.388589 
21220 54.388589 
21221 54.388572 
21222 54.388571 
21223 54.388571 
21224 54.388571 
21225 54.388571 
21226 54.388571 
21227 54.388569 
21228 54.388569 
21229 54.388569 
21230 54.388569 
21231 54.388569 
21232 54.388569 
21233 54.388569 
21234 54.388569 
21235 54.388569 
21236 54.388569 
21237 54.388569 
21238 54.388569 
21239 54.388568 
21240 54.388568 
21241 54.388568 
21242 54.388568 
21243 54.388568 
21244 54.388566 
21245 54.388566 
21246 54.388566 
21247 54.388566 
21248 54.388566 
21249 54.388566 
21250 54.388566 
21251 54.388566 
21252 54.388566 
21253 54.388566 
21254 54.388565 
21255 54.388565 
21256 54.388565 
21257 54.388565 
21258 54.388565 
21259 54.388565 
21260 54.388564 
21261 54.388564 
21262 54.388564 
21263 54.388562 
21264 54.388562 
21265 54.388562 
21266 54.388562 
21267 54.388562 
21268 54.388562 
21269 54.388562 
21270 54.388562 
21271 54.388562 
21272 54.388562 
21273 54.388562 
21274 54.388561 
21275 54.388557 
21276 54.388557 
21277 54.388557 
21278 54.388557 
21279 54.388557 
21280 54.388557 
21281 54.388557 
21282 54.388557 
21283 54.388557 
21284 54.388557 
21285 54.388557 
21286 54.388557 
21287 54.388557 
21288 54.388557 
21289 54.388557 
21290 54.388557 
21291 54.388557 
21292 54.388557 
21293 54.388556 
21294 54.388556 
21295 54.388556 
21296 54.388556 
21297 54.388537 
21298 54.387521 
21299 54.387252 
21300 54.38716 
21301 54.387138 
21302 54.387094 
21303 54.387054 
21304 54.387025 
21305 54.38701 
21306 54.386967 
21307 54.386946 
21308 54.386885 
21309 54.386871 
21310 54.38686 
21311 54.386849 
21312 54.38682 
21313 54.386802 
21314 54.386789 
21315 54.386764 
21316 54.386745 
21317 54.386729 
21318 54.386716 
21319 54.386702 
21320 54.386688 
21321 54.386676 
21322 54.38666 
21323 54.386646 
21324 54.386632 
21325 54.38662 
21326 54.386609 
21327 54.386595 
21328 54.386584 
21329 54.386573 
21330 54.38656 
21331 54.386549 
21332 54.386536 
21333 54.386524 
21334 54.386517 
21335 54.386504 
21336 54.386493 
21337 54.386482 
21338 54.38647 
21339 54.386452 
21340 54.386442 
21341 54.386428 
21342 54.386408 
21343 54.386395 
21344 54.386384 
21345 54.386371 
21346 54.38636 
21347 54.386341 
21348 54.386328 
21349 54.386323 
21350 54.386312 
21351 54.386304 
21352 54.386286 
21353 54.386276 
21354 54.386259 
21355 54.386237 
21356 54.38623 
21357 54.386224 
21358 54.386216 
21359 54.386206 
21360 54.386201 
21361 54.386194 
21362 54.386189 
21363 54.386184 
21364 54.386173 
21365 54.38617 
21366 54.386162 
21367 54.386155 
21368 54.38615 
21369 54.386146 
21370 54.386141 
21371 54.386138 
21372 54.386133 
21373 54.386129 
21374 54.386125 
21375 54.386119 
21376 54.386114 
21377 54.386109 
21378 54.386107 
21379 54.386104 
21380 54.386102 
21381 54.3861 
21382 54.386099 
21383 54.386097 
21384 54.386096 
21385 54.386094 
21386 54.386092 
21387 54.38609 
21388 54.386087 
21389 54.386087 
21390 54.386083 
21391 54.386081 
21392 54.386079 
21393 54.386079 
21394 54.386079 
21395 54.386079 
21396 54.386078 
21397 54.386078 
21398 54.386078 
21399 54.386078 
21400 54.386078 
21401 54.386077 
21402 54.386077 
21403 54.386077 
21404 54.386077 
21405 54.386077 
21406 54.386076 
21407 54.386076 
21408 54.386076 
21409 54.386076 
21410 54.386076 
21411 54.386076 
21412 54.386075 
21413 54.386075 
21414 54.386075 
21415 54.386075 
21416 54.386075 
21417 54.386075 
21418 54.386074 
21419 54.386074 
21420 54.386074 
21421 54.386074 
21422 54.386074 
21423 54.386074 
21424 54.386074 
21425 54.386074 
21426 54.386073 
21427 54.386073 
21428 54.386073 
21429 54.386073 
21430 54.386073 
21431 54.386072 
21432 54.386072 
21433 54.386072 
21434 54.386072 
21435 54.386072 
21436 54.386071 
21437 54.386071 
21438 54.386071 
21439 54.386071 
21440 54.386071 
21441 54.38607 
21442 54.38607 
21443 54.38607 
21444 54.38607 
21445 54.38607 
21446 54.38607 
21447 54.38607 
21448 54.38607 
21449 54.38607 
21450 54.38607 
21451 54.38607 
21452 54.38607 
21453 54.38607 
21454 54.38607 
21455 54.38607 
21456 54.38607 
21457 54.38607 
21458 54.38607 
21459 54.386069 
21460 54.386069 
21461 54.386069 
21462 54.386069 
21463 54.386069 
21464 54.386069 
21465 54.386069 
21466 54.386069 
21467 54.386069 
21468 54.386069 
21469 54.386069 
21470 54.386069 
21471 54.386069 
21472 54.386069 
21473 54.386069 
21474 54.386069 
21475 54.386069 
21476 54.386069 
21477 54.386069 
21478 54.386069 
21479 54.386069 
21480 54.386069 
21481 54.386069 
21482 54.386069 
21483 54.386068 
21484 54.386068 
21485 54.386068 
21486 54.386068 
21487 54.386068 
21488 54.386068 
21489 54.386068 
21490 54.386068 
21491 54.386068 
21492 54.386068 
21493 54.386068 
21494 54.386068 
21495 54.386068 
21496 54.386068 
21497 54.386068 
21498 54.386068 
21499 54.386068 
21500 54.386068 
21501 54.386068 
21502 54.386068 
21503 54.386068 
21504 54.386068 
21505 54.386068 
21506 54.386068 
21507 54.386068 
21508 54.386068 
21509 54.386067 
21510 54.386067 
21511 54.386067 
21512 54.386067 
21513 54.386067 
21514 54.386067 
21515 54.386067 
21516 54.386067 
21517 54.386067 
21518 54.386067 
21519 54.386067 
21520 54.386067 
21521 54.386067 
21522 54.386067 
21523 54.386067 
21524 54.386067 
21525 54.386067 
21526 54.386067 
21527 54.386067 
21528 54.386067 
21529 54.386067 
21530 54.386067 
21531 54.386067 
21532 54.386067 
21533 54.386067 
21534 54.386067 
21535 54.386067 
21536 54.386066 
21537 54.386066 
21538 54.386066 
21539 54.386066 
21540 54.386066 
21541 54.386066 
21542 54.386066 
21543 54.386066 
21544 54.386066 
21545 54.386066 
21546 54.386066 
21547 54.386066 
21548 54.386066 
21549 54.386066 
21550 54.386066 
21551 54.386066 
21552 54.386066 
21553 54.386066 
21554 54.386066 
21555 54.386066 
21556 54.386066 
21557 54.386066 
21558 54.386065 
21559 54.386065 
21560 54.386065 
21561 54.386064 
21562 54.386064 
21563 54.386064 
21564 54.386064 
21565 54.386064 
21566 54.386064 
21567 54.386064 
21568 54.386063 
21569 54.386063 
21570 54.386063 
21571 54.386063 
21572 54.386063 
21573 54.386063 
21574 54.386063 
21575 54.386063 
21576 54.386063 
21577 54.386063 
21578 54.386063 
21579 54.386062 
21580 54.386062 
21581 54.386062 
21582 54.386062 
21583 54.386062 
21584 54.386062 
21585 54.386062 
21586 54.386062 
21587 54.386062 
21588 54.386062 
21589 54.386062 
21590 54.386062 
21591 54.386062 
21592 54.386062 
21593 54.386062 
21594 54.386062 
21595 54.386062 
21596 54.386062 
21597 54.386062 
21598 54.386062 
21599 54.386062 
21600 54.386062 
21601 54.386062 
21602 54.386062 
21603 54.386062 
21604 54.386062 
21605 54.386062 
21606 54.386062 
21607 54.386062 
21608 54.386061 
21609 54.386061 
21610 54.386061 
21611 54.386061 
21612 54.386061 
21613 54.386061 
21614 54.386061 
21615 54.386061 
21616 54.386061 
21617 54.386061 
21618 54.386061 
21619 54.386061 
21620 54.386061 
21621 54.386061 
21622 54.386061 
21623 54.386061 
21624 54.386061 
21625 54.386061 
21626 54.386061 
21627 54.386061 
21628 54.386061 
21629 54.386061 
21630 54.386061 
21631 54.386061 
21632 54.386061 
21633 54.386061 
21634 54.386061 
21635 54.386061 
21636 54.386061 
21637 54.386061 
21638 54.386061 
21639 54.386061 
21640 54.386061 
21641 54.386061 
21642 54.386061 
21643 54.386061 
21644 54.386061 
21645 54.386061 
21646 54.386061 
21647 54.386061 
21648 54.386061 
21649 54.386061 
21650 54.386061 
21651 54.386061 
21652 54.386061 
21653 54.386061 
21654 54.386061 
21655 54.386061 
21656 54.386061 
21657 54.386061 
21658 54.386061 
21659 54.386061 
21660 54.386061 
21661 54.38606 
21662 54.38606 
21663 54.38606 
21664 54.38606 
21665 54.38606 
21666 54.38606 
21667 54.38606 
21668 54.38606 
21669 54.38606 
21670 54.38606 
21671 54.38606 
21672 54.38606 
21673 54.38606 
21674 54.38606 
21675 54.38606 
21676 54.38606 
21677 54.38606 
21678 54.38606 
21679 54.38606 
21680 54.38606 
21681 54.38606 
21682 54.38606 
21683 54.38606 
21684 54.38606 
21685 54.38606 
21686 54.38606 
21687 54.38606 
21688 54.38606 
21689 54.38606 
21690 54.38606 
21691 54.38606 
21692 54.38606 
21693 54.38606 
21694 54.38606 
21695 54.38606 
21696 54.38606 
21697 54.38606 
21698 54.38606 
21699 54.38606 
21700 54.38606 
21701 54.38606 
21702 54.38606 
21703 54.38606 
21704 54.38606 
21705 54.38606 
21706 54.38606 
21707 54.38606 
21708 54.38606 
21709 54.38606 
21710 54.38606 
21711 54.38606 
21712 54.38606 
21713 54.38606 
21714 54.38606 
21715 54.38606 
21716 54.38606 
21717 54.38606 
21718 54.38606 
21719 54.38606 
21720 54.38606 
21721 54.38606 
21722 54.38606 
21723 54.38606 
21724 54.38606 
21725 54.38606 
21726 54.38606 
21727 54.38606 
21728 54.38606 
21729 54.38606 
21730 54.38606 
21731 54.38606 
21732 54.38606 
21733 54.38606 
21734 54.38606 
21735 54.38606 
21736 54.38606 
21737 54.38606 
21738 54.38606 
21739 54.38606 
21740 54.38606 
21741 54.38606 
21742 54.38606 
21743 54.38606 
21744 54.38606 
21745 54.38606 
21746 54.38606 
21747 54.38606 
21748 54.38606 
21749 54.38606 
21750 54.38606 
21751 54.38606 
21752 54.38606 
21753 54.38606 
21754 54.38606 
21755 54.38606 
21756 54.38606 
21757 54.38606 
21758 54.38606 
21759 54.38606 
21760 54.38606 
21761 54.38606 
21762 54.38606 
21763 54.38606 
21764 54.38606 
21765 54.38606 
21766 54.38606 
21767 54.38606 
21768 54.38606 
21769 54.38606 
21770 54.38606 
21771 54.38606 
21772 54.38606 
21773 54.38606 
21774 54.38606 
21775 54.38606 
21776 54.38606 
21777 54.38606 
21778 54.38606 
21779 54.38606 
21780 54.38606 
21781 54.38606 
21782 54.38606 
21783 54.38606 
21784 54.38606 
21785 54.38606 
21786 54.38606 
21787 54.38606 
21788 54.38606 
21789 54.38606 
21790 54.38606 
21791 54.38606 
21792 54.38606 
21793 54.38606 
21794 54.38606 
21795 54.38606 
21796 54.38606 
21797 54.38606 
21798 54.38606 
21799 54.38606 
21800 54.38606 
21801 54.38606 
21802 54.38606 
21803 54.38606 
21804 54.38606 
21805 54.38606 
21806 54.38606 
21807 54.38606 
21808 54.38606 
21809 54.38606 
21810 54.38606 
21811 54.38606 
21812 54.38606 
21813 54.38606 
21814 54.38606 
21815 54.38606 
21816 54.38606 
21817 54.38606 
21818 54.38606 
21819 54.38606 
21820 54.38606 
21821 54.38606 
21822 54.38606 
21823 54.38606 
21824 54.38606 
21825 54.38606 
21826 54.38606 
21827 54.38606 
21828 54.38606 
21829 54.38606 
21830 54.38606 
21831 54.38606 
21832 54.38606 
21833 54.38606 
21834 54.38606 
21835 54.38606 
21836 54.386059 
21837 54.386059 
21838 54.386059 
21839 54.386059 
21840 54.386059 
21841 54.386059 
21842 54.386059 
21843 54.386059 
21844 54.386059 
21845 54.386059 
21846 54.386059 
21847 54.386059 
21848 54.386059 
21849 54.386059 
21850 54.386059 
21851 54.386059 
21852 54.386059 
21853 54.386059 
21854 54.386059 
21855 54.386059 
21856 54.386059 
21857 54.386059 
21858 54.386059 
21859 54.386059 
21860 54.386059 
21861 54.386059 
21862 54.386059 
21863 54.386059 
21864 54.386059 
21865 54.386059 
21866 54.386059 
21867 54.386059 
21868 54.386059 
21869 54.386059 
21870 54.386059 
21871 54.386059 
21872 54.386059 
21873 54.386059 
21874 54.386059 
21875 54.386059 
21876 54.386059 
21877 54.386059 
21878 54.386059 
21879 54.386059 
21880 54.386059 
21881 54.386059 
21882 54.386059 
21883 54.386059 
21884 54.386059 
21885 54.386059 
21886 54.386059 
21887 54.386059 
21888 54.386059 
21889 54.386059 
21890 54.386059 
21891 54.386059 
21892 54.386059 
21893 54.386059 
21894 54.386059 
21895 54.386059 
21896 54.386059 
21897 54.386059 
21898 54.386059 
21899 54.386059 
21900 54.386059 
21901 54.386059 
21902 54.386059 
21903 54.386059 
21904 54.386059 
21905 54.386059 
21906 54.386059 
21907 54.386059 
21908 54.386059 
21909 54.386059 
21910 54.386059 
21911 54.386059 
21912 54.386059 
21913 54.386059 
21914 54.386059 
21915 54.386059 
21916 54.386059 
21917 54.386059 
21918 54.386059 
21919 54.386059 
21920 54.386059 
21921 54.386059 
21922 54.386059 
21923 54.386059 
21924 54.386059 
21925 54.386059 
21926 54.386059 
21927 54.386059 
21928 54.386059 
21929 54.386059 
21930 54.386059 
21931 54.386059 
21932 54.386059 
21933 54.386059 
21934 54.386059 
21935 54.386059 
21936 54.386059 
21937 54.386059 
21938 54.386059 
21939 54.386059 
21940 54.386059 
21941 54.386059 
21942 54.386059 
21943 54.386059 
21944 54.386059 
21945 54.386059 
21946 54.386059 
21947 54.386059 
21948 54.386059 
21949 54.386059 
21950 54.386059 
21951 54.386059 
21952 54.386059 
21953 54.386059 
21954 54.386059 
21955 54.386059 
21956 54.386059 
21957 54.386059 
21958 54.386059 
21959 54.386059 
21960 54.386059 
21961 54.386059 
21962 54.386059 
21963 54.386059 
21964 54.386059 
21965 54.386059 
21966 54.386059 
21967 54.386059 
21968 54.386059 
21969 54.386059 
21970 54.386059 
21971 54.386059 
21972 54.386059 
21973 54.386059 
21974 54.386059 
21975 54.386059 
21976 54.386059 
21977 54.386059 
21978 54.386059 
21979 54.386059 
21980 54.386059 
21981 54.386059 
21982 54.386059 
21983 54.386059 
21984 54.386059 
21985 54.386059 
21986 54.386059 
21987 54.386059 
21988 54.386059 
21989 54.386059 
21990 54.386059 
21991 54.386059 
21992 54.386059 
21993 54.386059 
21994 54.386059 
21995 54.386059 
21996 54.386059 
21997 54.386059 
21998 54.386059 
21999 54.386059 
22000 54.386059 
22001 54.386059 
22002 54.386059 
22003 54.386059 
22004 54.386059 
22005 54.386059 
22006 54.386059 
22007 54.386059 
22008 54.386059 
22009 54.386059 
22010 54.386059 
22011 54.386059 
22012 54.386059 
22013 54.386059 
22014 54.386059 
22015 54.386059 
22016 54.386059 
22017 54.386059 
22018 54.386059 
22019 54.386059 
22020 54.386059 
22021 54.386059 
22022 54.386059 
22023 54.386059 
22024 54.386059 
22025 54.386059 
22026 54.386059 
22027 54.386059 
22028 54.386059 
22029 54.386059 
22030 54.386059 
22031 54.386059 
22032 54.386059 
22033 54.386059 
22034 54.386059 
22035 54.386059 
22036 54.386059 
22037 54.386059 
22038 54.386059 
22039 54.386059 
22040 54.386059 
22041 54.386059 
22042 54.386059 
22043 54.386059 
22044 54.386059 
22045 54.386059 
22046 54.386059 
22047 54.386059 
22048 54.386059 
22049 54.386059 
22050 54.386059 
22051 54.386059 
22052 54.386059 
22053 54.386059 
22054 54.386059 
22055 54.386059 
22056 54.386059 
22057 54.386059 
22058 54.386059 
22059 54.386059 
22060 54.386059 
22061 54.386059 
22062 54.386059 
22063 54.386059 
22064 54.386059 
22065 54.386059 
22066 54.386059 
22067 54.386059 
22068 54.386059 
22069 54.386059 
22070 54.386059 
22071 54.386059 
22072 54.386059 
22073 54.386059 
22074 54.386059 
22075 54.386059 
22076 54.386058 
22077 54.386058 
22078 54.386058 
22079 54.386058 
22080 54.386058 
22081 54.386058 
22082 54.386058 
22083 54.386058 
22084 54.386058 
22085 54.386058 
22086 54.386058 
22087 54.386058 
22088 54.386058 
22089 54.386058 
22090 54.386058 
22091 54.386058 
22092 54.386058 
22093 54.386058 
22094 54.386058 
22095 54.386058 
22096 54.386058 
22097 54.386058 
22098 54.386058 
22099 54.386058 
22100 54.386058 
22101 54.386058 
22102 54.386058 
22103 54.386058 
22104 54.386058 
22105 54.386058 
22106 54.386058 
22107 54.386058 
22108 54.386058 
22109 54.386058 
22110 54.386058 
22111 54.386058 
22112 54.386058 
22113 54.386058 
22114 54.386058 
22115 54.386058 
22116 54.386058 
22117 54.386058 
22118 54.386058 
22119 54.386058 
22120 54.386058 
22121 54.386058 
22122 54.386058 
22123 54.386058 
22124 54.386058 
22125 54.386058 
22126 54.386058 
22127 54.386058 
22128 54.386058 
22129 54.386058 
22130 54.386058 
22131 54.386058 
22132 54.386058 
22133 54.386058 
22134 54.386058 
22135 54.386058 
22136 54.386058 
22137 54.386058 
22138 54.386058 
22139 54.386058 
22140 54.386058 
22141 54.386058 
22142 54.386058 
22143 54.386058 
22144 54.386058 
22145 54.386058 
22146 54.386058 
22147 54.386058 
22148 54.386058 
22149 54.386058 
22150 54.386058 
22151 54.386058 
22152 54.386058 
22153 54.386058 
22154 54.386058 
22155 54.386058 
22156 54.386058 
22157 54.386058 
22158 54.386058 
22159 54.386058 
22160 54.386058 
22161 54.386058 
22162 54.386058 
22163 54.386058 
22164 54.386058 
22165 54.386058 
22166 54.386058 
22167 54.386058 
22168 54.386058 
22169 54.386058 
22170 54.386058 
22171 54.386058 
22172 54.386058 
22173 54.386058 
22174 54.386058 
22175 54.386058 
22176 54.386058 
22177 54.386058 
22178 54.386058 
22179 54.386058 
22180 54.386058 
22181 54.386058 
22182 54.386058 
22183 54.386058 
22184 54.386058 
22185 54.386058 
22186 54.386058 
22187 54.386058 
22188 54.386058 
22189 54.386058 
22190 54.386058 
22191 54.386058 
22192 54.386058 
22193 54.386058 
22194 54.386058 
22195 54.386058 
22196 54.386058 
22197 54.386058 
22198 54.386058 
22199 54.386058 
22200 54.386058 
22201 54.386058 
22202 54.386058 
22203 54.386058 
22204 54.386058 
22205 54.386058 
22206 54.386058 
22207 54.386058 
22208 54.386058 
22209 54.386058 
22210 54.386058 
22211 54.386058 
22212 54.386058 
22213 54.386058 
22214 54.386058 
22215 54.386058 
22216 54.386058 
22217 54.386058 
22218 54.386058 
22219 54.386058 
22220 54.386058 
22221 54.386058 
22222 54.386058 
22223 54.386058 
22224 54.386058 
22225 54.386058 
22226 54.386058 
22227 54.386058 
22228 54.386058 
22229 54.386058 
22230 54.386058 
22231 54.386058 
22232 54.386058 
22233 54.386058 
22234 54.386058 
22235 54.386058 
22236 54.386058 
22237 54.386058 
22238 54.386058 
22239 54.386058 
22240 54.386058 
22241 54.386058 
22242 54.386058 
22243 54.386058 
22244 54.386057 
22245 54.386057 
22246 54.386056 
22247 54.386056 
22248 54.386055 
22249 54.386055 
22250 54.386055 
22251 54.386055 
22252 54.386055 
22253 54.386055 
22254 54.386054 
22255 54.386054 
22256 54.386054 
22257 54.386051 
22258 54.386051 
22259 54.38605 
22260 54.38605 
22261 54.386049 
22262 54.386049 
22263 54.386048 
22264 54.386048 
22265 54.386048 
22266 54.386048 
22267 54.386048 
22268 54.386048 
22269 54.386048 
22270 54.386048 
22271 54.386048 
22272 54.386048 
22273 54.386048 
22274 54.386048 
22275 54.386048 
22276 54.386048 
22277 54.386048 
22278 54.386048 
22279 54.386048 
22280 54.386048 
22281 54.386048 
22282 54.386048 
22283 54.386048 
22284 54.386048 
22285 54.386048 
22286 54.386048 
22287 54.386048 
22288 54.386048 
22289 54.386047 
22290 54.386046 
22291 54.386046 
22292 54.386045 
22293 54.386045 
22294 54.386045 
22295 54.386045 
22296 54.386044 
22297 54.386043 
22298 54.386043 
22299 54.386043 
22300 54.386043 
22301 54.386042 
22302 54.386041 
22303 54.386041 
22304 54.38604 
22305 54.38604 
22306 54.38604 
22307 54.38604 
22308 54.386039 
22309 54.386039 
22310 54.386039 
22311 54.386039 
22312 54.386039 
22313 54.386039 
22314 54.386038 
22315 54.386038 
22316 54.386038 
22317 54.386038 
22318 54.386038 
22319 54.386037 
22320 54.386037 
22321 54.386037 
22322 54.386036 
22323 54.386036 
22324 54.386036 
22325 54.386036 
22326 54.386036 
22327 54.386036 
22328 54.386034 
22329 54.386034 
22330 54.386034 
22331 54.386034 
22332 54.386034 
22333 54.386034 
22334 54.386034 
22335 54.386034 
22336 54.386034 
22337 54.386034 
22338 54.386033 
22339 54.386033 
22340 54.386033 
22341 54.386033 
22342 54.386033 
22343 54.386032 
22344 54.386029 
22345 54.386029 
22346 54.386029 
22347 54.386029 
22348 54.386029 
22349 54.386029 
22350 54.386029 
22351 54.386029 
22352 54.386029 
22353 54.386029 
22354 54.386029 
22355 54.386029 
22356 54.386029 
22357 54.38602 
22358 54.38602 
22359 54.386019 
22360 54.386019 
22361 54.386019 
22362 54.386018 
22363 54.386018 
22364 54.386018 
22365 54.386017 
22366 54.386017 
22367 54.386016 
22368 54.386016 
22369 54.386016 
22370 54.386016 
22371 54.386016 
22372 54.386008 
22373 54.386008 
22374 54.386007 
22375 54.386007 
22376 54.386007 
22377 54.386007 
22378 54.386007 
22379 54.386007 
22380 54.386007 
22381 54.386007 
22382 54.386004 
22383 54.386004 
22384 54.386004 
22385 54.386004 
22386 54.386004 
22387 54.386004 
22388 54.386004 
22389 54.386004 
22390 54.386004 
22391 54.386004 
22392 54.386004 
22393 54.386003 
22394 54.386003 
22395 54.386003 
22396 54.386003 
22397 54.386003 
22398 54.386003 
22399 54.386003 
22400 54.386003 
22401 54.386002 
22402 54.386002 
22403 54.386002 
22404 54.386002 
22405 54.386001 
22406 54.386001 
22407 54.386001 
22408 54.386001 
22409 54.386001 
22410 54.385997 
22411 54.385997 
22412 54.385997 
22413 54.385997 
22414 54.385997 
22415 54.385997 
22416 54.385997 
22417 54.385997 
22418 54.385997 
22419 54.385997 
22420 54.385997 
22421 54.385997 
22422 54.385997 
22423 54.385997 
22424 54.385997 
22425 54.385997 
22426 54.385996 
22427 54.385996 
22428 54.385996 
22429 54.385996 
22430 54.385995 
22431 54.385995 
22432 54.385995 
22433 54.385995 
22434 54.385994 
22435 54.385994 
22436 54.385994 
22437 54.385994 
22438 54.385994 
22439 54.385994 
22440 54.385993 
22441 54.38599 
22442 54.38599 
22443 54.38599 
22444 54.38599 
22445 54.38599 
22446 54.38599 
22447 54.38599 
22448 54.38599 
22449 54.38599 
22450 54.38599 
22451 54.38599 
22452 54.38599 
22453 54.38599 
22454 54.38599 
22455 54.385989 
22456 54.385989 
22457 54.385989 
22458 54.385989 
22459 54.385989 
22460 54.385989 
22461 54.385989 
22462 54.385972 
22463 54.385972 
22464 54.385972 
22465 54.385972 
22466 54.385972 
22467 54.385972 
22468 54.385972 
22469 54.385972 
22470 54.385972 
22471 54.385972 
22472 54.385972 
22473 54.385972 
22474 54.385972 
22475 54.385972 
22476 54.385972 
22477 54.385972 
22478 54.385972 
22479 54.385972 
22480 54.385972 
22481 54.385972 
22482 54.385972 
22483 54.385972 
22484 54.385972 
22485 54.385972 
22486 54.385972 
22487 54.385972 
22488 54.385972 
22489 54.385972 
22490 54.385972 
22491 54.385972 
22492 54.385972 
22493 54.385972 
22494 54.385972 
22495 54.385972 
22496 54.385972 
22497 54.385972 
22498 54.385971 
22499 54.385971 
22500 54.385971 
22501 54.385971 
22502 54.385967 
22503 54.385967 
22504 54.385967 
22505 54.385967 
22506 54.385967 
22507 54.385967 
22508 54.385967 
22509 54.385967 
22510 54.385967 
22511 54.385967 
22512 54.385967 
22513 54.385967 
22514 54.385967 
22515 54.385967 
22516 54.385967 
22517 54.385967 
22518 54.385967 
22519 54.385966 
22520 54.385966 
22521 54.385966 
22522 54.385965 
22523 54.385965 
22524 54.385965 
22525 54.385965 
22526 54.385965 
22527 54.385963 
22528 54.385963 
22529 54.385963 
22530 54.385963 
22531 54.385963 
22532 54.385963 
22533 54.385963 
22534 54.385963 
22535 54.385963 
22536 54.385962 
22537 54.385962 
22538 54.385962 
22539 54.385962 
22540 54.385962 
22541 54.385962 
22542 54.385947 
22543 54.385946 
22544 54.385946 
22545 54.385946 
22546 54.385946 
22547 54.385946 
22548 54.385945 
22549 54.385945 
22550 54.385945 
22551 54.385945 
22552 54.385941 
22553 54.38594 
22554 54.38594 
22555 54.38594 
22556 54.38594 
22557 54.38594 
22558 54.38594 
22559 54.385939 
22560 54.385938 
22561 54.385938 
22562 54.385938 
22563 54.385935 
22564 54.385935 
22565 54.385935 
22566 54.385935 
22567 54.385935 
22568 54.385935 
22569 54.385934 
22570 54.385929 
22571 54.385929 
22572 54.385928 
22573 54.385928 
22574 54.385926 
22575 54.385926 
22576 54.385926 
22577 54.385926 
22578 54.385924 
22579 54.385924 
22580 54.385924 
22581 54.385924 
22582 54.385924 
22583 54.385923 
22584 54.385917 
22585 54.385917 
22586 54.385917 
22587 54.385917 
22588 54.385917 
22589 54.385917 
22590 54.385917 
22591 54.385917 
22592 54.385917 
22593 54.385917 
22594 54.385917 
22595 54.385917 
22596 54.385917 
22597 54.385917 
22598 54.385917 
22599 54.385917 
22600 54.385917 
22601 54.385917 
22602 54.385917 
22603 54.385917 
22604 54.385917 
22605 54.385917 
22606 54.385917 
22607 54.385917 
22608 54.385917 
22609 54.385917 
22610 54.385917 
22611 54.385911 
22612 54.385911 
22613 54.385911 
22614 54.385911 
22615 54.385911 
22616 54.385911 
22617 54.385911 
22618 54.385911 
22619 54.385911 
22620 54.385911 
22621 54.385911 
22622 54.385911 
22623 54.385911 
22624 54.385911 
22625 54.385911 
22626 54.38591 
22627 54.38591 
22628 54.385904 
22629 54.385904 
22630 54.385904 
22631 54.385904 
22632 54.385904 
22633 54.385904 
22634 54.385904 
22635 54.385904 
22636 54.385904 
22637 54.385904 
22638 54.385904 
22639 54.385903 
22640 54.385899 
22641 54.385898 
22642 54.385898 
22643 54.385898 
22644 54.385898 
22645 54.385898 
22646 54.385898 
22647 54.385898 
22648 54.385898 
22649 54.385898 
22650 54.385895 
22651 54.385895 
22652 54.385895 
22653 54.385894 
22654 54.385893 
22655 54.385893 
22656 54.385893 
22657 54.385892 
22658 54.385891 
22659 54.385886 
22660 54.385885 
22661 54.385885 
22662 54.385885 
22663 54.385885 
22664 54.385885 
22665 54.385885 
22666 54.385884 
22667 54.385884 
22668 54.385884 
22669 54.385881 
22670 54.385881 
22671 54.385881 
22672 54.385881 
22673 54.38588 
22674 54.38588 
22675 54.38588 
22676 54.38588 
22677 54.385872 
22678 54.385872 
22679 54.385872 
22680 54.385872 
22681 54.385872 
22682 54.385872 
22683 54.385872 
22684 54.385872 
22685 54.385872 
22686 54.385872 
22687 54.385872 
22688 54.385872 
22689 54.385872 
22690 54.385872 
22691 54.385872 
22692 54.385872 
22693 54.385872 
22694 54.385872 
22695 54.385872 
22696 54.385872 
22697 54.385872 
22698 54.385872 
22699 54.385872 
22700 54.385872 
22701 54.385872 
22702 54.385872 
22703 54.385872 
22704 54.385872 
22705 54.385872 
22706 54.385872 
22707 54.385872 
22708 54.385872 
22709 54.385871 
22710 54.385871 
22711 54.385871 
22712 54.385871 
22713 54.385871 
22714 54.385871 
22715 54.385871 
22716 54.385871 
22717 54.385871 
22718 54.385871 
22719 54.385871 
22720 54.385871 
22721 54.385871 
22722 54.385871 
22723 54.385871 
22724 54.385871 
22725 54.385871 
22726 54.38587 
22727 54.38587 
22728 54.38587 
22729 54.385869 
22730 54.385869 
22731 54.385867 
22732 54.385867 
22733 54.385867 
22734 54.385867 
22735 54.385867 
22736 54.385867 
22737 54.385867 
22738 54.385867 
22739 54.385867 
22740 54.385867 
22741 54.385867 
22742 54.385866 
22743 54.385866 
22744 54.385862 
22745 54.385861 
22746 54.385861 
22747 54.385861 
22748 54.385861 
22749 54.385861 
22750 54.385861 
22751 54.385861 
22752 54.385861 
22753 54.385861 
22754 54.385861 
22755 54.385861 
22756 54.385861 
22757 54.385861 
22758 54.385861 
22759 54.38586 
22760 54.38586 
22761 54.38586 
22762 54.385858 
22763 54.385858 
22764 54.385858 
22765 54.385858 
22766 54.385858 
22767 54.385858 
22768 54.385858 
22769 54.385858 
22770 54.38585 
22771 54.38585 
22772 54.38585 
22773 54.38585 
22774 54.38585 
22775 54.38585 
22776 54.38585 
22777 54.38585 
22778 54.38585 
22779 54.38585 
22780 54.38585 
22781 54.38585 
22782 54.38585 
22783 54.38585 
22784 54.38585 
22785 54.38585 
22786 54.385849 
22787 54.385849 
22788 54.385849 
22789 54.385844 
22790 54.385844 
22791 54.385844 
22792 54.385844 
22793 54.385844 
22794 54.385844 
22795 54.385844 
22796 54.385844 
22797 54.385843 
22798 54.385843 
22799 54.385836 
22800 54.385836 
22801 54.385836 
22802 54.385836 
22803 54.385836 
22804 54.385836 
22805 54.385836 
22806 54.385836 
22807 54.385836 
22808 54.385836 
22809 54.385836 
22810 54.385836 
22811 54.385836 
22812 54.385836 
22813 54.385836 
22814 54.385836 
22815 54.385836 
22816 54.385836 
22817 54.385836 
22818 54.385836 
22819 54.385836 
22820 54.385836 
22821 54.385836 
22822 54.385836 
22823 54.385836 
22824 54.385836 
22825 54.385836 
22826 54.385836 
22827 54.385836 
22828 54.385836 
22829 54.385836 
22830 54.385836 
22831 54.385836 
22832 54.385836 
22833 54.385836 
22834 54.385836 
22835 54.385836 
22836 54.385836 
22837 54.385822 
22838 54.385822 
22839 54.385822 
22840 54.385821 
22841 54.385821 
22842 54.385821 
22843 54.385821 
22844 54.385821 
22845 54.385821 
22846 54.385821 
22847 54.385821 
22848 54.385821 
22849 54.385821 
22850 54.385821 
22851 54.385821 
22852 54.385821 
22853 54.38582 
22854 54.38582 
22855 54.38582 
22856 54.38582 
22857 54.385818 
22858 54.385816 
22859 54.385816 
22860 54.385815 
22861 54.385812 
22862 54.385812 
22863 54.385812 
22864 54.385811 
22865 54.385811 
22866 54.385811 
22867 54.385811 
22868 54.385811 
22869 54.385799 
22870 54.385799 
22871 54.385799 
22872 54.385799 
22873 54.385799 
22874 54.385799 
22875 54.385799 
22876 54.385799 
22877 54.385799 
22878 54.385799 
22879 54.385799 
22880 54.385799 
22881 54.385799 
22882 54.385799 
22883 54.385799 
22884 54.385799 
22885 54.385799 
22886 54.385799 
22887 54.385799 
22888 54.385799 
22889 54.385799 
22890 54.385799 
22891 54.385799 
22892 54.385799 
22893 54.385798 
22894 54.385798 
22895 54.385798 
22896 54.385798 
22897 54.385798 
22898 54.385798 
22899 54.385798 
22900 54.385798 
22901 54.385798 
22902 54.385798 
22903 54.385798 
22904 54.385798 
22905 54.385798 
22906 54.385798 
22907 54.385798 
22908 54.385798 
22909 54.385798 
22910 54.385798 
22911 54.385798 
22912 54.385798 
22913 54.385798 
22914 54.385798 
22915 54.385798 
22916 54.385798 
22917 54.385798 
22918 54.385798 
22919 54.385798 
22920 54.385798 
22921 54.385798 
22922 54.385798 
22923 54.385798 
22924 54.385798 
22925 54.385798 
22926 54.385798 
22927 54.385798 
22928 54.385798 
22929 54.385798 
22930 54.385798 
22931 54.385798 
22932 54.385798 
22933 54.385798 
22934 54.385798 
22935 54.385798 
22936 54.385798 
22937 54.385798 
22938 54.385797 
22939 54.385797 
22940 54.385789 
22941 54.385789 
22942 54.385789 
22943 54.385789 
22944 54.385789 
22945 54.385789 
22946 54.385789 
22947 54.385789 
22948 54.385789 
22949 54.385789 
22950 54.385789 
22951 54.385789 
22952 54.385788 
22953 54.385788 
22954 54.385782 
22955 54.385782 
22956 54.385782 
22957 54.385782 
22958 54.385782 
22959 54.385782 
22960 54.385782 
22961 54.385782 
22962 54.385782 
22963 54.385782 
22964 54.385782 
22965 54.385782 
22966 54.385782 
22967 54.385782 
22968 54.385782 
22969 54.385782 
22970 54.385782 
22971 54.385782 
22972 54.385782 
22973 54.385782 
22974 54.385781 
22975 54.385781 
22976 54.385781 
22977 54.385779 
22978 54.385779 
22979 54.385779 
22980 54.385779 
22981 54.385779 
22982 54.385779 
22983 54.385779 
22984 54.385779 
22985 54.385779 
22986 54.385779 
22987 54.385779 
22988 54.385777 
22989 54.385777 
22990 54.385777 
22991 54.385777 
22992 54.385777 
22993 54.385777 
22994 54.385777 
22995 54.385777 
22996 54.385777 
22997 54.385777 
22998 54.385775 
22999 54.385775 
23000 54.385775 
23001 54.385775 
23002 54.385775 
23003 54.385774 
23004 54.385772 
23005 54.385772 
23006 54.385772 
23007 54.385772 
23008 54.385772 
23009 54.385772 
23010 54.385772 
23011 54.385772 
23012 54.385772 
23013 54.38577 
23014 54.38577 
23015 54.38577 
23016 54.38577 
23017 54.38577 
23018 54.385757 
23019 54.385756 
23020 54.385756 
23021 54.385756 
23022 54.385756 
23023 54.385755 
23024 54.385754 
23025 54.385753 
23026 54.385753 
23027 54.385753 
23028 54.385753 
23029 54.385753 
23030 54.385753 
23031 54.385753 
23032 54.385753 
23033 54.385753 
23034 54.385753 
23035 54.385753 
23036 54.385753 
23037 54.385753 
23038 54.385753 
23039 54.385753 
23040 54.385753 
23041 54.385753 
23042 54.385753 
23043 54.385753 
23044 54.385753 
23045 54.385753 
23046 54.385753 
23047 54.385753 
23048 54.385753 
23049 54.385753 
23050 54.385753 
23051 54.385753 
23052 54.385753 
23053 54.385753 
23054 54.385753 
23055 54.385753 
23056 54.385753 
23057 54.385753 
23058 54.385753 
23059 54.385753 
23060 54.385752 
23061 54.385752 
23062 54.385752 
23063 54.385752 
23064 54.385752 
23065 54.385747 
23066 54.385747 
23067 54.385747 
23068 54.385747 
23069 54.385747 
23070 54.385747 
23071 54.385747 
23072 54.385747 
23073 54.385747 
23074 54.385747 
23075 54.385747 
23076 54.385747 
23077 54.385747 
23078 54.385747 
23079 54.385747 
23080 54.385747 
23081 54.385747 
23082 54.385747 
23083 54.385747 
23084 54.385747 
23085 54.385747 
23086 54.385746 
23087 54.385746 
23088 54.385746 
23089 54.385746 
23090 54.385745 
23091 54.385745 
23092 54.385745 
23093 54.385745 
23094 54.385745 
23095 54.385745 
23096 54.385744 
23097 54.385744 
23098 54.385744 
23099 54.385744 
23100 54.385729 
23101 54.385729 
23102 54.385729 
23103 54.385729 
23104 54.385729 
23105 54.385729 
23106 54.385729 
23107 54.385729 
23108 54.385729 
23109 54.385729 
23110 54.385729 
23111 54.385729 
23112 54.385729 
23113 54.385729 
23114 54.385729 
23115 54.385729 
23116 54.385729 
23117 54.385729 
23118 54.385729 
23119 54.385729 
23120 54.385729 
23121 54.385729 
23122 54.385729 
23123 54.385729 
23124 54.385729 
23125 54.385729 
23126 54.385729 
23127 54.385729 
23128 54.385729 
23129 54.385729 
23130 54.385729 
23131 54.385729 
23132 54.385729 
23133 54.385728 
23134 54.385726 
23135 54.385726 
23136 54.385726 
23137 54.385726 
23138 54.385726 
23139 54.385726 
23140 54.385726 
23141 54.385726 
23142 54.385726 
23143 54.385726 
23144 54.385725 
23145 54.385725 
23146 54.385725 
23147 54.385725 
23148 54.385725 
23149 54.385725 
23150 54.385725 
23151 54.385725 
23152 54.385724 
23153 54.385724 
23154 54.385724 
23155 54.385724 
23156 54.385723 
23157 54.385723 
23158 54.385723 
23159 54.385723 
23160 54.385723 
23161 54.385722 
23162 54.385722 
23163 54.385722 
23164 54.385722 
23165 54.385722 
23166 54.385721 
23167 54.385721 
23168 54.385721 
23169 54.385721 
23170 54.385721 
23171 54.385721 
23172 54.38572 
23173 54.385719 
23174 54.385719 
23175 54.385719 
23176 54.385719 
23177 54.385719 
23178 54.385719 
23179 54.385719 
23180 54.385719 
23181 54.385719 
23182 54.385717 
23183 54.385717 
23184 54.385717 
23185 54.385717 
23186 54.385717 
23187 54.385717 
23188 54.385717 
23189 54.385717 
23190 54.385717 
23191 54.385715 
23192 54.385715 
23193 54.385715 
23194 54.385715 
23195 54.385715 
23196 54.385715 
23197 54.385715 
23198 54.385715 
23199 54.385714 
23200 54.385714 
23201 54.385714 
23202 54.385714 
23203 54.385714 
23204 54.385714 
23205 54.385714 
23206 54.385713 
23207 54.385713 
23208 54.385713 
23209 54.385713 
23210 54.385712 
23211 54.385712 
23212 54.385712 
23213 54.385712 
23214 54.385712 
23215 54.385712 
23216 54.38567 
23217 54.385668 
23218 54.385668 
23219 54.385668 
23220 54.385667 
23221 54.385667 
23222 54.385667 
23223 54.385667 
23224 54.385667 
23225 54.385667 
23226 54.385667 
23227 54.385667 
23228 54.385667 
23229 54.385667 
23230 54.385667 
23231 54.385667 
23232 54.385667 
23233 54.385667 
23234 54.385667 
23235 54.385665 
23236 54.385665 
23237 54.385665 
23238 54.385665 
23239 54.385665 
23240 54.385665 
23241 54.385665 
23242 54.385665 
23243 54.385665 
23244 54.385665 
23245 54.385665 
23246 54.385664 
23247 54.385664 
23248 54.385664 
23249 54.385664 
23250 54.385664 
23251 54.385656 
23252 54.385656 
23253 54.385656 
23254 54.385656 
23255 54.385656 
23256 54.385656 
23257 54.385656 
23258 54.385656 
23259 54.385656 
23260 54.385656 
23261 54.385656 
23262 54.385656 
23263 54.385656 
23264 54.385656 
23265 54.385656 
23266 54.385656 
23267 54.385656 
23268 54.385656 
23269 54.385656 
23270 54.385656 
23271 54.385656 
23272 54.385656 
23273 54.385656 
23274 54.38565 
23275 54.38565 
23276 54.38565 
23277 54.38565 
23278 54.38565 
23279 54.38565 
23280 54.38565 
23281 54.38565 
23282 54.38565 
23283 54.38565 
23284 54.385649 
23285 54.385648 
23286 54.385648 
23287 54.385643 
23288 54.385643 
23289 54.385643 
23290 54.385643 
23291 54.385643 
23292 54.385643 
23293 54.385643 
23294 54.385643 
23295 54.385643 
23296 54.385643 
23297 54.385643 
23298 54.385643 
23299 54.385643 
23300 54.385643 
23301 54.385643 
23302 54.385643 
23303 54.385642 
23304 54.385642 
23305 54.385642 
23306 54.385642 
23307 54.385642 
23308 54.385642 
23309 54.385642 
23310 54.385642 
23311 54.385642 
23312 54.385642 
23313 54.385642 
23314 54.385642 
23315 54.385641 
23316 54.385641 
23317 54.385641 
23318 54.385641 
23319 54.385631 
23320 54.385631 
23321 54.385631 
23322 54.385631 
23323 54.385631 
23324 54.385631 
23325 54.385631 
23326 54.385631 
23327 54.385631 
23328 54.385631 
23329 54.385631 
23330 54.385631 
23331 54.385629 
23332 54.385629 
23333 54.385629 
23334 54.385629 
23335 54.385629 
23336 54.385629 
23337 54.385629 
23338 54.385629 
23339 54.385629 
23340 54.385629 
23341 54.385628 
23342 54.385628 
23343 54.385628 
23344 54.385628 
23345 54.385627 
23346 54.385627 
23347 54.385627 
23348 54.385627 
23349 54.385627 
23350 54.385625 
23351 54.385625 
23352 54.385625 
23353 54.385625 
23354 54.385625 
23355 54.385625 
23356 54.385625 
23357 54.385625 
23358 54.385624 
23359 54.385624 
23360 54.385624 
23361 54.385624 
23362 54.385624 
23363 54.385624 
23364 54.385624 
23365 54.385624 
23366 54.38562 
23367 54.385619 
23368 54.385619 
23369 54.385619 
23370 54.385619 
23371 54.385619 
23372 54.385619 
23373 54.385619 
23374 54.385619 
23375 54.385619 
23376 54.385619 
23377 54.385619 
23378 54.385619 
23379 54.385619 
23380 54.385619 
23381 54.385619 
23382 54.385613 
23383 54.385613 
23384 54.385613 
23385 54.385613 
23386 54.385613 
23387 54.385613 
23388 54.385613 
23389 54.385613 
23390 54.385613 
23391 54.385613 
23392 54.385613 
23393 54.385613 
23394 54.385612 
23395 54.385612 
23396 54.385612 
23397 54.385612 
23398 54.385612 
23399 54.385607 
23400 54.385607 
23401 54.385607 
23402 54.385607 
23403 54.385607 
23404 54.385607 
23405 54.385607 
23406 54.385607 
23407 54.385607 
23408 54.385606 
23409 54.385606 
23410 54.385605 
23411 54.385605 
23412 54.385605 
23413 54.385605 
23414 54.385605 
23415 54.385605 
23416 54.385605 
23417 54.385603 
23418 54.385603 
23419 54.385603 
23420 54.385603 
23421 54.385603 
23422 54.385602 
23423 54.385602 
23424 54.385602 
23425 54.385602 
23426 54.38559 
23427 54.38559 
23428 54.385582 
23429 54.385582 
23430 54.385582 
23431 54.385582 
23432 54.385582 
23433 54.385582 
23434 54.385582 
23435 54.385582 
23436 54.385582 
23437 54.385582 
23438 54.385582 
23439 54.385582 
23440 54.385582 
23441 54.385582 
23442 54.385582 
23443 54.385582 
23444 54.385582 
23445 54.385577 
23446 54.385577 
23447 54.385577 
23448 54.385577 
23449 54.385577 
23450 54.385577 
23451 54.385577 
23452 54.385577 
23453 54.385577 
23454 54.385577 
23455 54.385577 
23456 54.385577 
23457 54.385577 
23458 54.385577 
23459 54.385577 
23460 54.385577 
23461 54.385577 
23462 54.385577 
23463 54.385577 
23464 54.385576 
23465 54.385576 
23466 54.385576 
23467 54.385576 
23468 54.38557 
23469 54.38557 
23470 54.38557 
23471 54.38557 
23472 54.38557 
23473 54.38557 
23474 54.38557 
23475 54.38557 
23476 54.38557 
23477 54.38557 
23478 54.38557 
23479 54.38557 
23480 54.38557 
23481 54.38557 
23482 54.38557 
23483 54.38557 
23484 54.38557 
23485 54.38557 
23486 54.38557 
23487 54.38557 
23488 54.38557 
23489 54.38557 
23490 54.38557 
23491 54.38557 
23492 54.38557 
23493 54.38557 
23494 54.38557 
23495 54.38557 
23496 54.38557 
23497 54.38557 
23498 54.38557 
23499 54.38557 
23500 54.38557 
23501 54.38557 
23502 54.38557 
23503 54.38557 
23504 54.38557 
23505 54.38557 
23506 54.38557 
23507 54.38557 
23508 54.38557 
23509 54.38557 
23510 54.38557 
23511 54.38557 
23512 54.38557 
23513 54.38557 
23514 54.38557 
23515 54.38557 
23516 54.38557 
23517 54.38557 
23518 54.38557 
23519 54.38557 
23520 54.385566 
23521 54.385566 
23522 54.385566 
23523 54.385566 
23524 54.385566 
23525 54.385566 
23526 54.385566 
23527 54.385566 
23528 54.385566 
23529 54.385566 
23530 54.385566 
23531 54.385566 
23532 54.385566 
23533 54.385566 
23534 54.385566 
23535 54.385566 
23536 54.385566 
23537 54.385566 
23538 54.385566 
23539 54.385566 
23540 54.385566 
23541 54.385565 
23542 54.385565 
23543 54.385565 
23544 54.385565 
23545 54.385565 
23546 54.385564 
23547 54.385564 
23548 54.385564 
23549 54.385562 
23550 54.385562 
23551 54.385562 
23552 54.385562 
23553 54.385562 
23554 54.385562 
23555 54.385562 
23556 54.385557 
23557 54.385557 
23558 54.385557 
23559 54.385557 
23560 54.385557 
23561 54.385557 
23562 54.385557 
23563 54.385557 
23564 54.385557 
23565 54.385557 
23566 54.385557 
23567 54.385557 
23568 54.385557 
23569 54.385557 
23570 54.385557 
23571 54.385555 
23572 54.385555 
23573 54.385546 
23574 54.385546 
23575 54.385546 
23576 54.385546 
23577 54.385546 
23578 54.385546 
23579 54.385546 
23580 54.385546 
23581 54.385546 
23582 54.385546 
23583 54.385546 
23584 54.385546 
23585 54.385546 
23586 54.385546 
23587 54.385546 
23588 54.385546 
23589 54.385546 
23590 54.385546 
23591 54.385545 
23592 54.385544 
23593 54.385544 
23594 54.385537 
23595 54.385537 
23596 54.385537 
23597 54.385537 
23598 54.385536 
23599 54.385536 
23600 54.385536 
23601 54.385536 
23602 54.385536 
23603 54.385531 
23604 54.385531 
23605 54.385531 
23606 54.38553 
23607 54.38553 
23608 54.38553 
23609 54.38553 
23610 54.38553 
23611 54.38553 
23612 54.38553 
23613 54.385526 
23614 54.385526 
23615 54.385526 
23616 54.385526 
23617 54.385526 
23618 54.385526 
23619 54.385526 
23620 54.385526 
23621 54.385526 
23622 54.385526 
23623 54.385526 
23624 54.385526 
23625 54.385526 
23626 54.385526 
23627 54.385526 
23628 54.385526 
23629 54.385526 
23630 54.385526 
23631 54.385526 
23632 54.385526 
23633 54.385525 
23634 54.385525 
23635 54.385525 
23636 54.385483 
23637 54.38548 
23638 54.38548 
23639 54.38548 
23640 54.38548 
23641 54.38548 
23642 54.38548 
23643 54.38548 
23644 54.38548 
23645 54.38548 
23646 54.38548 
23647 54.38548 
23648 54.38548 
23649 54.38548 
23650 54.38548 
23651 54.38548 
23652 54.38548 
23653 54.38548 
23654 54.38548 
23655 54.38548 
23656 54.38548 
23657 54.38548 
23658 54.38548 
23659 54.38548 
23660 54.385479 
23661 54.385479 
23662 54.385479 
23663 54.385479 
23664 54.385479 
23665 54.385479 
23666 54.385478 
23667 54.385478 
23668 54.385478 
23669 54.385478 
23670 54.385478 
23671 54.385476 
23672 54.385476 
23673 54.385476 
23674 54.385476 
23675 54.385476 
23676 54.385476 
23677 54.385476 
23678 54.385476 
23679 54.385476 
23680 54.385476 
23681 54.385476 
23682 54.385475 
23683 54.385475 
23684 54.385475 
23685 54.385475 
23686 54.385475 
23687 54.385475 
23688 54.385474 
23689 54.385474 
23690 54.385474 
23691 54.385474 
23692 54.385474 
23693 54.385474 
23694 54.385474 
23695 54.385418 
23696 54.385415 
23697 54.385415 
23698 54.385415 
23699 54.385415 
23700 54.385415 
23701 54.385415 
23702 54.385415 
23703 54.385414 
23704 54.385414 
23705 54.385414 
23706 54.385414 
23707 54.385414 
23708 54.385414 
23709 54.385414 
23710 54.385414 
23711 54.385414 
23712 54.385413 
23713 54.385397 
23714 54.385396 
23715 54.385396 
23716 54.385396 
23717 54.385396 
23718 54.385395 
23719 54.385395 
23720 54.385395 
23721 54.385395 
23722 54.385395 
23723 54.385395 
23724 54.385395 
23725 54.385394 
23726 54.385394 
23727 54.385393 
23728 54.385391 
23729 54.385391 
23730 54.385391 
23731 54.385391 
23732 54.385391 
23733 54.385391 
23734 54.385391 
23735 54.38539 
23736 54.38539 
23737 54.38539 
23738 54.38539 
23739 54.38539 
23740 54.385387 
23741 54.385387 
23742 54.385387 
23743 54.385387 
23744 54.385387 
23745 54.385387 
23746 54.385387 
23747 54.385387 
23748 54.385387 
23749 54.385387 
23750 54.385387 
23751 54.385387 
23752 54.385387 
23753 54.385387 
23754 54.385387 
23755 54.385387 
23756 54.385387 
23757 54.385387 
23758 54.385387 
23759 54.385386 
23760 54.385386 
23761 54.385386 
23762 54.385386 
23763 54.385386 
23764 54.385386 
23765 54.385386 
23766 54.385386 
23767 54.385386 
23768 54.385386 
23769 54.385385 
23770 54.385385 
23771 54.385385 
23772 54.385385 
23773 54.385385 
23774 54.385385 
23775 54.385385 
23776 54.385385 
23777 54.385353 
23778 54.385352 
23779 54.385352 
23780 54.385352 
23781 54.385352 
23782 54.385352 
23783 54.385352 
23784 54.385352 
23785 54.385352 
23786 54.385352 
23787 54.385352 
23788 54.385352 
23789 54.385352 
23790 54.385352 
23791 54.385352 
23792 54.385352 
23793 54.385352 
23794 54.385352 
23795 54.385352 
23796 54.385352 
23797 54.385352 
23798 54.385352 
23799 54.385352 
23800 54.385352 
23801 54.385352 
23802 54.385352 
23803 54.385352 
23804 54.385352 
23805 54.385352 
23806 54.385352 
23807 54.385352 
23808 54.385352 
23809 54.385352 
23810 54.385352 
23811 54.385352 
23812 54.385352 
23813 54.385352 
23814 54.385352 
23815 54.385352 
23816 54.385352 
23817 54.385352 
23818 54.385352 
23819 54.385352 
23820 54.385352 
23821 54.385352 
23822 54.385352 
23823 54.385352 
23824 54.385352 
23825 54.385352 
23826 54.385352 
23827 54.385352 
23828 54.385352 
23829 54.385352 
23830 54.385352 
23831 54.385352 
23832 54.385352 
23833 54.385352 
23834 54.385349 
23835 54.385349 
23836 54.385349 
23837 54.385349 
23838 54.385349 
23839 54.385349 
23840 54.385349 
23841 54.385349 
23842 54.385349 
23843 54.385349 
23844 54.385349 
23845 54.385349 
23846 54.385349 
23847 54.385349 
23848 54.385349 
23849 54.385349 
23850 54.385349 
23851 54.385349 
23852 54.385347 
23853 54.385347 
23854 54.385347 
23855 54.385347 
23856 54.385347 
23857 54.385347 
23858 54.385347 
23859 54.385347 
23860 54.385347 
23861 54.385342 
23862 54.385342 
23863 54.385342 
23864 54.385342 
23865 54.385342 
23866 54.385342 
23867 54.385342 
23868 54.385342 
23869 54.385342 
23870 54.385342 
23871 54.385342 
23872 54.385342 
23873 54.385342 
23874 54.385342 
23875 54.385342 
23876 54.385342 
23877 54.385342 
23878 54.385341 
23879 54.385331 
23880 54.385331 
23881 54.385331 
23882 54.385331 
23883 54.385331 
23884 54.385331 
23885 54.385331 
23886 54.385331 
23887 54.385331 
23888 54.385331 
23889 54.385331 
23890 54.385331 
23891 54.385331 
23892 54.385331 
23893 54.385331 
23894 54.385331 
23895 54.385331 
23896 54.385331 
23897 54.385331 
23898 54.385331 
23899 54.385331 
23900 54.385331 
23901 54.385331 
23902 54.385331 
23903 54.385331 
23904 54.385331 
23905 54.385331 
23906 54.385331 
23907 54.385331 
23908 54.385331 
23909 54.385331 
23910 54.385331 
23911 54.385331 
23912 54.385331 
23913 54.385331 
23914 54.385331 
23915 54.385331 
23916 54.385331 
23917 54.385331 
23918 54.385331 
23919 54.385331 
23920 54.385331 
23921 54.385331 
23922 54.385331 
23923 54.385331 
23924 54.385331 
23925 54.385331 
23926 54.385331 
23927 54.385331 
23928 54.385331 
23929 54.385331 
23930 54.385331 
23931 54.385331 
23932 54.385331 
23933 54.385331 
23934 54.385331 
23935 54.385331 
23936 54.385331 
23937 54.385331 
23938 54.385331 
23939 54.385331 
23940 54.385331 
23941 54.385331 
23942 54.385331 
23943 54.385331 
23944 54.385331 
23945 54.385331 
23946 54.385331 
23947 54.385331 
23948 54.385331 
23949 54.385331 
23950 54.385331 
23951 54.385331 
23952 54.385331 
23953 54.385331 
23954 54.385331 
23955 54.385331 
23956 54.385331 
23957 54.385331 
23958 54.385331 
23959 54.385331 
23960 54.385331 
23961 54.385331 
23962 54.385331 
23963 54.385331 
23964 54.385331 
23965 54.385331 
23966 54.385331 
23967 54.385331 
23968 54.385331 
23969 54.385331 
23970 54.385331 
23971 54.385331 
23972 54.385331 
23973 54.385331 
23974 54.385331 
23975 54.385331 
23976 54.385331 
23977 54.385331 
23978 54.385331 
23979 54.385331 
23980 54.385331 
23981 54.385331 
23982 54.385331 
23983 54.385331 
23984 54.385331 
23985 54.385331 
23986 54.385331 
23987 54.385331 
23988 54.385331 
23989 54.385331 
23990 54.385331 
23991 54.385331 
23992 54.385331 
23993 54.385331 
23994 54.385331 
23995 54.385331 
23996 54.385331 
23997 54.385331 
23998 54.385331 
23999 54.385331 
24000 54.385331 
24001 54.385331 
24002 54.385331 
24003 54.385331 
24004 54.385331 
24005 54.385331 
24006 54.385331 
24007 54.385331 
24008 54.385331 
24009 54.385331 
24010 54.385331 
24011 54.385331 
24012 54.385331 
24013 54.385331 
24014 54.385331 
24015 54.385331 
24016 54.385331 
24017 54.385331 
24018 54.38533 
24019 54.38533 
24020 54.38533 
24021 54.38533 
24022 54.38533 
24023 54.38533 
24024 54.38533 
24025 54.38533 
24026 54.38533 
24027 54.38533 
24028 54.38533 
24029 54.38533 
24030 54.38533 
24031 54.38533 
24032 54.38533 
24033 54.38533 
24034 54.38533 
24035 54.38533 
24036 54.38533 
24037 54.38533 
24038 54.38533 
24039 54.38533 
24040 54.38533 
24041 54.38533 
24042 54.38533 
24043 54.38533 
24044 54.38533 
24045 54.385329 
24046 54.385295 
24047 54.38529 
24048 54.38529 
24049 54.38529 
24050 54.38529 
24051 54.38529 
24052 54.38529 
24053 54.38529 
24054 54.38529 
24055 54.38529 
24056 54.38529 
24057 54.38529 
24058 54.38529 
24059 54.38529 
24060 54.38529 
24061 54.38529 
24062 54.38529 
24063 54.38529 
24064 54.38529 
24065 54.38529 
24066 54.38529 
24067 54.38529 
24068 54.38529 
24069 54.38529 
24070 54.38529 
24071 54.38529 
24072 54.38529 
24073 54.38529 
24074 54.38529 
24075 54.38529 
24076 54.385289 
24077 54.385289 
24078 54.385289 
24079 54.385289 
24080 54.385289 
24081 54.385289 
24082 54.385289 
24083 54.385289 
24084 54.385289 
24085 54.385289 
24086 54.385289 
24087 54.385289 
24088 54.385289 
24089 54.385289 
24090 54.385289 
24091 54.385289 
24092 54.385288 
24093 54.385288 
24094 54.385288 
24095 54.385288 
24096 54.385287 
24097 54.385286 
24098 54.385283 
24099 54.385264 
24100 54.385264 
24101 54.385264 
24102 54.385264 
24103 54.385264 
24104 54.385264 
24105 54.385264 
24106 54.385264 
24107 54.385263 
24108 54.385261 
24109 54.385259 
24110 54.385259 
24111 54.385259 
24112 54.385259 
24113 54.385259 
24114 54.385259 
24115 54.385259 
24116 54.385259 
24117 54.385259 
24118 54.385259 
24119 54.385259 
24120 54.385259 
24121 54.385259 
24122 54.385259 
24123 54.385259 
24124 54.385259 
24125 54.385259 
24126 54.385259 
24127 54.385259 
24128 54.385259 
24129 54.385259 
24130 54.385259 
24131 54.385259 
24132 54.385259 
24133 54.385259 
24134 54.385259 
24135 54.385259 
24136 54.385259 
24137 54.385259 
24138 54.385259 
24139 54.385259 
24140 54.385259 
24141 54.385259 
24142 54.385259 
24143 54.385259 
24144 54.385259 
24145 54.385259 
24146 54.385259 
24147 54.385258 
24148 54.385258 
24149 54.385258 
24150 54.385256 
24151 54.385256 
24152 54.385256 
24153 54.385256 
24154 54.385256 
24155 54.385256 
24156 54.385256 
24157 54.385256 
24158 54.385256 
24159 54.385256 
24160 54.385256 
24161 54.385256 
24162 54.385256 
24163 54.385256 
24164 54.385256 
24165 54.385256 
24166 54.385256 
24167 54.385256 
24168 54.385256 
24169 54.385256 
24170 54.385256 
24171 54.385256 
24172 54.385256 
24173 54.385256 
24174 54.385251 
24175 54.385251 
24176 54.385251 
24177 54.385251 
24178 54.385251 
24179 54.385251 
24180 54.385251 
24181 54.385251 
24182 54.385251 
24183 54.385251 
24184 54.385251 
24185 54.385251 
24186 54.385251 
24187 54.385251 
24188 54.385251 
24189 54.385251 
24190 54.385251 
24191 54.385251 
24192 54.385251 
24193 54.385251 
24194 54.385251 
24195 54.385251 
24196 54.385251 
24197 54.385251 
24198 54.385247 
24199 54.385246 
24200 54.385246 
24201 54.385246 
24202 54.385246 
24203 54.385246 
24204 54.385246 
24205 54.385245 
24206 54.385245 
24207 54.385245 
24208 54.385245 
24209 54.385245 
24210 54.385245 
24211 54.385245 
24212 54.385245 
24213 54.385245 
24214 54.385245 
24215 54.385245 
24216 54.385245 
24217 54.385245 
24218 54.385245 
24219 54.385245 
24220 54.385245 
24221 54.385245 
24222 54.385245 
24223 54.385245 
24224 54.385245 
24225 54.385245 
24226 54.385243 
24227 54.385243 
24228 54.385243 
24229 54.385243 
24230 54.385242 
24231 54.38524 
24232 54.38524 
24233 54.38524 
24234 54.38524 
24235 54.38524 
24236 54.38524 
24237 54.38524 
24238 54.38524 
24239 54.38524 
24240 54.38524 
24241 54.38524 
24242 54.38524 
24243 54.38524 
24244 54.38524 
24245 54.38524 
24246 54.38524 
24247 54.38524 
24248 54.38524 
24249 54.38524 
24250 54.385239 
24251 54.385239 
24252 54.385239 
24253 54.385239 
24254 54.385239 
24255 54.385239 
24256 54.385238 
24257 54.385238 
24258 54.385238 
24259 54.385238 
24260 54.385238 
24261 54.385238 
24262 54.385237 
24263 54.385237 
24264 54.385237 
24265 54.385237 
24266 54.385237 
24267 54.385237 
24268 54.385237 
24269 54.385237 
24270 54.385237 
24271 54.385237 
24272 54.385237 
24273 54.385237 
24274 54.385237 
24275 54.385237 
24276 54.385237 
24277 54.385237 
24278 54.385225 
24279 54.385225 
24280 54.385225 
24281 54.385225 
24282 54.385225 
24283 54.385225 
24284 54.385225 
24285 54.385225 
24286 54.385225 
24287 54.385225 
24288 54.385225 
24289 54.385225 
24290 54.385225 
24291 54.385225 
24292 54.385225 
24293 54.385225 
24294 54.385225 
24295 54.385225 
24296 54.385225 
24297 54.385225 
24298 54.385225 
24299 54.385225 
24300 54.385225 
24301 54.385225 
24302 54.385225 
24303 54.385225 
24304 54.385225 
24305 54.385225 
24306 54.385225 
24307 54.385225 
24308 54.385225 
24309 54.385225 
24310 54.385225 
24311 54.385225 
24312 54.385225 
24313 54.385225 
24314 54.385225 
24315 54.385225 
24316 54.385225 
24317 54.385225 
24318 54.385225 
24319 54.385225 
24320 54.385225 
24321 54.385225 
24322 54.385225 
24323 54.385225 
24324 54.385225 
24325 54.385225 
24326 54.385225 
24327 54.385225 
24328 54.385225 
24329 54.385225 
24330 54.385225 
24331 54.385225 
24332 54.385225 
24333 54.385225 
24334 54.385225 
24335 54.385225 
24336 54.385201 
24337 54.385201 
24338 54.385201 
24339 54.385201 
24340 54.385201 
24341 54.385201 
24342 54.385201 
24343 54.385201 
24344 54.385201 
24345 54.385201 
24346 54.385201 
24347 54.385201 
24348 54.385201 
24349 54.385201 
24350 54.385201 
24351 54.385201 
24352 54.385201 
24353 54.385201 
24354 54.385201 
24355 54.385201 
24356 54.385201 
24357 54.385201 
24358 54.385201 
24359 54.385201 
24360 54.385201 
24361 54.385201 
24362 54.385201 
24363 54.385201 
24364 54.385201 
24365 54.385201 
24366 54.385201 
24367 54.385201 
24368 54.385201 
24369 54.385201 
24370 54.385201 
24371 54.385201 
24372 54.385201 
24373 54.385201 
24374 54.385201 
24375 54.385201 
24376 54.385201 
24377 54.385201 
24378 54.385201 
24379 54.385201 
24380 54.385201 
24381 54.385201 
24382 54.385201 
24383 54.385201 
24384 54.385201 
24385 54.385201 
24386 54.3852 
24387 54.3852 
24388 54.3852 
24389 54.3852 
24390 54.3852 
24391 54.3852 
24392 54.385199 
24393 54.385199 
24394 54.385199 
24395 54.385199 
24396 54.385199 
24397 54.385199 
24398 54.385199 
24399 54.385199 
24400 54.385199 
24401 54.385197 
24402 54.385197 
24403 54.385197 
24404 54.385197 
24405 54.385195 
24406 54.385195 
24407 54.385195 
24408 54.385195 
24409 54.385194 
24410 54.385194 
24411 54.385194 
24412 54.385194 
24413 54.385194 
24414 54.385194 
24415 54.385194 
24416 54.385194 
24417 54.385193 
24418 54.385193 
24419 54.385193 
24420 54.385192 
24421 54.385192 
24422 54.385192 
24423 54.385192 
24424 54.385192 
24425 54.385192 
24426 54.385192 
24427 54.385187 
24428 54.385187 
24429 54.385187 
24430 54.385187 
24431 54.385187 
24432 54.385187 
24433 54.385187 
24434 54.385187 
24435 54.385187 
24436 54.385187 
24437 54.385187 
24438 54.385187 
24439 54.385187 
24440 54.385187 
24441 54.385187 
24442 54.385187 
24443 54.385187 
24444 54.385187 
24445 54.385187 
24446 54.385187 
24447 54.385187 
24448 54.385187 
24449 54.385187 
24450 54.385187 
24451 54.385187 
24452 54.385187 
24453 54.385187 
24454 54.385187 
24455 54.385187 
24456 54.385187 
24457 54.385187 
24458 54.385187 
24459 54.385187 
24460 54.385187 
24461 54.385186 
24462 54.385185 
24463 54.385185 
24464 54.385185 
24465 54.385185 
24466 54.385185 
24467 54.385185 
24468 54.385185 
24469 54.385184 
24470 54.385184 
24471 54.385183 
24472 54.385183 
24473 54.385183 
24474 54.385183 
24475 54.385183 
24476 54.385183 
24477 54.385183 
24478 54.385183 
24479 54.385183 
24480 54.385183 
24481 54.385181 
24482 54.385181 
24483 54.385181 
24484 54.385181 
24485 54.385181 
24486 54.385181 
24487 54.385181 
24488 54.385181 
24489 54.385181 
24490 54.385181 
24491 54.385181 
24492 54.385181 
24493 54.385181 
24494 54.385181 
24495 54.385181 
24496 54.38518 
24497 54.38518 
24498 54.38518 
24499 54.38518 
24500 54.38518 
24501 54.38518 
24502 54.38518 
24503 54.38518 
24504 54.385178 
24505 54.385178 
24506 54.385178 
24507 54.385178 
24508 54.385178 
24509 54.385178 
24510 54.385178 
24511 54.385178 
24512 54.385178 
24513 54.385178 
24514 54.385178 
24515 54.385178 
24516 54.385178 
24517 54.385178 
24518 54.385178 
24519 54.385177 
24520 54.385177 
24521 54.385177 
24522 54.385177 
24523 54.385177 
24524 54.385177 
24525 54.385177 
24526 54.385177 
24527 54.385169 
24528 54.385169 
24529 54.385169 
24530 54.385169 
24531 54.385169 
24532 54.385169 
24533 54.385169 
24534 54.385169 
24535 54.385169 
24536 54.385169 
24537 54.385169 
24538 54.385169 
24539 54.385169 
24540 54.385169 
24541 54.385169 
24542 54.385169 
24543 54.385169 
24544 54.385169 
24545 54.385169 
24546 54.385169 
24547 54.385169 
24548 54.385169 
24549 54.385169 
24550 54.385169 
24551 54.385169 
24552 54.385169 
24553 54.385169 
24554 54.385169 
24555 54.385169 
24556 54.385169 
24557 54.385169 
24558 54.385169 
24559 54.385169 
24560 54.385169 
24561 54.385169 
24562 54.385169 
24563 54.385169 
24564 54.385169 
24565 54.385169 
24566 54.385169 
24567 54.385169 
24568 54.385169 
24569 54.385169 
24570 54.385169 
24571 54.385169 
24572 54.385169 
24573 54.385169 
24574 54.385169 
24575 54.385168 
24576 54.385168 
24577 54.385168 
24578 54.385168 
24579 54.385168 
24580 54.385168 
24581 54.385168 
24582 54.385168 
24583 54.385168 
24584 54.385167 
24585 54.385167 
24586 54.385167 
24587 54.385167 
24588 54.385167 
24589 54.385167 
24590 54.385164 
24591 54.385164 
24592 54.385164 
24593 54.385164 
24594 54.385164 
24595 54.385164 
24596 54.385164 
24597 54.385164 
24598 54.385164 
24599 54.385164 
24600 54.385164 
24601 54.385164 
24602 54.385164 
24603 54.385164 
24604 54.385164 
24605 54.385164 
24606 54.385128 
24607 54.385128 
24608 54.385128 
24609 54.385127 
24610 54.385127 
24611 54.385127 
24612 54.385127 
24613 54.385127 
24614 54.385127 
24615 54.385127 
24616 54.385127 
24617 54.385127 
24618 54.385127 
24619 54.385125 
24620 54.385125 
24621 54.385125 
24622 54.385125 
24623 54.385125 
24624 54.385125 
24625 54.385125 
24626 54.385125 
24627 54.385125 
24628 54.385125 
24629 54.385125 
24630 54.385124 
24631 54.385124 
24632 54.385124 
24633 54.385124 
24634 54.385123 
24635 54.385123 
24636 54.385123 
24637 54.385122 
24638 54.385122 
24639 54.385122 
24640 54.385122 
24641 54.385122 
24642 54.385122 
24643 54.385122 
24644 54.385122 
24645 54.385122 
24646 54.385122 
24647 54.385122 
24648 54.385121 
24649 54.385121 
24650 54.385121 
24651 54.385121 
24652 54.385121 
24653 54.385121 
24654 54.385121 
24655 54.385121 
24656 54.38512 
24657 54.38512 
24658 54.385118 
24659 54.385118 
24660 54.385118 
24661 54.385118 
24662 54.385118 
24663 54.385118 
24664 54.385118 
24665 54.385118 
24666 54.385118 
24667 54.385118 
24668 54.385118 
24669 54.385118 
24670 54.385118 
24671 54.385118 
24672 54.385118 
24673 54.385118 
24674 54.385118 
24675 54.385118 
24676 54.385118 
24677 54.385118 
24678 54.385118 
24679 54.385118 
24680 54.385111 
24681 54.385111 
24682 54.385111 
24683 54.385111 
24684 54.385111 
24685 54.385111 
24686 54.385111 
24687 54.385111 
24688 54.385111 
24689 54.385111 
24690 54.385111 
24691 54.385095 
24692 54.385095 
24693 54.385095 
24694 54.385095 
24695 54.385095 
24696 54.385095 
24697 54.385095 
24698 54.385095 
24699 54.385095 
24700 54.385095 
24701 54.385095 
24702 54.385095 
24703 54.385095 
24704 54.385095 
24705 54.385095 
24706 54.385095 
24707 54.385095 
24708 54.385095 
24709 54.385095 
24710 54.385095 
24711 54.385095 
24712 54.385095 
24713 54.385095 
24714 54.385095 
24715 54.385095 
24716 54.385095 
24717 54.385095 
24718 54.385095 
24719 54.385095 
24720 54.385095 
24721 54.385095 
24722 54.385095 
24723 54.385095 
24724 54.385095 
24725 54.385095 
24726 54.385095 
24727 54.385095 
24728 54.385095 
24729 54.385095 
24730 54.385095 
24731 54.385095 
24732 54.385095 
24733 54.385095 
24734 54.385095 
24735 54.385095 
24736 54.385095 
24737 54.385095 
24738 54.385095 
24739 54.385095 
24740 54.385095 
24741 54.385095 
24742 54.385095 
24743 54.385095 
24744 54.385095 
24745 54.385095 
24746 54.385095 
24747 54.385095 
24748 54.385095 
24749 54.385095 
24750 54.385095 
24751 54.385095 
24752 54.385095 
24753 54.385095 
24754 54.385095 
24755 54.385095 
24756 54.385095 
24757 54.385095 
24758 54.385095 
24759 54.385095 
24760 54.385095 
24761 54.385095 
24762 54.385095 
24763 54.385095 
24764 54.385095 
24765 54.385095 
24766 54.385095 
24767 54.385095 
24768 54.385095 
24769 54.385095 
24770 54.385095 
24771 54.385095 
24772 54.385095 
24773 54.385095 
24774 54.385094 
24775 54.385094 
24776 54.385093 
24777 54.385093 
24778 54.385093 
24779 54.385026 
24780 54.385025 
24781 54.385025 
24782 54.385025 
24783 54.385025 
24784 54.385025 
24785 54.385025 
24786 54.385025 
24787 54.385025 
24788 54.385025 
24789 54.385025 
24790 54.385025 
24791 54.385025 
24792 54.385025 
24793 54.385025 
24794 54.385025 
24795 54.385025 
24796 54.385025 
24797 54.385025 
24798 54.385025 
24799 54.385025 
24800 54.385025 
24801 54.385025 
24802 54.385025 
24803 54.385025 
24804 54.385025 
24805 54.385025 
24806 54.385025 
24807 54.385025 
24808 54.385025 
24809 54.385025 
24810 54.385025 
24811 54.385025 
24812 54.385025 
24813 54.385025 
24814 54.385025 
24815 54.385025 
24816 54.385025 
24817 54.385025 
24818 54.385025 
24819 54.385025 
24820 54.385025 
24821 54.385025 
24822 54.385025 
24823 54.385025 
24824 54.385025 
24825 54.385025 
24826 54.385025 
24827 54.385025 
24828 54.385025 
24829 54.385025 
24830 54.385025 
24831 54.385025 
24832 54.385025 
24833 54.385025 
24834 54.385025 
24835 54.385025 
24836 54.385025 
24837 54.385025 
24838 54.385025 
24839 54.385025 
24840 54.385025 
24841 54.385025 
24842 54.385025 
24843 54.385025 
24844 54.385025 
24845 54.385025 
24846 54.385025 
24847 54.385025 
24848 54.385025 
24849 54.385025 
24850 54.385025 
24851 54.385025 
24852 54.385025 
24853 54.385025 
24854 54.385025 
24855 54.385025 
24856 54.385025 
24857 54.385025 
24858 54.385025 
24859 54.385025 
24860 54.385025 
24861 54.385025 
24862 54.385025 
24863 54.385025 
24864 54.385025 
24865 54.385025 
24866 54.385025 
24867 54.385025 
24868 54.385025 
24869 54.385025 
24870 54.385025 
24871 54.385025 
24872 54.385025 
24873 54.385025 
24874 54.385025 
24875 54.385025 
24876 54.385025 
24877 54.385025 
24878 54.385025 
24879 54.385025 
24880 54.385025 
24881 54.385025 
24882 54.385025 
24883 54.385025 
24884 54.385025 
24885 54.385025 
24886 54.385025 
24887 54.385025 
24888 54.385025 
24889 54.385025 
24890 54.385025 
24891 54.385025 
24892 54.385025 
24893 54.385025 
24894 54.385025 
24895 54.385025 
24896 54.385025 
24897 54.385025 
24898 54.385025 
24899 54.385025 
24900 54.385024 
24901 54.385024 
24902 54.385024 
24903 54.385024 
24904 54.385024 
24905 54.385024 
24906 54.385021 
24907 54.385021 
24908 54.385021 
24909 54.385021 
24910 54.385021 
24911 54.385021 
24912 54.385021 
24913 54.385021 
24914 54.38502 
24915 54.38502 
24916 54.385017 
24917 54.385017 
24918 54.385017 
24919 54.385017 
24920 54.385016 
24921 54.385016 
24922 54.385016 
24923 54.385016 
24924 54.385016 
24925 54.385016 
24926 54.385016 
24927 54.385016 
24928 54.385016 
24929 54.385016 
24930 54.385016 
24931 54.385016 
24932 54.385016 
24933 54.385016 
24934 54.385016 
24935 54.385016 
24936 54.385016 
24937 54.385016 
24938 54.385015 
24939 54.385015 
24940 54.385015 
24941 54.385015 
24942 54.385015 
24943 54.385015 
24944 54.385015 
24945 54.385015 
24946 54.385015 
24947 54.385015 
24948 54.385014 
24949 54.385014 
24950 54.385014 
24951 54.385014 
24952 54.385014 
24953 54.385014 
24954 54.385014 
24955 54.385014 
24956 54.385013 
24957 54.385013 
24958 54.385013 
24959 54.385013 
24960 54.385013 
24961 54.385012 
24962 54.385012 
24963 54.385012 
24964 54.385012 
24965 54.385012 
24966 54.385012 
24967 54.385012 
24968 54.385012 
24969 54.385012 
24970 54.385012 
24971 54.385012 
24972 54.385012 
24973 54.385012 
24974 54.385012 
24975 54.385012 
24976 54.385012 
24977 54.385011 
24978 54.385011 
24979 54.385011 
24980 54.385008 
24981 54.385008 
24982 54.385008 
24983 54.385008 
24984 54.385008 
24985 54.385008 
24986 54.385008 
24987 54.385008 
24988 54.385008 
24989 54.385008 
24990 54.385008 
24991 54.385008 
24992 54.385008 
24993 54.385008 
24994 54.385008 
24995 54.385008 
24996 54.385008 
24997 54.385008 
24998 54.385008 
24999 54.385008 
25000 54.385008 
25001 54.385008 
25002 54.385008 
25003 54.385008 
25004 54.385008 
25005 54.384984 
25006 54.384982 
25007 54.384982 
25008 54.384982 
25009 54.384982 
25010 54.384982 
25011 54.384982 
25012 54.384982 
25013 54.384982 
25014 54.384982 
25015 54.384982 
25016 54.384982 
25017 54.384982 
25018 54.384982 
25019 54.384982 
25020 54.384982 
25021 54.384979 
25022 54.384979 
25023 54.384979 
25024 54.384979 
25025 54.384979 
25026 54.384979 
25027 54.384979 
25028 54.384979 
25029 54.384979 
25030 54.384979 
25031 54.384979 
25032 54.384979 
25033 54.384979 
25034 54.384979 
25035 54.384979 
25036 54.384979 
25037 54.384979 
25038 54.384979 
25039 54.384979 
25040 54.384979 
25041 54.384979 
25042 54.384979 
25043 54.384979 
25044 54.384979 
25045 54.384979 
25046 54.384979 
25047 54.384979 
25048 54.384979 
25049 54.384979 
25050 54.384979 
25051 54.384979 
25052 54.384979 
25053 54.384979 
25054 54.384975 
25055 54.384975 
25056 54.384975 
25057 54.384975 
25058 54.384975 
25059 54.384975 
25060 54.384975 
25061 54.384975 
25062 54.384975 
25063 54.384975 
25064 54.384975 
25065 54.384975 
25066 54.384975 
25067 54.384975 
25068 54.384975 
25069 54.384975 
25070 54.384975 
25071 54.384975 
25072 54.384975 
25073 54.384974 
25074 54.384974 
25075 54.384974 
25076 54.384974 
25077 54.384974 
25078 54.384974 
25079 54.384974 
25080 54.384974 
25081 54.384974 
25082 54.384974 
25083 54.384973 
25084 54.384973 
25085 54.384973 
25086 54.384973 
25087 54.384944 
25088 54.384936 
25089 54.384936 
25090 54.384936 
25091 54.384936 
25092 54.384936 
25093 54.384936 
25094 54.384936 
25095 54.384936 
25096 54.384936 
25097 54.384936 
25098 54.384936 
25099 54.384936 
25100 54.384936 
25101 54.384935 
25102 54.384934 
25103 54.384934 
25104 54.384934 
25105 54.384934 
25106 54.384934 
25107 54.384934 
25108 54.384934 
25109 54.384934 
25110 54.384934 
25111 54.384934 
25112 54.384934 
25113 54.384934 
25114 54.384934 
25115 54.384934 
25116 54.384934 
25117 54.384934 
25118 54.384934 
25119 54.384934 
25120 54.384934 
25121 54.384934 
25122 54.384934 
25123 54.384934 
25124 54.384934 
25125 54.384934 
25126 54.384934 
25127 54.384934 
25128 54.384934 
25129 54.384934 
25130 54.384934 
25131 54.384933 
25132 54.384932 
25133 54.384915 
25134 54.384912 
25135 54.384912 
25136 54.384912 
25137 54.384912 
25138 54.384912 
25139 54.384912 
25140 54.384912 
25141 54.384912 
25142 54.384912 
25143 54.384912 
25144 54.384912 
25145 54.384912 
25146 54.384912 
25147 54.384912 
25148 54.384912 
25149 54.384912 
25150 54.384912 
25151 54.384912 
25152 54.384912 
25153 54.384912 
25154 54.384912 
25155 54.384912 
25156 54.384912 
25157 54.384912 
25158 54.384912 
25159 54.384912 
25160 54.384912 
25161 54.384912 
25162 54.384912 
25163 54.384912 
25164 54.384912 
25165 54.384912 
25166 54.384912 
25167 54.384912 
25168 54.384912 
25169 54.384912 
25170 54.384912 
25171 54.384912 
25172 54.384912 
25173 54.384912 
25174 54.384912 
25175 54.384912 
25176 54.384912 
25177 54.384912 
25178 54.384912 
25179 54.384912 
25180 54.384912 
25181 54.384912 
25182 54.384912 
25183 54.384912 
25184 54.384912 
25185 54.384912 
25186 54.384912 
25187 54.384912 
25188 54.384912 
25189 54.384912 
25190 54.384912 
25191 54.384912 
25192 54.384912 
25193 54.384912 
25194 54.384912 
25195 54.384912 
25196 54.384912 
25197 54.384912 
25198 54.384912 
25199 54.384912 
25200 54.384912 
25201 54.384912 
25202 54.384912 
25203 54.384912 
25204 54.384912 
25205 54.384912 
25206 54.384912 
25207 54.384912 
25208 54.384912 
25209 54.384912 
25210 54.384912 
25211 54.384912 
25212 54.384912 
25213 54.384912 
25214 54.384912 
25215 54.384912 
25216 54.384912 
25217 54.384912 
25218 54.384912 
25219 54.384912 
25220 54.384912 
25221 54.384912 
25222 54.384912 
25223 54.384912 
25224 54.384912 
25225 54.384912 
25226 54.384912 
25227 54.384912 
25228 54.384912 
25229 54.384912 
25230 54.384912 
25231 54.384912 
25232 54.384912 
25233 54.384912 
25234 54.384912 
25235 54.384912 
25236 54.384912 
25237 54.384912 
25238 54.384912 
25239 54.384912 
25240 54.384912 
25241 54.384912 
25242 54.384912 
25243 54.384912 
25244 54.384912 
25245 54.384912 
25246 54.384912 
25247 54.384912 
25248 54.384912 
25249 54.384912 
25250 54.384912 
25251 54.384912 
25252 54.384912 
25253 54.384912 
25254 54.384912 
25255 54.384912 
25256 54.384912 
25257 54.384912 
25258 54.384912 
25259 54.384912 
25260 54.384912 
25261 54.384912 
25262 54.384912 
25263 54.384912 
25264 54.384912 
25265 54.384912 
25266 54.384912 
25267 54.384912 
25268 54.384912 
25269 54.384912 
25270 54.384912 
25271 54.384912 
25272 54.384912 
25273 54.384912 
25274 54.384912 
25275 54.384912 
25276 54.384912 
25277 54.384912 
25278 54.384912 
25279 54.384912 
25280 54.384912 
25281 54.384912 
25282 54.384912 
25283 54.384912 
25284 54.384912 
25285 54.384912 
25286 54.384912 
25287 54.384912 
25288 54.384912 
25289 54.384912 
25290 54.384912 
25291 54.384912 
25292 54.384912 
25293 54.384912 
25294 54.384912 
25295 54.384912 
25296 54.384912 
25297 54.384912 
25298 54.384912 
25299 54.384912 
25300 54.384912 
25301 54.384912 
25302 54.384912 
25303 54.384912 
25304 54.384912 
25305 54.384912 
25306 54.384912 
25307 54.384912 
25308 54.384912 
25309 54.384912 
25310 54.384912 
25311 54.384912 
25312 54.384912 
25313 54.384912 
25314 54.384912 
25315 54.384912 
25316 54.384912 
25317 54.384912 
25318 54.384912 
25319 54.384912 
25320 54.384912 
25321 54.384912 
25322 54.384912 
25323 54.384912 
25324 54.384912 
25325 54.384912 
25326 54.384912 
25327 54.384912 
25328 54.384912 
25329 54.384912 
25330 54.384912 
25331 54.384912 
25332 54.384912 
25333 54.384911 
25334 54.384911 
25335 54.384911 
25336 54.384911 
25337 54.384911 
25338 54.384911 
25339 54.384911 
25340 54.384911 
25341 54.384911 
25342 54.384911 
25343 54.384911 
25344 54.384911 
25345 54.384911 
25346 54.384911 
25347 54.384911 
25348 54.384911 
25349 54.384911 
25350 54.384911 
25351 54.384911 
25352 54.384911 
25353 54.384911 
25354 54.384911 
25355 54.384911 
25356 54.384911 
25357 54.384911 
25358 54.384911 
25359 54.384911 
25360 54.384911 
25361 54.384911 
25362 54.384911 
25363 54.384911 
25364 54.384911 
25365 54.384911 
25366 54.384911 
25367 54.384911 
25368 54.384911 
25369 54.384911 
25370 54.384911 
25371 54.384911 
25372 54.384911 
25373 54.384911 
25374 54.384911 
25375 54.384911 
25376 54.384911 
25377 54.384911 
25378 54.384911 
25379 54.384911 
25380 54.384911 
25381 54.384911 
25382 54.384911 
25383 54.384911 
25384 54.384911 
25385 54.384911 
25386 54.384911 
25387 54.384911 
25388 54.384911 
25389 54.384911 
25390 54.384911 
25391 54.384911 
25392 54.384911 
25393 54.384911 
25394 54.384911 
25395 54.384911 
25396 54.384911 
25397 54.384909 
25398 54.384909 
25399 54.384909 
25400 54.384909 
25401 54.384909 
25402 54.384909 
25403 54.384907 
25404 54.384907 
25405 54.384906 
25406 54.384906 
25407 54.384906 
25408 54.384906 
25409 54.384906 
25410 54.384906 
25411 54.384906 
25412 54.384906 
25413 54.384906 
25414 54.384906 
25415 54.384906 
25416 54.384906 
25417 54.384906 
25418 54.384906 
25419 54.384906 
25420 54.384906 
25421 54.384906 
25422 54.384906 
25423 54.384906 
25424 54.384906 
25425 54.384906 
25426 54.384905 
25427 54.384905 
25428 54.384904 
25429 54.384904 
25430 54.384904 
25431 54.384904 
25432 54.384904 
25433 54.384902 
25434 54.384902 
25435 54.384902 
25436 54.384902 
25437 54.384902 
25438 54.384902 
25439 54.384902 
25440 54.384902 
25441 54.384902 
25442 54.384902 
25443 54.384902 
25444 54.384902 
25445 54.384901 
25446 54.384901 
25447 54.384901 
25448 54.384901 
25449 54.384901 
25450 54.384901 
25451 54.384901 
25452 54.384901 
25453 54.38488 
25454 54.38488 
25455 54.38488 
25456 54.38488 
25457 54.38488 
25458 54.38488 
25459 54.38488 
25460 54.38488 
25461 54.38488 
25462 54.38488 
25463 54.38488 
25464 54.38488 
25465 54.38488 
25466 54.38488 
25467 54.38488 
25468 54.38488 
25469 54.38488 
25470 54.38488 
25471 54.38488 
25472 54.38488 
25473 54.38488 
25474 54.38488 
25475 54.38488 
25476 54.38488 
25477 54.38488 
25478 54.38488 
25479 54.38488 
25480 54.38488 
25481 54.38488 
25482 54.38488 
25483 54.38488 
25484 54.38488 
25485 54.38488 
25486 54.38488 
25487 54.38488 
25488 54.38488 
25489 54.38488 
25490 54.38488 
25491 54.38488 
25492 54.38488 
25493 54.38488 
25494 54.38488 
25495 54.38488 
25496 54.38488 
25497 54.38488 
25498 54.38488 
25499 54.38488 
25500 54.384879 
25501 54.384879 
25502 54.384879 
25503 54.384879 
25504 54.384879 
25505 54.384879 
25506 54.384879 
25507 54.384879 
25508 54.38487 
25509 54.38487 
25510 54.38487 
25511 54.38487 
25512 54.38487 
25513 54.38487 
25514 54.38487 
25515 54.38487 
25516 54.38487 
25517 54.38487 
25518 54.38487 
25519 54.38487 
25520 54.38487 
25521 54.38487 
25522 54.38487 
25523 54.38487 
25524 54.38487 
25525 54.38487 
25526 54.38487 
25527 54.38487 
25528 54.38487 
25529 54.38487 
25530 54.38487 
25531 54.38487 
25532 54.38487 
25533 54.38487 
25534 54.38487 
25535 54.38487 
25536 54.38487 
25537 54.38487 
25538 54.38487 
25539 54.38487 
25540 54.38487 
25541 54.38487 
25542 54.38487 
25543 54.38487 
25544 54.38487 
25545 54.38487 
25546 54.38487 
25547 54.38487 
25548 54.38487 
25549 54.38487 
25550 54.38487 
25551 54.38487 
25552 54.38487 
25553 54.38487 
25554 54.38487 
25555 54.38487 
25556 54.38487 
25557 54.38487 
25558 54.38487 
25559 54.38487 
25560 54.38487 
25561 54.38487 
25562 54.38487 
25563 54.38487 
25564 54.38487 
25565 54.38487 
25566 54.38487 
25567 54.38487 
25568 54.38487 
25569 54.38487 
25570 54.38487 
25571 54.38487 
25572 54.38487 
25573 54.38487 
25574 54.38487 
25575 54.38487 
25576 54.38487 
25577 54.38487 
25578 54.38487 
25579 54.38487 
25580 54.38487 
25581 54.38487 
25582 54.38487 
25583 54.384869 
25584 54.384869 
25585 54.384869 
25586 54.384869 
25587 54.384868 
25588 54.384868 
25589 54.384868 
25590 54.384868 
25591 54.384868 
25592 54.384868 
25593 54.384868 
25594 54.384868 
25595 54.384868 
25596 54.384868 
25597 54.384868 
25598 54.384868 
25599 54.384866 
25600 54.384866 
25601 54.384866 
25602 54.384866 
25603 54.384866 
25604 54.384866 
25605 54.384866 
25606 54.384866 
25607 54.384866 
25608 54.384866 
25609 54.384866 
25610 54.384866 
25611 54.384866 
25612 54.384866 
25613 54.384866 
25614 54.384866 
25615 54.384865 
25616 54.384865 
25617 54.384865 
25618 54.384865 
25619 54.384865 
25620 54.384865 
25621 54.384862 
25622 54.384862 
25623 54.384862 
25624 54.384862 
25625 54.384862 
25626 54.384862 
25627 54.384862 
25628 54.384862 
25629 54.384862 
25630 54.384862 
25631 54.384862 
25632 54.384862 
25633 54.384862 
25634 54.384862 
25635 54.384862 
25636 54.384862 
25637 54.384862 
25638 54.384862 
25639 54.384862 
25640 54.384862 
25641 54.384862 
25642 54.384862 
25643 54.384861 
25644 54.384859 
25645 54.384859 
25646 54.384859 
25647 54.384859 
25648 54.384859 
25649 54.384859 
25650 54.384859 
25651 54.384859 
25652 54.384859 
25653 54.384859 
25654 54.384859 
25655 54.384859 
25656 54.384859 
25657 54.384859 
25658 54.384859 
25659 54.384859 
25660 54.384859 
25661 54.384859 
25662 54.384859 
25663 54.384859 
25664 54.384859 
25665 54.384859 
25666 54.384859 
25667 54.384859 
25668 54.384859 
25669 54.384858 
25670 54.384857 
25671 54.384857 
25672 54.384857 
25673 54.384857 
25674 54.384857 
25675 54.384857 
25676 54.384857 
25677 54.384857 
25678 54.384857 
25679 54.384857 
25680 54.384857 
25681 54.384857 
25682 54.384857 
25683 54.384857 
25684 54.384857 
25685 54.384857 
25686 54.384857 
25687 54.384857 
25688 54.384856 
25689 54.384856 
25690 54.384856 
25691 54.384856 
25692 54.384856 
25693 54.384856 
25694 54.384856 
25695 54.384856 
25696 54.384856 
25697 54.384848 
25698 54.384848 
25699 54.384848 
25700 54.384848 
25701 54.384848 
25702 54.384848 
25703 54.384848 
25704 54.384848 
25705 54.384848 
25706 54.384848 
25707 54.384848 
25708 54.384848 
25709 54.384848 
25710 54.384848 
25711 54.384848 
25712 54.384848 
25713 54.384848 
25714 54.384848 
25715 54.384848 
25716 54.384848 
25717 54.384848 
25718 54.384848 
25719 54.384848 
25720 54.384848 
25721 54.384848 
25722 54.384848 
25723 54.384848 
25724 54.384848 
25725 54.384848 
25726 54.384848 
25727 54.384848 
25728 54.384848 
25729 54.384848 
25730 54.384848 
25731 54.384848 
25732 54.384848 
25733 54.384848 
25734 54.384848 
25735 54.384848 
25736 54.384847 
25737 54.384847 
25738 54.384847 
25739 54.384847 
25740 54.384847 
25741 54.384847 
25742 54.384847 
25743 54.384847 
25744 54.384847 
25745 54.384847 
25746 54.384847 
25747 54.384847 
25748 54.384847 
25749 54.384847 
25750 54.384847 
25751 54.384847 
25752 54.384846 
25753 54.384846 
25754 54.384846 
25755 54.384846 
25756 54.384846 
25757 54.384846 
25758 54.384846 
25759 54.384846 
25760 54.384831 
25761 54.384826 
25762 54.384826 
25763 54.384826 
25764 54.384826 
25765 54.384826 
25766 54.384826 
25767 54.384826 
25768 54.384826 
25769 54.384826 
25770 54.384826 
25771 54.384825 
25772 54.384825 
25773 54.384825 
25774 54.384825 
25775 54.384825 
25776 54.384825 
25777 54.384825 
25778 54.384825 
25779 54.384825 
25780 54.384825 
25781 54.384825 
25782 54.384825 
25783 54.384825 
25784 54.384825 
25785 54.384825 
25786 54.384825 
25787 54.384825 
25788 54.384824 
25789 54.384824 
25790 54.384824 
25791 54.384824 
25792 54.384824 
25793 54.384824 
25794 54.384824 
25795 54.384824 
25796 54.384824 
25797 54.384824 
25798 54.384824 
25799 54.384824 
25800 54.384824 
25801 54.384824 
25802 54.384824 
25803 54.384824 
25804 54.384824 
25805 54.384824 
25806 54.384824 
25807 54.384824 
25808 54.384824 
25809 54.384824 
25810 54.384824 
25811 54.384824 
25812 54.384824 
25813 54.384824 
25814 54.384824 
25815 54.384824 
25816 54.384824 
25817 54.384824 
25818 54.384824 
25819 54.384824 
25820 54.384824 
25821 54.384824 
25822 54.384824 
25823 54.384824 
25824 54.384824 
25825 54.384824 
25826 54.384824 
25827 54.384824 
25828 54.384824 
25829 54.384824 
25830 54.384824 
25831 54.384824 
25832 54.384824 
25833 54.384824 
25834 54.384824 
25835 54.384824 
25836 54.384824 
25837 54.384824 
25838 54.384824 
25839 54.384824 
25840 54.384824 
25841 54.384824 
25842 54.384822 
25843 54.384822 
25844 54.384822 
25845 54.384822 
25846 54.384822 
25847 54.384822 
25848 54.384822 
25849 54.384822 
25850 54.384821 
25851 54.384821 
25852 54.384821 
25853 54.384818 
25854 54.384817 
25855 54.384817 
25856 54.384817 
25857 54.384817 
25858 54.384817 
25859 54.384817 
25860 54.384817 
25861 54.384817 
25862 54.384817 
25863 54.384817 
25864 54.384817 
25865 54.384817 
25866 54.384817 
25867 54.384817 
25868 54.384817 
25869 54.384817 
25870 54.384817 
25871 54.384817 
25872 54.384817 
25873 54.384817 
25874 54.384817 
25875 54.384817 
25876 54.384817 
25877 54.384817 
25878 54.384817 
25879 54.384817 
25880 54.384817 
25881 54.384816 
25882 54.384799 
25883 54.384795 
25884 54.384795 
25885 54.384795 
25886 54.384795 
25887 54.384795 
25888 54.384795 
25889 54.384795 
25890 54.384795 
25891 54.384795 
25892 54.384795 
25893 54.384795 
25894 54.384795 
25895 54.384795 
25896 54.384795 
25897 54.384795 
25898 54.384795 
25899 54.384795 
25900 54.384795 
25901 54.384795 
25902 54.384795 
25903 54.384795 
25904 54.384795 
25905 54.384795 
25906 54.384795 
25907 54.384795 
25908 54.384795 
25909 54.384795 
25910 54.384794 
25911 54.384794 
25912 54.384794 
25913 54.384794 
25914 54.384794 
25915 54.384794 
25916 54.384794 
25917 54.384794 
25918 54.384794 
25919 54.384794 
25920 54.384794 
25921 54.384794 
25922 54.384794 
25923 54.384794 
25924 54.384794 
25925 54.384794 
25926 54.384794 
25927 54.384794 
25928 54.384794 
25929 54.384794 
25930 54.384794 
25931 54.384794 
25932 54.384794 
25933 54.384794 
25934 54.384794 
25935 54.384794 
25936 54.384794 
25937 54.384794 
25938 54.384794 
25939 54.384794 
25940 54.384794 
25941 54.384794 
25942 54.384794 
25943 54.384794 
25944 54.384794 
25945 54.384794 
25946 54.384794 
25947 54.384794 
25948 54.384794 
25949 54.384794 
25950 54.384794 
25951 54.384794 
25952 54.384794 
25953 54.384794 
25954 54.384794 
25955 54.384794 
25956 54.384794 
25957 54.384794 
25958 54.384794 
25959 54.384794 
25960 54.384794 
25961 54.384794 
25962 54.384794 
25963 54.384794 
25964 54.384794 
25965 54.384794 
25966 54.384794 
25967 54.384794 
25968 54.384794 
25969 54.384793 
25970 54.384791 
25971 54.38479 
25972 54.38479 
25973 54.38479 
25974 54.38479 
25975 54.38479 
25976 54.38479 
25977 54.38479 
25978 54.38479 
25979 54.38479 
25980 54.38479 
25981 54.384789 
25982 54.384789 
25983 54.384789 
25984 54.384789 
25985 54.384789 
25986 54.384789 
25987 54.384788 
25988 54.384788 
25989 54.384788 
25990 54.384788 
25991 54.384788 
25992 54.384788 
25993 54.384788 
25994 54.384788 
25995 54.384788 
25996 54.384781 
25997 54.384781 
25998 54.384781 
25999 54.384781 
26000 54.384781 
26001 54.384781 
26002 54.384781 
26003 54.384781 
26004 54.384781 
26005 54.384781 
26006 54.384781 
26007 54.384781 
26008 54.384781 
26009 54.384781 
26010 54.384781 
26011 54.384781 
26012 54.384781 
26013 54.384781 
26014 54.384781 
26015 54.384781 
26016 54.384781 
26017 54.384781 
26018 54.384781 
26019 54.384781 
26020 54.384781 
26021 54.384781 
26022 54.384781 
26023 54.384781 
26024 54.384781 
26025 54.384781 
26026 54.384781 
26027 54.384781 
26028 54.384781 
26029 54.384781 
26030 54.384781 
26031 54.384781 
26032 54.384781 
26033 54.384781 
26034 54.384781 
26035 54.384781 
26036 54.38478 
26037 54.38478 
26038 54.38478 
26039 54.384767 
26040 54.384767 
26041 54.384767 
26042 54.384767 
26043 54.384767 
26044 54.384767 
26045 54.384767 
26046 54.384767 
26047 54.384767 
26048 54.384767 
26049 54.384767 
26050 54.384767 
26051 54.384767 
26052 54.384767 
26053 54.384767 
26054 54.384767 
26055 54.384767 
26056 54.384767 
26057 54.384767 
26058 54.384767 
26059 54.384767 
26060 54.384766 
26061 54.384766 
26062 54.384766 
26063 54.384766 
26064 54.384766 
26065 54.384766 
26066 54.384766 
26067 54.384766 
26068 54.384766 
26069 54.384766 
26070 54.384766 
26071 54.384766 
26072 54.384766 
26073 54.384766 
26074 54.384766 
26075 54.384766 
26076 54.384766 
26077 54.384766 
26078 54.384766 
26079 54.384766 
26080 54.384765 
26081 54.384765 
26082 54.384765 
26083 54.384765 
26084 54.384765 
26085 54.384765 
26086 54.384765 
26087 54.384763 
26088 54.384763 
26089 54.384763 
26090 54.384763 
26091 54.384763 
26092 54.384763 
26093 54.384763 
26094 54.384763 
26095 54.384763 
26096 54.384763 
26097 54.384763 
26098 54.384763 
26099 54.384763 
26100 54.384763 
26101 54.384763 
26102 54.384763 
26103 54.384762 
26104 54.384762 
26105 54.384762 
26106 54.384762 
26107 54.384762 
26108 54.384762 
26109 54.384762 
26110 54.38476 
26111 54.38476 
26112 54.38476 
26113 54.38476 
26114 54.38476 
26115 54.38476 
26116 54.38476 
26117 54.38476 
26118 54.38476 
26119 54.38476 
26120 54.38476 
26121 54.38476 
26122 54.38476 
26123 54.38476 
26124 54.38476 
26125 54.38476 
26126 54.38476 
26127 54.38476 
26128 54.38476 
26129 54.38476 
26130 54.384759 
26131 54.384759 
26132 54.384759 
26133 54.384759 
26134 54.384759 
26135 54.384759 
26136 54.384759 
26137 54.384759 
26138 54.384759 
26139 54.384759 
26140 54.384759 
26141 54.384759 
26142 54.384759 
26143 54.384759 
26144 54.384759 
26145 54.384758 
26146 54.384757 
26147 54.384757 
26148 54.384757 
26149 54.384757 
26150 54.384757 
26151 54.384757 
26152 54.384757 
26153 54.384757 
26154 54.384757 
26155 54.384757 
26156 54.384757 
26157 54.384757 
26158 54.384757 
26159 54.384757 
26160 54.384757 
26161 54.384757 
26162 54.384757 
26163 54.384757 
26164 54.384757 
26165 54.384756 
26166 54.384756 
26167 54.384756 
26168 54.384756 
26169 54.384756 
26170 54.384756 
26171 54.384756 
26172 54.384756 
26173 54.384756 
26174 54.384756 
26175 54.384755 
26176 54.384755 
26177 54.384755 
26178 54.384755 
26179 54.384755 
26180 54.384755 
26181 54.384755 
26182 54.384755 
26183 54.384755 
26184 54.384755 
26185 54.384755 
26186 54.384755 
26187 54.384754 
26188 54.384754 
26189 54.384754 
26190 54.384754 
26191 54.384753 
26192 54.384753 
26193 54.384753 
26194 54.384753 
26195 54.384753 
26196 54.384753 
26197 54.384753 
26198 54.384753 
26199 54.384753 
26200 54.384753 
26201 54.384745 
26202 54.384744 
26203 54.384744 
26204 54.384744 
26205 54.384744 
26206 54.384744 
26207 54.384744 
26208 54.384744 
26209 54.384744 
26210 54.384744 
26211 54.384744 
26212 54.384744 
26213 54.384744 
26214 54.384744 
26215 54.384744 
26216 54.384744 
26217 54.384744 
26218 54.384744 
26219 54.384744 
26220 54.384744 
26221 54.384744 
26222 54.384744 
26223 54.384744 
26224 54.384744 
26225 54.384744 
26226 54.384744 
26227 54.384744 
26228 54.384744 
26229 54.384744 
26230 54.384744 
26231 54.384744 
26232 54.384744 
26233 54.384744 
26234 54.384744 
26235 54.384744 
26236 54.384744 
26237 54.384744 
26238 54.384744 
26239 54.384744 
26240 54.384744 
26241 54.384744 
26242 54.384744 
26243 54.384744 
26244 54.384744 
26245 54.384743 
26246 54.384743 
26247 54.384743 
26248 54.384743 
26249 54.384743 
26250 54.384743 
26251 54.384743 
26252 54.384743 
26253 54.384743 
26254 54.384743 
26255 54.384743 
26256 54.384743 
26257 54.384743 
26258 54.384743 
26259 54.384743 
26260 54.384743 
26261 54.384743 
26262 54.384743 
26263 54.384743 
26264 54.384743 
26265 54.384742 
26266 54.384742 
26267 54.384742 
26268 54.384742 
26269 54.384742 
26270 54.384742 
26271 54.384742 
26272 54.384742 
26273 54.384742 
26274 54.384742 
26275 54.384742 
26276 54.384742 
26277 54.384742 
26278 54.384742 
26279 54.384742 
26280 54.384742 
26281 54.384742 
26282 54.384742 
26283 54.384727 
26284 54.384727 
26285 54.384727 
26286 54.384727 
26287 54.384727 
26288 54.384727 
26289 54.384727 
26290 54.384727 
26291 54.384727 
26292 54.384727 
26293 54.384727 
26294 54.384727 
26295 54.384727 
26296 54.384727 
26297 54.384727 
26298 54.384727 
26299 54.384727 
26300 54.384727 
26301 54.384727 
26302 54.384727 
26303 54.384727 
26304 54.384727 
26305 54.384727 
26306 54.384727 
26307 54.384727 
26308 54.384727 
26309 54.384727 
26310 54.384727 
26311 54.384727 
26312 54.384727 
26313 54.384727 
26314 54.384727 
26315 54.384727 
26316 54.384726 
26317 54.384726 
26318 54.384726 
26319 54.384708 
26320 54.384708 
26321 54.384708 
26322 54.384708 
26323 54.384708 
26324 54.384708 
26325 54.384708 
26326 54.384708 
26327 54.384708 
26328 54.384708 
26329 54.384708 
26330 54.384708 
26331 54.384708 
26332 54.384708 
26333 54.384708 
26334 54.384708 
26335 54.384708 
26336 54.384708 
26337 54.384708 
26338 54.384708 
26339 54.384708 
26340 54.384708 
26341 54.384708 
26342 54.384708 
26343 54.384708 
26344 54.384708 
26345 54.384708 
26346 54.384708 
26347 54.384708 
26348 54.384708 
26349 54.384708 
26350 54.384708 
26351 54.384708 
26352 54.384708 
26353 54.384708 
26354 54.384708 
26355 54.384708 
26356 54.384708 
26357 54.384708 
26358 54.384708 
26359 54.384708 
26360 54.384708 
26361 54.384708 
26362 54.384708 
26363 54.384708 
26364 54.384708 
26365 54.384708 
26366 54.384708 
26367 54.384708 
26368 54.384708 
26369 54.384707 
26370 54.384707 
26371 54.384707 
26372 54.384707 
26373 54.384707 
26374 54.384707 
26375 54.384707 
26376 54.384707 
26377 54.384707 
26378 54.384707 
26379 54.384706 
26380 54.384695 
26381 54.384694 
26382 54.384694 
26383 54.384694 
26384 54.384694 
26385 54.384694 
26386 54.384694 
26387 54.384694 
26388 54.384693 
26389 54.38469 
26390 54.38469 
26391 54.38469 
26392 54.38469 
26393 54.38469 
26394 54.38469 
26395 54.38469 
26396 54.38469 
26397 54.38469 
26398 54.38469 
26399 54.384689 
26400 54.384689 
26401 54.384686 
26402 54.384686 
26403 54.384686 
26404 54.384686 
26405 54.384686 
26406 54.384686 
26407 54.384686 
26408 54.384686 
26409 54.384685 
26410 54.384685 
26411 54.384685 
26412 54.384685 
26413 54.384685 
26414 54.384679 
26415 54.384679 
26416 54.384679 
26417 54.384679 
26418 54.384679 
26419 54.384679 
26420 54.384679 
26421 54.384679 
26422 54.384679 
26423 54.384679 
26424 54.384678 
26425 54.384678 
26426 54.384678 
26427 54.384678 
26428 54.384678 
26429 54.384678 
26430 54.384678 
26431 54.384678 
26432 54.384678 
26433 54.384678 
26434 54.384676 
26435 54.384676 
26436 54.384676 
26437 54.384676 
26438 54.384676 
26439 54.384676 
26440 54.384676 
26441 54.384676 
26442 54.384676 
26443 54.384676 
26444 54.384676 
26445 54.384676 
26446 54.384676 
26447 54.384676 
26448 54.384676 
26449 54.384676 
26450 54.384676 
26451 54.384676 
26452 54.384676 
26453 54.384676 
26454 54.384676 
26455 54.384676 
26456 54.384676 
26457 54.384676 
26458 54.384676 
26459 54.384676 
26460 54.384676 
26461 54.384676 
26462 54.384676 
26463 54.384676 
26464 54.384676 
26465 54.384676 
26466 54.384676 
26467 54.384676 
26468 54.384676 
26469 54.384676 
26470 54.384676 
26471 54.384676 
26472 54.384676 
26473 54.384676 
26474 54.384676 
26475 54.384676 
26476 54.384675 
26477 54.384675 
26478 54.384672 
26479 54.384672 
26480 54.384672 
26481 54.384672 
26482 54.384672 
26483 54.384672 
26484 54.384672 
26485 54.384672 
26486 54.384672 
26487 54.384672 
26488 54.384672 
26489 54.384672 
26490 54.384672 
26491 54.384672 
26492 54.384672 
26493 54.384672 
26494 54.384672 
26495 54.384672 
26496 54.384672 
26497 54.384671 
26498 54.384671 
26499 54.384671 
26500 54.384671 
26501 54.384671 
26502 54.384671 
26503 54.38467 
26504 54.38467 
26505 54.38467 
26506 54.38467 
26507 54.38467 
26508 54.38467 
26509 54.38467 
26510 54.384669 
26511 54.384669 
26512 54.384669 
26513 54.384669 
26514 54.384669 
26515 54.384669 
26516 54.384669 
26517 54.384669 
26518 54.384669 
26519 54.384669 
26520 54.384669 
26521 54.384669 
26522 54.384669 
26523 54.384669 
26524 54.384669 
26525 54.384669 
26526 54.384669 
26527 54.384669 
26528 54.384669 
26529 54.384669 
26530 54.384669 
26531 54.384669 
26532 54.384669 
26533 54.384669 
26534 54.384669 
26535 54.384668 
26536 54.384668 
26537 54.384668 
26538 54.384668 
26539 54.384668 
26540 54.384668 
26541 54.384668 
26542 54.384668 
26543 54.384668 
26544 54.384668 
26545 54.384668 
26546 54.384668 
26547 54.384668 
26548 54.384668 
26549 54.384668 
26550 54.384668 
26551 54.384668 
26552 54.384668 
26553 54.384668 
26554 54.384668 
26555 54.384668 
26556 54.384668 
26557 54.384668 
26558 54.384665 
26559 54.384665 
26560 54.384665 
26561 54.384665 
26562 54.384665 
26563 54.384665 
26564 54.384665 
26565 54.384665 
26566 54.384665 
26567 54.384665 
26568 54.384665 
26569 54.384665 
26570 54.384665 
26571 54.384665 
26572 54.384665 
26573 54.384665 
26574 54.384665 
26575 54.384665 
26576 54.384665 
26577 54.384665 
26578 54.384665 
26579 54.384665 
26580 54.384665 
26581 54.384665 
26582 54.384665 
26583 54.384665 
26584 54.384664 
26585 54.384664 
26586 54.384664 
26587 54.384663 
26588 54.384663 
26589 54.384663 
26590 54.384662 
26591 54.384662 
26592 54.384662 
26593 54.384662 
26594 54.384662 
26595 54.384662 
26596 54.384662 
26597 54.384662 
26598 54.384662 
26599 54.384662 
26600 54.384662 
26601 54.384662 
26602 54.384662 
26603 54.384662 
26604 54.384662 
26605 54.384662 
26606 54.384661 
26607 54.384661 
26608 54.384656 
26609 54.384656 
26610 54.384656 
26611 54.384656 
26612 54.384656 
26613 54.384655 
26614 54.384655 
26615 54.384655 
26616 54.384655 
26617 54.384655 
26618 54.384655 
26619 54.384655 
26620 54.384655 
26621 54.384655 
26622 54.384655 
26623 54.384655 
26624 54.384655 
26625 54.384655 
26626 54.384655 
26627 54.384655 
26628 54.384655 
26629 54.384655 
26630 54.384655 
26631 54.384655 
26632 54.384655 
26633 54.384655 
26634 54.384655 
26635 54.384655 
26636 54.384655 
26637 54.384655 
26638 54.384655 
26639 54.384654 
26640 54.384654 
26641 54.384654 
26642 54.384653 
26643 54.384653 
26644 54.384653 
26645 54.384653 
26646 54.384653 
26647 54.384653 
26648 54.384653 
26649 54.384653 
26650 54.384653 
26651 54.384653 
26652 54.384653 
26653 54.384653 
26654 54.384653 
26655 54.384653 
26656 54.384653 
26657 54.384653 
26658 54.384653 
26659 54.384653 
26660 54.384653 
26661 54.384653 
26662 54.38465 
26663 54.38465 
26664 54.38465 
26665 54.38465 
26666 54.38465 
26667 54.38465 
26668 54.38465 
26669 54.38465 
26670 54.38465 
26671 54.38465 
26672 54.38465 
26673 54.38465 
26674 54.38465 
26675 54.38465 
26676 54.38465 
26677 54.38465 
26678 54.38465 
26679 54.38465 
26680 54.38465 
26681 54.38465 
26682 54.38465 
26683 54.38465 
26684 54.38465 
26685 54.38465 
26686 54.384649 
26687 54.384649 
26688 54.384649 
26689 54.384649 
26690 54.384649 
26691 54.384649 
26692 54.384649 
26693 54.384649 
26694 54.384649 
26695 54.384649 
26696 54.384649 
26697 54.384649 
26698 54.384648 
26699 54.384648 
26700 54.384646 
26701 54.384646 
26702 54.384646 
26703 54.384646 
26704 54.384646 
26705 54.384646 
26706 54.384646 
26707 54.384646 
26708 54.384646 
26709 54.384646 
26710 54.384646 
26711 54.384646 
26712 54.384646 
26713 54.384646 
26714 54.384646 
26715 54.384646 
26716 54.384646 
26717 54.384646 
26718 54.384646 
26719 54.384646 
26720 54.384646 
26721 54.384646 
26722 54.384646 
26723 54.384646 
26724 54.384645 
26725 54.384645 
26726 54.384645 
26727 54.384645 
26728 54.384645 
26729 54.384645 
26730 54.384645 
26731 54.384645 
26732 54.384644 
26733 54.384644 
26734 54.384644 
26735 54.384644 
26736 54.384644 
26737 54.384644 
26738 54.384644 
26739 54.384644 
26740 54.384644 
26741 54.384644 
26742 54.384644 
26743 54.384644 
26744 54.384644 
26745 54.384644 
26746 54.384644 
26747 54.384644 
26748 54.384644 
26749 54.384644 
26750 54.384644 
26751 54.384623 
26752 54.384622 
26753 54.384622 
26754 54.384622 
26755 54.384622 
26756 54.384622 
26757 54.384622 
26758 54.384622 
26759 54.384622 
26760 54.384622 
26761 54.384622 
26762 54.384622 
26763 54.384622 
26764 54.384622 
26765 54.384622 
26766 54.384622 
26767 54.384622 
26768 54.384622 
26769 54.384622 
26770 54.384622 
26771 54.384622 
26772 54.384622 
26773 54.384622 
26774 54.384622 
26775 54.384622 
26776 54.384622 
26777 54.384622 
26778 54.384622 
26779 54.384622 
26780 54.384622 
26781 54.384622 
26782 54.384622 
26783 54.384622 
26784 54.384622 
26785 54.384622 
26786 54.384622 
26787 54.384622 
26788 54.384622 
26789 54.384622 
26790 54.384622 
26791 54.384622 
26792 54.384622 
26793 54.384622 
26794 54.384622 
26795 54.384622 
26796 54.384622 
26797 54.384622 
26798 54.384622 
26799 54.384622 
26800 54.384622 
26801 54.384622 
26802 54.384622 
26803 54.384622 
26804 54.384622 
26805 54.384621 
26806 54.384617 
26807 54.384617 
26808 54.384617 
26809 54.384617 
26810 54.384617 
26811 54.384617 
26812 54.384617 
26813 54.384617 
26814 54.384617 
26815 54.384617 
26816 54.384617 
26817 54.384616 
26818 54.384612 
26819 54.384612 
26820 54.384612 
26821 54.384612 
26822 54.384612 
26823 54.384612 
26824 54.384612 
26825 54.384612 
26826 54.384612 
26827 54.384612 
26828 54.384612 
26829 54.384612 
26830 54.384612 
26831 54.384612 
26832 54.384612 
26833 54.384612 
26834 54.384612 
26835 54.384612 
26836 54.384612 
26837 54.384612 
26838 54.384612 
26839 54.384612 
26840 54.384612 
26841 54.384612 
26842 54.384612 
26843 54.384612 
26844 54.384612 
26845 54.384612 
26846 54.384612 
26847 54.384612 
26848 54.384612 
26849 54.384612 
26850 54.384612 
26851 54.384612 
26852 54.384612 
26853 54.384612 
26854 54.384612 
26855 54.384612 
26856 54.384611 
26857 54.384611 
26858 54.384611 
26859 54.384611 
26860 54.384611 
26861 54.384611 
26862 54.384611 
26863 54.384611 
26864 54.384611 
26865 54.38461 
26866 54.384607 
26867 54.384607 
26868 54.384607 
26869 54.384607 
26870 54.384607 
26871 54.384607 
26872 54.384607 
26873 54.384607 
26874 54.384607 
26875 54.384607 
26876 54.384607 
26877 54.384607 
26878 54.384607 
26879 54.384607 
26880 54.384607 
26881 54.384607 
26882 54.384607 
26883 54.384607 
26884 54.384607 
26885 54.384607 
26886 54.384607 
26887 54.384604 
26888 54.384604 
26889 54.384604 
26890 54.384604 
26891 54.384604 
26892 54.384604 
26893 54.384604 
26894 54.384604 
26895 54.384604 
26896 54.384604 
26897 54.384604 
26898 54.384604 
26899 54.384604 
26900 54.384604 
26901 54.384604 
26902 54.384604 
26903 54.384604 
26904 54.384604 
26905 54.384604 
26906 54.384604 
26907 54.384604 
26908 54.384604 
26909 54.384604 
26910 54.384604 
26911 54.384604 
26912 54.384604 
26913 54.384604 
26914 54.384604 
26915 54.384604 
26916 54.384604 
26917 54.384604 
26918 54.384604 
26919 54.384604 
26920 54.384604 
26921 54.384604 
26922 54.384604 
26923 54.384604 
26924 54.384604 
26925 54.384604 
26926 54.384604 
26927 54.384604 
26928 54.384604 
26929 54.384604 
26930 54.384604 
26931 54.384604 
26932 54.384604 
26933 54.384604 
26934 54.384604 
26935 54.384604 
26936 54.384604 
26937 54.384604 
26938 54.384604 
26939 54.384603 
26940 54.384603 
26941 54.384603 
26942 54.384603 
26943 54.384603 
26944 54.384603 
26945 54.384603 
26946 54.384603 
26947 54.384603 
26948 54.384603 
26949 54.384603 
26950 54.384603 
26951 54.384603 
26952 54.384603 
26953 54.384602 
26954 54.384602 
26955 54.384602 
26956 54.384602 
26957 54.384602 
26958 54.384602 
26959 54.384602 
26960 54.384602 
26961 54.384601 
26962 54.384601 
26963 54.384601 
26964 54.384601 
26965 54.384601 
26966 54.384601 
26967 54.384601 
26968 54.384601 
26969 54.384601 
26970 54.384601 
26971 54.384593 
26972 54.384593 
26973 54.384593 
26974 54.384593 
26975 54.384593 
26976 54.384593 
26977 54.384593 
26978 54.384593 
26979 54.384593 
26980 54.384593 
26981 54.384593 
26982 54.384593 
26983 54.384593 
26984 54.384593 
26985 54.384593 
26986 54.384593 
26987 54.384593 
26988 54.384593 
26989 54.384593 
26990 54.384593 
26991 54.384593 
26992 54.38459 
26993 54.38459 
26994 54.38459 
26995 54.38459 
26996 54.38459 
26997 54.38459 
26998 54.38459 
26999 54.38459 
27000 54.38459 
27001 54.38459 
27002 54.38459 
27003 54.38459 
27004 54.38459 
27005 54.38459 
27006 54.38459 
27007 54.38459 
27008 54.38459 
27009 54.38459 
27010 54.38459 
27011 54.38459 
27012 54.38459 
27013 54.38459 
27014 54.38459 
27015 54.38459 
27016 54.38459 
27017 54.38459 
27018 54.38459 
27019 54.38459 
27020 54.38459 
27021 54.38459 
27022 54.38459 
27023 54.384589 
27024 54.384589 
27025 54.384589 
27026 54.384589 
27027 54.384589 
27028 54.384589 
27029 54.384589 
27030 54.384589 
27031 54.384589 
27032 54.384589 
27033 54.384589 
27034 54.384589 
27035 54.384589 
27036 54.384589 
27037 54.384589 
27038 54.384589 
27039 54.384589 
27040 54.384589 
27041 54.384589 
27042 54.384589 
27043 54.384583 
27044 54.384582 
27045 54.384582 
27046 54.384582 
27047 54.384582 
27048 54.384582 
27049 54.384582 
27050 54.384582 
27051 54.384582 
27052 54.384582 
27053 54.384582 
27054 54.384582 
27055 54.384582 
27056 54.384581 
27057 54.384581 
27058 54.384581 
27059 54.384581 
27060 54.384581 
27061 54.384581 
27062 54.384581 
27063 54.384581 
27064 54.384581 
27065 54.384581 
27066 54.384581 
27067 54.384581 
27068 54.384581 
27069 54.384581 
27070 54.38458 
27071 54.38458 
27072 54.38458 
27073 54.38458 
27074 54.38458 
27075 54.38458 
27076 54.38458 
27077 54.38458 
27078 54.38458 
27079 54.38458 
27080 54.38458 
27081 54.38458 
27082 54.384579 
27083 54.384579 
27084 54.384579 
27085 54.384579 
27086 54.384579 
27087 54.384579 
27088 54.384579 
27089 54.384579 
27090 54.384579 
27091 54.384579 
27092 54.384567 
27093 54.384567 
27094 54.384567 
27095 54.384567 
27096 54.384567 
27097 54.384567 
27098 54.384567 
27099 54.384567 
27100 54.384567 
27101 54.384567 
27102 54.384567 
27103 54.384567 
27104 54.384567 
27105 54.384567 
27106 54.384567 
27107 54.384567 
27108 54.384567 
27109 54.384567 
27110 54.384567 
27111 54.384567 
27112 54.384567 
27113 54.384567 
27114 54.384567 
27115 54.384567 
27116 54.384567 
27117 54.384567 
27118 54.384567 
27119 54.384567 
27120 54.384566 
27121 54.384566 
27122 54.384566 
27123 54.384566 
27124 54.384566 
27125 54.384566 
27126 54.384566 
27127 54.384566 
27128 54.384566 
27129 54.384566 
27130 54.384566 
27131 54.384566 
27132 54.384566 
27133 54.384566 
27134 54.384566 
27135 54.384565 
27136 54.384565 
27137 54.384565 
27138 54.384565 
27139 54.384565 
27140 54.384565 
27141 54.384565 
27142 54.384565 
27143 54.384565 
27144 54.384565 
27145 54.384564 
27146 54.384564 
27147 54.384564 
27148 54.384564 
27149 54.384556 
27150 54.384556 
27151 54.384556 
27152 54.384556 
27153 54.384556 
27154 54.384556 
27155 54.384556 
27156 54.384556 
27157 54.384556 
27158 54.384556 
27159 54.384556 
27160 54.384556 
27161 54.384556 
27162 54.384556 
27163 54.384556 
27164 54.384556 
27165 54.384556 
27166 54.384556 
27167 54.384556 
27168 54.384556 
27169 54.384556 
27170 54.384556 
27171 54.384556 
27172 54.384556 
27173 54.384556 
27174 54.384556 
27175 54.384556 
27176 54.384556 
27177 54.384556 
27178 54.384556 
27179 54.384556 
27180 54.384556 
27181 54.384556 
27182 54.384556 
27183 54.384556 
27184 54.384556 
27185 54.384542 
27186 54.384541 
27187 54.384541 
27188 54.384541 
27189 54.384541 
27190 54.384541 
27191 54.384541 
27192 54.384541 
27193 54.384541 
27194 54.384541 
27195 54.384541 
27196 54.384541 
27197 54.384541 
27198 54.384541 
27199 54.384541 
27200 54.38454 
27201 54.38454 
27202 54.38454 
27203 54.38454 
27204 54.38454 
27205 54.38454 
27206 54.38454 
27207 54.38454 
27208 54.38454 
27209 54.38454 
27210 54.38454 
27211 54.38454 
27212 54.384539 
27213 54.384539 
27214 54.384532 
27215 54.384532 
27216 54.384532 
27217 54.384532 
27218 54.384532 
27219 54.384532 
27220 54.384531 
27221 54.384531 
27222 54.384531 
27223 54.384531 
27224 54.384531 
27225 54.384531 
27226 54.384531 
27227 54.384531 
27228 54.384531 
27229 54.384531 
27230 54.384531 
27231 54.384531 
27232 54.384531 
27233 54.384531 
27234 54.384531 
27235 54.384531 
27236 54.384531 
27237 54.384531 
27238 54.384531 
27239 54.384531 
27240 54.384531 
27241 54.384531 
27242 54.384529 
27243 54.384529 
27244 54.384529 
27245 54.384529 
27246 54.384529 
27247 54.384529 
27248 54.384529 
27249 54.384529 
27250 54.384529 
27251 54.384529 
27252 54.384529 
27253 54.384529 
27254 54.384529 
27255 54.384529 
27256 54.384529 
27257 54.384529 
27258 54.384529 
27259 54.384529 
27260 54.384529 
27261 54.384529 
27262 54.384529 
27263 54.384529 
27264 54.384529 
27265 54.384529 
27266 54.384529 
27267 54.384529 
27268 54.384529 
27269 54.384529 
27270 54.384529 
27271 54.384529 
27272 54.384529 
27273 54.384529 
27274 54.384529 
27275 54.384525 
27276 54.384524 
27277 54.384524 
27278 54.384524 
27279 54.384524 
27280 54.384524 
27281 54.384524 
27282 54.384524 
27283 54.384524 
27284 54.384524 
27285 54.384524 
27286 54.384524 
27287 54.384524 
27288 54.384524 
27289 54.384524 
27290 54.384524 
27291 54.384524 
27292 54.384524 
27293 54.384524 
27294 54.384524 
27295 54.384524 
27296 54.384524 
27297 54.384524 
27298 54.384524 
27299 54.384524 
27300 54.384524 
27301 54.384524 
27302 54.384524 
27303 54.384524 
27304 54.384524 
27305 54.384524 
27306 54.384524 
27307 54.384524 
27308 54.384524 
27309 54.384524 
27310 54.384524 
27311 54.384524 
27312 54.384524 
27313 54.384524 
27314 54.384524 
27315 54.384524 
27316 54.384524 
27317 54.384524 
27318 54.384524 
27319 54.384524 
27320 54.384524 
27321 54.384524 
27322 54.384524 
27323 54.384524 
27324 54.384524 
27325 54.384524 
27326 54.384524 
27327 54.384524 
27328 54.384524 
27329 54.384524 
27330 54.384524 
27331 54.384524 
27332 54.384524 
27333 54.384524 
27334 54.384523 
27335 54.384523 
27336 54.384523 
27337 54.384523 
27338 54.384523 
27339 54.384523 
27340 54.384523 
27341 54.384522 
27342 54.384522 
27343 54.384522 
27344 54.384522 
27345 54.384522 
27346 54.384522 
27347 54.384522 
27348 54.384522 
27349 54.384522 
27350 54.384522 
27351 54.384522 
27352 54.384522 
27353 54.384522 
27354 54.384522 
27355 54.384522 
27356 54.384522 
27357 54.384522 
27358 54.384522 
27359 54.384521 
27360 54.384521 
27361 54.384521 
27362 54.384521 
27363 54.384521 
27364 54.384521 
27365 54.384521 
27366 54.384521 
27367 54.384521 
27368 54.384521 
27369 54.384521 
27370 54.384521 
27371 54.384521 
27372 54.384521 
27373 54.384521 
27374 54.38452 
27375 54.38452 
27376 54.38452 
27377 54.38452 
27378 54.38452 
27379 54.38452 
27380 54.38452 
27381 54.38452 
27382 54.38452 
27383 54.384519 
27384 54.384519 
27385 54.384519 
27386 54.384519 
27387 54.384519 
27388 54.384519 
27389 54.384519 
27390 54.384519 
27391 54.384519 
27392 54.384519 
27393 54.384519 
27394 54.384519 
27395 54.384518 
27396 54.384518 
27397 54.384518 
27398 54.384518 
27399 54.384518 
27400 54.384517 
27401 54.384517 
27402 54.384517 
27403 54.384517 
27404 54.384517 
27405 54.384517 
27406 54.384517 
27407 54.384517 
27408 54.384517 
27409 54.384517 
27410 54.384517 
27411 54.384517 
27412 54.384517 
27413 54.384517 
27414 54.384517 
27415 54.384517 
27416 54.384517 
27417 54.384517 
27418 54.384517 
27419 54.384517 
27420 54.384517 
27421 54.384509 
27422 54.384509 
27423 54.384509 
27424 54.384509 
27425 54.384509 
27426 54.384509 
27427 54.384509 
27428 54.384509 
27429 54.384509 
27430 54.384509 
27431 54.384509 
27432 54.384509 
27433 54.384509 
27434 54.384509 
27435 54.384509 
27436 54.384509 
27437 54.384509 
27438 54.384509 
27439 54.384509 
27440 54.384509 
27441 54.384509 
27442 54.384509 
27443 54.384509 
27444 54.384509 
27445 54.384509 
27446 54.384508 
27447 54.384508 
27448 54.384508 
27449 54.384508 
27450 54.384508 
27451 54.384507 
27452 54.384506 
27453 54.384506 
27454 54.384506 
27455 54.384506 
27456 54.384506 
27457 54.384506 
27458 54.384506 
27459 54.384506 
27460 54.384505 
27461 54.384505 
27462 54.384505 
27463 54.384505 
27464 54.384505 
27465 54.384505 
27466 54.384505 
27467 54.384505 
27468 54.384505 
27469 54.384505 
27470 54.384505 
27471 54.384505 
27472 54.384505 
27473 54.384505 
27474 54.384505 
27475 54.384505 
27476 54.384505 
27477 54.384505 
27478 54.384505 
27479 54.384505 
27480 54.384505 
27481 54.384505 
27482 54.384505 
27483 54.384505 
27484 54.384505 
27485 54.384505 
27486 54.384505 
27487 54.384505 
27488 54.384505 
27489 54.384505 
27490 54.384505 
27491 54.384505 
27492 54.384505 
27493 54.384505 
27494 54.384505 
27495 54.384505 
27496 54.384505 
27497 54.384505 
27498 54.384505 
27499 54.384505 
27500 54.384505 
27501 54.384505 
27502 54.384505 
27503 54.384505 
27504 54.384505 
27505 54.384505 
27506 54.384505 
27507 54.384505 
27508 54.384505 
27509 54.384505 
27510 54.384505 
27511 54.384505 
27512 54.384505 
27513 54.384505 
27514 54.384505 
27515 54.384505 
27516 54.384505 
27517 54.384505 
27518 54.384505 
27519 54.384505 
27520 54.384505 
27521 54.384504 
27522 54.384504 
27523 54.384504 
27524 54.384504 
27525 54.384504 
27526 54.384504 
27527 54.384504 
27528 54.384504 
27529 54.384504 
27530 54.384504 
27531 54.384504 
27532 54.384504 
27533 54.384504 
27534 54.384504 
27535 54.384504 
27536 54.384504 
27537 54.384504 
27538 54.384504 
27539 54.384504 
27540 54.384504 
27541 54.384504 
27542 54.384504 
27543 54.384504 
27544 54.384504 
27545 54.384504 
27546 54.384504 
27547 54.384504 
27548 54.384504 
27549 54.384504 
27550 54.384504 
27551 54.384504 
27552 54.384504 
27553 54.384504 
27554 54.384504 
27555 54.384504 
27556 54.384504 
27557 54.384504 
27558 54.384503 
27559 54.384502 
27560 54.384502 
27561 54.384502 
27562 54.384502 
27563 54.384502 
27564 54.384502 
27565 54.384502 
27566 54.384502 
27567 54.384502 
27568 54.384502 
27569 54.384502 
27570 54.384502 
27571 54.384502 
27572 54.384502 
27573 54.384502 
27574 54.384502 
27575 54.384502 
27576 54.384502 
27577 54.384502 
27578 54.384502 
27579 54.384501 
27580 54.384501 
27581 54.384501 
27582 54.384501 
27583 54.384501 
27584 54.384501 
27585 54.384501 
27586 54.384501 
27587 54.384501 
27588 54.384501 
27589 54.384501 
27590 54.384501 
27591 54.3845 
27592 54.3845 
27593 54.3845 
27594 54.3845 
27595 54.3845 
27596 54.3845 
27597 54.3845 
27598 54.3845 
27599 54.3845 
27600 54.3845 
27601 54.3845 
27602 54.3845 
27603 54.384499 
27604 54.384499 
27605 54.384498 
27606 54.384498 
27607 54.384498 
27608 54.384498 
27609 54.384498 
27610 54.384498 
27611 54.384498 
27612 54.384498 
27613 54.384498 
27614 54.384497 
27615 54.384497 
27616 54.384497 
27617 54.384497 
27618 54.384497 
27619 54.384497 
27620 54.384497 
27621 54.384497 
27622 54.384497 
27623 54.384497 
27624 54.384497 
27625 54.384497 
27626 54.384497 
27627 54.384497 
27628 54.384497 
27629 54.384497 
27630 54.384497 
27631 54.384497 
27632 54.384497 
27633 54.384497 
27634 54.384497 
27635 54.384496 
27636 54.384496 
27637 54.384496 
27638 54.384496 
27639 54.384496 
27640 54.384496 
27641 54.384496 
27642 54.384496 
27643 54.384496 
27644 54.384494 
27645 54.384494 
27646 54.384494 
27647 54.384494 
27648 54.384494 
27649 54.384494 
27650 54.384494 
27651 54.384494 
27652 54.384494 
27653 54.384494 
27654 54.384494 
27655 54.384494 
27656 54.384494 
27657 54.384494 
27658 54.384494 
27659 54.384494 
27660 54.384494 
27661 54.384494 
27662 54.384494 
27663 54.384494 
27664 54.384494 
27665 54.384494 
27666 54.384494 
27667 54.384494 
27668 54.384494 
27669 54.384494 
27670 54.384494 
27671 54.384494 
27672 54.384494 
27673 54.384494 
27674 54.384494 
27675 54.384493 
27676 54.384493 
27677 54.384493 
27678 54.384493 
27679 54.384493 
27680 54.384493 
27681 54.384493 
27682 54.384493 
27683 54.384491 
27684 54.384491 
27685 54.384491 
27686 54.384491 
27687 54.384491 
27688 54.384491 
27689 54.384491 
27690 54.384491 
27691 54.384491 
27692 54.384491 
27693 54.384491 
27694 54.384491 
27695 54.384491 
27696 54.384491 
27697 54.384491 
27698 54.384491 
27699 54.384491 
27700 54.384491 
27701 54.384491 
27702 54.384491 
27703 54.384491 
27704 54.384491 
27705 54.384486 
27706 54.384486 
27707 54.384486 
27708 54.384486 
27709 54.384486 
27710 54.384486 
27711 54.384486 
27712 54.384486 
27713 54.384486 
27714 54.384486 
27715 54.384486 
27716 54.384486 
27717 54.384486 
27718 54.384486 
27719 54.384486 
27720 54.384486 
27721 54.384486 
27722 54.384486 
27723 54.384486 
27724 54.384486 
27725 54.384486 
27726 54.384486 
27727 54.384486 
27728 54.384486 
27729 54.384486 
27730 54.384486 
27731 54.384486 
27732 54.384486 
27733 54.384486 
27734 54.384486 
27735 54.384486 
27736 54.384486 
27737 54.384486 
27738 54.384486 
27739 54.384486 
27740 54.384486 
27741 54.384486 
27742 54.384486 
27743 54.384486 
27744 54.384486 
27745 54.384485 
27746 54.384485 
27747 54.384485 
27748 54.384485 
27749 54.384485 
27750 54.384485 
27751 54.384484 
27752 54.384484 
27753 54.384484 
27754 54.384484 
27755 54.384484 
27756 54.384484 
27757 54.384484 
27758 54.384484 
27759 54.384484 
27760 54.384484 
27761 54.384484 
27762 54.384484 
27763 54.384482 
27764 54.384482 
27765 54.384482 
27766 54.384482 
27767 54.384482 
27768 54.384482 
27769 54.384482 
27770 54.384482 
27771 54.384482 
27772 54.384482 
27773 54.384482 
27774 54.384482 
27775 54.384482 
27776 54.384482 
27777 54.384482 
27778 54.384482 
27779 54.384482 
27780 54.384482 
27781 54.384482 
27782 54.384482 
27783 54.384482 
27784 54.384482 
27785 54.384482 
27786 54.384482 
27787 54.384472 
27788 54.384472 
27789 54.384472 
27790 54.384472 
27791 54.384472 
27792 54.384472 
27793 54.384472 
27794 54.384472 
27795 54.384472 
27796 54.384472 
27797 54.384472 
27798 54.384472 
27799 54.384472 
27800 54.384472 
27801 54.384472 
27802 54.384472 
27803 54.384472 
27804 54.384472 
27805 54.384472 
27806 54.384472 
27807 54.384472 
27808 54.384472 
27809 54.384472 
27810 54.384472 
27811 54.384472 
27812 54.384472 
27813 54.384472 
27814 54.384472 
27815 54.384472 
27816 54.384472 
27817 54.384472 
27818 54.384472 
27819 54.384472 
27820 54.384472 
27821 54.384472 
27822 54.384472 
27823 54.384472 
27824 54.384472 
27825 54.384472 
27826 54.384472 
27827 54.384472 
27828 54.384472 
27829 54.384472 
27830 54.384472 
27831 54.384472 
27832 54.384472 
27833 54.384472 
27834 54.384472 
27835 54.384472 
27836 54.384472 
27837 54.384472 
27838 54.384472 
27839 54.384472 
27840 54.384472 
27841 54.384472 
27842 54.384472 
27843 54.384471 
27844 54.384471 
27845 54.384471 
27846 54.384471 
27847 54.384471 
27848 54.384471 
27849 54.384471 
27850 54.384461 
27851 54.384461 
27852 54.384461 
27853 54.38446 
27854 54.38446 
27855 54.38446 
27856 54.38446 
27857 54.38446 
27858 54.38446 
27859 54.38446 
27860 54.38446 
27861 54.38446 
27862 54.38446 
27863 54.38446 
27864 54.38446 
27865 54.38446 
27866 54.38446 
27867 54.38446 
27868 54.38446 
27869 54.38446 
27870 54.38446 
27871 54.38446 
27872 54.38446 
27873 54.38446 
27874 54.38446 
27875 54.38446 
27876 54.38446 
27877 54.38446 
27878 54.38446 
27879 54.38446 
27880 54.38446 
27881 54.38446 
27882 54.38446 
27883 54.38446 
27884 54.384457 
27885 54.384457 
27886 54.384457 
27887 54.384457 
27888 54.384457 
27889 54.384457 
27890 54.384457 
27891 54.384457 
27892 54.384457 
27893 54.384457 
27894 54.384457 
27895 54.384457 
27896 54.384457 
27897 54.384457 
27898 54.384457 
27899 54.384456 
27900 54.384456 
27901 54.384456 
27902 54.384456 
27903 54.384456 
27904 54.384456 
27905 54.384456 
27906 54.384456 
27907 54.384456 
27908 54.384456 
27909 54.384456 
27910 54.384456 
27911 54.384456 
27912 54.384456 
27913 54.384451 
27914 54.384451 
27915 54.384451 
27916 54.384451 
27917 54.384451 
27918 54.384451 
27919 54.384451 
27920 54.384451 
27921 54.384451 
27922 54.384451 
27923 54.384451 
27924 54.384451 
27925 54.384451 
27926 54.384451 
27927 54.384451 
27928 54.384451 
27929 54.384451 
27930 54.38445 
27931 54.38445 
27932 54.38445 
27933 54.38445 
27934 54.38445 
27935 54.38445 
27936 54.38445 
27937 54.38445 
27938 54.38445 
27939 54.38445 
27940 54.38445 
27941 54.38445 
27942 54.38445 
27943 54.38445 
27944 54.38445 
27945 54.38445 
27946 54.38445 
27947 54.38445 
27948 54.38445 
27949 54.38445 
27950 54.38445 
27951 54.38445 
27952 54.384449 
27953 54.384449 
27954 54.384449 
27955 54.384449 
27956 54.384449 
27957 54.384449 
27958 54.384449 
27959 54.384447 
27960 54.384447 
27961 54.384447 
27962 54.384447 
27963 54.384447 
27964 54.384447 
27965 54.384447 
27966 54.384447 
27967 54.384447 
27968 54.384447 
27969 54.384447 
27970 54.384447 
27971 54.384447 
27972 54.384447 
27973 54.384447 
27974 54.384447 
27975 54.384447 
27976 54.384447 
27977 54.384447 
27978 54.384447 
27979 54.384447 
27980 54.384447 
27981 54.384447 
27982 54.384447 
27983 54.384447 
27984 54.384447 
27985 54.384447 
27986 54.384447 
27987 54.384447 
27988 54.384447 
27989 54.384447 
27990 54.384447 
27991 54.384447 
27992 54.384447 
27993 54.384447 
27994 54.384446 
27995 54.384446 
27996 54.384442 
27997 54.384442 
27998 54.384442 
27999 54.384442 
28000 54.384442 
28001 54.384442 
28002 54.384442 
28003 54.384442 
28004 54.384442 
28005 54.384442 
28006 54.384442 
28007 54.384442 
28008 54.384442 
28009 54.384442 
28010 54.384442 
28011 54.384442 
28012 54.384442 
28013 54.384442 
28014 54.384442 
28015 54.384442 
28016 54.384442 
28017 54.384442 
28018 54.384442 
28019 54.384442 
28020 54.384442 
28021 54.384442 
28022 54.384442 
28023 54.384442 
28024 54.384442 
28025 54.384442 
28026 54.384442 
28027 54.384442 
28028 54.384442 
28029 54.384442 
28030 54.384442 
28031 54.384442 
28032 54.384442 
28033 54.384442 
28034 54.384442 
28035 54.384442 
28036 54.384442 
28037 54.384442 
28038 54.384425 
28039 54.384424 
28040 54.384424 
28041 54.384424 
28042 54.384424 
28043 54.384424 
28044 54.384423 
28045 54.384423 
28046 54.384423 
28047 54.384423 
28048 54.384423 
28049 54.384423 
28050 54.384423 
28051 54.384423 
28052 54.384423 
28053 54.384423 
28054 54.384423 
28055 54.384423 
28056 54.384423 
28057 54.384423 
28058 54.384423 
28059 54.384423 
28060 54.384423 
28061 54.384422 
28062 54.384421 
28063 54.384421 
28064 54.384421 
28065 54.384421 
28066 54.384421 
28067 54.384421 
28068 54.384421 
28069 54.384421 
28070 54.384421 
28071 54.384421 
28072 54.384421 
28073 54.384421 
28074 54.384421 
28075 54.384421 
28076 54.384421 
28077 54.384421 
28078 54.384421 
28079 54.384421 
28080 54.384419 
28081 54.384419 
28082 54.384419 
28083 54.384419 
28084 54.384419 
28085 54.384419 
28086 54.384419 
28087 54.384419 
28088 54.384419 
28089 54.384419 
28090 54.384419 
28091 54.384419 
28092 54.384419 
28093 54.384419 
28094 54.384419 
28095 54.384419 
28096 54.384419 
28097 54.384419 
28098 54.384419 
28099 54.384419 
28100 54.384419 
28101 54.384419 
28102 54.384419 
28103 54.384419 
28104 54.384419 
28105 54.384419 
28106 54.384419 
28107 54.384419 
28108 54.384418 
28109 54.384417 
28110 54.384417 
28111 54.384417 
28112 54.384417 
28113 54.384417 
28114 54.384417 
28115 54.384417 
28116 54.384417 
28117 54.384417 
28118 54.384417 
28119 54.384417 
28120 54.384417 
28121 54.384417 
28122 54.384417 
28123 54.384417 
28124 54.384417 
28125 54.384415 
28126 54.384415 
28127 54.384415 
28128 54.384415 
28129 54.384415 
28130 54.384415 
28131 54.384415 
28132 54.384415 
28133 54.384415 
28134 54.384415 
28135 54.384415 
28136 54.384415 
28137 54.384415 
28138 54.384415 
28139 54.384415 
28140 54.384415 
28141 54.384415 
28142 54.384414 
28143 54.384414 
28144 54.384414 
28145 54.384414 
28146 54.384414 
28147 54.384414 
28148 54.384414 
28149 54.384414 
28150 54.384414 
28151 54.384414 
28152 54.384414 
28153 54.384414 
28154 54.384414 
28155 54.384414 
28156 54.384407 
28157 54.384407 
28158 54.384407 
28159 54.384407 
28160 54.384407 
28161 54.384407 
28162 54.384407 
28163 54.384407 
28164 54.384407 
28165 54.384407 
28166 54.384407 
28167 54.384407 
28168 54.384407 
28169 54.384407 
28170 54.384407 
28171 54.384407 
28172 54.384407 
28173 54.384407 
28174 54.384407 
28175 54.384407 
28176 54.384407 
28177 54.384407 
28178 54.384407 
28179 54.384407 
28180 54.384407 
28181 54.384406 
28182 54.384406 
28183 54.384406 
28184 54.384406 
28185 54.384402 
28186 54.384402 
28187 54.384402 
28188 54.384402 
28189 54.384402 
28190 54.384402 
28191 54.384402 
28192 54.384402 
28193 54.384402 
28194 54.384402 
28195 54.384402 
28196 54.384402 
28197 54.384402 
28198 54.384402 
28199 54.384402 
28200 54.384402 
28201 54.384402 
28202 54.384402 
28203 54.384402 
28204 54.384402 
28205 54.384402 
28206 54.384402 
28207 54.384402 
28208 54.384402 
28209 54.384402 
28210 54.384402 
28211 54.384402 
28212 54.384402 
28213 54.384402 
28214 54.384402 
28215 54.384402 
28216 54.384402 
28217 54.384402 
28218 54.384402 
28219 54.384402 
28220 54.384402 
28221 54.384402 
28222 54.384402 
28223 54.384402 
28224 54.384402 
28225 54.384402 
28226 54.384402 
28227 54.384402 
28228 54.384401 
28229 54.384401 
28230 54.384401 
28231 54.384401 
28232 54.384401 
28233 54.3844 
28234 54.3844 
28235 54.384399 
28236 54.384399 
28237 54.384399 
28238 54.384399 
28239 54.384399 
28240 54.384399 
28241 54.384399 
28242 54.384399 
28243 54.384399 
28244 54.384399 
28245 54.384399 
28246 54.384399 
28247 54.384399 
28248 54.384399 
28249 54.384398 
28250 54.384398 
28251 54.384398 
28252 54.384398 
28253 54.384398 
28254 54.384398 
28255 54.384397 
28256 54.384397 
28257 54.384397 
28258 54.384397 
28259 54.384397 
28260 54.384397 
28261 54.384397 
28262 54.384396 
28263 54.384396 
28264 54.384396 
28265 54.384396 
28266 54.384396 
28267 54.384396 
28268 54.384396 
28269 54.384396 
28270 54.384396 
28271 54.384396 
28272 54.384396 
28273 54.384396 
28274 54.384396 
28275 54.384395 
28276 54.384395 
28277 54.384395 
28278 54.384395 
28279 54.384395 
28280 54.384395 
28281 54.384395 
28282 54.384395 
28283 54.384395 
28284 54.384395 
28285 54.384395 
28286 54.384395 
28287 54.384394 
28288 54.384394 
28289 54.384384 
28290 54.384384 
28291 54.384384 
28292 54.384384 
28293 54.384384 
28294 54.384384 
28295 54.384384 
28296 54.384384 
28297 54.384384 
28298 54.384384 
28299 54.384384 
28300 54.384384 
28301 54.384384 
28302 54.384384 
28303 54.384384 
28304 54.384384 
28305 54.384384 
28306 54.384384 
28307 54.384384 
28308 54.384384 
28309 54.384384 
28310 54.384384 
28311 54.384384 
28312 54.384384 
28313 54.384384 
28314 54.384384 
28315 54.384384 
28316 54.384384 
28317 54.384384 
28318 54.384384 
28319 54.384384 
28320 54.384384 
28321 54.384384 
28322 54.384384 
28323 54.384384 
28324 54.384383 
28325 54.384383 
28326 54.384383 
28327 54.384383 
28328 54.384383 
28329 54.384383 
28330 54.384383 
28331 54.384383 
28332 54.384383 
28333 54.384383 
28334 54.38438 
28335 54.38438 
28336 54.38438 
28337 54.38438 
28338 54.38438 
28339 54.38438 
28340 54.38438 
28341 54.38438 
28342 54.38438 
28343 54.38438 
28344 54.38438 
28345 54.38438 
28346 54.38438 
28347 54.38438 
28348 54.38438 
28349 54.38438 
28350 54.38438 
28351 54.38438 
28352 54.38438 
28353 54.38438 
28354 54.38438 
28355 54.38438 
28356 54.38438 
28357 54.38438 
28358 54.384379 
28359 54.384379 
28360 54.384379 
28361 54.384379 
28362 54.384379 
28363 54.384379 
28364 54.384379 
28365 54.384378 
28366 54.384378 
28367 54.384378 
28368 54.384378 
28369 54.384378 
28370 54.384378 
28371 54.384378 
28372 54.384378 
28373 54.384373 
28374 54.384373 
28375 54.384373 
28376 54.384373 
28377 54.384373 
28378 54.384373 
28379 54.384373 
28380 54.384373 
28381 54.384373 
28382 54.384373 
28383 54.384373 
28384 54.384373 
28385 54.384373 
28386 54.384372 
28387 54.384372 
28388 54.384372 
28389 54.384372 
28390 54.384372 
28391 54.384372 
28392 54.384372 
28393 54.384372 
28394 54.384371 
28395 54.384371 
28396 54.384371 
28397 54.38437 
28398 54.38437 
28399 54.38437 
28400 54.38437 
28401 54.384369 
28402 54.384369 
28403 54.384369 
28404 54.384369 
28405 54.384369 
28406 54.384369 
28407 54.384369 
28408 54.384369 
28409 54.384369 
28410 54.384369 
28411 54.384369 
28412 54.384369 
28413 54.384369 
28414 54.384369 
28415 54.384369 
28416 54.384365 
28417 54.384365 
28418 54.384365 
28419 54.384365 
28420 54.384365 
28421 54.384365 
28422 54.384365 
28423 54.384365 
28424 54.384365 
28425 54.384365 
28426 54.384365 
28427 54.384365 
28428 54.384365 
28429 54.384365 
28430 54.384365 
28431 54.384365 
28432 54.384365 
28433 54.384365 
28434 54.384364 
28435 54.384364 
28436 54.384364 
28437 54.384364 
28438 54.384364 
28439 54.384359 
28440 54.384359 
28441 54.384359 
28442 54.384359 
28443 54.384359 
28444 54.384359 
28445 54.384359 
28446 54.384359 
28447 54.384359 
28448 54.384358 
28449 54.384358 
28450 54.384358 
28451 54.384358 
28452 54.384358 
28453 54.384358 
28454 54.384358 
28455 54.384357 
28456 54.384357 
28457 54.384357 
28458 54.384357 
28459 54.384357 
28460 54.384357 
28461 54.384357 
28462 54.384356 
28463 54.384355 
28464 54.384355 
28465 54.384355 
28466 54.384355 
28467 54.384355 
28468 54.384355 
28469 54.384355 
28470 54.384355 
28471 54.384355 
28472 54.384354 
28473 54.384354 
28474 54.384354 
28475 54.384354 
28476 54.384354 
28477 54.384354 
28478 54.384353 
28479 54.384353 
28480 54.384353 
28481 54.384353 
28482 54.384353 
28483 54.384353 
28484 54.384353 
28485 54.384352 
28486 54.384352 
28487 54.384352 
28488 54.384352 
28489 54.384352 
28490 54.384352 
28491 54.384352 
28492 54.384352 
28493 54.384352 
28494 54.384352 
28495 54.384352 
28496 54.384352 
28497 54.384352 
28498 54.384352 
28499 54.384352 
28500 54.384352 
28501 54.384352 
28502 54.384352 
28503 54.384352 
28504 54.384352 
28505 54.384352 
28506 54.384352 
28507 54.384352 
28508 54.384352 
28509 54.384351 
28510 54.384351 
28511 54.384351 
28512 54.384351 
28513 54.384351 
28514 54.384351 
28515 54.384351 
28516 54.384351 
28517 54.384351 
28518 54.384351 
28519 54.384351 
28520 54.384351 
28521 54.384351 
28522 54.384351 
28523 54.384351 
28524 54.384351 
28525 54.384351 
28526 54.384329 
28527 54.384329 
28528 54.384329 
28529 54.384329 
28530 54.384329 
28531 54.384329 
28532 54.384329 
28533 54.384329 
28534 54.384329 
28535 54.384329 
28536 54.384329 
28537 54.384329 
28538 54.384329 
28539 54.384329 
28540 54.384329 
28541 54.384329 
28542 54.384329 
28543 54.384329 
28544 54.384329 
28545 54.384329 
28546 54.384329 
28547 54.384329 
28548 54.384329 
28549 54.384329 
28550 54.384329 
28551 54.384329 
28552 54.384329 
28553 54.384329 
28554 54.384329 
28555 54.384329 
28556 54.384329 
28557 54.384329 
28558 54.384329 
28559 54.384329 
28560 54.384329 
28561 54.384329 
28562 54.384329 
28563 54.384329 
28564 54.384329 
28565 54.384329 
28566 54.384329 
28567 54.384329 
28568 54.384329 
28569 54.384329 
28570 54.384329 
28571 54.384329 
28572 54.384329 
28573 54.384329 
28574 54.384329 
28575 54.384329 
28576 54.384329 
28577 54.384329 
28578 54.384329 
28579 54.384329 
28580 54.384329 
28581 54.384329 
28582 54.384329 
28583 54.384329 
28584 54.384329 
28585 54.384329 
28586 54.384329 
28587 54.384329 
28588 54.384329 
28589 54.384329 
28590 54.384329 
28591 54.384329 
28592 54.384329 
28593 54.384329 
28594 54.384329 
28595 54.384329 
28596 54.384329 
28597 54.384328 
28598 54.384328 
28599 54.384328 
28600 54.384328 
28601 54.384328 
28602 54.384328 
28603 54.384328 
28604 54.384328 
28605 54.384328 
28606 54.384328 
28607 54.384328 
28608 54.384328 
28609 54.384328 
28610 54.384328 
28611 54.384328 
28612 54.384328 
28613 54.384328 
28614 54.384328 
28615 54.384326 
28616 54.384326 
28617 54.384326 
28618 54.384326 
28619 54.384326 
28620 54.384326 
28621 54.384326 
28622 54.384326 
28623 54.384326 
28624 54.384326 
28625 54.384326 
28626 54.384326 
28627 54.384326 
28628 54.384326 
28629 54.384326 
28630 54.384326 
28631 54.384326 
28632 54.384326 
28633 54.384326 
28634 54.384326 
28635 54.384326 
28636 54.384326 
28637 54.384326 
28638 54.384326 
28639 54.384326 
28640 54.384326 
28641 54.384325 
28642 54.384325 
28643 54.384311 
28644 54.384311 
28645 54.384311 
28646 54.384311 
28647 54.384311 
28648 54.384311 
28649 54.384311 
28650 54.384311 
28651 54.384311 
28652 54.384311 
28653 54.384311 
28654 54.384311 
28655 54.384311 
28656 54.384311 
28657 54.384311 
28658 54.384311 
28659 54.384311 
28660 54.384311 
28661 54.384311 
28662 54.384311 
28663 54.384311 
28664 54.384311 
28665 54.384311 
28666 54.384311 
28667 54.384311 
28668 54.384311 
28669 54.384311 
28670 54.384311 
28671 54.384311 
28672 54.384311 
28673 54.384311 
28674 54.384311 
28675 54.384311 
28676 54.384311 
28677 54.384311 
28678 54.384311 
28679 54.384311 
28680 54.384311 
28681 54.384311 
28682 54.384311 
28683 54.384311 
28684 54.384311 
28685 54.384311 
28686 54.384311 
28687 54.384311 
28688 54.384311 
28689 54.384311 
28690 54.384311 
28691 54.384311 
28692 54.384311 
28693 54.384311 
28694 54.384311 
28695 54.384311 
28696 54.38431 
28697 54.38431 
28698 54.38431 
28699 54.38431 
28700 54.38431 
28701 54.38431 
28702 54.38431 
28703 54.38431 
28704 54.384309 
28705 54.384308 
28706 54.384308 
28707 54.384308 
28708 54.384308 
28709 54.384308 
28710 54.384308 
28711 54.384308 
28712 54.384308 
28713 54.384308 
28714 54.384308 
28715 54.384308 
28716 54.384306 
28717 54.384306 
28718 54.384306 
28719 54.384306 
28720 54.384306 
28721 54.384306 
28722 54.384306 
28723 54.384306 
28724 54.384306 
28725 54.384306 
28726 54.384306 
28727 54.384306 
28728 54.384306 
28729 54.384306 
28730 54.384306 
28731 54.384306 
28732 54.384306 
28733 54.384306 
28734 54.384306 
28735 54.384306 
28736 54.384306 
28737 54.384304 
28738 54.384304 
28739 54.384304 
28740 54.384304 
28741 54.384304 
28742 54.384304 
28743 54.384303 
28744 54.384303 
28745 54.384303 
28746 54.3843 
28747 54.3843 
28748 54.3843 
28749 54.3843 
28750 54.3843 
28751 54.3843 
28752 54.3843 
28753 54.3843 
28754 54.3843 
28755 54.3843 
28756 54.3843 
28757 54.3843 
28758 54.3843 
28759 54.3843 
28760 54.3843 
28761 54.384299 
28762 54.384299 
28763 54.384299 
28764 54.384299 
28765 54.384299 
28766 54.384298 
28767 54.384298 
28768 54.384298 
28769 54.384298 
28770 54.384298 
28771 54.384298 
28772 54.384298 
28773 54.384298 
28774 54.384298 
28775 54.384298 
28776 54.384298 
28777 54.384298 
28778 54.384298 
28779 54.384298 
28780 54.384298 
28781 54.384298 
28782 54.384298 
28783 54.384298 
28784 54.384298 
28785 54.384298 
28786 54.384298 
28787 54.384298 
28788 54.384298 
28789 54.384298 
28790 54.384298 
28791 54.384298 
28792 54.384298 
28793 54.384297 
28794 54.384297 
28795 54.384297 
28796 54.384297 
28797 54.384297 
28798 54.384297 
28799 54.384297 
28800 54.384297 
28801 54.384297 
28802 54.384297 
28803 54.384296 
28804 54.384296 
28805 54.384296 
28806 54.384296 
28807 54.384296 
28808 54.384296 
28809 54.384296 
28810 54.384296 
28811 54.384296 
28812 54.384296 
28813 54.384296 
28814 54.384296 
28815 54.384296 
28816 54.384293 
28817 54.384293 
28818 54.384293 
28819 54.384293 
28820 54.384293 
28821 54.384293 
28822 54.384293 
28823 54.384293 
28824 54.384293 
28825 54.384293 
28826 54.384293 
28827 54.384293 
28828 54.384293 
28829 54.384293 
28830 54.384293 
28831 54.384293 
28832 54.384293 
28833 54.384293 
28834 54.384293 
28835 54.384293 
28836 54.384293 
28837 54.384293 
28838 54.384293 
28839 54.384293 
28840 54.384293 
28841 54.384293 
28842 54.384293 
28843 54.384293 
28844 54.384293 
28845 54.384293 
28846 54.384293 
28847 54.384293 
28848 54.384293 
28849 54.384293 
28850 54.384293 
28851 54.384293 
28852 54.384293 
28853 54.384293 
28854 54.384293 
28855 54.384289 
28856 54.384284 
28857 54.384284 
28858 54.384284 
28859 54.384284 
28860 54.384284 
28861 54.384284 
28862 54.384284 
28863 54.384284 
28864 54.384284 
28865 54.384284 
28866 54.384284 
28867 54.384284 
28868 54.384284 
28869 54.384284 
28870 54.384284 
28871 54.384284 
28872 54.384284 
28873 54.384283 
28874 54.384283 
28875 54.384283 
28876 54.384283 
28877 54.384283 
28878 54.384283 
28879 54.384283 
28880 54.384283 
28881 54.384283 
28882 54.384283 
28883 54.384283 
28884 54.384283 
28885 54.384283 
28886 54.384281 
28887 54.384281 
28888 54.384281 
28889 54.384281 
28890 54.384281 
28891 54.384281 
28892 54.384281 
28893 54.384281 
28894 54.384281 
28895 54.384281 
28896 54.384281 
28897 54.384281 
28898 54.384281 
28899 54.384281 
28900 54.384281 
28901 54.384281 
28902 54.384281 
28903 54.384281 
28904 54.384281 
28905 54.384281 
28906 54.384281 
28907 54.384281 
28908 54.384281 
28909 54.384281 
28910 54.384281 
28911 54.384281 
28912 54.384281 
28913 54.384281 
28914 54.384281 
28915 54.384281 
28916 54.384281 
28917 54.384281 
28918 54.384281 
28919 54.384281 
28920 54.38428 
28921 54.38428 
28922 54.38428 
28923 54.38428 
28924 54.38428 
28925 54.38428 
28926 54.38428 
28927 54.38428 
28928 54.38428 
28929 54.38428 
28930 54.38428 
28931 54.38428 
28932 54.38428 
28933 54.38428 
28934 54.384279 
28935 54.384279 
28936 54.384279 
28937 54.384279 
28938 54.384279 
28939 54.384279 
28940 54.38427 
28941 54.38427 
28942 54.38427 
28943 54.38427 
28944 54.38427 
28945 54.38427 
28946 54.38427 
28947 54.38427 
28948 54.38427 
28949 54.38427 
28950 54.38427 
28951 54.38427 
28952 54.38427 
28953 54.38427 
28954 54.38427 
28955 54.38427 
28956 54.38427 
28957 54.38427 
28958 54.38427 
28959 54.38427 
28960 54.38427 
28961 54.38427 
28962 54.38427 
28963 54.38427 
28964 54.38427 
28965 54.38427 
28966 54.38427 
28967 54.38427 
28968 54.38427 
28969 54.38427 
28970 54.38427 
28971 54.38427 
28972 54.38427 
28973 54.38427 
28974 54.38427 
28975 54.38427 
28976 54.38427 
28977 54.38427 
28978 54.38427 
28979 54.38427 
28980 54.38427 
28981 54.38427 
28982 54.38427 
28983 54.38427 
28984 54.38427 
28985 54.38427 
28986 54.38427 
28987 54.38427 
28988 54.38427 
28989 54.38427 
28990 54.38427 
28991 54.38427 
28992 54.384269 
28993 54.384269 
28994 54.384269 
28995 54.384269 
28996 54.384269 
28997 54.384269 
28998 54.384269 
28999 54.384269 
29000 54.384269 
29001 54.384269 
29002 54.384269 
29003 54.384269 
29004 54.384269 
29005 54.384269 
29006 54.384269 
29007 54.384269 
29008 54.384269 
29009 54.384269 
29010 54.384269 
29011 54.384269 
29012 54.384265 
29013 54.384265 
29014 54.384265 
29015 54.384265 
29016 54.384265 
29017 54.384265 
29018 54.384265 
29019 54.384265 
29020 54.384265 
29021 54.384265 
29022 54.384265 
29023 54.384265 
29024 54.384265 
29025 54.384264 
29026 54.38425 
29027 54.38425 
29028 54.38425 
29029 54.38425 
29030 54.38425 
29031 54.38425 
29032 54.38425 
29033 54.38425 
29034 54.38425 
29035 54.384249 
29036 54.384249 
29037 54.384249 
29038 54.384249 
29039 54.384249 
29040 54.384249 
29041 54.384249 
29042 54.384249 
29043 54.384249 
29044 54.384249 
29045 54.384249 
29046 54.384248 
29047 54.384248 
29048 54.384248 
29049 54.384248 
29050 54.384248 
29051 54.384248 
29052 54.384248 
29053 54.384248 
29054 54.384248 
29055 54.384248 
29056 54.384248 
29057 54.384248 
29058 54.384244 
29059 54.384244 
29060 54.384244 
29061 54.384244 
29062 54.384244 
29063 54.384244 
29064 54.384244 
29065 54.384244 
29066 54.384244 
29067 54.384244 
29068 54.384244 
29069 54.384243 
29070 54.384243 
29071 54.384243 
29072 54.384243 
29073 54.384243 
29074 54.384243 
29075 54.384243 
29076 54.384243 
29077 54.384243 
29078 54.384243 
29079 54.384243 
29080 54.384243 
29081 54.384243 
29082 54.384243 
29083 54.384243 
29084 54.384243 
29085 54.384243 
29086 54.384243 
29087 54.384241 
29088 54.384241 
29089 54.384241 
29090 54.384241 
29091 54.384241 
29092 54.384241 
29093 54.384241 
29094 54.384241 
29095 54.384241 
29096 54.384241 
29097 54.384241 
29098 54.384241 
29099 54.384241 
29100 54.384241 
29101 54.384241 
29102 54.384241 
29103 54.384241 
29104 54.384241 
29105 54.384241 
29106 54.384241 
29107 54.384241 
29108 54.384241 
29109 54.384241 
29110 54.384241 
29111 54.384241 
29112 54.384241 
29113 54.384241 
29114 54.384241 
29115 54.384241 
29116 54.384241 
29117 54.384241 
29118 54.384241 
29119 54.384241 
29120 54.384241 
29121 54.384241 
29122 54.384241 
29123 54.384241 
29124 54.384241 
29125 54.38424 
29126 54.38424 
29127 54.38424 
29128 54.384239 
29129 54.384239 
29130 54.384239 
29131 54.384239 
29132 54.384239 
29133 54.384239 
29134 54.384239 
29135 54.384239 
29136 54.384239 
29137 54.384239 
29138 54.384239 
29139 54.384239 
29140 54.384239 
29141 54.384239 
29142 54.384239 
29143 54.384239 
29144 54.384239 
29145 54.384238 
29146 54.384238 
29147 54.384238 
29148 54.384238 
29149 54.384238 
29150 54.384238 
29151 54.384238 
29152 54.384238 
29153 54.384238 
29154 54.384238 
29155 54.384237 
29156 54.384237 
29157 54.384237 
29158 54.384237 
29159 54.384237 
29160 54.384237 
29161 54.384219 
29162 54.384217 
29163 54.384217 
29164 54.384217 
29165 54.384217 
29166 54.384217 
29167 54.384217 
29168 54.384217 
29169 54.384217 
29170 54.384217 
29171 54.384217 
29172 54.384217 
29173 54.384217 
29174 54.384217 
29175 54.384217 
29176 54.384217 
29177 54.384217 
29178 54.384217 
29179 54.384217 
29180 54.384217 
29181 54.384217 
29182 54.384217 
29183 54.384217 
29184 54.384217 
29185 54.384217 
29186 54.384217 
29187 54.384217 
29188 54.384216 
29189 54.384216 
29190 54.384216 
29191 54.384216 
29192 54.384216 
29193 54.384216 
29194 54.384216 
29195 54.384216 
29196 54.384216 
29197 54.384216 
29198 54.384216 
29199 54.384216 
29200 54.384216 
29201 54.384216 
29202 54.384216 
29203 54.384216 
29204 54.384216 
29205 54.384216 
29206 54.384216 
29207 54.384216 
29208 54.384216 
29209 54.384216 
29210 54.384216 
29211 54.384216 
29212 54.384216 
29213 54.384216 
29214 54.384216 
29215 54.384216 
29216 54.384216 
29217 54.384216 
29218 54.384216 
29219 54.384216 
29220 54.384216 
29221 54.384216 
29222 54.384216 
29223 54.384216 
29224 54.384216 
29225 54.384216 
29226 54.384216 
29227 54.384216 
29228 54.384216 
29229 54.384216 
29230 54.384216 
29231 54.384216 
29232 54.384216 
29233 54.384216 
29234 54.384216 
29235 54.384214 
29236 54.384214 
29237 54.384214 
29238 54.384214 
29239 54.384214 
29240 54.384214 
29241 54.384214 
29242 54.384214 
29243 54.384214 
29244 54.384214 
29245 54.384214 
29246 54.384214 
29247 54.384214 
29248 54.384214 
29249 54.384214 
29250 54.384214 
29251 54.384214 
29252 54.384214 
29253 54.384214 
29254 54.384214 
29255 54.384214 
29256 54.384214 
29257 54.384214 
29258 54.384214 
29259 54.384214 
29260 54.384214 
29261 54.384214 
29262 54.384214 
29263 54.384214 
29264 54.384214 
29265 54.384213 
29266 54.384213 
29267 54.384213 
29268 54.384213 
29269 54.384213 
29270 54.384213 
29271 54.384213 
29272 54.384213 
29273 54.384213 
29274 54.384213 
29275 54.384213 
29276 54.384213 
29277 54.384213 
29278 54.384213 
29279 54.384213 
29280 54.384213 
29281 54.384213 
29282 54.384213 
29283 54.384213 
29284 54.384213 
29285 54.384213 
29286 54.384213 
29287 54.384213 
29288 54.384213 
29289 54.384213 
29290 54.384213 
29291 54.384213 
29292 54.384213 
29293 54.384213 
29294 54.384213 
29295 54.384213 
29296 54.384213 
29297 54.384213 
29298 54.384213 
29299 54.384213 
29300 54.384212 
29301 54.384212 
29302 54.384212 
29303 54.384212 
29304 54.384211 
29305 54.384211 
29306 54.384211 
29307 54.384211 
29308 54.38421 
29309 54.38421 
29310 54.38421 
29311 54.38421 
29312 54.38421 
29313 54.38421 
29314 54.38421 
29315 54.38421 
29316 54.384209 
29317 54.384209 
29318 54.384209 
29319 54.384209 
29320 54.384209 
29321 54.384209 
29322 54.384209 
29323 54.384209 
29324 54.384209 
29325 54.384207 
29326 54.384207 
29327 54.384207 
29328 54.384207 
29329 54.384207 
29330 54.384207 
29331 54.384207 
29332 54.384207 
29333 54.384207 
29334 54.384207 
29335 54.384207 
29336 54.384207 
29337 54.384207 
29338 54.384205 
29339 54.384205 
29340 54.384205 
29341 54.384205 
29342 54.384205 
29343 54.384203 
29344 54.384202 
29345 54.384202 
29346 54.384202 
29347 54.384202 
29348 54.384202 
29349 54.384202 
29350 54.384202 
29351 54.384202 
29352 54.384202 
29353 54.384202 
29354 54.384202 
29355 54.384202 
29356 54.384202 
29357 54.384199 
29358 54.384199 
29359 54.384199 
29360 54.384199 
29361 54.384199 
29362 54.384199 
29363 54.384199 
29364 54.384199 
29365 54.384199 
29366 54.384199 
29367 54.384199 
29368 54.384199 
29369 54.384199 
29370 54.384199 
29371 54.384199 
29372 54.384199 
29373 54.384199 
29374 54.384199 
29375 54.384199 
29376 54.384199 
29377 54.384199 
29378 54.384199 
29379 54.384199 
29380 54.384199 
29381 54.384199 
29382 54.384199 
29383 54.384197 
29384 54.384197 
29385 54.384197 
29386 54.384197 
29387 54.384197 
29388 54.384197 
29389 54.384197 
29390 54.384197 
29391 54.384197 
29392 54.384197 
29393 54.384197 
29394 54.384197 
29395 54.384197 
29396 54.384197 
29397 54.384197 
29398 54.384197 
29399 54.384197 
29400 54.384197 
29401 54.384197 
29402 54.384197 
29403 54.384197 
29404 54.384197 
29405 54.384196 
29406 54.384196 
29407 54.384196 
29408 54.384196 
29409 54.384196 
29410 54.384196 
29411 54.384195 
29412 54.384195 
29413 54.384195 
29414 54.384195 
29415 54.384195 
29416 54.384195 
29417 54.384195 
29418 54.384195 
29419 54.384195 
29420 54.384195 
29421 54.384195 
29422 54.384195 
29423 54.384195 
29424 54.384194 
29425 54.384194 
29426 54.384193 
29427 54.384193 
29428 54.384193 
29429 54.384193 
29430 54.384193 
29431 54.384193 
29432 54.384193 
29433 54.384193 
29434 54.384193 
29435 54.384193 
29436 54.384193 
29437 54.384193 
29438 54.384193 
29439 54.384193 
29440 54.384193 
29441 54.384193 
29442 54.384193 
29443 54.384193 
29444 54.384193 
29445 54.384193 
29446 54.384193 
29447 54.384193 
29448 54.384193 
29449 54.384192 
29450 54.384192 
29451 54.384192 
29452 54.384192 
29453 54.384192 
29454 54.384192 
29455 54.384192 
29456 54.384192 
29457 54.384192 
29458 54.384192 
29459 54.384192 
29460 54.384192 
29461 54.384192 
29462 54.384192 
29463 54.384192 
29464 54.384191 
29465 54.384191 
29466 54.384191 
29467 54.384191 
29468 54.384191 
29469 54.384191 
29470 54.384191 
29471 54.384191 
29472 54.384191 
29473 54.384191 
29474 54.384191 
29475 54.384189 
29476 54.384189 
29477 54.384189 
29478 54.384189 
29479 54.384189 
29480 54.384189 
29481 54.384189 
29482 54.384189 
29483 54.384189 
29484 54.384189 
29485 54.384189 
29486 54.384189 
29487 54.384189 
29488 54.384189 
29489 54.384189 
29490 54.384189 
29491 54.384189 
29492 54.384189 
29493 54.384189 
29494 54.384189 
29495 54.384189 
29496 54.384189 
29497 54.384189 
29498 54.384189 
29499 54.384189 
29500 54.384189 
29501 54.384189 
29502 54.384189 
29503 54.384186 
29504 54.384186 
29505 54.384186 
29506 54.384186 
29507 54.384186 
29508 54.384186 
29509 54.384186 
29510 54.384186 
29511 54.384186 
29512 54.384186 
29513 54.384186 
29514 54.384186 
29515 54.384186 
29516 54.384186 
29517 54.384186 
29518 54.384186 
29519 54.384186 
29520 54.384186 
29521 54.384186 
29522 54.384186 
29523 54.384186 
29524 54.384186 
29525 54.384186 
29526 54.384186 
29527 54.384186 
29528 54.384186 
29529 54.384185 
29530 54.384185 
29531 54.384185 
29532 54.384185 
29533 54.384185 
29534 54.384185 
29535 54.384185 
29536 54.384185 
29537 54.384185 
29538 54.384185 
29539 54.384185 
29540 54.384185 
29541 54.384185 
29542 54.384185 
29543 54.384185 
29544 54.384185 
29545 54.384185 
29546 54.384185 
29547 54.384185 
29548 54.384185 
29549 54.384185 
29550 54.384185 
29551 54.384185 
29552 54.384185 
29553 54.384185 
29554 54.384185 
29555 54.384185 
29556 54.384185 
29557 54.384184 
29558 54.384184 
29559 54.384184 
29560 54.384184 
29561 54.384184 
29562 54.384184 
29563 54.384184 
29564 54.384184 
29565 54.384184 
29566 54.384183 
29567 54.384183 
29568 54.384183 
29569 54.384183 
29570 54.384183 
29571 54.384183 
29572 54.384183 
29573 54.384183 
29574 54.384183 
29575 54.384183 
29576 54.384183 
29577 54.384183 
29578 54.384183 
29579 54.384183 
29580 54.384183 
29581 54.384183 
29582 54.384183 
29583 54.384183 
29584 54.384183 
29585 54.384183 
29586 54.384183 
29587 54.384183 
29588 54.384182 
29589 54.384182 
29590 54.384182 
29591 54.384182 
29592 54.384182 
29593 54.384182 
29594 54.38418 
29595 54.38418 
29596 54.38418 
29597 54.38418 
29598 54.38418 
29599 54.38418 
29600 54.38418 
29601 54.38418 
29602 54.38418 
29603 54.38418 
29604 54.38418 
29605 54.38418 
29606 54.38418 
29607 54.38418 
29608 54.38418 
29609 54.38418 
29610 54.38418 
29611 54.38418 
29612 54.38418 
29613 54.38418 
29614 54.38418 
29615 54.38418 
29616 54.38418 
29617 54.38418 
29618 54.38418 
29619 54.38418 
29620 54.38418 
29621 54.38418 
29622 54.38418 
29623 54.38418 
29624 54.384179 
29625 54.384179 
29626 54.384179 
29627 54.384179 
29628 54.384179 
29629 54.384179 
29630 54.384179 
29631 54.384179 
29632 54.384179 
29633 54.384179 
29634 54.384179 
29635 54.384179 
29636 54.384179 
29637 54.384179 
29638 54.384179 
29639 54.384179 
29640 54.384178 
29641 54.384178 
29642 54.384178 
29643 54.384178 
29644 54.384178 
29645 54.384178 
29646 54.384178 
29647 54.384178 
29648 54.384178 
29649 54.384178 
29650 54.384178 
29651 54.384178 
29652 54.384178 
29653 54.384178 
29654 54.384178 
29655 54.384178 
29656 54.384178 
29657 54.384178 
29658 54.384177 
29659 54.384177 
29660 54.384177 
29661 54.384177 
29662 54.384177 
29663 54.384177 
29664 54.384177 
29665 54.384177 
29666 54.384177 
29667 54.384177 
29668 54.384177 
29669 54.384177 
29670 54.384177 
29671 54.384177 
29672 54.384177 
29673 54.384177 
29674 54.384177 
29675 54.384176 
29676 54.384176 
29677 54.384176 
29678 54.384176 
29679 54.384176 
29680 54.384176 
29681 54.384176 
29682 54.384171 
29683 54.384171 
29684 54.384171 
29685 54.384171 
29686 54.384171 
29687 54.384171 
29688 54.384171 
29689 54.384171 
29690 54.384171 
29691 54.384171 
29692 54.384171 
29693 54.384171 
29694 54.384171 
29695 54.384171 
29696 54.384171 
29697 54.384171 
29698 54.384171 
29699 54.384171 
29700 54.384171 
29701 54.384171 
29702 54.384171 
29703 54.384171 
29704 54.384171 
29705 54.384171 
29706 54.384171 
29707 54.384171 
29708 54.384171 
29709 54.384171 
29710 54.384171 
29711 54.384171 
29712 54.384171 
29713 54.384171 
29714 54.384171 
29715 54.384171 
29716 54.384171 
29717 54.384171 
29718 54.384171 
29719 54.384171 
29720 54.384169 
29721 54.384169 
29722 54.384169 
29723 54.384169 
29724 54.384169 
29725 54.384169 
29726 54.384169 
29727 54.384169 
29728 54.384169 
29729 54.384169 
29730 54.384169 
29731 54.384169 
29732 54.384169 
29733 54.384169 
29734 54.384169 
29735 54.384169 
29736 54.384169 
29737 54.384169 
29738 54.384169 
29739 54.384169 
29740 54.384169 
29741 54.384169 
29742 54.384169 
29743 54.384169 
29744 54.384165 
29745 54.384165 
29746 54.384165 
29747 54.384165 
29748 54.384165 
29749 54.384165 
29750 54.384165 
29751 54.384165 
29752 54.384165 
29753 54.384165 
29754 54.384165 
29755 54.384165 
29756 54.384165 
29757 54.384165 
29758 54.384165 
29759 54.384165 
29760 54.384165 
29761 54.384165 
29762 54.384165 
29763 54.384165 
29764 54.384165 
29765 54.384165 
29766 54.384165 
29767 54.384165 
29768 54.384165 
29769 54.384165 
29770 54.384165 
29771 54.384165 
29772 54.384165 
29773 54.384165 
29774 54.384165 
29775 54.384165 
29776 54.384165 
29777 54.384165 
29778 54.384163 
29779 54.384163 
29780 54.384163 
29781 54.384163 
29782 54.384163 
29783 54.384163 
29784 54.384163 
29785 54.384163 
29786 54.384163 
29787 54.384163 
29788 54.384163 
29789 54.384163 
29790 54.384163 
29791 54.384163 
29792 54.384162 
29793 54.384162 
29794 54.384162 
29795 54.384162 
29796 54.384162 
29797 54.384162 
29798 54.384162 
29799 54.384162 
29800 54.384162 
29801 54.384162 
29802 54.384162 
29803 54.384162 
29804 54.384162 
29805 54.384162 
29806 54.384162 
29807 54.384162 
29808 54.384161 
29809 54.384161 
29810 54.384161 
29811 54.384161 
29812 54.384161 
29813 54.384161 
29814 54.384161 
29815 54.38416 
29816 54.38416 
29817 54.38416 
29818 54.38416 
29819 54.38416 
29820 54.38416 
29821 54.38416 
29822 54.38416 
29823 54.38416 
29824 54.38416 
29825 54.38416 
29826 54.38416 
29827 54.38416 
29828 54.38416 
29829 54.38416 
29830 54.38416 
29831 54.38416 
29832 54.384159 
29833 54.384159 
29834 54.384159 
29835 54.384159 
29836 54.384159 
29837 54.384159 
29838 54.384159 
29839 54.384159 
29840 54.384159 
29841 54.384159 
29842 54.384159 
29843 54.384159 
29844 54.384159 
29845 54.384159 
29846 54.384159 
29847 54.384158 
29848 54.384158 
29849 54.384158 
29850 54.384158 
29851 54.384158 
29852 54.384158 
29853 54.384158 
29854 54.384158 
29855 54.384158 
29856 54.384158 
29857 54.384158 
29858 54.384158 
29859 54.384158 
29860 54.384158 
29861 54.384158 
29862 54.384158 
29863 54.384158 
29864 54.384158 
29865 54.384158 
29866 54.384158 
29867 54.384158 
29868 54.384157 
29869 54.384157 
29870 54.384157 
29871 54.384157 
29872 54.384157 
29873 54.384157 
29874 54.384157 
29875 54.384157 
29876 54.384157 
29877 54.384157 
29878 54.384157 
29879 54.384157 
29880 54.384157 
29881 54.384157 
29882 54.384157 
29883 54.384157 
29884 54.384156 
29885 54.384156 
29886 54.384156 
29887 54.384156 
29888 54.384156 
29889 54.384147 
29890 54.384147 
29891 54.384147 
29892 54.384147 
29893 54.384147 
29894 54.384147 
29895 54.384147 
29896 54.384147 
29897 54.384147 
29898 54.384147 
29899 54.384147 
29900 54.384147 
29901 54.384147 
29902 54.384147 
29903 54.384147 
29904 54.384147 
29905 54.384147 
29906 54.384147 
29907 54.384147 
29908 54.384147 
29909 54.384147 
29910 54.384147 
29911 54.384147 
29912 54.384147 
29913 54.384147 
29914 54.384147 
29915 54.384147 
29916 54.384147 
29917 54.384147 
29918 54.384147 
29919 54.384147 
29920 54.384147 
29921 54.384146 
29922 54.384146 
29923 54.384146 
29924 54.384146 
29925 54.384146 
29926 54.384146 
29927 54.384146 
29928 54.384146 
29929 54.384146 
29930 54.384146 
29931 54.384146 
29932 54.384146 
29933 54.384146 
29934 54.384146 
29935 54.384146 
29936 54.384146 
29937 54.384146 
29938 54.384146 
29939 54.384145 
29940 54.384139 
29941 54.384138 
29942 54.384138 
29943 54.384138 
29944 54.384138 
29945 54.384138 
29946 54.384137 
29947 54.384137 
29948 54.384136 
29949 54.384136 
29950 54.384136 
29951 54.384136 
29952 54.384136 
29953 54.384136 
29954 54.384136 
29955 54.384136 
29956 54.384136 
29957 54.384136 
29958 54.384136 
29959 54.384136 
29960 54.384136 
29961 54.384136 
29962 54.384136 
29963 54.384136 
29964 54.384136 
29965 54.384136 
29966 54.384136 
29967 54.384136 
29968 54.384135 
29969 54.384135 
29970 54.384135 
29971 54.384135 
29972 54.384135 
29973 54.384135 
29974 54.384135 
29975 54.384135 
29976 54.384135 
29977 54.384135 
29978 54.384135 
29979 54.384135 
29980 54.384135 
29981 54.384135 
29982 54.384135 
29983 54.384135 
29984 54.384134 
29985 54.384134 
29986 54.384134 
29987 54.384134 
29988 54.384134 
29989 54.384134 
29990 54.384134 
29991 54.384134 
29992 54.384134 
29993 54.384134 
29994 54.384134 
29995 54.384134 
29996 54.384134 
29997 54.384132 
29998 54.384132 
29999 54.384132 
30000 54.384132 
30001 54.384132 
30002 54.384132 
30003 54.384132 
30004 54.384132 
30005 54.384132 
30006 54.384132 
30007 54.384132 
30008 54.384132 
30009 54.384132 
30010 54.384132 
30011 54.384132 
30012 54.384132 
30013 54.384132 
30014 54.384132 
30015 54.384132 
30016 54.384132 
30017 54.384132 
30018 54.384132 
30019 54.384132 
30020 54.384132 
30021 54.384132 
30022 54.384132 
30023 54.384132 
30024 54.384132 
30025 54.384132 
30026 54.384132 
30027 54.384132 
30028 54.384132 
30029 54.384131 
30030 54.384131 
30031 54.384131 
30032 54.384131 
30033 54.384131 
30034 54.384131 
30035 54.384131 
30036 54.384131 
30037 54.384131 
30038 54.384131 
30039 54.384129 
30040 54.384129 
30041 54.384129 
30042 54.384129 
30043 54.384129 
30044 54.384129 
30045 54.384129 
30046 54.384129 
30047 54.384129 
30048 54.384129 
30049 54.384129 
30050 54.384129 
30051 54.384129 
30052 54.384129 
30053 54.384129 
30054 54.384129 
30055 54.384129 
30056 54.384129 
30057 54.384129 
30058 54.384129 
30059 54.384129 
30060 54.384129 
30061 54.384129 
30062 54.384129 
30063 54.384129 
30064 54.384129 
30065 54.384129 
30066 54.384129 
30067 54.384129 
30068 54.384129 
30069 54.384129 
30070 54.384129 
30071 54.384129 
30072 54.384129 
30073 54.384129 
30074 54.384129 
30075 54.384129 
30076 54.384129 
30077 54.384129 
30078 54.384129 
30079 54.384129 
30080 54.384129 
30081 54.384129 
30082 54.384129 
30083 54.384129 
30084 54.384129 
30085 54.384129 
30086 54.384129 
30087 54.384129 
30088 54.384129 
30089 54.384129 
30090 54.384129 
30091 54.384129 
30092 54.384129 
30093 54.384129 
30094 54.384129 
30095 54.384129 
30096 54.384129 
30097 54.384129 
30098 54.384129 
30099 54.384129 
30100 54.384129 
30101 54.384129 
30102 54.384129 
30103 54.384129 
30104 54.384129 
30105 54.384129 
30106 54.384129 
30107 54.384129 
30108 54.384129 
30109 54.384129 
30110 54.384129 
30111 54.384127 
30112 54.384127 
30113 54.384127 
30114 54.384127 
30115 54.384127 
30116 54.384127 
30117 54.384127 
30118 54.384127 
30119 54.384127 
30120 54.384127 
30121 54.384127 
30122 54.384127 
30123 54.384127 
30124 54.384127 
30125 54.384127 
30126 54.384127 
30127 54.384127 
30128 54.384127 
30129 54.384127 
30130 54.384127 
30131 54.384127 
30132 54.384127 
30133 54.384127 
30134 54.384127 
30135 54.384127 
30136 54.384127 
30137 54.384127 
30138 54.384127 
30139 54.384127 
30140 54.384127 
30141 54.384127 
30142 54.384127 
30143 54.384127 
30144 54.384127 
30145 54.384127 
30146 54.384127 
30147 54.384127 
30148 54.384127 
30149 54.384127 
30150 54.384126 
30151 54.384126 
30152 54.384126 
30153 54.384126 
30154 54.384126 
30155 54.384126 
30156 54.384126 
30157 54.384126 
30158 54.384126 
30159 54.384126 
30160 54.384126 
30161 54.384126 
30162 54.384126 
30163 54.384126 
30164 54.384126 
30165 54.384126 
30166 54.384126 
30167 54.384126 
30168 54.384126 
30169 54.384126 
30170 54.384126 
30171 54.384126 
30172 54.384126 
30173 54.384126 
30174 54.384126 
30175 54.384126 
30176 54.384125 
30177 54.384125 
30178 54.384125 
30179 54.384125 
30180 54.384125 
30181 54.384125 
30182 54.384125 
30183 54.384125 
30184 54.384125 
30185 54.384125 
30186 54.384125 
30187 54.384125 
30188 54.384125 
30189 54.384125 
30190 54.384125 
30191 54.384125 
30192 54.384125 
30193 54.384125 
30194 54.384125 
30195 54.384125 
30196 54.384125 
30197 54.384125 
30198 54.384125 
30199 54.384125 
30200 54.384125 
30201 54.384125 
30202 54.384125 
30203 54.384125 
30204 54.384125 
30205 54.384125 
30206 54.384125 
30207 54.384125 
30208 54.384125 
30209 54.384125 
30210 54.384125 
30211 54.384115 
30212 54.384114 
30213 54.384114 
30214 54.384114 
30215 54.384114 
30216 54.384114 
30217 54.384114 
30218 54.384114 
30219 54.384114 
30220 54.384114 
30221 54.384114 
30222 54.384114 
30223 54.384114 
30224 54.384114 
30225 54.384114 
30226 54.384114 
30227 54.384114 
30228 54.384114 
30229 54.384114 
30230 54.384114 
30231 54.384114 
30232 54.384114 
30233 54.384114 
30234 54.384114 
30235 54.384114 
30236 54.384114 
30237 54.384114 
30238 54.384114 
30239 54.384114 
30240 54.384114 
30241 54.384114 
30242 54.384114 
30243 54.384114 
30244 54.384114 
30245 54.384114 
30246 54.384114 
30247 54.384114 
30248 54.384114 
30249 54.384114 
30250 54.384114 
30251 54.384114 
30252 54.384114 
30253 54.384114 
30254 54.384114 
30255 54.384114 
30256 54.384114 
30257 54.384114 
30258 54.384114 
30259 54.384114 
30260 54.384114 
30261 54.384114 
30262 54.384114 
30263 54.384114 
30264 54.384114 
30265 54.384114 
30266 54.384114 
30267 54.384114 
30268 54.384114 
30269 54.384114 
30270 54.384114 
30271 54.384114 
30272 54.384114 
30273 54.384114 
30274 54.384114 
30275 54.384114 
30276 54.384113 
30277 54.384113 
30278 54.384113 
30279 54.384112 
30280 54.38411 
30281 54.38411 
30282 54.38411 
30283 54.38411 
30284 54.38411 
30285 54.38411 
30286 54.38411 
30287 54.38411 
30288 54.384109 
30289 54.384103 
30290 54.384103 
30291 54.384103 
30292 54.384103 
30293 54.384103 
30294 54.384103 
30295 54.384103 
30296 54.384103 
30297 54.384103 
30298 54.384103 
30299 54.384103 
30300 54.384103 
30301 54.384103 
30302 54.384103 
30303 54.384103 
30304 54.384103 
30305 54.384103 
30306 54.384103 
30307 54.384103 
30308 54.384103 
30309 54.384103 
30310 54.384103 
30311 54.384103 
30312 54.384103 
30313 54.384103 
30314 54.384103 
30315 54.384103 
30316 54.384103 
30317 54.384103 
30318 54.384103 
30319 54.384103 
30320 54.384103 
30321 54.384103 
30322 54.384103 
30323 54.384103 
30324 54.384103 
30325 54.384098 
30326 54.384098 
30327 54.384098 
30328 54.384098 
30329 54.384098 
30330 54.384098 
30331 54.384098 
30332 54.384098 
30333 54.384098 
30334 54.384098 
30335 54.384098 
30336 54.384098 
30337 54.384098 
30338 54.384098 
30339 54.384098 
30340 54.384098 
30341 54.384098 
30342 54.384098 
30343 54.384098 
30344 54.384098 
30345 54.384098 
30346 54.384098 
30347 54.384098 
30348 54.384098 
30349 54.384098 
30350 54.384098 
30351 54.384098 
30352 54.384098 
30353 54.384098 
30354 54.384098 
30355 54.384098 
30356 54.384098 
30357 54.384098 
30358 54.384098 
30359 54.384098 
30360 54.384098 
30361 54.384098 
30362 54.384098 
30363 54.384098 
30364 54.384098 
30365 54.384098 
30366 54.384098 
30367 54.384098 
30368 54.384098 
30369 54.384098 
30370 54.384098 
30371 54.384098 
30372 54.384098 
30373 54.384098 
30374 54.384098 
30375 54.384098 
30376 54.384098 
30377 54.384098 
30378 54.384098 
30379 54.384098 
30380 54.384098 
30381 54.384098 
30382 54.384098 
30383 54.384098 
30384 54.384098 
30385 54.384098 
30386 54.384097 
30387 54.384097 
30388 54.384097 
30389 54.384097 
30390 54.384097 
30391 54.384097 
30392 54.384097 
30393 54.384097 
30394 54.384097 
30395 54.384096 
30396 54.384096 
30397 54.384096 
30398 54.384096 
30399 54.384096 
30400 54.384096 
30401 54.384096 
30402 54.384096 
30403 54.384096 
30404 54.384096 
30405 54.384096 
30406 54.384096 
30407 54.384096 
30408 54.384096 
30409 54.384093 
30410 54.384093 
30411 54.384093 
30412 54.384093 
30413 54.384093 
30414 54.384093 
30415 54.384093 
30416 54.384093 
30417 54.384093 
30418 54.384093 
30419 54.384093 
30420 54.384093 
30421 54.384092 
30422 54.384092 
30423 54.384092 
30424 54.384092 
30425 54.384092 
30426 54.384092 
30427 54.384092 
30428 54.384092 
30429 54.384092 
30430 54.384092 
30431 54.384092 
30432 54.384092 
30433 54.384092 
30434 54.384092 
30435 54.384092 
30436 54.384092 
30437 54.384092 
30438 54.384092 
30439 54.384092 
30440 54.38409 
30441 54.38409 
30442 54.38409 
30443 54.38409 
30444 54.38409 
30445 54.38409 
30446 54.38409 
30447 54.38409 
30448 54.38409 
30449 54.38409 
30450 54.38409 
30451 54.38409 
30452 54.38409 
30453 54.38409 
30454 54.38409 
30455 54.38409 
30456 54.38409 
30457 54.38409 
30458 54.38409 
30459 54.38409 
30460 54.38409 
30461 54.38409 
30462 54.38409 
30463 54.38409 
30464 54.38409 
30465 54.38409 
30466 54.38409 
30467 54.38409 
30468 54.38409 
30469 54.38409 
30470 54.38409 
30471 54.38409 
30472 54.38409 
30473 54.38409 
30474 54.38409 
30475 54.38409 
30476 54.38409 
30477 54.38409 
30478 54.38409 
30479 54.38409 
30480 54.384089 
30481 54.384089 
30482 54.384089 
30483 54.384089 
30484 54.384089 
30485 54.384089 
30486 54.384083 
30487 54.384083 
30488 54.384083 
30489 54.384083 
30490 54.384083 
30491 54.384083 
30492 54.384083 
30493 54.384083 
30494 54.384083 
30495 54.384083 
30496 54.384083 
30497 54.384083 
30498 54.384082 
30499 54.384082 
30500 54.384082 
30501 54.384082 
30502 54.384082 
30503 54.384082 
30504 54.384082 
30505 54.384082 
30506 54.384082 
30507 54.384081 
30508 54.384081 
30509 54.384081 
30510 54.384081 
30511 54.384081 
30512 54.384081 
30513 54.384081 
30514 54.384081 
30515 54.384081 
30516 54.384081 
30517 54.384081 
30518 54.384081 
30519 54.384081 
30520 54.384081 
30521 54.384081 
30522 54.384081 
30523 54.384081 
30524 54.384081 
30525 54.384081 
30526 54.384081 
30527 54.384081 
30528 54.384081 
30529 54.384081 
30530 54.384081 
30531 54.384081 
30532 54.384081 
30533 54.38408 
30534 54.38408 
30535 54.38408 
30536 54.38408 
30537 54.38408 
30538 54.38408 
30539 54.38408 
30540 54.38408 
30541 54.38408 
30542 54.38408 
30543 54.38408 
30544 54.38408 
30545 54.38408 
30546 54.38408 
30547 54.38408 
30548 54.38408 
30549 54.38408 
30550 54.38408 
30551 54.38408 
30552 54.38408 
30553 54.38408 
30554 54.38408 
30555 54.38408 
30556 54.38408 
30557 54.38408 
30558 54.38408 
30559 54.38408 
30560 54.38408 
30561 54.38408 
30562 54.38408 
30563 54.384079 
30564 54.384079 
30565 54.384079 
30566 54.384079 
30567 54.384079 
30568 54.384079 
30569 54.384079 
30570 54.384079 
30571 54.384079 
30572 54.384079 
30573 54.384079 
30574 54.384079 
30575 54.384079 
30576 54.384079 
30577 54.384079 
30578 54.384079 
30579 54.384079 
30580 54.384079 
30581 54.384079 
30582 54.384079 
30583 54.384079 
30584 54.384078 
30585 54.384078 
30586 54.384076 
30587 54.384076 
30588 54.384076 
30589 54.384076 
30590 54.384076 
30591 54.384076 
30592 54.384076 
30593 54.384076 
30594 54.384076 
30595 54.384076 
30596 54.384076 
30597 54.384076 
30598 54.384076 
30599 54.384076 
30600 54.384076 
30601 54.384076 
30602 54.384076 
30603 54.384076 
30604 54.384076 
30605 54.384076 
30606 54.384076 
30607 54.384076 
30608 54.384075 
30609 54.384075 
30610 54.384075 
30611 54.384075 
30612 54.384075 
30613 54.384075 
30614 54.384075 
30615 54.384074 
30616 54.384074 
30617 54.384074 
30618 54.384074 
30619 54.384074 
30620 54.384074 
30621 54.384074 
30622 54.384074 
30623 54.384074 
30624 54.384074 
30625 54.384074 
30626 54.384074 
30627 54.384074 
30628 54.384074 
30629 54.384074 
30630 54.384074 
30631 54.384074 
30632 54.384074 
30633 54.384074 
30634 54.384065 
30635 54.384065 
30636 54.384065 
30637 54.384065 
30638 54.384065 
30639 54.384065 
30640 54.384065 
30641 54.384065 
30642 54.384065 
30643 54.384065 
30644 54.384065 
30645 54.384065 
30646 54.384065 
30647 54.384065 
30648 54.384065 
30649 54.384065 
30650 54.384065 
30651 54.384065 
30652 54.384065 
30653 54.384065 
30654 54.384065 
30655 54.384065 
30656 54.384065 
30657 54.384065 
30658 54.384065 
30659 54.384065 
30660 54.384065 
30661 54.384065 
30662 54.384065 
30663 54.384065 
30664 54.384065 
30665 54.384065 
30666 54.384065 
30667 54.384065 
30668 54.384065 
30669 54.384065 
30670 54.384065 
30671 54.384065 
30672 54.384065 
30673 54.384065 
30674 54.384065 
30675 54.384065 
30676 54.384065 
30677 54.384065 
30678 54.384065 
30679 54.384065 
30680 54.384065 
30681 54.384065 
30682 54.384065 
30683 54.384065 
30684 54.384065 
30685 54.384065 
30686 54.384065 
30687 54.384065 
30688 54.384065 
30689 54.384065 
30690 54.384065 
30691 54.384065 
30692 54.384065 
30693 54.384065 
30694 54.384065 
30695 54.384065 
30696 54.384064 
30697 54.384064 
30698 54.384064 
30699 54.384064 
30700 54.384064 
30701 54.384064 
30702 54.384064 
30703 54.384064 
30704 54.384063 
30705 54.384063 
30706 54.384063 
30707 54.384063 
30708 54.384063 
30709 54.384063 
30710 54.384063 
30711 54.384063 
30712 54.384063 
30713 54.384063 
30714 54.384063 
30715 54.384063 
30716 54.384063 
30717 54.384063 
30718 54.384063 
30719 54.384063 
30720 54.384063 
30721 54.384063 
30722 54.384063 
30723 54.384063 
30724 54.384063 
30725 54.384063 
30726 54.384063 
30727 54.384063 
30728 54.384063 
30729 54.384063 
30730 54.384063 
30731 54.384063 
30732 54.384063 
30733 54.384063 
30734 54.384063 
30735 54.384063 
30736 54.384063 
30737 54.384063 
30738 54.384063 
30739 54.384063 
30740 54.384063 
30741 54.384063 
30742 54.384063 
30743 54.384063 
30744 54.384063 
30745 54.384063 
30746 54.384063 
30747 54.384063 
30748 54.384063 
30749 54.384063 
30750 54.384063 
30751 54.384063 
30752 54.384063 
30753 54.384062 
30754 54.384062 
30755 54.384062 
30756 54.384062 
30757 54.384062 
30758 54.384062 
30759 54.384062 
30760 54.384062 
30761 54.384062 
30762 54.384062 
30763 54.384062 
30764 54.384062 
30765 54.384062 
30766 54.384062 
30767 54.384062 
30768 54.384062 
30769 54.384062 
30770 54.384062 
30771 54.384062 
30772 54.384062 
30773 54.384062 
30774 54.384062 
30775 54.384062 
30776 54.384062 
30777 54.384062 
30778 54.384061 
30779 54.384061 
30780 54.384061 
30781 54.384061 
30782 54.384061 
30783 54.384061 
30784 54.384061 
30785 54.384061 
30786 54.384061 
30787 54.384061 
30788 54.384061 
30789 54.38406 
30790 54.38406 
30791 54.38406 
30792 54.38406 
30793 54.38406 
30794 54.38406 
30795 54.38406 
30796 54.38406 
30797 54.38406 
30798 54.38406 
30799 54.38406 
30800 54.38406 
30801 54.38406 
30802 54.38406 
30803 54.38406 
30804 54.38406 
30805 54.38406 
30806 54.38406 
30807 54.38406 
30808 54.38406 
30809 54.38406 
30810 54.38406 
30811 54.38406 
30812 54.38406 
30813 54.38406 
30814 54.38406 
30815 54.384051 
30816 54.384051 
30817 54.384049 
30818 54.384049 
30819 54.384049 
30820 54.384049 
30821 54.384049 
30822 54.384049 
30823 54.384049 
30824 54.384049 
30825 54.384049 
30826 54.384049 
30827 54.384049 
30828 54.384049 
30829 54.384049 
30830 54.384049 
30831 54.384049 
30832 54.384049 
30833 54.384049 
30834 54.384049 
30835 54.384049 
30836 54.384049 
30837 54.384049 
30838 54.384049 
30839 54.384049 
30840 54.384049 
30841 54.384049 
30842 54.384049 
30843 54.384049 
30844 54.384049 
30845 54.384049 
30846 54.384049 
30847 54.384049 
30848 54.384049 
30849 54.384049 
30850 54.384049 
30851 54.384049 
30852 54.384049 
30853 54.384049 
30854 54.384049 
30855 54.384049 
30856 54.384049 
30857 54.384049 
30858 54.384049 
30859 54.384049 
30860 54.384049 
30861 54.384049 
30862 54.384049 
30863 54.384049 
30864 54.384049 
30865 54.384049 
30866 54.384049 
30867 54.384049 
30868 54.384049 
30869 54.384049 
30870 54.384049 
30871 54.384049 
30872 54.384049 
30873 54.384049 
30874 54.384049 
30875 54.384049 
30876 54.384049 
30877 54.384049 
30878 54.384049 
30879 54.384049 
30880 54.384049 
30881 54.384049 
30882 54.384049 
30883 54.384049 
30884 54.384049 
30885 54.384049 
30886 54.384049 
30887 54.384049 
30888 54.384049 
30889 54.384049 
30890 54.384049 
30891 54.384049 
30892 54.384049 
30893 54.384049 
30894 54.384049 
30895 54.384049 
30896 54.384048 
30897 54.384048 
30898 54.384048 
30899 54.384048 
30900 54.384048 
30901 54.384047 
30902 54.384047 
30903 54.384047 
30904 54.384047 
30905 54.384047 
30906 54.384047 
30907 54.384047 
30908 54.384047 
30909 54.384047 
30910 54.384047 
30911 54.384047 
30912 54.384047 
30913 54.384047 
30914 54.384047 
30915 54.384047 
30916 54.384046 
30917 54.384046 
30918 54.384046 
30919 54.384046 
30920 54.384046 
30921 54.384046 
30922 54.384046 
30923 54.384046 
30924 54.384046 
30925 54.384046 
30926 54.384046 
30927 54.384046 
30928 54.384046 
30929 54.384046 
30930 54.384046 
30931 54.384045 
30932 54.384045 
30933 54.384045 
30934 54.384045 
30935 54.384045 
30936 54.384045 
30937 54.384045 
30938 54.384045 
30939 54.384045 
30940 54.384045 
30941 54.384045 
30942 54.384045 
30943 54.384045 
30944 54.384045 
30945 54.384045 
30946 54.384045 
30947 54.384045 
30948 54.384045 
30949 54.384045 
30950 54.384045 
30951 54.384045 
30952 54.384045 
30953 54.384045 
30954 54.384045 
30955 54.384045 
30956 54.384045 
30957 54.384045 
30958 54.384045 
30959 54.384045 
30960 54.384045 
30961 54.384045 
30962 54.384045 
30963 54.384045 
30964 54.384045 
30965 54.384043 
30966 54.384043 
30967 54.384043 
30968 54.384043 
30969 54.384043 
30970 54.384043 
30971 54.384043 
30972 54.384043 
30973 54.384043 
30974 54.384043 
30975 54.384043 
30976 54.384043 
30977 54.384043 
30978 54.384043 
30979 54.384043 
30980 54.384043 
30981 54.384043 
30982 54.384043 
30983 54.384043 
30984 54.384043 
30985 54.384043 
30986 54.384043 
30987 54.384043 
30988 54.384043 
30989 54.384043 
30990 54.384043 
30991 54.384043 
30992 54.384043 
30993 54.384042 
30994 54.384042 
30995 54.384042 
30996 54.384042 
30997 54.384042 
30998 54.384042 
30999 54.384042 
31000 54.384042 
31001 54.384042 
31002 54.384042 
31003 54.384042 
31004 54.384042 
31005 54.384042 
31006 54.384042 
31007 54.384041 
31008 54.384041 
31009 54.384041 
31010 54.384041 
31011 54.384041 
31012 54.384041 
31013 54.384041 
31014 54.384041 
31015 54.384041 
31016 54.384041 
31017 54.384041 
31018 54.384041 
31019 54.384041 
31020 54.384041 
31021 54.384041 
31022 54.384041 
31023 54.384041 
31024 54.384041 
31025 54.384041 
31026 54.384041 
31027 54.384031 
31028 54.384029 
31029 54.384029 
31030 54.384029 
31031 54.384029 
31032 54.384029 
31033 54.384029 
31034 54.384028 
31035 54.384028 
31036 54.384028 
31037 54.384028 
31038 54.384028 
31039 54.384028 
31040 54.384028 
31041 54.384028 
31042 54.384028 
31043 54.384028 
31044 54.384028 
31045 54.384028 
31046 54.384028 
31047 54.384028 
31048 54.384028 
31049 54.384028 
31050 54.384028 
31051 54.384028 
31052 54.384028 
31053 54.384028 
31054 54.384028 
31055 54.384028 
31056 54.384028 
31057 54.384028 
31058 54.384028 
31059 54.384028 
31060 54.384028 
31061 54.384028 
31062 54.384028 
31063 54.384028 
31064 54.384028 
31065 54.384028 
31066 54.384028 
31067 54.384028 
31068 54.384028 
31069 54.384028 
31070 54.384028 
31071 54.384027 
31072 54.384027 
31073 54.384027 
31074 54.384027 
31075 54.384027 
31076 54.384027 
31077 54.384027 
31078 54.384027 
31079 54.384027 
31080 54.384027 
31081 54.384027 
31082 54.384027 
31083 54.384027 
31084 54.384027 
31085 54.384026 
31086 54.384026 
31087 54.384026 
31088 54.384026 
31089 54.38402 
31090 54.38402 
31091 54.38402 
31092 54.38402 
31093 54.38402 
31094 54.38402 
31095 54.38402 
31096 54.38402 
31097 54.38402 
31098 54.38402 
31099 54.38402 
31100 54.38402 
31101 54.38402 
31102 54.38402 
31103 54.38402 
31104 54.38402 
31105 54.38402 
31106 54.38402 
31107 54.38402 
31108 54.38402 
31109 54.38402 
31110 54.38402 
31111 54.38402 
31112 54.38402 
31113 54.38402 
31114 54.38402 
31115 54.38402 
31116 54.38402 
31117 54.38402 
31118 54.38402 
31119 54.38402 
31120 54.38402 
31121 54.38402 
31122 54.38402 
31123 54.38402 
31124 54.384019 
31125 54.384019 
31126 54.384019 
31127 54.384019 
31128 54.384019 
31129 54.384019 
31130 54.384019 
31131 54.384019 
31132 54.384019 
31133 54.384019 
31134 54.384019 
31135 54.384019 
31136 54.384019 
31137 54.384019 
31138 54.384019 
31139 54.384019 
31140 54.384019 
31141 54.384019 
31142 54.384019 
31143 54.384019 
31144 54.384019 
31145 54.384019 
31146 54.384019 
31147 54.384019 
31148 54.384019 
31149 54.384019 
31150 54.384019 
31151 54.384019 
31152 54.384019 
31153 54.384019 
31154 54.384019 
31155 54.384019 
31156 54.384019 
31157 54.384019 
31158 54.384019 
31159 54.384019 
31160 54.384019 
31161 54.384019 
31162 54.384019 
31163 54.384019 
31164 54.384019 
31165 54.384019 
31166 54.384019 
31167 54.384019 
31168 54.384019 
31169 54.384019 
31170 54.384019 
31171 54.384019 
31172 54.384019 
31173 54.384019 
31174 54.384018 
31175 54.384018 
31176 54.384018 
31177 54.384018 
31178 54.384014 
31179 54.384014 
31180 54.384014 
31181 54.384014 
31182 54.384014 
31183 54.384014 
31184 54.384014 
31185 54.384014 
31186 54.384014 
31187 54.384014 
31188 54.384014 
31189 54.384014 
31190 54.384014 
31191 54.384014 
31192 54.384013 
31193 54.384013 
31194 54.384013 
31195 54.384013 
31196 54.384013 
31197 54.384013 
31198 54.384012 
31199 54.384012 
31200 54.384012 
31201 54.384012 
31202 54.384012 
31203 54.384012 
31204 54.384012 
31205 54.384012 
31206 54.384012 
31207 54.384012 
31208 54.384012 
31209 54.384012 
31210 54.384011 
31211 54.384011 
31212 54.384011 
31213 54.384011 
31214 54.384011 
31215 54.384011 
31216 54.384011 
31217 54.384011 
31218 54.384011 
31219 54.384011 
31220 54.384011 
31221 54.384011 
31222 54.384011 
31223 54.384011 
31224 54.384011 
31225 54.384011 
31226 54.384009 
31227 54.384009 
31228 54.384009 
31229 54.384009 
31230 54.384009 
31231 54.384009 
31232 54.384009 
31233 54.384009 
31234 54.384009 
31235 54.384009 
31236 54.384009 
31237 54.384009 
31238 54.384009 
31239 54.384009 
31240 54.384009 
31241 54.384009 
31242 54.384009 
31243 54.384009 
31244 54.384009 
31245 54.384009 
31246 54.384009 
31247 54.384009 
31248 54.384009 
31249 54.384009 
31250 54.384009 
31251 54.384009 
31252 54.384009 
31253 54.384009 
31254 54.384009 
31255 54.384009 
31256 54.384008 
31257 54.384008 
31258 54.384008 
31259 54.384008 
31260 54.384008 
31261 54.384008 
31262 54.384008 
31263 54.384008 
31264 54.384008 
31265 54.384008 
31266 54.384008 
31267 54.384008 
31268 54.384008 
31269 54.384008 
31270 54.384008 
31271 54.384008 
31272 54.384008 
31273 54.384008 
31274 54.384008 
31275 54.384008 
31276 54.384008 
31277 54.384008 
31278 54.384008 
31279 54.384007 
31280 54.384007 
31281 54.384007 
31282 54.384007 
31283 54.384007 
31284 54.384007 
31285 54.384007 
31286 54.384007 
31287 54.384007 
31288 54.384007 
31289 54.384007 
31290 54.384007 
31291 54.384007 
31292 54.384007 
31293 54.384007 
31294 54.384007 
31295 54.384003 
31296 54.384003 
31297 54.384003 
31298 54.384003 
31299 54.384003 
31300 54.384002 
31301 54.384002 
31302 54.384002 
31303 54.384002 
31304 54.384002 
31305 54.384002 
31306 54.384002 
31307 54.383999 
31308 54.383999 
31309 54.383999 
31310 54.383999 
31311 54.383999 
31312 54.383999 
31313 54.383999 
31314 54.383999 
31315 54.383999 
31316 54.383999 
31317 54.383999 
31318 54.383999 
31319 54.383999 
31320 54.383999 
31321 54.383999 
31322 54.383999 
31323 54.383999 
31324 54.383999 
31325 54.383999 
31326 54.383996 
31327 54.383996 
31328 54.383996 
31329 54.383996 
31330 54.383996 
31331 54.383996 
31332 54.383996 
31333 54.383996 
31334 54.383996 
31335 54.383996 
31336 54.383996 
31337 54.383996 
31338 54.383996 
31339 54.383996 
31340 54.383996 
31341 54.383996 
31342 54.383996 
31343 54.383996 
31344 54.383996 
31345 54.383996 
31346 54.383996 
31347 54.383996 
31348 54.383995 
31349 54.383995 
31350 54.383995 
31351 54.383995 
31352 54.383995 
31353 54.383995 
31354 54.383995 
31355 54.383995 
31356 54.383995 
31357 54.383995 
31358 54.383995 
31359 54.383995 
31360 54.383995 
31361 54.383995 
31362 54.383995 
31363 54.383994 
31364 54.383994 
31365 54.383994 
31366 54.383994 
31367 54.383994 
31368 54.383994 
31369 54.383994 
31370 54.383994 
31371 54.383994 
31372 54.383994 
31373 54.383994 
31374 54.383994 
31375 54.383994 
31376 54.383994 
31377 54.383994 
31378 54.383994 
31379 54.383994 
31380 54.383993 
31381 54.383993 
31382 54.383993 
31383 54.383993 
31384 54.383993 
31385 54.383993 
31386 54.383993 
31387 54.383993 
31388 54.383993 
31389 54.383993 
31390 54.383993 
31391 54.383993 
31392 54.383993 
31393 54.383993 
31394 54.383993 
31395 54.383993 
31396 54.383993 
31397 54.383993 
31398 54.383993 
31399 54.383993 
31400 54.383993 
31401 54.383993 
31402 54.383993 
31403 54.383993 
31404 54.383993 
31405 54.383993 
31406 54.383993 
31407 54.383993 
31408 54.383993 
31409 54.383993 
31410 54.383993 
31411 54.383993 
31412 54.383993 
31413 54.383993 
31414 54.383993 
31415 54.383993 
31416 54.383993 
31417 54.383993 
31418 54.383993 
31419 54.383993 
31420 54.383993 
31421 54.383992 
31422 54.383992 
31423 54.383992 
31424 54.383992 
31425 54.383992 
31426 54.383992 
31427 54.383992 
31428 54.383992 
31429 54.383992 
31430 54.383992 
31431 54.383992 
31432 54.383992 
31433 54.383992 
31434 54.383992 
31435 54.383992 
31436 54.383989 
31437 54.383989 
31438 54.383989 
31439 54.383989 
31440 54.383989 
31441 54.383989 
31442 54.383989 
31443 54.383989 
31444 54.383989 
31445 54.383989 
31446 54.383989 
31447 54.383989 
31448 54.383989 
31449 54.383989 
31450 54.383989 
31451 54.383989 
31452 54.383989 
31453 54.383989 
31454 54.383989 
31455 54.383989 
31456 54.383989 
31457 54.383989 
31458 54.383989 
31459 54.383989 
31460 54.383988 
31461 54.383988 
31462 54.383988 
31463 54.383988 
31464 54.383988 
31465 54.383988 
31466 54.383988 
31467 54.383988 
31468 54.383988 
31469 54.383988 
31470 54.383988 
31471 54.383988 
31472 54.383988 
31473 54.383987 
31474 54.383987 
31475 54.383987 
31476 54.383987 
31477 54.383987 
31478 54.383987 
31479 54.383987 
31480 54.383987 
31481 54.383987 
31482 54.383987 
31483 54.383987 
31484 54.383987 
31485 54.383987 
31486 54.383987 
31487 54.383987 
31488 54.383987 
31489 54.383987 
31490 54.383987 
31491 54.383987 
31492 54.383987 
31493 54.383987 
31494 54.383987 
31495 54.383987 
31496 54.383987 
31497 54.383987 
31498 54.383987 
31499 54.383987 
31500 54.383979 
31501 54.383979 
31502 54.383979 
31503 54.383979 
31504 54.383979 
31505 54.383979 
31506 54.383979 
31507 54.383979 
31508 54.383979 
31509 54.383979 
31510 54.383979 
31511 54.383979 
31512 54.383979 
31513 54.383979 
31514 54.383979 
31515 54.383979 
31516 54.383979 
31517 54.383979 
31518 54.383979 
31519 54.383979 
31520 54.383979 
31521 54.383979 
31522 54.383979 
31523 54.383979 
31524 54.383979 
31525 54.383979 
31526 54.383979 
31527 54.383979 
31528 54.383979 
31529 54.383979 
31530 54.383979 
31531 54.383979 
31532 54.383979 
31533 54.383979 
31534 54.383979 
31535 54.383979 
31536 54.383979 
31537 54.383979 
31538 54.383979 
31539 54.383979 
31540 54.383979 
31541 54.383979 
31542 54.383979 
31543 54.383979 
31544 54.383979 
31545 54.383979 
31546 54.383979 
31547 54.383979 
31548 54.383979 
31549 54.383979 
31550 54.383979 
31551 54.383979 
31552 54.383979 
31553 54.383979 
31554 54.383979 
31555 54.383978 
31556 54.383978 
31557 54.383978 
31558 54.383978 
31559 54.383978 
31560 54.383978 
31561 54.383978 
31562 54.383978 
31563 54.383978 
31564 54.383978 
31565 54.383978 
31566 54.383978 
31567 54.383978 
31568 54.383978 
31569 54.383978 
31570 54.383978 
31571 54.383978 
31572 54.383978 
31573 54.383978 
31574 54.383978 
31575 54.383978 
31576 54.383978 
31577 54.383978 
31578 54.383978 
31579 54.383978 
31580 54.383978 
31581 54.383978 
31582 54.383978 
31583 54.383978 
31584 54.383978 
31585 54.383978 
31586 54.383978 
31587 54.383978 
31588 54.383978 
31589 54.383978 
31590 54.383978 
31591 54.383978 
31592 54.383978 
31593 54.383978 
31594 54.383978 
31595 54.383978 
31596 54.383978 
31597 54.383978 
31598 54.383978 
31599 54.383978 
31600 54.383978 
31601 54.383978 
31602 54.383978 
31603 54.383978 
31604 54.383978 
31605 54.383978 
31606 54.383978 
31607 54.383978 
31608 54.383978 
31609 54.383978 
31610 54.383977 
31611 54.383977 
31612 54.383977 
31613 54.383977 
31614 54.383977 
31615 54.383977 
31616 54.383977 
31617 54.383977 
31618 54.383977 
31619 54.383977 
31620 54.383977 
31621 54.383977 
31622 54.383977 
31623 54.383977 
31624 54.383977 
