1 1.64751 
2 1.6475 
3 1.6475 
4 1.64749 
5 1.64749 
6 1.64749 
7 1.64749 
8 1.64748 
9 1.64748 
10 1.64747 
11 1.64747 
12 1.64746 
13 1.64746 
14 1.64745 
15 1.64745 
16 1.64744 
17 1.64744 
18 1.64744 
19 1.64743 
20 1.64743 
21 1.64743 
22 1.64742 
23 1.64742 
24 1.64742 
25 1.64741 
26 1.6474 
27 1.6474 
28 1.64738 
29 1.64737 
30 1.64737 
31 1.64736 
32 1.64736 
33 1.64734 
34 1.64734 
35 1.64734 
36 1.64732 
37 1.6473 
38 1.64728 
39 1.64727 
40 1.64722 
41 1.64721 
42 1.64718 
43 1.64711 
44 1.64709 
45 1.64704 
46 1.64694 
47 1.64693 
48 1.64692 
49 1.6469 
50 1.64686 
51 1.64684 
52 1.64681 
53 1.6468 
54 1.64675 
55 1.64674 
56 1.64673 
57 1.64671 
58 1.64668 
59 1.64665 
60 1.64664 
61 1.64661 
62 1.64657 
63 1.64649 
64 1.64647 
65 1.64641 
66 1.64634 
67 1.64634 
68 1.6462 
69 1.64618 
70 1.64609 
71 1.64603 
72 1.64592 
73 1.64581 
74 1.64569 
75 1.64557 
76 1.64543 
77 1.6453 
78 1.64523 
79 1.64513 
80 1.64502 
81 1.6449 
82 1.64477 
83 1.64463 
84 1.64449 
85 1.64433 
86 1.64415 
87 1.64392 
88 1.64388 
89 1.64386 
90 1.64302 
91 1.64291 
92 1.63703 
93 1.63698 
94 1.63695 
95 1.63656 
96 1.63142 
97 1.63078 
98 1.63071 
99 1.63071 
100 1.63069 
101 1.63067 
102 1.63066 
103 1.63064 
104 1.63064 
105 1.63063 
106 1.63061 
107 1.63061 
108 1.63059 
109 1.63058 
110 1.63058 
111 1.63057 
112 1.63057 
113 1.63057 
114 1.63056 
115 1.63053 
116 1.63051 
117 1.63043 
118 1.63038 
119 1.63034 
120 1.63031 
121 1.63028 
122 1.63025 
123 1.63022 
124 1.63019 
125 1.63017 
126 1.63014 
127 1.63012 
128 1.6301 
129 1.63008 
130 1.63005 
131 1.63001 
132 1.62997 
133 1.62994 
134 1.62991 
135 1.62988 
136 1.62979 
137 1.62976 
138 1.62973 
139 1.62969 
140 1.62962 
141 1.62958 
142 1.62955 
143 1.62951 
144 1.62945 
145 1.62938 
146 1.62934 
147 1.62931 
148 1.62927 
149 1.62924 
150 1.62922 
151 1.62918 
152 1.62905 
153 1.62887 
154 1.62854 
155 1.6284 
156 1.62823 
157 1.62808 
158 1.62795 
159 1.62781 
160 1.62759 
161 1.62737 
162 1.62721 
163 1.62693 
164 1.62662 
165 1.62632 
166 1.62591 
167 1.62572 
168 1.62572 
169 1.62402 
170 1.62378 
171 1.61853 
172 1.61852 
173 1.61814 
174 1.61802 
175 1.61202 
176 1.61174 
177 1.60747 
178 1.60708 
179 1.60705 
180 1.60704 
181 1.60702 
182 1.607 
183 1.60699 
184 1.60698 
185 1.60698 
186 1.60698 
187 1.60697 
188 1.60697 
189 1.60697 
190 1.60696 
191 1.60696 
192 1.60696 
193 1.60695 
194 1.60695 
195 1.60694 
196 1.60694 
197 1.60693 
198 1.60693 
199 1.60693 
200 1.60691 
201 1.60691 
202 1.60691 
203 1.6069 
204 1.60689 
205 1.60689 
206 1.60688 
207 1.60687 
208 1.60687 
209 1.60686 
210 1.60685 
211 1.60685 
212 1.60684 
213 1.60684 
214 1.60683 
215 1.60682 
216 1.60682 
217 1.60682 
218 1.60681 
219 1.6068 
220 1.6068 
221 1.6068 
222 1.60679 
223 1.60678 
224 1.60678 
225 1.60676 
226 1.60676 
227 1.60675 
228 1.60675 
229 1.60674 
230 1.60673 
231 1.60673 
232 1.60673 
233 1.60672 
234 1.6067 
235 1.6067 
236 1.60669 
237 1.60669 
238 1.60669 
239 1.60668 
240 1.60668 
241 1.60667 
242 1.60667 
243 1.60666 
244 1.60666 
245 1.60665 
246 1.60665 
247 1.60664 
248 1.60663 
249 1.60663 
250 1.60662 
251 1.60661 
252 1.60661 
253 1.6066 
254 1.6066 
255 1.60659 
256 1.60659 
257 1.60658 
258 1.60657 
259 1.60656 
260 1.60654 
261 1.60654 
262 1.60653 
263 1.60652 
264 1.60651 
265 1.60651 
266 1.60648 
267 1.60648 
268 1.60647 
269 1.60646 
270 1.60645 
271 1.60644 
272 1.60642 
273 1.60642 
274 1.6064 
275 1.60639 
276 1.60638 
277 1.60638 
278 1.60635 
279 1.60633 
280 1.60632 
281 1.60631 
282 1.60631 
283 1.60629 
284 1.60626 
285 1.60625 
286 1.60624 
287 1.60622 
288 1.6062 
289 1.60619 
290 1.60616 
291 1.60615 
292 1.60613 
293 1.60611 
294 1.6061 
295 1.60606 
296 1.60602 
297 1.606 
298 1.60598 
299 1.60597 
300 1.60597 
301 1.60595 
302 1.60593 
303 1.6059 
304 1.60588 
305 1.60585 
306 1.60583 
307 1.60582 
308 1.60581 
309 1.60581 
310 1.6058 
311 1.60579 
312 1.60572 
313 1.60565 
314 1.60557 
315 1.605 
316 1.60486 
317 1.60474 
318 1.6046 
319 1.60444 
320 1.60427 
321 1.60403 
322 1.60377 
323 1.60353 
324 1.6032 
325 1.60279 
326 1.60241 
327 1.60155 
328 1.60125 
329 1.6004 
330 1.5998 
331 1.59886 
332 1.59798 
333 1.59706 
334 1.59382 
335 1.59334 
336 1.58785 
337 1.58727 
338 1.58605 
339 1.58598 
340 1.58598 
341 1.58595 
342 1.58593 
343 1.58591 
344 1.58571 
345 1.58564 
346 1.58558 
347 1.58552 
348 1.58547 
349 1.58541 
350 1.58535 
351 1.58528 
352 1.5852 
353 1.58513 
354 1.58513 
355 1.5851 
356 1.58507 
357 1.58504 
358 1.58502 
359 1.58499 
360 1.58496 
361 1.58494 
362 1.58491 
363 1.58488 
364 1.58484 
365 1.58481 
366 1.58477 
367 1.58474 
368 1.58471 
369 1.58468 
370 1.58465 
371 1.58461 
372 1.58448 
373 1.58427 
374 1.58391 
375 1.5836 
376 1.58325 
377 1.58264 
378 1.58205 
379 1.58182 
380 1.58067 
381 1.58001 
382 1.5779 
383 1.57752 
384 1.56849 
385 1.56812 
386 1.56806 
387 1.56804 
388 1.56791 
389 1.5679 
390 1.56785 
391 1.56784 
392 1.56781 
393 1.56781 
394 1.56781 
395 1.56779 
396 1.56779 
397 1.56779 
398 1.56779 
399 1.56779 
400 1.56778 
401 1.56778 
402 1.56778 
403 1.56778 
404 1.56777 
405 1.56777 
406 1.56777 
407 1.56776 
408 1.56776 
409 1.56776 
410 1.56775 
411 1.56775 
412 1.56775 
413 1.56774 
414 1.56774 
415 1.56774 
416 1.56774 
417 1.56773 
418 1.56773 
419 1.56773 
420 1.56772 
421 1.56772 
422 1.56772 
423 1.56772 
424 1.56772 
425 1.56771 
426 1.56771 
427 1.56771 
428 1.56771 
429 1.56771 
430 1.5677 
431 1.5677 
432 1.5677 
433 1.56769 
434 1.56769 
435 1.56768 
436 1.56768 
437 1.56768 
438 1.56768 
439 1.56767 
440 1.56767 
441 1.56766 
442 1.56765 
443 1.56765 
444 1.56765 
445 1.56765 
446 1.56764 
447 1.56764 
448 1.56764 
449 1.56763 
450 1.56763 
451 1.56763 
452 1.56762 
453 1.56762 
454 1.56761 
455 1.56761 
456 1.5676 
457 1.5676 
458 1.56759 
459 1.56759 
460 1.56758 
461 1.56758 
462 1.56757 
463 1.56757 
464 1.56755 
465 1.56755 
466 1.56754 
467 1.56754 
468 1.56753 
469 1.56751 
470 1.56751 
471 1.5675 
472 1.56749 
473 1.56748 
474 1.56748 
475 1.56747 
476 1.56746 
477 1.56746 
478 1.56744 
479 1.56742 
480 1.56742 
481 1.56741 
482 1.5674 
483 1.56738 
484 1.56736 
485 1.56734 
486 1.56733 
487 1.56728 
488 1.56725 
489 1.56719 
490 1.56717 
491 1.56716 
492 1.56715 
493 1.56713 
494 1.56711 
495 1.56709 
496 1.56708 
497 1.56706 
498 1.56704 
499 1.56703 
500 1.56701 
501 1.567 
502 1.56699 
503 1.56698 
504 1.56697 
505 1.56696 
506 1.56695 
507 1.56695 
508 1.56694 
509 1.56693 
510 1.56692 
511 1.56691 
512 1.5669 
513 1.56689 
514 1.56688 
515 1.56687 
516 1.56686 
517 1.56685 
518 1.56681 
519 1.56677 
520 1.56672 
521 1.56663 
522 1.56647 
523 1.5662 
524 1.56614 
525 1.56521 
526 1.56514 
527 1.56417 
528 1.56407 
529 1.56216 
530 1.56193 
531 1.55561 
532 1.55531 
533 1.55265 
534 1.55217 
535 1.51991 
536 1.51926 
537 1.51855 
538 1.51849 
539 1.51815 
540 1.51808 
541 1.51801 
542 1.51792 
543 1.51787 
544 1.51778 
545 1.51772 
546 1.51766 
547 1.51752 
548 1.51739 
549 1.51731 
550 1.51712 
551 1.51701 
552 1.5169 
553 1.51668 
554 1.51655 
555 1.51636 
556 1.51618 
557 1.51603 
558 1.51589 
559 1.51576 
560 1.51564 
561 1.51553 
562 1.51541 
563 1.51521 
564 1.515 
565 1.51481 
566 1.5148 
567 1.51479 
568 1.51478 
569 1.51477 
570 1.51476 
571 1.51475 
572 1.51474 
573 1.51473 
574 1.51473 
575 1.51472 
576 1.51471 
577 1.5147 
578 1.51469 
579 1.51468 
580 1.51446 
581 1.51445 
582 1.51444 
583 1.51443 
584 1.51443 
585 1.51442 
586 1.51441 
587 1.51441 
588 1.5144 
589 1.51439 
590 1.51439 
591 1.51438 
592 1.51437 
593 1.51437 
594 1.51436 
595 1.51435 
596 1.51435 
597 1.51434 
598 1.51433 
599 1.51433 
600 1.51432 
601 1.51431 
602 1.51431 
603 1.5143 
604 1.51429 
605 1.51429 
606 1.51428 
607 1.51427 
608 1.51426 
609 1.51426 
610 1.51425 
611 1.51424 
612 1.51423 
613 1.51423 
614 1.51422 
615 1.51421 
616 1.5142 
617 1.51419 
618 1.51419 
619 1.51418 
620 1.51417 
621 1.51416 
622 1.51415 
623 1.51415 
624 1.51414 
625 1.51413 
626 1.51412 
627 1.51411 
628 1.5141 
629 1.51409 
630 1.51409 
631 1.51408 
632 1.51407 
633 1.51406 
634 1.51406 
635 1.51405 
636 1.51404 
637 1.51403 
638 1.51402 
639 1.51401 
640 1.51401 
641 1.514 
642 1.51399 
643 1.51398 
644 1.51397 
645 1.51396 
646 1.51395 
647 1.51394 
648 1.51394 
649 1.51393 
650 1.51392 
651 1.51391 
652 1.5139 
653 1.51389 
654 1.51388 
655 1.51387 
656 1.51386 
657 1.51385 
658 1.51384 
659 1.51383 
660 1.51382 
661 1.51381 
662 1.5138 
663 1.51377 
664 1.51374 
665 1.51367 
666 1.51358 
667 1.51348 
668 1.5134 
669 1.51166 
670 1.51154 
671 1.51144 
672 1.51133 
673 1.5112 
674 1.51105 
675 1.51087 
676 1.51065 
677 1.51037 
678 1.51002 
679 1.50947 
680 1.50863 
681 1.50758 
682 1.50641 
683 1.49354 
684 1.49303 
685 1.49262 
686 1.49256 
687 1.49238 
688 1.49232 
689 1.49223 
690 1.4922 
691 1.49217 
692 1.49215 
693 1.49213 
694 1.49211 
695 1.49208 
696 1.49206 
697 1.49204 
698 1.49201 
699 1.49198 
700 1.49195 
701 1.49193 
702 1.4919 
703 1.49188 
704 1.49185 
705 1.49181 
706 1.49178 
707 1.49175 
708 1.49171 
709 1.49169 
710 1.49166 
711 1.49162 
712 1.49159 
713 1.49155 
714 1.4915 
715 1.49146 
716 1.49139 
717 1.49131 
718 1.49125 
719 1.49118 
720 1.49114 
721 1.49103 
722 1.49096 
723 1.49086 
724 1.4908 
725 1.49078 
726 1.4907 
727 1.49066 
728 1.49056 
729 1.49053 
730 1.4905 
731 1.49041 
732 1.49038 
733 1.49032 
734 1.49029 
735 1.49023 
736 1.4902 
737 1.49016 
738 1.49003 
739 1.48993 
740 1.48979 
741 1.48969 
742 1.48947 
743 1.48929 
744 1.4892 
745 1.48906 
746 1.48704 
747 1.48687 
748 1.48427 
749 1.48425 
750 1.48372 
751 1.48277 
752 1.48235 
753 1.48125 
754 1.48092 
755 1.48091 
756 1.4563 
757 1.45625 
758 1.45574 
759 1.45556 
760 1.45543 
761 1.45529 
762 1.45515 
763 1.45492 
764 1.4548 
765 1.45452 
766 1.45438 
767 1.45423 
768 1.45398 
769 1.45386 
770 1.45374 
771 1.45361 
772 1.45344 
773 1.45309 
774 1.4528 
775 1.45255 
776 1.45201 
777 1.45123 
778 1.45122 
779 1.44915 
780 1.44877 
781 1.44576 
782 1.44543 
783 1.44529 
784 1.44229 
785 1.44151 
786 1.43994 
787 1.43994 
788 1.43992 
789 1.43992 
790 1.43991 
791 1.43983 
792 1.43976 
793 1.43975 
794 1.43973 
795 1.43972 
796 1.4397 
797 1.4397 
798 1.43967 
799 1.43965 
800 1.43963 
801 1.43961 
802 1.43961 
803 1.4396 
804 1.4396 
805 1.43959 
806 1.43958 
807 1.43957 
808 1.43956 
809 1.43956 
810 1.43955 
811 1.43955 
812 1.43954 
813 1.43954 
814 1.43953 
815 1.43953 
816 1.43952 
817 1.43951 
818 1.43951 
819 1.43951 
820 1.4395 
821 1.4395 
822 1.4395 
823 1.4395 
824 1.43949 
825 1.43949 
826 1.43949 
827 1.43948 
828 1.43948 
829 1.43947 
830 1.43947 
831 1.43946 
832 1.43946 
833 1.43946 
834 1.43945 
835 1.43945 
836 1.43945 
837 1.43944 
838 1.43944 
839 1.43944 
840 1.43943 
841 1.43943 
842 1.43943 
843 1.43943 
844 1.43942 
845 1.43941 
846 1.43941 
847 1.4394 
848 1.4394 
849 1.4394 
850 1.43939 
851 1.43939 
852 1.43939 
853 1.43938 
854 1.43938 
855 1.43937 
856 1.43937 
857 1.43937 
858 1.43937 
859 1.43936 
860 1.43936 
861 1.43935 
862 1.43935 
863 1.43934 
864 1.43934 
865 1.43934 
866 1.43933 
867 1.43933 
868 1.43932 
869 1.43932 
870 1.43932 
871 1.43931 
872 1.4393 
873 1.4393 
874 1.43929 
875 1.43929 
876 1.43927 
877 1.43927 
878 1.43925 
879 1.43925 
880 1.43924 
881 1.43923 
882 1.43922 
883 1.43921 
884 1.43921 
885 1.4392 
886 1.43918 
887 1.43917 
888 1.43913 
889 1.43911 
890 1.43909 
891 1.43907 
892 1.43906 
893 1.43905 
894 1.43905 
895 1.43903 
896 1.43903 
897 1.43901 
898 1.43899 
899 1.43897 
900 1.43895 
901 1.43895 
902 1.43894 
903 1.43893 
904 1.43892 
905 1.43891 
906 1.4389 
907 1.43888 
908 1.43887 
909 1.43887 
910 1.43885 
911 1.43883 
912 1.43882 
913 1.43881 
914 1.4388 
915 1.43879 
916 1.43877 
917 1.43875 
918 1.43873 
919 1.4387 
920 1.43866 
921 1.43854 
922 1.43851 
923 1.43842 
924 1.43837 
925 1.43832 
926 1.43831 
927 1.43817 
928 1.43814 
929 1.43613 
930 1.43602 
931 1.43528 
932 1.43496 
933 1.43422 
934 1.43361 
935 1.42492 
936 1.42438 
937 1.42416 
938 1.42414 
939 1.42414 
940 1.42413 
941 1.42413 
942 1.42412 
943 1.42412 
944 1.42411 
945 1.42409 
946 1.42408 
947 1.42407 
948 1.42407 
949 1.42406 
950 1.42405 
951 1.42404 
952 1.42403 
953 1.42402 
954 1.42402 
955 1.42402 
956 1.42401 
957 1.424 
958 1.424 
959 1.42399 
960 1.42398 
961 1.42397 
962 1.42397 
963 1.42396 
964 1.42395 
965 1.42394 
966 1.42394 
967 1.42393 
968 1.42393 
969 1.42392 
970 1.42391 
971 1.4239 
972 1.4239 
973 1.42389 
974 1.42388 
975 1.42386 
976 1.42385 
977 1.42385 
978 1.42384 
979 1.42383 
980 1.42382 
981 1.42381 
982 1.42381 
983 1.4238 
984 1.4238 
985 1.42379 
986 1.42377 
987 1.42376 
988 1.42374 
989 1.42373 
990 1.42371 
991 1.4237 
992 1.42368 
993 1.42368 
994 1.42365 
995 1.42362 
996 1.42361 
997 1.42358 
998 1.42353 
999 1.42352 
1000 1.42348 
1001 1.42345 
1002 1.42343 
1003 1.42342 
1004 1.42337 
1005 1.42336 
1006 1.42334 
1007 1.42328 
1008 1.42324 
1009 1.42321 
1010 1.42318 
1011 1.42314 
1012 1.42312 
1013 1.4231 
1014 1.42306 
1015 1.42304 
1016 1.42301 
1017 1.423 
1018 1.42298 
1019 1.42297 
1020 1.42294 
1021 1.42293 
1022 1.42291 
1023 1.4229 
1024 1.42287 
1025 1.42278 
1026 1.42277 
1027 1.42269 
1028 1.42266 
1029 1.42258 
1030 1.42253 
1031 1.42253 
1032 1.42251 
1033 1.42249 
1034 1.42248 
1035 1.42246 
1036 1.42244 
1037 1.42242 
1038 1.4224 
1039 1.42238 
1040 1.42236 
1041 1.42234 
1042 1.42231 
1043 1.42228 
1044 1.42226 
1045 1.42223 
1046 1.42221 
1047 1.42217 
1048 1.4221 
1049 1.422 
1050 1.42179 
1051 1.4217 
1052 1.42147 
1053 1.42132 
1054 1.42115 
1055 1.4205 
1056 1.42035 
1057 1.41778 
1058 1.41775 
1059 1.4171 
1060 1.4121 
1061 1.41191 
1062 1.41191 
1063 1.4118 
1064 1.4118 
1065 1.41173 
1066 1.41171 
1067 1.4117 
1068 1.4117 
1069 1.41169 
1070 1.41168 
1071 1.41168 
1072 1.41168 
1073 1.41166 
1074 1.41165 
1075 1.41164 
1076 1.41163 
1077 1.41162 
1078 1.41161 
1079 1.41161 
1080 1.41161 
1081 1.4116 
1082 1.4116 
1083 1.4116 
1084 1.41159 
1085 1.41159 
1086 1.41159 
1087 1.41159 
1088 1.41159 
1089 1.41159 
1090 1.41158 
1091 1.41158 
1092 1.41158 
1093 1.41158 
1094 1.41158 
1095 1.41158 
1096 1.41157 
1097 1.41157 
1098 1.41157 
1099 1.41157 
1100 1.41157 
1101 1.41156 
1102 1.41156 
1103 1.41156 
1104 1.41156 
1105 1.41156 
1106 1.41155 
1107 1.41155 
1108 1.41155 
1109 1.41155 
1110 1.41155 
1111 1.41155 
1112 1.41154 
1113 1.41154 
1114 1.41154 
1115 1.41154 
1116 1.41154 
1117 1.41153 
1118 1.41153 
1119 1.41153 
1120 1.41153 
1121 1.41153 
1122 1.41152 
1123 1.41152 
1124 1.41152 
1125 1.41152 
1126 1.41151 
1127 1.41151 
1128 1.41151 
1129 1.4115 
1130 1.4115 
1131 1.4115 
1132 1.4115 
1133 1.41149 
1134 1.41148 
1135 1.41148 
1136 1.41148 
1137 1.41148 
1138 1.41148 
1139 1.41147 
1140 1.41147 
1141 1.41146 
1142 1.41146 
1143 1.41145 
1144 1.41144 
1145 1.41144 
1146 1.41143 
1147 1.41143 
1148 1.41143 
1149 1.41142 
1150 1.41142 
1151 1.41141 
1152 1.4114 
1153 1.4114 
1154 1.41139 
1155 1.41137 
1156 1.41135 
1157 1.41133 
1158 1.41131 
1159 1.41129 
1160 1.41127 
1161 1.41125 
1162 1.41124 
1163 1.41122 
1164 1.4112 
1165 1.41119 
1166 1.41116 
1167 1.41114 
1168 1.41114 
1169 1.41111 
1170 1.41109 
1171 1.41108 
1172 1.41106 
1173 1.41105 
1174 1.41104 
1175 1.41103 
1176 1.41102 
1177 1.41099 
1178 1.41098 
1179 1.41096 
1180 1.41096 
1181 1.41093 
1182 1.41093 
1183 1.41081 
1184 1.41068 
1185 1.41063 
1186 1.41024 
1187 1.41006 
1188 1.40996 
1189 1.4098 
1190 1.40963 
1191 1.40938 
1192 1.40904 
1193 1.40879 
1194 1.40799 
1195 1.40781 
1196 1.40659 
1197 1.40658 
1198 1.4052 
1199 1.40466 
1200 1.40212 
1201 1.40168 
1202 1.40133 
1203 1.40129 
1204 1.40128 
1205 1.40123 
1206 1.40121 
1207 1.40112 
1208 1.40111 
1209 1.40109 
1210 1.40107 
1211 1.40104 
1212 1.40101 
1213 1.401 
1214 1.40099 
1215 1.40097 
1216 1.40096 
1217 1.40095 
1218 1.40094 
1219 1.40092 
1220 1.4009 
1221 1.40089 
1222 1.40087 
1223 1.40086 
1224 1.40085 
1225 1.40083 
1226 1.40081 
1227 1.40079 
1228 1.40078 
1229 1.40075 
1230 1.40073 
1231 1.4007 
1232 1.40069 
1233 1.40065 
1234 1.40063 
1235 1.40062 
1236 1.40058 
1237 1.40054 
1238 1.40052 
1239 1.40048 
1240 1.40046 
1241 1.40045 
1242 1.40041 
1243 1.40036 
1244 1.40033 
1245 1.4003 
1246 1.4003 
1247 1.3999 
1248 1.39952 
1249 1.39936 
1250 1.39903 
1251 1.3987 
1252 1.3981 
1253 1.39768 
1254 1.39661 
1255 1.39659 
1256 1.39401 
1257 1.39352 
1258 1.39309 
1259 1.39239 
1260 1.39231 
1261 1.39231 
1262 1.39231 
1263 1.3923 
1264 1.3923 
1265 1.39229 
1266 1.39229 
1267 1.39225 
1268 1.39223 
1269 1.39222 
1270 1.39221 
1271 1.39219 
1272 1.39217 
1273 1.39216 
1274 1.39214 
1275 1.39213 
1276 1.39212 
1277 1.39211 
1278 1.39211 
1279 1.39211 
1280 1.39211 
1281 1.3921 
1282 1.39208 
1283 1.39207 
1284 1.39207 
1285 1.39207 
1286 1.39207 
1287 1.39206 
1288 1.39206 
1289 1.39206 
1290 1.39205 
1291 1.39205 
1292 1.39205 
1293 1.39204 
1294 1.39203 
1295 1.39202 
1296 1.39202 
1297 1.39201 
1298 1.39201 
1299 1.392 
1300 1.392 
1301 1.39199 
1302 1.39199 
1303 1.39198 
1304 1.39198 
1305 1.39198 
1306 1.39198 
1307 1.39197 
1308 1.39197 
1309 1.39197 
1310 1.39196 
1311 1.39196 
1312 1.39195 
1313 1.39195 
1314 1.39195 
1315 1.39194 
1316 1.39194 
1317 1.39194 
1318 1.39193 
1319 1.39193 
1320 1.39193 
1321 1.39193 
1322 1.39192 
1323 1.39192 
1324 1.39192 
1325 1.39191 
1326 1.39191 
1327 1.39191 
1328 1.3919 
1329 1.3919 
1330 1.3919 
1331 1.39189 
1332 1.39189 
1333 1.39189 
1334 1.39188 
1335 1.39188 
1336 1.39188 
1337 1.39188 
1338 1.39187 
1339 1.39187 
1340 1.39186 
1341 1.39186 
1342 1.39185 
1343 1.39185 
1344 1.39185 
1345 1.39184 
1346 1.39184 
1347 1.39183 
1348 1.39182 
1349 1.39182 
1350 1.39182 
1351 1.39181 
1352 1.3918 
1353 1.3918 
1354 1.39179 
1355 1.39178 
1356 1.39177 
1357 1.39177 
1358 1.39176 
1359 1.39175 
1360 1.39175 
1361 1.39175 
1362 1.39174 
1363 1.39173 
1364 1.39173 
1365 1.39172 
1366 1.39172 
1367 1.39171 
1368 1.39169 
1369 1.39166 
1370 1.39164 
1371 1.39162 
1372 1.3916 
1373 1.39155 
1374 1.39154 
1375 1.39153 
1376 1.3915 
1377 1.39148 
1378 1.39147 
1379 1.39145 
1380 1.39144 
1381 1.39143 
1382 1.39142 
1383 1.39142 
1384 1.39137 
1385 1.39131 
1386 1.39116 
1387 1.39111 
1388 1.39106 
1389 1.39101 
1390 1.39096 
1391 1.39036 
1392 1.39026 
1393 1.3901 
1394 1.38993 
1395 1.38972 
1396 1.38946 
1397 1.38916 
1398 1.38877 
1399 1.38826 
1400 1.38773 
1401 1.38706 
1402 1.38645 
1403 1.38635 
1404 1.38227 
1405 1.38203 
1406 1.38196 
1407 1.38196 
1408 1.38196 
1409 1.38192 
1410 1.38192 
1411 1.38187 
1412 1.38183 
1413 1.38182 
1414 1.38182 
1415 1.38182 
1416 1.38181 
1417 1.38181 
1418 1.38179 
1419 1.38178 
1420 1.38178 
1421 1.38178 
1422 1.38177 
1423 1.38177 
1424 1.38177 
1425 1.38177 
1426 1.38176 
1427 1.38176 
1428 1.38176 
1429 1.38176 
1430 1.38175 
1431 1.38175 
1432 1.38175 
1433 1.38175 
1434 1.38174 
1435 1.38174 
1436 1.38174 
1437 1.38173 
1438 1.38173 
1439 1.38173 
1440 1.38173 
1441 1.38172 
1442 1.38172 
1443 1.38172 
1444 1.38171 
1445 1.38171 
1446 1.38171 
1447 1.38171 
1448 1.3817 
1449 1.3817 
1450 1.38169 
1451 1.38169 
1452 1.38168 
1453 1.38168 
1454 1.38168 
1455 1.38168 
1456 1.38167 
1457 1.38167 
1458 1.38167 
1459 1.38166 
1460 1.38166 
1461 1.38166 
1462 1.38165 
1463 1.38165 
1464 1.38165 
1465 1.38164 
1466 1.38164 
1467 1.38163 
1468 1.38163 
1469 1.38162 
1470 1.38162 
1471 1.38162 
1472 1.38161 
1473 1.38161 
1474 1.3816 
1475 1.3816 
1476 1.38159 
1477 1.38159 
1478 1.38158 
1479 1.38157 
1480 1.38156 
1481 1.38156 
1482 1.38155 
1483 1.38153 
1484 1.38152 
1485 1.38151 
1486 1.3815 
1487 1.38148 
1488 1.38147 
1489 1.38144 
1490 1.38142 
1491 1.38141 
1492 1.38139 
1493 1.38139 
1494 1.38137 
1495 1.38136 
1496 1.38135 
1497 1.38127 
1498 1.38126 
1499 1.38124 
1500 1.38123 
1501 1.38121 
1502 1.3812 
1503 1.38119 
1504 1.38118 
1505 1.38116 
1506 1.38113 
1507 1.3811 
1508 1.38108 
1509 1.38106 
1510 1.38106 
1511 1.38104 
1512 1.38103 
1513 1.38103 
1514 1.38101 
1515 1.38093 
1516 1.38089 
1517 1.38083 
1518 1.38079 
1519 1.38075 
1520 1.38072 
1521 1.38068 
1522 1.38065 
1523 1.38063 
1524 1.3806 
1525 1.38057 
1526 1.38054 
1527 1.38052 
1528 1.38043 
1529 1.38033 
1530 1.38023 
1531 1.38011 
1532 1.37992 
1533 1.37971 
1534 1.37952 
1535 1.37918 
1536 1.37897 
1537 1.37861 
1538 1.37793 
1539 1.37776 
1540 1.37616 
1541 1.37593 
1542 1.37467 
1543 1.37434 
1544 1.37071 
1545 1.37052 
1546 1.37052 
1547 1.37052 
1548 1.37051 
1549 1.37051 
1550 1.3705 
1551 1.3705 
1552 1.37046 
1553 1.37045 
1554 1.37044 
1555 1.37043 
1556 1.37042 
1557 1.37041 
1558 1.3704 
1559 1.37039 
1560 1.37039 
1561 1.37039 
1562 1.37038 
1563 1.37037 
1564 1.37037 
1565 1.37036 
1566 1.37036 
1567 1.37035 
1568 1.37035 
1569 1.37034 
1570 1.37034 
1571 1.37034 
1572 1.37033 
1573 1.37033 
1574 1.37033 
1575 1.37033 
1576 1.37032 
1577 1.37032 
1578 1.37032 
1579 1.37031 
1580 1.37031 
1581 1.37031 
1582 1.3703 
1583 1.3703 
1584 1.3703 
1585 1.37029 
1586 1.37029 
1587 1.37029 
1588 1.37028 
1589 1.37028 
1590 1.37027 
1591 1.37027 
1592 1.37026 
1593 1.37026 
1594 1.37025 
1595 1.37024 
1596 1.37024 
1597 1.37023 
1598 1.37022 
1599 1.37022 
1600 1.37021 
1601 1.37021 
1602 1.3702 
1603 1.3702 
1604 1.37019 
1605 1.37018 
1606 1.37017 
1607 1.37016 
1608 1.37015 
1609 1.37013 
1610 1.37011 
1611 1.3701 
1612 1.37008 
1613 1.37007 
1614 1.37006 
1615 1.37003 
1616 1.37002 
1617 1.37001 
1618 1.37 
1619 1.36998 
1620 1.36998 
1621 1.36997 
1622 1.36996 
1623 1.36996 
1624 1.36994 
1625 1.36993 
1626 1.36992 
1627 1.36991 
1628 1.36991 
1629 1.3699 
1630 1.36988 
1631 1.36987 
1632 1.36986 
1633 1.36985 
1634 1.36985 
1635 1.36982 
1636 1.36978 
1637 1.36972 
1638 1.36965 
1639 1.36956 
1640 1.36952 
1641 1.36946 
1642 1.3694 
1643 1.36937 
1644 1.36935 
1645 1.36932 
1646 1.3693 
1647 1.36928 
1648 1.36925 
1649 1.36923 
1650 1.3692 
1651 1.36917 
1652 1.36914 
1653 1.36911 
1654 1.36879 
1655 1.36867 
1656 1.36853 
1657 1.36837 
1658 1.36817 
1659 1.36792 
1660 1.3676 
1661 1.36713 
1662 1.36674 
1663 1.36593 
1664 1.36561 
1665 1.3624 
1666 1.36224 
1667 1.36224 
1668 1.36224 
1669 1.36221 
1670 1.36219 
1671 1.36218 
1672 1.36218 
1673 1.36216 
1674 1.36213 
1675 1.36212 
1676 1.36211 
1677 1.3621 
1678 1.3621 
1679 1.36209 
1680 1.36209 
1681 1.36208 
1682 1.36207 
1683 1.36207 
1684 1.36206 
1685 1.36206 
1686 1.36206 
1687 1.36206 
1688 1.36205 
1689 1.36204 
1690 1.36204 
1691 1.36204 
1692 1.36204 
1693 1.36203 
1694 1.36203 
1695 1.36203 
1696 1.36202 
1697 1.36202 
1698 1.36202 
1699 1.36202 
1700 1.36201 
1701 1.36201 
1702 1.36201 
1703 1.36201 
1704 1.362 
1705 1.362 
1706 1.362 
1707 1.362 
1708 1.362 
1709 1.36199 
1710 1.36199 
1711 1.36199 
1712 1.36199 
1713 1.36199 
1714 1.36199 
1715 1.36198 
1716 1.36198 
1717 1.36198 
1718 1.36198 
1719 1.36198 
1720 1.36197 
1721 1.36197 
1722 1.36197 
1723 1.36197 
1724 1.36197 
1725 1.36197 
1726 1.36196 
1727 1.36196 
1728 1.36196 
1729 1.36196 
1730 1.36196 
1731 1.36195 
1732 1.36195 
1733 1.36195 
1734 1.36195 
1735 1.36195 
1736 1.36195 
1737 1.36194 
1738 1.36194 
1739 1.36194 
1740 1.36194 
1741 1.36193 
1742 1.36193 
1743 1.36193 
1744 1.36192 
1745 1.36192 
1746 1.36191 
1747 1.36191 
1748 1.36191 
1749 1.3619 
1750 1.3619 
1751 1.3619 
1752 1.36189 
1753 1.36189 
1754 1.36189 
1755 1.36189 
1756 1.36188 
1757 1.36188 
1758 1.36187 
1759 1.36187 
1760 1.36187 
1761 1.36187 
1762 1.36186 
1763 1.36186 
1764 1.36185 
1765 1.36184 
1766 1.36184 
1767 1.36184 
1768 1.36183 
1769 1.36182 
1770 1.36182 
1771 1.36181 
1772 1.3618 
1773 1.36178 
1774 1.36178 
1775 1.36177 
1776 1.36177 
1777 1.36174 
1778 1.36173 
1779 1.3617 
1780 1.36169 
1781 1.36167 
1782 1.36165 
1783 1.36164 
1784 1.36163 
1785 1.36161 
1786 1.36161 
1787 1.3616 
1788 1.36159 
1789 1.36158 
1790 1.36157 
1791 1.36156 
1792 1.36155 
1793 1.36153 
1794 1.36151 
1795 1.36149 
1796 1.36148 
1797 1.36144 
1798 1.36141 
1799 1.36136 
1800 1.36133 
1801 1.3612 
1802 1.36117 
1803 1.36113 
1804 1.3611 
1805 1.36108 
1806 1.36106 
1807 1.36104 
1808 1.36102 
1809 1.36099 
1810 1.36097 
1811 1.36095 
1812 1.36093 
1813 1.3609 
1814 1.36088 
1815 1.36085 
1816 1.36082 
1817 1.3608 
1818 1.36077 
1819 1.36074 
1820 1.36071 
1821 1.36068 
1822 1.36065 
1823 1.36061 
1824 1.36058 
1825 1.36055 
1826 1.36051 
1827 1.36047 
1828 1.36043 
1829 1.36021 
1830 1.36007 
1831 1.35974 
1832 1.35957 
1833 1.35922 
1834 1.3591 
1835 1.35846 
1836 1.35829 
1837 1.35731 
1838 1.35706 
1839 1.35303 
1840 1.35285 
1841 1.35285 
1842 1.35275 
1843 1.35275 
1844 1.35274 
1845 1.35271 
1846 1.35271 
1847 1.3527 
1848 1.3527 
1849 1.3527 
1850 1.35269 
1851 1.35269 
1852 1.35269 
1853 1.35269 
1854 1.35269 
1855 1.35268 
1856 1.35268 
1857 1.35268 
1858 1.35268 
1859 1.35267 
1860 1.35267 
1861 1.35267 
1862 1.35267 
1863 1.35267 
1864 1.35266 
1865 1.35266 
1866 1.35266 
1867 1.35265 
1868 1.35265 
1869 1.35265 
1870 1.35265 
1871 1.35265 
1872 1.35265 
1873 1.35264 
1874 1.35264 
1875 1.35264 
1876 1.35264 
1877 1.35264 
1878 1.35263 
1879 1.35263 
1880 1.35263 
1881 1.35263 
1882 1.35262 
1883 1.35262 
1884 1.35262 
1885 1.35262 
1886 1.35262 
1887 1.35262 
1888 1.35261 
1889 1.35261 
1890 1.35261 
1891 1.35261 
1892 1.35261 
1893 1.35261 
1894 1.35261 
1895 1.35261 
1896 1.3526 
1897 1.3526 
1898 1.3526 
1899 1.3526 
1900 1.3526 
1901 1.3526 
1902 1.3526 
1903 1.3526 
1904 1.35259 
1905 1.35259 
1906 1.35259 
1907 1.35259 
1908 1.35259 
1909 1.35259 
1910 1.35258 
1911 1.35258 
1912 1.35258 
1913 1.35258 
1914 1.35258 
1915 1.35258 
1916 1.35257 
1917 1.35257 
1918 1.35257 
1919 1.35257 
1920 1.35257 
1921 1.35257 
1922 1.35257 
1923 1.35256 
1924 1.35256 
1925 1.35256 
1926 1.35256 
1927 1.35256 
1928 1.35255 
1929 1.35255 
1930 1.35255 
1931 1.35255 
1932 1.35254 
1933 1.35254 
1934 1.35254 
1935 1.35254 
1936 1.35253 
1937 1.35253 
1938 1.35253 
1939 1.35252 
1940 1.35252 
1941 1.35251 
1942 1.35251 
1943 1.35251 
1944 1.3525 
1945 1.3525 
1946 1.3525 
1947 1.35249 
1948 1.35249 
1949 1.35247 
1950 1.35246 
1951 1.35246 
1952 1.35246 
1953 1.35245 
1954 1.35245 
1955 1.35244 
1956 1.35243 
1957 1.35243 
1958 1.35243 
1959 1.35239 
1960 1.35238 
1961 1.35237 
1962 1.35235 
1963 1.35233 
1964 1.35231 
1965 1.35229 
1966 1.35228 
1967 1.35225 
1968 1.35223 
1969 1.35221 
1970 1.3522 
1971 1.35219 
1972 1.35218 
1973 1.35217 
1974 1.35217 
1975 1.35214 
1976 1.35212 
1977 1.3521 
1978 1.35206 
1979 1.35206 
1980 1.35202 
1981 1.35198 
1982 1.35194 
1983 1.35192 
1984 1.35162 
1985 1.3516 
1986 1.35159 
1987 1.35157 
1988 1.35155 
1989 1.35153 
1990 1.35151 
1991 1.35149 
1992 1.35147 
1993 1.35145 
1994 1.35143 
1995 1.3514 
1996 1.35138 
1997 1.35136 
1998 1.35133 
1999 1.3513 
2000 1.35128 
2001 1.35125 
2002 1.35122 
2003 1.35119 
2004 1.35116 
2005 1.35113 
2006 1.3511 
2007 1.35106 
2008 1.35103 
2009 1.35099 
2010 1.35095 
2011 1.3509 
2012 1.35085 
2013 1.3508 
2014 1.35075 
2015 1.35068 
2016 1.35061 
2017 1.35037 
2018 1.34994 
2019 1.34977 
2020 1.34913 
2021 1.34872 
2022 1.34844 
2023 1.3475 
2024 1.34724 
2025 1.344 
2026 1.34388 
2027 1.34388 
2028 1.34382 
2029 1.34382 
2030 1.34381 
2031 1.3438 
2032 1.34376 
2033 1.34374 
2034 1.34372 
2035 1.34371 
2036 1.3437 
2037 1.3437 
2038 1.34369 
2039 1.34369 
2040 1.34369 
2041 1.34369 
2042 1.34369 
2043 1.34368 
2044 1.34368 
2045 1.34367 
2046 1.34367 
2047 1.34367 
2048 1.34367 
2049 1.34366 
2050 1.34365 
2051 1.34365 
2052 1.34365 
2053 1.34365 
2054 1.34364 
2055 1.34364 
2056 1.34363 
2057 1.34363 
2058 1.34363 
2059 1.34362 
2060 1.34362 
2061 1.34362 
2062 1.34361 
2063 1.34361 
2064 1.3436 
2065 1.3436 
2066 1.34359 
2067 1.34359 
2068 1.34359 
2069 1.34359 
2070 1.34358 
2071 1.34358 
2072 1.34357 
2073 1.34357 
2074 1.34357 
2075 1.34357 
2076 1.34356 
2077 1.34356 
2078 1.34356 
2079 1.34355 
2080 1.34355 
2081 1.34355 
2082 1.34354 
2083 1.34354 
2084 1.34354 
2085 1.34353 
2086 1.34353 
2087 1.34353 
2088 1.34352 
2089 1.34352 
2090 1.34351 
2091 1.3435 
2092 1.34349 
2093 1.34349 
2094 1.34348 
2095 1.34348 
2096 1.34347 
2097 1.34347 
2098 1.34345 
2099 1.34344 
2100 1.34344 
2101 1.34342 
2102 1.34341 
2103 1.3434 
2104 1.34339 
2105 1.34339 
2106 1.34337 
2107 1.34335 
2108 1.34334 
2109 1.34333 
2110 1.34332 
2111 1.34332 
2112 1.34328 
2113 1.34327 
2114 1.34325 
2115 1.34323 
2116 1.34323 
2117 1.34322 
2118 1.3432 
2119 1.34319 
2120 1.34318 
2121 1.34317 
2122 1.34316 
2123 1.34315 
2124 1.34313 
2125 1.34311 
2126 1.34309 
2127 1.34307 
2128 1.34306 
2129 1.34298 
2130 1.34298 
2131 1.34296 
2132 1.34292 
2133 1.34284 
2134 1.34273 
2135 1.34261 
2136 1.34255 
2137 1.34251 
2138 1.34247 
2139 1.34243 
2140 1.34238 
2141 1.34233 
2142 1.34228 
2143 1.34223 
2144 1.34219 
2145 1.34215 
2146 1.34211 
2147 1.34206 
2148 1.34201 
2149 1.34196 
2150 1.3419 
2151 1.34183 
2152 1.34176 
2153 1.34169 
2154 1.34161 
2155 1.34152 
2156 1.34143 
2157 1.34131 
2158 1.34118 
2159 1.34103 
2160 1.34043 
2161 1.34028 
2162 1.34012 
2163 1.33933 
2164 1.33915 
2165 1.33801 
2166 1.33772 
2167 1.33689 
2168 1.33619 
2169 1.33582 
2170 1.33319 
2171 1.33302 
2172 1.33302 
2173 1.33302 
2174 1.33297 
2175 1.33295 
2176 1.33293 
2177 1.33292 
2178 1.33292 
2179 1.33292 
2180 1.33292 
2181 1.33291 
2182 1.33288 
2183 1.33287 
2184 1.33286 
2185 1.33286 
2186 1.33284 
2187 1.33283 
2188 1.33282 
2189 1.33282 
2190 1.33281 
2191 1.33281 
2192 1.3328 
2193 1.33279 
2194 1.33279 
2195 1.33278 
2196 1.33278 
2197 1.33278 
2198 1.33277 
2199 1.33276 
2200 1.33276 
2201 1.33276 
2202 1.33275 
2203 1.33274 
2204 1.33274 
2205 1.33274 
2206 1.33273 
2207 1.33273 
2208 1.33272 
2209 1.33272 
2210 1.33271 
2211 1.33271 
2212 1.3327 
2213 1.3327 
2214 1.33269 
2215 1.33268 
2216 1.33268 
2217 1.33267 
2218 1.33266 
2219 1.33264 
2220 1.33263 
2221 1.33261 
2222 1.3326 
2223 1.33258 
2224 1.33257 
2225 1.33256 
2226 1.33254 
2227 1.33252 
2228 1.3325 
2229 1.33247 
2230 1.33247 
2231 1.33244 
2232 1.33243 
2233 1.33242 
2234 1.33241 
2235 1.33238 
2236 1.33237 
2237 1.33236 
2238 1.33235 
2239 1.33234 
2240 1.33234 
2241 1.33231 
2242 1.3323 
2243 1.33229 
2244 1.33228 
2245 1.33227 
2246 1.33227 
2247 1.33225 
2248 1.33223 
2249 1.33222 
2250 1.3322 
2251 1.33216 
2252 1.33214 
2253 1.33211 
2254 1.33205 
2255 1.33205 
2256 1.33203 
2257 1.33202 
2258 1.33201 
2259 1.33201 
2260 1.332 
2261 1.33199 
2262 1.33198 
2263 1.33197 
2264 1.33196 
2265 1.33191 
2266 1.33183 
2267 1.33177 
2268 1.33172 
2269 1.33167 
2270 1.33163 
2271 1.33159 
2272 1.33154 
2273 1.33151 
2274 1.33148 
2275 1.33144 
2276 1.3314 
2277 1.33137 
2278 1.33133 
2279 1.33129 
2280 1.33124 
2281 1.33119 
2282 1.33114 
2283 1.33108 
2284 1.33102 
2285 1.33095 
2286 1.33087 
2287 1.33079 
2288 1.33071 
2289 1.33062 
2290 1.33052 
2291 1.33041 
2292 1.33028 
2293 1.33013 
2294 1.32994 
2295 1.32969 
2296 1.32942 
2297 1.32912 
2298 1.32865 
2299 1.32844 
2300 1.32776 
2301 1.32691 
2302 1.32663 
2303 1.3251 
2304 1.32501 
2305 1.32501 
2306 1.32501 
2307 1.325 
2308 1.325 
2309 1.32497 
2310 1.32495 
2311 1.32492 
2312 1.32491 
2313 1.32491 
2314 1.32491 
2315 1.3249 
2316 1.32489 
2317 1.32488 
2318 1.32487 
2319 1.32487 
2320 1.32487 
2321 1.32484 
2322 1.32484 
2323 1.32483 
2324 1.32483 
2325 1.32483 
2326 1.32483 
2327 1.32482 
2328 1.32482 
2329 1.32482 
2330 1.32481 
2331 1.32481 
2332 1.32481 
2333 1.32481 
2334 1.32481 
2335 1.3248 
2336 1.3248 
2337 1.3248 
2338 1.3248 
2339 1.3248 
2340 1.3248 
2341 1.3248 
2342 1.32479 
2343 1.32479 
2344 1.32479 
2345 1.32479 
2346 1.32479 
2347 1.32479 
2348 1.32478 
2349 1.32478 
2350 1.32478 
2351 1.32478 
2352 1.32478 
2353 1.32478 
2354 1.32478 
2355 1.32477 
2356 1.32477 
2357 1.32477 
2358 1.32477 
2359 1.32477 
2360 1.32477 
2361 1.32476 
2362 1.32476 
2363 1.32476 
2364 1.32476 
2365 1.32476 
2366 1.32475 
2367 1.32475 
2368 1.32475 
2369 1.32475 
2370 1.32475 
2371 1.32475 
2372 1.32475 
2373 1.32474 
2374 1.32474 
2375 1.32474 
2376 1.32474 
2377 1.32474 
2378 1.32473 
2379 1.32473 
2380 1.32473 
2381 1.32473 
2382 1.32473 
2383 1.32472 
2384 1.32472 
2385 1.32472 
2386 1.32472 
2387 1.32472 
2388 1.32471 
2389 1.32471 
2390 1.32471 
2391 1.32471 
2392 1.3247 
2393 1.3247 
2394 1.3247 
2395 1.32469 
2396 1.32469 
2397 1.32468 
2398 1.32468 
2399 1.32468 
2400 1.32468 
2401 1.32467 
2402 1.32467 
2403 1.32467 
2404 1.32467 
2405 1.32466 
2406 1.32466 
2407 1.32466 
2408 1.32465 
2409 1.32465 
2410 1.32464 
2411 1.32464 
2412 1.32463 
2413 1.32462 
2414 1.32461 
2415 1.3246 
2416 1.32459 
2417 1.32458 
2418 1.32456 
2419 1.32455 
2420 1.32454 
2421 1.32453 
2422 1.32451 
2423 1.32451 
2424 1.3245 
2425 1.32449 
2426 1.32449 
2427 1.32449 
2428 1.32448 
2429 1.32447 
2430 1.32446 
2431 1.32446 
2432 1.32445 
2433 1.32444 
2434 1.32443 
2435 1.32443 
2436 1.32441 
2437 1.3244 
2438 1.32437 
2439 1.32437 
2440 1.32434 
2441 1.32433 
2442 1.32431 
2443 1.3243 
2444 1.3243 
2445 1.32429 
2446 1.32428 
2447 1.32427 
2448 1.32425 
2449 1.32424 
2450 1.32423 
2451 1.32422 
2452 1.32422 
2453 1.32421 
2454 1.3242 
2455 1.32418 
2456 1.32399 
2457 1.32395 
2458 1.32391 
2459 1.32387 
2460 1.32383 
2461 1.32378 
2462 1.32374 
2463 1.32369 
2464 1.32363 
2465 1.32357 
2466 1.32351 
2467 1.32343 
2468 1.32336 
2469 1.32328 
2470 1.32318 
2471 1.32307 
2472 1.32295 
2473 1.3228 
2474 1.32262 
2475 1.3224 
2476 1.3221 
2477 1.32182 
2478 1.32129 
2479 1.32105 
2480 1.32036 
2481 1.32007 
2482 1.31809 
2483 1.31798 
2484 1.31798 
2485 1.31796 
2486 1.3179 
2487 1.31789 
2488 1.31788 
2489 1.31788 
2490 1.31787 
2491 1.31787 
2492 1.31786 
2493 1.31785 
2494 1.31785 
2495 1.31784 
2496 1.31783 
2497 1.31781 
2498 1.3178 
2499 1.3178 
2500 1.31779 
2501 1.31779 
2502 1.31779 
2503 1.31779 
2504 1.31779 
2505 1.31778 
2506 1.31777 
2507 1.31777 
2508 1.31777 
2509 1.31777 
2510 1.31776 
2511 1.31776 
2512 1.31776 
2513 1.31776 
2514 1.31776 
2515 1.31776 
2516 1.31775 
2517 1.31775 
2518 1.31775 
2519 1.31774 
2520 1.31774 
2521 1.31774 
2522 1.31774 
2523 1.31774 
2524 1.31773 
2525 1.31773 
2526 1.31773 
2527 1.31773 
2528 1.31773 
2529 1.31773 
2530 1.31773 
2531 1.31772 
2532 1.31772 
2533 1.31772 
2534 1.31772 
2535 1.31772 
2536 1.31771 
2537 1.31771 
2538 1.3177 
2539 1.3177 
2540 1.3177 
2541 1.31769 
2542 1.31769 
2543 1.31769 
2544 1.31769 
2545 1.31768 
2546 1.31768 
2547 1.31768 
2548 1.31767 
2549 1.31767 
2550 1.31767 
2551 1.31766 
2552 1.31766 
2553 1.31766 
2554 1.31765 
2555 1.31765 
2556 1.31765 
2557 1.31764 
2558 1.31764 
2559 1.31763 
2560 1.31763 
2561 1.31762 
2562 1.31762 
2563 1.31761 
2564 1.31758 
2565 1.31756 
2566 1.31755 
2567 1.31754 
2568 1.3175 
2569 1.31748 
2570 1.31746 
2571 1.31742 
2572 1.31741 
2573 1.31741 
2574 1.3174 
2575 1.31738 
2576 1.31737 
2577 1.31736 
2578 1.31735 
2579 1.31734 
2580 1.31732 
2581 1.3173 
2582 1.31727 
2583 1.31725 
2584 1.3172 
2585 1.31717 
2586 1.31713 
2587 1.3171 
2588 1.3171 
2589 1.31709 
2590 1.31708 
2591 1.31707 
2592 1.31706 
2593 1.31705 
2594 1.31703 
2595 1.31702 
2596 1.31702 
2597 1.31701 
2598 1.31701 
2599 1.317 
2600 1.317 
2601 1.31699 
2602 1.31698 
2603 1.31698 
2604 1.31686 
2605 1.31677 
2606 1.31673 
2607 1.3167 
2608 1.31666 
2609 1.31663 
2610 1.31659 
2611 1.31655 
2612 1.31651 
2613 1.31647 
2614 1.31642 
2615 1.31638 
2616 1.31633 
2617 1.31627 
2618 1.31621 
2619 1.31615 
2620 1.31609 
2621 1.31601 
2622 1.31593 
2623 1.31584 
2624 1.31573 
2625 1.3156 
2626 1.31544 
2627 1.31525 
2628 1.31502 
2629 1.31471 
2630 1.3145 
2631 1.31402 
2632 1.3138 
2633 1.31235 
2634 1.31205 
2635 1.31149 
2636 1.31145 
2637 1.31145 
2638 1.31142 
2639 1.31141 
2640 1.31139 
2641 1.31139 
2642 1.31137 
2643 1.31135 
2644 1.31133 
2645 1.31132 
2646 1.31131 
2647 1.31129 
2648 1.31128 
2649 1.31127 
2650 1.31126 
2651 1.31125 
2652 1.31125 
2653 1.31123 
2654 1.31123 
2655 1.31122 
2656 1.31121 
2657 1.3112 
2658 1.31119 
2659 1.31119 
2660 1.31118 
2661 1.31117 
2662 1.31117 
2663 1.31116 
2664 1.31115 
2665 1.31114 
2666 1.31113 
2667 1.31112 
2668 1.31111 
2669 1.31109 
2670 1.31108 
2671 1.31106 
2672 1.31104 
2673 1.31102 
2674 1.31099 
2675 1.31097 
2676 1.31095 
2677 1.31094 
2678 1.31092 
2679 1.31092 
2680 1.3109 
2681 1.31089 
2682 1.31088 
2683 1.31087 
2684 1.31087 
2685 1.31085 
2686 1.31085 
2687 1.31083 
2688 1.31081 
2689 1.3108 
2690 1.31079 
2691 1.31078 
2692 1.31076 
2693 1.31067 
2694 1.31065 
2695 1.31065 
2696 1.31064 
2697 1.31063 
2698 1.31062 
2699 1.31061 
2700 1.31061 
2701 1.3106 
2702 1.3106 
2703 1.31059 
2704 1.31059 
2705 1.31058 
2706 1.31058 
2707 1.31057 
2708 1.31056 
2709 1.31053 
2710 1.31018 
2711 1.31013 
2712 1.31009 
2713 1.31004 
2714 1.30999 
2715 1.30994 
2716 1.30989 
2717 1.30982 
2718 1.30975 
2719 1.30967 
2720 1.30958 
2721 1.30948 
2722 1.30937 
2723 1.30924 
2724 1.30908 
2725 1.30889 
2726 1.30865 
2727 1.30832 
2728 1.30789 
2729 1.30754 
2730 1.30705 
2731 1.30638 
2732 1.30582 
2733 1.30521 
2734 1.30392 
2735 1.30392 
2736 1.30392 
2737 1.30386 
2738 1.30386 
2739 1.30383 
2740 1.30379 
2741 1.30378 
2742 1.30377 
2743 1.30377 
2744 1.30374 
2745 1.30374 
2746 1.30369 
2747 1.30369 
2748 1.30369 
2749 1.30367 
2750 1.30367 
2751 1.30366 
2752 1.30365 
2753 1.30365 
2754 1.30365 
2755 1.30365 
2756 1.30364 
2757 1.30364 
2758 1.30364 
2759 1.30363 
2760 1.30363 
2761 1.30363 
2762 1.30362 
2763 1.30362 
2764 1.30362 
2765 1.30362 
2766 1.30361 
2767 1.30361 
2768 1.30361 
2769 1.30361 
2770 1.3036 
2771 1.3036 
2772 1.30359 
2773 1.30359 
2774 1.30359 
2775 1.30359 
2776 1.30359 
2777 1.30359 
2778 1.30359 
2779 1.30358 
2780 1.30358 
2781 1.30358 
2782 1.30358 
2783 1.30357 
2784 1.30357 
2785 1.30357 
2786 1.30357 
2787 1.30357 
2788 1.30357 
2789 1.30357 
2790 1.30356 
2791 1.30356 
2792 1.30356 
2793 1.30356 
2794 1.30356 
2795 1.30356 
2796 1.30355 
2797 1.30355 
2798 1.30355 
2799 1.30355 
2800 1.30354 
2801 1.30354 
2802 1.30354 
2803 1.30354 
2804 1.30353 
2805 1.30353 
2806 1.30353 
2807 1.30353 
2808 1.30352 
2809 1.30352 
2810 1.30352 
2811 1.30351 
2812 1.30351 
2813 1.3035 
2814 1.3035 
2815 1.30349 
2816 1.30349 
2817 1.30348 
2818 1.30348 
2819 1.30348 
2820 1.30347 
2821 1.30347 
2822 1.30346 
2823 1.30346 
2824 1.30345 
2825 1.30344 
2826 1.30342 
2827 1.30341 
2828 1.3034 
2829 1.3034 
2830 1.3034 
2831 1.30338 
2832 1.30338 
2833 1.30336 
2834 1.30336 
2835 1.30335 
2836 1.30335 
2837 1.30334 
2838 1.30334 
2839 1.30332 
2840 1.30331 
2841 1.3033 
2842 1.3033 
2843 1.30329 
2844 1.30328 
2845 1.30328 
2846 1.30327 
2847 1.30326 
2848 1.30325 
2849 1.30324 
2850 1.30324 
2851 1.30323 
2852 1.30323 
2853 1.30321 
2854 1.3032 
2855 1.3032 
2856 1.30318 
2857 1.30318 
2858 1.30317 
2859 1.30316 
2860 1.30315 
2861 1.30314 
2862 1.30313 
2863 1.30312 
2864 1.30309 
2865 1.30298 
2866 1.30292 
2867 1.30292 
2868 1.3029 
2869 1.30287 
2870 1.30278 
2871 1.30265 
2872 1.30261 
2873 1.30256 
2874 1.30251 
2875 1.30246 
2876 1.3024 
2877 1.30233 
2878 1.30226 
2879 1.30218 
2880 1.30208 
2881 1.30197 
2882 1.30187 
2883 1.30174 
2884 1.30158 
2885 1.30138 
2886 1.30112 
2887 1.30082 
2888 1.30048 
2889 1.30011 
2890 1.29957 
2891 1.29877 
2892 1.29876 
2893 1.29876 
2894 1.29871 
2895 1.2987 
2896 1.29869 
2897 1.29869 
2898 1.29868 
2899 1.29868 
2900 1.29867 
2901 1.29864 
2902 1.29863 
2903 1.29861 
2904 1.29859 
2905 1.29857 
2906 1.29855 
2907 1.29853 
2908 1.29852 
2909 1.2985 
2910 1.29849 
2911 1.29849 
2912 1.29848 
2913 1.29847 
2914 1.29846 
2915 1.29846 
2916 1.29845 
2917 1.29844 
2918 1.29843 
2919 1.29842 
2920 1.29842 
2921 1.2984 
2922 1.29839 
2923 1.29838 
2924 1.29836 
2925 1.29835 
2926 1.29834 
2927 1.29832 
2928 1.29829 
2929 1.29828 
2930 1.29826 
2931 1.29824 
2932 1.29822 
2933 1.29821 
2934 1.29819 
2935 1.29818 
2936 1.29816 
2937 1.29815 
2938 1.29813 
2939 1.29812 
2940 1.29811 
2941 1.2981 
2942 1.29808 
2943 1.29806 
2944 1.29805 
2945 1.29804 
2946 1.298 
2947 1.29795 
2948 1.2978 
2949 1.29776 
2950 1.29776 
2951 1.29764 
2952 1.29761 
2953 1.29758 
2954 1.29754 
2955 1.29751 
2956 1.29748 
2957 1.29744 
2958 1.2974 
2959 1.29736 
2960 1.29732 
2961 1.29728 
2962 1.29723 
2963 1.29717 
2964 1.29711 
2965 1.29704 
2966 1.29697 
2967 1.29688 
2968 1.29678 
2969 1.29666 
2970 1.2965 
2971 1.29634 
2972 1.29612 
2973 1.29586 
2974 1.29549 
2975 1.29503 
2976 1.29478 
2977 1.29339 
2978 1.29331 
2979 1.29331 
2980 1.2933 
2981 1.29329 
2982 1.29321 
2983 1.29316 
2984 1.29315 
2985 1.29314 
2986 1.29314 
2987 1.29313 
2988 1.29311 
2989 1.29311 
2990 1.29311 
2991 1.29311 
2992 1.2931 
2993 1.2931 
2994 1.2931 
2995 1.2931 
2996 1.2931 
2997 1.2931 
2998 1.2931 
2999 1.2931 
3000 1.2931 
3001 1.2931 
3002 1.2931 
3003 1.29309 
3004 1.29309 
3005 1.29309 
3006 1.29309 
3007 1.29309 
3008 1.29308 
3009 1.29308 
3010 1.29308 
3011 1.29308 
3012 1.29308 
3013 1.29308 
3014 1.29308 
3015 1.29307 
3016 1.29307 
3017 1.29307 
3018 1.29307 
3019 1.29307 
3020 1.29307 
3021 1.29307 
3022 1.29307 
3023 1.29306 
3024 1.29306 
3025 1.29306 
3026 1.29306 
3027 1.29306 
3028 1.29305 
3029 1.29305 
3030 1.29305 
3031 1.29305 
3032 1.29305 
3033 1.29305 
3034 1.29304 
3035 1.29304 
3036 1.29304 
3037 1.29304 
3038 1.29303 
3039 1.29303 
3040 1.29303 
3041 1.29303 
3042 1.29302 
3043 1.29302 
3044 1.29302 
3045 1.29302 
3046 1.29301 
3047 1.29301 
3048 1.293 
3049 1.293 
3050 1.293 
3051 1.29299 
3052 1.29298 
3053 1.29297 
3054 1.29296 
3055 1.29295 
3056 1.29295 
3057 1.29294 
3058 1.29293 
3059 1.29293 
3060 1.29292 
3061 1.29291 
3062 1.2929 
3063 1.29289 
3064 1.29288 
3065 1.29286 
3066 1.29285 
3067 1.29283 
3068 1.29281 
3069 1.29281 
3070 1.29281 
3071 1.2928 
3072 1.29279 
3073 1.29279 
3074 1.29278 
3075 1.29277 
3076 1.29277 
3077 1.29275 
3078 1.29274 
3079 1.29271 
3080 1.2927 
3081 1.2927 
3082 1.29268 
3083 1.29267 
3084 1.29265 
3085 1.29263 
3086 1.29261 
3087 1.29255 
3088 1.29255 
3089 1.29252 
3090 1.2925 
3091 1.29236 
3092 1.29236 
3093 1.29233 
3094 1.29225 
3095 1.29215 
3096 1.29211 
3097 1.29206 
3098 1.29202 
3099 1.29197 
3100 1.29192 
3101 1.29187 
3102 1.2918 
3103 1.29173 
3104 1.29165 
3105 1.29156 
3106 1.29146 
3107 1.29134 
3108 1.29119 
3109 1.29101 
3110 1.29091 
3111 1.29062 
3112 1.2903 
3113 1.28969 
3114 1.28955 
3115 1.28809 
3116 1.2879 
3117 1.28675 
3118 1.28668 
3119 1.28668 
3120 1.28661 
3121 1.28659 
3122 1.28656 
3123 1.28655 
3124 1.28651 
3125 1.28649 
3126 1.28647 
3127 1.28646 
3128 1.28644 
3129 1.28643 
3130 1.28641 
3131 1.28639 
3132 1.28636 
3133 1.28633 
3134 1.28628 
3135 1.28623 
3136 1.28621 
3137 1.28618 
3138 1.28615 
3139 1.28613 
3140 1.2861 
3141 1.28608 
3142 1.28606 
3143 1.28601 
3144 1.28595 
3145 1.28589 
3146 1.28578 
3147 1.28568 
3148 1.28562 
3149 1.28552 
3150 1.28545 
3151 1.28542 
3152 1.28539 
3153 1.28535 
3154 1.28532 
3155 1.28528 
3156 1.28524 
3157 1.2852 
3158 1.28516 
3159 1.28511 
3160 1.28506 
3161 1.285 
3162 1.28493 
3163 1.28486 
3164 1.28477 
3165 1.28467 
3166 1.28456 
3167 1.28443 
3168 1.28426 
3169 1.28403 
3170 1.28368 
3171 1.28306 
3172 1.2827 
3173 1.28234 
3174 1.28153 
3175 1.28107 
3176 1.28056 
3177 1.28027 
3178 1.2778 
3179 1.27762 
3180 1.2776 
3181 1.27758 
3182 1.27756 
3183 1.27755 
3184 1.27754 
3185 1.27751 
3186 1.27748 
3187 1.27746 
3188 1.27745 
3189 1.27745 
3190 1.27745 
3191 1.27745 
3192 1.27744 
3193 1.27744 
3194 1.27744 
3195 1.27744 
3196 1.27744 
3197 1.27743 
3198 1.27743 
3199 1.27743 
3200 1.27743 
3201 1.27743 
3202 1.27743 
3203 1.27743 
3204 1.27742 
3205 1.27742 
3206 1.27742 
3207 1.27742 
3208 1.27742 
3209 1.27742 
3210 1.27742 
3211 1.27741 
3212 1.27741 
3213 1.27741 
3214 1.27741 
3215 1.27741 
3216 1.27741 
3217 1.27741 
3218 1.2774 
3219 1.2774 
3220 1.2774 
3221 1.2774 
3222 1.2774 
3223 1.2774 
3224 1.2774 
3225 1.2774 
3226 1.27739 
3227 1.27739 
3228 1.27739 
3229 1.27739 
3230 1.27739 
3231 1.27739 
3232 1.27739 
3233 1.27738 
3234 1.27738 
3235 1.27738 
3236 1.27738 
3237 1.27738 
3238 1.27737 
3239 1.27737 
3240 1.27737 
3241 1.27737 
3242 1.27737 
3243 1.27737 
3244 1.27736 
3245 1.27736 
3246 1.27736 
3247 1.27736 
3248 1.27735 
3249 1.27735 
3250 1.27734 
3251 1.27734 
3252 1.27733 
3253 1.27733 
3254 1.27732 
3255 1.27732 
3256 1.27732 
3257 1.27731 
3258 1.27731 
3259 1.27731 
3260 1.2773 
3261 1.2773 
3262 1.2773 
3263 1.27729 
3264 1.27729 
3265 1.27728 
3266 1.27727 
3267 1.27727 
3268 1.27726 
3269 1.27725 
3270 1.27721 
3271 1.27721 
3272 1.27719 
3273 1.27718 
3274 1.27717 
3275 1.27715 
3276 1.27715 
3277 1.27714 
3278 1.27712 
3279 1.27711 
3280 1.27711 
3281 1.2771 
3282 1.2771 
3283 1.27706 
3284 1.27705 
3285 1.27702 
3286 1.27701 
3287 1.277 
3288 1.27699 
3289 1.27697 
3290 1.27696 
3291 1.27696 
3292 1.27694 
3293 1.27694 
3294 1.27692 
3295 1.2769 
3296 1.27688 
3297 1.27685 
3298 1.27674 
3299 1.27673 
3300 1.27671 
3301 1.27664 
3302 1.27662 
3303 1.27657 
3304 1.27644 
3305 1.27644 
3306 1.27641 
3307 1.27639 
3308 1.27636 
3309 1.27633 
3310 1.2763 
3311 1.27626 
3312 1.27622 
3313 1.27618 
3314 1.27613 
3315 1.2761 
3316 1.27608 
3317 1.27605 
3318 1.27602 
3319 1.27599 
3320 1.27595 
3321 1.27592 
3322 1.27588 
3323 1.27584 
3324 1.2758 
3325 1.27575 
3326 1.2757 
3327 1.27564 
3328 1.27558 
3329 1.27551 
3330 1.27542 
3331 1.27532 
3332 1.27521 
3333 1.27506 
3334 1.27487 
3335 1.27456 
3336 1.27435 
3337 1.27393 
3338 1.27371 
3339 1.27266 
3340 1.27248 
3341 1.27213 
3342 1.27192 
3343 1.27061 
3344 1.27048 
3345 1.27048 
3346 1.27048 
3347 1.27048 
3348 1.27047 
3349 1.27047 
3350 1.27047 
3351 1.27047 
3352 1.27046 
3353 1.27046 
3354 1.27046 
3355 1.27046 
3356 1.27045 
3357 1.27045 
3358 1.27045 
3359 1.27044 
3360 1.27043 
3361 1.27043 
3362 1.27042 
3363 1.27041 
3364 1.2704 
3365 1.2704 
3366 1.2704 
3367 1.2704 
3368 1.27039 
3369 1.27039 
3370 1.27039 
3371 1.27039 
3372 1.27038 
3373 1.27038 
3374 1.27037 
3375 1.27037 
3376 1.27036 
3377 1.27036 
3378 1.27036 
3379 1.27035 
3380 1.27035 
3381 1.27034 
3382 1.27034 
3383 1.27034 
3384 1.27033 
3385 1.27033 
3386 1.27033 
3387 1.27033 
3388 1.27033 
3389 1.27032 
3390 1.27032 
3391 1.27032 
3392 1.27031 
3393 1.27031 
3394 1.27031 
3395 1.27031 
3396 1.2703 
3397 1.2703 
3398 1.2703 
3399 1.2703 
3400 1.2703 
3401 1.2703 
3402 1.27029 
3403 1.27029 
3404 1.27029 
3405 1.27028 
3406 1.27028 
3407 1.27028 
3408 1.27028 
3409 1.27027 
3410 1.27027 
3411 1.27027 
3412 1.27026 
3413 1.27026 
3414 1.27025 
3415 1.27025 
3416 1.27024 
3417 1.27024 
3418 1.27023 
3419 1.27023 
3420 1.27021 
3421 1.27019 
3422 1.27017 
3423 1.27015 
3424 1.27014 
3425 1.27014 
3426 1.27012 
3427 1.27011 
3428 1.2701 
3429 1.27009 
3430 1.27008 
3431 1.27007 
3432 1.27007 
3433 1.27006 
3434 1.27005 
3435 1.27004 
3436 1.27003 
3437 1.27003 
3438 1.27003 
3439 1.27002 
3440 1.27001 
3441 1.26999 
3442 1.26998 
3443 1.26995 
3444 1.26993 
3445 1.2699 
3446 1.26986 
3447 1.2697 
3448 1.26963 
3449 1.2695 
3450 1.26949 
3451 1.26949 
3452 1.26936 
3453 1.26933 
3454 1.2693 
3455 1.26927 
3456 1.26923 
3457 1.2692 
3458 1.26916 
3459 1.26911 
3460 1.26907 
3461 1.26901 
3462 1.26895 
3463 1.26887 
3464 1.26878 
3465 1.26867 
3466 1.26854 
3467 1.26834 
3468 1.26806 
3469 1.26761 
3470 1.26734 
3471 1.26629 
3472 1.26621 
3473 1.26621 
3474 1.26621 
3475 1.26619 
3476 1.26616 
3477 1.26614 
3478 1.26613 
3479 1.26612 
3480 1.26609 
3481 1.26608 
3482 1.26605 
3483 1.26604 
3484 1.26603 
3485 1.26603 
3486 1.26602 
3487 1.26601 
3488 1.266 
3489 1.266 
3490 1.26599 
3491 1.26598 
3492 1.26597 
3493 1.26596 
3494 1.26595 
3495 1.26594 
3496 1.26592 
3497 1.26591 
3498 1.2659 
3499 1.26588 
3500 1.26587 
3501 1.26585 
3502 1.26583 
3503 1.2658 
3504 1.2658 
3505 1.26578 
3506 1.26576 
3507 1.26574 
3508 1.26572 
3509 1.26571 
3510 1.26568 
3511 1.26567 
3512 1.26565 
3513 1.26564 
3514 1.26562 
3515 1.26561 
3516 1.26558 
3517 1.26552 
3518 1.26543 
3519 1.26534 
3520 1.26519 
3521 1.26519 
3522 1.26497 
3523 1.26495 
3524 1.26493 
3525 1.26491 
3526 1.26488 
3527 1.26486 
3528 1.26483 
3529 1.2648 
3530 1.26477 
3531 1.26474 
3532 1.2647 
3533 1.26467 
3534 1.26463 
3535 1.26458 
3536 1.26453 
3537 1.26448 
3538 1.26442 
3539 1.26435 
3540 1.26426 
3541 1.26416 
3542 1.26403 
3543 1.26388 
3544 1.26364 
3545 1.26323 
3546 1.26248 
3547 1.26226 
3548 1.26143 
3549 1.26106 
3550 1.25949 
3551 1.25936 
3552 1.25931 
3553 1.2593 
3554 1.25929 
3555 1.25929 
3556 1.25927 
3557 1.25926 
3558 1.25926 
3559 1.25926 
3560 1.25925 
3561 1.25923 
3562 1.25922 
3563 1.25921 
3564 1.2592 
3565 1.25919 
3566 1.25919 
3567 1.25918 
3568 1.25917 
3569 1.25917 
3570 1.25916 
3571 1.25916 
3572 1.25915 
3573 1.25915 
3574 1.25914 
3575 1.25914 
3576 1.25913 
3577 1.25913 
3578 1.25912 
3579 1.25911 
3580 1.2591 
3581 1.2591 
3582 1.25909 
3583 1.25908 
3584 1.25907 
3585 1.25905 
3586 1.25904 
3587 1.25901 
3588 1.25899 
3589 1.25897 
3590 1.25896 
3591 1.25894 
3592 1.25893 
3593 1.25891 
3594 1.2589 
3595 1.25889 
3596 1.25888 
3597 1.25887 
3598 1.25886 
3599 1.25885 
3600 1.25884 
3601 1.25882 
3602 1.2588 
3603 1.25878 
3604 1.25876 
3605 1.25875 
3606 1.25874 
3607 1.25872 
3608 1.25872 
3609 1.25869 
3610 1.25858 
3611 1.25855 
3612 1.25851 
3613 1.25844 
3614 1.25838 
3615 1.25814 
3616 1.25814 
3617 1.25802 
3618 1.25795 
3619 1.25791 
3620 1.25787 
3621 1.25784 
3622 1.25781 
3623 1.25778 
3624 1.25775 
3625 1.25772 
3626 1.25768 
3627 1.25763 
3628 1.25758 
3629 1.25752 
3630 1.25745 
3631 1.25738 
3632 1.25728 
3633 1.25716 
3634 1.25701 
3635 1.25681 
3636 1.25652 
3637 1.25621 
3638 1.25556 
3639 1.25535 
3640 1.24818 
3641 1.24817 
3642 1.24817 
3643 1.24777 
3644 1.24775 
3645 1.2477 
3646 1.24768 
3647 1.24766 
3648 1.24766 
3649 1.24765 
3650 1.24765 
3651 1.24764 
3652 1.24764 
3653 1.24764 
3654 1.24763 
3655 1.24763 
3656 1.24763 
3657 1.24763 
3658 1.24763 
3659 1.24762 
3660 1.24762 
3661 1.24761 
3662 1.24761 
3663 1.24761 
3664 1.2476 
3665 1.2476 
3666 1.24759 
3667 1.24759 
3668 1.24759 
3669 1.24759 
3670 1.24758 
3671 1.24758 
3672 1.24758 
3673 1.24757 
3674 1.24757 
3675 1.24757 
3676 1.24756 
3677 1.24756 
3678 1.24756 
3679 1.24755 
3680 1.24755 
3681 1.24755 
3682 1.24754 
3683 1.24753 
3684 1.24753 
3685 1.24753 
3686 1.24752 
3687 1.24752 
3688 1.24752 
3689 1.24751 
3690 1.24751 
3691 1.2475 
3692 1.2475 
3693 1.24749 
3694 1.24748 
3695 1.24748 
3696 1.24747 
3697 1.24747 
3698 1.24746 
3699 1.24746 
3700 1.24746 
3701 1.24745 
3702 1.24745 
3703 1.24744 
3704 1.24744 
3705 1.24743 
3706 1.24743 
3707 1.24742 
3708 1.24741 
3709 1.2474 
3710 1.24739 
3711 1.24738 
3712 1.24737 
3713 1.24737 
3714 1.24733 
3715 1.24732 
3716 1.24731 
3717 1.24728 
3718 1.24725 
3719 1.2472 
3720 1.24717 
3721 1.24716 
3722 1.24715 
3723 1.24711 
3724 1.24708 
3725 1.24708 
3726 1.24706 
3727 1.24704 
3728 1.24702 
3729 1.24701 
3730 1.24699 
3731 1.24697 
3732 1.24695 
3733 1.24693 
3734 1.2469 
3735 1.24688 
3736 1.24683 
3737 1.24679 
3738 1.24672 
3739 1.24664 
3740 1.24658 
3741 1.24654 
3742 1.24648 
3743 1.24644 
3744 1.24626 
3745 1.24586 
3746 1.2458 
3747 1.24576 
3748 1.24576 
3749 1.24569 
3750 1.24559 
3751 1.24556 
3752 1.24553 
3753 1.2455 
3754 1.24546 
3755 1.24542 
3756 1.24538 
3757 1.24532 
3758 1.24527 
3759 1.24523 
3760 1.2452 
3761 1.24516 
3762 1.24504 
3763 1.24486 
3764 1.24453 
3765 1.24437 
3766 1.24293 
3767 1.24278 
3768 1.24083 
3769 1.24075 
3770 1.24073 
3771 1.2407 
3772 1.24068 
3773 1.24066 
3774 1.24063 
3775 1.2406 
3776 1.24058 
3777 1.24057 
3778 1.24055 
3779 1.24052 
3780 1.24049 
3781 1.24046 
3782 1.24044 
3783 1.24041 
3784 1.24038 
3785 1.24036 
3786 1.24033 
3787 1.2403 
3788 1.24018 
3789 1.23986 
3790 1.2397 
3791 1.23968 
3792 1.23968 
3793 1.23959 
3794 1.23948 
3795 1.23931 
3796 1.23901 
3797 1.23841 
3798 1.23763 
3799 1.23733 
3800 1.23606 
3801 1.23579 
3802 1.23294 
3803 1.23282 
3804 1.23282 
3805 1.23268 
3806 1.23268 
3807 1.23266 
3808 1.23265 
3809 1.23265 
3810 1.23265 
3811 1.23264 
3812 1.23264 
3813 1.23264 
3814 1.23263 
3815 1.23263 
3816 1.23262 
3817 1.23261 
3818 1.23261 
3819 1.2326 
3820 1.2326 
3821 1.2326 
3822 1.23259 
3823 1.23259 
3824 1.23259 
3825 1.23259 
3826 1.23259 
3827 1.23258 
3828 1.23258 
3829 1.23258 
3830 1.23258 
3831 1.23258 
3832 1.23258 
3833 1.23257 
3834 1.23257 
3835 1.23257 
3836 1.23257 
3837 1.23257 
3838 1.23257 
3839 1.23257 
3840 1.23257 
3841 1.23256 
3842 1.23256 
3843 1.23256 
3844 1.23256 
3845 1.23256 
3846 1.23256 
3847 1.23255 
3848 1.23255 
3849 1.23255 
3850 1.23255 
3851 1.23255 
3852 1.23255 
3853 1.23255 
3854 1.23254 
3855 1.23254 
3856 1.23254 
3857 1.23254 
3858 1.23254 
3859 1.23254 
3860 1.23254 
3861 1.23253 
3862 1.23253 
3863 1.23253 
3864 1.23253 
3865 1.23253 
3866 1.23252 
3867 1.23252 
3868 1.23252 
3869 1.23252 
3870 1.23251 
3871 1.23251 
3872 1.2325 
3873 1.2325 
3874 1.2325 
3875 1.23249 
3876 1.23249 
3877 1.23248 
3878 1.23248 
3879 1.23248 
3880 1.23247 
3881 1.23246 
3882 1.23246 
3883 1.23246 
3884 1.23245 
3885 1.23244 
3886 1.23243 
3887 1.23243 
3888 1.23243 
3889 1.23242 
3890 1.23242 
3891 1.23241 
3892 1.23241 
3893 1.23241 
3894 1.2324 
3895 1.23239 
3896 1.23238 
3897 1.23238 
3898 1.23237 
3899 1.23235 
3900 1.23234 
3901 1.23232 
3902 1.23231 
3903 1.2323 
3904 1.23229 
3905 1.23227 
3906 1.23227 
3907 1.23226 
3908 1.23225 
3909 1.23225 
3910 1.23221 
3911 1.23219 
3912 1.23219 
3913 1.23218 
3914 1.23217 
3915 1.23215 
3916 1.23214 
3917 1.23211 
3918 1.23208 
3919 1.23206 
3920 1.23201 
3921 1.23182 
3922 1.23177 
3923 1.23124 
3924 1.23121 
3925 1.23121 
3926 1.23114 
3927 1.23106 
3928 1.23097 
3929 1.2309 
3930 1.23081 
3931 1.23068 
3932 1.23051 
3933 1.23037 
3934 1.23018 
3935 1.22991 
3936 1.22974 
3937 1.2296 
3938 1.22705 
3939 1.22692 
3940 1.22688 
3941 1.22686 
3942 1.22686 
3943 1.22685 
3944 1.22685 
3945 1.22679 
3946 1.22679 
3947 1.22678 
3948 1.22678 
3949 1.22677 
3950 1.22677 
3951 1.22676 
3952 1.22676 
3953 1.22676 
3954 1.22676 
3955 1.22676 
3956 1.22676 
3957 1.22676 
3958 1.22676 
3959 1.22676 
3960 1.22676 
3961 1.22675 
3962 1.22675 
3963 1.22675 
3964 1.22675 
3965 1.22675 
3966 1.22675 
3967 1.22675 
3968 1.22675 
3969 1.22675 
3970 1.22675 
3971 1.22674 
3972 1.22674 
3973 1.22674 
3974 1.22674 
3975 1.22674 
3976 1.22674 
3977 1.22674 
3978 1.22674 
3979 1.22674 
3980 1.22674 
3981 1.22674 
3982 1.22674 
3983 1.22674 
3984 1.22673 
3985 1.22673 
3986 1.22673 
3987 1.22673 
3988 1.22673 
3989 1.22673 
3990 1.22673 
3991 1.22673 
3992 1.22673 
3993 1.22673 
3994 1.22673 
3995 1.22673 
3996 1.22673 
3997 1.22673 
3998 1.22673 
3999 1.22672 
4000 1.22672 
4001 1.22672 
4002 1.22672 
4003 1.22672 
4004 1.22672 
4005 1.22672 
4006 1.22672 
4007 1.22672 
4008 1.22671 
4009 1.22671 
4010 1.22671 
4011 1.22671 
4012 1.22671 
4013 1.22671 
4014 1.22671 
4015 1.22671 
4016 1.22671 
4017 1.2267 
4018 1.2267 
4019 1.2267 
4020 1.2267 
4021 1.2267 
4022 1.2267 
4023 1.2267 
4024 1.22669 
4025 1.22669 
4026 1.22669 
4027 1.22668 
4028 1.22668 
4029 1.22668 
4030 1.22667 
4031 1.22667 
4032 1.22667 
4033 1.22667 
4034 1.22666 
4035 1.22666 
4036 1.22665 
4037 1.22665 
4038 1.22664 
4039 1.22664 
4040 1.22663 
4041 1.22662 
4042 1.22662 
4043 1.22661 
4044 1.22659 
4045 1.22658 
4046 1.22657 
4047 1.22657 
4048 1.22656 
4049 1.22655 
4050 1.22655 
4051 1.22654 
4052 1.22653 
4053 1.22653 
4054 1.22652 
4055 1.22652 
4056 1.22651 
4057 1.2265 
4058 1.2265 
4059 1.2265 
4060 1.22649 
4061 1.22649 
4062 1.22648 
4063 1.22647 
4064 1.22647 
4065 1.22646 
4066 1.22646 
4067 1.22646 
4068 1.22645 
4069 1.22644 
4070 1.22643 
4071 1.22642 
4072 1.22642 
4073 1.22641 
4074 1.2264 
4075 1.22638 
4076 1.22636 
4077 1.22635 
4078 1.22627 
4079 1.22624 
4080 1.22606 
4081 1.22602 
4082 1.22592 
4083 1.22585 
4084 1.22567 
4085 1.22567 
4086 1.22543 
4087 1.22537 
4088 1.22506 
4089 1.22497 
4090 1.2246 
4091 1.22451 
4092 1.2217 
4093 1.22167 
4094 1.22167 
4095 1.22153 
4096 1.22151 
4097 1.22151 
4098 1.22149 
4099 1.22149 
4100 1.22149 
4101 1.22149 
4102 1.22149 
4103 1.22149 
4104 1.22148 
4105 1.22148 
4106 1.22148 
4107 1.22148 
4108 1.22148 
4109 1.22147 
4110 1.22147 
4111 1.22147 
4112 1.22147 
4113 1.22146 
4114 1.22146 
4115 1.22146 
4116 1.22146 
4117 1.22146 
4118 1.22146 
4119 1.22146 
4120 1.22146 
4121 1.22146 
4122 1.22146 
4123 1.22146 
4124 1.22146 
4125 1.22146 
4126 1.22146 
4127 1.22146 
4128 1.22145 
4129 1.22145 
4130 1.22145 
4131 1.22145 
4132 1.22145 
4133 1.22145 
4134 1.22145 
4135 1.22145 
4136 1.22145 
4137 1.22145 
4138 1.22145 
4139 1.22144 
4140 1.22144 
4141 1.22144 
4142 1.22144 
4143 1.22144 
4144 1.22144 
4145 1.22144 
4146 1.22144 
4147 1.22144 
4148 1.22144 
4149 1.22144 
4150 1.22144 
4151 1.22144 
4152 1.22143 
4153 1.22143 
4154 1.22143 
4155 1.22143 
4156 1.22143 
4157 1.22143 
4158 1.22143 
4159 1.22143 
4160 1.22143 
4161 1.22142 
4162 1.22142 
4163 1.22142 
4164 1.22142 
4165 1.22142 
4166 1.22142 
4167 1.22142 
4168 1.22142 
4169 1.22142 
4170 1.22142 
4171 1.22142 
4172 1.22141 
4173 1.22141 
4174 1.22141 
4175 1.22141 
4176 1.22141 
4177 1.22141 
4178 1.22141 
4179 1.22141 
4180 1.2214 
4181 1.2214 
4182 1.2214 
4183 1.2214 
4184 1.2214 
4185 1.2214 
4186 1.2214 
4187 1.2214 
4188 1.22139 
4189 1.22139 
4190 1.22139 
4191 1.22139 
4192 1.22139 
4193 1.22139 
4194 1.22138 
4195 1.22138 
4196 1.22138 
4197 1.22138 
4198 1.22138 
4199 1.22138 
4200 1.22138 
4201 1.22137 
4202 1.22137 
4203 1.22137 
4204 1.22136 
4205 1.22136 
4206 1.22135 
4207 1.22135 
4208 1.22134 
4209 1.22134 
4210 1.22133 
4211 1.22133 
4212 1.22132 
4213 1.22131 
4214 1.22131 
4215 1.2213 
4216 1.22129 
4217 1.22129 
4218 1.22129 
4219 1.22129 
4220 1.22128 
4221 1.22127 
4222 1.22127 
4223 1.22127 
4224 1.22126 
4225 1.22126 
4226 1.22125 
4227 1.22125 
4228 1.22124 
4229 1.22124 
4230 1.22123 
4231 1.22123 
4232 1.22122 
4233 1.22122 
4234 1.22121 
4235 1.2212 
4236 1.2212 
4237 1.22119 
4238 1.22119 
4239 1.22119 
4240 1.22118 
4241 1.22118 
4242 1.22117 
4243 1.22117 
4244 1.22115 
4245 1.22114 
4246 1.22113 
4247 1.22105 
4248 1.22102 
4249 1.221 
4250 1.22096 
4251 1.22073 
4252 1.22071 
4253 1.22051 
4254 1.22051 
4255 1.22036 
4256 1.22028 
4257 1.22006 
4258 1.21993 
4259 1.21986 
4260 1.21966 
4261 1.21959 
4262 1.21931 
4263 1.21919 
4264 1.21906 
4265 1.2188 
4266 1.21873 
4267 1.20859 
4268 1.20859 
4269 1.20755 
4270 1.20752 
4271 1.20748 
4272 1.20746 
4273 1.20745 
4274 1.20743 
4275 1.20742 
4276 1.20741 
4277 1.2074 
4278 1.20739 
4279 1.20738 
4280 1.20736 
4281 1.20736 
4282 1.20735 
4283 1.20733 
4284 1.20731 
4285 1.2073 
4286 1.20729 
4287 1.20728 
4288 1.20727 
4289 1.20725 
4290 1.20724 
4291 1.20723 
4292 1.20722 
4293 1.20721 
4294 1.2072 
4295 1.20719 
4296 1.20717 
4297 1.20714 
4298 1.20713 
4299 1.20711 
4300 1.20708 
4301 1.20706 
4302 1.20705 
4303 1.20703 
4304 1.20698 
4305 1.20691 
4306 1.20689 
4307 1.20685 
4308 1.20681 
4309 1.2068 
4310 1.20677 
4311 1.20674 
4312 1.2067 
4313 1.20668 
4314 1.20662 
4315 1.2066 
4316 1.20658 
4317 1.20656 
4318 1.20655 
4319 1.20653 
4320 1.20651 
4321 1.20647 
4322 1.20644 
4323 1.20643 
4324 1.20639 
4325 1.20636 
4326 1.20628 
4327 1.20624 
4328 1.20621 
4329 1.20619 
4330 1.20616 
4331 1.20615 
4332 1.20609 
4333 1.20608 
4334 1.20599 
4335 1.20595 
4336 1.20591 
4337 1.20584 
4338 1.20578 
4339 1.2057 
4340 1.20536 
4341 1.20526 
4342 1.20501 
4343 1.20485 
4344 1.20399 
4345 1.20395 
4346 1.20173 
4347 1.20157 
4348 1.20088 
4349 1.20088 
4350 1.19984 
4351 1.19978 
4352 1.19978 
4353 1.19976 
4354 1.19975 
4355 1.19975 
4356 1.19975 
4357 1.19975 
4358 1.19974 
4359 1.19974 
4360 1.19974 
4361 1.19973 
4362 1.19972 
4363 1.19972 
4364 1.19972 
4365 1.19971 
4366 1.19971 
4367 1.19971 
4368 1.19971 
4369 1.1997 
4370 1.19969 
4371 1.19968 
4372 1.19968 
4373 1.19967 
4374 1.19967 
4375 1.19967 
4376 1.19966 
4377 1.19966 
4378 1.19965 
4379 1.19965 
4380 1.19965 
4381 1.19964 
4382 1.19964 
4383 1.19964 
4384 1.19963 
4385 1.19962 
4386 1.19962 
4387 1.19961 
4388 1.19961 
4389 1.1996 
4390 1.1996 
4391 1.1996 
4392 1.1996 
4393 1.19959 
4394 1.19959 
4395 1.19959 
4396 1.19959 
4397 1.19958 
4398 1.19958 
4399 1.19958 
4400 1.19957 
4401 1.19957 
4402 1.19957 
4403 1.19957 
4404 1.19956 
4405 1.19956 
4406 1.19956 
4407 1.19955 
4408 1.19955 
4409 1.19955 
4410 1.19954 
4411 1.19953 
4412 1.19953 
4413 1.19953 
4414 1.19953 
4415 1.19952 
4416 1.19952 
4417 1.19951 
4418 1.19951 
4419 1.1995 
4420 1.1995 
4421 1.1995 
4422 1.19949 
4423 1.19948 
4424 1.19948 
4425 1.19947 
4426 1.19946 
4427 1.19946 
4428 1.19945 
4429 1.19945 
4430 1.19944 
4431 1.19943 
4432 1.19943 
4433 1.19942 
4434 1.19942 
4435 1.19941 
4436 1.19941 
4437 1.19941 
4438 1.1994 
4439 1.19939 
4440 1.19939 
4441 1.19939 
4442 1.19938 
4443 1.19937 
4444 1.19936 
4445 1.19935 
4446 1.19935 
4447 1.19934 
4448 1.19933 
4449 1.19932 
4450 1.19931 
4451 1.19931 
4452 1.19931 
4453 1.19928 
4454 1.19926 
4455 1.19924 
4456 1.19912 
4457 1.19905 
4458 1.19896 
4459 1.19759 
4460 1.19751 
4461 1.19669 
4462 1.19668 
4463 1.19657 
4464 1.19641 
4465 1.19615 
4466 1.19547 
4467 1.19538 
4468 1.19538 
4469 1.19538 
4470 1.19537 
4471 1.19537 
4472 1.19536 
4473 1.19536 
4474 1.19536 
4475 1.19536 
4476 1.19535 
4477 1.19535 
4478 1.19535 
4479 1.19535 
4480 1.19535 
4481 1.19534 
4482 1.19534 
4483 1.19534 
4484 1.19534 
4485 1.19534 
4486 1.19534 
4487 1.19533 
4488 1.19532 
4489 1.19532 
4490 1.19532 
4491 1.19532 
4492 1.19531 
4493 1.19531 
4494 1.19531 
4495 1.1953 
4496 1.1953 
4497 1.1953 
4498 1.1953 
4499 1.19529 
4500 1.19529 
4501 1.19529 
4502 1.19528 
4503 1.19528 
4504 1.19528 
4505 1.19527 
4506 1.19527 
4507 1.19527 
4508 1.19527 
4509 1.19527 
4510 1.19526 
4511 1.19526 
4512 1.19526 
4513 1.19526 
4514 1.19526 
4515 1.19526 
4516 1.19525 
4517 1.19525 
4518 1.19525 
4519 1.19525 
4520 1.19525 
4521 1.19525 
4522 1.19524 
4523 1.19524 
4524 1.19524 
4525 1.19524 
4526 1.19524 
4527 1.19523 
4528 1.19523 
4529 1.19523 
4530 1.19522 
4531 1.19522 
4532 1.19521 
4533 1.19521 
4534 1.19521 
4535 1.1952 
4536 1.1952 
4537 1.19519 
4538 1.19519 
4539 1.19518 
4540 1.19518 
4541 1.19518 
4542 1.19518 
4543 1.19517 
4544 1.19517 
4545 1.19516 
4546 1.19516 
4547 1.19515 
4548 1.19515 
4549 1.19514 
4550 1.19514 
4551 1.19514 
4552 1.19514 
4553 1.19513 
4554 1.19513 
4555 1.19512 
4556 1.19512 
4557 1.19512 
4558 1.19512 
4559 1.19511 
4560 1.19511 
4561 1.1951 
4562 1.19509 
4563 1.19509 
4564 1.19508 
4565 1.19508 
4566 1.19507 
4567 1.19506 
4568 1.19505 
4569 1.19504 
4570 1.19504 
4571 1.19502 
4572 1.19501 
4573 1.195 
4574 1.19499 
4575 1.19498 
4576 1.19496 
4577 1.19495 
4578 1.19491 
4579 1.19464 
4580 1.1946 
4581 1.19343 
4582 1.19335 
4583 1.19333 
4584 1.19324 
4585 1.19311 
4586 1.19291 
4587 1.19247 
4588 1.1923 
4589 1.18642 
4590 1.18598 
4591 1.18598 
4592 1.18598 
4593 1.18597 
4594 1.18596 
4595 1.18595 
4596 1.18594 
4597 1.18593 
4598 1.18593 
4599 1.18593 
4600 1.18593 
4601 1.18593 
4602 1.18592 
4603 1.18592 
4604 1.18592 
4605 1.18591 
4606 1.18591 
4607 1.18591 
4608 1.18591 
4609 1.18591 
4610 1.18591 
4611 1.18591 
4612 1.1859 
4613 1.1859 
4614 1.1859 
4615 1.1859 
4616 1.1859 
4617 1.1859 
4618 1.1859 
4619 1.1859 
4620 1.1859 
4621 1.1859 
4622 1.18589 
4623 1.18589 
4624 1.18589 
4625 1.18589 
4626 1.18589 
4627 1.18589 
4628 1.18589 
4629 1.18589 
4630 1.18589 
4631 1.18588 
4632 1.18588 
4633 1.18588 
4634 1.18588 
4635 1.18588 
4636 1.18588 
4637 1.18588 
4638 1.18588 
4639 1.18588 
4640 1.18587 
4641 1.18587 
4642 1.18587 
4643 1.18587 
4644 1.18587 
4645 1.18587 
4646 1.18587 
4647 1.18587 
4648 1.18587 
4649 1.18587 
4650 1.18587 
4651 1.18586 
4652 1.18586 
4653 1.18586 
4654 1.18586 
4655 1.18586 
4656 1.18586 
4657 1.18586 
4658 1.18586 
4659 1.18586 
4660 1.18586 
4661 1.18585 
4662 1.18585 
4663 1.18585 
4664 1.18585 
4665 1.18585 
4666 1.18585 
4667 1.18585 
4668 1.18585 
4669 1.18585 
4670 1.18584 
4671 1.18584 
4672 1.18584 
4673 1.18584 
4674 1.18584 
4675 1.18584 
4676 1.18583 
4677 1.18583 
4678 1.18583 
4679 1.18583 
4680 1.18583 
4681 1.18582 
4682 1.18582 
4683 1.18582 
4684 1.18582 
4685 1.18582 
4686 1.18581 
4687 1.1858 
4688 1.1858 
4689 1.1858 
4690 1.1858 
4691 1.18579 
4692 1.18579 
4693 1.18579 
4694 1.18579 
4695 1.18578 
4696 1.18578 
4697 1.18578 
4698 1.18578 
4699 1.18577 
4700 1.18577 
4701 1.18577 
4702 1.18576 
4703 1.18576 
4704 1.18576 
4705 1.18575 
4706 1.18575 
4707 1.18575 
4708 1.18573 
4709 1.18573 
4710 1.18572 
4711 1.1857 
4712 1.18569 
4713 1.18567 
4714 1.18566 
4715 1.18566 
4716 1.18556 
4717 1.18554 
4718 1.18552 
4719 1.18548 
4720 1.18546 
4721 1.18544 
4722 1.18543 
4723 1.1854 
4724 1.18539 
4725 1.18535 
4726 1.18529 
4727 1.18527 
4728 1.18521 
4729 1.18513 
4730 1.18507 
4731 1.18494 
4732 1.18481 
4733 1.18477 
4734 1.18419 
4735 1.18416 
4736 1.17882 
4737 1.17857 
4738 1.17852 
4739 1.17847 
4740 1.17847 
4741 1.17844 
4742 1.17841 
4743 1.1784 
4744 1.17839 
4745 1.17838 
4746 1.17838 
4747 1.17837 
4748 1.17834 
4749 1.17833 
4750 1.17833 
4751 1.17832 
4752 1.17832 
4753 1.17831 
4754 1.17831 
4755 1.1783 
4756 1.17829 
4757 1.17829 
4758 1.17828 
4759 1.17828 
4760 1.17827 
4761 1.17827 
4762 1.17826 
4763 1.17825 
4764 1.17824 
4765 1.17823 
4766 1.17822 
4767 1.17821 
4768 1.1782 
4769 1.1782 
4770 1.17819 
4771 1.17817 
4772 1.17816 
4773 1.17815 
4774 1.17812 
4775 1.17811 
4776 1.17809 
4777 1.17808 
4778 1.17806 
4779 1.17805 
4780 1.17803 
4781 1.17801 
4782 1.178 
4783 1.17799 
4784 1.17797 
4785 1.17796 
4786 1.17795 
4787 1.17794 
4788 1.17793 
4789 1.1779 
4790 1.17788 
4791 1.17787 
4792 1.17786 
4793 1.17784 
4794 1.17783 
4795 1.17783 
4796 1.17781 
4797 1.17779 
4798 1.17776 
4799 1.17774 
4800 1.17769 
4801 1.17765 
4802 1.17759 
4803 1.17734 
4804 1.17718 
4805 1.17712 
4806 1.17333 
4807 1.17318 
4808 1.17307 
4809 1.17307 
4810 1.17302 
4811 1.17299 
4812 1.17299 
4813 1.17299 
4814 1.17298 
4815 1.17298 
4816 1.17297 
4817 1.17297 
4818 1.17297 
4819 1.17297 
4820 1.17297 
4821 1.17296 
4822 1.17296 
4823 1.17296 
4824 1.17296 
4825 1.17296 
4826 1.17296 
4827 1.17296 
4828 1.17296 
4829 1.17296 
4830 1.17296 
4831 1.17296 
4832 1.17296 
4833 1.17295 
4834 1.17295 
4835 1.17295 
4836 1.17295 
4837 1.17295 
4838 1.17295 
4839 1.17295 
4840 1.17295 
4841 1.17295 
4842 1.17294 
4843 1.17294 
4844 1.17294 
4845 1.17294 
4846 1.17294 
4847 1.17294 
4848 1.17294 
4849 1.17294 
4850 1.17294 
4851 1.17293 
4852 1.17293 
4853 1.17293 
4854 1.17293 
4855 1.17293 
4856 1.17293 
4857 1.17293 
4858 1.17293 
4859 1.17293 
4860 1.17293 
4861 1.17292 
4862 1.17292 
4863 1.17292 
4864 1.17292 
4865 1.17292 
4866 1.17292 
4867 1.17292 
4868 1.17292 
4869 1.17291 
4870 1.17291 
4871 1.17291 
4872 1.17291 
4873 1.17291 
4874 1.17291 
4875 1.17291 
4876 1.1729 
4877 1.1729 
4878 1.1729 
4879 1.1729 
4880 1.1729 
4881 1.1729 
4882 1.17289 
4883 1.17289 
4884 1.17289 
4885 1.17289 
4886 1.17288 
4887 1.17288 
4888 1.17288 
4889 1.17288 
4890 1.17287 
4891 1.17287 
4892 1.17287 
4893 1.17287 
4894 1.17287 
4895 1.17287 
4896 1.17286 
4897 1.17286 
4898 1.17286 
4899 1.17283 
4900 1.17281 
4901 1.1728 
4902 1.17279 
4903 1.17278 
4904 1.17275 
4905 1.17273 
4906 1.17271 
4907 1.1727 
4908 1.17268 
4909 1.17267 
4910 1.17266 
4911 1.17264 
4912 1.17264 
4913 1.17262 
4914 1.17261 
4915 1.17259 
4916 1.17258 
4917 1.17257 
4918 1.17251 
4919 1.17246 
4920 1.17237 
4921 1.17236 
4922 1.17198 
4923 1.17192 
4924 1.16926 
4925 1.16911 
4926 1.1676 
4927 1.16729 
4928 1.16327 
4929 1.16299 
4930 1.16158 
4931 1.16149 
4932 1.16149 
4933 1.16142 
4934 1.16142 
4935 1.16142 
4936 1.16141 
4937 1.1614 
4938 1.16139 
4939 1.16139 
4940 1.16137 
4941 1.16136 
4942 1.16136 
4943 1.16135 
4944 1.16135 
4945 1.16135 
4946 1.16134 
4947 1.16134 
4948 1.16134 
4949 1.16134 
4950 1.16133 
4951 1.16133 
4952 1.16133 
4953 1.16133 
4954 1.16133 
4955 1.16132 
4956 1.16132 
4957 1.16132 
4958 1.16131 
4959 1.16131 
4960 1.16131 
4961 1.16131 
4962 1.1613 
4963 1.1613 
4964 1.1613 
4965 1.16129 
4966 1.16129 
4967 1.16129 
4968 1.16129 
4969 1.16128 
4970 1.16128 
4971 1.16128 
4972 1.16128 
4973 1.16128 
4974 1.16127 
4975 1.16127 
4976 1.16127 
4977 1.16127 
4978 1.16127 
4979 1.16126 
4980 1.16126 
4981 1.16126 
4982 1.16125 
4983 1.16125 
4984 1.16125 
4985 1.16125 
4986 1.16125 
4987 1.16124 
4988 1.16124 
4989 1.16124 
4990 1.16124 
4991 1.16124 
4992 1.16123 
4993 1.16123 
4994 1.16123 
4995 1.16123 
4996 1.16123 
4997 1.16123 
4998 1.16122 
4999 1.16122 
5000 1.16122 
5001 1.16122 
5002 1.16122 
5003 1.16121 
5004 1.16121 
5005 1.16121 
5006 1.16121 
5007 1.16121 
5008 1.1612 
5009 1.1612 
5010 1.1612 
5011 1.16119 
5012 1.16119 
5013 1.16119 
5014 1.16118 
5015 1.16118 
5016 1.16117 
5017 1.16117 
5018 1.16116 
5019 1.16115 
5020 1.16115 
5021 1.16114 
5022 1.16114 
5023 1.16113 
5024 1.16113 
5025 1.16112 
5026 1.16112 
5027 1.1611 
5028 1.16109 
5029 1.16109 
5030 1.16107 
5031 1.16107 
5032 1.16106 
5033 1.16104 
5034 1.16103 
5035 1.16101 
5036 1.161 
5037 1.161 
5038 1.16099 
5039 1.16098 
5040 1.16097 
5041 1.16097 
5042 1.16096 
5043 1.16094 
5044 1.16093 
5045 1.16092 
5046 1.1609 
5047 1.16088 
5048 1.16087 
5049 1.16085 
5050 1.16066 
5051 1.16039 
5052 1.16035 
5053 1.15857 
5054 1.1585 
5055 1.15664 
5056 1.15659 
5057 1.1563 
5058 1.15582 
5059 1.15568 
5060 1.15447 
5061 1.15446 
5062 1.15446 
5063 1.15438 
5064 1.15437 
5065 1.15435 
5066 1.15434 
5067 1.15433 
5068 1.15432 
5069 1.15432 
5070 1.15432 
5071 1.15432 
5072 1.15431 
5073 1.15431 
5074 1.15431 
5075 1.15431 
5076 1.15431 
5077 1.1543 
5078 1.1543 
5079 1.1543 
5080 1.1543 
5081 1.1543 
5082 1.15429 
5083 1.15428 
5084 1.15428 
5085 1.15428 
5086 1.15427 
5087 1.15427 
5088 1.15427 
5089 1.15426 
5090 1.15426 
5091 1.15426 
5092 1.15426 
5093 1.15425 
5094 1.15425 
5095 1.15425 
5096 1.15425 
5097 1.15424 
5098 1.15424 
5099 1.15424 
5100 1.15423 
5101 1.15423 
5102 1.15423 
5103 1.15423 
5104 1.15423 
5105 1.15422 
5106 1.15422 
5107 1.15422 
5108 1.15422 
5109 1.15421 
5110 1.15421 
5111 1.15421 
5112 1.15421 
5113 1.15421 
5114 1.1542 
5115 1.1542 
5116 1.1542 
5117 1.1542 
5118 1.15419 
5119 1.15419 
5120 1.15419 
5121 1.15419 
5122 1.15418 
5123 1.15418 
5124 1.15417 
5125 1.15417 
5126 1.15416 
5127 1.15416 
5128 1.15415 
5129 1.15414 
5130 1.15414 
5131 1.15413 
5132 1.15412 
5133 1.15412 
5134 1.15411 
5135 1.1541 
5136 1.1541 
5137 1.15409 
5138 1.15409 
5139 1.15409 
5140 1.15409 
5141 1.15408 
5142 1.15408 
5143 1.15408 
5144 1.15408 
5145 1.15407 
5146 1.15407 
5147 1.15407 
5148 1.15407 
5149 1.15406 
5150 1.15406 
5151 1.15406 
5152 1.15405 
5153 1.15405 
5154 1.15405 
5155 1.15404 
5156 1.15403 
5157 1.15403 
5158 1.15401 
5159 1.15399 
5160 1.15295 
5161 1.15285 
5162 1.15282 
5163 1.15282 
5164 1.15282 
5165 1.15281 
5166 1.1528 
5167 1.15279 
5168 1.15279 
5169 1.15278 
5170 1.15277 
5171 1.15277 
5172 1.15276 
5173 1.15276 
5174 1.15275 
5175 1.15274 
5176 1.15273 
5177 1.15272 
5178 1.15272 
5179 1.15271 
5180 1.1527 
5181 1.1527 
5182 1.1527 
5183 1.15269 
5184 1.15268 
5185 1.15267 
5186 1.15266 
5187 1.15266 
5188 1.15265 
5189 1.15264 
5190 1.15263 
5191 1.15262 
5192 1.15262 
5193 1.15261 
5194 1.15261 
5195 1.15261 
5196 1.1526 
5197 1.15259 
5198 1.15259 
5199 1.15257 
5200 1.15257 
5201 1.15256 
5202 1.15255 
5203 1.15254 
5204 1.15254 
5205 1.15253 
5206 1.15252 
5207 1.15251 
5208 1.15251 
5209 1.15251 
5210 1.1525 
5211 1.1525 
5212 1.15249 
5213 1.15248 
5214 1.15247 
5215 1.15246 
5216 1.15245 
5217 1.15244 
5218 1.15243 
5219 1.15242 
5220 1.15241 
5221 1.1524 
5222 1.15239 
5223 1.15238 
5224 1.15236 
5225 1.15235 
5226 1.15234 
5227 1.15233 
5228 1.15232 
5229 1.15231 
5230 1.15231 
5231 1.1523 
5232 1.1523 
5233 1.15229 
5234 1.15229 
5235 1.15228 
5236 1.15227 
5237 1.15226 
5238 1.15225 
5239 1.15225 
5240 1.15223 
5241 1.15222 
5242 1.15222 
5243 1.15221 
5244 1.1522 
5245 1.15219 
5246 1.15218 
5247 1.15207 
5248 1.15159 
5249 1.15154 
5250 1.1502 
5251 1.15015 
5252 1.14997 
5253 1.14948 
5254 1.14925 
5255 1.14875 
5256 1.14863 
5257 1.14851 
5258 1.14354 
5259 1.14272 
5260 1.14272 
5261 1.14271 
5262 1.14269 
5263 1.14269 
5264 1.14268 
5265 1.14266 
5266 1.14266 
5267 1.14265 
5268 1.14265 
5269 1.14264 
5270 1.14263 
5271 1.14263 
5272 1.14262 
5273 1.14262 
5274 1.14262 
5275 1.14261 
5276 1.14261 
5277 1.14261 
5278 1.1426 
5279 1.14259 
5280 1.14259 
5281 1.14259 
5282 1.14258 
5283 1.14258 
5284 1.14257 
5285 1.14257 
5286 1.14256 
5287 1.14256 
5288 1.14256 
5289 1.14256 
5290 1.14255 
5291 1.14255 
5292 1.14254 
5293 1.14254 
5294 1.14254 
5295 1.14253 
5296 1.14252 
5297 1.14252 
5298 1.14251 
5299 1.14251 
5300 1.14251 
5301 1.1425 
5302 1.1425 
5303 1.1425 
5304 1.1425 
5305 1.14249 
5306 1.14249 
5307 1.14248 
5308 1.14248 
5309 1.14247 
5310 1.14247 
5311 1.14247 
5312 1.14246 
5313 1.14246 
5314 1.14245 
5315 1.14244 
5316 1.14244 
5317 1.14243 
5318 1.14243 
5319 1.14242 
5320 1.14242 
5321 1.14241 
5322 1.1424 
5323 1.14239 
5324 1.14239 
5325 1.14238 
5326 1.14238 
5327 1.14237 
5328 1.14237 
5329 1.14237 
5330 1.14236 
5331 1.14235 
5332 1.14234 
5333 1.14234 
5334 1.14232 
5335 1.14231 
5336 1.14229 
5337 1.14228 
5338 1.14228 
5339 1.14226 
5340 1.14225 
5341 1.14222 
5342 1.14221 
5343 1.1422 
5344 1.1421 
5345 1.14207 
5346 1.14201 
5347 1.14199 
5348 1.14196 
5349 1.14192 
5350 1.14189 
5351 1.14185 
5352 1.14181 
5353 1.14177 
5354 1.14174 
5355 1.14172 
5356 1.14169 
5357 1.14168 
5358 1.14166 
5359 1.14165 
5360 1.14162 
5361 1.14161 
5362 1.14159 
5363 1.14155 
5364 1.1415 
5365 1.14148 
5366 1.14144 
5367 1.14142 
5368 1.14142 
5369 1.14141 
5370 1.14141 
5371 1.1414 
5372 1.1414 
5373 1.1414 
5374 1.14139 
5375 1.14139 
5376 1.14139 
5377 1.14138 
5378 1.14138 
5379 1.14137 
5380 1.14137 
5381 1.14137 
5382 1.14136 
5383 1.14136 
5384 1.14135 
5385 1.14135 
5386 1.14134 
5387 1.14134 
5388 1.14133 
5389 1.14133 
5390 1.14132 
5391 1.14132 
5392 1.14131 
5393 1.1413 
5394 1.1413 
5395 1.14129 
5396 1.14128 
5397 1.14128 
5398 1.14127 
5399 1.14126 
5400 1.14125 
5401 1.14124 
5402 1.14123 
5403 1.14122 
5404 1.14122 
5405 1.14121 
5406 1.1412 
5407 1.14119 
5408 1.14118 
5409 1.14117 
5410 1.14116 
5411 1.14115 
5412 1.14113 
5413 1.14112 
5414 1.1411 
5415 1.14102 
5416 1.14096 
5417 1.14085 
5418 1.1408 
5419 1.14076 
5420 1.1407 
5421 1.14057 
5422 1.14043 
5423 1.14004 
5424 1.14003 
5425 1.13988 
5426 1.13967 
5427 1.13942 
5428 1.13932 
5429 1.13932 
5430 1.13931 
5431 1.13931 
5432 1.13928 
5433 1.13926 
5434 1.13922 
5435 1.13921 
5436 1.1392 
5437 1.13919 
5438 1.13918 
5439 1.13918 
5440 1.13917 
5441 1.13917 
5442 1.13916 
5443 1.13915 
5444 1.13915 
5445 1.13914 
5446 1.13913 
5447 1.13912 
5448 1.13911 
5449 1.1391 
5450 1.13908 
5451 1.13906 
5452 1.13905 
5453 1.13902 
5454 1.13901 
5455 1.139 
5456 1.13898 
5457 1.13896 
5458 1.13896 
5459 1.13894 
5460 1.13894 
5461 1.13893 
5462 1.13892 
5463 1.13891 
5464 1.1389 
5465 1.13889 
5466 1.13888 
5467 1.13886 
5468 1.13885 
5469 1.13884 
5470 1.13884 
5471 1.13882 
5472 1.13881 
5473 1.1388 
5474 1.13878 
5475 1.13877 
5476 1.13862 
5477 1.13857 
5478 1.13847 
5479 1.1384 
5480 1.1383 
5481 1.13815 
5482 1.13804 
5483 1.13729 
5484 1.13717 
5485 1.13513 
5486 1.135 
5487 1.13479 
5488 1.13475 
5489 1.13472 
5490 1.13469 
5491 1.13466 
5492 1.13462 
5493 1.13458 
5494 1.13454 
5495 1.13446 
5496 1.1344 
5497 1.13433 
5498 1.13428 
5499 1.13422 
5500 1.13418 
5501 1.13414 
5502 1.1341 
5503 1.13407 
5504 1.13404 
5505 1.13404 
5506 1.13403 
5507 1.13403 
5508 1.13402 
5509 1.13402 
5510 1.13401 
5511 1.134 
5512 1.134 
5513 1.13399 
5514 1.13398 
5515 1.13398 
5516 1.13397 
5517 1.13397 
5518 1.13397 
5519 1.13396 
5520 1.13396 
5521 1.13395 
5522 1.13395 
5523 1.13394 
5524 1.13394 
5525 1.13393 
5526 1.13393 
5527 1.13392 
5528 1.13392 
5529 1.13391 
5530 1.1339 
5531 1.13389 
5532 1.13388 
5533 1.13388 
5534 1.13387 
5535 1.13386 
5536 1.13385 
5537 1.13376 
5538 1.1337 
5539 1.13339 
5540 1.13339 
5541 1.13331 
5542 1.1332 
5543 1.13301 
5544 1.13255 
5545 1.13223 
5546 1.1317 
5547 1.13168 
5548 1.13168 
5549 1.13168 
5550 1.13163 
5551 1.13157 
5552 1.13156 
5553 1.13156 
5554 1.13156 
5555 1.13155 
5556 1.13153 
5557 1.13152 
5558 1.13152 
5559 1.13152 
5560 1.13151 
5561 1.13151 
5562 1.13151 
5563 1.13151 
5564 1.13151 
5565 1.13151 
5566 1.1315 
5567 1.1315 
5568 1.1315 
5569 1.1315 
5570 1.1315 
5571 1.1315 
5572 1.13149 
5573 1.13149 
5574 1.13149 
5575 1.13149 
5576 1.13149 
5577 1.13149 
5578 1.13148 
5579 1.13148 
5580 1.13148 
5581 1.13148 
5582 1.13147 
5583 1.13147 
5584 1.13147 
5585 1.13147 
5586 1.13146 
5587 1.13146 
5588 1.13146 
5589 1.13145 
5590 1.13145 
5591 1.13145 
5592 1.13145 
5593 1.13144 
5594 1.13143 
5595 1.13142 
5596 1.13142 
5597 1.13142 
5598 1.13141 
5599 1.1314 
5600 1.1314 
5601 1.13139 
5602 1.13139 
5603 1.13138 
5604 1.13138 
5605 1.13137 
5606 1.13136 
5607 1.13136 
5608 1.13135 
5609 1.13134 
5610 1.13134 
5611 1.13133 
5612 1.13133 
5613 1.13132 
5614 1.13132 
5615 1.13132 
5616 1.13131 
5617 1.13131 
5618 1.13131 
5619 1.1313 
5620 1.1313 
5621 1.13129 
5622 1.13129 
5623 1.13128 
5624 1.13128 
5625 1.13128 
5626 1.13127 
5627 1.13126 
5628 1.13123 
5629 1.13121 
5630 1.13114 
5631 1.13112 
5632 1.1311 
5633 1.13106 
5634 1.131 
5635 1.13092 
5636 1.13085 
5637 1.13054 
5638 1.13045 
5639 1.12934 
5640 1.1292 
5641 1.12916 
5642 1.12916 
5643 1.12916 
5644 1.12915 
5645 1.12914 
5646 1.12914 
5647 1.12914 
5648 1.12914 
5649 1.12914 
5650 1.12913 
5651 1.12913 
5652 1.12913 
5653 1.12913 
5654 1.12913 
5655 1.12913 
5656 1.12913 
5657 1.12912 
5658 1.12912 
5659 1.12912 
5660 1.12912 
5661 1.12912 
5662 1.12912 
5663 1.12912 
5664 1.12912 
5665 1.12912 
5666 1.12912 
5667 1.12912 
5668 1.12912 
5669 1.12912 
5670 1.12912 
5671 1.12912 
5672 1.12911 
5673 1.12911 
5674 1.12911 
5675 1.12911 
5676 1.12911 
5677 1.12911 
5678 1.12911 
5679 1.12911 
5680 1.12911 
5681 1.12911 
5682 1.12911 
5683 1.12911 
5684 1.12911 
5685 1.12911 
5686 1.12911 
5687 1.1291 
5688 1.1291 
5689 1.1291 
5690 1.1291 
5691 1.1291 
5692 1.1291 
5693 1.1291 
5694 1.1291 
5695 1.1291 
5696 1.1291 
5697 1.1291 
5698 1.1291 
5699 1.1291 
5700 1.1291 
5701 1.1291 
5702 1.12909 
5703 1.12909 
5704 1.12909 
5705 1.12909 
5706 1.12909 
5707 1.12909 
5708 1.12909 
5709 1.12909 
5710 1.12909 
5711 1.12909 
5712 1.12909 
5713 1.12909 
5714 1.12909 
5715 1.12909 
5716 1.12909 
5717 1.12908 
5718 1.12908 
5719 1.12908 
5720 1.12908 
5721 1.12908 
5722 1.12908 
5723 1.12908 
5724 1.12908 
5725 1.12908 
5726 1.12908 
5727 1.12907 
5728 1.12907 
5729 1.12907 
5730 1.12907 
5731 1.12907 
5732 1.12906 
5733 1.12906 
5734 1.12906 
5735 1.12905 
5736 1.12905 
5737 1.12905 
5738 1.12905 
5739 1.12904 
5740 1.12904 
5741 1.12904 
5742 1.12904 
5743 1.12903 
5744 1.12902 
5745 1.12902 
5746 1.12901 
5747 1.129 
5748 1.129 
5749 1.12899 
5750 1.12898 
5751 1.12896 
5752 1.12895 
5753 1.12894 
5754 1.12893 
5755 1.12893 
5756 1.12892 
5757 1.12892 
5758 1.12891 
5759 1.12889 
5760 1.12888 
5761 1.12887 
5762 1.12887 
5763 1.12886 
5764 1.12885 
5765 1.12885 
5766 1.12884 
5767 1.12883 
5768 1.12883 
5769 1.12882 
5770 1.12882 
5771 1.12881 
5772 1.1288 
5773 1.1288 
5774 1.12879 
5775 1.12878 
5776 1.12878 
5777 1.12877 
5778 1.12876 
5779 1.12875 
5780 1.12874 
5781 1.12872 
5782 1.1287 
5783 1.12868 
5784 1.12864 
5785 1.12859 
5786 1.12851 
5787 1.12837 
5788 1.12837 
5789 1.12818 
5790 1.12806 
5791 1.12786 
5792 1.12767 
5793 1.12578 
5794 1.12565 
5795 1.12565 
5796 1.12554 
5797 1.12553 
5798 1.12552 
5799 1.12552 
5800 1.12551 
5801 1.1255 
5802 1.12549 
5803 1.12548 
5804 1.12548 
5805 1.12548 
5806 1.12547 
5807 1.12547 
5808 1.12547 
5809 1.12547 
5810 1.12547 
5811 1.12546 
5812 1.12546 
5813 1.12546 
5814 1.12546 
5815 1.12545 
5816 1.12545 
5817 1.12545 
5818 1.12545 
5819 1.12544 
5820 1.12544 
5821 1.12544 
5822 1.12544 
5823 1.12543 
5824 1.12543 
5825 1.12543 
5826 1.12542 
5827 1.12542 
5828 1.12541 
5829 1.12541 
5830 1.12541 
5831 1.1254 
5832 1.12539 
5833 1.12539 
5834 1.12538 
5835 1.12538 
5836 1.12537 
5837 1.12536 
5838 1.12535 
5839 1.12534 
5840 1.12533 
5841 1.12532 
5842 1.12531 
5843 1.1253 
5844 1.12529 
5845 1.12528 
5846 1.12528 
5847 1.12527 
5848 1.12527 
5849 1.12527 
5850 1.12525 
5851 1.12524 
5852 1.12524 
5853 1.12524 
5854 1.12523 
5855 1.12522 
5856 1.12522 
5857 1.12521 
5858 1.1252 
5859 1.1252 
5860 1.12518 
5861 1.12517 
5862 1.12516 
5863 1.12516 
5864 1.12515 
5865 1.12514 
5866 1.12513 
5867 1.12512 
5868 1.1251 
5869 1.12508 
5870 1.12506 
5871 1.12506 
5872 1.12505 
5873 1.12505 
5874 1.12504 
5875 1.12504 
5876 1.12503 
5877 1.12502 
5878 1.12501 
5879 1.12501 
5880 1.12499 
5881 1.12499 
5882 1.12498 
5883 1.12497 
5884 1.12497 
5885 1.12496 
5886 1.12495 
5887 1.12493 
5888 1.12491 
5889 1.12488 
5890 1.12485 
5891 1.12483 
5892 1.1248 
5893 1.12477 
5894 1.12461 
5895 1.12437 
5896 1.12437 
5897 1.12422 
5898 1.12399 
5899 1.12329 
5900 1.12329 
5901 1.12326 
5902 1.12322 
5903 1.1232 
5904 1.1232 
5905 1.12319 
5906 1.12318 
5907 1.12318 
5908 1.12317 
5909 1.12317 
5910 1.12317 
5911 1.12317 
5912 1.12317 
5913 1.12316 
5914 1.12316 
5915 1.12316 
5916 1.12316 
5917 1.12316 
5918 1.12316 
5919 1.12316 
5920 1.12316 
5921 1.12316 
5922 1.12316 
5923 1.12315 
5924 1.12315 
5925 1.12315 
5926 1.12315 
5927 1.12315 
5928 1.12315 
5929 1.12315 
5930 1.12315 
5931 1.12315 
5932 1.12315 
5933 1.12315 
5934 1.12315 
5935 1.12315 
5936 1.12315 
5937 1.12315 
5938 1.12314 
5939 1.12314 
5940 1.12314 
5941 1.12314 
5942 1.12314 
5943 1.12314 
5944 1.12314 
5945 1.12314 
5946 1.12314 
5947 1.12314 
5948 1.12314 
5949 1.12314 
5950 1.12314 
5951 1.12314 
5952 1.12314 
5953 1.12314 
5954 1.12313 
5955 1.12313 
5956 1.12313 
5957 1.12313 
5958 1.12313 
5959 1.12313 
5960 1.12313 
5961 1.12313 
5962 1.12313 
5963 1.12313 
5964 1.12312 
5965 1.12312 
5966 1.12312 
5967 1.12312 
5968 1.12312 
5969 1.12312 
5970 1.12311 
5971 1.12311 
5972 1.12311 
5973 1.12311 
5974 1.12311 
5975 1.12311 
5976 1.12311 
5977 1.1231 
5978 1.1231 
5979 1.1231 
5980 1.1231 
5981 1.12309 
5982 1.12309 
5983 1.12308 
5984 1.12308 
5985 1.12308 
5986 1.12307 
5987 1.12307 
5988 1.12306 
5989 1.12305 
5990 1.12305 
5991 1.12304 
5992 1.12304 
5993 1.12304 
5994 1.12303 
5995 1.12302 
5996 1.12302 
5997 1.12301 
5998 1.12301 
5999 1.12301 
6000 1.123 
6001 1.123 
6002 1.12299 
6003 1.12299 
6004 1.12298 
6005 1.12298 
6006 1.12297 
6007 1.12297 
6008 1.12297 
6009 1.12297 
6010 1.12295 
6011 1.12293 
6012 1.12292 
6013 1.1229 
6014 1.12288 
6015 1.12287 
6016 1.12285 
6017 1.1228 
6018 1.12278 
6019 1.12275 
6020 1.12272 
6021 1.12269 
6022 1.1226 
6023 1.1223 
6024 1.12229 
6025 1.12209 
6026 1.12177 
6027 1.1216 
6028 1.1216 
6029 1.1216 
6030 1.12159 
6031 1.12159 
6032 1.12155 
6033 1.12155 
6034 1.12155 
6035 1.12154 
6036 1.12154 
6037 1.12153 
6038 1.12153 
6039 1.12152 
6040 1.12152 
6041 1.12152 
6042 1.12151 
6043 1.12151 
6044 1.12151 
6045 1.12151 
6046 1.12151 
6047 1.12151 
6048 1.12151 
6049 1.12151 
6050 1.12151 
6051 1.12151 
6052 1.12151 
6053 1.1215 
6054 1.1215 
6055 1.1215 
6056 1.1215 
6057 1.1215 
6058 1.1215 
6059 1.1215 
6060 1.1215 
6061 1.1215 
6062 1.1215 
6063 1.1215 
6064 1.1215 
6065 1.1215 
6066 1.1215 
6067 1.1215 
6068 1.1215 
6069 1.12149 
6070 1.12149 
6071 1.12149 
6072 1.12149 
6073 1.12149 
6074 1.12149 
6075 1.12149 
6076 1.12149 
6077 1.12149 
6078 1.12149 
6079 1.12149 
6080 1.12149 
6081 1.12149 
6082 1.12149 
6083 1.12149 
6084 1.12149 
6085 1.12149 
6086 1.12148 
6087 1.12148 
6088 1.12148 
6089 1.12148 
6090 1.12148 
6091 1.12148 
6092 1.12148 
6093 1.12148 
6094 1.12148 
6095 1.12147 
6096 1.12147 
6097 1.12147 
6098 1.12147 
6099 1.12147 
6100 1.12147 
6101 1.12147 
6102 1.12146 
6103 1.12146 
6104 1.12146 
6105 1.12146 
6106 1.12146 
6107 1.12146 
6108 1.12146 
6109 1.12146 
6110 1.12145 
6111 1.12145 
6112 1.12145 
6113 1.12144 
6114 1.12144 
6115 1.12143 
6116 1.12142 
6117 1.12142 
6118 1.12141 
6119 1.1214 
6120 1.1214 
6121 1.1214 
6122 1.12139 
6123 1.12139 
6124 1.12139 
6125 1.12138 
6126 1.12138 
6127 1.12138 
6128 1.12137 
6129 1.12137 
6130 1.12136 
6131 1.12136 
6132 1.12135 
6133 1.12135 
6134 1.12134 
6135 1.12134 
6136 1.12133 
6137 1.12133 
6138 1.12133 
6139 1.12132 
6140 1.12132 
6141 1.12131 
6142 1.12131 
6143 1.12131 
6144 1.1213 
6145 1.1213 
6146 1.12129 
6147 1.12128 
6148 1.12127 
6149 1.12126 
6150 1.12124 
6151 1.12123 
6152 1.12121 
6153 1.12119 
6154 1.12117 
6155 1.12111 
6156 1.12104 
6157 1.12089 
6158 1.12075 
6159 1.12071 
6160 1.12043 
6161 1.12031 
6162 1.11995 
6163 1.11978 
6164 1.11928 
6165 1.11921 
6166 1.11719 
6167 1.11702 
6168 1.11702 
6169 1.11701 
6170 1.11701 
6171 1.117 
6172 1.117 
6173 1.117 
6174 1.117 
6175 1.117 
6176 1.117 
6177 1.11699 
6178 1.11699 
6179 1.11699 
6180 1.11699 
6181 1.11698 
6182 1.11698 
6183 1.11698 
6184 1.11697 
6185 1.11697 
6186 1.11697 
6187 1.11697 
6188 1.11697 
6189 1.11697 
6190 1.11696 
6191 1.11696 
6192 1.11696 
6193 1.11696 
6194 1.11696 
6195 1.11696 
6196 1.11695 
6197 1.11695 
6198 1.11695 
6199 1.11695 
6200 1.11695 
6201 1.11694 
6202 1.11694 
6203 1.11694 
6204 1.11694 
6205 1.11694 
6206 1.11694 
6207 1.11693 
6208 1.11693 
6209 1.11693 
6210 1.11693 
6211 1.11692 
6212 1.11692 
6213 1.11692 
6214 1.11692 
6215 1.11691 
6216 1.11691 
6217 1.11691 
6218 1.1169 
6219 1.1169 
6220 1.1169 
6221 1.11689 
6222 1.11689 
6223 1.11689 
6224 1.11688 
6225 1.11688 
6226 1.11688 
6227 1.11687 
6228 1.11686 
6229 1.11685 
6230 1.11684 
6231 1.11684 
6232 1.11683 
6233 1.11683 
6234 1.11682 
6235 1.11681 
6236 1.11681 
6237 1.1168 
6238 1.11679 
6239 1.11678 
6240 1.11677 
6241 1.11676 
6242 1.11676 
6243 1.11675 
6244 1.11674 
6245 1.11674 
6246 1.11673 
6247 1.11673 
6248 1.11672 
6249 1.11672 
6250 1.11672 
6251 1.11671 
6252 1.11671 
6253 1.1167 
6254 1.11669 
6255 1.11669 
6256 1.11668 
6257 1.11668 
6258 1.11667 
6259 1.11666 
6260 1.11664 
6261 1.11663 
6262 1.11663 
6263 1.11662 
6264 1.11661 
6265 1.11661 
6266 1.11658 
6267 1.11656 
6268 1.11656 
6269 1.11655 
6270 1.11654 
6271 1.11654 
6272 1.11653 
6273 1.11653 
6274 1.11653 
6275 1.11653 
6276 1.11652 
6277 1.11652 
6278 1.11652 
6279 1.11651 
6280 1.11651 
6281 1.11651 
6282 1.11651 
6283 1.1165 
6284 1.1165 
6285 1.1165 
6286 1.11649 
6287 1.11649 
6288 1.11648 
6289 1.11648 
6290 1.11647 
6291 1.11647 
6292 1.11646 
6293 1.11646 
6294 1.11645 
6295 1.11644 
6296 1.11644 
6297 1.11643 
6298 1.11643 
6299 1.11642 
6300 1.11641 
6301 1.11641 
6302 1.1164 
6303 1.11638 
6304 1.11636 
6305 1.11635 
6306 1.11634 
6307 1.11632 
6308 1.1163 
6309 1.11626 
6310 1.11623 
6311 1.1162 
6312 1.11615 
6313 1.11612 
6314 1.11606 
6315 1.11598 
6316 1.11558 
6317 1.11558 
6318 1.11543 
6319 1.11521 
6320 1.11498 
6321 1.11492 
6322 1.1149 
6323 1.1149 
6324 1.1149 
6325 1.1149 
6326 1.11489 
6327 1.11489 
6328 1.11489 
6329 1.11489 
6330 1.11489 
6331 1.11488 
6332 1.11488 
6333 1.11488 
6334 1.11488 
6335 1.11488 
6336 1.11488 
6337 1.11488 
6338 1.11488 
6339 1.11488 
6340 1.11488 
6341 1.11488 
6342 1.11488 
6343 1.11488 
6344 1.11488 
6345 1.11488 
6346 1.11488 
6347 1.11488 
6348 1.11487 
6349 1.11487 
6350 1.11487 
6351 1.11487 
6352 1.11487 
6353 1.11487 
6354 1.11487 
6355 1.11487 
6356 1.11487 
6357 1.11487 
6358 1.11487 
6359 1.11487 
6360 1.11487 
6361 1.11487 
6362 1.11487 
6363 1.11486 
6364 1.11486 
6365 1.11486 
6366 1.11486 
6367 1.11486 
6368 1.11486 
6369 1.11486 
6370 1.11486 
6371 1.11486 
6372 1.11486 
6373 1.11485 
6374 1.11485 
6375 1.11485 
6376 1.11485 
6377 1.11485 
6378 1.11485 
6379 1.11485 
6380 1.11484 
6381 1.11484 
6382 1.11484 
6383 1.11483 
6384 1.11483 
6385 1.11483 
6386 1.11483 
6387 1.11482 
6388 1.11482 
6389 1.11482 
6390 1.11482 
6391 1.11481 
6392 1.11481 
6393 1.11481 
6394 1.11481 
6395 1.1148 
6396 1.1148 
6397 1.1148 
6398 1.1148 
6399 1.11479 
6400 1.11479 
6401 1.11479 
6402 1.11479 
6403 1.11478 
6404 1.11478 
6405 1.11478 
6406 1.11478 
6407 1.11477 
6408 1.11477 
6409 1.11477 
6410 1.11477 
6411 1.11476 
6412 1.11475 
6413 1.11475 
6414 1.11475 
6415 1.11475 
6416 1.11473 
6417 1.11472 
6418 1.11471 
6419 1.11471 
6420 1.11471 
6421 1.1147 
6422 1.1147 
6423 1.11469 
6424 1.11468 
6425 1.11468 
6426 1.11467 
6427 1.11464 
6428 1.11463 
6429 1.11461 
6430 1.11459 
6431 1.11457 
6432 1.11455 
6433 1.11452 
6434 1.11448 
6435 1.11441 
6436 1.1142 
6437 1.1142 
6438 1.11407 
6439 1.11379 
6440 1.1136 
6441 1.11337 
6442 1.11337 
6443 1.11337 
6444 1.11336 
6445 1.11336 
6446 1.11334 
6447 1.11331 
6448 1.11329 
6449 1.11329 
6450 1.11328 
6451 1.11327 
6452 1.11327 
6453 1.11326 
6454 1.11325 
6455 1.11324 
6456 1.11323 
6457 1.11322 
6458 1.11321 
6459 1.1132 
6460 1.11319 
6461 1.11318 
6462 1.11317 
6463 1.11316 
6464 1.11315 
6465 1.11314 
6466 1.11314 
6467 1.11313 
6468 1.11312 
6469 1.11311 
6470 1.11311 
6471 1.1131 
6472 1.1131 
6473 1.1131 
6474 1.11309 
6475 1.11309 
6476 1.11309 
6477 1.11308 
6478 1.11308 
6479 1.11307 
6480 1.11307 
6481 1.11306 
6482 1.11303 
6483 1.11302 
6484 1.11299 
6485 1.11296 
6486 1.11294 
6487 1.11292 
6488 1.1129 
6489 1.11284 
6490 1.11274 
6491 1.11259 
6492 1.11259 
6493 1.11244 
6494 1.11223 
6495 1.11177 
6496 1.11173 
6497 1.11173 
6498 1.11173 
6499 1.11168 
6500 1.11168 
6501 1.11168 
6502 1.11168 
6503 1.11168 
6504 1.11168 
6505 1.11168 
6506 1.11168 
6507 1.11168 
6508 1.11168 
6509 1.11168 
6510 1.11168 
6511 1.11168 
6512 1.11168 
6513 1.11168 
6514 1.11168 
6515 1.11168 
6516 1.11168 
6517 1.11168 
6518 1.11168 
6519 1.11168 
6520 1.11168 
6521 1.11168 
6522 1.11168 
6523 1.11168 
6524 1.11167 
6525 1.11167 
6526 1.11167 
6527 1.11167 
6528 1.11167 
6529 1.11167 
6530 1.11167 
6531 1.11167 
6532 1.11167 
6533 1.11167 
6534 1.11167 
6535 1.11167 
6536 1.11167 
6537 1.11167 
6538 1.11167 
6539 1.11167 
6540 1.11167 
6541 1.11167 
6542 1.11167 
6543 1.11167 
6544 1.11167 
6545 1.11167 
6546 1.11167 
6547 1.11167 
6548 1.11167 
6549 1.11167 
6550 1.11167 
6551 1.11167 
6552 1.11167 
6553 1.11167 
6554 1.11167 
6555 1.11167 
6556 1.11167 
6557 1.11166 
6558 1.11166 
6559 1.11166 
6560 1.11166 
6561 1.11166 
6562 1.11166 
6563 1.11166 
6564 1.11166 
6565 1.11166 
6566 1.11166 
6567 1.11166 
6568 1.11166 
6569 1.11166 
6570 1.11166 
6571 1.11166 
6572 1.11166 
6573 1.11166 
6574 1.11165 
6575 1.11165 
6576 1.11165 
6577 1.11165 
6578 1.11165 
6579 1.11165 
6580 1.11165 
6581 1.11165 
6582 1.11165 
6583 1.11165 
6584 1.11165 
6585 1.11165 
6586 1.11165 
6587 1.11165 
6588 1.11164 
6589 1.11164 
6590 1.11164 
6591 1.11164 
6592 1.11163 
6593 1.11163 
6594 1.11163 
6595 1.11163 
6596 1.11163 
6597 1.11161 
6598 1.11161 
6599 1.1116 
6600 1.1116 
6601 1.1116 
6602 1.1116 
6603 1.11159 
6604 1.11159 
6605 1.11158 
6606 1.11158 
6607 1.11158 
6608 1.11157 
6609 1.11156 
6610 1.11156 
6611 1.11155 
6612 1.11155 
6613 1.1115 
6614 1.1115 
6615 1.1115 
6616 1.1115 
6617 1.11149 
6618 1.11149 
6619 1.11149 
6620 1.11148 
6621 1.11148 
6622 1.11148 
6623 1.11148 
6624 1.11147 
6625 1.11147 
6626 1.11147 
6627 1.11146 
6628 1.11146 
6629 1.11145 
6630 1.11145 
6631 1.11144 
6632 1.11144 
6633 1.11143 
6634 1.11142 
6635 1.11141 
6636 1.11139 
6637 1.11137 
6638 1.11136 
6639 1.11134 
6640 1.11132 
6641 1.1113 
6642 1.11128 
6643 1.11126 
6644 1.11121 
6645 1.11117 
6646 1.11096 
6647 1.11095 
6648 1.11075 
6649 1.11053 
6650 1.10973 
6651 1.10968 
6652 1.10968 
6653 1.10966 
6654 1.10964 
6655 1.10963 
6656 1.10962 
6657 1.10962 
6658 1.10962 
6659 1.10961 
6660 1.10961 
6661 1.1096 
6662 1.1096 
6663 1.10959 
6664 1.10959 
6665 1.10958 
6666 1.10957 
6667 1.10957 
6668 1.10956 
6669 1.10955 
6670 1.10954 
6671 1.10953 
6672 1.10952 
6673 1.10951 
6674 1.1095 
6675 1.1095 
6676 1.10949 
6677 1.10949 
6678 1.10948 
6679 1.10947 
6680 1.10946 
6681 1.10946 
6682 1.10946 
6683 1.10944 
6684 1.10942 
6685 1.10942 
6686 1.10942 
6687 1.10941 
6688 1.10941 
6689 1.1094 
6690 1.1094 
6691 1.1094 
6692 1.10939 
6693 1.10939 
6694 1.10939 
6695 1.10938 
6696 1.10938 
6697 1.10937 
6698 1.10937 
6699 1.10937 
6700 1.10936 
6701 1.10936 
6702 1.10935 
6703 1.10934 
6704 1.10931 
6705 1.10929 
6706 1.10926 
6707 1.10922 
6708 1.1092 
6709 1.10918 
6710 1.10915 
6711 1.10912 
6712 1.10907 
6713 1.10899 
6714 1.10877 
6715 1.10877 
6716 1.10839 
6717 1.10798 
6718 1.1078 
6719 1.10575 
6720 1.10563 
6721 1.10563 
6722 1.10563 
6723 1.10562 
6724 1.10562 
6725 1.10562 
6726 1.10561 
6727 1.1056 
6728 1.10559 
6729 1.10559 
6730 1.10558 
6731 1.10558 
6732 1.10558 
6733 1.10557 
6734 1.10557 
6735 1.10557 
6736 1.10557 
6737 1.10556 
6738 1.10556 
6739 1.10556 
6740 1.10556 
6741 1.10556 
6742 1.10555 
6743 1.10555 
6744 1.10555 
6745 1.10555 
6746 1.10554 
6747 1.10554 
6748 1.10554 
6749 1.10553 
6750 1.10553 
6751 1.10553 
6752 1.10553 
6753 1.10552 
6754 1.10552 
6755 1.10551 
6756 1.10551 
6757 1.10551 
6758 1.10551 
6759 1.1055 
6760 1.1055 
6761 1.10549 
6762 1.10549 
6763 1.10548 
6764 1.10548 
6765 1.10548 
6766 1.10547 
6767 1.10546 
6768 1.10546 
6769 1.10545 
6770 1.10544 
6771 1.10543 
6772 1.10542 
6773 1.10541 
6774 1.1054 
6775 1.10539 
6776 1.10539 
6777 1.10539 
6778 1.10538 
6779 1.10537 
6780 1.10537 
6781 1.10536 
6782 1.10536 
6783 1.10535 
6784 1.10535 
6785 1.10534 
6786 1.10533 
6787 1.10532 
6788 1.10531 
6789 1.10531 
6790 1.10531 
6791 1.1053 
6792 1.1053 
6793 1.1053 
6794 1.1053 
6795 1.10525 
6796 1.10523 
6797 1.10522 
6798 1.10522 
6799 1.10522 
6800 1.10522 
6801 1.10521 
6802 1.10521 
6803 1.10521 
6804 1.10521 
6805 1.1052 
6806 1.1052 
6807 1.1052 
6808 1.1052 
6809 1.10519 
6810 1.10519 
6811 1.10519 
6812 1.10519 
6813 1.10518 
6814 1.10518 
6815 1.10518 
6816 1.10517 
6817 1.10517 
6818 1.10517 
6819 1.10517 
6820 1.10516 
6821 1.10516 
6822 1.10516 
6823 1.10516 
6824 1.10515 
6825 1.10515 
6826 1.10515 
6827 1.10514 
6828 1.10514 
6829 1.10514 
6830 1.10513 
6831 1.10513 
6832 1.10512 
6833 1.10511 
6834 1.1051 
6835 1.10509 
6836 1.10507 
6837 1.10505 
6838 1.10502 
6839 1.10501 
6840 1.105 
6841 1.10499 
6842 1.10497 
6843 1.10496 
6844 1.10493 
6845 1.10488 
6846 1.10486 
6847 1.10483 
6848 1.10481 
6849 1.10478 
6850 1.10474 
6851 1.10469 
6852 1.10458 
6853 1.10436 
6854 1.10434 
6855 1.10415 
6856 1.10389 
6857 1.10315 
6858 1.10311 
6859 1.10311 
6860 1.10308 
6861 1.10307 
6862 1.10307 
6863 1.10307 
6864 1.10306 
6865 1.10306 
6866 1.10306 
6867 1.10306 
6868 1.10306 
6869 1.10306 
6870 1.10306 
6871 1.10306 
6872 1.10306 
6873 1.10305 
6874 1.10305 
6875 1.10305 
6876 1.10305 
6877 1.10305 
6878 1.10305 
6879 1.10305 
6880 1.10305 
6881 1.10305 
6882 1.10305 
6883 1.10305 
6884 1.10305 
6885 1.10305 
6886 1.10305 
6887 1.10305 
6888 1.10305 
6889 1.10305 
6890 1.10305 
6891 1.10305 
6892 1.10305 
6893 1.10305 
6894 1.10305 
6895 1.10305 
6896 1.10305 
6897 1.10304 
6898 1.10304 
6899 1.10304 
6900 1.10304 
6901 1.10304 
6902 1.10304 
6903 1.10304 
6904 1.10304 
6905 1.10304 
6906 1.10304 
6907 1.10304 
6908 1.10304 
6909 1.10304 
6910 1.10304 
6911 1.10304 
6912 1.10304 
6913 1.10304 
6914 1.10304 
6915 1.10304 
6916 1.10304 
6917 1.10304 
6918 1.10304 
6919 1.10304 
6920 1.10304 
6921 1.10304 
6922 1.10304 
6923 1.10303 
6924 1.10303 
6925 1.10303 
6926 1.10303 
6927 1.10303 
6928 1.10303 
6929 1.10303 
6930 1.10303 
6931 1.10303 
6932 1.10303 
6933 1.10303 
6934 1.10302 
6935 1.10302 
6936 1.10302 
6937 1.10302 
6938 1.10302 
6939 1.10302 
6940 1.10301 
6941 1.10301 
6942 1.10301 
6943 1.10301 
6944 1.10301 
6945 1.10301 
6946 1.103 
6947 1.103 
6948 1.103 
6949 1.103 
6950 1.103 
6951 1.10299 
6952 1.10299 
6953 1.10299 
6954 1.10299 
6955 1.10299 
6956 1.10299 
6957 1.10299 
6958 1.10298 
6959 1.10298 
6960 1.10298 
6961 1.10298 
6962 1.10298 
6963 1.10297 
6964 1.10297 
6965 1.10297 
6966 1.10297 
6967 1.10297 
6968 1.10297 
6969 1.10296 
6970 1.10296 
6971 1.10296 
6972 1.10294 
6973 1.10293 
6974 1.10293 
6975 1.10293 
6976 1.10292 
6977 1.10292 
6978 1.10292 
6979 1.10291 
6980 1.10291 
6981 1.10291 
6982 1.1029 
6983 1.1029 
6984 1.1029 
6985 1.10289 
6986 1.10289 
6987 1.10289 
6988 1.10289 
6989 1.10288 
6990 1.10288 
6991 1.10288 
6992 1.10287 
6993 1.10287 
6994 1.10287 
6995 1.10286 
6996 1.10285 
6997 1.10284 
6998 1.10283 
6999 1.10282 
7000 1.10281 
7001 1.10279 
7002 1.10277 
7003 1.10275 
7004 1.10274 
7005 1.10271 
7006 1.10269 
7007 1.10264 
7008 1.10256 
7009 1.10237 
7010 1.10229 
7011 1.10181 
7012 1.10174 
7013 1.10128 
7014 1.10127 
7015 1.10127 
7016 1.10122 
7017 1.10121 
7018 1.1012 
7019 1.10119 
7020 1.10118 
7021 1.10117 
7022 1.10116 
7023 1.10114 
7024 1.10112 
7025 1.10111 
7026 1.1011 
7027 1.10108 
7028 1.10107 
7029 1.10107 
7030 1.10105 
7031 1.10103 
7032 1.10103 
7033 1.10102 
7034 1.10101 
7035 1.10101 
7036 1.101 
7037 1.101 
7038 1.10099 
7039 1.10097 
7040 1.10089 
7041 1.10087 
7042 1.10086 
7043 1.10085 
7044 1.10083 
7045 1.10082 
7046 1.10077 
7047 1.10069 
7048 1.10039 
7049 1.10038 
7050 1.10012 
7051 1.09989 
7052 1.09886 
7053 1.0988 
7054 1.0988 
7055 1.09878 
7056 1.09877 
7057 1.09875 
7058 1.09874 
7059 1.09874 
7060 1.09873 
7061 1.09873 
7062 1.09872 
7063 1.09872 
7064 1.0987 
7065 1.0987 
7066 1.09869 
7067 1.09868 
7068 1.09866 
7069 1.09864 
7070 1.09864 
7071 1.09862 
7072 1.0986 
7073 1.09859 
7074 1.09858 
7075 1.09857 
7076 1.09855 
7077 1.09854 
7078 1.09853 
7079 1.09852 
7080 1.09851 
7081 1.09851 
7082 1.09851 
7083 1.09848 
7084 1.09847 
7085 1.09847 
7086 1.09847 
7087 1.09846 
7088 1.09846 
7089 1.09846 
7090 1.09845 
7091 1.09845 
7092 1.09845 
7093 1.09844 
7094 1.09844 
7095 1.09844 
7096 1.09844 
7097 1.09843 
7098 1.09843 
7099 1.09843 
7100 1.09843 
7101 1.09842 
7102 1.09842 
7103 1.09842 
7104 1.09841 
7105 1.09841 
7106 1.09841 
7107 1.09841 
7108 1.0984 
7109 1.0984 
7110 1.0984 
7111 1.09839 
7112 1.09839 
7113 1.09839 
7114 1.09838 
7115 1.09838 
7116 1.09837 
7117 1.09837 
7118 1.09837 
7119 1.09836 
7120 1.09835 
7121 1.09834 
7122 1.0983 
7123 1.09828 
7124 1.09824 
7125 1.09815 
7126 1.09811 
7127 1.09802 
7128 1.09777 
7129 1.09766 
7130 1.09766 
7131 1.0973 
7132 1.09727 
7133 1.09727 
7134 1.09727 
7135 1.09724 
7136 1.09724 
7137 1.09723 
7138 1.09723 
7139 1.09723 
7140 1.09723 
7141 1.09722 
7142 1.09722 
7143 1.09722 
7144 1.09722 
7145 1.09722 
7146 1.09722 
7147 1.09722 
7148 1.09722 
7149 1.09722 
7150 1.09722 
7151 1.09722 
7152 1.09722 
7153 1.09722 
7154 1.09722 
7155 1.09722 
7156 1.09722 
7157 1.09722 
7158 1.09722 
7159 1.09722 
7160 1.09722 
7161 1.09721 
7162 1.09721 
7163 1.09721 
7164 1.09721 
7165 1.09721 
7166 1.09721 
7167 1.09721 
7168 1.09721 
7169 1.09721 
7170 1.09721 
7171 1.09721 
7172 1.09721 
7173 1.09721 
7174 1.09721 
7175 1.09721 
7176 1.09721 
7177 1.09721 
7178 1.0972 
7179 1.0972 
7180 1.0972 
7181 1.0972 
7182 1.0972 
7183 1.0972 
7184 1.0972 
7185 1.0972 
7186 1.0972 
7187 1.0972 
7188 1.0972 
7189 1.09719 
7190 1.09719 
7191 1.09719 
7192 1.09719 
7193 1.09719 
7194 1.09719 
7195 1.09718 
7196 1.09718 
7197 1.09718 
7198 1.09718 
7199 1.09717 
7200 1.09717 
7201 1.09716 
7202 1.09716 
7203 1.09715 
7204 1.09715 
7205 1.09714 
7206 1.09714 
7207 1.09714 
7208 1.09714 
7209 1.09713 
7210 1.09713 
7211 1.09713 
7212 1.09713 
7213 1.09712 
7214 1.09712 
7215 1.09712 
7216 1.09712 
7217 1.09711 
7218 1.09711 
7219 1.09711 
7220 1.09711 
7221 1.09711 
7222 1.0971 
7223 1.0971 
7224 1.0971 
7225 1.09707 
7226 1.09707 
7227 1.09707 
7228 1.09707 
7229 1.09706 
7230 1.09706 
7231 1.09706 
7232 1.09706 
7233 1.09705 
7234 1.09705 
7235 1.09705 
7236 1.09705 
7237 1.09705 
7238 1.09705 
7239 1.09704 
7240 1.09704 
7241 1.09704 
7242 1.09703 
7243 1.09703 
7244 1.09702 
7245 1.09701 
7246 1.09701 
7247 1.097 
7248 1.09698 
7249 1.09697 
7250 1.09695 
7251 1.09692 
7252 1.09689 
7253 1.09681 
7254 1.09667 
7255 1.09649 
7256 1.09649 
7257 1.09559 
7258 1.09553 
7259 1.09552 
7260 1.09552 
7261 1.09551 
7262 1.09551 
7263 1.0955 
7264 1.0955 
7265 1.0955 
7266 1.0955 
7267 1.0955 
7268 1.09549 
7269 1.09549 
7270 1.09549 
7271 1.09549 
7272 1.09549 
7273 1.09549 
7274 1.09549 
7275 1.09549 
7276 1.09549 
7277 1.09549 
7278 1.09549 
7279 1.09549 
7280 1.09549 
7281 1.09549 
7282 1.09548 
7283 1.09548 
7284 1.09548 
7285 1.09548 
7286 1.09548 
7287 1.09548 
7288 1.09548 
7289 1.09548 
7290 1.09548 
7291 1.09548 
7292 1.09548 
7293 1.09548 
7294 1.09548 
7295 1.09547 
7296 1.09547 
7297 1.09547 
7298 1.09547 
7299 1.09547 
7300 1.09547 
7301 1.09547 
7302 1.09546 
7303 1.09546 
7304 1.09546 
7305 1.09546 
7306 1.09546 
7307 1.09546 
7308 1.09546 
7309 1.09546 
7310 1.09545 
7311 1.09545 
7312 1.09545 
7313 1.09544 
7314 1.09544 
7315 1.09544 
7316 1.09544 
7317 1.09543 
7318 1.09543 
7319 1.09542 
7320 1.09541 
7321 1.0954 
7322 1.09539 
7323 1.09539 
7324 1.09538 
7325 1.09538 
7326 1.09537 
7327 1.09536 
7328 1.09536 
7329 1.09534 
7330 1.09534 
7331 1.09533 
7332 1.09533 
7333 1.09533 
7334 1.09532 
7335 1.09532 
7336 1.09532 
7337 1.09531 
7338 1.0953 
7339 1.09529 
7340 1.09529 
7341 1.09528 
7342 1.09528 
7343 1.09528 
7344 1.09527 
7345 1.09527 
7346 1.09527 
7347 1.09526 
7348 1.09526 
7349 1.09526 
7350 1.09526 
7351 1.09525 
7352 1.09525 
7353 1.09525 
7354 1.09525 
7355 1.09525 
7356 1.09524 
7357 1.09524 
7358 1.09524 
7359 1.09523 
7360 1.09522 
7361 1.09521 
7362 1.0952 
7363 1.09519 
7364 1.09517 
7365 1.09516 
7366 1.09513 
7367 1.09511 
7368 1.09507 
7369 1.09503 
7370 1.09494 
7371 1.09471 
7372 1.09441 
7373 1.09428 
7374 1.09188 
7375 1.09176 
7376 1.09176 
7377 1.09176 
7378 1.09176 
7379 1.09175 
7380 1.09175 
7381 1.09174 
7382 1.09174 
7383 1.09174 
7384 1.09174 
7385 1.09174 
7386 1.09174 
7387 1.09173 
7388 1.09173 
7389 1.09173 
7390 1.09173 
7391 1.09173 
7392 1.09173 
7393 1.09173 
7394 1.09173 
7395 1.09173 
7396 1.09173 
7397 1.09173 
7398 1.09173 
7399 1.09173 
7400 1.09173 
7401 1.09173 
7402 1.09173 
7403 1.09173 
7404 1.09173 
7405 1.09172 
7406 1.09172 
7407 1.09172 
7408 1.09172 
7409 1.09172 
7410 1.09172 
7411 1.09172 
7412 1.09172 
7413 1.09172 
7414 1.09172 
7415 1.09172 
7416 1.09172 
7417 1.09172 
7418 1.09172 
7419 1.09172 
7420 1.09172 
7421 1.09172 
7422 1.09172 
7423 1.09172 
7424 1.09172 
7425 1.09172 
7426 1.09172 
7427 1.09172 
7428 1.09172 
7429 1.09172 
7430 1.09172 
7431 1.09172 
7432 1.09172 
7433 1.09172 
7434 1.09172 
7435 1.09172 
7436 1.09171 
7437 1.09171 
7438 1.09171 
7439 1.09171 
7440 1.09171 
7441 1.09171 
7442 1.09171 
7443 1.09171 
7444 1.09171 
7445 1.09171 
7446 1.09171 
7447 1.09171 
7448 1.09171 
7449 1.09171 
7450 1.09171 
7451 1.09171 
7452 1.09171 
7453 1.09171 
7454 1.09171 
7455 1.09171 
7456 1.09171 
7457 1.0917 
7458 1.0917 
7459 1.0917 
7460 1.0917 
7461 1.0917 
7462 1.0917 
7463 1.0917 
7464 1.0917 
7465 1.0917 
7466 1.0917 
7467 1.0917 
7468 1.0917 
7469 1.0917 
7470 1.09169 
7471 1.09169 
7472 1.09169 
7473 1.09169 
7474 1.09169 
7475 1.09169 
7476 1.09168 
7477 1.09168 
7478 1.09168 
7479 1.09168 
7480 1.09168 
7481 1.09168 
7482 1.09168 
7483 1.09168 
7484 1.09168 
7485 1.09167 
7486 1.09167 
7487 1.09167 
7488 1.09166 
7489 1.09166 
7490 1.09166 
7491 1.09166 
7492 1.09165 
7493 1.09165 
7494 1.09164 
7495 1.09164 
7496 1.09164 
7497 1.09164 
7498 1.09163 
7499 1.09162 
7500 1.09162 
7501 1.0916 
7502 1.09159 
7503 1.09159 
7504 1.09159 
7505 1.09158 
7506 1.09158 
7507 1.09157 
7508 1.09156 
7509 1.09156 
7510 1.09155 
7511 1.09154 
7512 1.09153 
7513 1.09152 
7514 1.09151 
7515 1.09151 
7516 1.09151 
7517 1.09151 
7518 1.09151 
7519 1.09151 
7520 1.0915 
7521 1.0915 
7522 1.0915 
7523 1.0915 
7524 1.09149 
7525 1.09149 
7526 1.09149 
7527 1.09149 
7528 1.09149 
7529 1.09149 
7530 1.09149 
7531 1.09149 
7532 1.09149 
7533 1.09148 
7534 1.09148 
7535 1.09148 
7536 1.09148 
7537 1.09148 
7538 1.09148 
7539 1.09148 
7540 1.09148 
7541 1.09148 
7542 1.09147 
7543 1.09147 
7544 1.09147 
7545 1.09147 
7546 1.09147 
7547 1.09147 
7548 1.09147 
7549 1.09146 
7550 1.09146 
7551 1.09146 
7552 1.09146 
7553 1.09146 
7554 1.09146 
7555 1.09145 
7556 1.09145 
7557 1.09145 
7558 1.09145 
7559 1.09145 
7560 1.09145 
7561 1.09145 
7562 1.09144 
7563 1.09144 
7564 1.09144 
7565 1.09144 
7566 1.09144 
7567 1.09144 
7568 1.09144 
7569 1.09144 
7570 1.09143 
7571 1.09143 
7572 1.09143 
7573 1.09143 
7574 1.09142 
7575 1.09142 
7576 1.09142 
7577 1.09141 
7578 1.0914 
7579 1.09138 
7580 1.09138 
7581 1.09137 
7582 1.09136 
7583 1.09134 
7584 1.09133 
7585 1.09131 
7586 1.0913 
7587 1.09128 
7588 1.09126 
7589 1.09124 
7590 1.09122 
7591 1.09115 
7592 1.09099 
7593 1.09072 
7594 1.09071 
7595 1.09017 
7596 1.09011 
7597 1.09011 
7598 1.0901 
7599 1.0901 
7600 1.0901 
7601 1.0901 
7602 1.0901 
7603 1.0901 
7604 1.0901 
7605 1.0901 
7606 1.0901 
7607 1.0901 
7608 1.0901 
7609 1.0901 
7610 1.0901 
7611 1.0901 
7612 1.0901 
7613 1.0901 
7614 1.0901 
7615 1.0901 
7616 1.0901 
7617 1.0901 
7618 1.0901 
7619 1.0901 
7620 1.0901 
7621 1.0901 
7622 1.0901 
7623 1.0901 
7624 1.09009 
7625 1.09009 
7626 1.09009 
7627 1.09009 
7628 1.09009 
7629 1.09009 
7630 1.09009 
7631 1.09009 
7632 1.09009 
7633 1.09009 
7634 1.09009 
7635 1.09009 
7636 1.09009 
7637 1.09009 
7638 1.09009 
7639 1.09009 
7640 1.09009 
7641 1.09009 
7642 1.09009 
7643 1.09009 
7644 1.09009 
7645 1.09009 
7646 1.09009 
7647 1.09009 
7648 1.09009 
7649 1.09009 
7650 1.09009 
7651 1.09009 
7652 1.09008 
7653 1.09008 
7654 1.09008 
7655 1.09008 
7656 1.09008 
7657 1.09008 
7658 1.09008 
7659 1.09008 
7660 1.09008 
7661 1.09008 
7662 1.09008 
7663 1.09007 
7664 1.09007 
7665 1.09007 
7666 1.09007 
7667 1.09007 
7668 1.09007 
7669 1.09007 
7670 1.09007 
7671 1.09007 
7672 1.09006 
7673 1.09006 
7674 1.09006 
7675 1.09006 
7676 1.09006 
7677 1.09005 
7678 1.09005 
7679 1.09004 
7680 1.09004 
7681 1.09004 
7682 1.09003 
7683 1.09003 
7684 1.09003 
7685 1.09003 
7686 1.09002 
7687 1.09002 
7688 1.09002 
7689 1.09002 
7690 1.09002 
7691 1.09002 
7692 1.09001 
7693 1.09001 
7694 1.09001 
7695 1.09001 
7696 1.09 
7697 1.09 
7698 1.09 
7699 1.09 
7700 1.09 
7701 1.09 
7702 1.09 
7703 1.08999 
7704 1.08999 
7705 1.08999 
7706 1.08998 
7707 1.08998 
7708 1.08998 
7709 1.08998 
7710 1.08997 
7711 1.08997 
7712 1.08997 
7713 1.08997 
7714 1.08997 
7715 1.08996 
7716 1.08996 
7717 1.08995 
7718 1.08995 
7719 1.08994 
7720 1.08994 
7721 1.08994 
7722 1.08993 
7723 1.08993 
7724 1.08992 
7725 1.08991 
7726 1.08989 
7727 1.08987 
7728 1.08983 
7729 1.08978 
7730 1.08968 
7731 1.08961 
7732 1.0895 
7733 1.0895 
7734 1.08914 
7735 1.08903 
7736 1.08696 
7737 1.08673 
7738 1.08667 
7739 1.08666 
7740 1.08664 
7741 1.08664 
7742 1.08663 
7743 1.08662 
7744 1.08661 
7745 1.08661 
7746 1.0866 
7747 1.08659 
7748 1.08659 
7749 1.08659 
7750 1.08658 
7751 1.08658 
7752 1.08657 
7753 1.08657 
7754 1.08656 
7755 1.08656 
7756 1.08655 
7757 1.08655 
7758 1.08655 
7759 1.08653 
7760 1.08653 
7761 1.08652 
7762 1.08651 
7763 1.08651 
7764 1.0865 
7765 1.0865 
7766 1.08649 
7767 1.08648 
7768 1.08647 
7769 1.08646 
7770 1.08645 
7771 1.08644 
7772 1.08643 
7773 1.08642 
7774 1.08641 
7775 1.0864 
7776 1.08638 
7777 1.08638 
7778 1.08637 
7779 1.08636 
7780 1.08636 
7781 1.08635 
7782 1.08635 
7783 1.08634 
7784 1.08634 
7785 1.08633 
7786 1.08632 
7787 1.08631 
7788 1.08628 
7789 1.08626 
7790 1.08626 
7791 1.08624 
7792 1.08624 
7793 1.08623 
7794 1.08623 
7795 1.08622 
7796 1.08622 
7797 1.08621 
7798 1.08621 
7799 1.08621 
7800 1.08621 
7801 1.08621 
7802 1.0862 
7803 1.0862 
7804 1.0862 
7805 1.0862 
7806 1.0862 
7807 1.0862 
7808 1.0862 
7809 1.08619 
7810 1.08619 
7811 1.08619 
7812 1.08619 
7813 1.08619 
7814 1.08619 
7815 1.08618 
7816 1.08618 
7817 1.08618 
7818 1.08618 
7819 1.08618 
7820 1.08617 
7821 1.08617 
7822 1.08617 
7823 1.08617 
7824 1.08617 
7825 1.08616 
7826 1.08616 
7827 1.08616 
7828 1.08616 
7829 1.08616 
7830 1.08615 
7831 1.08615 
7832 1.08615 
7833 1.08614 
7834 1.08614 
7835 1.08614 
7836 1.08613 
7837 1.08613 
7838 1.08612 
7839 1.08612 
7840 1.08611 
7841 1.08611 
7842 1.0861 
7843 1.08609 
7844 1.08609 
7845 1.08608 
7846 1.08607 
7847 1.08607 
7848 1.08606 
7849 1.08606 
7850 1.08605 
7851 1.08604 
7852 1.08603 
7853 1.08602 
7854 1.086 
7855 1.08598 
7856 1.08594 
7857 1.08593 
7858 1.08591 
7859 1.08588 
7860 1.08582 
7861 1.08581 
7862 1.0858 
7863 1.08578 
7864 1.08577 
7865 1.08575 
7866 1.08573 
7867 1.08571 
7868 1.08569 
7869 1.08568 
7870 1.08566 
7871 1.08564 
7872 1.08561 
7873 1.08559 
7874 1.08555 
7875 1.08551 
7876 1.08543 
7877 1.08531 
7878 1.08488 
7879 1.08482 
7880 1.0848 
7881 1.0848 
7882 1.0848 
7883 1.0848 
7884 1.0848 
7885 1.0848 
7886 1.0848 
7887 1.0848 
7888 1.0848 
7889 1.0848 
7890 1.0848 
7891 1.0848 
7892 1.0848 
7893 1.0848 
7894 1.0848 
7895 1.0848 
7896 1.0848 
7897 1.0848 
7898 1.0848 
7899 1.0848 
7900 1.0848 
7901 1.0848 
7902 1.0848 
7903 1.0848 
7904 1.0848 
7905 1.0848 
7906 1.0848 
7907 1.08479 
7908 1.08479 
7909 1.08479 
7910 1.08479 
7911 1.08479 
7912 1.08479 
7913 1.08479 
7914 1.08479 
7915 1.08479 
7916 1.08479 
7917 1.08479 
7918 1.08479 
7919 1.08479 
7920 1.08479 
7921 1.08479 
7922 1.08479 
7923 1.08479 
7924 1.08479 
7925 1.08478 
7926 1.08478 
7927 1.08478 
7928 1.08478 
7929 1.08478 
7930 1.08478 
7931 1.08478 
7932 1.08478 
7933 1.08478 
7934 1.08478 
7935 1.08477 
7936 1.08477 
7937 1.08477 
7938 1.08477 
7939 1.08477 
7940 1.08477 
7941 1.08477 
7942 1.08477 
7943 1.08476 
7944 1.08476 
7945 1.08476 
7946 1.08476 
7947 1.08475 
7948 1.08475 
7949 1.08475 
7950 1.08475 
7951 1.08474 
7952 1.08474 
7953 1.08474 
7954 1.08473 
7955 1.08473 
7956 1.08473 
7957 1.08472 
7958 1.08472 
7959 1.08472 
7960 1.08472 
7961 1.08472 
7962 1.08471 
7963 1.08471 
7964 1.08471 
7965 1.08471 
7966 1.08471 
7967 1.08471 
7968 1.0847 
7969 1.0847 
7970 1.0847 
7971 1.08469 
7972 1.08469 
7973 1.08469 
7974 1.08469 
7975 1.08469 
7976 1.08469 
7977 1.08469 
7978 1.08468 
7979 1.08468 
7980 1.08468 
7981 1.08468 
7982 1.08467 
7983 1.08467 
7984 1.08467 
7985 1.08467 
7986 1.08467 
7987 1.08467 
7988 1.08466 
7989 1.08464 
7990 1.08463 
7991 1.08462 
7992 1.08461 
7993 1.0846 
7994 1.08459 
7995 1.08459 
7996 1.08458 
7997 1.08457 
7998 1.08456 
7999 1.08455 
8000 1.08455 
8001 1.08454 
8002 1.08453 
8003 1.08449 
8004 1.08445 
8005 1.08443 
8006 1.08441 
8007 1.08439 
8008 1.08437 
8009 1.08434 
8010 1.08432 
8011 1.0843 
8012 1.08424 
8013 1.08419 
8014 1.08416 
8015 1.08408 
8016 1.08408 
8017 1.08406 
8018 1.08402 
8019 1.08402 
8020 1.08402 
8021 1.08396 
8022 1.08395 
8023 1.08395 
8024 1.08394 
8025 1.08394 
8026 1.08394 
8027 1.08393 
8028 1.08393 
8029 1.08393 
8030 1.08393 
8031 1.08393 
8032 1.08393 
8033 1.08392 
8034 1.08392 
8035 1.08392 
8036 1.08392 
8037 1.08392 
8038 1.08392 
8039 1.08392 
8040 1.08392 
8041 1.08392 
8042 1.08392 
8043 1.08391 
8044 1.08391 
8045 1.08391 
8046 1.08391 
8047 1.08391 
8048 1.08391 
8049 1.08391 
8050 1.08391 
8051 1.08391 
8052 1.08391 
8053 1.08391 
8054 1.08391 
8055 1.08391 
8056 1.08391 
8057 1.08391 
8058 1.0839 
8059 1.0839 
8060 1.0839 
8061 1.0839 
8062 1.0839 
8063 1.0839 
8064 1.0839 
8065 1.0839 
8066 1.0839 
8067 1.08389 
8068 1.08389 
8069 1.08389 
8070 1.08389 
8071 1.08389 
8072 1.08389 
8073 1.08388 
8074 1.08388 
8075 1.08388 
8076 1.08388 
8077 1.08388 
8078 1.08387 
8079 1.08387 
8080 1.08387 
8081 1.08387 
8082 1.08386 
8083 1.08386 
8084 1.08385 
8085 1.08385 
8086 1.08385 
8087 1.08384 
8088 1.08383 
8089 1.08382 
8090 1.08382 
8091 1.08381 
8092 1.08381 
8093 1.08379 
8094 1.08379 
8095 1.08378 
8096 1.08377 
8097 1.08377 
8098 1.08376 
8099 1.08375 
8100 1.08375 
8101 1.08375 
8102 1.08374 
8103 1.08374 
8104 1.08374 
8105 1.08374 
8106 1.08373 
8107 1.08373 
8108 1.08372 
8109 1.08372 
8110 1.08371 
8111 1.08371 
8112 1.08371 
8113 1.0837 
8114 1.0837 
8115 1.08369 
8116 1.08369 
8117 1.08367 
8118 1.08366 
8119 1.08366 
8120 1.08365 
8121 1.08365 
8122 1.08364 
8123 1.08364 
8124 1.08363 
8125 1.08363 
8126 1.08363 
8127 1.08363 
8128 1.08363 
8129 1.08362 
8130 1.08362 
8131 1.08362 
8132 1.08362 
8133 1.08362 
8134 1.08362 
8135 1.08362 
8136 1.08362 
8137 1.08361 
8138 1.08361 
8139 1.08361 
8140 1.08361 
8141 1.08361 
8142 1.08361 
8143 1.0836 
8144 1.0836 
8145 1.0836 
8146 1.0836 
8147 1.0836 
8148 1.08359 
8149 1.08359 
8150 1.08359 
8151 1.08359 
8152 1.08359 
8153 1.08359 
8154 1.08358 
8155 1.08358 
8156 1.08358 
8157 1.08358 
8158 1.08358 
8159 1.08358 
8160 1.08357 
8161 1.08357 
8162 1.08357 
8163 1.08357 
8164 1.08357 
8165 1.08357 
8166 1.08357 
8167 1.08357 
8168 1.08357 
8169 1.08357 
8170 1.08357 
8171 1.08357 
8172 1.08357 
8173 1.08357 
8174 1.08357 
8175 1.08357 
8176 1.08357 
8177 1.08357 
8178 1.08357 
8179 1.08357 
8180 1.08351 
8181 1.08351 
8182 1.08351 
8183 1.08351 
8184 1.08351 
8185 1.08351 
8186 1.08351 
8187 1.08351 
8188 1.08351 
8189 1.08351 
8190 1.08351 
8191 1.08351 
8192 1.08351 
8193 1.08351 
8194 1.08351 
8195 1.08351 
8196 1.08351 
8197 1.08351 
8198 1.08351 
8199 1.08351 
8200 1.08351 
8201 1.08351 
8202 1.08351 
8203 1.08351 
8204 1.08351 
8205 1.08351 
8206 1.08351 
8207 1.08351 
8208 1.08351 
8209 1.0835 
8210 1.0835 
8211 1.0835 
8212 1.0835 
8213 1.0835 
8214 1.0835 
8215 1.0835 
8216 1.0835 
8217 1.0835 
8218 1.0835 
8219 1.0835 
8220 1.0835 
8221 1.0835 
8222 1.0835 
8223 1.0835 
8224 1.0835 
8225 1.0835 
8226 1.0835 
8227 1.0835 
8228 1.0835 
8229 1.0835 
8230 1.0835 
8231 1.0835 
8232 1.0835 
8233 1.0835 
8234 1.08349 
8235 1.08349 
8236 1.08349 
8237 1.08349 
8238 1.08349 
8239 1.08349 
8240 1.08349 
8241 1.08349 
8242 1.08349 
8243 1.08349 
8244 1.08349 
8245 1.08349 
8246 1.08349 
8247 1.08349 
8248 1.08349 
8249 1.08349 
8250 1.08349 
8251 1.08348 
8252 1.08348 
8253 1.08348 
8254 1.08348 
8255 1.08348 
8256 1.08347 
8257 1.08347 
8258 1.08347 
8259 1.08347 
8260 1.08347 
8261 1.08346 
8262 1.08346 
8263 1.08346 
8264 1.08346 
8265 1.08346 
8266 1.08346 
8267 1.08346 
8268 1.08346 
8269 1.08346 
8270 1.08346 
8271 1.08346 
8272 1.08346 
8273 1.08346 
8274 1.08345 
8275 1.08345 
8276 1.08345 
8277 1.08345 
8278 1.08345 
8279 1.08345 
8280 1.08345 
8281 1.08345 
8282 1.08345 
8283 1.08345 
8284 1.08345 
8285 1.08345 
8286 1.08345 
8287 1.08344 
8288 1.08344 
8289 1.08344 
8290 1.08343 
8291 1.08342 
8292 1.08341 
8293 1.08341 
8294 1.08341 
8295 1.08341 
8296 1.0834 
8297 1.0834 
8298 1.0834 
8299 1.0834 
8300 1.08339 
8301 1.08339 
8302 1.08339 
8303 1.08339 
8304 1.08339 
8305 1.08339 
8306 1.08339 
8307 1.08339 
8308 1.08339 
8309 1.08339 
8310 1.08339 
8311 1.08339 
8312 1.0834 
8313 1.0834 
8314 1.0834 
8315 1.08336 
8316 1.08336 
8317 1.08336 
8318 1.08336 
8319 1.08334 
8320 1.08334 
8321 1.08334 
8322 1.08334 
8323 1.08334 
8324 1.08334 
8325 1.08334 
8326 1.08333 
8327 1.08333 
8328 1.08333 
8329 1.08333 
8330 1.08333 
8331 1.08333 
8332 1.08333 
8333 1.08333 
8334 1.08333 
8335 1.08333 
8336 1.08333 
8337 1.08333 
8338 1.08333 
8339 1.08333 
8340 1.08333 
8341 1.08333 
8342 1.08333 
8343 1.08333 
8344 1.08333 
8345 1.08333 
8346 1.08333 
8347 1.08333 
8348 1.08333 
8349 1.08333 
8350 1.08333 
8351 1.08333 
8352 1.08333 
8353 1.08333 
8354 1.08333 
8355 1.08333 
8356 1.08333 
8357 1.08333 
8358 1.08333 
8359 1.08333 
8360 1.08333 
8361 1.08333 
8362 1.08333 
8363 1.08333 
8364 1.08333 
8365 1.08333 
8366 1.08333 
8367 1.08333 
8368 1.08333 
8369 1.08333 
8370 1.08333 
8371 1.08333 
8372 1.08333 
8373 1.08333 
8374 1.08333 
8375 1.08332 
8376 1.08332 
8377 1.08332 
8378 1.08332 
8379 1.08332 
8380 1.08332 
8381 1.08332 
8382 1.08332 
8383 1.08332 
8384 1.08332 
8385 1.08332 
8386 1.08332 
8387 1.08332 
8388 1.08332 
8389 1.08332 
8390 1.08332 
8391 1.08332 
8392 1.08332 
8393 1.08332 
8394 1.08332 
8395 1.08332 
8396 1.08332 
8397 1.08331 
8398 1.08331 
8399 1.08331 
8400 1.08331 
8401 1.08331 
8402 1.08331 
8403 1.08331 
8404 1.08331 
8405 1.08331 
8406 1.08331 
8407 1.08331 
8408 1.0833 
8409 1.0833 
8410 1.0833 
8411 1.0833 
8412 1.08329 
8413 1.08329 
8414 1.08329 
8415 1.08329 
8416 1.08328 
8417 1.08328 
8418 1.08328 
8419 1.08328 
8420 1.08328 
8421 1.08328 
8422 1.08328 
8423 1.08327 
8424 1.08327 
8425 1.08327 
8426 1.08327 
8427 1.08327 
8428 1.08327 
8429 1.08327 
8430 1.08327 
8431 1.08327 
8432 1.08327 
8433 1.08326 
8434 1.08326 
8435 1.08326 
8436 1.08326 
8437 1.08326 
8438 1.08326 
8439 1.08326 
8440 1.08325 
8441 1.08323 
8442 1.08322 
8443 1.08322 
8444 1.08322 
8445 1.08322 
8446 1.08321 
8447 1.08321 
8448 1.08321 
8449 1.08321 
8450 1.08321 
8451 1.08321 
8452 1.08321 
8453 1.08321 
8454 1.08321 
8455 1.08321 
8456 1.08321 
8457 1.08321 
8458 1.08321 
8459 1.08321 
8460 1.08321 
8461 1.08321 
8462 1.08321 
8463 1.0832 
8464 1.0832 
8465 1.08319 
8466 1.0832 
8467 1.08329 
8468 1.08329 
8469 1.08335 
8470 1.08333 
8471 1.08333 
8472 1.08333 
8473 1.08333 
8474 1.0833 
8475 1.0833 
8476 1.0833 
8477 1.0833 
8478 1.0833 
8479 1.0833 
8480 1.0833 
8481 1.08329 
8482 1.08329 
8483 1.08329 
8484 1.08329 
8485 1.08329 
8486 1.08329 
8487 1.08329 
8488 1.08329 
8489 1.08329 
8490 1.08329 
8491 1.08329 
8492 1.08329 
8493 1.08329 
8494 1.08329 
8495 1.08329 
8496 1.08329 
8497 1.08328 
8498 1.08328 
8499 1.08328 
8500 1.08328 
8501 1.08328 
8502 1.08328 
8503 1.08328 
8504 1.08328 
8505 1.08328 
8506 1.08328 
8507 1.08328 
8508 1.08328 
8509 1.08328 
8510 1.08328 
8511 1.08328 
8512 1.08328 
8513 1.08327 
8514 1.08327 
8515 1.08327 
8516 1.08327 
8517 1.08327 
8518 1.08327 
8519 1.08327 
8520 1.08327 
8521 1.08327 
8522 1.08327 
8523 1.08327 
8524 1.08327 
8525 1.08327 
8526 1.08327 
8527 1.08327 
8528 1.08327 
8529 1.08327 
8530 1.08327 
8531 1.08327 
8532 1.08327 
8533 1.08327 
8534 1.08327 
8535 1.08326 
8536 1.08326 
8537 1.08326 
8538 1.08326 
8539 1.08326 
8540 1.08326 
8541 1.08326 
8542 1.08326 
8543 1.08326 
8544 1.08326 
8545 1.08326 
8546 1.08326 
8547 1.08326 
8548 1.08326 
8549 1.08326 
8550 1.08325 
8551 1.08325 
8552 1.08325 
8553 1.08325 
8554 1.08325 
8555 1.08325 
8556 1.08325 
8557 1.08325 
8558 1.08325 
8559 1.08324 
8560 1.08324 
8561 1.08324 
8562 1.08324 
8563 1.08324 
8564 1.08324 
8565 1.08324 
8566 1.08323 
8567 1.08323 
8568 1.08323 
8569 1.08323 
8570 1.08323 
8571 1.08323 
8572 1.08322 
8573 1.08322 
8574 1.08322 
8575 1.08322 
8576 1.08322 
8577 1.08321 
8578 1.08321 
8579 1.0832 
8580 1.0832 
8581 1.0832 
8582 1.08319 
8583 1.08319 
8584 1.08319 
8585 1.08319 
8586 1.08318 
8587 1.08318 
8588 1.08318 
8589 1.08318 
8590 1.08318 
8591 1.08317 
8592 1.08317 
8593 1.08317 
8594 1.08317 
8595 1.08317 
8596 1.08317 
8597 1.08317 
8598 1.08317 
8599 1.08316 
8600 1.08316 
8601 1.08316 
8602 1.08316 
8603 1.08316 
8604 1.08316 
8605 1.08316 
8606 1.08315 
8607 1.08315 
8608 1.08315 
8609 1.08315 
8610 1.08315 
8611 1.08315 
8612 1.08313 
8613 1.08313 
8614 1.08312 
8615 1.08311 
8616 1.0831 
8617 1.0831 
8618 1.08309 
8619 1.08309 
8620 1.08308 
8621 1.08308 
8622 1.08308 
8623 1.08307 
8624 1.08307 
8625 1.08306 
8626 1.08306 
8627 1.08306 
8628 1.08306 
8629 1.08306 
8630 1.08306 
8631 1.08306 
8632 1.08305 
8633 1.08305 
8634 1.08305 
8635 1.08305 
8636 1.08305 
8637 1.08304 
8638 1.08305 
8639 1.08299 
8640 1.08299 
8641 1.08299 
8642 1.08299 
8643 1.08299 
8644 1.08299 
8645 1.08299 
8646 1.08299 
8647 1.08299 
8648 1.08299 
8649 1.08298 
8650 1.08298 
8651 1.08298 
8652 1.08298 
8653 1.08298 
8654 1.08298 
8655 1.08298 
8656 1.08298 
8657 1.08298 
8658 1.08298 
8659 1.08298 
8660 1.08298 
8661 1.08298 
8662 1.08298 
8663 1.08298 
8664 1.08298 
8665 1.08298 
8666 1.08298 
8667 1.08298 
8668 1.08298 
8669 1.08298 
8670 1.08298 
8671 1.08298 
8672 1.08298 
8673 1.08298 
8674 1.08298 
8675 1.08298 
8676 1.08298 
8677 1.08298 
8678 1.08298 
8679 1.08298 
8680 1.08298 
8681 1.08297 
8682 1.08297 
8683 1.08297 
8684 1.08297 
8685 1.08297 
8686 1.08297 
8687 1.08297 
8688 1.08297 
8689 1.08297 
8690 1.08297 
8691 1.08297 
8692 1.08297 
8693 1.08297 
8694 1.08297 
8695 1.08297 
8696 1.08296 
8697 1.08296 
8698 1.08296 
8699 1.08296 
8700 1.08296 
8701 1.08296 
8702 1.08296 
8703 1.08296 
8704 1.08295 
8705 1.08295 
8706 1.08295 
8707 1.08294 
8708 1.08294 
8709 1.08294 
8710 1.08294 
8711 1.08293 
8712 1.08293 
8713 1.08293 
8714 1.08293 
8715 1.08293 
8716 1.08293 
8717 1.08293 
8718 1.08293 
8719 1.08293 
8720 1.08293 
8721 1.08293 
8722 1.08293 
8723 1.08293 
8724 1.08293 
8725 1.08293 
8726 1.08292 
8727 1.08292 
8728 1.08292 
8729 1.08292 
8730 1.08292 
8731 1.08292 
8732 1.08292 
8733 1.08292 
8734 1.08292 
8735 1.08292 
8736 1.08292 
8737 1.08292 
8738 1.08292 
8739 1.08292 
8740 1.08292 
8741 1.08292 
8742 1.08291 
8743 1.0829 
8744 1.0829 
8745 1.0829 
8746 1.08289 
8747 1.08289 
8748 1.08289 
8749 1.08289 
8750 1.08289 
8751 1.08289 
8752 1.08289 
8753 1.08289 
8754 1.08289 
8755 1.08289 
8756 1.08289 
8757 1.08289 
8758 1.0829 
8759 1.0829 
8760 1.0829 
8761 1.08291 
8762 1.08291 
8763 1.08292 
8764 1.08292 
8765 1.08294 
8766 1.08301 
8767 1.08296 
8768 1.08295 
8769 1.08295 
8770 1.08294 
8771 1.08294 
8772 1.08293 
8773 1.08293 
8774 1.08293 
8775 1.08293 
8776 1.08293 
8777 1.08293 
8778 1.08293 
8779 1.08293 
8780 1.08293 
8781 1.08293 
8782 1.08293 
8783 1.08293 
8784 1.08293 
8785 1.08292 
8786 1.08292 
8787 1.08292 
8788 1.08292 
8789 1.08292 
8790 1.08292 
8791 1.08292 
8792 1.08292 
8793 1.08292 
8794 1.08292 
8795 1.08292 
8796 1.08292 
8797 1.08292 
8798 1.08292 
8799 1.08292 
8800 1.08292 
8801 1.08292 
8802 1.08292 
8803 1.08292 
8804 1.08292 
8805 1.08292 
8806 1.08292 
8807 1.08292 
8808 1.08291 
8809 1.08291 
8810 1.08291 
8811 1.08291 
8812 1.08291 
8813 1.08291 
8814 1.08291 
8815 1.08291 
8816 1.08291 
8817 1.08291 
8818 1.08291 
8819 1.08291 
8820 1.08291 
8821 1.08291 
8822 1.0829 
8823 1.0829 
8824 1.0829 
8825 1.0829 
8826 1.0829 
8827 1.0829 
8828 1.0829 
8829 1.0829 
8830 1.08289 
8831 1.08289 
8832 1.08289 
8833 1.08289 
8834 1.08288 
8835 1.08287 
8836 1.08287 
8837 1.08287 
8838 1.08286 
8839 1.08286 
8840 1.08285 
8841 1.08285 
8842 1.08285 
8843 1.08284 
8844 1.08284 
8845 1.08284 
8846 1.08284 
8847 1.08284 
8848 1.08284 
8849 1.08284 
8850 1.08283 
8851 1.08283 
8852 1.08283 
8853 1.08283 
8854 1.08283 
8855 1.08283 
8856 1.08283 
8857 1.08283 
8858 1.08282 
8859 1.08282 
8860 1.08282 
8861 1.08282 
8862 1.08281 
8863 1.08281 
8864 1.0828 
8865 1.0828 
8866 1.0828 
8867 1.08279 
8868 1.08279 
8869 1.08279 
8870 1.08279 
8871 1.08278 
8872 1.08278 
8873 1.08278 
8874 1.08278 
8875 1.08278 
8876 1.08278 
8877 1.08278 
8878 1.08278 
8879 1.08278 
8880 1.08278 
8881 1.08279 
8882 1.08279 
8883 1.08279 
8884 1.0828 
8885 1.0828 
8886 1.08282 
8887 1.0828 
8888 1.0828 
8889 1.0828 
8890 1.0828 
8891 1.0828 
8892 1.08279 
8893 1.08279 
8894 1.08279 
8895 1.08278 
8896 1.08278 
8897 1.08278 
8898 1.08278 
8899 1.08277 
8900 1.08277 
8901 1.08277 
8902 1.08277 
8903 1.08276 
8904 1.08276 
8905 1.08276 
8906 1.08275 
8907 1.08275 
8908 1.08275 
8909 1.08275 
8910 1.08274 
8911 1.08274 
8912 1.08274 
8913 1.08274 
8914 1.08274 
8915 1.08273 
8916 1.08273 
8917 1.08273 
8918 1.08273 
8919 1.08273 
8920 1.08273 
8921 1.08272 
8922 1.08272 
8923 1.08272 
8924 1.08271 
8925 1.08271 
8926 1.08271 
8927 1.08271 
8928 1.0827 
8929 1.0827 
8930 1.08269 
8931 1.08269 
8932 1.08268 
8933 1.08268 
8934 1.08268 
8935 1.08268 
8936 1.08267 
8937 1.08267 
8938 1.08267 
8939 1.08267 
8940 1.08267 
8941 1.08266 
8942 1.08266 
8943 1.08266 
8944 1.08266 
8945 1.08266 
8946 1.08266 
8947 1.08266 
8948 1.08266 
8949 1.08265 
8950 1.08265 
8951 1.08265 
8952 1.08265 
8953 1.08265 
8954 1.08264 
8955 1.08264 
8956 1.08263 
8957 1.08263 
8958 1.08263 
8959 1.08262 
8960 1.08262 
8961 1.08262 
8962 1.08262 
8963 1.08262 
8964 1.08262 
8965 1.08262 
8966 1.08262 
8967 1.08261 
8968 1.08261 
8969 1.08261 
8970 1.08261 
8971 1.08261 
8972 1.08261 
8973 1.08261 
8974 1.08261 
8975 1.08262 
8976 1.08262 
8977 1.08262 
8978 1.08261 
8979 1.08261 
8980 1.0826 
8981 1.08256 
8982 1.08254 
8983 1.08254 
8984 1.08254 
8985 1.08254 
8986 1.08254 
8987 1.08254 
8988 1.08254 
8989 1.08254 
8990 1.08254 
8991 1.08254 
8992 1.08254 
8993 1.08254 
8994 1.08254 
8995 1.08254 
8996 1.08254 
8997 1.08254 
8998 1.08254 
8999 1.08254 
9000 1.08254 
9001 1.08254 
9002 1.08254 
9003 1.08254 
9004 1.08254 
9005 1.08254 
9006 1.08254 
9007 1.08254 
9008 1.08254 
9009 1.08254 
9010 1.08254 
9011 1.08254 
9012 1.08254 
9013 1.08254 
9014 1.08254 
9015 1.08254 
9016 1.08254 
9017 1.08254 
9018 1.08254 
9019 1.08254 
9020 1.08254 
9021 1.08253 
9022 1.08253 
9023 1.08253 
9024 1.08253 
9025 1.08253 
9026 1.08253 
9027 1.08253 
9028 1.08253 
9029 1.08253 
9030 1.08253 
9031 1.08253 
9032 1.08253 
9033 1.08253 
9034 1.08253 
9035 1.08253 
9036 1.08253 
9037 1.08253 
9038 1.08253 
9039 1.08252 
9040 1.08252 
9041 1.08252 
9042 1.08252 
9043 1.08252 
9044 1.08252 
9045 1.08252 
9046 1.08252 
9047 1.08251 
9048 1.08251 
9049 1.08251 
9050 1.08251 
9051 1.08251 
9052 1.08251 
9053 1.0825 
9054 1.0825 
9055 1.0825 
9056 1.0825 
9057 1.0825 
9058 1.08249 
9059 1.08249 
9060 1.08249 
9061 1.08249 
9062 1.08249 
9063 1.08249 
9064 1.08248 
9065 1.08248 
9066 1.08248 
9067 1.08248 
9068 1.08248 
9069 1.08248 
9070 1.08248 
9071 1.08248 
9072 1.08248 
9073 1.08248 
9074 1.08248 
9075 1.08248 
9076 1.08248 
9077 1.08248 
9078 1.08247 
9079 1.08247 
9080 1.08247 
9081 1.08247 
9082 1.08247 
9083 1.08247 
9084 1.08247 
9085 1.08247 
9086 1.08246 
9087 1.08245 
9088 1.08244 
9089 1.08244 
9090 1.08243 
9091 1.08242 
9092 1.08242 
9093 1.08242 
9094 1.08241 
9095 1.08241 
9096 1.08241 
9097 1.0824 
9098 1.0824 
9099 1.0824 
9100 1.0824 
9101 1.0824 
9102 1.0824 
9103 1.0824 
9104 1.0824 
9105 1.0824 
9106 1.0824 
9107 1.0824 
9108 1.0824 
9109 1.0824 
9110 1.0824 
9111 1.08237 
9112 1.08239 
9113 1.08245 
9114 1.08244 
9115 1.08244 
9116 1.0824 
9117 1.08236 
9118 1.08236 
9119 1.08236 
9120 1.08235 
9121 1.08235 
9122 1.08235 
9123 1.08235 
9124 1.08235 
9125 1.08234 
9126 1.08234 
9127 1.08234 
9128 1.08234 
9129 1.08234 
9130 1.08234 
9131 1.08233 
9132 1.08233 
9133 1.08233 
9134 1.08233 
9135 1.08233 
9136 1.08233 
9137 1.08232 
9138 1.08232 
9139 1.08232 
9140 1.08232 
9141 1.08232 
9142 1.08231 
9143 1.08231 
9144 1.08231 
9145 1.08231 
9146 1.08231 
9147 1.08231 
9148 1.0823 
9149 1.0823 
9150 1.0823 
9151 1.0823 
9152 1.0823 
9153 1.0823 
9154 1.08229 
9155 1.08229 
9156 1.08229 
9157 1.08228 
9158 1.08228 
9159 1.08228 
9160 1.08228 
9161 1.08227 
9162 1.08227 
9163 1.08226 
9164 1.08226 
9165 1.08225 
9166 1.08225 
9167 1.08224 
9168 1.08224 
9169 1.08223 
9170 1.08222 
9171 1.08222 
9172 1.08222 
9173 1.08222 
9174 1.08222 
9175 1.08221 
9176 1.08221 
9177 1.08221 
9178 1.08221 
9179 1.08221 
9180 1.08221 
9181 1.08221 
9182 1.0822 
9183 1.0822 
9184 1.0822 
9185 1.0822 
9186 1.0822 
9187 1.0822 
9188 1.0822 
9189 1.0822 
9190 1.08219 
9191 1.08219 
9192 1.08218 
9193 1.08218 
9194 1.08218 
9195 1.08217 
9196 1.08217 
9197 1.08216 
9198 1.08216 
9199 1.08216 
9200 1.08215 
9201 1.08215 
9202 1.08215 
9203 1.08214 
9204 1.08214 
9205 1.08214 
9206 1.08213 
9207 1.08213 
9208 1.08213 
9209 1.08212 
9210 1.08212 
9211 1.08212 
9212 1.08211 
9213 1.08211 
9214 1.08211 
9215 1.0821 
9216 1.0821 
9217 1.0821 
9218 1.0821 
9219 1.0821 
9220 1.0821 
9221 1.0821 
9222 1.0821 
9223 1.0821 
9224 1.0821 
9225 1.08209 
9226 1.08208 
9227 1.08207 
9228 1.08206 
9229 1.08204 
9230 1.08198 
9231 1.08192 
9232 1.08192 
9233 1.08192 
9234 1.08192 
9235 1.08192 
9236 1.08192 
9237 1.08192 
9238 1.08192 
9239 1.08192 
9240 1.08192 
9241 1.08192 
9242 1.08192 
9243 1.08192 
9244 1.08192 
9245 1.08192 
9246 1.08192 
9247 1.08192 
9248 1.08192 
9249 1.08192 
9250 1.08192 
9251 1.08192 
9252 1.08192 
9253 1.08192 
9254 1.08191 
9255 1.08191 
9256 1.08191 
9257 1.08191 
9258 1.08191 
9259 1.08191 
9260 1.08191 
9261 1.08191 
9262 1.08191 
9263 1.08191 
9264 1.08191 
9265 1.08191 
9266 1.08191 
9267 1.08191 
9268 1.08191 
9269 1.08191 
9270 1.08191 
9271 1.08191 
9272 1.08191 
9273 1.08191 
9274 1.08191 
9275 1.08191 
9276 1.08191 
9277 1.08191 
9278 1.08191 
9279 1.08191 
9280 1.08191 
9281 1.08191 
9282 1.08191 
9283 1.08191 
9284 1.08191 
9285 1.08191 
9286 1.08191 
9287 1.08191 
9288 1.08191 
9289 1.08191 
9290 1.08191 
9291 1.08191 
9292 1.08191 
9293 1.0819 
9294 1.0819 
9295 1.0819 
9296 1.0819 
9297 1.0819 
9298 1.0819 
9299 1.0819 
9300 1.0819 
9301 1.0819 
9302 1.0819 
9303 1.0819 
9304 1.0819 
9305 1.0819 
9306 1.0819 
9307 1.0819 
9308 1.0819 
9309 1.0819 
9310 1.08189 
9311 1.08189 
9312 1.08189 
9313 1.08189 
9314 1.08189 
9315 1.08189 
9316 1.08189 
9317 1.08189 
9318 1.08189 
9319 1.08189 
9320 1.08189 
9321 1.08189 
9322 1.08188 
9323 1.08188 
9324 1.08188 
9325 1.08188 
9326 1.08188 
9327 1.08187 
9328 1.08187 
9329 1.08187 
9330 1.08187 
9331 1.08187 
9332 1.08186 
9333 1.08186 
9334 1.08186 
9335 1.08186 
9336 1.08186 
9337 1.08186 
9338 1.08186 
9339 1.08186 
9340 1.08186 
9341 1.08186 
9342 1.08186 
9343 1.08186 
9344 1.08186 
9345 1.08186 
9346 1.08186 
9347 1.08185 
9348 1.08185 
9349 1.08185 
9350 1.08185 
9351 1.08185 
9352 1.08185 
9353 1.08185 
9354 1.08185 
9355 1.08185 
9356 1.08185 
9357 1.08185 
9358 1.08185 
9359 1.08185 
9360 1.08184 
9361 1.08184 
9362 1.08182 
9363 1.08181 
9364 1.08181 
9365 1.0818 
9366 1.0818 
9367 1.0818 
9368 1.08179 
9369 1.08179 
9370 1.08179 
9371 1.08179 
9372 1.08178 
9373 1.08178 
9374 1.08178 
9375 1.08177 
9376 1.08177 
9377 1.08177 
9378 1.08177 
9379 1.08176 
9380 1.08176 
9381 1.08176 
9382 1.08176 
9383 1.08176 
9384 1.08176 
9385 1.08176 
9386 1.08176 
9387 1.08176 
9388 1.08177 
9389 1.08175 
9390 1.08174 
9391 1.08171 
9392 1.08166 
9393 1.08161 
9394 1.08161 
9395 1.08161 
9396 1.0816 
9397 1.0816 
9398 1.0816 
9399 1.0816 
9400 1.0816 
9401 1.0816 
9402 1.0816 
9403 1.0816 
9404 1.0816 
9405 1.0816 
9406 1.0816 
9407 1.0816 
9408 1.0816 
9409 1.0816 
9410 1.08159 
9411 1.08159 
9412 1.08159 
9413 1.08159 
9414 1.08159 
9415 1.08159 
9416 1.08159 
9417 1.08159 
9418 1.08159 
9419 1.08159 
9420 1.08159 
9421 1.08159 
9422 1.08158 
9423 1.08158 
9424 1.08158 
9425 1.08158 
9426 1.08158 
9427 1.08158 
9428 1.08158 
9429 1.08158 
9430 1.08157 
9431 1.08157 
9432 1.08157 
9433 1.08157 
9434 1.08156 
9435 1.08156 
9436 1.08156 
9437 1.08156 
9438 1.08155 
9439 1.08155 
9440 1.08155 
9441 1.08155 
9442 1.08155 
9443 1.08155 
9444 1.08155 
9445 1.08155 
9446 1.08155 
9447 1.08155 
9448 1.08155 
9449 1.08155 
9450 1.08155 
9451 1.08155 
9452 1.08154 
9453 1.08154 
9454 1.08154 
9455 1.08154 
9456 1.08154 
9457 1.08154 
9458 1.08154 
9459 1.08154 
9460 1.08154 
9461 1.08154 
9462 1.08153 
9463 1.08151 
9464 1.08151 
9465 1.0815 
9466 1.08149 
9467 1.08149 
9468 1.08148 
9469 1.08148 
9470 1.08148 
9471 1.08147 
9472 1.08147 
9473 1.08147 
9474 1.08146 
9475 1.08146 
9476 1.08146 
9477 1.08145 
9478 1.08145 
9479 1.08145 
9480 1.08145 
9481 1.08144 
9482 1.08144 
9483 1.08143 
9484 1.08143 
9485 1.08143 
9486 1.08142 
9487 1.08142 
9488 1.08142 
9489 1.08142 
9490 1.08141 
9491 1.08139 
9492 1.08136 
9493 1.08129 
9494 1.08126 
9495 1.08111 
9496 1.08109 
9497 1.08108 
9498 1.08107 
9499 1.08106 
9500 1.08106 
9501 1.08105 
9502 1.08105 
9503 1.08105 
9504 1.08105 
9505 1.08105 
9506 1.08105 
9507 1.08104 
9508 1.08104 
9509 1.08104 
9510 1.08104 
9511 1.08104 
9512 1.08103 
9513 1.08103 
9514 1.08103 
9515 1.08103 
9516 1.08102 
9517 1.08102 
9518 1.08102 
9519 1.08102 
9520 1.08101 
9521 1.08101 
9522 1.081 
9523 1.081 
9524 1.08099 
9525 1.08099 
9526 1.08099 
9527 1.08098 
9528 1.08098 
9529 1.08098 
9530 1.08098 
9531 1.08098 
9532 1.08098 
9533 1.08098 
9534 1.08098 
9535 1.08098 
9536 1.08098 
9537 1.08098 
9538 1.08098 
9539 1.08098 
9540 1.08098 
9541 1.08098 
9542 1.08097 
9543 1.08097 
9544 1.08096 
9545 1.08096 
9546 1.08095 
9547 1.08095 
9548 1.08095 
9549 1.08094 
9550 1.08094 
9551 1.08094 
9552 1.08094 
9553 1.08093 
9554 1.08093 
9555 1.08093 
9556 1.08093 
9557 1.08092 
9558 1.08092 
9559 1.08092 
9560 1.08092 
9561 1.08093 
9562 1.08093 
9563 1.08093 
9564 1.08093 
9565 1.08092 
9566 1.08091 
9567 1.0809 
9568 1.08089 
9569 1.08088 
9570 1.08085 
9571 1.0808 
9572 1.08046 
9573 1.08042 
9574 1.08041 
9575 1.08041 
9576 1.08041 
9577 1.08041 
9578 1.08041 
9579 1.0804 
9580 1.0804 
9581 1.08039 
9582 1.08039 
9583 1.08039 
9584 1.08038 
9585 1.08038 
9586 1.08038 
9587 1.08038 
9588 1.08037 
9589 1.08036 
9590 1.08036 
9591 1.08036 
9592 1.08035 
9593 1.08035 
9594 1.08035 
9595 1.08035 
9596 1.08035 
9597 1.08035 
9598 1.08035 
9599 1.08034 
9600 1.08034 
9601 1.08034 
9602 1.08034 
9603 1.08034 
9604 1.08034 
9605 1.08034 
9606 1.08034 
9607 1.08033 
9608 1.08033 
9609 1.08033 
9610 1.08033 
9611 1.08033 
9612 1.08033 
9613 1.08032 
9614 1.08032 
9615 1.08032 
9616 1.08032 
9617 1.08032 
9618 1.08031 
9619 1.08031 
9620 1.08031 
9621 1.08031 
9622 1.08031 
9623 1.0803 
9624 1.0803 
9625 1.0803 
9626 1.0803 
9627 1.08029 
9628 1.08029 
9629 1.08029 
9630 1.08029 
9631 1.08029 
9632 1.08029 
9633 1.08029 
9634 1.08028 
9635 1.08028 
9636 1.08028 
9637 1.08028 
9638 1.08028 
9639 1.08028 
9640 1.08028 
9641 1.08028 
9642 1.08027 
9643 1.08027 
9644 1.08024 
9645 1.08023 
9646 1.08023 
9647 1.08023 
9648 1.08022 
9649 1.08022 
9650 1.08022 
9651 1.08021 
9652 1.08021 
9653 1.08021 
9654 1.0802 
9655 1.0802 
9656 1.0802 
9657 1.0802 
9658 1.0802 
9659 1.08019 
9660 1.08019 
9661 1.08019 
9662 1.08018 
9663 1.08017 
9664 1.08016 
9665 1.08015 
9666 1.08014 
9667 1.08013 
9668 1.08012 
9669 1.08011 
9670 1.0801 
9671 1.08009 
9672 1.08007 
9673 1.08004 
9674 1.07999 
9675 1.07991 
9676 1.0795 
9677 1.07946 
9678 1.07946 
9679 1.07944 
9680 1.07944 
9681 1.07944 
9682 1.07943 
9683 1.07943 
9684 1.07943 
9685 1.07943 
9686 1.07943 
9687 1.07943 
9688 1.07943 
9689 1.07943 
9690 1.07943 
9691 1.07943 
9692 1.07943 
9693 1.07943 
9694 1.07943 
9695 1.07943 
9696 1.07943 
9697 1.07943 
9698 1.07943 
9699 1.07942 
9700 1.07942 
9701 1.07942 
9702 1.07942 
9703 1.07942 
9704 1.07942 
9705 1.07942 
9706 1.07942 
9707 1.07942 
9708 1.07942 
9709 1.07942 
9710 1.07942 
9711 1.07941 
9712 1.07941 
9713 1.07941 
9714 1.07941 
9715 1.07941 
9716 1.07941 
9717 1.07941 
9718 1.07941 
9719 1.07941 
9720 1.0794 
9721 1.0794 
9722 1.0794 
9723 1.0794 
9724 1.07939 
9725 1.07939 
9726 1.07939 
9727 1.07938 
9728 1.07938 
9729 1.07937 
9730 1.07937 
9731 1.07937 
9732 1.07937 
9733 1.07936 
9734 1.07936 
9735 1.07936 
9736 1.07936 
9737 1.07936 
9738 1.07936 
9739 1.07935 
9740 1.07935 
9741 1.07935 
9742 1.07935 
9743 1.07935 
9744 1.07934 
9745 1.07934 
9746 1.07934 
9747 1.07934 
9748 1.07934 
9749 1.07934 
9750 1.07933 
9751 1.07933 
9752 1.07933 
9753 1.0793 
9754 1.07929 
9755 1.07928 
9756 1.07928 
9757 1.07927 
9758 1.07926 
9759 1.07925 
9760 1.07924 
9761 1.07924 
9762 1.07923 
9763 1.07923 
9764 1.07922 
9765 1.07921 
9766 1.07921 
9767 1.0792 
9768 1.07919 
9769 1.07918 
9770 1.07917 
9771 1.07915 
9772 1.07913 
9773 1.07911 
9774 1.07907 
9775 1.07901 
9776 1.0789 
9777 1.07884 
9778 1.07884 
9779 1.07884 
9780 1.07884 
9781 1.07884 
9782 1.07884 
9783 1.07884 
9784 1.07884 
9785 1.07884 
9786 1.07884 
9787 1.07884 
9788 1.07884 
9789 1.07884 
9790 1.07884 
9791 1.07884 
9792 1.07884 
9793 1.07884 
9794 1.07884 
9795 1.07884 
9796 1.07884 
9797 1.07884 
9798 1.07884 
9799 1.07884 
9800 1.07884 
9801 1.07884 
9802 1.07884 
9803 1.07884 
9804 1.07884 
9805 1.07884 
9806 1.07884 
9807 1.07884 
9808 1.07884 
9809 1.07884 
9810 1.07884 
9811 1.07884 
9812 1.07884 
9813 1.07884 
9814 1.07884 
9815 1.07884 
9816 1.07884 
9817 1.07884 
9818 1.07884 
9819 1.07883 
9820 1.07883 
9821 1.07883 
9822 1.07883 
9823 1.07883 
9824 1.07883 
9825 1.07883 
9826 1.07883 
9827 1.07883 
9828 1.07883 
9829 1.07883 
9830 1.07883 
9831 1.07883 
9832 1.07883 
9833 1.07883 
9834 1.07883 
9835 1.07883 
9836 1.07883 
9837 1.07883 
9838 1.07883 
9839 1.07883 
9840 1.07883 
9841 1.07883 
9842 1.07883 
9843 1.07883 
9844 1.07883 
9845 1.07883 
9846 1.07883 
9847 1.07883 
9848 1.07883 
9849 1.07883 
9850 1.07883 
9851 1.07882 
9852 1.07882 
9853 1.07882 
9854 1.07882 
9855 1.07882 
9856 1.07882 
9857 1.07882 
9858 1.07882 
9859 1.07882 
9860 1.07882 
9861 1.07882 
9862 1.07882 
9863 1.07882 
9864 1.07882 
9865 1.07882 
9866 1.07882 
9867 1.07881 
9868 1.07881 
9869 1.07881 
9870 1.07881 
9871 1.07881 
9872 1.07881 
9873 1.0788 
9874 1.0788 
9875 1.0788 
9876 1.0788 
9877 1.0788 
9878 1.07879 
9879 1.07879 
9880 1.07879 
9881 1.07879 
9882 1.07879 
9883 1.07879 
9884 1.07879 
9885 1.07879 
9886 1.07879 
9887 1.07878 
9888 1.07878 
9889 1.07878 
9890 1.07878 
9891 1.07878 
9892 1.07878 
9893 1.07878 
9894 1.07878 
9895 1.07878 
9896 1.07877 
9897 1.07877 
9898 1.07877 
9899 1.07877 
9900 1.07877 
9901 1.07877 
9902 1.07877 
9903 1.07877 
9904 1.07877 
9905 1.07876 
9906 1.07876 
9907 1.07876 
9908 1.07876 
9909 1.07876 
9910 1.07876 
9911 1.07876 
9912 1.0787 
9913 1.0787 
9914 1.0787 
9915 1.0787 
9916 1.07869 
9917 1.07869 
9918 1.07869 
9919 1.07869 
9920 1.07868 
9921 1.07868 
9922 1.07868 
9923 1.07868 
9924 1.07868 
9925 1.07867 
9926 1.07867 
9927 1.07867 
9928 1.07866 
9929 1.07866 
9930 1.07866 
9931 1.07865 
9932 1.07865 
9933 1.07865 
9934 1.07864 
9935 1.07864 
9936 1.07864 
9937 1.07863 
9938 1.07863 
9939 1.07862 
9940 1.07861 
9941 1.0786 
9942 1.07859 
9943 1.07858 
9944 1.07857 
9945 1.07855 
9946 1.07854 
9947 1.07852 
9948 1.07851 
9949 1.07848 
9950 1.07845 
9951 1.07841 
9952 1.0783 
9953 1.07825 
9954 1.07794 
9955 1.0779 
9956 1.0779 
9957 1.0779 
9958 1.0779 
9959 1.07789 
9960 1.07788 
9961 1.07787 
9962 1.07787 
9963 1.07787 
9964 1.07787 
9965 1.07787 
9966 1.07787 
9967 1.07787 
9968 1.07787 
9969 1.07787 
9970 1.07787 
9971 1.07787 
9972 1.07786 
9973 1.07786 
9974 1.07786 
9975 1.07786 
9976 1.07786 
9977 1.07786 
9978 1.07786 
9979 1.07786 
9980 1.07786 
9981 1.07786 
9982 1.07786 
9983 1.07786 
9984 1.07786 
9985 1.07786 
9986 1.07786 
9987 1.07786 
9988 1.07786 
9989 1.07786 
9990 1.07786 
9991 1.07786 
9992 1.07786 
9993 1.07786 
9994 1.07786 
9995 1.07786 
9996 1.07786 
9997 1.07786 
9998 1.07786 
9999 1.07786 
10000 1.07786 
10001 1.07786 
10002 1.07786 
10003 1.07786 
10004 1.07786 
10005 1.07786 
10006 1.07786 
10007 1.07786 
10008 1.07785 
10009 1.07785 
10010 1.07785 
10011 1.07785 
10012 1.07785 
10013 1.07785 
10014 1.07785 
10015 1.07785 
10016 1.07785 
10017 1.07785 
10018 1.07785 
10019 1.07785 
10020 1.07785 
10021 1.07785 
10022 1.07785 
10023 1.07785 
10024 1.07785 
10025 1.07784 
10026 1.07784 
10027 1.07784 
10028 1.07784 
10029 1.07784 
10030 1.07784 
10031 1.07784 
10032 1.07784 
10033 1.07784 
10034 1.07784 
10035 1.07784 
10036 1.07784 
10037 1.07784 
10038 1.07784 
10039 1.07784 
10040 1.07783 
10041 1.07783 
10042 1.07783 
10043 1.07783 
10044 1.07782 
10045 1.07782 
10046 1.07782 
10047 1.07781 
10048 1.07781 
10049 1.0778 
10050 1.0778 
10051 1.07779 
10052 1.07779 
10053 1.07778 
10054 1.07778 
10055 1.07778 
10056 1.07777 
10057 1.07777 
10058 1.07777 
10059 1.07777 
10060 1.07777 
10061 1.07776 
10062 1.07776 
10063 1.07776 
10064 1.07776 
10065 1.07776 
10066 1.07775 
10067 1.07775 
10068 1.07775 
10069 1.07775 
10070 1.07775 
10071 1.07774 
10072 1.07774 
10073 1.07774 
10074 1.07773 
10075 1.07773 
10076 1.07773 
10077 1.07766 
10078 1.07765 
10079 1.07764 
10080 1.07763 
10081 1.0776 
10082 1.07759 
10083 1.07758 
10084 1.07757 
10085 1.07756 
10086 1.07755 
10087 1.07754 
10088 1.07754 
10089 1.07753 
10090 1.07752 
10091 1.07751 
10092 1.0775 
10093 1.07749 
10094 1.07747 
10095 1.07745 
10096 1.07744 
10097 1.07743 
10098 1.07742 
10099 1.07741 
10100 1.07739 
10101 1.07736 
10102 1.07729 
10103 1.07721 
10104 1.0772 
10105 1.07719 
10106 1.07719 
10107 1.07719 
10108 1.07719 
10109 1.07719 
10110 1.07719 
10111 1.07719 
10112 1.07719 
10113 1.07719 
10114 1.07719 
10115 1.07719 
10116 1.07719 
10117 1.07719 
10118 1.07719 
10119 1.07719 
10120 1.07719 
10121 1.07719 
10122 1.07719 
10123 1.07719 
10124 1.07718 
10125 1.07718 
10126 1.07718 
10127 1.07718 
10128 1.07718 
10129 1.07718 
10130 1.07718 
10131 1.07718 
10132 1.07718 
10133 1.07718 
10134 1.07718 
10135 1.07718 
10136 1.07718 
10137 1.07718 
10138 1.07718 
10139 1.07718 
10140 1.07718 
10141 1.07718 
10142 1.07718 
10143 1.07718 
10144 1.07718 
10145 1.07718 
10146 1.07717 
10147 1.07717 
10148 1.07717 
10149 1.07717 
10150 1.07717 
10151 1.07717 
10152 1.07717 
10153 1.07717 
10154 1.07717 
10155 1.07717 
10156 1.07717 
10157 1.07717 
10158 1.07717 
10159 1.07717 
10160 1.07717 
10161 1.07717 
10162 1.07717 
10163 1.07717 
10164 1.07717 
10165 1.07716 
10166 1.07716 
10167 1.07716 
10168 1.07716 
10169 1.07716 
10170 1.07716 
10171 1.07716 
10172 1.07716 
10173 1.07715 
10174 1.07715 
10175 1.07715 
10176 1.07715 
10177 1.07715 
10178 1.07715 
10179 1.07715 
10180 1.07714 
10181 1.07714 
10182 1.07714 
10183 1.07714 
10184 1.07714 
10185 1.07714 
10186 1.07714 
10187 1.07714 
10188 1.07713 
10189 1.07713 
10190 1.07713 
10191 1.07713 
10192 1.07713 
10193 1.07713 
10194 1.07712 
10195 1.07712 
10196 1.07712 
10197 1.07712 
10198 1.07712 
10199 1.07711 
10200 1.07711 
10201 1.07711 
10202 1.07711 
10203 1.07709 
10204 1.07707 
10205 1.07705 
10206 1.07704 
10207 1.07704 
10208 1.07703 
10209 1.07703 
10210 1.07702 
10211 1.07702 
10212 1.07701 
10213 1.077 
10214 1.077 
10215 1.07699 
10216 1.07698 
10217 1.07697 
10218 1.07696 
10219 1.07695 
10220 1.07694 
10221 1.07693 
10222 1.07692 
10223 1.07691 
10224 1.0769 
10225 1.07689 
10226 1.07687 
10227 1.07686 
10228 1.07684 
10229 1.07682 
10230 1.07679 
10231 1.07673 
10232 1.07663 
10233 1.07663 
10234 1.07663 
10235 1.07663 
10236 1.07662 
10237 1.07662 
10238 1.07662 
10239 1.07662 
10240 1.07662 
10241 1.07662 
10242 1.07662 
10243 1.07662 
10244 1.07662 
10245 1.07662 
10246 1.07662 
10247 1.07662 
10248 1.07662 
10249 1.07662 
10250 1.07662 
10251 1.07662 
10252 1.07662 
10253 1.07662 
10254 1.07662 
10255 1.07662 
10256 1.07662 
10257 1.07662 
10258 1.07662 
10259 1.07662 
10260 1.07662 
10261 1.07662 
10262 1.07661 
10263 1.07661 
10264 1.07661 
10265 1.07661 
10266 1.07661 
10267 1.07661 
10268 1.07661 
10269 1.07661 
10270 1.07661 
10271 1.07661 
10272 1.07661 
10273 1.07661 
10274 1.07661 
10275 1.07661 
10276 1.07661 
10277 1.07661 
10278 1.07661 
10279 1.07661 
10280 1.07661 
10281 1.07661 
10282 1.0766 
10283 1.0766 
10284 1.0766 
10285 1.0766 
10286 1.0766 
10287 1.0766 
10288 1.0766 
10289 1.0766 
10290 1.0766 
10291 1.0766 
10292 1.0766 
10293 1.0766 
10294 1.0766 
10295 1.0766 
10296 1.0766 
10297 1.0766 
10298 1.0766 
10299 1.07659 
10300 1.07659 
10301 1.07659 
10302 1.07659 
10303 1.07659 
10304 1.07659 
10305 1.07659 
10306 1.07658 
10307 1.07658 
10308 1.07658 
10309 1.07658 
10310 1.07658 
10311 1.07657 
10312 1.07657 
10313 1.07657 
10314 1.07657 
10315 1.07657 
10316 1.07657 
10317 1.07657 
10318 1.07657 
10319 1.07656 
10320 1.07656 
10321 1.07656 
10322 1.07656 
10323 1.07656 
10324 1.07655 
10325 1.07655 
10326 1.07655 
10327 1.07655 
10328 1.07655 
10329 1.07654 
10330 1.07654 
10331 1.07654 
10332 1.07654 
10333 1.07653 
10334 1.07653 
10335 1.07648 
10336 1.07647 
10337 1.07645 
10338 1.07644 
10339 1.07643 
10340 1.07642 
10341 1.07642 
10342 1.07641 
10343 1.0764 
10344 1.07639 
10345 1.07638 
10346 1.07637 
10347 1.07636 
10348 1.07635 
10349 1.07634 
10350 1.07633 
10351 1.07632 
10352 1.07631 
10353 1.0763 
10354 1.07628 
10355 1.07626 
10356 1.07625 
10357 1.07623 
10358 1.07622 
10359 1.07619 
10360 1.07616 
10361 1.07602 
10362 1.07593 
10363 1.07593 
10364 1.07592 
10365 1.07592 
10366 1.07592 
10367 1.07592 
10368 1.07592 
10369 1.07592 
10370 1.07592 
10371 1.07592 
10372 1.07592 
10373 1.07592 
10374 1.07592 
10375 1.07592 
10376 1.07592 
10377 1.07592 
10378 1.07591 
10379 1.07591 
10380 1.07591 
10381 1.07591 
10382 1.07591 
10383 1.07591 
10384 1.07591 
10385 1.07591 
10386 1.07591 
10387 1.07591 
10388 1.07591 
10389 1.07591 
10390 1.07591 
10391 1.07591 
10392 1.07591 
10393 1.07591 
10394 1.07591 
10395 1.07591 
10396 1.07591 
10397 1.07591 
10398 1.07591 
10399 1.07591 
10400 1.07591 
10401 1.07591 
10402 1.0759 
10403 1.0759 
10404 1.0759 
10405 1.0759 
10406 1.0759 
10407 1.0759 
10408 1.0759 
10409 1.0759 
10410 1.0759 
10411 1.0759 
10412 1.0759 
10413 1.0759 
10414 1.0759 
10415 1.0759 
10416 1.0759 
10417 1.0759 
10418 1.0759 
10419 1.07589 
10420 1.07589 
10421 1.07589 
10422 1.07589 
10423 1.07589 
10424 1.07589 
10425 1.07589 
10426 1.07589 
10427 1.07589 
10428 1.07589 
10429 1.07589 
10430 1.07589 
10431 1.07589 
10432 1.07588 
10433 1.07588 
10434 1.07588 
10435 1.07588 
10436 1.07588 
10437 1.07588 
10438 1.07588 
10439 1.07587 
10440 1.07587 
10441 1.07587 
10442 1.07587 
10443 1.07586 
10444 1.07586 
10445 1.07586 
10446 1.07586 
10447 1.07586 
10448 1.07585 
10449 1.07585 
10450 1.07585 
10451 1.07585 
10452 1.07585 
10453 1.07585 
10454 1.07584 
10455 1.07584 
10456 1.07584 
10457 1.07584 
10458 1.07584 
10459 1.07583 
10460 1.07583 
10461 1.07583 
10462 1.07583 
10463 1.07583 
10464 1.07583 
10465 1.07582 
10466 1.07582 
10467 1.07582 
10468 1.07581 
10469 1.0758 
10470 1.0758 
10471 1.07578 
10472 1.07576 
10473 1.07572 
10474 1.0757 
10475 1.07569 
10476 1.07568 
10477 1.07567 
10478 1.07566 
10479 1.07565 
10480 1.07564 
10481 1.07563 
10482 1.07562 
10483 1.07561 
10484 1.07559 
10485 1.07558 
10486 1.07557 
10487 1.07556 
10488 1.07554 
10489 1.07552 
10490 1.07551 
10491 1.07549 
10492 1.07548 
10493 1.07546 
10494 1.07542 
10495 1.07535 
10496 1.07526 
10497 1.07522 
10498 1.07489 
10499 1.07488 
10500 1.07488 
10501 1.07485 
10502 1.07485 
10503 1.07483 
10504 1.07482 
10505 1.07481 
10506 1.07481 
10507 1.0748 
10508 1.0748 
10509 1.0748 
10510 1.07479 
10511 1.07479 
10512 1.07479 
10513 1.07479 
10514 1.07479 
10515 1.07479 
10516 1.07478 
10517 1.07478 
10518 1.07478 
10519 1.07478 
10520 1.07478 
10521 1.07477 
10522 1.07477 
10523 1.07477 
10524 1.07477 
10525 1.07477 
10526 1.07476 
10527 1.07476 
10528 1.07476 
10529 1.07476 
10530 1.07476 
10531 1.07475 
10532 1.07475 
10533 1.07475 
10534 1.07474 
10535 1.07474 
10536 1.07474 
10537 1.07473 
10538 1.07473 
10539 1.07472 
10540 1.07472 
10541 1.07472 
10542 1.07472 
10543 1.07472 
10544 1.07471 
10545 1.07471 
10546 1.07471 
10547 1.07471 
10548 1.0747 
10549 1.0747 
10550 1.0747 
10551 1.0747 
10552 1.0747 
10553 1.07469 
10554 1.07469 
10555 1.07469 
10556 1.07469 
10557 1.07468 
10558 1.07468 
10559 1.07468 
10560 1.07468 
10561 1.07468 
10562 1.07466 
10563 1.07464 
10564 1.07461 
10565 1.07459 
10566 1.07458 
10567 1.07456 
10568 1.07455 
10569 1.07454 
10570 1.07453 
10571 1.07452 
10572 1.07452 
10573 1.07451 
10574 1.0745 
10575 1.07449 
10576 1.07449 
10577 1.07448 
10578 1.07447 
10579 1.07446 
10580 1.07446 
10581 1.07445 
10582 1.07444 
10583 1.07443 
10584 1.07443 
10585 1.07442 
10586 1.07441 
10587 1.07439 
10588 1.07436 
10589 1.07432 
10590 1.07404 
10591 1.0739 
10592 1.0739 
10593 1.0739 
10594 1.07389 
10595 1.07389 
10596 1.07389 
10597 1.07389 
10598 1.07389 
10599 1.07389 
10600 1.07389 
10601 1.07389 
10602 1.07389 
10603 1.07389 
10604 1.07389 
10605 1.07389 
10606 1.07389 
10607 1.07389 
10608 1.07389 
10609 1.07389 
10610 1.07389 
10611 1.07389 
10612 1.07389 
10613 1.07389 
10614 1.07389 
10615 1.07389 
10616 1.07388 
10617 1.07388 
10618 1.07388 
10619 1.07388 
10620 1.07388 
10621 1.07388 
10622 1.07388 
10623 1.07388 
10624 1.07388 
10625 1.07388 
10626 1.07388 
10627 1.07388 
10628 1.07388 
10629 1.07388 
10630 1.07388 
10631 1.07388 
10632 1.07388 
10633 1.07388 
10634 1.07388 
10635 1.07388 
10636 1.07388 
10637 1.07388 
10638 1.07388 
10639 1.07388 
10640 1.07388 
10641 1.07388 
10642 1.07388 
10643 1.07388 
10644 1.07388 
10645 1.07388 
10646 1.07388 
10647 1.07388 
10648 1.07388 
10649 1.07388 
10650 1.07388 
10651 1.07388 
10652 1.07388 
10653 1.07388 
10654 1.07388 
10655 1.07388 
10656 1.07387 
10657 1.07387 
10658 1.07387 
10659 1.07387 
10660 1.07387 
10661 1.07387 
10662 1.07387 
10663 1.07387 
10664 1.07387 
10665 1.07387 
10666 1.07387 
10667 1.07387 
10668 1.07387 
10669 1.07387 
10670 1.07387 
10671 1.07387 
10672 1.07387 
10673 1.07387 
10674 1.07386 
10675 1.07386 
10676 1.07386 
10677 1.07386 
10678 1.07386 
10679 1.07386 
10680 1.07386 
10681 1.07386 
10682 1.07386 
10683 1.07385 
10684 1.07385 
10685 1.07385 
10686 1.07385 
10687 1.07385 
10688 1.07385 
10689 1.07385 
10690 1.07385 
10691 1.07385 
10692 1.07385 
10693 1.07385 
10694 1.07385 
10695 1.07385 
10696 1.07384 
10697 1.07384 
10698 1.07384 
10699 1.07384 
10700 1.07384 
10701 1.07383 
10702 1.07383 
10703 1.07382 
10704 1.07382 
10705 1.07382 
10706 1.0738 
10707 1.0738 
10708 1.0738 
10709 1.0738 
10710 1.07379 
10711 1.07379 
10712 1.07379 
10713 1.07379 
10714 1.07379 
10715 1.07379 
10716 1.07378 
10717 1.07378 
10718 1.07378 
10719 1.07377 
10720 1.07377 
10721 1.07377 
10722 1.07377 
10723 1.07377 
10724 1.07376 
10725 1.07376 
10726 1.07376 
10727 1.07375 
10728 1.07375 
10729 1.07375 
10730 1.07375 
10731 1.07375 
10732 1.07374 
10733 1.07374 
10734 1.07373 
10735 1.07373 
10736 1.07369 
10737 1.07366 
10738 1.07354 
10739 1.07353 
10740 1.07352 
10741 1.07352 
10742 1.07351 
10743 1.07351 
10744 1.0735 
10745 1.07349 
10746 1.07349 
10747 1.07348 
10748 1.07347 
10749 1.07347 
10750 1.07346 
10751 1.07345 
10752 1.07344 
10753 1.07344 
10754 1.07343 
10755 1.07342 
10756 1.07341 
10757 1.0734 
10758 1.07339 
10759 1.07338 
10760 1.07336 
10761 1.07335 
10762 1.07334 
10763 1.07332 
10764 1.07331 
10765 1.07328 
10766 1.07328 
10767 1.07327 
10768 1.07325 
10769 1.07316 
10770 1.07316 
10771 1.07316 
10772 1.07313 
10773 1.07313 
10774 1.07313 
10775 1.07313 
10776 1.07313 
10777 1.07312 
10778 1.07312 
10779 1.07312 
10780 1.07312 
10781 1.07312 
10782 1.07312 
10783 1.07312 
10784 1.07312 
10785 1.07312 
10786 1.07312 
10787 1.07312 
10788 1.07312 
10789 1.07312 
10790 1.07312 
10791 1.07312 
10792 1.07312 
10793 1.07312 
10794 1.07312 
10795 1.07311 
10796 1.07311 
10797 1.07311 
10798 1.07311 
10799 1.07311 
10800 1.07311 
10801 1.07311 
10802 1.07311 
10803 1.07311 
10804 1.07311 
10805 1.07311 
10806 1.07311 
10807 1.07311 
10808 1.07311 
10809 1.07311 
10810 1.07311 
10811 1.07311 
10812 1.07311 
10813 1.07311 
10814 1.07311 
10815 1.07311 
10816 1.07311 
10817 1.07311 
10818 1.07311 
10819 1.07311 
10820 1.0731 
10821 1.0731 
10822 1.0731 
10823 1.0731 
10824 1.0731 
10825 1.0731 
10826 1.0731 
10827 1.0731 
10828 1.0731 
10829 1.0731 
10830 1.0731 
10831 1.0731 
10832 1.0731 
10833 1.0731 
10834 1.0731 
10835 1.07309 
10836 1.07309 
10837 1.07309 
10838 1.07309 
10839 1.07309 
10840 1.07309 
10841 1.07309 
10842 1.07309 
10843 1.07309 
10844 1.07309 
10845 1.07309 
10846 1.07309 
10847 1.07308 
10848 1.07308 
10849 1.07308 
10850 1.07308 
10851 1.07307 
10852 1.07307 
10853 1.07307 
10854 1.07306 
10855 1.07306 
10856 1.07306 
10857 1.07305 
10858 1.07305 
10859 1.07305 
10860 1.07305 
10861 1.07305 
10862 1.07305 
10863 1.07305 
10864 1.07305 
10865 1.07305 
10866 1.07304 
10867 1.07304 
10868 1.07304 
10869 1.07304 
10870 1.07304 
10871 1.07304 
10872 1.07304 
10873 1.07303 
10874 1.07303 
10875 1.07303 
10876 1.07303 
10877 1.07303 
10878 1.07303 
10879 1.07302 
10880 1.07302 
10881 1.07302 
10882 1.07302 
10883 1.07302 
10884 1.07302 
10885 1.07302 
10886 1.07301 
10887 1.07301 
10888 1.07301 
10889 1.07297 
10890 1.07296 
10891 1.07295 
10892 1.07295 
10893 1.07294 
10894 1.07294 
10895 1.07293 
10896 1.07293 
10897 1.07292 
10898 1.07292 
10899 1.07291 
10900 1.0729 
10901 1.0729 
10902 1.07289 
10903 1.07288 
10904 1.07287 
10905 1.07286 
10906 1.07285 
10907 1.07284 
10908 1.07284 
10909 1.07283 
10910 1.07282 
10911 1.07281 
10912 1.07281 
10913 1.07272 
10914 1.07271 
10915 1.07271 
10916 1.07271 
10917 1.07271 
10918 1.07271 
10919 1.07271 
10920 1.07271 
10921 1.07271 
10922 1.07271 
10923 1.07271 
10924 1.07271 
10925 1.07271 
10926 1.07271 
10927 1.07271 
10928 1.0727 
10929 1.0727 
10930 1.0727 
10931 1.0727 
10932 1.0727 
10933 1.0727 
10934 1.0727 
10935 1.0727 
10936 1.0727 
10937 1.0727 
10938 1.0727 
10939 1.0727 
10940 1.0727 
10941 1.0727 
10942 1.0727 
10943 1.0727 
10944 1.0727 
10945 1.0727 
10946 1.0727 
10947 1.0727 
10948 1.0727 
10949 1.07269 
10950 1.07269 
10951 1.07269 
10952 1.07269 
10953 1.07269 
10954 1.07269 
10955 1.07269 
10956 1.07269 
10957 1.07269 
10958 1.07269 
10959 1.07269 
10960 1.07269 
10961 1.07269 
10962 1.07268 
10963 1.07268 
10964 1.07268 
10965 1.07268 
10966 1.07268 
10967 1.07267 
10968 1.07267 
10969 1.07267 
10970 1.07267 
10971 1.07267 
10972 1.07266 
10973 1.07266 
10974 1.07266 
10975 1.07266 
10976 1.07266 
10977 1.07265 
10978 1.07265 
10979 1.07265 
10980 1.07265 
10981 1.07265 
10982 1.07265 
10983 1.07265 
10984 1.07265 
10985 1.07265 
10986 1.07265 
10987 1.07264 
10988 1.07264 
10989 1.07264 
10990 1.07264 
10991 1.07264 
10992 1.07264 
10993 1.07264 
10994 1.07263 
10995 1.07263 
10996 1.07263 
10997 1.07263 
10998 1.07263 
10999 1.07263 
11000 1.07263 
11001 1.07262 
11002 1.07262 
11003 1.07258 
11004 1.07256 
11005 1.07255 
11006 1.07254 
11007 1.07254 
11008 1.07253 
11009 1.07253 
11010 1.07252 
11011 1.07252 
11012 1.07251 
11013 1.0725 
11014 1.0725 
11015 1.07249 
11016 1.07249 
11017 1.07248 
11018 1.07248 
11019 1.07247 
11020 1.07246 
11021 1.07246 
11022 1.07245 
11023 1.07243 
11024 1.07243 
11025 1.07242 
11026 1.0724 
11027 1.07231 
11028 1.07231 
11029 1.07231 
11030 1.07231 
11031 1.07231 
11032 1.07231 
11033 1.07231 
11034 1.07231 
11035 1.07231 
11036 1.07231 
11037 1.07231 
11038 1.0723 
11039 1.0723 
11040 1.0723 
11041 1.0723 
11042 1.0723 
11043 1.0723 
11044 1.0723 
11045 1.0723 
11046 1.0723 
11047 1.0723 
11048 1.0723 
11049 1.0723 
11050 1.0723 
11051 1.0723 
11052 1.0723 
11053 1.0723 
11054 1.0723 
11055 1.0723 
11056 1.0723 
11057 1.0723 
11058 1.0723 
11059 1.0723 
11060 1.0723 
11061 1.0723 
11062 1.0723 
11063 1.0723 
11064 1.0723 
11065 1.07229 
11066 1.07229 
11067 1.07229 
11068 1.07229 
11069 1.07229 
11070 1.07229 
11071 1.07229 
11072 1.07229 
11073 1.07229 
11074 1.07229 
11075 1.07229 
11076 1.07229 
11077 1.07229 
11078 1.07229 
11079 1.07229 
11080 1.07229 
11081 1.07228 
11082 1.07228 
11083 1.07228 
11084 1.07228 
11085 1.07228 
11086 1.07228 
11087 1.07228 
11088 1.07228 
11089 1.07228 
11090 1.07228 
11091 1.07228 
11092 1.07228 
11093 1.07227 
11094 1.07227 
11095 1.07227 
11096 1.07227 
11097 1.07226 
11098 1.07226 
11099 1.07226 
11100 1.07226 
11101 1.07225 
11102 1.07225 
11103 1.07225 
11104 1.07225 
11105 1.07225 
11106 1.07225 
11107 1.07225 
11108 1.07224 
11109 1.07224 
11110 1.07224 
11111 1.07224 
11112 1.07224 
11113 1.07224 
11114 1.07224 
11115 1.07224 
11116 1.07223 
11117 1.07223 
11118 1.07223 
11119 1.07223 
11120 1.07223 
11121 1.07223 
11122 1.07222 
11123 1.07222 
11124 1.07222 
11125 1.07222 
11126 1.07222 
11127 1.07221 
11128 1.0722 
11129 1.07218 
11130 1.07217 
11131 1.07215 
11132 1.07214 
11133 1.07213 
11134 1.07212 
11135 1.07211 
11136 1.0721 
11137 1.07209 
11138 1.07208 
11139 1.07208 
11140 1.07207 
11141 1.07206 
11142 1.07205 
11143 1.07204 
11144 1.07204 
11145 1.07203 
11146 1.07201 
11147 1.072 
11148 1.07199 
11149 1.07198 
11150 1.07195 
11151 1.07195 
11152 1.07206 
11153 1.072 
11154 1.072 
11155 1.07199 
11156 1.07197 
11157 1.07196 
11158 1.07195 
11159 1.07194 
11160 1.07194 
11161 1.07193 
11162 1.07193 
11163 1.07193 
11164 1.07193 
11165 1.07193 
11166 1.07193 
11167 1.07193 
11168 1.07193 
11169 1.07192 
11170 1.07192 
11171 1.07192 
11172 1.07192 
11173 1.07192 
11174 1.07192 
11175 1.07192 
11176 1.07192 
11177 1.07192 
11178 1.07192 
11179 1.07192 
11180 1.07192 
11181 1.07191 
11182 1.07191 
11183 1.07191 
11184 1.07191 
11185 1.07191 
11186 1.07191 
11187 1.07191 
11188 1.07191 
11189 1.07191 
11190 1.07191 
11191 1.0719 
11192 1.0719 
11193 1.0719 
11194 1.0719 
11195 1.0719 
11196 1.0719 
11197 1.0719 
11198 1.0719 
11199 1.0719 
11200 1.0719 
11201 1.07189 
11202 1.07189 
11203 1.07189 
11204 1.07189 
11205 1.07189 
11206 1.07189 
11207 1.07189 
11208 1.07188 
11209 1.07188 
11210 1.07188 
11211 1.07188 
11212 1.07188 
11213 1.07188 
11214 1.07187 
11215 1.07187 
11216 1.07187 
11217 1.07187 
11218 1.07186 
11219 1.07186 
11220 1.07186 
11221 1.07186 
11222 1.07186 
11223 1.07185 
11224 1.07185 
11225 1.07185 
11226 1.07185 
11227 1.07185 
11228 1.07184 
11229 1.07184 
11230 1.07184 
11231 1.07184 
11232 1.07184 
11233 1.07184 
11234 1.07183 
11235 1.07183 
11236 1.07183 
11237 1.07183 
11238 1.07183 
11239 1.07178 
11240 1.0717 
11241 1.0717 
11242 1.0717 
11243 1.07169 
11244 1.07169 
11245 1.07169 
11246 1.07169 
11247 1.07169 
11248 1.07169 
11249 1.07169 
11250 1.07168 
11251 1.07168 
11252 1.07168 
11253 1.07168 
11254 1.07168 
11255 1.07167 
11256 1.07167 
11257 1.07167 
11258 1.07167 
11259 1.07167 
11260 1.07166 
11261 1.07166 
11262 1.07166 
11263 1.07166 
11264 1.07165 
11265 1.07165 
11266 1.07165 
11267 1.07165 
11268 1.07165 
11269 1.07164 
11270 1.07164 
11271 1.07164 
11272 1.07164 
11273 1.07164 
11274 1.07163 
11275 1.07163 
11276 1.07159 
11277 1.07159 
11278 1.07159 
11279 1.07156 
11280 1.07156 
11281 1.07154 
11282 1.07154 
11283 1.07154 
11284 1.07154 
11285 1.07154 
11286 1.07154 
11287 1.07154 
11288 1.07154 
11289 1.07154 
11290 1.07154 
11291 1.07154 
11292 1.07154 
11293 1.07154 
11294 1.07154 
11295 1.07154 
11296 1.07154 
11297 1.07154 
11298 1.07154 
11299 1.07153 
11300 1.07153 
11301 1.07153 
11302 1.07153 
11303 1.07153 
11304 1.07153 
11305 1.07153 
11306 1.07153 
11307 1.07153 
11308 1.07153 
11309 1.07153 
11310 1.07153 
11311 1.07153 
11312 1.07153 
11313 1.07153 
11314 1.07153 
11315 1.07153 
11316 1.07153 
11317 1.07153 
11318 1.07153 
11319 1.07153 
11320 1.07153 
11321 1.07153 
11322 1.07153 
11323 1.07153 
11324 1.07153 
11325 1.07153 
11326 1.07153 
11327 1.07153 
11328 1.07153 
11329 1.07153 
11330 1.07153 
11331 1.07153 
11332 1.07153 
11333 1.07153 
11334 1.07152 
11335 1.07152 
11336 1.07152 
11337 1.07152 
11338 1.07152 
11339 1.07152 
11340 1.07152 
11341 1.07152 
11342 1.07152 
11343 1.07152 
11344 1.07152 
11345 1.07152 
11346 1.07152 
11347 1.07152 
11348 1.07152 
11349 1.07152 
11350 1.07152 
11351 1.07152 
11352 1.07151 
11353 1.07151 
11354 1.07151 
11355 1.07151 
11356 1.07151 
11357 1.07151 
11358 1.07151 
11359 1.07151 
11360 1.07151 
11361 1.0715 
11362 1.0715 
11363 1.0715 
11364 1.0715 
11365 1.0715 
11366 1.0715 
11367 1.0715 
11368 1.0715 
11369 1.0715 
11370 1.07149 
11371 1.07149 
11372 1.07149 
11373 1.07149 
11374 1.07149 
11375 1.07149 
11376 1.07149 
11377 1.07149 
11378 1.07149 
11379 1.07149 
11380 1.07148 
11381 1.07148 
11382 1.07148 
11383 1.07148 
11384 1.07147 
11385 1.07146 
11386 1.07146 
11387 1.07145 
11388 1.07145 
11389 1.07144 
11390 1.07144 
11391 1.07143 
11392 1.07143 
11393 1.07142 
11394 1.07142 
11395 1.07141 
11396 1.07141 
11397 1.0714 
11398 1.07139 
11399 1.07139 
11400 1.07138 
11401 1.07138 
11402 1.07129 
11403 1.07129 
11404 1.07128 
11405 1.07128 
11406 1.07128 
11407 1.07128 
11408 1.07128 
11409 1.07128 
11410 1.07128 
11411 1.07128 
11412 1.07128 
11413 1.07128 
11414 1.07128 
11415 1.07128 
11416 1.07128 
11417 1.07128 
11418 1.07128 
11419 1.07127 
11420 1.07127 
11421 1.07127 
11422 1.07127 
11423 1.07127 
11424 1.07127 
11425 1.07127 
11426 1.07127 
11427 1.07127 
11428 1.07127 
11429 1.07127 
11430 1.07127 
11431 1.07127 
11432 1.07127 
11433 1.07127 
11434 1.07127 
11435 1.07127 
11436 1.07127 
11437 1.07127 
11438 1.07126 
11439 1.07126 
11440 1.07126 
11441 1.07126 
11442 1.07126 
11443 1.07126 
11444 1.07126 
11445 1.07126 
11446 1.07126 
11447 1.07126 
11448 1.07126 
11449 1.07126 
11450 1.07125 
11451 1.07125 
11452 1.07125 
11453 1.07125 
11454 1.07125 
11455 1.07125 
11456 1.07125 
11457 1.07125 
11458 1.07124 
11459 1.07124 
11460 1.07124 
11461 1.07124 
11462 1.07124 
11463 1.07124 
11464 1.07123 
11465 1.07123 
11466 1.07123 
11467 1.07123 
11468 1.07123 
11469 1.07123 
11470 1.07123 
11471 1.07123 
11472 1.07123 
11473 1.07123 
11474 1.07123 
11475 1.07122 
11476 1.07122 
11477 1.07122 
11478 1.07122 
11479 1.07122 
11480 1.07122 
11481 1.07122 
11482 1.07122 
11483 1.07122 
11484 1.07121 
11485 1.07121 
11486 1.07121 
11487 1.07121 
11488 1.07121 
11489 1.0712 
11490 1.0712 
11491 1.0712 
11492 1.07118 
11493 1.07117 
11494 1.07117 
11495 1.07117 
11496 1.07116 
11497 1.07116 
11498 1.07116 
11499 1.07116 
11500 1.07115 
11501 1.07115 
11502 1.07115 
11503 1.07115 
11504 1.07114 
11505 1.07114 
11506 1.07114 
11507 1.07113 
11508 1.07113 
11509 1.07112 
11510 1.07111 
11511 1.07111 
11512 1.0711 
11513 1.07109 
11514 1.07109 
11515 1.07108 
11516 1.07107 
11517 1.07098 
11518 1.07098 
11519 1.07098 
11520 1.07098 
11521 1.07098 
11522 1.07098 
11523 1.07098 
11524 1.07098 
11525 1.07098 
11526 1.07098 
11527 1.07098 
11528 1.07098 
11529 1.07098 
11530 1.07098 
11531 1.07098 
11532 1.07098 
11533 1.07098 
11534 1.07098 
11535 1.07098 
11536 1.07098 
11537 1.07098 
11538 1.07098 
11539 1.07098 
11540 1.07098 
11541 1.07098 
11542 1.07098 
11543 1.07098 
11544 1.07098 
11545 1.07098 
11546 1.07097 
11547 1.07097 
11548 1.07097 
11549 1.07097 
11550 1.07097 
11551 1.07097 
11552 1.07097 
11553 1.07097 
11554 1.07097 
11555 1.07097 
11556 1.07097 
11557 1.07097 
11558 1.07097 
11559 1.07097 
11560 1.07097 
11561 1.07097 
11562 1.07097 
11563 1.07097 
11564 1.07097 
11565 1.07097 
11566 1.07097 
11567 1.07097 
11568 1.07097 
11569 1.07097 
11570 1.07097 
11571 1.07097 
11572 1.07097 
11573 1.07097 
11574 1.07097 
11575 1.07097 
11576 1.07097 
11577 1.07097 
11578 1.07097 
11579 1.07097 
11580 1.07097 
11581 1.07097 
11582 1.07097 
11583 1.07096 
11584 1.07096 
11585 1.07096 
11586 1.07096 
11587 1.07096 
11588 1.07096 
11589 1.07096 
11590 1.07096 
11591 1.07096 
11592 1.07096 
11593 1.07096 
11594 1.07096 
11595 1.07096 
11596 1.07096 
11597 1.07096 
11598 1.07096 
11599 1.07096 
11600 1.07096 
11601 1.07096 
11602 1.07095 
11603 1.07095 
11604 1.07095 
11605 1.07095 
11606 1.07095 
11607 1.07095 
11608 1.07095 
11609 1.07095 
11610 1.07095 
11611 1.07095 
11612 1.07095 
11613 1.07094 
11614 1.07094 
11615 1.07094 
11616 1.07094 
11617 1.07094 
11618 1.07094 
11619 1.07093 
11620 1.07093 
11621 1.07093 
11622 1.07093 
11623 1.07093 
11624 1.07093 
11625 1.07093 
11626 1.07093 
11627 1.07093 
11628 1.07093 
11629 1.07092 
11630 1.07092 
11631 1.07092 
11632 1.07092 
11633 1.07092 
11634 1.07092 
11635 1.07092 
11636 1.07092 
11637 1.07091 
11638 1.07091 
11639 1.07091 
11640 1.0709 
11641 1.0709 
11642 1.0709 
11643 1.0709 
11644 1.0709 
11645 1.07089 
11646 1.07088 
11647 1.07088 
11648 1.07088 
11649 1.07088 
11650 1.07087 
11651 1.07087 
11652 1.07087 
11653 1.07086 
11654 1.07086 
11655 1.07085 
11656 1.07085 
11657 1.07084 
11658 1.07084 
11659 1.07083 
11660 1.07079 
11661 1.07078 
11662 1.07076 
11663 1.07073 
11664 1.0707 
11665 1.07063 
11666 1.07063 
11667 1.07063 
11668 1.07063 
11669 1.07063 
11670 1.07063 
11671 1.07063 
11672 1.07062 
11673 1.07061 
11674 1.0706 
11675 1.07059 
11676 1.07059 
11677 1.07058 
11678 1.07058 
11679 1.07057 
11680 1.07057 
11681 1.07057 
11682 1.07056 
11683 1.07055 
11684 1.07055 
11685 1.07054 
11686 1.07053 
11687 1.07053 
11688 1.07052 
11689 1.07052 
11690 1.07051 
11691 1.07051 
11692 1.0705 
11693 1.0705 
11694 1.07049 
11695 1.07048 
11696 1.07048 
11697 1.07047 
11698 1.07047 
11699 1.07045 
11700 1.07044 
11701 1.07041 
11702 1.0704 
11703 1.0704 
11704 1.07039 
11705 1.07037 
11706 1.07036 
11707 1.07035 
11708 1.07034 
11709 1.07033 
11710 1.07033 
11711 1.07032 
11712 1.07031 
11713 1.07031 
11714 1.0703 
11715 1.07029 
11716 1.07028 
11717 1.07027 
11718 1.07027 
11719 1.07026 
11720 1.07025 
11721 1.07024 
11722 1.07023 
11723 1.07022 
11724 1.07021 
11725 1.07019 
11726 1.07017 
11727 1.07013 
11728 1.07007 
11729 1.06985 
11730 1.06976 
11731 1.06976 
11732 1.06976 
11733 1.06976 
11734 1.06976 
11735 1.06976 
11736 1.06976 
11737 1.06975 
11738 1.06975 
11739 1.06975 
11740 1.06975 
11741 1.06975 
11742 1.06975 
11743 1.06975 
11744 1.06975 
11745 1.06975 
11746 1.06975 
11747 1.06975 
11748 1.06975 
11749 1.06975 
11750 1.06975 
11751 1.06975 
11752 1.06975 
11753 1.06975 
11754 1.06975 
11755 1.06975 
11756 1.06975 
11757 1.06975 
11758 1.06975 
11759 1.06975 
11760 1.06975 
11761 1.06975 
11762 1.06975 
11763 1.06975 
11764 1.06975 
11765 1.06975 
11766 1.06975 
11767 1.06975 
11768 1.06975 
11769 1.06975 
11770 1.06975 
11771 1.06975 
11772 1.06975 
11773 1.06975 
11774 1.06974 
11775 1.06974 
11776 1.06974 
11777 1.06974 
11778 1.06974 
11779 1.06974 
11780 1.06974 
11781 1.06974 
11782 1.06974 
11783 1.06974 
11784 1.06974 
11785 1.06974 
11786 1.06974 
11787 1.06974 
11788 1.06974 
11789 1.06974 
11790 1.06974 
11791 1.06974 
11792 1.06974 
11793 1.06974 
11794 1.06974 
11795 1.06974 
11796 1.06974 
11797 1.06974 
11798 1.06973 
11799 1.06973 
11800 1.06973 
11801 1.06973 
11802 1.06973 
11803 1.06973 
11804 1.06973 
11805 1.06973 
11806 1.06973 
11807 1.06973 
11808 1.06973 
11809 1.06973 
11810 1.06973 
11811 1.06973 
11812 1.06973 
11813 1.06973 
11814 1.06973 
11815 1.06973 
11816 1.06973 
11817 1.06972 
11818 1.06972 
11819 1.06972 
11820 1.06972 
11821 1.06972 
11822 1.06971 
11823 1.06971 
11824 1.06971 
11825 1.06971 
11826 1.06971 
11827 1.06971 
11828 1.0697 
11829 1.0697 
11830 1.0697 
11831 1.0697 
11832 1.0697 
11833 1.0697 
11834 1.0697 
11835 1.0697 
11836 1.06969 
11837 1.06969 
11838 1.06969 
11839 1.06969 
11840 1.06969 
11841 1.06969 
11842 1.06969 
11843 1.06969 
11844 1.06969 
11845 1.06969 
11846 1.06969 
11847 1.06969 
11848 1.06968 
11849 1.06968 
11850 1.06968 
11851 1.06968 
11852 1.06968 
11853 1.06968 
11854 1.06967 
11855 1.06967 
11856 1.06967 
11857 1.06967 
11858 1.06967 
11859 1.06967 
11860 1.06966 
11861 1.06966 
11862 1.06966 
11863 1.06966 
11864 1.06965 
11865 1.06965 
11866 1.06964 
11867 1.06961 
11868 1.06959 
11869 1.06956 
11870 1.06955 
11871 1.06954 
11872 1.06953 
11873 1.06952 
11874 1.06951 
11875 1.0695 
11876 1.06949 
11877 1.06948 
11878 1.06947 
11879 1.06946 
11880 1.06944 
11881 1.06943 
11882 1.06941 
11883 1.06939 
11884 1.06935 
11885 1.06928 
11886 1.0704 
11887 1.07053 
11888 1.07098 
11889 1.07098 
11890 1.07098 
11891 1.07098 
11892 1.07098 
11893 1.07098 
11894 1.07098 
11895 1.07097 
11896 1.07097 
11897 1.07096 
11898 1.07096 
11899 1.07095 
11900 1.07095 
11901 1.07094 
11902 1.07094 
11903 1.07094 
11904 1.07094 
11905 1.07093 
11906 1.07093 
11907 1.07092 
11908 1.07092 
11909 1.07092 
11910 1.07091 
11911 1.07091 
11912 1.07091 
11913 1.0709 
11914 1.0709 
11915 1.0709 
11916 1.07089 
11917 1.07089 
11918 1.07089 
11919 1.07088 
11920 1.07088 
11921 1.07088 
11922 1.07087 
11923 1.07087 
11924 1.07087 
11925 1.07087 
11926 1.07086 
11927 1.07086 
11928 1.07086 
11929 1.07086 
11930 1.07085 
11931 1.07085 
11932 1.07085 
11933 1.07084 
11934 1.07084 
11935 1.07083 
11936 1.07083 
11937 1.07082 
11938 1.07081 
11939 1.0708 
11940 1.0708 
11941 1.0708 
11942 1.07079 
11943 1.07079 
11944 1.07079 
11945 1.07078 
11946 1.07078 
11947 1.07077 
11948 1.07077 
11949 1.07076 
11950 1.07076 
11951 1.07076 
11952 1.07075 
11953 1.07075 
11954 1.07075 
11955 1.07074 
11956 1.07074 
11957 1.07074 
11958 1.07074 
11959 1.07074 
11960 1.07074 
11961 1.07074 
11962 1.07074 
11963 1.07074 
11964 1.07074 
11965 1.07074 
11966 1.07074 
11967 1.07074 
11968 1.07074 
11969 1.07075 
11970 1.07078 
11971 1.0708 
11972 1.07082 
11973 1.07085 
11974 1.07087 
11975 1.0709 
11976 1.07093 
11977 1.07096 
11978 1.071 
11979 1.07104 
11980 1.07109 
11981 1.07114 
11982 1.07121 
11983 1.07133 
11984 1.0718 
11985 1.07224 
11986 1.07282 
11987 1.07326 
11988 1.07321 
11989 1.07321 
11990 1.07321 
11991 1.0732 
11992 1.07319 
11993 1.07319 
11994 1.07319 
11995 1.07317 
11996 1.07317 
11997 1.07316 
11998 1.07316 
11999 1.07316 
12000 1.07315 
12001 1.07315 
12002 1.07315 
12003 1.07315 
12004 1.07314 
12005 1.07314 
12006 1.07314 
12007 1.07314 
12008 1.07314 
12009 1.07314 
12010 1.07314 
12011 1.07314 
12012 1.07314 
12013 1.07313 
12014 1.07313 
12015 1.07313 
12016 1.07313 
12017 1.07313 
12018 1.07313 
12019 1.07313 
12020 1.07313 
12021 1.07313 
12022 1.07313 
12023 1.07313 
12024 1.07313 
12025 1.07313 
12026 1.07313 
12027 1.07312 
12028 1.07312 
12029 1.07312 
12030 1.07312 
12031 1.07312 
12032 1.07312 
12033 1.07312 
12034 1.07312 
12035 1.07312 
12036 1.07312 
12037 1.07312 
12038 1.07312 
12039 1.07312 
12040 1.07311 
12041 1.07311 
12042 1.07311 
12043 1.07311 
12044 1.07311 
12045 1.07311 
12046 1.07311 
12047 1.07311 
12048 1.07311 
12049 1.07311 
12050 1.07311 
12051 1.07311 
12052 1.07311 
12053 1.0731 
12054 1.0731 
12055 1.0731 
12056 1.0731 
12057 1.0731 
12058 1.0731 
12059 1.0731 
12060 1.0731 
12061 1.07309 
12062 1.07309 
12063 1.07309 
12064 1.07309 
12065 1.07309 
12066 1.07308 
12067 1.07308 
12068 1.07308 
12069 1.07308 
12070 1.07308 
12071 1.07308 
12072 1.07307 
12073 1.07307 
12074 1.07307 
12075 1.07307 
12076 1.07307 
12077 1.07306 
12078 1.07306 
12079 1.07306 
12080 1.07305 
12081 1.07304 
12082 1.07303 
12083 1.07303 
12084 1.07302 
12085 1.07302 
12086 1.07301 
12087 1.07301 
12088 1.07301 
12089 1.073 
12090 1.073 
12091 1.073 
12092 1.073 
12093 1.073 
12094 1.07299 
12095 1.07299 
12096 1.07299 
12097 1.07299 
12098 1.07298 
12099 1.07298 
12100 1.07298 
12101 1.07297 
12102 1.07297 
12103 1.07297 
12104 1.07296 
12105 1.07296 
12106 1.07296 
12107 1.07296 
12108 1.07296 
12109 1.07296 
12110 1.07296 
12111 1.07296 
12112 1.07296 
12113 1.07295 
12114 1.07295 
12115 1.07295 
12116 1.07295 
12117 1.07295 
12118 1.07295 
12119 1.07296 
12120 1.07298 
12121 1.073 
12122 1.07301 
12123 1.07303 
12124 1.07304 
12125 1.07306 
12126 1.07308 
12127 1.0731 
12128 1.07312 
12129 1.07314 
12130 1.07316 
12131 1.07319 
12132 1.07322 
12133 1.07325 
12134 1.07328 
12135 1.07333 
12136 1.07338 
12137 1.07343 
12138 1.07349 
12139 1.07358 
12140 1.07371 
12141 1.07408 
12142 1.07422 
12143 1.07578 
12144 1.07573 
12145 1.07573 
12146 1.07572 
12147 1.07572 
12148 1.07572 
12149 1.07571 
12150 1.07571 
12151 1.07571 
12152 1.07571 
12153 1.07571 
12154 1.07571 
12155 1.07571 
12156 1.07571 
12157 1.07571 
12158 1.07571 
12159 1.07571 
12160 1.07571 
12161 1.07571 
12162 1.0757 
12163 1.0757 
12164 1.0757 
12165 1.0757 
12166 1.0757 
12167 1.0757 
12168 1.0757 
12169 1.0757 
12170 1.0757 
12171 1.0757 
12172 1.0757 
12173 1.0757 
12174 1.0757 
12175 1.0757 
12176 1.0757 
12177 1.0757 
12178 1.0757 
12179 1.07569 
12180 1.07569 
12181 1.07569 
12182 1.07569 
12183 1.07569 
12184 1.07569 
12185 1.07569 
12186 1.07569 
12187 1.07569 
12188 1.07569 
12189 1.07568 
12190 1.07568 
12191 1.07568 
12192 1.07568 
12193 1.07568 
12194 1.07568 
12195 1.07568 
12196 1.07568 
12197 1.07567 
12198 1.07567 
12199 1.07567 
12200 1.07567 
12201 1.07567 
12202 1.07566 
12203 1.07566 
12204 1.07566 
12205 1.07566 
12206 1.07566 
12207 1.07566 
12208 1.07566 
12209 1.07565 
12210 1.07565 
12211 1.07565 
12212 1.07565 
12213 1.07564 
12214 1.07564 
12215 1.07564 
12216 1.07563 
12217 1.07563 
12218 1.07563 
12219 1.07563 
12220 1.07562 
12221 1.07562 
12222 1.07561 
12223 1.07561 
12224 1.0756 
12225 1.0756 
12226 1.0756 
12227 1.0756 
12228 1.07559 
12229 1.07559 
12230 1.07559 
12231 1.07559 
12232 1.07559 
12233 1.07559 
12234 1.07558 
12235 1.07558 
12236 1.07558 
12237 1.07558 
12238 1.07558 
12239 1.07558 
12240 1.07558 
12241 1.07557 
12242 1.07557 
12243 1.07557 
12244 1.07557 
12245 1.07557 
12246 1.07557 
12247 1.07556 
12248 1.07556 
12249 1.07556 
12250 1.07556 
12251 1.07555 
12252 1.07555 
12253 1.07556 
12254 1.07556 
12255 1.07556 
12256 1.07556 
12257 1.07557 
12258 1.07557 
12259 1.07568 
12260 1.07578 
12261 1.07582 
12262 1.07586 
12263 1.0759 
12264 1.07595 
12265 1.076 
12266 1.07606 
12267 1.07613 
12268 1.07619 
12269 1.07627 
12270 1.07635 
12271 1.07643 
12272 1.07653 
12273 1.07664 
12274 1.07679 
12275 1.07701 
12276 1.0775 
12277 1.07771 
12278 1.07865 
12279 1.07887 
12280 1.08414 
12281 1.08399 
12282 1.08399 
12283 1.08399 
12284 1.08397 
12285 1.08397 
12286 1.08395 
12287 1.08395 
12288 1.08394 
12289 1.08394 
12290 1.08394 
12291 1.08394 
12292 1.08394 
12293 1.08393 
12294 1.08393 
12295 1.08393 
12296 1.08393 
12297 1.08393 
12298 1.08392 
12299 1.08392 
12300 1.08392 
12301 1.08392 
12302 1.08392 
12303 1.08391 
12304 1.08391 
12305 1.08391 
12306 1.08391 
12307 1.08391 
12308 1.08391 
12309 1.08391 
12310 1.08391 
12311 1.0839 
12312 1.0839 
12313 1.0839 
12314 1.0839 
12315 1.0839 
12316 1.0839 
12317 1.0839 
12318 1.0839 
12319 1.0839 
12320 1.08389 
12321 1.08389 
12322 1.08389 
12323 1.08389 
12324 1.08389 
12325 1.08389 
12326 1.08389 
12327 1.08389 
12328 1.08389 
12329 1.08388 
12330 1.08388 
12331 1.08388 
12332 1.08388 
12333 1.08388 
12334 1.08388 
12335 1.08388 
12336 1.08388 
12337 1.08388 
12338 1.08387 
12339 1.08387 
12340 1.08387 
12341 1.08387 
12342 1.08387 
12343 1.08386 
12344 1.08386 
12345 1.08386 
12346 1.08386 
12347 1.08386 
12348 1.08385 
12349 1.08385 
12350 1.08385 
12351 1.08385 
12352 1.08385 
12353 1.08385 
12354 1.08384 
12355 1.08384 
12356 1.08384 
12357 1.08384 
12358 1.08383 
12359 1.08383 
12360 1.08383 
12361 1.08383 
12362 1.08382 
12363 1.08382 
12364 1.08382 
12365 1.08381 
12366 1.08381 
12367 1.08381 
12368 1.0838 
12369 1.0838 
12370 1.0838 
12371 1.0838 
12372 1.08379 
12373 1.08379 
12374 1.08379 
12375 1.08379 
12376 1.08378 
12377 1.08378 
12378 1.08377 
12379 1.08377 
12380 1.08376 
12381 1.08376 
12382 1.08375 
12383 1.08375 
12384 1.08375 
12385 1.08374 
12386 1.08374 
12387 1.08371 
12388 1.0837 
12389 1.08369 
12390 1.08368 
12391 1.08367 
12392 1.08366 
12393 1.08365 
12394 1.08364 
12395 1.08363 
12396 1.08362 
12397 1.0836 
12398 1.0836 
12399 1.08358 
12400 1.08358 
12401 1.08357 
12402 1.08357 
12403 1.08356 
12404 1.08356 
12405 1.08355 
12406 1.08355 
12407 1.08355 
12408 1.08354 
12409 1.08354 
12410 1.08353 
12411 1.08353 
12412 1.08352 
12413 1.08352 
12414 1.08352 
12415 1.08351 
12416 1.08351 
12417 1.0835 
12418 1.0835 
12419 1.0835 
12420 1.0835 
12421 1.08349 
12422 1.08348 
12423 1.08347 
12424 1.08347 
12425 1.08346 
12426 1.08346 
12427 1.08345 
12428 1.08345 
12429 1.08342 
12430 1.08342 
12431 1.08341 
12432 1.08341 
12433 1.08342 
12434 1.08342 
12435 1.08342 
12436 1.08342 
12437 1.08342 
12438 1.08342 
12439 1.08342 
12440 1.08342 
12441 1.08342 
12442 1.08342 
12443 1.08342 
12444 1.08343 
12445 1.08343 
12446 1.08343 
12447 1.08344 
12448 1.08344 
12449 1.08345 
12450 1.08345 
12451 1.08346 
12452 1.08346 
12453 1.08347 
12454 1.08348 
12455 1.08349 
12456 1.0835 
12457 1.08352 
12458 1.08353 
12459 1.08355 
12460 1.08357 
12461 1.08359 
12462 1.0836 
12463 1.08362 
12464 1.08364 
12465 1.08365 
12466 1.08366 
12467 1.08368 
12468 1.08369 
12469 1.0837 
12470 1.08371 
12471 1.08372 
12472 1.08373 
12473 1.08375 
12474 1.08376 
12475 1.08377 
12476 1.08379 
12477 1.0838 
12478 1.08382 
12479 1.08384 
12480 1.08385 
12481 1.08387 
12482 1.08389 
12483 1.08391 
12484 1.08393 
12485 1.08395 
12486 1.08398 
12487 1.084 
12488 1.08402 
12489 1.08405 
12490 1.08408 
12491 1.08411 
12492 1.08414 
12493 1.08417 
12494 1.0842 
12495 1.08424 
12496 1.08427 
12497 1.08431 
12498 1.08436 
12499 1.0844 
12500 1.08445 
12501 1.0845 
12502 1.08455 
12503 1.08461 
12504 1.08468 
12505 1.08475 
12506 1.08468 
12507 1.08468 
12508 1.08468 
12509 1.08468 
12510 1.08468 
12511 1.08468 
12512 1.08468 
12513 1.08468 
12514 1.08468 
12515 1.08468 
12516 1.08468 
12517 1.08468 
12518 1.08468 
12519 1.08468 
12520 1.08468 
12521 1.08468 
12522 1.08468 
12523 1.08468 
12524 1.08468 
12525 1.08468 
12526 1.08468 
12527 1.08468 
12528 1.08468 
12529 1.08468 
12530 1.08468 
12531 1.08468 
12532 1.08468 
12533 1.08468 
12534 1.08468 
12535 1.08468 
12536 1.08468 
12537 1.08468 
12538 1.08468 
12539 1.08468 
12540 1.08468 
12541 1.08468 
12542 1.08467 
12543 1.08467 
12544 1.08467 
12545 1.08467 
12546 1.08467 
12547 1.08467 
12548 1.08467 
12549 1.08467 
12550 1.08467 
12551 1.08467 
12552 1.08467 
12553 1.08467 
12554 1.08467 
12555 1.08467 
12556 1.08467 
12557 1.08467 
12558 1.08467 
12559 1.08467 
12560 1.08467 
12561 1.08467 
12562 1.08467 
12563 1.08467 
12564 1.08466 
12565 1.08466 
12566 1.08466 
12567 1.08466 
12568 1.08466 
12569 1.08466 
12570 1.08466 
12571 1.08466 
12572 1.08466 
12573 1.08466 
12574 1.08466 
12575 1.08466 
12576 1.08466 
12577 1.08465 
12578 1.08465 
12579 1.08465 
12580 1.08465 
12581 1.08465 
12582 1.08465 
12583 1.08465 
12584 1.08465 
12585 1.08465 
12586 1.08465 
12587 1.08465 
12588 1.08465 
12589 1.08465 
12590 1.08464 
12591 1.08464 
12592 1.08464 
12593 1.08464 
12594 1.08464 
12595 1.08464 
12596 1.08463 
12597 1.08463 
12598 1.08462 
12599 1.08461 
12600 1.08461 
12601 1.0846 
12602 1.0846 
12603 1.0846 
12604 1.08459 
12605 1.08459 
12606 1.08459 
12607 1.08459 
12608 1.08459 
12609 1.08459 
12610 1.08458 
12611 1.08458 
12612 1.08458 
12613 1.08458 
12614 1.08458 
12615 1.08458 
12616 1.08458 
12617 1.08458 
12618 1.08458 
12619 1.08458 
12620 1.08458 
12621 1.08458 
12622 1.08458 
12623 1.08457 
12624 1.08457 
12625 1.08457 
12626 1.08457 
12627 1.08457 
12628 1.08457 
12629 1.08457 
12630 1.08457 
12631 1.08457 
12632 1.08458 
12633 1.08458 
12634 1.08458 
12635 1.08458 
12636 1.0846 
12637 1.08461 
12638 1.08465 
12639 1.08469 
12640 1.08471 
12641 1.08474 
12642 1.08478 
12643 1.08481 
12644 1.08484 
12645 1.08487 
12646 1.08491 
12647 1.08494 
12648 1.08499 
12649 1.08503 
12650 1.08508 
12651 1.08513 
12652 1.08518 
12653 1.08525 
12654 1.08531 
12655 1.08537 
12656 1.08545 
12657 1.08553 
12658 1.08563 
12659 1.08574 
12660 1.08586 
12661 1.08601 
12662 1.08619 
12663 1.08644 
12664 1.08681 
12665 1.08753 
12666 1.08753 
12667 1.08748 
12668 1.08747 
12669 1.08746 
12670 1.08746 
12671 1.08745 
12672 1.08744 
12673 1.08742 
12674 1.08741 
12675 1.0874 
12676 1.08737 
12677 1.08736 
12678 1.08735 
12679 1.08734 
12680 1.08733 
12681 1.08733 
12682 1.08733 
12683 1.08733 
12684 1.08733 
12685 1.08733 
12686 1.08733 
12687 1.08733 
12688 1.08733 
12689 1.08733 
12690 1.08737 
12691 1.08744 
12692 1.08749 
12693 1.08755 
12694 1.0876 
12695 1.08767 
12696 1.08774 
12697 1.08782 
12698 1.08792 
12699 1.08803 
12700 1.08816 
12701 1.08832 
12702 1.08852 
12703 1.08879 
12704 1.08958 
12705 1.09177 
12706 1.09166 
12707 1.09165 
12708 1.09165 
12709 1.09165 
12710 1.09165 
12711 1.09165 
12712 1.09164 
12713 1.09164 
12714 1.09164 
12715 1.09164 
12716 1.09164 
12717 1.09164 
12718 1.09164 
12719 1.09164 
12720 1.09163 
12721 1.09163 
12722 1.09163 
12723 1.09163 
12724 1.09163 
12725 1.09163 
12726 1.09162 
12727 1.09162 
12728 1.09162 
12729 1.09162 
12730 1.09162 
12731 1.09162 
12732 1.09162 
12733 1.09161 
12734 1.09161 
12735 1.09161 
12736 1.09161 
12737 1.09161 
12738 1.0916 
12739 1.0916 
12740 1.0916 
12741 1.0916 
12742 1.09159 
12743 1.09159 
12744 1.09159 
12745 1.09158 
12746 1.09158 
12747 1.09158 
12748 1.09158 
12749 1.09158 
12750 1.09157 
12751 1.09157 
12752 1.09157 
12753 1.09156 
12754 1.09156 
12755 1.09156 
12756 1.09155 
12757 1.09154 
12758 1.09153 
12759 1.09153 
12760 1.09152 
12761 1.0915 
12762 1.0915 
12763 1.09149 
12764 1.09148 
12765 1.09147 
12766 1.09146 
12767 1.09146 
12768 1.09145 
12769 1.09145 
12770 1.09144 
12771 1.09144 
12772 1.09144 
12773 1.09143 
12774 1.09143 
12775 1.09142 
12776 1.09142 
12777 1.09142 
12778 1.09141 
12779 1.09141 
12780 1.09141 
12781 1.0914 
12782 1.0914 
12783 1.0914 
12784 1.09139 
12785 1.09139 
12786 1.09139 
12787 1.09139 
12788 1.09138 
12789 1.09138 
12790 1.09138 
12791 1.09138 
12792 1.09137 
12793 1.09137 
12794 1.09137 
12795 1.09136 
12796 1.09135 
12797 1.09135 
12798 1.09135 
12799 1.09135 
12800 1.09137 
12801 1.09139 
12802 1.09141 
12803 1.09143 
12804 1.09144 
12805 1.09146 
12806 1.09148 
12807 1.0915 
12808 1.09152 
12809 1.09155 
12810 1.09157 
12811 1.0916 
12812 1.09163 
12813 1.09166 
12814 1.0917 
12815 1.09173 
12816 1.09177 
12817 1.09181 
12818 1.09185 
12819 1.09189 
12820 1.09195 
12821 1.092 
12822 1.09205 
12823 1.09212 
12824 1.09218 
12825 1.09226 
12826 1.09236 
12827 1.09247 
12828 1.09261 
12829 1.09277 
12830 1.093 
12831 1.09377 
12832 1.09369 
12833 1.09369 
12834 1.09369 
12835 1.09369 
12836 1.09369 
12837 1.09369 
12838 1.09369 
12839 1.09369 
12840 1.09369 
12841 1.09369 
12842 1.09369 
12843 1.09368 
12844 1.09368 
12845 1.09368 
12846 1.09368 
12847 1.09368 
12848 1.09368 
12849 1.09368 
12850 1.09368 
12851 1.09368 
12852 1.09368 
12853 1.09368 
12854 1.09368 
12855 1.09368 
12856 1.09367 
12857 1.09367 
12858 1.09367 
12859 1.09367 
12860 1.09367 
12861 1.09367 
12862 1.09367 
12863 1.09367 
12864 1.09367 
12865 1.09366 
12866 1.09366 
12867 1.09366 
12868 1.09366 
12869 1.09366 
12870 1.09366 
12871 1.09366 
12872 1.09365 
12873 1.09365 
12874 1.09365 
12875 1.09365 
12876 1.09365 
12877 1.09364 
12878 1.09364 
12879 1.09364 
12880 1.09364 
12881 1.09364 
12882 1.09363 
12883 1.09363 
12884 1.09363 
12885 1.09363 
12886 1.09363 
12887 1.09362 
12888 1.09362 
12889 1.09361 
12890 1.09361 
12891 1.0936 
12892 1.0936 
12893 1.09359 
12894 1.09359 
12895 1.09358 
12896 1.09357 
12897 1.09356 
12898 1.09356 
12899 1.09356 
12900 1.09355 
12901 1.09355 
12902 1.09355 
12903 1.09355 
12904 1.09354 
12905 1.09354 
12906 1.09354 
12907 1.09353 
12908 1.09353 
12909 1.09353 
12910 1.09353 
12911 1.09352 
12912 1.09352 
12913 1.09352 
12914 1.09352 
12915 1.09352 
12916 1.09352 
12917 1.09351 
12918 1.09351 
12919 1.09351 
12920 1.09351 
12921 1.09351 
12922 1.09351 
12923 1.09351 
12924 1.0935 
12925 1.0935 
12926 1.0935 
12927 1.0935 
12928 1.0935 
12929 1.0935 
12930 1.09351 
12931 1.09352 
12932 1.09352 
12933 1.09355 
12934 1.09358 
12935 1.09361 
12936 1.09365 
12937 1.0937 
12938 1.09375 
12939 1.09381 
12940 1.09386 
12941 1.09392 
12942 1.09398 
12943 1.09406 
12944 1.09416 
12945 1.09428 
12946 1.09443 
12947 1.09462 
12948 1.0949 
12949 1.09655 
12950 1.0965 
12951 1.0965 
12952 1.0965 
12953 1.0965 
12954 1.09648 
12955 1.09647 
12956 1.09646 
12957 1.09645 
12958 1.09645 
12959 1.09645 
12960 1.09645 
12961 1.09645 
12962 1.09645 
12963 1.09645 
12964 1.09645 
12965 1.09645 
12966 1.09645 
12967 1.09645 
12968 1.09645 
12969 1.09645 
12970 1.09645 
12971 1.09645 
12972 1.09645 
12973 1.09644 
12974 1.09644 
12975 1.09644 
12976 1.09644 
12977 1.09644 
12978 1.09644 
12979 1.09644 
12980 1.09644 
12981 1.09644 
12982 1.09644 
12983 1.09644 
12984 1.09644 
12985 1.09644 
12986 1.09644 
12987 1.09644 
12988 1.09644 
12989 1.09644 
12990 1.09644 
12991 1.09644 
12992 1.09643 
12993 1.09643 
12994 1.09643 
12995 1.09643 
12996 1.09643 
12997 1.09643 
12998 1.09643 
12999 1.09643 
13000 1.09643 
13001 1.09643 
13002 1.09643 
13003 1.09643 
13004 1.09643 
13005 1.09643 
13006 1.09643 
13007 1.09643 
13008 1.09643 
13009 1.09642 
13010 1.09642 
13011 1.09642 
13012 1.09642 
13013 1.09642 
13014 1.09642 
13015 1.09642 
13016 1.09642 
13017 1.09642 
13018 1.09642 
13019 1.09641 
13020 1.09641 
13021 1.09641 
13022 1.09641 
13023 1.09641 
13024 1.09641 
13025 1.09641 
13026 1.09641 
13027 1.09641 
13028 1.0964 
13029 1.0964 
13030 1.0964 
13031 1.0964 
13032 1.0964 
13033 1.0964 
13034 1.0964 
13035 1.09639 
13036 1.09639 
13037 1.09639 
13038 1.09639 
13039 1.09639 
13040 1.09639 
13041 1.09639 
13042 1.09638 
13043 1.09638 
13044 1.09638 
13045 1.09637 
13046 1.09637 
13047 1.09637 
13048 1.09636 
13049 1.09635 
13050 1.09635 
13051 1.09634 
13052 1.09633 
13053 1.09632 
13054 1.09632 
13055 1.09631 
13056 1.09631 
13057 1.09629 
13058 1.09629 
13059 1.09629 
13060 1.09628 
13061 1.09628 
13062 1.09628 
13063 1.09628 
13064 1.09627 
13065 1.09627 
13066 1.09627 
13067 1.09627 
13068 1.09626 
13069 1.09626 
13070 1.09626 
13071 1.09625 
13072 1.09625 
13073 1.09625 
13074 1.09624 
13075 1.09624 
13076 1.09624 
13077 1.09624 
13078 1.09623 
13079 1.09623 
13080 1.09623 
13081 1.09623 
13082 1.09623 
13083 1.09623 
13084 1.09623 
13085 1.09622 
13086 1.09622 
13087 1.09622 
13088 1.09621 
13089 1.09621 
13090 1.09621 
13091 1.09621 
13092 1.09622 
13093 1.09624 
13094 1.09626 
13095 1.09629 
13096 1.09632 
13097 1.09635 
13098 1.09639 
13099 1.09643 
13100 1.09646 
13101 1.0965 
13102 1.09655 
13103 1.0966 
13104 1.09667 
13105 1.09674 
13106 1.09683 
13107 1.09695 
13108 1.09711 
13109 1.09737 
13110 1.09809 
13111 1.098 
13112 1.098 
13113 1.098 
13114 1.098 
13115 1.098 
13116 1.098 
13117 1.098 
13118 1.098 
13119 1.098 
13120 1.098 
13121 1.098 
13122 1.098 
13123 1.098 
13124 1.098 
13125 1.098 
13126 1.098 
13127 1.098 
13128 1.098 
13129 1.098 
13130 1.098 
13131 1.098 
13132 1.098 
13133 1.098 
13134 1.098 
13135 1.098 
13136 1.098 
13137 1.098 
13138 1.098 
13139 1.09799 
13140 1.09799 
13141 1.09799 
13142 1.09799 
13143 1.09799 
13144 1.09799 
13145 1.09799 
13146 1.09799 
13147 1.09799 
13148 1.09799 
13149 1.09799 
13150 1.09799 
13151 1.09799 
13152 1.09799 
13153 1.09799 
13154 1.09799 
13155 1.09799 
13156 1.09799 
13157 1.09799 
13158 1.09799 
13159 1.09799 
13160 1.09799 
13161 1.09799 
13162 1.09799 
13163 1.09799 
13164 1.09799 
13165 1.09799 
13166 1.09799 
13167 1.09799 
13168 1.09799 
13169 1.09798 
13170 1.09798 
13171 1.09798 
13172 1.09798 
13173 1.09798 
13174 1.09798 
13175 1.09798 
13176 1.09798 
13177 1.09798 
13178 1.09798 
13179 1.09798 
13180 1.09798 
13181 1.09798 
13182 1.09798 
13183 1.09798 
13184 1.09798 
13185 1.09798 
13186 1.09797 
13187 1.09797 
13188 1.09797 
13189 1.09797 
13190 1.09797 
13191 1.09797 
13192 1.09797 
13193 1.09797 
13194 1.09797 
13195 1.09797 
13196 1.09797 
13197 1.09797 
13198 1.09796 
13199 1.09796 
13200 1.09796 
13201 1.09796 
13202 1.09796 
13203 1.09796 
13204 1.09796 
13205 1.09796 
13206 1.09796 
13207 1.09795 
13208 1.09795 
13209 1.09795 
13210 1.09795 
13211 1.09795 
13212 1.09795 
13213 1.09795 
13214 1.09795 
13215 1.09794 
13216 1.09794 
13217 1.09794 
13218 1.09794 
13219 1.09793 
13220 1.09793 
13221 1.09792 
13222 1.09791 
13223 1.09791 
13224 1.09789 
13225 1.09789 
13226 1.09788 
13227 1.09787 
13228 1.09787 
13229 1.09787 
13230 1.09787 
13231 1.09786 
13232 1.09786 
13233 1.09786 
13234 1.09785 
13235 1.09785 
13236 1.09784 
13237 1.09784 
13238 1.09783 
13239 1.09783 
13240 1.09783 
13241 1.09783 
13242 1.09782 
13243 1.09782 
13244 1.09782 
13245 1.09782 
13246 1.09781 
13247 1.09781 
13248 1.09781 
13249 1.0978 
13250 1.0978 
13251 1.09779 
13252 1.09783 
13253 1.09785 
13254 1.09788 
13255 1.09791 
13256 1.09795 
13257 1.09798 
13258 1.09802 
13259 1.09807 
13260 1.09814 
13261 1.09822 
13262 1.09833 
13263 1.09851 
13264 1.09884 
13265 1.10051 
13266 1.10044 
13267 1.10044 
13268 1.10042 
13269 1.10042 
13270 1.10042 
13271 1.1004 
13272 1.1004 
13273 1.10039 
13274 1.10039 
13275 1.10038 
13276 1.10038 
13277 1.10037 
13278 1.10037 
13279 1.10037 
13280 1.10037 
13281 1.10037 
13282 1.10037 
13283 1.10037 
13284 1.10036 
13285 1.10036 
13286 1.10036 
13287 1.10036 
13288 1.10036 
13289 1.10036 
13290 1.10036 
13291 1.10036 
13292 1.10036 
13293 1.10036 
13294 1.10036 
13295 1.10036 
13296 1.10036 
13297 1.10035 
13298 1.10035 
13299 1.10035 
13300 1.10035 
13301 1.10035 
13302 1.10035 
13303 1.10035 
13304 1.10035 
13305 1.10035 
13306 1.10035 
13307 1.10034 
13308 1.10034 
13309 1.10034 
13310 1.10034 
13311 1.10034 
13312 1.10034 
13313 1.10034 
13314 1.10034 
13315 1.10033 
13316 1.10033 
13317 1.10033 
13318 1.10033 
13319 1.10033 
13320 1.10033 
13321 1.10032 
13322 1.10032 
13323 1.10032 
13324 1.10032 
13325 1.10032 
13326 1.10032 
13327 1.10031 
13328 1.10031 
13329 1.10031 
13330 1.10031 
13331 1.10031 
13332 1.1003 
13333 1.1003 
13334 1.1003 
13335 1.1003 
13336 1.10029 
13337 1.10029 
13338 1.10029 
13339 1.10029 
13340 1.10028 
13341 1.10028 
13342 1.10027 
13343 1.10026 
13344 1.10024 
13345 1.10023 
13346 1.10023 
13347 1.10021 
13348 1.10021 
13349 1.10021 
13350 1.1002 
13351 1.1002 
13352 1.1002 
13353 1.10019 
13354 1.10019 
13355 1.10018 
13356 1.10017 
13357 1.10017 
13358 1.10017 
13359 1.10016 
13360 1.10015 
13361 1.10015 
13362 1.10014 
13363 1.10014 
13364 1.10014 
13365 1.10013 
13366 1.10012 
13367 1.10012 
13368 1.10012 
13369 1.1001 
13370 1.10009 
13371 1.10009 
13372 1.10008 
13373 1.10008 
13374 1.10008 
13375 1.10009 
13376 1.10009 
13377 1.1001 
13378 1.10012 
13379 1.10016 
13380 1.10019 
13381 1.10024 
13382 1.10029 
13383 1.10035 
13384 1.10042 
13385 1.10051 
13386 1.10063 
13387 1.10079 
13388 1.10101 
13389 1.1014 
13390 1.10238 
13391 1.10313 
13392 1.10313 
13393 1.10308 
13394 1.10307 
13395 1.10306 
13396 1.10304 
13397 1.10304 
13398 1.10304 
13399 1.10303 
13400 1.10303 
13401 1.10303 
13402 1.10302 
13403 1.10302 
13404 1.10302 
13405 1.10302 
13406 1.10302 
13407 1.10302 
13408 1.10302 
13409 1.10302 
13410 1.10302 
13411 1.10302 
13412 1.10302 
13413 1.10302 
13414 1.10302 
13415 1.10302 
13416 1.10301 
13417 1.10301 
13418 1.10301 
13419 1.10301 
13420 1.10301 
13421 1.10301 
13422 1.10301 
13423 1.10301 
13424 1.10301 
13425 1.10301 
13426 1.10301 
13427 1.10301 
13428 1.10301 
13429 1.10301 
13430 1.10301 
13431 1.10301 
13432 1.10301 
13433 1.10301 
13434 1.10301 
13435 1.10301 
13436 1.10301 
13437 1.103 
13438 1.103 
13439 1.103 
13440 1.103 
13441 1.103 
13442 1.103 
13443 1.103 
13444 1.103 
13445 1.103 
13446 1.103 
13447 1.103 
13448 1.103 
13449 1.103 
13450 1.10299 
13451 1.10299 
13452 1.10299 
13453 1.10299 
13454 1.10299 
13455 1.10299 
13456 1.10299 
13457 1.10299 
13458 1.10299 
13459 1.10299 
13460 1.10299 
13461 1.10298 
13462 1.10298 
13463 1.10298 
13464 1.10298 
13465 1.10298 
13466 1.10298 
13467 1.10298 
13468 1.10298 
13469 1.10298 
13470 1.10298 
13471 1.10297 
13472 1.10297 
13473 1.10297 
13474 1.10297 
13475 1.10297 
13476 1.10297 
13477 1.10296 
13478 1.10296 
13479 1.10296 
13480 1.10296 
13481 1.10295 
13482 1.10295 
13483 1.10294 
13484 1.10293 
13485 1.10292 
13486 1.10292 
13487 1.10291 
13488 1.10291 
13489 1.1029 
13490 1.1029 
13491 1.1029 
13492 1.1029 
13493 1.10289 
13494 1.10289 
13495 1.10289 
13496 1.10289 
13497 1.10289 
13498 1.10288 
13499 1.10288 
13500 1.10288 
13501 1.10288 
13502 1.10287 
13503 1.10287 
13504 1.10286 
13505 1.10286 
13506 1.10286 
13507 1.10286 
13508 1.10286 
13509 1.10285 
13510 1.10285 
13511 1.10285 
13512 1.10284 
13513 1.10284 
13514 1.10283 
13515 1.10283 
13516 1.10282 
13517 1.10281 
13518 1.10281 
13519 1.10281 
13520 1.10281 
13521 1.10282 
13522 1.10286 
13523 1.1029 
13524 1.10296 
13525 1.10302 
13526 1.1031 
13527 1.10319 
13528 1.10331 
13529 1.10349 
13530 1.10378 
13531 1.10451 
13532 1.10442 
13533 1.1044 
13534 1.1044 
13535 1.10439 
13536 1.10439 
13537 1.10439 
13538 1.10439 
13539 1.10439 
13540 1.10439 
13541 1.10439 
13542 1.10439 
13543 1.10439 
13544 1.10439 
13545 1.10439 
13546 1.10439 
13547 1.10439 
13548 1.10439 
13549 1.10439 
13550 1.10438 
13551 1.10438 
13552 1.10438 
13553 1.10438 
13554 1.10438 
13555 1.10438 
13556 1.10438 
13557 1.10438 
13558 1.10438 
13559 1.10438 
13560 1.10438 
13561 1.10438 
13562 1.10438 
13563 1.10438 
13564 1.10438 
13565 1.10438 
13566 1.10438 
13567 1.10438 
13568 1.10438 
13569 1.10438 
13570 1.10438 
13571 1.10437 
13572 1.10437 
13573 1.10437 
13574 1.10437 
13575 1.10437 
13576 1.10437 
13577 1.10437 
13578 1.10437 
13579 1.10437 
13580 1.10437 
13581 1.10437 
13582 1.10437 
13583 1.10437 
13584 1.10437 
13585 1.10437 
13586 1.10436 
13587 1.10436 
13588 1.10436 
13589 1.10436 
13590 1.10436 
13591 1.10436 
13592 1.10436 
13593 1.10436 
13594 1.10436 
13595 1.10436 
13596 1.10436 
13597 1.10436 
13598 1.10436 
13599 1.10435 
13600 1.10435 
13601 1.10435 
13602 1.10435 
13603 1.10435 
13604 1.10435 
13605 1.10435 
13606 1.10435 
13607 1.10435 
13608 1.10434 
13609 1.10434 
13610 1.10434 
13611 1.10434 
13612 1.10434 
13613 1.10434 
13614 1.10434 
13615 1.10434 
13616 1.10434 
13617 1.10433 
13618 1.10433 
13619 1.10432 
13620 1.10432 
13621 1.10432 
13622 1.10431 
13623 1.1043 
13624 1.10429 
13625 1.10428 
13626 1.10427 
13627 1.10426 
13628 1.10425 
13629 1.10425 
13630 1.10425 
13631 1.10424 
13632 1.10424 
13633 1.10423 
13634 1.10423 
13635 1.10423 
13636 1.10422 
13637 1.10422 
13638 1.10421 
13639 1.10421 
13640 1.1042 
13641 1.1042 
13642 1.10419 
13643 1.10419 
13644 1.10417 
13645 1.10416 
13646 1.10415 
13647 1.10413 
13648 1.10413 
13649 1.10413 
13650 1.10413 
13651 1.10413 
13652 1.10415 
13653 1.10416 
13654 1.1042 
13655 1.10426 
13656 1.10433 
13657 1.10441 
13658 1.1045 
13659 1.10464 
13660 1.10484 
13661 1.1052 
13662 1.1055 
13663 1.10593 
13664 1.10687 
13665 1.10809 
13666 1.10807 
13667 1.10807 
13668 1.10805 
13669 1.10805 
13670 1.10805 
13671 1.10802 
13672 1.10801 
13673 1.10801 
13674 1.10799 
13675 1.10799 
13676 1.10799 
13677 1.10798 
13678 1.10798 
13679 1.10798 
13680 1.10798 
13681 1.10798 
13682 1.10798 
13683 1.10797 
13684 1.10797 
13685 1.10797 
13686 1.10797 
13687 1.10797 
13688 1.10797 
13689 1.10797 
13690 1.10797 
13691 1.10797 
13692 1.10797 
13693 1.10797 
13694 1.10797 
13695 1.10797 
13696 1.10797 
13697 1.10797 
13698 1.10797 
13699 1.10797 
13700 1.10797 
13701 1.10797 
13702 1.10797 
13703 1.10797 
13704 1.10797 
13705 1.10797 
13706 1.10797 
13707 1.10797 
13708 1.10797 
13709 1.10796 
13710 1.10796 
13711 1.10796 
13712 1.10796 
13713 1.10796 
13714 1.10796 
13715 1.10796 
13716 1.10796 
13717 1.10796 
13718 1.10796 
13719 1.10796 
13720 1.10796 
13721 1.10796 
13722 1.10796 
13723 1.10796 
13724 1.10796 
13725 1.10796 
13726 1.10796 
13727 1.10796 
13728 1.10796 
13729 1.10796 
13730 1.10796 
13731 1.10796 
13732 1.10796 
13733 1.10796 
13734 1.10795 
13735 1.10795 
13736 1.10795 
13737 1.10795 
13738 1.10795 
13739 1.10795 
13740 1.10795 
13741 1.10795 
13742 1.10795 
13743 1.10795 
13744 1.10795 
13745 1.10795 
13746 1.10795 
13747 1.10795 
13748 1.10795 
13749 1.10795 
13750 1.10794 
13751 1.10794 
13752 1.10794 
13753 1.10794 
13754 1.10794 
13755 1.10794 
13756 1.10794 
13757 1.10794 
13758 1.10793 
13759 1.10793 
13760 1.10793 
13761 1.10793 
13762 1.10793 
13763 1.10793 
13764 1.10793 
13765 1.10792 
13766 1.10792 
13767 1.10792 
13768 1.10792 
13769 1.10792 
13770 1.10791 
13771 1.10791 
13772 1.10791 
13773 1.1079 
13774 1.10789 
13775 1.10788 
13776 1.10787 
13777 1.10787 
13778 1.10786 
13779 1.10785 
13780 1.10785 
13781 1.10785 
13782 1.10784 
13783 1.10784 
13784 1.10784 
13785 1.10783 
13786 1.10783 
13787 1.10782 
13788 1.10782 
13789 1.10782 
13790 1.10782 
13791 1.10781 
13792 1.10781 
13793 1.10781 
13794 1.1078 
13795 1.1078 
13796 1.1078 
13797 1.10779 
13798 1.10778 
13799 1.10778 
13800 1.10777 
13801 1.10776 
13802 1.10776 
13803 1.10775 
13804 1.10774 
13805 1.10774 
13806 1.10773 
13807 1.10773 
13808 1.10773 
13809 1.10774 
13810 1.10777 
13811 1.10779 
13812 1.10782 
13813 1.10789 
13814 1.10798 
13815 1.10811 
13816 1.10829 
13817 1.10866 
13818 1.10972 
13819 1.10967 
13820 1.10962 
13821 1.10962 
13822 1.10962 
13823 1.10958 
13824 1.10958 
13825 1.10958 
13826 1.10957 
13827 1.10957 
13828 1.10957 
13829 1.10957 
13830 1.10957 
13831 1.10957 
13832 1.10957 
13833 1.10957 
13834 1.10957 
13835 1.10957 
13836 1.10957 
13837 1.10957 
13838 1.10957 
13839 1.10957 
13840 1.10957 
13841 1.10957 
13842 1.10956 
13843 1.10956 
13844 1.10956 
13845 1.10956 
13846 1.10956 
13847 1.10956 
13848 1.10956 
13849 1.10956 
13850 1.10956 
13851 1.10956 
13852 1.10956 
13853 1.10956 
13854 1.10956 
13855 1.10956 
13856 1.10956 
13857 1.10956 
13858 1.10955 
13859 1.10955 
13860 1.10955 
13861 1.10955 
13862 1.10955 
13863 1.10955 
13864 1.10955 
13865 1.10955 
13866 1.10955 
13867 1.10955 
13868 1.10955 
13869 1.10955 
13870 1.10954 
13871 1.10954 
13872 1.10954 
13873 1.10954 
13874 1.10954 
13875 1.10954 
13876 1.10954 
13877 1.10954 
13878 1.10954 
13879 1.10954 
13880 1.10954 
13881 1.10953 
13882 1.10953 
13883 1.10953 
13884 1.10953 
13885 1.10953 
13886 1.10953 
13887 1.10952 
13888 1.10952 
13889 1.10952 
13890 1.10952 
13891 1.10952 
13892 1.10952 
13893 1.10951 
13894 1.10951 
13895 1.10951 
13896 1.10951 
13897 1.1095 
13898 1.1095 
13899 1.10949 
13900 1.10949 
13901 1.10949 
13902 1.10948 
13903 1.10948 
13904 1.10947 
13905 1.10946 
13906 1.10946 
13907 1.10945 
13908 1.10945 
13909 1.10944 
13910 1.10944 
13911 1.10943 
13912 1.10941 
13913 1.10941 
13914 1.10941 
13915 1.10941 
13916 1.1094 
13917 1.1094 
13918 1.1094 
13919 1.1094 
13920 1.10939 
13921 1.10939 
13922 1.10939 
13923 1.10938 
13924 1.10938 
13925 1.10938 
13926 1.10937 
13927 1.10937 
13928 1.10936 
13929 1.10935 
13930 1.10935 
13931 1.10935 
13932 1.10934 
13933 1.10933 
13934 1.10933 
13935 1.10933 
13936 1.10932 
13937 1.10931 
13938 1.10931 
13939 1.1093 
13940 1.10929 
13941 1.10924 
13942 1.10924 
13943 1.10923 
13944 1.10923 
13945 1.10923 
13946 1.10924 
13947 1.10926 
13948 1.10928 
13949 1.1093 
13950 1.10933 
13951 1.10936 
13952 1.10945 
13953 1.10956 
13954 1.10974 
13955 1.1101 
13956 1.11025 
13957 1.11131 
13958 1.11126 
13959 1.11126 
13960 1.11121 
13961 1.1112 
13962 1.1112 
13963 1.1112 
13964 1.1112 
13965 1.1112 
13966 1.1112 
13967 1.1112 
13968 1.1112 
13969 1.1112 
13970 1.1112 
13971 1.1112 
13972 1.1112 
13973 1.1112 
13974 1.1112 
13975 1.11119 
13976 1.11119 
13977 1.11119 
13978 1.11119 
13979 1.11119 
13980 1.11119 
13981 1.11119 
13982 1.11119 
13983 1.11119 
13984 1.11119 
13985 1.11119 
13986 1.11119 
13987 1.11119 
13988 1.11119 
13989 1.11118 
13990 1.11118 
13991 1.11118 
13992 1.11118 
13993 1.11118 
13994 1.11118 
13995 1.11118 
13996 1.11118 
13997 1.11118 
13998 1.11118 
13999 1.11118 
14000 1.11118 
14001 1.11117 
14002 1.11117 
14003 1.11117 
14004 1.11117 
14005 1.11117 
14006 1.11117 
14007 1.11117 
14008 1.11117 
14009 1.11117 
14010 1.11117 
14011 1.11116 
14012 1.11116 
14013 1.11116 
14014 1.11116 
14015 1.11116 
14016 1.11116 
14017 1.11116 
14018 1.11116 
14019 1.11115 
14020 1.11115 
14021 1.11115 
14022 1.11115 
14023 1.11114 
14024 1.11114 
14025 1.11114 
14026 1.11114 
14027 1.11113 
14028 1.11112 
14029 1.11112 
14030 1.11111 
14031 1.11111 
14032 1.1111 
14033 1.11109 
14034 1.11109 
14035 1.11108 
14036 1.11108 
14037 1.11108 
14038 1.11107 
14039 1.11107 
14040 1.11107 
14041 1.11106 
14042 1.11106 
14043 1.11106 
14044 1.11106 
14045 1.11105 
14046 1.11105 
14047 1.11105 
14048 1.11105 
14049 1.11104 
14050 1.11104 
14051 1.11104 
14052 1.11103 
14053 1.11103 
14054 1.11103 
14055 1.11103 
14056 1.11103 
14057 1.11102 
14058 1.11102 
14059 1.11102 
14060 1.11101 
14061 1.11101 
14062 1.11101 
14063 1.111 
14064 1.11099 
14065 1.11099 
14066 1.11098 
14067 1.11097 
14068 1.11096 
14069 1.11096 
14070 1.11096 
14071 1.11096 
14072 1.11096 
14073 1.11097 
14074 1.111 
14075 1.1111 
14076 1.11126 
14077 1.11155 
14078 1.11249 
14079 1.1124 
14080 1.1124 
14081 1.1124 
14082 1.1124 
14083 1.11238 
14084 1.11238 
14085 1.11238 
14086 1.11237 
14087 1.11237 
14088 1.11236 
14089 1.11236 
14090 1.11236 
14091 1.11236 
14092 1.11236 
14093 1.11236 
14094 1.11236 
14095 1.11236 
14096 1.11236 
14097 1.11236 
14098 1.11236 
14099 1.11236 
14100 1.11236 
14101 1.11236 
14102 1.11236 
14103 1.11236 
14104 1.11235 
14105 1.11235 
14106 1.11235 
14107 1.11235 
14108 1.11235 
14109 1.11235 
14110 1.11235 
14111 1.11235 
14112 1.11235 
14113 1.11235 
14114 1.11235 
14115 1.11235 
14116 1.11235 
14117 1.11235 
14118 1.11235 
14119 1.11235 
14120 1.11235 
14121 1.11235 
14122 1.11235 
14123 1.11235 
14124 1.11235 
14125 1.11235 
14126 1.11234 
14127 1.11234 
14128 1.11234 
14129 1.11234 
14130 1.11234 
14131 1.11234 
14132 1.11234 
14133 1.11234 
14134 1.11234 
14135 1.11234 
14136 1.11234 
14137 1.11234 
14138 1.11234 
14139 1.11233 
14140 1.11233 
14141 1.11233 
14142 1.11233 
14143 1.11233 
14144 1.11233 
14145 1.11233 
14146 1.11233 
14147 1.11233 
14148 1.11233 
14149 1.11233 
14150 1.11232 
14151 1.11232 
14152 1.11232 
14153 1.11232 
14154 1.11232 
14155 1.11232 
14156 1.11232 
14157 1.11231 
14158 1.11231 
14159 1.11231 
14160 1.11231 
14161 1.11231 
14162 1.11231 
14163 1.11231 
14164 1.11231 
14165 1.1123 
14166 1.1123 
14167 1.1123 
14168 1.11229 
14169 1.11229 
14170 1.11229 
14171 1.11228 
14172 1.11228 
14173 1.11228 
14174 1.11227 
14175 1.11226 
14176 1.11225 
14177 1.11225 
14178 1.11224 
14179 1.11224 
14180 1.11222 
14181 1.11221 
14182 1.11221 
14183 1.1122 
14184 1.1122 
14185 1.1122 
14186 1.11219 
14187 1.11219 
14188 1.11218 
14189 1.11218 
14190 1.11217 
14191 1.11216 
14192 1.11216 
14193 1.11216 
14194 1.11215 
14195 1.11215 
14196 1.11214 
14197 1.11214 
14198 1.11213 
14199 1.11213 
14200 1.11211 
14201 1.11209 
14202 1.11208 
14203 1.11207 
14204 1.11207 
14205 1.11207 
14206 1.11208 
14207 1.11209 
14208 1.11211 
14209 1.11214 
14210 1.11218 
14211 1.11222 
14212 1.11238 
14213 1.11256 
14214 1.11272 
14215 1.11319 
14216 1.11348 
14217 1.11611 
14218 1.11596 
14219 1.11596 
14220 1.11596 
14221 1.11595 
14222 1.11593 
14223 1.11593 
14224 1.11592 
14225 1.11592 
14226 1.11592 
14227 1.11591 
14228 1.11591 
14229 1.11591 
14230 1.11591 
14231 1.11591 
14232 1.11591 
14233 1.11591 
14234 1.11591 
14235 1.1159 
14236 1.1159 
14237 1.1159 
14238 1.1159 
14239 1.1159 
14240 1.1159 
14241 1.1159 
14242 1.1159 
14243 1.1159 
14244 1.1159 
14245 1.11589 
14246 1.11589 
14247 1.11589 
14248 1.11589 
14249 1.11589 
14250 1.11589 
14251 1.11589 
14252 1.11589 
14253 1.11589 
14254 1.11589 
14255 1.11588 
14256 1.11588 
14257 1.11588 
14258 1.11588 
14259 1.11588 
14260 1.11588 
14261 1.11588 
14262 1.11587 
14263 1.11587 
14264 1.11587 
14265 1.11587 
14266 1.11587 
14267 1.11586 
14268 1.11586 
14269 1.11586 
14270 1.11586 
14271 1.11586 
14272 1.11585 
14273 1.11585 
14274 1.11585 
14275 1.11585 
14276 1.11584 
14277 1.11584 
14278 1.11584 
14279 1.11584 
14280 1.11583 
14281 1.11583 
14282 1.11583 
14283 1.11583 
14284 1.11582 
14285 1.11582 
14286 1.11582 
14287 1.11582 
14288 1.11582 
14289 1.11581 
14290 1.11581 
14291 1.1158 
14292 1.1158 
14293 1.11579 
14294 1.11579 
14295 1.11578 
14296 1.11578 
14297 1.11577 
14298 1.11577 
14299 1.11576 
14300 1.11576 
14301 1.11575 
14302 1.11575 
14303 1.11573 
14304 1.11572 
14305 1.11571 
14306 1.1157 
14307 1.1157 
14308 1.11569 
14309 1.11568 
14310 1.11568 
14311 1.11567 
14312 1.11566 
14313 1.11566 
14314 1.11566 
14315 1.11566 
14316 1.11565 
14317 1.11565 
14318 1.11565 
14319 1.11564 
14320 1.11563 
14321 1.11562 
14322 1.11562 
14323 1.11561 
14324 1.11561 
14325 1.1156 
14326 1.1156 
14327 1.1156 
14328 1.11559 
14329 1.11559 
14330 1.11558 
14331 1.11558 
14332 1.11558 
14333 1.11556 
14334 1.11556 
14335 1.11555 
14336 1.11554 
14337 1.11553 
14338 1.11552 
14339 1.11552 
14340 1.11551 
14341 1.11551 
14342 1.11549 
14343 1.11548 
14344 1.11543 
14345 1.11542 
14346 1.1154 
14347 1.11539 
14348 1.11539 
14349 1.11539 
14350 1.11539 
14351 1.1154 
14352 1.11541 
14353 1.11543 
14354 1.11546 
14355 1.1155 
14356 1.11555 
14357 1.11561 
14358 1.11569 
14359 1.11593 
14360 1.11661 
14361 1.11703 
14362 1.12273 
14363 1.12264 
14364 1.12264 
14365 1.12264 
14366 1.12261 
14367 1.12252 
14368 1.1224 
14369 1.12237 
14370 1.12234 
14371 1.12233 
14372 1.12232 
14373 1.12231 
14374 1.1223 
14375 1.12228 
14376 1.12227 
14377 1.12226 
14378 1.12224 
14379 1.12221 
14380 1.12219 
14381 1.12217 
14382 1.12215 
14383 1.12212 
14384 1.12209 
14385 1.12207 
14386 1.12203 
14387 1.12198 
14388 1.12194 
14389 1.1219 
14390 1.12188 
14391 1.12187 
14392 1.12186 
14393 1.12184 
14394 1.12183 
14395 1.12182 
14396 1.12181 
14397 1.12179 
14398 1.12177 
14399 1.12176 
14400 1.12173 
14401 1.12171 
14402 1.1217 
14403 1.12166 
14404 1.12165 
14405 1.12161 
14406 1.12154 
14407 1.12153 
14408 1.1215 
14409 1.12145 
14410 1.12145 
14411 1.12145 
14412 1.12145 
14413 1.12145 
14414 1.12146 
14415 1.12147 
14416 1.12149 
14417 1.1215 
14418 1.12153 
14419 1.12156 
14420 1.12161 
14421 1.12167 
14422 1.12173 
14423 1.12179 
14424 1.12188 
14425 1.122 
14426 1.12221 
14427 1.12302 
14428 1.12287 
14429 1.12287 
14430 1.12287 
14431 1.12287 
14432 1.12287 
14433 1.12287 
14434 1.12287 
14435 1.12287 
14436 1.12287 
14437 1.12287 
14438 1.12287 
14439 1.12286 
14440 1.12286 
14441 1.12286 
14442 1.12286 
14443 1.12286 
14444 1.12286 
14445 1.12286 
14446 1.12286 
14447 1.12286 
14448 1.12286 
14449 1.12286 
14450 1.12286 
14451 1.12286 
14452 1.12286 
14453 1.12286 
14454 1.12286 
14455 1.12286 
14456 1.12286 
14457 1.12286 
14458 1.12286 
14459 1.12285 
14460 1.12285 
14461 1.12285 
14462 1.12285 
14463 1.12285 
14464 1.12285 
14465 1.12285 
14466 1.12285 
14467 1.12285 
14468 1.12285 
14469 1.12285 
14470 1.12285 
14471 1.12285 
14472 1.12285 
14473 1.12285 
14474 1.12285 
14475 1.12284 
14476 1.12284 
14477 1.12284 
14478 1.12284 
14479 1.12284 
14480 1.12284 
14481 1.12284 
14482 1.12284 
14483 1.12284 
14484 1.12284 
14485 1.12284 
14486 1.12284 
14487 1.12283 
14488 1.12283 
14489 1.12283 
14490 1.12283 
14491 1.12283 
14492 1.12283 
14493 1.12283 
14494 1.12283 
14495 1.12283 
14496 1.12283 
14497 1.12283 
14498 1.12282 
14499 1.12282 
14500 1.12282 
14501 1.12282 
14502 1.12282 
14503 1.12282 
14504 1.12282 
14505 1.12282 
14506 1.12282 
14507 1.12281 
14508 1.12281 
14509 1.12281 
14510 1.12281 
14511 1.12281 
14512 1.12281 
14513 1.12281 
14514 1.12281 
14515 1.12281 
14516 1.12281 
14517 1.1228 
14518 1.1228 
14519 1.1228 
14520 1.1228 
14521 1.12279 
14522 1.12278 
14523 1.12277 
14524 1.12277 
14525 1.12276 
14526 1.12276 
14527 1.12275 
14528 1.12275 
14529 1.12274 
14530 1.12274 
14531 1.12274 
14532 1.12273 
14533 1.12273 
14534 1.12273 
14535 1.12273 
14536 1.12272 
14537 1.12272 
14538 1.12272 
14539 1.12272 
14540 1.12271 
14541 1.12271 
14542 1.12271 
14543 1.12271 
14544 1.12271 
14545 1.1227 
14546 1.1227 
14547 1.12269 
14548 1.12269 
14549 1.12268 
14550 1.12268 
14551 1.12267 
14552 1.12266 
14553 1.12266 
14554 1.12265 
14555 1.12265 
14556 1.12264 
14557 1.12263 
14558 1.12263 
14559 1.12263 
14560 1.12263 
14561 1.12264 
14562 1.12269 
14563 1.12277 
14564 1.12284 
14565 1.12298 
14566 1.1234 
14567 1.12362 
14568 1.12375 
14569 1.12743 
14570 1.12721 
14571 1.12721 
14572 1.12721 
14573 1.1272 
14574 1.1272 
14575 1.12718 
14576 1.12718 
14577 1.12718 
14578 1.12717 
14579 1.12717 
14580 1.12716 
14581 1.12716 
14582 1.12715 
14583 1.12715 
14584 1.12714 
14585 1.12714 
14586 1.12714 
14587 1.12714 
14588 1.12714 
14589 1.12714 
14590 1.12714 
14591 1.12714 
14592 1.12714 
14593 1.12714 
14594 1.12714 
14595 1.12713 
14596 1.12713 
14597 1.12713 
14598 1.12713 
14599 1.12713 
14600 1.12713 
14601 1.12713 
14602 1.12713 
14603 1.12713 
14604 1.12713 
14605 1.12713 
14606 1.12713 
14607 1.12713 
14608 1.12713 
14609 1.12712 
14610 1.12712 
14611 1.12712 
14612 1.12712 
14613 1.12712 
14614 1.12712 
14615 1.12712 
14616 1.12712 
14617 1.12712 
14618 1.12712 
14619 1.12712 
14620 1.12712 
14621 1.12712 
14622 1.12712 
14623 1.12711 
14624 1.12711 
14625 1.12711 
14626 1.12711 
14627 1.12711 
14628 1.12711 
14629 1.12711 
14630 1.12711 
14631 1.12711 
14632 1.12711 
14633 1.12711 
14634 1.12711 
14635 1.12711 
14636 1.1271 
14637 1.1271 
14638 1.1271 
14639 1.1271 
14640 1.1271 
14641 1.1271 
14642 1.1271 
14643 1.1271 
14644 1.1271 
14645 1.1271 
14646 1.12709 
14647 1.12709 
14648 1.12709 
14649 1.12709 
14650 1.12709 
14651 1.12709 
14652 1.12708 
14653 1.12708 
14654 1.12708 
14655 1.12708 
14656 1.12708 
14657 1.12708 
14658 1.12708 
14659 1.12708 
14660 1.12708 
14661 1.12707 
14662 1.12707 
14663 1.12707 
14664 1.12707 
14665 1.12707 
14666 1.12707 
14667 1.12707 
14668 1.12706 
14669 1.12706 
14670 1.12705 
14671 1.12705 
14672 1.12705 
14673 1.12705 
14674 1.12704 
14675 1.12704 
14676 1.12704 
14677 1.12703 
14678 1.12703 
14679 1.12702 
14680 1.12702 
14681 1.12702 
14682 1.12701 
14683 1.127 
14684 1.12699 
14685 1.12698 
14686 1.12697 
14687 1.12697 
14688 1.12696 
14689 1.12696 
14690 1.12694 
14691 1.12694 
14692 1.12691 
14693 1.12691 
14694 1.1269 
14695 1.1269 
14696 1.1269 
14697 1.12689 
14698 1.12689 
14699 1.12688 
14700 1.12688 
14701 1.12687 
14702 1.12687 
14703 1.12686 
14704 1.12685 
14705 1.12685 
14706 1.12684 
14707 1.12684 
14708 1.12684 
14709 1.12683 
14710 1.12682 
14711 1.12682 
14712 1.12681 
14713 1.12681 
14714 1.1268 
14715 1.1268 
14716 1.12678 
14717 1.12675 
14718 1.12671 
14719 1.12665 
14720 1.12665 
14721 1.12665 
14722 1.12666 
14723 1.12667 
14724 1.12668 
14725 1.1267 
14726 1.12671 
14727 1.12674 
14728 1.12677 
14729 1.12683 
14730 1.12689 
14731 1.12698 
14732 1.12713 
14733 1.1275 
14734 1.12806 
14735 1.12864 
14736 1.12958 
14737 1.12993 
14738 1.13052 
14739 1.13053 
14740 1.13122 
14741 1.13117 
14742 1.13117 
14743 1.13117 
14744 1.13116 
14745 1.13116 
14746 1.13111 
14747 1.13109 
14748 1.13108 
14749 1.13107 
14750 1.13107 
14751 1.13107 
14752 1.13107 
14753 1.13105 
14754 1.13105 
14755 1.13105 
14756 1.13105 
14757 1.13105 
14758 1.13105 
14759 1.13105 
14760 1.13105 
14761 1.13104 
14762 1.13104 
14763 1.13104 
14764 1.13104 
14765 1.13104 
14766 1.13104 
14767 1.13104 
14768 1.13104 
14769 1.13104 
14770 1.13104 
14771 1.13104 
14772 1.13103 
14773 1.13103 
14774 1.13103 
14775 1.13103 
14776 1.13103 
14777 1.13103 
14778 1.13103 
14779 1.13103 
14780 1.13102 
14781 1.13102 
14782 1.13102 
14783 1.13102 
14784 1.13102 
14785 1.13102 
14786 1.13101 
14787 1.13101 
14788 1.13101 
14789 1.13101 
14790 1.13101 
14791 1.13101 
14792 1.13101 
14793 1.131 
14794 1.131 
14795 1.131 
14796 1.131 
14797 1.13099 
14798 1.13099 
14799 1.13099 
14800 1.13099 
14801 1.13098 
14802 1.13098 
14803 1.13098 
14804 1.13097 
14805 1.13097 
14806 1.13097 
14807 1.13096 
14808 1.13096 
14809 1.13096 
14810 1.13096 
14811 1.13095 
14812 1.13095 
14813 1.13095 
14814 1.13094 
14815 1.13094 
14816 1.13093 
14817 1.13093 
14818 1.13093 
14819 1.13092 
14820 1.13092 
14821 1.13091 
14822 1.13091 
14823 1.13091 
14824 1.1309 
14825 1.1309 
14826 1.1309 
14827 1.13089 
14828 1.13089 
14829 1.13089 
14830 1.13089 
14831 1.13089 
14832 1.13089 
14833 1.13088 
14834 1.13088 
14835 1.13088 
14836 1.13087 
14837 1.13087 
14838 1.13087 
14839 1.13086 
14840 1.13086 
14841 1.13086 
14842 1.13086 
14843 1.13085 
14844 1.13085 
14845 1.13085 
14846 1.13084 
14847 1.13084 
14848 1.13083 
14849 1.13083 
14850 1.13083 
14851 1.13083 
14852 1.13082 
14853 1.13081 
14854 1.13081 
14855 1.13081 
14856 1.13079 
14857 1.13077 
14858 1.13077 
14859 1.13075 
14860 1.13075 
14861 1.13074 
14862 1.13074 
14863 1.13076 
14864 1.13081 
14865 1.13087 
14866 1.13094 
14867 1.13108 
14868 1.13113 
14869 1.13145 
14870 1.13259 
14871 1.13278 
14872 1.13403 
14873 1.13393 
14874 1.1339 
14875 1.1339 
14876 1.13389 
14877 1.13387 
14878 1.13387 
14879 1.13387 
14880 1.13387 
14881 1.13387 
14882 1.13386 
14883 1.13386 
14884 1.13385 
14885 1.13385 
14886 1.13385 
14887 1.13385 
14888 1.13385 
14889 1.13384 
14890 1.13384 
14891 1.13384 
14892 1.13384 
14893 1.13384 
14894 1.13384 
14895 1.13384 
14896 1.13383 
14897 1.13383 
14898 1.13383 
14899 1.13383 
14900 1.13383 
14901 1.13383 
14902 1.13383 
14903 1.13383 
14904 1.13383 
14905 1.13383 
14906 1.13383 
14907 1.13383 
14908 1.13382 
14909 1.13382 
14910 1.13382 
14911 1.13382 
14912 1.13382 
14913 1.13382 
14914 1.13382 
14915 1.13382 
14916 1.13382 
14917 1.13382 
14918 1.13381 
14919 1.13381 
14920 1.13381 
14921 1.13381 
14922 1.13381 
14923 1.13381 
14924 1.13381 
14925 1.13381 
14926 1.1338 
14927 1.1338 
14928 1.1338 
14929 1.1338 
14930 1.1338 
14931 1.1338 
14932 1.1338 
14933 1.13379 
14934 1.13379 
14935 1.13379 
14936 1.13379 
14937 1.13379 
14938 1.13378 
14939 1.13378 
14940 1.13378 
14941 1.13378 
14942 1.13378 
14943 1.13378 
14944 1.13377 
14945 1.13377 
14946 1.13377 
14947 1.13377 
14948 1.13376 
14949 1.13376 
14950 1.13376 
14951 1.13376 
14952 1.13376 
14953 1.13376 
14954 1.13375 
14955 1.13375 
14956 1.13374 
14957 1.13374 
14958 1.13374 
14959 1.13374 
14960 1.13373 
14961 1.13373 
14962 1.13373 
14963 1.13371 
14964 1.13371 
14965 1.1337 
14966 1.13369 
14967 1.13368 
14968 1.13368 
14969 1.13367 
14970 1.13366 
14971 1.13366 
14972 1.13366 
14973 1.13366 
14974 1.13365 
14975 1.13365 
14976 1.13365 
14977 1.13364 
14978 1.13364 
14979 1.13363 
14980 1.13363 
14981 1.13362 
14982 1.13362 
14983 1.13362 
14984 1.13361 
14985 1.13361 
14986 1.1336 
14987 1.1336 
14988 1.13359 
14989 1.13359 
14990 1.13359 
14991 1.13358 
14992 1.13357 
14993 1.13356 
14994 1.13355 
14995 1.13354 
14996 1.13354 
14997 1.13353 
14998 1.13353 
14999 1.13355 
15000 1.13358 
15001 1.1336 
15002 1.13364 
15003 1.13369 
15004 1.13377 
15005 1.134 
15006 1.13443 
15007 1.13427 
15008 1.13426 
15009 1.13426 
15010 1.13426 
15011 1.13426 
15012 1.13426 
15013 1.13426 
15014 1.13426 
15015 1.13426 
15016 1.13426 
15017 1.13426 
15018 1.13426 
15019 1.13426 
15020 1.13426 
15021 1.13426 
15022 1.13426 
15023 1.13426 
15024 1.13426 
15025 1.13425 
15026 1.13425 
15027 1.13425 
15028 1.13425 
15029 1.13425 
15030 1.13425 
15031 1.13425 
15032 1.13425 
15033 1.13425 
15034 1.13425 
15035 1.13425 
15036 1.13425 
15037 1.13425 
15038 1.13425 
15039 1.13425 
15040 1.13424 
15041 1.13424 
15042 1.13424 
15043 1.13424 
15044 1.13424 
15045 1.13424 
15046 1.13424 
15047 1.13424 
15048 1.13424 
15049 1.13424 
15050 1.13424 
15051 1.13424 
15052 1.13423 
15053 1.13423 
15054 1.13423 
15055 1.13423 
15056 1.13423 
15057 1.13423 
15058 1.13423 
15059 1.13423 
15060 1.13423 
15061 1.13422 
15062 1.13422 
15063 1.13422 
15064 1.13422 
15065 1.13422 
15066 1.13422 
15067 1.13422 
15068 1.13421 
15069 1.13421 
15070 1.13421 
15071 1.13421 
15072 1.13421 
15073 1.13421 
15074 1.13421 
15075 1.1342 
15076 1.1342 
15077 1.1342 
15078 1.1342 
15079 1.1342 
15080 1.1342 
15081 1.13419 
15082 1.13419 
15083 1.13419 
15084 1.13419 
15085 1.13419 
15086 1.13418 
15087 1.13418 
15088 1.13418 
15089 1.13417 
15090 1.13416 
15091 1.13416 
15092 1.13416 
15093 1.13415 
15094 1.13415 
15095 1.13414 
15096 1.13413 
15097 1.13413 
15098 1.13413 
15099 1.13412 
15100 1.13412 
15101 1.13412 
15102 1.13412 
15103 1.13412 
15104 1.13411 
15105 1.13411 
15106 1.13411 
15107 1.13411 
15108 1.13411 
15109 1.13411 
15110 1.1341 
15111 1.1341 
15112 1.1341 
15113 1.13409 
15114 1.13409 
15115 1.13409 
15116 1.13409 
15117 1.13409 
15118 1.13408 
15119 1.13408 
15120 1.13408 
15121 1.13407 
15122 1.13407 
15123 1.13406 
15124 1.13406 
15125 1.13406 
15126 1.13405 
15127 1.13405 
15128 1.13405 
15129 1.13404 
15130 1.13404 
15131 1.13403 
15132 1.13403 
15133 1.13401 
15134 1.134 
15135 1.13399 
15136 1.13399 
15137 1.13398 
15138 1.13398 
15139 1.13398 
15140 1.13398 
15141 1.13402 
15142 1.13402 
15143 1.13409 
15144 1.13416 
15145 1.13434 
15146 1.13449 
15147 1.13641 
15148 1.13628 
15149 1.13628 
15150 1.13618 
15151 1.13615 
15152 1.13613 
15153 1.1361 
15154 1.13607 
15155 1.13604 
15156 1.136 
15157 1.13596 
15158 1.13591 
15159 1.13589 
15160 1.13587 
15161 1.13585 
15162 1.13583 
15163 1.13581 
15164 1.1358 
15165 1.13577 
15166 1.13571 
15167 1.13568 
15168 1.13564 
15169 1.13564 
15170 1.13567 
15171 1.1357 
15172 1.13579 
15173 1.136 
15174 1.1387 
15175 1.13828 
15176 1.13828 
15177 1.13827 
15178 1.13827 
15179 1.13827 
15180 1.13827 
15181 1.13827 
15182 1.13827 
15183 1.13827 
15184 1.13827 
15185 1.13827 
15186 1.13827 
15187 1.13827 
15188 1.13827 
15189 1.13827 
15190 1.13827 
15191 1.13827 
15192 1.13827 
15193 1.13827 
15194 1.13826 
15195 1.13826 
15196 1.13826 
15197 1.13826 
15198 1.13826 
15199 1.13826 
15200 1.13826 
15201 1.13826 
15202 1.13826 
15203 1.13826 
15204 1.13826 
15205 1.13826 
15206 1.13825 
15207 1.13825 
15208 1.13825 
15209 1.13825 
15210 1.13825 
15211 1.13825 
15212 1.13825 
15213 1.13825 
15214 1.13825 
15215 1.13825 
15216 1.13824 
15217 1.13824 
15218 1.13824 
15219 1.13824 
15220 1.13824 
15221 1.13824 
15222 1.13824 
15223 1.13824 
15224 1.13824 
15225 1.13823 
15226 1.13823 
15227 1.13823 
15228 1.13823 
15229 1.13823 
15230 1.13823 
15231 1.13823 
15232 1.13823 
15233 1.13823 
15234 1.13823 
15235 1.13822 
15236 1.13822 
15237 1.13822 
15238 1.13822 
15239 1.13822 
15240 1.13822 
15241 1.13822 
15242 1.13822 
15243 1.13822 
15244 1.13822 
15245 1.13822 
15246 1.13822 
15247 1.13822 
15248 1.13822 
15249 1.13822 
15250 1.13821 
15251 1.13821 
15252 1.13821 
15253 1.13821 
15254 1.13821 
15255 1.13821 
15256 1.13821 
15257 1.13821 
15258 1.13821 
15259 1.13821 
15260 1.1382 
15261 1.1382 
15262 1.1382 
15263 1.1382 
15264 1.1382 
15265 1.1382 
15266 1.13819 
15267 1.13819 
15268 1.13819 
15269 1.13818 
15270 1.13818 
15271 1.13818 
15272 1.13818 
15273 1.13818 
15274 1.13817 
15275 1.13817 
15276 1.13817 
15277 1.13817 
15278 1.13816 
15279 1.13816 
15280 1.13815 
15281 1.13815 
15282 1.13814 
15283 1.13813 
15284 1.13813 
15285 1.13812 
15286 1.13812 
15287 1.13811 
15288 1.13811 
15289 1.1381 
15290 1.13809 
15291 1.13808 
15292 1.13807 
15293 1.13806 
15294 1.13805 
15295 1.13805 
15296 1.13805 
15297 1.13801 
15298 1.13799 
15299 1.13797 
15300 1.13794 
15301 1.13793 
15302 1.13789 
15303 1.13788 
15304 1.13787 
15305 1.13786 
15306 1.13784 
15307 1.13782 
15308 1.1378 
15309 1.13779 
15310 1.13776 
15311 1.13775 
15312 1.13774 
15313 1.13773 
15314 1.13772 
15315 1.13771 
15316 1.13768 
15317 1.13767 
15318 1.13765 
15319 1.13764 
15320 1.13761 
15321 1.13741 
15322 1.13736 
15323 1.13736 
15324 1.13732 
15325 1.13729 
15326 1.13727 
15327 1.13726 
15328 1.13724 
15329 1.13725 
15330 1.13745 
15331 1.13755 
15332 1.13755 
15333 1.13755 
15334 1.13752 
15335 1.13749 
15336 1.13749 
15337 1.13748 
15338 1.13747 
15339 1.13746 
15340 1.13745 
15341 1.13743 
15342 1.13742 
15343 1.13742 
15344 1.13741 
15345 1.1374 
15346 1.1374 
15347 1.13739 
15348 1.13738 
15349 1.13738 
15350 1.13738 
15351 1.13737 
15352 1.13737 
15353 1.13736 
15354 1.13735 
15355 1.13735 
15356 1.13734 
15357 1.13734 
15358 1.13733 
15359 1.13733 
15360 1.13732 
15361 1.13731 
15362 1.1373 
15363 1.13729 
15364 1.13728 
15365 1.13727 
15366 1.13727 
15367 1.13726 
15368 1.13726 
15369 1.13725 
15370 1.13725 
15371 1.13724 
15372 1.13724 
15373 1.13723 
15374 1.13723 
15375 1.13722 
15376 1.13722 
15377 1.13722 
15378 1.13721 
15379 1.13721 
15380 1.1372 
15381 1.1372 
15382 1.13718 
15383 1.13717 
15384 1.13715 
15385 1.13711 
15386 1.1371 
15387 1.13706 
15388 1.13706 
15389 1.13704 
15390 1.13701 
15391 1.13703 
15392 1.13708 
15393 1.13717 
15394 1.13736 
15395 1.1385 
15396 1.13839 
15397 1.13839 
15398 1.13838 
15399 1.13833 
15400 1.13833 
15401 1.13805 
15402 1.13797 
15403 1.13787 
15404 1.13771 
15405 1.13763 
15406 1.13756 
15407 1.13748 
15408 1.13738 
15409 1.1371 
15410 1.1369 
15411 1.13687 
15412 1.13687 
15413 1.13686 
15414 1.13685 
15415 1.13684 
15416 1.13684 
15417 1.13684 
15418 1.13685 
15419 1.13685 
15420 1.13688 
15421 1.13698 
15422 1.13688 
15423 1.13688 
15424 1.13688 
15425 1.13687 
15426 1.13687 
15427 1.13687 
15428 1.13687 
15429 1.13687 
15430 1.13686 
15431 1.13686 
15432 1.13686 
15433 1.13686 
15434 1.13686 
15435 1.13686 
15436 1.13685 
15437 1.13685 
15438 1.13685 
15439 1.13685 
15440 1.13685 
15441 1.13685 
15442 1.13685 
15443 1.13685 
15444 1.13685 
15445 1.13684 
15446 1.13684 
15447 1.13684 
15448 1.13684 
15449 1.13683 
15450 1.13683 
15451 1.13683 
15452 1.13683 
15453 1.13683 
15454 1.13683 
15455 1.13683 
15456 1.13682 
15457 1.13682 
15458 1.13682 
15459 1.13682 
15460 1.13682 
15461 1.13682 
15462 1.13682 
15463 1.13682 
15464 1.13681 
15465 1.13681 
15466 1.13681 
15467 1.13681 
15468 1.13681 
15469 1.13681 
15470 1.1368 
15471 1.1368 
15472 1.1368 
15473 1.1368 
15474 1.1368 
15475 1.1368 
15476 1.1368 
15477 1.13679 
15478 1.13679 
15479 1.13679 
15480 1.13679 
15481 1.13679 
15482 1.13678 
15483 1.13678 
15484 1.13678 
15485 1.13678 
15486 1.13678 
15487 1.13677 
15488 1.13677 
15489 1.13677 
15490 1.13677 
15491 1.13677 
15492 1.13676 
15493 1.13676 
15494 1.13676 
15495 1.13676 
15496 1.13676 
15497 1.13676 
15498 1.13675 
15499 1.13675 
15500 1.13675 
15501 1.13674 
15502 1.13674 
15503 1.13674 
15504 1.13674 
15505 1.13673 
15506 1.13673 
15507 1.13673 
15508 1.13673 
15509 1.13672 
15510 1.13672 
15511 1.13672 
15512 1.13671 
15513 1.13671 
15514 1.13671 
15515 1.1367 
15516 1.1367 
15517 1.1367 
15518 1.1367 
15519 1.1367 
15520 1.13669 
15521 1.13669 
15522 1.13669 
15523 1.13669 
15524 1.13668 
15525 1.13668 
15526 1.13668 
15527 1.13668 
15528 1.13667 
15529 1.13667 
15530 1.13667 
15531 1.13667 
15532 1.13666 
15533 1.13665 
15534 1.13665 
15535 1.13664 
15536 1.13664 
15537 1.13663 
15538 1.13663 
15539 1.13662 
15540 1.13662 
15541 1.13661 
15542 1.13657 
15543 1.13656 
15544 1.13655 
15545 1.13652 
15546 1.13614 
15547 1.13611 
15548 1.13608 
15549 1.13606 
15550 1.13604 
15551 1.136 
15552 1.13596 
15553 1.13591 
15554 1.13583 
15555 1.13572 
15556 1.13572 
15557 1.13572 
15558 1.13572 
15559 1.13569 
15560 1.13568 
15561 1.13567 
15562 1.13567 
15563 1.13566 
15564 1.13566 
15565 1.13565 
15566 1.13565 
15567 1.13565 
15568 1.13564 
15569 1.13564 
15570 1.13563 
15571 1.13563 
15572 1.13562 
15573 1.13562 
15574 1.13561 
15575 1.1356 
15576 1.1356 
15577 1.13559 
15578 1.13558 
15579 1.13556 
15580 1.13555 
15581 1.13554 
15582 1.13554 
15583 1.13553 
15584 1.13553 
15585 1.13552 
15586 1.13551 
15587 1.13551 
15588 1.1355 
15589 1.1355 
15590 1.1355 
15591 1.13549 
15592 1.13549 
15593 1.13548 
15594 1.13547 
15595 1.13547 
15596 1.13547 
15597 1.13546 
15598 1.13546 
15599 1.13545 
15600 1.13543 
15601 1.13541 
15602 1.13539 
15603 1.13537 
15604 1.13535 
15605 1.13534 
15606 1.13534 
15607 1.13525 
15608 1.13523 
15609 1.1352 
15610 1.13518 
15611 1.13515 
15612 1.13507 
15613 1.13491 
15614 1.13488 
15615 1.13488 
15616 1.13488 
15617 1.13488 
15618 1.13488 
15619 1.13488 
15620 1.13488 
15621 1.13487 
15622 1.13487 
15623 1.13487 
15624 1.13487 
15625 1.13487 
15626 1.13487 
15627 1.13487 
15628 1.13487 
15629 1.13487 
15630 1.13487 
15631 1.13487 
15632 1.13487 
15633 1.13486 
15634 1.13486 
15635 1.13486 
15636 1.13486 
15637 1.13486 
15638 1.13486 
15639 1.13486 
15640 1.13486 
15641 1.13486 
15642 1.13486 
15643 1.13486 
15644 1.13486 
15645 1.13485 
15646 1.13485 
15647 1.13485 
15648 1.13485 
15649 1.13485 
15650 1.13485 
15651 1.13485 
15652 1.13485 
15653 1.13485 
15654 1.13484 
15655 1.13484 
15656 1.13484 
15657 1.13484 
15658 1.13484 
15659 1.13484 
15660 1.13483 
15661 1.13483 
15662 1.13483 
15663 1.13483 
15664 1.13483 
15665 1.13483 
15666 1.13483 
15667 1.13482 
15668 1.13482 
15669 1.13482 
15670 1.13482 
15671 1.13482 
15672 1.13481 
15673 1.13481 
15674 1.1348 
15675 1.1348 
15676 1.13479 
15677 1.13479 
15678 1.13478 
15679 1.13478 
15680 1.13477 
15681 1.13477 
15682 1.13476 
15683 1.13475 
15684 1.13474 
15685 1.13473 
15686 1.13472 
15687 1.13472 
15688 1.13472 
15689 1.13471 
15690 1.1347 
15691 1.1347 
15692 1.1347 
15693 1.13469 
15694 1.13469 
15695 1.13468 
15696 1.13467 
15697 1.13467 
15698 1.13466 
15699 1.13466 
15700 1.13465 
15701 1.13464 
15702 1.13464 
15703 1.13464 
15704 1.13463 
15705 1.13463 
15706 1.13462 
15707 1.13461 
15708 1.1346 
15709 1.1346 
15710 1.13459 
15711 1.13459 
15712 1.13458 
15713 1.13456 
15714 1.13455 
15715 1.13453 
15716 1.13451 
15717 1.13449 
15718 1.13447 
15719 1.13444 
15720 1.13441 
15721 1.1344 
15722 1.13439 
15723 1.13433 
15724 1.13433 
15725 1.13424 
15726 1.13419 
15727 1.13416 
15728 1.13416 
15729 1.13395 
15730 1.13392 
15731 1.13387 
15732 1.13379 
15733 1.13365 
15734 1.13323 
15735 1.13302 
15736 1.13302 
15737 1.13301 
15738 1.13301 
15739 1.133 
15740 1.13298 
15741 1.13298 
15742 1.13297 
15743 1.13297 
15744 1.13297 
15745 1.13297 
15746 1.13297 
15747 1.13297 
15748 1.13296 
15749 1.13296 
15750 1.13296 
15751 1.13296 
15752 1.13296 
15753 1.13296 
15754 1.13296 
15755 1.13296 
15756 1.13296 
15757 1.13296 
15758 1.13296 
15759 1.13296 
15760 1.13296 
15761 1.13296 
15762 1.13295 
15763 1.13295 
15764 1.13295 
15765 1.13295 
15766 1.13295 
15767 1.13295 
15768 1.13295 
15769 1.13295 
15770 1.13295 
15771 1.13295 
15772 1.13295 
15773 1.13295 
15774 1.13295 
15775 1.13295 
15776 1.13294 
15777 1.13294 
15778 1.13294 
15779 1.13294 
15780 1.13294 
15781 1.13294 
15782 1.13294 
15783 1.13294 
15784 1.13294 
15785 1.13294 
15786 1.13294 
15787 1.13294 
15788 1.13293 
15789 1.13293 
15790 1.13293 
15791 1.13293 
15792 1.13293 
15793 1.13293 
15794 1.13293 
15795 1.13293 
15796 1.13293 
15797 1.13293 
15798 1.13293 
15799 1.13292 
15800 1.13292 
15801 1.13292 
15802 1.13292 
15803 1.13292 
15804 1.13292 
15805 1.13292 
15806 1.13292 
15807 1.13292 
15808 1.13291 
15809 1.13291 
15810 1.13291 
15811 1.13291 
15812 1.13291 
15813 1.13291 
15814 1.13291 
15815 1.13291 
15816 1.1329 
15817 1.1329 
15818 1.1329 
15819 1.1329 
15820 1.1329 
15821 1.1329 
15822 1.1329 
15823 1.13289 
15824 1.13289 
15825 1.13289 
15826 1.13289 
15827 1.13289 
15828 1.13289 
15829 1.13288 
15830 1.13288 
15831 1.13287 
15832 1.13287 
15833 1.13287 
15834 1.13287 
15835 1.13287 
15836 1.13287 
15837 1.13286 
15838 1.13286 
15839 1.13285 
15840 1.13285 
15841 1.13285 
15842 1.13284 
15843 1.13283 
15844 1.13282 
15845 1.13281 
15846 1.13281 
15847 1.13279 
15848 1.13277 
15849 1.13277 
15850 1.13275 
15851 1.13274 
15852 1.13272 
15853 1.13272 
15854 1.13271 
15855 1.13271 
15856 1.1327 
15857 1.1327 
15858 1.13269 
15859 1.13269 
15860 1.13268 
15861 1.13266 
15862 1.13266 
15863 1.13265 
15864 1.13264 
15865 1.13263 
15866 1.13262 
15867 1.13262 
15868 1.13261 
15869 1.13261 
15870 1.1326 
15871 1.13259 
15872 1.13259 
15873 1.13257 
15874 1.13255 
15875 1.13255 
15876 1.13253 
15877 1.13252 
15878 1.1325 
15879 1.13248 
15880 1.13246 
15881 1.13245 
15882 1.13243 
15883 1.1324 
15884 1.13238 
15885 1.13235 
15886 1.13227 
15887 1.13224 
15888 1.13216 
15889 1.13216 
15890 1.13203 
15891 1.13198 
15892 1.13182 
15893 1.13182 
15894 1.13078 
15895 1.13059 
15896 1.13059 
15897 1.13059 
15898 1.13057 
15899 1.13057 
15900 1.13055 
15901 1.13054 
15902 1.13054 
15903 1.13054 
15904 1.13054 
15905 1.13054 
15906 1.13054 
15907 1.13054 
15908 1.13053 
15909 1.13053 
15910 1.13053 
15911 1.13053 
15912 1.13053 
15913 1.13053 
15914 1.13053 
15915 1.13053 
15916 1.13053 
15917 1.13053 
15918 1.13053 
15919 1.13053 
15920 1.13052 
15921 1.13052 
15922 1.13052 
15923 1.13052 
15924 1.13052 
15925 1.13052 
15926 1.13052 
15927 1.13052 
15928 1.13052 
15929 1.13052 
15930 1.13052 
15931 1.13051 
15932 1.13051 
15933 1.13051 
15934 1.13051 
15935 1.13051 
15936 1.13051 
15937 1.13051 
15938 1.13051 
15939 1.13051 
15940 1.13051 
15941 1.13051 
15942 1.13051 
15943 1.13051 
15944 1.13051 
15945 1.13051 
15946 1.1305 
15947 1.1305 
15948 1.1305 
15949 1.1305 
15950 1.1305 
15951 1.1305 
15952 1.1305 
15953 1.1305 
15954 1.1305 
15955 1.1305 
15956 1.13049 
15957 1.13049 
15958 1.13049 
15959 1.13049 
15960 1.13049 
15961 1.13049 
15962 1.13049 
15963 1.13049 
15964 1.13048 
15965 1.13048 
15966 1.13048 
15967 1.13048 
15968 1.13048 
15969 1.13048 
15970 1.13047 
15971 1.13047 
15972 1.13047 
15973 1.13047 
15974 1.13047 
15975 1.13047 
15976 1.13046 
15977 1.13046 
15978 1.13046 
15979 1.13046 
15980 1.13045 
15981 1.13045 
15982 1.13045 
15983 1.13045 
15984 1.13045 
15985 1.13045 
15986 1.13045 
15987 1.13045 
15988 1.13044 
15989 1.13044 
15990 1.13044 
15991 1.13044 
15992 1.13043 
15993 1.13042 
15994 1.13042 
15995 1.13041 
15996 1.13041 
15997 1.1304 
15998 1.13039 
15999 1.13038 
16000 1.13037 
16001 1.13036 
16002 1.13035 
16003 1.13034 
16004 1.13032 
16005 1.13031 
16006 1.1303 
16007 1.1303 
16008 1.13029 
16009 1.13029 
16010 1.13028 
16011 1.13027 
16012 1.13027 
16013 1.13026 
16014 1.13025 
16015 1.13024 
16016 1.13023 
16017 1.13023 
16018 1.13022 
16019 1.13022 
16020 1.13021 
16021 1.13021 
16022 1.13019 
16023 1.13019 
16024 1.13018 
16025 1.13018 
16026 1.13016 
16027 1.13014 
16028 1.13013 
16029 1.13012 
16030 1.13001 
16031 1.12995 
16032 1.12991 
16033 1.12987 
16034 1.12985 
16035 1.12985 
16036 1.12981 
16037 1.12981 
16038 1.12976 
16039 1.12972 
16040 1.12963 
16041 1.12877 
16042 1.12873 
16043 1.1286 
16044 1.12854 
16045 1.12853 
16046 1.12848 
16047 1.12848 
16048 1.12847 
16049 1.12847 
16050 1.12847 
16051 1.12847 
16052 1.12847 
16053 1.12846 
16054 1.12846 
16055 1.12846 
16056 1.12846 
16057 1.12846 
16058 1.12845 
16059 1.12845 
16060 1.12845 
16061 1.12845 
16062 1.12845 
16063 1.12844 
16064 1.12844 
16065 1.12844 
16066 1.12844 
16067 1.12844 
16068 1.12843 
16069 1.12843 
16070 1.12843 
16071 1.12842 
16072 1.12842 
16073 1.12841 
16074 1.12841 
16075 1.12841 
16076 1.1284 
16077 1.1284 
16078 1.1284 
16079 1.12839 
16080 1.12839 
16081 1.12838 
16082 1.12838 
16083 1.12838 
16084 1.12837 
16085 1.12835 
16086 1.12835 
16087 1.12833 
16088 1.12832 
16089 1.12832 
16090 1.12831 
16091 1.1283 
16092 1.12829 
16093 1.12828 
16094 1.12827 
16095 1.12825 
16096 1.12824 
16097 1.12823 
16098 1.12823 
16099 1.12821 
16100 1.12821 
16101 1.1282 
16102 1.12819 
16103 1.12819 
16104 1.12818 
16105 1.12817 
16106 1.12816 
16107 1.12815 
16108 1.12814 
16109 1.12813 
16110 1.12813 
16111 1.12811 
16112 1.12811 
16113 1.12809 
16114 1.12809 
16115 1.12809 
16116 1.12808 
16117 1.12807 
16118 1.12804 
16119 1.12803 
16120 1.128 
16121 1.12796 
16122 1.12793 
16123 1.12792 
16124 1.1279 
16125 1.12786 
16126 1.12783 
16127 1.12779 
16128 1.12776 
16129 1.12763 
16130 1.12746 
16131 1.12746 
16132 1.12739 
16133 1.12721 
16134 1.12717 
16135 1.12551 
16136 1.12551 
16137 1.1255 
16138 1.12544 
16139 1.12544 
16140 1.12541 
16141 1.12541 
16142 1.1254 
16143 1.12538 
16144 1.12537 
16145 1.12536 
16146 1.12536 
16147 1.12535 
16148 1.12535 
16149 1.12535 
16150 1.12535 
16151 1.12534 
16152 1.12534 
16153 1.12534 
16154 1.12534 
16155 1.12533 
16156 1.12533 
16157 1.12533 
16158 1.12532 
16159 1.12532 
16160 1.12532 
16161 1.12532 
16162 1.12531 
16163 1.12531 
16164 1.1253 
16165 1.1253 
16166 1.1253 
16167 1.12529 
16168 1.12529 
16169 1.12528 
16170 1.12528 
16171 1.12527 
16172 1.12526 
16173 1.12526 
16174 1.12525 
16175 1.12524 
16176 1.12524 
16177 1.12523 
16178 1.12522 
16179 1.12522 
16180 1.12521 
16181 1.1252 
16182 1.1252 
16183 1.12519 
16184 1.12519 
16185 1.12518 
16186 1.12518 
16187 1.12517 
16188 1.12517 
16189 1.12516 
16190 1.12516 
16191 1.12515 
16192 1.12514 
16193 1.12513 
16194 1.12513 
16195 1.12513 
16196 1.12512 
16197 1.12511 
16198 1.1251 
16199 1.12509 
16200 1.12508 
16201 1.12507 
16202 1.12507 
16203 1.12502 
16204 1.12501 
16205 1.12498 
16206 1.12498 
16207 1.12498 
16208 1.12496 
16209 1.12493 
16210 1.12489 
16211 1.12483 
16212 1.12482 
16213 1.12479 
16214 1.12477 
16215 1.12474 
16216 1.12469 
16217 1.12446 
16218 1.12495 
16219 1.12495 
16220 1.12495 
16221 1.12496 
16222 1.12498 
16223 1.12508 
16224 1.12498 
16225 1.12497 
16226 1.12497 
16227 1.12496 
16228 1.12496 
16229 1.12496 
16230 1.12495 
16231 1.12495 
16232 1.12495 
16233 1.12495 
16234 1.12495 
16235 1.12495 
16236 1.12495 
16237 1.12495 
16238 1.12495 
16239 1.12495 
16240 1.12495 
16241 1.12495 
16242 1.12495 
16243 1.12495 
16244 1.12495 
16245 1.12495 
16246 1.12495 
16247 1.12495 
16248 1.12495 
16249 1.12495 
16250 1.12495 
16251 1.12495 
16252 1.12495 
16253 1.12495 
16254 1.12495 
16255 1.12495 
16256 1.12495 
16257 1.12495 
16258 1.12494 
16259 1.12494 
16260 1.12494 
16261 1.12494 
16262 1.12494 
16263 1.12494 
16264 1.12494 
16265 1.12494 
16266 1.12494 
16267 1.12494 
16268 1.12494 
16269 1.12494 
16270 1.12494 
16271 1.12494 
16272 1.12494 
16273 1.12494 
16274 1.12494 
16275 1.12494 
16276 1.12494 
16277 1.12494 
16278 1.12493 
16279 1.12493 
16280 1.12493 
16281 1.12493 
16282 1.12493 
16283 1.12493 
16284 1.12493 
16285 1.12493 
16286 1.12493 
16287 1.12493 
16288 1.12493 
16289 1.12493 
16290 1.12493 
16291 1.12492 
16292 1.12492 
16293 1.12492 
16294 1.12492 
16295 1.12492 
16296 1.12492 
16297 1.12492 
16298 1.12492 
16299 1.12492 
16300 1.12491 
16301 1.12491 
16302 1.12491 
16303 1.12491 
16304 1.12491 
16305 1.12491 
16306 1.12491 
16307 1.12491 
16308 1.1249 
16309 1.1249 
16310 1.1249 
16311 1.1249 
16312 1.1249 
16313 1.1249 
16314 1.1249 
16315 1.12489 
16316 1.12489 
16317 1.12489 
16318 1.12489 
16319 1.12489 
16320 1.12488 
16321 1.12488 
16322 1.12488 
16323 1.12488 
16324 1.12487 
16325 1.12487 
16326 1.12487 
16327 1.12486 
16328 1.12486 
16329 1.12484 
16330 1.12483 
16331 1.12483 
16332 1.12482 
16333 1.12481 
16334 1.1248 
16335 1.12479 
16336 1.12479 
16337 1.12478 
16338 1.12478 
16339 1.12478 
16340 1.12477 
16341 1.12477 
16342 1.12476 
16343 1.12475 
16344 1.12475 
16345 1.12474 
16346 1.12474 
16347 1.12473 
16348 1.12473 
16349 1.12472 
16350 1.12472 
16351 1.12472 
16352 1.12471 
16353 1.1247 
16354 1.1247 
16355 1.12469 
16356 1.12468 
16357 1.12468 
16358 1.12467 
16359 1.12464 
16360 1.12463 
16361 1.12461 
16362 1.12458 
16363 1.12455 
16364 1.12453 
16365 1.12452 
16366 1.12451 
16367 1.12449 
16368 1.12444 
16369 1.12443 
16370 1.1244 
16371 1.12436 
16372 1.12436 
16373 1.12431 
16374 1.12418 
16375 1.12418 
16376 1.1241 
16377 1.12407 
16378 1.12405 
16379 1.12403 
16380 1.12409 
16381 1.12408 
16382 1.1239 
16383 1.12389 
16384 1.12388 
16385 1.12387 
16386 1.12386 
16387 1.12384 
16388 1.12384 
16389 1.12384 
16390 1.12384 
16391 1.12383 
16392 1.12383 
16393 1.12383 
16394 1.12383 
16395 1.12383 
16396 1.12383 
16397 1.12382 
16398 1.12382 
16399 1.12382 
16400 1.12382 
16401 1.12381 
16402 1.12381 
16403 1.12381 
16404 1.12381 
16405 1.1238 
16406 1.1238 
16407 1.1238 
16408 1.1238 
16409 1.12379 
16410 1.12379 
16411 1.12378 
16412 1.12378 
16413 1.12377 
16414 1.12377 
16415 1.12376 
16416 1.12376 
16417 1.12376 
16418 1.12375 
16419 1.12375 
16420 1.12374 
16421 1.12373 
16422 1.12373 
16423 1.12372 
16424 1.12372 
16425 1.12372 
16426 1.12371 
16427 1.1237 
16428 1.12369 
16429 1.12368 
16430 1.12367 
16431 1.12366 
16432 1.12365 
16433 1.12364 
16434 1.12363 
16435 1.12362 
16436 1.12358 
16437 1.12356 
16438 1.12355 
16439 1.12353 
16440 1.12351 
16441 1.12349 
16442 1.12347 
16443 1.12347 
16444 1.12346 
16445 1.12345 
16446 1.12344 
16447 1.12341 
16448 1.1234 
16449 1.12337 
16450 1.12334 
16451 1.12332 
16452 1.12331 
16453 1.12329 
16454 1.12326 
16455 1.12325 
16456 1.12323 
16457 1.12321 
16458 1.12318 
16459 1.12314 
16460 1.12309 
16461 1.12305 
16462 1.12296 
16463 1.12293 
16464 1.12287 
16465 1.12278 
16466 1.12274 
16467 1.12271 
16468 1.12262 
16469 1.12259 
16470 1.12259 
16471 1.12257 
16472 1.12257 
16473 1.12255 
16474 1.12253 
16475 1.1225 
16476 1.12245 
16477 1.12243 
16478 1.12243 
16479 1.1222 
16480 1.12219 
16481 1.12222 
16482 1.12215 
16483 1.12215 
16484 1.12215 
16485 1.12213 
16486 1.1221 
16487 1.1221 
16488 1.1221 
16489 1.1221 
16490 1.1221 
16491 1.1221 
16492 1.1221 
16493 1.1221 
16494 1.1221 
16495 1.1221 
16496 1.12209 
16497 1.12209 
16498 1.12209 
16499 1.12209 
16500 1.12209 
16501 1.12209 
16502 1.12209 
16503 1.12209 
16504 1.12209 
16505 1.12209 
16506 1.12209 
16507 1.12209 
16508 1.12209 
16509 1.12209 
16510 1.12209 
16511 1.12209 
16512 1.12209 
16513 1.12209 
16514 1.12209 
16515 1.12208 
16516 1.12208 
16517 1.12208 
16518 1.12208 
16519 1.12208 
16520 1.12208 
16521 1.12208 
16522 1.12208 
16523 1.12208 
16524 1.12208 
16525 1.12208 
16526 1.12208 
16527 1.12208 
16528 1.12207 
16529 1.12207 
16530 1.12207 
16531 1.12207 
16532 1.12207 
16533 1.12207 
16534 1.12207 
16535 1.12207 
16536 1.12207 
16537 1.12207 
16538 1.12207 
16539 1.12207 
16540 1.12206 
16541 1.12206 
16542 1.12206 
16543 1.12206 
16544 1.12206 
16545 1.12205 
16546 1.12205 
16547 1.12205 
16548 1.12205 
16549 1.12205 
16550 1.12204 
16551 1.12204 
16552 1.12204 
16553 1.12203 
16554 1.12203 
16555 1.12203 
16556 1.12202 
16557 1.12202 
16558 1.12202 
16559 1.12201 
16560 1.12201 
16561 1.12201 
16562 1.12201 
16563 1.12201 
16564 1.122 
16565 1.122 
16566 1.122 
16567 1.122 
16568 1.122 
16569 1.122 
16570 1.12199 
16571 1.12199 
16572 1.12199 
16573 1.12199 
16574 1.12199 
16575 1.12199 
16576 1.12198 
16577 1.12198 
16578 1.12198 
16579 1.12198 
16580 1.12198 
16581 1.12198 
16582 1.12198 
16583 1.12197 
16584 1.12197 
16585 1.12197 
16586 1.12197 
16587 1.12196 
16588 1.12196 
16589 1.12196 
16590 1.12196 
16591 1.12195 
16592 1.12195 
16593 1.12194 
16594 1.12193 
16595 1.12192 
16596 1.12192 
16597 1.1219 
16598 1.1219 
16599 1.12189 
16600 1.12188 
16601 1.12188 
16602 1.12185 
16603 1.12181 
16604 1.12181 
16605 1.12181 
16606 1.12181 
16607 1.12184 
16608 1.12184 
16609 1.12225 
16610 1.12231 
16611 1.12241 
16612 1.12271 
16613 1.12265 
16614 1.12265 
16615 1.12264 
16616 1.12263 
16617 1.12262 
16618 1.12261 
16619 1.1226 
16620 1.1226 
16621 1.1226 
16622 1.1226 
16623 1.1226 
16624 1.12259 
16625 1.12257 
16626 1.12257 
16627 1.12256 
16628 1.12255 
16629 1.12255 
16630 1.12254 
16631 1.12254 
16632 1.12253 
16633 1.12252 
16634 1.12251 
16635 1.1225 
16636 1.12249 
16637 1.12248 
16638 1.12247 
16639 1.12246 
16640 1.12245 
16641 1.12243 
16642 1.12242 
16643 1.12242 
16644 1.12241 
16645 1.1224 
16646 1.1224 
16647 1.1224 
16648 1.12239 
16649 1.12238 
16650 1.12238 
16651 1.12237 
16652 1.12234 
16653 1.12232 
16654 1.1223 
16655 1.12229 
16656 1.12228 
16657 1.12225 
16658 1.12224 
16659 1.1222 
16660 1.1222 
16661 1.12221 
16662 1.12221 
16663 1.12227 
16664 1.12227 
16665 1.12338 
16666 1.12338 
16667 1.12339 
16668 1.12339 
16669 1.12343 
16670 1.12349 
16671 1.12363 
16672 1.12463 
16673 1.1244 
16674 1.1244 
16675 1.1244 
16676 1.12437 
16677 1.12437 
16678 1.12437 
16679 1.12436 
16680 1.12436 
16681 1.12436 
16682 1.12436 
16683 1.12435 
16684 1.12435 
16685 1.12435 
16686 1.12435 
16687 1.12435 
16688 1.12435 
16689 1.12435 
16690 1.12434 
16691 1.12434 
16692 1.12434 
16693 1.12434 
16694 1.12434 
16695 1.12433 
16696 1.12433 
16697 1.12433 
16698 1.12433 
16699 1.12433 
16700 1.12432 
16701 1.12432 
16702 1.12432 
16703 1.12431 
16704 1.12431 
16705 1.12431 
16706 1.12431 
16707 1.1243 
16708 1.1243 
16709 1.1243 
16710 1.1243 
16711 1.12429 
16712 1.12429 
16713 1.12429 
16714 1.12428 
16715 1.12428 
16716 1.12428 
16717 1.12427 
16718 1.12427 
16719 1.12425 
16720 1.12425 
16721 1.12424 
16722 1.12423 
16723 1.12422 
16724 1.12421 
16725 1.12419 
16726 1.12418 
16727 1.12417 
16728 1.12416 
16729 1.12415 
16730 1.12413 
16731 1.12413 
16732 1.12412 
16733 1.12412 
16734 1.12411 
16735 1.1241 
16736 1.12409 
16737 1.12408 
16738 1.12408 
16739 1.12408 
16740 1.12407 
16741 1.12406 
16742 1.12406 
16743 1.12404 
16744 1.12403 
16745 1.12401 
16746 1.124 
16747 1.12399 
16748 1.12397 
16749 1.12395 
16750 1.12394 
16751 1.12391 
16752 1.12389 
16753 1.12385 
16754 1.12377 
16755 1.12372 
16756 1.12368 
16757 1.12364 
16758 1.12363 
16759 1.12363 
16760 1.12359 
16761 1.12359 
16762 1.12359 
16763 1.12359 
16764 1.12359 
16765 1.12362 
16766 1.12368 
16767 1.12371 
16768 1.12414 
16769 1.12414 
16770 1.12414 
16771 1.12419 
16772 1.12435 
16773 1.12423 
16774 1.12423 
16775 1.12423 
16776 1.1242 
16777 1.1242 
16778 1.1242 
16779 1.12419 
16780 1.12419 
16781 1.12419 
16782 1.12419 
16783 1.12419 
16784 1.12419 
16785 1.12419 
16786 1.12419 
16787 1.12419 
16788 1.12419 
16789 1.12419 
16790 1.12418 
16791 1.12418 
16792 1.12418 
16793 1.12418 
16794 1.12418 
16795 1.12418 
16796 1.12418 
16797 1.12418 
16798 1.12418 
16799 1.12418 
16800 1.12418 
16801 1.12418 
16802 1.12418 
16803 1.12418 
16804 1.12418 
16805 1.12418 
16806 1.12418 
16807 1.12418 
16808 1.12418 
16809 1.12418 
16810 1.12418 
16811 1.12418 
16812 1.12418 
16813 1.12418 
16814 1.12418 
16815 1.12417 
16816 1.12417 
16817 1.12417 
16818 1.12417 
16819 1.12417 
16820 1.12417 
16821 1.12417 
16822 1.12417 
16823 1.12417 
16824 1.12417 
16825 1.12417 
16826 1.12417 
16827 1.12417 
16828 1.12417 
16829 1.12417 
16830 1.12417 
16831 1.12417 
16832 1.12417 
16833 1.12417 
16834 1.12417 
16835 1.12417 
16836 1.12416 
16837 1.12416 
16838 1.12416 
16839 1.12416 
16840 1.12416 
16841 1.12416 
16842 1.12416 
16843 1.12416 
16844 1.12416 
16845 1.12416 
16846 1.12416 
16847 1.12416 
16848 1.12416 
16849 1.12415 
16850 1.12415 
16851 1.12415 
16852 1.12415 
16853 1.12414 
16854 1.12414 
16855 1.12414 
16856 1.12414 
16857 1.12414 
16858 1.12414 
16859 1.12413 
16860 1.12413 
16861 1.12413 
16862 1.12413 
16863 1.12413 
16864 1.12413 
16865 1.12413 
16866 1.12413 
16867 1.12412 
16868 1.12412 
16869 1.12412 
16870 1.12411 
16871 1.12411 
16872 1.1241 
16873 1.1241 
16874 1.1241 
16875 1.12409 
16876 1.12409 
16877 1.12408 
16878 1.12408 
16879 1.12407 
16880 1.12407 
16881 1.12407 
16882 1.12406 
16883 1.12406 
16884 1.12405 
16885 1.12405 
16886 1.12405 
16887 1.12405 
16888 1.12405 
16889 1.12404 
16890 1.12404 
16891 1.12404 
16892 1.12403 
16893 1.12403 
16894 1.12403 
16895 1.12402 
16896 1.12402 
16897 1.12402 
16898 1.12402 
16899 1.12401 
16900 1.12401 
16901 1.12401 
16902 1.12401 
16903 1.124 
16904 1.124 
16905 1.12399 
16906 1.12399 
16907 1.12398 
16908 1.12397 
16909 1.12397 
16910 1.12396 
16911 1.12396 
16912 1.12394 
16913 1.12393 
16914 1.12391 
16915 1.1239 
16916 1.12388 
16917 1.12387 
16918 1.12386 
16919 1.12384 
16920 1.12383 
16921 1.1238 
16922 1.1238 
16923 1.12379 
16924 1.12379 
16925 1.12379 
16926 1.12379 
16927 1.12379 
16928 1.12383 
16929 1.12392 
16930 1.12403 
16931 1.12427 
16932 1.12428 
16933 1.1249 
16934 1.12474 
16935 1.12474 
16936 1.12473 
16937 1.12472 
16938 1.12469 
16939 1.12469 
16940 1.12468 
16941 1.12467 
16942 1.12466 
16943 1.12465 
16944 1.12465 
16945 1.12463 
16946 1.12462 
16947 1.12461 
16948 1.1246 
16949 1.12459 
16950 1.12458 
16951 1.12457 
16952 1.12456 
16953 1.12455 
16954 1.12453 
16955 1.12451 
16956 1.1245 
16957 1.12449 
16958 1.12448 
16959 1.12447 
16960 1.12446 
16961 1.12445 
16962 1.12445 
16963 1.12443 
16964 1.12441 
16965 1.1244 
16966 1.12439 
16967 1.12438 
16968 1.12434 
16969 1.12433 
16970 1.12431 
16971 1.12428 
16972 1.12424 
16973 1.12421 
16974 1.12414 
16975 1.12413 
16976 1.12412 
16977 1.12412 
16978 1.12412 
16979 1.12412 
16980 1.12412 
16981 1.12413 
16982 1.12427 
16983 1.12415 
16984 1.12415 
16985 1.12415 
16986 1.12411 
16987 1.1241 
16988 1.1241 
16989 1.12409 
16990 1.12408 
16991 1.12407 
16992 1.12406 
16993 1.12405 
16994 1.12404 
16995 1.12403 
16996 1.12401 
16997 1.12399 
16998 1.12398 
16999 1.12397 
17000 1.12397 
17001 1.12396 
17002 1.12394 
17003 1.12393 
17004 1.12392 
17005 1.12389 
17006 1.12386 
17007 1.12383 
17008 1.12382 
17009 1.12379 
17010 1.12376 
17011 1.12374 
17012 1.12372 
17013 1.12372 
17014 1.1237 
17015 1.12369 
17016 1.12369 
17017 1.12369 
17018 1.12368 
17019 1.12369 
17020 1.12381 
17021 1.12385 
17022 1.12397 
17023 1.12381 
17024 1.12381 
17025 1.12381 
17026 1.1238 
17027 1.1238 
17028 1.1238 
17029 1.1238 
17030 1.1238 
17031 1.1238 
17032 1.1238 
17033 1.1238 
17034 1.1238 
17035 1.1238 
17036 1.1238 
17037 1.1238 
17038 1.1238 
17039 1.1238 
17040 1.1238 
17041 1.1238 
17042 1.1238 
17043 1.1238 
17044 1.1238 
17045 1.1238 
17046 1.1238 
17047 1.1238 
17048 1.12379 
17049 1.12379 
17050 1.12379 
17051 1.12379 
17052 1.12379 
17053 1.12379 
17054 1.12379 
17055 1.12379 
17056 1.12379 
17057 1.12379 
17058 1.12379 
17059 1.12379 
17060 1.12379 
17061 1.12379 
17062 1.12379 
17063 1.12379 
17064 1.12379 
17065 1.12379 
17066 1.12379 
17067 1.12378 
17068 1.12378 
17069 1.12378 
17070 1.12378 
17071 1.12378 
17072 1.12378 
17073 1.12378 
17074 1.12378 
17075 1.12378 
17076 1.12378 
17077 1.12378 
17078 1.12378 
17079 1.12378 
17080 1.12378 
17081 1.12378 
17082 1.12378 
17083 1.12377 
17084 1.12377 
17085 1.12377 
17086 1.12377 
17087 1.12377 
17088 1.12377 
17089 1.12377 
17090 1.12377 
17091 1.12377 
17092 1.12377 
17093 1.12376 
17094 1.12376 
17095 1.12376 
17096 1.12376 
17097 1.12376 
17098 1.12375 
17099 1.12375 
17100 1.12375 
17101 1.12375 
17102 1.12375 
17103 1.12375 
17104 1.12375 
17105 1.12374 
17106 1.12374 
17107 1.12374 
17108 1.12374 
17109 1.12373 
17110 1.12373 
17111 1.12373 
17112 1.12372 
17113 1.12372 
17114 1.12372 
17115 1.12372 
17116 1.12372 
17117 1.12371 
17118 1.12371 
17119 1.1237 
17120 1.1237 
17121 1.12369 
17122 1.12369 
17123 1.12368 
17124 1.12368 
17125 1.12367 
17126 1.12367 
17127 1.12366 
17128 1.12366 
17129 1.12365 
17130 1.12365 
17131 1.12365 
17132 1.12364 
17133 1.12364 
17134 1.12364 
17135 1.12363 
17136 1.12363 
17137 1.12363 
17138 1.12362 
17139 1.12361 
17140 1.12361 
17141 1.12361 
17142 1.12361 
17143 1.1236 
17144 1.12359 
17145 1.12359 
17146 1.12358 
17147 1.12357 
17148 1.12356 
17149 1.12356 
17150 1.12354 
17151 1.12352 
17152 1.12352 
17153 1.1235 
17154 1.1235 
17155 1.12347 
17156 1.12346 
17157 1.12345 
17158 1.12344 
17159 1.12343 
17160 1.1234 
17161 1.12339 
17162 1.12338 
17163 1.12338 
17164 1.12334 
17165 1.12334 
17166 1.12333 
17167 1.12333 
17168 1.12332 
17169 1.12333 
17170 1.12335 
17171 1.12338 
17172 1.12344 
17173 1.12349 
17174 1.12352 
17175 1.12353 
17176 1.12351 
17177 1.12323 
17178 1.12323 
17179 1.12323 
17180 1.12321 
17181 1.12318 
17182 1.12318 
17183 1.12317 
17184 1.12316 
17185 1.12315 
17186 1.12315 
17187 1.12315 
17188 1.12315 
17189 1.12314 
17190 1.12314 
17191 1.12314 
17192 1.12314 
17193 1.12314 
17194 1.12314 
17195 1.12314 
17196 1.12313 
17197 1.12313 
17198 1.12313 
17199 1.12313 
17200 1.12313 
17201 1.12313 
17202 1.12312 
17203 1.12312 
17204 1.12312 
17205 1.12312 
17206 1.12312 
17207 1.12312 
17208 1.12312 
17209 1.12312 
17210 1.12312 
17211 1.12312 
17212 1.12312 
17213 1.12311 
17214 1.12311 
17215 1.12311 
17216 1.12311 
17217 1.12311 
17218 1.12311 
17219 1.12311 
17220 1.12311 
17221 1.12311 
17222 1.1231 
17223 1.1231 
17224 1.1231 
17225 1.1231 
17226 1.1231 
17227 1.1231 
17228 1.1231 
17229 1.1231 
17230 1.1231 
17231 1.1231 
17232 1.12309 
17233 1.12309 
17234 1.12309 
17235 1.12309 
17236 1.12309 
17237 1.12309 
17238 1.12309 
17239 1.12309 
17240 1.12309 
17241 1.12308 
17242 1.12308 
17243 1.12308 
17244 1.12308 
17245 1.12308 
17246 1.12308 
17247 1.12308 
17248 1.12307 
17249 1.12307 
17250 1.12306 
17251 1.12306 
17252 1.12306 
17253 1.12306 
17254 1.12305 
17255 1.12305 
17256 1.12305 
17257 1.12304 
17258 1.12304 
17259 1.12303 
17260 1.12303 
17261 1.12303 
17262 1.12302 
17263 1.12302 
17264 1.12301 
17265 1.12301 
17266 1.12301 
17267 1.12301 
17268 1.123 
17269 1.123 
17270 1.123 
17271 1.123 
17272 1.12299 
17273 1.12299 
17274 1.12298 
17275 1.12298 
17276 1.12297 
17277 1.12297 
17278 1.12295 
17279 1.12295 
17280 1.12294 
17281 1.12293 
17282 1.12292 
17283 1.1229 
17284 1.12289 
17285 1.12289 
17286 1.12288 
17287 1.12288 
17288 1.12287 
17289 1.12286 
17290 1.12285 
17291 1.12283 
17292 1.12283 
17293 1.12282 
17294 1.12281 
17295 1.12281 
17296 1.12281 
17297 1.1228 
17298 1.12278 
17299 1.12277 
17300 1.12276 
17301 1.12275 
17302 1.12274 
17303 1.12274 
17304 1.12273 
17305 1.12272 
17306 1.12272 
17307 1.12271 
17308 1.12271 
17309 1.1227 
17310 1.1227 
17311 1.12269 
17312 1.12267 
17313 1.12265 
17314 1.12263 
17315 1.12263 
17316 1.12261 
17317 1.12259 
17318 1.12256 
17319 1.12249 
17320 1.12244 
17321 1.12241 
17322 1.12234 
17323 1.1223 
17324 1.12225 
17325 1.12222 
17326 1.12221 
17327 1.12218 
17328 1.12187 
17329 1.12186 
17330 1.12184 
17331 1.12184 
17332 1.1218 
17333 1.12176 
17334 1.1217 
17335 1.12165 
17336 1.12157 
17337 1.12143 
17338 1.12131 
17339 1.12131 
17340 1.12129 
17341 1.12129 
17342 1.12128 
17343 1.12128 
17344 1.12128 
17345 1.12128 
17346 1.12128 
17347 1.12128 
17348 1.12128 
17349 1.12128 
17350 1.12128 
17351 1.12128 
17352 1.12128 
17353 1.12128 
17354 1.12128 
17355 1.12127 
17356 1.12127 
17357 1.12127 
17358 1.12127 
17359 1.12127 
17360 1.12127 
17361 1.12127 
17362 1.12127 
17363 1.12127 
17364 1.12127 
17365 1.12127 
17366 1.12127 
17367 1.12127 
17368 1.12127 
17369 1.12126 
17370 1.12126 
17371 1.12126 
17372 1.12126 
17373 1.12126 
17374 1.12126 
17375 1.12126 
17376 1.12126 
17377 1.12126 
17378 1.12126 
17379 1.12126 
17380 1.12126 
17381 1.12126 
17382 1.12125 
17383 1.12125 
17384 1.12125 
17385 1.12125 
17386 1.12125 
17387 1.12125 
17388 1.12125 
17389 1.12124 
17390 1.12124 
17391 1.12124 
17392 1.12124 
17393 1.12124 
17394 1.12124 
17395 1.12124 
17396 1.12123 
17397 1.12123 
17398 1.12123 
17399 1.12123 
17400 1.12122 
17401 1.12121 
17402 1.12121 
17403 1.12121 
17404 1.1212 
17405 1.1212 
17406 1.12119 
17407 1.12119 
17408 1.12118 
17409 1.12118 
17410 1.12118 
17411 1.12117 
17412 1.12117 
17413 1.12117 
17414 1.12116 
17415 1.12116 
17416 1.12116 
17417 1.12116 
17418 1.12115 
17419 1.12115 
17420 1.12115 
17421 1.12115 
17422 1.12115 
17423 1.12114 
17424 1.12114 
17425 1.12113 
17426 1.12113 
17427 1.12113 
17428 1.12113 
17429 1.12112 
17430 1.12111 
17431 1.12107 
17432 1.12105 
17433 1.12103 
17434 1.12102 
17435 1.12101 
17436 1.121 
17437 1.12099 
17438 1.12098 
17439 1.12098 
17440 1.12094 
17441 1.12094 
17442 1.12094 
17443 1.12091 
17444 1.12091 
17445 1.12091 
17446 1.12093 
17447 1.12093 
17448 1.12096 
17449 1.12075 
17450 1.12075 
17451 1.12075 
17452 1.12074 
17453 1.12074 
17454 1.12074 
17455 1.12074 
17456 1.12074 
17457 1.12074 
17458 1.12074 
17459 1.12074 
17460 1.12073 
17461 1.12073 
17462 1.12073 
17463 1.12073 
17464 1.12073 
17465 1.12073 
17466 1.12073 
17467 1.12073 
17468 1.12073 
17469 1.12073 
17470 1.12073 
17471 1.12073 
17472 1.12073 
17473 1.12072 
17474 1.12072 
17475 1.12072 
17476 1.12072 
17477 1.12072 
17478 1.12072 
17479 1.12072 
17480 1.12072 
17481 1.12072 
17482 1.12072 
17483 1.12072 
17484 1.12072 
17485 1.12072 
17486 1.12072 
17487 1.12072 
17488 1.12072 
17489 1.12072 
17490 1.12072 
17491 1.12072 
17492 1.12071 
17493 1.12071 
17494 1.12071 
17495 1.12071 
17496 1.12071 
17497 1.12071 
17498 1.12071 
17499 1.12071 
17500 1.12071 
17501 1.12071 
17502 1.12071 
17503 1.12071 
17504 1.12071 
17505 1.12071 
17506 1.12071 
17507 1.1207 
17508 1.1207 
17509 1.1207 
17510 1.1207 
17511 1.1207 
17512 1.1207 
17513 1.1207 
17514 1.1207 
17515 1.1207 
17516 1.1207 
17517 1.1207 
17518 1.12069 
17519 1.12069 
17520 1.12069 
17521 1.12069 
17522 1.12069 
17523 1.12069 
17524 1.12068 
17525 1.12068 
17526 1.12068 
17527 1.12068 
17528 1.12068 
17529 1.12068 
17530 1.12067 
17531 1.12067 
17532 1.12067 
17533 1.12066 
17534 1.12066 
17535 1.12066 
17536 1.12066 
17537 1.12066 
17538 1.12066 
17539 1.12066 
17540 1.12065 
17541 1.12065 
17542 1.12065 
17543 1.12065 
17544 1.12064 
17545 1.12064 
17546 1.12064 
17547 1.12064 
17548 1.12063 
17549 1.12062 
17550 1.12062 
17551 1.12062 
17552 1.12061 
17553 1.1206 
17554 1.1206 
17555 1.12059 
17556 1.12058 
17557 1.12058 
17558 1.12057 
17559 1.12056 
17560 1.12055 
17561 1.12054 
17562 1.12054 
17563 1.12053 
17564 1.12053 
17565 1.12052 
17566 1.12051 
17567 1.1205 
17568 1.1205 
17569 1.12049 
17570 1.12049 
17571 1.12048 
17572 1.12048 
17573 1.12047 
17574 1.12046 
17575 1.12046 
17576 1.12045 
17577 1.12045 
17578 1.12043 
17579 1.12039 
17580 1.12038 
17581 1.12036 
17582 1.12032 
17583 1.12032 
17584 1.12029 
17585 1.12026 
17586 1.12023 
17587 1.12021 
17588 1.12019 
17589 1.12018 
17590 1.12018 
17591 1.12016 
17592 1.1201 
17593 1.12004 
17594 1.12004 
17595 1.12001 
17596 1.11996 
17597 1.11996 
17598 1.11983 
17599 1.11981 
17600 1.11979 
17601 1.11969 
17602 1.11969 
17603 1.11969 
17604 1.11968 
17605 1.11968 
17606 1.11967 
17607 1.11967 
17608 1.11966 
17609 1.11966 
17610 1.11966 
17611 1.11965 
17612 1.11965 
17613 1.11965 
17614 1.11965 
17615 1.11965 
17616 1.11965 
17617 1.11965 
17618 1.11965 
17619 1.11965 
17620 1.11965 
17621 1.11965 
17622 1.11964 
17623 1.11964 
17624 1.11964 
17625 1.11964 
17626 1.11964 
17627 1.11964 
17628 1.11964 
17629 1.11964 
17630 1.11964 
17631 1.11964 
17632 1.11964 
17633 1.11964 
17634 1.11964 
17635 1.11964 
17636 1.11964 
17637 1.11964 
17638 1.11964 
17639 1.11964 
17640 1.11964 
17641 1.11964 
17642 1.11963 
17643 1.11963 
17644 1.11963 
17645 1.11963 
17646 1.11963 
17647 1.11963 
17648 1.11963 
17649 1.11963 
17650 1.11963 
17651 1.11963 
17652 1.11963 
17653 1.11963 
17654 1.11963 
17655 1.11962 
17656 1.11962 
17657 1.11962 
17658 1.11962 
17659 1.11962 
17660 1.11962 
17661 1.11962 
17662 1.11962 
17663 1.11962 
17664 1.11962 
17665 1.11961 
17666 1.11961 
17667 1.11961 
17668 1.11961 
17669 1.11961 
17670 1.11961 
17671 1.11961 
17672 1.11961 
17673 1.11961 
17674 1.11961 
17675 1.1196 
17676 1.1196 
17677 1.1196 
17678 1.1196 
17679 1.1196 
17680 1.1196 
17681 1.1196 
17682 1.11959 
17683 1.11959 
17684 1.11959 
17685 1.11959 
17686 1.11959 
17687 1.11959 
17688 1.11959 
17689 1.11958 
17690 1.11958 
17691 1.11958 
17692 1.11957 
17693 1.11957 
17694 1.11957 
17695 1.11956 
17696 1.11956 
17697 1.11956 
17698 1.11955 
17699 1.11955 
17700 1.11955 
17701 1.11955 
17702 1.11954 
17703 1.11954 
17704 1.11954 
17705 1.11953 
17706 1.11953 
17707 1.11952 
17708 1.11952 
17709 1.11952 
17710 1.11952 
17711 1.11952 
17712 1.11951 
17713 1.11951 
17714 1.11951 
17715 1.11951 
17716 1.11951 
17717 1.1195 
17718 1.1195 
17719 1.1195 
17720 1.1195 
17721 1.1195 
17722 1.11949 
17723 1.11949 
17724 1.11949 
17725 1.11947 
17726 1.11946 
17727 1.11945 
17728 1.11945 
17729 1.11944 
17730 1.11943 
17731 1.11943 
17732 1.11941 
17733 1.11939 
17734 1.11938 
17735 1.11937 
17736 1.11936 
17737 1.11935 
17738 1.11931 
17739 1.11931 
17740 1.11927 
17741 1.11922 
17742 1.11922 
17743 1.1192 
17744 1.11918 
17745 1.11918 
17746 1.11917 
17747 1.1191 
17748 1.11868 
17749 1.1186 
17750 1.11851 
17751 1.11848 
17752 1.11846 
17753 1.11845 
17754 1.11844 
17755 1.11844 
17756 1.11844 
17757 1.11843 
17758 1.11843 
17759 1.11843 
17760 1.11843 
17761 1.11843 
17762 1.11843 
17763 1.11843 
17764 1.11842 
17765 1.11842 
17766 1.11842 
17767 1.11842 
17768 1.11842 
17769 1.11842 
17770 1.11842 
17771 1.11842 
17772 1.11841 
17773 1.11841 
17774 1.11841 
17775 1.11841 
17776 1.11841 
17777 1.11841 
17778 1.11841 
17779 1.11841 
17780 1.1184 
17781 1.1184 
17782 1.1184 
17783 1.1184 
17784 1.1184 
17785 1.1184 
17786 1.1184 
17787 1.11839 
17788 1.11839 
17789 1.11839 
17790 1.11838 
17791 1.11838 
17792 1.11838 
17793 1.11838 
17794 1.11838 
17795 1.11838 
17796 1.11837 
17797 1.11837 
17798 1.11837 
17799 1.11837 
17800 1.11837 
17801 1.11836 
17802 1.11836 
17803 1.11836 
17804 1.11836 
17805 1.11835 
17806 1.11835 
17807 1.11835 
17808 1.11834 
17809 1.11834 
17810 1.11834 
17811 1.11833 
17812 1.11832 
17813 1.11832 
17814 1.11831 
17815 1.11831 
17816 1.1183 
17817 1.1183 
17818 1.11829 
17819 1.11828 
17820 1.11828 
17821 1.11827 
17822 1.11826 
17823 1.11826 
17824 1.11825 
17825 1.11825 
17826 1.11823 
17827 1.11823 
17828 1.11823 
17829 1.11822 
17830 1.11822 
17831 1.11821 
17832 1.11821 
17833 1.11821 
17834 1.1182 
17835 1.11819 
17836 1.11819 
17837 1.11818 
17838 1.11818 
17839 1.11818 
17840 1.11817 
17841 1.11817 
17842 1.11817 
17843 1.11816 
17844 1.11815 
17845 1.11815 
17846 1.11813 
17847 1.11813 
17848 1.11813 
17849 1.11811 
17850 1.11807 
17851 1.11806 
17852 1.11803 
17853 1.11803 
17854 1.11801 
17855 1.11799 
17856 1.11796 
17857 1.11792 
17858 1.11791 
17859 1.11789 
17860 1.11788 
17861 1.11785 
17862 1.11781 
17863 1.11781 
17864 1.11773 
17865 1.1177 
17866 1.11766 
17867 1.1176 
17868 1.11753 
17869 1.11753 
17870 1.11741 
17871 1.1174 
17872 1.11739 
17873 1.11717 
17874 1.11694 
17875 1.11681 
17876 1.11681 
17877 1.1168 
17878 1.11679 
17879 1.11679 
17880 1.11678 
17881 1.11678 
17882 1.11677 
17883 1.11677 
17884 1.11677 
17885 1.11677 
17886 1.11677 
17887 1.11677 
17888 1.11677 
17889 1.11677 
17890 1.11677 
17891 1.11677 
17892 1.11676 
17893 1.11676 
17894 1.11676 
17895 1.11676 
17896 1.11676 
17897 1.11676 
17898 1.11676 
17899 1.11676 
17900 1.11676 
17901 1.11676 
17902 1.11676 
17903 1.11676 
17904 1.11676 
17905 1.11676 
17906 1.11676 
17907 1.11676 
17908 1.11676 
17909 1.11676 
17910 1.11676 
17911 1.11676 
17912 1.11676 
17913 1.11675 
17914 1.11675 
17915 1.11675 
17916 1.11675 
17917 1.11675 
17918 1.11675 
17919 1.11675 
17920 1.11675 
17921 1.11675 
17922 1.11675 
17923 1.11675 
17924 1.11675 
17925 1.11675 
17926 1.11675 
17927 1.11675 
17928 1.11675 
17929 1.11674 
17930 1.11674 
17931 1.11674 
17932 1.11674 
17933 1.11674 
17934 1.11674 
17935 1.11674 
17936 1.11674 
17937 1.11674 
17938 1.11674 
17939 1.11674 
17940 1.11674 
17941 1.11673 
17942 1.11673 
17943 1.11673 
17944 1.11673 
17945 1.11673 
17946 1.11673 
17947 1.11673 
17948 1.11673 
17949 1.11673 
17950 1.11673 
17951 1.11673 
17952 1.11672 
17953 1.11672 
17954 1.11672 
17955 1.11672 
17956 1.11672 
17957 1.11672 
17958 1.11672 
17959 1.11672 
17960 1.11671 
17961 1.11671 
17962 1.11671 
17963 1.11671 
17964 1.11671 
17965 1.11671 
17966 1.11671 
17967 1.1167 
17968 1.1167 
17969 1.1167 
17970 1.1167 
17971 1.11669 
17972 1.11669 
17973 1.11669 
17974 1.11669 
17975 1.11668 
17976 1.11668 
17977 1.11668 
17978 1.11666 
17979 1.11666 
17980 1.11665 
17981 1.11664 
17982 1.11664 
17983 1.11663 
17984 1.11663 
17985 1.11663 
17986 1.11662 
17987 1.11662 
17988 1.11661 
17989 1.11661 
17990 1.11661 
17991 1.11661 
17992 1.1166 
17993 1.1166 
17994 1.11659 
17995 1.11659 
17996 1.11658 
17997 1.11658 
17998 1.11658 
17999 1.11657 
18000 1.11657 
18001 1.11656 
18002 1.11655 
18003 1.11653 
18004 1.11652 
18005 1.1165 
18006 1.1165 
18007 1.11648 
18008 1.11644 
18009 1.11641 
18010 1.1164 
18011 1.1163 
18012 1.11629 
18013 1.11629 
18014 1.11617 
18015 1.11615 
18016 1.11615 
18017 1.11612 
18018 1.11606 
18019 1.11601 
18020 1.11601 
18021 1.11545 
18022 1.11529 
18023 1.11529 
18024 1.11529 
18025 1.11529 
18026 1.11528 
18027 1.11528 
18028 1.11528 
18029 1.11528 
18030 1.11528 
18031 1.11528 
18032 1.11528 
18033 1.11528 
18034 1.11528 
18035 1.11528 
18036 1.11528 
18037 1.11528 
18038 1.11528 
18039 1.11528 
18040 1.11528 
18041 1.11527 
18042 1.11527 
18043 1.11527 
18044 1.11527 
18045 1.11527 
18046 1.11527 
18047 1.11527 
18048 1.11527 
18049 1.11527 
18050 1.11527 
18051 1.11527 
18052 1.11527 
18053 1.11527 
18054 1.11527 
18055 1.11527 
18056 1.11527 
18057 1.11527 
18058 1.11527 
18059 1.11527 
18060 1.11527 
18061 1.11527 
18062 1.11527 
18063 1.11527 
18064 1.11527 
18065 1.11526 
18066 1.11526 
18067 1.11526 
18068 1.11526 
18069 1.11526 
18070 1.11526 
18071 1.11526 
18072 1.11526 
18073 1.11526 
18074 1.11526 
18075 1.11526 
18076 1.11526 
18077 1.11526 
18078 1.11526 
18079 1.11526 
18080 1.11526 
18081 1.11526 
18082 1.11526 
18083 1.11526 
18084 1.11526 
18085 1.11525 
18086 1.11525 
18087 1.11525 
18088 1.11525 
18089 1.11525 
18090 1.11525 
18091 1.11525 
18092 1.11524 
18093 1.11524 
18094 1.11524 
18095 1.11524 
18096 1.11524 
18097 1.11524 
18098 1.11524 
18099 1.11524 
18100 1.11523 
18101 1.11523 
18102 1.11523 
18103 1.11523 
18104 1.11523 
18105 1.11523 
18106 1.11523 
18107 1.11522 
18108 1.11522 
18109 1.11522 
18110 1.11521 
18111 1.11521 
18112 1.11521 
18113 1.11521 
18114 1.11521 
18115 1.11521 
18116 1.1152 
18117 1.1152 
18118 1.1152 
18119 1.11519 
18120 1.11519 
18121 1.11518 
18122 1.11518 
18123 1.11517 
18124 1.11517 
18125 1.11516 
18126 1.11516 
18127 1.11515 
18128 1.11515 
18129 1.11515 
18130 1.11514 
18131 1.11514 
18132 1.11514 
18133 1.11514 
18134 1.11514 
18135 1.11513 
18136 1.11513 
18137 1.11513 
18138 1.11513 
18139 1.11512 
18140 1.11512 
18141 1.11512 
18142 1.11512 
18143 1.11511 
18144 1.11511 
18145 1.11511 
18146 1.11511 
18147 1.1151 
18148 1.1151 
18149 1.11509 
18150 1.11509 
18151 1.11508 
18152 1.11508 
18153 1.11506 
18154 1.11505 
18155 1.11504 
18156 1.11503 
18157 1.11501 
18158 1.11498 
18159 1.11494 
18160 1.11493 
18161 1.1149 
18162 1.11489 
18163 1.1148 
18164 1.1148 
18165 1.11476 
18166 1.11458 
18167 1.11458 
18168 1.11452 
18169 1.11452 
18170 1.11438 
18171 1.11432 
18172 1.11416 
18173 1.11325 
18174 1.11322 
18175 1.11322 
18176 1.11305 
18177 1.11304 
18178 1.11302 
18179 1.11301 
18180 1.11299 
18181 1.11297 
18182 1.11295 
18183 1.11293 
18184 1.1129 
18185 1.11288 
18186 1.11285 
18187 1.11284 
18188 1.11283 
18189 1.11281 
18190 1.1128 
18191 1.11279 
18192 1.11277 
18193 1.11274 
18194 1.11271 
18195 1.11268 
18196 1.11263 
18197 1.11261 
18198 1.11258 
18199 1.11253 
18200 1.1125 
18201 1.1125 
18202 1.11243 
18203 1.11242 
18204 1.11241 
18205 1.11237 
18206 1.1123 
18207 1.11218 
18208 1.11209 
18209 1.11208 
18210 1.11206 
18211 1.11183 
18212 1.11158 
18213 1.1113 
18214 1.11118 
18215 1.11106 
18216 1.11104 
18217 1.11104 
18218 1.11104 
18219 1.11104 
18220 1.11104 
18221 1.11104 
18222 1.11104 
18223 1.11104 
18224 1.11104 
18225 1.11104 
18226 1.11104 
18227 1.11103 
18228 1.11103 
18229 1.11103 
18230 1.11103 
18231 1.11103 
18232 1.11103 
18233 1.11103 
18234 1.11103 
18235 1.11103 
18236 1.11103 
18237 1.11103 
18238 1.11103 
18239 1.11103 
18240 1.11103 
18241 1.11103 
18242 1.11102 
18243 1.11102 
18244 1.11102 
18245 1.11102 
18246 1.11102 
18247 1.11102 
18248 1.11102 
18249 1.11102 
18250 1.11102 
18251 1.11102 
18252 1.11101 
18253 1.11101 
18254 1.11101 
18255 1.11101 
18256 1.11101 
18257 1.11101 
18258 1.11101 
18259 1.11101 
18260 1.11101 
18261 1.11101 
18262 1.111 
18263 1.111 
18264 1.111 
18265 1.111 
18266 1.111 
18267 1.111 
18268 1.11099 
18269 1.11099 
18270 1.11099 
18271 1.11099 
18272 1.11099 
18273 1.11099 
18274 1.11098 
18275 1.11098 
18276 1.11098 
18277 1.11098 
18278 1.11098 
18279 1.11097 
18280 1.11097 
18281 1.11097 
18282 1.11096 
18283 1.11096 
18284 1.11095 
18285 1.11095 
18286 1.11095 
18287 1.11095 
18288 1.11095 
18289 1.11095 
18290 1.11094 
18291 1.11094 
18292 1.11093 
18293 1.11093 
18294 1.11093 
18295 1.11093 
18296 1.11092 
18297 1.11091 
18298 1.1109 
18299 1.1109 
18300 1.1109 
18301 1.1109 
18302 1.11089 
18303 1.11088 
18304 1.11088 
18305 1.11088 
18306 1.11087 
18307 1.11087 
18308 1.11087 
18309 1.11087 
18310 1.11086 
18311 1.11086 
18312 1.11086 
18313 1.11085 
18314 1.11085 
18315 1.11085 
18316 1.11085 
18317 1.11084 
18318 1.11084 
18319 1.11084 
18320 1.11083 
18321 1.11082 
18322 1.11081 
18323 1.1108 
18324 1.11079 
18325 1.11079 
18326 1.11077 
18327 1.11077 
18328 1.11076 
18329 1.11074 
18330 1.11072 
18331 1.11071 
18332 1.1107 
18333 1.11067 
18334 1.11066 
18335 1.11066 
18336 1.11065 
18337 1.11065 
18338 1.11063 
18339 1.11061 
18340 1.1106 
18341 1.11057 
18342 1.11055 
18343 1.11032 
18344 1.11015 
18345 1.11014 
18346 1.11014 
18347 1.10995 
18348 1.1097 
18349 1.10966 
18350 1.10626 
18351 1.10591 
18352 1.10591 
18353 1.10591 
18354 1.1059 
18355 1.1059 
18356 1.10588 
18357 1.10588 
18358 1.10588 
18359 1.10587 
18360 1.10587 
18361 1.10587 
18362 1.10587 
18363 1.10587 
18364 1.10586 
18365 1.10586 
18366 1.10586 
18367 1.10586 
18368 1.10586 
18369 1.10586 
18370 1.10586 
18371 1.10586 
18372 1.10586 
18373 1.10586 
18374 1.10586 
18375 1.10585 
18376 1.10585 
18377 1.10585 
18378 1.10585 
18379 1.10585 
18380 1.10585 
18381 1.10585 
18382 1.10585 
18383 1.10585 
18384 1.10585 
18385 1.10585 
18386 1.10584 
18387 1.10584 
18388 1.10584 
18389 1.10584 
18390 1.10584 
18391 1.10584 
18392 1.10584 
18393 1.10584 
18394 1.10584 
18395 1.10584 
18396 1.10584 
18397 1.10583 
18398 1.10583 
18399 1.10583 
18400 1.10583 
18401 1.10583 
18402 1.10583 
18403 1.10583 
18404 1.10583 
18405 1.10583 
18406 1.10582 
18407 1.10582 
18408 1.10582 
18409 1.10582 
18410 1.10582 
18411 1.10582 
18412 1.10582 
18413 1.10582 
18414 1.10582 
18415 1.10581 
18416 1.10581 
18417 1.10581 
18418 1.10581 
18419 1.10581 
18420 1.1058 
18421 1.1058 
18422 1.1058 
18423 1.1058 
18424 1.1058 
18425 1.1058 
18426 1.1058 
18427 1.10579 
18428 1.10579 
18429 1.10579 
18430 1.10579 
18431 1.10579 
18432 1.10579 
18433 1.10578 
18434 1.10578 
18435 1.10578 
18436 1.10578 
18437 1.10577 
18438 1.10577 
18439 1.10577 
18440 1.10577 
18441 1.10576 
18442 1.10576 
18443 1.10576 
18444 1.10576 
18445 1.10576 
18446 1.10575 
18447 1.10575 
18448 1.10575 
18449 1.10575 
18450 1.10575 
18451 1.10574 
18452 1.10574 
18453 1.10574 
18454 1.10573 
18455 1.10573 
18456 1.10573 
18457 1.10572 
18458 1.10572 
18459 1.10571 
18460 1.10571 
18461 1.10571 
18462 1.10571 
18463 1.10571 
18464 1.10571 
18465 1.1057 
18466 1.10569 
18467 1.10568 
18468 1.10567 
18469 1.10566 
18470 1.10565 
18471 1.10564 
18472 1.10564 
18473 1.10563 
18474 1.10561 
18475 1.10558 
18476 1.10558 
18477 1.10557 
18478 1.10555 
18479 1.10555 
18480 1.10554 
18481 1.10552 
18482 1.10551 
18483 1.1055 
18484 1.10549 
18485 1.10549 
18486 1.10548 
18487 1.10548 
18488 1.10547 
18489 1.10546 
18490 1.10544 
18491 1.10542 
18492 1.10542 
18493 1.10542 
18494 1.10541 
18495 1.1054 
18496 1.1054 
18497 1.10539 
18498 1.10539 
18499 1.10537 
18500 1.10535 
18501 1.10534 
18502 1.10533 
18503 1.10531 
18504 1.1053 
18505 1.10528 
18506 1.10526 
18507 1.10525 
18508 1.10523 
18509 1.10523 
18510 1.10521 
18511 1.10516 
18512 1.10515 
18513 1.10512 
18514 1.10512 
18515 1.1051 
18516 1.10509 
18517 1.10508 
18518 1.10507 
18519 1.10506 
18520 1.10504 
18521 1.10502 
18522 1.10501 
18523 1.10501 
18524 1.10498 
18525 1.10495 
18526 1.1049 
18527 1.10488 
18528 1.10485 
18529 1.10484 
18530 1.10483 
18531 1.10482 
18532 1.1048 
18533 1.10478 
18534 1.10476 
18535 1.10474 
18536 1.1047 
18537 1.10448 
18538 1.10431 
18539 1.10416 
18540 1.10416 
18541 1.10414 
18542 1.104 
18543 1.10323 
18544 1.10311 
18545 1.10311 
18546 1.10309 
18547 1.10309 
18548 1.10307 
18549 1.10304 
18550 1.10304 
18551 1.10304 
18552 1.10304 
18553 1.10304 
18554 1.10304 
18555 1.10304 
18556 1.10304 
18557 1.10304 
18558 1.10304 
18559 1.10304 
18560 1.10304 
18561 1.10304 
18562 1.10304 
18563 1.10304 
18564 1.10304 
18565 1.10304 
18566 1.10304 
18567 1.10303 
18568 1.10303 
18569 1.10303 
18570 1.10303 
18571 1.10303 
18572 1.10303 
18573 1.10303 
18574 1.10303 
18575 1.10303 
18576 1.10303 
18577 1.10303 
18578 1.10303 
18579 1.10303 
18580 1.10303 
18581 1.10303 
18582 1.10303 
18583 1.10303 
18584 1.10303 
18585 1.10303 
18586 1.10302 
18587 1.10302 
18588 1.10302 
18589 1.10302 
18590 1.10302 
18591 1.10302 
18592 1.10302 
18593 1.10302 
18594 1.10302 
18595 1.10302 
18596 1.10302 
18597 1.10302 
18598 1.10302 
18599 1.10302 
18600 1.10302 
18601 1.10302 
18602 1.10302 
18603 1.10301 
18604 1.10301 
18605 1.10301 
18606 1.10301 
18607 1.10301 
18608 1.10301 
18609 1.10301 
18610 1.10301 
18611 1.10301 
18612 1.10301 
18613 1.10301 
18614 1.10301 
18615 1.10301 
18616 1.10301 
18617 1.10301 
18618 1.103 
18619 1.103 
18620 1.103 
18621 1.103 
18622 1.103 
18623 1.103 
18624 1.103 
18625 1.103 
18626 1.103 
18627 1.103 
18628 1.10299 
18629 1.10299 
18630 1.10299 
18631 1.10299 
18632 1.10299 
18633 1.10299 
18634 1.10298 
18635 1.10298 
18636 1.10298 
18637 1.10298 
18638 1.10298 
18639 1.10298 
18640 1.10298 
18641 1.10298 
18642 1.10297 
18643 1.10297 
18644 1.10297 
18645 1.10297 
18646 1.10297 
18647 1.10297 
18648 1.10296 
18649 1.10296 
18650 1.10295 
18651 1.10295 
18652 1.10294 
18653 1.10293 
18654 1.10292 
18655 1.10292 
18656 1.10291 
18657 1.10291 
18658 1.1029 
18659 1.10289 
18660 1.10288 
18661 1.10288 
18662 1.10288 
18663 1.10286 
18664 1.10286 
18665 1.10286 
18666 1.10286 
18667 1.10285 
18668 1.10284 
18669 1.10284 
18670 1.10283 
18671 1.10283 
18672 1.10282 
18673 1.10282 
18674 1.10282 
18675 1.10281 
18676 1.10281 
18677 1.10281 
18678 1.1028 
18679 1.1028 
18680 1.1028 
18681 1.1028 
18682 1.10279 
18683 1.10278 
18684 1.10278 
18685 1.10276 
18686 1.10276 
18687 1.10275 
18688 1.10274 
18689 1.10272 
18690 1.1027 
18691 1.10268 
18692 1.10267 
18693 1.10266 
18694 1.10265 
18695 1.10263 
18696 1.10263 
18697 1.10263 
18698 1.10262 
18699 1.10262 
18700 1.10261 
18701 1.1026 
18702 1.10259 
18703 1.10257 
18704 1.10256 
18705 1.10254 
18706 1.10252 
18707 1.10251 
18708 1.10249 
18709 1.10247 
18710 1.10244 
18711 1.10242 
18712 1.10239 
18713 1.10235 
18714 1.10228 
18715 1.10212 
18716 1.10201 
18717 1.10201 
18718 1.10189 
18719 1.10174 
18720 1.09758 
18721 1.09704 
18722 1.09703 
18723 1.09701 
18724 1.097 
18725 1.09698 
18726 1.09696 
18727 1.09696 
18728 1.09696 
18729 1.09696 
18730 1.09695 
18731 1.09695 
18732 1.09694 
18733 1.09694 
18734 1.09693 
18735 1.09693 
18736 1.09693 
18737 1.09692 
18738 1.09692 
18739 1.09692 
18740 1.09691 
18741 1.09691 
18742 1.0969 
18743 1.0969 
18744 1.0969 
18745 1.09689 
18746 1.09689 
18747 1.09688 
18748 1.09688 
18749 1.09687 
18750 1.09687 
18751 1.09686 
18752 1.09685 
18753 1.09685 
18754 1.09684 
18755 1.09684 
18756 1.09683 
18757 1.09682 
18758 1.09682 
18759 1.09681 
18760 1.0968 
18761 1.09679 
18762 1.09679 
18763 1.09678 
18764 1.09677 
18765 1.09676 
18766 1.09676 
18767 1.09675 
18768 1.09675 
18769 1.09673 
18770 1.09673 
18771 1.09669 
18772 1.09668 
18773 1.09667 
18774 1.09665 
18775 1.09663 
18776 1.09662 
18777 1.09661 
18778 1.09659 
18779 1.09658 
18780 1.09657 
18781 1.09655 
18782 1.09654 
18783 1.09652 
18784 1.09649 
18785 1.09647 
18786 1.09643 
18787 1.0964 
18788 1.09637 
18789 1.09636 
18790 1.09635 
18791 1.09634 
18792 1.09634 
18793 1.09633 
18794 1.09632 
18795 1.09631 
18796 1.09631 
18797 1.09631 
18798 1.0963 
18799 1.09629 
18800 1.09628 
18801 1.09627 
18802 1.09627 
18803 1.09626 
18804 1.09625 
18805 1.09623 
18806 1.09622 
18807 1.09622 
18808 1.0962 
18809 1.0962 
18810 1.09619 
18811 1.09618 
18812 1.09617 
18813 1.09616 
18814 1.09614 
18815 1.09613 
18816 1.09612 
18817 1.0961 
18818 1.0961 
18819 1.0961 
18820 1.0961 
18821 1.09605 
18822 1.09599 
18823 1.09597 
18824 1.09597 
18825 1.09596 
18826 1.09594 
18827 1.09592 
18828 1.0959 
18829 1.09587 
18830 1.09583 
18831 1.0958 
18832 1.09575 
18833 1.09571 
18834 1.0957 
18835 1.09568 
18836 1.09566 
18837 1.09563 
18838 1.09561 
18839 1.09558 
18840 1.09554 
18841 1.09552 
18842 1.0955 
18843 1.09546 
18844 1.09541 
18845 1.09535 
18846 1.09527 
18847 1.09509 
18848 1.09495 
18849 1.09469 
18850 1.09452 
18851 1.09441 
18852 1.09441 
18853 1.09441 
18854 1.0944 
18855 1.09438 
18856 1.09438 
18857 1.09438 
18858 1.09438 
18859 1.09438 
18860 1.09437 
18861 1.09437 
18862 1.09437 
18863 1.09437 
18864 1.09437 
18865 1.09436 
18866 1.09436 
18867 1.09436 
18868 1.09436 
18869 1.09436 
18870 1.09436 
18871 1.09435 
18872 1.09435 
18873 1.09435 
18874 1.09435 
18875 1.09434 
18876 1.09434 
18877 1.09434 
18878 1.09434 
18879 1.09433 
18880 1.09433 
18881 1.09433 
18882 1.09433 
18883 1.09432 
18884 1.09432 
18885 1.09431 
18886 1.09431 
18887 1.0943 
18888 1.0943 
18889 1.09429 
18890 1.09429 
18891 1.09428 
18892 1.09428 
18893 1.09428 
18894 1.09427 
18895 1.09427 
18896 1.09426 
18897 1.09425 
18898 1.09425 
18899 1.09424 
18900 1.09424 
18901 1.09423 
18902 1.09423 
18903 1.09422 
18904 1.09422 
18905 1.09422 
18906 1.09421 
18907 1.09421 
18908 1.09421 
18909 1.0942 
18910 1.0942 
18911 1.0942 
18912 1.0942 
18913 1.09419 
18914 1.09419 
18915 1.09419 
18916 1.09419 
18917 1.09418 
18918 1.09418 
18919 1.09418 
18920 1.09418 
18921 1.09418 
18922 1.09418 
18923 1.09417 
18924 1.09417 
18925 1.09417 
18926 1.09416 
18927 1.09416 
18928 1.09415 
18929 1.09414 
18930 1.09411 
18931 1.0941 
18932 1.09407 
18933 1.09406 
18934 1.09406 
18935 1.09406 
18936 1.09405 
18937 1.09404 
18938 1.09404 
18939 1.09404 
18940 1.09404 
18941 1.09402 
18942 1.094 
18943 1.09398 
18944 1.09395 
18945 1.09392 
18946 1.09388 
18947 1.09382 
18948 1.09372 
18949 1.09358 
18950 1.09328 
18951 1.09312 
18952 1.09312 
18953 1.09289 
18954 1.09192 
18955 1.09175 
18956 1.09175 
18957 1.09175 
18958 1.09172 
18959 1.09172 
18960 1.09172 
18961 1.09172 
18962 1.09172 
18963 1.09172 
18964 1.09172 
18965 1.09172 
18966 1.09172 
18967 1.09172 
18968 1.09172 
18969 1.09171 
18970 1.09171 
18971 1.09171 
18972 1.09171 
18973 1.09171 
18974 1.09171 
18975 1.0917 
18976 1.0917 
18977 1.0917 
18978 1.0917 
18979 1.0917 
18980 1.09169 
18981 1.09169 
18982 1.09169 
18983 1.09169 
18984 1.09169 
18985 1.09168 
18986 1.09168 
18987 1.09168 
18988 1.09168 
18989 1.09168 
18990 1.09167 
18991 1.09167 
18992 1.09167 
18993 1.09167 
18994 1.09166 
18995 1.09166 
18996 1.09165 
18997 1.09165 
18998 1.09165 
18999 1.09165 
19000 1.09164 
19001 1.09164 
19002 1.09163 
19003 1.09162 
19004 1.09161 
19005 1.09159 
19006 1.09159 
19007 1.09158 
19008 1.09157 
19009 1.09156 
19010 1.09155 
19011 1.09153 
19012 1.09152 
19013 1.09152 
19014 1.09152 
19015 1.09151 
19016 1.09151 
19017 1.09151 
19018 1.0915 
19019 1.0915 
19020 1.0915 
19021 1.09149 
19022 1.09149 
19023 1.09148 
19024 1.09148 
19025 1.09148 
19026 1.09148 
19027 1.09148 
19028 1.09148 
19029 1.09148 
19030 1.09148 
19031 1.09148 
19032 1.09147 
19033 1.09147 
19034 1.09147 
19035 1.09147 
19036 1.09147 
19037 1.09147 
19038 1.09147 
19039 1.09147 
19040 1.09147 
19041 1.09147 
19042 1.09147 
19043 1.09147 
19044 1.09146 
19045 1.09146 
19046 1.09146 
19047 1.09146 
19048 1.09146 
19049 1.09146 
19050 1.09146 
19051 1.09145 
19052 1.09144 
19053 1.09144 
19054 1.09143 
19055 1.09141 
19056 1.09139 
19057 1.09136 
19058 1.09136 
19059 1.09135 
19060 1.09133 
19061 1.09132 
19062 1.09132 
19063 1.0913 
19064 1.09129 
19065 1.09128 
19066 1.09127 
19067 1.09126 
19068 1.09124 
19069 1.09123 
19070 1.09121 
19071 1.0912 
19072 1.09117 
19073 1.09116 
19074 1.09114 
19075 1.09111 
19076 1.09109 
19077 1.09107 
19078 1.09105 
19079 1.09101 
19080 1.09097 
19081 1.09081 
19082 1.0906 
19083 1.09033 
19084 1.09003 
19085 1.08941 
19086 1.08941 
19087 1.08936 
19088 1.08936 
19089 1.08931 
19090 1.08931 
19091 1.0893 
19092 1.08928 
19093 1.08928 
19094 1.08928 
19095 1.08928 
19096 1.08928 
19097 1.08928 
19098 1.08928 
19099 1.08928 
19100 1.08928 
19101 1.08928 
19102 1.08927 
19103 1.08927 
19104 1.08927 
19105 1.08927 
19106 1.08927 
19107 1.08927 
19108 1.08927 
19109 1.08927 
19110 1.08927 
19111 1.08927 
19112 1.08927 
19113 1.08927 
19114 1.08927 
19115 1.08927 
19116 1.08927 
19117 1.08927 
19118 1.08926 
19119 1.08926 
19120 1.08926 
19121 1.08926 
19122 1.08926 
19123 1.08926 
19124 1.08926 
19125 1.08926 
19126 1.08926 
19127 1.08926 
19128 1.08926 
19129 1.08926 
19130 1.08926 
19131 1.08926 
19132 1.08926 
19133 1.08926 
19134 1.08926 
19135 1.08926 
19136 1.08925 
19137 1.08925 
19138 1.08925 
19139 1.08925 
19140 1.08925 
19141 1.08925 
19142 1.08925 
19143 1.08925 
19144 1.08925 
19145 1.08925 
19146 1.08925 
19147 1.08925 
19148 1.08925 
19149 1.08925 
19150 1.08925 
19151 1.08924 
19152 1.08924 
19153 1.08924 
19154 1.08924 
19155 1.08924 
19156 1.08924 
19157 1.08924 
19158 1.08924 
19159 1.08924 
19160 1.08924 
19161 1.08924 
19162 1.08924 
19163 1.08923 
19164 1.08923 
19165 1.08923 
19166 1.08923 
19167 1.08923 
19168 1.08923 
19169 1.08923 
19170 1.08923 
19171 1.08922 
19172 1.08922 
19173 1.08922 
19174 1.08922 
19175 1.08922 
19176 1.08922 
19177 1.08922 
19178 1.08921 
19179 1.08921 
19180 1.08921 
19181 1.08921 
19182 1.08921 
19183 1.0892 
19184 1.0892 
19185 1.0892 
19186 1.0892 
19187 1.08919 
19188 1.08919 
19189 1.08919 
19190 1.08919 
19191 1.08918 
19192 1.08918 
19193 1.08917 
19194 1.08917 
19195 1.08916 
19196 1.08916 
19197 1.08916 
19198 1.08915 
19199 1.08914 
19200 1.08914 
19201 1.08913 
19202 1.08913 
19203 1.08913 
19204 1.08912 
19205 1.08912 
19206 1.08912 
19207 1.08911 
19208 1.08911 
19209 1.08911 
19210 1.0891 
19211 1.0891 
19212 1.0891 
19213 1.0891 
19214 1.0891 
19215 1.0891 
19216 1.0891 
19217 1.0891 
19218 1.08909 
19219 1.08909 
19220 1.08909 
19221 1.08909 
19222 1.08909 
19223 1.08909 
19224 1.08909 
19225 1.08909 
19226 1.08909 
19227 1.08909 
19228 1.08909 
19229 1.08909 
19230 1.08908 
19231 1.08908 
19232 1.08908 
19233 1.08908 
19234 1.08908 
19235 1.08908 
19236 1.08907 
19237 1.08907 
19238 1.08907 
19239 1.08906 
19240 1.08905 
19241 1.08904 
19242 1.08902 
19243 1.08902 
19244 1.08901 
19245 1.08898 
19246 1.08894 
19247 1.08891 
19248 1.08888 
19249 1.08887 
19250 1.08885 
19251 1.08883 
19252 1.08881 
19253 1.08878 
19254 1.08873 
19255 1.08866 
19256 1.08859 
19257 1.08834 
19258 1.0881 
19259 1.08801 
19260 1.08801 
19261 1.08778 
19262 1.08746 
19263 1.08729 
19264 1.08376 
19265 1.08346 
19266 1.08326 
19267 1.08321 
19268 1.08314 
19269 1.08305 
19270 1.08292 
19271 1.08273 
19272 1.08253 
19273 1.08236 
19274 1.08231 
19275 1.08224 
19276 1.08222 
19277 1.08222 
19278 1.08222 
19279 1.08221 
19280 1.08221 
19281 1.08219 
19282 1.08219 
19283 1.08218 
19284 1.08218 
19285 1.0822 
19286 1.08221 
19287 1.08219 
19288 1.08219 
19289 1.08219 
19290 1.08218 
19291 1.08218 
19292 1.08218 
19293 1.08218 
19294 1.08218 
19295 1.08218 
19296 1.08218 
19297 1.08218 
19298 1.08218 
19299 1.08218 
19300 1.08218 
19301 1.08218 
19302 1.08218 
19303 1.08218 
19304 1.08217 
19305 1.08217 
19306 1.08217 
19307 1.08217 
19308 1.08217 
19309 1.08217 
19310 1.08217 
19311 1.08217 
19312 1.08217 
19313 1.08217 
19314 1.08217 
19315 1.08217 
19316 1.08217 
19317 1.08217 
19318 1.08217 
19319 1.08216 
19320 1.08216 
19321 1.08216 
19322 1.08216 
19323 1.08216 
19324 1.08216 
19325 1.08216 
19326 1.08216 
19327 1.08216 
19328 1.08216 
19329 1.08216 
19330 1.08216 
19331 1.08215 
19332 1.08215 
19333 1.08215 
19334 1.08215 
19335 1.08215 
19336 1.08215 
19337 1.08215 
19338 1.08215 
19339 1.08215 
19340 1.08214 
19341 1.08214 
19342 1.08214 
19343 1.08214 
19344 1.08214 
19345 1.08214 
19346 1.08214 
19347 1.08214 
19348 1.08214 
19349 1.08214 
19350 1.08213 
19351 1.08213 
19352 1.08213 
19353 1.08213 
19354 1.08213 
19355 1.08213 
19356 1.08213 
19357 1.08213 
19358 1.08212 
19359 1.08212 
19360 1.08212 
19361 1.08212 
19362 1.08212 
19363 1.08212 
19364 1.08212 
19365 1.08212 
19366 1.08211 
19367 1.08211 
19368 1.08211 
19369 1.08211 
19370 1.08211 
19371 1.08211 
19372 1.08211 
19373 1.0821 
19374 1.0821 
19375 1.0821 
19376 1.08209 
19377 1.08209 
19378 1.08209 
19379 1.08209 
19380 1.08209 
19381 1.08209 
19382 1.08208 
19383 1.08208 
19384 1.08208 
19385 1.08208 
19386 1.08208 
19387 1.08207 
19388 1.08207 
19389 1.08207 
19390 1.08207 
19391 1.08207 
19392 1.08206 
19393 1.08206 
19394 1.08206 
19395 1.08205 
19396 1.08205 
19397 1.08204 
19398 1.08203 
19399 1.08203 
19400 1.08202 
19401 1.08202 
19402 1.082 
19403 1.08199 
19404 1.08199 
19405 1.08198 
19406 1.08198 
19407 1.08197 
19408 1.08197 
19409 1.08196 
19410 1.08195 
19411 1.08195 
19412 1.08195 
19413 1.08194 
19414 1.08192 
19415 1.08192 
19416 1.08192 
19417 1.08192 
19418 1.08191 
19419 1.0819 
19420 1.08189 
19421 1.08188 
19422 1.08187 
19423 1.08187 
19424 1.08186 
19425 1.08185 
19426 1.08185 
19427 1.08185 
19428 1.08185 
19429 1.08185 
19430 1.08186 
19431 1.08199 
19432 1.08202 
19433 1.08206 
19434 1.08212 
19435 1.08225 
19436 1.0824 
19437 1.08338 
19438 1.08331 
19439 1.08331 
19440 1.08331 
19441 1.08322 
19442 1.08321 
19443 1.0832 
19444 1.0832 
19445 1.0832 
19446 1.0832 
19447 1.0832 
19448 1.08319 
19449 1.08319 
19450 1.08319 
19451 1.08319 
19452 1.08319 
19453 1.08319 
19454 1.08319 
19455 1.08319 
19456 1.08319 
19457 1.08319 
19458 1.08319 
19459 1.08319 
19460 1.08318 
19461 1.08318 
19462 1.08318 
19463 1.08318 
19464 1.08318 
19465 1.08318 
19466 1.08318 
19467 1.08318 
19468 1.08318 
19469 1.08318 
19470 1.08318 
19471 1.08318 
19472 1.08318 
19473 1.08318 
19474 1.08318 
19475 1.08317 
19476 1.08317 
19477 1.08317 
19478 1.08317 
19479 1.08317 
19480 1.08317 
19481 1.08317 
19482 1.08317 
19483 1.08317 
19484 1.08317 
19485 1.08317 
19486 1.08316 
19487 1.08316 
19488 1.08316 
19489 1.08316 
19490 1.08316 
19491 1.08316 
19492 1.08316 
19493 1.08316 
19494 1.08315 
19495 1.08315 
19496 1.08315 
19497 1.08315 
19498 1.08315 
19499 1.08315 
19500 1.08314 
19501 1.08313 
19502 1.08313 
19503 1.08313 
19504 1.08313 
19505 1.08313 
19506 1.08312 
19507 1.08312 
19508 1.08312 
19509 1.08311 
19510 1.08311 
19511 1.08311 
19512 1.08311 
19513 1.0831 
19514 1.0831 
19515 1.08309 
19516 1.08309 
19517 1.08309 
19518 1.08308 
19519 1.08308 
19520 1.08308 
19521 1.08308 
19522 1.08307 
19523 1.08307 
19524 1.08307 
19525 1.08306 
19526 1.08306 
19527 1.08306 
19528 1.08305 
19529 1.08305 
19530 1.08305 
19531 1.08304 
19532 1.08304 
19533 1.08303 
19534 1.08303 
19535 1.083 
19536 1.083 
19537 1.083 
19538 1.083 
19539 1.083 
19540 1.083 
19541 1.083 
19542 1.083 
19543 1.083 
19544 1.083 
19545 1.083 
19546 1.083 
19547 1.083 
19548 1.083 
19549 1.083 
19550 1.083 
19551 1.083 
19552 1.083 
19553 1.08299 
19554 1.08299 
19555 1.08299 
19556 1.08299 
19557 1.08299 
19558 1.08299 
19559 1.08299 
19560 1.08299 
19561 1.08299 
19562 1.08299 
19563 1.08299 
19564 1.08299 
19565 1.08298 
19566 1.08298 
19567 1.08298 
19568 1.08298 
19569 1.08298 
19570 1.08298 
19571 1.08298 
19572 1.08298 
19573 1.08298 
19574 1.08298 
19575 1.08299 
19576 1.08299 
19577 1.083 
19578 1.08302 
19579 1.08302 
19580 1.08304 
19581 1.08305 
19582 1.08308 
19583 1.08311 
19584 1.08313 
19585 1.08314 
19586 1.08315 
19587 1.08318 
19588 1.0832 
19589 1.08323 
19590 1.08329 
19591 1.08343 
19592 1.08387 
19593 1.0838 
19594 1.0838 
19595 1.0838 
19596 1.0838 
19597 1.08379 
19598 1.08379 
19599 1.08379 
19600 1.08378 
19601 1.08378 
19602 1.08378 
19603 1.08378 
19604 1.08378 
19605 1.08378 
19606 1.08378 
19607 1.08378 
19608 1.08378 
19609 1.08378 
19610 1.08378 
19611 1.08378 
19612 1.08378 
19613 1.08378 
19614 1.08378 
19615 1.08378 
19616 1.08378 
19617 1.08378 
19618 1.08378 
19619 1.08378 
19620 1.08378 
19621 1.08378 
19622 1.08378 
19623 1.08378 
19624 1.08378 
19625 1.08378 
19626 1.08378 
19627 1.08378 
19628 1.08378 
19629 1.08378 
19630 1.08378 
19631 1.08378 
19632 1.08377 
19633 1.08377 
19634 1.08377 
19635 1.08377 
19636 1.08377 
19637 1.08377 
19638 1.08377 
19639 1.08377 
19640 1.08377 
19641 1.08377 
19642 1.08377 
19643 1.08377 
19644 1.08377 
19645 1.08377 
19646 1.08377 
19647 1.08377 
19648 1.08377 
19649 1.08377 
19650 1.08377 
19651 1.08377 
19652 1.08377 
19653 1.08377 
19654 1.08377 
19655 1.08377 
19656 1.08377 
19657 1.08377 
19658 1.08377 
19659 1.08377 
19660 1.08377 
19661 1.08377 
19662 1.08377 
19663 1.08377 
19664 1.08377 
19665 1.08377 
19666 1.08377 
19667 1.08377 
19668 1.08377 
19669 1.08376 
19670 1.08376 
19671 1.08376 
19672 1.08376 
19673 1.08376 
19674 1.08376 
19675 1.08376 
19676 1.08376 
19677 1.08376 
19678 1.08376 
19679 1.08376 
19680 1.08376 
19681 1.08376 
19682 1.08376 
19683 1.08376 
19684 1.08375 
19685 1.08375 
19686 1.08375 
19687 1.08375 
19688 1.08375 
19689 1.08375 
19690 1.08374 
19691 1.08374 
19692 1.08374 
19693 1.08374 
19694 1.08373 
19695 1.08373 
19696 1.08373 
19697 1.08373 
19698 1.08372 
19699 1.08372 
19700 1.08372 
19701 1.08371 
19702 1.08371 
19703 1.0837 
19704 1.0837 
19705 1.08369 
19706 1.08369 
19707 1.08369 
19708 1.08369 
19709 1.08369 
19710 1.08369 
19711 1.08369 
19712 1.08369 
19713 1.08369 
19714 1.08369 
19715 1.08369 
19716 1.08369 
19717 1.08369 
19718 1.08369 
19719 1.08369 
19720 1.08369 
19721 1.08369 
19722 1.08368 
19723 1.08368 
19724 1.08368 
19725 1.08368 
19726 1.08368 
19727 1.08368 
19728 1.08368 
19729 1.08368 
19730 1.08368 
19731 1.08368 
19732 1.08368 
19733 1.08368 
19734 1.08368 
19735 1.08368 
19736 1.08368 
19737 1.08368 
19738 1.08368 
19739 1.08368 
19740 1.08368 
19741 1.08368 
19742 1.08368 
19743 1.08368 
19744 1.08368 
19745 1.08368 
19746 1.08368 
19747 1.08368 
19748 1.08368 
19749 1.08369 
19750 1.08372 
19751 1.08372 
19752 1.08373 
19753 1.08373 
19754 1.08375 
19755 1.08376 
19756 1.08377 
19757 1.08379 
19758 1.08381 
19759 1.08392 
19760 1.08422 
19761 1.08493 
19762 1.08493 
19763 1.08489 
19764 1.08487 
19765 1.08487 
19766 1.08487 
19767 1.08485 
19768 1.08484 
19769 1.08483 
19770 1.08482 
19771 1.08482 
19772 1.08482 
19773 1.08482 
19774 1.08482 
19775 1.08482 
19776 1.08481 
19777 1.08481 
19778 1.08481 
19779 1.08481 
19780 1.08481 
19781 1.08481 
19782 1.08481 
19783 1.08481 
19784 1.0848 
19785 1.0848 
19786 1.0848 
19787 1.0848 
19788 1.0848 
19789 1.08479 
19790 1.08479 
19791 1.08479 
19792 1.08479 
19793 1.08478 
19794 1.08478 
19795 1.08477 
19796 1.08476 
19797 1.08476 
19798 1.08475 
19799 1.08475 
19800 1.08474 
19801 1.08474 
19802 1.08474 
19803 1.08473 
19804 1.08473 
19805 1.08473 
19806 1.08473 
19807 1.08472 
19808 1.08471 
19809 1.08471 
19810 1.0847 
19811 1.0847 
19812 1.0847 
19813 1.08467 
19814 1.08467 
19815 1.08467 
19816 1.08467 
19817 1.08467 
19818 1.08467 
19819 1.08466 
19820 1.08466 
19821 1.08466 
19822 1.08466 
19823 1.08466 
19824 1.08466 
19825 1.08466 
19826 1.08466 
19827 1.08466 
19828 1.08466 
19829 1.08466 
19830 1.08466 
19831 1.08466 
19832 1.08466 
19833 1.08465 
19834 1.08465 
19835 1.08465 
19836 1.08465 
19837 1.08465 
19838 1.08465 
19839 1.08465 
19840 1.08465 
19841 1.08465 
19842 1.08465 
19843 1.08465 
19844 1.08465 
19845 1.08465 
19846 1.08464 
19847 1.08464 
19848 1.08464 
19849 1.08464 
19850 1.08464 
19851 1.08463 
19852 1.08463 
19853 1.08464 
19854 1.08465 
19855 1.08472 
19856 1.08473 
19857 1.08475 
19858 1.08478 
19859 1.08481 
19860 1.08489 
19861 1.08514 
19862 1.08506 
19863 1.08505 
19864 1.08505 
19865 1.08505 
19866 1.08505 
19867 1.08505 
19868 1.08505 
19869 1.08505 
19870 1.08505 
19871 1.08505 
19872 1.08505 
19873 1.08505 
19874 1.08505 
19875 1.08505 
19876 1.08504 
19877 1.08504 
19878 1.08504 
19879 1.08504 
19880 1.08504 
19881 1.08504 
19882 1.08504 
19883 1.08504 
19884 1.08504 
19885 1.08504 
19886 1.08504 
19887 1.08504 
19888 1.08504 
19889 1.08504 
19890 1.08504 
19891 1.08504 
19892 1.08504 
19893 1.08504 
19894 1.08504 
19895 1.08504 
19896 1.08504 
19897 1.08503 
19898 1.08503 
19899 1.08503 
19900 1.08503 
19901 1.08503 
19902 1.08503 
19903 1.08503 
19904 1.08503 
19905 1.08503 
19906 1.08503 
19907 1.08503 
19908 1.08503 
19909 1.08503 
19910 1.08503 
19911 1.08502 
19912 1.08502 
19913 1.08502 
19914 1.08502 
19915 1.08502 
19916 1.08502 
19917 1.08502 
19918 1.08501 
19919 1.08501 
19920 1.08501 
19921 1.08501 
19922 1.085 
19923 1.085 
19924 1.085 
19925 1.085 
19926 1.08499 
19927 1.08499 
19928 1.08499 
19929 1.08499 
19930 1.08499 
19931 1.08498 
19932 1.08498 
19933 1.08498 
19934 1.08497 
19935 1.08497 
19936 1.08496 
19937 1.08496 
19938 1.08495 
19939 1.08495 
19940 1.0849 
19941 1.0849 
19942 1.0849 
19943 1.0849 
19944 1.0849 
19945 1.0849 
19946 1.0849 
19947 1.08489 
19948 1.08489 
19949 1.08489 
19950 1.08489 
19951 1.08489 
19952 1.08489 
19953 1.08489 
19954 1.08488 
19955 1.08488 
19956 1.08488 
19957 1.08488 
19958 1.08488 
19959 1.08487 
19960 1.08488 
19961 1.08489 
19962 1.08489 
19963 1.08489 
19964 1.08489 
19965 1.0849 
19966 1.08491 
19967 1.08491 
19968 1.08493 
19969 1.08493 
19970 1.08497 
19971 1.08524 
19972 1.08559 
19973 1.08554 
19974 1.08554 
19975 1.08553 
19976 1.08552 
19977 1.08552 
19978 1.08552 
19979 1.08552 
19980 1.08552 
19981 1.08552 
19982 1.08552 
19983 1.08551 
19984 1.08551 
19985 1.08551 
19986 1.08551 
19987 1.08551 
19988 1.08551 
19989 1.08551 
19990 1.08551 
19991 1.08551 
19992 1.08551 
19993 1.08551 
19994 1.08551 
19995 1.08551 
19996 1.08551 
19997 1.08551 
19998 1.08551 
19999 1.08551 
20000 1.08551 
20001 1.08551 
20002 1.08551 
20003 1.08551 
20004 1.08551 
20005 1.0855 
20006 1.0855 
20007 1.0855 
20008 1.0855 
20009 1.0855 
20010 1.0855 
20011 1.0855 
20012 1.0855 
20013 1.0855 
20014 1.0855 
20015 1.0855 
20016 1.0855 
20017 1.0855 
20018 1.0855 
20019 1.0855 
20020 1.0855 
20021 1.0855 
20022 1.0855 
20023 1.0855 
20024 1.0855 
20025 1.08549 
20026 1.08549 
20027 1.08549 
20028 1.08549 
20029 1.08549 
20030 1.08549 
20031 1.08549 
20032 1.08549 
20033 1.08549 
20034 1.08549 
20035 1.08549 
20036 1.08548 
20037 1.08548 
20038 1.08548 
20039 1.08548 
20040 1.08548 
20041 1.08548 
20042 1.08548 
20043 1.08547 
20044 1.08547 
20045 1.08547 
20046 1.08547 
20047 1.08547 
20048 1.08546 
20049 1.08546 
20050 1.08546 
20051 1.08546 
20052 1.08546 
20053 1.08545 
20054 1.08545 
20055 1.08545 
20056 1.08545 
20057 1.08545 
20058 1.08544 
20059 1.08544 
20060 1.08543 
20061 1.08543 
20062 1.08542 
20063 1.08542 
20064 1.08542 
20065 1.08542 
20066 1.08541 
20067 1.08541 
20068 1.0854 
20069 1.0854 
20070 1.0854 
20071 1.0854 
20072 1.0854 
20073 1.08535 
20074 1.08535 
20075 1.08535 
20076 1.08535 
20077 1.08535 
20078 1.08535 
20079 1.08535 
20080 1.08535 
20081 1.08535 
20082 1.08535 
20083 1.08535 
20084 1.08535 
20085 1.08535 
20086 1.08535 
20087 1.08535 
20088 1.08534 
20089 1.08534 
20090 1.08534 
20091 1.08534 
20092 1.08534 
20093 1.08534 
20094 1.08534 
20095 1.08534 
20096 1.08534 
20097 1.08534 
20098 1.08534 
20099 1.08534 
20100 1.08534 
20101 1.08534 
20102 1.08534 
20103 1.08534 
20104 1.08534 
20105 1.08534 
20106 1.08534 
20107 1.08533 
20108 1.08533 
20109 1.08533 
20110 1.08533 
20111 1.08535 
20112 1.08536 
20113 1.08538 
20114 1.08539 
20115 1.08541 
20116 1.08544 
20117 1.08548 
20118 1.08554 
20119 1.08562 
20120 1.08571 
20121 1.0859 
20122 1.08583 
20123 1.08582 
20124 1.08582 
20125 1.08582 
20126 1.08582 
20127 1.08582 
20128 1.08582 
20129 1.08582 
20130 1.08582 
20131 1.08582 
20132 1.08582 
20133 1.08582 
20134 1.08582 
20135 1.08581 
20136 1.08581 
20137 1.08581 
20138 1.08581 
20139 1.08581 
20140 1.08581 
20141 1.08581 
20142 1.08581 
20143 1.08581 
20144 1.08581 
20145 1.08581 
20146 1.08581 
20147 1.08581 
20148 1.08581 
20149 1.08581 
20150 1.08581 
20151 1.08581 
20152 1.08581 
20153 1.08581 
20154 1.08581 
20155 1.08581 
20156 1.08581 
20157 1.08581 
20158 1.0858 
20159 1.0858 
20160 1.0858 
20161 1.0858 
20162 1.0858 
20163 1.0858 
20164 1.0858 
20165 1.0858 
20166 1.0858 
20167 1.0858 
20168 1.0858 
20169 1.0858 
20170 1.0858 
20171 1.0858 
20172 1.0858 
20173 1.0858 
20174 1.0858 
20175 1.0858 
20176 1.08579 
20177 1.08579 
20178 1.08579 
20179 1.08579 
20180 1.08579 
20181 1.08579 
20182 1.08579 
20183 1.08579 
20184 1.08579 
20185 1.08579 
20186 1.08579 
20187 1.08579 
20188 1.08578 
20189 1.08578 
20190 1.08578 
20191 1.08578 
20192 1.08578 
20193 1.08577 
20194 1.08577 
20195 1.08577 
20196 1.08577 
20197 1.08576 
20198 1.08576 
20199 1.08576 
20200 1.08576 
20201 1.08575 
20202 1.08575 
20203 1.08574 
20204 1.08574 
20205 1.08574 
20206 1.08573 
20207 1.08572 
20208 1.08572 
20209 1.08571 
20210 1.08571 
20211 1.08571 
20212 1.0857 
20213 1.08569 
20214 1.08569 
20215 1.08568 
20216 1.08568 
20217 1.08568 
20218 1.08568 
20219 1.08568 
20220 1.08568 
20221 1.08568 
20222 1.08568 
20223 1.08568 
20224 1.08568 
20225 1.08568 
20226 1.08568 
20227 1.08568 
20228 1.08568 
20229 1.08568 
20230 1.08568 
20231 1.08568 
20232 1.08568 
20233 1.08568 
20234 1.08568 
20235 1.08568 
20236 1.08568 
20237 1.08568 
20238 1.08568 
20239 1.08568 
20240 1.08567 
20241 1.08567 
20242 1.08567 
20243 1.08567 
20244 1.08567 
20245 1.08567 
20246 1.08567 
20247 1.08567 
20248 1.08567 
20249 1.08567 
20250 1.08567 
20251 1.08567 
20252 1.08567 
20253 1.08567 
20254 1.08567 
20255 1.08567 
20256 1.08567 
20257 1.08567 
20258 1.08567 
20259 1.08571 
20260 1.08571 
20261 1.08574 
20262 1.08584 
20263 1.08588 
20264 1.08595 
20265 1.08605 
20266 1.08619 
20267 1.0864 
20268 1.08648 
20269 1.08652 
20270 1.08665 
20271 1.08665 
20272 1.08673 
20273 1.08727 
20274 1.08725 
20275 1.08716 
20276 1.08714 
20277 1.08712 
20278 1.0871 
20279 1.08709 
20280 1.08708 
20281 1.08708 
20282 1.08707 
20283 1.08706 
20284 1.08706 
20285 1.08705 
20286 1.08705 
20287 1.08705 
20288 1.08704 
20289 1.08704 
20290 1.08704 
20291 1.08703 
20292 1.08703 
20293 1.08703 
20294 1.08702 
20295 1.08702 
20296 1.08701 
20297 1.08701 
20298 1.087 
20299 1.08699 
20300 1.08699 
20301 1.08698 
20302 1.08697 
20303 1.08696 
20304 1.08696 
20305 1.08694 
20306 1.08692 
20307 1.08691 
20308 1.08689 
20309 1.08686 
20310 1.08685 
20311 1.08683 
20312 1.08681 
20313 1.08679 
20314 1.08676 
20315 1.08674 
20316 1.08674 
20317 1.08673 
20318 1.08672 
20319 1.0867 
20320 1.08668 
20321 1.08667 
20322 1.08665 
20323 1.08665 
20324 1.08665 
20325 1.08664 
20326 1.08664 
20327 1.08664 
20328 1.08664 
20329 1.08664 
20330 1.08663 
20331 1.08663 
20332 1.08663 
20333 1.08662 
20334 1.08662 
20335 1.08661 
20336 1.08661 
20337 1.08661 
20338 1.0866 
20339 1.0866 
20340 1.0866 
20341 1.0866 
20342 1.08659 
20343 1.08659 
20344 1.08659 
20345 1.08658 
20346 1.08658 
20347 1.08658 
20348 1.08658 
20349 1.08658 
20350 1.08658 
20351 1.08657 
20352 1.08657 
20353 1.08656 
20354 1.08656 
20355 1.08656 
20356 1.08656 
20357 1.08656 
20358 1.08656 
20359 1.08655 
20360 1.08655 
20361 1.08655 
20362 1.08655 
20363 1.08654 
20364 1.08654 
20365 1.08654 
20366 1.08653 
20367 1.08653 
20368 1.08653 
20369 1.08652 
20370 1.08652 
20371 1.08652 
20372 1.08652 
20373 1.08651 
20374 1.08651 
20375 1.0865 
20376 1.08649 
20377 1.08648 
20378 1.08647 
20379 1.08647 
20380 1.08647 
20381 1.08647 
20382 1.08646 
20383 1.08646 
20384 1.08646 
20385 1.08646 
20386 1.08646 
20387 1.08651 
20388 1.08658 
20389 1.08663 
20390 1.08677 
20391 1.08667 
20392 1.08667 
20393 1.08667 
20394 1.08667 
20395 1.08667 
20396 1.08667 
20397 1.08667 
20398 1.08667 
20399 1.08666 
20400 1.08666 
20401 1.08666 
20402 1.08666 
20403 1.08666 
20404 1.08666 
20405 1.08666 
20406 1.08666 
20407 1.08666 
20408 1.08666 
20409 1.08666 
20410 1.08666 
20411 1.08666 
20412 1.08666 
20413 1.08666 
20414 1.08666 
20415 1.08666 
20416 1.08666 
20417 1.08665 
20418 1.08665 
20419 1.08665 
20420 1.08665 
20421 1.08665 
20422 1.08665 
20423 1.08665 
20424 1.08665 
20425 1.08665 
20426 1.08665 
20427 1.08665 
20428 1.08665 
20429 1.08665 
20430 1.08664 
20431 1.08664 
20432 1.08664 
20433 1.08664 
20434 1.08664 
20435 1.08664 
20436 1.08664 
20437 1.08664 
20438 1.08664 
20439 1.08664 
20440 1.08663 
20441 1.08663 
20442 1.08663 
20443 1.08663 
20444 1.08662 
20445 1.08662 
20446 1.08662 
20447 1.08662 
20448 1.08661 
20449 1.08661 
20450 1.0866 
20451 1.08659 
20452 1.08658 
20453 1.08657 
20454 1.08657 
20455 1.08657 
20456 1.08656 
20457 1.08656 
20458 1.08655 
20459 1.08654 
20460 1.08654 
20461 1.08654 
20462 1.08647 
20463 1.08647 
20464 1.08647 
20465 1.08646 
20466 1.08646 
20467 1.08646 
20468 1.08646 
20469 1.08646 
20470 1.08646 
20471 1.08646 
20472 1.08645 
20473 1.08645 
20474 1.08645 
20475 1.08645 
20476 1.08645 
20477 1.08645 
20478 1.08645 
20479 1.08645 
20480 1.08645 
20481 1.08645 
20482 1.08644 
20483 1.08644 
20484 1.08644 
20485 1.08644 
20486 1.08644 
20487 1.08644 
20488 1.08644 
20489 1.08644 
20490 1.08644 
20491 1.08644 
20492 1.08644 
20493 1.08644 
20494 1.08644 
20495 1.08644 
20496 1.08644 
20497 1.08643 
20498 1.08643 
20499 1.08643 
20500 1.08643 
20501 1.08643 
20502 1.08643 
20503 1.08643 
20504 1.08643 
20505 1.08643 
20506 1.08643 
20507 1.08643 
20508 1.08642 
20509 1.08642 
20510 1.08642 
20511 1.08641 
20512 1.08641 
20513 1.08641 
20514 1.08641 
20515 1.08641 
20516 1.08641 
20517 1.08641 
20518 1.08641 
20519 1.08641 
20520 1.08641 
20521 1.08641 
20522 1.08642 
20523 1.08642 
20524 1.08643 
20525 1.08646 
20526 1.08654 
20527 1.08645 
20528 1.08644 
20529 1.08644 
20530 1.08644 
20531 1.08644 
20532 1.08644 
20533 1.08644 
20534 1.08644 
20535 1.08644 
20536 1.08644 
20537 1.08644 
20538 1.08644 
20539 1.08644 
20540 1.08644 
20541 1.08644 
20542 1.08644 
20543 1.08644 
20544 1.08644 
20545 1.08643 
20546 1.08643 
20547 1.08643 
20548 1.08643 
20549 1.08643 
20550 1.08643 
20551 1.08643 
20552 1.08643 
20553 1.08643 
20554 1.08643 
20555 1.08643 
20556 1.08643 
20557 1.08643 
20558 1.08643 
20559 1.08643 
20560 1.08643 
20561 1.08643 
20562 1.08643 
20563 1.08643 
20564 1.08643 
20565 1.08643 
20566 1.08643 
20567 1.08643 
20568 1.08643 
20569 1.08643 
20570 1.08643 
20571 1.08643 
20572 1.08643 
20573 1.08643 
20574 1.08643 
20575 1.08643 
20576 1.08643 
20577 1.08643 
20578 1.08643 
20579 1.08643 
20580 1.08643 
20581 1.08642 
20582 1.08642 
20583 1.08642 
20584 1.08642 
20585 1.08642 
20586 1.08642 
20587 1.08642 
20588 1.08642 
20589 1.08642 
20590 1.08642 
20591 1.08642 
20592 1.08642 
20593 1.08642 
20594 1.08642 
20595 1.08642 
20596 1.08642 
20597 1.08642 
20598 1.08642 
20599 1.08642 
20600 1.08641 
20601 1.08641 
20602 1.08641 
20603 1.08641 
20604 1.08641 
20605 1.08641 
20606 1.08641 
20607 1.0864 
20608 1.0864 
20609 1.0864 
20610 1.0864 
20611 1.08639 
20612 1.08639 
20613 1.08639 
20614 1.08639 
20615 1.08638 
20616 1.08638 
20617 1.08638 
20618 1.08637 
20619 1.08637 
20620 1.08637 
20621 1.08637 
20622 1.08637 
20623 1.08636 
20624 1.08636 
20625 1.08635 
20626 1.08635 
20627 1.08635 
20628 1.08635 
20629 1.08635 
20630 1.08635 
20631 1.08634 
20632 1.08634 
20633 1.08633 
20634 1.08633 
20635 1.08633 
20636 1.08633 
20637 1.08632 
20638 1.08624 
20639 1.08624 
20640 1.08624 
20641 1.08624 
20642 1.08624 
20643 1.08624 
20644 1.08623 
20645 1.08623 
20646 1.08623 
20647 1.08623 
20648 1.08623 
20649 1.08623 
20650 1.08623 
20651 1.08623 
20652 1.08623 
20653 1.08622 
20654 1.08622 
20655 1.08622 
20656 1.08622 
20657 1.08622 
20658 1.08622 
20659 1.08622 
20660 1.08622 
20661 1.08622 
20662 1.08622 
20663 1.08622 
20664 1.08621 
20665 1.08621 
20666 1.08621 
20667 1.08621 
20668 1.08621 
20669 1.08621 
20670 1.08621 
20671 1.08621 
20672 1.08621 
20673 1.08621 
20674 1.0862 
20675 1.0862 
20676 1.0862 
20677 1.0862 
20678 1.08619 
20679 1.08618 
20680 1.08617 
20681 1.08617 
20682 1.08616 
20683 1.08616 
20684 1.08615 
20685 1.08615 
20686 1.08614 
20687 1.08614 
20688 1.08614 
20689 1.08613 
20690 1.08614 
20691 1.08614 
20692 1.08615 
20693 1.08618 
20694 1.08622 
20695 1.08629 
20696 1.08622 
20697 1.08622 
20698 1.08622 
20699 1.08622 
20700 1.08622 
20701 1.08622 
20702 1.08622 
20703 1.08622 
20704 1.08622 
20705 1.08622 
20706 1.08622 
20707 1.08622 
20708 1.08622 
20709 1.08622 
20710 1.08622 
20711 1.08622 
20712 1.08622 
20713 1.08622 
20714 1.08622 
20715 1.08622 
20716 1.08622 
20717 1.08622 
20718 1.08622 
20719 1.08622 
20720 1.08622 
20721 1.08622 
20722 1.08622 
20723 1.08622 
20724 1.08621 
20725 1.08621 
20726 1.08621 
20727 1.08621 
20728 1.08621 
20729 1.08621 
20730 1.08621 
20731 1.08621 
20732 1.08621 
20733 1.08621 
20734 1.08621 
20735 1.08621 
20736 1.08621 
20737 1.08621 
20738 1.08621 
20739 1.08621 
20740 1.08621 
20741 1.08621 
20742 1.08621 
20743 1.08621 
20744 1.08621 
20745 1.08621 
20746 1.08621 
20747 1.08621 
20748 1.08621 
20749 1.08621 
20750 1.08621 
20751 1.08621 
20752 1.08621 
20753 1.0862 
20754 1.0862 
20755 1.0862 
20756 1.0862 
20757 1.0862 
20758 1.0862 
20759 1.0862 
20760 1.0862 
20761 1.0862 
20762 1.0862 
20763 1.0862 
20764 1.0862 
20765 1.0862 
20766 1.0862 
20767 1.0862 
20768 1.0862 
20769 1.0862 
20770 1.0862 
20771 1.0862 
20772 1.08619 
20773 1.08619 
20774 1.08619 
20775 1.08619 
20776 1.08619 
20777 1.08619 
20778 1.08618 
20779 1.08618 
20780 1.08618 
20781 1.08617 
20782 1.08617 
20783 1.08617 
20784 1.08616 
20785 1.08616 
20786 1.08615 
20787 1.08615 
20788 1.08615 
20789 1.08614 
20790 1.08614 
20791 1.08614 
20792 1.08613 
20793 1.08613 
20794 1.08613 
20795 1.08613 
20796 1.08613 
20797 1.08613 
20798 1.08612 
20799 1.08612 
20800 1.08612 
20801 1.08611 
20802 1.08611 
20803 1.08611 
20804 1.08611 
20805 1.0861 
20806 1.0861 
20807 1.0861 
20808 1.0861 
20809 1.0861 
20810 1.0861 
20811 1.0861 
20812 1.0861 
20813 1.0861 
20814 1.0861 
20815 1.0861 
20816 1.0861 
20817 1.0861 
20818 1.0861 
20819 1.0861 
20820 1.0861 
20821 1.0861 
20822 1.0861 
20823 1.0861 
20824 1.0861 
20825 1.0861 
20826 1.0861 
20827 1.0861 
20828 1.0861 
20829 1.0861 
20830 1.0861 
20831 1.0861 
20832 1.0861 
20833 1.0861 
20834 1.0861 
20835 1.0861 
20836 1.0861 
20837 1.0861 
20838 1.0861 
20839 1.0861 
20840 1.0861 
20841 1.08609 
20842 1.08609 
20843 1.08609 
20844 1.08609 
20845 1.08609 
20846 1.08609 
20847 1.08609 
20848 1.08609 
20849 1.08609 
20850 1.08609 
20851 1.08609 
20852 1.08609 
20853 1.08609 
20854 1.08609 
20855 1.08609 
20856 1.08609 
20857 1.08609 
20858 1.08609 
20859 1.08609 
20860 1.08609 
20861 1.08609 
20862 1.08609 
20863 1.08609 
20864 1.08609 
20865 1.08611 
20866 1.08611 
20867 1.08613 
20868 1.08613 
20869 1.08613 
20870 1.08614 
20871 1.08614 
20872 1.08615 
20873 1.08618 
20874 1.08621 
20875 1.08633 
20876 1.08645 
20877 1.08648 
20878 1.08647 
20879 1.08641 
20880 1.08641 
20881 1.08641 
20882 1.08639 
20883 1.08638 
20884 1.08638 
20885 1.08638 
20886 1.08638 
20887 1.08638 
20888 1.08638 
20889 1.08638 
20890 1.08638 
20891 1.08638 
20892 1.08638 
20893 1.08638 
20894 1.08638 
20895 1.08638 
20896 1.08638 
20897 1.08638 
20898 1.08638 
20899 1.08638 
20900 1.08638 
20901 1.08638 
20902 1.08638 
20903 1.08638 
20904 1.08638 
20905 1.08638 
20906 1.08638 
20907 1.08638 
20908 1.08638 
20909 1.08637 
20910 1.08637 
20911 1.08637 
20912 1.08637 
20913 1.08637 
20914 1.08637 
20915 1.08637 
20916 1.08637 
20917 1.08637 
20918 1.08637 
20919 1.08637 
20920 1.08637 
20921 1.08637 
20922 1.08637 
20923 1.08637 
20924 1.08637 
20925 1.08637 
20926 1.08637 
20927 1.08637 
20928 1.08637 
20929 1.08637 
20930 1.08637 
20931 1.08636 
20932 1.08636 
20933 1.08636 
20934 1.08636 
20935 1.08636 
20936 1.08636 
20937 1.08636 
20938 1.08636 
20939 1.08636 
20940 1.08636 
20941 1.08636 
20942 1.08636 
20943 1.08636 
20944 1.08636 
20945 1.08636 
20946 1.08636 
20947 1.08636 
20948 1.08635 
20949 1.08635 
20950 1.08635 
20951 1.08635 
20952 1.08635 
20953 1.08635 
20954 1.08635 
20955 1.08635 
20956 1.08635 
20957 1.08635 
20958 1.08635 
20959 1.08634 
20960 1.08634 
20961 1.08634 
20962 1.08634 
20963 1.08634 
20964 1.08633 
20965 1.08633 
20966 1.08632 
20967 1.08632 
20968 1.08631 
20969 1.08631 
20970 1.08631 
20971 1.08631 
20972 1.0863 
20973 1.08629 
20974 1.08629 
20975 1.08629 
20976 1.08628 
20977 1.08628 
20978 1.08628 
20979 1.08628 
20980 1.08628 
20981 1.08627 
20982 1.08627 
20983 1.08627 
20984 1.08626 
20985 1.08626 
20986 1.08626 
20987 1.08626 
20988 1.08618 
20989 1.08618 
20990 1.08618 
20991 1.08618 
20992 1.08618 
20993 1.08618 
20994 1.08618 
20995 1.08618 
20996 1.08618 
20997 1.08618 
20998 1.08618 
20999 1.08618 
21000 1.08618 
21001 1.08618 
21002 1.08618 
21003 1.08618 
21004 1.08618 
21005 1.08618 
21006 1.08618 
21007 1.08617 
21008 1.08617 
21009 1.08617 
21010 1.08617 
21011 1.08617 
21012 1.08617 
21013 1.08617 
21014 1.08617 
21015 1.08617 
21016 1.08617 
21017 1.08617 
21018 1.08617 
21019 1.08617 
21020 1.08617 
21021 1.08617 
21022 1.08617 
21023 1.08617 
21024 1.08617 
21025 1.08617 
21026 1.08617 
21027 1.08616 
21028 1.08616 
21029 1.08616 
21030 1.08616 
21031 1.08616 
21032 1.08616 
21033 1.08616 
21034 1.08616 
21035 1.08616 
21036 1.08616 
21037 1.08616 
21038 1.08615 
21039 1.08615 
21040 1.08615 
21041 1.08614 
21042 1.08614 
21043 1.08614 
21044 1.08614 
21045 1.08614 
21046 1.08614 
21047 1.08614 
21048 1.08614 
21049 1.08614 
21050 1.08614 
21051 1.08614 
21052 1.08615 
21053 1.08615 
21054 1.08616 
21055 1.08617 
21056 1.08618 
21057 1.08618 
21058 1.08619 
21059 1.0862 
21060 1.0862 
21061 1.08616 
21062 1.08609 
21063 1.08609 
21064 1.08609 
21065 1.08608 
21066 1.08608 
21067 1.08608 
21068 1.08608 
21069 1.08608 
21070 1.08607 
21071 1.08607 
21072 1.08607 
21073 1.08607 
21074 1.08607 
21075 1.08607 
21076 1.08607 
21077 1.08607 
21078 1.08607 
21079 1.08607 
21080 1.08607 
21081 1.08607 
21082 1.08607 
21083 1.08607 
21084 1.08607 
21085 1.08607 
21086 1.08607 
21087 1.08607 
21088 1.08607 
21089 1.08607 
21090 1.08607 
21091 1.08607 
21092 1.08607 
21093 1.08607 
21094 1.08607 
21095 1.08607 
21096 1.08607 
21097 1.08607 
21098 1.08607 
21099 1.08607 
21100 1.08607 
21101 1.08607 
21102 1.08607 
21103 1.08607 
21104 1.08607 
21105 1.08607 
21106 1.08607 
21107 1.08606 
21108 1.08606 
21109 1.08606 
21110 1.08606 
21111 1.08606 
21112 1.08606 
21113 1.08606 
21114 1.08606 
21115 1.08606 
21116 1.08606 
21117 1.08606 
21118 1.08606 
21119 1.08606 
21120 1.08606 
21121 1.08606 
21122 1.08606 
21123 1.08606 
21124 1.08606 
21125 1.08606 
21126 1.08606 
21127 1.08605 
21128 1.08605 
21129 1.08605 
21130 1.08605 
21131 1.08605 
21132 1.08605 
21133 1.08605 
21134 1.08605 
21135 1.08605 
21136 1.08605 
21137 1.08605 
21138 1.08604 
21139 1.08604 
21140 1.08604 
21141 1.08604 
21142 1.08604 
21143 1.08604 
21144 1.08604 
21145 1.08604 
21146 1.08603 
21147 1.08603 
21148 1.08603 
21149 1.08602 
21150 1.08602 
21151 1.08602 
21152 1.08602 
21153 1.08601 
21154 1.08601 
21155 1.08601 
21156 1.08601 
21157 1.086 
21158 1.086 
21159 1.086 
21160 1.08599 
21161 1.08599 
21162 1.08598 
21163 1.08598 
21164 1.08598 
21165 1.08597 
21166 1.08597 
21167 1.08597 
21168 1.08596 
21169 1.08596 
21170 1.08596 
21171 1.08595 
21172 1.08595 
21173 1.08594 
21174 1.08594 
21175 1.08587 
21176 1.08587 
21177 1.08587 
21178 1.08587 
21179 1.08587 
21180 1.08587 
21181 1.08587 
21182 1.08587 
21183 1.08587 
21184 1.08587 
21185 1.08587 
21186 1.08586 
21187 1.08586 
21188 1.08586 
21189 1.08586 
21190 1.08586 
21191 1.08586 
21192 1.08586 
21193 1.08586 
21194 1.08586 
21195 1.08586 
21196 1.08586 
21197 1.08586 
21198 1.08586 
21199 1.08586 
21200 1.08586 
21201 1.08586 
21202 1.08586 
21203 1.08586 
21204 1.08586 
21205 1.08586 
21206 1.08586 
21207 1.08586 
21208 1.08585 
21209 1.08585 
21210 1.08585 
21211 1.08585 
21212 1.08585 
21213 1.08585 
21214 1.08585 
21215 1.08585 
21216 1.08585 
21217 1.08585 
21218 1.08585 
21219 1.08585 
21220 1.08585 
21221 1.08585 
21222 1.08585 
21223 1.08585 
21224 1.08585 
21225 1.08585 
21226 1.08583 
21227 1.08582 
21228 1.0858 
21229 1.08578 
21230 1.08577 
21231 1.08577 
21232 1.08577 
21233 1.08576 
21234 1.08576 
21235 1.08575 
21236 1.08575 
21237 1.08574 
21238 1.08575 
21239 1.08576 
21240 1.08577 
21241 1.08578 
21242 1.08579 
21243 1.08581 
21244 1.08584 
21245 1.08577 
21246 1.08577 
21247 1.08577 
21248 1.08577 
21249 1.08577 
21250 1.08577 
21251 1.08577 
21252 1.08577 
21253 1.08577 
21254 1.08576 
21255 1.08576 
21256 1.08576 
21257 1.08576 
21258 1.08576 
21259 1.08576 
21260 1.08576 
21261 1.08576 
21262 1.08576 
21263 1.08576 
21264 1.08576 
21265 1.08576 
21266 1.08576 
21267 1.08576 
21268 1.08576 
21269 1.08576 
21270 1.08576 
21271 1.08576 
21272 1.08576 
21273 1.08576 
21274 1.08576 
21275 1.08576 
21276 1.08576 
21277 1.08576 
21278 1.08576 
21279 1.08576 
21280 1.08576 
21281 1.08576 
21282 1.08576 
21283 1.08576 
21284 1.08576 
21285 1.08575 
21286 1.08575 
21287 1.08575 
21288 1.08575 
21289 1.08575 
21290 1.08575 
21291 1.08575 
21292 1.08575 
21293 1.08575 
21294 1.08575 
21295 1.08575 
21296 1.08575 
21297 1.08575 
21298 1.08575 
21299 1.08575 
21300 1.08575 
21301 1.08575 
21302 1.08575 
21303 1.08575 
21304 1.08575 
21305 1.08575 
21306 1.08575 
21307 1.08575 
21308 1.08575 
21309 1.08574 
21310 1.08574 
21311 1.08574 
21312 1.08574 
21313 1.08574 
21314 1.08574 
21315 1.08574 
21316 1.08574 
21317 1.08574 
21318 1.08574 
21319 1.08574 
21320 1.08574 
21321 1.08574 
21322 1.08574 
21323 1.08574 
21324 1.08574 
21325 1.08574 
21326 1.08573 
21327 1.08573 
21328 1.08573 
21329 1.08573 
21330 1.08573 
21331 1.08572 
21332 1.08572 
21333 1.08572 
21334 1.08572 
21335 1.08572 
21336 1.08571 
21337 1.08571 
21338 1.08571 
21339 1.0857 
21340 1.0857 
21341 1.0857 
21342 1.08569 
21343 1.08569 
21344 1.08569 
21345 1.08569 
21346 1.08568 
21347 1.08568 
21348 1.08568 
21349 1.08568 
21350 1.08567 
21351 1.08567 
21352 1.08567 
21353 1.08567 
21354 1.08567 
21355 1.08566 
21356 1.08566 
21357 1.08565 
21358 1.08565 
21359 1.08561 
21360 1.08561 
21361 1.08561 
21362 1.08561 
21363 1.08561 
21364 1.08561 
21365 1.08561 
21366 1.08561 
21367 1.08561 
21368 1.08561 
21369 1.08561 
21370 1.08561 
21371 1.08561 
21372 1.08561 
21373 1.08561 
21374 1.08561 
21375 1.0856 
21376 1.0856 
21377 1.0856 
21378 1.0856 
21379 1.0856 
21380 1.0856 
21381 1.0856 
21382 1.0856 
21383 1.0856 
21384 1.0856 
21385 1.0856 
21386 1.0856 
21387 1.0856 
21388 1.0856 
21389 1.0856 
21390 1.0856 
21391 1.0856 
21392 1.0856 
21393 1.0856 
21394 1.0856 
21395 1.0856 
21396 1.0856 
21397 1.0856 
21398 1.0856 
21399 1.0856 
21400 1.0856 
21401 1.0856 
21402 1.0856 
21403 1.0856 
21404 1.0856 
21405 1.0856 
21406 1.0856 
21407 1.0856 
21408 1.08559 
21409 1.08558 
21410 1.08555 
21411 1.08555 
21412 1.08554 
21413 1.08554 
21414 1.08553 
21415 1.08553 
21416 1.08553 
21417 1.08553 
21418 1.08554 
21419 1.08555 
21420 1.08557 
21421 1.08559 
21422 1.08579 
21423 1.08579 
21424 1.0857 
21425 1.08567 
21426 1.08565 
21427 1.08562 
21428 1.08559 
21429 1.08554 
21430 1.08548 
21431 1.08545 
21432 1.08541 
21433 1.08541 
21434 1.08536 
21435 1.08536 
21436 1.08536 
21437 1.08536 
21438 1.08536 
21439 1.08536 
21440 1.08536 
21441 1.08536 
21442 1.08535 
21443 1.08535 
21444 1.08535 
21445 1.08535 
21446 1.08535 
21447 1.08535 
21448 1.08535 
21449 1.08535 
21450 1.08535 
21451 1.08535 
21452 1.08535 
21453 1.08535 
21454 1.08535 
21455 1.08535 
21456 1.08535 
21457 1.08535 
21458 1.08535 
21459 1.08535 
21460 1.08535 
21461 1.08535 
21462 1.08535 
21463 1.08535 
21464 1.08535 
21465 1.08535 
21466 1.08535 
21467 1.08535 
21468 1.08535 
21469 1.08535 
21470 1.08535 
21471 1.08535 
21472 1.08535 
21473 1.08535 
21474 1.08535 
21475 1.08535 
21476 1.08535 
21477 1.08535 
21478 1.08535 
21479 1.08534 
21480 1.08534 
21481 1.08534 
21482 1.08534 
21483 1.08534 
21484 1.08534 
21485 1.08534 
21486 1.08534 
21487 1.08534 
21488 1.08534 
21489 1.08534 
21490 1.08534 
21491 1.08534 
21492 1.08534 
21493 1.08534 
21494 1.08534 
21495 1.08534 
21496 1.08534 
21497 1.08534 
21498 1.08534 
21499 1.08533 
21500 1.08533 
21501 1.08533 
21502 1.08533 
21503 1.08533 
21504 1.08533 
21505 1.08533 
21506 1.08533 
21507 1.08533 
21508 1.08533 
21509 1.08516 
21510 1.08515 
21511 1.08515 
21512 1.08515 
21513 1.08514 
21514 1.08514 
21515 1.08513 
21516 1.08513 
21517 1.08512 
21518 1.08511 
21519 1.08511 
21520 1.08511 
21521 1.08512 
21522 1.08512 
21523 1.08513 
21524 1.08513 
21525 1.08514 
21526 1.08514 
21527 1.08507 
21528 1.08502 
21529 1.08502 
21530 1.08502 
21531 1.08502 
21532 1.08502 
21533 1.08502 
21534 1.08502 
21535 1.08502 
21536 1.08501 
21537 1.08501 
21538 1.08501 
21539 1.08501 
21540 1.08501 
21541 1.08501 
21542 1.08501 
21543 1.08501 
21544 1.08501 
21545 1.08501 
21546 1.08501 
21547 1.08501 
21548 1.08501 
21549 1.08501 
21550 1.08501 
21551 1.08501 
21552 1.08501 
21553 1.08501 
21554 1.08501 
21555 1.08501 
21556 1.08501 
21557 1.08501 
21558 1.08501 
21559 1.08501 
21560 1.08501 
21561 1.08501 
21562 1.08501 
21563 1.08501 
21564 1.08501 
21565 1.08501 
21566 1.08501 
21567 1.08501 
21568 1.08501 
21569 1.08501 
21570 1.08501 
21571 1.08501 
21572 1.08501 
21573 1.08501 
21574 1.08501 
21575 1.08501 
21576 1.08501 
21577 1.08501 
21578 1.08501 
21579 1.08501 
21580 1.085 
21581 1.085 
21582 1.085 
21583 1.085 
21584 1.085 
21585 1.085 
21586 1.085 
21587 1.085 
21588 1.085 
21589 1.085 
21590 1.085 
21591 1.085 
21592 1.085 
21593 1.085 
21594 1.085 
21595 1.085 
21596 1.085 
21597 1.085 
21598 1.085 
21599 1.085 
21600 1.085 
21601 1.085 
21602 1.085 
21603 1.085 
21604 1.085 
21605 1.085 
21606 1.085 
21607 1.085 
21608 1.085 
21609 1.085 
21610 1.08499 
21611 1.08499 
21612 1.08499 
21613 1.08499 
21614 1.08499 
21615 1.08499 
21616 1.08499 
21617 1.08499 
21618 1.08499 
21619 1.08499 
21620 1.08499 
21621 1.08499 
21622 1.08499 
21623 1.08499 
21624 1.08498 
21625 1.08498 
21626 1.08498 
21627 1.08498 
21628 1.08498 
21629 1.08498 
21630 1.08498 
21631 1.08497 
21632 1.08497 
21633 1.08497 
21634 1.08497 
21635 1.08497 
21636 1.08497 
21637 1.08496 
21638 1.08496 
21639 1.08496 
21640 1.08496 
21641 1.08495 
21642 1.08495 
21643 1.08494 
21644 1.08494 
21645 1.08494 
21646 1.08493 
21647 1.08493 
21648 1.08492 
21649 1.08492 
21650 1.08491 
21651 1.08491 
21652 1.08491 
21653 1.08491 
21654 1.08487 
21655 1.08487 
21656 1.08487 
21657 1.08487 
21658 1.08487 
21659 1.08487 
21660 1.08487 
21661 1.08487 
21662 1.08487 
21663 1.08487 
21664 1.08486 
21665 1.08486 
21666 1.08486 
21667 1.08486 
21668 1.08486 
21669 1.08486 
21670 1.08486 
21671 1.08486 
21672 1.08486 
21673 1.08486 
21674 1.08486 
21675 1.08486 
21676 1.08486 
21677 1.08486 
21678 1.08486 
21679 1.08486 
21680 1.08486 
21681 1.08486 
21682 1.08486 
21683 1.08486 
21684 1.08486 
21685 1.08486 
21686 1.08486 
21687 1.08486 
21688 1.08486 
21689 1.08486 
21690 1.08486 
21691 1.08486 
21692 1.08486 
21693 1.08486 
21694 1.08486 
21695 1.08486 
21696 1.08486 
21697 1.08485 
21698 1.08485 
21699 1.08485 
21700 1.08485 
21701 1.08485 
21702 1.08484 
21703 1.08484 
21704 1.08484 
21705 1.08483 
21706 1.08483 
21707 1.08483 
21708 1.08483 
21709 1.08483 
21710 1.08482 
21711 1.08482 
21712 1.08482 
21713 1.08482 
21714 1.08482 
21715 1.08482 
21716 1.08482 
21717 1.08481 
21718 1.08481 
21719 1.08481 
21720 1.08481 
21721 1.0848 
21722 1.0848 
21723 1.0848 
21724 1.0848 
21725 1.08468 
21726 1.08469 
21727 1.0847 
21728 1.08471 
21729 1.08469 
21730 1.08461 
21731 1.08461 
21732 1.08461 
21733 1.08461 
21734 1.08461 
21735 1.08461 
21736 1.08461 
21737 1.08461 
21738 1.08461 
21739 1.08461 
21740 1.08461 
21741 1.0846 
21742 1.0846 
21743 1.0846 
21744 1.0846 
21745 1.0846 
21746 1.0846 
21747 1.0846 
21748 1.0846 
21749 1.0846 
21750 1.0846 
21751 1.0846 
21752 1.0846 
21753 1.0846 
21754 1.0846 
21755 1.0846 
21756 1.0846 
21757 1.0846 
21758 1.0846 
21759 1.0846 
21760 1.0846 
21761 1.0846 
21762 1.0846 
21763 1.0846 
21764 1.0846 
21765 1.0846 
21766 1.0846 
21767 1.0846 
21768 1.0846 
21769 1.0846 
21770 1.0846 
21771 1.0846 
21772 1.0846 
21773 1.0846 
21774 1.0846 
21775 1.0846 
21776 1.0846 
21777 1.0846 
21778 1.0846 
21779 1.0846 
21780 1.0846 
21781 1.08459 
21782 1.08459 
21783 1.08459 
21784 1.08459 
21785 1.08459 
21786 1.08459 
21787 1.08459 
21788 1.08459 
21789 1.08459 
21790 1.08459 
21791 1.08459 
21792 1.08459 
21793 1.08459 
21794 1.08459 
21795 1.08459 
21796 1.08459 
21797 1.08459 
21798 1.08459 
21799 1.08459 
21800 1.08459 
21801 1.08459 
21802 1.08458 
21803 1.08458 
21804 1.08458 
21805 1.08458 
21806 1.08458 
21807 1.08458 
21808 1.08458 
21809 1.08458 
21810 1.08458 
21811 1.08458 
21812 1.08458 
21813 1.08458 
21814 1.08458 
21815 1.08458 
21816 1.08457 
21817 1.08457 
21818 1.08457 
21819 1.08457 
21820 1.08457 
21821 1.08457 
21822 1.08457 
21823 1.08456 
21824 1.08456 
21825 1.08456 
21826 1.08456 
21827 1.08455 
21828 1.08455 
21829 1.08455 
21830 1.08455 
21831 1.08455 
21832 1.08454 
21833 1.08454 
21834 1.08454 
21835 1.08453 
21836 1.08453 
21837 1.08452 
21838 1.08451 
21839 1.08451 
21840 1.08451 
21841 1.0845 
21842 1.0845 
21843 1.0845 
21844 1.08449 
21845 1.08449 
21846 1.08449 
21847 1.08449 
21848 1.08448 
21849 1.08447 
21850 1.08447 
21851 1.08447 
21852 1.0844 
21853 1.0844 
21854 1.0844 
21855 1.0844 
21856 1.0844 
21857 1.0844 
21858 1.0844 
21859 1.0844 
21860 1.0844 
21861 1.0844 
21862 1.0844 
21863 1.0844 
21864 1.0844 
21865 1.0844 
21866 1.0844 
21867 1.0844 
21868 1.08439 
21869 1.08439 
21870 1.08439 
21871 1.08439 
21872 1.08439 
21873 1.08439 
21874 1.08439 
21875 1.08439 
21876 1.08439 
21877 1.08439 
21878 1.08439 
21879 1.08439 
21880 1.08439 
21881 1.08439 
21882 1.08439 
21883 1.08439 
21884 1.08439 
21885 1.08439 
21886 1.08439 
21887 1.08439 
21888 1.08439 
21889 1.08439 
21890 1.08439 
21891 1.08439 
21892 1.08439 
21893 1.08439 
21894 1.08439 
21895 1.08439 
21896 1.08439 
21897 1.08439 
21898 1.08439 
21899 1.08439 
21900 1.08439 
21901 1.08439 
21902 1.08439 
21903 1.08438 
21904 1.08438 
21905 1.08438 
21906 1.08437 
21907 1.08436 
21908 1.08435 
21909 1.08434 
21910 1.08434 
21911 1.08433 
21912 1.08433 
21913 1.08432 
21914 1.08432 
21915 1.08432 
21916 1.08431 
21917 1.08431 
21918 1.0843 
21919 1.0843 
21920 1.0843 
21921 1.0843 
21922 1.0843 
21923 1.0843 
21924 1.0843 
21925 1.08431 
21926 1.08431 
21927 1.08432 
21928 1.08437 
21929 1.0843 
21930 1.08429 
21931 1.08429 
21932 1.08429 
21933 1.08429 
21934 1.08429 
21935 1.08429 
21936 1.08429 
21937 1.08429 
21938 1.08429 
21939 1.08429 
21940 1.08429 
21941 1.08429 
21942 1.08429 
21943 1.08429 
21944 1.08429 
21945 1.08429 
21946 1.08428 
21947 1.08428 
21948 1.08428 
21949 1.08428 
21950 1.08428 
21951 1.08428 
21952 1.08428 
21953 1.08428 
21954 1.08428 
21955 1.08428 
21956 1.08428 
21957 1.08428 
21958 1.08428 
21959 1.08428 
21960 1.08428 
21961 1.08428 
21962 1.08428 
21963 1.08428 
21964 1.08428 
21965 1.08428 
21966 1.08428 
21967 1.08427 
21968 1.08427 
21969 1.08427 
21970 1.08427 
21971 1.08427 
21972 1.08427 
21973 1.08427 
21974 1.08427 
21975 1.08427 
21976 1.08426 
21977 1.08426 
21978 1.08426 
21979 1.08426 
21980 1.08426 
21981 1.08426 
21982 1.08426 
21983 1.08426 
21984 1.08426 
21985 1.08426 
21986 1.08425 
21987 1.08425 
21988 1.08425 
21989 1.08425 
21990 1.08425 
21991 1.08425 
21992 1.08424 
21993 1.08424 
21994 1.08424 
21995 1.08424 
21996 1.08423 
21997 1.08422 
21998 1.08422 
21999 1.08422 
22000 1.08421 
22001 1.08421 
22002 1.0842 
22003 1.0842 
22004 1.08419 
22005 1.08419 
22006 1.08418 
22007 1.08418 
22008 1.08418 
22009 1.08418 
22010 1.08417 
22011 1.08417 
22012 1.08417 
22013 1.08416 
22014 1.08416 
22015 1.08415 
22016 1.08414 
22017 1.08414 
22018 1.08414 
22019 1.0841 
22020 1.0841 
22021 1.0841 
22022 1.0841 
22023 1.0841 
22024 1.0841 
22025 1.0841 
22026 1.0841 
22027 1.0841 
22028 1.08409 
22029 1.08409 
22030 1.08409 
22031 1.08409 
22032 1.08409 
22033 1.08409 
22034 1.08409 
22035 1.08409 
22036 1.08409 
22037 1.08409 
22038 1.08409 
22039 1.08409 
22040 1.08409 
22041 1.08409 
22042 1.08409 
22043 1.08409 
22044 1.08409 
22045 1.08409 
22046 1.08409 
22047 1.08409 
22048 1.08409 
22049 1.08409 
22050 1.08409 
22051 1.08409 
22052 1.08409 
22053 1.08409 
22054 1.08408 
22055 1.08408 
22056 1.08408 
22057 1.08408 
22058 1.08408 
22059 1.08408 
22060 1.08408 
22061 1.08408 
22062 1.08408 
22063 1.08408 
22064 1.08408 
22065 1.08408 
22066 1.08408 
22067 1.08408 
22068 1.08408 
22069 1.08408 
22070 1.08408 
22071 1.08408 
22072 1.08408 
22073 1.08407 
22074 1.08407 
22075 1.08407 
22076 1.08407 
22077 1.08407 
22078 1.08407 
22079 1.08407 
22080 1.08407 
22081 1.08406 
22082 1.08406 
22083 1.08406 
22084 1.08406 
22085 1.08406 
22086 1.08406 
22087 1.08406 
22088 1.08406 
22089 1.08406 
22090 1.08405 
22091 1.08405 
22092 1.08405 
22093 1.08405 
22094 1.08405 
22095 1.08404 
22096 1.08404 
22097 1.08404 
22098 1.08403 
22099 1.08403 
22100 1.08402 
22101 1.08402 
22102 1.08401 
22103 1.08401 
22104 1.08401 
22105 1.084 
22106 1.084 
22107 1.08399 
22108 1.08397 
22109 1.08393 
22110 1.08392 
22111 1.08391 
22112 1.0839 
22113 1.08389 
22114 1.08388 
22115 1.08388 
22116 1.08388 
22117 1.08388 
22118 1.08389 
22119 1.08389 
22120 1.08391 
22121 1.08419 
22122 1.08406 
22123 1.08401 
22124 1.08397 
22125 1.08394 
22126 1.08391 
22127 1.08387 
22128 1.08379 
22129 1.08377 
22130 1.0837 
22131 1.0837 
22132 1.08364 
22133 1.08359 
22134 1.08359 
22135 1.08359 
22136 1.08359 
22137 1.08359 
22138 1.08359 
22139 1.08359 
22140 1.08359 
22141 1.08359 
22142 1.08358 
22143 1.08358 
22144 1.08358 
22145 1.08358 
22146 1.08358 
22147 1.08358 
22148 1.08358 
22149 1.08358 
22150 1.08358 
22151 1.08358 
22152 1.08358 
22153 1.08358 
22154 1.08357 
22155 1.08357 
22156 1.08357 
22157 1.08357 
22158 1.08357 
22159 1.08357 
22160 1.08357 
22161 1.08357 
22162 1.08357 
22163 1.08357 
22164 1.08357 
22165 1.08357 
22166 1.08357 
22167 1.08357 
22168 1.08356 
22169 1.08356 
22170 1.08356 
22171 1.08356 
22172 1.08356 
22173 1.08356 
22174 1.08356 
22175 1.08356 
22176 1.08356 
22177 1.08356 
22178 1.08356 
22179 1.08356 
22180 1.08356 
22181 1.08356 
22182 1.08355 
22183 1.08355 
22184 1.08355 
22185 1.08355 
22186 1.08355 
22187 1.08355 
22188 1.08355 
22189 1.08354 
22190 1.08354 
22191 1.08354 
22192 1.08354 
22193 1.08354 
22194 1.08354 
22195 1.08354 
22196 1.08353 
22197 1.08353 
22198 1.08353 
22199 1.08352 
22200 1.08352 
22201 1.08351 
22202 1.08351 
22203 1.08348 
22204 1.08348 
22205 1.08344 
22206 1.08343 
22207 1.08343 
22208 1.08342 
22209 1.08341 
22210 1.0834 
22211 1.08338 
22212 1.08336 
22213 1.08336 
22214 1.08336 
22215 1.08336 
22216 1.08336 
22217 1.08336 
22218 1.08336 
22219 1.08337 
22220 1.08338 
22221 1.0834 
22222 1.08342 
22223 1.08345 
22224 1.08352 
22225 1.08363 
22226 1.08383 
22227 1.0847 
22228 1.08459 
22229 1.08459 
22230 1.08459 
22231 1.08459 
22232 1.08459 
22233 1.08459 
22234 1.08459 
22235 1.08459 
22236 1.08459 
22237 1.08459 
22238 1.08459 
22239 1.08459 
22240 1.08459 
22241 1.08459 
22242 1.08459 
22243 1.08458 
22244 1.08458 
22245 1.08458 
22246 1.08458 
22247 1.08458 
22248 1.08458 
22249 1.08458 
22250 1.08458 
22251 1.08458 
22252 1.08458 
22253 1.08458 
22254 1.08458 
22255 1.08458 
22256 1.08458 
22257 1.08458 
22258 1.08458 
22259 1.08458 
22260 1.08457 
22261 1.08457 
22262 1.08457 
22263 1.08457 
22264 1.08457 
22265 1.08457 
22266 1.08457 
22267 1.08457 
22268 1.08457 
22269 1.08457 
22270 1.08457 
22271 1.08457 
22272 1.08457 
22273 1.08457 
22274 1.08457 
22275 1.08457 
22276 1.08457 
22277 1.08457 
22278 1.08456 
22279 1.08456 
22280 1.08456 
22281 1.08456 
22282 1.08456 
22283 1.08456 
22284 1.08456 
22285 1.08456 
22286 1.08456 
22287 1.08455 
22288 1.08455 
22289 1.08455 
22290 1.08455 
22291 1.08455 
22292 1.08454 
22293 1.08454 
22294 1.08454 
22295 1.08454 
22296 1.08454 
22297 1.08453 
22298 1.08453 
22299 1.08453 
22300 1.08453 
22301 1.08452 
22302 1.08452 
22303 1.08452 
22304 1.08452 
22305 1.08452 
22306 1.08451 
22307 1.0845 
22308 1.0845 
22309 1.0845 
22310 1.08449 
22311 1.08449 
22312 1.08449 
22313 1.08449 
22314 1.08448 
22315 1.08448 
22316 1.08448 
22317 1.08448 
22318 1.08447 
22319 1.08447 
22320 1.08447 
22321 1.08447 
22322 1.08447 
22323 1.08446 
22324 1.08446 
22325 1.08446 
22326 1.08446 
22327 1.08445 
22328 1.08445 
22329 1.08444 
22330 1.08444 
22331 1.08443 
22332 1.08442 
22333 1.08441 
22334 1.08441 
22335 1.08441 
22336 1.08441 
22337 1.08441 
22338 1.08441 
22339 1.08441 
22340 1.08441 
22341 1.08441 
22342 1.08441 
22343 1.08441 
22344 1.08441 
22345 1.08441 
22346 1.08441 
22347 1.08441 
22348 1.08441 
22349 1.08441 
22350 1.08441 
22351 1.08441 
22352 1.08441 
22353 1.08441 
22354 1.08441 
22355 1.08441 
22356 1.08441 
22357 1.08441 
22358 1.08441 
22359 1.08441 
22360 1.08441 
22361 1.08441 
22362 1.08441 
22363 1.08441 
22364 1.08441 
22365 1.08441 
22366 1.08441 
22367 1.08441 
22368 1.08441 
22369 1.08441 
22370 1.08441 
22371 1.08441 
22372 1.08441 
22373 1.08441 
22374 1.08441 
22375 1.08441 
22376 1.08441 
22377 1.08441 
22378 1.08441 
22379 1.08441 
22380 1.08441 
22381 1.08441 
22382 1.08441 
22383 1.08441 
22384 1.08441 
22385 1.08442 
22386 1.08442 
22387 1.08442 
22388 1.08442 
22389 1.08442 
22390 1.08442 
22391 1.08442 
22392 1.08442 
22393 1.08442 
22394 1.08442 
22395 1.08442 
22396 1.08442 
22397 1.08442 
22398 1.08442 
22399 1.08442 
22400 1.08442 
22401 1.08442 
22402 1.08442 
22403 1.08442 
22404 1.08442 
22405 1.08442 
22406 1.08442 
22407 1.08442 
22408 1.08442 
22409 1.08442 
22410 1.08442 
22411 1.08442 
22412 1.08443 
22413 1.08443 
22414 1.08443 
22415 1.08443 
22416 1.08443 
22417 1.08443 
22418 1.08443 
22419 1.08443 
22420 1.08443 
22421 1.08444 
22422 1.08444 
22423 1.08444 
22424 1.08444 
22425 1.08444 
22426 1.08444 
22427 1.08444 
22428 1.08445 
22429 1.08446 
22430 1.08448 
22431 1.08454 
22432 1.08456 
22433 1.08458 
22434 1.08461 
22435 1.08462 
22436 1.08463 
22437 1.08465 
22438 1.08466 
22439 1.08468 
22440 1.0847 
22441 1.08473 
22442 1.08477 
22443 1.0848 
22444 1.08483 
22445 1.08487 
22446 1.08492 
22447 1.08499 
22448 1.08521 
22449 1.08777 
22450 1.08769 
22451 1.08766 
22452 1.08764 
22453 1.08762 
22454 1.0876 
22455 1.08759 
22456 1.08758 
22457 1.08757 
22458 1.08756 
22459 1.08754 
22460 1.08753 
22461 1.08752 
22462 1.0875 
22463 1.08749 
22464 1.08747 
22465 1.08747 
22466 1.08746 
22467 1.08745 
22468 1.08745 
22469 1.08745 
22470 1.08743 
22471 1.08742 
22472 1.08742 
22473 1.08742 
22474 1.08742 
22475 1.08742 
22476 1.08742 
22477 1.08742 
22478 1.08742 
22479 1.08742 
22480 1.08742 
22481 1.08742 
22482 1.08742 
22483 1.08742 
22484 1.08742 
22485 1.08742 
22486 1.08742 
22487 1.08742 
22488 1.08742 
22489 1.08742 
22490 1.08742 
22491 1.08742 
22492 1.08742 
22493 1.08742 
22494 1.08742 
22495 1.08742 
22496 1.08742 
22497 1.08742 
22498 1.08742 
22499 1.08742 
22500 1.08742 
22501 1.08742 
22502 1.08742 
22503 1.08742 
22504 1.08742 
22505 1.08742 
22506 1.08742 
22507 1.08742 
22508 1.08742 
22509 1.08742 
22510 1.08742 
22511 1.08742 
22512 1.08742 
22513 1.08742 
22514 1.08742 
22515 1.08742 
22516 1.08742 
22517 1.08742 
22518 1.08743 
22519 1.08743 
22520 1.08743 
22521 1.08743 
22522 1.08743 
22523 1.08743 
22524 1.08743 
22525 1.08743 
22526 1.08743 
22527 1.08743 
22528 1.08743 
22529 1.08743 
22530 1.08743 
22531 1.08743 
22532 1.08743 
22533 1.08743 
22534 1.08743 
22535 1.08743 
22536 1.08743 
22537 1.08743 
22538 1.08743 
22539 1.08743 
22540 1.08743 
22541 1.08743 
22542 1.08743 
22543 1.08743 
22544 1.08743 
22545 1.08743 
22546 1.08743 
22547 1.08744 
22548 1.08744 
22549 1.08744 
22550 1.08744 
22551 1.08744 
22552 1.08744 
22553 1.08744 
22554 1.08744 
22555 1.08744 
22556 1.08744 
22557 1.08744 
22558 1.08744 
22559 1.08744 
22560 1.08744 
22561 1.08745 
22562 1.08745 
22563 1.08745 
22564 1.08745 
22565 1.08745 
22566 1.08745 
22567 1.08746 
22568 1.08746 
22569 1.08751 
22570 1.08765 
22571 1.08767 
22572 1.08768 
22573 1.08769 
22574 1.0877 
22575 1.08772 
22576 1.08773 
22577 1.08775 
22578 1.08778 
22579 1.08779 
22580 1.08781 
22581 1.08783 
22582 1.08784 
22583 1.08785 
22584 1.08787 
22585 1.08789 
22586 1.08791 
22587 1.08794 
22588 1.08796 
22589 1.088 
22590 1.08805 
22591 1.08811 
22592 1.0882 
22593 1.08813 
22594 1.08813 
22595 1.08813 
22596 1.08812 
22597 1.08811 
22598 1.08811 
22599 1.08811 
22600 1.08811 
22601 1.08811 
22602 1.08811 
22603 1.08811 
22604 1.08811 
22605 1.08811 
22606 1.08811 
22607 1.08811 
22608 1.08811 
22609 1.0881 
22610 1.0881 
22611 1.0881 
22612 1.0881 
22613 1.0881 
22614 1.0881 
22615 1.0881 
22616 1.0881 
22617 1.0881 
22618 1.0881 
22619 1.0881 
22620 1.0881 
22621 1.0881 
22622 1.0881 
22623 1.0881 
22624 1.0881 
22625 1.0881 
22626 1.0881 
22627 1.0881 
22628 1.0881 
22629 1.0881 
22630 1.0881 
22631 1.0881 
22632 1.0881 
22633 1.0881 
22634 1.0881 
22635 1.0881 
22636 1.0881 
22637 1.0881 
22638 1.0881 
22639 1.0881 
22640 1.0881 
22641 1.0881 
22642 1.08809 
22643 1.08809 
22644 1.08809 
22645 1.08809 
22646 1.08809 
22647 1.08809 
22648 1.08809 
22649 1.08809 
22650 1.08809 
22651 1.08809 
22652 1.08809 
22653 1.08809 
22654 1.08809 
22655 1.08809 
22656 1.08809 
22657 1.08809 
22658 1.08809 
22659 1.08809 
22660 1.08808 
22661 1.08808 
22662 1.08808 
22663 1.08808 
22664 1.08808 
22665 1.08808 
22666 1.08808 
22667 1.08808 
22668 1.08808 
22669 1.08808 
22670 1.08808 
22671 1.08807 
22672 1.08807 
22673 1.08807 
22674 1.08807 
22675 1.08807 
22676 1.08807 
22677 1.08806 
22678 1.08806 
22679 1.08806 
22680 1.08806 
22681 1.08806 
22682 1.08805 
22683 1.08805 
22684 1.08805 
22685 1.08805 
22686 1.08804 
22687 1.08804 
22688 1.08804 
22689 1.08803 
22690 1.08803 
22691 1.08803 
22692 1.08803 
22693 1.08802 
22694 1.08802 
22695 1.08802 
22696 1.08802 
22697 1.08802 
22698 1.08801 
22699 1.08801 
22700 1.08801 
22701 1.08801 
22702 1.088 
22703 1.088 
22704 1.088 
22705 1.08799 
22706 1.08799 
22707 1.08799 
22708 1.08799 
22709 1.08799 
22710 1.08799 
22711 1.08799 
22712 1.08799 
22713 1.08799 
22714 1.08799 
22715 1.08799 
22716 1.08799 
22717 1.08799 
22718 1.08799 
22719 1.08799 
22720 1.08799 
22721 1.08799 
22722 1.08799 
22723 1.08799 
22724 1.08799 
22725 1.08799 
22726 1.08799 
22727 1.08799 
22728 1.08799 
22729 1.08799 
22730 1.08799 
22731 1.08799 
22732 1.08799 
22733 1.08799 
22734 1.08799 
22735 1.08799 
22736 1.08799 
22737 1.08799 
22738 1.08799 
22739 1.08799 
22740 1.08799 
22741 1.08799 
22742 1.08799 
22743 1.08799 
22744 1.08799 
22745 1.08799 
22746 1.08799 
22747 1.08799 
22748 1.08799 
22749 1.08799 
22750 1.08799 
22751 1.08799 
22752 1.088 
22753 1.088 
22754 1.088 
22755 1.088 
22756 1.08803 
22757 1.08805 
22758 1.08811 
22759 1.08824 
22760 1.08829 
22761 1.08831 
22762 1.08833 
22763 1.08837 
22764 1.08843 
22765 1.08851 
22766 1.08864 
22767 1.08894 
22768 1.08885 
22769 1.08885 
22770 1.08885 
22771 1.08884 
22772 1.08884 
22773 1.08884 
22774 1.08884 
22775 1.08884 
22776 1.08884 
22777 1.08884 
22778 1.08884 
22779 1.08884 
22780 1.08884 
22781 1.08884 
22782 1.08884 
22783 1.08884 
22784 1.08884 
22785 1.08884 
22786 1.08884 
22787 1.08884 
22788 1.08884 
22789 1.08884 
22790 1.08884 
22791 1.08884 
22792 1.08884 
22793 1.08884 
22794 1.08884 
22795 1.08884 
22796 1.08884 
22797 1.08884 
22798 1.08884 
22799 1.08883 
22800 1.08883 
22801 1.08883 
22802 1.08883 
22803 1.08883 
22804 1.08883 
22805 1.08883 
22806 1.08883 
22807 1.08883 
22808 1.08883 
22809 1.08883 
22810 1.08883 
22811 1.08883 
22812 1.08883 
22813 1.08883 
22814 1.08883 
22815 1.08883 
22816 1.08883 
22817 1.08883 
22818 1.08883 
22819 1.08883 
22820 1.08883 
22821 1.08883 
22822 1.08883 
22823 1.08883 
22824 1.08883 
22825 1.08882 
22826 1.08882 
22827 1.08882 
22828 1.08882 
22829 1.08882 
22830 1.08882 
22831 1.08882 
22832 1.08882 
22833 1.08882 
22834 1.08882 
22835 1.08882 
22836 1.08882 
22837 1.08882 
22838 1.08882 
22839 1.08882 
22840 1.08881 
22841 1.08881 
22842 1.08881 
22843 1.08881 
22844 1.08881 
22845 1.08881 
22846 1.08881 
22847 1.08881 
22848 1.0888 
22849 1.0888 
22850 1.0888 
22851 1.0888 
22852 1.0888 
22853 1.08879 
22854 1.08879 
22855 1.08879 
22856 1.08878 
22857 1.08878 
22858 1.08878 
22859 1.08877 
22860 1.08877 
22861 1.08877 
22862 1.08877 
22863 1.08877 
22864 1.08877 
22865 1.08877 
22866 1.08876 
22867 1.08876 
22868 1.08876 
22869 1.08876 
22870 1.08875 
22871 1.08875 
22872 1.08873 
22873 1.0887 
22874 1.0887 
22875 1.0887 
22876 1.0887 
22877 1.0887 
22878 1.0887 
22879 1.0887 
22880 1.0887 
22881 1.0887 
22882 1.0887 
22883 1.0887 
22884 1.0887 
22885 1.0887 
22886 1.0887 
22887 1.0887 
22888 1.0887 
22889 1.0887 
22890 1.0887 
22891 1.0887 
22892 1.0887 
22893 1.0887 
22894 1.0887 
22895 1.0887 
22896 1.0887 
22897 1.0887 
22898 1.0887 
22899 1.0887 
22900 1.0887 
22901 1.0887 
22902 1.0887 
22903 1.0887 
22904 1.0887 
22905 1.0887 
22906 1.0887 
22907 1.0887 
22908 1.0887 
22909 1.0887 
22910 1.0887 
22911 1.0887 
22912 1.0887 
22913 1.0887 
22914 1.0887 
22915 1.0887 
22916 1.0887 
22917 1.0887 
22918 1.0887 
22919 1.0887 
22920 1.0887 
22921 1.0887 
22922 1.0887 
22923 1.0887 
22924 1.0887 
22925 1.0887 
22926 1.08871 
22927 1.08871 
22928 1.08871 
22929 1.08871 
22930 1.08871 
22931 1.08871 
22932 1.08871 
22933 1.08871 
22934 1.08871 
22935 1.08872 
22936 1.08872 
22937 1.08873 
22938 1.08874 
22939 1.08875 
22940 1.08878 
22941 1.08878 
22942 1.08879 
22943 1.08879 
22944 1.0888 
22945 1.0888 
22946 1.08881 
22947 1.08882 
22948 1.08882 
22949 1.08883 
22950 1.08883 
22951 1.08884 
22952 1.08884 
22953 1.08885 
22954 1.08886 
22955 1.08887 
22956 1.08887 
22957 1.08888 
22958 1.08889 
22959 1.0889 
22960 1.08892 
22961 1.08894 
22962 1.08897 
22963 1.08901 
22964 1.08909 
22965 1.08928 
22966 1.08974 
22967 1.08968 
22968 1.08968 
22969 1.08968 
22970 1.08968 
22971 1.08966 
22972 1.08964 
22973 1.08964 
22974 1.08963 
22975 1.08963 
22976 1.08962 
22977 1.08962 
22978 1.08961 
22979 1.0896 
22980 1.08959 
22981 1.08958 
22982 1.08958 
22983 1.08957 
22984 1.08957 
22985 1.08956 
22986 1.08956 
22987 1.08956 
22988 1.08953 
22989 1.08953 
22990 1.08953 
22991 1.08953 
22992 1.08953 
22993 1.08953 
22994 1.08953 
22995 1.08953 
22996 1.08953 
22997 1.08953 
22998 1.08953 
22999 1.08953 
23000 1.08953 
23001 1.08953 
23002 1.08953 
23003 1.08953 
23004 1.08953 
23005 1.08953 
23006 1.08953 
23007 1.08953 
23008 1.08953 
23009 1.08953 
23010 1.08953 
23011 1.08953 
23012 1.08953 
23013 1.08953 
23014 1.08953 
23015 1.08953 
23016 1.08953 
23017 1.08953 
23018 1.08953 
23019 1.08953 
23020 1.08953 
23021 1.08953 
23022 1.08953 
23023 1.08953 
23024 1.08953 
23025 1.08953 
23026 1.08953 
23027 1.08953 
23028 1.08953 
23029 1.08953 
23030 1.08953 
23031 1.08953 
23032 1.08953 
23033 1.08953 
23034 1.08953 
23035 1.08953 
23036 1.08953 
23037 1.08953 
23038 1.08953 
23039 1.08953 
23040 1.08953 
23041 1.08953 
23042 1.08953 
23043 1.08953 
23044 1.08954 
23045 1.08954 
23046 1.08954 
23047 1.08954 
23048 1.08954 
23049 1.08954 
23050 1.08954 
23051 1.08954 
23052 1.08954 
23053 1.08954 
23054 1.08954 
23055 1.08954 
23056 1.08954 
23057 1.08954 
23058 1.08954 
23059 1.08954 
23060 1.08954 
23061 1.08954 
23062 1.08954 
23063 1.08954 
23064 1.08954 
23065 1.08954 
23066 1.08954 
23067 1.08955 
23068 1.08955 
23069 1.08956 
23070 1.08956 
23071 1.08961 
23072 1.08964 
23073 1.08969 
23074 1.0897 
23075 1.08971 
23076 1.08972 
23077 1.08972 
23078 1.08973 
23079 1.08975 
23080 1.08976 
23081 1.08978 
23082 1.08981 
23083 1.08984 
23084 1.08987 
23085 1.08992 
23086 1.08999 
23087 1.09017 
23088 1.09079 
23089 1.0907 
23090 1.0907 
23091 1.0907 
23092 1.09068 
23093 1.09068 
23094 1.09068 
23095 1.09068 
23096 1.09068 
23097 1.09068 
23098 1.09068 
23099 1.09068 
23100 1.09068 
23101 1.09068 
23102 1.09068 
23103 1.09068 
23104 1.09068 
23105 1.09068 
23106 1.09068 
23107 1.09068 
23108 1.09068 
23109 1.09068 
23110 1.09068 
23111 1.09068 
23112 1.09068 
23113 1.09068 
23114 1.09068 
23115 1.09068 
23116 1.09068 
23117 1.09068 
23118 1.09068 
23119 1.09067 
23120 1.09067 
23121 1.09067 
23122 1.09067 
23123 1.09067 
23124 1.09067 
23125 1.09067 
23126 1.09067 
23127 1.09067 
23128 1.09067 
23129 1.09067 
23130 1.09067 
23131 1.09067 
23132 1.09067 
23133 1.09067 
23134 1.09067 
23135 1.09067 
23136 1.09067 
23137 1.09067 
23138 1.09067 
23139 1.09067 
23140 1.09067 
23141 1.09067 
23142 1.09067 
23143 1.09067 
23144 1.09067 
23145 1.09067 
23146 1.09067 
23147 1.09067 
23148 1.09067 
23149 1.09067 
23150 1.09067 
23151 1.09067 
23152 1.09066 
23153 1.09066 
23154 1.09066 
23155 1.09066 
23156 1.09066 
23157 1.09066 
23158 1.09066 
23159 1.09066 
23160 1.09066 
23161 1.09066 
23162 1.09066 
23163 1.09066 
23164 1.09066 
23165 1.09066 
23166 1.09066 
23167 1.09066 
23168 1.09065 
23169 1.09065 
23170 1.09065 
23171 1.09065 
23172 1.09065 
23173 1.09065 
23174 1.09065 
23175 1.09065 
23176 1.09065 
23177 1.09065 
23178 1.09065 
23179 1.09065 
23180 1.09065 
23181 1.09064 
23182 1.09064 
23183 1.09064 
23184 1.09064 
23185 1.09063 
23186 1.09063 
23187 1.09063 
23188 1.09062 
23189 1.09062 
23190 1.09062 
23191 1.09062 
23192 1.09061 
23193 1.09061 
23194 1.09061 
23195 1.09061 
23196 1.0906 
23197 1.0906 
23198 1.0906 
23199 1.0906 
23200 1.0906 
23201 1.0906 
23202 1.0906 
23203 1.0906 
23204 1.0906 
23205 1.09059 
23206 1.09059 
23207 1.09059 
23208 1.09059 
23209 1.09059 
23210 1.09059 
23211 1.09059 
23212 1.09056 
23213 1.09056 
23214 1.09056 
23215 1.09056 
23216 1.09056 
23217 1.09056 
23218 1.09056 
23219 1.09056 
23220 1.09056 
23221 1.09056 
23222 1.09056 
23223 1.09056 
23224 1.09056 
23225 1.09056 
23226 1.09056 
23227 1.09056 
23228 1.09056 
23229 1.09056 
23230 1.09056 
23231 1.09056 
23232 1.09056 
23233 1.09056 
23234 1.09056 
23235 1.09056 
23236 1.09056 
23237 1.09056 
23238 1.09056 
23239 1.09056 
23240 1.09056 
23241 1.09056 
23242 1.09056 
23243 1.09056 
23244 1.09056 
23245 1.09056 
23246 1.09056 
23247 1.09056 
23248 1.09056 
23249 1.09056 
23250 1.09056 
23251 1.09056 
23252 1.09056 
23253 1.09056 
23254 1.09056 
23255 1.09056 
23256 1.09056 
23257 1.09056 
23258 1.09056 
23259 1.09056 
23260 1.09056 
23261 1.09056 
23262 1.09056 
23263 1.09056 
23264 1.09056 
23265 1.09056 
23266 1.09056 
23267 1.09056 
23268 1.09056 
23269 1.09056 
23270 1.09056 
23271 1.09056 
23272 1.09056 
23273 1.09056 
23274 1.09056 
23275 1.09056 
23276 1.09056 
23277 1.09056 
23278 1.09056 
23279 1.09056 
23280 1.09056 
23281 1.09056 
23282 1.09056 
23283 1.09057 
23284 1.09057 
23285 1.09057 
23286 1.09057 
23287 1.09057 
23288 1.09057 
23289 1.09057 
23290 1.09057 
23291 1.09057 
23292 1.09057 
23293 1.09057 
23294 1.09057 
23295 1.09057 
23296 1.09058 
23297 1.09058 
23298 1.0906 
23299 1.09064 
23300 1.09066 
23301 1.09068 
23302 1.0907 
23303 1.09072 
23304 1.09073 
23305 1.09074 
23306 1.09076 
23307 1.09077 
23308 1.09079 
23309 1.0908 
23310 1.09082 
23311 1.09084 
23312 1.09088 
23313 1.09094 
23314 1.09106 
23315 1.0916 
23316 1.09148 
23317 1.09148 
23318 1.09148 
23319 1.09148 
23320 1.09148 
23321 1.09148 
23322 1.09148 
23323 1.09148 
23324 1.09148 
23325 1.09148 
23326 1.09148 
23327 1.09147 
23328 1.09147 
23329 1.09147 
23330 1.09147 
23331 1.09147 
23332 1.09147 
23333 1.09147 
23334 1.09147 
23335 1.09147 
23336 1.09147 
23337 1.09147 
23338 1.09147 
23339 1.09147 
23340 1.09147 
23341 1.09147 
23342 1.09147 
23343 1.09147 
23344 1.09147 
23345 1.09147 
23346 1.09147 
23347 1.09146 
23348 1.09146 
23349 1.09146 
23350 1.09146 
23351 1.09146 
23352 1.09146 
23353 1.09146 
23354 1.09146 
23355 1.09146 
23356 1.09146 
23357 1.09146 
23358 1.09146 
23359 1.09145 
23360 1.09145 
23361 1.09145 
23362 1.09145 
23363 1.09145 
23364 1.09145 
23365 1.09145 
23366 1.09145 
23367 1.09145 
23368 1.09144 
23369 1.09144 
23370 1.09144 
23371 1.09144 
23372 1.09144 
23373 1.09144 
23374 1.09144 
23375 1.09143 
23376 1.09143 
23377 1.09143 
23378 1.09142 
23379 1.09142 
23380 1.09142 
23381 1.09141 
23382 1.09141 
23383 1.09141 
23384 1.0914 
23385 1.0914 
23386 1.0914 
23387 1.09139 
23388 1.09139 
23389 1.09139 
23390 1.09139 
23391 1.09139 
23392 1.09139 
23393 1.09138 
23394 1.09138 
23395 1.09138 
23396 1.09138 
23397 1.09138 
23398 1.09138 
23399 1.09137 
23400 1.09137 
23401 1.09135 
23402 1.09135 
23403 1.09135 
23404 1.09135 
23405 1.09135 
23406 1.09135 
23407 1.09135 
23408 1.09135 
23409 1.09135 
23410 1.09135 
23411 1.09135 
23412 1.09135 
23413 1.09135 
23414 1.09135 
23415 1.09135 
23416 1.09135 
23417 1.09135 
23418 1.09135 
23419 1.09135 
23420 1.09135 
23421 1.09135 
23422 1.09135 
23423 1.09135 
23424 1.09135 
23425 1.09135 
23426 1.09135 
23427 1.09135 
23428 1.09135 
23429 1.09135 
23430 1.09135 
23431 1.09135 
23432 1.09135 
23433 1.09135 
23434 1.09135 
23435 1.09135 
23436 1.09135 
23437 1.09135 
23438 1.09135 
23439 1.09135 
23440 1.09135 
23441 1.09135 
23442 1.09135 
23443 1.09135 
23444 1.09135 
23445 1.09135 
23446 1.09135 
23447 1.09135 
23448 1.09135 
23449 1.09135 
23450 1.09135 
23451 1.09135 
23452 1.09135 
23453 1.09135 
23454 1.09135 
23455 1.09135 
23456 1.09135 
23457 1.09135 
23458 1.09135 
23459 1.09135 
23460 1.09135 
23461 1.09135 
23462 1.09135 
23463 1.09135 
23464 1.09135 
23465 1.09135 
23466 1.09135 
23467 1.09135 
23468 1.09135 
23469 1.09135 
23470 1.09135 
23471 1.09135 
23472 1.09135 
23473 1.09135 
23474 1.09135 
23475 1.09135 
23476 1.09135 
23477 1.09135 
23478 1.09136 
23479 1.09136 
23480 1.09136 
23481 1.09136 
23482 1.09136 
23483 1.09136 
23484 1.09136 
23485 1.09136 
23486 1.09136 
23487 1.09136 
23488 1.09137 
23489 1.09138 
23490 1.09141 
23491 1.09143 
23492 1.09145 
23493 1.09148 
23494 1.09152 
23495 1.09152 
23496 1.09153 
23497 1.09154 
23498 1.09154 
23499 1.09155 
23500 1.09156 
23501 1.09157 
23502 1.09158 
23503 1.0916 
23504 1.09163 
23505 1.09166 
23506 1.09171 
23507 1.0918 
23508 1.09206 
23509 1.09197 
23510 1.09197 
23511 1.09197 
23512 1.09197 
23513 1.09196 
23514 1.09196 
23515 1.09196 
23516 1.09196 
23517 1.09196 
23518 1.09196 
23519 1.09196 
23520 1.09196 
23521 1.09196 
23522 1.09196 
23523 1.09196 
23524 1.09196 
23525 1.09196 
23526 1.09196 
23527 1.09196 
23528 1.09196 
23529 1.09196 
23530 1.09196 
23531 1.09196 
23532 1.09196 
23533 1.09196 
23534 1.09196 
23535 1.09196 
23536 1.09196 
23537 1.09196 
23538 1.09196 
23539 1.09196 
23540 1.09196 
23541 1.09196 
23542 1.09196 
23543 1.09196 
23544 1.09196 
23545 1.09196 
23546 1.09196 
23547 1.09195 
23548 1.09195 
23549 1.09195 
23550 1.09195 
23551 1.09195 
23552 1.09195 
23553 1.09195 
23554 1.09195 
23555 1.09195 
23556 1.09195 
23557 1.09195 
23558 1.09195 
23559 1.09195 
23560 1.09195 
23561 1.09195 
23562 1.09195 
23563 1.09195 
23564 1.09195 
23565 1.09195 
23566 1.09195 
23567 1.09195 
23568 1.09195 
23569 1.09195 
23570 1.09195 
23571 1.09195 
23572 1.09195 
23573 1.09195 
23574 1.09195 
23575 1.09195 
23576 1.09195 
23577 1.09195 
23578 1.09195 
23579 1.09194 
23580 1.09194 
23581 1.09194 
23582 1.09194 
23583 1.09194 
23584 1.09194 
23585 1.09194 
23586 1.09194 
23587 1.09194 
23588 1.09194 
23589 1.09194 
23590 1.09194 
23591 1.09194 
23592 1.09194 
23593 1.09194 
23594 1.09194 
23595 1.09194 
23596 1.09194 
23597 1.09194 
23598 1.09193 
23599 1.09193 
23600 1.09193 
23601 1.09193 
23602 1.09193 
23603 1.09193 
23604 1.09193 
23605 1.09193 
23606 1.09192 
23607 1.09192 
23608 1.09192 
23609 1.09192 
23610 1.09192 
23611 1.09191 
23612 1.09191 
23613 1.09191 
23614 1.09191 
23615 1.09191 
23616 1.0919 
23617 1.0919 
23618 1.0919 
23619 1.09189 
23620 1.09189 
23621 1.09189 
23622 1.09189 
23623 1.09189 
23624 1.09189 
23625 1.09189 
23626 1.09188 
23627 1.09188 
23628 1.09188 
23629 1.09188 
23630 1.09188 
23631 1.09188 
23632 1.09188 
23633 1.09187 
23634 1.09187 
23635 1.09184 
23636 1.09184 
23637 1.09184 
23638 1.09184 
23639 1.09184 
23640 1.09184 
23641 1.09184 
23642 1.09184 
23643 1.09184 
23644 1.09184 
23645 1.09184 
23646 1.09184 
23647 1.09184 
23648 1.09184 
23649 1.09184 
23650 1.09184 
23651 1.09184 
23652 1.09184 
23653 1.09184 
23654 1.09184 
23655 1.09184 
23656 1.09184 
23657 1.09184 
23658 1.09184 
23659 1.09184 
23660 1.09184 
23661 1.09184 
23662 1.09184 
23663 1.09184 
23664 1.09184 
23665 1.09184 
23666 1.09184 
23667 1.09184 
23668 1.09184 
23669 1.09184 
23670 1.09184 
23671 1.09184 
23672 1.09184 
23673 1.09184 
23674 1.09184 
23675 1.09184 
23676 1.09184 
23677 1.09184 
23678 1.09184 
23679 1.09184 
23680 1.09184 
23681 1.09184 
23682 1.09184 
23683 1.09184 
23684 1.09184 
23685 1.09184 
23686 1.09184 
23687 1.09184 
23688 1.09184 
23689 1.09184 
23690 1.09184 
23691 1.09184 
23692 1.09184 
23693 1.09184 
23694 1.09184 
23695 1.09184 
23696 1.09184 
23697 1.09184 
23698 1.09184 
23699 1.09184 
23700 1.09184 
23701 1.09184 
23702 1.09184 
23703 1.09184 
23704 1.09185 
23705 1.09185 
23706 1.09185 
23707 1.09185 
23708 1.09185 
23709 1.09185 
23710 1.09185 
23711 1.09185 
23712 1.09185 
23713 1.09185 
23714 1.09185 
23715 1.09185 
23716 1.09185 
23717 1.09185 
23718 1.09186 
23719 1.09188 
23720 1.09193 
23721 1.09194 
23722 1.09195 
23723 1.09197 
23724 1.09197 
23725 1.09198 
23726 1.09199 
23727 1.092 
23728 1.09201 
23729 1.09201 
23730 1.09202 
23731 1.09203 
23732 1.09203 
23733 1.09204 
23734 1.09205 
23735 1.09206 
23736 1.09208 
23737 1.0921 
23738 1.09213 
23739 1.09216 
23740 1.09222 
23741 1.09232 
23742 1.09228 
23743 1.09228 
23744 1.09223 
23745 1.09223 
23746 1.09222 
23747 1.09222 
23748 1.09222 
23749 1.09222 
23750 1.09222 
23751 1.09222 
23752 1.09222 
23753 1.09222 
23754 1.09222 
23755 1.09222 
23756 1.09222 
23757 1.09222 
23758 1.09222 
23759 1.09222 
23760 1.09222 
23761 1.09222 
23762 1.09222 
23763 1.09222 
23764 1.09222 
23765 1.09222 
23766 1.09222 
23767 1.09222 
23768 1.09222 
23769 1.09222 
23770 1.09222 
23771 1.09222 
23772 1.09222 
23773 1.09222 
23774 1.09222 
23775 1.09222 
23776 1.09222 
23777 1.09222 
23778 1.09222 
23779 1.09221 
23780 1.09221 
23781 1.09221 
23782 1.09221 
23783 1.09221 
23784 1.09221 
23785 1.09221 
23786 1.09221 
23787 1.09221 
23788 1.09221 
23789 1.09221 
23790 1.09221 
23791 1.09221 
23792 1.09221 
23793 1.09221 
23794 1.09221 
23795 1.09221 
23796 1.09221 
23797 1.09221 
23798 1.09221 
23799 1.09221 
23800 1.09221 
23801 1.09221 
23802 1.09221 
23803 1.09221 
23804 1.09221 
23805 1.09221 
23806 1.09221 
23807 1.09221 
23808 1.09221 
23809 1.09221 
23810 1.09221 
23811 1.0922 
23812 1.0922 
23813 1.0922 
23814 1.0922 
23815 1.0922 
23816 1.0922 
23817 1.0922 
23818 1.0922 
23819 1.0922 
23820 1.0922 
23821 1.0922 
23822 1.0922 
23823 1.0922 
23824 1.0922 
23825 1.0922 
23826 1.0922 
23827 1.0922 
23828 1.0922 
23829 1.0922 
23830 1.09219 
23831 1.09219 
23832 1.09219 
23833 1.09219 
23834 1.09219 
23835 1.09219 
23836 1.09219 
23837 1.09219 
23838 1.09219 
23839 1.09218 
23840 1.09218 
23841 1.09218 
23842 1.09218 
23843 1.09218 
23844 1.09218 
23845 1.09217 
23846 1.09217 
23847 1.09217 
23848 1.09217 
23849 1.09217 
23850 1.09217 
23851 1.09216 
23852 1.09216 
23853 1.09216 
23854 1.09216 
23855 1.09216 
23856 1.09215 
23857 1.09215 
23858 1.09215 
23859 1.09215 
23860 1.09215 
23861 1.09215 
23862 1.09215 
23863 1.09215 
23864 1.09214 
23865 1.09214 
23866 1.09214 
23867 1.09214 
23868 1.09214 
23869 1.09213 
23870 1.09213 
23871 1.09213 
23872 1.09212 
23873 1.09212 
23874 1.09212 
23875 1.09212 
23876 1.09211 
23877 1.09211 
23878 1.09211 
23879 1.0921 
23880 1.0921 
23881 1.0921 
23882 1.0921 
23883 1.0921 
23884 1.0921 
23885 1.0921 
23886 1.0921 
23887 1.0921 
23888 1.0921 
23889 1.0921 
23890 1.0921 
23891 1.0921 
23892 1.0921 
23893 1.0921 
23894 1.0921 
23895 1.0921 
23896 1.0921 
23897 1.0921 
23898 1.0921 
23899 1.0921 
23900 1.0921 
23901 1.0921 
23902 1.0921 
23903 1.0921 
23904 1.0921 
23905 1.0921 
23906 1.0921 
23907 1.0921 
23908 1.0921 
23909 1.0921 
23910 1.09211 
23911 1.09211 
23912 1.09211 
23913 1.09218 
23914 1.0922 
23915 1.09221 
23916 1.09222 
23917 1.09223 
23918 1.09224 
23919 1.09224 
23920 1.09226 
23921 1.09228 
23922 1.09231 
23923 1.09236 
23924 1.09245 
23925 1.09282 
23926 1.09273 
23927 1.09273 
23928 1.09273 
23929 1.09273 
23930 1.09273 
23931 1.09272 
23932 1.09272 
23933 1.09272 
23934 1.09272 
23935 1.09272 
23936 1.09272 
23937 1.09272 
23938 1.09272 
23939 1.09272 
23940 1.09272 
23941 1.09272 
23942 1.09272 
23943 1.09272 
23944 1.09272 
23945 1.09271 
23946 1.09271 
23947 1.09271 
23948 1.09271 
23949 1.09271 
23950 1.09271 
23951 1.09271 
23952 1.09271 
23953 1.09271 
23954 1.09271 
23955 1.09271 
23956 1.09271 
23957 1.09271 
23958 1.09271 
23959 1.09271 
23960 1.09271 
23961 1.09271 
23962 1.09271 
23963 1.09271 
23964 1.09271 
23965 1.09271 
23966 1.09271 
23967 1.09271 
23968 1.09271 
23969 1.09271 
23970 1.09271 
23971 1.09271 
23972 1.09271 
23973 1.09271 
23974 1.09271 
23975 1.09271 
23976 1.09271 
23977 1.09271 
23978 1.09271 
23979 1.0927 
23980 1.0927 
23981 1.0927 
23982 1.0927 
23983 1.0927 
23984 1.0927 
23985 1.0927 
23986 1.0927 
23987 1.0927 
23988 1.0927 
23989 1.0927 
23990 1.0927 
23991 1.0927 
23992 1.0927 
23993 1.0927 
23994 1.0927 
23995 1.0927 
23996 1.0927 
23997 1.0927 
23998 1.0927 
23999 1.0927 
24000 1.0927 
24001 1.0927 
24002 1.0927 
24003 1.0927 
24004 1.09269 
24005 1.09269 
24006 1.09269 
24007 1.09269 
24008 1.09269 
24009 1.09269 
24010 1.09269 
24011 1.09269 
24012 1.09269 
24013 1.09269 
24014 1.09269 
24015 1.09269 
24016 1.09269 
24017 1.09269 
24018 1.09268 
24019 1.09268 
24020 1.09268 
24021 1.09268 
24022 1.09267 
24023 1.09267 
24024 1.09267 
24025 1.09267 
24026 1.09266 
24027 1.09266 
24028 1.09266 
24029 1.09265 
24030 1.09265 
24031 1.09265 
24032 1.09264 
24033 1.09264 
24034 1.09264 
24035 1.09264 
24036 1.09264 
24037 1.09264 
24038 1.09263 
24039 1.09263 
24040 1.09263 
24041 1.09263 
24042 1.09262 
24043 1.09262 
24044 1.09262 
24045 1.09262 
24046 1.09261 
24047 1.09261 
24048 1.09261 
24049 1.0926 
24050 1.09257 
24051 1.09257 
24052 1.09257 
24053 1.09257 
24054 1.09257 
24055 1.09257 
24056 1.09257 
24057 1.09257 
24058 1.09257 
24059 1.09257 
24060 1.09257 
24061 1.09257 
24062 1.09257 
24063 1.09257 
24064 1.09257 
24065 1.09257 
24066 1.09257 
24067 1.09257 
24068 1.09257 
24069 1.09257 
24070 1.09257 
24071 1.09257 
24072 1.09257 
24073 1.09257 
24074 1.09257 
24075 1.09257 
24076 1.09257 
24077 1.09257 
24078 1.09257 
24079 1.09257 
24080 1.09257 
24081 1.09257 
24082 1.09257 
24083 1.09257 
24084 1.09257 
24085 1.09257 
24086 1.09257 
24087 1.09257 
24088 1.09257 
24089 1.09257 
24090 1.09257 
24091 1.09257 
24092 1.09257 
24093 1.09257 
24094 1.09257 
24095 1.09257 
24096 1.09257 
24097 1.09257 
24098 1.09257 
24099 1.09257 
24100 1.09257 
24101 1.09257 
24102 1.09257 
24103 1.09257 
24104 1.09257 
24105 1.09257 
24106 1.09257 
24107 1.09257 
24108 1.09257 
24109 1.09257 
24110 1.09257 
24111 1.09257 
24112 1.09257 
24113 1.09257 
24114 1.09257 
24115 1.09257 
24116 1.09257 
24117 1.09257 
24118 1.09257 
24119 1.09257 
24120 1.09257 
24121 1.09257 
24122 1.09257 
24123 1.09257 
24124 1.09257 
24125 1.09257 
24126 1.09257 
24127 1.09257 
24128 1.09257 
24129 1.09257 
24130 1.09258 
24131 1.09258 
24132 1.09258 
24133 1.09258 
24134 1.09261 
24135 1.09263 
24136 1.09265 
24137 1.09266 
24138 1.09266 
24139 1.09267 
24140 1.09268 
24141 1.09269 
24142 1.0927 
24143 1.0927 
24144 1.0927 
24145 1.0927 
24146 1.09271 
24147 1.09271 
24148 1.09272 
24149 1.09272 
24150 1.09272 
24151 1.09273 
24152 1.09273 
24153 1.09274 
24154 1.09275 
24155 1.09276 
24156 1.09277 
24157 1.09279 
24158 1.09281 
24159 1.09284 
24160 1.09289 
24161 1.09298 
24162 1.09313 
24163 1.09302 
24164 1.09302 
24165 1.09301 
24166 1.09301 
24167 1.09301 
24168 1.09301 
24169 1.09301 
24170 1.09301 
24171 1.09301 
24172 1.09301 
24173 1.093 
24174 1.093 
24175 1.093 
24176 1.093 
24177 1.093 
24178 1.093 
24179 1.093 
24180 1.093 
24181 1.093 
24182 1.093 
24183 1.09299 
24184 1.09299 
24185 1.09299 
24186 1.09299 
24187 1.09299 
24188 1.09299 
24189 1.09299 
24190 1.09298 
24191 1.09298 
24192 1.09298 
24193 1.09298 
24194 1.09298 
24195 1.09297 
24196 1.09297 
24197 1.09297 
24198 1.09297 
24199 1.09296 
24200 1.09296 
24201 1.09296 
24202 1.09296 
24203 1.09296 
24204 1.09296 
24205 1.09295 
24206 1.09295 
24207 1.09294 
24208 1.09294 
24209 1.09293 
24210 1.09293 
24211 1.09293 
24212 1.09292 
24213 1.09292 
24214 1.09292 
24215 1.09292 
24216 1.09291 
24217 1.09291 
24218 1.09291 
24219 1.0929 
24220 1.0929 
24221 1.0929 
24222 1.0929 
24223 1.0929 
24224 1.0929 
24225 1.09289 
24226 1.09289 
24227 1.09289 
24228 1.09289 
24229 1.09288 
24230 1.09288 
24231 1.09288 
24232 1.09288 
24233 1.09288 
24234 1.09288 
24235 1.09288 
24236 1.09288 
24237 1.09288 
24238 1.09288 
24239 1.09288 
24240 1.09288 
24241 1.09288 
24242 1.09288 
24243 1.09288 
24244 1.09288 
24245 1.09288 
24246 1.09288 
24247 1.09288 
24248 1.09288 
24249 1.09288 
24250 1.09288 
24251 1.09288 
24252 1.09288 
24253 1.09288 
24254 1.09288 
24255 1.09288 
24256 1.09288 
24257 1.09288 
24258 1.09288 
24259 1.09288 
24260 1.09288 
24261 1.09288 
24262 1.09288 
24263 1.09288 
24264 1.09288 
24265 1.09288 
24266 1.09288 
24267 1.09288 
24268 1.09288 
24269 1.09288 
24270 1.09288 
24271 1.09288 
24272 1.09288 
24273 1.09288 
24274 1.09288 
24275 1.09288 
24276 1.09288 
24277 1.09288 
24278 1.0929 
24279 1.09305 
24280 1.09306 
24281 1.09306 
24282 1.09307 
24283 1.09308 
24284 1.09309 
24285 1.0931 
24286 1.09312 
24287 1.09315 
24288 1.09318 
24289 1.09326 
24290 1.09319 
24291 1.09319 
24292 1.09319 
24293 1.09317 
24294 1.09317 
24295 1.09315 
24296 1.09314 
24297 1.09314 
24298 1.09314 
24299 1.09313 
24300 1.09313 
24301 1.09313 
24302 1.09312 
24303 1.09312 
24304 1.09311 
24305 1.09311 
24306 1.0931 
24307 1.0931 
24308 1.09309 
24309 1.09309 
24310 1.09308 
24311 1.09308 
24312 1.09307 
24313 1.09306 
24314 1.09306 
24315 1.09305 
24316 1.09305 
24317 1.09305 
24318 1.09304 
24319 1.09304 
24320 1.09304 
24321 1.09303 
24322 1.09303 
24323 1.09302 
24324 1.09302 
24325 1.09301 
24326 1.09301 
24327 1.09301 
24328 1.093 
24329 1.093 
24330 1.093 
24331 1.093 
24332 1.093 
24333 1.093 
24334 1.093 
24335 1.093 
24336 1.093 
24337 1.093 
24338 1.093 
24339 1.093 
24340 1.093 
24341 1.093 
24342 1.093 
24343 1.093 
24344 1.093 
24345 1.093 
24346 1.093 
24347 1.093 
24348 1.093 
24349 1.093 
24350 1.093 
24351 1.093 
24352 1.093 
24353 1.093 
24354 1.093 
24355 1.093 
24356 1.093 
24357 1.093 
24358 1.093 
24359 1.093 
24360 1.093 
24361 1.093 
24362 1.093 
24363 1.093 
24364 1.093 
24365 1.093 
24366 1.093 
24367 1.093 
24368 1.093 
24369 1.093 
24370 1.093 
24371 1.093 
24372 1.093 
24373 1.093 
24374 1.093 
24375 1.093 
24376 1.093 
24377 1.093 
24378 1.093 
24379 1.093 
24380 1.093 
24381 1.093 
24382 1.093 
24383 1.093 
24384 1.093 
24385 1.093 
24386 1.093 
24387 1.093 
24388 1.093 
24389 1.093 
24390 1.093 
24391 1.093 
24392 1.093 
24393 1.093 
24394 1.093 
24395 1.093 
24396 1.093 
24397 1.093 
24398 1.093 
24399 1.093 
24400 1.093 
24401 1.093 
24402 1.093 
24403 1.093 
24404 1.093 
24405 1.093 
24406 1.093 
24407 1.093 
24408 1.093 
24409 1.09301 
24410 1.09301 
24411 1.09301 
24412 1.09304 
24413 1.09305 
24414 1.09305 
24415 1.09307 
24416 1.09307 
24417 1.09308 
24418 1.09309 
24419 1.09309 
24420 1.0931 
24421 1.09311 
24422 1.09312 
24423 1.09313 
24424 1.09314 
24425 1.09315 
24426 1.09316 
24427 1.09318 
24428 1.0932 
24429 1.09324 
24430 1.09331 
24431 1.09347 
24432 1.09337 
24433 1.09336 
24434 1.09336 
24435 1.09336 
24436 1.09336 
24437 1.09336 
24438 1.09336 
24439 1.09336 
24440 1.09336 
24441 1.09336 
24442 1.09336 
24443 1.09336 
24444 1.09336 
24445 1.09336 
24446 1.09336 
24447 1.09336 
24448 1.09336 
24449 1.09336 
24450 1.09335 
24451 1.09335 
24452 1.09335 
24453 1.09335 
24454 1.09335 
24455 1.09335 
24456 1.09335 
24457 1.09335 
24458 1.09335 
24459 1.09335 
24460 1.09335 
24461 1.09335 
24462 1.09335 
24463 1.09335 
24464 1.09335 
24465 1.09335 
24466 1.09335 
24467 1.09335 
24468 1.09335 
24469 1.09335 
24470 1.09334 
24471 1.09334 
24472 1.09334 
24473 1.09334 
24474 1.09334 
24475 1.09334 
24476 1.09334 
24477 1.09334 
24478 1.09334 
24479 1.09334 
24480 1.09333 
24481 1.09333 
24482 1.09333 
24483 1.09333 
24484 1.09333 
24485 1.09333 
24486 1.09333 
24487 1.09333 
24488 1.09332 
24489 1.09332 
24490 1.09332 
24491 1.09332 
24492 1.09332 
24493 1.09332 
24494 1.09331 
24495 1.09331 
24496 1.09331 
24497 1.09331 
24498 1.0933 
24499 1.0933 
24500 1.0933 
24501 1.09329 
24502 1.09329 
24503 1.09329 
24504 1.09328 
24505 1.09328 
24506 1.09328 
24507 1.09328 
24508 1.09328 
24509 1.09328 
24510 1.09328 
24511 1.09328 
24512 1.09327 
24513 1.09327 
24514 1.09327 
24515 1.09326 
24516 1.09326 
24517 1.09326 
24518 1.09325 
24519 1.09325 
24520 1.09325 
24521 1.09325 
24522 1.09325 
24523 1.09324 
24524 1.09324 
24525 1.09324 
24526 1.09319 
24527 1.09319 
24528 1.09319 
24529 1.09319 
24530 1.09319 
24531 1.09319 
24532 1.09319 
24533 1.09319 
24534 1.09319 
24535 1.09319 
24536 1.09319 
24537 1.09319 
24538 1.09319 
24539 1.09319 
24540 1.09319 
24541 1.09319 
24542 1.09319 
24543 1.09319 
24544 1.09319 
24545 1.09319 
24546 1.09319 
24547 1.09319 
24548 1.09319 
24549 1.09319 
24550 1.09319 
24551 1.09319 
24552 1.09319 
24553 1.09319 
24554 1.09318 
24555 1.09318 
24556 1.09318 
24557 1.09318 
24558 1.09318 
24559 1.09318 
24560 1.09318 
24561 1.09318 
24562 1.09318 
24563 1.09318 
24564 1.09318 
24565 1.09318 
24566 1.09318 
24567 1.09318 
24568 1.09318 
24569 1.09318 
24570 1.09318 
24571 1.09318 
24572 1.09318 
24573 1.09318 
24574 1.09318 
24575 1.09318 
24576 1.09318 
24577 1.09318 
24578 1.09318 
24579 1.09318 
24580 1.09318 
24581 1.09318 
24582 1.09318 
24583 1.09318 
24584 1.09318 
24585 1.09318 
24586 1.09318 
24587 1.09318 
24588 1.09318 
24589 1.09318 
24590 1.09318 
24591 1.09318 
24592 1.09318 
24593 1.09318 
24594 1.09318 
24595 1.09318 
24596 1.09318 
24597 1.09318 
24598 1.09318 
24599 1.09318 
24600 1.09318 
24601 1.09318 
24602 1.09318 
24603 1.09318 
24604 1.09318 
24605 1.09319 
24606 1.09319 
24607 1.09319 
24608 1.09319 
24609 1.09319 
24610 1.09319 
24611 1.0932 
24612 1.09321 
24613 1.09323 
24614 1.09327 
24615 1.09328 
24616 1.09329 
24617 1.0933 
24618 1.09331 
24619 1.09331 
24620 1.09331 
24621 1.09332 
24622 1.09333 
24623 1.09333 
24624 1.09335 
24625 1.09336 
24626 1.09337 
24627 1.09339 
24628 1.09342 
24629 1.09346 
24630 1.09352 
24631 1.09374 
24632 1.09364 
24633 1.09363 
24634 1.09363 
24635 1.09363 
24636 1.09363 
24637 1.09362 
24638 1.09362 
24639 1.09362 
24640 1.09362 
24641 1.09362 
24642 1.09362 
24643 1.09362 
24644 1.09362 
24645 1.09362 
24646 1.09362 
24647 1.09362 
24648 1.09362 
24649 1.09362 
24650 1.09362 
24651 1.09362 
24652 1.09362 
24653 1.09362 
24654 1.09362 
24655 1.09362 
24656 1.09362 
24657 1.09362 
24658 1.09362 
24659 1.09361 
24660 1.09361 
24661 1.09361 
24662 1.09361 
24663 1.09361 
24664 1.09361 
24665 1.09361 
24666 1.09361 
24667 1.09361 
24668 1.09361 
24669 1.09361 
24670 1.09361 
24671 1.09361 
24672 1.09361 
24673 1.09361 
24674 1.09361 
24675 1.09361 
24676 1.09361 
24677 1.09361 
24678 1.09361 
24679 1.09361 
24680 1.09361 
24681 1.09361 
24682 1.09361 
24683 1.09361 
24684 1.09361 
24685 1.09361 
24686 1.09361 
24687 1.09361 
24688 1.09361 
24689 1.09361 
24690 1.09361 
24691 1.09361 
24692 1.0936 
24693 1.0936 
24694 1.0936 
24695 1.0936 
24696 1.0936 
24697 1.0936 
24698 1.0936 
24699 1.0936 
24700 1.0936 
24701 1.0936 
24702 1.0936 
24703 1.0936 
24704 1.0936 
24705 1.0936 
24706 1.0936 
24707 1.0936 
24708 1.0936 
24709 1.0936 
24710 1.0936 
24711 1.0936 
24712 1.0936 
24713 1.09359 
24714 1.09359 
24715 1.09359 
24716 1.09359 
24717 1.09359 
24718 1.09359 
24719 1.09359 
24720 1.09359 
24721 1.09359 
24722 1.09359 
24723 1.09359 
24724 1.09358 
24725 1.09358 
24726 1.09358 
24727 1.09358 
24728 1.09357 
24729 1.09357 
24730 1.09357 
24731 1.09357 
24732 1.09356 
24733 1.09356 
24734 1.09356 
24735 1.09356 
24736 1.09355 
24737 1.09355 
24738 1.09355 
24739 1.09354 
24740 1.09354 
24741 1.09354 
24742 1.09354 
24743 1.09354 
24744 1.09354 
24745 1.09353 
24746 1.09353 
24747 1.09353 
24748 1.09353 
24749 1.09353 
24750 1.09353 
24751 1.09352 
24752 1.09352 
24753 1.09352 
24754 1.09352 
24755 1.09351 
24756 1.09351 
24757 1.09351 
24758 1.09351 
24759 1.0935 
24760 1.0935 
24761 1.0935 
24762 1.0935 
24763 1.0935 
24764 1.09349 
24765 1.09349 
24766 1.09348 
24767 1.09348 
24768 1.09345 
24769 1.09346 
24770 1.09346 
24771 1.09355 
24772 1.09355 
24773 1.09355 
24774 1.09355 
24775 1.09355 
24776 1.09355 
24777 1.09356 
24778 1.09356 
24779 1.09356 
24780 1.09357 
24781 1.09357 
24782 1.09358 
24783 1.09359 
24784 1.0936 
24785 1.09362 
24786 1.09358 
24787 1.09358 
24788 1.09358 
24789 1.09356 
24790 1.09356 
24791 1.09355 
24792 1.09354 
24793 1.09352 
24794 1.09351 
24795 1.09351 
24796 1.09351 
24797 1.09351 
24798 1.09351 
24799 1.09351 
24800 1.0935 
24801 1.0935 
24802 1.0935 
24803 1.0935 
24804 1.0935 
24805 1.0935 
24806 1.0935 
24807 1.09349 
24808 1.09349 
24809 1.09349 
24810 1.09349 
24811 1.09349 
24812 1.09349 
24813 1.09348 
24814 1.09348 
24815 1.09347 
24816 1.09347 
24817 1.09346 
24818 1.09346 
24819 1.09346 
24820 1.09346 
24821 1.09346 
24822 1.09345 
24823 1.09345 
24824 1.09345 
24825 1.09344 
24826 1.09344 
24827 1.09344 
24828 1.09343 
24829 1.09343 
24830 1.09343 
24831 1.09343 
24832 1.09343 
24833 1.09342 
24834 1.09342 
24835 1.09342 
24836 1.09339 
24837 1.09339 
24838 1.09339 
24839 1.09339 
24840 1.09339 
24841 1.09339 
24842 1.09339 
24843 1.09339 
24844 1.09339 
24845 1.09339 
24846 1.09339 
24847 1.09339 
24848 1.09339 
24849 1.09339 
24850 1.09339 
24851 1.09339 
24852 1.09339 
24853 1.09339 
24854 1.09339 
24855 1.09339 
24856 1.09339 
24857 1.09339 
24858 1.09339 
24859 1.09339 
24860 1.09339 
24861 1.09339 
24862 1.09339 
24863 1.09339 
24864 1.09339 
24865 1.09339 
24866 1.09339 
24867 1.09339 
24868 1.09339 
24869 1.09339 
24870 1.09339 
24871 1.09339 
24872 1.09339 
24873 1.09339 
24874 1.09339 
24875 1.09339 
24876 1.09339 
24877 1.09339 
24878 1.09339 
24879 1.09339 
24880 1.09339 
24881 1.09339 
24882 1.09339 
24883 1.09339 
24884 1.09339 
24885 1.09339 
24886 1.09339 
24887 1.09339 
24888 1.09339 
24889 1.09339 
24890 1.09339 
24891 1.09339 
24892 1.09339 
24893 1.09339 
24894 1.09339 
24895 1.09339 
24896 1.09339 
24897 1.09339 
24898 1.09339 
24899 1.09339 
24900 1.09339 
24901 1.09339 
24902 1.09339 
24903 1.09339 
24904 1.09339 
24905 1.09339 
24906 1.09339 
24907 1.09339 
24908 1.09339 
24909 1.09339 
24910 1.09339 
24911 1.09339 
24912 1.09339 
24913 1.09339 
24914 1.09339 
24915 1.0934 
24916 1.0934 
24917 1.0934 
24918 1.0934 
24919 1.0934 
24920 1.0934 
24921 1.0934 
24922 1.0934 
24923 1.09349 
24924 1.0935 
24925 1.0935 
24926 1.0935 
24927 1.09351 
24928 1.09351 
24929 1.09352 
24930 1.09352 
24931 1.09353 
24932 1.09353 
24933 1.09354 
24934 1.09355 
24935 1.09356 
24936 1.09357 
24937 1.09358 
24938 1.0936 
24939 1.09362 
24940 1.09364 
24941 1.09367 
24942 1.09372 
24943 1.09383 
24944 1.09374 
24945 1.09373 
24946 1.09373 
24947 1.09373 
24948 1.09373 
24949 1.09373 
24950 1.09373 
24951 1.09373 
24952 1.09373 
24953 1.09373 
24954 1.09373 
24955 1.09373 
24956 1.09373 
24957 1.09372 
24958 1.09372 
24959 1.09372 
24960 1.09372 
24961 1.09372 
24962 1.09372 
24963 1.09372 
24964 1.09372 
24965 1.09372 
24966 1.09372 
24967 1.09372 
24968 1.09372 
24969 1.09372 
24970 1.09372 
24971 1.09372 
24972 1.09372 
24973 1.09372 
24974 1.09372 
24975 1.09372 
24976 1.09372 
24977 1.09372 
24978 1.09372 
24979 1.09372 
24980 1.09372 
24981 1.09372 
24982 1.09372 
24983 1.09372 
24984 1.09372 
24985 1.09372 
24986 1.09372 
24987 1.09372 
24988 1.09372 
24989 1.09372 
24990 1.09372 
24991 1.09372 
24992 1.09372 
24993 1.09371 
24994 1.09371 
24995 1.09371 
24996 1.09371 
24997 1.09371 
24998 1.09371 
24999 1.09371 
25000 1.09371 
25001 1.09371 
25002 1.09371 
25003 1.09371 
25004 1.09371 
25005 1.09371 
25006 1.09371 
25007 1.09371 
25008 1.09371 
25009 1.09371 
25010 1.09371 
25011 1.09371 
25012 1.09371 
25013 1.09371 
25014 1.09371 
25015 1.09371 
25016 1.0937 
25017 1.0937 
25018 1.0937 
25019 1.0937 
25020 1.0937 
25021 1.0937 
25022 1.0937 
25023 1.0937 
25024 1.0937 
25025 1.0937 
25026 1.0937 
25027 1.0937 
25028 1.0937 
25029 1.0937 
25030 1.0937 
25031 1.0937 
25032 1.09369 
25033 1.09369 
25034 1.09369 
25035 1.09369 
25036 1.09368 
25037 1.09368 
25038 1.09368 
25039 1.09368 
25040 1.09367 
25041 1.09367 
25042 1.09367 
25043 1.09367 
25044 1.09367 
25045 1.09366 
25046 1.09366 
25047 1.09366 
25048 1.09366 
25049 1.09365 
25050 1.09365 
25051 1.09365 
25052 1.09365 
25053 1.09365 
25054 1.09365 
25055 1.09365 
25056 1.09365 
25057 1.09364 
25058 1.09364 
25059 1.09364 
25060 1.09364 
25061 1.09364 
25062 1.09363 
25063 1.09363 
25064 1.09363 
25065 1.09363 
25066 1.09363 
25067 1.09362 
25068 1.09362 
25069 1.09362 
25070 1.09361 
25071 1.09361 
25072 1.09361 
25073 1.09361 
25074 1.09361 
25075 1.09361 
25076 1.09361 
25077 1.09358 
25078 1.09358 
25079 1.09359 
25080 1.09359 
25081 1.09359 
25082 1.09363 
25083 1.09363 
25084 1.09364 
25085 1.09364 
25086 1.09365 
25087 1.09365 
25088 1.09366 
25089 1.09367 
25090 1.09368 
25091 1.0937 
25092 1.09372 
25093 1.09375 
25094 1.09379 
25095 1.09384 
25096 1.09376 
25097 1.09376 
25098 1.09376 
25099 1.09374 
25100 1.09374 
25101 1.09374 
25102 1.09374 
25103 1.09374 
25104 1.09374 
25105 1.09374 
25106 1.09374 
25107 1.09374 
25108 1.09373 
25109 1.09373 
25110 1.09373 
25111 1.09373 
25112 1.09373 
25113 1.09373 
25114 1.09373 
25115 1.09373 
25116 1.09373 
25117 1.09373 
25118 1.09373 
25119 1.09373 
25120 1.09373 
25121 1.09373 
25122 1.09373 
25123 1.09373 
25124 1.09373 
25125 1.09373 
25126 1.09373 
25127 1.09373 
25128 1.09373 
25129 1.09373 
25130 1.09373 
25131 1.09373 
25132 1.09373 
25133 1.09373 
25134 1.09373 
25135 1.09373 
25136 1.09373 
25137 1.09373 
25138 1.09373 
25139 1.09373 
25140 1.09373 
25141 1.09373 
25142 1.09373 
25143 1.09372 
25144 1.09372 
25145 1.09372 
25146 1.09372 
25147 1.09372 
25148 1.09372 
25149 1.09372 
25150 1.09372 
25151 1.09372 
25152 1.09372 
25153 1.09372 
25154 1.09372 
25155 1.09372 
25156 1.09372 
25157 1.09372 
25158 1.09372 
25159 1.09372 
25160 1.09372 
25161 1.09372 
25162 1.09372 
25163 1.09372 
25164 1.09372 
25165 1.09372 
25166 1.09372 
25167 1.09372 
25168 1.09372 
25169 1.09371 
25170 1.09371 
25171 1.09371 
25172 1.09371 
25173 1.09371 
25174 1.09371 
25175 1.09371 
25176 1.09371 
25177 1.09371 
25178 1.09371 
25179 1.09371 
25180 1.09371 
25181 1.09371 
25182 1.09371 
25183 1.09371 
25184 1.09371 
25185 1.09371 
25186 1.0937 
25187 1.0937 
25188 1.0937 
25189 1.0937 
25190 1.0937 
25191 1.09369 
25192 1.09369 
25193 1.09369 
25194 1.09369 
25195 1.09368 
25196 1.09368 
25197 1.09367 
25198 1.09367 
25199 1.09367 
25200 1.09367 
25201 1.09367 
25202 1.09366 
25203 1.09366 
25204 1.09366 
25205 1.09366 
25206 1.09366 
25207 1.09366 
25208 1.09365 
25209 1.09365 
25210 1.09365 
25211 1.09364 
25212 1.09364 
25213 1.09364 
25214 1.09364 
25215 1.09363 
25216 1.09363 
25217 1.09363 
25218 1.09363 
25219 1.09363 
25220 1.09362 
25221 1.09362 
25222 1.09362 
25223 1.09362 
25224 1.09362 
25225 1.09361 
25226 1.09361 
25227 1.09361 
25228 1.09361 
25229 1.09361 
25230 1.09361 
25231 1.09361 
25232 1.09361 
25233 1.09361 
25234 1.09361 
25235 1.09361 
25236 1.09361 
25237 1.09361 
25238 1.09361 
25239 1.09361 
25240 1.09361 
25241 1.09361 
25242 1.09361 
25243 1.09361 
25244 1.09361 
25245 1.09361 
25246 1.09361 
25247 1.09361 
25248 1.09361 
25249 1.09361 
25250 1.09361 
25251 1.09361 
25252 1.09361 
25253 1.09361 
25254 1.09361 
25255 1.09361 
25256 1.09361 
25257 1.09361 
25258 1.09361 
25259 1.09361 
25260 1.09361 
25261 1.09361 
25262 1.09361 
25263 1.09361 
25264 1.09361 
25265 1.09361 
25266 1.09361 
25267 1.09361 
25268 1.09361 
25269 1.09361 
25270 1.09361 
25271 1.09361 
25272 1.09361 
25273 1.09361 
25274 1.09361 
25275 1.09361 
25276 1.09361 
25277 1.09361 
25278 1.09361 
25279 1.09361 
25280 1.09361 
25281 1.09361 
25282 1.09361 
25283 1.09361 
25284 1.09361 
25285 1.09361 
25286 1.09361 
25287 1.09361 
25288 1.09361 
25289 1.09361 
25290 1.09361 
25291 1.09361 
25292 1.09361 
25293 1.09361 
25294 1.09361 
25295 1.09361 
25296 1.09361 
25297 1.09361 
25298 1.09361 
25299 1.09361 
25300 1.09361 
25301 1.09361 
25302 1.09361 
25303 1.09361 
25304 1.09361 
25305 1.09361 
25306 1.09361 
25307 1.09361 
25308 1.09361 
25309 1.09361 
25310 1.09361 
25311 1.09361 
25312 1.09362 
25313 1.09362 
25314 1.09362 
25315 1.09363 
25316 1.09376 
25317 1.09377 
25318 1.09377 
25319 1.09378 
25320 1.09378 
25321 1.09379 
25322 1.0938 
25323 1.09381 
25324 1.09382 
25325 1.09382 
25326 1.09383 
25327 1.09384 
25328 1.09385 
25329 1.09387 
25330 1.09389 
25331 1.09393 
25332 1.094 
25333 1.09403 
25334 1.09406 
25335 1.09398 
25336 1.09398 
25337 1.09397 
25338 1.09396 
25339 1.09396 
25340 1.09396 
25341 1.09396 
25342 1.09396 
25343 1.09395 
25344 1.09395 
25345 1.09395 
25346 1.09395 
25347 1.09395 
25348 1.09395 
25349 1.09395 
25350 1.09395 
25351 1.09394 
25352 1.09394 
25353 1.09394 
25354 1.09394 
25355 1.09394 
25356 1.09393 
25357 1.09393 
25358 1.09393 
25359 1.09393 
25360 1.09392 
25361 1.09392 
25362 1.09392 
25363 1.09392 
25364 1.09391 
25365 1.09391 
25366 1.0939 
25367 1.0939 
25368 1.09389 
25369 1.09389 
25370 1.09389 
25371 1.09389 
25372 1.09388 
25373 1.09388 
25374 1.09388 
25375 1.09388 
25376 1.09388 
25377 1.09387 
25378 1.09387 
25379 1.09387 
25380 1.09387 
25381 1.09387 
25382 1.09386 
25383 1.09386 
25384 1.09386 
25385 1.09385 
25386 1.09385 
25387 1.09384 
25388 1.09384 
25389 1.09384 
25390 1.09383 
25391 1.09383 
25392 1.09383 
25393 1.09383 
25394 1.09383 
25395 1.09383 
25396 1.09383 
25397 1.09383 
25398 1.09383 
25399 1.09383 
25400 1.09383 
25401 1.09383 
25402 1.09383 
25403 1.09383 
25404 1.09383 
25405 1.09383 
25406 1.09383 
25407 1.09383 
25408 1.09383 
25409 1.09383 
25410 1.09382 
25411 1.09382 
25412 1.09382 
25413 1.09382 
25414 1.09382 
25415 1.09382 
25416 1.09382 
25417 1.09382 
25418 1.09382 
25419 1.09382 
25420 1.09382 
25421 1.09382 
25422 1.09382 
25423 1.09382 
25424 1.09382 
25425 1.09382 
25426 1.09382 
25427 1.09382 
25428 1.09382 
25429 1.09382 
25430 1.09382 
25431 1.09382 
25432 1.09382 
25433 1.09382 
25434 1.09382 
25435 1.09382 
25436 1.09382 
25437 1.09382 
25438 1.09382 
25439 1.09382 
25440 1.09383 
25441 1.09383 
25442 1.09383 
25443 1.09385 
25444 1.09387 
25445 1.09388 
25446 1.09388 
25447 1.09389 
25448 1.0939 
25449 1.0939 
25450 1.09391 
25451 1.09392 
25452 1.09393 
25453 1.09394 
25454 1.09396 
25455 1.09399 
25456 1.09403 
25457 1.09411 
25458 1.09417 
25459 1.09417 
25460 1.0942 
25461 1.09423 
25462 1.09425 
25463 1.09427 
25464 1.09417 
25465 1.09417 
25466 1.09417 
25467 1.09417 
25468 1.09417 
25469 1.09416 
25470 1.09416 
25471 1.09416 
25472 1.09416 
25473 1.09416 
25474 1.09416 
25475 1.09416 
25476 1.09416 
25477 1.09416 
25478 1.09416 
25479 1.09416 
25480 1.09416 
25481 1.09416 
25482 1.09416 
25483 1.09416 
25484 1.09416 
25485 1.09416 
25486 1.09416 
25487 1.09416 
25488 1.09416 
25489 1.09416 
25490 1.09416 
25491 1.09416 
25492 1.09416 
25493 1.09416 
25494 1.09416 
25495 1.09416 
25496 1.09416 
25497 1.09416 
25498 1.09416 
25499 1.09416 
25500 1.09416 
25501 1.09416 
25502 1.09416 
25503 1.09415 
25504 1.09415 
25505 1.09415 
25506 1.09415 
25507 1.09415 
25508 1.09415 
25509 1.09415 
25510 1.09415 
25511 1.09415 
25512 1.09415 
25513 1.09415 
25514 1.09415 
25515 1.09415 
25516 1.09415 
25517 1.09415 
25518 1.09415 
25519 1.09415 
25520 1.09415 
25521 1.09415 
25522 1.09415 
25523 1.09415 
25524 1.09415 
25525 1.09415 
25526 1.09415 
25527 1.09415 
25528 1.09415 
25529 1.09415 
25530 1.09415 
25531 1.09415 
25532 1.09415 
25533 1.09414 
25534 1.09414 
25535 1.09414 
25536 1.09414 
25537 1.09414 
25538 1.09414 
25539 1.09414 
25540 1.09414 
25541 1.09414 
25542 1.09414 
25543 1.09414 
25544 1.09414 
25545 1.09414 
25546 1.09414 
25547 1.09414 
25548 1.09414 
25549 1.09414 
25550 1.09414 
25551 1.09414 
25552 1.09414 
25553 1.09413 
25554 1.09413 
25555 1.09413 
25556 1.09413 
25557 1.09413 
25558 1.09413 
25559 1.09412 
25560 1.09412 
25561 1.09412 
25562 1.09412 
25563 1.09412 
25564 1.09411 
25565 1.09411 
25566 1.09411 
25567 1.09411 
25568 1.0941 
25569 1.0941 
25570 1.0941 
25571 1.09409 
25572 1.09409 
25573 1.09409 
25574 1.09409 
25575 1.09409 
25576 1.09408 
25577 1.09408 
25578 1.09408 
25579 1.09408 
25580 1.09408 
25581 1.09407 
25582 1.09407 
25583 1.09407 
25584 1.09407 
25585 1.09407 
25586 1.09406 
25587 1.09406 
25588 1.09406 
25589 1.09406 
25590 1.09406 
25591 1.09406 
25592 1.09405 
25593 1.09405 
25594 1.09405 
25595 1.09405 
25596 1.09405 
25597 1.09405 
25598 1.09404 
25599 1.09404 
25600 1.09404 
25601 1.09404 
25602 1.09404 
25603 1.09404 
25604 1.09404 
25605 1.09403 
25606 1.09403 
25607 1.09403 
25608 1.09403 
25609 1.09403 
25610 1.09403 
25611 1.09403 
25612 1.09403 
25613 1.09403 
25614 1.09403 
25615 1.09403 
25616 1.09403 
25617 1.09403 
25618 1.09403 
25619 1.09403 
25620 1.09403 
25621 1.09403 
25622 1.09403 
25623 1.09403 
25624 1.09403 
25625 1.09403 
25626 1.09403 
25627 1.09403 
25628 1.09403 
25629 1.09403 
25630 1.09403 
25631 1.09404 
25632 1.09404 
25633 1.09404 
25634 1.09404 
25635 1.09404 
25636 1.09404 
25637 1.09404 
25638 1.09404 
25639 1.09404 
25640 1.09404 
25641 1.09404 
25642 1.09404 
25643 1.09404 
25644 1.09404 
25645 1.09404 
25646 1.09404 
25647 1.09404 
25648 1.09404 
25649 1.09404 
25650 1.09404 
25651 1.09419 
25652 1.09419 
25653 1.09419 
25654 1.09419 
25655 1.09419 
25656 1.09419 
25657 1.09419 
25658 1.09419 
25659 1.0942 
25660 1.0942 
25661 1.0942 
25662 1.0942 
25663 1.09421 
25664 1.09421 
25665 1.09422 
25666 1.09422 
25667 1.09423 
25668 1.09423 
25669 1.09424 
25670 1.09426 
25671 1.09426 
25672 1.09425 
25673 1.09424 
25674 1.09418 
25675 1.09417 
25676 1.09417 
25677 1.09414 
25678 1.09414 
25679 1.09414 
25680 1.09414 
25681 1.09414 
25682 1.09414 
25683 1.09413 
25684 1.09413 
25685 1.09413 
25686 1.09413 
25687 1.09413 
25688 1.09413 
25689 1.09413 
25690 1.09413 
25691 1.09413 
25692 1.09413 
25693 1.09413 
25694 1.09413 
25695 1.09413 
25696 1.09413 
25697 1.09413 
25698 1.09413 
25699 1.09413 
25700 1.09413 
25701 1.09413 
25702 1.09413 
25703 1.09413 
25704 1.09413 
25705 1.09413 
25706 1.09413 
25707 1.09413 
25708 1.09413 
25709 1.09413 
25710 1.09413 
25711 1.09412 
25712 1.09412 
25713 1.09412 
25714 1.09412 
25715 1.09412 
25716 1.09412 
25717 1.09412 
25718 1.09412 
25719 1.09412 
25720 1.09412 
25721 1.09412 
25722 1.09412 
25723 1.09412 
25724 1.09412 
25725 1.09412 
25726 1.09412 
25727 1.09412 
25728 1.09412 
25729 1.09412 
25730 1.09412 
25731 1.09412 
25732 1.09412 
25733 1.09412 
25734 1.09412 
25735 1.09412 
25736 1.09412 
25737 1.09412 
25738 1.09411 
25739 1.09411 
25740 1.09411 
25741 1.09411 
25742 1.09411 
25743 1.09411 
25744 1.09411 
25745 1.09411 
25746 1.09411 
25747 1.09411 
25748 1.09411 
25749 1.09411 
25750 1.09411 
25751 1.09411 
25752 1.09411 
25753 1.09411 
25754 1.09411 
25755 1.09411 
25756 1.0941 
25757 1.0941 
25758 1.0941 
25759 1.0941 
25760 1.0941 
25761 1.0941 
25762 1.0941 
25763 1.0941 
25764 1.0941 
25765 1.0941 
25766 1.09409 
25767 1.09409 
25768 1.09409 
25769 1.09409 
25770 1.09409 
25771 1.09408 
25772 1.09408 
25773 1.09408 
25774 1.09407 
25775 1.09407 
25776 1.09407 
25777 1.09406 
25778 1.09406 
25779 1.09406 
25780 1.09406 
25781 1.09406 
25782 1.09406 
25783 1.09405 
25784 1.09405 
25785 1.09405 
25786 1.09405 
25787 1.09404 
25788 1.09404 
25789 1.09404 
25790 1.09404 
25791 1.09403 
25792 1.09403 
25793 1.09403 
25794 1.09403 
25795 1.09402 
25796 1.09402 
25797 1.09402 
25798 1.09402 
25799 1.09402 
25800 1.09402 
25801 1.09401 
25802 1.09401 
25803 1.09401 
25804 1.09401 
25805 1.09401 
25806 1.09401 
25807 1.094 
25808 1.094 
25809 1.094 
25810 1.094 
25811 1.094 
25812 1.094 
25813 1.094 
25814 1.094 
25815 1.094 
25816 1.094 
25817 1.094 
25818 1.094 
25819 1.094 
25820 1.094 
25821 1.094 
25822 1.094 
25823 1.094 
25824 1.094 
25825 1.094 
25826 1.094 
25827 1.094 
25828 1.094 
25829 1.094 
25830 1.094 
25831 1.094 
25832 1.094 
25833 1.094 
25834 1.094 
25835 1.094 
25836 1.094 
25837 1.094 
25838 1.09401 
25839 1.09402 
25840 1.09403 
25841 1.09403 
25842 1.09403 
25843 1.09404 
25844 1.09404 
25845 1.09405 
25846 1.09406 
25847 1.09406 
25848 1.09407 
25849 1.09408 
25850 1.09409 
25851 1.09411 
25852 1.09412 
25853 1.09415 
25854 1.09416 
25855 1.09416 
25856 1.09415 
25857 1.09415 
25858 1.09405 
25859 1.09405 
25860 1.09405 
25861 1.09405 
25862 1.09405 
25863 1.09405 
25864 1.09405 
25865 1.09405 
25866 1.09405 
25867 1.09405 
25868 1.09405 
25869 1.09405 
25870 1.09405 
25871 1.09405 
25872 1.09405 
25873 1.09405 
25874 1.09405 
25875 1.09405 
25876 1.09405 
25877 1.09405 
25878 1.09405 
25879 1.09405 
25880 1.09405 
25881 1.09405 
25882 1.09405 
25883 1.09404 
25884 1.09404 
25885 1.09404 
25886 1.09404 
25887 1.09404 
25888 1.09404 
25889 1.09404 
25890 1.09404 
25891 1.09404 
25892 1.09404 
25893 1.09404 
25894 1.09404 
25895 1.09404 
25896 1.09404 
25897 1.09404 
25898 1.09404 
25899 1.09404 
25900 1.09404 
25901 1.09404 
25902 1.09404 
25903 1.09404 
25904 1.09404 
25905 1.09404 
25906 1.09404 
25907 1.09404 
25908 1.09404 
25909 1.09404 
25910 1.09404 
25911 1.09404 
25912 1.09404 
25913 1.09404 
25914 1.09404 
25915 1.09403 
25916 1.09403 
25917 1.09403 
25918 1.09403 
25919 1.09403 
25920 1.09403 
25921 1.09403 
25922 1.09403 
25923 1.09403 
25924 1.09403 
25925 1.09403 
25926 1.09403 
25927 1.09403 
25928 1.09403 
25929 1.09403 
25930 1.09403 
25931 1.09403 
25932 1.09403 
25933 1.09403 
25934 1.09402 
25935 1.09402 
25936 1.09402 
25937 1.09402 
25938 1.09402 
25939 1.09402 
25940 1.09402 
25941 1.09402 
25942 1.09402 
25943 1.09402 
25944 1.09402 
25945 1.09402 
25946 1.09401 
25947 1.09401 
25948 1.09401 
25949 1.09401 
25950 1.09401 
25951 1.094 
25952 1.094 
25953 1.094 
25954 1.09399 
25955 1.09399 
25956 1.09399 
25957 1.09399 
25958 1.09398 
25959 1.09398 
25960 1.09398 
25961 1.09398 
25962 1.09398 
25963 1.09398 
25964 1.09398 
25965 1.09398 
25966 1.09398 
25967 1.09397 
25968 1.09397 
25969 1.09397 
25970 1.09397 
25971 1.09397 
25972 1.09397 
25973 1.09396 
25974 1.09396 
25975 1.09396 
25976 1.09396 
25977 1.09396 
25978 1.09396 
25979 1.09396 
25980 1.09395 
25981 1.09395 
25982 1.09395 
25983 1.09394 
25984 1.09394 
25985 1.09394 
25986 1.09394 
25987 1.09394 
25988 1.09394 
25989 1.09394 
25990 1.09393 
25991 1.09393 
25992 1.09393 
25993 1.09393 
25994 1.09393 
25995 1.09393 
25996 1.09392 
25997 1.09392 
25998 1.09392 
25999 1.09392 
26000 1.09392 
26001 1.09392 
26002 1.09392 
26003 1.09392 
26004 1.09392 
26005 1.09392 
26006 1.09392 
26007 1.09392 
26008 1.09392 
26009 1.09392 
26010 1.09392 
26011 1.09392 
26012 1.09392 
26013 1.09392 
26014 1.09392 
26015 1.09392 
26016 1.09392 
26017 1.09392 
26018 1.09392 
26019 1.09392 
26020 1.09392 
26021 1.09392 
26022 1.09392 
26023 1.09392 
26024 1.09392 
26025 1.09392 
26026 1.09392 
26027 1.09392 
26028 1.09392 
26029 1.09392 
26030 1.09392 
26031 1.09392 
26032 1.09392 
26033 1.09392 
26034 1.09392 
26035 1.09392 
26036 1.09392 
26037 1.09392 
26038 1.09392 
26039 1.09405 
26040 1.09405 
26041 1.09405 
26042 1.09406 
26043 1.09406 
26044 1.09406 
26045 1.09406 
26046 1.09406 
26047 1.09407 
26048 1.09407 
26049 1.09407 
26050 1.09408 
26051 1.09408 
26052 1.09408 
26053 1.09409 
26054 1.0941 
26055 1.0941 
26056 1.09411 
26057 1.09413 
26058 1.09414 
26059 1.09413 
26060 1.0941 
26061 1.09405 
26062 1.094 
26063 1.094 
26064 1.09399 
26065 1.09399 
26066 1.09398 
26067 1.09398 
26068 1.09398 
26069 1.09397 
26070 1.09397 
26071 1.09397 
26072 1.09396 
26073 1.09396 
26074 1.09395 
26075 1.09394 
26076 1.09394 
26077 1.09393 
26078 1.09392 
26079 1.09392 
26080 1.09392 
26081 1.09391 
26082 1.09391 
26083 1.09391 
26084 1.0939 
26085 1.0939 
26086 1.0939 
26087 1.09389 
26088 1.09388 
26089 1.09388 
26090 1.09388 
26091 1.09387 
26092 1.09387 
26093 1.09387 
26094 1.09387 
26095 1.09387 
26096 1.09386 
26097 1.09386 
26098 1.09386 
26099 1.09386 
26100 1.09386 
26101 1.09386 
26102 1.09386 
26103 1.09386 
26104 1.09386 
26105 1.09386 
26106 1.09386 
26107 1.09386 
26108 1.09386 
26109 1.09386 
26110 1.09386 
26111 1.09386 
26112 1.09386 
26113 1.09386 
26114 1.09386 
26115 1.09386 
26116 1.09386 
26117 1.09386 
26118 1.09386 
26119 1.09386 
26120 1.09386 
26121 1.09386 
26122 1.09386 
26123 1.09386 
26124 1.09386 
26125 1.09386 
26126 1.09387 
26127 1.09387 
26128 1.09387 
26129 1.09387 
26130 1.09387 
26131 1.09389 
26132 1.09392 
26133 1.09393 
26134 1.09393 
26135 1.09394 
26136 1.09395 
26137 1.09396 
26138 1.09396 
26139 1.09398 
26140 1.09398 
26141 1.094 
26142 1.09402 
26143 1.09405 
26144 1.09407 
26145 1.09407 
26146 1.09407 
26147 1.09407 
26148 1.09407 
26149 1.09407 
26150 1.09406 
26151 1.09404 
26152 1.09401 
26153 1.09392 
26154 1.09392 
26155 1.09392 
26156 1.09392 
26157 1.09392 
26158 1.09391 
26159 1.09391 
26160 1.09391 
26161 1.09391 
26162 1.09391 
26163 1.09391 
26164 1.09391 
26165 1.09391 
26166 1.09391 
26167 1.09391 
26168 1.09391 
26169 1.09391 
26170 1.09391 
26171 1.09391 
26172 1.09391 
26173 1.09391 
26174 1.09391 
26175 1.09391 
26176 1.09391 
26177 1.09391 
26178 1.09391 
26179 1.09391 
26180 1.09391 
26181 1.09391 
26182 1.09391 
26183 1.09391 
26184 1.09391 
26185 1.09391 
26186 1.09391 
26187 1.09391 
26188 1.0939 
26189 1.0939 
26190 1.0939 
26191 1.0939 
26192 1.0939 
26193 1.0939 
26194 1.0939 
26195 1.0939 
26196 1.0939 
26197 1.0939 
26198 1.0939 
26199 1.0939 
26200 1.0939 
26201 1.0939 
26202 1.0939 
26203 1.0939 
26204 1.0939 
26205 1.0939 
26206 1.0939 
26207 1.0939 
26208 1.0939 
26209 1.0939 
26210 1.0939 
26211 1.0939 
26212 1.0939 
26213 1.0939 
26214 1.09389 
26215 1.09389 
26216 1.09389 
26217 1.09389 
26218 1.09389 
26219 1.09389 
26220 1.09389 
26221 1.09389 
26222 1.09389 
26223 1.09389 
26224 1.09389 
26225 1.09389 
26226 1.09389 
26227 1.09389 
26228 1.09389 
26229 1.09388 
26230 1.09388 
26231 1.09388 
26232 1.09388 
26233 1.09388 
26234 1.09388 
26235 1.09388 
26236 1.09388 
26237 1.09388 
26238 1.09388 
26239 1.09387 
26240 1.09387 
26241 1.09387 
26242 1.09387 
26243 1.09387 
26244 1.09387 
26245 1.09386 
26246 1.09386 
26247 1.09386 
26248 1.09386 
26249 1.09385 
26250 1.09385 
26251 1.09385 
26252 1.09385 
26253 1.09385 
26254 1.09385 
26255 1.09384 
26256 1.09384 
26257 1.09384 
26258 1.09384 
26259 1.09384 
26260 1.09384 
26261 1.09384 
26262 1.09384 
26263 1.09383 
26264 1.09383 
26265 1.09383 
26266 1.09383 
26267 1.09383 
26268 1.09382 
26269 1.09382 
26270 1.09382 
26271 1.09382 
26272 1.09382 
26273 1.09382 
26274 1.09382 
26275 1.09381 
26276 1.09381 
26277 1.09381 
26278 1.09381 
26279 1.09381 
26280 1.09381 
26281 1.0938 
26282 1.0938 
26283 1.0938 
26284 1.0938 
26285 1.0938 
26286 1.0938 
26287 1.0938 
26288 1.0938 
26289 1.09379 
26290 1.09379 
26291 1.09379 
26292 1.09379 
26293 1.09379 
26294 1.09379 
26295 1.09379 
26296 1.09378 
26297 1.09378 
26298 1.09378 
26299 1.09378 
26300 1.09378 
26301 1.09378 
26302 1.09378 
26303 1.09378 
26304 1.09378 
26305 1.09378 
26306 1.09378 
26307 1.09378 
26308 1.09378 
26309 1.09378 
26310 1.09378 
26311 1.09378 
26312 1.09378 
26313 1.09378 
26314 1.09378 
26315 1.09378 
26316 1.09378 
26317 1.09378 
26318 1.09378 
26319 1.09378 
26320 1.09378 
26321 1.09378 
26322 1.09378 
26323 1.09378 
26324 1.09378 
26325 1.09378 
26326 1.09378 
26327 1.09378 
26328 1.0938 
26329 1.0938 
26330 1.09382 
26331 1.09383 
26332 1.09383 
26333 1.09383 
26334 1.09383 
26335 1.09383 
26336 1.09383 
26337 1.09384 
26338 1.09384 
26339 1.09384 
26340 1.09384 
26341 1.09385 
26342 1.09385 
26343 1.09386 
26344 1.09385 
26345 1.09385 
26346 1.09383 
26347 1.09381 
26348 1.0937 
26349 1.0937 
26350 1.0937 
26351 1.0937 
26352 1.0937 
26353 1.0937 
26354 1.0937 
26355 1.0937 
26356 1.0937 
26357 1.0937 
26358 1.0937 
26359 1.0937 
26360 1.0937 
26361 1.0937 
26362 1.09369 
26363 1.09369 
26364 1.09369 
26365 1.09369 
26366 1.09369 
26367 1.09369 
26368 1.09369 
26369 1.09369 
26370 1.09369 
26371 1.09369 
26372 1.09369 
26373 1.09369 
26374 1.09369 
26375 1.09369 
26376 1.09369 
26377 1.09369 
26378 1.09369 
26379 1.09369 
26380 1.09369 
26381 1.09368 
26382 1.09368 
26383 1.09368 
26384 1.09368 
26385 1.09368 
26386 1.09368 
26387 1.09368 
26388 1.09368 
26389 1.09368 
26390 1.09368 
26391 1.09368 
26392 1.09368 
26393 1.09368 
26394 1.09367 
26395 1.09367 
26396 1.09367 
26397 1.09367 
26398 1.09367 
26399 1.09367 
26400 1.09367 
26401 1.09367 
26402 1.09367 
26403 1.09367 
26404 1.09367 
26405 1.09366 
26406 1.09366 
26407 1.09366 
26408 1.09366 
26409 1.09366 
26410 1.09365 
26411 1.09365 
26412 1.09365 
26413 1.09365 
26414 1.09365 
26415 1.09365 
26416 1.09364 
26417 1.09364 
26418 1.09364 
26419 1.09364 
26420 1.09363 
26421 1.09363 
26422 1.09363 
26423 1.09363 
26424 1.09363 
26425 1.09363 
26426 1.09363 
26427 1.09362 
26428 1.09362 
26429 1.09362 
26430 1.09362 
26431 1.09362 
26432 1.09361 
26433 1.09361 
26434 1.09361 
26435 1.09361 
26436 1.0936 
26437 1.0936 
26438 1.0936 
26439 1.0936 
26440 1.09359 
26441 1.09359 
26442 1.09359 
26443 1.09359 
26444 1.09359 
26445 1.09359 
26446 1.09358 
26447 1.09358 
26448 1.09358 
26449 1.09358 
26450 1.09358 
26451 1.09358 
26452 1.09358 
26453 1.09357 
26454 1.09357 
26455 1.09357 
26456 1.09357 
26457 1.09357 
26458 1.09357 
26459 1.09357 
26460 1.09357 
26461 1.09356 
26462 1.09356 
26463 1.09356 
26464 1.09356 
26465 1.09356 
26466 1.09356 
26467 1.09356 
26468 1.09356 
26469 1.09356 
26470 1.09356 
26471 1.09356 
26472 1.09356 
26473 1.09356 
26474 1.09356 
26475 1.09356 
26476 1.09356 
26477 1.09356 
26478 1.09356 
26479 1.09356 
26480 1.09356 
26481 1.09356 
26482 1.09356 
26483 1.09356 
26484 1.09356 
26485 1.09356 
26486 1.09356 
26487 1.09356 
26488 1.09356 
26489 1.09356 
26490 1.09356 
26491 1.09356 
26492 1.09356 
26493 1.09356 
26494 1.09357 
26495 1.09357 
26496 1.09357 
26497 1.09357 
26498 1.09357 
26499 1.09357 
26500 1.09359 
26501 1.0936 
26502 1.09361 
26503 1.09361 
26504 1.09362 
26505 1.09362 
26506 1.09363 
26507 1.09363 
26508 1.09364 
26509 1.09364 
26510 1.09364 
26511 1.09364 
26512 1.09365 
26513 1.09365 
26514 1.09365 
26515 1.09366 
26516 1.09367 
26517 1.09368 
26518 1.09368 
26519 1.09368 
26520 1.09368 
26521 1.09367 
26522 1.09367 
26523 1.09366 
26524 1.09364 
26525 1.09354 
26526 1.09354 
26527 1.09354 
26528 1.09354 
26529 1.09354 
26530 1.09354 
26531 1.09354 
26532 1.09354 
26533 1.09354 
26534 1.09354 
26535 1.09354 
26536 1.09354 
26537 1.09354 
26538 1.09354 
26539 1.09354 
26540 1.09354 
26541 1.09354 
26542 1.09354 
26543 1.09353 
26544 1.09353 
26545 1.09353 
26546 1.09353 
26547 1.09353 
26548 1.09353 
26549 1.09353 
26550 1.09353 
26551 1.09353 
26552 1.09353 
26553 1.09353 
26554 1.09353 
26555 1.09353 
26556 1.09353 
26557 1.09353 
26558 1.09353 
26559 1.09353 
26560 1.09353 
26561 1.09353 
26562 1.09353 
26563 1.09353 
26564 1.09353 
26565 1.09353 
26566 1.09353 
26567 1.09353 
26568 1.09353 
26569 1.09353 
26570 1.09353 
26571 1.09353 
26572 1.09353 
26573 1.09353 
26574 1.09353 
26575 1.09353 
26576 1.09352 
26577 1.09352 
26578 1.09352 
26579 1.09352 
26580 1.09352 
26581 1.09352 
26582 1.09352 
26583 1.09352 
26584 1.09352 
26585 1.09352 
26586 1.09352 
26587 1.09352 
26588 1.09352 
26589 1.09352 
26590 1.09352 
26591 1.09352 
26592 1.09352 
26593 1.09352 
26594 1.09352 
26595 1.09351 
26596 1.09351 
26597 1.09351 
26598 1.09351 
26599 1.09351 
26600 1.09351 
26601 1.09351 
26602 1.09351 
26603 1.09351 
26604 1.09351 
26605 1.09351 
26606 1.09351 
26607 1.09351 
26608 1.09351 
26609 1.0935 
26610 1.0935 
26611 1.0935 
26612 1.0935 
26613 1.0935 
26614 1.09349 
26615 1.09349 
26616 1.09349 
26617 1.09349 
26618 1.09349 
26619 1.09349 
26620 1.09349 
26621 1.09348 
26622 1.09348 
26623 1.09348 
26624 1.09348 
26625 1.09347 
26626 1.09347 
26627 1.09347 
26628 1.09347 
26629 1.09347 
26630 1.09347 
26631 1.09347 
26632 1.09346 
26633 1.09346 
26634 1.09346 
26635 1.09346 
26636 1.09346 
26637 1.09345 
26638 1.09345 
26639 1.09345 
26640 1.09345 
26641 1.09345 
26642 1.09345 
26643 1.09345 
26644 1.09344 
26645 1.09344 
26646 1.09344 
26647 1.09343 
26648 1.09343 
26649 1.09343 
26650 1.09343 
26651 1.09343 
26652 1.09343 
26653 1.09343 
26654 1.09342 
26655 1.09342 
26656 1.09342 
26657 1.09342 
26658 1.09342 
26659 1.09342 
26660 1.09342 
26661 1.09342 
26662 1.09341 
26663 1.09341 
26664 1.09341 
26665 1.09341 
26666 1.09341 
26667 1.09341 
26668 1.09341 
26669 1.09341 
26670 1.09341 
26671 1.09341 
26672 1.09341 
26673 1.09341 
26674 1.09341 
26675 1.09341 
26676 1.09341 
26677 1.09341 
26678 1.09341 
26679 1.09341 
26680 1.09341 
26681 1.09341 
26682 1.09341 
26683 1.09341 
26684 1.09341 
26685 1.09341 
26686 1.09341 
26687 1.09341 
26688 1.09341 
26689 1.09341 
26690 1.09341 
26691 1.09341 
26692 1.09341 
26693 1.09341 
26694 1.09341 
26695 1.09341 
26696 1.09341 
26697 1.09341 
26698 1.09341 
26699 1.09341 
26700 1.09341 
26701 1.09341 
26702 1.09341 
26703 1.09342 
26704 1.09342 
26705 1.09342 
26706 1.09343 
26707 1.09344 
26708 1.09345 
26709 1.09346 
26710 1.09347 
26711 1.09347 
26712 1.09348 
26713 1.09348 
26714 1.09348 
26715 1.09349 
26716 1.09349 
26717 1.09349 
26718 1.0935 
26719 1.0935 
26720 1.09351 
26721 1.09352 
26722 1.09352 
26723 1.09351 
26724 1.09349 
26725 1.09346 
26726 1.09341 
26727 1.0933 
26728 1.0933 
26729 1.0933 
26730 1.0933 
26731 1.0933 
26732 1.0933 
26733 1.0933 
26734 1.0933 
26735 1.0933 
26736 1.09329 
26737 1.09329 
26738 1.09329 
26739 1.09329 
26740 1.09329 
26741 1.09329 
26742 1.09329 
26743 1.09329 
26744 1.09329 
26745 1.09329 
26746 1.09329 
26747 1.09329 
26748 1.09329 
26749 1.09329 
26750 1.09329 
26751 1.09329 
26752 1.09329 
26753 1.09329 
26754 1.09329 
26755 1.09329 
26756 1.09329 
26757 1.09329 
26758 1.09329 
26759 1.09329 
26760 1.09329 
26761 1.09329 
26762 1.09329 
26763 1.09329 
26764 1.09329 
26765 1.09329 
26766 1.09329 
26767 1.09329 
26768 1.09329 
26769 1.09329 
26770 1.09329 
26771 1.09329 
26772 1.09328 
26773 1.09328 
26774 1.09328 
26775 1.09328 
26776 1.09328 
26777 1.09328 
26778 1.09328 
26779 1.09328 
26780 1.09328 
26781 1.09328 
26782 1.09328 
26783 1.09328 
26784 1.09328 
26785 1.09328 
26786 1.09328 
26787 1.09328 
26788 1.09328 
26789 1.09328 
26790 1.09328 
26791 1.09328 
26792 1.09328 
26793 1.09328 
26794 1.09328 
26795 1.09328 
26796 1.09328 
26797 1.09328 
26798 1.09328 
26799 1.09328 
26800 1.09327 
26801 1.09327 
26802 1.09327 
26803 1.09327 
26804 1.09327 
26805 1.09327 
26806 1.09327 
26807 1.09327 
26808 1.09327 
26809 1.09327 
26810 1.09327 
26811 1.09327 
26812 1.09327 
26813 1.09327 
26814 1.09327 
26815 1.09327 
26816 1.09327 
26817 1.09326 
26818 1.09326 
26819 1.09326 
26820 1.09326 
26821 1.09326 
26822 1.09326 
26823 1.09326 
26824 1.09326 
26825 1.09326 
26826 1.09326 
26827 1.09326 
26828 1.09326 
26829 1.09325 
26830 1.09325 
26831 1.09325 
26832 1.09325 
26833 1.09325 
26834 1.09325 
26835 1.09324 
26836 1.09324 
26837 1.09324 
26838 1.09324 
26839 1.09324 
26840 1.09323 
26841 1.09323 
26842 1.09323 
26843 1.09322 
26844 1.09322 
26845 1.09322 
26846 1.09322 
26847 1.09322 
26848 1.09322 
26849 1.09321 
26850 1.09321 
26851 1.09321 
26852 1.09321 
26853 1.09321 
26854 1.09321 
26855 1.0932 
26856 1.0932 
26857 1.0932 
26858 1.0932 
26859 1.09319 
26860 1.09319 
26861 1.09319 
26862 1.09319 
26863 1.09318 
26864 1.09318 
26865 1.09318 
26866 1.09317 
26867 1.09317 
26868 1.09317 
26869 1.09317 
26870 1.09317 
26871 1.09317 
26872 1.09317 
26873 1.09316 
26874 1.09316 
26875 1.09316 
26876 1.09316 
26877 1.09316 
26878 1.09316 
26879 1.09316 
26880 1.09316 
26881 1.09316 
26882 1.09315 
26883 1.09315 
26884 1.09315 
26885 1.09315 
26886 1.09315 
26887 1.09315 
26888 1.09315 
26889 1.09315 
26890 1.09315 
26891 1.09315 
26892 1.09315 
26893 1.09314 
26894 1.09314 
26895 1.09314 
26896 1.09314 
26897 1.09314 
26898 1.09314 
26899 1.09314 
26900 1.09315 
26901 1.09315 
26902 1.09315 
26903 1.09315 
26904 1.09315 
26905 1.09315 
26906 1.09315 
26907 1.09315 
26908 1.09315 
26909 1.09315 
26910 1.09315 
26911 1.09315 
26912 1.09315 
26913 1.09315 
26914 1.09315 
26915 1.09315 
26916 1.09315 
26917 1.09315 
26918 1.09315 
26919 1.09315 
26920 1.09315 
26921 1.09317 
26922 1.09318 
26923 1.09319 
26924 1.09319 
26925 1.09319 
26926 1.09319 
26927 1.09319 
26928 1.09319 
26929 1.0932 
26930 1.0932 
26931 1.0932 
26932 1.0932 
26933 1.0932 
26934 1.09321 
26935 1.09321 
26936 1.09321 
26937 1.09322 
26938 1.09322 
26939 1.09321 
26940 1.0932 
26941 1.09319 
26942 1.09317 
26943 1.09315 
26944 1.09309 
26945 1.09297 
26946 1.09286 
26947 1.09286 
26948 1.09286 
26949 1.09286 
26950 1.09286 
26951 1.09286 
26952 1.09286 
26953 1.09285 
26954 1.09285 
26955 1.09285 
26956 1.09285 
26957 1.09285 
26958 1.09285 
26959 1.09285 
26960 1.09285 
26961 1.09285 
26962 1.09285 
26963 1.09285 
26964 1.09285 
26965 1.09285 
26966 1.09285 
26967 1.09285 
26968 1.09285 
26969 1.09285 
26970 1.09285 
26971 1.09285 
26972 1.09285 
26973 1.09285 
26974 1.09285 
26975 1.09285 
26976 1.09285 
26977 1.09284 
26978 1.09284 
26979 1.09284 
26980 1.09284 
26981 1.09284 
26982 1.09284 
26983 1.09284 
26984 1.09284 
26985 1.09284 
26986 1.09284 
26987 1.09284 
26988 1.09284 
26989 1.09284 
26990 1.09284 
26991 1.09284 
26992 1.09284 
26993 1.09284 
26994 1.09283 
26995 1.09283 
26996 1.09283 
26997 1.09283 
26998 1.09283 
26999 1.09283 
27000 1.09283 
27001 1.09283 
27002 1.09283 
27003 1.09283 
27004 1.09283 
27005 1.09283 
27006 1.09282 
27007 1.09282 
27008 1.09282 
27009 1.09282 
27010 1.09282 
27011 1.09282 
27012 1.09282 
27013 1.09282 
27014 1.09282 
27015 1.09281 
27016 1.09281 
27017 1.09281 
27018 1.09281 
27019 1.09281 
27020 1.09281 
27021 1.0928 
27022 1.0928 
27023 1.0928 
27024 1.0928 
27025 1.0928 
27026 1.0928 
27027 1.09279 
27028 1.09279 
27029 1.09279 
27030 1.09279 
27031 1.09279 
27032 1.09278 
27033 1.09278 
27034 1.09278 
27035 1.09278 
27036 1.09278 
27037 1.09278 
27038 1.09278 
27039 1.09278 
27040 1.09277 
27041 1.09277 
27042 1.09277 
27043 1.09277 
27044 1.09277 
27045 1.09277 
27046 1.09276 
27047 1.09276 
27048 1.09276 
27049 1.09276 
27050 1.09275 
27051 1.09275 
27052 1.09275 
27053 1.09275 
27054 1.09275 
27055 1.09274 
27056 1.09274 
27057 1.09274 
27058 1.09274 
27059 1.09273 
27060 1.09273 
27061 1.09273 
27062 1.09273 
27063 1.09273 
27064 1.09273 
27065 1.09273 
27066 1.09273 
27067 1.09272 
27068 1.09272 
27069 1.09272 
27070 1.09272 
27071 1.09272 
27072 1.09272 
27073 1.09272 
27074 1.09272 
27075 1.09271 
27076 1.09271 
27077 1.09271 
27078 1.09271 
27079 1.09271 
27080 1.09271 
27081 1.09271 
27082 1.09271 
27083 1.09271 
27084 1.09271 
27085 1.09271 
27086 1.09271 
27087 1.09271 
27088 1.09271 
27089 1.09271 
27090 1.09271 
27091 1.09271 
27092 1.09271 
27093 1.09271 
27094 1.09271 
27095 1.09271 
27096 1.09271 
27097 1.09271 
27098 1.09271 
27099 1.09271 
27100 1.09272 
27101 1.09272 
27102 1.09274 
27103 1.09274 
27104 1.09275 
27105 1.09275 
27106 1.09275 
27107 1.09275 
27108 1.09275 
27109 1.09275 
27110 1.09275 
27111 1.09276 
27112 1.09276 
27113 1.09277 
27114 1.09277 
27115 1.09276 
27116 1.09276 
27117 1.09274 
27118 1.09272 
27119 1.0927 
27120 1.09266 
27121 1.0926 
27122 1.09247 
27123 1.09235 
27124 1.09235 
27125 1.09235 
27126 1.09235 
27127 1.09235 
27128 1.09235 
27129 1.09235 
27130 1.09235 
27131 1.09235 
27132 1.09235 
27133 1.09235 
27134 1.09235 
27135 1.09235 
27136 1.09235 
27137 1.09235 
27138 1.09235 
27139 1.09235 
27140 1.09235 
27141 1.09235 
27142 1.09235 
27143 1.09235 
27144 1.09235 
27145 1.09235 
27146 1.09235 
27147 1.09235 
27148 1.09234 
27149 1.09234 
27150 1.09234 
27151 1.09234 
27152 1.09234 
27153 1.09234 
27154 1.09234 
27155 1.09234 
27156 1.09234 
27157 1.09234 
27158 1.09234 
27159 1.09234 
27160 1.09234 
27161 1.09234 
27162 1.09234 
27163 1.09234 
27164 1.09234 
27165 1.09234 
27166 1.09234 
27167 1.09234 
27168 1.09234 
27169 1.09234 
27170 1.09234 
27171 1.09234 
27172 1.09234 
27173 1.09234 
27174 1.09234 
27175 1.09234 
27176 1.09234 
27177 1.09234 
27178 1.09234 
27179 1.09234 
27180 1.09234 
27181 1.09233 
27182 1.09233 
27183 1.09233 
27184 1.09233 
27185 1.09233 
27186 1.09233 
27187 1.09233 
27188 1.09233 
27189 1.09233 
27190 1.09233 
27191 1.09233 
27192 1.09233 
27193 1.09233 
27194 1.09233 
27195 1.09233 
27196 1.09233 
27197 1.09233 
27198 1.09233 
27199 1.09233 
27200 1.09233 
27201 1.09232 
27202 1.09232 
27203 1.09232 
27204 1.09232 
27205 1.09232 
27206 1.09232 
27207 1.09232 
27208 1.09232 
27209 1.09232 
27210 1.09232 
27211 1.09232 
27212 1.09232 
27213 1.09232 
27214 1.09232 
27215 1.09232 
27216 1.09231 
27217 1.09231 
27218 1.09231 
27219 1.09231 
27220 1.09231 
27221 1.09231 
27222 1.0923 
27223 1.0923 
27224 1.0923 
27225 1.0923 
27226 1.0923 
27227 1.0923 
27228 1.09229 
27229 1.09229 
27230 1.09229 
27231 1.09229 
27232 1.09228 
27233 1.09228 
27234 1.09228 
27235 1.09227 
27236 1.09227 
27237 1.09227 
27238 1.09227 
27239 1.09227 
27240 1.09227 
27241 1.09227 
27242 1.09227 
27243 1.09226 
27244 1.09226 
27245 1.09226 
27246 1.09226 
27247 1.09226 
27248 1.09225 
27249 1.09225 
27250 1.09225 
27251 1.09224 
27252 1.09224 
27253 1.09224 
27254 1.09224 
27255 1.09223 
27256 1.09222 
27257 1.09222 
27258 1.09222 
27259 1.09222 
27260 1.09222 
27261 1.09222 
27262 1.09222 
27263 1.09222 
27264 1.09221 
27265 1.09221 
27266 1.09221 
27267 1.09221 
27268 1.09221 
27269 1.09221 
27270 1.09221 
27271 1.09221 
27272 1.09221 
27273 1.0922 
27274 1.0922 
27275 1.0922 
27276 1.0922 
27277 1.0922 
27278 1.0922 
27279 1.0922 
27280 1.0922 
27281 1.0922 
27282 1.09219 
27283 1.09219 
27284 1.09219 
27285 1.09219 
27286 1.09219 
27287 1.09219 
27288 1.09219 
27289 1.09219 
27290 1.09219 
27291 1.09219 
27292 1.09219 
27293 1.09219 
27294 1.09219 
27295 1.09219 
27296 1.0922 
27297 1.0922 
27298 1.0922 
27299 1.0922 
27300 1.0922 
27301 1.0922 
27302 1.0922 
27303 1.0922 
27304 1.0922 
27305 1.0922 
27306 1.09221 
27307 1.09222 
27308 1.09222 
27309 1.09222 
27310 1.09222 
27311 1.09223 
27312 1.09223 
27313 1.09223 
27314 1.09223 
27315 1.09223 
27316 1.09223 
27317 1.09224 
27318 1.09224 
27319 1.09224 
27320 1.09224 
27321 1.09222 
27322 1.09221 
27323 1.09218 
27324 1.09214 
27325 1.09209 
27326 1.09199 
27327 1.09177 
27328 1.09171 
27329 1.09171 
27330 1.09171 
27331 1.09168 
27332 1.09166 
27333 1.09166 
27334 1.09166 
27335 1.09166 
27336 1.09166 
27337 1.09166 
27338 1.09166 
27339 1.09166 
27340 1.09166 
27341 1.09166 
27342 1.09166 
27343 1.09166 
27344 1.09166 
27345 1.09166 
27346 1.09166 
27347 1.09165 
27348 1.09165 
27349 1.09165 
27350 1.09165 
27351 1.09165 
27352 1.09165 
27353 1.09165 
27354 1.09165 
27355 1.09165 
27356 1.09165 
27357 1.09165 
27358 1.09165 
27359 1.09165 
27360 1.09165 
27361 1.09165 
27362 1.09165 
27363 1.09165 
27364 1.09165 
27365 1.09165 
27366 1.09165 
27367 1.09165 
27368 1.09165 
27369 1.09165 
27370 1.09165 
27371 1.09165 
27372 1.09165 
27373 1.09165 
27374 1.09165 
27375 1.09165 
27376 1.09165 
27377 1.09165 
27378 1.09165 
27379 1.09165 
27380 1.09165 
27381 1.09165 
27382 1.09164 
27383 1.09164 
27384 1.09164 
27385 1.09164 
27386 1.09164 
27387 1.09164 
27388 1.09164 
27389 1.09164 
27390 1.09164 
27391 1.09164 
27392 1.09164 
27393 1.09164 
27394 1.09164 
27395 1.09164 
27396 1.09164 
27397 1.09164 
27398 1.09164 
27399 1.09164 
27400 1.09164 
27401 1.09164 
27402 1.09163 
27403 1.09163 
27404 1.09163 
27405 1.09163 
27406 1.09163 
27407 1.09163 
27408 1.09163 
27409 1.09163 
27410 1.09163 
27411 1.09163 
27412 1.09163 
27413 1.09162 
27414 1.09162 
27415 1.09162 
27416 1.09162 
27417 1.09162 
27418 1.09162 
27419 1.09162 
27420 1.09162 
27421 1.09161 
27422 1.09161 
27423 1.09161 
27424 1.09161 
27425 1.09161 
27426 1.09161 
27427 1.0916 
27428 1.0916 
27429 1.0916 
27430 1.0916 
27431 1.0916 
27432 1.09159 
27433 1.09159 
27434 1.09159 
27435 1.09158 
27436 1.09158 
27437 1.09158 
27438 1.09158 
27439 1.09158 
27440 1.09158 
27441 1.09158 
27442 1.09158 
27443 1.09157 
27444 1.09157 
27445 1.09157 
27446 1.09157 
27447 1.09157 
27448 1.09156 
27449 1.09156 
27450 1.09156 
27451 1.09156 
27452 1.09155 
27453 1.09155 
27454 1.09155 
27455 1.09155 
27456 1.09155 
27457 1.09155 
27458 1.09154 
27459 1.09154 
27460 1.09154 
27461 1.09153 
27462 1.09153 
27463 1.09153 
27464 1.09153 
27465 1.09153 
27466 1.09153 
27467 1.09153 
27468 1.09153 
27469 1.09153 
27470 1.09152 
27471 1.09152 
27472 1.09152 
27473 1.09152 
27474 1.09152 
27475 1.09152 
27476 1.09152 
27477 1.09152 
27478 1.09152 
27479 1.09151 
27480 1.09151 
27481 1.09151 
27482 1.09151 
27483 1.09151 
27484 1.09151 
27485 1.09151 
27486 1.09151 
27487 1.09151 
27488 1.0915 
27489 1.0915 
27490 1.09148 
27491 1.09148 
27492 1.09148 
27493 1.09148 
27494 1.09148 
27495 1.09148 
27496 1.09148 
27497 1.09148 
27498 1.09148 
27499 1.09147 
27500 1.09147 
27501 1.09147 
27502 1.09147 
27503 1.09147 
27504 1.09147 
27505 1.09147 
27506 1.09147 
27507 1.09147 
27508 1.09147 
27509 1.09146 
27510 1.09146 
27511 1.09145 
27512 1.09144 
27513 1.09143 
27514 1.09141 
27515 1.09139 
27516 1.09137 
27517 1.09134 
27518 1.09128 
27519 1.09117 
27520 1.09103 
27521 1.09095 
27522 1.09095 
27523 1.09094 
27524 1.09094 
27525 1.09093 
27526 1.09093 
27527 1.09093 
27528 1.09093 
27529 1.09093 
27530 1.09093 
27531 1.09093 
27532 1.09093 
27533 1.09093 
27534 1.09093 
27535 1.09093 
27536 1.09093 
27537 1.09093 
27538 1.09092 
27539 1.09092 
27540 1.09092 
27541 1.09092 
27542 1.09092 
27543 1.09092 
27544 1.09092 
27545 1.09092 
27546 1.09092 
27547 1.09092 
27548 1.09092 
27549 1.09092 
27550 1.09092 
27551 1.09092 
27552 1.09092 
27553 1.09092 
27554 1.09092 
27555 1.09092 
27556 1.09092 
27557 1.09092 
27558 1.09092 
27559 1.09092 
27560 1.09092 
27561 1.09092 
27562 1.09092 
27563 1.09092 
27564 1.09092 
27565 1.09092 
27566 1.09092 
27567 1.09092 
27568 1.09092 
27569 1.09092 
27570 1.09092 
27571 1.09092 
27572 1.09092 
27573 1.09092 
27574 1.09091 
27575 1.09091 
27576 1.09091 
27577 1.09091 
27578 1.09091 
27579 1.09091 
27580 1.09091 
27581 1.09091 
27582 1.09091 
27583 1.09091 
27584 1.09091 
27585 1.09091 
27586 1.09091 
27587 1.09091 
27588 1.09091 
27589 1.09091 
27590 1.09091 
27591 1.09091 
27592 1.09091 
27593 1.09091 
27594 1.09091 
27595 1.09091 
27596 1.09091 
27597 1.09091 
27598 1.09091 
27599 1.09091 
27600 1.0909 
27601 1.0909 
27602 1.0909 
27603 1.0909 
27604 1.0909 
27605 1.0909 
27606 1.0909 
27607 1.0909 
27608 1.0909 
27609 1.0909 
27610 1.0909 
27611 1.0909 
27612 1.0909 
27613 1.0909 
27614 1.0909 
27615 1.0909 
27616 1.0909 
27617 1.0909 
27618 1.0909 
27619 1.0909 
27620 1.09089 
27621 1.09089 
27622 1.09089 
27623 1.09089 
27624 1.09089 
27625 1.09089 
27626 1.09088 
27627 1.09088 
27628 1.09088 
27629 1.09087 
27630 1.09087 
27631 1.09087 
27632 1.09086 
27633 1.09086 
27634 1.09086 
27635 1.09086 
27636 1.09086 
27637 1.09086 
27638 1.09085 
27639 1.09085 
27640 1.09085 
27641 1.09085 
27642 1.09085 
27643 1.09085 
27644 1.09084 
27645 1.09084 
27646 1.09084 
27647 1.09084 
27648 1.09084 
27649 1.09084 
27650 1.09083 
27651 1.09083 
27652 1.09082 
27653 1.09082 
27654 1.09081 
27655 1.09081 
27656 1.09081 
27657 1.09081 
27658 1.09081 
27659 1.09081 
27660 1.09081 
27661 1.09081 
27662 1.09081 
27663 1.09081 
27664 1.09081 
27665 1.09081 
27666 1.09081 
27667 1.09081 
27668 1.09081 
27669 1.09081 
27670 1.09081 
27671 1.09081 
27672 1.09081 
27673 1.09081 
27674 1.09081 
27675 1.09081 
27676 1.09081 
27677 1.09081 
27678 1.09081 
27679 1.09081 
27680 1.09081 
27681 1.09081 
27682 1.09081 
27683 1.09081 
27684 1.09081 
27685 1.09081 
27686 1.09081 
27687 1.09081 
27688 1.09081 
27689 1.09081 
27690 1.09081 
27691 1.09081 
27692 1.09081 
27693 1.09081 
27694 1.09081 
27695 1.0908 
27696 1.0908 
27697 1.0908 
27698 1.0908 
27699 1.0908 
27700 1.0908 
27701 1.0908 
27702 1.0908 
27703 1.0908 
27704 1.0908 
27705 1.0908 
27706 1.0908 
27707 1.0908 
27708 1.0908 
27709 1.0908 
27710 1.0908 
27711 1.0908 
27712 1.0908 
27713 1.0908 
27714 1.0908 
27715 1.0908 
27716 1.0908 
27717 1.0908 
27718 1.0908 
27719 1.0908 
27720 1.0908 
27721 1.0908 
27722 1.09081 
27723 1.09081 
27724 1.09083 
27725 1.09084 
27726 1.09084 
27727 1.09084 
27728 1.09084 
27729 1.09084 
27730 1.09084 
27731 1.09083 
27732 1.09082 
27733 1.09081 
27734 1.0908 
27735 1.09078 
27736 1.09075 
27737 1.09071 
27738 1.09068 
27739 1.09062 
27740 1.09051 
27741 1.0903 
27742 1.09023 
27743 1.09023 
27744 1.09022 
27745 1.09021 
27746 1.0902 
27747 1.0902 
27748 1.0902 
27749 1.0902 
27750 1.0902 
27751 1.0902 
27752 1.0902 
27753 1.0902 
27754 1.0902 
27755 1.0902 
27756 1.0902 
27757 1.09019 
27758 1.09019 
27759 1.09019 
27760 1.09019 
27761 1.09019 
27762 1.09019 
27763 1.09019 
27764 1.09019 
27765 1.09019 
27766 1.09019 
27767 1.09019 
27768 1.09019 
27769 1.09019 
27770 1.09019 
27771 1.09019 
27772 1.09019 
27773 1.09019 
27774 1.09019 
27775 1.09019 
27776 1.09019 
27777 1.09019 
27778 1.09019 
27779 1.09019 
27780 1.09019 
27781 1.09019 
27782 1.09019 
27783 1.09019 
27784 1.09019 
27785 1.09019 
27786 1.09019 
27787 1.09019 
27788 1.09019 
27789 1.09019 
27790 1.09018 
27791 1.09018 
27792 1.09018 
27793 1.09018 
27794 1.09018 
27795 1.09018 
27796 1.09018 
27797 1.09018 
27798 1.09018 
27799 1.09018 
27800 1.09018 
27801 1.09018 
27802 1.09018 
27803 1.09018 
27804 1.09018 
27805 1.09018 
27806 1.09018 
27807 1.09018 
27808 1.09018 
27809 1.09018 
27810 1.09018 
27811 1.09018 
27812 1.09018 
27813 1.09018 
27814 1.09018 
27815 1.09018 
27816 1.09018 
27817 1.09017 
27818 1.09017 
27819 1.09017 
27820 1.09017 
27821 1.09017 
27822 1.09017 
27823 1.09017 
27824 1.09017 
27825 1.09017 
27826 1.09017 
27827 1.09017 
27828 1.09017 
27829 1.09017 
27830 1.09017 
27831 1.09017 
27832 1.09017 
27833 1.09017 
27834 1.09016 
27835 1.09016 
27836 1.09016 
27837 1.09016 
27838 1.09016 
27839 1.09016 
27840 1.09016 
27841 1.09016 
27842 1.09016 
27843 1.09016 
27844 1.09016 
27845 1.09016 
27846 1.09015 
27847 1.09015 
27848 1.09015 
27849 1.09015 
27850 1.09015 
27851 1.09015 
27852 1.09015 
27853 1.09015 
27854 1.09014 
27855 1.09014 
27856 1.09013 
27857 1.09013 
27858 1.09013 
27859 1.09013 
27860 1.09013 
27861 1.09013 
27862 1.09013 
27863 1.09013 
27864 1.09013 
27865 1.09012 
27866 1.09012 
27867 1.09012 
27868 1.09012 
27869 1.09011 
27870 1.09011 
27871 1.09011 
27872 1.09011 
27873 1.09011 
27874 1.0901 
27875 1.0901 
27876 1.0901 
27877 1.0901 
27878 1.09009 
27879 1.09009 
27880 1.09009 
27881 1.09009 
27882 1.09008 
27883 1.09008 
27884 1.09008 
27885 1.09008 
27886 1.09008 
27887 1.09008 
27888 1.09008 
27889 1.09008 
27890 1.09008 
27891 1.09008 
27892 1.09008 
27893 1.09008 
27894 1.09007 
27895 1.09007 
27896 1.09007 
27897 1.09007 
27898 1.09007 
27899 1.09007 
27900 1.09007 
27901 1.09007 
27902 1.09007 
27903 1.09007 
27904 1.09007 
27905 1.09007 
27906 1.09006 
27907 1.09006 
27908 1.09006 
27909 1.09004 
27910 1.09004 
27911 1.09004 
27912 1.09004 
27913 1.09004 
27914 1.09004 
27915 1.09003 
27916 1.09003 
27917 1.09003 
27918 1.09003 
27919 1.09003 
27920 1.09003 
27921 1.09003 
27922 1.09003 
27923 1.09002 
27924 1.09002 
27925 1.09002 
27926 1.09002 
27927 1.09002 
27928 1.09 
27929 1.08999 
27930 1.08998 
27931 1.08997 
27932 1.08995 
27933 1.08993 
27934 1.08991 
27935 1.08988 
27936 1.08985 
27937 1.0898 
27938 1.08972 
27939 1.0896 
27940 1.0895 
27941 1.08949 
27942 1.08949 
27943 1.08949 
27944 1.08949 
27945 1.08948 
27946 1.08948 
27947 1.08948 
27948 1.08948 
27949 1.08948 
27950 1.08947 
27951 1.08947 
27952 1.08947 
27953 1.08947 
27954 1.08946 
27955 1.08946 
27956 1.08946 
27957 1.08946 
27958 1.08946 
27959 1.08945 
27960 1.08945 
27961 1.08945 
27962 1.08944 
27963 1.08944 
27964 1.08943 
27965 1.08942 
27966 1.08942 
27967 1.08942 
27968 1.08942 
27969 1.08942 
27970 1.08941 
27971 1.08941 
27972 1.08941 
27973 1.08941 
27974 1.0894 
27975 1.0894 
27976 1.0894 
27977 1.0894 
27978 1.0894 
27979 1.08939 
27980 1.08939 
27981 1.08938 
27982 1.08938 
27983 1.08938 
27984 1.08937 
27985 1.08937 
27986 1.08937 
27987 1.08937 
27988 1.08937 
27989 1.08937 
27990 1.08937 
27991 1.08937 
27992 1.08937 
27993 1.08937 
27994 1.08937 
27995 1.08937 
27996 1.08937 
27997 1.08937 
27998 1.08937 
27999 1.08937 
28000 1.08937 
28001 1.08937 
28002 1.08937 
28003 1.08937 
28004 1.08937 
28005 1.08937 
28006 1.08937 
28007 1.08937 
28008 1.08937 
28009 1.08937 
28010 1.08937 
28011 1.08937 
28012 1.08937 
28013 1.08937 
28014 1.08937 
28015 1.08937 
28016 1.08937 
28017 1.08937 
28018 1.08937 
28019 1.08937 
28020 1.08937 
28021 1.08937 
28022 1.08937 
28023 1.08937 
28024 1.08937 
28025 1.08937 
28026 1.08937 
28027 1.08937 
28028 1.08937 
28029 1.08937 
28030 1.08937 
28031 1.08937 
28032 1.08937 
28033 1.08937 
28034 1.08937 
28035 1.08937 
28036 1.08937 
28037 1.08937 
28038 1.08937 
28039 1.08937 
28040 1.08937 
28041 1.08937 
28042 1.08937 
28043 1.08937 
28044 1.08937 
28045 1.08936 
28046 1.08936 
28047 1.08936 
28048 1.08936 
28049 1.08936 
28050 1.08936 
28051 1.08936 
28052 1.08936 
28053 1.08936 
28054 1.08936 
28055 1.08936 
28056 1.08936 
28057 1.08936 
28058 1.08937 
28059 1.08938 
28060 1.08938 
28061 1.08938 
28062 1.08939 
28063 1.08939 
28064 1.08939 
28065 1.0894 
28066 1.0894 
28067 1.08939 
28068 1.08938 
28069 1.08937 
28070 1.08936 
28071 1.08934 
28072 1.08932 
28073 1.0893 
28074 1.08926 
28075 1.08919 
28076 1.08909 
28077 1.08898 
28078 1.08898 
28079 1.08898 
28080 1.08898 
28081 1.08898 
28082 1.08898 
28083 1.08898 
28084 1.08898 
28085 1.08898 
28086 1.08898 
28087 1.08898 
28088 1.08898 
28089 1.08898 
28090 1.08898 
28091 1.08898 
28092 1.08898 
28093 1.08898 
28094 1.08898 
28095 1.08898 
28096 1.08898 
28097 1.08898 
28098 1.08898 
28099 1.08898 
28100 1.08898 
28101 1.08898 
28102 1.08898 
28103 1.08898 
28104 1.08898 
28105 1.08897 
28106 1.08897 
28107 1.08897 
28108 1.08897 
28109 1.08897 
28110 1.08897 
28111 1.08897 
28112 1.08897 
28113 1.08897 
28114 1.08897 
28115 1.08897 
28116 1.08897 
28117 1.08897 
28118 1.08897 
28119 1.08897 
28120 1.08897 
28121 1.08897 
28122 1.08897 
28123 1.08897 
28124 1.08897 
28125 1.08897 
28126 1.08897 
28127 1.08897 
28128 1.08897 
28129 1.08897 
28130 1.08897 
28131 1.08897 
28132 1.08897 
28133 1.08897 
28134 1.08897 
28135 1.08897 
28136 1.08897 
28137 1.08897 
28138 1.08897 
28139 1.08897 
28140 1.08897 
28141 1.08897 
28142 1.08897 
28143 1.08897 
28144 1.08897 
28145 1.08897 
28146 1.08896 
28147 1.08896 
28148 1.08896 
28149 1.08896 
28150 1.08896 
28151 1.08896 
28152 1.08896 
28153 1.08896 
28154 1.08896 
28155 1.08896 
28156 1.08896 
28157 1.08896 
28158 1.08896 
28159 1.08896 
28160 1.08896 
28161 1.08896 
28162 1.08896 
28163 1.08896 
28164 1.08896 
28165 1.08896 
28166 1.08896 
28167 1.08896 
28168 1.08896 
28169 1.08895 
28170 1.08895 
28171 1.08895 
28172 1.08895 
28173 1.08895 
28174 1.08895 
28175 1.08895 
28176 1.08895 
28177 1.08895 
28178 1.08895 
28179 1.08895 
28180 1.08895 
28181 1.08894 
28182 1.08894 
28183 1.08894 
28184 1.08894 
28185 1.08894 
28186 1.08894 
28187 1.08894 
28188 1.08893 
28189 1.08893 
28190 1.08893 
28191 1.08893 
28192 1.08892 
28193 1.08892 
28194 1.08892 
28195 1.08892 
28196 1.08891 
28197 1.08891 
28198 1.08891 
28199 1.08891 
28200 1.08891 
28201 1.08891 
28202 1.08891 
28203 1.08891 
28204 1.08891 
28205 1.0889 
28206 1.0889 
28207 1.0889 
28208 1.0889 
28209 1.0889 
28210 1.08889 
28211 1.08889 
28212 1.08889 
28213 1.08888 
28214 1.08888 
28215 1.08888 
28216 1.08888 
28217 1.08888 
28218 1.08887 
28219 1.08887 
28220 1.08886 
28221 1.08886 
28222 1.08886 
28223 1.08886 
28224 1.08886 
28225 1.08886 
28226 1.08886 
28227 1.08886 
28228 1.08886 
28229 1.08886 
28230 1.08885 
28231 1.08885 
28232 1.08885 
28233 1.08885 
28234 1.08885 
28235 1.08885 
28236 1.08885 
28237 1.08885 
28238 1.08885 
28239 1.08885 
28240 1.08885 
28241 1.08885 
28242 1.08885 
28243 1.08885 
28244 1.08885 
28245 1.08885 
28246 1.08884 
28247 1.08884 
28248 1.08884 
28249 1.08884 
28250 1.08884 
28251 1.08884 
28252 1.08884 
28253 1.08885 
28254 1.08885 
28255 1.08886 
28256 1.08886 
28257 1.08886 
28258 1.08886 
28259 1.08886 
28260 1.08886 
28261 1.08886 
28262 1.08886 
28263 1.08886 
28264 1.08886 
28265 1.08886 
28266 1.08885 
28267 1.08884 
28268 1.08883 
28269 1.08881 
28270 1.0888 
28271 1.08878 
28272 1.08876 
28273 1.08873 
28274 1.08869 
28275 1.08864 
28276 1.08841 
28277 1.08799 
28278 1.08796 
28279 1.08796 
28280 1.08792 
28281 1.08792 
28282 1.08791 
28283 1.08788 
28284 1.08787 
28285 1.08786 
28286 1.08785 
28287 1.08784 
28288 1.08784 
28289 1.08784 
28290 1.08783 
28291 1.08783 
28292 1.08782 
28293 1.08782 
28294 1.08782 
28295 1.08781 
28296 1.08781 
28297 1.08781 
28298 1.0878 
28299 1.0878 
28300 1.08779 
28301 1.08778 
28302 1.08778 
28303 1.08777 
28304 1.08776 
28305 1.08776 
28306 1.08776 
28307 1.08775 
28308 1.08775 
28309 1.08775 
28310 1.08775 
28311 1.08775 
28312 1.08774 
28313 1.08774 
28314 1.08774 
28315 1.08773 
28316 1.08773 
28317 1.08773 
28318 1.08773 
28319 1.08772 
28320 1.08772 
28321 1.08771 
28322 1.08771 
28323 1.08771 
28324 1.08771 
28325 1.08771 
28326 1.08771 
28327 1.08771 
28328 1.0877 
28329 1.0877 
28330 1.0877 
28331 1.0877 
28332 1.0877 
28333 1.0877 
28334 1.0877 
28335 1.0877 
28336 1.0877 
28337 1.0877 
28338 1.0877 
28339 1.0877 
28340 1.0877 
28341 1.0877 
28342 1.0877 
28343 1.0877 
28344 1.0877 
28345 1.0877 
28346 1.0877 
28347 1.0877 
28348 1.0877 
28349 1.0877 
28350 1.0877 
28351 1.08769 
28352 1.0877 
28353 1.0877 
28354 1.08771 
28355 1.0877 
28356 1.0877 
28357 1.0877 
28358 1.0877 
28359 1.0877 
28360 1.0877 
28361 1.0877 
28362 1.0877 
28363 1.0877 
28364 1.0877 
28365 1.0877 
28366 1.0877 
28367 1.0877 
28368 1.0877 
28369 1.0877 
28370 1.08769 
28371 1.08768 
28372 1.08767 
28373 1.08766 
28374 1.08765 
28375 1.08763 
28376 1.0876 
28377 1.08756 
28378 1.0875 
28379 1.08739 
28380 1.08724 
28381 1.08712 
28382 1.0868 
28383 1.08669 
28384 1.08669 
28385 1.08669 
28386 1.08669 
28387 1.08669 
28388 1.08669 
28389 1.08669 
28390 1.08669 
28391 1.08669 
28392 1.08669 
28393 1.08669 
28394 1.08669 
28395 1.08668 
28396 1.08668 
28397 1.08668 
28398 1.08668 
28399 1.08668 
28400 1.08668 
28401 1.08668 
28402 1.08668 
28403 1.08668 
28404 1.08668 
28405 1.08668 
28406 1.08668 
28407 1.08668 
28408 1.08668 
28409 1.08668 
28410 1.08668 
28411 1.08668 
28412 1.08668 
28413 1.08668 
28414 1.08668 
28415 1.08668 
28416 1.08668 
28417 1.08668 
28418 1.08668 
28419 1.08668 
28420 1.08668 
28421 1.08668 
28422 1.08668 
28423 1.08668 
28424 1.08668 
28425 1.08668 
28426 1.08668 
28427 1.08668 
28428 1.08668 
28429 1.08668 
28430 1.08668 
28431 1.08668 
28432 1.08668 
28433 1.08667 
28434 1.08667 
28435 1.08667 
28436 1.08667 
28437 1.08667 
28438 1.08667 
28439 1.08667 
28440 1.08667 
28441 1.08667 
28442 1.08667 
28443 1.08667 
28444 1.08667 
28445 1.08667 
28446 1.08667 
28447 1.08667 
28448 1.08667 
28449 1.08667 
28450 1.08667 
28451 1.08667 
28452 1.08667 
28453 1.08667 
28454 1.08667 
28455 1.08667 
28456 1.08667 
28457 1.08667 
28458 1.08667 
28459 1.08667 
28460 1.08667 
28461 1.08666 
28462 1.08666 
28463 1.08666 
28464 1.08666 
28465 1.08666 
28466 1.08666 
28467 1.08666 
28468 1.08666 
28469 1.08666 
28470 1.08666 
28471 1.08666 
28472 1.08666 
28473 1.08666 
28474 1.08666 
28475 1.08665 
28476 1.08665 
28477 1.08665 
28478 1.08665 
28479 1.08665 
28480 1.08665 
28481 1.08665 
28482 1.08665 
28483 1.08664 
28484 1.08664 
28485 1.08664 
28486 1.08664 
28487 1.08664 
28488 1.08664 
28489 1.08663 
28490 1.08663 
28491 1.08663 
28492 1.08663 
28493 1.08662 
28494 1.08662 
28495 1.08662 
28496 1.08662 
28497 1.08662 
28498 1.08662 
28499 1.08662 
28500 1.08661 
28501 1.08661 
28502 1.08661 
28503 1.08661 
28504 1.08661 
28505 1.08661 
28506 1.08661 
28507 1.08661 
28508 1.0866 
28509 1.0866 
28510 1.0866 
28511 1.0866 
28512 1.0866 
28513 1.0866 
28514 1.0866 
28515 1.08659 
28516 1.08659 
28517 1.08659 
28518 1.08659 
28519 1.08658 
28520 1.08658 
28521 1.08658 
28522 1.08658 
28523 1.08658 
28524 1.08658 
28525 1.08658 
28526 1.08658 
28527 1.08658 
28528 1.08658 
28529 1.08658 
28530 1.08658 
28531 1.08658 
28532 1.08658 
28533 1.08657 
28534 1.08657 
28535 1.08657 
28536 1.08657 
28537 1.08657 
28538 1.08657 
28539 1.08657 
28540 1.08657 
28541 1.08657 
28542 1.08656 
28543 1.08656 
28544 1.08656 
28545 1.08656 
28546 1.08656 
28547 1.08656 
28548 1.08655 
28549 1.08655 
28550 1.08658 
28551 1.08658 
28552 1.08658 
28553 1.08658 
28554 1.08658 
28555 1.08658 
28556 1.08657 
28557 1.08657 
28558 1.08656 
28559 1.08656 
28560 1.08656 
28561 1.08655 
28562 1.08655 
28563 1.08654 
28564 1.08652 
28565 1.08651 
28566 1.0865 
28567 1.08647 
28568 1.08644 
28569 1.0864 
28570 1.08634 
28571 1.08625 
28572 1.08598 
28573 1.08589 
28574 1.08589 
28575 1.08587 
28576 1.08587 
28577 1.08587 
28578 1.08587 
28579 1.08587 
28580 1.08587 
28581 1.08587 
28582 1.08587 
28583 1.08587 
28584 1.08587 
28585 1.08587 
28586 1.08586 
28587 1.08586 
28588 1.08586 
28589 1.08586 
28590 1.08586 
28591 1.08586 
28592 1.08586 
28593 1.08586 
28594 1.08586 
28595 1.08586 
28596 1.08586 
28597 1.08586 
28598 1.08586 
28599 1.08586 
28600 1.08586 
28601 1.08586 
28602 1.08586 
28603 1.08586 
28604 1.08586 
28605 1.08586 
28606 1.08586 
28607 1.08586 
28608 1.08586 
28609 1.08586 
28610 1.08586 
28611 1.08586 
28612 1.08586 
28613 1.08586 
28614 1.08586 
28615 1.08586 
28616 1.08586 
28617 1.08586 
28618 1.08586 
28619 1.08586 
28620 1.08585 
28621 1.08585 
28622 1.08585 
28623 1.08585 
28624 1.08585 
28625 1.08585 
28626 1.08585 
28627 1.08585 
28628 1.08585 
28629 1.08585 
28630 1.08585 
28631 1.08585 
28632 1.08585 
28633 1.08585 
28634 1.08585 
28635 1.08585 
28636 1.08585 
28637 1.08585 
28638 1.08585 
28639 1.08585 
28640 1.08585 
28641 1.08585 
28642 1.08585 
28643 1.08585 
28644 1.08585 
28645 1.08585 
28646 1.08585 
28647 1.08584 
28648 1.08584 
28649 1.08584 
28650 1.08584 
28651 1.08584 
28652 1.08584 
28653 1.08584 
28654 1.08584 
28655 1.08584 
28656 1.08584 
28657 1.08584 
28658 1.08584 
28659 1.08584 
28660 1.08584 
28661 1.08584 
28662 1.08583 
28663 1.08583 
28664 1.08583 
28665 1.08583 
28666 1.08582 
28667 1.08582 
28668 1.08582 
28669 1.08582 
28670 1.08581 
28671 1.08581 
28672 1.0858 
28673 1.0858 
28674 1.0858 
28675 1.0858 
28676 1.0858 
28677 1.08579 
28678 1.08579 
28679 1.08579 
28680 1.08579 
28681 1.08579 
28682 1.08579 
28683 1.08579 
28684 1.08579 
28685 1.08578 
28686 1.08578 
28687 1.08578 
28688 1.08578 
28689 1.08578 
28690 1.08578 
28691 1.08578 
28692 1.08577 
28693 1.08577 
28694 1.08577 
28695 1.08577 
28696 1.08577 
28697 1.08576 
28698 1.08576 
28699 1.08576 
28700 1.08576 
28701 1.08576 
28702 1.08576 
28703 1.08576 
28704 1.08576 
28705 1.08576 
28706 1.08576 
28707 1.08576 
28708 1.08576 
28709 1.08576 
28710 1.08576 
28711 1.08576 
28712 1.08576 
28713 1.08576 
28714 1.08576 
28715 1.08576 
28716 1.08575 
28717 1.08575 
28718 1.08575 
28719 1.08575 
28720 1.08575 
28721 1.08575 
28722 1.08575 
28723 1.08575 
28724 1.08575 
28725 1.08574 
28726 1.08571 
28727 1.08572 
28728 1.08572 
28729 1.08572 
28730 1.08572 
28731 1.08572 
28732 1.08572 
28733 1.08571 
28734 1.08571 
28735 1.08571 
28736 1.08571 
28737 1.08571 
28738 1.0857 
28739 1.0857 
28740 1.0857 
28741 1.0857 
28742 1.0857 
28743 1.0857 
28744 1.08569 
28745 1.08569 
28746 1.08567 
28747 1.08566 
28748 1.08565 
28749 1.08563 
28750 1.08561 
28751 1.08559 
28752 1.08556 
28753 1.08553 
28754 1.0855 
28755 1.08545 
28756 1.08534 
28757 1.0852 
28758 1.08498 
28759 1.08346 
28760 1.08333 
28761 1.08333 
28762 1.08333 
28763 1.08328 
28764 1.08328 
28765 1.08328 
28766 1.08327 
28767 1.08327 
28768 1.08327 
28769 1.08327 
28770 1.08327 
28771 1.08327 
28772 1.08327 
28773 1.08326 
28774 1.08326 
28775 1.08326 
28776 1.08326 
28777 1.08326 
28778 1.08326 
28779 1.08326 
28780 1.08326 
28781 1.08326 
28782 1.08326 
28783 1.08326 
28784 1.08325 
28785 1.08325 
28786 1.08325 
28787 1.08325 
28788 1.08325 
28789 1.08325 
28790 1.08325 
28791 1.08325 
28792 1.08325 
28793 1.08325 
28794 1.08325 
28795 1.08325 
28796 1.08325 
28797 1.08325 
28798 1.08325 
28799 1.08325 
28800 1.08324 
28801 1.08324 
28802 1.08324 
28803 1.08324 
28804 1.08324 
28805 1.08324 
28806 1.08324 
28807 1.08324 
28808 1.08324 
28809 1.08324 
28810 1.08324 
28811 1.08324 
28812 1.08324 
28813 1.08324 
28814 1.08324 
28815 1.08324 
28816 1.08323 
28817 1.08323 
28818 1.08323 
28819 1.08323 
28820 1.08323 
28821 1.08323 
28822 1.08323 
28823 1.08323 
28824 1.08323 
28825 1.08323 
28826 1.08322 
28827 1.08322 
28828 1.08322 
28829 1.08322 
28830 1.08322 
28831 1.08322 
28832 1.08321 
28833 1.08321 
28834 1.08321 
28835 1.08321 
28836 1.08321 
28837 1.08321 
28838 1.0832 
28839 1.0832 
28840 1.0832 
28841 1.0832 
28842 1.0832 
28843 1.08319 
28844 1.08318 
28845 1.08318 
28846 1.08318 
28847 1.08318 
28848 1.08318 
28849 1.08318 
28850 1.08317 
28851 1.08317 
28852 1.08317 
28853 1.08316 
28854 1.08316 
28855 1.08316 
28856 1.08315 
28857 1.08315 
28858 1.08314 
28859 1.08314 
28860 1.08314 
28861 1.08314 
28862 1.08314 
28863 1.08314 
28864 1.08314 
28865 1.08313 
28866 1.08313 
28867 1.08313 
28868 1.08313 
28869 1.08313 
28870 1.08313 
28871 1.08313 
28872 1.08312 
28873 1.08312 
28874 1.08312 
28875 1.08312 
28876 1.08312 
28877 1.08312 
28878 1.08311 
28879 1.08311 
28880 1.08311 
28881 1.08311 
28882 1.0831 
28883 1.0831 
28884 1.0831 
28885 1.08309 
28886 1.08309 
28887 1.08308 
28888 1.08308 
28889 1.08308 
28890 1.08308 
28891 1.08308 
28892 1.08308 
28893 1.08308 
28894 1.08308 
28895 1.08308 
28896 1.08308 
28897 1.08308 
28898 1.08308 
28899 1.08308 
28900 1.08308 
28901 1.08308 
28902 1.08308 
28903 1.08308 
28904 1.08308 
28905 1.08308 
28906 1.08308 
28907 1.08308 
28908 1.08308 
28909 1.08308 
28910 1.08308 
28911 1.08308 
28912 1.08308 
28913 1.08308 
28914 1.08308 
28915 1.08308 
28916 1.08308 
28917 1.08307 
28918 1.08307 
28919 1.08307 
28920 1.08307 
28921 1.08307 
28922 1.08307 
28923 1.08306 
28924 1.08306 
28925 1.08306 
28926 1.08307 
28927 1.08307 
28928 1.08308 
28929 1.08308 
28930 1.08308 
28931 1.08308 
28932 1.08308 
28933 1.08308 
28934 1.08308 
28935 1.08308 
28936 1.08307 
28937 1.08307 
28938 1.08306 
28939 1.08305 
28940 1.08305 
28941 1.08304 
28942 1.08303 
28943 1.08301 
28944 1.083 
28945 1.08299 
28946 1.08297 
28947 1.08295 
28948 1.08293 
28949 1.08288 
28950 1.08283 
28951 1.08272 
28952 1.08239 
28953 1.08195 
28954 1.08048 
28955 1.08036 
28956 1.08036 
28957 1.08034 
28958 1.08032 
28959 1.08032 
28960 1.08031 
28961 1.0803 
28962 1.08029 
28963 1.08029 
28964 1.08029 
28965 1.08029 
28966 1.08029 
28967 1.08029 
28968 1.08029 
28969 1.08029 
28970 1.08029 
28971 1.08029 
28972 1.08029 
28973 1.08028 
28974 1.08028 
28975 1.08028 
28976 1.08028 
28977 1.08028 
28978 1.08028 
28979 1.08028 
28980 1.08028 
28981 1.08028 
28982 1.08028 
28983 1.08028 
28984 1.08028 
28985 1.08028 
28986 1.08028 
28987 1.08028 
28988 1.08028 
28989 1.08028 
28990 1.08028 
28991 1.08028 
28992 1.08028 
28993 1.08028 
28994 1.08028 
28995 1.08028 
28996 1.08027 
28997 1.08027 
28998 1.08027 
28999 1.08027 
29000 1.08027 
29001 1.08027 
29002 1.08027 
29003 1.08027 
29004 1.08027 
29005 1.08027 
29006 1.08027 
29007 1.08027 
29008 1.08027 
29009 1.08027 
29010 1.08027 
29011 1.08027 
29012 1.08027 
29013 1.08027 
29014 1.08027 
29015 1.08027 
29016 1.08027 
29017 1.08027 
29018 1.08027 
29019 1.08027 
29020 1.08027 
29021 1.08027 
29022 1.08027 
29023 1.08026 
29024 1.08026 
29025 1.08026 
29026 1.08026 
29027 1.08026 
29028 1.08026 
29029 1.08026 
29030 1.08026 
29031 1.08026 
29032 1.08026 
29033 1.08026 
29034 1.08026 
29035 1.08026 
29036 1.08026 
29037 1.08026 
29038 1.08026 
29039 1.08026 
29040 1.08026 
29041 1.08026 
29042 1.08026 
29043 1.08025 
29044 1.08025 
29045 1.08025 
29046 1.08025 
29047 1.08025 
29048 1.08025 
29049 1.08025 
29050 1.08025 
29051 1.08025 
29052 1.08024 
29053 1.08024 
29054 1.08024 
29055 1.08024 
29056 1.08024 
29057 1.08024 
29058 1.08024 
29059 1.08024 
29060 1.08024 
29061 1.08024 
29062 1.08024 
29063 1.08024 
29064 1.08024 
29065 1.08023 
29066 1.08023 
29067 1.08023 
29068 1.08023 
29069 1.08023 
29070 1.08022 
29071 1.08022 
29072 1.08022 
29073 1.08022 
29074 1.08021 
29075 1.08021 
29076 1.08021 
29077 1.0802 
29078 1.0802 
29079 1.0802 
29080 1.0802 
29081 1.0802 
29082 1.08019 
29083 1.08019 
29084 1.08019 
29085 1.08019 
29086 1.08019 
29087 1.08019 
29088 1.08019 
29089 1.08019 
29090 1.08019 
29091 1.08018 
29092 1.08018 
29093 1.08018 
29094 1.08018 
29095 1.08018 
29096 1.08017 
29097 1.08017 
29098 1.08017 
29099 1.08017 
29100 1.08017 
29101 1.08017 
29102 1.08016 
29103 1.08016 
29104 1.08016 
29105 1.08015 
29106 1.08015 
29107 1.08015 
29108 1.08015 
29109 1.08015 
29110 1.08015 
29111 1.08015 
29112 1.08015 
29113 1.08015 
29114 1.08015 
29115 1.08015 
29116 1.08015 
29117 1.08015 
29118 1.08015 
29119 1.08015 
29120 1.08015 
29121 1.08015 
29122 1.08015 
29123 1.08015 
29124 1.08014 
29125 1.08014 
29126 1.08014 
29127 1.08014 
29128 1.08014 
29129 1.08014 
29130 1.08014 
29131 1.08014 
29132 1.08014 
29133 1.08014 
29134 1.08014 
29135 1.08014 
29136 1.08014 
29137 1.08013 
29138 1.08013 
29139 1.08013 
29140 1.08013 
29141 1.08013 
29142 1.08012 
29143 1.08012 
29144 1.08012 
29145 1.08011 
29146 1.08011 
29147 1.08011 
29148 1.08011 
29149 1.08011 
29150 1.08011 
29151 1.08011 
29152 1.0801 
29153 1.0801 
29154 1.0801 
29155 1.0801 
29156 1.08011 
29157 1.08011 
29158 1.0801 
29159 1.0801 
29160 1.0801 
29161 1.0801 
29162 1.0801 
29163 1.0801 
29164 1.0801 
29165 1.0801 
29166 1.08009 
29167 1.08009 
29168 1.08008 
29169 1.08007 
29170 1.08006 
29171 1.08006 
29172 1.08005 
29173 1.08003 
29174 1.08002 
29175 1.08 
29176 1.07998 
29177 1.07996 
29178 1.07993 
29179 1.0799 
29180 1.07985 
29181 1.07978 
29182 1.07968 
29183 1.07938 
29184 1.07929 
29185 1.07928 
29186 1.07928 
29187 1.07928 
29188 1.07928 
29189 1.07927 
29190 1.07927 
29191 1.07927 
29192 1.07927 
29193 1.07927 
29194 1.07927 
29195 1.07927 
29196 1.07927 
29197 1.07927 
29198 1.07927 
29199 1.07927 
29200 1.07927 
29201 1.07927 
29202 1.07927 
29203 1.07927 
29204 1.07927 
29205 1.07927 
29206 1.07927 
29207 1.07927 
29208 1.07927 
29209 1.07927 
29210 1.07927 
29211 1.07927 
29212 1.07927 
29213 1.07927 
29214 1.07927 
29215 1.07926 
29216 1.07926 
29217 1.07926 
29218 1.07926 
29219 1.07926 
29220 1.07926 
29221 1.07926 
29222 1.07926 
29223 1.07926 
29224 1.07926 
29225 1.07926 
29226 1.07926 
29227 1.07926 
29228 1.07926 
29229 1.07926 
29230 1.07926 
29231 1.07926 
29232 1.07926 
29233 1.07926 
29234 1.07926 
29235 1.07926 
29236 1.07926 
29237 1.07926 
29238 1.07926 
29239 1.07926 
29240 1.07926 
29241 1.07926 
29242 1.07926 
29243 1.07926 
29244 1.07926 
29245 1.07926 
29246 1.07926 
29247 1.07925 
29248 1.07925 
29249 1.07925 
29250 1.07925 
29251 1.07925 
29252 1.07925 
29253 1.07925 
29254 1.07925 
29255 1.07925 
29256 1.07925 
29257 1.07925 
29258 1.07925 
29259 1.07925 
29260 1.07925 
29261 1.07925 
29262 1.07925 
29263 1.07925 
29264 1.07925 
29265 1.07925 
29266 1.07925 
29267 1.07925 
29268 1.07924 
29269 1.07924 
29270 1.07924 
29271 1.07924 
29272 1.07924 
29273 1.07924 
29274 1.07924 
29275 1.07924 
29276 1.07924 
29277 1.07924 
29278 1.07924 
29279 1.07924 
29280 1.07923 
29281 1.07923 
29282 1.07923 
29283 1.07923 
29284 1.07923 
29285 1.07923 
29286 1.07923 
29287 1.07923 
29288 1.07923 
29289 1.07922 
29290 1.07922 
29291 1.07922 
29292 1.07922 
29293 1.07922 
29294 1.07922 
29295 1.07922 
29296 1.07922 
29297 1.07922 
29298 1.07922 
29299 1.07922 
29300 1.07922 
29301 1.07922 
29302 1.07922 
29303 1.07922 
29304 1.07921 
29305 1.07921 
29306 1.07921 
29307 1.07921 
29308 1.07921 
29309 1.07921 
29310 1.07921 
29311 1.07921 
29312 1.07921 
29313 1.07921 
29314 1.07921 
29315 1.07921 
29316 1.07921 
29317 1.07921 
29318 1.07921 
29319 1.07921 
29320 1.0792 
29321 1.0792 
29322 1.0792 
29323 1.0792 
29324 1.0792 
29325 1.0792 
29326 1.0792 
29327 1.0792 
29328 1.0792 
29329 1.0792 
29330 1.0792 
29331 1.07919 
29332 1.07919 
29333 1.07919 
29334 1.07919 
29335 1.07919 
29336 1.07919 
29337 1.07919 
29338 1.07919 
29339 1.07919 
29340 1.07919 
29341 1.07919 
29342 1.07918 
29343 1.07918 
29344 1.07918 
29345 1.07918 
29346 1.07918 
29347 1.07918 
29348 1.07918 
29349 1.07917 
29350 1.07917 
29351 1.07917 
29352 1.07917 
29353 1.07917 
29354 1.07916 
29355 1.07911 
29356 1.07911 
29357 1.07911 
29358 1.07911 
29359 1.07911 
29360 1.0791 
29361 1.0791 
29362 1.0791 
29363 1.0791 
29364 1.0791 
29365 1.0791 
29366 1.0791 
29367 1.07909 
29368 1.07909 
29369 1.07909 
29370 1.07909 
29371 1.07909 
29372 1.07908 
29373 1.07907 
29374 1.07907 
29375 1.07906 
29376 1.07906 
29377 1.07905 
29378 1.07904 
29379 1.07904 
29380 1.07903 
29381 1.07902 
29382 1.079 
29383 1.079 
29384 1.07899 
29385 1.07897 
29386 1.07896 
29387 1.07895 
29388 1.07893 
29389 1.07892 
29390 1.0789 
29391 1.07888 
29392 1.07886 
29393 1.07884 
29394 1.07881 
29395 1.07878 
29396 1.07874 
29397 1.0787 
29398 1.07864 
29399 1.07856 
29400 1.07842 
29401 1.07833 
29402 1.07833 
29403 1.07833 
29404 1.07833 
29405 1.07832 
29406 1.07832 
29407 1.07832 
29408 1.07832 
29409 1.07832 
29410 1.07832 
29411 1.07832 
29412 1.07832 
29413 1.07832 
29414 1.07832 
29415 1.07832 
29416 1.07832 
29417 1.07832 
29418 1.07832 
29419 1.07832 
29420 1.07832 
29421 1.07832 
29422 1.07832 
29423 1.07832 
29424 1.07832 
29425 1.07832 
29426 1.07832 
29427 1.07832 
29428 1.07831 
29429 1.07831 
29430 1.07831 
29431 1.07831 
29432 1.07831 
29433 1.07831 
29434 1.07831 
29435 1.07831 
29436 1.07831 
29437 1.07831 
29438 1.07831 
29439 1.07831 
29440 1.07831 
29441 1.07831 
29442 1.07831 
29443 1.07831 
29444 1.07831 
29445 1.07831 
29446 1.07831 
29447 1.07831 
29448 1.07831 
29449 1.07831 
29450 1.07831 
29451 1.07831 
29452 1.07831 
29453 1.07831 
29454 1.07831 
29455 1.07831 
29456 1.07831 
29457 1.07831 
29458 1.07831 
29459 1.07831 
29460 1.07831 
29461 1.07831 
29462 1.07831 
29463 1.07831 
29464 1.07831 
29465 1.07831 
29466 1.0783 
29467 1.0783 
29468 1.0783 
29469 1.0783 
29470 1.0783 
29471 1.0783 
29472 1.0783 
29473 1.0783 
29474 1.0783 
29475 1.0783 
29476 1.0783 
29477 1.0783 
29478 1.0783 
29479 1.0783 
29480 1.0783 
29481 1.0783 
29482 1.0783 
29483 1.0783 
29484 1.0783 
29485 1.0783 
29486 1.0783 
29487 1.0783 
29488 1.0783 
29489 1.0783 
29490 1.0783 
29491 1.07829 
29492 1.07829 
29493 1.07829 
29494 1.07829 
29495 1.07829 
29496 1.07829 
29497 1.07829 
29498 1.07829 
29499 1.07829 
29500 1.07828 
29501 1.07828 
29502 1.07828 
29503 1.07828 
29504 1.07828 
29505 1.07828 
29506 1.07827 
29507 1.07827 
29508 1.07827 
29509 1.07827 
29510 1.07827 
29511 1.07827 
29512 1.07827 
29513 1.07827 
29514 1.07827 
29515 1.07827 
29516 1.07827 
29517 1.07827 
29518 1.07827 
29519 1.07827 
29520 1.07827 
29521 1.07827 
29522 1.07827 
29523 1.07827 
29524 1.07827 
29525 1.07827 
29526 1.07827 
29527 1.07827 
29528 1.07827 
29529 1.07827 
29530 1.07826 
29531 1.07826 
29532 1.07826 
29533 1.07826 
29534 1.07826 
29535 1.07826 
29536 1.07826 
29537 1.07826 
29538 1.07826 
29539 1.07825 
29540 1.07825 
29541 1.07825 
29542 1.07825 
29543 1.07821 
29544 1.07822 
29545 1.07822 
29546 1.07822 
29547 1.07821 
29548 1.0782 
29549 1.07819 
29550 1.07818 
29551 1.07816 
29552 1.07813 
29553 1.07811 
29554 1.07808 
29555 1.07804 
29556 1.07799 
29557 1.07791 
29558 1.07783 
29559 1.07783 
29560 1.07783 
29561 1.07783 
29562 1.07783 
29563 1.07783 
29564 1.07783 
29565 1.07782 
29566 1.07782 
29567 1.07782 
29568 1.07782 
29569 1.07782 
29570 1.07782 
29571 1.07782 
29572 1.07782 
29573 1.07782 
29574 1.07782 
29575 1.07782 
29576 1.07782 
29577 1.07782 
29578 1.07782 
29579 1.07782 
29580 1.07782 
29581 1.07782 
29582 1.07782 
29583 1.07782 
29584 1.07782 
29585 1.07781 
29586 1.07781 
29587 1.07781 
29588 1.07781 
29589 1.07781 
29590 1.07781 
29591 1.07781 
29592 1.07781 
29593 1.07781 
29594 1.07781 
29595 1.07781 
29596 1.07781 
29597 1.07781 
29598 1.07781 
29599 1.07781 
29600 1.07781 
29601 1.07781 
29602 1.07781 
29603 1.07781 
29604 1.07781 
29605 1.07781 
29606 1.07781 
29607 1.07781 
29608 1.07781 
29609 1.07781 
29610 1.07781 
29611 1.07781 
29612 1.07781 
29613 1.07781 
29614 1.07781 
29615 1.07781 
29616 1.07781 
29617 1.07781 
29618 1.07781 
29619 1.07781 
29620 1.0778 
29621 1.0778 
29622 1.0778 
29623 1.0778 
29624 1.0778 
29625 1.0778 
29626 1.0778 
29627 1.0778 
29628 1.0778 
29629 1.0778 
29630 1.0778 
29631 1.0778 
29632 1.0778 
29633 1.0778 
29634 1.0778 
29635 1.0778 
29636 1.0778 
29637 1.0778 
29638 1.07779 
29639 1.07779 
29640 1.07779 
29641 1.07779 
29642 1.07779 
29643 1.07779 
29644 1.07779 
29645 1.07778 
29646 1.07778 
29647 1.07778 
29648 1.07778 
29649 1.07778 
29650 1.07778 
29651 1.07777 
29652 1.07777 
29653 1.07777 
29654 1.07777 
29655 1.07777 
29656 1.07777 
29657 1.07777 
29658 1.07777 
29659 1.07777 
29660 1.07777 
29661 1.07777 
29662 1.07777 
29663 1.07777 
29664 1.07777 
29665 1.07777 
29666 1.07777 
29667 1.07777 
29668 1.07777 
29669 1.07777 
29670 1.07777 
29671 1.07777 
29672 1.07777 
29673 1.07777 
29674 1.07777 
29675 1.07778 
29676 1.07778 
29677 1.07778 
29678 1.07778 
29679 1.07778 
29680 1.07778 
29681 1.07778 
29682 1.07778 
29683 1.07779 
29684 1.07779 
29685 1.07779 
29686 1.07779 
29687 1.07779 
29688 1.0778 
29689 1.0778 
29690 1.0778 
29691 1.0778 
29692 1.0778 
29693 1.0778 
29694 1.0778 
29695 1.0778 
29696 1.0778 
29697 1.0778 
29698 1.0778 
29699 1.0778 
29700 1.0778 
29701 1.0778 
29702 1.0778 
29703 1.07781 
29704 1.07781 
29705 1.07781 
29706 1.07781 
29707 1.07781 
29708 1.07781 
29709 1.07781 
29710 1.07781 
29711 1.07784 
29712 1.07785 
29713 1.07786 
29714 1.07787 
29715 1.07788 
29716 1.07789 
29717 1.07789 
29718 1.07789 
29719 1.07789 
29720 1.0779 
29721 1.0779 
29722 1.0779 
29723 1.0779 
29724 1.0779 
29725 1.0779 
29726 1.0779 
29727 1.07788 
29728 1.0778 
29729 1.07695 
29730 1.07695 
29731 1.07686 
29732 1.0768 
29733 1.07668 
29734 1.07667 
29735 1.07666 
29736 1.07664 
29737 1.07663 
29738 1.07662 
29739 1.07661 
29740 1.07661 
29741 1.0766 
29742 1.0766 
29743 1.07659 
29744 1.07659 
29745 1.07658 
29746 1.07658 
29747 1.07657 
29748 1.07657 
29749 1.07656 
29750 1.07656 
29751 1.07655 
29752 1.07655 
29753 1.07654 
29754 1.07654 
29755 1.07654 
29756 1.07654 
29757 1.07654 
29758 1.07654 
29759 1.07654 
29760 1.07653 
29761 1.07653 
29762 1.07653 
29763 1.07653 
29764 1.07652 
29765 1.07652 
29766 1.07652 
29767 1.07652 
29768 1.07652 
29769 1.07652 
29770 1.07652 
29771 1.07652 
29772 1.07652 
29773 1.07652 
29774 1.07652 
29775 1.07652 
29776 1.07652 
29777 1.07652 
29778 1.07653 
29779 1.07653 
29780 1.07653 
29781 1.07653 
29782 1.07653 
29783 1.07653 
29784 1.07653 
29785 1.07654 
29786 1.07654 
29787 1.07654 
29788 1.07654 
29789 1.07655 
29790 1.07655 
29791 1.07655 
29792 1.07655 
29793 1.07655 
29794 1.07655 
29795 1.07655 
29796 1.07655 
29797 1.07655 
29798 1.07655 
29799 1.07655 
29800 1.07655 
29801 1.07656 
29802 1.07656 
29803 1.07656 
29804 1.07656 
29805 1.07656 
29806 1.07656 
29807 1.07657 
29808 1.07657 
29809 1.07657 
29810 1.07657 
29811 1.07658 
29812 1.07658 
29813 1.07658 
29814 1.07659 
29815 1.0766 
29816 1.07664 
29817 1.07664 
29818 1.07664 
29819 1.07664 
29820 1.07665 
29821 1.07665 
29822 1.07665 
29823 1.07666 
29824 1.07666 
29825 1.07666 
29826 1.07666 
29827 1.07667 
29828 1.07667 
29829 1.07668 
29830 1.07668 
29831 1.07668 
29832 1.07668 
29833 1.07668 
29834 1.07668 
29835 1.07668 
29836 1.07668 
29837 1.07668 
29838 1.07668 
29839 1.07668 
29840 1.07668 
29841 1.07668 
29842 1.07668 
29843 1.07668 
29844 1.07668 
29845 1.07668 
29846 1.07668 
29847 1.07669 
29848 1.07669 
29849 1.07669 
29850 1.07669 
29851 1.07669 
29852 1.07669 
29853 1.07669 
29854 1.07669 
29855 1.07669 
29856 1.07669 
29857 1.07669 
29858 1.0767 
29859 1.0767 
29860 1.0767 
29861 1.0767 
29862 1.0767 
29863 1.0767 
29864 1.0767 
29865 1.0767 
29866 1.0767 
29867 1.0767 
29868 1.0767 
29869 1.07669 
29870 1.07669 
29871 1.07669 
29872 1.07669 
29873 1.07668 
29874 1.07668 
29875 1.07666 
29876 1.07665 
29877 1.07659 
29878 1.07628 
29879 1.07623 
29880 1.07623 
29881 1.07615 
29882 1.07614 
29883 1.07614 
29884 1.07614 
29885 1.07614 
29886 1.07614 
29887 1.07614 
29888 1.07614 
29889 1.07614 
29890 1.07614 
29891 1.07613 
29892 1.07613 
29893 1.07613 
29894 1.07613 
29895 1.07613 
29896 1.07613 
29897 1.07613 
29898 1.07613 
29899 1.07613 
29900 1.07613 
29901 1.07613 
29902 1.07613 
29903 1.07613 
29904 1.07613 
29905 1.07612 
29906 1.07612 
29907 1.07612 
29908 1.07612 
29909 1.07612 
29910 1.07612 
29911 1.07612 
29912 1.07612 
29913 1.07612 
29914 1.07612 
29915 1.07612 
29916 1.07612 
29917 1.07611 
29918 1.07611 
29919 1.07611 
29920 1.07611 
29921 1.07611 
29922 1.07611 
29923 1.07611 
29924 1.0761 
29925 1.0761 
29926 1.0761 
29927 1.0761 
29928 1.0761 
29929 1.0761 
29930 1.0761 
29931 1.0761 
29932 1.0761 
29933 1.0761 
29934 1.0761 
29935 1.0761 
29936 1.0761 
29937 1.0761 
29938 1.0761 
29939 1.0761 
29940 1.0761 
29941 1.0761 
29942 1.0761 
29943 1.0761 
29944 1.0761 
29945 1.0761 
29946 1.0761 
29947 1.07611 
29948 1.07611 
29949 1.07611 
29950 1.07611 
29951 1.07611 
29952 1.07611 
29953 1.07611 
29954 1.07611 
29955 1.07611 
29956 1.07611 
29957 1.07611 
29958 1.07611 
29959 1.07612 
29960 1.07612 
29961 1.07612 
29962 1.07612 
29963 1.07612 
29964 1.07612 
29965 1.07612 
29966 1.07612 
29967 1.07612 
29968 1.07612 
29969 1.07612 
29970 1.07612 
29971 1.07613 
29972 1.07613 
29973 1.07613 
29974 1.07613 
29975 1.07613 
29976 1.07613 
29977 1.07613 
29978 1.07613 
29979 1.07613 
29980 1.07613 
29981 1.07613 
29982 1.07614 
29983 1.07615 
29984 1.07617 
29985 1.07618 
29986 1.07619 
29987 1.0762 
29988 1.0762 
29989 1.0762 
29990 1.0762 
29991 1.0762 
29992 1.0762 
29993 1.0762 
29994 1.0762 
29995 1.0762 
29996 1.0762 
29997 1.0762 
29998 1.0762 
29999 1.0762 
30000 1.0762 
30001 1.0762 
30002 1.0762 
30003 1.07619 
30004 1.07619 
30005 1.07618 
30006 1.0762 
30007 1.07632 
30008 1.07664 
30009 1.07655 
30010 1.07655 
30011 1.07654 
30012 1.07654 
30013 1.07654 
30014 1.07654 
30015 1.07654 
30016 1.07654 
30017 1.07654 
30018 1.07653 
30019 1.07653 
30020 1.07653 
30021 1.07653 
30022 1.07653 
30023 1.07653 
30024 1.07653 
30025 1.07652 
30026 1.07652 
30027 1.07652 
30028 1.07652 
30029 1.07652 
30030 1.07652 
30031 1.07651 
30032 1.07651 
30033 1.07651 
30034 1.07651 
30035 1.07651 
30036 1.07651 
30037 1.0765 
30038 1.0765 
30039 1.0765 
30040 1.0765 
30041 1.0765 
30042 1.0765 
30043 1.07649 
30044 1.07649 
30045 1.07649 
30046 1.07648 
30047 1.07648 
30048 1.07648 
30049 1.07648 
30050 1.07647 
30051 1.07647 
30052 1.07647 
30053 1.07647 
30054 1.07647 
30055 1.07646 
30056 1.07646 
30057 1.07646 
30058 1.07646 
30059 1.07646 
30060 1.07646 
30061 1.07646 
30062 1.07646 
30063 1.07646 
30064 1.07646 
30065 1.07645 
30066 1.07646 
30067 1.07647 
30068 1.07647 
30069 1.07647 
30070 1.07648 
30071 1.07648 
30072 1.07648 
30073 1.07648 
30074 1.07648 
30075 1.07648 
30076 1.07648 
30077 1.07649 
30078 1.07649 
30079 1.07649 
30080 1.07649 
30081 1.07649 
30082 1.07649 
30083 1.0765 
30084 1.0765 
30085 1.0765 
30086 1.07657 
30087 1.07658 
30088 1.0766 
30089 1.07662 
30090 1.07664 
30091 1.07665 
30092 1.07666 
30093 1.07666 
30094 1.07667 
30095 1.07668 
30096 1.07669 
30097 1.0767 
30098 1.07671 
30099 1.07672 
30100 1.07673 
30101 1.07675 
30102 1.07679 
30103 1.07682 
30104 1.07687 
30105 1.07695 
30106 1.07701 
30107 1.07708 
30108 1.07708 
30109 1.07721 
30110 1.07759 
30111 1.07792 
30112 1.0799 
30113 1.07983 
30114 1.07977 
30115 1.07972 
30116 1.07968 
30117 1.07967 
30118 1.07966 
30119 1.07963 
30120 1.07962 
30121 1.07962 
30122 1.07962 
30123 1.07961 
30124 1.07961 
30125 1.0796 
30126 1.0796 
30127 1.07959 
30128 1.07959 
30129 1.07959 
30130 1.07958 
30131 1.07958 
30132 1.07957 
30133 1.07957 
30134 1.07957 
30135 1.07956 
30136 1.07956 
30137 1.07955 
30138 1.07955 
30139 1.07954 
30140 1.07953 
30141 1.07953 
30142 1.07952 
30143 1.07952 
30144 1.07951 
30145 1.0795 
30146 1.07949 
30147 1.07949 
30148 1.07948 
30149 1.07948 
30150 1.07947 
30151 1.07947 
30152 1.07946 
30153 1.07945 
30154 1.07944 
30155 1.07944 
30156 1.07943 
30157 1.07942 
30158 1.07942 
30159 1.07942 
30160 1.07941 
30161 1.07939 
30162 1.07938 
30163 1.07937 
30164 1.07937 
30165 1.07935 
30166 1.07932 
30167 1.07933 
30168 1.07931 
30169 1.07931 
30170 1.07932 
30171 1.07932 
30172 1.07932 
30173 1.07932 
30174 1.07932 
30175 1.07932 
30176 1.07932 
30177 1.07932 
30178 1.07932 
30179 1.07932 
30180 1.07932 
30181 1.07932 
30182 1.07932 
30183 1.07932 
30184 1.07932 
30185 1.07933 
30186 1.07933 
30187 1.07933 
30188 1.07933 
30189 1.07933 
30190 1.07933 
30191 1.07933 
30192 1.07933 
30193 1.07933 
30194 1.07933 
30195 1.07933 
30196 1.07933 
30197 1.07933 
30198 1.07933 
30199 1.07933 
30200 1.07934 
30201 1.07934 
30202 1.07934 
30203 1.07934 
30204 1.07934 
30205 1.07934 
30206 1.07934 
30207 1.07935 
30208 1.07935 
30209 1.07935 
30210 1.07935 
30211 1.07936 
30212 1.07936 
30213 1.07937 
30214 1.07937 
30215 1.07947 
30216 1.07949 
30217 1.07949 
30218 1.0795 
30219 1.0795 
30220 1.07951 
30221 1.07952 
30222 1.07953 
30223 1.07953 
30224 1.07954 
30225 1.07954 
30226 1.07955 
30227 1.07955 
30228 1.07956 
30229 1.07957 
30230 1.07957 
30231 1.07958 
30232 1.07959 
30233 1.0796 
30234 1.07961 
30235 1.07962 
30236 1.07963 
30237 1.07964 
30238 1.07965 
30239 1.07966 
30240 1.07967 
30241 1.07968 
30242 1.0797 
30243 1.07971 
30244 1.07972 
30245 1.07973 
30246 1.07974 
30247 1.07975 
30248 1.07976 
30249 1.07978 
30250 1.07979 
30251 1.07981 
30252 1.07984 
30253 1.07987 
30254 1.07991 
30255 1.07995 
30256 1.08001 
30257 1.08009 
30258 1.08016 
30259 1.08035 
30260 1.08064 
30261 1.08053 
30262 1.08053 
30263 1.08053 
30264 1.08053 
30265 1.08053 
30266 1.08053 
30267 1.08053 
30268 1.08053 
30269 1.08053 
30270 1.08053 
30271 1.08053 
30272 1.08053 
30273 1.08052 
30274 1.08052 
30275 1.08052 
30276 1.08052 
30277 1.08052 
30278 1.08052 
30279 1.08052 
30280 1.08052 
30281 1.08052 
30282 1.08052 
30283 1.08052 
30284 1.08052 
30285 1.08052 
30286 1.08052 
30287 1.08052 
30288 1.08052 
30289 1.08052 
30290 1.08052 
30291 1.08052 
30292 1.08052 
30293 1.08052 
30294 1.08052 
30295 1.08051 
30296 1.08051 
30297 1.08051 
30298 1.08051 
30299 1.08051 
30300 1.08051 
30301 1.08051 
30302 1.08051 
30303 1.08051 
30304 1.08051 
30305 1.08051 
30306 1.08051 
30307 1.08051 
30308 1.08051 
30309 1.08051 
30310 1.08051 
30311 1.08051 
30312 1.08051 
30313 1.08051 
30314 1.0805 
30315 1.0805 
30316 1.0805 
30317 1.0805 
30318 1.0805 
30319 1.0805 
30320 1.0805 
30321 1.0805 
30322 1.0805 
30323 1.0805 
30324 1.0805 
30325 1.0805 
30326 1.08049 
30327 1.08049 
30328 1.08049 
30329 1.08049 
30330 1.08049 
30331 1.08049 
30332 1.08049 
30333 1.08049 
30334 1.08049 
30335 1.08049 
30336 1.08049 
30337 1.08049 
30338 1.08049 
30339 1.08049 
30340 1.08048 
30341 1.08048 
30342 1.08048 
30343 1.08048 
30344 1.08048 
30345 1.08048 
30346 1.08047 
30347 1.08047 
30348 1.08047 
30349 1.08047 
30350 1.08046 
30351 1.08046 
30352 1.08045 
30353 1.08045 
30354 1.08045 
30355 1.08045 
30356 1.08045 
30357 1.08045 
30358 1.08043 
30359 1.08043 
30360 1.08043 
30361 1.08043 
30362 1.08043 
30363 1.08044 
30364 1.08044 
30365 1.08044 
30366 1.08044 
30367 1.08044 
30368 1.08044 
30369 1.08044 
30370 1.08044 
30371 1.08044 
30372 1.08044 
30373 1.08044 
30374 1.08044 
30375 1.08044 
30376 1.08044 
30377 1.08045 
30378 1.0805 
30379 1.08055 
30380 1.08055 
30381 1.08056 
30382 1.08057 
30383 1.08058 
30384 1.0806 
30385 1.08061 
30386 1.08063 
30387 1.08072 
30388 1.08074 
30389 1.08076 
30390 1.08079 
30391 1.08084 
30392 1.08089 
30393 1.08095 
30394 1.08095 
30395 1.0811 
30396 1.08135 
30397 1.08616 
30398 1.08596 
30399 1.08596 
30400 1.08575 
30401 1.08573 
30402 1.08568 
30403 1.08567 
30404 1.08562 
30405 1.08558 
30406 1.08557 
30407 1.08557 
30408 1.08556 
30409 1.0855 
30410 1.08549 
30411 1.08548 
30412 1.08547 
30413 1.08546 
30414 1.08546 
30415 1.08545 
30416 1.08544 
30417 1.08544 
30418 1.08543 
30419 1.08542 
30420 1.08542 
30421 1.08542 
30422 1.08541 
30423 1.08541 
30424 1.0854 
30425 1.0854 
30426 1.08539 
30427 1.08539 
30428 1.08538 
30429 1.08537 
30430 1.08537 
30431 1.08536 
30432 1.08535 
30433 1.08535 
30434 1.08534 
30435 1.08533 
30436 1.08533 
30437 1.08531 
30438 1.0853 
30439 1.08529 
30440 1.08526 
30441 1.08525 
30442 1.08524 
30443 1.08523 
30444 1.08521 
30445 1.0852 
30446 1.08518 
30447 1.08516 
30448 1.08514 
30449 1.08513 
30450 1.08511 
30451 1.0851 
30452 1.0851 
30453 1.08508 
30454 1.08508 
30455 1.08508 
30456 1.08508 
30457 1.08505 
30458 1.08503 
30459 1.08502 
30460 1.085 
30461 1.08497 
30462 1.08494 
30463 1.08491 
30464 1.08487 
30465 1.08485 
30466 1.08483 
30467 1.08481 
30468 1.0848 
30469 1.0848 
30470 1.0848 
30471 1.08479 
30472 1.08479 
30473 1.08479 
30474 1.08479 
30475 1.08479 
30476 1.08479 
30477 1.08479 
30478 1.08479 
30479 1.08479 
30480 1.08479 
30481 1.08479 
30482 1.08479 
30483 1.08479 
30484 1.08479 
30485 1.08479 
30486 1.08479 
30487 1.08479 
30488 1.08479 
30489 1.08479 
30490 1.08479 
30491 1.0848 
30492 1.0848 
30493 1.08481 
30494 1.08482 
30495 1.08486 
30496 1.08486 
30497 1.08486 
30498 1.08487 
30499 1.08487 
30500 1.08487 
30501 1.08487 
30502 1.08487 
30503 1.08488 
30504 1.08488 
30505 1.08488 
30506 1.08488 
30507 1.08489 
30508 1.08489 
30509 1.08489 
30510 1.08489 
30511 1.0849 
30512 1.0849 
30513 1.0849 
30514 1.0849 
30515 1.08491 
30516 1.08491 
30517 1.08491 
30518 1.08491 
30519 1.08492 
30520 1.08492 
30521 1.08492 
30522 1.08482 
30523 1.08482 
30524 1.08482 
30525 1.08482 
30526 1.08481 
30527 1.08481 
30528 1.08481 
30529 1.08481 
30530 1.08481 
30531 1.08481 
30532 1.08481 
30533 1.08481 
30534 1.08481 
30535 1.08481 
30536 1.08481 
30537 1.08481 
30538 1.08481 
30539 1.08481 
30540 1.08481 
30541 1.08481 
30542 1.08481 
30543 1.08481 
30544 1.08481 
30545 1.0848 
30546 1.0848 
30547 1.0848 
30548 1.0848 
30549 1.0848 
30550 1.0848 
30551 1.0848 
30552 1.0848 
30553 1.0848 
30554 1.0848 
30555 1.0848 
30556 1.0848 
30557 1.0848 
30558 1.0848 
30559 1.0848 
30560 1.0848 
30561 1.0848 
30562 1.0848 
30563 1.0848 
30564 1.0848 
30565 1.0848 
30566 1.08479 
30567 1.08479 
30568 1.08479 
30569 1.08479 
30570 1.08479 
30571 1.08479 
30572 1.08479 
30573 1.08479 
30574 1.08479 
30575 1.08479 
30576 1.08479 
30577 1.08479 
30578 1.08479 
30579 1.08479 
30580 1.08479 
30581 1.08479 
30582 1.08479 
30583 1.08478 
30584 1.08478 
30585 1.08478 
30586 1.08478 
30587 1.08478 
30588 1.08478 
30589 1.08478 
30590 1.08478 
30591 1.08478 
30592 1.08478 
30593 1.08478 
30594 1.08478 
30595 1.08478 
30596 1.08478 
30597 1.08478 
30598 1.08478 
30599 1.08478 
30600 1.08478 
30601 1.08477 
30602 1.08477 
30603 1.08477 
30604 1.08477 
30605 1.08477 
30606 1.08477 
30607 1.08477 
30608 1.08477 
30609 1.08477 
30610 1.08477 
30611 1.08476 
30612 1.08476 
30613 1.08476 
30614 1.08475 
30615 1.08475 
30616 1.08475 
30617 1.08474 
30618 1.08474 
30619 1.08474 
30620 1.08474 
30621 1.08474 
30622 1.08474 
30623 1.08473 
30624 1.08473 
30625 1.08473 
30626 1.08473 
30627 1.08473 
30628 1.08473 
30629 1.08473 
30630 1.08473 
30631 1.08472 
30632 1.08472 
30633 1.08472 
30634 1.08472 
30635 1.08472 
30636 1.08472 
30637 1.08472 
30638 1.08472 
30639 1.0847 
30640 1.0847 
30641 1.08469 
30642 1.08469 
30643 1.08469 
30644 1.0847 
30645 1.08472 
30646 1.08474 
30647 1.08479 
30648 1.08482 
30649 1.08483 
30650 1.08483 
30651 1.08484 
30652 1.08485 
30653 1.08487 
30654 1.08488 
30655 1.08489 
30656 1.08491 
30657 1.08492 
30658 1.08494 
30659 1.08495 
30660 1.08496 
30661 1.08497 
30662 1.08498 
30663 1.085 
30664 1.08503 
30665 1.08506 
30666 1.08509 
30667 1.0851 
30668 1.08512 
30669 1.08514 
30670 1.08516 
30671 1.08519 
30672 1.08522 
30673 1.08526 
30674 1.08532 
30675 1.0854 
30676 1.08553 
30677 1.08582 
30678 1.0857 
30679 1.08569 
30680 1.08569 
30681 1.08568 
30682 1.08568 
30683 1.08568 
30684 1.08567 
30685 1.08567 
30686 1.08567 
30687 1.08567 
30688 1.08567 
30689 1.08567 
30690 1.08567 
30691 1.08567 
30692 1.08567 
30693 1.08567 
30694 1.08567 
30695 1.08567 
30696 1.08566 
30697 1.08566 
30698 1.08566 
30699 1.08566 
30700 1.08566 
30701 1.08566 
30702 1.08566 
30703 1.08566 
30704 1.08566 
30705 1.08566 
30706 1.08566 
30707 1.08566 
30708 1.08565 
30709 1.08565 
30710 1.08565 
30711 1.08565 
30712 1.08565 
30713 1.08565 
30714 1.08565 
30715 1.08565 
30716 1.08565 
30717 1.08565 
30718 1.08565 
30719 1.08564 
30720 1.08564 
30721 1.08564 
30722 1.08564 
30723 1.08564 
30724 1.08564 
30725 1.08564 
30726 1.08564 
30727 1.08563 
30728 1.08563 
30729 1.08563 
30730 1.08563 
30731 1.08563 
30732 1.08563 
30733 1.08563 
30734 1.08562 
30735 1.08562 
30736 1.08562 
30737 1.08562 
30738 1.08562 
30739 1.08562 
30740 1.08561 
30741 1.08561 
30742 1.08561 
30743 1.08561 
30744 1.08561 
30745 1.0856 
30746 1.0856 
30747 1.0856 
30748 1.0856 
30749 1.0856 
30750 1.08559 
30751 1.08559 
30752 1.08559 
30753 1.08558 
30754 1.08558 
30755 1.08558 
30756 1.08557 
30757 1.08557 
30758 1.08557 
30759 1.08557 
30760 1.08556 
30761 1.08556 
30762 1.08556 
30763 1.08554 
30764 1.08549 
30765 1.08548 
30766 1.08544 
30767 1.08544 
30768 1.08545 
30769 1.08545 
30770 1.08545 
30771 1.08545 
30772 1.08545 
30773 1.08545 
30774 1.08545 
30775 1.08545 
30776 1.08545 
30777 1.08545 
30778 1.08546 
30779 1.08546 
30780 1.08546 
30781 1.08546 
30782 1.08546 
30783 1.08546 
30784 1.08548 
30785 1.0855 
30786 1.08552 
30787 1.08554 
30788 1.08558 
30789 1.0856 
30790 1.08565 
30791 1.08568 
30792 1.08571 
30793 1.08573 
30794 1.08575 
30795 1.08579 
30796 1.08584 
30797 1.0859 
30798 1.08597 
30799 1.08606 
30800 1.08611 
30801 1.08628 
30802 1.08679 
30803 1.08675 
30804 1.08675 
30805 1.08674 
30806 1.08674 
30807 1.08674 
30808 1.08674 
30809 1.08674 
30810 1.08674 
30811 1.08674 
30812 1.08674 
30813 1.08674 
30814 1.08674 
30815 1.08674 
30816 1.08674 
30817 1.08674 
30818 1.08674 
30819 1.08674 
30820 1.08674 
30821 1.08674 
30822 1.08674 
30823 1.08674 
30824 1.08673 
30825 1.08673 
30826 1.08673 
30827 1.08673 
30828 1.08673 
30829 1.08673 
30830 1.08673 
30831 1.08673 
30832 1.08673 
30833 1.08673 
30834 1.08673 
30835 1.08673 
30836 1.08673 
30837 1.08673 
30838 1.08673 
30839 1.08673 
30840 1.08673 
30841 1.08673 
30842 1.08673 
30843 1.08673 
30844 1.08673 
30845 1.08673 
30846 1.08673 
30847 1.08673 
30848 1.08673 
30849 1.08673 
30850 1.08673 
30851 1.08673 
30852 1.08673 
30853 1.08672 
30854 1.08672 
30855 1.08672 
30856 1.08672 
30857 1.08672 
30858 1.08672 
30859 1.08672 
30860 1.08672 
30861 1.08672 
30862 1.08672 
30863 1.08672 
30864 1.08672 
30865 1.08672 
30866 1.08672 
30867 1.08672 
30868 1.08672 
30869 1.08672 
30870 1.08672 
30871 1.08672 
30872 1.08672 
30873 1.08672 
30874 1.08672 
30875 1.08672 
30876 1.08671 
30877 1.08671 
30878 1.08671 
30879 1.08671 
30880 1.08671 
30881 1.08671 
30882 1.08671 
30883 1.08671 
30884 1.08671 
30885 1.08671 
30886 1.08671 
30887 1.08671 
30888 1.0867 
30889 1.0867 
30890 1.0867 
30891 1.0867 
30892 1.0867 
30893 1.08669 
30894 1.08669 
30895 1.08668 
30896 1.08668 
30897 1.08668 
30898 1.08668 
30899 1.08667 
30900 1.08667 
30901 1.08667 
30902 1.08667 
30903 1.08667 
30904 1.08666 
30905 1.08666 
30906 1.08666 
30907 1.08666 
30908 1.08666 
30909 1.08665 
30910 1.08665 
30911 1.08665 
30912 1.08664 
30913 1.08664 
30914 1.08664 
30915 1.08664 
30916 1.08663 
30917 1.08663 
30918 1.08662 
30919 1.08662 
30920 1.08662 
30921 1.08662 
30922 1.08662 
30923 1.08662 
30924 1.08662 
30925 1.08662 
30926 1.08661 
30927 1.08661 
30928 1.08661 
30929 1.08661 
30930 1.08661 
30931 1.08661 
30932 1.08661 
30933 1.08661 
30934 1.08661 
30935 1.08661 
30936 1.08661 
30937 1.08661 
30938 1.08661 
30939 1.08661 
30940 1.08661 
30941 1.08662 
30942 1.08662 
30943 1.08662 
30944 1.08662 
30945 1.08662 
30946 1.08662 
30947 1.08662 
30948 1.08662 
30949 1.08662 
30950 1.08662 
30951 1.08662 
30952 1.08662 
30953 1.08663 
30954 1.08663 
30955 1.08663 
30956 1.08663 
30957 1.08663 
30958 1.08663 
30959 1.08663 
30960 1.08663 
30961 1.08664 
30962 1.08664 
30963 1.0867 
30964 1.08672 
30965 1.08674 
30966 1.08675 
30967 1.08676 
30968 1.08676 
30969 1.08677 
30970 1.08678 
30971 1.08681 
30972 1.08683 
30973 1.08685 
30974 1.08688 
30975 1.08691 
30976 1.08697 
30977 1.08702 
30978 1.08709 
30979 1.0872 
30980 1.08735 
30981 1.0873 
30982 1.0873 
30983 1.0873 
30984 1.0873 
30985 1.0873 
30986 1.0873 
30987 1.0873 
30988 1.0873 
30989 1.0873 
30990 1.0873 
30991 1.0873 
30992 1.0873 
30993 1.0873 
30994 1.0873 
30995 1.0873 
30996 1.0873 
30997 1.0873 
30998 1.0873 
30999 1.0873 
31000 1.0873 
31001 1.0873 
31002 1.0873 
31003 1.0873 
31004 1.0873 
31005 1.0873 
31006 1.0873 
31007 1.0873 
31008 1.0873 
31009 1.0873 
31010 1.0873 
31011 1.0873 
31012 1.0873 
31013 1.0873 
31014 1.0873 
31015 1.08729 
31016 1.08729 
31017 1.08729 
31018 1.08729 
31019 1.08729 
31020 1.08729 
31021 1.08729 
31022 1.08729 
31023 1.08729 
31024 1.08729 
31025 1.08729 
31026 1.08729 
31027 1.08729 
31028 1.08729 
31029 1.08729 
31030 1.08729 
31031 1.08729 
31032 1.08729 
31033 1.08729 
31034 1.08729 
31035 1.08729 
31036 1.08729 
31037 1.08729 
31038 1.08729 
31039 1.08729 
31040 1.08729 
31041 1.08729 
31042 1.08729 
31043 1.08729 
31044 1.08729 
31045 1.08729 
31046 1.08728 
31047 1.08728 
31048 1.08728 
31049 1.08728 
31050 1.08728 
31051 1.08728 
31052 1.08728 
31053 1.08728 
31054 1.08728 
31055 1.08728 
31056 1.08728 
31057 1.08728 
31058 1.08728 
31059 1.08728 
31060 1.08728 
31061 1.08728 
31062 1.08728 
31063 1.08728 
31064 1.08728 
31065 1.08727 
31066 1.08727 
31067 1.08727 
31068 1.08727 
31069 1.08727 
31070 1.08727 
31071 1.08727 
31072 1.08727 
31073 1.08727 
31074 1.08727 
31075 1.08727 
31076 1.08727 
31077 1.08726 
31078 1.08726 
31079 1.08725 
31080 1.08725 
31081 1.08725 
31082 1.08725 
31083 1.08724 
31084 1.08724 
31085 1.08724 
31086 1.08724 
31087 1.08724 
31088 1.08723 
31089 1.08721 
31090 1.08718 
31091 1.08717 
31092 1.08716 
31093 1.08716 
31094 1.08716 
31095 1.08716 
31096 1.08716 
31097 1.08716 
31098 1.08716 
31099 1.08716 
31100 1.08716 
31101 1.08716 
31102 1.08716 
31103 1.08717 
31104 1.08717 
31105 1.08717 
31106 1.08717 
31107 1.08717 
31108 1.08717 
31109 1.08717 
31110 1.08717 
31111 1.08717 
31112 1.08717 
31113 1.08717 
31114 1.08717 
31115 1.08717 
31116 1.08717 
31117 1.08717 
31118 1.08717 
31119 1.08718 
31120 1.08718 
31121 1.08718 
31122 1.08718 
31123 1.08718 
31124 1.08719 
31125 1.08721 
31126 1.08724 
31127 1.08728 
31128 1.08729 
31129 1.0873 
31130 1.08736 
31131 1.08738 
31132 1.08741 
31133 1.08744 
31134 1.08749 
31135 1.08754 
31136 1.08761 
31137 1.08769 
31138 1.08782 
31139 1.08794 
31140 1.08858 
31141 1.08853 
31142 1.08852 
31143 1.08852 
31144 1.08852 
31145 1.08852 
31146 1.08852 
31147 1.08852 
31148 1.08852 
31149 1.08852 
31150 1.08852 
31151 1.08852 
31152 1.08852 
31153 1.08852 
31154 1.08852 
31155 1.08852 
31156 1.08852 
31157 1.08852 
31158 1.08852 
31159 1.08852 
31160 1.08851 
31161 1.08851 
31162 1.08851 
31163 1.08851 
31164 1.08851 
31165 1.08851 
31166 1.08851 
31167 1.08851 
31168 1.08851 
31169 1.08851 
31170 1.08851 
31171 1.08851 
31172 1.08851 
31173 1.08851 
31174 1.08851 
31175 1.08851 
31176 1.0885 
31177 1.0885 
31178 1.0885 
31179 1.0885 
31180 1.0885 
31181 1.0885 
31182 1.0885 
31183 1.0885 
31184 1.0885 
31185 1.0885 
31186 1.0885 
31187 1.08849 
31188 1.08849 
31189 1.08849 
31190 1.08849 
31191 1.08849 
31192 1.08849 
31193 1.08849 
31194 1.08849 
31195 1.08849 
31196 1.08849 
31197 1.08849 
31198 1.08848 
31199 1.08848 
31200 1.08848 
31201 1.08848 
31202 1.08848 
31203 1.08847 
31204 1.08847 
31205 1.08847 
31206 1.08847 
31207 1.08846 
31208 1.08846 
31209 1.08846 
31210 1.08846 
31211 1.08845 
31212 1.08845 
31213 1.08845 
31214 1.08845 
31215 1.08845 
31216 1.08845 
31217 1.08845 
31218 1.08845 
31219 1.08844 
31220 1.08844 
31221 1.0884 
31222 1.08839 
31223 1.08837 
31224 1.08837 
31225 1.08837 
31226 1.08837 
31227 1.08837 
31228 1.08837 
31229 1.08837 
31230 1.08837 
31231 1.08837 
31232 1.08837 
31233 1.08837 
31234 1.08837 
31235 1.08837 
31236 1.08837 
31237 1.08837 
31238 1.08837 
31239 1.08837 
31240 1.08837 
31241 1.08837 
31242 1.08837 
31243 1.08837 
31244 1.08837 
31245 1.08837 
31246 1.08837 
31247 1.08837 
31248 1.08837 
31249 1.08837 
31250 1.08837 
31251 1.08837 
31252 1.08837 
31253 1.08838 
31254 1.08838 
31255 1.08838 
31256 1.08838 
31257 1.08838 
31258 1.08838 
31259 1.08838 
31260 1.08838 
31261 1.08838 
31262 1.08838 
31263 1.08838 
31264 1.08838 
31265 1.08838 
31266 1.08838 
31267 1.08838 
31268 1.08838 
31269 1.08838 
31270 1.08838 
31271 1.08838 
31272 1.08839 
31273 1.08839 
31274 1.08839 
31275 1.08839 
31276 1.08839 
31277 1.08839 
31278 1.08839 
31279 1.0884 
31280 1.0884 
31281 1.08844 
31282 1.08846 
31283 1.0885 
31284 1.08851 
31285 1.08852 
31286 1.08857 
31287 1.0886 
31288 1.08865 
31289 1.08871 
31290 1.08878 
31291 1.08886 
31292 1.08898 
31293 1.08906 
31294 1.08919 
31295 1.08976 
31296 1.08971 
31297 1.08971 
31298 1.08971 
31299 1.0897 
31300 1.0897 
31301 1.0897 
31302 1.0897 
31303 1.0897 
31304 1.0897 
31305 1.0897 
31306 1.0897 
31307 1.0897 
31308 1.0897 
31309 1.0897 
31310 1.0897 
31311 1.0897 
31312 1.0897 
31313 1.0897 
31314 1.0897 
31315 1.0897 
31316 1.0897 
31317 1.0897 
31318 1.0897 
31319 1.0897 
31320 1.0897 
31321 1.0897 
31322 1.0897 
31323 1.0897 
31324 1.0897 
31325 1.08969 
31326 1.08969 
31327 1.08969 
31328 1.08969 
31329 1.08969 
31330 1.08969 
31331 1.08969 
31332 1.08969 
31333 1.08969 
31334 1.08969 
31335 1.08969 
31336 1.08969 
31337 1.08969 
31338 1.08969 
31339 1.08969 
31340 1.08969 
31341 1.08969 
31342 1.08969 
31343 1.08969 
31344 1.08969 
31345 1.08969 
31346 1.08969 
31347 1.08969 
31348 1.08969 
31349 1.08969 
31350 1.08969 
31351 1.08969 
31352 1.08969 
31353 1.08969 
31354 1.08968 
31355 1.08968 
31356 1.08968 
31357 1.08968 
31358 1.08968 
31359 1.08968 
31360 1.08968 
31361 1.08968 
31362 1.08968 
31363 1.08968 
31364 1.08968 
31365 1.08968 
31366 1.08968 
31367 1.08968 
31368 1.08968 
31369 1.08968 
31370 1.08968 
31371 1.08968 
31372 1.08968 
31373 1.08968 
31374 1.08967 
31375 1.08967 
31376 1.08967 
31377 1.08967 
31378 1.08967 
31379 1.08967 
31380 1.08967 
31381 1.08967 
31382 1.08967 
31383 1.08967 
31384 1.08967 
31385 1.08966 
31386 1.08966 
31387 1.08966 
31388 1.08966 
31389 1.08965 
31390 1.08965 
31391 1.08965 
31392 1.08964 
31393 1.08964 
31394 1.08964 
31395 1.08963 
31396 1.08963 
31397 1.08963 
31398 1.08962 
31399 1.08962 
31400 1.08962 
31401 1.08958 
31402 1.08955 
31403 1.08954 
31404 1.08953 
31405 1.08953 
31406 1.08953 
31407 1.08953 
31408 1.08953 
31409 1.08953 
31410 1.08953 
31411 1.08953 
31412 1.08953 
31413 1.08953 
31414 1.08953 
31415 1.08953 
31416 1.08953 
31417 1.08953 
31418 1.08953 
31419 1.08953 
31420 1.08954 
31421 1.08954 
31422 1.08954 
31423 1.08954 
31424 1.08954 
31425 1.08954 
31426 1.08954 
31427 1.08954 
31428 1.08954 
31429 1.08954 
31430 1.08954 
31431 1.08954 
31432 1.08954 
31433 1.08955 
31434 1.08956 
31435 1.08957 
31436 1.08959 
31437 1.0896 
31438 1.08961 
31439 1.08963 
31440 1.08964 
31441 1.08964 
31442 1.08967 
31443 1.08969 
31444 1.08971 
31445 1.08972 
31446 1.08977 
31447 1.08982 
31448 1.08988 
31449 1.08995 
31450 1.09001 
31451 1.09007 
31452 1.09014 
31453 1.09026 
31454 1.09106 
31455 1.09099 
31456 1.09099 
31457 1.09099 
31458 1.09098 
31459 1.09098 
31460 1.09098 
31461 1.09098 
31462 1.09098 
31463 1.09098 
31464 1.09098 
31465 1.09098 
31466 1.09098 
31467 1.09098 
31468 1.09098 
31469 1.09098 
31470 1.09098 
31471 1.09098 
31472 1.09098 
31473 1.09098 
31474 1.09097 
31475 1.09097 
31476 1.09097 
31477 1.09097 
31478 1.09097 
31479 1.09097 
31480 1.09097 
31481 1.09097 
31482 1.09097 
31483 1.09097 
31484 1.09097 
31485 1.09097 
31486 1.09097 
31487 1.09097 
31488 1.09097 
31489 1.09097 
31490 1.09097 
31491 1.09097 
31492 1.09097 
31493 1.09097 
31494 1.09097 
31495 1.09097 
31496 1.09097 
31497 1.09097 
31498 1.09096 
31499 1.09096 
31500 1.09096 
31501 1.09096 
31502 1.09096 
31503 1.09096 
31504 1.09096 
31505 1.09096 
31506 1.09096 
31507 1.09096 
31508 1.09096 
31509 1.09096 
31510 1.09096 
31511 1.09096 
31512 1.09096 
31513 1.09096 
31514 1.09096 
31515 1.09095 
31516 1.09095 
31517 1.09095 
31518 1.09095 
31519 1.09095 
31520 1.09095 
31521 1.09095 
31522 1.09095 
31523 1.09095 
31524 1.09095 
31525 1.09095 
31526 1.09095 
31527 1.09095 
31528 1.09094 
31529 1.09094 
31530 1.09094 
31531 1.09094 
31532 1.09094 
31533 1.09093 
31534 1.09092 
31535 1.09092 
31536 1.09092 
31537 1.09091 
31538 1.09091 
31539 1.09091 
31540 1.09091 
31541 1.09091 
31542 1.0909 
31543 1.0909 
31544 1.0909 
31545 1.0909 
31546 1.09084 
31547 1.09082 
31548 1.0908 
31549 1.0908 
31550 1.0908 
31551 1.09081 
31552 1.09081 
31553 1.09081 
31554 1.09081 
31555 1.09081 
31556 1.09081 
31557 1.09081 
31558 1.09081 
31559 1.09081 
31560 1.09081 
31561 1.09081 
31562 1.09081 
31563 1.09081 
31564 1.09081 
31565 1.09081 
31566 1.09081 
31567 1.09081 
31568 1.09081 
31569 1.09081 
31570 1.09081 
31571 1.09081 
31572 1.09082 
31573 1.09082 
31574 1.09082 
31575 1.09082 
31576 1.09082 
31577 1.09082 
31578 1.09082 
31579 1.09082 
31580 1.09082 
31581 1.09083 
31582 1.09084 
31583 1.09086 
31584 1.09087 
31585 1.09089 
31586 1.09092 
31587 1.09093 
31588 1.09093 
31589 1.09094 
31590 1.09095 
31591 1.09096 
31592 1.09097 
31593 1.09097 
31594 1.09098 
31595 1.09099 
31596 1.091 
31597 1.09102 
31598 1.09106 
31599 1.09116 
31600 1.09124 
31601 1.09136 
31602 1.09159 
31603 1.09211 
31604 1.09201 
31605 1.09201 
31606 1.092 
31607 1.092 
31608 1.092 
31609 1.09199 
31610 1.09199 
31611 1.09199 
31612 1.09199 
31613 1.09199 
31614 1.09199 
31615 1.09199 
31616 1.09199 
31617 1.09199 
31618 1.09199 
31619 1.09199 
31620 1.09199 
31621 1.09199 
31622 1.09199 
31623 1.09199 
31624 1.09199 
31625 1.09199 
31626 1.09199 
31627 1.09199 
31628 1.09199 
31629 1.09199 
31630 1.09199 
31631 1.09199 
31632 1.09198 
31633 1.09198 
31634 1.09198 
31635 1.09198 
31636 1.09198 
31637 1.09198 
31638 1.09198 
31639 1.09198 
31640 1.09198 
31641 1.09198 
31642 1.09198 
31643 1.09198 
31644 1.09198 
31645 1.09198 
31646 1.09198 
31647 1.09198 
31648 1.09198 
31649 1.09198 
31650 1.09198 
31651 1.09198 
31652 1.09198 
31653 1.09198 
31654 1.09198 
31655 1.09198 
31656 1.09198 
31657 1.09198 
31658 1.09198 
31659 1.09197 
31660 1.09197 
31661 1.09197 
31662 1.09197 
31663 1.09197 
31664 1.09197 
31665 1.09197 
31666 1.09197 
31667 1.09197 
31668 1.09197 
31669 1.09197 
31670 1.09197 
31671 1.09197 
31672 1.09197 
31673 1.09197 
31674 1.09197 
31675 1.09197 
31676 1.09197 
31677 1.09196 
31678 1.09196 
31679 1.09196 
31680 1.09196 
31681 1.09196 
31682 1.09196 
31683 1.09196 
31684 1.09196 
31685 1.09196 
31686 1.09196 
31687 1.09196 
31688 1.09196 
31689 1.09195 
31690 1.09195 
31691 1.09195 
31692 1.09195 
31693 1.09195 
31694 1.09195 
31695 1.09195 
31696 1.09195 
31697 1.09194 
31698 1.09194 
31699 1.09194 
31700 1.09194 
31701 1.09194 
31702 1.09194 
31703 1.09193 
31704 1.09193 
31705 1.09193 
31706 1.09193 
31707 1.09193 
31708 1.09192 
31709 1.09192 
31710 1.09192 
31711 1.09192 
31712 1.09191 
31713 1.09191 
31714 1.09191 
31715 1.09191 
31716 1.09191 
31717 1.09191 
31718 1.0919 
31719 1.0919 
31720 1.0919 
31721 1.0919 
31722 1.0919 
31723 1.0919 
31724 1.0919 
31725 1.09189 
31726 1.09189 
31727 1.09189 
31728 1.09189 
31729 1.09189 
31730 1.09189 
31731 1.09189 
31732 1.09189 
31733 1.09184 
31734 1.09183 
31735 1.09182 
31736 1.09182 
31737 1.09182 
31738 1.09181 
31739 1.09181 
31740 1.09181 
31741 1.09181 
31742 1.09181 
31743 1.09181 
31744 1.09181 
31745 1.09181 
31746 1.09181 
31747 1.09181 
31748 1.09181 
31749 1.09181 
31750 1.09181 
31751 1.09181 
31752 1.09181 
31753 1.09181 
31754 1.09181 
31755 1.09181 
31756 1.09181 
31757 1.09181 
31758 1.09181 
31759 1.09181 
31760 1.09181 
31761 1.09181 
31762 1.09181 
31763 1.09181 
31764 1.09182 
31765 1.09182 
31766 1.09182 
31767 1.09182 
31768 1.09182 
31769 1.09182 
31770 1.09182 
31771 1.09182 
31772 1.09182 
31773 1.09182 
31774 1.09182 
31775 1.09182 
31776 1.09183 
31777 1.09188 
31778 1.0919 
31779 1.09192 
31780 1.09193 
31781 1.09195 
31782 1.09197 
31783 1.09198 
31784 1.09199 
31785 1.09201 
31786 1.09203 
31787 1.09206 
31788 1.0921 
31789 1.09216 
31790 1.09225 
31791 1.09234 
31792 1.09258 
31793 1.09298 
31794 1.09289 
31795 1.09289 
31796 1.09289 
31797 1.09289 
31798 1.09289 
31799 1.09289 
31800 1.09289 
31801 1.09289 
31802 1.09289 
31803 1.09289 
31804 1.09289 
31805 1.09289 
31806 1.09289 
31807 1.09289 
31808 1.09289 
31809 1.09289 
31810 1.09288 
31811 1.09288 
31812 1.09288 
31813 1.09288 
31814 1.09288 
31815 1.09288 
31816 1.09288 
31817 1.09288 
31818 1.09288 
31819 1.09288 
31820 1.09288 
31821 1.09288 
31822 1.09288 
31823 1.09288 
31824 1.09288 
31825 1.09287 
31826 1.09287 
31827 1.09287 
31828 1.09287 
31829 1.09287 
31830 1.09287 
31831 1.09287 
31832 1.09287 
31833 1.09287 
31834 1.09287 
31835 1.09287 
31836 1.09287 
31837 1.09287 
31838 1.09287 
31839 1.09286 
31840 1.09286 
31841 1.09286 
31842 1.09286 
31843 1.09286 
31844 1.09286 
31845 1.09286 
31846 1.09286 
31847 1.09286 
31848 1.09285 
31849 1.09285 
31850 1.09285 
31851 1.09285 
31852 1.09285 
31853 1.09285 
31854 1.09284 
31855 1.09284 
31856 1.09284 
31857 1.09284 
31858 1.09283 
31859 1.09283 
31860 1.09283 
31861 1.09282 
31862 1.09281 
31863 1.09281 
31864 1.09281 
31865 1.0928 
31866 1.0928 
31867 1.09279 
31868 1.09279 
31869 1.09279 
31870 1.09278 
31871 1.09278 
31872 1.09274 
31873 1.09273 
31874 1.09272 
31875 1.09272 
31876 1.09272 
31877 1.09271 
31878 1.09271 
31879 1.09271 
31880 1.09271 
31881 1.09271 
31882 1.0927 
31883 1.0927 
31884 1.0927 
31885 1.0927 
31886 1.0927 
31887 1.0927 
31888 1.0927 
31889 1.0927 
31890 1.0927 
31891 1.0927 
31892 1.0927 
31893 1.0927 
31894 1.0927 
31895 1.0927 
31896 1.0927 
31897 1.0927 
31898 1.0927 
31899 1.0927 
31900 1.0927 
31901 1.0927 
31902 1.0927 
31903 1.0927 
31904 1.0927 
31905 1.09271 
31906 1.09271 
31907 1.09272 
31908 1.09274 
31909 1.09276 
31910 1.09279 
31911 1.0928 
31912 1.0928 
31913 1.09281 
31914 1.09281 
31915 1.09282 
31916 1.09283 
31917 1.09284 
31918 1.09287 
31919 1.09291 
31920 1.09298 
31921 1.09307 
31922 1.09322 
31923 1.0933 
31924 1.09339 
31925 1.09362 
31926 1.09352 
31927 1.09352 
31928 1.09352 
31929 1.09352 
31930 1.09352 
31931 1.09352 
31932 1.09352 
31933 1.09352 
31934 1.09352 
31935 1.09352 
31936 1.09352 
31937 1.09352 
31938 1.09352 
31939 1.09352 
31940 1.09352 
31941 1.09352 
31942 1.09352 
31943 1.09352 
31944 1.09351 
31945 1.09351 
31946 1.09351 
31947 1.09351 
31948 1.09351 
31949 1.09351 
31950 1.09351 
31951 1.09351 
31952 1.09351 
31953 1.09351 
31954 1.09351 
31955 1.09351 
31956 1.09351 
31957 1.09351 
31958 1.09351 
31959 1.09351 
31960 1.09351 
31961 1.09351 
31962 1.0935 
31963 1.0935 
31964 1.0935 
31965 1.0935 
31966 1.0935 
31967 1.0935 
31968 1.0935 
31969 1.0935 
31970 1.0935 
31971 1.0935 
31972 1.0935 
31973 1.0935 
31974 1.0935 
31975 1.0935 
31976 1.0935 
31977 1.09349 
31978 1.09349 
31979 1.09349 
31980 1.09349 
31981 1.09349 
31982 1.09349 
31983 1.09349 
31984 1.09349 
31985 1.09349 
31986 1.09349 
31987 1.09349 
31988 1.09348 
31989 1.09348 
31990 1.09348 
31991 1.09348 
31992 1.09348 
31993 1.09348 
31994 1.09348 
31995 1.09348 
31996 1.09347 
31997 1.09347 
31998 1.09347 
31999 1.09346 
32000 1.09346 
32001 1.09346 
32002 1.09346 
32003 1.09346 
32004 1.09345 
32005 1.09345 
32006 1.09345 
32007 1.09344 
32008 1.09344 
32009 1.09344 
32010 1.09344 
32011 1.09343 
32012 1.09343 
32013 1.09343 
32014 1.09343 
32015 1.09343 
32016 1.09342 
32017 1.09342 
32018 1.09342 
32019 1.09342 
32020 1.09342 
32021 1.09342 
32022 1.09341 
32023 1.09341 
32024 1.09341 
32025 1.09341 
32026 1.09341 
32027 1.09341 
32028 1.09341 
32029 1.09335 
32030 1.09333 
32031 1.09333 
32032 1.09333 
32033 1.09333 
32034 1.09332 
32035 1.09332 
32036 1.09332 
32037 1.09332 
32038 1.09332 
32039 1.09332 
32040 1.09332 
32041 1.09332 
32042 1.09332 
32043 1.09332 
32044 1.09332 
32045 1.09332 
32046 1.09332 
32047 1.09332 
32048 1.09332 
32049 1.09332 
32050 1.09332 
32051 1.09332 
32052 1.09332 
32053 1.09332 
32054 1.09332 
32055 1.09332 
32056 1.09332 
32057 1.09332 
32058 1.09332 
32059 1.09332 
32060 1.09332 
32061 1.09332 
32062 1.09332 
32063 1.09332 
32064 1.09332 
32065 1.09332 
32066 1.09332 
32067 1.09332 
32068 1.09332 
32069 1.09332 
32070 1.09332 
32071 1.09332 
32072 1.09332 
32073 1.09332 
32074 1.09332 
32075 1.09332 
32076 1.09332 
32077 1.09332 
32078 1.09332 
32079 1.09332 
32080 1.09332 
32081 1.09332 
32082 1.09333 
32083 1.09333 
32084 1.09334 
32085 1.0934 
32086 1.09341 
32087 1.09342 
32088 1.09343 
32089 1.09345 
32090 1.09346 
32091 1.0935 
32092 1.09353 
32093 1.09356 
32094 1.09362 
32095 1.09369 
32096 1.09378 
32097 1.09395 
32098 1.09431 
32099 1.09459 
32100 1.09449 
32101 1.09449 
32102 1.09449 
32103 1.09448 
32104 1.09448 
32105 1.09448 
32106 1.09448 
32107 1.09448 
32108 1.09448 
32109 1.09448 
32110 1.09448 
32111 1.09448 
32112 1.09447 
32113 1.09447 
32114 1.09447 
32115 1.09447 
32116 1.09447 
32117 1.09447 
32118 1.09447 
32119 1.09446 
32120 1.09446 
32121 1.09446 
32122 1.09446 
32123 1.09446 
32124 1.09446 
32125 1.09445 
32126 1.09445 
32127 1.09445 
32128 1.09445 
32129 1.09445 
32130 1.09444 
32131 1.09444 
32132 1.09444 
32133 1.09444 
32134 1.09443 
32135 1.09443 
32136 1.09442 
32137 1.09442 
32138 1.09441 
32139 1.0944 
32140 1.0944 
32141 1.09439 
32142 1.09439 
32143 1.09438 
32144 1.09438 
32145 1.09438 
32146 1.09438 
32147 1.09438 
32148 1.09437 
32149 1.09437 
32150 1.09435 
32151 1.09435 
32152 1.09435 
32153 1.09435 
32154 1.09434 
32155 1.09434 
32156 1.09434 
32157 1.09434 
32158 1.09433 
32159 1.09433 
32160 1.09433 
32161 1.09433 
32162 1.09432 
32163 1.09432 
32164 1.09432 
32165 1.09432 
32166 1.09432 
32167 1.09432 
32168 1.09432 
32169 1.09433 
32170 1.09433 
32171 1.09435 
32172 1.09438 
32173 1.0944 
32174 1.09441 
32175 1.09442 
32176 1.09443 
32177 1.09444 
32178 1.09445 
32179 1.09446 
32180 1.09447 
32181 1.09449 
32182 1.09452 
32183 1.09456 
32184 1.09467 
32185 1.09477 
32186 1.09492 
32187 1.09507 
32188 1.09526 
32189 1.09579 
32190 1.0957 
32191 1.0957 
32192 1.0957 
32193 1.0957 
32194 1.09569 
32195 1.09569 
32196 1.09569 
32197 1.09569 
32198 1.09569 
32199 1.09569 
32200 1.09569 
32201 1.09569 
32202 1.09569 
32203 1.09569 
32204 1.09569 
32205 1.09569 
32206 1.09569 
32207 1.09569 
32208 1.09569 
32209 1.09569 
32210 1.09569 
32211 1.09569 
32212 1.09569 
32213 1.09569 
32214 1.09569 
32215 1.09569 
32216 1.09569 
32217 1.09569 
32218 1.09569 
32219 1.09569 
32220 1.09568 
32221 1.09568 
32222 1.09568 
32223 1.09568 
32224 1.09568 
32225 1.09568 
32226 1.09568 
32227 1.09568 
32228 1.09568 
32229 1.09568 
32230 1.09568 
32231 1.09568 
32232 1.09568 
32233 1.09568 
32234 1.09568 
32235 1.09568 
32236 1.09568 
32237 1.09568 
32238 1.09568 
32239 1.09568 
32240 1.09568 
32241 1.09568 
32242 1.09567 
32243 1.09567 
32244 1.09567 
32245 1.09567 
32246 1.09567 
32247 1.09567 
32248 1.09567 
32249 1.09567 
32250 1.09567 
32251 1.09567 
32252 1.09567 
32253 1.09567 
32254 1.09567 
32255 1.09567 
32256 1.09567 
32257 1.09567 
32258 1.09567 
32259 1.09566 
32260 1.09566 
32261 1.09566 
32262 1.09566 
32263 1.09566 
32264 1.09566 
32265 1.09566 
32266 1.09566 
32267 1.09566 
32268 1.09566 
32269 1.09565 
32270 1.09565 
32271 1.09565 
32272 1.09565 
32273 1.09565 
32274 1.09565 
32275 1.09565 
32276 1.09565 
32277 1.09565 
32278 1.09564 
32279 1.09564 
32280 1.09564 
32281 1.09563 
32282 1.09563 
32283 1.09563 
32284 1.09562 
32285 1.09562 
32286 1.09562 
32287 1.09561 
32288 1.09561 
32289 1.09561 
32290 1.0956 
32291 1.0956 
32292 1.0956 
32293 1.0956 
32294 1.0956 
32295 1.09559 
32296 1.09559 
32297 1.09559 
32298 1.09559 
32299 1.09559 
32300 1.09559 
32301 1.09558 
32302 1.09558 
32303 1.09558 
32304 1.09558 
32305 1.09558 
32306 1.09557 
32307 1.09557 
32308 1.09557 
32309 1.09552 
32310 1.09551 
32311 1.0955 
32312 1.0955 
32313 1.0955 
32314 1.09549 
32315 1.09549 
32316 1.09549 
32317 1.09548 
32318 1.09548 
32319 1.09548 
32320 1.09548 
32321 1.09548 
32322 1.09548 
32323 1.09548 
32324 1.09548 
32325 1.09548 
32326 1.09548 
32327 1.09548 
32328 1.09548 
32329 1.09548 
32330 1.09548 
32331 1.09548 
32332 1.09548 
32333 1.09548 
32334 1.09548 
32335 1.09548 
32336 1.09548 
32337 1.09548 
32338 1.09548 
32339 1.09548 
32340 1.09548 
32341 1.09548 
32342 1.09548 
32343 1.09548 
32344 1.09548 
32345 1.09548 
32346 1.09548 
32347 1.09548 
32348 1.09548 
32349 1.09548 
32350 1.09548 
32351 1.09548 
32352 1.09548 
32353 1.09548 
32354 1.09548 
32355 1.09548 
32356 1.09549 
32357 1.09552 
32358 1.09554 
32359 1.09555 
32360 1.09556 
32361 1.09557 
32362 1.09559 
32363 1.09561 
32364 1.09563 
32365 1.09565 
32366 1.0957 
32367 1.09577 
32368 1.09588 
32369 1.09606 
32370 1.09624 
32371 1.09667 
32372 1.09658 
32373 1.09658 
32374 1.09658 
32375 1.09657 
32376 1.09657 
32377 1.09657 
32378 1.09657 
32379 1.09657 
32380 1.09657 
32381 1.09657 
32382 1.09656 
32383 1.09656 
32384 1.09656 
32385 1.09656 
32386 1.09656 
32387 1.09656 
32388 1.09656 
32389 1.09655 
32390 1.09655 
32391 1.09655 
32392 1.09655 
32393 1.09655 
32394 1.09655 
32395 1.09654 
32396 1.09654 
32397 1.09654 
32398 1.09654 
32399 1.09653 
32400 1.09653 
32401 1.09653 
32402 1.09653 
32403 1.09653 
32404 1.09652 
32405 1.09652 
32406 1.09651 
32407 1.09651 
32408 1.0965 
32409 1.0965 
32410 1.0965 
32411 1.09649 
32412 1.09649 
32413 1.09648 
32414 1.09648 
32415 1.09647 
32416 1.09647 
32417 1.09647 
32418 1.09647 
32419 1.09646 
32420 1.09646 
32421 1.09646 
32422 1.09646 
32423 1.09646 
32424 1.09646 
32425 1.09643 
32426 1.09642 
32427 1.09642 
32428 1.09641 
32429 1.09641 
32430 1.0964 
32431 1.0964 
32432 1.0964 
32433 1.0964 
32434 1.09639 
32435 1.09639 
32436 1.09639 
32437 1.09639 
32438 1.09639 
32439 1.09639 
32440 1.09639 
32441 1.09639 
32442 1.09639 
32443 1.09639 
32444 1.09639 
32445 1.09639 
32446 1.09639 
32447 1.09639 
32448 1.0964 
32449 1.09642 
32450 1.09643 
32451 1.09644 
32452 1.09645 
32453 1.09646 
32454 1.09647 
32455 1.09648 
32456 1.09648 
32457 1.09649 
32458 1.0965 
32459 1.09651 
32460 1.09653 
32461 1.09655 
32462 1.09661 
32463 1.09668 
32464 1.09689 
32465 1.09737 
32466 1.09729 
32467 1.09729 
32468 1.09728 
32469 1.09727 
32470 1.09727 
32471 1.09727 
32472 1.09726 
32473 1.09726 
32474 1.09726 
32475 1.09726 
32476 1.09726 
32477 1.09726 
32478 1.09726 
32479 1.09726 
32480 1.09726 
32481 1.09726 
32482 1.09726 
32483 1.09726 
32484 1.09726 
32485 1.09726 
32486 1.09726 
32487 1.09726 
32488 1.09725 
32489 1.09725 
32490 1.09725 
32491 1.09725 
32492 1.09725 
32493 1.09725 
32494 1.09725 
32495 1.09725 
32496 1.09725 
32497 1.09725 
32498 1.09725 
32499 1.09725 
32500 1.09725 
32501 1.09725 
32502 1.09725 
32503 1.09724 
32504 1.09724 
32505 1.09724 
32506 1.09724 
32507 1.09724 
32508 1.09724 
32509 1.09724 
32510 1.09724 
32511 1.09724 
32512 1.09724 
32513 1.09724 
32514 1.09724 
32515 1.09724 
32516 1.09723 
32517 1.09723 
32518 1.09723 
32519 1.09723 
32520 1.09723 
32521 1.09723 
32522 1.09723 
32523 1.09723 
32524 1.09723 
32525 1.09723 
32526 1.09722 
32527 1.09722 
32528 1.09722 
32529 1.09722 
32530 1.09722 
32531 1.09722 
32532 1.09721 
32533 1.09721 
32534 1.09721 
32535 1.09721 
32536 1.09721 
32537 1.09721 
32538 1.0972 
32539 1.0972 
32540 1.09719 
32541 1.09718 
32542 1.09718 
32543 1.09718 
32544 1.09718 
32545 1.09718 
32546 1.09718 
32547 1.09717 
32548 1.09717 
32549 1.09717 
32550 1.09717 
32551 1.09717 
32552 1.09716 
32553 1.09716 
32554 1.09715 
32555 1.09715 
32556 1.09715 
32557 1.09715 
32558 1.09714 
32559 1.09714 
32560 1.09714 
32561 1.09714 
32562 1.09713 
32563 1.09713 
32564 1.09713 
32565 1.09713 
32566 1.09713 
32567 1.09713 
32568 1.09713 
32569 1.09712 
32570 1.09711 
32571 1.09711 
32572 1.0971 
32573 1.09709 
32574 1.09709 
32575 1.09709 
32576 1.09708 
32577 1.09707 
32578 1.09707 
32579 1.09706 
32580 1.09706 
32581 1.09706 
32582 1.09706 
32583 1.09706 
32584 1.09706 
32585 1.09706 
32586 1.09706 
32587 1.09706 
32588 1.09706 
32589 1.09706 
32590 1.09706 
32591 1.09706 
32592 1.09706 
32593 1.09706 
32594 1.09706 
32595 1.09706 
32596 1.09706 
32597 1.09706 
32598 1.09706 
32599 1.09706 
32600 1.0971 
32601 1.09711 
32602 1.09712 
32603 1.09712 
32604 1.09713 
32605 1.09714 
32606 1.09714 
32607 1.09715 
32608 1.09715 
32609 1.09716 
32610 1.09717 
32611 1.09718 
32612 1.09719 
32613 1.0972 
32614 1.09722 
32615 1.09724 
32616 1.09729 
32617 1.09734 
32618 1.09741 
32619 1.09753 
32620 1.09773 
32621 1.09803 
32622 1.09881 
32623 1.0987 
32624 1.0987 
32625 1.0987 
32626 1.0987 
32627 1.0987 
32628 1.0987 
32629 1.09869 
32630 1.09869 
32631 1.09869 
32632 1.09869 
32633 1.09869 
32634 1.09869 
32635 1.09869 
32636 1.09869 
32637 1.09869 
32638 1.09869 
32639 1.09869 
32640 1.09869 
32641 1.09869 
32642 1.09869 
32643 1.09869 
32644 1.09869 
32645 1.09869 
32646 1.09869 
32647 1.09869 
32648 1.09869 
32649 1.09869 
32650 1.09869 
32651 1.09869 
32652 1.09869 
32653 1.09868 
32654 1.09868 
32655 1.09868 
32656 1.09868 
32657 1.09868 
32658 1.09868 
32659 1.09868 
32660 1.09868 
32661 1.09868 
32662 1.09868 
32663 1.09868 
32664 1.09868 
32665 1.09868 
32666 1.09868 
32667 1.09868 
32668 1.09868 
32669 1.09868 
32670 1.09868 
32671 1.09868 
32672 1.09868 
32673 1.09868 
32674 1.09867 
32675 1.09867 
32676 1.09867 
32677 1.09867 
32678 1.09867 
32679 1.09867 
32680 1.09867 
32681 1.09867 
32682 1.09867 
32683 1.09867 
32684 1.09867 
32685 1.09867 
32686 1.09867 
32687 1.09867 
32688 1.09867 
32689 1.09867 
32690 1.09866 
32691 1.09866 
32692 1.09866 
32693 1.09866 
32694 1.09866 
32695 1.09866 
32696 1.09866 
32697 1.09866 
32698 1.09866 
32699 1.09866 
32700 1.09866 
32701 1.09866 
32702 1.09866 
32703 1.09865 
32704 1.09865 
32705 1.09865 
32706 1.09865 
32707 1.09865 
32708 1.09865 
32709 1.09865 
32710 1.09865 
32711 1.09865 
32712 1.09864 
32713 1.09864 
32714 1.09864 
32715 1.09864 
32716 1.09864 
32717 1.09864 
32718 1.09864 
32719 1.09864 
32720 1.09863 
32721 1.09863 
32722 1.09863 
32723 1.09862 
32724 1.09861 
32725 1.09861 
32726 1.0986 
32727 1.0986 
32728 1.09859 
32729 1.09859 
32730 1.09858 
32731 1.09857 
32732 1.09857 
32733 1.09856 
32734 1.09856 
32735 1.09855 
32736 1.09855 
32737 1.09855 
32738 1.09854 
32739 1.09854 
32740 1.09854 
32741 1.09853 
32742 1.09853 
32743 1.09848 
32744 1.09847 
32745 1.09846 
32746 1.09846 
32747 1.09845 
32748 1.09845 
32749 1.09844 
32750 1.09843 
32751 1.09843 
32752 1.09843 
32753 1.09843 
32754 1.09842 
32755 1.0984 
32756 1.0984 
32757 1.0984 
32758 1.0984 
32759 1.0984 
32760 1.0984 
32761 1.0984 
32762 1.0984 
32763 1.0984 
32764 1.0984 
32765 1.0984 
32766 1.0984 
32767 1.0984 
32768 1.0984 
32769 1.0984 
32770 1.09839 
32771 1.09839 
32772 1.09839 
32773 1.09839 
32774 1.09839 
32775 1.09839 
32776 1.09839 
32777 1.09839 
32778 1.09839 
32779 1.09839 
32780 1.09839 
32781 1.09839 
32782 1.09839 
32783 1.09839 
32784 1.09839 
32785 1.09839 
32786 1.09839 
32787 1.09839 
32788 1.09839 
32789 1.09839 
32790 1.09839 
32791 1.09839 
32792 1.09839 
32793 1.09839 
32794 1.09839 
32795 1.0984 
32796 1.0984 
32797 1.09841 
32798 1.09843 
32799 1.09846 
32800 1.09847 
32801 1.09848 
32802 1.09849 
32803 1.0985 
32804 1.0985 
32805 1.09851 
32806 1.09852 
32807 1.09856 
32808 1.09861 
32809 1.09868 
32810 1.09878 
32811 1.0991 
32812 1.09969 
32813 1.0996 
32814 1.0996 
32815 1.0996 
32816 1.0996 
32817 1.0996 
32818 1.0996 
32819 1.0996 
32820 1.0996 
32821 1.0996 
32822 1.09959 
32823 1.09959 
32824 1.09959 
32825 1.09959 
32826 1.09959 
32827 1.09959 
32828 1.09959 
32829 1.09959 
32830 1.09959 
32831 1.09959 
32832 1.09959 
32833 1.09959 
32834 1.09959 
32835 1.09959 
32836 1.09959 
32837 1.09959 
32838 1.09959 
32839 1.09959 
32840 1.09959 
32841 1.09959 
32842 1.09959 
32843 1.09959 
32844 1.09959 
32845 1.09959 
32846 1.09959 
32847 1.09958 
32848 1.09958 
32849 1.09958 
32850 1.09958 
32851 1.09958 
32852 1.09958 
32853 1.09958 
32854 1.09958 
32855 1.09958 
32856 1.09958 
32857 1.09958 
32858 1.09958 
32859 1.09958 
32860 1.09958 
32861 1.09958 
32862 1.09958 
32863 1.09958 
32864 1.09958 
32865 1.09958 
32866 1.09957 
32867 1.09957 
32868 1.09957 
32869 1.09957 
32870 1.09957 
32871 1.09957 
32872 1.09957 
32873 1.09957 
32874 1.09957 
32875 1.09957 
32876 1.09957 
32877 1.09957 
32878 1.09957 
32879 1.09957 
32880 1.09956 
32881 1.09956 
32882 1.09956 
32883 1.09956 
32884 1.09956 
32885 1.09956 
32886 1.09956 
32887 1.09956 
32888 1.09955 
32889 1.09955 
32890 1.09955 
32891 1.09955 
32892 1.09955 
32893 1.09954 
32894 1.09954 
32895 1.09954 
32896 1.09953 
32897 1.09953 
32898 1.09952 
32899 1.09952 
32900 1.09952 
32901 1.09951 
32902 1.09951 
32903 1.09951 
32904 1.0995 
32905 1.0995 
32906 1.0995 
32907 1.09949 
32908 1.09949 
32909 1.09949 
32910 1.09949 
32911 1.09948 
32912 1.09948 
32913 1.09948 
32914 1.09948 
32915 1.09948 
32916 1.09948 
32917 1.09948 
32918 1.09948 
32919 1.09948 
32920 1.09947 
32921 1.09946 
32922 1.09946 
32923 1.09945 
32924 1.09945 
32925 1.09945 
32926 1.09945 
32927 1.09945 
32928 1.09945 
32929 1.09945 
32930 1.09945 
32931 1.09945 
32932 1.09945 
32933 1.09945 
32934 1.09946 
32935 1.09946 
32936 1.09946 
32937 1.09946 
32938 1.09946 
32939 1.09946 
32940 1.09946 
32941 1.09946 
32942 1.09946 
32943 1.09946 
32944 1.09946 
32945 1.09946 
32946 1.09946 
32947 1.09946 
32948 1.09946 
32949 1.09946 
32950 1.09946 
32951 1.09948 
32952 1.09949 
32953 1.0995 
32954 1.09951 
32955 1.09952 
32956 1.09953 
32957 1.09954 
32958 1.09955 
32959 1.09957 
32960 1.09958 
32961 1.09959 
32962 1.09961 
32963 1.09964 
32964 1.09967 
32965 1.0997 
32966 1.09976 
32967 1.09984 
32968 1.10002 
32969 1.1005 
32970 1.10149 
32971 1.10146 
32972 1.10142 
32973 1.1014 
32974 1.10138 
32975 1.10138 
32976 1.10138 
32977 1.10137 
32978 1.10137 
32979 1.10137 
32980 1.10137 
32981 1.10137 
32982 1.10137 
32983 1.10137 
32984 1.10137 
32985 1.10137 
32986 1.10137 
32987 1.10137 
32988 1.10137 
32989 1.10136 
32990 1.10136 
32991 1.10136 
32992 1.10136 
32993 1.10136 
32994 1.10136 
32995 1.10136 
32996 1.10136 
32997 1.10136 
32998 1.10136 
32999 1.10136 
33000 1.10136 
33001 1.10136 
33002 1.10136 
33003 1.10136 
33004 1.10136 
33005 1.10136 
33006 1.10136 
33007 1.10135 
33008 1.10135 
33009 1.10135 
33010 1.10135 
33011 1.10135 
33012 1.10135 
33013 1.10135 
33014 1.10135 
33015 1.10135 
33016 1.10135 
33017 1.10135 
33018 1.10135 
33019 1.10135 
33020 1.10135 
33021 1.10135 
33022 1.10134 
33023 1.10134 
33024 1.10134 
33025 1.10134 
33026 1.10134 
33027 1.10134 
33028 1.10134 
33029 1.10134 
33030 1.10134 
33031 1.10134 
33032 1.10133 
33033 1.10133 
33034 1.10133 
33035 1.10133 
33036 1.10133 
33037 1.10133 
33038 1.10133 
33039 1.10133 
33040 1.10133 
33041 1.10133 
33042 1.10132 
33043 1.10132 
33044 1.10132 
33045 1.10132 
33046 1.10132 
33047 1.10132 
33048 1.10132 
33049 1.10131 
33050 1.10131 
33051 1.10131 
33052 1.10131 
33053 1.1013 
33054 1.1013 
33055 1.1013 
33056 1.10129 
33057 1.10129 
33058 1.10128 
33059 1.10128 
33060 1.10127 
33061 1.10127 
33062 1.10126 
33063 1.10126 
33064 1.10126 
33065 1.10125 
33066 1.10125 
33067 1.10124 
33068 1.10124 
33069 1.10123 
33070 1.10122 
33071 1.10122 
33072 1.10122 
33073 1.10122 
33074 1.10121 
33075 1.1012 
33076 1.1012 
33077 1.10119 
33078 1.10119 
33079 1.10119 
33080 1.10114 
33081 1.10114 
33082 1.10114 
33083 1.10113 
33084 1.10113 
33085 1.10113 
33086 1.10112 
33087 1.10112 
33088 1.10112 
33089 1.10111 
33090 1.10111 
33091 1.1011 
33092 1.1011 
33093 1.10109 
33094 1.10109 
33095 1.10108 
33096 1.10108 
33097 1.10107 
33098 1.10107 
33099 1.10106 
33100 1.10106 
33101 1.10106 
33102 1.10106 
33103 1.10106 
33104 1.10106 
33105 1.10106 
33106 1.10106 
33107 1.10106 
33108 1.10106 
33109 1.10105 
33110 1.10105 
33111 1.10105 
33112 1.10105 
33113 1.10105 
33114 1.10105 
33115 1.10105 
33116 1.10105 
33117 1.10105 
33118 1.10105 
33119 1.10105 
33120 1.10105 
33121 1.10105 
33122 1.10105 
33123 1.10105 
33124 1.10105 
33125 1.10105 
33126 1.10105 
33127 1.10105 
33128 1.10105 
33129 1.10106 
33130 1.10106 
33131 1.10112 
33132 1.10112 
33133 1.10112 
33134 1.10113 
33135 1.10113 
33136 1.10114 
33137 1.10114 
33138 1.10115 
33139 1.10115 
33140 1.10117 
33141 1.10118 
33142 1.1012 
33143 1.10122 
33144 1.10125 
33145 1.10128 
33146 1.10131 
33147 1.10137 
33148 1.10146 
33149 1.10162 
33150 1.10238 
33151 1.10229 
33152 1.10228 
33153 1.10228 
33154 1.10228 
33155 1.10228 
33156 1.10226 
33157 1.10226 
33158 1.10226 
33159 1.10226 
33160 1.10226 
33161 1.10226 
33162 1.10226 
33163 1.10226 
33164 1.10226 
33165 1.10226 
33166 1.10225 
33167 1.10225 
33168 1.10225 
33169 1.10225 
33170 1.10225 
33171 1.10225 
33172 1.10225 
33173 1.10225 
33174 1.10225 
33175 1.10225 
33176 1.10225 
33177 1.10225 
33178 1.10225 
33179 1.10225 
33180 1.10225 
33181 1.10225 
33182 1.10225 
33183 1.10225 
33184 1.10225 
33185 1.10225 
33186 1.10224 
33187 1.10224 
33188 1.10224 
33189 1.10224 
33190 1.10224 
33191 1.10224 
33192 1.10224 
33193 1.10224 
33194 1.10224 
33195 1.10224 
33196 1.10224 
33197 1.10224 
33198 1.10224 
33199 1.10224 
33200 1.10224 
33201 1.10223 
33202 1.10223 
33203 1.10223 
33204 1.10223 
33205 1.10223 
33206 1.10223 
33207 1.10223 
33208 1.10223 
33209 1.10223 
33210 1.10223 
33211 1.10223 
33212 1.10222 
33213 1.10222 
33214 1.10222 
33215 1.10222 
33216 1.10222 
33217 1.10222 
33218 1.10222 
33219 1.10222 
33220 1.10221 
33221 1.10221 
33222 1.10221 
33223 1.10221 
33224 1.10221 
33225 1.10221 
33226 1.10221 
33227 1.1022 
33228 1.1022 
33229 1.1022 
33230 1.1022 
33231 1.10219 
33232 1.10219 
33233 1.10219 
33234 1.10218 
33235 1.10218 
33236 1.10218 
33237 1.10217 
33238 1.10216 
33239 1.10216 
33240 1.10215 
33241 1.10215 
33242 1.10214 
33243 1.10214 
33244 1.10214 
33245 1.10213 
33246 1.10213 
33247 1.10212 
33248 1.10212 
33249 1.10212 
33250 1.10211 
33251 1.10211 
33252 1.10211 
33253 1.10211 
33254 1.10211 
33255 1.1021 
33256 1.1021 
33257 1.1021 
33258 1.1021 
33259 1.1021 
33260 1.10208 
33261 1.10208 
33262 1.10207 
33263 1.10206 
33264 1.10206 
33265 1.10205 
33266 1.10204 
33267 1.10204 
33268 1.10204 
33269 1.10203 
33270 1.10202 
33271 1.10201 
33272 1.102 
33273 1.102 
33274 1.10199 
33275 1.10199 
33276 1.10199 
33277 1.10199 
33278 1.10199 
33279 1.10199 
33280 1.10198 
33281 1.10198 
33282 1.10198 
33283 1.10198 
33284 1.10201 
33285 1.10202 
33286 1.10202 
33287 1.10203 
33288 1.10203 
33289 1.10204 
33290 1.10204 
33291 1.10205 
33292 1.10205 
33293 1.10206 
33294 1.10206 
33295 1.10207 
33296 1.10208 
33297 1.10209 
33298 1.1021 
33299 1.10212 
33300 1.10214 
33301 1.10216 
33302 1.10218 
33303 1.10221 
33304 1.10226 
33305 1.10233 
33306 1.10307 
33307 1.10297 
33308 1.10297 
33309 1.10297 
33310 1.10296 
33311 1.10295 
33312 1.10295 
33313 1.10295 
33314 1.10295 
33315 1.10295 
33316 1.10295 
33317 1.10295 
33318 1.10295 
33319 1.10295 
33320 1.10295 
33321 1.10295 
33322 1.10295 
33323 1.10295 
33324 1.10295 
33325 1.10295 
33326 1.10295 
33327 1.10294 
33328 1.10294 
33329 1.10294 
33330 1.10294 
33331 1.10294 
33332 1.10294 
33333 1.10294 
33334 1.10294 
33335 1.10294 
33336 1.10294 
33337 1.10294 
33338 1.10294 
33339 1.10294 
33340 1.10294 
33341 1.10294 
33342 1.10294 
33343 1.10294 
33344 1.10293 
33345 1.10293 
33346 1.10293 
33347 1.10293 
33348 1.10293 
33349 1.10293 
33350 1.10293 
33351 1.10293 
33352 1.10293 
33353 1.10293 
33354 1.10293 
33355 1.10293 
33356 1.10293 
33357 1.10293 
33358 1.10293 
33359 1.10292 
33360 1.10292 
33361 1.10292 
33362 1.10292 
33363 1.10292 
33364 1.10292 
33365 1.10292 
33366 1.10292 
33367 1.10292 
33368 1.10291 
33369 1.10291 
33370 1.10291 
33371 1.10291 
33372 1.10291 
33373 1.10291 
33374 1.10291 
33375 1.10291 
33376 1.1029 
33377 1.1029 
33378 1.1029 
33379 1.1029 
33380 1.1029 
33381 1.10289 
33382 1.10289 
33383 1.10289 
33384 1.10289 
33385 1.10288 
33386 1.10287 
33387 1.10287 
33388 1.10286 
33389 1.10285 
33390 1.10284 
33391 1.10284 
33392 1.10284 
33393 1.10283 
33394 1.10282 
33395 1.10281 
33396 1.10281 
33397 1.10279 
33398 1.10278 
33399 1.10278 
33400 1.10278 
33401 1.10278 
33402 1.10278 
33403 1.10277 
33404 1.10277 
33405 1.10277 
33406 1.10277 
33407 1.10277 
33408 1.10277 
33409 1.10277 
33410 1.10277 
33411 1.10277 
33412 1.10277 
33413 1.10278 
33414 1.10278 
33415 1.10278 
33416 1.10278 
33417 1.10278 
33418 1.10278 
33419 1.10278 
33420 1.10278 
33421 1.10278 
33422 1.10279 
33423 1.10279 
33424 1.10279 
33425 1.10279 
33426 1.10279 
33427 1.10279 
33428 1.1028 
33429 1.1028 
33430 1.1028 
33431 1.10281 
33432 1.10281 
33433 1.10281 
33434 1.10294 
33435 1.10296 
33436 1.10297 
33437 1.10299 
33438 1.10301 
33439 1.10303 
33440 1.10306 
33441 1.1031 
33442 1.10313 
33443 1.10317 
33444 1.10322 
33445 1.10328 
33446 1.10336 
33447 1.10356 
33448 1.10384 
33449 1.10417 
33450 1.10479 
33451 1.10661 
33452 1.10646 
33453 1.10646 
33454 1.10646 
33455 1.10646 
33456 1.10646 
33457 1.10646 
33458 1.10646 
33459 1.10646 
33460 1.10646 
33461 1.10646 
33462 1.10646 
33463 1.10646 
33464 1.10645 
33465 1.10645 
33466 1.10645 
33467 1.10645 
33468 1.10645 
33469 1.10645 
33470 1.10645 
33471 1.10645 
33472 1.10645 
33473 1.10645 
33474 1.10645 
33475 1.10645 
33476 1.10645 
33477 1.10645 
33478 1.10645 
33479 1.10645 
33480 1.10645 
33481 1.10645 
33482 1.10645 
33483 1.10645 
33484 1.10645 
33485 1.10645 
33486 1.10645 
33487 1.10644 
33488 1.10644 
33489 1.10644 
33490 1.10644 
33491 1.10644 
33492 1.10644 
33493 1.10644 
33494 1.10644 
33495 1.10644 
33496 1.10644 
33497 1.10644 
33498 1.10644 
33499 1.10644 
33500 1.10644 
33501 1.10644 
33502 1.10644 
33503 1.10644 
33504 1.10643 
33505 1.10643 
33506 1.10643 
33507 1.10643 
33508 1.10643 
33509 1.10643 
33510 1.10643 
33511 1.10643 
33512 1.10643 
33513 1.10643 
33514 1.10643 
33515 1.10643 
33516 1.10643 
33517 1.10643 
33518 1.10643 
33519 1.10643 
33520 1.10643 
33521 1.10642 
33522 1.10642 
33523 1.10642 
33524 1.10642 
33525 1.10642 
33526 1.10642 
33527 1.10642 
33528 1.10642 
33529 1.10642 
33530 1.10642 
33531 1.10642 
33532 1.10642 
33533 1.10641 
33534 1.10641 
33535 1.10641 
33536 1.10641 
33537 1.10641 
33538 1.10641 
33539 1.10641 
33540 1.10641 
33541 1.10641 
33542 1.1064 
33543 1.1064 
33544 1.1064 
33545 1.1064 
33546 1.1064 
33547 1.1064 
33548 1.1064 
33549 1.10639 
33550 1.10639 
33551 1.10638 
33552 1.10637 
33553 1.10637 
33554 1.10637 
33555 1.10636 
33556 1.10636 
33557 1.10636 
33558 1.10635 
33559 1.10635 
33560 1.10634 
33561 1.10634 
33562 1.10633 
33563 1.10632 
33564 1.10631 
33565 1.1063 
33566 1.1063 
33567 1.1063 
33568 1.1063 
33569 1.10623 
33570 1.10623 
33571 1.10623 
33572 1.10623 
33573 1.10623 
33574 1.10623 
33575 1.10622 
33576 1.10622 
33577 1.10622 
33578 1.10622 
33579 1.10622 
33580 1.10622 
33581 1.10622 
33582 1.10622 
33583 1.10622 
33584 1.10621 
33585 1.10621 
33586 1.10621 
33587 1.10621 
33588 1.1062 
33589 1.1062 
33590 1.1062 
33591 1.1062 
33592 1.1062 
33593 1.10619 
33594 1.10619 
33595 1.10619 
33596 1.10619 
33597 1.10618 
33598 1.10618 
33599 1.10618 
33600 1.10618 
33601 1.10618 
33602 1.10618 
33603 1.10618 
33604 1.10619 
33605 1.10619 
33606 1.10619 
33607 1.10619 
33608 1.10619 
33609 1.10619 
33610 1.10619 
33611 1.1062 
33612 1.1062 
33613 1.1062 
33614 1.1062 
33615 1.1062 
33616 1.1062 
33617 1.1062 
33618 1.10621 
33619 1.10621 
33620 1.10621 
33621 1.10621 
33622 1.10621 
33623 1.10622 
33624 1.10622 
33625 1.10623 
33626 1.10627 
33627 1.10641 
33628 1.10642 
33629 1.10643 
33630 1.10645 
33631 1.10646 
33632 1.10648 
33633 1.1065 
33634 1.10653 
33635 1.10657 
33636 1.10663 
33637 1.10671 
33638 1.10681 
33639 1.10696 
33640 1.10722 
33641 1.10711 
33642 1.10711 
33643 1.10711 
33644 1.10711 
33645 1.10711 
33646 1.10711 
33647 1.10711 
33648 1.10711 
33649 1.10711 
33650 1.10711 
33651 1.10711 
33652 1.10711 
33653 1.10711 
33654 1.1071 
33655 1.1071 
33656 1.1071 
33657 1.1071 
33658 1.1071 
33659 1.1071 
33660 1.1071 
33661 1.1071 
33662 1.1071 
33663 1.1071 
33664 1.1071 
33665 1.1071 
33666 1.1071 
33667 1.1071 
33668 1.1071 
33669 1.1071 
33670 1.1071 
33671 1.1071 
33672 1.1071 
33673 1.1071 
33674 1.1071 
33675 1.1071 
33676 1.1071 
33677 1.1071 
33678 1.10709 
33679 1.10709 
33680 1.10709 
33681 1.10709 
33682 1.10709 
33683 1.10709 
33684 1.10709 
33685 1.10709 
33686 1.10709 
33687 1.10709 
33688 1.10709 
33689 1.10709 
33690 1.10709 
33691 1.10709 
33692 1.10709 
33693 1.10709 
33694 1.10709 
33695 1.10709 
33696 1.10709 
33697 1.10709 
33698 1.10709 
33699 1.10709 
33700 1.10709 
33701 1.10708 
33702 1.10708 
33703 1.10708 
33704 1.10708 
33705 1.10708 
33706 1.10708 
33707 1.10708 
33708 1.10708 
33709 1.10708 
33710 1.10708 
33711 1.10708 
33712 1.10708 
33713 1.10708 
33714 1.10708 
33715 1.10708 
33716 1.10707 
33717 1.10707 
33718 1.10707 
33719 1.10707 
33720 1.10707 
33721 1.10707 
33722 1.10707 
33723 1.10707 
33724 1.10707 
33725 1.10707 
33726 1.10707 
33727 1.10707 
33728 1.10707 
33729 1.10707 
33730 1.10706 
33731 1.10706 
33732 1.10706 
33733 1.10706 
33734 1.10706 
33735 1.10705 
33736 1.10705 
33737 1.10705 
33738 1.10705 
33739 1.10705 
33740 1.10705 
33741 1.10704 
33742 1.10703 
33743 1.10703 
33744 1.10703 
33745 1.10703 
33746 1.10702 
33747 1.10702 
33748 1.10701 
33749 1.10701 
33750 1.10701 
33751 1.10701 
33752 1.107 
33753 1.107 
33754 1.107 
33755 1.107 
33756 1.10697 
33757 1.10697 
33758 1.10697 
33759 1.10696 
33760 1.10696 
33761 1.10696 
33762 1.10696 
33763 1.10696 
33764 1.10696 
33765 1.10696 
33766 1.10696 
33767 1.10696 
33768 1.10696 
33769 1.10696 
33770 1.10696 
33771 1.10696 
33772 1.10696 
33773 1.10697 
33774 1.10697 
33775 1.10697 
33776 1.10697 
33777 1.10697 
33778 1.10697 
33779 1.10697 
33780 1.10698 
33781 1.10698 
33782 1.10709 
33783 1.10709 
33784 1.10711 
33785 1.10712 
33786 1.10714 
33787 1.10715 
33788 1.10717 
33789 1.10719 
33790 1.10722 
33791 1.10726 
33792 1.1073 
33793 1.10734 
33794 1.10739 
33795 1.10745 
33796 1.10754 
33797 1.10766 
33798 1.10779 
33799 1.10803 
33800 1.10943 
33801 1.1093 
33802 1.10929 
33803 1.10929 
33804 1.10928 
33805 1.10928 
33806 1.10928 
33807 1.10928 
33808 1.10928 
33809 1.10928 
33810 1.10928 
33811 1.10927 
33812 1.10927 
33813 1.10927 
33814 1.10927 
33815 1.10927 
33816 1.10927 
33817 1.10927 
33818 1.10927 
33819 1.10927 
33820 1.10927 
33821 1.10927 
33822 1.10927 
33823 1.10927 
33824 1.10927 
33825 1.10927 
33826 1.10927 
33827 1.10927 
33828 1.10927 
33829 1.10927 
33830 1.10927 
33831 1.10926 
33832 1.10926 
33833 1.10926 
33834 1.10926 
33835 1.10926 
33836 1.10926 
33837 1.10926 
33838 1.10926 
33839 1.10926 
33840 1.10926 
33841 1.10926 
33842 1.10926 
33843 1.10926 
33844 1.10926 
33845 1.10926 
33846 1.10926 
33847 1.10926 
33848 1.10926 
33849 1.10926 
33850 1.10926 
33851 1.10925 
33852 1.10925 
33853 1.10925 
33854 1.10925 
33855 1.10925 
33856 1.10925 
33857 1.10925 
33858 1.10925 
33859 1.10925 
33860 1.10925 
33861 1.10925 
33862 1.10925 
33863 1.10925 
33864 1.10925 
33865 1.10925 
33866 1.10925 
33867 1.10924 
33868 1.10924 
33869 1.10924 
33870 1.10924 
33871 1.10924 
33872 1.10924 
33873 1.10924 
33874 1.10924 
33875 1.10924 
33876 1.10924 
33877 1.10924 
33878 1.10924 
33879 1.10924 
33880 1.10924 
33881 1.10924 
33882 1.10923 
33883 1.10923 
33884 1.10923 
33885 1.10923 
33886 1.10923 
33887 1.10923 
33888 1.10923 
33889 1.10923 
33890 1.10922 
33891 1.10922 
33892 1.10922 
33893 1.10922 
33894 1.10922 
33895 1.10922 
33896 1.10922 
33897 1.10922 
33898 1.10921 
33899 1.10921 
33900 1.10921 
33901 1.10921 
33902 1.10921 
33903 1.1092 
33904 1.10919 
33905 1.10918 
33906 1.10918 
33907 1.10917 
33908 1.10916 
33909 1.10916 
33910 1.10915 
33911 1.10915 
33912 1.10914 
33913 1.10913 
33914 1.10912 
33915 1.10912 
33916 1.10911 
33917 1.10911 
33918 1.10911 
33919 1.10911 
33920 1.10911 
33921 1.10908 
33922 1.10908 
33923 1.10908 
33924 1.10908 
33925 1.10908 
33926 1.10908 
33927 1.10908 
33928 1.10907 
33929 1.10907 
33930 1.10907 
33931 1.10907 
33932 1.10907 
33933 1.10906 
33934 1.10906 
33935 1.10906 
33936 1.10906 
33937 1.10906 
33938 1.10906 
33939 1.10906 
33940 1.10906 
33941 1.10906 
33942 1.10906 
33943 1.10906 
33944 1.10907 
33945 1.10907 
33946 1.10907 
33947 1.10907 
33948 1.10907 
33949 1.10908 
33950 1.10908 
33951 1.10908 
33952 1.10909 
33953 1.10909 
33954 1.10909 
33955 1.1091 
33956 1.1091 
33957 1.10911 
33958 1.10915 
33959 1.10917 
33960 1.10918 
33961 1.10919 
33962 1.1092 
33963 1.10921 
33964 1.10922 
33965 1.10923 
33966 1.10924 
33967 1.10925 
33968 1.10926 
33969 1.10927 
33970 1.10929 
33971 1.10931 
33972 1.10934 
33973 1.10937 
33974 1.10944 
33975 1.10953 
33976 1.10972 
33977 1.10991 
33978 1.11033 
33979 1.11265 
33980 1.11246 
33981 1.11245 
33982 1.11245 
33983 1.11245 
33984 1.11245 
33985 1.11245 
33986 1.11245 
33987 1.11245 
33988 1.11245 
33989 1.11245 
33990 1.11244 
33991 1.11244 
33992 1.11244 
33993 1.11244 
33994 1.11244 
33995 1.11244 
33996 1.11244 
33997 1.11244 
33998 1.11244 
33999 1.11244 
34000 1.11244 
34001 1.11244 
34002 1.11244 
34003 1.11244 
34004 1.11244 
34005 1.11244 
34006 1.11244 
34007 1.11244 
34008 1.11244 
34009 1.11244 
34010 1.11244 
34011 1.11244 
34012 1.11244 
34013 1.11244 
34014 1.11243 
34015 1.11243 
34016 1.11243 
34017 1.11243 
34018 1.11243 
34019 1.11243 
34020 1.11243 
34021 1.11243 
34022 1.11243 
34023 1.11243 
34024 1.11243 
34025 1.11243 
34026 1.11243 
34027 1.11243 
34028 1.11243 
34029 1.11243 
34030 1.11243 
34031 1.11243 
34032 1.11243 
34033 1.11243 
34034 1.11243 
34035 1.11243 
34036 1.11243 
34037 1.11242 
34038 1.11242 
34039 1.11242 
34040 1.11242 
34041 1.11242 
34042 1.11242 
34043 1.11242 
34044 1.11242 
34045 1.11242 
34046 1.11242 
34047 1.11242 
34048 1.11242 
34049 1.11242 
34050 1.11242 
34051 1.11242 
34052 1.11242 
34053 1.11241 
34054 1.11241 
34055 1.11241 
34056 1.11241 
34057 1.11241 
34058 1.11241 
34059 1.11241 
34060 1.11241 
34061 1.11241 
34062 1.11241 
34063 1.11241 
34064 1.11241 
34065 1.11241 
34066 1.1124 
34067 1.1124 
34068 1.1124 
34069 1.1124 
34070 1.1124 
34071 1.1124 
34072 1.1124 
34073 1.1124 
34074 1.1124 
34075 1.1124 
34076 1.11239 
34077 1.11239 
34078 1.11239 
34079 1.11239 
34080 1.11239 
34081 1.11239 
34082 1.11238 
34083 1.11238 
34084 1.11238 
34085 1.11238 
34086 1.11238 
34087 1.11238 
34088 1.11238 
34089 1.11238 
34090 1.11237 
34091 1.11237 
34092 1.11237 
34093 1.11236 
34094 1.11236 
34095 1.11235 
34096 1.11235 
34097 1.11234 
34098 1.11233 
34099 1.11233 
34100 1.11232 
34101 1.11231 
34102 1.1123 
34103 1.11229 
34104 1.11228 
34105 1.11228 
34106 1.11228 
34107 1.11226 
34108 1.11226 
34109 1.11225 
34110 1.11225 
34111 1.11224 
34112 1.11224 
34113 1.11224 
34114 1.11223 
34115 1.11223 
34116 1.11221 
34117 1.11219 
34118 1.11219 
34119 1.11219 
34120 1.11219 
34121 1.11218 
34122 1.11218 
34123 1.11218 
34124 1.11218 
34125 1.11217 
34126 1.11217 
34127 1.11217 
34128 1.11216 
34129 1.11216 
34130 1.11216 
34131 1.11217 
34132 1.11217 
34133 1.11218 
34134 1.11218 
34135 1.11218 
34136 1.11218 
34137 1.11218 
34138 1.11219 
34139 1.11219 
34140 1.11219 
34141 1.11219 
34142 1.11219 
34143 1.1122 
34144 1.1122 
34145 1.1122 
34146 1.11221 
34147 1.11221 
34148 1.11221 
34149 1.11222 
34150 1.11222 
34151 1.11223 
34152 1.11224 
34153 1.11224 
34154 1.11225 
34155 1.11226 
34156 1.11227 
34157 1.11228 
34158 1.11251 
34159 1.11252 
34160 1.11253 
34161 1.11254 
34162 1.11255 
34163 1.11257 
34164 1.11258 
34165 1.1126 
34166 1.11261 
34167 1.11263 
34168 1.11264 
34169 1.11266 
34170 1.11268 
34171 1.1127 
34172 1.11272 
34173 1.11275 
34174 1.11277 
34175 1.1128 
34176 1.11283 
34177 1.11287 
34178 1.11291 
34179 1.11296 
34180 1.113 
34181 1.11306 
34182 1.11314 
34183 1.11327 
34184 1.11351 
34185 1.11457 
34186 1.11442 
34187 1.11442 
34188 1.11442 
34189 1.11442 
34190 1.11441 
34191 1.11441 
34192 1.11441 
34193 1.11441 
34194 1.11441 
34195 1.11441 
34196 1.11441 
34197 1.11441 
34198 1.11441 
34199 1.11441 
34200 1.1144 
34201 1.1144 
34202 1.1144 
34203 1.1144 
34204 1.1144 
34205 1.1144 
34206 1.1144 
34207 1.1144 
34208 1.1144 
34209 1.1144 
34210 1.1144 
34211 1.1144 
34212 1.1144 
34213 1.1144 
34214 1.1144 
34215 1.1144 
34216 1.1144 
34217 1.1144 
34218 1.11439 
34219 1.11439 
34220 1.11439 
34221 1.11439 
34222 1.11439 
34223 1.11439 
34224 1.11439 
34225 1.11439 
34226 1.11439 
34227 1.11439 
34228 1.11439 
34229 1.11439 
34230 1.11439 
34231 1.11438 
34232 1.11438 
34233 1.11438 
34234 1.11438 
34235 1.11438 
34236 1.11438 
34237 1.11438 
34238 1.11438 
34239 1.11438 
34240 1.11438 
34241 1.11438 
34242 1.11438 
34243 1.11437 
34244 1.11437 
34245 1.11437 
34246 1.11437 
34247 1.11437 
34248 1.11437 
34249 1.11437 
34250 1.11437 
34251 1.11437 
34252 1.11437 
34253 1.11437 
34254 1.11436 
34255 1.11436 
34256 1.11436 
34257 1.11436 
34258 1.11436 
34259 1.11436 
34260 1.11436 
34261 1.11435 
34262 1.11435 
34263 1.11435 
34264 1.11435 
34265 1.11435 
34266 1.11435 
34267 1.11434 
34268 1.11434 
34269 1.11434 
34270 1.11434 
34271 1.11433 
34272 1.11433 
34273 1.11433 
34274 1.11432 
34275 1.11432 
34276 1.11431 
34277 1.11431 
34278 1.1143 
34279 1.1143 
34280 1.11429 
34281 1.11429 
34282 1.11428 
34283 1.11428 
34284 1.11427 
34285 1.11426 
34286 1.11426 
34287 1.11426 
34288 1.11425 
34289 1.11425 
34290 1.11425 
34291 1.11424 
34292 1.11424 
34293 1.11423 
34294 1.11423 
34295 1.11423 
34296 1.11423 
34297 1.11423 
34298 1.11422 
34299 1.11422 
34300 1.11422 
34301 1.11422 
34302 1.11422 
34303 1.11422 
34304 1.11422 
34305 1.11422 
34306 1.11422 
34307 1.11421 
34308 1.11421 
34309 1.11421 
34310 1.11421 
34311 1.11421 
34312 1.11421 
34313 1.11421 
34314 1.11421 
34315 1.11421 
34316 1.11421 
34317 1.11421 
34318 1.11421 
34319 1.11422 
34320 1.11422 
34321 1.11423 
34322 1.11423 
34323 1.11423 
34324 1.11423 
34325 1.11424 
34326 1.11424 
34327 1.11424 
34328 1.11427 
34329 1.11431 
34330 1.11433 
34331 1.11436 
34332 1.11438 
34333 1.11442 
34334 1.11451 
34335 1.11471 
34336 1.11599 
34337 1.11592 
34338 1.11589 
34339 1.11586 
34340 1.11584 
34341 1.11582 
34342 1.1158 
34343 1.11577 
34344 1.11574 
34345 1.11572 
34346 1.11571 
34347 1.1157 
34348 1.1157 
34349 1.1157 
34350 1.11569 
34351 1.11569 
34352 1.11569 
34353 1.11569 
34354 1.11569 
34355 1.11569 
34356 1.11569 
34357 1.1157 
34358 1.1157 
34359 1.1157 
34360 1.1157 
34361 1.1157 
34362 1.11571 
34363 1.11571 
34364 1.11571 
34365 1.11571 
34366 1.11572 
34367 1.11572 
34368 1.11572 
34369 1.11573 
34370 1.11573 
34371 1.11573 
34372 1.11574 
34373 1.11575 
34374 1.11577 
34375 1.11582 
34376 1.11585 
34377 1.11591 
34378 1.11594 
34379 1.11597 
34380 1.116 
34381 1.11604 
34382 1.11608 
34383 1.11613 
34384 1.11619 
34385 1.11631 
34386 1.11682 
34387 1.11765 
34388 1.12119 
34389 1.12099 
34390 1.12095 
34391 1.12095 
34392 1.12095 
34393 1.12095 
34394 1.12094 
34395 1.12094 
34396 1.12094 
34397 1.12094 
34398 1.12094 
34399 1.12094 
34400 1.12093 
34401 1.12093 
34402 1.12093 
34403 1.12093 
34404 1.12093 
34405 1.12093 
34406 1.12092 
34407 1.12092 
34408 1.12092 
34409 1.12092 
34410 1.12092 
34411 1.12092 
34412 1.12091 
34413 1.12091 
34414 1.12091 
34415 1.12091 
34416 1.1209 
34417 1.1209 
34418 1.1209 
34419 1.1209 
34420 1.12089 
34421 1.12089 
34422 1.12089 
34423 1.12089 
34424 1.12088 
34425 1.12088 
34426 1.12088 
34427 1.12087 
34428 1.12087 
34429 1.12087 
34430 1.12086 
34431 1.12086 
34432 1.12086 
34433 1.12086 
34434 1.12085 
34435 1.12085 
34436 1.12085 
34437 1.12084 
34438 1.12084 
34439 1.12083 
34440 1.12082 
34441 1.12081 
34442 1.12081 
34443 1.1208 
34444 1.1208 
34445 1.12078 
34446 1.12078 
34447 1.12078 
34448 1.12078 
34449 1.12077 
34450 1.12077 
34451 1.12076 
34452 1.12075 
34453 1.12075 
34454 1.12074 
34455 1.12074 
34456 1.12073 
34457 1.12072 
34458 1.12072 
34459 1.12072 
34460 1.12071 
34461 1.12071 
34462 1.12071 
34463 1.1207 
34464 1.1207 
34465 1.1207 
34466 1.12069 
34467 1.12069 
34468 1.12069 
34469 1.12069 
34470 1.12068 
34471 1.12068 
34472 1.12066 
34473 1.12065 
34474 1.12065 
34475 1.12065 
34476 1.12064 
34477 1.12064 
34478 1.12064 
34479 1.12064 
34480 1.12064 
34481 1.12063 
34482 1.12063 
34483 1.12063 
34484 1.12062 
34485 1.12062 
34486 1.12062 
34487 1.12061 
34488 1.12061 
34489 1.12061 
34490 1.12061 
34491 1.1206 
34492 1.1206 
34493 1.1206 
34494 1.1206 
34495 1.1206 
34496 1.1206 
34497 1.1206 
34498 1.1206 
34499 1.1206 
34500 1.1206 
34501 1.12061 
34502 1.12061 
34503 1.12061 
34504 1.12061 
34505 1.12061 
34506 1.12061 
34507 1.12062 
34508 1.12062 
34509 1.12062 
34510 1.12063 
34511 1.12063 
34512 1.12064 
34513 1.12065 
34514 1.12067 
34515 1.12068 
34516 1.12069 
34517 1.1207 
34518 1.12072 
34519 1.12073 
34520 1.12074 
34521 1.12076 
34522 1.12077 
34523 1.12078 
34524 1.1208 
34525 1.12081 
34526 1.12082 
34527 1.12083 
34528 1.12085 
34529 1.12086 
34530 1.12088 
34531 1.12091 
34532 1.12094 
34533 1.12098 
34534 1.12101 
34535 1.12105 
34536 1.12108 
34537 1.12115 
34538 1.12124 
34539 1.12138 
34540 1.12158 
34541 1.12145 
34542 1.12145 
34543 1.12145 
34544 1.12145 
34545 1.12145 
34546 1.12145 
34547 1.12145 
34548 1.12145 
34549 1.12145 
34550 1.12144 
34551 1.12144 
34552 1.12144 
34553 1.12144 
34554 1.12144 
34555 1.12144 
34556 1.12144 
34557 1.12144 
34558 1.12144 
34559 1.12144 
34560 1.12144 
34561 1.12144 
34562 1.12144 
34563 1.12144 
34564 1.12144 
34565 1.12144 
34566 1.12144 
34567 1.12143 
34568 1.12143 
34569 1.12143 
34570 1.12143 
34571 1.12143 
34572 1.12143 
34573 1.12143 
34574 1.12143 
34575 1.12143 
34576 1.12143 
34577 1.12143 
34578 1.12143 
34579 1.12143 
34580 1.12143 
34581 1.12142 
34582 1.12142 
34583 1.12142 
34584 1.12142 
34585 1.12142 
34586 1.12142 
34587 1.12142 
34588 1.12142 
34589 1.12142 
34590 1.12142 
34591 1.12142 
34592 1.12141 
34593 1.12141 
34594 1.12141 
34595 1.12141 
34596 1.12141 
34597 1.12141 
34598 1.12141 
34599 1.1214 
34600 1.1214 
34601 1.1214 
34602 1.1214 
34603 1.1214 
34604 1.1214 
34605 1.1214 
34606 1.1214 
34607 1.12139 
34608 1.12139 
34609 1.12139 
34610 1.12139 
34611 1.12139 
34612 1.12139 
34613 1.12138 
34614 1.12138 
34615 1.12138 
34616 1.12138 
34617 1.12137 
34618 1.12137 
34619 1.12136 
34620 1.12136 
34621 1.12136 
34622 1.12135 
34623 1.12135 
34624 1.12135 
34625 1.12134 
34626 1.12134 
34627 1.12133 
34628 1.12133 
34629 1.12133 
34630 1.12133 
34631 1.12132 
34632 1.12132 
34633 1.12132 
34634 1.12132 
34635 1.12132 
34636 1.12132 
34637 1.12132 
34638 1.12131 
34639 1.12131 
34640 1.12131 
34641 1.12131 
34642 1.1213 
34643 1.1213 
34644 1.1213 
34645 1.12128 
34646 1.12127 
34647 1.12127 
34648 1.12126 
34649 1.12126 
34650 1.12125 
34651 1.12125 
34652 1.12124 
34653 1.12124 
34654 1.12124 
34655 1.12124 
34656 1.12123 
34657 1.12124 
34658 1.12124 
34659 1.12124 
34660 1.12124 
34661 1.12124 
34662 1.12125 
34663 1.12125 
34664 1.12125 
34665 1.12125 
34666 1.12125 
34667 1.12126 
34668 1.12126 
34669 1.12126 
34670 1.12127 
34671 1.12127 
34672 1.12128 
34673 1.12128 
34674 1.12129 
34675 1.12129 
34676 1.1213 
34677 1.12131 
34678 1.12136 
34679 1.12137 
34680 1.12138 
34681 1.12139 
34682 1.12141 
34683 1.12142 
34684 1.12143 
34685 1.12145 
34686 1.12148 
34687 1.12152 
34688 1.12155 
34689 1.1216 
34690 1.12163 
34691 1.12167 
34692 1.12175 
34693 1.12185 
34694 1.122 
34695 1.12234 
34696 1.12324 
34697 1.12309 
34698 1.12309 
34699 1.12309 
34700 1.12309 
34701 1.12309 
34702 1.12309 
34703 1.12309 
34704 1.12309 
34705 1.12309 
34706 1.12309 
34707 1.12309 
34708 1.12309 
34709 1.12309 
34710 1.12308 
34711 1.12308 
34712 1.12308 
34713 1.12308 
34714 1.12308 
34715 1.12308 
34716 1.12308 
34717 1.12308 
34718 1.12308 
34719 1.12308 
34720 1.12308 
34721 1.12308 
34722 1.12308 
34723 1.12308 
34724 1.12308 
34725 1.12308 
34726 1.12308 
34727 1.12308 
34728 1.12308 
34729 1.12308 
34730 1.12308 
34731 1.12308 
34732 1.12308 
34733 1.12307 
34734 1.12307 
34735 1.12307 
34736 1.12307 
34737 1.12307 
34738 1.12307 
34739 1.12307 
34740 1.12307 
34741 1.12307 
34742 1.12307 
34743 1.12307 
34744 1.12307 
34745 1.12307 
34746 1.12307 
34747 1.12307 
34748 1.12306 
34749 1.12306 
34750 1.12306 
34751 1.12306 
34752 1.12306 
34753 1.12306 
34754 1.12306 
34755 1.12306 
34756 1.12306 
34757 1.12306 
34758 1.12306 
34759 1.12306 
34760 1.12305 
34761 1.12305 
34762 1.12305 
34763 1.12305 
34764 1.12305 
34765 1.12305 
34766 1.12305 
34767 1.12305 
34768 1.12304 
34769 1.12304 
34770 1.12304 
34771 1.12304 
34772 1.12304 
34773 1.12304 
34774 1.12304 
34775 1.12304 
34776 1.12304 
34777 1.12303 
34778 1.12303 
34779 1.12303 
34780 1.12303 
34781 1.12303 
34782 1.12303 
34783 1.12303 
34784 1.12302 
34785 1.12302 
34786 1.12302 
34787 1.12302 
34788 1.12301 
34789 1.123 
34790 1.123 
34791 1.12299 
34792 1.12299 
34793 1.12298 
34794 1.12298 
34795 1.12298 
34796 1.12297 
34797 1.12296 
34798 1.12296 
34799 1.12296 
34800 1.12295 
34801 1.12295 
34802 1.12294 
34803 1.12294 
34804 1.12294 
34805 1.12294 
34806 1.12294 
34807 1.12294 
34808 1.12293 
34809 1.12293 
34810 1.12293 
34811 1.12293 
34812 1.12293 
34813 1.12293 
34814 1.12292 
34815 1.12292 
34816 1.12292 
34817 1.12292 
34818 1.12292 
34819 1.12291 
34820 1.12291 
34821 1.1229 
34822 1.1229 
34823 1.12289 
34824 1.12289 
34825 1.12289 
34826 1.12289 
34827 1.1229 
34828 1.1229 
34829 1.1229 
34830 1.1229 
34831 1.1229 
34832 1.12291 
34833 1.12291 
34834 1.12291 
34835 1.12291 
34836 1.12292 
34837 1.12292 
34838 1.12293 
34839 1.12294 
34840 1.12294 
34841 1.12295 
34842 1.12309 
34843 1.12311 
34844 1.12313 
34845 1.12315 
34846 1.12318 
34847 1.12321 
34848 1.12324 
34849 1.12328 
34850 1.12332 
34851 1.12338 
34852 1.12346 
34853 1.12356 
34854 1.12379 
34855 1.12501 
34856 1.12486 
34857 1.12486 
34858 1.12485 
34859 1.12485 
34860 1.12485 
34861 1.12485 
34862 1.12485 
34863 1.12485 
34864 1.12485 
34865 1.12485 
34866 1.12485 
34867 1.12485 
34868 1.12484 
34869 1.12484 
34870 1.12484 
34871 1.12484 
34872 1.12484 
34873 1.12484 
34874 1.12484 
34875 1.12484 
34876 1.12484 
34877 1.12484 
34878 1.12484 
34879 1.12484 
34880 1.12484 
34881 1.12484 
34882 1.12483 
34883 1.12483 
34884 1.12483 
34885 1.12483 
34886 1.12483 
34887 1.12483 
34888 1.12483 
34889 1.12483 
34890 1.12483 
34891 1.12483 
34892 1.12483 
34893 1.12483 
34894 1.12483 
34895 1.12483 
34896 1.12482 
34897 1.12482 
34898 1.12482 
34899 1.12482 
34900 1.12482 
34901 1.12482 
34902 1.12482 
34903 1.12482 
34904 1.12482 
34905 1.12482 
34906 1.12482 
34907 1.12481 
34908 1.12481 
34909 1.12481 
34910 1.12481 
34911 1.12481 
34912 1.12481 
34913 1.1248 
34914 1.1248 
34915 1.1248 
34916 1.1248 
34917 1.1248 
34918 1.1248 
34919 1.12479 
34920 1.12479 
34921 1.12479 
34922 1.12479 
34923 1.12478 
34924 1.12478 
34925 1.12478 
34926 1.12478 
34927 1.12477 
34928 1.12476 
34929 1.12476 
34930 1.12475 
34931 1.12475 
34932 1.12474 
34933 1.12473 
34934 1.12473 
34935 1.12472 
34936 1.12472 
34937 1.12471 
34938 1.1247 
34939 1.1247 
34940 1.12469 
34941 1.12469 
34942 1.12469 
34943 1.12469 
34944 1.12468 
34945 1.12468 
34946 1.12468 
34947 1.12468 
34948 1.12468 
34949 1.12468 
34950 1.12468 
34951 1.12467 
34952 1.12467 
34953 1.12467 
34954 1.12467 
34955 1.12467 
34956 1.12465 
34957 1.12463 
34958 1.12463 
34959 1.12462 
34960 1.12462 
34961 1.12462 
34962 1.12461 
34963 1.12461 
34964 1.12461 
34965 1.12461 
34966 1.12461 
34967 1.12461 
34968 1.12461 
34969 1.12461 
34970 1.12462 
34971 1.12462 
34972 1.12462 
34973 1.12462 
34974 1.12463 
34975 1.12463 
34976 1.12464 
34977 1.12465 
34978 1.12484 
34979 1.12488 
34980 1.12492 
34981 1.12497 
34982 1.12503 
34983 1.12509 
34984 1.12516 
34985 1.12529 
34986 1.1255 
34987 1.12652 
34988 1.12642 
34989 1.12642 
34990 1.12642 
34991 1.12639 
34992 1.12639 
34993 1.12639 
34994 1.12637 
34995 1.12637 
34996 1.12637 
34997 1.12637 
34998 1.12637 
34999 1.12637 
35000 1.12637 
35001 1.12637 
35002 1.12637 
35003 1.12637 
35004 1.12637 
35005 1.12637 
35006 1.12637 
35007 1.12637 
35008 1.12637 
35009 1.12637 
35010 1.12637 
35011 1.12636 
35012 1.12636 
35013 1.12636 
35014 1.12636 
35015 1.12636 
35016 1.12636 
35017 1.12636 
35018 1.12636 
35019 1.12636 
35020 1.12636 
35021 1.12636 
35022 1.12636 
35023 1.12636 
35024 1.12636 
35025 1.12636 
35026 1.12636 
35027 1.12635 
35028 1.12635 
35029 1.12635 
35030 1.12635 
35031 1.12635 
35032 1.12635 
35033 1.12635 
35034 1.12635 
35035 1.12635 
35036 1.12635 
35037 1.12635 
35038 1.12635 
35039 1.12635 
35040 1.12635 
35041 1.12635 
35042 1.12634 
35043 1.12634 
35044 1.12634 
35045 1.12634 
35046 1.12634 
35047 1.12634 
35048 1.12634 
35049 1.12634 
35050 1.12634 
35051 1.12634 
35052 1.12634 
35053 1.12634 
35054 1.12633 
35055 1.12633 
35056 1.12633 
35057 1.12633 
35058 1.12633 
35059 1.12633 
35060 1.12632 
35061 1.12632 
35062 1.12632 
35063 1.12632 
35064 1.12632 
35065 1.12632 
35066 1.12631 
35067 1.12631 
35068 1.12631 
35069 1.12631 
35070 1.12631 
35071 1.1263 
35072 1.1263 
35073 1.12629 
35074 1.12629 
35075 1.12628 
35076 1.12627 
35077 1.12627 
35078 1.12626 
35079 1.12626 
35080 1.12626 
35081 1.12625 
35082 1.12624 
35083 1.12624 
35084 1.12623 
35085 1.12623 
35086 1.12622 
35087 1.12622 
35088 1.12622 
35089 1.12622 
35090 1.12622 
35091 1.12622 
35092 1.12621 
35093 1.12621 
35094 1.12621 
35095 1.12621 
35096 1.12621 
35097 1.12621 
35098 1.12621 
35099 1.12621 
35100 1.12621 
35101 1.1262 
35102 1.1262 
35103 1.1262 
35104 1.1262 
35105 1.12619 
35106 1.12618 
35107 1.12618 
35108 1.12618 
35109 1.12618 
35110 1.12641 
35111 1.12698 
35112 1.12735 
35113 1.1294 
35114 1.12925 
35115 1.12924 
35116 1.12924 
35117 1.12919 
35118 1.12919 
35119 1.12918 
35120 1.12918 
35121 1.12917 
35122 1.12917 
35123 1.12916 
35124 1.12916 
35125 1.12916 
35126 1.12916 
35127 1.12916 
35128 1.12916 
35129 1.12916 
35130 1.12916 
35131 1.12916 
35132 1.12916 
35133 1.12916 
35134 1.12916 
35135 1.12916 
35136 1.12915 
35137 1.12915 
35138 1.12915 
35139 1.12915 
35140 1.12915 
35141 1.12915 
35142 1.12915 
35143 1.12915 
35144 1.12915 
35145 1.12915 
35146 1.12915 
35147 1.12915 
35148 1.12915 
35149 1.12915 
35150 1.12915 
35151 1.12915 
35152 1.12915 
35153 1.12914 
35154 1.12914 
35155 1.12914 
35156 1.12914 
35157 1.12914 
35158 1.12914 
35159 1.12914 
35160 1.12914 
35161 1.12914 
35162 1.12914 
35163 1.12914 
35164 1.12914 
35165 1.12914 
35166 1.12914 
35167 1.12914 
35168 1.12914 
35169 1.12913 
35170 1.12913 
35171 1.12913 
35172 1.12913 
35173 1.12913 
35174 1.12913 
35175 1.12913 
35176 1.12913 
35177 1.12913 
35178 1.12913 
35179 1.12913 
35180 1.12913 
35181 1.12913 
35182 1.12912 
35183 1.12912 
35184 1.12912 
35185 1.12912 
35186 1.12912 
35187 1.12912 
35188 1.12912 
35189 1.12911 
35190 1.12911 
35191 1.12911 
35192 1.12911 
35193 1.12911 
35194 1.12911 
35195 1.1291 
35196 1.1291 
35197 1.1291 
35198 1.1291 
35199 1.12909 
35200 1.12909 
35201 1.12909 
35202 1.12909 
35203 1.12909 
35204 1.12908 
35205 1.12908 
35206 1.12908 
35207 1.12907 
35208 1.12907 
35209 1.12907 
35210 1.12906 
35211 1.12906 
35212 1.12906 
35213 1.12905 
35214 1.12905 
35215 1.12904 
35216 1.12904 
35217 1.12903 
35218 1.12903 
35219 1.12902 
35220 1.12901 
35221 1.129 
35222 1.12899 
35223 1.12899 
35224 1.12898 
35225 1.12898 
35226 1.12896 
35227 1.12896 
35228 1.12896 
35229 1.12895 
35230 1.12895 
35231 1.12895 
35232 1.12893 
35233 1.12889 
35234 1.12889 
35235 1.12889 
35236 1.12889 
35237 1.12889 
35238 1.12889 
35239 1.12889 
35240 1.12889 
35241 1.12889 
35242 1.12888 
35243 1.12888 
35244 1.12888 
35245 1.12888 
35246 1.12888 
35247 1.12889 
35248 1.12889 
35249 1.12889 
35250 1.12889 
35251 1.1289 
35252 1.1289 
35253 1.1289 
35254 1.1289 
35255 1.12891 
35256 1.12891 
35257 1.12892 
35258 1.12892 
35259 1.12893 
35260 1.12894 
35261 1.12894 
35262 1.12895 
35263 1.12896 
35264 1.12897 
35265 1.12899 
35266 1.129 
35267 1.12902 
35268 1.12904 
35269 1.12914 
35270 1.12915 
35271 1.12917 
35272 1.12918 
35273 1.1292 
35274 1.12921 
35275 1.12923 
35276 1.12925 
35277 1.12928 
35278 1.1293 
35279 1.12933 
35280 1.12941 
35281 1.1295 
35282 1.12965 
35283 1.12981 
35284 1.12967 
35285 1.12967 
35286 1.12967 
35287 1.12967 
35288 1.12967 
35289 1.12967 
35290 1.12967 
35291 1.12966 
35292 1.12966 
35293 1.12966 
35294 1.12966 
35295 1.12966 
35296 1.12966 
35297 1.12966 
35298 1.12966 
35299 1.12966 
35300 1.12966 
35301 1.12966 
35302 1.12966 
35303 1.12966 
35304 1.12966 
35305 1.12966 
35306 1.12966 
35307 1.12966 
35308 1.12966 
35309 1.12966 
35310 1.12966 
35311 1.12965 
35312 1.12965 
35313 1.12965 
35314 1.12965 
35315 1.12965 
35316 1.12965 
35317 1.12965 
35318 1.12965 
35319 1.12965 
35320 1.12965 
35321 1.12965 
35322 1.12965 
35323 1.12965 
35324 1.12965 
35325 1.12965 
35326 1.12964 
35327 1.12964 
35328 1.12964 
35329 1.12964 
35330 1.12964 
35331 1.12964 
35332 1.12964 
35333 1.12964 
35334 1.12964 
35335 1.12964 
35336 1.12964 
35337 1.12964 
35338 1.12963 
35339 1.12963 
35340 1.12963 
35341 1.12963 
35342 1.12963 
35343 1.12963 
35344 1.12963 
35345 1.12962 
35346 1.12962 
35347 1.12962 
35348 1.12962 
35349 1.12962 
35350 1.12962 
35351 1.12962 
35352 1.12961 
35353 1.12961 
35354 1.12961 
35355 1.12961 
35356 1.12961 
35357 1.1296 
35358 1.1296 
35359 1.1296 
35360 1.1296 
35361 1.12959 
35362 1.12959 
35363 1.12959 
35364 1.12958 
35365 1.12958 
35366 1.12958 
35367 1.12957 
35368 1.12957 
35369 1.12956 
35370 1.12956 
35371 1.12955 
35372 1.12955 
35373 1.12954 
35374 1.12954 
35375 1.12954 
35376 1.12954 
35377 1.12948 
35378 1.12947 
35379 1.12947 
35380 1.12947 
35381 1.12948 
35382 1.12949 
35383 1.12949 
35384 1.12949 
35385 1.12949 
35386 1.1295 
35387 1.12951 
35388 1.12951 
35389 1.12952 
35390 1.12953 
35391 1.12953 
35392 1.12954 
35393 1.12955 
35394 1.12956 
35395 1.12957 
35396 1.12958 
35397 1.12964 
35398 1.12968 
35399 1.12972 
35400 1.12979 
35401 1.12986 
35402 1.12991 
35403 1.13004 
35404 1.13052 
35405 1.13079 
35406 1.1308 
35407 1.13282 
35408 1.13256 
35409 1.13256 
35410 1.13256 
35411 1.13256 
35412 1.13256 
35413 1.13255 
35414 1.13255 
35415 1.13254 
35416 1.13254 
35417 1.13254 
35418 1.13254 
35419 1.13254 
35420 1.13254 
35421 1.13254 
35422 1.13254 
35423 1.13254 
35424 1.13254 
35425 1.13254 
35426 1.13254 
35427 1.13254 
35428 1.13254 
35429 1.13254 
35430 1.13253 
35431 1.13253 
35432 1.13253 
35433 1.13253 
35434 1.13253 
35435 1.13253 
35436 1.13253 
35437 1.13253 
35438 1.13253 
35439 1.13253 
35440 1.13253 
35441 1.13252 
35442 1.13252 
35443 1.13252 
35444 1.13252 
35445 1.13252 
35446 1.13252 
35447 1.13252 
35448 1.13252 
35449 1.13252 
35450 1.13252 
35451 1.13251 
35452 1.13251 
35453 1.13251 
35454 1.13251 
35455 1.13251 
35456 1.13251 
35457 1.13251 
35458 1.13251 
35459 1.13251 
35460 1.1325 
35461 1.1325 
35462 1.1325 
35463 1.1325 
35464 1.1325 
35465 1.1325 
35466 1.1325 
35467 1.1325 
35468 1.1325 
35469 1.1325 
35470 1.1325 
35471 1.13249 
35472 1.13249 
35473 1.13249 
35474 1.13249 
35475 1.13249 
35476 1.13249 
35477 1.13248 
35478 1.13248 
35479 1.13248 
35480 1.13248 
35481 1.13247 
35482 1.13247 
35483 1.13247 
35484 1.13247 
35485 1.13246 
35486 1.13246 
35487 1.13246 
35488 1.13245 
35489 1.13245 
35490 1.13245 
35491 1.13244 
35492 1.13244 
35493 1.13244 
35494 1.13244 
35495 1.13243 
35496 1.13243 
35497 1.13242 
35498 1.13242 
35499 1.13241 
35500 1.13241 
35501 1.13241 
35502 1.13239 
35503 1.13238 
35504 1.13237 
35505 1.13235 
35506 1.13235 
35507 1.13234 
35508 1.13234 
35509 1.13233 
35510 1.13233 
35511 1.13233 
35512 1.13232 
35513 1.13231 
35514 1.13231 
35515 1.13231 
35516 1.13231 
35517 1.1323 
35518 1.1323 
35519 1.1323 
35520 1.1323 
35521 1.1323 
35522 1.1323 
35523 1.1323 
35524 1.1323 
35525 1.1323 
35526 1.1323 
35527 1.1323 
35528 1.13229 
35529 1.13229 
35530 1.13229 
35531 1.13229 
35532 1.13229 
35533 1.13229 
35534 1.13229 
35535 1.13229 
35536 1.13229 
35537 1.13229 
35538 1.13229 
35539 1.13228 
35540 1.13228 
35541 1.13228 
35542 1.13228 
35543 1.13228 
35544 1.13228 
35545 1.13228 
35546 1.13227 
35547 1.13227 
35548 1.13226 
35549 1.13226 
35550 1.13226 
35551 1.13225 
35552 1.13225 
35553 1.13225 
35554 1.13225 
35555 1.13225 
35556 1.13225 
35557 1.13225 
35558 1.13225 
35559 1.13225 
35560 1.13225 
35561 1.13225 
35562 1.13225 
35563 1.13226 
35564 1.13226 
35565 1.13226 
35566 1.13226 
35567 1.13227 
35568 1.13227 
35569 1.13228 
35570 1.13229 
35571 1.1323 
35572 1.13231 
35573 1.13232 
35574 1.13234 
35575 1.13236 
35576 1.13248 
35577 1.13249 
35578 1.13251 
35579 1.13253 
35580 1.13255 
35581 1.13258 
35582 1.13261 
35583 1.13264 
35584 1.13268 
35585 1.13274 
35586 1.13283 
35587 1.13295 
35588 1.13311 
35589 1.1332 
35590 1.13354 
35591 1.13503 
35592 1.13494 
35593 1.13494 
35594 1.13487 
35595 1.13485 
35596 1.13484 
35597 1.13483 
35598 1.13482 
35599 1.13481 
35600 1.1348 
35601 1.13479 
35602 1.13477 
35603 1.13476 
35604 1.13475 
35605 1.13473 
35606 1.13471 
35607 1.13469 
35608 1.13467 
35609 1.13466 
35610 1.13465 
35611 1.13465 
35612 1.13465 
35613 1.13465 
35614 1.13462 
35615 1.13461 
35616 1.1346 
35617 1.1346 
35618 1.13453 
35619 1.13453 
35620 1.13453 
35621 1.13458 
35622 1.13469 
35623 1.13497 
35624 1.13525 
35625 1.13593 
35626 1.13608 
35627 1.13602 
35628 1.13602 
35629 1.13602 
35630 1.13601 
35631 1.13601 
35632 1.13601 
35633 1.13601 
35634 1.13601 
35635 1.13601 
35636 1.13601 
35637 1.13601 
35638 1.13601 
35639 1.13601 
35640 1.13601 
35641 1.13601 
35642 1.13601 
35643 1.13601 
35644 1.13601 
35645 1.13601 
35646 1.136 
35647 1.136 
35648 1.136 
35649 1.136 
35650 1.136 
35651 1.136 
35652 1.136 
35653 1.136 
35654 1.136 
35655 1.136 
35656 1.136 
35657 1.136 
35658 1.136 
35659 1.136 
35660 1.136 
35661 1.136 
35662 1.136 
35663 1.136 
35664 1.136 
35665 1.136 
35666 1.136 
35667 1.136 
35668 1.136 
35669 1.13599 
35670 1.13599 
35671 1.13599 
35672 1.13599 
35673 1.13599 
35674 1.13599 
35675 1.13599 
35676 1.13599 
35677 1.13599 
35678 1.13599 
35679 1.13599 
35680 1.13599 
35681 1.13599 
35682 1.13599 
35683 1.13598 
35684 1.13598 
35685 1.13598 
35686 1.13598 
35687 1.13598 
35688 1.13598 
35689 1.13598 
35690 1.13598 
35691 1.13598 
35692 1.13598 
35693 1.13597 
35694 1.13597 
35695 1.13597 
35696 1.13597 
35697 1.13597 
35698 1.13597 
35699 1.13597 
35700 1.13597 
35701 1.13596 
35702 1.13596 
35703 1.13596 
35704 1.13596 
35705 1.13595 
35706 1.13595 
35707 1.13595 
35708 1.13594 
35709 1.13593 
35710 1.13593 
35711 1.13593 
35712 1.13592 
35713 1.13592 
35714 1.13591 
35715 1.13591 
35716 1.1359 
35717 1.1359 
35718 1.1359 
35719 1.13588 
35720 1.13586 
35721 1.13586 
35722 1.13586 
35723 1.13586 
35724 1.13586 
35725 1.13585 
35726 1.13584 
35727 1.13584 
35728 1.13584 
35729 1.13587 
35730 1.13591 
35731 1.13591 
35732 1.13592 
35733 1.13592 
35734 1.13593 
35735 1.13594 
35736 1.13594 
35737 1.13595 
35738 1.13599 
35739 1.13616 
35740 1.13659 
35741 1.13676 
35742 1.13681 
35743 1.13714 
35744 1.1372 
35745 1.13737 
35746 1.1396 
35747 1.13939 
35748 1.13939 
35749 1.13936 
35750 1.13936 
35751 1.13935 
35752 1.13935 
35753 1.13935 
35754 1.13935 
35755 1.13935 
35756 1.13935 
35757 1.13935 
35758 1.13935 
35759 1.13935 
35760 1.13934 
35761 1.13934 
35762 1.13934 
35763 1.13934 
35764 1.13934 
35765 1.13934 
35766 1.13934 
35767 1.13934 
35768 1.13934 
35769 1.13934 
35770 1.13934 
35771 1.13934 
35772 1.13934 
35773 1.13934 
35774 1.13934 
35775 1.13934 
35776 1.13933 
35777 1.13933 
35778 1.13933 
35779 1.13933 
35780 1.13933 
35781 1.13933 
35782 1.13933 
35783 1.13933 
35784 1.13933 
35785 1.13933 
35786 1.13933 
35787 1.13933 
35788 1.13933 
35789 1.13932 
35790 1.13932 
35791 1.13932 
35792 1.13932 
35793 1.13932 
35794 1.13932 
35795 1.13932 
35796 1.13932 
35797 1.13932 
35798 1.13932 
35799 1.13932 
35800 1.13932 
35801 1.13932 
35802 1.13932 
35803 1.13931 
35804 1.13931 
35805 1.13931 
35806 1.13931 
35807 1.13931 
35808 1.13931 
35809 1.13931 
35810 1.13931 
35811 1.13931 
35812 1.13931 
35813 1.13931 
35814 1.1393 
35815 1.1393 
35816 1.1393 
35817 1.1393 
35818 1.1393 
35819 1.1393 
35820 1.1393 
35821 1.1393 
35822 1.1393 
35823 1.13929 
35824 1.13929 
35825 1.13929 
35826 1.13929 
35827 1.13929 
35828 1.13928 
35829 1.13928 
35830 1.13928 
35831 1.13928 
35832 1.13928 
35833 1.13928 
35834 1.13928 
35835 1.13927 
35836 1.13927 
35837 1.13927 
35838 1.13927 
35839 1.13926 
35840 1.13926 
35841 1.13926 
35842 1.13926 
35843 1.13926 
35844 1.13926 
35845 1.13925 
35846 1.13925 
35847 1.13922 
35848 1.13921 
35849 1.1392 
35850 1.1392 
35851 1.13919 
35852 1.13918 
35853 1.13917 
35854 1.13916 
35855 1.13915 
35856 1.13914 
35857 1.13913 
35858 1.13913 
35859 1.13912 
35860 1.13912 
35861 1.13912 
35862 1.13912 
35863 1.13911 
35864 1.13911 
35865 1.13911 
35866 1.13911 
35867 1.13911 
35868 1.13911 
35869 1.1391 
35870 1.1391 
35871 1.1391 
35872 1.1391 
35873 1.1391 
35874 1.13909 
35875 1.13909 
35876 1.13905 
35877 1.13904 
35878 1.13904 
35879 1.13904 
35880 1.13907 
35881 1.13907 
35882 1.13908 
35883 1.13909 
35884 1.13911 
35885 1.13912 
35886 1.13914 
35887 1.13915 
35888 1.13918 
35889 1.13938 
35890 1.13941 
35891 1.13945 
35892 1.13949 
35893 1.13954 
35894 1.1396 
35895 1.13967 
35896 1.13976 
35897 1.13988 
35898 1.14002 
35899 1.14026 
35900 1.14123 
35901 1.14109 
35902 1.14109 
35903 1.14109 
35904 1.14109 
35905 1.14109 
35906 1.14109 
35907 1.14109 
35908 1.14109 
35909 1.14109 
35910 1.14109 
35911 1.14109 
35912 1.14109 
35913 1.14109 
35914 1.14109 
35915 1.14109 
35916 1.14109 
35917 1.14108 
35918 1.14108 
35919 1.14108 
35920 1.14108 
35921 1.14108 
35922 1.14108 
35923 1.14108 
35924 1.14108 
35925 1.14108 
35926 1.14108 
35927 1.14108 
35928 1.14108 
35929 1.14108 
35930 1.14108 
35931 1.14108 
35932 1.14108 
35933 1.14108 
35934 1.14107 
35935 1.14107 
35936 1.14107 
35937 1.14107 
35938 1.14107 
35939 1.14107 
35940 1.14107 
35941 1.14107 
35942 1.14107 
35943 1.14107 
35944 1.14107 
35945 1.14107 
35946 1.14106 
35947 1.14106 
35948 1.14106 
35949 1.14106 
35950 1.14106 
35951 1.14106 
35952 1.14106 
35953 1.14106 
35954 1.14106 
35955 1.14106 
35956 1.14106 
35957 1.14106 
35958 1.14105 
35959 1.14105 
35960 1.14105 
35961 1.14105 
35962 1.14105 
35963 1.14105 
35964 1.14104 
35965 1.14104 
35966 1.14104 
35967 1.14104 
35968 1.14104 
35969 1.14103 
35970 1.14103 
35971 1.14103 
35972 1.14103 
35973 1.14103 
35974 1.14103 
35975 1.14103 
35976 1.14102 
35977 1.14102 
35978 1.14102 
35979 1.14102 
35980 1.14101 
35981 1.14101 
35982 1.14101 
35983 1.141 
35984 1.14099 
35985 1.14099 
35986 1.14099 
35987 1.14098 
35988 1.14097 
35989 1.14097 
35990 1.14097 
35991 1.14096 
35992 1.14095 
35993 1.14095 
35994 1.14094 
35995 1.14094 
35996 1.14093 
35997 1.14093 
35998 1.14093 
35999 1.14092 
36000 1.14092 
36001 1.14092 
36002 1.14092 
36003 1.14092 
36004 1.14092 
36005 1.14092 
36006 1.14092 
36007 1.14092 
36008 1.14092 
36009 1.14091 
36010 1.14091 
36011 1.14091 
36012 1.14091 
36013 1.14091 
36014 1.14091 
36015 1.1409 
36016 1.1409 
36017 1.1409 
36018 1.1409 
36019 1.1409 
36020 1.1409 
36021 1.1409 
36022 1.1409 
36023 1.14089 
36024 1.14089 
36025 1.14089 
36026 1.14089 
36027 1.14088 
36028 1.14088 
36029 1.14088 
36030 1.14088 
36031 1.14088 
36032 1.14088 
36033 1.14091 
36034 1.14093 
36035 1.14093 
36036 1.14094 
36037 1.14094 
36038 1.14095 
36039 1.14095 
36040 1.14096 
36041 1.14096 
36042 1.14097 
36043 1.14098 
36044 1.14101 
36045 1.14125 
36046 1.14132 
36047 1.14147 
36048 1.14159 
36049 1.14165 
36050 1.14172 
36051 1.1418 
36052 1.14191 
36053 1.14207 
36054 1.14263 
36055 1.14246 
36056 1.14246 
36057 1.14246 
36058 1.14246 
36059 1.14246 
36060 1.14246 
36061 1.14246 
36062 1.14246 
36063 1.14246 
36064 1.14246 
36065 1.14246 
36066 1.14246 
36067 1.14246 
36068 1.14246 
36069 1.14246 
36070 1.14245 
36071 1.14245 
36072 1.14245 
36073 1.14245 
36074 1.14245 
36075 1.14245 
36076 1.14245 
36077 1.14245 
36078 1.14245 
36079 1.14245 
36080 1.14245 
36081 1.14245 
36082 1.14245 
36083 1.14245 
36084 1.14245 
36085 1.14245 
36086 1.14245 
36087 1.14245 
36088 1.14244 
36089 1.14244 
36090 1.14244 
36091 1.14244 
36092 1.14244 
36093 1.14244 
36094 1.14244 
36095 1.14244 
36096 1.14244 
36097 1.14244 
36098 1.14244 
36099 1.14244 
36100 1.14244 
36101 1.14244 
36102 1.14244 
36103 1.14244 
36104 1.14244 
36105 1.14243 
36106 1.14243 
36107 1.14243 
36108 1.14243 
36109 1.14243 
36110 1.14243 
36111 1.14243 
36112 1.14243 
36113 1.14243 
36114 1.14243 
36115 1.14243 
36116 1.14243 
36117 1.14243 
36118 1.14242 
36119 1.14242 
36120 1.14242 
36121 1.14242 
36122 1.14242 
36123 1.14242 
36124 1.14242 
36125 1.14242 
36126 1.14241 
36127 1.14241 
36128 1.14241 
36129 1.14241 
36130 1.14241 
36131 1.14241 
36132 1.14241 
36133 1.14241 
36134 1.1424 
36135 1.1424 
36136 1.1424 
36137 1.1424 
36138 1.1424 
36139 1.1424 
36140 1.14239 
36141 1.14239 
36142 1.14239 
36143 1.14239 
36144 1.14239 
36145 1.14237 
36146 1.14236 
36147 1.14235 
36148 1.14234 
36149 1.14234 
36150 1.14233 
36151 1.14232 
36152 1.14231 
36153 1.1423 
36154 1.1423 
36155 1.1423 
36156 1.1423 
36157 1.1423 
36158 1.1423 
36159 1.14229 
36160 1.14228 
36161 1.14227 
36162 1.14227 
36163 1.14227 
36164 1.14228 
36165 1.14229 
36166 1.14231 
36167 1.14231 
36168 1.14249 
36169 1.14249 
36170 1.14256 
36171 1.14267 
36172 1.14271 
36173 1.14274 
36174 1.14279 
36175 1.14284 
36176 1.14292 
36177 1.14303 
36178 1.14321 
36179 1.14594 
36180 1.14567 
36181 1.14557 
36182 1.14557 
36183 1.14556 
36184 1.14555 
36185 1.14554 
36186 1.14553 
36187 1.14553 
36188 1.14553 
36189 1.14553 
36190 1.14553 
36191 1.14553 
36192 1.14553 
36193 1.14552 
36194 1.14552 
36195 1.14552 
36196 1.14552 
36197 1.14551 
36198 1.14551 
36199 1.14551 
36200 1.14551 
36201 1.14551 
36202 1.14551 
36203 1.1455 
36204 1.1455 
36205 1.1455 
36206 1.1455 
36207 1.1455 
36208 1.1455 
36209 1.14549 
36210 1.14549 
36211 1.14549 
36212 1.14549 
36213 1.14549 
36214 1.14548 
36215 1.14548 
36216 1.14548 
36217 1.14548 
36218 1.14548 
36219 1.14548 
36220 1.14547 
36221 1.14547 
36222 1.14547 
36223 1.14547 
36224 1.14546 
36225 1.14546 
36226 1.14546 
36227 1.14546 
36228 1.14545 
36229 1.14545 
36230 1.14545 
36231 1.14544 
36232 1.14544 
36233 1.14543 
36234 1.14543 
36235 1.14543 
36236 1.14542 
36237 1.14542 
36238 1.14541 
36239 1.14541 
36240 1.1454 
36241 1.14539 
36242 1.14539 
36243 1.14539 
36244 1.14538 
36245 1.14538 
36246 1.14537 
36247 1.14537 
36248 1.14534 
36249 1.14533 
36250 1.14531 
36251 1.1453 
36252 1.14529 
36253 1.14527 
36254 1.14526 
36255 1.14524 
36256 1.14522 
36257 1.14522 
36258 1.1452 
36259 1.14519 
36260 1.14518 
36261 1.14518 
36262 1.14517 
36263 1.14517 
36264 1.14517 
36265 1.14516 
36266 1.14516 
36267 1.14516 
36268 1.14513 
36269 1.14512 
36270 1.1451 
36271 1.14508 
36272 1.14508 
36273 1.14507 
36274 1.14507 
36275 1.14508 
36276 1.14509 
36277 1.14509 
36278 1.14509 
36279 1.1451 
36280 1.1451 
36281 1.14511 
36282 1.14511 
36283 1.14511 
36284 1.14512 
36285 1.14512 
36286 1.14513 
36287 1.14513 
36288 1.14514 
36289 1.14514 
36290 1.14515 
36291 1.14515 
36292 1.14516 
36293 1.14516 
36294 1.14517 
36295 1.14518 
36296 1.14519 
36297 1.14519 
36298 1.1452 
36299 1.14521 
36300 1.14523 
36301 1.14525 
36302 1.14539 
36303 1.1454 
36304 1.14542 
36305 1.14545 
36306 1.14548 
36307 1.14551 
36308 1.14555 
36309 1.14559 
36310 1.14563 
36311 1.14569 
36312 1.14579 
36313 1.14596 
36314 1.14581 
36315 1.1458 
36316 1.1458 
36317 1.1458 
36318 1.1458 
36319 1.1458 
36320 1.1458 
36321 1.1458 
36322 1.1458 
36323 1.14579 
36324 1.14579 
36325 1.14579 
36326 1.14579 
36327 1.14579 
36328 1.14579 
36329 1.14579 
36330 1.14579 
36331 1.14579 
36332 1.14579 
36333 1.14579 
36334 1.14578 
36335 1.14578 
36336 1.14578 
36337 1.14578 
36338 1.14578 
36339 1.14578 
36340 1.14578 
36341 1.14578 
36342 1.14578 
36343 1.14578 
36344 1.14578 
36345 1.14577 
36346 1.14577 
36347 1.14577 
36348 1.14577 
36349 1.14577 
36350 1.14577 
36351 1.14577 
36352 1.14577 
36353 1.14577 
36354 1.14577 
36355 1.14576 
36356 1.14576 
36357 1.14576 
36358 1.14576 
36359 1.14576 
36360 1.14576 
36361 1.14576 
36362 1.14575 
36363 1.14575 
36364 1.14575 
36365 1.14575 
36366 1.14575 
36367 1.14575 
36368 1.14574 
36369 1.14574 
36370 1.14574 
36371 1.14574 
36372 1.14573 
36373 1.14573 
36374 1.14573 
36375 1.14573 
36376 1.14572 
36377 1.14572 
36378 1.14571 
36379 1.1457 
36380 1.1457 
36381 1.14569 
36382 1.14569 
36383 1.14569 
36384 1.14568 
36385 1.14568 
36386 1.14568 
36387 1.14567 
36388 1.14567 
36389 1.14566 
36390 1.14566 
36391 1.14566 
36392 1.14565 
36393 1.14565 
36394 1.14565 
36395 1.14565 
36396 1.14564 
36397 1.14564 
36398 1.14564 
36399 1.14564 
36400 1.14564 
36401 1.14564 
36402 1.14563 
36403 1.14563 
36404 1.14563 
36405 1.14563 
36406 1.14563 
36407 1.14562 
36408 1.14562 
36409 1.14562 
36410 1.14562 
36411 1.14562 
36412 1.14561 
36413 1.14561 
36414 1.14561 
36415 1.14561 
36416 1.14561 
36417 1.14561 
36418 1.14562 
36419 1.14562 
36420 1.14563 
36421 1.14564 
36422 1.14564 
36423 1.14565 
36424 1.14566 
36425 1.14567 
36426 1.14568 
36427 1.14569 
36428 1.14573 
36429 1.14576 
36430 1.14596 
36431 1.14596 
36432 1.14599 
36433 1.14608 
36434 1.14619 
36435 1.14642 
36436 1.14627 
36437 1.14627 
36438 1.14627 
36439 1.14625 
36440 1.14624 
36441 1.14624 
36442 1.14624 
36443 1.14624 
36444 1.14624 
36445 1.14624 
36446 1.14624 
36447 1.14624 
36448 1.14624 
36449 1.14624 
36450 1.14624 
36451 1.14624 
36452 1.14624 
36453 1.14624 
36454 1.14624 
36455 1.14624 
36456 1.14623 
36457 1.14623 
36458 1.14623 
36459 1.14623 
36460 1.14623 
36461 1.14623 
36462 1.14623 
36463 1.14623 
36464 1.14623 
36465 1.14623 
36466 1.14623 
36467 1.14623 
36468 1.14623 
36469 1.14622 
36470 1.14622 
36471 1.14622 
36472 1.14622 
36473 1.14622 
36474 1.14622 
36475 1.14622 
36476 1.14622 
36477 1.14622 
36478 1.14621 
36479 1.14621 
36480 1.14621 
36481 1.14621 
36482 1.14621 
36483 1.14621 
36484 1.14621 
36485 1.14621 
36486 1.1462 
36487 1.1462 
36488 1.1462 
36489 1.1462 
36490 1.1462 
36491 1.1462 
36492 1.1462 
36493 1.14619 
36494 1.14619 
36495 1.14619 
36496 1.14619 
36497 1.14619 
36498 1.14618 
36499 1.14618 
36500 1.14618 
36501 1.14618 
36502 1.14618 
36503 1.14618 
36504 1.14618 
36505 1.14617 
36506 1.14617 
36507 1.14617 
36508 1.14617 
36509 1.14616 
36510 1.14616 
36511 1.14615 
36512 1.14615 
36513 1.14615 
36514 1.14614 
36515 1.14613 
36516 1.14613 
36517 1.14612 
36518 1.14612 
36519 1.14611 
36520 1.1461 
36521 1.1461 
36522 1.14609 
36523 1.14609 
36524 1.14609 
36525 1.14608 
36526 1.14608 
36527 1.14608 
36528 1.14608 
36529 1.14608 
36530 1.14608 
36531 1.14608 
36532 1.14608 
36533 1.14608 
36534 1.14607 
36535 1.14607 
36536 1.14606 
36537 1.14606 
36538 1.14606 
36539 1.14606 
36540 1.14606 
36541 1.14606 
36542 1.14605 
36543 1.14604 
36544 1.14604 
36545 1.14604 
36546 1.14606 
36547 1.14608 
36548 1.14609 
36549 1.1461 
36550 1.14611 
36551 1.14611 
36552 1.14612 
36553 1.14613 
36554 1.14614 
36555 1.14616 
36556 1.14619 
36557 1.14625 
36558 1.14644 
36559 1.1465 
36560 1.14657 
36561 1.14678 
36562 1.14706 
36563 1.14769 
36564 1.14753 
36565 1.14752 
36566 1.14752 
36567 1.14752 
36568 1.14752 
36569 1.14752 
36570 1.14752 
36571 1.14752 
36572 1.14752 
36573 1.14752 
36574 1.14752 
36575 1.14752 
36576 1.14752 
36577 1.14752 
36578 1.14752 
36579 1.14752 
36580 1.14752 
36581 1.14751 
36582 1.14751 
36583 1.14751 
36584 1.14751 
36585 1.14751 
36586 1.14751 
36587 1.14751 
36588 1.14751 
36589 1.14751 
36590 1.14751 
36591 1.14751 
36592 1.14751 
36593 1.14751 
36594 1.14751 
36595 1.14751 
36596 1.14751 
36597 1.14751 
36598 1.14751 
36599 1.1475 
36600 1.1475 
36601 1.1475 
36602 1.1475 
36603 1.1475 
36604 1.1475 
36605 1.1475 
36606 1.1475 
36607 1.1475 
36608 1.1475 
36609 1.1475 
36610 1.1475 
36611 1.1475 
36612 1.1475 
36613 1.1475 
36614 1.14749 
36615 1.14749 
36616 1.14749 
36617 1.14749 
36618 1.14749 
36619 1.14749 
36620 1.14749 
36621 1.14749 
36622 1.14749 
36623 1.14749 
36624 1.14749 
36625 1.14749 
36626 1.14749 
36627 1.14748 
36628 1.14748 
36629 1.14748 
36630 1.14748 
36631 1.14748 
36632 1.14748 
36633 1.14748 
36634 1.14748 
36635 1.14748 
36636 1.14747 
36637 1.14747 
36638 1.14747 
36639 1.14747 
36640 1.14747 
36641 1.14746 
36642 1.14746 
36643 1.14746 
36644 1.14746 
36645 1.14745 
36646 1.14745 
36647 1.14745 
36648 1.14744 
36649 1.14744 
36650 1.14743 
36651 1.14743 
36652 1.14742 
36653 1.14742 
36654 1.14741 
36655 1.14741 
36656 1.1474 
36657 1.1474 
36658 1.14739 
36659 1.14738 
36660 1.14737 
36661 1.14737 
36662 1.14736 
36663 1.14736 
36664 1.14736 
36665 1.14735 
36666 1.14735 
36667 1.14735 
36668 1.14735 
36669 1.14735 
36670 1.14735 
36671 1.14735 
36672 1.14735 
36673 1.14734 
36674 1.14734 
36675 1.14733 
36676 1.14733 
36677 1.14732 
36678 1.14732 
36679 1.1473 
36680 1.1473 
36681 1.1473 
36682 1.14732 
36683 1.14733 
36684 1.14733 
36685 1.14734 
36686 1.14735 
36687 1.14735 
36688 1.14736 
36689 1.14737 
36690 1.14737 
36691 1.14738 
36692 1.1474 
36693 1.1475 
36694 1.1476 
36695 1.14773 
36696 1.14773 
36697 1.14786 
36698 1.14793 
36699 1.148 
36700 1.14808 
36701 1.14841 
36702 1.14873 
36703 1.14857 
36704 1.14857 
36705 1.14857 
36706 1.14857 
36707 1.14857 
36708 1.14857 
36709 1.14857 
36710 1.14857 
36711 1.14856 
36712 1.14856 
36713 1.14856 
36714 1.14856 
36715 1.14856 
36716 1.14856 
36717 1.14856 
36718 1.14856 
36719 1.14856 
36720 1.14856 
36721 1.14856 
36722 1.14856 
36723 1.14855 
36724 1.14855 
36725 1.14855 
36726 1.14855 
36727 1.14855 
36728 1.14855 
36729 1.14855 
36730 1.14855 
36731 1.14855 
36732 1.14855 
36733 1.14855 
36734 1.14855 
36735 1.14855 
36736 1.14855 
36737 1.14855 
36738 1.14855 
36739 1.14854 
36740 1.14854 
36741 1.14854 
36742 1.14854 
36743 1.14854 
36744 1.14854 
36745 1.14854 
36746 1.14854 
36747 1.14854 
36748 1.14854 
36749 1.14854 
36750 1.14854 
36751 1.14854 
36752 1.14854 
36753 1.14854 
36754 1.14854 
36755 1.14853 
36756 1.14853 
36757 1.14853 
36758 1.14853 
36759 1.14853 
36760 1.14853 
36761 1.14853 
36762 1.14853 
36763 1.14853 
36764 1.14853 
36765 1.14853 
36766 1.14852 
36767 1.14852 
36768 1.14852 
36769 1.14852 
36770 1.14852 
36771 1.14852 
36772 1.14852 
36773 1.14852 
36774 1.14851 
36775 1.14851 
36776 1.14851 
36777 1.14851 
36778 1.14851 
36779 1.14851 
36780 1.14851 
36781 1.14851 
36782 1.14851 
36783 1.1485 
36784 1.1485 
36785 1.1485 
36786 1.1485 
36787 1.14849 
36788 1.14849 
36789 1.14849 
36790 1.14849 
36791 1.14848 
36792 1.14848 
36793 1.14847 
36794 1.14846 
36795 1.14845 
36796 1.14844 
36797 1.14843 
36798 1.14843 
36799 1.14842 
36800 1.14841 
36801 1.14841 
36802 1.1484 
36803 1.1484 
36804 1.1484 
36805 1.14839 
36806 1.14839 
36807 1.14839 
36808 1.14839 
36809 1.14839 
36810 1.14839 
36811 1.14839 
36812 1.14839 
36813 1.14839 
36814 1.14838 
36815 1.14838 
36816 1.14838 
36817 1.14838 
36818 1.14838 
36819 1.14838 
36820 1.14837 
36821 1.14837 
36822 1.14837 
36823 1.14837 
36824 1.14837 
36825 1.14837 
36826 1.14838 
36827 1.1484 
36828 1.14842 
36829 1.14843 
36830 1.14844 
36831 1.14844 
36832 1.14845 
36833 1.14848 
36834 1.14866 
36835 1.14866 
36836 1.14871 
36837 1.14877 
36838 1.14883 
36839 1.14896 
36840 1.14975 
36841 1.14985 
36842 1.15052 
36843 1.15043 
36844 1.15038 
36845 1.15037 
36846 1.15036 
36847 1.15035 
36848 1.15034 
36849 1.15034 
36850 1.15034 
36851 1.15033 
36852 1.15033 
36853 1.15033 
36854 1.15033 
36855 1.15033 
36856 1.15033 
36857 1.15032 
36858 1.15032 
36859 1.15032 
36860 1.15032 
36861 1.15032 
36862 1.15032 
36863 1.15032 
36864 1.15032 
36865 1.15032 
36866 1.15031 
36867 1.15031 
36868 1.15031 
36869 1.15031 
36870 1.15031 
36871 1.15031 
36872 1.15031 
36873 1.15031 
36874 1.15031 
36875 1.15031 
36876 1.15031 
36877 1.1503 
36878 1.1503 
36879 1.1503 
36880 1.1503 
36881 1.1503 
36882 1.1503 
36883 1.1503 
36884 1.1503 
36885 1.1503 
36886 1.1503 
36887 1.1503 
36888 1.15029 
36889 1.15029 
36890 1.15029 
36891 1.15029 
36892 1.15029 
36893 1.15029 
36894 1.15029 
36895 1.15029 
36896 1.15029 
36897 1.15028 
36898 1.15028 
36899 1.15028 
36900 1.15028 
36901 1.15028 
36902 1.15028 
36903 1.15028 
36904 1.15028 
36905 1.15027 
36906 1.15027 
36907 1.15027 
36908 1.15027 
36909 1.15027 
36910 1.15027 
36911 1.15026 
36912 1.15026 
36913 1.15026 
36914 1.15026 
36915 1.15026 
36916 1.15025 
36917 1.15025 
36918 1.15025 
36919 1.15025 
36920 1.15025 
36921 1.15024 
36922 1.15024 
36923 1.15024 
36924 1.15024 
36925 1.15023 
36926 1.15022 
36927 1.15022 
36928 1.15022 
36929 1.15021 
36930 1.15021 
36931 1.1502 
36932 1.1502 
36933 1.15019 
36934 1.15019 
36935 1.15018 
36936 1.15018 
36937 1.15017 
36938 1.15017 
36939 1.15016 
36940 1.15016 
36941 1.15016 
36942 1.15015 
36943 1.15015 
36944 1.15015 
36945 1.15015 
36946 1.15014 
36947 1.15014 
36948 1.15014 
36949 1.15014 
36950 1.15014 
36951 1.15014 
36952 1.15014 
36953 1.15014 
36954 1.15014 
36955 1.15014 
36956 1.15014 
36957 1.15013 
36958 1.15012 
36959 1.15012 
36960 1.15012 
36961 1.15012 
36962 1.15012 
36963 1.15012 
36964 1.15011 
36965 1.15011 
36966 1.15011 
36967 1.15012 
36968 1.15012 
36969 1.15012 
36970 1.15012 
36971 1.15012 
36972 1.15013 
36973 1.15013 
36974 1.15014 
36975 1.15015 
36976 1.15015 
36977 1.15016 
36978 1.15023 
36979 1.15027 
36980 1.15042 
36981 1.15046 
36982 1.1505 
36983 1.15057 
36984 1.15068 
36985 1.15089 
36986 1.15127 
36987 1.15109 
36988 1.15109 
36989 1.15108 
36990 1.15108 
36991 1.15108 
36992 1.15108 
36993 1.15108 
36994 1.15107 
36995 1.15107 
36996 1.15107 
36997 1.15107 
36998 1.15107 
36999 1.15107 
37000 1.15107 
37001 1.15107 
37002 1.15107 
37003 1.15107 
37004 1.15107 
37005 1.15107 
37006 1.15107 
37007 1.15107 
37008 1.15106 
37009 1.15106 
37010 1.15106 
37011 1.15106 
37012 1.15106 
37013 1.15106 
37014 1.15106 
37015 1.15106 
37016 1.15106 
37017 1.15106 
37018 1.15106 
37019 1.15106 
37020 1.15106 
37021 1.15106 
37022 1.15105 
37023 1.15105 
37024 1.15105 
37025 1.15105 
37026 1.15105 
37027 1.15105 
37028 1.15105 
37029 1.15105 
37030 1.15105 
37031 1.15104 
37032 1.15104 
37033 1.15104 
37034 1.15104 
37035 1.15104 
37036 1.15104 
37037 1.15104 
37038 1.15104 
37039 1.15104 
37040 1.15103 
37041 1.15103 
37042 1.15103 
37043 1.15103 
37044 1.15103 
37045 1.15103 
37046 1.15103 
37047 1.15102 
37048 1.15102 
37049 1.15102 
37050 1.15102 
37051 1.15102 
37052 1.15102 
37053 1.15101 
37054 1.15101 
37055 1.15101 
37056 1.151 
37057 1.15099 
37058 1.15099 
37059 1.15099 
37060 1.15098 
37061 1.15098 
37062 1.15097 
37063 1.15097 
37064 1.15097 
37065 1.15095 
37066 1.15095 
37067 1.15094 
37068 1.15094 
37069 1.15093 
37070 1.15092 
37071 1.15091 
37072 1.15091 
37073 1.1509 
37074 1.1509 
37075 1.1509 
37076 1.1509 
37077 1.15089 
37078 1.15089 
37079 1.15089 
37080 1.15089 
37081 1.15089 
37082 1.15089 
37083 1.15088 
37084 1.15088 
37085 1.15088 
37086 1.15088 
37087 1.15088 
37088 1.15088 
37089 1.15088 
37090 1.15087 
37091 1.15087 
37092 1.15087 
37093 1.15087 
37094 1.15087 
37095 1.15086 
37096 1.15086 
37097 1.15086 
37098 1.15086 
37099 1.15085 
37100 1.15085 
37101 1.15085 
37102 1.15085 
37103 1.15085 
37104 1.15085 
37105 1.15085 
37106 1.15086 
37107 1.15087 
37108 1.15088 
37109 1.15089 
37110 1.1509 
37111 1.15091 
37112 1.15092 
37113 1.15097 
37114 1.15105 
37115 1.15105 
37116 1.15114 
37117 1.15118 
37118 1.15123 
37119 1.15141 
37120 1.15146 
37121 1.15154 
37122 1.15172 
37123 1.15272 
37124 1.15268 
37125 1.15268 
37126 1.15353 
37127 1.15315 
37128 1.15315 
37129 1.15315 
37130 1.15314 
37131 1.15313 
37132 1.15313 
37133 1.15313 
37134 1.15313 
37135 1.15313 
37136 1.15313 
37137 1.15313 
37138 1.15312 
37139 1.15312 
37140 1.15312 
37141 1.15312 
37142 1.15312 
37143 1.15312 
37144 1.15312 
37145 1.15312 
37146 1.15312 
37147 1.15311 
37148 1.15311 
37149 1.15311 
37150 1.15311 
37151 1.15311 
37152 1.15311 
37153 1.15311 
37154 1.15311 
37155 1.15311 
37156 1.1531 
37157 1.1531 
37158 1.1531 
37159 1.1531 
37160 1.1531 
37161 1.1531 
37162 1.1531 
37163 1.1531 
37164 1.15309 
37165 1.15309 
37166 1.15309 
37167 1.15309 
37168 1.15309 
37169 1.15309 
37170 1.15309 
37171 1.15308 
37172 1.15308 
37173 1.15308 
37174 1.15308 
37175 1.15308 
37176 1.15308 
37177 1.15307 
37178 1.15307 
37179 1.15307 
37180 1.15307 
37181 1.15307 
37182 1.15307 
37183 1.15306 
37184 1.15306 
37185 1.15306 
37186 1.15306 
37187 1.15305 
37188 1.15305 
37189 1.15305 
37190 1.15305 
37191 1.15304 
37192 1.15304 
37193 1.15304 
37194 1.15304 
37195 1.15304 
37196 1.15303 
37197 1.15303 
37198 1.15303 
37199 1.15302 
37200 1.15302 
37201 1.15302 
37202 1.15302 
37203 1.15301 
37204 1.15301 
37205 1.15301 
37206 1.15301 
37207 1.153 
37208 1.153 
37209 1.15299 
37210 1.15299 
37211 1.15298 
37212 1.15298 
37213 1.15297 
37214 1.15296 
37215 1.15296 
37216 1.15294 
37217 1.15293 
37218 1.15291 
37219 1.1529 
37220 1.1529 
37221 1.15289 
37222 1.15288 
37223 1.15286 
37224 1.15285 
37225 1.15284 
37226 1.15283 
37227 1.15283 
37228 1.15282 
37229 1.1528 
37230 1.15278 
37231 1.15278 
37232 1.15277 
37233 1.15276 
37234 1.15276 
37235 1.15276 
37236 1.15275 
37237 1.15275 
37238 1.15275 
37239 1.15274 
37240 1.15274 
37241 1.15274 
37242 1.15273 
37243 1.15273 
37244 1.15273 
37245 1.15272 
37246 1.15272 
37247 1.15271 
37248 1.15271 
37249 1.1527 
37250 1.1527 
37251 1.1527 
37252 1.15269 
37253 1.15269 
37254 1.15268 
37255 1.15267 
37256 1.15266 
37257 1.15266 
37258 1.15265 
37259 1.15265 
37260 1.15264 
37261 1.15263 
37262 1.1526 
37263 1.15259 
37264 1.15259 
37265 1.15259 
37266 1.15259 
37267 1.15256 
37268 1.15256 
37269 1.15257 
37270 1.15257 
37271 1.15258 
37272 1.15258 
37273 1.15258 
37274 1.15258 
37275 1.15259 
37276 1.15259 
37277 1.15259 
37278 1.1526 
37279 1.1526 
37280 1.15261 
37281 1.15262 
37282 1.15264 
37283 1.15269 
37284 1.15282 
37285 1.15284 
37286 1.15288 
37287 1.15292 
37288 1.153 
37289 1.15338 
37290 1.15317 
37291 1.15315 
37292 1.15314 
37293 1.15313 
37294 1.15311 
37295 1.15311 
37296 1.15311 
37297 1.15311 
37298 1.15311 
37299 1.15311 
37300 1.15311 
37301 1.15311 
37302 1.1531 
37303 1.1531 
37304 1.1531 
37305 1.1531 
37306 1.1531 
37307 1.1531 
37308 1.1531 
37309 1.1531 
37310 1.15309 
37311 1.15309 
37312 1.15309 
37313 1.15309 
37314 1.15309 
37315 1.15309 
37316 1.15309 
37317 1.15309 
37318 1.15308 
37319 1.15308 
37320 1.15308 
37321 1.15308 
37322 1.15308 
37323 1.15308 
37324 1.15307 
37325 1.15307 
37326 1.15307 
37327 1.15307 
37328 1.15307 
37329 1.15306 
37330 1.15306 
37331 1.15306 
37332 1.15306 
37333 1.15305 
37334 1.15305 
37335 1.15305 
37336 1.15305 
37337 1.15304 
37338 1.15304 
37339 1.15304 
37340 1.15304 
37341 1.15304 
37342 1.15303 
37343 1.15303 
37344 1.15303 
37345 1.15303 
37346 1.15303 
37347 1.15302 
37348 1.15302 
37349 1.15302 
37350 1.15301 
37351 1.153 
37352 1.153 
37353 1.15299 
37354 1.15299 
37355 1.15298 
37356 1.15298 
37357 1.15297 
37358 1.15297 
37359 1.15296 
37360 1.15295 
37361 1.15295 
37362 1.15293 
37363 1.15293 
37364 1.15292 
37365 1.15292 
37366 1.15291 
37367 1.1529 
37368 1.15289 
37369 1.15288 
37370 1.15288 
37371 1.15287 
37372 1.15287 
37373 1.15287 
37374 1.15287 
37375 1.15287 
37376 1.15286 
37377 1.15286 
37378 1.15286 
37379 1.15286 
37380 1.15286 
37381 1.15286 
37382 1.15285 
37383 1.15285 
37384 1.15285 
37385 1.15285 
37386 1.15285 
37387 1.15284 
37388 1.15284 
37389 1.15284 
37390 1.15284 
37391 1.15283 
37392 1.15283 
37393 1.15283 
37394 1.15282 
37395 1.15282 
37396 1.15282 
37397 1.15281 
37398 1.15281 
37399 1.15281 
37400 1.1528 
37401 1.1528 
37402 1.1528 
37403 1.15279 
37404 1.15279 
37405 1.15278 
37406 1.15278 
37407 1.15278 
37408 1.15277 
37409 1.15277 
37410 1.15277 
37411 1.15277 
37412 1.15274 
37413 1.15275 
37414 1.15279 
37415 1.15283 
37416 1.15283 
37417 1.15289 
37418 1.1529 
37419 1.15291 
37420 1.15294 
37421 1.15298 
37422 1.15304 
37423 1.15306 
37424 1.1529 
37425 1.15288 
37426 1.15288 
37427 1.15288 
37428 1.15287 
37429 1.15287 
37430 1.15287 
37431 1.15287 
37432 1.15287 
37433 1.15287 
37434 1.15287 
37435 1.15286 
37436 1.15286 
37437 1.15286 
37438 1.15286 
37439 1.15286 
37440 1.15286 
37441 1.15286 
37442 1.15286 
37443 1.15285 
37444 1.15285 
37445 1.15285 
37446 1.15285 
37447 1.15285 
37448 1.15285 
37449 1.15285 
37450 1.15285 
37451 1.15284 
37452 1.15284 
37453 1.15284 
37454 1.15284 
37455 1.15284 
37456 1.15284 
37457 1.15283 
37458 1.15283 
37459 1.15283 
37460 1.15283 
37461 1.15282 
37462 1.15282 
37463 1.15282 
37464 1.15282 
37465 1.15282 
37466 1.15282 
37467 1.15281 
37468 1.15281 
37469 1.1528 
37470 1.15279 
37471 1.15279 
37472 1.15279 
37473 1.15278 
37474 1.15277 
37475 1.15277 
37476 1.15276 
37477 1.15276 
37478 1.15275 
37479 1.15274 
37480 1.15274 
37481 1.15273 
37482 1.15273 
37483 1.15272 
37484 1.15271 
37485 1.15271 
37486 1.15271 
37487 1.1527 
37488 1.1527 
37489 1.1527 
37490 1.1527 
37491 1.1527 
37492 1.15269 
37493 1.15269 
37494 1.15269 
37495 1.15269 
37496 1.15269 
37497 1.15268 
37498 1.15268 
37499 1.15268 
37500 1.15268 
37501 1.15268 
37502 1.15267 
37503 1.15267 
37504 1.15267 
37505 1.15266 
37506 1.15265 
37507 1.15265 
37508 1.15265 
37509 1.15265 
37510 1.15266 
37511 1.15268 
37512 1.1527 
37513 1.15274 
37514 1.15275 
37515 1.15277 
37516 1.15278 
37517 1.15282 
37518 1.15291 
37519 1.15276 
37520 1.15273 
37521 1.15273 
37522 1.15273 
37523 1.15273 
37524 1.15272 
37525 1.15272 
37526 1.15272 
37527 1.15272 
37528 1.15272 
37529 1.15272 
37530 1.15272 
37531 1.15272 
37532 1.15271 
37533 1.15271 
37534 1.15271 
37535 1.15271 
37536 1.15271 
37537 1.15271 
37538 1.15271 
37539 1.1527 
37540 1.1527 
37541 1.1527 
37542 1.1527 
37543 1.1527 
37544 1.1527 
37545 1.1527 
37546 1.1527 
37547 1.15269 
37548 1.15269 
37549 1.15269 
37550 1.15269 
37551 1.15269 
37552 1.15268 
37553 1.15268 
37554 1.15268 
37555 1.15268 
37556 1.15268 
37557 1.15267 
37558 1.15267 
37559 1.15267 
37560 1.15267 
37561 1.15266 
37562 1.15266 
37563 1.15266 
37564 1.15265 
37565 1.15265 
37566 1.15265 
37567 1.15264 
37568 1.15264 
37569 1.15264 
37570 1.15263 
37571 1.15263 
37572 1.15262 
37573 1.15262 
37574 1.15261 
37575 1.15261 
37576 1.1526 
37577 1.15259 
37578 1.15259 
37579 1.15258 
37580 1.15257 
37581 1.15256 
37582 1.15256 
37583 1.15256 
37584 1.15256 
37585 1.15256 
37586 1.15255 
37587 1.15255 
37588 1.15255 
37589 1.15255 
37590 1.15255 
37591 1.15254 
37592 1.15254 
37593 1.15254 
37594 1.15254 
37595 1.15254 
37596 1.15253 
37597 1.15253 
37598 1.15253 
37599 1.15252 
37600 1.15252 
37601 1.15251 
37602 1.15251 
37603 1.1525 
37604 1.1525 
37605 1.1525 
37606 1.15249 
37607 1.15249 
37608 1.15249 
37609 1.15249 
37610 1.15249 
37611 1.15249 
37612 1.15249 
37613 1.1525 
37614 1.1525 
37615 1.15251 
37616 1.15257 
37617 1.15259 
37618 1.15271 
37619 1.15272 
37620 1.15275 
37621 1.15295 
37622 1.15278 
37623 1.15278 
37624 1.15278 
37625 1.15277 
37626 1.15277 
37627 1.15277 
37628 1.15277 
37629 1.15277 
37630 1.15277 
37631 1.15277 
37632 1.15277 
37633 1.15277 
37634 1.15277 
37635 1.15277 
37636 1.15277 
37637 1.15277 
37638 1.15277 
37639 1.15277 
37640 1.15277 
37641 1.15277 
37642 1.15277 
37643 1.15276 
37644 1.15276 
37645 1.15276 
37646 1.15276 
37647 1.15276 
37648 1.15276 
37649 1.15276 
37650 1.15276 
37651 1.15276 
37652 1.15276 
37653 1.15276 
37654 1.15276 
37655 1.15276 
37656 1.15276 
37657 1.15276 
37658 1.15276 
37659 1.15276 
37660 1.15276 
37661 1.15276 
37662 1.15276 
37663 1.15275 
37664 1.15275 
37665 1.15275 
37666 1.15275 
37667 1.15275 
37668 1.15275 
37669 1.15275 
37670 1.15275 
37671 1.15275 
37672 1.15275 
37673 1.15275 
37674 1.15275 
37675 1.15275 
37676 1.15275 
37677 1.15274 
37678 1.15274 
37679 1.15274 
37680 1.15274 
37681 1.15274 
37682 1.15274 
37683 1.15274 
37684 1.15274 
37685 1.15274 
37686 1.15274 
37687 1.15274 
37688 1.15274 
37689 1.15273 
37690 1.15273 
37691 1.15273 
37692 1.15273 
37693 1.15273 
37694 1.15273 
37695 1.15273 
37696 1.15273 
37697 1.15273 
37698 1.15272 
37699 1.15272 
37700 1.15272 
37701 1.15272 
37702 1.15272 
37703 1.15272 
37704 1.15272 
37705 1.15272 
37706 1.15272 
37707 1.15271 
37708 1.15271 
37709 1.15271 
37710 1.15271 
37711 1.1527 
37712 1.1527 
37713 1.15269 
37714 1.15269 
37715 1.15269 
37716 1.15269 
37717 1.15268 
37718 1.15267 
37719 1.15267 
37720 1.15266 
37721 1.15265 
37722 1.15265 
37723 1.15265 
37724 1.15264 
37725 1.15263 
37726 1.15263 
37727 1.15262 
37728 1.15262 
37729 1.15262 
37730 1.15261 
37731 1.15261 
37732 1.15261 
37733 1.15261 
37734 1.15261 
37735 1.1526 
37736 1.1526 
37737 1.1526 
37738 1.1526 
37739 1.1526 
37740 1.1526 
37741 1.1526 
37742 1.1526 
37743 1.1526 
37744 1.15259 
37745 1.15259 
37746 1.15259 
37747 1.15259 
37748 1.15259 
37749 1.15259 
37750 1.15258 
37751 1.15258 
37752 1.15258 
37753 1.15258 
37754 1.15258 
37755 1.15257 
37756 1.15257 
37757 1.15256 
37758 1.15256 
37759 1.15256 
37760 1.15255 
37761 1.15255 
37762 1.15255 
37763 1.15254 
37764 1.15254 
37765 1.15254 
37766 1.15255 
37767 1.15255 
37768 1.15255 
37769 1.15256 
37770 1.15257 
37771 1.15257 
37772 1.15259 
37773 1.15264 
37774 1.15264 
37775 1.15276 
37776 1.15277 
37777 1.15278 
37778 1.153 
37779 1.15288 
37780 1.15283 
37781 1.15283 
37782 1.15283 
37783 1.15283 
37784 1.15283 
37785 1.15282 
37786 1.15282 
37787 1.15282 
37788 1.15282 
37789 1.15282 
37790 1.15282 
37791 1.15282 
37792 1.15282 
37793 1.15282 
37794 1.15282 
37795 1.15282 
37796 1.15282 
37797 1.15282 
37798 1.15282 
37799 1.15281 
37800 1.15281 
37801 1.15281 
37802 1.15281 
37803 1.15281 
37804 1.15281 
37805 1.15281 
37806 1.15281 
37807 1.15281 
37808 1.15281 
37809 1.1528 
37810 1.1528 
37811 1.1528 
37812 1.1528 
37813 1.1528 
37814 1.1528 
37815 1.1528 
37816 1.15279 
37817 1.15279 
37818 1.15279 
37819 1.15279 
37820 1.15279 
37821 1.15279 
37822 1.15278 
37823 1.15278 
37824 1.15278 
37825 1.15278 
37826 1.15278 
37827 1.15277 
37828 1.15277 
37829 1.15277 
37830 1.15277 
37831 1.15276 
37832 1.15276 
37833 1.15276 
37834 1.15275 
37835 1.15274 
37836 1.15274 
37837 1.15273 
37838 1.15273 
37839 1.15273 
37840 1.15272 
37841 1.15271 
37842 1.15271 
37843 1.1527 
37844 1.1527 
37845 1.15269 
37846 1.15268 
37847 1.15268 
37848 1.15268 
37849 1.15267 
37850 1.15267 
37851 1.15267 
37852 1.15267 
37853 1.15267 
37854 1.15267 
37855 1.15267 
37856 1.15266 
37857 1.15266 
37858 1.15266 
37859 1.15266 
37860 1.15266 
37861 1.15266 
37862 1.15266 
37863 1.15265 
37864 1.15265 
37865 1.15265 
37866 1.15264 
37867 1.15264 
37868 1.15264 
37869 1.15264 
37870 1.15263 
37871 1.15263 
37872 1.15263 
37873 1.15263 
37874 1.15263 
37875 1.15263 
37876 1.15262 
37877 1.15262 
37878 1.15262 
37879 1.15262 
37880 1.15262 
37881 1.15262 
37882 1.15262 
37883 1.15262 
37884 1.15263 
37885 1.15263 
37886 1.15263 
37887 1.15264 
37888 1.15272 
37889 1.15272 
37890 1.15288 
37891 1.1529 
37892 1.15345 
37893 1.15328 
37894 1.15328 
37895 1.15328 
37896 1.15328 
37897 1.15328 
37898 1.15328 
37899 1.15328 
37900 1.15328 
37901 1.15328 
37902 1.15328 
37903 1.15328 
37904 1.15327 
37905 1.15327 
37906 1.15327 
37907 1.15327 
37908 1.15327 
37909 1.15327 
37910 1.15327 
37911 1.15327 
37912 1.15327 
37913 1.15327 
37914 1.15327 
37915 1.15327 
37916 1.15327 
37917 1.15327 
37918 1.15326 
37919 1.15326 
37920 1.15326 
37921 1.15326 
37922 1.15326 
37923 1.15326 
37924 1.15326 
37925 1.15326 
37926 1.15326 
37927 1.15326 
37928 1.15326 
37929 1.15326 
37930 1.15326 
37931 1.15326 
37932 1.15325 
37933 1.15325 
37934 1.15325 
37935 1.15325 
37936 1.15325 
37937 1.15325 
37938 1.15325 
37939 1.15325 
37940 1.15325 
37941 1.15325 
37942 1.15325 
37943 1.15325 
37944 1.15324 
37945 1.15324 
37946 1.15324 
37947 1.15324 
37948 1.15324 
37949 1.15324 
37950 1.15324 
37951 1.15324 
37952 1.15324 
37953 1.15324 
37954 1.15324 
37955 1.15323 
37956 1.15323 
37957 1.15323 
37958 1.15323 
37959 1.15323 
37960 1.15323 
37961 1.15323 
37962 1.15323 
37963 1.15323 
37964 1.15323 
37965 1.15322 
37966 1.15322 
37967 1.15322 
37968 1.15322 
37969 1.15322 
37970 1.15322 
37971 1.15321 
37972 1.15321 
37973 1.15321 
37974 1.15321 
37975 1.15321 
37976 1.15321 
37977 1.1532 
37978 1.1532 
37979 1.1532 
37980 1.1532 
37981 1.1532 
37982 1.15319 
37983 1.15319 
37984 1.15319 
37985 1.15318 
37986 1.15318 
37987 1.15318 
37988 1.15317 
37989 1.15317 
37990 1.15316 
37991 1.15315 
37992 1.15314 
37993 1.15313 
37994 1.15313 
37995 1.15311 
37996 1.15311 
37997 1.15309 
37998 1.15308 
37999 1.15307 
38000 1.15306 
38001 1.15306 
38002 1.15305 
38003 1.15304 
38004 1.15304 
38005 1.15304 
38006 1.15303 
38007 1.15303 
38008 1.15302 
38009 1.15302 
38010 1.15302 
38011 1.15301 
38012 1.15301 
38013 1.15301 
38014 1.15299 
38015 1.15299 
38016 1.15299 
38017 1.15298 
38018 1.15298 
38019 1.15297 
38020 1.15297 
38021 1.15296 
38022 1.15295 
38023 1.15295 
38024 1.15294 
38025 1.15293 
38026 1.15291 
38027 1.1529 
38028 1.15289 
38029 1.15288 
38030 1.15287 
38031 1.15287 
38032 1.15287 
38033 1.15281 
38034 1.15286 
38035 1.15286 
38036 1.15297 
38037 1.15312 
38038 1.15351 
38039 1.15362 
38040 1.15366 
38041 1.15386 
38042 1.15472 
38043 1.15464 
38044 1.15464 
38045 1.15456 
38046 1.15454 
38047 1.15453 
38048 1.15453 
38049 1.15453 
38050 1.15453 
38051 1.15453 
38052 1.15452 
38053 1.15452 
38054 1.15451 
38055 1.15451 
38056 1.15451 
38057 1.15451 
38058 1.15451 
38059 1.15451 
38060 1.15451 
38061 1.15451 
38062 1.15451 
38063 1.15451 
38064 1.15451 
38065 1.15451 
38066 1.15451 
38067 1.15451 
38068 1.1545 
38069 1.1545 
38070 1.1545 
38071 1.1545 
38072 1.1545 
38073 1.1545 
38074 1.1545 
38075 1.1545 
38076 1.1545 
38077 1.1545 
38078 1.1545 
38079 1.1545 
38080 1.1545 
38081 1.15449 
38082 1.15449 
38083 1.15449 
38084 1.15449 
38085 1.15449 
38086 1.15449 
38087 1.15449 
38088 1.15449 
38089 1.15449 
38090 1.15449 
38091 1.15449 
38092 1.15449 
38093 1.15448 
38094 1.15448 
38095 1.15448 
38096 1.15448 
38097 1.15448 
38098 1.15448 
38099 1.15448 
38100 1.15448 
38101 1.15448 
38102 1.15448 
38103 1.15447 
38104 1.15447 
38105 1.15447 
38106 1.15447 
38107 1.15447 
38108 1.15447 
38109 1.15447 
38110 1.15447 
38111 1.15446 
38112 1.15446 
38113 1.15446 
38114 1.15446 
38115 1.15446 
38116 1.15446 
38117 1.15445 
38118 1.15445 
38119 1.15445 
38120 1.15445 
38121 1.15445 
38122 1.15445 
38123 1.15445 
38124 1.15444 
38125 1.15444 
38126 1.15444 
38127 1.15444 
38128 1.15444 
38129 1.15444 
38130 1.15444 
38131 1.15443 
38132 1.15443 
38133 1.15443 
38134 1.15443 
38135 1.15443 
38136 1.15443 
38137 1.15442 
38138 1.15442 
38139 1.15441 
38140 1.15441 
38141 1.1544 
38142 1.1544 
38143 1.1544 
38144 1.15439 
38145 1.15439 
38146 1.15438 
38147 1.15438 
38148 1.15438 
38149 1.15437 
38150 1.15437 
38151 1.15436 
38152 1.15434 
38153 1.15433 
38154 1.15432 
38155 1.1543 
38156 1.15429 
38157 1.15428 
38158 1.15425 
38159 1.15425 
38160 1.15424 
38161 1.15424 
38162 1.15423 
38163 1.15423 
38164 1.15422 
38165 1.15422 
38166 1.15421 
38167 1.1542 
38168 1.15419 
38169 1.15418 
38170 1.15418 
38171 1.15417 
38172 1.15416 
38173 1.15415 
38174 1.15414 
38175 1.15414 
38176 1.15413 
38177 1.15412 
38178 1.15412 
38179 1.15411 
38180 1.15411 
38181 1.15411 
38182 1.15409 
38183 1.15408 
38184 1.15406 
38185 1.15406 
38186 1.15405 
38187 1.15405 
38188 1.15404 
38189 1.15404 
38190 1.15404 
38191 1.15402 
38192 1.15403 
38193 1.15404 
38194 1.15405 
38195 1.15405 
38196 1.15407 
38197 1.1541 
38198 1.15427 
38199 1.1543 
38200 1.15434 
38201 1.15438 
38202 1.15443 
38203 1.15449 
38204 1.15455 
38205 1.15463 
38206 1.15479 
38207 1.15526 
38208 1.15602 
38209 1.15591 
38210 1.15591 
38211 1.15591 
38212 1.1559 
38213 1.15588 
38214 1.15588 
38215 1.15588 
38216 1.15588 
38217 1.15588 
38218 1.15588 
38219 1.15588 
38220 1.15588 
38221 1.15588 
38222 1.15588 
38223 1.15587 
38224 1.15587 
38225 1.15587 
38226 1.15587 
38227 1.15587 
38228 1.15587 
38229 1.15587 
38230 1.15587 
38231 1.15587 
38232 1.15587 
38233 1.15587 
38234 1.15587 
38235 1.15587 
38236 1.15587 
38237 1.15587 
38238 1.15587 
38239 1.15586 
38240 1.15586 
38241 1.15586 
38242 1.15586 
38243 1.15586 
38244 1.15586 
38245 1.15586 
38246 1.15586 
38247 1.15586 
38248 1.15586 
38249 1.15586 
38250 1.15586 
38251 1.15586 
38252 1.15585 
38253 1.15585 
38254 1.15585 
38255 1.15585 
38256 1.15585 
38257 1.15585 
38258 1.15585 
38259 1.15585 
38260 1.15585 
38261 1.15585 
38262 1.15585 
38263 1.15584 
38264 1.15584 
38265 1.15584 
38266 1.15584 
38267 1.15584 
38268 1.15584 
38269 1.15584 
38270 1.15584 
38271 1.15584 
38272 1.15584 
38273 1.15583 
38274 1.15583 
38275 1.15583 
38276 1.15583 
38277 1.15583 
38278 1.15583 
38279 1.15582 
38280 1.15582 
38281 1.15582 
38282 1.15582 
38283 1.15582 
38284 1.15582 
38285 1.15582 
38286 1.15582 
38287 1.15581 
38288 1.15581 
38289 1.15581 
38290 1.15581 
38291 1.1558 
38292 1.1558 
38293 1.1558 
38294 1.15579 
38295 1.15579 
38296 1.15579 
38297 1.15578 
38298 1.15578 
38299 1.15578 
38300 1.15578 
38301 1.15577 
38302 1.15576 
38303 1.15576 
38304 1.15576 
38305 1.15575 
38306 1.15574 
38307 1.15574 
38308 1.15573 
38309 1.15573 
38310 1.15572 
38311 1.15571 
38312 1.1557 
38313 1.15569 
38314 1.15569 
38315 1.15569 
38316 1.15569 
38317 1.15569 
38318 1.15568 
38319 1.15568 
38320 1.15568 
38321 1.15568 
38322 1.15567 
38323 1.15567 
38324 1.15567 
38325 1.15567 
38326 1.15567 
38327 1.15566 
38328 1.15566 
38329 1.15566 
38330 1.15566 
38331 1.15565 
38332 1.15565 
38333 1.15565 
38334 1.15565 
38335 1.15565 
38336 1.15564 
38337 1.15563 
38338 1.15563 
38339 1.15562 
38340 1.15561 
38341 1.15561 
38342 1.1556 
38343 1.1556 
38344 1.15559 
38345 1.15558 
38346 1.15558 
38347 1.15557 
38348 1.15557 
38349 1.15556 
38350 1.15556 
38351 1.15556 
38352 1.15556 
38353 1.15557 
38354 1.15559 
38355 1.1556 
38356 1.15583 
38357 1.15584 
38358 1.15586 
38359 1.15588 
38360 1.15591 
38361 1.15596 
38362 1.15605 
38363 1.15629 
38364 1.15789 
38365 1.15782 
38366 1.15782 
38367 1.1578 
38368 1.15774 
38369 1.15773 
38370 1.15772 
38371 1.15772 
38372 1.15771 
38373 1.1577 
38374 1.1577 
38375 1.15769 
38376 1.15768 
38377 1.15767 
38378 1.15766 
38379 1.15765 
38380 1.15764 
38381 1.15762 
38382 1.1576 
38383 1.15759 
38384 1.15756 
38385 1.15754 
38386 1.15753 
38387 1.15752 
38388 1.15751 
38389 1.1575 
38390 1.15749 
38391 1.15748 
38392 1.15748 
38393 1.15747 
38394 1.15746 
38395 1.15746 
38396 1.15744 
38397 1.15744 
38398 1.15744 
38399 1.15742 
38400 1.15741 
38401 1.15741 
38402 1.15739 
38403 1.15738 
38404 1.15738 
38405 1.15738 
38406 1.15738 
38407 1.15739 
38408 1.15741 
38409 1.15755 
38410 1.15765 
38411 1.15779 
38412 1.15791 
38413 1.15778 
38414 1.15778 
38415 1.15778 
38416 1.15778 
38417 1.15778 
38418 1.15778 
38419 1.15778 
38420 1.15778 
38421 1.15778 
38422 1.15778 
38423 1.15778 
38424 1.15778 
38425 1.15778 
38426 1.15778 
38427 1.15777 
38428 1.15777 
38429 1.15777 
38430 1.15777 
38431 1.15777 
38432 1.15777 
38433 1.15777 
38434 1.15777 
38435 1.15777 
38436 1.15777 
38437 1.15777 
38438 1.15777 
38439 1.15777 
38440 1.15777 
38441 1.15777 
38442 1.15777 
38443 1.15777 
38444 1.15777 
38445 1.15777 
38446 1.15777 
38447 1.15777 
38448 1.15777 
38449 1.15776 
38450 1.15776 
38451 1.15776 
38452 1.15776 
38453 1.15776 
38454 1.15776 
38455 1.15776 
38456 1.15776 
38457 1.15776 
38458 1.15776 
38459 1.15776 
38460 1.15776 
38461 1.15776 
38462 1.15776 
38463 1.15776 
38464 1.15776 
38465 1.15776 
38466 1.15776 
38467 1.15775 
38468 1.15775 
38469 1.15775 
38470 1.15775 
38471 1.15775 
38472 1.15775 
38473 1.15775 
38474 1.15775 
38475 1.15775 
38476 1.15775 
38477 1.15775 
38478 1.15774 
38479 1.15774 
38480 1.15774 
38481 1.15774 
38482 1.15774 
38483 1.15774 
38484 1.15774 
38485 1.15774 
38486 1.15773 
38487 1.15773 
38488 1.15773 
38489 1.15773 
38490 1.15773 
38491 1.15773 
38492 1.15772 
38493 1.15772 
38494 1.15772 
38495 1.15772 
38496 1.15772 
38497 1.15771 
38498 1.15771 
38499 1.1577 
38500 1.1577 
38501 1.1577 
38502 1.1577 
38503 1.15769 
38504 1.15769 
38505 1.15769 
38506 1.15768 
38507 1.15768 
38508 1.15768 
38509 1.15767 
38510 1.15767 
38511 1.15766 
38512 1.15766 
38513 1.15765 
38514 1.15764 
38515 1.15764 
38516 1.15763 
38517 1.15762 
38518 1.15761 
38519 1.15761 
38520 1.15761 
38521 1.1576 
38522 1.1576 
38523 1.1576 
38524 1.1576 
38525 1.1576 
38526 1.15759 
38527 1.15759 
38528 1.15759 
38529 1.15759 
38530 1.15759 
38531 1.15758 
38532 1.15758 
38533 1.15758 
38534 1.15758 
38535 1.15757 
38536 1.15757 
38537 1.15757 
38538 1.15756 
38539 1.15756 
38540 1.15756 
38541 1.15755 
38542 1.15754 
38543 1.15754 
38544 1.15753 
38545 1.15753 
38546 1.15752 
38547 1.15752 
38548 1.15751 
38549 1.15749 
38550 1.15749 
38551 1.15748 
38552 1.15748 
38553 1.15748 
38554 1.15747 
38555 1.15747 
38556 1.15747 
38557 1.15747 
38558 1.15747 
38559 1.15754 
38560 1.15766 
38561 1.15789 
38562 1.1581 
38563 1.15926 
38564 1.15908 
38565 1.15907 
38566 1.15906 
38567 1.15906 
38568 1.15905 
38569 1.15905 
38570 1.15905 
38571 1.15905 
38572 1.15905 
38573 1.15905 
38574 1.15905 
38575 1.15905 
38576 1.15905 
38577 1.15904 
38578 1.15904 
38579 1.15904 
38580 1.15904 
38581 1.15904 
38582 1.15904 
38583 1.15904 
38584 1.15904 
38585 1.15904 
38586 1.15904 
38587 1.15903 
38588 1.15903 
38589 1.15903 
38590 1.15903 
38591 1.15903 
38592 1.15903 
38593 1.15903 
38594 1.15903 
38595 1.15903 
38596 1.15902 
38597 1.15902 
38598 1.15902 
38599 1.15902 
38600 1.15902 
38601 1.15902 
38602 1.15901 
38603 1.15901 
38604 1.15901 
38605 1.15901 
38606 1.15901 
38607 1.15901 
38608 1.159 
38609 1.159 
38610 1.159 
38611 1.159 
38612 1.15899 
38613 1.15899 
38614 1.15899 
38615 1.15898 
38616 1.15898 
38617 1.15898 
38618 1.15898 
38619 1.15898 
38620 1.15897 
38621 1.15897 
38622 1.15896 
38623 1.15896 
38624 1.15895 
38625 1.15895 
38626 1.15894 
38627 1.15893 
38628 1.15893 
38629 1.15893 
38630 1.15892 
38631 1.15891 
38632 1.1589 
38633 1.15889 
38634 1.15887 
38635 1.15886 
38636 1.15885 
38637 1.15884 
38638 1.15883 
38639 1.15883 
38640 1.15881 
38641 1.1588 
38642 1.15879 
38643 1.15879 
38644 1.15878 
38645 1.15878 
38646 1.15878 
38647 1.15877 
38648 1.15877 
38649 1.15876 
38650 1.15876 
38651 1.15875 
38652 1.15874 
38653 1.15874 
38654 1.15873 
38655 1.15873 
38656 1.15872 
38657 1.15872 
38658 1.15872 
38659 1.1587 
38660 1.1587 
38661 1.15869 
38662 1.15868 
38663 1.15865 
38664 1.15865 
38665 1.15864 
38666 1.15863 
38667 1.15862 
38668 1.15861 
38669 1.15861 
38670 1.1586 
38671 1.15858 
38672 1.15858 
38673 1.15858 
38674 1.15858 
38675 1.15858 
38676 1.15858 
38677 1.15858 
38678 1.15858 
38679 1.15859 
38680 1.15859 
38681 1.15859 
38682 1.1586 
38683 1.1586 
38684 1.1587 
38685 1.1588 
38686 1.15894 
38687 1.15912 
38688 1.16085 
38689 1.16083 
38690 1.16083 
38691 1.16079 
38692 1.16078 
38693 1.16077 
38694 1.16073 
38695 1.16065 
38696 1.16064 
38697 1.16063 
38698 1.16061 
38699 1.1606 
38700 1.16058 
38701 1.16057 
38702 1.16054 
38703 1.1605 
38704 1.16047 
38705 1.16042 
38706 1.16041 
38707 1.1604 
38708 1.16039 
38709 1.16038 
38710 1.16036 
38711 1.16035 
38712 1.16033 
38713 1.16032 
38714 1.1603 
38715 1.1603 
38716 1.1603 
38717 1.1603 
38718 1.16029 
38719 1.1603 
38720 1.1603 
38721 1.1603 
38722 1.1603 
38723 1.16031 
38724 1.16033 
38725 1.16033 
38726 1.16036 
38727 1.1604 
38728 1.16059 
38729 1.16073 
38730 1.16101 
38731 1.16261 
38732 1.16248 
38733 1.16248 
38734 1.16248 
38735 1.16247 
38736 1.16247 
38737 1.16247 
38738 1.16247 
38739 1.16247 
38740 1.16247 
38741 1.16247 
38742 1.16246 
38743 1.16246 
38744 1.16246 
38745 1.16246 
38746 1.16246 
38747 1.16246 
38748 1.16246 
38749 1.16246 
38750 1.16246 
38751 1.16246 
38752 1.16246 
38753 1.16246 
38754 1.16246 
38755 1.16246 
38756 1.16246 
38757 1.16246 
38758 1.16246 
38759 1.16246 
38760 1.16246 
38761 1.16246 
38762 1.16245 
38763 1.16245 
38764 1.16245 
38765 1.16245 
38766 1.16245 
38767 1.16245 
38768 1.16245 
38769 1.16245 
38770 1.16245 
38771 1.16245 
38772 1.16245 
38773 1.16245 
38774 1.16245 
38775 1.16244 
38776 1.16244 
38777 1.16244 
38778 1.16244 
38779 1.16244 
38780 1.16244 
38781 1.16244 
38782 1.16244 
38783 1.16244 
38784 1.16244 
38785 1.16244 
38786 1.16244 
38787 1.16243 
38788 1.16243 
38789 1.16243 
38790 1.16243 
38791 1.16243 
38792 1.16243 
38793 1.16243 
38794 1.16243 
38795 1.16242 
38796 1.16242 
38797 1.16242 
38798 1.16242 
38799 1.16242 
38800 1.16242 
38801 1.16242 
38802 1.16241 
38803 1.16241 
38804 1.16241 
38805 1.1624 
38806 1.1624 
38807 1.1624 
38808 1.1624 
38809 1.16239 
38810 1.16239 
38811 1.16239 
38812 1.16238 
38813 1.16238 
38814 1.16238 
38815 1.16238 
38816 1.16237 
38817 1.16237 
38818 1.16237 
38819 1.16237 
38820 1.16236 
38821 1.16235 
38822 1.16234 
38823 1.16233 
38824 1.16232 
38825 1.16231 
38826 1.1623 
38827 1.16229 
38828 1.16229 
38829 1.16229 
38830 1.16228 
38831 1.16228 
38832 1.16228 
38833 1.16227 
38834 1.16227 
38835 1.16227 
38836 1.16226 
38837 1.16226 
38838 1.16226 
38839 1.16226 
38840 1.16225 
38841 1.16225 
38842 1.16225 
38843 1.16222 
38844 1.16219 
38845 1.16219 
38846 1.16219 
38847 1.16219 
38848 1.16218 
38849 1.16218 
38850 1.16218 
38851 1.16218 
38852 1.16218 
38853 1.1622 
38854 1.16228 
38855 1.16245 
38856 1.16302 
38857 1.16305 
38858 1.16344 
38859 1.16391 
38860 1.16421 
38861 1.16469 
38862 1.16512 
38863 1.16505 
38864 1.16505 
38865 1.16503 
38866 1.16503 
38867 1.16499 
38868 1.16499 
38869 1.16499 
38870 1.16499 
38871 1.16499 
38872 1.16498 
38873 1.16498 
38874 1.16498 
38875 1.16497 
38876 1.16497 
38877 1.16497 
38878 1.16496 
38879 1.16496 
38880 1.16496 
38881 1.16496 
38882 1.16496 
38883 1.16496 
38884 1.16496 
38885 1.16496 
38886 1.16496 
38887 1.16496 
38888 1.16496 
38889 1.16495 
38890 1.16495 
38891 1.16495 
38892 1.16495 
38893 1.16495 
38894 1.16495 
38895 1.16495 
38896 1.16495 
38897 1.16495 
38898 1.16495 
38899 1.16495 
38900 1.16495 
38901 1.16495 
38902 1.16495 
38903 1.16495 
38904 1.16495 
38905 1.16495 
38906 1.16494 
38907 1.16494 
38908 1.16494 
38909 1.16494 
38910 1.16494 
38911 1.16494 
38912 1.16494 
38913 1.16494 
38914 1.16494 
38915 1.16494 
38916 1.16494 
38917 1.16494 
38918 1.16494 
38919 1.16493 
38920 1.16493 
38921 1.16493 
38922 1.16493 
38923 1.16493 
38924 1.16493 
38925 1.16493 
38926 1.16493 
38927 1.16493 
38928 1.16493 
38929 1.16493 
38930 1.16492 
38931 1.16492 
38932 1.16492 
38933 1.16492 
38934 1.16492 
38935 1.16492 
38936 1.16492 
38937 1.16492 
38938 1.16492 
38939 1.16491 
38940 1.16491 
38941 1.16491 
38942 1.16491 
38943 1.16491 
38944 1.16491 
38945 1.16491 
38946 1.1649 
38947 1.1649 
38948 1.1649 
38949 1.1649 
38950 1.1649 
38951 1.16489 
38952 1.16489 
38953 1.16489 
38954 1.16488 
38955 1.16488 
38956 1.16488 
38957 1.16487 
38958 1.16487 
38959 1.16486 
38960 1.16486 
38961 1.16486 
38962 1.16485 
38963 1.16485 
38964 1.16485 
38965 1.16484 
38966 1.16484 
38967 1.16484 
38968 1.16483 
38969 1.16483 
38970 1.16482 
38971 1.16482 
38972 1.1648 
38973 1.1648 
38974 1.16477 
38975 1.16477 
38976 1.16476 
38977 1.16476 
38978 1.16476 
38979 1.16475 
38980 1.16474 
38981 1.16474 
38982 1.16473 
38983 1.16473 
38984 1.16473 
38985 1.1647 
38986 1.16467 
38987 1.16467 
38988 1.16467 
38989 1.16467 
38990 1.16467 
38991 1.16466 
38992 1.16466 
38993 1.16466 
38994 1.16466 
38995 1.16466 
38996 1.16466 
38997 1.16466 
38998 1.16465 
38999 1.16465 
39000 1.16465 
39001 1.16466 
39002 1.16466 
39003 1.16466 
39004 1.16467 
39005 1.16467 
39006 1.16467 
39007 1.16482 
39008 1.1649 
39009 1.16506 
39010 1.16516 
39011 1.16528 
39012 1.16549 
39013 1.16585 
39014 1.16568 
39015 1.16568 
39016 1.16568 
39017 1.16568 
39018 1.16568 
39019 1.16568 
39020 1.16568 
39021 1.16568 
39022 1.16568 
39023 1.16568 
39024 1.16568 
39025 1.16568 
39026 1.16568 
39027 1.16568 
39028 1.16567 
39029 1.16567 
39030 1.16567 
39031 1.16567 
39032 1.16567 
39033 1.16567 
39034 1.16567 
39035 1.16567 
39036 1.16567 
39037 1.16567 
39038 1.16567 
39039 1.16567 
39040 1.16567 
39041 1.16567 
39042 1.16567 
39043 1.16567 
39044 1.16566 
39045 1.16566 
39046 1.16566 
39047 1.16566 
39048 1.16566 
39049 1.16566 
39050 1.16566 
39051 1.16566 
39052 1.16566 
39053 1.16566 
39054 1.16566 
39055 1.16566 
39056 1.16566 
39057 1.16566 
39058 1.16566 
39059 1.16566 
39060 1.16565 
39061 1.16565 
39062 1.16565 
39063 1.16565 
39064 1.16565 
39065 1.16565 
39066 1.16565 
39067 1.16565 
39068 1.16565 
39069 1.16565 
39070 1.16565 
39071 1.16565 
39072 1.16565 
39073 1.16565 
39074 1.16564 
39075 1.16564 
39076 1.16564 
39077 1.16564 
39078 1.16564 
39079 1.16564 
39080 1.16564 
39081 1.16564 
39082 1.16564 
39083 1.16564 
39084 1.16564 
39085 1.16563 
39086 1.16563 
39087 1.16563 
39088 1.16563 
39089 1.16563 
39090 1.16563 
39091 1.16563 
39092 1.16563 
39093 1.16563 
39094 1.16562 
39095 1.16562 
39096 1.16562 
39097 1.16562 
39098 1.16562 
39099 1.16562 
39100 1.16561 
39101 1.16561 
39102 1.16561 
39103 1.16561 
39104 1.16561 
39105 1.1656 
39106 1.1656 
39107 1.16559 
39108 1.16559 
39109 1.16559 
39110 1.16559 
39111 1.16558 
39112 1.16557 
39113 1.16557 
39114 1.16556 
39115 1.16556 
39116 1.16556 
39117 1.16555 
39118 1.16555 
39119 1.16555 
39120 1.16554 
39121 1.16553 
39122 1.16552 
39123 1.16552 
39124 1.1655 
39125 1.16549 
39126 1.16548 
39127 1.16547 
39128 1.16547 
39129 1.16547 
39130 1.16546 
39131 1.16546 
39132 1.16546 
39133 1.16545 
39134 1.16545 
39135 1.16545 
39136 1.16545 
39137 1.16545 
39138 1.16544 
39139 1.16544 
39140 1.16544 
39141 1.16544 
39142 1.16543 
39143 1.16543 
39144 1.16542 
39145 1.16542 
39146 1.16541 
39147 1.1654 
39148 1.1654 
39149 1.1654 
39150 1.16536 
39151 1.16536 
39152 1.16535 
39153 1.16534 
39154 1.16534 
39155 1.16534 
39156 1.16534 
39157 1.16534 
39158 1.16533 
39159 1.16533 
39160 1.16532 
39161 1.16532 
39162 1.1653 
39163 1.1653 
39164 1.16529 
39165 1.16529 
39166 1.16529 
39167 1.16528 
39168 1.16528 
39169 1.16528 
39170 1.16538 
39171 1.16555 
39172 1.16558 
39173 1.16615 
39174 1.1662 
39175 1.16721 
39176 1.16729 
39177 1.16742 
39178 1.16767 
39179 1.16792 
39180 1.16878 
39181 1.16863 
39182 1.16862 
39183 1.16862 
39184 1.16861 
39185 1.16861 
39186 1.16861 
39187 1.16861 
39188 1.16861 
39189 1.16861 
39190 1.16861 
39191 1.1686 
39192 1.1686 
39193 1.1686 
39194 1.1686 
39195 1.1686 
39196 1.1686 
39197 1.1686 
39198 1.1686 
39199 1.1686 
39200 1.1686 
39201 1.16859 
39202 1.16859 
39203 1.16859 
39204 1.16859 
39205 1.16859 
39206 1.16859 
39207 1.16859 
39208 1.16858 
39209 1.16858 
39210 1.16858 
39211 1.16858 
39212 1.16858 
39213 1.16858 
39214 1.16857 
39215 1.16857 
39216 1.16857 
39217 1.16857 
39218 1.16857 
39219 1.16856 
39220 1.16856 
39221 1.16856 
39222 1.16856 
39223 1.16855 
39224 1.16855 
39225 1.16855 
39226 1.16855 
39227 1.16854 
39228 1.16853 
39229 1.16853 
39230 1.16852 
39231 1.16852 
39232 1.16851 
39233 1.16851 
39234 1.1685 
39235 1.1685 
39236 1.16849 
39237 1.16848 
39238 1.16847 
39239 1.16846 
39240 1.16846 
39241 1.16846 
39242 1.16845 
39243 1.16844 
39244 1.16843 
39245 1.16843 
39246 1.16842 
39247 1.16841 
39248 1.16841 
39249 1.16841 
39250 1.16841 
39251 1.1684 
39252 1.1684 
39253 1.1684 
39254 1.1684 
39255 1.1684 
39256 1.16839 
39257 1.16839 
39258 1.16839 
39259 1.16839 
39260 1.16839 
39261 1.16838 
39262 1.16838 
39263 1.16838 
39264 1.16835 
39265 1.16835 
39266 1.16834 
39267 1.16834 
39268 1.16834 
39269 1.16834 
39270 1.16833 
39271 1.16833 
39272 1.16833 
39273 1.16833 
39274 1.16832 
39275 1.16832 
39276 1.16831 
39277 1.16831 
39278 1.16831 
39279 1.16831 
39280 1.1683 
39281 1.16828 
39282 1.16828 
39283 1.16837 
39284 1.16843 
39285 1.16866 
39286 1.16878 
39287 1.16932 
39288 1.1694 
39289 1.1698 
39290 1.16963 
39291 1.16963 
39292 1.16963 
39293 1.16963 
39294 1.16963 
39295 1.16963 
39296 1.16963 
39297 1.16963 
39298 1.16962 
39299 1.16962 
39300 1.16962 
39301 1.16962 
39302 1.16962 
39303 1.16962 
39304 1.16962 
39305 1.16962 
39306 1.16962 
39307 1.16962 
39308 1.16962 
39309 1.16962 
39310 1.16961 
39311 1.16961 
39312 1.16961 
39313 1.16961 
39314 1.16961 
39315 1.16961 
39316 1.16961 
39317 1.16961 
39318 1.16961 
39319 1.16961 
39320 1.16961 
39321 1.16961 
39322 1.16961 
39323 1.16961 
39324 1.16961 
39325 1.16961 
39326 1.16961 
39327 1.16961 
39328 1.1696 
39329 1.1696 
39330 1.1696 
39331 1.1696 
39332 1.1696 
39333 1.1696 
39334 1.1696 
39335 1.1696 
39336 1.1696 
39337 1.1696 
39338 1.1696 
39339 1.1696 
39340 1.1696 
39341 1.1696 
39342 1.1696 
39343 1.1696 
39344 1.16959 
39345 1.16959 
39346 1.16959 
39347 1.16959 
39348 1.16959 
39349 1.16959 
39350 1.16959 
39351 1.16959 
39352 1.16959 
39353 1.16959 
39354 1.16959 
39355 1.16958 
39356 1.16958 
39357 1.16958 
39358 1.16958 
39359 1.16958 
39360 1.16958 
39361 1.16958 
39362 1.16958 
39363 1.16958 
39364 1.16957 
39365 1.16957 
39366 1.16957 
39367 1.16957 
39368 1.16957 
39369 1.16957 
39370 1.16957 
39371 1.16957 
39372 1.16956 
39373 1.16956 
39374 1.16956 
39375 1.16956 
39376 1.16956 
39377 1.16955 
39378 1.16955 
39379 1.16954 
39380 1.16954 
39381 1.16953 
39382 1.16953 
39383 1.16952 
39384 1.16952 
39385 1.16951 
39386 1.1695 
39387 1.16949 
39388 1.16948 
39389 1.16946 
39390 1.16946 
39391 1.16944 
39392 1.16943 
39393 1.16941 
39394 1.16941 
39395 1.1694 
39396 1.16939 
39397 1.16939 
39398 1.16939 
39399 1.16939 
39400 1.16938 
39401 1.16938 
39402 1.16938 
39403 1.16937 
39404 1.16937 
39405 1.16936 
39406 1.16936 
39407 1.16936 
39408 1.16935 
39409 1.16935 
39410 1.16934 
39411 1.16933 
39412 1.16932 
39413 1.16932 
39414 1.16931 
39415 1.16931 
39416 1.16928 
39417 1.16926 
39418 1.16925 
39419 1.16925 
39420 1.16925 
39421 1.16924 
39422 1.16919 
39423 1.16919 
39424 1.16919 
39425 1.16919 
39426 1.16925 
39427 1.16935 
39428 1.16936 
39429 1.16943 
39430 1.16967 
39431 1.16975 
39432 1.17035 
39433 1.17039 
39434 1.17097 
39435 1.17099 
39436 1.17119 
39437 1.17158 
39438 1.1715 
39439 1.1715 
39440 1.1715 
39441 1.17149 
39442 1.17148 
39443 1.17145 
39444 1.17144 
39445 1.17142 
39446 1.17142 
39447 1.17141 
39448 1.17141 
39449 1.1714 
39450 1.1714 
39451 1.1714 
39452 1.17139 
39453 1.17139 
39454 1.17138 
39455 1.17137 
39456 1.17137 
39457 1.17136 
39458 1.17135 
39459 1.17134 
39460 1.17133 
39461 1.17131 
39462 1.17129 
39463 1.17128 
39464 1.17127 
39465 1.17125 
39466 1.17123 
39467 1.17123 
39468 1.17122 
39469 1.17122 
39470 1.17121 
39471 1.17121 
39472 1.17121 
39473 1.1712 
39474 1.1712 
39475 1.17119 
39476 1.17118 
39477 1.17117 
39478 1.17117 
39479 1.17116 
39480 1.17116 
39481 1.17116 
39482 1.17115 
39483 1.17115 
39484 1.17111 
39485 1.17111 
39486 1.17105 
39487 1.17106 
39488 1.17111 
39489 1.17121 
39490 1.17125 
39491 1.17129 
39492 1.17145 
39493 1.17161 
39494 1.17251 
39495 1.17236 
39496 1.17235 
39497 1.17235 
39498 1.17234 
39499 1.17234 
39500 1.17233 
39501 1.17233 
39502 1.17233 
39503 1.17233 
39504 1.17233 
39505 1.17233 
39506 1.17233 
39507 1.17233 
39508 1.17233 
39509 1.17233 
39510 1.17233 
39511 1.17233 
39512 1.17233 
39513 1.17233 
39514 1.17232 
39515 1.17232 
39516 1.17232 
39517 1.17232 
39518 1.17232 
39519 1.17232 
39520 1.17232 
39521 1.17232 
39522 1.17232 
39523 1.17232 
39524 1.17232 
39525 1.17232 
39526 1.17232 
39527 1.17232 
39528 1.17232 
39529 1.17232 
39530 1.17232 
39531 1.17232 
39532 1.17232 
39533 1.17232 
39534 1.17231 
39535 1.17231 
39536 1.17231 
39537 1.17231 
39538 1.17231 
39539 1.17231 
39540 1.17231 
39541 1.17231 
39542 1.17231 
39543 1.17231 
39544 1.17231 
39545 1.17231 
39546 1.17231 
39547 1.17231 
39548 1.17231 
39549 1.17231 
39550 1.1723 
39551 1.1723 
39552 1.1723 
39553 1.1723 
39554 1.1723 
39555 1.1723 
39556 1.1723 
39557 1.1723 
39558 1.1723 
39559 1.17229 
39560 1.17229 
39561 1.17229 
39562 1.17229 
39563 1.17229 
39564 1.17229 
39565 1.17228 
39566 1.17228 
39567 1.17228 
39568 1.17228 
39569 1.17227 
39570 1.17227 
39571 1.17227 
39572 1.17227 
39573 1.17227 
39574 1.17226 
39575 1.17226 
39576 1.17226 
39577 1.17226 
39578 1.17225 
39579 1.17225 
39580 1.17225 
39581 1.17224 
39582 1.17224 
39583 1.17223 
39584 1.17223 
39585 1.17223 
39586 1.17222 
39587 1.17221 
39588 1.17221 
39589 1.1722 
39590 1.17219 
39591 1.17218 
39592 1.17218 
39593 1.17217 
39594 1.17216 
39595 1.17215 
39596 1.17214 
39597 1.17212 
39598 1.1721 
39599 1.1721 
39600 1.1721 
39601 1.17209 
39602 1.17209 
39603 1.17209 
39604 1.17209 
39605 1.17208 
39606 1.17208 
39607 1.17208 
39608 1.17207 
39609 1.17206 
39610 1.17206 
39611 1.17206 
39612 1.17205 
39613 1.17205 
39614 1.17205 
39615 1.17204 
39616 1.17204 
39617 1.17204 
39618 1.17203 
39619 1.17203 
39620 1.17202 
39621 1.17202 
39622 1.172 
39623 1.17199 
39624 1.17195 
39625 1.17195 
39626 1.17194 
39627 1.17184 
39628 1.17184 
39629 1.17185 
39630 1.1719 
39631 1.17202 
39632 1.17209 
39633 1.1722 
39634 1.17241 
39635 1.17271 
39636 1.1726 
39637 1.1726 
39638 1.17259 
39639 1.17259 
39640 1.17259 
39641 1.17258 
39642 1.17256 
39643 1.17256 
39644 1.17256 
39645 1.17256 
39646 1.17255 
39647 1.17255 
39648 1.17255 
39649 1.17255 
39650 1.17255 
39651 1.17255 
39652 1.17255 
39653 1.17255 
39654 1.17255 
39655 1.17255 
39656 1.17255 
39657 1.17255 
39658 1.17255 
39659 1.17255 
39660 1.17255 
39661 1.17255 
39662 1.17255 
39663 1.17255 
39664 1.17255 
39665 1.17255 
39666 1.17254 
39667 1.17254 
39668 1.17254 
39669 1.17254 
39670 1.17254 
39671 1.17254 
39672 1.17254 
39673 1.17254 
39674 1.17254 
39675 1.17254 
39676 1.17254 
39677 1.17254 
39678 1.17254 
39679 1.17254 
39680 1.17254 
39681 1.17254 
39682 1.17253 
39683 1.17253 
39684 1.17253 
39685 1.17253 
39686 1.17253 
39687 1.17253 
39688 1.17253 
39689 1.17253 
39690 1.17253 
39691 1.17253 
39692 1.17253 
39693 1.17253 
39694 1.17253 
39695 1.17252 
39696 1.17252 
39697 1.17252 
39698 1.17252 
39699 1.17252 
39700 1.17252 
39701 1.17252 
39702 1.17252 
39703 1.17251 
39704 1.17251 
39705 1.17251 
39706 1.17251 
39707 1.17251 
39708 1.17251 
39709 1.17251 
39710 1.1725 
39711 1.1725 
39712 1.1725 
39713 1.1725 
39714 1.1725 
39715 1.1725 
39716 1.17249 
39717 1.17249 
39718 1.17249 
39719 1.17249 
39720 1.17248 
39721 1.17248 
39722 1.17247 
39723 1.17247 
39724 1.17246 
39725 1.17246 
39726 1.17245 
39727 1.17245 
39728 1.17244 
39729 1.17243 
39730 1.17242 
39731 1.17241 
39732 1.1724 
39733 1.17239 
39734 1.17238 
39735 1.17237 
39736 1.17236 
39737 1.17235 
39738 1.17235 
39739 1.17235 
39740 1.17235 
39741 1.17235 
39742 1.17234 
39743 1.17234 
39744 1.17234 
39745 1.17233 
39746 1.17233 
39747 1.17233 
39748 1.17233 
39749 1.17232 
39750 1.17232 
39751 1.17231 
39752 1.17231 
39753 1.17231 
39754 1.1723 
39755 1.17228 
39756 1.17228 
39757 1.17227 
39758 1.17226 
39759 1.17226 
39760 1.17225 
39761 1.17225 
39762 1.17225 
39763 1.17225 
39764 1.17225 
39765 1.17225 
39766 1.17224 
39767 1.17222 
39768 1.17221 
39769 1.17219 
39770 1.17219 
39771 1.17219 
39772 1.17219 
39773 1.17219 
39774 1.1722 
39775 1.17227 
39776 1.17252 
39777 1.17257 
39778 1.17306 
39779 1.17308 
39780 1.17317 
39781 1.17399 
39782 1.17381 
39783 1.17381 
39784 1.17381 
39785 1.17381 
39786 1.17381 
39787 1.17381 
39788 1.17381 
39789 1.17381 
39790 1.17381 
39791 1.17381 
39792 1.17381 
39793 1.17381 
39794 1.1738 
39795 1.1738 
39796 1.1738 
39797 1.1738 
39798 1.1738 
39799 1.1738 
39800 1.1738 
39801 1.1738 
39802 1.1738 
39803 1.1738 
39804 1.1738 
39805 1.1738 
39806 1.1738 
39807 1.17379 
39808 1.17379 
39809 1.17379 
39810 1.17379 
39811 1.17379 
39812 1.17379 
39813 1.17379 
39814 1.17379 
39815 1.17379 
39816 1.17379 
39817 1.17379 
39818 1.17379 
39819 1.17379 
39820 1.17379 
39821 1.17378 
39822 1.17378 
39823 1.17378 
39824 1.17378 
39825 1.17378 
39826 1.17378 
39827 1.17378 
39828 1.17378 
39829 1.17378 
39830 1.17378 
39831 1.17377 
39832 1.17377 
39833 1.17377 
39834 1.17377 
39835 1.17377 
39836 1.17377 
39837 1.17377 
39838 1.17377 
39839 1.17377 
39840 1.17376 
39841 1.17376 
39842 1.17376 
39843 1.17376 
39844 1.17376 
39845 1.17376 
39846 1.17376 
39847 1.17375 
39848 1.17375 
39849 1.17375 
39850 1.17375 
39851 1.17375 
39852 1.17375 
39853 1.17375 
39854 1.17374 
39855 1.17374 
39856 1.17374 
39857 1.17374 
39858 1.17373 
39859 1.17373 
39860 1.17372 
39861 1.17372 
39862 1.17372 
39863 1.17371 
39864 1.1737 
39865 1.17369 
39866 1.17368 
39867 1.17367 
39868 1.17366 
39869 1.17365 
39870 1.17364 
39871 1.17362 
39872 1.17362 
39873 1.17361 
39874 1.1736 
39875 1.17359 
39876 1.17359 
39877 1.17358 
39878 1.17357 
39879 1.17357 
39880 1.17356 
39881 1.17356 
39882 1.17356 
39883 1.17355 
39884 1.17355 
39885 1.17355 
39886 1.17354 
39887 1.17354 
39888 1.17353 
39889 1.17353 
39890 1.17353 
39891 1.17352 
39892 1.17352 
39893 1.17351 
39894 1.17351 
39895 1.17351 
39896 1.1735 
39897 1.1735 
39898 1.1735 
39899 1.17348 
39900 1.17347 
39901 1.17345 
39902 1.17344 
39903 1.17341 
39904 1.17341 
39905 1.1734 
39906 1.17338 
39907 1.17334 
39908 1.17334 
39909 1.17333 
39910 1.17332 
39911 1.17332 
39912 1.17331 
39913 1.17331 
39914 1.17331 
39915 1.1733 
39916 1.17337 
39917 1.17337 
39918 1.17339 
39919 1.17351 
39920 1.17385 
39921 1.17391 
39922 1.17399 
39923 1.17423 
39924 1.17416 
39925 1.17411 
39926 1.17409 
39927 1.17408 
39928 1.17407 
39929 1.17407 
39930 1.17406 
39931 1.17406 
39932 1.17406 
39933 1.17406 
39934 1.17406 
39935 1.17405 
39936 1.17405 
39937 1.17405 
39938 1.17405 
39939 1.17405 
39940 1.17404 
39941 1.17404 
39942 1.17404 
39943 1.17404 
39944 1.17403 
39945 1.17403 
39946 1.17403 
39947 1.17403 
39948 1.17402 
39949 1.17402 
39950 1.17402 
39951 1.17402 
39952 1.17401 
39953 1.17401 
39954 1.174 
39955 1.174 
39956 1.174 
39957 1.174 
39958 1.17399 
39959 1.17398 
39960 1.17398 
39961 1.17397 
39962 1.17396 
39963 1.17395 
39964 1.17395 
39965 1.17394 
39966 1.17393 
39967 1.17392 
39968 1.17391 
39969 1.1739 
39970 1.17389 
39971 1.17389 
39972 1.17388 
39973 1.17387 
39974 1.17386 
39975 1.17386 
39976 1.17385 
39977 1.17385 
39978 1.17384 
39979 1.17384 
39980 1.17384 
39981 1.17383 
39982 1.17383 
39983 1.17383 
39984 1.17383 
39985 1.17382 
39986 1.17382 
39987 1.17381 
39988 1.17381 
39989 1.17381 
39990 1.17381 
39991 1.17379 
39992 1.17378 
39993 1.17375 
39994 1.17373 
39995 1.17371 
39996 1.17369 
39997 1.17369 
39998 1.17368 
39999 1.17368 
40000 1.17362 
40001 1.17362 
40002 1.17367 
40003 1.17383 
40004 1.1743 
40005 1.17432 
40006 1.17439 
40007 1.17583 
40008 1.17584 
40009 1.17622 
40010 1.17608 
40011 1.17608 
40012 1.17608 
40013 1.17608 
40014 1.17607 
40015 1.17607 
40016 1.17607 
40017 1.17607 
40018 1.17607 
40019 1.17607 
40020 1.17607 
40021 1.17607 
40022 1.17607 
40023 1.17607 
40024 1.17607 
40025 1.17607 
40026 1.17607 
40027 1.17607 
40028 1.17607 
40029 1.17607 
40030 1.17607 
40031 1.17607 
40032 1.17607 
40033 1.17607 
40034 1.17607 
40035 1.17607 
40036 1.17607 
40037 1.17606 
40038 1.17606 
40039 1.17606 
40040 1.17606 
40041 1.17606 
40042 1.17606 
40043 1.17606 
40044 1.17606 
40045 1.17606 
40046 1.17606 
40047 1.17606 
40048 1.17606 
40049 1.17606 
40050 1.17606 
40051 1.17606 
40052 1.17606 
40053 1.17606 
40054 1.17606 
40055 1.17605 
40056 1.17605 
40057 1.17605 
40058 1.17605 
40059 1.17605 
40060 1.17605 
40061 1.17605 
40062 1.17605 
40063 1.17605 
40064 1.17605 
40065 1.17605 
40066 1.17605 
40067 1.17605 
40068 1.17604 
40069 1.17604 
40070 1.17604 
40071 1.17604 
40072 1.17604 
40073 1.17604 
40074 1.17604 
40075 1.17604 
40076 1.17604 
40077 1.17604 
40078 1.17604 
40079 1.17604 
40080 1.17604 
40081 1.17603 
40082 1.17603 
40083 1.17603 
40084 1.17603 
40085 1.17603 
40086 1.17603 
40087 1.17603 
40088 1.17603 
40089 1.17602 
40090 1.17602 
40091 1.17602 
40092 1.17602 
40093 1.17602 
40094 1.17602 
40095 1.17601 
40096 1.17601 
40097 1.17601 
40098 1.17601 
40099 1.176 
40100 1.176 
40101 1.176 
40102 1.176 
40103 1.17599 
40104 1.17599 
40105 1.17598 
40106 1.17598 
40107 1.17598 
40108 1.17597 
40109 1.17597 
40110 1.17596 
40111 1.17596 
40112 1.17596 
40113 1.17595 
40114 1.17594 
40115 1.17593 
40116 1.17592 
40117 1.17591 
40118 1.1759 
40119 1.17589 
40120 1.17587 
40121 1.17587 
40122 1.17587 
40123 1.17587 
40124 1.17586 
40125 1.17586 
40126 1.17586 
40127 1.17585 
40128 1.17585 
40129 1.17585 
40130 1.17584 
40131 1.17584 
40132 1.17583 
40133 1.17583 
40134 1.17582 
40135 1.17582 
40136 1.17581 
40137 1.1758 
40138 1.1758 
40139 1.17579 
40140 1.17578 
40141 1.17576 
40142 1.17574 
40143 1.17573 
40144 1.17571 
40145 1.17571 
40146 1.1757 
40147 1.1757 
40148 1.17567 
40149 1.17566 
40150 1.17564 
40151 1.17563 
40152 1.17563 
40153 1.17563 
40154 1.17563 
40155 1.17563 
40156 1.17562 
40157 1.17561 
40158 1.17561 
40159 1.17561 
40160 1.1756 
40161 1.1756 
40162 1.1756 
40163 1.1756 
40164 1.17562 
40165 1.17572 
40166 1.17628 
40167 1.17632 
40168 1.17709 
40169 1.17732 
40170 1.17804 
40171 1.17785 
40172 1.17785 
40173 1.17785 
40174 1.17785 
40175 1.17785 
40176 1.17785 
40177 1.17785 
40178 1.17785 
40179 1.17785 
40180 1.17785 
40181 1.17784 
40182 1.17784 
40183 1.17784 
40184 1.17784 
40185 1.17784 
40186 1.17784 
40187 1.17784 
40188 1.17784 
40189 1.17784 
40190 1.17784 
40191 1.17784 
40192 1.17784 
40193 1.17783 
40194 1.17783 
40195 1.17783 
40196 1.17783 
40197 1.17783 
40198 1.17783 
40199 1.17783 
40200 1.17783 
40201 1.17783 
40202 1.17782 
40203 1.17782 
40204 1.17782 
40205 1.17782 
40206 1.17782 
40207 1.17782 
40208 1.17782 
40209 1.17781 
40210 1.17781 
40211 1.17781 
40212 1.17781 
40213 1.17781 
40214 1.17781 
40215 1.17781 
40216 1.1778 
40217 1.1778 
40218 1.1778 
40219 1.1778 
40220 1.1778 
40221 1.17779 
40222 1.17779 
40223 1.17779 
40224 1.17778 
40225 1.17778 
40226 1.17777 
40227 1.17777 
40228 1.17777 
40229 1.17777 
40230 1.17776 
40231 1.17776 
40232 1.17776 
40233 1.17775 
40234 1.17775 
40235 1.17774 
40236 1.17774 
40237 1.17774 
40238 1.17773 
40239 1.17772 
40240 1.17772 
40241 1.17771 
40242 1.1777 
40243 1.1777 
40244 1.17769 
40245 1.17768 
40246 1.17767 
40247 1.17767 
40248 1.17766 
40249 1.17766 
40250 1.17766 
40251 1.17766 
40252 1.17766 
40253 1.17765 
40254 1.17765 
40255 1.17765 
40256 1.17765 
40257 1.17765 
40258 1.17764 
40259 1.17764 
40260 1.17764 
40261 1.17764 
40262 1.17763 
40263 1.17763 
40264 1.17763 
40265 1.17763 
40266 1.17762 
40267 1.17762 
40268 1.17761 
40269 1.17761 
40270 1.1776 
40271 1.17758 
40272 1.17757 
40273 1.17756 
40274 1.17755 
40275 1.17755 
40276 1.17754 
40277 1.17754 
40278 1.17754 
40279 1.17753 
40280 1.17753 
40281 1.17752 
40282 1.17752 
40283 1.17754 
40284 1.17763 
40285 1.17778 
40286 1.17802 
40287 1.17814 
40288 1.17859 
40289 1.17843 
40290 1.17842 
40291 1.17842 
40292 1.17842 
40293 1.17842 
40294 1.17842 
40295 1.17841 
40296 1.17841 
40297 1.17841 
40298 1.17841 
40299 1.17841 
40300 1.17841 
40301 1.17841 
40302 1.17841 
40303 1.17841 
40304 1.17841 
40305 1.17841 
40306 1.17841 
40307 1.17841 
40308 1.17841 
40309 1.17841 
40310 1.17841 
40311 1.1784 
40312 1.1784 
40313 1.1784 
40314 1.1784 
40315 1.1784 
40316 1.1784 
40317 1.1784 
40318 1.1784 
40319 1.1784 
40320 1.1784 
40321 1.1784 
40322 1.1784 
40323 1.1784 
40324 1.1784 
40325 1.1784 
40326 1.1784 
40327 1.1784 
40328 1.1784 
40329 1.1784 
40330 1.1784 
40331 1.17839 
40332 1.17839 
40333 1.17839 
40334 1.17839 
40335 1.17839 
40336 1.17839 
40337 1.17839 
40338 1.17839 
40339 1.17839 
40340 1.17839 
40341 1.17839 
40342 1.17838 
40343 1.17838 
40344 1.17838 
40345 1.17838 
40346 1.17838 
40347 1.17838 
40348 1.17838 
40349 1.17838 
40350 1.17838 
40351 1.17838 
40352 1.17837 
40353 1.17837 
40354 1.17837 
40355 1.17837 
40356 1.17837 
40357 1.17837 
40358 1.17837 
40359 1.17837 
40360 1.17837 
40361 1.17836 
40362 1.17836 
40363 1.17836 
40364 1.17836 
40365 1.17836 
40366 1.17836 
40367 1.17836 
40368 1.17835 
40369 1.17835 
40370 1.17835 
40371 1.17835 
40372 1.17835 
40373 1.17834 
40374 1.17834 
40375 1.17833 
40376 1.17833 
40377 1.17833 
40378 1.17833 
40379 1.17833 
40380 1.17832 
40381 1.17831 
40382 1.1783 
40383 1.1783 
40384 1.17829 
40385 1.17829 
40386 1.17827 
40387 1.17827 
40388 1.17826 
40389 1.17825 
40390 1.17825 
40391 1.17824 
40392 1.17824 
40393 1.17824 
40394 1.17823 
40395 1.17823 
40396 1.17823 
40397 1.17823 
40398 1.17822 
40399 1.17822 
40400 1.1782 
40401 1.17818 
40402 1.17816 
40403 1.17815 
40404 1.1781 
40405 1.17806 
40406 1.17806 
40407 1.17806 
40408 1.17806 
40409 1.17806 
40410 1.17812 
40411 1.1782 
40412 1.17823 
40413 1.17836 
40414 1.17869 
40415 1.17888 
40416 1.17972 
40417 1.18043 
40418 1.18177 
40419 1.18159 
40420 1.18159 
40421 1.18159 
40422 1.18159 
40423 1.18159 
40424 1.18159 
40425 1.18159 
40426 1.18159 
40427 1.18159 
40428 1.18159 
40429 1.18159 
40430 1.18158 
40431 1.18158 
40432 1.18158 
40433 1.18158 
40434 1.18158 
40435 1.18158 
40436 1.18158 
40437 1.18158 
40438 1.18158 
40439 1.18158 
40440 1.18158 
40441 1.18158 
40442 1.18158 
40443 1.18158 
40444 1.18158 
40445 1.18158 
40446 1.18158 
40447 1.18158 
40448 1.18158 
40449 1.18157 
40450 1.18157 
40451 1.18157 
40452 1.18157 
40453 1.18157 
40454 1.18157 
40455 1.18157 
40456 1.18157 
40457 1.18157 
40458 1.18157 
40459 1.18157 
40460 1.18157 
40461 1.18157 
40462 1.18157 
40463 1.18157 
40464 1.18157 
40465 1.18157 
40466 1.18156 
40467 1.18156 
40468 1.18156 
40469 1.18156 
40470 1.18156 
40471 1.18156 
40472 1.18156 
40473 1.18156 
40474 1.18156 
40475 1.18156 
40476 1.18156 
40477 1.18156 
40478 1.18156 
40479 1.18155 
40480 1.18155 
40481 1.18155 
40482 1.18155 
40483 1.18155 
40484 1.18155 
40485 1.18155 
40486 1.18155 
40487 1.18155 
40488 1.18155 
40489 1.18155 
40490 1.18154 
40491 1.18154 
40492 1.18154 
40493 1.18154 
40494 1.18154 
40495 1.18154 
40496 1.18154 
40497 1.18154 
40498 1.18153 
40499 1.18153 
40500 1.18153 
40501 1.18153 
40502 1.18153 
40503 1.18153 
40504 1.18152 
40505 1.18152 
40506 1.18152 
40507 1.18152 
40508 1.18152 
40509 1.18152 
40510 1.18152 
40511 1.18151 
40512 1.18151 
40513 1.18151 
40514 1.1815 
40515 1.1815 
40516 1.1815 
40517 1.1815 
40518 1.18149 
40519 1.18149 
40520 1.18149 
40521 1.18149 
40522 1.18148 
40523 1.18148 
40524 1.18148 
40525 1.18147 
40526 1.18147 
40527 1.18147 
40528 1.18146 
40529 1.18146 
40530 1.18146 
40531 1.18145 
40532 1.18145 
40533 1.18144 
40534 1.18143 
40535 1.18142 
40536 1.18141 
40537 1.18141 
40538 1.18139 
40539 1.18139 
40540 1.18139 
40541 1.18138 
40542 1.18133 
40543 1.18129 
40544 1.18128 
40545 1.18123 
40546 1.18123 
40547 1.18123 
40548 1.18124 
40549 1.1813 
40550 1.18139 
40551 1.18162 
40552 1.18177 
40553 1.18196 
40554 1.1818 
40555 1.1818 
40556 1.18179 
40557 1.18178 
40558 1.18178 
40559 1.18178 
40560 1.18177 
40561 1.18177 
40562 1.18177 
40563 1.18177 
40564 1.18177 
40565 1.18177 
40566 1.18177 
40567 1.18177 
40568 1.18177 
40569 1.18177 
40570 1.18177 
40571 1.18177 
40572 1.18177 
40573 1.18176 
40574 1.18176 
40575 1.18176 
40576 1.18176 
40577 1.18176 
40578 1.18176 
40579 1.18176 
40580 1.18176 
40581 1.18176 
40582 1.18176 
40583 1.18176 
40584 1.18176 
40585 1.18176 
40586 1.18176 
40587 1.18176 
40588 1.18175 
40589 1.18175 
40590 1.18175 
40591 1.18175 
40592 1.18175 
40593 1.18175 
40594 1.18175 
40595 1.18175 
40596 1.18175 
40597 1.18175 
40598 1.18175 
40599 1.18175 
40600 1.18175 
40601 1.18175 
40602 1.18175 
40603 1.18174 
40604 1.18174 
40605 1.18174 
40606 1.18174 
40607 1.18174 
40608 1.18174 
40609 1.18174 
40610 1.18174 
40611 1.18174 
40612 1.18174 
40613 1.18174 
40614 1.18174 
40615 1.18174 
40616 1.18173 
40617 1.18173 
40618 1.18173 
40619 1.18173 
40620 1.18173 
40621 1.18173 
40622 1.18173 
40623 1.18173 
40624 1.18173 
40625 1.18173 
40626 1.18173 
40627 1.18173 
40628 1.18173 
40629 1.18173 
40630 1.18172 
40631 1.18172 
40632 1.18172 
40633 1.18172 
40634 1.18172 
40635 1.18172 
40636 1.18172 
40637 1.18172 
40638 1.18171 
40639 1.18171 
40640 1.18171 
40641 1.18171 
40642 1.18171 
40643 1.18171 
40644 1.18171 
40645 1.1817 
40646 1.1817 
40647 1.1817 
40648 1.1817 
40649 1.18169 
40650 1.18169 
40651 1.18168 
40652 1.18168 
40653 1.18168 
40654 1.18168 
40655 1.18167 
40656 1.18167 
40657 1.18166 
40658 1.18166 
40659 1.18166 
40660 1.18166 
40661 1.18165 
40662 1.18164 
40663 1.18164 
40664 1.18164 
40665 1.18163 
40666 1.18163 
40667 1.18163 
40668 1.18162 
40669 1.18162 
40670 1.18162 
40671 1.18161 
40672 1.18161 
40673 1.18161 
40674 1.18159 
40675 1.18159 
40676 1.18158 
40677 1.18158 
40678 1.18157 
40679 1.18157 
40680 1.18157 
40681 1.18157 
40682 1.18156 
40683 1.18156 
40684 1.18156 
40685 1.18156 
40686 1.18153 
40687 1.18149 
40688 1.18145 
40689 1.18142 
40690 1.18141 
40691 1.1814 
40692 1.18141 
40693 1.18141 
40694 1.18154 
40695 1.18245 
40696 1.18244 
40697 1.18243 
40698 1.18243 
40699 1.18242 
40700 1.18241 
40701 1.1824 
40702 1.18231 
40703 1.18228 
40704 1.18224 
40705 1.18223 
40706 1.18223 
40707 1.18223 
40708 1.18222 
40709 1.18222 
40710 1.18222 
40711 1.18222 
40712 1.18222 
40713 1.18222 
40714 1.18222 
40715 1.18221 
40716 1.18221 
40717 1.18221 
40718 1.18221 
40719 1.18221 
40720 1.18221 
40721 1.18221 
40722 1.18221 
40723 1.1822 
40724 1.1822 
40725 1.1822 
40726 1.1822 
40727 1.1822 
40728 1.1822 
40729 1.1822 
40730 1.18219 
40731 1.18219 
40732 1.18219 
40733 1.18219 
40734 1.18219 
40735 1.18219 
40736 1.18218 
40737 1.18218 
40738 1.18218 
40739 1.18218 
40740 1.18218 
40741 1.18217 
40742 1.18217 
40743 1.18217 
40744 1.18217 
40745 1.18216 
40746 1.18216 
40747 1.18216 
40748 1.18215 
40749 1.18215 
40750 1.18214 
40751 1.18214 
40752 1.18213 
40753 1.18213 
40754 1.18213 
40755 1.18212 
40756 1.18212 
40757 1.18211 
40758 1.1821 
40759 1.1821 
40760 1.18209 
40761 1.18209 
40762 1.18207 
40763 1.18207 
40764 1.18206 
40765 1.18206 
40766 1.18206 
40767 1.18206 
40768 1.18206 
40769 1.18206 
40770 1.18205 
40771 1.18201 
40772 1.18197 
40773 1.18197 
40774 1.18195 
40775 1.18196 
40776 1.18196 
40777 1.18196 
40778 1.18201 
40779 1.18221 
40780 1.18223 
40781 1.18245 
40782 1.1823 
40783 1.1823 
40784 1.1823 
40785 1.18229 
40786 1.18228 
40787 1.18228 
40788 1.18228 
40789 1.18228 
40790 1.18228 
40791 1.18228 
40792 1.18227 
40793 1.18227 
40794 1.18227 
40795 1.18227 
40796 1.18227 
40797 1.18227 
40798 1.18227 
40799 1.18227 
40800 1.18227 
40801 1.18227 
40802 1.18227 
40803 1.18227 
40804 1.18227 
40805 1.18227 
40806 1.18227 
40807 1.18226 
40808 1.18226 
40809 1.18226 
40810 1.18226 
40811 1.18226 
40812 1.18226 
40813 1.18226 
40814 1.18226 
40815 1.18226 
40816 1.18226 
40817 1.18226 
40818 1.18226 
40819 1.18226 
40820 1.18226 
40821 1.18226 
40822 1.18226 
40823 1.18225 
40824 1.18225 
40825 1.18225 
40826 1.18225 
40827 1.18225 
40828 1.18225 
40829 1.18225 
40830 1.18225 
40831 1.18225 
40832 1.18225 
40833 1.18225 
40834 1.18225 
40835 1.18224 
40836 1.18224 
40837 1.18224 
40838 1.18224 
40839 1.18224 
40840 1.18224 
40841 1.18224 
40842 1.18224 
40843 1.18224 
40844 1.18224 
40845 1.18223 
40846 1.18223 
40847 1.18223 
40848 1.18223 
40849 1.18223 
40850 1.18223 
40851 1.18223 
40852 1.18222 
40853 1.18222 
40854 1.18222 
40855 1.18222 
40856 1.18222 
40857 1.18222 
40858 1.18221 
40859 1.18221 
40860 1.1822 
40861 1.1822 
40862 1.18219 
40863 1.18219 
40864 1.18218 
40865 1.18218 
40866 1.18218 
40867 1.18217 
40868 1.18216 
40869 1.18216 
40870 1.18216 
40871 1.18215 
40872 1.18214 
40873 1.18213 
40874 1.18212 
40875 1.18212 
40876 1.18211 
40877 1.18211 
40878 1.1821 
40879 1.1821 
40880 1.1821 
40881 1.18209 
40882 1.18209 
40883 1.18209 
40884 1.18207 
40885 1.18204 
40886 1.18201 
40887 1.182 
40888 1.18199 
40889 1.18199 
40890 1.18198 
40891 1.18198 
40892 1.18198 
40893 1.18198 
40894 1.18203 
40895 1.18223 
40896 1.18223 
40897 1.18223 
40898 1.18232 
40899 1.18274 
40900 1.18273 
40901 1.18278 
40902 1.18261 
40903 1.18261 
40904 1.18261 
40905 1.1826 
40906 1.1826 
40907 1.18258 
40908 1.18258 
40909 1.18257 
40910 1.18257 
40911 1.18256 
40912 1.18256 
40913 1.18256 
40914 1.18256 
40915 1.18255 
40916 1.18255 
40917 1.18255 
40918 1.18254 
40919 1.18254 
40920 1.18254 
40921 1.18253 
40922 1.18253 
40923 1.18252 
40924 1.18252 
40925 1.18251 
40926 1.18251 
40927 1.1825 
40928 1.1825 
40929 1.18249 
40930 1.18248 
40931 1.18247 
40932 1.18245 
40933 1.18245 
40934 1.18244 
40935 1.18243 
40936 1.18241 
40937 1.18241 
40938 1.1824 
40939 1.18239 
40940 1.18238 
40941 1.18237 
40942 1.18237 
40943 1.18237 
40944 1.18237 
40945 1.18236 
40946 1.18236 
40947 1.18235 
40948 1.18235 
40949 1.18235 
40950 1.18235 
40951 1.18234 
40952 1.18234 
40953 1.18234 
40954 1.18233 
40955 1.18232 
40956 1.1823 
40957 1.18227 
40958 1.18221 
40959 1.18221 
40960 1.1822 
40961 1.18218 
40962 1.18216 
40963 1.18216 
40964 1.18216 
40965 1.1822 
40966 1.18229 
40967 1.18253 
40968 1.18304 
40969 1.18307 
40970 1.18296 
40971 1.18286 
40972 1.18285 
40973 1.18284 
40974 1.18282 
40975 1.1828 
40976 1.18278 
40977 1.18276 
40978 1.18273 
40979 1.18269 
40980 1.18266 
40981 1.18265 
40982 1.18264 
40983 1.18263 
40984 1.18262 
40985 1.1826 
40986 1.18259 
40987 1.18258 
40988 1.18256 
40989 1.18255 
40990 1.18254 
40991 1.18251 
40992 1.18251 
40993 1.18251 
40994 1.18251 
40995 1.18251 
40996 1.18251 
40997 1.1825 
40998 1.18247 
40999 1.18247 
41000 1.18249 
41001 1.18256 
41002 1.18281 
41003 1.18284 
41004 1.18352 
41005 1.18325 
41006 1.18325 
41007 1.18325 
41008 1.18325 
41009 1.18325 
41010 1.18325 
41011 1.18325 
41012 1.18324 
41013 1.18324 
41014 1.18324 
41015 1.18324 
41016 1.18324 
41017 1.18324 
41018 1.18324 
41019 1.18324 
41020 1.18323 
41021 1.18323 
41022 1.18323 
41023 1.18323 
41024 1.18323 
41025 1.18323 
41026 1.18323 
41027 1.18323 
41028 1.18323 
41029 1.18323 
41030 1.18323 
41031 1.18323 
41032 1.18322 
41033 1.18322 
41034 1.18322 
41035 1.18322 
41036 1.18322 
41037 1.18322 
41038 1.18322 
41039 1.18322 
41040 1.18322 
41041 1.18322 
41042 1.18322 
41043 1.18322 
41044 1.18321 
41045 1.18321 
41046 1.18321 
41047 1.18321 
41048 1.18321 
41049 1.18321 
41050 1.18321 
41051 1.18321 
41052 1.18321 
41053 1.18321 
41054 1.18321 
41055 1.18321 
41056 1.18321 
41057 1.1832 
41058 1.1832 
41059 1.1832 
41060 1.1832 
41061 1.1832 
41062 1.1832 
41063 1.1832 
41064 1.1832 
41065 1.1832 
41066 1.18319 
41067 1.18319 
41068 1.18319 
41069 1.18319 
41070 1.18319 
41071 1.18319 
41072 1.18319 
41073 1.18319 
41074 1.18319 
41075 1.18318 
41076 1.18318 
41077 1.18318 
41078 1.18318 
41079 1.18318 
41080 1.18318 
41081 1.18318 
41082 1.18318 
41083 1.18317 
41084 1.18317 
41085 1.18317 
41086 1.18317 
41087 1.18317 
41088 1.18317 
41089 1.18316 
41090 1.18316 
41091 1.18315 
41092 1.18315 
41093 1.18314 
41094 1.18314 
41095 1.18313 
41096 1.18312 
41097 1.18311 
41098 1.18311 
41099 1.1831 
41100 1.1831 
41101 1.18309 
41102 1.18309 
41103 1.18308 
41104 1.18308 
41105 1.18308 
41106 1.18307 
41107 1.18306 
41108 1.18306 
41109 1.18304 
41110 1.18303 
41111 1.18302 
41112 1.18301 
41113 1.183 
41114 1.183 
41115 1.18298 
41116 1.18297 
41117 1.18297 
41118 1.18296 
41119 1.18296 
41120 1.18295 
41121 1.18294 
41122 1.18294 
41123 1.18294 
41124 1.18293 
41125 1.18292 
41126 1.18292 
41127 1.18291 
41128 1.1829 
41129 1.1829 
41130 1.18289 
41131 1.18289 
41132 1.18288 
41133 1.18288 
41134 1.18287 
41135 1.18286 
41136 1.18285 
41137 1.18285 
41138 1.18284 
41139 1.18282 
41140 1.18279 
41141 1.18278 
41142 1.18275 
41143 1.18274 
41144 1.18273 
41145 1.18271 
41146 1.18271 
41147 1.18269 
41148 1.18268 
41149 1.18268 
41150 1.18267 
41151 1.18265 
41152 1.18263 
41153 1.18263 
41154 1.18263 
41155 1.18263 
41156 1.18264 
41157 1.18265 
41158 1.18268 
41159 1.18275 
41160 1.18285 
41161 1.18311 
41162 1.18362 
41163 1.18342 
41164 1.18342 
41165 1.18342 
41166 1.18341 
41167 1.18336 
41168 1.18335 
41169 1.18335 
41170 1.18335 
41171 1.18335 
41172 1.18335 
41173 1.18335 
41174 1.18335 
41175 1.18335 
41176 1.18335 
41177 1.18335 
41178 1.18335 
41179 1.18334 
41180 1.18334 
41181 1.18334 
41182 1.18334 
41183 1.18334 
41184 1.18334 
41185 1.18334 
41186 1.18334 
41187 1.18334 
41188 1.18334 
41189 1.18334 
41190 1.18334 
41191 1.18334 
41192 1.18333 
41193 1.18333 
41194 1.18333 
41195 1.18333 
41196 1.18333 
41197 1.18333 
41198 1.18333 
41199 1.18333 
41200 1.18333 
41201 1.18333 
41202 1.18333 
41203 1.18333 
41204 1.18333 
41205 1.18333 
41206 1.18332 
41207 1.18332 
41208 1.18332 
41209 1.18332 
41210 1.18332 
41211 1.18332 
41212 1.18332 
41213 1.18332 
41214 1.18332 
41215 1.18332 
41216 1.18332 
41217 1.18332 
41218 1.18332 
41219 1.18331 
41220 1.18331 
41221 1.18331 
41222 1.18331 
41223 1.18331 
41224 1.18331 
41225 1.18331 
41226 1.18331 
41227 1.18331 
41228 1.18331 
41229 1.1833 
41230 1.1833 
41231 1.1833 
41232 1.1833 
41233 1.1833 
41234 1.1833 
41235 1.1833 
41236 1.1833 
41237 1.1833 
41238 1.1833 
41239 1.18329 
41240 1.18329 
41241 1.18329 
41242 1.18329 
41243 1.18329 
41244 1.18329 
41245 1.18329 
41246 1.18328 
41247 1.18328 
41248 1.18328 
41249 1.18328 
41250 1.18328 
41251 1.18328 
41252 1.18327 
41253 1.18327 
41254 1.18327 
41255 1.18326 
41256 1.18326 
41257 1.18326 
41258 1.18326 
41259 1.18326 
41260 1.18325 
41261 1.18325 
41262 1.18325 
41263 1.18324 
41264 1.18324 
41265 1.18323 
41266 1.18322 
41267 1.18321 
41268 1.1832 
41269 1.18319 
41270 1.18319 
41271 1.18318 
41272 1.18317 
41273 1.18316 
41274 1.18315 
41275 1.18314 
41276 1.18313 
41277 1.18313 
41278 1.18312 
41279 1.18312 
41280 1.18305 
41281 1.18304 
41282 1.18301 
41283 1.183 
41284 1.18299 
41285 1.18297 
41286 1.18293 
41287 1.1829 
41288 1.18289 
41289 1.18286 
41290 1.18284 
41291 1.18283 
41292 1.18282 
41293 1.18282 
41294 1.18282 
41295 1.18277 
41296 1.18277 
41297 1.18274 
41298 1.18274 
41299 1.18273 
41300 1.18272 
41301 1.18272 
41302 1.18272 
41303 1.18272 
41304 1.18276 
41305 1.18284 
41306 1.18301 
41307 1.18324 
41308 1.18307 
41309 1.18307 
41310 1.18307 
41311 1.18307 
41312 1.18307 
41313 1.18307 
41314 1.18307 
41315 1.18307 
41316 1.18307 
41317 1.18306 
41318 1.18306 
41319 1.18306 
41320 1.18306 
41321 1.18306 
41322 1.18306 
41323 1.18306 
41324 1.18306 
41325 1.18306 
41326 1.18306 
41327 1.18306 
41328 1.18306 
41329 1.18306 
41330 1.18306 
41331 1.18306 
41332 1.18305 
41333 1.18305 
41334 1.18305 
41335 1.18305 
41336 1.18305 
41337 1.18305 
41338 1.18305 
41339 1.18305 
41340 1.18305 
41341 1.18305 
41342 1.18305 
41343 1.18305 
41344 1.18305 
41345 1.18305 
41346 1.18304 
41347 1.18304 
41348 1.18304 
41349 1.18304 
41350 1.18304 
41351 1.18304 
41352 1.18304 
41353 1.18304 
41354 1.18304 
41355 1.18304 
41356 1.18304 
41357 1.18304 
41358 1.18303 
41359 1.18303 
41360 1.18303 
41361 1.18303 
41362 1.18303 
41363 1.18303 
41364 1.18303 
41365 1.18302 
41366 1.18302 
41367 1.18302 
41368 1.18302 
41369 1.18302 
41370 1.18302 
41371 1.18301 
41372 1.18301 
41373 1.18301 
41374 1.18301 
41375 1.18301 
41376 1.183 
41377 1.183 
41378 1.183 
41379 1.18299 
41380 1.18299 
41381 1.18299 
41382 1.18298 
41383 1.18297 
41384 1.18297 
41385 1.18296 
41386 1.18296 
41387 1.18295 
41388 1.18295 
41389 1.18294 
41390 1.18294 
41391 1.18293 
41392 1.18293 
41393 1.18292 
41394 1.18291 
41395 1.18291 
41396 1.1829 
41397 1.1829 
41398 1.1829 
41399 1.18289 
41400 1.18288 
41401 1.18288 
41402 1.18288 
41403 1.18287 
41404 1.18287 
41405 1.18287 
41406 1.18287 
41407 1.18286 
41408 1.18286 
41409 1.18285 
41410 1.18285 
41411 1.18285 
41412 1.18284 
41413 1.18284 
41414 1.18283 
41415 1.18282 
41416 1.18282 
41417 1.18281 
41418 1.1828 
41419 1.18279 
41420 1.18278 
41421 1.18278 
41422 1.18277 
41423 1.18275 
41424 1.18275 
41425 1.18274 
41426 1.18272 
41427 1.18272 
41428 1.1827 
41429 1.1827 
41430 1.18268 
41431 1.18266 
41432 1.18265 
41433 1.18265 
41434 1.18272 
41435 1.18289 
41436 1.18307 
41437 1.18307 
41438 1.18307 
41439 1.18294 
41440 1.18294 
41441 1.1829 
41442 1.18289 
41443 1.18288 
41444 1.18288 
41445 1.18288 
41446 1.18288 
41447 1.18288 
41448 1.18288 
41449 1.18287 
41450 1.18287 
41451 1.18287 
41452 1.18287 
41453 1.18287 
41454 1.18287 
41455 1.18287 
41456 1.18287 
41457 1.18287 
41458 1.18287 
41459 1.18287 
41460 1.18286 
41461 1.18286 
41462 1.18286 
41463 1.18286 
41464 1.18286 
41465 1.18286 
41466 1.18286 
41467 1.18286 
41468 1.18286 
41469 1.18286 
41470 1.18286 
41471 1.18285 
41472 1.18285 
41473 1.18285 
41474 1.18285 
41475 1.18285 
41476 1.18285 
41477 1.18285 
41478 1.18285 
41479 1.18284 
41480 1.18284 
41481 1.18284 
41482 1.18284 
41483 1.18284 
41484 1.18284 
41485 1.18284 
41486 1.18284 
41487 1.18283 
41488 1.18283 
41489 1.18283 
41490 1.18283 
41491 1.18283 
41492 1.18283 
41493 1.18282 
41494 1.18282 
41495 1.18282 
41496 1.18282 
41497 1.18281 
41498 1.18281 
41499 1.18281 
41500 1.18281 
41501 1.1828 
41502 1.1828 
41503 1.18279 
41504 1.18278 
41505 1.18278 
41506 1.18278 
41507 1.18277 
41508 1.18277 
41509 1.18276 
41510 1.18276 
41511 1.18275 
41512 1.18275 
41513 1.18274 
41514 1.18274 
41515 1.18272 
41516 1.18272 
41517 1.18269 
41518 1.18267 
41519 1.18266 
41520 1.18264 
41521 1.18263 
41522 1.18261 
41523 1.18259 
41524 1.18257 
41525 1.18254 
41526 1.1825 
41527 1.18249 
41528 1.18249 
41529 1.18245 
41530 1.18245 
41531 1.18244 
41532 1.18243 
41533 1.18242 
41534 1.18241 
41535 1.18241 
41536 1.18241 
41537 1.18242 
41538 1.18246 
41539 1.18251 
41540 1.18262 
41541 1.18279 
41542 1.18318 
41543 1.18303 
41544 1.18302 
41545 1.18293 
41546 1.18291 
41547 1.18291 
41548 1.1829 
41549 1.1829 
41550 1.1829 
41551 1.18289 
41552 1.18289 
41553 1.18289 
41554 1.18289 
41555 1.18289 
41556 1.18289 
41557 1.18289 
41558 1.18289 
41559 1.18289 
41560 1.18289 
41561 1.18289 
41562 1.18288 
41563 1.18288 
41564 1.18288 
41565 1.18288 
41566 1.18288 
41567 1.18288 
41568 1.18288 
41569 1.18288 
41570 1.18288 
41571 1.18288 
41572 1.18287 
41573 1.18287 
41574 1.18287 
41575 1.18287 
41576 1.18287 
41577 1.18287 
41578 1.18287 
41579 1.18287 
41580 1.18286 
41581 1.18286 
41582 1.18286 
41583 1.18286 
41584 1.18286 
41585 1.18286 
41586 1.18286 
41587 1.18286 
41588 1.18285 
41589 1.18285 
41590 1.18285 
41591 1.18285 
41592 1.18285 
41593 1.18285 
41594 1.18285 
41595 1.18285 
41596 1.18284 
41597 1.18284 
41598 1.18284 
41599 1.18284 
41600 1.18284 
41601 1.18283 
41602 1.18283 
41603 1.18282 
41604 1.18282 
41605 1.18282 
41606 1.18281 
41607 1.18281 
41608 1.18281 
41609 1.1828 
41610 1.1828 
41611 1.18279 
41612 1.18279 
41613 1.18278 
41614 1.18277 
41615 1.18276 
41616 1.18276 
41617 1.18275 
41618 1.18274 
41619 1.18274 
41620 1.18274 
41621 1.18273 
41622 1.18272 
41623 1.18271 
41624 1.1827 
41625 1.1827 
41626 1.18269 
41627 1.18268 
41628 1.18267 
41629 1.18267 
41630 1.18267 
41631 1.18262 
41632 1.18258 
41633 1.18256 
41634 1.18255 
41635 1.18251 
41636 1.18249 
41637 1.18245 
41638 1.1824 
41639 1.18236 
41640 1.18233 
41641 1.18233 
41642 1.18228 
41643 1.18222 
41644 1.1822 
41645 1.1822 
41646 1.18218 
41647 1.18217 
41648 1.18216 
41649 1.18215 
41650 1.18215 
41651 1.18218 
41652 1.18222 
41653 1.18227 
41654 1.18234 
41655 1.18249 
41656 1.18374 
41657 1.18349 
41658 1.18341 
41659 1.18333 
41660 1.18328 
41661 1.18326 
41662 1.18322 
41663 1.18319 
41664 1.18317 
41665 1.18317 
41666 1.18315 
41667 1.18315 
41668 1.18314 
41669 1.18314 
41670 1.18313 
41671 1.18313 
41672 1.18313 
41673 1.18312 
41674 1.18312 
41675 1.18312 
41676 1.18311 
41677 1.18311 
41678 1.18311 
41679 1.18311 
41680 1.1831 
41681 1.1831 
41682 1.1831 
41683 1.1831 
41684 1.18309 
41685 1.18309 
41686 1.18309 
41687 1.18308 
41688 1.18308 
41689 1.18308 
41690 1.18308 
41691 1.18307 
41692 1.18307 
41693 1.18306 
41694 1.18306 
41695 1.18306 
41696 1.18305 
41697 1.18305 
41698 1.18304 
41699 1.18304 
41700 1.18304 
41701 1.18303 
41702 1.18303 
41703 1.18302 
41704 1.18302 
41705 1.18301 
41706 1.18301 
41707 1.183 
41708 1.183 
41709 1.18299 
41710 1.18299 
41711 1.18299 
41712 1.18298 
41713 1.18297 
41714 1.18296 
41715 1.18296 
41716 1.18292 
41717 1.18292 
41718 1.18291 
41719 1.1829 
41720 1.18287 
41721 1.18287 
41722 1.18285 
41723 1.18284 
41724 1.18282 
41725 1.18281 
41726 1.18279 
41727 1.18278 
41728 1.18273 
41729 1.1827 
41730 1.18268 
41731 1.18264 
41732 1.18261 
41733 1.18261 
41734 1.18258 
41735 1.18257 
41736 1.18255 
41737 1.18254 
41738 1.18252 
41739 1.1825 
41740 1.18249 
41741 1.18247 
41742 1.18243 
41743 1.1824 
41744 1.18237 
41745 1.18234 
41746 1.18233 
41747 1.18227 
41748 1.18224 
41749 1.18221 
41750 1.1822 
41751 1.18215 
41752 1.18205 
41753 1.18202 
41754 1.18198 
41755 1.18193 
41756 1.18193 
41757 1.18187 
41758 1.1818 
41759 1.18173 
41760 1.18154 
41761 1.18141 
41762 1.1814 
41763 1.18138 
41764 1.18137 
41765 1.18137 
41766 1.18136 
41767 1.18135 
41768 1.18135 
41769 1.18134 
41770 1.18133 
41771 1.18134 
41772 1.18136 
41773 1.18138 
41774 1.18141 
41775 1.18145 
41776 1.18151 
41777 1.18137 
41778 1.18132 
41779 1.18132 
41780 1.18132 
41781 1.18132 
41782 1.18132 
41783 1.18132 
41784 1.18132 
41785 1.18131 
41786 1.18131 
41787 1.18131 
41788 1.18131 
41789 1.18131 
41790 1.18131 
41791 1.18131 
41792 1.18131 
41793 1.18131 
41794 1.18131 
41795 1.18131 
41796 1.18131 
41797 1.18131 
41798 1.1813 
41799 1.1813 
41800 1.1813 
41801 1.1813 
41802 1.1813 
41803 1.1813 
41804 1.1813 
41805 1.1813 
41806 1.1813 
41807 1.1813 
41808 1.1813 
41809 1.1813 
41810 1.1813 
41811 1.1813 
41812 1.1813 
41813 1.18129 
41814 1.18129 
41815 1.18129 
41816 1.18129 
41817 1.18129 
41818 1.18129 
41819 1.18129 
41820 1.18129 
41821 1.18129 
41822 1.18129 
41823 1.18129 
41824 1.18129 
41825 1.18129 
41826 1.18128 
41827 1.18128 
41828 1.18128 
41829 1.18128 
41830 1.18128 
41831 1.18128 
41832 1.18128 
41833 1.18128 
41834 1.18128 
41835 1.18128 
41836 1.18127 
41837 1.18127 
41838 1.18127 
41839 1.18127 
41840 1.18127 
41841 1.18127 
41842 1.18126 
41843 1.18126 
41844 1.18126 
41845 1.18126 
41846 1.18125 
41847 1.18125 
41848 1.18125 
41849 1.18124 
41850 1.18124 
41851 1.18124 
41852 1.18123 
41853 1.18122 
41854 1.18122 
41855 1.18122 
41856 1.18121 
41857 1.18121 
41858 1.1812 
41859 1.18119 
41860 1.18119 
41861 1.18119 
41862 1.18118 
41863 1.18118 
41864 1.18117 
41865 1.18117 
41866 1.18116 
41867 1.18116 
41868 1.18114 
41869 1.18112 
41870 1.18112 
41871 1.18111 
41872 1.18111 
41873 1.1811 
41874 1.18109 
41875 1.18108 
41876 1.18108 
41877 1.18107 
41878 1.18106 
41879 1.18106 
41880 1.18105 
41881 1.18104 
41882 1.18103 
41883 1.18102 
41884 1.18102 
41885 1.18101 
41886 1.18099 
41887 1.18098 
41888 1.18097 
41889 1.18095 
41890 1.18094 
41891 1.18093 
41892 1.18093 
41893 1.18091 
41894 1.18091 
41895 1.1809 
41896 1.1809 
41897 1.18088 
41898 1.1808 
41899 1.18076 
41900 1.18076 
41901 1.18071 
41902 1.18069 
41903 1.18069 
41904 1.1807 
41905 1.18071 
41906 1.18073 
41907 1.18078 
41908 1.1809 
41909 1.18077 
41910 1.18077 
41911 1.18077 
41912 1.18069 
41913 1.18068 
41914 1.18067 
41915 1.18067 
41916 1.18067 
41917 1.18067 
41918 1.18067 
41919 1.18067 
41920 1.18067 
41921 1.18067 
41922 1.18067 
41923 1.18067 
41924 1.18066 
41925 1.18066 
41926 1.18066 
41927 1.18066 
41928 1.18066 
41929 1.18066 
41930 1.18066 
41931 1.18066 
41932 1.18066 
41933 1.18066 
41934 1.18066 
41935 1.18066 
41936 1.18066 
41937 1.18065 
41938 1.18065 
41939 1.18065 
41940 1.18065 
41941 1.18065 
41942 1.18065 
41943 1.18065 
41944 1.18065 
41945 1.18065 
41946 1.18065 
41947 1.18065 
41948 1.18065 
41949 1.18065 
41950 1.18065 
41951 1.18064 
41952 1.18064 
41953 1.18064 
41954 1.18064 
41955 1.18064 
41956 1.18064 
41957 1.18064 
41958 1.18064 
41959 1.18063 
41960 1.18063 
41961 1.18063 
41962 1.18063 
41963 1.18063 
41964 1.18063 
41965 1.18063 
41966 1.18062 
41967 1.18062 
41968 1.18062 
41969 1.18062 
41970 1.18062 
41971 1.18062 
41972 1.18062 
41973 1.18061 
41974 1.18061 
41975 1.18061 
41976 1.1806 
41977 1.1806 
41978 1.1806 
41979 1.18059 
41980 1.18059 
41981 1.18059 
41982 1.18058 
41983 1.18057 
41984 1.18057 
41985 1.18056 
41986 1.18055 
41987 1.18055 
41988 1.18053 
41989 1.1805 
41990 1.18045 
41991 1.18041 
41992 1.18038 
41993 1.18035 
41994 1.18032 
41995 1.18029 
41996 1.18023 
41997 1.18018 
41998 1.18016 
41999 1.18016 
42000 1.18012 
42001 1.18006 
42002 1.18003 
42003 1.18003 
42004 1.18 
42005 1.17998 
42006 1.18002 
42007 1.18003 
42008 1.18003 
42009 1.17999 
42010 1.17999 
42011 1.17988 
42012 1.17988 
42013 1.17987 
42014 1.17987 
42015 1.17987 
42016 1.17985 
42017 1.17985 
42018 1.17985 
42019 1.17985 
42020 1.17985 
42021 1.17984 
42022 1.17984 
42023 1.17984 
42024 1.17984 
42025 1.17984 
42026 1.17984 
42027 1.17984 
42028 1.17984 
42029 1.17984 
42030 1.17984 
42031 1.17984 
42032 1.17984 
42033 1.17984 
42034 1.17983 
42035 1.17983 
42036 1.17983 
42037 1.17983 
42038 1.17983 
42039 1.17983 
42040 1.17983 
42041 1.17983 
42042 1.17983 
42043 1.17983 
42044 1.17983 
42045 1.17982 
42046 1.17982 
42047 1.17982 
42048 1.17982 
42049 1.17982 
42050 1.17982 
42051 1.17982 
42052 1.17982 
42053 1.17982 
42054 1.17982 
42055 1.17982 
42056 1.17982 
42057 1.17982 
42058 1.17982 
42059 1.17981 
42060 1.17981 
42061 1.17981 
42062 1.17981 
42063 1.17981 
42064 1.17981 
42065 1.17981 
42066 1.17981 
42067 1.1798 
42068 1.1798 
42069 1.1798 
42070 1.1798 
42071 1.1798 
42072 1.1798 
42073 1.1798 
42074 1.17979 
42075 1.17979 
42076 1.17979 
42077 1.17979 
42078 1.17979 
42079 1.17978 
42080 1.17978 
42081 1.17978 
42082 1.17978 
42083 1.17977 
42084 1.17977 
42085 1.17977 
42086 1.17977 
42087 1.17975 
42088 1.17972 
42089 1.17965 
42090 1.17963 
42091 1.1796 
42092 1.17956 
42093 1.17951 
42094 1.17947 
42095 1.17944 
42096 1.17941 
42097 1.17941 
42098 1.17941 
42099 1.17937 
42100 1.17933 
42101 1.17932 
42102 1.17928 
42103 1.17926 
42104 1.17932 
42105 1.1793 
42106 1.17928 
42107 1.17928 
42108 1.17919 
42109 1.17899 
42110 1.17899 
42111 1.17899 
42112 1.17899 
42113 1.17899 
42114 1.17899 
42115 1.17899 
42116 1.17899 
42117 1.17898 
42118 1.17898 
42119 1.17898 
42120 1.17898 
42121 1.17898 
42122 1.17898 
42123 1.17898 
42124 1.17898 
42125 1.17898 
42126 1.17898 
42127 1.17898 
42128 1.17898 
42129 1.17898 
42130 1.17898 
42131 1.17898 
42132 1.17898 
42133 1.17898 
42134 1.17897 
42135 1.17897 
42136 1.17897 
42137 1.17897 
42138 1.17897 
42139 1.17897 
42140 1.17897 
42141 1.17897 
42142 1.17897 
42143 1.17897 
42144 1.17897 
42145 1.17897 
42146 1.17897 
42147 1.17897 
42148 1.17896 
42149 1.17896 
42150 1.17896 
42151 1.17896 
42152 1.17896 
42153 1.17896 
42154 1.17896 
42155 1.17896 
42156 1.17896 
42157 1.17896 
42158 1.17896 
42159 1.17896 
42160 1.17895 
42161 1.17895 
42162 1.17895 
42163 1.17894 
42164 1.17889 
42165 1.17882 
42166 1.17882 
42167 1.17877 
42168 1.17873 
42169 1.17869 
42170 1.17865 
42171 1.17859 
42172 1.17856 
42173 1.17853 
42174 1.1785 
42175 1.17842 
42176 1.17839 
42177 1.17839 
42178 1.17836 
42179 1.17832 
42180 1.1783 
42181 1.17952 
42182 1.1794 
42183 1.17932 
42184 1.17928 
42185 1.17928 
42186 1.17928 
42187 1.17927 
42188 1.17927 
42189 1.17927 
42190 1.17927 
42191 1.17927 
42192 1.17927 
42193 1.17927 
42194 1.17927 
42195 1.17927 
42196 1.17927 
42197 1.17927 
42198 1.17927 
42199 1.17927 
42200 1.17926 
42201 1.17926 
42202 1.17926 
42203 1.17926 
42204 1.17926 
42205 1.17926 
42206 1.17926 
42207 1.17926 
42208 1.17926 
42209 1.17926 
42210 1.17926 
42211 1.17923 
42212 1.17916 
42213 1.17913 
42214 1.17909 
42215 1.17897 
42216 1.17895 
42217 1.17892 
42218 1.17888 
42219 1.17881 
42220 1.17879 
42221 1.17877 
42222 1.17873 
42223 1.17865 
42224 1.17873 
42225 1.17891 
42226 1.17922 
42227 1.1798 
42228 1.17963 
42229 1.17962 
42230 1.17962 
42231 1.17962 
42232 1.17962 
42233 1.17961 
42234 1.17961 
42235 1.17961 
42236 1.17961 
42237 1.17961 
42238 1.17961 
42239 1.1796 
42240 1.1796 
42241 1.1796 
42242 1.1796 
42243 1.1796 
42244 1.1796 
42245 1.1796 
42246 1.1796 
42247 1.1796 
42248 1.1796 
42249 1.17959 
42250 1.17959 
42251 1.17959 
42252 1.17959 
42253 1.17959 
42254 1.17959 
42255 1.17959 
42256 1.17959 
42257 1.17958 
42258 1.17958 
42259 1.17958 
42260 1.17958 
42261 1.17958 
42262 1.17958 
42263 1.17958 
42264 1.17958 
42265 1.17954 
42266 1.17951 
42267 1.17949 
42268 1.17941 
42269 1.17936 
42270 1.17933 
42271 1.17928 
42272 1.17926 
42273 1.17924 
42274 1.17921 
42275 1.17921 
42276 1.17919 
42277 1.17918 
42278 1.17915 
42279 1.17915 
42280 1.1794 
42281 1.17957 
42282 1.1801 
42283 1.17994 
42284 1.17991 
42285 1.17989 
42286 1.17989 
42287 1.17988 
42288 1.17988 
42289 1.17988 
42290 1.17988 
42291 1.17987 
42292 1.17987 
42293 1.17987 
42294 1.17987 
42295 1.17986 
42296 1.17986 
42297 1.17986 
42298 1.17986 
42299 1.17985 
42300 1.17985 
42301 1.17985 
42302 1.17984 
42303 1.17984 
42304 1.17983 
42305 1.17983 
42306 1.17982 
42307 1.17982 
42308 1.1798 
42309 1.17979 
42310 1.17978 
42311 1.17978 
42312 1.17977 
42313 1.17974 
42314 1.17972 
42315 1.17969 
42316 1.17968 
42317 1.17967 
42318 1.17966 
42319 1.17966 
42320 1.17965 
42321 1.17964 
42322 1.17963 
42323 1.17963 
42324 1.17962 
42325 1.17962 
42326 1.1796 
42327 1.1796 
42328 1.17959 
42329 1.17958 
42330 1.17958 
42331 1.17958 
42332 1.17955 
42333 1.17955 
42334 1.17954 
42335 1.17953 
42336 1.17952 
42337 1.17951 
42338 1.17951 
42339 1.17951 
42340 1.17949 
42341 1.17949 
42342 1.17948 
42343 1.17947 
42344 1.17948 
42345 1.17949 
42346 1.17951 
42347 1.17954 
42348 1.17987 
42349 1.17985 
42350 1.17987 
42351 1.17986 
42352 1.17982 
42353 1.17963 
42354 1.17963 
42355 1.17962 
42356 1.17961 
42357 1.17961 
42358 1.17961 
42359 1.1796 
42360 1.1796 
42361 1.1796 
42362 1.1796 
42363 1.1796 
42364 1.1796 
42365 1.1796 
42366 1.17959 
42367 1.17959 
42368 1.17959 
42369 1.17959 
42370 1.17959 
42371 1.17959 
42372 1.17959 
42373 1.17959 
42374 1.17958 
42375 1.17958 
42376 1.17958 
42377 1.17958 
42378 1.17958 
42379 1.17958 
42380 1.17958 
42381 1.17958 
42382 1.17958 
42383 1.17958 
42384 1.17957 
42385 1.17957 
42386 1.17957 
42387 1.17957 
42388 1.17957 
42389 1.17957 
42390 1.17957 
42391 1.17956 
42392 1.17956 
42393 1.17956 
42394 1.17956 
42395 1.17956 
42396 1.17956 
42397 1.17956 
42398 1.17955 
42399 1.17955 
42400 1.17955 
42401 1.17955 
42402 1.17955 
42403 1.17954 
42404 1.17954 
42405 1.17954 
42406 1.17954 
42407 1.17954 
42408 1.17953 
42409 1.17953 
42410 1.17953 
42411 1.17952 
42412 1.17952 
42413 1.17951 
42414 1.17951 
42415 1.1795 
42416 1.1795 
42417 1.17949 
42418 1.17949 
42419 1.17949 
42420 1.17948 
42421 1.17947 
42422 1.17947 
42423 1.17946 
42424 1.17946 
42425 1.17945 
42426 1.17944 
42427 1.17944 
42428 1.17943 
42429 1.17942 
42430 1.1794 
42431 1.17939 
42432 1.17937 
42433 1.17936 
42434 1.17936 
42435 1.17935 
42436 1.17934 
42437 1.17934 
42438 1.17934 
42439 1.17932 
42440 1.17932 
42441 1.17931 
42442 1.17931 
42443 1.1793 
42444 1.17929 
42445 1.17929 
42446 1.17929 
42447 1.17928 
42448 1.17928 
42449 1.17927 
42450 1.17926 
42451 1.17925 
42452 1.17924 
42453 1.17923 
42454 1.17922 
42455 1.17921 
42456 1.17921 
42457 1.1792 
42458 1.1792 
42459 1.17919 
42460 1.17919 
42461 1.17917 
42462 1.17917 
42463 1.17916 
42464 1.17914 
42465 1.17914 
42466 1.17912 
42467 1.17911 
42468 1.1791 
42469 1.17908 
42470 1.17909 
42471 1.1791 
42472 1.17913 
42473 1.17925 
42474 1.17925 
42475 1.17947 
42476 1.17947 
42477 1.17952 
42478 1.17947 
42479 1.17935 
42480 1.17928 
42481 1.17927 
42482 1.17927 
42483 1.17926 
42484 1.17926 
42485 1.17921 
42486 1.17917 
42487 1.17913 
42488 1.17912 
42489 1.17911 
42490 1.17909 
42491 1.17908 
42492 1.17906 
42493 1.17905 
42494 1.17903 
42495 1.179 
42496 1.17897 
42497 1.17893 
42498 1.1789 
42499 1.17886 
42500 1.17881 
42501 1.17877 
42502 1.17876 
42503 1.17874 
42504 1.17871 
42505 1.17869 
42506 1.17868 
42507 1.17868 
42508 1.17867 
42509 1.17867 
42510 1.17866 
42511 1.17866 
42512 1.17865 
42513 1.17865 
42514 1.17864 
42515 1.17863 
42516 1.17863 
42517 1.17862 
42518 1.17861 
42519 1.1786 
42520 1.17855 
42521 1.17852 
42522 1.17846 
42523 1.17844 
42524 1.17843 
42525 1.17842 
42526 1.17841 
42527 1.1784 
42528 1.17839 
42529 1.17837 
42530 1.17835 
42531 1.17833 
42532 1.17831 
42533 1.17829 
42534 1.17826 
42535 1.17821 
42536 1.17815 
42537 1.17808 
42538 1.17808 
42539 1.17807 
42540 1.17806 
42541 1.17805 
42542 1.17804 
42543 1.17803 
42544 1.17803 
42545 1.17802 
42546 1.17801 
42547 1.17798 
42548 1.17788 
42549 1.17704 
42550 1.177 
42551 1.17689 
42552 1.17669 
42553 1.17669 
42554 1.17669 
42555 1.17669 
42556 1.17669 
42557 1.17669 
42558 1.17669 
42559 1.17668 
42560 1.17668 
42561 1.17668 
42562 1.17668 
42563 1.17668 
42564 1.17668 
42565 1.17668 
42566 1.17668 
42567 1.17668 
42568 1.17668 
42569 1.17668 
42570 1.17667 
42571 1.17667 
42572 1.17667 
42573 1.17667 
42574 1.17667 
42575 1.17667 
42576 1.17667 
42577 1.17667 
42578 1.17667 
42579 1.17667 
42580 1.17667 
42581 1.17667 
42582 1.17667 
42583 1.17666 
42584 1.17666 
42585 1.17666 
42586 1.17666 
42587 1.17666 
42588 1.17666 
42589 1.17666 
42590 1.17663 
42591 1.1766 
42592 1.17659 
42593 1.17655 
42594 1.17653 
42595 1.17652 
42596 1.1765 
42597 1.17649 
42598 1.17648 
42599 1.17647 
42600 1.17647 
42601 1.17646 
42602 1.17639 
42603 1.17637 
42604 1.17628 
42605 1.17625 
42606 1.1762 
42607 1.17619 
42608 1.17615 
42609 1.1761 
42610 1.17607 
42611 1.17601 
42612 1.17596 
42613 1.17589 
42614 1.17589 
42615 1.17589 
42616 1.17588 
42617 1.17587 
42618 1.17586 
42619 1.17584 
42620 1.17581 
42621 1.17578 
42622 1.17569 
42623 1.17556 
42624 1.17553 
42625 1.17549 
42626 1.17546 
42627 1.1754 
42628 1.17535 
42629 1.17528 
42630 1.17522 
42631 1.17508 
42632 1.17508 
42633 1.17496 
42634 1.1746 
42635 1.1745 
42636 1.1745 
42637 1.1745 
42638 1.17443 
42639 1.17443 
42640 1.17442 
42641 1.17442 
42642 1.17442 
42643 1.17442 
42644 1.17442 
42645 1.17442 
42646 1.17442 
42647 1.17442 
42648 1.17442 
42649 1.17442 
42650 1.17442 
42651 1.17442 
42652 1.17442 
42653 1.17442 
42654 1.17441 
42655 1.17441 
42656 1.17441 
42657 1.17441 
42658 1.17441 
42659 1.17441 
42660 1.17441 
42661 1.17441 
42662 1.17441 
42663 1.17441 
42664 1.17441 
42665 1.17441 
42666 1.17441 
42667 1.17441 
42668 1.17441 
42669 1.17441 
42670 1.17441 
42671 1.17441 
42672 1.17441 
42673 1.1744 
42674 1.1744 
42675 1.1744 
42676 1.1744 
42677 1.1744 
42678 1.1744 
42679 1.1744 
42680 1.1744 
42681 1.1744 
42682 1.1744 
42683 1.1744 
42684 1.1744 
42685 1.1744 
42686 1.1744 
42687 1.17439 
42688 1.17439 
42689 1.17439 
42690 1.17439 
42691 1.17439 
42692 1.17439 
42693 1.17439 
42694 1.17439 
42695 1.17439 
42696 1.17439 
42697 1.17438 
42698 1.17438 
42699 1.17438 
42700 1.17438 
42701 1.17438 
42702 1.17438 
42703 1.17438 
42704 1.17437 
42705 1.17437 
42706 1.17436 
42707 1.17436 
42708 1.17436 
42709 1.17435 
42710 1.17435 
42711 1.17434 
42712 1.17434 
42713 1.17434 
42714 1.17433 
42715 1.17433 
42716 1.17433 
42717 1.17433 
42718 1.17432 
42719 1.17432 
42720 1.17431 
42721 1.1743 
42722 1.1743 
42723 1.17429 
42724 1.17429 
42725 1.17428 
42726 1.17428 
42727 1.17427 
42728 1.17426 
42729 1.17425 
42730 1.17424 
42731 1.17423 
42732 1.17422 
42733 1.17422 
42734 1.17421 
42735 1.17421 
42736 1.17419 
42737 1.17419 
42738 1.17419 
42739 1.17419 
42740 1.17418 
42741 1.17417 
42742 1.17417 
42743 1.17417 
42744 1.17416 
42745 1.17416 
42746 1.17416 
42747 1.17415 
42748 1.17413 
42749 1.17412 
42750 1.17411 
42751 1.1741 
42752 1.17409 
42753 1.17407 
42754 1.17406 
42755 1.17405 
42756 1.17405 
42757 1.17403 
42758 1.17403 
42759 1.17394 
42760 1.17389 
42761 1.17381 
42762 1.17381 
42763 1.17378 
42764 1.17374 
42765 1.17368 
42766 1.1736 
42767 1.1736 
42768 1.17354 
42769 1.1734 
42770 1.17304 
42771 1.17287 
42772 1.17287 
42773 1.17287 
42774 1.17284 
42775 1.17284 
42776 1.17284 
42777 1.17284 
42778 1.17284 
42779 1.17284 
42780 1.17284 
42781 1.17284 
42782 1.17284 
42783 1.17284 
42784 1.17284 
42785 1.17283 
42786 1.17283 
42787 1.17283 
42788 1.17283 
42789 1.17283 
42790 1.17283 
42791 1.17283 
42792 1.17283 
42793 1.17283 
42794 1.17283 
42795 1.17283 
42796 1.17283 
42797 1.17283 
42798 1.17282 
42799 1.17282 
42800 1.17282 
42801 1.17282 
42802 1.17282 
42803 1.17282 
42804 1.17282 
42805 1.17282 
42806 1.17282 
42807 1.17282 
42808 1.17282 
42809 1.17282 
42810 1.17281 
42811 1.17281 
42812 1.17281 
42813 1.17281 
42814 1.17281 
42815 1.17281 
42816 1.17281 
42817 1.17281 
42818 1.17281 
42819 1.17281 
42820 1.17281 
42821 1.17281 
42822 1.17281 
42823 1.17281 
42824 1.1728 
42825 1.1728 
42826 1.1728 
42827 1.1728 
42828 1.1728 
42829 1.1728 
42830 1.1728 
42831 1.1728 
42832 1.1728 
42833 1.1728 
42834 1.1728 
42835 1.17279 
42836 1.17279 
42837 1.17279 
42838 1.17279 
42839 1.17279 
42840 1.17279 
42841 1.17279 
42842 1.17279 
42843 1.17279 
42844 1.17278 
42845 1.17278 
42846 1.17278 
42847 1.17278 
42848 1.17277 
42849 1.17277 
42850 1.17277 
42851 1.17276 
42852 1.17276 
42853 1.17276 
42854 1.17275 
42855 1.17275 
42856 1.17275 
42857 1.17274 
42858 1.17273 
42859 1.17272 
42860 1.17271 
42861 1.17271 
42862 1.17269 
42863 1.17269 
42864 1.17268 
42865 1.17267 
42866 1.17266 
42867 1.17266 
42868 1.17266 
42869 1.17263 
42870 1.17257 
42871 1.17252 
42872 1.17248 
42873 1.17244 
42874 1.17238 
42875 1.17234 
42876 1.17233 
42877 1.17233 
42878 1.1723 
42879 1.17226 
42880 1.17222 
42881 1.17218 
42882 1.17213 
42883 1.17208 
42884 1.17204 
42885 1.17191 
42886 1.17177 
42887 1.17177 
42888 1.17161 
42889 1.17139 
42890 1.17117 
42891 1.17086 
42892 1.17044 
42893 1.17044 
42894 1.17044 
42895 1.1703 
42896 1.17026 
42897 1.17026 
42898 1.17025 
42899 1.17025 
42900 1.17025 
42901 1.17025 
42902 1.17025 
42903 1.17025 
42904 1.17025 
42905 1.17025 
42906 1.17025 
42907 1.17024 
42908 1.17024 
42909 1.17024 
42910 1.17024 
42911 1.17024 
42912 1.17024 
42913 1.17024 
42914 1.17024 
42915 1.17024 
42916 1.17024 
42917 1.17024 
42918 1.17023 
42919 1.17023 
42920 1.17023 
42921 1.17023 
42922 1.17023 
42923 1.17023 
42924 1.17023 
42925 1.17023 
42926 1.17023 
42927 1.17023 
42928 1.17023 
42929 1.17023 
42930 1.17022 
42931 1.17022 
42932 1.17022 
42933 1.17022 
42934 1.17022 
42935 1.17022 
42936 1.17022 
42937 1.17021 
42938 1.17021 
42939 1.17021 
42940 1.17021 
42941 1.17021 
42942 1.17021 
42943 1.17021 
42944 1.17021 
42945 1.17021 
42946 1.1702 
42947 1.1702 
42948 1.1702 
42949 1.1702 
42950 1.17019 
42951 1.17019 
42952 1.17019 
42953 1.17019 
42954 1.17018 
42955 1.17018 
42956 1.17018 
42957 1.17018 
42958 1.17017 
42959 1.17017 
42960 1.17015 
42961 1.17013 
42962 1.17011 
42963 1.17009 
42964 1.17009 
42965 1.17006 
42966 1.17005 
42967 1.17003 
42968 1.17002 
42969 1.17001 
42970 1.17 
42971 1.16999 
42972 1.16997 
42973 1.16995 
42974 1.16994 
42975 1.16992 
42976 1.16991 
42977 1.1699 
42978 1.16987 
42979 1.16985 
42980 1.16985 
42981 1.16985 
42982 1.16985 
42983 1.16984 
42984 1.16983 
42985 1.16981 
42986 1.16977 
42987 1.16975 
42988 1.16973 
42989 1.16972 
42990 1.16969 
42991 1.16964 
42992 1.16961 
42993 1.16949 
42994 1.16948 
42995 1.16939 
42996 1.16928 
42997 1.16904 
42998 1.16881 
42999 1.16798 
43000 1.16777 
43001 1.16777 
43002 1.16776 
43003 1.16776 
43004 1.16776 
43005 1.16776 
43006 1.16776 
43007 1.16776 
43008 1.16776 
43009 1.16776 
43010 1.16776 
43011 1.16776 
43012 1.16776 
43013 1.16776 
43014 1.16776 
43015 1.16776 
43016 1.16775 
43017 1.16775 
43018 1.16775 
43019 1.16775 
43020 1.16775 
43021 1.16775 
43022 1.16775 
43023 1.16775 
43024 1.16775 
43025 1.16775 
43026 1.16775 
43027 1.16775 
43028 1.16774 
43029 1.16774 
43030 1.16774 
43031 1.16774 
43032 1.16774 
43033 1.16774 
43034 1.16774 
43035 1.16774 
43036 1.16774 
43037 1.16774 
43038 1.16774 
43039 1.16774 
43040 1.16774 
43041 1.16774 
43042 1.16773 
43043 1.16773 
43044 1.16773 
43045 1.16773 
43046 1.16773 
43047 1.16773 
43048 1.16773 
43049 1.16773 
43050 1.16773 
43051 1.16773 
43052 1.16772 
43053 1.16772 
43054 1.16772 
43055 1.16772 
43056 1.16772 
43057 1.16772 
43058 1.16772 
43059 1.16772 
43060 1.16772 
43061 1.16772 
43062 1.16771 
43063 1.16771 
43064 1.16771 
43065 1.16771 
43066 1.16771 
43067 1.16771 
43068 1.16771 
43069 1.1677 
43070 1.1677 
43071 1.1677 
43072 1.1677 
43073 1.1677 
43074 1.16769 
43075 1.16769 
43076 1.16768 
43077 1.16768 
43078 1.16768 
43079 1.16768 
43080 1.16767 
43081 1.16767 
43082 1.16767 
43083 1.16766 
43084 1.16766 
43085 1.16765 
43086 1.16765 
43087 1.16765 
43088 1.16764 
43089 1.16763 
43090 1.16763 
43091 1.16762 
43092 1.16761 
43093 1.1676 
43094 1.1676 
43095 1.16759 
43096 1.16758 
43097 1.16757 
43098 1.16756 
43099 1.16756 
43100 1.16756 
43101 1.16752 
43102 1.16748 
43103 1.16744 
43104 1.16743 
43105 1.16741 
43106 1.16739 
43107 1.16737 
43108 1.16735 
43109 1.16733 
43110 1.16731 
43111 1.1673 
43112 1.16728 
43113 1.16728 
43114 1.16727 
43115 1.16725 
43116 1.16724 
43117 1.16723 
43118 1.16723 
43119 1.16722 
43120 1.16721 
43121 1.1672 
43122 1.16718 
43123 1.16716 
43124 1.16714 
43125 1.16712 
43126 1.16709 
43127 1.16707 
43128 1.167 
43129 1.16696 
43130 1.16692 
43131 1.1667 
43132 1.1665 
43133 1.16613 
43134 1.16578 
43135 1.1656 
43136 1.16501 
43137 1.16498 
43138 1.1649 
43139 1.16483 
43140 1.16483 
43141 1.16483 
43142 1.16482 
43143 1.16482 
43144 1.16482 
43145 1.16482 
43146 1.16482 
43147 1.16482 
43148 1.16482 
43149 1.16482 
43150 1.16481 
43151 1.16481 
43152 1.16481 
43153 1.16481 
43154 1.16481 
43155 1.16481 
43156 1.16481 
43157 1.16481 
43158 1.1648 
43159 1.1648 
43160 1.1648 
43161 1.1648 
43162 1.1648 
43163 1.1648 
43164 1.1648 
43165 1.1648 
43166 1.1648 
43167 1.1648 
43168 1.16479 
43169 1.16479 
43170 1.16479 
43171 1.16479 
43172 1.16479 
43173 1.16479 
43174 1.16478 
43175 1.16478 
43176 1.16478 
43177 1.16478 
43178 1.16478 
43179 1.16478 
43180 1.16477 
43181 1.16477 
43182 1.16477 
43183 1.16477 
43184 1.16477 
43185 1.16476 
43186 1.16476 
43187 1.16476 
43188 1.16476 
43189 1.16475 
43190 1.16475 
43191 1.16474 
43192 1.16474 
43193 1.16474 
43194 1.16473 
43195 1.16473 
43196 1.16472 
43197 1.16472 
43198 1.16472 
43199 1.16471 
43200 1.16471 
43201 1.1647 
43202 1.16469 
43203 1.16469 
43204 1.16468 
43205 1.16467 
43206 1.16467 
43207 1.16466 
43208 1.16466 
43209 1.16466 
43210 1.16465 
43211 1.16465 
43212 1.16464 
43213 1.16464 
43214 1.16464 
43215 1.16463 
43216 1.16462 
43217 1.16462 
43218 1.16462 
43219 1.16461 
43220 1.16461 
43221 1.1646 
43222 1.1646 
43223 1.16459 
43224 1.16458 
43225 1.16458 
43226 1.16457 
43227 1.16457 
43228 1.16456 
43229 1.16456 
43230 1.16455 
43231 1.16455 
43232 1.16455 
43233 1.16455 
43234 1.16454 
43235 1.16454 
43236 1.16453 
43237 1.16453 
43238 1.16452 
43239 1.16451 
43240 1.16449 
43241 1.16449 
43242 1.16448 
43243 1.16447 
43244 1.16445 
43245 1.16443 
43246 1.16441 
43247 1.16441 
43248 1.1644 
43249 1.16439 
43250 1.16438 
43251 1.16437 
43252 1.16436 
43253 1.16435 
43254 1.16435 
43255 1.16434 
43256 1.16433 
43257 1.16432 
43258 1.16431 
43259 1.16429 
43260 1.16427 
43261 1.16425 
43262 1.16423 
43263 1.16421 
43264 1.16418 
43265 1.16418 
43266 1.16414 
43267 1.16411 
43268 1.16402 
43269 1.16391 
43270 1.16374 
43271 1.16349 
43272 1.16307 
43273 1.16246 
43274 1.16222 
43275 1.16034 
43276 1.15998 
43277 1.15998 
43278 1.15998 
43279 1.15997 
43280 1.15995 
43281 1.15994 
43282 1.15994 
43283 1.15993 
43284 1.15992 
43285 1.15991 
43286 1.15991 
43287 1.15991 
43288 1.15991 
43289 1.15991 
43290 1.15991 
43291 1.15991 
43292 1.15991 
43293 1.15991 
43294 1.15991 
43295 1.1599 
43296 1.1599 
43297 1.1599 
43298 1.1599 
43299 1.1599 
43300 1.1599 
43301 1.1599 
43302 1.1599 
43303 1.1599 
43304 1.1599 
43305 1.1599 
43306 1.15989 
43307 1.15989 
43308 1.15989 
43309 1.15989 
43310 1.15989 
43311 1.15989 
43312 1.15989 
43313 1.15989 
43314 1.15989 
43315 1.15989 
43316 1.15988 
43317 1.15988 
43318 1.15988 
43319 1.15988 
43320 1.15988 
43321 1.15988 
43322 1.15988 
43323 1.15988 
43324 1.15988 
43325 1.15987 
43326 1.15987 
43327 1.15987 
43328 1.15987 
43329 1.15987 
43330 1.15987 
43331 1.15987 
43332 1.15986 
43333 1.15986 
43334 1.15986 
43335 1.15986 
43336 1.15986 
43337 1.15986 
43338 1.15986 
43339 1.15985 
43340 1.15985 
43341 1.15985 
43342 1.15985 
43343 1.15985 
43344 1.15985 
43345 1.15984 
43346 1.15984 
43347 1.15984 
43348 1.15984 
43349 1.15984 
43350 1.15983 
43351 1.15983 
43352 1.15983 
43353 1.15983 
43354 1.15983 
43355 1.15982 
43356 1.15982 
43357 1.15982 
43358 1.15982 
43359 1.15982 
43360 1.15982 
43361 1.15981 
43362 1.15981 
43363 1.15981 
43364 1.15981 
43365 1.1598 
43366 1.1598 
43367 1.1598 
43368 1.15979 
43369 1.15979 
43370 1.15978 
43371 1.15978 
43372 1.15978 
43373 1.15977 
43374 1.15976 
43375 1.15976 
43376 1.15975 
43377 1.15975 
43378 1.15974 
43379 1.15974 
43380 1.15973 
43381 1.15973 
43382 1.15972 
43383 1.15971 
43384 1.1597 
43385 1.1597 
43386 1.15969 
43387 1.15969 
43388 1.15968 
43389 1.15967 
43390 1.15966 
43391 1.15966 
43392 1.15965 
43393 1.15964 
43394 1.1596 
43395 1.15959 
43396 1.15957 
43397 1.15955 
43398 1.15954 
43399 1.15951 
43400 1.15949 
43401 1.15948 
43402 1.15946 
43403 1.15943 
43404 1.15942 
43405 1.15941 
43406 1.15939 
43407 1.15938 
43408 1.15936 
43409 1.15934 
43410 1.15929 
43411 1.15927 
43412 1.15924 
43413 1.15921 
43414 1.15917 
43415 1.15915 
43416 1.15914 
43417 1.15913 
43418 1.15912 
43419 1.15911 
43420 1.1591 
43421 1.15909 
43422 1.15908 
43423 1.15907 
43424 1.15905 
43425 1.15904 
43426 1.15901 
43427 1.15896 
43428 1.15893 
43429 1.15893 
43430 1.15892 
43431 1.15891 
43432 1.15891 
43433 1.1589 
43434 1.1589 
43435 1.15889 
43436 1.15889 
43437 1.15888 
43438 1.15888 
43439 1.15887 
43440 1.15887 
43441 1.15886 
43442 1.15886 
43443 1.15885 
43444 1.15884 
43445 1.15884 
43446 1.15883 
43447 1.15882 
43448 1.15879 
43449 1.15878 
43450 1.15877 
43451 1.15876 
43452 1.15875 
43453 1.15874 
43454 1.15873 
43455 1.15871 
43456 1.1587 
43457 1.15868 
43458 1.15866 
43459 1.15862 
43460 1.15855 
43461 1.1585 
43462 1.15841 
43463 1.15841 
43464 1.15837 
43465 1.15833 
43466 1.15828 
43467 1.15822 
43468 1.15809 
43469 1.15789 
43470 1.1575 
43471 1.15738 
43472 1.15738 
43473 1.15735 
43474 1.15735 
43475 1.15735 
43476 1.15735 
43477 1.15735 
43478 1.15735 
43479 1.15735 
43480 1.15735 
43481 1.15735 
43482 1.15735 
43483 1.15735 
43484 1.15735 
43485 1.15735 
43486 1.15735 
43487 1.15735 
43488 1.15735 
43489 1.15735 
43490 1.15735 
43491 1.15735 
43492 1.15734 
43493 1.15734 
43494 1.15734 
43495 1.15734 
43496 1.15734 
43497 1.15734 
43498 1.15734 
43499 1.15734 
43500 1.15734 
43501 1.15734 
43502 1.15734 
43503 1.15734 
43504 1.15734 
43505 1.15734 
43506 1.15734 
43507 1.15734 
43508 1.15734 
43509 1.15734 
43510 1.15734 
43511 1.15733 
43512 1.15733 
43513 1.15733 
43514 1.15733 
43515 1.15733 
43516 1.15733 
43517 1.15733 
43518 1.15733 
43519 1.15733 
43520 1.15733 
43521 1.15733 
43522 1.15733 
43523 1.15733 
43524 1.15733 
43525 1.15733 
43526 1.15733 
43527 1.15732 
43528 1.15732 
43529 1.15732 
43530 1.15732 
43531 1.15732 
43532 1.15732 
43533 1.15732 
43534 1.15732 
43535 1.15732 
43536 1.15732 
43537 1.15732 
43538 1.15732 
43539 1.15732 
43540 1.15731 
43541 1.15731 
43542 1.15731 
43543 1.15731 
43544 1.15731 
43545 1.15731 
43546 1.15731 
43547 1.15731 
43548 1.15731 
43549 1.15731 
43550 1.1573 
43551 1.1573 
43552 1.15729 
43553 1.15729 
43554 1.15729 
43555 1.15729 
43556 1.15728 
43557 1.15728 
43558 1.15728 
43559 1.15727 
43560 1.15727 
43561 1.15727 
43562 1.15727 
43563 1.15726 
43564 1.15726 
43565 1.15726 
43566 1.15726 
43567 1.15725 
43568 1.15724 
43569 1.15723 
43570 1.15723 
43571 1.15722 
43572 1.15722 
43573 1.15722 
43574 1.15721 
43575 1.1572 
43576 1.15719 
43577 1.15719 
43578 1.15719 
43579 1.15718 
43580 1.15718 
43581 1.15717 
43582 1.15717 
43583 1.15714 
43584 1.15713 
43585 1.15709 
43586 1.15708 
43587 1.15707 
43588 1.15706 
43589 1.15704 
43590 1.15702 
43591 1.15699 
43592 1.15699 
43593 1.15695 
43594 1.15693 
43595 1.15692 
43596 1.1569 
43597 1.15687 
43598 1.15684 
43599 1.15679 
43600 1.15679 
43601 1.15678 
43602 1.15661 
43603 1.15653 
43604 1.15641 
43605 1.15626 
43606 1.15594 
43607 1.15534 
43608 1.15495 
43609 1.15484 
43610 1.15484 
43611 1.15484 
43612 1.15483 
43613 1.15483 
43614 1.1548 
43615 1.15479 
43616 1.15479 
43617 1.15479 
43618 1.15479 
43619 1.15479 
43620 1.15479 
43621 1.15479 
43622 1.15479 
43623 1.15479 
43624 1.15479 
43625 1.15479 
43626 1.15479 
43627 1.15479 
43628 1.15479 
43629 1.15479 
43630 1.15478 
43631 1.15478 
43632 1.15478 
43633 1.15478 
43634 1.15478 
43635 1.15478 
43636 1.15478 
43637 1.15478 
43638 1.15478 
43639 1.15478 
43640 1.15478 
43641 1.15478 
43642 1.15478 
43643 1.15478 
43644 1.15478 
43645 1.15477 
43646 1.15477 
43647 1.15477 
43648 1.15477 
43649 1.15477 
43650 1.15477 
43651 1.15477 
43652 1.15477 
43653 1.15477 
43654 1.15477 
43655 1.15476 
43656 1.15476 
43657 1.15476 
43658 1.15476 
43659 1.15476 
43660 1.15476 
43661 1.15476 
43662 1.15476 
43663 1.15476 
43664 1.15475 
43665 1.15475 
43666 1.15475 
43667 1.15475 
43668 1.15475 
43669 1.15475 
43670 1.15475 
43671 1.15474 
43672 1.15474 
43673 1.15474 
43674 1.15474 
43675 1.15474 
43676 1.15473 
43677 1.15472 
43678 1.15472 
43679 1.15472 
43680 1.15471 
43681 1.1547 
43682 1.1547 
43683 1.15469 
43684 1.15469 
43685 1.15468 
43686 1.15468 
43687 1.15467 
43688 1.15466 
43689 1.15466 
43690 1.15465 
43691 1.15465 
43692 1.15464 
43693 1.15464 
43694 1.15462 
43695 1.15461 
43696 1.15461 
43697 1.15461 
43698 1.1546 
43699 1.1546 
43700 1.15459 
43701 1.15459 
43702 1.15458 
43703 1.15458 
43704 1.15457 
43705 1.15457 
43706 1.15456 
43707 1.15455 
43708 1.15455 
43709 1.15454 
43710 1.15453 
43711 1.15452 
43712 1.15452 
43713 1.1545 
43714 1.1545 
43715 1.15449 
43716 1.15448 
43717 1.15448 
43718 1.15447 
43719 1.15446 
43720 1.15445 
43721 1.15443 
43722 1.15443 
43723 1.15442 
43724 1.15441 
43725 1.1544 
43726 1.15439 
43727 1.15438 
43728 1.15436 
43729 1.15433 
43730 1.15431 
43731 1.15428 
43732 1.15428 
43733 1.15421 
43734 1.15415 
43735 1.15405 
43736 1.154 
43737 1.15393 
43738 1.15382 
43739 1.15347 
43740 1.15275 
43741 1.1526 
43742 1.15178 
43743 1.15173 
43744 1.15173 
43745 1.15167 
43746 1.15167 
43747 1.15165 
43748 1.15165 
43749 1.15165 
43750 1.15164 
43751 1.15164 
43752 1.15164 
43753 1.15163 
43754 1.15163 
43755 1.15163 
43756 1.15163 
43757 1.15163 
43758 1.15163 
43759 1.15163 
43760 1.15163 
43761 1.15163 
43762 1.15163 
43763 1.15163 
43764 1.15163 
43765 1.15163 
43766 1.15163 
43767 1.15163 
43768 1.15163 
43769 1.15163 
43770 1.15163 
43771 1.15163 
43772 1.15162 
43773 1.15162 
43774 1.15162 
43775 1.15162 
43776 1.15162 
43777 1.15162 
43778 1.15162 
43779 1.15162 
43780 1.15162 
43781 1.15162 
43782 1.15162 
43783 1.15162 
43784 1.15162 
43785 1.15162 
43786 1.15162 
43787 1.15162 
43788 1.15162 
43789 1.15162 
43790 1.15162 
43791 1.15162 
43792 1.15162 
43793 1.15161 
43794 1.15161 
43795 1.15161 
43796 1.15161 
43797 1.15161 
43798 1.15161 
43799 1.15161 
43800 1.15161 
43801 1.15161 
43802 1.15161 
43803 1.15161 
43804 1.15161 
43805 1.15161 
43806 1.15161 
43807 1.15161 
43808 1.1516 
43809 1.1516 
43810 1.1516 
43811 1.1516 
43812 1.1516 
43813 1.1516 
43814 1.1516 
43815 1.1516 
43816 1.1516 
43817 1.1516 
43818 1.1516 
43819 1.1516 
43820 1.15159 
43821 1.15159 
43822 1.15159 
43823 1.15159 
43824 1.15159 
43825 1.15159 
43826 1.15159 
43827 1.15159 
43828 1.15158 
43829 1.15158 
43830 1.15158 
43831 1.15158 
43832 1.15158 
43833 1.15157 
43834 1.15156 
43835 1.15156 
43836 1.15156 
43837 1.15155 
43838 1.15154 
43839 1.15154 
43840 1.15153 
43841 1.15153 
43842 1.15152 
43843 1.15152 
43844 1.15151 
43845 1.15151 
43846 1.1515 
43847 1.15149 
43848 1.15148 
43849 1.15148 
43850 1.15147 
43851 1.15147 
43852 1.15146 
43853 1.15146 
43854 1.15146 
43855 1.15145 
43856 1.15145 
43857 1.15144 
43858 1.15144 
43859 1.15144 
43860 1.15144 
43861 1.15143 
43862 1.15143 
43863 1.15142 
43864 1.15141 
43865 1.15141 
43866 1.15141 
43867 1.1514 
43868 1.1514 
43869 1.15139 
43870 1.15139 
43871 1.15137 
43872 1.15136 
43873 1.15136 
43874 1.15135 
43875 1.15134 
43876 1.15133 
43877 1.15133 
43878 1.15132 
43879 1.15131 
43880 1.1513 
43881 1.1513 
43882 1.1513 
43883 1.1513 
43884 1.1513 
43885 1.15129 
43886 1.15128 
43887 1.15128 
43888 1.15128 
43889 1.15127 
43890 1.15126 
43891 1.15125 
43892 1.15124 
43893 1.15123 
43894 1.15122 
43895 1.15121 
43896 1.15119 
43897 1.15118 
43898 1.15117 
43899 1.15093 
43900 1.15077 
43901 1.15065 
43902 1.15048 
43903 1.14907 
43904 1.14883 
43905 1.14883 
43906 1.14883 
43907 1.14883 
43908 1.14883 
43909 1.14882 
43910 1.14882 
43911 1.14882 
43912 1.14882 
43913 1.14882 
43914 1.14882 
43915 1.14882 
43916 1.14881 
43917 1.14881 
43918 1.14881 
43919 1.14881 
43920 1.14881 
43921 1.14881 
43922 1.14881 
43923 1.1488 
43924 1.1488 
43925 1.1488 
43926 1.1488 
43927 1.1488 
43928 1.1488 
43929 1.1488 
43930 1.14879 
43931 1.14879 
43932 1.14879 
43933 1.14879 
43934 1.14879 
43935 1.14879 
43936 1.14879 
43937 1.14878 
43938 1.14878 
43939 1.14878 
43940 1.14878 
43941 1.14877 
43942 1.14877 
43943 1.14877 
43944 1.14877 
43945 1.14877 
43946 1.14876 
43947 1.14876 
43948 1.14876 
43949 1.14876 
43950 1.14875 
43951 1.14875 
43952 1.14875 
43953 1.14875 
43954 1.14874 
43955 1.14873 
43956 1.14873 
43957 1.14872 
43958 1.14872 
43959 1.14872 
43960 1.14871 
43961 1.1487 
43962 1.1487 
43963 1.14869 
43964 1.14868 
43965 1.14867 
43966 1.14866 
43967 1.14865 
43968 1.14864 
43969 1.14863 
43970 1.14863 
43971 1.14862 
43972 1.14861 
43973 1.1486 
43974 1.14859 
43975 1.14857 
43976 1.14856 
43977 1.14855 
43978 1.14855 
43979 1.14854 
43980 1.14853 
43981 1.14853 
43982 1.14853 
43983 1.14852 
43984 1.14851 
43985 1.14851 
43986 1.14851 
43987 1.1485 
43988 1.14849 
43989 1.14848 
43990 1.14848 
43991 1.14846 
43992 1.14844 
43993 1.14842 
43994 1.1484 
43995 1.14839 
43996 1.14837 
43997 1.14835 
43998 1.14832 
43999 1.1483 
44000 1.14827 
44001 1.14827 
44002 1.14827 
44003 1.14826 
44004 1.14826 
44005 1.14826 
44006 1.14825 
44007 1.14825 
44008 1.14825 
44009 1.14824 
44010 1.14824 
44011 1.14823 
44012 1.14822 
44013 1.14821 
44014 1.14819 
44015 1.14818 
44016 1.14816 
44017 1.14815 
44018 1.14814 
44019 1.14812 
44020 1.1481 
44021 1.14808 
44022 1.14802 
44023 1.14799 
44024 1.14796 
44025 1.14793 
44026 1.14789 
44027 1.14783 
44028 1.14773 
44029 1.14765 
44030 1.14755 
44031 1.1473 
44032 1.1469 
44033 1.14539 
44034 1.1453 
44035 1.1453 
44036 1.14522 
44037 1.14521 
44038 1.1452 
44039 1.14519 
44040 1.14518 
44041 1.14517 
44042 1.14517 
44043 1.14516 
44044 1.14515 
44045 1.14514 
44046 1.14513 
44047 1.14512 
44048 1.1451 
44049 1.14509 
44050 1.14507 
44051 1.14504 
44052 1.14502 
44053 1.145 
44054 1.14498 
44055 1.14496 
44056 1.14495 
44057 1.14494 
44058 1.14493 
44059 1.14492 
44060 1.1449 
44061 1.14489 
44062 1.14488 
44063 1.14485 
44064 1.14484 
44065 1.14482 
44066 1.14479 
44067 1.14476 
44068 1.14475 
44069 1.14473 
44070 1.14473 
44071 1.14473 
44072 1.14467 
44073 1.14466 
44074 1.14466 
44075 1.14465 
44076 1.14465 
44077 1.14464 
44078 1.14464 
44079 1.14463 
44080 1.14462 
44081 1.14462 
44082 1.14461 
44083 1.1446 
44084 1.14459 
44085 1.14458 
44086 1.14457 
44087 1.14456 
44088 1.14455 
44089 1.14444 
44090 1.1444 
44091 1.14435 
44092 1.14429 
44093 1.14418 
44094 1.14408 
44095 1.14383 
44096 1.14318 
44097 1.14304 
44098 1.14304 
44099 1.14304 
44100 1.14304 
44101 1.14304 
44102 1.14304 
44103 1.14304 
44104 1.14303 
44105 1.14303 
44106 1.14303 
44107 1.14303 
44108 1.14303 
44109 1.14303 
44110 1.14303 
44111 1.14303 
44112 1.14303 
44113 1.14303 
44114 1.14303 
44115 1.14303 
44116 1.14303 
44117 1.14303 
44118 1.14303 
44119 1.14303 
44120 1.14303 
44121 1.14303 
44122 1.14303 
44123 1.14303 
44124 1.14303 
44125 1.14302 
44126 1.14302 
44127 1.14302 
44128 1.14302 
44129 1.14302 
44130 1.14302 
44131 1.14302 
44132 1.14302 
44133 1.14302 
44134 1.14302 
44135 1.14302 
44136 1.14302 
44137 1.14302 
44138 1.14302 
44139 1.14301 
44140 1.14301 
44141 1.14301 
44142 1.14301 
44143 1.14301 
44144 1.14301 
44145 1.14301 
44146 1.14301 
44147 1.14301 
44148 1.14301 
44149 1.14301 
44150 1.14301 
44151 1.14301 
44152 1.14301 
44153 1.14301 
44154 1.143 
44155 1.143 
44156 1.143 
44157 1.143 
44158 1.143 
44159 1.143 
44160 1.143 
44161 1.143 
44162 1.143 
44163 1.14299 
44164 1.14299 
44165 1.14299 
44166 1.14299 
44167 1.14298 
44168 1.14298 
44169 1.14298 
44170 1.14298 
44171 1.14297 
44172 1.14297 
44173 1.14297 
44174 1.14296 
44175 1.14296 
44176 1.14296 
44177 1.14295 
44178 1.14295 
44179 1.14295 
44180 1.14293 
44181 1.14293 
44182 1.14293 
44183 1.14293 
44184 1.14292 
44185 1.14292 
44186 1.14291 
44187 1.1429 
44188 1.14288 
44189 1.14288 
44190 1.14288 
44191 1.14288 
44192 1.14287 
44193 1.14287 
44194 1.14287 
44195 1.14286 
44196 1.14286 
44197 1.14285 
44198 1.14285 
44199 1.14285 
44200 1.14284 
44201 1.14284 
44202 1.14281 
44203 1.14278 
44204 1.14277 
44205 1.14276 
44206 1.14273 
44207 1.14269 
44208 1.14268 
44209 1.14268 
44210 1.14267 
44211 1.14267 
44212 1.14266 
44213 1.14266 
44214 1.14265 
44215 1.14264 
44216 1.14264 
44217 1.14263 
44218 1.14262 
44219 1.14261 
44220 1.14261 
44221 1.14261 
44222 1.1426 
44223 1.14259 
44224 1.14258 
44225 1.14257 
44226 1.14256 
44227 1.1425 
44228 1.14245 
44229 1.14243 
44230 1.1424 
44231 1.14237 
44232 1.14232 
44233 1.14227 
44234 1.14219 
44235 1.14202 
44236 1.14194 
44237 1.14103 
44238 1.14093 
44239 1.1409 
44240 1.1409 
44241 1.1409 
44242 1.1409 
44243 1.1409 
44244 1.1409 
44245 1.1409 
44246 1.1409 
44247 1.1409 
44248 1.1409 
44249 1.1409 
44250 1.1409 
44251 1.1409 
44252 1.1409 
44253 1.1409 
44254 1.14089 
44255 1.14089 
44256 1.14089 
44257 1.14089 
44258 1.14089 
44259 1.14089 
44260 1.14089 
44261 1.14089 
44262 1.14089 
44263 1.14089 
44264 1.14089 
44265 1.14089 
44266 1.14089 
44267 1.14089 
44268 1.14089 
44269 1.14089 
44270 1.14089 
44271 1.14089 
44272 1.14089 
44273 1.14089 
44274 1.14089 
44275 1.14088 
44276 1.14088 
44277 1.14088 
44278 1.14088 
44279 1.14088 
44280 1.14088 
44281 1.14088 
44282 1.14088 
44283 1.14088 
44284 1.14088 
44285 1.14088 
44286 1.14088 
44287 1.14088 
44288 1.14088 
44289 1.14088 
44290 1.14087 
44291 1.14087 
44292 1.14087 
44293 1.14087 
44294 1.14087 
44295 1.14087 
44296 1.14087 
44297 1.14087 
44298 1.14087 
44299 1.14087 
44300 1.14087 
44301 1.14087 
44302 1.14086 
44303 1.14086 
44304 1.14086 
44305 1.14086 
44306 1.14085 
44307 1.14085 
44308 1.14085 
44309 1.14084 
44310 1.14084 
44311 1.14084 
44312 1.14084 
44313 1.14083 
44314 1.14083 
44315 1.14083 
44316 1.14082 
44317 1.14082 
44318 1.14082 
44319 1.14082 
44320 1.14081 
44321 1.14081 
44322 1.14081 
44323 1.1408 
44324 1.1408 
44325 1.1408 
44326 1.14079 
44327 1.14079 
44328 1.14078 
44329 1.14078 
44330 1.14077 
44331 1.14076 
44332 1.14076 
44333 1.14075 
44334 1.14075 
44335 1.14075 
44336 1.14074 
44337 1.14074 
44338 1.14074 
44339 1.14073 
44340 1.14073 
44341 1.14073 
44342 1.14073 
44343 1.14072 
44344 1.14072 
44345 1.14072 
44346 1.14072 
44347 1.14071 
44348 1.14071 
44349 1.14071 
44350 1.1407 
44351 1.1407 
44352 1.1407 
44353 1.1407 
44354 1.14069 
44355 1.14068 
44356 1.14068 
44357 1.14067 
44358 1.14066 
44359 1.14065 
44360 1.14065 
44361 1.14063 
44362 1.14062 
44363 1.14061 
44364 1.1406 
44365 1.1406 
44366 1.14059 
44367 1.14059 
44368 1.14059 
44369 1.14059 
44370 1.14059 
44371 1.14058 
44372 1.14058 
44373 1.14058 
44374 1.14058 
44375 1.14057 
44376 1.14057 
44377 1.14057 
44378 1.14057 
44379 1.14057 
44380 1.14056 
44381 1.14056 
44382 1.14056 
44383 1.14056 
44384 1.14056 
44385 1.14055 
44386 1.14055 
44387 1.14055 
44388 1.14055 
44389 1.14055 
44390 1.14054 
44391 1.14054 
44392 1.14054 
44393 1.14054 
44394 1.14053 
44395 1.14053 
44396 1.14052 
44397 1.14052 
44398 1.14051 
44399 1.14051 
44400 1.1405 
44401 1.1405 
44402 1.14049 
44403 1.14049 
44404 1.14048 
44405 1.14047 
44406 1.14047 
44407 1.14046 
44408 1.14045 
44409 1.14044 
44410 1.14043 
44411 1.1404 
44412 1.14037 
44413 1.14033 
44414 1.1403 
44415 1.14026 
44416 1.14019 
44417 1.14013 
44418 1.14006 
44419 1.1399 
44420 1.13976 
44421 1.13594 
44422 1.13561 
44423 1.13558 
44424 1.13556 
44425 1.13554 
44426 1.13554 
44427 1.13553 
44428 1.13553 
44429 1.13553 
44430 1.13553 
44431 1.13553 
44432 1.13552 
44433 1.13552 
44434 1.13552 
44435 1.13552 
44436 1.13551 
44437 1.13551 
44438 1.13551 
44439 1.13551 
44440 1.1355 
44441 1.1355 
44442 1.1355 
44443 1.1355 
44444 1.1355 
44445 1.1355 
44446 1.13549 
44447 1.13549 
44448 1.13549 
44449 1.13548 
44450 1.13548 
44451 1.13548 
44452 1.13547 
44453 1.13547 
44454 1.13547 
44455 1.13547 
44456 1.13546 
44457 1.13546 
44458 1.13545 
44459 1.13545 
44460 1.13545 
44461 1.13544 
44462 1.13543 
44463 1.13543 
44464 1.13543 
44465 1.13542 
44466 1.13542 
44467 1.13541 
44468 1.1354 
44469 1.13539 
44470 1.13538 
44471 1.13538 
44472 1.13537 
44473 1.13536 
44474 1.13536 
44475 1.13535 
44476 1.13533 
44477 1.13533 
44478 1.13532 
44479 1.13531 
44480 1.1353 
44481 1.13529 
44482 1.13527 
44483 1.13526 
44484 1.13526 
44485 1.13524 
44486 1.13523 
44487 1.13522 
44488 1.13522 
44489 1.13521 
44490 1.1352 
44491 1.13518 
44492 1.13515 
44493 1.13514 
44494 1.13514 
44495 1.13508 
44496 1.13503 
44497 1.13498 
44498 1.13493 
44499 1.1349 
44500 1.13483 
44501 1.13476 
44502 1.13472 
44503 1.13472 
44504 1.13471 
44505 1.13471 
44506 1.13471 
44507 1.13471 
44508 1.1347 
44509 1.1347 
44510 1.1347 
44511 1.1347 
44512 1.1347 
44513 1.1347 
44514 1.13469 
44515 1.13469 
44516 1.13469 
44517 1.13469 
44518 1.13469 
44519 1.13469 
44520 1.13468 
44521 1.13468 
44522 1.13468 
44523 1.13468 
44524 1.13468 
44525 1.13467 
44526 1.13467 
44527 1.13467 
44528 1.13467 
44529 1.13467 
44530 1.13466 
44531 1.13465 
44532 1.13464 
44533 1.13463 
44534 1.13463 
44535 1.13462 
44536 1.13462 
44537 1.13461 
44538 1.1346 
44539 1.13459 
44540 1.13459 
44541 1.13459 
44542 1.13458 
44543 1.13458 
44544 1.13458 
44545 1.13457 
44546 1.13457 
44547 1.13457 
44548 1.13456 
44549 1.13456 
44550 1.13456 
44551 1.13455 
44552 1.13455 
44553 1.13455 
44554 1.13454 
44555 1.13454 
44556 1.13453 
44557 1.13453 
44558 1.13452 
44559 1.13449 
44560 1.13443 
44561 1.1344 
44562 1.13435 
44563 1.13427 
44564 1.13411 
44565 1.13402 
44566 1.13399 
44567 1.13397 
44568 1.13394 
44569 1.13391 
44570 1.13387 
44571 1.13383 
44572 1.13378 
44573 1.13364 
44574 1.13351 
44575 1.13326 
44576 1.13314 
44577 1.13313 
44578 1.13313 
44579 1.13313 
44580 1.13313 
44581 1.13313 
44582 1.13313 
44583 1.13313 
44584 1.13313 
44585 1.13313 
44586 1.13313 
44587 1.13313 
44588 1.13313 
44589 1.13313 
44590 1.13313 
44591 1.13313 
44592 1.13312 
44593 1.13312 
44594 1.13312 
44595 1.13312 
44596 1.13312 
44597 1.13312 
44598 1.13312 
44599 1.13312 
44600 1.13312 
44601 1.13312 
44602 1.13312 
44603 1.13312 
44604 1.13312 
44605 1.13312 
44606 1.13312 
44607 1.13312 
44608 1.13312 
44609 1.13312 
44610 1.13311 
44611 1.13311 
44612 1.13311 
44613 1.13311 
44614 1.13311 
44615 1.13311 
44616 1.13311 
44617 1.13311 
44618 1.13311 
44619 1.13311 
44620 1.13311 
44621 1.13311 
44622 1.13311 
44623 1.13311 
44624 1.1331 
44625 1.1331 
44626 1.1331 
44627 1.1331 
44628 1.1331 
44629 1.1331 
44630 1.1331 
44631 1.1331 
44632 1.1331 
44633 1.1331 
44634 1.1331 
44635 1.1331 
44636 1.1331 
44637 1.1331 
44638 1.13309 
44639 1.13309 
44640 1.13309 
44641 1.13309 
44642 1.13309 
44643 1.13309 
44644 1.13309 
44645 1.13309 
44646 1.13308 
44647 1.13308 
44648 1.13308 
44649 1.13307 
44650 1.13307 
44651 1.13307 
44652 1.13307 
44653 1.13306 
44654 1.13306 
44655 1.13306 
44656 1.13306 
44657 1.13305 
44658 1.13305 
44659 1.13304 
44660 1.13304 
44661 1.13303 
44662 1.13303 
44663 1.13303 
44664 1.13303 
44665 1.13303 
44666 1.13302 
44667 1.13302 
44668 1.13302 
44669 1.13301 
44670 1.13301 
44671 1.133 
44672 1.133 
44673 1.133 
44674 1.13299 
44675 1.13299 
44676 1.13298 
44677 1.13298 
44678 1.13298 
44679 1.13297 
44680 1.13296 
44681 1.13294 
44682 1.13292 
44683 1.1329 
44684 1.13288 
44685 1.13284 
44686 1.13282 
44687 1.13282 
44688 1.13281 
44689 1.13281 
44690 1.13281 
44691 1.1328 
44692 1.1328 
44693 1.1328 
44694 1.1328 
44695 1.13279 
44696 1.13279 
44697 1.13279 
44698 1.13279 
44699 1.13278 
44700 1.13278 
44701 1.13277 
44702 1.13277 
44703 1.13276 
44704 1.13276 
44705 1.13275 
44706 1.13275 
44707 1.13275 
44708 1.13274 
44709 1.13274 
44710 1.13273 
44711 1.13273 
44712 1.13272 
44713 1.13271 
44714 1.13271 
44715 1.1327 
44716 1.1327 
44717 1.13269 
44718 1.13269 
44719 1.13269 
44720 1.13268 
44721 1.13266 
44722 1.13265 
44723 1.13264 
44724 1.13258 
44725 1.13251 
44726 1.13245 
44727 1.13241 
44728 1.13227 
44729 1.13201 
44730 1.13191 
44731 1.13017 
44732 1.13008 
44733 1.13008 
44734 1.13002 
44735 1.13001 
44736 1.12999 
44737 1.12998 
44738 1.12998 
44739 1.12998 
44740 1.12997 
44741 1.12997 
44742 1.12997 
44743 1.12997 
44744 1.12997 
44745 1.12997 
44746 1.12997 
44747 1.12997 
44748 1.12997 
44749 1.12997 
44750 1.12997 
44751 1.12997 
44752 1.12997 
44753 1.12997 
44754 1.12997 
44755 1.12997 
44756 1.12997 
44757 1.12997 
44758 1.12997 
44759 1.12997 
44760 1.12997 
44761 1.12997 
44762 1.12997 
44763 1.12996 
44764 1.12996 
44765 1.12996 
44766 1.12996 
44767 1.12996 
44768 1.12996 
44769 1.12996 
44770 1.12996 
44771 1.12996 
44772 1.12996 
44773 1.12996 
44774 1.12996 
44775 1.12996 
44776 1.12996 
44777 1.12996 
44778 1.12996 
44779 1.12996 
44780 1.12996 
44781 1.12995 
44782 1.12995 
44783 1.12995 
44784 1.12995 
44785 1.12995 
44786 1.12995 
44787 1.12995 
44788 1.12995 
44789 1.12995 
44790 1.12995 
44791 1.12995 
44792 1.12995 
44793 1.12995 
44794 1.12995 
44795 1.12994 
44796 1.12994 
44797 1.12994 
44798 1.12994 
44799 1.12994 
44800 1.12994 
44801 1.12994 
44802 1.12994 
44803 1.12994 
44804 1.12993 
44805 1.12993 
44806 1.12993 
44807 1.12993 
44808 1.12993 
44809 1.12993 
44810 1.12993 
44811 1.12993 
44812 1.12993 
44813 1.12993 
44814 1.12993 
44815 1.12993 
44816 1.12992 
44817 1.12992 
44818 1.12992 
44819 1.12992 
44820 1.12992 
44821 1.12992 
44822 1.12991 
44823 1.12991 
44824 1.1299 
44825 1.1299 
44826 1.1299 
44827 1.12989 
44828 1.12989 
44829 1.12989 
44830 1.12988 
44831 1.12988 
44832 1.12988 
44833 1.12987 
44834 1.12987 
44835 1.12987 
44836 1.12986 
44837 1.12985 
44838 1.12985 
44839 1.12984 
44840 1.12983 
44841 1.12983 
44842 1.12982 
44843 1.12982 
44844 1.12981 
44845 1.1298 
44846 1.12979 
44847 1.12978 
44848 1.12977 
44849 1.12977 
44850 1.12976 
44851 1.12976 
44852 1.12975 
44853 1.12975 
44854 1.12974 
44855 1.12974 
44856 1.12974 
44857 1.12973 
44858 1.12973 
44859 1.12972 
44860 1.12972 
44861 1.12972 
44862 1.12971 
44863 1.12971 
44864 1.1297 
44865 1.12969 
44866 1.12969 
44867 1.12966 
44868 1.12964 
44869 1.12958 
44870 1.12952 
44871 1.12951 
44872 1.1295 
44873 1.1295 
44874 1.1295 
44875 1.12949 
44876 1.12949 
44877 1.12948 
44878 1.12948 
44879 1.12948 
44880 1.12948 
44881 1.12948 
44882 1.12948 
44883 1.12948 
44884 1.12948 
44885 1.12947 
44886 1.12947 
44887 1.12947 
44888 1.12947 
44889 1.12947 
44890 1.12947 
44891 1.12946 
44892 1.12946 
44893 1.12946 
44894 1.12946 
44895 1.12946 
44896 1.12946 
44897 1.12945 
44898 1.12945 
44899 1.12945 
44900 1.12945 
44901 1.12945 
44902 1.12944 
44903 1.12944 
44904 1.12944 
44905 1.12944 
44906 1.12944 
44907 1.12943 
44908 1.12943 
44909 1.12943 
44910 1.12942 
44911 1.12942 
44912 1.12942 
44913 1.12941 
44914 1.12941 
44915 1.12941 
44916 1.12941 
44917 1.1294 
44918 1.1294 
44919 1.1294 
44920 1.1294 
44921 1.12939 
44922 1.12939 
44923 1.12939 
44924 1.12938 
44925 1.12938 
44926 1.12937 
44927 1.12937 
44928 1.12936 
44929 1.12936 
44930 1.12935 
44931 1.12934 
44932 1.12934 
44933 1.12933 
44934 1.12932 
44935 1.12931 
44936 1.12931 
44937 1.12926 
44938 1.12917 
44939 1.12909 
44940 1.12902 
44941 1.129 
44942 1.12898 
44943 1.12896 
44944 1.12894 
44945 1.12891 
44946 1.12888 
44947 1.12885 
44948 1.1288 
44949 1.12874 
44950 1.12864 
44951 1.12851 
44952 1.12832 
44953 1.12749 
44954 1.1274 
44955 1.1274 
44956 1.12738 
44957 1.12736 
44958 1.12736 
44959 1.12736 
44960 1.12736 
44961 1.12736 
44962 1.12736 
44963 1.12736 
44964 1.12736 
44965 1.12736 
44966 1.12736 
44967 1.12736 
44968 1.12736 
44969 1.12736 
44970 1.12736 
44971 1.12736 
44972 1.12736 
44973 1.12736 
44974 1.12736 
44975 1.12736 
44976 1.12736 
44977 1.12736 
44978 1.12736 
44979 1.12736 
44980 1.12735 
44981 1.12735 
44982 1.12735 
44983 1.12735 
44984 1.12735 
44985 1.12735 
44986 1.12735 
44987 1.12735 
44988 1.12735 
44989 1.12735 
44990 1.12735 
44991 1.12735 
44992 1.12735 
44993 1.12735 
44994 1.12735 
44995 1.12735 
44996 1.12735 
44997 1.12735 
44998 1.12735 
44999 1.12735 
45000 1.12735 
45001 1.12735 
45002 1.12735 
45003 1.12735 
45004 1.12735 
45005 1.12735 
45006 1.12735 
45007 1.12735 
45008 1.12735 
45009 1.12735 
45010 1.12735 
45011 1.12734 
45012 1.12734 
45013 1.12734 
45014 1.12734 
45015 1.12734 
45016 1.12734 
45017 1.12734 
45018 1.12734 
45019 1.12734 
45020 1.12734 
45021 1.12734 
45022 1.12734 
45023 1.12734 
45024 1.12734 
45025 1.12734 
45026 1.12733 
45027 1.12733 
45028 1.12733 
45029 1.12733 
45030 1.12733 
45031 1.12733 
45032 1.12733 
45033 1.12733 
45034 1.12733 
45035 1.12733 
45036 1.12733 
45037 1.12732 
45038 1.12732 
45039 1.12732 
45040 1.12731 
45041 1.12731 
45042 1.12731 
45043 1.1273 
45044 1.1273 
45045 1.12729 
45046 1.12729 
45047 1.12729 
45048 1.12728 
45049 1.12727 
45050 1.12726 
45051 1.12726 
45052 1.12726 
45053 1.12725 
45054 1.12725 
45055 1.12724 
45056 1.12724 
45057 1.12724 
45058 1.12723 
45059 1.12722 
45060 1.12722 
45061 1.12721 
45062 1.12721 
45063 1.1272 
45064 1.1272 
45065 1.1272 
45066 1.12719 
45067 1.12719 
45068 1.12719 
45069 1.12718 
45070 1.12718 
45071 1.12718 
45072 1.12714 
45073 1.12706 
45074 1.12704 
45075 1.12702 
45076 1.12702 
45077 1.12701 
45078 1.127 
45079 1.127 
45080 1.127 
45081 1.127 
45082 1.127 
45083 1.127 
45084 1.127 
45085 1.12699 
45086 1.12699 
45087 1.12699 
45088 1.12699 
45089 1.12699 
45090 1.12699 
45091 1.12699 
45092 1.12699 
45093 1.12699 
45094 1.12699 
45095 1.12699 
45096 1.12698 
45097 1.12698 
45098 1.12698 
45099 1.12698 
45100 1.12698 
45101 1.12698 
45102 1.12697 
45103 1.12697 
45104 1.12697 
45105 1.12697 
45106 1.12697 
45107 1.12697 
45108 1.12696 
45109 1.12696 
45110 1.12691 
45111 1.12691 
45112 1.12686 
45113 1.12682 
45114 1.12678 
45115 1.12673 
45116 1.12668 
45117 1.12663 
45118 1.12655 
45119 1.12634 
45120 1.12625 
45121 1.12625 
45122 1.12625 
45123 1.12625 
45124 1.12625 
45125 1.12625 
45126 1.12625 
45127 1.12625 
45128 1.12625 
45129 1.12625 
45130 1.12625 
45131 1.12624 
45132 1.12624 
45133 1.12624 
45134 1.12624 
45135 1.12624 
45136 1.12624 
45137 1.12624 
45138 1.12624 
45139 1.12624 
45140 1.12624 
45141 1.12624 
45142 1.12624 
45143 1.12624 
45144 1.12624 
45145 1.12624 
45146 1.12624 
45147 1.12624 
45148 1.12624 
45149 1.12624 
45150 1.12624 
45151 1.12624 
45152 1.12623 
45153 1.12623 
45154 1.12623 
45155 1.12623 
45156 1.12623 
45157 1.12623 
45158 1.12623 
45159 1.12623 
45160 1.12623 
45161 1.12623 
45162 1.12623 
45163 1.12623 
45164 1.12623 
45165 1.12623 
45166 1.12623 
45167 1.12623 
45168 1.12623 
45169 1.12623 
45170 1.12623 
45171 1.12623 
45172 1.12622 
45173 1.12622 
45174 1.12622 
45175 1.12622 
45176 1.12622 
45177 1.12622 
45178 1.12622 
45179 1.12622 
45180 1.12622 
45181 1.12622 
45182 1.12622 
45183 1.12622 
45184 1.12621 
45185 1.12621 
45186 1.12621 
45187 1.12621 
45188 1.12621 
45189 1.12621 
45190 1.12621 
45191 1.12621 
45192 1.1262 
45193 1.1262 
45194 1.1262 
45195 1.1262 
45196 1.1262 
45197 1.1262 
45198 1.1262 
45199 1.12619 
45200 1.12619 
45201 1.12619 
45202 1.12619 
45203 1.12619 
45204 1.12619 
45205 1.12619 
45206 1.12619 
45207 1.12618 
45208 1.12618 
45209 1.12618 
45210 1.12617 
45211 1.12616 
45212 1.12616 
45213 1.12616 
45214 1.12615 
45215 1.12615 
45216 1.12615 
45217 1.12614 
45218 1.12614 
45219 1.12611 
45220 1.12608 
45221 1.12605 
45222 1.12604 
45223 1.12602 
45224 1.126 
45225 1.12599 
45226 1.12598 
45227 1.12598 
45228 1.12598 
45229 1.12598 
45230 1.12597 
45231 1.12597 
45232 1.12597 
45233 1.12597 
45234 1.12596 
45235 1.12596 
45236 1.12596 
45237 1.12596 
45238 1.12595 
45239 1.12595 
45240 1.12595 
45241 1.12594 
45242 1.12594 
45243 1.12594 
45244 1.12593 
45245 1.12593 
45246 1.12593 
45247 1.12592 
45248 1.12592 
45249 1.12591 
45250 1.12591 
45251 1.1259 
45252 1.1259 
45253 1.12589 
45254 1.12588 
45255 1.12588 
45256 1.12587 
45257 1.12586 
45258 1.12585 
45259 1.12585 
45260 1.12581 
45261 1.12578 
45262 1.12575 
45263 1.12571 
45264 1.12564 
45265 1.12561 
45266 1.12547 
45267 1.12538 
45268 1.12531 
45269 1.12512 
45270 1.12505 
45271 1.12462 
45272 1.12182 
45273 1.12175 
45274 1.12175 
45275 1.12171 
45276 1.12168 
45277 1.12164 
45278 1.12161 
45279 1.12152 
45280 1.12148 
45281 1.12146 
45282 1.12143 
45283 1.12139 
45284 1.12135 
45285 1.12128 
45286 1.12122 
45287 1.12116 
45288 1.12109 
45289 1.12106 
45290 1.12105 
45291 1.12101 
45292 1.12097 
45293 1.12095 
45294 1.12092 
45295 1.12087 
45296 1.12079 
45297 1.12079 
45298 1.12079 
45299 1.12079 
45300 1.12079 
45301 1.12079 
45302 1.12079 
45303 1.12078 
45304 1.12078 
45305 1.12078 
45306 1.12078 
45307 1.12078 
45308 1.12078 
45309 1.12078 
45310 1.12078 
45311 1.12078 
45312 1.12078 
45313 1.12077 
45314 1.12077 
45315 1.12077 
45316 1.12077 
45317 1.12077 
45318 1.12077 
45319 1.12077 
45320 1.12077 
45321 1.12077 
45322 1.12077 
45323 1.12076 
45324 1.12076 
45325 1.12076 
45326 1.12076 
45327 1.12076 
45328 1.12076 
45329 1.12076 
45330 1.12076 
45331 1.12076 
45332 1.12076 
45333 1.12075 
45334 1.12075 
45335 1.12075 
45336 1.12075 
45337 1.12075 
45338 1.12075 
45339 1.12075 
45340 1.12075 
45341 1.12075 
45342 1.12075 
45343 1.12074 
45344 1.12074 
45345 1.12074 
45346 1.12074 
45347 1.12074 
45348 1.12074 
45349 1.12074 
45350 1.12074 
45351 1.12073 
45352 1.12073 
45353 1.12073 
45354 1.12073 
45355 1.12073 
45356 1.12073 
45357 1.12073 
45358 1.12073 
45359 1.12073 
45360 1.12073 
45361 1.12072 
45362 1.12072 
45363 1.12072 
45364 1.12072 
45365 1.12072 
45366 1.12072 
45367 1.12072 
45368 1.12072 
45369 1.12072 
45370 1.12071 
45371 1.12071 
45372 1.12071 
45373 1.12071 
45374 1.12071 
45375 1.12071 
45376 1.12071 
45377 1.12071 
45378 1.1207 
45379 1.1207 
45380 1.1207 
45381 1.1207 
45382 1.1207 
45383 1.1207 
45384 1.1207 
45385 1.12069 
45386 1.12069 
45387 1.12069 
45388 1.12069 
45389 1.12069 
45390 1.12069 
45391 1.12069 
45392 1.12068 
45393 1.12068 
45394 1.12068 
45395 1.12068 
45396 1.12068 
45397 1.12068 
45398 1.12067 
45399 1.12067 
45400 1.12067 
45401 1.12067 
45402 1.12067 
45403 1.12067 
45404 1.12066 
45405 1.12066 
45406 1.12066 
45407 1.12066 
45408 1.12066 
45409 1.12066 
45410 1.12065 
45411 1.12065 
45412 1.12065 
45413 1.12065 
45414 1.12065 
45415 1.12064 
45416 1.12064 
45417 1.12064 
45418 1.12064 
45419 1.12063 
45420 1.12063 
45421 1.12063 
45422 1.12063 
45423 1.12062 
45424 1.12061 
45425 1.12059 
45426 1.12056 
45427 1.12054 
45428 1.12051 
45429 1.12048 
45430 1.12042 
45431 1.12041 
45432 1.12035 
45433 1.12035 
45434 1.1203 
45435 1.12024 
45436 1.12015 
45437 1.12011 
45438 1.12006 
45439 1.11999 
45440 1.11996 
45441 1.11992 
45442 1.11988 
45443 1.11983 
45444 1.11977 
45445 1.11968 
45446 1.11956 
45447 1.11937 
45448 1.11926 
45449 1.11909 
45450 1.11885 
45451 1.11855 
45452 1.11845 
45453 1.11845 
45454 1.11845 
45455 1.11845 
45456 1.11845 
45457 1.11845 
45458 1.11845 
45459 1.11845 
45460 1.11845 
45461 1.11845 
45462 1.11845 
45463 1.11845 
45464 1.11845 
45465 1.11845 
45466 1.11845 
45467 1.11845 
45468 1.11845 
45469 1.11844 
45470 1.11844 
45471 1.11844 
45472 1.11844 
45473 1.11844 
45474 1.11844 
45475 1.11844 
45476 1.11844 
45477 1.11844 
45478 1.11844 
45479 1.11844 
45480 1.11844 
45481 1.11844 
45482 1.11844 
45483 1.11844 
45484 1.11844 
45485 1.11844 
45486 1.11844 
45487 1.11844 
45488 1.11843 
45489 1.11843 
45490 1.11843 
45491 1.11843 
45492 1.11843 
45493 1.11843 
45494 1.11843 
45495 1.11843 
45496 1.11843 
45497 1.11843 
45498 1.11843 
45499 1.11843 
45500 1.11843 
45501 1.11843 
45502 1.11843 
45503 1.11843 
45504 1.11843 
45505 1.11843 
45506 1.11843 
45507 1.11843 
45508 1.11842 
45509 1.11842 
45510 1.11842 
45511 1.11842 
45512 1.11842 
45513 1.11842 
45514 1.11842 
45515 1.11842 
45516 1.11842 
45517 1.11842 
45518 1.11842 
45519 1.11842 
45520 1.11842 
45521 1.11842 
45522 1.11842 
45523 1.11842 
45524 1.11842 
45525 1.11842 
45526 1.11842 
45527 1.11841 
45528 1.11841 
45529 1.11841 
45530 1.11841 
45531 1.11841 
45532 1.11841 
45533 1.11841 
45534 1.11841 
45535 1.11841 
45536 1.11841 
45537 1.1184 
45538 1.1184 
45539 1.1184 
45540 1.1184 
45541 1.1184 
45542 1.1184 
45543 1.1184 
45544 1.1184 
45545 1.1184 
45546 1.1184 
45547 1.11839 
45548 1.11839 
45549 1.11839 
45550 1.11839 
45551 1.11839 
45552 1.11839 
45553 1.11838 
45554 1.11838 
45555 1.11838 
45556 1.11837 
45557 1.11836 
45558 1.11836 
45559 1.11835 
45560 1.11835 
45561 1.11835 
45562 1.11833 
45563 1.11832 
45564 1.11831 
45565 1.11831 
45566 1.1183 
45567 1.1183 
45568 1.1183 
45569 1.11829 
45570 1.11829 
45571 1.11828 
45572 1.11828 
45573 1.11827 
45574 1.11826 
45575 1.11825 
45576 1.11825 
45577 1.11823 
45578 1.11823 
45579 1.11822 
45580 1.11821 
45581 1.11819 
45582 1.11818 
45583 1.11817 
45584 1.11817 
45585 1.11817 
45586 1.11817 
45587 1.11817 
45588 1.11816 
45589 1.11816 
45590 1.11816 
45591 1.11816 
45592 1.11816 
45593 1.11816 
45594 1.11816 
45595 1.11816 
45596 1.11816 
45597 1.11816 
45598 1.11816 
45599 1.11815 
45600 1.11815 
45601 1.11815 
45602 1.11815 
45603 1.11815 
45604 1.11815 
45605 1.11815 
45606 1.11815 
45607 1.11815 
45608 1.11815 
45609 1.11815 
45610 1.11815 
45611 1.11814 
45612 1.11814 
45613 1.11814 
45614 1.11814 
45615 1.11814 
45616 1.11814 
45617 1.11814 
45618 1.11814 
45619 1.11814 
45620 1.11813 
45621 1.11813 
45622 1.11813 
45623 1.11813 
45624 1.11813 
45625 1.11812 
45626 1.11812 
45627 1.11811 
45628 1.11811 
45629 1.11811 
45630 1.1181 
45631 1.1181 
45632 1.11809 
45633 1.11809 
45634 1.11808 
45635 1.11808 
45636 1.11807 
45637 1.11807 
45638 1.11807 
45639 1.11806 
45640 1.11806 
45641 1.11805 
45642 1.11805 
45643 1.11804 
45644 1.11804 
45645 1.11804 
45646 1.11803 
45647 1.11803 
45648 1.11802 
45649 1.11801 
45650 1.11801 
45651 1.118 
45652 1.118 
45653 1.11799 
45654 1.11798 
45655 1.11798 
45656 1.11797 
45657 1.11796 
45658 1.11795 
45659 1.11794 
45660 1.11794 
45661 1.11793 
45662 1.11792 
45663 1.11791 
45664 1.1179 
45665 1.11789 
45666 1.11788 
45667 1.11787 
45668 1.11786 
45669 1.11774 
45670 1.11771 
45671 1.11767 
45672 1.11761 
45673 1.11755 
45674 1.11735 
45675 1.11698 
45676 1.11645 
45677 1.11612 
45678 1.11345 
45679 1.11338 
45680 1.11338 
45681 1.11323 
45682 1.11322 
45683 1.11321 
45684 1.1132 
45685 1.1132 
45686 1.11319 
45687 1.11319 
45688 1.11319 
45689 1.11319 
45690 1.11319 
45691 1.11318 
45692 1.11318 
45693 1.11318 
45694 1.11318 
45695 1.11318 
45696 1.11318 
45697 1.11317 
45698 1.11317 
45699 1.11317 
45700 1.11317 
45701 1.11316 
45702 1.11316 
45703 1.11316 
45704 1.11316 
45705 1.11315 
45706 1.11315 
45707 1.11315 
45708 1.11314 
45709 1.11314 
45710 1.11314 
45711 1.11313 
45712 1.11313 
45713 1.11313 
45714 1.11313 
45715 1.11312 
45716 1.11312 
45717 1.11312 
45718 1.11311 
45719 1.11311 
45720 1.11311 
45721 1.1131 
45722 1.11309 
45723 1.11309 
45724 1.11308 
45725 1.11308 
45726 1.11307 
45727 1.11306 
45728 1.11306 
45729 1.11305 
45730 1.11304 
45731 1.11303 
45732 1.11303 
45733 1.11302 
45734 1.113 
45735 1.11299 
45736 1.11298 
45737 1.11297 
45738 1.11296 
45739 1.11294 
45740 1.11292 
45741 1.11291 
45742 1.1129 
45743 1.11289 
45744 1.11288 
45745 1.11288 
45746 1.11287 
45747 1.11287 
45748 1.11283 
45749 1.11278 
45750 1.11276 
45751 1.11274 
45752 1.11273 
45753 1.11268 
45754 1.11268 
45755 1.11268 
45756 1.11268 
45757 1.11268 
45758 1.11268 
45759 1.11268 
45760 1.11268 
45761 1.11267 
45762 1.11267 
45763 1.11267 
45764 1.11267 
45765 1.11267 
45766 1.11267 
45767 1.11267 
45768 1.11267 
45769 1.11267 
45770 1.11267 
45771 1.11267 
45772 1.11267 
45773 1.11266 
45774 1.11266 
45775 1.11266 
45776 1.11266 
45777 1.11266 
45778 1.11266 
45779 1.11265 
45780 1.11265 
45781 1.11265 
45782 1.11265 
45783 1.11265 
45784 1.11265 
45785 1.11264 
45786 1.11264 
45787 1.11264 
45788 1.11264 
45789 1.11264 
45790 1.11264 
45791 1.11264 
45792 1.11263 
45793 1.11263 
45794 1.11263 
45795 1.11263 
45796 1.11263 
45797 1.11263 
45798 1.11262 
45799 1.11262 
45800 1.11262 
45801 1.11262 
45802 1.11262 
45803 1.11261 
45804 1.11261 
45805 1.11261 
45806 1.11261 
45807 1.11261 
45808 1.11261 
45809 1.1126 
45810 1.1126 
45811 1.1126 
45812 1.1126 
45813 1.1126 
45814 1.1126 
45815 1.11259 
45816 1.11259 
45817 1.11259 
45818 1.11259 
45819 1.11259 
45820 1.11258 
45821 1.11258 
45822 1.11258 
45823 1.11258 
45824 1.11257 
45825 1.11257 
45826 1.11257 
45827 1.11257 
45828 1.11256 
45829 1.11256 
45830 1.11256 
45831 1.11256 
45832 1.11255 
45833 1.11255 
45834 1.11255 
45835 1.11255 
45836 1.11254 
45837 1.11254 
45838 1.11254 
45839 1.11253 
45840 1.11253 
45841 1.11253 
45842 1.11252 
45843 1.11252 
45844 1.11252 
45845 1.11249 
45846 1.11247 
45847 1.11247 
45848 1.11245 
45849 1.11244 
45850 1.11242 
45851 1.11237 
45852 1.11235 
45853 1.11231 
45854 1.11228 
45855 1.11223 
45856 1.11209 
45857 1.11206 
45858 1.11203 
45859 1.11199 
45860 1.11193 
45861 1.11191 
45862 1.11188 
45863 1.11185 
45864 1.11181 
45865 1.11175 
45866 1.11169 
45867 1.11161 
45868 1.1115 
45869 1.11132 
45870 1.11123 
45871 1.11123 
45872 1.11122 
45873 1.11122 
45874 1.11122 
45875 1.11122 
45876 1.11122 
45877 1.11122 
45878 1.11122 
45879 1.11122 
45880 1.11122 
45881 1.11122 
45882 1.11122 
45883 1.11122 
45884 1.11122 
45885 1.11122 
45886 1.11122 
45887 1.11122 
45888 1.11122 
45889 1.11122 
45890 1.11122 
45891 1.11122 
45892 1.11122 
45893 1.11122 
45894 1.11121 
45895 1.11121 
45896 1.11121 
45897 1.11121 
45898 1.11121 
45899 1.11121 
45900 1.11121 
45901 1.11121 
45902 1.11121 
45903 1.11121 
45904 1.11121 
45905 1.11121 
45906 1.11121 
45907 1.11121 
45908 1.11121 
45909 1.11121 
45910 1.11121 
45911 1.11121 
45912 1.11121 
45913 1.11121 
45914 1.1112 
45915 1.1112 
45916 1.1112 
45917 1.1112 
45918 1.1112 
45919 1.1112 
45920 1.1112 
45921 1.1112 
45922 1.1112 
45923 1.1112 
45924 1.1112 
45925 1.1112 
45926 1.1112 
45927 1.1112 
45928 1.1112 
45929 1.11119 
45930 1.11119 
45931 1.11119 
45932 1.11119 
45933 1.11119 
45934 1.11119 
45935 1.11119 
45936 1.11119 
45937 1.11119 
45938 1.11119 
45939 1.11119 
45940 1.11118 
45941 1.11118 
45942 1.11118 
45943 1.11118 
45944 1.11117 
45945 1.11117 
45946 1.11117 
45947 1.11117 
45948 1.11117 
45949 1.11117 
45950 1.11116 
45951 1.11116 
45952 1.11116 
45953 1.11116 
45954 1.11115 
45955 1.11115 
45956 1.11115 
45957 1.11114 
45958 1.11114 
45959 1.11114 
45960 1.11114 
45961 1.11114 
45962 1.11114 
45963 1.11113 
45964 1.11113 
45965 1.11113 
45966 1.11113 
45967 1.11112 
45968 1.11112 
45969 1.11112 
45970 1.11112 
45971 1.11111 
45972 1.11111 
45973 1.11111 
45974 1.11111 
45975 1.1111 
45976 1.1111 
45977 1.1111 
45978 1.1111 
45979 1.1111 
45980 1.11109 
45981 1.11109 
45982 1.11109 
45983 1.11109 
45984 1.11108 
45985 1.11108 
45986 1.11108 
45987 1.11107 
45988 1.11107 
45989 1.11107 
45990 1.11106 
45991 1.11105 
45992 1.11104 
45993 1.11103 
45994 1.11102 
45995 1.11101 
45996 1.11101 
45997 1.11101 
45998 1.11101 
45999 1.11101 
46000 1.11101 
46001 1.11101 
46002 1.11101 
46003 1.11101 
46004 1.11101 
46005 1.11101 
46006 1.11101 
46007 1.11101 
46008 1.111 
46009 1.111 
46010 1.111 
46011 1.111 
46012 1.111 
46013 1.111 
46014 1.111 
46015 1.111 
46016 1.111 
46017 1.111 
46018 1.111 
46019 1.111 
46020 1.111 
46021 1.111 
46022 1.111 
46023 1.111 
46024 1.111 
46025 1.111 
46026 1.11099 
46027 1.11099 
46028 1.11099 
46029 1.11099 
46030 1.11099 
46031 1.11098 
46032 1.11098 
46033 1.11098 
46034 1.11097 
46035 1.11097 
46036 1.11097 
46037 1.11097 
46038 1.11096 
46039 1.11096 
46040 1.11094 
46041 1.11082 
46042 1.11076 
46043 1.11072 
46044 1.11068 
46045 1.11064 
46046 1.11059 
46047 1.11054 
46048 1.11048 
46049 1.11041 
46050 1.11033 
46051 1.1102 
46052 1.10989 
46053 1.10907 
46054 1.10884 
46055 1.10846 
46056 1.10843 
46057 1.1084 
46058 1.1084 
46059 1.10839 
46060 1.10839 
46061 1.10838 
46062 1.10837 
46063 1.10837 
46064 1.10837 
46065 1.10837 
46066 1.10836 
46067 1.10836 
46068 1.10836 
46069 1.10836 
46070 1.10836 
46071 1.10836 
46072 1.10836 
46073 1.10836 
46074 1.10836 
46075 1.10836 
46076 1.10836 
46077 1.10836 
46078 1.10836 
46079 1.10836 
46080 1.10836 
46081 1.10836 
46082 1.10836 
46083 1.10835 
46084 1.10835 
46085 1.10835 
46086 1.10835 
46087 1.10835 
46088 1.10835 
46089 1.10835 
46090 1.10835 
46091 1.10835 
46092 1.10835 
46093 1.10835 
46094 1.10835 
46095 1.10835 
46096 1.10835 
46097 1.10835 
46098 1.10835 
46099 1.10835 
46100 1.10835 
46101 1.10834 
46102 1.10834 
46103 1.10834 
46104 1.10834 
46105 1.10834 
46106 1.10834 
46107 1.10834 
46108 1.10834 
46109 1.10834 
46110 1.10834 
46111 1.10834 
46112 1.10833 
46113 1.10833 
46114 1.10833 
46115 1.10833 
46116 1.10833 
46117 1.10833 
46118 1.10833 
46119 1.10833 
46120 1.10833 
46121 1.10832 
46122 1.10832 
46123 1.10832 
46124 1.10832 
46125 1.10832 
46126 1.10832 
46127 1.10831 
46128 1.10831 
46129 1.10831 
46130 1.10831 
46131 1.10831 
46132 1.1083 
46133 1.1083 
46134 1.1083 
46135 1.10829 
46136 1.10829 
46137 1.10829 
46138 1.10829 
46139 1.10829 
46140 1.10828 
46141 1.10828 
46142 1.10828 
46143 1.10827 
46144 1.10827 
46145 1.10827 
46146 1.10826 
46147 1.10826 
46148 1.10825 
46149 1.10825 
46150 1.10825 
46151 1.10825 
46152 1.10824 
46153 1.10824 
46154 1.10824 
46155 1.10823 
46156 1.10823 
46157 1.10823 
46158 1.10823 
46159 1.10822 
46160 1.10822 
46161 1.10822 
46162 1.10821 
46163 1.10821 
46164 1.10821 
46165 1.1082 
46166 1.1082 
46167 1.1082 
46168 1.10819 
46169 1.10818 
46170 1.10817 
46171 1.10816 
46172 1.10816 
46173 1.10815 
46174 1.10814 
46175 1.10814 
46176 1.10813 
46177 1.10812 
46178 1.10812 
46179 1.10811 
46180 1.10811 
46181 1.10811 
46182 1.10811 
46183 1.10811 
46184 1.1081 
46185 1.1081 
46186 1.1081 
46187 1.1081 
46188 1.1081 
46189 1.1081 
46190 1.1081 
46191 1.1081 
46192 1.10809 
46193 1.10809 
46194 1.10809 
46195 1.10808 
46196 1.10808 
46197 1.10808 
46198 1.10808 
46199 1.10807 
46200 1.10807 
46201 1.10807 
46202 1.10806 
46203 1.10806 
46204 1.10806 
46205 1.10806 
46206 1.10805 
46207 1.10805 
46208 1.10804 
46209 1.10804 
46210 1.10804 
46211 1.10804 
46212 1.10803 
46213 1.10803 
46214 1.10803 
46215 1.10802 
46216 1.10802 
46217 1.10802 
46218 1.10802 
46219 1.10801 
46220 1.10799 
46221 1.10791 
46222 1.10781 
46223 1.10772 
46224 1.10757 
46225 1.10732 
46226 1.10676 
46227 1.10653 
46228 1.1051 
46229 1.105 
46230 1.105 
46231 1.105 
46232 1.10499 
46233 1.10499 
46234 1.10499 
46235 1.10499 
46236 1.10499 
46237 1.10499 
46238 1.10499 
46239 1.10499 
46240 1.10499 
46241 1.10499 
46242 1.10499 
46243 1.10499 
46244 1.10499 
46245 1.10499 
46246 1.10499 
46247 1.10499 
46248 1.10499 
46249 1.10498 
46250 1.10498 
46251 1.10498 
46252 1.10498 
46253 1.10498 
46254 1.10498 
46255 1.10498 
46256 1.10498 
46257 1.10498 
46258 1.10498 
46259 1.10498 
46260 1.10498 
46261 1.10498 
46262 1.10498 
46263 1.10498 
46264 1.10498 
46265 1.10498 
46266 1.10498 
46267 1.10498 
46268 1.10498 
46269 1.10498 
46270 1.10498 
46271 1.10498 
46272 1.10498 
46273 1.10497 
46274 1.10497 
46275 1.10497 
46276 1.10497 
46277 1.10497 
46278 1.10497 
46279 1.10497 
46280 1.10497 
46281 1.10497 
46282 1.10497 
46283 1.10497 
46284 1.10497 
46285 1.10497 
46286 1.10497 
46287 1.10496 
46288 1.10496 
46289 1.10496 
46290 1.10496 
46291 1.10496 
46292 1.10496 
46293 1.10496 
46294 1.10496 
46295 1.10496 
46296 1.10496 
46297 1.10496 
46298 1.10496 
46299 1.10496 
46300 1.10496 
46301 1.10495 
46302 1.10495 
46303 1.10495 
46304 1.10495 
46305 1.10495 
46306 1.10495 
46307 1.10495 
46308 1.10494 
46309 1.10494 
46310 1.10494 
46311 1.10494 
46312 1.10493 
46313 1.10493 
46314 1.10493 
46315 1.10492 
46316 1.10492 
46317 1.10492 
46318 1.10491 
46319 1.10491 
46320 1.10491 
46321 1.1049 
46322 1.1049 
46323 1.10489 
46324 1.10489 
46325 1.10489 
46326 1.10488 
46327 1.10487 
46328 1.10486 
46329 1.10485 
46330 1.10485 
46331 1.10485 
46332 1.10485 
46333 1.10485 
46334 1.10484 
46335 1.10484 
46336 1.10484 
46337 1.10483 
46338 1.10483 
46339 1.10483 
46340 1.10483 
46341 1.1048 
46342 1.10477 
46343 1.10474 
46344 1.10474 
46345 1.10473 
46346 1.10471 
46347 1.10471 
46348 1.10471 
46349 1.10471 
46350 1.10471 
46351 1.10471 
46352 1.10471 
46353 1.1047 
46354 1.1047 
46355 1.1047 
46356 1.1047 
46357 1.1047 
46358 1.1047 
46359 1.1047 
46360 1.1047 
46361 1.1047 
46362 1.1047 
46363 1.10469 
46364 1.10469 
46365 1.10469 
46366 1.10469 
46367 1.10469 
46368 1.10469 
46369 1.10469 
46370 1.10469 
46371 1.10469 
46372 1.10468 
46373 1.10468 
46374 1.10468 
46375 1.10468 
46376 1.10468 
46377 1.10468 
46378 1.10468 
46379 1.10468 
46380 1.10467 
46381 1.10467 
46382 1.10467 
46383 1.10467 
46384 1.10467 
46385 1.10465 
46386 1.10465 
46387 1.10464 
46388 1.10462 
46389 1.1046 
46390 1.10457 
46391 1.10454 
46392 1.1045 
46393 1.10445 
46394 1.10442 
46395 1.10441 
46396 1.10439 
46397 1.10437 
46398 1.10435 
46399 1.10432 
46400 1.10428 
46401 1.10424 
46402 1.1042 
46403 1.10414 
46404 1.10404 
46405 1.10392 
46406 1.1038 
46407 1.10352 
46408 1.10344 
46409 1.10344 
46410 1.10344 
46411 1.10344 
46412 1.10344 
46413 1.10344 
46414 1.10344 
46415 1.10343 
46416 1.10343 
46417 1.10343 
46418 1.10343 
46419 1.10343 
46420 1.10343 
46421 1.10343 
46422 1.10343 
46423 1.10343 
46424 1.10343 
46425 1.10343 
46426 1.10343 
46427 1.10343 
46428 1.10343 
46429 1.10343 
46430 1.10343 
46431 1.10343 
46432 1.10343 
46433 1.10343 
46434 1.10343 
46435 1.10343 
46436 1.10343 
46437 1.10343 
46438 1.10343 
46439 1.10343 
46440 1.10343 
46441 1.10343 
46442 1.10343 
46443 1.10343 
46444 1.10343 
46445 1.10343 
46446 1.10343 
46447 1.10343 
46448 1.10343 
46449 1.10342 
46450 1.10342 
46451 1.10342 
46452 1.10342 
46453 1.10342 
46454 1.10342 
46455 1.10342 
46456 1.10342 
46457 1.10342 
46458 1.10342 
46459 1.10342 
46460 1.10342 
46461 1.10342 
46462 1.10342 
46463 1.10342 
46464 1.10342 
46465 1.10342 
46466 1.10342 
46467 1.10342 
46468 1.10342 
46469 1.10342 
46470 1.10342 
46471 1.10342 
46472 1.10342 
46473 1.10342 
46474 1.10342 
46475 1.10342 
46476 1.10341 
46477 1.10341 
46478 1.10341 
46479 1.10341 
46480 1.10341 
46481 1.10341 
46482 1.10341 
46483 1.10341 
46484 1.10341 
46485 1.10341 
46486 1.10341 
46487 1.10341 
46488 1.10341 
46489 1.1034 
46490 1.1034 
46491 1.1034 
46492 1.1034 
46493 1.1034 
46494 1.1034 
46495 1.10339 
46496 1.10339 
46497 1.10339 
46498 1.10339 
46499 1.10339 
46500 1.10338 
46501 1.10338 
46502 1.10338 
46503 1.10338 
46504 1.10337 
46505 1.10337 
46506 1.10336 
46507 1.10336 
46508 1.10336 
46509 1.10336 
46510 1.10335 
46511 1.10335 
46512 1.10335 
46513 1.10335 
46514 1.10334 
46515 1.10334 
46516 1.10334 
46517 1.10334 
46518 1.10334 
46519 1.10334 
46520 1.10334 
46521 1.10333 
46522 1.10333 
46523 1.10332 
46524 1.10332 
46525 1.10332 
46526 1.10331 
46527 1.10331 
46528 1.1033 
46529 1.1033 
46530 1.1033 
46531 1.1033 
46532 1.10329 
46533 1.10329 
46534 1.10329 
46535 1.10326 
46536 1.10326 
46537 1.10326 
46538 1.10326 
46539 1.10326 
46540 1.10326 
46541 1.10326 
46542 1.10326 
46543 1.10326 
46544 1.10326 
46545 1.10326 
46546 1.10326 
46547 1.10326 
46548 1.10326 
46549 1.10326 
46550 1.10326 
46551 1.10326 
46552 1.10326 
46553 1.10326 
46554 1.10325 
46555 1.10325 
46556 1.10325 
46557 1.10325 
46558 1.10325 
46559 1.10325 
46560 1.10325 
46561 1.10325 
46562 1.10325 
46563 1.10325 
46564 1.10325 
46565 1.10325 
46566 1.10325 
46567 1.10325 
46568 1.10325 
46569 1.10325 
46570 1.10325 
46571 1.10325 
46572 1.10325 
46573 1.10325 
46574 1.10325 
46575 1.10325 
46576 1.10325 
46577 1.10325 
46578 1.10325 
46579 1.10325 
46580 1.10325 
46581 1.10325 
46582 1.10324 
46583 1.10324 
46584 1.10324 
46585 1.10324 
46586 1.10324 
46587 1.10324 
46588 1.10324 
46589 1.10324 
46590 1.10324 
46591 1.10324 
46592 1.10324 
46593 1.10324 
46594 1.10324 
46595 1.10324 
46596 1.10323 
46597 1.1032 
46598 1.10314 
46599 1.1031 
46600 1.10304 
46601 1.103 
46602 1.10287 
46603 1.10265 
46604 1.10234 
46605 1.10229 
46606 1.10229 
46607 1.10229 
46608 1.10227 
46609 1.10226 
46610 1.10226 
46611 1.10226 
46612 1.10226 
46613 1.10226 
46614 1.10226 
46615 1.10226 
46616 1.10226 
46617 1.10226 
46618 1.10226 
46619 1.10226 
46620 1.10226 
46621 1.10225 
46622 1.10225 
46623 1.10225 
46624 1.10225 
46625 1.10225 
46626 1.10225 
46627 1.10225 
46628 1.10225 
46629 1.10225 
46630 1.10225 
46631 1.10225 
46632 1.10225 
46633 1.10225 
46634 1.10225 
46635 1.10225 
46636 1.10225 
46637 1.10225 
46638 1.10225 
46639 1.10225 
46640 1.10225 
46641 1.10225 
46642 1.10225 
46643 1.10225 
46644 1.10225 
46645 1.10225 
46646 1.10225 
46647 1.10224 
46648 1.10224 
46649 1.10224 
46650 1.10224 
46651 1.10224 
46652 1.10224 
46653 1.10224 
46654 1.10224 
46655 1.10224 
46656 1.10224 
46657 1.10224 
46658 1.10224 
46659 1.10224 
46660 1.10224 
46661 1.10224 
46662 1.10224 
46663 1.10224 
46664 1.10224 
46665 1.10224 
46666 1.10224 
46667 1.10224 
46668 1.10224 
46669 1.10223 
46670 1.10223 
46671 1.10223 
46672 1.10223 
46673 1.10223 
46674 1.10223 
46675 1.10223 
46676 1.10222 
46677 1.10222 
46678 1.10222 
46679 1.10222 
46680 1.10222 
46681 1.10222 
46682 1.10222 
46683 1.10222 
46684 1.10221 
46685 1.10221 
46686 1.10221 
46687 1.10221 
46688 1.10221 
46689 1.1022 
46690 1.1022 
46691 1.1022 
46692 1.1022 
46693 1.10219 
46694 1.10218 
46695 1.10218 
46696 1.10217 
46697 1.10217 
46698 1.10217 
46699 1.10217 
46700 1.10216 
46701 1.10216 
46702 1.10215 
46703 1.10215 
46704 1.10215 
46705 1.10214 
46706 1.10214 
46707 1.10214 
46708 1.10213 
46709 1.10213 
46710 1.10212 
46711 1.10212 
46712 1.10211 
46713 1.10211 
46714 1.10211 
46715 1.10211 
46716 1.10211 
46717 1.10211 
46718 1.10211 
46719 1.10211 
46720 1.1021 
46721 1.10209 
46722 1.10209 
46723 1.10209 
46724 1.10209 
46725 1.10209 
46726 1.10209 
46727 1.10208 
46728 1.10208 
46729 1.10208 
46730 1.10208 
46731 1.10208 
46732 1.10208 
46733 1.10208 
46734 1.10208 
46735 1.10208 
46736 1.10208 
46737 1.10208 
46738 1.10208 
46739 1.10208 
46740 1.10208 
46741 1.10208 
46742 1.10208 
46743 1.10208 
46744 1.10208 
46745 1.10208 
46746 1.10208 
46747 1.10208 
46748 1.10207 
46749 1.10207 
46750 1.10205 
46751 1.10201 
46752 1.102 
46753 1.10197 
46754 1.10194 
46755 1.1019 
46756 1.10186 
46757 1.10176 
46758 1.10151 
46759 1.10133 
46760 1.10128 
46761 1.10057 
46762 1.10046 
46763 1.10046 
46764 1.10046 
46765 1.10046 
46766 1.10045 
46767 1.10045 
46768 1.10045 
46769 1.10045 
46770 1.10045 
46771 1.10045 
46772 1.10045 
46773 1.10045 
46774 1.10045 
46775 1.10045 
46776 1.10045 
46777 1.10045 
46778 1.10045 
46779 1.10045 
46780 1.10045 
46781 1.10045 
46782 1.10045 
46783 1.10045 
46784 1.10045 
46785 1.10045 
46786 1.10045 
46787 1.10045 
46788 1.10045 
46789 1.10045 
46790 1.10045 
46791 1.10045 
46792 1.10045 
46793 1.10045 
46794 1.10045 
46795 1.10045 
46796 1.10045 
46797 1.10044 
46798 1.10044 
46799 1.10044 
46800 1.10044 
46801 1.10044 
46802 1.10044 
46803 1.10044 
46804 1.10044 
46805 1.10044 
46806 1.10044 
46807 1.10044 
46808 1.10044 
46809 1.10044 
46810 1.10044 
46811 1.10044 
46812 1.10044 
46813 1.10044 
46814 1.10044 
46815 1.10044 
46816 1.10044 
46817 1.10044 
46818 1.10043 
46819 1.10043 
46820 1.10043 
46821 1.10043 
46822 1.10043 
46823 1.10043 
46824 1.10043 
46825 1.10043 
46826 1.10043 
46827 1.10043 
46828 1.10043 
46829 1.10043 
46830 1.10043 
46831 1.10043 
46832 1.10043 
46833 1.10043 
46834 1.10042 
46835 1.10042 
46836 1.10042 
46837 1.10042 
46838 1.10042 
46839 1.10042 
46840 1.10041 
46841 1.10041 
46842 1.10041 
46843 1.10041 
46844 1.1004 
46845 1.1004 
46846 1.1004 
46847 1.10039 
46848 1.10039 
46849 1.10039 
46850 1.10039 
46851 1.10038 
46852 1.10038 
46853 1.10038 
46854 1.10038 
46855 1.10037 
46856 1.10037 
46857 1.10037 
46858 1.10037 
46859 1.10036 
46860 1.10036 
46861 1.10035 
46862 1.10034 
46863 1.10033 
46864 1.10033 
46865 1.10033 
46866 1.10033 
46867 1.10033 
46868 1.10032 
46869 1.10032 
46870 1.10031 
46871 1.10031 
46872 1.10031 
46873 1.10031 
46874 1.1003 
46875 1.1003 
46876 1.10029 
46877 1.10028 
46878 1.10026 
46879 1.10025 
46880 1.10024 
46881 1.10023 
46882 1.10022 
46883 1.10022 
46884 1.10022 
46885 1.10022 
46886 1.10022 
46887 1.10022 
46888 1.10022 
46889 1.10022 
46890 1.10022 
46891 1.10022 
46892 1.10022 
46893 1.10021 
46894 1.10021 
46895 1.10021 
46896 1.10021 
46897 1.10021 
46898 1.10021 
46899 1.10021 
46900 1.10021 
46901 1.10021 
46902 1.10021 
46903 1.10021 
46904 1.10021 
46905 1.10021 
46906 1.10021 
46907 1.10021 
46908 1.10021 
46909 1.10021 
46910 1.10021 
46911 1.1002 
46912 1.1002 
46913 1.1002 
46914 1.1002 
46915 1.1002 
46916 1.1002 
46917 1.1002 
46918 1.1002 
46919 1.1002 
46920 1.1002 
46921 1.1002 
46922 1.1002 
46923 1.1002 
46924 1.10018 
46925 1.10018 
46926 1.10018 
46927 1.10018 
46928 1.10017 
46929 1.10016 
46930 1.10014 
46931 1.10013 
46932 1.10011 
46933 1.1001 
46934 1.10009 
46935 1.10008 
46936 1.10007 
46937 1.10006 
46938 1.10004 
46939 1.10001 
46940 1.09998 
46941 1.09997 
46942 1.09993 
46943 1.09987 
46944 1.09976 
46945 1.09957 
46946 1.0994 
46947 1.09892 
46948 1.0989 
46949 1.0989 
46950 1.09885 
46951 1.09885 
46952 1.09884 
46953 1.09884 
46954 1.09884 
46955 1.09884 
46956 1.09884 
46957 1.09884 
46958 1.09884 
46959 1.09884 
46960 1.09884 
46961 1.09884 
46962 1.09884 
46963 1.09884 
46964 1.09884 
46965 1.09884 
46966 1.09883 
46967 1.09883 
46968 1.09883 
46969 1.09883 
46970 1.09883 
46971 1.09883 
46972 1.09883 
46973 1.09883 
46974 1.09883 
46975 1.09883 
46976 1.09883 
46977 1.09883 
46978 1.09883 
46979 1.09883 
46980 1.09883 
46981 1.09883 
46982 1.09883 
46983 1.09883 
46984 1.09883 
46985 1.09883 
46986 1.09883 
46987 1.09883 
46988 1.09883 
46989 1.09883 
46990 1.09883 
46991 1.09883 
46992 1.09883 
46993 1.09883 
46994 1.09882 
46995 1.09882 
46996 1.09882 
46997 1.09882 
46998 1.09882 
46999 1.09882 
47000 1.09882 
47001 1.09882 
47002 1.09882 
47003 1.09882 
47004 1.09882 
47005 1.09882 
47006 1.09882 
47007 1.09882 
47008 1.09882 
47009 1.09882 
47010 1.09882 
47011 1.09882 
47012 1.09882 
47013 1.09882 
47014 1.09882 
47015 1.09881 
47016 1.09881 
47017 1.09881 
47018 1.09881 
47019 1.09881 
47020 1.09881 
47021 1.09881 
47022 1.09881 
47023 1.0988 
47024 1.0988 
47025 1.0988 
47026 1.0988 
47027 1.0988 
47028 1.09879 
47029 1.09879 
47030 1.09879 
47031 1.09878 
47032 1.09878 
47033 1.09878 
47034 1.09877 
47035 1.09877 
47036 1.09876 
47037 1.09876 
47038 1.09875 
47039 1.09874 
47040 1.09874 
47041 1.09874 
47042 1.09873 
47043 1.09873 
47044 1.09873 
47045 1.09873 
47046 1.09872 
47047 1.09872 
47048 1.09872 
47049 1.09871 
47050 1.09871 
47051 1.09871 
47052 1.09871 
47053 1.09871 
47054 1.09871 
47055 1.0987 
47056 1.0987 
47057 1.09869 
47058 1.09869 
47059 1.09868 
47060 1.09868 
47061 1.09868 
47062 1.09868 
47063 1.09868 
47064 1.09868 
47065 1.09868 
47066 1.09868 
47067 1.09868 
47068 1.09868 
47069 1.09868 
47070 1.09868 
47071 1.09868 
47072 1.09868 
47073 1.09868 
47074 1.09868 
47075 1.09868 
47076 1.09868 
47077 1.09868 
47078 1.09868 
47079 1.09868 
47080 1.09868 
47081 1.09868 
47082 1.09868 
47083 1.09868 
47084 1.09868 
47085 1.09867 
47086 1.09867 
47087 1.09867 
47088 1.09867 
47089 1.09867 
47090 1.09867 
47091 1.09867 
47092 1.09867 
47093 1.09867 
47094 1.09867 
47095 1.09867 
47096 1.09867 
47097 1.09867 
47098 1.09867 
47099 1.09867 
47100 1.09867 
47101 1.09867 
47102 1.09867 
47103 1.09867 
47104 1.09867 
47105 1.09867 
47106 1.09868 
47107 1.09868 
47108 1.09868 
47109 1.09868 
47110 1.09867 
47111 1.09867 
47112 1.09867 
47113 1.09866 
47114 1.09866 
47115 1.09864 
47116 1.09861 
47117 1.0986 
47118 1.09857 
47119 1.09854 
47120 1.09851 
47121 1.09845 
47122 1.09836 
47123 1.09819 
47124 1.0975 
47125 1.09742 
47126 1.09742 
47127 1.09742 
47128 1.09741 
47129 1.09741 
47130 1.09741 
47131 1.09741 
47132 1.09741 
47133 1.09741 
47134 1.09741 
47135 1.09741 
47136 1.09741 
47137 1.09741 
47138 1.09741 
47139 1.09741 
47140 1.09741 
47141 1.09741 
47142 1.09741 
47143 1.09741 
47144 1.09741 
47145 1.0974 
47146 1.0974 
47147 1.0974 
47148 1.0974 
47149 1.0974 
47150 1.0974 
47151 1.0974 
47152 1.0974 
47153 1.0974 
47154 1.0974 
47155 1.0974 
47156 1.0974 
47157 1.0974 
47158 1.0974 
47159 1.0974 
47160 1.0974 
47161 1.0974 
47162 1.0974 
47163 1.0974 
47164 1.0974 
47165 1.0974 
47166 1.0974 
47167 1.0974 
47168 1.0974 
47169 1.0974 
47170 1.0974 
47171 1.0974 
47172 1.09739 
47173 1.09739 
47174 1.09739 
47175 1.09739 
47176 1.09739 
47177 1.09739 
47178 1.09739 
47179 1.09739 
47180 1.09739 
47181 1.09739 
47182 1.09739 
47183 1.09739 
47184 1.09739 
47185 1.09739 
47186 1.09739 
47187 1.09739 
47188 1.09739 
47189 1.09739 
47190 1.09739 
47191 1.09739 
47192 1.09739 
47193 1.09739 
47194 1.09738 
47195 1.09738 
47196 1.09738 
47197 1.09738 
47198 1.09738 
47199 1.09738 
47200 1.09738 
47201 1.09738 
47202 1.09738 
47203 1.09737 
47204 1.09737 
47205 1.09737 
47206 1.09737 
47207 1.09737 
47208 1.09737 
47209 1.09736 
47210 1.09736 
47211 1.09735 
47212 1.09735 
47213 1.09735 
47214 1.09734 
47215 1.09734 
47216 1.09734 
47217 1.09734 
47218 1.09733 
47219 1.09733 
47220 1.09732 
47221 1.09731 
47222 1.09731 
47223 1.09731 
47224 1.0973 
47225 1.0973 
47226 1.0973 
47227 1.0973 
47228 1.09729 
47229 1.09729 
47230 1.09729 
47231 1.09729 
47232 1.09728 
47233 1.09728 
47234 1.09728 
47235 1.09728 
47236 1.09727 
47237 1.09727 
47238 1.09727 
47239 1.09727 
47240 1.09727 
47241 1.09727 
47242 1.09726 
47243 1.09725 
47244 1.09724 
47245 1.09723 
47246 1.09723 
47247 1.09723 
47248 1.09723 
47249 1.09723 
47250 1.09723 
47251 1.09723 
47252 1.09723 
47253 1.09723 
47254 1.09723 
47255 1.09723 
47256 1.09723 
47257 1.09723 
47258 1.09723 
47259 1.09723 
47260 1.09723 
47261 1.09723 
47262 1.09723 
47263 1.09723 
47264 1.09723 
47265 1.09723 
47266 1.09723 
47267 1.09723 
47268 1.09723 
47269 1.09723 
47270 1.09723 
47271 1.09723 
47272 1.09723 
47273 1.09723 
47274 1.09723 
47275 1.09723 
47276 1.09723 
47277 1.09723 
47278 1.09722 
47279 1.09722 
47280 1.09722 
47281 1.09722 
47282 1.09722 
47283 1.09722 
47284 1.09722 
47285 1.09722 
47286 1.09722 
47287 1.09722 
47288 1.09722 
47289 1.09722 
47290 1.09722 
47291 1.09722 
47292 1.09722 
47293 1.09722 
47294 1.09722 
47295 1.09722 
47296 1.09722 
47297 1.09722 
47298 1.09722 
47299 1.09722 
47300 1.09722 
47301 1.09722 
47302 1.09722 
47303 1.09722 
47304 1.09722 
47305 1.09722 
47306 1.09722 
47307 1.0972 
47308 1.09719 
47309 1.09719 
47310 1.09718 
47311 1.09715 
47312 1.09713 
47313 1.0971 
47314 1.09705 
47315 1.09697 
47316 1.09682 
47317 1.09654 
47318 1.09628 
47319 1.09622 
47320 1.09622 
47321 1.09621 
47322 1.09621 
47323 1.09621 
47324 1.09621 
47325 1.09621 
47326 1.09621 
47327 1.09621 
47328 1.09621 
47329 1.09621 
47330 1.09621 
47331 1.09621 
47332 1.09621 
47333 1.09621 
47334 1.09621 
47335 1.0962 
47336 1.0962 
47337 1.0962 
47338 1.0962 
47339 1.0962 
47340 1.0962 
47341 1.0962 
47342 1.0962 
47343 1.0962 
47344 1.0962 
47345 1.0962 
47346 1.0962 
47347 1.0962 
47348 1.0962 
47349 1.0962 
47350 1.0962 
47351 1.0962 
47352 1.09619 
47353 1.09619 
47354 1.09619 
47355 1.09619 
47356 1.09619 
47357 1.09619 
47358 1.09619 
47359 1.09619 
47360 1.09619 
47361 1.09619 
47362 1.09619 
47363 1.09619 
47364 1.09618 
47365 1.09618 
47366 1.09618 
47367 1.09618 
47368 1.09618 
47369 1.09618 
47370 1.09618 
47371 1.09617 
47372 1.09617 
47373 1.09617 
47374 1.09617 
47375 1.09616 
47376 1.09616 
47377 1.09616 
47378 1.09616 
47379 1.09616 
47380 1.09615 
47381 1.09615 
47382 1.09615 
47383 1.09614 
47384 1.09614 
47385 1.09613 
47386 1.09613 
47387 1.09613 
47388 1.09613 
47389 1.09613 
47390 1.09613 
47391 1.09613 
47392 1.09612 
47393 1.09612 
47394 1.09612 
47395 1.09612 
47396 1.09611 
47397 1.0961 
47398 1.09609 
47399 1.09608 
47400 1.09608 
47401 1.09608 
47402 1.09608 
47403 1.09608 
47404 1.09608 
47405 1.09608 
47406 1.09608 
47407 1.09608 
47408 1.09608 
47409 1.09608 
47410 1.09608 
47411 1.09608 
47412 1.09608 
47413 1.09608 
47414 1.09608 
47415 1.09608 
47416 1.09608 
47417 1.09608 
47418 1.09607 
47419 1.09607 
47420 1.09607 
47421 1.09607 
47422 1.09607 
47423 1.09607 
47424 1.09607 
47425 1.09607 
47426 1.09607 
47427 1.09607 
47428 1.09607 
47429 1.09607 
47430 1.09607 
47431 1.09607 
47432 1.09607 
47433 1.09607 
47434 1.09607 
47435 1.09607 
47436 1.09607 
47437 1.09607 
47438 1.09607 
47439 1.09607 
47440 1.09607 
47441 1.09607 
47442 1.09607 
47443 1.09607 
47444 1.09607 
47445 1.09607 
47446 1.09607 
47447 1.09607 
47448 1.09607 
47449 1.09607 
47450 1.09607 
47451 1.09607 
47452 1.09606 
47453 1.09606 
47454 1.09606 
47455 1.09605 
47456 1.09604 
47457 1.09604 
47458 1.09604 
47459 1.09604 
47460 1.09603 
47461 1.09602 
47462 1.09601 
47463 1.096 
47464 1.09597 
47465 1.09594 
47466 1.09587 
47467 1.09574 
47468 1.09549 
47469 1.09376 
47470 1.09374 
47471 1.09362 
47472 1.09361 
47473 1.0936 
47474 1.0936 
47475 1.09358 
47476 1.09358 
47477 1.09358 
47478 1.09358 
47479 1.09358 
47480 1.09358 
47481 1.09358 
47482 1.09357 
47483 1.09357 
47484 1.09357 
47485 1.09357 
47486 1.09357 
47487 1.09357 
47488 1.09357 
47489 1.09356 
47490 1.09356 
47491 1.09356 
47492 1.09356 
47493 1.09356 
47494 1.09356 
47495 1.09356 
47496 1.09356 
47497 1.09355 
47498 1.09355 
47499 1.09355 
47500 1.09355 
47501 1.09355 
47502 1.09355 
47503 1.09355 
47504 1.09354 
47505 1.09354 
47506 1.09354 
47507 1.09354 
47508 1.09354 
47509 1.09354 
47510 1.09354 
47511 1.09354 
47512 1.09353 
47513 1.09353 
47514 1.09353 
47515 1.09352 
47516 1.09352 
47517 1.09352 
47518 1.09351 
47519 1.09351 
47520 1.09351 
47521 1.09351 
47522 1.0935 
47523 1.0935 
47524 1.09349 
47525 1.09349 
47526 1.09348 
47527 1.09348 
47528 1.09347 
47529 1.09346 
47530 1.09346 
47531 1.09345 
47532 1.09344 
47533 1.09343 
47534 1.09342 
47535 1.09341 
47536 1.09341 
47537 1.0934 
47538 1.09338 
47539 1.09337 
47540 1.09337 
47541 1.09336 
47542 1.09335 
47543 1.09334 
47544 1.09334 
47545 1.09333 
47546 1.09333 
47547 1.09332 
47548 1.09332 
47549 1.0933 
47550 1.09328 
47551 1.09327 
47552 1.09327 
47553 1.09326 
47554 1.09326 
47555 1.09326 
47556 1.09321 
47557 1.09317 
47558 1.09313 
47559 1.09311 
47560 1.09311 
47561 1.0931 
47562 1.0931 
47563 1.0931 
47564 1.0931 
47565 1.0931 
47566 1.0931 
47567 1.0931 
47568 1.0931 
47569 1.0931 
47570 1.0931 
47571 1.0931 
47572 1.0931 
47573 1.0931 
47574 1.0931 
47575 1.0931 
47576 1.0931 
47577 1.0931 
47578 1.0931 
47579 1.0931 
47580 1.0931 
47581 1.0931 
47582 1.0931 
47583 1.0931 
47584 1.0931 
47585 1.0931 
47586 1.0931 
47587 1.0931 
47588 1.0931 
47589 1.0931 
47590 1.0931 
47591 1.0931 
47592 1.0931 
47593 1.0931 
47594 1.0931 
47595 1.0931 
47596 1.0931 
47597 1.0931 
47598 1.0931 
47599 1.0931 
47600 1.0931 
47601 1.0931 
47602 1.0931 
47603 1.0931 
47604 1.0931 
47605 1.0931 
47606 1.0931 
47607 1.0931 
47608 1.0931 
47609 1.0931 
47610 1.0931 
47611 1.0931 
47612 1.0931 
47613 1.0931 
47614 1.0931 
47615 1.0931 
47616 1.0931 
47617 1.0931 
47618 1.0931 
47619 1.0931 
47620 1.0931 
47621 1.0931 
47622 1.0931 
47623 1.0931 
47624 1.0931 
47625 1.0931 
47626 1.0931 
47627 1.0931 
47628 1.0931 
47629 1.0931 
47630 1.0931 
47631 1.0931 
47632 1.0931 
47633 1.0931 
47634 1.0931 
47635 1.0931 
47636 1.0931 
47637 1.0931 
47638 1.0931 
47639 1.0931 
47640 1.0931 
47641 1.0931 
47642 1.0931 
47643 1.0931 
47644 1.0931 
47645 1.0931 
47646 1.0931 
47647 1.0931 
47648 1.0931 
47649 1.0931 
47650 1.0931 
47651 1.09311 
47652 1.09311 
47653 1.09311 
47654 1.09311 
47655 1.09311 
47656 1.09311 
47657 1.09311 
47658 1.09311 
47659 1.09311 
47660 1.09311 
47661 1.09311 
47662 1.09311 
47663 1.09311 
47664 1.09311 
47665 1.09311 
47666 1.09312 
47667 1.09312 
47668 1.09312 
47669 1.09312 
47670 1.09312 
47671 1.09312 
47672 1.09312 
47673 1.09313 
47674 1.09313 
47675 1.09313 
47676 1.09313 
47677 1.09313 
47678 1.09313 
47679 1.09313 
47680 1.09314 
47681 1.09314 
47682 1.09314 
47683 1.09314 
47684 1.09314 
47685 1.09314 
47686 1.09314 
47687 1.09315 
47688 1.09316 
47689 1.09317 
47690 1.09321 
47691 1.09325 
47692 1.09325 
47693 1.09326 
47694 1.09327 
47695 1.09328 
47696 1.09329 
47697 1.09331 
47698 1.09332 
47699 1.09334 
47700 1.09335 
47701 1.09337 
47702 1.09339 
47703 1.09341 
47704 1.09344 
47705 1.09347 
47706 1.09349 
47707 1.09352 
47708 1.09355 
47709 1.0936 
47710 1.09367 
47711 1.09379 
47712 1.09394 
47713 1.09405 
47714 1.09399 
47715 1.09398 
47716 1.09398 
47717 1.09398 
47718 1.09398 
47719 1.09398 
47720 1.09398 
47721 1.09398 
47722 1.09398 
47723 1.09398 
47724 1.09398 
47725 1.09398 
47726 1.09398 
47727 1.09398 
47728 1.09398 
47729 1.09397 
47730 1.09397 
47731 1.09397 
47732 1.09397 
47733 1.09397 
47734 1.09397 
47735 1.09397 
47736 1.09397 
47737 1.09397 
47738 1.09397 
47739 1.09397 
47740 1.09397 
47741 1.09397 
47742 1.09397 
47743 1.09397 
47744 1.09397 
47745 1.09397 
47746 1.09397 
47747 1.09397 
47748 1.09397 
47749 1.09397 
47750 1.09396 
47751 1.09396 
47752 1.09396 
47753 1.09396 
47754 1.09396 
47755 1.09396 
47756 1.09396 
47757 1.09396 
47758 1.09396 
47759 1.09396 
47760 1.09396 
47761 1.09395 
47762 1.09395 
47763 1.09395 
47764 1.09395 
47765 1.09395 
47766 1.09394 
47767 1.09394 
47768 1.09394 
47769 1.09394 
47770 1.09393 
47771 1.09392 
47772 1.09392 
47773 1.09392 
47774 1.09392 
47775 1.09391 
47776 1.09391 
47777 1.09391 
47778 1.09391 
47779 1.09391 
47780 1.09391 
47781 1.09391 
47782 1.0939 
47783 1.0939 
47784 1.0939 
47785 1.0939 
47786 1.0939 
47787 1.09389 
47788 1.09389 
47789 1.09389 
47790 1.09389 
47791 1.09388 
47792 1.09388 
47793 1.09387 
47794 1.09387 
47795 1.09387 
47796 1.09387 
47797 1.09386 
47798 1.09386 
47799 1.09386 
47800 1.09385 
47801 1.09385 
47802 1.09385 
47803 1.09385 
47804 1.09385 
47805 1.09385 
47806 1.09386 
47807 1.09387 
47808 1.09388 
47809 1.09388 
47810 1.0939 
47811 1.09391 
47812 1.09391 
47813 1.09391 
47814 1.09391 
47815 1.09391 
47816 1.09392 
47817 1.09395 
47818 1.09397 
47819 1.09399 
47820 1.09402 
47821 1.09405 
47822 1.09408 
47823 1.09409 
47824 1.09412 
47825 1.09415 
47826 1.09419 
47827 1.09425 
47828 1.09429 
47829 1.09438 
47830 1.09448 
47831 1.09466 
47832 1.095 
47833 1.09492 
47834 1.09492 
47835 1.09492 
47836 1.09492 
47837 1.09492 
47838 1.09492 
47839 1.09492 
47840 1.09492 
47841 1.09492 
47842 1.09491 
47843 1.09491 
47844 1.09491 
47845 1.09491 
47846 1.09491 
47847 1.09491 
47848 1.09491 
47849 1.09491 
47850 1.09491 
47851 1.09491 
47852 1.09491 
47853 1.09491 
47854 1.09491 
47855 1.09491 
47856 1.09491 
47857 1.09491 
47858 1.09491 
47859 1.09491 
47860 1.09491 
47861 1.09491 
47862 1.09491 
47863 1.09491 
47864 1.09491 
47865 1.09491 
47866 1.09491 
47867 1.09491 
47868 1.09491 
47869 1.09491 
47870 1.09491 
47871 1.09491 
47872 1.09491 
47873 1.09491 
47874 1.09491 
47875 1.09491 
47876 1.09491 
47877 1.09491 
47878 1.09491 
47879 1.09491 
47880 1.09491 
47881 1.09491 
47882 1.09491 
47883 1.0949 
47884 1.0949 
47885 1.0949 
47886 1.0949 
47887 1.0949 
47888 1.0949 
47889 1.0949 
47890 1.0949 
47891 1.0949 
47892 1.0949 
47893 1.0949 
47894 1.0949 
47895 1.0949 
47896 1.0949 
47897 1.0949 
47898 1.0949 
47899 1.0949 
47900 1.0949 
47901 1.0949 
47902 1.0949 
47903 1.0949 
47904 1.0949 
47905 1.0949 
47906 1.0949 
47907 1.0949 
47908 1.0949 
47909 1.0949 
47910 1.0949 
47911 1.0949 
47912 1.0949 
47913 1.0949 
47914 1.09489 
47915 1.09489 
47916 1.09489 
47917 1.09489 
47918 1.09489 
47919 1.09489 
47920 1.09489 
47921 1.09489 
47922 1.09489 
47923 1.09489 
47924 1.09489 
47925 1.09488 
47926 1.09488 
47927 1.09488 
47928 1.09488 
47929 1.09488 
47930 1.09488 
47931 1.09487 
47932 1.09487 
47933 1.09486 
47934 1.09486 
47935 1.09486 
47936 1.09486 
47937 1.09485 
47938 1.09485 
47939 1.09484 
47940 1.09484 
47941 1.09483 
47942 1.09483 
47943 1.09482 
47944 1.09482 
47945 1.09482 
47946 1.09482 
47947 1.09482 
47948 1.09481 
47949 1.09481 
47950 1.09481 
47951 1.0948 
47952 1.0948 
47953 1.0948 
47954 1.09479 
47955 1.09478 
47956 1.09478 
47957 1.09477 
47958 1.09477 
47959 1.09477 
47960 1.09476 
47961 1.09475 
47962 1.09475 
47963 1.09474 
47964 1.09474 
47965 1.09473 
47966 1.09473 
47967 1.09472 
47968 1.09471 
47969 1.0947 
47970 1.0947 
47971 1.0947 
47972 1.0947 
47973 1.09471 
47974 1.09472 
47975 1.09474 
47976 1.09474 
47977 1.09475 
47978 1.09475 
47979 1.09475 
47980 1.09475 
47981 1.09475 
47982 1.09475 
47983 1.09476 
47984 1.09476 
47985 1.09476 
47986 1.09479 
47987 1.09485 
47988 1.09488 
47989 1.0949 
47990 1.09494 
47991 1.09497 
47992 1.09501 
47993 1.09507 
47994 1.09516 
47995 1.09526 
47996 1.09536 
47997 1.09544 
47998 1.09564 
47999 1.09556 
48000 1.09556 
48001 1.09556 
48002 1.09556 
48003 1.09556 
48004 1.09556 
48005 1.09556 
48006 1.09556 
48007 1.09556 
48008 1.09556 
48009 1.09556 
48010 1.09556 
48011 1.09556 
48012 1.09556 
48013 1.09556 
48014 1.09556 
48015 1.09556 
48016 1.09556 
48017 1.09555 
48018 1.09555 
48019 1.09555 
48020 1.09555 
48021 1.09555 
48022 1.09555 
48023 1.09555 
48024 1.09555 
48025 1.09555 
48026 1.09555 
48027 1.09555 
48028 1.09555 
48029 1.09555 
48030 1.09555 
48031 1.09555 
48032 1.09555 
48033 1.09555 
48034 1.09555 
48035 1.09555 
48036 1.09555 
48037 1.09555 
48038 1.09555 
48039 1.09555 
48040 1.09555 
48041 1.09555 
48042 1.09555 
48043 1.09555 
48044 1.09555 
48045 1.09555 
48046 1.09555 
48047 1.09555 
48048 1.09555 
48049 1.09555 
48050 1.09555 
48051 1.09555 
48052 1.09555 
48053 1.09555 
48054 1.09555 
48055 1.09555 
48056 1.09554 
48057 1.09554 
48058 1.09554 
48059 1.09554 
48060 1.09554 
48061 1.09554 
48062 1.09554 
48063 1.09554 
48064 1.09554 
48065 1.09554 
48066 1.09554 
48067 1.09554 
48068 1.09554 
48069 1.09554 
48070 1.09554 
48071 1.09554 
48072 1.09554 
48073 1.09554 
48074 1.09554 
48075 1.09554 
48076 1.09554 
48077 1.09554 
48078 1.09553 
48079 1.09553 
48080 1.09553 
48081 1.09553 
48082 1.09553 
48083 1.09553 
48084 1.09553 
48085 1.09553 
48086 1.09553 
48087 1.09553 
48088 1.09553 
48089 1.09552 
48090 1.09552 
48091 1.09552 
48092 1.09552 
48093 1.09552 
48094 1.09551 
48095 1.09551 
48096 1.0955 
48097 1.0955 
48098 1.0955 
48099 1.09549 
48100 1.09548 
48101 1.09548 
48102 1.09548 
48103 1.09547 
48104 1.09547 
48105 1.09547 
48106 1.09547 
48107 1.09546 
48108 1.09546 
48109 1.09545 
48110 1.09544 
48111 1.09544 
48112 1.09543 
48113 1.09542 
48114 1.09541 
48115 1.09541 
48116 1.0954 
48117 1.0954 
48118 1.0954 
48119 1.0954 
48120 1.09539 
48121 1.09538 
48122 1.09536 
48123 1.09536 
48124 1.09536 
48125 1.09536 
48126 1.09537 
48127 1.09537 
48128 1.09537 
48129 1.09537 
48130 1.09537 
48131 1.09537 
48132 1.09538 
48133 1.09538 
48134 1.09539 
48135 1.09541 
48136 1.09543 
48137 1.09543 
48138 1.09546 
48139 1.09549 
48140 1.09552 
48141 1.09554 
48142 1.09558 
48143 1.09562 
48144 1.09566 
48145 1.09571 
48146 1.09575 
48147 1.09579 
48148 1.09584 
48149 1.09597 
48150 1.09619 
48151 1.09622 
48152 1.09635 
48153 1.09628 
48154 1.09628 
48155 1.09628 
48156 1.09628 
48157 1.09628 
48158 1.09628 
48159 1.09628 
48160 1.09628 
48161 1.09628 
48162 1.09628 
48163 1.09628 
48164 1.09628 
48165 1.09628 
48166 1.09628 
48167 1.09628 
48168 1.09628 
48169 1.09628 
48170 1.09628 
48171 1.09628 
48172 1.09627 
48173 1.09627 
48174 1.09627 
48175 1.09627 
48176 1.09627 
48177 1.09627 
48178 1.09627 
48179 1.09627 
48180 1.09627 
48181 1.09627 
48182 1.09627 
48183 1.09627 
48184 1.09627 
48185 1.09627 
48186 1.09627 
48187 1.09627 
48188 1.09627 
48189 1.09627 
48190 1.09627 
48191 1.09627 
48192 1.09627 
48193 1.09627 
48194 1.09627 
48195 1.09627 
48196 1.09627 
48197 1.09627 
48198 1.09627 
48199 1.09627 
48200 1.09627 
48201 1.09627 
48202 1.09627 
48203 1.09627 
48204 1.09627 
48205 1.09627 
48206 1.09627 
48207 1.09627 
48208 1.09627 
48209 1.09627 
48210 1.09627 
48211 1.09627 
48212 1.09627 
48213 1.09627 
48214 1.09626 
48215 1.09626 
48216 1.09626 
48217 1.09626 
48218 1.09626 
48219 1.09626 
48220 1.09626 
48221 1.09626 
48222 1.09626 
48223 1.09626 
48224 1.09626 
48225 1.09626 
48226 1.09626 
48227 1.09626 
48228 1.09626 
48229 1.09626 
48230 1.09625 
48231 1.09625 
48232 1.09625 
48233 1.09625 
48234 1.09625 
48235 1.09625 
48236 1.09625 
48237 1.09625 
48238 1.09624 
48239 1.09624 
48240 1.09624 
48241 1.09624 
48242 1.09624 
48243 1.09623 
48244 1.09623 
48245 1.09623 
48246 1.09623 
48247 1.09622 
48248 1.09622 
48249 1.09621 
48250 1.09621 
48251 1.09621 
48252 1.0962 
48253 1.09618 
48254 1.09616 
48255 1.09614 
48256 1.09614 
48257 1.09613 
48258 1.09612 
48259 1.09611 
48260 1.09611 
48261 1.0961 
48262 1.09609 
48263 1.09609 
48264 1.09609 
48265 1.09609 
48266 1.0961 
48267 1.0961 
48268 1.0961 
48269 1.0961 
48270 1.0961 
48271 1.0961 
48272 1.0961 
48273 1.0961 
48274 1.0961 
48275 1.0961 
48276 1.0961 
48277 1.0961 
48278 1.0961 
48279 1.0961 
48280 1.0961 
48281 1.09611 
48282 1.09611 
48283 1.09612 
48284 1.09614 
48285 1.09616 
48286 1.09618 
48287 1.0962 
48288 1.09622 
48289 1.09624 
48290 1.09627 
48291 1.0963 
48292 1.09634 
48293 1.09642 
48294 1.09654 
48295 1.09662 
48296 1.09667 
48297 1.09673 
48298 1.09702 
48299 1.09701 
48300 1.09701 
48301 1.09699 
48302 1.09699 
48303 1.09696 
48304 1.09695 
48305 1.09694 
48306 1.09694 
48307 1.09693 
48308 1.09693 
48309 1.09692 
48310 1.09691 
48311 1.09689 
48312 1.09688 
48313 1.09687 
48314 1.09687 
48315 1.09686 
48316 1.09685 
48317 1.09684 
48318 1.09682 
48319 1.09681 
48320 1.09681 
48321 1.09681 
48322 1.0968 
48323 1.09678 
48324 1.09678 
48325 1.09678 
48326 1.09677 
48327 1.09677 
48328 1.09677 
48329 1.09677 
48330 1.09677 
48331 1.09677 
48332 1.09677 
48333 1.09677 
48334 1.09677 
48335 1.09677 
48336 1.09677 
48337 1.09678 
48338 1.09679 
48339 1.09679 
48340 1.09683 
48341 1.09686 
48342 1.09688 
48343 1.09691 
48344 1.09693 
48345 1.09696 
48346 1.097 
48347 1.09705 
48348 1.09711 
48349 1.09718 
48350 1.09721 
48351 1.09724 
48352 1.09729 
48353 1.09735 
48354 1.09744 
48355 1.09784 
48356 1.09777 
48357 1.09777 
48358 1.09777 
48359 1.09777 
48360 1.09777 
48361 1.09777 
48362 1.09777 
48363 1.09777 
48364 1.09777 
48365 1.09777 
48366 1.09776 
48367 1.09776 
48368 1.09776 
48369 1.09776 
48370 1.09776 
48371 1.09776 
48372 1.09776 
48373 1.09776 
48374 1.09776 
48375 1.09776 
48376 1.09776 
48377 1.09776 
48378 1.09776 
48379 1.09776 
48380 1.09776 
48381 1.09776 
48382 1.09776 
48383 1.09776 
48384 1.09776 
48385 1.09776 
48386 1.09776 
48387 1.09776 
48388 1.09776 
48389 1.09776 
48390 1.09776 
48391 1.09776 
48392 1.09776 
48393 1.09776 
48394 1.09776 
48395 1.09776 
48396 1.09776 
48397 1.09776 
48398 1.09776 
48399 1.09776 
48400 1.09776 
48401 1.09776 
48402 1.09776 
48403 1.09776 
48404 1.09776 
48405 1.09776 
48406 1.09776 
48407 1.09775 
48408 1.09775 
48409 1.09775 
48410 1.09775 
48411 1.09775 
48412 1.09775 
48413 1.09775 
48414 1.09775 
48415 1.09775 
48416 1.09775 
48417 1.09775 
48418 1.09775 
48419 1.09775 
48420 1.09775 
48421 1.09775 
48422 1.09775 
48423 1.09775 
48424 1.09775 
48425 1.09775 
48426 1.09775 
48427 1.09775 
48428 1.09775 
48429 1.09775 
48430 1.09775 
48431 1.09775 
48432 1.09775 
48433 1.09775 
48434 1.09775 
48435 1.09775 
48436 1.09774 
48437 1.09774 
48438 1.09774 
48439 1.09774 
48440 1.09774 
48441 1.09774 
48442 1.09774 
48443 1.09774 
48444 1.09774 
48445 1.09773 
48446 1.09773 
48447 1.09773 
48448 1.09773 
48449 1.09773 
48450 1.09772 
48451 1.09772 
48452 1.09772 
48453 1.09771 
48454 1.09771 
48455 1.0977 
48456 1.0977 
48457 1.0977 
48458 1.09769 
48459 1.09767 
48460 1.09765 
48461 1.09764 
48462 1.09763 
48463 1.09762 
48464 1.09761 
48465 1.09759 
48466 1.09758 
48467 1.09758 
48468 1.09758 
48469 1.09758 
48470 1.09757 
48471 1.09757 
48472 1.09757 
48473 1.09757 
48474 1.09757 
48475 1.09757 
48476 1.09757 
48477 1.09757 
48478 1.09757 
48479 1.09757 
48480 1.09757 
48481 1.09757 
48482 1.09757 
48483 1.09757 
48484 1.09757 
48485 1.09757 
48486 1.09757 
48487 1.09757 
48488 1.09757 
48489 1.09757 
48490 1.09757 
48491 1.09757 
48492 1.09757 
48493 1.09757 
48494 1.09757 
48495 1.09757 
48496 1.09757 
48497 1.09757 
48498 1.09757 
48499 1.09756 
48500 1.09756 
48501 1.09756 
48502 1.09756 
48503 1.09756 
48504 1.09756 
48505 1.09756 
48506 1.09756 
48507 1.09756 
48508 1.09756 
48509 1.09756 
48510 1.09756 
48511 1.09756 
48512 1.09757 
48513 1.09757 
48514 1.09757 
48515 1.09757 
48516 1.09757 
48517 1.09757 
48518 1.09757 
48519 1.09757 
48520 1.09757 
48521 1.09758 
48522 1.09758 
48523 1.09759 
48524 1.0976 
48525 1.09762 
48526 1.09763 
48527 1.09764 
48528 1.09765 
48529 1.09767 
48530 1.0977 
48531 1.09773 
48532 1.09777 
48533 1.09782 
48534 1.09792 
48535 1.09801 
48536 1.09806 
48537 1.09813 
48538 1.0983 
48539 1.09848 
48540 1.09856 
48541 1.09853 
48542 1.09853 
48543 1.09853 
48544 1.09852 
48545 1.0985 
48546 1.0985 
48547 1.09849 
48548 1.09849 
48549 1.09849 
48550 1.09849 
48551 1.09849 
48552 1.09849 
48553 1.09848 
48554 1.09848 
48555 1.09848 
48556 1.09848 
48557 1.09848 
48558 1.09848 
48559 1.09848 
48560 1.09848 
48561 1.09848 
48562 1.09848 
48563 1.09848 
48564 1.09848 
48565 1.09848 
48566 1.09848 
48567 1.09848 
48568 1.09848 
48569 1.09848 
48570 1.09848 
48571 1.09848 
48572 1.09848 
48573 1.09848 
48574 1.09848 
48575 1.09848 
48576 1.09848 
48577 1.09848 
48578 1.09848 
48579 1.09848 
48580 1.09848 
48581 1.09848 
48582 1.09848 
48583 1.09848 
48584 1.09848 
48585 1.09848 
48586 1.09848 
48587 1.09848 
48588 1.09848 
48589 1.09848 
48590 1.09848 
48591 1.09848 
48592 1.09848 
48593 1.09848 
48594 1.09847 
48595 1.09847 
48596 1.09847 
48597 1.09847 
48598 1.09847 
48599 1.09847 
48600 1.09847 
48601 1.09847 
48602 1.09847 
48603 1.09847 
48604 1.09847 
48605 1.09847 
48606 1.09847 
48607 1.09847 
48608 1.09847 
48609 1.09847 
48610 1.09847 
48611 1.09847 
48612 1.09847 
48613 1.09847 
48614 1.09847 
48615 1.09847 
48616 1.09847 
48617 1.09847 
48618 1.09847 
48619 1.09847 
48620 1.09847 
48621 1.09847 
48622 1.09847 
48623 1.09847 
48624 1.09847 
48625 1.09846 
48626 1.09846 
48627 1.09846 
48628 1.09846 
48629 1.09846 
48630 1.09846 
48631 1.09846 
48632 1.09846 
48633 1.09846 
48634 1.09846 
48635 1.09846 
48636 1.09845 
48637 1.09845 
48638 1.09845 
48639 1.09845 
48640 1.09845 
48641 1.09844 
48642 1.09844 
48643 1.09844 
48644 1.09843 
48645 1.09843 
48646 1.09843 
48647 1.09843 
48648 1.09843 
48649 1.09842 
48650 1.09842 
48651 1.09842 
48652 1.09842 
48653 1.09839 
48654 1.09838 
48655 1.09837 
48656 1.09832 
48657 1.09832 
48658 1.09827 
48659 1.09827 
48660 1.09826 
48661 1.09826 
48662 1.09826 
48663 1.09826 
48664 1.09826 
48665 1.09826 
48666 1.09826 
48667 1.09826 
48668 1.09826 
48669 1.09826 
48670 1.09826 
48671 1.09826 
48672 1.09826 
48673 1.09826 
48674 1.09826 
48675 1.09826 
48676 1.09826 
48677 1.09826 
48678 1.09826 
48679 1.09826 
48680 1.09826 
48681 1.09826 
48682 1.09826 
48683 1.09826 
48684 1.09826 
48685 1.09826 
48686 1.09826 
48687 1.09826 
48688 1.09826 
48689 1.09826 
48690 1.09826 
48691 1.09826 
48692 1.09826 
48693 1.09826 
48694 1.09826 
48695 1.09826 
48696 1.09826 
48697 1.09826 
48698 1.09826 
48699 1.09826 
48700 1.09826 
48701 1.09826 
48702 1.09826 
48703 1.09826 
48704 1.09826 
48705 1.09826 
48706 1.09826 
48707 1.09826 
48708 1.09826 
48709 1.09826 
48710 1.09826 
48711 1.09826 
48712 1.09826 
48713 1.09826 
48714 1.09826 
48715 1.09826 
48716 1.09826 
48717 1.09826 
48718 1.09826 
48719 1.09826 
48720 1.09826 
48721 1.09826 
48722 1.09826 
48723 1.09826 
48724 1.09826 
48725 1.09826 
48726 1.09826 
48727 1.09826 
48728 1.09826 
48729 1.09826 
48730 1.09826 
48731 1.09826 
48732 1.09826 
48733 1.09826 
48734 1.09826 
48735 1.09826 
48736 1.09826 
48737 1.09827 
48738 1.09827 
48739 1.09828 
48740 1.0983 
48741 1.09833 
48742 1.09835 
48743 1.09837 
48744 1.0984 
48745 1.09843 
48746 1.09849 
48747 1.09856 
48748 1.0986 
48749 1.09863 
48750 1.09866 
48751 1.09869 
48752 1.09874 
48753 1.09904 
48754 1.09902 
48755 1.09902 
48756 1.09902 
48757 1.09898 
48758 1.09898 
48759 1.09898 
48760 1.09898 
48761 1.09898 
48762 1.09898 
48763 1.09897 
48764 1.09897 
48765 1.09897 
48766 1.09897 
48767 1.09897 
48768 1.09897 
48769 1.09897 
48770 1.09897 
48771 1.09897 
48772 1.09897 
48773 1.09897 
48774 1.09897 
48775 1.09897 
48776 1.09897 
48777 1.09897 
48778 1.09897 
48779 1.09897 
48780 1.09897 
48781 1.09897 
48782 1.09897 
48783 1.09897 
48784 1.09897 
48785 1.09897 
48786 1.09897 
48787 1.09897 
48788 1.09897 
48789 1.09897 
48790 1.09897 
48791 1.09897 
48792 1.09897 
48793 1.09896 
48794 1.09896 
48795 1.09896 
48796 1.09896 
48797 1.09896 
48798 1.09896 
48799 1.09896 
48800 1.09896 
48801 1.09896 
48802 1.09896 
48803 1.09896 
48804 1.09896 
48805 1.09896 
48806 1.09896 
48807 1.09896 
48808 1.09896 
48809 1.09896 
48810 1.09896 
48811 1.09896 
48812 1.09896 
48813 1.09896 
48814 1.09896 
48815 1.09896 
48816 1.09896 
48817 1.09896 
48818 1.09896 
48819 1.09896 
48820 1.09896 
48821 1.09896 
48822 1.09896 
48823 1.09896 
48824 1.09896 
48825 1.09896 
48826 1.09895 
48827 1.09895 
48828 1.09895 
48829 1.09895 
48830 1.09895 
48831 1.09895 
48832 1.09895 
48833 1.09894 
48834 1.09894 
48835 1.09894 
48836 1.09894 
48837 1.09894 
48838 1.09894 
48839 1.09893 
48840 1.09893 
48841 1.09893 
48842 1.09893 
48843 1.09893 
48844 1.09892 
48845 1.09892 
48846 1.09892 
48847 1.09892 
48848 1.09892 
48849 1.09891 
48850 1.09891 
48851 1.09891 
48852 1.09891 
48853 1.09891 
48854 1.09891 
48855 1.0989 
48856 1.0989 
48857 1.0989 
48858 1.0989 
48859 1.09886 
48860 1.09883 
48861 1.09881 
48862 1.0988 
48863 1.09878 
48864 1.09878 
48865 1.09878 
48866 1.09878 
48867 1.09878 
48868 1.09878 
48869 1.09878 
48870 1.09878 
48871 1.09878 
48872 1.09878 
48873 1.09878 
48874 1.09878 
48875 1.09878 
48876 1.09878 
48877 1.09878 
48878 1.09878 
48879 1.09878 
48880 1.0988 
48881 1.09882 
48882 1.09883 
48883 1.09886 
48884 1.09889 
48885 1.09892 
48886 1.09898 
48887 1.09913 
48888 1.09918 
48889 1.09923 
48890 1.09931 
48891 1.09959 
48892 1.09952 
48893 1.09952 
48894 1.09952 
48895 1.09952 
48896 1.09952 
48897 1.09951 
48898 1.09951 
48899 1.09951 
48900 1.09951 
48901 1.09951 
48902 1.09951 
48903 1.09951 
48904 1.09951 
48905 1.09951 
48906 1.09951 
48907 1.09951 
48908 1.09951 
48909 1.09951 
48910 1.09951 
48911 1.09951 
48912 1.09951 
48913 1.09951 
48914 1.09951 
48915 1.09951 
48916 1.09951 
48917 1.09951 
48918 1.09951 
48919 1.09951 
48920 1.09951 
48921 1.09951 
48922 1.09951 
48923 1.09951 
48924 1.09951 
48925 1.09951 
48926 1.0995 
48927 1.0995 
48928 1.0995 
48929 1.0995 
48930 1.0995 
48931 1.0995 
48932 1.0995 
48933 1.0995 
48934 1.0995 
48935 1.0995 
48936 1.0995 
48937 1.0995 
48938 1.0995 
48939 1.0995 
48940 1.0995 
48941 1.0995 
48942 1.0995 
48943 1.0995 
48944 1.0995 
48945 1.0995 
48946 1.0995 
48947 1.0995 
48948 1.09949 
48949 1.09949 
48950 1.09949 
48951 1.09949 
48952 1.09949 
48953 1.09949 
48954 1.09949 
48955 1.09949 
48956 1.09949 
48957 1.09949 
48958 1.09948 
48959 1.09948 
48960 1.09948 
48961 1.09948 
48962 1.09947 
48963 1.09947 
48964 1.09947 
48965 1.09947 
48966 1.09947 
48967 1.09946 
48968 1.09946 
48969 1.09946 
48970 1.09946 
48971 1.09945 
48972 1.09945 
48973 1.09944 
48974 1.09944 
48975 1.09944 
48976 1.09944 
48977 1.09943 
48978 1.09943 
48979 1.09943 
48980 1.09943 
48981 1.09942 
48982 1.09942 
48983 1.09942 
48984 1.09941 
48985 1.09941 
48986 1.0994 
48987 1.0994 
48988 1.09939 
48989 1.09939 
48990 1.09938 
48991 1.09938 
48992 1.09937 
48993 1.09937 
48994 1.09936 
48995 1.09935 
48996 1.09934 
48997 1.09934 
48998 1.09933 
48999 1.09932 
49000 1.09931 
49001 1.09931 
49002 1.09931 
49003 1.09927 
49004 1.09926 
49005 1.09926 
49006 1.09926 
49007 1.09926 
49008 1.09926 
49009 1.09926 
49010 1.09926 
49011 1.09926 
49012 1.09926 
49013 1.09926 
49014 1.09926 
49015 1.09926 
49016 1.09926 
49017 1.09926 
49018 1.09926 
49019 1.09926 
49020 1.09926 
49021 1.09926 
49022 1.09926 
49023 1.09926 
49024 1.09926 
49025 1.09926 
49026 1.09926 
49027 1.09926 
49028 1.09926 
49029 1.09926 
49030 1.09926 
49031 1.09926 
49032 1.09925 
49033 1.09925 
49034 1.09925 
49035 1.09925 
49036 1.09925 
49037 1.09925 
49038 1.09925 
49039 1.09925 
49040 1.09925 
49041 1.09925 
49042 1.09925 
49043 1.09925 
49044 1.09925 
49045 1.09925 
49046 1.09925 
49047 1.09925 
49048 1.09925 
49049 1.09925 
49050 1.09925 
49051 1.09925 
49052 1.09925 
49053 1.09925 
49054 1.09925 
49055 1.09925 
49056 1.09925 
49057 1.09925 
49058 1.09925 
49059 1.09925 
49060 1.09925 
49061 1.09924 
49062 1.09924 
49063 1.09924 
49064 1.09924 
49065 1.09924 
49066 1.09924 
49067 1.09924 
49068 1.09924 
49069 1.09924 
49070 1.09924 
49071 1.09924 
49072 1.09924 
49073 1.09924 
49074 1.09924 
49075 1.09924 
49076 1.09924 
49077 1.09924 
49078 1.09924 
49079 1.09924 
49080 1.09923 
49081 1.09923 
49082 1.09923 
49083 1.09923 
49084 1.09922 
49085 1.09922 
49086 1.09922 
49087 1.09922 
49088 1.09922 
49089 1.09923 
49090 1.09925 
49091 1.09925 
49092 1.09926 
49093 1.09927 
49094 1.09928 
49095 1.0993 
49096 1.09932 
49097 1.09934 
49098 1.09938 
49099 1.09943 
49100 1.09955 
49101 1.09967 
49102 1.09976 
49103 1.10052 
49104 1.1005 
49105 1.10044 
49106 1.10043 
49107 1.10043 
49108 1.1004 
49109 1.1004 
49110 1.1004 
49111 1.1004 
49112 1.1004 
49113 1.1004 
49114 1.1004 
49115 1.10039 
49116 1.10039 
49117 1.10039 
49118 1.10039 
49119 1.10039 
49120 1.10039 
49121 1.10039 
49122 1.10039 
49123 1.10039 
49124 1.10039 
49125 1.10039 
49126 1.10038 
49127 1.10038 
49128 1.10038 
49129 1.10038 
49130 1.10038 
49131 1.10038 
49132 1.10038 
49133 1.10038 
49134 1.10038 
49135 1.10038 
49136 1.10037 
49137 1.10037 
49138 1.10037 
49139 1.10037 
49140 1.10037 
49141 1.10037 
49142 1.10037 
49143 1.10037 
49144 1.10036 
49145 1.10036 
49146 1.10036 
49147 1.10036 
49148 1.10035 
49149 1.10035 
49150 1.10035 
49151 1.10035 
49152 1.10034 
49153 1.10034 
49154 1.10034 
49155 1.10034 
49156 1.10033 
49157 1.10033 
49158 1.10032 
49159 1.10031 
49160 1.10031 
49161 1.1003 
49162 1.1003 
49163 1.10029 
49164 1.10029 
49165 1.10029 
49166 1.10027 
49167 1.10025 
49168 1.10023 
49169 1.10021 
49170 1.1002 
49171 1.10017 
49172 1.10016 
49173 1.10013 
49174 1.1001 
49175 1.10007 
49176 1.10003 
49177 1.10002 
49178 1.10002 
49179 1.10002 
49180 1.1 
49181 1.09997 
49182 1.09996 
49183 1.09996 
49184 1.09995 
49185 1.09995 
49186 1.09995 
49187 1.09995 
49188 1.09995 
49189 1.09995 
49190 1.09995 
49191 1.09995 
49192 1.09995 
49193 1.09995 
49194 1.09995 
49195 1.09995 
49196 1.09995 
49197 1.09995 
49198 1.09995 
49199 1.09995 
49200 1.09995 
49201 1.09995 
49202 1.09995 
49203 1.09995 
49204 1.09995 
49205 1.09995 
49206 1.09995 
49207 1.09995 
49208 1.09995 
49209 1.09995 
49210 1.09995 
49211 1.09995 
49212 1.09995 
49213 1.09995 
49214 1.09995 
49215 1.09995 
49216 1.09995 
49217 1.09995 
49218 1.09995 
49219 1.09995 
49220 1.09994 
49221 1.09994 
49222 1.09994 
49223 1.09994 
49224 1.09994 
49225 1.09994 
49226 1.09994 
49227 1.09994 
49228 1.09994 
49229 1.09994 
49230 1.09994 
49231 1.09994 
49232 1.09994 
49233 1.09994 
49234 1.09994 
49235 1.09994 
49236 1.09994 
49237 1.09994 
49238 1.09994 
49239 1.09994 
49240 1.09994 
49241 1.09994 
49242 1.09994 
49243 1.09994 
49244 1.09994 
49245 1.09994 
49246 1.09994 
49247 1.09994 
49248 1.09994 
49249 1.09994 
49250 1.09994 
49251 1.09994 
49252 1.09993 
49253 1.09993 
49254 1.09993 
49255 1.09993 
49256 1.09993 
49257 1.09993 
49258 1.09993 
49259 1.09993 
49260 1.09993 
49261 1.09993 
49262 1.09993 
49263 1.09993 
49264 1.09993 
49265 1.09993 
49266 1.09993 
49267 1.09993 
49268 1.09993 
49269 1.09993 
49270 1.09993 
49271 1.09993 
49272 1.09993 
49273 1.09993 
49274 1.09993 
49275 1.09993 
49276 1.09993 
49277 1.09993 
49278 1.09992 
49279 1.09992 
49280 1.09992 
49281 1.09992 
49282 1.09992 
49283 1.09991 
49284 1.09991 
49285 1.09991 
49286 1.09991 
49287 1.09991 
49288 1.09991 
49289 1.09991 
49290 1.09991 
49291 1.09992 
49292 1.09993 
49293 1.09993 
49294 1.09994 
49295 1.09996 
49296 1.09998 
49297 1.1 
49298 1.10002 
49299 1.10005 
49300 1.10008 
49301 1.10014 
49302 1.10021 
49303 1.10029 
49304 1.1004 
49305 1.10059 
49306 1.10052 
49307 1.10052 
49308 1.10052 
49309 1.10052 
49310 1.10052 
49311 1.10052 
49312 1.10052 
49313 1.10052 
49314 1.10052 
49315 1.10052 
49316 1.10052 
49317 1.10052 
49318 1.10052 
49319 1.10052 
49320 1.10052 
49321 1.10052 
49322 1.10052 
49323 1.10052 
49324 1.10052 
49325 1.10052 
49326 1.10052 
49327 1.10052 
49328 1.10051 
49329 1.10051 
49330 1.10051 
49331 1.10051 
49332 1.10051 
49333 1.10051 
49334 1.10051 
49335 1.10051 
49336 1.10051 
49337 1.10051 
49338 1.10051 
49339 1.10051 
49340 1.10051 
49341 1.10051 
49342 1.10051 
49343 1.10051 
49344 1.10051 
49345 1.10051 
49346 1.10051 
49347 1.10051 
49348 1.10051 
49349 1.10051 
49350 1.10051 
49351 1.10051 
49352 1.10051 
49353 1.1005 
49354 1.1005 
49355 1.1005 
49356 1.1005 
49357 1.1005 
49358 1.1005 
49359 1.1005 
49360 1.1005 
49361 1.1005 
49362 1.1005 
49363 1.1005 
49364 1.1005 
49365 1.1005 
49366 1.1005 
49367 1.1005 
49368 1.10049 
49369 1.10049 
49370 1.10049 
49371 1.10049 
49372 1.10049 
49373 1.10049 
49374 1.10049 
49375 1.10048 
49376 1.10048 
49377 1.10048 
49378 1.10048 
49379 1.10048 
49380 1.10048 
49381 1.10048 
49382 1.10048 
49383 1.10047 
49384 1.10047 
49385 1.10046 
49386 1.10046 
49387 1.10046 
49388 1.10046 
49389 1.10045 
49390 1.10045 
49391 1.10045 
49392 1.10045 
49393 1.10044 
49394 1.10044 
49395 1.10044 
49396 1.10043 
49397 1.10043 
49398 1.10042 
49399 1.10042 
49400 1.10042 
49401 1.10041 
49402 1.10041 
49403 1.10041 
49404 1.1004 
49405 1.1004 
49406 1.10039 
49407 1.10039 
49408 1.10038 
49409 1.10037 
49410 1.10037 
49411 1.10036 
49412 1.10036 
49413 1.10035 
49414 1.10035 
49415 1.10034 
49416 1.10034 
49417 1.10033 
49418 1.10033 
49419 1.10032 
49420 1.1003 
49421 1.1003 
49422 1.1003 
49423 1.10029 
49424 1.10028 
49425 1.10028 
49426 1.10027 
49427 1.10025 
49428 1.10025 
49429 1.10025 
49430 1.10024 
49431 1.10024 
49432 1.10024 
49433 1.10024 
49434 1.10024 
49435 1.10024 
49436 1.10024 
49437 1.10024 
49438 1.10024 
49439 1.10024 
49440 1.10024 
49441 1.10024 
49442 1.10024 
49443 1.10024 
49444 1.10024 
49445 1.10024 
49446 1.10024 
49447 1.10024 
49448 1.10024 
49449 1.10024 
49450 1.10024 
49451 1.10024 
49452 1.10024 
49453 1.10024 
49454 1.10023 
49455 1.10023 
49456 1.10023 
49457 1.10023 
49458 1.10023 
49459 1.10023 
49460 1.10023 
49461 1.10023 
49462 1.10023 
49463 1.10023 
49464 1.10023 
49465 1.10023 
49466 1.10023 
49467 1.10023 
49468 1.10023 
49469 1.10023 
49470 1.10023 
49471 1.10023 
49472 1.10023 
49473 1.10023 
49474 1.10023 
49475 1.10023 
49476 1.10023 
49477 1.10022 
49478 1.10022 
49479 1.10022 
49480 1.10022 
49481 1.10022 
49482 1.10022 
49483 1.10022 
49484 1.10022 
49485 1.10022 
49486 1.10022 
49487 1.10022 
49488 1.10022 
49489 1.10022 
49490 1.10022 
49491 1.10022 
49492 1.10022 
49493 1.10022 
49494 1.10022 
49495 1.10022 
49496 1.10022 
49497 1.10022 
49498 1.10022 
49499 1.10022 
49500 1.10021 
49501 1.10021 
49502 1.10021 
49503 1.10021 
49504 1.10021 
49505 1.10021 
49506 1.10021 
49507 1.10021 
49508 1.10021 
49509 1.10021 
49510 1.10021 
49511 1.10021 
49512 1.10021 
49513 1.10021 
49514 1.10021 
49515 1.10021 
49516 1.10021 
49517 1.10021 
49518 1.10021 
49519 1.10021 
49520 1.10021 
49521 1.10021 
49522 1.1002 
49523 1.1002 
49524 1.1002 
49525 1.1002 
49526 1.1002 
49527 1.1002 
49528 1.1002 
49529 1.1002 
49530 1.1002 
49531 1.10019 
49532 1.10019 
49533 1.10019 
49534 1.1002 
49535 1.10022 
49536 1.10023 
49537 1.10025 
49538 1.10027 
49539 1.10029 
49540 1.10032 
49541 1.10037 
49542 1.10042 
49543 1.10056 
49544 1.10051 
49545 1.10051 
49546 1.10051 
49547 1.1005 
49548 1.1005 
49549 1.1005 
49550 1.1005 
49551 1.10049 
49552 1.10049 
49553 1.10049 
49554 1.10049 
49555 1.10049 
49556 1.10049 
49557 1.10049 
49558 1.10049 
49559 1.10049 
49560 1.10049 
49561 1.10049 
49562 1.10049 
49563 1.10049 
49564 1.10049 
49565 1.10049 
49566 1.10049 
49567 1.10049 
49568 1.10049 
49569 1.10049 
49570 1.10049 
49571 1.10049 
49572 1.10049 
49573 1.10049 
49574 1.10049 
49575 1.10049 
49576 1.10049 
49577 1.10049 
49578 1.10049 
49579 1.10049 
49580 1.10049 
49581 1.10049 
49582 1.10049 
49583 1.10049 
49584 1.10049 
49585 1.10049 
49586 1.10049 
49587 1.10049 
49588 1.10049 
49589 1.10049 
49590 1.10049 
49591 1.10049 
49592 1.10049 
49593 1.10049 
49594 1.10049 
49595 1.10048 
49596 1.10048 
49597 1.10048 
49598 1.10048 
49599 1.10048 
49600 1.10048 
49601 1.10048 
49602 1.10048 
49603 1.10048 
49604 1.10048 
49605 1.10048 
49606 1.10048 
49607 1.10048 
49608 1.10048 
49609 1.10048 
49610 1.10048 
49611 1.10048 
49612 1.10047 
49613 1.10047 
49614 1.10047 
49615 1.10047 
49616 1.10047 
49617 1.10047 
49618 1.10047 
49619 1.10047 
49620 1.10047 
49621 1.10047 
49622 1.10047 
49623 1.10046 
49624 1.10046 
49625 1.10046 
49626 1.10046 
49627 1.10046 
49628 1.10046 
49629 1.10046 
49630 1.10046 
49631 1.10045 
49632 1.10045 
49633 1.10045 
49634 1.10045 
49635 1.10044 
49636 1.10044 
49637 1.10044 
49638 1.10044 
49639 1.10044 
49640 1.10043 
49641 1.10043 
49642 1.10043 
49643 1.10042 
49644 1.10042 
49645 1.10042 
49646 1.10041 
49647 1.10041 
49648 1.10041 
49649 1.1004 
49650 1.1004 
49651 1.1004 
49652 1.10039 
49653 1.10039 
49654 1.10039 
49655 1.10039 
49656 1.10039 
49657 1.10038 
49658 1.10038 
49659 1.10037 
49660 1.10037 
49661 1.10036 
49662 1.10036 
49663 1.10035 
49664 1.10035 
49665 1.10034 
49666 1.10034 
49667 1.10034 
49668 1.10033 
49669 1.10032 
49670 1.10032 
49671 1.10031 
49672 1.10029 
49673 1.10028 
49674 1.10028 
49675 1.10026 
49676 1.10025 
49677 1.10024 
49678 1.10024 
49679 1.10023 
49680 1.10023 
49681 1.10023 
49682 1.10023 
49683 1.10023 
49684 1.10023 
49685 1.10023 
49686 1.10023 
49687 1.10023 
49688 1.10023 
49689 1.10023 
49690 1.10023 
49691 1.10023 
49692 1.10023 
49693 1.10023 
49694 1.10022 
49695 1.10022 
49696 1.10022 
49697 1.10022 
49698 1.10022 
49699 1.10022 
49700 1.10022 
49701 1.10022 
49702 1.10022 
49703 1.10022 
49704 1.10022 
49705 1.10022 
49706 1.10022 
49707 1.10022 
49708 1.10022 
49709 1.10022 
49710 1.10022 
49711 1.10022 
49712 1.10022 
49713 1.10022 
49714 1.10022 
49715 1.10022 
49716 1.10022 
49717 1.10022 
49718 1.10022 
49719 1.10022 
49720 1.10022 
49721 1.10021 
49722 1.10021 
49723 1.10021 
49724 1.10021 
49725 1.10021 
49726 1.10021 
49727 1.10021 
49728 1.10021 
49729 1.10021 
49730 1.10021 
49731 1.10021 
49732 1.10021 
49733 1.10021 
49734 1.10021 
49735 1.10021 
49736 1.10021 
49737 1.10021 
49738 1.10021 
49739 1.10021 
49740 1.10021 
49741 1.10021 
49742 1.10021 
49743 1.10021 
49744 1.1002 
49745 1.1002 
49746 1.1002 
49747 1.1002 
49748 1.1002 
49749 1.1002 
49750 1.1002 
49751 1.1002 
49752 1.1002 
49753 1.1002 
49754 1.1002 
49755 1.1002 
49756 1.1002 
49757 1.1002 
49758 1.1002 
49759 1.1002 
49760 1.1002 
49761 1.1002 
49762 1.1002 
49763 1.1002 
49764 1.1002 
49765 1.10019 
49766 1.10019 
49767 1.10019 
49768 1.10019 
49769 1.10019 
49770 1.10019 
49771 1.10018 
49772 1.10018 
49773 1.10018 
49774 1.10021 
49775 1.10021 
49776 1.10022 
49777 1.10022 
49778 1.10023 
49779 1.10024 
49780 1.10025 
49781 1.10026 
49782 1.10029 
49783 1.10023 
49784 1.10023 
49785 1.10023 
49786 1.10022 
49787 1.10022 
49788 1.10022 
49789 1.10022 
49790 1.10022 
49791 1.10022 
49792 1.10022 
49793 1.10022 
49794 1.10022 
49795 1.10022 
49796 1.10022 
49797 1.10022 
49798 1.10022 
49799 1.10022 
49800 1.10022 
49801 1.10021 
49802 1.10021 
49803 1.10021 
49804 1.10021 
49805 1.10021 
49806 1.10021 
49807 1.10021 
49808 1.10021 
49809 1.10021 
49810 1.10021 
49811 1.10021 
49812 1.10021 
49813 1.10021 
49814 1.10021 
49815 1.10021 
49816 1.10021 
49817 1.10021 
49818 1.10021 
49819 1.10021 
49820 1.10021 
49821 1.10021 
49822 1.10021 
49823 1.10021 
49824 1.10021 
49825 1.10021 
49826 1.10021 
49827 1.10021 
49828 1.10021 
49829 1.10021 
49830 1.10021 
49831 1.10021 
49832 1.10021 
49833 1.10021 
49834 1.10021 
49835 1.10021 
49836 1.10021 
49837 1.10021 
49838 1.10021 
49839 1.10021 
49840 1.10021 
49841 1.10021 
49842 1.10021 
49843 1.10021 
49844 1.10021 
49845 1.10021 
49846 1.10021 
49847 1.1002 
49848 1.1002 
49849 1.1002 
49850 1.1002 
49851 1.1002 
49852 1.1002 
49853 1.1002 
49854 1.1002 
49855 1.1002 
49856 1.1002 
49857 1.1002 
49858 1.1002 
49859 1.1002 
49860 1.1002 
49861 1.1002 
49862 1.1002 
49863 1.1002 
49864 1.1002 
49865 1.1002 
49866 1.1002 
49867 1.1002 
49868 1.1002 
49869 1.10019 
49870 1.10019 
49871 1.10019 
49872 1.10019 
49873 1.10019 
49874 1.10019 
49875 1.10019 
49876 1.10018 
49877 1.10018 
49878 1.10018 
49879 1.10018 
49880 1.10017 
49881 1.10017 
49882 1.10017 
49883 1.10014 
49884 1.10011 
49885 1.10007 
49886 1.10005 
49887 1.09999 
49888 1.09995 
49889 1.09995 
49890 1.09995 
49891 1.09995 
49892 1.09995 
49893 1.09995 
49894 1.09995 
49895 1.09995 
49896 1.09995 
49897 1.09995 
49898 1.09995 
49899 1.09995 
49900 1.09995 
49901 1.09995 
49902 1.09995 
49903 1.09995 
49904 1.09995 
49905 1.09995 
49906 1.09995 
49907 1.09995 
49908 1.09995 
49909 1.09994 
49910 1.09994 
49911 1.09994 
49912 1.09994 
49913 1.09994 
49914 1.09994 
49915 1.09994 
49916 1.09994 
49917 1.09994 
49918 1.09994 
49919 1.09994 
49920 1.09994 
49921 1.09994 
49922 1.09994 
49923 1.09994 
49924 1.09994 
49925 1.09994 
49926 1.09994 
49927 1.09994 
49928 1.09994 
49929 1.09994 
49930 1.09994 
49931 1.09994 
49932 1.09994 
49933 1.09994 
49934 1.09993 
49935 1.09993 
49936 1.09993 
49937 1.09993 
49938 1.09993 
49939 1.09993 
49940 1.09993 
49941 1.09993 
49942 1.09993 
49943 1.09993 
49944 1.09993 
49945 1.09993 
49946 1.09993 
49947 1.09993 
49948 1.09993 
49949 1.09993 
49950 1.09993 
49951 1.09993 
49952 1.09993 
49953 1.09993 
49954 1.09993 
49955 1.09993 
49956 1.09993 
49957 1.09993 
49958 1.09992 
49959 1.09992 
49960 1.09992 
49961 1.09992 
49962 1.09992 
49963 1.09992 
49964 1.09992 
49965 1.09992 
49966 1.09992 
49967 1.09992 
49968 1.09992 
49969 1.09992 
49970 1.09992 
49971 1.09992 
49972 1.09992 
49973 1.09992 
49974 1.09992 
49975 1.09992 
49976 1.09992 
49977 1.09992 
49978 1.09992 
49979 1.09992 
49980 1.09992 
49981 1.09991 
49982 1.09991 
49983 1.09991 
49984 1.09991 
49985 1.09991 
49986 1.09991 
49987 1.09991 
49988 1.0999 
49989 1.0999 
49990 1.0999 
49991 1.0999 
49992 1.09991 
49993 1.09992 
49994 1.09994 
49995 1.09996 
49996 1.09999 
49997 1.10002 
49998 1.10006 
49999 1.10008 
50000 1.10009 
