1 0.0541177 
2 0.000177053 
3 0.00238981 
4 5.91626e-06 
5 0.0153698 
6 0.0389429 
7 0.00153932 
8 0.00515894 
9 0.00196078 
10 0.000981143 
11 0.0375583 
12 0.00229092 
13 0.00592581 
14 0.000939105 
15 0.00295222 
16 0.0520132 
17 0.00312065 
18 0.00424759 
19 0.00145046 
20 0.00165611 
21 0.00858614 
22 0.00104441 
23 0.0001766 
24 0.000185392 
25 0.000299241 
26 0.00148573 
27 0.000287933 
28 0.0397217 
29 1e-06 
30 0.0035685 
31 0.000573099 
32 0.000848666 
33 0.000283429 
34 0.000574228 
35 0.00118043 
36 0.00223833 
37 0.0169539 
38 0.00210781 
39 0.000189281 
40 0.000159459 
41 0.00028255 
42 0.000132456 
43 0.000164128 
44 0.00132922 
45 0.00361671 
46 0.0620445 
47 0.000194427 
48 0.00176626 
49 0.00585878 
50 0.00248356 
51 0.00238531 
52 0.00665877 
53 2.78895e-05 
54 1e-06 
55 0.000433994 
56 6.24215e-05 
57 0.000125155 
58 2.08888e-05 
59 6.01884e-06 
60 0.000311385 
61 0.000331671 
62 0.000989828 
63 0.00101369 
64 0.0281798 
65 0.00103736 
66 0.000128484 
67 0.000856223 
68 0.000280805 
69 4.19621e-05 
70 9.51774e-05 
71 2.84939e-05 
72 0.00032918 
73 0.000473492 
74 0.00217202 
75 0.0243736 
76 6.39448e-05 
77 0.00046724 
78 0.000866469 
79 0.000406728 
80 0.000894251 
81 0.000619388 
82 0.000498866 
83 0.000955255 
84 0.00269895 
85 0.0294679 
86 0.00106887 
87 0.00182815 
88 0.000486503 
89 0.000647022 
90 0.000720369 
91 0.000907654 
92 0.000368428 
93 0.000762484 
94 0.00271814 
95 0.0114064 
96 0.000547483 
97 6.62869e-05 
98 0.000571356 
99 3.16548e-05 
100 9.31519e-05 
101 0.000103 
102 5.91042e-05 
103 0.0002 
104 0.000116983 
105 0.000141495 
106 0.000148751 
107 0.000107241 
108 0.000403636 
109 0.00018541 
110 0.000343955 
111 0.0133453 
112 7.54332e-06 
113 1e-06 
114 0.000959399 
115 0.000161803 
116 0.000226915 
117 0.000156411 
118 0.000323792 
119 0.000141532 
120 0.000121658 
121 0.000529393 
122 0.00029448 
123 0.000309754 
124 0.000273053 
125 0.00172919 
126 0.011367 
127 1.84279e-06 
128 1e-06 
129 0.00048398 
130 9.8794e-05 
131 0.000444949 
132 6.84132e-05 
133 0.000212997 
134 0.000105147 
135 0.000123131 
136 0.000542895 
137 8.94307e-05 
138 0.000107586 
139 6.70344e-05 
140 0.000183833 
141 0.00018541 
142 0.00345223 
143 0.0161175 
144 0.013108 
145 0.000101 
146 0.000637592 
147 0.000149597 
148 8.84414e-05 
149 1.35545e-05 
150 6.44575e-05 
151 0.000123607 
152 5.75723e-05 
153 0.000275388 
154 0.000145305 
155 0.000109842 
156 0.000184949 
157 0.000180237 
158 0.000291274 
159 0.000204604 
160 0.00108826 
161 0.00682248 
162 0.00503528 
163 2.23697e-06 
164 0.000510225 
165 8.82974e-05 
166 1.64155e-05 
167 2.14902e-05 
168 0.000218653 
169 6.24215e-05 
170 4.7499e-05 
171 0.000141334 
172 0.000213108 
173 8.1081e-05 
174 9.25574e-05 
175 4.80472e-05 
176 5.36978e-05 
177 0.000261803 
178 9.73345e-05 
179 0.000413898 
180 0.000150544 
181 0.0188198 
182 1.59648e-05 
183 0.000495811 
184 5.20609e-06 
185 0.00121174 
186 0.000220391 
187 0.000202256 
188 0.00021458 
189 0.000614263 
190 0.000221685 
191 5.57675e-05 
192 0.000113984 
193 0.000144153 
194 0.000104681 
195 0.000135542 
196 0.000265289 
197 0.000590495 
198 0.000512127 
199 0.00341452 
200 0.0175868 
201 2.05306e-05 
202 0.00019785 
203 0.000294815 
204 0.000474696 
205 0.00110497 
206 0.000104517 
207 0.000142063 
208 0.000136903 
209 0.000179653 
210 8.28135e-05 
211 0.000184652 
212 0.000250735 
213 0.000273558 
214 0.000256593 
215 0.0179154 
216 0.000419265 
217 0.000254486 
218 2.87586e-05 
219 0.000794896 
220 0.000177948 
221 0.000524243 
222 4.60428e-05 
223 9.32511e-05 
224 0.000602778 
225 0.000299733 
226 0.000503549 
227 5.79843e-05 
228 4.95769e-05 
229 0.000149462 
230 4.79858e-05 
231 0.000281822 
232 0.00102118 
233 0.000724091 
234 0.00363726 
235 0.0155181 
236 4.49454e-06 
237 1e-06 
238 0.00137124 
239 0.000533901 
240 0.000224228 
241 3.32927e-05 
242 0.000136164 
243 7.86107e-05 
244 3.45042e-05 
245 0.000149683 
246 3.35051e-05 
247 2.79753e-05 
248 5.09991e-05 
249 6.31381e-05 
250 8.76797e-05 
251 0.000144063 
252 0.0010541 
253 0.00235326 
254 0.00870963 
255 0.0220317 
256 0.00085576 
257 0.00185294 
258 0.000345016 
259 0.000211469 
260 0.000124583 
261 0.000210371 
262 0.000200219 
263 0.000675084 
264 0.000495339 
265 0.0012949 
266 0.0268988 
267 0.00029751 
268 0.00255735 
269 0.00073294 
270 0.000275956 
271 0.000327816 
272 0.00145206 
273 0.00303043 
274 0.00434548 
275 0.0271697 
276 0.00179428 
277 0.00138772 
278 0.00101858 
279 0.00046889 
280 0.000308435 
281 0.000152062 
282 0.000213512 
283 0.000161803 
284 9.87798e-05 
285 0.000167732 
286 0.000388558 
287 0.000149242 
288 0.000221425 
289 0.000254883 
290 0.000208335 
291 0.000306653 
292 0.0232176 
293 0.00129149 
294 0.000928425 
295 0.00112133 
296 0.00070271 
297 0.000465205 
298 0.000454897 
299 0.000482263 
300 0.00129623 
301 0.00219219 
302 0.0478848 
303 0.00432699 
304 0.000292029 
305 0.0011362 
306 0.000573707 
307 5.50121e-05 
308 0.000169522 
309 0.000335996 
310 0.00011851 
311 0.000434409 
312 9.28449e-05 
313 6.30458e-05 
314 0.000206698 
315 7.39148e-05 
316 0.000234107 
317 0.0005323 
318 0.000302067 
319 0.00176142 
320 0.00222886 
321 0.026773 
322 6.85141e-05 
323 0.000619351 
324 0.00104907 
325 0.000744102 
326 0.000419856 
327 0.000226005 
328 0.000298976 
329 0.000279829 
330 0.000188988 
331 0.000220105 
332 0.0004804 
333 0.000417671 
334 0.00105884 
335 0.0231348 
336 1.56843e-05 
337 0.0010143 
338 0.00192238 
339 0.000967481 
340 0.000304746 
341 0.000360205 
342 0.000188465 
343 0.000119655 
344 0.000441061 
345 0.000177369 
346 0.000190336 
347 0.000391599 
348 0.000608491 
349 0.000786715 
350 0.000781912 
351 0.00200578 
352 0.0130805 
353 0.000119485 
354 0.000785481 
355 8.59841e-05 
356 0.000101017 
357 9.10646e-05 
358 5.10998e-05 
359 2.15619e-05 
360 0.000126023 
361 4.04687e-05 
362 3.44772e-05 
363 1.88801e-05 
364 2.56311e-05 
365 3.04274e-05 
366 2.69851e-05 
367 2.55822e-05 
368 6.36708e-05 
369 5.87067e-05 
370 6.00128e-05 
371 6.24215e-05 
372 4.93527e-05 
373 8.08497e-05 
374 7.99961e-05 
375 6.96855e-05 
376 0.000367556 
377 0.00649128 
378 0.0185399 
379 0.00105686 
380 0.000413498 
381 0.000288311 
382 0.000643092 
383 0.000256295 
384 0.000254599 
385 0.000291886 
386 0.000864858 
387 0.000717259 
388 0.00488785 
389 0.0183367 
390 0.000174076 
391 0.000182636 
392 0.000109027 
393 0.000554019 
394 0.00020402 
395 0.000179837 
396 0.000237329 
397 0.000254882 
398 0.000548615 
399 9.64127e-05 
400 0.000175554 
401 0.000134616 
402 0.000408574 
403 0.000293711 
404 0.000330121 
405 0.00158839 
406 0.0176043 
407 0.00012906 
408 1e-06 
409 0.000714406 
410 3.41855e-06 
411 2.45631e-05 
412 0.000153498 
413 6.3932e-05 
414 0.000103202 
415 0.000107556 
416 4.2842e-05 
417 3.33735e-05 
418 4.9389e-05 
419 2.02154e-05 
420 3.01181e-05 
421 3.9047e-05 
422 3.16558e-05 
423 3.18909e-05 
424 0.0001 
425 6.73395e-05 
426 7.68322e-05 
427 6.50481e-05 
428 6.91162e-05 
429 0.000598005 
430 0.00153921 
431 0.00567069 
432 0.00965553 
433 1.20191e-05 
434 0.000420984 
435 1e-06 
436 0.000402752 
437 1.22307e-05 
438 2.83298e-06 
439 1.88386e-05 
440 8.6439e-06 
441 1.03587e-05 
442 1.51937e-05 
443 6.78505e-05 
444 7.18731e-05 
445 0.000186201 
446 8.34961e-06 
447 1.71746e-05 
448 9.00363e-06 
449 9.63945e-06 
450 4.16408e-05 
451 5.29872e-06 
452 8.98047e-06 
453 3.73375e-05 
454 4.54909e-06 
455 7.6723e-06 
456 5.11179e-06 
457 6.97544e-06 
458 6.47174e-06 
459 5.38753e-06 
460 9.07297e-06 
461 2.80966e-05 
462 3.09759e-05 
463 9.16943e-06 
464 1.0494e-05 
465 0.000144529 
466 0.000198 
467 0.000101957 
468 0.00672601 
469 0.000183087 
470 1e-06 
471 7.91519e-05 
472 8.20029e-05 
473 0.000156886 
474 4.99388e-05 
475 7.11851e-05 
476 0.000211388 
477 5.87526e-05 
478 5.75996e-05 
479 2.1016e-05 
480 1.90794e-05 
481 0.000180875 
482 5.09074e-05 
483 2.04727e-05 
484 3.05613e-05 
485 1.81226e-05 
486 1.99429e-05 
487 2.07481e-05 
488 2.03171e-05 
489 1.89844e-05 
490 8.40917e-06 
491 1.95704e-05 
492 2.18647e-05 
493 4.6857e-05 
494 4.54813e-05 
495 5.55847e-05 
496 2.56806e-05 
497 7.36484e-05 
498 5.18506e-05 
499 0.000182398 
500 5.75453e-05 
501 0.00020821 
502 0.000407755 
503 0.000568916 
504 0.00436799 
505 0.00975606 
506 0.00879106 
507 0.000258568 
508 1.90131e-06 
509 3.45271e-05 
510 0.000245879 
511 1.60631e-06 
512 0.000129096 
513 0.000118325 
514 1e-06 
515 1.54648e-05 
516 7.80552e-05 
517 8.96666e-05 
518 1.57379e-05 
519 1.90672e-05 
520 3.85787e-05 
521 2.51927e-05 
522 5.78313e-05 
523 5.71614e-05 
524 6.57655e-05 
525 0.000141599 
526 1.41002e-05 
527 4.86858e-05 
528 5.91733e-05 
529 2.57876e-05 
530 1.94527e-05 
531 3.43378e-05 
532 3.26497e-05 
533 4.76625e-05 
534 6.96217e-05 
535 0.000101488 
536 0.0001 
537 9.61738e-05 
538 0.00056624 
539 0.00231815 
540 0.00808972 
541 0.0218836 
542 0.00388116 
543 0.00030204 
544 3.53271e-06 
545 2.62549e-05 
546 4.56857e-05 
547 1.20571e-05 
548 4.25601e-05 
549 5.25055e-05 
550 1.51465e-05 
551 1.28393e-05 
552 8.50229e-06 
553 4.31181e-06 
554 1.34456e-05 
555 5.44826e-06 
556 0.00023908 
557 0.0002542 
558 3.72873e-05 
559 6.32926e-05 
560 0.000126127 
561 3.06819e-05 
562 5.56659e-05 
563 6.26165e-05 
564 6.70707e-05 
565 2.88005e-05 
566 4.4247e-05 
567 4.91243e-05 
568 7.23368e-05 
569 0.000284687 
570 0.000167458 
571 0.00758706 
572 5.60267e-05 
573 1e-06 
574 0.000312673 
575 1.8966e-06 
576 0.000509415 
577 1.22746e-06 
578 5.91101e-05 
579 0.000159767 
580 0.000117134 
581 7.62566e-06 
582 2.26883e-05 
583 5.27565e-05 
584 5.87821e-05 
585 4.91464e-05 
586 1.43681e-06 
587 3.58881e-05 
588 1.54153e-05 
589 7.51163e-05 
590 1.95633e-05 
591 2.02002e-05 
592 3.69745e-05 
593 1.33153e-05 
594 2.14065e-05 
595 4.1285e-05 
596 4.45594e-05 
597 4.97899e-05 
598 4.93064e-05 
599 2.01625e-05 
600 2.08861e-05 
601 4.43628e-05 
602 4.68886e-05 
603 7.02594e-05 
604 4.659e-05 
605 4.51761e-05 
606 3.46776e-05 
607 3.9104e-05 
608 3.28788e-05 
609 6.41467e-05 
610 4.89594e-05 
611 3.33711e-05 
612 3.93921e-05 
613 0.00016841 
614 4.96704e-05 
615 0.000775519 
616 0.0191472 
617 0.00139002 
618 0.000404806 
619 9.88756e-05 
620 0.000231406 
621 7.09896e-05 
622 0.000110374 
623 0.000158998 
624 9.51932e-05 
625 0.000223392 
626 0.00020402 
627 9.30307e-05 
628 4.72136e-05 
629 0.000183288 
630 0.000145938 
631 7.33037e-05 
632 8.04828e-05 
633 0.000122888 
634 0.000107001 
635 0.000119395 
636 0.000110958 
637 0.000107819 
638 0.000481084 
639 0.000357332 
640 0.000334686 
641 0.00324463 
642 0.0350581 
643 7.11668e-06 
644 1e-06 
645 0.00223319 
646 0.000654228 
647 0.00045244 
648 0.000642088 
649 0.000459547 
650 0.000228108 
651 0.000137636 
652 0.000133929 
653 0.0002045 
654 0.000159268 
655 0.000177438 
656 0.000254767 
657 0.00043927 
658 0.000464925 
659 0.000294231 
660 0.000707445 
661 0.00254412 
662 0.00325429 
663 0.0508222 
664 0.0016853 
665 0.00114294 
666 0.00125269 
667 0.000354184 
668 0.000478105 
669 0.000437325 
670 0.000372491 
671 0.000109194 
672 0.000154015 
673 8.95447e-05 
674 9.37516e-05 
675 0.000184643 
676 0.000138089 
677 0.000191651 
678 0.000165702 
679 0.000139285 
680 9.62403e-05 
681 0.000212395 
682 0.000413977 
683 0.000305873 
684 0.000256707 
685 0.00025491 
686 0.00110415 
687 0.000662006 
688 0.00104296 
689 0.0164431 
690 1e-06 
691 0.000557719 
692 0.000287376 
693 0.000490655 
694 7.93474e-05 
695 0.000164126 
696 0.000129313 
697 7.20061e-05 
698 2.92369e-05 
699 0.000117545 
700 8.00148e-05 
701 8.14216e-05 
702 8.40113e-05 
703 3.85787e-05 
704 2.61611e-05 
705 7.67752e-05 
706 2.5184e-05 
707 2.76817e-05 
708 7.29315e-05 
709 4.01121e-05 
710 8.96196e-05 
711 7.31795e-05 
712 0.000132405 
713 0.000124449 
714 8.60269e-05 
715 0.000118424 
716 0.000181598 
717 8.69681e-05 
718 0.0017782 
719 0.00906309 
720 0.000775773 
721 4.65941e-05 
722 2.09997e-05 
723 4.07972e-05 
724 9.27591e-05 
725 0.000103827 
726 0.000113824 
727 4.10645e-05 
728 2.52402e-05 
729 3.63207e-05 
730 2.59724e-05 
731 1.99847e-05 
732 4.16408e-05 
733 2.25908e-05 
734 2.262e-05 
735 3.58974e-05 
736 3.78145e-05 
737 1.78221e-05 
738 3.9705e-05 
739 1.79298e-05 
740 5.02261e-05 
741 7.12627e-05 
742 6.58941e-05 
743 0.000121091 
744 0.00159737 
745 0.00732616 
746 0.0267475 
747 2.36478e-05 
748 1e-06 
749 0.000830436 
750 6.05733e-05 
751 0.000405644 
752 0.000527382 
753 0.000687589 
754 0.000449476 
755 0.000122105 
756 0.000103022 
757 0.000127021 
758 7.26729e-05 
759 0.000112889 
760 6.3932e-05 
761 0.000106633 
762 9.44291e-05 
763 0.000139486 
764 0.000261803 
765 0.000797337 
766 0.00149168 
767 0.00305131 
768 0.0537392 
769 0.00242992 
770 0.0021724 
771 0.000568936 
772 0.000689069 
773 0.000618438 
774 0.000429034 
775 0.000219813 
776 0.000244292 
777 0.000302745 
778 0.000730472 
779 0.000188258 
780 0.000971829 
781 0.000501099 
782 0.000464128 
783 0.000661814 
784 0.011978 
785 6.06571e-05 
786 1e-06 
787 0.000441284 
788 3.78145e-05 
789 0.000300073 
790 0.000158692 
791 0.000124225 
792 2.94242e-05 
793 0.000142914 
794 2.00234e-05 
795 2.11102e-05 
796 8.07332e-05 
797 1.734e-05 
798 1.71866e-05 
799 2.01601e-05 
800 2.20773e-05 
801 1.98551e-05 
802 2.60508e-05 
803 2.46343e-05 
804 4.60999e-05 
805 3.89646e-05 
806 1.88688e-05 
807 6.86114e-05 
808 5.08121e-05 
809 9.12501e-05 
810 0.000200619 
811 0.000232479 
812 0.00015019 
813 3.2313e-05 
814 0.000375489 
815 0.000451678 
816 0.0140822 
817 1e-06 
818 0.000688238 
819 0.000301351 
820 0.000101 
821 6.32926e-05 
822 3.61918e-05 
823 0.00013034 
824 0.000104157 
825 7.04258e-05 
826 0.000283855 
827 5.14591e-05 
828 1.44419e-05 
829 1.3108e-05 
830 7.22516e-05 
831 3.42057e-05 
832 2.26127e-05 
833 3.20073e-05 
834 0.00010201 
835 1.7571e-05 
836 2.05538e-05 
837 1.01468e-05 
838 2.2956e-05 
839 2.43544e-05 
840 1.60006e-05 
841 2.72954e-05 
842 2.06657e-05 
843 1.62568e-05 
844 2.46772e-05 
845 1.85234e-05 
846 1.94813e-05 
847 3.03563e-05 
848 4.80655e-05 
849 5.43629e-05 
850 5.22726e-05 
851 2.50392e-05 
852 0.000279837 
853 0.000241904 
854 0.000148505 
855 0.00315361 
856 0.0263916 
857 0.000410607 
858 0.000231309 
859 0.000173829 
860 0.000535196 
861 0.000150743 
862 6.62594e-05 
863 0.000105502 
864 4.59036e-05 
865 0.000702273 
866 0.000372284 
867 0.000195234 
868 0.00034126 
869 0.00010201 
870 0.000230332 
871 0.000107701 
872 0.000174629 
873 0.000158429 
874 0.000195974 
875 0.000355262 
876 0.00052456 
877 0.00069024 
878 0.000743812 
879 0.00382722 
880 0.045344 
881 1e-06 
882 0.00296302 
883 0.000942648 
884 0.000978309 
885 0.000139778 
886 0.000180358 
887 0.000314896 
888 0.000332198 
889 0.000208707 
890 0.000133861 
891 0.000191301 
892 0.000148417 
893 0.000185525 
894 0.000161803 
895 0.000274629 
896 0.000177564 
897 0.000361299 
898 0.000517086 
899 0.000627552 
900 0.00055632 
901 0.000335881 
902 0.000408497 
903 0.00191865 
904 0.00275622 
905 0.013793 
906 0.034985 
907 0.00105039 
908 0.000544739 
909 7.92771e-05 
910 0.000142431 
911 4.94959e-05 
912 0.000150822 
913 0.000535592 
914 0.000179247 
915 0.000230053 
916 0.000113556 
917 0.000229943 
918 0.000258218 
919 0.000346366 
920 0.000579533 
921 0.000275244 
922 0.000820187 
923 0.000931688 
924 0.00216109 
925 0.0362338 
926 0.00139696 
927 0.00108902 
928 0.000447079 
929 0.000621571 
930 0.000122662 
931 0.000118966 
932 0.000208107 
933 0.000153174 
934 0.0002 
935 0.000168376 
936 0.000250368 
937 0.000141952 
938 0.000236652 
939 0.000360955 
940 0.00054585 
941 0.000590215 
942 0.000792235 
943 0.00074398 
944 0.00321443 
945 0.0103497 
946 0.0169357 
947 0.000970979 
948 4.61636e-05 
949 0.000104434 
950 5.35585e-05 
951 2.96265e-05 
952 4.92212e-05 
953 5.03417e-05 
954 1.57127e-05 
955 2.59805e-05 
956 1.32604e-05 
957 2.70326e-05 
958 4.57675e-05 
959 2.48806e-05 
960 2.72062e-05 
961 1.66193e-05 
962 3.28664e-05 
963 2.95513e-05 
964 2.60916e-05 
965 5.75605e-05 
966 5.88612e-05 
967 2.39996e-05 
968 7.98374e-05 
969 9.74212e-05 
970 0.000356628 
971 0.000247214 
972 0.000242376 
973 0.000210005 
974 0.000476184 
975 0.00606371 
976 0.00951006 
977 0.0101576 
978 0.00679075 
979 0.0287059 
980 1.49145e-05 
981 0.000177677 
982 1e-06 
983 0.000422734 
984 0.000161803 
985 0.000742687 
986 0.000340444 
987 1.99107e-05 
988 9.62706e-05 
989 6.18034e-05 
990 0.00011777 
991 5.4071e-05 
992 0.000345857 
993 0.0002 
994 0.000136382 
995 5.17469e-05 
996 3.28575e-05 
997 3.1819e-05 
998 3.95122e-05 
999 5.03753e-05 
1000 5.04893e-05 
1001 5.64979e-05 
1002 4.99742e-05 
1003 3.62841e-05 
1004 8.45435e-05 
1005 8.43574e-05 
1006 0.000103897 
1007 0.000152357 
1008 0.000241983 
1009 0.000151331 
1010 0.000219754 
1011 0.000591342 
1012 0.00422303 
1013 0.0251142 
1014 0.00244977 
1015 0.000544495 
1016 0.000552201 
1017 0.000591297 
1018 0.00141461 
1019 0.0128001 
1020 3.4166e-06 
1021 1e-06 
1022 5.14298e-05 
1023 0.000329842 
1024 0.000261803 
1025 7.04384e-05 
1026 5.78023e-05 
1027 0.000216735 
1028 0.000166597 
1029 3.03174e-05 
1030 3.39761e-05 
1031 2.88001e-05 
1032 2.63851e-05 
1033 1.17974e-05 
1034 2.00138e-05 
1035 4.87782e-05 
1036 1.12876e-05 
1037 1.673e-05 
1038 8.12023e-06 
1039 1.0321e-05 
1040 2.30418e-05 
1041 1.9337e-05 
1042 7.57224e-06 
1043 1.58028e-05 
1044 9.09091e-06 
1045 8.95746e-06 
1046 5.9011e-05 
1047 1.47817e-05 
1048 1.42466e-05 
1049 1.10486e-05 
1050 3.21577e-05 
1051 8.79452e-06 
1052 1.60363e-05 
1053 2.11774e-05 
1054 4.82327e-05 
1055 3.02903e-05 
1056 1.55725e-05 
1057 1.49982e-05 
1058 2.97507e-05 
1059 6.32427e-05 
1060 4.57478e-05 
1061 7.87902e-05 
1062 6.75876e-05 
1063 0.000108163 
1064 0.000498424 
1065 0.000324585 
1066 0.000465622 
1067 0.00137181 
1068 0.00165812 
1069 0.0208938 
1070 0.000229003 
1071 1.03327e-06 
1072 0.000999582 
1073 3.78014e-05 
1074 4.71695e-06 
1075 1.06151e-05 
1076 8.07405e-05 
1077 2.99981e-05 
1078 2.68471e-05 
1079 2.87848e-05 
1080 1.2316e-05 
1081 1.67646e-05 
1082 1.52433e-05 
1083 5.11588e-06 
1084 7.53949e-06 
1085 1.72107e-05 
1086 9.87796e-06 
1087 8.22979e-06 
1088 6.52631e-06 
1089 1.99606e-05 
1090 9.91753e-06 
1091 2.1793e-05 
1092 1.57148e-05 
1093 1.38468e-05 
1094 2.98057e-05 
1095 1.0411e-05 
1096 1.93463e-05 
1097 2.61637e-05 
1098 1.53419e-05 
1099 3.25508e-05 
1100 2.79882e-05 
1101 3.26057e-05 
1102 4.74819e-05 
1103 4.00461e-05 
1104 4.02797e-05 
1105 4.0761e-05 
1106 0.000110147 
1107 0.00025331 
1108 0.000104318 
1109 6.53098e-05 
1110 0.000123631 
1111 0.000101272 
1112 0.000568696 
1113 0.0264421 
1114 0.000466189 
1115 3.67069e-06 
1116 6.18034e-05 
1117 0.000348442 
1118 9.2687e-05 
1119 0.000175323 
1120 0.000680087 
1121 5.67599e-05 
1122 4.87201e-05 
1123 0.000323512 
1124 0.000141089 
1125 5.94303e-05 
1126 0.000188167 
1127 0.000126079 
1128 0.000120366 
1129 0.000182908 
1130 8.5907e-05 
1131 5.64584e-05 
1132 4.83185e-05 
1133 7.11416e-05 
1134 4.93422e-05 
1135 0.000113287 
1136 6.86028e-05 
1137 9.28587e-05 
1138 0.00012993 
1139 0.000131889 
1140 0.000295106 
1141 0.000151148 
1142 0.000151996 
1143 0.000229139 
1144 0.000411865 
1145 0.000651572 
1146 0.00168056 
1147 0.00275474 
1148 0.0238791 
1149 1e-06 
1150 0.000359362 
1151 0.000419109 
1152 2.22733e-05 
1153 0.000189542 
1154 0.000319754 
1155 9.89422e-05 
1156 1.64935e-05 
1157 4.53678e-05 
1158 7.28949e-05 
1159 7.48121e-06 
1160 9.8031e-06 
1161 3.85787e-05 
1162 1.34738e-05 
1163 1.97439e-05 
1164 1.59054e-05 
1165 1.34729e-05 
1166 2.52932e-05 
1167 4.2764e-05 
1168 1.20848e-05 
1169 9.40118e-06 
1170 7.39769e-06 
1171 6.68475e-06 
1172 1.00334e-05 
1173 1.92813e-05 
1174 1.07268e-05 
1175 2.75568e-05 
1176 6.07531e-06 
1177 1.75624e-05 
1178 3.34563e-05 
1179 1.9505e-05 
1180 2.11564e-05 
1181 1.33455e-05 
1182 3.64957e-05 
1183 1.67347e-05 
1184 2.51615e-05 
1185 3.984e-05 
1186 0.00011459 
1187 4.70641e-05 
1188 6.01398e-05 
1189 6.24215e-05 
1190 9.43171e-05 
1191 0.000117382 
1192 0.000108689 
1193 5.44414e-05 
1194 8.70896e-05 
1195 0.00010353 
1196 7.45424e-05 
1197 0.00202494 
1198 0.00613825 
1199 0.0201205 
1200 0.0158387 
1201 0.0191264 
1202 1.37074e-06 
1203 0.00035628 
1204 1.57829e-06 
1205 2.44568e-05 
1206 0.000133817 
1207 0.000539759 
1208 9.11852e-05 
1209 0.000172931 
1210 6.24215e-05 
1211 4.71652e-05 
1212 9.34526e-05 
1213 3.85787e-05 
1214 2.15271e-05 
1215 5.86803e-05 
1216 1.59054e-05 
1217 4.95385e-05 
1218 3.33712e-05 
1219 3.33462e-05 
1220 2.04238e-05 
1221 2.73614e-05 
1222 4.05339e-05 
1223 1.84165e-05 
1224 1.71991e-05 
1225 1.5503e-05 
1226 2.23879e-05 
1227 2.07193e-05 
1228 4.31587e-05 
1229 2.93024e-05 
1230 2.22224e-05 
1231 2.62511e-05 
1232 5.53024e-05 
1233 3.02105e-05 
1234 7.26414e-05 
1235 2.73715e-05 
1236 7.81061e-05 
1237 5.19276e-05 
1238 4.77793e-05 
1239 5.44637e-05 
1240 0.000972002 
1241 0.000757135 
1242 0.000750979 
1243 0.00482841 
1244 0.012961 
1245 0.000206698 
1246 8.68513e-05 
1247 1e-06 
1248 0.000712937 
1249 0.00021153 
1250 6.59055e-05 
1251 1.68208e-05 
1252 2.35648e-05 
1253 7.28492e-06 
1254 1.81545e-05 
1255 7.35119e-06 
1256 9.8923e-06 
1257 4.31859e-06 
1258 9.54483e-06 
1259 9.47986e-06 
1260 5.43246e-06 
1261 1.11894e-05 
1262 6.76399e-06 
1263 1.50249e-05 
1264 7.90287e-06 
1265 2.09518e-05 
1266 6.72092e-06 
1267 6.48618e-06 
1268 4.89237e-06 
1269 1.03442e-05 
1270 7.65017e-06 
1271 1.05077e-05 
1272 3.19113e-06 
1273 1.21209e-05 
1274 8.03181e-06 
1275 4.92333e-06 
1276 7.9624e-06 
1277 7.90816e-06 
1278 8.18363e-06 
1279 9.3161e-06 
1280 6.96892e-06 
1281 1.16059e-05 
1282 1.0141e-05 
1283 3.38798e-05 
1284 1.50156e-05 
1285 1.90496e-05 
1286 7.2501e-05 
1287 3.40119e-05 
1288 2.25602e-05 
1289 6.59279e-05 
1290 4.72191e-05 
1291 5.11903e-05 
1292 0.000176768 
1293 9.58094e-05 
1294 4.28256e-05 
1295 8.99237e-05 
1296 6.75497e-05 
1297 0.00134882 
1298 0.0171361 
1299 6.41968e-06 
1300 1e-06 
1301 0.000286932 
1302 0.000253833 
1303 0.000636651 
1304 7.67752e-05 
1305 5.01642e-05 
1306 5.77747e-05 
1307 2.80431e-05 
1308 1.50261e-05 
1309 3.15634e-05 
1310 1.95136e-05 
1311 1.95812e-05 
1312 2.4738e-05 
1313 1.99357e-05 
1314 2.08153e-05 
1315 2.3792e-05 
1316 1.21756e-05 
1317 1.61292e-05 
1318 1.8847e-05 
1319 3.85787e-05 
1320 2.05979e-05 
1321 3.88465e-05 
1322 3.46961e-05 
1323 2.75568e-05 
1324 1.94036e-05 
1325 7.31065e-05 
1326 5.60407e-05 
1327 7.3888e-05 
1328 0.000101376 
1329 6.57949e-05 
1330 8.3241e-05 
1331 8.40946e-05 
1332 0.000196096 
1333 0.000267984 
1334 0.00592976 
1335 0.0138002 
1336 1e-06 
1337 0.000650942 
1338 4.06552e-05 
1339 0.000324227 
1340 0.000151965 
1341 0.000114048 
1342 0.000104614 
1343 5.75905e-05 
1344 6.11853e-05 
1345 7.73899e-05 
1346 5.82661e-05 
1347 6.9913e-05 
1348 4.93422e-05 
1349 7.00728e-05 
1350 0.000136617 
1351 0.000154983 
1352 0.000198044 
1353 0.000346373 
1354 0.000451488 
1355 0.00178225 
1356 0.0349819 
1357 2.14782e-05 
1358 0.000279022 
1359 4.25215e-05 
1360 0.000571183 
1361 0.000121461 
1362 0.000203444 
1363 5.66588e-05 
1364 3.57501e-05 
1365 6.0518e-05 
1366 0.000185277 
1367 2.59649e-05 
1368 0.000149163 
1369 0.000148317 
1370 0.000141127 
1371 8.42011e-05 
1372 0.000118092 
1373 1.52272e-05 
1374 7.23614e-06 
1375 7.92522e-06 
1376 5.63639e-05 
1377 4.67565e-05 
1378 1.04445e-05 
1379 3.36538e-05 
1380 1.16268e-05 
1381 2.02516e-05 
1382 7.483e-06 
1383 3.06845e-05 
1384 5.57281e-06 
1385 2.37354e-05 
1386 4.7745e-06 
1387 2.55696e-05 
1388 8.94584e-06 
1389 8.37556e-06 
1390 6.88837e-06 
1391 1.14345e-05 
1392 1.53982e-05 
1393 6.60274e-06 
1394 1.06135e-05 
1395 1.27578e-05 
1396 1.02064e-05 
1397 5.2471e-05 
1398 1.33955e-05 
1399 3.85787e-05 
1400 1.45898e-05 
1401 1.67987e-05 
1402 1.97673e-05 
1403 3.34423e-05 
1404 2.1449e-05 
1405 2.03685e-05 
1406 2.03327e-05 
1407 3.55832e-05 
1408 2.68218e-05 
1409 5.27805e-05 
1410 6.85956e-05 
1411 2.81037e-05 
1412 8.1285e-05 
1413 0.000152477 
1414 8.03361e-05 
1415 8.88544e-05 
1416 0.000174988 
1417 0.000103706 
1418 0.00035091 
1419 0.000204695 
1420 0.000406086 
1421 0.000190032 
1422 0.000432042 
1423 0.000682648 
1424 0.0037818 
1425 0.051996 
1426 0.00165037 
1427 0.00129721 
1428 0.000834071 
1429 0.000351705 
1430 0.000227038 
1431 0.000205093 
1432 0.000365769 
1433 0.000186708 
1434 0.000245989 
1435 0.000191976 
1436 0.000234604 
1437 0.000311872 
1438 0.000331386 
1439 0.000804144 
1440 0.00082887 
1441 0.00124578 
1442 0.00143341 
1443 0.00799106 
1444 0.0558215 
1445 0.000921076 
1446 0.00183614 
1447 0.000650981 
1448 0.000368744 
1449 0.000294695 
1450 0.000130115 
1451 9.52553e-05 
1452 0.000120823 
1453 0.000204105 
1454 0.00012744 
1455 8.66794e-05 
1456 0.000126936 
1457 0.000137188 
1458 0.000183046 
1459 0.000261803 
1460 0.000312462 
1461 0.00045387 
1462 0.000232948 
1463 0.000670166 
1464 0.000614391 
1465 0.00176808 
1466 0.00560804 
1467 0.0121044 
1468 0.000725703 
1469 7.18448e-05 
1470 4.32862e-05 
1471 1.52108e-05 
1472 3.29106e-05 
1473 1.23622e-05 
1474 5.01569e-05 
1475 2.03301e-05 
1476 4.25013e-06 
1477 3.48359e-05 
1478 3.16306e-05 
1479 1.69038e-05 
1480 1.1315e-05 
1481 1.22547e-05 
1482 3.48863e-05 
1483 8.12965e-06 
1484 9.27893e-06 
1485 2.98485e-05 
1486 1.5262e-05 
1487 5.57281e-06 
1488 8.89413e-06 
1489 1.00112e-05 
1490 7.12354e-06 
1491 9.1617e-06 
1492 7.32217e-06 
1493 1.107e-05 
1494 1.33285e-05 
1495 1.07133e-05 
1496 9.34668e-06 
1497 8.26879e-06 
1498 1.13834e-05 
1499 9.13562e-06 
1500 3.2614e-05 
1501 1.60369e-05 
1502 2.11467e-05 
1503 1.79276e-05 
1504 2.12432e-05 
1505 1.88009e-05 
1506 3.7299e-05 
1507 3.98363e-05 
1508 3.12366e-05 
1509 2.66577e-05 
1510 5.01695e-05 
1511 1.84893e-05 
1512 3.40968e-05 
1513 3.63735e-05 
1514 0.000257849 
1515 0.000102324 
1516 0.000259185 
1517 0.000268996 
1518 0.0020079 
1519 0.0604831 
1520 1.20765e-05 
1521 8.04951e-05 
1522 0.000582221 
1523 0.00198724 
1524 0.000500939 
1525 0.00037501 
1526 0.000509083 
1527 0.000373393 
1528 0.000267973 
1529 0.000229678 
1530 0.00023893 
1531 0.000244705 
1532 0.000293897 
1533 0.000330063 
1534 0.000453706 
1535 0.00072571 
1536 0.000869093 
1537 0.000970483 
1538 0.00129064 
1539 0.00152778 
1540 0.012137 
1541 0.00054787 
1542 8.72495e-05 
1543 0.000214954 
1544 7.63932e-05 
1545 9.77325e-05 
1546 7.41127e-05 
1547 7.20938e-05 
1548 7.32475e-05 
1549 7.2956e-05 
1550 0.000104479 
1551 8.88895e-05 
1552 0.000301667 
1553 0.000459814 
1554 0.000355805 
1555 0.000527196 
1556 0.00573169 
1557 0.0442026 
1558 0.000492654 
1559 0.000561974 
1560 0.000183177 
1561 6.3114e-05 
1562 0.000104479 
1563 9.04993e-05 
1564 0.000400663 
1565 0.000105497 
1566 0.000193129 
1567 0.000101 
1568 6.45714e-05 
1569 6.3932e-05 
1570 5.8091e-05 
1571 6.4722e-05 
1572 6.86844e-05 
1573 0.000109017 
1574 0.000185261 
1575 0.000151676 
1576 0.00020402 
1577 0.000271946 
1578 0.000331286 
1579 0.000261803 
1580 0.000392497 
1581 0.000641121 
1582 0.000997439 
1583 0.030665 
1584 1e-06 
1585 1.64392e-05 
1586 5.4915e-05 
1587 0.000380798 
1588 1.3612e-05 
1589 0.000218416 
1590 0.000734668 
1591 0.000109386 
1592 6.73711e-05 
1593 0.000206787 
1594 3.54493e-05 
1595 0.000135693 
1596 0.0001436 
1597 3.41665e-05 
1598 0.000152102 
1599 9.10157e-05 
1600 9.31819e-05 
1601 6.46456e-05 
1602 0.000142316 
1603 7.88861e-05 
1604 0.000112158 
1605 0.000131801 
1606 4.04386e-05 
1607 3.69723e-05 
1608 4.93422e-05 
1609 4.63839e-05 
1610 4.32289e-05 
1611 8.64447e-05 
1612 5.53641e-05 
1613 5.70795e-05 
1614 0.000115521 
1615 0.000107107 
1616 0.000125735 
1617 0.000116764 
1618 0.000123297 
1619 0.000114388 
1620 0.000215085 
1621 0.000150744 
1622 0.000171304 
1623 0.0002 
1624 0.000365669 
1625 0.000368584 
1626 0.000370264 
1627 0.000197348 
1628 0.00126691 
1629 0.000695794 
1630 0.000704362 
1631 0.00499717 
1632 0.0419927 
1633 1.48186e-06 
1634 1e-06 
1635 0.000818017 
1636 0.000167776 
1637 0.000436616 
1638 0.000123793 
1639 4.8136e-05 
1640 6.07531e-06 
1641 0.000134535 
1642 2.9904e-05 
1643 3.44753e-05 
1644 7.88947e-05 
1645 0.000140955 
1646 0.000137899 
1647 2.02558e-05 
1648 6.18034e-05 
1649 6.21803e-06 
1650 5.65615e-05 
1651 1.95676e-05 
1652 4.39332e-05 
1653 2.86175e-05 
1654 4.99091e-05 
1655 1.36836e-05 
1656 1.23412e-05 
1657 3.14122e-05 
1658 1.8034e-05 
1659 1.50665e-05 
1660 1.32397e-05 
1661 1.25789e-05 
1662 1.42532e-05 
1663 1.06753e-05 
1664 9.83858e-06 
1665 2.1656e-05 
1666 1.99974e-05 
1667 3.45522e-05 
1668 2.33177e-05 
1669 2.46757e-05 
1670 8.48641e-06 
1671 5.06691e-05 
1672 2.16291e-05 
1673 1.36243e-05 
1674 1.75645e-05 
1675 2.01118e-05 
1676 3.43474e-05 
1677 3.71366e-05 
1678 7.1895e-05 
1679 3.76281e-05 
1680 2.61295e-05 
1681 2.77127e-05 
1682 1.95122e-05 
1683 2.41777e-05 
1684 3.51036e-05 
1685 4.07767e-05 
1686 3.98635e-05 
1687 4.3074e-05 
1688 4.59588e-05 
1689 3.88775e-05 
1690 0.000112162 
1691 0.000134843 
1692 7.80281e-05 
1693 0.000102173 
1694 0.000139461 
1695 0.000286699 
1696 0.000340916 
1697 0.00177186 
1698 0.00148691 
1699 0.0344424 
1700 0.00075436 
1701 0.000735998 
1702 0.000277997 
1703 0.000539534 
1704 0.000176143 
1705 0.000243322 
1706 0.000252645 
1707 0.000122049 
1708 0.000236929 
1709 0.000125735 
1710 0.000157344 
1711 0.000131718 
1712 0.000185892 
1713 0.000325749 
1714 0.000352503 
1715 0.000311793 
1716 0.000464806 
1717 0.000650885 
1718 0.000937434 
1719 0.00176131 
1720 0.00905477 
1721 0.105702 
1722 0.00145345 
1723 0.00217787 
1724 0.000172813 
1725 0.000708572 
1726 0.000167657 
1727 0.000365038 
1728 0.000145759 
1729 0.000326304 
1730 0.000508419 
1731 0.000217337 
1732 0.000125735 
1733 0.000170209 
1734 0.000130689 
1735 0.000161803 
1736 0.00017283 
1737 0.000290154 
1738 0.000309809 
1739 0.000563086 
1740 0.000306043 
1741 0.000998954 
1742 0.000853814 
1743 0.00136025 
1744 0.00590842 
1745 0.072248 
1746 0.000783375 
1747 0.000410915 
1748 2.42814e-06 
1749 0.000301087 
1750 0.000672218 
1751 6.3932e-05 
1752 0.00028523 
1753 0.00024339 
1754 1.97947e-05 
1755 0.000158583 
1756 0.000191236 
1757 2.12984e-05 
1758 9.04148e-05 
1759 6.81389e-05 
1760 5.89863e-05 
1761 8.24714e-05 
1762 8.49548e-05 
1763 4.83185e-05 
1764 2.04519e-05 
1765 3.71365e-05 
1766 5.36411e-05 
1767 2.37578e-05 
1768 4.83775e-05 
1769 3.13919e-05 
1770 4.80943e-05 
1771 5.47046e-05 
1772 4.18769e-05 
1773 6.79628e-05 
1774 6.50831e-05 
1775 6.3932e-05 
1776 9.83759e-05 
1777 7.23375e-05 
1778 5.79538e-05 
1779 8.37777e-05 
1780 0.000132863 
1781 5.85037e-05 
1782 9.82912e-05 
1783 8.03187e-05 
1784 6.99637e-05 
1785 0.000153065 
1786 0.000234062 
1787 0.000202467 
1788 0.000195589 
1789 0.000132722 
1790 0.000223154 
1791 0.000212993 
1792 0.000863591 
1793 0.000536564 
1794 0.000375637 
1795 0.00465257 
1796 0.0784747 
1797 0.002336 
1798 0.000453697 
1799 0.000236279 
1800 0.000533964 
1801 0.000123428 
1802 0.000552638 
1803 0.000555389 
1804 0.00029103 
1805 0.000364448 
1806 0.000388709 
1807 0.000181473 
1808 0.000176478 
1809 0.000154117 
1810 0.000143423 
1811 0.000207055 
1812 0.000208697 
1813 0.000133602 
1814 0.000158933 
1815 0.000225843 
1816 0.000348239 
1817 0.000300997 
1818 0.000331012 
1819 0.000300067 
1820 0.000597823 
1821 0.000583124 
1822 0.000730262 
1823 0.000791561 
1824 0.000736807 
1825 0.00153007 
1826 0.000906171 
1827 0.0112645 
1828 0.0909817 
1829 0.00481261 
1830 0.00190447 
1831 0.000926177 
1832 0.000612182 
1833 0.00065892 
1834 0.000967925 
1835 0.0022782 
1836 0.00274487 
1837 0.00595409 
1838 0.0888278 
1839 1.10532e-05 
1840 1e-06 
1841 0.000808635 
1842 0.0011771 
1843 0.000651703 
1844 0.000697183 
1845 0.00104484 
1846 0.000386046 
1847 0.000271166 
1848 0.000197229 
1849 0.000170452 
1850 0.000185888 
1851 0.000329256 
1852 0.00020468 
1853 0.00017119 
1854 0.00019198 
1855 0.000152343 
1856 0.00034745 
1857 0.000297763 
1858 0.000435372 
1859 0.000537383 
1860 0.000831832 
1861 0.000982597 
1862 0.00108687 
1863 0.00122464 
1864 0.00300103 
1865 0.0116891 
1866 0.065222 
1867 0.00167085 
1868 0.000385519 
1869 0.000455251 
1870 0.00020402 
1871 0.000161803 
1872 0.00021298 
1873 0.000176393 
1874 0.00030106 
1875 0.000266731 
1876 0.000505163 
1877 0.000851067 
1878 0.000860641 
1879 0.00207733 
1880 0.0127667 
1881 3.11244e-05 
1882 2.79028e-05 
1883 0.00015424 
1884 1e-06 
1885 0.000211527 
1886 0.00020468 
1887 6.18034e-05 
1888 1.27677e-05 
1889 4.51222e-05 
1890 7.37868e-05 
1891 1.09401e-05 
1892 1.48046e-05 
1893 6.928e-05 
1894 2.36068e-05 
1895 1.10992e-05 
1896 2.76839e-05 
1897 1.38291e-05 
1898 5.04091e-05 
1899 1.10294e-05 
1900 1.53645e-05 
1901 3.19072e-05 
1902 6.44373e-06 
1903 6.18501e-06 
1904 4.81708e-06 
1905 8.34715e-06 
1906 1.64136e-05 
1907 4.41129e-06 
1908 3.70822e-06 
1909 1.13128e-05 
1910 4.27827e-06 
1911 7.24346e-06 
1912 5.47659e-06 
1913 6.63652e-06 
1914 3.82666e-06 
1915 1.53633e-05 
1916 3.88372e-06 
1917 4.08563e-06 
1918 6.39768e-06 
1919 4.50638e-06 
1920 1.14355e-05 
1921 9.78738e-06 
1922 4.30557e-06 
1923 9.70435e-06 
1924 6.42688e-06 
1925 5.57281e-06 
1926 4.13198e-06 
1927 6.52797e-06 
1928 1.23455e-05 
1929 1.41057e-05 
1930 1.49337e-05 
1931 1.10919e-05 
1932 1.96664e-05 
1933 5.69143e-06 
1934 9.92681e-06 
1935 1.47167e-05 
1936 1.43085e-05 
1937 1.28908e-05 
1938 2.82018e-05 
1939 1.59759e-05 
1940 2.15634e-05 
1941 2.39991e-05 
1942 7.79125e-06 
1943 2.92505e-05 
1944 2.73235e-05 
1945 4.09505e-05 
1946 2.41519e-05 
1947 6.67023e-05 
1948 1.72199e-05 
1949 2.48062e-05 
1950 2.21017e-05 
1951 1.34986e-05 
1952 2.9574e-05 
1953 4.62686e-05 
1954 6.18034e-05 
1955 0.000223897 
1956 0.000273726 
1957 0.00150978 
1958 0.00256794 
1959 0.0905526 
1960 0.000990759 
1961 7.43132e-06 
1962 0.00045332 
1963 0.000245372 
1964 6.30458e-05 
1965 0.000330138 
1966 0.000120444 
1967 0.000313656 
1968 8.56406e-05 
1969 0.000614799 
1970 0.000378974 
1971 0.000176825 
1972 0.000186802 
1973 0.00017517 
1974 8.38842e-05 
1975 7.93174e-05 
1976 6.49831e-05 
1977 0.000107927 
1978 6.52133e-05 
1979 8.86707e-05 
1980 8.42532e-05 
1981 0.000131028 
1982 0.000113245 
1983 0.000127469 
1984 0.000172782 
1985 0.000179087 
1986 8.51119e-05 
1987 0.000130125 
1988 0.000276236 
1989 0.00017419 
1990 0.000288692 
1991 0.00057521 
1992 0.000452688 
1993 0.000759634 
1994 0.000370542 
1995 0.000357049 
1996 0.00199656 
1997 0.0091114 
1998 0.0530053 
1999 0.00631654 
2000 4.64153e-05 
2001 8.68976e-05 
2002 0.000206697 
2003 7.86155e-05 
2004 0.000122233 
2005 0.000110131 
2006 4.39564e-05 
2007 2.89425e-06 
2008 1.80496e-05 
2009 3.91058e-05 
2010 4.31367e-05 
2011 1.10016e-05 
2012 8.63523e-06 
2013 1.30939e-05 
2014 1.55509e-05 
2015 1.32556e-05 
2016 1.70071e-05 
2017 5.73194e-05 
2018 2.76229e-05 
2019 2.29537e-05 
2020 2.81446e-05 
2021 8.09984e-06 
2022 1.16248e-05 
2023 5.44402e-06 
2024 2.21971e-05 
2025 3.02409e-05 
2026 1.7248e-05 
2027 9.15708e-06 
2028 1.42255e-05 
2029 7.7828e-06 
2030 1.47817e-05 
2031 2.0203e-05 
2032 5.09813e-06 
2033 4.82771e-06 
2034 9.12775e-06 
2035 1.25615e-05 
2036 5.82716e-06 
2037 6.30232e-06 
2038 8.1163e-06 
2039 2.00823e-05 
2040 2.28499e-05 
2041 7.44125e-06 
2042 1.20553e-05 
2043 8.38174e-06 
2044 1.79947e-05 
2045 1.04672e-05 
2046 2.07289e-05 
2047 1.71702e-05 
2048 1.14225e-05 
2049 1.07208e-05 
2050 1.8061e-05 
2051 4.10656e-05 
2052 1.21289e-05 
2053 3.51618e-05 
2054 1.57406e-05 
2055 1.43231e-05 
2056 5.05414e-05 
2057 2.15075e-05 
2058 2.84284e-05 
2059 2.65992e-05 
2060 3.55436e-05 
2061 4.02979e-05 
2062 2.22985e-05 
2063 7.83139e-05 
2064 4.98573e-05 
2065 3.51256e-05 
2066 5.6094e-05 
2067 6.28575e-05 
2068 0.00021852 
2069 0.000174611 
2070 9.24443e-05 
2071 0.000169133 
2072 0.00240296 
2073 0.113416 
2074 0.00450823 
2075 0.00121769 
2076 0.0012925 
2077 0.000521966 
2078 0.000333714 
2079 0.0010075 
2080 0.000246096 
2081 0.000291308 
2082 0.000257376 
2083 0.000328812 
2084 0.000326724 
2085 0.000504383 
2086 0.000496836 
2087 0.000618247 
2088 0.000818205 
2089 0.00144498 
2090 0.00195562 
2091 0.000808322 
2092 0.00193954 
2093 0.0026445 
2094 0.0178261 
2095 0.000456183 
2096 0.00041553 
2097 0.000114568 
2098 0.000124852 
2099 3.15871e-05 
2100 3.60286e-05 
2101 0.00018402 
2102 1.71064e-05 
2103 4.65594e-05 
2104 3.26695e-05 
2105 3.248e-05 
2106 2.76374e-05 
2107 1.56499e-05 
2108 1.8847e-05 
2109 2.75829e-05 
2110 1.8034e-05 
2111 2.67498e-05 
2112 1.93414e-05 
2113 2.13306e-05 
2114 1.8847e-05 
2115 1.45898e-05 
2116 3.12451e-05 
2117 4.00184e-05 
2118 2.28909e-05 
2119 3.24978e-05 
2120 2.8836e-05 
2121 3.78145e-05 
2122 3.03013e-05 
2123 2.30617e-05 
2124 7.58977e-05 
2125 4.06199e-05 
2126 5.7877e-05 
2127 6.84926e-05 
2128 6.54511e-05 
2129 7.9579e-05 
2130 6.36078e-05 
2131 0.000109904 
2132 9.1427e-05 
2133 6.89444e-05 
2134 4.50194e-05 
2135 0.000221636 
2136 0.000110204 
2137 0.000508272 
2138 0.000411189 
2139 0.0129901 
2140 0.000602778 
2141 2.89642e-06 
2142 0.000120849 
2143 1e-06 
2144 9.48572e-05 
2145 8.95651e-05 
2146 0.000117887 
2147 5.12357e-05 
2148 2.75768e-05 
2149 0.00014027 
2150 1.57462e-05 
2151 7.32925e-05 
2152 1.6325e-05 
2153 3.93543e-05 
2154 1.70364e-05 
2155 1.73012e-05 
2156 1.47817e-05 
2157 2.93477e-05 
2158 1.91008e-05 
2159 1.74228e-05 
2160 2.69514e-05 
2161 2.61858e-05 
2162 1.82486e-05 
2163 2.32022e-05 
2164 3.97756e-05 
2165 3.5124e-05 
2166 3.36406e-05 
2167 2.66313e-05 
2168 3.19498e-05 
2169 2.55055e-05 
2170 4.57474e-05 
2171 4.79944e-05 
2172 6.5164e-05 
2173 4.66413e-05 
2174 7.16053e-05 
2175 0.000102686 
2176 4.37712e-05 
2177 9.68845e-05 
2178 5.21505e-05 
2179 0.000145645 
2180 0.000591695 
2181 0.000383537 
2182 0.00602074 
2183 0.0496815 
2184 0.00080168 
2185 0.00020757 
2186 0.000402802 
2187 0.000104062 
2188 9.71293e-05 
2189 0.000145038 
2190 9.88445e-05 
2191 8.83278e-05 
2192 8.47535e-05 
2193 0.000116485 
2194 0.000144774 
2195 0.000288059 
2196 0.000333831 
2197 0.000468481 
2198 0.0010494 
2199 0.000973476 
2200 0.00881096 
2201 0.0996869 
2202 0.00134617 
2203 0.00119332 
2204 0.000161803 
2205 0.000386538 
2206 0.000223607 
2207 0.000185433 
2208 0.000135301 
2209 4.06804e-05 
2210 6.26165e-05 
2211 0.000332402 
2212 7.27825e-05 
2213 9.89999e-05 
2214 5.67265e-05 
2215 7.53745e-05 
2216 6.18034e-05 
2217 5.93132e-05 
2218 6.45714e-05 
2219 4.35587e-05 
2220 7.56292e-05 
2221 6.24215e-05 
2222 6.26165e-05 
2223 5.98444e-05 
2224 6.03751e-05 
2225 6.70566e-05 
2226 0.000133439 
2227 7.32742e-05 
2228 6.99737e-05 
2229 0.000173542 
2230 0.000114454 
2231 0.000158931 
2232 0.000119746 
2233 0.000149662 
2234 0.000196468 
2235 0.000110202 
2236 0.00010893 
2237 0.00017595 
2238 0.000198229 
2239 0.000204678 
2240 0.000183936 
2241 0.00110884 
2242 0.000688808 
2243 0.00154687 
2244 0.00110681 
2245 0.019613 
2246 0.000688626 
2247 0.000193314 
2248 5.75519e-05 
2249 6.51923e-05 
2250 0.00012766 
2251 0.000130176 
2252 0.00012193 
2253 0.000101942 
2254 5.65291e-05 
2255 6.3119e-05 
2256 3.2573e-05 
2257 3.74719e-05 
2258 3.07415e-05 
2259 3.72818e-05 
2260 5.48006e-05 
2261 4.24538e-05 
2262 7.87814e-05 
2263 7.86081e-05 
2264 9.55169e-05 
2265 7.20188e-05 
2266 0.000115316 
2267 0.000234554 
2268 0.00015816 
2269 0.00024946 
2270 0.000223773 
2271 0.000180346 
2272 0.00032748 
2273 0.000559584 
2274 0.00188243 
2275 0.0579514 
2276 0.00114374 
2277 0.000955847 
2278 0.00048796 
2279 0.00038674 
2280 0.000188876 
2281 0.000299478 
2282 0.000148145 
2283 0.000195406 
2284 0.000261803 
2285 0.000122983 
2286 0.000173036 
2287 0.000155105 
2288 0.000137552 
2289 0.00013689 
2290 0.000191784 
2291 0.000161803 
2292 0.000319239 
2293 0.0004331 
2294 0.00040115 
2295 0.000575636 
2296 0.000426267 
2297 0.001117 
2298 0.0038874 
2299 0.00754273 
2300 0.061631 
2301 0.0001811 
2302 1e-06 
2303 0.000781656 
2304 0.000659598 
2305 2.11519e-05 
2306 0.000169095 
2307 2.70088e-05 
2308 3.03806e-05 
2309 1.17068e-05 
2310 1.83391e-05 
2311 4.72136e-05 
2312 2.14873e-05 
2313 4.32234e-05 
2314 3.52305e-05 
2315 2.56607e-05 
2316 1.1306e-05 
2317 1.20976e-05 
2318 1.58237e-05 
2319 1.88602e-05 
2320 2.0711e-05 
2321 1.48239e-05 
2322 1.39059e-05 
2323 1.40056e-05 
2324 1.17071e-05 
2325 1.29846e-05 
2326 1.12415e-05 
2327 1.21223e-05 
2328 2.36236e-05 
2329 2.03085e-05 
2330 1.00719e-05 
2331 1.93985e-05 
2332 1.57127e-05 
2333 9.35731e-06 
2334 1.64136e-05 
2335 1.38497e-05 
2336 1.99341e-05 
2337 2.74563e-05 
2338 1.43768e-05 
2339 1.35574e-05 
2340 1.24045e-05 
2341 2.97655e-05 
2342 3.5948e-05 
2343 2.4692e-05 
2344 3.35691e-05 
2345 1.88659e-05 
2346 3.01496e-05 
2347 4.32213e-05 
2348 4.34108e-05 
2349 2.419e-05 
2350 2.57446e-05 
2351 2.74285e-05 
2352 0.000102791 
2353 4.5801e-05 
2354 5.38234e-05 
2355 6.86921e-05 
2356 3.85787e-05 
2357 3.37205e-05 
2358 2.91673e-05 
2359 8.99907e-05 
2360 7.88997e-05 
2361 6.9807e-05 
2362 6.67293e-05 
2363 0.000139587 
2364 8.34742e-05 
2365 0.000451553 
2366 0.00318447 
2367 0.0276373 
2368 0.000653078 
2369 0.000144974 
2370 0.00083805 
2371 3.97952e-05 
2372 6.50154e-05 
2373 4.16408e-05 
2374 6.79894e-05 
2375 4.05769e-05 
2376 5.35295e-05 
2377 6.18034e-05 
2378 5.43136e-05 
2379 8.17771e-05 
2380 4.80267e-05 
2381 5.25057e-05 
2382 6.26165e-05 
2383 4.1136e-05 
2384 4.43193e-05 
2385 5.72745e-05 
2386 4.45919e-05 
2387 8.64764e-05 
2388 5.33144e-05 
2389 0.000125604 
2390 9.51044e-05 
2391 0.000129196 
2392 7.08091e-05 
2393 0.000125604 
2394 0.000122684 
2395 0.000140175 
2396 0.000366259 
2397 0.000499853 
2398 0.000323056 
2399 0.000526763 
2400 0.00377556 
2401 0.0447375 
2402 0.000155936 
2403 1e-06 
2404 0.000796504 
2405 0.000165143 
2406 0.00048409 
2407 4.88902e-05 
2408 0.000516386 
2409 0.000230168 
2410 0.00010201 
2411 0.00011371 
2412 0.000146098 
2413 0.000231689 
2414 4.48839e-05 
2415 6.51428e-05 
2416 4.89553e-05 
2417 6.50498e-05 
2418 5.86893e-05 
2419 5.44053e-05 
2420 4.83185e-05 
2421 4.43412e-05 
2422 5.8872e-05 
2423 4.93422e-05 
2424 4.16408e-05 
2425 5.14592e-05 
2426 4.32082e-05 
2427 6.18034e-05 
2428 0.000101 
2429 5.11023e-05 
2430 0.000104394 
2431 6.18034e-05 
2432 0.000122393 
2433 7.50936e-05 
2434 0.000205778 
2435 0.000272483 
2436 0.000175278 
2437 0.000313717 
2438 0.000367878 
2439 0.000402292 
2440 0.000410053 
2441 0.000285971 
2442 0.0045035 
2443 0.0286644 
2444 4.24326e-06 
2445 1e-06 
2446 0.000521283 
2447 8.41355e-05 
2448 0.000876889 
2449 0.00013065 
2450 0.000161803 
2451 0.000140806 
2452 0.00012343 
2453 0.000115849 
2454 0.000119457 
2455 0.000118617 
2456 0.000115986 
2457 0.000140122 
2458 0.000196415 
2459 0.000197894 
2460 0.00037441 
2461 0.000360785 
2462 0.000710642 
2463 0.00163618 
2464 0.0138625 
2465 0.085064 
2466 5.44777e-05 
2467 1e-06 
2468 0.000654038 
2469 0.00108614 
2470 8.04335e-05 
2471 0.000331918 
2472 0.000298192 
2473 0.000110567 
2474 0.000157221 
2475 0.000138269 
2476 6.3932e-05 
2477 0.000187889 
2478 0.000115847 
2479 7.07827e-05 
2480 5.06512e-05 
2481 9.79556e-05 
2482 8.60743e-05 
2483 5.16858e-05 
2484 5.27775e-05 
2485 9.57597e-05 
2486 0.000132129 
2487 6.18034e-05 
2488 6.30458e-05 
2489 8.46084e-05 
2490 0.000109508 
2491 0.000101 
2492 0.000306928 
2493 9.23054e-05 
2494 0.000204815 
2495 0.000151925 
2496 0.000318741 
2497 0.000228066 
2498 0.000367015 
2499 0.000280555 
2500 0.000733013 
2501 0.000510533 
2502 0.000462913 
2503 0.00046009 
2504 0.000565806 
2505 0.00230702 
2506 0.00937713 
2507 0.0343601 
2508 4.80111e-05 
2509 0.000147003 
2510 1.09125e-05 
2511 0.000441663 
2512 0.000195835 
2513 5.76097e-05 
2514 7.84168e-05 
2515 4.53908e-05 
2516 5.65868e-05 
2517 5.03738e-05 
2518 4.0292e-05 
2519 6.3119e-05 
2520 5.30115e-05 
2521 4.63571e-05 
2522 6.86918e-05 
2523 6.73762e-05 
2524 7.33354e-05 
2525 0.000119724 
2526 7.81973e-05 
2527 0.000134385 
2528 0.000209416 
2529 0.000204513 
2530 0.000757278 
2531 0.00359891 
2532 0.0415578 
2533 6.03104e-05 
2534 1e-06 
2535 4.06163e-05 
2536 8.39735e-06 
2537 0.000154092 
2538 6.73986e-05 
2539 6.43387e-05 
2540 3.08076e-05 
2541 0.000121206 
2542 3.5261e-05 
2543 0.000136852 
2544 2.51037e-05 
2545 7.80695e-05 
2546 4.35131e-05 
2547 9.32402e-05 
2548 3.04971e-05 
2549 4.54602e-05 
2550 2.88325e-05 
2551 3.89646e-05 
2552 2.96298e-05 
2553 3.65911e-05 
2554 3.19699e-05 
2555 4.987e-05 
2556 5.64583e-05 
2557 8.373e-05 
2558 5.73127e-05 
2559 6.58304e-05 
2560 6.43278e-05 
2561 9.83447e-05 
2562 7.67555e-05 
2563 6.54794e-05 
2564 0.000136376 
2565 8.34415e-05 
2566 0.000138917 
2567 0.000183979 
2568 0.00073539 
2569 0.00327869 
2570 0.00814888 
2571 0.0406727 
2572 0.0115352 
2573 0.00975403 
2574 7.421e-05 
2575 1e-06 
2576 1.30439e-05 
2577 0.000105591 
2578 0.00014627 
2579 4.6277e-05 
2580 2.48481e-05 
2581 0.000205854 
2582 5.04045e-05 
2583 5.88079e-05 
2584 1.82138e-05 
2585 5.36007e-05 
2586 1.67736e-05 
2587 8.67242e-05 
2588 1.85856e-05 
2589 1.89968e-05 
2590 1.50923e-05 
2591 1.987e-05 
2592 5.17031e-05 
2593 1.64318e-05 
2594 3.10615e-05 
2595 1.47972e-05 
2596 3.22165e-05 
2597 2.30974e-05 
2598 2.2961e-05 
2599 2.29257e-05 
2600 1.59054e-05 
2601 4.16408e-05 
2602 1.36414e-05 
2603 2.47725e-05 
2604 2.11639e-05 
2605 1.97344e-05 
2606 1.95459e-05 
2607 4.68933e-05 
2608 3.50729e-05 
2609 4.0444e-05 
2610 4.25601e-05 
2611 4.62302e-05 
2612 7.57953e-05 
2613 4.43842e-05 
2614 8.50575e-05 
2615 5.02134e-05 
2616 4.77869e-05 
2617 9.24469e-05 
2618 0.000119662 
2619 0.00011817 
2620 8.20655e-05 
2621 0.000468998 
2622 0.00228994 
2623 0.0317472 
2624 0.00120984 
2625 1.21434e-05 
2626 0.000460414 
2627 5.22587e-06 
2628 0.00014618 
2629 2.05114e-05 
2630 9.20352e-05 
2631 6.91586e-06 
2632 2.977e-05 
2633 0.000183987 
2634 1.39313e-05 
2635 4.39812e-05 
2636 1.72105e-05 
2637 4.72136e-05 
2638 2.21976e-05 
2639 4.04605e-05 
2640 1.82676e-05 
2641 1.08159e-05 
2642 1.42655e-05 
2643 2.38429e-05 
2644 1.59054e-05 
2645 2.28359e-05 
2646 2.20562e-05 
2647 2.2318e-05 
2648 2.12929e-05 
2649 1.9942e-05 
2650 2.14067e-05 
2651 1.89395e-05 
2652 2.0678e-05 
2653 2.17061e-05 
2654 3.55535e-05 
2655 1.95834e-05 
2656 2.35156e-05 
2657 7.72861e-05 
2658 1.91037e-05 
2659 2.59356e-05 
2660 5.00262e-05 
2661 6.05131e-05 
2662 1.57462e-05 
2663 3.27889e-05 
2664 4.29383e-05 
2665 7.16046e-05 
2666 3.93645e-05 
2667 9.22526e-05 
2668 8.94371e-05 
2669 6.07869e-05 
2670 0.000118511 
2671 2.69431e-05 
2672 0.000119358 
2673 0.000108456 
2674 0.000168121 
2675 0.000117214 
2676 0.00049761 
2677 0.00135407 
2678 0.00843674 
2679 0.0194413 
2680 0.00781131 
2681 0.019232 
2682 7.7012e-06 
2683 1e-06 
2684 2.39482e-05 
2685 0.000521037 
2686 0.000132067 
2687 0.000555824 
2688 0.000226839 
2689 0.000179883 
2690 0.000104174 
2691 8.25731e-05 
2692 0.00010241 
2693 8.06504e-05 
2694 7.63932e-05 
2695 9.13351e-05 
2696 0.000208593 
2697 0.000210783 
2698 0.000247852 
2699 0.000275788 
2700 0.000284799 
2701 0.00238094 
2702 0.0239098 
2703 0.000692507 
2704 6.00315e-05 
2705 7.96295e-05 
2706 0.000126727 
2707 3.74376e-05 
2708 3.21967e-05 
2709 0.000121829 
2710 4.83304e-05 
2711 8.56437e-05 
2712 5.90825e-05 
2713 2.03507e-05 
2714 6.3101e-05 
2715 2.67252e-05 
2716 2.95562e-05 
2717 2.47515e-05 
2718 1.69845e-05 
2719 4.46456e-05 
2720 1.83445e-05 
2721 1.93023e-05 
2722 2.57219e-05 
2723 2.88535e-05 
2724 3.95122e-05 
2725 2.07359e-05 
2726 2.76049e-05 
2727 2.41999e-05 
2728 3.3156e-05 
2729 5.72298e-05 
2730 4.80267e-05 
2731 0.00010746 
2732 3.97483e-05 
2733 8.33833e-05 
2734 0.000101945 
2735 6.18034e-05 
2736 6.87512e-05 
2737 0.00018983 
2738 0.000165088 
2739 0.000159349 
2740 0.00018541 
2741 0.00033353 
2742 0.00124887 
2743 0.00235088 
2744 0.0221518 
2745 0.000427894 
2746 4.12243e-05 
2747 0.000114821 
2748 3.66901e-05 
2749 5.56714e-05 
2750 0.0002 
2751 2.46072e-05 
2752 3.48936e-05 
2753 4.64059e-05 
2754 1.56242e-05 
2755 1.53975e-05 
2756 0.000113846 
2757 1.41455e-05 
2758 1.58761e-05 
2759 5.05299e-05 
2760 2.14723e-05 
2761 1.47817e-05 
2762 1.13945e-05 
2763 1.01091e-05 
2764 1.01266e-05 
2765 7.68421e-06 
2766 1.10867e-05 
2767 7.35594e-06 
2768 8.86755e-06 
2769 1.37422e-05 
2770 1.0267e-05 
2771 9.66386e-06 
2772 1.11801e-05 
2773 2.26967e-05 
2774 1.37462e-05 
2775 1.60363e-05 
2776 2.37126e-05 
2777 3.22637e-05 
2778 2.41998e-05 
2779 2.04149e-05 
2780 2.84387e-05 
2781 4.23578e-05 
2782 3.78145e-05 
2783 2.47983e-05 
2784 3.02008e-05 
2785 5.58835e-05 
2786 0.000134298 
2787 5.80104e-05 
2788 7.21046e-05 
2789 7.39416e-05 
2790 6.99002e-05 
2791 5.67516e-05 
2792 4.42683e-05 
2793 0.000211235 
2794 0.000202576 
2795 0.000165174 
2796 0.000409579 
2797 0.000799682 
2798 0.00926542 
2799 0.0157069 
2800 0.00461328 
2801 3.3956e-05 
2802 1e-06 
2803 4.54374e-05 
2804 6.1177e-06 
2805 0.000145956 
2806 2.59121e-05 
2807 8.3273e-05 
2808 0.000168367 
2809 0.000249836 
2810 5.98651e-05 
2811 7.45563e-05 
2812 4.30172e-05 
2813 0.000113565 
2814 0.00011599 
2815 0.000123607 
2816 3.15215e-05 
2817 3.89646e-05 
2818 3.28757e-05 
2819 4.0339e-05 
2820 3.81966e-05 
2821 3.38661e-05 
2822 8.5457e-05 
2823 9.85161e-05 
2824 0.000142116 
2825 9.72287e-05 
2826 0.000105058 
2827 0.000102591 
2828 0.000223349 
2829 0.000265218 
2830 0.000271039 
2831 0.000656612 
2832 0.00138498 
2833 0.0203228 
2834 0.216362 
2835 0.00701317 
2836 0.000859565 
2837 0.000376835 
2838 0.00020402 
2839 9.46082e-05 
2840 0.000229962 
2841 0.000110775 
2842 0.000123003 
2843 0.00015453 
2844 6.42584e-05 
2845 0.000118142 
2846 0.000106012 
2847 0.000130137 
2848 0.000128255 
2849 0.000126874 
2850 8.66062e-05 
2851 6.99905e-05 
2852 9.59468e-05 
2853 0.000112058 
2854 7.19486e-05 
2855 5.40534e-05 
2856 0.000134711 
2857 6.67023e-05 
2858 9.49822e-05 
2859 5.00929e-05 
2860 0.00010241 
2861 7.88715e-05 
2862 9.05765e-05 
2863 0.000115199 
2864 7.72657e-05 
2865 0.000127443 
2866 0.000172255 
2867 0.000141993 
2868 0.000193595 
2869 0.000161803 
2870 0.000145039 
2871 0.000158802 
2872 0.00015437 
2873 0.000121293 
2874 0.00024342 
2875 9.52905e-05 
2876 0.000188142 
2877 0.000139584 
2878 0.000216917 
2879 0.000130896 
2880 0.000389782 
2881 0.000172762 
2882 0.000667514 
2883 0.000528614 
2884 0.000142079 
2885 0.000261803 
2886 0.00071798 
2887 0.000854489 
2888 0.00708264 
2889 0.0112652 
2890 0.000311551 
2891 0.000104603 
2892 1e-06 
2893 1e-06 
2894 5.27852e-05 
2895 4.86817e-06 
2896 1.92122e-05 
2897 2.11994e-05 
2898 9.19464e-06 
2899 5.50283e-05 
2900 2.09393e-05 
2901 1.08434e-05 
2902 5.06794e-05 
2903 1.62216e-05 
2904 1.75502e-05 
2905 1.10115e-05 
2906 1.44048e-05 
2907 1.54903e-05 
2908 1.49413e-05 
2909 1.45898e-05 
2910 1.25299e-05 
2911 2.52359e-05 
2912 4.45507e-05 
2913 1.66026e-05 
2914 1.1791e-05 
2915 1.20752e-05 
2916 1.72923e-05 
2917 1.31793e-05 
2918 1.94187e-05 
2919 1.26925e-05 
2920 2.05911e-05 
2921 1.10599e-05 
2922 1.90204e-05 
2923 2.09815e-05 
2924 1.52602e-05 
2925 2.99398e-05 
2926 3.81966e-05 
2927 3.60612e-05 
2928 3.38778e-05 
2929 2.27099e-05 
2930 2.34216e-05 
2931 4.82292e-05 
2932 4.26532e-05 
2933 8.88544e-05 
2934 6.0035e-05 
2935 7.92375e-05 
2936 9.70231e-05 
2937 9.78714e-05 
2938 0.000801954 
2939 0.00104782 
2940 0.0265213 
2941 0.000646976 
2942 0.000133799 
2943 0.000165056 
2944 0.000170279 
2945 3.90036e-05 
2946 1.79966e-05 
2947 8.20053e-05 
2948 1.16992e-05 
2949 2.10612e-05 
2950 2.9231e-05 
2951 1.4861e-05 
2952 6.31919e-05 
2953 2.77342e-05 
2954 2.16492e-05 
2955 0.000102312 
2956 1.33466e-05 
2957 8.99261e-06 
2958 9.29225e-06 
2959 5.36222e-05 
2960 4.90624e-06 
2961 7.17831e-05 
2962 2.67525e-06 
2963 5.32493e-06 
2964 1.3708e-05 
2965 6.07531e-06 
2966 2.17973e-06 
2967 1.69405e-05 
2968 2.13753e-05 
2969 3.0685e-06 
2970 1.02426e-05 
2971 4.57497e-06 
2972 4.66817e-06 
2973 5.98141e-06 
2974 2.65035e-06 
2975 3.04118e-06 
2976 1.06589e-05 
2977 7.44625e-06 
2978 2.29271e-06 
2979 1.03857e-05 
2980 4.16409e-06 
2981 3.18555e-06 
2982 2.80976e-06 
2983 5.67277e-06 
2984 5.86008e-06 
2985 1.09048e-05 
2986 3.59029e-06 
2987 1.42959e-05 
2988 1.31352e-05 
2989 7.61997e-06 
2990 8.03338e-06 
2991 3.03686e-06 
2992 6.29614e-06 
2993 3.50025e-06 
2994 4.41711e-06 
2995 9.40258e-06 
2996 1.03372e-05 
2997 4.7733e-06 
2998 1.8016e-05 
2999 8.56886e-06 
3000 6.0323e-06 
3001 5.68502e-06 
3002 7.89792e-06 
3003 4.02429e-06 
3004 6.50916e-06 
3005 3.72424e-06 
3006 6.36145e-06 
3007 1.02718e-05 
3008 5.04677e-06 
3009 1.36882e-05 
3010 6.33638e-06 
3011 4.86301e-06 
3012 6.57067e-06 
3013 8.21782e-06 
3014 8.89942e-06 
3015 7.97708e-06 
3016 4.50547e-06 
3017 4.30127e-06 
3018 5.06578e-05 
3019 6.98633e-06 
3020 1.59087e-05 
3021 1.49377e-05 
3022 1.15916e-05 
3023 1.76192e-05 
3024 1.83044e-05 
3025 1.53223e-05 
3026 3.29443e-05 
3027 2.69653e-05 
3028 3.32973e-05 
3029 4.67879e-05 
3030 7.65742e-05 
3031 3.33775e-05 
3032 8.04892e-05 
3033 4.61277e-05 
3034 4.15123e-05 
3035 2.61804e-05 
3036 6.9001e-05 
3037 5.09161e-05 
3038 7.53891e-05 
3039 4.59412e-05 
3040 2.86473e-05 
3041 0.000344371 
3042 0.000217991 
3043 0.000238197 
3044 0.000622179 
3045 0.000427507 
3046 0.00427276 
3047 0.00714278 
3048 5.62306e-05 
3049 0.00790637 
3050 0.000452244 
3051 3.63639e-06 
3052 1e-06 
3053 2.28084e-05 
3054 0.000107404 
3055 2.29497e-05 
3056 8.76223e-06 
3057 4.27113e-05 
3058 2.60052e-05 
3059 5.16777e-06 
3060 4.26367e-06 
3061 2.54375e-05 
3062 2.65386e-05 
3063 4.21278e-06 
3064 1.95775e-05 
3065 2.50323e-06 
3066 1.59803e-05 
3067 6.17863e-06 
3068 3.05095e-06 
3069 1.43512e-05 
3070 7.10358e-06 
3071 1.3133e-06 
3072 2.93047e-06 
3073 2.77141e-06 
3074 5.14886e-06 
3075 6.43663e-06 
3076 4.70487e-06 
3077 3.5636e-06 
3078 1.67957e-06 
3079 1.3761e-06 
3080 2.51976e-06 
3081 3.52819e-06 
3082 6.77038e-06 
3083 2.54609e-06 
3084 3.65129e-06 
3085 3.28739e-06 
3086 4.78944e-06 
3087 6.00323e-06 
3088 2.0021e-06 
3089 1.34075e-06 
3090 2.06938e-06 
3091 4.13265e-06 
3092 3.66334e-06 
3093 3.70384e-06 
3094 3.75874e-06 
3095 3.38533e-06 
3096 1.41974e-06 
3097 4.09622e-06 
3098 4.7893e-06 
3099 5.41364e-06 
3100 9.29472e-06 
3101 3.86924e-06 
3102 3.5504e-06 
3103 4.91204e-06 
3104 4.54687e-06 
3105 3.15093e-06 
3106 3.87257e-06 
3107 2.85941e-06 
3108 8.28149e-06 
3109 7.33165e-06 
3110 5.50797e-06 
3111 2.98249e-06 
3112 5.23331e-06 
3113 4.4607e-06 
3114 3.82403e-06 
3115 4.94621e-06 
3116 1.07755e-05 
3117 3.96415e-06 
3118 7.55486e-06 
3119 1.01773e-05 
3120 8.3541e-06 
3121 5.36352e-06 
3122 3.57662e-06 
3123 1.74756e-05 
3124 7.6687e-06 
3125 2.57229e-05 
3126 1.02408e-05 
3127 1.11061e-05 
3128 1.45638e-05 
3129 2.74713e-05 
3130 5.84344e-06 
3131 1.04411e-05 
3132 1.55174e-05 
3133 9.68108e-06 
3134 1.27117e-05 
3135 1.70173e-05 
3136 2.10528e-05 
3137 9.61636e-06 
3138 9.40682e-06 
3139 1.99212e-05 
3140 1.38944e-05 
3141 4.63746e-05 
3142 5.46848e-05 
3143 5.14535e-05 
3144 2.7613e-05 
3145 3.95122e-05 
3146 0.000409017 
3147 0.000411232 
3148 0.00982083 
3149 0.000176393 
3150 5.99136e-05 
3151 0.00019183 
3152 9.3997e-05 
3153 0.000247096 
3154 1.34558e-06 
3155 6.71522e-06 
3156 7.63932e-05 
3157 2.29262e-06 
3158 1.1923e-05 
3159 7.63785e-06 
3160 2.06311e-05 
3161 2.15016e-05 
3162 1.47643e-06 
3163 9.64911e-06 
3164 2.89975e-06 
3165 1.19793e-05 
3166 1.5518e-05 
3167 2.49046e-05 
3168 1.13971e-06 
3169 1.81851e-05 
3170 2.43081e-05 
3171 2.40152e-06 
3172 4.29978e-06 
3173 3.69757e-06 
3174 1.18845e-06 
3175 1e-06 
3176 2.39019e-06 
3177 1.86785e-06 
3178 2.10724e-06 
3179 7.47703e-06 
3180 2.67643e-06 
3181 2.79067e-06 
3182 1.92846e-06 
3183 1.60291e-06 
3184 5.59269e-06 
3185 5.41907e-06 
3186 4.69993e-06 
3187 5.41912e-06 
3188 2.82962e-06 
3189 6.88837e-06 
3190 1.27948e-06 
3191 1.55595e-06 
3192 2.77775e-06 
3193 1.57602e-06 
3194 2.1954e-06 
3195 2.15001e-06 
3196 1.07667e-06 
3197 2.81815e-06 
3198 1.72954e-06 
3199 6.18806e-06 
3200 2.91012e-06 
3201 5.21378e-06 
3202 1.6334e-06 
3203 3.31997e-06 
3204 4.07102e-06 
3205 5.57281e-06 
3206 1.23891e-06 
3207 2.58627e-06 
3208 3.14384e-06 
3209 2.73161e-06 
3210 8.389e-06 
3211 4.63578e-06 
3212 7.4162e-06 
3213 8.13617e-06 
3214 5.01584e-06 
3215 9.38207e-06 
3216 2.87694e-06 
3217 1.71322e-06 
3218 3.86896e-06 
3219 3.4895e-06 
3220 2.46617e-06 
3221 2.55304e-06 
3222 1.28133e-05 
3223 3.08275e-06 
3224 6.0525e-06 
3225 2.79662e-06 
3226 1.34396e-05 
3227 7.73421e-06 
3228 5.67735e-06 
3229 6.96374e-06 
3230 3.92536e-06 
3231 1.49871e-05 
3232 2.3027e-05 
3233 2.00819e-05 
3234 1.81308e-05 
3235 9.12262e-06 
3236 4.33769e-06 
3237 3.31889e-05 
3238 3.70853e-05 
3239 1.44161e-05 
3240 2.60203e-05 
3241 2.94919e-05 
3242 2.96621e-05 
3243 1.53314e-05 
3244 3.76168e-05 
3245 5.79495e-05 
3246 3.71144e-05 
3247 1.75749e-05 
3248 0.00012918 
3249 7.55989e-05 
3250 8.62185e-05 
3251 0.000103354 
3252 0.000571383 
3253 0.00340222 
3254 0.00506661 
3255 8.06504e-05 
3256 0.19866 
3257 0.00887044 
3258 4.29465e-05 
3259 1e-06 
3260 0.000550361 
3261 9.47565e-05 
3262 0.00017082 
3263 5.90658e-05 
3264 6.04566e-05 
3265 0.00043307 
3266 6.26165e-05 
3267 8.68984e-05 
3268 0.000102162 
3269 7.34136e-05 
3270 0.000104479 
3271 4.67414e-05 
3272 3.89646e-05 
3273 7.3854e-05 
3274 8.86826e-05 
3275 7.83746e-05 
3276 6.42813e-05 
3277 9.34325e-05 
3278 6.63203e-05 
3279 0.000102088 
3280 5.86252e-05 
3281 5.21453e-05 
3282 4.51273e-05 
3283 5.9867e-05 
3284 6.46162e-05 
3285 6.3932e-05 
3286 4.16408e-05 
3287 5.36804e-05 
3288 0.000125735 
3289 6.45714e-05 
3290 0.000127626 
3291 0.000110506 
3292 0.000198 
3293 8.73669e-05 
3294 0.000125045 
3295 0.00014786 
3296 7.84198e-05 
3297 0.000283767 
3298 0.000117992 
3299 0.000110538 
3300 7.97963e-05 
3301 0.000101 
3302 0.00014636 
3303 0.0002 
3304 0.000107493 
3305 0.000140925 
3306 0.000220082 
3307 0.000280501 
3308 0.000537307 
3309 0.000224743 
3310 0.000184938 
3311 0.000211889 
3312 0.00025127 
3313 0.000324867 
3314 0.000903854 
3315 0.000772371 
3316 0.00206803 
3317 0.00168371 
3318 0.00510587 
3319 0.00871741 
3320 0.0017383 
3321 0.000166022 
3322 0.000205159 
3323 1.30536e-06 
3324 8.25915e-05 
3325 1.59557e-05 
3326 2.47591e-05 
3327 1.62461e-05 
3328 9.02123e-06 
3329 2.04197e-05 
3330 1.34072e-06 
3331 6.51648e-06 
3332 2.1934e-06 
3333 2.20194e-06 
3334 4.35747e-06 
3335 3.11506e-06 
3336 1.33663e-06 
3337 3.13012e-06 
3338 2.52731e-06 
3339 2.71845e-06 
3340 1.84096e-06 
3341 1.88764e-06 
3342 1.5437e-06 
3343 1.34437e-06 
3344 3.34456e-06 
3345 1.29747e-06 
3346 2.06509e-06 
3347 1.23711e-06 
3348 1.11147e-06 
3349 1.31129e-06 
3350 4.79101e-06 
3351 1.40024e-06 
3352 1.95509e-06 
3353 1.91629e-06 
3354 1.16104e-06 
3355 1.31973e-06 
3356 2.1676e-06 
3357 1.7065e-06 
3358 3.20987e-06 
3359 1.5176e-06 
3360 1.63492e-06 
3361 3.27677e-06 
3362 2.56412e-06 
3363 3.39009e-06 
3364 1.88382e-06 
3365 1.90304e-06 
3366 9.17365e-06 
3367 2.46862e-06 
3368 5.33792e-06 
3369 2.46253e-06 
3370 2.5932e-06 
3371 1.09802e-05 
3372 6.83841e-06 
3373 3.79809e-06 
3374 7.21695e-06 
3375 3.92787e-06 
3376 5.39846e-06 
3377 2.70998e-06 
3378 6.13121e-06 
3379 5.64612e-06 
3380 2.96697e-06 
3381 2.99338e-06 
3382 3.8345e-06 
3383 8.12171e-06 
3384 1.49741e-05 
3385 7.96946e-06 
3386 8.56935e-06 
3387 7.03594e-06 
3388 6.07478e-06 
3389 6.87235e-06 
3390 1.8987e-05 
3391 1.5192e-05 
3392 1.63927e-05 
3393 1.78395e-05 
3394 1.15768e-05 
3395 1.08244e-05 
3396 1.63857e-05 
3397 9.53411e-05 
3398 7.34068e-05 
3399 0.00028538 
3400 0.0137318 
3401 0.000567947 
3402 0.000161803 
3403 3.19751e-05 
3404 2.12652e-05 
3405 0.000130377 
3406 1.88988e-05 
3407 1.3925e-05 
3408 6.61015e-06 
3409 1.3363e-05 
3410 2.9375e-06 
3411 2.11183e-05 
3412 4.80573e-06 
3413 1.41907e-05 
3414 2.57411e-05 
3415 7.98828e-06 
3416 2.61221e-05 
3417 1.38731e-05 
3418 7.66507e-06 
3419 3.89646e-05 
3420 1.35929e-05 
3421 1.85305e-05 
3422 6.16539e-06 
3423 2.29262e-06 
3424 2.55774e-05 
3425 1.62363e-05 
3426 1.74777e-05 
3427 6.40749e-06 
3428 5.1812e-06 
3429 2.55229e-05 
3430 1.08009e-05 
3431 3.56406e-06 
3432 1.02811e-05 
3433 6.50105e-06 
3434 4.86228e-06 
3435 8.58362e-06 
3436 5.68702e-06 
3437 1.89753e-05 
3438 6.04976e-06 
3439 5.50883e-06 
3440 1.02597e-05 
3441 4.16483e-06 
3442 7.32079e-06 
3443 1.05061e-05 
3444 1.04016e-05 
3445 1.01107e-05 
3446 9.64834e-06 
3447 3.5714e-06 
3448 1.11548e-05 
3449 1.52515e-05 
3450 5.02358e-06 
3451 3.64106e-06 
3452 4.98184e-06 
3453 7.64319e-06 
3454 7.87579e-06 
3455 6.19812e-06 
3456 7.7563e-06 
3457 8.53315e-06 
3458 1.5755e-05 
3459 1.9531e-05 
3460 7.05851e-06 
3461 2.59292e-05 
3462 2.59977e-05 
3463 1.85934e-05 
3464 5.75637e-06 
3465 1.86753e-05 
3466 6.98711e-06 
3467 6.66718e-06 
3468 9.95649e-06 
3469 2.15199e-05 
3470 1.26518e-05 
3471 6.41436e-06 
3472 1.06453e-05 
3473 1.7413e-05 
3474 2.63447e-05 
3475 2.26716e-05 
3476 1.93327e-05 
3477 6.67387e-06 
3478 3.22467e-05 
3479 1.17689e-05 
3480 4.80267e-05 
3481 2.68749e-05 
3482 1.3444e-05 
3483 4.07393e-05 
3484 4.87539e-05 
3485 3.1635e-05 
3486 6.90595e-05 
3487 2.08954e-05 
3488 2.08756e-05 
3489 3.81966e-05 
3490 5.58259e-05 
3491 0.000115905 
3492 6.59456e-05 
3493 0.000306365 
3494 0.000478555 
3495 0.00213559 
3496 0.0045126 
3497 3.21289e-05 
3498 0.00285358 
3499 0.0103112 
3500 0.000889139 
3501 3.72067e-06 
3502 1e-06 
3503 1.11508e-05 
3504 2.07147e-05 
3505 2.77396e-05 
3506 1.91083e-05 
3507 9.86024e-06 
3508 1.15079e-05 
3509 2.37905e-06 
3510 1.96723e-06 
3511 8.40222e-06 
3512 1.17351e-06 
3513 2.52269e-06 
3514 5.57281e-06 
3515 4.1205e-06 
3516 2.45896e-06 
3517 2.76822e-06 
3518 1.27191e-05 
3519 3.74276e-06 
3520 8.54237e-06 
3521 1.38237e-06 
3522 4.12297e-06 
3523 3.74605e-06 
3524 2.2417e-06 
3525 6.07531e-06 
3526 3.01131e-06 
3527 2.7728e-06 
3528 4.22413e-06 
3529 3.59235e-06 
3530 6.6504e-06 
3531 2.06892e-06 
3532 4.48087e-06 
3533 2.50253e-06 
3534 2.51065e-06 
3535 2.21158e-06 
3536 2.38028e-06 
3537 1.98035e-06 
3538 1.86364e-06 
3539 5.38407e-06 
3540 2.17982e-06 
3541 1.98486e-06 
3542 3.09601e-06 
3543 2.46921e-06 
3544 6.24701e-06 
3545 2.59746e-06 
3546 3.06839e-06 
3547 4.06116e-06 
3548 2.79397e-06 
3549 2.38503e-06 
3550 5.00905e-06 
3551 1.98314e-06 
3552 5.43181e-06 
3553 6.40801e-06 
3554 3.5606e-06 
3555 2.18271e-06 
3556 7.46647e-06 
3557 3.45489e-06 
3558 3.21782e-06 
3559 3.58512e-06 
3560 5.19036e-06 
3561 8.13927e-06 
3562 1.83482e-06 
3563 3.52001e-06 
3564 6.0359e-06 
3565 6.36889e-06 
3566 3.94399e-06 
3567 9.15025e-06 
3568 2.21552e-05 
3569 9.3343e-06 
3570 7.54323e-06 
3571 8.91274e-06 
3572 9.11567e-06 
3573 8.42469e-06 
3574 9.19728e-06 
3575 8.95979e-06 
3576 1.00468e-05 
3577 6.48623e-06 
3578 5.28728e-06 
3579 1.50496e-05 
3580 8.38501e-06 
3581 5.10794e-06 
3582 7.43818e-06 
3583 9.11669e-06 
3584 3.78145e-05 
3585 7.02113e-06 
3586 1.98874e-05 
3587 1.43453e-05 
3588 3.56868e-05 
3589 8.3602e-05 
3590 5.45009e-05 
3591 0.000942664 
3592 0.00554491 
3593 0.00446473 
3594 5.27864e-05 
3595 0.371696 
3596 0.0150089 
3597 0.000364675 
3598 0.000537544 
3599 0.000331807 
3600 0.000399924 
3601 0.00201999 
3602 0.000660206 
3603 0.000362328 
3604 0.000293894 
3605 0.000345231 
3606 0.000432882 
3607 0.000332233 
3608 0.0003835 
3609 0.000702017 
3610 0.000749473 
3611 0.000927507 
3612 0.000983337 
3613 0.000799835 
3614 0.00103094 
3615 0.00299375 
3616 0.00120955 
3617 0.001407 
3618 0.00237099 
3619 0.00189924 
3620 0.00544726 
3621 0.00982083 
3622 0.000280805 
3623 0.000401102 
3624 0.000406412 
3625 0.000502359 
3626 0.00064673 
3627 0.00090231 
3628 0.00143764 
3629 0.000232267 
3630 1e-06 
3631 2.55765e-05 
3632 2.10113e-05 
3633 3.70677e-06 
3634 5.25053e-06 
3635 1.10012e-06 
3636 3.82474e-06 
3637 7.17509e-06 
3638 1.38389e-06 
3639 1.95435e-05 
3640 9.33414e-06 
3641 1.29569e-05 
3642 1.65776e-05 
3643 6.88837e-06 
3644 1.15422e-05 
3645 5.32625e-06 
3646 8.10606e-06 
3647 2.27008e-06 
3648 1.03145e-05 
3649 4.96245e-06 
3650 3.29395e-06 
3651 7.10332e-06 
3652 2.20194e-06 
3653 1.005e-06 
3654 1.8201e-06 
3655 3.55041e-06 
3656 4.02048e-06 
3657 2.75458e-06 
3658 2.15663e-06 
3659 1.33793e-06 
3660 2.17161e-06 
3661 1.06763e-06 
3662 3.63296e-06 
3663 2.17161e-06 
3664 1.08961e-05 
3665 7.54983e-06 
3666 1.77542e-06 
3667 3.6952e-06 
3668 4.50851e-06 
3669 1.40685e-06 
3670 1.07317e-05 
3671 2.94513e-06 
3672 3.59982e-06 
3673 6.75427e-06 
3674 8.54989e-06 
3675 2.03918e-06 
3676 4.60366e-06 
3677 1.45733e-06 
3678 2.22328e-06 
3679 1.22139e-06 
3680 4.63689e-06 
3681 4.84946e-06 
3682 6.31342e-06 
3683 5.97505e-06 
3684 4.40101e-06 
3685 1.75308e-06 
3686 5.11173e-06 
3687 1.15977e-05 
3688 2.87538e-06 
3689 3.09971e-06 
3690 2.60939e-06 
3691 3.0325e-06 
3692 1.7291e-06 
3693 1.03852e-05 
3694 6.89117e-06 
3695 7.10823e-06 
3696 6.58449e-06 
3697 7.80733e-06 
3698 2.00253e-05 
3699 4.54289e-06 
3700 9.5232e-06 
3701 4.67956e-06 
3702 4.78282e-06 
3703 5.29584e-06 
3704 1.50961e-05 
3705 1.23315e-05 
3706 9.94521e-06 
3707 1.13464e-05 
3708 4.41276e-06 
3709 5.40544e-06 
3710 5.25695e-06 
3711 7.10686e-06 
3712 1.39676e-05 
3713 3.97158e-06 
3714 7.42971e-06 
3715 7.95568e-06 
3716 1.05903e-05 
3717 9.10009e-06 
3718 9.66243e-06 
3719 1.38788e-05 
3720 1.054e-05 
3721 6.21071e-06 
3722 9.84506e-06 
3723 6.40878e-06 
3724 1.50276e-05 
3725 6.57604e-06 
3726 1.55507e-05 
3727 2.24986e-05 
3728 5.85159e-06 
3729 1.49504e-05 
3730 1.14278e-05 
3731 8.68407e-05 
3732 7.33339e-05 
3733 9.1631e-05 
3734 4.81089e-05 
3735 0.000332099 
3736 0.000279681 
3737 0.000624967 
3738 0.00103022 
3739 1.45898e-05 
3740 0.0108936 
3741 0.0001599 
3742 1e-06 
3743 8.11463e-05 
3744 9.48468e-06 
3745 1.99757e-05 
3746 2.38605e-06 
3747 1.76068e-05 
3748 3.59964e-05 
3749 4.07262e-05 
3750 5.79663e-05 
3751 1.27913e-05 
3752 6.47036e-06 
3753 1.46675e-05 
3754 2.43099e-05 
3755 5.62864e-06 
3756 1.5765e-05 
3757 1.96729e-06 
3758 1.34756e-05 
3759 2.66142e-06 
3760 9.05986e-06 
3761 9.02621e-06 
3762 2.40552e-06 
3763 3.8083e-06 
3764 1.16391e-05 
3765 9.89848e-06 
3766 4.48198e-06 
3767 1.03341e-05 
3768 4.45926e-06 
3769 3.46257e-06 
3770 4.53503e-06 
3771 7.71251e-06 
3772 3.00311e-06 
3773 5.57281e-06 
3774 3.85696e-06 
3775 2.79813e-06 
3776 1.91324e-06 
3777 6.80543e-06 
3778 2.47481e-06 
3779 1e-06 
3780 2.23126e-06 
3781 5.57281e-06 
3782 1.34475e-06 
3783 1.19066e-06 
3784 1.66778e-06 
3785 2.27446e-06 
3786 2.32056e-06 
3787 3.21833e-06 
3788 5.82899e-06 
3789 2.6205e-06 
3790 6.61158e-06 
3791 2.58349e-06 
3792 3.27467e-06 
3793 2.28512e-06 
3794 2.41042e-06 
3795 2.75816e-06 
3796 3.08876e-06 
3797 1e-06 
3798 3.66412e-06 
3799 6.06e-06 
3800 1.32906e-06 
3801 3.87562e-06 
3802 2.83267e-06 
3803 1.61494e-06 
3804 3.97498e-06 
3805 3.09638e-06 
3806 9.18259e-06 
3807 2.63112e-06 
3808 7.32656e-06 
3809 5.18923e-06 
3810 2.74975e-06 
3811 4.09066e-06 
3812 7.52075e-06 
3813 4.53647e-06 
3814 4.03193e-06 
3815 7.1862e-06 
3816 1.79552e-06 
3817 6.66375e-06 
3818 3.10451e-06 
3819 2.79925e-06 
3820 3.96614e-06 
3821 4.3386e-06 
3822 3.67996e-06 
3823 6.38335e-06 
3824 5.33003e-06 
3825 1.22116e-05 
3826 1.81411e-06 
3827 5.46341e-06 
3828 5.86484e-06 
3829 1.31987e-05 
3830 6.84507e-06 
3831 7.69594e-06 
3832 1.02233e-05 
3833 5.64846e-05 
3834 1.98852e-05 
3835 1.53495e-05 
3836 2.47431e-05 
3837 4.64273e-05 
3838 3.47831e-05 
3839 3.83246e-05 
3840 3.91887e-05 
3841 1.86511e-05 
3842 9.13362e-05 
3843 6.3088e-05 
3844 6.73747e-05 
3845 8.32536e-05 
3846 6.18034e-05 
3847 8.47921e-05 
3848 4.10098e-05 
3849 0.000119581 
3850 4.01751e-05 
3851 0.000147607 
3852 0.00239852 
3853 5.96748e-05 
3854 0.0901478 
3855 0.00153082 
3856 7.93485e-06 
3857 0.00135018 
3858 7.07011e-05 
3859 1.61252e-05 
3860 0.000329597 
3861 0.000250939 
3862 0.000367091 
3863 0.00011435 
3864 0.000128564 
3865 5.9878e-05 
3866 7.45284e-05 
3867 3.81966e-05 
3868 0.000111414 
3869 9.41727e-05 
3870 0.000127118 
3871 8.59772e-05 
3872 7.9742e-05 
3873 5.09619e-05 
3874 4.67553e-05 
3875 7.22476e-05 
3876 4.65514e-05 
3877 5.33911e-05 
3878 4.59669e-05 
3879 4.4915e-05 
3880 3.81966e-05 
3881 5.30653e-05 
3882 5.70048e-05 
3883 5.2452e-05 
3884 8.21407e-05 
3885 5.72181e-05 
3886 6.55539e-05 
3887 4.42991e-05 
3888 0.000113197 
3889 4.97093e-05 
3890 0.000192687 
3891 9.01936e-05 
3892 4.50728e-05 
3893 0.000132498 
3894 0.000177503 
3895 6.77635e-05 
3896 5.34111e-05 
3897 0.000212824 
3898 0.000115646 
3899 0.000107714 
3900 0.000197441 
3901 0.000248877 
3902 0.000237706 
3903 0.000521149 
3904 0.000513159 
3905 0.00040434 
3906 0.000420462 
3907 0.000387551 
3908 0.00143654 
3909 0.00106641 
3910 0.00217072 
3911 0.00587337 
3912 6.32427e-05 
3913 0.13228 
3914 0.000583705 
3915 0.00149223 
3916 0.00044942 
3917 0.000371019 
3918 0.00119857 
3919 0.0011597 
3920 0.000415179 
3921 0.000385741 
3922 0.000359399 
3923 0.000578662 
3924 0.000599053 
3925 0.000833328 
3926 0.00141164 
3927 0.00167903 
3928 0.001758 
3929 0.00617827 
3930 0.000167376 
3931 0.0137925 
3932 0.000674467 
3933 1.67609e-06 
3934 1e-06 
3935 3.78145e-05 
3936 2.41969e-05 
3937 2.13323e-05 
3938 2.38437e-05 
3939 6.27325e-06 
3940 9.9913e-06 
3941 3.09081e-06 
3942 2.56461e-06 
3943 5.94867e-06 
3944 2.99254e-05 
3945 7.37292e-06 
3946 7.24253e-06 
3947 4.09511e-06 
3948 9.57209e-06 
3949 6.18113e-06 
3950 8.36745e-06 
3951 2.39078e-06 
3952 5.27807e-06 
3953 3.13582e-06 
3954 3.33363e-06 
3955 3.05416e-06 
3956 1.24975e-05 
3957 4.02576e-06 
3958 6.5061e-06 
3959 7.63225e-06 
3960 4.0094e-06 
3961 8.25422e-06 
3962 2.15663e-06 
3963 2.83185e-06 
3964 5.12103e-06 
3965 4.10569e-06 
3966 1.35555e-06 
3967 1.23274e-05 
3968 8.93337e-06 
3969 6.01446e-06 
3970 1.72902e-06 
3971 2.10724e-06 
3972 2.50992e-06 
3973 3.95616e-06 
3974 5.57281e-06 
3975 4.67306e-06 
3976 2.96752e-06 
3977 3.87783e-06 
3978 4.6772e-06 
3979 7.25741e-06 
3980 7.3255e-06 
3981 5.07313e-06 
3982 2.8779e-06 
3983 8.50042e-06 
3984 5.68502e-06 
3985 4.0493e-06 
3986 2.76369e-06 
3987 3.84055e-06 
3988 4.92396e-06 
3989 1.11445e-05 
3990 4.42571e-06 
3991 6.04294e-06 
3992 3.2399e-06 
3993 4.52309e-06 
3994 7.2368e-06 
3995 2.76641e-06 
3996 1.21301e-05 
3997 7.86454e-06 
3998 7.83409e-06 
3999 4.59777e-06 
4000 4.05387e-06 
4001 4.86515e-06 
4002 1.99018e-05 
4003 1.17829e-05 
4004 9.4662e-06 
4005 4.6229e-06 
4006 3.78145e-05 
4007 2.65749e-05 
4008 2.88274e-05 
4009 1.45375e-05 
4010 1.4788e-05 
4011 2.66179e-05 
4012 1.11027e-05 
4013 1.09751e-05 
4014 2.73513e-05 
4015 3.98915e-05 
4016 3.07741e-05 
4017 2.23889e-05 
4018 3.75744e-05 
4019 4.41131e-05 
4020 0.000176393 
4021 0.000304399 
4022 0.000151385 
4023 0.00352647 
4024 1.64079e-05 
4025 0.226283 
4026 1e-06 
4027 0.00507085 
4028 0.00167012 
4029 0.00098489 
4030 0.000830208 
4031 0.0011938 
4032 0.000683271 
4033 0.00088876 
4034 0.00148388 
4035 0.00171716 
4036 0.00327014 
4037 0.00253297 
4038 0.00680181 
4039 0.00021459 
4040 3.31328e-06 
4041 1e-06 
4042 4.9042e-06 
4043 9.8356e-06 
4044 1.98291e-05 
4045 7.50709e-05 
4046 1.61397e-05 
4047 1.41315e-06 
4048 2.58924e-05 
4049 1.5918e-05 
4050 6.72094e-06 
4051 3.02605e-05 
4052 1.06233e-05 
4053 3.70715e-06 
4054 4.00899e-06 
4055 9.25025e-06 
4056 4.62784e-06 
4057 3.99691e-06 
4058 1.54473e-05 
4059 1.49004e-05 
4060 1.09089e-05 
4061 3.68402e-06 
4062 1.92199e-05 
4063 2.92802e-06 
4064 4.72886e-05 
4065 1.66739e-05 
4066 1.86256e-05 
4067 1.2222e-05 
4068 1.3838e-05 
4069 1.55801e-05 
4070 1.92285e-05 
4071 1.72999e-05 
4072 3.00019e-05 
4073 3.39237e-05 
4074 9.25631e-06 
4075 1.69615e-05 
4076 1.83315e-05 
4077 1.29894e-05 
4078 2.14064e-05 
4079 3.46823e-05 
4080 1.13298e-05 
4081 1.51754e-05 
4082 1.77418e-05 
4083 3.28173e-05 
4084 2.56987e-05 
4085 1.81504e-05 
4086 1.64136e-05 
4087 2.43799e-05 
4088 2.64686e-05 
4089 1.6445e-05 
4090 3.42013e-05 
4091 4.45329e-05 
4092 5.07896e-05 
4093 3.19993e-05 
4094 4.60683e-05 
4095 3.41276e-05 
4096 4.96833e-05 
4097 3.93959e-05 
4098 3.548e-05 
4099 5.31775e-05 
4100 6.96198e-05 
4101 4.82422e-05 
4102 6.9741e-05 
4103 7.92409e-05 
4104 0.000205956 
4105 8.34884e-05 
4106 7.35485e-05 
4107 0.00014186 
4108 0.00033151 
4109 3.09101e-06 
4110 0.000174423 
4111 0.00122012 
4112 0.0307872 
4113 2.59506e-05 
4114 0.000154831 
4115 0.0002 
4116 1.32265e-06 
4117 9.25842e-05 
4118 0.000237775 
4119 4.08119e-05 
4120 6.75407e-05 
4121 0.000212801 
4122 6.30458e-05 
4123 6.07653e-05 
4124 4.16408e-05 
4125 7.91377e-05 
4126 2.69056e-05 
4127 4.60722e-05 
4128 0.000111734 
4129 7.27022e-05 
4130 2.81939e-05 
4131 3.18238e-05 
4132 2.56993e-05 
4133 3.62218e-05 
4134 4.16408e-05 
4135 2.23172e-05 
4136 4.66576e-05 
4137 4.39413e-05 
4138 4.69981e-05 
4139 3.07512e-05 
4140 3.99074e-05 
4141 5.71349e-05 
4142 2.75534e-05 
4143 2.9525e-05 
4144 4.47215e-05 
4145 3.46513e-05 
4146 2.10081e-05 
4147 4.97654e-05 
4148 3.7023e-05 
4149 2.49457e-05 
4150 3.81966e-05 
4151 2.87294e-05 
4152 6.18034e-05 
4153 4.21918e-05 
4154 4.40851e-05 
4155 3.55217e-05 
4156 3.68699e-05 
4157 6.44731e-05 
4158 4.61286e-05 
4159 5.8814e-05 
4160 5.68583e-05 
4161 4.67988e-05 
4162 3.45175e-05 
4163 8.66549e-05 
4164 7.22933e-05 
4165 4.60825e-05 
4166 6.26165e-05 
4167 7.75391e-05 
4168 0.000124732 
4169 0.000129106 
4170 0.000116662 
4171 0.000137669 
4172 0.000197871 
4173 0.000104745 
4174 0.000246797 
4175 0.000156011 
4176 0.000203465 
4177 0.000345747 
4178 0.00017648 
4179 0.000470978 
4180 0.000194127 
4181 0.000388846 
4182 0.000595826 
4183 0.000630558 
4184 0.00167855 
4185 0.00490226 
4186 9.44272e-05 
4187 0.0439905 
4188 0.00130098 
4189 1.76268e-05 
4190 1e-06 
4191 0.000272663 
4192 0.000267066 
4193 3.31038e-05 
4194 0.000345184 
4195 3.08406e-06 
4196 6.49441e-05 
4197 1.39944e-05 
4198 1.80619e-05 
4199 2.70701e-05 
4200 2.28744e-05 
4201 4.86605e-05 
4202 1.50118e-06 
4203 7.00699e-06 
4204 7.01092e-06 
4205 1.16097e-05 
4206 3.4962e-05 
4207 2.97115e-06 
4208 4.68075e-06 
4209 6.55768e-06 
4210 5.9731e-06 
4211 2.08286e-06 
4212 1.59917e-06 
4213 6.65456e-06 
4214 9.60162e-06 
4215 2.09781e-06 
4216 1.45772e-06 
4217 5.11765e-06 
4218 3.73338e-06 
4219 1.62305e-06 
4220 1.11277e-05 
4221 5.64612e-06 
4222 1.46193e-05 
4223 5.64612e-06 
4224 3.69437e-06 
4225 3.70061e-06 
4226 3.52352e-06 
4227 9.02643e-06 
4228 2.47936e-06 
4229 1.27008e-05 
4230 2.40742e-06 
4231 1.83621e-06 
4232 3.0189e-06 
4233 2.67847e-06 
4234 5.07417e-06 
4235 3.58313e-06 
4236 3.79378e-06 
4237 3.11228e-06 
4238 4.46267e-06 
4239 4.62284e-06 
4240 4.76545e-06 
4241 1.05857e-05 
4242 5.14851e-06 
4243 5.44784e-06 
4244 1.12644e-05 
4245 7.04963e-06 
4246 7.03122e-06 
4247 6.18315e-06 
4248 1.12579e-05 
4249 7.11663e-06 
4250 8.14423e-06 
4251 9.56089e-06 
4252 2.99623e-05 
4253 1.0518e-05 
4254 8.56121e-06 
4255 9.13307e-06 
4256 5.15613e-06 
4257 2.23213e-05 
4258 2.72422e-05 
4259 8.62291e-06 
4260 8.55061e-06 
4261 1.3814e-05 
4262 7.55953e-06 
4263 7.00699e-06 
4264 1.45692e-05 
4265 3.06242e-05 
4266 1.94891e-05 
4267 5.47594e-06 
4268 1.48162e-05 
4269 7.39568e-06 
4270 3.00055e-05 
4271 7.1254e-06 
4272 1.59054e-05 
4273 7.57047e-06 
4274 8.27737e-06 
4275 1.64247e-05 
4276 2.56667e-05 
4277 8.07774e-06 
4278 2.46381e-05 
4279 9.42093e-06 
4280 1.72507e-05 
4281 2.83359e-05 
4282 3.15759e-05 
4283 1.88577e-05 
4284 1.4313e-05 
4285 3.65963e-05 
4286 2.13196e-05 
4287 2.83161e-05 
4288 4.64859e-05 
4289 2.26761e-05 
4290 2.17414e-05 
4291 4.07936e-05 
4292 3.73835e-05 
4293 1.62888e-05 
4294 6.60606e-05 
4295 5.2703e-05 
4296 2.7918e-05 
4297 4.00689e-05 
4298 4.72136e-05 
4299 5.90519e-05 
4300 5.28123e-05 
4301 0.000128062 
4302 7.97513e-05 
4303 7.42246e-05 
4304 0.000114852 
4305 7.15174e-05 
4306 0.000116939 
4307 0.00059724 
4308 0.00040147 
4309 0.000327032 
4310 0.000872145 
4311 0.00438424 
4312 0.000159943 
4313 0.0276921 
4314 0.000614894 
4315 5.62864e-06 
4316 1e-06 
4317 0.000205991 
4318 1.0255e-06 
4319 0.000235035 
4320 3.285e-05 
4321 5.4273e-05 
4322 1.62577e-05 
4323 0.000145957 
4324 7.80757e-06 
4325 6.20376e-06 
4326 2.9615e-05 
4327 6.8627e-06 
4328 3.64889e-05 
4329 4.29079e-06 
4330 1.42536e-05 
4331 1.84308e-05 
4332 1.02578e-05 
4333 4.26367e-05 
4334 4.72e-06 
4335 1.20609e-05 
4336 2.45476e-05 
4337 2.24375e-05 
4338 1.70089e-05 
4339 2.67643e-06 
4340 4.76733e-06 
4341 5.0152e-06 
4342 1.94238e-06 
4343 2.12862e-06 
4344 5.51698e-06 
4345 9.32207e-06 
4346 2.16114e-05 
4347 2.80741e-06 
4348 4.09179e-06 
4349 2.45788e-06 
4350 8.58517e-06 
4351 4.37411e-06 
4352 4.29021e-06 
4353 6.11501e-06 
4354 3.25876e-06 
4355 3.2387e-06 
4356 6.31699e-06 
4357 2.12862e-06 
4358 5.87191e-06 
4359 9.4642e-06 
4360 4.46636e-06 
4361 1.27208e-05 
4362 3.49661e-06 
4363 7.33239e-06 
4364 8.35009e-06 
4365 9.68962e-06 
4366 5.98123e-06 
4367 1.99987e-05 
4368 8.3247e-06 
4369 1.03597e-05 
4370 1.01951e-05 
4371 5.02148e-06 
4372 3.85207e-06 
4373 6.51665e-06 
4374 3.70802e-06 
4375 7.74044e-06 
4376 1.05767e-05 
4377 1.25251e-05 
4378 1.1147e-05 
4379 1.57174e-05 
4380 1.33547e-05 
4381 7.0356e-06 
4382 5.13325e-06 
4383 1.17761e-05 
4384 8.97705e-06 
4385 7.04465e-06 
4386 1.19282e-05 
4387 6.11742e-05 
4388 3.3784e-05 
4389 3.41196e-05 
4390 2.75301e-05 
4391 3.38367e-05 
4392 1.43204e-05 
4393 1.36511e-05 
4394 2.87591e-05 
4395 1.90717e-05 
4396 2.83949e-05 
4397 4.36128e-05 
4398 2.32032e-05 
4399 4.41369e-05 
4400 4.63336e-05 
4401 3.52179e-05 
4402 1.5241e-05 
4403 8.4121e-05 
4404 6.18034e-05 
4405 5.16675e-05 
4406 3.81966e-05 
4407 3.81966e-05 
4408 4.7847e-05 
4409 4.97629e-05 
4410 0.000373685 
4411 0.000747858 
4412 0.00185489 
4413 0.002023 
4414 1.8034e-05 
4415 0.0068189 
4416 0.108028 
4417 0.00367433 
4418 1.13663e-05 
4419 1e-06 
4420 0.00153931 
4421 0.000240444 
4422 2.54601e-05 
4423 0.00014181 
4424 0.000145546 
4425 1.5068e-05 
4426 2.46608e-05 
4427 4.11625e-05 
4428 7.68863e-06 
4429 2.80738e-05 
4430 1.47873e-05 
4431 9.38616e-06 
4432 2.7051e-05 
4433 3.01466e-05 
4434 1.59146e-05 
4435 2.03345e-05 
4436 2.4066e-05 
4437 1.28418e-05 
4438 7.86497e-06 
4439 2.25493e-05 
4440 1.74442e-05 
4441 2.05433e-05 
4442 1.11617e-05 
4443 2.06124e-05 
4444 1.00555e-05 
4445 8.5195e-06 
4446 1.43264e-05 
4447 1.63582e-05 
4448 1.67469e-05 
4449 7.2952e-06 
4450 9.75012e-06 
4451 4.06692e-05 
4452 3.18564e-05 
4453 1.2939e-05 
4454 1.78296e-05 
4455 2.90095e-05 
4456 1.43308e-05 
4457 2.83886e-05 
4458 1.91886e-05 
4459 4.94478e-05 
4460 9.23123e-06 
4461 2.93066e-05 
4462 1.72377e-05 
4463 3.44914e-05 
4464 1.99007e-05 
4465 3.13409e-05 
4466 2.01314e-05 
4467 1.30927e-05 
4468 1.9082e-05 
4469 2.86088e-05 
4470 1.18237e-05 
4471 4.36841e-05 
4472 3.02833e-05 
4473 1.89397e-05 
4474 2.02618e-05 
4475 9.19816e-06 
4476 4.57158e-05 
4477 4.42862e-05 
4478 2.53252e-05 
4479 7.07348e-05 
4480 3.89646e-05 
4481 2.89876e-05 
4482 5.92059e-05 
4483 3.55909e-05 
4484 3.26052e-05 
4485 2.57669e-05 
4486 2.27518e-05 
4487 8.04383e-05 
4488 3.53903e-05 
4489 5.06578e-05 
4490 9.78714e-05 
4491 6.45714e-05 
4492 3.9508e-05 
4493 3.16934e-05 
4494 5.96627e-05 
4495 5.49186e-05 
4496 0.000108162 
4497 3.01085e-05 
4498 9.4754e-05 
4499 0.000279837 
4500 9.25123e-05 
4501 0.000122802 
4502 0.000207371 
4503 0.000119225 
4504 0.000122375 
4505 7.29543e-05 
4506 0.000141302 
4507 0.000124766 
4508 0.000530232 
4509 0.000548546 
4510 0.000271266 
4511 0.000620193 
4512 0.00101137 
4513 0.0016455 
4514 0.00610094 
4515 0.000190983 
4516 0.00302633 
4517 0.0205482 
4518 0.00106632 
4519 9.24483e-06 
4520 1e-06 
4521 6.18034e-05 
4522 8.10463e-06 
4523 0.000122472 
4524 1.27015e-06 
4525 3.05037e-06 
4526 1.42781e-05 
4527 1.01631e-05 
4528 1.64997e-05 
4529 3.67038e-06 
4530 1.70376e-05 
4531 5.1353e-06 
4532 2.05412e-06 
4533 3.75837e-06 
4534 3.45132e-06 
4535 1.28639e-06 
4536 2.63112e-06 
4537 1.6326e-06 
4538 2.84762e-06 
4539 3.67646e-06 
4540 3.76506e-06 
4541 1.61677e-06 
4542 1.99261e-06 
4543 3.87682e-06 
4544 2.80978e-06 
4545 4.62508e-06 
4546 6.40973e-06 
4547 1.89327e-06 
4548 3.88463e-06 
4549 3.0799e-06 
4550 1.76788e-06 
4551 3.87996e-06 
4552 2.57429e-06 
4553 4.32039e-06 
4554 1.83994e-06 
4555 4.6917e-06 
4556 7.53255e-06 
4557 6.72985e-06 
4558 3.95583e-06 
4559 4.88926e-06 
4560 2.50489e-06 
4561 1.46132e-06 
4562 4.74566e-06 
4563 2.93763e-06 
4564 4.26125e-06 
4565 7.29177e-06 
4566 8.78269e-06 
4567 3.73551e-06 
4568 2.31678e-06 
4569 2.77254e-06 
4570 1.86889e-06 
4571 5.91729e-06 
4572 9.659e-06 
4573 1.1535e-05 
4574 3.66561e-06 
4575 6.2987e-06 
4576 3.88198e-06 
4577 1.03501e-05 
4578 9.7714e-06 
4579 2.56646e-06 
4580 1.12311e-05 
4581 4.03146e-06 
4582 7.36957e-06 
4583 1.5808e-05 
4584 8.72195e-06 
4585 4.8343e-06 
4586 5.39446e-06 
4587 6.50839e-06 
4588 1.18308e-05 
4589 9.65076e-06 
4590 2.29033e-05 
4591 9.26216e-06 
4592 9.29264e-06 
4593 1.68678e-05 
4594 7.58499e-06 
4595 5.10531e-06 
4596 6.31856e-06 
4597 2.00832e-05 
4598 7.00757e-06 
4599 4.2894e-05 
4600 1.10679e-05 
4601 9.46989e-06 
4602 2.3731e-05 
4603 8.02668e-06 
4604 3.04501e-05 
4605 7.6749e-06 
4606 1.0534e-05 
4607 1.4811e-05 
4608 5.88505e-06 
4609 2.48166e-05 
4610 1.34434e-05 
4611 0.000151579 
4612 7.36772e-05 
4613 7.46739e-05 
4614 7.50321e-05 
4615 0.000105757 
4616 0.000109793 
4617 0.000101542 
4618 0.000252786 
4619 0.000414488 
4620 0.00383253 
4621 2.62379e-05 
4622 0.00240091 
4623 0.0165668 
4624 0.00104531 
4625 7.63938e-06 
4626 1e-06 
4627 4.35193e-05 
4628 2.49698e-06 
4629 7.94612e-06 
4630 1.43546e-06 
4631 2.39953e-06 
4632 2.03235e-06 
4633 1.76028e-06 
4634 6.68428e-06 
4635 2.68425e-06 
4636 2.37275e-06 
4637 4.0393e-06 
4638 3.10032e-06 
4639 4.71329e-06 
4640 1.70767e-06 
4641 1.02278e-06 
4642 2.47997e-06 
4643 7.06297e-06 
4644 1.45459e-06 
4645 2.43432e-06 
4646 2.38904e-06 
4647 3.4344e-06 
4648 3.17868e-06 
4649 2.63112e-06 
4650 3.10338e-06 
4651 2.00887e-06 
4652 1.08542e-06 
4653 3.58004e-06 
4654 4.54789e-06 
4655 1.20439e-05 
4656 2.43789e-06 
4657 6.13074e-06 
4658 3.20716e-06 
4659 1.52363e-06 
4660 4.15447e-06 
4661 5.0385e-06 
4662 1.07305e-06 
4663 1.63166e-06 
4664 5.76475e-06 
4665 4.54548e-06 
4666 4.39702e-06 
4667 2.71063e-06 
4668 2.99676e-06 
4669 7.49915e-06 
4670 4.93758e-06 
4671 3.09236e-06 
4672 5.51686e-06 
4673 5.83456e-06 
4674 1.77479e-06 
4675 7.95005e-06 
4676 3.58843e-06 
4677 1.36649e-05 
4678 5.49472e-06 
4679 1.02434e-05 
4680 9.8686e-06 
4681 1.00159e-05 
4682 1.23161e-05 
4683 1.06838e-05 
4684 3.3971e-06 
4685 7.96237e-06 
4686 6.46612e-06 
4687 6.25689e-06 
4688 2.02172e-05 
4689 6.70219e-06 
4690 1.05242e-05 
4691 8.07929e-06 
4692 1.23521e-05 
4693 4.78053e-06 
4694 6.3267e-06 
4695 5.65334e-06 
4696 1.70132e-05 
4697 3.88424e-06 
4698 5.5197e-06 
4699 1.55671e-05 
4700 7.36241e-06 
4701 7.56607e-06 
4702 4.7751e-05 
4703 1.27816e-05 
4704 1.45313e-05 
4705 1.57004e-05 
4706 1.12507e-05 
4707 1.59027e-05 
4708 1.12407e-05 
4709 1.28787e-05 
4710 9.59646e-06 
4711 2.37913e-05 
4712 2.02243e-05 
4713 5.22916e-06 
4714 0.000112461 
4715 0.000140081 
4716 5.24392e-05 
4717 0.0037276 
4718 5.62306e-05 
4719 0.0128728 
4720 0.000661408 
4721 5.35257e-05 
4722 0.000113984 
4723 2.11314e-05 
4724 1.26319e-05 
4725 2.40124e-05 
4726 1.00039e-05 
4727 1.32224e-05 
4728 8.36536e-06 
4729 6.26967e-06 
4730 7.01827e-06 
4731 6.1287e-06 
4732 2.62461e-06 
4733 1.90077e-06 
4734 3.65321e-06 
4735 3.97278e-06 
4736 1.34403e-06 
4737 1.06483e-06 
4738 4.3835e-06 
4739 2.93373e-06 
4740 3.4413e-06 
4741 3.27679e-06 
4742 4.45029e-06 
4743 3.29292e-06 
4744 3.51193e-06 
4745 2.48379e-06 
4746 1.72073e-06 
4747 9.57846e-06 
4748 1.83228e-06 
4749 1.38462e-06 
4750 5.15397e-06 
4751 1.43068e-06 
4752 3.91616e-06 
4753 1.59708e-06 
4754 2.81606e-06 
4755 1.5475e-06 
4756 4.80661e-06 
4757 2.82133e-06 
4758 4.49378e-06 
4759 2.23022e-06 
4760 1.02231e-06 
4761 3.97934e-06 
4762 2.58666e-06 
4763 2.49396e-06 
4764 2.5542e-06 
4765 3.22325e-06 
4766 5.00845e-06 
4767 2.92997e-06 
4768 1.46675e-06 
4769 1.63318e-06 
4770 2.90614e-06 
4771 1.28216e-06 
4772 2.32056e-06 
4773 2.49774e-06 
4774 3.25746e-06 
4775 2.4318e-06 
4776 1.96103e-06 
4777 4.53278e-06 
4778 4.15859e-06 
4779 4.81647e-06 
4780 3.55766e-06 
4781 3.29732e-06 
4782 3.07024e-06 
4783 7.36161e-06 
4784 5.79689e-06 
4785 5.22305e-06 
4786 5.50817e-06 
4787 5.81264e-06 
4788 1.46617e-05 
4789 8.90468e-06 
4790 1.23785e-05 
4791 1.0615e-05 
4792 1.10982e-05 
4793 4.92071e-06 
4794 8.76341e-06 
4795 1.00683e-05 
4796 1.51648e-05 
4797 5.57281e-06 
4798 1.01555e-05 
4799 7.99141e-06 
4800 1.46116e-05 
4801 1.19834e-05 
4802 1.99229e-05 
4803 7.71604e-06 
4804 1.44113e-05 
4805 1.91308e-05 
4806 2.04401e-05 
4807 2.20236e-05 
4808 6.55152e-06 
4809 1.71274e-05 
4810 3.36243e-05 
4811 1.85709e-05 
4812 1.43567e-05 
4813 1.84858e-05 
4814 2.40929e-05 
4815 1.37899e-05 
4816 3.2029e-05 
4817 7.45923e-05 
4818 2.68958e-05 
4819 3.04616e-05 
4820 0.000318987 
4821 0.00193973 
4822 0.00105106 
4823 2.01626e-05 
4824 0.0849695 
4825 5.5925e-05 
4826 1e-06 
4827 0.00022688 
4828 0.000883697 
4829 0.000300595 
4830 0.000649554 
4831 2.61341e-05 
4832 2.67399e-05 
4833 0.000111853 
4834 9.84266e-05 
4835 0.000243923 
4836 3.67913e-05 
4837 3.2812e-05 
4838 4.59586e-05 
4839 3.24564e-05 
4840 4.29061e-05 
4841 3.85787e-05 
4842 5.42248e-05 
4843 3.70064e-05 
4844 4.3938e-05 
4845 3.03965e-05 
4846 3.02089e-05 
4847 6.58926e-05 
4848 5.50955e-05 
4849 5.64238e-05 
4850 3.21778e-05 
4851 4.62403e-05 
4852 5.88987e-05 
4853 4.38163e-05 
4854 8.75854e-05 
4855 6.11853e-05 
4856 0.000140684 
4857 5.79424e-05 
4858 9.74039e-05 
4859 7.97081e-05 
4860 0.000173948 
4861 6.88323e-05 
4862 0.00020601 
4863 0.00010771 
4864 0.000152622 
4865 0.000124223 
4866 0.000381813 
4867 0.000251182 
4868 0.000265615 
4869 0.000158468 
4870 0.000177139 
4871 0.000425439 
4872 0.00327166 
4873 0.0017252 
4874 2.27937e-05 
4875 0.0345743 
4876 1.91144e-05 
4877 0.000288107 
4878 0.000642163 
4879 0.00024415 
4880 0.000176353 
4881 0.000197105 
4882 2.79175e-05 
4883 6.41848e-05 
4884 2.34427e-05 
4885 6.82395e-05 
4886 4.44366e-05 
4887 0.000140224 
4888 5.05106e-05 
4889 0.0001125 
4890 0.0001 
4891 4.20316e-05 
4892 3.38031e-05 
4893 3.44242e-05 
4894 1.5368e-05 
4895 1.88234e-05 
4896 1.75255e-05 
4897 3.51669e-05 
4898 3.50499e-05 
4899 1.33283e-05 
4900 1.84252e-05 
4901 1.75962e-05 
4902 2.16568e-05 
4903 4.33587e-05 
4904 1.51873e-05 
4905 1.8577e-05 
4906 2.85969e-05 
4907 4.16408e-05 
4908 2.41561e-05 
4909 2.41461e-05 
4910 2.09226e-05 
4911 5.38034e-05 
4912 1.68006e-05 
4913 3.46178e-05 
4914 3.91169e-05 
4915 3.2844e-05 
4916 5.20128e-05 
4917 4.39369e-05 
4918 3.30957e-05 
4919 5.44227e-05 
4920 9.66162e-05 
4921 6.03285e-05 
4922 5.1581e-05 
4923 8.0272e-05 
4924 8.90689e-05 
4925 7.35928e-05 
4926 0.000193928 
4927 5.61222e-05 
4928 6.74933e-05 
4929 0.000166097 
4930 0.000105002 
4931 0.000169485 
4932 0.000153577 
4933 0.000397695 
4934 0.00165993 
4935 0.00298409 
4936 4.29563e-05 
4937 0.000885175 
4938 0.00130503 
4939 0.00282551 
4940 0.0147522 
4941 0.000710746 
4942 2.89973e-06 
4943 1e-06 
4944 0.000126171 
4945 2.60866e-05 
4946 0.000206504 
4947 2.12023e-05 
4948 6.74385e-06 
4949 6.1183e-06 
4950 2.59917e-05 
4951 3.40764e-05 
4952 1.06078e-05 
4953 9.00434e-06 
4954 1.91584e-06 
4955 8.66507e-06 
4956 2.02476e-06 
4957 2.78834e-06 
4958 4.8299e-06 
4959 4.72074e-06 
4960 3.46693e-06 
4961 2.17161e-06 
4962 9.08254e-06 
4963 7.19288e-06 
4964 1.8573e-06 
4965 9.09942e-06 
4966 3.74185e-06 
4967 3.65084e-06 
4968 3.10537e-06 
4969 2.63112e-06 
4970 4.88295e-06 
4971 4.68752e-06 
4972 3.93728e-06 
4973 6.07531e-06 
4974 2.40783e-06 
4975 4.84222e-06 
4976 4.41643e-06 
4977 7.56462e-06 
4978 4.4073e-06 
4979 2.95252e-06 
4980 4.43329e-06 
4981 3.02768e-06 
4982 7.00699e-06 
4983 4.63925e-06 
4984 1.00129e-05 
4985 8.74639e-06 
4986 7.65511e-06 
4987 5.02042e-06 
4988 4.89402e-06 
4989 2.58529e-06 
4990 6.88837e-06 
4991 6.57905e-06 
4992 7.68918e-06 
4993 7.72552e-06 
4994 9.61345e-06 
4995 8.06233e-06 
4996 5.86379e-06 
4997 8.00673e-06 
4998 1.11583e-05 
4999 9.01104e-06 
5000 3.38383e-06 
5001 9.14422e-06 
5002 1.01873e-05 
5003 4.74238e-06 
5004 1.2476e-05 
5005 9.43204e-06 
5006 2.92845e-05 
5007 1.21654e-05 
5008 2.27896e-05 
5009 1.18986e-05 
5010 3.78145e-05 
5011 1.35512e-05 
5012 1.47845e-05 
5013 2.9892e-05 
5014 1.20984e-05 
5015 1.58607e-05 
5016 2.64306e-05 
5017 3.78145e-05 
5018 3.65332e-05 
5019 1.8034e-05 
5020 2.97288e-05 
5021 0.000127765 
5022 8.48048e-05 
5023 4.98458e-05 
5024 0.000134008 
5025 0.000314275 
5026 0.00283181 
5027 6.52476e-05 
5028 0.00515836 
5029 0.0907089 
5030 0.00467995 
5031 2.23988e-05 
5032 7.98001e-05 
5033 1.38592e-05 
5034 1.24562e-05 
5035 1.70645e-05 
5036 1.40908e-05 
5037 4.52151e-05 
5038 1.43917e-06 
5039 3.88623e-06 
5040 7.65985e-06 
5041 9.23693e-06 
5042 3.55185e-05 
5043 8.77048e-06 
5044 1.15858e-06 
5045 7.17048e-06 
5046 1.77454e-05 
5047 3.15496e-06 
5048 5.14268e-06 
5049 1.8524e-06 
5050 1e-06 
5051 6.81331e-06 
5052 1.25765e-05 
5053 7.55798e-06 
5054 8.5457e-06 
5055 1.57085e-05 
5056 2.0684e-06 
5057 2.05717e-05 
5058 1.182e-05 
5059 6.39525e-06 
5060 1.96922e-06 
5061 3.27863e-06 
5062 1.9297e-06 
5063 6.41581e-06 
5064 3.55895e-06 
5065 1.38036e-05 
5066 2.79992e-05 
5067 1.77237e-06 
5068 1.23774e-05 
5069 1.24227e-05 
5070 4.35867e-06 
5071 8.05908e-06 
5072 1.61787e-05 
5073 2.23038e-06 
5074 1.07437e-05 
5075 1.12518e-06 
5076 5.5799e-06 
5077 1.19804e-05 
5078 3.42365e-06 
5079 4.77526e-06 
5080 4.44119e-06 
5081 6.62198e-06 
5082 7.33639e-06 
5083 7.67124e-06 
5084 4.53698e-06 
5085 4.94536e-06 
5086 2.14282e-06 
5087 1.73717e-05 
5088 5.51387e-06 
5089 9.39027e-06 
5090 1.71973e-05 
5091 7.90312e-06 
5092 3.9878e-06 
5093 1.93411e-05 
5094 5.03865e-06 
5095 1.9511e-05 
5096 1.62159e-05 
5097 1.6747e-05 
5098 8.72084e-06 
5099 1.7842e-05 
5100 4.41703e-06 
5101 1.11193e-05 
5102 9.3258e-06 
5103 2.72741e-06 
5104 3.08028e-06 
5105 8.99133e-06 
5106 7.4819e-06 
5107 5.64949e-06 
5108 6.05801e-06 
5109 1.17806e-05 
5110 2.27055e-05 
5111 6.81024e-06 
5112 1.04114e-05 
5113 9.98454e-06 
5114 1.48573e-05 
5115 2.38481e-05 
5116 4.51164e-05 
5117 1.8619e-05 
5118 6.63798e-06 
5119 7.04963e-06 
5120 2.35357e-05 
5121 5.54126e-06 
5122 3.24e-05 
5123 6.86662e-06 
5124 6.92638e-06 
5125 2.77453e-05 
5126 2.39184e-05 
5127 8.56763e-06 
5128 1.91323e-05 
5129 6.98493e-05 
5130 1.49004e-05 
5131 2.40733e-05 
5132 7.43585e-05 
5133 2.6024e-05 
5134 6.06221e-05 
5135 2.24647e-05 
5136 6.45023e-05 
5137 3.05202e-05 
5138 6.41422e-05 
5139 2.7809e-05 
5140 3.26779e-05 
5141 5.5493e-05 
5142 2.78358e-05 
5143 8.47574e-05 
5144 2.36943e-05 
5145 5.47689e-05 
5146 4.85775e-05 
5147 8.07005e-05 
5148 3.67442e-05 
5149 3.08519e-05 
5150 8.14872e-05 
5151 2.01787e-05 
5152 2.73375e-05 
5153 0.000216501 
5154 6.36051e-05 
5155 0.00015806 
5156 0.000115239 
5157 4.89693e-05 
5158 7.93888e-05 
5159 8.44949e-05 
5160 0.000173174 
5161 0.000492009 
5162 0.000317268 
5163 0.000570921 
5164 0.000758797 
5165 0.000934814 
5166 0.00417351 
5167 7.77088e-05 
5168 0.0297204 
5169 0.000133181 
5170 1.20793e-06 
5171 1e-06 
5172 0.000904748 
5173 1.01212e-05 
5174 0.000212929 
5175 4.71678e-05 
5176 4.55515e-05 
5177 1.37873e-05 
5178 3.81966e-05 
5179 7.21131e-06 
5180 6.49841e-05 
5181 4.92236e-05 
5182 2.52515e-05 
5183 2.52566e-05 
5184 1.41695e-05 
5185 3.42774e-05 
5186 2.69486e-05 
5187 1.7076e-05 
5188 8.6619e-06 
5189 1.64846e-05 
5190 6.49093e-06 
5191 1.53989e-05 
5192 1.48057e-05 
5193 7.76523e-06 
5194 1.34342e-05 
5195 9.59915e-06 
5196 1.01584e-05 
5197 9.63632e-06 
5198 2.28531e-05 
5199 7.04963e-06 
5200 9.42626e-06 
5201 1.52625e-05 
5202 1.18033e-05 
5203 6.88837e-06 
5204 1.43306e-05 
5205 1.36704e-05 
5206 3.26574e-05 
5207 1.93807e-05 
5208 2.00395e-05 
5209 3.85968e-05 
5210 3.51953e-05 
5211 1.9543e-05 
5212 2.29747e-05 
5213 3.68924e-05 
5214 2.0279e-05 
5215 5.40675e-05 
5216 2.87256e-05 
5217 2.00797e-05 
5218 2.68629e-05 
5219 3.6166e-05 
5220 4.10883e-05 
5221 3.63772e-05 
5222 2.50685e-05 
5223 6.26181e-05 
5224 2.84363e-05 
5225 4.81951e-05 
5226 7.24852e-05 
5227 0.000114135 
5228 2.69914e-05 
5229 4.89647e-05 
5230 8.62143e-05 
5231 5.49219e-05 
5232 6.60628e-05 
5233 6.09593e-05 
5234 0.000629214 
5235 0.000256593 
5236 0.00197533 
5237 0.00248338 
5238 3.81966e-05 
5239 0.00805208 
5240 0.000395965 
5241 2.12862e-06 
5242 5.34307e-05 
5243 1e-06 
5244 1.92818e-05 
5245 8.6572e-06 
5246 7.77677e-06 
5247 1.21362e-05 
5248 7.47721e-06 
5249 1.0399e-05 
5250 1.69111e-05 
5251 3.69734e-06 
5252 5.22098e-06 
5253 1e-06 
5254 2.53721e-06 
5255 2.12862e-06 
5256 2.60471e-06 
5257 4.41746e-06 
5258 1e-06 
5259 2.55829e-06 
5260 1.56358e-06 
5261 3.4267e-06 
5262 3.4609e-06 
5263 2.71317e-06 
5264 1.50174e-06 
5265 2.68786e-06 
5266 2.84143e-06 
5267 1.57205e-06 
5268 2.35607e-06 
5269 2.32675e-06 
5270 2.36587e-06 
5271 1.60801e-06 
5272 1.70296e-06 
5273 3.88033e-06 
5274 2.27282e-06 
5275 2.47043e-06 
5276 1.66748e-06 
5277 2.15001e-06 
5278 1.4883e-06 
5279 1.8698e-06 
5280 2.478e-06 
5281 1.31556e-06 
5282 1.86034e-06 
5283 2.89937e-06 
5284 1.97233e-06 
5285 4.1491e-06 
5286 2.77734e-06 
5287 5.62864e-06 
5288 4.33229e-06 
5289 4.30715e-06 
5290 4.22553e-06 
5291 4.14118e-06 
5292 6.97265e-06 
5293 2.24378e-06 
5294 7.8407e-06 
5295 6.57711e-06 
5296 1.79213e-06 
5297 5.57281e-06 
5298 6.98294e-06 
5299 3.72093e-06 
5300 3.97068e-06 
5301 3.3999e-06 
5302 1.31487e-05 
5303 4.57425e-06 
5304 3.25487e-06 
5305 4.17851e-06 
5306 5.50459e-06 
5307 7.96509e-06 
5308 1.02467e-05 
5309 9.04247e-06 
5310 2.70394e-06 
5311 5.76578e-06 
5312 1.15917e-05 
5313 6.55847e-06 
5314 1.13412e-05 
5315 9.9785e-06 
5316 4.41345e-06 
5317 9.92318e-06 
5318 3.94544e-06 
5319 1.54519e-05 
5320 1.8034e-05 
5321 7.03644e-06 
5322 5.46411e-06 
5323 1.46631e-05 
5324 4.49682e-05 
5325 4.77587e-05 
5326 3.34446e-05 
5327 2.36623e-05 
5328 0.000237577 
5329 0.0016257 
5330 2.7864e-05 
5331 0.0431577 
5332 0.00200713 
5333 0.000205091 
5334 0.000533388 
5335 0.000288945 
5336 0.000127663 
5337 0.000136429 
5338 0.000127353 
5339 0.000163932 
5340 0.000233588 
5341 0.00016905 
5342 0.000229495 
5343 0.000273646 
5344 0.000360936 
5345 0.000523468 
5346 0.00132168 
5347 0.00472083 
5348 7.85218e-05 
5349 0.00870325 
5350 0.000392044 
5351 1.9489e-06 
5352 1e-06 
5353 0.000125619 
5354 1.57082e-05 
5355 0.000118004 
5356 4.71387e-05 
5357 5.62864e-06 
5358 1.32828e-05 
5359 7.85111e-06 
5360 1.79116e-06 
5361 4.34461e-06 
5362 3.08719e-06 
5363 3.8349e-06 
5364 1.64096e-06 
5365 3.801e-06 
5366 3.69484e-06 
5367 4.11171e-06 
5368 1.76485e-06 
5369 4.03519e-06 
5370 4.18134e-06 
5371 6.64818e-06 
5372 4.40351e-06 
5373 2.76059e-06 
5374 4.44802e-06 
5375 5.76475e-06 
5376 3.67807e-06 
5377 3.24478e-06 
5378 2.80056e-06 
5379 9.04419e-06 
5380 3.26196e-06 
5381 5.58524e-06 
5382 4.14731e-06 
5383 1.88267e-06 
5384 2.08318e-06 
5385 3.00616e-06 
5386 2.43633e-06 
5387 5.35408e-06 
5388 2.69276e-06 
5389 2.5237e-06 
5390 9.2898e-06 
5391 5.90766e-06 
5392 1.77901e-06 
5393 2.46149e-06 
5394 3.07137e-06 
5395 2.49127e-06 
5396 2.00008e-06 
5397 4.81114e-06 
5398 3.83404e-06 
5399 7.09594e-06 
5400 2.48705e-06 
5401 3.28593e-06 
5402 4.36283e-06 
5403 8.40519e-06 
5404 8.21399e-06 
5405 5.28105e-06 
5406 3.28117e-06 
5407 6.37846e-06 
5408 4.80569e-06 
5409 4.70165e-06 
5410 4.53354e-06 
5411 9.53754e-06 
5412 1.03137e-05 
5413 7.51271e-06 
5414 4.67845e-06 
5415 5.03664e-06 
5416 6.68586e-06 
5417 2.51033e-06 
5418 4.84107e-06 
5419 5.97665e-06 
5420 3.99296e-06 
5421 6.78158e-06 
5422 2.28337e-05 
5423 1.01559e-05 
5424 1.1812e-05 
5425 1.06562e-05 
5426 9.85272e-06 
5427 7.62695e-06 
5428 2.41677e-05 
5429 1.38344e-05 
5430 9.2875e-06 
5431 1.02599e-05 
5432 1.35904e-05 
5433 6.03274e-05 
5434 3.90459e-05 
5435 0.000254697 
5436 0.000265531 
5437 0.00203605 
5438 0.000190983 
5439 0.0429513 
5440 0.000888286 
5441 5.57281e-06 
5442 1e-06 
5443 1.12779e-05 
5444 0.000501269 
5445 9.01089e-05 
5446 4.86443e-05 
5447 9.71366e-05 
5448 0.000252966 
5449 7.57693e-05 
5450 7.8227e-05 
5451 4.16889e-05 
5452 0.00010303 
5453 6.4702e-05 
5454 2.92917e-05 
5455 2.6287e-05 
5456 2.23366e-05 
5457 2.1912e-05 
5458 3.65929e-05 
5459 2.53209e-05 
5460 2.40054e-05 
5461 4.56368e-05 
5462 1.66118e-05 
5463 2.18729e-05 
5464 2.53026e-05 
5465 1.96601e-05 
5466 2.89803e-05 
5467 3.85787e-05 
5468 4.09078e-05 
5469 4.12243e-05 
5470 2.81568e-05 
5471 4.38033e-05 
5472 4.66094e-05 
5473 7.01353e-05 
5474 4.10609e-05 
5475 2.01626e-05 
5476 4.33116e-05 
5477 5.34765e-05 
5478 9.42723e-05 
5479 4.53239e-05 
5480 4.52369e-05 
5481 7.44857e-05 
5482 4.01772e-05 
5483 5.4293e-05 
5484 7.01371e-05 
5485 6.5182e-05 
5486 0.000175585 
5487 0.000173597 
5488 0.000145727 
5489 0.000250757 
5490 0.000115712 
5491 0.000110829 
5492 0.000209574 
5493 0.000375421 
5494 0.000986795 
5495 0.00270613 
5496 1.08351e-05 
5497 0.0885268 
5498 0.000232281 
5499 0.000139819 
5500 0.000762043 
5501 0.000517606 
5502 0.000376354 
5503 7.05005e-05 
5504 0.000367776 
5505 0.0002 
5506 0.00019421 
5507 0.000355934 
5508 0.00012632 
5509 0.000182091 
5510 9.41996e-05 
5511 7.74509e-05 
5512 0.000115311 
5513 8.00452e-05 
5514 6.30458e-05 
5515 0.000109544 
5516 7.33165e-05 
5517 0.000116927 
5518 8.4053e-05 
5519 8.65709e-05 
5520 8.40754e-05 
5521 0.000121364 
5522 0.000104062 
5523 0.000139642 
5524 0.000145337 
5525 0.000113491 
5526 8.96926e-05 
5527 0.000107355 
5528 0.000176803 
5529 0.000130094 
5530 0.000182895 
5531 0.000380675 
5532 0.00011704 
5533 0.000249315 
5534 0.000255856 
5535 0.000312078 
5536 0.000372575 
5537 0.000357042 
5538 0.000440956 
5539 0.000392278 
5540 0.000701924 
5541 0.00303977 
5542 0.00336132 
5543 6.26165e-05 
5544 0.0235056 
5545 0.000607509 
5546 1.83028e-06 
5547 0.000171273 
5548 1e-06 
5549 0.000138317 
5550 0.00019935 
5551 1.56123e-05 
5552 5.73025e-05 
5553 7.5286e-05 
5554 1.63822e-05 
5555 3.61357e-06 
5556 0.000122938 
5557 5.22545e-06 
5558 1.39872e-05 
5559 2.40277e-05 
5560 1.32662e-05 
5561 2.74902e-06 
5562 4.30126e-05 
5563 7.53085e-06 
5564 1.55661e-05 
5565 1.36267e-05 
5566 1.94153e-05 
5567 1.11809e-05 
5568 1.59508e-05 
5569 1.56408e-05 
5570 1.27536e-05 
5571 1.7103e-05 
5572 5.11185e-06 
5573 3.52491e-06 
5574 1.36784e-05 
5575 9.43771e-06 
5576 2.74975e-06 
5577 8.67011e-06 
5578 6.80195e-06 
5579 1.12237e-05 
5580 5.86123e-06 
5581 5.21766e-06 
5582 4.73089e-06 
5583 5.85868e-06 
5584 5.51668e-06 
5585 3.25786e-06 
5586 4.85611e-06 
5587 3.58908e-06 
5588 3.6805e-06 
5589 2.17982e-06 
5590 3.58378e-06 
5591 6.25459e-06 
5592 6.4971e-06 
5593 7.20695e-06 
5594 7.74082e-06 
5595 1.78495e-05 
5596 4.2093e-06 
5597 1.73e-05 
5598 3.31086e-06 
5599 2.51077e-06 
5600 6.56592e-06 
5601 1.0891e-05 
5602 5.74116e-06 
5603 1.3243e-05 
5604 1.19882e-05 
5605 4.94228e-06 
5606 2.22406e-06 
5607 4.8105e-06 
5608 4.49772e-06 
5609 5.89699e-06 
5610 4.89815e-06 
5611 7.03376e-06 
5612 6.10521e-06 
5613 1.68769e-05 
5614 4.87765e-06 
5615 1.26414e-05 
5616 9.59263e-06 
5617 1.17435e-05 
5618 3.54196e-05 
5619 5.41087e-06 
5620 5.72487e-06 
5621 6.39574e-06 
5622 7.50164e-06 
5623 7.94867e-06 
5624 8.68351e-06 
5625 1.38284e-05 
5626 2.15958e-05 
5627 1.81563e-05 
5628 2.39128e-05 
5629 2.88038e-05 
5630 9.72023e-06 
5631 1.60923e-05 
5632 1.50044e-05 
5633 5.61926e-05 
5634 1.14673e-05 
5635 3.64473e-05 
5636 3.15883e-05 
5637 4.90239e-05 
5638 3.75748e-05 
5639 4.63949e-05 
5640 2.04278e-05 
5641 2.35615e-05 
5642 2.01474e-05 
5643 7.01111e-05 
5644 2.31288e-05 
5645 3.5504e-05 
5646 4.99287e-05 
5647 6.59791e-05 
5648 0.000125237 
5649 0.00010734 
5650 4.5752e-05 
5651 6.4799e-05 
5652 0.000936449 
5653 0.0029706 
5654 6.95048e-05 
5655 0.0187548 
5656 0.000791959 
5657 0.000109715 
5658 0.00012499 
5659 7.63932e-05 
5660 8.66742e-05 
5661 7.8619e-05 
5662 7.22418e-05 
5663 7.49005e-05 
5664 0.000101 
5665 8.85883e-05 
5666 0.000132033 
5667 0.000133556 
5668 0.000131381 
5669 0.000167376 
5670 0.00036398 
5671 0.000658748 
5672 0.000668471 
5673 0.00209916 
5674 3.39394e-05 
5675 0.0348338 
5676 3.72147e-06 
5677 0.000786441 
5678 0.000228235 
5679 0.000436907 
5680 0.000217521 
5681 2.80584e-05 
5682 0.000364106 
5683 0.000186488 
5684 9.81864e-05 
5685 3.04924e-05 
5686 5.605e-05 
5687 1.77423e-05 
5688 4.51442e-05 
5689 6.26165e-05 
5690 4.53425e-05 
5691 2.22886e-05 
5692 1.74705e-05 
5693 1.82894e-05 
5694 1.49413e-05 
5695 2.58222e-05 
5696 2.68671e-05 
5697 2.67695e-05 
5698 2.45296e-05 
5699 2.06119e-05 
5700 1.76805e-05 
5701 2.08197e-05 
5702 2.4535e-05 
5703 2.14191e-05 
5704 2.33918e-05 
5705 3.65438e-05 
5706 4.67271e-05 
5707 5.22132e-05 
5708 4.07966e-05 
5709 4.1458e-05 
5710 3.11506e-05 
5711 4.24948e-05 
5712 7.6324e-05 
5713 3.58475e-05 
5714 7.11561e-05 
5715 3.6352e-05 
5716 4.95093e-05 
5717 6.4314e-05 
5718 7.3377e-05 
5719 0.000155769 
5720 5.34915e-05 
5721 7.86005e-05 
5722 5.07567e-05 
5723 0.000101969 
5724 4.22272e-05 
5725 0.000159269 
5726 7.54019e-05 
5727 0.0001 
5728 0.00012898 
5729 0.000102956 
5730 0.000294769 
5731 0.000235815 
5732 0.000321315 
5733 0.000129048 
5734 0.00335927 
5735 0.00139806 
5736 0.0297782 
5737 0.00146612 
5738 0.000278622 
5739 0.000284397 
5740 0.000193535 
5741 0.000206813 
5742 0.000179299 
5743 0.00019405 
5744 0.000322599 
5745 0.000351356 
5746 0.000489296 
5747 0.00169737 
5748 0.0016956 
5749 0.00311104 
5750 3.6881e-05 
5751 0.0122564 
5752 0.184519 
5753 0.0016019 
5754 0.000368405 
5755 0.000184569 
5756 0.000628821 
5757 0.000196838 
5758 0.0002314 
5759 0.000104926 
5760 7.50273e-05 
5761 0.000139808 
5762 0.000108985 
5763 9.85802e-05 
5764 0.000134483 
5765 0.00010241 
5766 0.000119592 
5767 8.13244e-05 
5768 8.94064e-05 
5769 7.89387e-05 
5770 0.000150008 
5771 9.64615e-05 
5772 8.95973e-05 
5773 0.000147941 
5774 0.000116425 
5775 0.000119047 
5776 0.000224527 
5777 0.00019717 
5778 0.000292396 
5779 0.000256366 
5780 0.000282758 
5781 0.00023688 
5782 0.000430359 
5783 0.000550177 
5784 0.000891466 
5785 0.000792481 
5786 0.00112232 
5787 0.000989169 
5788 6.07531e-06 
5789 0.0036876 
5790 0.0237235 
5791 0.00114115 
5792 0.000458423 
5793 0.000261803 
5794 6.90466e-05 
5795 2.64336e-05 
5796 8.84792e-05 
5797 3.21299e-05 
5798 3.36535e-05 
5799 3.03479e-05 
5800 2.49052e-05 
5801 2.11293e-05 
5802 3.29144e-05 
5803 3.3895e-05 
5804 2.49988e-05 
5805 3.23825e-05 
5806 3.37052e-05 
5807 2.99619e-05 
5808 4.61101e-05 
5809 4.75003e-05 
5810 5.50337e-05 
5811 5.69992e-05 
5812 5.04474e-05 
5813 2.70642e-05 
5814 2.61288e-05 
5815 9.45068e-05 
5816 9.55937e-05 
5817 8.80903e-05 
5818 6.61309e-05 
5819 5.51585e-05 
5820 8.11213e-05 
5821 0.000195223 
5822 0.000122755 
5823 0.000103444 
5824 0.000225682 
5825 0.00068134 
5826 0.000383203 
5827 0.0016663 
5828 0.00107529 
5829 1.11456e-05 
5830 0.00785165 
5831 0.00445347 
5832 0.00041881 
5833 3.22161e-06 
5834 0.000109175 
5835 1e-06 
5836 2.75784e-06 
5837 5.9088e-05 
5838 7.45174e-05 
5839 1.37767e-05 
5840 1.97028e-05 
5841 9.5135e-06 
5842 1.37634e-05 
5843 1.19888e-05 
5844 1.16503e-05 
5845 1.17893e-05 
5846 1.31391e-05 
5847 2.20304e-05 
5848 2.45709e-05 
5849 1.15376e-05 
5850 5.41535e-05 
5851 1.92197e-05 
5852 2.0978e-05 
5853 4.36692e-05 
5854 3.37853e-05 
5855 2.7411e-05 
5856 6.00602e-05 
5857 6.00991e-05 
5858 0.000321736 
5859 0.00139393 
5860 1.29637e-05 
5861 0.0768563 
5862 0.00129127 
5863 1.18147e-05 
5864 0.000154404 
5865 0.000853885 
5866 6.18034e-05 
5867 0.000158471 
5868 3.61049e-05 
5869 3.02654e-05 
5870 9.85221e-05 
5871 5.89752e-05 
5872 3.10139e-05 
5873 8.36122e-05 
5874 8.30227e-05 
5875 3.33211e-05 
5876 2.83388e-05 
5877 4.48411e-05 
5878 4.57428e-05 
5879 3.34121e-05 
5880 9.50556e-05 
5881 2.43587e-05 
5882 3.81966e-05 
5883 2.4885e-05 
5884 2.12351e-05 
5885 2.88238e-05 
5886 3.09859e-05 
5887 3.26346e-05 
5888 3.0435e-05 
5889 3.40272e-05 
5890 4.66958e-05 
5891 3.81966e-05 
5892 4.84216e-05 
5893 3.97483e-05 
5894 5.12175e-05 
5895 3.40717e-05 
5896 5.46925e-05 
5897 7.39956e-05 
5898 5.37064e-05 
5899 5.83079e-05 
5900 6.83031e-05 
5901 8.46368e-05 
5902 0.000112352 
5903 9.05799e-05 
5904 7.22082e-05 
5905 9.21158e-05 
5906 0.000105089 
5907 0.000226053 
5908 0.000141659 
5909 0.000211509 
5910 0.00016903 
5911 0.000132088 
5912 0.000358064 
5913 0.000505021 
5914 0.000132845 
5915 0.000172336 
5916 0.000255776 
5917 0.000900167 
5918 0.00163123 
5919 1.4795e-06 
5920 0.00309396 
5921 0.0533048 
5922 0.000903926 
5923 0.000424829 
5924 0.000254641 
5925 0.000637249 
5926 3.85787e-05 
5927 0.000253485 
5928 5.81735e-05 
5929 0.000190107 
5930 7.97175e-05 
5931 4.99571e-05 
5932 0.000153359 
5933 5.39304e-05 
5934 6.05917e-05 
5935 7.32525e-05 
5936 7.34512e-05 
5937 4.56024e-05 
5938 0.0001 
5939 7.39395e-05 
5940 3.28976e-05 
5941 5.17891e-05 
5942 4.33124e-05 
5943 5.54049e-05 
5944 4.10502e-05 
5945 3.37312e-05 
5946 4.24538e-05 
5947 4.16408e-05 
5948 4.55882e-05 
5949 3.95122e-05 
5950 3.15492e-05 
5951 6.95464e-05 
5952 9.52299e-05 
5953 6.18034e-05 
5954 8.74401e-05 
5955 5.11241e-05 
5956 6.32687e-05 
5957 0.000114821 
5958 0.000135605 
5959 0.000121265 
5960 9.61894e-05 
5961 0.000128052 
5962 0.000152066 
5963 7.87083e-05 
5964 0.000158183 
5965 0.000145633 
5966 0.000154359 
5967 5.42757e-05 
5968 0.000220999 
5969 0.000330325 
5970 0.000284095 
5971 0.000770158 
5972 0.000511765 
5973 0.000792303 
5974 0.000559995 
5975 0.00204121 
5976 5.88337e-06 
5977 0.0184707 
5978 1.78971e-06 
5979 1e-06 
5980 0.000267639 
5981 6.7014e-05 
5982 3.26846e-05 
5983 0.000113319 
5984 4.57015e-05 
5985 1.43225e-05 
5986 4.4218e-05 
5987 3.71108e-05 
5988 3.69697e-06 
5989 4.30464e-05 
5990 1.85225e-05 
5991 7.03438e-05 
5992 1.18487e-05 
5993 6.70357e-06 
5994 2.70062e-05 
5995 1.42935e-05 
5996 4.65429e-06 
5997 5.57281e-06 
5998 7.62061e-05 
5999 6.67811e-06 
6000 3.54678e-05 
6001 1.50482e-05 
6002 4.00764e-06 
6003 1.98728e-05 
6004 4.76112e-06 
6005 2.45697e-05 
6006 6.51702e-06 
6007 2.46071e-06 
6008 9.92823e-06 
6009 5.68673e-06 
6010 1.71299e-05 
6011 1.89195e-05 
6012 8.02619e-06 
6013 2.83627e-06 
6014 1.70048e-06 
6015 4.36755e-06 
6016 3.71143e-06 
6017 5.346e-06 
6018 1.17819e-05 
6019 3.11972e-06 
6020 1.61775e-06 
6021 2.20194e-06 
6022 1.27558e-05 
6023 5.03031e-06 
6024 2.74975e-06 
6025 1.84434e-06 
6026 2.5369e-06 
6027 3.84215e-06 
6028 3.12837e-06 
6029 5.48428e-06 
6030 1.85009e-05 
6031 5.9677e-06 
6032 5.66003e-06 
6033 3.50235e-06 
6034 2.42612e-06 
6035 3.82307e-06 
6036 4.54643e-06 
6037 6.04603e-06 
6038 6.91825e-06 
6039 9.58904e-06 
6040 1.17264e-05 
6041 8.56836e-06 
6042 2.88211e-06 
6043 5.38911e-06 
6044 4.24936e-06 
6045 2.39455e-06 
6046 3.51078e-06 
6047 5.30765e-06 
6048 1.32032e-05 
6049 2.18811e-05 
6050 3.15702e-06 
6051 1.02502e-05 
6052 3.98317e-06 
6053 1.95915e-05 
6054 1.35952e-05 
6055 5.542e-06 
6056 9.332e-06 
6057 6.20957e-06 
6058 2.7263e-05 
6059 1.59632e-05 
6060 1.97082e-05 
6061 7.92739e-06 
6062 6.96001e-06 
6063 1.69816e-05 
6064 1.46251e-05 
6065 4.98112e-06 
6066 1.66952e-05 
6067 2.02533e-05 
6068 1.21642e-05 
6069 1.59988e-05 
6070 1.6188e-05 
6071 3.81966e-05 
6072 3.07184e-05 
6073 2.82229e-05 
6074 3.6881e-05 
6075 1.78809e-05 
6076 8.1966e-05 
6077 5.10351e-05 
6078 5.52982e-05 
6079 9.38795e-05 
6080 5.05674e-05 
6081 0.000223531 
6082 0.000308428 
6083 0.000414929 
6084 0.000574045 
6085 9.22707e-06 
6086 0.00169021 
6087 0.0216535 
6088 0.000739819 
6089 0.000544914 
6090 0.000187013 
6091 0.000223607 
6092 0.000211107 
6093 0.000385307 
6094 0.000664804 
6095 0.00076361 
6096 0.00132919 
6097 1.22722e-05 
6098 0.00154998 
6099 0.00467634 
6100 0.0215067 
6101 0.000777689 
6102 0.000237204 
6103 8.50509e-05 
6104 1e-06 
6105 2.16891e-05 
6106 9.65872e-06 
6107 1.76186e-05 
6108 1.09276e-05 
6109 6.31322e-06 
6110 2.08219e-06 
6111 7.1571e-06 
6112 2.66055e-05 
6113 4.88152e-06 
6114 4.8311e-06 
6115 2.0629e-06 
6116 6.04999e-06 
6117 2.8026e-06 
6118 2.0034e-06 
6119 1.73813e-06 
6120 1.50923e-05 
6121 1.58078e-06 
6122 3.43698e-06 
6123 5.91643e-06 
6124 5.88706e-06 
6125 3.08321e-06 
6126 4.35262e-06 
6127 5.30198e-06 
6128 2.67643e-06 
6129 1.02424e-05 
6130 1.70205e-06 
6131 1.0187e-06 
6132 2.78052e-06 
6133 2.58408e-06 
6134 2.49956e-06 
6135 2.12862e-06 
6136 3.34348e-06 
6137 2.30523e-06 
6138 1e-06 
6139 3.76906e-06 
6140 1.18425e-06 
6141 9.03845e-06 
6142 3.6465e-06 
6143 4.29966e-06 
6144 4.60606e-06 
6145 4.91765e-06 
6146 8.65196e-06 
6147 2.93664e-06 
6148 1e-06 
6149 2.95773e-06 
6150 3.75032e-06 
6151 3.65631e-06 
6152 3.39441e-06 
6153 8.05318e-06 
6154 2.87406e-06 
6155 6.089e-06 
6156 3.57954e-06 
6157 7.28734e-06 
6158 3.39834e-06 
6159 8.25673e-06 
6160 2.8804e-06 
6161 9.11027e-06 
6162 4.44791e-06 
6163 6.66444e-06 
6164 7.16522e-06 
6165 6.26403e-06 
6166 3.80042e-06 
6167 2.30182e-06 
6168 3.24919e-06 
6169 2.87344e-06 
6170 1.69339e-05 
6171 5.75629e-06 
6172 8.27289e-06 
6173 2.87002e-06 
6174 7.38093e-06 
6175 3.95955e-06 
6176 4.03247e-06 
6177 2.58908e-06 
6178 7.15847e-06 
6179 6.21525e-06 
6180 7.0194e-06 
6181 4.14088e-06 
6182 5.14081e-06 
6183 7.52548e-06 
6184 3.59331e-06 
6185 6.79906e-06 
6186 3.60421e-06 
6187 4.81492e-06 
6188 7.35593e-06 
6189 1.11486e-05 
6190 4.75062e-06 
6191 1.29305e-05 
6192 7.32235e-06 
6193 6.50654e-06 
6194 1.62156e-05 
6195 1.00446e-05 
6196 1.25683e-05 
6197 2.70787e-05 
6198 6.0472e-06 
6199 1.15522e-05 
6200 2.16796e-05 
6201 1.15465e-05 
6202 2.25781e-05 
6203 1.32982e-05 
6204 1.05374e-05 
6205 1.28777e-05 
6206 6.88837e-06 
6207 6.34009e-06 
6208 7.79498e-06 
6209 1.07302e-05 
6210 3.63654e-05 
6211 7.32801e-06 
6212 3.30377e-06 
6213 3.89247e-06 
6214 7.10049e-06 
6215 2.09757e-05 
6216 2.37857e-05 
6217 9.65448e-06 
6218 8.12184e-06 
6219 1.18985e-05 
6220 0.000294809 
6221 0.000216051 
6222 0.00180993 
6223 2.01626e-05 
6224 0.00307427 
6225 0.0383602 
6226 0.0014238 
6227 5.77556e-05 
6228 0.000313633 
6229 1.60408e-05 
6230 7.81533e-05 
6231 7.38676e-05 
6232 2.5653e-05 
6233 9.01907e-05 
6234 1.18767e-05 
6235 1.22086e-05 
6236 1.38342e-05 
6237 8.31757e-06 
6238 8.20005e-06 
6239 3.78709e-06 
6240 5.08013e-06 
6241 1.02339e-05 
6242 1.38623e-05 
6243 2.35206e-05 
6244 4.81064e-06 
6245 9.70652e-06 
6246 8.05047e-06 
6247 6.01195e-06 
6248 8.32245e-06 
6249 4.04103e-06 
6250 8.53227e-06 
6251 4.42973e-06 
6252 8.32048e-06 
6253 3.54208e-06 
6254 3.50321e-06 
6255 1.34746e-05 
6256 1.24451e-05 
6257 4.48053e-06 
6258 6.79526e-06 
6259 3.62759e-06 
6260 1.28231e-05 
6261 1.11517e-05 
6262 5.36759e-06 
6263 8.53554e-06 
6264 3.02102e-06 
6265 5.26572e-06 
6266 1.79378e-05 
6267 7.18612e-06 
6268 1.00981e-05 
6269 6.7635e-06 
6270 1.50848e-05 
6271 9.14874e-06 
6272 1.64424e-05 
6273 1.16157e-05 
6274 7.22956e-06 
6275 7.25041e-06 
6276 1.64421e-05 
6277 6.46406e-06 
6278 4.73356e-06 
6279 5.02314e-06 
6280 1.19163e-05 
6281 7.20131e-06 
6282 1.61021e-05 
6283 3.41926e-05 
6284 1.77194e-05 
6285 2.15862e-05 
6286 1.47171e-05 
6287 1.20636e-05 
6288 8.03116e-06 
6289 1.14453e-05 
6290 1.26956e-05 
6291 1.79359e-05 
6292 8.33548e-06 
6293 9.28112e-06 
6294 8.34741e-06 
6295 2.3286e-05 
6296 2.3142e-05 
6297 1.84367e-05 
6298 8.22433e-06 
6299 8.42465e-06 
6300 1.62084e-05 
6301 3.81966e-05 
6302 9.70986e-06 
6303 9.9532e-06 
6304 1.59894e-05 
6305 1.26332e-05 
6306 4.08067e-05 
6307 4.60153e-05 
6308 7.99186e-05 
6309 2.35451e-05 
6310 2.65957e-05 
6311 2.36066e-05 
6312 3.86991e-05 
6313 3.29759e-05 
6314 7.63932e-05 
6315 8.54348e-05 
6316 3.34434e-05 
6317 6.18034e-05 
6318 0.000276393 
6319 0.000207307 
6320 0.000276225 
6321 0.000175857 
6322 0.000204711 
6323 0.00220566 
6324 0.000906642 
6325 6.07531e-06 
6326 0.0564203 
6327 0.00169865 
6328 0.00132669 
6329 0.000392044 
6330 0.000317729 
6331 0.000311008 
6332 0.000365401 
6333 0.000380563 
6334 0.000426349 
6335 0.0007366 
6336 0.000411046 
6337 0.00114709 
6338 0.00321181 
6339 0.000491539 
6340 0.00548092 
6341 0.0099202 
6342 0.000765028 
6343 7.48656e-06 
6344 1e-06 
6345 2.08207e-05 
6346 3.69748e-06 
6347 1.55755e-05 
6348 1.03635e-05 
6349 2.66746e-06 
6350 5.43776e-06 
6351 1.56124e-06 
6352 1.67631e-05 
6353 5.57281e-06 
6354 9.19499e-06 
6355 8.43621e-06 
6356 5.42228e-06 
6357 1.32639e-06 
6358 1.09448e-05 
6359 3.8228e-06 
6360 9.78838e-06 
6361 6.09964e-06 
6362 2.1357e-06 
6363 3.32408e-06 
6364 3.80652e-06 
6365 4.31944e-06 
6366 6.34285e-06 
6367 4.64996e-06 
6368 3.48466e-06 
6369 9.23076e-06 
6370 5.33966e-06 
6371 5.25836e-06 
6372 5.88151e-06 
6373 2.18364e-06 
6374 4.76541e-06 
6375 2.3755e-06 
6376 1.98095e-06 
6377 4.75358e-06 
6378 4.08665e-06 
6379 9.35615e-06 
6380 6.8911e-06 
6381 3.62315e-06 
6382 3.3212e-06 
6383 4.0412e-06 
6384 3.59415e-06 
6385 3.59132e-06 
6386 4.04738e-06 
6387 2.33381e-06 
6388 2.63338e-06 
6389 3.38905e-06 
6390 2.777e-06 
6391 4.23373e-06 
6392 5.12391e-06 
6393 2.74438e-06 
6394 4.61536e-06 
6395 4.12211e-06 
6396 8.49176e-06 
6397 5.01422e-06 
6398 2.53103e-06 
6399 4.16589e-06 
6400 7.14172e-06 
6401 1.89475e-06 
6402 5.46802e-06 
6403 5.42859e-06 
6404 3.45832e-06 
6405 7.76504e-06 
6406 6.7274e-06 
6407 3.13924e-06 
6408 8.05274e-06 
6409 5.21104e-06 
6410 4.0727e-06 
6411 4.54935e-06 
6412 7.39068e-06 
6413 3.17141e-06 
6414 5.96058e-06 
6415 3.61647e-06 
6416 6.56478e-06 
6417 2.87213e-06 
6418 7.88825e-06 
6419 7.94109e-06 
6420 1.41702e-05 
6421 9.8879e-06 
6422 1.69664e-05 
6423 8.97987e-06 
6424 6.96763e-06 
6425 7.10941e-06 
6426 1.04227e-05 
6427 7.68185e-06 
6428 4.67987e-06 
6429 4.02644e-05 
6430 1.77133e-05 
6431 1.81053e-05 
6432 2.00969e-05 
6433 2.60798e-05 
6434 4.87449e-05 
6435 2.04246e-05 
6436 2.47696e-05 
6437 5.76897e-05 
6438 8.04932e-05 
6439 5.53256e-05 
6440 0.000118034 
6441 0.000619659 
6442 0.00125398 
6443 1.09537e-05 
6444 0.0603646 
6445 0.000863671 
6446 0.00252258 
6447 0.000387663 
6448 0.000689367 
6449 0.000375714 
6450 0.000462557 
6451 0.000400998 
6452 0.000492918 
6453 0.00101634 
6454 0.0016266 
6455 0.00115449 
6456 0.00136941 
6457 0.00464472 
6458 4.03252e-05 
6459 0.0340229 
6460 0.00192128 
6461 0.000404583 
6462 0.000791859 
6463 0.000847857 
6464 0.00232983 
6465 0.00180569 
6466 3.34369e-05 
6467 0.000919398 
6468 0.0016776 
6469 0.00528363 
6470 0.00039975 
6471 2.09428e-06 
6472 1e-06 
6473 4.41392e-06 
6474 7.06721e-06 
6475 9.80998e-06 
6476 4.38013e-06 
6477 2.21082e-05 
6478 3.83236e-06 
6479 3.99883e-06 
6480 6.58609e-06 
6481 2.40502e-06 
6482 2.46537e-06 
6483 4.2182e-06 
6484 1.03773e-05 
6485 3.80979e-06 
6486 2.50845e-05 
6487 3.87641e-06 
6488 6.88837e-06 
6489 5.7185e-06 
6490 1.90395e-06 
6491 6.81939e-06 
6492 9.00315e-06 
6493 2.92685e-06 
6494 6.8534e-06 
6495 2.08122e-06 
6496 1.5255e-05 
6497 1.15354e-05 
6498 7.80546e-06 
6499 4.01184e-06 
6500 1.86632e-06 
6501 4.7409e-06 
6502 3.57314e-06 
6503 3.02072e-06 
6504 2.32847e-06 
6505 4.66781e-06 
6506 2.01786e-06 
6507 2.19243e-06 
6508 2.20194e-06 
6509 6.87246e-06 
6510 2.74975e-06 
6511 3.62969e-06 
6512 1.85358e-06 
6513 6.0539e-06 
6514 1.56021e-06 
6515 8.95842e-06 
6516 1.88442e-06 
6517 6.7169e-06 
6518 2.20084e-06 
6519 5.85128e-06 
6520 2.41235e-06 
6521 1.21123e-06 
6522 3.27928e-06 
6523 5.96255e-06 
6524 3.83546e-06 
6525 3.40429e-06 
6526 2.12862e-06 
6527 2.27136e-06 
6528 9.90593e-06 
6529 6.07531e-06 
6530 2.32056e-06 
6531 1.90684e-06 
6532 4.13079e-06 
6533 1.67968e-05 
6534 5.04043e-06 
6535 1.07504e-05 
6536 5.79113e-06 
6537 8.36528e-06 
6538 2.64117e-06 
6539 6.36824e-06 
6540 3.40956e-06 
6541 4.02481e-06 
6542 4.20405e-06 
6543 1.93541e-05 
6544 5.17401e-06 
6545 1.09795e-05 
6546 6.88107e-06 
6547 5.48563e-06 
6548 2.58205e-06 
6549 3.42519e-06 
6550 7.99755e-06 
6551 4.12106e-06 
6552 4.35839e-06 
6553 1.56079e-05 
6554 8.70738e-06 
6555 6.44255e-06 
6556 3.54192e-06 
6557 1.34941e-05 
6558 6.36519e-06 
6559 2.47308e-06 
6560 5.63302e-06 
6561 1.52496e-05 
6562 2.04733e-05 
6563 5.96039e-06 
6564 1.83485e-05 
6565 8.40615e-06 
6566 3.71838e-06 
6567 1.53154e-05 
6568 8.03164e-06 
6569 9.70051e-06 
6570 3.70595e-05 
6571 9.90617e-06 
6572 1.14611e-05 
6573 5.83977e-05 
6574 6.41546e-05 
6575 1.55415e-05 
6576 2.20174e-05 
6577 0.000109862 
6578 1.18805e-05 
6579 2.89525e-05 
6580 3.86775e-05 
6581 3.01937e-05 
6582 3.96996e-05 
6583 9.6682e-05 
6584 0.000147068 
6585 7.73084e-05 
6586 0.000145092 
6587 7.75761e-05 
6588 0.00075962 
6589 4.18393e-06 
6590 0.00207231 
6591 0.00677862 
6592 0.00296092 
6593 0.000525476 
6594 1e-06 
6595 2.40105e-05 
6596 1.6629e-05 
6597 5.97352e-06 
6598 8.90114e-06 
6599 1e-06 
6600 5.76475e-06 
6601 1.47236e-05 
6602 9.12627e-06 
6603 3.06004e-06 
6604 2.16253e-06 
6605 1.83145e-06 
6606 1.98878e-06 
6607 5.5155e-06 
6608 2.19509e-06 
6609 3.10945e-06 
6610 2.42244e-06 
6611 5.35013e-06 
6612 1e-06 
6613 1.1784e-06 
6614 2.69516e-06 
6615 3.52444e-06 
6616 2.05019e-06 
6617 7.98589e-06 
6618 1.33575e-06 
6619 1.78934e-06 
6620 1.36031e-06 
6621 2.59987e-06 
6622 2.82425e-06 
6623 3.62648e-06 
6624 1.19739e-06 
6625 1.09111e-06 
6626 1.49901e-06 
6627 1e-06 
6628 1.80433e-06 
6629 1.96146e-06 
6630 1.11457e-06 
6631 4.1996e-06 
6632 3.61819e-06 
6633 1.92595e-06 
6634 2.49715e-06 
6635 4.05568e-06 
6636 2.57175e-06 
6637 2.63112e-06 
6638 4.14551e-06 
6639 2.46788e-06 
6640 1.48322e-06 
6641 2.95773e-06 
6642 5.32942e-06 
6643 3.88608e-06 
6644 8.3913e-06 
6645 2.66759e-06 
6646 5.02591e-06 
6647 5.05417e-06 
6648 3.7397e-06 
6649 5.57715e-06 
6650 2.22406e-06 
6651 3.26701e-06 
6652 7.19893e-06 
6653 8.64692e-06 
6654 4.53697e-06 
6655 2.08377e-06 
6656 3.65947e-06 
6657 4.31321e-06 
6658 2.02243e-06 
6659 6.46126e-06 
6660 1.04279e-05 
6661 2.63969e-06 
6662 2.77824e-06 
6663 9.27792e-06 
6664 6.60593e-06 
6665 8.48986e-06 
6666 5.02964e-06 
6667 9.04637e-06 
6668 1.8267e-06 
6669 5.95406e-06 
6670 3.28598e-06 
6671 1.12717e-05 
6672 1.20703e-05 
6673 2.58105e-05 
6674 3.4941e-06 
6675 4.42781e-06 
6676 5.18493e-06 
6677 4.13819e-06 
6678 1.18418e-05 
6679 1.33269e-05 
6680 1.146e-05 
6681 6.78086e-06 
6682 1.86989e-05 
6683 1.17525e-05 
6684 1.87211e-05 
6685 3.53425e-05 
6686 0.0002 
6687 0.000215349 
6688 0.000106539 
6689 0.00141497 
6690 1.04512e-05 
6691 0.0306312 
6692 0.00211108 
6693 0.000109671 
6694 0.000105473 
6695 0.000151039 
6696 0.000104768 
6697 0.0001 
6698 0.000146248 
6699 0.000111146 
6700 0.000137463 
6701 0.000150222 
6702 0.000175627 
6703 0.000203444 
6704 0.000150668 
6705 0.000232238 
6706 0.000345806 
6707 0.00105946 
6708 0.000944001 
6709 0.00336132 
6710 1.64079e-05 
6711 0.0702432 
6712 0.00400912 
6713 0.000426632 
6714 0.000323267 
6715 0.000367432 
6716 0.000349984 
6717 0.000318809 
6718 0.000830417 
6719 0.00094522 
6720 0.000890478 
6721 0.00366494 
6722 0.00356065 
6723 0.000875003 
6724 8.82506e-06 
6725 0.00499952 
6726 0.0092208 
6727 0.00078395 
6728 4.95407e-06 
6729 1e-06 
6730 2.15505e-06 
6731 1.80055e-06 
6732 1.64408e-05 
6733 1.84414e-06 
6734 1.64216e-06 
6735 3.17543e-06 
6736 1.31619e-06 
6737 8.03099e-06 
6738 1.54337e-05 
6739 1.32142e-06 
6740 6.75567e-06 
6741 2.88699e-06 
6742 1.97542e-06 
6743 1.39898e-06 
6744 4.08511e-06 
6745 2.51681e-06 
6746 9.62467e-06 
6747 7.09534e-06 
6748 1.86099e-06 
6749 6.84682e-06 
6750 3.63054e-06 
6751 8.78801e-06 
6752 5.69143e-06 
6753 6.38658e-06 
6754 1.7446e-06 
6755 2.12862e-06 
6756 6.52531e-06 
6757 3.84174e-06 
6758 2.95294e-06 
6759 2.32056e-06 
6760 2.81292e-06 
6761 2.12862e-06 
6762 3.24416e-06 
6763 3.50477e-06 
6764 2.74798e-06 
6765 4.62182e-06 
6766 1.53114e-06 
6767 4.48805e-06 
6768 2.54917e-06 
6769 1.70059e-06 
6770 2.81175e-06 
6771 6.46996e-06 
6772 5.82629e-06 
6773 3.12238e-06 
6774 1.80991e-06 
6775 4.08859e-06 
6776 5.11121e-06 
6777 1.14317e-05 
6778 3.8864e-06 
6779 2.36643e-06 
6780 1.26673e-05 
6781 4.55133e-06 
6782 8.03761e-06 
6783 2.73291e-06 
6784 3.69385e-06 
6785 4.43929e-06 
6786 7.20638e-06 
6787 2.22468e-06 
6788 4.28081e-06 
6789 2.53235e-06 
6790 4.88092e-06 
6791 2.50938e-06 
6792 1.03953e-05 
6793 2.333e-05 
6794 8.01224e-06 
6795 4.2312e-06 
6796 3.76758e-06 
6797 3.85855e-06 
6798 5.83214e-06 
6799 4.32014e-06 
6800 7.26894e-06 
6801 6.07531e-06 
6802 1.6498e-05 
6803 1.46458e-05 
6804 4.88155e-06 
6805 4.85531e-06 
6806 7.75363e-06 
6807 3.93793e-06 
6808 5.54471e-06 
6809 1.40423e-05 
6810 7.37366e-06 
6811 5.16302e-06 
6812 3.00446e-06 
6813 3.33378e-05 
6814 1.98795e-05 
6815 3.52413e-05 
6816 8.48892e-06 
6817 1.37915e-05 
6818 1.78696e-05 
6819 9.92454e-06 
6820 2.05384e-05 
6821 1.73261e-05 
6822 1.70459e-05 
6823 2.30729e-05 
6824 4.70101e-05 
6825 4.22246e-05 
6826 3.60347e-05 
6827 2.49143e-05 
6828 0.000107052 
6829 8.67032e-05 
6830 0.000261803 
6831 0.000777089 
6832 0.00100625 
6833 1.54029e-05 
6834 0.00545852 
6835 0.0721389 
6836 1e-06 
6837 0.000194779 
6838 0.000179 
6839 0.000890882 
6840 1.63174e-05 
6841 2.76638e-05 
6842 6.3932e-05 
6843 7.24544e-05 
6844 2.27933e-05 
6845 0.000135789 
6846 4.1065e-05 
6847 5.59632e-05 
6848 2.37711e-05 
6849 6.18034e-05 
6850 0.0001 
6851 4.16408e-05 
6852 9.19105e-05 
6853 3.1867e-05 
6854 2.34833e-05 
6855 1.88734e-05 
6856 3.91169e-05 
6857 2.09814e-05 
6858 1.3763e-05 
6859 1.66265e-05 
6860 1.47817e-05 
6861 3.16557e-05 
6862 2.14146e-05 
6863 2.18586e-05 
6864 2.94383e-05 
6865 3.3766e-05 
6866 3.65053e-05 
6867 3.44915e-05 
6868 3.53038e-05 
6869 4.84348e-05 
6870 2.18878e-05 
6871 2.5039e-05 
6872 3.60992e-05 
6873 2.64301e-05 
6874 3.6602e-05 
6875 2.63092e-05 
6876 2.76544e-05 
6877 2.4981e-05 
6878 6.30458e-05 
6879 4.07215e-05 
6880 4.38375e-05 
6881 5.70603e-05 
6882 7.63932e-05 
6883 9.78714e-05 
6884 5.0404e-05 
6885 8.41517e-05 
6886 6.69472e-05 
6887 7.09008e-05 
6888 0.000126052 
6889 5.57252e-05 
6890 4.12243e-05 
6891 0.000121595 
6892 9.78714e-05 
6893 0.000107486 
6894 0.000310642 
6895 8.94469e-05 
6896 0.000556319 
6897 0.000294754 
6898 0.00146471 
6899 1.04512e-05 
6900 0.0138077 
6901 4.44389e-05 
6902 1e-06 
6903 0.00044688 
6904 8.86729e-05 
6905 1.48849e-05 
6906 2.82518e-05 
6907 1.99616e-05 
6908 2.02281e-05 
6909 4.16408e-05 
6910 3.20842e-05 
6911 0.000132991 
6912 3.02014e-05 
6913 3.51224e-05 
6914 8.63214e-06 
6915 1.8465e-05 
6916 5.39448e-06 
6917 3.2078e-05 
6918 9.262e-06 
6919 1.33481e-05 
6920 3.75288e-05 
6921 6.32711e-06 
6922 1.02867e-05 
6923 9.95481e-06 
6924 2.1061e-05 
6925 1.70725e-05 
6926 6.61665e-06 
6927 4.74061e-06 
6928 4.77791e-06 
6929 8.24699e-06 
6930 5.03924e-06 
6931 1.01225e-05 
6932 1.69707e-05 
6933 6.73022e-06 
6934 7.48618e-06 
6935 1.01932e-05 
6936 7.52346e-06 
6937 7.45239e-06 
6938 8.41102e-06 
6939 8.07722e-06 
6940 6.7635e-06 
6941 6.62078e-06 
6942 1.04373e-05 
6943 8.87819e-06 
6944 9.8608e-06 
6945 6.9412e-06 
6946 1.29769e-05 
6947 7.7604e-06 
6948 1.04458e-05 
6949 1.61166e-05 
6950 2.54033e-05 
6951 1.39705e-05 
6952 2.62863e-05 
6953 2.32744e-05 
6954 1.34415e-05 
6955 1.69136e-05 
6956 1.70915e-05 
6957 9.2217e-06 
6958 8.99586e-06 
6959 2.25008e-05 
6960 4.42356e-05 
6961 2.77115e-05 
6962 3.00075e-05 
6963 4.11164e-05 
6964 4.24446e-05 
6965 1.9343e-05 
6966 2.99677e-05 
6967 1.29783e-05 
6968 9.5912e-06 
6969 4.12797e-05 
6970 8.51747e-06 
6971 2.1084e-05 
6972 1.19404e-05 
6973 1.62075e-05 
6974 5.91135e-05 
6975 6.73762e-05 
6976 6.64983e-05 
6977 5.20362e-05 
6978 0.000164142 
6979 4.05356e-05 
6980 0.000102102 
6981 0.000141919 
6982 0.000403707 
6983 0.000569209 
6984 0.000209994 
6985 0.000506387 
6986 5.31497e-06 
6987 0.000460626 
6988 0.00263396 
6989 0.0936358 
6990 0.00140091 
6991 0.000823989 
6992 0.000656499 
6993 0.00043246 
6994 7.16125e-05 
6995 0.000419583 
6996 0.000155933 
6997 9.46323e-05 
6998 7.89633e-05 
6999 7.50096e-05 
7000 0.000118302 
7001 6.9581e-05 
7002 0.000141359 
7003 0.000180033 
7004 0.000197943 
7005 9.1968e-05 
7006 0.0001 
7007 0.000137651 
7008 0.000113422 
7009 0.000109017 
7010 0.00016006 
7011 0.000189065 
7012 0.00023487 
7013 0.000163422 
7014 0.000141897 
7015 0.000148925 
7016 0.000198 
7017 0.000392735 
7018 0.000384313 
7019 0.000408678 
7020 0.000336996 
7021 0.000492221 
7022 0.000658121 
7023 0.000756151 
7024 0.000545749 
7025 0.000804539 
7026 0.00214683 
7027 0.00175594 
7028 2.11855e-05 
7029 0.00193935 
7030 0.00561305 
7031 0.0758063 
7032 0.000758129 
7033 4.51121e-06 
7034 0.000287857 
7035 0.000280945 
7036 0.000170501 
7037 0.000634496 
7038 7.98176e-05 
7039 1.6837e-05 
7040 0.000161803 
7041 8.73686e-05 
7042 5.19506e-05 
7043 7.15105e-05 
7044 2.49444e-05 
7045 9.43106e-06 
7046 2.40795e-05 
7047 3.08769e-05 
7048 2.60817e-05 
7049 8.57756e-06 
7050 2.10783e-05 
7051 7.66504e-06 
7052 3.22397e-05 
7053 1.11993e-05 
7054 2.16941e-05 
7055 1.63356e-05 
7056 2.77509e-05 
7057 1.29121e-05 
7058 8.98585e-06 
7059 2.31468e-05 
7060 1.4291e-05 
7061 1.94586e-05 
7062 1.71377e-05 
7063 1.09206e-05 
7064 1.78454e-05 
7065 1.45898e-05 
7066 7.39644e-06 
7067 1.34476e-05 
7068 2.16754e-05 
7069 1.13864e-05 
7070 1.46886e-05 
7071 4.2497e-05 
7072 1.2562e-05 
7073 1.58884e-05 
7074 3.41149e-05 
7075 3.50616e-05 
7076 2.49378e-05 
7077 2.33513e-05 
7078 2.00889e-05 
7079 3.17246e-05 
7080 2.99255e-05 
7081 7.0208e-05 
7082 1.25031e-05 
7083 5.45278e-05 
7084 2.12892e-05 
7085 5.82925e-05 
7086 5.89786e-05 
7087 2.84374e-05 
7088 1.77615e-05 
7089 1.84408e-05 
7090 1.94455e-05 
7091 1.50923e-05 
7092 4.48662e-05 
7093 3.77951e-05 
7094 2.81745e-05 
7095 1.84131e-05 
7096 5.59513e-05 
7097 4.62924e-05 
7098 3.90319e-05 
7099 1.66108e-05 
7100 2.55259e-05 
7101 1.99783e-05 
7102 3.89016e-05 
7103 7.68413e-05 
7104 4.31027e-05 
7105 5.90789e-05 
7106 5.78906e-05 
7107 6.32591e-05 
7108 8.72954e-05 
7109 3.95615e-05 
7110 0.000150567 
7111 3.32969e-05 
7112 0.000185961 
7113 0.000134932 
7114 9.60108e-05 
7115 5.98313e-05 
7116 0.000206839 
7117 0.000192623 
7118 0.000436918 
7119 0.000506261 
7120 0.00247702 
7121 1.47817e-05 
7122 0.0162803 
7123 1.25817e-06 
7124 1e-06 
7125 0.000602778 
7126 2.65051e-06 
7127 0.000218662 
7128 0.000121844 
7129 6.54404e-05 
7130 6.52616e-05 
7131 5.41491e-06 
7132 6.03839e-06 
7133 3.1732e-05 
7134 4.71579e-05 
7135 1.47406e-05 
7136 1.12509e-05 
7137 1.23191e-05 
7138 8.90602e-06 
7139 2.01085e-05 
7140 9.83859e-06 
7141 2.66664e-05 
7142 2.67438e-06 
7143 1.90545e-05 
7144 1.2226e-05 
7145 1.75033e-05 
7146 7.24303e-06 
7147 5.5001e-06 
7148 4.30088e-06 
7149 1.56001e-06 
7150 2.90499e-05 
7151 1.439e-05 
7152 6.75137e-06 
7153 4.38459e-06 
7154 9.09759e-06 
7155 3.07266e-06 
7156 2.92382e-06 
7157 6.38411e-06 
7158 5.26179e-06 
7159 1.99148e-06 
7160 6.07531e-06 
7161 2.53041e-06 
7162 3.17111e-06 
7163 6.60477e-06 
7164 3.53507e-06 
7165 2.3607e-05 
7166 2.36933e-06 
7167 6.67853e-06 
7168 5.48136e-06 
7169 3.40081e-06 
7170 2.20194e-06 
7171 3.71801e-06 
7172 5.59083e-06 
7173 3.76294e-06 
7174 4.3166e-06 
7175 1.55355e-06 
7176 3.83944e-06 
7177 7.40516e-06 
7178 3.17241e-06 
7179 2.61431e-06 
7180 4.29052e-06 
7181 3.79565e-06 
7182 1.19434e-05 
7183 6.12717e-06 
7184 5.68895e-06 
7185 5.07795e-06 
7186 1.30722e-05 
7187 9.12008e-06 
7188 3.53761e-06 
7189 3.80218e-06 
7190 8.72623e-06 
7191 5.69187e-06 
7192 3.9495e-06 
7193 3.26682e-06 
7194 5.51698e-06 
7195 5.96934e-06 
7196 3.489e-06 
7197 6.06381e-06 
7198 1.35145e-05 
7199 1.16803e-05 
7200 1.48915e-05 
7201 2.8066e-06 
7202 9.15666e-06 
7203 2.34705e-05 
7204 1.29759e-05 
7205 1.0607e-05 
7206 2.33509e-05 
7207 6.59493e-06 
7208 1.0491e-05 
7209 6.61067e-06 
7210 9.94351e-06 
7211 2.21835e-05 
7212 5.55771e-06 
7213 7.00699e-06 
7214 2.48511e-05 
7215 1.06557e-05 
7216 7.98805e-06 
7217 1.52433e-05 
7218 1.37424e-05 
7219 4.77626e-06 
7220 7.03308e-06 
7221 2.10322e-05 
7222 7.92497e-06 
7223 5.47813e-06 
7224 4.23795e-05 
7225 5.06578e-05 
7226 2.66858e-05 
7227 2.87466e-05 
7228 6.56407e-05 
7229 2.5813e-05 
7230 8.69711e-05 
7231 7.3466e-05 
7232 5.09972e-05 
7233 0.00014267 
7234 5.71805e-05 
7235 0.000116293 
7236 0.000413615 
7237 0.00199264 
7238 2.65485e-05 
7239 0.00144937 
7240 0.0896384 
7241 0.000348563 
7242 0.000109894 
7243 0.000188536 
7244 9.0983e-05 
7245 0.000259185 
7246 2.02996e-05 
7247 0.000292813 
7248 4.8231e-05 
7249 8.09008e-05 
7250 0.000236523 
7251 0.000434241 
7252 0.00017535 
7253 0.00018285 
7254 0.000367022 
7255 0.000400761 
7256 0.000113851 
7257 0.00010201 
7258 0.000128198 
7259 0.000116325 
7260 9.46948e-05 
7261 0.000118471 
7262 0.000120097 
7263 0.000123607 
7264 0.000153314 
7265 0.000191637 
7266 0.000186426 
7267 0.00016905 
7268 0.000226056 
7269 0.000186003 
7270 0.000225886 
7271 0.000409074 
7272 0.000306623 
7273 0.000528951 
7274 0.000492186 
7275 0.000468699 
7276 0.000746629 
7277 0.00407099 
7278 6.26165e-05 
7279 0.00316489 
7280 0.00897764 
7281 0.000240743 
7282 1e-06 
7283 0.000359164 
7284 5.00212e-05 
7285 1.59446e-05 
7286 2.62167e-05 
7287 2.39059e-05 
7288 1e-06 
7289 1.64147e-05 
7290 9.58427e-06 
7291 1.16743e-05 
7292 3.60458e-06 
7293 6.10958e-06 
7294 5.94964e-06 
7295 1.44723e-05 
7296 8.22575e-06 
7297 4.14904e-06 
7298 9.34031e-06 
7299 2.85283e-06 
7300 1.6644e-06 
7301 5.32641e-06 
7302 2.75485e-06 
7303 1.25411e-06 
7304 5.02422e-06 
7305 7.53266e-06 
7306 6.00183e-06 
7307 2.67643e-06 
7308 1.43136e-06 
7309 2.10311e-06 
7310 2.31781e-06 
7311 3.74275e-06 
7312 1.94022e-06 
7313 2.88819e-06 
7314 3.89918e-06 
7315 1.75141e-06 
7316 1.41481e-06 
7317 2.55048e-06 
7318 6.91449e-06 
7319 2.48378e-06 
7320 2.45145e-06 
7321 2.34103e-06 
7322 8.59302e-06 
7323 1.83644e-06 
7324 2.38028e-06 
7325 2.21663e-06 
7326 1.62113e-06 
7327 3.54024e-06 
7328 3.69139e-06 
7329 6.47938e-06 
7330 7.32851e-06 
7331 3.362e-06 
7332 7.03154e-06 
7333 2.43489e-06 
7334 4.20606e-06 
7335 3.81125e-06 
7336 9.23419e-06 
7337 5.52522e-06 
7338 3.8915e-06 
7339 2.29273e-06 
7340 5.64612e-06 
7341 2.69433e-06 
7342 6.58364e-06 
7343 3.15876e-06 
7344 3.91478e-06 
7345 3.18781e-06 
7346 1.4614e-05 
7347 7.67038e-06 
7348 4.64726e-06 
7349 1.01397e-05 
7350 6.54398e-06 
7351 6.63631e-06 
7352 5.30664e-06 
7353 8.17128e-06 
7354 6.84472e-06 
7355 4.80841e-06 
7356 1.00483e-05 
7357 9.12388e-06 
7358 1.37995e-05 
7359 1.15627e-05 
7360 4.8402e-06 
7361 1.88636e-05 
7362 1.83684e-05 
7363 1.2617e-05 
7364 3.39291e-06 
7365 1.48905e-05 
7366 8.58818e-06 
7367 8.8091e-06 
7368 2.27487e-05 
7369 1.47765e-05 
7370 2.42113e-05 
7371 1.39727e-05 
7372 2.70542e-05 
7373 1.47792e-05 
7374 1.54696e-05 
7375 1.24771e-05 
7376 4.72146e-06 
7377 1.87534e-05 
7378 2.90837e-05 
7379 2.75423e-05 
7380 4.25837e-05 
7381 5.44288e-05 
7382 5.73568e-05 
7383 8.65297e-05 
7384 0.000230088 
7385 0.000784035 
7386 0.000614522 
7387 3.87337e-06 
7388 0.000414097 
7389 0.00737223 
7390 0.0144455 
7391 0.00100093 
7392 2.67326e-06 
7393 1e-06 
7394 1.77802e-05 
7395 1.27651e-05 
7396 1.19604e-05 
7397 6.96317e-06 
7398 2.63782e-05 
7399 3.34329e-06 
7400 9.02093e-06 
7401 2.01699e-06 
7402 3.90737e-06 
7403 5.65996e-06 
7404 1.11151e-06 
7405 1.2564e-06 
7406 3.50668e-06 
7407 3.65089e-06 
7408 1.32041e-06 
7409 1.12221e-05 
7410 7.91755e-06 
7411 5.69431e-06 
7412 3.95184e-06 
7413 3.54102e-06 
7414 6.79087e-06 
7415 1.47408e-06 
7416 3.30679e-06 
7417 4.54117e-06 
7418 1.64537e-06 
7419 3.20499e-06 
7420 4.68367e-06 
7421 2.4398e-06 
7422 4.1706e-06 
7423 1.2322e-06 
7424 3.48969e-06 
7425 3.11086e-06 
7426 1.38854e-06 
7427 5.08394e-06 
7428 2.80755e-06 
7429 4.00168e-06 
7430 1.74053e-06 
7431 4.17704e-06 
7432 4.85895e-06 
7433 4.54457e-06 
7434 2.10406e-06 
7435 3.16851e-06 
7436 4.22702e-06 
7437 7.36087e-06 
7438 5.82467e-06 
7439 4.89431e-06 
7440 1.85366e-06 
7441 2.00651e-06 
7442 5.97672e-06 
7443 5.40355e-06 
7444 3.59592e-06 
7445 6.89198e-06 
7446 6.27016e-06 
7447 4.12153e-06 
7448 4.27605e-05 
7449 1.34794e-05 
7450 1.42215e-05 
7451 2.26862e-05 
7452 8.77777e-06 
7453 1.63143e-05 
7454 9.89733e-06 
7455 3.36657e-05 
7456 1.18331e-05 
7457 1.87064e-05 
7458 3.05986e-05 
7459 2.60907e-05 
7460 2.20303e-05 
7461 1.89901e-05 
7462 1.67184e-05 
7463 4.60648e-05 
7464 5.45925e-05 
7465 3.05276e-05 
7466 4.04573e-05 
7467 3.95122e-05 
7468 5.64988e-05 
7469 5.49526e-05 
7470 8.94561e-05 
7471 6.59891e-05 
7472 3.665e-05 
7473 7.77368e-05 
7474 0.000745175 
7475 0.0017127 
7476 1.8034e-05 
7477 0.00926941 
7478 0.000347475 
7479 3.84566e-06 
7480 1e-06 
7481 4.15984e-05 
7482 1.28441e-05 
7483 1.16185e-05 
7484 6.30458e-05 
7485 3.45822e-05 
7486 3.37317e-06 
7487 2.88287e-06 
7488 2.40373e-06 
7489 2.93615e-06 
7490 4.86314e-06 
7491 1.97759e-06 
7492 9.68801e-06 
7493 7.74079e-06 
7494 3.51319e-06 
7495 4.32337e-06 
7496 5.24788e-06 
7497 2.03152e-06 
7498 3.16516e-06 
7499 2.58875e-06 
7500 1.51745e-06 
7501 1.2147e-06 
7502 3.70318e-06 
7503 3.81755e-06 
7504 4.19266e-06 
7505 1.56906e-06 
7506 1.27936e-06 
7507 1.59632e-06 
7508 2.01583e-06 
7509 2.94148e-06 
7510 1.88818e-06 
7511 1.65087e-06 
7512 2.73189e-06 
7513 4.33714e-06 
7514 2.06252e-06 
7515 5.39504e-06 
7516 2.33771e-06 
7517 3.59924e-06 
7518 4.74947e-06 
7519 1.6683e-06 
7520 5.03752e-06 
7521 1.7885e-06 
7522 2.17374e-06 
7523 2.10258e-06 
7524 2.5686e-06 
7525 3.40877e-06 
7526 5.68502e-06 
7527 2.85144e-06 
7528 1.95749e-06 
7529 3.05156e-06 
7530 4.16155e-06 
7531 5.04324e-06 
7532 4.2151e-06 
7533 2.71776e-06 
7534 3.29177e-06 
7535 2.69611e-06 
7536 8.0467e-06 
7537 5.11605e-06 
7538 2.9668e-06 
7539 4.00364e-06 
7540 4.8679e-06 
7541 8.87606e-06 
7542 1.61894e-05 
7543 4.16703e-06 
7544 7.28485e-06 
7545 4.01644e-06 
7546 3.92798e-06 
7547 8.68626e-06 
7548 2.75717e-05 
7549 2.48888e-06 
7550 4.3599e-06 
7551 1.23215e-05 
7552 1.09861e-05 
7553 2.35031e-06 
7554 5.39113e-06 
7555 5.14482e-06 
7556 5.27604e-06 
7557 6.11539e-06 
7558 1.84352e-05 
7559 1.23383e-05 
7560 1.29766e-05 
7561 6.54177e-06 
7562 1.62159e-05 
7563 6.01553e-05 
7564 8.59707e-05 
7565 6.87343e-05 
7566 4.82549e-05 
7567 5.41496e-05 
7568 0.000329678 
7569 0.000725573 
7570 3.992e-06 
7571 0.00598223 
7572 0.0032029 
7573 0.0629313 
7574 0.000414968 
7575 1.49719e-06 
7576 1e-06 
7577 0.000888465 
7578 6.03549e-06 
7579 9.69411e-05 
7580 6.18034e-05 
7581 1.5251e-05 
7582 1.75646e-05 
7583 1.97662e-05 
7584 1.38341e-05 
7585 1.27872e-05 
7586 1.52083e-05 
7587 1.77857e-05 
7588 1.32166e-05 
7589 1.96925e-05 
7590 2.49012e-05 
7591 1.24256e-05 
7592 1.21322e-05 
7593 1.17548e-05 
7594 2.41678e-05 
7595 1.3456e-05 
7596 1.45898e-05 
7597 2.59788e-05 
7598 2.40619e-05 
7599 2.30264e-05 
7600 2.42672e-05 
7601 2.67488e-05 
7602 1.93382e-05 
7603 3.69729e-05 
7604 3.30152e-05 
7605 3.49635e-05 
7606 2.00059e-05 
7607 3.43019e-05 
7608 5.20169e-05 
7609 6.73012e-05 
7610 3.18586e-05 
7611 5.59639e-05 
7612 2.29626e-05 
7613 7.00233e-05 
7614 3.86036e-05 
7615 1.57462e-05 
7616 3.76299e-05 
7617 4.97068e-05 
7618 5.10627e-05 
7619 7.87529e-05 
7620 8.10388e-05 
7621 0.000128283 
7622 0.000117455 
7623 0.00032918 
7624 0.000374292 
7625 0.00189802 
7626 1.98444e-06 
7627 0.00253473 
7628 0.00978398 
7629 0.00489807 
7630 0.0259824 
7631 0.000743912 
7632 9.83114e-05 
7633 3.9797e-05 
7634 1.52619e-05 
7635 1.39782e-05 
7636 8.10834e-06 
7637 5.8339e-06 
7638 2.95653e-05 
7639 7.55117e-06 
7640 7.48552e-06 
7641 6.37774e-06 
7642 7.997e-06 
7643 7.68315e-06 
7644 5.19936e-06 
7645 9.13029e-06 
7646 1.00303e-05 
7647 9.56563e-06 
7648 9.48394e-06 
7649 6.77025e-06 
7650 8.57552e-06 
7651 5.83596e-06 
7652 5.27055e-06 
7653 6.81939e-06 
7654 1.18276e-05 
7655 8.006e-06 
7656 6.32843e-06 
7657 1.20215e-05 
7658 8.80865e-06 
7659 1.19358e-05 
7660 1.17246e-05 
7661 8.12054e-06 
7662 9.973e-06 
7663 7.52653e-06 
7664 1.34223e-05 
7665 1.18134e-05 
7666 1.39255e-05 
7667 1.77069e-05 
7668 1.81017e-05 
7669 1.15322e-05 
7670 1.44438e-05 
7671 9.40877e-06 
7672 1.44198e-05 
7673 1.80125e-05 
7674 2.73278e-05 
7675 2.03726e-05 
7676 1.83627e-05 
7677 2.13303e-05 
7678 1.90073e-05 
7679 2.70859e-05 
7680 2.19505e-05 
7681 2.36105e-05 
7682 1.70414e-05 
7683 3.02337e-05 
7684 3.42465e-05 
7685 0.000121572 
7686 6.18034e-05 
7687 8.9743e-05 
7688 0.000108858 
7689 0.00169532 
7690 8.70643e-06 
7691 0.0274768 
7692 0.000702062 
7693 6.69421e-05 
7694 0.000391433 
7695 4.16408e-05 
7696 0.000298767 
7697 6.43266e-05 
7698 2.46605e-05 
7699 4.6098e-05 
7700 5.8547e-05 
7701 1.10904e-05 
7702 1.0275e-05 
7703 1.55502e-05 
7704 3.67096e-05 
7705 1.10696e-05 
7706 1.75242e-05 
7707 3.01251e-05 
7708 3.02688e-05 
7709 1.41032e-05 
7710 1.93163e-05 
7711 1.25449e-05 
7712 1.34468e-05 
7713 1.53714e-05 
7714 9.20914e-06 
7715 9.50539e-06 
7716 1.57339e-05 
7717 1.57911e-05 
7718 1.2145e-05 
7719 1.29592e-05 
7720 1.24356e-05 
7721 9.16447e-06 
7722 1.51634e-05 
7723 2.42104e-05 
7724 3.31128e-05 
7725 2.10697e-05 
7726 1.86936e-05 
7727 2.56094e-05 
7728 5.17569e-05 
7729 2.63281e-05 
7730 2.06875e-05 
7731 4.44267e-05 
7732 1.7466e-05 
7733 3.71083e-05 
7734 3.51512e-05 
7735 1.86118e-05 
7736 1.49413e-05 
7737 1.80442e-05 
7738 2.75445e-05 
7739 2.08849e-05 
7740 4.16408e-05 
7741 7.2826e-05 
7742 3.00478e-05 
7743 9.38156e-05 
7744 7.89686e-05 
7745 7.3375e-05 
7746 7.29307e-05 
7747 5.58944e-05 
7748 6.56127e-05 
7749 8.17376e-05 
7750 8.96352e-05 
7751 0.000121228 
7752 0.000147086 
7753 5.91155e-05 
7754 0.00069893 
7755 0.00219745 
7756 8.62644e-05 
7757 0.00276825 
7758 0.0141917 
7759 0.000392044 
7760 0.000133912 
7761 9.37942e-05 
7762 7.44529e-05 
7763 4.37775e-05 
7764 7.42468e-05 
7765 1.7528e-05 
7766 2.93661e-05 
7767 2.2759e-05 
7768 1.27033e-05 
7769 2.5017e-06 
7770 2.06016e-06 
7771 5.08798e-06 
7772 2.91202e-06 
7773 3.73876e-06 
7774 2.75546e-06 
7775 4.60772e-06 
7776 5.41417e-06 
7777 1.75773e-06 
7778 3.41572e-06 
7779 2.45804e-06 
7780 6.19105e-06 
7781 5.57281e-06 
7782 2.76511e-06 
7783 4.85448e-06 
7784 2.99782e-06 
7785 2.35425e-06 
7786 4.70731e-06 
7787 2.69276e-06 
7788 1.70779e-06 
7789 3.29626e-06 
7790 5.98893e-06 
7791 2.96668e-06 
7792 2.17161e-06 
7793 5.29524e-06 
7794 2.43771e-06 
7795 5.68502e-06 
7796 4.46495e-06 
7797 4.8486e-06 
7798 3.93548e-06 
7799 2.29195e-06 
7800 5.11101e-06 
7801 5.82705e-06 
7802 1.4722e-05 
7803 4.57044e-06 
7804 1.19636e-05 
7805 3.79474e-06 
7806 4.65649e-06 
7807 7.56975e-06 
7808 3.70513e-06 
7809 1.07226e-05 
7810 1.32451e-05 
7811 1.6873e-05 
7812 1.84765e-05 
7813 5.707e-06 
7814 5.11996e-06 
7815 1.75332e-05 
7816 8.66731e-06 
7817 8.94805e-06 
7818 4.64904e-06 
7819 8.94956e-06 
7820 3.1757e-06 
7821 7.01654e-06 
7822 8.54028e-06 
7823 5.18566e-06 
7824 1.74196e-05 
7825 8.59623e-06 
7826 2.55883e-06 
7827 1.23153e-05 
7828 1.12135e-05 
7829 1.09203e-05 
7830 1.71206e-05 
7831 9.44182e-06 
7832 8.99065e-06 
7833 1.91204e-05 
7834 1.36573e-05 
7835 2.0106e-05 
7836 1.92735e-05 
7837 1.09103e-05 
7838 3.92989e-06 
7839 1.52158e-05 
7840 1.03365e-05 
7841 1.30154e-05 
7842 2.29291e-05 
7843 1.68111e-05 
7844 2.15645e-05 
7845 1.41165e-05 
7846 4.21462e-05 
7847 0.000104738 
7848 4.46097e-05 
7849 3.06588e-05 
7850 2.89375e-05 
7851 0.000369076 
7852 0.000417974 
7853 0.00104539 
7854 2.08331e-06 
7855 0.0369296 
7856 2.33602e-05 
7857 0.00082278 
7858 0.000141924 
7859 0.000322816 
7860 0.000121811 
7861 0.000126007 
7862 0.000104096 
7863 0.000122732 
7864 0.0001091 
7865 7.85826e-05 
7866 6.3932e-05 
7867 8.86953e-05 
7868 8.23137e-05 
7869 4.88578e-05 
7870 6.3932e-05 
7871 6.4314e-05 
7872 4.38571e-05 
7873 4.57752e-05 
7874 5.08976e-05 
7875 5.98155e-05 
7876 6.73762e-05 
7877 9.02137e-05 
7878 9.1688e-05 
7879 7.48109e-05 
7880 0.00012551 
7881 9.17189e-05 
7882 7.56292e-05 
7883 0.000124581 
7884 9.85418e-05 
7885 0.000105506 
7886 0.000140012 
7887 0.00021719 
7888 0.000284659 
7889 0.000342012 
7890 0.000401856 
7891 0.000328352 
7892 0.000359018 
7893 0.000832851 
7894 0.00170619 
7895 7.2949e-05 
7896 0.00148689 
7897 0.00319765 
7898 0.0214932 
7899 0.000365639 
7900 1.05577e-06 
7901 0.000275807 
7902 1.34768e-06 
7903 3.07196e-05 
7904 1e-06 
7905 5.13549e-05 
7906 1.41474e-05 
7907 7.12928e-05 
7908 0.0001 
7909 2.90015e-05 
7910 0.000148211 
7911 2.17856e-05 
7912 1.87405e-05 
7913 2.50043e-05 
7914 3.81966e-05 
7915 1.87623e-05 
7916 1.9574e-05 
7917 1.48833e-05 
7918 1.35317e-05 
7919 2.07241e-05 
7920 1.56988e-05 
7921 2.281e-05 
7922 1.50923e-05 
7923 2.23883e-05 
7924 2.36222e-05 
7925 2.69647e-05 
7926 1.76537e-05 
7927 3.22647e-05 
7928 3.26179e-05 
7929 3.11816e-05 
7930 3.97952e-05 
7931 2.84744e-05 
7932 2.92119e-05 
7933 6.36698e-05 
7934 5.49005e-05 
7935 5.87091e-05 
7936 6.26165e-05 
7937 3.90593e-05 
7938 2.68416e-05 
7939 5.21603e-05 
7940 7.08505e-05 
7941 4.64831e-05 
7942 5.46664e-05 
7943 0.000484676 
7944 0.000414745 
7945 0.000320098 
7946 0.00125398 
7947 1.0022e-05 
7948 0.0295378 
7949 0.000246577 
7950 0.000629029 
7951 0.000175738 
7952 7.93716e-05 
7953 3.59136e-05 
7954 0.000208134 
7955 0.000127648 
7956 8.82355e-05 
7957 9.93242e-06 
7958 4.74782e-05 
7959 0.000145999 
7960 4.78647e-05 
7961 1.24217e-05 
7962 2.36356e-05 
7963 3.17766e-05 
7964 3.05745e-05 
7965 0.000173078 
7966 4.87666e-05 
7967 1.4442e-05 
7968 5.57708e-05 
7969 3.20261e-05 
7970 3.81966e-05 
7971 9.30594e-06 
7972 2.91843e-05 
7973 2.63502e-05 
7974 1.85038e-05 
7975 1.84902e-05 
7976 1.66696e-05 
7977 2.13124e-05 
7978 1.2341e-05 
7979 1.25683e-05 
7980 1.334e-05 
7981 1.67949e-05 
7982 1.43045e-05 
7983 1.86575e-05 
7984 1.45898e-05 
7985 1.87999e-05 
7986 3.67246e-05 
7987 3.42496e-05 
7988 3.2484e-05 
7989 4.78922e-05 
7990 2.77538e-05 
7991 5.68346e-05 
7992 2.92468e-05 
7993 2.05966e-05 
7994 4.6928e-05 
7995 3.0421e-05 
7996 2.19296e-05 
7997 3.66584e-05 
7998 4.51094e-05 
7999 3.24124e-05 
8000 6.30458e-05 
8001 5.20632e-05 
8002 4.70842e-05 
8003 5.37043e-05 
8004 5.66795e-05 
8005 2.42985e-05 
8006 5.24181e-05 
8007 6.24215e-05 
8008 5.52134e-05 
8009 6.3932e-05 
8010 9.75091e-05 
8011 0.000107174 
8012 3.02812e-05 
8013 3.73764e-05 
8014 9.38091e-05 
8015 0.000152218 
8016 0.000576365 
8017 0.000351192 
8018 0.000336839 
8019 0.00132411 
8020 0.00136522 
8021 1.64079e-05 
8022 0.00468 
8023 0.0319359 
8024 8.52858e-06 
8025 0.000504228 
8026 2.52976e-05 
8027 7.30254e-05 
8028 7.95696e-05 
8029 7.75037e-06 
8030 2.34848e-05 
8031 0.000133723 
8032 5.32728e-06 
8033 3.36753e-05 
8034 9.37757e-05 
8035 0.000111341 
8036 2.42359e-05 
8037 1.0226e-05 
8038 3.6271e-05 
8039 7.47187e-05 
8040 7.86408e-06 
8041 4.05247e-05 
8042 2.36431e-05 
8043 1.48922e-05 
8044 1.5865e-05 
8045 1.33797e-05 
8046 3.02434e-05 
8047 1.5249e-05 
8048 9.47683e-06 
8049 1.14146e-05 
8050 1.74819e-05 
8051 1.00635e-05 
8052 8.18427e-06 
8053 1.4876e-05 
8054 1.85261e-05 
8055 1.81046e-05 
8056 1.13432e-05 
8057 1.20068e-05 
8058 9.55049e-06 
8059 1.32705e-05 
8060 1.00817e-05 
8061 2.46987e-05 
8062 1.57605e-05 
8063 1.77684e-05 
8064 2.77674e-05 
8065 2.71113e-05 
8066 1.66079e-05 
8067 3.59133e-05 
8068 3.53758e-05 
8069 2.08452e-05 
8070 5.04755e-05 
8071 2.38336e-05 
8072 1.65394e-05 
8073 2.16865e-05 
8074 2.9011e-05 
8075 3.76074e-05 
8076 3.77558e-05 
8077 3.78145e-05 
8078 4.42112e-05 
8079 2.08565e-05 
8080 3.89914e-05 
8081 4.61617e-05 
8082 2.50645e-05 
8083 5.99784e-05 
8084 4.28305e-05 
8085 2.30103e-05 
8086 3.78145e-05 
8087 5.05785e-05 
8088 9.33008e-05 
8089 0.000132624 
8090 0.000147018 
8091 8.90413e-05 
8092 0.0001913 
8093 0.000625383 
8094 0.000596631 
8095 0.000588759 
8096 0.000167376 
8097 1.52481e-06 
8098 0.0227696 
8099 1.74295e-06 
8100 1e-06 
8101 0.000505476 
8102 9.30191e-05 
8103 0.000191555 
8104 6.75151e-05 
8105 6.89822e-05 
8106 1.23188e-05 
8107 1.79285e-05 
8108 1.6791e-05 
8109 4.20573e-05 
8110 3.89646e-05 
8111 4.15849e-05 
8112 3.07298e-05 
8113 3.12921e-05 
8114 6.28664e-05 
8115 2.19239e-05 
8116 4.64094e-05 
8117 3.95122e-05 
8118 3.32489e-05 
8119 1.45487e-05 
8120 8.75874e-05 
8121 3.12665e-05 
8122 7.88468e-06 
8123 2.30938e-05 
8124 2.00049e-05 
8125 1.09683e-05 
8126 2.21841e-05 
8127 5.16299e-05 
8128 4.46036e-05 
8129 1.16222e-05 
8130 2.17699e-05 
8131 4.48547e-05 
8132 2.88963e-05 
8133 1.34212e-05 
8134 1.15597e-05 
8135 1.52616e-05 
8136 1.10498e-05 
8137 1.72534e-05 
8138 2.11088e-05 
8139 3.34277e-05 
8140 2.47781e-05 
8141 4.07162e-05 
8142 1.54958e-05 
8143 3.93823e-05 
8144 3.37758e-05 
8145 4.41723e-05 
8146 2.83018e-05 
8147 2.93446e-05 
8148 4.34313e-05 
8149 4.62737e-05 
8150 2.59701e-05 
8151 6.50368e-05 
8152 3.66336e-05 
8153 1.44138e-05 
8154 3.68778e-05 
8155 4.47447e-05 
8156 4.58532e-05 
8157 4.66298e-05 
8158 4.23096e-05 
8159 0.000111146 
8160 4.38547e-05 
8161 4.11273e-05 
8162 4.1152e-05 
8163 0.000108669 
8164 0.00011734 
8165 0.000121541 
8166 6.5634e-05 
8167 7.00089e-05 
8168 0.000467198 
8169 0.000970638 
8170 0.000433184 
8171 0.00075221 
8172 6.26725e-06 
8173 0.00399678 
8174 0.00922074 
8175 0.00659793 
8176 0.000480325 
8177 1e-06 
8178 6.77881e-05 
8179 3.51327e-05 
8180 5.73158e-05 
8181 4.76903e-06 
8182 1.97387e-05 
8183 1.3567e-05 
8184 1.42768e-05 
8185 6.13498e-06 
8186 2.37578e-06 
8187 1.32838e-05 
8188 7.36019e-06 
8189 1.42005e-05 
8190 4.20635e-06 
8191 2.94149e-06 
8192 5.93589e-06 
8193 7.21502e-06 
8194 1.23577e-06 
8195 2.49689e-06 
8196 2.07961e-06 
8197 9.76202e-06 
8198 2.03143e-06 
8199 5.69927e-06 
8200 2.24726e-06 
8201 7.47743e-06 
8202 3.65064e-06 
8203 1e-06 
8204 2.37551e-06 
8205 2.09386e-06 
8206 5.64831e-06 
8207 1.21799e-06 
8208 2.53662e-06 
8209 1.7479e-06 
8210 1.19667e-06 
8211 1.06532e-06 
8212 8.06894e-06 
8213 3.12674e-06 
8214 1.60679e-06 
8215 5.41364e-06 
8216 3.29611e-06 
8217 3.99155e-06 
8218 4.57811e-06 
8219 3.1663e-06 
8220 2.64339e-06 
8221 5.81266e-06 
8222 2.74653e-06 
8223 3.25205e-06 
8224 9.5356e-06 
8225 2.2114e-06 
8226 3.25654e-06 
8227 4.42371e-06 
8228 5.33922e-06 
8229 3.15659e-06 
8230 2.48394e-06 
8231 3.52345e-06 
8232 1.0607e-05 
8233 2.67028e-06 
8234 9.33789e-06 
8235 4.421e-06 
8236 3.79551e-06 
8237 1.83258e-06 
8238 4.17464e-06 
8239 8.83796e-06 
8240 2.5067e-06 
8241 2.52867e-06 
8242 3.57869e-06 
8243 2.96855e-06 
8244 5.95635e-06 
8245 2.86946e-06 
8246 5.48045e-06 
8247 2.92172e-06 
8248 7.53558e-06 
8249 2.85686e-06 
8250 7.55198e-06 
8251 8.93619e-06 
8252 5.33416e-06 
8253 2.52906e-06 
8254 6.86818e-06 
8255 1.04088e-05 
8256 3.99435e-06 
8257 4.00004e-06 
8258 1.30532e-05 
8259 7.65469e-06 
8260 7.81392e-06 
8261 6.55569e-06 
8262 5.97696e-06 
8263 1.42317e-05 
8264 1.27468e-05 
8265 6.75303e-06 
8266 3.00716e-06 
8267 2.94125e-06 
8268 8.31667e-06 
8269 1.23797e-05 
8270 5.77093e-06 
8271 9.48834e-06 
8272 2.53002e-05 
8273 3.45948e-06 
8274 1.24012e-05 
8275 1.12612e-05 
8276 6.75027e-05 
8277 1.9039e-05 
8278 1.31474e-05 
8279 2.25783e-05 
8280 4.2789e-05 
8281 0.00014602 
8282 5.1919e-05 
8283 0.000106814 
8284 0.000311123 
8285 0.00093124 
8286 1.45898e-05 
8287 0.00430551 
8288 0.00689317 
8289 0.000381376 
8290 1.35539e-06 
8291 6.24215e-05 
8292 6.3932e-05 
8293 1e-06 
8294 1.98577e-06 
8295 2.69837e-06 
8296 6.03271e-06 
8297 6.5466e-06 
8298 2.22229e-06 
8299 1.19145e-05 
8300 5.33382e-06 
8301 2.38312e-06 
8302 8.42664e-06 
8303 8.56607e-06 
8304 2.86609e-06 
8305 1.67861e-06 
8306 1.24548e-06 
8307 4.50493e-06 
8308 2.40905e-06 
8309 1.04318e-06 
8310 2.26877e-06 
8311 1.06058e-06 
8312 3.90675e-06 
8313 4.24237e-06 
8314 1.85634e-06 
8315 1e-06 
8316 1.94538e-06 
8317 1.00892e-06 
8318 1e-06 
8319 1.8764e-06 
8320 3.17893e-06 
8321 3.08452e-06 
8322 2.09007e-06 
8323 1.5027e-06 
8324 2.40169e-06 
8325 1.4534e-06 
8326 2.34793e-06 
8327 3.82053e-06 
8328 2.25122e-06 
8329 2.58367e-06 
8330 2.5181e-06 
8331 2.22406e-06 
8332 2.8995e-06 
8333 2.60278e-06 
8334 1.44745e-06 
8335 1.4403e-06 
8336 2.43742e-06 
8337 2.17161e-06 
8338 1.2057e-06 
8339 3.43238e-06 
8340 2.75363e-06 
8341 6.40763e-06 
8342 6.81939e-06 
8343 1.55027e-06 
8344 2.60663e-06 
8345 5.84354e-06 
8346 9.43136e-06 
8347 4.1111e-06 
8348 3.39073e-06 
8349 6.55302e-06 
8350 4.12644e-06 
8351 2.01225e-06 
8352 3.52643e-06 
8353 1.16584e-05 
8354 2.91952e-06 
8355 3.6906e-06 
8356 1.10286e-05 
8357 6.09901e-06 
8358 4.11554e-06 
8359 3.59311e-06 
8360 1.39324e-05 
8361 3.8166e-06 
8362 4.79581e-06 
8363 6.38884e-06 
8364 7.07794e-06 
8365 8.42842e-06 
8366 1.81211e-05 
8367 4.90518e-06 
8368 4.569e-06 
8369 1.33506e-05 
8370 7.06776e-06 
8371 3.64728e-06 
8372 7.56657e-06 
8373 1.31102e-05 
8374 1.73917e-05 
8375 7.21276e-06 
8376 4.00118e-05 
8377 9.23687e-06 
8378 7.4484e-06 
8379 3.51684e-06 
8380 1.3313e-05 
8381 1.15392e-05 
8382 1.94579e-05 
8383 1.8055e-05 
8384 2.05055e-05 
8385 3.38563e-05 
8386 1.61563e-05 
8387 2.22912e-05 
8388 6.04812e-05 
8389 2.89377e-05 
8390 3.94445e-05 
8391 0.000178633 
8392 0.000158225 
8393 0.00092521 
8394 1.01406e-05 
8395 0.00118667 
8396 0.0253626 
8397 0.000731834 
8398 1.92297e-05 
8399 5.942e-05 
8400 1.27709e-05 
8401 6.01861e-05 
8402 9.44509e-06 
8403 7.60784e-05 
8404 4.95477e-05 
8405 2.35944e-05 
8406 1.88194e-05 
8407 4.57577e-05 
8408 1.55407e-05 
8409 1.09246e-05 
8410 7.82793e-06 
8411 1.61411e-05 
8412 4.68304e-05 
8413 1.45345e-05 
8414 8.78795e-06 
8415 2.32056e-06 
8416 1.77191e-06 
8417 2.35193e-06 
8418 3.84857e-06 
8419 5.20975e-06 
8420 6.08692e-06 
8421 9.79899e-06 
8422 2.56044e-06 
8423 5.22192e-06 
8424 4.12151e-06 
8425 6.66643e-06 
8426 8.13137e-06 
8427 2.64877e-06 
8428 6.45225e-06 
8429 4.58831e-06 
8430 6.9469e-06 
8431 3.18048e-06 
8432 2.12862e-06 
8433 2.51787e-06 
8434 5.21014e-06 
8435 5.23467e-06 
8436 9.90061e-06 
8437 1.88032e-06 
8438 2.9507e-06 
8439 2.46164e-06 
8440 3.23186e-06 
8441 1.78921e-06 
8442 3.52827e-06 
8443 4.12129e-06 
8444 6.5323e-06 
8445 5.93341e-06 
8446 3.17661e-06 
8447 9.69e-06 
8448 6.09678e-06 
8449 5.64258e-06 
8450 7.83992e-06 
8451 1.11248e-05 
8452 3.82463e-06 
8453 3.35159e-06 
8454 4.79046e-06 
8455 6.56728e-06 
8456 1.01447e-05 
8457 1.47127e-05 
8458 1.44256e-05 
8459 9.65533e-06 
8460 5.49058e-06 
8461 6.60348e-06 
8462 3.86905e-06 
8463 1.02483e-05 
8464 1.10549e-05 
8465 9.6496e-06 
8466 6.54465e-06 
8467 6.30429e-06 
8468 6.92356e-06 
8469 2.11076e-05 
8470 6.25882e-06 
8471 1.38954e-05 
8472 7.22654e-06 
8473 6.53514e-06 
8474 1.29331e-05 
8475 5.32496e-06 
8476 8.59195e-06 
8477 2.90862e-06 
8478 8.85262e-06 
8479 4.17826e-06 
8480 4.6225e-06 
8481 1.30363e-05 
8482 1.63743e-05 
8483 2.41159e-05 
8484 6.9963e-06 
8485 1.67643e-05 
8486 5.83943e-06 
8487 7.2354e-05 
8488 6.2558e-06 
8489 1.0359e-05 
8490 9.26563e-06 
8491 2.27869e-05 
8492 2.53519e-05 
8493 1.33701e-05 
8494 4.06268e-06 
8495 1.12027e-05 
8496 1.65582e-05 
8497 1.11863e-05 
8498 1.61437e-05 
8499 1.69926e-05 
8500 2.78313e-05 
8501 3.90495e-05 
8502 1.38967e-05 
8503 8.17192e-06 
8504 4.79477e-06 
8505 1.0214e-05 
8506 3.06023e-05 
8507 6.34548e-05 
8508 4.16015e-05 
8509 6.82266e-05 
8510 2.29358e-05 
8511 5.41209e-05 
8512 4.68567e-05 
8513 0.000101242 
8514 0.00014018 
8515 0.000243966 
8516 0.000486398 
8517 0.00095919 
8518 0.000441791 
8519 4.56781e-06 
8520 0.00597502 
8521 0.0189547 
8522 0.00102769 
8523 4.86114e-06 
8524 1e-06 
8525 5.54414e-05 
8526 2.57957e-05 
8527 2.51278e-05 
8528 3.911e-06 
8529 2.5519e-06 
8530 6.18034e-05 
8531 1.32596e-05 
8532 1.3111e-05 
8533 1.79091e-06 
8534 6.37904e-06 
8535 1.87404e-06 
8536 2.88065e-06 
8537 1.53794e-06 
8538 3.94377e-06 
8539 2.70655e-06 
8540 6.02234e-06 
8541 1.09354e-05 
8542 3.86143e-06 
8543 5.16697e-06 
8544 2.06667e-06 
8545 1.82293e-06 
8546 8.34582e-06 
8547 2.63112e-06 
8548 5.93438e-06 
8549 4.21262e-06 
8550 3.06247e-06 
8551 3.45504e-06 
8552 3.21586e-06 
8553 1.92703e-06 
8554 1.28322e-06 
8555 2.08731e-06 
8556 3.27244e-06 
8557 4.1698e-06 
8558 1.20648e-05 
8559 2.90451e-06 
8560 1.85022e-06 
8561 6.75109e-06 
8562 3.65685e-06 
8563 2.67198e-06 
8564 1.35628e-06 
8565 4.77024e-06 
8566 1.53205e-06 
8567 2.50949e-06 
8568 1.6081e-06 
8569 5.48263e-06 
8570 3.61594e-06 
8571 3.19165e-06 
8572 2.64257e-06 
8573 4.72886e-06 
8574 3.40734e-06 
8575 2.78477e-06 
8576 3.73431e-06 
8577 3.94146e-06 
8578 5.15067e-06 
8579 2.54266e-06 
8580 6.79569e-06 
8581 5.24724e-06 
8582 5.87949e-06 
8583 3.15144e-06 
8584 1.01473e-05 
8585 3.91922e-06 
8586 1.51908e-05 
8587 3.58117e-06 
8588 5.32522e-06 
8589 2.49679e-06 
8590 7.2147e-06 
8591 3.62743e-06 
8592 6.26605e-06 
8593 5.92598e-06 
8594 4.20523e-06 
8595 1.38507e-05 
8596 6.46405e-06 
8597 1.9379e-05 
8598 6.26725e-06 
8599 4.61548e-06 
8600 2.69399e-05 
8601 3.84307e-06 
8602 6.88837e-06 
8603 5.38396e-06 
8604 4.6469e-06 
8605 1.01537e-05 
8606 1.17003e-05 
8607 4.43811e-06 
8608 7.49381e-06 
8609 7.48595e-06 
8610 3.1146e-06 
8611 1.29874e-05 
8612 1.0944e-05 
8613 2.58893e-05 
8614 2.58523e-05 
8615 5.34469e-06 
8616 1.98104e-05 
8617 2.87975e-06 
8618 2.7096e-05 
8619 3.95927e-05 
8620 1.37523e-05 
8621 4.62341e-05 
8622 1.64079e-05 
8623 1.16636e-05 
8624 1.83534e-05 
8625 3.91459e-05 
8626 1.6358e-05 
8627 0.000103444 
8628 3.86991e-05 
8629 8.75437e-05 
8630 6.94441e-05 
8631 6.29539e-05 
8632 0.000109905 
8633 0.000136594 
8634 0.000131815 
8635 0.000256052 
8636 5.59621e-05 
8637 0.00180569 
8638 1.8034e-05 
8639 0.0238449 
8640 0.00217045 
8641 6.11547e-05 
8642 0.000248878 
8643 0.000109326 
8644 1.13044e-06 
8645 5.90043e-06 
8646 2.36586e-05 
8647 3.77312e-05 
8648 1.21256e-05 
8649 2.22356e-05 
8650 3.74873e-05 
8651 0.000132914 
8652 2.71486e-05 
8653 4.73743e-06 
8654 2.4893e-05 
8655 3.45961e-06 
8656 9.82293e-06 
8657 1.68557e-05 
8658 6.0883e-06 
8659 4.98286e-06 
8660 5.46078e-05 
8661 1.57462e-05 
8662 1.51559e-06 
8663 1.35966e-05 
8664 1.10759e-05 
8665 6.60823e-06 
8666 5.89556e-06 
8667 2.00398e-06 
8668 7.21207e-06 
8669 7.11846e-06 
8670 1.73088e-06 
8671 1.63159e-05 
8672 3.39614e-06 
8673 5.23581e-06 
8674 3.03009e-06 
8675 2.03064e-06 
8676 2.97186e-06 
8677 3.61008e-06 
8678 3.77107e-06 
8679 2.23051e-06 
8680 5.43713e-06 
8681 2.32056e-06 
8682 1.03029e-05 
8683 7.91194e-06 
8684 4.20023e-06 
8685 9.68877e-06 
8686 4.89967e-06 
8687 2.94044e-06 
8688 3.39665e-06 
8689 5.33096e-06 
8690 6.26975e-06 
8691 3.72253e-06 
8692 4.16491e-06 
8693 3.10829e-06 
8694 6.85806e-06 
8695 6.2112e-06 
8696 3.86348e-06 
8697 7.5551e-06 
8698 6.07953e-06 
8699 9.65027e-06 
8700 3.77089e-06 
8701 2.10766e-05 
8702 5.37251e-06 
8703 7.5031e-06 
8704 7.06766e-06 
8705 5.97623e-06 
8706 3.23706e-06 
8707 4.21064e-06 
8708 8.40559e-06 
8709 4.95786e-06 
8710 7.85553e-06 
8711 6.73925e-06 
8712 1.69542e-05 
8713 5.707e-06 
8714 4.66284e-06 
8715 1.23175e-05 
8716 2.89267e-06 
8717 1.03698e-05 
8718 1.93997e-05 
8719 6.05669e-06 
8720 8.41657e-06 
8721 4.05822e-05 
8722 5.53461e-06 
8723 1.0709e-05 
8724 1.3449e-05 
8725 1.02048e-05 
8726 5.85741e-06 
8727 1.29191e-05 
8728 6.05308e-06 
8729 1.1713e-05 
8730 7.78473e-06 
8731 3.19014e-06 
8732 9.45648e-06 
8733 1.35265e-05 
8734 1.02436e-05 
8735 6.18905e-06 
8736 2.4069e-05 
8737 2.34507e-05 
8738 3.4448e-05 
8739 1.01624e-05 
8740 5.11647e-06 
8741 9.20242e-06 
8742 4.00347e-05 
8743 2.90864e-05 
8744 7.42292e-05 
8745 2.11766e-05 
8746 9.58009e-05 
8747 7.88405e-05 
8748 6.79905e-05 
8749 0.000122713 
8750 0.000225646 
8751 0.000194427 
8752 0.000311923 
8753 0.000602778 
8754 3.75475e-06 
8755 0.00314884 
8756 0.059817 
8757 0.0009708 
8758 3.44166e-06 
8759 1.73873e-05 
8760 1e-06 
8761 0.000203444 
8762 0.000248042 
8763 0.000291305 
8764 8.11711e-05 
8765 4.96109e-05 
8766 6.92143e-05 
8767 4.6659e-05 
8768 0.000114559 
8769 0.000139112 
8770 2.37759e-05 
8771 6.50265e-05 
8772 7.44983e-05 
8773 0.000121634 
8774 6.05733e-05 
8775 4.90702e-05 
8776 1.98935e-05 
8777 3.45547e-05 
8778 2.61766e-05 
8779 7.54746e-05 
8780 1.77694e-05 
8781 4.02971e-05 
8782 2.32334e-05 
8783 5.44766e-05 
8784 4.72136e-05 
8785 2.96498e-05 
8786 3.95122e-05 
8787 1.93951e-05 
8788 3.81966e-05 
8789 1.64136e-05 
8790 2.35517e-05 
8791 2.64668e-05 
8792 4.08235e-05 
8793 3.32415e-05 
8794 3.2983e-05 
8795 2.90055e-05 
8796 5.28706e-05 
8797 4.68393e-05 
8798 2.02075e-05 
8799 4.2425e-05 
8800 5.96841e-05 
8801 0.000117259 
8802 5.01867e-05 
8803 5.49781e-05 
8804 5.85879e-05 
8805 5.05644e-05 
8806 2.97821e-05 
8807 4.30257e-05 
8808 7.8952e-05 
8809 8.84273e-05 
8810 0.0001 
8811 3.51141e-05 
8812 9.10688e-05 
8813 2.98693e-05 
8814 0.000151384 
8815 6.51533e-05 
8816 0.000123681 
8817 0.00015167 
8818 9.34669e-05 
8819 6.73762e-05 
8820 9.89999e-05 
8821 0.000101 
8822 3.61635e-05 
8823 7.54882e-05 
8824 0.000132453 
8825 0.000148157 
8826 0.000118419 
8827 8.25579e-05 
8828 0.000302269 
8829 0.000167033 
8830 0.000258827 
8831 0.000397058 
8832 0.000280327 
8833 0.000771388 
8834 0.00110137 
8835 0.00124516 
8836 7.70143e-06 
8837 0.0121185 
8838 0.000247319 
8839 1.71483e-05 
8840 4.88957e-05 
8841 0.000168471 
8842 3.76162e-05 
8843 1.5356e-05 
8844 6.82287e-05 
8845 1.86402e-05 
8846 6.742e-06 
8847 7.50248e-06 
8848 7.48728e-05 
8849 3.26412e-05 
8850 6.1837e-06 
8851 1.51902e-05 
8852 1.23568e-05 
8853 8.14473e-06 
8854 7.87267e-06 
8855 3.83976e-06 
8856 1.50891e-05 
8857 1.33426e-05 
8858 8.09573e-06 
8859 5.84054e-06 
8860 1.0961e-05 
8861 1.04831e-05 
8862 7.41735e-06 
8863 1.56232e-05 
8864 6.37318e-06 
8865 7.20621e-06 
8866 6.35222e-06 
8867 4.87798e-06 
8868 4.02883e-06 
8869 8.72829e-06 
8870 7.00699e-06 
8871 9.66739e-06 
8872 7.03505e-06 
8873 8.25211e-06 
8874 7.11071e-06 
8875 1.03342e-05 
8876 6.88837e-06 
8877 1.1747e-05 
8878 1.32927e-05 
8879 1.16232e-05 
8880 6.22284e-06 
8881 6.73436e-06 
8882 7.86216e-06 
8883 2.49594e-05 
8884 1.18503e-05 
8885 1.98047e-05 
8886 1.2458e-05 
8887 1.2391e-05 
8888 1.18156e-05 
8889 1.3357e-05 
8890 1.28484e-05 
8891 4.47426e-05 
8892 1.60125e-05 
8893 2.7806e-05 
8894 2.61379e-05 
8895 2.45033e-05 
8896 3.12747e-05 
8897 1.81949e-05 
8898 2.60247e-05 
8899 3.47908e-05 
8900 1.45898e-05 
8901 1.55357e-05 
8902 1.14745e-05 
8903 4.16408e-05 
8904 2.16412e-05 
8905 5.18089e-05 
8906 2.00144e-05 
8907 4.85898e-05 
8908 3.5941e-05 
8909 5.51146e-05 
8910 2.01342e-05 
8911 6.62419e-05 
8912 8.71474e-05 
8913 0.000208368 
8914 0.000157925 
8915 7.18604e-05 
8916 0.000225843 
8917 3.37087e-06 
8918 0.00268716 
8919 0.00309167 
8920 0.029749 
8921 0.000458999 
8922 0.000457147 
8923 0.000142589 
8924 0.000118481 
8925 7.28004e-05 
8926 7.33573e-05 
8927 8.84295e-05 
8928 0.000107927 
8929 0.000127982 
8930 0.000115072 
8931 0.000210724 
8932 0.000123607 
8933 0.000178201 
8934 0.000197297 
8935 0.00037305 
8936 0.00203718 
8937 1.42792e-05 
8938 0.0012769 
8939 0.0100506 
8940 9.32217e-05 
8941 4.79494e-05 
8942 0.000280754 
8943 0.000168048 
8944 1.58133e-05 
8945 9.85416e-05 
8946 2.17241e-05 
8947 1.73909e-05 
8948 1.96818e-05 
8949 9.72086e-06 
8950 9.58705e-06 
8951 3.86629e-06 
8952 5.83237e-06 
8953 6.45395e-06 
8954 4.04225e-06 
8955 5.33814e-06 
8956 9.57972e-06 
8957 4.3348e-06 
8958 1.96523e-06 
8959 2.39297e-06 
8960 2.30179e-06 
8961 6.66861e-06 
8962 5.03853e-06 
8963 2.42509e-06 
8964 4.11004e-06 
8965 3.30702e-06 
8966 2.53474e-06 
8967 2.32737e-06 
8968 4.18201e-06 
8969 1.72935e-06 
8970 4.46698e-06 
8971 2.46905e-06 
8972 5.8234e-06 
8973 4.60655e-06 
8974 3.34312e-06 
8975 3.60341e-06 
8976 3.63765e-06 
8977 4.79623e-06 
8978 4.52484e-06 
8979 3.61626e-06 
8980 3.23443e-06 
8981 2.22406e-06 
8982 2.96066e-06 
8983 3.52083e-06 
8984 5.22006e-06 
8985 1.65688e-06 
8986 7.71312e-06 
8987 1.12791e-05 
8988 4.52016e-06 
8989 1.62925e-05 
8990 4.62423e-06 
8991 2.95801e-06 
8992 4.34931e-06 
8993 9.06332e-06 
8994 4.65528e-06 
8995 6.10085e-06 
8996 6.50249e-06 
8997 7.78476e-06 
8998 5.57281e-06 
8999 8.81684e-06 
9000 1.26015e-05 
9001 5.34127e-06 
9002 9.75881e-06 
9003 1.23814e-05 
9004 1.28708e-05 
9005 8.37657e-06 
9006 8.03877e-06 
9007 1.00069e-05 
9008 1.07651e-05 
9009 7.94565e-06 
9010 9.66914e-06 
9011 8.48321e-06 
9012 2.14526e-05 
9013 1.4083e-05 
9014 1.69138e-05 
9015 3.70441e-06 
9016 5.33829e-06 
9017 1.71704e-05 
9018 4.60447e-06 
9019 7.48868e-06 
9020 1.12303e-05 
9021 1.90345e-05 
9022 4.54856e-06 
9023 1.86985e-05 
9024 1.26847e-05 
9025 7.83297e-06 
9026 9.63417e-06 
9027 2.5875e-05 
9028 8.05055e-06 
9029 3.89467e-06 
9030 2.6703e-05 
9031 2.32041e-05 
9032 1.42216e-05 
9033 2.32162e-05 
9034 1.02903e-05 
9035 1.90884e-05 
9036 3.39374e-05 
9037 8.49601e-05 
9038 7.14881e-05 
9039 0.000206233 
9040 0.000958629 
9041 5.26225e-06 
9042 0.000978746 
9043 0.0280896 
9044 0.00018541 
9045 5.47788e-05 
9046 0.000186586 
9047 6.43911e-05 
9048 0.000261803 
9049 1.77885e-06 
9050 0.000293171 
9051 0.000109752 
9052 0.000113807 
9053 0.000163932 
9054 9.03453e-05 
9055 6.58721e-05 
9056 8.45273e-05 
9057 0.000105573 
9058 7.51293e-05 
9059 0.000123607 
9060 0.000140068 
9061 0.000217638 
9062 0.000142178 
9063 0.00014863 
9064 0.000287825 
9065 0.000184663 
9066 0.000686833 
9067 0.000810593 
9068 0.000573337 
9069 6.88837e-06 
9070 0.000518896 
9071 0.00296045 
9072 0.00375144 
9073 0.00310359 
9074 0.0181202 
9075 0.00112949 
9076 2.79278e-06 
9077 1e-06 
9078 1.14373e-05 
9079 1.89293e-06 
9080 2.41292e-05 
9081 2.47241e-06 
9082 4.98539e-06 
9083 2.17982e-06 
9084 3.94873e-06 
9085 2.08327e-06 
9086 3.59941e-06 
9087 2.00336e-06 
9088 1.69917e-06 
9089 1.17417e-05 
9090 2.36316e-06 
9091 3.11861e-06 
9092 6.63286e-06 
9093 1.78404e-06 
9094 5.76475e-06 
9095 6.05252e-06 
9096 3.29275e-06 
9097 2.74284e-06 
9098 2.57583e-06 
9099 2.10511e-06 
9100 2.09167e-06 
9101 3.62298e-06 
9102 3.25949e-06 
9103 4.32305e-06 
9104 6.74087e-06 
9105 2.47797e-06 
9106 3.96938e-06 
9107 2.88013e-06 
9108 7.54206e-06 
9109 4.29635e-06 
9110 3.56918e-06 
9111 5.30661e-06 
9112 4.71021e-06 
9113 1.65773e-06 
9114 4.02764e-06 
9115 7.20847e-06 
9116 4.93093e-06 
9117 4.43588e-06 
9118 3.05873e-06 
9119 8.58785e-06 
9120 8.60881e-06 
9121 6.88114e-06 
9122 1.20464e-05 
9123 6.5254e-06 
9124 1.74691e-06 
9125 7.38813e-06 
9126 3.66105e-06 
9127 5.27183e-06 
9128 1.58145e-06 
9129 7.66155e-06 
9130 2.77923e-06 
9131 1.0054e-05 
9132 2.32056e-06 
9133 5.23982e-06 
9134 7.3138e-06 
9135 6.60956e-06 
9136 1.83669e-05 
9137 4.28822e-06 
9138 3.41773e-06 
9139 1.02677e-05 
9140 6.93777e-06 
9141 1.2155e-05 
9142 1.07298e-05 
9143 5.27347e-06 
9144 6.66015e-06 
9145 9.03746e-06 
9146 3.11077e-06 
9147 9.48327e-06 
9148 9.74089e-06 
9149 3.23094e-06 
9150 3.24205e-06 
9151 1.16903e-05 
9152 1.06104e-05 
9153 5.39566e-06 
9154 1.11648e-05 
9155 6.59547e-06 
9156 3.1302e-05 
9157 1.04976e-05 
9158 6.38325e-06 
9159 1.66774e-05 
9160 2.28386e-05 
9161 4.07194e-05 
9162 1.18414e-05 
9163 8.02397e-06 
9164 1.98235e-05 
9165 2.98146e-05 
9166 8.58257e-06 
9167 3.11595e-05 
9168 3.8581e-05 
9169 1.92437e-05 
9170 4.98366e-06 
9171 2.03454e-05 
9172 3.16174e-05 
9173 4.16083e-05 
9174 3.65189e-05 
9175 2.17102e-05 
9176 2.86594e-05 
9177 5.86168e-06 
9178 2.22081e-05 
9179 0.000148638 
9180 0.000103132 
9181 0.000113821 
9182 0.00120201 
9183 0.000894005 
9184 8.09221e-06 
9185 0.0120112 
9186 0.000185306 
9187 1.23341e-06 
9188 0.000106755 
9189 2.34633e-05 
9190 3.77568e-05 
9191 5.42352e-05 
9192 1e-06 
9193 2.62093e-05 
9194 4.50994e-05 
9195 3.09848e-05 
9196 8.29764e-06 
9197 1.82066e-05 
9198 4.49405e-06 
9199 1.26868e-05 
9200 1.81745e-05 
9201 1e-06 
9202 1.49743e-05 
9203 6.18098e-06 
9204 4.0116e-06 
9205 4.65506e-06 
9206 2.81895e-06 
9207 6.96384e-06 
9208 1.10609e-06 
9209 2.12862e-06 
9210 5.57281e-06 
9211 1.38016e-06 
9212 5.57281e-06 
9213 2.62081e-06 
9214 1.25398e-06 
9215 2.63112e-06 
9216 3.4337e-06 
9217 2.93127e-06 
9218 2.51514e-06 
9219 1.71991e-06 
9220 2.63112e-06 
9221 1.66857e-06 
9222 3.01702e-06 
9223 3.70927e-06 
9224 2.38028e-06 
9225 2.76847e-06 
9226 1.86015e-06 
9227 3.0776e-06 
9228 7.06973e-06 
9229 2.17457e-06 
9230 3.69757e-06 
9231 2.44088e-06 
9232 2.51554e-06 
9233 2.9315e-06 
9234 1.91021e-06 
9235 5.57281e-06 
9236 3.74703e-06 
9237 1.28561e-05 
9238 5.81542e-06 
9239 2.50354e-06 
9240 6.75242e-06 
9241 8.73626e-06 
9242 3.07174e-06 
9243 7.88776e-06 
9244 1.07289e-05 
9245 4.10198e-06 
9246 5.31344e-06 
9247 3.30653e-06 
9248 5.31087e-06 
9249 2.46246e-06 
9250 8.11163e-06 
9251 1.62476e-05 
9252 1.16802e-05 
9253 9.20484e-06 
9254 4.23088e-06 
9255 1.17787e-05 
9256 9.35883e-06 
9257 2.24881e-05 
9258 2.61164e-05 
9259 9.32756e-06 
9260 2.20194e-06 
9261 1.65152e-05 
9262 1.21271e-05 
9263 1.5022e-05 
9264 8.85283e-06 
9265 3.06944e-05 
9266 4.28973e-06 
9267 7.02524e-06 
9268 8.40788e-06 
9269 1.00908e-05 
9270 8.26929e-06 
9271 2.54046e-05 
9272 3.87477e-05 
9273 1.07561e-05 
9274 2.29769e-05 
9275 5.48794e-05 
9276 4.78812e-05 
9277 3.81966e-05 
9278 2.87468e-05 
9279 1.97166e-05 
9280 5.64983e-05 
9281 2.83408e-05 
9282 0.000245884 
9283 0.000141681 
9284 0.000187737 
9285 0.000428752 
9286 1.52481e-06 
9287 0.000572617 
9288 0.00465023 
9289 0.00769449 
9290 0.000403788 
9291 0.0886562 
9292 0.00358897 
9293 1.89435e-05 
9294 1e-06 
9295 0.000206761 
9296 0.000387499 
9297 1.21026e-05 
9298 3.81966e-05 
9299 1.42461e-05 
9300 1.51944e-05 
9301 2.45483e-05 
9302 1.47666e-05 
9303 4.19488e-06 
9304 1.63876e-05 
9305 2.39229e-05 
9306 1.46306e-05 
9307 8.24729e-06 
9308 1.48833e-05 
9309 5.81894e-06 
9310 1.60682e-05 
9311 1.02757e-05 
9312 2.26258e-05 
9313 1.24874e-05 
9314 1.47075e-05 
9315 1.28754e-05 
9316 2.9933e-06 
9317 5.53327e-06 
9318 1.39157e-05 
9319 1.3972e-05 
9320 1.50123e-05 
9321 1.59054e-05 
9322 2.89927e-06 
9323 9.42331e-06 
9324 9.01522e-06 
9325 1.05326e-05 
9326 1.10749e-05 
9327 5.88964e-06 
9328 5.50008e-06 
9329 1.14025e-05 
9330 1.76356e-05 
9331 2.60753e-05 
9332 1.63143e-05 
9333 1.01468e-05 
9334 1.49004e-05 
9335 8.49197e-06 
9336 4.02892e-06 
9337 1.36138e-05 
9338 9.01081e-06 
9339 1.38569e-05 
9340 3.23395e-05 
9341 9.00593e-06 
9342 2.56194e-05 
9343 1.14602e-05 
9344 1.41249e-05 
9345 5.82249e-06 
9346 1.08219e-05 
9347 6.05733e-05 
9348 8.45162e-06 
9349 1.84578e-05 
9350 1.46585e-05 
9351 9.81989e-06 
9352 2.40342e-05 
9353 2.6384e-05 
9354 1.42098e-05 
9355 1.12655e-05 
9356 3.77806e-05 
9357 2.30657e-05 
9358 2.76264e-05 
9359 1.87895e-05 
9360 4.03033e-05 
9361 4.31472e-05 
9362 3.32273e-05 
9363 1.45898e-05 
9364 2.58476e-05 
9365 4.87963e-05 
9366 1.50923e-05 
9367 2.76151e-05 
9368 2.61457e-05 
9369 4.2611e-05 
9370 1.69217e-05 
9371 3.68774e-05 
9372 4.28443e-05 
9373 2.3059e-05 
9374 3.00152e-05 
9375 3.27256e-05 
9376 4.24033e-05 
9377 1.55966e-05 
9378 6.18034e-05 
9379 2.10228e-05 
9380 4.08672e-05 
9381 3.94118e-05 
9382 5.21803e-05 
9383 2.24583e-05 
9384 3.51732e-05 
9385 9.27174e-05 
9386 6.18034e-05 
9387 6.64532e-05 
9388 4.34017e-05 
9389 1.96814e-05 
9390 4.63305e-05 
9391 6.71551e-05 
9392 2.75387e-05 
9393 1.84973e-05 
9394 0.000161803 
9395 2.12065e-05 
9396 0.000136217 
9397 0.000187969 
9398 3.58906e-05 
9399 4.70067e-05 
9400 5.82573e-05 
9401 1.86299e-05 
9402 1.37936e-05 
9403 2.0337e-05 
9404 5.76353e-05 
9405 4.14338e-05 
9406 4.88913e-05 
9407 6.65199e-05 
9408 0.000131083 
9409 0.000322954 
9410 0.000111576 
9411 0.000115597 
9412 0.000289777 
9413 0.000345142 
9414 0.00124344 
9415 0.00042298 
9416 0.00336132 
9417 6.95048e-05 
9418 0.0140827 
9419 0.000586086 
9420 0.00207376 
9421 0.000116129 
9422 1e-06 
9423 4.50795e-05 
9424 3.16865e-05 
9425 1.47349e-05 
9426 0.000170264 
9427 1.01648e-05 
9428 4.93929e-05 
9429 2.46238e-05 
9430 2.05345e-05 
9431 6.67296e-06 
9432 2.0594e-05 
9433 6.5647e-06 
9434 1.32627e-06 
9435 5.07062e-06 
9436 3.71365e-05 
9437 4.35014e-06 
9438 4.74389e-06 
9439 1.3856e-06 
9440 4.76936e-06 
9441 3.54694e-06 
9442 1e-06 
9443 4.04303e-06 
9444 7.79593e-06 
9445 4.41606e-06 
9446 3.22341e-06 
9447 4.90297e-06 
9448 1.35456e-06 
9449 1.47619e-06 
9450 2.21145e-06 
9451 1.38179e-06 
9452 3.14121e-06 
9453 1.06871e-06 
9454 1.49811e-06 
9455 2.60471e-06 
9456 2.3531e-06 
9457 1.55281e-06 
9458 3.24004e-06 
9459 2.56936e-06 
9460 1.73797e-06 
9461 2.02203e-06 
9462 1.26792e-06 
9463 2.52382e-06 
9464 3.39032e-06 
9465 3.32626e-06 
9466 5.2695e-06 
9467 4.04011e-06 
9468 3.26655e-06 
9469 5.45626e-06 
9470 1.51957e-06 
9471 7.5723e-06 
9472 3.11432e-06 
9473 5.90149e-06 
9474 4.34102e-06 
9475 2.05752e-06 
9476 4.96858e-06 
9477 4.27704e-06 
9478 2.57799e-06 
9479 8.14421e-06 
9480 1.67413e-06 
9481 1.09783e-05 
9482 3.66877e-06 
9483 2.16059e-06 
9484 8.61485e-06 
9485 4.5341e-06 
9486 2.92265e-06 
9487 2.15663e-06 
9488 2.55602e-06 
9489 3.24689e-06 
9490 3.69274e-06 
9491 6.18917e-06 
9492 3.17176e-06 
9493 1.77618e-06 
9494 5.71734e-06 
9495 4.05934e-06 
9496 6.66332e-06 
9497 6.2177e-06 
9498 7.25187e-06 
9499 7.048e-06 
9500 1.56916e-05 
9501 1.11883e-05 
9502 8.92838e-06 
9503 3.31453e-05 
9504 1.31612e-05 
9505 1.31496e-05 
9506 2.2733e-05 
9507 1.52727e-05 
9508 6.32862e-06 
9509 7.04963e-06 
9510 4.50774e-06 
9511 9.72298e-06 
9512 1.44286e-05 
9513 1.56167e-05 
9514 2.25704e-05 
9515 3.01526e-05 
9516 2.05403e-05 
9517 3.87675e-05 
9518 3.96946e-05 
9519 7.74302e-05 
9520 8.86013e-06 
9521 3.13341e-05 
9522 2.20064e-05 
9523 6.47704e-05 
9524 7.98374e-05 
9525 5.22132e-05 
9526 7.18514e-05 
9527 0.000146002 
9528 0.000305534 
9529 0.00021459 
9530 1e-06 
9531 0.00857432 
9532 0.000149975 
9533 1.51166e-06 
9534 1.08011e-05 
9535 2.54412e-05 
9536 1.48772e-05 
9537 2.9599e-05 
9538 5.57132e-05 
9539 0.00011387 
9540 1.19412e-05 
9541 4.07922e-05 
9542 2.49371e-05 
9543 3.4882e-06 
9544 1.06753e-06 
9545 1.59296e-05 
9546 1.42103e-06 
9547 1.89285e-05 
9548 2.60054e-06 
9549 7.42732e-06 
9550 7.65138e-06 
9551 1.34867e-06 
9552 7.53911e-06 
9553 6.30204e-06 
9554 1.1156e-05 
9555 3.92722e-06 
9556 2.01646e-06 
9557 3.29526e-06 
9558 1.21956e-06 
9559 3.23679e-06 
9560 5.51292e-06 
9561 1e-06 
9562 5.93461e-06 
9563 3.68856e-06 
9564 2.77204e-06 
9565 2.40432e-06 
9566 3.67384e-06 
9567 1.93068e-06 
9568 4.50465e-06 
9569 1.49093e-06 
9570 2.37504e-06 
9571 1.36831e-06 
9572 4.13893e-06 
9573 2.07575e-06 
9574 1.08403e-06 
9575 2.18047e-06 
9576 2.71096e-06 
9577 1.1204e-06 
9578 4.0972e-06 
9579 1e-06 
9580 1.31556e-06 
9581 2.31243e-06 
9582 3.49083e-06 
9583 1e-06 
9584 2.41892e-06 
9585 2.92089e-06 
9586 2.55716e-06 
9587 1.84996e-06 
9588 1.93451e-06 
9589 2.92757e-06 
9590 3.21685e-06 
9591 3.38328e-06 
9592 4.29e-06 
9593 3.01105e-06 
9594 1.50923e-05 
9595 2.74975e-06 
9596 4.83507e-06 
9597 6.66707e-06 
9598 4.70361e-06 
9599 9.66438e-06 
9600 6.90897e-06 
9601 4.62163e-06 
9602 1.31806e-05 
9603 5.62864e-06 
9604 2.94439e-06 
9605 7.11522e-06 
9606 3.86004e-06 
9607 1.37704e-05 
9608 1.41136e-05 
9609 3.76151e-06 
9610 7.49616e-06 
9611 9.30032e-06 
9612 1.10743e-05 
9613 1.05326e-05 
9614 1.64607e-05 
9615 8.70497e-06 
9616 8.20448e-06 
9617 2.63112e-06 
9618 1.34019e-05 
9619 1.45509e-05 
9620 1.40581e-05 
9621 7.4591e-06 
9622 1.31814e-05 
9623 1.41687e-05 
9624 4.89967e-06 
9625 4.64565e-06 
9626 6.89039e-06 
9627 1.23885e-05 
9628 1.16639e-05 
9629 5.4691e-06 
9630 8.9508e-06 
9631 1.41709e-05 
9632 1.35573e-05 
9633 5.82249e-06 
9634 2.82462e-05 
9635 1.78026e-05 
9636 1.38368e-05 
9637 3.75941e-05 
9638 0.000141641 
9639 0.000149238 
9640 7.9837e-05 
9641 9.89999e-05 
9642 0.000322686 
9643 0.000337892 
9644 0.000392044 
9645 3.56281e-06 
9646 0.00275367 
9647 0.0180957 
9648 0.000148238 
9649 1e-06 
9650 0.000114014 
9651 0.000144333 
9652 4.44494e-05 
9653 8.45019e-06 
9654 8.41421e-06 
9655 1.49543e-05 
9656 1.97972e-05 
9657 1.34433e-05 
9658 2.31764e-05 
9659 4.93366e-05 
9660 2.98818e-06 
9661 1.19175e-05 
9662 2.16744e-06 
9663 2.13689e-05 
9664 4.26157e-06 
9665 1.56287e-06 
9666 3.22795e-06 
9667 9.63691e-06 
9668 1.75085e-05 
9669 1.43051e-06 
9670 5.57281e-06 
9671 1.37568e-06 
9672 1.74672e-06 
9673 2.87853e-06 
9674 6.64072e-06 
9675 2.34857e-06 
9676 1e-06 
9677 1e-06 
9678 2.52739e-06 
9679 1.80443e-06 
9680 3.7854e-06 
9681 1.61907e-06 
9682 1.36366e-06 
9683 3.23938e-06 
9684 1.68873e-06 
9685 2.74698e-06 
9686 1.3542e-06 
9687 2.35345e-06 
9688 1.82561e-06 
9689 1.40762e-06 
9690 1.42048e-06 
9691 1.48556e-06 
9692 2.12862e-06 
9693 2.26503e-06 
9694 2.73254e-06 
9695 3.62539e-06 
9696 3.24213e-06 
9697 1.11145e-06 
9698 1.54199e-06 
9699 2.28986e-06 
9700 2.45078e-06 
9701 3.26747e-06 
9702 2.43667e-06 
9703 2.85308e-06 
9704 2.12862e-06 
9705 2.87064e-06 
9706 4.77479e-06 
9707 2.16661e-06 
9708 7.90313e-06 
9709 6.17547e-06 
9710 2.29726e-06 
9711 3.69908e-06 
9712 6.03886e-06 
9713 1.4247e-05 
9714 3.52467e-06 
9715 3.25829e-06 
9716 5.37095e-06 
9717 3.58995e-06 
9718 4.12576e-06 
9719 3.27787e-06 
9720 3.47865e-06 
9721 4.73147e-06 
9722 6.06425e-06 
9723 5.29746e-06 
9724 9.86205e-06 
9725 4.38907e-06 
9726 7.43075e-06 
9727 2.38245e-06 
9728 3.51703e-06 
9729 3.70978e-06 
9730 4.91923e-06 
9731 4.72024e-06 
9732 6.62169e-06 
9733 7.09921e-06 
9734 6.39253e-06 
9735 3.48426e-06 
9736 6.22019e-06 
9737 1.1802e-05 
9738 7.90607e-06 
9739 6.78055e-06 
9740 5.86894e-06 
9741 2.11397e-05 
9742 6.14764e-06 
9743 1.15402e-05 
9744 4.86766e-06 
9745 7.95787e-06 
9746 1.05745e-05 
9747 6.59002e-06 
9748 1.70349e-05 
9749 3.82271e-06 
9750 4.29944e-05 
9751 5.43496e-06 
9752 9.88952e-06 
9753 1.67225e-06 
9754 4.01978e-06 
9755 1.77043e-06 
9756 3.17959e-06 
9757 5.11065e-06 
9758 1.87602e-05 
9759 3.12042e-05 
9760 1.29259e-05 
9761 1.10487e-05 
9762 1.26709e-05 
9763 1.2043e-05 
9764 3.85787e-05 
9765 0.000111699 
9766 6.6045e-05 
9767 3.01868e-05 
9768 2.41873e-05 
9769 4.8026e-05 
9770 0.000287969 
9771 0.000232624 
9772 0.000253553 
9773 0.000600055 
9774 1e-06 
9775 0.00103434 
9776 0.00192673 
9777 0.00733296 
9778 0.000297136 
9779 2.09582e-06 
9780 1e-06 
9781 9.37768e-05 
9782 5.82339e-05 
9783 3.24214e-05 
9784 4.37672e-05 
9785 1.96143e-05 
9786 1.70052e-05 
9787 1.19158e-05 
9788 1.39781e-05 
9789 1.43149e-05 
9790 1.43584e-05 
9791 2.64972e-05 
9792 1.8034e-05 
9793 2.59828e-05 
9794 1.45898e-05 
9795 2.09868e-05 
9796 2.53127e-05 
9797 2.50146e-05 
9798 3.81966e-05 
9799 5.43939e-05 
9800 2.97588e-05 
9801 3.58051e-05 
9802 4.85999e-05 
9803 3.64135e-05 
9804 7.18503e-05 
9805 0.000148963 
9806 5.46358e-05 
9807 0.00135165 
9808 1.11456e-05 
9809 0.00528946 
9810 0.00566822 
9811 0.00048656 
9812 1.96555e-06 
9813 1.75096e-05 
9814 1e-06 
9815 1.34148e-05 
9816 2.02542e-05 
9817 3.56917e-06 
9818 5.62864e-06 
9819 4.87224e-06 
9820 1.22717e-05 
9821 1.64163e-06 
9822 5.94471e-06 
9823 2.60471e-06 
9824 5.30188e-06 
9825 1.3048e-06 
9826 2.71604e-06 
9827 2.64784e-06 
9828 4.02472e-06 
9829 4.03809e-06 
9830 1.25723e-06 
9831 1.9877e-06 
9832 1.52097e-06 
9833 3.47547e-06 
9834 2.26793e-06 
9835 4.85643e-06 
9836 1.31655e-06 
9837 3.36697e-06 
9838 2.50675e-06 
9839 2.95311e-06 
9840 2.70497e-06 
9841 4.06351e-06 
9842 5.3429e-06 
9843 3.51968e-06 
9844 2.40421e-06 
9845 2.44017e-06 
9846 2.09472e-06 
9847 3.87664e-06 
9848 2.35451e-06 
9849 3.06552e-06 
9850 1.96695e-06 
9851 4.06505e-06 
9852 4.88929e-06 
9853 2.21683e-06 
9854 2.36587e-06 
9855 5.36661e-06 
9856 1.59291e-06 
9857 7.70566e-06 
9858 2.67643e-06 
9859 2.13731e-06 
9860 2.306e-06 
9861 1.97227e-06 
9862 2.38715e-06 
9863 2.6208e-06 
9864 6.05002e-06 
9865 9.60657e-06 
9866 6.70137e-06 
9867 2.98878e-06 
9868 3.93701e-06 
9869 2.93372e-06 
9870 2.60166e-06 
9871 4.58539e-06 
9872 3.30434e-06 
9873 4.60372e-06 
9874 2.94521e-06 
9875 6.88837e-06 
9876 5.57281e-06 
9877 4.44389e-06 
9878 5.58737e-06 
9879 2.13827e-06 
9880 3.62234e-06 
9881 1.08874e-05 
9882 1.64539e-05 
9883 8.61754e-06 
9884 4.80933e-06 
9885 7.49839e-06 
9886 9.12143e-06 
9887 9.27424e-06 
9888 5.38635e-06 
9889 2.36587e-06 
9890 9.43387e-06 
9891 1.09139e-05 
9892 8.00081e-06 
9893 8.83711e-06 
9894 9.45124e-06 
9895 5.12351e-06 
9896 9.36651e-06 
9897 6.14669e-06 
9898 3.21603e-05 
9899 5.95615e-06 
9900 4.67309e-06 
9901 5.80602e-06 
9902 6.14277e-06 
9903 1.43253e-05 
9904 8.75548e-06 
9905 6.47203e-06 
9906 2.7517e-05 
9907 1.05994e-05 
9908 1.81675e-05 
9909 4.44395e-05 
9910 3.52172e-05 
9911 8.38002e-05 
9912 6.54569e-05 
9913 0.000112766 
9914 0.000219791 
9915 0.000821647 
9916 5.95668e-06 
9917 0.0148359 
9918 0.00527686 
9919 0.00409301 
9920 0.0511994 
9921 0.000578467 
9922 0.0288289 
9923 0.000112327 
9924 1e-06 
9925 0.0010392 
9926 1.13414e-05 
9927 0.000203243 
9928 2.47884e-05 
9929 2.77016e-05 
9930 4.28846e-05 
9931 1.3828e-05 
9932 9.29465e-06 
9933 4.85391e-05 
9934 1.38256e-05 
9935 5.05193e-05 
9936 0.000114449 
9937 9.94726e-06 
9938 1.1824e-05 
9939 1.51779e-05 
9940 2.3876e-05 
9941 1.58674e-05 
9942 1.24086e-05 
9943 2.02214e-05 
9944 1.50923e-05 
9945 9.96735e-06 
9946 1.60606e-05 
9947 1.63143e-05 
9948 1.01683e-05 
9949 1.00042e-05 
9950 9.90109e-06 
9951 1.72327e-05 
9952 2.08001e-05 
9953 2.18222e-05 
9954 1.36654e-05 
9955 2.02743e-05 
9956 1.38698e-05 
9957 2.15611e-05 
9958 4.49794e-05 
9959 1.84087e-05 
9960 1.84962e-05 
9961 2.16269e-05 
9962 6.75218e-05 
9963 3.25632e-05 
9964 2.05025e-05 
9965 2.62839e-05 
9966 1.7521e-05 
9967 4.57416e-05 
9968 5.47606e-05 
9969 4.68985e-05 
9970 8.56095e-05 
9971 4.81787e-05 
9972 3.56641e-05 
9973 3.34543e-05 
9974 5.92157e-05 
9975 5.43298e-05 
9976 5.70367e-05 
9977 3.47098e-05 
9978 0.00010574 
9979 4.86445e-05 
9980 7.32543e-05 
9981 9.5021e-05 
9982 9.09474e-05 
9983 8.38388e-05 
9984 0.000115097 
9985 0.000180405 
9986 0.00024048 
9987 0.00027527 
9988 0.00041965 
9989 0.000338995 
9990 0.000687884 
9991 5.83592e-05 
9992 0.00173563 
9993 0.00582863 
9994 0.000106888 
9995 0.018791 
9996 0.0031323 
9997 0.193642 
9998 0.0106345 
9999 0.000877733 
10000 0.000633523 
