low_group,high_group,low_dimension,high_dimension,low_members,high_members,low_omega_hat,high_omega_hat,frequency_rel_error,overlap,minimum_overlap,fingerprint_similarity,low_dominant_m,high_dominant_m,low_ppw,high_ppw,low_wavelength_status,high_wavelength_status,low_circularity_eigs,high_circularity_eigs,circularity_error,low_condition_number_max,high_condition_number_max,low_class,high_class,low_core_status,high_core_status,equilibrium_ready,score,numerically_trackable,physical_interpretation_allowed
245,234,2,2,626;627,466;467,-0.0,-0.0,0.0,0.9999942609454253,0.9999942609454191,0.9999999848749997,0,2,160.0,192.0,RESOLVED,RESOLVED,-7.56092129736e-14;7.56092129736e-14,-3.13773967727e-13;3.13773967727e-13,2.3816475475295535e-13,29.335615430220027,68.18524782925476,real_dominant,real_dominant,RESOLVED,RESOLVED,True,0.9999965527860051,True,True
244,235,2,2,624;625,468;469,-0.0,-0.0,0.0,0.9999942609454247,0.999994260945419,0.9999999848749996,0,2,160.0,192.0,RESOLVED,RESOLVED,-6.28930184318e-14;6.28930184318e-14,-3.1615071244e-13;3.1615071244e-13,2.5325769400807526e-13,29.779967124707785,71.48562879795766,real_dominant,real_dominant,RESOLVED,RESOLVED,True,0.9999965527860047,True,True
240,192,2,2,609;611,382;384,-0.017799815338464694,-0.017805684076688616,0.00032959914365807076,0.9999999877818317,0.9999999877818316,0.9999999828390806,2,2,160.0,192.0,RESOLVED,RESOLVED,0.955112689964;0.955112689964,0.95516693204;0.95516693204,5.4242076086952196e-05,1.0547767137333541,4.415724765656632,oscillatory,oscillatory,RESOLVED,RESOLVED,True,0.9999505485073205,True,True
241,193,2,2,610;612,383;385,0.017799815338464694,0.017805684076688616,0.00032959914365807076,0.9999999877818317,0.9999999877818316,0.9999999828390806,2,2,160.0,192.0,RESOLVED,RESOLVED,-0.955112689964;-0.955112689964,-0.95516693204;-0.95516693204,5.4242076086952196e-05,1.0547767137333541,4.415724765656632,oscillatory,oscillatory,RESOLVED,RESOLVED,True,0.9999505485073205,True,True
222,208,2,2,540;542,416;418,-0.033844167577012564,-0.03386340157945742,0.0005679879028020104,0.9999999717940053,0.9999999717940051,0.9999999817059883,3,3,106.66666666666667,128.0,RESOLVED,RESOLVED,0.985708253445;0.985708253445,0.985739999886;0.985739999886,3.174644165881979e-05,5.14532108811249,1.0181806688063983,oscillatory,oscillatory,RESOLVED,RESOLVED,True,0.99991478031748,True,True
223,209,2,2,541;543,417;419,0.033844167577012564,0.03386340157945742,0.0005679879028020104,0.9999999717940053,0.9999999717940051,0.9999999817059883,3,3,106.66666666666667,128.0,RESOLVED,RESOLVED,-0.985708253445;-0.985708253445,-0.985739999886;-0.985739999886,3.174644165881979e-05,5.14532108811249,1.0181806688063983,oscillatory,oscillatory,RESOLVED,RESOLVED,True,0.99991478031748,True,True
220,204,2,2,532;534,408;410,-0.050192323267406115,-0.05024055985873905,0.000960112535938289,0.9999999378406381,0.9999999378406377,0.9999999779161147,4,4,80.0,96.0,RESOLVED,RESOLVED,0.992984288515;0.992984288515,0.99300909063;0.99300909063,2.4802114797828345e-05,9.375183116976151,3.3967418992328136,oscillatory,oscillatory,RESOLVED,RESOLVED,True,0.9998559403030207,True,True
221,205,2,2,533;535,409;411,0.050192323267406115,0.05024055985873905,0.000960112535938289,0.9999999378406381,0.9999999378406377,0.9999999779161147,4,4,80.0,96.0,RESOLVED,RESOLVED,-0.992984288515;-0.992984288515,-0.99300909063;-0.99300909063,2.4802114797828345e-05,9.375183116976151,3.3967418992328136,oscillatory,oscillatory,RESOLVED,RESOLVED,True,0.9998559403030207,True,True
226,184,2,2,548;550,368;370,-0.06590780302607387,-0.06600761188481358,0.001512081044741925,0.9999998750396258,0.9999998750396256,0.9999999718172705,5,5,64.0,76.8,RESOLVED,RESOLVED,0.995701927142;0.995701927142,0.995724077158;0.995724077158,2.2150015435262738e-05,1.7588915437360015,3.418533205826409,oscillatory,oscillatory,RESOLVED,RESOLVED,True,0.9997731058213819,True,True
227,185,2,2,549;551,369;371,0.06590780302607387,0.06600761188481358,0.001512081044741925,0.9999998750396258,0.9999998750396256,0.9999999718172705,5,5,64.0,76.8,RESOLVED,RESOLVED,-0.995701927142;-0.995701927142,-0.995724077158;-0.995724077158,2.2150015435262738e-05,1.7588915437360015,3.418533205826409,oscillatory,oscillatory,RESOLVED,RESOLVED,True,0.9997731058213819,True,True
204,176,2,2,496;536,352;354,-0.08028451024534244,-0.08046525230493656,0.002246212550346158,0.9999997689390692,0.9999997689390691,0.9999999627669041,6,6,53.333333333333336,64.0,RESOLVED,RESOLVED,0.996975546133;0.996975546133,0.99699703873;0.99699703873,2.1492596237293604e-05,1.0056836753398255,1.0091946463382748,oscillatory,oscillatory,RESOLVED,RESOLVED,True,0.9996629201726155,True,True
205,177,2,2,497;537,353;355,0.08028451024534244,0.08046525230493656,0.002246212550346158,0.9999997689390692,0.9999997689390691,0.9999999627669041,6,6,53.333333333333336,64.0,RESOLVED,RESOLVED,-0.996975546133;-0.996975546133,-0.99699703873;-0.99699703873,2.1492596237293604e-05,1.0056836753398255,1.0091946463382748,oscillatory,oscillatory,RESOLVED,RESOLVED,True,0.9996629201726155,True,True
208,182,2,2,502;538,364;366,-0.09281639919786905,-0.09311375887911791,0.003193509582562276,0.9999996016663593,0.9999996016663589,0.9999999494052138,7,7,45.714285714285715,54.857142857142854,RESOLVED,RESOLVED,0.997654754066;0.997654754066,0.99767690374;0.99767690374,2.214967313629579e-05,14.664572799228756,25.099559070761828,oscillatory,oscillatory,RESOLVED,RESOLVED,True,0.9995207219137346,True,True
209,183,2,2,503;539,365;367,0.09281639919786905,0.09311375887911791,0.003193509582562276,0.9999996016663593,0.9999996016663589,0.9999999494052138,7,7,45.714285714285715,54.857142857142854,RESOLVED,RESOLVED,-0.997654754066;-0.997654754066,-0.99767690374;-0.99767690374,2.214967313629579e-05,14.664572799228756,25.099559070761828,oscillatory,oscillatory,RESOLVED,RESOLVED,True,0.9995207219137346,True,True
235,170,2,2,594;596,340;342,-0.10314726832745105,-0.10360259484805516,0.004394933556171024,0.9999993518164516,0.9999993518164514,0.9999999293735875,8,8,40.0,48.0,RESOLVED,RESOLVED,0.998042326153;0.998042326153,0.998066291242;0.998066291242,2.3965088613242536e-05,12.09862070199364,1.6801399662033056,oscillatory,oscillatory,RESOLVED,RESOLVED,True,0.9993403533998422,True,True
236,171,2,2,595;597,341;343,0.10314726832745105,0.10360259484805516,0.004394933556171024,0.9999993518164516,0.9999993518164514,0.9999999293735875,8,8,40.0,48.0,RESOLVED,RESOLVED,-0.998042326153;-0.998042326153,-0.998066291242;-0.998066291242,2.3965088613242536e-05,12.09862070199364,1.6801399662033056,oscillatory,oscillatory,RESOLVED,RESOLVED,True,0.9993403533998422,True,True
231,166,2,2,586;588,332;334,-0.1110335914165803,-0.11169312918478971,0.00590490903982333,0.9999989942186142,0.999998994218614,0.9999998986027093,9,9,35.55555555555556,42.666666666666664,RESOLVED,RESOLVED,0.998265389591;0.998265389591,0.998292448446;0.998292448446,2.7058855019079786e-05,7.078531031544207,16.793914583345664,oscillatory,oscillatory,RESOLVED,RESOLVED,True,0.9991136348258723,True,True
232,167,2,2,587;589,333;335,0.1110335914165803,0.11169312918478971,0.00590490903982333,0.9999989942186142,0.999998994218614,0.9999998986027093,9,9,35.55555555555556,42.666666666666664,RESOLVED,RESOLVED,-0.998265389591;-0.998265389591,-0.998292448446;-0.998292448446,2.7058855019079786e-05,7.078531031544207,16.793914583345664,oscillatory,oscillatory,RESOLVED,RESOLVED,True,0.9991136348258723,True,True
218,198,2,2,528;530,396;398,-0.11631796645422054,-0.11723202953258505,0.007797042173618992,0.9999984995056075,0.9999984995056072,0.9999998498625573,10,10,32.0,38.4,RESOLVED,RESOLVED,0.998382437192;0.998382437192,0.998414235097;0.998414235097,3.179790473806232e-05,3.159988072804086,6.41802816682138,oscillatory,oscillatory,RESOLVED,RESOLVED,True,0.998829505842961,True,True
219,199,2,2,529;531,397;399,0.11631796645422054,0.11723202953258505,0.007797042173618992,0.9999984995056075,0.9999984995056072,0.9999998498625573,10,10,32.0,38.4,RESOLVED,RESOLVED,-0.998382437192;-0.998382437192,-0.998414235097;-0.998414235097,3.179790473806232e-05,3.159988072804086,6.41802816682138,oscillatory,oscillatory,RESOLVED,RESOLVED,True,0.998829505842961,True,True
202,164,2,2,492;494,328;330,-0.11890974989916951,-0.12013188061493643,0.010173242186095933,0.9999978332732224,0.9999978332732223,0.999999769749895,11,11,29.09090909090909,34.90909090909091,RESOLVED,RESOLVED,0.998420228665;0.998420228665,0.998459110171;0.998459110171,3.888150599118401e-05,1.0898416750200015,23.120750234714578,oscillatory,oscillatory,RESOLVED,RESOLVED,True,0.9984726560734928,True,True
203,165,2,2,493;495,329;331,0.11890974989916951,0.12013188061493643,0.010173242186095933,0.9999978332732224,0.9999978332732223,0.999999769749895,11,11,29.09090909090909,34.90909090909091,RESOLVED,RESOLVED,-0.998420228665;-0.998420228665,-0.998459110171;-0.998459110171,3.888150599118401e-05,1.0898416750200015,23.120750234714578,oscillatory,oscillatory,RESOLVED,RESOLVED,True,0.9984726560734928,True,True
200,162,2,2,488;490,324;326,-0.11877053549208776,-0.12035667829868028,0.013178685462358104,0.9999969543087165,0.9999969543087165,0.9999996320758311,12,12,26.666666666666668,32.0,RESOLVED,RESOLVED,0.998387541758;0.998387541758,0.998437107063;0.998437107063,4.9565305872412146e-05,6.458132074459468,2.5381841797354756,oscillatory,oscillatory,RESOLVED,RESOLVED,True,0.998021277784834,True,True
201,163,2,2,489;491,325;327,0.11877053549208776,0.12035667829868028,0.013178685462358104,0.9999969543087165,0.9999969543087165,0.9999996320758311,12,12,26.666666666666668,32.0,RESOLVED,RESOLVED,-0.998387541758;-0.998387541758,-0.998437107063;-0.998437107063,4.9565305872412146e-05,6.458132074459468,2.5381841797354756,oscillatory,oscillatory,RESOLVED,RESOLVED,True,0.998021277784834,True,True
206,202,2,2,498;500,404;406,-0.1159029697176045,-0.11791068757693887,0.017027445947376884,0.9999958105214346,0.9999958105214344,0.9999993822831856,13,13,24.615384615384617,29.53846153846154,RESOLVED,RESOLVED,0.998279239959;0.998279239959,0.998345392949;0.998345392949,6.615298961087923e-05,3.7287636802676065,1.015250586830851,oscillatory,oscillatory,RESOLVED,RESOLVED,True,0.9974432149915505,True,True
207,203,2,2,499;501,405;407,0.1159029697176045,0.11791068757693887,0.017027445947376884,0.9999958105214346,0.9999958105214344,0.9999993822831856,13,13,24.615384615384617,29.53846153846154,RESOLVED,RESOLVED,-0.998279239959;-0.998279239959,-0.998345392949;-0.998345392949,6.615298961087923e-05,3.7287636802676065,1.015250586830851,oscillatory,oscillatory,RESOLVED,RESOLVED,True,0.9974432149915505,True,True
210,168,2,2,504;506,336;338,-0.11034190132082926,-0.11282966517603582,0.02204884549932122,0.9999943286481137,0.9999943286481136,0.9999988973624103,14,14,22.857142857142858,27.428571428571427,RESOLVED,RESOLVED,0.998074045168;0.998074045168,0.998167154874;0.998167154874,9.310970611642322e-05,2.2420961459470625,7.664724863813246,oscillatory,oscillatory,RESOLVED,RESOLVED,True,0.9966889947045726,True,True
211,169,2,2,505;507,337;339,0.11034190132082926,0.11282966517603582,0.02204884549932122,0.9999943286481137,0.9999943286481136,0.9999988973624103,14,14,22.857142857142858,27.428571428571427,RESOLVED,RESOLVED,-0.998074045168;-0.998074045168,-0.998167154874;-0.998167154874,9.310970611642322e-05,2.2420961459470625,7.664724863813246,oscillatory,oscillatory,RESOLVED,RESOLVED,True,0.9966889947045726,True,True
237,172,2,2,598;600,344;346,-0.10214713250712881,-0.10517373297931422,0.028777151732179002,0.9999923850661191,0.9999923850661191,0.9999978707888686,15,15,21.333333333333332,25.6,RESOLVED,RESOLVED,0.997724079545;0.997724079545,0.997863885601;0.997863885601,0.0001398060554000935,2.5154650434260306,1.7895660130277977,oscillatory,oscillatory,RESOLVED,RESOLVED,True,0.9956783259770617,True,True
238,173,2,2,599;601,345;347,0.10214713250712881,0.10517373297931422,0.028777151732179002,0.9999923850661191,0.9999923850661191,0.9999978707888686,15,15,21.333333333333332,25.6,RESOLVED,RESOLVED,-0.997724079545;-0.997724079545,-0.997863885601;-0.997863885601,0.0001398060554000935,2.5154650434260306,1.7895660130277977,oscillatory,oscillatory,RESOLVED,RESOLVED,True,0.9956783259770617,True,True
224,188,2,2,544;546,376;378,-0.09139709556702799,-0.09502128796661698,0.03814084693171331,0.9999897103722606,0.9999897103722599,0.9999954320284894,16,16,20.0,24.0,RESOLVED,RESOLVED,0.997125963654;0.997125963654,0.99735410106;0.99735410106,0.00022813740681015826,1.0145627408690128,87.52238120700727,oscillatory,oscillatory,RESOLVED,RESOLVED,True,0.9942715571907216,True,True
225,189,2,2,545;547,377;379,0.09139709556702799,0.09502128796661698,0.03814084693171331,0.9999897103722606,0.9999897103722599,0.9999954320284894,16,16,20.0,24.0,RESOLVED,RESOLVED,-0.997125963654;-0.997125963654,-0.99735410106;-0.99735410106,0.00022813740681015826,1.0145627408690128,87.52238120700727,oscillatory,oscillatory,RESOLVED,RESOLVED,True,0.9942715571907216,True,True
12,14,2,2,20;22,16;18,-1.1558385333618888,-1.1177228569284314,0.03297664451676794,0.9983763836536433,0.9983763836536427,0.9999999792883915,56,56,5.714285714285714,6.857142857142857,UNDERRESOLVED,UNDERRESOLVED,-0.999980687156;-0.999980687156,-0.999979316286;-0.999979316286,1.3708704884596301e-06,1.6085368667020263,570.4404134335834,oscillatory,oscillatory,RESOLVED,RESOLVED,True,0.9940793283367687,True,False
13,15,2,2,21;23,17;19,1.1558385333618888,1.1177228569284314,0.03297664451676794,0.9983763836536433,0.9983763836536427,0.9999999792883915,56,56,5.714285714285714,6.857142857142857,UNDERRESOLVED,UNDERRESOLVED,0.999980687156;0.999980687156,0.999979316286;0.999979316286,1.3708704884596301e-06,1.6085368667020263,570.4404134335834,oscillatory,oscillatory,RESOLVED,RESOLVED,True,0.9940793283367687,True,False
10,12,2,2,12;14,12;14,-1.1847460547143052,-1.146294585765653,0.03245545220061908,0.9982434882691117,0.9982434882691116,0.9999999808715471,57,57,5.614035087719298,6.7368421052631575,UNDERRESOLVED,UNDERRESOLVED,-0.999981641724;-0.999981641724,-0.999980357716;-0.999980357716,1.2840078339459993e-06,2.211424868979557,1.000076728095084,oscillatory,oscillatory,RESOLVED,RESOLVED,True,0.9940777703492608,True,False
11,13,2,2,13;15,13;15,1.1847460547143052,1.146294585765653,0.03245545220061908,0.9982434882691117,0.9982434882691116,0.9999999808715471,57,57,5.614035087719298,6.7368421052631575,UNDERRESOLVED,UNDERRESOLVED,0.999981641724;0.999981641724,0.999980357716;0.999980357716,1.2840078339459993e-06,2.211424868979557,1.000076728095084,oscillatory,oscillatory,RESOLVED,RESOLVED,True,0.9940777703492608,True,False
18,4,2,2,32;34,4;88,-1.126288207779579,-1.088550897429253,0.033505909135569605,0.9985009408055485,0.998500940805548,0.9999999775236668,55,55,5.818181818181818,6.9818181818181815,UNDERRESOLVED,UNDERRESOLVED,-0.999979634357;-0.999979634357,-0.999978167332;-0.999978167332,1.4670247358017363e-06,328.6935102959555,1.0000639963225333,oscillatory,oscillatory,RESOLVED,RESOLVED,True,0.9940746724939102,True,False
19,5,2,2,33;35,5;89,1.126288207779579,1.088550897429253,0.033505909135569605,0.9985009408055485,0.998500940805548,0.9999999775236668,55,55,5.818181818181818,6.9818181818181815,UNDERRESOLVED,UNDERRESOLVED,0.999979634357;0.999979634357,0.999978167332;0.999978167332,1.4670247358017363e-06,328.6935102959555,1.0000639963225333,oscillatory,oscillatory,RESOLVED,RESOLVED,True,0.9940746724939102,True,False
6,0,2,2,6;18,0;90,-1.2130024989274921,-1.174257465571405,0.03194142913171614,0.9981018070347789,0.9981018070347787,0.999999982297009,58,58,5.517241379310345,6.620689655172414,UNDERRESOLVED,UNDERRESOLVED,-0.999982509546;-0.999982509546,-0.999981304274;-0.999981304274,1.205272295523585e-06,133.20795702678708,174.16990994241363,oscillatory,oscillatory,RESOLVED,RESOLVED,True,0.9940698654253621,True,False
7,1,2,2,7;19,1;91,1.2130024989274921,1.174257465571405,0.03194142913171614,0.9981018070347789,0.9981018070347787,0.999999982297009,58,58,5.517241379310345,6.620689655172414,UNDERRESOLVED,UNDERRESOLVED,0.999982509546;0.999982509546,0.999981304274;0.999981304274,1.205272295523585e-06,133.20795702678708,174.16990994241363,oscillatory,oscillatory,RESOLVED,RESOLVED,True,0.9940698654253621,True,False
20,20,2,2,36;38,28;30,-1.0961054116772795,-1.0587892697875458,0.0340443003858835,0.9986175881617148,0.9986175881617144,0.9999999755488788,54,54,5.925925925925926,7.111111111111111,UNDERRESOLVED,UNDERRESOLVED,-0.999978469904;-0.999978469904,-0.999976896057;-0.999976896057,1.5738468959192176e-06,1.006578424740964,1.0021454380499988,oscillatory,oscillatory,RESOLVED,RESOLVED,True,0.9940639017263659,True,False
21,21,2,2,37;39,29;31,1.0961054116772795,1.0587892697875458,0.0340443003858835,0.9986175881617148,0.9986175881617144,0.9999999755488788,54,54,5.925925925925926,7.111111111111111,UNDERRESOLVED,UNDERRESOLVED,0.999978469904;0.999978469904,0.999976896057;0.999976896057,1.5738468959192176e-06,1.006578424740964,1.0021454380499988,oscillatory,oscillatory,RESOLVED,RESOLVED,True,0.9940639017263659,True,False
8,2,2,2,8;10,2;92,-1.2406015237986259,-1.2016046998300047,0.031433803054840705,0.9979508723917815,0.9979508723917812,0.9999999835848932,59,59,5.423728813559322,6.508474576271187,UNDERRESOLVED,UNDERRESOLVED,-0.9999833005;-0.9999833005,-0.999982166826;-0.999982166826,1.1336737524292317e-06,13.317894814733602,24.902347601480034,oscillatory,oscillatory,RESOLVED,RESOLVED,True,0.9940554488730661,True,False
9,3,2,2,9;11,3;93,1.2406015237986259,1.2016046998300047,0.031433803054840705,0.9979508723917815,0.9979508723917812,0.9999999835848932,59,59,5.423728813559322,6.508474576271187,UNDERRESOLVED,UNDERRESOLVED,0.9999833005;0.9999833005,0.999982166826;0.999982166826,1.1336737524292317e-06,13.317894814733602,24.902347601480034,oscillatory,oscillatory,RESOLVED,RESOLVED,True,0.9940554488730661,True,False
26,10,2,2,46;50,10;102,-1.0653026738799116,-1.028450607168418,0.03459304816843805,0.9987267357151735,0.9987267357151732,0.9999999733298256,53,53,6.037735849056604,7.245283018867925,UNDERRESOLVED,UNDERRESOLVED,-0.999977178046;-0.999977178046,-0.999975485074;-0.999975485074,1.6929722075342823e-06,92.59036309846609,2.6842909970937323,oscillatory,oscillatory,RESOLVED,RESOLVED,True,0.9940470775362947,True,False
27,11,2,2,47;51,11;103,1.0653026738799116,1.028450607168418,0.03459304816843805,0.9987267357151735,0.9987267357151732,0.9999999733298256,53,53,6.037735849056604,7.245283018867925,UNDERRESOLVED,UNDERRESOLVED,0.999977178046;0.999977178046,0.999975485074;0.999975485074,1.6929722075342823e-06,92.59036309846609,2.6842909970937323,oscillatory,oscillatory,RESOLVED,RESOLVED,True,0.9940470775362947,True,False
4,16,2,2,4;16,20;22,-1.2675385921042437,-1.2283311958900804,0.030931915176700835,0.9977901960528637,0.9977901960528629,0.9999999847522323,60,60,5.333333333333333,6.4,UNDERRESOLVED,UNDERRESOLVED,-0.999984023111;-0.999984023111,-0.999982954745;-0.999982954745,1.068366398238041e-06,39.39600813092832,16.60080541534335,oscillatory,oscillatory,RESOLVED,RESOLVED,True,0.9940343265432711,True,False
5,17,2,2,5;17,21;23,1.2675385921042437,1.2283311958900804,0.030931915176700835,0.9977901960528637,0.9977901960528629,0.9999999847522323,60,60,5.333333333333333,6.4,UNDERRESOLVED,UNDERRESOLVED,0.999984023111;0.999984023111,0.999982954745;0.999982954745,1.068366398238041e-06,39.39600813092832,16.60080541534335,oscillatory,oscillatory,RESOLVED,RESOLVED,True,0.9940343265432711,True,False
24,24,2,2,44;58,36;38,-1.033894856669944,-0.9975497439299668,0.035153586948909535,0.998828775726931,0.9988287757269307,0.9999999708252004,52,52,6.153846153846154,7.384615384615385,UNDERRESOLVED,UNDERRESOLVED,-0.999975740209;-0.999975740209,-0.999973913855;-0.999973913855,1.8263543698493478e-06,1.0005908744240688,6.08741055517162,oscillatory,oscillatory,RESOLVED,RESOLVED,True,0.9940242201001223,True,False
25,25,2,2,45;59,37;39,1.033894856669944,0.9975497439299668,0.035153586948909535,0.998828775726931,0.9988287757269307,0.9999999708252004,52,52,6.153846153846154,7.384615384615385,UNDERRESOLVED,UNDERRESOLVED,0.999975740209;0.999975740209,0.999973913855;0.999973913855,1.8263543698493478e-06,1.0005908744240688,6.08741055517162,oscillatory,oscillatory,RESOLVED,RESOLVED,True,0.9940242201001223,True,False
16,22,2,2,26;28,32;34,-1.2938108503464392,-1.2544334513531292,0.03043520541102753,0.9976192681900816,0.9976192681900804,0.9999999858135217,61,61,5.245901639344262,6.295081967213115,UNDERRESOLVED,UNDERRESOLVED,-0.999984684766;-0.999984684766,-0.999983676142;-0.999983676142,1.0086245145757289e-06,1.0005719527337884,1.0000241411899955,oscillatory,oscillatory,RESOLVED,RESOLVED,True,0.9940062765557752,True,False
17,23,2,2,27;29,33;35,1.2938108503464392,1.2544334513531292,0.03043520541102753,0.9976192681900816,0.9976192681900804,0.9999999858135217,61,61,5.245901639344262,6.295081967213115,UNDERRESOLVED,UNDERRESOLVED,0.999984684766;0.999984684766,0.999983676142;0.999983676142,1.0086245145757289e-06,1.0005719527337884,1.0000241411899955,oscillatory,oscillatory,RESOLVED,RESOLVED,True,0.9940062765557752,True,False
32,28,2,2,60;62,42;44,-1.001899297914413,-0.9661038500275995,0.035727590548597525,0.9989240834135905,0.9989240834135903,0.9999999679847901,51,51,6.2745098039215685,7.529411764705882,UNDERRESOLVED,UNDERRESOLVED,-0.999974134375;-0.999974134375,-0.999972158033;-0.999972158033,1.976341418630234e-06,35.696458343923396,4.66592730832304,oscillatory,oscillatory,RESOLVED,RESOLVED,True,0.9939953034620621,True,False
33,29,2,2,61;63,43;45,1.001899297914413,0.9661038500275995,0.035727590548597525,0.9989240834135905,0.9989240834135903,0.9999999679847901,51,51,6.2745098039215685,7.529411764705882,UNDERRESOLVED,UNDERRESOLVED,0.999974134375;0.999974134375,0.999972158033;0.999972158033,1.976341418630234e-06,35.696458343923396,4.66592730832304,oscillatory,oscillatory,RESOLVED,RESOLVED,True,0.9939953034620621,True,False
14,18,2,2,24;30,24;26,-1.3194170120436597,-1.279909444879929,0.02994319976406627,0.9974375565966924,0.9974375565966904,0.9999999867811515,62,62,5.161290322580645,6.193548387096774,UNDERRESOLVED,UNDERRESOLVED,-0.999985291892;-0.999985291892,-0.99998433807;-0.99998433807,9.538228098460166e-07,88.12606311355768,6.635082110702041,oscillatory,oscillatory,RESOLVED,RESOLVED,True,0.9939710506886934,True,False
15,19,2,2,25;31,25;27,1.3194170120436597,1.279909444879929,0.02994319976406627,0.9974375565966924,0.9974375565966904,0.9999999867811515,62,62,5.161290322580645,6.193548387096774,UNDERRESOLVED,UNDERRESOLVED,0.999985291892;0.999985291892,0.99998433807;0.99998433807,9.538228098460166e-07,88.12606311355768,6.635082110702041,oscillatory,oscillatory,RESOLVED,RESOLVED,True,0.9939710506886934,True,False
36,30,2,2,68;70,46;48,-0.9693359566743909,-0.9341325690272878,0.036317014142216796,0.9990130176111693,0.999013017611169,0.9999999647471272,50,50,6.4,7.68,UNDERRESOLVED,UNDERRESOLVED,-0.9999723343;-0.9999723343,-0.999970188527;-0.999970188527,2.1457731657070767e-06,156.46386403462313,35.70015772759679,oscillatory,oscillatory,RESOLVED,RESOLVED,True,0.9939602496321509,True,False
37,31,2,2,69;71,47;49,0.9693359566743909,0.9341325690272878,0.036317014142216796,0.9990130176111693,0.999013017611169,0.9999999647471272,50,50,6.4,7.68,UNDERRESOLVED,UNDERRESOLVED,0.9999723343;0.9999723343,0.999970188527;0.999970188527,2.1457731657070767e-06,156.46386403462313,35.70015772759679,oscillatory,oscillatory,RESOLVED,RESOLVED,True,0.9939602496321509,True,False
0,8,2,2,0;98,8;106,-1.368633066808794,-1.328981341908333,0.028971771807995216,0.9971610637997061,0.9958776342036093,0.9999999884765196,64,64,5.0,6.0,UNDERRESOLVED,UNDERRESOLVED,-0.999986364297;-0.999986364297,-0.999985507349;-0.999985507349,8.569475884456779e-07,2454.0374617473776,1.0000628453871268,oscillatory,oscillatory,RESOLVED,RESOLVED,True,0.9939508696277544,True,False
1,9,2,2,1;99,9;107,1.368633066808794,1.328981341908333,0.028971771807995216,0.9971610637997061,0.9958776342036093,0.9999999884765196,64,64,5.0,6.0,UNDERRESOLVED,UNDERRESOLVED,0.999986364297;0.999986364297,0.999985507349;0.999985507349,8.569475884456779e-07,2454.0374617473776,1.0000628453871268,oscillatory,oscillatory,RESOLVED,RESOLVED,True,0.9939508696277544,True,False
2,6,2,2,2;96,6;104,-1.3443572456061204,-1.3047585314278947,0.02945549950182489,0.9972445058230063,0.9972445058230013,0.9999999876657599,63,63,5.079365079365079,6.095238095238095,UNDERRESOLVED,UNDERRESOLVED,-0.999985850098;-0.999985850098,-0.999984946678;-0.999984946678,9.034203859448198e-07,32.82239526753448,19.15933285333397,oscillatory,oscillatory,RESOLVED,RESOLVED,True,0.9939283754849699,True,False
3,7,2,2,3;97,7;105,1.3443572456061204,1.3047585314278947,0.02945549950182489,0.9972445058230063,0.9972445058230013,0.9999999876657599,63,63,5.079365079365079,6.095238095238095,UNDERRESOLVED,UNDERRESOLVED,0.999985850098;0.999985850098,0.999984946678;0.999984946678,9.034203859448198e-07,32.82239526753448,19.15933285333397,oscillatory,oscillatory,RESOLVED,RESOLVED,True,0.9939283754849699,True,False
40,34,2,2,74;76,54;56,-0.9362275619287668,-0.9016581594194568,0.03692414527734258,0.9990959214155303,0.99909592141553,0.9999999610364049,49,49,6.530612244897959,7.836734693877551,UNDERRESOLVED,UNDERRESOLVED,-0.999970308528;-0.999970308528,-0.99996797042;-0.99996797042,2.33810740501994e-06,20.051130169124395,18.05299701332954,oscillatory,oscillatory,RESOLVED,RESOLVED,True,0.993918921316818,True,False
41,35,2,2,75;77,55;57,0.9362275619287668,0.9016581594194568,0.03692414527734258,0.9990959214155303,0.99909592141553,0.9999999610364049,49,49,6.530612244897959,7.836734693877551,UNDERRESOLVED,UNDERRESOLVED,0.999970308528;0.999970308528,0.99996797042;0.99996797042,2.33810740501994e-06,20.051130169124395,18.05299701332954,oscillatory,oscillatory,RESOLVED,RESOLVED,True,0.993918921316818,True,False
42,36,2,2,78;80,60;62,-0.9025997639698653,-0.8687056388557622,0.03755166627235534,0.9991731227998437,0.9991731227998435,0.9999999567583819,48,48,6.666666666666667,8.0,UNDERRESOLVED,DIAGNOSTIC,-0.999968019113;-0.999968019113,-0.999965461528;-0.999965461528,2.5575848591197214e-06,21.8040818499446,1.4290560559310261,oscillatory,oscillatory,RESOLVED,RESOLVED,True,0.9938711129286484,True,False
43,37,2,2,79;81,61;63,0.9025997639698653,0.8687056388557622,0.03755166627235534,0.9991731227998437,0.9991731227998435,0.9999999567583819,48,48,6.666666666666667,8.0,UNDERRESOLVED,DIAGNOSTIC,0.999968019113;0.999968019113,0.999965461528;0.999965461528,2.5575848591197214e-06,21.8040818499446,1.4290560559310261,oscillatory,oscillatory,RESOLVED,RESOLVED,True,0.9938711129286484,True,False
22,26,2,2,40;42,40;50,-1.3922472358512263,-1.352579687232649,0.028491741694372557,0.9968220433535679,0.9968220433535613,0.9999999892213687,65,65,4.923076923076923,5.907692307692308,UNDERRESOLVED,UNDERRESOLVED,-0.999986838805;-0.999986838805,-0.99998602481;-0.99998602481,8.139951583885363e-07,1.0016637868283593,8.195507074892618,oscillatory,oscillatory,RESOLVED,RESOLVED,True,0.993819462063327,True,False
23,27,2,2,41;43,41;51,1.3922472358512263,1.352579687232649,0.028491741694372557,0.9968220433535679,0.9968220433535613,0.9999999892213687,65,65,4.923076923076923,5.907692307692308,UNDERRESOLVED,UNDERRESOLVED,0.999986838805;0.999986838805,0.99998602481;0.99998602481,8.139951583885363e-07,1.0016637868283593,8.195507074892618,oscillatory,oscillatory,RESOLVED,RESOLVED,True,0.993819462063327,True,False
44,42,2,2,82;84,72;74,-0.8684812879437491,-0.8353029308527721,0.03820273107959686,0.9992449352094704,0.9992449352094702,0.9999999517948899,47,47,6.808510638297872,8.170212765957446,UNDERRESOLVED,DIAGNOSTIC,-0.999965419983;-0.999965419983,-0.999962610536;-0.999962610536,2.8094468074169043e-06,1.0178740673606628,4.270776026098661,oscillatory,oscillatory,RESOLVED,RESOLVED,True,0.9938165394124652,True,False
45,43,2,2,83;85,73;75,0.8684812879437491,0.8353029308527721,0.03820273107959686,0.9992449352094704,0.9992449352094702,0.9999999517948899,47,47,6.808510638297872,8.170212765957446,UNDERRESOLVED,DIAGNOSTIC,0.999965419983;0.999965419983,0.999962610536;0.999962610536,2.8094468074169043e-06,1.0178740673606628,4.270776026098661,oscillatory,oscillatory,RESOLVED,RESOLVED,True,0.9938165394124652,True,False
62,44,2,2,110;112,76;78,-0.8339040889126771,-0.8014810134167097,0.03888106069637287,0.9993116581346264,0.9993116581346261,0.9999999459963824,46,46,6.956521739130435,8.347826086956522,UNDERRESOLVED,DIAGNOSTIC,-0.9999624548;-0.9999624548,-0.999959354575;-0.999959354575,3.100225257068878e-06,1.7619981302960672,1.917074932564695,oscillatory,oscillatory,RESOLVED,RESOLVED,True,0.9937548222754156,True,False
63,45,2,2,111;113,77;79,0.8339040889126771,0.8014810134167097,0.03888106069637287,0.9993116581346264,0.9993116581346261,0.9999999459963824,46,46,6.956521739130435,8.347826086956522,UNDERRESOLVED,DIAGNOSTIC,0.9999624548;0.9999624548,0.999959354575;0.999959354575,3.100225257068878e-06,1.7619981302960672,1.917074932564695,oscillatory,oscillatory,RESOLVED,RESOLVED,True,0.9937548222754156,True,False
28,40,2,2,48;52,68;70,-1.415203658972698,-1.3755564666985753,0.028015184968432503,0.9965913964006332,0.996591396400631,0.9999999899072035,66,66,4.848484848484849,5.818181818181818,UNDERRESOLVED,UNDERRESOLVED,-0.999987277426;-0.999987277426,-0.999986503221;-0.999986503221,7.742052550163692e-07,8.560496679970623,3.5319517301836685,oscillatory,oscillatory,RESOLVED,RESOLVED,True,0.9937525575719159,True,False
29,41,2,2,49;53,69;71,1.415203658972698,1.3755564666985753,0.028015184968432503,0.9965913964006332,0.996591396400631,0.9999999899072035,66,66,4.848484848484849,5.818181818181818,UNDERRESOLVED,UNDERRESOLVED,0.999987277426;0.999987277426,0.999986503221;0.999986503221,7.742052550163692e-07,8.560496679970623,3.5319517301836685,oscillatory,oscillatory,RESOLVED,RESOLVED,True,0.9937525575719159,True,False
66,46,2,2,122;146,80;82,-0.7989035077088387,-0.767274068940998,0.039591062578445975,0.9993735776611163,0.9993735776611159,0.9999999391717026,45,45,7.111111111111111,8.533333333333333,UNDERRESOLVED,DIAGNOSTIC,-0.999959054148;-0.999959054148,-0.999955616014;-0.999955616014,3.438134113076252e-06,1.0004344606092734,1.7406199864742686,oscillatory,oscillatory,RESOLVED,RESOLVED,True,0.9936854720028284,True,False
67,47,2,2,123;147,81;83,0.7989035077088387,0.767274068940998,0.039591062578445975,0.9993735776611163,0.9993735776611159,0.9999999391717026,45,45,7.111111111111111,8.533333333333333,UNDERRESOLVED,DIAGNOSTIC,0.999959054148;0.999959054148,0.999955616014;0.999955616014,3.438134113076252e-06,1.0004344606092734,1.7406199864742686,oscillatory,oscillatory,RESOLVED,RESOLVED,True,0.9936854720028284,True,False
30,32,2,2,54;56,52;58,-1.4375072945735308,-1.3979155806529198,0.02754192209671997,0.9963469378420031,0.9963469378420011,0.9999999905400383,67,67,4.776119402985074,5.731343283582089,UNDERRESOLVED,UNDERRESOLVED,-0.999987683524;-0.999987683524,-0.99998694626;-0.99998694626,7.372639785341306e-07,9.079044458928978,1.0455966909148389,oscillatory,oscillatory,RESOLVED,RESOLVED,True,0.9936768720257034,True,False
31,33,2,2,55;57,53;59,1.4375072945735308,1.3979155806529198,0.02754192209671997,0.9963469378420031,0.9963469378420011,0.9999999905400383,67,67,4.776119402985074,5.731343283582089,UNDERRESOLVED,UNDERRESOLVED,0.999987683524;0.999987683524,0.99998694626;0.99998694626,7.372639785341306e-07,9.079044458928978,1.0455966909148389,oscillatory,oscillatory,RESOLVED,RESOLVED,True,0.9936768720257034,True,False
76,48,2,2,144;162,84;126,-0.7635184267252066,-0.7327196346112864,0.04033798142373425,0.9994309669993189,0.9994309669993183,0.999999931073851,44,44,7.2727272727272725,8.727272727272727,UNDERRESOLVED,DIAGNOSTIC,-0.999955131787;-0.999955131787,-0.999951298184;-0.999951298184,3.833602883474008e-06,1.0005083174799867,1.000069090180169,oscillatory,oscillatory,RESOLVED,RESOLVED,True,0.9936078657544938,True,False
77,49,2,2,145;163,85;127,0.7635184267252066,0.7327196346112864,0.04033798142373425,0.9994309669993189,0.9994309669993183,0.999999931073851,44,44,7.2727272727272725,8.727272727272727,UNDERRESOLVED,DIAGNOSTIC,0.999955131787;0.999955131787,0.999951298184;0.999951298184,3.833602883474008e-06,1.0005083174799867,1.000069090180169,oscillatory,oscillatory,RESOLVED,RESOLVED,True,0.9936078657544938,True,False
34,38,2,2,64;66,64;66,-1.459164063777873,-1.419661847354139,0.027071812830601356,0.9960879821374873,0.9960879821374853,0.9999999911251337,68,68,4.705882352941177,5.647058823529412,UNDERRESOLVED,UNDERRESOLVED,-0.999988060079;-0.999988060079,-0.999987357184;-0.999987357184,7.028951308774012e-07,3.6610852485794494,2.3256560205912935,oscillatory,oscillatory,RESOLVED,RESOLVED,True,0.9935920151391856,True,False
35,39,2,2,65;67,65;67,1.459164063777873,1.419661847354139,0.027071812830601356,0.9960879821374873,0.9960879821374853,0.9999999911251337,68,68,4.705882352941177,5.647058823529412,UNDERRESOLVED,UNDERRESOLVED,0.999988060079;0.999988060079,0.999987357184;0.999987357184,7.028951308774012e-07,3.6610852485794494,2.3256560205912935,oscillatory,oscillatory,RESOLVED,RESOLVED,True,0.9935920151391856,True,False
88,60,2,2,166;170,114;118,-0.7277914246489142,-0.6978587524177192,0.04112809139738694,0.9994840869914264,0.9994840869914262,0.9999999213798949,43,43,7.441860465116279,8.930232558139535,UNDERRESOLVED,DIAGNOSTIC,-0.999950579629;-0.999950579629,-0.999946279614;-0.999946279614,4.300014377456307e-06,15.20801134626049,1.0003883034841492,oscillatory,oscillatory,RESOLVED,RESOLVED,True,0.9935212188302215,True,False
89,61,2,2,167;171,115;119,0.7277914246489142,0.6978587524177192,0.04112809139738694,0.9994840869914264,0.9994840869914262,0.9999999213798949,43,43,7.441860465116279,8.930232558139535,UNDERRESOLVED,DIAGNOSTIC,0.999950579629;0.999950579629,0.999946279614;0.999946279614,4.300014377456307e-06,15.20801134626049,1.0003883034841492,oscillatory,oscillatory,RESOLVED,RESOLVED,True,0.9935212188302215,True,False
38,52,2,2,72;86,94;96,-1.480180765360212,-1.4408009239477577,0.026604751483087212,0.9958138147725057,0.9958138147725044,0.9999999916671076,69,69,4.63768115942029,5.565217391304348,UNDERRESOLVED,UNDERRESOLVED,-0.999988409741;-0.999988409741,-0.999987738886;-0.999987738886,6.708549652456597e-07,1.0160735725041898,7.835322176456585,oscillatory,oscillatory,RESOLVED,RESOLVED,True,0.9934975740578174,True,False
39,53,2,2,73;87,95;97,1.480180765360212,1.4408009239477577,0.026604751483087212,0.9958138147725057,0.9958138147725044,0.9999999916671076,69,69,4.63768115942029,5.565217391304348,UNDERRESOLVED,UNDERRESOLVED,0.999988409741;0.999988409741,0.999987738886;0.999987738886,6.708549652456597e-07,1.0160735725041898,7.835322176456585,oscillatory,oscillatory,RESOLVED,RESOLVED,True,0.9934975740578174,True,False
90,58,2,2,172;174,112;116,-0.6917689289816853,-0.6627361177184865,0.04196894374243785,0.999533186596655,0.9995331865966548,0.9999999096621828,42,42,7.619047619047619,9.142857142857142,UNDERRESOLVED,DIAGNOSTIC,-0.999945260887;-0.999945260887,-0.999940406148;-0.999940406148,4.85473879074938e-06,3.998588575479689,68.04706515339774,oscillatory,oscillatory,RESOLVED,RESOLVED,True,0.993424547812173,True,False
91,59,2,2,173;175,113;117,0.6917689289816853,0.6627361177184865,0.04196894374243785,0.999533186596655,0.9995331865966548,0.9999999096621828,42,42,7.619047619047619,9.142857142857142,UNDERRESOLVED,DIAGNOSTIC,0.999945260887;0.999945260887,0.999940406148;0.999940406148,4.85473879074938e-06,3.998588575479689,68.04706515339774,oscillatory,oscillatory,RESOLVED,RESOLVED,True,0.993424547812173,True,False
64,54,2,2,114;116,98;100,-1.5005649949466744,-1.4613392314583733,0.02614066276395778,0.995523691213763,0.9955236912137616,0.999999992170027,70,70,4.571428571428571,5.485714285714286,UNDERRESOLVED,UNDERRESOLVED,-0.999988734872;-0.999988734872,-0.999988093944;-0.999988093944,6.409277746310948e-07,1.15255655194116,4.917538146253508,oscillatory,oscillatory,RESOLVED,RESOLVED,True,0.9933931133561709,True,False
65,55,2,2,115;117,99;101,1.5005649949466744,1.4613392314583733,0.02614066276395778,0.995523691213763,0.9955236912137616,0.999999992170027,70,70,4.571428571428571,5.485714285714286,UNDERRESOLVED,UNDERRESOLVED,0.999988734872;0.999988734872,0.999988093944;0.999988093944,6.409277746310948e-07,1.15255655194116,4.917538146253508,oscillatory,oscillatory,RESOLVED,RESOLVED,True,0.9933931133561709,True,False
94,64,2,2,178;180,128;148,-0.6555013650061121,-0.6274002251176054,0.042869689353346674,0.9995785033536589,0.9995785033536587,0.9999998953463836,41,41,7.804878048780488,9.365853658536585,UNDERRESOLVED,DIAGNOSTIC,-0.999939000634;-0.999939000634,-0.999933480028;-0.999933480028,5.52060573810742e-06,22.048126651411607,32.39834116196259,oscillatory,oscillatory,RESOLVED,RESOLVED,True,0.9933166224457892,True,False
95,65,2,2,179;181,129;149,0.6555013650061121,0.6274002251176054,0.042869689353346674,0.9995785033536589,0.9995785033536587,0.9999998953463836,41,41,7.804878048780488,9.365853658536585,UNDERRESOLVED,DIAGNOSTIC,0.999939000634;0.999939000634,0.999933480028;0.999933480028,5.52060573810742e-06,22.048126651411607,32.39834116196259,oscillatory,oscillatory,RESOLVED,RESOLVED,True,0.9933166224457892,True,False
60,50,2,2,108;120,86;110,-1.5203250683930396,-1.4812838836950204,0.02567949809528908,0.9952168358407817,0.9952168358407804,0.9999999926374821,71,71,4.507042253521127,5.408450704225352,UNDERRESOLVED,UNDERRESOLVED,-0.99998903758;-0.99998903758,-0.999988424658;-0.999988424658,6.129221534756368e-07,1.0002558126375865,18.995916294414275,oscillatory,oscillatory,RESOLVED,RESOLVED,True,0.9932781749495462,True,False
61,51,2,2,109;121,87;111,1.5203250683930396,1.4812838836950204,0.02567949809528908,0.9952168358407817,0.9952168358407804,0.9999999926374821,71,71,4.507042253521127,5.408450704225352,UNDERRESOLVED,UNDERRESOLVED,0.99998903758;0.99998903758,0.999988424658;0.999988424658,6.129221534756368e-07,1.0002558126375865,18.995916294414275,oscillatory,oscillatory,RESOLVED,RESOLVED,True,0.9932781749495462,True,False
96,80,2,2,184;186,152;154,-0.6190432996403841,-0.5919035102064065,0.043841504220696124,0.9996202638186158,0.9996202638186155,0.9999998776491936,40,40,8.0,9.6,DIAGNOSTIC,DIAGNOSTIC,-0.999931572591;-0.999931572591,-0.999925244556;-0.999925244556,6.328035148883693e-06,5.185400150960036,9.55392033698038,oscillatory,oscillatory,RESOLVED,RESOLVED,True,0.9931959020703635,True,False
97,81,2,2,185;187,153;155,0.6190432996403841,0.5919035102064065,0.043841504220696124,0.9996202638186158,0.9996202638186155,0.9999998776491936,40,40,8.0,9.6,DIAGNOSTIC,DIAGNOSTIC,0.999931572591;0.999931572591,0.999925244556;0.999925244556,6.328035148883693e-06,5.185400150960036,9.55392033698038,oscillatory,oscillatory,RESOLVED,RESOLVED,True,0.9931959020703635,True,False
58,62,2,2,106;118,120;122,-1.5394699492332276,-1.500642619960372,0.025221232341816367,0.9948924408541491,0.9948924408541481,0.999999993072654,72,72,4.444444444444445,5.333333333333333,UNDERRESOLVED,UNDERRESOLVED,-0.999989319755;-0.999989319755,-0.999988733087;-0.999988733087,5.866678233212852e-07,124.57589238661878,1.4136602446837474,oscillatory,oscillatory,RESOLVED,RESOLVED,True,0.9931522779293804,True,False
59,63,2,2,107;119,121;123,1.5394699492332276,1.500642619960372,0.025221232341816367,0.9948924408541491,0.9948924408541481,0.999999993072654,72,72,4.444444444444445,5.333333333333333,UNDERRESOLVED,UNDERRESOLVED,0.999989319755;0.999989319755,0.999988733087;0.999988733087,5.866678233212852e-07,124.57589238661878,1.4136602446837474,oscillatory,oscillatory,RESOLVED,RESOLVED,True,0.9931522779293804,True,False
86,78,2,2,164;206,150;156,-0.582453578369888,-0.5563024854644886,0.04489815819929962,0.999658683976077,0.9996586839760769,0.9999998554839576,39,39,8.205128205128204,9.846153846153847,DIAGNOSTIC,DIAGNOSTIC,-0.99992268034;-0.99992268034,-0.999915362161;-0.999915362161,7.318179434223637e-06,3.263680824247644,1.0008186166668582,oscillatory,oscillatory,RESOLVED,RESOLVED,True,0.9930604505267406,True,False
87,79,2,2,165;207,151;157,0.582453578369888,0.5563024854644886,0.04489815819929962,0.999658683976077,0.9996586839760769,0.9999998554839576,39,39,8.205128205128204,9.846153846153847,DIAGNOSTIC,DIAGNOSTIC,0.99992268034;0.99992268034,0.999915362161;0.999915362161,7.318179434223637e-06,3.263680824247644,1.0008186166668582,oscillatory,oscillatory,RESOLVED,RESOLVED,True,0.9930604505267406,True,False
54,56,2,2,100;168,108;124,-1.5580091800862041,-1.5194237414499765,0.024765860900827795,0.9945496651614899,0.9945496651614888,0.9999999934783678,73,73,4.383561643835616,5.260273972602739,UNDERRESOLVED,UNDERRESOLVED,-0.999989583092;-0.999989583092,-0.999989021079;-0.999989021079,5.620129271965979e-07,11.810130691076896,1.00351515411208,oscillatory,oscillatory,RESOLVED,RESOLVED,True,0.9930149183313617,True,False
55,57,2,2,101;169,109;125,1.5580091800862041,1.5194237414499765,0.024765860900827795,0.9945496651614899,0.9945496651614888,0.9999999934783678,73,73,4.383561643835616,5.260273972602739,UNDERRESOLVED,UNDERRESOLVED,0.999989583092;0.999989583092,0.999989021079;0.999989021079,5.620129271965979e-07,11.810130691076896,1.00351515411208,oscillatory,oscillatory,RESOLVED,RESOLVED,True,0.9930149183313617,True,False
106,102,2,2,208;210,198;200,-0.5457954531390453,-0.5206578683069136,0.046056786819233066,0.9996939696173346,0.9996939696173344,0.9999998273144394,38,38,8.421052631578947,10.105263157894736,DIAGNOSTIC,DIAGNOSTIC,-0.999911930148;-0.999911930148,-0.999903382496;-0.999903382496,8.547652220136648e-06,10.430216472700085,1.029948848104305,oscillatory,oscillatory,RESOLVED,RESOLVED,True,0.9929078205761257,True,False
107,103,2,2,209;211,199;201,0.5457954531390453,0.5206578683069136,0.046056786819233066,0.9996939696173346,0.9996939696173344,0.9999998273144394,38,38,8.421052631578947,10.105263157894736,DIAGNOSTIC,DIAGNOSTIC,0.999911930148;0.999911930148,0.999903382496;0.999903382496,8.547652220136648e-06,10.430216472700085,1.029948848104305,oscillatory,oscillatory,RESOLVED,RESOLVED,True,0.9929078205761257,True,False
74,74,2,2,140;142,138;146,-1.575952817903912,-1.5376360512239193,0.02431339710471513,0.9941876332423963,0.9941876332423952,0.9999999938571399,74,74,4.324324324324325,5.1891891891891895,UNDERRESOLVED,UNDERRESOLVED,-0.999989829117;-0.999989829117,-0.999989290295;-0.999989290295,5.388217301227627e-07,187.13510190529686,1.0016443106846529,oscillatory,oscillatory,RESOLVED,RESOLVED,True,0.9928655688440156,True,False
75,75,2,2,141;143,139;147,1.575952817903912,1.5376360512239193,0.02431339710471513,0.9941876332423963,0.9941876332423952,0.9999999938571399,74,74,4.324324324324325,5.1891891891891895,UNDERRESOLVED,UNDERRESOLVED,0.999989829117;0.999989829117,0.999989290295;0.999989290295,5.388217301227627e-07,187.13510190529686,1.0016443106846529,oscillatory,oscillatory,RESOLVED,RESOLVED,True,0.9928655688440156,True,False
108,98,2,2,212;214,192;236,-0.5091366987136468,-0.4850346988800464,0.047338956108437975,0.999726316676766,0.9997263166767658,0.999999790922542,37,37,8.64864864864865,10.378378378378379,DIAGNOSTIC,DIAGNOSTIC,-0.999898790883;-0.999898790883,-0.999888695075;-0.999888695075,1.0095807668641932e-05,10.125497696991998,22.862075313175158,oscillatory,oscillatory,RESOLVED,RESOLVED,True,0.9927348943204294,True,False
109,99,2,2,213;215,193;237,0.5091366987136468,0.4850346988800464,0.047338956108437975,0.999726316676766,0.9997263166767658,0.999999790922542,37,37,8.64864864864865,10.378378378378379,DIAGNOSTIC,DIAGNOSTIC,0.999898790883;0.999898790883,0.999888695075;0.999888695075,1.0095807668641932e-05,10.125497696991998,22.862075313175158,oscillatory,oscillatory,RESOLVED,RESOLVED,True,0.9927348943204294,True,False
82,76,2,2,152;160,140;142,-1.5933113729388786,-1.5552887976309921,0.023863869896160725,0.9938054339937601,0.9938054339937591,0.9999999942112169,75,75,4.266666666666667,5.12,UNDERRESOLVED,UNDERRESOLVED,-0.999990059205;-0.999990059205,-0.999989542232;-0.999989542232,5.169726244869111e-07,10.895733633893904,1.0033894296408248,oscillatory,oscillatory,RESOLVED,RESOLVED,True,0.9927036784646361,True,False
83,77,2,2,153;161,141;143,1.5933113729388786,1.5552887976309921,0.023863869896160725,0.9938054339937601,0.9938054339937591,0.9999999942112169,75,75,4.266666666666667,5.12,UNDERRESOLVED,UNDERRESOLVED,0.999990059205;0.999990059205,0.999989542232;0.999989542232,5.169726244869111e-07,10.895733633893904,1.0033894296408248,oscillatory,oscillatory,RESOLVED,RESOLVED,True,0.9927036784646361,True,False
114,100,2,2,226;228,194;234,-0.47254971455251893,-0.4495024447126878,0.04877215905559429,0.9997559115086461,0.9997559115086456,0.9999997430289361,36,36,8.88888888888889,10.666666666666666,DIAGNOSTIC,DIAGNOSTIC,-0.999882533593;-0.999882533593,-0.99987045736;-0.99987045736,1.2076232909774554e-05,7.22068364937831,1.027758073694069,oscillatory,oscillatory,RESOLVED,RESOLVED,True,0.9925376588040825,True,False
115,101,2,2,227;229,195;235,0.47254971455251893,0.4495024447126878,0.04877215905559429,0.9997559115086461,0.9997559115086456,0.9999997430289361,36,36,8.88888888888889,10.666666666666666,DIAGNOSTIC,DIAGNOSTIC,0.999882533593;0.999882533593,0.99987045736;0.99987045736,1.2076232909774554e-05,7.22068364937831,1.027758073694069,oscillatory,oscillatory,RESOLVED,RESOLVED,True,0.9925376588040825,True,False
84,88,2,2,154;156,172;178,-1.6100957513076528,-1.5723916210635693,0.02341732174217695,0.993402119557206,0.993402119557205,0.9999999945426099,76,76,4.2105263157894735,5.052631578947368,UNDERRESOLVED,UNDERRESOLVED,-0.999990274597;-0.999990274597,-0.999989778241;-0.999989778241,4.963564321780467e-07,4.902021975253325,45.50633291282014,oscillatory,oscillatory,RESOLVED,RESOLVED,True,0.9925286721086496,True,False
85,89,2,2,155;157,173;179,1.6100957513076528,1.5723916210635693,0.02341732174217695,0.993402119557206,0.993402119557205,0.9999999945426099,76,76,4.2105263157894735,5.052631578947368,UNDERRESOLVED,UNDERRESOLVED,0.999990274597;0.999990274597,0.999989778241;0.999989778241,4.963564321780467e-07,4.902021975253325,45.50633291282014,oscillatory,oscillatory,RESOLVED,RESOLVED,True,0.9925286721086496,True,False
78,90,2,2,148;182,174;176,-1.62631720102374,-1.5889545039204969,0.022973806757822998,0.9929767041305722,0.9929767041305712,0.9999999948531235,77,77,4.1558441558441555,4.987012987012987,UNDERRESOLVED,UNDERRESOLVED,-0.99999047642;-0.99999047642,-0.999989999545;-0.999989999545,4.76874929544735e-07,1.000188285704095,1.0004289846714653,oscillatory,oscillatory,RESOLVED,RESOLVED,True,0.9923399501779507,True,False
79,91,2,2,149;183,175;177,1.62631720102374,1.5889545039204969,0.022973806757822998,0.9929767041305722,0.9929767041305712,0.9999999948531235,77,77,4.1558441558441555,4.987012987012987,UNDERRESOLVED,UNDERRESOLVED,0.99999047642;0.99999047642,0.999989999545;0.999989999545,4.76874929544735e-07,1.000188285704095,1.0004289846714653,oscillatory,oscillatory,RESOLVED,RESOLVED,True,0.9923399501779507,True,False
116,122,2,2,230;232,240;242,-0.4361116086082549,-0.4141350886620675,0.05039196277374997,0.9997829310714065,0.9997829310714061,0.999999678653742,35,35,9.142857142857142,10.971428571428572,DIAGNOSTIC,DIAGNOSTIC,-0.999862138222;-0.999862138222,-0.999847482807;-0.999847482807,1.4655415178865816e-05,28.609807156798677,13.358913827502718,oscillatory,oscillatory,RESOLVED,RESOLVED,True,0.9923108838902168,True,False
117,123,2,2,231;233,241;243,0.4361116086082549,0.4141350886620675,0.05039196277374997,0.9997829310714065,0.9997829310714061,0.999999678653742,35,35,9.142857142857142,10.971428571428572,DIAGNOSTIC,DIAGNOSTIC,0.999862138222;0.999862138222,0.999847482807;0.999847482807,1.4655415178865816e-05,28.609807156798677,13.358913827502718,oscillatory,oscillatory,RESOLVED,RESOLVED,True,0.9923108838902168,True,False
233,178,2,2,590;592,356;358,-0.07818244465322287,-0.08246315289455426,0.0519105575165813,0.9999855123835502,0.9999855123835502,0.9999886240295905,17,17,18.823529411764707,22.58823529411765,RESOLVED,RESOLVED,0.99603676813;0.99603676813,0.996454181547;0.996454181547,0.0004174134162513443,5.820894894558631,1.0165835204799951,oscillatory,oscillatory,RESOLVED,RESOLVED,True,0.9922018798100405,True,True
234,179,2,2,591;593,357;359,0.07818244465322287,0.08246315289455426,0.0519105575165813,0.9999855123835502,0.9999855123835502,0.9999886240295905,17,17,18.823529411764707,22.58823529411765,RESOLVED,RESOLVED,-0.99603676813;-0.99603676813,-0.996454181547;-0.996454181547,0.0004174134162513443,5.820894894558631,1.0165835204799951,oscillatory,oscillatory,RESOLVED,RESOLVED,True,0.9922018798100405,True,True
92,92,2,2,176;188,180;190,-1.6419872613729773,-1.6049877236554986,0.022533389014565735,0.9925281627656938,0.992528162765693,0.9999999951443819,78,78,4.102564102564102,4.923076923076923,UNDERRESOLVED,UNDERRESOLVED,-0.999990665692;-0.999990665692,-0.999990207252;-0.999990207252,4.5843957607871744e-07,27.449581364595762,1.0011203300419713,oscillatory,oscillatory,RESOLVED,RESOLVED,True,0.9921368880933269,True,False
93,93,2,2,177;189,181;191,1.6419872613729773,1.6049877236554986,0.022533389014565735,0.9925281627656938,0.992528162765693,0.9999999951443819,78,78,4.102564102564102,4.923076923076923,UNDERRESOLVED,UNDERRESOLVED,0.999990665692;0.999990665692,0.999990207252;0.999990207252,4.5843957607871744e-07,27.449581364595762,1.0011203300419713,oscillatory,oscillatory,RESOLVED,RESOLVED,True,0.9921368880933269,True,False
112,124,2,2,224;330,244;246,-0.3999042586206131,-0.3790111956455866,0.052245162497375715,0.9998075429549831,0.9998075429549826,0.9999995900002479,34,34,9.411764705882353,11.294117647058824,DIAGNOSTIC,DIAGNOSTIC,-0.99983614555;-0.99983614555,-0.999818061495;-0.999818061495,1.808405536363189e-05,8.945549583586075,4.515099973013333,oscillatory,oscillatory,RESOLVED,RESOLVED,True,0.9920476488984454,True,False
113,125,2,2,225;331,245;247,0.3999042586206131,0.3790111956455866,0.052245162497375715,0.9998075429549831,0.9998075429549826,0.9999995900002479,34,34,9.411764705882353,11.294117647058824,DIAGNOSTIC,DIAGNOSTIC,0.99983614555;0.99983614555,0.999818061495;0.999818061495,1.808405536363189e-05,8.945549583586075,4.515099973013333,oscillatory,oscillatory,RESOLVED,RESOLVED,True,0.9920476488984454,True,False
98,104,2,2,190;192,202;204,-1.6571177155034742,-1.620501808788058,0.02209614101210148,0.9920554301550368,0.9920554301550357,0.9999999954178481,79,79,4.050632911392405,4.860759493670886,UNDERRESOLVED,UNDERRESOLVED,-0.999990843339;-0.999990843339,-0.999990402369;-0.999990402369,4.4097040863277925e-07,7.974257234039571,5.89268559730215,oscillatory,oscillatory,RESOLVED,RESOLVED,True,0.9919188357956689,True,False
99,105,2,2,191;193,203;205,1.6571177155034742,1.620501808788058,0.02209614101210148,0.9920554301550368,0.9920554301550357,0.9999999954178481,79,79,4.050632911392405,4.860759493670886,UNDERRESOLVED,UNDERRESOLVED,0.999990843339;0.999990843339,0.999990402369;0.999990402369,4.4097040863277925e-07,7.974257234039571,5.89268559730215,oscillatory,oscillatory,RESOLVED,RESOLVED,True,0.9919188357956689,True,False
140,126,2,2,278;280,248;250,-0.36401434520717996,-0.344213952209852,0.054394540374661626,0.9998299051203416,0.9998299051203394,0.9999994644251381,33,33,9.696969696969697,11.636363636363637,DIAGNOSTIC,DIAGNOSTIC,-0.999802414796;-0.999802414796,-0.99977966323;-0.99977966323,2.275156591191596e-05,1.5396332800352066,13.402127844646659,oscillatory,oscillatory,RESOLVED,RESOLVED,True,0.9917386281222903,True,False
141,127,2,2,279;281,249;251,0.36401434520717996,0.344213952209852,0.054394540374661626,0.9998299051203416,0.9998299051203394,0.9999994644251381,33,33,9.696969696969697,11.636363636363637,DIAGNOSTIC,DIAGNOSTIC,0.999802414796;0.999802414796,0.99977966323;0.99977966323,2.275156591191596e-05,1.5396332800352066,13.402127844646659,oscillatory,oscillatory,RESOLVED,RESOLVED,True,0.9917386281222903,True,False
102,106,2,2,198;200,206;212,-1.671720546102535,-1.635507497755569,0.02166214229489103,0.9915573994100941,0.9915573994100934,0.9999999956748441,80,80,4.0,4.8,UNDERRESOLVED,UNDERRESOLVED,-0.999991010207;-0.999991010207,-0.999990585812;-0.999990585812,4.243950784132977e-07,13.5595654196025,31.824597291430663,oscillatory,oscillatory,RESOLVED,RESOLVED,True,0.9916851172205338,True,False
103,107,2,2,199;201,207;213,1.671720546102535,1.635507497755569,0.02166214229489103,0.9915573994100941,0.9915573994100934,0.9999999956748441,80,80,4.0,4.8,UNDERRESOLVED,UNDERRESOLVED,0.999991010207;0.999991010207,0.999990585812;0.999990585812,4.243950784132977e-07,13.5595654196025,31.824597291430663,oscillatory,oscillatory,RESOLVED,RESOLVED,True,0.9916851172205338,True,False
100,110,2,2,194;196,214;216,-1.6858078940336183,-1.6500157004862515,0.021231478197511082,0.9910329208347817,0.9910329208347807,0.9999999959165684,81,81,3.950617283950617,4.7407407407407405,UNDERRESOLVED,UNDERRESOLVED,-0.999991167064;-0.999991167064,-0.999990758416;-0.999990758416,4.086480094311895e-07,1.411028686807339,19.349818254633714,oscillatory,oscillatory,RESOLVED,RESOLVED,True,0.9914350297503844,True,False
101,111,2,2,195;197,215;217,1.6858078940336183,1.6500157004862515,0.021231478197511082,0.9910329208347817,0.9910329208347807,0.9999999959165684,81,81,3.950617283950617,4.7407407407407405,UNDERRESOLVED,UNDERRESOLVED,0.999991167064;0.999991167064,0.999990758416;0.999990758416,4.086480094311895e-07,1.411028686807339,19.349818254633714,oscillatory,oscillatory,RESOLVED,RESOLVED,True,0.9914350297503844,True,False
166,120,2,2,332;334,238;252,-0.32853334906458154,-0.30983117063633553,0.05692627089912156,0.9998938340400773,0.9998388158281213,0.9999992805706442,32,32,10.0,12.0,DIAGNOSTIC,RESOLVED,-0.999757712214;-0.999757712214,-0.999728427173;-0.999728427173,2.9285040072934976e-05,1.014310013383953,56.85673484445773,oscillatory,oscillatory,RESOLVED,RESOLVED,True,0.9913971799318392,True,False
167,121,2,2,333;335,239;253,0.32853334906458154,0.30983117063633553,0.05692627089912156,0.9998938340400773,0.9998388158281213,0.9999992805706442,32,32,10.0,12.0,DIAGNOSTIC,RESOLVED,0.999757712214;0.999757712214,0.999728427173;0.999728427173,2.9285040072934976e-05,1.014310013383953,56.85673484445773,oscillatory,oscillatory,RESOLVED,RESOLVED,True,0.9913971799318392,True,False
104,114,2,2,202;204,220;222,-1.699392019807725,-1.664037462574104,0.0208042387050995,0.9904808006975196,0.9904808006975188,0.9999999961441078,82,82,3.902439024390244,4.682926829268292,UNDERRESOLVED,UNDERRESOLVED,-0.999991314612;-0.999991314612,-0.999990920942;-0.999990920942,3.936696750805879e-07,5.625152930616594,1.001296544305216,oscillatory,oscillatory,RESOLVED,RESOLVED,True,0.9911678436487739,True,False
105,115,2,2,203;205,221;223,1.699392019807725,1.664037462574104,0.0208042387050995,0.9904808006975196,0.9904808006975188,0.9999999961441078,82,82,3.902439024390244,4.682926829268292,UNDERRESOLVED,UNDERRESOLVED,0.999991314612;0.999991314612,0.999990920942;0.999990920942,3.936696750805879e-07,5.625152930616594,1.001296544305216,oscillatory,oscillatory,RESOLVED,RESOLVED,True,0.9911678436487739,True,False
168,130,2,2,336;338,258;260,-0.29355750118324037,-0.27595524511677355,0.05996186776191207,0.99986845782133,0.9998684578213286,0.9999990005792918,31,31,10.32258064516129,12.387096774193548,DIAGNOSTIC,RESOLVED,-0.999696983006;-0.999696983006,-0.999658244861;-0.999658244861,3.8738145093031306e-05,8.272298767306648,2.238470651293432,oscillatory,oscillatory,RESOLVED,RESOLVED,True,0.9909265446733341,True,False
169,131,2,2,337;339,259;261,0.29355750118324037,0.27595524511677355,0.05996186776191207,0.99986845782133,0.9998684578213286,0.9999990005792918,31,31,10.32258064516129,12.387096774193548,DIAGNOSTIC,RESOLVED,0.999696983006;0.999696983006,0.999658244861;0.999658244861,3.8738145093031306e-05,8.272298767306648,2.238470651293432,oscillatory,oscillatory,RESOLVED,RESOLVED,True,0.9909265446733341,True,False
80,112,2,2,150;158,218;230,-1.7124852677646938,-1.677583931939432,0.020380517416548966,0.9898998000060526,0.9898998000060519,0.9999999963584504,83,83,3.855421686746988,4.626506024096385,UNDERRESOLVED,UNDERRESOLVED,-0.999991453495;-0.999991453495,-0.999991074089;-0.999991074089,3.794059361128532e-07,3.2880982544991286,78.40676678042745,oscillatory,oscillatory,RESOLVED,RESOLVED,True,0.9908828014807617,True,False
81,113,2,2,151;159,219;231,1.7124852677646938,1.677583931939432,0.020380517416548966,0.9898998000060526,0.9898998000060519,0.9999999963584504,83,83,3.855421686746988,4.626506024096385,UNDERRESOLVED,UNDERRESOLVED,0.999991453495;0.999991453495,0.999991074089;0.999991074089,3.794059361128532e-07,3.2880982544991286,78.40676678042745,oscillatory,oscillatory,RESOLVED,RESOLVED,True,0.9908828014807617,True,False
52,116,2,2,94;126,224;232,-1.7251000328424075,-1.6906663278603125,0.01996041060028238,0.9892886332895561,0.9892886332895553,0.9999999965604978,84,84,3.8095238095238093,4.571428571428571,UNDERRESOLVED,UNDERRESOLVED,-0.999991584302;-0.999991584302,-0.999991218494;-0.999991218494,3.658074920753762e-07,9.440326374722178,2.5558136154526285,oscillatory,oscillatory,RESOLVED,RESOLVED,True,0.9905791175238157,True,False
53,117,2,2,95;127,225;233,1.7251000328424075,1.6906663278603125,0.01996041060028238,0.9892886332895561,0.9892886332895553,0.9999999965604978,84,84,3.8095238095238093,4.571428571428571,UNDERRESOLVED,UNDERRESOLVED,0.999991584302;0.999991584302,0.999991218494;0.999991218494,3.658074920753762e-07,9.440326374722178,2.5558136154526285,oscillatory,oscillatory,RESOLVED,RESOLVED,True,0.9905791175238157,True,False
170,138,2,2,340;342,270;272,-0.25918766861596604,-0.24268303949509606,0.06367829615121326,0.9998849011054394,0.9998849011054389,0.9999985533728659,30,30,10.666666666666666,12.8,DIAGNOSTIC,RESOLVED,-0.999611997486;-0.999611997486,-0.999559023942;-0.999559023942,5.297354425914946e-05,1.0011948866403049,3.6664698637964714,oscillatory,oscillatory,RESOLVED,RESOLVED,True,0.990378834583798,True,False
171,139,2,2,341;343,271;273,0.25918766861596604,0.24268303949509606,0.06367829615121326,0.9998849011054394,0.9998849011054389,0.9999985533728659,30,30,10.666666666666666,12.8,DIAGNOSTIC,RESOLVED,0.999611997486;0.999611997486,0.999559023942;0.999559023942,5.297354425914946e-05,1.0011948866403049,3.6664698637964714,oscillatory,oscillatory,RESOLVED,RESOLVED,True,0.990378834583798,True,False
50,118,2,2,92;216,226;228,-1.73724872981367,-1.7032959122635205,0.019544016333108028,0.9886459673930426,0.9886459673930417,0.9999999967510714,85,85,3.764705882352941,4.517647058823529,UNDERRESOLVED,UNDERRESOLVED,-0.999991707573;-0.999991707573,-0.999991354744;-0.999991354744,3.528293708310315e-07,95.07866363063839,1.0755682917602885,oscillatory,oscillatory,RESOLVED,RESOLVED,True,0.9902559771736271,True,False
51,119,2,2,93;217,227;229,1.73724872981367,1.7032959122635205,0.019544016333108028,0.9886459673930426,0.9886459673930417,0.9999999967510714,85,85,3.764705882352941,4.517647058823529,UNDERRESOLVED,UNDERRESOLVED,0.999991707573;0.999991707573,0.999991354744;0.999991354744,3.528293708310315e-07,95.07866363063839,1.0755682917602885,oscillatory,oscillatory,RESOLVED,RESOLVED,True,0.9902559771736271,True,False
48,108,2,2,90;128,208;210,-1.748943764873251,-1.7154839631654262,0.019131433714365313,0.9879704202895998,0.9879704202895992,0.9999999969309249,86,86,3.7209302325581395,4.465116279069767,UNDERRESOLVED,UNDERRESOLVED,-0.999991823807;-0.999991823807,-0.999991483376;-0.999991483376,3.404304967924432e-07,98.38893354040395,1.0230506661989867,oscillatory,oscillatory,RESOLVED,RESOLVED,True,0.9899125363493363,True,False
49,109,2,2,91;129,209;211,1.748943764873251,1.7154839631654262,0.019131433714365313,0.9879704202895998,0.9879704202895992,0.9999999969309249,86,86,3.7209302325581395,4.465116279069767,UNDERRESOLVED,UNDERRESOLVED,0.999991823807;0.999991823807,0.999991483376;0.999991483376,3.404304967924432e-07,98.38893354040395,1.0230506661989867,oscillatory,oscillatory,RESOLVED,RESOLVED,True,0.9899125363493363,True,False
176,144,2,2,350;352,282;284,-0.22552914535693092,-0.2101156691072652,0.06834361131139738,0.9998995836986934,0.9998995836986928,0.9999977958159892,29,29,11.03448275862069,13.241379310344827,DIAGNOSTIC,RESOLVED,-0.999488679701;-0.999488679701,-0.999413185469;-0.999413185469,7.549423239083808e-05,10.980271877891735,21.82790233991475,oscillatory,oscillatory,RESOLVED,RESOLVED,True,0.9896876574765037,True,False
177,145,2,2,351;353,283;285,0.22552914535693092,0.2101156691072652,0.06834361131139738,0.9998995836986934,0.9998995836986928,0.9999977958159892,29,29,11.03448275862069,13.241379310344827,DIAGNOSTIC,RESOLVED,0.999488679701;0.999488679701,0.999413185469;0.999413185469,7.549423239083808e-05,10.980271877891735,21.82790233991475,oscillatory,oscillatory,RESOLVED,RESOLVED,True,0.9896876574765037,True,False
56,96,2,2,102;104,186;188,-1.7601975094602291,-1.7272417501567716,0.018722762148188396,0.9872605599165553,0.9872605599165543,0.9999999971007476,87,87,3.67816091954023,4.413793103448276,UNDERRESOLVED,UNDERRESOLVED,-0.999991933459;-0.999991933459,-0.999991604886;-0.999991604886,3.285732913527184e-07,7.946558585351363,4.586744379190969,oscillatory,oscillatory,RESOLVED,RESOLVED,True,0.9895479209028917,True,False
57,97,2,2,103;105,187;189,1.7601975094602291,1.7272417501567716,0.018722762148188396,0.9872605599165553,0.9872605599165543,0.9999999971007476,87,87,3.67816091954023,4.413793103448276,UNDERRESOLVED,UNDERRESOLVED,0.999991933459;0.999991933459,0.999991604886;0.999991604886,3.285732913527184e-07,7.946558585351363,4.586744379190969,oscillatory,oscillatory,RESOLVED,RESOLVED,True,0.9895479209028917,True,False
46,94,2,2,88;130,182;184,-1.7710222762036278,-1.7385805118281958,0.01831810068757251,0.9865149030422151,0.986514903042214,0.9999999972611732,88,88,3.6363636363636362,4.363636363636363,UNDERRESOLVED,UNDERRESOLVED,-0.999992036953;-0.999992036953,-0.99999171973;-0.99999171973,3.1722334203898583e-07,1.0009128889105583,329.2245829696893,oscillatory,oscillatory,RESOLVED,RESOLVED,True,0.9891612260374865,True,False
47,95,2,2,89;131,183;185,1.7710222762036278,1.7385805118281958,0.01831810068757251,0.9865149030422151,0.986514903042214,0.9999999972611732,88,88,3.6363636363636362,4.363636363636363,UNDERRESOLVED,UNDERRESOLVED,0.999992036953;0.999992036953,0.99999171973;0.99999171973,3.1722334203898583e-07,1.0009128889105583,329.2245829696893,oscillatory,oscillatory,RESOLVED,RESOLVED,True,0.9891612260374865,True,False
228,186,2,2,552;554,372;374,-0.06259683760599441,-0.06759513478576387,0.07394462923420565,0.9999765230286484,0.999976523028648,0.9999643913151791,18,18,17.77777777777778,21.333333333333332,RESOLVED,RESOLVED,0.993779271894;0.993779271894,0.994686187892;0.994686187892,0.0009069159974656182,2.3032092276830736,2.317742348050765,oscillatory,oscillatory,RESOLVED,RESOLVED,True,0.9888853172608529,True,True
229,187,2,2,553;555,373;375,0.06259683760599441,0.06759513478576387,0.07394462923420565,0.9999765230286484,0.999976523028648,0.9999643913151791,18,18,17.77777777777778,21.333333333333332,RESOLVED,RESOLVED,-0.993779271894;-0.993779271894,-0.994686187892;-0.994686187892,0.0009069159974656182,2.3032092276830736,2.317742348050765,oscillatory,oscillatory,RESOLVED,RESOLVED,True,0.9888853172608529,True,True
182,146,2,2,378;380,286;288,-0.1926912887161377,-0.17835809973707514,0.07438420841212713,0.9999125346128434,0.9999125346128431,0.9999964133881161,28,28,11.428571428571429,13.714285714285714,DIAGNOSTIC,RESOLVED,-0.999301438632;-0.999301438632,-0.999188022089;-0.999188022089,0.00011341654234597875,7.366069370455903,6.674290834226557,oscillatory,oscillatory,RESOLVED,RESOLVED,True,0.9887889928529159,True,False
183,147,2,2,379;381,287;289,0.1926912887161377,0.17835809973707514,0.07438420841212713,0.9999125346128434,0.9999125346128431,0.9999964133881161,28,28,11.428571428571429,13.714285714285714,DIAGNOSTIC,RESOLVED,0.999301438632;0.999301438632,0.999188022089;0.999188022089,0.00011341654234597875,7.366069370455903,6.674290834226557,oscillatory,oscillatory,RESOLVED,RESOLVED,True,0.9887889928529159,True,False
70,72,2,2,132;134,136;144,-1.7814302968822513,-1.7495114350359846,0.017917547434850075,0.9857319141704831,0.9857319141704819,0.9999999974127854,89,89,3.595505617977528,4.314606741573034,UNDERRESOLVED,UNDERRESOLVED,-0.999992134677;-0.999992134677,-0.999991828328;-0.999991828328,3.063490756627374e-07,15.33880586330591,2.1782075632903912,oscillatory,oscillatory,RESOLVED,RESOLVED,True,0.9887515157402587,True,False
71,73,2,2,133;135,137;145,1.7814302968822513,1.7495114350359846,0.017917547434850075,0.9857319141704831,0.9857319141704819,0.9999999974127854,89,89,3.595505617977528,4.314606741573034,UNDERRESOLVED,UNDERRESOLVED,0.999992134677;0.999992134677,0.999991828328;0.999991828328,3.063490756627374e-07,15.33880586330591,2.1782075632903912,oscillatory,oscillatory,RESOLVED,RESOLVED,True,0.9887515157402587,True,False
72,68,2,2,136;138,132;170,-1.7914337022932239,-1.7600456359113925,0.017521198993661582,0.9849100044912762,0.9849100044912741,0.9999999975561212,90,90,3.5555555555555554,4.266666666666667,UNDERRESOLVED,UNDERRESOLVED,-0.999992226992;-0.999992226992,-0.999991931071;-0.999991931071,2.9592150219137636e-07,9.164999816127583,138.63651195009592,oscillatory,oscillatory,RESOLVED,RESOLVED,True,0.9883178222347467,True,False
73,69,2,2,137;139,133;171,1.7914337022932239,1.7600456359113925,0.017521198993661582,0.9849100044912762,0.9849100044912741,0.9999999975561212,90,90,3.5555555555555554,4.266666666666667,UNDERRESOLVED,UNDERRESOLVED,0.999992226992;0.999992226992,0.999991931071;0.999991931071,2.9592150219137636e-07,9.164999816127583,138.63651195009592,oscillatory,oscillatory,RESOLVED,RESOLVED,True,0.9883178222347467,True,False
68,70,2,2,124;222,134;262,-1.8010445039262173,-1.770194142519444,0.017129149967988207,0.9840475308853485,0.9840475308853477,0.9999999976916774,91,91,3.5164835164835164,4.21978021978022,UNDERRESOLVED,UNDERRESOLVED,-0.999992314231;-0.999992314231,-0.999992028317;-0.999992028317,2.859139658362153e-07,2.559158909769933,42.20888099920459,oscillatory,oscillatory,RESOLVED,RESOLVED,True,0.9878591454589302,True,False
69,71,2,2,125;223,135;263,1.8010445039262173,1.770194142519444,0.017129149967988207,0.9840475308853485,0.9840475308853477,0.9999999976916774,91,91,3.5164835164835164,4.21978021978022,UNDERRESOLVED,UNDERRESOLVED,0.999992314231;0.999992314231,0.999992028317;0.999992028317,2.859139658362153e-07,2.559158909769933,42.20888099920459,oscillatory,oscillatory,RESOLVED,RESOLVED,True,0.9878591454589302,True,False
188,160,2,2,414;416,320;322,-0.1607868685933671,-0.14751838371974255,0.08252219220203114,0.9999236317596816,0.9999236317596814,0.9999936331868639,27,27,11.851851851851851,14.222222222222221,DIAGNOSTIC,RESOLVED,-0.998999986783;-0.998999986783,-0.998817282685;-0.998817282685,0.00018270409807574772,1.0042780205320088,6.055909220916467,oscillatory,oscillatory,RESOLVED,RESOLVED,True,0.9875742585222202,True,False
189,161,2,2,415;417,321;323,0.1607868685933671,0.14751838371974255,0.08252219220203114,0.9999236317596816,0.9999236317596814,0.9999936331868639,27,27,11.851851851851851,14.222222222222221,DIAGNOSTIC,RESOLVED,0.998999986783;0.998999986783,0.998817282685;0.998817282685,0.00018270409807574772,1.0042780205320088,6.055909220916467,oscillatory,oscillatory,RESOLVED,RESOLVED,True,0.9875742585222202,True,False
110,66,2,2,218;220,130;164,-1.8102745773443993,-1.779967879076982,0.016741492504344875,0.9831427949928582,0.9831427949928561,0.9999999978199133,92,92,3.4782608695652173,4.173913043478261,UNDERRESOLVED,UNDERRESOLVED,-0.999992396702;-0.999992396702,-0.9999921204;-0.9999921204,2.7630191934413517e-07,1.4476528539522973,2.5185500952860997,oscillatory,oscillatory,RESOLVED,RESOLVED,True,0.9873744525750415,True,False
111,67,2,2,219;221,131;165,1.8102745773443993,1.779967879076982,0.016741492504344875,0.9831427949928582,0.9831427949928561,0.9999999978199133,92,92,3.4782608695652173,4.173913043478261,UNDERRESOLVED,UNDERRESOLVED,0.999992396702;0.999992396702,0.9999921204;0.9999921204,2.7630191934413517e-07,1.4476528539522973,2.5185500952860997,oscillatory,oscillatory,RESOLVED,RESOLVED,True,0.9873744525750415,True,False
120,82,2,2,236;238,158;196,-1.8191356471761462,-1.7893776516422788,0.01635831587383876,0.9821940423557325,0.9821940423557274,0.9999999979412546,93,93,3.4408602150537635,4.129032258064516,UNDERRESOLVED,UNDERRESOLVED,-0.999992474693;-0.999992474693,-0.99999220763;-0.99999220763,2.670627419210092e-07,1.0355905708304143,2.1093751680789983,oscillatory,oscillatory,RESOLVED,RESOLVED,True,0.9868626775176772,True,False
121,83,2,2,237;239,159;197,1.8191356471761462,1.7893776516422788,0.01635831587383876,0.9821940423557325,0.9821940423557274,0.9999999979412546,93,93,3.4408602150537635,4.129032258064516,UNDERRESOLVED,UNDERRESOLVED,0.999992474693;0.999992474693,0.99999220763;0.99999220763,2.670627419210092e-07,1.0355905708304143,2.1093751680789983,oscillatory,oscillatory,RESOLVED,RESOLVED,True,0.9868626775176772,True,False
118,86,2,2,234;244,166;168,-1.8276392736247036,-1.7984341351925959,0.015979706090571172,0.9811994616446567,0.9811994616446504,0.9999999980560964,94,94,3.404255319148936,4.085106382978723,UNDERRESOLVED,UNDERRESOLVED,-0.999992548468;-0.999992548468,-0.999992290293;-0.999992290293,2.5817554649698593e-07,203.61535773146437,2.874487109773297,oscillatory,oscillatory,RESOLVED,RESOLVED,True,0.9863227205872324,True,False
119,87,2,2,235;245,167;169,1.8276392736247036,1.7984341351925959,0.015979706090571172,0.9811994616446567,0.9811994616446504,0.9999999980560964,94,94,3.404255319148936,4.085106382978723,UNDERRESOLVED,UNDERRESOLVED,0.999992548468;0.999992548468,0.999992290293;0.999992290293,2.5817554649698593e-07,203.61535773146437,2.874487109773297,oscillatory,oscillatory,RESOLVED,RESOLVED,True,0.9863227205872324,True,False
198,200,2,2,480;482,400;402,-0.12993078954484116,-0.11770604527521228,0.09408658496152622,0.9999322830008595,0.9999322830008591,0.9999872507226304,26,26,12.307692307692308,14.76923076923077,RESOLVED,RESOLVED,-0.998474818716;-0.998474818716,-0.998150573706;-0.998150573706,0.00032424500919780996,4.063105761195958,3.197863743170669,oscillatory,oscillatory,RESOLVED,RESOLVED,True,0.9858431947369443,True,True
199,201,2,2,481;483,401;403,0.12993078954484116,0.11770604527521228,0.09408658496152622,0.9999322830008595,0.9999322830008591,0.9999872507226304,26,26,12.307692307692308,14.76923076923077,RESOLVED,RESOLVED,0.998474818716;0.998474818716,0.998150573706;0.998150573706,0.00032424500919780996,4.063105761195958,3.197863743170669,oscillatory,oscillatory,RESOLVED,RESOLVED,True,0.9858431947369443,True,True
122,84,2,2,240;242,160;162,-1.835796840406894,-1.8071478620084922,0.015605745563900224,0.9801571839823349,0.980157183982315,0.9999999981648066,95,95,3.3684210526315788,4.042105263157895,UNDERRESOLVED,UNDERRESOLVED,-0.999992618277;-0.999992618277,-0.999992368656;-0.999992368656,2.496210437241686e-07,17.460208175939602,12.361408530317595,oscillatory,oscillatory,RESOLVED,RESOLVED,True,0.9857534480960175,True,False
123,85,2,2,241;243,161;163,1.835796840406894,1.8071478620084922,0.015605745563900224,0.9801571839823349,0.980157183982315,0.9999999981648066,95,95,3.3684210526315788,4.042105263157895,UNDERRESOLVED,UNDERRESOLVED,0.999992618277;0.999992618277,0.999992368656;0.999992368656,2.496210437241686e-07,17.460208175939602,12.361408530317595,oscillatory,oscillatory,RESOLVED,RESOLVED,True,0.9857534480960175,True,False
134,128,2,2,266;270,254;256,-1.8436195440348522,-1.8155292112876293,0.015236512781669603,0.9798650242452756,0.9719595368216307,0.9999999982677269,96,96,3.3333333333333335,4.0,UNDERRESOLVED,UNDERRESOLVED,-0.999992684349;-0.999992684349,-0.999992442967;-0.999992442967,2.413813837698342e-07,1.004020261937469,2.806945568011667,oscillatory,oscillatory,RESOLVED,RESOLVED,True,0.9856335371968467,True,False
135,129,2,2,267;271,255;257,1.8436195440348522,1.8155292112876293,0.015236512781669603,0.9798650242452756,0.9719595368216307,0.9999999982677269,96,96,3.3333333333333335,4.0,UNDERRESOLVED,UNDERRESOLVED,0.999992684349;0.999992684349,0.999992442967;0.999992442967,2.413813837698342e-07,1.004020261937469,2.806945568011667,oscillatory,oscillatory,RESOLVED,RESOLVED,True,0.9856335371968467,True,False
138,132,2,2,272;274,264;290,-1.851118384358443,-1.823588399913359,0.01487208202225542,0.9779217712684989,0.9779217712684755,0.9999999983651773,97,97,3.2989690721649483,3.9587628865979383,UNDERRESOLVED,UNDERRESOLVED,-0.999992746898;-0.999992746898,-0.999992513458;-0.999992513458,2.3344003508007916e-07,3.5343606356427704,1.413409641539179,oscillatory,oscillatory,RESOLVED,RESOLVED,True,0.9845222500490552,True,False
139,133,2,2,273;275,265;291,1.851118384358443,1.823588399913359,0.01487208202225542,0.9779217712684989,0.9779217712684755,0.9999999983651773,97,97,3.2989690721649483,3.9587628865979383,UNDERRESOLVED,UNDERRESOLVED,0.999992746898;0.999992746898,0.999992513458;0.999992513458,2.3344003508007916e-07,3.5343606356427704,1.413409641539179,oscillatory,oscillatory,RESOLVED,RESOLVED,True,0.9845222500490552,True,False
144,136,2,2,284;286,268;294,-1.8583041562891498,-1.8313354743071133,0.014512523093038916,0.9767246062339111,0.976724606233901,0.9999999984574564,98,98,3.2653061224489797,3.9183673469387754,UNDERRESOLVED,UNDERRESOLVED,-0.999992806127;-0.999992806127,-0.999992580345;-0.999992580345,2.2578166514186648e-07,1.701401462394291,12.4542776822893,oscillatory,oscillatory,RESOLVED,RESOLVED,True,0.9838578848907549,True,False
145,137,2,2,285;287,269;295,1.8583041562891498,1.8313354743071133,0.014512523093038916,0.9767246062339111,0.976724606233901,0.9999999984574564,98,98,3.2653061224489797,3.9183673469387754,UNDERRESOLVED,UNDERRESOLVED,0.999992806127;0.999992806127,0.999992580345;0.999992580345,2.2578166514186648e-07,1.701401462394291,12.4542776822893,oscillatory,oscillatory,RESOLVED,RESOLVED,True,0.9838578848907549,True,False
212,174,2,2,514;516,348;350,-0.10023715071246772,-0.08902802410735296,0.1118260697300582,0.9999360199223108,0.9999360199223107,0.9999695129114784,25,25,12.8,15.36,RESOLVED,RESOLVED,-0.997450878841;-0.997450878841,-0.996786478048;-0.996786478048,0.0006644007921361439,1.030642198670216,1.3479390711746821,oscillatory,oscillatory,RESOLVED,RESOLVED,True,0.9831800797217474,True,True
213,175,2,2,515;517,349;351,0.10023715071246772,0.08902802410735296,0.1118260697300582,0.9999360199223108,0.9999360199223107,0.9999695129114784,25,25,12.8,15.36,RESOLVED,RESOLVED,0.997450878841;0.997450878841,0.996786478048;0.996786478048,0.0006644007921361439,1.030642198670216,1.3479390711746821,oscillatory,oscillatory,RESOLVED,RESOLVED,True,0.9831800797217474,True,True
142,152,2,2,282;288,302;304,-1.865187442629562,-1.8387803032960066,0.014157901093482736,0.9754716838128987,0.9754716838128902,0.9999999985448426,99,99,3.2323232323232323,3.878787878787879,UNDERRESOLVED,UNDERRESOLVED,-0.999992862221;-0.999992862221,-0.999992643829;-0.999992643829,2.183920408960205e-07,9.839997198818816,9.128784500526134,oscillatory,oscillatory,RESOLVED,RESOLVED,True,0.9831593247599275,True,False
143,153,2,2,283;289,303;305,1.865187442629562,1.8387803032960066,0.014157901093482736,0.9754716838128987,0.9754716838128902,0.9999999985448426,99,99,3.2323232323232323,3.878787878787879,UNDERRESOLVED,UNDERRESOLVED,0.999992862221;0.999992862221,0.999992643829;0.999992643829,2.183920408960205e-07,9.839997198818816,9.128784500526134,oscillatory,oscillatory,RESOLVED,RESOLVED,True,0.9831593247599275,True,False
146,156,2,2,290;292,312;314,-1.8717786079358467,-1.8459325719308681,0.013808276200720683,0.9741608415233268,0.9741608415233194,0.9999999986275977,100,100,3.2,3.84,UNDERRESOLVED,UNDERRESOLVED,-0.999992915356;-0.999992915356,-0.999992704098;-0.999992704098,2.1125793359111356e-07,4.30027062014432,3.4039405433476375,oscillatory,oscillatory,RESOLVED,RESOLVED,True,0.9824252631407875,True,False
147,157,2,2,291;293,313;315,1.8717786079358467,1.8459325719308681,0.013808276200720683,0.9741608415233268,0.9741608415233194,0.9999999986275977,100,100,3.2,3.84,UNDERRESOLVED,UNDERRESOLVED,0.999992915356;0.999992915356,0.999992704098;0.999992704098,2.1125793359111356e-07,4.30027062014432,3.4039405433476375,oscillatory,oscillatory,RESOLVED,RESOLVED,True,0.9824252631407875,True,False
148,140,2,2,294;296,274;280,-1.8780877933437254,-1.8528017761920041,0.013463703476131154,0.9727898580509258,0.9727898580509197,0.999999998705968,101,101,3.1683168316831685,3.801980198019802,UNDERRESOLVED,UNDERRESOLVED,-0.999992965695;-0.999992965695,-0.999992761328;-0.999992761328,2.0436702596882128e-07,5.211845760978907,12.58465606896705,oscillatory,oscillatory,RESOLVED,RESOLVED,True,0.9816543589856277,True,False
149,141,2,2,295;297,275;281,1.8780877933437254,1.8528017761920041,0.013463703476131154,0.9727898580509258,0.9727898580509197,0.999999998705968,101,101,3.1683168316831685,3.801980198019802,UNDERRESOLVED,UNDERRESOLVED,0.999992965695;0.999992965695,0.999992761328;0.999992761328,2.0436702596882128e-07,5.211845760978907,12.58465606896705,oscillatory,oscillatory,RESOLVED,RESOLVED,True,0.9816543589856277,True,False
152,142,2,2,300;302,276;278,-1.88412491229164,-1.859397218523673,0.013124232691075172,0.9713564536413772,0.9713564536413711,0.999999998780184,102,102,3.1372549019607843,3.764705882352941,UNDERRESOLVED,UNDERRESOLVED,-0.999993013392;-0.999993013392,-0.999992815684;-0.999992815684,1.9770784354111726e-07,13.735656347688833,1.9412069443586837,oscillatory,oscillatory,RESOLVED,RESOLVED,True,0.9808452369762111,True,False
153,143,2,2,301;303,277;279,1.88412491229164,1.859397218523673,0.013124232691075172,0.9713564536413772,0.9713564536413711,0.999999998780184,102,102,3.1372549019607843,3.764705882352941,UNDERRESOLVED,UNDERRESOLVED,0.999993013392;0.999993013392,0.999992815684;0.999992815684,1.9770784354111726e-07,13.735656347688833,1.9412069443586837,oscillatory,oscillatory,RESOLVED,RESOLVED,True,0.9808452369762111,True,False
156,134,2,2,310;314,266;292,-1.8898996470776444,-1.8657280041403956,0.012789908170322797,0.9698582907114552,0.9698582907114507,0.9999999988504623,103,103,3.1067961165048543,3.7281553398058254,UNDERRESOLVED,UNDERRESOLVED,-0.999993058591;-0.999993058591,-0.999992867322;-0.999992867322,1.9126967587546062e-07,3.226772581570628,1.0022374324274426,oscillatory,oscillatory,RESOLVED,RESOLVED,True,0.9799964879139402,True,False
157,135,2,2,311;315,267;293,1.8898996470776444,1.8657280041403956,0.012789908170322797,0.9698582907114552,0.9698582907114507,0.9999999988504623,103,103,3.1067961165048543,3.7281553398058254,UNDERRESOLVED,UNDERRESOLVED,0.999993058591;0.999993058591,0.999992867322;0.999992867322,1.9126967587546062e-07,3.226772581570628,1.0022374324274426,oscillatory,oscillatory,RESOLVED,RESOLVED,True,0.9799964879139402,True,False
154,148,2,2,306;308,296;298,-1.895421446189795,-1.8718030380514297,0.012460768651659638,0.9682929746981523,0.9682929746981475,0.9999999989170082,104,104,3.076923076923077,3.6923076923076925,UNDERRESOLVED,UNDERRESOLVED,-0.999993101427;-0.999993101427,-0.999992916385;-0.999992916385,1.850425195293326e-07,1.5103664887860613,3.3678591702097753,oscillatory,oscillatory,RESOLVED,RESOLVED,True,0.9791066692503945,True,False
155,149,2,2,307;309,297;299,1.895421446189795,1.8718030380514297,0.012460768651659638,0.9682929746981523,0.9682929746981475,0.9999999989170082,104,104,3.076923076923077,3.6923076923076925,UNDERRESOLVED,UNDERRESOLVED,0.999993101427;0.999993101427,0.999992916385;0.999992916385,1.850425195293326e-07,1.5103664887860613,3.3678591702097753,oscillatory,oscillatory,RESOLVED,RESOLVED,True,0.9791066692503945,True,False
216,180,2,2,526;570,360;362,-0.07181068792333939,-0.06157545987071785,0.1425307060635324,0.9999216196534164,0.9999216196534162,0.9999028776980193,24,24,13.333333333333334,16.0,RESOLVED,RESOLVED,-0.995072174887;-0.995072174887,-0.993346740712;-0.993346740712,0.0017254341749211033,2.7597344973532154,1.061121945991986,oscillatory,oscillatory,RESOLVED,RESOLVED,True,0.9785490853070248,True,True
217,181,2,2,527;571,361;363,0.07181068792333939,0.06157545987071785,0.1425307060635324,0.9999216196534164,0.9999216196534162,0.9999028776980193,24,24,13.333333333333334,16.0,RESOLVED,RESOLVED,0.995072174887;0.995072174887,0.993346740712;0.993346740712,0.0017254341749211033,2.7597344973532154,1.061121945991986,oscillatory,oscillatory,RESOLVED,RESOLVED,True,0.9785490853070248,True,True
164,150,2,2,320;322,300;306,-1.9006995223525207,-1.8776310227519764,0.01213684716035088,0.9666580551654022,0.9666580551653978,0.9999999989800136,105,105,3.0476190476190474,3.657142857142857,UNDERRESOLVED,UNDERRESOLVED,-0.999993142027;-0.999993142027,-0.99999296301;-0.99999296301,1.7901700855027514e-07,15.37656627926225,48.99162112059816,oscillatory,oscillatory,RESOLVED,RESOLVED,True,0.978174305770192,True,False
165,151,2,2,321;323,301;307,1.9006995223525207,1.8776310227519764,0.01213684716035088,0.9666580551654022,0.9666580551653978,0.9999999989800136,105,105,3.0476190476190474,3.657142857142857,UNDERRESOLVED,UNDERRESOLVED,0.999993142027;0.999993142027,0.99999296301;0.99999296301,1.7901700855027514e-07,15.37656627926225,48.99162112059816,oscillatory,oscillatory,RESOLVED,RESOLVED,True,0.978174305770192,True,False
158,154,2,2,312;324,308;310,-1.905742851234205,-1.88322045653272,0.011818170896928073,0.9649510271885671,0.964951027188563,0.9999999990396615,106,106,3.018867924528302,3.6226415094339623,UNDERRESOLVED,UNDERRESOLVED,-0.999993180508;-0.999993180508,-0.999993007324;-0.999993007324,1.7318436917879154e-07,36.690391664743245,2.084888524856038,oscillatory,oscillatory,RESOLVED,RESOLVED,True,0.9771978904385163,True,False
159,155,2,2,313;325,309;311,1.905742851234205,1.88322045653272,0.011818170896928073,0.9649510271885671,0.964951027188563,0.9999999990396615,106,106,3.018867924528302,3.6226415094339623,UNDERRESOLVED,UNDERRESOLVED,0.999993180508;0.999993180508,0.999993007324;0.999993007324,1.7318436917879154e-07,36.690391664743245,2.084888524856038,oscillatory,oscillatory,RESOLVED,RESOLVED,True,0.9771978904385163,True,False
162,158,2,2,318;328,316;318,-1.910560170764104,-1.8885796323611839,0.011504761137216216,0.9631693330374196,0.9631693330374147,0.9999999990961238,107,107,2.9906542056074765,3.588785046728972,UNDERRESOLVED,UNDERRESOLVED,-0.999993216985;-0.999993216985,-0.999993049449;-0.999993049449,1.6753637022137724e-07,1.994891616802931,4.131137641683345,oscillatory,oscillatory,RESOLVED,RESOLVED,True,0.9761758854259003,True,False
163,159,2,2,319;329,317;319,1.910560170764104,1.8885796323611839,0.011504761137216216,0.9631693330374196,0.9631693330374147,0.9999999990961238,107,107,2.9906542056074765,3.588785046728972,UNDERRESOLVED,UNDERRESOLVED,0.999993216985;0.999993216985,0.999993049449;0.999993049449,1.6753637022137724e-07,1.994891616802931,4.131137641683345,oscillatory,oscillatory,RESOLVED,RESOLVED,True,0.9761758854259003,True,False
160,190,2,2,316;326,380;392,-1.91515998100935,-1.893716637291365,0.011196633143244572,0.9613103641786503,0.9613103641786455,0.9999999991495636,108,108,2.962962962962963,3.5555555555555554,UNDERRESOLVED,UNDERRESOLVED,-0.999993251561;-0.999993251561,-0.999993089496;-0.999993089496,1.6206527042594843e-07,8.928528094763688,1070.1032927584845,oscillatory,oscillatory,RESOLVED,RESOLVED,True,0.9751067233230943,True,False
161,191,2,2,317;327,381;393,1.91515998100935,1.893716637291365,0.011196633143244572,0.9613103641786503,0.9613103641786455,0.9999999991495636,108,108,2.962962962962963,3.5555555555555554,UNDERRESOLVED,UNDERRESOLVED,0.999993251561;0.999993251561,0.999993089496;0.999993089496,1.6206527042594843e-07,8.928528094763688,1070.1032927584845,oscillatory,oscillatory,RESOLVED,RESOLVED,True,0.9751067233230943,True,False
150,196,2,2,298;304,390;394,-1.9195505445649172,-1.89863935236001,0.010893796083732194,0.9593714636192774,0.9593714636192743,0.9999999992001345,109,109,2.9357798165137616,3.522935779816514,UNDERRESOLVED,UNDERRESOLVED,-0.999993284337;-0.999993284337,-0.999993127573;-0.999993127573,1.5676378095630383e-07,46.01514408394914,1.0001683883225438,oscillatory,oscillatory,RESOLVED,RESOLVED,True,0.9739888085590402,True,False
151,197,2,2,299;305,391;395,1.9195505445649172,1.89863935236001,0.010893796083732194,0.9593714636192774,0.9593714636192743,0.9999999992001345,109,109,2.9357798165137616,3.522935779816514,UNDERRESOLVED,UNDERRESOLVED,0.999993284337;0.999993284337,0.999993127573;0.999993127573,1.5676378095630383e-07,46.01514408394914,1.0001683883225438,oscillatory,oscillatory,RESOLVED,RESOLVED,True,0.9739888085590402,True,False
136,216,2,2,268;276,428;430,-1.9237398874127591,-1.9033554529303573,0.010596252963188767,0.9573499286123814,0.9573499286123778,0.9999999992479834,110,110,2.909090909090909,3.4909090909090907,UNDERRESOLVED,UNDERRESOLVED,-0.999993315406;-0.999993315406,-0.999993163781;-0.999993163781,1.5162503408383543e-07,11.360942269767468,1.0003891575593862,oscillatory,oscillatory,RESOLVED,RESOLVED,True,0.9728205190349464,True,False
137,217,2,2,269;277,429;431,1.9237398874127591,1.9033554529303573,0.010596252963188767,0.9573499286123814,0.9573499286123778,0.9999999992479834,110,110,2.909090909090909,3.4909090909090907,UNDERRESOLVED,UNDERRESOLVED,0.999993315406;0.999993315406,0.999993163781;0.999993163781,1.5162503408383543e-07,11.360942269767468,1.0003891575593862,oscillatory,oscillatory,RESOLVED,RESOLVED,True,0.9728205190349464,True,False
124,222,2,2,246;248,446;456,-1.9277358002075924,-1.9078724094461066,0.010304000558243941,0.9552430137465137,0.9552430137465093,0.9999999992932488,111,111,2.8828828828828827,3.4594594594594597,UNDERRESOLVED,UNDERRESOLVED,-0.999993344855;-0.999993344855,-0.999993198213;-0.999993198213,1.466425325613585e-07,1.0071902526000143,26.41879369440725,oscillatory,oscillatory,RESOLVED,RESOLVED,True,0.9716002079874838,True,False
125,223,2,2,247;249,447;457,1.9277358002075924,1.9078724094461066,0.010304000558243941,0.9552430137465137,0.9552430137465093,0.9999999992932488,111,111,2.8828828828828827,3.4594594594594597,UNDERRESOLVED,UNDERRESOLVED,0.999993344855;0.999993344855,0.999993198213;0.999993198213,1.466425325613585e-07,1.0071902526000143,26.41879369440725,oscillatory,oscillatory,RESOLVED,RESOLVED,True,0.9716002079874838,True,False
126,228,2,2,250;252,452;478,-1.9315458399501013,-1.9121974885607573,0.010017029360195674,0.9530479344398919,0.9530479344398882,0.9999999993360621,112,112,2.857142857142857,3.4285714285714284,UNDERRESOLVED,UNDERRESOLVED,-0.999993372769;-0.999993372769,-0.999993230959;-0.999993230959,1.4181013141545407e-07,5.323770399869347,76.5376995276091,oscillatory,oscillatory,RESOLVED,RESOLVED,True,0.9703262060939213,True,False
127,229,2,2,251;253,453;479,1.9315458399501013,1.9121974885607573,0.010017029360195674,0.9530479344398919,0.9530479344398882,0.9999999993360621,112,112,2.857142857142857,3.4285714285714284,UNDERRESOLVED,UNDERRESOLVED,0.999993372769;0.999993372769,0.999993230959;0.999993230959,1.4181013141545407e-07,5.323770399869347,76.5376995276091,oscillatory,oscillatory,RESOLVED,RESOLVED,True,0.9703262060939213,True,False
132,242,2,2,262;264,480;482,-1.935177332009771,-1.916337754608902,0.009735323522678528,0.9507618708599334,0.9507618708599316,0.9999999993765487,113,113,2.831858407079646,3.398230088495575,UNDERRESOLVED,UNDERRESOLVED,-0.999993399226;-0.999993399226,-0.999993262104;-0.999993262104,1.3712199942172987e-07,1.0085193110588138,3.9502133704713924,oscillatory,oscillatory,RESOLVED,RESOLVED,True,0.9689968238316954,True,False
133,243,2,2,263;265,481;483,1.935177332009771,1.916337754608902,0.009735323522678528,0.9507618708599334,0.9507618708599316,0.9999999993765487,113,113,2.831858407079646,3.398230088495575,UNDERRESOLVED,UNDERRESOLVED,0.999993399226;0.999993399226,0.999993262104;0.999993262104,1.3712199942172987e-07,1.0085193110588138,3.9502133704713924,oscillatory,oscillatory,RESOLVED,RESOLVED,True,0.9689968238316954,True,False
128,244,2,2,254;256,484;486,-1.9386373724622752,-1.9203000713888057,0.009458860813241841,0.9483819722879727,0.9483819722879695,0.9999999994148273,114,114,2.807017543859649,3.3684210526315788,UNDERRESOLVED,UNDERRESOLVED,-0.9999934243;-0.9999934243,-0.999993291727;-0.999993291727,1.3257259545707e-07,55.00877441973305,36.03667992246595,oscillatory,oscillatory,RESOLVED,RESOLVED,True,0.9676103541045041,True,False
129,245,2,2,255;257,485;487,1.9386373724622752,1.9203000713888057,0.009458860813241841,0.9483819722879727,0.9483819722879695,0.9999999994148273,114,114,2.807017543859649,3.3684210526315788,UNDERRESOLVED,UNDERRESOLVED,0.9999934243;0.9999934243,0.999993291727;0.999993291727,1.3257259545707e-07,55.00877441973305,36.03667992246595,oscillatory,oscillatory,RESOLVED,RESOLVED,True,0.9676103541045041,True,False
214,194,2,2,524;568,386;388,-0.024442908734846024,-0.031187494299568942,0.2162592961120361,0.9995398891071492,0.9995398891071489,0.9981816094582666,20,20,16.0,19.2,RESOLVED,RESOLVED,0.960598246504;0.960598246504,0.975362951207;0.975362951207,0.014764704702864617,1.0601462861181776,1.7239407393946502,oscillatory,oscillatory,RESOLVED,RESOLVED,True,0.9668304414120508,False,False
215,195,2,2,525;569,387;389,0.024442908734846024,0.031187494299568942,0.2162592961120361,0.9995398891071492,0.9995398891071489,0.9981816094582666,20,20,16.0,19.2,RESOLVED,RESOLVED,-0.960598246504;-0.960598246504,-0.975362951207;-0.975362951207,0.014764704702864617,1.0601462861181776,1.7239407393946502,oscillatory,oscillatory,RESOLVED,RESOLVED,True,0.9668304414120508,False,False
130,224,2,2,258;260,448;518,-1.9419328307077595,-1.9240911042263371,0.00918761256789697,0.9459053619479402,0.9459053619479363,0.9999999994510109,115,115,2.782608695652174,3.3391304347826085,UNDERRESOLVED,UNDERRESOLVED,-0.999993448061;-0.999993448061,-0.999993319904;-0.999993319904,1.2815664285348305e-07,9.67906477529107,10.499647247671616,oscillatory,oscillatory,RESOLVED,RESOLVED,True,0.9661650751463323,True,False
131,225,2,2,259;261,449;519,1.9419328307077595,1.9240911042263371,0.00918761256789697,0.9459053619479402,0.9459053619479363,0.9999999994510109,115,115,2.782608695652174,3.3391304347826085,UNDERRESOLVED,UNDERRESOLVED,0.999993448061;0.999993448061,0.999993319904;0.999993319904,1.2815664285348305e-07,9.67906477529107,10.499647247671616,oscillatory,oscillatory,RESOLVED,RESOLVED,True,0.9661650751463323,True,False
174,226,2,2,346;348,450;520,-1.9450703523389319,-1.9277173222930915,0.008921543647495027,0.9433291423164514,0.9433291423164498,0.9999999994852072,116,116,2.7586206896551726,3.310344827586207,UNDERRESOLVED,UNDERRESOLVED,-0.999993470575;-0.999993470575,-0.999993346706;-0.999993346706,1.238691009763926e-07,1.0072348501619752,1.000096414769748,oscillatory,oscillatory,RESOLVED,RESOLVED,True,0.9646592537140484,True,False
175,227,2,2,347;349,451;521,1.9450703523389319,1.9277173222930915,0.008921543647495027,0.9433291423164514,0.9433291423164498,0.9999999994852072,116,116,2.7586206896551726,3.310344827586207,UNDERRESOLVED,UNDERRESOLVED,0.999993470575;0.999993470575,0.999993346706;0.999993346706,1.238691009763926e-07,1.0072348501619752,1.000096414769748,oscillatory,oscillatory,RESOLVED,RESOLVED,True,0.9646592537140484,True,False
172,246,2,2,344;360,488;492,-1.9480563622291587,-1.931185001152509,0.00866061239488152,0.940650400930088,0.9406504009300853,0.9999999995175184,117,117,2.735042735042735,3.282051282051282,UNDERRESOLVED,UNDERRESOLVED,-0.999993491906;-0.999993491906,-0.999993372201;-0.999993372201,1.197051495704926e-07,5.143168177079103,1.0037367124466292,oscillatory,oscillatory,RESOLVED,RESOLVED,True,0.9630911485782001,True,False
173,247,2,2,345;361,489;493,1.9480563622291587,1.931185001152509,0.00866061239488152,0.940650400930088,0.9406504009300853,0.9999999995175184,117,117,2.735042735042735,3.282051282051282,UNDERRESOLVED,UNDERRESOLVED,0.999993491906;0.999993491906,0.999993372201;0.999993372201,1.197051495704926e-07,5.143168177079103,1.0037367124466292,oscillatory,oscillatory,RESOLVED,RESOLVED,True,0.9630911485782001,True,False
180,248,2,2,366;368,494;502,-1.9508970678128987,-1.9345002255097827,0.008404770591765774,0.9378662167036034,0.9378662167036016,0.9999999995480419,118,118,2.711864406779661,3.2542372881355934,UNDERRESOLVED,UNDERRESOLVED,-0.999993512113;-0.999993512113,-0.999993396453;-0.999993396453,1.1566016444586324e-07,1.7572374705224632,12.553195006947984,oscillatory,oscillatory,RESOLVED,RESOLVED,True,0.9614590143204076,True,False
181,249,2,2,367;369,495;503,1.9508970678128987,1.9345002255097827,0.008404770591765774,0.9378662167036034,0.9378662167036016,0.9999999995480419,118,118,2.711864406779661,3.2542372881355934,UNDERRESOLVED,UNDERRESOLVED,0.999993512113;0.999993512113,0.999993396453;0.999993396453,1.1566016444586324e-07,1.7572374705224632,12.553195006947984,oscillatory,oscillatory,RESOLVED,RESOLVED,True,0.9614590143204076,True,False
184,252,2,2,382;418,500;504,-1.9535984625324205,-1.937668892142558,0.008153963414371903,0.9349736667704255,0.9349736667704245,0.9999999995768705,119,119,2.689075630252101,3.226890756302521,UNDERRESOLVED,UNDERRESOLVED,-0.999993531252;-0.999993531252,-0.999993419522;-0.999993419522,1.1172969438533187e-07,29.342298071469976,4.157742431264993,oscillatory,oscillatory,RESOLVED,RESOLVED,True,0.959761105444317,True,False
185,253,2,2,383;419,501;505,1.9535984625324205,1.937668892142558,0.008153963414371903,0.9349736667704255,0.9349736667704245,0.9999999995768705,119,119,2.689075630252101,3.226890756302521,UNDERRESOLVED,UNDERRESOLVED,0.999993531252;0.999993531252,0.999993419522;0.999993419522,1.1172969438533187e-07,29.342298071469976,4.157742431264993,oscillatory,oscillatory,RESOLVED,RESOLVED,True,0.959761105444317,True,False
186,254,2,2,384;422,506;508,-1.9561663294264104,-1.9406967129913253,0.007908129386738294,0.931969833853922,0.93196983385392,0.9999999996040931,120,120,2.6666666666666665,3.2,UNDERRESOLVED,UNDERRESOLVED,-0.999993549375;-0.999993549375,-0.999993441466;-0.999993441466,1.0790945437211263e-07,4.127895330416367,27.025226270496994,oscillatory,oscillatory,RESOLVED,RESOLVED,True,0.9579956808053657,True,False
187,255,2,2,385;423,507;509,1.9561663294264104,1.9406967129913253,0.007908129386738294,0.931969833853922,0.93196983385392,0.9999999996040931,120,120,2.6666666666666665,3.2,UNDERRESOLVED,UNDERRESOLVED,0.999993549375;0.999993549375,0.999993441466;0.999993441466,1.0790945437211263e-07,4.127895330416367,27.025226270496994,oscillatory,oscillatory,RESOLVED,RESOLVED,True,0.9579956808053657,True,False
190,258,2,2,420;424,514;516,-1.9586062448372268,-1.943589218389086,0.007667200330707083,0.9288518141748386,0.9288518141748342,0.9999999996297931,121,121,2.644628099173554,3.1735537190082646,UNDERRESOLVED,UNDERRESOLVED,-0.999993566534;-0.999993566534,-0.999993462338;-0.999993462338,1.0419530105387764e-07,1.0001362643833842,5.278219182973466,oscillatory,oscillatory,RESOLVED,RESOLVED,True,0.9561610083627454,True,False
191,259,2,2,421;425,515;517,1.9586062448372268,1.943589218389086,0.007667200330707083,0.9288518141748386,0.9288518141748342,0.9999999996297931,121,121,2.644628099173554,3.1735537190082646,UNDERRESOLVED,UNDERRESOLVED,0.999993566534;0.999993566534,0.999993462338;0.999993462338,1.0419530105387764e-07,1.0001362643833842,5.278219182973466,oscillatory,oscillatory,RESOLVED,RESOLVED,True,0.9561610083627454,True,False
192,256,2,2,426;428,510;512,-1.960923582215839,-1.9463517604121587,0.007431101311563802,0.9256167258964692,0.9256167258964636,0.9999999996540512,122,122,2.622950819672131,3.1475409836065573,UNDERRESOLVED,UNDERRESOLVED,-0.999993582776;-0.999993582776,-0.999993482192;-0.999993482192,1.0058321198158637e-07,19.71241800237897,8.811524251738366,oscillatory,oscillatory,RESOLVED,RESOLVED,True,0.9542553702546597,True,False
193,257,2,2,427;429,511;513,1.960923582215839,1.9463517604121587,0.007431101311563802,0.9256167258964692,0.9256167258964636,0.9999999996540512,122,122,2.622950819672131,3.1475409836065573,UNDERRESOLVED,UNDERRESOLVED,0.999993582776;0.999993582776,0.999993482192;0.999993482192,1.0058321198158637e-07,19.71241800237897,8.811524251738366,oscillatory,oscillatory,RESOLVED,RESOLVED,True,0.9542553702546597,True,False
194,250,2,2,430;432,496;498,-1.9631235160038842,-1.9489895163341089,0.0071997505783773785,0.9222617181052104,0.9222617181052075,0.9999999996769435,123,123,2.6016260162601625,3.1219512195121952,UNDERRESOLVED,UNDERRESOLVED,-0.999993598146;-0.999993598146,-0.999993501076;-0.999993501076,9.706928527641878e-08,1.0000744683236142,7.819957554201766,oscillatory,oscillatory,RESOLVED,RESOLVED,True,0.9522770681956054,True,False
195,251,2,2,431;433,497;499,1.9631235160038842,1.9489895163341089,0.0071997505783773785,0.9222617181052104,0.9222617181052075,0.9999999996769435,123,123,2.6016260162601625,3.1219512195121952,UNDERRESOLVED,UNDERRESOLVED,0.999993598146;0.999993598146,0.999993501076;0.999993501076,9.706928527641878e-08,1.0000744683236142,7.819957554201766,oscillatory,oscillatory,RESOLVED,RESOLVED,True,0.9522770681956054,True,False
196,240,2,2,434;436,476;490,-1.9652110255745832,-1.9515074921671105,0.006973059498007847,0.9187839803194869,0.9187839803194744,0.9999999996985428,124,124,2.5806451612903225,3.096774193548387,UNDERRESOLVED,UNDERRESOLVED,-0.999993612687;-0.999993612687,-0.999993519037;-0.999993519037,9.364970909864212e-08,418.6413848634477,5.412325738841566,oscillatory,oscillatory,RESOLVED,RESOLVED,True,0.9502244291916266,True,False
197,241,2,2,435;437,477;491,1.9652110255745832,1.9515074921671105,0.006973059498007847,0.9187839803194869,0.9187839803194744,0.9999999996985428,124,124,2.5806451612903225,3.096774193548387,UNDERRESOLVED,UNDERRESOLVED,0.999993612687;0.999993612687,0.999993519037;0.999993519037,9.364970909864212e-08,418.6413848634477,5.412325738841566,oscillatory,oscillatory,RESOLVED,RESOLVED,True,0.9502244291916266,True,False
242,232,2,2,620;622,462;464,-0.018644618714887172,-0.009275201216561741,0.5025266347144032,0.9895720209880317,0.9895720209880314,0.9883566258021579,22,22,14.545454545454545,17.454545454545453,RESOLVED,RESOLVED,-0.93422155181;-0.93422155181,-0.794024943845;-0.794024943845,0.14019660796475553,24.19281742730621,8.29235057058672,oscillatory,oscillatory,RESOLVED,RESOLVED,True,0.9154533738361978,False,False
243,233,2,2,621;623,463;465,0.018644618714887172,0.009275201216561741,0.5025266347144032,0.9895720209880317,0.9895720209880314,0.9883566258021579,22,22,14.545454545454545,17.454545454545453,RESOLVED,RESOLVED,0.93422155181;0.93422155181,0.794024943845;0.794024943845,0.14019660796475553,24.19281742730621,8.29235057058672,oscillatory,oscillatory,RESOLVED,RESOLVED,True,0.9154533738361978,False,False
246,236,1,1,628,470,-2.0366004658467107e-10,-6.932220437639152e-10,0.7062123912291083,0.999999999999998,0.999999999999998,1.0,0,0,inf,inf,NOT_APPLICABLE,NOT_APPLICABLE,-5.3067498655e-08,-1.80629514238e-07,1.275620155832428e-07,7625179.399190989,3508263.697889935,oscillatory,oscillatory,RESOLVED,RESOLVED,True,0.8940681413156325,False,False
247,237,1,1,629,471,2.0366004658467107e-10,6.932220437639152e-10,0.7062123912291083,0.999999999999998,0.999999999999998,1.0,0,0,inf,inf,NOT_APPLICABLE,NOT_APPLICABLE,5.3067498655e-08,1.80629514238e-07,1.275620155832428e-07,7625179.399190989,3508263.697889935,oscillatory,oscillatory,RESOLVED,RESOLVED,True,0.8940681413156325,False,False
230,239,2,2,584;585,473;475,-0.0,0.008475459793127074,1.0,0.8156603037787911,0.8156603037787858,0.9922960336890017,20,22,16.0,17.454545454545453,RESOLVED,RESOLVED,-5.15096479805e-15;5.31544987796e-15,-0.767519348831;-0.767519348831,0.7675193488313948,3.337069550536121,13.07230267767832,real_dominant,oscillatory,RESOLVED,RESOLVED,True,0.737470190689525,False,False
239,238,2,2,604;619,472;474,-0.0,-0.008475459793127074,1.0,0.8156603037787883,0.8156603037787795,0.9922960336890005,22,22,14.545454545454545,17.454545454545453,RESOLVED,RESOLVED,-1.69629720649e-14;1.69629720649e-14,0.767519348831;0.767519348831,0.7675193488313988,2.859218249682829,13.07230267767832,real_dominant,oscillatory,RESOLVED,RESOLVED,True,0.7374701906895231,False,False
178,214,71,127,354;356;358;362;364;370;372;374;376;386;388;390;392;394;396;398;400;402;404;406;408;410;412;438;440;442;444;446;448;450;452;454;456;458;460;462;464;466;468;470;472;474;476;478;484;486;508;510;512;518;520;522;556;558;560;562;564;566;572;574;576;578;580;582;602;605;607;613;615;617;638,424;426;436;438;440;442;524;526;528;530;534;536;538;540;542;544;546;548;550;552;554;556;558;560;562;564;566;568;570;572;574;576;578;580;582;584;586;588;590;592;594;596;598;600;602;604;606;608;610;612;614;616;618;620;622;624;626;628;630;632;634;636;638;640;642;644;646;648;650;652;654;656;658;660;662;664;666;668;670;672;674;676;678;680;682;684;686;688;690;692;694;696;698;700;702;704;706;708;710;712;714;716;718;720;722;724;726;728;730;732;734;736;738;740;742;744;746;748;750;752;754;756;758;760;762;764;766,-1.9856626203263439,-1.9889008156224206,0.0016281331228994796,0.5111568723936772,5.650109403987568e-13,0.9512238920484286,159,191,2.0125786163522013,2.0104712041884816,UNDERRESOLVED,UNDERRESOLVED,-0.999993808957;-0.999993808846;-0.999993808846;-0.999993808514;-0.999993808514;-0.999993807959;-0.999993807959;-0.999993807179;-0.999993807179;-0.999993806173;-0.999993806173;-0.999993804937;-0.999993804937;-0.999993803467;-0.999993803467;-0.999993801759;-0.999993801759;-0.999993799807;-0.999993799807;-0.999993797606;-0.999993797606;-0.999993795149;-0.999993795149;-0.999993792428;-0.999993792428;-0.999993789435;-0.999993789435;-0.999993786161;-0.999993786161;-0.999993782596;-0.999993782596;-0.999993778729;-0.999993778729;-0.999993774549;-0.999993774549;-0.999993770043;-0.999993770043;-0.999993765198;-0.999993765198;-0.99999376;-0.99999376;-0.999993754432;-0.999993754432;-0.99999374848;-0.99999374848;-0.999993742124;-0.999993742124;-0.999993735348;-0.999993735348;-0.99999372813;-0.99999372813;-0.99999372045;-0.99999372045;-0.999993712287;-0.999993712287;-0.999993703616;-0.999993703616;-0.999993694413;-0.999993694413;-0.999993684651;-0.999993684651;-0.999993674304;-0.999993674304;-0.99999366334;-0.99999366334;-0.99999365173;-0.99999365173;-0.999993639442;-0.999993639442;-0.999993626439;-0.999993626439,-0.999993840365;-0.99999384034;-0.99999384034;-0.999993840263;-0.999993840263;-0.999993840135;-0.999993840135;-0.999993839956;-0.999993839956;-0.999993839724;-0.999993839724;-0.999993839439;-0.999993839439;-0.9999938391;-0.9999938391;-0.999993838707;-0.999993838707;-0.999993838257;-0.999993838257;-0.999993837749;-0.999993837749;-0.999993837182;-0.999993837182;-0.999993836554;-0.999993836554;-0.999993835863;-0.999993835863;-0.999993835107;-0.999993835107;-0.999993834284;-0.999993834284;-0.999993833391;-0.999993833391;-0.999993832425;-0.999993832425;-0.999993831383;-0.999993831383;-0.999993830262;-0.999993830262;-0.999993829059;-0.999993829059;-0.999993827771;-0.999993827771;-0.999993826392;-0.999993826392;-0.99999382492;-0.99999382492;-0.999993823349;-0.999993823349;-0.999993821676;-0.999993821676;-0.999993819895;-0.999993819895;-0.999993818001;-0.999993818001;-0.999993815988;-0.999993815988;-0.999993813852;-0.999993813852;-0.999993811584;-0.999993811584;-0.99999380918;-0.99999380918;-0.999993806633;-0.999993806633;-0.999993803934;-0.999993803934;-0.999993801077;-0.999993801077;-0.999993798053;-0.999993798053;-0.999993794855;-0.999993794855;-0.999993791473;-0.999993791473;-0.999993787898;-0.999993787898;-0.999993784121;-0.999993784121;-0.999993780131;-0.999993780131;-0.999993775917;-0.999993775917;-0.999993771468;-0.999993771468;-0.999993766773;-0.999993766773;-0.999993761818;-0.999993761818;-0.999993756591;-0.999993756591;-0.999993751078;-0.999993751078;-0.999993745265;-0.999993745265;-0.999993739136;-0.999993739136;-0.999993732676;-0.999993732676;-0.999993725869;-0.999993725869;-0.999993718696;-0.999993718696;-0.999993711139;-0.999993711139;-0.999993703179;-0.999993703179;-0.999993694797;-0.999993694797;-0.99999368597;-0.99999368597;-0.999993676678;-0.999993676678;-0.999993666895;-0.999993666895;-0.999993656599;-0.999993656599;-0.999993645763;-0.999993645763;-0.999993634361;-0.999993634361;-0.999993622363;-0.999993622363;-0.999993609742;-0.999993609742;-0.999993596464;-0.999993596464,inf,298.67745554438704,77.6360892149611,oscillatory,oscillatory,RESOLVED,RESOLVED,True,0.6942558764798786,False,False
179,215,71,127,355;357;359;363;365;371;373;375;377;387;389;391;393;395;397;399;401;403;405;407;409;411;413;439;441;443;445;447;449;451;453;455;457;459;461;463;465;467;469;471;473;475;477;479;485;487;509;511;513;519;521;523;557;559;561;563;565;567;573;575;577;579;581;583;603;606;608;614;616;618;639,425;427;437;439;441;443;525;527;529;531;535;537;539;541;543;545;547;549;551;553;555;557;559;561;563;565;567;569;571;573;575;577;579;581;583;585;587;589;591;593;595;597;599;601;603;605;607;609;611;613;615;617;619;621;623;625;627;629;631;633;635;637;639;641;643;645;647;649;651;653;655;657;659;661;663;665;667;669;671;673;675;677;679;681;683;685;687;689;691;693;695;697;699;701;703;705;707;709;711;713;715;717;719;721;723;725;727;729;731;733;735;737;739;741;743;745;747;749;751;753;755;757;759;761;763;765;767,1.9856626203263439,1.9889008156224206,0.0016281331228994796,0.5111568723936772,5.650109403987568e-13,0.9512238920484286,159,191,2.0125786163522013,2.0104712041884816,UNDERRESOLVED,UNDERRESOLVED,0.999993626439;0.999993626439;0.999993639442;0.999993639442;0.99999365173;0.99999365173;0.99999366334;0.99999366334;0.999993674304;0.999993674304;0.999993684651;0.999993684651;0.999993694413;0.999993694413;0.999993703616;0.999993703616;0.999993712287;0.999993712287;0.99999372045;0.99999372045;0.99999372813;0.99999372813;0.999993735348;0.999993735348;0.999993742124;0.999993742124;0.99999374848;0.99999374848;0.999993754432;0.999993754432;0.99999376;0.99999376;0.999993765198;0.999993765198;0.999993770043;0.999993770043;0.999993774549;0.999993774549;0.999993778729;0.999993778729;0.999993782596;0.999993782596;0.999993786161;0.999993786161;0.999993789435;0.999993789435;0.999993792428;0.999993792428;0.999993795149;0.999993795149;0.999993797606;0.999993797606;0.999993799807;0.999993799807;0.999993801759;0.999993801759;0.999993803467;0.999993803467;0.999993804937;0.999993804937;0.999993806173;0.999993806173;0.999993807179;0.999993807179;0.999993807959;0.999993807959;0.999993808514;0.999993808514;0.999993808846;0.999993808846;0.999993808957,0.999993596464;0.999993596464;0.999993609742;0.999993609742;0.999993622363;0.999993622363;0.999993634361;0.999993634361;0.999993645763;0.999993645763;0.999993656599;0.999993656599;0.999993666895;0.999993666895;0.999993676678;0.999993676678;0.99999368597;0.99999368597;0.999993694797;0.999993694797;0.999993703179;0.999993703179;0.999993711139;0.999993711139;0.999993718696;0.999993718696;0.999993725869;0.999993725869;0.999993732676;0.999993732676;0.999993739136;0.999993739136;0.999993745265;0.999993745265;0.999993751078;0.999993751078;0.999993756591;0.999993756591;0.999993761818;0.999993761818;0.999993766773;0.999993766773;0.999993771468;0.999993771468;0.999993775917;0.999993775917;0.999993780131;0.999993780131;0.999993784121;0.999993784121;0.999993787898;0.999993787898;0.999993791473;0.999993791473;0.999993794855;0.999993794855;0.999993798053;0.999993798053;0.999993801077;0.999993801077;0.999993803934;0.999993803934;0.999993806633;0.999993806633;0.99999380918;0.99999380918;0.999993811584;0.999993811584;0.999993813852;0.999993813852;0.999993815988;0.999993815988;0.999993818001;0.999993818001;0.999993819895;0.999993819895;0.999993821676;0.999993821676;0.999993823349;0.999993823349;0.99999382492;0.99999382492;0.999993826392;0.999993826392;0.999993827771;0.999993827771;0.999993829059;0.999993829059;0.999993830262;0.999993830262;0.999993831383;0.999993831383;0.999993832425;0.999993832425;0.999993833391;0.999993833391;0.999993834284;0.999993834284;0.999993835107;0.999993835107;0.999993835863;0.999993835863;0.999993836554;0.999993836554;0.999993837182;0.999993837182;0.999993837749;0.999993837749;0.999993838257;0.999993838257;0.999993838707;0.999993838707;0.9999938391;0.9999938391;0.999993839439;0.999993839439;0.999993839724;0.999993839724;0.999993839956;0.999993839956;0.999993840135;0.999993840135;0.999993840263;0.999993840263;0.99999384034;0.99999384034;0.999993840365,inf,298.67745554438704,77.6360892149611,oscillatory,oscillatory,RESOLVED,RESOLVED,True,0.6942558764798786,False,False
248,206,4,2,630;632;634;636,412;414,-0.04471191711166944,-0.03535767148425369,0.20921146378164068,0.4998786715794027,0.49987867157940247,0.741957001755524,23,23,13.91304347826087,16.695652173913043,RESOLVED,RESOLVED,-0.987494274899;-0.987494274899;0.987813231889;0.987813231889,-0.980317110635;-0.980317110635,inf,1.6853203857091752,194.01225081539445,oscillatory,oscillatory,RESOLVED,RESOLVED,True,0.6040347338192765,False,False
249,207,4,2,631;633;635;637,413;415,0.04471191711166944,0.03535767148425369,0.20921146378164068,0.4998786715794027,0.49987867157940247,0.741957001755524,23,23,13.91304347826087,16.695652173913043,RESOLVED,RESOLVED,-0.987813231889;-0.987813231889;0.987494274899;0.987494274899,0.980317110635;0.980317110635,inf,1.6853203857091752,194.01225081539445,oscillatory,oscillatory,RESOLVED,RESOLVED,True,0.6040347338192765,False,False
