low_group,high_group,low_dimension,high_dimension,low_members,high_members,low_omega_hat,high_omega_hat,frequency_rel_error,overlap,minimum_overlap,fingerprint_similarity,low_dominant_m,high_dominant_m,low_ppw,high_ppw,low_wavelength_status,high_wavelength_status,low_circularity_eigs,high_circularity_eigs,circularity_error,low_condition_number_max,high_condition_number_max,low_class,high_class,low_core_status,high_core_status,equilibrium_ready,score,numerically_trackable,physical_interpretation_allowed
145,142,1,1,145,142,-0.0,-0.0,0.0,0.9999982766821633,0.9999982766821633,0.9999997945969423,3,3,85.33333333333333,106.66666666666667,RESOLVED,RESOLVED,0,0,0.0,1.1503499776448682,1.150158648337191,real_dominant,real_dominant,RESOLVED,RESOLVED,False,0.9999989146585336,True,False
144,143,1,1,144,143,-0.0,-0.0,0.0,0.9999982766821628,0.9999982766821628,0.9999997945969423,3,3,85.33333333333333,106.66666666666667,RESOLVED,RESOLVED,0,0,0.0,1.1503499776448667,1.1501586483371895,real_dominant,real_dominant,RESOLVED,RESOLVED,False,0.9999989146585333,True,False
276,272,1,1,276,272,-0.02722390542721319,-0.02726006467069599,0.0013264547945722688,0.9992919533292534,0.9992919533292534,0.9999796792538541,4,4,64.0,80.0,RESOLVED,RESOLVED,0.0287704538749,0.0286548215159,0.0001156323589609487,1.8370245189038235,1.8471460279684244,mixed,mixed,RESOLVED,RESOLVED,False,0.9993711235918297,True,False
277,273,1,1,277,273,0.02722390542721319,0.02726006467069599,0.0013264547945722688,0.9992919533292534,0.9992919533292534,0.9999796792538541,4,4,64.0,80.0,RESOLVED,RESOLVED,-0.0287704538749,-0.0286548215159,0.0001156323589609487,1.8370245189038235,1.8471460279684244,mixed,mixed,RESOLVED,RESOLVED,False,0.9993711235918297,True,False
274,270,1,1,274,270,-0.027223905427213237,-0.02726006467069609,0.001326454794574393,0.9992919533292529,0.9992919533292529,0.9999796792538541,4,4,64.0,80.0,RESOLVED,RESOLVED,0.0287704538749,0.028654821516,0.00011563235895830498,1.83702451890384,1.8471460279684269,mixed,mixed,RESOLVED,RESOLVED,False,0.9993711235918291,True,False
275,271,1,1,275,271,0.027223905427213237,0.02726006467069609,0.001326454794574393,0.9992919533292529,0.9992919533292529,0.9999796792538541,4,4,64.0,80.0,RESOLVED,RESOLVED,-0.0287704538749,-0.028654821516,0.00011563235895830498,1.83702451890384,1.8471460279684269,mixed,mixed,RESOLVED,RESOLVED,False,0.9993711235918291,True,False
152,154,1,1,152,154,-0.047262843019776825,-0.04751355104193107,0.005276558300872844,0.9999917214711774,0.9999917214711774,0.9999994992205203,1,1,256.0,320.0,RESOLVED,RESOLVED,0.0107295998434,0.0105863048621,0.00014329498129792874,1.1655188402559098,1.1644276270198157,mixed,mixed,RESOLVED,RESOLVED,False,0.9992034239427056,True,False
153,155,1,1,153,155,0.047262843019776825,0.04751355104193107,0.005276558300872844,0.9999917214711774,0.9999917214711774,0.9999994992205203,1,1,256.0,320.0,RESOLVED,RESOLVED,-0.0107295998434,-0.0105863048621,0.00014329498129792874,1.1655188402559098,1.1644276270198157,mixed,mixed,RESOLVED,RESOLVED,False,0.9992034239427056,True,False
150,150,1,1,150,150,-0.047262843019777415,-0.04751355104193193,0.0052765583008783,0.9999917214711767,0.9999917214711767,0.9999994992205206,1,1,256.0,320.0,RESOLVED,RESOLVED,0.0107295998434,0.0105863048621,0.00014329498129698852,1.1655188402559074,1.1644276270198153,mixed,mixed,RESOLVED,RESOLVED,False,0.9992034239427043,True,False
151,151,1,1,151,151,0.047262843019777415,0.04751355104193193,0.0052765583008783,0.9999917214711767,0.9999917214711767,0.9999994992205206,1,1,256.0,320.0,RESOLVED,RESOLVED,-0.0107295998434,-0.0105863048621,0.00014329498129698852,1.1655188402559074,1.1644276270198153,mixed,mixed,RESOLVED,RESOLVED,False,0.9992034239427043,True,False
290,288,1,1,290,288,-0.0,-0.0,0.0,0.9984417455289467,0.9984417455289467,0.9998594914155966,0,0,inf,inf,NOT_APPLICABLE,NOT_APPLICABLE,0,0,0.0,2.319740807866458,2.192384651798168,real_dominant,real_dominant,RESOLVED,RESOLVED,False,0.9990299201712671,True,False
291,289,1,1,291,289,-0.0,-0.0,0.0,0.9984417455289465,0.9984417455289465,0.9998594914155964,0,0,inf,inf,NOT_APPLICABLE,NOT_APPLICABLE,0,0,0.0,2.3197408078664954,2.1923846517981627,real_dominant,real_dominant,RESOLVED,RESOLVED,False,0.999029920171267,True,False
208,228,1,1,208,228,-0.16041716052771887,-0.16129629801398,0.005450450488237031,0.9996574562532824,0.9996574562532824,0.9999595127364503,6,6,42.666666666666664,53.333333333333336,RESOLVED,RESOLVED,0.791053189662,0.805857743067,0.014804553405178611,1.3153075371149443,1.2825239122008067,oscillatory,oscillatory,RESOLVED,RESOLVED,False,0.9989667843628464,True,False
209,229,1,1,209,229,0.16041716052771887,0.16129629801398,0.005450450488237031,0.9996574562532824,0.9996574562532824,0.9999595127364503,6,6,42.666666666666664,53.333333333333336,RESOLVED,RESOLVED,-0.791053189662,-0.805857743067,0.014804553405178611,1.3153075371149443,1.2825239122008067,oscillatory,oscillatory,RESOLVED,RESOLVED,False,0.9989667843628464,True,False
192,160,1,1,192,160,-0.06523571046250339,-0.06576692028340382,0.008077158221965489,0.9999803537054581,0.9999803537054581,0.999999223271421,1,1,256.0,320.0,RESOLVED,RESOLVED,-0.0127754173414,-0.0129525142372,0.00017709689588275845,1.26036755915854,1.2583233311817479,mixed,mixed,RESOLVED,RESOLVED,False,0.9987764443078353,True,False
193,161,1,1,193,161,0.06523571046250339,0.06576692028340382,0.008077158221965489,0.9999803537054581,0.9999803537054581,0.999999223271421,1,1,256.0,320.0,RESOLVED,RESOLVED,0.0127754173414,0.0129525142372,0.00017709689588275845,1.26036755915854,1.2583233311817479,mixed,mixed,RESOLVED,RESOLVED,False,0.9987764443078353,True,False
194,168,1,1,194,168,-0.06523571046250344,-0.06576692028340397,0.008077158221966915,0.9999803537054583,0.9999803537054583,0.9999992232714214,1,1,256.0,320.0,RESOLVED,RESOLVED,-0.0127754173413,-0.0129525142372,0.00017709689588408725,1.260367559158538,1.2583233311817474,mixed,mixed,RESOLVED,RESOLVED,False,0.9987764443078353,True,False
195,169,1,1,195,169,0.06523571046250344,0.06576692028340397,0.008077158221966915,0.9999803537054583,0.9999803537054583,0.9999992232714214,1,1,256.0,320.0,RESOLVED,RESOLVED,0.0127754173413,0.0129525142372,0.00017709689588408725,1.260367559158538,1.2583233311817474,mixed,mixed,RESOLVED,RESOLVED,False,0.9987764443078353,True,False
266,250,1,1,266,250,-0.1157688300669029,-0.11731009941387263,0.01313841992011367,0.9998444331625052,0.9998444331625052,0.9999787085937265,6,6,42.666666666666664,53.333333333333336,RESOLVED,RESOLVED,0.896676142278,0.901787569115,0.005111426837568711,1.113745590887671,1.1096668921204698,oscillatory,oscillatory,RESOLVED,RESOLVED,False,0.9979305740579176,True,False
267,251,1,1,267,251,0.1157688300669029,0.11731009941387263,0.01313841992011367,0.9998444331625052,0.9998444331625052,0.9999787085937265,6,6,42.666666666666664,53.333333333333336,RESOLVED,RESOLVED,-0.896676142278,-0.901787569115,0.005111426837568711,1.113745590887671,1.1096668921204698,oscillatory,oscillatory,RESOLVED,RESOLVED,False,0.9979305740579176,True,False
198,220,1,1,198,220,-0.06107323585319167,-0.06218563007283048,0.017888284131494733,0.9999144084082683,0.9999144084082683,0.9999878012971218,3,3,85.33333333333333,106.66666666666667,RESOLVED,RESOLVED,-0.0278630056178,-0.0282205847102,0.00035757909239282626,1.338098681366124,1.329528375076273,mixed,mixed,RESOLVED,RESOLVED,False,0.9972623527495172,True,False
199,221,1,1,199,221,0.06107323585319167,0.06218563007283048,0.017888284131494733,0.9999144084082683,0.9999144084082683,0.9999878012971218,3,3,85.33333333333333,106.66666666666667,RESOLVED,RESOLVED,0.0278630056178,0.0282205847102,0.00035757909239282626,1.338098681366124,1.329528375076273,mixed,mixed,RESOLVED,RESOLVED,False,0.9972623527495172,True,False
200,222,1,1,200,222,-0.06107323585319102,-0.06218563007283028,0.017888284131501918,0.9999144084082677,0.9999144084082677,0.9999878012971218,3,3,85.33333333333333,106.66666666666667,RESOLVED,RESOLVED,-0.0278630056178,-0.0282205847102,0.0003575790923913136,1.3380986813661206,1.3295283750762723,mixed,mixed,RESOLVED,RESOLVED,False,0.9972623527495158,True,False
201,223,1,1,201,223,0.06107323585319102,0.06218563007283028,0.017888284131501918,0.9999144084082677,0.9999144084082677,0.9999878012971218,3,3,85.33333333333333,106.66666666666667,RESOLVED,RESOLVED,0.0278630056178,0.0282205847102,0.0003575790923913136,1.3380986813661206,1.3295283750762723,mixed,mixed,RESOLVED,RESOLVED,False,0.9972623527495158,True,False
210,230,1,1,210,230,-0.1573564898255686,-0.1595628430441686,0.013827487505905562,0.9984002376046361,0.9984002376046361,0.99968029342349,8,8,32.0,40.0,RESOLVED,RESOLVED,0.72933770324,0.747056142109,0.01771843886909996,1.3769845614417557,1.3694303313821834,oscillatory,oscillatory,RESOLVED,RESOLVED,False,0.9968860927927684,True,False
211,231,1,1,211,231,0.1573564898255686,0.1595628430441686,0.013827487505905562,0.9984002376046361,0.9984002376046361,0.99968029342349,8,8,32.0,40.0,RESOLVED,RESOLVED,-0.72933770324,-0.747056142109,0.01771843886909996,1.3769845614417557,1.3694303313821834,oscillatory,oscillatory,RESOLVED,RESOLVED,False,0.9968860927927684,True,False
256,258,1,1,256,258,-0.031744673431428436,-0.031000459277936532,0.02344374892057025,0.996982349837084,0.996982349837084,0.996685495091765,15,15,17.066666666666666,21.333333333333332,RESOLVED,RESOLVED,-0.00564185785257,0.00209667724203,0.007738535094596412,1.614200906875448,1.6727375452547293,mixed,mixed,RESOLVED,RESOLVED,False,0.9938442213371059,True,False
257,259,1,1,257,259,0.031744673431428436,0.031000459277936532,0.02344374892057025,0.996982349837084,0.996982349837084,0.996685495091765,15,15,17.066666666666666,21.333333333333332,RESOLVED,RESOLVED,0.00564185785257,-0.00209667724203,0.007738535094596412,1.614200906875448,1.6727375452547293,mixed,mixed,RESOLVED,RESOLVED,False,0.9938442213371059,True,False
254,252,1,1,254,252,-0.031744673431428366,-0.031000459277936408,0.02344374892057213,0.9969823498370833,0.9969823498370833,0.996685495091765,15,15,17.066666666666666,21.333333333333332,RESOLVED,RESOLVED,-0.00564185785257,0.00209667724203,0.007738535094597043,1.6142009068754337,1.6727375452547284,mixed,mixed,RESOLVED,RESOLVED,False,0.9938442213371055,True,False
255,253,1,1,255,253,0.031744673431428366,0.031000459277936408,0.02344374892057213,0.9969823498370833,0.9969823498370833,0.996685495091765,15,15,17.066666666666666,21.333333333333332,RESOLVED,RESOLVED,0.00564185785257,-0.00209667724203,0.007738535094597043,1.6142009068754337,1.6727375452547284,mixed,mixed,RESOLVED,RESOLVED,False,0.9938442213371055,True,False
248,244,1,1,248,244,-0.018036381688695077,-0.01755895119902402,0.02647041396170411,0.9962582553876104,0.9962582553876104,0.9974948076328585,16,16,16.0,20.0,RESOLVED,RESOLVED,-0.0204701866448,-0.022059577686,0.0015893910411269307,1.4967430637787906,1.4196063625466553,mixed,mixed,RESOLVED,RESOLVED,False,0.9931580930465252,True,False
249,245,1,1,249,245,0.018036381688695077,0.01755895119902402,0.02647041396170411,0.9962582553876104,0.9962582553876104,0.9974948076328585,16,16,16.0,20.0,RESOLVED,RESOLVED,0.0204701866448,0.022059577686,0.0015893910411269307,1.4967430637787906,1.4196063625466553,mixed,mixed,RESOLVED,RESOLVED,False,0.9931580930465252,True,False
246,240,1,1,246,240,-0.018036381688695088,-0.01755895119902398,0.026470413961706872,0.9962582553876088,0.9962582553876088,0.9974948076328585,16,16,16.0,20.0,RESOLVED,RESOLVED,-0.0204701866448,-0.022059577686,0.0015893910411243599,1.4967430637787835,1.4196063625466484,mixed,mixed,RESOLVED,RESOLVED,False,0.9931580930465238,True,False
247,241,1,1,247,241,0.018036381688695088,0.01755895119902398,0.026470413961706872,0.9962582553876088,0.9962582553876088,0.9974948076328585,16,16,16.0,20.0,RESOLVED,RESOLVED,0.0204701866448,0.022059577686,0.0015893910411243599,1.4967430637787835,1.4196063625466484,mixed,mixed,RESOLVED,RESOLVED,False,0.9931580930465238,True,False
34,18,1,1,34,18,-0.7825085439784912,-0.7528525831044379,0.03789857772449888,0.9977501459992018,0.9977501459992018,0.9997825028343611,31,31,8.258064516129032,10.32258064516129,DIAGNOSTIC,DIAGNOSTIC,-0.989136879392,-0.988214888451,0.0009219909410909111,1.0190714881014473,1.021086272915671,oscillatory,oscillatory,RESOLVED,RESOLVED,False,0.9929109266494364,True,False
35,19,1,1,35,19,0.7825085439784912,0.7528525831044379,0.03789857772449888,0.9977501459992018,0.9977501459992018,0.9997825028343611,31,31,8.258064516129032,10.32258064516129,DIAGNOSTIC,DIAGNOSTIC,0.989136879392,0.988214888451,0.0009219909410909111,1.0190714881014473,1.021086272915671,oscillatory,oscillatory,RESOLVED,RESOLVED,False,0.9929109266494364,True,False
36,14,1,1,36,14,-0.8335446407304316,-0.8028668858015654,0.036803973572409256,0.997477844871182,0.997477844871182,0.9997541404438445,32,32,8.0,10.0,DIAGNOSTIC,DIAGNOSTIC,-0.990628354642,-0.989856250211,0.0007721044307340552,1.0172841404091029,1.0191960774579518,oscillatory,oscillatory,RESOLVED,RESOLVED,False,0.9929046459978088,True,False
37,15,1,1,37,15,0.8335446407304316,0.8028668858015654,0.036803973572409256,0.997477844871182,0.997477844871182,0.9997541404438445,32,32,8.0,10.0,DIAGNOSTIC,DIAGNOSTIC,0.990628354642,0.989856250211,0.0007721044307340552,1.0172841404091029,1.0191960774579518,oscillatory,oscillatory,RESOLVED,RESOLVED,False,0.9929046459978088,True,False
68,20,1,1,68,20,-0.7305333667316424,-0.701968286825647,0.039101677222210474,0.9980004112608964,0.9980004112608964,0.9998074631617386,30,30,8.533333333333333,10.666666666666666,DIAGNOSTIC,DIAGNOSTIC,-0.987217453872,-0.986094959021,0.0011224948506892707,1.0213005289926715,1.0234689965707582,oscillatory,oscillatory,RESOLVED,RESOLVED,False,0.992886860963641,True,False
69,21,1,1,69,21,0.7305333667316424,0.701968286825647,0.039101677222210474,0.9980004112608964,0.9980004112608964,0.9998074631617386,30,30,8.533333333333333,10.666666666666666,DIAGNOSTIC,DIAGNOSTIC,0.987217453872,0.986094959021,0.0011224948506892707,1.0213005289926715,1.0234689965707582,oscillatory,oscillatory,RESOLVED,RESOLVED,False,0.992886860963641,True,False
42,30,1,1,42,30,-0.8835581479622567,-0.8519281085887976,0.03579848077504256,0.9971823029766992,0.9971823029766992,0.9997221246992537,33,33,7.757575757575758,9.696969696969697,UNDERRESOLVED,DIAGNOSTIC,-0.991830498104,-0.991176069239,0.0006544288649457108,1.0157900140423313,1.0176300850581688,oscillatory,oscillatory,RESOLVED,RESOLVED,False,0.9928701408445765,True,False
43,31,1,1,43,31,0.8835581479622567,0.8519281085887976,0.03579848077504256,0.9971823029766992,0.9971823029766992,0.9997221246992537,33,33,7.757575757575758,9.696969696969697,UNDERRESOLVED,DIAGNOSTIC,0.991830498104,0.991176069239,0.0006544288649457108,1.0157900140423313,1.0176300850581688,oscillatory,oscillatory,RESOLVED,RESOLVED,False,0.9928701408445765,True,False
94,10,1,1,94,10,-0.6777458862326027,-0.6503288608418516,0.04045325238808098,0.9982305417996985,0.9982305417996985,0.999829397409426,29,29,8.827586206896552,11.03448275862069,DIAGNOSTIC,DIAGNOSTIC,-0.984761685665,-0.983374812957,0.001386872708167508,1.0240777022222753,1.0264660613459817,oscillatory,oscillatory,RESOLVED,RESOLVED,False,0.9928276865739634,True,False
95,11,1,1,95,11,0.6777458862326027,0.6503288608418516,0.04045325238808098,0.9982305417996985,0.9982305417996985,0.999829397409426,29,29,8.827586206896552,11.03448275862069,DIAGNOSTIC,DIAGNOSTIC,0.984761685665,0.983374812957,0.001386872708167508,1.0240777022222753,1.0264660613459817,oscillatory,oscillatory,RESOLVED,RESOLVED,False,0.9928276865739634,True,False
64,24,1,1,64,24,-0.7563247181867003,-0.7273571594011238,0.03830042584754694,0.9978394818880403,0.9978394818880403,0.9994503366362105,30,30,8.533333333333333,10.666666666666666,DIAGNOSTIC,DIAGNOSTIC,-0.992052084781,-0.991444198411,0.0006078863702245751,1.0272860763115421,1.0301923159487825,oscillatory,oscillatory,RESOLVED,RESOLVED,False,0.9928212094147447,True,False
65,25,1,1,65,25,0.7563247181867003,0.7273571594011238,0.03830042584754694,0.9978394818880403,0.9978394818880403,0.9994503366362105,30,30,8.533333333333333,10.666666666666666,DIAGNOSTIC,DIAGNOSTIC,0.992052084781,0.991444198411,0.0006078863702245751,1.0272860763115421,1.0301923159487825,oscillatory,oscillatory,RESOLVED,RESOLVED,False,0.9928212094147447,True,False
28,28,1,1,28,28,-0.9324580146851832,-0.8999529435475598,0.03485955466702453,0.996861622931201,0.996861622931201,0.9996859507809899,34,34,7.529411764705882,9.411764705882353,UNDERRESOLVED,DIAGNOSTIC,-0.992796975738,-0.992234731928,0.0005622438104651017,1.0145384797627177,1.016329803914851,oscillatory,oscillatory,RESOLVED,RESOLVED,False,0.9928095282539143,True,False
29,29,1,1,29,29,0.9324580146851832,0.8999529435475598,0.03485955466702453,0.996861622931201,0.996861622931201,0.9996859507809899,34,34,7.529411764705882,9.411764705882353,UNDERRESOLVED,DIAGNOSTIC,0.992796975738,0.992234731928,0.0005622438104651017,1.0145384797627177,1.016329803914851,oscillatory,oscillatory,RESOLVED,RESOLVED,False,0.9928095282539143,True,False
32,22,1,1,32,22,-0.8076148021154039,-0.7775728365148663,0.037198384083412146,0.9975797530565137,0.9975797530565137,0.9993578697474195,31,31,8.258064516129032,10.32258064516129,DIAGNOSTIC,DIAGNOSTIC,-0.992935468219,-0.992407877319,0.0005275909009363478,1.0261821420060269,1.0291273684799656,oscillatory,oscillatory,RESOLVED,RESOLVED,False,0.9928075616582513,True,False
33,23,1,1,33,23,0.8076148021154039,0.7775728365148663,0.037198384083412146,0.9975797530565137,0.9975797530565137,0.9993578697474195,31,31,8.258064516129032,10.32258064516129,DIAGNOSTIC,DIAGNOSTIC,0.992935468219,0.992407877319,0.0005275909009363478,1.0261821420060269,1.0291273684799656,oscillatory,oscillatory,RESOLVED,RESOLVED,False,0.9928075616582513,True,False
66,12,1,1,66,12,-0.7040887636619811,-0.6762607540816388,0.03952343939648785,0.9980767528597067,0.9980767528597067,0.9995296032426305,29,29,8.827586206896552,11.03448275862069,DIAGNOSTIC,DIAGNOSTIC,-0.990983574674,-0.990274679811,0.0007088948634925707,1.0286061084744578,1.031499440570465,oscillatory,oscillatory,RESOLVED,RESOLVED,False,0.9927999366170084,True,False
67,13,1,1,67,13,0.7040887636619811,0.6762607540816388,0.03952343939648785,0.9980767528597067,0.9980767528597067,0.9995296032426305,29,29,8.827586206896552,11.03448275862069,DIAGNOSTIC,DIAGNOSTIC,0.990983574674,0.990274679811,0.0007088948634925707,1.0286061084744578,1.031499440570465,oscillatory,oscillatory,RESOLVED,RESOLVED,False,0.9927999366170084,True,False
38,16,1,1,38,16,-0.8580530008859542,-0.8270091758672993,0.03617937934673231,0.9972969457464732,0.9972969457464732,0.9992523619444441,32,32,8.0,10.0,DIAGNOSTIC,DIAGNOSTIC,-0.993658305366,-0.993196324546,0.00046198082003556795,1.0252407764218043,1.0282420058629578,oscillatory,oscillatory,RESOLVED,RESOLVED,False,0.992764351031985,True,False
39,17,1,1,39,17,0.8580530008859542,0.8270091758672993,0.03617937934673231,0.9972969457464732,0.9972969457464732,0.9992523619444441,32,32,8.0,10.0,DIAGNOSTIC,DIAGNOSTIC,0.993658305366,0.993196324546,0.00046198082003556795,1.0252407764218043,1.0282420058629578,oscillatory,oscillatory,RESOLVED,RESOLVED,False,0.992764351031985,True,False
96,96,1,1,96,96,-0.6513210324403609,-0.6246997261167534,0.04087278776160984,0.9982937275879601,0.9982937275879601,0.9995995892504791,28,28,9.142857142857142,11.428571428571429,DIAGNOSTIC,DIAGNOSTIC,-0.989634292013,-0.98879704752,0.0008372444922019051,1.0302010974837725,1.0331108968200726,oscillatory,oscillatory,RESOLVED,RESOLVED,False,0.9927452157011543,True,False
97,97,1,1,97,97,0.6513210324403609,0.6246997261167534,0.04087278776160984,0.9982937275879601,0.9982937275879601,0.9995995892504791,28,28,9.142857142857142,11.428571428571429,DIAGNOSTIC,DIAGNOSTIC,0.989634292013,0.98879704752,0.0008372444922019051,1.0302010974837725,1.0331108968200726,oscillatory,oscillatory,RESOLVED,RESOLVED,False,0.9927452157011543,True,False
104,98,1,1,104,98,-0.6242263507554805,-0.5980120080249629,0.04199493132385588,0.9984416914313272,0.9984416914313272,0.9998482643939934,28,28,9.142857142857142,11.428571428571429,DIAGNOSTIC,DIAGNOSTIC,-0.981457630402,-0.979693933848,0.001763696553936489,1.0277422496420336,1.0304694146600755,oscillatory,oscillatory,RESOLVED,RESOLVED,False,0.9927278412587163,True,False
105,99,1,1,105,99,0.6242263507554805,0.5980120080249629,0.04199493132385588,0.9984416914313272,0.9984416914313272,0.9998482643939934,28,28,9.142857142857142,11.428571428571429,DIAGNOSTIC,DIAGNOSTIC,0.981457630402,0.979693933848,0.001763696553936489,1.0277422496420336,1.0304694146600755,oscillatory,oscillatory,RESOLVED,RESOLVED,False,0.9927278412587163,True,False
24,44,1,1,24,44,-0.9801749040689035,-0.9468718420428283,0.0339766524197135,0.9965144252745222,0.9965144252745222,0.9996451252723018,35,35,7.314285714285714,9.142857142857142,UNDERRESOLVED,DIAGNOSTIC,-0.993594483603,-0.993106579813,0.00048790379004659545,1.0134597869165172,1.0152170537556133,oscillatory,oscillatory,RESOLVED,RESOLVED,False,0.9927234386198317,True,False
25,45,1,1,25,45,0.9801749040689035,0.9468718420428283,0.0339766524197135,0.9965144252745222,0.9965144252745222,0.9996451252723018,35,35,7.314285714285714,9.142857142857142,UNDERRESOLVED,DIAGNOSTIC,0.993594483603,0.993106579813,0.00048790379004659545,1.0134597869165172,1.0152170537556133,oscillatory,oscillatory,RESOLVED,RESOLVED,False,0.9927234386198317,True,False
30,26,1,1,30,26,-0.9073917817896823,-0.8754225865013671,0.03523196476968444,0.9969887635086563,0.9969887635086563,0.9991305353397674,33,33,7.757575757575758,9.696969696969697,UNDERRESOLVED,DIAGNOSTIC,-0.994265578834,-0.993857042777,0.0004085360565294627,1.0244378065517692,1.0275116261932253,oscillatory,oscillatory,RESOLVED,RESOLVED,False,0.9926910972246829,True,False
31,27,1,1,31,27,0.9073917817896823,0.8754225865013671,0.03523196476968444,0.9969887635086563,0.9969887635086563,0.9991305353397674,33,33,7.757575757575758,9.696969696969697,UNDERRESOLVED,DIAGNOSTIC,0.994265578834,0.993857042777,0.0004085360565294627,1.0244378065517692,1.0275116261932253,oscillatory,oscillatory,RESOLVED,RESOLVED,False,0.9926910972246829,True,False
106,100,1,1,106,100,-0.5977766465320024,-0.5724070726583038,0.04243988790943898,0.9984910604851587,0.9984910604851587,0.999658367621327,27,27,9.481481481481481,11.851851851851851,DIAGNOSTIC,DIAGNOSTIC,-0.987971991706,-0.986968894859,0.0010030968470463586,1.0321553455559203,1.035125876737844,oscillatory,oscillatory,RESOLVED,RESOLVED,False,0.992643245010011,True,False
107,101,1,1,107,101,0.5977766465320024,0.5724070726583038,0.04243988790943898,0.9984910604851587,0.9984910604851587,0.999658367621327,27,27,9.481481481481481,11.851851851851851,DIAGNOSTIC,DIAGNOSTIC,0.987971991706,0.986968894859,0.0010030968470463586,1.0321553455559203,1.035125876737844,oscillatory,oscillatory,RESOLVED,RESOLVED,False,0.992643245010011,True,False
20,38,1,1,20,38,-1.026645418496705,-0.9926258186658743,0.03313665966643582,0.9961388128117507,0.9961388128117507,0.9995989924716422,36,36,7.111111111111111,8.88888888888889,UNDERRESOLVED,DIAGNOSTIC,-0.994252906239,-0.99382530447,0.0004276017693654044,1.0125268664330016,1.0142600285641319,oscillatory,oscillatory,RESOLVED,RESOLVED,False,0.9926125368549956,True,False
21,39,1,1,21,39,1.026645418496705,0.9926258186658743,0.03313665966643582,0.9961388128117507,0.9961388128117507,0.9995989924716422,36,36,7.111111111111111,8.88888888888889,UNDERRESOLVED,DIAGNOSTIC,0.994252906239,0.99382530447,0.0004276017693654044,1.0125268664330016,1.0142600285641319,oscillatory,oscillatory,RESOLVED,RESOLVED,False,0.9926125368549956,True,False
26,34,1,1,26,34,-0.9556504828583195,-0.9228333375655844,0.03434011271001519,0.9966543238778729,0.9966543238778729,0.9989910785052866,34,34,7.529411764705882,9.411764705882353,UNDERRESOLVED,DIAGNOSTIC,-0.994774626153,-0.994410925703,0.0003637004498209251,1.0237409913255142,1.0268987440836839,oscillatory,oscillatory,RESOLVED,RESOLVED,False,0.992589347046543,True,False
27,35,1,1,27,35,0.9556504828583195,0.9228333375655844,0.03434011271001519,0.9966543238778729,0.9966543238778729,0.9989910785052866,34,34,7.529411764705882,9.411764705882353,UNDERRESOLVED,DIAGNOSTIC,0.994774626153,0.994410925703,0.0003637004498209251,1.0237409913255142,1.0268987440836839,oscillatory,oscillatory,RESOLVED,RESOLVED,False,0.992589347046543,True,False
108,108,1,1,108,108,-0.5701493128352711,-0.545175601562343,0.04380205449821104,0.998635626418441,0.998635626418441,0.9998642382075107,27,27,9.481481481481481,11.851851851851851,DIAGNOSTIC,DIAGNOSTIC,-0.977039347998,-0.974752400372,0.0022869476252301846,1.0325706396506251,1.035796447922206,oscillatory,oscillatory,RESOLVED,RESOLVED,False,0.9925771272282106,True,False
109,109,1,1,109,109,0.5701493128352711,0.545175601562343,0.04380205449821104,0.998635626418441,0.998635626418441,0.9998642382075107,27,27,9.481481481481481,11.851851851851851,DIAGNOSTIC,DIAGNOSTIC,0.977039347998,0.974752400372,0.0022869476252301846,1.0325706396506251,1.035796447922206,oscillatory,oscillatory,RESOLVED,RESOLVED,False,0.9925771272282106,True,False
110,112,1,1,110,112,-0.5441305972021138,-0.520076265929234,0.04420690804113149,0.9986702571622191,0.9986702571622191,0.9997109313412951,26,26,9.846153846153847,12.307692307692308,DIAGNOSTIC,RESOLVED,-0.985775243462,-0.984549460275,0.0012257831865392088,1.0346307815130806,1.0377219575416705,oscillatory,oscillatory,RESOLVED,RESOLVED,False,0.9924988509264855,True,False
111,113,1,1,111,113,0.5441305972021138,0.520076265929234,0.04420690804113149,0.9986702571622191,0.9986702571622191,0.9997109313412951,26,26,9.846153846153847,12.307692307692308,DIAGNOSTIC,RESOLVED,0.985775243462,0.984549460275,0.0012257831865392088,1.0346307815130806,1.0377219575416705,oscillatory,oscillatory,RESOLVED,RESOLVED,False,0.9924988509264855,True,False
40,54,1,1,40,54,-1.0718192416738956,-1.0371639097308265,0.03233318697371648,0.9957332052644564,0.9957332052644564,0.9995468172509757,37,37,6.918918918918919,8.64864864864865,UNDERRESOLVED,DIAGNOSTIC,-0.994806561905,-0.994428676385,0.00037788551976492,1.0117053693001095,1.0134202450673528,oscillatory,oscillatory,RESOLVED,RESOLVED,False,0.9924766494253603,True,False
41,55,1,1,41,55,1.0718192416738956,1.0371639097308265,0.03233318697371648,0.9957332052644564,0.9957332052644564,0.9995468172509757,37,37,6.918918918918919,8.64864864864865,UNDERRESOLVED,DIAGNOSTIC,0.994806561905,0.994428676385,0.00037788551976492,1.0117053693001095,1.0134202450673528,oscillatory,oscillatory,RESOLVED,RESOLVED,False,0.9924766494253603,True,False
22,36,1,1,22,36,-1.0026837147253638,-0.9691008258150904,0.03349300324427022,0.9962913564409027,0.9962913564409027,0.9988308729790312,35,35,7.314285714285714,9.142857142857142,UNDERRESOLVED,DIAGNOSTIC,-0.995208368466,-0.994882006668,0.00032636179835743295,1.0231388296319623,1.026391864511264,oscillatory,oscillatory,RESOLVED,RESOLVED,False,0.9924585816226588,True,False
23,37,1,1,23,37,1.0026837147253638,0.9691008258150904,0.03349300324427022,0.9962913564409027,0.9962913564409027,0.9988308729790312,35,35,7.314285714285714,9.142857142857142,UNDERRESOLVED,DIAGNOSTIC,0.995208368466,0.994882006668,0.00032636179835743295,1.0231388296319623,1.026391864511264,oscillatory,oscillatory,RESOLVED,RESOLVED,False,0.9924585816226588,True,False
116,116,1,1,116,116,-0.5155462847031087,-0.4918407652205924,0.0459813603276527,0.9988136900219982,0.9988136900219982,0.9998767918910814,26,26,9.846153846153847,12.307692307692308,DIAGNOSTIC,RESOLVED,-0.970738968783,-0.967640003206,0.0030989655769141367,1.0394149950595408,1.0434588457984144,oscillatory,oscillatory,RESOLVED,RESOLVED,False,0.9923602079368213,True,False
117,117,1,1,117,117,0.5155462847031087,0.4918407652205924,0.0459813603276527,0.9988136900219982,0.9988136900219982,0.9998767918910814,26,26,9.846153846153847,12.307692307692308,DIAGNOSTIC,RESOLVED,0.970738968783,0.967640003206,0.0030989655769141367,1.0394149950595408,1.0434588457984144,oscillatory,oscillatory,RESOLVED,RESOLVED,False,0.9923602079368213,True,False
46,50,1,1,46,50,-1.115655437150289,-1.0804471004407572,0.031558432413025375,0.9952956592475739,0.9952956592475739,0.9994877392699254,38,38,6.7368421052631575,8.421052631578947,UNDERRESOLVED,DIAGNOSTIC,-0.995273385194,-0.994936903253,0.0003364819410316411,1.010980181298252,1.0126794025512196,oscillatory,oscillatory,RESOLVED,RESOLVED,False,0.9923155655040719,True,False
47,51,1,1,47,51,1.115655437150289,1.0804471004407572,0.031558432413025375,0.9952956592475739,0.9952956592475739,0.9994877392699254,38,38,6.7368421052631575,8.421052631578947,UNDERRESOLVED,DIAGNOSTIC,0.995273385194,0.994936903253,0.0003364819410316411,1.010980181298252,1.0126794025512196,oscillatory,oscillatory,RESOLVED,RESOLVED,False,0.9923155655040719,True,False
18,42,1,1,18,42,-1.048481309985746,-1.01421323826258,0.032683531310283336,0.9958986344457655,0.9958986344457655,0.9986473268863566,36,36,7.111111111111111,8.88888888888889,UNDERRESOLVED,DIAGNOSTIC,-0.995578637948,-0.99528421145,0.0002944264977373656,1.0226126077204916,1.0259693548319002,oscillatory,oscillatory,RESOLVED,RESOLVED,False,0.9922984826925059,True,False
19,43,1,1,19,43,1.048481309985746,1.01421323826258,0.032683531310283336,0.9958986344457655,0.9958986344457655,0.9986473268863566,36,36,7.111111111111111,8.88888888888889,UNDERRESOLVED,DIAGNOSTIC,0.995578637948,0.99528421145,0.0002944264977373656,1.0226126077204916,1.0259693548319002,oscillatory,oscillatory,RESOLVED,RESOLVED,False,0.9922984826925059,True,False
118,118,1,1,118,118,-0.4898772176971448,-0.46714909509769076,0.046395549289465474,0.998832713371768,0.998832713371768,0.9997532405494817,25,25,10.24,12.8,DIAGNOSTIC,RESOLVED,-0.983009342612,-0.981486848943,0.0015224936691716762,1.0377469196362665,1.0410412941136578,oscillatory,oscillatory,RESOLVED,RESOLVED,False,0.9922786057670114,True,False
119,119,1,1,119,119,0.4898772176971448,0.46714909509769076,0.046395549289465474,0.998832713371768,0.998832713371768,0.9997532405494817,25,25,10.24,12.8,DIAGNOSTIC,RESOLVED,0.983009342612,0.981486848943,0.0015224936691716762,1.0377469196362665,1.0410412941136578,oscillatory,oscillatory,RESOLVED,RESOLVED,False,0.9922786057670114,True,False
50,58,1,1,50,58,-1.1581224728138306,-1.1224427019905199,0.030808288122258304,0.9948243941219291,0.9948243941219291,0.9994207513811562,39,39,6.564102564102564,8.205128205128204,UNDERRESOLVED,DIAGNOSTIC,-0.995672165943,-0.995370475031,0.00030169091160814343,1.010334104718367,1.0120178366129846,oscillatory,oscillatory,RESOLVED,RESOLVED,False,0.9921285811001077,True,False
51,59,1,1,51,59,1.1581224728138306,1.1224427019905199,0.030808288122258304,0.9948243941219291,0.9948243941219291,0.9994207513811562,39,39,6.564102564102564,8.205128205128204,UNDERRESOLVED,DIAGNOSTIC,0.995672165943,0.995370475031,0.00030169091160814343,1.010334104718367,1.0120178366129846,oscillatory,oscillatory,RESOLVED,RESOLVED,False,0.9921285811001077,True,False
44,48,1,1,44,48,-1.0929603207263068,-1.0580911939899782,0.03190337844392836,0.9954739226214898,0.9954739226214898,0.998437021640223,37,37,6.918918918918919,8.64864864864865,UNDERRESOLVED,DIAGNOSTIC,-0.995898034681,-0.995630731546,0.00026730313537770556,1.0221561574702345,1.0256249806240685,oscillatory,oscillatory,RESOLVED,RESOLVED,False,0.9921081022163604,True,False
45,49,1,1,45,49,1.0929603207263068,1.0580911939899782,0.03190337844392836,0.9954739226214898,0.9954739226214898,0.998437021640223,37,37,6.918918918918919,8.64864864864865,UNDERRESOLVED,DIAGNOSTIC,0.995898034681,0.995630731546,0.00026730313537770556,1.0221561574702345,1.0256249806240685,oscillatory,oscillatory,RESOLVED,RESOLVED,False,0.9921081022163604,True,False
120,120,1,1,120,120,-0.46064498645853863,-0.438212176491429,0.04869869558241404,0.9989767510208926,0.9989767510208926,0.9998854329536732,25,25,10.24,12.8,DIAGNOSTIC,RESOLVED,-0.961684433641,-0.957348476949,0.004335956692142373,1.0492499172719416,1.0546044084080366,oscillatory,oscillatory,RESOLVED,RESOLVED,False,0.9920526045135917,True,False
121,121,1,1,121,121,0.46064498645853863,0.438212176491429,0.04869869558241404,0.9989767510208926,0.9989767510208926,0.9998854329536732,25,25,10.24,12.8,DIAGNOSTIC,RESOLVED,0.961684433641,0.957348476949,0.004335956692142373,1.0492499172719416,1.0546044084080366,oscillatory,oscillatory,RESOLVED,RESOLVED,False,0.9920526045135917,True,False
122,122,1,1,122,122,-0.4360599417696697,-0.41472233630068117,0.048932734757505474,0.9989780337585493,0.9989780337585493,0.9997914764601522,24,24,10.666666666666666,13.333333333333334,DIAGNOSTIC,RESOLVED,-0.979108872166,-0.977153716415,0.0019551557512514917,1.0419958386193264,1.0456410338535385,oscillatory,oscillatory,RESOLVED,RESOLVED,False,0.9919947791565418,True,False
123,123,1,1,123,123,0.4360599417696697,0.41472233630068117,0.048932734757505474,0.9989780337585493,0.9989780337585493,0.9997914764601522,24,24,10.666666666666666,13.333333333333334,DIAGNOSTIC,RESOLVED,0.979108872166,0.977153716415,0.0019551557512514917,1.0419958386193264,1.0456410338535385,oscillatory,oscillatory,RESOLVED,RESOLVED,False,0.9919947791565418,True,False
54,64,1,1,54,64,-1.199197990182743,-1.1631284648722715,0.030078040161637547,0.9943173765147044,0.9943173765147044,0.9993447196767364,40,40,6.4,8.0,UNDERRESOLVED,DIAGNOSTIC,-0.996014147266,-0.995742019109,0.0002721281576149037,1.0097590120345064,1.0114250400722358,oscillatory,oscillatory,RESOLVED,RESOLVED,False,0.9919148998037611,True,False
55,65,1,1,55,65,1.199197990182743,1.1631284648722715,0.030078040161637547,0.9943173765147044,0.9943173765147044,0.9993447196767364,40,40,6.4,8.0,UNDERRESOLVED,DIAGNOSTIC,0.996014147266,0.995742019109,0.0002721281576149037,1.0097590120345064,1.0114250400722358,oscillatory,oscillatory,RESOLVED,RESOLVED,False,0.9919148998037611,True,False
48,56,1,1,48,56,-1.1361048862276828,-1.100716253914405,0.031149089086996123,0.9950156500514004,0.9950156500514004,0.9981961459931802,38,38,6.7368421052631575,8.421052631578947,UNDERRESOLVED,DIAGNOSTIC,-0.996174549711,-0.995930797262,0.00024375244894625503,1.021759061727076,1.0253467487099077,oscillatory,oscillatory,RESOLVED,RESOLVED,False,0.9918860631660859,True,False
49,57,1,1,49,57,1.1361048862276828,1.100716253914405,0.031149089086996123,0.9950156500514004,0.9950156500514004,0.9981961459931802,38,38,6.7368421052631575,8.421052631578947,UNDERRESOLVED,DIAGNOSTIC,0.996174549711,0.995930797262,0.00024375244894625503,1.021759061727076,1.0253467487099077,oscillatory,oscillatory,RESOLVED,RESOLVED,False,0.9918860631660859,True,False
58,68,1,1,58,68,-1.2388671325614162,-1.202487812926115,0.029364988931529185,0.9937726267893475,0.9937726267893475,0.9992583094849892,41,41,6.2439024390243905,7.804878048780488,UNDERRESOLVED,UNDERRESOLVED,-0.99631024711,-0.996063373455,0.0002468736549583461,1.009246720011332,1.0108909776265134,oscillatory,oscillatory,RESOLVED,RESOLVED,False,0.9916734051051265,True,False
59,69,1,1,59,69,1.2388671325614162,1.202487812926115,0.029364988931529185,0.9937726267893475,0.9937726267893475,0.9992583094849892,41,41,6.2439024390243905,7.804878048780488,UNDERRESOLVED,UNDERRESOLVED,0.99631024711,0.996063373455,0.0002468736549583461,1.009246720011332,1.0108909776265134,oscillatory,oscillatory,RESOLVED,RESOLVED,False,0.9916734051051265,True,False
52,60,1,1,52,60,-1.1778711728495395,-1.142046383902975,0.030414861805214317,0.994521570722004,0.994521570722004,0.9979205508743351,39,39,6.564102564102564,8.205128205128204,UNDERRESOLVED,DIAGNOSTIC,-0.996415603707,-0.996192200942,0.00022340276528809433,1.021417966794174,1.0251311457115442,oscillatory,oscillatory,RESOLVED,RESOLVED,False,0.991630850881004,True,False
53,61,1,1,53,61,1.1778711728495395,1.142046383902975,0.030414861805214317,0.994521570722004,0.994521570722004,0.9979205508743351,39,39,6.564102564102564,8.205128205128204,UNDERRESOLVED,DIAGNOSTIC,0.996415603707,0.996192200942,0.00022340276528809433,1.021417966794174,1.0251311457115442,oscillatory,oscillatory,RESOLVED,RESOLVED,False,0.991630850881004,True,False
124,124,1,1,124,124,-0.4053164436329128,-0.3841218811411322,0.05229139558664466,0.9991260539625688,0.9991260539625688,0.9998883073048724,24,24,10.666666666666666,13.333333333333334,DIAGNOSTIC,RESOLVED,-0.947695032504,-0.941191737153,0.006503295351607763,1.0646181459556197,1.072393645468086,oscillatory,oscillatory,RESOLVED,RESOLVED,False,0.9916039998657628,True,False
125,125,1,1,125,125,0.4053164436329128,0.3841218811411322,0.05229139558664466,0.9991260539625688,0.9991260539625688,0.9998883073048724,24,24,10.666666666666666,13.333333333333334,DIAGNOSTIC,RESOLVED,0.947695032504,0.941191737153,0.006503295351607763,1.0646181459556197,1.072393645468086,oscillatory,oscillatory,RESOLVED,RESOLVED,False,0.9916039998657628,True,False
128,126,1,1,128,126,-0.38179966723856856,-0.3618072948401774,0.052363514465555754,0.9991096639751502,0.9991096639751502,0.9998191832207927,23,23,11.130434782608695,13.91304347826087,DIAGNOSTIC,RESOLVED,-0.974055966796,-0.971500630252,0.002555336544301623,1.0475091292598668,1.051684220790045,oscillatory,oscillatory,RESOLVED,RESOLVED,False,0.9915660670204549,True,False
129,127,1,1,129,127,0.38179966723856856,0.3618072948401774,0.052363514465555754,0.9991096639751502,0.9991096639751502,0.9998191832207927,23,23,11.130434782608695,13.91304347826087,DIAGNOSTIC,RESOLVED,0.974055966796,0.971500630252,0.002555336544301623,1.0475091292598668,1.051684220790045,oscillatory,oscillatory,RESOLVED,RESOLVED,False,0.9915660670204549,True,False
62,72,1,1,62,72,-1.2771228859975539,-1.2405125407714528,0.028666266674490584,0.9931879837848391,0.9931879837848391,0.9991600304481635,42,42,6.095238095238095,7.619047619047619,UNDERRESOLVED,UNDERRESOLVED,-0.996567736103,-0.99634266397,0.00022507213298272877,1.0087936451923667,1.0104100603904114,oscillatory,oscillatory,RESOLVED,RESOLVED,False,0.9914028578817706,True,False
63,73,1,1,63,73,1.2771228859975539,1.2405125407714528,0.028666266674490584,0.9931879837848391,0.9931879837848391,0.9991600304481635,42,42,6.095238095238095,7.619047619047619,UNDERRESOLVED,UNDERRESOLVED,0.996567736103,0.99634266397,0.00022507213298272877,1.0087936451923667,1.0104100603904114,oscillatory,oscillatory,RESOLVED,RESOLVED,False,0.9914028578817706,True,False
56,66,1,1,56,66,-1.218248622679896,-1.1820681032618587,0.029698797720327207,0.9939897961136075,0.9939897961136075,0.9976051351732284,40,40,6.4,8.0,UNDERRESOLVED,DIAGNOSTIC,-0.996626604135,-0.996421093202,0.00020551093288279088,1.0211275481021342,1.0249720163447276,oscillatory,oscillatory,RESOLVED,RESOLVED,False,0.9913403418034223,True,False
57,67,1,1,57,67,1.218248622679896,1.1820681032618587,0.029698797720327207,0.9939897961136075,0.9939897961136075,0.9976051351732284,40,40,6.4,8.0,UNDERRESOLVED,DIAGNOSTIC,0.996626604135,0.996421093202,0.00020551093288279088,1.0211275481021342,1.0249720163447276,oscillatory,oscillatory,RESOLVED,RESOLVED,False,0.9913403418034223,True,False
72,78,1,1,72,78,-1.3139644075911432,-1.2771995387032538,0.02798011017306735,0.9925612677905982,0.9925612677905982,0.9990481411360138,43,43,5.953488372093023,7.441860465116279,UNDERRESOLVED,UNDERRESOLVED,-0.99679329903,-0.996587116264,0.00020618276584216666,1.0083968774867995,1.0099776747335965,oscillatory,oscillatory,RESOLVED,RESOLVED,False,0.9911017794324022,True,False
73,79,1,1,73,79,1.3139644075911432,1.2771995387032538,0.02798011017306735,0.9925612677905982,0.9925612677905982,0.9990481411360138,43,43,5.953488372093023,7.441860465116279,UNDERRESOLVED,UNDERRESOLVED,0.99679329903,0.996587116264,0.00020618276584216666,1.0083968774867995,1.0099776747335965,oscillatory,oscillatory,RESOLVED,RESOLVED,False,0.9911017794324022,True,False
60,70,1,1,60,70,-1.2572189788184756,-1.2207632970088311,0.028997081991162195,0.9934180080549359,0.9934180080549359,0.9972446006121134,41,41,6.2439024390243905,7.804878048780488,UNDERRESOLVED,UNDERRESOLVED,-0.996812189847,-0.996622373011,0.00018981683556973383,1.020886351826868,1.0248677119520977,oscillatory,oscillatory,RESOLVED,RESOLVED,False,0.9910123926873156,True,False
61,71,1,1,61,71,1.2572189788184756,1.2207632970088311,0.028997081991162195,0.9934180080549359,0.9934180080549359,0.9972446006121134,41,41,6.2439024390243905,7.804878048780488,UNDERRESOLVED,UNDERRESOLVED,0.996812189847,0.996622373011,0.00018981683556973383,1.020886351826868,1.0248677119520977,oscillatory,oscillatory,RESOLVED,RESOLVED,False,0.9910123926873156,True,False
130,134,1,1,130,134,-0.32853733831574,-0.30995842672949986,0.05655038079228903,0.999222160278013,0.999222160278013,0.9998424612248797,22,22,11.636363636363637,14.545454545454545,DIAGNOSTIC,RESOLVED,-0.966213652004,-0.962666046987,0.0035476050168432582,1.0559437969773482,1.0611030270878337,oscillatory,oscillatory,RESOLVED,RESOLVED,False,0.9910113543541844,True,False
131,135,1,1,131,135,0.32853733831574,0.30995842672949986,0.05655038079228903,0.999222160278013,0.999222160278013,0.9998424612248797,22,22,11.636363636363637,14.545454545454545,DIAGNOSTIC,RESOLVED,0.966213652004,0.962666046987,0.0035476050168432582,1.0559437969773482,1.0611030270878337,oscillatory,oscillatory,RESOLVED,RESOLVED,False,0.9910113543541844,True,False
126,130,1,1,126,130,-0.3497429082663833,-0.32969900748404146,0.0573103851674823,0.9992539974208662,0.9992539974208662,0.9998809420137587,23,23,11.130434782608695,13.91304347826087,DIAGNOSTIC,RESOLVED,-0.924697543014,-0.914172731895,0.010524811118628019,1.0905591224701272,1.103163069378711,oscillatory,oscillatory,RESOLVED,RESOLVED,False,0.9909260761808371,True,False
127,131,1,1,127,131,0.3497429082663833,0.32969900748404146,0.0573103851674823,0.9992539974208662,0.9992539974208662,0.9998809420137587,23,23,11.130434782608695,13.91304347826087,DIAGNOSTIC,RESOLVED,0.924697543014,0.914172731895,0.010524811118628019,1.0905591224701272,1.103163069378711,oscillatory,oscillatory,RESOLVED,RESOLVED,False,0.9909260761808371,True,False
86,82,1,1,86,82,-1.3493971877404882,-1.3125521862029614,0.02730478607208468,0.9918901572654741,0.9918901572654741,0.9989206950390913,44,44,5.818181818181818,7.2727272727272725,UNDERRESOLVED,UNDERRESOLVED,-0.996991765213,-0.996802098024,0.00018966718834145802,1.008056123758906,1.0095916107869065,oscillatory,oscillatory,RESOLVED,RESOLVED,False,0.9907685502082445,True,False
87,83,1,1,87,83,1.3493971877404882,1.3125521862029614,0.02730478607208468,0.9918901572654741,0.9918901572654741,0.9989206950390913,44,44,5.818181818181818,7.2727272727272725,UNDERRESOLVED,UNDERRESOLVED,0.996991765213,0.996802098024,0.00018966718834145802,1.008056123758906,1.0095916107869065,oscillatory,oscillatory,RESOLVED,RESOLVED,False,0.9907685502082445,True,False
70,74,1,1,70,74,-1.294780977220497,-1.2581275933263019,0.02830855916100881,0.9928040281333266,0.9928040281333266,0.9968323591040283,42,42,6.095238095238095,7.619047619047619,UNDERRESOLVED,UNDERRESOLVED,-0.996976053369,-0.996800187525,0.00017586584360052004,1.0206923084903454,1.024815730486376,oscillatory,oscillatory,RESOLVED,RESOLVED,False,0.9906442227818516,True,False
71,75,1,1,71,75,1.294780977220497,1.2581275933263019,0.02830855916100881,0.9928040281333266,0.9928040281333266,0.9968323591040283,42,42,6.095238095238095,7.619047619047619,UNDERRESOLVED,UNDERRESOLVED,0.996976053369,0.996800187525,0.00017586584360052004,1.0206923084903454,1.024815730486376,oscillatory,oscillatory,RESOLVED,RESOLVED,False,0.9906442227818516,True,False
92,84,1,1,92,84,-1.3834317438193284,-1.346578259284042,0.026639178043972405,0.9911722662286847,0.9911722662286847,0.9987754400751988,45,45,5.688888888888889,7.111111111111111,UNDERRESOLVED,UNDERRESOLVED,-0.99716741866,-0.996992233211,0.0001751854484406401,1.0077720248085404,1.009250704748454,oscillatory,oscillatory,RESOLVED,RESOLVED,False,0.9904013430494145,True,False
93,85,1,1,93,85,1.3834317438193284,1.346578259284042,0.026639178043972405,0.9911722662286847,0.9911722662286847,0.9987754400751988,45,45,5.688888888888889,7.111111111111111,UNDERRESOLVED,UNDERRESOLVED,0.99716741866,0.996992233211,0.0001751854484406401,1.0077720248085404,1.009250704748454,oscillatory,oscillatory,RESOLVED,RESOLVED,False,0.9904013430494145,True,False
74,76,1,1,74,76,-1.330933897810957,-1.2941590880462697,0.02763083112179531,0.9921454074097483,0.9921454074097483,0.996361532249367,43,43,5.953488372093023,7.441860465116279,UNDERRESOLVED,UNDERRESOLVED,-0.997121240741,-0.996957774791,0.00016346595040250822,1.0205455147861444,1.024815978299305,oscillatory,oscillatory,RESOLVED,RESOLVED,False,0.9902330028399216,True,False
75,77,1,1,75,77,1.330933897810957,1.2941590880462697,0.02763083112179531,0.9921454074097483,0.9921454074097483,0.996361532249367,43,43,5.953488372093023,7.441860465116279,UNDERRESOLVED,UNDERRESOLVED,0.997121240741,0.996957774791,0.00016346595040250822,1.0205455147861444,1.024815978299305,oscillatory,oscillatory,RESOLVED,RESOLVED,False,0.9902330028399216,True,False
238,242,1,1,238,242,-0.07015203673634617,-0.06610769431917367,0.05765110473374323,0.9981423434612221,0.9981423434612221,0.9997292164830599,17,17,15.058823529411764,18.823529411764707,RESOLVED,RESOLVED,-0.0263063232613,-0.0225009194899,0.0038054037714106946,1.337119663490543,1.3704973543522496,mixed,mixed,RESOLVED,RESOLVED,False,0.9901700444874367,True,False
239,243,1,1,239,243,0.07015203673634617,0.06610769431917367,0.05765110473374323,0.9981423434612221,0.9981423434612221,0.9997292164830599,17,17,15.058823529411764,18.823529411764707,RESOLVED,RESOLVED,0.0263063232613,0.0225009194899,0.0038054037714106946,1.337119663490543,1.3704973543522496,mixed,mixed,RESOLVED,RESOLVED,False,0.9901700444874367,True,False
206,238,1,1,206,238,-0.07015203673634654,-0.06610769431917353,0.057651104733750146,0.998142343461222,0.998142343461222,0.9997292164830597,17,17,15.058823529411764,18.823529411764707,RESOLVED,RESOLVED,-0.0263063232613,-0.0225009194899,0.003805403771409477,1.3371196634905365,1.3704973543522483,mixed,mixed,RESOLVED,RESOLVED,False,0.9901700444874355,True,False
207,239,1,1,207,239,0.07015203673634654,0.06610769431917353,0.057651104733750146,0.998142343461222,0.998142343461222,0.9997292164830597,17,17,15.058823529411764,18.823529411764707,RESOLVED,RESOLVED,0.0263063232613,0.0225009194899,0.003805403771409477,1.3371196634905365,1.3704973543522483,mixed,mixed,RESOLVED,RESOLVED,False,0.9901700444874355,True,False
146,146,1,1,146,146,-0.2750334724308077,-0.2577298716630726,0.0629145267839656,0.9993226204860266,0.9993226204860266,0.9998520538650225,21,21,12.19047619047619,15.238095238095237,RESOLVED,RESOLVED,-0.955568798572,-0.950540926871,0.005027871700746367,1.0674106996701682,1.074085391684923,oscillatory,oscillatory,RESOLVED,RESOLVED,False,0.9901194067402767,True,False
147,147,1,1,147,147,0.2750334724308077,0.2577298716630726,0.0629145267839656,0.9993226204860266,0.9993226204860266,0.9998520538650225,21,21,12.19047619047619,15.238095238095237,RESOLVED,RESOLVED,0.955568798572,0.950540926871,0.005027871700746367,1.0674106996701682,1.074085391684923,oscillatory,oscillatory,RESOLVED,RESOLVED,False,0.9901194067402767,True,False
98,86,1,1,98,86,-1.4160835385533657,-1.3792904750805963,0.0259822690336165,0.9904050849539371,0.9904050849539371,0.9986098529530544,46,46,5.565217391304348,6.956521739130435,UNDERRESOLVED,UNDERRESOLVED,-0.997323544331,-0.997161152283,0.00016239204777457328,1.0075469869861113,1.008955320504935,oscillatory,oscillatory,RESOLVED,RESOLVED,False,0.9899981738555833,True,False
99,87,1,1,99,87,1.4160835385533657,1.3792904750805963,0.0259822690336165,0.9904050849539371,0.9904050849539371,0.9986098529530544,46,46,5.565217391304348,6.956521739130435,UNDERRESOLVED,UNDERRESOLVED,0.997323544331,0.997161152283,0.00016239204777457328,1.0075469869861113,1.008955320504935,oscillatory,oscillatory,RESOLVED,RESOLVED,False,0.9899981738555833,True,False
82,80,1,1,82,80,-1.365686264163119,-1.3288630376762758,0.026963166763200933,0.9914396955837208,0.9914396955837208,0.9958237297248966,44,44,5.818181818181818,7.2727272727272725,UNDERRESOLVED,UNDERRESOLVED,-0.997250306947,-0.997097975398,0.00015233154856975073,1.0204461739982464,1.024868424304207,oscillatory,oscillatory,RESOLVED,RESOLVED,False,0.9897752747669764,True,False
83,81,1,1,83,81,1.365686264163119,1.3288630376762758,0.026963166763200933,0.9914396955837208,0.9914396955837208,0.9958237297248966,44,44,5.818181818181818,7.2727272727272725,UNDERRESOLVED,UNDERRESOLVED,0.997250306947,0.997097975398,0.00015233154856975073,1.0204461739982464,1.024868424304207,oscillatory,oscillatory,RESOLVED,RESOLVED,False,0.9897752747669764,True,False
140,140,1,1,140,140,-0.29330721088374034,-0.2741502345327191,0.06531369035660906,0.9993284191430355,0.9993284191430355,0.9998522520824719,22,22,11.636363636363637,14.545454545454545,DIAGNOSTIC,RESOLVED,-0.883676355575,-0.86399860138,0.019677754194875274,1.1390574277613872,1.163700563938254,oscillatory,oscillatory,RESOLVED,RESOLVED,False,0.989763060952948,True,False
141,141,1,1,141,141,0.29330721088374034,0.2741502345327191,0.06531369035660906,0.9993284191430355,0.9993284191430355,0.9998522520824719,22,22,11.636363636363637,14.545454545454545,DIAGNOSTIC,RESOLVED,0.883676355575,0.86399860138,0.019677754194875274,1.1390574277613872,1.163700563938254,oscillatory,oscillatory,RESOLVED,RESOLVED,False,0.989763060952948,True,False
240,234,1,1,240,234,-0.0964136968307758,-0.09301908557309871,0.035208807143193424,0.9926969275252256,0.9926969275252256,0.9975706516866744,19,19,13.473684210526315,16.842105263157894,RESOLVED,RESOLVED,-0.0129622513347,-0.0183860715432,0.0054238202084861235,2.3889244083015906,1.8920934784737131,mixed,mixed,RESOLVED,RESOLVED,False,0.989729498365325,True,False
241,235,1,1,241,235,0.0964136968307758,0.09301908557309871,0.035208807143193424,0.9926969275252256,0.9926969275252256,0.9975706516866744,19,19,13.473684210526315,16.842105263157894,RESOLVED,RESOLVED,0.0129622513347,0.0183860715432,0.0054238202084861235,2.3889244083015906,1.8920934784737131,mixed,mixed,RESOLVED,RESOLVED,False,0.989729498365325,True,False
236,236,1,1,236,236,-0.09641369683077562,-0.09301908557309811,0.03520880714319766,0.992696927525225,0.992696927525225,0.9975706516866738,19,19,13.473684210526315,16.842105263157894,RESOLVED,RESOLVED,-0.0129622513347,-0.0183860715432,0.005423820208485242,2.3889244083015866,1.8920934784737213,mixed,mixed,RESOLVED,RESOLVED,False,0.9897294983653238,True,False
237,237,1,1,237,237,0.09641369683077562,0.09301908557309811,0.03520880714319766,0.992696927525225,0.992696927525225,0.9975706516866738,19,19,13.473684210526315,16.842105263157894,RESOLVED,RESOLVED,0.0129622513347,0.0183860715432,0.005423820208485242,2.3889244083015866,1.8920934784737213,mixed,mixed,RESOLVED,RESOLVED,False,0.9897294983653238,True,False
100,94,1,1,100,94,-1.4473720193867365,-1.410705170275736,0.02533339640387447,0.9895860096313853,0.9895860096313853,0.9984210404479452,47,47,5.446808510638298,6.808510638297872,UNDERRESOLVED,UNDERRESOLVED,-0.997462998724,-0.997311936709,0.00015106201492198768,1.0073844863131378,1.008706850538156,oscillatory,oscillatory,RESOLVED,RESOLVED,False,0.9895568564302363,True,False
101,95,1,1,101,95,1.4473720193867365,1.410705170275736,0.02533339640387447,0.9895860096313853,0.9895860096313853,0.9984210404479452,47,47,5.446808510638298,6.808510638297872,UNDERRESOLVED,UNDERRESOLVED,0.997462998724,0.997311936709,0.00015106201492198768,1.0073844863131378,1.008706850538156,oscillatory,oscillatory,RESOLVED,RESOLVED,False,0.9895568564302363,True,False
90,88,1,1,90,88,-1.3990498439430565,-1.3622490576056865,0.02630412811715948,0.9906842633781864,0.9906842633781864,0.9952100288672121,45,45,5.688888888888889,7.111111111111111,UNDERRESOLVED,UNDERRESOLVED,-0.997365331799,-0.997223014099,0.00014231770017980594,1.020395823439225,1.024974427445516,oscillatory,oscillatory,RESOLVED,RESOLVED,False,0.9892674460261409,True,False
91,89,1,1,91,89,1.3990498439430565,1.3622490576056865,0.02630412811715948,0.9906842633781864,0.9906842633781864,0.9952100288672121,45,45,5.688888888888889,7.111111111111111,UNDERRESOLVED,UNDERRESOLVED,0.997365331799,0.997223014099,0.00014231770017980594,1.020395823439225,1.024974427445516,oscillatory,oscillatory,RESOLVED,RESOLVED,False,0.9892674460261409,True,False
112,102,1,1,112,102,-1.4773203821903744,-1.4408423782192485,0.024692006155794883,0.9887123172428723,0.9887123172428723,0.99820575671654,48,48,5.333333333333333,6.666666666666667,UNDERRESOLVED,UNDERRESOLVED,-0.997588067076,-0.997447098055,0.00014096902073068573,1.0072894623384463,1.0085078762335742,oscillatory,oscillatory,RESOLVED,RESOLVED,False,0.9890750286014891,True,False
113,103,1,1,113,103,1.4773203821903744,1.4408423782192485,0.024692006155794883,0.9887123172428723,0.9887123172428723,0.99820575671654,48,48,5.333333333333333,6.666666666666667,UNDERRESOLVED,UNDERRESOLVED,0.997588067076,0.997447098055,0.00014096902073068573,1.0072894623384463,1.0085078762335742,oscillatory,oscillatory,RESOLVED,RESOLVED,False,0.9890750286014891,True,False
166,170,1,1,166,170,-0.22273792236408876,-0.20675255464197995,0.0717676072060107,0.9993875806526077,0.9993875806526077,0.9998454554160198,20,20,12.8,16.0,RESOLVED,RESOLVED,-0.936386963603,-0.928374407705,0.008012555898824214,1.0885933240982093,1.0987702947254234,oscillatory,oscillatory,RESOLVED,RESOLVED,False,0.9888287711646678,True,False
167,171,1,1,167,171,0.22273792236408876,0.20675255464197995,0.0717676072060107,0.9993875806526077,0.9993875806526077,0.9998454554160198,20,20,12.8,16.0,RESOLVED,RESOLVED,0.936386963603,0.928374407705,0.008012555898824214,1.0885933240982093,1.0987702947254234,oscillatory,oscillatory,RESOLVED,RESOLVED,False,0.9888287711646678,True,False
88,90,1,1,88,90,-1.4310418840050152,-1.3943309784696176,0.025653271190536866,0.9898763950957455,0.9898763950957455,0.9945098170524282,46,46,5.565217391304348,6.956521739130435,UNDERRESOLVED,UNDERRESOLVED,-0.997468110383,-0.997334871291,0.00013323909178419857,1.0203964854621996,1.0251358527464478,oscillatory,oscillatory,RESOLVED,RESOLVED,False,0.9887053006419738,True,False
89,91,1,1,89,91,1.4310418840050152,1.3943309784696176,0.025653271190536866,0.9898763950957455,0.9898763950957455,0.9945098170524282,46,46,5.565217391304348,6.956521739130435,UNDERRESOLVED,UNDERRESOLVED,0.997468110383,0.997334871291,0.00013323909178419857,1.0203964854621996,1.0251358527464478,oscillatory,oscillatory,RESOLVED,RESOLVED,False,0.9887053006419738,True,False
80,110,1,1,80,110,-1.5059548649234868,-1.4697249725972312,0.024057754432166553,0.9877811702250537,0.9877811702250537,0.9979603080989742,49,49,5.224489795918367,6.530612244897959,UNDERRESOLVED,UNDERRESOLVED,-0.997700719855,-0.997568761039,0.00013195881583993874,1.007268075937451,1.0083620251290741,oscillatory,oscillatory,RESOLVED,RESOLVED,False,0.9885501159949508,True,False
81,111,1,1,81,111,1.5059548649234868,1.4697249725972312,0.024057754432166553,0.9877811702250537,0.9877811702250537,0.9979603080989742,49,49,5.224489795918367,6.530612244897959,UNDERRESOLVED,UNDERRESOLVED,0.997700719855,0.997568761039,0.00013195881583993874,1.007268075937451,1.0083620251290741,oscillatory,oscillatory,RESOLVED,RESOLVED,False,0.9885501159949508,True,False
102,92,1,1,102,92,-1.461683218979607,-1.4251268264891184,0.0250097914622079,0.9890132407806528,0.9890132407806528,0.9937116209063919,47,47,5.446808510638298,6.808510638297872,UNDERRESOLVED,UNDERRESOLVED,-0.997560106525,-0.99743512132,0.00012498520461623475,1.0204511739725708,1.0253555268469434,oscillatory,oscillatory,RESOLVED,RESOLVED,False,0.9880843809756584,True,False
103,93,1,1,103,93,1.461683218979607,1.4251268264891184,0.0250097914622079,0.9890132407806528,0.9890132407806528,0.9937116209063919,47,47,5.446808510638298,6.808510638297872,UNDERRESOLVED,UNDERRESOLVED,0.997560106525,0.99743512132,0.00012498520461623475,1.0204511739725708,1.0253555268469434,oscillatory,oscillatory,RESOLVED,RESOLVED,False,0.9880843809756584,True,False
84,104,1,1,84,104,-1.5333044464008698,-1.4973785230849572,0.023430391400899926,0.9867896079167174,0.9867896079167174,0.9976805520279749,50,50,5.12,6.4,UNDERRESOLVED,UNDERRESOLVED,-0.997802582002,-0.997678702022,0.0001238799800220569,1.0073279516607565,1.0082740486767625,oscillatory,oscillatory,RESOLVED,RESOLVED,False,0.9879793440468891,True,False
85,105,1,1,85,105,1.5333044464008698,1.4973785230849572,0.023430391400899926,0.9867896079167174,0.9867896079167174,0.9976805520279749,50,50,5.12,6.4,UNDERRESOLVED,UNDERRESOLVED,0.997802582002,0.997678702022,0.0001238799800220569,1.0073279516607565,1.0082740486767625,oscillatory,oscillatory,RESOLVED,RESOLVED,False,0.9879793440468891,True,False
114,114,1,1,114,114,-1.490998197009738,-1.4546574140694304,0.02437345867566466,0.9880918162034504,0.9880918162034504,0.992802105493843,48,48,5.333333333333333,6.666666666666667,UNDERRESOLVED,UNDERRESOLVED,-0.997642601427,-0.997525170131,0.00011743129645824801,1.0205636184050235,1.0256370125476368,oscillatory,oscillatory,RESOLVED,RESOLVED,False,0.9873995972941813,True,False
115,115,1,1,115,115,1.490998197009738,1.4546574140694304,0.02437345867566466,0.9880918162034504,0.9880918162034504,0.992802105493843,48,48,5.333333333333333,6.666666666666667,UNDERRESOLVED,UNDERRESOLVED,0.997642601427,0.997525170131,0.00011743129645824801,1.0205636184050235,1.0256370125476368,oscillatory,oscillatory,RESOLVED,RESOLVED,False,0.9873995972941813,True,False
16,52,1,1,16,52,-1.559400315255302,-1.5238307131728115,0.02280979536461562,0.9857345392713033,0.9857345392713033,0.9973618049267973,51,51,5.019607843137255,6.2745098039215685,UNDERRESOLVED,UNDERRESOLVED,-0.997895053445,-0.997778429161,0.00011662428372993805,1.0074781656467047,1.0082498391921313,oscillatory,oscillatory,RESOLVED,RESOLVED,False,0.987359705489789,True,False
17,53,1,1,17,53,1.559400315255302,1.5238307131728115,0.02280979536461562,0.9857345392713033,0.9857345392713033,0.9973618049267973,51,51,5.019607843137255,6.2745098039215685,UNDERRESOLVED,UNDERRESOLVED,0.997895053445,0.997778429161,0.00011662428372993805,1.0074781656467047,1.0082498391921313,oscillatory,oscillatory,RESOLVED,RESOLVED,False,0.987359705489789,True,False
160,166,1,1,160,166,-0.2347993771050006,-0.2155960417091283,0.08178614284519461,0.9984195130719571,0.9984195130719571,0.9996769829080543,21,21,12.19047619047619,15.238095238095237,RESOLVED,RESOLVED,-0.786547832943,-0.727858728516,0.058689104427133154,1.2682783059644664,1.3542792994984365,oscillatory,oscillatory,RESOLVED,RESOLVED,False,0.9867030321434085,True,False
161,167,1,1,161,167,0.2347993771050006,0.2155960417091283,0.08178614284519461,0.9984195130719571,0.9984195130719571,0.9996769829080543,21,21,12.19047619047619,15.238095238095237,RESOLVED,RESOLVED,0.786547832943,0.727858728516,0.058689104427133154,1.2682783059644664,1.3542792994984365,oscillatory,oscillatory,RESOLVED,RESOLVED,False,0.9867030321434085,True,False
12,40,1,1,12,40,-1.5842755624599028,-1.54911111316834,0.022195917253790828,0.9846127409607067,0.9846127409607067,0.9969988238013662,52,52,4.923076923076923,6.153846153846154,UNDERRESOLVED,UNDERRESOLVED,-0.997979314601,-0.997869226108,0.00011008849336879845,1.0077294631616647,1.0082965151598278,oscillatory,oscillatory,RESOLVED,RESOLVED,False,0.986687962938697,True,False
13,41,1,1,13,41,1.5842755624599028,1.54911111316834,0.022195917253790828,0.9846127409607067,0.9846127409607067,0.9969988238013662,52,52,4.923076923076923,6.153846153846154,UNDERRESOLVED,UNDERRESOLVED,0.997979314601,0.997869226108,0.00011008849336879845,1.0077294631616647,1.0082965151598278,oscillatory,oscillatory,RESOLVED,RESOLVED,False,0.986687962938697,True,False
78,106,1,1,78,106,-1.5190142207633555,-1.4829469290448978,0.023743880225382305,0.9871090181857458,0.9871090181857458,0.9917667129458269,49,49,5.224489795918367,6.530612244897959,UNDERRESOLVED,UNDERRESOLVED,-0.997716649601,-0.997606157191,0.00011049241013982858,1.02073847569892,1.0259847242665059,oscillatory,oscillatory,RESOLVED,RESOLVED,False,0.9866455071140968,True,False
79,107,1,1,79,107,1.5190142207633555,1.4829469290448978,0.023743880225382305,0.9871090181857458,0.9871090181857458,0.9917667129458269,49,49,5.224489795918367,6.530612244897959,UNDERRESOLVED,UNDERRESOLVED,0.997716649601,0.997606157191,0.00011049241013982858,1.02073847569892,1.0259847242665059,oscillatory,oscillatory,RESOLVED,RESOLVED,False,0.9866455071140968,True,False
202,232,1,1,202,232,-0.17059222476546146,-0.15560629434069262,0.08784650323525724,0.9994046442552045,0.9994046442552045,0.9998045772136454,19,19,13.473684210526315,16.842105263157894,RESOLVED,RESOLVED,-0.90741759569,-0.893853049821,0.01356454586905409,1.1215946112777053,1.138796659509225,oscillatory,oscillatory,RESOLVED,RESOLVED,False,0.9864169553712454,True,False
203,233,1,1,203,233,0.17059222476546146,0.15560629434069262,0.08784650323525724,0.9994046442552045,0.9994046442552045,0.9998045772136454,19,19,13.473684210526315,16.842105263157894,RESOLVED,RESOLVED,0.90741759569,0.893853049821,0.01356454586905409,1.1215946112777053,1.138796659509225,oscillatory,oscillatory,RESOLVED,RESOLVED,False,0.9864169553712454,True,False
272,274,1,1,272,274,-0.0989381806254181,-0.1017186411041324,0.027334817379912144,0.9876376998425324,0.9876376998425324,0.9901887329664417,8,8,32.0,40.0,RESOLVED,RESOLVED,0.800199905685,0.803571318573,0.0033714128889288375,1.266113289231817,1.273177727700218,oscillatory,oscillatory,RESOLVED,RESOLVED,False,0.986029580540143,True,False
273,275,1,1,273,275,0.0989381806254181,0.1017186411041324,0.027334817379912144,0.9876376998425324,0.9876376998425324,0.9901887329664417,8,8,32.0,40.0,RESOLVED,RESOLVED,-0.800199905685,-0.803571318573,0.0033714128889288375,1.266113289231817,1.273177727700218,oscillatory,oscillatory,RESOLVED,RESOLVED,False,0.986029580540143,True,False
8,8,1,1,8,8,-1.6079647723854413,-1.5732507629989645,0.02158878725618966,0.983420845059427,0.983420845059427,0.9965857166140007,53,53,4.830188679245283,6.037735849056604,UNDERRESOLVED,UNDERRESOLVED,-0.998056386532,-0.997952190914,0.00010419561747387895,1.0080943893452459,1.008422526357417,oscillatory,oscillatory,RESOLVED,RESOLVED,False,0.9859606181007279,True,False
9,9,1,1,9,9,1.6079647723854413,1.5732507629989645,0.02158878725618966,0.983420845059427,0.983420845059427,0.9965857166140007,53,53,4.830188679245283,6.037735849056604,UNDERRESOLVED,UNDERRESOLVED,0.998056386532,0.997952190914,0.00010419561747387895,1.0080943893452459,1.008422526357417,oscillatory,oscillatory,RESOLVED,RESOLVED,False,0.9859606181007279,True,False
76,62,1,1,76,62,-1.5457610411033866,-1.5100215175540224,0.023120988690369014,0.9860615842045548,0.9860615842045548,0.9905888568262422,50,50,5.12,6.4,UNDERRESOLVED,UNDERRESOLVED,-0.997783179232,-0.997679098084,0.00010408114734106189,1.0209813184628862,1.026403977586591,oscillatory,oscillatory,RESOLVED,RESOLVED,False,0.9858160164257381,True,False
77,63,1,1,77,63,1.5457610411033866,1.5100215175540224,0.023120988690369014,0.9860615842045548,0.9860615842045548,0.9905888568262422,50,50,5.12,6.4,UNDERRESOLVED,UNDERRESOLVED,0.997783179232,0.997679098084,0.00010408114734106189,1.0209813184628862,1.026403977586591,oscillatory,oscillatory,RESOLVED,RESOLVED,False,0.9858160164257381,True,False
4,4,1,1,4,4,-1.6305037400899427,-1.5962819330386775,0.020988487306001058,0.9821553386016547,0.9821553386016547,0.9961159095561872,54,54,4.7407407407407405,5.925925925925926,UNDERRESOLVED,UNDERRESOLVED,-0.998127145067,-0.998028270811,9.887425608423595e-05,1.0085875461353724,1.0086377830310567,oscillatory,oscillatory,RESOLVED,RESOLVED,False,0.9851739074541395,True,False
5,5,1,1,5,5,1.6305037400899427,1.5962819330386775,0.020988487306001058,0.9821553386016547,0.9821553386016547,0.9961159095561872,54,54,4.7407407407407405,5.925925925925926,UNDERRESOLVED,UNDERRESOLVED,0.998127145067,0.998028270811,9.887425608423595e-05,1.0085875461353724,1.0086377830310567,oscillatory,oscillatory,RESOLVED,RESOLVED,False,0.9851739074541395,True,False
288,286,1,1,288,286,-0.01403153338928474,-0.013268534230696174,0.05437746092463675,0.9922681222781942,0.9922681222781942,0.9912324791425713,12,12,21.333333333333332,26.666666666666668,RESOLVED,RESOLVED,-0.0687317247827,-0.0754019191952,0.0066701944125081986,2.28638885207874,2.96995829146838,mixed,mixed,RESOLVED,RESOLVED,False,0.9850123740138637,True,False
289,287,1,1,289,287,0.01403153338928474,0.013268534230696174,0.05437746092463675,0.9922681222781942,0.9922681222781942,0.9912324791425713,12,12,21.333333333333332,26.666666666666668,RESOLVED,RESOLVED,0.0687317247827,0.0754019191952,0.0066701944125081986,2.28638885207874,2.96995829146838,mixed,mixed,RESOLVED,RESOLVED,False,0.9850123740138637,True,False
286,282,1,1,286,282,-0.014031533389284633,-0.01326853423069589,0.05437746092464977,0.9922681222781954,0.9922681222781954,0.9912324791425704,12,12,21.333333333333332,26.666666666666668,RESOLVED,RESOLVED,-0.0687317247827,-0.0754019191952,0.006670194412505728,2.2863888520787317,2.9699582914683864,mixed,mixed,RESOLVED,RESOLVED,False,0.9850123740138624,True,False
287,283,1,1,287,283,0.014031533389284633,0.01326853423069589,0.05437746092464977,0.9922681222781954,0.9922681222781954,0.9912324791425704,12,12,21.333333333333332,26.666666666666668,RESOLVED,RESOLVED,0.0687317247827,0.0754019191952,0.006670194412505728,2.2863888520787317,2.9699582914683864,mixed,mixed,RESOLVED,RESOLVED,False,0.9850123740138624,True,False
14,46,1,1,14,46,-1.5712706959868297,-1.5359097885035355,0.022504656628300476,0.9849461317327189,0.9849461317327189,0.9892503913069534,51,51,5.019607843137255,6.2745098039215685,UNDERRESOLVED,UNDERRESOLVED,-0.997842963362,-0.997744831899,9.813146356407731e-05,1.0212987585869027,1.026901011905709,oscillatory,oscillatory,RESOLVED,RESOLVED,False,0.9849045783721245,True,False
15,47,1,1,15,47,1.5712706959868297,1.5359097885035355,0.022504656628300476,0.9849461317327189,0.9849461317327189,0.9892503913069534,51,51,5.019607843137255,6.2745098039215685,UNDERRESOLVED,UNDERRESOLVED,0.997842963362,0.997744831899,9.813146356407731e-05,1.0212987585869027,1.026901011905709,oscillatory,oscillatory,RESOLVED,RESOLVED,False,0.9849045783721245,True,False
0,0,1,1,0,0,-1.6519291513436456,-1.6182378121180458,0.020395147817444833,0.9808125494979179,0.9808125494979179,0.9955820606135677,55,55,4.654545454545454,5.818181818181818,UNDERRESOLVED,UNDERRESOLVED,-0.998192353156,-0.998098283797,9.406935931954852e-05,1.0092258420966258,1.008953830128123,oscillatory,oscillatory,RESOLVED,RESOLVED,False,0.984323772679526,True,False
1,1,1,1,1,1,1.6519291513436456,1.6182378121180458,0.020395147817444833,0.9808125494979179,0.9808125494979179,0.9955820606135677,55,55,4.654545454545454,5.818181818181818,UNDERRESOLVED,UNDERRESOLVED,0.998192353156,0.998098283797,9.406935931954852e-05,1.0092258420966258,1.008953830128123,oscillatory,oscillatory,RESOLVED,RESOLVED,False,0.984323772679526,True,False
10,32,1,1,10,32,-1.5955767738218303,-1.560641719034091,0.021894938157103264,0.9837591069627422,0.9837591069627422,0.9877310210863125,52,52,4.923076923076923,6.153846153846154,UNDERRESOLVED,UNDERRESOLVED,-0.997896683243,-0.997804103775,9.257946776908277e-05,1.021698564587255,1.0274831495911643,oscillatory,oscillatory,RESOLVED,RESOLVED,False,0.9839039787256578,True,False
11,33,1,1,11,33,1.5955767738218303,1.560641719034091,0.021894938157103264,0.9837591069627422,0.9837591069627422,0.9877310210863125,52,52,4.923076923076923,6.153846153846154,UNDERRESOLVED,UNDERRESOLVED,0.997896683243,0.997804103775,9.257946776908277e-05,1.021698564587255,1.0274831495911643,oscillatory,oscillatory,RESOLVED,RESOLVED,False,0.9839039787256578,True,False
244,256,1,1,244,256,-0.07309991698638031,-0.06785661661760002,0.0717278566781026,0.9929586292059106,0.9929586292059106,0.9945647898239942,18,18,14.222222222222221,17.77777777777778,RESOLVED,RESOLVED,0.0115904632393,0.0257119007481,0.01412143750883729,1.7607111455625415,1.8299835135069114,mixed,mixed,RESOLVED,RESOLVED,False,0.9836571964778296,True,False
245,257,1,1,245,257,0.07309991698638031,0.06785661661760002,0.0717278566781026,0.9929586292059106,0.9929586292059106,0.9945647898239942,18,18,14.222222222222221,17.77777777777778,RESOLVED,RESOLVED,-0.0115904632393,-0.0257119007481,0.01412143750883729,1.7607111455625415,1.8299835135069114,mixed,mixed,RESOLVED,RESOLVED,False,0.9836571964778296,True,False
242,254,1,1,242,254,-0.07309991698638081,-0.06785661661760008,0.0717278566781083,0.9929586292059106,0.9929586292059106,0.9945647898239942,18,18,14.222222222222221,17.77777777777778,RESOLVED,RESOLVED,0.0115904632393,0.0257119007481,0.014121437508836298,1.7607111455625533,1.829983513506919,mixed,mixed,RESOLVED,RESOLVED,False,0.9836571964778287,True,False
243,255,1,1,243,255,0.07309991698638081,0.06785661661760008,0.0717278566781083,0.9929586292059106,0.9929586292059106,0.9945647898239942,18,18,14.222222222222221,17.77777777777778,RESOLVED,RESOLVED,-0.0115904632393,-0.0257119007481,0.014121437508836298,1.7607111455625533,1.829983513506919,mixed,mixed,RESOLVED,RESOLVED,False,0.9836571964778287,True,False
268,260,1,1,268,260,-0.10651620192791379,-0.10720448874406059,0.00642031713606709,0.9827429583483503,0.9827429583483503,0.9792798140703248,0,0,inf,inf,NOT_APPLICABLE,NOT_APPLICABLE,0.791838737464,0.804959406499,0.013120669035082355,1.3117343889890778,1.282270782799722,oscillatory,oscillatory,RESOLVED,RESOLVED,False,0.9835026809561813,True,False
269,261,1,1,269,261,0.10651620192791379,0.10720448874406059,0.00642031713606709,0.9827429583483503,0.9827429583483503,0.9792798140703248,0,0,inf,inf,NOT_APPLICABLE,NOT_APPLICABLE,-0.791838737464,-0.804959406499,0.013120669035082355,1.3117343889890778,1.282270782799722,oscillatory,oscillatory,RESOLVED,RESOLVED,False,0.9835026809561813,True,False
134,132,1,1,134,132,-1.6722783378985795,-1.6391522881609855,0.019808933110513672,0.9793886449720433,0.9793886449720433,0.9949760177042933,56,56,4.571428571428571,5.714285714285714,UNDERRESOLVED,UNDERRESOLVED,-0.998252674577,-0.998162943385,8.973119180322175e-05,1.0100288331361649,1.0093840410541777,oscillatory,oscillatory,RESOLVED,RESOLVED,False,0.9834058514427223,True,False
135,133,1,1,135,133,1.6722783378985795,1.6391522881609855,0.019808933110513672,0.9793886449720433,0.9793886449720433,0.9949760177042933,56,56,4.571428571428571,5.714285714285714,UNDERRESOLVED,UNDERRESOLVED,0.998252674577,0.998162943385,8.973119180322175e-05,1.0100288331361649,1.0093840410541777,oscillatory,oscillatory,RESOLVED,RESOLVED,False,0.9834058514427223,True,False
6,6,1,1,6,6,-1.6187144026812712,-1.584248939348529,0.021291874141388303,0.9824968277501813,0.9824968277501813,0.9860086687645202,53,53,4.830188679245283,6.037735849056604,UNDERRESOLVED,UNDERRESOLVED,-0.997944912712,-0.997857539782,8.737292935667718e-05,1.0221897945790355,1.0281588332899498,oscillatory,oscillatory,RESOLVED,RESOLVED,False,0.9828064827200306,True,False
7,7,1,1,7,7,1.6187144026812712,1.584248939348529,0.021291874141388303,0.9824968277501813,0.9824968277501813,0.9860086687645202,53,53,4.830188679245283,6.037735849056604,UNDERRESOLVED,UNDERRESOLVED,0.997944912712,0.997857539782,8.737292935667718e-05,1.0221897945790355,1.0281588332899498,oscillatory,oscillatory,RESOLVED,RESOLVED,False,0.9828064827200306,True,False
138,138,1,1,138,138,-1.6915890257600936,-1.6590597086901122,0.019230035531452448,0.9778796169314096,0.9778796169314096,0.994288738850905,57,57,4.491228070175438,5.614035087719298,UNDERRESOLVED,UNDERRESOLVED,-0.998308692741,-0.998222872166,8.582057512429575e-05,1.0110191022725634,1.0099438662137472,oscillatory,oscillatory,RESOLVED,RESOLVED,False,0.982415449541854,True,False
139,139,1,1,139,139,1.6915890257600936,1.6590597086901122,0.019230035531452448,0.9778796169314096,0.9778796169314096,0.994288738850905,57,57,4.491228070175438,5.614035087719298,UNDERRESOLVED,UNDERRESOLVED,0.998308692741,0.998222872166,8.582057512429575e-05,1.0110191022725634,1.0099438662137472,oscillatory,oscillatory,RESOLVED,RESOLVED,False,0.982415449541854,True,False
2,2,1,1,2,2,-1.6407196529156862,-1.6067639667460516,0.02069560519330209,0.9811554363953049,0.9811554363953049,0.9840591324493911,54,54,4.7407407407407405,5.925925925925926,UNDERRESOLVED,UNDERRESOLVED,-0.997988156832,-0.997905693828,8.246300451442146e-05,1.022782995843788,1.0289378361493433,oscillatory,oscillatory,RESOLVED,RESOLVED,False,0.9816037041705354,True,False
3,3,1,1,3,3,1.6407196529156862,1.6067639667460516,0.02069560519330209,0.9811554363953049,0.9811554363953049,0.9840591324493911,54,54,4.7407407407407405,5.925925925925926,UNDERRESOLVED,UNDERRESOLVED,0.997988156832,0.997905693828,8.246300451442146e-05,1.022782995843788,1.0289378361493433,oscillatory,oscillatory,RESOLVED,RESOLVED,False,0.9816037041705354,True,False
148,148,1,1,148,148,-1.709899131772926,-1.6779946932943597,0.018658666985511593,0.9762812780448815,0.9762812780448815,0.9935102494281521,58,58,4.413793103448276,5.517241379310345,UNDERRESOLVED,UNDERRESOLVED,-0.998360921723,-0.998278618709,8.230301321554556e-05,1.0122227293195212,1.0106511119603403,oscillatory,oscillatory,RESOLVED,RESOLVED,False,0.9813475291361402,True,False
149,149,1,1,149,149,1.709899131772926,1.6779946932943597,0.018658666985511593,0.9762812780448815,0.9762812780448815,0.9935102494281521,58,58,4.413793103448276,5.517241379310345,UNDERRESOLVED,UNDERRESOLVED,0.998360921723,0.998278618709,8.230301321554556e-05,1.0122227293195212,1.0106511119603403,oscillatory,oscillatory,RESOLVED,RESOLVED,False,0.9813475291361402,True,False
132,128,1,1,132,128,-1.6616294913492735,-1.6282203103178188,0.020106275920948963,0.9797309374934364,0.9797309374934364,0.9818564624617073,55,55,4.654545454545454,5.818181818181818,UNDERRESOLVED,UNDERRESOLVED,-0.99802684487,-0.997949037516,7.780735418749796e-05,1.0234903977739567,1.0298313594223933,oscillatory,oscillatory,RESOLVED,RESOLVED,False,0.9802867367233463,True,False
133,129,1,1,133,129,1.6616294913492735,1.6282203103178188,0.020106275920948963,0.9797309374934364,0.9797309374934364,0.9818564624617073,55,55,4.654545454545454,5.818181818181818,UNDERRESOLVED,UNDERRESOLVED,0.99802684487,0.997949037516,7.780735418749796e-05,1.0234903977739567,1.0298313594223933,oscillatory,oscillatory,RESOLVED,RESOLVED,False,0.9802867367233463,True,False
156,158,1,1,156,158,-1.7272465664334975,-1.6959919479583436,0.018095053180328422,0.9745892466812015,0.9745892466812015,0.9926295764399979,59,59,4.338983050847458,5.423728813559322,UNDERRESOLVED,UNDERRESOLVED,-0.998409817992,-0.99833066686,7.915113230683168e-05,1.0136698373627677,1.011526283572881,oscillatory,oscillatory,RESOLVED,RESOLVED,False,0.9801966841416712,True,False
157,159,1,1,157,159,1.7272465664334975,1.6959919479583436,0.018095053180328422,0.9745892466812015,0.9745892466812015,0.9926295764399979,59,59,4.338983050847458,5.423728813559322,UNDERRESOLVED,UNDERRESOLVED,0.998409817992,0.99833066686,7.915113230683168e-05,1.0136698373627677,1.011526283572881,oscillatory,oscillatory,RESOLVED,RESOLVED,False,0.9801966841416712,True,False
162,164,1,1,162,164,-1.743669070187176,-1.7130861117132676,0.01753942820734068,0.9727989399827769,0.9727989399827769,0.9916347173946133,60,60,4.266666666666667,5.333333333333333,UNDERRESOLVED,UNDERRESOLVED,-0.998455788703,-0.99837944716,7.63415434649195e-05,1.0153952505056731,1.0125929774832738,oscillatory,oscillatory,RESOLVED,RESOLVED,False,0.9789571291072183,True,False
163,165,1,1,163,165,1.743669070187176,1.7130861117132676,0.01753942820734068,0.9727989399827769,0.9727989399827769,0.9916347173946133,60,60,4.266666666666667,5.333333333333333,UNDERRESOLVED,UNDERRESOLVED,0.998455788703,0.99837944716,7.63415434649195e-05,1.0153952505056731,1.0125929774832738,oscillatory,oscillatory,RESOLVED,RESOLVED,False,0.9789571291072183,True,False
136,136,1,1,136,136,-1.681481338241899,-1.6486519555285968,0.019524083893567017,0.9782191612816659,0.9782191612816659,0.9793729349481187,56,56,4.571428571428571,5.714285714285714,UNDERRESOLVED,UNDERRESOLVED,-0.998061353504,-0.997987986673,7.33668315432423e-05,1.0243261917083004,1.0308522856332087,oscillatory,oscillatory,RESOLVED,RESOLVED,False,0.978846117921994,True,False
137,137,1,1,137,137,1.681481338241899,1.6486519555285968,0.019524083893567017,0.9782191612816659,0.9782191612816659,0.9793729349481187,56,56,4.571428571428571,5.714285714285714,UNDERRESOLVED,UNDERRESOLVED,0.998061353504,0.997987986673,7.33668315432423e-05,1.0243261917083004,1.0308522856332087,oscillatory,oscillatory,RESOLVED,RESOLVED,False,0.978846117921994,True,False
280,268,1,1,280,268,-0.06223709668201767,-0.06971679821608001,0.10728693407404875,0.9939335728328772,0.9939335728328772,0.9939352023061623,10,10,25.6,32.0,RESOLVED,RESOLVED,0.56557482897,0.556841501687,0.00873332728371623,1.727950729559192,1.7224759462497483,oscillatory,oscillatory,RESOLVED,RESOLVED,False,0.9787509041651596,True,False
281,269,1,1,281,269,0.06223709668201767,0.06971679821608001,0.10728693407404875,0.9939335728328772,0.9939335728328772,0.9939352023061623,10,10,25.6,32.0,RESOLVED,RESOLVED,-0.56557482897,-0.556841501687,0.00873332728371623,1.727950729559192,1.7224759462497483,oscillatory,oscillatory,RESOLVED,RESOLVED,False,0.9787509041651596,True,False
168,200,1,1,168,200,-1.7592040609478754,-1.7293116132115092,0.01699202974796456,0.9709055578932827,0.9709055578932827,0.9905126015952791,61,61,4.19672131147541,5.245901639344262,UNDERRESOLVED,UNDERRESOLVED,-0.998499199454,-0.99842534355,7.385590352182447e-05,1.0174392718287744,1.0138783526797008,oscillatory,oscillatory,RESOLVED,RESOLVED,False,0.9776226806725947,True,False
169,201,1,1,169,201,1.7592040609478754,1.7293116132115092,0.01699202974796456,0.9709055578932827,0.9709055578932827,0.9905126015952791,61,61,4.19672131147541,5.245901639344262,UNDERRESOLVED,UNDERRESOLVED,0.998499199454,0.99842534355,7.385590352182447e-05,1.0174392718287744,1.0138783526797008,oscillatory,oscillatory,RESOLVED,RESOLVED,False,0.9776226806725947,True,False
142,144,1,1,142,144,-1.7003129868162812,-1.6680933588069022,0.018949233617104835,0.9766157945279809,0.9766157945279809,0.9765795962606603,57,57,4.491228070175438,5.614035087719298,UNDERRESOLVED,UNDERRESOLVED,-0.998092004632,-0.99802289866,6.910597175457944e-05,1.0253068199034228,1.0320153599866861,oscillatory,oscillatory,RESOLVED,RESOLVED,False,0.9772719907393879,True,False
143,145,1,1,143,145,1.7003129868162812,1.6680933588069022,0.018949233617104835,0.9766157945279809,0.9766157945279809,0.9765795962606603,57,57,4.491228070175438,5.614035087719298,UNDERRESOLVED,UNDERRESOLVED,0.998092004632,0.99802289866,6.910597175457944e-05,1.0253068199034228,1.0320153599866861,oscillatory,oscillatory,RESOLVED,RESOLVED,False,0.9772719907393879,True,False
172,202,1,1,172,202,-1.773888506313671,-1.7447025496084023,0.01645309533343781,0.9689040727688423,0.9689040727688423,0.989249088906212,62,62,4.129032258064516,5.161290322580645,UNDERRESOLVED,UNDERRESOLVED,-0.998540380347,-0.998468701129,7.167921793793663e-05,1.019848615377113,1.0154136777099871,oscillatory,oscillatory,RESOLVED,RESOLVED,False,0.9761867515878426,True,False
173,203,1,1,173,203,1.773888506313671,1.7447025496084023,0.01645309533343781,0.9689040727688423,0.9689040727688423,0.989249088906212,62,62,4.129032258064516,5.161290322580645,UNDERRESOLVED,UNDERRESOLVED,0.998540380347,0.998468701129,7.167921793793663e-05,1.019848615377113,1.0154136777099871,oscillatory,oscillatory,RESOLVED,RESOLVED,False,0.9761867515878426,True,False
262,266,1,1,262,266,-0.11758124313434339,-0.10251622178177536,0.12812435853697657,0.9925061296235616,0.9925061296235616,0.9993026779869667,18,18,14.222222222222221,17.77777777777778,RESOLVED,RESOLVED,-0.832111448643,-0.753645406482,0.0784660421606379,1.246781788702959,3.1172395940241904,oscillatory,oscillatory,RESOLVED,RESOLVED,False,0.9761106934903321,True,False
263,267,1,1,263,267,0.11758124313434339,0.10251622178177536,0.12812435853697657,0.9925061296235616,0.9925061296235616,0.9993026779869667,18,18,14.222222222222221,17.77777777777778,RESOLVED,RESOLVED,0.832111448643,0.753645406482,0.0784660421606379,1.246781788702959,3.1172395940241904,oscillatory,oscillatory,RESOLVED,RESOLVED,False,0.9761106934903321,True,False
250,246,1,1,250,246,-0.0053717328337332245,-0.006339798276845652,0.15269656869809514,0.9982218493171517,0.9982218493171517,0.9984086998434608,16,16,16.0,20.0,RESOLVED,RESOLVED,0.0183945596633,0.0194066334377,0.0010120737743623195,1.7153835312641195,1.722693635958692,mixed,mixed,RESOLVED,RESOLVED,False,0.9756307992464419,False,False
251,247,1,1,251,247,0.0053717328337332245,0.006339798276845652,0.15269656869809514,0.9982218493171517,0.9982218493171517,0.9984086998434608,16,16,16.0,20.0,RESOLVED,RESOLVED,-0.0183945596633,-0.0194066334377,0.0010120737743623195,1.7153835312641195,1.722693635958692,mixed,mixed,RESOLVED,RESOLVED,False,0.9756307992464419,False,False
252,248,1,1,252,248,-0.005371732833732841,-0.006339798276845521,0.15269656869813814,0.9982218493171516,0.9982218493171516,0.9984086998434607,16,16,16.0,20.0,RESOLVED,RESOLVED,0.0183945596633,0.0194066334377,0.00101207377435936,1.7153835312641201,1.7226936359586824,mixed,mixed,RESOLVED,RESOLVED,False,0.9756307992464355,False,False
253,249,1,1,253,249,0.005371732833732841,0.006339798276845521,0.15269656869813814,0.9982218493171516,0.9982218493171516,0.9984086998434607,16,16,16.0,20.0,RESOLVED,RESOLVED,-0.0183945596633,-0.0194066334377,0.00101207377435936,1.7153835312641201,1.7226936359586824,mixed,mixed,RESOLVED,RESOLVED,False,0.9756307992464355,False,False
154,152,1,1,154,152,-1.7181622860637173,-1.686579103800546,0.01838195525495313,0.9749163567080464,0.9749163567080464,0.9734466734212485,58,58,4.413793103448276,5.517241379310345,UNDERRESOLVED,UNDERRESOLVED,-0.99811907929,-0.998054087487,6.499180308394692e-05,1.0264513599612393,1.0333375028227074,oscillatory,oscillatory,RESOLVED,RESOLVED,False,0.975554189091897,True,False
155,153,1,1,155,153,1.7181622860637173,1.686579103800546,0.01838195525495313,0.9749163567080464,0.9749163567080464,0.9734466734212485,58,58,4.413793103448276,5.517241379310345,UNDERRESOLVED,UNDERRESOLVED,0.99811907929,0.998054087487,6.499180308394692e-05,1.0264513599612393,1.0333375028227074,oscillatory,oscillatory,RESOLVED,RESOLVED,False,0.975554189091897,True,False
214,216,1,1,214,216,-1.7877588081640536,-1.7592925773982253,0.015922858629381774,0.9667892117132222,0.9667892117132222,0.9878289763974684,63,63,4.063492063492063,5.079365079365079,UNDERRESOLVED,UNDERRESOLVED,-0.998579631339,-0.998509831095,6.980024389269257e-05,1.0226775190559496,1.01723498208609,oscillatory,oscillatory,RESOLVED,RESOLVED,False,0.9746423423328932,True,False
215,217,1,1,215,217,1.7877588081640536,1.7592925773982253,0.015922858629381774,0.9667892117132222,0.9667892117132222,0.9878289763974684,63,63,4.063492063492063,5.079365079365079,UNDERRESOLVED,UNDERRESOLVED,0.998579631339,0.998509831095,6.980024389269257e-05,1.0226775190559496,1.01723498208609,oscillatory,oscillatory,RESOLVED,RESOLVED,False,0.9746423423328932,True,False
158,156,1,1,158,156,-1.7350670449515477,-1.7041438424408268,0.0178224827684307,0.9731162258221254,0.9731162258221254,0.9699444916632294,59,59,4.338983050847458,5.423728813559322,UNDERRESOLVED,UNDERRESOLVED,-0.998142817854,-0.998081824444,6.099341014698112e-05,1.0277819495025347,1.0348380960491852,oscillatory,oscillatory,RESOLVED,RESOLVED,False,0.973682485993818,True,False
159,157,1,1,159,157,1.7350670449515477,1.7041438424408268,0.0178224827684307,0.9731162258221254,0.9731162258221254,0.9699444916632294,59,59,4.338983050847458,5.423728813559322,UNDERRESOLVED,UNDERRESOLVED,0.998142817854,0.998081824444,6.099341014698112e-05,1.0277819495025347,1.0348380960491852,oscillatory,oscillatory,RESOLVED,RESOLVED,False,0.973682485993818,True,False
230,218,1,1,230,218,-1.8008507062501098,-1.7731148199150841,0.015401546746081978,0.964555442278658,0.964555442278658,0.9862360510494503,64,64,4.0,5.0,UNDERRESOLVED,UNDERRESOLVED,-0.998617226625,-0.998549016081,6.821054381822567e-05,1.0259890825371194,1.0193838203136243,oscillatory,oscillatory,RESOLVED,RESOLVED,False,0.972982046117645,True,False
231,219,1,1,231,219,1.8008507062501098,1.7731148199150841,0.015401546746081978,0.964555442278658,0.964555442278658,0.9862360510494503,64,64,4.0,5.0,UNDERRESOLVED,UNDERRESOLVED,0.998617226625,0.998549016081,6.821054381822567e-05,1.0259890825371194,1.0193838203136243,oscillatory,oscillatory,RESOLVED,RESOLVED,False,0.972982046117645,True,False
164,162,1,1,164,162,-1.7510648082435318,-1.7208220641312022,0.017271059283445706,0.9712106281262445,0.9712106281262445,0.9660444920553588,60,60,4.266666666666667,5.333333333333333,UNDERRESOLVED,UNDERRESOLVED,-0.998163428477,-0.998106346898,5.70815791773871e-05,1.0293243209591088,1.0365393860475294,oscillatory,oscillatory,RESOLVED,RESOLVED,False,0.9716468409970695,True,False
165,163,1,1,165,163,1.7510648082435318,1.7208220641312022,0.017271059283445706,0.9712106281262445,0.9712106281262445,0.9660444920553588,60,60,4.266666666666667,5.333333333333333,UNDERRESOLVED,UNDERRESOLVED,0.998163428477,0.998106346898,5.70815791773871e-05,1.0293243209591088,1.0365393860475294,oscillatory,oscillatory,RESOLVED,RESOLVED,False,0.9716468409970695,True,False
220,210,1,1,220,210,-1.813199193609762,-1.7862017863665878,0.014889377481702408,0.9621969522375748,0.9621969522375748,0.9844531784278953,65,65,3.9384615384615387,4.923076923076923,UNDERRESOLVED,UNDERRESOLVED,-0.998653418407,-0.998586513829,6.690457865266008e-05,1.0298568785593023,1.021908180604512,oscillatory,oscillatory,RESOLVED,RESOLVED,False,0.9711980593272634,True,False
221,211,1,1,221,211,1.813199193609762,1.7862017863665878,0.014889377481702408,0.9621969522375748,0.9621969522375748,0.9844531784278953,65,65,3.9384615384615387,4.923076923076923,UNDERRESOLVED,UNDERRESOLVED,0.998653418407,0.998586513829,6.690457865266008e-05,1.0298568785593023,1.021908180604512,oscillatory,oscillatory,RESOLVED,RESOLVED,False,0.9711980593272634,True,False
170,196,1,1,170,196,-1.766192762423657,-1.736648019449734,0.01672792664679494,0.9691946628141178,0.9691946628141178,0.9617207503698053,61,61,4.19672131147541,5.245901639344262,UNDERRESOLVED,UNDERRESOLVED,-0.998181088296,-0.998127860143,5.3228152501194614e-05,1.0311084179638101,1.0384669048270452,oscillatory,oscillatory,RESOLVED,RESOLVED,False,0.9694377962839028,True,False
171,197,1,1,171,197,1.766192762423657,1.736648019449734,0.01672792664679494,0.9691946628141178,0.9691946628141178,0.9617207503698053,61,61,4.19672131147541,5.245901639344262,UNDERRESOLVED,UNDERRESOLVED,0.998181088296,0.998127860143,5.3228152501194614e-05,1.0311084179638101,1.0384669048270452,oscillatory,oscillatory,RESOLVED,RESOLVED,False,0.9694377962839028,True,False
260,212,1,1,260,212,-1.8248384469408585,-1.7985853039196433,0.01438655737729872,0.9597076309816235,0.9597076309816235,0.9824623770237152,66,66,3.878787878787879,4.848484848484849,UNDERRESOLVED,UNDERRESOLVED,-0.998688440034,-0.998622560894,6.587914053490795e-05,1.0343669039454644,1.0248635601879001,oscillatory,oscillatory,RESOLVED,RESOLVED,False,0.9692821892383081,True,False
261,213,1,1,261,213,1.8248384469408585,1.7985853039196433,0.01438655737729872,0.9597076309816235,0.9597076309816235,0.9824623770237152,66,66,3.878787878787879,4.848484848484849,UNDERRESOLVED,UNDERRESOLVED,0.998688440034,0.998622560894,6.587914053490795e-05,1.0343669039454644,1.0248635601879001,oscillatory,oscillatory,RESOLVED,RESOLVED,False,0.9692821892383081,True,False
264,194,1,1,264,194,-1.8358017675396117,-1.810296460011828,0.013893279753165602,0.9570810460745162,0.9570810460745162,0.9802450726185287,67,67,3.8208955223880596,4.776119402985074,UNDERRESOLVED,UNDERRESOLVED,-0.99872250864,-0.998657375353,6.51332877867894e-05,1.039619951333169,1.0283142485358368,oscillatory,oscillatory,RESOLVED,RESOLVED,False,0.9672259038363669,True,False
265,195,1,1,265,195,1.8358017675396117,1.810296460011828,0.013893279753165602,0.9570810460745162,0.9570810460745162,0.9802450726185287,67,67,3.8208955223880596,4.776119402985074,UNDERRESOLVED,UNDERRESOLVED,0.99872250864,0.998657375353,6.51332877867894e-05,1.039619951333169,1.0283142485358368,oscillatory,oscillatory,RESOLVED,RESOLVED,False,0.9672259038363669,True,False
174,204,1,1,174,204,-1.7804875782891962,-1.7516555634215722,0.016193325479601235,0.9670633061614448,0.9670633061614448,0.9569517756419638,62,62,4.129032258064516,5.161290322580645,UNDERRESOLVED,UNDERRESOLVED,-0.998195948669,-0.998146542708,4.9405960841464314e-05,1.0331691519666453,1.040650008623444,oscillatory,oscillatory,RESOLVED,RESOLVED,False,0.9670469287854175,True,False
175,205,1,1,175,205,1.7804875782891962,1.7516555634215722,0.016193325479601235,0.9670633061614448,0.9670633061614448,0.9569517756419638,62,62,4.129032258064516,5.161290322580645,UNDERRESOLVED,UNDERRESOLVED,0.998195948669,0.998146542708,4.9405960841464314e-05,1.0331691519666453,1.040650008623444,oscillatory,oscillatory,RESOLVED,RESOLVED,False,0.9670469287854175,True,False
222,190,1,1,222,190,-1.8461215341456418,-1.821365555110895,0.013409723345328842,0.9543104203778068,0.9543104203778068,0.9777825619671917,68,68,3.764705882352941,4.705882352941177,UNDERRESOLVED,UNDERRESOLVED,-0.998755827324,-0.998691159379,6.466794444703883e-05,1.0457345082418368,1.03233485872533,oscillatory,oscillatory,RESOLVED,RESOLVED,False,0.9650204342166826,True,False
223,191,1,1,223,191,1.8461215341456418,1.821365555110895,0.013409723345328842,0.9543104203778068,0.9543104203778068,0.9777825619671917,68,68,3.764705882352941,4.705882352941177,UNDERRESOLVED,UNDERRESOLVED,0.998755827324,0.998691159379,6.466794444703883e-05,1.0457345082418368,1.03233485872533,oscillatory,oscillatory,RESOLVED,RESOLVED,False,0.9650204342166826,True,False
216,214,1,1,216,214,-1.7939853289676109,-1.7658780817240647,0.015667490023299806,0.9648114402984791,0.9648114402984791,0.9517228002508539,63,63,4.063492063492063,5.079365079365079,UNDERRESOLVED,UNDERRESOLVED,-0.998208136687,-0.998162548445,4.558824199230038e-05,1.0355472959393917,1.0431224798998306,oscillatory,oscillatory,RESOLVED,RESOLVED,False,0.9644674407383058,True,False
217,215,1,1,217,215,1.7939853289676109,1.7658780817240647,0.015667490023299806,0.9648114402984791,0.9648114402984791,0.9517228002508539,63,63,4.063492063492063,5.079365079365079,UNDERRESOLVED,UNDERRESOLVED,0.998208136687,0.998162548445,4.558824199230038e-05,1.0355472959393917,1.0431224798998306,oscillatory,oscillatory,RESOLVED,RESOLVED,False,0.9644674407383058,True,False
234,186,1,1,234,186,-1.8558291648686278,-1.831822064168692,0.012936050987018149,0.9513886056026264,0.9513886056026264,0.9750540144354398,69,69,3.710144927536232,4.63768115942029,UNDERRESOLVED,UNDERRESOLVED,-0.998788586899,-0.998724101177,6.448572187078838e-05,1.0528503194167196,1.0370121662953353,oscillatory,oscillatory,RESOLVED,RESOLVED,False,0.9626562593223831,True,False
235,187,1,1,235,187,1.8558291648686278,1.831822064168692,0.012936050987018149,0.9513886056026264,0.9513886056026264,0.9750540144354398,69,69,3.710144927536232,4.63768115942029,UNDERRESOLVED,UNDERRESOLVED,0.998788586899,0.998724101177,6.448572187078838e-05,1.0528503194167196,1.0370121662953353,oscillatory,oscillatory,RESOLVED,RESOLVED,False,0.9626562593223831,True,False
282,278,1,1,282,278,-0.06588830107704834,-0.05099956856337431,0.22596928848208533,0.993553214406623,0.993553214406623,0.9987968296757367,17,17,15.058823529411764,18.823529411764707,RESOLVED,RESOLVED,-0.723656351423,-0.656229492659,0.06742685876386989,1.432072209326694,1.671736230129233,oscillatory,oscillatory,RESOLVED,RESOLVED,False,0.9619357427905951,False,False
283,279,1,1,283,279,0.06588830107704834,0.05099956856337431,0.22596928848208533,0.993553214406623,0.993553214406623,0.9987968296757367,17,17,15.058823529411764,18.823529411764707,RESOLVED,RESOLVED,0.723656351423,0.656229492659,0.06742685876386989,1.432072209326694,1.671736230129233,oscillatory,oscillatory,RESOLVED,RESOLVED,False,0.9619357427905951,False,False
218,208,1,1,218,208,-1.806721380611604,-1.7793483836645236,0.015150646491942301,0.9624338737869519,0.9624338737869519,0.9460284094074353,64,64,4.0,5.0,UNDERRESOLVED,UNDERRESOLVED,-0.998217758572,-0.998176009914,4.174865799422278e-05,1.0382905724479052,1.0459232659845423,oscillatory,oscillatory,RESOLVED,RESOLVED,False,0.9616948296502386,True,False
219,209,1,1,219,209,1.806721380611604,1.7793483836645236,0.015150646491942301,0.9624338737869519,0.9624338737869519,0.9460284094074353,64,64,4.0,5.0,UNDERRESOLVED,UNDERRESOLVED,0.998217758572,0.998176009914,4.174865799422278e-05,1.0382905724479052,1.0459232659845423,oscillatory,oscillatory,RESOLVED,RESOLVED,False,0.9616948296502386,True,False
196,182,1,1,196,182,-1.8649550886163564,-1.8416946064872075,0.01247240873044621,0.9483080565785682,0.9483080565785682,0.9720414039241186,70,70,3.657142857142857,4.571428571428571,UNDERRESOLVED,UNDERRESOLVED,-0.998820967252,-0.998756376708,6.459054440943746e-05,1.0611327911956074,1.0424473233325946,oscillatory,oscillatory,RESOLVED,RESOLVED,False,0.9601243236186037,True,False
197,183,1,1,197,183,1.8649550886163564,1.8416946064872075,0.01247240873044621,0.9483080565785682,0.9483080565785682,0.9720414039241186,70,70,3.657142857142857,4.571428571428571,UNDERRESOLVED,UNDERRESOLVED,0.998820967252,0.998756376708,6.459054440943746e-05,1.0611327911956074,1.0424473233325946,oscillatory,oscillatory,RESOLVED,RESOLVED,False,0.9601243236186037,True,False
232,206,1,1,232,206,-1.8187303271952644,-1.7920986401482843,0.014643010373093582,0.9599253808341947,0.9599253808341947,0.9398755626051467,65,65,3.9384615384615387,4.923076923076923,UNDERRESOLVED,UNDERRESOLVED,-0.998224901198,-0.998187040329,3.78608686661952e-05,1.0414549589123394,1.049097333585639,oscillatory,oscillatory,RESOLVED,RESOLVED,False,0.9587276675958394,True,False
233,207,1,1,233,207,1.8187303271952644,1.7920986401482843,0.014643010373093582,0.9599253808341947,0.9599253808341947,0.9398755626051467,65,65,3.9384615384615387,4.923076923076923,UNDERRESOLVED,UNDERRESOLVED,0.998224901198,0.998187040329,3.78608686661952e-05,1.0414549589123394,1.049097333585639,oscillatory,oscillatory,RESOLVED,RESOLVED,False,0.9587276675958394,True,False
284,276,1,1,284,276,-0.0383848803867066,-0.04932426428474119,0.22178503940541833,0.9934429008877995,0.9934429008877995,0.9833260840771693,15,15,17.066666666666666,21.333333333333332,RESOLVED,RESOLVED,0.473665905436,0.480042051048,0.0063761456112785275,1.9680275873757775,1.9014284609746055,oscillatory,oscillatory,RESOLVED,RESOLVED,False,0.9586295056411592,False,False
285,277,1,1,285,277,0.0383848803867066,0.04932426428474119,0.22178503940541833,0.9934429008877995,0.9934429008877995,0.9833260840771693,15,15,17.066666666666666,21.333333333333332,RESOLVED,RESOLVED,-0.473665905436,-0.480042051048,0.0063761456112785275,1.9680275873757775,1.9014284609746055,oscillatory,oscillatory,RESOLVED,RESOLVED,False,0.9586295056411592,False,False
188,178,1,1,188,178,-1.873528724124931,-1.8510109227897336,0.01201892506116486,0.9450608043675041,0.9450608043675041,0.968730319120751,71,71,3.6056338028169015,4.507042253521127,UNDERRESOLVED,UNDERRESOLVED,-0.9988531383,-0.998788150962,6.498733758697472e-05,1.070778471587752,1.0487585392994563,oscillatory,oscillatory,RESOLVED,RESOLVED,False,0.9574162236415155,True,False
189,179,1,1,189,179,1.873528724124931,1.8510109227897336,0.01201892506116486,0.9450608043675041,0.9450608043675041,0.968730319120751,71,71,3.6056338028169015,4.507042253521127,UNDERRESOLVED,UNDERRESOLVED,0.9988531383,0.998788150962,6.498733758697472e-05,1.070778471587752,1.0487585392994563,oscillatory,oscillatory,RESOLVED,RESOLVED,False,0.9574162236415155,True,False
270,262,1,1,270,262,-0.08718344653369522,-0.09473387921899776,0.07970150433561446,0.9729149698698932,0.9729149698698932,0.9390891342835859,19,12,13.473684210526315,26.666666666666668,RESOLVED,RESOLVED,0.440015391533,0.51856407505,0.07854868351743227,1.7549261693710057,1.6145362004003805,oscillatory,oscillatory,RESOLVED,RESOLVED,False,0.9565660398424902,True,False
271,263,1,1,271,263,0.08718344653369522,0.09473387921899776,0.07970150433561446,0.9729149698698932,0.9729149698698932,0.9390891342835859,19,12,13.473684210526315,26.666666666666668,RESOLVED,RESOLVED,-0.440015391533,-0.51856407505,0.07854868351743227,1.7549261693710057,1.6145362004003805,oscillatory,oscillatory,RESOLVED,RESOLVED,False,0.9565660398424902,True,False
258,198,1,1,258,198,-1.8300459165132414,-1.8041603112579523,0.014144784577104273,0.9572807421158901,0.9572807421158901,0.9332867552001055,66,66,3.878787878787879,4.848484848484849,UNDERRESOLVED,UNDERRESOLVED,-0.998229634465,-0.998195735876,3.3898589268055446e-05,1.0451062784756042,1.0526967013769633,oscillatory,oscillatory,RESOLVED,RESOLVED,False,0.9555684163829947,True,False
259,199,1,1,259,199,1.8300459165132414,1.8041603112579523,0.014144784577104273,0.9572807421158901,0.9572807421158901,0.9332867552001055,66,66,3.878787878787879,4.848484848484849,UNDERRESOLVED,UNDERRESOLVED,0.998229634465,0.998195735876,3.3898589268055446e-05,1.0451062784756042,1.0526967013769633,oscillatory,oscillatory,RESOLVED,RESOLVED,False,0.9555684163829947,True,False
184,174,1,1,184,174,-1.881578466551244,-1.8597978590426705,0.011575710445121762,0.941638432648169,0.941638432648169,0.9650576815165888,72,72,3.5555555555555554,4.444444444444445,UNDERRESOLVED,UNDERRESOLVED,-0.998885260544,-0.998819578983,6.568156117148227e-05,1.0820219168798189,1.0560843410297125,oscillatory,oscillatory,RESOLVED,RESOLVED,False,0.9545111234012803,True,False
185,175,1,1,185,175,1.881578466551244,1.8597978590426705,0.011575710445121762,0.941638432648169,0.941638432648169,0.9650576815165888,72,72,3.5555555555555554,4.444444444444445,UNDERRESOLVED,UNDERRESOLVED,0.998885260544,0.998819578983,6.568156117148227e-05,1.0820219168798189,1.0560843410297125,oscillatory,oscillatory,RESOLVED,RESOLVED,False,0.9545111234012803,True,False
342,356,3,3,408;410;412,632;634;636,-1.991409149303585,-1.9884712721882423,0.001475275493421457,0.9255880249767662,0.9248744750503757,0.9935639900926924,111,111,2.3063063063063063,2.8828828828828827,UNDERRESOLVED,UNDERRESOLVED,-0.999721170254;-0.999721170254;-0.999721170254,-0.999741351649;-0.999741351649;-0.999741351649,2.018139543102926e-05,436.168329672193,26902.949943956275,mixed,oscillatory,RESOLVED,RESOLVED,False,0.9535225211852195,True,False
343,357,3,3,409;411;413,633;635;637,1.991409149303585,1.9884712721882423,0.001475275493421457,0.9255880249767662,0.9248744750503757,0.9935639900926924,111,111,2.3063063063063063,2.8828828828828827,UNDERRESOLVED,UNDERRESOLVED,0.999721170254;0.999721170254;0.999721170254,0.999741351649;0.999741351649;0.999741351649,2.018139543102926e-05,436.168329672193,26902.949943956275,mixed,oscillatory,RESOLVED,RESOLVED,False,0.9535225211852195,True,False
224,192,1,1,224,192,-1.840701002727577,-1.8155640991290354,0.013656157931838619,0.9544948020368191,0.9544948020368191,0.9263031100864597,67,67,3.8208955223880596,4.776119402985074,UNDERRESOLVED,UNDERRESOLVED,-0.998232012787,-0.998202177435,2.983535196243725e-05,1.0493221315132473,1.0567816579588938,oscillatory,oscillatory,RESOLVED,RESOLVED,False,0.9522242350539307,True,False
225,193,1,1,225,193,1.840701002727577,1.8155640991290354,0.013656157931838619,0.9544948020368191,0.9544948020368191,0.9263031100864597,67,67,3.8208955223880596,4.776119402985074,UNDERRESOLVED,UNDERRESOLVED,0.998232012787,0.998202177435,2.983535196243725e-05,1.0493221315132473,1.0567816579588938,oscillatory,oscillatory,RESOLVED,RESOLVED,False,0.9522242350539307,True,False
180,292,1,1,180,292,-1.889131680304815,-1.8680813561339442,0.011142857001622286,0.9380320584354312,0.9380320584354312,0.9610543754391253,73,73,3.506849315068493,4.383561643835616,UNDERRESOLVED,UNDERRESOLVED,-0.998917485202,-0.998850806506,6.667869591592268e-05,1.0951443597035517,1.064587559889575,oscillatory,oscillatory,RESOLVED,RESOLVED,False,0.9514114003707967,True,False
181,293,1,1,181,293,1.889131680304815,1.8680813561339442,0.011142857001622286,0.9380320584354312,0.9380320584354312,0.9610543754391253,73,73,3.506849315068493,4.383561643835616,UNDERRESOLVED,UNDERRESOLVED,0.998917485202,0.998850806506,6.667869591592268e-05,1.0951443597035517,1.064587559889575,oscillatory,oscillatory,RESOLVED,RESOLVED,False,0.9514114003707967,True,False
336,344,3,3,390;392;394,462;464;466,-1.9933309310353247,-1.992835903458036,0.00024834189325079935,0.922331238095659,0.9213540431547325,0.9899434159019996,116,116,2.226086956521739,2.735042735042735,UNDERRESOLVED,UNDERRESOLVED,-0.999665940254;-0.999665940254;-0.999665940254,-0.999744623617;-0.999744623617;-0.999744623617,7.86833632188122e-05,259.50906270324634,19145.10038258084,mixed,mixed,RESOLVED,RESOLVED,False,0.9508473455489076,True,False
337,345,3,3,391;393;395,463;465;467,1.9933309310353247,1.992835903458036,0.00024834189325079935,0.922331238095659,0.9213540431547325,0.9899434159019996,116,116,2.226086956521739,2.735042735042735,UNDERRESOLVED,UNDERRESOLVED,0.999665940254;0.999665940254;0.999665940254,0.999744623617;0.999744623617;0.999744623617,7.86833632188122e-05,259.50906270324634,19145.10038258084,mixed,mixed,RESOLVED,RESOLVED,False,0.9508473455489076,True,False
228,188,1,1,228,188,-1.850727498862076,-1.8263399005945682,0.013177303672476152,0.9515625357169539,0.9515625357169539,0.918987752327164,68,68,3.764705882352941,4.705882352941177,UNDERRESOLVED,UNDERRESOLVED,-0.99823207697,-0.998206432334,2.5644635860078147e-05,1.0541942644628688,1.0614222297761564,oscillatory,oscillatory,RESOLVED,RESOLVED,False,0.9487078639610919,True,False
229,189,1,1,229,189,1.850727498862076,1.8263399005945682,0.013177303672476152,0.9515625357169539,0.9515625357169539,0.918987752327164,68,68,3.764705882352941,4.705882352941177,UNDERRESOLVED,UNDERRESOLVED,0.99823207697,0.998206432334,2.5644635860078147e-05,1.0541942644628688,1.0614222297761564,oscillatory,oscillatory,RESOLVED,RESOLVED,False,0.9487078639610919,True,False
176,294,1,1,176,294,-1.8962146978691155,-1.875886444922381,0.010720438444854586,0.934232323587065,0.934232323587065,0.9567209773226864,74,74,3.4594594594594597,4.324324324324325,UNDERRESOLVED,UNDERRESOLVED,-0.998949953869,-0.998881970309,6.79835594658007e-05,1.1104847396995408,1.0744602350035413,oscillatory,oscillatory,RESOLVED,RESOLVED,False,0.9481115727161824,True,False
177,295,1,1,177,295,1.8962146978691155,1.875886444922381,0.010720438444854586,0.934232323587065,0.934232323587065,0.9567209773226864,74,74,3.4594594594594597,4.324324324324325,UNDERRESOLVED,UNDERRESOLVED,0.998949953869,0.998881970309,6.79835594658007e-05,1.1104847396995408,1.0744602350035413,oscillatory,oscillatory,RESOLVED,RESOLVED,False,0.9481115727161824,True,False
338,346,3,3,396;398;400,468;470;472,-1.993330931035318,-1.9928359034582743,0.0002483418931278178,0.9223312381036074,0.9213540431347077,0.9721116378695973,115,117,2.226086956521739,2.735042735042735,UNDERRESOLVED,UNDERRESOLVED,-0.999665940254;-0.999665940254;-0.999665940254,-0.999744623617;-0.999744623617;-0.999744623617,7.868336317928826e-05,169.0849038722273,8550.195793112905,mixed,mixed,RESOLVED,RESOLVED,False,0.9463894010455947,True,False
339,347,3,3,397;399;401,469;471;473,1.993330931035318,1.9928359034582743,0.0002483418931278178,0.9223312381036074,0.9213540431347077,0.9721116378695973,115,117,2.226086956521739,2.735042735042735,UNDERRESOLVED,UNDERRESOLVED,0.999665940254;0.999665940254;0.999665940254,0.999744623617;0.999744623617;0.999744623617,7.868336317928826e-05,169.0849038722273,8550.195793112905,mixed,mixed,RESOLVED,RESOLVED,False,0.9463894010455947,True,False
226,184,1,1,226,184,-1.8601563460159065,-1.8365167749298326,0.012708378592318558,0.9484791332383841,0.9484791332383841,0.9114271769756642,72,69,3.5555555555555554,4.63768115942029,UNDERRESOLVED,UNDERRESOLVED,-0.998229855751,-0.9982085559,2.1299851118872226e-05,1.0598314792118575,1.066699935497702,oscillatory,oscillatory,RESOLVED,RESOLVED,False,0.9450380173980987,True,False
227,185,1,1,227,185,1.8601563460159065,1.8365167749298326,0.012708378592318558,0.9484791332383841,0.9484791332383841,0.9114271769756642,72,69,3.5555555555555554,4.63768115942029,UNDERRESOLVED,UNDERRESOLVED,0.998229855751,0.9982085559,2.1299851118872226e-05,1.0598314792118575,1.066699935497702,oscillatory,oscillatory,RESOLVED,RESOLVED,False,0.9450380173980987,True,False
298,298,1,1,298,298,-1.9028528236689763,-1.8832372459663955,0.010308510179341817,0.9302294028913283,0.9302294028913283,0.9513687388079299,75,75,3.4133333333333336,4.266666666666667,UNDERRESOLVED,UNDERRESOLVED,-0.998982797675,-0.99891319819,6.959948456686238e-05,1.1284538616382653,1.0859296811134522,oscillatory,oscillatory,RESOLVED,RESOLVED,False,0.9444335499098782,True,False
299,299,1,1,299,299,1.9028528236689763,1.8832372459663955,0.010308510179341817,0.9302294028913283,0.9302294028913283,0.9513687388079299,75,75,3.4133333333333336,4.266666666666667,UNDERRESOLVED,UNDERRESOLVED,0.998982797675,0.99891319819,6.959948456686238e-05,1.1284538616382653,1.0859296811134522,oscillatory,oscillatory,RESOLVED,RESOLVED,False,0.9444335499098782,True,False
340,348,3,3,402;404;406,482;484;500,-1.9914091493035462,-1.9917560055358088,0.00017414594523548882,0.9224033120861237,0.9210214169979394,0.9605218418732298,110,113,2.3063063063063063,2.807017543859649,UNDERRESOLVED,UNDERRESOLVED,-0.999721170254;-0.999721170254;-0.999721170254,-0.999767089656;-0.999767089656;-0.999767089655,4.591940171583264e-05,468.7821293883832,54365.03125092549,mixed,mixed,RESOLVED,RESOLVED,False,0.9435463258281962,True,False
341,349,3,3,403;405;407,483;485;501,1.9914091493035462,1.9917560055358088,0.00017414594523548882,0.9224033120861237,0.9210214169979394,0.9605218418732298,110,113,2.3063063063063063,2.807017543859649,UNDERRESOLVED,UNDERRESOLVED,0.999721170254;0.999721170254;0.999721170254,0.999767089655;0.999767089656;0.999767089656,4.591940171583264e-05,468.7821293883832,54365.03125092549,mixed,mixed,RESOLVED,RESOLVED,False,0.9435463258281962,True,False
190,180,1,1,190,180,-1.8690174861198705,-1.8461229152706493,0.012249522018518335,0.9452401006277898,0.9452401006277898,0.9037305397317262,73,70,3.506849315068493,4.571428571428571,UNDERRESOLVED,UNDERRESOLVED,-0.998225367585,-0.998208592965,1.6774619928106027e-05,1.0663632354554498,1.0727099084056275,oscillatory,oscillatory,RESOLVED,RESOLVED,False,0.9412392670068277,True,False
191,181,1,1,191,181,1.8690174861198705,1.8461229152706493,0.012249522018518335,0.9452401006277898,0.9452401006277898,0.9037305397317262,73,70,3.506849315068493,4.571428571428571,UNDERRESOLVED,UNDERRESOLVED,0.998225367585,0.998208592965,1.6774619928106027e-05,1.0663632354554498,1.0727099084056275,oscillatory,oscillatory,RESOLVED,RESOLVED,False,0.9412392670068277,True,False
304,306,1,1,304,306,-1.9090703426672162,-1.890156973475314,0.009907109638232468,0.9260130402989311,0.9260130402989311,0.9459878662726037,76,76,3.3684210526315788,4.2105263157894735,UNDERRESOLVED,UNDERRESOLVED,-0.999016135869,-0.998944608589,7.152727972103978e-05,1.1495527360650288,1.099266046202035,oscillatory,oscillatory,RESOLVED,RESOLVED,False,0.9406187243017746,True,False
305,307,1,1,305,307,1.9090703426672162,1.890156973475314,0.009907109638232468,0.9260130402989311,0.9260130402989311,0.9459878662726037,76,76,3.3684210526315788,4.2105263157894735,UNDERRESOLVED,UNDERRESOLVED,0.999016135869,0.998944608589,7.152727972103978e-05,1.1495527360650288,1.099266046202035,oscillatory,oscillatory,RESOLVED,RESOLVED,False,0.9406187243017746,True,False
360,354,3,3,506;508;510,628;630;638,-1.9855266366642976,-1.9858944365284799,0.00018520615064775796,0.9258969733410551,0.9253442458013938,0.9308493804202128,105,109,2.4150943396226414,2.909090909090909,UNDERRESOLVED,UNDERRESOLVED,-0.999651978613;-0.999651978613;-0.999651978613,-0.999691516461;-0.999691516461;-0.999691516461,3.953784838151009e-05,94.51613599349186,331.5672445903644,oscillatory,oscillatory,RESOLVED,RESOLVED,False,0.9382227481870891,True,False
361,355,3,3,507;509;511,629;631;639,1.9855266366642976,1.9858944365284799,0.00018520615064775796,0.9258969733410551,0.9253442458013938,0.9308493804202128,105,109,2.4150943396226414,2.909090909090909,UNDERRESOLVED,UNDERRESOLVED,0.999651978613;0.999651978613;0.999651978613,0.999691516461;0.999691516461;0.999691516461,3.953784838151009e-05,94.51613599349186,331.5672445903644,oscillatory,oscillatory,RESOLVED,RESOLVED,False,0.9382227481870891,True,False
186,176,1,1,186,176,-1.877339845787724,-1.8551856297286775,0.01180085540119701,0.941841380848408,0.941841380848408,0.8960388342100932,74,71,3.4594594594594597,4.507042253521127,UNDERRESOLVED,UNDERRESOLVED,-0.998218622419,-0.99820657937,1.2043048644660992e-05,1.0739441308059412,1.0795634614132787,oscillatory,oscillatory,RESOLVED,RESOLVED,False,0.9373444087513885,True,False
187,177,1,1,187,177,1.877339845787724,1.8551856297286775,0.01180085540119701,0.941841380848408,0.941841380848408,0.8960388342100932,74,71,3.4594594594594597,4.507042253521127,UNDERRESOLVED,UNDERRESOLVED,0.998218622419,0.99820657937,1.2043048644660992e-05,1.0739441308059412,1.0795634614132787,oscillatory,oscillatory,RESOLVED,RESOLVED,False,0.9373444087513885,True,False
306,308,1,1,306,308,-1.9148905330133406,-1.896667942937869,0.00951625681014551,0.921572627280514,0.921572627280514,0.9400629502714416,77,77,3.324675324675325,4.1558441558441555,UNDERRESOLVED,UNDERRESOLVED,-0.999050073774,-0.998976309801,7.376397308689331e-05,1.1743965729493346,1.1147917911875032,oscillatory,oscillatory,RESOLVED,RESOLVED,False,0.936531875414647,True,False
307,309,1,1,307,309,1.9148905330133406,1.896667942937869,0.00951625681014551,0.921572627280514,0.921572627280514,0.9400629502714416,77,77,3.324675324675325,4.1558441558441555,UNDERRESOLVED,UNDERRESOLVED,0.999050073774,0.998976309801,7.376397308689331e-05,1.1743965729493346,1.1147917911875032,oscillatory,oscillatory,RESOLVED,RESOLVED,False,0.936531875414647,True,False
182,172,1,1,182,172,-1.8851513247595832,-1.863731327185536,0.011362481776776696,0.9382794972364998,0.9382794972364998,0.8885060077329864,75,72,3.4133333333333336,4.444444444444445,UNDERRESOLVED,UNDERRESOLVED,-0.998209623736,-0.998202543457,7.0802783359580346e-06,1.0827595164754356,1.087391213192176,oscillatory,oscillatory,RESOLVED,RESOLVED,False,0.9333898280086299,True,False
183,173,1,1,183,173,1.8851513247595832,1.863731327185536,0.011362481776776696,0.9382794972364998,0.9382794972364998,0.8885060077329864,75,72,3.4133333333333336,4.444444444444445,UNDERRESOLVED,UNDERRESOLVED,0.998209623736,0.998202543457,7.0802783359580346e-06,1.0827595164754356,1.087391213192176,oscillatory,oscillatory,RESOLVED,RESOLVED,False,0.9333898280086299,True,False
310,310,1,1,310,310,-1.9203356824455888,-1.9027915820241574,0.00913595502172232,0.9168973447703542,0.9168973447703542,0.9284519365009728,78,78,3.282051282051282,4.102564102564102,UNDERRESOLVED,UNDERRESOLVED,-0.999084700062,-0.999008398768,7.630129416424936e-05,1.2037465032710306,1.132893668603562,oscillatory,oscillatory,RESOLVED,RESOLVED,False,0.9308809977341973,True,False
311,311,1,1,311,311,1.9203356824455888,1.9027915820241574,0.00913595502172232,0.9168973447703542,0.9168973447703542,0.9284519365009728,78,78,3.282051282051282,4.102564102564102,UNDERRESOLVED,UNDERRESOLVED,0.999084700062,0.999008398768,7.630129416424936e-05,1.2037465032710306,1.132893668603562,oscillatory,oscillatory,RESOLVED,RESOLVED,False,0.9308809977341973,True,False
178,290,1,1,178,290,-1.8924787920815298,-1.8717855097570382,0.010934485718453478,0.9345517196854486,0.9345517196854486,0.8812791656608696,76,73,3.3684210526315788,4.383561643835616,UNDERRESOLVED,UNDERRESOLVED,-0.998198370838,-0.998196507684,1.8631540689151294e-06,1.0930325818665694,1.0963469085766868,oscillatory,oscillatory,RESOLVED,RESOLVED,False,0.9294106503687185,True,False
179,291,1,1,179,291,1.8924787920815298,1.8717855097570382,0.010934485718453478,0.9345517196854486,0.9345517196854486,0.8812791656608696,76,73,3.3684210526315788,4.383561643835616,UNDERRESOLVED,UNDERRESOLVED,0.998198370838,0.998196507684,1.8631540689151294e-06,1.0930325818665694,1.0963469085766868,oscillatory,oscillatory,RESOLVED,RESOLVED,False,0.9294106503687185,True,False
316,314,1,1,316,314,-1.9254271079792549,-1.9085484443303458,0.008766191967985447,0.9119763961539498,0.9119763961539498,0.9208552426107959,79,79,3.240506329113924,4.050632911392405,UNDERRESOLVED,UNDERRESOLVED,-0.999120083297,-0.999040959393,7.912390446862538e-05,1.238551992423513,1.154037979285121,oscillatory,oscillatory,RESOLVED,RESOLVED,False,0.9260847195498709,True,False
317,315,1,1,317,315,1.9254271079792549,1.9085484443303458,0.008766191967985447,0.9119763961539498,0.9119763961539498,0.9208552426107959,79,79,3.240506329113924,4.050632911392405,UNDERRESOLVED,UNDERRESOLVED,0.999120083297,0.999040959393,7.912390446862538e-05,1.238551992423513,1.154037979285121,oscillatory,oscillatory,RESOLVED,RESOLVED,False,0.9260847195498709,True,False
296,296,1,1,296,296,-1.8993480867712724,-1.8793727697103215,0.010516933257298411,0.9306562558676268,0.9306562558676268,0.8746028964254792,77,74,3.324675324675325,4.324324324324325,UNDERRESOLVED,UNDERRESOLVED,-0.998184861508,-0.998188490308,3.6287993349093384e-06,1.1050333681206435,1.1066121211592725,oscillatory,oscillatory,RESOLVED,RESOLVED,False,0.9254669376383511,True,False
297,297,1,1,297,297,1.8993480867712724,1.8793727697103215,0.010516933257298411,0.9306562558676268,0.9306562558676268,0.8746028964254792,77,74,3.324675324675325,4.324324324324325,UNDERRESOLVED,UNDERRESOLVED,0.998184861508,0.998188490308,3.6287993349093384e-06,1.1050333681206435,1.1066121211592725,oscillatory,oscillatory,RESOLVED,RESOLVED,False,0.9254669376383511,True,False
300,300,1,1,300,300,-1.9057840241024184,-1.886516791204601,0.01010987218601112,0.9265924640241342,0.9265924640241342,0.8686177472759583,78,75,3.282051282051282,4.266666666666667,UNDERRESOLVED,UNDERRESOLVED,-0.998169095113,-0.998178507276,9.412163268107676e-06,1.1190903295429289,1.1184020702081245,oscillatory,oscillatory,RESOLVED,RESOLVED,False,0.9215934344055684,True,False
301,301,1,1,301,301,1.9057840241024184,1.886516791204601,0.01010987218601112,0.9265924640241342,0.9265924640241342,0.8686177472759583,78,75,3.282051282051282,4.266666666666667,UNDERRESOLVED,UNDERRESOLVED,0.998169095113,0.998178507276,9.412163268107676e-06,1.1190903295429289,1.1184020702081245,oscillatory,oscillatory,RESOLVED,RESOLVED,False,0.9215934344055684,True,False
318,318,1,1,318,318,-1.9301851786557038,-1.9139582256261112,0.008406941058833575,0.9067993686129522,0.9067993686129522,0.9094067319273608,80,80,3.2,4.0,UNDERRESOLVED,UNDERRESOLVED,-0.99915626777,-0.999074060375,8.220739478570493e-05,1.2800082370125094,1.178790167093452,oscillatory,oscillatory,RESOLVED,RESOLVED,False,0.9201702629907864,True,False
319,319,1,1,319,319,1.9301851786557038,1.9139582256261112,0.008406941058833575,0.9067993686129522,0.9067993686129522,0.9094067319273608,80,80,3.2,4.0,UNDERRESOLVED,UNDERRESOLVED,0.99915626777,0.999074060375,8.220739478570493e-05,1.2800082370125094,1.178790167093452,oscillatory,oscillatory,RESOLVED,RESOLVED,False,0.9201702629907864,True,False
302,302,1,1,302,302,-1.9118104058314587,-1.8932403558196373,0.00971333242835094,0.92236108531813,0.92236108531813,0.8633261513867607,79,76,3.240506329113924,4.2105263157894735,UNDERRESOLVED,UNDERRESOLVED,-0.998151076239,-0.998166574292,1.5498052743700974e-05,1.1356053045129264,1.1319728676585896,oscillatory,oscillatory,RESOLVED,RESOLVED,False,0.9177911891733156,True,False
303,303,1,1,303,303,1.9118104058314587,1.8932403558196373,0.00971333242835094,0.92236108531813,0.92236108531813,0.8633261513867607,79,76,3.240506329113924,4.2105263157894735,UNDERRESOLVED,UNDERRESOLVED,0.998151076239,0.998166574292,1.5498052743700974e-05,1.1356053045129264,1.1319728676585896,oscillatory,oscillatory,RESOLVED,RESOLVED,False,0.9177911891733156,True,False
308,304,1,1,308,304,-1.9174500346468122,-1.8995653516701956,0.009327326737831305,0.9179644847233833,0.9179644847233833,0.8592717415300518,80,77,3.2,4.1558441558441555,UNDERRESOLVED,UNDERRESOLVED,-0.998130818934,-0.998152709149,2.189021430143434e-05,1.1550730912801477,1.1476306047803309,oscillatory,oscillatory,RESOLVED,RESOLVED,False,0.9141975272058682,True,False
309,305,1,1,309,305,1.9174500346468122,1.8995653516701956,0.009327326737831305,0.9179644847233833,0.9179644847233833,0.8592717415300518,80,77,3.2,4.1558441558441555,UNDERRESOLVED,UNDERRESOLVED,0.998130818934,0.998152709149,2.189021430143434e-05,1.1550730912801477,1.1476306047803309,oscillatory,oscillatory,RESOLVED,RESOLVED,False,0.9141975272058682,True,False
312,312,1,1,312,312,-1.9227247319447156,-1.905512785558668,0.00895185155736717,0.913406887241351,0.913406887241351,0.8562723813441668,81,78,3.1604938271604937,4.102564102564102,UNDERRESOLVED,UNDERRESOLVED,-0.998108351574,-0.998136934316,2.8582742289895435e-05,1.1781073234772605,1.1657428335053575,oscillatory,oscillatory,RESOLVED,RESOLVED,False,0.9107694499472472,True,False
313,313,1,1,313,313,1.9227247319447156,1.905512785558668,0.00895185155736717,0.913406887241351,0.913406887241351,0.8562723813441668,81,78,3.1604938271604937,4.102564102564102,UNDERRESOLVED,UNDERRESOLVED,0.998108351574,0.998136934316,2.8582742289895435e-05,1.1781073234772605,1.1657428335053575,oscillatory,oscillatory,RESOLVED,RESOLVED,False,0.9107694499472472,True,False
314,316,1,1,314,316,-1.9276553589065655,-1.9111027978199664,0.008586888216360498,0.9086945824852379,0.9086945824852379,0.8538945328912474,82,79,3.1219512195121952,4.050632911392405,UNDERRESOLVED,UNDERRESOLVED,-0.998083722363,-0.998119279832,3.555746878303179e-05,1.2054750647602241,1.1867531850255575,oscillatory,oscillatory,RESOLVED,RESOLVED,False,0.9074023494815006,True,False
315,317,1,1,315,317,1.9276553589065655,1.9111027978199664,0.008586888216360498,0.9086945824852379,0.9086945824852379,0.8538945328912474,82,79,3.1219512195121952,4.050632911392405,UNDERRESOLVED,UNDERRESOLVED,0.998083722363,0.998119279832,3.555746878303179e-05,1.2054750647602241,1.1867531850255575,oscillatory,oscillatory,RESOLVED,RESOLVED,False,0.9074023494815006,True,False
320,320,1,1,320,320,-1.932261840406722,-1.916354679519045,0.008232404405568926,0.9038360612772894,0.9038360612772894,0.8534321386859484,83,80,3.0843373493975905,4.0,UNDERRESOLVED,UNDERRESOLVED,-0.998057005366,-0.998099786453,4.278108658328783e-05,1.2381436366948382,1.211200142311043,oscillatory,oscillatory,RESOLVED,RESOLVED,False,0.9044248107770254,True,False
321,321,1,1,321,321,1.932261840406722,1.916354679519045,0.008232404405568926,0.9038360612772894,0.9038360612772894,0.8534321386859484,83,80,3.0843373493975905,4.0,UNDERRESOLVED,UNDERRESOLVED,0.998057005366,0.998099786453,4.278108658328783e-05,1.2381436366948382,1.211200142311043,oscillatory,oscillatory,RESOLVED,RESOLVED,False,0.9044248107770254,True,False
348,352,6,6,434;436;442;444;446;448,542;544;546;548;550;552,-1.9893347198015943,-1.9906569771029197,0.0006642316162626315,0.8776866728429806,0.7911500498530472,0.909044603063877,108,113,2.3703703703703702,2.807017543859649,UNDERRESOLVED,UNDERRESOLVED,-0.999733214439;-0.999733214439;-0.999733214439;-0.999733214439;-0.999733214439;-0.999733214439,-0.999771231439;-0.999771231438;-0.999771231438;-0.999771231438;-0.999771231438;-0.999771231438,3.801699924044222e-05,1389.3871479116794,157255.96003659486,oscillatory,oscillatory,RESOLVED,RESOLVED,False,0.9037735197293182,True,False
349,353,6,6,435;437;443;445;447;449,543;545;547;549;551;553,1.9893347198015943,1.9906569771029197,0.0006642316162626315,0.8776866728429806,0.7911500498530472,0.909044603063877,108,113,2.3703703703703702,2.807017543859649,UNDERRESOLVED,UNDERRESOLVED,0.999733214439;0.999733214439;0.999733214439;0.999733214439;0.999733214439;0.999733214439,0.999771231438;0.999771231438;0.999771231438;0.999771231438;0.999771231438;0.999771231439,3.801699924044222e-05,1389.3871479116794,157255.96003659486,oscillatory,oscillatory,RESOLVED,RESOLVED,False,0.9037735197293182,True,False
204,224,1,1,204,224,-0.1639506753299881,-0.1469792025595965,0.10351572347129785,0.8527777132261279,0.8527777132261279,0.9591298127720865,20,20,12.8,16.0,RESOLVED,RESOLVED,-0.251696450644,0.0225678832012,0.2742643338448655,3.4276403954201857,1.7122315873423228,oscillatory,mixed,RESOLVED,RESOLVED,False,0.8859217226080036,False,False
205,225,1,1,205,225,0.1639506753299881,0.1469792025595965,0.10351572347129785,0.8527777132261279,0.8527777132261279,0.9591298127720865,20,20,12.8,16.0,RESOLVED,RESOLVED,0.251696450644,-0.0225678832012,0.2742643338448655,3.4276403954201857,1.7122315873423228,oscillatory,mixed,RESOLVED,RESOLVED,False,0.8859217226080036,False,False
212,226,1,1,212,226,-0.1462225071405586,-0.1469792025595964,0.0051483162642073045,0.8279563215040431,0.8279563215040431,0.9058831144950722,20,20,12.8,16.0,RESOLVED,RESOLVED,0.348713548171,0.0225678832012,0.3261456649694717,3.3466671882418675,1.7122315873423235,oscillatory,mixed,RESOLVED,RESOLVED,False,0.8724723240865628,False,False
213,227,1,1,213,227,0.1462225071405586,0.1469792025595964,0.0051483162642073045,0.8279563215040431,0.8279563215040431,0.9058831144950722,20,20,12.8,16.0,RESOLVED,RESOLVED,-0.348713548171,-0.0225678832012,0.3261456649694717,3.3466671882418675,1.7122315873423235,oscillatory,mixed,RESOLVED,RESOLVED,False,0.8724723240865628,False,False
328,350,3,3,350;368;370,486;488;490,-1.9951291081919795,-1.9917560055331742,0.0016906688619575368,0.7996872703781844,0.7968263974486692,0.9441048804387774,122,114,2.098360655737705,2.807017543859649,UNDERRESOLVED,UNDERRESOLVED,-0.999586981306;-0.999586981306;-0.999586981306,-0.999767089656;-0.999767089656;-0.999767089656,0.0001801083496256739,63.83725223470421,61267.26512723886,mixed,mixed,RESOLVED,RESOLVED,False,0.8655849820073114,False,False
329,351,3,3,351;369;371,487;489;491,1.9951291081919795,1.9917560055331742,0.0016906688619575368,0.7996872703781844,0.7968263974486692,0.9441048804387774,122,114,2.098360655737705,2.807017543859649,UNDERRESOLVED,UNDERRESOLVED,0.999586981306;0.999586981306;0.999586981306,0.999767089656;0.999767089656;0.999767089656,0.0001801083496256739,63.83725223470421,61267.26512723886,mixed,mixed,RESOLVED,RESOLVED,False,0.8655849820073114,False,False
294,284,1,1,294,284,-0.0006524058692020753,-0.0038945146655078827,0.8324808287460909,0.9752163509456826,0.9752163509456826,0.9789108430079616,16,16,16.0,20.0,RESOLVED,RESOLVED,-0.105651882281,-0.0915124949444,0.014139387336157883,2.310640968436111,1.736550028298867,mixed,mixed,RESOLVED,RESOLVED,False,0.8549853970074863,False,False
295,285,1,1,295,285,0.0006524058692020753,0.0038945146655078827,0.8324808287460909,0.9752163509456826,0.9752163509456826,0.9789108430079616,16,16,16.0,20.0,RESOLVED,RESOLVED,0.105651882281,0.0915124949444,0.014139387336157883,2.310640968436111,1.736550028298867,mixed,mixed,RESOLVED,RESOLVED,False,0.8549853970074863,False,False
292,280,1,1,292,280,-0.00065240586920172,-0.0038945146655081286,0.8324808287461928,0.9752163509456824,0.9752163509456824,0.9789108430079613,16,16,16.0,20.0,RESOLVED,RESOLVED,-0.105651882281,-0.0915124949444,0.014139387336154441,2.310640968436108,1.7365500282988644,mixed,mixed,RESOLVED,RESOLVED,False,0.8549853970074708,False,False
293,281,1,1,293,281,0.00065240586920172,0.0038945146655081286,0.8324808287461928,0.9752163509456824,0.9752163509456824,0.9789108430079613,16,16,16.0,20.0,RESOLVED,RESOLVED,0.105651882281,0.0915124949444,0.014139387336154441,2.310640968436108,1.7365500282988644,mixed,mixed,RESOLVED,RESOLVED,False,0.8549853970074708,False,False
322,324,2,1,322;324,324,-1.9355962663806299,-1.9212868916722294,0.007392747628697117,0.4497875432011361,0.4497875432011361,0.869678204767268,84,84,3.0476190476190474,3.8095238095238093,UNDERRESOLVED,UNDERRESOLVED,-0.99919326869;-0.998028306873,-0.998078509053,inf,1.3296348478850826,1.2397413610130088,oscillatory,oscillatory,RESOLVED,RESOLVED,False,0.6361831649681942,False,False
323,325,2,1,323;325,325,1.9355962663806299,1.9212868916722294,0.007392747628697117,0.4497875432011361,0.4497875432011361,0.869678204767268,84,84,3.0476190476190474,3.8095238095238093,UNDERRESOLVED,UNDERRESOLVED,0.998028306873;0.99919326869,0.998078509053,inf,1.3296348478850826,1.2397413610130088,oscillatory,oscillatory,RESOLVED,RESOLVED,False,0.6361831649681942,False,False
324,328,2,1,326;328,328,-1.9396778476077585,-1.9259170862569548,0.007094354027796501,0.44686553298979537,0.44686553298979537,0.8586915952484835,85,85,3.011764705882353,3.764705882352941,UNDERRESOLVED,UNDERRESOLVED,-0.999231066922;-0.99799777174,-0.998055520158,inf,1.3893852200706285,1.2731854811864771,oscillatory,oscillatory,RESOLVED,RESOLVED,False,0.6317280655018286,False,False
325,329,2,1,327;329,329,1.9396778476077585,1.9259170862569548,0.007094354027796501,0.44686553298979537,0.44686553298979537,0.8586915952484835,85,85,3.011764705882353,3.764705882352941,UNDERRESOLVED,UNDERRESOLVED,0.99799777174;0.999231066922,0.998055520158,inf,1.3893852200706285,1.2731854811864771,oscillatory,oscillatory,RESOLVED,RESOLVED,False,0.6317280655018286,False,False
278,264,1,1,278,264,-0.09952060360789275,-0.10054800672350064,0.010218035633796163,0.6716487737682172,0.6716487737682172,0.29767196879533225,8,18,32.0,17.77777777777778,RESOLVED,RESOLVED,0.736085070309,-0.334734777686,1.0708198479949895,1.3692101472173444,3.25963299692693,oscillatory,oscillatory,RESOLVED,RESOLVED,False,0.6258745511146939,False,False
279,265,1,1,279,265,0.09952060360789275,0.10054800672350064,0.010218035633796163,0.6716487737682172,0.6716487737682172,0.29767196879533225,8,18,32.0,17.77777777777778,RESOLVED,RESOLVED,-0.736085070309,0.334734777686,1.0708198479949895,1.3692101472173444,3.25963299692693,oscillatory,oscillatory,RESOLVED,RESOLVED,False,0.6258745511146939,False,False
326,338,37,95,330;332;334;336;338;340;342;344;346;348;374;376;378;380;382;384;386;388;414;416;418;420;422;424;450;452;454;456;458;460;462;464;476;486;494;496;498,342;344;346;348;350;352;354;356;358;360;362;364;366;368;370;372;374;376;378;380;404;406;408;410;412;414;416;418;420;422;474;476;478;480;492;494;496;498;502;504;506;508;510;512;514;516;518;520;522;524;526;528;530;532;534;536;538;540;554;556;558;560;562;564;566;568;570;572;574;576;578;580;582;584;586;588;590;592;594;596;598;600;602;604;606;608;610;612;614;616;618;620;622;624;626,-1.9649833750378864,-1.9749556116329448,0.005049347203714213,0.3402770905589899,0.09634186326439319,0.8431535417270222,89,103,2.265486725663717,2.051282051282051,UNDERRESOLVED,UNDERRESOLVED,-0.999683773611;-0.999663598852;-0.999652629955;-0.999630192397;-0.999618406812;-0.999582659936;-0.999545523585;-0.999507230597;-0.999468066426;-0.999428342696;-0.999388368926;-0.999348430767;-0.999308775425;-0.999269603635;-0.998684323604;-0.998684323604;-0.998669383358;-0.998669383358;-0.998532541344;-0.998532541344;-0.998055244908;-0.997965589167;-0.997931997165;-0.997897284751;-0.997894023241;-0.997861790768;-0.997825898227;-0.99780807709;-0.997790023249;-0.997754598226;-0.997720049726;-0.997686772992;-0.997658122404;-0.99765514723;-0.997625318604;-0.997598378073;-0.997574653646,-0.999850369614;-0.999848740309;-0.999848740308;-0.999847690172;-0.999847072574;-0.999847072574;-0.999845766137;-0.999845766137;-0.999838333965;-0.999834162263;-0.999823414697;-0.999819180445;-0.999803560626;-0.999803187026;-0.999803187026;-0.999803172174;-0.999803172174;-0.999803140349;-0.999803140349;-0.999802228493;-0.999787088901;-0.99976956606;-0.999750786933;-0.999730549137;-0.999723538407;-0.999723538407;-0.999723529148;-0.999723529148;-0.999723505909;-0.999723505909;-0.999708666878;-0.999684987904;-0.999659410643;-0.999631898251;-0.999610409143;-0.999610409143;-0.999610407177;-0.999610407177;-0.999610403268;-0.999610403268;-0.999602486763;-0.999571285727;-0.999538471237;-0.999504272677;-0.999468955461;-0.999459667204;-0.999459667204;-0.999459666957;-0.999459666957;-0.999459666566;-0.999459666566;-0.999432802397;-0.999396095996;-0.999362262087;-0.999359103469;-0.999322065339;-0.999285187904;-0.999265297652;-0.999265297652;-0.999265297629;-0.999265297629;-0.999265297604;-0.999265297604;-0.999023031554;-0.999023031554;-0.999023031552;-0.999023031552;-0.999023031552;-0.999023031552;-0.998736615989;-0.998736615989;-0.998736615989;-0.998736615989;-0.998736615989;-0.998736615989;-0.998298949783;-0.998156868324;-0.997948707985;-0.997919094768;-0.997888741404;-0.997857907591;-0.997826873142;-0.997795929763;-0.997765370465;-0.997735477216;-0.997706507828;-0.997695247748;-0.997678683415;-0.997652177966;-0.99762711142;-0.997603547317;-0.997581495364;-0.997560919679;-0.997541743195;-0.997524385016,inf,15.581757682338631,16442.08248597091,oscillatory,oscillatory,RESOLVED,RESOLVED,False,0.5641972376865924,False,False
327,339,37,95,331;333;335;337;339;341;343;345;347;349;375;377;379;381;383;385;387;389;415;417;419;421;423;425;451;453;455;457;459;461;463;465;477;487;495;497;499,343;345;347;349;351;353;355;357;359;361;363;365;367;369;371;373;375;377;379;381;405;407;409;411;413;415;417;419;421;423;475;477;479;481;493;495;497;499;503;505;507;509;511;513;515;517;519;521;523;525;527;529;531;533;535;537;539;541;555;557;559;561;563;565;567;569;571;573;575;577;579;581;583;585;587;589;591;593;595;597;599;601;603;605;607;609;611;613;615;617;619;621;623;625;627,1.9649833750378864,1.9749556116329448,0.005049347203714213,0.3402770905589899,0.09634186326439319,0.8431535417270222,89,103,2.265486725663717,2.051282051282051,UNDERRESOLVED,UNDERRESOLVED,0.997574653646;0.997598378073;0.997625318604;0.99765514723;0.997658122404;0.997686772992;0.997720049726;0.997754598226;0.997790023249;0.99780807709;0.997825898227;0.997861790768;0.997894023241;0.997897284751;0.997931997165;0.997965589167;0.998055244908;0.998532541344;0.998532541344;0.998669383358;0.998669383358;0.998684323604;0.998684323604;0.999269603635;0.999308775425;0.999348430767;0.999388368926;0.999428342696;0.999468066426;0.999507230597;0.999545523585;0.999582659936;0.999618406812;0.999630192397;0.999652629955;0.999663598852;0.999683773611,0.997524385016;0.997541743195;0.997560919679;0.997581495364;0.997603547317;0.99762711142;0.997652177966;0.997678683415;0.997695247748;0.997706507828;0.997735477216;0.997765370465;0.997795929763;0.997826873142;0.997857907591;0.997888741404;0.997919094768;0.997948707985;0.998156868324;0.998298949783;0.998736615989;0.998736615989;0.998736615989;0.998736615989;0.998736615989;0.998736615989;0.999023031552;0.999023031552;0.999023031552;0.999023031552;0.999023031554;0.999023031554;0.999265297604;0.999265297604;0.999265297629;0.999265297629;0.999265297652;0.999265297652;0.999285187904;0.999322065339;0.999359103469;0.999362262087;0.999396095996;0.999432802397;0.999459666566;0.999459666566;0.999459666957;0.999459666957;0.999459667204;0.999459667204;0.999468955461;0.999504272677;0.999538471237;0.999571285727;0.999602486763;0.999610403268;0.999610403268;0.999610407177;0.999610407177;0.999610409143;0.999610409143;0.999631898251;0.999659410643;0.999684987904;0.999708666878;0.999723505909;0.999723505909;0.999723529148;0.999723529148;0.999723538407;0.999723538407;0.999730549137;0.999750786933;0.99976956606;0.999787088901;0.999802228493;0.999803140349;0.999803140349;0.999803172174;0.999803172174;0.999803187026;0.999803187026;0.999803560626;0.999819180445;0.999823414697;0.999834162263;0.999838333965;0.999845766137;0.999845766137;0.999847072574;0.999847072574;0.999847690172;0.999848740308;0.999848740309;0.999850369614,inf,15.581757682338631,16442.08248597091,oscillatory,oscillatory,RESOLVED,RESOLVED,False,0.5641972376865924,False,False
330,342,3,15,352;354;364,392;394;396;398;400;402;424;430;432;434;442;444;446;456;458,-1.9966562555388974,-1.9956410193577916,0.0005084681843905169,0.1977011934398247,0.19749125082614633,0.9983813920669726,127,127,2.015748031496063,2.302158273381295,UNDERRESOLVED,UNDERRESOLVED,-0.999510205087;-0.999510205087;-0.999510205087,-0.999707125871;-0.999707125871;-0.999707125871;-0.999657635198;-0.999657635198;-0.999657635198;-0.999600657063;-0.999600657063;-0.999600657063;-0.999543526465;-0.999543526465;-0.999543526465;-0.999498122044;-0.999498122044;-0.999498122044,inf,13.618568296993676,4353.8878722890895,mixed,mixed,RESOLVED,RESOLVED,False,0.5181397938529795,False,False
331,343,3,15,353;355;365,393;395;397;399;401;403;425;431;433;435;443;445;447;457;459,1.9966562555388974,1.9956410193577916,0.0005084681843905169,0.1977011934398247,0.19749125082614633,0.9983813920669726,127,127,2.015748031496063,2.302158273381295,UNDERRESOLVED,UNDERRESOLVED,0.999510205087;0.999510205087;0.999510205087,0.999498122044;0.999498122044;0.999498122044;0.999543526465;0.999543526465;0.999543526465;0.999600657063;0.999600657063;0.999600657063;0.999657635198;0.999657635198;0.999657635198;0.999707125871;0.999707125871;0.999707125871,inf,13.618568296993676,4353.8878722890895,mixed,mixed,RESOLVED,RESOLVED,False,0.5181397938529795,False,False
332,340,3,15,356;358;360,382;384;386;388;390;426;428;436;438;440;448;450;452;454;460,-1.9966562555388996,-1.9956410193577807,0.0005084681843969428,0.19770119343980497,0.1974912508261673,0.9963425515962492,126,126,2.0317460317460316,2.302158273381295,UNDERRESOLVED,UNDERRESOLVED,-0.999510205087;-0.999510205087;-0.999510205087,-0.999707125871;-0.999707125871;-0.999707125871;-0.999657635198;-0.999657635198;-0.999657635198;-0.999600657063;-0.999600657063;-0.999600657063;-0.999543526465;-0.999543526465;-0.999543526465;-0.999498122044;-0.999498122044;-0.999498122044,inf,14.359043824163985,7255.55828864667,mixed,mixed,RESOLVED,RESOLVED,False,0.5176300837352857,False,False
333,341,3,15,357;359;361,383;385;387;389;391;427;429;437;439;441;449;451;453;455;461,1.9966562555388996,1.9956410193577807,0.0005084681843969428,0.19770119343980497,0.1974912508261673,0.9963425515962492,126,126,2.0317460317460316,2.302158273381295,UNDERRESOLVED,UNDERRESOLVED,0.999510205087;0.999510205087;0.999510205087,0.999498122044;0.999498122044;0.999498122044;0.999543526465;0.999543526465;0.999543526465;0.999600657063;0.999600657063;0.999600657063;0.999657635198;0.999657635198;0.999657635198;0.999707125871;0.999707125871;0.999707125871,inf,14.359043824163985,7255.55828864667,mixed,mixed,RESOLVED,RESOLVED,False,0.5176300837352857,False,False
354,336,3,2,472;484;490,338;340,-1.977896954600695,-1.9372965617126536,0.020527051620966734,0.026326006672287714,0.017760060737201194,0.10883289837623256,113,85,2.245614035087719,3.6363636363636362,UNDERRESOLVED,UNDERRESOLVED,-0.998839472787;-0.99883940623;-0.998839404997,-0.999248639241;-0.997977347137,inf,3.437439873558626,1.4142733652670152,mixed,oscillatory,RESOLVED,RESOLVED,False,0.18992477085428575,False,False
355,337,3,2,473;485;491,339;341,1.977896954600695,1.9372965617126536,0.020527051620966734,0.026326006672287714,0.017760060737201194,0.10883289837623256,113,85,2.245614035087719,3.6363636363636362,UNDERRESOLVED,UNDERRESOLVED,0.998839404997;0.99883940623;0.998839472787,0.997977347137;0.999248639241,inf,3.437439873558626,1.4142733652670152,mixed,oscillatory,RESOLVED,RESOLVED,False,0.18992477085428575,False,False
352,334,3,2,468;480;488,334;336,-1.9778969546007112,-1.9334148182755861,0.022489612627016296,0.017687680652055657,0.011719066907416729,0.07765117692781812,113,84,2.245614035087719,3.67816091954023,UNDERRESOLVED,UNDERRESOLVED,-0.998839472787;-0.99883940623;-0.998839404997,-0.999212548152;-0.99800480728,inf,3.437439873551871,1.3590381936280111,mixed,oscillatory,RESOLVED,RESOLVED,False,0.17665196072913547,False,False
353,335,3,2,469;481;489,335;337,1.9778969546007112,1.9334148182755861,0.022489612627016296,0.017687680652055657,0.011719066907416729,0.07765117692781812,113,84,2.245614035087719,3.67816091954023,UNDERRESOLVED,UNDERRESOLVED,0.998839404997;0.99883940623;0.998839472787,0.99800480728;0.999212548152,inf,3.437439873551871,1.3590381936280111,mixed,oscillatory,RESOLVED,RESOLVED,False,0.17665196072913547,False,False
358,332,3,1,500;502;504,332,-1.9815979378152426,-1.9282895734759826,0.02690170559928701,0.02262403124642235,0.02262403124642235,0.008449398738473331,104,83,2.4380952380952383,3.855421686746988,UNDERRESOLVED,UNDERRESOLVED,-0.999151046768;-0.99915104228;-0.999151037879,-0.999177005287,inf,6.2640226748331695,1.28242637965849,oscillatory,oscillatory,RESOLVED,RESOLVED,False,0.16165151259257868,False,False
359,333,3,1,501;503;505,333,1.9815979378152426,1.9282895734759826,0.02690170559928701,0.02262403124642235,0.02262403124642235,0.008449398738473331,104,83,2.4380952380952383,3.855421686746988,UNDERRESOLVED,UNDERRESOLVED,0.999151037879;0.99915104228;0.999151046768,0.999177005287,inf,6.2640226748331695,1.28242637965849,oscillatory,oscillatory,RESOLVED,RESOLVED,False,0.16165151259257868,False,False
350,330,3,1,466;470;482,330,-1.9795468232193854,-1.930262128751108,0.024896958177591667,0.002064258587465842,0.002064258587465842,0.04605505326922293,108,86,2.3486238532110093,3.7209302325581395,UNDERRESOLVED,UNDERRESOLVED,-0.998720771632;-0.998720759671;-0.998720755807,-0.998030913486,inf,1.8929187124655271,1.3125341578448297,mixed,oscillatory,RESOLVED,RESOLVED,False,0.1590177747431465,False,False
351,331,3,1,467;471;483,331,1.9795468232193854,1.930262128751108,0.024896958177591667,0.002064258587465842,0.002064258587465842,0.04605505326922293,108,86,2.3486238532110093,3.7209302325581395,UNDERRESOLVED,UNDERRESOLVED,0.998720755807;0.998720759671;0.998720771632,0.998030913486,inf,1.8929187124655271,1.3125341578448297,mixed,oscillatory,RESOLVED,RESOLVED,False,0.1590177747431465,False,False
356,326,3,1,474;478;492,326,-1.979546823219389,-1.9238111515159737,0.02815577335663665,0.0032572622042410623,0.0032572622042410623,0.0022844927057815503,108,82,2.3486238532110093,3.902439024390244,UNDERRESOLVED,UNDERRESOLVED,-0.998720771632;-0.998720759671;-0.998720755807,-0.999142065752,inf,1.8929187124687141,1.2420358310622177,mixed,oscillatory,RESOLVED,RESOLVED,False,0.14830211449549452,False,False
357,327,3,1,475;479;493,327,1.979546823219389,1.9238111515159737,0.02815577335663665,0.0032572622042410623,0.0032572622042410623,0.0022844927057815503,108,82,2.3486238532110093,3.902439024390244,UNDERRESOLVED,UNDERRESOLVED,0.998720755807;0.998720759671;0.998720771632,0.999142065752,inf,1.8929187124687141,1.2420358310622177,mixed,oscillatory,RESOLVED,RESOLVED,False,0.14830211449549452,False,False
334,322,3,1,362;366;372,322,-1.9951291081919693,-1.9190397822692467,0.03813754488885008,0.004911856771754805,0.004911856771754805,0.0003609369860765971,122,81,2.098360655737705,3.950617283950617,UNDERRESOLVED,UNDERRESOLVED,-0.999586981306;-0.999586981306;-0.999586981306,-0.99910775255,inf,60.78162468021443,1.2078402097480005,mixed,oscillatory,RESOLVED,RESOLVED,False,0.1473167165762445,False,False
335,323,3,1,363;367;373,323,1.9951291081919693,1.9190397822692467,0.03813754488885008,0.004911856771754805,0.004911856771754805,0.0003609369860765971,122,81,2.098360655737705,3.950617283950617,UNDERRESOLVED,UNDERRESOLVED,0.999586981306;0.999586981306;0.999586981306,0.99910775255,inf,60.78162468021443,1.2078402097480005,mixed,oscillatory,RESOLVED,RESOLVED,False,0.1473167165762445,False,False
