candidate_id,family,canonical_id,topology_class,family_index,variant_index,component_count,points_per_component,construction_method,source_record,legacy_ptsa_id,parameters_json
PKLSA_34a425f4c93d90,knot_0.1,0_1,unknot,0,0,1,512,analytic-circle-plus-SIAF-global-diffeomorphism,analytic unit circle,,"{""aspect"":0.88,""bulge_shear"":-0.24,""weave_shear"":-0.2}"
PKLSA_e3387ce78854ab,knot_0.1,0_1,unknot,0,1,1,512,analytic-circle-plus-SIAF-global-diffeomorphism,analytic unit circle,,"{""aspect"":0.88,""bulge_shear"":-0.24,""weave_shear"":-0.06}"
PKLSA_4e933f941ef33c,knot_0.1,0_1,unknot,0,2,1,512,analytic-circle-plus-SIAF-global-diffeomorphism,analytic unit circle,,"{""aspect"":0.88,""bulge_shear"":-0.24,""weave_shear"":0.06}"
PKLSA_1f507b8563d348,knot_0.1,0_1,unknot,0,3,1,512,analytic-circle-plus-SIAF-global-diffeomorphism,analytic unit circle,,"{""aspect"":0.88,""bulge_shear"":-0.24,""weave_shear"":0.2}"
PKLSA_b448f3c96235c3,knot_0.1,0_1,unknot,0,4,1,512,analytic-circle-plus-SIAF-global-diffeomorphism,analytic unit circle,,"{""aspect"":0.88,""bulge_shear"":-0.08,""weave_shear"":-0.2}"
PKLSA_01044298365abe,knot_0.1,0_1,unknot,0,5,1,512,analytic-circle-plus-SIAF-global-diffeomorphism,analytic unit circle,,"{""aspect"":0.88,""bulge_shear"":-0.08,""weave_shear"":-0.06}"
PKLSA_108d5a56f43743,knot_0.1,0_1,unknot,0,6,1,512,analytic-circle-plus-SIAF-global-diffeomorphism,analytic unit circle,,"{""aspect"":0.88,""bulge_shear"":-0.08,""weave_shear"":0.06}"
PKLSA_7138ac040f43a5,knot_0.1,0_1,unknot,0,7,1,512,analytic-circle-plus-SIAF-global-diffeomorphism,analytic unit circle,,"{""aspect"":0.88,""bulge_shear"":-0.08,""weave_shear"":0.2}"
PKLSA_1056cd8936851c,knot_0.1,0_1,unknot,0,8,1,512,analytic-circle-plus-SIAF-global-diffeomorphism,analytic unit circle,,"{""aspect"":0.88,""bulge_shear"":0.08,""weave_shear"":-0.2}"
PKLSA_92689a32f1fc60,knot_0.1,0_1,unknot,0,9,1,512,analytic-circle-plus-SIAF-global-diffeomorphism,analytic unit circle,,"{""aspect"":0.88,""bulge_shear"":0.08,""weave_shear"":-0.06}"
PKLSA_c6748e396e509c,knot_0.1,0_1,unknot,0,10,1,512,analytic-circle-plus-SIAF-global-diffeomorphism,analytic unit circle,,"{""aspect"":0.88,""bulge_shear"":0.08,""weave_shear"":0.06}"
PKLSA_77ef47772d410d,knot_0.1,0_1,unknot,0,11,1,512,analytic-circle-plus-SIAF-global-diffeomorphism,analytic unit circle,,"{""aspect"":0.88,""bulge_shear"":0.08,""weave_shear"":0.2}"
PKLSA_c61e9d9eeb118c,knot_0.1,0_1,unknot,0,12,1,512,analytic-circle-plus-SIAF-global-diffeomorphism,analytic unit circle,,"{""aspect"":0.88,""bulge_shear"":0.24,""weave_shear"":-0.2}"
PKLSA_6ca0211185aa66,knot_0.1,0_1,unknot,0,13,1,512,analytic-circle-plus-SIAF-global-diffeomorphism,analytic unit circle,,"{""aspect"":0.88,""bulge_shear"":0.24,""weave_shear"":-0.06}"
PKLSA_d170b44c3905ce,knot_0.1,0_1,unknot,0,14,1,512,analytic-circle-plus-SIAF-global-diffeomorphism,analytic unit circle,,"{""aspect"":0.88,""bulge_shear"":0.24,""weave_shear"":0.06}"
PKLSA_72349e6f069d85,knot_0.1,0_1,unknot,0,15,1,512,analytic-circle-plus-SIAF-global-diffeomorphism,analytic unit circle,,"{""aspect"":0.88,""bulge_shear"":0.24,""weave_shear"":0.2}"
PKLSA_984a50cb7a26eb,knot_0.1,0_1,unknot,0,16,1,512,analytic-circle-plus-SIAF-global-diffeomorphism,analytic unit circle,,"{""aspect"":1.0,""bulge_shear"":-0.24,""weave_shear"":-0.2}"
PKLSA_313c94a4cdf157,knot_0.1,0_1,unknot,0,17,1,512,analytic-circle-plus-SIAF-global-diffeomorphism,analytic unit circle,,"{""aspect"":1.0,""bulge_shear"":-0.24,""weave_shear"":-0.06}"
PKLSA_148b6ee63fa64c,knot_0.1,0_1,unknot,0,18,1,512,analytic-circle-plus-SIAF-global-diffeomorphism,analytic unit circle,,"{""aspect"":1.0,""bulge_shear"":-0.24,""weave_shear"":0.06}"
PKLSA_d744d9c4718446,knot_0.1,0_1,unknot,0,19,1,512,analytic-circle-plus-SIAF-global-diffeomorphism,analytic unit circle,,"{""aspect"":1.0,""bulge_shear"":-0.24,""weave_shear"":0.2}"
PKLSA_5ff9117fc781cf,knot_0.1,0_1,unknot,0,20,1,512,analytic-circle-plus-SIAF-global-diffeomorphism,analytic unit circle,,"{""aspect"":1.0,""bulge_shear"":-0.08,""weave_shear"":-0.2}"
PKLSA_6e4dffab2000c6,knot_0.1,0_1,unknot,0,21,1,512,analytic-circle-plus-SIAF-global-diffeomorphism,analytic unit circle,,"{""aspect"":1.0,""bulge_shear"":-0.08,""weave_shear"":-0.06}"
PKLSA_0619597af06319,knot_0.1,0_1,unknot,0,22,1,512,analytic-circle-plus-SIAF-global-diffeomorphism,analytic unit circle,,"{""aspect"":1.0,""bulge_shear"":-0.08,""weave_shear"":0.06}"
PKLSA_826cfa69f9f7a1,knot_0.1,0_1,unknot,0,23,1,512,analytic-circle-plus-SIAF-global-diffeomorphism,analytic unit circle,,"{""aspect"":1.0,""bulge_shear"":-0.08,""weave_shear"":0.2}"
PKLSA_fc2981fbaf7fa5,knot_0.1,0_1,unknot,0,24,1,512,analytic-circle-plus-SIAF-global-diffeomorphism,analytic unit circle,,"{""aspect"":1.0,""bulge_shear"":0.08,""weave_shear"":-0.2}"
PKLSA_40a4aef634cbd2,knot_0.1,0_1,unknot,0,25,1,512,analytic-circle-plus-SIAF-global-diffeomorphism,analytic unit circle,,"{""aspect"":1.0,""bulge_shear"":0.08,""weave_shear"":-0.06}"
PKLSA_06e87a0c38110d,knot_0.1,0_1,unknot,0,26,1,512,analytic-circle-plus-SIAF-global-diffeomorphism,analytic unit circle,,"{""aspect"":1.0,""bulge_shear"":0.08,""weave_shear"":0.06}"
PKLSA_f9c9537ab1dd98,knot_0.1,0_1,unknot,0,27,1,512,analytic-circle-plus-SIAF-global-diffeomorphism,analytic unit circle,,"{""aspect"":1.0,""bulge_shear"":0.08,""weave_shear"":0.2}"
PKLSA_24aebff1f05465,knot_0.1,0_1,unknot,0,28,1,512,analytic-circle-plus-SIAF-global-diffeomorphism,analytic unit circle,,"{""aspect"":1.0,""bulge_shear"":0.24,""weave_shear"":-0.2}"
PKLSA_49f649746859fb,knot_0.1,0_1,unknot,0,29,1,512,analytic-circle-plus-SIAF-global-diffeomorphism,analytic unit circle,,"{""aspect"":1.0,""bulge_shear"":0.24,""weave_shear"":-0.06}"
PKLSA_1e6dabf19d795b,knot_0.1,0_1,unknot,0,30,1,512,analytic-circle-plus-SIAF-global-diffeomorphism,analytic unit circle,,"{""aspect"":1.0,""bulge_shear"":0.24,""weave_shear"":0.06}"
PKLSA_8b799f463eaacc,knot_0.1,0_1,unknot,0,31,1,512,analytic-circle-plus-SIAF-global-diffeomorphism,analytic unit circle,,"{""aspect"":1.0,""bulge_shear"":0.24,""weave_shear"":0.2}"
PKLSA_57cf918ae47dee,knot_0.1,0_1,unknot,0,32,1,512,analytic-circle-plus-SIAF-global-diffeomorphism,analytic unit circle,,"{""aspect"":1.12,""bulge_shear"":-0.24,""weave_shear"":-0.2}"
PKLSA_33b1d5d47ace16,knot_0.1,0_1,unknot,0,33,1,512,analytic-circle-plus-SIAF-global-diffeomorphism,analytic unit circle,,"{""aspect"":1.12,""bulge_shear"":-0.24,""weave_shear"":-0.06}"
PKLSA_f43cfe5f8dcb1c,knot_0.1,0_1,unknot,0,34,1,512,analytic-circle-plus-SIAF-global-diffeomorphism,analytic unit circle,,"{""aspect"":1.12,""bulge_shear"":-0.24,""weave_shear"":0.06}"
PKLSA_df90827d54b4c9,knot_0.1,0_1,unknot,0,35,1,512,analytic-circle-plus-SIAF-global-diffeomorphism,analytic unit circle,,"{""aspect"":1.12,""bulge_shear"":-0.24,""weave_shear"":0.2}"
PKLSA_e131098ebc6b0c,knot_0.1,0_1,unknot,0,36,1,512,analytic-circle-plus-SIAF-global-diffeomorphism,analytic unit circle,,"{""aspect"":1.12,""bulge_shear"":-0.08,""weave_shear"":-0.2}"
PKLSA_153b939443c4e2,knot_0.1,0_1,unknot,0,37,1,512,analytic-circle-plus-SIAF-global-diffeomorphism,analytic unit circle,,"{""aspect"":1.12,""bulge_shear"":-0.08,""weave_shear"":-0.06}"
PKLSA_e21d849872c59b,knot_0.1,0_1,unknot,0,38,1,512,analytic-circle-plus-SIAF-global-diffeomorphism,analytic unit circle,,"{""aspect"":1.12,""bulge_shear"":-0.08,""weave_shear"":0.06}"
PKLSA_ec4943c00f3490,knot_0.1,0_1,unknot,0,39,1,512,analytic-circle-plus-SIAF-global-diffeomorphism,analytic unit circle,,"{""aspect"":1.12,""bulge_shear"":-0.08,""weave_shear"":0.2}"
PKLSA_b662a640a33f1a,knot_0.1,0_1,unknot,0,40,1,512,analytic-circle-plus-SIAF-global-diffeomorphism,analytic unit circle,,"{""aspect"":1.12,""bulge_shear"":0.08,""weave_shear"":-0.2}"
PKLSA_afaab03bf22dc1,knot_0.1,0_1,unknot,0,41,1,512,analytic-circle-plus-SIAF-global-diffeomorphism,analytic unit circle,,"{""aspect"":1.12,""bulge_shear"":0.08,""weave_shear"":-0.06}"
PKLSA_b0b96467910832,knot_0.1,0_1,unknot,0,42,1,512,analytic-circle-plus-SIAF-global-diffeomorphism,analytic unit circle,,"{""aspect"":1.12,""bulge_shear"":0.08,""weave_shear"":0.06}"
PKLSA_866b6aa6649559,knot_0.1,0_1,unknot,0,43,1,512,analytic-circle-plus-SIAF-global-diffeomorphism,analytic unit circle,,"{""aspect"":1.12,""bulge_shear"":0.08,""weave_shear"":0.2}"
PKLSA_b456d222551b9c,knot_0.1,0_1,unknot,0,44,1,512,analytic-circle-plus-SIAF-global-diffeomorphism,analytic unit circle,,"{""aspect"":1.12,""bulge_shear"":0.24,""weave_shear"":-0.2}"
PKLSA_d5e8303ed5b268,knot_0.1,0_1,unknot,0,45,1,512,analytic-circle-plus-SIAF-global-diffeomorphism,analytic unit circle,,"{""aspect"":1.12,""bulge_shear"":0.24,""weave_shear"":-0.06}"
PKLSA_399da0c5a14f20,knot_0.1,0_1,unknot,0,46,1,512,analytic-circle-plus-SIAF-global-diffeomorphism,analytic unit circle,,"{""aspect"":1.12,""bulge_shear"":0.24,""weave_shear"":0.06}"
PKLSA_001bebb2b49c02,knot_0.1,0_1,unknot,0,47,1,512,analytic-circle-plus-SIAF-global-diffeomorphism,analytic unit circle,,"{""aspect"":1.12,""bulge_shear"":0.24,""weave_shear"":0.2}"
PKLSA_f61cfd036644e1,link_0.2.1,0_2_1,unlink,1,0,2,512,analytic-unlink-circles-plus-SIAF-global-diffeomorphism,analytic 2-component unlink,,"{""aspect"":0.88,""bulge_shear"":-0.24,""weave_shear"":-0.2}"
PKLSA_92df6a339b2d71,link_0.2.1,0_2_1,unlink,1,1,2,512,analytic-unlink-circles-plus-SIAF-global-diffeomorphism,analytic 2-component unlink,,"{""aspect"":0.88,""bulge_shear"":-0.24,""weave_shear"":-0.06}"
PKLSA_a759f5bfe188ce,link_0.2.1,0_2_1,unlink,1,2,2,512,analytic-unlink-circles-plus-SIAF-global-diffeomorphism,analytic 2-component unlink,,"{""aspect"":0.88,""bulge_shear"":-0.24,""weave_shear"":0.06}"
PKLSA_c908f1cc4da581,link_0.2.1,0_2_1,unlink,1,3,2,512,analytic-unlink-circles-plus-SIAF-global-diffeomorphism,analytic 2-component unlink,,"{""aspect"":0.88,""bulge_shear"":-0.24,""weave_shear"":0.2}"
PKLSA_785cde62d3752d,link_0.2.1,0_2_1,unlink,1,4,2,512,analytic-unlink-circles-plus-SIAF-global-diffeomorphism,analytic 2-component unlink,,"{""aspect"":0.88,""bulge_shear"":-0.08,""weave_shear"":-0.2}"
PKLSA_ef44c927e3818a,link_0.2.1,0_2_1,unlink,1,5,2,512,analytic-unlink-circles-plus-SIAF-global-diffeomorphism,analytic 2-component unlink,,"{""aspect"":0.88,""bulge_shear"":-0.08,""weave_shear"":-0.06}"
PKLSA_9ac7b0da1ba917,link_0.2.1,0_2_1,unlink,1,6,2,512,analytic-unlink-circles-plus-SIAF-global-diffeomorphism,analytic 2-component unlink,,"{""aspect"":0.88,""bulge_shear"":-0.08,""weave_shear"":0.06}"
PKLSA_3d3f03b10a4335,link_0.2.1,0_2_1,unlink,1,7,2,512,analytic-unlink-circles-plus-SIAF-global-diffeomorphism,analytic 2-component unlink,,"{""aspect"":0.88,""bulge_shear"":-0.08,""weave_shear"":0.2}"
PKLSA_1b7e65ee2c5630,link_0.2.1,0_2_1,unlink,1,8,2,512,analytic-unlink-circles-plus-SIAF-global-diffeomorphism,analytic 2-component unlink,,"{""aspect"":0.88,""bulge_shear"":0.08,""weave_shear"":-0.2}"
PKLSA_c43e6b5475b65d,link_0.2.1,0_2_1,unlink,1,9,2,512,analytic-unlink-circles-plus-SIAF-global-diffeomorphism,analytic 2-component unlink,,"{""aspect"":0.88,""bulge_shear"":0.08,""weave_shear"":-0.06}"
PKLSA_4e1134a2d4e32e,link_0.2.1,0_2_1,unlink,1,10,2,512,analytic-unlink-circles-plus-SIAF-global-diffeomorphism,analytic 2-component unlink,,"{""aspect"":0.88,""bulge_shear"":0.08,""weave_shear"":0.06}"
PKLSA_0efef803ced059,link_0.2.1,0_2_1,unlink,1,11,2,512,analytic-unlink-circles-plus-SIAF-global-diffeomorphism,analytic 2-component unlink,,"{""aspect"":0.88,""bulge_shear"":0.08,""weave_shear"":0.2}"
PKLSA_4150c53f4bbf04,link_0.2.1,0_2_1,unlink,1,12,2,512,analytic-unlink-circles-plus-SIAF-global-diffeomorphism,analytic 2-component unlink,,"{""aspect"":0.88,""bulge_shear"":0.24,""weave_shear"":-0.2}"
PKLSA_b5541cccff2a3f,link_0.2.1,0_2_1,unlink,1,13,2,512,analytic-unlink-circles-plus-SIAF-global-diffeomorphism,analytic 2-component unlink,,"{""aspect"":0.88,""bulge_shear"":0.24,""weave_shear"":-0.06}"
PKLSA_42d3c316066a23,link_0.2.1,0_2_1,unlink,1,14,2,512,analytic-unlink-circles-plus-SIAF-global-diffeomorphism,analytic 2-component unlink,,"{""aspect"":0.88,""bulge_shear"":0.24,""weave_shear"":0.06}"
PKLSA_583bc681c6fc14,link_0.2.1,0_2_1,unlink,1,15,2,512,analytic-unlink-circles-plus-SIAF-global-diffeomorphism,analytic 2-component unlink,,"{""aspect"":0.88,""bulge_shear"":0.24,""weave_shear"":0.2}"
PKLSA_beb753bdc3e5a4,link_0.2.1,0_2_1,unlink,1,16,2,512,analytic-unlink-circles-plus-SIAF-global-diffeomorphism,analytic 2-component unlink,,"{""aspect"":1.0,""bulge_shear"":-0.24,""weave_shear"":-0.2}"
PKLSA_ae5d760ccc0063,link_0.2.1,0_2_1,unlink,1,17,2,512,analytic-unlink-circles-plus-SIAF-global-diffeomorphism,analytic 2-component unlink,,"{""aspect"":1.0,""bulge_shear"":-0.24,""weave_shear"":-0.06}"
PKLSA_6ea670493aa7fb,link_0.2.1,0_2_1,unlink,1,18,2,512,analytic-unlink-circles-plus-SIAF-global-diffeomorphism,analytic 2-component unlink,,"{""aspect"":1.0,""bulge_shear"":-0.24,""weave_shear"":0.06}"
PKLSA_87ec0296b80615,link_0.2.1,0_2_1,unlink,1,19,2,512,analytic-unlink-circles-plus-SIAF-global-diffeomorphism,analytic 2-component unlink,,"{""aspect"":1.0,""bulge_shear"":-0.24,""weave_shear"":0.2}"
PKLSA_5b71f13d3af779,link_0.2.1,0_2_1,unlink,1,20,2,512,analytic-unlink-circles-plus-SIAF-global-diffeomorphism,analytic 2-component unlink,,"{""aspect"":1.0,""bulge_shear"":-0.08,""weave_shear"":-0.2}"
PKLSA_9e2ea0e29e207f,link_0.2.1,0_2_1,unlink,1,21,2,512,analytic-unlink-circles-plus-SIAF-global-diffeomorphism,analytic 2-component unlink,,"{""aspect"":1.0,""bulge_shear"":-0.08,""weave_shear"":-0.06}"
PKLSA_0a732d834fe50a,link_0.2.1,0_2_1,unlink,1,22,2,512,analytic-unlink-circles-plus-SIAF-global-diffeomorphism,analytic 2-component unlink,,"{""aspect"":1.0,""bulge_shear"":-0.08,""weave_shear"":0.06}"
PKLSA_68f689f6722986,link_0.2.1,0_2_1,unlink,1,23,2,512,analytic-unlink-circles-plus-SIAF-global-diffeomorphism,analytic 2-component unlink,,"{""aspect"":1.0,""bulge_shear"":-0.08,""weave_shear"":0.2}"
PKLSA_b14548d5a06806,link_0.2.1,0_2_1,unlink,1,24,2,512,analytic-unlink-circles-plus-SIAF-global-diffeomorphism,analytic 2-component unlink,,"{""aspect"":1.0,""bulge_shear"":0.08,""weave_shear"":-0.2}"
PKLSA_27cf4a9a5b0634,link_0.2.1,0_2_1,unlink,1,25,2,512,analytic-unlink-circles-plus-SIAF-global-diffeomorphism,analytic 2-component unlink,,"{""aspect"":1.0,""bulge_shear"":0.08,""weave_shear"":-0.06}"
PKLSA_40eb2a4c73e8b2,link_0.2.1,0_2_1,unlink,1,26,2,512,analytic-unlink-circles-plus-SIAF-global-diffeomorphism,analytic 2-component unlink,,"{""aspect"":1.0,""bulge_shear"":0.08,""weave_shear"":0.06}"
PKLSA_8b8314091195d5,link_0.2.1,0_2_1,unlink,1,27,2,512,analytic-unlink-circles-plus-SIAF-global-diffeomorphism,analytic 2-component unlink,,"{""aspect"":1.0,""bulge_shear"":0.08,""weave_shear"":0.2}"
PKLSA_d3fa760c0efb6a,link_0.2.1,0_2_1,unlink,1,28,2,512,analytic-unlink-circles-plus-SIAF-global-diffeomorphism,analytic 2-component unlink,,"{""aspect"":1.0,""bulge_shear"":0.24,""weave_shear"":-0.2}"
PKLSA_cf228a62658c17,link_0.2.1,0_2_1,unlink,1,29,2,512,analytic-unlink-circles-plus-SIAF-global-diffeomorphism,analytic 2-component unlink,,"{""aspect"":1.0,""bulge_shear"":0.24,""weave_shear"":-0.06}"
PKLSA_fea4a1c2ba293c,link_0.2.1,0_2_1,unlink,1,30,2,512,analytic-unlink-circles-plus-SIAF-global-diffeomorphism,analytic 2-component unlink,,"{""aspect"":1.0,""bulge_shear"":0.24,""weave_shear"":0.06}"
PKLSA_035412264e794c,link_0.2.1,0_2_1,unlink,1,31,2,512,analytic-unlink-circles-plus-SIAF-global-diffeomorphism,analytic 2-component unlink,,"{""aspect"":1.0,""bulge_shear"":0.24,""weave_shear"":0.2}"
PKLSA_2fcfb8dda0131a,link_0.2.1,0_2_1,unlink,1,32,2,512,analytic-unlink-circles-plus-SIAF-global-diffeomorphism,analytic 2-component unlink,,"{""aspect"":1.12,""bulge_shear"":-0.24,""weave_shear"":-0.2}"
PKLSA_65c4a0173977d1,link_0.2.1,0_2_1,unlink,1,33,2,512,analytic-unlink-circles-plus-SIAF-global-diffeomorphism,analytic 2-component unlink,,"{""aspect"":1.12,""bulge_shear"":-0.24,""weave_shear"":-0.06}"
PKLSA_614623dd8a058f,link_0.2.1,0_2_1,unlink,1,34,2,512,analytic-unlink-circles-plus-SIAF-global-diffeomorphism,analytic 2-component unlink,,"{""aspect"":1.12,""bulge_shear"":-0.24,""weave_shear"":0.06}"
PKLSA_99d517ee95d21a,link_0.2.1,0_2_1,unlink,1,35,2,512,analytic-unlink-circles-plus-SIAF-global-diffeomorphism,analytic 2-component unlink,,"{""aspect"":1.12,""bulge_shear"":-0.24,""weave_shear"":0.2}"
PKLSA_4c250da999699a,link_0.2.1,0_2_1,unlink,1,36,2,512,analytic-unlink-circles-plus-SIAF-global-diffeomorphism,analytic 2-component unlink,,"{""aspect"":1.12,""bulge_shear"":-0.08,""weave_shear"":-0.2}"
PKLSA_3bff06bad0d230,link_0.2.1,0_2_1,unlink,1,37,2,512,analytic-unlink-circles-plus-SIAF-global-diffeomorphism,analytic 2-component unlink,,"{""aspect"":1.12,""bulge_shear"":-0.08,""weave_shear"":-0.06}"
PKLSA_8915301ed46ba5,link_0.2.1,0_2_1,unlink,1,38,2,512,analytic-unlink-circles-plus-SIAF-global-diffeomorphism,analytic 2-component unlink,,"{""aspect"":1.12,""bulge_shear"":-0.08,""weave_shear"":0.06}"
PKLSA_91932c3af82c1f,link_0.2.1,0_2_1,unlink,1,39,2,512,analytic-unlink-circles-plus-SIAF-global-diffeomorphism,analytic 2-component unlink,,"{""aspect"":1.12,""bulge_shear"":-0.08,""weave_shear"":0.2}"
PKLSA_db00777859da6b,link_0.2.1,0_2_1,unlink,1,40,2,512,analytic-unlink-circles-plus-SIAF-global-diffeomorphism,analytic 2-component unlink,,"{""aspect"":1.12,""bulge_shear"":0.08,""weave_shear"":-0.2}"
PKLSA_04b7939d9f5116,link_0.2.1,0_2_1,unlink,1,41,2,512,analytic-unlink-circles-plus-SIAF-global-diffeomorphism,analytic 2-component unlink,,"{""aspect"":1.12,""bulge_shear"":0.08,""weave_shear"":-0.06}"
PKLSA_15981b18ae1fa4,link_0.2.1,0_2_1,unlink,1,42,2,512,analytic-unlink-circles-plus-SIAF-global-diffeomorphism,analytic 2-component unlink,,"{""aspect"":1.12,""bulge_shear"":0.08,""weave_shear"":0.06}"
PKLSA_de6d5929d52d13,link_0.2.1,0_2_1,unlink,1,43,2,512,analytic-unlink-circles-plus-SIAF-global-diffeomorphism,analytic 2-component unlink,,"{""aspect"":1.12,""bulge_shear"":0.08,""weave_shear"":0.2}"
PKLSA_5f290b14f16777,link_0.2.1,0_2_1,unlink,1,44,2,512,analytic-unlink-circles-plus-SIAF-global-diffeomorphism,analytic 2-component unlink,,"{""aspect"":1.12,""bulge_shear"":0.24,""weave_shear"":-0.2}"
PKLSA_f1b16b0ba81764,link_0.2.1,0_2_1,unlink,1,45,2,512,analytic-unlink-circles-plus-SIAF-global-diffeomorphism,analytic 2-component unlink,,"{""aspect"":1.12,""bulge_shear"":0.24,""weave_shear"":-0.06}"
PKLSA_d1e3aaab8099bc,link_0.2.1,0_2_1,unlink,1,46,2,512,analytic-unlink-circles-plus-SIAF-global-diffeomorphism,analytic 2-component unlink,,"{""aspect"":1.12,""bulge_shear"":0.24,""weave_shear"":0.06}"
PKLSA_dcc45a7fbaff28,link_0.2.1,0_2_1,unlink,1,47,2,512,analytic-unlink-circles-plus-SIAF-global-diffeomorphism,analytic 2-component unlink,,"{""aspect"":1.12,""bulge_shear"":0.24,""weave_shear"":0.2}"
PKLSA_0a800e5420232f,link_0.3.1,0_3_1,unlink,2,0,3,512,analytic-unlink-circles-plus-SIAF-global-diffeomorphism,analytic 3-component unlink,,"{""aspect"":0.88,""bulge_shear"":-0.24,""weave_shear"":-0.2}"
PKLSA_a716975eef4ba2,link_0.3.1,0_3_1,unlink,2,1,3,512,analytic-unlink-circles-plus-SIAF-global-diffeomorphism,analytic 3-component unlink,,"{""aspect"":0.88,""bulge_shear"":-0.24,""weave_shear"":-0.06}"
PKLSA_f664101e6e4866,link_0.3.1,0_3_1,unlink,2,2,3,512,analytic-unlink-circles-plus-SIAF-global-diffeomorphism,analytic 3-component unlink,,"{""aspect"":0.88,""bulge_shear"":-0.24,""weave_shear"":0.06}"
PKLSA_a0cea3d64a109a,link_0.3.1,0_3_1,unlink,2,3,3,512,analytic-unlink-circles-plus-SIAF-global-diffeomorphism,analytic 3-component unlink,,"{""aspect"":0.88,""bulge_shear"":-0.24,""weave_shear"":0.2}"
PKLSA_4f8ad99232194c,link_0.3.1,0_3_1,unlink,2,4,3,512,analytic-unlink-circles-plus-SIAF-global-diffeomorphism,analytic 3-component unlink,,"{""aspect"":0.88,""bulge_shear"":-0.08,""weave_shear"":-0.2}"
PKLSA_24d50b9a97bd40,link_0.3.1,0_3_1,unlink,2,5,3,512,analytic-unlink-circles-plus-SIAF-global-diffeomorphism,analytic 3-component unlink,,"{""aspect"":0.88,""bulge_shear"":-0.08,""weave_shear"":-0.06}"
PKLSA_968a89bd42756d,link_0.3.1,0_3_1,unlink,2,6,3,512,analytic-unlink-circles-plus-SIAF-global-diffeomorphism,analytic 3-component unlink,,"{""aspect"":0.88,""bulge_shear"":-0.08,""weave_shear"":0.06}"
PKLSA_539a2d4fb6a08b,link_0.3.1,0_3_1,unlink,2,7,3,512,analytic-unlink-circles-plus-SIAF-global-diffeomorphism,analytic 3-component unlink,,"{""aspect"":0.88,""bulge_shear"":-0.08,""weave_shear"":0.2}"
PKLSA_29a201b86d8976,link_0.3.1,0_3_1,unlink,2,8,3,512,analytic-unlink-circles-plus-SIAF-global-diffeomorphism,analytic 3-component unlink,,"{""aspect"":0.88,""bulge_shear"":0.08,""weave_shear"":-0.2}"
PKLSA_e92c374877839d,link_0.3.1,0_3_1,unlink,2,9,3,512,analytic-unlink-circles-plus-SIAF-global-diffeomorphism,analytic 3-component unlink,,"{""aspect"":0.88,""bulge_shear"":0.08,""weave_shear"":-0.06}"
PKLSA_c1aba17ec0372d,link_0.3.1,0_3_1,unlink,2,10,3,512,analytic-unlink-circles-plus-SIAF-global-diffeomorphism,analytic 3-component unlink,,"{""aspect"":0.88,""bulge_shear"":0.08,""weave_shear"":0.06}"
PKLSA_072560b8f854a2,link_0.3.1,0_3_1,unlink,2,11,3,512,analytic-unlink-circles-plus-SIAF-global-diffeomorphism,analytic 3-component unlink,,"{""aspect"":0.88,""bulge_shear"":0.08,""weave_shear"":0.2}"
PKLSA_b502ee65d3fab7,link_0.3.1,0_3_1,unlink,2,12,3,512,analytic-unlink-circles-plus-SIAF-global-diffeomorphism,analytic 3-component unlink,,"{""aspect"":0.88,""bulge_shear"":0.24,""weave_shear"":-0.2}"
PKLSA_1076618dafc922,link_0.3.1,0_3_1,unlink,2,13,3,512,analytic-unlink-circles-plus-SIAF-global-diffeomorphism,analytic 3-component unlink,,"{""aspect"":0.88,""bulge_shear"":0.24,""weave_shear"":-0.06}"
PKLSA_329e46b0d65792,link_0.3.1,0_3_1,unlink,2,14,3,512,analytic-unlink-circles-plus-SIAF-global-diffeomorphism,analytic 3-component unlink,,"{""aspect"":0.88,""bulge_shear"":0.24,""weave_shear"":0.06}"
PKLSA_4bdf7921c18307,link_0.3.1,0_3_1,unlink,2,15,3,512,analytic-unlink-circles-plus-SIAF-global-diffeomorphism,analytic 3-component unlink,,"{""aspect"":0.88,""bulge_shear"":0.24,""weave_shear"":0.2}"
PKLSA_c849a292fa6fad,link_0.3.1,0_3_1,unlink,2,16,3,512,analytic-unlink-circles-plus-SIAF-global-diffeomorphism,analytic 3-component unlink,,"{""aspect"":1.0,""bulge_shear"":-0.24,""weave_shear"":-0.2}"
PKLSA_191b1e2f986f99,link_0.3.1,0_3_1,unlink,2,17,3,512,analytic-unlink-circles-plus-SIAF-global-diffeomorphism,analytic 3-component unlink,,"{""aspect"":1.0,""bulge_shear"":-0.24,""weave_shear"":-0.06}"
PKLSA_0251dd26820594,link_0.3.1,0_3_1,unlink,2,18,3,512,analytic-unlink-circles-plus-SIAF-global-diffeomorphism,analytic 3-component unlink,,"{""aspect"":1.0,""bulge_shear"":-0.24,""weave_shear"":0.06}"
PKLSA_1f7cdde24d1884,link_0.3.1,0_3_1,unlink,2,19,3,512,analytic-unlink-circles-plus-SIAF-global-diffeomorphism,analytic 3-component unlink,,"{""aspect"":1.0,""bulge_shear"":-0.24,""weave_shear"":0.2}"
PKLSA_343e67bfa8537f,link_0.3.1,0_3_1,unlink,2,20,3,512,analytic-unlink-circles-plus-SIAF-global-diffeomorphism,analytic 3-component unlink,,"{""aspect"":1.0,""bulge_shear"":-0.08,""weave_shear"":-0.2}"
PKLSA_bb9a0419cbf452,link_0.3.1,0_3_1,unlink,2,21,3,512,analytic-unlink-circles-plus-SIAF-global-diffeomorphism,analytic 3-component unlink,,"{""aspect"":1.0,""bulge_shear"":-0.08,""weave_shear"":-0.06}"
PKLSA_74dff7f1a15092,link_0.3.1,0_3_1,unlink,2,22,3,512,analytic-unlink-circles-plus-SIAF-global-diffeomorphism,analytic 3-component unlink,,"{""aspect"":1.0,""bulge_shear"":-0.08,""weave_shear"":0.06}"
PKLSA_24dc04bef333cd,link_0.3.1,0_3_1,unlink,2,23,3,512,analytic-unlink-circles-plus-SIAF-global-diffeomorphism,analytic 3-component unlink,,"{""aspect"":1.0,""bulge_shear"":-0.08,""weave_shear"":0.2}"
PKLSA_2d5f3933109804,link_0.3.1,0_3_1,unlink,2,24,3,512,analytic-unlink-circles-plus-SIAF-global-diffeomorphism,analytic 3-component unlink,,"{""aspect"":1.0,""bulge_shear"":0.08,""weave_shear"":-0.2}"
PKLSA_255017dd87022e,link_0.3.1,0_3_1,unlink,2,25,3,512,analytic-unlink-circles-plus-SIAF-global-diffeomorphism,analytic 3-component unlink,,"{""aspect"":1.0,""bulge_shear"":0.08,""weave_shear"":-0.06}"
PKLSA_509924978ed50e,link_0.3.1,0_3_1,unlink,2,26,3,512,analytic-unlink-circles-plus-SIAF-global-diffeomorphism,analytic 3-component unlink,,"{""aspect"":1.0,""bulge_shear"":0.08,""weave_shear"":0.06}"
PKLSA_2e7e3f5e8cabdd,link_0.3.1,0_3_1,unlink,2,27,3,512,analytic-unlink-circles-plus-SIAF-global-diffeomorphism,analytic 3-component unlink,,"{""aspect"":1.0,""bulge_shear"":0.08,""weave_shear"":0.2}"
PKLSA_67510a99ea6251,link_0.3.1,0_3_1,unlink,2,28,3,512,analytic-unlink-circles-plus-SIAF-global-diffeomorphism,analytic 3-component unlink,,"{""aspect"":1.0,""bulge_shear"":0.24,""weave_shear"":-0.2}"
PKLSA_7f4974bdc483c3,link_0.3.1,0_3_1,unlink,2,29,3,512,analytic-unlink-circles-plus-SIAF-global-diffeomorphism,analytic 3-component unlink,,"{""aspect"":1.0,""bulge_shear"":0.24,""weave_shear"":-0.06}"
PKLSA_2955e094e8cb5c,link_0.3.1,0_3_1,unlink,2,30,3,512,analytic-unlink-circles-plus-SIAF-global-diffeomorphism,analytic 3-component unlink,,"{""aspect"":1.0,""bulge_shear"":0.24,""weave_shear"":0.06}"
PKLSA_51685c1ebcec2e,link_0.3.1,0_3_1,unlink,2,31,3,512,analytic-unlink-circles-plus-SIAF-global-diffeomorphism,analytic 3-component unlink,,"{""aspect"":1.0,""bulge_shear"":0.24,""weave_shear"":0.2}"
PKLSA_5d2def963fb824,link_0.3.1,0_3_1,unlink,2,32,3,512,analytic-unlink-circles-plus-SIAF-global-diffeomorphism,analytic 3-component unlink,,"{""aspect"":1.12,""bulge_shear"":-0.24,""weave_shear"":-0.2}"
PKLSA_2b9f68382600f2,link_0.3.1,0_3_1,unlink,2,33,3,512,analytic-unlink-circles-plus-SIAF-global-diffeomorphism,analytic 3-component unlink,,"{""aspect"":1.12,""bulge_shear"":-0.24,""weave_shear"":-0.06}"
PKLSA_dc35b091e0cc64,link_0.3.1,0_3_1,unlink,2,34,3,512,analytic-unlink-circles-plus-SIAF-global-diffeomorphism,analytic 3-component unlink,,"{""aspect"":1.12,""bulge_shear"":-0.24,""weave_shear"":0.06}"
PKLSA_9ac4ca6da05662,link_0.3.1,0_3_1,unlink,2,35,3,512,analytic-unlink-circles-plus-SIAF-global-diffeomorphism,analytic 3-component unlink,,"{""aspect"":1.12,""bulge_shear"":-0.24,""weave_shear"":0.2}"
PKLSA_43c60d2ef1600c,link_0.3.1,0_3_1,unlink,2,36,3,512,analytic-unlink-circles-plus-SIAF-global-diffeomorphism,analytic 3-component unlink,,"{""aspect"":1.12,""bulge_shear"":-0.08,""weave_shear"":-0.2}"
PKLSA_1e9512060111a4,link_0.3.1,0_3_1,unlink,2,37,3,512,analytic-unlink-circles-plus-SIAF-global-diffeomorphism,analytic 3-component unlink,,"{""aspect"":1.12,""bulge_shear"":-0.08,""weave_shear"":-0.06}"
PKLSA_0318991109cfdc,link_0.3.1,0_3_1,unlink,2,38,3,512,analytic-unlink-circles-plus-SIAF-global-diffeomorphism,analytic 3-component unlink,,"{""aspect"":1.12,""bulge_shear"":-0.08,""weave_shear"":0.06}"
PKLSA_e4c135f72eae2f,link_0.3.1,0_3_1,unlink,2,39,3,512,analytic-unlink-circles-plus-SIAF-global-diffeomorphism,analytic 3-component unlink,,"{""aspect"":1.12,""bulge_shear"":-0.08,""weave_shear"":0.2}"
PKLSA_cc1495eefd3843,link_0.3.1,0_3_1,unlink,2,40,3,512,analytic-unlink-circles-plus-SIAF-global-diffeomorphism,analytic 3-component unlink,,"{""aspect"":1.12,""bulge_shear"":0.08,""weave_shear"":-0.2}"
PKLSA_5f095b14e1cfda,link_0.3.1,0_3_1,unlink,2,41,3,512,analytic-unlink-circles-plus-SIAF-global-diffeomorphism,analytic 3-component unlink,,"{""aspect"":1.12,""bulge_shear"":0.08,""weave_shear"":-0.06}"
PKLSA_61836d77402b5b,link_0.3.1,0_3_1,unlink,2,42,3,512,analytic-unlink-circles-plus-SIAF-global-diffeomorphism,analytic 3-component unlink,,"{""aspect"":1.12,""bulge_shear"":0.08,""weave_shear"":0.06}"
PKLSA_158410e8be66c7,link_0.3.1,0_3_1,unlink,2,43,3,512,analytic-unlink-circles-plus-SIAF-global-diffeomorphism,analytic 3-component unlink,,"{""aspect"":1.12,""bulge_shear"":0.08,""weave_shear"":0.2}"
PKLSA_aaddb674150a2a,link_0.3.1,0_3_1,unlink,2,44,3,512,analytic-unlink-circles-plus-SIAF-global-diffeomorphism,analytic 3-component unlink,,"{""aspect"":1.12,""bulge_shear"":0.24,""weave_shear"":-0.2}"
PKLSA_4d1e79b44294b1,link_0.3.1,0_3_1,unlink,2,45,3,512,analytic-unlink-circles-plus-SIAF-global-diffeomorphism,analytic 3-component unlink,,"{""aspect"":1.12,""bulge_shear"":0.24,""weave_shear"":-0.06}"
PKLSA_c8e86ae9fa0ece,link_0.3.1,0_3_1,unlink,2,46,3,512,analytic-unlink-circles-plus-SIAF-global-diffeomorphism,analytic 3-component unlink,,"{""aspect"":1.12,""bulge_shear"":0.24,""weave_shear"":0.06}"
PKLSA_97c424ef8846bd,link_0.3.1,0_3_1,unlink,2,47,3,512,analytic-unlink-circles-plus-SIAF-global-diffeomorphism,analytic 3-component unlink,,"{""aspect"":1.12,""bulge_shear"":0.24,""weave_shear"":0.2}"
PKLSA_2f609c1e6a9e2a,knot_10.1,10_1,knot,3,0,1,512,Knot-Atlas-Gilbert-Fourier-base-plus-SIAF-global-diffeomorphism,10:1:1,,"{""aspect"":0.88,""bulge_shear"":-0.24,""weave_shear"":-0.2}"
PKLSA_03483ad9b7b8f1,knot_10.1,10_1,knot,3,1,1,512,Knot-Atlas-Gilbert-Fourier-base-plus-SIAF-global-diffeomorphism,10:1:1,,"{""aspect"":0.88,""bulge_shear"":-0.24,""weave_shear"":-0.06}"
PKLSA_cc4be37fc14b4e,knot_10.1,10_1,knot,3,2,1,512,Knot-Atlas-Gilbert-Fourier-base-plus-SIAF-global-diffeomorphism,10:1:1,,"{""aspect"":0.88,""bulge_shear"":-0.24,""weave_shear"":0.06}"
PKLSA_5d8df71ff89228,knot_10.1,10_1,knot,3,3,1,512,Knot-Atlas-Gilbert-Fourier-base-plus-SIAF-global-diffeomorphism,10:1:1,,"{""aspect"":0.88,""bulge_shear"":-0.24,""weave_shear"":0.2}"
PKLSA_671ec926cd7608,knot_10.1,10_1,knot,3,4,1,512,Knot-Atlas-Gilbert-Fourier-base-plus-SIAF-global-diffeomorphism,10:1:1,,"{""aspect"":0.88,""bulge_shear"":-0.08,""weave_shear"":-0.2}"
PKLSA_8e150154fff971,knot_10.1,10_1,knot,3,5,1,512,Knot-Atlas-Gilbert-Fourier-base-plus-SIAF-global-diffeomorphism,10:1:1,,"{""aspect"":0.88,""bulge_shear"":-0.08,""weave_shear"":-0.06}"
PKLSA_12e4688792d065,knot_10.1,10_1,knot,3,6,1,512,Knot-Atlas-Gilbert-Fourier-base-plus-SIAF-global-diffeomorphism,10:1:1,,"{""aspect"":0.88,""bulge_shear"":-0.08,""weave_shear"":0.06}"
PKLSA_1d74e5d4a66b2c,knot_10.1,10_1,knot,3,7,1,512,Knot-Atlas-Gilbert-Fourier-base-plus-SIAF-global-diffeomorphism,10:1:1,,"{""aspect"":0.88,""bulge_shear"":-0.08,""weave_shear"":0.2}"
PKLSA_3ef4a1e9bf7a00,knot_10.1,10_1,knot,3,8,1,512,Knot-Atlas-Gilbert-Fourier-base-plus-SIAF-global-diffeomorphism,10:1:1,,"{""aspect"":0.88,""bulge_shear"":0.08,""weave_shear"":-0.2}"
PKLSA_53459f703eedf9,knot_10.1,10_1,knot,3,9,1,512,Knot-Atlas-Gilbert-Fourier-base-plus-SIAF-global-diffeomorphism,10:1:1,,"{""aspect"":0.88,""bulge_shear"":0.08,""weave_shear"":-0.06}"
PKLSA_d5a14b7e01f2ae,knot_10.1,10_1,knot,3,10,1,512,Knot-Atlas-Gilbert-Fourier-base-plus-SIAF-global-diffeomorphism,10:1:1,,"{""aspect"":0.88,""bulge_shear"":0.08,""weave_shear"":0.06}"
PKLSA_892e84aaa2547d,knot_10.1,10_1,knot,3,11,1,512,Knot-Atlas-Gilbert-Fourier-base-plus-SIAF-global-diffeomorphism,10:1:1,,"{""aspect"":0.88,""bulge_shear"":0.08,""weave_shear"":0.2}"
PKLSA_72a4fbea48ff60,knot_10.1,10_1,knot,3,12,1,512,Knot-Atlas-Gilbert-Fourier-base-plus-SIAF-global-diffeomorphism,10:1:1,,"{""aspect"":0.88,""bulge_shear"":0.24,""weave_shear"":-0.2}"
PKLSA_580872f44118b7,knot_10.1,10_1,knot,3,13,1,512,Knot-Atlas-Gilbert-Fourier-base-plus-SIAF-global-diffeomorphism,10:1:1,,"{""aspect"":0.88,""bulge_shear"":0.24,""weave_shear"":-0.06}"
PKLSA_43f867e11d8d6e,knot_10.1,10_1,knot,3,14,1,512,Knot-Atlas-Gilbert-Fourier-base-plus-SIAF-global-diffeomorphism,10:1:1,,"{""aspect"":0.88,""bulge_shear"":0.24,""weave_shear"":0.06}"
PKLSA_19f0894a2a6acc,knot_10.1,10_1,knot,3,15,1,512,Knot-Atlas-Gilbert-Fourier-base-plus-SIAF-global-diffeomorphism,10:1:1,,"{""aspect"":0.88,""bulge_shear"":0.24,""weave_shear"":0.2}"
PKLSA_927692cd091c81,knot_10.1,10_1,knot,3,16,1,512,Knot-Atlas-Gilbert-Fourier-base-plus-SIAF-global-diffeomorphism,10:1:1,,"{""aspect"":1.0,""bulge_shear"":-0.24,""weave_shear"":-0.2}"
PKLSA_de61154b440b07,knot_10.1,10_1,knot,3,17,1,512,Knot-Atlas-Gilbert-Fourier-base-plus-SIAF-global-diffeomorphism,10:1:1,,"{""aspect"":1.0,""bulge_shear"":-0.24,""weave_shear"":-0.06}"
PKLSA_0d198a7c49b7ac,knot_10.1,10_1,knot,3,18,1,512,Knot-Atlas-Gilbert-Fourier-base-plus-SIAF-global-diffeomorphism,10:1:1,,"{""aspect"":1.0,""bulge_shear"":-0.24,""weave_shear"":0.06}"
PKLSA_2c841fa1240e4c,knot_10.1,10_1,knot,3,19,1,512,Knot-Atlas-Gilbert-Fourier-base-plus-SIAF-global-diffeomorphism,10:1:1,,"{""aspect"":1.0,""bulge_shear"":-0.24,""weave_shear"":0.2}"
PKLSA_37b495756a2a71,knot_10.1,10_1,knot,3,20,1,512,Knot-Atlas-Gilbert-Fourier-base-plus-SIAF-global-diffeomorphism,10:1:1,,"{""aspect"":1.0,""bulge_shear"":-0.08,""weave_shear"":-0.2}"
PKLSA_2f09aeced67913,knot_10.1,10_1,knot,3,21,1,512,Knot-Atlas-Gilbert-Fourier-base-plus-SIAF-global-diffeomorphism,10:1:1,,"{""aspect"":1.0,""bulge_shear"":-0.08,""weave_shear"":-0.06}"
PKLSA_70641a9ed7302e,knot_10.1,10_1,knot,3,22,1,512,Knot-Atlas-Gilbert-Fourier-base-plus-SIAF-global-diffeomorphism,10:1:1,,"{""aspect"":1.0,""bulge_shear"":-0.08,""weave_shear"":0.06}"
PKLSA_b8d6bf74c2e5d2,knot_10.1,10_1,knot,3,23,1,512,Knot-Atlas-Gilbert-Fourier-base-plus-SIAF-global-diffeomorphism,10:1:1,,"{""aspect"":1.0,""bulge_shear"":-0.08,""weave_shear"":0.2}"
PKLSA_8061c4801f8805,knot_10.1,10_1,knot,3,24,1,512,Knot-Atlas-Gilbert-Fourier-base-plus-SIAF-global-diffeomorphism,10:1:1,,"{""aspect"":1.0,""bulge_shear"":0.08,""weave_shear"":-0.2}"
PKLSA_5cce79088e5be3,knot_10.1,10_1,knot,3,25,1,512,Knot-Atlas-Gilbert-Fourier-base-plus-SIAF-global-diffeomorphism,10:1:1,,"{""aspect"":1.0,""bulge_shear"":0.08,""weave_shear"":-0.06}"
PKLSA_b6ffbd37d18737,knot_10.1,10_1,knot,3,26,1,512,Knot-Atlas-Gilbert-Fourier-base-plus-SIAF-global-diffeomorphism,10:1:1,,"{""aspect"":1.0,""bulge_shear"":0.08,""weave_shear"":0.06}"
PKLSA_8b7bb8e5922f57,knot_10.1,10_1,knot,3,27,1,512,Knot-Atlas-Gilbert-Fourier-base-plus-SIAF-global-diffeomorphism,10:1:1,,"{""aspect"":1.0,""bulge_shear"":0.08,""weave_shear"":0.2}"
PKLSA_a37b515a3330f2,knot_10.1,10_1,knot,3,28,1,512,Knot-Atlas-Gilbert-Fourier-base-plus-SIAF-global-diffeomorphism,10:1:1,,"{""aspect"":1.0,""bulge_shear"":0.24,""weave_shear"":-0.2}"
PKLSA_279f64e3cac6a0,knot_10.1,10_1,knot,3,29,1,512,Knot-Atlas-Gilbert-Fourier-base-plus-SIAF-global-diffeomorphism,10:1:1,,"{""aspect"":1.0,""bulge_shear"":0.24,""weave_shear"":-0.06}"
PKLSA_deb87b5d74bd77,knot_10.1,10_1,knot,3,30,1,512,Knot-Atlas-Gilbert-Fourier-base-plus-SIAF-global-diffeomorphism,10:1:1,,"{""aspect"":1.0,""bulge_shear"":0.24,""weave_shear"":0.06}"
PKLSA_2390b055fcdf86,knot_10.1,10_1,knot,3,31,1,512,Knot-Atlas-Gilbert-Fourier-base-plus-SIAF-global-diffeomorphism,10:1:1,,"{""aspect"":1.0,""bulge_shear"":0.24,""weave_shear"":0.2}"
PKLSA_58cfc56cc59755,knot_10.1,10_1,knot,3,32,1,512,Knot-Atlas-Gilbert-Fourier-base-plus-SIAF-global-diffeomorphism,10:1:1,,"{""aspect"":1.12,""bulge_shear"":-0.24,""weave_shear"":-0.2}"
PKLSA_96d6d91798aa4a,knot_10.1,10_1,knot,3,33,1,512,Knot-Atlas-Gilbert-Fourier-base-plus-SIAF-global-diffeomorphism,10:1:1,,"{""aspect"":1.12,""bulge_shear"":-0.24,""weave_shear"":-0.06}"
PKLSA_70b4d01a84a306,knot_10.1,10_1,knot,3,34,1,512,Knot-Atlas-Gilbert-Fourier-base-plus-SIAF-global-diffeomorphism,10:1:1,,"{""aspect"":1.12,""bulge_shear"":-0.24,""weave_shear"":0.06}"
PKLSA_ed633a8c8dcd11,knot_10.1,10_1,knot,3,35,1,512,Knot-Atlas-Gilbert-Fourier-base-plus-SIAF-global-diffeomorphism,10:1:1,,"{""aspect"":1.12,""bulge_shear"":-0.24,""weave_shear"":0.2}"
PKLSA_5648188f7a7827,knot_10.1,10_1,knot,3,36,1,512,Knot-Atlas-Gilbert-Fourier-base-plus-SIAF-global-diffeomorphism,10:1:1,,"{""aspect"":1.12,""bulge_shear"":-0.08,""weave_shear"":-0.2}"
PKLSA_8d24e581cce3c5,knot_10.1,10_1,knot,3,37,1,512,Knot-Atlas-Gilbert-Fourier-base-plus-SIAF-global-diffeomorphism,10:1:1,,"{""aspect"":1.12,""bulge_shear"":-0.08,""weave_shear"":-0.06}"
PKLSA_efbfea38c89ee7,knot_10.1,10_1,knot,3,38,1,512,Knot-Atlas-Gilbert-Fourier-base-plus-SIAF-global-diffeomorphism,10:1:1,,"{""aspect"":1.12,""bulge_shear"":-0.08,""weave_shear"":0.06}"
PKLSA_aa307f994f9a1f,knot_10.1,10_1,knot,3,39,1,512,Knot-Atlas-Gilbert-Fourier-base-plus-SIAF-global-diffeomorphism,10:1:1,,"{""aspect"":1.12,""bulge_shear"":-0.08,""weave_shear"":0.2}"
PKLSA_efe02c21bfbc31,knot_10.1,10_1,knot,3,40,1,512,Knot-Atlas-Gilbert-Fourier-base-plus-SIAF-global-diffeomorphism,10:1:1,,"{""aspect"":1.12,""bulge_shear"":0.08,""weave_shear"":-0.2}"
PKLSA_b521b2f1ab6bda,knot_10.1,10_1,knot,3,41,1,512,Knot-Atlas-Gilbert-Fourier-base-plus-SIAF-global-diffeomorphism,10:1:1,,"{""aspect"":1.12,""bulge_shear"":0.08,""weave_shear"":-0.06}"
PKLSA_1651e0c09218bb,knot_10.1,10_1,knot,3,42,1,512,Knot-Atlas-Gilbert-Fourier-base-plus-SIAF-global-diffeomorphism,10:1:1,,"{""aspect"":1.12,""bulge_shear"":0.08,""weave_shear"":0.06}"
PKLSA_962bccd7061105,knot_10.1,10_1,knot,3,43,1,512,Knot-Atlas-Gilbert-Fourier-base-plus-SIAF-global-diffeomorphism,10:1:1,,"{""aspect"":1.12,""bulge_shear"":0.08,""weave_shear"":0.2}"
PKLSA_6c17a0492b592c,knot_10.1,10_1,knot,3,44,1,512,Knot-Atlas-Gilbert-Fourier-base-plus-SIAF-global-diffeomorphism,10:1:1,,"{""aspect"":1.12,""bulge_shear"":0.24,""weave_shear"":-0.2}"
PKLSA_5ac8614c74b080,knot_10.1,10_1,knot,3,45,1,512,Knot-Atlas-Gilbert-Fourier-base-plus-SIAF-global-diffeomorphism,10:1:1,,"{""aspect"":1.12,""bulge_shear"":0.24,""weave_shear"":-0.06}"
PKLSA_3f6a2e541c8720,knot_10.1,10_1,knot,3,46,1,512,Knot-Atlas-Gilbert-Fourier-base-plus-SIAF-global-diffeomorphism,10:1:1,,"{""aspect"":1.12,""bulge_shear"":0.24,""weave_shear"":0.06}"
PKLSA_a0da30d003fbc8,knot_10.1,10_1,knot,3,47,1,512,Knot-Atlas-Gilbert-Fourier-base-plus-SIAF-global-diffeomorphism,10:1:1,,"{""aspect"":1.12,""bulge_shear"":0.24,""weave_shear"":0.2}"
PKLSA_c1254fab57878f,knot_10.123,10_123,knot,4,0,1,512,Knot-Atlas-Gilbert-Fourier-base-plus-SIAF-global-diffeomorphism,10:1:123,,"{""aspect"":0.88,""bulge_shear"":-0.24,""weave_shear"":-0.2}"
PKLSA_c342666ec21b6e,knot_10.123,10_123,knot,4,1,1,512,Knot-Atlas-Gilbert-Fourier-base-plus-SIAF-global-diffeomorphism,10:1:123,,"{""aspect"":0.88,""bulge_shear"":-0.24,""weave_shear"":-0.06}"
PKLSA_b03ce4869533d4,knot_10.123,10_123,knot,4,2,1,512,Knot-Atlas-Gilbert-Fourier-base-plus-SIAF-global-diffeomorphism,10:1:123,,"{""aspect"":0.88,""bulge_shear"":-0.24,""weave_shear"":0.06}"
PKLSA_319a435009ba84,knot_10.123,10_123,knot,4,3,1,512,Knot-Atlas-Gilbert-Fourier-base-plus-SIAF-global-diffeomorphism,10:1:123,,"{""aspect"":0.88,""bulge_shear"":-0.24,""weave_shear"":0.2}"
PKLSA_e3f5b764f2bdd5,knot_10.123,10_123,knot,4,4,1,512,Knot-Atlas-Gilbert-Fourier-base-plus-SIAF-global-diffeomorphism,10:1:123,,"{""aspect"":0.88,""bulge_shear"":-0.08,""weave_shear"":-0.2}"
PKLSA_f91bd400d5fcd2,knot_10.123,10_123,knot,4,5,1,512,Knot-Atlas-Gilbert-Fourier-base-plus-SIAF-global-diffeomorphism,10:1:123,,"{""aspect"":0.88,""bulge_shear"":-0.08,""weave_shear"":-0.06}"
PKLSA_8478eacdad25c2,knot_10.123,10_123,knot,4,6,1,512,Knot-Atlas-Gilbert-Fourier-base-plus-SIAF-global-diffeomorphism,10:1:123,,"{""aspect"":0.88,""bulge_shear"":-0.08,""weave_shear"":0.06}"
PKLSA_67f0c07ccc5c26,knot_10.123,10_123,knot,4,7,1,512,Knot-Atlas-Gilbert-Fourier-base-plus-SIAF-global-diffeomorphism,10:1:123,,"{""aspect"":0.88,""bulge_shear"":-0.08,""weave_shear"":0.2}"
PKLSA_c4315e51e551b0,knot_10.123,10_123,knot,4,8,1,512,Knot-Atlas-Gilbert-Fourier-base-plus-SIAF-global-diffeomorphism,10:1:123,,"{""aspect"":0.88,""bulge_shear"":0.08,""weave_shear"":-0.2}"
PKLSA_f6ddfb7d53c3fb,knot_10.123,10_123,knot,4,9,1,512,Knot-Atlas-Gilbert-Fourier-base-plus-SIAF-global-diffeomorphism,10:1:123,,"{""aspect"":0.88,""bulge_shear"":0.08,""weave_shear"":-0.06}"
PKLSA_43a245d9863d14,knot_10.123,10_123,knot,4,10,1,512,Knot-Atlas-Gilbert-Fourier-base-plus-SIAF-global-diffeomorphism,10:1:123,,"{""aspect"":0.88,""bulge_shear"":0.08,""weave_shear"":0.06}"
PKLSA_63b45c0a02f35c,knot_10.123,10_123,knot,4,11,1,512,Knot-Atlas-Gilbert-Fourier-base-plus-SIAF-global-diffeomorphism,10:1:123,,"{""aspect"":0.88,""bulge_shear"":0.08,""weave_shear"":0.2}"
PKLSA_46ffb14cfb7ced,knot_10.123,10_123,knot,4,12,1,512,Knot-Atlas-Gilbert-Fourier-base-plus-SIAF-global-diffeomorphism,10:1:123,,"{""aspect"":0.88,""bulge_shear"":0.24,""weave_shear"":-0.2}"
PKLSA_09349cd3ed8d5f,knot_10.123,10_123,knot,4,13,1,512,Knot-Atlas-Gilbert-Fourier-base-plus-SIAF-global-diffeomorphism,10:1:123,,"{""aspect"":0.88,""bulge_shear"":0.24,""weave_shear"":-0.06}"
PKLSA_dfbd3f1403e3b5,knot_10.123,10_123,knot,4,14,1,512,Knot-Atlas-Gilbert-Fourier-base-plus-SIAF-global-diffeomorphism,10:1:123,,"{""aspect"":0.88,""bulge_shear"":0.24,""weave_shear"":0.06}"
PKLSA_021ae84d7f295b,knot_10.123,10_123,knot,4,15,1,512,Knot-Atlas-Gilbert-Fourier-base-plus-SIAF-global-diffeomorphism,10:1:123,,"{""aspect"":0.88,""bulge_shear"":0.24,""weave_shear"":0.2}"
PKLSA_20d203d902d4e6,knot_10.123,10_123,knot,4,16,1,512,Knot-Atlas-Gilbert-Fourier-base-plus-SIAF-global-diffeomorphism,10:1:123,,"{""aspect"":1.0,""bulge_shear"":-0.24,""weave_shear"":-0.2}"
PKLSA_59d5eeddb10a47,knot_10.123,10_123,knot,4,17,1,512,Knot-Atlas-Gilbert-Fourier-base-plus-SIAF-global-diffeomorphism,10:1:123,,"{""aspect"":1.0,""bulge_shear"":-0.24,""weave_shear"":-0.06}"
PKLSA_164daf8e5f19d1,knot_10.123,10_123,knot,4,18,1,512,Knot-Atlas-Gilbert-Fourier-base-plus-SIAF-global-diffeomorphism,10:1:123,,"{""aspect"":1.0,""bulge_shear"":-0.24,""weave_shear"":0.06}"
PKLSA_344301e4cb726e,knot_10.123,10_123,knot,4,19,1,512,Knot-Atlas-Gilbert-Fourier-base-plus-SIAF-global-diffeomorphism,10:1:123,,"{""aspect"":1.0,""bulge_shear"":-0.24,""weave_shear"":0.2}"
PKLSA_9a21032d7b0619,knot_10.123,10_123,knot,4,20,1,512,Knot-Atlas-Gilbert-Fourier-base-plus-SIAF-global-diffeomorphism,10:1:123,,"{""aspect"":1.0,""bulge_shear"":-0.08,""weave_shear"":-0.2}"
PKLSA_8cb46fb7b6347a,knot_10.123,10_123,knot,4,21,1,512,Knot-Atlas-Gilbert-Fourier-base-plus-SIAF-global-diffeomorphism,10:1:123,,"{""aspect"":1.0,""bulge_shear"":-0.08,""weave_shear"":-0.06}"
PKLSA_8ccdedaffcf5a3,knot_10.123,10_123,knot,4,22,1,512,Knot-Atlas-Gilbert-Fourier-base-plus-SIAF-global-diffeomorphism,10:1:123,,"{""aspect"":1.0,""bulge_shear"":-0.08,""weave_shear"":0.06}"
PKLSA_11795e2c977f2c,knot_10.123,10_123,knot,4,23,1,512,Knot-Atlas-Gilbert-Fourier-base-plus-SIAF-global-diffeomorphism,10:1:123,,"{""aspect"":1.0,""bulge_shear"":-0.08,""weave_shear"":0.2}"
PKLSA_2e047248f6b998,knot_10.123,10_123,knot,4,24,1,512,Knot-Atlas-Gilbert-Fourier-base-plus-SIAF-global-diffeomorphism,10:1:123,,"{""aspect"":1.0,""bulge_shear"":0.08,""weave_shear"":-0.2}"
PKLSA_1dc6976ae45385,knot_10.123,10_123,knot,4,25,1,512,Knot-Atlas-Gilbert-Fourier-base-plus-SIAF-global-diffeomorphism,10:1:123,,"{""aspect"":1.0,""bulge_shear"":0.08,""weave_shear"":-0.06}"
PKLSA_6292382f27d836,knot_10.123,10_123,knot,4,26,1,512,Knot-Atlas-Gilbert-Fourier-base-plus-SIAF-global-diffeomorphism,10:1:123,,"{""aspect"":1.0,""bulge_shear"":0.08,""weave_shear"":0.06}"
PKLSA_bbb04ab4465e06,knot_10.123,10_123,knot,4,27,1,512,Knot-Atlas-Gilbert-Fourier-base-plus-SIAF-global-diffeomorphism,10:1:123,,"{""aspect"":1.0,""bulge_shear"":0.08,""weave_shear"":0.2}"
PKLSA_d1f5ce233058a6,knot_10.123,10_123,knot,4,28,1,512,Knot-Atlas-Gilbert-Fourier-base-plus-SIAF-global-diffeomorphism,10:1:123,,"{""aspect"":1.0,""bulge_shear"":0.24,""weave_shear"":-0.2}"
PKLSA_9c3414dfd84dd4,knot_10.123,10_123,knot,4,29,1,512,Knot-Atlas-Gilbert-Fourier-base-plus-SIAF-global-diffeomorphism,10:1:123,,"{""aspect"":1.0,""bulge_shear"":0.24,""weave_shear"":-0.06}"
PKLSA_e5c2cbaf98deb2,knot_10.123,10_123,knot,4,30,1,512,Knot-Atlas-Gilbert-Fourier-base-plus-SIAF-global-diffeomorphism,10:1:123,,"{""aspect"":1.0,""bulge_shear"":0.24,""weave_shear"":0.06}"
PKLSA_4b8fdf936b63e4,knot_10.123,10_123,knot,4,31,1,512,Knot-Atlas-Gilbert-Fourier-base-plus-SIAF-global-diffeomorphism,10:1:123,,"{""aspect"":1.0,""bulge_shear"":0.24,""weave_shear"":0.2}"
PKLSA_e69065bee402c9,knot_10.123,10_123,knot,4,32,1,512,Knot-Atlas-Gilbert-Fourier-base-plus-SIAF-global-diffeomorphism,10:1:123,,"{""aspect"":1.12,""bulge_shear"":-0.24,""weave_shear"":-0.2}"
PKLSA_89ff804efb1287,knot_10.123,10_123,knot,4,33,1,512,Knot-Atlas-Gilbert-Fourier-base-plus-SIAF-global-diffeomorphism,10:1:123,,"{""aspect"":1.12,""bulge_shear"":-0.24,""weave_shear"":-0.06}"
PKLSA_ad09a18f2e1ed2,knot_10.123,10_123,knot,4,34,1,512,Knot-Atlas-Gilbert-Fourier-base-plus-SIAF-global-diffeomorphism,10:1:123,,"{""aspect"":1.12,""bulge_shear"":-0.24,""weave_shear"":0.06}"
PKLSA_8206a3e0d1b02e,knot_10.123,10_123,knot,4,35,1,512,Knot-Atlas-Gilbert-Fourier-base-plus-SIAF-global-diffeomorphism,10:1:123,,"{""aspect"":1.12,""bulge_shear"":-0.24,""weave_shear"":0.2}"
PKLSA_f00c96ded4cb39,knot_10.123,10_123,knot,4,36,1,512,Knot-Atlas-Gilbert-Fourier-base-plus-SIAF-global-diffeomorphism,10:1:123,,"{""aspect"":1.12,""bulge_shear"":-0.08,""weave_shear"":-0.2}"
PKLSA_ec7818420d242e,knot_10.123,10_123,knot,4,37,1,512,Knot-Atlas-Gilbert-Fourier-base-plus-SIAF-global-diffeomorphism,10:1:123,,"{""aspect"":1.12,""bulge_shear"":-0.08,""weave_shear"":-0.06}"
PKLSA_9441a1421998a4,knot_10.123,10_123,knot,4,38,1,512,Knot-Atlas-Gilbert-Fourier-base-plus-SIAF-global-diffeomorphism,10:1:123,,"{""aspect"":1.12,""bulge_shear"":-0.08,""weave_shear"":0.06}"
PKLSA_83d924cecb5591,knot_10.123,10_123,knot,4,39,1,512,Knot-Atlas-Gilbert-Fourier-base-plus-SIAF-global-diffeomorphism,10:1:123,,"{""aspect"":1.12,""bulge_shear"":-0.08,""weave_shear"":0.2}"
PKLSA_e37c51fa3412c8,knot_10.123,10_123,knot,4,40,1,512,Knot-Atlas-Gilbert-Fourier-base-plus-SIAF-global-diffeomorphism,10:1:123,,"{""aspect"":1.12,""bulge_shear"":0.08,""weave_shear"":-0.2}"
PKLSA_a48d20679e2f73,knot_10.123,10_123,knot,4,41,1,512,Knot-Atlas-Gilbert-Fourier-base-plus-SIAF-global-diffeomorphism,10:1:123,,"{""aspect"":1.12,""bulge_shear"":0.08,""weave_shear"":-0.06}"
PKLSA_0cff41269d870d,knot_10.123,10_123,knot,4,42,1,512,Knot-Atlas-Gilbert-Fourier-base-plus-SIAF-global-diffeomorphism,10:1:123,,"{""aspect"":1.12,""bulge_shear"":0.08,""weave_shear"":0.06}"
PKLSA_4769ef1bf4d4ec,knot_10.123,10_123,knot,4,43,1,512,Knot-Atlas-Gilbert-Fourier-base-plus-SIAF-global-diffeomorphism,10:1:123,,"{""aspect"":1.12,""bulge_shear"":0.08,""weave_shear"":0.2}"
PKLSA_c2d478d1fbdef5,knot_10.123,10_123,knot,4,44,1,512,Knot-Atlas-Gilbert-Fourier-base-plus-SIAF-global-diffeomorphism,10:1:123,,"{""aspect"":1.12,""bulge_shear"":0.24,""weave_shear"":-0.2}"
PKLSA_a8a1f22b5cf8ef,knot_10.123,10_123,knot,4,45,1,512,Knot-Atlas-Gilbert-Fourier-base-plus-SIAF-global-diffeomorphism,10:1:123,,"{""aspect"":1.12,""bulge_shear"":0.24,""weave_shear"":-0.06}"
PKLSA_0109efee7ce045,knot_10.123,10_123,knot,4,46,1,512,Knot-Atlas-Gilbert-Fourier-base-plus-SIAF-global-diffeomorphism,10:1:123,,"{""aspect"":1.12,""bulge_shear"":0.24,""weave_shear"":0.06}"
PKLSA_e546d2f994bbda,knot_10.123,10_123,knot,4,47,1,512,Knot-Atlas-Gilbert-Fourier-base-plus-SIAF-global-diffeomorphism,10:1:123,,"{""aspect"":1.12,""bulge_shear"":0.24,""weave_shear"":0.2}"
PKLSA_08c402fdbc8c99,torus_2.11,2_11,torus_knot,5,0,1,512,analytic-generalized-shader-track-torus-family,"T(2,11) analytic construction",,"{""R"":2.8,""a"":0.65,""b"":0.65,""p"":2,""q"":11}"
PKLSA_98b904f8a589a6,torus_2.11,2_11,torus_knot,5,1,1,512,analytic-generalized-shader-track-torus-family,"T(2,11) analytic construction",,"{""R"":2.8,""a"":0.65,""b"":0.9,""p"":2,""q"":11}"
PKLSA_dcb85c2f47936a,torus_2.11,2_11,torus_knot,5,2,1,512,analytic-generalized-shader-track-torus-family,"T(2,11) analytic construction",,"{""R"":2.8,""a"":0.65,""b"":1.15,""p"":2,""q"":11}"
PKLSA_6d90214ca2bfb4,torus_2.11,2_11,torus_knot,5,3,1,512,analytic-generalized-shader-track-torus-family,"T(2,11) analytic construction",,"{""R"":2.8,""a"":0.65,""b"":1.4,""p"":2,""q"":11}"
PKLSA_88cdd1e3fc6bec,torus_2.11,2_11,torus_knot,5,4,1,512,analytic-generalized-shader-track-torus-family,"T(2,11) analytic construction",,"{""R"":2.8,""a"":0.85,""b"":0.65,""p"":2,""q"":11}"
PKLSA_4b62402622e8e8,torus_2.11,2_11,torus_knot,5,5,1,512,analytic-generalized-shader-track-torus-family,"T(2,11) analytic construction",,"{""R"":2.8,""a"":0.85,""b"":0.9,""p"":2,""q"":11}"
PKLSA_d2ad40e24961b1,torus_2.11,2_11,torus_knot,5,6,1,512,analytic-generalized-shader-track-torus-family,"T(2,11) analytic construction",,"{""R"":2.8,""a"":0.85,""b"":1.15,""p"":2,""q"":11}"
PKLSA_8820e319f05a50,torus_2.11,2_11,torus_knot,5,7,1,512,analytic-generalized-shader-track-torus-family,"T(2,11) analytic construction",,"{""R"":2.8,""a"":0.85,""b"":1.4,""p"":2,""q"":11}"
PKLSA_9b7dfdca34320b,torus_2.11,2_11,torus_knot,5,8,1,512,analytic-generalized-shader-track-torus-family,"T(2,11) analytic construction",,"{""R"":2.8,""a"":1.05,""b"":0.65,""p"":2,""q"":11}"
PKLSA_f78a317bca603d,torus_2.11,2_11,torus_knot,5,9,1,512,analytic-generalized-shader-track-torus-family,"T(2,11) analytic construction",,"{""R"":2.8,""a"":1.05,""b"":0.9,""p"":2,""q"":11}"
PKLSA_72cf8f36738b8b,torus_2.11,2_11,torus_knot,5,10,1,512,analytic-generalized-shader-track-torus-family,"T(2,11) analytic construction",,"{""R"":2.8,""a"":1.05,""b"":1.15,""p"":2,""q"":11}"
PKLSA_920d35744b3012,torus_2.11,2_11,torus_knot,5,11,1,512,analytic-generalized-shader-track-torus-family,"T(2,11) analytic construction",,"{""R"":2.8,""a"":1.05,""b"":1.4,""p"":2,""q"":11}"
PKLSA_a8a5ea8ee14e49,torus_2.11,2_11,torus_knot,5,12,1,512,analytic-generalized-shader-track-torus-family,"T(2,11) analytic construction",,"{""R"":2.8,""a"":1.25,""b"":0.65,""p"":2,""q"":11}"
PKLSA_8944aed45f4f3e,torus_2.11,2_11,torus_knot,5,13,1,512,analytic-generalized-shader-track-torus-family,"T(2,11) analytic construction",,"{""R"":2.8,""a"":1.25,""b"":0.9,""p"":2,""q"":11}"
PKLSA_b05cd49f09d321,torus_2.11,2_11,torus_knot,5,14,1,512,analytic-generalized-shader-track-torus-family,"T(2,11) analytic construction",,"{""R"":2.8,""a"":1.25,""b"":1.15,""p"":2,""q"":11}"
PKLSA_08120370baeb2a,torus_2.11,2_11,torus_knot,5,15,1,512,analytic-generalized-shader-track-torus-family,"T(2,11) analytic construction",,"{""R"":2.8,""a"":1.25,""b"":1.4,""p"":2,""q"":11}"
PKLSA_c69ea696208009,torus_2.11,2_11,torus_knot,5,16,1,512,analytic-generalized-shader-track-torus-family,"T(2,11) analytic construction",,"{""R"":3.2,""a"":0.65,""b"":0.65,""p"":2,""q"":11}"
PKLSA_0877a4b4efd969,torus_2.11,2_11,torus_knot,5,17,1,512,analytic-generalized-shader-track-torus-family,"T(2,11) analytic construction",,"{""R"":3.2,""a"":0.65,""b"":0.9,""p"":2,""q"":11}"
PKLSA_814ada054f12d8,torus_2.11,2_11,torus_knot,5,18,1,512,analytic-generalized-shader-track-torus-family,"T(2,11) analytic construction",,"{""R"":3.2,""a"":0.65,""b"":1.15,""p"":2,""q"":11}"
PKLSA_d423fb6b84e6d6,torus_2.11,2_11,torus_knot,5,19,1,512,analytic-generalized-shader-track-torus-family,"T(2,11) analytic construction",,"{""R"":3.2,""a"":0.65,""b"":1.4,""p"":2,""q"":11}"
PKLSA_e910c80cfbf31d,torus_2.11,2_11,torus_knot,5,20,1,512,analytic-generalized-shader-track-torus-family,"T(2,11) analytic construction",,"{""R"":3.2,""a"":0.85,""b"":0.65,""p"":2,""q"":11}"
PKLSA_337c2375838d10,torus_2.11,2_11,torus_knot,5,21,1,512,analytic-generalized-shader-track-torus-family,"T(2,11) analytic construction",,"{""R"":3.2,""a"":0.85,""b"":0.9,""p"":2,""q"":11}"
PKLSA_867278bba2e021,torus_2.11,2_11,torus_knot,5,22,1,512,analytic-generalized-shader-track-torus-family,"T(2,11) analytic construction",,"{""R"":3.2,""a"":0.85,""b"":1.15,""p"":2,""q"":11}"
PKLSA_1287ddded1ce3b,torus_2.11,2_11,torus_knot,5,23,1,512,analytic-generalized-shader-track-torus-family,"T(2,11) analytic construction",,"{""R"":3.2,""a"":0.85,""b"":1.4,""p"":2,""q"":11}"
PKLSA_8aab249f160277,torus_2.11,2_11,torus_knot,5,24,1,512,analytic-generalized-shader-track-torus-family,"T(2,11) analytic construction",,"{""R"":3.2,""a"":1.05,""b"":0.65,""p"":2,""q"":11}"
PKLSA_ff2eb2e644befa,torus_2.11,2_11,torus_knot,5,25,1,512,analytic-generalized-shader-track-torus-family,"T(2,11) analytic construction",,"{""R"":3.2,""a"":1.05,""b"":0.9,""p"":2,""q"":11}"
PKLSA_913ef17064f41a,torus_2.11,2_11,torus_knot,5,26,1,512,analytic-generalized-shader-track-torus-family,"T(2,11) analytic construction",,"{""R"":3.2,""a"":1.05,""b"":1.15,""p"":2,""q"":11}"
PKLSA_13a9ae5f7c0c31,torus_2.11,2_11,torus_knot,5,27,1,512,analytic-generalized-shader-track-torus-family,"T(2,11) analytic construction",,"{""R"":3.2,""a"":1.05,""b"":1.4,""p"":2,""q"":11}"
PKLSA_1fd18131ad4e14,torus_2.11,2_11,torus_knot,5,28,1,512,analytic-generalized-shader-track-torus-family,"T(2,11) analytic construction",,"{""R"":3.2,""a"":1.25,""b"":0.65,""p"":2,""q"":11}"
PKLSA_544f12b3246348,torus_2.11,2_11,torus_knot,5,29,1,512,analytic-generalized-shader-track-torus-family,"T(2,11) analytic construction",,"{""R"":3.2,""a"":1.25,""b"":0.9,""p"":2,""q"":11}"
PKLSA_2f01ccad5759f9,torus_2.11,2_11,torus_knot,5,30,1,512,analytic-generalized-shader-track-torus-family,"T(2,11) analytic construction",,"{""R"":3.2,""a"":1.25,""b"":1.15,""p"":2,""q"":11}"
PKLSA_9547d627a62652,torus_2.11,2_11,torus_knot,5,31,1,512,analytic-generalized-shader-track-torus-family,"T(2,11) analytic construction",,"{""R"":3.2,""a"":1.25,""b"":1.4,""p"":2,""q"":11}"
PKLSA_7009f1a3becc57,torus_2.11,2_11,torus_knot,5,32,1,512,analytic-generalized-shader-track-torus-family,"T(2,11) analytic construction",,"{""R"":3.6,""a"":0.65,""b"":0.65,""p"":2,""q"":11}"
PKLSA_ab1e86eca7c031,torus_2.11,2_11,torus_knot,5,33,1,512,analytic-generalized-shader-track-torus-family,"T(2,11) analytic construction",,"{""R"":3.6,""a"":0.65,""b"":0.9,""p"":2,""q"":11}"
PKLSA_44de54f4129b6b,torus_2.11,2_11,torus_knot,5,34,1,512,analytic-generalized-shader-track-torus-family,"T(2,11) analytic construction",,"{""R"":3.6,""a"":0.65,""b"":1.15,""p"":2,""q"":11}"
PKLSA_94f4b932ad2fe7,torus_2.11,2_11,torus_knot,5,35,1,512,analytic-generalized-shader-track-torus-family,"T(2,11) analytic construction",,"{""R"":3.6,""a"":0.65,""b"":1.4,""p"":2,""q"":11}"
PKLSA_6f6f4007d5983a,torus_2.11,2_11,torus_knot,5,36,1,512,analytic-generalized-shader-track-torus-family,"T(2,11) analytic construction",,"{""R"":3.6,""a"":0.85,""b"":0.65,""p"":2,""q"":11}"
PKLSA_042b044490d2b6,torus_2.11,2_11,torus_knot,5,37,1,512,analytic-generalized-shader-track-torus-family,"T(2,11) analytic construction",,"{""R"":3.6,""a"":0.85,""b"":0.9,""p"":2,""q"":11}"
PKLSA_82c15a0a48c66d,torus_2.11,2_11,torus_knot,5,38,1,512,analytic-generalized-shader-track-torus-family,"T(2,11) analytic construction",,"{""R"":3.6,""a"":0.85,""b"":1.15,""p"":2,""q"":11}"
PKLSA_5f809e65c89190,torus_2.11,2_11,torus_knot,5,39,1,512,analytic-generalized-shader-track-torus-family,"T(2,11) analytic construction",,"{""R"":3.6,""a"":0.85,""b"":1.4,""p"":2,""q"":11}"
PKLSA_88ea26d82ca251,torus_2.11,2_11,torus_knot,5,40,1,512,analytic-generalized-shader-track-torus-family,"T(2,11) analytic construction",,"{""R"":3.6,""a"":1.05,""b"":0.65,""p"":2,""q"":11}"
PKLSA_123747d9a0905e,torus_2.11,2_11,torus_knot,5,41,1,512,analytic-generalized-shader-track-torus-family,"T(2,11) analytic construction",,"{""R"":3.6,""a"":1.05,""b"":0.9,""p"":2,""q"":11}"
PKLSA_654213e8c6f53b,torus_2.11,2_11,torus_knot,5,42,1,512,analytic-generalized-shader-track-torus-family,"T(2,11) analytic construction",,"{""R"":3.6,""a"":1.05,""b"":1.15,""p"":2,""q"":11}"
PKLSA_c9ee8540bfe6fa,torus_2.11,2_11,torus_knot,5,43,1,512,analytic-generalized-shader-track-torus-family,"T(2,11) analytic construction",,"{""R"":3.6,""a"":1.05,""b"":1.4,""p"":2,""q"":11}"
PKLSA_b8a83e13a9431c,torus_2.11,2_11,torus_knot,5,44,1,512,analytic-generalized-shader-track-torus-family,"T(2,11) analytic construction",,"{""R"":3.6,""a"":1.25,""b"":0.65,""p"":2,""q"":11}"
PKLSA_1d65df484e4df5,torus_2.11,2_11,torus_knot,5,45,1,512,analytic-generalized-shader-track-torus-family,"T(2,11) analytic construction",,"{""R"":3.6,""a"":1.25,""b"":0.9,""p"":2,""q"":11}"
PKLSA_0f3e5eb17a9657,torus_2.11,2_11,torus_knot,5,46,1,512,analytic-generalized-shader-track-torus-family,"T(2,11) analytic construction",,"{""R"":3.6,""a"":1.25,""b"":1.15,""p"":2,""q"":11}"
PKLSA_45fa5e05db6f99,torus_2.11,2_11,torus_knot,5,47,1,512,analytic-generalized-shader-track-torus-family,"T(2,11) analytic construction",,"{""R"":3.6,""a"":1.25,""b"":1.4,""p"":2,""q"":11}"
PKLSA_4b0c9468518318,link_2.2.1,2_2_1,link,6,0,2,512,Knot-Atlas-Gilbert-Fourier-base-plus-SIAF-global-diffeomorphism,L2a1,,"{""aspect"":0.88,""bulge_shear"":-0.24,""weave_shear"":-0.2}"
PKLSA_c292e2f97155b3,link_2.2.1,2_2_1,link,6,1,2,512,Knot-Atlas-Gilbert-Fourier-base-plus-SIAF-global-diffeomorphism,L2a1,,"{""aspect"":0.88,""bulge_shear"":-0.24,""weave_shear"":-0.06}"
PKLSA_8bb6d3a53029b6,link_2.2.1,2_2_1,link,6,2,2,512,Knot-Atlas-Gilbert-Fourier-base-plus-SIAF-global-diffeomorphism,L2a1,,"{""aspect"":0.88,""bulge_shear"":-0.24,""weave_shear"":0.06}"
PKLSA_3bf78257de9cd5,link_2.2.1,2_2_1,link,6,3,2,512,Knot-Atlas-Gilbert-Fourier-base-plus-SIAF-global-diffeomorphism,L2a1,,"{""aspect"":0.88,""bulge_shear"":-0.24,""weave_shear"":0.2}"
PKLSA_f87c69cdacc161,link_2.2.1,2_2_1,link,6,4,2,512,Knot-Atlas-Gilbert-Fourier-base-plus-SIAF-global-diffeomorphism,L2a1,,"{""aspect"":0.88,""bulge_shear"":-0.08,""weave_shear"":-0.2}"
PKLSA_d5bfe48536378b,link_2.2.1,2_2_1,link,6,5,2,512,Knot-Atlas-Gilbert-Fourier-base-plus-SIAF-global-diffeomorphism,L2a1,,"{""aspect"":0.88,""bulge_shear"":-0.08,""weave_shear"":-0.06}"
PKLSA_9bb3e13f5faf3b,link_2.2.1,2_2_1,link,6,6,2,512,Knot-Atlas-Gilbert-Fourier-base-plus-SIAF-global-diffeomorphism,L2a1,,"{""aspect"":0.88,""bulge_shear"":-0.08,""weave_shear"":0.06}"
PKLSA_17c55867520623,link_2.2.1,2_2_1,link,6,7,2,512,Knot-Atlas-Gilbert-Fourier-base-plus-SIAF-global-diffeomorphism,L2a1,,"{""aspect"":0.88,""bulge_shear"":-0.08,""weave_shear"":0.2}"
PKLSA_c3a0040892b223,link_2.2.1,2_2_1,link,6,8,2,512,Knot-Atlas-Gilbert-Fourier-base-plus-SIAF-global-diffeomorphism,L2a1,,"{""aspect"":0.88,""bulge_shear"":0.08,""weave_shear"":-0.2}"
PKLSA_17a214bc7913c1,link_2.2.1,2_2_1,link,6,9,2,512,Knot-Atlas-Gilbert-Fourier-base-plus-SIAF-global-diffeomorphism,L2a1,,"{""aspect"":0.88,""bulge_shear"":0.08,""weave_shear"":-0.06}"
PKLSA_8dca1f50900f82,link_2.2.1,2_2_1,link,6,10,2,512,Knot-Atlas-Gilbert-Fourier-base-plus-SIAF-global-diffeomorphism,L2a1,,"{""aspect"":0.88,""bulge_shear"":0.08,""weave_shear"":0.06}"
PKLSA_a4ec092693e26f,link_2.2.1,2_2_1,link,6,11,2,512,Knot-Atlas-Gilbert-Fourier-base-plus-SIAF-global-diffeomorphism,L2a1,,"{""aspect"":0.88,""bulge_shear"":0.08,""weave_shear"":0.2}"
PKLSA_392ac530079816,link_2.2.1,2_2_1,link,6,12,2,512,Knot-Atlas-Gilbert-Fourier-base-plus-SIAF-global-diffeomorphism,L2a1,,"{""aspect"":0.88,""bulge_shear"":0.24,""weave_shear"":-0.2}"
PKLSA_c2736150f99166,link_2.2.1,2_2_1,link,6,13,2,512,Knot-Atlas-Gilbert-Fourier-base-plus-SIAF-global-diffeomorphism,L2a1,,"{""aspect"":0.88,""bulge_shear"":0.24,""weave_shear"":-0.06}"
PKLSA_193fd9277d5228,link_2.2.1,2_2_1,link,6,14,2,512,Knot-Atlas-Gilbert-Fourier-base-plus-SIAF-global-diffeomorphism,L2a1,,"{""aspect"":0.88,""bulge_shear"":0.24,""weave_shear"":0.06}"
PKLSA_e03eff8c47745e,link_2.2.1,2_2_1,link,6,15,2,512,Knot-Atlas-Gilbert-Fourier-base-plus-SIAF-global-diffeomorphism,L2a1,,"{""aspect"":0.88,""bulge_shear"":0.24,""weave_shear"":0.2}"
PKLSA_1b6b61a0ea10eb,link_2.2.1,2_2_1,link,6,16,2,512,Knot-Atlas-Gilbert-Fourier-base-plus-SIAF-global-diffeomorphism,L2a1,,"{""aspect"":1.0,""bulge_shear"":-0.24,""weave_shear"":-0.2}"
PKLSA_1a0fb3b030ef5a,link_2.2.1,2_2_1,link,6,17,2,512,Knot-Atlas-Gilbert-Fourier-base-plus-SIAF-global-diffeomorphism,L2a1,,"{""aspect"":1.0,""bulge_shear"":-0.24,""weave_shear"":-0.06}"
PKLSA_c29f96ba25bb08,link_2.2.1,2_2_1,link,6,18,2,512,Knot-Atlas-Gilbert-Fourier-base-plus-SIAF-global-diffeomorphism,L2a1,,"{""aspect"":1.0,""bulge_shear"":-0.24,""weave_shear"":0.06}"
PKLSA_305bb30cbe4929,link_2.2.1,2_2_1,link,6,19,2,512,Knot-Atlas-Gilbert-Fourier-base-plus-SIAF-global-diffeomorphism,L2a1,,"{""aspect"":1.0,""bulge_shear"":-0.24,""weave_shear"":0.2}"
PKLSA_aaf44bf93b8273,link_2.2.1,2_2_1,link,6,20,2,512,Knot-Atlas-Gilbert-Fourier-base-plus-SIAF-global-diffeomorphism,L2a1,,"{""aspect"":1.0,""bulge_shear"":-0.08,""weave_shear"":-0.2}"
PKLSA_e3b7497a1b50bf,link_2.2.1,2_2_1,link,6,21,2,512,Knot-Atlas-Gilbert-Fourier-base-plus-SIAF-global-diffeomorphism,L2a1,,"{""aspect"":1.0,""bulge_shear"":-0.08,""weave_shear"":-0.06}"
PKLSA_679ca4e8e4a9e1,link_2.2.1,2_2_1,link,6,22,2,512,Knot-Atlas-Gilbert-Fourier-base-plus-SIAF-global-diffeomorphism,L2a1,,"{""aspect"":1.0,""bulge_shear"":-0.08,""weave_shear"":0.06}"
PKLSA_a6a7900434cc43,link_2.2.1,2_2_1,link,6,23,2,512,Knot-Atlas-Gilbert-Fourier-base-plus-SIAF-global-diffeomorphism,L2a1,,"{""aspect"":1.0,""bulge_shear"":-0.08,""weave_shear"":0.2}"
PKLSA_05242bd398736c,link_2.2.1,2_2_1,link,6,24,2,512,Knot-Atlas-Gilbert-Fourier-base-plus-SIAF-global-diffeomorphism,L2a1,,"{""aspect"":1.0,""bulge_shear"":0.08,""weave_shear"":-0.2}"
PKLSA_7ce016729514e2,link_2.2.1,2_2_1,link,6,25,2,512,Knot-Atlas-Gilbert-Fourier-base-plus-SIAF-global-diffeomorphism,L2a1,,"{""aspect"":1.0,""bulge_shear"":0.08,""weave_shear"":-0.06}"
PKLSA_7044d148eb9386,link_2.2.1,2_2_1,link,6,26,2,512,Knot-Atlas-Gilbert-Fourier-base-plus-SIAF-global-diffeomorphism,L2a1,,"{""aspect"":1.0,""bulge_shear"":0.08,""weave_shear"":0.06}"
PKLSA_dab39aafd00a65,link_2.2.1,2_2_1,link,6,27,2,512,Knot-Atlas-Gilbert-Fourier-base-plus-SIAF-global-diffeomorphism,L2a1,,"{""aspect"":1.0,""bulge_shear"":0.08,""weave_shear"":0.2}"
PKLSA_867fee13101c47,link_2.2.1,2_2_1,link,6,28,2,512,Knot-Atlas-Gilbert-Fourier-base-plus-SIAF-global-diffeomorphism,L2a1,,"{""aspect"":1.0,""bulge_shear"":0.24,""weave_shear"":-0.2}"
PKLSA_13ee2e036c2046,link_2.2.1,2_2_1,link,6,29,2,512,Knot-Atlas-Gilbert-Fourier-base-plus-SIAF-global-diffeomorphism,L2a1,,"{""aspect"":1.0,""bulge_shear"":0.24,""weave_shear"":-0.06}"
PKLSA_67305b1380af90,link_2.2.1,2_2_1,link,6,30,2,512,Knot-Atlas-Gilbert-Fourier-base-plus-SIAF-global-diffeomorphism,L2a1,,"{""aspect"":1.0,""bulge_shear"":0.24,""weave_shear"":0.06}"
PKLSA_82768415b2cdc4,link_2.2.1,2_2_1,link,6,31,2,512,Knot-Atlas-Gilbert-Fourier-base-plus-SIAF-global-diffeomorphism,L2a1,,"{""aspect"":1.0,""bulge_shear"":0.24,""weave_shear"":0.2}"
PKLSA_a3783647b96998,link_2.2.1,2_2_1,link,6,32,2,512,Knot-Atlas-Gilbert-Fourier-base-plus-SIAF-global-diffeomorphism,L2a1,,"{""aspect"":1.12,""bulge_shear"":-0.24,""weave_shear"":-0.2}"
PKLSA_0623fa96cd1635,link_2.2.1,2_2_1,link,6,33,2,512,Knot-Atlas-Gilbert-Fourier-base-plus-SIAF-global-diffeomorphism,L2a1,,"{""aspect"":1.12,""bulge_shear"":-0.24,""weave_shear"":-0.06}"
PKLSA_9e23b1961ad657,link_2.2.1,2_2_1,link,6,34,2,512,Knot-Atlas-Gilbert-Fourier-base-plus-SIAF-global-diffeomorphism,L2a1,,"{""aspect"":1.12,""bulge_shear"":-0.24,""weave_shear"":0.06}"
PKLSA_b7030054c5d344,link_2.2.1,2_2_1,link,6,35,2,512,Knot-Atlas-Gilbert-Fourier-base-plus-SIAF-global-diffeomorphism,L2a1,,"{""aspect"":1.12,""bulge_shear"":-0.24,""weave_shear"":0.2}"
PKLSA_466364faf3f54c,link_2.2.1,2_2_1,link,6,36,2,512,Knot-Atlas-Gilbert-Fourier-base-plus-SIAF-global-diffeomorphism,L2a1,,"{""aspect"":1.12,""bulge_shear"":-0.08,""weave_shear"":-0.2}"
PKLSA_ee04535fdf8248,link_2.2.1,2_2_1,link,6,37,2,512,Knot-Atlas-Gilbert-Fourier-base-plus-SIAF-global-diffeomorphism,L2a1,,"{""aspect"":1.12,""bulge_shear"":-0.08,""weave_shear"":-0.06}"
PKLSA_5ad87781f4df51,link_2.2.1,2_2_1,link,6,38,2,512,Knot-Atlas-Gilbert-Fourier-base-plus-SIAF-global-diffeomorphism,L2a1,,"{""aspect"":1.12,""bulge_shear"":-0.08,""weave_shear"":0.06}"
PKLSA_f5c9336e5a5a2d,link_2.2.1,2_2_1,link,6,39,2,512,Knot-Atlas-Gilbert-Fourier-base-plus-SIAF-global-diffeomorphism,L2a1,,"{""aspect"":1.12,""bulge_shear"":-0.08,""weave_shear"":0.2}"
PKLSA_fa8598933fbf7a,link_2.2.1,2_2_1,link,6,40,2,512,Knot-Atlas-Gilbert-Fourier-base-plus-SIAF-global-diffeomorphism,L2a1,,"{""aspect"":1.12,""bulge_shear"":0.08,""weave_shear"":-0.2}"
PKLSA_6bd483b23bea26,link_2.2.1,2_2_1,link,6,41,2,512,Knot-Atlas-Gilbert-Fourier-base-plus-SIAF-global-diffeomorphism,L2a1,,"{""aspect"":1.12,""bulge_shear"":0.08,""weave_shear"":-0.06}"
PKLSA_40b3580ce5010a,link_2.2.1,2_2_1,link,6,42,2,512,Knot-Atlas-Gilbert-Fourier-base-plus-SIAF-global-diffeomorphism,L2a1,,"{""aspect"":1.12,""bulge_shear"":0.08,""weave_shear"":0.06}"
PKLSA_45f3f417c06be5,link_2.2.1,2_2_1,link,6,43,2,512,Knot-Atlas-Gilbert-Fourier-base-plus-SIAF-global-diffeomorphism,L2a1,,"{""aspect"":1.12,""bulge_shear"":0.08,""weave_shear"":0.2}"
PKLSA_0040ec76e4db14,link_2.2.1,2_2_1,link,6,44,2,512,Knot-Atlas-Gilbert-Fourier-base-plus-SIAF-global-diffeomorphism,L2a1,,"{""aspect"":1.12,""bulge_shear"":0.24,""weave_shear"":-0.2}"
PKLSA_f368f4406cffe8,link_2.2.1,2_2_1,link,6,45,2,512,Knot-Atlas-Gilbert-Fourier-base-plus-SIAF-global-diffeomorphism,L2a1,,"{""aspect"":1.12,""bulge_shear"":0.24,""weave_shear"":-0.06}"
PKLSA_2465fc0d3857d1,link_2.2.1,2_2_1,link,6,46,2,512,Knot-Atlas-Gilbert-Fourier-base-plus-SIAF-global-diffeomorphism,L2a1,,"{""aspect"":1.12,""bulge_shear"":0.24,""weave_shear"":0.06}"
PKLSA_d6d944db1cbbb9,link_2.2.1,2_2_1,link,6,47,2,512,Knot-Atlas-Gilbert-Fourier-base-plus-SIAF-global-diffeomorphism,L2a1,,"{""aspect"":1.12,""bulge_shear"":0.24,""weave_shear"":0.2}"
PKLSA_d7de0a82e521d4,torus_2.3,2_3,torus_knot,7,0,1,512,analytic-generalized-shader-track-torus-family,"T(2,3) analytic construction",,"{""R"":2.8,""a"":0.65,""b"":0.65,""p"":2,""q"":3}"
PKLSA_86d9015d0b884a,torus_2.3,2_3,torus_knot,7,1,1,512,analytic-generalized-shader-track-torus-family,"T(2,3) analytic construction",,"{""R"":2.8,""a"":0.65,""b"":0.9,""p"":2,""q"":3}"
PKLSA_60d387423af32a,torus_2.3,2_3,torus_knot,7,2,1,512,analytic-generalized-shader-track-torus-family,"T(2,3) analytic construction",,"{""R"":2.8,""a"":0.65,""b"":1.15,""p"":2,""q"":3}"
PKLSA_7139230ab6a90d,torus_2.3,2_3,torus_knot,7,3,1,512,analytic-generalized-shader-track-torus-family,"T(2,3) analytic construction",,"{""R"":2.8,""a"":0.65,""b"":1.4,""p"":2,""q"":3}"
PKLSA_bcbd774c177267,torus_2.3,2_3,torus_knot,7,4,1,512,analytic-generalized-shader-track-torus-family,"T(2,3) analytic construction",,"{""R"":2.8,""a"":0.85,""b"":0.65,""p"":2,""q"":3}"
PKLSA_1f27683f17fac7,torus_2.3,2_3,torus_knot,7,5,1,512,analytic-generalized-shader-track-torus-family,"T(2,3) analytic construction",,"{""R"":2.8,""a"":0.85,""b"":0.9,""p"":2,""q"":3}"
PKLSA_3ed0b8b61cb0a7,torus_2.3,2_3,torus_knot,7,6,1,512,analytic-generalized-shader-track-torus-family,"T(2,3) analytic construction",,"{""R"":2.8,""a"":0.85,""b"":1.15,""p"":2,""q"":3}"
PKLSA_3d6e058b78eac3,torus_2.3,2_3,torus_knot,7,7,1,512,analytic-generalized-shader-track-torus-family,"T(2,3) analytic construction",,"{""R"":2.8,""a"":0.85,""b"":1.4,""p"":2,""q"":3}"
PKLSA_e6dc0b7c401c1b,torus_2.3,2_3,torus_knot,7,8,1,512,analytic-generalized-shader-track-torus-family,"T(2,3) analytic construction",,"{""R"":2.8,""a"":1.05,""b"":0.65,""p"":2,""q"":3}"
PKLSA_671d96f8e87021,torus_2.3,2_3,torus_knot,7,9,1,512,analytic-generalized-shader-track-torus-family,"T(2,3) analytic construction",,"{""R"":2.8,""a"":1.05,""b"":0.9,""p"":2,""q"":3}"
PKLSA_d0141731730ce4,torus_2.3,2_3,torus_knot,7,10,1,512,analytic-generalized-shader-track-torus-family,"T(2,3) analytic construction",,"{""R"":2.8,""a"":1.05,""b"":1.15,""p"":2,""q"":3}"
PKLSA_a68e70d31f82a8,torus_2.3,2_3,torus_knot,7,11,1,512,analytic-generalized-shader-track-torus-family,"T(2,3) analytic construction",,"{""R"":2.8,""a"":1.05,""b"":1.4,""p"":2,""q"":3}"
PKLSA_58ea9ec021302f,torus_2.3,2_3,torus_knot,7,12,1,512,analytic-generalized-shader-track-torus-family,"T(2,3) analytic construction",,"{""R"":2.8,""a"":1.25,""b"":0.65,""p"":2,""q"":3}"
PKLSA_082e08140d7c12,torus_2.3,2_3,torus_knot,7,13,1,512,analytic-generalized-shader-track-torus-family,"T(2,3) analytic construction",,"{""R"":2.8,""a"":1.25,""b"":0.9,""p"":2,""q"":3}"
PKLSA_87fd29e7ce9076,torus_2.3,2_3,torus_knot,7,14,1,512,analytic-generalized-shader-track-torus-family,"T(2,3) analytic construction",,"{""R"":2.8,""a"":1.25,""b"":1.15,""p"":2,""q"":3}"
PKLSA_da4271b3d1637c,torus_2.3,2_3,torus_knot,7,15,1,512,analytic-generalized-shader-track-torus-family,"T(2,3) analytic construction",,"{""R"":2.8,""a"":1.25,""b"":1.4,""p"":2,""q"":3}"
PKLSA_a4e9235fc9047b,torus_2.3,2_3,torus_knot,7,16,1,512,analytic-generalized-shader-track-torus-family,"T(2,3) analytic construction",,"{""R"":3.2,""a"":0.65,""b"":0.65,""p"":2,""q"":3}"
PKLSA_978449d47b5b6a,torus_2.3,2_3,torus_knot,7,17,1,512,analytic-generalized-shader-track-torus-family,"T(2,3) analytic construction",,"{""R"":3.2,""a"":0.65,""b"":0.9,""p"":2,""q"":3}"
PKLSA_29027aad0c43c8,torus_2.3,2_3,torus_knot,7,18,1,512,analytic-generalized-shader-track-torus-family,"T(2,3) analytic construction",,"{""R"":3.2,""a"":0.65,""b"":1.15,""p"":2,""q"":3}"
PKLSA_64f69855984e88,torus_2.3,2_3,torus_knot,7,19,1,512,analytic-generalized-shader-track-torus-family,"T(2,3) analytic construction",,"{""R"":3.2,""a"":0.65,""b"":1.4,""p"":2,""q"":3}"
PKLSA_edc5f0d0b7834b,torus_2.3,2_3,torus_knot,7,20,1,512,analytic-generalized-shader-track-torus-family,"T(2,3) analytic construction",,"{""R"":3.2,""a"":0.85,""b"":0.65,""p"":2,""q"":3}"
PKLSA_6f81e40f658bf9,torus_2.3,2_3,torus_knot,7,21,1,512,analytic-generalized-shader-track-torus-family,"T(2,3) analytic construction",,"{""R"":3.2,""a"":0.85,""b"":0.9,""p"":2,""q"":3}"
PKLSA_a5249f830eb1a5,torus_2.3,2_3,torus_knot,7,22,1,512,analytic-generalized-shader-track-torus-family,"T(2,3) analytic construction",,"{""R"":3.2,""a"":0.85,""b"":1.15,""p"":2,""q"":3}"
PKLSA_96e09dc3a1bdfc,torus_2.3,2_3,torus_knot,7,23,1,512,analytic-generalized-shader-track-torus-family,"T(2,3) analytic construction",,"{""R"":3.2,""a"":0.85,""b"":1.4,""p"":2,""q"":3}"
PKLSA_cc0ac6e2672aef,torus_2.3,2_3,torus_knot,7,24,1,512,analytic-generalized-shader-track-torus-family,"T(2,3) analytic construction",,"{""R"":3.2,""a"":1.05,""b"":0.65,""p"":2,""q"":3}"
PKLSA_f9d26d417adf59,torus_2.3,2_3,torus_knot,7,25,1,512,analytic-generalized-shader-track-torus-family,"T(2,3) analytic construction",,"{""R"":3.2,""a"":1.05,""b"":0.9,""p"":2,""q"":3}"
PKLSA_6f1fe2e26f048d,torus_2.3,2_3,torus_knot,7,26,1,512,analytic-generalized-shader-track-torus-family,"T(2,3) analytic construction",,"{""R"":3.2,""a"":1.05,""b"":1.15,""p"":2,""q"":3}"
PKLSA_ad3683b3c6893c,torus_2.3,2_3,torus_knot,7,27,1,512,analytic-generalized-shader-track-torus-family,"T(2,3) analytic construction",,"{""R"":3.2,""a"":1.05,""b"":1.4,""p"":2,""q"":3}"
PKLSA_be3e49310c34e6,torus_2.3,2_3,torus_knot,7,28,1,512,analytic-generalized-shader-track-torus-family,"T(2,3) analytic construction",,"{""R"":3.2,""a"":1.25,""b"":0.65,""p"":2,""q"":3}"
PKLSA_6db940bee613d2,torus_2.3,2_3,torus_knot,7,29,1,512,analytic-generalized-shader-track-torus-family,"T(2,3) analytic construction",,"{""R"":3.2,""a"":1.25,""b"":0.9,""p"":2,""q"":3}"
PKLSA_f732d2cdee69f2,torus_2.3,2_3,torus_knot,7,30,1,512,analytic-generalized-shader-track-torus-family,"T(2,3) analytic construction",,"{""R"":3.2,""a"":1.25,""b"":1.15,""p"":2,""q"":3}"
PKLSA_2b1a3d4bfcd17f,torus_2.3,2_3,torus_knot,7,31,1,512,analytic-generalized-shader-track-torus-family,"T(2,3) analytic construction",,"{""R"":3.2,""a"":1.25,""b"":1.4,""p"":2,""q"":3}"
PKLSA_4d3ab8f3e1dc52,torus_2.3,2_3,torus_knot,7,32,1,512,analytic-generalized-shader-track-torus-family,"T(2,3) analytic construction",,"{""R"":3.6,""a"":0.65,""b"":0.65,""p"":2,""q"":3}"
PKLSA_461952d5180db1,torus_2.3,2_3,torus_knot,7,33,1,512,analytic-generalized-shader-track-torus-family,"T(2,3) analytic construction",,"{""R"":3.6,""a"":0.65,""b"":0.9,""p"":2,""q"":3}"
PKLSA_6fff52e97fdcd4,torus_2.3,2_3,torus_knot,7,34,1,512,analytic-generalized-shader-track-torus-family,"T(2,3) analytic construction",,"{""R"":3.6,""a"":0.65,""b"":1.15,""p"":2,""q"":3}"
PKLSA_b94d72d910d413,torus_2.3,2_3,torus_knot,7,35,1,512,analytic-generalized-shader-track-torus-family,"T(2,3) analytic construction",,"{""R"":3.6,""a"":0.65,""b"":1.4,""p"":2,""q"":3}"
PKLSA_013fe5c88ccc88,torus_2.3,2_3,torus_knot,7,36,1,512,analytic-generalized-shader-track-torus-family,"T(2,3) analytic construction",,"{""R"":3.6,""a"":0.85,""b"":0.65,""p"":2,""q"":3}"
PKLSA_1d871c082f33da,torus_2.3,2_3,torus_knot,7,37,1,512,analytic-generalized-shader-track-torus-family,"T(2,3) analytic construction",,"{""R"":3.6,""a"":0.85,""b"":0.9,""p"":2,""q"":3}"
PKLSA_ef91adc8f991bd,torus_2.3,2_3,torus_knot,7,38,1,512,analytic-generalized-shader-track-torus-family,"T(2,3) analytic construction",,"{""R"":3.6,""a"":0.85,""b"":1.15,""p"":2,""q"":3}"
PKLSA_a4fef090d6b697,torus_2.3,2_3,torus_knot,7,39,1,512,analytic-generalized-shader-track-torus-family,"T(2,3) analytic construction",,"{""R"":3.6,""a"":0.85,""b"":1.4,""p"":2,""q"":3}"
PKLSA_02da278e4500bb,torus_2.3,2_3,torus_knot,7,40,1,512,analytic-generalized-shader-track-torus-family,"T(2,3) analytic construction",,"{""R"":3.6,""a"":1.05,""b"":0.65,""p"":2,""q"":3}"
PKLSA_a5b073d0dc18d5,torus_2.3,2_3,torus_knot,7,41,1,512,analytic-generalized-shader-track-torus-family,"T(2,3) analytic construction",,"{""R"":3.6,""a"":1.05,""b"":0.9,""p"":2,""q"":3}"
PKLSA_8714bf70cc1210,torus_2.3,2_3,torus_knot,7,42,1,512,analytic-generalized-shader-track-torus-family,"T(2,3) analytic construction",,"{""R"":3.6,""a"":1.05,""b"":1.15,""p"":2,""q"":3}"
PKLSA_84ef776e264e8c,torus_2.3,2_3,torus_knot,7,43,1,512,analytic-generalized-shader-track-torus-family,"T(2,3) analytic construction",,"{""R"":3.6,""a"":1.05,""b"":1.4,""p"":2,""q"":3}"
PKLSA_1a91780a61ad73,torus_2.3,2_3,torus_knot,7,44,1,512,analytic-generalized-shader-track-torus-family,"T(2,3) analytic construction",,"{""R"":3.6,""a"":1.25,""b"":0.65,""p"":2,""q"":3}"
PKLSA_f5da207e82c1ba,torus_2.3,2_3,torus_knot,7,45,1,512,analytic-generalized-shader-track-torus-family,"T(2,3) analytic construction",,"{""R"":3.6,""a"":1.25,""b"":0.9,""p"":2,""q"":3}"
PKLSA_8fd1e359f1a059,torus_2.3,2_3,torus_knot,7,46,1,512,analytic-generalized-shader-track-torus-family,"T(2,3) analytic construction",,"{""R"":3.6,""a"":1.25,""b"":1.15,""p"":2,""q"":3}"
PKLSA_b99449bffc4798,torus_2.3,2_3,torus_knot,7,47,1,512,analytic-generalized-shader-track-torus-family,"T(2,3) analytic construction",,"{""R"":3.6,""a"":1.25,""b"":1.4,""p"":2,""q"":3}"
PKLSA_963d437f86cbd4,torus_2.4,2_4,torus_link,8,0,2,512,analytic-generalized-shader-track-torus-family,"T(2,4) analytic construction",,"{""R"":2.8,""a"":0.65,""b"":0.65,""p"":2,""q"":4}"
PKLSA_7242cdf380cfb2,torus_2.4,2_4,torus_link,8,1,2,512,analytic-generalized-shader-track-torus-family,"T(2,4) analytic construction",,"{""R"":2.8,""a"":0.65,""b"":0.9,""p"":2,""q"":4}"
PKLSA_fc62b74e26efc7,torus_2.4,2_4,torus_link,8,2,2,512,analytic-generalized-shader-track-torus-family,"T(2,4) analytic construction",,"{""R"":2.8,""a"":0.65,""b"":1.15,""p"":2,""q"":4}"
PKLSA_3c9e16a09ba42f,torus_2.4,2_4,torus_link,8,3,2,512,analytic-generalized-shader-track-torus-family,"T(2,4) analytic construction",,"{""R"":2.8,""a"":0.65,""b"":1.4,""p"":2,""q"":4}"
PKLSA_b47d07fd45c7c9,torus_2.4,2_4,torus_link,8,4,2,512,analytic-generalized-shader-track-torus-family,"T(2,4) analytic construction",,"{""R"":2.8,""a"":0.85,""b"":0.65,""p"":2,""q"":4}"
PKLSA_d1c6c2d337de11,torus_2.4,2_4,torus_link,8,5,2,512,analytic-generalized-shader-track-torus-family,"T(2,4) analytic construction",,"{""R"":2.8,""a"":0.85,""b"":0.9,""p"":2,""q"":4}"
PKLSA_65c1a93025221e,torus_2.4,2_4,torus_link,8,6,2,512,analytic-generalized-shader-track-torus-family,"T(2,4) analytic construction",,"{""R"":2.8,""a"":0.85,""b"":1.15,""p"":2,""q"":4}"
PKLSA_ad5435ed2c219e,torus_2.4,2_4,torus_link,8,7,2,512,analytic-generalized-shader-track-torus-family,"T(2,4) analytic construction",,"{""R"":2.8,""a"":0.85,""b"":1.4,""p"":2,""q"":4}"
PKLSA_e43584a344521c,torus_2.4,2_4,torus_link,8,8,2,512,analytic-generalized-shader-track-torus-family,"T(2,4) analytic construction",,"{""R"":2.8,""a"":1.05,""b"":0.65,""p"":2,""q"":4}"
PKLSA_cd28e41383c0ea,torus_2.4,2_4,torus_link,8,9,2,512,analytic-generalized-shader-track-torus-family,"T(2,4) analytic construction",,"{""R"":2.8,""a"":1.05,""b"":0.9,""p"":2,""q"":4}"
PKLSA_15de426c6e9048,torus_2.4,2_4,torus_link,8,10,2,512,analytic-generalized-shader-track-torus-family,"T(2,4) analytic construction",,"{""R"":2.8,""a"":1.05,""b"":1.15,""p"":2,""q"":4}"
PKLSA_95566f9b5d153c,torus_2.4,2_4,torus_link,8,11,2,512,analytic-generalized-shader-track-torus-family,"T(2,4) analytic construction",,"{""R"":2.8,""a"":1.05,""b"":1.4,""p"":2,""q"":4}"
PKLSA_faa93aa87d574d,torus_2.4,2_4,torus_link,8,12,2,512,analytic-generalized-shader-track-torus-family,"T(2,4) analytic construction",,"{""R"":2.8,""a"":1.25,""b"":0.65,""p"":2,""q"":4}"
PKLSA_1f33caf02410c1,torus_2.4,2_4,torus_link,8,13,2,512,analytic-generalized-shader-track-torus-family,"T(2,4) analytic construction",,"{""R"":2.8,""a"":1.25,""b"":0.9,""p"":2,""q"":4}"
PKLSA_150736b904da02,torus_2.4,2_4,torus_link,8,14,2,512,analytic-generalized-shader-track-torus-family,"T(2,4) analytic construction",,"{""R"":2.8,""a"":1.25,""b"":1.15,""p"":2,""q"":4}"
PKLSA_0c3dea3ccb1747,torus_2.4,2_4,torus_link,8,15,2,512,analytic-generalized-shader-track-torus-family,"T(2,4) analytic construction",,"{""R"":2.8,""a"":1.25,""b"":1.4,""p"":2,""q"":4}"
PKLSA_4c0a23c92a5b69,torus_2.4,2_4,torus_link,8,16,2,512,analytic-generalized-shader-track-torus-family,"T(2,4) analytic construction",,"{""R"":3.2,""a"":0.65,""b"":0.65,""p"":2,""q"":4}"
PKLSA_c0ac0b173ffc99,torus_2.4,2_4,torus_link,8,17,2,512,analytic-generalized-shader-track-torus-family,"T(2,4) analytic construction",,"{""R"":3.2,""a"":0.65,""b"":0.9,""p"":2,""q"":4}"
PKLSA_21a238d504d8c5,torus_2.4,2_4,torus_link,8,18,2,512,analytic-generalized-shader-track-torus-family,"T(2,4) analytic construction",,"{""R"":3.2,""a"":0.65,""b"":1.15,""p"":2,""q"":4}"
PKLSA_d3673d81579c19,torus_2.4,2_4,torus_link,8,19,2,512,analytic-generalized-shader-track-torus-family,"T(2,4) analytic construction",,"{""R"":3.2,""a"":0.65,""b"":1.4,""p"":2,""q"":4}"
PKLSA_655d6e971f7eed,torus_2.4,2_4,torus_link,8,20,2,512,analytic-generalized-shader-track-torus-family,"T(2,4) analytic construction",,"{""R"":3.2,""a"":0.85,""b"":0.65,""p"":2,""q"":4}"
PKLSA_ac02018104ae0a,torus_2.4,2_4,torus_link,8,21,2,512,analytic-generalized-shader-track-torus-family,"T(2,4) analytic construction",,"{""R"":3.2,""a"":0.85,""b"":0.9,""p"":2,""q"":4}"
PKLSA_495d77b4012fa6,torus_2.4,2_4,torus_link,8,22,2,512,analytic-generalized-shader-track-torus-family,"T(2,4) analytic construction",,"{""R"":3.2,""a"":0.85,""b"":1.15,""p"":2,""q"":4}"
PKLSA_f22e9e47580092,torus_2.4,2_4,torus_link,8,23,2,512,analytic-generalized-shader-track-torus-family,"T(2,4) analytic construction",,"{""R"":3.2,""a"":0.85,""b"":1.4,""p"":2,""q"":4}"
PKLSA_322e2a28b425e3,torus_2.4,2_4,torus_link,8,24,2,512,analytic-generalized-shader-track-torus-family,"T(2,4) analytic construction",,"{""R"":3.2,""a"":1.05,""b"":0.65,""p"":2,""q"":4}"
PKLSA_fb9a9db490d76d,torus_2.4,2_4,torus_link,8,25,2,512,analytic-generalized-shader-track-torus-family,"T(2,4) analytic construction",,"{""R"":3.2,""a"":1.05,""b"":0.9,""p"":2,""q"":4}"
PKLSA_9c3c3c9e844095,torus_2.4,2_4,torus_link,8,26,2,512,analytic-generalized-shader-track-torus-family,"T(2,4) analytic construction",,"{""R"":3.2,""a"":1.05,""b"":1.15,""p"":2,""q"":4}"
PKLSA_fcd2d561fc6686,torus_2.4,2_4,torus_link,8,27,2,512,analytic-generalized-shader-track-torus-family,"T(2,4) analytic construction",,"{""R"":3.2,""a"":1.05,""b"":1.4,""p"":2,""q"":4}"
PKLSA_58c64106599bf7,torus_2.4,2_4,torus_link,8,28,2,512,analytic-generalized-shader-track-torus-family,"T(2,4) analytic construction",,"{""R"":3.2,""a"":1.25,""b"":0.65,""p"":2,""q"":4}"
PKLSA_f0f3e1de3c4139,torus_2.4,2_4,torus_link,8,29,2,512,analytic-generalized-shader-track-torus-family,"T(2,4) analytic construction",,"{""R"":3.2,""a"":1.25,""b"":0.9,""p"":2,""q"":4}"
PKLSA_b9e03fa29e36f5,torus_2.4,2_4,torus_link,8,30,2,512,analytic-generalized-shader-track-torus-family,"T(2,4) analytic construction",,"{""R"":3.2,""a"":1.25,""b"":1.15,""p"":2,""q"":4}"
PKLSA_997668c9ce1743,torus_2.4,2_4,torus_link,8,31,2,512,analytic-generalized-shader-track-torus-family,"T(2,4) analytic construction",,"{""R"":3.2,""a"":1.25,""b"":1.4,""p"":2,""q"":4}"
PKLSA_431eb9f5ef5cff,torus_2.4,2_4,torus_link,8,32,2,512,analytic-generalized-shader-track-torus-family,"T(2,4) analytic construction",,"{""R"":3.6,""a"":0.65,""b"":0.65,""p"":2,""q"":4}"
PKLSA_43c13db2ca1479,torus_2.4,2_4,torus_link,8,33,2,512,analytic-generalized-shader-track-torus-family,"T(2,4) analytic construction",,"{""R"":3.6,""a"":0.65,""b"":0.9,""p"":2,""q"":4}"
PKLSA_48b31cb21d5c45,torus_2.4,2_4,torus_link,8,34,2,512,analytic-generalized-shader-track-torus-family,"T(2,4) analytic construction",,"{""R"":3.6,""a"":0.65,""b"":1.15,""p"":2,""q"":4}"
PKLSA_eadc41ee0541c0,torus_2.4,2_4,torus_link,8,35,2,512,analytic-generalized-shader-track-torus-family,"T(2,4) analytic construction",,"{""R"":3.6,""a"":0.65,""b"":1.4,""p"":2,""q"":4}"
PKLSA_b63973a6f9dbd5,torus_2.4,2_4,torus_link,8,36,2,512,analytic-generalized-shader-track-torus-family,"T(2,4) analytic construction",,"{""R"":3.6,""a"":0.85,""b"":0.65,""p"":2,""q"":4}"
PKLSA_8d29451f8af4b0,torus_2.4,2_4,torus_link,8,37,2,512,analytic-generalized-shader-track-torus-family,"T(2,4) analytic construction",,"{""R"":3.6,""a"":0.85,""b"":0.9,""p"":2,""q"":4}"
PKLSA_ee40b1e1bc24d8,torus_2.4,2_4,torus_link,8,38,2,512,analytic-generalized-shader-track-torus-family,"T(2,4) analytic construction",,"{""R"":3.6,""a"":0.85,""b"":1.15,""p"":2,""q"":4}"
PKLSA_860fe9cb55c5cc,torus_2.4,2_4,torus_link,8,39,2,512,analytic-generalized-shader-track-torus-family,"T(2,4) analytic construction",,"{""R"":3.6,""a"":0.85,""b"":1.4,""p"":2,""q"":4}"
PKLSA_82e8488c602d8f,torus_2.4,2_4,torus_link,8,40,2,512,analytic-generalized-shader-track-torus-family,"T(2,4) analytic construction",,"{""R"":3.6,""a"":1.05,""b"":0.65,""p"":2,""q"":4}"
PKLSA_aa44db53a1559a,torus_2.4,2_4,torus_link,8,41,2,512,analytic-generalized-shader-track-torus-family,"T(2,4) analytic construction",,"{""R"":3.6,""a"":1.05,""b"":0.9,""p"":2,""q"":4}"
PKLSA_497bb583e2d601,torus_2.4,2_4,torus_link,8,42,2,512,analytic-generalized-shader-track-torus-family,"T(2,4) analytic construction",,"{""R"":3.6,""a"":1.05,""b"":1.15,""p"":2,""q"":4}"
PKLSA_35f9df17cd34af,torus_2.4,2_4,torus_link,8,43,2,512,analytic-generalized-shader-track-torus-family,"T(2,4) analytic construction",,"{""R"":3.6,""a"":1.05,""b"":1.4,""p"":2,""q"":4}"
PKLSA_550cef4857b412,torus_2.4,2_4,torus_link,8,44,2,512,analytic-generalized-shader-track-torus-family,"T(2,4) analytic construction",,"{""R"":3.6,""a"":1.25,""b"":0.65,""p"":2,""q"":4}"
PKLSA_d6b172ed4c383d,torus_2.4,2_4,torus_link,8,45,2,512,analytic-generalized-shader-track-torus-family,"T(2,4) analytic construction",,"{""R"":3.6,""a"":1.25,""b"":0.9,""p"":2,""q"":4}"
PKLSA_14d0fca424419f,torus_2.4,2_4,torus_link,8,46,2,512,analytic-generalized-shader-track-torus-family,"T(2,4) analytic construction",,"{""R"":3.6,""a"":1.25,""b"":1.15,""p"":2,""q"":4}"
PKLSA_fc3136e2f7bdf2,torus_2.4,2_4,torus_link,8,47,2,512,analytic-generalized-shader-track-torus-family,"T(2,4) analytic construction",,"{""R"":3.6,""a"":1.25,""b"":1.4,""p"":2,""q"":4}"
PKLSA_81e94c8f7d49b6,torus_2.5,2_5,torus_knot,9,0,1,512,analytic-generalized-shader-track-torus-family,"T(2,5) analytic construction",,"{""R"":2.8,""a"":0.65,""b"":0.65,""p"":2,""q"":5}"
PKLSA_913e6e1efa1ad7,torus_2.5,2_5,torus_knot,9,1,1,512,analytic-generalized-shader-track-torus-family,"T(2,5) analytic construction",,"{""R"":2.8,""a"":0.65,""b"":0.9,""p"":2,""q"":5}"
PKLSA_ee00b9447088a4,torus_2.5,2_5,torus_knot,9,2,1,512,analytic-generalized-shader-track-torus-family,"T(2,5) analytic construction",,"{""R"":2.8,""a"":0.65,""b"":1.15,""p"":2,""q"":5}"
PKLSA_3a159c7ca2c42c,torus_2.5,2_5,torus_knot,9,3,1,512,analytic-generalized-shader-track-torus-family,"T(2,5) analytic construction",,"{""R"":2.8,""a"":0.65,""b"":1.4,""p"":2,""q"":5}"
PKLSA_b6e229ba7b11b2,torus_2.5,2_5,torus_knot,9,4,1,512,analytic-generalized-shader-track-torus-family,"T(2,5) analytic construction",,"{""R"":2.8,""a"":0.85,""b"":0.65,""p"":2,""q"":5}"
PKLSA_d3193f873545d8,torus_2.5,2_5,torus_knot,9,5,1,512,analytic-generalized-shader-track-torus-family,"T(2,5) analytic construction",,"{""R"":2.8,""a"":0.85,""b"":0.9,""p"":2,""q"":5}"
PKLSA_c0fae4c7aa094b,torus_2.5,2_5,torus_knot,9,6,1,512,analytic-generalized-shader-track-torus-family,"T(2,5) analytic construction",,"{""R"":2.8,""a"":0.85,""b"":1.15,""p"":2,""q"":5}"
PKLSA_73185b02f2c6d1,torus_2.5,2_5,torus_knot,9,7,1,512,analytic-generalized-shader-track-torus-family,"T(2,5) analytic construction",,"{""R"":2.8,""a"":0.85,""b"":1.4,""p"":2,""q"":5}"
PKLSA_c877d5aa9cb7f1,torus_2.5,2_5,torus_knot,9,8,1,512,analytic-generalized-shader-track-torus-family,"T(2,5) analytic construction",,"{""R"":2.8,""a"":1.05,""b"":0.65,""p"":2,""q"":5}"
PKLSA_40576b93b482a8,torus_2.5,2_5,torus_knot,9,9,1,512,analytic-generalized-shader-track-torus-family,"T(2,5) analytic construction",,"{""R"":2.8,""a"":1.05,""b"":0.9,""p"":2,""q"":5}"
PKLSA_86ed5fe93bc341,torus_2.5,2_5,torus_knot,9,10,1,512,analytic-generalized-shader-track-torus-family,"T(2,5) analytic construction",,"{""R"":2.8,""a"":1.05,""b"":1.15,""p"":2,""q"":5}"
PKLSA_4fc1d2d5916ee6,torus_2.5,2_5,torus_knot,9,11,1,512,analytic-generalized-shader-track-torus-family,"T(2,5) analytic construction",,"{""R"":2.8,""a"":1.05,""b"":1.4,""p"":2,""q"":5}"
PKLSA_5900f499bbdca6,torus_2.5,2_5,torus_knot,9,12,1,512,analytic-generalized-shader-track-torus-family,"T(2,5) analytic construction",,"{""R"":2.8,""a"":1.25,""b"":0.65,""p"":2,""q"":5}"
PKLSA_00c399ecf16119,torus_2.5,2_5,torus_knot,9,13,1,512,analytic-generalized-shader-track-torus-family,"T(2,5) analytic construction",,"{""R"":2.8,""a"":1.25,""b"":0.9,""p"":2,""q"":5}"
PKLSA_c6a62dfa13b362,torus_2.5,2_5,torus_knot,9,14,1,512,analytic-generalized-shader-track-torus-family,"T(2,5) analytic construction",,"{""R"":2.8,""a"":1.25,""b"":1.15,""p"":2,""q"":5}"
PKLSA_d6eef81f1434e9,torus_2.5,2_5,torus_knot,9,15,1,512,analytic-generalized-shader-track-torus-family,"T(2,5) analytic construction",,"{""R"":2.8,""a"":1.25,""b"":1.4,""p"":2,""q"":5}"
PKLSA_304cf96a803c95,torus_2.5,2_5,torus_knot,9,16,1,512,analytic-generalized-shader-track-torus-family,"T(2,5) analytic construction",,"{""R"":3.2,""a"":0.65,""b"":0.65,""p"":2,""q"":5}"
PKLSA_9591d189ffc353,torus_2.5,2_5,torus_knot,9,17,1,512,analytic-generalized-shader-track-torus-family,"T(2,5) analytic construction",,"{""R"":3.2,""a"":0.65,""b"":0.9,""p"":2,""q"":5}"
PKLSA_818811fee70bf2,torus_2.5,2_5,torus_knot,9,18,1,512,analytic-generalized-shader-track-torus-family,"T(2,5) analytic construction",,"{""R"":3.2,""a"":0.65,""b"":1.15,""p"":2,""q"":5}"
PKLSA_9d18544d8ffae3,torus_2.5,2_5,torus_knot,9,19,1,512,analytic-generalized-shader-track-torus-family,"T(2,5) analytic construction",,"{""R"":3.2,""a"":0.65,""b"":1.4,""p"":2,""q"":5}"
PKLSA_05e2653b58b3ff,torus_2.5,2_5,torus_knot,9,20,1,512,analytic-generalized-shader-track-torus-family,"T(2,5) analytic construction",,"{""R"":3.2,""a"":0.85,""b"":0.65,""p"":2,""q"":5}"
PKLSA_5bdcb4794a989d,torus_2.5,2_5,torus_knot,9,21,1,512,analytic-generalized-shader-track-torus-family,"T(2,5) analytic construction",,"{""R"":3.2,""a"":0.85,""b"":0.9,""p"":2,""q"":5}"
PKLSA_4ed4ee9f25d347,torus_2.5,2_5,torus_knot,9,22,1,512,analytic-generalized-shader-track-torus-family,"T(2,5) analytic construction",,"{""R"":3.2,""a"":0.85,""b"":1.15,""p"":2,""q"":5}"
PKLSA_6407dcc97b1e86,torus_2.5,2_5,torus_knot,9,23,1,512,analytic-generalized-shader-track-torus-family,"T(2,5) analytic construction",,"{""R"":3.2,""a"":0.85,""b"":1.4,""p"":2,""q"":5}"
PKLSA_fe02302cb75833,torus_2.5,2_5,torus_knot,9,24,1,512,analytic-generalized-shader-track-torus-family,"T(2,5) analytic construction",,"{""R"":3.2,""a"":1.05,""b"":0.65,""p"":2,""q"":5}"
PKLSA_9e9d2428a072b7,torus_2.5,2_5,torus_knot,9,25,1,512,analytic-generalized-shader-track-torus-family,"T(2,5) analytic construction",,"{""R"":3.2,""a"":1.05,""b"":0.9,""p"":2,""q"":5}"
PKLSA_b5b62ac3b4cc1d,torus_2.5,2_5,torus_knot,9,26,1,512,analytic-generalized-shader-track-torus-family,"T(2,5) analytic construction",,"{""R"":3.2,""a"":1.05,""b"":1.15,""p"":2,""q"":5}"
PKLSA_8360d5fb9429ae,torus_2.5,2_5,torus_knot,9,27,1,512,analytic-generalized-shader-track-torus-family,"T(2,5) analytic construction",,"{""R"":3.2,""a"":1.05,""b"":1.4,""p"":2,""q"":5}"
PKLSA_81df8b41b12d89,torus_2.5,2_5,torus_knot,9,28,1,512,analytic-generalized-shader-track-torus-family,"T(2,5) analytic construction",,"{""R"":3.2,""a"":1.25,""b"":0.65,""p"":2,""q"":5}"
PKLSA_d273133685c3c5,torus_2.5,2_5,torus_knot,9,29,1,512,analytic-generalized-shader-track-torus-family,"T(2,5) analytic construction",,"{""R"":3.2,""a"":1.25,""b"":0.9,""p"":2,""q"":5}"
PKLSA_b35561c89d94c2,torus_2.5,2_5,torus_knot,9,30,1,512,analytic-generalized-shader-track-torus-family,"T(2,5) analytic construction",,"{""R"":3.2,""a"":1.25,""b"":1.15,""p"":2,""q"":5}"
PKLSA_6860400a37a138,torus_2.5,2_5,torus_knot,9,31,1,512,analytic-generalized-shader-track-torus-family,"T(2,5) analytic construction",,"{""R"":3.2,""a"":1.25,""b"":1.4,""p"":2,""q"":5}"
PKLSA_65dd87009a14ac,torus_2.5,2_5,torus_knot,9,32,1,512,analytic-generalized-shader-track-torus-family,"T(2,5) analytic construction",,"{""R"":3.6,""a"":0.65,""b"":0.65,""p"":2,""q"":5}"
PKLSA_c013d46c99080a,torus_2.5,2_5,torus_knot,9,33,1,512,analytic-generalized-shader-track-torus-family,"T(2,5) analytic construction",,"{""R"":3.6,""a"":0.65,""b"":0.9,""p"":2,""q"":5}"
PKLSA_c117f69e4f80a6,torus_2.5,2_5,torus_knot,9,34,1,512,analytic-generalized-shader-track-torus-family,"T(2,5) analytic construction",,"{""R"":3.6,""a"":0.65,""b"":1.15,""p"":2,""q"":5}"
PKLSA_d8c8ba5ed500f4,torus_2.5,2_5,torus_knot,9,35,1,512,analytic-generalized-shader-track-torus-family,"T(2,5) analytic construction",,"{""R"":3.6,""a"":0.65,""b"":1.4,""p"":2,""q"":5}"
PKLSA_8dae187896ce5c,torus_2.5,2_5,torus_knot,9,36,1,512,analytic-generalized-shader-track-torus-family,"T(2,5) analytic construction",,"{""R"":3.6,""a"":0.85,""b"":0.65,""p"":2,""q"":5}"
PKLSA_1dd5c107ef274a,torus_2.5,2_5,torus_knot,9,37,1,512,analytic-generalized-shader-track-torus-family,"T(2,5) analytic construction",,"{""R"":3.6,""a"":0.85,""b"":0.9,""p"":2,""q"":5}"
PKLSA_0c0d74419aae99,torus_2.5,2_5,torus_knot,9,38,1,512,analytic-generalized-shader-track-torus-family,"T(2,5) analytic construction",,"{""R"":3.6,""a"":0.85,""b"":1.15,""p"":2,""q"":5}"
PKLSA_790adc6a619c79,torus_2.5,2_5,torus_knot,9,39,1,512,analytic-generalized-shader-track-torus-family,"T(2,5) analytic construction",,"{""R"":3.6,""a"":0.85,""b"":1.4,""p"":2,""q"":5}"
PKLSA_dd6cdc5957217c,torus_2.5,2_5,torus_knot,9,40,1,512,analytic-generalized-shader-track-torus-family,"T(2,5) analytic construction",,"{""R"":3.6,""a"":1.05,""b"":0.65,""p"":2,""q"":5}"
PKLSA_6f7d61a835b4c6,torus_2.5,2_5,torus_knot,9,41,1,512,analytic-generalized-shader-track-torus-family,"T(2,5) analytic construction",,"{""R"":3.6,""a"":1.05,""b"":0.9,""p"":2,""q"":5}"
PKLSA_d9a0be5bb36f9e,torus_2.5,2_5,torus_knot,9,42,1,512,analytic-generalized-shader-track-torus-family,"T(2,5) analytic construction",,"{""R"":3.6,""a"":1.05,""b"":1.15,""p"":2,""q"":5}"
PKLSA_2270dc9b04654d,torus_2.5,2_5,torus_knot,9,43,1,512,analytic-generalized-shader-track-torus-family,"T(2,5) analytic construction",,"{""R"":3.6,""a"":1.05,""b"":1.4,""p"":2,""q"":5}"
PKLSA_4ff6e85b22a82a,torus_2.5,2_5,torus_knot,9,44,1,512,analytic-generalized-shader-track-torus-family,"T(2,5) analytic construction",,"{""R"":3.6,""a"":1.25,""b"":0.65,""p"":2,""q"":5}"
PKLSA_24a720c6714199,torus_2.5,2_5,torus_knot,9,45,1,512,analytic-generalized-shader-track-torus-family,"T(2,5) analytic construction",,"{""R"":3.6,""a"":1.25,""b"":0.9,""p"":2,""q"":5}"
PKLSA_072e3af780438e,torus_2.5,2_5,torus_knot,9,46,1,512,analytic-generalized-shader-track-torus-family,"T(2,5) analytic construction",,"{""R"":3.6,""a"":1.25,""b"":1.15,""p"":2,""q"":5}"
PKLSA_1568486589d68e,torus_2.5,2_5,torus_knot,9,47,1,512,analytic-generalized-shader-track-torus-family,"T(2,5) analytic construction",,"{""R"":3.6,""a"":1.25,""b"":1.4,""p"":2,""q"":5}"
PKLSA_ffb6eb3e0418bc,torus_2.6,2_6,torus_link,10,0,2,512,analytic-generalized-shader-track-torus-family,"T(2,6) analytic construction",,"{""R"":2.8,""a"":0.65,""b"":0.65,""p"":2,""q"":6}"
PKLSA_132a65280bfeab,torus_2.6,2_6,torus_link,10,1,2,512,analytic-generalized-shader-track-torus-family,"T(2,6) analytic construction",,"{""R"":2.8,""a"":0.65,""b"":0.9,""p"":2,""q"":6}"
PKLSA_40a56777083173,torus_2.6,2_6,torus_link,10,2,2,512,analytic-generalized-shader-track-torus-family,"T(2,6) analytic construction",,"{""R"":2.8,""a"":0.65,""b"":1.15,""p"":2,""q"":6}"
PKLSA_d958983886664a,torus_2.6,2_6,torus_link,10,3,2,512,analytic-generalized-shader-track-torus-family,"T(2,6) analytic construction",,"{""R"":2.8,""a"":0.65,""b"":1.4,""p"":2,""q"":6}"
PKLSA_ba43994dca7613,torus_2.6,2_6,torus_link,10,4,2,512,analytic-generalized-shader-track-torus-family,"T(2,6) analytic construction",,"{""R"":2.8,""a"":0.85,""b"":0.65,""p"":2,""q"":6}"
PKLSA_d8a5706582e8b3,torus_2.6,2_6,torus_link,10,5,2,512,analytic-generalized-shader-track-torus-family,"T(2,6) analytic construction",,"{""R"":2.8,""a"":0.85,""b"":0.9,""p"":2,""q"":6}"
PKLSA_f633702703d76d,torus_2.6,2_6,torus_link,10,6,2,512,analytic-generalized-shader-track-torus-family,"T(2,6) analytic construction",,"{""R"":2.8,""a"":0.85,""b"":1.15,""p"":2,""q"":6}"
PKLSA_94329aacc0493c,torus_2.6,2_6,torus_link,10,7,2,512,analytic-generalized-shader-track-torus-family,"T(2,6) analytic construction",,"{""R"":2.8,""a"":0.85,""b"":1.4,""p"":2,""q"":6}"
PKLSA_cc894238bc2bcf,torus_2.6,2_6,torus_link,10,8,2,512,analytic-generalized-shader-track-torus-family,"T(2,6) analytic construction",,"{""R"":2.8,""a"":1.05,""b"":0.65,""p"":2,""q"":6}"
PKLSA_3faa4ef678cae7,torus_2.6,2_6,torus_link,10,9,2,512,analytic-generalized-shader-track-torus-family,"T(2,6) analytic construction",,"{""R"":2.8,""a"":1.05,""b"":0.9,""p"":2,""q"":6}"
PKLSA_46c24ee9120cc4,torus_2.6,2_6,torus_link,10,10,2,512,analytic-generalized-shader-track-torus-family,"T(2,6) analytic construction",,"{""R"":2.8,""a"":1.05,""b"":1.15,""p"":2,""q"":6}"
PKLSA_6be1809ef47b75,torus_2.6,2_6,torus_link,10,11,2,512,analytic-generalized-shader-track-torus-family,"T(2,6) analytic construction",,"{""R"":2.8,""a"":1.05,""b"":1.4,""p"":2,""q"":6}"
PKLSA_4a0979e801d5e5,torus_2.6,2_6,torus_link,10,12,2,512,analytic-generalized-shader-track-torus-family,"T(2,6) analytic construction",,"{""R"":2.8,""a"":1.25,""b"":0.65,""p"":2,""q"":6}"
PKLSA_bc7a161f4b5e36,torus_2.6,2_6,torus_link,10,13,2,512,analytic-generalized-shader-track-torus-family,"T(2,6) analytic construction",,"{""R"":2.8,""a"":1.25,""b"":0.9,""p"":2,""q"":6}"
PKLSA_bc0df79ca0d1b6,torus_2.6,2_6,torus_link,10,14,2,512,analytic-generalized-shader-track-torus-family,"T(2,6) analytic construction",,"{""R"":2.8,""a"":1.25,""b"":1.15,""p"":2,""q"":6}"
PKLSA_99313a0ba707ff,torus_2.6,2_6,torus_link,10,15,2,512,analytic-generalized-shader-track-torus-family,"T(2,6) analytic construction",,"{""R"":2.8,""a"":1.25,""b"":1.4,""p"":2,""q"":6}"
PKLSA_1e30479d0162f4,torus_2.6,2_6,torus_link,10,16,2,512,analytic-generalized-shader-track-torus-family,"T(2,6) analytic construction",,"{""R"":3.2,""a"":0.65,""b"":0.65,""p"":2,""q"":6}"
PKLSA_accfebfe935a89,torus_2.6,2_6,torus_link,10,17,2,512,analytic-generalized-shader-track-torus-family,"T(2,6) analytic construction",,"{""R"":3.2,""a"":0.65,""b"":0.9,""p"":2,""q"":6}"
PKLSA_dac9921c6e332b,torus_2.6,2_6,torus_link,10,18,2,512,analytic-generalized-shader-track-torus-family,"T(2,6) analytic construction",,"{""R"":3.2,""a"":0.65,""b"":1.15,""p"":2,""q"":6}"
PKLSA_2b4f6fab8f5b20,torus_2.6,2_6,torus_link,10,19,2,512,analytic-generalized-shader-track-torus-family,"T(2,6) analytic construction",,"{""R"":3.2,""a"":0.65,""b"":1.4,""p"":2,""q"":6}"
PKLSA_07c6357b5c479d,torus_2.6,2_6,torus_link,10,20,2,512,analytic-generalized-shader-track-torus-family,"T(2,6) analytic construction",,"{""R"":3.2,""a"":0.85,""b"":0.65,""p"":2,""q"":6}"
PKLSA_2360778d4efde3,torus_2.6,2_6,torus_link,10,21,2,512,analytic-generalized-shader-track-torus-family,"T(2,6) analytic construction",,"{""R"":3.2,""a"":0.85,""b"":0.9,""p"":2,""q"":6}"
PKLSA_1dc0183dc6514f,torus_2.6,2_6,torus_link,10,22,2,512,analytic-generalized-shader-track-torus-family,"T(2,6) analytic construction",,"{""R"":3.2,""a"":0.85,""b"":1.15,""p"":2,""q"":6}"
PKLSA_abdd8aa9923353,torus_2.6,2_6,torus_link,10,23,2,512,analytic-generalized-shader-track-torus-family,"T(2,6) analytic construction",,"{""R"":3.2,""a"":0.85,""b"":1.4,""p"":2,""q"":6}"
PKLSA_92747e797d41b9,torus_2.6,2_6,torus_link,10,24,2,512,analytic-generalized-shader-track-torus-family,"T(2,6) analytic construction",,"{""R"":3.2,""a"":1.05,""b"":0.65,""p"":2,""q"":6}"
PKLSA_fedea93d5a4cf8,torus_2.6,2_6,torus_link,10,25,2,512,analytic-generalized-shader-track-torus-family,"T(2,6) analytic construction",,"{""R"":3.2,""a"":1.05,""b"":0.9,""p"":2,""q"":6}"
PKLSA_60c437713a9213,torus_2.6,2_6,torus_link,10,26,2,512,analytic-generalized-shader-track-torus-family,"T(2,6) analytic construction",,"{""R"":3.2,""a"":1.05,""b"":1.15,""p"":2,""q"":6}"
PKLSA_e0b5bc72e1786a,torus_2.6,2_6,torus_link,10,27,2,512,analytic-generalized-shader-track-torus-family,"T(2,6) analytic construction",,"{""R"":3.2,""a"":1.05,""b"":1.4,""p"":2,""q"":6}"
PKLSA_6473fcf3382637,torus_2.6,2_6,torus_link,10,28,2,512,analytic-generalized-shader-track-torus-family,"T(2,6) analytic construction",,"{""R"":3.2,""a"":1.25,""b"":0.65,""p"":2,""q"":6}"
PKLSA_3e2396cb54cf13,torus_2.6,2_6,torus_link,10,29,2,512,analytic-generalized-shader-track-torus-family,"T(2,6) analytic construction",,"{""R"":3.2,""a"":1.25,""b"":0.9,""p"":2,""q"":6}"
PKLSA_796d87261cccf7,torus_2.6,2_6,torus_link,10,30,2,512,analytic-generalized-shader-track-torus-family,"T(2,6) analytic construction",,"{""R"":3.2,""a"":1.25,""b"":1.15,""p"":2,""q"":6}"
PKLSA_0a2c87d2760874,torus_2.6,2_6,torus_link,10,31,2,512,analytic-generalized-shader-track-torus-family,"T(2,6) analytic construction",,"{""R"":3.2,""a"":1.25,""b"":1.4,""p"":2,""q"":6}"
PKLSA_99807899653cd1,torus_2.6,2_6,torus_link,10,32,2,512,analytic-generalized-shader-track-torus-family,"T(2,6) analytic construction",,"{""R"":3.6,""a"":0.65,""b"":0.65,""p"":2,""q"":6}"
PKLSA_6dee7ba78e5aa3,torus_2.6,2_6,torus_link,10,33,2,512,analytic-generalized-shader-track-torus-family,"T(2,6) analytic construction",,"{""R"":3.6,""a"":0.65,""b"":0.9,""p"":2,""q"":6}"
PKLSA_90ea43f72ef093,torus_2.6,2_6,torus_link,10,34,2,512,analytic-generalized-shader-track-torus-family,"T(2,6) analytic construction",,"{""R"":3.6,""a"":0.65,""b"":1.15,""p"":2,""q"":6}"
PKLSA_6bea30b5d991d5,torus_2.6,2_6,torus_link,10,35,2,512,analytic-generalized-shader-track-torus-family,"T(2,6) analytic construction",,"{""R"":3.6,""a"":0.65,""b"":1.4,""p"":2,""q"":6}"
PKLSA_03ef06bd95435d,torus_2.6,2_6,torus_link,10,36,2,512,analytic-generalized-shader-track-torus-family,"T(2,6) analytic construction",,"{""R"":3.6,""a"":0.85,""b"":0.65,""p"":2,""q"":6}"
PKLSA_06dd20d8a8441f,torus_2.6,2_6,torus_link,10,37,2,512,analytic-generalized-shader-track-torus-family,"T(2,6) analytic construction",,"{""R"":3.6,""a"":0.85,""b"":0.9,""p"":2,""q"":6}"
PKLSA_f3f22d6c055d78,torus_2.6,2_6,torus_link,10,38,2,512,analytic-generalized-shader-track-torus-family,"T(2,6) analytic construction",,"{""R"":3.6,""a"":0.85,""b"":1.15,""p"":2,""q"":6}"
PKLSA_10e5311c59d494,torus_2.6,2_6,torus_link,10,39,2,512,analytic-generalized-shader-track-torus-family,"T(2,6) analytic construction",,"{""R"":3.6,""a"":0.85,""b"":1.4,""p"":2,""q"":6}"
PKLSA_5d4eb2f9366bdb,torus_2.6,2_6,torus_link,10,40,2,512,analytic-generalized-shader-track-torus-family,"T(2,6) analytic construction",,"{""R"":3.6,""a"":1.05,""b"":0.65,""p"":2,""q"":6}"
PKLSA_9b55adbe25fb13,torus_2.6,2_6,torus_link,10,41,2,512,analytic-generalized-shader-track-torus-family,"T(2,6) analytic construction",,"{""R"":3.6,""a"":1.05,""b"":0.9,""p"":2,""q"":6}"
PKLSA_a2e20ffb8f0252,torus_2.6,2_6,torus_link,10,42,2,512,analytic-generalized-shader-track-torus-family,"T(2,6) analytic construction",,"{""R"":3.6,""a"":1.05,""b"":1.15,""p"":2,""q"":6}"
PKLSA_b2d1331d661573,torus_2.6,2_6,torus_link,10,43,2,512,analytic-generalized-shader-track-torus-family,"T(2,6) analytic construction",,"{""R"":3.6,""a"":1.05,""b"":1.4,""p"":2,""q"":6}"
PKLSA_52db471e80b010,torus_2.6,2_6,torus_link,10,44,2,512,analytic-generalized-shader-track-torus-family,"T(2,6) analytic construction",,"{""R"":3.6,""a"":1.25,""b"":0.65,""p"":2,""q"":6}"
PKLSA_e230379ceffae4,torus_2.6,2_6,torus_link,10,45,2,512,analytic-generalized-shader-track-torus-family,"T(2,6) analytic construction",,"{""R"":3.6,""a"":1.25,""b"":0.9,""p"":2,""q"":6}"
PKLSA_f7a9eed2027dfa,torus_2.6,2_6,torus_link,10,46,2,512,analytic-generalized-shader-track-torus-family,"T(2,6) analytic construction",,"{""R"":3.6,""a"":1.25,""b"":1.15,""p"":2,""q"":6}"
PKLSA_bc29a7cad27116,torus_2.6,2_6,torus_link,10,47,2,512,analytic-generalized-shader-track-torus-family,"T(2,6) analytic construction",,"{""R"":3.6,""a"":1.25,""b"":1.4,""p"":2,""q"":6}"
PKLSA_725c8a11d7f20b,torus_2.7,2_7,torus_knot,11,0,1,512,analytic-generalized-shader-track-torus-family,"T(2,7) analytic construction",,"{""R"":2.8,""a"":0.65,""b"":0.65,""p"":2,""q"":7}"
PKLSA_eb318fde1d9f62,torus_2.7,2_7,torus_knot,11,1,1,512,analytic-generalized-shader-track-torus-family,"T(2,7) analytic construction",,"{""R"":2.8,""a"":0.65,""b"":0.9,""p"":2,""q"":7}"
PKLSA_e7f1aceb804473,torus_2.7,2_7,torus_knot,11,2,1,512,analytic-generalized-shader-track-torus-family,"T(2,7) analytic construction",,"{""R"":2.8,""a"":0.65,""b"":1.15,""p"":2,""q"":7}"
PKLSA_429f2cc766b926,torus_2.7,2_7,torus_knot,11,3,1,512,analytic-generalized-shader-track-torus-family,"T(2,7) analytic construction",,"{""R"":2.8,""a"":0.65,""b"":1.4,""p"":2,""q"":7}"
PKLSA_dcf4aec071059d,torus_2.7,2_7,torus_knot,11,4,1,512,analytic-generalized-shader-track-torus-family,"T(2,7) analytic construction",,"{""R"":2.8,""a"":0.85,""b"":0.65,""p"":2,""q"":7}"
PKLSA_ac23bc3a157169,torus_2.7,2_7,torus_knot,11,5,1,512,analytic-generalized-shader-track-torus-family,"T(2,7) analytic construction",,"{""R"":2.8,""a"":0.85,""b"":0.9,""p"":2,""q"":7}"
PKLSA_12115fa43f5d03,torus_2.7,2_7,torus_knot,11,6,1,512,analytic-generalized-shader-track-torus-family,"T(2,7) analytic construction",,"{""R"":2.8,""a"":0.85,""b"":1.15,""p"":2,""q"":7}"
PKLSA_d2e855ce5b8af7,torus_2.7,2_7,torus_knot,11,7,1,512,analytic-generalized-shader-track-torus-family,"T(2,7) analytic construction",,"{""R"":2.8,""a"":0.85,""b"":1.4,""p"":2,""q"":7}"
PKLSA_eb85fdfdf115af,torus_2.7,2_7,torus_knot,11,8,1,512,analytic-generalized-shader-track-torus-family,"T(2,7) analytic construction",,"{""R"":2.8,""a"":1.05,""b"":0.65,""p"":2,""q"":7}"
PKLSA_f60fb66d1142c1,torus_2.7,2_7,torus_knot,11,9,1,512,analytic-generalized-shader-track-torus-family,"T(2,7) analytic construction",,"{""R"":2.8,""a"":1.05,""b"":0.9,""p"":2,""q"":7}"
PKLSA_fab562c28f4ec8,torus_2.7,2_7,torus_knot,11,10,1,512,analytic-generalized-shader-track-torus-family,"T(2,7) analytic construction",,"{""R"":2.8,""a"":1.05,""b"":1.15,""p"":2,""q"":7}"
PKLSA_dbb666218761d2,torus_2.7,2_7,torus_knot,11,11,1,512,analytic-generalized-shader-track-torus-family,"T(2,7) analytic construction",,"{""R"":2.8,""a"":1.05,""b"":1.4,""p"":2,""q"":7}"
PKLSA_7d77f58277da22,torus_2.7,2_7,torus_knot,11,12,1,512,analytic-generalized-shader-track-torus-family,"T(2,7) analytic construction",,"{""R"":2.8,""a"":1.25,""b"":0.65,""p"":2,""q"":7}"
PKLSA_381d83804e8f1e,torus_2.7,2_7,torus_knot,11,13,1,512,analytic-generalized-shader-track-torus-family,"T(2,7) analytic construction",,"{""R"":2.8,""a"":1.25,""b"":0.9,""p"":2,""q"":7}"
PKLSA_d870383265ec80,torus_2.7,2_7,torus_knot,11,14,1,512,analytic-generalized-shader-track-torus-family,"T(2,7) analytic construction",,"{""R"":2.8,""a"":1.25,""b"":1.15,""p"":2,""q"":7}"
PKLSA_7957d045702847,torus_2.7,2_7,torus_knot,11,15,1,512,analytic-generalized-shader-track-torus-family,"T(2,7) analytic construction",,"{""R"":2.8,""a"":1.25,""b"":1.4,""p"":2,""q"":7}"
PKLSA_94e3b2921c80de,torus_2.7,2_7,torus_knot,11,16,1,512,analytic-generalized-shader-track-torus-family,"T(2,7) analytic construction",,"{""R"":3.2,""a"":0.65,""b"":0.65,""p"":2,""q"":7}"
PKLSA_edac813c4ab1f6,torus_2.7,2_7,torus_knot,11,17,1,512,analytic-generalized-shader-track-torus-family,"T(2,7) analytic construction",,"{""R"":3.2,""a"":0.65,""b"":0.9,""p"":2,""q"":7}"
PKLSA_774d4280f14981,torus_2.7,2_7,torus_knot,11,18,1,512,analytic-generalized-shader-track-torus-family,"T(2,7) analytic construction",,"{""R"":3.2,""a"":0.65,""b"":1.15,""p"":2,""q"":7}"
PKLSA_4cf36eceab6c42,torus_2.7,2_7,torus_knot,11,19,1,512,analytic-generalized-shader-track-torus-family,"T(2,7) analytic construction",,"{""R"":3.2,""a"":0.65,""b"":1.4,""p"":2,""q"":7}"
PKLSA_f5cfe1d6e02f20,torus_2.7,2_7,torus_knot,11,20,1,512,analytic-generalized-shader-track-torus-family,"T(2,7) analytic construction",,"{""R"":3.2,""a"":0.85,""b"":0.65,""p"":2,""q"":7}"
PKLSA_12425008d156ab,torus_2.7,2_7,torus_knot,11,21,1,512,analytic-generalized-shader-track-torus-family,"T(2,7) analytic construction",,"{""R"":3.2,""a"":0.85,""b"":0.9,""p"":2,""q"":7}"
PKLSA_e1d448ddcb329d,torus_2.7,2_7,torus_knot,11,22,1,512,analytic-generalized-shader-track-torus-family,"T(2,7) analytic construction",,"{""R"":3.2,""a"":0.85,""b"":1.15,""p"":2,""q"":7}"
PKLSA_46e597bdbe1fa9,torus_2.7,2_7,torus_knot,11,23,1,512,analytic-generalized-shader-track-torus-family,"T(2,7) analytic construction",,"{""R"":3.2,""a"":0.85,""b"":1.4,""p"":2,""q"":7}"
PKLSA_402f46e524a13b,torus_2.7,2_7,torus_knot,11,24,1,512,analytic-generalized-shader-track-torus-family,"T(2,7) analytic construction",,"{""R"":3.2,""a"":1.05,""b"":0.65,""p"":2,""q"":7}"
PKLSA_ffe8db5c7aee3a,torus_2.7,2_7,torus_knot,11,25,1,512,analytic-generalized-shader-track-torus-family,"T(2,7) analytic construction",,"{""R"":3.2,""a"":1.05,""b"":0.9,""p"":2,""q"":7}"
PKLSA_e21e4f9ec92653,torus_2.7,2_7,torus_knot,11,26,1,512,analytic-generalized-shader-track-torus-family,"T(2,7) analytic construction",,"{""R"":3.2,""a"":1.05,""b"":1.15,""p"":2,""q"":7}"
PKLSA_d1d4665dd513a9,torus_2.7,2_7,torus_knot,11,27,1,512,analytic-generalized-shader-track-torus-family,"T(2,7) analytic construction",,"{""R"":3.2,""a"":1.05,""b"":1.4,""p"":2,""q"":7}"
PKLSA_5980156020f95b,torus_2.7,2_7,torus_knot,11,28,1,512,analytic-generalized-shader-track-torus-family,"T(2,7) analytic construction",,"{""R"":3.2,""a"":1.25,""b"":0.65,""p"":2,""q"":7}"
PKLSA_15376db94e7ea0,torus_2.7,2_7,torus_knot,11,29,1,512,analytic-generalized-shader-track-torus-family,"T(2,7) analytic construction",,"{""R"":3.2,""a"":1.25,""b"":0.9,""p"":2,""q"":7}"
PKLSA_96770e1610318d,torus_2.7,2_7,torus_knot,11,30,1,512,analytic-generalized-shader-track-torus-family,"T(2,7) analytic construction",,"{""R"":3.2,""a"":1.25,""b"":1.15,""p"":2,""q"":7}"
PKLSA_31d945a0eaeb3c,torus_2.7,2_7,torus_knot,11,31,1,512,analytic-generalized-shader-track-torus-family,"T(2,7) analytic construction",,"{""R"":3.2,""a"":1.25,""b"":1.4,""p"":2,""q"":7}"
PKLSA_b439c610bb3608,torus_2.7,2_7,torus_knot,11,32,1,512,analytic-generalized-shader-track-torus-family,"T(2,7) analytic construction",,"{""R"":3.6,""a"":0.65,""b"":0.65,""p"":2,""q"":7}"
PKLSA_91e93eb71d0d97,torus_2.7,2_7,torus_knot,11,33,1,512,analytic-generalized-shader-track-torus-family,"T(2,7) analytic construction",,"{""R"":3.6,""a"":0.65,""b"":0.9,""p"":2,""q"":7}"
PKLSA_9e70f2f827778c,torus_2.7,2_7,torus_knot,11,34,1,512,analytic-generalized-shader-track-torus-family,"T(2,7) analytic construction",,"{""R"":3.6,""a"":0.65,""b"":1.15,""p"":2,""q"":7}"
PKLSA_1a3102a0ff5b9e,torus_2.7,2_7,torus_knot,11,35,1,512,analytic-generalized-shader-track-torus-family,"T(2,7) analytic construction",,"{""R"":3.6,""a"":0.65,""b"":1.4,""p"":2,""q"":7}"
PKLSA_fafdf266030be9,torus_2.7,2_7,torus_knot,11,36,1,512,analytic-generalized-shader-track-torus-family,"T(2,7) analytic construction",,"{""R"":3.6,""a"":0.85,""b"":0.65,""p"":2,""q"":7}"
PKLSA_f09d98dbf87c40,torus_2.7,2_7,torus_knot,11,37,1,512,analytic-generalized-shader-track-torus-family,"T(2,7) analytic construction",,"{""R"":3.6,""a"":0.85,""b"":0.9,""p"":2,""q"":7}"
PKLSA_c6e17795341057,torus_2.7,2_7,torus_knot,11,38,1,512,analytic-generalized-shader-track-torus-family,"T(2,7) analytic construction",,"{""R"":3.6,""a"":0.85,""b"":1.15,""p"":2,""q"":7}"
PKLSA_7c15090dc8ab03,torus_2.7,2_7,torus_knot,11,39,1,512,analytic-generalized-shader-track-torus-family,"T(2,7) analytic construction",,"{""R"":3.6,""a"":0.85,""b"":1.4,""p"":2,""q"":7}"
PKLSA_04897b8f56585b,torus_2.7,2_7,torus_knot,11,40,1,512,analytic-generalized-shader-track-torus-family,"T(2,7) analytic construction",,"{""R"":3.6,""a"":1.05,""b"":0.65,""p"":2,""q"":7}"
PKLSA_fcd27cd77f57a6,torus_2.7,2_7,torus_knot,11,41,1,512,analytic-generalized-shader-track-torus-family,"T(2,7) analytic construction",,"{""R"":3.6,""a"":1.05,""b"":0.9,""p"":2,""q"":7}"
PKLSA_6cedfa585fe6a1,torus_2.7,2_7,torus_knot,11,42,1,512,analytic-generalized-shader-track-torus-family,"T(2,7) analytic construction",,"{""R"":3.6,""a"":1.05,""b"":1.15,""p"":2,""q"":7}"
PKLSA_5e03db57bcfdf2,torus_2.7,2_7,torus_knot,11,43,1,512,analytic-generalized-shader-track-torus-family,"T(2,7) analytic construction",,"{""R"":3.6,""a"":1.05,""b"":1.4,""p"":2,""q"":7}"
PKLSA_4cd115c04a0d2b,torus_2.7,2_7,torus_knot,11,44,1,512,analytic-generalized-shader-track-torus-family,"T(2,7) analytic construction",,"{""R"":3.6,""a"":1.25,""b"":0.65,""p"":2,""q"":7}"
PKLSA_9b563cc4796a1a,torus_2.7,2_7,torus_knot,11,45,1,512,analytic-generalized-shader-track-torus-family,"T(2,7) analytic construction",,"{""R"":3.6,""a"":1.25,""b"":0.9,""p"":2,""q"":7}"
PKLSA_daea7f86d66558,torus_2.7,2_7,torus_knot,11,46,1,512,analytic-generalized-shader-track-torus-family,"T(2,7) analytic construction",,"{""R"":3.6,""a"":1.25,""b"":1.15,""p"":2,""q"":7}"
PKLSA_e553a56d4abfc5,torus_2.7,2_7,torus_knot,11,47,1,512,analytic-generalized-shader-track-torus-family,"T(2,7) analytic construction",,"{""R"":3.6,""a"":1.25,""b"":1.4,""p"":2,""q"":7}"
PKLSA_605e63fc1c3d05,torus_2.8,2_8,torus_link,12,0,2,512,analytic-generalized-shader-track-torus-family,"T(2,8) analytic construction",,"{""R"":2.8,""a"":0.65,""b"":0.65,""p"":2,""q"":8}"
PKLSA_c02ab89ce716ab,torus_2.8,2_8,torus_link,12,1,2,512,analytic-generalized-shader-track-torus-family,"T(2,8) analytic construction",,"{""R"":2.8,""a"":0.65,""b"":0.9,""p"":2,""q"":8}"
PKLSA_7ba8cee0105f9a,torus_2.8,2_8,torus_link,12,2,2,512,analytic-generalized-shader-track-torus-family,"T(2,8) analytic construction",,"{""R"":2.8,""a"":0.65,""b"":1.15,""p"":2,""q"":8}"
PKLSA_6380c43b226cb1,torus_2.8,2_8,torus_link,12,3,2,512,analytic-generalized-shader-track-torus-family,"T(2,8) analytic construction",,"{""R"":2.8,""a"":0.65,""b"":1.4,""p"":2,""q"":8}"
PKLSA_1c421f6a595ad9,torus_2.8,2_8,torus_link,12,4,2,512,analytic-generalized-shader-track-torus-family,"T(2,8) analytic construction",,"{""R"":2.8,""a"":0.85,""b"":0.65,""p"":2,""q"":8}"
PKLSA_10fb3b0c4c27af,torus_2.8,2_8,torus_link,12,5,2,512,analytic-generalized-shader-track-torus-family,"T(2,8) analytic construction",,"{""R"":2.8,""a"":0.85,""b"":0.9,""p"":2,""q"":8}"
PKLSA_078c8869bc5163,torus_2.8,2_8,torus_link,12,6,2,512,analytic-generalized-shader-track-torus-family,"T(2,8) analytic construction",,"{""R"":2.8,""a"":0.85,""b"":1.15,""p"":2,""q"":8}"
PKLSA_7af97a4da59349,torus_2.8,2_8,torus_link,12,7,2,512,analytic-generalized-shader-track-torus-family,"T(2,8) analytic construction",,"{""R"":2.8,""a"":0.85,""b"":1.4,""p"":2,""q"":8}"
PKLSA_06f1f1a69e1546,torus_2.8,2_8,torus_link,12,8,2,512,analytic-generalized-shader-track-torus-family,"T(2,8) analytic construction",,"{""R"":2.8,""a"":1.05,""b"":0.65,""p"":2,""q"":8}"
PKLSA_f9afbd307bcc3e,torus_2.8,2_8,torus_link,12,9,2,512,analytic-generalized-shader-track-torus-family,"T(2,8) analytic construction",,"{""R"":2.8,""a"":1.05,""b"":0.9,""p"":2,""q"":8}"
PKLSA_c297c3681589d0,torus_2.8,2_8,torus_link,12,10,2,512,analytic-generalized-shader-track-torus-family,"T(2,8) analytic construction",,"{""R"":2.8,""a"":1.05,""b"":1.15,""p"":2,""q"":8}"
PKLSA_f86786067c9f37,torus_2.8,2_8,torus_link,12,11,2,512,analytic-generalized-shader-track-torus-family,"T(2,8) analytic construction",,"{""R"":2.8,""a"":1.05,""b"":1.4,""p"":2,""q"":8}"
PKLSA_87089bad1a32d6,torus_2.8,2_8,torus_link,12,12,2,512,analytic-generalized-shader-track-torus-family,"T(2,8) analytic construction",,"{""R"":2.8,""a"":1.25,""b"":0.65,""p"":2,""q"":8}"
PKLSA_17ee1f26f4ab73,torus_2.8,2_8,torus_link,12,13,2,512,analytic-generalized-shader-track-torus-family,"T(2,8) analytic construction",,"{""R"":2.8,""a"":1.25,""b"":0.9,""p"":2,""q"":8}"
PKLSA_285d98c7554fd0,torus_2.8,2_8,torus_link,12,14,2,512,analytic-generalized-shader-track-torus-family,"T(2,8) analytic construction",,"{""R"":2.8,""a"":1.25,""b"":1.15,""p"":2,""q"":8}"
PKLSA_9f72cf56970d4d,torus_2.8,2_8,torus_link,12,15,2,512,analytic-generalized-shader-track-torus-family,"T(2,8) analytic construction",,"{""R"":2.8,""a"":1.25,""b"":1.4,""p"":2,""q"":8}"
PKLSA_22fab4fed3e3b1,torus_2.8,2_8,torus_link,12,16,2,512,analytic-generalized-shader-track-torus-family,"T(2,8) analytic construction",,"{""R"":3.2,""a"":0.65,""b"":0.65,""p"":2,""q"":8}"
PKLSA_1da4155669ce0d,torus_2.8,2_8,torus_link,12,17,2,512,analytic-generalized-shader-track-torus-family,"T(2,8) analytic construction",,"{""R"":3.2,""a"":0.65,""b"":0.9,""p"":2,""q"":8}"
PKLSA_262a1c3693352f,torus_2.8,2_8,torus_link,12,18,2,512,analytic-generalized-shader-track-torus-family,"T(2,8) analytic construction",,"{""R"":3.2,""a"":0.65,""b"":1.15,""p"":2,""q"":8}"
PKLSA_494f6215646263,torus_2.8,2_8,torus_link,12,19,2,512,analytic-generalized-shader-track-torus-family,"T(2,8) analytic construction",,"{""R"":3.2,""a"":0.65,""b"":1.4,""p"":2,""q"":8}"
PKLSA_e90aafee943f9b,torus_2.8,2_8,torus_link,12,20,2,512,analytic-generalized-shader-track-torus-family,"T(2,8) analytic construction",,"{""R"":3.2,""a"":0.85,""b"":0.65,""p"":2,""q"":8}"
PKLSA_7021f90bb28088,torus_2.8,2_8,torus_link,12,21,2,512,analytic-generalized-shader-track-torus-family,"T(2,8) analytic construction",,"{""R"":3.2,""a"":0.85,""b"":0.9,""p"":2,""q"":8}"
PKLSA_af14d3a8b29d11,torus_2.8,2_8,torus_link,12,22,2,512,analytic-generalized-shader-track-torus-family,"T(2,8) analytic construction",,"{""R"":3.2,""a"":0.85,""b"":1.15,""p"":2,""q"":8}"
PKLSA_b1ec6b8a436a69,torus_2.8,2_8,torus_link,12,23,2,512,analytic-generalized-shader-track-torus-family,"T(2,8) analytic construction",,"{""R"":3.2,""a"":0.85,""b"":1.4,""p"":2,""q"":8}"
PKLSA_c6e55b707e5836,torus_2.8,2_8,torus_link,12,24,2,512,analytic-generalized-shader-track-torus-family,"T(2,8) analytic construction",,"{""R"":3.2,""a"":1.05,""b"":0.65,""p"":2,""q"":8}"
PKLSA_f872797cf07215,torus_2.8,2_8,torus_link,12,25,2,512,analytic-generalized-shader-track-torus-family,"T(2,8) analytic construction",,"{""R"":3.2,""a"":1.05,""b"":0.9,""p"":2,""q"":8}"
PKLSA_ecc3f0efecefd3,torus_2.8,2_8,torus_link,12,26,2,512,analytic-generalized-shader-track-torus-family,"T(2,8) analytic construction",,"{""R"":3.2,""a"":1.05,""b"":1.15,""p"":2,""q"":8}"
PKLSA_61d33ad02704f3,torus_2.8,2_8,torus_link,12,27,2,512,analytic-generalized-shader-track-torus-family,"T(2,8) analytic construction",,"{""R"":3.2,""a"":1.05,""b"":1.4,""p"":2,""q"":8}"
PKLSA_a99cc82b57ed19,torus_2.8,2_8,torus_link,12,28,2,512,analytic-generalized-shader-track-torus-family,"T(2,8) analytic construction",,"{""R"":3.2,""a"":1.25,""b"":0.65,""p"":2,""q"":8}"
PKLSA_fb228c7e13eb70,torus_2.8,2_8,torus_link,12,29,2,512,analytic-generalized-shader-track-torus-family,"T(2,8) analytic construction",,"{""R"":3.2,""a"":1.25,""b"":0.9,""p"":2,""q"":8}"
PKLSA_3bbdb16098b161,torus_2.8,2_8,torus_link,12,30,2,512,analytic-generalized-shader-track-torus-family,"T(2,8) analytic construction",,"{""R"":3.2,""a"":1.25,""b"":1.15,""p"":2,""q"":8}"
PKLSA_bd6d9e7e32fe2e,torus_2.8,2_8,torus_link,12,31,2,512,analytic-generalized-shader-track-torus-family,"T(2,8) analytic construction",,"{""R"":3.2,""a"":1.25,""b"":1.4,""p"":2,""q"":8}"
PKLSA_85e3d80df6ab84,torus_2.8,2_8,torus_link,12,32,2,512,analytic-generalized-shader-track-torus-family,"T(2,8) analytic construction",,"{""R"":3.6,""a"":0.65,""b"":0.65,""p"":2,""q"":8}"
PKLSA_02aef7da476066,torus_2.8,2_8,torus_link,12,33,2,512,analytic-generalized-shader-track-torus-family,"T(2,8) analytic construction",,"{""R"":3.6,""a"":0.65,""b"":0.9,""p"":2,""q"":8}"
PKLSA_0821e9474bae23,torus_2.8,2_8,torus_link,12,34,2,512,analytic-generalized-shader-track-torus-family,"T(2,8) analytic construction",,"{""R"":3.6,""a"":0.65,""b"":1.15,""p"":2,""q"":8}"
PKLSA_f16124a41952c7,torus_2.8,2_8,torus_link,12,35,2,512,analytic-generalized-shader-track-torus-family,"T(2,8) analytic construction",,"{""R"":3.6,""a"":0.65,""b"":1.4,""p"":2,""q"":8}"
PKLSA_af23421f01545a,torus_2.8,2_8,torus_link,12,36,2,512,analytic-generalized-shader-track-torus-family,"T(2,8) analytic construction",,"{""R"":3.6,""a"":0.85,""b"":0.65,""p"":2,""q"":8}"
PKLSA_a0215e5977bc6e,torus_2.8,2_8,torus_link,12,37,2,512,analytic-generalized-shader-track-torus-family,"T(2,8) analytic construction",,"{""R"":3.6,""a"":0.85,""b"":0.9,""p"":2,""q"":8}"
PKLSA_6fead1bef5691e,torus_2.8,2_8,torus_link,12,38,2,512,analytic-generalized-shader-track-torus-family,"T(2,8) analytic construction",,"{""R"":3.6,""a"":0.85,""b"":1.15,""p"":2,""q"":8}"
PKLSA_bc47cd24b812f1,torus_2.8,2_8,torus_link,12,39,2,512,analytic-generalized-shader-track-torus-family,"T(2,8) analytic construction",,"{""R"":3.6,""a"":0.85,""b"":1.4,""p"":2,""q"":8}"
PKLSA_290633cd9ca645,torus_2.8,2_8,torus_link,12,40,2,512,analytic-generalized-shader-track-torus-family,"T(2,8) analytic construction",,"{""R"":3.6,""a"":1.05,""b"":0.65,""p"":2,""q"":8}"
PKLSA_367e555d9f9ed8,torus_2.8,2_8,torus_link,12,41,2,512,analytic-generalized-shader-track-torus-family,"T(2,8) analytic construction",,"{""R"":3.6,""a"":1.05,""b"":0.9,""p"":2,""q"":8}"
PKLSA_f178a4b5567a67,torus_2.8,2_8,torus_link,12,42,2,512,analytic-generalized-shader-track-torus-family,"T(2,8) analytic construction",,"{""R"":3.6,""a"":1.05,""b"":1.15,""p"":2,""q"":8}"
PKLSA_394086b72e4af4,torus_2.8,2_8,torus_link,12,43,2,512,analytic-generalized-shader-track-torus-family,"T(2,8) analytic construction",,"{""R"":3.6,""a"":1.05,""b"":1.4,""p"":2,""q"":8}"
PKLSA_acf3bbe791e648,torus_2.8,2_8,torus_link,12,44,2,512,analytic-generalized-shader-track-torus-family,"T(2,8) analytic construction",,"{""R"":3.6,""a"":1.25,""b"":0.65,""p"":2,""q"":8}"
PKLSA_ab44b34f6046f9,torus_2.8,2_8,torus_link,12,45,2,512,analytic-generalized-shader-track-torus-family,"T(2,8) analytic construction",,"{""R"":3.6,""a"":1.25,""b"":0.9,""p"":2,""q"":8}"
PKLSA_053d6909759957,torus_2.8,2_8,torus_link,12,46,2,512,analytic-generalized-shader-track-torus-family,"T(2,8) analytic construction",,"{""R"":3.6,""a"":1.25,""b"":1.15,""p"":2,""q"":8}"
PKLSA_bb07f1a1a8366b,torus_2.8,2_8,torus_link,12,47,2,512,analytic-generalized-shader-track-torus-family,"T(2,8) analytic construction",,"{""R"":3.6,""a"":1.25,""b"":1.4,""p"":2,""q"":8}"
PKLSA_5c43286723bc02,torus_2.9,2_9,torus_knot,13,0,1,512,analytic-generalized-shader-track-torus-family,"T(2,9) analytic construction",,"{""R"":2.8,""a"":0.65,""b"":0.65,""p"":2,""q"":9}"
PKLSA_2793c3d40149ba,torus_2.9,2_9,torus_knot,13,1,1,512,analytic-generalized-shader-track-torus-family,"T(2,9) analytic construction",,"{""R"":2.8,""a"":0.65,""b"":0.9,""p"":2,""q"":9}"
PKLSA_9c2150ae2c9849,torus_2.9,2_9,torus_knot,13,2,1,512,analytic-generalized-shader-track-torus-family,"T(2,9) analytic construction",,"{""R"":2.8,""a"":0.65,""b"":1.15,""p"":2,""q"":9}"
PKLSA_785c935b3f6c0c,torus_2.9,2_9,torus_knot,13,3,1,512,analytic-generalized-shader-track-torus-family,"T(2,9) analytic construction",,"{""R"":2.8,""a"":0.65,""b"":1.4,""p"":2,""q"":9}"
PKLSA_b9ef3f4a798fc5,torus_2.9,2_9,torus_knot,13,4,1,512,analytic-generalized-shader-track-torus-family,"T(2,9) analytic construction",,"{""R"":2.8,""a"":0.85,""b"":0.65,""p"":2,""q"":9}"
PKLSA_59faa1429ca9f9,torus_2.9,2_9,torus_knot,13,5,1,512,analytic-generalized-shader-track-torus-family,"T(2,9) analytic construction",,"{""R"":2.8,""a"":0.85,""b"":0.9,""p"":2,""q"":9}"
PKLSA_e71dd490ebc1b4,torus_2.9,2_9,torus_knot,13,6,1,512,analytic-generalized-shader-track-torus-family,"T(2,9) analytic construction",,"{""R"":2.8,""a"":0.85,""b"":1.15,""p"":2,""q"":9}"
PKLSA_17e76534eefb12,torus_2.9,2_9,torus_knot,13,7,1,512,analytic-generalized-shader-track-torus-family,"T(2,9) analytic construction",,"{""R"":2.8,""a"":0.85,""b"":1.4,""p"":2,""q"":9}"
PKLSA_9de315f1e774ab,torus_2.9,2_9,torus_knot,13,8,1,512,analytic-generalized-shader-track-torus-family,"T(2,9) analytic construction",,"{""R"":2.8,""a"":1.05,""b"":0.65,""p"":2,""q"":9}"
PKLSA_f910667bfcc0c4,torus_2.9,2_9,torus_knot,13,9,1,512,analytic-generalized-shader-track-torus-family,"T(2,9) analytic construction",,"{""R"":2.8,""a"":1.05,""b"":0.9,""p"":2,""q"":9}"
PKLSA_0ed325eeefa282,torus_2.9,2_9,torus_knot,13,10,1,512,analytic-generalized-shader-track-torus-family,"T(2,9) analytic construction",,"{""R"":2.8,""a"":1.05,""b"":1.15,""p"":2,""q"":9}"
PKLSA_aaef26260154b0,torus_2.9,2_9,torus_knot,13,11,1,512,analytic-generalized-shader-track-torus-family,"T(2,9) analytic construction",,"{""R"":2.8,""a"":1.05,""b"":1.4,""p"":2,""q"":9}"
PKLSA_a9ad59621f1486,torus_2.9,2_9,torus_knot,13,12,1,512,analytic-generalized-shader-track-torus-family,"T(2,9) analytic construction",,"{""R"":2.8,""a"":1.25,""b"":0.65,""p"":2,""q"":9}"
PKLSA_408ad57b86b558,torus_2.9,2_9,torus_knot,13,13,1,512,analytic-generalized-shader-track-torus-family,"T(2,9) analytic construction",,"{""R"":2.8,""a"":1.25,""b"":0.9,""p"":2,""q"":9}"
PKLSA_95b17c84ca85e0,torus_2.9,2_9,torus_knot,13,14,1,512,analytic-generalized-shader-track-torus-family,"T(2,9) analytic construction",,"{""R"":2.8,""a"":1.25,""b"":1.15,""p"":2,""q"":9}"
PKLSA_fb5ad7fbf462cf,torus_2.9,2_9,torus_knot,13,15,1,512,analytic-generalized-shader-track-torus-family,"T(2,9) analytic construction",,"{""R"":2.8,""a"":1.25,""b"":1.4,""p"":2,""q"":9}"
PKLSA_c017ff4404fc6c,torus_2.9,2_9,torus_knot,13,16,1,512,analytic-generalized-shader-track-torus-family,"T(2,9) analytic construction",,"{""R"":3.2,""a"":0.65,""b"":0.65,""p"":2,""q"":9}"
PKLSA_8056c2fd370fc3,torus_2.9,2_9,torus_knot,13,17,1,512,analytic-generalized-shader-track-torus-family,"T(2,9) analytic construction",,"{""R"":3.2,""a"":0.65,""b"":0.9,""p"":2,""q"":9}"
PKLSA_d3490372244a0d,torus_2.9,2_9,torus_knot,13,18,1,512,analytic-generalized-shader-track-torus-family,"T(2,9) analytic construction",,"{""R"":3.2,""a"":0.65,""b"":1.15,""p"":2,""q"":9}"
PKLSA_7e2bc5577ba585,torus_2.9,2_9,torus_knot,13,19,1,512,analytic-generalized-shader-track-torus-family,"T(2,9) analytic construction",,"{""R"":3.2,""a"":0.65,""b"":1.4,""p"":2,""q"":9}"
PKLSA_c26a9319649fa3,torus_2.9,2_9,torus_knot,13,20,1,512,analytic-generalized-shader-track-torus-family,"T(2,9) analytic construction",,"{""R"":3.2,""a"":0.85,""b"":0.65,""p"":2,""q"":9}"
PKLSA_60f4ceffaafd37,torus_2.9,2_9,torus_knot,13,21,1,512,analytic-generalized-shader-track-torus-family,"T(2,9) analytic construction",,"{""R"":3.2,""a"":0.85,""b"":0.9,""p"":2,""q"":9}"
PKLSA_0a3d6e9036eb49,torus_2.9,2_9,torus_knot,13,22,1,512,analytic-generalized-shader-track-torus-family,"T(2,9) analytic construction",,"{""R"":3.2,""a"":0.85,""b"":1.15,""p"":2,""q"":9}"
PKLSA_67896a2dfd8e3d,torus_2.9,2_9,torus_knot,13,23,1,512,analytic-generalized-shader-track-torus-family,"T(2,9) analytic construction",,"{""R"":3.2,""a"":0.85,""b"":1.4,""p"":2,""q"":9}"
PKLSA_6e48f63e4d4b29,torus_2.9,2_9,torus_knot,13,24,1,512,analytic-generalized-shader-track-torus-family,"T(2,9) analytic construction",,"{""R"":3.2,""a"":1.05,""b"":0.65,""p"":2,""q"":9}"
PKLSA_b061aa748a8bd8,torus_2.9,2_9,torus_knot,13,25,1,512,analytic-generalized-shader-track-torus-family,"T(2,9) analytic construction",,"{""R"":3.2,""a"":1.05,""b"":0.9,""p"":2,""q"":9}"
PKLSA_ad7ee212554fd7,torus_2.9,2_9,torus_knot,13,26,1,512,analytic-generalized-shader-track-torus-family,"T(2,9) analytic construction",,"{""R"":3.2,""a"":1.05,""b"":1.15,""p"":2,""q"":9}"
PKLSA_ab5612c4e43fec,torus_2.9,2_9,torus_knot,13,27,1,512,analytic-generalized-shader-track-torus-family,"T(2,9) analytic construction",,"{""R"":3.2,""a"":1.05,""b"":1.4,""p"":2,""q"":9}"
PKLSA_4cb2fdf623bb17,torus_2.9,2_9,torus_knot,13,28,1,512,analytic-generalized-shader-track-torus-family,"T(2,9) analytic construction",,"{""R"":3.2,""a"":1.25,""b"":0.65,""p"":2,""q"":9}"
PKLSA_744e5bdadf5e3b,torus_2.9,2_9,torus_knot,13,29,1,512,analytic-generalized-shader-track-torus-family,"T(2,9) analytic construction",,"{""R"":3.2,""a"":1.25,""b"":0.9,""p"":2,""q"":9}"
PKLSA_a5cddf3ad94561,torus_2.9,2_9,torus_knot,13,30,1,512,analytic-generalized-shader-track-torus-family,"T(2,9) analytic construction",,"{""R"":3.2,""a"":1.25,""b"":1.15,""p"":2,""q"":9}"
PKLSA_8db4d62f5d71e6,torus_2.9,2_9,torus_knot,13,31,1,512,analytic-generalized-shader-track-torus-family,"T(2,9) analytic construction",,"{""R"":3.2,""a"":1.25,""b"":1.4,""p"":2,""q"":9}"
PKLSA_2f3eb6e6173b68,torus_2.9,2_9,torus_knot,13,32,1,512,analytic-generalized-shader-track-torus-family,"T(2,9) analytic construction",,"{""R"":3.6,""a"":0.65,""b"":0.65,""p"":2,""q"":9}"
PKLSA_6881ac3e1a44e9,torus_2.9,2_9,torus_knot,13,33,1,512,analytic-generalized-shader-track-torus-family,"T(2,9) analytic construction",,"{""R"":3.6,""a"":0.65,""b"":0.9,""p"":2,""q"":9}"
PKLSA_dedb916bd98d23,torus_2.9,2_9,torus_knot,13,34,1,512,analytic-generalized-shader-track-torus-family,"T(2,9) analytic construction",,"{""R"":3.6,""a"":0.65,""b"":1.15,""p"":2,""q"":9}"
PKLSA_4a151fa70abbbf,torus_2.9,2_9,torus_knot,13,35,1,512,analytic-generalized-shader-track-torus-family,"T(2,9) analytic construction",,"{""R"":3.6,""a"":0.65,""b"":1.4,""p"":2,""q"":9}"
PKLSA_1288d22e0e9240,torus_2.9,2_9,torus_knot,13,36,1,512,analytic-generalized-shader-track-torus-family,"T(2,9) analytic construction",,"{""R"":3.6,""a"":0.85,""b"":0.65,""p"":2,""q"":9}"
PKLSA_260a20ff1a7cea,torus_2.9,2_9,torus_knot,13,37,1,512,analytic-generalized-shader-track-torus-family,"T(2,9) analytic construction",,"{""R"":3.6,""a"":0.85,""b"":0.9,""p"":2,""q"":9}"
PKLSA_af9a977454f978,torus_2.9,2_9,torus_knot,13,38,1,512,analytic-generalized-shader-track-torus-family,"T(2,9) analytic construction",,"{""R"":3.6,""a"":0.85,""b"":1.15,""p"":2,""q"":9}"
PKLSA_f2c05456a3f8d5,torus_2.9,2_9,torus_knot,13,39,1,512,analytic-generalized-shader-track-torus-family,"T(2,9) analytic construction",,"{""R"":3.6,""a"":0.85,""b"":1.4,""p"":2,""q"":9}"
PKLSA_b889230ac58462,torus_2.9,2_9,torus_knot,13,40,1,512,analytic-generalized-shader-track-torus-family,"T(2,9) analytic construction",,"{""R"":3.6,""a"":1.05,""b"":0.65,""p"":2,""q"":9}"
PKLSA_6508c895276bef,torus_2.9,2_9,torus_knot,13,41,1,512,analytic-generalized-shader-track-torus-family,"T(2,9) analytic construction",,"{""R"":3.6,""a"":1.05,""b"":0.9,""p"":2,""q"":9}"
PKLSA_ef56cb9bfda872,torus_2.9,2_9,torus_knot,13,42,1,512,analytic-generalized-shader-track-torus-family,"T(2,9) analytic construction",,"{""R"":3.6,""a"":1.05,""b"":1.15,""p"":2,""q"":9}"
PKLSA_b02c221296399d,torus_2.9,2_9,torus_knot,13,43,1,512,analytic-generalized-shader-track-torus-family,"T(2,9) analytic construction",,"{""R"":3.6,""a"":1.05,""b"":1.4,""p"":2,""q"":9}"
PKLSA_71fd7442a4c1d3,torus_2.9,2_9,torus_knot,13,44,1,512,analytic-generalized-shader-track-torus-family,"T(2,9) analytic construction",,"{""R"":3.6,""a"":1.25,""b"":0.65,""p"":2,""q"":9}"
PKLSA_630ec4b342193f,torus_2.9,2_9,torus_knot,13,45,1,512,analytic-generalized-shader-track-torus-family,"T(2,9) analytic construction",,"{""R"":3.6,""a"":1.25,""b"":0.9,""p"":2,""q"":9}"
PKLSA_56e4ac19fd5253,torus_2.9,2_9,torus_knot,13,46,1,512,analytic-generalized-shader-track-torus-family,"T(2,9) analytic construction",,"{""R"":3.6,""a"":1.25,""b"":1.15,""p"":2,""q"":9}"
PKLSA_a5f7cf44aee182,torus_2.9,2_9,torus_knot,13,47,1,512,analytic-generalized-shader-track-torus-family,"T(2,9) analytic construction",,"{""R"":3.6,""a"":1.25,""b"":1.4,""p"":2,""q"":9}"
PKLSA_faa18a06d517a2,knot_3.1,3_1,knot,14,0,1,512,PTSA-v1.0.0-exact-shape-up-to-global-similarity-normalization,PTSA-v1.0.0/48-candidate-family,PTSA_be525c7589a4,"{""ptsa_baseR"":3.5,""ptsa_bulge_R"":1.4,""ptsa_z_weave"":2.2}"
PKLSA_99194982f57b60,knot_3.1,3_1,knot,14,1,1,512,PTSA-v1.0.0-exact-shape-up-to-global-similarity-normalization,PTSA-v1.0.0/48-candidate-family,PTSA_fa8ae9e2ffbb,"{""ptsa_baseR"":3.5,""ptsa_bulge_R"":1.4,""ptsa_z_weave"":3.0}"
PKLSA_30b482d7c43d0b,knot_3.1,3_1,knot,14,2,1,512,PTSA-v1.0.0-exact-shape-up-to-global-similarity-normalization,PTSA-v1.0.0/48-candidate-family,PTSA_e90c6e3b2c82,"{""ptsa_baseR"":3.5,""ptsa_bulge_R"":1.4,""ptsa_z_weave"":3.8}"
PKLSA_da0450d1104304,knot_3.1,3_1,knot,14,3,1,512,PTSA-v1.0.0-exact-shape-up-to-global-similarity-normalization,PTSA-v1.0.0/48-candidate-family,PTSA_bf4c7b79d538,"{""ptsa_baseR"":3.5,""ptsa_bulge_R"":1.4,""ptsa_z_weave"":4.6}"
PKLSA_4f8bcae4315236,knot_3.1,3_1,knot,14,4,1,512,PTSA-v1.0.0-exact-shape-up-to-global-similarity-normalization,PTSA-v1.0.0/48-candidate-family,PTSA_e3f22f9fa760,"{""ptsa_baseR"":3.5,""ptsa_bulge_R"":1.8,""ptsa_z_weave"":2.2}"
PKLSA_8c91ce4cc4bd56,knot_3.1,3_1,knot,14,5,1,512,PTSA-v1.0.0-exact-shape-up-to-global-similarity-normalization,PTSA-v1.0.0/48-candidate-family,PTSA_f9b0c424e421,"{""ptsa_baseR"":3.5,""ptsa_bulge_R"":1.8,""ptsa_z_weave"":3.0}"
PKLSA_7d846f494b5f5b,knot_3.1,3_1,knot,14,6,1,512,PTSA-v1.0.0-exact-shape-up-to-global-similarity-normalization,PTSA-v1.0.0/48-candidate-family,PTSA_7ad2f23a454c,"{""ptsa_baseR"":3.5,""ptsa_bulge_R"":1.8,""ptsa_z_weave"":3.8}"
PKLSA_af2bb1f65364ea,knot_3.1,3_1,knot,14,7,1,512,PTSA-v1.0.0-exact-shape-up-to-global-similarity-normalization,PTSA-v1.0.0/48-candidate-family,PTSA_e99a1d9b5dca,"{""ptsa_baseR"":3.5,""ptsa_bulge_R"":1.8,""ptsa_z_weave"":4.6}"
PKLSA_b633a88b678ef3,knot_3.1,3_1,knot,14,8,1,512,PTSA-v1.0.0-exact-shape-up-to-global-similarity-normalization,PTSA-v1.0.0/48-candidate-family,PTSA_8d5f7812b42a,"{""ptsa_baseR"":3.5,""ptsa_bulge_R"":2.2,""ptsa_z_weave"":2.2}"
PKLSA_5ece49ecbaed34,knot_3.1,3_1,knot,14,9,1,512,PTSA-v1.0.0-exact-shape-up-to-global-similarity-normalization,PTSA-v1.0.0/48-candidate-family,PTSA_7e17edf8c2b1,"{""ptsa_baseR"":3.5,""ptsa_bulge_R"":2.2,""ptsa_z_weave"":3.0}"
PKLSA_3357b8e30c18b8,knot_3.1,3_1,knot,14,10,1,512,PTSA-v1.0.0-exact-shape-up-to-global-similarity-normalization,PTSA-v1.0.0/48-candidate-family,PTSA_ed32ebf1eee2,"{""ptsa_baseR"":3.5,""ptsa_bulge_R"":2.2,""ptsa_z_weave"":3.8}"
PKLSA_9dde484f0004c1,knot_3.1,3_1,knot,14,11,1,512,PTSA-v1.0.0-exact-shape-up-to-global-similarity-normalization,PTSA-v1.0.0/48-candidate-family,PTSA_036aa84b8753,"{""ptsa_baseR"":3.5,""ptsa_bulge_R"":2.2,""ptsa_z_weave"":4.6}"
PKLSA_0841699c883811,knot_3.1,3_1,knot,14,12,1,512,PTSA-v1.0.0-exact-shape-up-to-global-similarity-normalization,PTSA-v1.0.0/48-candidate-family,PTSA_d802e5d1a2b3,"{""ptsa_baseR"":3.5,""ptsa_bulge_R"":2.6,""ptsa_z_weave"":2.2}"
PKLSA_e3f1a70ea4f320,knot_3.1,3_1,knot,14,13,1,512,PTSA-v1.0.0-exact-shape-up-to-global-similarity-normalization,PTSA-v1.0.0/48-candidate-family,PTSA_d3329638bf53,"{""ptsa_baseR"":3.5,""ptsa_bulge_R"":2.6,""ptsa_z_weave"":3.0}"
PKLSA_ccc38dae92cd81,knot_3.1,3_1,knot,14,14,1,512,PTSA-v1.0.0-exact-shape-up-to-global-similarity-normalization,PTSA-v1.0.0/48-candidate-family,PTSA_d7efb7dda021,"{""ptsa_baseR"":3.5,""ptsa_bulge_R"":2.6,""ptsa_z_weave"":3.8}"
PKLSA_784f7610390198,knot_3.1,3_1,knot,14,15,1,512,PTSA-v1.0.0-exact-shape-up-to-global-similarity-normalization,PTSA-v1.0.0/48-candidate-family,PTSA_c30da5cadfe1,"{""ptsa_baseR"":3.5,""ptsa_bulge_R"":2.6,""ptsa_z_weave"":4.6}"
PKLSA_38a9e9b8f7ce35,knot_3.1,3_1,knot,14,16,1,512,PTSA-v1.0.0-exact-shape-up-to-global-similarity-normalization,PTSA-v1.0.0/48-candidate-family,PTSA_fab28a5e1e91,"{""ptsa_baseR"":4.08248290463863,""ptsa_bulge_R"":1.4,""ptsa_z_weave"":2.2}"
PKLSA_09316c63b9c7c7,knot_3.1,3_1,knot,14,17,1,512,PTSA-v1.0.0-exact-shape-up-to-global-similarity-normalization,PTSA-v1.0.0/48-candidate-family,PTSA_9e823ec0b32e,"{""ptsa_baseR"":4.08248290463863,""ptsa_bulge_R"":1.4,""ptsa_z_weave"":3.0}"
PKLSA_c48fb662e32925,knot_3.1,3_1,knot,14,18,1,512,PTSA-v1.0.0-exact-shape-up-to-global-similarity-normalization,PTSA-v1.0.0/48-candidate-family,PTSA_bde1585778f6,"{""ptsa_baseR"":4.08248290463863,""ptsa_bulge_R"":1.4,""ptsa_z_weave"":3.8}"
PKLSA_536ca83fdafec4,knot_3.1,3_1,knot,14,19,1,512,PTSA-v1.0.0-exact-shape-up-to-global-similarity-normalization,PTSA-v1.0.0/48-candidate-family,PTSA_3bd8f008850a,"{""ptsa_baseR"":4.08248290463863,""ptsa_bulge_R"":1.4,""ptsa_z_weave"":4.6}"
PKLSA_41020e6693f2ca,knot_3.1,3_1,knot,14,20,1,512,PTSA-v1.0.0-exact-shape-up-to-global-similarity-normalization,PTSA-v1.0.0/48-candidate-family,PTSA_d8be1c144954,"{""ptsa_baseR"":4.08248290463863,""ptsa_bulge_R"":1.8,""ptsa_z_weave"":2.2}"
PKLSA_22b300e8984a0c,knot_3.1,3_1,knot,14,21,1,512,PTSA-v1.0.0-exact-shape-up-to-global-similarity-normalization,PTSA-v1.0.0/48-candidate-family,PTSA_422e55cc2945,"{""ptsa_baseR"":4.08248290463863,""ptsa_bulge_R"":1.8,""ptsa_z_weave"":3.0}"
PKLSA_bca4c36c7f9f5d,knot_3.1,3_1,knot,14,22,1,512,PTSA-v1.0.0-exact-shape-up-to-global-similarity-normalization,PTSA-v1.0.0/48-candidate-family,PTSA_a44257525139,"{""ptsa_baseR"":4.08248290463863,""ptsa_bulge_R"":1.8,""ptsa_z_weave"":3.8}"
PKLSA_1072c281e30493,knot_3.1,3_1,knot,14,23,1,512,PTSA-v1.0.0-exact-shape-up-to-global-similarity-normalization,PTSA-v1.0.0/48-candidate-family,PTSA_bbd17dc63aa8,"{""ptsa_baseR"":4.08248290463863,""ptsa_bulge_R"":1.8,""ptsa_z_weave"":4.6}"
PKLSA_e6c07fe62dce4d,knot_3.1,3_1,knot,14,24,1,512,PTSA-v1.0.0-exact-shape-up-to-global-similarity-normalization,PTSA-v1.0.0/48-candidate-family,PTSA_84105a70edf8,"{""ptsa_baseR"":4.08248290463863,""ptsa_bulge_R"":2.2,""ptsa_z_weave"":2.2}"
PKLSA_8bea62d65e205c,knot_3.1,3_1,knot,14,25,1,512,PTSA-v1.0.0-exact-shape-up-to-global-similarity-normalization,PTSA-v1.0.0/48-candidate-family,PTSA_d640ab3a9ef1,"{""ptsa_baseR"":4.08248290463863,""ptsa_bulge_R"":2.2,""ptsa_z_weave"":3.0}"
PKLSA_a5a9afe3119bda,knot_3.1,3_1,knot,14,26,1,512,PTSA-v1.0.0-exact-shape-up-to-global-similarity-normalization,PTSA-v1.0.0/48-candidate-family,PTSA_eab0c0d7cb5e,"{""ptsa_baseR"":4.08248290463863,""ptsa_bulge_R"":2.2,""ptsa_z_weave"":3.8}"
PKLSA_09cfdf4a52618c,knot_3.1,3_1,knot,14,27,1,512,PTSA-v1.0.0-exact-shape-up-to-global-similarity-normalization,PTSA-v1.0.0/48-candidate-family,PTSA_2b610141b8df,"{""ptsa_baseR"":4.08248290463863,""ptsa_bulge_R"":2.2,""ptsa_z_weave"":4.6}"
PKLSA_3c6313b2fb5532,knot_3.1,3_1,knot,14,28,1,512,PTSA-v1.0.0-exact-shape-up-to-global-similarity-normalization,PTSA-v1.0.0/48-candidate-family,PTSA_2862dfeb5af1,"{""ptsa_baseR"":4.08248290463863,""ptsa_bulge_R"":2.6,""ptsa_z_weave"":2.2}"
PKLSA_fee8f6f271e185,knot_3.1,3_1,knot,14,29,1,512,PTSA-v1.0.0-exact-shape-up-to-global-similarity-normalization,PTSA-v1.0.0/48-candidate-family,PTSA_b76e96747bbb,"{""ptsa_baseR"":4.08248290463863,""ptsa_bulge_R"":2.6,""ptsa_z_weave"":3.0}"
PKLSA_e6baa56dc3c6d6,knot_3.1,3_1,knot,14,30,1,512,PTSA-v1.0.0-exact-shape-up-to-global-similarity-normalization,PTSA-v1.0.0/48-candidate-family,PTSA_c8aa77b0c7d3,"{""ptsa_baseR"":4.08248290463863,""ptsa_bulge_R"":2.6,""ptsa_z_weave"":3.8}"
PKLSA_09634ec6a835cb,knot_3.1,3_1,knot,14,31,1,512,PTSA-v1.0.0-exact-shape-up-to-global-similarity-normalization,PTSA-v1.0.0/48-candidate-family,PTSA_c29f0518388a,"{""ptsa_baseR"":4.08248290463863,""ptsa_bulge_R"":2.6,""ptsa_z_weave"":4.6}"
PKLSA_e84bbc0975c712,knot_3.1,3_1,knot,14,32,1,512,PTSA-v1.0.0-exact-shape-up-to-global-similarity-normalization,PTSA-v1.0.0/48-candidate-family,PTSA_4982edf8f7f9,"{""ptsa_baseR"":4.6,""ptsa_bulge_R"":1.4,""ptsa_z_weave"":2.2}"
PKLSA_6ea40578ead8fa,knot_3.1,3_1,knot,14,33,1,512,PTSA-v1.0.0-exact-shape-up-to-global-similarity-normalization,PTSA-v1.0.0/48-candidate-family,PTSA_af69c86a9485,"{""ptsa_baseR"":4.6,""ptsa_bulge_R"":1.4,""ptsa_z_weave"":3.0}"
PKLSA_dd6cb9e3756d9d,knot_3.1,3_1,knot,14,34,1,512,PTSA-v1.0.0-exact-shape-up-to-global-similarity-normalization,PTSA-v1.0.0/48-candidate-family,PTSA_968c3e7824d4,"{""ptsa_baseR"":4.6,""ptsa_bulge_R"":1.4,""ptsa_z_weave"":3.8}"
PKLSA_d74c9914302ec0,knot_3.1,3_1,knot,14,35,1,512,PTSA-v1.0.0-exact-shape-up-to-global-similarity-normalization,PTSA-v1.0.0/48-candidate-family,PTSA_48a4f951ee3c,"{""ptsa_baseR"":4.6,""ptsa_bulge_R"":1.4,""ptsa_z_weave"":4.6}"
PKLSA_e64398e4e430d9,knot_3.1,3_1,knot,14,36,1,512,PTSA-v1.0.0-exact-shape-up-to-global-similarity-normalization,PTSA-v1.0.0/48-candidate-family,PTSA_a8d1378c49ce,"{""ptsa_baseR"":4.6,""ptsa_bulge_R"":1.8,""ptsa_z_weave"":2.2}"
PKLSA_4c8bea6899ba26,knot_3.1,3_1,knot,14,37,1,512,PTSA-v1.0.0-exact-shape-up-to-global-similarity-normalization,PTSA-v1.0.0/48-candidate-family,PTSA_8674e8c18a1d,"{""ptsa_baseR"":4.6,""ptsa_bulge_R"":1.8,""ptsa_z_weave"":3.0}"
PKLSA_d0bd2118aa1e07,knot_3.1,3_1,knot,14,38,1,512,PTSA-v1.0.0-exact-shape-up-to-global-similarity-normalization,PTSA-v1.0.0/48-candidate-family,PTSA_5c5c7d91eee4,"{""ptsa_baseR"":4.6,""ptsa_bulge_R"":1.8,""ptsa_z_weave"":3.8}"
PKLSA_bdb2b666bfa853,knot_3.1,3_1,knot,14,39,1,512,PTSA-v1.0.0-exact-shape-up-to-global-similarity-normalization,PTSA-v1.0.0/48-candidate-family,PTSA_589715ba61ac,"{""ptsa_baseR"":4.6,""ptsa_bulge_R"":1.8,""ptsa_z_weave"":4.6}"
PKLSA_a5f21812d0baf8,knot_3.1,3_1,knot,14,40,1,512,PTSA-v1.0.0-exact-shape-up-to-global-similarity-normalization,PTSA-v1.0.0/48-candidate-family,PTSA_878ad3925eb3,"{""ptsa_baseR"":4.6,""ptsa_bulge_R"":2.2,""ptsa_z_weave"":2.2}"
PKLSA_35dced6bfd321a,knot_3.1,3_1,knot,14,41,1,512,PTSA-v1.0.0-exact-shape-up-to-global-similarity-normalization,PTSA-v1.0.0/48-candidate-family,PTSA_f36f5f9b16ac,"{""ptsa_baseR"":4.6,""ptsa_bulge_R"":2.2,""ptsa_z_weave"":3.0}"
PKLSA_800fe7dfef4796,knot_3.1,3_1,knot,14,42,1,512,PTSA-v1.0.0-exact-shape-up-to-global-similarity-normalization,PTSA-v1.0.0/48-candidate-family,PTSA_5fff8cae2dc1,"{""ptsa_baseR"":4.6,""ptsa_bulge_R"":2.2,""ptsa_z_weave"":3.8}"
PKLSA_840ddbc99db114,knot_3.1,3_1,knot,14,43,1,512,PTSA-v1.0.0-exact-shape-up-to-global-similarity-normalization,PTSA-v1.0.0/48-candidate-family,PTSA_2692c364b9c2,"{""ptsa_baseR"":4.6,""ptsa_bulge_R"":2.2,""ptsa_z_weave"":4.6}"
PKLSA_56e620f01e2403,knot_3.1,3_1,knot,14,44,1,512,PTSA-v1.0.0-exact-shape-up-to-global-similarity-normalization,PTSA-v1.0.0/48-candidate-family,PTSA_7c97f882db3a,"{""ptsa_baseR"":4.6,""ptsa_bulge_R"":2.6,""ptsa_z_weave"":2.2}"
PKLSA_493fb47107a177,knot_3.1,3_1,knot,14,45,1,512,PTSA-v1.0.0-exact-shape-up-to-global-similarity-normalization,PTSA-v1.0.0/48-candidate-family,PTSA_64c20d6bfcbd,"{""ptsa_baseR"":4.6,""ptsa_bulge_R"":2.6,""ptsa_z_weave"":3.0}"
PKLSA_80f32dc73317e3,knot_3.1,3_1,knot,14,46,1,512,PTSA-v1.0.0-exact-shape-up-to-global-similarity-normalization,PTSA-v1.0.0/48-candidate-family,PTSA_4cb018297e63,"{""ptsa_baseR"":4.6,""ptsa_bulge_R"":2.6,""ptsa_z_weave"":3.8}"
PKLSA_2609fddbded314,knot_3.1,3_1,knot,14,47,1,512,PTSA-v1.0.0-exact-shape-up-to-global-similarity-normalization,PTSA-v1.0.0/48-candidate-family,PTSA_850b8d9f0287,"{""ptsa_baseR"":4.6,""ptsa_bulge_R"":2.6,""ptsa_z_weave"":4.6}"
PKLSA_8da8f1fd12efd4,torus_3.3,3_3,torus_link,15,0,3,512,analytic-generalized-shader-track-torus-family,"T(3,3) analytic construction",,"{""R"":2.8,""a"":0.65,""b"":0.65,""p"":3,""q"":3}"
PKLSA_2b204549b87759,torus_3.3,3_3,torus_link,15,1,3,512,analytic-generalized-shader-track-torus-family,"T(3,3) analytic construction",,"{""R"":2.8,""a"":0.65,""b"":0.9,""p"":3,""q"":3}"
PKLSA_2d0a666ddaff3e,torus_3.3,3_3,torus_link,15,2,3,512,analytic-generalized-shader-track-torus-family,"T(3,3) analytic construction",,"{""R"":2.8,""a"":0.65,""b"":1.15,""p"":3,""q"":3}"
PKLSA_0c947e788de39b,torus_3.3,3_3,torus_link,15,3,3,512,analytic-generalized-shader-track-torus-family,"T(3,3) analytic construction",,"{""R"":2.8,""a"":0.65,""b"":1.4,""p"":3,""q"":3}"
PKLSA_462d1dd0751573,torus_3.3,3_3,torus_link,15,4,3,512,analytic-generalized-shader-track-torus-family,"T(3,3) analytic construction",,"{""R"":2.8,""a"":0.85,""b"":0.65,""p"":3,""q"":3}"
PKLSA_acf4ced429d0e7,torus_3.3,3_3,torus_link,15,5,3,512,analytic-generalized-shader-track-torus-family,"T(3,3) analytic construction",,"{""R"":2.8,""a"":0.85,""b"":0.9,""p"":3,""q"":3}"
PKLSA_2c656066f22e06,torus_3.3,3_3,torus_link,15,6,3,512,analytic-generalized-shader-track-torus-family,"T(3,3) analytic construction",,"{""R"":2.8,""a"":0.85,""b"":1.15,""p"":3,""q"":3}"
PKLSA_fa272875add8a0,torus_3.3,3_3,torus_link,15,7,3,512,analytic-generalized-shader-track-torus-family,"T(3,3) analytic construction",,"{""R"":2.8,""a"":0.85,""b"":1.4,""p"":3,""q"":3}"
PKLSA_4995198e8c43d2,torus_3.3,3_3,torus_link,15,8,3,512,analytic-generalized-shader-track-torus-family,"T(3,3) analytic construction",,"{""R"":2.8,""a"":1.05,""b"":0.65,""p"":3,""q"":3}"
PKLSA_7d58c804e87de2,torus_3.3,3_3,torus_link,15,9,3,512,analytic-generalized-shader-track-torus-family,"T(3,3) analytic construction",,"{""R"":2.8,""a"":1.05,""b"":0.9,""p"":3,""q"":3}"
PKLSA_c038da7da1d162,torus_3.3,3_3,torus_link,15,10,3,512,analytic-generalized-shader-track-torus-family,"T(3,3) analytic construction",,"{""R"":2.8,""a"":1.05,""b"":1.15,""p"":3,""q"":3}"
PKLSA_0ba3cc558622c1,torus_3.3,3_3,torus_link,15,11,3,512,analytic-generalized-shader-track-torus-family,"T(3,3) analytic construction",,"{""R"":2.8,""a"":1.05,""b"":1.4,""p"":3,""q"":3}"
PKLSA_4b965c9966c357,torus_3.3,3_3,torus_link,15,12,3,512,analytic-generalized-shader-track-torus-family,"T(3,3) analytic construction",,"{""R"":2.8,""a"":1.25,""b"":0.65,""p"":3,""q"":3}"
PKLSA_ea7c307baa1ccb,torus_3.3,3_3,torus_link,15,13,3,512,analytic-generalized-shader-track-torus-family,"T(3,3) analytic construction",,"{""R"":2.8,""a"":1.25,""b"":0.9,""p"":3,""q"":3}"
PKLSA_cc5370340d5bcd,torus_3.3,3_3,torus_link,15,14,3,512,analytic-generalized-shader-track-torus-family,"T(3,3) analytic construction",,"{""R"":2.8,""a"":1.25,""b"":1.15,""p"":3,""q"":3}"
PKLSA_14b19aa93e07de,torus_3.3,3_3,torus_link,15,15,3,512,analytic-generalized-shader-track-torus-family,"T(3,3) analytic construction",,"{""R"":2.8,""a"":1.25,""b"":1.4,""p"":3,""q"":3}"
PKLSA_cb3b3e560cd433,torus_3.3,3_3,torus_link,15,16,3,512,analytic-generalized-shader-track-torus-family,"T(3,3) analytic construction",,"{""R"":3.2,""a"":0.65,""b"":0.65,""p"":3,""q"":3}"
PKLSA_d105ee1863bd27,torus_3.3,3_3,torus_link,15,17,3,512,analytic-generalized-shader-track-torus-family,"T(3,3) analytic construction",,"{""R"":3.2,""a"":0.65,""b"":0.9,""p"":3,""q"":3}"
PKLSA_e5f1b1742f1ea0,torus_3.3,3_3,torus_link,15,18,3,512,analytic-generalized-shader-track-torus-family,"T(3,3) analytic construction",,"{""R"":3.2,""a"":0.65,""b"":1.15,""p"":3,""q"":3}"
PKLSA_f139c59b66cf1c,torus_3.3,3_3,torus_link,15,19,3,512,analytic-generalized-shader-track-torus-family,"T(3,3) analytic construction",,"{""R"":3.2,""a"":0.65,""b"":1.4,""p"":3,""q"":3}"
PKLSA_075e2e9ab9c067,torus_3.3,3_3,torus_link,15,20,3,512,analytic-generalized-shader-track-torus-family,"T(3,3) analytic construction",,"{""R"":3.2,""a"":0.85,""b"":0.65,""p"":3,""q"":3}"
PKLSA_66bb63b2214959,torus_3.3,3_3,torus_link,15,21,3,512,analytic-generalized-shader-track-torus-family,"T(3,3) analytic construction",,"{""R"":3.2,""a"":0.85,""b"":0.9,""p"":3,""q"":3}"
PKLSA_f2c936adee9b40,torus_3.3,3_3,torus_link,15,22,3,512,analytic-generalized-shader-track-torus-family,"T(3,3) analytic construction",,"{""R"":3.2,""a"":0.85,""b"":1.15,""p"":3,""q"":3}"
PKLSA_a0d4dfd30fc04b,torus_3.3,3_3,torus_link,15,23,3,512,analytic-generalized-shader-track-torus-family,"T(3,3) analytic construction",,"{""R"":3.2,""a"":0.85,""b"":1.4,""p"":3,""q"":3}"
PKLSA_03ac4c2c114f70,torus_3.3,3_3,torus_link,15,24,3,512,analytic-generalized-shader-track-torus-family,"T(3,3) analytic construction",,"{""R"":3.2,""a"":1.05,""b"":0.65,""p"":3,""q"":3}"
PKLSA_e4fcecc81e824c,torus_3.3,3_3,torus_link,15,25,3,512,analytic-generalized-shader-track-torus-family,"T(3,3) analytic construction",,"{""R"":3.2,""a"":1.05,""b"":0.9,""p"":3,""q"":3}"
PKLSA_d6206c795e0024,torus_3.3,3_3,torus_link,15,26,3,512,analytic-generalized-shader-track-torus-family,"T(3,3) analytic construction",,"{""R"":3.2,""a"":1.05,""b"":1.15,""p"":3,""q"":3}"
PKLSA_64c3ae3a9b5ba5,torus_3.3,3_3,torus_link,15,27,3,512,analytic-generalized-shader-track-torus-family,"T(3,3) analytic construction",,"{""R"":3.2,""a"":1.05,""b"":1.4,""p"":3,""q"":3}"
PKLSA_a6acdf81cc43e2,torus_3.3,3_3,torus_link,15,28,3,512,analytic-generalized-shader-track-torus-family,"T(3,3) analytic construction",,"{""R"":3.2,""a"":1.25,""b"":0.65,""p"":3,""q"":3}"
PKLSA_ae117755873d0e,torus_3.3,3_3,torus_link,15,29,3,512,analytic-generalized-shader-track-torus-family,"T(3,3) analytic construction",,"{""R"":3.2,""a"":1.25,""b"":0.9,""p"":3,""q"":3}"
PKLSA_ca02cb76103698,torus_3.3,3_3,torus_link,15,30,3,512,analytic-generalized-shader-track-torus-family,"T(3,3) analytic construction",,"{""R"":3.2,""a"":1.25,""b"":1.15,""p"":3,""q"":3}"
PKLSA_17ce5667dacc46,torus_3.3,3_3,torus_link,15,31,3,512,analytic-generalized-shader-track-torus-family,"T(3,3) analytic construction",,"{""R"":3.2,""a"":1.25,""b"":1.4,""p"":3,""q"":3}"
PKLSA_871ffd8aa3f6eb,torus_3.3,3_3,torus_link,15,32,3,512,analytic-generalized-shader-track-torus-family,"T(3,3) analytic construction",,"{""R"":3.6,""a"":0.65,""b"":0.65,""p"":3,""q"":3}"
PKLSA_4d65a11e810960,torus_3.3,3_3,torus_link,15,33,3,512,analytic-generalized-shader-track-torus-family,"T(3,3) analytic construction",,"{""R"":3.6,""a"":0.65,""b"":0.9,""p"":3,""q"":3}"
PKLSA_1f2a8be056a5a3,torus_3.3,3_3,torus_link,15,34,3,512,analytic-generalized-shader-track-torus-family,"T(3,3) analytic construction",,"{""R"":3.6,""a"":0.65,""b"":1.15,""p"":3,""q"":3}"
PKLSA_fe9b2485c42029,torus_3.3,3_3,torus_link,15,35,3,512,analytic-generalized-shader-track-torus-family,"T(3,3) analytic construction",,"{""R"":3.6,""a"":0.65,""b"":1.4,""p"":3,""q"":3}"
PKLSA_32021251afd236,torus_3.3,3_3,torus_link,15,36,3,512,analytic-generalized-shader-track-torus-family,"T(3,3) analytic construction",,"{""R"":3.6,""a"":0.85,""b"":0.65,""p"":3,""q"":3}"
PKLSA_050033f6663e65,torus_3.3,3_3,torus_link,15,37,3,512,analytic-generalized-shader-track-torus-family,"T(3,3) analytic construction",,"{""R"":3.6,""a"":0.85,""b"":0.9,""p"":3,""q"":3}"
PKLSA_e8346928ba0257,torus_3.3,3_3,torus_link,15,38,3,512,analytic-generalized-shader-track-torus-family,"T(3,3) analytic construction",,"{""R"":3.6,""a"":0.85,""b"":1.15,""p"":3,""q"":3}"
PKLSA_215d6f8364f21f,torus_3.3,3_3,torus_link,15,39,3,512,analytic-generalized-shader-track-torus-family,"T(3,3) analytic construction",,"{""R"":3.6,""a"":0.85,""b"":1.4,""p"":3,""q"":3}"
PKLSA_0c93dd753c9597,torus_3.3,3_3,torus_link,15,40,3,512,analytic-generalized-shader-track-torus-family,"T(3,3) analytic construction",,"{""R"":3.6,""a"":1.05,""b"":0.65,""p"":3,""q"":3}"
PKLSA_9ecc0a825bc6f0,torus_3.3,3_3,torus_link,15,41,3,512,analytic-generalized-shader-track-torus-family,"T(3,3) analytic construction",,"{""R"":3.6,""a"":1.05,""b"":0.9,""p"":3,""q"":3}"
PKLSA_5d480a7fe51fe5,torus_3.3,3_3,torus_link,15,42,3,512,analytic-generalized-shader-track-torus-family,"T(3,3) analytic construction",,"{""R"":3.6,""a"":1.05,""b"":1.15,""p"":3,""q"":3}"
PKLSA_cc8e22f3dfb886,torus_3.3,3_3,torus_link,15,43,3,512,analytic-generalized-shader-track-torus-family,"T(3,3) analytic construction",,"{""R"":3.6,""a"":1.05,""b"":1.4,""p"":3,""q"":3}"
PKLSA_2540363fe3c5b5,torus_3.3,3_3,torus_link,15,44,3,512,analytic-generalized-shader-track-torus-family,"T(3,3) analytic construction",,"{""R"":3.6,""a"":1.25,""b"":0.65,""p"":3,""q"":3}"
PKLSA_b121781ed71a98,torus_3.3,3_3,torus_link,15,45,3,512,analytic-generalized-shader-track-torus-family,"T(3,3) analytic construction",,"{""R"":3.6,""a"":1.25,""b"":0.9,""p"":3,""q"":3}"
PKLSA_bd4ed0ddf621fb,torus_3.3,3_3,torus_link,15,46,3,512,analytic-generalized-shader-track-torus-family,"T(3,3) analytic construction",,"{""R"":3.6,""a"":1.25,""b"":1.15,""p"":3,""q"":3}"
PKLSA_5c0d03d602eed8,torus_3.3,3_3,torus_link,15,47,3,512,analytic-generalized-shader-track-torus-family,"T(3,3) analytic construction",,"{""R"":3.6,""a"":1.25,""b"":1.4,""p"":3,""q"":3}"
PKLSA_339e51ba2b34b1,torus_3.6,3_6,torus_link,16,0,3,512,analytic-generalized-shader-track-torus-family,"T(3,6) analytic construction",,"{""R"":2.8,""a"":0.65,""b"":0.65,""p"":3,""q"":6}"
PKLSA_a40321bdf92a25,torus_3.6,3_6,torus_link,16,1,3,512,analytic-generalized-shader-track-torus-family,"T(3,6) analytic construction",,"{""R"":2.8,""a"":0.65,""b"":0.9,""p"":3,""q"":6}"
PKLSA_393cf5174063b6,torus_3.6,3_6,torus_link,16,2,3,512,analytic-generalized-shader-track-torus-family,"T(3,6) analytic construction",,"{""R"":2.8,""a"":0.65,""b"":1.15,""p"":3,""q"":6}"
PKLSA_50a7af6b8166b5,torus_3.6,3_6,torus_link,16,3,3,512,analytic-generalized-shader-track-torus-family,"T(3,6) analytic construction",,"{""R"":2.8,""a"":0.65,""b"":1.4,""p"":3,""q"":6}"
PKLSA_d3f24d65ed622e,torus_3.6,3_6,torus_link,16,4,3,512,analytic-generalized-shader-track-torus-family,"T(3,6) analytic construction",,"{""R"":2.8,""a"":0.85,""b"":0.65,""p"":3,""q"":6}"
PKLSA_3fa53959c66a3b,torus_3.6,3_6,torus_link,16,5,3,512,analytic-generalized-shader-track-torus-family,"T(3,6) analytic construction",,"{""R"":2.8,""a"":0.85,""b"":0.9,""p"":3,""q"":6}"
PKLSA_3a1d09a390c889,torus_3.6,3_6,torus_link,16,6,3,512,analytic-generalized-shader-track-torus-family,"T(3,6) analytic construction",,"{""R"":2.8,""a"":0.85,""b"":1.15,""p"":3,""q"":6}"
PKLSA_df06b8b514c5bb,torus_3.6,3_6,torus_link,16,7,3,512,analytic-generalized-shader-track-torus-family,"T(3,6) analytic construction",,"{""R"":2.8,""a"":0.85,""b"":1.4,""p"":3,""q"":6}"
PKLSA_22d9204e2bc14b,torus_3.6,3_6,torus_link,16,8,3,512,analytic-generalized-shader-track-torus-family,"T(3,6) analytic construction",,"{""R"":2.8,""a"":1.05,""b"":0.65,""p"":3,""q"":6}"
PKLSA_730b654be8222d,torus_3.6,3_6,torus_link,16,9,3,512,analytic-generalized-shader-track-torus-family,"T(3,6) analytic construction",,"{""R"":2.8,""a"":1.05,""b"":0.9,""p"":3,""q"":6}"
PKLSA_faa502990f102c,torus_3.6,3_6,torus_link,16,10,3,512,analytic-generalized-shader-track-torus-family,"T(3,6) analytic construction",,"{""R"":2.8,""a"":1.05,""b"":1.15,""p"":3,""q"":6}"
PKLSA_deee5c7cbbbf07,torus_3.6,3_6,torus_link,16,11,3,512,analytic-generalized-shader-track-torus-family,"T(3,6) analytic construction",,"{""R"":2.8,""a"":1.05,""b"":1.4,""p"":3,""q"":6}"
PKLSA_9d62e339821875,torus_3.6,3_6,torus_link,16,12,3,512,analytic-generalized-shader-track-torus-family,"T(3,6) analytic construction",,"{""R"":2.8,""a"":1.25,""b"":0.65,""p"":3,""q"":6}"
PKLSA_f31a91dbe8cbe7,torus_3.6,3_6,torus_link,16,13,3,512,analytic-generalized-shader-track-torus-family,"T(3,6) analytic construction",,"{""R"":2.8,""a"":1.25,""b"":0.9,""p"":3,""q"":6}"
PKLSA_4fe26931dd8dca,torus_3.6,3_6,torus_link,16,14,3,512,analytic-generalized-shader-track-torus-family,"T(3,6) analytic construction",,"{""R"":2.8,""a"":1.25,""b"":1.15,""p"":3,""q"":6}"
PKLSA_db80b17749c558,torus_3.6,3_6,torus_link,16,15,3,512,analytic-generalized-shader-track-torus-family,"T(3,6) analytic construction",,"{""R"":2.8,""a"":1.25,""b"":1.4,""p"":3,""q"":6}"
PKLSA_d745a3460da34c,torus_3.6,3_6,torus_link,16,16,3,512,analytic-generalized-shader-track-torus-family,"T(3,6) analytic construction",,"{""R"":3.2,""a"":0.65,""b"":0.65,""p"":3,""q"":6}"
PKLSA_f532a274e60a59,torus_3.6,3_6,torus_link,16,17,3,512,analytic-generalized-shader-track-torus-family,"T(3,6) analytic construction",,"{""R"":3.2,""a"":0.65,""b"":0.9,""p"":3,""q"":6}"
PKLSA_4142e2f2633ec6,torus_3.6,3_6,torus_link,16,18,3,512,analytic-generalized-shader-track-torus-family,"T(3,6) analytic construction",,"{""R"":3.2,""a"":0.65,""b"":1.15,""p"":3,""q"":6}"
PKLSA_3124030e55acb7,torus_3.6,3_6,torus_link,16,19,3,512,analytic-generalized-shader-track-torus-family,"T(3,6) analytic construction",,"{""R"":3.2,""a"":0.65,""b"":1.4,""p"":3,""q"":6}"
PKLSA_aadce28a188cbd,torus_3.6,3_6,torus_link,16,20,3,512,analytic-generalized-shader-track-torus-family,"T(3,6) analytic construction",,"{""R"":3.2,""a"":0.85,""b"":0.65,""p"":3,""q"":6}"
PKLSA_8fa906a1ad8e94,torus_3.6,3_6,torus_link,16,21,3,512,analytic-generalized-shader-track-torus-family,"T(3,6) analytic construction",,"{""R"":3.2,""a"":0.85,""b"":0.9,""p"":3,""q"":6}"
PKLSA_5c790d516b6d95,torus_3.6,3_6,torus_link,16,22,3,512,analytic-generalized-shader-track-torus-family,"T(3,6) analytic construction",,"{""R"":3.2,""a"":0.85,""b"":1.15,""p"":3,""q"":6}"
PKLSA_46c061bfacc196,torus_3.6,3_6,torus_link,16,23,3,512,analytic-generalized-shader-track-torus-family,"T(3,6) analytic construction",,"{""R"":3.2,""a"":0.85,""b"":1.4,""p"":3,""q"":6}"
PKLSA_e3ce593c53d874,torus_3.6,3_6,torus_link,16,24,3,512,analytic-generalized-shader-track-torus-family,"T(3,6) analytic construction",,"{""R"":3.2,""a"":1.05,""b"":0.65,""p"":3,""q"":6}"
PKLSA_f257ee91a596d0,torus_3.6,3_6,torus_link,16,25,3,512,analytic-generalized-shader-track-torus-family,"T(3,6) analytic construction",,"{""R"":3.2,""a"":1.05,""b"":0.9,""p"":3,""q"":6}"
PKLSA_bda3a64cb5c02c,torus_3.6,3_6,torus_link,16,26,3,512,analytic-generalized-shader-track-torus-family,"T(3,6) analytic construction",,"{""R"":3.2,""a"":1.05,""b"":1.15,""p"":3,""q"":6}"
PKLSA_40caf6bd4afe3c,torus_3.6,3_6,torus_link,16,27,3,512,analytic-generalized-shader-track-torus-family,"T(3,6) analytic construction",,"{""R"":3.2,""a"":1.05,""b"":1.4,""p"":3,""q"":6}"
PKLSA_37366f7cdb6b93,torus_3.6,3_6,torus_link,16,28,3,512,analytic-generalized-shader-track-torus-family,"T(3,6) analytic construction",,"{""R"":3.2,""a"":1.25,""b"":0.65,""p"":3,""q"":6}"
PKLSA_6c74e1b3a0a81d,torus_3.6,3_6,torus_link,16,29,3,512,analytic-generalized-shader-track-torus-family,"T(3,6) analytic construction",,"{""R"":3.2,""a"":1.25,""b"":0.9,""p"":3,""q"":6}"
PKLSA_3a2f0ebc9ed77c,torus_3.6,3_6,torus_link,16,30,3,512,analytic-generalized-shader-track-torus-family,"T(3,6) analytic construction",,"{""R"":3.2,""a"":1.25,""b"":1.15,""p"":3,""q"":6}"
PKLSA_d825b1d2403126,torus_3.6,3_6,torus_link,16,31,3,512,analytic-generalized-shader-track-torus-family,"T(3,6) analytic construction",,"{""R"":3.2,""a"":1.25,""b"":1.4,""p"":3,""q"":6}"
PKLSA_4c0323527351bc,torus_3.6,3_6,torus_link,16,32,3,512,analytic-generalized-shader-track-torus-family,"T(3,6) analytic construction",,"{""R"":3.6,""a"":0.65,""b"":0.65,""p"":3,""q"":6}"
PKLSA_bf57b880f37f93,torus_3.6,3_6,torus_link,16,33,3,512,analytic-generalized-shader-track-torus-family,"T(3,6) analytic construction",,"{""R"":3.6,""a"":0.65,""b"":0.9,""p"":3,""q"":6}"
PKLSA_293ec78e15bbea,torus_3.6,3_6,torus_link,16,34,3,512,analytic-generalized-shader-track-torus-family,"T(3,6) analytic construction",,"{""R"":3.6,""a"":0.65,""b"":1.15,""p"":3,""q"":6}"
PKLSA_4498cb3d7b6f14,torus_3.6,3_6,torus_link,16,35,3,512,analytic-generalized-shader-track-torus-family,"T(3,6) analytic construction",,"{""R"":3.6,""a"":0.65,""b"":1.4,""p"":3,""q"":6}"
PKLSA_7b093ef7b8d496,torus_3.6,3_6,torus_link,16,36,3,512,analytic-generalized-shader-track-torus-family,"T(3,6) analytic construction",,"{""R"":3.6,""a"":0.85,""b"":0.65,""p"":3,""q"":6}"
PKLSA_9039ad24fd8d62,torus_3.6,3_6,torus_link,16,37,3,512,analytic-generalized-shader-track-torus-family,"T(3,6) analytic construction",,"{""R"":3.6,""a"":0.85,""b"":0.9,""p"":3,""q"":6}"
PKLSA_cd93d24f119159,torus_3.6,3_6,torus_link,16,38,3,512,analytic-generalized-shader-track-torus-family,"T(3,6) analytic construction",,"{""R"":3.6,""a"":0.85,""b"":1.15,""p"":3,""q"":6}"
PKLSA_b21ec5bc34da05,torus_3.6,3_6,torus_link,16,39,3,512,analytic-generalized-shader-track-torus-family,"T(3,6) analytic construction",,"{""R"":3.6,""a"":0.85,""b"":1.4,""p"":3,""q"":6}"
PKLSA_84e935cc6ccee4,torus_3.6,3_6,torus_link,16,40,3,512,analytic-generalized-shader-track-torus-family,"T(3,6) analytic construction",,"{""R"":3.6,""a"":1.05,""b"":0.65,""p"":3,""q"":6}"
PKLSA_4666cb4ad8d9c0,torus_3.6,3_6,torus_link,16,41,3,512,analytic-generalized-shader-track-torus-family,"T(3,6) analytic construction",,"{""R"":3.6,""a"":1.05,""b"":0.9,""p"":3,""q"":6}"
PKLSA_4bdd3e6b10a02e,torus_3.6,3_6,torus_link,16,42,3,512,analytic-generalized-shader-track-torus-family,"T(3,6) analytic construction",,"{""R"":3.6,""a"":1.05,""b"":1.15,""p"":3,""q"":6}"
PKLSA_3c80ebf9963c2d,torus_3.6,3_6,torus_link,16,43,3,512,analytic-generalized-shader-track-torus-family,"T(3,6) analytic construction",,"{""R"":3.6,""a"":1.05,""b"":1.4,""p"":3,""q"":6}"
PKLSA_e9323a6fc12cd5,torus_3.6,3_6,torus_link,16,44,3,512,analytic-generalized-shader-track-torus-family,"T(3,6) analytic construction",,"{""R"":3.6,""a"":1.25,""b"":0.65,""p"":3,""q"":6}"
PKLSA_e837f0d69bacb6,torus_3.6,3_6,torus_link,16,45,3,512,analytic-generalized-shader-track-torus-family,"T(3,6) analytic construction",,"{""R"":3.6,""a"":1.25,""b"":0.9,""p"":3,""q"":6}"
PKLSA_125f9c1ce8f19d,torus_3.6,3_6,torus_link,16,46,3,512,analytic-generalized-shader-track-torus-family,"T(3,6) analytic construction",,"{""R"":3.6,""a"":1.25,""b"":1.15,""p"":3,""q"":6}"
PKLSA_8a70d11856294d,torus_3.6,3_6,torus_link,16,47,3,512,analytic-generalized-shader-track-torus-family,"T(3,6) analytic construction",,"{""R"":3.6,""a"":1.25,""b"":1.4,""p"":3,""q"":6}"
PKLSA_51ebfdcb5ddad1,torus_3.9,3_9,torus_link,17,0,3,512,analytic-generalized-shader-track-torus-family,"T(3,9) analytic construction",,"{""R"":2.8,""a"":0.65,""b"":0.65,""p"":3,""q"":9}"
PKLSA_8cbe02d6f06e31,torus_3.9,3_9,torus_link,17,1,3,512,analytic-generalized-shader-track-torus-family,"T(3,9) analytic construction",,"{""R"":2.8,""a"":0.65,""b"":0.9,""p"":3,""q"":9}"
PKLSA_02fe6f932d7b6a,torus_3.9,3_9,torus_link,17,2,3,512,analytic-generalized-shader-track-torus-family,"T(3,9) analytic construction",,"{""R"":2.8,""a"":0.65,""b"":1.15,""p"":3,""q"":9}"
PKLSA_972e07ed74fff1,torus_3.9,3_9,torus_link,17,3,3,512,analytic-generalized-shader-track-torus-family,"T(3,9) analytic construction",,"{""R"":2.8,""a"":0.65,""b"":1.4,""p"":3,""q"":9}"
PKLSA_72782adb094c89,torus_3.9,3_9,torus_link,17,4,3,512,analytic-generalized-shader-track-torus-family,"T(3,9) analytic construction",,"{""R"":2.8,""a"":0.85,""b"":0.65,""p"":3,""q"":9}"
PKLSA_3ac28592504570,torus_3.9,3_9,torus_link,17,5,3,512,analytic-generalized-shader-track-torus-family,"T(3,9) analytic construction",,"{""R"":2.8,""a"":0.85,""b"":0.9,""p"":3,""q"":9}"
PKLSA_28aff56dfcf168,torus_3.9,3_9,torus_link,17,6,3,512,analytic-generalized-shader-track-torus-family,"T(3,9) analytic construction",,"{""R"":2.8,""a"":0.85,""b"":1.15,""p"":3,""q"":9}"
PKLSA_f922a8928d36b1,torus_3.9,3_9,torus_link,17,7,3,512,analytic-generalized-shader-track-torus-family,"T(3,9) analytic construction",,"{""R"":2.8,""a"":0.85,""b"":1.4,""p"":3,""q"":9}"
PKLSA_84c5007b45d267,torus_3.9,3_9,torus_link,17,8,3,512,analytic-generalized-shader-track-torus-family,"T(3,9) analytic construction",,"{""R"":2.8,""a"":1.05,""b"":0.65,""p"":3,""q"":9}"
PKLSA_d4aa2adf6bd08d,torus_3.9,3_9,torus_link,17,9,3,512,analytic-generalized-shader-track-torus-family,"T(3,9) analytic construction",,"{""R"":2.8,""a"":1.05,""b"":0.9,""p"":3,""q"":9}"
PKLSA_125a84e232e5c6,torus_3.9,3_9,torus_link,17,10,3,512,analytic-generalized-shader-track-torus-family,"T(3,9) analytic construction",,"{""R"":2.8,""a"":1.05,""b"":1.15,""p"":3,""q"":9}"
PKLSA_57048823c745a0,torus_3.9,3_9,torus_link,17,11,3,512,analytic-generalized-shader-track-torus-family,"T(3,9) analytic construction",,"{""R"":2.8,""a"":1.05,""b"":1.4,""p"":3,""q"":9}"
PKLSA_5d5c9282c0f748,torus_3.9,3_9,torus_link,17,12,3,512,analytic-generalized-shader-track-torus-family,"T(3,9) analytic construction",,"{""R"":2.8,""a"":1.25,""b"":0.65,""p"":3,""q"":9}"
PKLSA_730534d6d7ceab,torus_3.9,3_9,torus_link,17,13,3,512,analytic-generalized-shader-track-torus-family,"T(3,9) analytic construction",,"{""R"":2.8,""a"":1.25,""b"":0.9,""p"":3,""q"":9}"
PKLSA_4a916abab22ed4,torus_3.9,3_9,torus_link,17,14,3,512,analytic-generalized-shader-track-torus-family,"T(3,9) analytic construction",,"{""R"":2.8,""a"":1.25,""b"":1.15,""p"":3,""q"":9}"
PKLSA_925fcd7b5f6f93,torus_3.9,3_9,torus_link,17,15,3,512,analytic-generalized-shader-track-torus-family,"T(3,9) analytic construction",,"{""R"":2.8,""a"":1.25,""b"":1.4,""p"":3,""q"":9}"
PKLSA_13568594d57311,torus_3.9,3_9,torus_link,17,16,3,512,analytic-generalized-shader-track-torus-family,"T(3,9) analytic construction",,"{""R"":3.2,""a"":0.65,""b"":0.65,""p"":3,""q"":9}"
PKLSA_04aed987491933,torus_3.9,3_9,torus_link,17,17,3,512,analytic-generalized-shader-track-torus-family,"T(3,9) analytic construction",,"{""R"":3.2,""a"":0.65,""b"":0.9,""p"":3,""q"":9}"
PKLSA_0bd89acf8b3d3e,torus_3.9,3_9,torus_link,17,18,3,512,analytic-generalized-shader-track-torus-family,"T(3,9) analytic construction",,"{""R"":3.2,""a"":0.65,""b"":1.15,""p"":3,""q"":9}"
PKLSA_2c16d5e0f6255d,torus_3.9,3_9,torus_link,17,19,3,512,analytic-generalized-shader-track-torus-family,"T(3,9) analytic construction",,"{""R"":3.2,""a"":0.65,""b"":1.4,""p"":3,""q"":9}"
PKLSA_f26df1b023b885,torus_3.9,3_9,torus_link,17,20,3,512,analytic-generalized-shader-track-torus-family,"T(3,9) analytic construction",,"{""R"":3.2,""a"":0.85,""b"":0.65,""p"":3,""q"":9}"
PKLSA_246d2ccb03b554,torus_3.9,3_9,torus_link,17,21,3,512,analytic-generalized-shader-track-torus-family,"T(3,9) analytic construction",,"{""R"":3.2,""a"":0.85,""b"":0.9,""p"":3,""q"":9}"
PKLSA_868e38caeed046,torus_3.9,3_9,torus_link,17,22,3,512,analytic-generalized-shader-track-torus-family,"T(3,9) analytic construction",,"{""R"":3.2,""a"":0.85,""b"":1.15,""p"":3,""q"":9}"
PKLSA_626de1e2bc7a94,torus_3.9,3_9,torus_link,17,23,3,512,analytic-generalized-shader-track-torus-family,"T(3,9) analytic construction",,"{""R"":3.2,""a"":0.85,""b"":1.4,""p"":3,""q"":9}"
PKLSA_c589bff4a83ddb,torus_3.9,3_9,torus_link,17,24,3,512,analytic-generalized-shader-track-torus-family,"T(3,9) analytic construction",,"{""R"":3.2,""a"":1.05,""b"":0.65,""p"":3,""q"":9}"
PKLSA_4b1bf44edbb476,torus_3.9,3_9,torus_link,17,25,3,512,analytic-generalized-shader-track-torus-family,"T(3,9) analytic construction",,"{""R"":3.2,""a"":1.05,""b"":0.9,""p"":3,""q"":9}"
PKLSA_b8afee59653be0,torus_3.9,3_9,torus_link,17,26,3,512,analytic-generalized-shader-track-torus-family,"T(3,9) analytic construction",,"{""R"":3.2,""a"":1.05,""b"":1.15,""p"":3,""q"":9}"
PKLSA_ce42e99e40e514,torus_3.9,3_9,torus_link,17,27,3,512,analytic-generalized-shader-track-torus-family,"T(3,9) analytic construction",,"{""R"":3.2,""a"":1.05,""b"":1.4,""p"":3,""q"":9}"
PKLSA_8b0703f446e52c,torus_3.9,3_9,torus_link,17,28,3,512,analytic-generalized-shader-track-torus-family,"T(3,9) analytic construction",,"{""R"":3.2,""a"":1.25,""b"":0.65,""p"":3,""q"":9}"
PKLSA_3f3f9db355e121,torus_3.9,3_9,torus_link,17,29,3,512,analytic-generalized-shader-track-torus-family,"T(3,9) analytic construction",,"{""R"":3.2,""a"":1.25,""b"":0.9,""p"":3,""q"":9}"
PKLSA_56f4d61463ad25,torus_3.9,3_9,torus_link,17,30,3,512,analytic-generalized-shader-track-torus-family,"T(3,9) analytic construction",,"{""R"":3.2,""a"":1.25,""b"":1.15,""p"":3,""q"":9}"
PKLSA_98cabc90cc723d,torus_3.9,3_9,torus_link,17,31,3,512,analytic-generalized-shader-track-torus-family,"T(3,9) analytic construction",,"{""R"":3.2,""a"":1.25,""b"":1.4,""p"":3,""q"":9}"
PKLSA_48415934a83142,torus_3.9,3_9,torus_link,17,32,3,512,analytic-generalized-shader-track-torus-family,"T(3,9) analytic construction",,"{""R"":3.6,""a"":0.65,""b"":0.65,""p"":3,""q"":9}"
PKLSA_df96d6b2d3ec98,torus_3.9,3_9,torus_link,17,33,3,512,analytic-generalized-shader-track-torus-family,"T(3,9) analytic construction",,"{""R"":3.6,""a"":0.65,""b"":0.9,""p"":3,""q"":9}"
PKLSA_a83090c61fb4a0,torus_3.9,3_9,torus_link,17,34,3,512,analytic-generalized-shader-track-torus-family,"T(3,9) analytic construction",,"{""R"":3.6,""a"":0.65,""b"":1.15,""p"":3,""q"":9}"
PKLSA_66b11a0eb66339,torus_3.9,3_9,torus_link,17,35,3,512,analytic-generalized-shader-track-torus-family,"T(3,9) analytic construction",,"{""R"":3.6,""a"":0.65,""b"":1.4,""p"":3,""q"":9}"
PKLSA_0e830c10fcface,torus_3.9,3_9,torus_link,17,36,3,512,analytic-generalized-shader-track-torus-family,"T(3,9) analytic construction",,"{""R"":3.6,""a"":0.85,""b"":0.65,""p"":3,""q"":9}"
PKLSA_ffce2e38867832,torus_3.9,3_9,torus_link,17,37,3,512,analytic-generalized-shader-track-torus-family,"T(3,9) analytic construction",,"{""R"":3.6,""a"":0.85,""b"":0.9,""p"":3,""q"":9}"
PKLSA_90c2881470827b,torus_3.9,3_9,torus_link,17,38,3,512,analytic-generalized-shader-track-torus-family,"T(3,9) analytic construction",,"{""R"":3.6,""a"":0.85,""b"":1.15,""p"":3,""q"":9}"
PKLSA_24573fe3880f67,torus_3.9,3_9,torus_link,17,39,3,512,analytic-generalized-shader-track-torus-family,"T(3,9) analytic construction",,"{""R"":3.6,""a"":0.85,""b"":1.4,""p"":3,""q"":9}"
PKLSA_5619166b6f82f9,torus_3.9,3_9,torus_link,17,40,3,512,analytic-generalized-shader-track-torus-family,"T(3,9) analytic construction",,"{""R"":3.6,""a"":1.05,""b"":0.65,""p"":3,""q"":9}"
PKLSA_e716ab58240760,torus_3.9,3_9,torus_link,17,41,3,512,analytic-generalized-shader-track-torus-family,"T(3,9) analytic construction",,"{""R"":3.6,""a"":1.05,""b"":0.9,""p"":3,""q"":9}"
PKLSA_34fc319c893d45,torus_3.9,3_9,torus_link,17,42,3,512,analytic-generalized-shader-track-torus-family,"T(3,9) analytic construction",,"{""R"":3.6,""a"":1.05,""b"":1.15,""p"":3,""q"":9}"
PKLSA_fa9bfbfdf29dd0,torus_3.9,3_9,torus_link,17,43,3,512,analytic-generalized-shader-track-torus-family,"T(3,9) analytic construction",,"{""R"":3.6,""a"":1.05,""b"":1.4,""p"":3,""q"":9}"
PKLSA_08c3e52cfb0bb0,torus_3.9,3_9,torus_link,17,44,3,512,analytic-generalized-shader-track-torus-family,"T(3,9) analytic construction",,"{""R"":3.6,""a"":1.25,""b"":0.65,""p"":3,""q"":9}"
PKLSA_813ebb55f9c280,torus_3.9,3_9,torus_link,17,45,3,512,analytic-generalized-shader-track-torus-family,"T(3,9) analytic construction",,"{""R"":3.6,""a"":1.25,""b"":0.9,""p"":3,""q"":9}"
PKLSA_280296ede5dedc,torus_3.9,3_9,torus_link,17,46,3,512,analytic-generalized-shader-track-torus-family,"T(3,9) analytic construction",,"{""R"":3.6,""a"":1.25,""b"":1.15,""p"":3,""q"":9}"
PKLSA_a46ca6bc240217,torus_3.9,3_9,torus_link,17,47,3,512,analytic-generalized-shader-track-torus-family,"T(3,9) analytic construction",,"{""R"":3.6,""a"":1.25,""b"":1.4,""p"":3,""q"":9}"
PKLSA_407407e904bc6d,knot_4.1,4_1,knot,18,0,1,512,Knot-Atlas-Gilbert-Fourier-base-plus-SIAF-global-diffeomorphism,4:1:1,,"{""aspect"":0.88,""bulge_shear"":-0.24,""weave_shear"":-0.2}"
PKLSA_25192323dea313,knot_4.1,4_1,knot,18,1,1,512,Knot-Atlas-Gilbert-Fourier-base-plus-SIAF-global-diffeomorphism,4:1:1,,"{""aspect"":0.88,""bulge_shear"":-0.24,""weave_shear"":-0.06}"
PKLSA_c23523ff920741,knot_4.1,4_1,knot,18,2,1,512,Knot-Atlas-Gilbert-Fourier-base-plus-SIAF-global-diffeomorphism,4:1:1,,"{""aspect"":0.88,""bulge_shear"":-0.24,""weave_shear"":0.06}"
PKLSA_e429ee0157bba1,knot_4.1,4_1,knot,18,3,1,512,Knot-Atlas-Gilbert-Fourier-base-plus-SIAF-global-diffeomorphism,4:1:1,,"{""aspect"":0.88,""bulge_shear"":-0.24,""weave_shear"":0.2}"
PKLSA_25e97d128a3406,knot_4.1,4_1,knot,18,4,1,512,Knot-Atlas-Gilbert-Fourier-base-plus-SIAF-global-diffeomorphism,4:1:1,,"{""aspect"":0.88,""bulge_shear"":-0.08,""weave_shear"":-0.2}"
PKLSA_3bde1653c60da1,knot_4.1,4_1,knot,18,5,1,512,Knot-Atlas-Gilbert-Fourier-base-plus-SIAF-global-diffeomorphism,4:1:1,,"{""aspect"":0.88,""bulge_shear"":-0.08,""weave_shear"":-0.06}"
PKLSA_d6cd3973895a17,knot_4.1,4_1,knot,18,6,1,512,Knot-Atlas-Gilbert-Fourier-base-plus-SIAF-global-diffeomorphism,4:1:1,,"{""aspect"":0.88,""bulge_shear"":-0.08,""weave_shear"":0.06}"
PKLSA_7863f93eb9b468,knot_4.1,4_1,knot,18,7,1,512,Knot-Atlas-Gilbert-Fourier-base-plus-SIAF-global-diffeomorphism,4:1:1,,"{""aspect"":0.88,""bulge_shear"":-0.08,""weave_shear"":0.2}"
PKLSA_7e98ea96c6d633,knot_4.1,4_1,knot,18,8,1,512,Knot-Atlas-Gilbert-Fourier-base-plus-SIAF-global-diffeomorphism,4:1:1,,"{""aspect"":0.88,""bulge_shear"":0.08,""weave_shear"":-0.2}"
PKLSA_3d7099de61ddb5,knot_4.1,4_1,knot,18,9,1,512,Knot-Atlas-Gilbert-Fourier-base-plus-SIAF-global-diffeomorphism,4:1:1,,"{""aspect"":0.88,""bulge_shear"":0.08,""weave_shear"":-0.06}"
PKLSA_e58931fc7afb80,knot_4.1,4_1,knot,18,10,1,512,Knot-Atlas-Gilbert-Fourier-base-plus-SIAF-global-diffeomorphism,4:1:1,,"{""aspect"":0.88,""bulge_shear"":0.08,""weave_shear"":0.06}"
PKLSA_ab828e6225de15,knot_4.1,4_1,knot,18,11,1,512,Knot-Atlas-Gilbert-Fourier-base-plus-SIAF-global-diffeomorphism,4:1:1,,"{""aspect"":0.88,""bulge_shear"":0.08,""weave_shear"":0.2}"
PKLSA_c6a6ae7999bc95,knot_4.1,4_1,knot,18,12,1,512,Knot-Atlas-Gilbert-Fourier-base-plus-SIAF-global-diffeomorphism,4:1:1,,"{""aspect"":0.88,""bulge_shear"":0.24,""weave_shear"":-0.2}"
PKLSA_91d1aa98cebf9b,knot_4.1,4_1,knot,18,13,1,512,Knot-Atlas-Gilbert-Fourier-base-plus-SIAF-global-diffeomorphism,4:1:1,,"{""aspect"":0.88,""bulge_shear"":0.24,""weave_shear"":-0.06}"
PKLSA_d5c6b565aefe7c,knot_4.1,4_1,knot,18,14,1,512,Knot-Atlas-Gilbert-Fourier-base-plus-SIAF-global-diffeomorphism,4:1:1,,"{""aspect"":0.88,""bulge_shear"":0.24,""weave_shear"":0.06}"
PKLSA_7b12acb066533a,knot_4.1,4_1,knot,18,15,1,512,Knot-Atlas-Gilbert-Fourier-base-plus-SIAF-global-diffeomorphism,4:1:1,,"{""aspect"":0.88,""bulge_shear"":0.24,""weave_shear"":0.2}"
PKLSA_979dae4172dd4e,knot_4.1,4_1,knot,18,16,1,512,Knot-Atlas-Gilbert-Fourier-base-plus-SIAF-global-diffeomorphism,4:1:1,,"{""aspect"":1.0,""bulge_shear"":-0.24,""weave_shear"":-0.2}"
PKLSA_876ab5fb0b628c,knot_4.1,4_1,knot,18,17,1,512,Knot-Atlas-Gilbert-Fourier-base-plus-SIAF-global-diffeomorphism,4:1:1,,"{""aspect"":1.0,""bulge_shear"":-0.24,""weave_shear"":-0.06}"
PKLSA_bf92f852908f06,knot_4.1,4_1,knot,18,18,1,512,Knot-Atlas-Gilbert-Fourier-base-plus-SIAF-global-diffeomorphism,4:1:1,,"{""aspect"":1.0,""bulge_shear"":-0.24,""weave_shear"":0.06}"
PKLSA_0d8cea2a0fdc0f,knot_4.1,4_1,knot,18,19,1,512,Knot-Atlas-Gilbert-Fourier-base-plus-SIAF-global-diffeomorphism,4:1:1,,"{""aspect"":1.0,""bulge_shear"":-0.24,""weave_shear"":0.2}"
PKLSA_cc173d5bb2cf35,knot_4.1,4_1,knot,18,20,1,512,Knot-Atlas-Gilbert-Fourier-base-plus-SIAF-global-diffeomorphism,4:1:1,,"{""aspect"":1.0,""bulge_shear"":-0.08,""weave_shear"":-0.2}"
PKLSA_fc74964935c6c1,knot_4.1,4_1,knot,18,21,1,512,Knot-Atlas-Gilbert-Fourier-base-plus-SIAF-global-diffeomorphism,4:1:1,,"{""aspect"":1.0,""bulge_shear"":-0.08,""weave_shear"":-0.06}"
PKLSA_709a859a172485,knot_4.1,4_1,knot,18,22,1,512,Knot-Atlas-Gilbert-Fourier-base-plus-SIAF-global-diffeomorphism,4:1:1,,"{""aspect"":1.0,""bulge_shear"":-0.08,""weave_shear"":0.06}"
PKLSA_f41a4e15932830,knot_4.1,4_1,knot,18,23,1,512,Knot-Atlas-Gilbert-Fourier-base-plus-SIAF-global-diffeomorphism,4:1:1,,"{""aspect"":1.0,""bulge_shear"":-0.08,""weave_shear"":0.2}"
PKLSA_98b88adcbf2267,knot_4.1,4_1,knot,18,24,1,512,Knot-Atlas-Gilbert-Fourier-base-plus-SIAF-global-diffeomorphism,4:1:1,,"{""aspect"":1.0,""bulge_shear"":0.08,""weave_shear"":-0.2}"
PKLSA_ccdfa27b78a62d,knot_4.1,4_1,knot,18,25,1,512,Knot-Atlas-Gilbert-Fourier-base-plus-SIAF-global-diffeomorphism,4:1:1,,"{""aspect"":1.0,""bulge_shear"":0.08,""weave_shear"":-0.06}"
PKLSA_4ecf463f714f71,knot_4.1,4_1,knot,18,26,1,512,Knot-Atlas-Gilbert-Fourier-base-plus-SIAF-global-diffeomorphism,4:1:1,,"{""aspect"":1.0,""bulge_shear"":0.08,""weave_shear"":0.06}"
PKLSA_0a50997b8e8742,knot_4.1,4_1,knot,18,27,1,512,Knot-Atlas-Gilbert-Fourier-base-plus-SIAF-global-diffeomorphism,4:1:1,,"{""aspect"":1.0,""bulge_shear"":0.08,""weave_shear"":0.2}"
PKLSA_c8e2af376d0c8c,knot_4.1,4_1,knot,18,28,1,512,Knot-Atlas-Gilbert-Fourier-base-plus-SIAF-global-diffeomorphism,4:1:1,,"{""aspect"":1.0,""bulge_shear"":0.24,""weave_shear"":-0.2}"
PKLSA_8da024b3f2049a,knot_4.1,4_1,knot,18,29,1,512,Knot-Atlas-Gilbert-Fourier-base-plus-SIAF-global-diffeomorphism,4:1:1,,"{""aspect"":1.0,""bulge_shear"":0.24,""weave_shear"":-0.06}"
PKLSA_93e362b595a15a,knot_4.1,4_1,knot,18,30,1,512,Knot-Atlas-Gilbert-Fourier-base-plus-SIAF-global-diffeomorphism,4:1:1,,"{""aspect"":1.0,""bulge_shear"":0.24,""weave_shear"":0.06}"
PKLSA_3ecdd70982be36,knot_4.1,4_1,knot,18,31,1,512,Knot-Atlas-Gilbert-Fourier-base-plus-SIAF-global-diffeomorphism,4:1:1,,"{""aspect"":1.0,""bulge_shear"":0.24,""weave_shear"":0.2}"
PKLSA_85e742853ad940,knot_4.1,4_1,knot,18,32,1,512,Knot-Atlas-Gilbert-Fourier-base-plus-SIAF-global-diffeomorphism,4:1:1,,"{""aspect"":1.12,""bulge_shear"":-0.24,""weave_shear"":-0.2}"
PKLSA_0b1ee3e344d13a,knot_4.1,4_1,knot,18,33,1,512,Knot-Atlas-Gilbert-Fourier-base-plus-SIAF-global-diffeomorphism,4:1:1,,"{""aspect"":1.12,""bulge_shear"":-0.24,""weave_shear"":-0.06}"
PKLSA_84007e6366f9a8,knot_4.1,4_1,knot,18,34,1,512,Knot-Atlas-Gilbert-Fourier-base-plus-SIAF-global-diffeomorphism,4:1:1,,"{""aspect"":1.12,""bulge_shear"":-0.24,""weave_shear"":0.06}"
PKLSA_eaf8d75cd9f1a1,knot_4.1,4_1,knot,18,35,1,512,Knot-Atlas-Gilbert-Fourier-base-plus-SIAF-global-diffeomorphism,4:1:1,,"{""aspect"":1.12,""bulge_shear"":-0.24,""weave_shear"":0.2}"
PKLSA_fed1988f85d9c7,knot_4.1,4_1,knot,18,36,1,512,Knot-Atlas-Gilbert-Fourier-base-plus-SIAF-global-diffeomorphism,4:1:1,,"{""aspect"":1.12,""bulge_shear"":-0.08,""weave_shear"":-0.2}"
PKLSA_37450d6e6a5ce0,knot_4.1,4_1,knot,18,37,1,512,Knot-Atlas-Gilbert-Fourier-base-plus-SIAF-global-diffeomorphism,4:1:1,,"{""aspect"":1.12,""bulge_shear"":-0.08,""weave_shear"":-0.06}"
PKLSA_198431315916a8,knot_4.1,4_1,knot,18,38,1,512,Knot-Atlas-Gilbert-Fourier-base-plus-SIAF-global-diffeomorphism,4:1:1,,"{""aspect"":1.12,""bulge_shear"":-0.08,""weave_shear"":0.06}"
PKLSA_df0e08723cf4a6,knot_4.1,4_1,knot,18,39,1,512,Knot-Atlas-Gilbert-Fourier-base-plus-SIAF-global-diffeomorphism,4:1:1,,"{""aspect"":1.12,""bulge_shear"":-0.08,""weave_shear"":0.2}"
PKLSA_0219c7c8961afa,knot_4.1,4_1,knot,18,40,1,512,Knot-Atlas-Gilbert-Fourier-base-plus-SIAF-global-diffeomorphism,4:1:1,,"{""aspect"":1.12,""bulge_shear"":0.08,""weave_shear"":-0.2}"
PKLSA_36ef6c74285a47,knot_4.1,4_1,knot,18,41,1,512,Knot-Atlas-Gilbert-Fourier-base-plus-SIAF-global-diffeomorphism,4:1:1,,"{""aspect"":1.12,""bulge_shear"":0.08,""weave_shear"":-0.06}"
PKLSA_54896863d42da9,knot_4.1,4_1,knot,18,42,1,512,Knot-Atlas-Gilbert-Fourier-base-plus-SIAF-global-diffeomorphism,4:1:1,,"{""aspect"":1.12,""bulge_shear"":0.08,""weave_shear"":0.06}"
PKLSA_bad4287e320590,knot_4.1,4_1,knot,18,43,1,512,Knot-Atlas-Gilbert-Fourier-base-plus-SIAF-global-diffeomorphism,4:1:1,,"{""aspect"":1.12,""bulge_shear"":0.08,""weave_shear"":0.2}"
PKLSA_9269341f0e8588,knot_4.1,4_1,knot,18,44,1,512,Knot-Atlas-Gilbert-Fourier-base-plus-SIAF-global-diffeomorphism,4:1:1,,"{""aspect"":1.12,""bulge_shear"":0.24,""weave_shear"":-0.2}"
PKLSA_a2803c80d3d4ab,knot_4.1,4_1,knot,18,45,1,512,Knot-Atlas-Gilbert-Fourier-base-plus-SIAF-global-diffeomorphism,4:1:1,,"{""aspect"":1.12,""bulge_shear"":0.24,""weave_shear"":-0.06}"
PKLSA_f06cb43e07c5a2,knot_4.1,4_1,knot,18,46,1,512,Knot-Atlas-Gilbert-Fourier-base-plus-SIAF-global-diffeomorphism,4:1:1,,"{""aspect"":1.12,""bulge_shear"":0.24,""weave_shear"":0.06}"
PKLSA_31fde6260f78f6,knot_4.1,4_1,knot,18,47,1,512,Knot-Atlas-Gilbert-Fourier-base-plus-SIAF-global-diffeomorphism,4:1:1,,"{""aspect"":1.12,""bulge_shear"":0.24,""weave_shear"":0.2}"
PKLSA_8622b1e675ba2b,link_4.2.1,4_2_1,link,19,0,2,512,Knot-Atlas-Gilbert-Fourier-base-plus-SIAF-global-diffeomorphism,L4a1,,"{""aspect"":0.88,""bulge_shear"":-0.24,""weave_shear"":-0.2}"
PKLSA_8cee0e2e8c4331,link_4.2.1,4_2_1,link,19,1,2,512,Knot-Atlas-Gilbert-Fourier-base-plus-SIAF-global-diffeomorphism,L4a1,,"{""aspect"":0.88,""bulge_shear"":-0.24,""weave_shear"":-0.06}"
PKLSA_214ae3d1bdca63,link_4.2.1,4_2_1,link,19,2,2,512,Knot-Atlas-Gilbert-Fourier-base-plus-SIAF-global-diffeomorphism,L4a1,,"{""aspect"":0.88,""bulge_shear"":-0.24,""weave_shear"":0.06}"
PKLSA_c714459cdd2f51,link_4.2.1,4_2_1,link,19,3,2,512,Knot-Atlas-Gilbert-Fourier-base-plus-SIAF-global-diffeomorphism,L4a1,,"{""aspect"":0.88,""bulge_shear"":-0.24,""weave_shear"":0.2}"
PKLSA_02284b20777a0e,link_4.2.1,4_2_1,link,19,4,2,512,Knot-Atlas-Gilbert-Fourier-base-plus-SIAF-global-diffeomorphism,L4a1,,"{""aspect"":0.88,""bulge_shear"":-0.08,""weave_shear"":-0.2}"
PKLSA_1acff6f63e8ca5,link_4.2.1,4_2_1,link,19,5,2,512,Knot-Atlas-Gilbert-Fourier-base-plus-SIAF-global-diffeomorphism,L4a1,,"{""aspect"":0.88,""bulge_shear"":-0.08,""weave_shear"":-0.06}"
PKLSA_d0cf0a248ddea7,link_4.2.1,4_2_1,link,19,6,2,512,Knot-Atlas-Gilbert-Fourier-base-plus-SIAF-global-diffeomorphism,L4a1,,"{""aspect"":0.88,""bulge_shear"":-0.08,""weave_shear"":0.06}"
PKLSA_02159f216d9045,link_4.2.1,4_2_1,link,19,7,2,512,Knot-Atlas-Gilbert-Fourier-base-plus-SIAF-global-diffeomorphism,L4a1,,"{""aspect"":0.88,""bulge_shear"":-0.08,""weave_shear"":0.2}"
PKLSA_df2ac0a711c51a,link_4.2.1,4_2_1,link,19,8,2,512,Knot-Atlas-Gilbert-Fourier-base-plus-SIAF-global-diffeomorphism,L4a1,,"{""aspect"":0.88,""bulge_shear"":0.08,""weave_shear"":-0.2}"
PKLSA_d8067d4f8094cb,link_4.2.1,4_2_1,link,19,9,2,512,Knot-Atlas-Gilbert-Fourier-base-plus-SIAF-global-diffeomorphism,L4a1,,"{""aspect"":0.88,""bulge_shear"":0.08,""weave_shear"":-0.06}"
PKLSA_d9f2486b97495f,link_4.2.1,4_2_1,link,19,10,2,512,Knot-Atlas-Gilbert-Fourier-base-plus-SIAF-global-diffeomorphism,L4a1,,"{""aspect"":0.88,""bulge_shear"":0.08,""weave_shear"":0.06}"
PKLSA_2e193bd3c80c57,link_4.2.1,4_2_1,link,19,11,2,512,Knot-Atlas-Gilbert-Fourier-base-plus-SIAF-global-diffeomorphism,L4a1,,"{""aspect"":0.88,""bulge_shear"":0.08,""weave_shear"":0.2}"
PKLSA_7e346f07297d1e,link_4.2.1,4_2_1,link,19,12,2,512,Knot-Atlas-Gilbert-Fourier-base-plus-SIAF-global-diffeomorphism,L4a1,,"{""aspect"":0.88,""bulge_shear"":0.24,""weave_shear"":-0.2}"
PKLSA_684950e9a621e3,link_4.2.1,4_2_1,link,19,13,2,512,Knot-Atlas-Gilbert-Fourier-base-plus-SIAF-global-diffeomorphism,L4a1,,"{""aspect"":0.88,""bulge_shear"":0.24,""weave_shear"":-0.06}"
PKLSA_a3fa6af0b79fea,link_4.2.1,4_2_1,link,19,14,2,512,Knot-Atlas-Gilbert-Fourier-base-plus-SIAF-global-diffeomorphism,L4a1,,"{""aspect"":0.88,""bulge_shear"":0.24,""weave_shear"":0.06}"
PKLSA_3b70ac0d350d5b,link_4.2.1,4_2_1,link,19,15,2,512,Knot-Atlas-Gilbert-Fourier-base-plus-SIAF-global-diffeomorphism,L4a1,,"{""aspect"":0.88,""bulge_shear"":0.24,""weave_shear"":0.2}"
PKLSA_f525da81ea4c70,link_4.2.1,4_2_1,link,19,16,2,512,Knot-Atlas-Gilbert-Fourier-base-plus-SIAF-global-diffeomorphism,L4a1,,"{""aspect"":1.0,""bulge_shear"":-0.24,""weave_shear"":-0.2}"
PKLSA_e38646b63344aa,link_4.2.1,4_2_1,link,19,17,2,512,Knot-Atlas-Gilbert-Fourier-base-plus-SIAF-global-diffeomorphism,L4a1,,"{""aspect"":1.0,""bulge_shear"":-0.24,""weave_shear"":-0.06}"
PKLSA_266c3f4e992157,link_4.2.1,4_2_1,link,19,18,2,512,Knot-Atlas-Gilbert-Fourier-base-plus-SIAF-global-diffeomorphism,L4a1,,"{""aspect"":1.0,""bulge_shear"":-0.24,""weave_shear"":0.06}"
PKLSA_18f67cc5590083,link_4.2.1,4_2_1,link,19,19,2,512,Knot-Atlas-Gilbert-Fourier-base-plus-SIAF-global-diffeomorphism,L4a1,,"{""aspect"":1.0,""bulge_shear"":-0.24,""weave_shear"":0.2}"
PKLSA_4555c2633e2678,link_4.2.1,4_2_1,link,19,20,2,512,Knot-Atlas-Gilbert-Fourier-base-plus-SIAF-global-diffeomorphism,L4a1,,"{""aspect"":1.0,""bulge_shear"":-0.08,""weave_shear"":-0.2}"
PKLSA_5553a2f18127fc,link_4.2.1,4_2_1,link,19,21,2,512,Knot-Atlas-Gilbert-Fourier-base-plus-SIAF-global-diffeomorphism,L4a1,,"{""aspect"":1.0,""bulge_shear"":-0.08,""weave_shear"":-0.06}"
PKLSA_f2ac3896555cc9,link_4.2.1,4_2_1,link,19,22,2,512,Knot-Atlas-Gilbert-Fourier-base-plus-SIAF-global-diffeomorphism,L4a1,,"{""aspect"":1.0,""bulge_shear"":-0.08,""weave_shear"":0.06}"
PKLSA_293d9624d8e3ab,link_4.2.1,4_2_1,link,19,23,2,512,Knot-Atlas-Gilbert-Fourier-base-plus-SIAF-global-diffeomorphism,L4a1,,"{""aspect"":1.0,""bulge_shear"":-0.08,""weave_shear"":0.2}"
PKLSA_cf203688e18652,link_4.2.1,4_2_1,link,19,24,2,512,Knot-Atlas-Gilbert-Fourier-base-plus-SIAF-global-diffeomorphism,L4a1,,"{""aspect"":1.0,""bulge_shear"":0.08,""weave_shear"":-0.2}"
PKLSA_d7bbbe07573ef3,link_4.2.1,4_2_1,link,19,25,2,512,Knot-Atlas-Gilbert-Fourier-base-plus-SIAF-global-diffeomorphism,L4a1,,"{""aspect"":1.0,""bulge_shear"":0.08,""weave_shear"":-0.06}"
PKLSA_3256bb5d8db4b9,link_4.2.1,4_2_1,link,19,26,2,512,Knot-Atlas-Gilbert-Fourier-base-plus-SIAF-global-diffeomorphism,L4a1,,"{""aspect"":1.0,""bulge_shear"":0.08,""weave_shear"":0.06}"
PKLSA_cdcee2faf74fa6,link_4.2.1,4_2_1,link,19,27,2,512,Knot-Atlas-Gilbert-Fourier-base-plus-SIAF-global-diffeomorphism,L4a1,,"{""aspect"":1.0,""bulge_shear"":0.08,""weave_shear"":0.2}"
PKLSA_e7b8b4018f3aa9,link_4.2.1,4_2_1,link,19,28,2,512,Knot-Atlas-Gilbert-Fourier-base-plus-SIAF-global-diffeomorphism,L4a1,,"{""aspect"":1.0,""bulge_shear"":0.24,""weave_shear"":-0.2}"
PKLSA_504cbf4bc1a9e2,link_4.2.1,4_2_1,link,19,29,2,512,Knot-Atlas-Gilbert-Fourier-base-plus-SIAF-global-diffeomorphism,L4a1,,"{""aspect"":1.0,""bulge_shear"":0.24,""weave_shear"":-0.06}"
PKLSA_67e25c11f9f480,link_4.2.1,4_2_1,link,19,30,2,512,Knot-Atlas-Gilbert-Fourier-base-plus-SIAF-global-diffeomorphism,L4a1,,"{""aspect"":1.0,""bulge_shear"":0.24,""weave_shear"":0.06}"
PKLSA_cd8a3d68409dce,link_4.2.1,4_2_1,link,19,31,2,512,Knot-Atlas-Gilbert-Fourier-base-plus-SIAF-global-diffeomorphism,L4a1,,"{""aspect"":1.0,""bulge_shear"":0.24,""weave_shear"":0.2}"
PKLSA_cd4cb787a6606a,link_4.2.1,4_2_1,link,19,32,2,512,Knot-Atlas-Gilbert-Fourier-base-plus-SIAF-global-diffeomorphism,L4a1,,"{""aspect"":1.12,""bulge_shear"":-0.24,""weave_shear"":-0.2}"
PKLSA_82bac6522458e6,link_4.2.1,4_2_1,link,19,33,2,512,Knot-Atlas-Gilbert-Fourier-base-plus-SIAF-global-diffeomorphism,L4a1,,"{""aspect"":1.12,""bulge_shear"":-0.24,""weave_shear"":-0.06}"
PKLSA_ba982d8ac2db24,link_4.2.1,4_2_1,link,19,34,2,512,Knot-Atlas-Gilbert-Fourier-base-plus-SIAF-global-diffeomorphism,L4a1,,"{""aspect"":1.12,""bulge_shear"":-0.24,""weave_shear"":0.06}"
PKLSA_ddc146e834f188,link_4.2.1,4_2_1,link,19,35,2,512,Knot-Atlas-Gilbert-Fourier-base-plus-SIAF-global-diffeomorphism,L4a1,,"{""aspect"":1.12,""bulge_shear"":-0.24,""weave_shear"":0.2}"
PKLSA_fd75cc8a533c1e,link_4.2.1,4_2_1,link,19,36,2,512,Knot-Atlas-Gilbert-Fourier-base-plus-SIAF-global-diffeomorphism,L4a1,,"{""aspect"":1.12,""bulge_shear"":-0.08,""weave_shear"":-0.2}"
PKLSA_1e82f74526ca0e,link_4.2.1,4_2_1,link,19,37,2,512,Knot-Atlas-Gilbert-Fourier-base-plus-SIAF-global-diffeomorphism,L4a1,,"{""aspect"":1.12,""bulge_shear"":-0.08,""weave_shear"":-0.06}"
PKLSA_2ec982c6fe8719,link_4.2.1,4_2_1,link,19,38,2,512,Knot-Atlas-Gilbert-Fourier-base-plus-SIAF-global-diffeomorphism,L4a1,,"{""aspect"":1.12,""bulge_shear"":-0.08,""weave_shear"":0.06}"
PKLSA_ac7ecd8f3ad8eb,link_4.2.1,4_2_1,link,19,39,2,512,Knot-Atlas-Gilbert-Fourier-base-plus-SIAF-global-diffeomorphism,L4a1,,"{""aspect"":1.12,""bulge_shear"":-0.08,""weave_shear"":0.2}"
PKLSA_d0f3dfd06b825b,link_4.2.1,4_2_1,link,19,40,2,512,Knot-Atlas-Gilbert-Fourier-base-plus-SIAF-global-diffeomorphism,L4a1,,"{""aspect"":1.12,""bulge_shear"":0.08,""weave_shear"":-0.2}"
PKLSA_eceeffc2b671dc,link_4.2.1,4_2_1,link,19,41,2,512,Knot-Atlas-Gilbert-Fourier-base-plus-SIAF-global-diffeomorphism,L4a1,,"{""aspect"":1.12,""bulge_shear"":0.08,""weave_shear"":-0.06}"
PKLSA_593bbca4611b7e,link_4.2.1,4_2_1,link,19,42,2,512,Knot-Atlas-Gilbert-Fourier-base-plus-SIAF-global-diffeomorphism,L4a1,,"{""aspect"":1.12,""bulge_shear"":0.08,""weave_shear"":0.06}"
PKLSA_f8467cb58c6fd8,link_4.2.1,4_2_1,link,19,43,2,512,Knot-Atlas-Gilbert-Fourier-base-plus-SIAF-global-diffeomorphism,L4a1,,"{""aspect"":1.12,""bulge_shear"":0.08,""weave_shear"":0.2}"
PKLSA_2fe1879b020917,link_4.2.1,4_2_1,link,19,44,2,512,Knot-Atlas-Gilbert-Fourier-base-plus-SIAF-global-diffeomorphism,L4a1,,"{""aspect"":1.12,""bulge_shear"":0.24,""weave_shear"":-0.2}"
PKLSA_64714d3c64cfe9,link_4.2.1,4_2_1,link,19,45,2,512,Knot-Atlas-Gilbert-Fourier-base-plus-SIAF-global-diffeomorphism,L4a1,,"{""aspect"":1.12,""bulge_shear"":0.24,""weave_shear"":-0.06}"
PKLSA_587d973c9e35ad,link_4.2.1,4_2_1,link,19,46,2,512,Knot-Atlas-Gilbert-Fourier-base-plus-SIAF-global-diffeomorphism,L4a1,,"{""aspect"":1.12,""bulge_shear"":0.24,""weave_shear"":0.06}"
PKLSA_900ed04d2526ed,link_4.2.1,4_2_1,link,19,47,2,512,Knot-Atlas-Gilbert-Fourier-base-plus-SIAF-global-diffeomorphism,L4a1,,"{""aspect"":1.12,""bulge_shear"":0.24,""weave_shear"":0.2}"
PKLSA_3b1c71bdd689f7,knot_5.1,5_1,knot,20,0,1,512,Knot-Atlas-Gilbert-Fourier-base-plus-SIAF-global-diffeomorphism,5:1:1,,"{""aspect"":0.88,""bulge_shear"":-0.24,""weave_shear"":-0.2}"
PKLSA_857c47f118cd38,knot_5.1,5_1,knot,20,1,1,512,Knot-Atlas-Gilbert-Fourier-base-plus-SIAF-global-diffeomorphism,5:1:1,,"{""aspect"":0.88,""bulge_shear"":-0.24,""weave_shear"":-0.06}"
PKLSA_408adbc65ce524,knot_5.1,5_1,knot,20,2,1,512,Knot-Atlas-Gilbert-Fourier-base-plus-SIAF-global-diffeomorphism,5:1:1,,"{""aspect"":0.88,""bulge_shear"":-0.24,""weave_shear"":0.06}"
PKLSA_84efd59548a90a,knot_5.1,5_1,knot,20,3,1,512,Knot-Atlas-Gilbert-Fourier-base-plus-SIAF-global-diffeomorphism,5:1:1,,"{""aspect"":0.88,""bulge_shear"":-0.24,""weave_shear"":0.2}"
PKLSA_bc9d6009f42862,knot_5.1,5_1,knot,20,4,1,512,Knot-Atlas-Gilbert-Fourier-base-plus-SIAF-global-diffeomorphism,5:1:1,,"{""aspect"":0.88,""bulge_shear"":-0.08,""weave_shear"":-0.2}"
PKLSA_9bc9442add3b8e,knot_5.1,5_1,knot,20,5,1,512,Knot-Atlas-Gilbert-Fourier-base-plus-SIAF-global-diffeomorphism,5:1:1,,"{""aspect"":0.88,""bulge_shear"":-0.08,""weave_shear"":-0.06}"
PKLSA_990bf4dc0610da,knot_5.1,5_1,knot,20,6,1,512,Knot-Atlas-Gilbert-Fourier-base-plus-SIAF-global-diffeomorphism,5:1:1,,"{""aspect"":0.88,""bulge_shear"":-0.08,""weave_shear"":0.06}"
PKLSA_d971e1b598c96d,knot_5.1,5_1,knot,20,7,1,512,Knot-Atlas-Gilbert-Fourier-base-plus-SIAF-global-diffeomorphism,5:1:1,,"{""aspect"":0.88,""bulge_shear"":-0.08,""weave_shear"":0.2}"
PKLSA_facf62846e3651,knot_5.1,5_1,knot,20,8,1,512,Knot-Atlas-Gilbert-Fourier-base-plus-SIAF-global-diffeomorphism,5:1:1,,"{""aspect"":0.88,""bulge_shear"":0.08,""weave_shear"":-0.2}"
PKLSA_238ba31f7ba99b,knot_5.1,5_1,knot,20,9,1,512,Knot-Atlas-Gilbert-Fourier-base-plus-SIAF-global-diffeomorphism,5:1:1,,"{""aspect"":0.88,""bulge_shear"":0.08,""weave_shear"":-0.06}"
PKLSA_fa2343d8cd07b9,knot_5.1,5_1,knot,20,10,1,512,Knot-Atlas-Gilbert-Fourier-base-plus-SIAF-global-diffeomorphism,5:1:1,,"{""aspect"":0.88,""bulge_shear"":0.08,""weave_shear"":0.06}"
PKLSA_12f91e6bfd463c,knot_5.1,5_1,knot,20,11,1,512,Knot-Atlas-Gilbert-Fourier-base-plus-SIAF-global-diffeomorphism,5:1:1,,"{""aspect"":0.88,""bulge_shear"":0.08,""weave_shear"":0.2}"
PKLSA_ab107581d7a6c0,knot_5.1,5_1,knot,20,12,1,512,Knot-Atlas-Gilbert-Fourier-base-plus-SIAF-global-diffeomorphism,5:1:1,,"{""aspect"":0.88,""bulge_shear"":0.24,""weave_shear"":-0.2}"
PKLSA_b839437ee9b335,knot_5.1,5_1,knot,20,13,1,512,Knot-Atlas-Gilbert-Fourier-base-plus-SIAF-global-diffeomorphism,5:1:1,,"{""aspect"":0.88,""bulge_shear"":0.24,""weave_shear"":-0.06}"
PKLSA_b712c56147eea6,knot_5.1,5_1,knot,20,14,1,512,Knot-Atlas-Gilbert-Fourier-base-plus-SIAF-global-diffeomorphism,5:1:1,,"{""aspect"":0.88,""bulge_shear"":0.24,""weave_shear"":0.06}"
PKLSA_dd78519116e635,knot_5.1,5_1,knot,20,15,1,512,Knot-Atlas-Gilbert-Fourier-base-plus-SIAF-global-diffeomorphism,5:1:1,,"{""aspect"":0.88,""bulge_shear"":0.24,""weave_shear"":0.2}"
PKLSA_db5882b8bab7f5,knot_5.1,5_1,knot,20,16,1,512,Knot-Atlas-Gilbert-Fourier-base-plus-SIAF-global-diffeomorphism,5:1:1,,"{""aspect"":1.0,""bulge_shear"":-0.24,""weave_shear"":-0.2}"
PKLSA_20438f06b72688,knot_5.1,5_1,knot,20,17,1,512,Knot-Atlas-Gilbert-Fourier-base-plus-SIAF-global-diffeomorphism,5:1:1,,"{""aspect"":1.0,""bulge_shear"":-0.24,""weave_shear"":-0.06}"
PKLSA_98678ba92febba,knot_5.1,5_1,knot,20,18,1,512,Knot-Atlas-Gilbert-Fourier-base-plus-SIAF-global-diffeomorphism,5:1:1,,"{""aspect"":1.0,""bulge_shear"":-0.24,""weave_shear"":0.06}"
PKLSA_9d0d984cf8c871,knot_5.1,5_1,knot,20,19,1,512,Knot-Atlas-Gilbert-Fourier-base-plus-SIAF-global-diffeomorphism,5:1:1,,"{""aspect"":1.0,""bulge_shear"":-0.24,""weave_shear"":0.2}"
PKLSA_8b30f28629b02d,knot_5.1,5_1,knot,20,20,1,512,Knot-Atlas-Gilbert-Fourier-base-plus-SIAF-global-diffeomorphism,5:1:1,,"{""aspect"":1.0,""bulge_shear"":-0.08,""weave_shear"":-0.2}"
PKLSA_6e86d02a8b38aa,knot_5.1,5_1,knot,20,21,1,512,Knot-Atlas-Gilbert-Fourier-base-plus-SIAF-global-diffeomorphism,5:1:1,,"{""aspect"":1.0,""bulge_shear"":-0.08,""weave_shear"":-0.06}"
PKLSA_c3e228381c49ab,knot_5.1,5_1,knot,20,22,1,512,Knot-Atlas-Gilbert-Fourier-base-plus-SIAF-global-diffeomorphism,5:1:1,,"{""aspect"":1.0,""bulge_shear"":-0.08,""weave_shear"":0.06}"
PKLSA_68764b956264b6,knot_5.1,5_1,knot,20,23,1,512,Knot-Atlas-Gilbert-Fourier-base-plus-SIAF-global-diffeomorphism,5:1:1,,"{""aspect"":1.0,""bulge_shear"":-0.08,""weave_shear"":0.2}"
PKLSA_e43f9f53a078ea,knot_5.1,5_1,knot,20,24,1,512,Knot-Atlas-Gilbert-Fourier-base-plus-SIAF-global-diffeomorphism,5:1:1,,"{""aspect"":1.0,""bulge_shear"":0.08,""weave_shear"":-0.2}"
PKLSA_fc02a4afd7536a,knot_5.1,5_1,knot,20,25,1,512,Knot-Atlas-Gilbert-Fourier-base-plus-SIAF-global-diffeomorphism,5:1:1,,"{""aspect"":1.0,""bulge_shear"":0.08,""weave_shear"":-0.06}"
PKLSA_af8bd5c84e4338,knot_5.1,5_1,knot,20,26,1,512,Knot-Atlas-Gilbert-Fourier-base-plus-SIAF-global-diffeomorphism,5:1:1,,"{""aspect"":1.0,""bulge_shear"":0.08,""weave_shear"":0.06}"
PKLSA_7bf0dd5bb80e77,knot_5.1,5_1,knot,20,27,1,512,Knot-Atlas-Gilbert-Fourier-base-plus-SIAF-global-diffeomorphism,5:1:1,,"{""aspect"":1.0,""bulge_shear"":0.08,""weave_shear"":0.2}"
PKLSA_6870fb4f9d6ad4,knot_5.1,5_1,knot,20,28,1,512,Knot-Atlas-Gilbert-Fourier-base-plus-SIAF-global-diffeomorphism,5:1:1,,"{""aspect"":1.0,""bulge_shear"":0.24,""weave_shear"":-0.2}"
PKLSA_90f3b20c8d3dd1,knot_5.1,5_1,knot,20,29,1,512,Knot-Atlas-Gilbert-Fourier-base-plus-SIAF-global-diffeomorphism,5:1:1,,"{""aspect"":1.0,""bulge_shear"":0.24,""weave_shear"":-0.06}"
PKLSA_3e6f53bb784c4a,knot_5.1,5_1,knot,20,30,1,512,Knot-Atlas-Gilbert-Fourier-base-plus-SIAF-global-diffeomorphism,5:1:1,,"{""aspect"":1.0,""bulge_shear"":0.24,""weave_shear"":0.06}"
PKLSA_9daa7ca790a47d,knot_5.1,5_1,knot,20,31,1,512,Knot-Atlas-Gilbert-Fourier-base-plus-SIAF-global-diffeomorphism,5:1:1,,"{""aspect"":1.0,""bulge_shear"":0.24,""weave_shear"":0.2}"
PKLSA_bfe0d6f438ddec,knot_5.1,5_1,knot,20,32,1,512,Knot-Atlas-Gilbert-Fourier-base-plus-SIAF-global-diffeomorphism,5:1:1,,"{""aspect"":1.12,""bulge_shear"":-0.24,""weave_shear"":-0.2}"
PKLSA_d087b157dff31f,knot_5.1,5_1,knot,20,33,1,512,Knot-Atlas-Gilbert-Fourier-base-plus-SIAF-global-diffeomorphism,5:1:1,,"{""aspect"":1.12,""bulge_shear"":-0.24,""weave_shear"":-0.06}"
PKLSA_b7c17f39d34f0c,knot_5.1,5_1,knot,20,34,1,512,Knot-Atlas-Gilbert-Fourier-base-plus-SIAF-global-diffeomorphism,5:1:1,,"{""aspect"":1.12,""bulge_shear"":-0.24,""weave_shear"":0.06}"
PKLSA_ec0fc41856d623,knot_5.1,5_1,knot,20,35,1,512,Knot-Atlas-Gilbert-Fourier-base-plus-SIAF-global-diffeomorphism,5:1:1,,"{""aspect"":1.12,""bulge_shear"":-0.24,""weave_shear"":0.2}"
PKLSA_653e6f00a960a8,knot_5.1,5_1,knot,20,36,1,512,Knot-Atlas-Gilbert-Fourier-base-plus-SIAF-global-diffeomorphism,5:1:1,,"{""aspect"":1.12,""bulge_shear"":-0.08,""weave_shear"":-0.2}"
PKLSA_1fb2b60bfd943c,knot_5.1,5_1,knot,20,37,1,512,Knot-Atlas-Gilbert-Fourier-base-plus-SIAF-global-diffeomorphism,5:1:1,,"{""aspect"":1.12,""bulge_shear"":-0.08,""weave_shear"":-0.06}"
PKLSA_880191f6fd0026,knot_5.1,5_1,knot,20,38,1,512,Knot-Atlas-Gilbert-Fourier-base-plus-SIAF-global-diffeomorphism,5:1:1,,"{""aspect"":1.12,""bulge_shear"":-0.08,""weave_shear"":0.06}"
PKLSA_e1c457341e0ce5,knot_5.1,5_1,knot,20,39,1,512,Knot-Atlas-Gilbert-Fourier-base-plus-SIAF-global-diffeomorphism,5:1:1,,"{""aspect"":1.12,""bulge_shear"":-0.08,""weave_shear"":0.2}"
PKLSA_3769f226d79d48,knot_5.1,5_1,knot,20,40,1,512,Knot-Atlas-Gilbert-Fourier-base-plus-SIAF-global-diffeomorphism,5:1:1,,"{""aspect"":1.12,""bulge_shear"":0.08,""weave_shear"":-0.2}"
PKLSA_c42682495e4ae9,knot_5.1,5_1,knot,20,41,1,512,Knot-Atlas-Gilbert-Fourier-base-plus-SIAF-global-diffeomorphism,5:1:1,,"{""aspect"":1.12,""bulge_shear"":0.08,""weave_shear"":-0.06}"
PKLSA_fb9bb20aa70053,knot_5.1,5_1,knot,20,42,1,512,Knot-Atlas-Gilbert-Fourier-base-plus-SIAF-global-diffeomorphism,5:1:1,,"{""aspect"":1.12,""bulge_shear"":0.08,""weave_shear"":0.06}"
PKLSA_51afefc0b37c33,knot_5.1,5_1,knot,20,43,1,512,Knot-Atlas-Gilbert-Fourier-base-plus-SIAF-global-diffeomorphism,5:1:1,,"{""aspect"":1.12,""bulge_shear"":0.08,""weave_shear"":0.2}"
PKLSA_013313dc027bed,knot_5.1,5_1,knot,20,44,1,512,Knot-Atlas-Gilbert-Fourier-base-plus-SIAF-global-diffeomorphism,5:1:1,,"{""aspect"":1.12,""bulge_shear"":0.24,""weave_shear"":-0.2}"
PKLSA_298d8749cb7eb2,knot_5.1,5_1,knot,20,45,1,512,Knot-Atlas-Gilbert-Fourier-base-plus-SIAF-global-diffeomorphism,5:1:1,,"{""aspect"":1.12,""bulge_shear"":0.24,""weave_shear"":-0.06}"
PKLSA_5c06d3ccafcb03,knot_5.1,5_1,knot,20,46,1,512,Knot-Atlas-Gilbert-Fourier-base-plus-SIAF-global-diffeomorphism,5:1:1,,"{""aspect"":1.12,""bulge_shear"":0.24,""weave_shear"":0.06}"
PKLSA_83f490f3df117c,knot_5.1,5_1,knot,20,47,1,512,Knot-Atlas-Gilbert-Fourier-base-plus-SIAF-global-diffeomorphism,5:1:1,,"{""aspect"":1.12,""bulge_shear"":0.24,""weave_shear"":0.2}"
PKLSA_5569efcc5c8099,knot_5.2,5_2,knot,21,0,1,512,Knot-Atlas-Gilbert-Fourier-base-plus-SIAF-global-diffeomorphism,5:1:2,,"{""aspect"":0.88,""bulge_shear"":-0.24,""weave_shear"":-0.2}"
PKLSA_23093af0a967f4,knot_5.2,5_2,knot,21,1,1,512,Knot-Atlas-Gilbert-Fourier-base-plus-SIAF-global-diffeomorphism,5:1:2,,"{""aspect"":0.88,""bulge_shear"":-0.24,""weave_shear"":-0.06}"
PKLSA_09666d4395eb1f,knot_5.2,5_2,knot,21,2,1,512,Knot-Atlas-Gilbert-Fourier-base-plus-SIAF-global-diffeomorphism,5:1:2,,"{""aspect"":0.88,""bulge_shear"":-0.24,""weave_shear"":0.06}"
PKLSA_7e8ff367e56715,knot_5.2,5_2,knot,21,3,1,512,Knot-Atlas-Gilbert-Fourier-base-plus-SIAF-global-diffeomorphism,5:1:2,,"{""aspect"":0.88,""bulge_shear"":-0.24,""weave_shear"":0.2}"
PKLSA_a8d576f598db89,knot_5.2,5_2,knot,21,4,1,512,Knot-Atlas-Gilbert-Fourier-base-plus-SIAF-global-diffeomorphism,5:1:2,,"{""aspect"":0.88,""bulge_shear"":-0.08,""weave_shear"":-0.2}"
PKLSA_f5bffeda21f781,knot_5.2,5_2,knot,21,5,1,512,Knot-Atlas-Gilbert-Fourier-base-plus-SIAF-global-diffeomorphism,5:1:2,,"{""aspect"":0.88,""bulge_shear"":-0.08,""weave_shear"":-0.06}"
PKLSA_305bbba620a9fb,knot_5.2,5_2,knot,21,6,1,512,Knot-Atlas-Gilbert-Fourier-base-plus-SIAF-global-diffeomorphism,5:1:2,,"{""aspect"":0.88,""bulge_shear"":-0.08,""weave_shear"":0.06}"
PKLSA_bfa0e9ea268bea,knot_5.2,5_2,knot,21,7,1,512,Knot-Atlas-Gilbert-Fourier-base-plus-SIAF-global-diffeomorphism,5:1:2,,"{""aspect"":0.88,""bulge_shear"":-0.08,""weave_shear"":0.2}"
PKLSA_faa316470ed3dc,knot_5.2,5_2,knot,21,8,1,512,Knot-Atlas-Gilbert-Fourier-base-plus-SIAF-global-diffeomorphism,5:1:2,,"{""aspect"":0.88,""bulge_shear"":0.08,""weave_shear"":-0.2}"
PKLSA_b4739e45a88870,knot_5.2,5_2,knot,21,9,1,512,Knot-Atlas-Gilbert-Fourier-base-plus-SIAF-global-diffeomorphism,5:1:2,,"{""aspect"":0.88,""bulge_shear"":0.08,""weave_shear"":-0.06}"
PKLSA_9a040f9b7cdd33,knot_5.2,5_2,knot,21,10,1,512,Knot-Atlas-Gilbert-Fourier-base-plus-SIAF-global-diffeomorphism,5:1:2,,"{""aspect"":0.88,""bulge_shear"":0.08,""weave_shear"":0.06}"
PKLSA_aae801aa65c497,knot_5.2,5_2,knot,21,11,1,512,Knot-Atlas-Gilbert-Fourier-base-plus-SIAF-global-diffeomorphism,5:1:2,,"{""aspect"":0.88,""bulge_shear"":0.08,""weave_shear"":0.2}"
PKLSA_057e783c0e1fd7,knot_5.2,5_2,knot,21,12,1,512,Knot-Atlas-Gilbert-Fourier-base-plus-SIAF-global-diffeomorphism,5:1:2,,"{""aspect"":0.88,""bulge_shear"":0.24,""weave_shear"":-0.2}"
PKLSA_d1f2be5e6d557b,knot_5.2,5_2,knot,21,13,1,512,Knot-Atlas-Gilbert-Fourier-base-plus-SIAF-global-diffeomorphism,5:1:2,,"{""aspect"":0.88,""bulge_shear"":0.24,""weave_shear"":-0.06}"
PKLSA_e7ac2869e06533,knot_5.2,5_2,knot,21,14,1,512,Knot-Atlas-Gilbert-Fourier-base-plus-SIAF-global-diffeomorphism,5:1:2,,"{""aspect"":0.88,""bulge_shear"":0.24,""weave_shear"":0.06}"
PKLSA_a4212a1401d103,knot_5.2,5_2,knot,21,15,1,512,Knot-Atlas-Gilbert-Fourier-base-plus-SIAF-global-diffeomorphism,5:1:2,,"{""aspect"":0.88,""bulge_shear"":0.24,""weave_shear"":0.2}"
PKLSA_5a4597d1e35750,knot_5.2,5_2,knot,21,16,1,512,Knot-Atlas-Gilbert-Fourier-base-plus-SIAF-global-diffeomorphism,5:1:2,,"{""aspect"":1.0,""bulge_shear"":-0.24,""weave_shear"":-0.2}"
PKLSA_7232953ac7e30d,knot_5.2,5_2,knot,21,17,1,512,Knot-Atlas-Gilbert-Fourier-base-plus-SIAF-global-diffeomorphism,5:1:2,,"{""aspect"":1.0,""bulge_shear"":-0.24,""weave_shear"":-0.06}"
PKLSA_7ce872fa3d57b2,knot_5.2,5_2,knot,21,18,1,512,Knot-Atlas-Gilbert-Fourier-base-plus-SIAF-global-diffeomorphism,5:1:2,,"{""aspect"":1.0,""bulge_shear"":-0.24,""weave_shear"":0.06}"
PKLSA_b35a7dbaf9b1d8,knot_5.2,5_2,knot,21,19,1,512,Knot-Atlas-Gilbert-Fourier-base-plus-SIAF-global-diffeomorphism,5:1:2,,"{""aspect"":1.0,""bulge_shear"":-0.24,""weave_shear"":0.2}"
PKLSA_ecdebe63fcddf8,knot_5.2,5_2,knot,21,20,1,512,Knot-Atlas-Gilbert-Fourier-base-plus-SIAF-global-diffeomorphism,5:1:2,,"{""aspect"":1.0,""bulge_shear"":-0.08,""weave_shear"":-0.2}"
PKLSA_a6dc8a97a5b3b1,knot_5.2,5_2,knot,21,21,1,512,Knot-Atlas-Gilbert-Fourier-base-plus-SIAF-global-diffeomorphism,5:1:2,,"{""aspect"":1.0,""bulge_shear"":-0.08,""weave_shear"":-0.06}"
PKLSA_821d3cdcbeacc6,knot_5.2,5_2,knot,21,22,1,512,Knot-Atlas-Gilbert-Fourier-base-plus-SIAF-global-diffeomorphism,5:1:2,,"{""aspect"":1.0,""bulge_shear"":-0.08,""weave_shear"":0.06}"
PKLSA_e96408b777fdd2,knot_5.2,5_2,knot,21,23,1,512,Knot-Atlas-Gilbert-Fourier-base-plus-SIAF-global-diffeomorphism,5:1:2,,"{""aspect"":1.0,""bulge_shear"":-0.08,""weave_shear"":0.2}"
PKLSA_575033db2bb631,knot_5.2,5_2,knot,21,24,1,512,Knot-Atlas-Gilbert-Fourier-base-plus-SIAF-global-diffeomorphism,5:1:2,,"{""aspect"":1.0,""bulge_shear"":0.08,""weave_shear"":-0.2}"
PKLSA_c3bb91db168940,knot_5.2,5_2,knot,21,25,1,512,Knot-Atlas-Gilbert-Fourier-base-plus-SIAF-global-diffeomorphism,5:1:2,,"{""aspect"":1.0,""bulge_shear"":0.08,""weave_shear"":-0.06}"
PKLSA_a7995ebf925da0,knot_5.2,5_2,knot,21,26,1,512,Knot-Atlas-Gilbert-Fourier-base-plus-SIAF-global-diffeomorphism,5:1:2,,"{""aspect"":1.0,""bulge_shear"":0.08,""weave_shear"":0.06}"
PKLSA_498590e70acaf5,knot_5.2,5_2,knot,21,27,1,512,Knot-Atlas-Gilbert-Fourier-base-plus-SIAF-global-diffeomorphism,5:1:2,,"{""aspect"":1.0,""bulge_shear"":0.08,""weave_shear"":0.2}"
PKLSA_81c1a9b2c85228,knot_5.2,5_2,knot,21,28,1,512,Knot-Atlas-Gilbert-Fourier-base-plus-SIAF-global-diffeomorphism,5:1:2,,"{""aspect"":1.0,""bulge_shear"":0.24,""weave_shear"":-0.2}"
PKLSA_5c7d3bba3aa51c,knot_5.2,5_2,knot,21,29,1,512,Knot-Atlas-Gilbert-Fourier-base-plus-SIAF-global-diffeomorphism,5:1:2,,"{""aspect"":1.0,""bulge_shear"":0.24,""weave_shear"":-0.06}"
PKLSA_28a1de730fab5e,knot_5.2,5_2,knot,21,30,1,512,Knot-Atlas-Gilbert-Fourier-base-plus-SIAF-global-diffeomorphism,5:1:2,,"{""aspect"":1.0,""bulge_shear"":0.24,""weave_shear"":0.06}"
PKLSA_c8828369cd31f2,knot_5.2,5_2,knot,21,31,1,512,Knot-Atlas-Gilbert-Fourier-base-plus-SIAF-global-diffeomorphism,5:1:2,,"{""aspect"":1.0,""bulge_shear"":0.24,""weave_shear"":0.2}"
PKLSA_d7ca69c263128e,knot_5.2,5_2,knot,21,32,1,512,Knot-Atlas-Gilbert-Fourier-base-plus-SIAF-global-diffeomorphism,5:1:2,,"{""aspect"":1.12,""bulge_shear"":-0.24,""weave_shear"":-0.2}"
PKLSA_2c3643a5ebca54,knot_5.2,5_2,knot,21,33,1,512,Knot-Atlas-Gilbert-Fourier-base-plus-SIAF-global-diffeomorphism,5:1:2,,"{""aspect"":1.12,""bulge_shear"":-0.24,""weave_shear"":-0.06}"
PKLSA_895ddccd90c1d6,knot_5.2,5_2,knot,21,34,1,512,Knot-Atlas-Gilbert-Fourier-base-plus-SIAF-global-diffeomorphism,5:1:2,,"{""aspect"":1.12,""bulge_shear"":-0.24,""weave_shear"":0.06}"
PKLSA_25a9c031b725b5,knot_5.2,5_2,knot,21,35,1,512,Knot-Atlas-Gilbert-Fourier-base-plus-SIAF-global-diffeomorphism,5:1:2,,"{""aspect"":1.12,""bulge_shear"":-0.24,""weave_shear"":0.2}"
PKLSA_c04cf79a7935d9,knot_5.2,5_2,knot,21,36,1,512,Knot-Atlas-Gilbert-Fourier-base-plus-SIAF-global-diffeomorphism,5:1:2,,"{""aspect"":1.12,""bulge_shear"":-0.08,""weave_shear"":-0.2}"
PKLSA_dd4315ec0644ea,knot_5.2,5_2,knot,21,37,1,512,Knot-Atlas-Gilbert-Fourier-base-plus-SIAF-global-diffeomorphism,5:1:2,,"{""aspect"":1.12,""bulge_shear"":-0.08,""weave_shear"":-0.06}"
PKLSA_2a005934935767,knot_5.2,5_2,knot,21,38,1,512,Knot-Atlas-Gilbert-Fourier-base-plus-SIAF-global-diffeomorphism,5:1:2,,"{""aspect"":1.12,""bulge_shear"":-0.08,""weave_shear"":0.06}"
PKLSA_35e309c0166297,knot_5.2,5_2,knot,21,39,1,512,Knot-Atlas-Gilbert-Fourier-base-plus-SIAF-global-diffeomorphism,5:1:2,,"{""aspect"":1.12,""bulge_shear"":-0.08,""weave_shear"":0.2}"
PKLSA_5835962f18752e,knot_5.2,5_2,knot,21,40,1,512,Knot-Atlas-Gilbert-Fourier-base-plus-SIAF-global-diffeomorphism,5:1:2,,"{""aspect"":1.12,""bulge_shear"":0.08,""weave_shear"":-0.2}"
PKLSA_ee07b7c5485207,knot_5.2,5_2,knot,21,41,1,512,Knot-Atlas-Gilbert-Fourier-base-plus-SIAF-global-diffeomorphism,5:1:2,,"{""aspect"":1.12,""bulge_shear"":0.08,""weave_shear"":-0.06}"
PKLSA_2844ddb03e35ab,knot_5.2,5_2,knot,21,42,1,512,Knot-Atlas-Gilbert-Fourier-base-plus-SIAF-global-diffeomorphism,5:1:2,,"{""aspect"":1.12,""bulge_shear"":0.08,""weave_shear"":0.06}"
PKLSA_b7f34c800c2360,knot_5.2,5_2,knot,21,43,1,512,Knot-Atlas-Gilbert-Fourier-base-plus-SIAF-global-diffeomorphism,5:1:2,,"{""aspect"":1.12,""bulge_shear"":0.08,""weave_shear"":0.2}"
PKLSA_b27ed1fa1147b7,knot_5.2,5_2,knot,21,44,1,512,Knot-Atlas-Gilbert-Fourier-base-plus-SIAF-global-diffeomorphism,5:1:2,,"{""aspect"":1.12,""bulge_shear"":0.24,""weave_shear"":-0.2}"
PKLSA_2dd71e52837669,knot_5.2,5_2,knot,21,45,1,512,Knot-Atlas-Gilbert-Fourier-base-plus-SIAF-global-diffeomorphism,5:1:2,,"{""aspect"":1.12,""bulge_shear"":0.24,""weave_shear"":-0.06}"
PKLSA_c43752a79a73de,knot_5.2,5_2,knot,21,46,1,512,Knot-Atlas-Gilbert-Fourier-base-plus-SIAF-global-diffeomorphism,5:1:2,,"{""aspect"":1.12,""bulge_shear"":0.24,""weave_shear"":0.06}"
PKLSA_ef831d3911d5d2,knot_5.2,5_2,knot,21,47,1,512,Knot-Atlas-Gilbert-Fourier-base-plus-SIAF-global-diffeomorphism,5:1:2,,"{""aspect"":1.12,""bulge_shear"":0.24,""weave_shear"":0.2}"
PKLSA_04670077d79f9f,link_5.2.1,5_2_1,link,22,0,2,512,Knot-Atlas-Gilbert-Fourier-base-plus-SIAF-global-diffeomorphism,L5a1,,"{""aspect"":0.88,""bulge_shear"":-0.24,""weave_shear"":-0.2}"
PKLSA_9e23e886d1cde4,link_5.2.1,5_2_1,link,22,1,2,512,Knot-Atlas-Gilbert-Fourier-base-plus-SIAF-global-diffeomorphism,L5a1,,"{""aspect"":0.88,""bulge_shear"":-0.24,""weave_shear"":-0.06}"
PKLSA_9f495acbde4cc9,link_5.2.1,5_2_1,link,22,2,2,512,Knot-Atlas-Gilbert-Fourier-base-plus-SIAF-global-diffeomorphism,L5a1,,"{""aspect"":0.88,""bulge_shear"":-0.24,""weave_shear"":0.06}"
PKLSA_9dca2bf457e262,link_5.2.1,5_2_1,link,22,3,2,512,Knot-Atlas-Gilbert-Fourier-base-plus-SIAF-global-diffeomorphism,L5a1,,"{""aspect"":0.88,""bulge_shear"":-0.24,""weave_shear"":0.2}"
PKLSA_ecaf8ec67e0b74,link_5.2.1,5_2_1,link,22,4,2,512,Knot-Atlas-Gilbert-Fourier-base-plus-SIAF-global-diffeomorphism,L5a1,,"{""aspect"":0.88,""bulge_shear"":-0.08,""weave_shear"":-0.2}"
PKLSA_72cfa095084d69,link_5.2.1,5_2_1,link,22,5,2,512,Knot-Atlas-Gilbert-Fourier-base-plus-SIAF-global-diffeomorphism,L5a1,,"{""aspect"":0.88,""bulge_shear"":-0.08,""weave_shear"":-0.06}"
PKLSA_92bc23da58ec34,link_5.2.1,5_2_1,link,22,6,2,512,Knot-Atlas-Gilbert-Fourier-base-plus-SIAF-global-diffeomorphism,L5a1,,"{""aspect"":0.88,""bulge_shear"":-0.08,""weave_shear"":0.06}"
PKLSA_5b594c2968afaa,link_5.2.1,5_2_1,link,22,7,2,512,Knot-Atlas-Gilbert-Fourier-base-plus-SIAF-global-diffeomorphism,L5a1,,"{""aspect"":0.88,""bulge_shear"":-0.08,""weave_shear"":0.2}"
PKLSA_0ba3d23c30c82a,link_5.2.1,5_2_1,link,22,8,2,512,Knot-Atlas-Gilbert-Fourier-base-plus-SIAF-global-diffeomorphism,L5a1,,"{""aspect"":0.88,""bulge_shear"":0.08,""weave_shear"":-0.2}"
PKLSA_f46b06ef830c8f,link_5.2.1,5_2_1,link,22,9,2,512,Knot-Atlas-Gilbert-Fourier-base-plus-SIAF-global-diffeomorphism,L5a1,,"{""aspect"":0.88,""bulge_shear"":0.08,""weave_shear"":-0.06}"
PKLSA_a55be8cea8d9a7,link_5.2.1,5_2_1,link,22,10,2,512,Knot-Atlas-Gilbert-Fourier-base-plus-SIAF-global-diffeomorphism,L5a1,,"{""aspect"":0.88,""bulge_shear"":0.08,""weave_shear"":0.06}"
PKLSA_c53017587a5cf9,link_5.2.1,5_2_1,link,22,11,2,512,Knot-Atlas-Gilbert-Fourier-base-plus-SIAF-global-diffeomorphism,L5a1,,"{""aspect"":0.88,""bulge_shear"":0.08,""weave_shear"":0.2}"
PKLSA_5a1ff28773754a,link_5.2.1,5_2_1,link,22,12,2,512,Knot-Atlas-Gilbert-Fourier-base-plus-SIAF-global-diffeomorphism,L5a1,,"{""aspect"":0.88,""bulge_shear"":0.24,""weave_shear"":-0.2}"
PKLSA_2630eab047cb38,link_5.2.1,5_2_1,link,22,13,2,512,Knot-Atlas-Gilbert-Fourier-base-plus-SIAF-global-diffeomorphism,L5a1,,"{""aspect"":0.88,""bulge_shear"":0.24,""weave_shear"":-0.06}"
PKLSA_5a202a635f5bd7,link_5.2.1,5_2_1,link,22,14,2,512,Knot-Atlas-Gilbert-Fourier-base-plus-SIAF-global-diffeomorphism,L5a1,,"{""aspect"":0.88,""bulge_shear"":0.24,""weave_shear"":0.06}"
PKLSA_faa954d5b93fa4,link_5.2.1,5_2_1,link,22,15,2,512,Knot-Atlas-Gilbert-Fourier-base-plus-SIAF-global-diffeomorphism,L5a1,,"{""aspect"":0.88,""bulge_shear"":0.24,""weave_shear"":0.2}"
PKLSA_1f009bd9a93575,link_5.2.1,5_2_1,link,22,16,2,512,Knot-Atlas-Gilbert-Fourier-base-plus-SIAF-global-diffeomorphism,L5a1,,"{""aspect"":1.0,""bulge_shear"":-0.24,""weave_shear"":-0.2}"
PKLSA_842eaf0c914776,link_5.2.1,5_2_1,link,22,17,2,512,Knot-Atlas-Gilbert-Fourier-base-plus-SIAF-global-diffeomorphism,L5a1,,"{""aspect"":1.0,""bulge_shear"":-0.24,""weave_shear"":-0.06}"
PKLSA_d5a7a012874df3,link_5.2.1,5_2_1,link,22,18,2,512,Knot-Atlas-Gilbert-Fourier-base-plus-SIAF-global-diffeomorphism,L5a1,,"{""aspect"":1.0,""bulge_shear"":-0.24,""weave_shear"":0.06}"
PKLSA_4afa0f8926c5d0,link_5.2.1,5_2_1,link,22,19,2,512,Knot-Atlas-Gilbert-Fourier-base-plus-SIAF-global-diffeomorphism,L5a1,,"{""aspect"":1.0,""bulge_shear"":-0.24,""weave_shear"":0.2}"
PKLSA_2d49db27c165b4,link_5.2.1,5_2_1,link,22,20,2,512,Knot-Atlas-Gilbert-Fourier-base-plus-SIAF-global-diffeomorphism,L5a1,,"{""aspect"":1.0,""bulge_shear"":-0.08,""weave_shear"":-0.2}"
PKLSA_5bcaade7173fb7,link_5.2.1,5_2_1,link,22,21,2,512,Knot-Atlas-Gilbert-Fourier-base-plus-SIAF-global-diffeomorphism,L5a1,,"{""aspect"":1.0,""bulge_shear"":-0.08,""weave_shear"":-0.06}"
PKLSA_d8c1f9eff1b077,link_5.2.1,5_2_1,link,22,22,2,512,Knot-Atlas-Gilbert-Fourier-base-plus-SIAF-global-diffeomorphism,L5a1,,"{""aspect"":1.0,""bulge_shear"":-0.08,""weave_shear"":0.06}"
PKLSA_44175bea107748,link_5.2.1,5_2_1,link,22,23,2,512,Knot-Atlas-Gilbert-Fourier-base-plus-SIAF-global-diffeomorphism,L5a1,,"{""aspect"":1.0,""bulge_shear"":-0.08,""weave_shear"":0.2}"
PKLSA_1c560136fe6f54,link_5.2.1,5_2_1,link,22,24,2,512,Knot-Atlas-Gilbert-Fourier-base-plus-SIAF-global-diffeomorphism,L5a1,,"{""aspect"":1.0,""bulge_shear"":0.08,""weave_shear"":-0.2}"
PKLSA_2d4c8f566501d6,link_5.2.1,5_2_1,link,22,25,2,512,Knot-Atlas-Gilbert-Fourier-base-plus-SIAF-global-diffeomorphism,L5a1,,"{""aspect"":1.0,""bulge_shear"":0.08,""weave_shear"":-0.06}"
PKLSA_21737acb26f3b2,link_5.2.1,5_2_1,link,22,26,2,512,Knot-Atlas-Gilbert-Fourier-base-plus-SIAF-global-diffeomorphism,L5a1,,"{""aspect"":1.0,""bulge_shear"":0.08,""weave_shear"":0.06}"
PKLSA_16aafd76b2ffcf,link_5.2.1,5_2_1,link,22,27,2,512,Knot-Atlas-Gilbert-Fourier-base-plus-SIAF-global-diffeomorphism,L5a1,,"{""aspect"":1.0,""bulge_shear"":0.08,""weave_shear"":0.2}"
PKLSA_adcb83ef9c1c39,link_5.2.1,5_2_1,link,22,28,2,512,Knot-Atlas-Gilbert-Fourier-base-plus-SIAF-global-diffeomorphism,L5a1,,"{""aspect"":1.0,""bulge_shear"":0.24,""weave_shear"":-0.2}"
PKLSA_cfd31948817cc0,link_5.2.1,5_2_1,link,22,29,2,512,Knot-Atlas-Gilbert-Fourier-base-plus-SIAF-global-diffeomorphism,L5a1,,"{""aspect"":1.0,""bulge_shear"":0.24,""weave_shear"":-0.06}"
PKLSA_6a73e229ebd6c2,link_5.2.1,5_2_1,link,22,30,2,512,Knot-Atlas-Gilbert-Fourier-base-plus-SIAF-global-diffeomorphism,L5a1,,"{""aspect"":1.0,""bulge_shear"":0.24,""weave_shear"":0.06}"
PKLSA_f377ea4932a156,link_5.2.1,5_2_1,link,22,31,2,512,Knot-Atlas-Gilbert-Fourier-base-plus-SIAF-global-diffeomorphism,L5a1,,"{""aspect"":1.0,""bulge_shear"":0.24,""weave_shear"":0.2}"
PKLSA_0697a3802533a3,link_5.2.1,5_2_1,link,22,32,2,512,Knot-Atlas-Gilbert-Fourier-base-plus-SIAF-global-diffeomorphism,L5a1,,"{""aspect"":1.12,""bulge_shear"":-0.24,""weave_shear"":-0.2}"
PKLSA_b116dbbab4ce62,link_5.2.1,5_2_1,link,22,33,2,512,Knot-Atlas-Gilbert-Fourier-base-plus-SIAF-global-diffeomorphism,L5a1,,"{""aspect"":1.12,""bulge_shear"":-0.24,""weave_shear"":-0.06}"
PKLSA_211ccfbf31cb72,link_5.2.1,5_2_1,link,22,34,2,512,Knot-Atlas-Gilbert-Fourier-base-plus-SIAF-global-diffeomorphism,L5a1,,"{""aspect"":1.12,""bulge_shear"":-0.24,""weave_shear"":0.06}"
PKLSA_036355c0373691,link_5.2.1,5_2_1,link,22,35,2,512,Knot-Atlas-Gilbert-Fourier-base-plus-SIAF-global-diffeomorphism,L5a1,,"{""aspect"":1.12,""bulge_shear"":-0.24,""weave_shear"":0.2}"
PKLSA_7e089fa52611b1,link_5.2.1,5_2_1,link,22,36,2,512,Knot-Atlas-Gilbert-Fourier-base-plus-SIAF-global-diffeomorphism,L5a1,,"{""aspect"":1.12,""bulge_shear"":-0.08,""weave_shear"":-0.2}"
PKLSA_44e45f1f312e25,link_5.2.1,5_2_1,link,22,37,2,512,Knot-Atlas-Gilbert-Fourier-base-plus-SIAF-global-diffeomorphism,L5a1,,"{""aspect"":1.12,""bulge_shear"":-0.08,""weave_shear"":-0.06}"
PKLSA_1f00be8f8438e4,link_5.2.1,5_2_1,link,22,38,2,512,Knot-Atlas-Gilbert-Fourier-base-plus-SIAF-global-diffeomorphism,L5a1,,"{""aspect"":1.12,""bulge_shear"":-0.08,""weave_shear"":0.06}"
PKLSA_6848a1d82599b8,link_5.2.1,5_2_1,link,22,39,2,512,Knot-Atlas-Gilbert-Fourier-base-plus-SIAF-global-diffeomorphism,L5a1,,"{""aspect"":1.12,""bulge_shear"":-0.08,""weave_shear"":0.2}"
PKLSA_958973513dd9f8,link_5.2.1,5_2_1,link,22,40,2,512,Knot-Atlas-Gilbert-Fourier-base-plus-SIAF-global-diffeomorphism,L5a1,,"{""aspect"":1.12,""bulge_shear"":0.08,""weave_shear"":-0.2}"
PKLSA_3d2c31f252ca8a,link_5.2.1,5_2_1,link,22,41,2,512,Knot-Atlas-Gilbert-Fourier-base-plus-SIAF-global-diffeomorphism,L5a1,,"{""aspect"":1.12,""bulge_shear"":0.08,""weave_shear"":-0.06}"
PKLSA_b68c1edbd64e80,link_5.2.1,5_2_1,link,22,42,2,512,Knot-Atlas-Gilbert-Fourier-base-plus-SIAF-global-diffeomorphism,L5a1,,"{""aspect"":1.12,""bulge_shear"":0.08,""weave_shear"":0.06}"
PKLSA_16448da534212e,link_5.2.1,5_2_1,link,22,43,2,512,Knot-Atlas-Gilbert-Fourier-base-plus-SIAF-global-diffeomorphism,L5a1,,"{""aspect"":1.12,""bulge_shear"":0.08,""weave_shear"":0.2}"
PKLSA_8f850f43474788,link_5.2.1,5_2_1,link,22,44,2,512,Knot-Atlas-Gilbert-Fourier-base-plus-SIAF-global-diffeomorphism,L5a1,,"{""aspect"":1.12,""bulge_shear"":0.24,""weave_shear"":-0.2}"
PKLSA_bc2c04f0f4a41f,link_5.2.1,5_2_1,link,22,45,2,512,Knot-Atlas-Gilbert-Fourier-base-plus-SIAF-global-diffeomorphism,L5a1,,"{""aspect"":1.12,""bulge_shear"":0.24,""weave_shear"":-0.06}"
PKLSA_1021c7e9cdceee,link_5.2.1,5_2_1,link,22,46,2,512,Knot-Atlas-Gilbert-Fourier-base-plus-SIAF-global-diffeomorphism,L5a1,,"{""aspect"":1.12,""bulge_shear"":0.24,""weave_shear"":0.06}"
PKLSA_ca771694834d46,link_5.2.1,5_2_1,link,22,47,2,512,Knot-Atlas-Gilbert-Fourier-base-plus-SIAF-global-diffeomorphism,L5a1,,"{""aspect"":1.12,""bulge_shear"":0.24,""weave_shear"":0.2}"
PKLSA_64e95438056c23,knot_6.1,6_1,knot,23,0,1,512,Knot-Atlas-Gilbert-Fourier-base-plus-SIAF-global-diffeomorphism,6:1:1,,"{""aspect"":0.88,""bulge_shear"":-0.24,""weave_shear"":-0.2}"
PKLSA_49ef920c0ee645,knot_6.1,6_1,knot,23,1,1,512,Knot-Atlas-Gilbert-Fourier-base-plus-SIAF-global-diffeomorphism,6:1:1,,"{""aspect"":0.88,""bulge_shear"":-0.24,""weave_shear"":-0.06}"
PKLSA_37a06c160ea069,knot_6.1,6_1,knot,23,2,1,512,Knot-Atlas-Gilbert-Fourier-base-plus-SIAF-global-diffeomorphism,6:1:1,,"{""aspect"":0.88,""bulge_shear"":-0.24,""weave_shear"":0.06}"
PKLSA_c8f2eabf919f56,knot_6.1,6_1,knot,23,3,1,512,Knot-Atlas-Gilbert-Fourier-base-plus-SIAF-global-diffeomorphism,6:1:1,,"{""aspect"":0.88,""bulge_shear"":-0.24,""weave_shear"":0.2}"
PKLSA_1a8d192fc8c40c,knot_6.1,6_1,knot,23,4,1,512,Knot-Atlas-Gilbert-Fourier-base-plus-SIAF-global-diffeomorphism,6:1:1,,"{""aspect"":0.88,""bulge_shear"":-0.08,""weave_shear"":-0.2}"
PKLSA_53b847187be6ff,knot_6.1,6_1,knot,23,5,1,512,Knot-Atlas-Gilbert-Fourier-base-plus-SIAF-global-diffeomorphism,6:1:1,,"{""aspect"":0.88,""bulge_shear"":-0.08,""weave_shear"":-0.06}"
PKLSA_8ead0e48d98904,knot_6.1,6_1,knot,23,6,1,512,Knot-Atlas-Gilbert-Fourier-base-plus-SIAF-global-diffeomorphism,6:1:1,,"{""aspect"":0.88,""bulge_shear"":-0.08,""weave_shear"":0.06}"
PKLSA_0a026d52725fec,knot_6.1,6_1,knot,23,7,1,512,Knot-Atlas-Gilbert-Fourier-base-plus-SIAF-global-diffeomorphism,6:1:1,,"{""aspect"":0.88,""bulge_shear"":-0.08,""weave_shear"":0.2}"
PKLSA_18053aa3930a0d,knot_6.1,6_1,knot,23,8,1,512,Knot-Atlas-Gilbert-Fourier-base-plus-SIAF-global-diffeomorphism,6:1:1,,"{""aspect"":0.88,""bulge_shear"":0.08,""weave_shear"":-0.2}"
PKLSA_17c88d4f5b504b,knot_6.1,6_1,knot,23,9,1,512,Knot-Atlas-Gilbert-Fourier-base-plus-SIAF-global-diffeomorphism,6:1:1,,"{""aspect"":0.88,""bulge_shear"":0.08,""weave_shear"":-0.06}"
PKLSA_96a37b8941abc6,knot_6.1,6_1,knot,23,10,1,512,Knot-Atlas-Gilbert-Fourier-base-plus-SIAF-global-diffeomorphism,6:1:1,,"{""aspect"":0.88,""bulge_shear"":0.08,""weave_shear"":0.06}"
PKLSA_2e5691dc221c7c,knot_6.1,6_1,knot,23,11,1,512,Knot-Atlas-Gilbert-Fourier-base-plus-SIAF-global-diffeomorphism,6:1:1,,"{""aspect"":0.88,""bulge_shear"":0.08,""weave_shear"":0.2}"
PKLSA_9a4aa2bb867ca9,knot_6.1,6_1,knot,23,12,1,512,Knot-Atlas-Gilbert-Fourier-base-plus-SIAF-global-diffeomorphism,6:1:1,,"{""aspect"":0.88,""bulge_shear"":0.24,""weave_shear"":-0.2}"
PKLSA_e6ebb59a746c1d,knot_6.1,6_1,knot,23,13,1,512,Knot-Atlas-Gilbert-Fourier-base-plus-SIAF-global-diffeomorphism,6:1:1,,"{""aspect"":0.88,""bulge_shear"":0.24,""weave_shear"":-0.06}"
PKLSA_ecc91b66ce5fac,knot_6.1,6_1,knot,23,14,1,512,Knot-Atlas-Gilbert-Fourier-base-plus-SIAF-global-diffeomorphism,6:1:1,,"{""aspect"":0.88,""bulge_shear"":0.24,""weave_shear"":0.06}"
PKLSA_f0fdbda8c0dc7c,knot_6.1,6_1,knot,23,15,1,512,Knot-Atlas-Gilbert-Fourier-base-plus-SIAF-global-diffeomorphism,6:1:1,,"{""aspect"":0.88,""bulge_shear"":0.24,""weave_shear"":0.2}"
PKLSA_ba93fb8a78beef,knot_6.1,6_1,knot,23,16,1,512,Knot-Atlas-Gilbert-Fourier-base-plus-SIAF-global-diffeomorphism,6:1:1,,"{""aspect"":1.0,""bulge_shear"":-0.24,""weave_shear"":-0.2}"
PKLSA_0f731b756394a7,knot_6.1,6_1,knot,23,17,1,512,Knot-Atlas-Gilbert-Fourier-base-plus-SIAF-global-diffeomorphism,6:1:1,,"{""aspect"":1.0,""bulge_shear"":-0.24,""weave_shear"":-0.06}"
PKLSA_fbb45e742a0965,knot_6.1,6_1,knot,23,18,1,512,Knot-Atlas-Gilbert-Fourier-base-plus-SIAF-global-diffeomorphism,6:1:1,,"{""aspect"":1.0,""bulge_shear"":-0.24,""weave_shear"":0.06}"
PKLSA_0bf15491c92586,knot_6.1,6_1,knot,23,19,1,512,Knot-Atlas-Gilbert-Fourier-base-plus-SIAF-global-diffeomorphism,6:1:1,,"{""aspect"":1.0,""bulge_shear"":-0.24,""weave_shear"":0.2}"
PKLSA_dcdbf6af8e1c4b,knot_6.1,6_1,knot,23,20,1,512,Knot-Atlas-Gilbert-Fourier-base-plus-SIAF-global-diffeomorphism,6:1:1,,"{""aspect"":1.0,""bulge_shear"":-0.08,""weave_shear"":-0.2}"
PKLSA_cdd823fd901bd7,knot_6.1,6_1,knot,23,21,1,512,Knot-Atlas-Gilbert-Fourier-base-plus-SIAF-global-diffeomorphism,6:1:1,,"{""aspect"":1.0,""bulge_shear"":-0.08,""weave_shear"":-0.06}"
PKLSA_e98b70d5eac3ad,knot_6.1,6_1,knot,23,22,1,512,Knot-Atlas-Gilbert-Fourier-base-plus-SIAF-global-diffeomorphism,6:1:1,,"{""aspect"":1.0,""bulge_shear"":-0.08,""weave_shear"":0.06}"
PKLSA_eac1fe0732a047,knot_6.1,6_1,knot,23,23,1,512,Knot-Atlas-Gilbert-Fourier-base-plus-SIAF-global-diffeomorphism,6:1:1,,"{""aspect"":1.0,""bulge_shear"":-0.08,""weave_shear"":0.2}"
PKLSA_74634298ac7745,knot_6.1,6_1,knot,23,24,1,512,Knot-Atlas-Gilbert-Fourier-base-plus-SIAF-global-diffeomorphism,6:1:1,,"{""aspect"":1.0,""bulge_shear"":0.08,""weave_shear"":-0.2}"
PKLSA_bdb9b043e08f40,knot_6.1,6_1,knot,23,25,1,512,Knot-Atlas-Gilbert-Fourier-base-plus-SIAF-global-diffeomorphism,6:1:1,,"{""aspect"":1.0,""bulge_shear"":0.08,""weave_shear"":-0.06}"
PKLSA_f0399bae727208,knot_6.1,6_1,knot,23,26,1,512,Knot-Atlas-Gilbert-Fourier-base-plus-SIAF-global-diffeomorphism,6:1:1,,"{""aspect"":1.0,""bulge_shear"":0.08,""weave_shear"":0.06}"
PKLSA_b5945a06948340,knot_6.1,6_1,knot,23,27,1,512,Knot-Atlas-Gilbert-Fourier-base-plus-SIAF-global-diffeomorphism,6:1:1,,"{""aspect"":1.0,""bulge_shear"":0.08,""weave_shear"":0.2}"
PKLSA_51d23aa09dfa91,knot_6.1,6_1,knot,23,28,1,512,Knot-Atlas-Gilbert-Fourier-base-plus-SIAF-global-diffeomorphism,6:1:1,,"{""aspect"":1.0,""bulge_shear"":0.24,""weave_shear"":-0.2}"
PKLSA_f7f48c66095ba1,knot_6.1,6_1,knot,23,29,1,512,Knot-Atlas-Gilbert-Fourier-base-plus-SIAF-global-diffeomorphism,6:1:1,,"{""aspect"":1.0,""bulge_shear"":0.24,""weave_shear"":-0.06}"
PKLSA_0a00e7e30c6d28,knot_6.1,6_1,knot,23,30,1,512,Knot-Atlas-Gilbert-Fourier-base-plus-SIAF-global-diffeomorphism,6:1:1,,"{""aspect"":1.0,""bulge_shear"":0.24,""weave_shear"":0.06}"
PKLSA_4399145983a8d3,knot_6.1,6_1,knot,23,31,1,512,Knot-Atlas-Gilbert-Fourier-base-plus-SIAF-global-diffeomorphism,6:1:1,,"{""aspect"":1.0,""bulge_shear"":0.24,""weave_shear"":0.2}"
PKLSA_ce2003cb862e19,knot_6.1,6_1,knot,23,32,1,512,Knot-Atlas-Gilbert-Fourier-base-plus-SIAF-global-diffeomorphism,6:1:1,,"{""aspect"":1.12,""bulge_shear"":-0.24,""weave_shear"":-0.2}"
PKLSA_8643cebe5b33f5,knot_6.1,6_1,knot,23,33,1,512,Knot-Atlas-Gilbert-Fourier-base-plus-SIAF-global-diffeomorphism,6:1:1,,"{""aspect"":1.12,""bulge_shear"":-0.24,""weave_shear"":-0.06}"
PKLSA_934aafa3aea916,knot_6.1,6_1,knot,23,34,1,512,Knot-Atlas-Gilbert-Fourier-base-plus-SIAF-global-diffeomorphism,6:1:1,,"{""aspect"":1.12,""bulge_shear"":-0.24,""weave_shear"":0.06}"
PKLSA_b90ebd20445f34,knot_6.1,6_1,knot,23,35,1,512,Knot-Atlas-Gilbert-Fourier-base-plus-SIAF-global-diffeomorphism,6:1:1,,"{""aspect"":1.12,""bulge_shear"":-0.24,""weave_shear"":0.2}"
PKLSA_aef4bf9107fffa,knot_6.1,6_1,knot,23,36,1,512,Knot-Atlas-Gilbert-Fourier-base-plus-SIAF-global-diffeomorphism,6:1:1,,"{""aspect"":1.12,""bulge_shear"":-0.08,""weave_shear"":-0.2}"
PKLSA_2a202e5a36dff9,knot_6.1,6_1,knot,23,37,1,512,Knot-Atlas-Gilbert-Fourier-base-plus-SIAF-global-diffeomorphism,6:1:1,,"{""aspect"":1.12,""bulge_shear"":-0.08,""weave_shear"":-0.06}"
PKLSA_045c2f6598bb35,knot_6.1,6_1,knot,23,38,1,512,Knot-Atlas-Gilbert-Fourier-base-plus-SIAF-global-diffeomorphism,6:1:1,,"{""aspect"":1.12,""bulge_shear"":-0.08,""weave_shear"":0.06}"
PKLSA_7799427876d3f1,knot_6.1,6_1,knot,23,39,1,512,Knot-Atlas-Gilbert-Fourier-base-plus-SIAF-global-diffeomorphism,6:1:1,,"{""aspect"":1.12,""bulge_shear"":-0.08,""weave_shear"":0.2}"
PKLSA_a5d60d63597ad3,knot_6.1,6_1,knot,23,40,1,512,Knot-Atlas-Gilbert-Fourier-base-plus-SIAF-global-diffeomorphism,6:1:1,,"{""aspect"":1.12,""bulge_shear"":0.08,""weave_shear"":-0.2}"
PKLSA_58dce72fd42435,knot_6.1,6_1,knot,23,41,1,512,Knot-Atlas-Gilbert-Fourier-base-plus-SIAF-global-diffeomorphism,6:1:1,,"{""aspect"":1.12,""bulge_shear"":0.08,""weave_shear"":-0.06}"
PKLSA_468c38d541b6f8,knot_6.1,6_1,knot,23,42,1,512,Knot-Atlas-Gilbert-Fourier-base-plus-SIAF-global-diffeomorphism,6:1:1,,"{""aspect"":1.12,""bulge_shear"":0.08,""weave_shear"":0.06}"
PKLSA_d402baebfc25f5,knot_6.1,6_1,knot,23,43,1,512,Knot-Atlas-Gilbert-Fourier-base-plus-SIAF-global-diffeomorphism,6:1:1,,"{""aspect"":1.12,""bulge_shear"":0.08,""weave_shear"":0.2}"
PKLSA_9f246aacaf9bea,knot_6.1,6_1,knot,23,44,1,512,Knot-Atlas-Gilbert-Fourier-base-plus-SIAF-global-diffeomorphism,6:1:1,,"{""aspect"":1.12,""bulge_shear"":0.24,""weave_shear"":-0.2}"
PKLSA_2a55868308bf48,knot_6.1,6_1,knot,23,45,1,512,Knot-Atlas-Gilbert-Fourier-base-plus-SIAF-global-diffeomorphism,6:1:1,,"{""aspect"":1.12,""bulge_shear"":0.24,""weave_shear"":-0.06}"
PKLSA_939c94ca4e0a39,knot_6.1,6_1,knot,23,46,1,512,Knot-Atlas-Gilbert-Fourier-base-plus-SIAF-global-diffeomorphism,6:1:1,,"{""aspect"":1.12,""bulge_shear"":0.24,""weave_shear"":0.06}"
PKLSA_f4208fcd23f487,knot_6.1,6_1,knot,23,47,1,512,Knot-Atlas-Gilbert-Fourier-base-plus-SIAF-global-diffeomorphism,6:1:1,,"{""aspect"":1.12,""bulge_shear"":0.24,""weave_shear"":0.2}"
PKLSA_03bcc4c48545cf,torus_6.15,6_15,torus_link,24,0,3,512,analytic-generalized-shader-track-torus-family,"T(6,15) analytic construction",,"{""R"":2.8,""a"":0.65,""b"":0.65,""p"":6,""q"":15}"
PKLSA_76e05ef6cb12df,torus_6.15,6_15,torus_link,24,1,3,512,analytic-generalized-shader-track-torus-family,"T(6,15) analytic construction",,"{""R"":2.8,""a"":0.65,""b"":0.9,""p"":6,""q"":15}"
PKLSA_b2aa34319851ce,torus_6.15,6_15,torus_link,24,2,3,512,analytic-generalized-shader-track-torus-family,"T(6,15) analytic construction",,"{""R"":2.8,""a"":0.65,""b"":1.15,""p"":6,""q"":15}"
PKLSA_b50dbf380327d1,torus_6.15,6_15,torus_link,24,3,3,512,analytic-generalized-shader-track-torus-family,"T(6,15) analytic construction",,"{""R"":2.8,""a"":0.65,""b"":1.4,""p"":6,""q"":15}"
PKLSA_6680409c44396e,torus_6.15,6_15,torus_link,24,4,3,512,analytic-generalized-shader-track-torus-family,"T(6,15) analytic construction",,"{""R"":2.8,""a"":0.85,""b"":0.65,""p"":6,""q"":15}"
PKLSA_73a47e8a13dcdc,torus_6.15,6_15,torus_link,24,5,3,512,analytic-generalized-shader-track-torus-family,"T(6,15) analytic construction",,"{""R"":2.8,""a"":0.85,""b"":0.9,""p"":6,""q"":15}"
PKLSA_4b3c1a42ab9891,torus_6.15,6_15,torus_link,24,6,3,512,analytic-generalized-shader-track-torus-family,"T(6,15) analytic construction",,"{""R"":2.8,""a"":0.85,""b"":1.15,""p"":6,""q"":15}"
PKLSA_d736f42a196aa6,torus_6.15,6_15,torus_link,24,7,3,512,analytic-generalized-shader-track-torus-family,"T(6,15) analytic construction",,"{""R"":2.8,""a"":0.85,""b"":1.4,""p"":6,""q"":15}"
PKLSA_22d03bebf59b6c,torus_6.15,6_15,torus_link,24,8,3,512,analytic-generalized-shader-track-torus-family,"T(6,15) analytic construction",,"{""R"":2.8,""a"":1.05,""b"":0.65,""p"":6,""q"":15}"
PKLSA_f499689c0b31d4,torus_6.15,6_15,torus_link,24,9,3,512,analytic-generalized-shader-track-torus-family,"T(6,15) analytic construction",,"{""R"":2.8,""a"":1.05,""b"":0.9,""p"":6,""q"":15}"
PKLSA_c9cd3b0d9e73f1,torus_6.15,6_15,torus_link,24,10,3,512,analytic-generalized-shader-track-torus-family,"T(6,15) analytic construction",,"{""R"":2.8,""a"":1.05,""b"":1.15,""p"":6,""q"":15}"
PKLSA_57214bd3eb59ee,torus_6.15,6_15,torus_link,24,11,3,512,analytic-generalized-shader-track-torus-family,"T(6,15) analytic construction",,"{""R"":2.8,""a"":1.05,""b"":1.4,""p"":6,""q"":15}"
PKLSA_eb5b9afbd32fd7,torus_6.15,6_15,torus_link,24,12,3,512,analytic-generalized-shader-track-torus-family,"T(6,15) analytic construction",,"{""R"":2.8,""a"":1.25,""b"":0.65,""p"":6,""q"":15}"
PKLSA_eee4f3effa8a4e,torus_6.15,6_15,torus_link,24,13,3,512,analytic-generalized-shader-track-torus-family,"T(6,15) analytic construction",,"{""R"":2.8,""a"":1.25,""b"":0.9,""p"":6,""q"":15}"
PKLSA_a0f021fa9c1094,torus_6.15,6_15,torus_link,24,14,3,512,analytic-generalized-shader-track-torus-family,"T(6,15) analytic construction",,"{""R"":2.8,""a"":1.25,""b"":1.15,""p"":6,""q"":15}"
PKLSA_596038cdcfde91,torus_6.15,6_15,torus_link,24,15,3,512,analytic-generalized-shader-track-torus-family,"T(6,15) analytic construction",,"{""R"":2.8,""a"":1.25,""b"":1.4,""p"":6,""q"":15}"
PKLSA_2736f0a5a1817a,torus_6.15,6_15,torus_link,24,16,3,512,analytic-generalized-shader-track-torus-family,"T(6,15) analytic construction",,"{""R"":3.2,""a"":0.65,""b"":0.65,""p"":6,""q"":15}"
PKLSA_c617d35f7b073a,torus_6.15,6_15,torus_link,24,17,3,512,analytic-generalized-shader-track-torus-family,"T(6,15) analytic construction",,"{""R"":3.2,""a"":0.65,""b"":0.9,""p"":6,""q"":15}"
PKLSA_d957b760bd5671,torus_6.15,6_15,torus_link,24,18,3,512,analytic-generalized-shader-track-torus-family,"T(6,15) analytic construction",,"{""R"":3.2,""a"":0.65,""b"":1.15,""p"":6,""q"":15}"
PKLSA_4a1d4e2dd2565d,torus_6.15,6_15,torus_link,24,19,3,512,analytic-generalized-shader-track-torus-family,"T(6,15) analytic construction",,"{""R"":3.2,""a"":0.65,""b"":1.4,""p"":6,""q"":15}"
PKLSA_4b985aeda992ac,torus_6.15,6_15,torus_link,24,20,3,512,analytic-generalized-shader-track-torus-family,"T(6,15) analytic construction",,"{""R"":3.2,""a"":0.85,""b"":0.65,""p"":6,""q"":15}"
PKLSA_49e57a64086fcf,torus_6.15,6_15,torus_link,24,21,3,512,analytic-generalized-shader-track-torus-family,"T(6,15) analytic construction",,"{""R"":3.2,""a"":0.85,""b"":0.9,""p"":6,""q"":15}"
PKLSA_9a051996bef662,torus_6.15,6_15,torus_link,24,22,3,512,analytic-generalized-shader-track-torus-family,"T(6,15) analytic construction",,"{""R"":3.2,""a"":0.85,""b"":1.15,""p"":6,""q"":15}"
PKLSA_a8c66f12a234bd,torus_6.15,6_15,torus_link,24,23,3,512,analytic-generalized-shader-track-torus-family,"T(6,15) analytic construction",,"{""R"":3.2,""a"":0.85,""b"":1.4,""p"":6,""q"":15}"
PKLSA_bb8ff1b43e42ac,torus_6.15,6_15,torus_link,24,24,3,512,analytic-generalized-shader-track-torus-family,"T(6,15) analytic construction",,"{""R"":3.2,""a"":1.05,""b"":0.65,""p"":6,""q"":15}"
PKLSA_cc311d507356e4,torus_6.15,6_15,torus_link,24,25,3,512,analytic-generalized-shader-track-torus-family,"T(6,15) analytic construction",,"{""R"":3.2,""a"":1.05,""b"":0.9,""p"":6,""q"":15}"
PKLSA_7bdd145936fca6,torus_6.15,6_15,torus_link,24,26,3,512,analytic-generalized-shader-track-torus-family,"T(6,15) analytic construction",,"{""R"":3.2,""a"":1.05,""b"":1.15,""p"":6,""q"":15}"
PKLSA_1f82a8f16470b4,torus_6.15,6_15,torus_link,24,27,3,512,analytic-generalized-shader-track-torus-family,"T(6,15) analytic construction",,"{""R"":3.2,""a"":1.05,""b"":1.4,""p"":6,""q"":15}"
PKLSA_f314203ae5fa5b,torus_6.15,6_15,torus_link,24,28,3,512,analytic-generalized-shader-track-torus-family,"T(6,15) analytic construction",,"{""R"":3.2,""a"":1.25,""b"":0.65,""p"":6,""q"":15}"
PKLSA_84aae4acb6fce6,torus_6.15,6_15,torus_link,24,29,3,512,analytic-generalized-shader-track-torus-family,"T(6,15) analytic construction",,"{""R"":3.2,""a"":1.25,""b"":0.9,""p"":6,""q"":15}"
PKLSA_60bd025346ec8b,torus_6.15,6_15,torus_link,24,30,3,512,analytic-generalized-shader-track-torus-family,"T(6,15) analytic construction",,"{""R"":3.2,""a"":1.25,""b"":1.15,""p"":6,""q"":15}"
PKLSA_53d99ab3af891d,torus_6.15,6_15,torus_link,24,31,3,512,analytic-generalized-shader-track-torus-family,"T(6,15) analytic construction",,"{""R"":3.2,""a"":1.25,""b"":1.4,""p"":6,""q"":15}"
PKLSA_d0f6c78dc9ec9a,torus_6.15,6_15,torus_link,24,32,3,512,analytic-generalized-shader-track-torus-family,"T(6,15) analytic construction",,"{""R"":3.6,""a"":0.65,""b"":0.65,""p"":6,""q"":15}"
PKLSA_bf1816b16c8baa,torus_6.15,6_15,torus_link,24,33,3,512,analytic-generalized-shader-track-torus-family,"T(6,15) analytic construction",,"{""R"":3.6,""a"":0.65,""b"":0.9,""p"":6,""q"":15}"
PKLSA_2c2fac40ccf2ad,torus_6.15,6_15,torus_link,24,34,3,512,analytic-generalized-shader-track-torus-family,"T(6,15) analytic construction",,"{""R"":3.6,""a"":0.65,""b"":1.15,""p"":6,""q"":15}"
PKLSA_be26041c61d338,torus_6.15,6_15,torus_link,24,35,3,512,analytic-generalized-shader-track-torus-family,"T(6,15) analytic construction",,"{""R"":3.6,""a"":0.65,""b"":1.4,""p"":6,""q"":15}"
PKLSA_ce767d1b8295c2,torus_6.15,6_15,torus_link,24,36,3,512,analytic-generalized-shader-track-torus-family,"T(6,15) analytic construction",,"{""R"":3.6,""a"":0.85,""b"":0.65,""p"":6,""q"":15}"
PKLSA_60092e9af70467,torus_6.15,6_15,torus_link,24,37,3,512,analytic-generalized-shader-track-torus-family,"T(6,15) analytic construction",,"{""R"":3.6,""a"":0.85,""b"":0.9,""p"":6,""q"":15}"
PKLSA_f07b9408599c67,torus_6.15,6_15,torus_link,24,38,3,512,analytic-generalized-shader-track-torus-family,"T(6,15) analytic construction",,"{""R"":3.6,""a"":0.85,""b"":1.15,""p"":6,""q"":15}"
PKLSA_6f0924f0617d43,torus_6.15,6_15,torus_link,24,39,3,512,analytic-generalized-shader-track-torus-family,"T(6,15) analytic construction",,"{""R"":3.6,""a"":0.85,""b"":1.4,""p"":6,""q"":15}"
PKLSA_34dc37bb84f40d,torus_6.15,6_15,torus_link,24,40,3,512,analytic-generalized-shader-track-torus-family,"T(6,15) analytic construction",,"{""R"":3.6,""a"":1.05,""b"":0.65,""p"":6,""q"":15}"
PKLSA_1632f5a3e5d4f4,torus_6.15,6_15,torus_link,24,41,3,512,analytic-generalized-shader-track-torus-family,"T(6,15) analytic construction",,"{""R"":3.6,""a"":1.05,""b"":0.9,""p"":6,""q"":15}"
PKLSA_5ccc2fd783997d,torus_6.15,6_15,torus_link,24,42,3,512,analytic-generalized-shader-track-torus-family,"T(6,15) analytic construction",,"{""R"":3.6,""a"":1.05,""b"":1.15,""p"":6,""q"":15}"
PKLSA_51413e08638b13,torus_6.15,6_15,torus_link,24,43,3,512,analytic-generalized-shader-track-torus-family,"T(6,15) analytic construction",,"{""R"":3.6,""a"":1.05,""b"":1.4,""p"":6,""q"":15}"
PKLSA_2cfe8cbbc142f8,torus_6.15,6_15,torus_link,24,44,3,512,analytic-generalized-shader-track-torus-family,"T(6,15) analytic construction",,"{""R"":3.6,""a"":1.25,""b"":0.65,""p"":6,""q"":15}"
PKLSA_9799d5762bf4d5,torus_6.15,6_15,torus_link,24,45,3,512,analytic-generalized-shader-track-torus-family,"T(6,15) analytic construction",,"{""R"":3.6,""a"":1.25,""b"":0.9,""p"":6,""q"":15}"
PKLSA_d4986e188e6dc7,torus_6.15,6_15,torus_link,24,46,3,512,analytic-generalized-shader-track-torus-family,"T(6,15) analytic construction",,"{""R"":3.6,""a"":1.25,""b"":1.15,""p"":6,""q"":15}"
PKLSA_4bb2056af23e33,torus_6.15,6_15,torus_link,24,47,3,512,analytic-generalized-shader-track-torus-family,"T(6,15) analytic construction",,"{""R"":3.6,""a"":1.25,""b"":1.4,""p"":6,""q"":15}"
PKLSA_ee251625f635fd,knot_6.2,6_2,knot,25,0,1,512,Knot-Atlas-Gilbert-Fourier-base-plus-SIAF-global-diffeomorphism,6:1:2,,"{""aspect"":0.88,""bulge_shear"":-0.24,""weave_shear"":-0.2}"
PKLSA_78d313cd782e48,knot_6.2,6_2,knot,25,1,1,512,Knot-Atlas-Gilbert-Fourier-base-plus-SIAF-global-diffeomorphism,6:1:2,,"{""aspect"":0.88,""bulge_shear"":-0.24,""weave_shear"":-0.06}"
PKLSA_a37192e5de1d98,knot_6.2,6_2,knot,25,2,1,512,Knot-Atlas-Gilbert-Fourier-base-plus-SIAF-global-diffeomorphism,6:1:2,,"{""aspect"":0.88,""bulge_shear"":-0.24,""weave_shear"":0.06}"
PKLSA_23d13f0f6cbb38,knot_6.2,6_2,knot,25,3,1,512,Knot-Atlas-Gilbert-Fourier-base-plus-SIAF-global-diffeomorphism,6:1:2,,"{""aspect"":0.88,""bulge_shear"":-0.24,""weave_shear"":0.2}"
PKLSA_6bc66377a6ab44,knot_6.2,6_2,knot,25,4,1,512,Knot-Atlas-Gilbert-Fourier-base-plus-SIAF-global-diffeomorphism,6:1:2,,"{""aspect"":0.88,""bulge_shear"":-0.08,""weave_shear"":-0.2}"
PKLSA_013e94e9ef9345,knot_6.2,6_2,knot,25,5,1,512,Knot-Atlas-Gilbert-Fourier-base-plus-SIAF-global-diffeomorphism,6:1:2,,"{""aspect"":0.88,""bulge_shear"":-0.08,""weave_shear"":-0.06}"
PKLSA_258a2bf32dce8f,knot_6.2,6_2,knot,25,6,1,512,Knot-Atlas-Gilbert-Fourier-base-plus-SIAF-global-diffeomorphism,6:1:2,,"{""aspect"":0.88,""bulge_shear"":-0.08,""weave_shear"":0.06}"
PKLSA_aee81653e5c12d,knot_6.2,6_2,knot,25,7,1,512,Knot-Atlas-Gilbert-Fourier-base-plus-SIAF-global-diffeomorphism,6:1:2,,"{""aspect"":0.88,""bulge_shear"":-0.08,""weave_shear"":0.2}"
PKLSA_741bccea842ac4,knot_6.2,6_2,knot,25,8,1,512,Knot-Atlas-Gilbert-Fourier-base-plus-SIAF-global-diffeomorphism,6:1:2,,"{""aspect"":0.88,""bulge_shear"":0.08,""weave_shear"":-0.2}"
PKLSA_96a2cd213474f1,knot_6.2,6_2,knot,25,9,1,512,Knot-Atlas-Gilbert-Fourier-base-plus-SIAF-global-diffeomorphism,6:1:2,,"{""aspect"":0.88,""bulge_shear"":0.08,""weave_shear"":-0.06}"
PKLSA_3783d389cda348,knot_6.2,6_2,knot,25,10,1,512,Knot-Atlas-Gilbert-Fourier-base-plus-SIAF-global-diffeomorphism,6:1:2,,"{""aspect"":0.88,""bulge_shear"":0.08,""weave_shear"":0.06}"
PKLSA_a323704edbb4de,knot_6.2,6_2,knot,25,11,1,512,Knot-Atlas-Gilbert-Fourier-base-plus-SIAF-global-diffeomorphism,6:1:2,,"{""aspect"":0.88,""bulge_shear"":0.08,""weave_shear"":0.2}"
PKLSA_acde1f6a49c15a,knot_6.2,6_2,knot,25,12,1,512,Knot-Atlas-Gilbert-Fourier-base-plus-SIAF-global-diffeomorphism,6:1:2,,"{""aspect"":0.88,""bulge_shear"":0.24,""weave_shear"":-0.2}"
PKLSA_149494389644c0,knot_6.2,6_2,knot,25,13,1,512,Knot-Atlas-Gilbert-Fourier-base-plus-SIAF-global-diffeomorphism,6:1:2,,"{""aspect"":0.88,""bulge_shear"":0.24,""weave_shear"":-0.06}"
PKLSA_f265d72b583ec9,knot_6.2,6_2,knot,25,14,1,512,Knot-Atlas-Gilbert-Fourier-base-plus-SIAF-global-diffeomorphism,6:1:2,,"{""aspect"":0.88,""bulge_shear"":0.24,""weave_shear"":0.06}"
PKLSA_21dcd106b7c49f,knot_6.2,6_2,knot,25,15,1,512,Knot-Atlas-Gilbert-Fourier-base-plus-SIAF-global-diffeomorphism,6:1:2,,"{""aspect"":0.88,""bulge_shear"":0.24,""weave_shear"":0.2}"
PKLSA_0051c8b0d55146,knot_6.2,6_2,knot,25,16,1,512,Knot-Atlas-Gilbert-Fourier-base-plus-SIAF-global-diffeomorphism,6:1:2,,"{""aspect"":1.0,""bulge_shear"":-0.24,""weave_shear"":-0.2}"
PKLSA_c878e8ab17e120,knot_6.2,6_2,knot,25,17,1,512,Knot-Atlas-Gilbert-Fourier-base-plus-SIAF-global-diffeomorphism,6:1:2,,"{""aspect"":1.0,""bulge_shear"":-0.24,""weave_shear"":-0.06}"
PKLSA_564bafd43900ca,knot_6.2,6_2,knot,25,18,1,512,Knot-Atlas-Gilbert-Fourier-base-plus-SIAF-global-diffeomorphism,6:1:2,,"{""aspect"":1.0,""bulge_shear"":-0.24,""weave_shear"":0.06}"
PKLSA_32dbaaac9044b0,knot_6.2,6_2,knot,25,19,1,512,Knot-Atlas-Gilbert-Fourier-base-plus-SIAF-global-diffeomorphism,6:1:2,,"{""aspect"":1.0,""bulge_shear"":-0.24,""weave_shear"":0.2}"
PKLSA_2581ae5211d5dd,knot_6.2,6_2,knot,25,20,1,512,Knot-Atlas-Gilbert-Fourier-base-plus-SIAF-global-diffeomorphism,6:1:2,,"{""aspect"":1.0,""bulge_shear"":-0.08,""weave_shear"":-0.2}"
PKLSA_fffcd2cc965322,knot_6.2,6_2,knot,25,21,1,512,Knot-Atlas-Gilbert-Fourier-base-plus-SIAF-global-diffeomorphism,6:1:2,,"{""aspect"":1.0,""bulge_shear"":-0.08,""weave_shear"":-0.06}"
PKLSA_4077856290d7a2,knot_6.2,6_2,knot,25,22,1,512,Knot-Atlas-Gilbert-Fourier-base-plus-SIAF-global-diffeomorphism,6:1:2,,"{""aspect"":1.0,""bulge_shear"":-0.08,""weave_shear"":0.06}"
PKLSA_a234b656fb88c1,knot_6.2,6_2,knot,25,23,1,512,Knot-Atlas-Gilbert-Fourier-base-plus-SIAF-global-diffeomorphism,6:1:2,,"{""aspect"":1.0,""bulge_shear"":-0.08,""weave_shear"":0.2}"
PKLSA_8b7117cf56290a,knot_6.2,6_2,knot,25,24,1,512,Knot-Atlas-Gilbert-Fourier-base-plus-SIAF-global-diffeomorphism,6:1:2,,"{""aspect"":1.0,""bulge_shear"":0.08,""weave_shear"":-0.2}"
PKLSA_a1141ba0076847,knot_6.2,6_2,knot,25,25,1,512,Knot-Atlas-Gilbert-Fourier-base-plus-SIAF-global-diffeomorphism,6:1:2,,"{""aspect"":1.0,""bulge_shear"":0.08,""weave_shear"":-0.06}"
PKLSA_b6dba1ab00e3a6,knot_6.2,6_2,knot,25,26,1,512,Knot-Atlas-Gilbert-Fourier-base-plus-SIAF-global-diffeomorphism,6:1:2,,"{""aspect"":1.0,""bulge_shear"":0.08,""weave_shear"":0.06}"
PKLSA_e54b8c6c980c35,knot_6.2,6_2,knot,25,27,1,512,Knot-Atlas-Gilbert-Fourier-base-plus-SIAF-global-diffeomorphism,6:1:2,,"{""aspect"":1.0,""bulge_shear"":0.08,""weave_shear"":0.2}"
PKLSA_40674b5a391604,knot_6.2,6_2,knot,25,28,1,512,Knot-Atlas-Gilbert-Fourier-base-plus-SIAF-global-diffeomorphism,6:1:2,,"{""aspect"":1.0,""bulge_shear"":0.24,""weave_shear"":-0.2}"
PKLSA_a9da29afc4be32,knot_6.2,6_2,knot,25,29,1,512,Knot-Atlas-Gilbert-Fourier-base-plus-SIAF-global-diffeomorphism,6:1:2,,"{""aspect"":1.0,""bulge_shear"":0.24,""weave_shear"":-0.06}"
PKLSA_250910514142d0,knot_6.2,6_2,knot,25,30,1,512,Knot-Atlas-Gilbert-Fourier-base-plus-SIAF-global-diffeomorphism,6:1:2,,"{""aspect"":1.0,""bulge_shear"":0.24,""weave_shear"":0.06}"
PKLSA_3707b32018b9e7,knot_6.2,6_2,knot,25,31,1,512,Knot-Atlas-Gilbert-Fourier-base-plus-SIAF-global-diffeomorphism,6:1:2,,"{""aspect"":1.0,""bulge_shear"":0.24,""weave_shear"":0.2}"
PKLSA_963048f0826671,knot_6.2,6_2,knot,25,32,1,512,Knot-Atlas-Gilbert-Fourier-base-plus-SIAF-global-diffeomorphism,6:1:2,,"{""aspect"":1.12,""bulge_shear"":-0.24,""weave_shear"":-0.2}"
PKLSA_99715ae417bd15,knot_6.2,6_2,knot,25,33,1,512,Knot-Atlas-Gilbert-Fourier-base-plus-SIAF-global-diffeomorphism,6:1:2,,"{""aspect"":1.12,""bulge_shear"":-0.24,""weave_shear"":-0.06}"
PKLSA_4bd46f7b918503,knot_6.2,6_2,knot,25,34,1,512,Knot-Atlas-Gilbert-Fourier-base-plus-SIAF-global-diffeomorphism,6:1:2,,"{""aspect"":1.12,""bulge_shear"":-0.24,""weave_shear"":0.06}"
PKLSA_155a3a91b1e273,knot_6.2,6_2,knot,25,35,1,512,Knot-Atlas-Gilbert-Fourier-base-plus-SIAF-global-diffeomorphism,6:1:2,,"{""aspect"":1.12,""bulge_shear"":-0.24,""weave_shear"":0.2}"
PKLSA_399a2cb0e689e1,knot_6.2,6_2,knot,25,36,1,512,Knot-Atlas-Gilbert-Fourier-base-plus-SIAF-global-diffeomorphism,6:1:2,,"{""aspect"":1.12,""bulge_shear"":-0.08,""weave_shear"":-0.2}"
PKLSA_002ba38502dedc,knot_6.2,6_2,knot,25,37,1,512,Knot-Atlas-Gilbert-Fourier-base-plus-SIAF-global-diffeomorphism,6:1:2,,"{""aspect"":1.12,""bulge_shear"":-0.08,""weave_shear"":-0.06}"
PKLSA_a4154d784409f6,knot_6.2,6_2,knot,25,38,1,512,Knot-Atlas-Gilbert-Fourier-base-plus-SIAF-global-diffeomorphism,6:1:2,,"{""aspect"":1.12,""bulge_shear"":-0.08,""weave_shear"":0.06}"
PKLSA_46f798999e916e,knot_6.2,6_2,knot,25,39,1,512,Knot-Atlas-Gilbert-Fourier-base-plus-SIAF-global-diffeomorphism,6:1:2,,"{""aspect"":1.12,""bulge_shear"":-0.08,""weave_shear"":0.2}"
PKLSA_2aa22e287126d5,knot_6.2,6_2,knot,25,40,1,512,Knot-Atlas-Gilbert-Fourier-base-plus-SIAF-global-diffeomorphism,6:1:2,,"{""aspect"":1.12,""bulge_shear"":0.08,""weave_shear"":-0.2}"
PKLSA_5694780736e784,knot_6.2,6_2,knot,25,41,1,512,Knot-Atlas-Gilbert-Fourier-base-plus-SIAF-global-diffeomorphism,6:1:2,,"{""aspect"":1.12,""bulge_shear"":0.08,""weave_shear"":-0.06}"
PKLSA_af85f0409c4be6,knot_6.2,6_2,knot,25,42,1,512,Knot-Atlas-Gilbert-Fourier-base-plus-SIAF-global-diffeomorphism,6:1:2,,"{""aspect"":1.12,""bulge_shear"":0.08,""weave_shear"":0.06}"
PKLSA_9c8d8572243941,knot_6.2,6_2,knot,25,43,1,512,Knot-Atlas-Gilbert-Fourier-base-plus-SIAF-global-diffeomorphism,6:1:2,,"{""aspect"":1.12,""bulge_shear"":0.08,""weave_shear"":0.2}"
PKLSA_6997d21be2c2e4,knot_6.2,6_2,knot,25,44,1,512,Knot-Atlas-Gilbert-Fourier-base-plus-SIAF-global-diffeomorphism,6:1:2,,"{""aspect"":1.12,""bulge_shear"":0.24,""weave_shear"":-0.2}"
PKLSA_8fa5e472ca546b,knot_6.2,6_2,knot,25,45,1,512,Knot-Atlas-Gilbert-Fourier-base-plus-SIAF-global-diffeomorphism,6:1:2,,"{""aspect"":1.12,""bulge_shear"":0.24,""weave_shear"":-0.06}"
PKLSA_08192f7f89450e,knot_6.2,6_2,knot,25,46,1,512,Knot-Atlas-Gilbert-Fourier-base-plus-SIAF-global-diffeomorphism,6:1:2,,"{""aspect"":1.12,""bulge_shear"":0.24,""weave_shear"":0.06}"
PKLSA_999d1acddab40e,knot_6.2,6_2,knot,25,47,1,512,Knot-Atlas-Gilbert-Fourier-base-plus-SIAF-global-diffeomorphism,6:1:2,,"{""aspect"":1.12,""bulge_shear"":0.24,""weave_shear"":0.2}"
PKLSA_4029c04e031da6,torus_6.21,6_21,torus_link,26,0,3,512,analytic-generalized-shader-track-torus-family,"T(6,21) analytic construction",,"{""R"":2.8,""a"":0.65,""b"":0.65,""p"":6,""q"":21}"
PKLSA_7a99fc638d9214,torus_6.21,6_21,torus_link,26,1,3,512,analytic-generalized-shader-track-torus-family,"T(6,21) analytic construction",,"{""R"":2.8,""a"":0.65,""b"":0.9,""p"":6,""q"":21}"
PKLSA_02b01193ada18a,torus_6.21,6_21,torus_link,26,2,3,512,analytic-generalized-shader-track-torus-family,"T(6,21) analytic construction",,"{""R"":2.8,""a"":0.65,""b"":1.15,""p"":6,""q"":21}"
PKLSA_c39dcb7d6e8cef,torus_6.21,6_21,torus_link,26,3,3,512,analytic-generalized-shader-track-torus-family,"T(6,21) analytic construction",,"{""R"":2.8,""a"":0.65,""b"":1.4,""p"":6,""q"":21}"
PKLSA_1fb141d207421e,torus_6.21,6_21,torus_link,26,4,3,512,analytic-generalized-shader-track-torus-family,"T(6,21) analytic construction",,"{""R"":2.8,""a"":0.85,""b"":0.65,""p"":6,""q"":21}"
PKLSA_e1bb5e321bb7b8,torus_6.21,6_21,torus_link,26,5,3,512,analytic-generalized-shader-track-torus-family,"T(6,21) analytic construction",,"{""R"":2.8,""a"":0.85,""b"":0.9,""p"":6,""q"":21}"
PKLSA_b4a39c8ef64ad3,torus_6.21,6_21,torus_link,26,6,3,512,analytic-generalized-shader-track-torus-family,"T(6,21) analytic construction",,"{""R"":2.8,""a"":0.85,""b"":1.15,""p"":6,""q"":21}"
PKLSA_7ba859ed563936,torus_6.21,6_21,torus_link,26,7,3,512,analytic-generalized-shader-track-torus-family,"T(6,21) analytic construction",,"{""R"":2.8,""a"":0.85,""b"":1.4,""p"":6,""q"":21}"
PKLSA_59f407b7d9e3d8,torus_6.21,6_21,torus_link,26,8,3,512,analytic-generalized-shader-track-torus-family,"T(6,21) analytic construction",,"{""R"":2.8,""a"":1.05,""b"":0.65,""p"":6,""q"":21}"
PKLSA_4afc70747c6448,torus_6.21,6_21,torus_link,26,9,3,512,analytic-generalized-shader-track-torus-family,"T(6,21) analytic construction",,"{""R"":2.8,""a"":1.05,""b"":0.9,""p"":6,""q"":21}"
PKLSA_b859c9aa993120,torus_6.21,6_21,torus_link,26,10,3,512,analytic-generalized-shader-track-torus-family,"T(6,21) analytic construction",,"{""R"":2.8,""a"":1.05,""b"":1.15,""p"":6,""q"":21}"
PKLSA_30be48162c2040,torus_6.21,6_21,torus_link,26,11,3,512,analytic-generalized-shader-track-torus-family,"T(6,21) analytic construction",,"{""R"":2.8,""a"":1.05,""b"":1.4,""p"":6,""q"":21}"
PKLSA_bdc6a2b88eac46,torus_6.21,6_21,torus_link,26,12,3,512,analytic-generalized-shader-track-torus-family,"T(6,21) analytic construction",,"{""R"":2.8,""a"":1.25,""b"":0.65,""p"":6,""q"":21}"
PKLSA_201c5f7e315d2c,torus_6.21,6_21,torus_link,26,13,3,512,analytic-generalized-shader-track-torus-family,"T(6,21) analytic construction",,"{""R"":2.8,""a"":1.25,""b"":0.9,""p"":6,""q"":21}"
PKLSA_26a95815b523a9,torus_6.21,6_21,torus_link,26,14,3,512,analytic-generalized-shader-track-torus-family,"T(6,21) analytic construction",,"{""R"":2.8,""a"":1.25,""b"":1.15,""p"":6,""q"":21}"
PKLSA_96af43f981f8da,torus_6.21,6_21,torus_link,26,15,3,512,analytic-generalized-shader-track-torus-family,"T(6,21) analytic construction",,"{""R"":2.8,""a"":1.25,""b"":1.4,""p"":6,""q"":21}"
PKLSA_0e0ec1bdc819c0,torus_6.21,6_21,torus_link,26,16,3,512,analytic-generalized-shader-track-torus-family,"T(6,21) analytic construction",,"{""R"":3.2,""a"":0.65,""b"":0.65,""p"":6,""q"":21}"
PKLSA_78b6ffb39ca5a7,torus_6.21,6_21,torus_link,26,17,3,512,analytic-generalized-shader-track-torus-family,"T(6,21) analytic construction",,"{""R"":3.2,""a"":0.65,""b"":0.9,""p"":6,""q"":21}"
PKLSA_436601e06109e6,torus_6.21,6_21,torus_link,26,18,3,512,analytic-generalized-shader-track-torus-family,"T(6,21) analytic construction",,"{""R"":3.2,""a"":0.65,""b"":1.15,""p"":6,""q"":21}"
PKLSA_271cebd0519780,torus_6.21,6_21,torus_link,26,19,3,512,analytic-generalized-shader-track-torus-family,"T(6,21) analytic construction",,"{""R"":3.2,""a"":0.65,""b"":1.4,""p"":6,""q"":21}"
PKLSA_4a3dfe08e09a6d,torus_6.21,6_21,torus_link,26,20,3,512,analytic-generalized-shader-track-torus-family,"T(6,21) analytic construction",,"{""R"":3.2,""a"":0.85,""b"":0.65,""p"":6,""q"":21}"
PKLSA_179023efd26e9c,torus_6.21,6_21,torus_link,26,21,3,512,analytic-generalized-shader-track-torus-family,"T(6,21) analytic construction",,"{""R"":3.2,""a"":0.85,""b"":0.9,""p"":6,""q"":21}"
PKLSA_80cfd2565d767a,torus_6.21,6_21,torus_link,26,22,3,512,analytic-generalized-shader-track-torus-family,"T(6,21) analytic construction",,"{""R"":3.2,""a"":0.85,""b"":1.15,""p"":6,""q"":21}"
PKLSA_069b572de496ff,torus_6.21,6_21,torus_link,26,23,3,512,analytic-generalized-shader-track-torus-family,"T(6,21) analytic construction",,"{""R"":3.2,""a"":0.85,""b"":1.4,""p"":6,""q"":21}"
PKLSA_c7756f78bf926a,torus_6.21,6_21,torus_link,26,24,3,512,analytic-generalized-shader-track-torus-family,"T(6,21) analytic construction",,"{""R"":3.2,""a"":1.05,""b"":0.65,""p"":6,""q"":21}"
PKLSA_23e93d8ccf2681,torus_6.21,6_21,torus_link,26,25,3,512,analytic-generalized-shader-track-torus-family,"T(6,21) analytic construction",,"{""R"":3.2,""a"":1.05,""b"":0.9,""p"":6,""q"":21}"
PKLSA_5168c96fb0e6e9,torus_6.21,6_21,torus_link,26,26,3,512,analytic-generalized-shader-track-torus-family,"T(6,21) analytic construction",,"{""R"":3.2,""a"":1.05,""b"":1.15,""p"":6,""q"":21}"
PKLSA_74bbe094befb8e,torus_6.21,6_21,torus_link,26,27,3,512,analytic-generalized-shader-track-torus-family,"T(6,21) analytic construction",,"{""R"":3.2,""a"":1.05,""b"":1.4,""p"":6,""q"":21}"
PKLSA_053ab6551b8551,torus_6.21,6_21,torus_link,26,28,3,512,analytic-generalized-shader-track-torus-family,"T(6,21) analytic construction",,"{""R"":3.2,""a"":1.25,""b"":0.65,""p"":6,""q"":21}"
PKLSA_9b46db43c74f4a,torus_6.21,6_21,torus_link,26,29,3,512,analytic-generalized-shader-track-torus-family,"T(6,21) analytic construction",,"{""R"":3.2,""a"":1.25,""b"":0.9,""p"":6,""q"":21}"
PKLSA_f6c99824cdb972,torus_6.21,6_21,torus_link,26,30,3,512,analytic-generalized-shader-track-torus-family,"T(6,21) analytic construction",,"{""R"":3.2,""a"":1.25,""b"":1.15,""p"":6,""q"":21}"
PKLSA_d480488e43a3cc,torus_6.21,6_21,torus_link,26,31,3,512,analytic-generalized-shader-track-torus-family,"T(6,21) analytic construction",,"{""R"":3.2,""a"":1.25,""b"":1.4,""p"":6,""q"":21}"
PKLSA_056107069fd2db,torus_6.21,6_21,torus_link,26,32,3,512,analytic-generalized-shader-track-torus-family,"T(6,21) analytic construction",,"{""R"":3.6,""a"":0.65,""b"":0.65,""p"":6,""q"":21}"
PKLSA_20c32cf2f6468e,torus_6.21,6_21,torus_link,26,33,3,512,analytic-generalized-shader-track-torus-family,"T(6,21) analytic construction",,"{""R"":3.6,""a"":0.65,""b"":0.9,""p"":6,""q"":21}"
PKLSA_1505c09db5607c,torus_6.21,6_21,torus_link,26,34,3,512,analytic-generalized-shader-track-torus-family,"T(6,21) analytic construction",,"{""R"":3.6,""a"":0.65,""b"":1.15,""p"":6,""q"":21}"
PKLSA_1fe472b4740da6,torus_6.21,6_21,torus_link,26,35,3,512,analytic-generalized-shader-track-torus-family,"T(6,21) analytic construction",,"{""R"":3.6,""a"":0.65,""b"":1.4,""p"":6,""q"":21}"
PKLSA_01d347d4c57295,torus_6.21,6_21,torus_link,26,36,3,512,analytic-generalized-shader-track-torus-family,"T(6,21) analytic construction",,"{""R"":3.6,""a"":0.85,""b"":0.65,""p"":6,""q"":21}"
PKLSA_3700a1decc4d95,torus_6.21,6_21,torus_link,26,37,3,512,analytic-generalized-shader-track-torus-family,"T(6,21) analytic construction",,"{""R"":3.6,""a"":0.85,""b"":0.9,""p"":6,""q"":21}"
PKLSA_ed1b9c1d0066d4,torus_6.21,6_21,torus_link,26,38,3,512,analytic-generalized-shader-track-torus-family,"T(6,21) analytic construction",,"{""R"":3.6,""a"":0.85,""b"":1.15,""p"":6,""q"":21}"
PKLSA_44f5886b401bfa,torus_6.21,6_21,torus_link,26,39,3,512,analytic-generalized-shader-track-torus-family,"T(6,21) analytic construction",,"{""R"":3.6,""a"":0.85,""b"":1.4,""p"":6,""q"":21}"
PKLSA_05fa64220061b4,torus_6.21,6_21,torus_link,26,40,3,512,analytic-generalized-shader-track-torus-family,"T(6,21) analytic construction",,"{""R"":3.6,""a"":1.05,""b"":0.65,""p"":6,""q"":21}"
PKLSA_95826d771d8570,torus_6.21,6_21,torus_link,26,41,3,512,analytic-generalized-shader-track-torus-family,"T(6,21) analytic construction",,"{""R"":3.6,""a"":1.05,""b"":0.9,""p"":6,""q"":21}"
PKLSA_6dc265023def08,torus_6.21,6_21,torus_link,26,42,3,512,analytic-generalized-shader-track-torus-family,"T(6,21) analytic construction",,"{""R"":3.6,""a"":1.05,""b"":1.15,""p"":6,""q"":21}"
PKLSA_5a926b584a84e9,torus_6.21,6_21,torus_link,26,43,3,512,analytic-generalized-shader-track-torus-family,"T(6,21) analytic construction",,"{""R"":3.6,""a"":1.05,""b"":1.4,""p"":6,""q"":21}"
PKLSA_553e974c87ec55,torus_6.21,6_21,torus_link,26,44,3,512,analytic-generalized-shader-track-torus-family,"T(6,21) analytic construction",,"{""R"":3.6,""a"":1.25,""b"":0.65,""p"":6,""q"":21}"
PKLSA_4f2e0cab651a55,torus_6.21,6_21,torus_link,26,45,3,512,analytic-generalized-shader-track-torus-family,"T(6,21) analytic construction",,"{""R"":3.6,""a"":1.25,""b"":0.9,""p"":6,""q"":21}"
PKLSA_910485d5dea1a3,torus_6.21,6_21,torus_link,26,46,3,512,analytic-generalized-shader-track-torus-family,"T(6,21) analytic construction",,"{""R"":3.6,""a"":1.25,""b"":1.15,""p"":6,""q"":21}"
PKLSA_ea95a89fec943e,torus_6.21,6_21,torus_link,26,47,3,512,analytic-generalized-shader-track-torus-family,"T(6,21) analytic construction",,"{""R"":3.6,""a"":1.25,""b"":1.4,""p"":6,""q"":21}"
PKLSA_15d88f6e747dff,link_6.2.1,6_2_1,link,27,0,2,512,Knot-Atlas-Gilbert-Fourier-base-plus-SIAF-global-diffeomorphism,L6a3,,"{""aspect"":0.88,""bulge_shear"":-0.24,""weave_shear"":-0.2}"
PKLSA_534cc75eba50cc,link_6.2.1,6_2_1,link,27,1,2,512,Knot-Atlas-Gilbert-Fourier-base-plus-SIAF-global-diffeomorphism,L6a3,,"{""aspect"":0.88,""bulge_shear"":-0.24,""weave_shear"":-0.06}"
PKLSA_3a97957bb1e1e4,link_6.2.1,6_2_1,link,27,2,2,512,Knot-Atlas-Gilbert-Fourier-base-plus-SIAF-global-diffeomorphism,L6a3,,"{""aspect"":0.88,""bulge_shear"":-0.24,""weave_shear"":0.06}"
PKLSA_472ef91e022438,link_6.2.1,6_2_1,link,27,3,2,512,Knot-Atlas-Gilbert-Fourier-base-plus-SIAF-global-diffeomorphism,L6a3,,"{""aspect"":0.88,""bulge_shear"":-0.24,""weave_shear"":0.2}"
PKLSA_8f21b72ca234ff,link_6.2.1,6_2_1,link,27,4,2,512,Knot-Atlas-Gilbert-Fourier-base-plus-SIAF-global-diffeomorphism,L6a3,,"{""aspect"":0.88,""bulge_shear"":-0.08,""weave_shear"":-0.2}"
PKLSA_6d1da0e335cc17,link_6.2.1,6_2_1,link,27,5,2,512,Knot-Atlas-Gilbert-Fourier-base-plus-SIAF-global-diffeomorphism,L6a3,,"{""aspect"":0.88,""bulge_shear"":-0.08,""weave_shear"":-0.06}"
PKLSA_9c2db8f1d8149e,link_6.2.1,6_2_1,link,27,6,2,512,Knot-Atlas-Gilbert-Fourier-base-plus-SIAF-global-diffeomorphism,L6a3,,"{""aspect"":0.88,""bulge_shear"":-0.08,""weave_shear"":0.06}"
PKLSA_d82bc9efbe8945,link_6.2.1,6_2_1,link,27,7,2,512,Knot-Atlas-Gilbert-Fourier-base-plus-SIAF-global-diffeomorphism,L6a3,,"{""aspect"":0.88,""bulge_shear"":-0.08,""weave_shear"":0.2}"
PKLSA_13d30ad9e0cb34,link_6.2.1,6_2_1,link,27,8,2,512,Knot-Atlas-Gilbert-Fourier-base-plus-SIAF-global-diffeomorphism,L6a3,,"{""aspect"":0.88,""bulge_shear"":0.08,""weave_shear"":-0.2}"
PKLSA_7e74b18754fcc5,link_6.2.1,6_2_1,link,27,9,2,512,Knot-Atlas-Gilbert-Fourier-base-plus-SIAF-global-diffeomorphism,L6a3,,"{""aspect"":0.88,""bulge_shear"":0.08,""weave_shear"":-0.06}"
PKLSA_861babc6e23856,link_6.2.1,6_2_1,link,27,10,2,512,Knot-Atlas-Gilbert-Fourier-base-plus-SIAF-global-diffeomorphism,L6a3,,"{""aspect"":0.88,""bulge_shear"":0.08,""weave_shear"":0.06}"
PKLSA_a759a5ff5d8ca4,link_6.2.1,6_2_1,link,27,11,2,512,Knot-Atlas-Gilbert-Fourier-base-plus-SIAF-global-diffeomorphism,L6a3,,"{""aspect"":0.88,""bulge_shear"":0.08,""weave_shear"":0.2}"
PKLSA_0969cd501244ee,link_6.2.1,6_2_1,link,27,12,2,512,Knot-Atlas-Gilbert-Fourier-base-plus-SIAF-global-diffeomorphism,L6a3,,"{""aspect"":0.88,""bulge_shear"":0.24,""weave_shear"":-0.2}"
PKLSA_40dd8e61b47b74,link_6.2.1,6_2_1,link,27,13,2,512,Knot-Atlas-Gilbert-Fourier-base-plus-SIAF-global-diffeomorphism,L6a3,,"{""aspect"":0.88,""bulge_shear"":0.24,""weave_shear"":-0.06}"
PKLSA_6fdb22fa693b48,link_6.2.1,6_2_1,link,27,14,2,512,Knot-Atlas-Gilbert-Fourier-base-plus-SIAF-global-diffeomorphism,L6a3,,"{""aspect"":0.88,""bulge_shear"":0.24,""weave_shear"":0.06}"
PKLSA_d455e666dbf155,link_6.2.1,6_2_1,link,27,15,2,512,Knot-Atlas-Gilbert-Fourier-base-plus-SIAF-global-diffeomorphism,L6a3,,"{""aspect"":0.88,""bulge_shear"":0.24,""weave_shear"":0.2}"
PKLSA_b9f872c65783f0,link_6.2.1,6_2_1,link,27,16,2,512,Knot-Atlas-Gilbert-Fourier-base-plus-SIAF-global-diffeomorphism,L6a3,,"{""aspect"":1.0,""bulge_shear"":-0.24,""weave_shear"":-0.2}"
PKLSA_f32c8cfb25bce1,link_6.2.1,6_2_1,link,27,17,2,512,Knot-Atlas-Gilbert-Fourier-base-plus-SIAF-global-diffeomorphism,L6a3,,"{""aspect"":1.0,""bulge_shear"":-0.24,""weave_shear"":-0.06}"
PKLSA_50f6983a5e1c45,link_6.2.1,6_2_1,link,27,18,2,512,Knot-Atlas-Gilbert-Fourier-base-plus-SIAF-global-diffeomorphism,L6a3,,"{""aspect"":1.0,""bulge_shear"":-0.24,""weave_shear"":0.06}"
PKLSA_bfd3766fd403aa,link_6.2.1,6_2_1,link,27,19,2,512,Knot-Atlas-Gilbert-Fourier-base-plus-SIAF-global-diffeomorphism,L6a3,,"{""aspect"":1.0,""bulge_shear"":-0.24,""weave_shear"":0.2}"
PKLSA_999d4ea46aa2f2,link_6.2.1,6_2_1,link,27,20,2,512,Knot-Atlas-Gilbert-Fourier-base-plus-SIAF-global-diffeomorphism,L6a3,,"{""aspect"":1.0,""bulge_shear"":-0.08,""weave_shear"":-0.2}"
PKLSA_3c5d7f17043970,link_6.2.1,6_2_1,link,27,21,2,512,Knot-Atlas-Gilbert-Fourier-base-plus-SIAF-global-diffeomorphism,L6a3,,"{""aspect"":1.0,""bulge_shear"":-0.08,""weave_shear"":-0.06}"
PKLSA_477dd0553523a6,link_6.2.1,6_2_1,link,27,22,2,512,Knot-Atlas-Gilbert-Fourier-base-plus-SIAF-global-diffeomorphism,L6a3,,"{""aspect"":1.0,""bulge_shear"":-0.08,""weave_shear"":0.06}"
PKLSA_49e895867d5a76,link_6.2.1,6_2_1,link,27,23,2,512,Knot-Atlas-Gilbert-Fourier-base-plus-SIAF-global-diffeomorphism,L6a3,,"{""aspect"":1.0,""bulge_shear"":-0.08,""weave_shear"":0.2}"
PKLSA_1f3c0bd6db9427,link_6.2.1,6_2_1,link,27,24,2,512,Knot-Atlas-Gilbert-Fourier-base-plus-SIAF-global-diffeomorphism,L6a3,,"{""aspect"":1.0,""bulge_shear"":0.08,""weave_shear"":-0.2}"
PKLSA_b1bb25a04b2afe,link_6.2.1,6_2_1,link,27,25,2,512,Knot-Atlas-Gilbert-Fourier-base-plus-SIAF-global-diffeomorphism,L6a3,,"{""aspect"":1.0,""bulge_shear"":0.08,""weave_shear"":-0.06}"
PKLSA_db86431b9e744b,link_6.2.1,6_2_1,link,27,26,2,512,Knot-Atlas-Gilbert-Fourier-base-plus-SIAF-global-diffeomorphism,L6a3,,"{""aspect"":1.0,""bulge_shear"":0.08,""weave_shear"":0.06}"
PKLSA_1e724034cde5d3,link_6.2.1,6_2_1,link,27,27,2,512,Knot-Atlas-Gilbert-Fourier-base-plus-SIAF-global-diffeomorphism,L6a3,,"{""aspect"":1.0,""bulge_shear"":0.08,""weave_shear"":0.2}"
PKLSA_58c688a93f890f,link_6.2.1,6_2_1,link,27,28,2,512,Knot-Atlas-Gilbert-Fourier-base-plus-SIAF-global-diffeomorphism,L6a3,,"{""aspect"":1.0,""bulge_shear"":0.24,""weave_shear"":-0.2}"
PKLSA_12e8b0b8fe8cfe,link_6.2.1,6_2_1,link,27,29,2,512,Knot-Atlas-Gilbert-Fourier-base-plus-SIAF-global-diffeomorphism,L6a3,,"{""aspect"":1.0,""bulge_shear"":0.24,""weave_shear"":-0.06}"
PKLSA_e0e6c62f05264e,link_6.2.1,6_2_1,link,27,30,2,512,Knot-Atlas-Gilbert-Fourier-base-plus-SIAF-global-diffeomorphism,L6a3,,"{""aspect"":1.0,""bulge_shear"":0.24,""weave_shear"":0.06}"
PKLSA_ea45042cd4d374,link_6.2.1,6_2_1,link,27,31,2,512,Knot-Atlas-Gilbert-Fourier-base-plus-SIAF-global-diffeomorphism,L6a3,,"{""aspect"":1.0,""bulge_shear"":0.24,""weave_shear"":0.2}"
PKLSA_7c49edc988748b,link_6.2.1,6_2_1,link,27,32,2,512,Knot-Atlas-Gilbert-Fourier-base-plus-SIAF-global-diffeomorphism,L6a3,,"{""aspect"":1.12,""bulge_shear"":-0.24,""weave_shear"":-0.2}"
PKLSA_a4059903dc0d80,link_6.2.1,6_2_1,link,27,33,2,512,Knot-Atlas-Gilbert-Fourier-base-plus-SIAF-global-diffeomorphism,L6a3,,"{""aspect"":1.12,""bulge_shear"":-0.24,""weave_shear"":-0.06}"
PKLSA_e9e4f3e9b530c5,link_6.2.1,6_2_1,link,27,34,2,512,Knot-Atlas-Gilbert-Fourier-base-plus-SIAF-global-diffeomorphism,L6a3,,"{""aspect"":1.12,""bulge_shear"":-0.24,""weave_shear"":0.06}"
PKLSA_55722a7644e243,link_6.2.1,6_2_1,link,27,35,2,512,Knot-Atlas-Gilbert-Fourier-base-plus-SIAF-global-diffeomorphism,L6a3,,"{""aspect"":1.12,""bulge_shear"":-0.24,""weave_shear"":0.2}"
PKLSA_0d11e07bb4c1cb,link_6.2.1,6_2_1,link,27,36,2,512,Knot-Atlas-Gilbert-Fourier-base-plus-SIAF-global-diffeomorphism,L6a3,,"{""aspect"":1.12,""bulge_shear"":-0.08,""weave_shear"":-0.2}"
PKLSA_3739d576736cb8,link_6.2.1,6_2_1,link,27,37,2,512,Knot-Atlas-Gilbert-Fourier-base-plus-SIAF-global-diffeomorphism,L6a3,,"{""aspect"":1.12,""bulge_shear"":-0.08,""weave_shear"":-0.06}"
PKLSA_67069f6743f2ab,link_6.2.1,6_2_1,link,27,38,2,512,Knot-Atlas-Gilbert-Fourier-base-plus-SIAF-global-diffeomorphism,L6a3,,"{""aspect"":1.12,""bulge_shear"":-0.08,""weave_shear"":0.06}"
PKLSA_3bd52e3dd60d64,link_6.2.1,6_2_1,link,27,39,2,512,Knot-Atlas-Gilbert-Fourier-base-plus-SIAF-global-diffeomorphism,L6a3,,"{""aspect"":1.12,""bulge_shear"":-0.08,""weave_shear"":0.2}"
PKLSA_c74edb0c4d1517,link_6.2.1,6_2_1,link,27,40,2,512,Knot-Atlas-Gilbert-Fourier-base-plus-SIAF-global-diffeomorphism,L6a3,,"{""aspect"":1.12,""bulge_shear"":0.08,""weave_shear"":-0.2}"
PKLSA_f26f9101f3d2ce,link_6.2.1,6_2_1,link,27,41,2,512,Knot-Atlas-Gilbert-Fourier-base-plus-SIAF-global-diffeomorphism,L6a3,,"{""aspect"":1.12,""bulge_shear"":0.08,""weave_shear"":-0.06}"
PKLSA_ef5e155cc4e9b1,link_6.2.1,6_2_1,link,27,42,2,512,Knot-Atlas-Gilbert-Fourier-base-plus-SIAF-global-diffeomorphism,L6a3,,"{""aspect"":1.12,""bulge_shear"":0.08,""weave_shear"":0.06}"
PKLSA_8f548ce0a2422e,link_6.2.1,6_2_1,link,27,43,2,512,Knot-Atlas-Gilbert-Fourier-base-plus-SIAF-global-diffeomorphism,L6a3,,"{""aspect"":1.12,""bulge_shear"":0.08,""weave_shear"":0.2}"
PKLSA_9eda3ae7d98984,link_6.2.1,6_2_1,link,27,44,2,512,Knot-Atlas-Gilbert-Fourier-base-plus-SIAF-global-diffeomorphism,L6a3,,"{""aspect"":1.12,""bulge_shear"":0.24,""weave_shear"":-0.2}"
PKLSA_23b56986c319e8,link_6.2.1,6_2_1,link,27,45,2,512,Knot-Atlas-Gilbert-Fourier-base-plus-SIAF-global-diffeomorphism,L6a3,,"{""aspect"":1.12,""bulge_shear"":0.24,""weave_shear"":-0.06}"
PKLSA_581a8f1eb1bdb4,link_6.2.1,6_2_1,link,27,46,2,512,Knot-Atlas-Gilbert-Fourier-base-plus-SIAF-global-diffeomorphism,L6a3,,"{""aspect"":1.12,""bulge_shear"":0.24,""weave_shear"":0.06}"
PKLSA_ba5fb21bf2e485,link_6.2.1,6_2_1,link,27,47,2,512,Knot-Atlas-Gilbert-Fourier-base-plus-SIAF-global-diffeomorphism,L6a3,,"{""aspect"":1.12,""bulge_shear"":0.24,""weave_shear"":0.2}"
PKLSA_d001fe05029119,knot_6.3,6_3,knot,28,0,1,512,Knot-Atlas-Gilbert-Fourier-base-plus-SIAF-global-diffeomorphism,6:1:3,,"{""aspect"":0.88,""bulge_shear"":-0.24,""weave_shear"":-0.2}"
PKLSA_83c359091bdfab,knot_6.3,6_3,knot,28,1,1,512,Knot-Atlas-Gilbert-Fourier-base-plus-SIAF-global-diffeomorphism,6:1:3,,"{""aspect"":0.88,""bulge_shear"":-0.24,""weave_shear"":-0.06}"
PKLSA_dce68979928629,knot_6.3,6_3,knot,28,2,1,512,Knot-Atlas-Gilbert-Fourier-base-plus-SIAF-global-diffeomorphism,6:1:3,,"{""aspect"":0.88,""bulge_shear"":-0.24,""weave_shear"":0.06}"
PKLSA_f5fe6c0951277a,knot_6.3,6_3,knot,28,3,1,512,Knot-Atlas-Gilbert-Fourier-base-plus-SIAF-global-diffeomorphism,6:1:3,,"{""aspect"":0.88,""bulge_shear"":-0.24,""weave_shear"":0.2}"
PKLSA_7cdbf9512ea730,knot_6.3,6_3,knot,28,4,1,512,Knot-Atlas-Gilbert-Fourier-base-plus-SIAF-global-diffeomorphism,6:1:3,,"{""aspect"":0.88,""bulge_shear"":-0.08,""weave_shear"":-0.2}"
PKLSA_8e95e346934add,knot_6.3,6_3,knot,28,5,1,512,Knot-Atlas-Gilbert-Fourier-base-plus-SIAF-global-diffeomorphism,6:1:3,,"{""aspect"":0.88,""bulge_shear"":-0.08,""weave_shear"":-0.06}"
PKLSA_2baf54620890ff,knot_6.3,6_3,knot,28,6,1,512,Knot-Atlas-Gilbert-Fourier-base-plus-SIAF-global-diffeomorphism,6:1:3,,"{""aspect"":0.88,""bulge_shear"":-0.08,""weave_shear"":0.06}"
PKLSA_b521521a0777bb,knot_6.3,6_3,knot,28,7,1,512,Knot-Atlas-Gilbert-Fourier-base-plus-SIAF-global-diffeomorphism,6:1:3,,"{""aspect"":0.88,""bulge_shear"":-0.08,""weave_shear"":0.2}"
PKLSA_e74bade490bdf8,knot_6.3,6_3,knot,28,8,1,512,Knot-Atlas-Gilbert-Fourier-base-plus-SIAF-global-diffeomorphism,6:1:3,,"{""aspect"":0.88,""bulge_shear"":0.08,""weave_shear"":-0.2}"
PKLSA_94f80024cfa966,knot_6.3,6_3,knot,28,9,1,512,Knot-Atlas-Gilbert-Fourier-base-plus-SIAF-global-diffeomorphism,6:1:3,,"{""aspect"":0.88,""bulge_shear"":0.08,""weave_shear"":-0.06}"
PKLSA_2a3defc897ad05,knot_6.3,6_3,knot,28,10,1,512,Knot-Atlas-Gilbert-Fourier-base-plus-SIAF-global-diffeomorphism,6:1:3,,"{""aspect"":0.88,""bulge_shear"":0.08,""weave_shear"":0.06}"
PKLSA_a45faec2d56f59,knot_6.3,6_3,knot,28,11,1,512,Knot-Atlas-Gilbert-Fourier-base-plus-SIAF-global-diffeomorphism,6:1:3,,"{""aspect"":0.88,""bulge_shear"":0.08,""weave_shear"":0.2}"
PKLSA_4c9de8f7b61013,knot_6.3,6_3,knot,28,12,1,512,Knot-Atlas-Gilbert-Fourier-base-plus-SIAF-global-diffeomorphism,6:1:3,,"{""aspect"":0.88,""bulge_shear"":0.24,""weave_shear"":-0.2}"
PKLSA_5c7cb648e46bfb,knot_6.3,6_3,knot,28,13,1,512,Knot-Atlas-Gilbert-Fourier-base-plus-SIAF-global-diffeomorphism,6:1:3,,"{""aspect"":0.88,""bulge_shear"":0.24,""weave_shear"":-0.06}"
PKLSA_a56fa41eb98844,knot_6.3,6_3,knot,28,14,1,512,Knot-Atlas-Gilbert-Fourier-base-plus-SIAF-global-diffeomorphism,6:1:3,,"{""aspect"":0.88,""bulge_shear"":0.24,""weave_shear"":0.06}"
PKLSA_6a8bae908a5057,knot_6.3,6_3,knot,28,15,1,512,Knot-Atlas-Gilbert-Fourier-base-plus-SIAF-global-diffeomorphism,6:1:3,,"{""aspect"":0.88,""bulge_shear"":0.24,""weave_shear"":0.2}"
PKLSA_dcd54ea53550e1,knot_6.3,6_3,knot,28,16,1,512,Knot-Atlas-Gilbert-Fourier-base-plus-SIAF-global-diffeomorphism,6:1:3,,"{""aspect"":1.0,""bulge_shear"":-0.24,""weave_shear"":-0.2}"
PKLSA_cf5cc680cfbf7c,knot_6.3,6_3,knot,28,17,1,512,Knot-Atlas-Gilbert-Fourier-base-plus-SIAF-global-diffeomorphism,6:1:3,,"{""aspect"":1.0,""bulge_shear"":-0.24,""weave_shear"":-0.06}"
PKLSA_6ee062a802e793,knot_6.3,6_3,knot,28,18,1,512,Knot-Atlas-Gilbert-Fourier-base-plus-SIAF-global-diffeomorphism,6:1:3,,"{""aspect"":1.0,""bulge_shear"":-0.24,""weave_shear"":0.06}"
PKLSA_d02372d557d612,knot_6.3,6_3,knot,28,19,1,512,Knot-Atlas-Gilbert-Fourier-base-plus-SIAF-global-diffeomorphism,6:1:3,,"{""aspect"":1.0,""bulge_shear"":-0.24,""weave_shear"":0.2}"
PKLSA_0d65a436994578,knot_6.3,6_3,knot,28,20,1,512,Knot-Atlas-Gilbert-Fourier-base-plus-SIAF-global-diffeomorphism,6:1:3,,"{""aspect"":1.0,""bulge_shear"":-0.08,""weave_shear"":-0.2}"
PKLSA_0775b18e5eb192,knot_6.3,6_3,knot,28,21,1,512,Knot-Atlas-Gilbert-Fourier-base-plus-SIAF-global-diffeomorphism,6:1:3,,"{""aspect"":1.0,""bulge_shear"":-0.08,""weave_shear"":-0.06}"
PKLSA_4a7ea420e49aea,knot_6.3,6_3,knot,28,22,1,512,Knot-Atlas-Gilbert-Fourier-base-plus-SIAF-global-diffeomorphism,6:1:3,,"{""aspect"":1.0,""bulge_shear"":-0.08,""weave_shear"":0.06}"
PKLSA_8f4bc35515a7c0,knot_6.3,6_3,knot,28,23,1,512,Knot-Atlas-Gilbert-Fourier-base-plus-SIAF-global-diffeomorphism,6:1:3,,"{""aspect"":1.0,""bulge_shear"":-0.08,""weave_shear"":0.2}"
PKLSA_f3c965f81c2ff3,knot_6.3,6_3,knot,28,24,1,512,Knot-Atlas-Gilbert-Fourier-base-plus-SIAF-global-diffeomorphism,6:1:3,,"{""aspect"":1.0,""bulge_shear"":0.08,""weave_shear"":-0.2}"
PKLSA_c58589c896364c,knot_6.3,6_3,knot,28,25,1,512,Knot-Atlas-Gilbert-Fourier-base-plus-SIAF-global-diffeomorphism,6:1:3,,"{""aspect"":1.0,""bulge_shear"":0.08,""weave_shear"":-0.06}"
PKLSA_730b32c2c79d62,knot_6.3,6_3,knot,28,26,1,512,Knot-Atlas-Gilbert-Fourier-base-plus-SIAF-global-diffeomorphism,6:1:3,,"{""aspect"":1.0,""bulge_shear"":0.08,""weave_shear"":0.06}"
PKLSA_34c804f83652ad,knot_6.3,6_3,knot,28,27,1,512,Knot-Atlas-Gilbert-Fourier-base-plus-SIAF-global-diffeomorphism,6:1:3,,"{""aspect"":1.0,""bulge_shear"":0.08,""weave_shear"":0.2}"
PKLSA_17e3e111a33a89,knot_6.3,6_3,knot,28,28,1,512,Knot-Atlas-Gilbert-Fourier-base-plus-SIAF-global-diffeomorphism,6:1:3,,"{""aspect"":1.0,""bulge_shear"":0.24,""weave_shear"":-0.2}"
PKLSA_568fe96bda024c,knot_6.3,6_3,knot,28,29,1,512,Knot-Atlas-Gilbert-Fourier-base-plus-SIAF-global-diffeomorphism,6:1:3,,"{""aspect"":1.0,""bulge_shear"":0.24,""weave_shear"":-0.06}"
PKLSA_876d0d6e2dd1f6,knot_6.3,6_3,knot,28,30,1,512,Knot-Atlas-Gilbert-Fourier-base-plus-SIAF-global-diffeomorphism,6:1:3,,"{""aspect"":1.0,""bulge_shear"":0.24,""weave_shear"":0.06}"
PKLSA_4c73b2e827ee85,knot_6.3,6_3,knot,28,31,1,512,Knot-Atlas-Gilbert-Fourier-base-plus-SIAF-global-diffeomorphism,6:1:3,,"{""aspect"":1.0,""bulge_shear"":0.24,""weave_shear"":0.2}"
PKLSA_07f93eda4bcd02,knot_6.3,6_3,knot,28,32,1,512,Knot-Atlas-Gilbert-Fourier-base-plus-SIAF-global-diffeomorphism,6:1:3,,"{""aspect"":1.12,""bulge_shear"":-0.24,""weave_shear"":-0.2}"
PKLSA_b640d0b2ab6587,knot_6.3,6_3,knot,28,33,1,512,Knot-Atlas-Gilbert-Fourier-base-plus-SIAF-global-diffeomorphism,6:1:3,,"{""aspect"":1.12,""bulge_shear"":-0.24,""weave_shear"":-0.06}"
PKLSA_3649085d40e27a,knot_6.3,6_3,knot,28,34,1,512,Knot-Atlas-Gilbert-Fourier-base-plus-SIAF-global-diffeomorphism,6:1:3,,"{""aspect"":1.12,""bulge_shear"":-0.24,""weave_shear"":0.06}"
PKLSA_ef60bd2fe8cf1c,knot_6.3,6_3,knot,28,35,1,512,Knot-Atlas-Gilbert-Fourier-base-plus-SIAF-global-diffeomorphism,6:1:3,,"{""aspect"":1.12,""bulge_shear"":-0.24,""weave_shear"":0.2}"
PKLSA_7590ddf01220df,knot_6.3,6_3,knot,28,36,1,512,Knot-Atlas-Gilbert-Fourier-base-plus-SIAF-global-diffeomorphism,6:1:3,,"{""aspect"":1.12,""bulge_shear"":-0.08,""weave_shear"":-0.2}"
PKLSA_d67b262bb18b2a,knot_6.3,6_3,knot,28,37,1,512,Knot-Atlas-Gilbert-Fourier-base-plus-SIAF-global-diffeomorphism,6:1:3,,"{""aspect"":1.12,""bulge_shear"":-0.08,""weave_shear"":-0.06}"
PKLSA_166e2cf3d23089,knot_6.3,6_3,knot,28,38,1,512,Knot-Atlas-Gilbert-Fourier-base-plus-SIAF-global-diffeomorphism,6:1:3,,"{""aspect"":1.12,""bulge_shear"":-0.08,""weave_shear"":0.06}"
PKLSA_abc528d236cc04,knot_6.3,6_3,knot,28,39,1,512,Knot-Atlas-Gilbert-Fourier-base-plus-SIAF-global-diffeomorphism,6:1:3,,"{""aspect"":1.12,""bulge_shear"":-0.08,""weave_shear"":0.2}"
PKLSA_3f2116bc0bdef3,knot_6.3,6_3,knot,28,40,1,512,Knot-Atlas-Gilbert-Fourier-base-plus-SIAF-global-diffeomorphism,6:1:3,,"{""aspect"":1.12,""bulge_shear"":0.08,""weave_shear"":-0.2}"
PKLSA_9bf25c9cd5d18e,knot_6.3,6_3,knot,28,41,1,512,Knot-Atlas-Gilbert-Fourier-base-plus-SIAF-global-diffeomorphism,6:1:3,,"{""aspect"":1.12,""bulge_shear"":0.08,""weave_shear"":-0.06}"
PKLSA_b6f7096304594d,knot_6.3,6_3,knot,28,42,1,512,Knot-Atlas-Gilbert-Fourier-base-plus-SIAF-global-diffeomorphism,6:1:3,,"{""aspect"":1.12,""bulge_shear"":0.08,""weave_shear"":0.06}"
PKLSA_391c329ad49468,knot_6.3,6_3,knot,28,43,1,512,Knot-Atlas-Gilbert-Fourier-base-plus-SIAF-global-diffeomorphism,6:1:3,,"{""aspect"":1.12,""bulge_shear"":0.08,""weave_shear"":0.2}"
PKLSA_23db5c56de87f4,knot_6.3,6_3,knot,28,44,1,512,Knot-Atlas-Gilbert-Fourier-base-plus-SIAF-global-diffeomorphism,6:1:3,,"{""aspect"":1.12,""bulge_shear"":0.24,""weave_shear"":-0.2}"
PKLSA_fc4122dcdf532e,knot_6.3,6_3,knot,28,45,1,512,Knot-Atlas-Gilbert-Fourier-base-plus-SIAF-global-diffeomorphism,6:1:3,,"{""aspect"":1.12,""bulge_shear"":0.24,""weave_shear"":-0.06}"
PKLSA_d3285835fdd007,knot_6.3,6_3,knot,28,46,1,512,Knot-Atlas-Gilbert-Fourier-base-plus-SIAF-global-diffeomorphism,6:1:3,,"{""aspect"":1.12,""bulge_shear"":0.24,""weave_shear"":0.06}"
PKLSA_13499981b47fa7,knot_6.3,6_3,knot,28,47,1,512,Knot-Atlas-Gilbert-Fourier-base-plus-SIAF-global-diffeomorphism,6:1:3,,"{""aspect"":1.12,""bulge_shear"":0.24,""weave_shear"":0.2}"
PKLSA_e2255cf5ce78a3,link_6.3.1,6_3_1,link,29,0,3,512,Knot-Atlas-Gilbert-Fourier-base-plus-SIAF-global-diffeomorphism,L6a5,,"{""aspect"":0.88,""bulge_shear"":-0.24,""weave_shear"":-0.2}"
PKLSA_6046921fa328d4,link_6.3.1,6_3_1,link,29,1,3,512,Knot-Atlas-Gilbert-Fourier-base-plus-SIAF-global-diffeomorphism,L6a5,,"{""aspect"":0.88,""bulge_shear"":-0.24,""weave_shear"":-0.06}"
PKLSA_31a53354795e6e,link_6.3.1,6_3_1,link,29,2,3,512,Knot-Atlas-Gilbert-Fourier-base-plus-SIAF-global-diffeomorphism,L6a5,,"{""aspect"":0.88,""bulge_shear"":-0.24,""weave_shear"":0.06}"
PKLSA_648926690128d9,link_6.3.1,6_3_1,link,29,3,3,512,Knot-Atlas-Gilbert-Fourier-base-plus-SIAF-global-diffeomorphism,L6a5,,"{""aspect"":0.88,""bulge_shear"":-0.24,""weave_shear"":0.2}"
PKLSA_d29d3753fd9bc0,link_6.3.1,6_3_1,link,29,4,3,512,Knot-Atlas-Gilbert-Fourier-base-plus-SIAF-global-diffeomorphism,L6a5,,"{""aspect"":0.88,""bulge_shear"":-0.08,""weave_shear"":-0.2}"
PKLSA_7ab60eadd832fb,link_6.3.1,6_3_1,link,29,5,3,512,Knot-Atlas-Gilbert-Fourier-base-plus-SIAF-global-diffeomorphism,L6a5,,"{""aspect"":0.88,""bulge_shear"":-0.08,""weave_shear"":-0.06}"
PKLSA_4bea07b3faf094,link_6.3.1,6_3_1,link,29,6,3,512,Knot-Atlas-Gilbert-Fourier-base-plus-SIAF-global-diffeomorphism,L6a5,,"{""aspect"":0.88,""bulge_shear"":-0.08,""weave_shear"":0.06}"
PKLSA_789732437a5d73,link_6.3.1,6_3_1,link,29,7,3,512,Knot-Atlas-Gilbert-Fourier-base-plus-SIAF-global-diffeomorphism,L6a5,,"{""aspect"":0.88,""bulge_shear"":-0.08,""weave_shear"":0.2}"
PKLSA_f899daa5ee2202,link_6.3.1,6_3_1,link,29,8,3,512,Knot-Atlas-Gilbert-Fourier-base-plus-SIAF-global-diffeomorphism,L6a5,,"{""aspect"":0.88,""bulge_shear"":0.08,""weave_shear"":-0.2}"
PKLSA_9754ef1137f934,link_6.3.1,6_3_1,link,29,9,3,512,Knot-Atlas-Gilbert-Fourier-base-plus-SIAF-global-diffeomorphism,L6a5,,"{""aspect"":0.88,""bulge_shear"":0.08,""weave_shear"":-0.06}"
PKLSA_44a8ba3993a2ce,link_6.3.1,6_3_1,link,29,10,3,512,Knot-Atlas-Gilbert-Fourier-base-plus-SIAF-global-diffeomorphism,L6a5,,"{""aspect"":0.88,""bulge_shear"":0.08,""weave_shear"":0.06}"
PKLSA_43dfe9c9b6963a,link_6.3.1,6_3_1,link,29,11,3,512,Knot-Atlas-Gilbert-Fourier-base-plus-SIAF-global-diffeomorphism,L6a5,,"{""aspect"":0.88,""bulge_shear"":0.08,""weave_shear"":0.2}"
PKLSA_c1fc428238c05b,link_6.3.1,6_3_1,link,29,12,3,512,Knot-Atlas-Gilbert-Fourier-base-plus-SIAF-global-diffeomorphism,L6a5,,"{""aspect"":0.88,""bulge_shear"":0.24,""weave_shear"":-0.2}"
PKLSA_173e24077ceba4,link_6.3.1,6_3_1,link,29,13,3,512,Knot-Atlas-Gilbert-Fourier-base-plus-SIAF-global-diffeomorphism,L6a5,,"{""aspect"":0.88,""bulge_shear"":0.24,""weave_shear"":-0.06}"
PKLSA_235ea116f1bb76,link_6.3.1,6_3_1,link,29,14,3,512,Knot-Atlas-Gilbert-Fourier-base-plus-SIAF-global-diffeomorphism,L6a5,,"{""aspect"":0.88,""bulge_shear"":0.24,""weave_shear"":0.06}"
PKLSA_6fd85a08bd79d7,link_6.3.1,6_3_1,link,29,15,3,512,Knot-Atlas-Gilbert-Fourier-base-plus-SIAF-global-diffeomorphism,L6a5,,"{""aspect"":0.88,""bulge_shear"":0.24,""weave_shear"":0.2}"
PKLSA_91f1b80ded7f0e,link_6.3.1,6_3_1,link,29,16,3,512,Knot-Atlas-Gilbert-Fourier-base-plus-SIAF-global-diffeomorphism,L6a5,,"{""aspect"":1.0,""bulge_shear"":-0.24,""weave_shear"":-0.2}"
PKLSA_ea21e370a66606,link_6.3.1,6_3_1,link,29,17,3,512,Knot-Atlas-Gilbert-Fourier-base-plus-SIAF-global-diffeomorphism,L6a5,,"{""aspect"":1.0,""bulge_shear"":-0.24,""weave_shear"":-0.06}"
PKLSA_359bf5637e741d,link_6.3.1,6_3_1,link,29,18,3,512,Knot-Atlas-Gilbert-Fourier-base-plus-SIAF-global-diffeomorphism,L6a5,,"{""aspect"":1.0,""bulge_shear"":-0.24,""weave_shear"":0.06}"
PKLSA_6f928940308400,link_6.3.1,6_3_1,link,29,19,3,512,Knot-Atlas-Gilbert-Fourier-base-plus-SIAF-global-diffeomorphism,L6a5,,"{""aspect"":1.0,""bulge_shear"":-0.24,""weave_shear"":0.2}"
PKLSA_9c1acca81ecdea,link_6.3.1,6_3_1,link,29,20,3,512,Knot-Atlas-Gilbert-Fourier-base-plus-SIAF-global-diffeomorphism,L6a5,,"{""aspect"":1.0,""bulge_shear"":-0.08,""weave_shear"":-0.2}"
PKLSA_cb5cd1f1c500e1,link_6.3.1,6_3_1,link,29,21,3,512,Knot-Atlas-Gilbert-Fourier-base-plus-SIAF-global-diffeomorphism,L6a5,,"{""aspect"":1.0,""bulge_shear"":-0.08,""weave_shear"":-0.06}"
PKLSA_02574dbcf19e32,link_6.3.1,6_3_1,link,29,22,3,512,Knot-Atlas-Gilbert-Fourier-base-plus-SIAF-global-diffeomorphism,L6a5,,"{""aspect"":1.0,""bulge_shear"":-0.08,""weave_shear"":0.06}"
PKLSA_0caef419f9735d,link_6.3.1,6_3_1,link,29,23,3,512,Knot-Atlas-Gilbert-Fourier-base-plus-SIAF-global-diffeomorphism,L6a5,,"{""aspect"":1.0,""bulge_shear"":-0.08,""weave_shear"":0.2}"
PKLSA_bd495e876ba6b2,link_6.3.1,6_3_1,link,29,24,3,512,Knot-Atlas-Gilbert-Fourier-base-plus-SIAF-global-diffeomorphism,L6a5,,"{""aspect"":1.0,""bulge_shear"":0.08,""weave_shear"":-0.2}"
PKLSA_eb9d86bd85060e,link_6.3.1,6_3_1,link,29,25,3,512,Knot-Atlas-Gilbert-Fourier-base-plus-SIAF-global-diffeomorphism,L6a5,,"{""aspect"":1.0,""bulge_shear"":0.08,""weave_shear"":-0.06}"
PKLSA_5c88896a850ee7,link_6.3.1,6_3_1,link,29,26,3,512,Knot-Atlas-Gilbert-Fourier-base-plus-SIAF-global-diffeomorphism,L6a5,,"{""aspect"":1.0,""bulge_shear"":0.08,""weave_shear"":0.06}"
PKLSA_f0efaffb5898da,link_6.3.1,6_3_1,link,29,27,3,512,Knot-Atlas-Gilbert-Fourier-base-plus-SIAF-global-diffeomorphism,L6a5,,"{""aspect"":1.0,""bulge_shear"":0.08,""weave_shear"":0.2}"
PKLSA_595f9f8072e209,link_6.3.1,6_3_1,link,29,28,3,512,Knot-Atlas-Gilbert-Fourier-base-plus-SIAF-global-diffeomorphism,L6a5,,"{""aspect"":1.0,""bulge_shear"":0.24,""weave_shear"":-0.2}"
PKLSA_904ce4021db8f8,link_6.3.1,6_3_1,link,29,29,3,512,Knot-Atlas-Gilbert-Fourier-base-plus-SIAF-global-diffeomorphism,L6a5,,"{""aspect"":1.0,""bulge_shear"":0.24,""weave_shear"":-0.06}"
PKLSA_68768594ca1c5c,link_6.3.1,6_3_1,link,29,30,3,512,Knot-Atlas-Gilbert-Fourier-base-plus-SIAF-global-diffeomorphism,L6a5,,"{""aspect"":1.0,""bulge_shear"":0.24,""weave_shear"":0.06}"
PKLSA_3e5d07bf7d6df1,link_6.3.1,6_3_1,link,29,31,3,512,Knot-Atlas-Gilbert-Fourier-base-plus-SIAF-global-diffeomorphism,L6a5,,"{""aspect"":1.0,""bulge_shear"":0.24,""weave_shear"":0.2}"
PKLSA_3399c9f4a3738a,link_6.3.1,6_3_1,link,29,32,3,512,Knot-Atlas-Gilbert-Fourier-base-plus-SIAF-global-diffeomorphism,L6a5,,"{""aspect"":1.12,""bulge_shear"":-0.24,""weave_shear"":-0.2}"
PKLSA_1db409ec56bf60,link_6.3.1,6_3_1,link,29,33,3,512,Knot-Atlas-Gilbert-Fourier-base-plus-SIAF-global-diffeomorphism,L6a5,,"{""aspect"":1.12,""bulge_shear"":-0.24,""weave_shear"":-0.06}"
PKLSA_a59d1f353c617e,link_6.3.1,6_3_1,link,29,34,3,512,Knot-Atlas-Gilbert-Fourier-base-plus-SIAF-global-diffeomorphism,L6a5,,"{""aspect"":1.12,""bulge_shear"":-0.24,""weave_shear"":0.06}"
PKLSA_0443b762862b74,link_6.3.1,6_3_1,link,29,35,3,512,Knot-Atlas-Gilbert-Fourier-base-plus-SIAF-global-diffeomorphism,L6a5,,"{""aspect"":1.12,""bulge_shear"":-0.24,""weave_shear"":0.2}"
PKLSA_e0959d881e304b,link_6.3.1,6_3_1,link,29,36,3,512,Knot-Atlas-Gilbert-Fourier-base-plus-SIAF-global-diffeomorphism,L6a5,,"{""aspect"":1.12,""bulge_shear"":-0.08,""weave_shear"":-0.2}"
PKLSA_f01d6740f40f08,link_6.3.1,6_3_1,link,29,37,3,512,Knot-Atlas-Gilbert-Fourier-base-plus-SIAF-global-diffeomorphism,L6a5,,"{""aspect"":1.12,""bulge_shear"":-0.08,""weave_shear"":-0.06}"
PKLSA_b3670076563253,link_6.3.1,6_3_1,link,29,38,3,512,Knot-Atlas-Gilbert-Fourier-base-plus-SIAF-global-diffeomorphism,L6a5,,"{""aspect"":1.12,""bulge_shear"":-0.08,""weave_shear"":0.06}"
PKLSA_56b3bd8dddb210,link_6.3.1,6_3_1,link,29,39,3,512,Knot-Atlas-Gilbert-Fourier-base-plus-SIAF-global-diffeomorphism,L6a5,,"{""aspect"":1.12,""bulge_shear"":-0.08,""weave_shear"":0.2}"
PKLSA_a860f944731789,link_6.3.1,6_3_1,link,29,40,3,512,Knot-Atlas-Gilbert-Fourier-base-plus-SIAF-global-diffeomorphism,L6a5,,"{""aspect"":1.12,""bulge_shear"":0.08,""weave_shear"":-0.2}"
PKLSA_ac5407cfc9cfb7,link_6.3.1,6_3_1,link,29,41,3,512,Knot-Atlas-Gilbert-Fourier-base-plus-SIAF-global-diffeomorphism,L6a5,,"{""aspect"":1.12,""bulge_shear"":0.08,""weave_shear"":-0.06}"
PKLSA_4ef6ed682b4487,link_6.3.1,6_3_1,link,29,42,3,512,Knot-Atlas-Gilbert-Fourier-base-plus-SIAF-global-diffeomorphism,L6a5,,"{""aspect"":1.12,""bulge_shear"":0.08,""weave_shear"":0.06}"
PKLSA_0402d6677d62cd,link_6.3.1,6_3_1,link,29,43,3,512,Knot-Atlas-Gilbert-Fourier-base-plus-SIAF-global-diffeomorphism,L6a5,,"{""aspect"":1.12,""bulge_shear"":0.08,""weave_shear"":0.2}"
PKLSA_b356edf21b9e12,link_6.3.1,6_3_1,link,29,44,3,512,Knot-Atlas-Gilbert-Fourier-base-plus-SIAF-global-diffeomorphism,L6a5,,"{""aspect"":1.12,""bulge_shear"":0.24,""weave_shear"":-0.2}"
PKLSA_8a6103c4e74399,link_6.3.1,6_3_1,link,29,45,3,512,Knot-Atlas-Gilbert-Fourier-base-plus-SIAF-global-diffeomorphism,L6a5,,"{""aspect"":1.12,""bulge_shear"":0.24,""weave_shear"":-0.06}"
PKLSA_ce63b041f7aeac,link_6.3.1,6_3_1,link,29,46,3,512,Knot-Atlas-Gilbert-Fourier-base-plus-SIAF-global-diffeomorphism,L6a5,,"{""aspect"":1.12,""bulge_shear"":0.24,""weave_shear"":0.06}"
PKLSA_50e8ea6432d1a9,link_6.3.1,6_3_1,link,29,47,3,512,Knot-Atlas-Gilbert-Fourier-base-plus-SIAF-global-diffeomorphism,L6a5,,"{""aspect"":1.12,""bulge_shear"":0.24,""weave_shear"":0.2}"
PKLSA_19da5ab229a77b,link_6.3.2,6_3_2,link,30,0,3,512,Knot-Atlas-Gilbert-Fourier-base-plus-SIAF-global-diffeomorphism,L6a4,,"{""aspect"":0.88,""bulge_shear"":-0.24,""weave_shear"":-0.2}"
PKLSA_10eec8da590582,link_6.3.2,6_3_2,link,30,1,3,512,Knot-Atlas-Gilbert-Fourier-base-plus-SIAF-global-diffeomorphism,L6a4,,"{""aspect"":0.88,""bulge_shear"":-0.24,""weave_shear"":-0.06}"
PKLSA_157a5b5a207499,link_6.3.2,6_3_2,link,30,2,3,512,Knot-Atlas-Gilbert-Fourier-base-plus-SIAF-global-diffeomorphism,L6a4,,"{""aspect"":0.88,""bulge_shear"":-0.24,""weave_shear"":0.06}"
PKLSA_703a7b3e1a20ba,link_6.3.2,6_3_2,link,30,3,3,512,Knot-Atlas-Gilbert-Fourier-base-plus-SIAF-global-diffeomorphism,L6a4,,"{""aspect"":0.88,""bulge_shear"":-0.24,""weave_shear"":0.2}"
PKLSA_cf8ecb9e7a8ec4,link_6.3.2,6_3_2,link,30,4,3,512,Knot-Atlas-Gilbert-Fourier-base-plus-SIAF-global-diffeomorphism,L6a4,,"{""aspect"":0.88,""bulge_shear"":-0.08,""weave_shear"":-0.2}"
PKLSA_6df1175bfe2bd6,link_6.3.2,6_3_2,link,30,5,3,512,Knot-Atlas-Gilbert-Fourier-base-plus-SIAF-global-diffeomorphism,L6a4,,"{""aspect"":0.88,""bulge_shear"":-0.08,""weave_shear"":-0.06}"
PKLSA_b3fc25cb06afc6,link_6.3.2,6_3_2,link,30,6,3,512,Knot-Atlas-Gilbert-Fourier-base-plus-SIAF-global-diffeomorphism,L6a4,,"{""aspect"":0.88,""bulge_shear"":-0.08,""weave_shear"":0.06}"
PKLSA_304404a8ed27de,link_6.3.2,6_3_2,link,30,7,3,512,Knot-Atlas-Gilbert-Fourier-base-plus-SIAF-global-diffeomorphism,L6a4,,"{""aspect"":0.88,""bulge_shear"":-0.08,""weave_shear"":0.2}"
PKLSA_001bedb010f23b,link_6.3.2,6_3_2,link,30,8,3,512,Knot-Atlas-Gilbert-Fourier-base-plus-SIAF-global-diffeomorphism,L6a4,,"{""aspect"":0.88,""bulge_shear"":0.08,""weave_shear"":-0.2}"
PKLSA_94a3f86eadc2ba,link_6.3.2,6_3_2,link,30,9,3,512,Knot-Atlas-Gilbert-Fourier-base-plus-SIAF-global-diffeomorphism,L6a4,,"{""aspect"":0.88,""bulge_shear"":0.08,""weave_shear"":-0.06}"
PKLSA_f0ddd170334a85,link_6.3.2,6_3_2,link,30,10,3,512,Knot-Atlas-Gilbert-Fourier-base-plus-SIAF-global-diffeomorphism,L6a4,,"{""aspect"":0.88,""bulge_shear"":0.08,""weave_shear"":0.06}"
PKLSA_61243afa1d479d,link_6.3.2,6_3_2,link,30,11,3,512,Knot-Atlas-Gilbert-Fourier-base-plus-SIAF-global-diffeomorphism,L6a4,,"{""aspect"":0.88,""bulge_shear"":0.08,""weave_shear"":0.2}"
PKLSA_33d9c06245682a,link_6.3.2,6_3_2,link,30,12,3,512,Knot-Atlas-Gilbert-Fourier-base-plus-SIAF-global-diffeomorphism,L6a4,,"{""aspect"":0.88,""bulge_shear"":0.24,""weave_shear"":-0.2}"
PKLSA_3a2dc1ca05e6ff,link_6.3.2,6_3_2,link,30,13,3,512,Knot-Atlas-Gilbert-Fourier-base-plus-SIAF-global-diffeomorphism,L6a4,,"{""aspect"":0.88,""bulge_shear"":0.24,""weave_shear"":-0.06}"
PKLSA_d79843568be4f7,link_6.3.2,6_3_2,link,30,14,3,512,Knot-Atlas-Gilbert-Fourier-base-plus-SIAF-global-diffeomorphism,L6a4,,"{""aspect"":0.88,""bulge_shear"":0.24,""weave_shear"":0.06}"
PKLSA_09a3c0b17ca299,link_6.3.2,6_3_2,link,30,15,3,512,Knot-Atlas-Gilbert-Fourier-base-plus-SIAF-global-diffeomorphism,L6a4,,"{""aspect"":0.88,""bulge_shear"":0.24,""weave_shear"":0.2}"
PKLSA_18406da106f0db,link_6.3.2,6_3_2,link,30,16,3,512,Knot-Atlas-Gilbert-Fourier-base-plus-SIAF-global-diffeomorphism,L6a4,,"{""aspect"":1.0,""bulge_shear"":-0.24,""weave_shear"":-0.2}"
PKLSA_9d03a13364bd78,link_6.3.2,6_3_2,link,30,17,3,512,Knot-Atlas-Gilbert-Fourier-base-plus-SIAF-global-diffeomorphism,L6a4,,"{""aspect"":1.0,""bulge_shear"":-0.24,""weave_shear"":-0.06}"
PKLSA_75a076d61030fd,link_6.3.2,6_3_2,link,30,18,3,512,Knot-Atlas-Gilbert-Fourier-base-plus-SIAF-global-diffeomorphism,L6a4,,"{""aspect"":1.0,""bulge_shear"":-0.24,""weave_shear"":0.06}"
PKLSA_8000395cb9c385,link_6.3.2,6_3_2,link,30,19,3,512,Knot-Atlas-Gilbert-Fourier-base-plus-SIAF-global-diffeomorphism,L6a4,,"{""aspect"":1.0,""bulge_shear"":-0.24,""weave_shear"":0.2}"
PKLSA_d5551c6035bbc5,link_6.3.2,6_3_2,link,30,20,3,512,Knot-Atlas-Gilbert-Fourier-base-plus-SIAF-global-diffeomorphism,L6a4,,"{""aspect"":1.0,""bulge_shear"":-0.08,""weave_shear"":-0.2}"
PKLSA_b91cc2579da57c,link_6.3.2,6_3_2,link,30,21,3,512,Knot-Atlas-Gilbert-Fourier-base-plus-SIAF-global-diffeomorphism,L6a4,,"{""aspect"":1.0,""bulge_shear"":-0.08,""weave_shear"":-0.06}"
PKLSA_a4d7369c366870,link_6.3.2,6_3_2,link,30,22,3,512,Knot-Atlas-Gilbert-Fourier-base-plus-SIAF-global-diffeomorphism,L6a4,,"{""aspect"":1.0,""bulge_shear"":-0.08,""weave_shear"":0.06}"
PKLSA_8fba470522308d,link_6.3.2,6_3_2,link,30,23,3,512,Knot-Atlas-Gilbert-Fourier-base-plus-SIAF-global-diffeomorphism,L6a4,,"{""aspect"":1.0,""bulge_shear"":-0.08,""weave_shear"":0.2}"
PKLSA_881c2b0855c60f,link_6.3.2,6_3_2,link,30,24,3,512,Knot-Atlas-Gilbert-Fourier-base-plus-SIAF-global-diffeomorphism,L6a4,,"{""aspect"":1.0,""bulge_shear"":0.08,""weave_shear"":-0.2}"
PKLSA_8a65b1cb588781,link_6.3.2,6_3_2,link,30,25,3,512,Knot-Atlas-Gilbert-Fourier-base-plus-SIAF-global-diffeomorphism,L6a4,,"{""aspect"":1.0,""bulge_shear"":0.08,""weave_shear"":-0.06}"
PKLSA_9b0c19793939e0,link_6.3.2,6_3_2,link,30,26,3,512,Knot-Atlas-Gilbert-Fourier-base-plus-SIAF-global-diffeomorphism,L6a4,,"{""aspect"":1.0,""bulge_shear"":0.08,""weave_shear"":0.06}"
PKLSA_4ca4b4a2f82be3,link_6.3.2,6_3_2,link,30,27,3,512,Knot-Atlas-Gilbert-Fourier-base-plus-SIAF-global-diffeomorphism,L6a4,,"{""aspect"":1.0,""bulge_shear"":0.08,""weave_shear"":0.2}"
PKLSA_d9874609431331,link_6.3.2,6_3_2,link,30,28,3,512,Knot-Atlas-Gilbert-Fourier-base-plus-SIAF-global-diffeomorphism,L6a4,,"{""aspect"":1.0,""bulge_shear"":0.24,""weave_shear"":-0.2}"
PKLSA_c41b67e20e83f3,link_6.3.2,6_3_2,link,30,29,3,512,Knot-Atlas-Gilbert-Fourier-base-plus-SIAF-global-diffeomorphism,L6a4,,"{""aspect"":1.0,""bulge_shear"":0.24,""weave_shear"":-0.06}"
PKLSA_fabf309885966b,link_6.3.2,6_3_2,link,30,30,3,512,Knot-Atlas-Gilbert-Fourier-base-plus-SIAF-global-diffeomorphism,L6a4,,"{""aspect"":1.0,""bulge_shear"":0.24,""weave_shear"":0.06}"
PKLSA_e8f64ab3b314a5,link_6.3.2,6_3_2,link,30,31,3,512,Knot-Atlas-Gilbert-Fourier-base-plus-SIAF-global-diffeomorphism,L6a4,,"{""aspect"":1.0,""bulge_shear"":0.24,""weave_shear"":0.2}"
PKLSA_be0063451e84ba,link_6.3.2,6_3_2,link,30,32,3,512,Knot-Atlas-Gilbert-Fourier-base-plus-SIAF-global-diffeomorphism,L6a4,,"{""aspect"":1.12,""bulge_shear"":-0.24,""weave_shear"":-0.2}"
PKLSA_558cd5b646c24a,link_6.3.2,6_3_2,link,30,33,3,512,Knot-Atlas-Gilbert-Fourier-base-plus-SIAF-global-diffeomorphism,L6a4,,"{""aspect"":1.12,""bulge_shear"":-0.24,""weave_shear"":-0.06}"
PKLSA_849c20b7cfa4a0,link_6.3.2,6_3_2,link,30,34,3,512,Knot-Atlas-Gilbert-Fourier-base-plus-SIAF-global-diffeomorphism,L6a4,,"{""aspect"":1.12,""bulge_shear"":-0.24,""weave_shear"":0.06}"
PKLSA_c4cffa93f8f51a,link_6.3.2,6_3_2,link,30,35,3,512,Knot-Atlas-Gilbert-Fourier-base-plus-SIAF-global-diffeomorphism,L6a4,,"{""aspect"":1.12,""bulge_shear"":-0.24,""weave_shear"":0.2}"
PKLSA_0dc9d10c9b0abe,link_6.3.2,6_3_2,link,30,36,3,512,Knot-Atlas-Gilbert-Fourier-base-plus-SIAF-global-diffeomorphism,L6a4,,"{""aspect"":1.12,""bulge_shear"":-0.08,""weave_shear"":-0.2}"
PKLSA_9a45e029cebce8,link_6.3.2,6_3_2,link,30,37,3,512,Knot-Atlas-Gilbert-Fourier-base-plus-SIAF-global-diffeomorphism,L6a4,,"{""aspect"":1.12,""bulge_shear"":-0.08,""weave_shear"":-0.06}"
PKLSA_d818bce5e423e0,link_6.3.2,6_3_2,link,30,38,3,512,Knot-Atlas-Gilbert-Fourier-base-plus-SIAF-global-diffeomorphism,L6a4,,"{""aspect"":1.12,""bulge_shear"":-0.08,""weave_shear"":0.06}"
PKLSA_4d9c81a9dda193,link_6.3.2,6_3_2,link,30,39,3,512,Knot-Atlas-Gilbert-Fourier-base-plus-SIAF-global-diffeomorphism,L6a4,,"{""aspect"":1.12,""bulge_shear"":-0.08,""weave_shear"":0.2}"
PKLSA_bffe2c83142076,link_6.3.2,6_3_2,link,30,40,3,512,Knot-Atlas-Gilbert-Fourier-base-plus-SIAF-global-diffeomorphism,L6a4,,"{""aspect"":1.12,""bulge_shear"":0.08,""weave_shear"":-0.2}"
PKLSA_a5e03d6ab4e91b,link_6.3.2,6_3_2,link,30,41,3,512,Knot-Atlas-Gilbert-Fourier-base-plus-SIAF-global-diffeomorphism,L6a4,,"{""aspect"":1.12,""bulge_shear"":0.08,""weave_shear"":-0.06}"
PKLSA_5c579dc768106a,link_6.3.2,6_3_2,link,30,42,3,512,Knot-Atlas-Gilbert-Fourier-base-plus-SIAF-global-diffeomorphism,L6a4,,"{""aspect"":1.12,""bulge_shear"":0.08,""weave_shear"":0.06}"
PKLSA_49dc3c9d9c91fa,link_6.3.2,6_3_2,link,30,43,3,512,Knot-Atlas-Gilbert-Fourier-base-plus-SIAF-global-diffeomorphism,L6a4,,"{""aspect"":1.12,""bulge_shear"":0.08,""weave_shear"":0.2}"
PKLSA_9bd900922de9bb,link_6.3.2,6_3_2,link,30,44,3,512,Knot-Atlas-Gilbert-Fourier-base-plus-SIAF-global-diffeomorphism,L6a4,,"{""aspect"":1.12,""bulge_shear"":0.24,""weave_shear"":-0.2}"
PKLSA_20357c3e73c1ec,link_6.3.2,6_3_2,link,30,45,3,512,Knot-Atlas-Gilbert-Fourier-base-plus-SIAF-global-diffeomorphism,L6a4,,"{""aspect"":1.12,""bulge_shear"":0.24,""weave_shear"":-0.06}"
PKLSA_599ea906085bc9,link_6.3.2,6_3_2,link,30,46,3,512,Knot-Atlas-Gilbert-Fourier-base-plus-SIAF-global-diffeomorphism,L6a4,,"{""aspect"":1.12,""bulge_shear"":0.24,""weave_shear"":0.06}"
PKLSA_9f681396326c00,link_6.3.2,6_3_2,link,30,47,3,512,Knot-Atlas-Gilbert-Fourier-base-plus-SIAF-global-diffeomorphism,L6a4,,"{""aspect"":1.12,""bulge_shear"":0.24,""weave_shear"":0.2}"
PKLSA_42b19dce4a1d46,link_6.3.3,6_3_3,link,31,0,3,512,Knot-Atlas-Gilbert-Fourier-base-plus-SIAF-global-diffeomorphism,L6n1,,"{""aspect"":0.88,""bulge_shear"":-0.24,""weave_shear"":-0.2}"
PKLSA_303398a27452b8,link_6.3.3,6_3_3,link,31,1,3,512,Knot-Atlas-Gilbert-Fourier-base-plus-SIAF-global-diffeomorphism,L6n1,,"{""aspect"":0.88,""bulge_shear"":-0.24,""weave_shear"":-0.06}"
PKLSA_3a2fe736416bc9,link_6.3.3,6_3_3,link,31,2,3,512,Knot-Atlas-Gilbert-Fourier-base-plus-SIAF-global-diffeomorphism,L6n1,,"{""aspect"":0.88,""bulge_shear"":-0.24,""weave_shear"":0.06}"
PKLSA_7acf41215a6651,link_6.3.3,6_3_3,link,31,3,3,512,Knot-Atlas-Gilbert-Fourier-base-plus-SIAF-global-diffeomorphism,L6n1,,"{""aspect"":0.88,""bulge_shear"":-0.24,""weave_shear"":0.2}"
PKLSA_b2333ae2cf6304,link_6.3.3,6_3_3,link,31,4,3,512,Knot-Atlas-Gilbert-Fourier-base-plus-SIAF-global-diffeomorphism,L6n1,,"{""aspect"":0.88,""bulge_shear"":-0.08,""weave_shear"":-0.2}"
PKLSA_f0e5f80819a9ae,link_6.3.3,6_3_3,link,31,5,3,512,Knot-Atlas-Gilbert-Fourier-base-plus-SIAF-global-diffeomorphism,L6n1,,"{""aspect"":0.88,""bulge_shear"":-0.08,""weave_shear"":-0.06}"
PKLSA_f23bfa7c624e99,link_6.3.3,6_3_3,link,31,6,3,512,Knot-Atlas-Gilbert-Fourier-base-plus-SIAF-global-diffeomorphism,L6n1,,"{""aspect"":0.88,""bulge_shear"":-0.08,""weave_shear"":0.06}"
PKLSA_2c3a6a892bad7c,link_6.3.3,6_3_3,link,31,7,3,512,Knot-Atlas-Gilbert-Fourier-base-plus-SIAF-global-diffeomorphism,L6n1,,"{""aspect"":0.88,""bulge_shear"":-0.08,""weave_shear"":0.2}"
PKLSA_91f3252423630a,link_6.3.3,6_3_3,link,31,8,3,512,Knot-Atlas-Gilbert-Fourier-base-plus-SIAF-global-diffeomorphism,L6n1,,"{""aspect"":0.88,""bulge_shear"":0.08,""weave_shear"":-0.2}"
PKLSA_ff1f29353ad574,link_6.3.3,6_3_3,link,31,9,3,512,Knot-Atlas-Gilbert-Fourier-base-plus-SIAF-global-diffeomorphism,L6n1,,"{""aspect"":0.88,""bulge_shear"":0.08,""weave_shear"":-0.06}"
PKLSA_b193d26104b5f2,link_6.3.3,6_3_3,link,31,10,3,512,Knot-Atlas-Gilbert-Fourier-base-plus-SIAF-global-diffeomorphism,L6n1,,"{""aspect"":0.88,""bulge_shear"":0.08,""weave_shear"":0.06}"
PKLSA_0e34587294c3d1,link_6.3.3,6_3_3,link,31,11,3,512,Knot-Atlas-Gilbert-Fourier-base-plus-SIAF-global-diffeomorphism,L6n1,,"{""aspect"":0.88,""bulge_shear"":0.08,""weave_shear"":0.2}"
PKLSA_5b4d1141d319d5,link_6.3.3,6_3_3,link,31,12,3,512,Knot-Atlas-Gilbert-Fourier-base-plus-SIAF-global-diffeomorphism,L6n1,,"{""aspect"":0.88,""bulge_shear"":0.24,""weave_shear"":-0.2}"
PKLSA_742a142090b956,link_6.3.3,6_3_3,link,31,13,3,512,Knot-Atlas-Gilbert-Fourier-base-plus-SIAF-global-diffeomorphism,L6n1,,"{""aspect"":0.88,""bulge_shear"":0.24,""weave_shear"":-0.06}"
PKLSA_2901f3f8aa2f00,link_6.3.3,6_3_3,link,31,14,3,512,Knot-Atlas-Gilbert-Fourier-base-plus-SIAF-global-diffeomorphism,L6n1,,"{""aspect"":0.88,""bulge_shear"":0.24,""weave_shear"":0.06}"
PKLSA_ea45ec8d045cc8,link_6.3.3,6_3_3,link,31,15,3,512,Knot-Atlas-Gilbert-Fourier-base-plus-SIAF-global-diffeomorphism,L6n1,,"{""aspect"":0.88,""bulge_shear"":0.24,""weave_shear"":0.2}"
PKLSA_366a5c8b1c8e48,link_6.3.3,6_3_3,link,31,16,3,512,Knot-Atlas-Gilbert-Fourier-base-plus-SIAF-global-diffeomorphism,L6n1,,"{""aspect"":1.0,""bulge_shear"":-0.24,""weave_shear"":-0.2}"
PKLSA_d1194377f16ff0,link_6.3.3,6_3_3,link,31,17,3,512,Knot-Atlas-Gilbert-Fourier-base-plus-SIAF-global-diffeomorphism,L6n1,,"{""aspect"":1.0,""bulge_shear"":-0.24,""weave_shear"":-0.06}"
PKLSA_97986e4bd1342a,link_6.3.3,6_3_3,link,31,18,3,512,Knot-Atlas-Gilbert-Fourier-base-plus-SIAF-global-diffeomorphism,L6n1,,"{""aspect"":1.0,""bulge_shear"":-0.24,""weave_shear"":0.06}"
PKLSA_c2b7569e2a5047,link_6.3.3,6_3_3,link,31,19,3,512,Knot-Atlas-Gilbert-Fourier-base-plus-SIAF-global-diffeomorphism,L6n1,,"{""aspect"":1.0,""bulge_shear"":-0.24,""weave_shear"":0.2}"
PKLSA_87f0adeb595797,link_6.3.3,6_3_3,link,31,20,3,512,Knot-Atlas-Gilbert-Fourier-base-plus-SIAF-global-diffeomorphism,L6n1,,"{""aspect"":1.0,""bulge_shear"":-0.08,""weave_shear"":-0.2}"
PKLSA_34a25251fccb4f,link_6.3.3,6_3_3,link,31,21,3,512,Knot-Atlas-Gilbert-Fourier-base-plus-SIAF-global-diffeomorphism,L6n1,,"{""aspect"":1.0,""bulge_shear"":-0.08,""weave_shear"":-0.06}"
PKLSA_c15355d702026b,link_6.3.3,6_3_3,link,31,22,3,512,Knot-Atlas-Gilbert-Fourier-base-plus-SIAF-global-diffeomorphism,L6n1,,"{""aspect"":1.0,""bulge_shear"":-0.08,""weave_shear"":0.06}"
PKLSA_e7b475de8f7d3d,link_6.3.3,6_3_3,link,31,23,3,512,Knot-Atlas-Gilbert-Fourier-base-plus-SIAF-global-diffeomorphism,L6n1,,"{""aspect"":1.0,""bulge_shear"":-0.08,""weave_shear"":0.2}"
PKLSA_df3d75b43ae5ae,link_6.3.3,6_3_3,link,31,24,3,512,Knot-Atlas-Gilbert-Fourier-base-plus-SIAF-global-diffeomorphism,L6n1,,"{""aspect"":1.0,""bulge_shear"":0.08,""weave_shear"":-0.2}"
PKLSA_d9ce199d589382,link_6.3.3,6_3_3,link,31,25,3,512,Knot-Atlas-Gilbert-Fourier-base-plus-SIAF-global-diffeomorphism,L6n1,,"{""aspect"":1.0,""bulge_shear"":0.08,""weave_shear"":-0.06}"
PKLSA_7bdea7a9a6f04a,link_6.3.3,6_3_3,link,31,26,3,512,Knot-Atlas-Gilbert-Fourier-base-plus-SIAF-global-diffeomorphism,L6n1,,"{""aspect"":1.0,""bulge_shear"":0.08,""weave_shear"":0.06}"
PKLSA_1c654a4f3337e6,link_6.3.3,6_3_3,link,31,27,3,512,Knot-Atlas-Gilbert-Fourier-base-plus-SIAF-global-diffeomorphism,L6n1,,"{""aspect"":1.0,""bulge_shear"":0.08,""weave_shear"":0.2}"
PKLSA_86efbcab1aa10c,link_6.3.3,6_3_3,link,31,28,3,512,Knot-Atlas-Gilbert-Fourier-base-plus-SIAF-global-diffeomorphism,L6n1,,"{""aspect"":1.0,""bulge_shear"":0.24,""weave_shear"":-0.2}"
PKLSA_8dfe4ee3d1efbd,link_6.3.3,6_3_3,link,31,29,3,512,Knot-Atlas-Gilbert-Fourier-base-plus-SIAF-global-diffeomorphism,L6n1,,"{""aspect"":1.0,""bulge_shear"":0.24,""weave_shear"":-0.06}"
PKLSA_c5934ce710102b,link_6.3.3,6_3_3,link,31,30,3,512,Knot-Atlas-Gilbert-Fourier-base-plus-SIAF-global-diffeomorphism,L6n1,,"{""aspect"":1.0,""bulge_shear"":0.24,""weave_shear"":0.06}"
PKLSA_33f42383fb6eca,link_6.3.3,6_3_3,link,31,31,3,512,Knot-Atlas-Gilbert-Fourier-base-plus-SIAF-global-diffeomorphism,L6n1,,"{""aspect"":1.0,""bulge_shear"":0.24,""weave_shear"":0.2}"
PKLSA_ceddccfd5b7e8a,link_6.3.3,6_3_3,link,31,32,3,512,Knot-Atlas-Gilbert-Fourier-base-plus-SIAF-global-diffeomorphism,L6n1,,"{""aspect"":1.12,""bulge_shear"":-0.24,""weave_shear"":-0.2}"
PKLSA_253353983957e3,link_6.3.3,6_3_3,link,31,33,3,512,Knot-Atlas-Gilbert-Fourier-base-plus-SIAF-global-diffeomorphism,L6n1,,"{""aspect"":1.12,""bulge_shear"":-0.24,""weave_shear"":-0.06}"
PKLSA_54a4024b0da3a4,link_6.3.3,6_3_3,link,31,34,3,512,Knot-Atlas-Gilbert-Fourier-base-plus-SIAF-global-diffeomorphism,L6n1,,"{""aspect"":1.12,""bulge_shear"":-0.24,""weave_shear"":0.06}"
PKLSA_6eb1639ff446df,link_6.3.3,6_3_3,link,31,35,3,512,Knot-Atlas-Gilbert-Fourier-base-plus-SIAF-global-diffeomorphism,L6n1,,"{""aspect"":1.12,""bulge_shear"":-0.24,""weave_shear"":0.2}"
PKLSA_121fbf05303673,link_6.3.3,6_3_3,link,31,36,3,512,Knot-Atlas-Gilbert-Fourier-base-plus-SIAF-global-diffeomorphism,L6n1,,"{""aspect"":1.12,""bulge_shear"":-0.08,""weave_shear"":-0.2}"
PKLSA_6045d8015acdae,link_6.3.3,6_3_3,link,31,37,3,512,Knot-Atlas-Gilbert-Fourier-base-plus-SIAF-global-diffeomorphism,L6n1,,"{""aspect"":1.12,""bulge_shear"":-0.08,""weave_shear"":-0.06}"
PKLSA_857c4d632defe7,link_6.3.3,6_3_3,link,31,38,3,512,Knot-Atlas-Gilbert-Fourier-base-plus-SIAF-global-diffeomorphism,L6n1,,"{""aspect"":1.12,""bulge_shear"":-0.08,""weave_shear"":0.06}"
PKLSA_46ad5b78faaaa1,link_6.3.3,6_3_3,link,31,39,3,512,Knot-Atlas-Gilbert-Fourier-base-plus-SIAF-global-diffeomorphism,L6n1,,"{""aspect"":1.12,""bulge_shear"":-0.08,""weave_shear"":0.2}"
PKLSA_568188c00d2d60,link_6.3.3,6_3_3,link,31,40,3,512,Knot-Atlas-Gilbert-Fourier-base-plus-SIAF-global-diffeomorphism,L6n1,,"{""aspect"":1.12,""bulge_shear"":0.08,""weave_shear"":-0.2}"
PKLSA_db8c19b0974e4c,link_6.3.3,6_3_3,link,31,41,3,512,Knot-Atlas-Gilbert-Fourier-base-plus-SIAF-global-diffeomorphism,L6n1,,"{""aspect"":1.12,""bulge_shear"":0.08,""weave_shear"":-0.06}"
PKLSA_8e9f650c9285a8,link_6.3.3,6_3_3,link,31,42,3,512,Knot-Atlas-Gilbert-Fourier-base-plus-SIAF-global-diffeomorphism,L6n1,,"{""aspect"":1.12,""bulge_shear"":0.08,""weave_shear"":0.06}"
PKLSA_15b03f5387123d,link_6.3.3,6_3_3,link,31,43,3,512,Knot-Atlas-Gilbert-Fourier-base-plus-SIAF-global-diffeomorphism,L6n1,,"{""aspect"":1.12,""bulge_shear"":0.08,""weave_shear"":0.2}"
PKLSA_8a4da6c199b1f8,link_6.3.3,6_3_3,link,31,44,3,512,Knot-Atlas-Gilbert-Fourier-base-plus-SIAF-global-diffeomorphism,L6n1,,"{""aspect"":1.12,""bulge_shear"":0.24,""weave_shear"":-0.2}"
PKLSA_fc771db46a9cba,link_6.3.3,6_3_3,link,31,45,3,512,Knot-Atlas-Gilbert-Fourier-base-plus-SIAF-global-diffeomorphism,L6n1,,"{""aspect"":1.12,""bulge_shear"":0.24,""weave_shear"":-0.06}"
PKLSA_773891d472eee4,link_6.3.3,6_3_3,link,31,46,3,512,Knot-Atlas-Gilbert-Fourier-base-plus-SIAF-global-diffeomorphism,L6n1,,"{""aspect"":1.12,""bulge_shear"":0.24,""weave_shear"":0.06}"
PKLSA_8ab4824cf25818,link_6.3.3,6_3_3,link,31,47,3,512,Knot-Atlas-Gilbert-Fourier-base-plus-SIAF-global-diffeomorphism,L6n1,,"{""aspect"":1.12,""bulge_shear"":0.24,""weave_shear"":0.2}"
PKLSA_ed8f58b7c48987,torus_6.9,6_9,torus_link,32,0,3,512,analytic-generalized-shader-track-torus-family,"T(6,9) analytic construction",,"{""R"":2.8,""a"":0.65,""b"":0.65,""p"":6,""q"":9}"
PKLSA_9dbe6de5630b62,torus_6.9,6_9,torus_link,32,1,3,512,analytic-generalized-shader-track-torus-family,"T(6,9) analytic construction",,"{""R"":2.8,""a"":0.65,""b"":0.9,""p"":6,""q"":9}"
PKLSA_c0e38d9e2ea2ec,torus_6.9,6_9,torus_link,32,2,3,512,analytic-generalized-shader-track-torus-family,"T(6,9) analytic construction",,"{""R"":2.8,""a"":0.65,""b"":1.15,""p"":6,""q"":9}"
PKLSA_14fa3581753e3b,torus_6.9,6_9,torus_link,32,3,3,512,analytic-generalized-shader-track-torus-family,"T(6,9) analytic construction",,"{""R"":2.8,""a"":0.65,""b"":1.4,""p"":6,""q"":9}"
PKLSA_479ca3932d0fbb,torus_6.9,6_9,torus_link,32,4,3,512,analytic-generalized-shader-track-torus-family,"T(6,9) analytic construction",,"{""R"":2.8,""a"":0.85,""b"":0.65,""p"":6,""q"":9}"
PKLSA_3c351415aac424,torus_6.9,6_9,torus_link,32,5,3,512,analytic-generalized-shader-track-torus-family,"T(6,9) analytic construction",,"{""R"":2.8,""a"":0.85,""b"":0.9,""p"":6,""q"":9}"
PKLSA_a09e33d409f6d6,torus_6.9,6_9,torus_link,32,6,3,512,analytic-generalized-shader-track-torus-family,"T(6,9) analytic construction",,"{""R"":2.8,""a"":0.85,""b"":1.15,""p"":6,""q"":9}"
PKLSA_aa5fb6a3d79d0f,torus_6.9,6_9,torus_link,32,7,3,512,analytic-generalized-shader-track-torus-family,"T(6,9) analytic construction",,"{""R"":2.8,""a"":0.85,""b"":1.4,""p"":6,""q"":9}"
PKLSA_cb2b6183c1f46b,torus_6.9,6_9,torus_link,32,8,3,512,analytic-generalized-shader-track-torus-family,"T(6,9) analytic construction",,"{""R"":2.8,""a"":1.05,""b"":0.65,""p"":6,""q"":9}"
PKLSA_f25860a0f21724,torus_6.9,6_9,torus_link,32,9,3,512,analytic-generalized-shader-track-torus-family,"T(6,9) analytic construction",,"{""R"":2.8,""a"":1.05,""b"":0.9,""p"":6,""q"":9}"
PKLSA_3d610a2fbe5964,torus_6.9,6_9,torus_link,32,10,3,512,analytic-generalized-shader-track-torus-family,"T(6,9) analytic construction",,"{""R"":2.8,""a"":1.05,""b"":1.15,""p"":6,""q"":9}"
PKLSA_778d1300c9e63f,torus_6.9,6_9,torus_link,32,11,3,512,analytic-generalized-shader-track-torus-family,"T(6,9) analytic construction",,"{""R"":2.8,""a"":1.05,""b"":1.4,""p"":6,""q"":9}"
PKLSA_f9af24d25b86ca,torus_6.9,6_9,torus_link,32,12,3,512,analytic-generalized-shader-track-torus-family,"T(6,9) analytic construction",,"{""R"":2.8,""a"":1.25,""b"":0.65,""p"":6,""q"":9}"
PKLSA_745fbd2b95c97d,torus_6.9,6_9,torus_link,32,13,3,512,analytic-generalized-shader-track-torus-family,"T(6,9) analytic construction",,"{""R"":2.8,""a"":1.25,""b"":0.9,""p"":6,""q"":9}"
PKLSA_670d2f6a86f053,torus_6.9,6_9,torus_link,32,14,3,512,analytic-generalized-shader-track-torus-family,"T(6,9) analytic construction",,"{""R"":2.8,""a"":1.25,""b"":1.15,""p"":6,""q"":9}"
PKLSA_b66fee4f007aff,torus_6.9,6_9,torus_link,32,15,3,512,analytic-generalized-shader-track-torus-family,"T(6,9) analytic construction",,"{""R"":2.8,""a"":1.25,""b"":1.4,""p"":6,""q"":9}"
PKLSA_eb79e7ba03c107,torus_6.9,6_9,torus_link,32,16,3,512,analytic-generalized-shader-track-torus-family,"T(6,9) analytic construction",,"{""R"":3.2,""a"":0.65,""b"":0.65,""p"":6,""q"":9}"
PKLSA_47285d192deddc,torus_6.9,6_9,torus_link,32,17,3,512,analytic-generalized-shader-track-torus-family,"T(6,9) analytic construction",,"{""R"":3.2,""a"":0.65,""b"":0.9,""p"":6,""q"":9}"
PKLSA_aff1fb1ccf095b,torus_6.9,6_9,torus_link,32,18,3,512,analytic-generalized-shader-track-torus-family,"T(6,9) analytic construction",,"{""R"":3.2,""a"":0.65,""b"":1.15,""p"":6,""q"":9}"
PKLSA_dd2ded87808f06,torus_6.9,6_9,torus_link,32,19,3,512,analytic-generalized-shader-track-torus-family,"T(6,9) analytic construction",,"{""R"":3.2,""a"":0.65,""b"":1.4,""p"":6,""q"":9}"
PKLSA_f2436350bac08d,torus_6.9,6_9,torus_link,32,20,3,512,analytic-generalized-shader-track-torus-family,"T(6,9) analytic construction",,"{""R"":3.2,""a"":0.85,""b"":0.65,""p"":6,""q"":9}"
PKLSA_64ff8dab56ac99,torus_6.9,6_9,torus_link,32,21,3,512,analytic-generalized-shader-track-torus-family,"T(6,9) analytic construction",,"{""R"":3.2,""a"":0.85,""b"":0.9,""p"":6,""q"":9}"
PKLSA_ca23561bc0f4a3,torus_6.9,6_9,torus_link,32,22,3,512,analytic-generalized-shader-track-torus-family,"T(6,9) analytic construction",,"{""R"":3.2,""a"":0.85,""b"":1.15,""p"":6,""q"":9}"
PKLSA_5defe8fb6ff80b,torus_6.9,6_9,torus_link,32,23,3,512,analytic-generalized-shader-track-torus-family,"T(6,9) analytic construction",,"{""R"":3.2,""a"":0.85,""b"":1.4,""p"":6,""q"":9}"
PKLSA_51dde13168a842,torus_6.9,6_9,torus_link,32,24,3,512,analytic-generalized-shader-track-torus-family,"T(6,9) analytic construction",,"{""R"":3.2,""a"":1.05,""b"":0.65,""p"":6,""q"":9}"
PKLSA_56b3c4796e9f58,torus_6.9,6_9,torus_link,32,25,3,512,analytic-generalized-shader-track-torus-family,"T(6,9) analytic construction",,"{""R"":3.2,""a"":1.05,""b"":0.9,""p"":6,""q"":9}"
PKLSA_333ab51a5fb47d,torus_6.9,6_9,torus_link,32,26,3,512,analytic-generalized-shader-track-torus-family,"T(6,9) analytic construction",,"{""R"":3.2,""a"":1.05,""b"":1.15,""p"":6,""q"":9}"
PKLSA_e1c9199e327dce,torus_6.9,6_9,torus_link,32,27,3,512,analytic-generalized-shader-track-torus-family,"T(6,9) analytic construction",,"{""R"":3.2,""a"":1.05,""b"":1.4,""p"":6,""q"":9}"
PKLSA_6752e4fad89a57,torus_6.9,6_9,torus_link,32,28,3,512,analytic-generalized-shader-track-torus-family,"T(6,9) analytic construction",,"{""R"":3.2,""a"":1.25,""b"":0.65,""p"":6,""q"":9}"
PKLSA_f6a01644ff8b53,torus_6.9,6_9,torus_link,32,29,3,512,analytic-generalized-shader-track-torus-family,"T(6,9) analytic construction",,"{""R"":3.2,""a"":1.25,""b"":0.9,""p"":6,""q"":9}"
PKLSA_990c6d0586020e,torus_6.9,6_9,torus_link,32,30,3,512,analytic-generalized-shader-track-torus-family,"T(6,9) analytic construction",,"{""R"":3.2,""a"":1.25,""b"":1.15,""p"":6,""q"":9}"
PKLSA_1d6c6fa83f5f8e,torus_6.9,6_9,torus_link,32,31,3,512,analytic-generalized-shader-track-torus-family,"T(6,9) analytic construction",,"{""R"":3.2,""a"":1.25,""b"":1.4,""p"":6,""q"":9}"
PKLSA_b732a8c6968fac,torus_6.9,6_9,torus_link,32,32,3,512,analytic-generalized-shader-track-torus-family,"T(6,9) analytic construction",,"{""R"":3.6,""a"":0.65,""b"":0.65,""p"":6,""q"":9}"
PKLSA_fdba8ff140c549,torus_6.9,6_9,torus_link,32,33,3,512,analytic-generalized-shader-track-torus-family,"T(6,9) analytic construction",,"{""R"":3.6,""a"":0.65,""b"":0.9,""p"":6,""q"":9}"
PKLSA_0e67b6edf86976,torus_6.9,6_9,torus_link,32,34,3,512,analytic-generalized-shader-track-torus-family,"T(6,9) analytic construction",,"{""R"":3.6,""a"":0.65,""b"":1.15,""p"":6,""q"":9}"
PKLSA_5941a6b0cc2ad6,torus_6.9,6_9,torus_link,32,35,3,512,analytic-generalized-shader-track-torus-family,"T(6,9) analytic construction",,"{""R"":3.6,""a"":0.65,""b"":1.4,""p"":6,""q"":9}"
PKLSA_879d56ccb7589a,torus_6.9,6_9,torus_link,32,36,3,512,analytic-generalized-shader-track-torus-family,"T(6,9) analytic construction",,"{""R"":3.6,""a"":0.85,""b"":0.65,""p"":6,""q"":9}"
PKLSA_2834dc04386864,torus_6.9,6_9,torus_link,32,37,3,512,analytic-generalized-shader-track-torus-family,"T(6,9) analytic construction",,"{""R"":3.6,""a"":0.85,""b"":0.9,""p"":6,""q"":9}"
PKLSA_681ab6eafb547f,torus_6.9,6_9,torus_link,32,38,3,512,analytic-generalized-shader-track-torus-family,"T(6,9) analytic construction",,"{""R"":3.6,""a"":0.85,""b"":1.15,""p"":6,""q"":9}"
PKLSA_88adf58eb4f86a,torus_6.9,6_9,torus_link,32,39,3,512,analytic-generalized-shader-track-torus-family,"T(6,9) analytic construction",,"{""R"":3.6,""a"":0.85,""b"":1.4,""p"":6,""q"":9}"
PKLSA_dd4af95cfc45f8,torus_6.9,6_9,torus_link,32,40,3,512,analytic-generalized-shader-track-torus-family,"T(6,9) analytic construction",,"{""R"":3.6,""a"":1.05,""b"":0.65,""p"":6,""q"":9}"
PKLSA_17690f76bf69a3,torus_6.9,6_9,torus_link,32,41,3,512,analytic-generalized-shader-track-torus-family,"T(6,9) analytic construction",,"{""R"":3.6,""a"":1.05,""b"":0.9,""p"":6,""q"":9}"
PKLSA_ebe5ddb4051427,torus_6.9,6_9,torus_link,32,42,3,512,analytic-generalized-shader-track-torus-family,"T(6,9) analytic construction",,"{""R"":3.6,""a"":1.05,""b"":1.15,""p"":6,""q"":9}"
PKLSA_119f24a61d8bbc,torus_6.9,6_9,torus_link,32,43,3,512,analytic-generalized-shader-track-torus-family,"T(6,9) analytic construction",,"{""R"":3.6,""a"":1.05,""b"":1.4,""p"":6,""q"":9}"
PKLSA_43bbe738f18b5a,torus_6.9,6_9,torus_link,32,44,3,512,analytic-generalized-shader-track-torus-family,"T(6,9) analytic construction",,"{""R"":3.6,""a"":1.25,""b"":0.65,""p"":6,""q"":9}"
PKLSA_0c03e462ccc0cb,torus_6.9,6_9,torus_link,32,45,3,512,analytic-generalized-shader-track-torus-family,"T(6,9) analytic construction",,"{""R"":3.6,""a"":1.25,""b"":0.9,""p"":6,""q"":9}"
PKLSA_91f961e5bd8d86,torus_6.9,6_9,torus_link,32,46,3,512,analytic-generalized-shader-track-torus-family,"T(6,9) analytic construction",,"{""R"":3.6,""a"":1.25,""b"":1.15,""p"":6,""q"":9}"
PKLSA_f0678c0da36280,torus_6.9,6_9,torus_link,32,47,3,512,analytic-generalized-shader-track-torus-family,"T(6,9) analytic construction",,"{""R"":3.6,""a"":1.25,""b"":1.4,""p"":6,""q"":9}"
PKLSA_0bc28d30f6e72d,knot_7.1,7_1,knot,33,0,1,512,Knot-Atlas-Gilbert-Fourier-base-plus-SIAF-global-diffeomorphism,7:1:1,,"{""aspect"":0.88,""bulge_shear"":-0.24,""weave_shear"":-0.2}"
PKLSA_72059c0a341ba6,knot_7.1,7_1,knot,33,1,1,512,Knot-Atlas-Gilbert-Fourier-base-plus-SIAF-global-diffeomorphism,7:1:1,,"{""aspect"":0.88,""bulge_shear"":-0.24,""weave_shear"":-0.06}"
PKLSA_6a8d88a13dbd6a,knot_7.1,7_1,knot,33,2,1,512,Knot-Atlas-Gilbert-Fourier-base-plus-SIAF-global-diffeomorphism,7:1:1,,"{""aspect"":0.88,""bulge_shear"":-0.24,""weave_shear"":0.06}"
PKLSA_7f20a75b4cde2f,knot_7.1,7_1,knot,33,3,1,512,Knot-Atlas-Gilbert-Fourier-base-plus-SIAF-global-diffeomorphism,7:1:1,,"{""aspect"":0.88,""bulge_shear"":-0.24,""weave_shear"":0.2}"
PKLSA_167b144b7c35c5,knot_7.1,7_1,knot,33,4,1,512,Knot-Atlas-Gilbert-Fourier-base-plus-SIAF-global-diffeomorphism,7:1:1,,"{""aspect"":0.88,""bulge_shear"":-0.08,""weave_shear"":-0.2}"
PKLSA_810a0632facfa9,knot_7.1,7_1,knot,33,5,1,512,Knot-Atlas-Gilbert-Fourier-base-plus-SIAF-global-diffeomorphism,7:1:1,,"{""aspect"":0.88,""bulge_shear"":-0.08,""weave_shear"":-0.06}"
PKLSA_d1c3ae8e734d40,knot_7.1,7_1,knot,33,6,1,512,Knot-Atlas-Gilbert-Fourier-base-plus-SIAF-global-diffeomorphism,7:1:1,,"{""aspect"":0.88,""bulge_shear"":-0.08,""weave_shear"":0.06}"
PKLSA_aa44b5248dc8d5,knot_7.1,7_1,knot,33,7,1,512,Knot-Atlas-Gilbert-Fourier-base-plus-SIAF-global-diffeomorphism,7:1:1,,"{""aspect"":0.88,""bulge_shear"":-0.08,""weave_shear"":0.2}"
PKLSA_39ca9a32875f88,knot_7.1,7_1,knot,33,8,1,512,Knot-Atlas-Gilbert-Fourier-base-plus-SIAF-global-diffeomorphism,7:1:1,,"{""aspect"":0.88,""bulge_shear"":0.08,""weave_shear"":-0.2}"
PKLSA_7616c317753c25,knot_7.1,7_1,knot,33,9,1,512,Knot-Atlas-Gilbert-Fourier-base-plus-SIAF-global-diffeomorphism,7:1:1,,"{""aspect"":0.88,""bulge_shear"":0.08,""weave_shear"":-0.06}"
PKLSA_3a5b53a098a7fb,knot_7.1,7_1,knot,33,10,1,512,Knot-Atlas-Gilbert-Fourier-base-plus-SIAF-global-diffeomorphism,7:1:1,,"{""aspect"":0.88,""bulge_shear"":0.08,""weave_shear"":0.06}"
PKLSA_40c2d6c774c822,knot_7.1,7_1,knot,33,11,1,512,Knot-Atlas-Gilbert-Fourier-base-plus-SIAF-global-diffeomorphism,7:1:1,,"{""aspect"":0.88,""bulge_shear"":0.08,""weave_shear"":0.2}"
PKLSA_5cab911a52962b,knot_7.1,7_1,knot,33,12,1,512,Knot-Atlas-Gilbert-Fourier-base-plus-SIAF-global-diffeomorphism,7:1:1,,"{""aspect"":0.88,""bulge_shear"":0.24,""weave_shear"":-0.2}"
PKLSA_e8932865ff1768,knot_7.1,7_1,knot,33,13,1,512,Knot-Atlas-Gilbert-Fourier-base-plus-SIAF-global-diffeomorphism,7:1:1,,"{""aspect"":0.88,""bulge_shear"":0.24,""weave_shear"":-0.06}"
PKLSA_2d9cca3b95eabe,knot_7.1,7_1,knot,33,14,1,512,Knot-Atlas-Gilbert-Fourier-base-plus-SIAF-global-diffeomorphism,7:1:1,,"{""aspect"":0.88,""bulge_shear"":0.24,""weave_shear"":0.06}"
PKLSA_a63ca614784ef3,knot_7.1,7_1,knot,33,15,1,512,Knot-Atlas-Gilbert-Fourier-base-plus-SIAF-global-diffeomorphism,7:1:1,,"{""aspect"":0.88,""bulge_shear"":0.24,""weave_shear"":0.2}"
PKLSA_bb3d2b0b9397ba,knot_7.1,7_1,knot,33,16,1,512,Knot-Atlas-Gilbert-Fourier-base-plus-SIAF-global-diffeomorphism,7:1:1,,"{""aspect"":1.0,""bulge_shear"":-0.24,""weave_shear"":-0.2}"
PKLSA_9b560f6e31e38a,knot_7.1,7_1,knot,33,17,1,512,Knot-Atlas-Gilbert-Fourier-base-plus-SIAF-global-diffeomorphism,7:1:1,,"{""aspect"":1.0,""bulge_shear"":-0.24,""weave_shear"":-0.06}"
PKLSA_041eca5b30d2e9,knot_7.1,7_1,knot,33,18,1,512,Knot-Atlas-Gilbert-Fourier-base-plus-SIAF-global-diffeomorphism,7:1:1,,"{""aspect"":1.0,""bulge_shear"":-0.24,""weave_shear"":0.06}"
PKLSA_8015d4433f4513,knot_7.1,7_1,knot,33,19,1,512,Knot-Atlas-Gilbert-Fourier-base-plus-SIAF-global-diffeomorphism,7:1:1,,"{""aspect"":1.0,""bulge_shear"":-0.24,""weave_shear"":0.2}"
PKLSA_75ae7423c397c8,knot_7.1,7_1,knot,33,20,1,512,Knot-Atlas-Gilbert-Fourier-base-plus-SIAF-global-diffeomorphism,7:1:1,,"{""aspect"":1.0,""bulge_shear"":-0.08,""weave_shear"":-0.2}"
PKLSA_86ab9b3b8e0b72,knot_7.1,7_1,knot,33,21,1,512,Knot-Atlas-Gilbert-Fourier-base-plus-SIAF-global-diffeomorphism,7:1:1,,"{""aspect"":1.0,""bulge_shear"":-0.08,""weave_shear"":-0.06}"
PKLSA_7f358249e13e0b,knot_7.1,7_1,knot,33,22,1,512,Knot-Atlas-Gilbert-Fourier-base-plus-SIAF-global-diffeomorphism,7:1:1,,"{""aspect"":1.0,""bulge_shear"":-0.08,""weave_shear"":0.06}"
PKLSA_827b1a21419a70,knot_7.1,7_1,knot,33,23,1,512,Knot-Atlas-Gilbert-Fourier-base-plus-SIAF-global-diffeomorphism,7:1:1,,"{""aspect"":1.0,""bulge_shear"":-0.08,""weave_shear"":0.2}"
PKLSA_809b5c299e75dc,knot_7.1,7_1,knot,33,24,1,512,Knot-Atlas-Gilbert-Fourier-base-plus-SIAF-global-diffeomorphism,7:1:1,,"{""aspect"":1.0,""bulge_shear"":0.08,""weave_shear"":-0.2}"
PKLSA_5eadc3ae7e60bf,knot_7.1,7_1,knot,33,25,1,512,Knot-Atlas-Gilbert-Fourier-base-plus-SIAF-global-diffeomorphism,7:1:1,,"{""aspect"":1.0,""bulge_shear"":0.08,""weave_shear"":-0.06}"
PKLSA_3966e3add4ad75,knot_7.1,7_1,knot,33,26,1,512,Knot-Atlas-Gilbert-Fourier-base-plus-SIAF-global-diffeomorphism,7:1:1,,"{""aspect"":1.0,""bulge_shear"":0.08,""weave_shear"":0.06}"
PKLSA_d240342f9dfb5b,knot_7.1,7_1,knot,33,27,1,512,Knot-Atlas-Gilbert-Fourier-base-plus-SIAF-global-diffeomorphism,7:1:1,,"{""aspect"":1.0,""bulge_shear"":0.08,""weave_shear"":0.2}"
PKLSA_e4252f409c934c,knot_7.1,7_1,knot,33,28,1,512,Knot-Atlas-Gilbert-Fourier-base-plus-SIAF-global-diffeomorphism,7:1:1,,"{""aspect"":1.0,""bulge_shear"":0.24,""weave_shear"":-0.2}"
PKLSA_28b143151d7226,knot_7.1,7_1,knot,33,29,1,512,Knot-Atlas-Gilbert-Fourier-base-plus-SIAF-global-diffeomorphism,7:1:1,,"{""aspect"":1.0,""bulge_shear"":0.24,""weave_shear"":-0.06}"
PKLSA_5c7df135405b0b,knot_7.1,7_1,knot,33,30,1,512,Knot-Atlas-Gilbert-Fourier-base-plus-SIAF-global-diffeomorphism,7:1:1,,"{""aspect"":1.0,""bulge_shear"":0.24,""weave_shear"":0.06}"
PKLSA_a96d520a0192bb,knot_7.1,7_1,knot,33,31,1,512,Knot-Atlas-Gilbert-Fourier-base-plus-SIAF-global-diffeomorphism,7:1:1,,"{""aspect"":1.0,""bulge_shear"":0.24,""weave_shear"":0.2}"
PKLSA_cbe410b89b9272,knot_7.1,7_1,knot,33,32,1,512,Knot-Atlas-Gilbert-Fourier-base-plus-SIAF-global-diffeomorphism,7:1:1,,"{""aspect"":1.12,""bulge_shear"":-0.24,""weave_shear"":-0.2}"
PKLSA_f4fdf68156a68e,knot_7.1,7_1,knot,33,33,1,512,Knot-Atlas-Gilbert-Fourier-base-plus-SIAF-global-diffeomorphism,7:1:1,,"{""aspect"":1.12,""bulge_shear"":-0.24,""weave_shear"":-0.06}"
PKLSA_e69284980641e2,knot_7.1,7_1,knot,33,34,1,512,Knot-Atlas-Gilbert-Fourier-base-plus-SIAF-global-diffeomorphism,7:1:1,,"{""aspect"":1.12,""bulge_shear"":-0.24,""weave_shear"":0.06}"
PKLSA_f7b5510a3c196f,knot_7.1,7_1,knot,33,35,1,512,Knot-Atlas-Gilbert-Fourier-base-plus-SIAF-global-diffeomorphism,7:1:1,,"{""aspect"":1.12,""bulge_shear"":-0.24,""weave_shear"":0.2}"
PKLSA_d5c74193bd3c1d,knot_7.1,7_1,knot,33,36,1,512,Knot-Atlas-Gilbert-Fourier-base-plus-SIAF-global-diffeomorphism,7:1:1,,"{""aspect"":1.12,""bulge_shear"":-0.08,""weave_shear"":-0.2}"
PKLSA_06b0726459e7d5,knot_7.1,7_1,knot,33,37,1,512,Knot-Atlas-Gilbert-Fourier-base-plus-SIAF-global-diffeomorphism,7:1:1,,"{""aspect"":1.12,""bulge_shear"":-0.08,""weave_shear"":-0.06}"
PKLSA_0ecefd6ce3e5da,knot_7.1,7_1,knot,33,38,1,512,Knot-Atlas-Gilbert-Fourier-base-plus-SIAF-global-diffeomorphism,7:1:1,,"{""aspect"":1.12,""bulge_shear"":-0.08,""weave_shear"":0.06}"
PKLSA_fd46f2de2b2a22,knot_7.1,7_1,knot,33,39,1,512,Knot-Atlas-Gilbert-Fourier-base-plus-SIAF-global-diffeomorphism,7:1:1,,"{""aspect"":1.12,""bulge_shear"":-0.08,""weave_shear"":0.2}"
PKLSA_1ac7ff17752615,knot_7.1,7_1,knot,33,40,1,512,Knot-Atlas-Gilbert-Fourier-base-plus-SIAF-global-diffeomorphism,7:1:1,,"{""aspect"":1.12,""bulge_shear"":0.08,""weave_shear"":-0.2}"
PKLSA_9d663d35e6a9a4,knot_7.1,7_1,knot,33,41,1,512,Knot-Atlas-Gilbert-Fourier-base-plus-SIAF-global-diffeomorphism,7:1:1,,"{""aspect"":1.12,""bulge_shear"":0.08,""weave_shear"":-0.06}"
PKLSA_ddd06962c0042e,knot_7.1,7_1,knot,33,42,1,512,Knot-Atlas-Gilbert-Fourier-base-plus-SIAF-global-diffeomorphism,7:1:1,,"{""aspect"":1.12,""bulge_shear"":0.08,""weave_shear"":0.06}"
PKLSA_4a523d91da0c10,knot_7.1,7_1,knot,33,43,1,512,Knot-Atlas-Gilbert-Fourier-base-plus-SIAF-global-diffeomorphism,7:1:1,,"{""aspect"":1.12,""bulge_shear"":0.08,""weave_shear"":0.2}"
PKLSA_075bac0c87e60a,knot_7.1,7_1,knot,33,44,1,512,Knot-Atlas-Gilbert-Fourier-base-plus-SIAF-global-diffeomorphism,7:1:1,,"{""aspect"":1.12,""bulge_shear"":0.24,""weave_shear"":-0.2}"
PKLSA_5d90627db238d3,knot_7.1,7_1,knot,33,45,1,512,Knot-Atlas-Gilbert-Fourier-base-plus-SIAF-global-diffeomorphism,7:1:1,,"{""aspect"":1.12,""bulge_shear"":0.24,""weave_shear"":-0.06}"
PKLSA_dcd786c1f215fa,knot_7.1,7_1,knot,33,46,1,512,Knot-Atlas-Gilbert-Fourier-base-plus-SIAF-global-diffeomorphism,7:1:1,,"{""aspect"":1.12,""bulge_shear"":0.24,""weave_shear"":0.06}"
PKLSA_55602ae7603b4a,knot_7.1,7_1,knot,33,47,1,512,Knot-Atlas-Gilbert-Fourier-base-plus-SIAF-global-diffeomorphism,7:1:1,,"{""aspect"":1.12,""bulge_shear"":0.24,""weave_shear"":0.2}"
PKLSA_a46969e134a157,knot_7.2,7_2,knot,34,0,1,512,Knot-Atlas-Gilbert-Fourier-base-plus-SIAF-global-diffeomorphism,7:1:2,,"{""aspect"":0.88,""bulge_shear"":-0.24,""weave_shear"":-0.2}"
PKLSA_180ad04d6dd73c,knot_7.2,7_2,knot,34,1,1,512,Knot-Atlas-Gilbert-Fourier-base-plus-SIAF-global-diffeomorphism,7:1:2,,"{""aspect"":0.88,""bulge_shear"":-0.24,""weave_shear"":-0.06}"
PKLSA_6ac471618e9f74,knot_7.2,7_2,knot,34,2,1,512,Knot-Atlas-Gilbert-Fourier-base-plus-SIAF-global-diffeomorphism,7:1:2,,"{""aspect"":0.88,""bulge_shear"":-0.24,""weave_shear"":0.06}"
PKLSA_abc4a6624ac60f,knot_7.2,7_2,knot,34,3,1,512,Knot-Atlas-Gilbert-Fourier-base-plus-SIAF-global-diffeomorphism,7:1:2,,"{""aspect"":0.88,""bulge_shear"":-0.24,""weave_shear"":0.2}"
PKLSA_996ae3df8c1ad1,knot_7.2,7_2,knot,34,4,1,512,Knot-Atlas-Gilbert-Fourier-base-plus-SIAF-global-diffeomorphism,7:1:2,,"{""aspect"":0.88,""bulge_shear"":-0.08,""weave_shear"":-0.2}"
PKLSA_adb32f05d7c130,knot_7.2,7_2,knot,34,5,1,512,Knot-Atlas-Gilbert-Fourier-base-plus-SIAF-global-diffeomorphism,7:1:2,,"{""aspect"":0.88,""bulge_shear"":-0.08,""weave_shear"":-0.06}"
PKLSA_b7857a55c4480c,knot_7.2,7_2,knot,34,6,1,512,Knot-Atlas-Gilbert-Fourier-base-plus-SIAF-global-diffeomorphism,7:1:2,,"{""aspect"":0.88,""bulge_shear"":-0.08,""weave_shear"":0.06}"
PKLSA_39d6756a8cc12d,knot_7.2,7_2,knot,34,7,1,512,Knot-Atlas-Gilbert-Fourier-base-plus-SIAF-global-diffeomorphism,7:1:2,,"{""aspect"":0.88,""bulge_shear"":-0.08,""weave_shear"":0.2}"
PKLSA_52d9c2e8c7a64d,knot_7.2,7_2,knot,34,8,1,512,Knot-Atlas-Gilbert-Fourier-base-plus-SIAF-global-diffeomorphism,7:1:2,,"{""aspect"":0.88,""bulge_shear"":0.08,""weave_shear"":-0.2}"
PKLSA_7e5a00f3f4ca9b,knot_7.2,7_2,knot,34,9,1,512,Knot-Atlas-Gilbert-Fourier-base-plus-SIAF-global-diffeomorphism,7:1:2,,"{""aspect"":0.88,""bulge_shear"":0.08,""weave_shear"":-0.06}"
PKLSA_9e4c1816575afb,knot_7.2,7_2,knot,34,10,1,512,Knot-Atlas-Gilbert-Fourier-base-plus-SIAF-global-diffeomorphism,7:1:2,,"{""aspect"":0.88,""bulge_shear"":0.08,""weave_shear"":0.06}"
PKLSA_067d54084d374c,knot_7.2,7_2,knot,34,11,1,512,Knot-Atlas-Gilbert-Fourier-base-plus-SIAF-global-diffeomorphism,7:1:2,,"{""aspect"":0.88,""bulge_shear"":0.08,""weave_shear"":0.2}"
PKLSA_4c68357e275d85,knot_7.2,7_2,knot,34,12,1,512,Knot-Atlas-Gilbert-Fourier-base-plus-SIAF-global-diffeomorphism,7:1:2,,"{""aspect"":0.88,""bulge_shear"":0.24,""weave_shear"":-0.2}"
PKLSA_4a8713398b5c3b,knot_7.2,7_2,knot,34,13,1,512,Knot-Atlas-Gilbert-Fourier-base-plus-SIAF-global-diffeomorphism,7:1:2,,"{""aspect"":0.88,""bulge_shear"":0.24,""weave_shear"":-0.06}"
PKLSA_5d6996e8d3aafa,knot_7.2,7_2,knot,34,14,1,512,Knot-Atlas-Gilbert-Fourier-base-plus-SIAF-global-diffeomorphism,7:1:2,,"{""aspect"":0.88,""bulge_shear"":0.24,""weave_shear"":0.06}"
PKLSA_e0b43b7391bbac,knot_7.2,7_2,knot,34,15,1,512,Knot-Atlas-Gilbert-Fourier-base-plus-SIAF-global-diffeomorphism,7:1:2,,"{""aspect"":0.88,""bulge_shear"":0.24,""weave_shear"":0.2}"
PKLSA_3af42cc8d6e488,knot_7.2,7_2,knot,34,16,1,512,Knot-Atlas-Gilbert-Fourier-base-plus-SIAF-global-diffeomorphism,7:1:2,,"{""aspect"":1.0,""bulge_shear"":-0.24,""weave_shear"":-0.2}"
PKLSA_c27f58188226e9,knot_7.2,7_2,knot,34,17,1,512,Knot-Atlas-Gilbert-Fourier-base-plus-SIAF-global-diffeomorphism,7:1:2,,"{""aspect"":1.0,""bulge_shear"":-0.24,""weave_shear"":-0.06}"
PKLSA_305b378816e2a4,knot_7.2,7_2,knot,34,18,1,512,Knot-Atlas-Gilbert-Fourier-base-plus-SIAF-global-diffeomorphism,7:1:2,,"{""aspect"":1.0,""bulge_shear"":-0.24,""weave_shear"":0.06}"
PKLSA_553cf4412e2464,knot_7.2,7_2,knot,34,19,1,512,Knot-Atlas-Gilbert-Fourier-base-plus-SIAF-global-diffeomorphism,7:1:2,,"{""aspect"":1.0,""bulge_shear"":-0.24,""weave_shear"":0.2}"
PKLSA_7a7f07e897bad5,knot_7.2,7_2,knot,34,20,1,512,Knot-Atlas-Gilbert-Fourier-base-plus-SIAF-global-diffeomorphism,7:1:2,,"{""aspect"":1.0,""bulge_shear"":-0.08,""weave_shear"":-0.2}"
PKLSA_984bebb1828683,knot_7.2,7_2,knot,34,21,1,512,Knot-Atlas-Gilbert-Fourier-base-plus-SIAF-global-diffeomorphism,7:1:2,,"{""aspect"":1.0,""bulge_shear"":-0.08,""weave_shear"":-0.06}"
PKLSA_778bfbce9a93c6,knot_7.2,7_2,knot,34,22,1,512,Knot-Atlas-Gilbert-Fourier-base-plus-SIAF-global-diffeomorphism,7:1:2,,"{""aspect"":1.0,""bulge_shear"":-0.08,""weave_shear"":0.06}"
PKLSA_19f303a5fc1fc7,knot_7.2,7_2,knot,34,23,1,512,Knot-Atlas-Gilbert-Fourier-base-plus-SIAF-global-diffeomorphism,7:1:2,,"{""aspect"":1.0,""bulge_shear"":-0.08,""weave_shear"":0.2}"
PKLSA_3d7b9e8ca138fa,knot_7.2,7_2,knot,34,24,1,512,Knot-Atlas-Gilbert-Fourier-base-plus-SIAF-global-diffeomorphism,7:1:2,,"{""aspect"":1.0,""bulge_shear"":0.08,""weave_shear"":-0.2}"
PKLSA_f64319d259d63b,knot_7.2,7_2,knot,34,25,1,512,Knot-Atlas-Gilbert-Fourier-base-plus-SIAF-global-diffeomorphism,7:1:2,,"{""aspect"":1.0,""bulge_shear"":0.08,""weave_shear"":-0.06}"
PKLSA_5cc97ec85d805c,knot_7.2,7_2,knot,34,26,1,512,Knot-Atlas-Gilbert-Fourier-base-plus-SIAF-global-diffeomorphism,7:1:2,,"{""aspect"":1.0,""bulge_shear"":0.08,""weave_shear"":0.06}"
PKLSA_4fe88cec470d3c,knot_7.2,7_2,knot,34,27,1,512,Knot-Atlas-Gilbert-Fourier-base-plus-SIAF-global-diffeomorphism,7:1:2,,"{""aspect"":1.0,""bulge_shear"":0.08,""weave_shear"":0.2}"
PKLSA_16bbe21d17a852,knot_7.2,7_2,knot,34,28,1,512,Knot-Atlas-Gilbert-Fourier-base-plus-SIAF-global-diffeomorphism,7:1:2,,"{""aspect"":1.0,""bulge_shear"":0.24,""weave_shear"":-0.2}"
PKLSA_e24c5fbc4d7e63,knot_7.2,7_2,knot,34,29,1,512,Knot-Atlas-Gilbert-Fourier-base-plus-SIAF-global-diffeomorphism,7:1:2,,"{""aspect"":1.0,""bulge_shear"":0.24,""weave_shear"":-0.06}"
PKLSA_b2376711671f35,knot_7.2,7_2,knot,34,30,1,512,Knot-Atlas-Gilbert-Fourier-base-plus-SIAF-global-diffeomorphism,7:1:2,,"{""aspect"":1.0,""bulge_shear"":0.24,""weave_shear"":0.06}"
PKLSA_96dd01174b184b,knot_7.2,7_2,knot,34,31,1,512,Knot-Atlas-Gilbert-Fourier-base-plus-SIAF-global-diffeomorphism,7:1:2,,"{""aspect"":1.0,""bulge_shear"":0.24,""weave_shear"":0.2}"
PKLSA_48864aeb90328a,knot_7.2,7_2,knot,34,32,1,512,Knot-Atlas-Gilbert-Fourier-base-plus-SIAF-global-diffeomorphism,7:1:2,,"{""aspect"":1.12,""bulge_shear"":-0.24,""weave_shear"":-0.2}"
PKLSA_0015abb708b355,knot_7.2,7_2,knot,34,33,1,512,Knot-Atlas-Gilbert-Fourier-base-plus-SIAF-global-diffeomorphism,7:1:2,,"{""aspect"":1.12,""bulge_shear"":-0.24,""weave_shear"":-0.06}"
PKLSA_602b5e5265b363,knot_7.2,7_2,knot,34,34,1,512,Knot-Atlas-Gilbert-Fourier-base-plus-SIAF-global-diffeomorphism,7:1:2,,"{""aspect"":1.12,""bulge_shear"":-0.24,""weave_shear"":0.06}"
PKLSA_8ad6645ab5f2e7,knot_7.2,7_2,knot,34,35,1,512,Knot-Atlas-Gilbert-Fourier-base-plus-SIAF-global-diffeomorphism,7:1:2,,"{""aspect"":1.12,""bulge_shear"":-0.24,""weave_shear"":0.2}"
PKLSA_1ad7103c77b8e3,knot_7.2,7_2,knot,34,36,1,512,Knot-Atlas-Gilbert-Fourier-base-plus-SIAF-global-diffeomorphism,7:1:2,,"{""aspect"":1.12,""bulge_shear"":-0.08,""weave_shear"":-0.2}"
PKLSA_50c8ff03ce0ea0,knot_7.2,7_2,knot,34,37,1,512,Knot-Atlas-Gilbert-Fourier-base-plus-SIAF-global-diffeomorphism,7:1:2,,"{""aspect"":1.12,""bulge_shear"":-0.08,""weave_shear"":-0.06}"
PKLSA_a119e5ecf1f0c9,knot_7.2,7_2,knot,34,38,1,512,Knot-Atlas-Gilbert-Fourier-base-plus-SIAF-global-diffeomorphism,7:1:2,,"{""aspect"":1.12,""bulge_shear"":-0.08,""weave_shear"":0.06}"
PKLSA_bc5bb1b7172edc,knot_7.2,7_2,knot,34,39,1,512,Knot-Atlas-Gilbert-Fourier-base-plus-SIAF-global-diffeomorphism,7:1:2,,"{""aspect"":1.12,""bulge_shear"":-0.08,""weave_shear"":0.2}"
PKLSA_797ea4c4ae5368,knot_7.2,7_2,knot,34,40,1,512,Knot-Atlas-Gilbert-Fourier-base-plus-SIAF-global-diffeomorphism,7:1:2,,"{""aspect"":1.12,""bulge_shear"":0.08,""weave_shear"":-0.2}"
PKLSA_e70711ce43ca7d,knot_7.2,7_2,knot,34,41,1,512,Knot-Atlas-Gilbert-Fourier-base-plus-SIAF-global-diffeomorphism,7:1:2,,"{""aspect"":1.12,""bulge_shear"":0.08,""weave_shear"":-0.06}"
PKLSA_0b079b9e470454,knot_7.2,7_2,knot,34,42,1,512,Knot-Atlas-Gilbert-Fourier-base-plus-SIAF-global-diffeomorphism,7:1:2,,"{""aspect"":1.12,""bulge_shear"":0.08,""weave_shear"":0.06}"
PKLSA_931abb3e663319,knot_7.2,7_2,knot,34,43,1,512,Knot-Atlas-Gilbert-Fourier-base-plus-SIAF-global-diffeomorphism,7:1:2,,"{""aspect"":1.12,""bulge_shear"":0.08,""weave_shear"":0.2}"
PKLSA_a44958853cad72,knot_7.2,7_2,knot,34,44,1,512,Knot-Atlas-Gilbert-Fourier-base-plus-SIAF-global-diffeomorphism,7:1:2,,"{""aspect"":1.12,""bulge_shear"":0.24,""weave_shear"":-0.2}"
PKLSA_9389e8995a330e,knot_7.2,7_2,knot,34,45,1,512,Knot-Atlas-Gilbert-Fourier-base-plus-SIAF-global-diffeomorphism,7:1:2,,"{""aspect"":1.12,""bulge_shear"":0.24,""weave_shear"":-0.06}"
PKLSA_afe6eead3ae452,knot_7.2,7_2,knot,34,46,1,512,Knot-Atlas-Gilbert-Fourier-base-plus-SIAF-global-diffeomorphism,7:1:2,,"{""aspect"":1.12,""bulge_shear"":0.24,""weave_shear"":0.06}"
PKLSA_2ced6a5999924f,knot_7.2,7_2,knot,34,47,1,512,Knot-Atlas-Gilbert-Fourier-base-plus-SIAF-global-diffeomorphism,7:1:2,,"{""aspect"":1.12,""bulge_shear"":0.24,""weave_shear"":0.2}"
PKLSA_f400f276f36706,link_7.2.5,7_2_5,link,35,0,2,512,Knot-Atlas-Gilbert-Fourier-base-plus-SIAF-global-diffeomorphism,L7a2,,"{""aspect"":0.88,""bulge_shear"":-0.24,""weave_shear"":-0.2}"
PKLSA_c5ce95abe5748d,link_7.2.5,7_2_5,link,35,1,2,512,Knot-Atlas-Gilbert-Fourier-base-plus-SIAF-global-diffeomorphism,L7a2,,"{""aspect"":0.88,""bulge_shear"":-0.24,""weave_shear"":-0.06}"
PKLSA_b65824df9206f0,link_7.2.5,7_2_5,link,35,2,2,512,Knot-Atlas-Gilbert-Fourier-base-plus-SIAF-global-diffeomorphism,L7a2,,"{""aspect"":0.88,""bulge_shear"":-0.24,""weave_shear"":0.06}"
PKLSA_f2044bd26ac948,link_7.2.5,7_2_5,link,35,3,2,512,Knot-Atlas-Gilbert-Fourier-base-plus-SIAF-global-diffeomorphism,L7a2,,"{""aspect"":0.88,""bulge_shear"":-0.24,""weave_shear"":0.2}"
PKLSA_544899879c52f8,link_7.2.5,7_2_5,link,35,4,2,512,Knot-Atlas-Gilbert-Fourier-base-plus-SIAF-global-diffeomorphism,L7a2,,"{""aspect"":0.88,""bulge_shear"":-0.08,""weave_shear"":-0.2}"
PKLSA_48b721da856654,link_7.2.5,7_2_5,link,35,5,2,512,Knot-Atlas-Gilbert-Fourier-base-plus-SIAF-global-diffeomorphism,L7a2,,"{""aspect"":0.88,""bulge_shear"":-0.08,""weave_shear"":-0.06}"
PKLSA_b75e2bd87ee87d,link_7.2.5,7_2_5,link,35,6,2,512,Knot-Atlas-Gilbert-Fourier-base-plus-SIAF-global-diffeomorphism,L7a2,,"{""aspect"":0.88,""bulge_shear"":-0.08,""weave_shear"":0.06}"
PKLSA_fc00bfb8b71903,link_7.2.5,7_2_5,link,35,7,2,512,Knot-Atlas-Gilbert-Fourier-base-plus-SIAF-global-diffeomorphism,L7a2,,"{""aspect"":0.88,""bulge_shear"":-0.08,""weave_shear"":0.2}"
PKLSA_55fb0aa53398ff,link_7.2.5,7_2_5,link,35,8,2,512,Knot-Atlas-Gilbert-Fourier-base-plus-SIAF-global-diffeomorphism,L7a2,,"{""aspect"":0.88,""bulge_shear"":0.08,""weave_shear"":-0.2}"
PKLSA_bb857813597ec9,link_7.2.5,7_2_5,link,35,9,2,512,Knot-Atlas-Gilbert-Fourier-base-plus-SIAF-global-diffeomorphism,L7a2,,"{""aspect"":0.88,""bulge_shear"":0.08,""weave_shear"":-0.06}"
PKLSA_6a854c3eab8f05,link_7.2.5,7_2_5,link,35,10,2,512,Knot-Atlas-Gilbert-Fourier-base-plus-SIAF-global-diffeomorphism,L7a2,,"{""aspect"":0.88,""bulge_shear"":0.08,""weave_shear"":0.06}"
PKLSA_fa8d7e2ade3608,link_7.2.5,7_2_5,link,35,11,2,512,Knot-Atlas-Gilbert-Fourier-base-plus-SIAF-global-diffeomorphism,L7a2,,"{""aspect"":0.88,""bulge_shear"":0.08,""weave_shear"":0.2}"
PKLSA_17110bd3f702c8,link_7.2.5,7_2_5,link,35,12,2,512,Knot-Atlas-Gilbert-Fourier-base-plus-SIAF-global-diffeomorphism,L7a2,,"{""aspect"":0.88,""bulge_shear"":0.24,""weave_shear"":-0.2}"
PKLSA_266b36893201dd,link_7.2.5,7_2_5,link,35,13,2,512,Knot-Atlas-Gilbert-Fourier-base-plus-SIAF-global-diffeomorphism,L7a2,,"{""aspect"":0.88,""bulge_shear"":0.24,""weave_shear"":-0.06}"
PKLSA_5463727e52c444,link_7.2.5,7_2_5,link,35,14,2,512,Knot-Atlas-Gilbert-Fourier-base-plus-SIAF-global-diffeomorphism,L7a2,,"{""aspect"":0.88,""bulge_shear"":0.24,""weave_shear"":0.06}"
PKLSA_20e35c2163f253,link_7.2.5,7_2_5,link,35,15,2,512,Knot-Atlas-Gilbert-Fourier-base-plus-SIAF-global-diffeomorphism,L7a2,,"{""aspect"":0.88,""bulge_shear"":0.24,""weave_shear"":0.2}"
PKLSA_91bcf7363463e6,link_7.2.5,7_2_5,link,35,16,2,512,Knot-Atlas-Gilbert-Fourier-base-plus-SIAF-global-diffeomorphism,L7a2,,"{""aspect"":1.0,""bulge_shear"":-0.24,""weave_shear"":-0.2}"
PKLSA_6ecaff09b6cbb2,link_7.2.5,7_2_5,link,35,17,2,512,Knot-Atlas-Gilbert-Fourier-base-plus-SIAF-global-diffeomorphism,L7a2,,"{""aspect"":1.0,""bulge_shear"":-0.24,""weave_shear"":-0.06}"
PKLSA_2b7172dc30763e,link_7.2.5,7_2_5,link,35,18,2,512,Knot-Atlas-Gilbert-Fourier-base-plus-SIAF-global-diffeomorphism,L7a2,,"{""aspect"":1.0,""bulge_shear"":-0.24,""weave_shear"":0.06}"
PKLSA_f49107f4f27bfa,link_7.2.5,7_2_5,link,35,19,2,512,Knot-Atlas-Gilbert-Fourier-base-plus-SIAF-global-diffeomorphism,L7a2,,"{""aspect"":1.0,""bulge_shear"":-0.24,""weave_shear"":0.2}"
PKLSA_4a3aaa49afbc40,link_7.2.5,7_2_5,link,35,20,2,512,Knot-Atlas-Gilbert-Fourier-base-plus-SIAF-global-diffeomorphism,L7a2,,"{""aspect"":1.0,""bulge_shear"":-0.08,""weave_shear"":-0.2}"
PKLSA_939e6d00753cc8,link_7.2.5,7_2_5,link,35,21,2,512,Knot-Atlas-Gilbert-Fourier-base-plus-SIAF-global-diffeomorphism,L7a2,,"{""aspect"":1.0,""bulge_shear"":-0.08,""weave_shear"":-0.06}"
PKLSA_c2000afbc3b4ea,link_7.2.5,7_2_5,link,35,22,2,512,Knot-Atlas-Gilbert-Fourier-base-plus-SIAF-global-diffeomorphism,L7a2,,"{""aspect"":1.0,""bulge_shear"":-0.08,""weave_shear"":0.06}"
PKLSA_bf2ff8a38c401d,link_7.2.5,7_2_5,link,35,23,2,512,Knot-Atlas-Gilbert-Fourier-base-plus-SIAF-global-diffeomorphism,L7a2,,"{""aspect"":1.0,""bulge_shear"":-0.08,""weave_shear"":0.2}"
PKLSA_cbbe81baa968c9,link_7.2.5,7_2_5,link,35,24,2,512,Knot-Atlas-Gilbert-Fourier-base-plus-SIAF-global-diffeomorphism,L7a2,,"{""aspect"":1.0,""bulge_shear"":0.08,""weave_shear"":-0.2}"
PKLSA_774d4ca1f3f8d1,link_7.2.5,7_2_5,link,35,25,2,512,Knot-Atlas-Gilbert-Fourier-base-plus-SIAF-global-diffeomorphism,L7a2,,"{""aspect"":1.0,""bulge_shear"":0.08,""weave_shear"":-0.06}"
PKLSA_12ce06a7b4ce42,link_7.2.5,7_2_5,link,35,26,2,512,Knot-Atlas-Gilbert-Fourier-base-plus-SIAF-global-diffeomorphism,L7a2,,"{""aspect"":1.0,""bulge_shear"":0.08,""weave_shear"":0.06}"
PKLSA_452fd0ceb7e391,link_7.2.5,7_2_5,link,35,27,2,512,Knot-Atlas-Gilbert-Fourier-base-plus-SIAF-global-diffeomorphism,L7a2,,"{""aspect"":1.0,""bulge_shear"":0.08,""weave_shear"":0.2}"
PKLSA_585774849eba19,link_7.2.5,7_2_5,link,35,28,2,512,Knot-Atlas-Gilbert-Fourier-base-plus-SIAF-global-diffeomorphism,L7a2,,"{""aspect"":1.0,""bulge_shear"":0.24,""weave_shear"":-0.2}"
PKLSA_612ab31983fe09,link_7.2.5,7_2_5,link,35,29,2,512,Knot-Atlas-Gilbert-Fourier-base-plus-SIAF-global-diffeomorphism,L7a2,,"{""aspect"":1.0,""bulge_shear"":0.24,""weave_shear"":-0.06}"
PKLSA_9f6ad152fe23d3,link_7.2.5,7_2_5,link,35,30,2,512,Knot-Atlas-Gilbert-Fourier-base-plus-SIAF-global-diffeomorphism,L7a2,,"{""aspect"":1.0,""bulge_shear"":0.24,""weave_shear"":0.06}"
PKLSA_8e5a196c645bf4,link_7.2.5,7_2_5,link,35,31,2,512,Knot-Atlas-Gilbert-Fourier-base-plus-SIAF-global-diffeomorphism,L7a2,,"{""aspect"":1.0,""bulge_shear"":0.24,""weave_shear"":0.2}"
PKLSA_8afb25d1bf90f6,link_7.2.5,7_2_5,link,35,32,2,512,Knot-Atlas-Gilbert-Fourier-base-plus-SIAF-global-diffeomorphism,L7a2,,"{""aspect"":1.12,""bulge_shear"":-0.24,""weave_shear"":-0.2}"
PKLSA_82bf4aedc2a1de,link_7.2.5,7_2_5,link,35,33,2,512,Knot-Atlas-Gilbert-Fourier-base-plus-SIAF-global-diffeomorphism,L7a2,,"{""aspect"":1.12,""bulge_shear"":-0.24,""weave_shear"":-0.06}"
PKLSA_430e90dc5b3673,link_7.2.5,7_2_5,link,35,34,2,512,Knot-Atlas-Gilbert-Fourier-base-plus-SIAF-global-diffeomorphism,L7a2,,"{""aspect"":1.12,""bulge_shear"":-0.24,""weave_shear"":0.06}"
PKLSA_80cb653fda4393,link_7.2.5,7_2_5,link,35,35,2,512,Knot-Atlas-Gilbert-Fourier-base-plus-SIAF-global-diffeomorphism,L7a2,,"{""aspect"":1.12,""bulge_shear"":-0.24,""weave_shear"":0.2}"
PKLSA_ae071e9c6fd415,link_7.2.5,7_2_5,link,35,36,2,512,Knot-Atlas-Gilbert-Fourier-base-plus-SIAF-global-diffeomorphism,L7a2,,"{""aspect"":1.12,""bulge_shear"":-0.08,""weave_shear"":-0.2}"
PKLSA_1c1d4178ac52c0,link_7.2.5,7_2_5,link,35,37,2,512,Knot-Atlas-Gilbert-Fourier-base-plus-SIAF-global-diffeomorphism,L7a2,,"{""aspect"":1.12,""bulge_shear"":-0.08,""weave_shear"":-0.06}"
PKLSA_e4ad45c2710aa2,link_7.2.5,7_2_5,link,35,38,2,512,Knot-Atlas-Gilbert-Fourier-base-plus-SIAF-global-diffeomorphism,L7a2,,"{""aspect"":1.12,""bulge_shear"":-0.08,""weave_shear"":0.06}"
PKLSA_6f39092bb5be25,link_7.2.5,7_2_5,link,35,39,2,512,Knot-Atlas-Gilbert-Fourier-base-plus-SIAF-global-diffeomorphism,L7a2,,"{""aspect"":1.12,""bulge_shear"":-0.08,""weave_shear"":0.2}"
PKLSA_f7b9fe7a4af2e7,link_7.2.5,7_2_5,link,35,40,2,512,Knot-Atlas-Gilbert-Fourier-base-plus-SIAF-global-diffeomorphism,L7a2,,"{""aspect"":1.12,""bulge_shear"":0.08,""weave_shear"":-0.2}"
PKLSA_d768a4a28ca51e,link_7.2.5,7_2_5,link,35,41,2,512,Knot-Atlas-Gilbert-Fourier-base-plus-SIAF-global-diffeomorphism,L7a2,,"{""aspect"":1.12,""bulge_shear"":0.08,""weave_shear"":-0.06}"
PKLSA_7ecdbc1c0db0a8,link_7.2.5,7_2_5,link,35,42,2,512,Knot-Atlas-Gilbert-Fourier-base-plus-SIAF-global-diffeomorphism,L7a2,,"{""aspect"":1.12,""bulge_shear"":0.08,""weave_shear"":0.06}"
PKLSA_1f0ad56bb13354,link_7.2.5,7_2_5,link,35,43,2,512,Knot-Atlas-Gilbert-Fourier-base-plus-SIAF-global-diffeomorphism,L7a2,,"{""aspect"":1.12,""bulge_shear"":0.08,""weave_shear"":0.2}"
PKLSA_ab38bc3e7bb821,link_7.2.5,7_2_5,link,35,44,2,512,Knot-Atlas-Gilbert-Fourier-base-plus-SIAF-global-diffeomorphism,L7a2,,"{""aspect"":1.12,""bulge_shear"":0.24,""weave_shear"":-0.2}"
PKLSA_5fb751e1ebfe08,link_7.2.5,7_2_5,link,35,45,2,512,Knot-Atlas-Gilbert-Fourier-base-plus-SIAF-global-diffeomorphism,L7a2,,"{""aspect"":1.12,""bulge_shear"":0.24,""weave_shear"":-0.06}"
PKLSA_5f7b4fd5a5645a,link_7.2.5,7_2_5,link,35,46,2,512,Knot-Atlas-Gilbert-Fourier-base-plus-SIAF-global-diffeomorphism,L7a2,,"{""aspect"":1.12,""bulge_shear"":0.24,""weave_shear"":0.06}"
PKLSA_7c46bc03fa05a7,link_7.2.5,7_2_5,link,35,47,2,512,Knot-Atlas-Gilbert-Fourier-base-plus-SIAF-global-diffeomorphism,L7a2,,"{""aspect"":1.12,""bulge_shear"":0.24,""weave_shear"":0.2}"
PKLSA_cc4d832e141e3e,link_7.2.6,7_2_6,link,36,0,2,512,Knot-Atlas-Gilbert-Fourier-base-plus-SIAF-global-diffeomorphism,L7a1,,"{""aspect"":0.88,""bulge_shear"":-0.24,""weave_shear"":-0.2}"
PKLSA_a67a0f309f99b0,link_7.2.6,7_2_6,link,36,1,2,512,Knot-Atlas-Gilbert-Fourier-base-plus-SIAF-global-diffeomorphism,L7a1,,"{""aspect"":0.88,""bulge_shear"":-0.24,""weave_shear"":-0.06}"
PKLSA_7a4de866265959,link_7.2.6,7_2_6,link,36,2,2,512,Knot-Atlas-Gilbert-Fourier-base-plus-SIAF-global-diffeomorphism,L7a1,,"{""aspect"":0.88,""bulge_shear"":-0.24,""weave_shear"":0.06}"
PKLSA_222cb28380ae36,link_7.2.6,7_2_6,link,36,3,2,512,Knot-Atlas-Gilbert-Fourier-base-plus-SIAF-global-diffeomorphism,L7a1,,"{""aspect"":0.88,""bulge_shear"":-0.24,""weave_shear"":0.2}"
PKLSA_ef6a3bd788d5f2,link_7.2.6,7_2_6,link,36,4,2,512,Knot-Atlas-Gilbert-Fourier-base-plus-SIAF-global-diffeomorphism,L7a1,,"{""aspect"":0.88,""bulge_shear"":-0.08,""weave_shear"":-0.2}"
PKLSA_a94594fd1717f1,link_7.2.6,7_2_6,link,36,5,2,512,Knot-Atlas-Gilbert-Fourier-base-plus-SIAF-global-diffeomorphism,L7a1,,"{""aspect"":0.88,""bulge_shear"":-0.08,""weave_shear"":-0.06}"
PKLSA_182bc70f3b9865,link_7.2.6,7_2_6,link,36,6,2,512,Knot-Atlas-Gilbert-Fourier-base-plus-SIAF-global-diffeomorphism,L7a1,,"{""aspect"":0.88,""bulge_shear"":-0.08,""weave_shear"":0.06}"
PKLSA_1ac5bc80a22e13,link_7.2.6,7_2_6,link,36,7,2,512,Knot-Atlas-Gilbert-Fourier-base-plus-SIAF-global-diffeomorphism,L7a1,,"{""aspect"":0.88,""bulge_shear"":-0.08,""weave_shear"":0.2}"
PKLSA_848af80d32601d,link_7.2.6,7_2_6,link,36,8,2,512,Knot-Atlas-Gilbert-Fourier-base-plus-SIAF-global-diffeomorphism,L7a1,,"{""aspect"":0.88,""bulge_shear"":0.08,""weave_shear"":-0.2}"
PKLSA_f709f80c4dd3d2,link_7.2.6,7_2_6,link,36,9,2,512,Knot-Atlas-Gilbert-Fourier-base-plus-SIAF-global-diffeomorphism,L7a1,,"{""aspect"":0.88,""bulge_shear"":0.08,""weave_shear"":-0.06}"
PKLSA_c2bb5cb3e0db35,link_7.2.6,7_2_6,link,36,10,2,512,Knot-Atlas-Gilbert-Fourier-base-plus-SIAF-global-diffeomorphism,L7a1,,"{""aspect"":0.88,""bulge_shear"":0.08,""weave_shear"":0.06}"
PKLSA_9aad4c12929b3a,link_7.2.6,7_2_6,link,36,11,2,512,Knot-Atlas-Gilbert-Fourier-base-plus-SIAF-global-diffeomorphism,L7a1,,"{""aspect"":0.88,""bulge_shear"":0.08,""weave_shear"":0.2}"
PKLSA_853a534b3738a5,link_7.2.6,7_2_6,link,36,12,2,512,Knot-Atlas-Gilbert-Fourier-base-plus-SIAF-global-diffeomorphism,L7a1,,"{""aspect"":0.88,""bulge_shear"":0.24,""weave_shear"":-0.2}"
PKLSA_8dc2e8dce49315,link_7.2.6,7_2_6,link,36,13,2,512,Knot-Atlas-Gilbert-Fourier-base-plus-SIAF-global-diffeomorphism,L7a1,,"{""aspect"":0.88,""bulge_shear"":0.24,""weave_shear"":-0.06}"
PKLSA_3be1201da23a18,link_7.2.6,7_2_6,link,36,14,2,512,Knot-Atlas-Gilbert-Fourier-base-plus-SIAF-global-diffeomorphism,L7a1,,"{""aspect"":0.88,""bulge_shear"":0.24,""weave_shear"":0.06}"
PKLSA_50c4c3c7b7ce98,link_7.2.6,7_2_6,link,36,15,2,512,Knot-Atlas-Gilbert-Fourier-base-plus-SIAF-global-diffeomorphism,L7a1,,"{""aspect"":0.88,""bulge_shear"":0.24,""weave_shear"":0.2}"
PKLSA_6d626397b7ae1a,link_7.2.6,7_2_6,link,36,16,2,512,Knot-Atlas-Gilbert-Fourier-base-plus-SIAF-global-diffeomorphism,L7a1,,"{""aspect"":1.0,""bulge_shear"":-0.24,""weave_shear"":-0.2}"
PKLSA_3d2af43f4c7a52,link_7.2.6,7_2_6,link,36,17,2,512,Knot-Atlas-Gilbert-Fourier-base-plus-SIAF-global-diffeomorphism,L7a1,,"{""aspect"":1.0,""bulge_shear"":-0.24,""weave_shear"":-0.06}"
PKLSA_dffa75cbd82cce,link_7.2.6,7_2_6,link,36,18,2,512,Knot-Atlas-Gilbert-Fourier-base-plus-SIAF-global-diffeomorphism,L7a1,,"{""aspect"":1.0,""bulge_shear"":-0.24,""weave_shear"":0.06}"
PKLSA_29f625259bfac0,link_7.2.6,7_2_6,link,36,19,2,512,Knot-Atlas-Gilbert-Fourier-base-plus-SIAF-global-diffeomorphism,L7a1,,"{""aspect"":1.0,""bulge_shear"":-0.24,""weave_shear"":0.2}"
PKLSA_78f12056bce037,link_7.2.6,7_2_6,link,36,20,2,512,Knot-Atlas-Gilbert-Fourier-base-plus-SIAF-global-diffeomorphism,L7a1,,"{""aspect"":1.0,""bulge_shear"":-0.08,""weave_shear"":-0.2}"
PKLSA_9e1fb560cb349a,link_7.2.6,7_2_6,link,36,21,2,512,Knot-Atlas-Gilbert-Fourier-base-plus-SIAF-global-diffeomorphism,L7a1,,"{""aspect"":1.0,""bulge_shear"":-0.08,""weave_shear"":-0.06}"
PKLSA_37f40efb8c18ec,link_7.2.6,7_2_6,link,36,22,2,512,Knot-Atlas-Gilbert-Fourier-base-plus-SIAF-global-diffeomorphism,L7a1,,"{""aspect"":1.0,""bulge_shear"":-0.08,""weave_shear"":0.06}"
PKLSA_ee70c51b4098de,link_7.2.6,7_2_6,link,36,23,2,512,Knot-Atlas-Gilbert-Fourier-base-plus-SIAF-global-diffeomorphism,L7a1,,"{""aspect"":1.0,""bulge_shear"":-0.08,""weave_shear"":0.2}"
PKLSA_15669e4e01c1f5,link_7.2.6,7_2_6,link,36,24,2,512,Knot-Atlas-Gilbert-Fourier-base-plus-SIAF-global-diffeomorphism,L7a1,,"{""aspect"":1.0,""bulge_shear"":0.08,""weave_shear"":-0.2}"
PKLSA_966c828e235284,link_7.2.6,7_2_6,link,36,25,2,512,Knot-Atlas-Gilbert-Fourier-base-plus-SIAF-global-diffeomorphism,L7a1,,"{""aspect"":1.0,""bulge_shear"":0.08,""weave_shear"":-0.06}"
PKLSA_9b94495baf10ee,link_7.2.6,7_2_6,link,36,26,2,512,Knot-Atlas-Gilbert-Fourier-base-plus-SIAF-global-diffeomorphism,L7a1,,"{""aspect"":1.0,""bulge_shear"":0.08,""weave_shear"":0.06}"
PKLSA_4adaf4cd8682f8,link_7.2.6,7_2_6,link,36,27,2,512,Knot-Atlas-Gilbert-Fourier-base-plus-SIAF-global-diffeomorphism,L7a1,,"{""aspect"":1.0,""bulge_shear"":0.08,""weave_shear"":0.2}"
PKLSA_3a4a99890cbede,link_7.2.6,7_2_6,link,36,28,2,512,Knot-Atlas-Gilbert-Fourier-base-plus-SIAF-global-diffeomorphism,L7a1,,"{""aspect"":1.0,""bulge_shear"":0.24,""weave_shear"":-0.2}"
PKLSA_812d28a9be910e,link_7.2.6,7_2_6,link,36,29,2,512,Knot-Atlas-Gilbert-Fourier-base-plus-SIAF-global-diffeomorphism,L7a1,,"{""aspect"":1.0,""bulge_shear"":0.24,""weave_shear"":-0.06}"
PKLSA_168c88de48b504,link_7.2.6,7_2_6,link,36,30,2,512,Knot-Atlas-Gilbert-Fourier-base-plus-SIAF-global-diffeomorphism,L7a1,,"{""aspect"":1.0,""bulge_shear"":0.24,""weave_shear"":0.06}"
PKLSA_c1afafb2eb6479,link_7.2.6,7_2_6,link,36,31,2,512,Knot-Atlas-Gilbert-Fourier-base-plus-SIAF-global-diffeomorphism,L7a1,,"{""aspect"":1.0,""bulge_shear"":0.24,""weave_shear"":0.2}"
PKLSA_fa4360f08fa9a8,link_7.2.6,7_2_6,link,36,32,2,512,Knot-Atlas-Gilbert-Fourier-base-plus-SIAF-global-diffeomorphism,L7a1,,"{""aspect"":1.12,""bulge_shear"":-0.24,""weave_shear"":-0.2}"
PKLSA_6e56469d442a46,link_7.2.6,7_2_6,link,36,33,2,512,Knot-Atlas-Gilbert-Fourier-base-plus-SIAF-global-diffeomorphism,L7a1,,"{""aspect"":1.12,""bulge_shear"":-0.24,""weave_shear"":-0.06}"
PKLSA_b05d693e5b5079,link_7.2.6,7_2_6,link,36,34,2,512,Knot-Atlas-Gilbert-Fourier-base-plus-SIAF-global-diffeomorphism,L7a1,,"{""aspect"":1.12,""bulge_shear"":-0.24,""weave_shear"":0.06}"
PKLSA_a8a07fc7dfce18,link_7.2.6,7_2_6,link,36,35,2,512,Knot-Atlas-Gilbert-Fourier-base-plus-SIAF-global-diffeomorphism,L7a1,,"{""aspect"":1.12,""bulge_shear"":-0.24,""weave_shear"":0.2}"
PKLSA_ea191fb3ef3a75,link_7.2.6,7_2_6,link,36,36,2,512,Knot-Atlas-Gilbert-Fourier-base-plus-SIAF-global-diffeomorphism,L7a1,,"{""aspect"":1.12,""bulge_shear"":-0.08,""weave_shear"":-0.2}"
PKLSA_a7a50a8e1dac9a,link_7.2.6,7_2_6,link,36,37,2,512,Knot-Atlas-Gilbert-Fourier-base-plus-SIAF-global-diffeomorphism,L7a1,,"{""aspect"":1.12,""bulge_shear"":-0.08,""weave_shear"":-0.06}"
PKLSA_dd056328323906,link_7.2.6,7_2_6,link,36,38,2,512,Knot-Atlas-Gilbert-Fourier-base-plus-SIAF-global-diffeomorphism,L7a1,,"{""aspect"":1.12,""bulge_shear"":-0.08,""weave_shear"":0.06}"
PKLSA_3df955137d290d,link_7.2.6,7_2_6,link,36,39,2,512,Knot-Atlas-Gilbert-Fourier-base-plus-SIAF-global-diffeomorphism,L7a1,,"{""aspect"":1.12,""bulge_shear"":-0.08,""weave_shear"":0.2}"
PKLSA_642f8c4e0835d6,link_7.2.6,7_2_6,link,36,40,2,512,Knot-Atlas-Gilbert-Fourier-base-plus-SIAF-global-diffeomorphism,L7a1,,"{""aspect"":1.12,""bulge_shear"":0.08,""weave_shear"":-0.2}"
PKLSA_54c0b15b6b8c08,link_7.2.6,7_2_6,link,36,41,2,512,Knot-Atlas-Gilbert-Fourier-base-plus-SIAF-global-diffeomorphism,L7a1,,"{""aspect"":1.12,""bulge_shear"":0.08,""weave_shear"":-0.06}"
PKLSA_446b19a5d494ee,link_7.2.6,7_2_6,link,36,42,2,512,Knot-Atlas-Gilbert-Fourier-base-plus-SIAF-global-diffeomorphism,L7a1,,"{""aspect"":1.12,""bulge_shear"":0.08,""weave_shear"":0.06}"
PKLSA_4c9cc3c096a471,link_7.2.6,7_2_6,link,36,43,2,512,Knot-Atlas-Gilbert-Fourier-base-plus-SIAF-global-diffeomorphism,L7a1,,"{""aspect"":1.12,""bulge_shear"":0.08,""weave_shear"":0.2}"
PKLSA_30e5ff5a9e8622,link_7.2.6,7_2_6,link,36,44,2,512,Knot-Atlas-Gilbert-Fourier-base-plus-SIAF-global-diffeomorphism,L7a1,,"{""aspect"":1.12,""bulge_shear"":0.24,""weave_shear"":-0.2}"
PKLSA_042949101bfc91,link_7.2.6,7_2_6,link,36,45,2,512,Knot-Atlas-Gilbert-Fourier-base-plus-SIAF-global-diffeomorphism,L7a1,,"{""aspect"":1.12,""bulge_shear"":0.24,""weave_shear"":-0.06}"
PKLSA_985644efcad510,link_7.2.6,7_2_6,link,36,46,2,512,Knot-Atlas-Gilbert-Fourier-base-plus-SIAF-global-diffeomorphism,L7a1,,"{""aspect"":1.12,""bulge_shear"":0.24,""weave_shear"":0.06}"
PKLSA_2f4bae96bcfb0b,link_7.2.6,7_2_6,link,36,47,2,512,Knot-Atlas-Gilbert-Fourier-base-plus-SIAF-global-diffeomorphism,L7a1,,"{""aspect"":1.12,""bulge_shear"":0.24,""weave_shear"":0.2}"
PKLSA_edace72043b137,link_7.2.8,7_2_8,link,37,0,2,512,Knot-Atlas-Gilbert-Fourier-base-plus-SIAF-global-diffeomorphism,L7n2,,"{""aspect"":0.88,""bulge_shear"":-0.24,""weave_shear"":-0.2}"
PKLSA_e269abb90c0044,link_7.2.8,7_2_8,link,37,1,2,512,Knot-Atlas-Gilbert-Fourier-base-plus-SIAF-global-diffeomorphism,L7n2,,"{""aspect"":0.88,""bulge_shear"":-0.24,""weave_shear"":-0.06}"
PKLSA_e7eff532ced741,link_7.2.8,7_2_8,link,37,2,2,512,Knot-Atlas-Gilbert-Fourier-base-plus-SIAF-global-diffeomorphism,L7n2,,"{""aspect"":0.88,""bulge_shear"":-0.24,""weave_shear"":0.06}"
PKLSA_571bef3364c2b3,link_7.2.8,7_2_8,link,37,3,2,512,Knot-Atlas-Gilbert-Fourier-base-plus-SIAF-global-diffeomorphism,L7n2,,"{""aspect"":0.88,""bulge_shear"":-0.24,""weave_shear"":0.2}"
PKLSA_3595acf36a2dde,link_7.2.8,7_2_8,link,37,4,2,512,Knot-Atlas-Gilbert-Fourier-base-plus-SIAF-global-diffeomorphism,L7n2,,"{""aspect"":0.88,""bulge_shear"":-0.08,""weave_shear"":-0.2}"
PKLSA_2ab5991135f06c,link_7.2.8,7_2_8,link,37,5,2,512,Knot-Atlas-Gilbert-Fourier-base-plus-SIAF-global-diffeomorphism,L7n2,,"{""aspect"":0.88,""bulge_shear"":-0.08,""weave_shear"":-0.06}"
PKLSA_55f0b506278568,link_7.2.8,7_2_8,link,37,6,2,512,Knot-Atlas-Gilbert-Fourier-base-plus-SIAF-global-diffeomorphism,L7n2,,"{""aspect"":0.88,""bulge_shear"":-0.08,""weave_shear"":0.06}"
PKLSA_68bb70317669fa,link_7.2.8,7_2_8,link,37,7,2,512,Knot-Atlas-Gilbert-Fourier-base-plus-SIAF-global-diffeomorphism,L7n2,,"{""aspect"":0.88,""bulge_shear"":-0.08,""weave_shear"":0.2}"
PKLSA_c2beeee0003201,link_7.2.8,7_2_8,link,37,8,2,512,Knot-Atlas-Gilbert-Fourier-base-plus-SIAF-global-diffeomorphism,L7n2,,"{""aspect"":0.88,""bulge_shear"":0.08,""weave_shear"":-0.2}"
PKLSA_1ecf309229921f,link_7.2.8,7_2_8,link,37,9,2,512,Knot-Atlas-Gilbert-Fourier-base-plus-SIAF-global-diffeomorphism,L7n2,,"{""aspect"":0.88,""bulge_shear"":0.08,""weave_shear"":-0.06}"
PKLSA_3cd134635694f2,link_7.2.8,7_2_8,link,37,10,2,512,Knot-Atlas-Gilbert-Fourier-base-plus-SIAF-global-diffeomorphism,L7n2,,"{""aspect"":0.88,""bulge_shear"":0.08,""weave_shear"":0.06}"
PKLSA_96b70ec214127d,link_7.2.8,7_2_8,link,37,11,2,512,Knot-Atlas-Gilbert-Fourier-base-plus-SIAF-global-diffeomorphism,L7n2,,"{""aspect"":0.88,""bulge_shear"":0.08,""weave_shear"":0.2}"
PKLSA_58406375df1f14,link_7.2.8,7_2_8,link,37,12,2,512,Knot-Atlas-Gilbert-Fourier-base-plus-SIAF-global-diffeomorphism,L7n2,,"{""aspect"":0.88,""bulge_shear"":0.24,""weave_shear"":-0.2}"
PKLSA_6d9a0f43da753c,link_7.2.8,7_2_8,link,37,13,2,512,Knot-Atlas-Gilbert-Fourier-base-plus-SIAF-global-diffeomorphism,L7n2,,"{""aspect"":0.88,""bulge_shear"":0.24,""weave_shear"":-0.06}"
PKLSA_be79a33752e618,link_7.2.8,7_2_8,link,37,14,2,512,Knot-Atlas-Gilbert-Fourier-base-plus-SIAF-global-diffeomorphism,L7n2,,"{""aspect"":0.88,""bulge_shear"":0.24,""weave_shear"":0.06}"
PKLSA_8b951d7dfd1349,link_7.2.8,7_2_8,link,37,15,2,512,Knot-Atlas-Gilbert-Fourier-base-plus-SIAF-global-diffeomorphism,L7n2,,"{""aspect"":0.88,""bulge_shear"":0.24,""weave_shear"":0.2}"
PKLSA_b918774c7eb1ab,link_7.2.8,7_2_8,link,37,16,2,512,Knot-Atlas-Gilbert-Fourier-base-plus-SIAF-global-diffeomorphism,L7n2,,"{""aspect"":1.0,""bulge_shear"":-0.24,""weave_shear"":-0.2}"
PKLSA_8f0cd09b22b514,link_7.2.8,7_2_8,link,37,17,2,512,Knot-Atlas-Gilbert-Fourier-base-plus-SIAF-global-diffeomorphism,L7n2,,"{""aspect"":1.0,""bulge_shear"":-0.24,""weave_shear"":-0.06}"
PKLSA_eb7b2f7a3d740f,link_7.2.8,7_2_8,link,37,18,2,512,Knot-Atlas-Gilbert-Fourier-base-plus-SIAF-global-diffeomorphism,L7n2,,"{""aspect"":1.0,""bulge_shear"":-0.24,""weave_shear"":0.06}"
PKLSA_08c6973c5ad7de,link_7.2.8,7_2_8,link,37,19,2,512,Knot-Atlas-Gilbert-Fourier-base-plus-SIAF-global-diffeomorphism,L7n2,,"{""aspect"":1.0,""bulge_shear"":-0.24,""weave_shear"":0.2}"
PKLSA_c2eea504ac33b6,link_7.2.8,7_2_8,link,37,20,2,512,Knot-Atlas-Gilbert-Fourier-base-plus-SIAF-global-diffeomorphism,L7n2,,"{""aspect"":1.0,""bulge_shear"":-0.08,""weave_shear"":-0.2}"
PKLSA_a4152ff34cea0c,link_7.2.8,7_2_8,link,37,21,2,512,Knot-Atlas-Gilbert-Fourier-base-plus-SIAF-global-diffeomorphism,L7n2,,"{""aspect"":1.0,""bulge_shear"":-0.08,""weave_shear"":-0.06}"
PKLSA_ece1971a187214,link_7.2.8,7_2_8,link,37,22,2,512,Knot-Atlas-Gilbert-Fourier-base-plus-SIAF-global-diffeomorphism,L7n2,,"{""aspect"":1.0,""bulge_shear"":-0.08,""weave_shear"":0.06}"
PKLSA_a64749f037feb6,link_7.2.8,7_2_8,link,37,23,2,512,Knot-Atlas-Gilbert-Fourier-base-plus-SIAF-global-diffeomorphism,L7n2,,"{""aspect"":1.0,""bulge_shear"":-0.08,""weave_shear"":0.2}"
PKLSA_7521c7a6a0f98a,link_7.2.8,7_2_8,link,37,24,2,512,Knot-Atlas-Gilbert-Fourier-base-plus-SIAF-global-diffeomorphism,L7n2,,"{""aspect"":1.0,""bulge_shear"":0.08,""weave_shear"":-0.2}"
PKLSA_f6ee09ff223255,link_7.2.8,7_2_8,link,37,25,2,512,Knot-Atlas-Gilbert-Fourier-base-plus-SIAF-global-diffeomorphism,L7n2,,"{""aspect"":1.0,""bulge_shear"":0.08,""weave_shear"":-0.06}"
PKLSA_79883f54d82730,link_7.2.8,7_2_8,link,37,26,2,512,Knot-Atlas-Gilbert-Fourier-base-plus-SIAF-global-diffeomorphism,L7n2,,"{""aspect"":1.0,""bulge_shear"":0.08,""weave_shear"":0.06}"
PKLSA_7134747fb66773,link_7.2.8,7_2_8,link,37,27,2,512,Knot-Atlas-Gilbert-Fourier-base-plus-SIAF-global-diffeomorphism,L7n2,,"{""aspect"":1.0,""bulge_shear"":0.08,""weave_shear"":0.2}"
PKLSA_7d4e5552958a64,link_7.2.8,7_2_8,link,37,28,2,512,Knot-Atlas-Gilbert-Fourier-base-plus-SIAF-global-diffeomorphism,L7n2,,"{""aspect"":1.0,""bulge_shear"":0.24,""weave_shear"":-0.2}"
PKLSA_a8f5dc36652a5d,link_7.2.8,7_2_8,link,37,29,2,512,Knot-Atlas-Gilbert-Fourier-base-plus-SIAF-global-diffeomorphism,L7n2,,"{""aspect"":1.0,""bulge_shear"":0.24,""weave_shear"":-0.06}"
PKLSA_432dce3fff1b0d,link_7.2.8,7_2_8,link,37,30,2,512,Knot-Atlas-Gilbert-Fourier-base-plus-SIAF-global-diffeomorphism,L7n2,,"{""aspect"":1.0,""bulge_shear"":0.24,""weave_shear"":0.06}"
PKLSA_25d044e21ed374,link_7.2.8,7_2_8,link,37,31,2,512,Knot-Atlas-Gilbert-Fourier-base-plus-SIAF-global-diffeomorphism,L7n2,,"{""aspect"":1.0,""bulge_shear"":0.24,""weave_shear"":0.2}"
PKLSA_eecafa708145c9,link_7.2.8,7_2_8,link,37,32,2,512,Knot-Atlas-Gilbert-Fourier-base-plus-SIAF-global-diffeomorphism,L7n2,,"{""aspect"":1.12,""bulge_shear"":-0.24,""weave_shear"":-0.2}"
PKLSA_b7dc2978f46d23,link_7.2.8,7_2_8,link,37,33,2,512,Knot-Atlas-Gilbert-Fourier-base-plus-SIAF-global-diffeomorphism,L7n2,,"{""aspect"":1.12,""bulge_shear"":-0.24,""weave_shear"":-0.06}"
PKLSA_43809bc44e083d,link_7.2.8,7_2_8,link,37,34,2,512,Knot-Atlas-Gilbert-Fourier-base-plus-SIAF-global-diffeomorphism,L7n2,,"{""aspect"":1.12,""bulge_shear"":-0.24,""weave_shear"":0.06}"
PKLSA_3f77475eadfdbb,link_7.2.8,7_2_8,link,37,35,2,512,Knot-Atlas-Gilbert-Fourier-base-plus-SIAF-global-diffeomorphism,L7n2,,"{""aspect"":1.12,""bulge_shear"":-0.24,""weave_shear"":0.2}"
PKLSA_100b3fb2b6072c,link_7.2.8,7_2_8,link,37,36,2,512,Knot-Atlas-Gilbert-Fourier-base-plus-SIAF-global-diffeomorphism,L7n2,,"{""aspect"":1.12,""bulge_shear"":-0.08,""weave_shear"":-0.2}"
PKLSA_fd5a512f2a8bff,link_7.2.8,7_2_8,link,37,37,2,512,Knot-Atlas-Gilbert-Fourier-base-plus-SIAF-global-diffeomorphism,L7n2,,"{""aspect"":1.12,""bulge_shear"":-0.08,""weave_shear"":-0.06}"
PKLSA_ccc0f5eb49469e,link_7.2.8,7_2_8,link,37,38,2,512,Knot-Atlas-Gilbert-Fourier-base-plus-SIAF-global-diffeomorphism,L7n2,,"{""aspect"":1.12,""bulge_shear"":-0.08,""weave_shear"":0.06}"
PKLSA_ebe74d7fe60e38,link_7.2.8,7_2_8,link,37,39,2,512,Knot-Atlas-Gilbert-Fourier-base-plus-SIAF-global-diffeomorphism,L7n2,,"{""aspect"":1.12,""bulge_shear"":-0.08,""weave_shear"":0.2}"
PKLSA_021f9b972a7e9a,link_7.2.8,7_2_8,link,37,40,2,512,Knot-Atlas-Gilbert-Fourier-base-plus-SIAF-global-diffeomorphism,L7n2,,"{""aspect"":1.12,""bulge_shear"":0.08,""weave_shear"":-0.2}"
PKLSA_b57d4d8d4fd64a,link_7.2.8,7_2_8,link,37,41,2,512,Knot-Atlas-Gilbert-Fourier-base-plus-SIAF-global-diffeomorphism,L7n2,,"{""aspect"":1.12,""bulge_shear"":0.08,""weave_shear"":-0.06}"
PKLSA_61e8b450736d4c,link_7.2.8,7_2_8,link,37,42,2,512,Knot-Atlas-Gilbert-Fourier-base-plus-SIAF-global-diffeomorphism,L7n2,,"{""aspect"":1.12,""bulge_shear"":0.08,""weave_shear"":0.06}"
PKLSA_0f876b8d7453d4,link_7.2.8,7_2_8,link,37,43,2,512,Knot-Atlas-Gilbert-Fourier-base-plus-SIAF-global-diffeomorphism,L7n2,,"{""aspect"":1.12,""bulge_shear"":0.08,""weave_shear"":0.2}"
PKLSA_92ec0155315364,link_7.2.8,7_2_8,link,37,44,2,512,Knot-Atlas-Gilbert-Fourier-base-plus-SIAF-global-diffeomorphism,L7n2,,"{""aspect"":1.12,""bulge_shear"":0.24,""weave_shear"":-0.2}"
PKLSA_3833361586089b,link_7.2.8,7_2_8,link,37,45,2,512,Knot-Atlas-Gilbert-Fourier-base-plus-SIAF-global-diffeomorphism,L7n2,,"{""aspect"":1.12,""bulge_shear"":0.24,""weave_shear"":-0.06}"
PKLSA_6fc2e25ce40a80,link_7.2.8,7_2_8,link,37,46,2,512,Knot-Atlas-Gilbert-Fourier-base-plus-SIAF-global-diffeomorphism,L7n2,,"{""aspect"":1.12,""bulge_shear"":0.24,""weave_shear"":0.06}"
PKLSA_a1dfa8981c4fb5,link_7.2.8,7_2_8,link,37,47,2,512,Knot-Atlas-Gilbert-Fourier-base-plus-SIAF-global-diffeomorphism,L7n2,,"{""aspect"":1.12,""bulge_shear"":0.24,""weave_shear"":0.2}"
PKLSA_10f5f383d1a742,knot_7.3,7_3,knot,38,0,1,512,Knot-Atlas-Gilbert-Fourier-base-plus-SIAF-global-diffeomorphism,7:1:3,,"{""aspect"":0.88,""bulge_shear"":-0.24,""weave_shear"":-0.2}"
PKLSA_bbbcc195938d98,knot_7.3,7_3,knot,38,1,1,512,Knot-Atlas-Gilbert-Fourier-base-plus-SIAF-global-diffeomorphism,7:1:3,,"{""aspect"":0.88,""bulge_shear"":-0.24,""weave_shear"":-0.06}"
PKLSA_d5d4dc4dfc8a03,knot_7.3,7_3,knot,38,2,1,512,Knot-Atlas-Gilbert-Fourier-base-plus-SIAF-global-diffeomorphism,7:1:3,,"{""aspect"":0.88,""bulge_shear"":-0.24,""weave_shear"":0.06}"
PKLSA_2943a3aad4a08d,knot_7.3,7_3,knot,38,3,1,512,Knot-Atlas-Gilbert-Fourier-base-plus-SIAF-global-diffeomorphism,7:1:3,,"{""aspect"":0.88,""bulge_shear"":-0.24,""weave_shear"":0.2}"
PKLSA_45d5a37ef91112,knot_7.3,7_3,knot,38,4,1,512,Knot-Atlas-Gilbert-Fourier-base-plus-SIAF-global-diffeomorphism,7:1:3,,"{""aspect"":0.88,""bulge_shear"":-0.08,""weave_shear"":-0.2}"
PKLSA_a52debdf463089,knot_7.3,7_3,knot,38,5,1,512,Knot-Atlas-Gilbert-Fourier-base-plus-SIAF-global-diffeomorphism,7:1:3,,"{""aspect"":0.88,""bulge_shear"":-0.08,""weave_shear"":-0.06}"
PKLSA_4ad5516a3ecd5c,knot_7.3,7_3,knot,38,6,1,512,Knot-Atlas-Gilbert-Fourier-base-plus-SIAF-global-diffeomorphism,7:1:3,,"{""aspect"":0.88,""bulge_shear"":-0.08,""weave_shear"":0.06}"
PKLSA_e7c97d41c8037f,knot_7.3,7_3,knot,38,7,1,512,Knot-Atlas-Gilbert-Fourier-base-plus-SIAF-global-diffeomorphism,7:1:3,,"{""aspect"":0.88,""bulge_shear"":-0.08,""weave_shear"":0.2}"
PKLSA_e47780225ab8ae,knot_7.3,7_3,knot,38,8,1,512,Knot-Atlas-Gilbert-Fourier-base-plus-SIAF-global-diffeomorphism,7:1:3,,"{""aspect"":0.88,""bulge_shear"":0.08,""weave_shear"":-0.2}"
PKLSA_e04cebdb6f662d,knot_7.3,7_3,knot,38,9,1,512,Knot-Atlas-Gilbert-Fourier-base-plus-SIAF-global-diffeomorphism,7:1:3,,"{""aspect"":0.88,""bulge_shear"":0.08,""weave_shear"":-0.06}"
PKLSA_e6e6658e4b3fab,knot_7.3,7_3,knot,38,10,1,512,Knot-Atlas-Gilbert-Fourier-base-plus-SIAF-global-diffeomorphism,7:1:3,,"{""aspect"":0.88,""bulge_shear"":0.08,""weave_shear"":0.06}"
PKLSA_cde3b8ae19e453,knot_7.3,7_3,knot,38,11,1,512,Knot-Atlas-Gilbert-Fourier-base-plus-SIAF-global-diffeomorphism,7:1:3,,"{""aspect"":0.88,""bulge_shear"":0.08,""weave_shear"":0.2}"
PKLSA_063168783b1de8,knot_7.3,7_3,knot,38,12,1,512,Knot-Atlas-Gilbert-Fourier-base-plus-SIAF-global-diffeomorphism,7:1:3,,"{""aspect"":0.88,""bulge_shear"":0.24,""weave_shear"":-0.2}"
PKLSA_6fd8b0ce9afaac,knot_7.3,7_3,knot,38,13,1,512,Knot-Atlas-Gilbert-Fourier-base-plus-SIAF-global-diffeomorphism,7:1:3,,"{""aspect"":0.88,""bulge_shear"":0.24,""weave_shear"":-0.06}"
PKLSA_2428865d9421c4,knot_7.3,7_3,knot,38,14,1,512,Knot-Atlas-Gilbert-Fourier-base-plus-SIAF-global-diffeomorphism,7:1:3,,"{""aspect"":0.88,""bulge_shear"":0.24,""weave_shear"":0.06}"
PKLSA_88ec7a3bb6c3c6,knot_7.3,7_3,knot,38,15,1,512,Knot-Atlas-Gilbert-Fourier-base-plus-SIAF-global-diffeomorphism,7:1:3,,"{""aspect"":0.88,""bulge_shear"":0.24,""weave_shear"":0.2}"
PKLSA_2ce54c41caa376,knot_7.3,7_3,knot,38,16,1,512,Knot-Atlas-Gilbert-Fourier-base-plus-SIAF-global-diffeomorphism,7:1:3,,"{""aspect"":1.0,""bulge_shear"":-0.24,""weave_shear"":-0.2}"
PKLSA_464b7a8bbd1965,knot_7.3,7_3,knot,38,17,1,512,Knot-Atlas-Gilbert-Fourier-base-plus-SIAF-global-diffeomorphism,7:1:3,,"{""aspect"":1.0,""bulge_shear"":-0.24,""weave_shear"":-0.06}"
PKLSA_1a6a30b7d18291,knot_7.3,7_3,knot,38,18,1,512,Knot-Atlas-Gilbert-Fourier-base-plus-SIAF-global-diffeomorphism,7:1:3,,"{""aspect"":1.0,""bulge_shear"":-0.24,""weave_shear"":0.06}"
PKLSA_477fa6c2d0c140,knot_7.3,7_3,knot,38,19,1,512,Knot-Atlas-Gilbert-Fourier-base-plus-SIAF-global-diffeomorphism,7:1:3,,"{""aspect"":1.0,""bulge_shear"":-0.24,""weave_shear"":0.2}"
PKLSA_b93a6c3e4d3e97,knot_7.3,7_3,knot,38,20,1,512,Knot-Atlas-Gilbert-Fourier-base-plus-SIAF-global-diffeomorphism,7:1:3,,"{""aspect"":1.0,""bulge_shear"":-0.08,""weave_shear"":-0.2}"
PKLSA_912b7daad6bb7c,knot_7.3,7_3,knot,38,21,1,512,Knot-Atlas-Gilbert-Fourier-base-plus-SIAF-global-diffeomorphism,7:1:3,,"{""aspect"":1.0,""bulge_shear"":-0.08,""weave_shear"":-0.06}"
PKLSA_f824a9b16f1910,knot_7.3,7_3,knot,38,22,1,512,Knot-Atlas-Gilbert-Fourier-base-plus-SIAF-global-diffeomorphism,7:1:3,,"{""aspect"":1.0,""bulge_shear"":-0.08,""weave_shear"":0.06}"
PKLSA_91207751e2ff12,knot_7.3,7_3,knot,38,23,1,512,Knot-Atlas-Gilbert-Fourier-base-plus-SIAF-global-diffeomorphism,7:1:3,,"{""aspect"":1.0,""bulge_shear"":-0.08,""weave_shear"":0.2}"
PKLSA_ed07656237d65b,knot_7.3,7_3,knot,38,24,1,512,Knot-Atlas-Gilbert-Fourier-base-plus-SIAF-global-diffeomorphism,7:1:3,,"{""aspect"":1.0,""bulge_shear"":0.08,""weave_shear"":-0.2}"
PKLSA_c61f14290d449f,knot_7.3,7_3,knot,38,25,1,512,Knot-Atlas-Gilbert-Fourier-base-plus-SIAF-global-diffeomorphism,7:1:3,,"{""aspect"":1.0,""bulge_shear"":0.08,""weave_shear"":-0.06}"
PKLSA_5ec19a9db3d892,knot_7.3,7_3,knot,38,26,1,512,Knot-Atlas-Gilbert-Fourier-base-plus-SIAF-global-diffeomorphism,7:1:3,,"{""aspect"":1.0,""bulge_shear"":0.08,""weave_shear"":0.06}"
PKLSA_51e07d4f8fef70,knot_7.3,7_3,knot,38,27,1,512,Knot-Atlas-Gilbert-Fourier-base-plus-SIAF-global-diffeomorphism,7:1:3,,"{""aspect"":1.0,""bulge_shear"":0.08,""weave_shear"":0.2}"
PKLSA_17c59d20998daf,knot_7.3,7_3,knot,38,28,1,512,Knot-Atlas-Gilbert-Fourier-base-plus-SIAF-global-diffeomorphism,7:1:3,,"{""aspect"":1.0,""bulge_shear"":0.24,""weave_shear"":-0.2}"
PKLSA_8b5be248569ea7,knot_7.3,7_3,knot,38,29,1,512,Knot-Atlas-Gilbert-Fourier-base-plus-SIAF-global-diffeomorphism,7:1:3,,"{""aspect"":1.0,""bulge_shear"":0.24,""weave_shear"":-0.06}"
PKLSA_eb80e03ab0c770,knot_7.3,7_3,knot,38,30,1,512,Knot-Atlas-Gilbert-Fourier-base-plus-SIAF-global-diffeomorphism,7:1:3,,"{""aspect"":1.0,""bulge_shear"":0.24,""weave_shear"":0.06}"
PKLSA_5b95e8dce7d3cc,knot_7.3,7_3,knot,38,31,1,512,Knot-Atlas-Gilbert-Fourier-base-plus-SIAF-global-diffeomorphism,7:1:3,,"{""aspect"":1.0,""bulge_shear"":0.24,""weave_shear"":0.2}"
PKLSA_8ad9981eda84c0,knot_7.3,7_3,knot,38,32,1,512,Knot-Atlas-Gilbert-Fourier-base-plus-SIAF-global-diffeomorphism,7:1:3,,"{""aspect"":1.12,""bulge_shear"":-0.24,""weave_shear"":-0.2}"
PKLSA_c8096b81eeaef4,knot_7.3,7_3,knot,38,33,1,512,Knot-Atlas-Gilbert-Fourier-base-plus-SIAF-global-diffeomorphism,7:1:3,,"{""aspect"":1.12,""bulge_shear"":-0.24,""weave_shear"":-0.06}"
PKLSA_79b274bb2f3655,knot_7.3,7_3,knot,38,34,1,512,Knot-Atlas-Gilbert-Fourier-base-plus-SIAF-global-diffeomorphism,7:1:3,,"{""aspect"":1.12,""bulge_shear"":-0.24,""weave_shear"":0.06}"
PKLSA_52f24aa9b9e97b,knot_7.3,7_3,knot,38,35,1,512,Knot-Atlas-Gilbert-Fourier-base-plus-SIAF-global-diffeomorphism,7:1:3,,"{""aspect"":1.12,""bulge_shear"":-0.24,""weave_shear"":0.2}"
PKLSA_d70ac28d35d702,knot_7.3,7_3,knot,38,36,1,512,Knot-Atlas-Gilbert-Fourier-base-plus-SIAF-global-diffeomorphism,7:1:3,,"{""aspect"":1.12,""bulge_shear"":-0.08,""weave_shear"":-0.2}"
PKLSA_47018e63eef088,knot_7.3,7_3,knot,38,37,1,512,Knot-Atlas-Gilbert-Fourier-base-plus-SIAF-global-diffeomorphism,7:1:3,,"{""aspect"":1.12,""bulge_shear"":-0.08,""weave_shear"":-0.06}"
PKLSA_2a61903848ab34,knot_7.3,7_3,knot,38,38,1,512,Knot-Atlas-Gilbert-Fourier-base-plus-SIAF-global-diffeomorphism,7:1:3,,"{""aspect"":1.12,""bulge_shear"":-0.08,""weave_shear"":0.06}"
PKLSA_bde7f81551f13c,knot_7.3,7_3,knot,38,39,1,512,Knot-Atlas-Gilbert-Fourier-base-plus-SIAF-global-diffeomorphism,7:1:3,,"{""aspect"":1.12,""bulge_shear"":-0.08,""weave_shear"":0.2}"
PKLSA_1cd26fc4d0ac2a,knot_7.3,7_3,knot,38,40,1,512,Knot-Atlas-Gilbert-Fourier-base-plus-SIAF-global-diffeomorphism,7:1:3,,"{""aspect"":1.12,""bulge_shear"":0.08,""weave_shear"":-0.2}"
PKLSA_fa7168ae0c4c70,knot_7.3,7_3,knot,38,41,1,512,Knot-Atlas-Gilbert-Fourier-base-plus-SIAF-global-diffeomorphism,7:1:3,,"{""aspect"":1.12,""bulge_shear"":0.08,""weave_shear"":-0.06}"
PKLSA_1e4216ce1cc54f,knot_7.3,7_3,knot,38,42,1,512,Knot-Atlas-Gilbert-Fourier-base-plus-SIAF-global-diffeomorphism,7:1:3,,"{""aspect"":1.12,""bulge_shear"":0.08,""weave_shear"":0.06}"
PKLSA_917070fbe21257,knot_7.3,7_3,knot,38,43,1,512,Knot-Atlas-Gilbert-Fourier-base-plus-SIAF-global-diffeomorphism,7:1:3,,"{""aspect"":1.12,""bulge_shear"":0.08,""weave_shear"":0.2}"
PKLSA_6bfdf4887c8888,knot_7.3,7_3,knot,38,44,1,512,Knot-Atlas-Gilbert-Fourier-base-plus-SIAF-global-diffeomorphism,7:1:3,,"{""aspect"":1.12,""bulge_shear"":0.24,""weave_shear"":-0.2}"
PKLSA_71b4b872f1a259,knot_7.3,7_3,knot,38,45,1,512,Knot-Atlas-Gilbert-Fourier-base-plus-SIAF-global-diffeomorphism,7:1:3,,"{""aspect"":1.12,""bulge_shear"":0.24,""weave_shear"":-0.06}"
PKLSA_28adf1de08f5e0,knot_7.3,7_3,knot,38,46,1,512,Knot-Atlas-Gilbert-Fourier-base-plus-SIAF-global-diffeomorphism,7:1:3,,"{""aspect"":1.12,""bulge_shear"":0.24,""weave_shear"":0.06}"
PKLSA_cb7d5c08f784df,knot_7.3,7_3,knot,38,47,1,512,Knot-Atlas-Gilbert-Fourier-base-plus-SIAF-global-diffeomorphism,7:1:3,,"{""aspect"":1.12,""bulge_shear"":0.24,""weave_shear"":0.2}"
PKLSA_45e11b7e2fbc32,knot_7.4,7_4,knot,39,0,1,512,Knot-Atlas-Gilbert-Fourier-base-plus-SIAF-global-diffeomorphism,7:1:4,,"{""aspect"":0.88,""bulge_shear"":-0.24,""weave_shear"":-0.2}"
PKLSA_c9a6fb542db899,knot_7.4,7_4,knot,39,1,1,512,Knot-Atlas-Gilbert-Fourier-base-plus-SIAF-global-diffeomorphism,7:1:4,,"{""aspect"":0.88,""bulge_shear"":-0.24,""weave_shear"":-0.06}"
PKLSA_1ebaeda4232d6f,knot_7.4,7_4,knot,39,2,1,512,Knot-Atlas-Gilbert-Fourier-base-plus-SIAF-global-diffeomorphism,7:1:4,,"{""aspect"":0.88,""bulge_shear"":-0.24,""weave_shear"":0.06}"
PKLSA_098233017ddc25,knot_7.4,7_4,knot,39,3,1,512,Knot-Atlas-Gilbert-Fourier-base-plus-SIAF-global-diffeomorphism,7:1:4,,"{""aspect"":0.88,""bulge_shear"":-0.24,""weave_shear"":0.2}"
PKLSA_bed9fab0d6cc79,knot_7.4,7_4,knot,39,4,1,512,Knot-Atlas-Gilbert-Fourier-base-plus-SIAF-global-diffeomorphism,7:1:4,,"{""aspect"":0.88,""bulge_shear"":-0.08,""weave_shear"":-0.2}"
PKLSA_186ab6287cf8c6,knot_7.4,7_4,knot,39,5,1,512,Knot-Atlas-Gilbert-Fourier-base-plus-SIAF-global-diffeomorphism,7:1:4,,"{""aspect"":0.88,""bulge_shear"":-0.08,""weave_shear"":-0.06}"
PKLSA_99124b0520a535,knot_7.4,7_4,knot,39,6,1,512,Knot-Atlas-Gilbert-Fourier-base-plus-SIAF-global-diffeomorphism,7:1:4,,"{""aspect"":0.88,""bulge_shear"":-0.08,""weave_shear"":0.06}"
PKLSA_baf342b8ccc096,knot_7.4,7_4,knot,39,7,1,512,Knot-Atlas-Gilbert-Fourier-base-plus-SIAF-global-diffeomorphism,7:1:4,,"{""aspect"":0.88,""bulge_shear"":-0.08,""weave_shear"":0.2}"
PKLSA_fdb3d31b37056b,knot_7.4,7_4,knot,39,8,1,512,Knot-Atlas-Gilbert-Fourier-base-plus-SIAF-global-diffeomorphism,7:1:4,,"{""aspect"":0.88,""bulge_shear"":0.08,""weave_shear"":-0.2}"
PKLSA_c949d4ff66689e,knot_7.4,7_4,knot,39,9,1,512,Knot-Atlas-Gilbert-Fourier-base-plus-SIAF-global-diffeomorphism,7:1:4,,"{""aspect"":0.88,""bulge_shear"":0.08,""weave_shear"":-0.06}"
PKLSA_77b23adeb869ab,knot_7.4,7_4,knot,39,10,1,512,Knot-Atlas-Gilbert-Fourier-base-plus-SIAF-global-diffeomorphism,7:1:4,,"{""aspect"":0.88,""bulge_shear"":0.08,""weave_shear"":0.06}"
PKLSA_466a9e083ca9c3,knot_7.4,7_4,knot,39,11,1,512,Knot-Atlas-Gilbert-Fourier-base-plus-SIAF-global-diffeomorphism,7:1:4,,"{""aspect"":0.88,""bulge_shear"":0.08,""weave_shear"":0.2}"
PKLSA_82e724cb84a4be,knot_7.4,7_4,knot,39,12,1,512,Knot-Atlas-Gilbert-Fourier-base-plus-SIAF-global-diffeomorphism,7:1:4,,"{""aspect"":0.88,""bulge_shear"":0.24,""weave_shear"":-0.2}"
PKLSA_d597ce7b285b85,knot_7.4,7_4,knot,39,13,1,512,Knot-Atlas-Gilbert-Fourier-base-plus-SIAF-global-diffeomorphism,7:1:4,,"{""aspect"":0.88,""bulge_shear"":0.24,""weave_shear"":-0.06}"
PKLSA_d45c8d2e5013ff,knot_7.4,7_4,knot,39,14,1,512,Knot-Atlas-Gilbert-Fourier-base-plus-SIAF-global-diffeomorphism,7:1:4,,"{""aspect"":0.88,""bulge_shear"":0.24,""weave_shear"":0.06}"
PKLSA_b06880fdb88528,knot_7.4,7_4,knot,39,15,1,512,Knot-Atlas-Gilbert-Fourier-base-plus-SIAF-global-diffeomorphism,7:1:4,,"{""aspect"":0.88,""bulge_shear"":0.24,""weave_shear"":0.2}"
PKLSA_4b8f4a10b459c2,knot_7.4,7_4,knot,39,16,1,512,Knot-Atlas-Gilbert-Fourier-base-plus-SIAF-global-diffeomorphism,7:1:4,,"{""aspect"":1.0,""bulge_shear"":-0.24,""weave_shear"":-0.2}"
PKLSA_7eb3c547e0e5d1,knot_7.4,7_4,knot,39,17,1,512,Knot-Atlas-Gilbert-Fourier-base-plus-SIAF-global-diffeomorphism,7:1:4,,"{""aspect"":1.0,""bulge_shear"":-0.24,""weave_shear"":-0.06}"
PKLSA_890bac0cf32898,knot_7.4,7_4,knot,39,18,1,512,Knot-Atlas-Gilbert-Fourier-base-plus-SIAF-global-diffeomorphism,7:1:4,,"{""aspect"":1.0,""bulge_shear"":-0.24,""weave_shear"":0.06}"
PKLSA_f1310b0654e27e,knot_7.4,7_4,knot,39,19,1,512,Knot-Atlas-Gilbert-Fourier-base-plus-SIAF-global-diffeomorphism,7:1:4,,"{""aspect"":1.0,""bulge_shear"":-0.24,""weave_shear"":0.2}"
PKLSA_66ddf6694bbcd7,knot_7.4,7_4,knot,39,20,1,512,Knot-Atlas-Gilbert-Fourier-base-plus-SIAF-global-diffeomorphism,7:1:4,,"{""aspect"":1.0,""bulge_shear"":-0.08,""weave_shear"":-0.2}"
PKLSA_46c1bedecd8a9b,knot_7.4,7_4,knot,39,21,1,512,Knot-Atlas-Gilbert-Fourier-base-plus-SIAF-global-diffeomorphism,7:1:4,,"{""aspect"":1.0,""bulge_shear"":-0.08,""weave_shear"":-0.06}"
PKLSA_23a7d4f3d62599,knot_7.4,7_4,knot,39,22,1,512,Knot-Atlas-Gilbert-Fourier-base-plus-SIAF-global-diffeomorphism,7:1:4,,"{""aspect"":1.0,""bulge_shear"":-0.08,""weave_shear"":0.06}"
PKLSA_7651da3e1f2876,knot_7.4,7_4,knot,39,23,1,512,Knot-Atlas-Gilbert-Fourier-base-plus-SIAF-global-diffeomorphism,7:1:4,,"{""aspect"":1.0,""bulge_shear"":-0.08,""weave_shear"":0.2}"
PKLSA_d2684cff7b9807,knot_7.4,7_4,knot,39,24,1,512,Knot-Atlas-Gilbert-Fourier-base-plus-SIAF-global-diffeomorphism,7:1:4,,"{""aspect"":1.0,""bulge_shear"":0.08,""weave_shear"":-0.2}"
PKLSA_d9e4a256f5f130,knot_7.4,7_4,knot,39,25,1,512,Knot-Atlas-Gilbert-Fourier-base-plus-SIAF-global-diffeomorphism,7:1:4,,"{""aspect"":1.0,""bulge_shear"":0.08,""weave_shear"":-0.06}"
PKLSA_2b3dd7f09c3c02,knot_7.4,7_4,knot,39,26,1,512,Knot-Atlas-Gilbert-Fourier-base-plus-SIAF-global-diffeomorphism,7:1:4,,"{""aspect"":1.0,""bulge_shear"":0.08,""weave_shear"":0.06}"
PKLSA_6cd3972c5b2ef7,knot_7.4,7_4,knot,39,27,1,512,Knot-Atlas-Gilbert-Fourier-base-plus-SIAF-global-diffeomorphism,7:1:4,,"{""aspect"":1.0,""bulge_shear"":0.08,""weave_shear"":0.2}"
PKLSA_7d16f98ad280c0,knot_7.4,7_4,knot,39,28,1,512,Knot-Atlas-Gilbert-Fourier-base-plus-SIAF-global-diffeomorphism,7:1:4,,"{""aspect"":1.0,""bulge_shear"":0.24,""weave_shear"":-0.2}"
PKLSA_e729c5f016a720,knot_7.4,7_4,knot,39,29,1,512,Knot-Atlas-Gilbert-Fourier-base-plus-SIAF-global-diffeomorphism,7:1:4,,"{""aspect"":1.0,""bulge_shear"":0.24,""weave_shear"":-0.06}"
PKLSA_2a97ab93d40037,knot_7.4,7_4,knot,39,30,1,512,Knot-Atlas-Gilbert-Fourier-base-plus-SIAF-global-diffeomorphism,7:1:4,,"{""aspect"":1.0,""bulge_shear"":0.24,""weave_shear"":0.06}"
PKLSA_6a3112cdac4af6,knot_7.4,7_4,knot,39,31,1,512,Knot-Atlas-Gilbert-Fourier-base-plus-SIAF-global-diffeomorphism,7:1:4,,"{""aspect"":1.0,""bulge_shear"":0.24,""weave_shear"":0.2}"
PKLSA_2f603b0e5fb383,knot_7.4,7_4,knot,39,32,1,512,Knot-Atlas-Gilbert-Fourier-base-plus-SIAF-global-diffeomorphism,7:1:4,,"{""aspect"":1.12,""bulge_shear"":-0.24,""weave_shear"":-0.2}"
PKLSA_de106bdf93133b,knot_7.4,7_4,knot,39,33,1,512,Knot-Atlas-Gilbert-Fourier-base-plus-SIAF-global-diffeomorphism,7:1:4,,"{""aspect"":1.12,""bulge_shear"":-0.24,""weave_shear"":-0.06}"
PKLSA_03035c129457c5,knot_7.4,7_4,knot,39,34,1,512,Knot-Atlas-Gilbert-Fourier-base-plus-SIAF-global-diffeomorphism,7:1:4,,"{""aspect"":1.12,""bulge_shear"":-0.24,""weave_shear"":0.06}"
PKLSA_2b49615c0f864f,knot_7.4,7_4,knot,39,35,1,512,Knot-Atlas-Gilbert-Fourier-base-plus-SIAF-global-diffeomorphism,7:1:4,,"{""aspect"":1.12,""bulge_shear"":-0.24,""weave_shear"":0.2}"
PKLSA_fe3f4fb0b5934c,knot_7.4,7_4,knot,39,36,1,512,Knot-Atlas-Gilbert-Fourier-base-plus-SIAF-global-diffeomorphism,7:1:4,,"{""aspect"":1.12,""bulge_shear"":-0.08,""weave_shear"":-0.2}"
PKLSA_69a299b8ec2f7f,knot_7.4,7_4,knot,39,37,1,512,Knot-Atlas-Gilbert-Fourier-base-plus-SIAF-global-diffeomorphism,7:1:4,,"{""aspect"":1.12,""bulge_shear"":-0.08,""weave_shear"":-0.06}"
PKLSA_0b028af06875ee,knot_7.4,7_4,knot,39,38,1,512,Knot-Atlas-Gilbert-Fourier-base-plus-SIAF-global-diffeomorphism,7:1:4,,"{""aspect"":1.12,""bulge_shear"":-0.08,""weave_shear"":0.06}"
PKLSA_0980f3a9d1b70b,knot_7.4,7_4,knot,39,39,1,512,Knot-Atlas-Gilbert-Fourier-base-plus-SIAF-global-diffeomorphism,7:1:4,,"{""aspect"":1.12,""bulge_shear"":-0.08,""weave_shear"":0.2}"
PKLSA_0f93edee7aeaea,knot_7.4,7_4,knot,39,40,1,512,Knot-Atlas-Gilbert-Fourier-base-plus-SIAF-global-diffeomorphism,7:1:4,,"{""aspect"":1.12,""bulge_shear"":0.08,""weave_shear"":-0.2}"
PKLSA_7b9360eb171b3b,knot_7.4,7_4,knot,39,41,1,512,Knot-Atlas-Gilbert-Fourier-base-plus-SIAF-global-diffeomorphism,7:1:4,,"{""aspect"":1.12,""bulge_shear"":0.08,""weave_shear"":-0.06}"
PKLSA_78258433e128a3,knot_7.4,7_4,knot,39,42,1,512,Knot-Atlas-Gilbert-Fourier-base-plus-SIAF-global-diffeomorphism,7:1:4,,"{""aspect"":1.12,""bulge_shear"":0.08,""weave_shear"":0.06}"
PKLSA_f968be3eb61d34,knot_7.4,7_4,knot,39,43,1,512,Knot-Atlas-Gilbert-Fourier-base-plus-SIAF-global-diffeomorphism,7:1:4,,"{""aspect"":1.12,""bulge_shear"":0.08,""weave_shear"":0.2}"
PKLSA_4c1ac642697f94,knot_7.4,7_4,knot,39,44,1,512,Knot-Atlas-Gilbert-Fourier-base-plus-SIAF-global-diffeomorphism,7:1:4,,"{""aspect"":1.12,""bulge_shear"":0.24,""weave_shear"":-0.2}"
PKLSA_571f7e4439b2b8,knot_7.4,7_4,knot,39,45,1,512,Knot-Atlas-Gilbert-Fourier-base-plus-SIAF-global-diffeomorphism,7:1:4,,"{""aspect"":1.12,""bulge_shear"":0.24,""weave_shear"":-0.06}"
PKLSA_4012ecffab293c,knot_7.4,7_4,knot,39,46,1,512,Knot-Atlas-Gilbert-Fourier-base-plus-SIAF-global-diffeomorphism,7:1:4,,"{""aspect"":1.12,""bulge_shear"":0.24,""weave_shear"":0.06}"
PKLSA_733274f064cfff,knot_7.4,7_4,knot,39,47,1,512,Knot-Atlas-Gilbert-Fourier-base-plus-SIAF-global-diffeomorphism,7:1:4,,"{""aspect"":1.12,""bulge_shear"":0.24,""weave_shear"":0.2}"
PKLSA_7f5ebc0626cba7,knot_8.1,8_1,knot,40,0,1,512,Knot-Atlas-Gilbert-Fourier-base-plus-SIAF-global-diffeomorphism,8:1:1,,"{""aspect"":0.88,""bulge_shear"":-0.24,""weave_shear"":-0.2}"
PKLSA_398c1061f45a5a,knot_8.1,8_1,knot,40,1,1,512,Knot-Atlas-Gilbert-Fourier-base-plus-SIAF-global-diffeomorphism,8:1:1,,"{""aspect"":0.88,""bulge_shear"":-0.24,""weave_shear"":-0.06}"
PKLSA_9936774f7797c0,knot_8.1,8_1,knot,40,2,1,512,Knot-Atlas-Gilbert-Fourier-base-plus-SIAF-global-diffeomorphism,8:1:1,,"{""aspect"":0.88,""bulge_shear"":-0.24,""weave_shear"":0.06}"
PKLSA_332f6277a84357,knot_8.1,8_1,knot,40,3,1,512,Knot-Atlas-Gilbert-Fourier-base-plus-SIAF-global-diffeomorphism,8:1:1,,"{""aspect"":0.88,""bulge_shear"":-0.24,""weave_shear"":0.2}"
PKLSA_ed3240d68e5479,knot_8.1,8_1,knot,40,4,1,512,Knot-Atlas-Gilbert-Fourier-base-plus-SIAF-global-diffeomorphism,8:1:1,,"{""aspect"":0.88,""bulge_shear"":-0.08,""weave_shear"":-0.2}"
PKLSA_85e102b9051bea,knot_8.1,8_1,knot,40,5,1,512,Knot-Atlas-Gilbert-Fourier-base-plus-SIAF-global-diffeomorphism,8:1:1,,"{""aspect"":0.88,""bulge_shear"":-0.08,""weave_shear"":-0.06}"
PKLSA_93e7b2d2f16446,knot_8.1,8_1,knot,40,6,1,512,Knot-Atlas-Gilbert-Fourier-base-plus-SIAF-global-diffeomorphism,8:1:1,,"{""aspect"":0.88,""bulge_shear"":-0.08,""weave_shear"":0.06}"
PKLSA_e9d501f878f5c0,knot_8.1,8_1,knot,40,7,1,512,Knot-Atlas-Gilbert-Fourier-base-plus-SIAF-global-diffeomorphism,8:1:1,,"{""aspect"":0.88,""bulge_shear"":-0.08,""weave_shear"":0.2}"
PKLSA_6e86b5d438db0b,knot_8.1,8_1,knot,40,8,1,512,Knot-Atlas-Gilbert-Fourier-base-plus-SIAF-global-diffeomorphism,8:1:1,,"{""aspect"":0.88,""bulge_shear"":0.08,""weave_shear"":-0.2}"
PKLSA_79c9b5d93af04c,knot_8.1,8_1,knot,40,9,1,512,Knot-Atlas-Gilbert-Fourier-base-plus-SIAF-global-diffeomorphism,8:1:1,,"{""aspect"":0.88,""bulge_shear"":0.08,""weave_shear"":-0.06}"
PKLSA_1a60e3f360854a,knot_8.1,8_1,knot,40,10,1,512,Knot-Atlas-Gilbert-Fourier-base-plus-SIAF-global-diffeomorphism,8:1:1,,"{""aspect"":0.88,""bulge_shear"":0.08,""weave_shear"":0.06}"
PKLSA_07849efc0da58d,knot_8.1,8_1,knot,40,11,1,512,Knot-Atlas-Gilbert-Fourier-base-plus-SIAF-global-diffeomorphism,8:1:1,,"{""aspect"":0.88,""bulge_shear"":0.08,""weave_shear"":0.2}"
PKLSA_740def0d43212c,knot_8.1,8_1,knot,40,12,1,512,Knot-Atlas-Gilbert-Fourier-base-plus-SIAF-global-diffeomorphism,8:1:1,,"{""aspect"":0.88,""bulge_shear"":0.24,""weave_shear"":-0.2}"
PKLSA_e1f80511bf9e4e,knot_8.1,8_1,knot,40,13,1,512,Knot-Atlas-Gilbert-Fourier-base-plus-SIAF-global-diffeomorphism,8:1:1,,"{""aspect"":0.88,""bulge_shear"":0.24,""weave_shear"":-0.06}"
PKLSA_fe6851be57bbfe,knot_8.1,8_1,knot,40,14,1,512,Knot-Atlas-Gilbert-Fourier-base-plus-SIAF-global-diffeomorphism,8:1:1,,"{""aspect"":0.88,""bulge_shear"":0.24,""weave_shear"":0.06}"
PKLSA_b1a22ece383e8d,knot_8.1,8_1,knot,40,15,1,512,Knot-Atlas-Gilbert-Fourier-base-plus-SIAF-global-diffeomorphism,8:1:1,,"{""aspect"":0.88,""bulge_shear"":0.24,""weave_shear"":0.2}"
PKLSA_f91a344697d2a9,knot_8.1,8_1,knot,40,16,1,512,Knot-Atlas-Gilbert-Fourier-base-plus-SIAF-global-diffeomorphism,8:1:1,,"{""aspect"":1.0,""bulge_shear"":-0.24,""weave_shear"":-0.2}"
PKLSA_41f06e9dbd659f,knot_8.1,8_1,knot,40,17,1,512,Knot-Atlas-Gilbert-Fourier-base-plus-SIAF-global-diffeomorphism,8:1:1,,"{""aspect"":1.0,""bulge_shear"":-0.24,""weave_shear"":-0.06}"
PKLSA_94959a30d653fc,knot_8.1,8_1,knot,40,18,1,512,Knot-Atlas-Gilbert-Fourier-base-plus-SIAF-global-diffeomorphism,8:1:1,,"{""aspect"":1.0,""bulge_shear"":-0.24,""weave_shear"":0.06}"
PKLSA_25cd299c274132,knot_8.1,8_1,knot,40,19,1,512,Knot-Atlas-Gilbert-Fourier-base-plus-SIAF-global-diffeomorphism,8:1:1,,"{""aspect"":1.0,""bulge_shear"":-0.24,""weave_shear"":0.2}"
PKLSA_3ac8f0c045bd35,knot_8.1,8_1,knot,40,20,1,512,Knot-Atlas-Gilbert-Fourier-base-plus-SIAF-global-diffeomorphism,8:1:1,,"{""aspect"":1.0,""bulge_shear"":-0.08,""weave_shear"":-0.2}"
PKLSA_7d4d32af65137e,knot_8.1,8_1,knot,40,21,1,512,Knot-Atlas-Gilbert-Fourier-base-plus-SIAF-global-diffeomorphism,8:1:1,,"{""aspect"":1.0,""bulge_shear"":-0.08,""weave_shear"":-0.06}"
PKLSA_f6d6e27427f250,knot_8.1,8_1,knot,40,22,1,512,Knot-Atlas-Gilbert-Fourier-base-plus-SIAF-global-diffeomorphism,8:1:1,,"{""aspect"":1.0,""bulge_shear"":-0.08,""weave_shear"":0.06}"
PKLSA_52fbf23f345d2b,knot_8.1,8_1,knot,40,23,1,512,Knot-Atlas-Gilbert-Fourier-base-plus-SIAF-global-diffeomorphism,8:1:1,,"{""aspect"":1.0,""bulge_shear"":-0.08,""weave_shear"":0.2}"
PKLSA_cb0342bacef80a,knot_8.1,8_1,knot,40,24,1,512,Knot-Atlas-Gilbert-Fourier-base-plus-SIAF-global-diffeomorphism,8:1:1,,"{""aspect"":1.0,""bulge_shear"":0.08,""weave_shear"":-0.2}"
PKLSA_cfeceadedcd23f,knot_8.1,8_1,knot,40,25,1,512,Knot-Atlas-Gilbert-Fourier-base-plus-SIAF-global-diffeomorphism,8:1:1,,"{""aspect"":1.0,""bulge_shear"":0.08,""weave_shear"":-0.06}"
PKLSA_0bcb645abeaff6,knot_8.1,8_1,knot,40,26,1,512,Knot-Atlas-Gilbert-Fourier-base-plus-SIAF-global-diffeomorphism,8:1:1,,"{""aspect"":1.0,""bulge_shear"":0.08,""weave_shear"":0.06}"
PKLSA_6f4639b22a2416,knot_8.1,8_1,knot,40,27,1,512,Knot-Atlas-Gilbert-Fourier-base-plus-SIAF-global-diffeomorphism,8:1:1,,"{""aspect"":1.0,""bulge_shear"":0.08,""weave_shear"":0.2}"
PKLSA_0215ff3a9e24c1,knot_8.1,8_1,knot,40,28,1,512,Knot-Atlas-Gilbert-Fourier-base-plus-SIAF-global-diffeomorphism,8:1:1,,"{""aspect"":1.0,""bulge_shear"":0.24,""weave_shear"":-0.2}"
PKLSA_eea0c2f328f3dc,knot_8.1,8_1,knot,40,29,1,512,Knot-Atlas-Gilbert-Fourier-base-plus-SIAF-global-diffeomorphism,8:1:1,,"{""aspect"":1.0,""bulge_shear"":0.24,""weave_shear"":-0.06}"
PKLSA_3dfbd349ebcd37,knot_8.1,8_1,knot,40,30,1,512,Knot-Atlas-Gilbert-Fourier-base-plus-SIAF-global-diffeomorphism,8:1:1,,"{""aspect"":1.0,""bulge_shear"":0.24,""weave_shear"":0.06}"
PKLSA_c9129b3e8637c1,knot_8.1,8_1,knot,40,31,1,512,Knot-Atlas-Gilbert-Fourier-base-plus-SIAF-global-diffeomorphism,8:1:1,,"{""aspect"":1.0,""bulge_shear"":0.24,""weave_shear"":0.2}"
PKLSA_03d40fe7099545,knot_8.1,8_1,knot,40,32,1,512,Knot-Atlas-Gilbert-Fourier-base-plus-SIAF-global-diffeomorphism,8:1:1,,"{""aspect"":1.12,""bulge_shear"":-0.24,""weave_shear"":-0.2}"
PKLSA_1ba0f4b8417435,knot_8.1,8_1,knot,40,33,1,512,Knot-Atlas-Gilbert-Fourier-base-plus-SIAF-global-diffeomorphism,8:1:1,,"{""aspect"":1.12,""bulge_shear"":-0.24,""weave_shear"":-0.06}"
PKLSA_b8c77dd8884abe,knot_8.1,8_1,knot,40,34,1,512,Knot-Atlas-Gilbert-Fourier-base-plus-SIAF-global-diffeomorphism,8:1:1,,"{""aspect"":1.12,""bulge_shear"":-0.24,""weave_shear"":0.06}"
PKLSA_865317e3db9667,knot_8.1,8_1,knot,40,35,1,512,Knot-Atlas-Gilbert-Fourier-base-plus-SIAF-global-diffeomorphism,8:1:1,,"{""aspect"":1.12,""bulge_shear"":-0.24,""weave_shear"":0.2}"
PKLSA_147fbe8bd8febe,knot_8.1,8_1,knot,40,36,1,512,Knot-Atlas-Gilbert-Fourier-base-plus-SIAF-global-diffeomorphism,8:1:1,,"{""aspect"":1.12,""bulge_shear"":-0.08,""weave_shear"":-0.2}"
PKLSA_b6094cb1c5cf42,knot_8.1,8_1,knot,40,37,1,512,Knot-Atlas-Gilbert-Fourier-base-plus-SIAF-global-diffeomorphism,8:1:1,,"{""aspect"":1.12,""bulge_shear"":-0.08,""weave_shear"":-0.06}"
PKLSA_8ef7812037a0ff,knot_8.1,8_1,knot,40,38,1,512,Knot-Atlas-Gilbert-Fourier-base-plus-SIAF-global-diffeomorphism,8:1:1,,"{""aspect"":1.12,""bulge_shear"":-0.08,""weave_shear"":0.06}"
PKLSA_722d964f7c8aa8,knot_8.1,8_1,knot,40,39,1,512,Knot-Atlas-Gilbert-Fourier-base-plus-SIAF-global-diffeomorphism,8:1:1,,"{""aspect"":1.12,""bulge_shear"":-0.08,""weave_shear"":0.2}"
PKLSA_541329e0088422,knot_8.1,8_1,knot,40,40,1,512,Knot-Atlas-Gilbert-Fourier-base-plus-SIAF-global-diffeomorphism,8:1:1,,"{""aspect"":1.12,""bulge_shear"":0.08,""weave_shear"":-0.2}"
PKLSA_c2acfb02bfa74d,knot_8.1,8_1,knot,40,41,1,512,Knot-Atlas-Gilbert-Fourier-base-plus-SIAF-global-diffeomorphism,8:1:1,,"{""aspect"":1.12,""bulge_shear"":0.08,""weave_shear"":-0.06}"
PKLSA_d24c8240612723,knot_8.1,8_1,knot,40,42,1,512,Knot-Atlas-Gilbert-Fourier-base-plus-SIAF-global-diffeomorphism,8:1:1,,"{""aspect"":1.12,""bulge_shear"":0.08,""weave_shear"":0.06}"
PKLSA_8c95f3649b9f0f,knot_8.1,8_1,knot,40,43,1,512,Knot-Atlas-Gilbert-Fourier-base-plus-SIAF-global-diffeomorphism,8:1:1,,"{""aspect"":1.12,""bulge_shear"":0.08,""weave_shear"":0.2}"
PKLSA_ca8f2017a6be36,knot_8.1,8_1,knot,40,44,1,512,Knot-Atlas-Gilbert-Fourier-base-plus-SIAF-global-diffeomorphism,8:1:1,,"{""aspect"":1.12,""bulge_shear"":0.24,""weave_shear"":-0.2}"
PKLSA_d197449d9b7e13,knot_8.1,8_1,knot,40,45,1,512,Knot-Atlas-Gilbert-Fourier-base-plus-SIAF-global-diffeomorphism,8:1:1,,"{""aspect"":1.12,""bulge_shear"":0.24,""weave_shear"":-0.06}"
PKLSA_a3f16381ee6936,knot_8.1,8_1,knot,40,46,1,512,Knot-Atlas-Gilbert-Fourier-base-plus-SIAF-global-diffeomorphism,8:1:1,,"{""aspect"":1.12,""bulge_shear"":0.24,""weave_shear"":0.06}"
PKLSA_4930196a402ebb,knot_8.1,8_1,knot,40,47,1,512,Knot-Atlas-Gilbert-Fourier-base-plus-SIAF-global-diffeomorphism,8:1:1,,"{""aspect"":1.12,""bulge_shear"":0.24,""weave_shear"":0.2}"
PKLSA_64928eac343dc0,knot_8.17,8_17,knot,41,0,1,512,Knot-Atlas-Gilbert-Fourier-base-plus-SIAF-global-diffeomorphism,8:1:17,,"{""aspect"":0.88,""bulge_shear"":-0.24,""weave_shear"":-0.2}"
PKLSA_9bb479dc79100c,knot_8.17,8_17,knot,41,1,1,512,Knot-Atlas-Gilbert-Fourier-base-plus-SIAF-global-diffeomorphism,8:1:17,,"{""aspect"":0.88,""bulge_shear"":-0.24,""weave_shear"":-0.06}"
PKLSA_1a75bc8d292365,knot_8.17,8_17,knot,41,2,1,512,Knot-Atlas-Gilbert-Fourier-base-plus-SIAF-global-diffeomorphism,8:1:17,,"{""aspect"":0.88,""bulge_shear"":-0.24,""weave_shear"":0.06}"
PKLSA_72494b39928d73,knot_8.17,8_17,knot,41,3,1,512,Knot-Atlas-Gilbert-Fourier-base-plus-SIAF-global-diffeomorphism,8:1:17,,"{""aspect"":0.88,""bulge_shear"":-0.24,""weave_shear"":0.2}"
PKLSA_d554f8ae606393,knot_8.17,8_17,knot,41,4,1,512,Knot-Atlas-Gilbert-Fourier-base-plus-SIAF-global-diffeomorphism,8:1:17,,"{""aspect"":0.88,""bulge_shear"":-0.08,""weave_shear"":-0.2}"
PKLSA_97fdd0b20ea631,knot_8.17,8_17,knot,41,5,1,512,Knot-Atlas-Gilbert-Fourier-base-plus-SIAF-global-diffeomorphism,8:1:17,,"{""aspect"":0.88,""bulge_shear"":-0.08,""weave_shear"":-0.06}"
PKLSA_332bbeeb8fc236,knot_8.17,8_17,knot,41,6,1,512,Knot-Atlas-Gilbert-Fourier-base-plus-SIAF-global-diffeomorphism,8:1:17,,"{""aspect"":0.88,""bulge_shear"":-0.08,""weave_shear"":0.06}"
PKLSA_22e937a47b59c3,knot_8.17,8_17,knot,41,7,1,512,Knot-Atlas-Gilbert-Fourier-base-plus-SIAF-global-diffeomorphism,8:1:17,,"{""aspect"":0.88,""bulge_shear"":-0.08,""weave_shear"":0.2}"
PKLSA_b3855f52e4e34e,knot_8.17,8_17,knot,41,8,1,512,Knot-Atlas-Gilbert-Fourier-base-plus-SIAF-global-diffeomorphism,8:1:17,,"{""aspect"":0.88,""bulge_shear"":0.08,""weave_shear"":-0.2}"
PKLSA_eb48f1e4ec65c5,knot_8.17,8_17,knot,41,9,1,512,Knot-Atlas-Gilbert-Fourier-base-plus-SIAF-global-diffeomorphism,8:1:17,,"{""aspect"":0.88,""bulge_shear"":0.08,""weave_shear"":-0.06}"
PKLSA_8bc496e2bbdaf6,knot_8.17,8_17,knot,41,10,1,512,Knot-Atlas-Gilbert-Fourier-base-plus-SIAF-global-diffeomorphism,8:1:17,,"{""aspect"":0.88,""bulge_shear"":0.08,""weave_shear"":0.06}"
PKLSA_34a81a383f8a2a,knot_8.17,8_17,knot,41,11,1,512,Knot-Atlas-Gilbert-Fourier-base-plus-SIAF-global-diffeomorphism,8:1:17,,"{""aspect"":0.88,""bulge_shear"":0.08,""weave_shear"":0.2}"
PKLSA_a36b627ed42ef8,knot_8.17,8_17,knot,41,12,1,512,Knot-Atlas-Gilbert-Fourier-base-plus-SIAF-global-diffeomorphism,8:1:17,,"{""aspect"":0.88,""bulge_shear"":0.24,""weave_shear"":-0.2}"
PKLSA_67ec90a25f0728,knot_8.17,8_17,knot,41,13,1,512,Knot-Atlas-Gilbert-Fourier-base-plus-SIAF-global-diffeomorphism,8:1:17,,"{""aspect"":0.88,""bulge_shear"":0.24,""weave_shear"":-0.06}"
PKLSA_3af37aaae0d40e,knot_8.17,8_17,knot,41,14,1,512,Knot-Atlas-Gilbert-Fourier-base-plus-SIAF-global-diffeomorphism,8:1:17,,"{""aspect"":0.88,""bulge_shear"":0.24,""weave_shear"":0.06}"
PKLSA_01a98bde22d97e,knot_8.17,8_17,knot,41,15,1,512,Knot-Atlas-Gilbert-Fourier-base-plus-SIAF-global-diffeomorphism,8:1:17,,"{""aspect"":0.88,""bulge_shear"":0.24,""weave_shear"":0.2}"
PKLSA_2bb782c03d4d57,knot_8.17,8_17,knot,41,16,1,512,Knot-Atlas-Gilbert-Fourier-base-plus-SIAF-global-diffeomorphism,8:1:17,,"{""aspect"":1.0,""bulge_shear"":-0.24,""weave_shear"":-0.2}"
PKLSA_ed561a97e0f906,knot_8.17,8_17,knot,41,17,1,512,Knot-Atlas-Gilbert-Fourier-base-plus-SIAF-global-diffeomorphism,8:1:17,,"{""aspect"":1.0,""bulge_shear"":-0.24,""weave_shear"":-0.06}"
PKLSA_06c49cac19b2d6,knot_8.17,8_17,knot,41,18,1,512,Knot-Atlas-Gilbert-Fourier-base-plus-SIAF-global-diffeomorphism,8:1:17,,"{""aspect"":1.0,""bulge_shear"":-0.24,""weave_shear"":0.06}"
PKLSA_3bb1fa3b0f4df7,knot_8.17,8_17,knot,41,19,1,512,Knot-Atlas-Gilbert-Fourier-base-plus-SIAF-global-diffeomorphism,8:1:17,,"{""aspect"":1.0,""bulge_shear"":-0.24,""weave_shear"":0.2}"
PKLSA_4db98f5ab277c5,knot_8.17,8_17,knot,41,20,1,512,Knot-Atlas-Gilbert-Fourier-base-plus-SIAF-global-diffeomorphism,8:1:17,,"{""aspect"":1.0,""bulge_shear"":-0.08,""weave_shear"":-0.2}"
PKLSA_ee67342b04afe0,knot_8.17,8_17,knot,41,21,1,512,Knot-Atlas-Gilbert-Fourier-base-plus-SIAF-global-diffeomorphism,8:1:17,,"{""aspect"":1.0,""bulge_shear"":-0.08,""weave_shear"":-0.06}"
PKLSA_68a948cb1e8822,knot_8.17,8_17,knot,41,22,1,512,Knot-Atlas-Gilbert-Fourier-base-plus-SIAF-global-diffeomorphism,8:1:17,,"{""aspect"":1.0,""bulge_shear"":-0.08,""weave_shear"":0.06}"
PKLSA_00780aa81e3c0b,knot_8.17,8_17,knot,41,23,1,512,Knot-Atlas-Gilbert-Fourier-base-plus-SIAF-global-diffeomorphism,8:1:17,,"{""aspect"":1.0,""bulge_shear"":-0.08,""weave_shear"":0.2}"
PKLSA_d7fa9fcf0a12b0,knot_8.17,8_17,knot,41,24,1,512,Knot-Atlas-Gilbert-Fourier-base-plus-SIAF-global-diffeomorphism,8:1:17,,"{""aspect"":1.0,""bulge_shear"":0.08,""weave_shear"":-0.2}"
PKLSA_8e7f98b246883e,knot_8.17,8_17,knot,41,25,1,512,Knot-Atlas-Gilbert-Fourier-base-plus-SIAF-global-diffeomorphism,8:1:17,,"{""aspect"":1.0,""bulge_shear"":0.08,""weave_shear"":-0.06}"
PKLSA_60f9a2b95a6588,knot_8.17,8_17,knot,41,26,1,512,Knot-Atlas-Gilbert-Fourier-base-plus-SIAF-global-diffeomorphism,8:1:17,,"{""aspect"":1.0,""bulge_shear"":0.08,""weave_shear"":0.06}"
PKLSA_c7893472a14cb6,knot_8.17,8_17,knot,41,27,1,512,Knot-Atlas-Gilbert-Fourier-base-plus-SIAF-global-diffeomorphism,8:1:17,,"{""aspect"":1.0,""bulge_shear"":0.08,""weave_shear"":0.2}"
PKLSA_a17420c1a32008,knot_8.17,8_17,knot,41,28,1,512,Knot-Atlas-Gilbert-Fourier-base-plus-SIAF-global-diffeomorphism,8:1:17,,"{""aspect"":1.0,""bulge_shear"":0.24,""weave_shear"":-0.2}"
PKLSA_91096202de31a9,knot_8.17,8_17,knot,41,29,1,512,Knot-Atlas-Gilbert-Fourier-base-plus-SIAF-global-diffeomorphism,8:1:17,,"{""aspect"":1.0,""bulge_shear"":0.24,""weave_shear"":-0.06}"
PKLSA_796c0b123d248f,knot_8.17,8_17,knot,41,30,1,512,Knot-Atlas-Gilbert-Fourier-base-plus-SIAF-global-diffeomorphism,8:1:17,,"{""aspect"":1.0,""bulge_shear"":0.24,""weave_shear"":0.06}"
PKLSA_9ed8c1b577e369,knot_8.17,8_17,knot,41,31,1,512,Knot-Atlas-Gilbert-Fourier-base-plus-SIAF-global-diffeomorphism,8:1:17,,"{""aspect"":1.0,""bulge_shear"":0.24,""weave_shear"":0.2}"
PKLSA_d6e6f5df63d899,knot_8.17,8_17,knot,41,32,1,512,Knot-Atlas-Gilbert-Fourier-base-plus-SIAF-global-diffeomorphism,8:1:17,,"{""aspect"":1.12,""bulge_shear"":-0.24,""weave_shear"":-0.2}"
PKLSA_df9b67707b8059,knot_8.17,8_17,knot,41,33,1,512,Knot-Atlas-Gilbert-Fourier-base-plus-SIAF-global-diffeomorphism,8:1:17,,"{""aspect"":1.12,""bulge_shear"":-0.24,""weave_shear"":-0.06}"
PKLSA_b788544fb2f7c4,knot_8.17,8_17,knot,41,34,1,512,Knot-Atlas-Gilbert-Fourier-base-plus-SIAF-global-diffeomorphism,8:1:17,,"{""aspect"":1.12,""bulge_shear"":-0.24,""weave_shear"":0.06}"
PKLSA_558a04524b86a8,knot_8.17,8_17,knot,41,35,1,512,Knot-Atlas-Gilbert-Fourier-base-plus-SIAF-global-diffeomorphism,8:1:17,,"{""aspect"":1.12,""bulge_shear"":-0.24,""weave_shear"":0.2}"
PKLSA_c390f36aec2c7b,knot_8.17,8_17,knot,41,36,1,512,Knot-Atlas-Gilbert-Fourier-base-plus-SIAF-global-diffeomorphism,8:1:17,,"{""aspect"":1.12,""bulge_shear"":-0.08,""weave_shear"":-0.2}"
PKLSA_d0af495296426f,knot_8.17,8_17,knot,41,37,1,512,Knot-Atlas-Gilbert-Fourier-base-plus-SIAF-global-diffeomorphism,8:1:17,,"{""aspect"":1.12,""bulge_shear"":-0.08,""weave_shear"":-0.06}"
PKLSA_77351672d14daa,knot_8.17,8_17,knot,41,38,1,512,Knot-Atlas-Gilbert-Fourier-base-plus-SIAF-global-diffeomorphism,8:1:17,,"{""aspect"":1.12,""bulge_shear"":-0.08,""weave_shear"":0.06}"
PKLSA_dd6e71536ab033,knot_8.17,8_17,knot,41,39,1,512,Knot-Atlas-Gilbert-Fourier-base-plus-SIAF-global-diffeomorphism,8:1:17,,"{""aspect"":1.12,""bulge_shear"":-0.08,""weave_shear"":0.2}"
PKLSA_05abe08e136a47,knot_8.17,8_17,knot,41,40,1,512,Knot-Atlas-Gilbert-Fourier-base-plus-SIAF-global-diffeomorphism,8:1:17,,"{""aspect"":1.12,""bulge_shear"":0.08,""weave_shear"":-0.2}"
PKLSA_60f0e19754f398,knot_8.17,8_17,knot,41,41,1,512,Knot-Atlas-Gilbert-Fourier-base-plus-SIAF-global-diffeomorphism,8:1:17,,"{""aspect"":1.12,""bulge_shear"":0.08,""weave_shear"":-0.06}"
PKLSA_5b195721cbdc94,knot_8.17,8_17,knot,41,42,1,512,Knot-Atlas-Gilbert-Fourier-base-plus-SIAF-global-diffeomorphism,8:1:17,,"{""aspect"":1.12,""bulge_shear"":0.08,""weave_shear"":0.06}"
PKLSA_f51b3865aa41aa,knot_8.17,8_17,knot,41,43,1,512,Knot-Atlas-Gilbert-Fourier-base-plus-SIAF-global-diffeomorphism,8:1:17,,"{""aspect"":1.12,""bulge_shear"":0.08,""weave_shear"":0.2}"
PKLSA_281ab01c9bf14c,knot_8.17,8_17,knot,41,44,1,512,Knot-Atlas-Gilbert-Fourier-base-plus-SIAF-global-diffeomorphism,8:1:17,,"{""aspect"":1.12,""bulge_shear"":0.24,""weave_shear"":-0.2}"
PKLSA_1052444b2c547c,knot_8.17,8_17,knot,41,45,1,512,Knot-Atlas-Gilbert-Fourier-base-plus-SIAF-global-diffeomorphism,8:1:17,,"{""aspect"":1.12,""bulge_shear"":0.24,""weave_shear"":-0.06}"
PKLSA_492aa8fd629c85,knot_8.17,8_17,knot,41,46,1,512,Knot-Atlas-Gilbert-Fourier-base-plus-SIAF-global-diffeomorphism,8:1:17,,"{""aspect"":1.12,""bulge_shear"":0.24,""weave_shear"":0.06}"
PKLSA_048a9de18c6677,knot_8.17,8_17,knot,41,47,1,512,Knot-Atlas-Gilbert-Fourier-base-plus-SIAF-global-diffeomorphism,8:1:17,,"{""aspect"":1.12,""bulge_shear"":0.24,""weave_shear"":0.2}"
PKLSA_3cf640ea7ff78e,knot_8.18,8_18,knot,42,0,1,512,Knot-Atlas-Gilbert-Fourier-base-plus-SIAF-global-diffeomorphism,8:1:18,,"{""aspect"":0.88,""bulge_shear"":-0.24,""weave_shear"":-0.2}"
PKLSA_1b63bc03da8191,knot_8.18,8_18,knot,42,1,1,512,Knot-Atlas-Gilbert-Fourier-base-plus-SIAF-global-diffeomorphism,8:1:18,,"{""aspect"":0.88,""bulge_shear"":-0.24,""weave_shear"":-0.06}"
PKLSA_db5f3141d8f7b0,knot_8.18,8_18,knot,42,2,1,512,Knot-Atlas-Gilbert-Fourier-base-plus-SIAF-global-diffeomorphism,8:1:18,,"{""aspect"":0.88,""bulge_shear"":-0.24,""weave_shear"":0.06}"
PKLSA_a3b4ad0c556ae6,knot_8.18,8_18,knot,42,3,1,512,Knot-Atlas-Gilbert-Fourier-base-plus-SIAF-global-diffeomorphism,8:1:18,,"{""aspect"":0.88,""bulge_shear"":-0.24,""weave_shear"":0.2}"
PKLSA_f83137e2a90dae,knot_8.18,8_18,knot,42,4,1,512,Knot-Atlas-Gilbert-Fourier-base-plus-SIAF-global-diffeomorphism,8:1:18,,"{""aspect"":0.88,""bulge_shear"":-0.08,""weave_shear"":-0.2}"
PKLSA_34d95d52f02ec6,knot_8.18,8_18,knot,42,5,1,512,Knot-Atlas-Gilbert-Fourier-base-plus-SIAF-global-diffeomorphism,8:1:18,,"{""aspect"":0.88,""bulge_shear"":-0.08,""weave_shear"":-0.06}"
PKLSA_6d48a0027ce9cf,knot_8.18,8_18,knot,42,6,1,512,Knot-Atlas-Gilbert-Fourier-base-plus-SIAF-global-diffeomorphism,8:1:18,,"{""aspect"":0.88,""bulge_shear"":-0.08,""weave_shear"":0.06}"
PKLSA_731fe1d2e805f6,knot_8.18,8_18,knot,42,7,1,512,Knot-Atlas-Gilbert-Fourier-base-plus-SIAF-global-diffeomorphism,8:1:18,,"{""aspect"":0.88,""bulge_shear"":-0.08,""weave_shear"":0.2}"
PKLSA_92c01310f92d46,knot_8.18,8_18,knot,42,8,1,512,Knot-Atlas-Gilbert-Fourier-base-plus-SIAF-global-diffeomorphism,8:1:18,,"{""aspect"":0.88,""bulge_shear"":0.08,""weave_shear"":-0.2}"
PKLSA_a52c3c6c7425f0,knot_8.18,8_18,knot,42,9,1,512,Knot-Atlas-Gilbert-Fourier-base-plus-SIAF-global-diffeomorphism,8:1:18,,"{""aspect"":0.88,""bulge_shear"":0.08,""weave_shear"":-0.06}"
PKLSA_3194cad0458dab,knot_8.18,8_18,knot,42,10,1,512,Knot-Atlas-Gilbert-Fourier-base-plus-SIAF-global-diffeomorphism,8:1:18,,"{""aspect"":0.88,""bulge_shear"":0.08,""weave_shear"":0.06}"
PKLSA_a0a93a1bb39787,knot_8.18,8_18,knot,42,11,1,512,Knot-Atlas-Gilbert-Fourier-base-plus-SIAF-global-diffeomorphism,8:1:18,,"{""aspect"":0.88,""bulge_shear"":0.08,""weave_shear"":0.2}"
PKLSA_d56b3b504faae0,knot_8.18,8_18,knot,42,12,1,512,Knot-Atlas-Gilbert-Fourier-base-plus-SIAF-global-diffeomorphism,8:1:18,,"{""aspect"":0.88,""bulge_shear"":0.24,""weave_shear"":-0.2}"
PKLSA_1e5c96dbbb61cb,knot_8.18,8_18,knot,42,13,1,512,Knot-Atlas-Gilbert-Fourier-base-plus-SIAF-global-diffeomorphism,8:1:18,,"{""aspect"":0.88,""bulge_shear"":0.24,""weave_shear"":-0.06}"
PKLSA_9bcd0679f2bea7,knot_8.18,8_18,knot,42,14,1,512,Knot-Atlas-Gilbert-Fourier-base-plus-SIAF-global-diffeomorphism,8:1:18,,"{""aspect"":0.88,""bulge_shear"":0.24,""weave_shear"":0.06}"
PKLSA_e7cdb9f297173c,knot_8.18,8_18,knot,42,15,1,512,Knot-Atlas-Gilbert-Fourier-base-plus-SIAF-global-diffeomorphism,8:1:18,,"{""aspect"":0.88,""bulge_shear"":0.24,""weave_shear"":0.2}"
PKLSA_ec1b2455d11825,knot_8.18,8_18,knot,42,16,1,512,Knot-Atlas-Gilbert-Fourier-base-plus-SIAF-global-diffeomorphism,8:1:18,,"{""aspect"":1.0,""bulge_shear"":-0.24,""weave_shear"":-0.2}"
PKLSA_ba0855f509a417,knot_8.18,8_18,knot,42,17,1,512,Knot-Atlas-Gilbert-Fourier-base-plus-SIAF-global-diffeomorphism,8:1:18,,"{""aspect"":1.0,""bulge_shear"":-0.24,""weave_shear"":-0.06}"
PKLSA_d28cdcb201dfd7,knot_8.18,8_18,knot,42,18,1,512,Knot-Atlas-Gilbert-Fourier-base-plus-SIAF-global-diffeomorphism,8:1:18,,"{""aspect"":1.0,""bulge_shear"":-0.24,""weave_shear"":0.06}"
PKLSA_63496815be7a85,knot_8.18,8_18,knot,42,19,1,512,Knot-Atlas-Gilbert-Fourier-base-plus-SIAF-global-diffeomorphism,8:1:18,,"{""aspect"":1.0,""bulge_shear"":-0.24,""weave_shear"":0.2}"
PKLSA_8a51f6c14137ae,knot_8.18,8_18,knot,42,20,1,512,Knot-Atlas-Gilbert-Fourier-base-plus-SIAF-global-diffeomorphism,8:1:18,,"{""aspect"":1.0,""bulge_shear"":-0.08,""weave_shear"":-0.2}"
PKLSA_5e351366a8105c,knot_8.18,8_18,knot,42,21,1,512,Knot-Atlas-Gilbert-Fourier-base-plus-SIAF-global-diffeomorphism,8:1:18,,"{""aspect"":1.0,""bulge_shear"":-0.08,""weave_shear"":-0.06}"
PKLSA_6133db15633ff8,knot_8.18,8_18,knot,42,22,1,512,Knot-Atlas-Gilbert-Fourier-base-plus-SIAF-global-diffeomorphism,8:1:18,,"{""aspect"":1.0,""bulge_shear"":-0.08,""weave_shear"":0.06}"
PKLSA_ff053471677cbf,knot_8.18,8_18,knot,42,23,1,512,Knot-Atlas-Gilbert-Fourier-base-plus-SIAF-global-diffeomorphism,8:1:18,,"{""aspect"":1.0,""bulge_shear"":-0.08,""weave_shear"":0.2}"
PKLSA_603c20e54b9251,knot_8.18,8_18,knot,42,24,1,512,Knot-Atlas-Gilbert-Fourier-base-plus-SIAF-global-diffeomorphism,8:1:18,,"{""aspect"":1.0,""bulge_shear"":0.08,""weave_shear"":-0.2}"
PKLSA_f0d0a796721355,knot_8.18,8_18,knot,42,25,1,512,Knot-Atlas-Gilbert-Fourier-base-plus-SIAF-global-diffeomorphism,8:1:18,,"{""aspect"":1.0,""bulge_shear"":0.08,""weave_shear"":-0.06}"
PKLSA_d02787c534273a,knot_8.18,8_18,knot,42,26,1,512,Knot-Atlas-Gilbert-Fourier-base-plus-SIAF-global-diffeomorphism,8:1:18,,"{""aspect"":1.0,""bulge_shear"":0.08,""weave_shear"":0.06}"
PKLSA_e2f22c0931e2e6,knot_8.18,8_18,knot,42,27,1,512,Knot-Atlas-Gilbert-Fourier-base-plus-SIAF-global-diffeomorphism,8:1:18,,"{""aspect"":1.0,""bulge_shear"":0.08,""weave_shear"":0.2}"
PKLSA_365dc7af8346fb,knot_8.18,8_18,knot,42,28,1,512,Knot-Atlas-Gilbert-Fourier-base-plus-SIAF-global-diffeomorphism,8:1:18,,"{""aspect"":1.0,""bulge_shear"":0.24,""weave_shear"":-0.2}"
PKLSA_30f2fbc7aeaf65,knot_8.18,8_18,knot,42,29,1,512,Knot-Atlas-Gilbert-Fourier-base-plus-SIAF-global-diffeomorphism,8:1:18,,"{""aspect"":1.0,""bulge_shear"":0.24,""weave_shear"":-0.06}"
PKLSA_310d92b938bba1,knot_8.18,8_18,knot,42,30,1,512,Knot-Atlas-Gilbert-Fourier-base-plus-SIAF-global-diffeomorphism,8:1:18,,"{""aspect"":1.0,""bulge_shear"":0.24,""weave_shear"":0.06}"
PKLSA_8795d9240bf023,knot_8.18,8_18,knot,42,31,1,512,Knot-Atlas-Gilbert-Fourier-base-plus-SIAF-global-diffeomorphism,8:1:18,,"{""aspect"":1.0,""bulge_shear"":0.24,""weave_shear"":0.2}"
PKLSA_165df1ea489d75,knot_8.18,8_18,knot,42,32,1,512,Knot-Atlas-Gilbert-Fourier-base-plus-SIAF-global-diffeomorphism,8:1:18,,"{""aspect"":1.12,""bulge_shear"":-0.24,""weave_shear"":-0.2}"
PKLSA_4ac16a3730651e,knot_8.18,8_18,knot,42,33,1,512,Knot-Atlas-Gilbert-Fourier-base-plus-SIAF-global-diffeomorphism,8:1:18,,"{""aspect"":1.12,""bulge_shear"":-0.24,""weave_shear"":-0.06}"
PKLSA_52d2d4a8ac6da4,knot_8.18,8_18,knot,42,34,1,512,Knot-Atlas-Gilbert-Fourier-base-plus-SIAF-global-diffeomorphism,8:1:18,,"{""aspect"":1.12,""bulge_shear"":-0.24,""weave_shear"":0.06}"
PKLSA_4f991645957699,knot_8.18,8_18,knot,42,35,1,512,Knot-Atlas-Gilbert-Fourier-base-plus-SIAF-global-diffeomorphism,8:1:18,,"{""aspect"":1.12,""bulge_shear"":-0.24,""weave_shear"":0.2}"
PKLSA_8312e749f6fda0,knot_8.18,8_18,knot,42,36,1,512,Knot-Atlas-Gilbert-Fourier-base-plus-SIAF-global-diffeomorphism,8:1:18,,"{""aspect"":1.12,""bulge_shear"":-0.08,""weave_shear"":-0.2}"
PKLSA_5afe545c56eab2,knot_8.18,8_18,knot,42,37,1,512,Knot-Atlas-Gilbert-Fourier-base-plus-SIAF-global-diffeomorphism,8:1:18,,"{""aspect"":1.12,""bulge_shear"":-0.08,""weave_shear"":-0.06}"
PKLSA_e28e786914a4db,knot_8.18,8_18,knot,42,38,1,512,Knot-Atlas-Gilbert-Fourier-base-plus-SIAF-global-diffeomorphism,8:1:18,,"{""aspect"":1.12,""bulge_shear"":-0.08,""weave_shear"":0.06}"
PKLSA_211325fad3a455,knot_8.18,8_18,knot,42,39,1,512,Knot-Atlas-Gilbert-Fourier-base-plus-SIAF-global-diffeomorphism,8:1:18,,"{""aspect"":1.12,""bulge_shear"":-0.08,""weave_shear"":0.2}"
PKLSA_d551852080a2d0,knot_8.18,8_18,knot,42,40,1,512,Knot-Atlas-Gilbert-Fourier-base-plus-SIAF-global-diffeomorphism,8:1:18,,"{""aspect"":1.12,""bulge_shear"":0.08,""weave_shear"":-0.2}"
PKLSA_7a3ab8c9852f18,knot_8.18,8_18,knot,42,41,1,512,Knot-Atlas-Gilbert-Fourier-base-plus-SIAF-global-diffeomorphism,8:1:18,,"{""aspect"":1.12,""bulge_shear"":0.08,""weave_shear"":-0.06}"
PKLSA_5d383031b58d65,knot_8.18,8_18,knot,42,42,1,512,Knot-Atlas-Gilbert-Fourier-base-plus-SIAF-global-diffeomorphism,8:1:18,,"{""aspect"":1.12,""bulge_shear"":0.08,""weave_shear"":0.06}"
PKLSA_530edd126cfeaf,knot_8.18,8_18,knot,42,43,1,512,Knot-Atlas-Gilbert-Fourier-base-plus-SIAF-global-diffeomorphism,8:1:18,,"{""aspect"":1.12,""bulge_shear"":0.08,""weave_shear"":0.2}"
PKLSA_eb0869351bf0fe,knot_8.18,8_18,knot,42,44,1,512,Knot-Atlas-Gilbert-Fourier-base-plus-SIAF-global-diffeomorphism,8:1:18,,"{""aspect"":1.12,""bulge_shear"":0.24,""weave_shear"":-0.2}"
PKLSA_06579c2bac67c2,knot_8.18,8_18,knot,42,45,1,512,Knot-Atlas-Gilbert-Fourier-base-plus-SIAF-global-diffeomorphism,8:1:18,,"{""aspect"":1.12,""bulge_shear"":0.24,""weave_shear"":-0.06}"
PKLSA_405855d327ac9d,knot_8.18,8_18,knot,42,46,1,512,Knot-Atlas-Gilbert-Fourier-base-plus-SIAF-global-diffeomorphism,8:1:18,,"{""aspect"":1.12,""bulge_shear"":0.24,""weave_shear"":0.06}"
PKLSA_672a3fa881736a,knot_8.18,8_18,knot,42,47,1,512,Knot-Atlas-Gilbert-Fourier-base-plus-SIAF-global-diffeomorphism,8:1:18,,"{""aspect"":1.12,""bulge_shear"":0.24,""weave_shear"":0.2}"
PKLSA_e7caa057324ff4,link_8.2.1,8_2_1,link,43,0,2,512,Knot-Atlas-Gilbert-Fourier-base-plus-SIAF-global-diffeomorphism,L8a14,,"{""aspect"":0.88,""bulge_shear"":-0.24,""weave_shear"":-0.2}"
PKLSA_3e8224624270ae,link_8.2.1,8_2_1,link,43,1,2,512,Knot-Atlas-Gilbert-Fourier-base-plus-SIAF-global-diffeomorphism,L8a14,,"{""aspect"":0.88,""bulge_shear"":-0.24,""weave_shear"":-0.06}"
PKLSA_7a97fdb9d8cc08,link_8.2.1,8_2_1,link,43,2,2,512,Knot-Atlas-Gilbert-Fourier-base-plus-SIAF-global-diffeomorphism,L8a14,,"{""aspect"":0.88,""bulge_shear"":-0.24,""weave_shear"":0.06}"
PKLSA_01203ca6603334,link_8.2.1,8_2_1,link,43,3,2,512,Knot-Atlas-Gilbert-Fourier-base-plus-SIAF-global-diffeomorphism,L8a14,,"{""aspect"":0.88,""bulge_shear"":-0.24,""weave_shear"":0.2}"
PKLSA_ae36f475d75da6,link_8.2.1,8_2_1,link,43,4,2,512,Knot-Atlas-Gilbert-Fourier-base-plus-SIAF-global-diffeomorphism,L8a14,,"{""aspect"":0.88,""bulge_shear"":-0.08,""weave_shear"":-0.2}"
PKLSA_813a6b8a5abb50,link_8.2.1,8_2_1,link,43,5,2,512,Knot-Atlas-Gilbert-Fourier-base-plus-SIAF-global-diffeomorphism,L8a14,,"{""aspect"":0.88,""bulge_shear"":-0.08,""weave_shear"":-0.06}"
PKLSA_c3d5b8e965b1df,link_8.2.1,8_2_1,link,43,6,2,512,Knot-Atlas-Gilbert-Fourier-base-plus-SIAF-global-diffeomorphism,L8a14,,"{""aspect"":0.88,""bulge_shear"":-0.08,""weave_shear"":0.06}"
PKLSA_e71f38446d181c,link_8.2.1,8_2_1,link,43,7,2,512,Knot-Atlas-Gilbert-Fourier-base-plus-SIAF-global-diffeomorphism,L8a14,,"{""aspect"":0.88,""bulge_shear"":-0.08,""weave_shear"":0.2}"
PKLSA_9ca2fa31a7cfde,link_8.2.1,8_2_1,link,43,8,2,512,Knot-Atlas-Gilbert-Fourier-base-plus-SIAF-global-diffeomorphism,L8a14,,"{""aspect"":0.88,""bulge_shear"":0.08,""weave_shear"":-0.2}"
PKLSA_01be80d8d17133,link_8.2.1,8_2_1,link,43,9,2,512,Knot-Atlas-Gilbert-Fourier-base-plus-SIAF-global-diffeomorphism,L8a14,,"{""aspect"":0.88,""bulge_shear"":0.08,""weave_shear"":-0.06}"
PKLSA_b98ada4383f723,link_8.2.1,8_2_1,link,43,10,2,512,Knot-Atlas-Gilbert-Fourier-base-plus-SIAF-global-diffeomorphism,L8a14,,"{""aspect"":0.88,""bulge_shear"":0.08,""weave_shear"":0.06}"
PKLSA_2df06ade62dac4,link_8.2.1,8_2_1,link,43,11,2,512,Knot-Atlas-Gilbert-Fourier-base-plus-SIAF-global-diffeomorphism,L8a14,,"{""aspect"":0.88,""bulge_shear"":0.08,""weave_shear"":0.2}"
PKLSA_c3f8629effb736,link_8.2.1,8_2_1,link,43,12,2,512,Knot-Atlas-Gilbert-Fourier-base-plus-SIAF-global-diffeomorphism,L8a14,,"{""aspect"":0.88,""bulge_shear"":0.24,""weave_shear"":-0.2}"
PKLSA_ed673c769440c9,link_8.2.1,8_2_1,link,43,13,2,512,Knot-Atlas-Gilbert-Fourier-base-plus-SIAF-global-diffeomorphism,L8a14,,"{""aspect"":0.88,""bulge_shear"":0.24,""weave_shear"":-0.06}"
PKLSA_d4792d68b6e0b2,link_8.2.1,8_2_1,link,43,14,2,512,Knot-Atlas-Gilbert-Fourier-base-plus-SIAF-global-diffeomorphism,L8a14,,"{""aspect"":0.88,""bulge_shear"":0.24,""weave_shear"":0.06}"
PKLSA_764e8bf868f8a0,link_8.2.1,8_2_1,link,43,15,2,512,Knot-Atlas-Gilbert-Fourier-base-plus-SIAF-global-diffeomorphism,L8a14,,"{""aspect"":0.88,""bulge_shear"":0.24,""weave_shear"":0.2}"
PKLSA_192adaaeafb0ed,link_8.2.1,8_2_1,link,43,16,2,512,Knot-Atlas-Gilbert-Fourier-base-plus-SIAF-global-diffeomorphism,L8a14,,"{""aspect"":1.0,""bulge_shear"":-0.24,""weave_shear"":-0.2}"
PKLSA_aca7c02cce792d,link_8.2.1,8_2_1,link,43,17,2,512,Knot-Atlas-Gilbert-Fourier-base-plus-SIAF-global-diffeomorphism,L8a14,,"{""aspect"":1.0,""bulge_shear"":-0.24,""weave_shear"":-0.06}"
PKLSA_2721f8fdd110d1,link_8.2.1,8_2_1,link,43,18,2,512,Knot-Atlas-Gilbert-Fourier-base-plus-SIAF-global-diffeomorphism,L8a14,,"{""aspect"":1.0,""bulge_shear"":-0.24,""weave_shear"":0.06}"
PKLSA_b337cceb99b2b0,link_8.2.1,8_2_1,link,43,19,2,512,Knot-Atlas-Gilbert-Fourier-base-plus-SIAF-global-diffeomorphism,L8a14,,"{""aspect"":1.0,""bulge_shear"":-0.24,""weave_shear"":0.2}"
PKLSA_f1e97802e15cec,link_8.2.1,8_2_1,link,43,20,2,512,Knot-Atlas-Gilbert-Fourier-base-plus-SIAF-global-diffeomorphism,L8a14,,"{""aspect"":1.0,""bulge_shear"":-0.08,""weave_shear"":-0.2}"
PKLSA_955d173c46d833,link_8.2.1,8_2_1,link,43,21,2,512,Knot-Atlas-Gilbert-Fourier-base-plus-SIAF-global-diffeomorphism,L8a14,,"{""aspect"":1.0,""bulge_shear"":-0.08,""weave_shear"":-0.06}"
PKLSA_b86876a6188e3c,link_8.2.1,8_2_1,link,43,22,2,512,Knot-Atlas-Gilbert-Fourier-base-plus-SIAF-global-diffeomorphism,L8a14,,"{""aspect"":1.0,""bulge_shear"":-0.08,""weave_shear"":0.06}"
PKLSA_b524777d2f5afd,link_8.2.1,8_2_1,link,43,23,2,512,Knot-Atlas-Gilbert-Fourier-base-plus-SIAF-global-diffeomorphism,L8a14,,"{""aspect"":1.0,""bulge_shear"":-0.08,""weave_shear"":0.2}"
PKLSA_048bcd85cf4eda,link_8.2.1,8_2_1,link,43,24,2,512,Knot-Atlas-Gilbert-Fourier-base-plus-SIAF-global-diffeomorphism,L8a14,,"{""aspect"":1.0,""bulge_shear"":0.08,""weave_shear"":-0.2}"
PKLSA_344a84280b8830,link_8.2.1,8_2_1,link,43,25,2,512,Knot-Atlas-Gilbert-Fourier-base-plus-SIAF-global-diffeomorphism,L8a14,,"{""aspect"":1.0,""bulge_shear"":0.08,""weave_shear"":-0.06}"
PKLSA_6c131f80e733ea,link_8.2.1,8_2_1,link,43,26,2,512,Knot-Atlas-Gilbert-Fourier-base-plus-SIAF-global-diffeomorphism,L8a14,,"{""aspect"":1.0,""bulge_shear"":0.08,""weave_shear"":0.06}"
PKLSA_5763f1cf6fde84,link_8.2.1,8_2_1,link,43,27,2,512,Knot-Atlas-Gilbert-Fourier-base-plus-SIAF-global-diffeomorphism,L8a14,,"{""aspect"":1.0,""bulge_shear"":0.08,""weave_shear"":0.2}"
PKLSA_3e7cc6c7037cdc,link_8.2.1,8_2_1,link,43,28,2,512,Knot-Atlas-Gilbert-Fourier-base-plus-SIAF-global-diffeomorphism,L8a14,,"{""aspect"":1.0,""bulge_shear"":0.24,""weave_shear"":-0.2}"
PKLSA_39f3ec897ee3ed,link_8.2.1,8_2_1,link,43,29,2,512,Knot-Atlas-Gilbert-Fourier-base-plus-SIAF-global-diffeomorphism,L8a14,,"{""aspect"":1.0,""bulge_shear"":0.24,""weave_shear"":-0.06}"
PKLSA_a955e3a769341b,link_8.2.1,8_2_1,link,43,30,2,512,Knot-Atlas-Gilbert-Fourier-base-plus-SIAF-global-diffeomorphism,L8a14,,"{""aspect"":1.0,""bulge_shear"":0.24,""weave_shear"":0.06}"
PKLSA_09513bdefb7442,link_8.2.1,8_2_1,link,43,31,2,512,Knot-Atlas-Gilbert-Fourier-base-plus-SIAF-global-diffeomorphism,L8a14,,"{""aspect"":1.0,""bulge_shear"":0.24,""weave_shear"":0.2}"
PKLSA_d12b3d4409064b,link_8.2.1,8_2_1,link,43,32,2,512,Knot-Atlas-Gilbert-Fourier-base-plus-SIAF-global-diffeomorphism,L8a14,,"{""aspect"":1.12,""bulge_shear"":-0.24,""weave_shear"":-0.2}"
PKLSA_186c72ab1222f6,link_8.2.1,8_2_1,link,43,33,2,512,Knot-Atlas-Gilbert-Fourier-base-plus-SIAF-global-diffeomorphism,L8a14,,"{""aspect"":1.12,""bulge_shear"":-0.24,""weave_shear"":-0.06}"
PKLSA_5dc1582f9e2c05,link_8.2.1,8_2_1,link,43,34,2,512,Knot-Atlas-Gilbert-Fourier-base-plus-SIAF-global-diffeomorphism,L8a14,,"{""aspect"":1.12,""bulge_shear"":-0.24,""weave_shear"":0.06}"
PKLSA_d0a571ac18c39c,link_8.2.1,8_2_1,link,43,35,2,512,Knot-Atlas-Gilbert-Fourier-base-plus-SIAF-global-diffeomorphism,L8a14,,"{""aspect"":1.12,""bulge_shear"":-0.24,""weave_shear"":0.2}"
PKLSA_ec9468c1639239,link_8.2.1,8_2_1,link,43,36,2,512,Knot-Atlas-Gilbert-Fourier-base-plus-SIAF-global-diffeomorphism,L8a14,,"{""aspect"":1.12,""bulge_shear"":-0.08,""weave_shear"":-0.2}"
PKLSA_488228fc5f0192,link_8.2.1,8_2_1,link,43,37,2,512,Knot-Atlas-Gilbert-Fourier-base-plus-SIAF-global-diffeomorphism,L8a14,,"{""aspect"":1.12,""bulge_shear"":-0.08,""weave_shear"":-0.06}"
PKLSA_33fe17998268a3,link_8.2.1,8_2_1,link,43,38,2,512,Knot-Atlas-Gilbert-Fourier-base-plus-SIAF-global-diffeomorphism,L8a14,,"{""aspect"":1.12,""bulge_shear"":-0.08,""weave_shear"":0.06}"
PKLSA_b68a4114f4ef93,link_8.2.1,8_2_1,link,43,39,2,512,Knot-Atlas-Gilbert-Fourier-base-plus-SIAF-global-diffeomorphism,L8a14,,"{""aspect"":1.12,""bulge_shear"":-0.08,""weave_shear"":0.2}"
PKLSA_a63802e94fcc8d,link_8.2.1,8_2_1,link,43,40,2,512,Knot-Atlas-Gilbert-Fourier-base-plus-SIAF-global-diffeomorphism,L8a14,,"{""aspect"":1.12,""bulge_shear"":0.08,""weave_shear"":-0.2}"
PKLSA_7017b21e705665,link_8.2.1,8_2_1,link,43,41,2,512,Knot-Atlas-Gilbert-Fourier-base-plus-SIAF-global-diffeomorphism,L8a14,,"{""aspect"":1.12,""bulge_shear"":0.08,""weave_shear"":-0.06}"
PKLSA_5682e8fe1ecb15,link_8.2.1,8_2_1,link,43,42,2,512,Knot-Atlas-Gilbert-Fourier-base-plus-SIAF-global-diffeomorphism,L8a14,,"{""aspect"":1.12,""bulge_shear"":0.08,""weave_shear"":0.06}"
PKLSA_b861ae2d5831ec,link_8.2.1,8_2_1,link,43,43,2,512,Knot-Atlas-Gilbert-Fourier-base-plus-SIAF-global-diffeomorphism,L8a14,,"{""aspect"":1.12,""bulge_shear"":0.08,""weave_shear"":0.2}"
PKLSA_3ad54bb42deffe,link_8.2.1,8_2_1,link,43,44,2,512,Knot-Atlas-Gilbert-Fourier-base-plus-SIAF-global-diffeomorphism,L8a14,,"{""aspect"":1.12,""bulge_shear"":0.24,""weave_shear"":-0.2}"
PKLSA_0ddb523b2c4df1,link_8.2.1,8_2_1,link,43,45,2,512,Knot-Atlas-Gilbert-Fourier-base-plus-SIAF-global-diffeomorphism,L8a14,,"{""aspect"":1.12,""bulge_shear"":0.24,""weave_shear"":-0.06}"
PKLSA_f7f59a2a64de88,link_8.2.1,8_2_1,link,43,46,2,512,Knot-Atlas-Gilbert-Fourier-base-plus-SIAF-global-diffeomorphism,L8a14,,"{""aspect"":1.12,""bulge_shear"":0.24,""weave_shear"":0.06}"
PKLSA_e05c5b19c1ee80,link_8.2.1,8_2_1,link,43,47,2,512,Knot-Atlas-Gilbert-Fourier-base-plus-SIAF-global-diffeomorphism,L8a14,,"{""aspect"":1.12,""bulge_shear"":0.24,""weave_shear"":0.2}"
PKLSA_737339f5872863,knot_9.1,9_1,knot,44,0,1,512,Knot-Atlas-Gilbert-Fourier-base-plus-SIAF-global-diffeomorphism,9:1:1,,"{""aspect"":0.88,""bulge_shear"":-0.24,""weave_shear"":-0.2}"
PKLSA_02ce2ede0c9124,knot_9.1,9_1,knot,44,1,1,512,Knot-Atlas-Gilbert-Fourier-base-plus-SIAF-global-diffeomorphism,9:1:1,,"{""aspect"":0.88,""bulge_shear"":-0.24,""weave_shear"":-0.06}"
PKLSA_b6595666748691,knot_9.1,9_1,knot,44,2,1,512,Knot-Atlas-Gilbert-Fourier-base-plus-SIAF-global-diffeomorphism,9:1:1,,"{""aspect"":0.88,""bulge_shear"":-0.24,""weave_shear"":0.06}"
PKLSA_54648eec855d37,knot_9.1,9_1,knot,44,3,1,512,Knot-Atlas-Gilbert-Fourier-base-plus-SIAF-global-diffeomorphism,9:1:1,,"{""aspect"":0.88,""bulge_shear"":-0.24,""weave_shear"":0.2}"
PKLSA_7e363d738d53eb,knot_9.1,9_1,knot,44,4,1,512,Knot-Atlas-Gilbert-Fourier-base-plus-SIAF-global-diffeomorphism,9:1:1,,"{""aspect"":0.88,""bulge_shear"":-0.08,""weave_shear"":-0.2}"
PKLSA_f50b130deb49d6,knot_9.1,9_1,knot,44,5,1,512,Knot-Atlas-Gilbert-Fourier-base-plus-SIAF-global-diffeomorphism,9:1:1,,"{""aspect"":0.88,""bulge_shear"":-0.08,""weave_shear"":-0.06}"
PKLSA_f2fbf2edb23366,knot_9.1,9_1,knot,44,6,1,512,Knot-Atlas-Gilbert-Fourier-base-plus-SIAF-global-diffeomorphism,9:1:1,,"{""aspect"":0.88,""bulge_shear"":-0.08,""weave_shear"":0.06}"
PKLSA_420338927d7bca,knot_9.1,9_1,knot,44,7,1,512,Knot-Atlas-Gilbert-Fourier-base-plus-SIAF-global-diffeomorphism,9:1:1,,"{""aspect"":0.88,""bulge_shear"":-0.08,""weave_shear"":0.2}"
PKLSA_699fec20dd3a8d,knot_9.1,9_1,knot,44,8,1,512,Knot-Atlas-Gilbert-Fourier-base-plus-SIAF-global-diffeomorphism,9:1:1,,"{""aspect"":0.88,""bulge_shear"":0.08,""weave_shear"":-0.2}"
PKLSA_7f6f595b9b8cd3,knot_9.1,9_1,knot,44,9,1,512,Knot-Atlas-Gilbert-Fourier-base-plus-SIAF-global-diffeomorphism,9:1:1,,"{""aspect"":0.88,""bulge_shear"":0.08,""weave_shear"":-0.06}"
PKLSA_0262f8ece3523c,knot_9.1,9_1,knot,44,10,1,512,Knot-Atlas-Gilbert-Fourier-base-plus-SIAF-global-diffeomorphism,9:1:1,,"{""aspect"":0.88,""bulge_shear"":0.08,""weave_shear"":0.06}"
PKLSA_940b0cca5bd80e,knot_9.1,9_1,knot,44,11,1,512,Knot-Atlas-Gilbert-Fourier-base-plus-SIAF-global-diffeomorphism,9:1:1,,"{""aspect"":0.88,""bulge_shear"":0.08,""weave_shear"":0.2}"
PKLSA_0ac806066e5a71,knot_9.1,9_1,knot,44,12,1,512,Knot-Atlas-Gilbert-Fourier-base-plus-SIAF-global-diffeomorphism,9:1:1,,"{""aspect"":0.88,""bulge_shear"":0.24,""weave_shear"":-0.2}"
PKLSA_d05b247428a284,knot_9.1,9_1,knot,44,13,1,512,Knot-Atlas-Gilbert-Fourier-base-plus-SIAF-global-diffeomorphism,9:1:1,,"{""aspect"":0.88,""bulge_shear"":0.24,""weave_shear"":-0.06}"
PKLSA_f121543f857a24,knot_9.1,9_1,knot,44,14,1,512,Knot-Atlas-Gilbert-Fourier-base-plus-SIAF-global-diffeomorphism,9:1:1,,"{""aspect"":0.88,""bulge_shear"":0.24,""weave_shear"":0.06}"
PKLSA_6735b1c97a4236,knot_9.1,9_1,knot,44,15,1,512,Knot-Atlas-Gilbert-Fourier-base-plus-SIAF-global-diffeomorphism,9:1:1,,"{""aspect"":0.88,""bulge_shear"":0.24,""weave_shear"":0.2}"
PKLSA_93680205638e67,knot_9.1,9_1,knot,44,16,1,512,Knot-Atlas-Gilbert-Fourier-base-plus-SIAF-global-diffeomorphism,9:1:1,,"{""aspect"":1.0,""bulge_shear"":-0.24,""weave_shear"":-0.2}"
PKLSA_3b5bbf165a4e6b,knot_9.1,9_1,knot,44,17,1,512,Knot-Atlas-Gilbert-Fourier-base-plus-SIAF-global-diffeomorphism,9:1:1,,"{""aspect"":1.0,""bulge_shear"":-0.24,""weave_shear"":-0.06}"
PKLSA_7ee7ee24b4ff1e,knot_9.1,9_1,knot,44,18,1,512,Knot-Atlas-Gilbert-Fourier-base-plus-SIAF-global-diffeomorphism,9:1:1,,"{""aspect"":1.0,""bulge_shear"":-0.24,""weave_shear"":0.06}"
PKLSA_c0bfa43c2bcae0,knot_9.1,9_1,knot,44,19,1,512,Knot-Atlas-Gilbert-Fourier-base-plus-SIAF-global-diffeomorphism,9:1:1,,"{""aspect"":1.0,""bulge_shear"":-0.24,""weave_shear"":0.2}"
PKLSA_ecd62d43b12f3e,knot_9.1,9_1,knot,44,20,1,512,Knot-Atlas-Gilbert-Fourier-base-plus-SIAF-global-diffeomorphism,9:1:1,,"{""aspect"":1.0,""bulge_shear"":-0.08,""weave_shear"":-0.2}"
PKLSA_e1242a51c91062,knot_9.1,9_1,knot,44,21,1,512,Knot-Atlas-Gilbert-Fourier-base-plus-SIAF-global-diffeomorphism,9:1:1,,"{""aspect"":1.0,""bulge_shear"":-0.08,""weave_shear"":-0.06}"
PKLSA_15c84306a0169c,knot_9.1,9_1,knot,44,22,1,512,Knot-Atlas-Gilbert-Fourier-base-plus-SIAF-global-diffeomorphism,9:1:1,,"{""aspect"":1.0,""bulge_shear"":-0.08,""weave_shear"":0.06}"
PKLSA_d6d234bad63409,knot_9.1,9_1,knot,44,23,1,512,Knot-Atlas-Gilbert-Fourier-base-plus-SIAF-global-diffeomorphism,9:1:1,,"{""aspect"":1.0,""bulge_shear"":-0.08,""weave_shear"":0.2}"
PKLSA_32ab75a094d010,knot_9.1,9_1,knot,44,24,1,512,Knot-Atlas-Gilbert-Fourier-base-plus-SIAF-global-diffeomorphism,9:1:1,,"{""aspect"":1.0,""bulge_shear"":0.08,""weave_shear"":-0.2}"
PKLSA_8c50056f86b796,knot_9.1,9_1,knot,44,25,1,512,Knot-Atlas-Gilbert-Fourier-base-plus-SIAF-global-diffeomorphism,9:1:1,,"{""aspect"":1.0,""bulge_shear"":0.08,""weave_shear"":-0.06}"
PKLSA_d100434ea961b5,knot_9.1,9_1,knot,44,26,1,512,Knot-Atlas-Gilbert-Fourier-base-plus-SIAF-global-diffeomorphism,9:1:1,,"{""aspect"":1.0,""bulge_shear"":0.08,""weave_shear"":0.06}"
PKLSA_46977e69887e99,knot_9.1,9_1,knot,44,27,1,512,Knot-Atlas-Gilbert-Fourier-base-plus-SIAF-global-diffeomorphism,9:1:1,,"{""aspect"":1.0,""bulge_shear"":0.08,""weave_shear"":0.2}"
PKLSA_0332e44017b60d,knot_9.1,9_1,knot,44,28,1,512,Knot-Atlas-Gilbert-Fourier-base-plus-SIAF-global-diffeomorphism,9:1:1,,"{""aspect"":1.0,""bulge_shear"":0.24,""weave_shear"":-0.2}"
PKLSA_ba7764e8571946,knot_9.1,9_1,knot,44,29,1,512,Knot-Atlas-Gilbert-Fourier-base-plus-SIAF-global-diffeomorphism,9:1:1,,"{""aspect"":1.0,""bulge_shear"":0.24,""weave_shear"":-0.06}"
PKLSA_a0ec9735b4e3b1,knot_9.1,9_1,knot,44,30,1,512,Knot-Atlas-Gilbert-Fourier-base-plus-SIAF-global-diffeomorphism,9:1:1,,"{""aspect"":1.0,""bulge_shear"":0.24,""weave_shear"":0.06}"
PKLSA_341d61b2dd04ac,knot_9.1,9_1,knot,44,31,1,512,Knot-Atlas-Gilbert-Fourier-base-plus-SIAF-global-diffeomorphism,9:1:1,,"{""aspect"":1.0,""bulge_shear"":0.24,""weave_shear"":0.2}"
PKLSA_e9b6d0d5b1c648,knot_9.1,9_1,knot,44,32,1,512,Knot-Atlas-Gilbert-Fourier-base-plus-SIAF-global-diffeomorphism,9:1:1,,"{""aspect"":1.12,""bulge_shear"":-0.24,""weave_shear"":-0.2}"
PKLSA_a139d547b21754,knot_9.1,9_1,knot,44,33,1,512,Knot-Atlas-Gilbert-Fourier-base-plus-SIAF-global-diffeomorphism,9:1:1,,"{""aspect"":1.12,""bulge_shear"":-0.24,""weave_shear"":-0.06}"
PKLSA_c6905a823230ab,knot_9.1,9_1,knot,44,34,1,512,Knot-Atlas-Gilbert-Fourier-base-plus-SIAF-global-diffeomorphism,9:1:1,,"{""aspect"":1.12,""bulge_shear"":-0.24,""weave_shear"":0.06}"
PKLSA_2a3d7e8d8091ec,knot_9.1,9_1,knot,44,35,1,512,Knot-Atlas-Gilbert-Fourier-base-plus-SIAF-global-diffeomorphism,9:1:1,,"{""aspect"":1.12,""bulge_shear"":-0.24,""weave_shear"":0.2}"
PKLSA_9a39cfd6963a35,knot_9.1,9_1,knot,44,36,1,512,Knot-Atlas-Gilbert-Fourier-base-plus-SIAF-global-diffeomorphism,9:1:1,,"{""aspect"":1.12,""bulge_shear"":-0.08,""weave_shear"":-0.2}"
PKLSA_c3ec3bcec0491c,knot_9.1,9_1,knot,44,37,1,512,Knot-Atlas-Gilbert-Fourier-base-plus-SIAF-global-diffeomorphism,9:1:1,,"{""aspect"":1.12,""bulge_shear"":-0.08,""weave_shear"":-0.06}"
PKLSA_020557cbc2ead7,knot_9.1,9_1,knot,44,38,1,512,Knot-Atlas-Gilbert-Fourier-base-plus-SIAF-global-diffeomorphism,9:1:1,,"{""aspect"":1.12,""bulge_shear"":-0.08,""weave_shear"":0.06}"
PKLSA_e7704504dff981,knot_9.1,9_1,knot,44,39,1,512,Knot-Atlas-Gilbert-Fourier-base-plus-SIAF-global-diffeomorphism,9:1:1,,"{""aspect"":1.12,""bulge_shear"":-0.08,""weave_shear"":0.2}"
PKLSA_8d7f73d55dd9ef,knot_9.1,9_1,knot,44,40,1,512,Knot-Atlas-Gilbert-Fourier-base-plus-SIAF-global-diffeomorphism,9:1:1,,"{""aspect"":1.12,""bulge_shear"":0.08,""weave_shear"":-0.2}"
PKLSA_51ddd8b83b601a,knot_9.1,9_1,knot,44,41,1,512,Knot-Atlas-Gilbert-Fourier-base-plus-SIAF-global-diffeomorphism,9:1:1,,"{""aspect"":1.12,""bulge_shear"":0.08,""weave_shear"":-0.06}"
PKLSA_cec258659c60f1,knot_9.1,9_1,knot,44,42,1,512,Knot-Atlas-Gilbert-Fourier-base-plus-SIAF-global-diffeomorphism,9:1:1,,"{""aspect"":1.12,""bulge_shear"":0.08,""weave_shear"":0.06}"
PKLSA_aa562b65471c0f,knot_9.1,9_1,knot,44,43,1,512,Knot-Atlas-Gilbert-Fourier-base-plus-SIAF-global-diffeomorphism,9:1:1,,"{""aspect"":1.12,""bulge_shear"":0.08,""weave_shear"":0.2}"
PKLSA_dd25385fae48e0,knot_9.1,9_1,knot,44,44,1,512,Knot-Atlas-Gilbert-Fourier-base-plus-SIAF-global-diffeomorphism,9:1:1,,"{""aspect"":1.12,""bulge_shear"":0.24,""weave_shear"":-0.2}"
PKLSA_a11390a34bb634,knot_9.1,9_1,knot,44,45,1,512,Knot-Atlas-Gilbert-Fourier-base-plus-SIAF-global-diffeomorphism,9:1:1,,"{""aspect"":1.12,""bulge_shear"":0.24,""weave_shear"":-0.06}"
PKLSA_7f276507ab596c,knot_9.1,9_1,knot,44,46,1,512,Knot-Atlas-Gilbert-Fourier-base-plus-SIAF-global-diffeomorphism,9:1:1,,"{""aspect"":1.12,""bulge_shear"":0.24,""weave_shear"":0.06}"
PKLSA_4b1e7680709e17,knot_9.1,9_1,knot,44,47,1,512,Knot-Atlas-Gilbert-Fourier-base-plus-SIAF-global-diffeomorphism,9:1:1,,"{""aspect"":1.12,""bulge_shear"":0.24,""weave_shear"":0.2}"
PKLSA_ef920e44595264,knot_9.2,9_2,knot,45,0,1,512,Knot-Atlas-Gilbert-Fourier-base-plus-SIAF-global-diffeomorphism,9:1:2,,"{""aspect"":0.88,""bulge_shear"":-0.24,""weave_shear"":-0.2}"
PKLSA_9b13210cfab44d,knot_9.2,9_2,knot,45,1,1,512,Knot-Atlas-Gilbert-Fourier-base-plus-SIAF-global-diffeomorphism,9:1:2,,"{""aspect"":0.88,""bulge_shear"":-0.24,""weave_shear"":-0.06}"
PKLSA_54b17f40f30cf4,knot_9.2,9_2,knot,45,2,1,512,Knot-Atlas-Gilbert-Fourier-base-plus-SIAF-global-diffeomorphism,9:1:2,,"{""aspect"":0.88,""bulge_shear"":-0.24,""weave_shear"":0.06}"
PKLSA_930efb014028ba,knot_9.2,9_2,knot,45,3,1,512,Knot-Atlas-Gilbert-Fourier-base-plus-SIAF-global-diffeomorphism,9:1:2,,"{""aspect"":0.88,""bulge_shear"":-0.24,""weave_shear"":0.2}"
PKLSA_01a0e7f7985eb5,knot_9.2,9_2,knot,45,4,1,512,Knot-Atlas-Gilbert-Fourier-base-plus-SIAF-global-diffeomorphism,9:1:2,,"{""aspect"":0.88,""bulge_shear"":-0.08,""weave_shear"":-0.2}"
PKLSA_777baccf106f26,knot_9.2,9_2,knot,45,5,1,512,Knot-Atlas-Gilbert-Fourier-base-plus-SIAF-global-diffeomorphism,9:1:2,,"{""aspect"":0.88,""bulge_shear"":-0.08,""weave_shear"":-0.06}"
PKLSA_8331f91f5dca6a,knot_9.2,9_2,knot,45,6,1,512,Knot-Atlas-Gilbert-Fourier-base-plus-SIAF-global-diffeomorphism,9:1:2,,"{""aspect"":0.88,""bulge_shear"":-0.08,""weave_shear"":0.06}"
PKLSA_bed10c55ad17e1,knot_9.2,9_2,knot,45,7,1,512,Knot-Atlas-Gilbert-Fourier-base-plus-SIAF-global-diffeomorphism,9:1:2,,"{""aspect"":0.88,""bulge_shear"":-0.08,""weave_shear"":0.2}"
PKLSA_3e10aa3db22b26,knot_9.2,9_2,knot,45,8,1,512,Knot-Atlas-Gilbert-Fourier-base-plus-SIAF-global-diffeomorphism,9:1:2,,"{""aspect"":0.88,""bulge_shear"":0.08,""weave_shear"":-0.2}"
PKLSA_c4f4669278485f,knot_9.2,9_2,knot,45,9,1,512,Knot-Atlas-Gilbert-Fourier-base-plus-SIAF-global-diffeomorphism,9:1:2,,"{""aspect"":0.88,""bulge_shear"":0.08,""weave_shear"":-0.06}"
PKLSA_20607dd980ae83,knot_9.2,9_2,knot,45,10,1,512,Knot-Atlas-Gilbert-Fourier-base-plus-SIAF-global-diffeomorphism,9:1:2,,"{""aspect"":0.88,""bulge_shear"":0.08,""weave_shear"":0.06}"
PKLSA_de3d19072b5985,knot_9.2,9_2,knot,45,11,1,512,Knot-Atlas-Gilbert-Fourier-base-plus-SIAF-global-diffeomorphism,9:1:2,,"{""aspect"":0.88,""bulge_shear"":0.08,""weave_shear"":0.2}"
PKLSA_b19cf50dbcf20b,knot_9.2,9_2,knot,45,12,1,512,Knot-Atlas-Gilbert-Fourier-base-plus-SIAF-global-diffeomorphism,9:1:2,,"{""aspect"":0.88,""bulge_shear"":0.24,""weave_shear"":-0.2}"
PKLSA_14c7430e45de17,knot_9.2,9_2,knot,45,13,1,512,Knot-Atlas-Gilbert-Fourier-base-plus-SIAF-global-diffeomorphism,9:1:2,,"{""aspect"":0.88,""bulge_shear"":0.24,""weave_shear"":-0.06}"
PKLSA_f1d50c7f79ad0d,knot_9.2,9_2,knot,45,14,1,512,Knot-Atlas-Gilbert-Fourier-base-plus-SIAF-global-diffeomorphism,9:1:2,,"{""aspect"":0.88,""bulge_shear"":0.24,""weave_shear"":0.06}"
PKLSA_30273d677bfa13,knot_9.2,9_2,knot,45,15,1,512,Knot-Atlas-Gilbert-Fourier-base-plus-SIAF-global-diffeomorphism,9:1:2,,"{""aspect"":0.88,""bulge_shear"":0.24,""weave_shear"":0.2}"
PKLSA_a03bebb06c8c65,knot_9.2,9_2,knot,45,16,1,512,Knot-Atlas-Gilbert-Fourier-base-plus-SIAF-global-diffeomorphism,9:1:2,,"{""aspect"":1.0,""bulge_shear"":-0.24,""weave_shear"":-0.2}"
PKLSA_2b5a2b2c926cd9,knot_9.2,9_2,knot,45,17,1,512,Knot-Atlas-Gilbert-Fourier-base-plus-SIAF-global-diffeomorphism,9:1:2,,"{""aspect"":1.0,""bulge_shear"":-0.24,""weave_shear"":-0.06}"
PKLSA_fc7ba50449c80a,knot_9.2,9_2,knot,45,18,1,512,Knot-Atlas-Gilbert-Fourier-base-plus-SIAF-global-diffeomorphism,9:1:2,,"{""aspect"":1.0,""bulge_shear"":-0.24,""weave_shear"":0.06}"
PKLSA_60fdb9e7bf79fe,knot_9.2,9_2,knot,45,19,1,512,Knot-Atlas-Gilbert-Fourier-base-plus-SIAF-global-diffeomorphism,9:1:2,,"{""aspect"":1.0,""bulge_shear"":-0.24,""weave_shear"":0.2}"
PKLSA_7994a2d0a50e2e,knot_9.2,9_2,knot,45,20,1,512,Knot-Atlas-Gilbert-Fourier-base-plus-SIAF-global-diffeomorphism,9:1:2,,"{""aspect"":1.0,""bulge_shear"":-0.08,""weave_shear"":-0.2}"
PKLSA_df2bf336c2298c,knot_9.2,9_2,knot,45,21,1,512,Knot-Atlas-Gilbert-Fourier-base-plus-SIAF-global-diffeomorphism,9:1:2,,"{""aspect"":1.0,""bulge_shear"":-0.08,""weave_shear"":-0.06}"
PKLSA_efff8151f1e277,knot_9.2,9_2,knot,45,22,1,512,Knot-Atlas-Gilbert-Fourier-base-plus-SIAF-global-diffeomorphism,9:1:2,,"{""aspect"":1.0,""bulge_shear"":-0.08,""weave_shear"":0.06}"
PKLSA_8dae92f5bcc30b,knot_9.2,9_2,knot,45,23,1,512,Knot-Atlas-Gilbert-Fourier-base-plus-SIAF-global-diffeomorphism,9:1:2,,"{""aspect"":1.0,""bulge_shear"":-0.08,""weave_shear"":0.2}"
PKLSA_7fdad0079a0da6,knot_9.2,9_2,knot,45,24,1,512,Knot-Atlas-Gilbert-Fourier-base-plus-SIAF-global-diffeomorphism,9:1:2,,"{""aspect"":1.0,""bulge_shear"":0.08,""weave_shear"":-0.2}"
PKLSA_50697819dc7d10,knot_9.2,9_2,knot,45,25,1,512,Knot-Atlas-Gilbert-Fourier-base-plus-SIAF-global-diffeomorphism,9:1:2,,"{""aspect"":1.0,""bulge_shear"":0.08,""weave_shear"":-0.06}"
PKLSA_0c667f47ab1b25,knot_9.2,9_2,knot,45,26,1,512,Knot-Atlas-Gilbert-Fourier-base-plus-SIAF-global-diffeomorphism,9:1:2,,"{""aspect"":1.0,""bulge_shear"":0.08,""weave_shear"":0.06}"
PKLSA_ded59151b2f0a0,knot_9.2,9_2,knot,45,27,1,512,Knot-Atlas-Gilbert-Fourier-base-plus-SIAF-global-diffeomorphism,9:1:2,,"{""aspect"":1.0,""bulge_shear"":0.08,""weave_shear"":0.2}"
PKLSA_afd2ee08529d18,knot_9.2,9_2,knot,45,28,1,512,Knot-Atlas-Gilbert-Fourier-base-plus-SIAF-global-diffeomorphism,9:1:2,,"{""aspect"":1.0,""bulge_shear"":0.24,""weave_shear"":-0.2}"
PKLSA_a40db1205ced3d,knot_9.2,9_2,knot,45,29,1,512,Knot-Atlas-Gilbert-Fourier-base-plus-SIAF-global-diffeomorphism,9:1:2,,"{""aspect"":1.0,""bulge_shear"":0.24,""weave_shear"":-0.06}"
PKLSA_6c9b94577ad33e,knot_9.2,9_2,knot,45,30,1,512,Knot-Atlas-Gilbert-Fourier-base-plus-SIAF-global-diffeomorphism,9:1:2,,"{""aspect"":1.0,""bulge_shear"":0.24,""weave_shear"":0.06}"
PKLSA_db31a1a29419ff,knot_9.2,9_2,knot,45,31,1,512,Knot-Atlas-Gilbert-Fourier-base-plus-SIAF-global-diffeomorphism,9:1:2,,"{""aspect"":1.0,""bulge_shear"":0.24,""weave_shear"":0.2}"
PKLSA_4b9e400ffebbfc,knot_9.2,9_2,knot,45,32,1,512,Knot-Atlas-Gilbert-Fourier-base-plus-SIAF-global-diffeomorphism,9:1:2,,"{""aspect"":1.12,""bulge_shear"":-0.24,""weave_shear"":-0.2}"
PKLSA_d78d82905907b2,knot_9.2,9_2,knot,45,33,1,512,Knot-Atlas-Gilbert-Fourier-base-plus-SIAF-global-diffeomorphism,9:1:2,,"{""aspect"":1.12,""bulge_shear"":-0.24,""weave_shear"":-0.06}"
PKLSA_e1c67914db1526,knot_9.2,9_2,knot,45,34,1,512,Knot-Atlas-Gilbert-Fourier-base-plus-SIAF-global-diffeomorphism,9:1:2,,"{""aspect"":1.12,""bulge_shear"":-0.24,""weave_shear"":0.06}"
PKLSA_d7eff13ac4f956,knot_9.2,9_2,knot,45,35,1,512,Knot-Atlas-Gilbert-Fourier-base-plus-SIAF-global-diffeomorphism,9:1:2,,"{""aspect"":1.12,""bulge_shear"":-0.24,""weave_shear"":0.2}"
PKLSA_ce5c1fc3c5f3d0,knot_9.2,9_2,knot,45,36,1,512,Knot-Atlas-Gilbert-Fourier-base-plus-SIAF-global-diffeomorphism,9:1:2,,"{""aspect"":1.12,""bulge_shear"":-0.08,""weave_shear"":-0.2}"
PKLSA_e67e495e39cc72,knot_9.2,9_2,knot,45,37,1,512,Knot-Atlas-Gilbert-Fourier-base-plus-SIAF-global-diffeomorphism,9:1:2,,"{""aspect"":1.12,""bulge_shear"":-0.08,""weave_shear"":-0.06}"
PKLSA_8330df97ce9daf,knot_9.2,9_2,knot,45,38,1,512,Knot-Atlas-Gilbert-Fourier-base-plus-SIAF-global-diffeomorphism,9:1:2,,"{""aspect"":1.12,""bulge_shear"":-0.08,""weave_shear"":0.06}"
PKLSA_fb79a67d2e76ea,knot_9.2,9_2,knot,45,39,1,512,Knot-Atlas-Gilbert-Fourier-base-plus-SIAF-global-diffeomorphism,9:1:2,,"{""aspect"":1.12,""bulge_shear"":-0.08,""weave_shear"":0.2}"
PKLSA_3e50b493fa1015,knot_9.2,9_2,knot,45,40,1,512,Knot-Atlas-Gilbert-Fourier-base-plus-SIAF-global-diffeomorphism,9:1:2,,"{""aspect"":1.12,""bulge_shear"":0.08,""weave_shear"":-0.2}"
PKLSA_962d97e7c450bb,knot_9.2,9_2,knot,45,41,1,512,Knot-Atlas-Gilbert-Fourier-base-plus-SIAF-global-diffeomorphism,9:1:2,,"{""aspect"":1.12,""bulge_shear"":0.08,""weave_shear"":-0.06}"
PKLSA_b8a03430447ca7,knot_9.2,9_2,knot,45,42,1,512,Knot-Atlas-Gilbert-Fourier-base-plus-SIAF-global-diffeomorphism,9:1:2,,"{""aspect"":1.12,""bulge_shear"":0.08,""weave_shear"":0.06}"
PKLSA_f52cc3c7b57ccd,knot_9.2,9_2,knot,45,43,1,512,Knot-Atlas-Gilbert-Fourier-base-plus-SIAF-global-diffeomorphism,9:1:2,,"{""aspect"":1.12,""bulge_shear"":0.08,""weave_shear"":0.2}"
PKLSA_35f6bf7bff035f,knot_9.2,9_2,knot,45,44,1,512,Knot-Atlas-Gilbert-Fourier-base-plus-SIAF-global-diffeomorphism,9:1:2,,"{""aspect"":1.12,""bulge_shear"":0.24,""weave_shear"":-0.2}"
PKLSA_3dbcc133cf2b85,knot_9.2,9_2,knot,45,45,1,512,Knot-Atlas-Gilbert-Fourier-base-plus-SIAF-global-diffeomorphism,9:1:2,,"{""aspect"":1.12,""bulge_shear"":0.24,""weave_shear"":-0.06}"
PKLSA_cc8a0fc03c85ac,knot_9.2,9_2,knot,45,46,1,512,Knot-Atlas-Gilbert-Fourier-base-plus-SIAF-global-diffeomorphism,9:1:2,,"{""aspect"":1.12,""bulge_shear"":0.24,""weave_shear"":0.06}"
PKLSA_58e8837000e70b,knot_9.2,9_2,knot,45,47,1,512,Knot-Atlas-Gilbert-Fourier-base-plus-SIAF-global-diffeomorphism,9:1:2,,"{""aspect"":1.12,""bulge_shear"":0.24,""weave_shear"":0.2}"
PKLSA_ac5719b4b6f976,link_9.2.20,9_2_20,link,46,0,2,512,Knot-Atlas-Gilbert-Fourier-base-plus-SIAF-global-diffeomorphism,L9a28,,"{""aspect"":0.88,""bulge_shear"":-0.24,""weave_shear"":-0.2}"
PKLSA_53aae4a12a594c,link_9.2.20,9_2_20,link,46,1,2,512,Knot-Atlas-Gilbert-Fourier-base-plus-SIAF-global-diffeomorphism,L9a28,,"{""aspect"":0.88,""bulge_shear"":-0.24,""weave_shear"":-0.06}"
PKLSA_24bbc9ef4ff6af,link_9.2.20,9_2_20,link,46,2,2,512,Knot-Atlas-Gilbert-Fourier-base-plus-SIAF-global-diffeomorphism,L9a28,,"{""aspect"":0.88,""bulge_shear"":-0.24,""weave_shear"":0.06}"
PKLSA_3519108406b1d1,link_9.2.20,9_2_20,link,46,3,2,512,Knot-Atlas-Gilbert-Fourier-base-plus-SIAF-global-diffeomorphism,L9a28,,"{""aspect"":0.88,""bulge_shear"":-0.24,""weave_shear"":0.2}"
PKLSA_e7855eb01543d6,link_9.2.20,9_2_20,link,46,4,2,512,Knot-Atlas-Gilbert-Fourier-base-plus-SIAF-global-diffeomorphism,L9a28,,"{""aspect"":0.88,""bulge_shear"":-0.08,""weave_shear"":-0.2}"
PKLSA_c3ccdcf8f6e32c,link_9.2.20,9_2_20,link,46,5,2,512,Knot-Atlas-Gilbert-Fourier-base-plus-SIAF-global-diffeomorphism,L9a28,,"{""aspect"":0.88,""bulge_shear"":-0.08,""weave_shear"":-0.06}"
PKLSA_e77247acd55976,link_9.2.20,9_2_20,link,46,6,2,512,Knot-Atlas-Gilbert-Fourier-base-plus-SIAF-global-diffeomorphism,L9a28,,"{""aspect"":0.88,""bulge_shear"":-0.08,""weave_shear"":0.06}"
PKLSA_89a8748fbc7016,link_9.2.20,9_2_20,link,46,7,2,512,Knot-Atlas-Gilbert-Fourier-base-plus-SIAF-global-diffeomorphism,L9a28,,"{""aspect"":0.88,""bulge_shear"":-0.08,""weave_shear"":0.2}"
PKLSA_41017a8263bf20,link_9.2.20,9_2_20,link,46,8,2,512,Knot-Atlas-Gilbert-Fourier-base-plus-SIAF-global-diffeomorphism,L9a28,,"{""aspect"":0.88,""bulge_shear"":0.08,""weave_shear"":-0.2}"
PKLSA_1d5546eae1f4a3,link_9.2.20,9_2_20,link,46,9,2,512,Knot-Atlas-Gilbert-Fourier-base-plus-SIAF-global-diffeomorphism,L9a28,,"{""aspect"":0.88,""bulge_shear"":0.08,""weave_shear"":-0.06}"
PKLSA_bcb71fd7377acf,link_9.2.20,9_2_20,link,46,10,2,512,Knot-Atlas-Gilbert-Fourier-base-plus-SIAF-global-diffeomorphism,L9a28,,"{""aspect"":0.88,""bulge_shear"":0.08,""weave_shear"":0.06}"
PKLSA_195feb73c59a93,link_9.2.20,9_2_20,link,46,11,2,512,Knot-Atlas-Gilbert-Fourier-base-plus-SIAF-global-diffeomorphism,L9a28,,"{""aspect"":0.88,""bulge_shear"":0.08,""weave_shear"":0.2}"
PKLSA_aa3c7b0c22da22,link_9.2.20,9_2_20,link,46,12,2,512,Knot-Atlas-Gilbert-Fourier-base-plus-SIAF-global-diffeomorphism,L9a28,,"{""aspect"":0.88,""bulge_shear"":0.24,""weave_shear"":-0.2}"
PKLSA_3f76c1bcf9261d,link_9.2.20,9_2_20,link,46,13,2,512,Knot-Atlas-Gilbert-Fourier-base-plus-SIAF-global-diffeomorphism,L9a28,,"{""aspect"":0.88,""bulge_shear"":0.24,""weave_shear"":-0.06}"
PKLSA_753ee0295469dd,link_9.2.20,9_2_20,link,46,14,2,512,Knot-Atlas-Gilbert-Fourier-base-plus-SIAF-global-diffeomorphism,L9a28,,"{""aspect"":0.88,""bulge_shear"":0.24,""weave_shear"":0.06}"
PKLSA_a6b9613ebdeae8,link_9.2.20,9_2_20,link,46,15,2,512,Knot-Atlas-Gilbert-Fourier-base-plus-SIAF-global-diffeomorphism,L9a28,,"{""aspect"":0.88,""bulge_shear"":0.24,""weave_shear"":0.2}"
PKLSA_66ed6baf3a0aa1,link_9.2.20,9_2_20,link,46,16,2,512,Knot-Atlas-Gilbert-Fourier-base-plus-SIAF-global-diffeomorphism,L9a28,,"{""aspect"":1.0,""bulge_shear"":-0.24,""weave_shear"":-0.2}"
PKLSA_8cff4c3beb89a7,link_9.2.20,9_2_20,link,46,17,2,512,Knot-Atlas-Gilbert-Fourier-base-plus-SIAF-global-diffeomorphism,L9a28,,"{""aspect"":1.0,""bulge_shear"":-0.24,""weave_shear"":-0.06}"
PKLSA_e4aad3b5486800,link_9.2.20,9_2_20,link,46,18,2,512,Knot-Atlas-Gilbert-Fourier-base-plus-SIAF-global-diffeomorphism,L9a28,,"{""aspect"":1.0,""bulge_shear"":-0.24,""weave_shear"":0.06}"
PKLSA_dca2f14dab32ea,link_9.2.20,9_2_20,link,46,19,2,512,Knot-Atlas-Gilbert-Fourier-base-plus-SIAF-global-diffeomorphism,L9a28,,"{""aspect"":1.0,""bulge_shear"":-0.24,""weave_shear"":0.2}"
PKLSA_364e309f9cc5e5,link_9.2.20,9_2_20,link,46,20,2,512,Knot-Atlas-Gilbert-Fourier-base-plus-SIAF-global-diffeomorphism,L9a28,,"{""aspect"":1.0,""bulge_shear"":-0.08,""weave_shear"":-0.2}"
PKLSA_94adc07af45436,link_9.2.20,9_2_20,link,46,21,2,512,Knot-Atlas-Gilbert-Fourier-base-plus-SIAF-global-diffeomorphism,L9a28,,"{""aspect"":1.0,""bulge_shear"":-0.08,""weave_shear"":-0.06}"
PKLSA_1ab41ab3b5e12b,link_9.2.20,9_2_20,link,46,22,2,512,Knot-Atlas-Gilbert-Fourier-base-plus-SIAF-global-diffeomorphism,L9a28,,"{""aspect"":1.0,""bulge_shear"":-0.08,""weave_shear"":0.06}"
PKLSA_828f8f704f7f24,link_9.2.20,9_2_20,link,46,23,2,512,Knot-Atlas-Gilbert-Fourier-base-plus-SIAF-global-diffeomorphism,L9a28,,"{""aspect"":1.0,""bulge_shear"":-0.08,""weave_shear"":0.2}"
PKLSA_a6437c09773bd5,link_9.2.20,9_2_20,link,46,24,2,512,Knot-Atlas-Gilbert-Fourier-base-plus-SIAF-global-diffeomorphism,L9a28,,"{""aspect"":1.0,""bulge_shear"":0.08,""weave_shear"":-0.2}"
PKLSA_6bb6c9993c04f5,link_9.2.20,9_2_20,link,46,25,2,512,Knot-Atlas-Gilbert-Fourier-base-plus-SIAF-global-diffeomorphism,L9a28,,"{""aspect"":1.0,""bulge_shear"":0.08,""weave_shear"":-0.06}"
PKLSA_af77751794292d,link_9.2.20,9_2_20,link,46,26,2,512,Knot-Atlas-Gilbert-Fourier-base-plus-SIAF-global-diffeomorphism,L9a28,,"{""aspect"":1.0,""bulge_shear"":0.08,""weave_shear"":0.06}"
PKLSA_4fceed86bdd842,link_9.2.20,9_2_20,link,46,27,2,512,Knot-Atlas-Gilbert-Fourier-base-plus-SIAF-global-diffeomorphism,L9a28,,"{""aspect"":1.0,""bulge_shear"":0.08,""weave_shear"":0.2}"
PKLSA_58423bda4d4542,link_9.2.20,9_2_20,link,46,28,2,512,Knot-Atlas-Gilbert-Fourier-base-plus-SIAF-global-diffeomorphism,L9a28,,"{""aspect"":1.0,""bulge_shear"":0.24,""weave_shear"":-0.2}"
PKLSA_f2d3cbc09429ed,link_9.2.20,9_2_20,link,46,29,2,512,Knot-Atlas-Gilbert-Fourier-base-plus-SIAF-global-diffeomorphism,L9a28,,"{""aspect"":1.0,""bulge_shear"":0.24,""weave_shear"":-0.06}"
PKLSA_c4f1899c701759,link_9.2.20,9_2_20,link,46,30,2,512,Knot-Atlas-Gilbert-Fourier-base-plus-SIAF-global-diffeomorphism,L9a28,,"{""aspect"":1.0,""bulge_shear"":0.24,""weave_shear"":0.06}"
PKLSA_ff08730cb1564c,link_9.2.20,9_2_20,link,46,31,2,512,Knot-Atlas-Gilbert-Fourier-base-plus-SIAF-global-diffeomorphism,L9a28,,"{""aspect"":1.0,""bulge_shear"":0.24,""weave_shear"":0.2}"
PKLSA_10fd659e72e21a,link_9.2.20,9_2_20,link,46,32,2,512,Knot-Atlas-Gilbert-Fourier-base-plus-SIAF-global-diffeomorphism,L9a28,,"{""aspect"":1.12,""bulge_shear"":-0.24,""weave_shear"":-0.2}"
PKLSA_dff049fec310a2,link_9.2.20,9_2_20,link,46,33,2,512,Knot-Atlas-Gilbert-Fourier-base-plus-SIAF-global-diffeomorphism,L9a28,,"{""aspect"":1.12,""bulge_shear"":-0.24,""weave_shear"":-0.06}"
PKLSA_70b308e2c018cf,link_9.2.20,9_2_20,link,46,34,2,512,Knot-Atlas-Gilbert-Fourier-base-plus-SIAF-global-diffeomorphism,L9a28,,"{""aspect"":1.12,""bulge_shear"":-0.24,""weave_shear"":0.06}"
PKLSA_f7eb0f9729d835,link_9.2.20,9_2_20,link,46,35,2,512,Knot-Atlas-Gilbert-Fourier-base-plus-SIAF-global-diffeomorphism,L9a28,,"{""aspect"":1.12,""bulge_shear"":-0.24,""weave_shear"":0.2}"
PKLSA_3b5fb7487fdaf2,link_9.2.20,9_2_20,link,46,36,2,512,Knot-Atlas-Gilbert-Fourier-base-plus-SIAF-global-diffeomorphism,L9a28,,"{""aspect"":1.12,""bulge_shear"":-0.08,""weave_shear"":-0.2}"
PKLSA_85c1be915e86cf,link_9.2.20,9_2_20,link,46,37,2,512,Knot-Atlas-Gilbert-Fourier-base-plus-SIAF-global-diffeomorphism,L9a28,,"{""aspect"":1.12,""bulge_shear"":-0.08,""weave_shear"":-0.06}"
PKLSA_9b9b5ebe2b2bde,link_9.2.20,9_2_20,link,46,38,2,512,Knot-Atlas-Gilbert-Fourier-base-plus-SIAF-global-diffeomorphism,L9a28,,"{""aspect"":1.12,""bulge_shear"":-0.08,""weave_shear"":0.06}"
PKLSA_9fa5286d0bbd89,link_9.2.20,9_2_20,link,46,39,2,512,Knot-Atlas-Gilbert-Fourier-base-plus-SIAF-global-diffeomorphism,L9a28,,"{""aspect"":1.12,""bulge_shear"":-0.08,""weave_shear"":0.2}"
PKLSA_d26320af3b31a6,link_9.2.20,9_2_20,link,46,40,2,512,Knot-Atlas-Gilbert-Fourier-base-plus-SIAF-global-diffeomorphism,L9a28,,"{""aspect"":1.12,""bulge_shear"":0.08,""weave_shear"":-0.2}"
PKLSA_3035f208d66927,link_9.2.20,9_2_20,link,46,41,2,512,Knot-Atlas-Gilbert-Fourier-base-plus-SIAF-global-diffeomorphism,L9a28,,"{""aspect"":1.12,""bulge_shear"":0.08,""weave_shear"":-0.06}"
PKLSA_f78894026da20f,link_9.2.20,9_2_20,link,46,42,2,512,Knot-Atlas-Gilbert-Fourier-base-plus-SIAF-global-diffeomorphism,L9a28,,"{""aspect"":1.12,""bulge_shear"":0.08,""weave_shear"":0.06}"
PKLSA_61987f67e97a04,link_9.2.20,9_2_20,link,46,43,2,512,Knot-Atlas-Gilbert-Fourier-base-plus-SIAF-global-diffeomorphism,L9a28,,"{""aspect"":1.12,""bulge_shear"":0.08,""weave_shear"":0.2}"
PKLSA_da50d17bee0aaa,link_9.2.20,9_2_20,link,46,44,2,512,Knot-Atlas-Gilbert-Fourier-base-plus-SIAF-global-diffeomorphism,L9a28,,"{""aspect"":1.12,""bulge_shear"":0.24,""weave_shear"":-0.2}"
PKLSA_b46977401096f3,link_9.2.20,9_2_20,link,46,45,2,512,Knot-Atlas-Gilbert-Fourier-base-plus-SIAF-global-diffeomorphism,L9a28,,"{""aspect"":1.12,""bulge_shear"":0.24,""weave_shear"":-0.06}"
PKLSA_60a601aeb8f27b,link_9.2.20,9_2_20,link,46,46,2,512,Knot-Atlas-Gilbert-Fourier-base-plus-SIAF-global-diffeomorphism,L9a28,,"{""aspect"":1.12,""bulge_shear"":0.24,""weave_shear"":0.06}"
PKLSA_f247720ab1a019,link_9.2.20,9_2_20,link,46,47,2,512,Knot-Atlas-Gilbert-Fourier-base-plus-SIAF-global-diffeomorphism,L9a28,,"{""aspect"":1.12,""bulge_shear"":0.24,""weave_shear"":0.2}"
PKLSA_9656c65d494097,link_9.2.40,9_2_40,link,47,0,2,512,Knot-Atlas-Gilbert-Fourier-base-plus-SIAF-global-diffeomorphism,L9a32,,"{""aspect"":0.88,""bulge_shear"":-0.24,""weave_shear"":-0.2}"
PKLSA_14599b2e8e9fbd,link_9.2.40,9_2_40,link,47,1,2,512,Knot-Atlas-Gilbert-Fourier-base-plus-SIAF-global-diffeomorphism,L9a32,,"{""aspect"":0.88,""bulge_shear"":-0.24,""weave_shear"":-0.06}"
PKLSA_3e5846b04192ff,link_9.2.40,9_2_40,link,47,2,2,512,Knot-Atlas-Gilbert-Fourier-base-plus-SIAF-global-diffeomorphism,L9a32,,"{""aspect"":0.88,""bulge_shear"":-0.24,""weave_shear"":0.06}"
PKLSA_c58fd340492e2c,link_9.2.40,9_2_40,link,47,3,2,512,Knot-Atlas-Gilbert-Fourier-base-plus-SIAF-global-diffeomorphism,L9a32,,"{""aspect"":0.88,""bulge_shear"":-0.24,""weave_shear"":0.2}"
PKLSA_ea877c81052a30,link_9.2.40,9_2_40,link,47,4,2,512,Knot-Atlas-Gilbert-Fourier-base-plus-SIAF-global-diffeomorphism,L9a32,,"{""aspect"":0.88,""bulge_shear"":-0.08,""weave_shear"":-0.2}"
PKLSA_4b6b40bfe8ed58,link_9.2.40,9_2_40,link,47,5,2,512,Knot-Atlas-Gilbert-Fourier-base-plus-SIAF-global-diffeomorphism,L9a32,,"{""aspect"":0.88,""bulge_shear"":-0.08,""weave_shear"":-0.06}"
PKLSA_2503aa651a5021,link_9.2.40,9_2_40,link,47,6,2,512,Knot-Atlas-Gilbert-Fourier-base-plus-SIAF-global-diffeomorphism,L9a32,,"{""aspect"":0.88,""bulge_shear"":-0.08,""weave_shear"":0.06}"
PKLSA_b66d359aef5803,link_9.2.40,9_2_40,link,47,7,2,512,Knot-Atlas-Gilbert-Fourier-base-plus-SIAF-global-diffeomorphism,L9a32,,"{""aspect"":0.88,""bulge_shear"":-0.08,""weave_shear"":0.2}"
PKLSA_b29343ab2ea490,link_9.2.40,9_2_40,link,47,8,2,512,Knot-Atlas-Gilbert-Fourier-base-plus-SIAF-global-diffeomorphism,L9a32,,"{""aspect"":0.88,""bulge_shear"":0.08,""weave_shear"":-0.2}"
PKLSA_c6d2fdeb813fba,link_9.2.40,9_2_40,link,47,9,2,512,Knot-Atlas-Gilbert-Fourier-base-plus-SIAF-global-diffeomorphism,L9a32,,"{""aspect"":0.88,""bulge_shear"":0.08,""weave_shear"":-0.06}"
PKLSA_fb167554fdd9cb,link_9.2.40,9_2_40,link,47,10,2,512,Knot-Atlas-Gilbert-Fourier-base-plus-SIAF-global-diffeomorphism,L9a32,,"{""aspect"":0.88,""bulge_shear"":0.08,""weave_shear"":0.06}"
PKLSA_4fd641b97ff438,link_9.2.40,9_2_40,link,47,11,2,512,Knot-Atlas-Gilbert-Fourier-base-plus-SIAF-global-diffeomorphism,L9a32,,"{""aspect"":0.88,""bulge_shear"":0.08,""weave_shear"":0.2}"
PKLSA_93b84199242a35,link_9.2.40,9_2_40,link,47,12,2,512,Knot-Atlas-Gilbert-Fourier-base-plus-SIAF-global-diffeomorphism,L9a32,,"{""aspect"":0.88,""bulge_shear"":0.24,""weave_shear"":-0.2}"
PKLSA_ede932e37523ac,link_9.2.40,9_2_40,link,47,13,2,512,Knot-Atlas-Gilbert-Fourier-base-plus-SIAF-global-diffeomorphism,L9a32,,"{""aspect"":0.88,""bulge_shear"":0.24,""weave_shear"":-0.06}"
PKLSA_2c224e73db4df4,link_9.2.40,9_2_40,link,47,14,2,512,Knot-Atlas-Gilbert-Fourier-base-plus-SIAF-global-diffeomorphism,L9a32,,"{""aspect"":0.88,""bulge_shear"":0.24,""weave_shear"":0.06}"
PKLSA_ef86425aacd5b4,link_9.2.40,9_2_40,link,47,15,2,512,Knot-Atlas-Gilbert-Fourier-base-plus-SIAF-global-diffeomorphism,L9a32,,"{""aspect"":0.88,""bulge_shear"":0.24,""weave_shear"":0.2}"
PKLSA_100eb4788f50ad,link_9.2.40,9_2_40,link,47,16,2,512,Knot-Atlas-Gilbert-Fourier-base-plus-SIAF-global-diffeomorphism,L9a32,,"{""aspect"":1.0,""bulge_shear"":-0.24,""weave_shear"":-0.2}"
PKLSA_73f8065186cb03,link_9.2.40,9_2_40,link,47,17,2,512,Knot-Atlas-Gilbert-Fourier-base-plus-SIAF-global-diffeomorphism,L9a32,,"{""aspect"":1.0,""bulge_shear"":-0.24,""weave_shear"":-0.06}"
PKLSA_ca1e300af42022,link_9.2.40,9_2_40,link,47,18,2,512,Knot-Atlas-Gilbert-Fourier-base-plus-SIAF-global-diffeomorphism,L9a32,,"{""aspect"":1.0,""bulge_shear"":-0.24,""weave_shear"":0.06}"
PKLSA_c1f6b638e62192,link_9.2.40,9_2_40,link,47,19,2,512,Knot-Atlas-Gilbert-Fourier-base-plus-SIAF-global-diffeomorphism,L9a32,,"{""aspect"":1.0,""bulge_shear"":-0.24,""weave_shear"":0.2}"
PKLSA_c06744d3096de5,link_9.2.40,9_2_40,link,47,20,2,512,Knot-Atlas-Gilbert-Fourier-base-plus-SIAF-global-diffeomorphism,L9a32,,"{""aspect"":1.0,""bulge_shear"":-0.08,""weave_shear"":-0.2}"
PKLSA_158f8b9fa2d97e,link_9.2.40,9_2_40,link,47,21,2,512,Knot-Atlas-Gilbert-Fourier-base-plus-SIAF-global-diffeomorphism,L9a32,,"{""aspect"":1.0,""bulge_shear"":-0.08,""weave_shear"":-0.06}"
PKLSA_6163e4215a7611,link_9.2.40,9_2_40,link,47,22,2,512,Knot-Atlas-Gilbert-Fourier-base-plus-SIAF-global-diffeomorphism,L9a32,,"{""aspect"":1.0,""bulge_shear"":-0.08,""weave_shear"":0.06}"
PKLSA_6a678a731d0418,link_9.2.40,9_2_40,link,47,23,2,512,Knot-Atlas-Gilbert-Fourier-base-plus-SIAF-global-diffeomorphism,L9a32,,"{""aspect"":1.0,""bulge_shear"":-0.08,""weave_shear"":0.2}"
PKLSA_4158469fb30845,link_9.2.40,9_2_40,link,47,24,2,512,Knot-Atlas-Gilbert-Fourier-base-plus-SIAF-global-diffeomorphism,L9a32,,"{""aspect"":1.0,""bulge_shear"":0.08,""weave_shear"":-0.2}"
PKLSA_be967847c5f6bb,link_9.2.40,9_2_40,link,47,25,2,512,Knot-Atlas-Gilbert-Fourier-base-plus-SIAF-global-diffeomorphism,L9a32,,"{""aspect"":1.0,""bulge_shear"":0.08,""weave_shear"":-0.06}"
PKLSA_b7b735a9853abb,link_9.2.40,9_2_40,link,47,26,2,512,Knot-Atlas-Gilbert-Fourier-base-plus-SIAF-global-diffeomorphism,L9a32,,"{""aspect"":1.0,""bulge_shear"":0.08,""weave_shear"":0.06}"
PKLSA_34b7cde43dceef,link_9.2.40,9_2_40,link,47,27,2,512,Knot-Atlas-Gilbert-Fourier-base-plus-SIAF-global-diffeomorphism,L9a32,,"{""aspect"":1.0,""bulge_shear"":0.08,""weave_shear"":0.2}"
PKLSA_e593d8fb33d474,link_9.2.40,9_2_40,link,47,28,2,512,Knot-Atlas-Gilbert-Fourier-base-plus-SIAF-global-diffeomorphism,L9a32,,"{""aspect"":1.0,""bulge_shear"":0.24,""weave_shear"":-0.2}"
PKLSA_a76c0718a77ea3,link_9.2.40,9_2_40,link,47,29,2,512,Knot-Atlas-Gilbert-Fourier-base-plus-SIAF-global-diffeomorphism,L9a32,,"{""aspect"":1.0,""bulge_shear"":0.24,""weave_shear"":-0.06}"
PKLSA_76d191c39d6132,link_9.2.40,9_2_40,link,47,30,2,512,Knot-Atlas-Gilbert-Fourier-base-plus-SIAF-global-diffeomorphism,L9a32,,"{""aspect"":1.0,""bulge_shear"":0.24,""weave_shear"":0.06}"
PKLSA_aa95405c97d24d,link_9.2.40,9_2_40,link,47,31,2,512,Knot-Atlas-Gilbert-Fourier-base-plus-SIAF-global-diffeomorphism,L9a32,,"{""aspect"":1.0,""bulge_shear"":0.24,""weave_shear"":0.2}"
PKLSA_ced845dfd1b765,link_9.2.40,9_2_40,link,47,32,2,512,Knot-Atlas-Gilbert-Fourier-base-plus-SIAF-global-diffeomorphism,L9a32,,"{""aspect"":1.12,""bulge_shear"":-0.24,""weave_shear"":-0.2}"
PKLSA_0e5e50a569fdc0,link_9.2.40,9_2_40,link,47,33,2,512,Knot-Atlas-Gilbert-Fourier-base-plus-SIAF-global-diffeomorphism,L9a32,,"{""aspect"":1.12,""bulge_shear"":-0.24,""weave_shear"":-0.06}"
PKLSA_9f4f9beaad50c7,link_9.2.40,9_2_40,link,47,34,2,512,Knot-Atlas-Gilbert-Fourier-base-plus-SIAF-global-diffeomorphism,L9a32,,"{""aspect"":1.12,""bulge_shear"":-0.24,""weave_shear"":0.06}"
PKLSA_1ce4324e6e402a,link_9.2.40,9_2_40,link,47,35,2,512,Knot-Atlas-Gilbert-Fourier-base-plus-SIAF-global-diffeomorphism,L9a32,,"{""aspect"":1.12,""bulge_shear"":-0.24,""weave_shear"":0.2}"
PKLSA_543055c85ade90,link_9.2.40,9_2_40,link,47,36,2,512,Knot-Atlas-Gilbert-Fourier-base-plus-SIAF-global-diffeomorphism,L9a32,,"{""aspect"":1.12,""bulge_shear"":-0.08,""weave_shear"":-0.2}"
PKLSA_59505543a420d7,link_9.2.40,9_2_40,link,47,37,2,512,Knot-Atlas-Gilbert-Fourier-base-plus-SIAF-global-diffeomorphism,L9a32,,"{""aspect"":1.12,""bulge_shear"":-0.08,""weave_shear"":-0.06}"
PKLSA_4c48a35b6d3a3a,link_9.2.40,9_2_40,link,47,38,2,512,Knot-Atlas-Gilbert-Fourier-base-plus-SIAF-global-diffeomorphism,L9a32,,"{""aspect"":1.12,""bulge_shear"":-0.08,""weave_shear"":0.06}"
PKLSA_72a9976c0820cc,link_9.2.40,9_2_40,link,47,39,2,512,Knot-Atlas-Gilbert-Fourier-base-plus-SIAF-global-diffeomorphism,L9a32,,"{""aspect"":1.12,""bulge_shear"":-0.08,""weave_shear"":0.2}"
PKLSA_9538332da91b40,link_9.2.40,9_2_40,link,47,40,2,512,Knot-Atlas-Gilbert-Fourier-base-plus-SIAF-global-diffeomorphism,L9a32,,"{""aspect"":1.12,""bulge_shear"":0.08,""weave_shear"":-0.2}"
PKLSA_054e7113e330d0,link_9.2.40,9_2_40,link,47,41,2,512,Knot-Atlas-Gilbert-Fourier-base-plus-SIAF-global-diffeomorphism,L9a32,,"{""aspect"":1.12,""bulge_shear"":0.08,""weave_shear"":-0.06}"
PKLSA_76a4cfc2227ea7,link_9.2.40,9_2_40,link,47,42,2,512,Knot-Atlas-Gilbert-Fourier-base-plus-SIAF-global-diffeomorphism,L9a32,,"{""aspect"":1.12,""bulge_shear"":0.08,""weave_shear"":0.06}"
PKLSA_c3f07d6c50f45e,link_9.2.40,9_2_40,link,47,43,2,512,Knot-Atlas-Gilbert-Fourier-base-plus-SIAF-global-diffeomorphism,L9a32,,"{""aspect"":1.12,""bulge_shear"":0.08,""weave_shear"":0.2}"
PKLSA_8c7a1156a690f5,link_9.2.40,9_2_40,link,47,44,2,512,Knot-Atlas-Gilbert-Fourier-base-plus-SIAF-global-diffeomorphism,L9a32,,"{""aspect"":1.12,""bulge_shear"":0.24,""weave_shear"":-0.2}"
PKLSA_8d9b40a928fea4,link_9.2.40,9_2_40,link,47,45,2,512,Knot-Atlas-Gilbert-Fourier-base-plus-SIAF-global-diffeomorphism,L9a32,,"{""aspect"":1.12,""bulge_shear"":0.24,""weave_shear"":-0.06}"
PKLSA_3427b00ca85737,link_9.2.40,9_2_40,link,47,46,2,512,Knot-Atlas-Gilbert-Fourier-base-plus-SIAF-global-diffeomorphism,L9a32,,"{""aspect"":1.12,""bulge_shear"":0.24,""weave_shear"":0.06}"
PKLSA_6056b49991144e,link_9.2.40,9_2_40,link,47,47,2,512,Knot-Atlas-Gilbert-Fourier-base-plus-SIAF-global-diffeomorphism,L9a32,,"{""aspect"":1.12,""bulge_shear"":0.24,""weave_shear"":0.2}"
PKLSA_76445cac775826,knot_9.35,9_35,knot,48,0,1,512,Knot-Atlas-Gilbert-Fourier-base-plus-SIAF-global-diffeomorphism,9:1:35,,"{""aspect"":0.88,""bulge_shear"":-0.24,""weave_shear"":-0.2}"
PKLSA_5b924661bf948c,knot_9.35,9_35,knot,48,1,1,512,Knot-Atlas-Gilbert-Fourier-base-plus-SIAF-global-diffeomorphism,9:1:35,,"{""aspect"":0.88,""bulge_shear"":-0.24,""weave_shear"":-0.06}"
PKLSA_1e18121b38fa89,knot_9.35,9_35,knot,48,2,1,512,Knot-Atlas-Gilbert-Fourier-base-plus-SIAF-global-diffeomorphism,9:1:35,,"{""aspect"":0.88,""bulge_shear"":-0.24,""weave_shear"":0.06}"
PKLSA_7f7349149c0cf5,knot_9.35,9_35,knot,48,3,1,512,Knot-Atlas-Gilbert-Fourier-base-plus-SIAF-global-diffeomorphism,9:1:35,,"{""aspect"":0.88,""bulge_shear"":-0.24,""weave_shear"":0.2}"
PKLSA_e7da178efb9a8d,knot_9.35,9_35,knot,48,4,1,512,Knot-Atlas-Gilbert-Fourier-base-plus-SIAF-global-diffeomorphism,9:1:35,,"{""aspect"":0.88,""bulge_shear"":-0.08,""weave_shear"":-0.2}"
PKLSA_e4387f708ee60a,knot_9.35,9_35,knot,48,5,1,512,Knot-Atlas-Gilbert-Fourier-base-plus-SIAF-global-diffeomorphism,9:1:35,,"{""aspect"":0.88,""bulge_shear"":-0.08,""weave_shear"":-0.06}"
PKLSA_4c3422a6264d7a,knot_9.35,9_35,knot,48,6,1,512,Knot-Atlas-Gilbert-Fourier-base-plus-SIAF-global-diffeomorphism,9:1:35,,"{""aspect"":0.88,""bulge_shear"":-0.08,""weave_shear"":0.06}"
PKLSA_fd77d214fdabe8,knot_9.35,9_35,knot,48,7,1,512,Knot-Atlas-Gilbert-Fourier-base-plus-SIAF-global-diffeomorphism,9:1:35,,"{""aspect"":0.88,""bulge_shear"":-0.08,""weave_shear"":0.2}"
PKLSA_9f4a9ef95b34c6,knot_9.35,9_35,knot,48,8,1,512,Knot-Atlas-Gilbert-Fourier-base-plus-SIAF-global-diffeomorphism,9:1:35,,"{""aspect"":0.88,""bulge_shear"":0.08,""weave_shear"":-0.2}"
PKLSA_ddb223402717cf,knot_9.35,9_35,knot,48,9,1,512,Knot-Atlas-Gilbert-Fourier-base-plus-SIAF-global-diffeomorphism,9:1:35,,"{""aspect"":0.88,""bulge_shear"":0.08,""weave_shear"":-0.06}"
PKLSA_e0bc8d964b4465,knot_9.35,9_35,knot,48,10,1,512,Knot-Atlas-Gilbert-Fourier-base-plus-SIAF-global-diffeomorphism,9:1:35,,"{""aspect"":0.88,""bulge_shear"":0.08,""weave_shear"":0.06}"
PKLSA_03cf04b4cddac1,knot_9.35,9_35,knot,48,11,1,512,Knot-Atlas-Gilbert-Fourier-base-plus-SIAF-global-diffeomorphism,9:1:35,,"{""aspect"":0.88,""bulge_shear"":0.08,""weave_shear"":0.2}"
PKLSA_a56bbe68adb02f,knot_9.35,9_35,knot,48,12,1,512,Knot-Atlas-Gilbert-Fourier-base-plus-SIAF-global-diffeomorphism,9:1:35,,"{""aspect"":0.88,""bulge_shear"":0.24,""weave_shear"":-0.2}"
PKLSA_63da752aacd863,knot_9.35,9_35,knot,48,13,1,512,Knot-Atlas-Gilbert-Fourier-base-plus-SIAF-global-diffeomorphism,9:1:35,,"{""aspect"":0.88,""bulge_shear"":0.24,""weave_shear"":-0.06}"
PKLSA_087d0ecd70d875,knot_9.35,9_35,knot,48,14,1,512,Knot-Atlas-Gilbert-Fourier-base-plus-SIAF-global-diffeomorphism,9:1:35,,"{""aspect"":0.88,""bulge_shear"":0.24,""weave_shear"":0.06}"
PKLSA_eb72f50c13d085,knot_9.35,9_35,knot,48,15,1,512,Knot-Atlas-Gilbert-Fourier-base-plus-SIAF-global-diffeomorphism,9:1:35,,"{""aspect"":0.88,""bulge_shear"":0.24,""weave_shear"":0.2}"
PKLSA_5799b6550f3c24,knot_9.35,9_35,knot,48,16,1,512,Knot-Atlas-Gilbert-Fourier-base-plus-SIAF-global-diffeomorphism,9:1:35,,"{""aspect"":1.0,""bulge_shear"":-0.24,""weave_shear"":-0.2}"
PKLSA_c4db0bf69b8f3f,knot_9.35,9_35,knot,48,17,1,512,Knot-Atlas-Gilbert-Fourier-base-plus-SIAF-global-diffeomorphism,9:1:35,,"{""aspect"":1.0,""bulge_shear"":-0.24,""weave_shear"":-0.06}"
PKLSA_2b35ea929593f3,knot_9.35,9_35,knot,48,18,1,512,Knot-Atlas-Gilbert-Fourier-base-plus-SIAF-global-diffeomorphism,9:1:35,,"{""aspect"":1.0,""bulge_shear"":-0.24,""weave_shear"":0.06}"
PKLSA_5acd63f463cfad,knot_9.35,9_35,knot,48,19,1,512,Knot-Atlas-Gilbert-Fourier-base-plus-SIAF-global-diffeomorphism,9:1:35,,"{""aspect"":1.0,""bulge_shear"":-0.24,""weave_shear"":0.2}"
PKLSA_674d03d8f9d687,knot_9.35,9_35,knot,48,20,1,512,Knot-Atlas-Gilbert-Fourier-base-plus-SIAF-global-diffeomorphism,9:1:35,,"{""aspect"":1.0,""bulge_shear"":-0.08,""weave_shear"":-0.2}"
PKLSA_20915176224759,knot_9.35,9_35,knot,48,21,1,512,Knot-Atlas-Gilbert-Fourier-base-plus-SIAF-global-diffeomorphism,9:1:35,,"{""aspect"":1.0,""bulge_shear"":-0.08,""weave_shear"":-0.06}"
PKLSA_d59fd846b570e5,knot_9.35,9_35,knot,48,22,1,512,Knot-Atlas-Gilbert-Fourier-base-plus-SIAF-global-diffeomorphism,9:1:35,,"{""aspect"":1.0,""bulge_shear"":-0.08,""weave_shear"":0.06}"
PKLSA_c3070b9c9458dc,knot_9.35,9_35,knot,48,23,1,512,Knot-Atlas-Gilbert-Fourier-base-plus-SIAF-global-diffeomorphism,9:1:35,,"{""aspect"":1.0,""bulge_shear"":-0.08,""weave_shear"":0.2}"
PKLSA_4cc4971ebd98c1,knot_9.35,9_35,knot,48,24,1,512,Knot-Atlas-Gilbert-Fourier-base-plus-SIAF-global-diffeomorphism,9:1:35,,"{""aspect"":1.0,""bulge_shear"":0.08,""weave_shear"":-0.2}"
PKLSA_da8ed7aab718dc,knot_9.35,9_35,knot,48,25,1,512,Knot-Atlas-Gilbert-Fourier-base-plus-SIAF-global-diffeomorphism,9:1:35,,"{""aspect"":1.0,""bulge_shear"":0.08,""weave_shear"":-0.06}"
PKLSA_3c62336900e564,knot_9.35,9_35,knot,48,26,1,512,Knot-Atlas-Gilbert-Fourier-base-plus-SIAF-global-diffeomorphism,9:1:35,,"{""aspect"":1.0,""bulge_shear"":0.08,""weave_shear"":0.06}"
PKLSA_d34bb51dca0f88,knot_9.35,9_35,knot,48,27,1,512,Knot-Atlas-Gilbert-Fourier-base-plus-SIAF-global-diffeomorphism,9:1:35,,"{""aspect"":1.0,""bulge_shear"":0.08,""weave_shear"":0.2}"
PKLSA_6e6ee1279aebd9,knot_9.35,9_35,knot,48,28,1,512,Knot-Atlas-Gilbert-Fourier-base-plus-SIAF-global-diffeomorphism,9:1:35,,"{""aspect"":1.0,""bulge_shear"":0.24,""weave_shear"":-0.2}"
PKLSA_4b120388025c24,knot_9.35,9_35,knot,48,29,1,512,Knot-Atlas-Gilbert-Fourier-base-plus-SIAF-global-diffeomorphism,9:1:35,,"{""aspect"":1.0,""bulge_shear"":0.24,""weave_shear"":-0.06}"
PKLSA_5441028e92333b,knot_9.35,9_35,knot,48,30,1,512,Knot-Atlas-Gilbert-Fourier-base-plus-SIAF-global-diffeomorphism,9:1:35,,"{""aspect"":1.0,""bulge_shear"":0.24,""weave_shear"":0.06}"
PKLSA_3a5ba022a4d116,knot_9.35,9_35,knot,48,31,1,512,Knot-Atlas-Gilbert-Fourier-base-plus-SIAF-global-diffeomorphism,9:1:35,,"{""aspect"":1.0,""bulge_shear"":0.24,""weave_shear"":0.2}"
PKLSA_d7645a6d017db7,knot_9.35,9_35,knot,48,32,1,512,Knot-Atlas-Gilbert-Fourier-base-plus-SIAF-global-diffeomorphism,9:1:35,,"{""aspect"":1.12,""bulge_shear"":-0.24,""weave_shear"":-0.2}"
PKLSA_23f22266fbbf91,knot_9.35,9_35,knot,48,33,1,512,Knot-Atlas-Gilbert-Fourier-base-plus-SIAF-global-diffeomorphism,9:1:35,,"{""aspect"":1.12,""bulge_shear"":-0.24,""weave_shear"":-0.06}"
PKLSA_a31a238ae52082,knot_9.35,9_35,knot,48,34,1,512,Knot-Atlas-Gilbert-Fourier-base-plus-SIAF-global-diffeomorphism,9:1:35,,"{""aspect"":1.12,""bulge_shear"":-0.24,""weave_shear"":0.06}"
PKLSA_558075f7e3b513,knot_9.35,9_35,knot,48,35,1,512,Knot-Atlas-Gilbert-Fourier-base-plus-SIAF-global-diffeomorphism,9:1:35,,"{""aspect"":1.12,""bulge_shear"":-0.24,""weave_shear"":0.2}"
PKLSA_89938d924a53c7,knot_9.35,9_35,knot,48,36,1,512,Knot-Atlas-Gilbert-Fourier-base-plus-SIAF-global-diffeomorphism,9:1:35,,"{""aspect"":1.12,""bulge_shear"":-0.08,""weave_shear"":-0.2}"
PKLSA_bd040f02000ad5,knot_9.35,9_35,knot,48,37,1,512,Knot-Atlas-Gilbert-Fourier-base-plus-SIAF-global-diffeomorphism,9:1:35,,"{""aspect"":1.12,""bulge_shear"":-0.08,""weave_shear"":-0.06}"
PKLSA_dc0f9aed822782,knot_9.35,9_35,knot,48,38,1,512,Knot-Atlas-Gilbert-Fourier-base-plus-SIAF-global-diffeomorphism,9:1:35,,"{""aspect"":1.12,""bulge_shear"":-0.08,""weave_shear"":0.06}"
PKLSA_3628a1f5de60d6,knot_9.35,9_35,knot,48,39,1,512,Knot-Atlas-Gilbert-Fourier-base-plus-SIAF-global-diffeomorphism,9:1:35,,"{""aspect"":1.12,""bulge_shear"":-0.08,""weave_shear"":0.2}"
PKLSA_44650b2501da35,knot_9.35,9_35,knot,48,40,1,512,Knot-Atlas-Gilbert-Fourier-base-plus-SIAF-global-diffeomorphism,9:1:35,,"{""aspect"":1.12,""bulge_shear"":0.08,""weave_shear"":-0.2}"
PKLSA_dbbb6bfa1ddab7,knot_9.35,9_35,knot,48,41,1,512,Knot-Atlas-Gilbert-Fourier-base-plus-SIAF-global-diffeomorphism,9:1:35,,"{""aspect"":1.12,""bulge_shear"":0.08,""weave_shear"":-0.06}"
PKLSA_6c5de3d6825694,knot_9.35,9_35,knot,48,42,1,512,Knot-Atlas-Gilbert-Fourier-base-plus-SIAF-global-diffeomorphism,9:1:35,,"{""aspect"":1.12,""bulge_shear"":0.08,""weave_shear"":0.06}"
PKLSA_06b23656394f3c,knot_9.35,9_35,knot,48,43,1,512,Knot-Atlas-Gilbert-Fourier-base-plus-SIAF-global-diffeomorphism,9:1:35,,"{""aspect"":1.12,""bulge_shear"":0.08,""weave_shear"":0.2}"
PKLSA_003308566b4412,knot_9.35,9_35,knot,48,44,1,512,Knot-Atlas-Gilbert-Fourier-base-plus-SIAF-global-diffeomorphism,9:1:35,,"{""aspect"":1.12,""bulge_shear"":0.24,""weave_shear"":-0.2}"
PKLSA_d87ac104ec0238,knot_9.35,9_35,knot,48,45,1,512,Knot-Atlas-Gilbert-Fourier-base-plus-SIAF-global-diffeomorphism,9:1:35,,"{""aspect"":1.12,""bulge_shear"":0.24,""weave_shear"":-0.06}"
PKLSA_c52889f0548848,knot_9.35,9_35,knot,48,46,1,512,Knot-Atlas-Gilbert-Fourier-base-plus-SIAF-global-diffeomorphism,9:1:35,,"{""aspect"":1.12,""bulge_shear"":0.24,""weave_shear"":0.06}"
PKLSA_ac42dc3ed647a8,knot_9.35,9_35,knot,48,47,1,512,Knot-Atlas-Gilbert-Fourier-base-plus-SIAF-global-diffeomorphism,9:1:35,,"{""aspect"":1.12,""bulge_shear"":0.24,""weave_shear"":0.2}"
