file,family,topology_class,seed_kind,q,h,p,replicate,seed_file,seed_sha256,geometry_ok,separation_ratio,n,rg,length,ds_cv,min_nonlocal_vertex_distance
knot_0.1/knot_0p1_qm0p1_h0_p0.txt,knot_0.1,0.1,knot,-0.1,0,0,0,C:\workspace\projects\SST-Workbench\KnotPlot\knots\final\knot_0.1_final.txt,6f89c421965ed6cc2ae690cdf9f6a39f80ca4faeb0d9cbb331d81e47a624c1fc,true,0.8976431846803914,384,0.4519225667824788,2.8394839924430997,0.00856818813164446,0.029494844178335998
knot_0.1/knot_0p1_qm0p05_h0_p0.txt,knot_0.1,0.1,knot,-0.05,0,0,0,C:\workspace\projects\SST-Workbench\KnotPlot\knots\final\knot_0.1_final.txt,6f89c421965ed6cc2ae690cdf9f6a39f80ca4faeb0d9cbb331d81e47a624c1fc,true,0.9488299513255356,384,0.47702935891960585,2.9972331868702775,0.004047727970584033,0.03117674377046505
knot_0.1/knot_0p1_qm0p02_h0_p0.txt,knot_0.1,0.1,knot,-0.02,0,0,0,C:\workspace\projects\SST-Workbench\KnotPlot\knots\final\knot_0.1_final.txt,6f89c421965ed6cc2ae690cdf9f6a39f80ca4faeb0d9cbb331d81e47a624c1fc,true,0.9795420118136379,384,0.4920934349607313,3.0918827062848986,0.001556864285828745,0.032185883542204904
knot_0.1/knot_0p1_q0_hm0p1_p0.txt,knot_0.1,0.1,knot,0,-0.1,0,0,C:\workspace\projects\SST-Workbench\KnotPlot\knots\final\knot_0.1_final.txt,6f89c421965ed6cc2ae690cdf9f6a39f80ca4faeb0d9cbb331d81e47a624c1fc,true,1.0968239957170038,384,0.5523497437818079,3.4704808008681858,0.007047950295824298,0.03603954599872715
knot_0.1/knot_0p1_q0_hm0p05_p0.txt,knot_0.1,0.1,knot,0,-0.05,0,0,C:\workspace\projects\SST-Workbench\KnotPlot\knots\final\knot_0.1_final.txt,6f89c421965ed6cc2ae690cdf9f6a39f80ca4faeb0d9cbb331d81e47a624c1fc,true,1.0484304425623625,384,0.5272429476204803,3.31273159181419,0.0037016363564460466,0.034449426078148264
knot_0.1/knot_0p1_q0_hm0p02_p0.txt,knot_0.1,0.1,knot,0,-0.02,0,0,C:\workspace\projects\SST-Workbench\KnotPlot\knots\final\knot_0.1_final.txt,6f89c421965ed6cc2ae690cdf9f6a39f80ca4faeb0d9cbb331d81e47a624c1fc,true,1.0193943108260082,384,0.5121788704634002,3.218082068343579,0.0015363761604634456,0.03349535413094094
knot_0.1/knot_0p1_q0_h0_pm0p1.txt,knot_0.1,0.1,knot,0,0,-0.1,0,C:\workspace\projects\SST-Workbench\KnotPlot\knots\final\knot_0.1_final.txt,6f89c421965ed6cc2ae690cdf9f6a39f80ca4faeb0d9cbb331d81e47a624c1fc,false,0.7764075059225832,384,0.5046346806319568,19.946529395196826,0.6598459602255493,0.025511270844473348
knot_0.1/knot_0p1_q0_h0_pm0p05.txt,knot_0.1,0.1,knot,0,0,-0.05,0,C:\workspace\projects\SST-Workbench\KnotPlot\knots\final\knot_0.1_final.txt,6f89c421965ed6cc2ae690cdf9f6a39f80ca4faeb0d9cbb331d81e47a624c1fc,false,0.8879661283365384,384,0.5027615578592203,10.570787668264366,0.5869571391803008,0.02917687455094051
knot_0.1/knot_0p1_q0_h0_pm0p02.txt,knot_0.1,0.1,knot,0,0,-0.02,0,C:\workspace\projects\SST-Workbench\KnotPlot\knots\final\knot_0.1_final.txt,6f89c421965ed6cc2ae690cdf9f6a39f80ca4faeb0d9cbb331d81e47a624c1fc,false,0.9551506535715746,384,0.502236081990731,5.319089671300465,0.380988187891463,0.03138442999927651
knot_0.1/knot_0p1_q0_h0_p0.txt,knot_0.1,0.1,knot,0.0,0.0,0.0,0,C:\workspace\projects\SST-Workbench\KnotPlot\knots\final\knot_0.1_final.txt,6f89c421965ed6cc2ae690cdf9f6a39f80ca4faeb0d9cbb331d81e47a624c1fc,true,1.0,384,0.50213615260605,3.154982386928924,2.0988069664831242e-05,0.032858094041941316
knot_0.1/knot_0p1_q0_h0_p0p02.txt,knot_0.1,0.1,knot,0,0,0.02,0,C:\workspace\projects\SST-Workbench\KnotPlot\knots\final\knot_0.1_final.txt,6f89c421965ed6cc2ae690cdf9f6a39f80ca4faeb0d9cbb331d81e47a624c1fc,false,0.9545209229131004,384,0.5022367079566832,5.319584375269793,0.38070938782979985,0.03136373825007927
knot_0.1/knot_0p1_q0_h0_p0p05.txt,knot_0.1,0.1,knot,0,0,0.05,0,C:\workspace\projects\SST-Workbench\KnotPlot\knots\final\knot_0.1_final.txt,6f89c421965ed6cc2ae690cdf9f6a39f80ca4faeb0d9cbb331d81e47a624c1fc,false,0.887951645545512,384,0.5027631211370281,10.572093645375137,0.5866744561454963,0.029176398674030973
knot_0.1/knot_0p1_q0_h0_p0p1.txt,knot_0.1,0.1,knot,0,0,0.1,0,C:\workspace\projects\SST-Workbench\KnotPlot\knots\final\knot_0.1_final.txt,6f89c421965ed6cc2ae690cdf9f6a39f80ca4faeb0d9cbb331d81e47a624c1fc,false,0.7827457656210016,384,0.5046377955775302,19.949021144340236,0.6595743741605312,0.025719533977706228
knot_0.1/knot_0p1_q0_h0p02_p0.txt,knot_0.1,0.1,knot,0,0.02,0,0,C:\workspace\projects\SST-Workbench\KnotPlot\knots\final\knot_0.1_final.txt,6f89c421965ed6cc2ae690cdf9f6a39f80ca4faeb0d9cbb331d81e47a624c1fc,true,0.9795420118136379,384,0.4920934349607313,3.0918827062848986,0.001556864285828745,0.032185883542204904
knot_0.1/knot_0p1_q0_h0p05_p0.txt,knot_0.1,0.1,knot,0,0.05,0,0,C:\workspace\projects\SST-Workbench\KnotPlot\knots\final\knot_0.1_final.txt,6f89c421965ed6cc2ae690cdf9f6a39f80ca4faeb0d9cbb331d81e47a624c1fc,true,0.9488299513255356,384,0.47702935891960585,2.9972331868702775,0.004047727970584033,0.03117674377046505
knot_0.1/knot_0p1_q0_h0p1_p0.txt,knot_0.1,0.1,knot,0,0.1,0,0,C:\workspace\projects\SST-Workbench\KnotPlot\knots\final\knot_0.1_final.txt,6f89c421965ed6cc2ae690cdf9f6a39f80ca4faeb0d9cbb331d81e47a624c1fc,true,0.8976431846803914,384,0.4519225667824788,2.8394839924430997,0.00856818813164446,0.029494844178335998
knot_0.1/knot_0p1_q0p02_h0_p0.txt,knot_0.1,0.1,knot,0.02,0,0,0,C:\workspace\projects\SST-Workbench\KnotPlot\knots\final\knot_0.1_final.txt,6f89c421965ed6cc2ae690cdf9f6a39f80ca4faeb0d9cbb331d81e47a624c1fc,true,1.0193943108260082,384,0.5121788704634002,3.218082068343579,0.0015363761604634456,0.03349535413094094
knot_0.1/knot_0p1_q0p05_h0_p0.txt,knot_0.1,0.1,knot,0.05,0,0,0,C:\workspace\projects\SST-Workbench\KnotPlot\knots\final\knot_0.1_final.txt,6f89c421965ed6cc2ae690cdf9f6a39f80ca4faeb0d9cbb331d81e47a624c1fc,true,1.0484304425623625,384,0.5272429476204803,3.31273159181419,0.0037016363564460466,0.034449426078148264
knot_0.1/knot_0p1_q0p1_h0_p0.txt,knot_0.1,0.1,knot,0.1,0,0,0,C:\workspace\projects\SST-Workbench\KnotPlot\knots\final\knot_0.1_final.txt,6f89c421965ed6cc2ae690cdf9f6a39f80ca4faeb0d9cbb331d81e47a624c1fc,true,1.0968239957170038,384,0.5523497437818079,3.4704808008681858,0.007047950295824298,0.03603954599872715
knot_10.123/knot_10p123_qm0p1_h0_p0.txt,knot_10.123,10.123,knot,-0.1,0,0,0,C:\workspace\projects\SST-Workbench\KnotPlot\knots\final\knot_10.123_final.txt,7c3d634f3c6df14908cb935ca7636834488b6afc8d112c85bc7b8a6ad603066c,false,0.7328341968214178,384,1.6520461312187602,41.236518629320386,0.15391815404980047,0.34557679812769243
knot_10.123/knot_10p123_qm0p05_h0_p0.txt,knot_10.123,10.123,knot,-0.05,0,0,0,C:\workspace\projects\SST-Workbench\KnotPlot\knots\final\knot_10.123_final.txt,7c3d634f3c6df14908cb935ca7636834488b6afc8d112c85bc7b8a6ad603066c,true,0.8703189092608107,384,1.7311919464586627,43.65643808946115,0.07265901694000611,0.4104093713378231
knot_10.123/knot_10p123_qm0p02_h0_p0.txt,knot_10.123,10.123,knot,-0.02,0,0,0,C:\workspace\projects\SST-Workbench\KnotPlot\knots\final\knot_10.123_final.txt,7c3d634f3c6df14908cb935ca7636834488b6afc8d112c85bc7b8a6ad603066c,true,0.9523301930840206,384,1.7792026075221685,45.16842002531847,0.027942592655961523,0.44908278068047236
knot_10.123/knot_10p123_q0_hm0p1_p0.txt,knot_10.123,10.123,knot,0,-0.1,0,0,C:\workspace\projects\SST-Workbench\KnotPlot\knots\final\knot_10.123_final.txt,7c3d634f3c6df14908cb935ca7636834488b6afc8d112c85bc7b8a6ad603066c,false,0.8595362714047488,384,1.8607733351128692,46.609283389654095,0.11345755527096361,0.40532468849710634
knot_10.123/knot_10p123_q0_hm0p05_p0.txt,knot_10.123,10.123,knot,0,-0.05,0,0,C:\workspace\projects\SST-Workbench\KnotPlot\knots\final\knot_10.123_final.txt,7c3d634f3c6df14908cb935ca7636834488b6afc8d112c85bc7b8a6ad603066c,true,0.9352789225066673,384,1.8340218233606471,46.22129344923524,0.05634054816787878,0.4410420485262023
knot_10.123/knot_10p123_q0_hm0p02_p0.txt,knot_10.123,10.123,knot,0,-0.02,0,0,C:\workspace\projects\SST-Workbench\KnotPlot\knots\final\knot_10.123_final.txt,7c3d634f3c6df14908cb935ca7636834488b6afc8d112c85bc7b8a6ad603066c,true,0.980769221277639,384,1.8199467343814433,46.162661999890766,0.022353221988488773,0.46249354719169833
knot_10.123/knot_10p123_q0_h0_pm0p1.txt,knot_10.123,10.123,knot,0,0,-0.1,0,C:\workspace\projects\SST-Workbench\KnotPlot\knots\final\knot_10.123_final.txt,7c3d634f3c6df14908cb935ca7636834488b6afc8d112c85bc7b8a6ad603066c,false,0.7880933198212441,384,1.8204447839720515,46.75169758096962,0.10201530317290261,0.3716349035988237
knot_10.123/knot_10p123_q0_h0_pm0p05.txt,knot_10.123,10.123,knot,0,0,-0.05,0,C:\workspace\projects\SST-Workbench\KnotPlot\knots\final\knot_10.123_final.txt,7c3d634f3c6df14908cb935ca7636834488b6afc8d112c85bc7b8a6ad603066c,true,0.8986846888837806,384,1.8136722398753047,46.34173138675292,0.05169312464275102,0.42378559660271814
knot_10.123/knot_10p123_q0_h0_pm0p02.txt,knot_10.123,10.123,knot,0,0,-0.02,0,C:\workspace\projects\SST-Workbench\KnotPlot\knots\final\knot_10.123_final.txt,7c3d634f3c6df14908cb935ca7636834488b6afc8d112c85bc7b8a6ad603066c,true,0.9653625126295117,384,1.8117710959309303,46.22371264695283,0.02077881842801484,0.45522832803653446
knot_10.123/knot_10p123_q0_h0_p0.txt,knot_10.123,10.123,knot,0.0,0.0,0.0,0,C:\workspace\projects\SST-Workbench\KnotPlot\knots\final\knot_10.123_final.txt,7c3d634f3c6df14908cb935ca7636834488b6afc8d112c85bc7b8a6ad603066c,true,1.0,384,1.8114084836721531,46.19837850776606,0.001533629704885182,0.4715620526806625
knot_10.123/knot_10p123_q0_h0_p0p02.txt,knot_10.123,10.123,knot,0,0,0.02,0,C:\workspace\projects\SST-Workbench\KnotPlot\knots\final\knot_10.123_final.txt,7c3d634f3c6df14908cb935ca7636834488b6afc8d112c85bc7b8a6ad603066c,true,0.9665640403480351,384,1.8117703586270626,46.21575239960485,0.020848062270281673,0.4557949229138341
knot_10.123/knot_10p123_q0_h0_p0p05.txt,knot_10.123,10.123,knot,0,0,0.05,0,C:\workspace\projects\SST-Workbench\KnotPlot\knots\final\knot_10.123_final.txt,7c3d634f3c6df14908cb935ca7636834488b6afc8d112c85bc7b8a6ad603066c,true,0.8985575597756774,384,1.8136703985472338,46.32197790638293,0.05173960834447801,0.42372564733954554
knot_10.123/knot_10p123_q0_h0_p0p1.txt,knot_10.123,10.123,knot,0,0,0.1,0,C:\workspace\projects\SST-Workbench\KnotPlot\knots\final\knot_10.123_final.txt,7c3d634f3c6df14908cb935ca7636834488b6afc8d112c85bc7b8a6ad603066c,false,0.785931720638131,384,1.8204411150145459,46.713090042503055,0.10200629131253036,0.370615575450962
knot_10.123/knot_10p123_q0_h0p02_p0.txt,knot_10.123,10.123,knot,0,0.02,0,0,C:\workspace\projects\SST-Workbench\KnotPlot\knots\final\knot_10.123_final.txt,7c3d634f3c6df14908cb935ca7636834488b6afc8d112c85bc7b8a6ad603066c,true,0.9820265990887874,384,1.8035576602412426,46.29516047148418,0.02183018144725944,0.4630864788533186
knot_10.123/knot_10p123_q0_h0p05_p0.txt,knot_10.123,10.123,knot,0,0.05,0,0,C:\workspace\projects\SST-Workbench\KnotPlot\knots\final\knot_10.123_final.txt,7c3d634f3c6df14908cb935ca7636834488b6afc8d112c85bc7b8a6ad603066c,true,0.940616131172738,384,1.7930898870765177,46.55694360348466,0.05330212052272011,0.4435588736003596
knot_10.123/knot_10p123_q0_h0p1_p0.txt,knot_10.123,10.123,knot,0,0.1,0,0,C:\workspace\projects\SST-Workbench\KnotPlot\knots\final\knot_10.123_final.txt,7c3d634f3c6df14908cb935ca7636834488b6afc8d112c85bc7b8a6ad603066c,false,0.8743793277016699,384,1.7791986943039841,47.31073705476401,0.10163246404576623,0.4123241105925371
knot_10.123/knot_10p123_q0p02_h0_p0.txt,knot_10.123,10.123,knot,0.02,0,0,0,C:\workspace\projects\SST-Workbench\KnotPlot\knots\final\knot_10.123_final.txt,7c3d634f3c6df14908cb935ca7636834488b6afc8d112c85bc7b8a6ad603066c,true,0.971803687871631,384,1.843763659304966,47.24453245059831,0.02733256935903597,0.4582657418553841
knot_10.123/knot_10p123_q0p05_h0_p0.txt,knot_10.123,10.123,knot,0.05,0,0,0,C:\workspace\projects\SST-Workbench\KnotPlot\knots\final\knot_10.123_final.txt,7c3d634f3c6df14908cb935ca7636834488b6afc8d112c85bc7b8a6ad603066c,true,0.9280388640717183,384,1.8925595994269826,48.84195542375022,0.06553446285859028,0.4376279117090898
knot_10.123/knot_10p123_q0p1_h0_p0.txt,knot_10.123,10.123,knot,0.1,0,0,0,C:\workspace\projects\SST-Workbench\KnotPlot\knots\final\knot_10.123_final.txt,7c3d634f3c6df14908cb935ca7636834488b6afc8d112c85bc7b8a6ad603066c,false,0.8536905968431246,384,1.9745300664904162,51.5728195223119,0.12362721051903497,0.40256809020152373
knot_10.1/knot_10p1_qm0p1_h0_p0.txt,knot_10.1,10.1,knot,-0.1,0,0,0,C:\workspace\projects\SST-Workbench\KnotPlot\knots\final\knot_10.1_final.txt,f03d7ff827be5b4e6bde2b98aed16b1aeffd00bd89a44f84b5de82fed242477a,false,0.6619354464401446,384,1.8361541847072629,39.101730628872346,0.16173635090791874,0.29524244680535583
knot_10.1/knot_10p1_qm0p05_h0_p0.txt,knot_10.1,10.1,knot,-0.05,0,0,0,C:\workspace\projects\SST-Workbench\KnotPlot\knots\final\knot_10.1_final.txt,f03d7ff827be5b4e6bde2b98aed16b1aeffd00bd89a44f84b5de82fed242477a,true,0.8387619101520133,384,1.9194509297220592,41.37428288807597,0.07651855161060483,0.3741121886918124
knot_10.1/knot_10p1_qm0p02_h0_p0.txt,knot_10.1,10.1,knot,-0.02,0,0,0,C:\workspace\projects\SST-Workbench\KnotPlot\knots\final\knot_10.1_final.txt,f03d7ff827be5b4e6bde2b98aed16b1aeffd00bd89a44f84b5de82fed242477a,true,0.9446357962167315,384,1.970185200578812,42.839342710827225,0.029458330062683957,0.42133501886754227
knot_10.1/knot_10p1_q0_hm0p1_p0.txt,knot_10.1,10.1,knot,0,-0.1,0,0,C:\workspace\projects\SST-Workbench\KnotPlot\knots\final\knot_10.1_final.txt,f03d7ff827be5b4e6bde2b98aed16b1aeffd00bd89a44f84b5de82fed242477a,false,0.732141378758363,384,2.1181822058102324,45.2221248768345,0.17074134657730314,0.32655633299978
knot_10.1/knot_10p1_q0_hm0p05_p0.txt,knot_10.1,10.1,knot,0,-0.05,0,0,C:\workspace\projects\SST-Workbench\KnotPlot\knots\final\knot_10.1_final.txt,f03d7ff827be5b4e6bde2b98aed16b1aeffd00bd89a44f84b5de82fed242477a,true,0.8735823634401767,384,2.059589354345409,44.298161224922566,0.08679917838153726,0.3896431228379695
knot_10.1/knot_10p1_q0_hm0p02_p0.txt,knot_10.1,10.1,knot,0,-0.02,0,0,C:\workspace\projects\SST-Workbench\KnotPlot\knots\final\knot_10.1_final.txt,f03d7ff827be5b4e6bde2b98aed16b1aeffd00bd89a44f84b5de82fed242477a,true,0.9584804895705434,384,2.0260000503876405,43.97187312719048,0.03489716838954541,0.42751015446880347
knot_10.1/knot_10p1_q0_h0_pm0p1.txt,knot_10.1,10.1,knot,0,0,-0.1,0,C:\workspace\projects\SST-Workbench\KnotPlot\knots\final\knot_10.1_final.txt,f03d7ff827be5b4e6bde2b98aed16b1aeffd00bd89a44f84b5de82fed242477a,true,0.7624827669129862,384,2.0073598557454044,44.891440189980734,0.0927657255201326,0.34008947392223404
knot_10.1/knot_10p1_q0_h0_pm0p05.txt,knot_10.1,10.1,knot,0,0,-0.05,0,C:\workspace\projects\SST-Workbench\KnotPlot\knots\final\knot_10.1_final.txt,f03d7ff827be5b4e6bde2b98aed16b1aeffd00bd89a44f84b5de82fed242477a,true,0.8835262396677426,384,2.0033283661166355,44.1734796183501,0.045933969029617924,0.3940783806322832
knot_10.1/knot_10p1_q0_h0_pm0p02.txt,knot_10.1,10.1,knot,0,0,-0.02,0,C:\workspace\projects\SST-Workbench\KnotPlot\knots\final\knot_10.1_final.txt,f03d7ff827be5b4e6bde2b98aed16b1aeffd00bd89a44f84b5de82fed242477a,true,0.9623504536892017,384,2.003308979136273,43.93168534109206,0.018346245617215737,0.4292362709376923
knot_10.1/knot_10p1_q0_h0_p0.txt,knot_10.1,10.1,knot,0.0,0.0,0.0,0,C:\workspace\projects\SST-Workbench\KnotPlot\knots\final\knot_10.1_final.txt,f03d7ff827be5b4e6bde2b98aed16b1aeffd00bd89a44f84b5de82fed242477a,true,1.0,384,2.004296629301958,43.85312991413151,0.0012613248108379002,0.44602906279329024
knot_10.1/knot_10p1_q0_h0_p0p02.txt,knot_10.1,10.1,knot,0,0,0.02,0,C:\workspace\projects\SST-Workbench\KnotPlot\knots\final\knot_10.1_final.txt,f03d7ff827be5b4e6bde2b98aed16b1aeffd00bd89a44f84b5de82fed242477a,true,0.9706421735658293,384,2.0060834997498618,43.84166003986253,0.01829693087454683,0.432934618983209
knot_10.1/knot_10p1_q0_h0_p0p05.txt,knot_10.1,10.1,knot,0,0,0.05,0,C:\workspace\projects\SST-Workbench\KnotPlot\knots\final\knot_10.1_final.txt,f03d7ff827be5b4e6bde2b98aed16b1aeffd00bd89a44f84b5de82fed242477a,true,0.9023836423775664,384,2.0102574207521635,43.94955379175765,0.04596084993601213,0.40248933028966155
knot_10.1/knot_10p1_q0_h0_p0p1.txt,knot_10.1,10.1,knot,0,0,0.1,0,C:\workspace\projects\SST-Workbench\KnotPlot\knots\final\knot_10.1_final.txt,f03d7ff827be5b4e6bde2b98aed16b1aeffd00bd89a44f84b5de82fed242477a,true,0.7889626387173925,384,2.0211665693013527,44.449934499692326,0.09343004206192411,0.3519002663260398
knot_10.1/knot_10p1_q0_h0p02_p0.txt,knot_10.1,10.1,knot,0,0.02,0,0,C:\workspace\projects\SST-Workbench\KnotPlot\knots\final\knot_10.1_final.txt,f03d7ff827be5b4e6bde2b98aed16b1aeffd00bd89a44f84b5de82fed242477a,true,0.9499059378058534,384,1.9831659605791663,43.81529710019684,0.03465298490593202,0.4236856551813262
knot_10.1/knot_10p1_q0_h0p05_p0.txt,knot_10.1,10.1,knot,0,0.05,0,0,C:\workspace\projects\SST-Workbench\KnotPlot\knots\final\knot_10.1_final.txt,f03d7ff827be5b4e6bde2b98aed16b1aeffd00bd89a44f84b5de82fed242477a,true,0.8522059887494615,384,1.9525844069094314,43.91317151797827,0.08598747426532269,0.3801086384687516
knot_10.1/knot_10p1_q0_h0p1_p0.txt,knot_10.1,10.1,knot,0,0.1,0,0,C:\workspace\projects\SST-Workbench\KnotPlot\knots\final\knot_10.1_final.txt,f03d7ff827be5b4e6bde2b98aed16b1aeffd00bd89a44f84b5de82fed242477a,false,0.6918094601576741,384,1.9047443324910918,44.49660421614129,0.16778259808359955,0.3085671251456594
knot_10.1/knot_10p1_q0p02_h0_p0.txt,knot_10.1,10.1,knot,0.02,0,0,0,C:\workspace\projects\SST-Workbench\KnotPlot\knots\final\knot_10.1_final.txt,f03d7ff827be5b4e6bde2b98aed16b1aeffd00bd89a44f84b5de82fed242477a,true,0.9756103907285248,384,2.0386254143140174,44.89422121838519,0.028527998881186307,0.43515058822803965
knot_10.1/knot_10p1_q0p05_h0_p0.txt,knot_10.1,10.1,knot,0.05,0,0,0,C:\workspace\projects\SST-Workbench\KnotPlot\knots\final\knot_10.1_final.txt,f03d7ff827be5b4e6bde2b98aed16b1aeffd00bd89a44f84b5de82fed242477a,true,0.9226027720955574,384,2.090502693104923,46.50330053286322,0.06841159177307023,0.41150764976827303
knot_10.1/knot_10p1_q0p1_h0_p0.txt,knot_10.1,10.1,knot,0.1,0,0,0,C:\workspace\projects\SST-Workbench\KnotPlot\knots\final\knot_10.1_final.txt,f03d7ff827be5b4e6bde2b98aed16b1aeffd00bd89a44f84b5de82fed242477a,false,0.8349841136319384,384,2.177907589075834,49.299733491054596,0.1284871931296211,0.3724271816505396
knot_3.1/knot_3p1_qm0p1_h0_p0.txt,knot_3.1,3.1,knot,-0.1,0,0,0,C:\workspace\projects\SST-Workbench\KnotPlot\knots\final\knot_3.1_final.txt,0301d9112581299b98294f80e0bb7d214f9b6de04ab76f587e278fa3f3ee9732,true,0.829311624909936,384,1.1241991726561633,14.644725387666831,0.06611452061754035,0.14092401134250448
knot_3.1/knot_3p1_qm0p05_h0_p0.txt,knot_3.1,3.1,knot,-0.05,0,0,0,C:\workspace\projects\SST-Workbench\KnotPlot\knots\final\knot_3.1_final.txt,0301d9112581299b98294f80e0bb7d214f9b6de04ab76f587e278fa3f3ee9732,true,0.9159006428868198,384,1.1815275462044834,15.503332818386271,0.031183021019235493,0.15563798783214539
knot_3.1/knot_3p1_qm0p02_h0_p0.txt,knot_3.1,3.1,knot,-0.02,0,0,0,C:\workspace\projects\SST-Workbench\KnotPlot\knots\final\knot_3.1_final.txt,0301d9112581299b98294f80e0bb7d214f9b6de04ab76f587e278fa3f3ee9732,true,0.9678545773228712,384,1.2161429063192668,16.0240410924777,0.01202141184771263,0.16446646270918447
knot_3.1/knot_3p1_q0_hm0p1_p0.txt,knot_3.1,3.1,knot,0,-0.1,0,0,C:\workspace\projects\SST-Workbench\KnotPlot\knots\final\knot_3.1_final.txt,0301d9112581299b98294f80e0bb7d214f9b6de04ab76f587e278fa3f3ee9732,true,0.9435740120106675,384,1.3153578248223812,17.15777051577497,0.06560304821976949,0.1603404929787698
knot_3.1/knot_3p1_q0_hm0p05_p0.txt,knot_3.1,3.1,knot,0,-0.05,0,0,C:\workspace\projects\SST-Workbench\KnotPlot\knots\final\knot_3.1_final.txt,0301d9112581299b98294f80e0bb7d214f9b6de04ab76f587e278fa3f3ee9732,true,0.9704622727300779,384,1.2763927908676587,16.73733919376359,0.03340222860108457,0.16490958551863852
knot_3.1/knot_3p1_q0_hm0p02_p0.txt,knot_3.1,3.1,knot,0,-0.02,0,0,C:\workspace\projects\SST-Workbench\KnotPlot\knots\final\knot_3.1_final.txt,0301d9112581299b98294f80e0bb7d214f9b6de04ab76f587e278fa3f3ee9732,true,0.9886916293654425,384,1.253902729216711,16.51182332229327,0.013487549827006505,0.16800728002102497
knot_3.1/knot_3p1_q0_h0_pm0p1.txt,knot_3.1,3.1,knot,0,0,-0.1,0,C:\workspace\projects\SST-Workbench\KnotPlot\knots\final\knot_3.1_final.txt,0301d9112581299b98294f80e0bb7d214f9b6de04ab76f587e278fa3f3ee9732,true,0.8175349486199828,384,1.2453628460546842,16.599233725131757,0.08748812507924585,0.13892281370676338
knot_3.1/knot_3p1_q0_h0_pm0p05.txt,knot_3.1,3.1,knot,0,0,-0.05,0,C:\workspace\projects\SST-Workbench\KnotPlot\knots\final\knot_3.1_final.txt,0301d9112581299b98294f80e0bb7d214f9b6de04ab76f587e278fa3f3ee9732,true,0.8913968994514764,384,1.2408194381974353,16.428439644967582,0.044991478942659306,0.15147409368898637
knot_3.1/knot_3p1_q0_h0_pm0p02.txt,knot_3.1,3.1,knot,0,0,-0.02,0,C:\workspace\projects\SST-Workbench\KnotPlot\knots\final\knot_3.1_final.txt,0301d9112581299b98294f80e0bb7d214f9b6de04ab76f587e278fa3f3ee9732,true,0.9532771552589399,384,1.2395448079269542,16.38156590059023,0.018169355247818805,0.1619893374277138
knot_3.1/knot_3p1_q0_h0_p0.txt,knot_3.1,3.1,knot,0.0,0.0,0.0,0,C:\workspace\projects\SST-Workbench\KnotPlot\knots\final\knot_3.1_final.txt,0301d9112581299b98294f80e0bb7d214f9b6de04ab76f587e278fa3f3ee9732,true,1.0,384,1.2393023264162726,16.37324680329674,0.0001917266315552118,0.16992889899235278
knot_3.1/knot_3p1_q0_h0_p0p02.txt,knot_3.1,3.1,knot,0,0,0.02,0,C:\workspace\projects\SST-Workbench\KnotPlot\knots\final\knot_3.1_final.txt,0301d9112581299b98294f80e0bb7d214f9b6de04ab76f587e278fa3f3ee9732,true,0.9582029103196382,384,1.23954607843808,16.383173453474633,0.018237430892750373,0.16282636556188426
knot_3.1/knot_3p1_q0_h0_p0p05.txt,knot_3.1,3.1,knot,0,0,0.05,0,C:\workspace\projects\SST-Workbench\KnotPlot\knots\final\knot_3.1_final.txt,0301d9112581299b98294f80e0bb7d214f9b6de04ab76f587e278fa3f3ee9732,true,0.9043589661822184,384,1.2408226112099918,16.432157006383214,0.0454412318539521,0.15367672341720678
knot_3.1/knot_3p1_q0_h0_p0p1.txt,knot_3.1,3.1,knot,0,0,0.1,0,C:\workspace\projects\SST-Workbench\KnotPlot\knots\final\knot_3.1_final.txt,0301d9112581299b98294f80e0bb7d214f9b6de04ab76f587e278fa3f3ee9732,true,0.8454805443117752,384,1.2453691689198791,16.6044314162084,0.08939237489586131,0.1436715780143551
knot_3.1/knot_3p1_q0_h0p02_p0.txt,knot_3.1,3.1,knot,0,0.02,0,0,C:\workspace\projects\SST-Workbench\KnotPlot\knots\final\knot_3.1_final.txt,0301d9112581299b98294f80e0bb7d214f9b6de04ab76f587e278fa3f3ee9732,true,0.9719524817094896,384,1.2250294503612378,16.24446077340755,0.013482934947190465,0.16516281508977845
knot_3.1/knot_3p1_q0_h0p05_p0.txt,knot_3.1,3.1,knot,0,0.05,0,0,C:\workspace\projects\SST-Workbench\KnotPlot\knots\final\knot_3.1_final.txt,0301d9112581299b98294f80e0bb7d214f9b6de04ab76f587e278fa3f3ee9732,true,0.927585999077196,384,1.204259650726134,16.07038999881373,0.03380137114221041,0.15762366754390947
knot_3.1/knot_3p1_q0_h0p1_p0.txt,knot_3.1,3.1,knot,0,0.1,0,0,C:\workspace\projects\SST-Workbench\KnotPlot\knots\final\knot_3.1_final.txt,0301d9112581299b98294f80e0bb7d214f9b6de04ab76f587e278fa3f3ee9732,true,0.8581401373356008,384,1.1714485506831553,15.834296618509924,0.06725155046064189,0.14582280871858505
knot_3.1/knot_3p1_q0p02_h0_p0.txt,knot_3.1,3.1,knot,0.02,0,0,0,C:\workspace\projects\SST-Workbench\KnotPlot\knots\final\knot_3.1_final.txt,0301d9112581299b98294f80e0bb7d214f9b6de04ab76f587e278fa3f3ee9732,true,0.9881790048649849,384,1.2625235206204897,16.723987823400975,0.01165700932233317,0.1679201703040657
knot_3.1/knot_3p1_q0p05_h0_p0.txt,knot_3.1,3.1,knot,0.05,0,0,0,C:\workspace\projects\SST-Workbench\KnotPlot\knots\final\knot_3.1_final.txt,0301d9112581299b98294f80e0bb7d214f9b6de04ab76f587e278fa3f3ee9732,true,0.9673843939238423,384,1.297463880523537,17.25277991950944,0.028131781353884725,0.16438656496186302
knot_3.1/knot_3p1_q0p1_h0_p0.txt,knot_3.1,3.1,knot,0.1,0,0,0,C:\workspace\projects\SST-Workbench\KnotPlot\knots\final\knot_3.1_final.txt,0301d9112581299b98294f80e0bb7d214f9b6de04ab76f587e278fa3f3ee9732,true,0.9327329545377874,384,1.355962439541456,18.140584135052762,0.05340391885986336,0.15849828401849045
knot_4.1/knot_4p1_qm0p1_h0_p0.txt,knot_4.1,4.1,knot,-0.1,0,0,0,C:\workspace\projects\SST-Workbench\KnotPlot\knots\final\knot_4.1_final.txt,edc6781b9ed771d49631ad89e250aaa22fcd153797b5a23e4949af9bbf4d18f3,true,0.7787108784187361,384,1.3284023523459594,20.06134617254498,0.08575981775441735,0.18053377168289178
knot_4.1/knot_4p1_qm0p05_h0_p0.txt,knot_4.1,4.1,knot,-0.05,0,0,0,C:\workspace\projects\SST-Workbench\KnotPlot\knots\final\knot_4.1_final.txt,edc6781b9ed771d49631ad89e250aaa22fcd153797b5a23e4949af9bbf4d18f3,true,0.8921645342578826,384,1.3955641541501755,21.232722906779706,0.04047374855213855,0.2068364945130202
knot_4.1/knot_4p1_qm0p02_h0_p0.txt,knot_4.1,4.1,knot,-0.02,0,0,0,C:\workspace\projects\SST-Workbench\KnotPlot\knots\final\knot_4.1_final.txt,edc6781b9ed771d49631ad89e250aaa22fcd153797b5a23e4949af9bbf4d18f3,true,0.9602579376195064,384,1.4361427858897229,21.947543204426765,0.015614183269657573,0.2226230454349248
knot_4.1/knot_4p1_q0_hm0p1_p0.txt,knot_4.1,4.1,knot,0,-0.1,0,0,C:\workspace\projects\SST-Workbench\KnotPlot\knots\final\knot_4.1_final.txt,edc6781b9ed771d49631ad89e250aaa22fcd153797b5a23e4949af9bbf4d18f3,true,0.8438915663493675,384,1.5552377658971757,23.266827507182125,0.07015311372911352,0.19564504822868414
knot_4.1/knot_4p1_q0_hm0p05_p0.txt,knot_4.1,4.1,knot,0,-0.05,0,0,C:\workspace\projects\SST-Workbench\KnotPlot\knots\final\knot_4.1_final.txt,edc6781b9ed771d49631ad89e250aaa22fcd153797b5a23e4949af9bbf4d18f3,true,0.9234253366377813,384,1.5081961125591505,22.802705967945517,0.03610371941047165,0.21408389623281726
knot_4.1/knot_4p1_q0_hm0p02_p0.txt,knot_4.1,4.1,knot,0,-0.02,0,0,C:\workspace\projects\SST-Workbench\KnotPlot\knots\final\knot_4.1_final.txt,edc6781b9ed771d49631ad89e250aaa22fcd153797b5a23e4949af9bbf4d18f3,true,0.9711632191497382,384,1.4809890847639342,22.567190008045472,0.014726039353554496,0.22515129007678003
knot_4.1/knot_4p1_q0_h0_pm0p1.txt,knot_4.1,4.1,knot,0,0,-0.1,0,C:\workspace\projects\SST-Workbench\KnotPlot\knots\final\knot_4.1_final.txt,edc6781b9ed771d49631ad89e250aaa22fcd153797b5a23e4949af9bbf4d18f3,false,0.7150603996213046,384,1.45707206632038,22.01669697652801,0.12219669210267532,0.16577725379520517
knot_4.1/knot_4p1_q0_h0_pm0p05.txt,knot_4.1,4.1,knot,0,0,-0.05,0,C:\workspace\projects\SST-Workbench\KnotPlot\knots\final\knot_4.1_final.txt,edc6781b9ed771d49631ad89e250aaa22fcd153797b5a23e4949af9bbf4d18f3,true,0.8556798205703029,384,1.4583699475588991,22.13485803351383,0.06123338050437095,0.19837799835824155
knot_4.1/knot_4p1_q0_h0_pm0p02.txt,knot_4.1,4.1,knot,0,0,-0.02,0,C:\workspace\projects\SST-Workbench\KnotPlot\knots\final\knot_4.1_final.txt,edc6781b9ed771d49631ad89e250aaa22fcd153797b5a23e4949af9bbf4d18f3,true,0.9437627123869454,384,1.4608946775984035,22.29063208968914,0.024375948072646574,0.21879884661027232
knot_4.1/knot_4p1_q0_h0_p0.txt,knot_4.1,4.1,knot,0.0,0.0,0.0,0,C:\workspace\projects\SST-Workbench\KnotPlot\knots\final\knot_4.1_final.txt,edc6781b9ed771d49631ad89e250aaa22fcd153797b5a23e4949af9bbf4d18f3,true,1.0000000000000004,384,1.4633016900190094,22.428554705891486,0.000526526007579558,0.23183671460900465
knot_4.1/knot_4p1_q0_h0_p0p02.txt,knot_4.1,4.1,knot,0,0,0.02,0,C:\workspace\projects\SST-Workbench\KnotPlot\knots\final\knot_4.1_final.txt,edc6781b9ed771d49631ad89e250aaa22fcd153797b5a23e4949af9bbf4d18f3,true,0.9391939107677364,384,1.466284562601023,22.59309877748988,0.024016096341898933,0.21773963065317462
knot_4.1/knot_4p1_q0_h0_p0p05.txt,knot_4.1,4.1,knot,0,0,0.05,0,C:\workspace\projects\SST-Workbench\KnotPlot\knots\final\knot_4.1_final.txt,edc6781b9ed771d49631ad89e250aaa22fcd153797b5a23e4949af9bbf4d18f3,true,0.8487812696213038,384,1.4718307656316238,22.888759177337462,0.059122481231531306,0.19677866097066277
knot_4.1/knot_4p1_q0_h0_p0p1.txt,knot_4.1,4.1,knot,0,0,0.1,0,C:\workspace\projects\SST-Workbench\KnotPlot\knots\final\knot_4.1_final.txt,edc6781b9ed771d49631ad89e250aaa22fcd153797b5a23e4949af9bbf4d18f3,false,0.7134658878716742,384,1.4838951458525613,23.508258644934806,0.11422016356504339,0.16540758742976538
knot_4.1/knot_4p1_q0_h0p02_p0.txt,knot_4.1,4.1,knot,0,0.02,0,0,C:\workspace\projects\SST-Workbench\KnotPlot\knots\final\knot_4.1_final.txt,edc6781b9ed771d49631ad89e250aaa22fcd153797b5a23e4949af9bbf4d18f3,true,0.9657721597024607,384,1.4459902674265772,22.304862686605585,0.014718956781990235,0.22390144456626135
knot_4.1/knot_4p1_q0_h0p05_p0.txt,knot_4.1,4.1,knot,0,0.05,0,0,C:\workspace\projects\SST-Workbench\KnotPlot\knots\final\knot_4.1_final.txt,edc6781b9ed771d49631ad89e250aaa22fcd153797b5a23e4949af9bbf4d18f3,true,0.9067717528684721,384,1.4207580633924641,22.147768332807622,0.03731375287803111,0.2102229840852748
knot_4.1/knot_4p1_q0_h0p1_p0.txt,knot_4.1,4.1,knot,0,0.1,0,0,C:\workspace\projects\SST-Workbench\KnotPlot\knots\final\knot_4.1_final.txt,edc6781b9ed771d49631ad89e250aaa22fcd153797b5a23e4949af9bbf4d18f3,true,0.8111919715100522,384,1.3807825426131304,21.963328018501663,0.07553916319326363,0.18806408159209173
knot_4.1/knot_4p1_q0p02_h0_p0.txt,knot_4.1,4.1,knot,0.02,0,0,0,C:\workspace\projects\SST-Workbench\KnotPlot\knots\final\knot_4.1_final.txt,edc6781b9ed771d49631ad89e250aaa22fcd153797b5a23e4949af9bbf4d18f3,true,0.978610718896036,384,1.4905403500768306,22.912883212955688,0.015112152862846714,0.2268778939500131
knot_4.1/knot_4p1_q0p05_h0_p0.txt,knot_4.1,4.1,knot,0.05,0,0,0,C:\workspace\projects\SST-Workbench\KnotPlot\knots\final\knot_4.1_final.txt,edc6781b9ed771d49631ad89e250aaa22fcd153797b5a23e4949af9bbf4d18f3,true,0.9408378559746745,384,1.531538570428137,23.645174018062253,0.03645065930047096,0.21812075750894835
knot_4.1/knot_4p1_q0p1_h0_p0.txt,knot_4.1,4.1,knot,0.1,0,0,0,C:\workspace\projects\SST-Workbench\KnotPlot\knots\final\knot_4.1_final.txt,edc6781b9ed771d49631ad89e250aaa22fcd153797b5a23e4949af9bbf4d18f3,true,0.8779361365194649,384,1.6002109168602157,24.87972923796943,0.06911361935831777,0.20353782952719526
knot_5.1/knot_5p1_qm0p1_h0_p0.txt,knot_5.1,5.1,knot,-0.1,0,0,0,C:\workspace\projects\SST-Workbench\KnotPlot\knots\final\knot_5.1_final.txt,d54052906876c24f94e2975ff42a4a73de955b3c6fa66d0c19cf3aff56ab7f6a,false,0.7625886635336897,384,1.3581108564423277,21.127776913172614,0.1041318232842995,0.1868475997837
knot_5.1/knot_5p1_qm0p05_h0_p0.txt,knot_5.1,5.1,knot,-0.05,0,0,0,C:\workspace\projects\SST-Workbench\KnotPlot\knots\final\knot_5.1_final.txt,d54052906876c24f94e2975ff42a4a73de955b3c6fa66d0c19cf3aff56ab7f6a,true,0.8833753331972518,384,1.4240904524601712,22.383862147251154,0.049070761149264404,0.2164424526732305
knot_5.1/knot_5p1_qm0p02_h0_p0.txt,knot_5.1,5.1,knot,-0.02,0,0,0,C:\workspace\projects\SST-Workbench\KnotPlot\knots\final\knot_5.1_final.txt,d54052906876c24f94e2975ff42a4a73de955b3c6fa66d0c19cf3aff56ab7f6a,true,0.955847553803398,384,1.4640727831249525,23.15730753991666,0.01888899455702373,0.2341994180187493
knot_5.1/knot_5p1_q0_hm0p1_p0.txt,knot_5.1,5.1,knot,0,-0.1,0,0,C:\workspace\projects\SST-Workbench\KnotPlot\knots\final\knot_5.1_final.txt,d54052906876c24f94e2975ff42a4a73de955b3c6fa66d0c19cf3aff56ab7f6a,false,0.842242224117385,384,1.5810348379180121,24.565283435807803,0.11053082820066938,0.20636411939772584
knot_5.1/knot_5p1_q0_hm0p05_p0.txt,knot_5.1,5.1,knot,0,-0.05,0,0,C:\workspace\projects\SST-Workbench\KnotPlot\knots\final\knot_5.1_final.txt,d54052906876c24f94e2975ff42a4a73de955b3c6fa66d0c19cf3aff56ab7f6a,true,0.9222461035006138,384,1.5348083126131433,24.055518638228754,0.056310305415851955,0.2259664732628781
knot_5.1/knot_5p1_q0_hm0p02_p0.txt,knot_5.1,5.1,knot,0,-0.02,0,0,C:\workspace\projects\SST-Workbench\KnotPlot\knots\final\knot_5.1_final.txt,d54052906876c24f94e2975ff42a4a73de955b3c6fa66d0c19cf3aff56ab7f6a,true,0.9711230807411834,384,1.5081612209715562,23.81371432311497,0.022721944466761446,0.23794219007954895
knot_5.1/knot_5p1_q0_h0_pm0p1.txt,knot_5.1,5.1,knot,0,0,-0.1,0,C:\workspace\projects\SST-Workbench\KnotPlot\knots\final\knot_5.1_final.txt,d54052906876c24f94e2975ff42a4a73de955b3c6fa66d0c19cf3aff56ab7f6a,true,0.8909276820513555,384,1.4965419913731133,24.246646840367074,0.08625013128597467,0.21829291062467646
knot_5.1/knot_5p1_q0_h0_pm0p05.txt,knot_5.1,5.1,knot,0,0,-0.05,0,C:\workspace\projects\SST-Workbench\KnotPlot\knots\final\knot_5.1_final.txt,d54052906876c24f94e2975ff42a4a73de955b3c6fa66d0c19cf3aff56ab7f6a,true,0.9291565732940062,384,1.4918677779633276,23.879584700522386,0.043616055682557255,0.2276596595847019
knot_5.1/knot_5p1_q0_h0_pm0p02.txt,knot_5.1,5.1,knot,0,0,-0.02,0,C:\workspace\projects\SST-Workbench\KnotPlot\knots\final\knot_5.1_final.txt,d54052906876c24f94e2975ff42a4a73de955b3c6fa66d0c19cf3aff56ab7f6a,true,0.9664790323521765,384,1.4908304123367484,23.7394509153184,0.01752479312798881,0.23680431675902985
knot_5.1/knot_5p1_q0_h0_p0.txt,knot_5.1,5.1,knot,0.0,0.0,0.0,0,C:\workspace\projects\SST-Workbench\KnotPlot\knots\final\knot_5.1_final.txt,d54052906876c24f94e2975ff42a4a73de955b3c6fa66d0c19cf3aff56ab7f6a,true,1.0,384,1.490877406197695,23.680291348347765,0.00040689292981873054,0.2450175418526208
knot_5.1/knot_5p1_q0_h0_p0p02.txt,knot_5.1,5.1,knot,0,0,0.02,0,C:\workspace\projects\SST-Workbench\KnotPlot\knots\final\knot_5.1_final.txt,d54052906876c24f94e2975ff42a4a73de955b3c6fa66d0c19cf3aff56ab7f6a,true,0.9697827269179384,384,1.4915152940610106,23.64884487178179,0.017570181902862376,0.23761377988056473
knot_5.1/knot_5p1_q0_h0_p0p05.txt,knot_5.1,5.1,knot,0,0,0.05,0,C:\workspace\projects\SST-Workbench\KnotPlot\knots\final\knot_5.1_final.txt,d54052906876c24f94e2975ff42a4a73de955b3c6fa66d0c19cf3aff56ab7f6a,true,0.9242211175081176,384,1.4935782042128212,23.653896629953756,0.04387983601886189,0.22645038634012118
knot_5.1/knot_5p1_q0_h0_p0p1.txt,knot_5.1,5.1,knot,0,0,0.1,0,C:\workspace\projects\SST-Workbench\KnotPlot\knots\final\knot_5.1_final.txt,d54052906876c24f94e2975ff42a4a73de955b3c6fa66d0c19cf3aff56ab7f6a,true,0.8537289555045224,384,1.4999502332716648,23.801083619300574,0.08723803523540959,0.2091785700861236
knot_5.1/knot_5p1_q0_h0p02_p0.txt,knot_5.1,5.1,knot,0,0.02,0,0,C:\workspace\projects\SST-Workbench\KnotPlot\knots\final\knot_5.1_final.txt,d54052906876c24f94e2975ff42a4a73de955b3c6fa66d0c19cf3aff56ab7f6a,true,0.960799338922128,384,1.473994155332124,23.569747316978294,0.022690028526139185,0.2354126922363229
knot_5.1/knot_5p1_q0_h0p05_p0.txt,knot_5.1,5.1,knot,0,0.05,0,0,C:\workspace\projects\SST-Workbench\KnotPlot\knots\final\knot_5.1_final.txt,d54052906876c24f94e2975ff42a4a73de955b3c6fa66d0c19cf3aff56ab7f6a,true,0.8973730535843858,384,1.4494508650670168,23.448107011166478,0.05677367829614192,0.2198721397140264
knot_5.1/knot_5p1_q0_h0p1_p0.txt,knot_5.1,5.1,knot,0,0.1,0,0,C:\workspace\projects\SST-Workbench\KnotPlot\knots\final\knot_5.1_final.txt,d54052906876c24f94e2975ff42a4a73de955b3c6fa66d0c19cf3aff56ab7f6a,false,0.7971149035086875,384,1.4107493279334469,23.368152243462113,0.11258101756872192,0.19530713423178764
knot_5.1/knot_5p1_q0p02_h0_p0.txt,knot_5.1,5.1,knot,0.02,0,0,0,C:\workspace\projects\SST-Workbench\KnotPlot\knots\final\knot_5.1_final.txt,d54052906876c24f94e2975ff42a4a73de955b3c6fa66d0c19cf3aff56ab7f6a,true,0.9761671270967347,384,1.517794417947841,24.20873241835916,0.01830440063268998,0.23917806991857682
knot_5.1/knot_5p1_q0p05_h0_p0.txt,knot_5.1,5.1,knot,0.05,0,0,0,C:\workspace\projects\SST-Workbench\KnotPlot\knots\final\knot_5.1_final.txt,d54052906876c24f94e2975ff42a4a73de955b3c6fa66d0c19cf3aff56ab7f6a,true,0.9362319650555676,384,1.5583679183537402,25.01092421775345,0.04406374873234885,0.22939325468176397
knot_5.1/knot_5p1_q0p1_h0_p0.txt,knot_5.1,5.1,knot,0.1,0,0,0,C:\workspace\projects\SST-Workbench\KnotPlot\knots\final\knot_5.1_final.txt,d54052906876c24f94e2975ff42a4a73de955b3c6fa66d0c19cf3aff56ab7f6a,true,0.8697507888356346,384,1.626474408872891,26.371012917121714,0.08331502506053659,0.21310420030488508
knot_5.2/knot_5p2_qm0p1_h0_p0.txt,knot_5.2,5.2,knot,-0.1,0,0,0,C:\workspace\projects\SST-Workbench\KnotPlot\knots\final\knot_5.2_final.txt,97b268e68edccf6878ebbece4f714c4f4dd4037eb21a8599dd65d505e068d1b0,false,0.7445236168306528,384,1.446274251071001,23.190932250798905,0.10339076628752987,0.19874271209075253
knot_5.2/knot_5p2_qm0p05_h0_p0.txt,knot_5.2,5.2,knot,-0.05,0,0,0,C:\workspace\projects\SST-Workbench\KnotPlot\knots\final\knot_5.2_final.txt,97b268e68edccf6878ebbece4f714c4f4dd4037eb21a8599dd65d505e068d1b0,true,0.8775438738107794,384,1.5169003320618593,24.561281971974765,0.04884480104416445,0.2342510640591931
knot_5.2/knot_5p2_qm0p02_h0_p0.txt,knot_5.2,5.2,knot,-0.02,0,0,0,C:\workspace\projects\SST-Workbench\KnotPlot\knots\final\knot_5.2_final.txt,97b268e68edccf6878ebbece4f714c4f4dd4037eb21a8599dd65d505e068d1b0,true,0.957358391276727,384,1.5596819428959716,25.406106692751692,0.018862347372947133,0.2555567060923124
knot_5.2/knot_5p2_q0_hm0p1_p0.txt,knot_5.2,5.2,knot,0,-0.1,0,0,C:\workspace\projects\SST-Workbench\KnotPlot\knots\final\knot_5.2_final.txt,97b268e68edccf6878ebbece4f714c4f4dd4037eb21a8599dd65d505e068d1b0,true,0.8447287054924553,384,1.6863028371928834,26.918152550682002,0.09519016895045038,0.22549140163631298
knot_5.2/knot_5p2_q0_hm0p05_p0.txt,knot_5.2,5.2,knot,0,-0.05,0,0,C:\workspace\projects\SST-Workbench\KnotPlot\knots\final\knot_5.2_final.txt,97b268e68edccf6878ebbece4f714c4f4dd4037eb21a8599dd65d505e068d1b0,true,0.9261806305976495,384,1.6361359033257348,26.379219932639693,0.048686242153684584,0.24723413233615218
knot_5.2/knot_5p2_q0_hm0p02_p0.txt,knot_5.2,5.2,knot,0,-0.02,0,0,C:\workspace\projects\SST-Workbench\KnotPlot\knots\final\knot_5.2_final.txt,97b268e68edccf6878ebbece4f714c4f4dd4037eb21a8599dd65d505e068d1b0,true,0.97550168838952,384,1.607168132517898,26.12139440937598,0.019720509933051612,0.2603998675353496
knot_5.2/knot_5p2_q0_h0_pm0p1.txt,knot_5.2,5.2,knot,0,0,-0.1,0,C:\workspace\projects\SST-Workbench\KnotPlot\knots\final\knot_5.2_final.txt,97b268e68edccf6878ebbece4f714c4f4dd4037eb21a8599dd65d505e068d1b0,false,0.8141895592978404,384,1.5860184043726382,25.995113089272003,0.10801949335831097,0.2173392992685055
knot_5.2/knot_5p2_q0_h0_pm0p05.txt,knot_5.2,5.2,knot,0,0,-0.05,0,C:\workspace\projects\SST-Workbench\KnotPlot\knots\final\knot_5.2_final.txt,97b268e68edccf6878ebbece4f714c4f4dd4037eb21a8599dd65d505e068d1b0,true,0.9107060344515843,384,1.5852076869108087,25.874442916690818,0.053823823569032876,0.24310335241587244
knot_5.2/knot_5p2_q0_h0_pm0p02.txt,knot_5.2,5.2,knot,0,0,-0.02,0,C:\workspace\projects\SST-Workbench\KnotPlot\knots\final\knot_5.2_final.txt,97b268e68edccf6878ebbece4f714c4f4dd4037eb21a8599dd65d505e068d1b0,true,0.9605031650958571,384,1.586622920009772,25.909280943048273,0.021458435547405515,0.2563961702323305
knot_5.2/knot_5p2_q0_h0_p0.txt,knot_5.2,5.2,knot,0.0,0.0,0.0,0,C:\workspace\projects\SST-Workbench\KnotPlot\knots\final\knot_5.2_final.txt,97b268e68edccf6878ebbece4f714c4f4dd4037eb21a8599dd65d505e068d1b0,true,1.0,384,1.5883570081554057,25.97766204049944,0.0005697821626927644,0.26693943294475503
knot_5.2/knot_5p2_q0_h0_p0p02.txt,knot_5.2,5.2,knot,0,0,0.02,0,C:\workspace\projects\SST-Workbench\KnotPlot\knots\final\knot_5.2_final.txt,97b268e68edccf6878ebbece4f714c4f4dd4037eb21a8599dd65d505e068d1b0,true,0.9486876018961948,384,1.5907212726639797,26.08200485759548,0.021213026340450192,0.25324213049188976
knot_5.2/knot_5p2_q0_h0_p0p05.txt,knot_5.2,5.2,knot,0,0,0.05,0,C:\workspace\projects\SST-Workbench\KnotPlot\knots\final\knot_5.2_final.txt,97b268e68edccf6878ebbece4f714c4f4dd4037eb21a8599dd65d505e068d1b0,true,0.8799891995339733,384,1.5954429175481513,26.30530893422454,0.05239885039065277,0.2349038179211077
knot_5.2/knot_5p2_q0_h0_p0p1.txt,knot_5.2,5.2,knot,0,0,0.1,0,C:\workspace\projects\SST-Workbench\KnotPlot\knots\final\knot_5.2_final.txt,97b268e68edccf6878ebbece4f714c4f4dd4037eb21a8599dd65d505e068d1b0,false,0.8225153886983567,384,1.6064133229140032,26.85182068985563,0.10196348001928555,0.21956179144747412
knot_5.2/knot_5p2_q0_h0p02_p0.txt,knot_5.2,5.2,knot,0,0.02,0,0,C:\workspace\projects\SST-Workbench\KnotPlot\knots\final\knot_5.2_final.txt,97b268e68edccf6878ebbece4f714c4f4dd4037eb21a8599dd65d505e068d1b0,true,0.9644307415282803,384,1.5699633057674365,25.856901688290584,0.019755472754847323,0.25744459525804875
knot_5.2/knot_5p2_q0_h0p05_p0.txt,knot_5.2,5.2,knot,0,0.05,0,0,C:\workspace\projects\SST-Workbench\KnotPlot\knots\final\knot_5.2_final.txt,97b268e68edccf6878ebbece4f714c4f4dd4037eb21a8599dd65d505e068d1b0,true,0.8970393987161857,384,1.5431879769941803,25.719641955349978,0.049669196121475405,0.2394551884224026
knot_5.2/knot_5p2_q0_h0p1_p0.txt,knot_5.2,5.2,knot,0,0.1,0,0,C:\workspace\projects\SST-Workbench\KnotPlot\knots\final\knot_5.2_final.txt,97b268e68edccf6878ebbece4f714c4f4dd4037eb21a8599dd65d505e068d1b0,true,0.7914974932738297,384,1.5008644626016414,25.610802216159477,0.09937828385209717,0.21128189203171116
knot_5.2/knot_5p2_q0p02_h0_p0.txt,knot_5.2,5.2,knot,0.02,0,0,0,C:\workspace\projects\SST-Workbench\KnotPlot\knots\final\knot_5.2_final.txt,97b268e68edccf6878ebbece4f714c4f4dd4037eb21a8599dd65d505e068d1b0,true,0.9791032943026687,384,1.6171476250771943,26.555378743080826,0.018168859289804162,0.261361278175496
knot_5.2/knot_5p2_q0p05_h0_p0.txt,knot_5.2,5.2,knot,0.05,0,0,0,C:\workspace\projects\SST-Workbench\KnotPlot\knots\final\knot_5.2_final.txt,97b268e68edccf6878ebbece4f714c4f4dd4037eb21a8599dd65d505e068d1b0,true,0.9332876767302879,384,1.6605370556395374,27.43267238992302,0.04384762468837635,0.2491312832007109
knot_5.2/knot_5p2_q0p1_h0_p0.txt,knot_5.2,5.2,knot,0.1,0,0,0,C:\workspace\projects\SST-Workbench\KnotPlot\knots\final\knot_5.2_final.txt,97b268e68edccf6878ebbece4f714c4f4dd4037eb21a8599dd65d505e068d1b0,true,0.8571095177353598,384,1.7333501091228718,28.920688901495488,0.0830380971668391,0.2287963286358294
knot_6.1/knot_6p1_qm0p1_h0_p0.txt,knot_6.1,6.1,knot,-0.1,0,0,0,C:\workspace\projects\SST-Workbench\KnotPlot\knots\final\knot_6.1_final.txt,44e5a96d7022d54c0abc39e9f9dbd08397e526c52000e2f8de8061d6d0f4bf13,false,0.7266579160876988,384,1.551328263350324,26.39676284581277,0.11520018216851478,0.22017112454452126
knot_6.1/knot_6p1_qm0p05_h0_p0.txt,knot_6.1,6.1,knot,-0.05,0,0,0,C:\workspace\projects\SST-Workbench\KnotPlot\knots\final\knot_6.1_final.txt,44e5a96d7022d54c0abc39e9f9dbd08397e526c52000e2f8de8061d6d0f4bf13,true,0.8698661402922454,384,1.6257168508927198,27.953967588995695,0.054435098401593766,0.26356198985965756
knot_6.1/knot_6p1_qm0p02_h0_p0.txt,knot_6.1,6.1,knot,-0.02,0,0,0,C:\workspace\projects\SST-Workbench\KnotPlot\knots\final\knot_6.1_final.txt,44e5a96d7022d54c0abc39e9f9dbd08397e526c52000e2f8de8061d6d0f4bf13,true,0.9557965540271783,384,1.670838369382787,28.923319269460613,0.02099521016106172,0.28959816920310644
knot_6.1/knot_6p1_q0_hm0p1_p0.txt,knot_6.1,6.1,knot,0,-0.1,0,0,C:\workspace\projects\SST-Workbench\KnotPlot\knots\final\knot_6.1_final.txt,44e5a96d7022d54c0abc39e9f9dbd08397e526c52000e2f8de8061d6d0f4bf13,false,0.8418285082309219,384,1.808324313495641,30.679080307964426,0.11054959902713887,0.25506682749530496
knot_6.1/knot_6p1_q0_hm0p05_p0.txt,knot_6.1,6.1,knot,0,-0.05,0,0,C:\workspace\projects\SST-Workbench\KnotPlot\knots\final\knot_6.1_final.txt,44e5a96d7022d54c0abc39e9f9dbd08397e526c52000e2f8de8061d6d0f4bf13,true,0.9247166154112011,384,1.7534718765412989,30.0394328470446,0.05652511511356957,0.2801812140109077
knot_6.1/knot_6p1_q0_hm0p02_p0.txt,knot_6.1,6.1,knot,0,-0.02,0,0,C:\workspace\projects\SST-Workbench\KnotPlot\knots\final\knot_6.1_final.txt,44e5a96d7022d54c0abc39e9f9dbd08397e526c52000e2f8de8061d6d0f4bf13,true,0.975811512035229,384,1.721738685973327,29.742731435521485,0.022886013244321667,0.29566253004578397
knot_6.1/knot_6p1_q0_h0_pm0p1.txt,knot_6.1,6.1,knot,0,0,-0.1,0,C:\workspace\projects\SST-Workbench\KnotPlot\knots\final\knot_6.1_final.txt,44e5a96d7022d54c0abc39e9f9dbd08397e526c52000e2f8de8061d6d0f4bf13,false,0.7949160170222443,384,1.697067101643764,29.947598409807945,0.11011698199988662,0.2408527444777975
knot_6.1/knot_6p1_q0_h0_pm0p05.txt,knot_6.1,6.1,knot,0,0,-0.05,0,C:\workspace\projects\SST-Workbench\KnotPlot\knots\final\knot_6.1_final.txt,44e5a96d7022d54c0abc39e9f9dbd08397e526c52000e2f8de8061d6d0f4bf13,true,0.9032210076961931,384,1.6969690718189616,29.643364098101962,0.05502177398798711,0.2736682289892045
knot_6.1/knot_6p1_q0_h0_pm0p02.txt,knot_6.1,6.1,knot,0,0,-0.02,0,C:\workspace\projects\SST-Workbench\KnotPlot\knots\final\knot_6.1_final.txt,44e5a96d7022d54c0abc39e9f9dbd08397e526c52000e2f8de8061d6d0f4bf13,true,0.9683450165038257,384,1.6989437817366912,29.5769755224754,0.021954293199967265,0.29340024585240937
knot_6.1/knot_6p1_q0_h0_p0.txt,knot_6.1,6.1,knot,0.0,0.0,0.0,0,C:\workspace\projects\SST-Workbench\KnotPlot\knots\final\knot_6.1_final.txt,44e5a96d7022d54c0abc39e9f9dbd08397e526c52000e2f8de8061d6d0f4bf13,true,1.0000000000000002,384,1.7011049127118136,29.58243535931888,0.000678331151021547,0.3029914347178863
knot_6.1/knot_6p1_q0_h0_p0p02.txt,knot_6.1,6.1,knot,0,0,0.02,0,C:\workspace\projects\SST-Workbench\KnotPlot\knots\final\knot_6.1_final.txt,44e5a96d7022d54c0abc39e9f9dbd08397e526c52000e2f8de8061d6d0f4bf13,true,0.968915567667499,384,1.7039388874666086,29.6280543050832,0.021696021652614965,0.29357311796807073
knot_6.1/knot_6p1_q0_h0_p0p05.txt,knot_6.1,6.1,knot,0,0,0.05,0,C:\workspace\projects\SST-Workbench\KnotPlot\knots\final\knot_6.1_final.txt,44e5a96d7022d54c0abc39e9f9dbd08397e526c52000e2f8de8061d6d0f4bf13,true,0.9043609644522557,384,1.7094438942264363,29.77176542626293,0.05385213151301944,0.2740136261222403
knot_6.1/knot_6p1_q0_h0_p0p1.txt,knot_6.1,6.1,knot,0,0,0.1,0,C:\workspace\projects\SST-Workbench\KnotPlot\knots\final\knot_6.1_final.txt,44e5a96d7022d54c0abc39e9f9dbd08397e526c52000e2f8de8061d6d0f4bf13,false,0.8016715887654702,384,1.72192495221988,30.20785506028058,0.10623042428934686,0.2428996248526171
knot_6.1/knot_6p1_q0_h0p02_p0.txt,knot_6.1,6.1,knot,0,0.02,0,0,C:\workspace\projects\SST-Workbench\KnotPlot\knots\final\knot_6.1_final.txt,44e5a96d7022d54c0abc39e9f9dbd08397e526c52000e2f8de8061d6d0f4bf13,true,0.9616013849535662,384,1.680906465523186,29.4528106559993,0.02284707350398593,0.29135698325378745
knot_6.1/knot_6p1_q0_h0p05_p0.txt,knot_6.1,6.1,knot,0,0.05,0,0,C:\workspace\projects\SST-Workbench\KnotPlot\knots\final\knot_6.1_final.txt,44e5a96d7022d54c0abc39e9f9dbd08397e526c52000e2f8de8061d6d0f4bf13,true,0.8862837532745699,384,1.651459878250904,29.317111613213697,0.057343569230325186,0.26853638597181506
knot_6.1/knot_6p1_q0_h0p1_p0.txt,knot_6.1,6.1,knot,0,0.1,0,0,C:\workspace\projects\SST-Workbench\KnotPlot\knots\final\knot_6.1_final.txt,44e5a96d7022d54c0abc39e9f9dbd08397e526c52000e2f8de8061d6d0f4bf13,false,0.7674958280762958,384,1.604789406147091,29.252198757463134,0.11417514450986029,0.232544662088829
knot_6.1/knot_6p1_q0p02_h0_p0.txt,knot_6.1,6.1,knot,0.02,0,0,0,C:\workspace\projects\SST-Workbench\KnotPlot\knots\final\knot_6.1_final.txt,44e5a96d7022d54c0abc39e9f9dbd08397e526c52000e2f8de8061d6d0f4bf13,true,0.9781845737681296,384,1.7315108058830584,30.251059205375164,0.02028172234608775,0.29638154742490963
knot_6.1/knot_6p1_q0p05_h0_p0.txt,knot_6.1,6.1,knot,0.05,0,0,0,C:\workspace\projects\SST-Workbench\KnotPlot\knots\final\knot_6.1_final.txt,44e5a96d7022d54c0abc39e9f9dbd08397e526c52000e2f8de8061d6d0f4bf13,true,0.9280836165892292,384,1.7773652733742469,31.27052826541977,0.04885082805099069,0.2812013865285352
knot_6.1/knot_6p1_q0p1_h0_p0.txt,knot_6.1,6.1,knot,0.1,0,0,0,C:\workspace\projects\SST-Workbench\KnotPlot\knots\final\knot_6.1_final.txt,44e5a96d7022d54c0abc39e9f9dbd08397e526c52000e2f8de8061d6d0f4bf13,true,0.8451269261378749,384,1.8543903181665589,33.009553273929235,0.09231035776346394,0.2560662198692318
knot_6.2/knot_6p2_qm0p1_h0_p0.txt,knot_6.2,6.2,knot,-0.1,0,0,0,C:\workspace\projects\SST-Workbench\KnotPlot\knots\final\knot_6.2_final.txt,61f2ba7a09821bc3a9de94eb5e44692aa26ee8a4b624d8b34396203c2f20f642,false,0.7505801326415196,384,1.3745032678799216,25.43704598373028,0.10748727949242244,0.2209470327516231
knot_6.2/knot_6p2_qm0p05_h0_p0.txt,knot_6.2,6.2,knot,-0.05,0,0,0,C:\workspace\projects\SST-Workbench\KnotPlot\knots\final\knot_6.2_final.txt,61f2ba7a09821bc3a9de94eb5e44692aa26ee8a4b624d8b34396203c2f20f642,true,0.8778758154755678,384,1.4413230716449121,26.951856090986755,0.05070013629616651,0.25841885245632557
knot_6.2/knot_6p2_qm0p02_h0_p0.txt,knot_6.2,6.2,knot,-0.02,0,0,0,C:\workspace\projects\SST-Workbench\KnotPlot\knots\final\knot_6.2_final.txt,61f2ba7a09821bc3a9de94eb5e44692aa26ee8a4b624d8b34396203c2f20f642,true,0.9543044690134962,384,1.4818125444973052,27.883818702590055,0.01953581776868625,0.28091702884287306
knot_6.2/knot_6p2_q0_hm0p1_p0.txt,knot_6.2,6.2,knot,0,-0.1,0,0,C:\workspace\projects\SST-Workbench\KnotPlot\knots\final\knot_6.2_final.txt,61f2ba7a09821bc3a9de94eb5e44692aa26ee8a4b624d8b34396203c2f20f642,false,0.743612204243569,384,1.5539482756388572,29.133138935470058,0.11175493458211468,0.2188958951888224
knot_6.2/knot_6p2_q0_hm0p05_p0.txt,knot_6.2,6.2,knot,0,-0.05,0,0,C:\workspace\projects\SST-Workbench\KnotPlot\knots\final\knot_6.2_final.txt,61f2ba7a09821bc3a9de94eb5e44692aa26ee8a4b624d8b34396203c2f20f642,true,0.8745995609792128,384,1.5297585403574008,28.71532345498661,0.05736689208200139,0.2574544268366902
knot_6.2/knot_6p2_q0_hm0p02_p0.txt,knot_6.2,6.2,knot,0,-0.02,0,0,C:\workspace\projects\SST-Workbench\KnotPlot\knots\final\knot_6.2_final.txt,61f2ba7a09821bc3a9de94eb5e44692aa26ee8a4b624d8b34396203c2f20f642,true,0.9532088450439449,384,1.5168613162045097,28.568406366113077,0.023231271945177757,0.28059451182629286
knot_6.2/knot_6p2_q0_h0_pm0p1.txt,knot_6.2,6.2,knot,0,0,-0.1,0,C:\workspace\projects\SST-Workbench\KnotPlot\knots\final\knot_6.2_final.txt,61f2ba7a09821bc3a9de94eb5e44692aa26ee8a4b624d8b34396203c2f20f642,true,0.8018224410667346,384,1.5148643319233894,29.16506176204042,0.09398072163495341,0.23603114636658087
knot_6.2/knot_6p2_q0_h0_pm0p05.txt,knot_6.2,6.2,knot,0,0,-0.05,0,C:\workspace\projects\SST-Workbench\KnotPlot\knots\final\knot_6.2_final.txt,61f2ba7a09821bc3a9de94eb5e44692aa26ee8a4b624d8b34396203c2f20f642,true,0.8999352017661506,384,1.510046523050468,28.768319779770607,0.04819827573217572,0.2649124375290788
knot_6.2/knot_6p2_q0_h0_pm0p02.txt,knot_6.2,6.2,knot,0,0,-0.02,0,C:\workspace\projects\SST-Workbench\KnotPlot\knots\final\knot_6.2_final.txt,61f2ba7a09821bc3a9de94eb5e44692aa26ee8a4b624d8b34396203c2f20f642,true,0.9623800533136819,384,1.5089439906412727,28.59848745039909,0.019513684941157197,0.28329422524238634
knot_6.2/knot_6p2_q0_h0_p0.txt,knot_6.2,6.2,knot,0.0,0.0,0.0,0,C:\workspace\projects\SST-Workbench\KnotPlot\knots\final\knot_6.2_final.txt,61f2ba7a09821bc3a9de94eb5e44692aa26ee8a4b624d8b34396203c2f20f642,true,1.0,384,1.508956399201183,28.513651344200724,0.000531850945142443,0.2943683467533884
knot_6.2/knot_6p2_q0_h0_p0p02.txt,knot_6.2,6.2,knot,0,0,0.02,0,C:\workspace\projects\SST-Workbench\KnotPlot\knots\final\knot_6.2_final.txt,61f2ba7a09821bc3a9de94eb5e44692aa26ee8a4b624d8b34396203c2f20f642,true,0.9633446818278645,384,1.5095668383119825,28.45152405399779,0.019672281280849406,0.28357818134333745
knot_6.2/knot_6p2_q0_h0_p0p05.txt,knot_6.2,6.2,knot,0,0,0.05,0,C:\workspace\projects\SST-Workbench\KnotPlot\knots\final\knot_6.2_final.txt,61f2ba7a09821bc3a9de94eb5e44692aa26ee8a4b624d8b34396203c2f20f642,true,0.9003510487940568,384,1.511602025294314,28.400953438051744,0.049402361536141984,0.26503484973118585
knot_6.2/knot_6p2_q0_h0_p0p1.txt,knot_6.2,6.2,knot,0,0,0.1,0,C:\workspace\projects\SST-Workbench\KnotPlot\knots\final\knot_6.2_final.txt,61f2ba7a09821bc3a9de94eb5e44692aa26ee8a4b624d8b34396203c2f20f642,true,0.7953777847193642,384,1.5179638685844359,28.43069285287519,0.09884392685985326,0.2341340435322117
knot_6.2/knot_6p2_q0_h0p02_p0.txt,knot_6.2,6.2,knot,0,0.02,0,0,C:\workspace\projects\SST-Workbench\KnotPlot\knots\final\knot_6.2_final.txt,61f2ba7a09821bc3a9de94eb5e44692aa26ee8a4b624d8b34396203c2f20f642,true,0.9629653061955326,384,1.50161637600822,28.49327552211147,0.023392628022213008,0.28346650516564936
knot_6.2/knot_6p2_q0_h0p05_p0.txt,knot_6.2,6.2,knot,0,0.05,0,0,C:\workspace\projects\SST-Workbench\KnotPlot\knots\final\knot_6.2_final.txt,61f2ba7a09821bc3a9de94eb5e44692aa26ee8a4b624d8b34396203c2f20f642,true,0.9008572751160067,384,1.4916835830840134,28.526672829812384,0.05870121698693438,0.2651838667366613
knot_6.2/knot_6p2_q0_h0p1_p0.txt,knot_6.2,6.2,knot,0,0.1,0,0,C:\workspace\projects\SST-Workbench\KnotPlot\knots\final\knot_6.2_final.txt,61f2ba7a09821bc3a9de94eb5e44692aa26ee8a4b624d8b34396203c2f20f642,false,0.8018787722885649,384,1.4780638294244564,28.750486741827928,0.1170912627411821,0.23604772849522165
knot_6.2/knot_6p2_q0p02_h0_p0.txt,knot_6.2,6.2,knot,0.02,0,0,0,C:\workspace\projects\SST-Workbench\KnotPlot\knots\final\knot_6.2_final.txt,61f2ba7a09821bc3a9de94eb5e44692aa26ee8a4b624d8b34396203c2f20f642,true,0.9781277965266846,384,1.5362134920164487,29.14978527158437,0.018923976033943548,0.28792986237709484
knot_6.2/knot_6p2_q0p05_h0_p0.txt,knot_6.2,6.2,knot,0.05,0,0,0,C:\workspace\projects\SST-Workbench\KnotPlot\knots\final\knot_6.2_final.txt,61f2ba7a09821bc3a9de94eb5e44692aa26ee8a4b624d8b34396203c2f20f642,true,0.9395157854733691,384,1.5772986042330126,30.114948081825197,0.04559237774798317,0.2765637085185068
knot_6.2/knot_6p2_q0p1_h0_p0.txt,knot_6.2,6.2,knot,0.1,0,0,0,C:\workspace\projects\SST-Workbench\KnotPlot\knots\final\knot_6.2_final.txt,61f2ba7a09821bc3a9de94eb5e44692aa26ee8a4b624d8b34396203c2f20f642,true,0.8753104777099713,384,1.6462614049814674,31.749984513190704,0.0863038658450665,0.2576636982194029
knot_6.3/knot_6p3_qm0p1_h0_p0.txt,knot_6.3,6.3,knot,-0.1,0,0,0,C:\workspace\projects\SST-Workbench\KnotPlot\knots\final\knot_6.3_final.txt,07040d9f35195459e60fda1a23c302917da077dde0c539d880b77dc335f6aa57,false,0.7671148563908494,384,1.3659900227172215,25.800902485026473,0.10676181570496805,0.2286194637021094
knot_6.3/knot_6p3_qm0p05_h0_p0.txt,knot_6.3,6.3,knot,-0.05,0,0,0,C:\workspace\projects\SST-Workbench\KnotPlot\knots\final\knot_6.3_final.txt,07040d9f35195459e60fda1a23c302917da077dde0c539d880b77dc335f6aa57,true,0.8873757995560486,384,1.4326260677997442,27.339775493823698,0.05042984516195468,0.26446024047977795
knot_6.3/knot_6p3_qm0p02_h0_p0.txt,knot_6.3,6.3,knot,-0.02,0,0,0,C:\workspace\projects\SST-Workbench\KnotPlot\knots\final\knot_6.3_final.txt,07040d9f35195459e60fda1a23c302917da077dde0c539d880b77dc335f6aa57,true,0.9594375609866972,384,1.4729939001728318,28.284269602865557,0.019472815450805748,0.28593645243741767
knot_6.3/knot_6p3_q0_hm0p1_p0.txt,knot_6.3,6.3,knot,0,-0.1,0,0,C:\workspace\projects\SST-Workbench\KnotPlot\knots\final\knot_6.3_final.txt,07040d9f35195459e60fda1a23c302917da077dde0c539d880b77dc335f6aa57,false,0.6812383846945692,384,1.544269145216051,29.69443095119324,0.12155588253029996,0.20302612166177508
knot_6.3/knot_6p3_q0_hm0p05_p0.txt,knot_6.3,6.3,knot,0,-0.05,0,0,C:\workspace\projects\SST-Workbench\KnotPlot\knots\final\knot_6.3_final.txt,07040d9f35195459e60fda1a23c302917da077dde0c539d880b77dc335f6aa57,true,0.8436476002817439,384,1.5204726075294197,29.19952110605345,0.06292711488930636,0.2514281405491557
knot_6.3/knot_6p3_q0_hm0p02_p0.txt,knot_6.3,6.3,knot,0,-0.02,0,0,C:\workspace\projects\SST-Workbench\KnotPlot\knots\final\knot_6.3_final.txt,07040d9f35195459e60fda1a23c302917da077dde0c539d880b77dc335f6aa57,true,0.941264248388843,384,1.5078059874967549,29.007067095046907,0.025590135369827575,0.28052034956155925
knot_6.3/knot_6p3_q0_h0_pm0p1.txt,knot_6.3,6.3,knot,0,0,-0.1,0,C:\workspace\projects\SST-Workbench\KnotPlot\knots\final\knot_6.3_final.txt,07040d9f35195459e60fda1a23c302917da077dde0c539d880b77dc335f6aa57,false,0.7427099399162529,384,1.5061496274303139,29.447369742616875,0.10688236976146846,0.22134618660463878
knot_6.3/knot_6p3_q0_h0_pm0p05.txt,knot_6.3,6.3,knot,0,0,-0.05,0,C:\workspace\projects\SST-Workbench\KnotPlot\knots\final\knot_6.3_final.txt,07040d9f35195459e60fda1a23c302917da077dde0c539d880b77dc335f6aa57,true,0.8746518114041896,384,1.501248889342248,29.094104334362374,0.054288042704831806,0.2606681729383981
knot_6.3/knot_6p3_q0_h0_pm0p02.txt,knot_6.3,6.3,knot,0,0,-0.02,0,C:\workspace\projects\SST-Workbench\KnotPlot\knots\final\knot_6.3_final.txt,07040d9f35195459e60fda1a23c302917da077dde0c539d880b77dc335f6aa57,true,0.9541705682875747,384,1.5000852551280468,28.968785485942227,0.021872695847840202,0.2843667565357354
knot_6.3/knot_6p3_q0_h0_p0.txt,knot_6.3,6.3,knot,0.0,0.0,0.0,0,C:\workspace\projects\SST-Workbench\KnotPlot\knots\final\knot_6.3_final.txt,07040d9f35195459e60fda1a23c302917da077dde0c539d880b77dc335f6aa57,true,1.0,384,1.5000522983360318,28.92169473371819,0.0005220687439532589,0.2980250764243138
knot_6.3/knot_6p3_q0_h0_p0p02.txt,knot_6.3,6.3,knot,0,0,0.02,0,C:\workspace\projects\SST-Workbench\KnotPlot\knots\final\knot_6.3_final.txt,07040d9f35195459e60fda1a23c302917da077dde0c539d880b77dc335f6aa57,true,0.9620643831901967,384,1.5006137296538666,28.903767460068302,0.02201096837092911,0.2867193113253687
knot_6.3/knot_6p3_q0_h0_p0p05.txt,knot_6.3,6.3,knot,0,0,0.05,0,C:\workspace\projects\SST-Workbench\KnotPlot\knots\final\knot_6.3_final.txt,07040d9f35195459e60fda1a23c302917da077dde0c539d880b77dc335f6aa57,true,0.8946876768274691,384,1.5025687039813216,28.931179029946968,0.05519296127910585,0.26663936326239823
knot_6.3/knot_6p3_q0_h0_p0p1.txt,knot_6.3,6.3,knot,0,0,0.1,0,C:\workspace\projects\SST-Workbench\KnotPlot\knots\final\knot_6.3_final.txt,07040d9f35195459e60fda1a23c302917da077dde0c539d880b77dc335f6aa57,false,0.7832099648893064,384,1.5087795283188408,29.11861715974209,0.11055030995983896,0.23341620964241966
knot_6.3/knot_6p3_q0_h0p02_p0.txt,knot_6.3,6.3,knot,0,0.02,0,0,C:\workspace\projects\SST-Workbench\KnotPlot\knots\final\knot_6.3_final.txt,07040d9f35195459e60fda1a23c302917da077dde0c539d880b77dc335f6aa57,true,0.9667430274698319,384,1.4928613230885655,28.870166806917304,0.02605952857198773,0.28811366464436916
knot_6.3/knot_6p3_q0_h0p05_p0.txt,knot_6.3,6.3,knot,0,0.05,0,0,C:\workspace\projects\SST-Workbench\KnotPlot\knots\final\knot_6.3_final.txt,07040d9f35195459e60fda1a23c302917da077dde0c539d880b77dc335f6aa57,true,0.9063336416456799,384,1.4831476782013342,28.85521584736823,0.06569774153201201,0.2701101528173804
knot_6.3/knot_6p3_q0_h0p1_p0.txt,knot_6.3,6.3,knot,0,0.1,0,0,C:\workspace\projects\SST-Workbench\KnotPlot\knots\final\knot_6.3_final.txt,07040d9f35195459e60fda1a23c302917da077dde0c539d880b77dc335f6aa57,false,0.8059797094870635,384,1.4698800505754552,28.991824136407153,0.13233670005974194,0.24020216451632836
knot_6.3/knot_6p3_q0p02_h0_p0.txt,knot_6.3,6.3,knot,0.02,0,0,0,C:\workspace\projects\SST-Workbench\KnotPlot\knots\final\knot_6.3_final.txt,07040d9f35195459e60fda1a23c302917da077dde0c539d880b77dc335f6aa57,true,0.9809626406723483,384,1.5272206402090207,29.56482934065228,0.01878858095150837,0.29235146595577327
knot_6.3/knot_6p3_q0p05_h0_p0.txt,knot_6.3,6.3,knot,0.05,0,0,0,C:\workspace\projects\SST-Workbench\KnotPlot\knots\final\knot_6.3_final.txt,07040d9f35195459e60fda1a23c302917da077dde0c539d880b77dc335f6aa57,true,0.9433004745630192,384,1.5681667911847128,30.539415817189674,0.04536530664960385,0.2811271960227353
knot_6.3/knot_6p3_q0p1_h0_p0.txt,knot_6.3,6.3,knot,0.1,0,0,0,C:\workspace\projects\SST-Workbench\KnotPlot\knots\final\knot_6.3_final.txt,07040d9f35195459e60fda1a23c302917da077dde0c539d880b77dc335f6aa57,true,0.8805445399697122,384,1.6368836280668821,32.18740449158704,0.08602700254056757,0.2624243538194857
knot_7.1/knot_7p1_qm0p1_h0_p0.txt,knot_7.1,7.1,knot,-0.1,0,0,0,C:\workspace\projects\SST-Workbench\KnotPlot\knots\final\knot_7.1_final.txt,79b66c2d6bb799e8fe933ebcdf41957b275f577a82eec0c770ac55a81461516e,false,0.7269237414406613,384,1.5087102275748228,27.369620171597596,0.12567723690988278,0.23046536878438434
knot_7.1/knot_7p1_qm0p05_h0_p0.txt,knot_7.1,7.1,knot,-0.05,0,0,0,C:\workspace\projects\SST-Workbench\KnotPlot\knots\final\knot_7.1_final.txt,79b66c2d6bb799e8fe933ebcdf41957b275f577a82eec0c770ac55a81461516e,true,0.8657258006945509,384,1.5798520266912228,28.999664711793184,0.05925506828847133,0.2744714535362481
knot_7.1/knot_7p1_qm0p02_h0_p0.txt,knot_7.1,7.1,knot,-0.02,0,0,0,C:\workspace\projects\SST-Workbench\KnotPlot\knots\final\knot_7.1_final.txt,79b66c2d6bb799e8fe933ebcdf41957b275f577a82eec0c770ac55a81461516e,true,0.9490074646271467,384,1.6230582570880674,30.016768651779582,0.022797362126503573,0.3008752402019084
knot_7.1/knot_7p1_q0_hm0p1_p0.txt,knot_7.1,7.1,knot,0,-0.1,0,0,C:\workspace\projects\SST-Workbench\KnotPlot\knots\final\knot_7.1_final.txt,79b66c2d6bb799e8fe933ebcdf41957b275f577a82eec0c770ac55a81461516e,false,0.8062037282157415,384,1.7449358815940195,31.59271273244533,0.1358607665300202,0.25560045565488443
knot_7.1/knot_7p1_q0_hm0p05_p0.txt,knot_7.1,7.1,knot,0,-0.05,0,0,C:\workspace\projects\SST-Workbench\KnotPlot\knots\final\knot_7.1_final.txt,79b66c2d6bb799e8fe933ebcdf41957b275f577a82eec0c770ac55a81461516e,true,0.9054537192734774,384,1.6971239307927042,31.031574681135723,0.06881373691690466,0.28706687295147115
knot_7.1/knot_7p1_q0_hm0p02_p0.txt,knot_7.1,7.1,knot,0,-0.02,0,0,C:\workspace\projects\SST-Workbench\KnotPlot\knots\final\knot_7.1_final.txt,79b66c2d6bb799e8fe933ebcdf41957b275f577a82eec0c770ac55a81461516e,true,0.9649124034187029,384,1.669741584448926,30.808649054848736,0.02763680209298028,0.3059177740677366
knot_7.1/knot_7p1_q0_h0_pm0p1.txt,knot_7.1,7.1,knot,0,0,-0.1,0,C:\workspace\projects\SST-Workbench\KnotPlot\knots\final\knot_7.1_final.txt,79b66c2d6bb799e8fe933ebcdf41957b275f577a82eec0c770ac55a81461516e,true,0.8261689603413592,384,1.6635064533738506,30.88037640702767,0.08434199660654122,0.261930273106681
knot_7.1/knot_7p1_q0_h0_pm0p05.txt,knot_7.1,7.1,knot,0,0,-0.05,0,C:\workspace\projects\SST-Workbench\KnotPlot\knots\final\knot_7.1_final.txt,79b66c2d6bb799e8fe933ebcdf41957b275f577a82eec0c770ac55a81461516e,true,0.9112730712619278,384,1.6557759385265192,30.680471687021814,0.04247806115118815,0.28891185204026304
knot_7.1/knot_7p1_q0_h0_pm0p02.txt,knot_7.1,7.1,knot,0,0,-0.02,0,C:\workspace\projects\SST-Workbench\KnotPlot\knots\final\knot_7.1_final.txt,79b66c2d6bb799e8fe933ebcdf41957b275f577a82eec0c770ac55a81461516e,true,0.9664725357141335,384,1.6530625596930002,30.670245695905738,0.01701785490041542,0.30641240155659294
knot_7.1/knot_7p1_q0_h0_p0.txt,knot_7.1,7.1,knot,0.0,0.0,0.0,0,C:\workspace\projects\SST-Workbench\KnotPlot\knots\final\knot_7.1_final.txt,79b66c2d6bb799e8fe933ebcdf41957b275f577a82eec0c770ac55a81461516e,true,1.0,384,1.6520606697915354,30.709270925142665,0.0006429291288246233,0.3170420164399008
knot_7.1/knot_7p1_q0_h0_p0p02.txt,knot_7.1,7.1,knot,0,0,0.02,0,C:\workspace\projects\SST-Workbench\KnotPlot\knots\final\knot_7.1_final.txt,79b66c2d6bb799e8fe933ebcdf41957b275f577a82eec0c770ac55a81461516e,true,0.9757984739530292,384,1.6517058844317352,30.784775962178998,0.01701582684668411,0.3093691158210464
knot_7.1/knot_7p1_q0_h0_p0p05.txt,knot_7.1,7.1,knot,0,0,0.05,0,C:\workspace\projects\SST-Workbench\KnotPlot\knots\final\knot_7.1_final.txt,79b66c2d6bb799e8fe933ebcdf41957b275f577a82eec0c770ac55a81461516e,true,0.9412160475527775,384,1.6523877313217052,30.9655989823639,0.04238453254058059,0.29840503362172616
knot_7.1/knot_7p1_q0_h0_p0p1.txt,knot_7.1,7.1,knot,0,0,0.1,0,C:\workspace\projects\SST-Workbench\KnotPlot\knots\final\knot_7.1_final.txt,79b66c2d6bb799e8fe933ebcdf41957b275f577a82eec0c770ac55a81461516e,true,0.8847838176695964,384,1.6567547291179465,31.44189454526786,0.0840905975330501,0.28051364566736237
knot_7.1/knot_7p1_q0_h0p02_p0.txt,knot_7.1,7.1,knot,0,0.02,0,0,C:\workspace\projects\SST-Workbench\KnotPlot\knots\final\knot_7.1_final.txt,79b66c2d6bb799e8fe933ebcdf41957b275f577a82eec0c770ac55a81461516e,true,0.9550061800833362,384,1.6348563792710815,30.650327843344993,0.02741800315286495,0.30277708504618794
knot_7.1/knot_7p1_q0_h0p05_p0.txt,knot_7.1,7.1,knot,0,0.05,0,0,C:\workspace\projects\SST-Workbench\KnotPlot\knots\final\knot_7.1_final.txt,79b66c2d6bb799e8fe933ebcdf41957b275f577a82eec0c770ac55a81461516e,true,0.8819518244405542,384,1.6099769226552998,30.639615972460213,0.06814881408332463,0.2796157848234827
knot_7.1/knot_7p1_q0_h0p1_p0.txt,knot_7.1,7.1,knot,0,0.1,0,0,C:\workspace\projects\SST-Workbench\KnotPlot\knots\final\knot_7.1_final.txt,79b66c2d6bb799e8fe933ebcdf41957b275f577a82eec0c770ac55a81461516e,false,0.765633195699743,384,1.5711121350498816,30.835447200902905,0.13352711446590443,0.2427378922179717
knot_7.1/knot_7p1_q0p02_h0_p0.txt,knot_7.1,7.1,knot,0.02,0,0,0,C:\workspace\projects\SST-Workbench\KnotPlot\knots\final\knot_7.1_final.txt,79b66c2d6bb799e8fe933ebcdf41957b275f577a82eec0c770ac55a81461516e,true,0.9715359897223196,384,1.6812121199417969,31.41245076815969,0.022102098820202108,0.30801772922549897
knot_7.1/knot_7p1_q0p05_h0_p0.txt,knot_7.1,7.1,knot,0.05,0,0,0,C:\workspace\projects\SST-Workbench\KnotPlot\knots\final\knot_7.1_final.txt,79b66c2d6bb799e8fe933ebcdf41957b275f577a82eec0c770ac55a81461516e,true,0.9250695351285236,384,1.725202203245739,32.485820770395975,0.053124560294547936,0.2932859107642688
knot_7.1/knot_7p1_q0p1_h0_p0.txt,knot_7.1,7.1,knot,0.1,0,0,0,C:\workspace\projects\SST-Workbench\KnotPlot\knots\final\knot_7.1_final.txt,79b66c2d6bb799e8fe933ebcdf41957b275f577a82eec0c770ac55a81461516e,false,0.8477872198788823,384,1.7991628560183341,34.3197423221514,0.10021981852853308,0.2687841697023784
knot_7.2/knot_7p2_qm0p1_h0_p0.txt,knot_7.2,7.2,knot,-0.1,0,0,0,C:\workspace\projects\SST-Workbench\KnotPlot\knots\final\knot_7.2_final.txt,24cb1998ccbef26ac4d8755fb2f845acd0a6f73d7836db2cb1f67926417f3386,false,0.7344757738193661,384,1.5022976465824938,28.465717705247854,0.12123561768208843,0.24194202598641407
knot_7.2/knot_7p2_qm0p05_h0_p0.txt,knot_7.2,7.2,knot,-0.05,0,0,0,C:\workspace\projects\SST-Workbench\KnotPlot\knots\final\knot_7.2_final.txt,24cb1998ccbef26ac4d8755fb2f845acd0a6f73d7836db2cb1f67926417f3386,true,0.8696701152862519,384,1.5736688194269215,30.16056394341844,0.05719111268154682,0.2864760923808787
knot_7.2/knot_7p2_qm0p02_h0_p0.txt,knot_7.2,7.2,knot,-0.02,0,0,0,C:\workspace\projects\SST-Workbench\KnotPlot\knots\final\knot_7.2_final.txt,24cb1998ccbef26ac4d8755fb2f845acd0a6f73d7836db2cb1f67926417f3386,true,0.9508724552549868,384,1.6169902369018674,31.214819874778094,0.0220196945512227,0.3132247740218132
knot_7.2/knot_7p2_q0_hm0p1_p0.txt,knot_7.2,7.2,knot,0,-0.1,0,0,C:\workspace\projects\SST-Workbench\KnotPlot\knots\final\knot_7.2_final.txt,24cb1998ccbef26ac4d8755fb2f845acd0a6f73d7836db2cb1f67926417f3386,false,0.7221569173075619,384,1.7170597043663114,32.601288070182626,0.1372074242297401,0.23788409894710122
knot_7.2/knot_7p2_q0_hm0p05_p0.txt,knot_7.2,7.2,knot,0,-0.05,0,0,C:\workspace\projects\SST-Workbench\KnotPlot\knots\final\knot_7.2_final.txt,24cb1998ccbef26ac4d8755fb2f845acd0a6f73d7836db2cb1f67926417f3386,true,0.8630599785434994,384,1.6799203373464675,32.12141375986719,0.06974233792462466,0.28429866198413134
knot_7.2/knot_7p2_q0_hm0p02_p0.txt,knot_7.2,7.2,knot,0,-0.02,0,0,C:\workspace\projects\SST-Workbench\KnotPlot\knots\final\knot_7.2_final.txt,24cb1998ccbef26ac4d8755fb2f845acd0a6f73d7836db2cb1f67926417f3386,true,0.9481841284477643,384,1.6591977436472753,31.972224867746057,0.028058941347124937,0.3123392182860934
knot_7.2/knot_7p2_q0_h0_pm0p1.txt,knot_7.2,7.2,knot,0,0,-0.1,0,C:\workspace\projects\SST-Workbench\KnotPlot\knots\final\knot_7.2_final.txt,24cb1998ccbef26ac4d8755fb2f845acd0a6f73d7836db2cb1f67926417f3386,true,0.8094167359045209,384,1.6542482735962676,32.62921646945598,0.0987949120836729,0.2666281611082956
knot_7.2/knot_7p2_q0_h0_pm0p05.txt,knot_7.2,7.2,knot,0,0,-0.05,0,C:\workspace\projects\SST-Workbench\KnotPlot\knots\final\knot_7.2_final.txt,24cb1998ccbef26ac4d8755fb2f845acd0a6f73d7836db2cb1f67926417f3386,true,0.885708800289058,384,1.648145521568132,32.124195467274845,0.04973336910745625,0.29175935982421186
knot_7.2/knot_7p2_q0_h0_pm0p02.txt,knot_7.2,7.2,knot,0,0,-0.02,0,C:\workspace\projects\SST-Workbench\KnotPlot\knots\final\knot_7.2_final.txt,24cb1998ccbef26ac4d8755fb2f845acd0a6f73d7836db2cb1f67926417f3386,true,0.9519670953368286,384,1.6464108839903755,31.970173411240992,0.019967261539115537,0.31358535696895323
knot_7.2/knot_7p2_q0_h0_p0.txt,knot_7.2,7.2,knot,0.0,0.0,0.0,0,C:\workspace\projects\SST-Workbench\KnotPlot\knots\final\knot_7.2_final.txt,24cb1998ccbef26ac4d8755fb2f845acd0a6f73d7836db2cb1f67926417f3386,true,1.0,384,1.6460607891998933,31.931425157060097,0.0006944849273315078,0.3294077689292394
knot_7.2/knot_7p2_q0_h0_p0p02.txt,knot_7.2,7.2,knot,0,0,0.02,0,C:\workspace\projects\SST-Workbench\KnotPlot\knots\final\knot_7.2_final.txt,24cb1998ccbef26ac4d8755fb2f845acd0a6f73d7836db2cb1f67926417f3386,true,0.9471114946826502,384,1.6463563492956101,31.944161615648653,0.019956908948930818,0.311985884390649
knot_7.2/knot_7p2_q0_h0_p0p05.txt,knot_7.2,7.2,knot,0,0,0.05,0,C:\workspace\projects\SST-Workbench\KnotPlot\knots\final\knot_7.2_final.txt,24cb1998ccbef26ac4d8755fb2f845acd0a6f73d7836db2cb1f67926417f3386,true,0.8796074197363912,384,1.6480093249508898,32.05941743348258,0.04982077780144712,0.28974951766896967
knot_7.2/knot_7p2_q0_h0_p0p1.txt,knot_7.2,7.2,knot,0,0,0.1,0,C:\workspace\projects\SST-Workbench\KnotPlot\knots\final\knot_7.2_final.txt,24cb1998ccbef26ac4d8755fb2f845acd0a6f73d7836db2cb1f67926417f3386,true,0.8033731496566191,384,1.6539768742084113,32.50147606042836,0.09919162907816428,0.26463735684604284
knot_7.2/knot_7p2_q0_h0p02_p0.txt,knot_7.2,7.2,knot,0,0.02,0,0,C:\workspace\projects\SST-Workbench\KnotPlot\knots\final\knot_7.2_final.txt,24cb1998ccbef26ac4d8755fb2f845acd0a6f73d7836db2cb1f67926417f3386,true,0.9604058766959924,384,1.6334816700008725,31.93789784310907,0.027889470515322163,0.3163651571089571
knot_7.2/knot_7p2_q0_h0p05_p0.txt,knot_7.2,7.2,knot,0,0.05,0,0,C:\workspace\projects\SST-Workbench\KnotPlot\knots\final\knot_7.2_final.txt,24cb1998ccbef26ac4d8755fb2f845acd0a6f73d7836db2cb1f67926417f3386,true,0.8947200865674765,384,1.6156872760815575,32.0366440822271,0.06940626390863261,0.29472774753236836
knot_7.2/knot_7p2_q0_h0p1_p0.txt,knot_7.2,7.2,knot,0,0.1,0,0,C:\workspace\projects\SST-Workbench\KnotPlot\knots\final\knot_7.2_final.txt,24cb1998ccbef26ac4d8755fb2f845acd0a6f73d7836db2cb1f67926417f3386,false,0.7879566271917975,384,1.588999715821772,32.439035587675406,0.13625318166180114,0.25955903457625845
knot_7.2/knot_7p2_q0p02_h0_p0.txt,knot_7.2,7.2,knot,0.02,0,0,0,C:\workspace\projects\SST-Workbench\KnotPlot\knots\final\knot_7.2_final.txt,24cb1998ccbef26ac4d8755fb2f845acd0a6f73d7836db2cb1f67926417f3386,true,0.9745363138092884,384,1.6752738208179865,32.658200281521495,0.021344004864713592,0.3210198328724428
knot_7.2/knot_7p2_q0p05_h0_p0.txt,knot_7.2,7.2,knot,0.05,0,0,0,C:\workspace\projects\SST-Workbench\KnotPlot\knots\final\knot_7.2_final.txt,24cb1998ccbef26ac4d8755fb2f845acd0a6f73d7836db2cb1f67926417f3386,true,0.9318108135499689,384,1.7193446206161997,33.76604843723116,0.051340221036367845,0.30694572115563473
knot_7.2/knot_7p2_q0p1_h0_p0.txt,knot_7.2,7.2,knot,0.1,0,0,0,C:\workspace\projects\SST-Workbench\KnotPlot\knots\final\knot_7.2_final.txt,24cb1998ccbef26ac4d8755fb2f845acd0a6f73d7836db2cb1f67926417f3386,true,0.8608163355253109,384,1.7934109850611446,35.65510583318425,0.09696499166486627,0.2835595885432362
knot_7.3/knot_7p3_qm0p1_h0_p0.txt,knot_7.3,7.3,knot,-0.1,0,0,0,C:\workspace\projects\SST-Workbench\KnotPlot\knots\final\knot_7.3_final.txt,04e7ec789ef929f30bf24f0937343aaf0cf28a7f34cb1ca53ca2ec9ded05ae58,false,0.7073835906449916,384,1.5227307479118344,28.490709528594387,0.12215489513894368,0.23317537226840224
knot_7.3/knot_7p3_qm0p05_h0_p0.txt,knot_7.3,7.3,knot,-0.05,0,0,0,C:\workspace\projects\SST-Workbench\KnotPlot\knots\final\knot_7.3_final.txt,04e7ec789ef929f30bf24f0937343aaf0cf28a7f34cb1ca53ca2ec9ded05ae58,true,0.8564269897233314,384,1.5945632975122386,30.187650477580515,0.05761724654508993,0.2823046573180483
knot_7.3/knot_7p3_qm0p02_h0_p0.txt,knot_7.3,7.3,knot,-0.02,0,0,0,C:\workspace\projects\SST-Workbench\KnotPlot\knots\final\knot_7.3_final.txt,04e7ec789ef929f30bf24f0937343aaf0cf28a7f34cb1ca53ca2ec9ded05ae58,true,0.9459505398111615,384,1.6381875995270876,31.246650089109323,0.022177787458181133,0.3118143708519532
knot_7.3/knot_7p3_q0_hm0p1_p0.txt,knot_7.3,7.3,knot,0,-0.1,0,0,C:\workspace\projects\SST-Workbench\KnotPlot\knots\final\knot_7.3_final.txt,04e7ec789ef929f30bf24f0937343aaf0cf28a7f34cb1ca53ca2ec9ded05ae58,false,0.7132709544360777,384,1.7325205474879517,32.81471030934676,0.13266679051405592,0.23511602831672013
knot_7.3/knot_7p3_q0_hm0p05_p0.txt,knot_7.3,7.3,knot,0,-0.05,0,0,C:\workspace\projects\SST-Workbench\KnotPlot\knots\final\knot_7.3_final.txt,04e7ec789ef929f30bf24f0937343aaf0cf28a7f34cb1ca53ca2ec9ded05ae58,true,0.8590442692894998,384,1.69826159830004,32.24660924510833,0.06807090190375122,0.2831673931027664
knot_7.3/knot_7p3_q0_hm0p02_p0.txt,knot_7.3,7.3,knot,0,-0.02,0,0,C:\workspace\projects\SST-Workbench\KnotPlot\knots\final\knot_7.3_final.txt,04e7ec789ef929f30bf24f0937343aaf0cf28a7f34cb1ca53ca2ec9ded05ae58,true,0.9467438452442462,384,1.6793579162812509,32.044395288181065,0.02753248374361953,0.31207586870421944
knot_7.3/knot_7p3_q0_h0_pm0p1.txt,knot_7.3,7.3,knot,0,0,-0.1,0,C:\workspace\projects\SST-Workbench\KnotPlot\knots\final\knot_7.3_final.txt,04e7ec789ef929f30bf24f0937343aaf0cf28a7f34cb1ca53ca2ec9ded05ae58,false,0.8014692292419099,384,1.6844225323388216,32.32060535433852,0.10261865542991563,0.2641888903865471
knot_7.3/knot_7p3_q0_h0_pm0p05.txt,knot_7.3,7.3,knot,0,0,-0.05,0,C:\workspace\projects\SST-Workbench\KnotPlot\knots\final\knot_7.3_final.txt,04e7ec789ef929f30bf24f0937343aaf0cf28a7f34cb1ca53ca2ec9ded05ae58,true,0.9012144768800339,384,1.6739072667858703,32.04090897966016,0.05180421304927072,0.2970679895876139
knot_7.3/knot_7p3_q0_h0_pm0p02.txt,knot_7.3,7.3,knot,0,0,-0.02,0,C:\workspace\projects\SST-Workbench\KnotPlot\knots\final\knot_7.3_final.txt,04e7ec789ef929f30bf24f0937343aaf0cf28a7f34cb1ca53ca2ec9ded05ae58,true,0.9633826532104124,384,1.6695519053814563,31.972040377735816,0.020812825521768333,0.3175605311885099
knot_7.3/knot_7p3_q0_h0_p0.txt,knot_7.3,7.3,knot,0.0,0.0,0.0,0,C:\workspace\projects\SST-Workbench\KnotPlot\knots\final\knot_7.3_final.txt,04e7ec789ef929f30bf24f0937343aaf0cf28a7f34cb1ca53ca2ec9ded05ae58,true,1.0,384,1.667470097599124,31.967710420707675,0.0007291296968723604,0.329630734091235
knot_7.3/knot_7p3_q0_h0_p0p02.txt,knot_7.3,7.3,knot,0,0,0.02,0,C:\workspace\projects\SST-Workbench\KnotPlot\knots\final\knot_7.3_final.txt,04e7ec789ef929f30bf24f0937343aaf0cf28a7f34cb1ca53ca2ec9ded05ae58,true,0.9631950301624166,384,1.6660486916444406,31.996547313148334,0.020873095750235663,0.3174986848654666
knot_7.3/knot_7p3_q0_h0_p0p05.txt,knot_7.3,7.3,knot,0,0,0.05,0,C:\workspace\projects\SST-Workbench\KnotPlot\knots\final\knot_7.3_final.txt,04e7ec789ef929f30bf24f0937343aaf0cf28a7f34cb1ca53ca2ec9ded05ae58,true,0.9067266012219093,384,1.665158320766165,32.10149655236757,0.05209050091610844,0.29888495518082847
knot_7.3/knot_7p3_q0_h0_p0p1.txt,knot_7.3,7.3,knot,0,0,0.1,0,C:\workspace\projects\SST-Workbench\KnotPlot\knots\final\knot_7.3_final.txt,04e7ec789ef929f30bf24f0937343aaf0cf28a7f34cb1ca53ca2ec9ded05ae58,false,0.8116648006124866,384,1.6669890996305978,32.43826123731302,0.10333448692344788,0.26754966406190983
knot_7.3/knot_7p3_q0_h0p02_p0.txt,knot_7.3,7.3,knot,0,0.02,0,0,C:\workspace\projects\SST-Workbench\KnotPlot\knots\final\knot_7.3_final.txt,04e7ec789ef929f30bf24f0937343aaf0cf28a7f34cb1ca53ca2ec9ded05ae58,true,0.9532679032083682,384,1.6561684369687142,31.93760962460862,0.02759079340583745,0.31422639872018676
knot_7.3/knot_7p3_q0_h0p05_p0.txt,knot_7.3,7.3,knot,0,0.05,0,0,C:\workspace\projects\SST-Workbench\KnotPlot\knots\final\knot_7.3_final.txt,04e7ec789ef929f30bf24f0937343aaf0cf28a7f34cb1ca53ca2ec9ded05ae58,true,0.8769826613366682,384,1.64034132358111,31.979839042069678,0.06898012910940172,0.2890804384416909
knot_7.3/knot_7p3_q0_h0p1_p0.txt,knot_7.3,7.3,knot,0,0.1,0,0,C:\workspace\projects\SST-Workbench\KnotPlot\knots\final\knot_7.3_final.txt,04e7ec789ef929f30bf24f0937343aaf0cf28a7f34cb1ca53ca2ec9ded05ae58,false,0.7574132771627795,384,1.6170596311337426,32.28307550469556,0.1363971651534104,0.24966669456161505
knot_7.3/knot_7p3_q0p02_h0_p0.txt,knot_7.3,7.3,knot,0.02,0,0,0,C:\workspace\projects\SST-Workbench\KnotPlot\knots\final\knot_7.3_final.txt,04e7ec789ef929f30bf24f0937343aaf0cf28a7f34cb1ca53ca2ec9ded05ae58,true,0.9735086386214515,384,1.6969026605926716,32.69990570170749,0.021483838054718086,0.3208983671929479
knot_7.3/knot_7p3_q0p05_h0_p0.txt,knot_7.3,7.3,knot,0.05,0,0,0,C:\workspace\projects\SST-Workbench\KnotPlot\knots\final\knot_7.3_final.txt,04e7ec789ef929f30bf24f0937343aaf0cf28a7f34cb1ca53ca2ec9ded05ae58,true,0.9274923281425136,384,1.7413162207016042,33.81758941951421,0.05164382933547365,0.30572997698960536
knot_7.3/knot_7p3_q0p1_h0_p0.txt,knot_7.3,7.3,knot,0.1,0,0,0,C:\workspace\projects\SST-Workbench\KnotPlot\knots\final\knot_7.3_final.txt,04e7ec789ef929f30bf24f0937343aaf0cf28a7f34cb1ca53ca2ec9ded05ae58,true,0.8510534154371511,384,1.815987079262119,35.727282516741454,0.09741969791379251,0.2805333620814009
knot_7.4/knot_7p4_qm0p1_h0_p0.txt,knot_7.4,7.4,knot,-0.1,0,0,0,C:\workspace\projects\SST-Workbench\KnotPlot\knots\final\knot_7.4_final.txt,ffb8021c4db519e46ac7cbf603f745d8d480c633d79b7f4c1e69ca2fc57c5398,false,0.7288254928590996,384,1.472238860146434,28.647876825229332,0.11956185216800824,0.24131019029381268
knot_7.4/knot_7p4_qm0p05_h0_p0.txt,knot_7.4,7.4,knot,-0.05,0,0,0,C:\workspace\projects\SST-Workbench\KnotPlot\knots\final\knot_7.4_final.txt,ffb8021c4db519e46ac7cbf603f745d8d480c633d79b7f4c1e69ca2fc57c5398,true,0.8676189311546537,384,1.5423711500045054,30.357271490696643,0.0563853671658712,0.2872639492316983
knot_7.4/knot_7p4_qm0p02_h0_p0.txt,knot_7.4,7.4,knot,-0.02,0,0,0,C:\workspace\projects\SST-Workbench\KnotPlot\knots\final\knot_7.4_final.txt,ffb8021c4db519e46ac7cbf603f745d8d480c633d79b7f4c1e69ca2fc57c5398,true,0.9508956118100624,384,1.5849320111862428,31.417819508961337,0.021711053295849873,0.31483640910430966
knot_7.4/knot_7p4_q0_hm0p1_p0.txt,knot_7.4,7.4,knot,0,-0.1,0,0,C:\workspace\projects\SST-Workbench\KnotPlot\knots\final\knot_7.4_final.txt,ffb8021c4db519e46ac7cbf603f745d8d480c633d79b7f4c1e69ca2fc57c5398,false,0.7627558714450807,384,1.6612210124236748,33.05786916271238,0.10611275001715817,0.25254435566473654
knot_7.4/knot_7p4_q0_hm0p05_p0.txt,knot_7.4,7.4,knot,0,-0.05,0,0,C:\workspace\projects\SST-Workbench\KnotPlot\knots\final\knot_7.4_final.txt,ffb8021c4db519e46ac7cbf603f745d8d480c633d79b7f4c1e69ca2fc57c5398,true,0.8839735202415722,384,1.6355404467850228,32.48831982513807,0.054857372694098704,0.2926788654817592
knot_7.4/knot_7p4_q0_hm0p02_p0.txt,knot_7.4,7.4,knot,0,-0.02,0,0,C:\workspace\projects\SST-Workbench\KnotPlot\knots\final\knot_7.4_final.txt,ffb8021c4db519e46ac7cbf603f745d8d480c633d79b7f4c1e69ca2fc57c5398,true,0.9572361186691937,384,1.6218640343623163,32.2517342059372,0.0223128209632297,0.3169357167324417
knot_7.4/knot_7p4_q0_h0_pm0p1.txt,knot_7.4,7.4,knot,0,0,-0.1,0,C:\workspace\projects\SST-Workbench\KnotPlot\knots\final\knot_7.4_final.txt,ffb8021c4db519e46ac7cbf603f745d8d480c633d79b7f4c1e69ca2fc57c5398,false,0.7111330735628991,384,1.6215077586182765,32.595134709610775,0.1291662229637073,0.23545232567607569
knot_7.4/knot_7p4_q0_h0_pm0p05.txt,knot_7.4,7.4,knot,0,0,-0.05,0,C:\workspace\projects\SST-Workbench\KnotPlot\knots\final\knot_7.4_final.txt,ffb8021c4db519e46ac7cbf603f745d8d480c633d79b7f4c1e69ca2fc57c5398,true,0.8561433256425783,384,1.6154953815613848,32.27355527705671,0.06572163839862885,0.28346443813200767
knot_7.4/knot_7p4_q0_h0_pm0p02.txt,knot_7.4,7.4,knot,0,0,-0.02,0,C:\workspace\projects\SST-Workbench\KnotPlot\knots\final\knot_7.4_final.txt,ffb8021c4db519e46ac7cbf603f745d8d480c633d79b7f4c1e69ca2fc57c5398,true,0.9433111337576672,384,1.6138091779135333,32.16998920245308,0.02645200885818524,0.3123252293225446
knot_7.4/knot_7p4_q0_h0_p0.txt,knot_7.4,7.4,knot,0.0,0.0,0.0,0,C:\workspace\projects\SST-Workbench\KnotPlot\knots\final\knot_7.4_final.txt,ffb8021c4db519e46ac7cbf603f745d8d480c633d79b7f4c1e69ca2fc57c5398,true,1.0,384,1.61348893592395,32.13773352998423,0.0006975471337593457,0.33109460722508516
knot_7.4/knot_7p4_q0_h0_p0p02.txt,knot_7.4,7.4,knot,0,0,0.02,0,C:\workspace\projects\SST-Workbench\KnotPlot\knots\final\knot_7.4_final.txt,ffb8021c4db519e46ac7cbf603f745d8d480c633d79b7f4c1e69ca2fc57c5398,true,0.92704410314888,384,1.613812367744961,32.13474026736963,0.026577405422785177,0.30693930321240975
knot_7.4/knot_7p4_q0_h0_p0p05.txt,knot_7.4,7.4,knot,0,0,0.05,0,C:\workspace\projects\SST-Workbench\KnotPlot\knots\final\knot_7.4_final.txt,ffb8021c4db519e46ac7cbf603f745d8d480c633d79b7f4c1e69ca2fc57c5398,true,0.8175991129662942,384,1.61550334780457,32.18497189814903,0.06631485598891274,0.2707026571751532
knot_7.4/knot_7p4_q0_h0_p0p1.txt,knot_7.4,7.4,knot,0,0,0.1,0,C:\workspace\projects\SST-Workbench\KnotPlot\knots\final\knot_7.4_final.txt,ffb8021c4db519e46ac7cbf603f745d8d480c633d79b7f4c1e69ca2fc57c5398,false,0.6428277079328137,384,1.621523631990136,32.41514161594196,0.1313206045572308,0.2128367874714167
knot_7.4/knot_7p4_q0_h0p02_p0.txt,knot_7.4,7.4,knot,0,0.02,0,0,C:\workspace\projects\SST-Workbench\KnotPlot\knots\final\knot_7.4_final.txt,ffb8021c4db519e46ac7cbf603f745d8d480c633d79b7f4c1e69ca2fc57c5398,true,0.9629061766825442,384,1.6057187853146582,32.0585312401887,0.022657911768203493,0.3188130423633154
knot_7.4/knot_7p4_q0_h0p05_p0.txt,knot_7.4,7.4,knot,0,0.05,0,0,C:\workspace\projects\SST-Workbench\KnotPlot\knots\final\knot_7.4_final.txt,ffb8021c4db519e46ac7cbf603f745d8d480c633d79b7f4c1e69ca2fc57c5398,true,0.8985693367477232,384,1.5952169858535497,32.004503757184025,0.057112487203589135,0.2975114616149927
knot_7.4/knot_7p4_q0_h0p1_p0.txt,knot_7.4,7.4,knot,0,0.1,0,0,C:\workspace\projects\SST-Workbench\KnotPlot\knots\final\knot_7.4_final.txt,ffb8021c4db519e46ac7cbf603f745d8d480c633d79b7f4c1e69ca2fc57c5398,false,0.7937705198424803,384,1.5808556575126658,32.08520235333776,0.11490338059223107,0.26281313849409765
knot_7.4/knot_7p4_q0p02_h0_p0.txt,knot_7.4,7.4,knot,0.02,0,0,0,C:\workspace\projects\SST-Workbench\KnotPlot\knots\final\knot_7.4_final.txt,ffb8021c4db519e46ac7cbf603f745d8d480c633d79b7f4c1e69ca2fc57c5398,true,0.9762199305548194,384,1.6421833689469105,32.86717116415005,0.021034374863190885,0.32322115447234784
knot_7.4/knot_7p4_q0p05_h0_p0.txt,knot_7.4,7.4,knot,0.05,0,0,0,C:\workspace\projects\SST-Workbench\KnotPlot\knots\final\knot_7.4_final.txt,ffb8021c4db519e46ac7cbf603f745d8d480c633d79b7f4c1e69ca2fc57c5398,true,0.9353029513848428,384,1.6854674744039444,33.97790650450634,0.05060327395589962,0.30967376332522745
knot_7.4/knot_7p4_q0p1_h0_p0.txt,knot_7.4,7.4,knot,0.1,0,0,0,C:\workspace\projects\SST-Workbench\KnotPlot\knots\final\knot_7.4_final.txt,ffb8021c4db519e46ac7cbf603f745d8d480c633d79b7f4c1e69ca2fc57c5398,true,0.8654801245582938,384,1.7582010542426743,35.86917942780867,0.0955887325981165,0.28655580190174607
knot_8.17/knot_8p17_qm0p1_h0_p0.txt,knot_8.17,8.17,knot,-0.1,0,0,0,C:\workspace\projects\SST-Workbench\KnotPlot\knots\final\knot_8.17_final.txt,26272c74a20e2338c04f0690c8d0294aa19e64e03e7ab3f7598c662ee190358b,false,0.7352215603644149,384,1.5143309538241994,33.387013365286506,0.12727446809713558,0.28275310110363244
knot_8.17/knot_8p17_qm0p05_h0_p0.txt,knot_8.17,8.17,knot,-0.05,0,0,0,C:\workspace\projects\SST-Workbench\KnotPlot\knots\final\knot_8.17_final.txt,26272c74a20e2338c04f0690c8d0294aa19e64e03e7ab3f7598c662ee190358b,true,0.8715569290229912,384,1.5870586377392846,35.37473592989561,0.06012053133106036,0.3351852526569851
knot_8.17/knot_8p17_qm0p02_h0_p0.txt,knot_8.17,8.17,knot,-0.02,0,0,0,C:\workspace\projects\SST-Workbench\KnotPlot\knots\final\knot_8.17_final.txt,26272c74a20e2338c04f0690c8d0294aa19e64e03e7ab3f7598c662ee190358b,true,0.9533916995910977,384,1.6311678668727703,36.60492601802211,0.023176417058885044,0.3666574460795603
knot_8.17/knot_8p17_q0_hm0p1_p0.txt,knot_8.17,8.17,knot,0,-0.1,0,0,C:\workspace\projects\SST-Workbench\KnotPlot\knots\final\knot_8.17_final.txt,26272c74a20e2338c04f0690c8d0294aa19e64e03e7ab3f7598c662ee190358b,false,0.7185518702676938,384,1.7077602015708944,38.248232706363,0.11961970434186728,0.27634223555862836
knot_8.17/knot_8p17_q0_hm0p05_p0.txt,knot_8.17,8.17,knot,0,-0.05,0,0,C:\workspace\projects\SST-Workbench\KnotPlot\knots\final\knot_8.17_final.txt,26272c74a20e2338c04f0690c8d0294aa19e64e03e7ab3f7598c662ee190358b,true,0.8629485189980718,384,1.6823730782890545,37.69942967720423,0.06134113859836437,0.3318746116729107
knot_8.17/knot_8p17_q0_hm0p02_p0.txt,knot_8.17,8.17,knot,0,-0.02,0,0,C:\workspace\projects\SST-Workbench\KnotPlot\knots\final\knot_8.17_final.txt,26272c74a20e2338c04f0690c8d0294aa19e64e03e7ab3f7598c662ee190358b,true,0.9495987185563369,384,1.6689393053282817,37.50851813168986,0.024809677796104185,0.3651987332128235
knot_8.17/knot_8p17_q0_h0_pm0p1.txt,knot_8.17,8.17,knot,0,0,-0.1,0,C:\workspace\projects\SST-Workbench\KnotPlot\knots\final\knot_8.17_final.txt,26272c74a20e2338c04f0690c8d0294aa19e64e03e7ab3f7598c662ee190358b,false,0.7504194711576309,384,1.6742283323355547,38.181048675247624,0.10826192028828728,0.28859794657436133
knot_8.17/knot_8p17_q0_h0_pm0p05.txt,knot_8.17,8.17,knot,0,0,-0.05,0,C:\workspace\projects\SST-Workbench\KnotPlot\knots\final\knot_8.17_final.txt,26272c74a20e2338c04f0690c8d0294aa19e64e03e7ab3f7598c662ee190358b,true,0.8786509908623299,384,1.6654363073724145,37.68265360515764,0.054231104498340954,0.3379135023338577
knot_8.17/knot_8p17_q0_h0_pm0p02.txt,knot_8.17,8.17,knot,0,0,-0.02,0,C:\workspace\projects\SST-Workbench\KnotPlot\knots\final\knot_8.17_final.txt,26272c74a20e2338c04f0690c8d0294aa19e64e03e7ab3f7598c662ee190358b,true,0.9563695343494583,384,1.6621306329330903,37.50488100258919,0.021618556457618857,0.3678026682246825
knot_8.17/knot_8p17_q0_h0_p0.txt,knot_8.17,8.17,knot,0.0,0.0,0.0,0,C:\workspace\projects\SST-Workbench\KnotPlot\knots\final\knot_8.17_final.txt,26272c74a20e2338c04f0690c8d0294aa19e64e03e7ab3f7598c662ee190358b,true,1.0,384,1.6607535450090354,37.43875249434948,0.0009225614907488984,0.38458216726327366
knot_8.17/knot_8p17_q0_h0_p0p02.txt,knot_8.17,8.17,knot,0,0,0.02,0,C:\workspace\projects\SST-Workbench\KnotPlot\knots\final\knot_8.17_final.txt,26272c74a20e2338c04f0690c8d0294aa19e64e03e7ab3f7598c662ee190358b,true,0.9535609812718598,384,1.6600398485885404,37.415445851759856,0.02153723569296052,0.36672254879522576
knot_8.17/knot_8p17_q0_h0_p0p05.txt,knot_8.17,8.17,knot,0,0,0.05,0,C:\workspace\projects\SST-Workbench\KnotPlot\knots\final\knot_8.17_final.txt,26272c74a20e2338c04f0690c8d0294aa19e64e03e7ab3f7598c662ee190358b,true,0.8823878842884548,384,1.6602148170741449,37.46217423790705,0.053204569361083434,0.3393506449065087
knot_8.17/knot_8p17_q0_h0_p0p1.txt,knot_8.17,8.17,knot,0,0,0.1,0,C:\workspace\projects\SST-Workbench\KnotPlot\knots\final\knot_8.17_final.txt,26272c74a20e2338c04f0690c8d0294aa19e64e03e7ab3f7598c662ee190358b,false,0.7702695490803056,384,1.6638241489507348,37.76097204521608,0.10407590494244373,0.2962319325622085
knot_8.17/knot_8p17_q0_h0p02_p0.txt,knot_8.17,8.17,knot,0,0.02,0,0,C:\workspace\projects\SST-Workbench\KnotPlot\knots\final\knot_8.17_final.txt,26272c74a20e2338c04f0690c8d0294aa19e64e03e7ab3f7598c662ee190358b,true,0.9632908343491656,384,1.6531946324394664,37.41480748900516,0.024974866970880097,0.37046447677884925
knot_8.17/knot_8p17_q0_h0p05_p0.txt,knot_8.17,8.17,knot,0,0.05,0,0,C:\workspace\projects\SST-Workbench\KnotPlot\knots\final\knot_8.17_final.txt,26272c74a20e2338c04f0690c8d0294aa19e64e03e7ab3f7598c662ee190358b,true,0.8983564153743665,384,1.6430503322157621,37.46436550179527,0.06249177347287657,0.34549185719953956
knot_8.17/knot_8p17_q0_h0p1_p0.txt,knot_8.17,8.17,knot,0,0.1,0,0,C:\workspace\projects\SST-Workbench\KnotPlot\knots\final\knot_8.17_final.txt,26272c74a20e2338c04f0690c8d0294aa19e64e03e7ab3f7598c662ee190358b,false,0.7971279816602033,384,1.6293910965003262,37.7731241550656,0.12412149930268283,0.30656120677308
knot_8.17/knot_8p17_q0p02_h0_p0.txt,knot_8.17,8.17,knot,0.02,0,0,0,C:\workspace\projects\SST-Workbench\KnotPlot\knots\final\knot_8.17_final.txt,26272c74a20e2338c04f0690c8d0294aa19e64e03e7ab3f7598c662ee190358b,true,0.9753051070472218,384,1.690474051358909,38.28263540778718,0.022494262599520667,0.3750849518111597
knot_8.17/knot_8p17_q0p05_h0_p0.txt,knot_8.17,8.17,knot,0.05,0,0,0,C:\workspace\projects\SST-Workbench\KnotPlot\knots\final\knot_8.17_final.txt,26272c74a20e2338c04f0690c8d0294aa19e64e03e7ab3f7598c662ee190358b,true,0.9346130568676988,384,1.735292451035768,39.56585842736515,0.05415625031985443,0.35943551496273285
knot_8.17/knot_8p17_q0p1_h0_p0.txt,knot_8.17,8.17,knot,0.1,0,0,0,C:\workspace\projects\SST-Workbench\KnotPlot\knots\final\knot_8.17_final.txt,26272c74a20e2338c04f0690c8d0294aa19e64e03e7ab3f7598c662ee190358b,false,0.866803376937592,384,1.8105711197596766,41.746296566024526,0.10248102303999099,0.3333571212937835
knot_8.18/knot_8p18_qm0p1_h0_p0.txt,knot_8.18,8.18,knot,-0.1,0,0,0,C:\workspace\projects\SST-Workbench\KnotPlot\knots\final\knot_8.18_final.txt,9836871d37b6abf573047a71c9bfa2ee4c7b83edf8fa84f1ae0ee94e0ddcc5ae,false,0.7545004658277318,384,1.4823486932232195,33.420636080718076,0.13131659440414953,0.29104412187559936
knot_8.18/knot_8p18_qm0p05_h0_p0.txt,knot_8.18,8.18,knot,-0.05,0,0,0,C:\workspace\projects\SST-Workbench\KnotPlot\knots\final\knot_8.18_final.txt,9836871d37b6abf573047a71c9bfa2ee4c7b83edf8fa84f1ae0ee94e0ddcc5ae,true,0.8787653579951077,384,1.5541504605250454,35.40784247714271,0.06196315645565851,0.3389785739519716
knot_8.18/knot_8p18_qm0p02_h0_p0.txt,knot_8.18,8.18,knot,-0.02,0,0,0,C:\workspace\projects\SST-Workbench\KnotPlot\knots\final\knot_8.18_final.txt,9836871d37b6abf573047a71c9bfa2ee4c7b83edf8fa84f1ae0ee94e0ddcc5ae,true,0.953404237794746,384,1.5976705543501328,36.633600000307894,0.023841397156490255,0.36777008331867894
knot_8.18/knot_8p18_q0_hm0p1_p0.txt,knot_8.18,8.18,knot,0,-0.1,0,0,C:\workspace\projects\SST-Workbench\KnotPlot\knots\final\knot_8.18_final.txt,9836871d37b6abf573047a71c9bfa2ee4c7b83edf8fa84f1ae0ee94e0ddcc5ae,true,0.8691721254530322,384,1.6540096849513695,37.82293234978289,0.09780584618023358,0.33527804086072466
knot_8.18/knot_8p18_q0_hm0p05_p0.txt,knot_8.18,8.18,knot,0,-0.05,0,0,C:\workspace\projects\SST-Workbench\KnotPlot\knots\final\knot_8.18_final.txt,9836871d37b6abf573047a71c9bfa2ee4c7b83edf8fa84f1ae0ee94e0ddcc5ae,true,0.9371829064040035,384,1.6384684460984118,37.51545901680025,0.04860081016051352,0.3615128000377569
knot_8.18/knot_8p18_q0_hm0p02_p0.txt,knot_8.18,8.18,knot,0,-0.02,0,0,C:\workspace\projects\SST-Workbench\KnotPlot\knots\final\knot_8.18_final.txt,9836871d37b6abf573047a71c9bfa2ee4c7b83edf8fa84f1ae0ee94e0ddcc5ae,true,0.9780117713633301,384,1.6310209312655486,37.45271003681497,0.019293273557012613,0.3772622948193516
knot_8.18/knot_8p18_q0_h0_pm0p1.txt,knot_8.18,8.18,knot,0,0,-0.1,0,C:\workspace\projects\SST-Workbench\KnotPlot\knots\final\knot_8.18_final.txt,9836871d37b6abf573047a71c9bfa2ee4c7b83edf8fa84f1ae0ee94e0ddcc5ae,true,0.8367686465979715,384,1.6349643669848832,37.90212179617477,0.09106764032029527,0.32277858926828656
knot_8.18/knot_8p18_q0_h0_pm0p05.txt,knot_8.18,8.18,knot,0,0,-0.05,0,C:\workspace\projects\SST-Workbench\KnotPlot\knots\final\knot_8.18_final.txt,9836871d37b6abf573047a71c9bfa2ee4c7b83edf8fa84f1ae0ee94e0ddcc5ae,true,0.9186468762421254,384,1.6288827707721352,37.57312811393716,0.046009923202501704,0.35436263530511486
knot_8.18/knot_8p18_q0_h0_pm0p02.txt,knot_8.18,8.18,knot,0,0,-0.02,0,C:\workspace\projects\SST-Workbench\KnotPlot\knots\final\knot_8.18_final.txt,9836871d37b6abf573047a71c9bfa2ee4c7b83edf8fa84f1ae0ee94e0ddcc5ae,true,0.9700106325795226,384,1.6271758889363745,37.48062861400203,0.018474552327126442,0.3741759025415372
knot_8.18/knot_8p18_q0_h0_p0.txt,knot_8.18,8.18,knot,0.0,0.0,0.0,0,C:\workspace\projects\SST-Workbench\KnotPlot\knots\final\knot_8.18_final.txt,9836871d37b6abf573047a71c9bfa2ee4c7b83edf8fa84f1ae0ee94e0ddcc5ae,true,1.0,384,1.6268505997692524,37.46299370884326,0.0008627881291793756,0.3857441248313965
knot_8.18/knot_8p18_q0_h0_p0p02.txt,knot_8.18,8.18,knot,0,0,0.02,0,C:\workspace\projects\SST-Workbench\KnotPlot\knots\final\knot_8.18_final.txt,9836871d37b6abf573047a71c9bfa2ee4c7b83edf8fa84f1ae0ee94e0ddcc5ae,true,0.9700142397972576,384,1.627175984752169,37.480637115312284,0.018474989987168178,0.3741772940045855
knot_8.18/knot_8p18_q0_h0_p0p05.txt,knot_8.18,8.18,knot,0,0,0.05,0,C:\workspace\projects\SST-Workbench\KnotPlot\knots\final\knot_8.18_final.txt,9836871d37b6abf573047a71c9bfa2ee4c7b83edf8fa84f1ae0ee94e0ddcc5ae,true,0.9186542070212247,384,1.628883010060601,37.57314935941135,0.046010312798030265,0.3543654631100828
knot_8.18/knot_8p18_q0_h0_p0p1.txt,knot_8.18,8.18,knot,0,0,0.1,0,C:\workspace\projects\SST-Workbench\KnotPlot\knots\final\knot_8.18_final.txt,9836871d37b6abf573047a71c9bfa2ee4c7b83edf8fa84f1ae0ee94e0ddcc5ae,true,0.8367811435805523,384,1.6349648437816124,37.90216412554774,0.09106789126774763,0.32278340990589527
knot_8.18/knot_8p18_q0_h0p02_p0.txt,knot_8.18,8.18,knot,0,0.02,0,0,C:\workspace\projects\SST-Workbench\KnotPlot\knots\final\knot_8.18_final.txt,9836871d37b6abf573047a71c9bfa2ee4c7b83edf8fa84f1ae0ee94e0ddcc5ae,true,0.9780460154463453,384,1.6233218362292703,37.51567023502678,0.018916534924677864,0.37727550427318496
knot_8.18/knot_8p18_q0_h0p05_p0.txt,knot_8.18,8.18,knot,0,0.05,0,0,C:\workspace\projects\SST-Workbench\KnotPlot\knots\final\knot_8.18_final.txt,9836871d37b6abf573047a71c9bfa2ee4c7b83edf8fa84f1ae0ee94e0ddcc5ae,true,0.9380517620757789,384,1.6192405977004236,37.675298639273095,0.04642826508718766,0.3618479560084707
knot_8.18/knot_8p18_q0_h0p1_p0.txt,knot_8.18,8.18,knot,0,0.1,0,0,C:\workspace\projects\SST-Workbench\KnotPlot\knots\final\knot_8.18_final.txt,9836871d37b6abf573047a71c9bfa2ee4c7b83edf8fa84f1ae0ee94e0ddcc5ae,true,0.8755606625111487,384,1.6156950723063712,38.15947462073166,0.08933515578237668,0.33774238149716074
knot_8.18/knot_8p18_q0p02_h0_p0.txt,knot_8.18,8.18,knot,0.02,0,0,0,C:\workspace\projects\SST-Workbench\KnotPlot\knots\final\knot_8.18_final.txt,9836871d37b6abf573047a71c9bfa2ee4c7b83edf8fa84f1ae0ee94e0ddcc5ae,true,0.9745356512405621,384,1.656155748110923,38.30137203163011,0.023269067436951837,0.3759214019047856
knot_8.18/knot_8p18_q0p05_h0_p0.txt,knot_8.18,8.18,knot,0.05,0,0,0,C:\workspace\projects\SST-Workbench\KnotPlot\knots\final\knot_8.18_final.txt,9836871d37b6abf573047a71c9bfa2ee4c7b83edf8fa84f1ae0ee94e0ddcc5ae,true,0.9363228852847234,384,1.7003338814358446,39.57450929567871,0.055945764396831923,0.36118105194376365
knot_8.18/knot_8p18_q0p1_h0_p0.txt,knot_8.18,8.18,knot,0.1,0,0,0,C:\workspace\projects\SST-Workbench\KnotPlot\knots\final\knot_8.18_final.txt,9836871d37b6abf573047a71c9bfa2ee4c7b83edf8fa84f1ae0ee94e0ddcc5ae,false,0.8727625654715486,384,1.7745030169367244,41.733866784036806,0.10584708383639538,0.3366630320034269
knot_8.1/knot_8p1_qm0p1_h0_p0.txt,knot_8.1,8.1,knot,-0.1,0,0,0,C:\workspace\projects\SST-Workbench\KnotPlot\knots\final\knot_8.1_final.txt,254f4e6a6972ff14d532cc9fc1bc6ae3f13cde047993a6d51256bbcfd9d0b95a,false,0.7204468602083652,384,1.709695219156687,32.88222614317032,0.13372132322156385,0.27095514076387467
knot_8.1/knot_8p1_qm0p05_h0_p0.txt,knot_8.1,8.1,knot,-0.05,0,0,0,C:\workspace\projects\SST-Workbench\KnotPlot\knots\final\knot_8.1_final.txt,254f4e6a6972ff14d532cc9fc1bc6ae3f13cde047993a6d51256bbcfd9d0b95a,true,0.8668417799989102,384,1.7902577982722432,34.79806615535482,0.06330886107754423,0.3260132696694418
knot_8.1/knot_8p1_qm0p02_h0_p0.txt,knot_8.1,8.1,knot,-0.02,0,0,0,C:\workspace\projects\SST-Workbench\KnotPlot\knots\final\knot_8.1_final.txt,254f4e6a6972ff14d532cc9fc1bc6ae3f13cde047993a6d51256bbcfd9d0b95a,true,0.9550039160906636,384,1.8391881164234858,36.008517844271154,0.024450415056888723,0.3591704465747254
knot_8.1/knot_8p1_q0_hm0p1_p0.txt,knot_8.1,8.1,knot,0,-0.1,0,0,C:\workspace\projects\SST-Workbench\KnotPlot\knots\final\knot_8.1_final.txt,254f4e6a6972ff14d532cc9fc1bc6ae3f13cde047993a6d51256bbcfd9d0b95a,false,0.8100194037108199,384,1.9902116707056279,38.060230874759654,0.13393050493542083,0.3046427622579382
knot_8.1/knot_8p1_q0_hm0p05_p0.txt,knot_8.1,8.1,knot,0,-0.05,0,0,C:\workspace\projects\SST-Workbench\KnotPlot\knots\final\knot_8.1_final.txt,254f4e6a6972ff14d532cc9fc1bc6ae3f13cde047993a6d51256bbcfd9d0b95a,true,0.9115436760358689,384,1.929757843516628,37.304910211418324,0.06817775367457639,0.3428253472869404
knot_8.1/knot_8p1_q0_hm0p02_p0.txt,knot_8.1,8.1,knot,0,-0.02,0,0,C:\workspace\projects\SST-Workbench\KnotPlot\knots\final\knot_8.1_final.txt,254f4e6a6972ff14d532cc9fc1bc6ae3f13cde047993a6d51256bbcfd9d0b95a,true,0.9728656464387994,384,1.8947796340455754,36.98906481749381,0.027480314835430675,0.3658881212958919
knot_8.1/knot_8p1_q0_h0_pm0p1.txt,knot_8.1,8.1,knot,0,0,-0.1,0,C:\workspace\projects\SST-Workbench\KnotPlot\knots\final\knot_8.1_final.txt,254f4e6a6972ff14d532cc9fc1bc6ae3f13cde047993a6d51256bbcfd9d0b95a,false,0.6322904016162517,384,1.882250339779571,37.13358349407336,0.11656007884595852,0.2378000991274069
knot_8.1/knot_8p1_q0_h0_pm0p05.txt,knot_8.1,8.1,knot,0,0,-0.05,0,C:\workspace\projects\SST-Workbench\KnotPlot\knots\final\knot_8.1_final.txt,254f4e6a6972ff14d532cc9fc1bc6ae3f13cde047993a6d51256bbcfd9d0b95a,true,0.8143681883637391,384,1.8748359897423743,36.80849682228301,0.05918353442086082,0.30627831044735315
knot_8.1/knot_8p1_q0_h0_pm0p02.txt,knot_8.1,8.1,knot,0,0,-0.02,0,C:\workspace\projects\SST-Workbench\KnotPlot\knots\final\knot_8.1_final.txt,254f4e6a6972ff14d532cc9fc1bc6ae3f13cde047993a6d51256bbcfd9d0b95a,true,0.9309897321764766,384,1.8725991504728823,36.783680520815636,0.02381532274792438,0.35013887611175437
knot_8.1/knot_8p1_q0_h0_p0.txt,knot_8.1,8.1,knot,0.0,0.0,0.0,0,C:\workspace\projects\SST-Workbench\KnotPlot\knots\final\knot_8.1_final.txt,254f4e6a6972ff14d532cc9fc1bc6ae3f13cde047993a6d51256bbcfd9d0b95a,true,0.9999999999999999,384,1.872033846485836,36.83779895369478,0.0010015904607598826,0.3760931662406161
knot_8.1/knot_8p1_q0_h0_p0p02.txt,knot_8.1,8.1,knot,0,0,0.02,0,C:\workspace\projects\SST-Workbench\KnotPlot\knots\final\knot_8.1_final.txt,254f4e6a6972ff14d532cc9fc1bc6ae3f13cde047993a6d51256bbcfd9d0b95a,true,0.9701873460993296,384,1.8722101912886062,36.94788525936302,0.023705733056484924,0.36488083084107736
knot_8.1/knot_8p1_q0_h0_p0p05.txt,knot_8.1,8.1,knot,0,0,0.05,0,C:\workspace\projects\SST-Workbench\KnotPlot\knots\final\knot_8.1_final.txt,254f4e6a6972ff14d532cc9fc1bc6ae3f13cde047993a6d51256bbcfd9d0b95a,true,0.9045128414659773,384,1.8738646011561684,37.21603181892989,0.05914583094538475,0.34018109845223593
knot_8.1/knot_8p1_q0_h0_p0p1.txt,knot_8.1,8.1,knot,0,0,0.1,0,C:\workspace\projects\SST-Workbench\KnotPlot\knots\final\knot_8.1_final.txt,254f4e6a6972ff14d532cc9fc1bc6ae3f13cde047993a6d51256bbcfd9d0b95a,false,0.7955799690541013,384,1.880314721440564,37.925891282540775,0.11732095617237746,0.2992121895591684
knot_8.1/knot_8p1_q0_h0p02_p0.txt,knot_8.1,8.1,knot,0,0.02,0,0,C:\workspace\projects\SST-Workbench\KnotPlot\knots\final\knot_8.1_final.txt,254f4e6a6972ff14d532cc9fc1bc6ae3f13cde047993a6d51256bbcfd9d0b95a,true,0.9618073297110601,384,1.8497662530068468,36.73500856685962,0.027478667384144784,0.36172916394446486
knot_8.1/knot_8p1_q0_h0p05_p0.txt,knot_8.1,8.1,knot,0,0.05,0,0,C:\workspace\projects\SST-Workbench\KnotPlot\knots\final\knot_8.1_final.txt,254f4e6a6972ff14d532cc9fc1bc6ae3f13cde047993a6d51256bbcfd9d0b95a,true,0.8849936802465013,384,1.8172998259881912,36.673374389648984,0.06859243888763857,0.3328400753068421
knot_8.1/knot_8p1_q0_h0p1_p0.txt,knot_8.1,8.1,knot,0,0.1,0,0,C:\workspace\projects\SST-Workbench\KnotPlot\knots\final\knot_8.1_final.txt,254f4e6a6972ff14d532cc9fc1bc6ae3f13cde047993a6d51256bbcfd9d0b95a,false,0.7632233076464751,384,1.765833837046514,36.8223207352964,0.1356784774899794,0.2870430703213987
knot_8.1/knot_8p1_q0p02_h0_p0.txt,knot_8.1,8.1,knot,0.02,0,0,0,C:\workspace\projects\SST-Workbench\KnotPlot\knots\final\knot_8.1_final.txt,254f4e6a6972ff14d532cc9fc1bc6ae3f13cde047993a6d51256bbcfd9d0b95a,true,0.979205982423884,384,1.9050491113310433,37.68351112855483,0.02354500549897617,0.3682726783315517
knot_8.1/knot_8p1_q0p05_h0_p0.txt,knot_8.1,8.1,knot,0.05,0,0,0,C:\workspace\projects\SST-Workbench\KnotPlot\knots\final\knot_8.1_final.txt,254f4e6a6972ff14d532cc9fc1bc6ae3f13cde047993a6d51256bbcfd9d0b95a,true,0.9307780021191026,384,1.9548710844322064,38.98060809044829,0.05670161746941889,0.3500592458840882
knot_8.1/knot_8p1_q0p1_h0_p0.txt,knot_8.1,8.1,knot,0.1,0,0,0,C:\workspace\projects\SST-Workbench\KnotPlot\knots\final\knot_8.1_final.txt,254f4e6a6972ff14d532cc9fc1bc6ae3f13cde047993a6d51256bbcfd9d0b95a,false,0.8511143477430162,384,2.038640156417108,41.21125544240235,0.10697628723105976,0.3200982898754878
knot_9.1/knot_9p1_qm0p1_h0_p0.txt,knot_9.1,9.1,knot,-0.1,0,0,0,C:\workspace\projects\SST-Workbench\KnotPlot\knots\final\knot_9.1_final.txt,7861bfb1a9b29bd6e57229c4349f96dfd59a8b149d91da6b5156426a0fd198ef,false,0.6955013988279148,384,2.0742042342755505,36.04751967392037,0.20372644700286016,0.2873230803956694
knot_9.1/knot_9p1_qm0p05_h0_p0.txt,knot_9.1,9.1,knot,-0.05,0,0,0,C:\workspace\projects\SST-Workbench\KnotPlot\knots\final\knot_9.1_final.txt,7861bfb1a9b29bd6e57229c4349f96dfd59a8b149d91da6b5156426a0fd198ef,true,0.8506780387806918,384,2.171255876553298,37.9975540682285,0.09657530147038684,0.3514291055910454
knot_9.1/knot_9p1_qm0p02_h0_p0.txt,knot_9.1,9.1,knot,-0.02,0,0,0,C:\workspace\projects\SST-Workbench\KnotPlot\knots\final\knot_9.1_final.txt,7861bfb1a9b29bd6e57229c4349f96dfd59a8b149d91da6b5156426a0fd198ef,true,0.9437840227831604,384,2.23023194915987,39.28561414032566,0.03716859207603654,0.389892720720996
knot_9.1/knot_9p1_q0_hm0p1_p0.txt,knot_9.1,9.1,knot,0,-0.1,0,0,C:\workspace\projects\SST-Workbench\KnotPlot\knots\final\knot_9.1_final.txt,7861bfb1a9b29bd6e57229c4349f96dfd59a8b149d91da6b5156426a0fd198ef,false,0.7832107188130671,384,2.4479650167585723,41.78001584035117,0.19140312916853852,0.3235572447553859
knot_9.1/knot_9p1_q0_hm0p05_p0.txt,knot_9.1,9.1,knot,0,-0.05,0,0,C:\workspace\projects\SST-Workbench\KnotPlot\knots\final\knot_9.1_final.txt,7861bfb1a9b29bd6e57229c4349f96dfd59a8b149d91da6b5156426a0fd198ef,true,0.8890015185814476,384,2.3578500461990384,40.82566092694326,0.0968930803182535,0.36726116615395854
knot_9.1/knot_9p1_q0_hm0p02_p0.txt,knot_9.1,9.1,knot,0,-0.02,0,0,C:\workspace\projects\SST-Workbench\KnotPlot\knots\final\knot_9.1_final.txt,7861bfb1a9b29bd6e57229c4349f96dfd59a8b149d91da6b5156426a0fd198ef,true,0.9552950919830991,384,2.3047725377162194,40.40227315785793,0.03892837341753382,0.39464813295560525
knot_9.1/knot_9p1_q0_h0_pm0p1.txt,knot_9.1,9.1,knot,0,0,-0.1,0,C:\workspace\projects\SST-Workbench\KnotPlot\knots\final\knot_9.1_final.txt,7861bfb1a9b29bd6e57229c4349f96dfd59a8b149d91da6b5156426a0fd198ef,true,0.8955995721586604,384,2.2811535016400923,41.16377497894584,0.08496573649766234,0.3699869307341812
knot_9.1/knot_9p1_q0_h0_pm0p05.txt,knot_9.1,9.1,knot,0,0,-0.05,0,C:\workspace\projects\SST-Workbench\KnotPlot\knots\final\knot_9.1_final.txt,7861bfb1a9b29bd6e57229c4349f96dfd59a8b149d91da6b5156426a0fd198ef,true,0.931690783593451,384,2.272668283805229,40.43308942737123,0.04383356472440774,0.38489680447725505
knot_9.1/knot_9p1_q0_h0_pm0p02.txt,knot_9.1,9.1,knot,0,0,-0.02,0,C:\workspace\projects\SST-Workbench\KnotPlot\knots\final\knot_9.1_final.txt,7861bfb1a9b29bd6e57229c4349f96dfd59a8b149d91da6b5156426a0fd198ef,true,0.9705058887620227,384,2.2702868025570053,40.227207467622975,0.01772818636798164,0.40093196357500877
knot_9.1/knot_9p1_q0_h0_p0.txt,knot_9.1,9.1,knot,0.0,0.0,0.0,0,C:\workspace\projects\SST-Workbench\KnotPlot\knots\final\knot_9.1_final.txt,7861bfb1a9b29bd6e57229c4349f96dfd59a8b149d91da6b5156426a0fd198ef,true,1.0,384,2.2698329598842,40.187941215985624,0.0011563686836643502,0.4131164665950019
knot_9.1/knot_9p1_q0_h0_p0p02.txt,knot_9.1,9.1,knot,0,0,0.02,0,C:\workspace\projects\SST-Workbench\KnotPlot\knots\final\knot_9.1_final.txt,7861bfb1a9b29bd6e57229c4349f96dfd59a8b149d91da6b5156426a0fd198ef,true,0.9725778963085866,384,2.270286959587208,40.22722369865387,0.01773218831097885,0.40178794401140344
knot_9.1/knot_9p1_q0_h0_p0p05.txt,knot_9.1,9.1,knot,0,0,0.05,0,C:\workspace\projects\SST-Workbench\KnotPlot\knots\final\knot_9.1_final.txt,7861bfb1a9b29bd6e57229c4349f96dfd59a8b149d91da6b5156426a0fd198ef,true,0.934829241161563,384,2.272668675969344,40.43309378069249,0.043857888400439186,0.3861933529783518
knot_9.1/knot_9p1_q0_h0_p0p1.txt,knot_9.1,9.1,knot,0,0,0.1,0,C:\workspace\projects\SST-Workbench\KnotPlot\knots\final\knot_9.1_final.txt,7861bfb1a9b29bd6e57229c4349f96dfd59a8b149d91da6b5156426a0fd198ef,true,0.8941726259790075,384,2.281154283050786,41.16354258415717,0.08505928189323196,0.3693974357704218
knot_9.1/knot_9p1_q0_h0p02_p0.txt,knot_9.1,9.1,knot,0,0.02,0,0,C:\workspace\projects\SST-Workbench\KnotPlot\knots\final\knot_9.1_final.txt,7861bfb1a9b29bd6e57229c4349f96dfd59a8b149d91da6b5156426a0fd198ef,true,0.9477436380202876,384,2.2352692442466733,40.03222776187627,0.0380585788779157,0.3915285029768337
knot_9.1/knot_9p1_q0_h0p05_p0.txt,knot_9.1,9.1,knot,0,0.05,0,0,C:\workspace\projects\SST-Workbench\KnotPlot\knots\final\knot_9.1_final.txt,7861bfb1a9b29bd6e57229c4349f96dfd59a8b149d91da6b5156426a0fd198ef,true,0.8630131408136308,384,2.184167392742916,39.91826833586331,0.09414083732874122,0.35652493935798196
knot_9.1/knot_9p1_q0_h0p1_p0.txt,knot_9.1,9.1,knot,0,0.1,0,0,C:\workspace\projects\SST-Workbench\KnotPlot\knots\final\knot_9.1_final.txt,7861bfb1a9b29bd6e57229c4349f96dfd59a8b149d91da6b5156426a0fd198ef,false,0.7307850647277754,384,2.1011409856539753,40.09192665462736,0.1808510724724654,0.3018993437807383
knot_9.1/knot_9p1_q0p02_h0_p0.txt,knot_9.1,9.1,knot,0.02,0,0,0,C:\workspace\projects\SST-Workbench\KnotPlot\knots\final\knot_9.1_final.txt,7861bfb1a9b29bd6e57229c4349f96dfd59a8b149d91da6b5156426a0fd198ef,true,0.9597227634116153,384,2.309647266972279,41.12273522091559,0.0360146177288447,0.3964772769313975
knot_9.1/knot_9p1_q0p05_h0_p0.txt,knot_9.1,9.1,knot,0.05,0,0,0,C:\workspace\projects\SST-Workbench\KnotPlot\knots\final\knot_9.1_final.txt,7861bfb1a9b29bd6e57229c4349f96dfd59a8b149d91da6b5156426a0fd198ef,true,0.8955155504879544,384,2.3697451252012187,42.58208229558434,0.08628391607405508,0.36995221999846173
knot_9.1/knot_9p1_q0p1_h0_p0.txt,knot_9.1,9.1,knot,0.1,0,0,0,C:\workspace\projects\SST-Workbench\KnotPlot\knots\final\knot_9.1_final.txt,7861bfb1a9b29bd6e57229c4349f96dfd59a8b149d91da6b5156426a0fd198ef,false,0.7885837758585466,384,2.470830418985091,45.155691818446414,0.1615638660288277,0.3257769430968277
knot_9.2/knot_9p2_qm0p1_h0_p0.txt,knot_9.2,9.2,knot,-0.1,0,0,0,C:\workspace\projects\SST-Workbench\KnotPlot\knots\final\knot_9.2_final.txt,5a27e68f78ff4ccacce8f3baa7f43506c437ed62551f6808c9eac35269e11dde,false,0.7293770233166695,384,1.7595777188044344,36.15051162607212,0.1390927712541934,0.3002296218696306
knot_9.2/knot_9p2_qm0p05_h0_p0.txt,knot_9.2,9.2,knot,-0.05,0,0,0,C:\workspace\projects\SST-Workbench\KnotPlot\knots\final\knot_9.2_final.txt,5a27e68f78ff4ccacce8f3baa7f43506c437ed62551f6808c9eac35269e11dde,true,0.8729037036399154,384,1.8425315165386325,38.241058416853875,0.06583397247751491,0.3593087532161398
knot_9.2/knot_9p2_qm0p02_h0_p0.txt,knot_9.2,9.2,knot,-0.02,0,0,0,C:\workspace\projects\SST-Workbench\KnotPlot\knots\final\knot_9.2_final.txt,5a27e68f78ff4ccacce8f3baa7f43506c437ed62551f6808c9eac35269e11dde,true,0.9591229787748399,384,1.8929121789845942,39.56711359375491,0.025383596454660304,0.3947987392509664
knot_9.2/knot_9p2_q0_hm0p1_p0.txt,knot_9.2,9.2,knot,0,-0.1,0,0,C:\workspace\projects\SST-Workbench\KnotPlot\knots\final\knot_9.2_final.txt,5a27e68f78ff4ccacce8f3baa7f43506c437ed62551f6808c9eac35269e11dde,false,0.7949529068826706,384,2.050668852778691,41.78956755735212,0.13969070125970756,0.32722227737893317
knot_9.2/knot_9p2_q0_hm0p05_p0.txt,knot_9.2,9.2,knot,0,-0.05,0,0,C:\workspace\projects\SST-Workbench\KnotPlot\knots\final\knot_9.2_final.txt,5a27e68f78ff4ccacce8f3baa7f43506c437ed62551f6808c9eac35269e11dde,true,0.9058379752039266,384,1.9873315054838205,40.96902527781712,0.07104427665136999,0.37286531392770733
knot_9.2/knot_9p2_q0_hm0p02_p0.txt,knot_9.2,9.2,knot,0,-0.02,0,0,C:\workspace\projects\SST-Workbench\KnotPlot\knots\final\knot_9.2_final.txt,5a27e68f78ff4ccacce8f3baa7f43506c437ed62551f6808c9eac35269e11dde,true,0.9709197039540338,384,1.9506260730337952,40.63340147437424,0.028635281434676915,0.3996545630932698
knot_9.2/knot_9p2_q0_h0_pm0p1.txt,knot_9.2,9.2,knot,0,0,-0.1,0,C:\workspace\projects\SST-Workbench\KnotPlot\knots\final\knot_9.2_final.txt,5a27e68f78ff4ccacce8f3baa7f43506c437ed62551f6808c9eac35269e11dde,false,0.8349724010388339,384,1.95296137934742,41.02857288424562,0.10211953876411568,0.34369529094232076
knot_9.2/knot_9p2_q0_h0_pm0p05.txt,knot_9.2,9.2,knot,0,0,-0.05,0,C:\workspace\projects\SST-Workbench\KnotPlot\knots\final\knot_9.2_final.txt,5a27e68f78ff4ccacce8f3baa7f43506c437ed62551f6808c9eac35269e11dde,true,0.9218054517683502,384,1.937531416227818,40.599188967077936,0.0520941479341589,0.37943792219188033
knot_9.2/knot_9p2_q0_h0_pm0p02.txt,knot_9.2,9.2,knot,0,0,-0.02,0,C:\workspace\projects\SST-Workbench\KnotPlot\knots\final\knot_9.2_final.txt,5a27e68f78ff4ccacce8f3baa7f43506c437ed62551f6808c9eac35269e11dde,true,0.9765077361636704,384,1.9304897753936165,40.489319056639175,0.02098607222929057,0.4019547353548878
knot_9.2/knot_9p2_q0_h0_p0.txt,knot_9.2,9.2,knot,0.0,0.0,0.0,0,C:\workspace\projects\SST-Workbench\KnotPlot\knots\final\knot_9.2_final.txt,5a27e68f78ff4ccacce8f3baa7f43506c437ed62551f6808c9eac35269e11dde,true,1.0,384,1.9267307359928314,40.477424740685734,0.0012308024398446126,0.41162473216445367
knot_9.2/knot_9p2_q0_h0_p0p02.txt,knot_9.2,9.2,knot,0,0,0.02,0,C:\workspace\projects\SST-Workbench\KnotPlot\knots\final\knot_9.2_final.txt,5a27e68f78ff4ccacce8f3baa7f43506c437ed62551f6808c9eac35269e11dde,true,0.9702942075590247,384,1.9237252520097716,40.51436660791159,0.021147010400971604,0.39939709330720435
knot_9.2/knot_9p2_q0_h0_p0p05.txt,knot_9.2,9.2,knot,0,0,0.05,0,C:\workspace\projects\SST-Workbench\KnotPlot\knots\final\knot_9.2_final.txt,5a27e68f78ff4ccacce8f3baa7f43506c437ed62551f6808c9eac35269e11dde,true,0.9098108335508105,384,1.9206374383708353,40.66070427225003,0.05261476594656415,0.3745006406806707
knot_9.2/knot_9p2_q0_h0_p0p1.txt,knot_9.2,9.2,knot,0,0,0.1,0,C:\workspace\projects\SST-Workbench\KnotPlot\knots\final\knot_9.2_final.txt,5a27e68f78ff4ccacce8f3baa7f43506c437ed62551f6808c9eac35269e11dde,false,0.8247192091836238,384,1.9192963582590357,41.143912112402944,0.10392088247244764,0.3394748235910892
knot_9.2/knot_9p2_q0_h0p02_p0.txt,knot_9.2,9.2,knot,0,0.02,0,0,C:\workspace\projects\SST-Workbench\KnotPlot\knots\final\knot_9.2_final.txt,5a27e68f78ff4ccacce8f3baa7f43506c437ed62551f6808c9eac35269e11dde,true,0.9656857353621259,384,1.9033156198653824,40.3769666941848,0.028486294493682104,0.3975001321734685
knot_9.2/knot_9p2_q0_h0p05_p0.txt,knot_9.2,9.2,knot,0,0.05,0,0,C:\workspace\projects\SST-Workbench\KnotPlot\knots\final\knot_9.2_final.txt,5a27e68f78ff4ccacce8f3baa7f43506c437ed62551f6808c9eac35269e11dde,true,0.8904007452538637,384,1.8691327381299965,40.33259307099766,0.07101038720461875,0.3665109682841516
knot_9.2/knot_9p2_q0_h0p1_p0.txt,knot_9.2,9.2,knot,0,0.1,0,0,C:\workspace\projects\SST-Workbench\KnotPlot\knots\final\knot_9.2_final.txt,5a27e68f78ff4ccacce8f3baa7f43506c437ed62551f6808c9eac35269e11dde,false,0.771123682737192,384,1.8148234360064264,40.54960998502787,0.1398330702583046,0.3174135793723638
knot_9.2/knot_9p2_q0p02_h0_p0.txt,knot_9.2,9.2,knot,0.02,0,0,0,C:\workspace\projects\SST-Workbench\KnotPlot\knots\final\knot_9.2_final.txt,5a27e68f78ff4ccacce8f3baa7f43506c437ed62551f6808c9eac35269e11dde,true,0.9752387690804926,384,1.9607232819742157,41.40709912990497,0.024595336875335924,0.40143239711914924
knot_9.2/knot_9p2_q0p05_h0_p0.txt,knot_9.2,9.2,knot,0.05,0,0,0,C:\workspace\projects\SST-Workbench\KnotPlot\knots\final\knot_9.2_final.txt,5a27e68f78ff4ccacce8f3baa7f43506c437ed62551f6808c9eac35269e11dde,true,0.9245654997354992,384,2.0120190275583854,42.83527032605164,0.05908634842316792,0.3805740261971191
knot_9.2/knot_9p2_q0p1_h0_p0.txt,knot_9.2,9.2,knot,0.1,0,0,0,C:\workspace\projects\SST-Workbench\KnotPlot\knots\final\knot_9.2_final.txt,5a27e68f78ff4ccacce8f3baa7f43506c437ed62551f6808c9eac35269e11dde,false,0.8396799610610286,384,2.0982635926286033,45.296954040829405,0.11132390431031318,0.3456330390756048
knot_9.35/knot_9p35_qm0p1_h0_p0.txt,knot_9.35,9.35,knot,-0.1,0,0,0,C:\workspace\projects\SST-Workbench\KnotPlot\knots\final\knot_9.35_final.txt,d5c78e55dbf668790ba1d0638103853eaa22d58ba42b32f072072de8106c4256,false,0.723715373599717,384,1.6688363743003096,36.386584291533005,0.140935698472576,0.3017276666841784
knot_9.35/knot_9p35_qm0p05_h0_p0.txt,knot_9.35,9.35,knot,-0.05,0,0,0,C:\workspace\projects\SST-Workbench\KnotPlot\knots\final\knot_9.35_final.txt,d5c78e55dbf668790ba1d0638103853eaa22d58ba42b32f072072de8106c4256,true,0.86719591722366,384,1.7480539359441125,38.51418090131031,0.06650500646917326,0.36154683209294636
knot_9.35/knot_9p35_qm0p02_h0_p0.txt,knot_9.35,9.35,knot,-0.02,0,0,0,C:\workspace\projects\SST-Workbench\KnotPlot\knots\final\knot_9.35_final.txt,d5c78e55dbf668790ba1d0638103853eaa22d58ba42b32f072072de8106c4256,true,0.9535055677899429,384,1.7961409946075089,39.85089302335184,0.025545253943286907,0.3975306047578269
knot_9.35/knot_9p35_q0_hm0p1_p0.txt,knot_9.35,9.35,knot,0,-0.1,0,0,C:\workspace\projects\SST-Workbench\KnotPlot\knots\final\knot_9.35_final.txt,d5c78e55dbf668790ba1d0638103853eaa22d58ba42b32f072072de8106c4256,false,0.6098240449090971,384,1.9099895536737028,42.12689219744573,0.13791932107214194,0.25424468357376545
knot_9.35/knot_9p35_q0_hm0p05_p0.txt,knot_9.35,9.35,knot,0,-0.05,0,0,C:\workspace\projects\SST-Workbench\KnotPlot\knots\final\knot_9.35_final.txt,d5c78e55dbf668790ba1d0638103853eaa22d58ba42b32f072072de8106c4256,true,0.8104662433030768,384,1.8674091504987933,41.28015343192699,0.07196460531322561,0.3378953901473741
knot_9.35/knot_9p35_q0_hm0p02_p0.txt,knot_9.35,9.35,knot,0,-0.02,0,0,C:\workspace\projects\SST-Workbench\KnotPlot\knots\final\knot_9.35_final.txt,d5c78e55dbf668790ba1d0638103853eaa22d58ba42b32f072072de8106c4256,true,0.9309740039274229,384,1.8435651983938883,40.93161059476482,0.02950092204976934,0.3881368618044765
knot_9.35/knot_9p35_q0_h0_pm0p1.txt,knot_9.35,9.35,knot,0,0,-0.1,0,C:\workspace\projects\SST-Workbench\KnotPlot\knots\final\knot_9.35_final.txt,d5c78e55dbf668790ba1d0638103853eaa22d58ba42b32f072072de8106c4256,false,0.7483156592298785,384,1.8284001894017263,40.569469843102695,0.11399150948305817,0.3119838904065424
knot_9.35/knot_9p35_q0_h0_pm0p05.txt,knot_9.35,9.35,knot,0,0,-0.05,0,C:\workspace\projects\SST-Workbench\KnotPlot\knots\final\knot_9.35_final.txt,d5c78e55dbf668790ba1d0638103853eaa22d58ba42b32f072072de8106c4256,true,0.8670894744361013,384,1.8261195508580974,40.50488085233073,0.05770567215368409,0.3615024545170415
knot_9.35/knot_9p35_q0_h0_pm0p02.txt,knot_9.35,9.35,knot,0,0,-0.02,0,C:\workspace\projects\SST-Workbench\KnotPlot\knots\final\knot_9.35_final.txt,d5c78e55dbf668790ba1d0638103853eaa22d58ba42b32f072072de8106c4256,true,0.9477261635376595,384,1.8269459259036158,40.62240740324867,0.02313598553899268,0.39512108545855806
knot_9.35/knot_9p35_q0_h0_p0.txt,knot_9.35,9.35,knot,0.0,0.0,0.0,0,C:\workspace\projects\SST-Workbench\KnotPlot\knots\final\knot_9.35_final.txt,d5c78e55dbf668790ba1d0638103853eaa22d58ba42b32f072072de8106c4256,true,1.0,384,1.828410633532792,40.764165377611974,0.0014774139874504145,0.41691482272015723
knot_9.35/knot_9p35_q0_h0_p0p02.txt,knot_9.35,9.35,knot,0,0,0.02,0,C:\workspace\projects\SST-Workbench\KnotPlot\knots\final\knot_9.35_final.txt,d5c78e55dbf668790ba1d0638103853eaa22d58ba42b32f072072de8106c4256,true,0.94802893885056,384,1.8306044544233424,40.95590770401056,0.02284599782154854,0.39524731697446003
knot_9.35/knot_9p35_q0_h0_p0p05.txt,knot_9.35,9.35,knot,0,0,0.05,0,C:\workspace\projects\SST-Workbench\KnotPlot\knots\final\knot_9.35_final.txt,d5c78e55dbf668790ba1d0638103853eaa22d58ba42b32f072072de8106c4256,true,0.8751085366281823,384,1.835256315878817,41.33619040755549,0.05634404727152599,0.36484572040923485
knot_9.35/knot_9p35_q0_h0_p0p1.txt,knot_9.35,9.35,knot,0,0,0.1,0,C:\workspace\projects\SST-Workbench\KnotPlot\knots\final\knot_9.35_final.txt,d5c78e55dbf668790ba1d0638103853eaa22d58ba42b32f072072de8106c4256,false,0.7649928476112081,384,1.8466059445637248,42.214207327371476,0.10912814961893005,0.31893685744401506
knot_9.35/knot_9p35_q0_h0p02_p0.txt,knot_9.35,9.35,knot,0,0.02,0,0,C:\workspace\projects\SST-Workbench\KnotPlot\knots\final\knot_9.35_final.txt,d5c78e55dbf668790ba1d0638103853eaa22d58ba42b32f072072de8106c4256,true,0.9620111708544841,384,1.8138666202283202,40.647769970690405,0.029621174834842064,0.4010767167516081
knot_9.35/knot_9p35_q0_h0p05_p0.txt,knot_9.35,9.35,knot,0,0.05,0,0,C:\workspace\projects\SST-Workbench\KnotPlot\knots\final\knot_9.35_final.txt,d5c78e55dbf668790ba1d0638103853eaa22d58ba42b32f072072de8106c4256,true,0.889776351514539,384,1.7932277109977293,40.56750880776142,0.07494470006468797,0.37096094985227235
knot_9.35/knot_9p35_q0_h0p1_p0.txt,knot_9.35,9.35,knot,0,0.1,0,0,C:\workspace\projects\SST-Workbench\KnotPlot\knots\final\knot_9.35_final.txt,d5c78e55dbf668790ba1d0638103853eaa22d58ba42b32f072072de8106c4256,false,0.7724738931682399,384,1.7620889510435425,40.68234642965608,0.15064451996752243,0.3220558162261864
knot_9.35/knot_9p35_q0p02_h0_p0.txt,knot_9.35,9.35,knot,0.02,0,0,0,C:\workspace\projects\SST-Workbench\KnotPlot\knots\final\knot_9.35_final.txt,d5c78e55dbf668790ba1d0638103853eaa22d58ba42b32f072072de8106c4256,true,0.9675673336731876,384,1.8608392846272863,41.69380551478172,0.025036721340664692,0.4033931633881722
knot_9.35/knot_9p35_q0p05_h0_p0.txt,knot_9.35,9.35,knot,0.05,0,0,0,C:\workspace\projects\SST-Workbench\KnotPlot\knots\final\knot_9.35_final.txt,d5c78e55dbf668790ba1d0638103853eaa22d58ba42b32f072072de8106c4256,true,0.9130857897531053,384,1.9097626789017668,43.11683227037609,0.0599179990609224,0.38067900016321066
knot_9.35/knot_9p35_q0p1_h0_p0.txt,knot_9.35,9.35,knot,0.1,0,0,0,C:\workspace\projects\SST-Workbench\KnotPlot\knots\final\knot_9.35_final.txt,d5c78e55dbf668790ba1d0638103853eaa22d58ba42b32f072072de8106c4256,false,0.8192493529366072,384,1.9919881268974728,45.55809005175264,0.1127972257104465,0.3415571987431691
link_0.2.1/link_0p2p1_qm0p1_h0_p0.txt,link_0.2.1,0.2,link,-0.1,0,0,0,C:\workspace\projects\SST-Workbench\KnotPlot\knots\final\link_0.2.1_final.txt,da65b64ff17e69faaa8592c0010946fb03a8f6261e71842049224723eb7b8e6a,true,0.9993767095256085,384,1.773234749089612,22.618714040914142,0.08112664615417257,0.028572938890677288
link_0.2.1/link_0p2p1_qm0p05_h0_p0.txt,link_0.2.1,0.2,link,-0.05,0,0,0,C:\workspace\projects\SST-Workbench\KnotPlot\knots\final\link_0.2.1_final.txt,da65b64ff17e69faaa8592c0010946fb03a8f6261e71842049224723eb7b8e6a,true,0.9996883547347953,384,1.8682024929553849,23.39110119863466,0.05233954991396252,0.028581849063821
link_0.2.1/link_0p2p1_qm0p02_h0_p0.txt,link_0.2.1,0.2,link,-0.02,0,0,0,C:\workspace\projects\SST-Workbench\KnotPlot\knots\final\link_0.2.1_final.txt,da65b64ff17e69faaa8592c0010946fb03a8f6261e71842049224723eb7b8e6a,true,0.9998753418871994,384,1.9253357934259099,24.009447975188092,0.04220976498221672,0.02858719516847609
link_0.2.1/link_0p2p1_q0_hm0p1_p0.txt,link_0.2.1,0.2,link,0,-0.1,0,0,C:\workspace\projects\SST-Workbench\KnotPlot\knots\final\link_0.2.1_final.txt,da65b64ff17e69faaa8592c0010946fb03a8f6261e71842049224723eb7b8e6a,false,1.0004355002258505,384,2.0217587552020344,24.661140314728836,0.19917180511716992,0.02860321052067194
link_0.2.1/link_0p2p1_q0_hm0p05_p0.txt,link_0.2.1,0.2,link,0,-0.05,0,0,C:\workspace\projects\SST-Workbench\KnotPlot\knots\final\link_0.2.1_final.txt,da65b64ff17e69faaa8592c0010946fb03a8f6261e71842049224723eb7b8e6a,true,0.8979937214189073,384,1.9904152803961965,24.460031327609283,0.09293309044627923,0.02567432228683216
link_0.2.1/link_0p2p1_q0_hm0p02_p0.txt,link_0.2.1,0.2,link,0,-0.02,0,0,C:\workspace\projects\SST-Workbench\KnotPlot\knots\final\link_0.2.1_final.txt,da65b64ff17e69faaa8592c0010946fb03a8f6261e71842049224723eb7b8e6a,true,1.0000833735044277,384,1.9737139195901943,24.450319159683907,0.03340351962911828,0.02859314295035827
link_0.2.1/link_0p2p1_q0_h0_pm0p1.txt,link_0.2.1,0.2,link,0,0,-0.1,0,C:\workspace\projects\SST-Workbench\KnotPlot\knots\final\link_0.2.1_final.txt,da65b64ff17e69faaa8592c0010946fb03a8f6261e71842049224723eb7b8e6a,true,1.0169342267317532,384,1.9863559861498783,24.290449767185457,0.08172827493269512,0.029074921637945155
link_0.2.1/link_0p2p1_q0_h0_pm0p05.txt,link_0.2.1,0.2,link,0,0,-0.05,0,C:\workspace\projects\SST-Workbench\KnotPlot\knots\final\link_0.2.1_final.txt,da65b64ff17e69faaa8592c0010946fb03a8f6261e71842049224723eb7b8e6a,true,1.0050872266595483,384,1.9725791062218332,24.264563576564427,0.04232988632709193,0.028736206911181467
link_0.2.1/link_0p2p1_q0_h0_pm0p02.txt,link_0.2.1,0.2,link,0,0,-0.02,0,C:\workspace\projects\SST-Workbench\KnotPlot\knots\final\link_0.2.1_final.txt,da65b64ff17e69faaa8592c0010946fb03a8f6261e71842049224723eb7b8e6a,true,1.0012140563669671,384,1.9665544127845755,24.36300457643808,0.03674902309275578,0.02862547003185631
link_0.2.1/link_0p2p1_q0_h0_p0.txt,link_0.2.1,0.2,link,0.0,0.0,0.0,0,C:\workspace\projects\SST-Workbench\KnotPlot\knots\final\link_0.2.1_final.txt,da65b64ff17e69faaa8592c0010946fb03a8f6261e71842049224723eb7b8e6a,true,1.0,384,1.9634821000660134,24.495939374355686,0.02056047461266704,0.028590759238566306
link_0.2.1/link_0p2p1_q0_h0_p0p02.txt,link_0.2.1,0.2,link,0,0,0.02,0,C:\workspace\projects\SST-Workbench\KnotPlot\knots\final\link_0.2.1_final.txt,da65b64ff17e69faaa8592c0010946fb03a8f6261e71842049224723eb7b8e6a,true,0.9998855645272969,384,1.961169375698784,24.666513305660484,0.015947870073651567,0.0285874874415179
link_0.2.1/link_0p2p1_q0_h0_p0p05.txt,link_0.2.1,0.2,link,0,0,0.05,0,C:\workspace\projects\SST-Workbench\KnotPlot\knots\final\link_0.2.1_final.txt,da65b64ff17e69faaa8592c0010946fb03a8f6261e71842049224723eb7b8e6a,true,1.0017755346928936,384,1.959130160209782,24.96965724136239,0.0555700065730584,0.028641523123490546
link_0.2.1/link_0p2p1_q0_h0_p0p1.txt,link_0.2.1,0.2,link,0,0,0.1,0,C:\workspace\projects\SST-Workbench\KnotPlot\knots\final\link_0.2.1_final.txt,da65b64ff17e69faaa8592c0010946fb03a8f6261e71842049224723eb7b8e6a,false,1.0103776516392151,384,1.9595549016026104,25.575733551037825,0.12979108396432942,0.028887464178044817
link_0.2.1/link_0p2p1_q0_h0p02_p0.txt,link_0.2.1,0.2,link,0,0.02,0,0,C:\workspace\projects\SST-Workbench\KnotPlot\knots\final\link_0.2.1_final.txt,da65b64ff17e69faaa8592c0010946fb03a8f6261e71842049224723eb7b8e6a,true,0.9999184907137281,384,1.953985565278981,24.595072065468123,0.046638196071144875,0.0285884288261868
link_0.2.1/link_0p2p1_q0_h0p05_p0.txt,link_0.2.1,0.2,link,0,0.05,0,0,C:\workspace\projects\SST-Workbench\KnotPlot\knots\final\link_0.2.1_final.txt,da65b64ff17e69faaa8592c0010946fb03a8f6261e71842049224723eb7b8e6a,true,0.9997997231878896,384,1.9411428002006959,24.892613924741106,0.07173442717480191,0.02858503317245019
link_0.2.1/link_0p2p1_q0_h0p1_p0.txt,link_0.2.1,0.2,link,0,0.1,0,0,C:\workspace\projects\SST-Workbench\KnotPlot\knots\final\link_0.2.1_final.txt,da65b64ff17e69faaa8592c0010946fb03a8f6261e71842049224723eb7b8e6a,false,0.9996111047143613,384,1.9235574410213854,25.766550145987164,0.10358346224399537,0.028579640427085596
link_0.2.1/link_0p2p1_q0p02_h0_p0.txt,link_0.2.1,0.2,link,0.02,0,0,0,C:\workspace\projects\SST-Workbench\KnotPlot\knots\final\link_0.2.1_final.txt,da65b64ff17e69faaa8592c0010946fb03a8f6261e71842049224723eb7b8e6a,true,1.000124658121755,384,2.0016712939038133,25.01055292914066,0.027698788071882672,0.028594323308912536
link_0.2.1/link_0p2p1_q0p05_h0_p0.txt,link_0.2.1,0.2,link,0.05,0,0,0,C:\workspace\projects\SST-Workbench\KnotPlot\knots\final\link_0.2.1_final.txt,da65b64ff17e69faaa8592c0010946fb03a8f6261e71842049224723eb7b8e6a,true,0.9270654171062727,384,2.0590302773790583,25.805245853226307,0.07798033307626584,0.026505504138886492
link_0.2.1/link_0p2p1_q0p1_h0_p0.txt,link_0.2.1,0.2,link,0.1,0,0,0,C:\workspace\projects\SST-Workbench\KnotPlot\knots\final\link_0.2.1_final.txt,da65b64ff17e69faaa8592c0010946fb03a8f6261e71842049224723eb7b8e6a,false,1.0006232906982528,384,2.154811298544917,27.156174366562098,0.16530163730483344,0.028608579592855694
link_0.3.1/link_0p3p1_qm0p1_h0_p0.txt,link_0.3.1,0.3,link,-0.1,0,0,0,C:\workspace\projects\SST-Workbench\KnotPlot\knots\final\link_0.3.1_final.txt,2ee9f61985e229322d6d038c39c22ee21259c1bbc0d2a7c2acfd51dfb51dbdcf,false,2.6735252934967395,384,2.8858476279820713,36.83585089659697,0.37128931786015207,0.015381670894583591
link_0.3.1/link_0p3p1_qm0p05_h0_p0.txt,link_0.3.1,0.3,link,-0.05,0,0,0,C:\workspace\projects\SST-Workbench\KnotPlot\knots\final\link_0.3.1_final.txt,2ee9f61985e229322d6d038c39c22ee21259c1bbc0d2a7c2acfd51dfb51dbdcf,false,1.493603639229018,384,2.992164161676689,35.67711383319575,0.1574523266537445,0.008593193294807006
link_0.3.1/link_0p3p1_qm0p02_h0_p0.txt,link_0.3.1,0.3,link,-0.02,0,0,0,C:\workspace\projects\SST-Workbench\KnotPlot\knots\final\link_0.3.1_final.txt,2ee9f61985e229322d6d038c39c22ee21259c1bbc0d2a7c2acfd51dfb51dbdcf,true,2.6738126309459065,384,3.057957529225847,35.73265609903359,0.08247184291419123,0.015383324041493975
link_0.3.1/link_0p3p1_q0_hm0p1_p0.txt,link_0.3.1,0.3,link,0,-0.1,0,0,C:\workspace\projects\SST-Workbench\KnotPlot\knots\final\link_0.3.1_final.txt,2ee9f61985e229322d6d038c39c22ee21259c1bbc0d2a7c2acfd51dfb51dbdcf,false,3.451451319931702,384,3.334154405358381,42.485328256914244,0.43461248582727285,0.01985733534708013
link_0.3.1/link_0p3p1_q0_hm0p05_p0.txt,link_0.3.1,0.3,link,0,-0.05,0,0,C:\workspace\projects\SST-Workbench\KnotPlot\knots\final\link_0.3.1_final.txt,2ee9f61985e229322d6d038c39c22ee21259c1bbc0d2a7c2acfd51dfb51dbdcf,false,5.166293496167073,384,3.2167189656298607,39.09862347230654,0.22401764239017802,0.02972338675686686
link_0.3.1/link_0p3p1_q0_hm0p02_p0.txt,link_0.3.1,0.3,link,0,-0.02,0,0,C:\workspace\projects\SST-Workbench\KnotPlot\knots\final\link_0.3.1_final.txt,2ee9f61985e229322d6d038c39c22ee21259c1bbc0d2a7c2acfd51dfb51dbdcf,true,1.1852892741502525,384,3.147824338160762,37.35009262335686,0.0883139438514454,0.006819359283492518
link_0.3.1/link_0p3p1_q0_h0_pm0p1.txt,link_0.3.1,0.3,link,0,0,-0.1,0,C:\workspace\projects\SST-Workbench\KnotPlot\knots\final\link_0.3.1_final.txt,2ee9f61985e229322d6d038c39c22ee21259c1bbc0d2a7c2acfd51dfb51dbdcf,false,2.312716782389866,384,3.1225232759364676,39.356937029891434,0.31152177786414975,0.01330582078487622
link_0.3.1/link_0p3p1_q0_h0_pm0p05.txt,link_0.3.1,0.3,link,0,0,-0.05,0,C:\workspace\projects\SST-Workbench\KnotPlot\knots\final\link_0.3.1_final.txt,2ee9f61985e229322d6d038c39c22ee21259c1bbc0d2a7c2acfd51dfb51dbdcf,false,3.090048677950821,384,3.1088181661545677,37.17366009044926,0.15386782651150066,0.017778067006920806
link_0.3.1/link_0p3p1_q0_h0_pm0p02.txt,link_0.3.1,0.3,link,0,0,-0.02,0,C:\workspace\projects\SST-Workbench\KnotPlot\knots\final\link_0.3.1_final.txt,2ee9f61985e229322d6d038c39c22ee21259c1bbc0d2a7c2acfd51dfb51dbdcf,true,1.8417597702515476,384,3.1041827610491293,36.460092987866375,0.07779234945955837,0.010596250097877647
link_0.3.1/link_0p3p1_q0_h0_p0.txt,link_0.3.1,0.3,link,0.0,0.0,0.0,0,C:\workspace\projects\SST-Workbench\KnotPlot\knots\final\link_0.3.1_final.txt,2ee9f61985e229322d6d038c39c22ee21259c1bbc0d2a7c2acfd51dfb51dbdcf,true,1.0,384,3.1025958745964863,36.391157706160826,0.02112099422927128,0.0057533291089480205
link_0.3.1/link_0p3p1_q0_h0_p0p02.txt,link_0.3.1,0.3,link,0,0,0.02,0,C:\workspace\projects\SST-Workbench\KnotPlot\knots\final\link_0.3.1_final.txt,2ee9f61985e229322d6d038c39c22ee21259c1bbc0d2a7c2acfd51dfb51dbdcf,true,2.9955426444121334,384,3.1022140523239408,36.56488759287221,0.07047488854614124,0.017234342693191455
link_0.3.1/link_0p3p1_q0_h0_p0p05.txt,link_0.3.1,0.3,link,0,0,0.05,0,C:\workspace\projects\SST-Workbench\KnotPlot\knots\final\link_0.3.1_final.txt,2ee9f61985e229322d6d038c39c22ee21259c1bbc0d2a7c2acfd51dfb51dbdcf,false,2.540858862913005,384,3.1039014032853016,37.15568561930091,0.18968668155747045,0.01461839725772596
link_0.3.1/link_0p3p1_q0_h0_p0p1.txt,link_0.3.1,0.3,link,0,0,0.1,0,C:\workspace\projects\SST-Workbench\KnotPlot\knots\final\link_0.3.1_final.txt,2ee9f61985e229322d6d038c39c22ee21259c1bbc0d2a7c2acfd51dfb51dbdcf,false,0.36876078647236904,384,3.1127252803568517,38.875722192479444,0.3808476219125175,0.0021216021670500463
link_0.3.1/link_0p3p1_q0_h0p02_p0.txt,link_0.3.1,0.3,link,0,0.02,0,0,C:\workspace\projects\SST-Workbench\KnotPlot\knots\final\link_0.3.1_final.txt,2ee9f61985e229322d6d038c39c22ee21259c1bbc0d2a7c2acfd51dfb51dbdcf,true,2.67381272666526,384,3.0579575292264494,35.732656099074575,0.0824718429144881,0.015383324592198915
link_0.3.1/link_0p3p1_q0_h0p05_p0.txt,link_0.3.1,0.3,link,0,0.05,0,0,C:\workspace\projects\SST-Workbench\KnotPlot\knots\final\link_0.3.1_final.txt,2ee9f61985e229322d6d038c39c22ee21259c1bbc0d2a7c2acfd51dfb51dbdcf,false,1.493603639055804,384,2.9921641616782284,35.67711383330965,0.1574523266545627,0.00859319329381045
link_0.3.1/link_0p3p1_q0_h0p1_p0.txt,link_0.3.1,0.3,link,0,0.1,0,0,C:\workspace\projects\SST-Workbench\KnotPlot\knots\final\link_0.3.1_final.txt,2ee9f61985e229322d6d038c39c22ee21259c1bbc0d2a7c2acfd51dfb51dbdcf,false,2.6735252865577985,384,2.8858476279852625,36.83585089684393,0.3712893178605169,0.015381670854661581
link_0.3.1/link_0p3p1_q0p02_h0_p0.txt,link_0.3.1,0.3,link,0.02,0,0,0,C:\workspace\projects\SST-Workbench\KnotPlot\knots\final\link_0.3.1_final.txt,2ee9f61985e229322d6d038c39c22ee21259c1bbc0d2a7c2acfd51dfb51dbdcf,true,1.1852895773832473,384,3.1478243381613473,37.35009262339078,0.08831394385086279,0.006819361028091734
link_0.3.1/link_0p3p1_q0p05_h0_p0.txt,link_0.3.1,0.3,link,0.05,0,0,0,C:\workspace\projects\SST-Workbench\KnotPlot\knots\final\link_0.3.1_final.txt,2ee9f61985e229322d6d038c39c22ee21259c1bbc0d2a7c2acfd51dfb51dbdcf,false,5.166293666428399,384,3.216718965631293,39.0986234723767,0.2240176423889179,0.029723387736436305
link_0.3.1/link_0p3p1_q0p1_h0_p0.txt,link_0.3.1,0.3,link,0.1,0,0,0,C:\workspace\projects\SST-Workbench\KnotPlot\knots\final\link_0.3.1_final.txt,2ee9f61985e229322d6d038c39c22ee21259c1bbc0d2a7c2acfd51dfb51dbdcf,false,3.451451358783206,384,3.334154405361144,42.48532825701122,0.4346124858248799,0.019857335570605615
link_2.2.1/link_2p2p1_qm0p1_h0_p0.txt,link_2.2.1,2.2,link,-0.1,0,0,0,C:\workspace\projects\SST-Workbench\KnotPlot\knots\final\link_2.2.1_final.txt,e8b1dd43b21640afe852dd45e4b5223c82734e5446cd60a5b37225d37c2dd0a2,false,0.6355495415619186,384,3.2780890799240683,45.52086679875098,0.18174767859367794,0.02134659060966995
link_2.2.1/link_2p2p1_qm0p05_h0_p0.txt,link_2.2.1,2.2,link,-0.05,0,0,0,C:\workspace\projects\SST-Workbench\KnotPlot\knots\final\link_2.2.1_final.txt,e8b1dd43b21640afe852dd45e4b5223c82734e5446cd60a5b37225d37c2dd0a2,true,0.9637832615363626,384,3.429256436662975,46.80137170387428,0.04709504301003547,0.03237117702879315
link_2.2.1/link_2p2p1_qm0p02_h0_p0.txt,link_2.2.1,2.2,link,-0.02,0,0,0,C:\workspace\projects\SST-Workbench\KnotPlot\knots\final\link_2.2.1_final.txt,e8b1dd43b21640afe852dd45e4b5223c82734e5446cd60a5b37225d37c2dd0a2,true,0.9853752918247319,384,3.5212129959371565,47.89893770919991,0.03689107290735896,0.03309640173726304
link_2.2.1/link_2p2p1_q0_hm0p1_p0.txt,link_2.2.1,2.2,link,0,-0.1,0,0,C:\workspace\projects\SST-Workbench\KnotPlot\knots\final\link_2.2.1_final.txt,e8b1dd43b21640afe852dd45e4b5223c82734e5446cd60a5b37225d37c2dd0a2,false,1.0268343884480526,384,3.72618112408636,51.78114393573081,0.26253936501178415,0.034488913736390264
link_2.2.1/link_2p2p1_q0_hm0p05_p0.txt,link_2.2.1,2.2,link,0,-0.05,0,0,C:\workspace\projects\SST-Workbench\KnotPlot\knots\final\link_2.2.1_final.txt,e8b1dd43b21640afe852dd45e4b5223c82734e5446cd60a5b37225d37c2dd0a2,false,1.0211557807666611,384,3.6509000471110573,50.14959501718721,0.12765893801419265,0.034298182872027294
link_2.2.1/link_2p2p1_q0_hm0p02_p0.txt,link_2.2.1,2.2,link,0,-0.02,0,0,C:\workspace\projects\SST-Workbench\KnotPlot\knots\final\link_2.2.1_final.txt,e8b1dd43b21640afe852dd45e4b5223c82734e5446cd60a5b37225d37c2dd0a2,true,1.0099186259925896,384,3.6092447627601825,49.35456833519695,0.046959270432757085,0.033920753691620543
link_2.2.1/link_2p2p1_q0_h0_pm0p1.txt,link_2.2.1,2.2,link,0,0,-0.1,0,C:\workspace\projects\SST-Workbench\KnotPlot\knots\final\link_2.2.1_final.txt,e8b1dd43b21640afe852dd45e4b5223c82734e5446cd60a5b37225d37c2dd0a2,false,1.2159138785804422,384,3.549507993909949,48.81111276972492,0.12142572533069043,0.040839642050381215
link_2.2.1/link_2p2p1_q0_h0_pm0p05.txt,link_2.2.1,2.2,link,0,0,-0.05,0,C:\workspace\projects\SST-Workbench\KnotPlot\knots\final\link_2.2.1_final.txt,e8b1dd43b21640afe852dd45e4b5223c82734e5446cd60a5b37225d37c2dd0a2,true,1.5217657818859034,384,3.561878235413118,48.39029506614523,0.0678367206868147,0.051112476723512615
link_2.2.1/link_2p2p1_q0_h0_pm0p02.txt,link_2.2.1,2.2,link,0,0,-0.02,0,C:\workspace\projects\SST-Workbench\KnotPlot\knots\final\link_2.2.1_final.txt,e8b1dd43b21640afe852dd45e4b5223c82734e5446cd60a5b37225d37c2dd0a2,true,0.8304609472856158,384,3.573507726637356,48.56247768133258,0.05233136758850705,0.02789319903442591
link_2.2.1/link_2p2p1_q0_h0_p0.txt,link_2.2.1,2.2,link,0.0,0.0,0.0,0,C:\workspace\projects\SST-Workbench\KnotPlot\knots\final\link_2.2.1_final.txt,e8b1dd43b21640afe852dd45e4b5223c82734e5446cd60a5b37225d37c2dd0a2,true,1.0,384,3.5829961017557093,48.93232776248436,0.00713177809618291,0.03358761074267922
link_2.2.1/link_2p2p1_q0_h0_p0p02.txt,link_2.2.1,2.2,link,0,0,0.02,0,C:\workspace\projects\SST-Workbench\KnotPlot\knots\final\link_2.2.1_final.txt,e8b1dd43b21640afe852dd45e4b5223c82734e5446cd60a5b37225d37c2dd0a2,true,0.6053830101550604,384,3.593860187576806,49.361923226281675,0.04435477540436697,0.02033336889531959
link_2.2.1/link_2p2p1_q0_h0_p0p05.txt,link_2.2.1,2.2,link,0,0,0.05,0,C:\workspace\projects\SST-Workbench\KnotPlot\knots\final\link_2.2.1_final.txt,e8b1dd43b21640afe852dd45e4b5223c82734e5446cd60a5b37225d37c2dd0a2,false,0.6462499157197104,384,3.6127081950652267,50.10207677396602,0.11591737860950983,0.021705990611682883
link_2.2.1/link_2p2p1_q0_h0_p0p1.txt,link_2.2.1,2.2,link,0,0,0.1,0,C:\workspace\projects\SST-Workbench\KnotPlot\knots\final\link_2.2.1_final.txt,e8b1dd43b21640afe852dd45e4b5223c82734e5446cd60a5b37225d37c2dd0a2,false,1.413549740573573,384,3.650804688886301,51.580612631578646,0.22955196264483613,0.04747775845180037
link_2.2.1/link_2p2p1_q0_h0p02_p0.txt,link_2.2.1,2.2,link,0,0.02,0,0,C:\workspace\projects\SST-Workbench\KnotPlot\knots\final\link_2.2.1_final.txt,e8b1dd43b21640afe852dd45e4b5223c82734e5446cd60a5b37225d37c2dd0a2,true,0.9887812334779665,384,3.557996275595844,48.64050563450887,0.04878392904789779,0.03321079917972416
link_2.2.1/link_2p2p1_q0_h0p05_p0.txt,link_2.2.1,2.2,link,0,0.05,0,0,C:\workspace\projects\SST-Workbench\KnotPlot\knots\final\link_2.2.1_final.txt,e8b1dd43b21640afe852dd45e4b5223c82734e5446cd60a5b37225d37c2dd0a2,true,0.9703660846823441,384,3.5228958972840445,48.671358063506254,0.07344404300824295,0.03259227833020827
link_2.2.1/link_2p2p1_q0_h0p1_p0.txt,link_2.2.1,2.2,link,0,0.1,0,0,C:\workspace\projects\SST-Workbench\KnotPlot\knots\final\link_2.2.1_final.txt,e8b1dd43b21640afe852dd45e4b5223c82734e5446cd60a5b37225d37c2dd0a2,false,0.9332334229219146,384,3.471004821043606,49.44075625666571,0.17297062595246945,0.0313450809411594
link_2.2.1/link_2p2p1_q0p02_h0_p0.txt,link_2.2.1,2.2,link,0.02,0,0,0,C:\workspace\projects\SST-Workbench\KnotPlot\knots\final\link_2.2.1_final.txt,e8b1dd43b21640afe852dd45e4b5223c82734e5446cd60a5b37225d37c2dd0a2,true,1.0146068460498663,384,3.6451394916969244,50.091012701748625,0.04720421959524247,0.03407821980198037
link_2.2.1/link_2p2p1_q0p05_h0_p0.txt,link_2.2.1,2.2,link,0.05,0,0,0,C:\workspace\projects\SST-Workbench\KnotPlot\knots\final\link_2.2.1_final.txt,e8b1dd43b21640afe852dd45e4b5223c82734e5446cd60a5b37225d37c2dd0a2,false,1.012290776329832,384,3.738990784466299,51.90639989860092,0.12797621331890516,0.03400042855377096
link_2.2.1/link_2p2p1_q0p1_h0_p0.txt,link_2.2.1,2.2,link,0.1,0,0,0,C:\workspace\projects\SST-Workbench\KnotPlot\knots\final\link_2.2.1_final.txt,e8b1dd43b21640afe852dd45e4b5223c82734e5446cd60a5b37225d37c2dd0a2,false,1.0109121621446095,384,3.896969690897833,55.013437915961646,0.2573672107179806,0.033954124197153365
link_4.2.1/link_4p2p1_qm0p1_h0_p0.txt,link_4.2.1,4.2,link,-0.1,0,0,0,C:\workspace\projects\SST-Workbench\KnotPlot\knots\final\link_4.2.1_final.txt,05a613e6d519a964dfb8fcd44fdf825d3e7a83cf1b7cd8a3633e5ee2da98b358,true,0.8968609584424853,384,1.516394470395717,25.080158625249645,0.09702118786420705,0.017867254238495674
link_4.2.1/link_4p2p1_qm0p05_h0_p0.txt,link_4.2.1,4.2,link,-0.05,0,0,0,C:\workspace\projects\SST-Workbench\KnotPlot\knots\final\link_4.2.1_final.txt,05a613e6d519a964dfb8fcd44fdf825d3e7a83cf1b7cd8a3633e5ee2da98b358,true,0.9535179073079051,384,1.591879234941144,26.175963972980163,0.05598549269480803,0.01899597335624376
link_4.2.1/link_4p2p1_qm0p02_h0_p0.txt,link_4.2.1,4.2,link,-0.02,0,0,0,C:\workspace\projects\SST-Workbench\KnotPlot\knots\final\link_4.2.1_final.txt,05a613e6d519a964dfb8fcd44fdf825d3e7a83cf1b7cd8a3633e5ee2da98b358,true,0.9877312681723697,384,1.6375381748310425,26.940508942390032,0.040791814501273185,0.019677571558467197
link_4.2.1/link_4p2p1_q0_hm0p1_p0.txt,link_4.2.1,4.2,link,0,-0.1,0,0,C:\workspace\projects\SST-Workbench\KnotPlot\knots\final\link_4.2.1_final.txt,05a613e6d519a964dfb8fcd44fdf825d3e7a83cf1b7cd8a3633e5ee2da98b358,false,0.9459952205064361,384,1.7929860061712406,29.26492465617993,0.13919089025889875,0.0188461064717806
link_4.2.1/link_4p2p1_q0_hm0p05_p0.txt,link_4.2.1,4.2,link,0,-0.05,0,0,C:\workspace\projects\SST-Workbench\KnotPlot\knots\final\link_4.2.1_final.txt,05a613e6d519a964dfb8fcd44fdf825d3e7a83cf1b7cd8a3633e5ee2da98b358,true,0.9768273668091967,384,1.7296683849721155,28.32514792163923,0.06699471038574144,0.019460344154360293
link_4.2.1/link_4p2p1_q0_hm0p02_p0.txt,link_4.2.1,4.2,link,0,-0.02,0,0,C:\workspace\projects\SST-Workbench\KnotPlot\knots\final\link_4.2.1_final.txt,05a613e6d519a964dfb8fcd44fdf825d3e7a83cf1b7cd8a3633e5ee2da98b358,false,0.5171584035799608,384,1.6925130846011307,27.81551027230059,0.028311906694583045,0.010302824079202322
link_4.2.1/link_4p2p1_q0_h0_pm0p1.txt,link_4.2.1,4.2,link,0,0,-0.1,0,C:\workspace\projects\SST-Workbench\KnotPlot\knots\final\link_4.2.1_final.txt,05a613e6d519a964dfb8fcd44fdf825d3e7a83cf1b7cd8a3633e5ee2da98b358,true,1.5147646212764347,384,1.67684730192718,27.889028814780502,0.08746483977652612,0.03017712427445386
link_4.2.1/link_4p2p1_q0_h0_pm0p05.txt,link_4.2.1,4.2,link,0,0,-0.05,0,C:\workspace\projects\SST-Workbench\KnotPlot\knots\final\link_4.2.1_final.txt,05a613e6d519a964dfb8fcd44fdf825d3e7a83cf1b7cd8a3633e5ee2da98b358,false,0.5641009877412168,384,1.6704083376885142,27.57892442931003,0.040774690721584635,0.011238013729198585
link_4.2.1/link_4p2p1_q0_h0_pm0p02.txt,link_4.2.1,4.2,link,0,0,-0.02,0,C:\workspace\projects\SST-Workbench\KnotPlot\knots\final\link_4.2.1_final.txt,05a613e6d519a964dfb8fcd44fdf825d3e7a83cf1b7cd8a3633e5ee2da98b358,true,0.7636328255910105,384,1.6685339679376423,27.501458959248453,0.02601837862849843,0.015213084827987177
link_4.2.1/link_4p2p1_q0_h0_p0.txt,link_4.2.1,4.2,link,0.0,0.0,0.0,0,C:\workspace\projects\SST-Workbench\KnotPlot\knots\final\link_4.2.1_final.txt,05a613e6d519a964dfb8fcd44fdf825d3e7a83cf1b7cd8a3633e5ee2da98b358,true,1.0,384,1.6681168634640038,27.50115109423053,0.027281594997850517,0.019921989100210657
link_4.2.1/link_4p2p1_q0_h0_p0p02.txt,link_4.2.1,4.2,link,0,0,0.02,0,C:\workspace\projects\SST-Workbench\KnotPlot\knots\final\link_4.2.1_final.txt,05a613e6d519a964dfb8fcd44fdf825d3e7a83cf1b7cd8a3633e5ee2da98b358,true,1.5546819041079485,384,1.6683664383373973,27.544660097684336,0.03455785647702241,0.0309723559479333
link_4.2.1/link_4p2p1_q0_h0_p0p05.txt,link_4.2.1,4.2,link,0,0,0.05,0,C:\workspace\projects\SST-Workbench\KnotPlot\knots\final\link_4.2.1_final.txt,05a613e6d519a964dfb8fcd44fdf825d3e7a83cf1b7cd8a3633e5ee2da98b358,true,2.278894596113906,384,1.669989952257649,27.69072913358626,0.05126905531029942,0.0454001133043102
link_4.2.1/link_4p2p1_q0_h0_p0p1.txt,link_4.2.1,4.2,link,0,0,0.1,0,C:\workspace\projects\SST-Workbench\KnotPlot\knots\final\link_4.2.1_final.txt,05a613e6d519a964dfb8fcd44fdf825d3e7a83cf1b7cd8a3633e5ee2da98b358,true,3.299242204729114,384,1.6760136413600162,28.13289380621717,0.0881439195329425,0.06572746724156839
link_4.2.1/link_4p2p1_q0_h0p02_p0.txt,link_4.2.1,4.2,link,0,0.02,0,0,C:\workspace\projects\SST-Workbench\KnotPlot\knots\final\link_4.2.1_final.txt,05a613e6d519a964dfb8fcd44fdf825d3e7a83cf1b7cd8a3633e5ee2da98b358,true,1.0249032652767278,384,1.6440353882835683,27.210242121653568,0.050980960728047475,0.020418111679613285
link_4.2.1/link_4p2p1_q0_h0p05_p0.txt,link_4.2.1,4.2,link,0,0.05,0,0,C:\workspace\projects\SST-Workbench\KnotPlot\knots\final\link_4.2.1_final.txt,05a613e6d519a964dfb8fcd44fdf825d3e7a83cf1b7cd8a3633e5ee2da98b358,true,1.047090035631636,384,1.6085341970031959,26.878464725666568,0.069206661547771,0.02086011627679264
link_4.2.1/link_4p2p1_q0_h0p1_p0.txt,link_4.2.1,4.2,link,0,0.1,0,0,C:\workspace\projects\SST-Workbench\KnotPlot\knots\final\link_4.2.1_final.txt,05a613e6d519a964dfb8fcd44fdf825d3e7a83cf1b7cd8a3633e5ee2da98b358,true,0.8608096163426261,384,1.551147285153553,26.58266861099918,0.09505176113965955,0.017149039794134315
link_4.2.1/link_4p2p1_q0p02_h0_p0.txt,link_4.2.1,4.2,link,0.02,0,0,0,C:\workspace\projects\SST-Workbench\KnotPlot\knots\final\link_4.2.1_final.txt,05a613e6d519a964dfb8fcd44fdf825d3e7a83cf1b7cd8a3633e5ee2da98b358,false,0.14888159571713228,384,1.6988000460196495,28.085280126078082,0.030116641646891384,0.0029660175270986786
link_4.2.1/link_4p2p1_q0p05_h0_p0.txt,link_4.2.1,4.2,link,0.05,0,0,0,C:\workspace\projects\SST-Workbench\KnotPlot\knots\final\link_4.2.1_final.txt,05a613e6d519a964dfb8fcd44fdf825d3e7a83cf1b7cd8a3633e5ee2da98b358,false,0.5339453608205182,384,1.7450086832033984,28.983809033132438,0.06470128994119623,0.010637253658374412
link_4.2.1/link_4p2p1_q0p1_h0_p0.txt,link_4.2.1,4.2,link,0.1,0,0,0,C:\workspace\projects\SST-Workbench\KnotPlot\knots\final\link_4.2.1_final.txt,05a613e6d519a964dfb8fcd44fdf825d3e7a83cf1b7cd8a3633e5ee2da98b358,false,1.1258947278323663,384,1.8224718931944113,30.514193890346412,0.13238156904013898,0.022430062495861044
link_5.2.1/link_5p2p1_qm0p1_h0_p0.txt,link_5.2.1,5.2,link,-0.1,0,0,0,C:\workspace\projects\SST-Workbench\KnotPlot\knots\final\link_5.2.1_final.txt,f9c6d79909356bd7777f29132f3d64e47f26eb9a4ebc75043fb4a24a16a1d4e2,false,0.3123625139170896,384,1.4464001149288896,26.677114972991042,0.11025925234511641,0.01090543522839173
link_5.2.1/link_5p2p1_qm0p05_h0_p0.txt,link_5.2.1,5.2,link,-0.05,0,0,0,C:\workspace\projects\SST-Workbench\KnotPlot\knots\final\link_5.2.1_final.txt,f9c6d79909356bd7777f29132f3d64e47f26eb9a4ebc75043fb4a24a16a1d4e2,true,0.7987041409182672,384,1.5170058034838068,27.99282718166597,0.058243441971775556,0.027884960222033486
link_5.2.1/link_5p2p1_qm0p02_h0_p0.txt,link_5.2.1,5.2,link,-0.02,0,0,0,C:\workspace\projects\SST-Workbench\KnotPlot\knots\final\link_5.2.1_final.txt,f9c6d79909356bd7777f29132f3d64e47f26eb9a4ebc75043fb4a24a16a1d4e2,true,0.939240832485119,384,1.5597760454185559,28.833082672194934,0.048515525178210096,0.032791482992245186
link_5.2.1/link_5p2p1_q0_hm0p1_p0.txt,link_5.2.1,5.2,link,0,-0.1,0,0,C:\workspace\projects\SST-Workbench\KnotPlot\knots\final\link_5.2.1_final.txt,f9c6d79909356bd7777f29132f3d64e47f26eb9a4ebc75043fb4a24a16a1d4e2,false,0.11707339041409147,384,1.7013344131506314,30.82882320869981,0.10798638651692545,0.004087354337492546
link_5.2.1/link_5p2p1_q0_hm0p05_p0.txt,link_5.2.1,5.2,link,0,-0.05,0,0,C:\workspace\projects\SST-Workbench\KnotPlot\knots\final\link_5.2.1_final.txt,f9c6d79909356bd7777f29132f3d64e47f26eb9a4ebc75043fb4a24a16a1d4e2,false,0.4818856744656066,384,1.6439402090815913,30.06213802535237,0.054064292947927826,0.016823955424335638
link_5.2.1/link_5p2p1_q0_hm0p02_p0.txt,link_5.2.1,5.2,link,0,-0.02,0,0,C:\workspace\projects\SST-Workbench\KnotPlot\knots\final\link_5.2.1_final.txt,f9c6d79909356bd7777f29132f3d64e47f26eb9a4ebc75043fb4a24a16a1d4e2,true,0.8320657507646113,384,1.6104019519304196,29.665827499908826,0.03654908119899701,0.02904970585918363
link_5.2.1/link_5p2p1_q0_h0_pm0p1.txt,link_5.2.1,5.2,link,0,0,-0.1,0,C:\workspace\projects\SST-Workbench\KnotPlot\knots\final\link_5.2.1_final.txt,f9c6d79909356bd7777f29132f3d64e47f26eb9a4ebc75043fb4a24a16a1d4e2,false,1.1446882631077637,384,1.5950503542967172,29.895848378205567,0.12390181000515396,0.03996421834834957
link_5.2.1/link_5p2p1_q0_h0_pm0p05.txt,link_5.2.1,5.2,link,0,0,-0.05,0,C:\workspace\projects\SST-Workbench\KnotPlot\knots\final\link_5.2.1_final.txt,f9c6d79909356bd7777f29132f3d64e47f26eb9a4ebc75043fb4a24a16a1d4e2,true,0.9970917045244115,384,1.5897738507566574,29.511231057955868,0.06815765738723331,0.03481121618627992
link_5.2.1/link_5p2p1_q0_h0_pm0p02.txt,link_5.2.1,5.2,link,0,0,-0.02,0,C:\workspace\projects\SST-Workbench\KnotPlot\knots\final\link_5.2.1_final.txt,f9c6d79909356bd7777f29132f3d64e47f26eb9a4ebc75043fb4a24a16a1d4e2,true,0.9934710783720101,384,1.588500983892034,29.420649896517148,0.048530494050551924,0.03468481016048607
link_5.2.1/link_5p2p1_q0_h0_p0.txt,link_5.2.1,5.2,link,0.0,0.0,0.0,0,C:\workspace\projects\SST-Workbench\KnotPlot\knots\final\link_5.2.1_final.txt,f9c6d79909356bd7777f29132f3d64e47f26eb9a4ebc75043fb4a24a16a1d4e2,true,1.0000000000000029,384,1.5884438650526502,29.432130319616153,0.042116038762605335,0.034912752787251526
link_5.2.1/link_5p2p1_q0_h0_p0p02.txt,link_5.2.1,5.2,link,0,0,0.02,0,C:\workspace\projects\SST-Workbench\KnotPlot\knots\final\link_5.2.1_final.txt,f9c6d79909356bd7777f29132f3d64e47f26eb9a4ebc75043fb4a24a16a1d4e2,true,1.1297364042007867,384,1.5890201035076408,29.503775680189783,0.04211524508176713,0.03944220779462041
link_5.2.1/link_5p2p1_q0_h0_p0p05.txt,link_5.2.1,5.2,link,0,0,0.05,0,C:\workspace\projects\SST-Workbench\KnotPlot\knots\final\link_5.2.1_final.txt,f9c6d79909356bd7777f29132f3d64e47f26eb9a4ebc75043fb4a24a16a1d4e2,true,1.3715018379875177,384,1.5910702939730026,29.699304043771058,0.0666529160978122,0.04788290461691916
link_5.2.1/link_5p2p1_q0_h0_p0p1.txt,link_5.2.1,5.2,link,0,0,0.1,0,C:\workspace\projects\SST-Workbench\KnotPlot\knots\final\link_5.2.1_final.txt,f9c6d79909356bd7777f29132f3d64e47f26eb9a4ebc75043fb4a24a16a1d4e2,false,1.8560930532704765,384,1.597633625199925,30.238518593780945,0.1286429323564463,0.06480131791896683
link_5.2.1/link_5p2p1_q0_h0p02_p0.txt,link_5.2.1,5.2,link,0,0.02,0,0,C:\workspace\projects\SST-Workbench\KnotPlot\knots\final\link_5.2.1_final.txt,f9c6d79909356bd7777f29132f3d64e47f26eb9a4ebc75043fb4a24a16a1d4e2,true,0.8586302838964374,384,1.5668221335497106,29.243649716305242,0.045773686196464325,0.029977146837323825
link_5.2.1/link_5p2p1_q0_h0p05_p0.txt,link_5.2.1,5.2,link,0,0.05,0,0,C:\workspace\projects\SST-Workbench\KnotPlot\knots\final\link_5.2.1_final.txt,f9c6d79909356bd7777f29132f3d64e47f26eb9a4ebc75043fb4a24a16a1d4e2,false,0.5329405068345842,384,1.535051233521256,29.035727689455364,0.056223810541647906,0.018606420165428312
link_5.2.1/link_5p2p1_q0_h0p1_p0.txt,link_5.2.1,5.2,link,0,0.1,0,0,C:\workspace\projects\SST-Workbench\KnotPlot\knots\final\link_5.2.1_final.txt,f9c6d79909356bd7777f29132f3d64e47f26eb9a4ebc75043fb4a24a16a1d4e2,false,0.4908465855387426,384,1.4839894010303472,28.838934552495317,0.10136072155211923,0.01713680549738058
link_5.2.1/link_5p2p1_q0p02_h0_p0.txt,link_5.2.1,5.2,link,0.02,0,0,0,C:\workspace\projects\SST-Workbench\KnotPlot\knots\final\link_5.2.1_final.txt,f9c6d79909356bd7777f29132f3d64e47f26eb9a4ebc75043fb4a24a16a1d4e2,true,0.8760822774899171,384,1.6172274890288234,30.059951436236084,0.0358995627786453,0.030586443975297677
link_5.2.1/link_5p2p1_q0p05_h0_p0.txt,link_5.2.1,5.2,link,0.05,0,0,0,C:\workspace\projects\SST-Workbench\KnotPlot\knots\final\link_5.2.1_final.txt,f9c6d79909356bd7777f29132f3d64e47f26eb9a4ebc75043fb4a24a16a1d4e2,true,0.6077124351333233,384,1.6606068789228414,31.02080711402412,0.052184631976744784,0.02121691401354828
link_5.2.1/link_5p2p1_q0p1_h0_p0.txt,link_5.2.1,5.2,link,0.1,0,0,0,C:\workspace\projects\SST-Workbench\KnotPlot\knots\final\link_5.2.1_final.txt,f9c6d79909356bd7777f29132f3d64e47f26eb9a4ebc75043fb4a24a16a1d4e2,false,0.34402498057846714,384,1.7334043064187086,32.66195859939147,0.10073596694519163,0.012010859099574995
link_6.2.1/link_6p2p1_qm0p1_h0_p0.txt,link_6.2.1,6.2,link,-0.1,0,0,0,C:\workspace\projects\SST-Workbench\KnotPlot\knots\final\link_6.2.1_final.txt,d936b148d0e687d306a2640d9f2e48393d4152b9eede67fa1bdeb9e61c3ebbdc,false,0.9127858112218953,384,1.7065472589941058,31.868923274234263,0.16597152715116237,0.03521166021318581
link_6.2.1/link_6p2p1_qm0p05_h0_p0.txt,link_6.2.1,6.2,link,-0.05,0,0,0,C:\workspace\projects\SST-Workbench\KnotPlot\knots\final\link_6.2.1_final.txt,d936b148d0e687d306a2640d9f2e48393d4152b9eede67fa1bdeb9e61c3ebbdc,true,0.9561539969556475,384,1.7888075507604861,33.177904312631625,0.08041158325877033,0.03688463299754035
link_6.2.1/link_6p2p1_qm0p02_h0_p0.txt,link_6.2.1,6.2,link,-0.02,0,0,0,C:\workspace\projects\SST-Workbench\KnotPlot\knots\final\link_6.2.1_final.txt,d936b148d0e687d306a2640d9f2e48393d4152b9eede67fa1bdeb9e61c3ebbdc,true,0.9824083395982378,384,1.8386841795651536,34.16736379664378,0.04239462599338588,0.03789742151910372
link_6.2.1/link_6p2p1_q0_hm0p1_p0.txt,link_6.2.1,6.2,link,0,-0.1,0,0,C:\workspace\projects\SST-Workbench\KnotPlot\knots\final\link_6.2.1_final.txt,d936b148d0e687d306a2640d9f2e48393d4152b9eede67fa1bdeb9e61c3ebbdc,false,0.6993389127699619,384,2.0148703397789833,37.13995953599132,0.19617636418272166,0.026977724530304354
link_6.2.1/link_6p2p1_q0_hm0p05_p0.txt,link_6.2.1,6.2,link,0,-0.05,0,0,C:\workspace\projects\SST-Workbench\KnotPlot\knots\final\link_6.2.1_final.txt,d936b148d0e687d306a2640d9f2e48393d4152b9eede67fa1bdeb9e61c3ebbdc,true,0.8897267552533347,384,1.9425580758530587,35.903115360361184,0.0921039851762791,0.034322133192038445
link_6.2.1/link_6p2p1_q0_hm0p02_p0.txt,link_6.2.1,6.2,link,0,-0.02,0,0,C:\workspace\projects\SST-Workbench\KnotPlot\knots\final\link_6.2.1_final.txt,d936b148d0e687d306a2640d9f2e48393d4152b9eede67fa1bdeb9e61c3ebbdc,true,0.6132721221576032,384,1.900062965043259,35.277359637983196,0.03209332613719577,0.023657608738161456
link_6.2.1/link_6p2p1_q0_h0_pm0p1.txt,link_6.2.1,6.2,link,0,0,-0.1,0,C:\workspace\projects\SST-Workbench\KnotPlot\knots\final\link_6.2.1_final.txt,d936b148d0e687d306a2640d9f2e48393d4152b9eede67fa1bdeb9e61c3ebbdc,true,0.7040512271274239,384,1.885925398749507,35.46933132559579,0.07788503599537465,0.02715950694840587
link_6.2.1/link_6p2p1_q0_h0_pm0p05.txt,link_6.2.1,6.2,link,0,0,-0.05,0,C:\workspace\projects\SST-Workbench\KnotPlot\knots\final\link_6.2.1_final.txt,d936b148d0e687d306a2640d9f2e48393d4152b9eede67fa1bdeb9e61c3ebbdc,false,0.5951261286791489,384,1.8767163508842843,34.972493278453214,0.05379033362791225,0.02295760820272512
link_6.2.1/link_6p2p1_q0_h0_pm0p02.txt,link_6.2.1,6.2,link,0,0,-0.02,0,C:\workspace\projects\SST-Workbench\KnotPlot\knots\final\link_6.2.1_final.txt,d936b148d0e687d306a2640d9f2e48393d4152b9eede67fa1bdeb9e61c3ebbdc,true,0.7119786785007542,384,1.873408268856248,34.894767560335644,0.03130110927770826,0.02746531661446608
link_6.2.1/link_6p2p1_q0_h0_p0.txt,link_6.2.1,6.2,link,0.0,0.0,0.0,0,C:\workspace\projects\SST-Workbench\KnotPlot\knots\final\link_6.2.1_final.txt,d936b148d0e687d306a2640d9f2e48393d4152b9eede67fa1bdeb9e61c3ebbdc,true,1.0,384,1.8721329009892427,34.92806729284118,0.013314955034169523,0.03857603808066421
link_6.2.1/link_6p2p1_q0_h0_p0p02.txt,link_6.2.1,6.2,link,0,0,0.02,0,C:\workspace\projects\SST-Workbench\KnotPlot\knots\final\link_6.2.1_final.txt,d936b148d0e687d306a2640d9f2e48393d4152b9eede67fa1bdeb9e61c3ebbdc,true,0.8018594082616509,384,1.8716034531266919,35.01853701558998,0.01942408124706029,0.030932559068440318
link_6.2.1/link_6p2p1_q0_h0_p0p05.txt,link_6.2.1,6.2,link,0,0,0.05,0,C:\workspace\projects\SST-Workbench\KnotPlot\knots\final\link_6.2.1_final.txt,d936b148d0e687d306a2640d9f2e48393d4152b9eede67fa1bdeb9e61c3ebbdc,true,0.8001330825295958,384,1.8722090218558416,35.25575884543111,0.052704105347637226,0.03086596426126093
link_6.2.1/link_6p2p1_q0_h0_p0p1.txt,link_6.2.1,6.2,link,0,0,0.1,0,C:\workspace\projects\SST-Workbench\KnotPlot\knots\final\link_6.2.1_final.txt,d936b148d0e687d306a2640d9f2e48393d4152b9eede67fa1bdeb9e61c3ebbdc,false,0.9657330791825709,384,1.876944146567087,35.90452775471971,0.11204520556484901,0.03725415603830396
link_6.2.1/link_6p2p1_q0_h0p02_p0.txt,link_6.2.1,6.2,link,0,0.02,0,0,C:\workspace\projects\SST-Workbench\KnotPlot\knots\final\link_6.2.1_final.txt,d936b148d0e687d306a2640d9f2e48393d4152b9eede67fa1bdeb9e61c3ebbdc,true,0.9854244561757646,384,1.8445398286396502,34.65438661171364,0.04187309020709697,0.038013771347054116
link_6.2.1/link_6p2p1_q0_h0p05_p0.txt,link_6.2.1,6.2,link,0,0.05,0,0,C:\workspace\projects\SST-Workbench\KnotPlot\knots\final\link_6.2.1_final.txt,d936b148d0e687d306a2640d9f2e48393d4152b9eede67fa1bdeb9e61c3ebbdc,true,0.9619981586109547,384,1.8038158577954841,34.432057747155675,0.07978971665546862,0.03711007760010504
link_6.2.1/link_6p2p1_q0_h0p1_p0.txt,link_6.2.1,6.2,link,0,0.1,0,0,C:\workspace\projects\SST-Workbench\KnotPlot\knots\final\link_6.2.1_final.txt,d936b148d0e687d306a2640d9f2e48393d4152b9eede67fa1bdeb9e61c3ebbdc,false,0.9202689850431988,384,1.737855583086845,34.50988863669944,0.15284202516675507,0.03550033141148064
link_6.2.1/link_6p2p1_q0p02_h0_p0.txt,link_6.2.1,6.2,link,0.02,0,0,0,C:\workspace\projects\SST-Workbench\KnotPlot\knots\final\link_6.2.1_final.txt,d936b148d0e687d306a2640d9f2e48393d4152b9eede67fa1bdeb9e61c3ebbdc,true,0.7110642104338795,384,1.905730023891792,35.73859168397483,0.031903205527037626,0.027430040059494763
link_6.2.1/link_6p2p1_q0p05_h0_p0.txt,link_6.2.1,6.2,link,0.05,0,0,0,C:\workspace\projects\SST-Workbench\KnotPlot\knots\final\link_6.2.1_final.txt,d936b148d0e687d306a2640d9f2e48393d4152b9eede67fa1bdeb9e61c3ebbdc,true,0.9505722203432225,384,1.9563872272907272,37.00721531707955,0.08944557088516393,0.036669310170381685
link_6.2.1/link_6p2p1_q0p1_h0_p0.txt,link_6.2.1,6.2,link,0.1,0,0,0,C:\workspace\projects\SST-Workbench\KnotPlot\knots\final\link_6.2.1_final.txt,d936b148d0e687d306a2640d9f2e48393d4152b9eede67fa1bdeb9e61c3ebbdc,false,0.8019360353558175,384,2.0414555116576594,39.1984809632557,0.18446622101933308,0.030935515038142895
link_6.3.1/link_6p3p1_qm0p1_h0_p0.txt,link_6.3.1,6.3,link,-0.1,0,0,0,C:\workspace\projects\SST-Workbench\KnotPlot\knots\final\link_6.3.1_final.txt,4a1eca037b4671ad7296ab17e11f594e5032e7cfadf42af1204287f595eb73e3,false,0.7496766852113758,384,1.6320954178323588,37.156037747203925,0.14403452106471237,0.03466548311421477
link_6.3.1/link_6p3p1_qm0p05_h0_p0.txt,link_6.3.1,6.3,link,-0.05,0,0,0,C:\workspace\projects\SST-Workbench\KnotPlot\knots\final\link_6.3.1_final.txt,4a1eca037b4671ad7296ab17e11f594e5032e7cfadf42af1204287f595eb73e3,true,0.9075452237811452,384,1.712069660517712,38.5109616466833,0.08702512802947776,0.04196541555977706
link_6.3.1/link_6p3p1_qm0p02_h0_p0.txt,link_6.3.1,6.3,link,-0.02,0,0,0,C:\workspace\projects\SST-Workbench\KnotPlot\knots\final\link_6.3.1_final.txt,4a1eca037b4671ad7296ab17e11f594e5032e7cfadf42af1204287f595eb73e3,true,1.3366471786282625,384,1.7605013836983427,39.63942994103388,0.05634006124590231,0.06180733790238692
link_6.3.1/link_6p3p1_q0_hm0p1_p0.txt,link_6.3.1,6.3,link,0,-0.1,0,0,C:\workspace\projects\SST-Workbench\KnotPlot\knots\final\link_6.3.1_final.txt,4a1eca037b4671ad7296ab17e11f594e5032e7cfadf42af1204287f595eb73e3,false,0.6151849646612488,384,1.9159047802944262,42.60468127303645,0.16992161514014786,0.028446508241843523
link_6.3.1/link_6p3p1_q0_hm0p05_p0.txt,link_6.3.1,6.3,link,0,-0.05,0,0,C:\workspace\projects\SST-Workbench\KnotPlot\knots\final\link_6.3.1_final.txt,4a1eca037b4671ad7296ab17e11f594e5032e7cfadf42af1204287f595eb73e3,true,1.2122650027179425,384,1.8532835569996624,41.41914012649038,0.08382402898950465,0.056055834215817335
link_6.3.1/link_6p3p1_q0_hm0p02_p0.txt,link_6.3.1,6.3,link,0,-0.02,0,0,C:\workspace\projects\SST-Workbench\KnotPlot\knots\final\link_6.3.1_final.txt,4a1eca037b4671ad7296ab17e11f594e5032e7cfadf42af1204287f595eb73e3,true,0.7994070205421272,384,1.8167982799445725,40.84854420228246,0.03427750266789417,0.03696504255587772
link_6.3.1/link_6p3p1_q0_h0_pm0p1.txt,link_6.3.1,6.3,link,0,0,-0.1,0,C:\workspace\projects\SST-Workbench\KnotPlot\knots\final\link_6.3.1_final.txt,4a1eca037b4671ad7296ab17e11f594e5032e7cfadf42af1204287f595eb73e3,false,0.8791757815044904,384,1.8064259809453351,42.1071054330264,0.27611097094186826,0.04065359615602465
link_6.3.1/link_6p3p1_q0_h0_pm0p05.txt,link_6.3.1,6.3,link,0,0,-0.05,0,C:\workspace\projects\SST-Workbench\KnotPlot\knots\final\link_6.3.1_final.txt,4a1eca037b4671ad7296ab17e11f594e5032e7cfadf42af1204287f595eb73e3,false,1.1440434137913942,384,1.7974798431182384,41.05059883768264,0.12620667879259576,0.05290122852297609
link_6.3.1/link_6p3p1_q0_h0_pm0p02.txt,link_6.3.1,6.3,link,0,0,-0.02,0,C:\workspace\projects\SST-Workbench\KnotPlot\knots\final\link_6.3.1_final.txt,4a1eca037b4671ad7296ab17e11f594e5032e7cfadf42af1204287f595eb73e3,true,0.8238935220812135,384,1.794233319924004,40.638127506526615,0.05070256000595336,0.03809731253622272
link_6.3.1/link_6p3p1_q0_h0_p0.txt,link_6.3.1,6.3,link,0.0,0.0,0.0,0,C:\workspace\projects\SST-Workbench\KnotPlot\knots\final\link_6.3.1_final.txt,4a1eca037b4671ad7296ab17e11f594e5032e7cfadf42af1204287f595eb73e3,true,1.0,384,1.7929587755387952,40.52783801477375,0.02772420001878493,0.04624057783581816
link_6.3.1/link_6p3p1_q0_h0_p0p02.txt,link_6.3.1,6.3,link,0,0,0.02,0,C:\workspace\projects\SST-Workbench\KnotPlot\knots\final\link_6.3.1_final.txt,4a1eca037b4671ad7296ab17e11f594e5032e7cfadf42af1204287f595eb73e3,true,1.1567237602793892,384,1.7923979699974404,40.598134318837495,0.04986586442196228,0.05348757507173936
link_6.3.1/link_6p3p1_q0_h0_p0p05.txt,link_6.3.1,6.3,link,0,0,0.05,0,C:\workspace\projects\SST-Workbench\KnotPlot\knots\final\link_6.3.1_final.txt,4a1eca037b4671ad7296ab17e11f594e5032e7cfadf42af1204287f595eb73e3,true,1.1180992255471909,384,1.7928962540342224,41.10471171497724,0.09072070642958831,0.05170155426708289
link_6.3.1/link_6p3p1_q0_h0_p0p1.txt,link_6.3.1,6.3,link,0,0,0.1,0,C:\workspace\projects\SST-Workbench\KnotPlot\knots\final\link_6.3.1_final.txt,4a1eca037b4671ad7296ab17e11f594e5032e7cfadf42af1204287f595eb73e3,false,1.4544717686929927,384,1.7972927438960737,42.55488688654408,0.21054892550873033,0.06725561503024843
link_6.3.1/link_6p3p1_q0_h0p02_p0.txt,link_6.3.1,6.3,link,0,0.02,0,0,C:\workspace\projects\SST-Workbench\KnotPlot\knots\final\link_6.3.1_final.txt,4a1eca037b4671ad7296ab17e11f594e5032e7cfadf42af1204287f595eb73e3,true,1.4333708899212294,384,1.7695247773277856,40.27404806791386,0.04938157745883308,0.06627989820299855
link_6.3.1/link_6p3p1_q0_h0p05_p0.txt,link_6.3.1,6.3,link,0,0.05,0,0,C:\workspace\projects\SST-Workbench\KnotPlot\knots\final\link_6.3.1_final.txt,4a1eca037b4671ad7296ab17e11f594e5032e7cfadf42af1204287f595eb73e3,true,1.2273503698942652,384,1.7351699661888453,40.09483959799803,0.07262316478432224,0.05675339031091598
link_6.3.1/link_6p3p1_q0_h0p1_p0.txt,link_6.3.1,6.3,link,0,0.1,0,0,C:\workspace\projects\SST-Workbench\KnotPlot\knots\final\link_6.3.1_final.txt,4a1eca037b4671ad7296ab17e11f594e5032e7cfadf42af1204287f595eb73e3,false,1.1530742078720921,384,1.6801788193498894,40.24366955937954,0.12415991735516944,0.05331881765958384
link_6.3.1/link_6p3p1_q0p02_h0_p0.txt,link_6.3.1,6.3,link,0.02,0,0,0,C:\workspace\projects\SST-Workbench\KnotPlot\knots\final\link_6.3.1_final.txt,4a1eca037b4671ad7296ab17e11f594e5032e7cfadf42af1204287f595eb73e3,true,0.6247827577157227,384,1.8255433909280412,41.45986137739312,0.039165299942752536,0.028890315738630996
link_6.3.1/link_6p3p1_q0p05_h0_p0.txt,link_6.3.1,6.3,link,0.05,0,0,0,C:\workspace\projects\SST-Workbench\KnotPlot\knots\final\link_6.3.1_final.txt,4a1eca037b4671ad7296ab17e11f594e5032e7cfadf42af1204287f595eb73e3,true,1.3121900789637282,384,1.8746443390303162,42.89859788550634,0.09681281090035718,0.060676427481710656
link_6.3.1/link_6p3p1_q0p1_h0_p0.txt,link_6.3.1,6.3,link,0.1,0,0,0,C:\workspace\projects\SST-Workbench\KnotPlot\knots\final\link_6.3.1_final.txt,4a1eca037b4671ad7296ab17e11f594e5032e7cfadf42af1204287f595eb73e3,false,0.398460120653141,384,1.9570266231443398,45.4152548866699,0.18824801882201705,0.018425026223531062
link_6.3.2/link_6p3p2_qm0p1_h0_p0.txt,link_6.3.2,6.3,link,-0.1,0,0,0,C:\workspace\projects\SST-Workbench\KnotPlot\knots\final\link_6.3.2_final.txt,fb9f648ce5ea0a5c382c5abd126ec14aaff356dcbb3db8bd9b5ffcfe21a99eab,false,0.7399715254159319,384,1.62496869404339,41.32303399413124,0.13176797587492145,0.035455412651860856
link_6.3.2/link_6p3p2_qm0p05_h0_p0.txt,link_6.3.2,6.3,link,-0.05,0,0,0,C:\workspace\projects\SST-Workbench\KnotPlot\knots\final\link_6.3.2_final.txt,fb9f648ce5ea0a5c382c5abd126ec14aaff356dcbb3db8bd9b5ffcfe21a99eab,true,0.7305948003504397,384,1.70216486815599,42.7943769042494,0.07507030149638591,0.03500613096317263
link_6.3.2/link_6p3p2_qm0p02_h0_p0.txt,link_6.3.2,6.3,link,-0.02,0,0,0,C:\workspace\projects\SST-Workbench\KnotPlot\knots\final\link_6.3.2_final.txt,fb9f648ce5ea0a5c382c5abd126ec14aaff356dcbb3db8bd9b5ffcfe21a99eab,true,1.2021055193218741,384,1.7490221383846163,44.001224826574884,0.052379976460345805,0.05759836125407602
link_6.3.2/link_6p3p2_q0_hm0p1_p0.txt,link_6.3.2,6.3,link,0,-0.1,0,0,C:\workspace\projects\SST-Workbench\KnotPlot\knots\final\link_6.3.2_final.txt,fb9f648ce5ea0a5c382c5abd126ec14aaff356dcbb3db8bd9b5ffcfe21a99eab,false,0.8885244359214688,384,1.9081822965028836,47.83815399190743,0.17382907123180738,0.042573260517220574
link_6.3.2/link_6p3p2_q0_hm0p05_p0.txt,link_6.3.2,6.3,link,0,-0.05,0,0,C:\workspace\projects\SST-Workbench\KnotPlot\knots\final\link_6.3.2_final.txt,fb9f648ce5ea0a5c382c5abd126ec14aaff356dcbb3db8bd9b5ffcfe21a99eab,true,1.2106385465351186,384,1.843280626034073,46.27139629520963,0.08089644386696299,0.0580072175284375
link_6.3.2/link_6p3p2_q0_hm0p02_p0.txt,link_6.3.2,6.3,link,0,-0.02,0,0,C:\workspace\projects\SST-Workbench\KnotPlot\knots\final\link_6.3.2_final.txt,fb9f648ce5ea0a5c382c5abd126ec14aaff356dcbb3db8bd9b5ffcfe21a99eab,true,1.1823673116914926,384,1.805327044063082,45.44803000314517,0.031180605262343494,0.05665261365095046
link_6.3.2/link_6p3p2_q0_h0_pm0p1.txt,link_6.3.2,6.3,link,0,0,-0.1,0,C:\workspace\projects\SST-Workbench\KnotPlot\knots\final\link_6.3.2_final.txt,fb9f648ce5ea0a5c382c5abd126ec14aaff356dcbb3db8bd9b5ffcfe21a99eab,false,1.5613241348189761,384,1.7840856906537748,47.2922343490055,0.28437575324175796,0.07481016442112486
link_6.3.2/link_6p3p2_q0_h0_pm0p05.txt,link_6.3.2,6.3,link,0,0,-0.05,0,C:\workspace\projects\SST-Workbench\KnotPlot\knots\final\link_6.3.2_final.txt,fb9f648ce5ea0a5c382c5abd126ec14aaff356dcbb3db8bd9b5ffcfe21a99eab,false,1.9724841081764937,384,1.7800695998518086,45.91385534452779,0.13130518155416426,0.09451071507829346
link_6.3.2/link_6p3p2_q0_h0_pm0p02.txt,link_6.3.2,6.3,link,0,0,-0.02,0,C:\workspace\projects\SST-Workbench\KnotPlot\knots\final\link_6.3.2_final.txt,fb9f648ce5ea0a5c382c5abd126ec14aaff356dcbb3db8bd9b5ffcfe21a99eab,true,1.312526588928507,384,1.7797771343623587,45.27707241597156,0.04157525571150977,0.06288913860684296
link_6.3.2/link_6p3p2_q0_h0_p0.txt,link_6.3.2,6.3,link,0.0,0.0,0.0,0,C:\workspace\projects\SST-Workbench\KnotPlot\knots\final\link_6.3.2_final.txt,fb9f648ce5ea0a5c382c5abd126ec14aaff356dcbb3db8bd9b5ffcfe21a99eab,true,1.0,384,1.7804654580965305,44.963366023629895,0.02863922536986992,0.047914563512334696
link_6.3.2/link_6p3p2_q0_h0_p0p02.txt,link_6.3.2,6.3,link,0,0,0.02,0,C:\workspace\projects\SST-Workbench\KnotPlot\knots\final\link_6.3.2_final.txt,fb9f648ce5ea0a5c382c5abd126ec14aaff356dcbb3db8bd9b5ffcfe21a99eab,true,1.8070658712086567,384,1.7818595896143592,44.85249846339886,0.053372625619018295,0.08658477245699961
link_6.3.2/link_6p3p2_q0_h0_p0p05.txt,link_6.3.2,6.3,link,0,0,0.05,0,C:\workspace\projects\SST-Workbench\KnotPlot\knots\final\link_6.3.2_final.txt,fb9f648ce5ea0a5c382c5abd126ec14aaff356dcbb3db8bd9b5ffcfe21a99eab,true,2.789697147805219,384,1.7852703305299416,45.23147787318888,0.06385725904476343,0.13366712116869212
link_6.3.2/link_6p3p2_q0_h0_p0p1.txt,link_6.3.2,6.3,link,0,0,0.1,0,C:\workspace\projects\SST-Workbench\KnotPlot\knots\final\link_6.3.2_final.txt,fb9f648ce5ea0a5c382c5abd126ec14aaff356dcbb3db8bd9b5ffcfe21a99eab,false,1.3977205772814851,384,1.7944488003571941,46.67923786607924,0.16325879933132245,0.06697117137265084
link_6.3.2/link_6p3p2_q0_h0p02_p0.txt,link_6.3.2,6.3,link,0,0.02,0,0,C:\workspace\projects\SST-Workbench\KnotPlot\knots\final\link_6.3.2_final.txt,fb9f648ce5ea0a5c382c5abd126ec14aaff356dcbb3db8bd9b5ffcfe21a99eab,true,1.2933766369060273,384,1.7559740196170657,44.55987816542145,0.04994870858000926,0.0619715770144037
link_6.3.2/link_6p3p2_q0_h0p05_p0.txt,link_6.3.2,6.3,link,0,0.05,0,0,C:\workspace\projects\SST-Workbench\KnotPlot\knots\final\link_6.3.2_final.txt,fb9f648ce5ea0a5c382c5abd126ec14aaff356dcbb3db8bd9b5ffcfe21a99eab,true,0.7917668790475869,384,1.7199654124935158,44.1889353071551,0.07121798667395399,0.03793716441308863
link_6.3.2/link_6p3p2_q0_h0p1_p0.txt,link_6.3.2,6.3,link,0,0.1,0,0,C:\workspace\projects\SST-Workbench\KnotPlot\knots\final\link_6.3.2_final.txt,fb9f648ce5ea0a5c382c5abd126ec14aaff356dcbb3db8bd9b5ffcfe21a99eab,false,1.0138113804272126,384,1.6620333283089928,44.12842010249969,0.11408788307821992,0.0485763297770074
link_6.3.2/link_6p3p2_q0p02_h0_p0.txt,link_6.3.2,6.3,link,0.02,0,0,0,C:\workspace\projects\SST-Workbench\KnotPlot\knots\final\link_6.3.2_final.txt,fb9f648ce5ea0a5c382c5abd126ec14aaff356dcbb3db8bd9b5ffcfe21a99eab,true,1.2119369052513413,384,1.8120629290293966,45.99301182743681,0.03302640038915501,0.05806942781960775
link_6.3.2/link_6p3p2_q0p05_h0_p0.txt,link_6.3.2,6.3,link,0.05,0,0,0,C:\workspace\projects\SST-Workbench\KnotPlot\knots\final\link_6.3.2_final.txt,fb9f648ce5ea0a5c382c5abd126ec14aaff356dcbb3db8bd9b5ffcfe21a99eab,true,1.1190445567652996,384,1.8597309708375156,47.59404644505658,0.08687939049425142,0.05361853148826337
link_6.3.2/link_6p3p2_q0p1_h0_p0.txt,link_6.3.2,6.3,link,0.1,0,0,0,C:\workspace\projects\SST-Workbench\KnotPlot\knots\final\link_6.3.2_final.txt,fb9f648ce5ea0a5c382c5abd126ec14aaff356dcbb3db8bd9b5ffcfe21a99eab,false,1.0479560002815425,384,1.9398431244914054,50.34029908323478,0.18240950584404914,0.0502123543336222
link_6.3.3/link_6p3p3_qm0p1_h0_p0.txt,link_6.3.3,6.3,link,-0.1,0,0,0,C:\workspace\projects\SST-Workbench\KnotPlot\knots\final\link_6.3.3_final.txt,826c43d3149cc6f2f0905f973c7b8c08380eebae5d9558b59883b2f4d98c2c5b,false,0.24949395977310532,384,1.4206862987832236,30.45594020674783,0.10245367578150125,0.007336307736718135
link_6.3.3/link_6p3p3_qm0p05_h0_p0.txt,link_6.3.3,6.3,link,-0.05,0,0,0,C:\workspace\projects\SST-Workbench\KnotPlot\knots\final\link_6.3.3_final.txt,826c43d3149cc6f2f0905f973c7b8c08380eebae5d9558b59883b2f4d98c2c5b,false,0.5921089861033579,384,1.4917083763394254,31.75834534203566,0.06884053295796534,0.017410817238544842
link_6.3.3/link_6p3p3_qm0p02_h0_p0.txt,link_6.3.3,6.3,link,-0.02,0,0,0,C:\workspace\projects\SST-Workbench\KnotPlot\knots\final\link_6.3.3_final.txt,826c43d3149cc6f2f0905f973c7b8c08380eebae5d9558b59883b2f4d98c2c5b,false,0.439055395925729,384,1.534654854257111,32.67226219567492,0.05403017638715446,0.012910314545919474
link_6.3.3/link_6p3p3_q0_hm0p1_p0.txt,link_6.3.3,6.3,link,0,-0.1,0,0,C:\workspace\projects\SST-Workbench\KnotPlot\knots\final\link_6.3.3_final.txt,826c43d3149cc6f2f0905f973c7b8c08380eebae5d9558b59883b2f4d98c2c5b,true,0.6307650157283443,384,1.6507798207426416,34.96214915161112,0.07923340351155363,0.018547488160223658
link_6.3.3/link_6p3p3_q0_hm0p05_p0.txt,link_6.3.3,6.3,link,0,-0.05,0,0,C:\workspace\projects\SST-Workbench\KnotPlot\knots\final\link_6.3.3_final.txt,826c43d3149cc6f2f0905f973c7b8c08380eebae5d9558b59883b2f4d98c2c5b,false,0.4798619404875524,384,1.6057884089266996,34.08238456723416,0.043816111252369574,0.014110220823610086
link_6.3.3/link_6p3p3_q0_hm0p02_p0.txt,link_6.3.3,6.3,link,0,-0.02,0,0,C:\workspace\projects\SST-Workbench\KnotPlot\knots\final\link_6.3.3_final.txt,826c43d3149cc6f2f0905f973c7b8c08380eebae5d9558b59883b2f4d98c2c5b,true,0.79877202950091,384,1.5800350023786796,33.62470787255522,0.03180573380148676,0.02348769254867254
link_6.3.3/link_6p3p3_q0_h0_pm0p1.txt,link_6.3.3,6.3,link,0,0,-0.1,0,C:\workspace\projects\SST-Workbench\KnotPlot\knots\final\link_6.3.3_final.txt,826c43d3149cc6f2f0905f973c7b8c08380eebae5d9558b59883b2f4d98c2c5b,false,0.9772264077880917,384,1.567009641287891,34.3738706428158,0.22355591312291212,0.028735099088173875
link_6.3.3/link_6p3p3_q0_h0_pm0p05.txt,link_6.3.3,6.3,link,0,0,-0.05,0,C:\workspace\projects\SST-Workbench\KnotPlot\knots\final\link_6.3.3_final.txt,826c43d3149cc6f2f0905f973c7b8c08380eebae5d9558b59883b2f4d98c2c5b,true,1.0003420851729272,384,1.5632815895872552,33.54770872298063,0.09500438038644318,0.02941480982342403
link_6.3.3/link_6p3p3_q0_h0_pm0p02.txt,link_6.3.3,6.3,link,0,0,-0.02,0,C:\workspace\projects\SST-Workbench\KnotPlot\knots\final\link_6.3.3_final.txt,826c43d3149cc6f2f0905f973c7b8c08380eebae5d9558b59883b2f4d98c2c5b,true,0.9296004098242876,384,1.5628962377096745,33.285457892127525,0.06375800196303508,0.027334668481963895
link_6.3.3/link_6p3p3_q0_h0_p0.txt,link_6.3.3,6.3,link,0.0,0.0,0.0,0,C:\workspace\projects\SST-Workbench\KnotPlot\knots\final\link_6.3.3_final.txt,826c43d3149cc6f2f0905f973c7b8c08380eebae5d9558b59883b2f4d98c2c5b,true,1.0,384,1.5634119909236102,33.35144209796207,0.033462433330463996,0.029404750894129528
link_6.3.3/link_6p3p3_q0_h0_p0p02.txt,link_6.3.3,6.3,link,0,0,0.02,0,C:\workspace\projects\SST-Workbench\KnotPlot\knots\final\link_6.3.3_final.txt,826c43d3149cc6f2f0905f973c7b8c08380eebae5d9558b59883b2f4d98c2c5b,true,0.8725169688897477,384,1.5645452613751,33.55201627219928,0.044601643914183225,0.025656144121103994
link_6.3.3/link_6p3p3_q0_h0_p0p05.txt,link_6.3.3,6.3,link,0,0,0.05,0,C:\workspace\projects\SST-Workbench\KnotPlot\knots\final\link_6.3.3_final.txt,826c43d3149cc6f2f0905f973c7b8c08380eebae5d9558b59883b2f4d98c2c5b,false,1.0547814502441328,384,1.5673998822741493,34.03567200286918,0.11774110655652792,0.031015585792177405
link_6.3.3/link_6p3p3_q0_h0_p0p1.txt,link_6.3.3,6.3,link,0,0,0.1,0,C:\workspace\projects\SST-Workbench\KnotPlot\knots\final\link_6.3.3_final.txt,826c43d3149cc6f2f0905f973c7b8c08380eebae5d9558b59883b2f4d98c2c5b,false,0.8847668313796514,384,1.575215966498032,35.157898775706634,0.25802630750137595,0.026016348276106955
link_6.3.3/link_6p3p3_q0_h0p02_p0.txt,link_6.3.3,6.3,link,0,0.02,0,0,C:\workspace\projects\SST-Workbench\KnotPlot\knots\final\link_6.3.3_final.txt,826c43d3149cc6f2f0905f973c7b8c08380eebae5d9558b59883b2f4d98c2c5b,true,0.9425679509918833,384,1.5472421971421808,33.1061194882802,0.04157457496132701,0.027715975799706416
link_6.3.3/link_6p3p3_q0_h0p05_p0.txt,link_6.3.3,6.3,link,0,0.05,0,0,C:\workspace\projects\SST-Workbench\KnotPlot\knots\final\link_6.3.3_final.txt,826c43d3149cc6f2f0905f973c7b8c08380eebae5d9558b59883b2f4d98c2c5b,true,0.9844405791235981,384,1.5238687390757324,32.799652150584194,0.056084445329379604,0.02894722999920201
link_6.3.3/link_6p3p3_q0_h0p1_p0.txt,link_6.3.3,6.3,link,0,0.1,0,0,C:\workspace\projects\SST-Workbench\KnotPlot\knots\final\link_6.3.3_final.txt,826c43d3149cc6f2f0905f973c7b8c08380eebae5d9558b59883b2f4d98c2c5b,true,0.7971103016666692,384,1.48738463618156,32.45031259453778,0.08566207530373715,0.02343882985565285
link_6.3.3/link_6p3p3_q0p02_h0_p0.txt,link_6.3.3,6.3,link,0.02,0,0,0,C:\workspace\projects\SST-Workbench\KnotPlot\knots\final\link_6.3.3_final.txt,826c43d3149cc6f2f0905f973c7b8c08380eebae5d9558b59883b2f4d98c2c5b,true,0.7699439023051045,384,1.5922636720988168,34.054376905747645,0.024464699288609077,0.0226400086497356
link_6.3.3/link_6p3p3_q0p05_h0_p0.txt,link_6.3.3,6.3,link,0.05,0,0,0,C:\workspace\projects\SST-Workbench\KnotPlot\knots\final\link_6.3.3_final.txt,826c43d3149cc6f2f0905f973c7b8c08380eebae5d9558b59883b2f4d98c2c5b,true,0.6477088796145726,384,1.635707516494908,35.14228333494698,0.04842908334326058,0.019045718256982237
link_6.3.3/link_6p3p3_q0p1_h0_p0.txt,link_6.3.3,6.3,link,0.1,0,0,0,C:\workspace\projects\SST-Workbench\KnotPlot\knots\final\link_6.3.3_final.txt,826c43d3149cc6f2f0905f973c7b8c08380eebae5d9558b59883b2f4d98c2c5b,false,1.3042186949199481,384,1.70851981507498,37.015464915828815,0.10861781274045137,0.03835022583558779
link_7.2.5/link_7p2p5_qm0p1_h0_p0.txt,link_7.2.5,7.2,link,-0.1,0,0,0,C:\workspace\projects\SST-Workbench\KnotPlot\knots\final\link_7.2.5_final.txt,2e1ff55f2dbcb200c172137f1bfda96db7dd998806c38461e3d577686ac28e8c,false,1.2367615893333253,384,1.6494392581101394,39.20492662586206,0.14076290537856953,0.029497938480623865
link_7.2.5/link_7p2p5_qm0p05_h0_p0.txt,link_7.2.5,7.2,link,-0.05,0,0,0,C:\workspace\projects\SST-Workbench\KnotPlot\knots\final\link_7.2.5_final.txt,2e1ff55f2dbcb200c172137f1bfda96db7dd998806c38461e3d577686ac28e8c,true,1.278888621065727,384,1.7290772791959956,40.90149872065275,0.0704330798416397,0.030502708196251543
link_7.2.5/link_7p2p5_qm0p02_h0_p0.txt,link_7.2.5,7.2,link,-0.02,0,0,0,C:\workspace\projects\SST-Workbench\KnotPlot\knots\final\link_7.2.5_final.txt,2e1ff55f2dbcb200c172137f1bfda96db7dd998806c38461e3d577686ac28e8c,true,1.2641834178892293,384,1.7773579419390286,42.12180243017257,0.04577394131195972,0.030151975134692574
link_7.2.5/link_7p2p5_q0_hm0p1_p0.txt,link_7.2.5,7.2,link,0,-0.1,0,0,C:\workspace\projects\SST-Workbench\KnotPlot\knots\final\link_7.2.5_final.txt,2e1ff55f2dbcb200c172137f1bfda96db7dd998806c38461e3d577686ac28e8c,false,0.22125553665466036,384,1.9282830609040904,45.317472258922905,0.16949487591014864,0.005277154679629673
link_7.2.5/link_7p2p5_q0_hm0p05_p0.txt,link_7.2.5,7.2,link,0,-0.05,0,0,C:\workspace\projects\SST-Workbench\KnotPlot\knots\final\link_7.2.5_final.txt,2e1ff55f2dbcb200c172137f1bfda96db7dd998806c38461e3d577686ac28e8c,true,0.7561917157298161,384,1.8677580857351375,44.04270921138911,0.0781110903004898,0.01803589058921178
link_7.2.5/link_7p2p5_q0_hm0p02_p0.txt,link_7.2.5,7.2,link,0,-0.02,0,0,C:\workspace\projects\SST-Workbench\KnotPlot\knots\final\link_7.2.5_final.txt,2e1ff55f2dbcb200c172137f1bfda96db7dd998806c38461e3d577686ac28e8c,false,0.5868853547391514,384,1.8326281316663657,43.4014146572174,0.03168211615299739,0.013997773086247417
link_7.2.5/link_7p2p5_q0_h0_pm0p1.txt,link_7.2.5,7.2,link,0,0,-0.1,0,C:\workspace\projects\SST-Workbench\KnotPlot\knots\final\link_7.2.5_final.txt,2e1ff55f2dbcb200c172137f1bfda96db7dd998806c38461e3d577686ac28e8c,false,2.1350704438218364,384,1.8203282950359836,44.17934116565522,0.15374003122996371,0.05092345780046759
link_7.2.5/link_7p2p5_q0_h0_pm0p05.txt,link_7.2.5,7.2,link,0,0,-0.05,0,C:\workspace\projects\SST-Workbench\KnotPlot\knots\final\link_7.2.5_final.txt,2e1ff55f2dbcb200c172137f1bfda96db7dd998806c38461e3d577686ac28e8c,true,1.1981548757954126,384,1.8127880559739113,43.38949998109821,0.06696504972418887,0.028577131697245108
link_7.2.5/link_7p2p5_q0_h0_pm0p02.txt,link_7.2.5,7.2,link,0,0,-0.02,0,C:\workspace\projects\SST-Workbench\KnotPlot\knots\final\link_7.2.5_final.txt,2e1ff55f2dbcb200c172137f1bfda96db7dd998806c38461e3d577686ac28e8c,true,0.9403649163681903,384,1.8104151171816916,43.12112764798445,0.025257098735525122,0.022428596337082607
link_7.2.5/link_7p2p5_q0_h0_p0.txt,link_7.2.5,7.2,link,0.0,0.0,0.0,0,C:\workspace\projects\SST-Workbench\KnotPlot\knots\final\link_7.2.5_final.txt,2e1ff55f2dbcb200c172137f1bfda96db7dd998806c38461e3d577686ac28e8c,true,1.0,384,1.8097340767826229,43.042385889627596,0.03004288089715125,0.023850949718227172
link_7.2.5/link_7p2p5_q0_h0_p0p02.txt,link_7.2.5,7.2,link,0,0,0.02,0,C:\workspace\projects\SST-Workbench\KnotPlot\knots\final\link_7.2.5_final.txt,2e1ff55f2dbcb200c172137f1bfda96db7dd998806c38461e3d577686ac28e8c,true,1.0530483709597978,384,1.809774846270847,43.07493123720762,0.04516100178329625,0.025116203746623173
link_7.2.5/link_7p2p5_q0_h0_p0p05.txt,link_7.2.5,7.2,link,0,0,0.05,0,C:\workspace\projects\SST-Workbench\KnotPlot\knots\final\link_7.2.5_final.txt,2e1ff55f2dbcb200c172137f1bfda96db7dd998806c38461e3d577686ac28e8c,true,0.9765260616085275,384,1.8111890514433733,43.38046672374756,0.05535546277644033,0.0232910739939634
link_7.2.5/link_7p2p5_q0_h0_p0p1.txt,link_7.2.5,7.2,link,0,0,0.1,0,C:\workspace\projects\SST-Workbench\KnotPlot\knots\final\link_7.2.5_final.txt,2e1ff55f2dbcb200c172137f1bfda96db7dd998806c38461e3d577686ac28e8c,false,1.2734475165247776,384,1.81714214911271,44.33225851766039,0.1143051924609675,0.030372932685433736
link_7.2.5/link_7p2p5_q0_h0p02_p0.txt,link_7.2.5,7.2,link,0,0.02,0,0,C:\workspace\projects\SST-Workbench\KnotPlot\knots\final\link_7.2.5_final.txt,2e1ff55f2dbcb200c172137f1bfda96db7dd998806c38461e3d577686ac28e8c,true,1.2163256812645526,384,1.7872796596051606,42.772012420184964,0.04574183366505052,0.029010522664829255
link_7.2.5/link_7p2p5_q0_h0p05_p0.txt,link_7.2.5,7.2,link,0,0.05,0,0,C:\workspace\projects\SST-Workbench\KnotPlot\knots\final\link_7.2.5_final.txt,2e1ff55f2dbcb200c172137f1bfda96db7dd998806c38461e3d577686ac28e8c,true,1.3422617318882448,384,1.754459189746928,42.56025661172877,0.07229817459885467,0.03201421707596705
link_7.2.5/link_7p2p5_q0_h0p1_p0.txt,link_7.2.5,7.2,link,0,0.1,0,0,C:\workspace\projects\SST-Workbench\KnotPlot\knots\final\link_7.2.5_final.txt,2e1ff55f2dbcb200c172137f1bfda96db7dd998806c38461e3d577686ac28e8c,false,1.1329957153038104,384,1.7022012590427047,42.61097440785349,0.1397752967677938,0.02702302383667801
link_7.2.5/link_7p2p5_q0p02_h0_p0.txt,link_7.2.5,7.2,link,0.02,0,0,0,C:\workspace\projects\SST-Workbench\KnotPlot\knots\final\link_7.2.5_final.txt,2e1ff55f2dbcb200c172137f1bfda96db7dd998806c38461e3d577686ac28e8c,false,0.5364927635516031,384,1.8422521365879014,44.02419169523898,0.03243514893650185,0.012795861927662026
link_7.2.5/link_7p2p5_q0p05_h0_p0.txt,link_7.2.5,7.2,link,0.05,0,0,0,C:\workspace\projects\SST-Workbench\KnotPlot\knots\final\link_7.2.5_final.txt,2e1ff55f2dbcb200c172137f1bfda96db7dd998806c38461e3d577686ac28e8c,true,0.8154634841452768,384,1.8912793130323715,45.54121168195188,0.07838012997160941,0.019449578557399337
link_7.2.5/link_7p2p5_q0p1_h0_p0.txt,link_7.2.5,7.2,link,0.1,0,0,0,C:\workspace\projects\SST-Workbench\KnotPlot\knots\final\link_7.2.5_final.txt,2e1ff55f2dbcb200c172137f1bfda96db7dd998806c38461e3d577686ac28e8c,false,0.4151444001295291,384,1.973602865608902,48.133807566645515,0.16311192470514613,0.00990158821329298
link_7.2.6/link_7p2p6_qm0p1_h0_p0.txt,link_7.2.6,7.2,link,-0.1,0,0,0,C:\workspace\projects\SST-Workbench\KnotPlot\knots\final\link_7.2.6_final.txt,46e9eef6b2f1b233cd044b8c4da50bcc9d71b03682ed265ab1bc50fbcf3b886f,false,0.5040899530694775,384,2.2494645625128813,49.32497290299621,0.13783752833649943,0.03465728534775196
link_7.2.6/link_7p2p6_qm0p05_h0_p0.txt,link_7.2.6,7.2,link,-0.05,0,0,0,C:\workspace\projects\SST-Workbench\KnotPlot\knots\final\link_7.2.6_final.txt,46e9eef6b2f1b233cd044b8c4da50bcc9d71b03682ed265ab1bc50fbcf3b886f,true,0.9664474199981274,384,2.3594772873713312,51.493496566398576,0.059675528460695515,0.06644537111783566
link_7.2.6/link_7p2p6_qm0p02_h0_p0.txt,link_7.2.6,7.2,link,-0.02,0,0,0,C:\workspace\projects\SST-Workbench\KnotPlot\knots\final\link_7.2.6_final.txt,46e9eef6b2f1b233cd044b8c4da50bcc9d71b03682ed265ab1bc50fbcf3b886f,true,0.986545435593365,384,2.426109179167028,52.97432358579631,0.03192907687596806,0.06782715358972657
link_7.2.6/link_7p2p6_q0_hm0p1_p0.txt,link_7.2.6,7.2,link,0,-0.1,0,0,C:\workspace\projects\SST-Workbench\KnotPlot\knots\final\link_7.2.6_final.txt,46e9eef6b2f1b233cd044b8c4da50bcc9d71b03682ed265ab1bc50fbcf3b886f,false,1.0228350674518223,384,2.653499035723109,57.522064509081744,0.12582979247384404,0.07032214504675742
link_7.2.6/link_7p2p6_q0_hm0p05_p0.txt,link_7.2.6,7.2,link,0,-0.05,0,0,C:\workspace\projects\SST-Workbench\KnotPlot\knots\final\link_7.2.6_final.txt,46e9eef6b2f1b233cd044b8c4da50bcc9d71b03682ed265ab1bc50fbcf3b886f,true,1.0229479352327515,384,2.5607839200654543,55.63472438528754,0.05503578096230712,0.07032990495323127
link_7.2.6/link_7p2p6_q0_hm0p02_p0.txt,link_7.2.6,7.2,link,0,-0.02,0,0,C:\workspace\projects\SST-Workbench\KnotPlot\knots\final\link_7.2.6_final.txt,46e9eef6b2f1b233cd044b8c4da50bcc9d71b03682ed265ab1bc50fbcf3b886f,true,1.0092021373895557,384,2.506431281623576,54.64087203768737,0.022880103292261905,0.06938485132682327
link_7.2.6/link_7p2p6_q0_h0_pm0p1.txt,link_7.2.6,7.2,link,0,0,-0.1,0,C:\workspace\projects\SST-Workbench\KnotPlot\knots\final\link_7.2.6_final.txt,46e9eef6b2f1b233cd044b8c4da50bcc9d71b03682ed265ab1bc50fbcf3b886f,false,0.42287850372065866,384,2.474423856849778,55.88838086520284,0.29275548755409936,0.02907382081637577
link_7.2.6/link_7p2p6_q0_h0_pm0p05.txt,link_7.2.6,7.2,link,0,0,-0.05,0,C:\workspace\projects\SST-Workbench\KnotPlot\knots\final\link_7.2.6_final.txt,46e9eef6b2f1b233cd044b8c4da50bcc9d71b03682ed265ab1bc50fbcf3b886f,false,0.3599634114179647,384,2.4695247322034763,54.7125747513071,0.1367336739943409,0.024748270796310024
link_7.2.6/link_7p2p6_q0_h0_pm0p02.txt,link_7.2.6,7.2,link,0,0,-0.02,0,C:\workspace\projects\SST-Workbench\KnotPlot\knots\final\link_7.2.6_final.txt,46e9eef6b2f1b233cd044b8c4da50bcc9d71b03682ed265ab1bc50fbcf3b886f,true,0.8732793975195015,384,2.469532791832659,54.24672580153742,0.04350633717553726,0.0600398660672669
link_7.2.6/link_7p2p6_q0_h0_p0.txt,link_7.2.6,7.2,link,0.0,0.0,0.0,0,C:\workspace\projects\SST-Workbench\KnotPlot\knots\final\link_7.2.6_final.txt,46e9eef6b2f1b233cd044b8c4da50bcc9d71b03682ed265ab1bc50fbcf3b886f,true,1.0,384,2.4707672066085697,54.059877269878186,0.02389113706118247,0.06875218428123529
link_7.2.6/link_7p2p6_q0_h0_p0p02.txt,link_7.2.6,7.2,link,0,0,0.02,0,C:\workspace\projects\SST-Workbench\KnotPlot\knots\final\link_7.2.6_final.txt,46e9eef6b2f1b233cd044b8c4da50bcc9d71b03682ed265ab1bc50fbcf3b886f,true,1.0020756166039904,384,2.472983307997665,54.11631376534397,0.04549821622214176,0.06889488745649003
link_7.2.6/link_7p2p6_q0_h0_p0p05.txt,link_7.2.6,7.2,link,0,0,0.05,0,C:\workspace\projects\SST-Workbench\KnotPlot\knots\final\link_7.2.6_final.txt,46e9eef6b2f1b233cd044b8c4da50bcc9d71b03682ed265ab1bc50fbcf3b886f,true,1.016552620692507,384,2.478142042379798,54.76630026787804,0.0730052611857126,0.06989021310942392
link_7.2.6/link_7p2p6_q0_h0_p0p1.txt,link_7.2.6,7.2,link,0,0,0.1,0,C:\workspace\projects\SST-Workbench\KnotPlot\knots\final\link_7.2.6_final.txt,46e9eef6b2f1b233cd044b8c4da50bcc9d71b03682ed265ab1bc50fbcf3b886f,false,1.0436572606571288,384,2.4915947868460995,56.489995467158764,0.20330437150744826,0.07175371631114814
link_7.2.6/link_7p2p6_q0_h0p02_p0.txt,link_7.2.6,7.2,link,0,0.02,0,0,C:\workspace\projects\SST-Workbench\KnotPlot\knots\final\link_7.2.6_final.txt,46e9eef6b2f1b233cd044b8c4da50bcc9d71b03682ed265ab1bc50fbcf3b886f,true,0.9908925344087156,384,2.4355833948383077,53.57127728813032,0.03435048762807476,0.0681260261285683
link_7.2.6/link_7p2p6_q0_h0p05_p0.txt,link_7.2.6,7.2,link,0,0.05,0,0,C:\workspace\projects\SST-Workbench\KnotPlot\knots\final\link_7.2.6_final.txt,46e9eef6b2f1b233cd044b8c4da50bcc9d71b03682ed265ab1bc50fbcf3b886f,true,0.9774146272064671,384,2.383754610806873,53.025007359801684,0.05382897689999695,0.06719939056887392
link_7.2.6/link_7p2p6_q0_h0p1_p0.txt,link_7.2.6,7.2,link,0,0.1,0,0,C:\workspace\projects\SST-Workbench\KnotPlot\knots\final\link_7.2.6_final.txt,46e9eef6b2f1b233cd044b8c4da50bcc9d71b03682ed265ab1bc50fbcf3b886f,false,0.5549276633121678,384,2.3000870964243787,52.52454293160849,0.10895382073818384,0.03815248897079345
link_7.2.6/link_7p2p6_q0p02_h0_p0.txt,link_7.2.6,7.2,link,0.02,0,0,0,C:\workspace\projects\SST-Workbench\KnotPlot\knots\final\link_7.2.6_final.txt,46e9eef6b2f1b233cd044b8c4da50bcc9d71b03682ed265ab1bc50fbcf3b886f,true,1.0134971977535563,384,2.5156028844290814,55.231509359492115,0.023048457455106402,0.06968014610846807
link_7.2.6/link_7p2p6_q0p05_h0_p0.txt,link_7.2.6,7.2,link,0.05,0,0,0,C:\workspace\projects\SST-Workbench\KnotPlot\knots\final\link_7.2.6_final.txt,46e9eef6b2f1b233cd044b8c4da50bcc9d71b03682ed265ab1bc50fbcf3b886f,true,1.0338192777422675,384,2.5831692505321215,57.081338019257714,0.0560726557119513,0.07107733349682994
link_7.2.6/link_7p2p6_q0p1_h0_p0.txt,link_7.2.6,7.2,link,0.1,0,0,0,C:\workspace\projects\SST-Workbench\KnotPlot\knots\final\link_7.2.6_final.txt,46e9eef6b2f1b233cd044b8c4da50bcc9d71b03682ed265ab1bc50fbcf3b886f,false,1.017047070409904,384,2.6965443501912367,60.283934014579785,0.12851905523671645,0.0699242076075122
link_7.2.8/link_7p2p8_qm0p1_h0_p0.txt,link_7.2.8,7.2,link,-0.1,0,0,0,C:\workspace\projects\SST-Workbench\KnotPlot\knots\final\link_7.2.8_final.txt,9190be88d45765116989f30958391a9a795c3ea3f4779bacf4993bbc968cea98,false,0.9295055602464376,384,1.4928972369156546,35.847512077168886,0.13594706707252519,0.030177805769109965
link_7.2.8/link_7p2p8_qm0p05_h0_p0.txt,link_7.2.8,7.2,link,-0.05,0,0,0,C:\workspace\projects\SST-Workbench\KnotPlot\knots\final\link_7.2.8_final.txt,9190be88d45765116989f30958391a9a795c3ea3f4779bacf4993bbc968cea98,true,0.9645951854996251,384,1.562455354169701,37.226357168658765,0.05639149352670205,0.03131704359692973
link_7.2.8/link_7p2p8_qm0p02_h0_p0.txt,link_7.2.8,7.2,link,-0.02,0,0,0,C:\workspace\projects\SST-Workbench\KnotPlot\knots\final\link_7.2.8_final.txt,9190be88d45765116989f30958391a9a795c3ea3f4779bacf4993bbc968cea98,true,0.9858024181475221,384,1.604737328607176,38.26244652255425,0.04355186595953122,0.032005568523643335
link_7.2.8/link_7p2p8_q0_hm0p1_p0.txt,link_7.2.8,7.2,link,0,-0.1,0,0,C:\workspace\projects\SST-Workbench\KnotPlot\knots\final\link_7.2.8_final.txt,9190be88d45765116989f30958391a9a795c3ea3f4779bacf4993bbc968cea98,false,0.9993151777115814,384,1.700395950080892,41.274629744657005,0.15970722027466583,0.03244428072824892
link_7.2.8/link_7p2p8_q0_hm0p05_p0.txt,link_7.2.8,7.2,link,0,-0.05,0,0,C:\workspace\projects\SST-Workbench\KnotPlot\knots\final\link_7.2.8_final.txt,9190be88d45765116989f30958391a9a795c3ea3f4779bacf4993bbc968cea98,true,1.0000416022514573,384,1.6651033302898233,40.063331347861435,0.07542859498926792,0.03246786520112123
link_7.2.8/link_7p2p8_q0_hm0p02_p0.txt,link_7.2.8,7.2,link,0,-0.02,0,0,C:\workspace\projects\SST-Workbench\KnotPlot\knots\final\link_7.2.8_final.txt,9190be88d45765116989f30958391a9a795c3ea3f4779bacf4993bbc968cea98,false,0.34042132953393556,384,1.645509921364781,39.449441785649014,0.028890551074855306,0.011052294038578514
link_7.2.8/link_7p2p8_q0_h0_pm0p1.txt,link_7.2.8,7.2,link,0,0,-0.1,0,C:\workspace\projects\SST-Workbench\KnotPlot\knots\final\link_7.2.8_final.txt,9190be88d45765116989f30958391a9a795c3ea3f4779bacf4993bbc968cea98,false,1.420445516931671,384,1.62719305108818,39.981852046322146,0.20758796278782332,0.04611691500178011
link_7.2.8/link_7p2p8_q0_h0_pm0p05.txt,link_7.2.8,7.2,link,0,0,-0.05,0,C:\workspace\projects\SST-Workbench\KnotPlot\knots\final\link_7.2.8_final.txt,9190be88d45765116989f30958391a9a795c3ea3f4779bacf4993bbc968cea98,true,0.8595960785205047,384,1.6281198150425285,39.39592682292649,0.0936942063297608,0.02790808856549797
link_7.2.8/link_7p2p8_q0_h0_pm0p02.txt,link_7.2.8,7.2,link,0,0,-0.02,0,C:\workspace\projects\SST-Workbench\KnotPlot\knots\final\link_7.2.8_final.txt,9190be88d45765116989f30958391a9a795c3ea3f4779bacf4993bbc968cea98,true,0.7407727219186173,384,1.6306393902128504,39.17616660433816,0.02881333721786944,0.024050308332946434
link_7.2.8/link_7p2p8_q0_h0_p0.txt,link_7.2.8,7.2,link,0.0,0.0,0.0,0,C:\workspace\projects\SST-Workbench\KnotPlot\knots\final\link_7.2.8_final.txt,9190be88d45765116989f30958391a9a795c3ea3f4779bacf4993bbc968cea98,true,1.0000000000000002,384,1.6331336464301416,39.095002630566945,0.025372178970006397,0.03246651452102019
link_7.2.8/link_7p2p8_q0_h0_p0p02.txt,link_7.2.8,7.2,link,0,0,0.02,0,C:\workspace\projects\SST-Workbench\KnotPlot\knots\final\link_7.2.8_final.txt,9190be88d45765116989f30958391a9a795c3ea3f4779bacf4993bbc968cea98,true,1.2209510195128446,384,1.6362761711354434,39.1110938100313,0.04826915771154198,0.039640024004468165
link_7.2.8/link_7p2p8_q0_h0_p0p05.txt,link_7.2.8,7.2,link,0,0,0.05,0,C:\workspace\projects\SST-Workbench\KnotPlot\knots\final\link_7.2.8_final.txt,9190be88d45765116989f30958391a9a795c3ea3f4779bacf4993bbc968cea98,true,1.6310001267240053,384,1.6421971107068554,39.42486119120186,0.05279736845127906,0.052952889298070675
link_7.2.8/link_7p2p8_q0_h0_p0p1.txt,link_7.2.8,7.2,link,0,0,0.1,0,C:\workspace\projects\SST-Workbench\KnotPlot\knots\final\link_7.2.8_final.txt,9190be88d45765116989f30958391a9a795c3ea3f4779bacf4993bbc968cea98,false,0.607977974323374,384,1.6552436866121296,40.43362455382,0.10647267296619557,0.019738925731830257
link_7.2.8/link_7p2p8_q0_h0p02_p0.txt,link_7.2.8,7.2,link,0,0.02,0,0,C:\workspace\projects\SST-Workbench\KnotPlot\knots\final\link_7.2.8_final.txt,9190be88d45765116989f30958391a9a795c3ea3f4779bacf4993bbc968cea98,true,0.9995337472833125,384,1.6213209132634918,38.801255024550564,0.0475135615125232,0.03245137692042338
link_7.2.8/link_7p2p8_q0_h0p05_p0.txt,link_7.2.8,7.2,link,0,0.05,0,0,C:\workspace\projects\SST-Workbench\KnotPlot\knots\final\link_7.2.8_final.txt,9190be88d45765116989f30958391a9a795c3ea3f4779bacf4993bbc968cea98,true,0.9989257431857318,384,1.6046855164583962,38.54310164923815,0.0690293219030801,0.03243163714656044
link_7.2.8/link_7p2p8_q0_h0p1_p0.txt,link_7.2.8,7.2,link,0,0.1,0,0,C:\workspace\projects\SST-Workbench\KnotPlot\knots\final\link_7.2.8_final.txt,9190be88d45765116989f30958391a9a795c3ea3f4779bacf4993bbc968cea98,false,0.9964094904368804,384,1.579949176217285,38.533453804412986,0.1134602556358274,0.0323499431901513
link_7.2.8/link_7p2p8_q0p02_h0_p0.txt,link_7.2.8,7.2,link,0.02,0,0,0,C:\workspace\projects\SST-Workbench\KnotPlot\knots\final\link_7.2.8_final.txt,9190be88d45765116989f30958391a9a795c3ea3f4779bacf4993bbc968cea98,false,0.39336605755813875,384,1.6616866709179567,39.9965097220438,0.031012615058744496,0.012771224819787772
link_7.2.8/link_7p2p8_q0p05_h0_p0.txt,link_7.2.8,7.2,link,0.05,0,0,0,C:\workspace\projects\SST-Workbench\KnotPlot\knots\final\link_7.2.8_final.txt,9190be88d45765116989f30958391a9a795c3ea3f4779bacf4993bbc968cea98,true,1.03568768017289,384,1.70479279678685,41.39648703438533,0.08611612159205524,0.03362516910757484
link_7.2.8/link_7p2p8_q0p1_h0_p0.txt,link_7.2.8,7.2,link,0.1,0,0,0,C:\workspace\projects\SST-Workbench\KnotPlot\knots\final\link_7.2.8_final.txt,9190be88d45765116989f30958391a9a795c3ea3f4779bacf4993bbc968cea98,false,1.0715684807318522,384,1.7773141681750932,43.79007042082124,0.1820634140959468,0.034790093639948214
link_8.2.1/link_8p2p1_qm0p1_h0_p0.txt,link_8.2.1,8.2,link,-0.1,0,0,0,C:\workspace\projects\SST-Workbench\KnotPlot\knots\final\link_8.2.1_final.txt,773b5e67a82396c72fc455fe58f14bace99bcf00ccd61a052cf087d00e7c8a55,false,0.9259380628091847,384,2.131281625719331,37.192384041506656,0.1900342565749369,0.04579828316053993
link_8.2.1/link_8p2p1_qm0p05_h0_p0.txt,link_8.2.1,8.2,link,-0.05,0,0,0,C:\workspace\projects\SST-Workbench\KnotPlot\knots\final\link_8.2.1_final.txt,773b5e67a82396c72fc455fe58f14bace99bcf00ccd61a052cf087d00e7c8a55,true,0.9596875636196455,384,2.2332279913896214,38.872651987832825,0.0949959034893873,0.04746758400983754
link_8.2.1/link_8p2p1_qm0p02_h0_p0.txt,link_8.2.1,8.2,link,-0.02,0,0,0,C:\workspace\projects\SST-Workbench\KnotPlot\knots\final\link_8.2.1_final.txt,773b5e67a82396c72fc455fe58f14bace99bcf00ccd61a052cf087d00e7c8a55,true,0.9831582452511066,384,2.295076423207324,40.055945808485745,0.04841596108279941,0.04862847907021271
link_8.2.1/link_8p2p1_q0_hm0p1_p0.txt,link_8.2.1,8.2,link,0,-0.1,0,0,C:\workspace\projects\SST-Workbench\KnotPlot\knots\final\link_8.2.1_final.txt,773b5e67a82396c72fc455fe58f14bace99bcf00ccd61a052cf087d00e7c8a55,false,0.7726400867944728,384,2.5206302149773485,43.05896066401661,0.1899318188405181,0.0382159357061549
link_8.2.1/link_8p2p1_q0_hm0p05_p0.txt,link_8.2.1,8.2,link,0,-0.05,0,0,C:\workspace\projects\SST-Workbench\KnotPlot\knots\final\link_8.2.1_final.txt,773b5e67a82396c72fc455fe58f14bace99bcf00ccd61a052cf087d00e7c8a55,true,0.6749245606800994,384,2.4275326789868292,41.75516676186112,0.0920310268306964,0.03338277945746373
link_8.2.1/link_8p2p1_q0_hm0p02_p0.txt,link_8.2.1,8.2,link,0,-0.02,0,0,C:\workspace\projects\SST-Workbench\KnotPlot\knots\final\link_8.2.1_final.txt,773b5e67a82396c72fc455fe58f14bace99bcf00ccd61a052cf087d00e7c8a55,true,0.8735812791965559,384,2.3726817831966844,41.188609257696626,0.039724744184675975,0.04320863823980787
link_8.2.1/link_8p2p1_q0_h0_pm0p1.txt,link_8.2.1,8.2,link,0,0,-0.1,0,C:\workspace\projects\SST-Workbench\KnotPlot\knots\final\link_8.2.1_final.txt,773b5e67a82396c72fc455fe58f14bace99bcf00ccd61a052cf087d00e7c8a55,false,0.4963140252442752,384,2.3510463632265215,42.24636022273235,0.08318116296184783,0.024548434909051682
link_8.2.1/link_8p2p1_q0_h0_pm0p05.txt,link_8.2.1,8.2,link,0,0,-0.05,0,C:\workspace\projects\SST-Workbench\KnotPlot\knots\final\link_8.2.1_final.txt,773b5e67a82396c72fc455fe58f14bace99bcf00ccd61a052cf087d00e7c8a55,true,0.7518894998055624,384,2.3409208672777657,41.31623381623963,0.041392176587033896,0.03718958060008839
link_8.2.1/link_8p2p1_q0_h0_pm0p02.txt,link_8.2.1,8.2,link,0,0,-0.02,0,C:\workspace\projects\SST-Workbench\KnotPlot\knots\final\link_8.2.1_final.txt,773b5e67a82396c72fc455fe58f14bace99bcf00ccd61a052cf087d00e7c8a55,true,0.901757270381457,384,2.33761308802465,41.013027589479464,0.025074844382250046,0.04460226495680449
link_8.2.1/link_8p2p1_q0_h0_p0.txt,link_8.2.1,8.2,link,0.0,0.0,0.0,0,C:\workspace\projects\SST-Workbench\KnotPlot\knots\final\link_8.2.1_final.txt,773b5e67a82396c72fc455fe58f14bace99bcf00ccd61a052cf087d00e7c8a55,true,1.0,384,2.3365673295995144,40.92155957905128,0.027575371988503513,0.049461497480288746
link_8.2.1/link_8p2p1_q0_h0_p0p02.txt,link_8.2.1,8.2,link,0,0,0.02,0,C:\workspace\projects\SST-Workbench\KnotPlot\knots\final\link_8.2.1_final.txt,773b5e67a82396c72fc455fe58f14bace99bcf00ccd61a052cf087d00e7c8a55,true,1.0836057536063786,384,2.3364507275036184,40.91946451894242,0.039801296781839565,0.05359676325162828
link_8.2.1/link_8p2p1_q0_h0_p0p05.txt,link_8.2.1,8.2,link,0,0,0.05,0,C:\workspace\projects\SST-Workbench\KnotPlot\knots\final\link_8.2.1_final.txt,773b5e67a82396c72fc455fe58f14bace99bcf00ccd61a052cf087d00e7c8a55,true,1.211159031391402,384,2.3380179936704093,41.08266080117763,0.06437049009385125,0.05990573937939479
link_8.2.1/link_8p2p1_q0_h0_p0p1.txt,link_8.2.1,8.2,link,0,0,0.1,0,C:\workspace\projects\SST-Workbench\KnotPlot\knots\final\link_8.2.1_final.txt,773b5e67a82396c72fc455fe58f14bace99bcf00ccd61a052cf087d00e7c8a55,false,1.4295902498472621,384,2.3452620889318307,41.81416582290487,0.1023749835322446,0.07070967454066572
link_8.2.1/link_8p2p1_q0_h0p02_p0.txt,link_8.2.1,8.2,link,0,0.02,0,0,C:\workspace\projects\SST-Workbench\KnotPlot\knots\final\link_8.2.1_final.txt,773b5e67a82396c72fc455fe58f14bace99bcf00ccd61a052cf087d00e7c8a55,true,0.9747036365330941,384,2.300835050019864,40.75963230907169,0.04915307252675939,0.04821030146240991
link_8.2.1/link_8p2p1_q0_h0p05_p0.txt,link_8.2.1,8.2,link,0,0.05,0,0,C:\workspace\projects\SST-Workbench\KnotPlot\knots\final\link_8.2.1_final.txt,773b5e67a82396c72fc455fe58f14bace99bcf00ccd61a052cf087d00e7c8a55,false,0.9769806929039935,384,2.247993019398692,40.68463921674473,0.10565644415018777,0.04832292808036163
link_8.2.1/link_8p2p1_q0_h0p1_p0.txt,link_8.2.1,8.2,link,0,0.1,0,0,C:\workspace\projects\SST-Workbench\KnotPlot\knots\final\link_8.2.1_final.txt,773b5e67a82396c72fc455fe58f14bace99bcf00ccd61a052cf087d00e7c8a55,false,1.0205052537278205,384,2.162103627509399,41.09051631439419,0.19384075768853157,0.050475718035880024
link_8.2.1/link_8p2p1_q0p02_h0_p0.txt,link_8.2.1,8.2,link,0.02,0,0,0,C:\workspace\projects\SST-Workbench\KnotPlot\knots\final\link_8.2.1_final.txt,773b5e67a82396c72fc455fe58f14bace99bcf00ccd61a052cf087d00e7c8a55,true,0.7695712361099828,384,2.3782525055330073,41.8421534449681,0.03569645713847502,0.03806414575575661
link_8.2.1/link_8p2p1_q0p05_h0_p0.txt,link_8.2.1,8.2,link,0.05,0,0,0,C:\workspace\projects\SST-Workbench\KnotPlot\knots\final\link_8.2.1_final.txt,773b5e67a82396c72fc455fe58f14bace99bcf00ccd61a052cf087d00e7c8a55,false,0.24198995135719387,384,2.4411227418558616,43.29820882212173,0.07959329228245046,0.01196918536930904
link_8.2.1/link_8p2p1_q0p1_h0_p0.txt,link_8.2.1,8.2,link,0.1,0,0,0,C:\workspace\projects\SST-Workbench\KnotPlot\knots\final\link_8.2.1_final.txt,773b5e67a82396c72fc455fe58f14bace99bcf00ccd61a052cf087d00e7c8a55,false,0.6079662374362579,384,2.546744456495066,45.866239574929324,0.15917316110812446,0.0300709205210541
link_9.2.20/link_9p2p20_qm0p1_h0_p0.txt,link_9.2.20,9.2,link,-0.1,0,0,0,C:\workspace\projects\SST-Workbench\KnotPlot\knots\final\link_9.2.20_final.txt,66bac3fbecd8197e4655d031fa1344c8b96009e17f17424daf46507912a776f5,false,0.17176793477178487,384,2.2415098629854766,46.60260951997468,0.14992142674619324,0.011635273358503145
link_9.2.20/link_9p2p20_qm0p05_h0_p0.txt,link_9.2.20,9.2,link,-0.05,0,0,0,C:\workspace\projects\SST-Workbench\KnotPlot\knots\final\link_9.2.20_final.txt,66bac3fbecd8197e4655d031fa1344c8b96009e17f17424daf46507912a776f5,true,0.9280736200617813,384,2.3501488195124014,48.83660676489952,0.08240828783447493,0.06286615881236171
link_9.2.20/link_9p2p20_qm0p02_h0_p0.txt,link_9.2.20,9.2,link,-0.02,0,0,0,C:\workspace\projects\SST-Workbench\KnotPlot\knots\final\link_9.2.20_final.txt,66bac3fbecd8197e4655d031fa1344c8b96009e17f17424daf46507912a776f5,true,0.9710826595221071,384,2.4159933357070393,50.40973090084956,0.040768040814088614,0.06577951939780749
link_9.2.20/link_9p2p20_q0_hm0p1_p0.txt,link_9.2.20,9.2,link,0,-0.1,0,0,C:\workspace\projects\SST-Workbench\KnotPlot\knots\final\link_9.2.20_final.txt,66bac3fbecd8197e4655d031fa1344c8b96009e17f17424daf46507912a776f5,false,0.6955907300530703,384,2.6460368775624885,54.50865872316441,0.15289072127859657,0.04711815567068043
link_9.2.20/link_9p2p20_q0_hm0p05_p0.txt,link_9.2.20,9.2,link,0,-0.05,0,0,C:\workspace\projects\SST-Workbench\KnotPlot\knots\final\link_9.2.20_final.txt,66bac3fbecd8197e4655d031fa1344c8b96009e17f17424daf46507912a776f5,true,0.6610324476564163,384,2.5518173684641505,52.822208677954535,0.07379471117943696,0.04477723527119115
link_9.2.20/link_9p2p20_q0_hm0p02_p0.txt,link_9.2.20,9.2,link,0,-0.02,0,0,C:\workspace\projects\SST-Workbench\KnotPlot\knots\final\link_9.2.20_final.txt,66bac3fbecd8197e4655d031fa1344c8b96009e17f17424daf46507912a776f5,true,1.01075837746434,384,2.496488088576259,51.987767897847014,0.0327624471411448,0.06846708634425819
link_9.2.20/link_9p2p20_q0_h0_pm0p1.txt,link_9.2.20,9.2,link,0,0,-0.1,0,C:\workspace\projects\SST-Workbench\KnotPlot\knots\final\link_9.2.20_final.txt,66bac3fbecd8197e4655d031fa1344c8b96009e17f17424daf46507912a776f5,false,0.8933946073214254,384,2.4774248725736867,53.33208378644271,0.16702790636536682,0.060517060340792184
link_9.2.20/link_9p2p20_q0_h0_pm0p05.txt,link_9.2.20,9.2,link,0,0,-0.05,0,C:\workspace\projects\SST-Workbench\KnotPlot\knots\final\link_9.2.20_final.txt,66bac3fbecd8197e4655d031fa1344c8b96009e17f17424daf46507912a776f5,true,0.882728875989412,384,2.4657540160110387,52.11688527184286,0.07824376411272914,0.059794581492914035
link_9.2.20/link_9p2p20_q0_h0_pm0p02.txt,link_9.2.20,9.2,link,0,0,-0.02,0,C:\workspace\projects\SST-Workbench\KnotPlot\knots\final\link_9.2.20_final.txt,66bac3fbecd8197e4655d031fa1344c8b96009e17f17424daf46507912a776f5,true,0.7327896872793885,384,2.461655432039736,51.6792418225345,0.03041626631312136,0.04963795097796252
link_9.2.20/link_9p2p20_q0_h0_p0.txt,link_9.2.20,9.2,link,0.0,0.0,0.0,0,C:\workspace\projects\SST-Workbench\KnotPlot\knots\final\link_9.2.20_final.txt,66bac3fbecd8197e4655d031fa1344c8b96009e17f17424daf46507912a776f5,true,1.0,384,2.4601406255607903,51.524630393546715,0.024508467434449153,0.06773833180192833
link_9.2.20/link_9p2p20_q0_h0_p0p02.txt,link_9.2.20,9.2,link,0,0,0.02,0,C:\workspace\projects\SST-Workbench\KnotPlot\knots\final\link_9.2.20_final.txt,66bac3fbecd8197e4655d031fa1344c8b96009e17f17424daf46507912a776f5,true,1.0970971495057422,384,2.459602153778471,51.48945186185418,0.05026190269628082,0.07431553073216973
link_9.2.20/link_9p2p20_q0_h0_p0p05.txt,link_9.2.20,9.2,link,0,0,0.05,0,C:\workspace\projects\SST-Workbench\KnotPlot\knots\final\link_9.2.20_final.txt,66bac3fbecd8197e4655d031fa1344c8b96009e17f17424daf46507912a776f5,true,1.274954959307582,384,2.4606261579986013,51.775099468124274,0.0716276837949597,0.08636332206609101
link_9.2.20/link_9p2p20_q0_h0_p0p1.txt,link_9.2.20,9.2,link,0,0,0.1,0,C:\workspace\projects\SST-Workbench\KnotPlot\knots\final\link_9.2.20_final.txt,66bac3fbecd8197e4655d031fa1344c8b96009e17f17424daf46507912a776f5,false,0.71888331549739,384,2.4672070126261247,53.07709051117173,0.10270531419581941,0.04869595655203253
link_9.2.20/link_9p2p20_q0_h0p02_p0.txt,link_9.2.20,9.2,link,0,0.02,0,0,C:\workspace\projects\SST-Workbench\KnotPlot\knots\final\link_9.2.20_final.txt,66bac3fbecd8197e4655d031fa1344c8b96009e17f17424daf46507912a776f5,true,0.9892793822022993,384,2.4242467913190024,51.151760446216954,0.041174023553167384,0.06701213503642602
link_9.2.20/link_9p2p20_q0_h0p05_p0.txt,link_9.2.20,9.2,link,0,0.05,0,0,C:\workspace\projects\SST-Workbench\KnotPlot\knots\final\link_9.2.20_final.txt,66bac3fbecd8197e4655d031fa1344c8b96009e17f17424daf46507912a776f5,true,0.9715640770632995,384,2.3713015843706264,50.7549828239767,0.08262159191298048,0.06581212981894805
link_9.2.20/link_9p2p20_q0_h0p1_p0.txt,link_9.2.20,9.2,link,0,0.1,0,0,C:\workspace\projects\SST-Workbench\KnotPlot\knots\final\link_9.2.20_final.txt,66bac3fbecd8197e4655d031fa1344c8b96009e17f17424daf46507912a776f5,false,0.5016298570533491,384,2.2856311604253476,50.65927966985033,0.1407361614322553,0.03397956969883364
link_9.2.20/link_9p2p20_q0p02_h0_p0.txt,link_9.2.20,9.2,link,0.02,0,0,0,C:\workspace\projects\SST-Workbench\KnotPlot\knots\final\link_9.2.20_final.txt,66bac3fbecd8197e4655d031fa1344c8b96009e17f17424daf46507912a776f5,true,1.0290938262108127,384,2.504476293239368,52.694753981973136,0.03057181762323169,0.06970909905518399
link_9.2.20/link_9p2p20_q0p05_h0_p0.txt,link_9.2.20,9.2,link,0.05,0,0,0,C:\workspace\projects\SST-Workbench\KnotPlot\knots\final\link_9.2.20_final.txt,66bac3fbecd8197e4655d031fa1344c8b96009e17f17424daf46507912a776f5,true,0.6589199534751525,384,2.5713116763431216,54.523652260026374,0.06689240376311156,0.04463413843941106
link_9.2.20/link_9p2p20_q0p1_h0_p0.txt,link_9.2.20,9.2,link,0.1,0,0,0,C:\workspace\projects\SST-Workbench\KnotPlot\knots\final\link_9.2.20_final.txt,66bac3fbecd8197e4655d031fa1344c8b96009e17f17424daf46507912a776f5,false,0.7076338851320169,384,2.6835154167522584,57.69313986972246,0.13643542146854368,0.04793393890536019
link_9.2.40/link_9p2p40_qm0p1_h0_p0.txt,link_9.2.40,9.2,link,-0.1,0,0,0,C:\workspace\projects\SST-Workbench\KnotPlot\knots\final\link_9.2.40_final.txt,6ae57b85756b4b2ae242e228e0b19319f124b8c4a8a0dfaf70ba154f5daa15b3,false,0.9250416288913933,384,2.206401114642893,48.03367568180174,0.1347335431115653,0.04010019394690488
link_9.2.40/link_9p2p40_qm0p05_h0_p0.txt,link_9.2.40,9.2,link,-0.05,0,0,0,C:\workspace\projects\SST-Workbench\KnotPlot\knots\final\link_9.2.40_final.txt,6ae57b85756b4b2ae242e228e0b19319f124b8c4a8a0dfaf70ba154f5daa15b3,true,0.9588257197063097,384,2.313623900953314,50.35220358536019,0.07866788841136862,0.04156472111161376
link_9.2.40/link_9p2p40_qm0p02_h0_p0.txt,link_9.2.40,9.2,link,-0.02,0,0,0,C:\workspace\projects\SST-Workbench\KnotPlot\knots\final\link_9.2.40_final.txt,6ae57b85756b4b2ae242e228e0b19319f124b8c4a8a0dfaf70ba154f5daa15b3,true,0.9826888488269311,384,2.3785965962590296,51.94201329396415,0.05155743197125391,0.042599178454970035
link_9.2.40/link_9p2p40_q0_hm0p1_p0.txt,link_9.2.40,9.2,link,0,-0.1,0,0,C:\workspace\projects\SST-Workbench\KnotPlot\knots\final\link_9.2.40_final.txt,6ae57b85756b4b2ae242e228e0b19319f124b8c4a8a0dfaf70ba154f5daa15b3,false,0.517381086862674,384,2.615902759000944,56.109302171553225,0.13714328692337785,0.022428268393194152
link_9.2.40/link_9p2p40_q0_hm0p05_p0.txt,link_9.2.40,9.2,link,0,-0.05,0,0,C:\workspace\projects\SST-Workbench\KnotPlot\knots\final\link_9.2.40_final.txt,6ae57b85756b4b2ae242e228e0b19319f124b8c4a8a0dfaf70ba154f5daa15b3,true,0.7523170197320206,384,2.5179806556889943,54.41082123686226,0.06864637844536146,0.032612649483641176
link_9.2.40/link_9p2p40_q0_hm0p02_p0.txt,link_9.2.40,9.2,link,0,-0.02,0,0,C:\workspace\projects\SST-Workbench\KnotPlot\knots\final\link_9.2.40_final.txt,6ae57b85756b4b2ae242e228e0b19319f124b8c4a8a0dfaf70ba154f5daa15b3,false,0.46484267052460754,384,2.4602175231764103,53.56266111883859,0.03823513841123214,0.02015074852920211
link_9.2.40/link_9p2p40_q0_h0_pm0p1.txt,link_9.2.40,9.2,link,0,0,-0.1,0,C:\workspace\projects\SST-Workbench\KnotPlot\knots\final\link_9.2.40_final.txt,6ae57b85756b4b2ae242e228e0b19319f124b8c4a8a0dfaf70ba154f5daa15b3,false,0.5165178455960108,384,2.432421494693043,54.50405159951516,0.10642011925445842,0.022390847220854423
link_9.2.40/link_9p2p40_q0_h0_pm0p05.txt,link_9.2.40,9.2,link,0,0,-0.05,0,C:\workspace\projects\SST-Workbench\KnotPlot\knots\final\link_9.2.40_final.txt,6ae57b85756b4b2ae242e228e0b19319f124b8c4a8a0dfaf70ba154f5daa15b3,true,0.7301311770805252,384,2.4242812613435114,53.51686742095596,0.04556458192091548,0.03165090185476238
link_9.2.40/link_9p2p40_q0_h0_pm0p02.txt,link_9.2.40,9.2,link,0,0,-0.02,0,C:\workspace\projects\SST-Workbench\KnotPlot\knots\final\link_9.2.40_final.txt,6ae57b85756b4b2ae242e228e0b19319f124b8c4a8a0dfaf70ba154f5daa15b3,true,0.7539108212931649,384,2.422281437905643,53.18830549628722,0.024230796112469106,0.03268174015990767
link_9.2.40/link_9p2p40_q0_h0_p0.txt,link_9.2.40,9.2,link,0.0,0.0,0.0,0,C:\workspace\projects\SST-Workbench\KnotPlot\knots\final\link_9.2.40_final.txt,6ae57b85756b4b2ae242e228e0b19319f124b8c4a8a0dfaf70ba154f5daa15b3,true,1.0,384,2.4221542228023205,53.084571250398895,0.03596777819881326,0.04334961010885807
link_9.2.40/link_9p2p40_q0_h0_p0p02.txt,link_9.2.40,9.2,link,0,0,0.02,0,C:\workspace\projects\SST-Workbench\KnotPlot\knots\final\link_9.2.40_final.txt,6ae57b85756b4b2ae242e228e0b19319f124b8c4a8a0dfaf70ba154f5daa15b3,true,1.0759024289968628,384,2.4229921534839933,53.10305596709742,0.04762187055072957,0.04663995081218736
link_9.2.40/link_9p2p40_q0_h0_p0p05.txt,link_9.2.40,9.2,link,0,0,0.05,0,C:\workspace\projects\SST-Workbench\KnotPlot\knots\final\link_9.2.40_final.txt,6ae57b85756b4b2ae242e228e0b19319f124b8c4a8a0dfaf70ba154f5daa15b3,true,1.20186611107419,384,2.4260561952803594,53.416536485049164,0.045307025361256054,0.05210042731811564
link_9.2.40/link_9p2p40_q0_h0_p0p1.txt,link_9.2.40,9.2,link,0,0,0.1,0,C:\workspace\projects\SST-Workbench\KnotPlot\knots\final\link_9.2.40_final.txt,6ae57b85756b4b2ae242e228e0b19319f124b8c4a8a0dfaf70ba154f5daa15b3,true,1.4196211682913142,384,2.4359582067347936,54.40726798437335,0.08727851553254276,0.061540024147710065
link_9.2.40/link_9p2p40_q0_h0p02_p0.txt,link_9.2.40,9.2,link,0,0.02,0,0,C:\workspace\projects\SST-Workbench\KnotPlot\knots\final\link_9.2.40_final.txt,6ae57b85756b4b2ae242e228e0b19319f124b8c4a8a0dfaf70ba154f5daa15b3,true,1.0457512572152512,384,2.384467219764688,52.68976563371591,0.04907983548344221,0.04533290927112929
link_9.2.40/link_9p2p40_q0_h0p05_p0.txt,link_9.2.40,9.2,link,0,0.05,0,0,C:\workspace\projects\SST-Workbench\KnotPlot\knots\final\link_9.2.40_final.txt,6ae57b85756b4b2ae242e228e0b19319f124b8c4a8a0dfaf70ba154f5daa15b3,true,1.1152508248460717,384,2.3286821883619404,52.276456473466624,0.07657714880452875,0.048345688430659575
link_9.2.40/link_9p2p40_q0_h0p1_p0.txt,link_9.2.40,9.2,link,0,0.1,0,0,C:\workspace\projects\SST-Workbench\KnotPlot\knots\final\link_9.2.40_final.txt,6ae57b85756b4b2ae242e228e0b19319f124b8c4a8a0dfaf70ba154f5daa15b3,false,0.5649325267761108,384,2.237859590878996,52.103482657856354,0.12352609667010962,0.02448960477355643
link_9.2.40/link_9p2p40_q0p02_h0_p0.txt,link_9.2.40,9.2,link,0.02,0,0,0,C:\workspace\projects\SST-Workbench\KnotPlot\knots\final\link_9.2.40_final.txt,6ae57b85756b4b2ae242e228e0b19319f124b8c4a8a0dfaf70ba154f5daa15b3,false,0.4906391805261501,384,2.465893859427257,54.27159400836895,0.03530194181718485,0.021269017179938236
link_9.2.40/link_9p2p40_q0p05_h0_p0.txt,link_9.2.40,9.2,link,0.05,0,0,0,C:\workspace\projects\SST-Workbench\KnotPlot\knots\final\link_9.2.40_final.txt,6ae57b85756b4b2ae242e228e0b19319f124b8c4a8a0dfaf70ba154f5daa15b3,true,0.7835758222407325,384,2.531823937525565,56.11426700880139,0.06187209892065357,0.033967706384863634
link_9.2.40/link_9p2p40_q0p1_h0_p0.txt,link_9.2.40,9.2,link,0.1,0,0,0,C:\workspace\projects\SST-Workbench\KnotPlot\knots\final\link_9.2.40_final.txt,6ae57b85756b4b2ae242e228e0b19319f124b8c4a8a0dfaf70ba154f5daa15b3,false,0.5911180920563905,384,2.6424911863291913,59.29745315214085,0.12229728392656447,0.025624738818936604
torus_2.11/torus_2p11_qm0p1_h0_p0.txt,torus_2.11,2.11,torus,-0.1,0,0,0,C:\workspace\projects\SST-Workbench\KnotPlot\knots\final\torus_2.11_final.txt,5b04de2f9c7b336c962f51ac436def92e7a0ca15665ac8764e440f117993428f,false,0.6480822406352755,384,2.426205496174704,43.647115279594146,0.24760956709332546,0.3207489239137645
torus_2.11/torus_2p11_qm0p05_h0_p0.txt,torus_2.11,2.11,torus,-0.05,0,0,0,C:\workspace\projects\SST-Workbench\KnotPlot\knots\final\torus_2.11_final.txt,5b04de2f9c7b336c962f51ac436def92e7a0ca15665ac8764e440f117993428f,false,0.8279927770720918,384,2.5382761331995627,45.813227769582966,0.11805716246071342,0.4097902636460355
torus_2.11/torus_2p11_qm0p02_h0_p0.txt,torus_2.11,2.11,torus,-0.02,0,0,0,C:\workspace\projects\SST-Workbench\KnotPlot\knots\final\torus_2.11_final.txt,5b04de2f9c7b336c962f51ac436def92e7a0ca15665ac8764e440f117993428f,true,0.9359417068911637,384,2.6064442898912707,47.32773347018224,0.045466385386703764,0.4632163582157146
torus_2.11/torus_2p11_q0_hm0p1_p0.txt,torus_2.11,2.11,torus,0,-0.1,0,0,C:\workspace\projects\SST-Workbench\KnotPlot\knots\final\torus_2.11_final.txt,5b04de2f9c7b336c962f51ac436def92e7a0ca15665ac8764e440f117993428f,false,0.7337242532236522,384,2.8648564774922183,50.4089803473022,0.2311960150099642,0.36313487689498514
torus_2.11/torus_2p11_q0_hm0p05_p0.txt,torus_2.11,2.11,torus,0,-0.05,0,0,C:\workspace\projects\SST-Workbench\KnotPlot\knots\final\torus_2.11_final.txt,5b04de2f9c7b336c962f51ac436def92e7a0ca15665ac8764e440f117993428f,false,0.8633413683879748,384,2.757410105851054,49.17288636553082,0.11713849774952806,0.42728499180788565
torus_2.11/torus_2p11_q0_hm0p02_p0.txt,torus_2.11,2.11,torus,0,-0.02,0,0,C:\workspace\projects\SST-Workbench\KnotPlot\knots\final\torus_2.11_final.txt,5b04de2f9c7b336c962f51ac436def92e7a0ca15665ac8764e440f117993428f,true,0.9454265886009664,384,2.694018882951282,48.6564738532322,0.047044839179345724,0.46791061676982404
torus_2.11/torus_2p11_q0_h0_pm0p1.txt,torus_2.11,2.11,torus,0,0,-0.1,0,C:\workspace\projects\SST-Workbench\KnotPlot\knots\final\torus_2.11_final.txt,5b04de2f9c7b336c962f51ac436def92e7a0ca15665ac8764e440f117993428f,true,0.6787192514514154,384,2.665465474127799,49.98182977436744,0.085093738512425,0.33591179620845757
torus_2.11/torus_2p11_q0_h0_pm0p05.txt,torus_2.11,2.11,torus,0,0,-0.05,0,C:\workspace\projects\SST-Workbench\KnotPlot\knots\final\torus_2.11_final.txt,5b04de2f9c7b336c962f51ac436def92e7a0ca15665ac8764e440f117993428f,true,0.9360804032155815,384,2.6555531022169503,48.81141000229756,0.044003548352126456,0.4632850018137311
torus_2.11/torus_2p11_q0_h0_pm0p02.txt,torus_2.11,2.11,torus,0,0,-0.02,0,C:\workspace\projects\SST-Workbench\KnotPlot\knots\final\torus_2.11_final.txt,5b04de2f9c7b336c962f51ac436def92e7a0ca15665ac8764e440f117993428f,true,0.9717659489022239,384,2.652771844396348,48.479553704849934,0.01785737504892035,0.4809464954646698
torus_2.11/torus_2p11_q0_h0_p0.txt,torus_2.11,2.11,torus,0.0,0.0,0.0,0,C:\workspace\projects\SST-Workbench\KnotPlot\knots\final\torus_2.11_final.txt,5b04de2f9c7b336c962f51ac436def92e7a0ca15665ac8764e440f117993428f,true,1.0,384,2.6522425037243944,48.41614638269182,0.0016843261173777608,0.4949200947079708
torus_2.11/torus_2p11_q0_h0_p0p02.txt,torus_2.11,2.11,torus,0,0,0.02,0,C:\workspace\projects\SST-Workbench\KnotPlot\knots\final\torus_2.11_final.txt,5b04de2f9c7b336c962f51ac436def92e7a0ca15665ac8764e440f117993428f,true,0.9705638568810063,384,2.652773953485882,48.47956980029116,0.017808680354824594,0.4803515559676811
torus_2.11/torus_2p11_q0_h0_p0p05.txt,torus_2.11,2.11,torus,0,0,0.05,0,C:\workspace\projects\SST-Workbench\KnotPlot\knots\final\torus_2.11_final.txt,5b04de2f9c7b336c962f51ac436def92e7a0ca15665ac8764e440f117993428f,true,0.9357569391579291,384,2.6555583694153393,48.81149209198322,0.04393514815824407,0.4631249129516832
torus_2.11/torus_2p11_q0_h0_p0p1.txt,torus_2.11,2.11,torus,0,0,0.1,0,C:\workspace\projects\SST-Workbench\KnotPlot\knots\final\torus_2.11_final.txt,5b04de2f9c7b336c962f51ac436def92e7a0ca15665ac8764e440f117993428f,true,0.6233350995260892,384,2.665475969338855,49.982217840890996,0.0849721056143599,0.3085010664922545
torus_2.11/torus_2p11_q0_h0p02_p0.txt,torus_2.11,2.11,torus,0,0.02,0,0,C:\workspace\projects\SST-Workbench\KnotPlot\knots\final\torus_2.11_final.txt,5b04de2f9c7b336c962f51ac436def92e7a0ca15665ac8764e440f117993428f,true,0.9408846512626291,384,2.6108754025547034,48.266734963968226,0.04579022394385458,0.4656627207121765
torus_2.11/torus_2p11_q0_h0p05_p0.txt,torus_2.11,2.11,torus,0,0.05,0,0,C:\workspace\projects\SST-Workbench\KnotPlot\knots\final\torus_2.11_final.txt,5b04de2f9c7b336c962f51ac436def92e7a0ca15665ac8764e440f117993428f,false,0.8432050473825524,384,2.5496356713788133,48.230973450774485,0.11280234045433238,0.4173191219088119
torus_2.11/torus_2p11_q0_h0p1_p0.txt,torus_2.11,2.11,torus,0,0.1,0,0,C:\workspace\projects\SST-Workbench\KnotPlot\knots\final\torus_2.11_final.txt,5b04de2f9c7b336c962f51ac436def92e7a0ca15665ac8764e440f117993428f,false,0.6915848883940142,384,2.4499113793083755,48.757206676976885,0.2141045545597041,0.34227925846256696
torus_2.11/torus_2p11_q0p02_h0_p0.txt,torus_2.11,2.11,torus,0.02,0,0,0,C:\workspace\projects\SST-Workbench\KnotPlot\knots\final\torus_2.11_final.txt,5b04de2f9c7b336c962f51ac436def92e7a0ca15665ac8764e440f117993428f,true,0.9492726988351868,384,2.6983061859351696,49.56311745508646,0.044108251602767906,0.46981413401120176
torus_2.11/torus_2p11_q0p05_h0_p0.txt,torus_2.11,2.11,torus,0.05,0,0,0,C:\workspace\projects\SST-Workbench\KnotPlot\knots\final\torus_2.11_final.txt,5b04de2f9c7b336c962f51ac436def92e7a0ca15665ac8764e440f117993428f,false,0.8710376493033494,384,2.7678704486018666,51.38692796220621,0.10539287154305449,0.43109403588742196
torus_2.11/torus_2p11_q0p1_h0_p0.txt,torus_2.11,2.11,torus,0.1,0,0,0,C:\workspace\projects\SST-Workbench\KnotPlot\knots\final\torus_2.11_final.txt,5b04de2f9c7b336c962f51ac436def92e7a0ca15665ac8764e440f117993428f,false,0.7408288087252841,384,2.8849601892251977,54.68451297012391,0.19624059101025965,0.36665106417671084
torus_2.3/torus_2p3_qm0p1_h0_p0.txt,torus_2.3,2.3,torus,-0.1,0,0,0,C:\workspace\projects\SST-Workbench\KnotPlot\knots\final\torus_2.3_final.txt,1c98ace74089b1e837b66b23f1124dc8e1f4755bf8c9ec6a7454bf65d5bed500,true,0.8302575763683767,384,1.1237864233927854,14.644483624997944,0.06598938784044717,0.14109897831062898
torus_2.3/torus_2p3_qm0p05_h0_p0.txt,torus_2.3,2.3,torus,-0.05,0,0,0,C:\workspace\projects\SST-Workbench\KnotPlot\knots\final\torus_2.3_final.txt,1c98ace74089b1e837b66b23f1124dc8e1f4755bf8c9ec6a7454bf65d5bed500,true,0.9162808971561892,384,1.181093146681981,15.50301428152396,0.031119377816724598,0.1557183000964532
torus_2.3/torus_2p3_qm0p02_h0_p0.txt,torus_2.3,2.3,torus,-0.02,0,0,0,C:\workspace\projects\SST-Workbench\KnotPlot\knots\final\torus_2.3_final.txt,1c98ace74089b1e837b66b23f1124dc8e1f4755bf8c9ec6a7454bf65d5bed500,true,0.9679160947628985,384,1.2156954611002517,16.0236979841252,0.01199258657091737,0.16449349689627324
torus_2.3/torus_2p3_q0_hm0p1_p0.txt,torus_2.3,2.3,torus,0,-0.1,0,0,C:\workspace\projects\SST-Workbench\KnotPlot\knots\final\torus_2.3_final.txt,1c98ace74089b1e837b66b23f1124dc8e1f4755bf8c9ec6a7454bf65d5bed500,true,0.9452911319250499,384,1.3152398294392023,17.164738695916853,0.06618353637556489,0.1606484743013575
torus_2.3/torus_2p3_q0_hm0p05_p0.txt,torus_2.3,2.3,torus,0,-0.05,0,0,C:\workspace\projects\SST-Workbench\KnotPlot\knots\final\torus_2.3_final.txt,1c98ace74089b1e837b66b23f1124dc8e1f4755bf8c9ec6a7454bf65d5bed500,true,0.971217107242676,384,1.276111657696853,16.74089969701096,0.033737795985994974,0.16505449085952564
torus_2.3/torus_2p3_q0_hm0p02_p0.txt,torus_2.3,2.3,torus,0,-0.02,0,0,C:\workspace\projects\SST-Workbench\KnotPlot\knots\final\torus_2.3_final.txt,1c98ace74089b1e837b66b23f1124dc8e1f4755bf8c9ec6a7454bf65d5bed500,true,0.9890669291952806,384,1.2535180217484003,16.513102933824612,0.013636553629351978,0.16808799722216036
torus_2.3/torus_2p3_q0_h0_pm0p1.txt,torus_2.3,2.3,torus,0,0,-0.1,0,C:\workspace\projects\SST-Workbench\KnotPlot\knots\final\torus_2.3_final.txt,1c98ace74089b1e837b66b23f1124dc8e1f4755bf8c9ec6a7454bf65d5bed500,true,0.8559901889504573,384,1.2449090901160527,16.60007191892734,0.09000580956298758,0.1454721336396974
torus_2.3/torus_2p3_q0_h0_pm0p05.txt,torus_2.3,2.3,torus,0,0,-0.05,0,C:\workspace\projects\SST-Workbench\KnotPlot\knots\final\torus_2.3_final.txt,1c98ace74089b1e837b66b23f1124dc8e1f4755bf8c9ec6a7454bf65d5bed500,true,0.9127779041539938,384,1.2403646869609222,16.429760263095098,0.04576770784014746,0.1551229803454417
torus_2.3/torus_2p3_q0_h0_pm0p02.txt,torus_2.3,2.3,torus,0,0,-0.02,0,C:\workspace\projects\SST-Workbench\KnotPlot\knots\final\torus_2.3_final.txt,1c98ace74089b1e837b66b23f1124dc8e1f4755bf8c9ec6a7454bf65d5bed500,true,0.9622854503078848,384,1.2390892586100057,16.382003353445675,0.018373569575862305,0.16353659122935002
torus_2.3/torus_2p3_q0_h0_p0.txt,torus_2.3,2.3,torus,0.0,0.0,0.0,0,C:\workspace\projects\SST-Workbench\KnotPlot\knots\final\torus_2.3_final.txt,1c98ace74089b1e837b66b23f1124dc8e1f4755bf8c9ec6a7454bf65d5bed500,true,1.0,384,1.2388461631518732,16.37289577870395,0.00020274274241970224,0.1699460291923007
torus_2.3/torus_2p3_q0_h0_p0p02.txt,torus_2.3,2.3,torus,0,0,0.02,0,C:\workspace\projects\SST-Workbench\KnotPlot\knots\final\torus_2.3_final.txt,1c98ace74089b1e837b66b23f1124dc8e1f4755bf8c9ec6a7454bf65d5bed500,true,0.9555631704182034,384,1.2390892366395567,16.382024653453644,0.018306452842003797,0.1623941664549794
torus_2.3/torus_2p3_q0_h0_p0p05.txt,torus_2.3,2.3,torus,0,0,0.05,0,C:\workspace\projects\SST-Workbench\KnotPlot\knots\final\torus_2.3_final.txt,1c98ace74089b1e837b66b23f1124dc8e1f4755bf8c9ec6a7454bf65d5bed500,true,0.8961436220609346,384,1.2403646320912776,16.430083031865394,0.045339362252254295,0.15229605015526168
torus_2.3/torus_2p3_q0_h0_p0p1.txt,torus_2.3,2.3,torus,0,0,0.1,0,C:\workspace\projects\SST-Workbench\KnotPlot\knots\final\torus_2.3_final.txt,1c98ace74089b1e837b66b23f1124dc8e1f4755bf8c9ec6a7454bf65d5bed500,true,0.819530107036235,384,1.2449089807773521,16.602789449755846,0.08815748000512189,0.1392758874943493
torus_2.3/torus_2p3_q0_h0p02_p0.txt,torus_2.3,2.3,torus,0,0.02,0,0,C:\workspace\projects\SST-Workbench\KnotPlot\knots\final\torus_2.3_final.txt,1c98ace74089b1e837b66b23f1124dc8e1f4755bf8c9ec6a7454bf65d5bed500,true,0.9720087354574772,384,1.224499895025301,16.242385093656022,0.013633930786218601,0.16518902493122772
torus_2.3/torus_2p3_q0_h0p05_p0.txt,torus_2.3,2.3,torus,0,0.05,0,0,C:\workspace\projects\SST-Workbench\KnotPlot\knots\final\torus_2.3_final.txt,1c98ace74089b1e837b66b23f1124dc8e1f4755bf8c9ec6a7454bf65d5bed500,true,0.9278826818452807,384,1.2036163708101453,16.065541371880308,0.03421757464267656,0.15768997733590834
torus_2.3/torus_2p3_q0_h0p1_p0.txt,torus_2.3,2.3,torus,0,0.1,0,0,C:\workspace\projects\SST-Workbench\KnotPlot\knots\final\torus_2.3_final.txt,1c98ace74089b1e837b66b23f1124dc8e1f4755bf8c9ec6a7454bf65d5bed500,true,0.8586876596967865,384,1.1706060905736024,15.824304975948973,0.06818976346305247,0.14593055808189845
torus_2.3/torus_2p3_q0p02_h0_p0.txt,torus_2.3,2.3,torus,0.02,0,0,0,C:\workspace\projects\SST-Workbench\KnotPlot\knots\final\torus_2.3_final.txt,1c98ace74089b1e837b66b23f1124dc8e1f4755bf8c9ec6a7454bf65d5bed500,true,0.9885291031371158,384,1.2620586236879987,16.72363536797595,0.011642115316060646,0.1679965958191791
torus_2.3/torus_2p3_q0p05_h0_p0.txt,torus_2.3,2.3,torus,0.05,0,0,0,C:\workspace\projects\SST-Workbench\KnotPlot\knots\final\torus_2.3_final.txt,1c98ace74089b1e837b66b23f1124dc8e1f4755bf8c9ec6a7454bf65d5bed500,true,0.9684686365851974,384,1.2969858556872822,17.252436930371296,0.028085423977768944,0.16458739918493562
torus_2.3/torus_2p3_q0p1_h0_p0.txt,torus_2.3,2.3,torus,0.1,0,0,0,C:\workspace\projects\SST-Workbench\KnotPlot\knots\final\torus_2.3_final.txt,1c98ace74089b1e837b66b23f1124dc8e1f4755bf8c9ec6a7454bf65d5bed500,true,0.935036827498396,384,1.3554624682481644,18.140285773438954,0.05330815340133843,0.15890579598191865
torus_2.4/torus_2p4_qm0p1_h0_p0.txt,torus_2.4,2.4,torus,-0.1,0,0,0,C:\workspace\projects\SST-Workbench\KnotPlot\knots\final\torus_2.4_final.txt,652c2538c1f7d922a8cc1d1af433737f59ee6203e44dfcf8b8e443484b5d0bd8,false,0.9651423294545695,384,1.251325596170093,22.942674586370917,0.1461331230994449,0.034240619989710445
torus_2.4/torus_2p4_qm0p05_h0_p0.txt,torus_2.4,2.4,torus,-0.05,0,0,0,C:\workspace\projects\SST-Workbench\KnotPlot\knots\final\torus_2.4_final.txt,652c2538c1f7d922a8cc1d1af433737f59ee6203e44dfcf8b8e443484b5d0bd8,true,0.9822163404419857,384,1.311964991846549,23.835301022427732,0.06550612833831991,0.03484635937557973
torus_2.4/torus_2p4_qm0p02_h0_p0.txt,torus_2.4,2.4,torus,-0.02,0,0,0,C:\workspace\projects\SST-Workbench\KnotPlot\knots\final\torus_2.4_final.txt,652c2538c1f7d922a8cc1d1af433737f59ee6203e44dfcf8b8e443484b5d0bd8,true,0.9928037848957878,384,1.3487174826327506,24.5002464414363,0.04492272632237053,0.03522197305569847
torus_2.4/torus_2p4_q0_hm0p1_p0.txt,torus_2.4,2.4,torus,0,-0.1,0,0,C:\workspace\projects\SST-Workbench\KnotPlot\knots\final\torus_2.4_final.txt,652c2538c1f7d922a8cc1d1af433737f59ee6203e44dfcf8b8e443484b5d0bd8,false,0.716970298419674,384,1.4688614553451464,26.608982234392453,0.1811301253064525,0.025436152557904084
torus_2.4/torus_2p4_q0_hm0p05_p0.txt,torus_2.4,2.4,torus,0,-0.05,0,0,C:\workspace\projects\SST-Workbench\KnotPlot\knots\final\torus_2.4_final.txt,652c2538c1f7d922a8cc1d1af433737f59ee6203e44dfcf8b8e443484b5d0bd8,true,0.7449557291280331,384,1.420253849263119,25.755345086052728,0.08422038963003384,0.02642899938358919
torus_2.4/torus_2p4_q0_hm0p02_p0.txt,torus_2.4,2.4,torus,0,-0.02,0,0,C:\workspace\projects\SST-Workbench\KnotPlot\knots\final\torus_2.4_final.txt,652c2538c1f7d922a8cc1d1af433737f59ee6203e44dfcf8b8e443484b5d0bd8,true,0.7016710713865024,384,1.3919002582243971,25.297335129245326,0.03231894173940052,0.024893377670727412
torus_2.4/torus_2p4_q0_h0_pm0p1.txt,torus_2.4,2.4,torus,0,0,-0.1,0,C:\workspace\projects\SST-Workbench\KnotPlot\knots\final\torus_2.4_final.txt,652c2538c1f7d922a8cc1d1af433737f59ee6203e44dfcf8b8e443484b5d0bd8,false,0.826427322187013,384,1.37623900605289,25.664742957854088,0.1431944931515456,0.02931938950818912
torus_2.4/torus_2p4_q0_h0_pm0p05.txt,torus_2.4,2.4,torus,0,0,-0.05,0,C:\workspace\projects\SST-Workbench\KnotPlot\knots\final\torus_2.4_final.txt,652c2538c1f7d922a8cc1d1af433737f59ee6203e44dfcf8b8e443484b5d0bd8,true,0.8303307548935437,384,1.373084642773931,25.25818743577299,0.06184563167598114,0.02945787266438356
torus_2.4/torus_2p4_q0_h0_pm0p02.txt,torus_2.4,2.4,torus,0,0,-0.02,0,C:\workspace\projects\SST-Workbench\KnotPlot\knots\final\torus_2.4_final.txt,652c2538c1f7d922a8cc1d1af433737f59ee6203e44dfcf8b8e443484b5d0bd8,true,0.8606893435512676,384,1.3728374379915305,25.095101330410884,0.020640249371960642,0.03053491266763418
torus_2.4/torus_2p4_q0_h0_p0.txt,torus_2.4,2.4,torus,0.0,0.0,0.0,0,C:\workspace\projects\SST-Workbench\KnotPlot\knots\final\torus_2.4_final.txt,652c2538c1f7d922a8cc1d1af433737f59ee6203e44dfcf8b8e443484b5d0bd8,true,1.0,384,1.3733591483590295,25.024001941695275,0.028949459859657762,0.03547727515905435
torus_2.4/torus_2p4_q0_h0_p0p02.txt,torus_2.4,2.4,torus,0,0,0.02,0,C:\workspace\projects\SST-Workbench\KnotPlot\knots\final\torus_2.4_final.txt,652c2538c1f7d922a8cc1d1af433737f59ee6203e44dfcf8b8e443484b5d0bd8,true,0.8634278334033847,384,1.374429435935826,24.99960691737406,0.046142931164360815,0.030632066825638016
torus_2.4/torus_2p4_q0_h0_p0p05.txt,torus_2.4,2.4,torus,0,0,0.05,0,C:\workspace\projects\SST-Workbench\KnotPlot\knots\final\torus_2.4_final.txt,652c2538c1f7d922a8cc1d1af433737f59ee6203e44dfcf8b8e443484b5d0bd8,true,0.8302081297468398,384,1.3770604722599957,25.09074752101451,0.04989381314587236,0.029453522258312527
torus_2.4/torus_2p4_q0_h0_p0p1.txt,torus_2.4,2.4,torus,0,0,0.1,0,C:\workspace\projects\SST-Workbench\KnotPlot\knots\final\torus_2.4_final.txt,652c2538c1f7d922a8cc1d1af433737f59ee6203e44dfcf8b8e443484b5d0bd8,false,0.8239324086616592,384,1.3841611242409835,25.391744339328653,0.11707719441478115,0.029230876774552095
torus_2.4/torus_2p4_q0_h0p02_p0.txt,torus_2.4,2.4,torus,0,0.02,0,0,C:\workspace\projects\SST-Workbench\KnotPlot\knots\final\torus_2.4_final.txt,652c2538c1f7d922a8cc1d1af433737f59ee6203e44dfcf8b8e443484b5d0bd8,true,0.9932115833897758,384,1.3551209337721872,24.80000505325931,0.045836847086326495,0.03523644063507913
torus_2.4/torus_2p4_q0_h0p05_p0.txt,torus_2.4,2.4,torus,0,0.05,0,0,C:\workspace\projects\SST-Workbench\KnotPlot\knots\final\torus_2.4_final.txt,652c2538c1f7d922a8cc1d1af433737f59ee6203e44dfcf8b8e443484b5d0bd8,true,0.9832041917627001,384,1.3283587757465447,24.59325158318051,0.06412439360007043,0.03488140564870095
torus_2.4/torus_2p4_q0_h0p1_p0.txt,torus_2.4,2.4,torus,0,0.1,0,0,C:\workspace\projects\SST-Workbench\KnotPlot\knots\final\torus_2.4_final.txt,652c2538c1f7d922a8cc1d1af433737f59ee6203e44dfcf8b8e443484b5d0bd8,false,0.9670085295565363,384,1.285451693573495,24.510750972290552,0.12263089688726193,0.034306827684229775
torus_2.4/torus_2p4_q0p02_h0_p0.txt,torus_2.4,2.4,torus,0.02,0,0,0,C:\workspace\projects\SST-Workbench\KnotPlot\knots\final\torus_2.4_final.txt,652c2538c1f7d922a8cc1d1af433737f59ee6203e44dfcf8b8e443484b5d0bd8,true,0.6802802934275238,384,1.3981059129192115,25.59321407447029,0.03219800023609718,0.024134491155210495
torus_2.4/torus_2p4_q0p05_h0_p0.txt,torus_2.4,2.4,torus,0.05,0,0,0,C:\workspace\projects\SST-Workbench\KnotPlot\knots\final\torus_2.4_final.txt,652c2538c1f7d922a8cc1d1af433737f59ee6203e44dfcf8b8e443484b5d0bd8,true,0.721878116758846,384,1.435411223058399,26.47757174940109,0.08481531236532136,0.02561026857955354
torus_2.4/torus_2p4_q0p1_h0_p0.txt,torus_2.4,2.4,torus,0.1,0,0,0,C:\workspace\projects\SST-Workbench\KnotPlot\knots\final\torus_2.4_final.txt,652c2538c1f7d922a8cc1d1af433737f59ee6203e44dfcf8b8e443484b5d0bd8,false,0.6526366957770309,384,1.4980394609397398,27.991927761243417,0.1791577889693851,0.02315377163497777
torus_2.5/torus_2p5_qm0p1_h0_p0.txt,torus_2.5,2.5,torus,-0.1,0,0,0,C:\workspace\projects\SST-Workbench\KnotPlot\knots\final\torus_2.5_final.txt,85ccd2e3f0af33b09722bca6bfe808d797a6ecdf3cec9566638121b5c97d47e7,false,0.7913302885813855,384,1.4101471924416997,21.523466215264122,0.11291701327117634,0.19722726206801688
torus_2.5/torus_2p5_qm0p05_h0_p0.txt,torus_2.5,2.5,torus,-0.05,0,0,0,C:\workspace\projects\SST-Workbench\KnotPlot\knots\final\torus_2.5_final.txt,85ccd2e3f0af33b09722bca6bfe808d797a6ecdf3cec9566638121b5c97d47e7,true,0.8979631096515351,384,1.479248530760479,22.787977032749655,0.05319042091792185,0.22380390098822853
torus_2.5/torus_2p5_qm0p02_h0_p0.txt,torus_2.5,2.5,torus,-0.02,0,0,0,C:\workspace\projects\SST-Workbench\KnotPlot\knots\final\torus_2.5_final.txt,85ccd2e3f0af33b09722bca6bfe808d797a6ecdf3cec9566638121b5c97d47e7,true,0.9619428149797138,384,1.521095818883157,23.568293376776257,0.020458407262564458,0.23974988750217377
torus_2.5/torus_2p5_q0_hm0p1_p0.txt,torus_2.5,2.5,torus,0,-0.1,0,0,C:\workspace\projects\SST-Workbench\KnotPlot\knots\final\torus_2.5_final.txt,85ccd2e3f0af33b09722bca6bfe808d797a6ecdf3cec9566638121b5c97d47e7,false,0.882662147701015,384,1.659708555991931,25.130617331916064,0.10923743094441743,0.21999036462287858
torus_2.5/torus_2p5_q0_hm0p05_p0.txt,torus_2.5,2.5,torus,0,-0.05,0,0,C:\workspace\projects\SST-Workbench\KnotPlot\knots\final\torus_2.5_final.txt,85ccd2e3f0af33b09722bca6bfe808d797a6ecdf3cec9566638121b5c97d47e7,true,0.9383769618405398,384,1.6035070654655146,24.558110878216073,0.05558056776522828,0.23387645037989654
torus_2.5/torus_2p5_q0_hm0p02_p0.txt,torus_2.5,2.5,torus,0,-0.02,0,0,C:\workspace\projects\SST-Workbench\KnotPlot\knots\final\torus_2.5_final.txt,85ccd2e3f0af33b09722bca6bfe808d797a6ecdf3cec9566638121b5c97d47e7,true,0.9746868385224792,384,1.5706546302482076,24.26726733070972,0.022432535315978514,0.24292614513737165
torus_2.5/torus_2p5_q0_h0_pm0p1.txt,torus_2.5,2.5,torus,0,0,-0.1,0,C:\workspace\projects\SST-Workbench\KnotPlot\knots\final\torus_2.5_final.txt,85ccd2e3f0af33b09722bca6bfe808d797a6ecdf3cec9566638121b5c97d47e7,true,0.8581255208428082,384,1.556867377028301,24.389709853620865,0.08549576369255413,0.21387497664208477
torus_2.5/torus_2p5_q0_h0_pm0p05.txt,torus_2.5,2.5,torus,0,0,-0.05,0,C:\workspace\projects\SST-Workbench\KnotPlot\knots\final\torus_2.5_final.txt,85ccd2e3f0af33b09722bca6bfe808d797a6ecdf3cec9566638121b5c97d47e7,true,0.9198177759618864,384,1.5510759744154745,24.16968776067492,0.043623356590462035,0.22925085033668305
torus_2.5/torus_2p5_q0_h0_pm0p02.txt,torus_2.5,2.5,torus,0,0,-0.02,0,C:\workspace\projects\SST-Workbench\KnotPlot\knots\final\torus_2.5_final.txt,85ccd2e3f0af33b09722bca6bfe808d797a6ecdf3cec9566638121b5c97d47e7,true,0.9662339913613872,384,1.5494504429908595,24.10826959542922,0.017555039638015947,0.24081939915997422
torus_2.5/torus_2p5_q0_h0_p0.txt,torus_2.5,2.5,torus,0.0,0.0,0.0,0,C:\workspace\projects\SST-Workbench\KnotPlot\knots\final\torus_2.5_final.txt,85ccd2e3f0af33b09722bca6bfe808d797a6ecdf3cec9566638121b5c97d47e7,true,1.0,384,1.5491405713205575,24.09658258032941,0.000449556119558896,0.24923507278052678
torus_2.5/torus_2p5_q0_h0_p0p02.txt,torus_2.5,2.5,torus,0,0,0.02,0,C:\workspace\projects\SST-Workbench\KnotPlot\knots\final\torus_2.5_final.txt,85ccd2e3f0af33b09722bca6bfe808d797a6ecdf3cec9566638121b5c97d47e7,true,0.9693508764051018,384,1.5494502939255461,24.108269495971676,0.017562211851913645,0.24159623623069296
torus_2.5/torus_2p5_q0_h0_p0p05.txt,torus_2.5,2.5,torus,0,0,0.05,0,C:\workspace\projects\SST-Workbench\KnotPlot\knots\final\torus_2.5_final.txt,85ccd2e3f0af33b09722bca6bfe808d797a6ecdf3cec9566638121b5c97d47e7,true,0.9253882357991968,384,1.5510756021427161,24.169675233352066,0.043642201764148875,0.2306392042996561
torus_2.5/torus_2p5_q0_h0_p0p1.txt,torus_2.5,2.5,torus,0,0,0.1,0,C:\workspace\projects\SST-Workbench\KnotPlot\knots\final\torus_2.5_final.txt,85ccd2e3f0af33b09722bca6bfe808d797a6ecdf3cec9566638121b5c97d47e7,true,0.8659999356579076,384,1.5568666352523366,24.38964996434024,0.08553164727122341,0.2158375569916301
torus_2.5/torus_2p5_q0_h0p02_p0.txt,torus_2.5,2.5,torus,0,0.02,0,0,C:\workspace\projects\SST-Workbench\KnotPlot\knots\final\torus_2.5_final.txt,85ccd2e3f0af33b09722bca6bfe808d797a6ecdf3cec9566638121b5c97d47e7,true,0.9655017373023506,384,1.5279518713331255,23.945336921185298,0.022228713367486136,0.2406368957662764
torus_2.5/torus_2p5_q0_h0p05_p0.txt,torus_2.5,2.5,torus,0,0.05,0,0,C:\workspace\projects\SST-Workbench\KnotPlot\knots\final\torus_2.5_final.txt,85ccd2e3f0af33b09722bca6bfe808d797a6ecdf3cec9566638121b5c97d47e7,true,0.9086106145614107,384,1.4968090369093485,23.75681222895968,0.055563774079361604,0.22645763264937235
torus_2.5/torus_2p5_q0_h0p1_p0.txt,torus_2.5,2.5,torus,0,0.1,0,0,C:\workspace\projects\SST-Workbench\KnotPlot\knots\final\torus_2.5_final.txt,85ccd2e3f0af33b09722bca6bfe808d797a6ecdf3cec9566638121b5c97d47e7,false,0.8195300040038428,384,1.4467333060326464,23.55328669487789,0.10953631736350719,0.20425562019372318
torus_2.5/torus_2p5_q0p02_h0_p0.txt,torus_2.5,2.5,torus,0.02,0,0,0,C:\workspace\projects\SST-Workbench\KnotPlot\knots\final\torus_2.5_final.txt,85ccd2e3f0af33b09722bca6bfe808d797a6ecdf3cec9566638121b5c97d47e7,true,0.9814171230626747,384,1.577295279396571,24.63089648471894,0.019853812883483146,0.24460356809458095
torus_2.5/torus_2p5_q0p05_h0_p0.txt,torus_2.5,2.5,torus,0.05,0,0,0,C:\workspace\projects\SST-Workbench\KnotPlot\knots\final\torus_2.5_final.txt,85ccd2e3f0af33b09722bca6bfe808d797a6ecdf3cec9566638121b5c97d47e7,true,0.9510089945669883,384,1.619720959367461,25.442945540012047,0.04774636313738243,0.23702479597583892
torus_2.5/torus_2p5_q0p1_h0_p0.txt,torus_2.5,2.5,torus,0.1,0,0,0,C:\workspace\projects\SST-Workbench\KnotPlot\knots\final\torus_2.5_final.txt,85ccd2e3f0af33b09722bca6bfe808d797a6ecdf3cec9566638121b5c97d47e7,true,0.898371008893141,384,1.6909034996905155,26.82222583397631,0.09018031524759183,0.22390556378539728
torus_2.6/torus_2p6_qm0p1_h0_p0.txt,torus_2.6,2.6,torus,-0.1,0,0,0,C:\workspace\projects\SST-Workbench\KnotPlot\knots\final\torus_2.6_final.txt,2b28b693246f143f0b2a3dfd9df3fb806180c4e253a5659367cb6cd17d5ea258,false,0.9546842824224642,384,1.5767615023488153,29.103339394729957,0.15218309815045145,0.02856940031848577
torus_2.6/torus_2p6_qm0p05_h0_p0.txt,torus_2.6,2.6,torus,-0.05,0,0,0,C:\workspace\projects\SST-Workbench\KnotPlot\knots\final\torus_2.6_final.txt,2b28b693246f143f0b2a3dfd9df3fb806180c4e253a5659367cb6cd17d5ea258,true,0.9769655710732941,384,1.6530802811546406,30.455496227773484,0.07870673491058168,0.029236178924562792
torus_2.6/torus_2p6_qm0p02_h0_p0.txt,torus_2.6,2.6,torus,-0.02,0,0,0,C:\workspace\projects\SST-Workbench\KnotPlot\knots\final\torus_2.6_final.txt,2b28b693246f143f0b2a3dfd9df3fb806180c4e253a5659367cb6cd17d5ea258,true,0.9906991752431739,384,1.6993401251324884,31.40759692067315,0.046043714219478137,0.029647163836086975
torus_2.6/torus_2p6_q0_hm0p1_p0.txt,torus_2.6,2.6,torus,0,-0.1,0,0,C:\workspace\projects\SST-Workbench\KnotPlot\knots\final\torus_2.6_final.txt,2b28b693246f143f0b2a3dfd9df3fb806180c4e253a5659367cb6cd17d5ea258,false,0.6954468603935817,384,1.8623456381671357,33.83302844127466,0.17042185339039342,0.020811591979290774
torus_2.6/torus_2p6_q0_hm0p05_p0.txt,torus_2.6,2.6,torus,0,-0.05,0,0,C:\workspace\projects\SST-Workbench\KnotPlot\knots\final\torus_2.6_final.txt,2b28b693246f143f0b2a3dfd9df3fb806180c4e253a5659367cb6cd17d5ea258,true,0.9668813000668297,384,1.7954808372856592,32.882157195335225,0.0821925805570956,0.028934402116660672
torus_2.6/torus_2p6_q0_hm0p02_p0.txt,torus_2.6,2.6,torus,0,-0.02,0,0,C:\workspace\projects\SST-Workbench\KnotPlot\knots\final\torus_2.6_final.txt,2b28b693246f143f0b2a3dfd9df3fb806180c4e253a5659367cb6cd17d5ea258,true,0.6925561635056958,384,1.756185531632501,32.39455826087973,0.032815037578207806,0.02072508644221431
torus_2.6/torus_2p6_q0_h0_pm0p1.txt,torus_2.6,2.6,torus,0,0,-0.1,0,C:\workspace\projects\SST-Workbench\KnotPlot\knots\final\torus_2.6_final.txt,2b28b693246f143f0b2a3dfd9df3fb806180c4e253a5659367cb6cd17d5ea258,false,0.7953760919795198,384,1.738257346488743,32.88741153654671,0.11273712956901238,0.023802023762092436
torus_2.6/torus_2p6_q0_h0_pm0p05.txt,torus_2.6,2.6,torus,0,0,-0.05,0,C:\workspace\projects\SST-Workbench\KnotPlot\knots\final\torus_2.6_final.txt,2b28b693246f143f0b2a3dfd9df3fb806180c4e253a5659367cb6cd17d5ea258,true,0.8358730193690986,384,1.732153358164,32.37200220165896,0.05257050857319723,0.025013914385582925
torus_2.6/torus_2p6_q0_h0_pm0p02.txt,torus_2.6,2.6,torus,0,0,-0.02,0,C:\workspace\projects\SST-Workbench\KnotPlot\knots\final\torus_2.6_final.txt,2b28b693246f143f0b2a3dfd9df3fb806180c4e253a5659367cb6cd17d5ea258,true,0.929755276248123,384,1.7305574785512146,32.18458570344775,0.02139311033191224,0.02782338745323825
torus_2.6/torus_2p6_q0_h0_p0.txt,torus_2.6,2.6,torus,0.0,0.0,0.0,0,C:\workspace\projects\SST-Workbench\KnotPlot\knots\final\torus_2.6_final.txt,2b28b693246f143f0b2a3dfd9df3fb806180c4e253a5659367cb6cd17d5ea258,true,1.0,384,1.7303578958538108,32.111571424065644,0.023280715727910312,0.029925495626671815
torus_2.6/torus_2p6_q0_h0_p0p02.txt,torus_2.6,2.6,torus,0,0,0.02,0,C:\workspace\projects\SST-Workbench\KnotPlot\knots\final\torus_2.6_final.txt,2b28b693246f143f0b2a3dfd9df3fb806180c4e253a5659367cb6cd17d5ea258,true,0.9381192685743257,384,1.7308501827115506,32.0825908462845,0.04258164161726021,0.028073684069017547
torus_2.6/torus_2p6_q0_h0_p0p05.txt,torus_2.6,2.6,torus,0,0,0.05,0,C:\workspace\projects\SST-Workbench\KnotPlot\knots\final\torus_2.6_final.txt,2b28b693246f143f0b2a3dfd9df3fb806180c4e253a5659367cb6cd17d5ea258,true,0.8402679472764206,384,1.732884351956731,32.161046661226706,0.05902088204485165,0.02514543478145303
torus_2.6/torus_2p6_q0_h0_p0p1.txt,torus_2.6,2.6,torus,0,0,0.1,0,C:\workspace\projects\SST-Workbench\KnotPlot\knots\final\torus_2.6_final.txt,2b28b693246f143f0b2a3dfd9df3fb806180c4e253a5659367cb6cd17d5ea258,true,0.793282439196879,384,1.7397138973800943,32.562313564959524,0.09320322132749988,0.023739370164901755
torus_2.6/torus_2p6_q0_h0p02_p0.txt,torus_2.6,2.6,torus,0,0.02,0,0,C:\workspace\projects\SST-Workbench\KnotPlot\knots\final\torus_2.6_final.txt,2b28b693246f143f0b2a3dfd9df3fb806180c4e253a5659367cb6cd17d5ea258,true,0.9908823806049136,384,1.704841332767283,31.87262435261047,0.04685418478688212,0.0296526463473385
torus_2.6/torus_2p6_q0_h0p05_p0.txt,torus_2.6,2.6,torus,0,0.05,0,0,C:\workspace\projects\SST-Workbench\KnotPlot\knots\final\torus_2.6_final.txt,2b28b693246f143f0b2a3dfd9df3fb806180c4e253a5659367cb6cd17d5ea258,true,0.9774052513657798,384,1.6671809464035394,31.63771201984685,0.08051063174439504,0.02924933657523271
torus_2.6/torus_2p6_q0_h0p1_p0.txt,torus_2.6,2.6,torus,0,0.1,0,0,C:\workspace\projects\SST-Workbench\KnotPlot\knots\final\torus_2.6_final.txt,2b28b693246f143f0b2a3dfd9df3fb806180c4e253a5659367cb6cd17d5ea258,false,0.9554997124588797,384,1.6061796344064805,31.562016698496848,0.1400647641443872,0.02859380246647438
torus_2.6/torus_2p6_q0p02_h0_p0.txt,torus_2.6,2.6,torus,0.02,0,0,0,C:\workspace\projects\SST-Workbench\KnotPlot\knots\final\torus_2.6_final.txt,2b28b693246f143f0b2a3dfd9df3fb806180c4e253a5659367cb6cd17d5ea258,true,0.6713509107805178,384,1.7615092014479183,32.84725916967501,0.030980593738244536,0.020090508744524525
torus_2.6/torus_2p6_q0p05_h0_p0.txt,torus_2.6,2.6,torus,0.05,0,0,0,C:\workspace\projects\SST-Workbench\KnotPlot\knots\final\torus_2.6_final.txt,2b28b693246f143f0b2a3dfd9df3fb806180c4e253a5659367cb6cd17d5ea258,true,1.0166565314358575,384,1.8084714348568682,33.98712048322393,0.07662801169805529,0.030423950585311093
torus_2.6/torus_2p6_q0p1_h0_p0.txt,torus_2.6,2.6,torus,0.1,0,0,0,C:\workspace\projects\SST-Workbench\KnotPlot\knots\final\torus_2.6_final.txt,2b28b693246f143f0b2a3dfd9df3fb806180c4e253a5659367cb6cd17d5ea258,false,0.7513218997462873,384,1.8873171076401551,35.952781320122234,0.15552667331959158,0.02248368022508028
torus_2.7/torus_2p7_qm0p1_h0_p0.txt,torus_2.7,2.7,torus,-0.1,0,0,0,C:\workspace\projects\SST-Workbench\KnotPlot\knots\final\torus_2.7_final.txt,50abd3d2c615fa1ca5387e9d7bedaa8590b35f295592d898a46692d969127620,false,0.7441005439591739,384,1.7313832346248725,28.669929798924528,0.15869911002787915,0.24609369594588149
torus_2.7/torus_2p7_qm0p05_h0_p0.txt,torus_2.7,2.7,torus,-0.05,0,0,0,C:\workspace\projects\SST-Workbench\KnotPlot\knots\final\torus_2.7_final.txt,50abd3d2c615fa1ca5387e9d7bedaa8590b35f295592d898a46692d969127620,true,0.8746958928460784,384,1.8139053881473337,30.309172334363737,0.07489815011716135,0.2892850258566462
torus_2.7/torus_2p7_qm0p02_h0_p0.txt,torus_2.7,2.7,torus,-0.02,0,0,0,C:\workspace\projects\SST-Workbench\KnotPlot\knots\final\torus_2.7_final.txt,50abd3d2c615fa1ca5387e9d7bedaa8590b35f295592d898a46692d969127620,true,0.9530531357063453,384,1.8639832725854668,31.349367303691366,0.02879247407414742,0.31519983489174097
torus_2.7/torus_2p7_q0_hm0p1_p0.txt,torus_2.7,2.7,torus,0,-0.1,0,0,C:\workspace\projects\SST-Workbench\KnotPlot\knots\final\torus_2.7_final.txt,50abd3d2c615fa1ca5387e9d7bedaa8590b35f295592d898a46692d969127620,false,0.8329463833014502,384,2.041366666287688,33.33981422457279,0.15082449619476082,0.27547736076195556
torus_2.7/torus_2p7_q0_hm0p05_p0.txt,torus_2.7,2.7,torus,0,-0.05,0,0,C:\workspace\projects\SST-Workbench\KnotPlot\knots\final\torus_2.7_final.txt,50abd3d2c615fa1ca5387e9d7bedaa8590b35f295592d898a46692d969127620,true,0.9138145415917398,384,1.9685013938768994,32.603980821553186,0.07642800374252495,0.3022225958240144
torus_2.7/torus_2p7_q0_hm0p02_p0.txt,torus_2.7,2.7,torus,0,-0.02,0,0,C:\workspace\projects\SST-Workbench\KnotPlot\knots\final\torus_2.7_final.txt,50abd3d2c615fa1ca5387e9d7bedaa8590b35f295592d898a46692d969127620,true,0.9649769616691501,384,1.9257028931526823,32.25506510034497,0.030751285495267212,0.3191433589555577
torus_2.7/torus_2p7_q0_h0_pm0p1.txt,torus_2.7,2.7,torus,0,0,-0.1,0,C:\workspace\projects\SST-Workbench\KnotPlot\knots\final\torus_2.7_final.txt,50abd3d2c615fa1ca5387e9d7bedaa8590b35f295592d898a46692d969127620,true,0.8760857632140091,384,1.9070542978730234,32.62477988442225,0.08555153779678713,0.28974469268326863
torus_2.7/torus_2p7_q0_h0_pm0p05.txt,torus_2.7,2.7,torus,0,0,-0.05,0,C:\workspace\projects\SST-Workbench\KnotPlot\knots\final\torus_2.7_final.txt,50abd3d2c615fa1ca5387e9d7bedaa8590b35f295592d898a46692d969127620,true,0.9252814714605637,384,1.899957065861869,32.20423214822178,0.04393038912786447,0.3060150122863869
torus_2.7/torus_2p7_q0_h0_pm0p02.txt,torus_2.7,2.7,torus,0,0,-0.02,0,C:\workspace\projects\SST-Workbench\KnotPlot\knots\final\torus_2.7_final.txt,50abd3d2c615fa1ca5387e9d7bedaa8590b35f295592d898a46692d969127620,true,0.968436044902235,384,1.897963982395548,32.08638355902751,0.017712605485832603,0.3202873691089234
torus_2.7/torus_2p7_q0_h0_p0.txt,torus_2.7,2.7,torus,0.0,0.0,0.0,0,C:\workspace\projects\SST-Workbench\KnotPlot\knots\final\torus_2.7_final.txt,50abd3d2c615fa1ca5387e9d7bedaa8590b35f295592d898a46692d969127620,true,1.0,384,1.897583125385685,32.063924038528285,0.0007536907602888539,0.3307264024247021
torus_2.7/torus_2p7_q0_h0_p0p02.txt,torus_2.7,2.7,torus,0,0,0.02,0,C:\workspace\projects\SST-Workbench\KnotPlot\knots\final\torus_2.7_final.txt,50abd3d2c615fa1ca5387e9d7bedaa8590b35f295592d898a46692d969127620,true,0.9699340359838815,384,1.8979612257350924,32.08633964099709,0.017764035126885173,0.32078279431022066
torus_2.7/torus_2p7_q0_h0_p0p05.txt,torus_2.7,2.7,torus,0,0,0.05,0,C:\workspace\projects\SST-Workbench\KnotPlot\knots\final\torus_2.7_final.txt,50abd3d2c615fa1ca5387e9d7bedaa8590b35f295592d898a46692d969127620,true,0.9294548557655373,384,1.8999501814327016,32.204057914074696,0.044027863939871854,0.30739526066350653
torus_2.7/torus_2p7_q0_h0_p0p1.txt,torus_2.7,2.7,torus,0,0,0.1,0,C:\workspace\projects\SST-Workbench\KnotPlot\knots\final\torus_2.7_final.txt,50abd3d2c615fa1ca5387e9d7bedaa8590b35f295592d898a46692d969127620,true,0.8813843661163014,384,1.9070405802319461,32.62399032599701,0.08581028130299374,0.29149708055902085
torus_2.7/torus_2p7_q0_h0p02_p0.txt,torus_2.7,2.7,torus,0,0.02,0,0,C:\workspace\projects\SST-Workbench\KnotPlot\knots\final\torus_2.7_final.txt,50abd3d2c615fa1ca5387e9d7bedaa8590b35f295592d898a46692d969127620,true,0.9568499701513127,384,1.8698108086580703,31.908046966223754,0.030219240441020888,0.3164555482883272
torus_2.7/torus_2p7_q0_h0p05_p0.txt,torus_2.7,2.7,torus,0,0.05,0,0,C:\workspace\projects\SST-Workbench\KnotPlot\knots\final\torus_2.7_final.txt,50abd3d2c615fa1ca5387e9d7bedaa8590b35f295592d898a46692d969127620,true,0.88634354493755,384,1.8288383762350724,31.745015911364018,0.0750971593859317,0.29313721192955317
torus_2.7/torus_2p7_q0_h0p1_p0.txt,torus_2.7,2.7,torus,0,0.1,0,0,C:\workspace\projects\SST-Workbench\KnotPlot\knots\final\torus_2.7_final.txt,50abd3d2c615fa1ca5387e9d7bedaa8590b35f295592d898a46692d969127620,false,0.7763072429006179,384,1.762521490257691,31.683195220497694,0.14602391382231256,0.2567453016207607
torus_2.7/torus_2p7_q0p02_h0_p0.txt,torus_2.7,2.7,torus,0.02,0,0,0,C:\workspace\projects\SST-Workbench\KnotPlot\knots\final\torus_2.7_final.txt,50abd3d2c615fa1ca5387e9d7bedaa8590b35f295592d898a46692d969127620,true,0.9714604654656945,384,1.9313442086776709,32.794213181423856,0.02794441588516162,0.3212876248412957
torus_2.7/torus_2p7_q0p05_h0_p0.txt,torus_2.7,2.7,torus,0.05,0,0,0,C:\workspace\projects\SST-Workbench\KnotPlot\knots\final\torus_2.7_final.txt,50abd3d2c615fa1ca5387e9d7bedaa8590b35f295592d898a46692d969127620,true,0.9236935976812317,384,1.982270109479485,33.91733148393943,0.06704220967067515,0.3054898605038439
torus_2.7/torus_2p7_q0p1_h0_p0.txt,torus_2.7,2.7,torus,0.1,0,0,0,C:\workspace\projects\SST-Workbench\KnotPlot\knots\final\torus_2.7_final.txt,50abd3d2c615fa1ca5387e9d7bedaa8590b35f295592d898a46692d969127620,false,0.8442427626256851,384,2.067842345226504,35.85733611262965,0.12605755788401243,0.27921337165628457
torus_2.8/torus_2p8_qm0p1_h0_p0.txt,torus_2.8,2.8,torus,-0.1,0,0,0,C:\workspace\projects\SST-Workbench\KnotPlot\knots\final\torus_2.8_final.txt,ba1a7e1ff2b26f17f8a91bdc5de3cdc63a57a43ec3da5382a8a3e54907395a68,false,0.8941164696711359,384,1.9134922867304456,35.88798995291967,0.18140431128506385,0.01696757343016023
torus_2.8/torus_2p8_qm0p05_h0_p0.txt,torus_2.8,2.8,torus,-0.05,0,0,0,C:\workspace\projects\SST-Workbench\KnotPlot\knots\final\torus_2.8_final.txt,ba1a7e1ff2b26f17f8a91bdc5de3cdc63a57a43ec3da5382a8a3e54907395a68,true,0.9469934243702078,384,2.0047488601050687,37.64076658300482,0.09057469161649152,0.017971014975029384
torus_2.8/torus_2p8_qm0p02_h0_p0.txt,torus_2.8,2.8,torus,-0.02,0,0,0,C:\workspace\projects\SST-Workbench\KnotPlot\knots\final\torus_2.8_final.txt,ba1a7e1ff2b26f17f8a91bdc5de3cdc63a57a43ec3da5382a8a3e54907395a68,true,0.9787831618656894,384,2.060124236886472,38.86889331253401,0.038131868364669946,0.01857428616348931
torus_2.8/torus_2p8_q0_hm0p1_p0.txt,torus_2.8,2.8,torus,0,-0.1,0,0,C:\workspace\projects\SST-Workbench\KnotPlot\knots\final\torus_2.8_final.txt,ba1a7e1ff2b26f17f8a91bdc5de3cdc63a57a43ec3da5382a8a3e54907395a68,false,1.1048080962280102,384,2.2635001588776604,41.6783263902056,0.1869310797959787,0.02096585079780401
torus_2.8/torus_2p8_q0_hm0p05_p0.txt,torus_2.8,2.8,torus,0,-0.05,0,0,C:\workspace\projects\SST-Workbench\KnotPlot\knots\final\torus_2.8_final.txt,ba1a7e1ff2b26f17f8a91bdc5de3cdc63a57a43ec3da5382a8a3e54907395a68,true,1.052388535180995,384,2.1794513020708144,40.57526134595709,0.09312599858805166,0.019971089173997734
torus_2.8/torus_2p8_q0_hm0p02_p0.txt,torus_2.8,2.8,torus,0,-0.02,0,0,C:\workspace\projects\SST-Workbench\KnotPlot\knots\final\torus_2.8_final.txt,ba1a7e1ff2b26f17f8a91bdc5de3cdc63a57a43ec3da5382a8a3e54907395a68,true,0.8921727231485533,384,2.129907940242295,40.04223995584111,0.036251506457727956,0.016930687115043287
torus_2.8/torus_2p8_q0_h0_pm0p1.txt,torus_2.8,2.8,torus,0,0,-0.1,0,C:\workspace\projects\SST-Workbench\KnotPlot\knots\final\torus_2.8_final.txt,ba1a7e1ff2b26f17f8a91bdc5de3cdc63a57a43ec3da5382a8a3e54907395a68,false,0.5782559285533091,384,2.1072980843953997,40.873646459427846,0.11182933747576922,0.01097351437085434
torus_2.8/torus_2p8_q0_h0_pm0p05.txt,torus_2.8,2.8,torus,0,0,-0.05,0,C:\workspace\projects\SST-Workbench\KnotPlot\knots\final\torus_2.8_final.txt,ba1a7e1ff2b26f17f8a91bdc5de3cdc63a57a43ec3da5382a8a3e54907395a68,true,0.7984906489027578,384,2.0996774816550055,40.10081108798987,0.05669637212425788,0.015152890230885776
torus_2.8/torus_2p8_q0_h0_pm0p02.txt,torus_2.8,2.8,torus,0,0,-0.02,0,C:\workspace\projects\SST-Workbench\KnotPlot\knots\final\torus_2.8_final.txt,ba1a7e1ff2b26f17f8a91bdc5de3cdc63a57a43ec3da5382a8a3e54907395a68,true,0.955007037799879,384,2.0976089233967556,39.83871023416077,0.0222626855120833,0.018123088646548796
torus_2.8/torus_2p8_q0_h0_p0.txt,torus_2.8,2.8,torus,0.0,0.0,0.0,0,C:\workspace\projects\SST-Workbench\KnotPlot\knots\final\torus_2.8_final.txt,ba1a7e1ff2b26f17f8a91bdc5de3cdc63a57a43ec3da5382a8a3e54907395a68,true,1.0000000000000036,384,2.0972773442773027,39.74866213887868,0.007260517414750561,0.018976916325454913
torus_2.8/torus_2p8_q0_h0_p0p02.txt,torus_2.8,2.8,torus,0,0,0.02,0,C:\workspace\projects\SST-Workbench\KnotPlot\knots\final\torus_2.8_final.txt,ba1a7e1ff2b26f17f8a91bdc5de3cdc63a57a43ec3da5382a8a3e54907395a68,true,0.9686396137145689,384,2.0977843429543377,39.72649776403364,0.02746657109076858,0.018381792898982275
torus_2.8/torus_2p8_q0_h0_p0p05.txt,torus_2.8,2.8,torus,0,0,0.05,0,C:\workspace\projects\SST-Workbench\KnotPlot\knots\final\torus_2.8_final.txt,ba1a7e1ff2b26f17f8a91bdc5de3cdc63a57a43ec3da5382a8a3e54907395a68,true,0.8333880094794462,384,2.10011557111645,39.82071214563719,0.06275380472734671,0.01581513452252882
torus_2.8/torus_2p8_q0_h0_p0p1.txt,torus_2.8,2.8,torus,0,0,0.1,0,C:\workspace\projects\SST-Workbench\KnotPlot\knots\final\torus_2.8_final.txt,ba1a7e1ff2b26f17f8a91bdc5de3cdc63a57a43ec3da5382a8a3e54907395a68,false,0.6279480616481662,384,2.1081710050775904,40.37367954913554,0.10765874013392415,0.01191651782262881
torus_2.8/torus_2p8_q0_h0p02_p0.txt,torus_2.8,2.8,torus,0,0.02,0,0,C:\workspace\projects\SST-Workbench\KnotPlot\knots\final\torus_2.8_final.txt,ba1a7e1ff2b26f17f8a91bdc5de3cdc63a57a43ec3da5382a8a3e54907395a68,true,0.9790543889060783,384,2.0649830428428246,39.511831697053964,0.03966197106827044,0.018579433216339973
torus_2.8/torus_2p8_q0_h0p05_p0.txt,torus_2.8,2.8,torus,0,0.05,0,0,C:\workspace\projects\SST-Workbench\KnotPlot\knots\final\torus_2.8_final.txt,ba1a7e1ff2b26f17f8a91bdc5de3cdc63a57a43ec3da5382a8a3e54907395a68,true,0.9476476362813689,384,2.017207428947568,39.28256267820061,0.09140125008934308,0.017983429899726604
torus_2.8/torus_2p8_q0_h0p1_p0.txt,torus_2.8,2.8,torus,0,0.1,0,0,C:\workspace\projects\SST-Workbench\KnotPlot\knots\final\torus_2.8_final.txt,ba1a7e1ff2b26f17f8a91bdc5de3cdc63a57a43ec3da5382a8a3e54907395a68,false,0.8953377891217523,384,1.9395021618563293,39.31528616066025,0.16650661415465717,0.016990750307181227
torus_2.8/torus_2p8_q0p02_h0_p0.txt,torus_2.8,2.8,torus,0.02,0,0,0,C:\workspace\projects\SST-Workbench\KnotPlot\knots\final\torus_2.8_final.txt,ba1a7e1ff2b26f17f8a91bdc5de3cdc63a57a43ec3da5382a8a3e54907395a68,true,0.9252305792446011,384,2.1346079001053897,40.666597465155036,0.0336639441909666,0.01755802328407691
torus_2.8/torus_2p8_q0p05_h0_p0.txt,torus_2.8,2.8,torus,0.05,0,0,0,C:\workspace\projects\SST-Workbench\KnotPlot\knots\final\torus_2.8_final.txt,ba1a7e1ff2b26f17f8a91bdc5de3cdc63a57a43ec3da5382a8a3e54907395a68,true,1.0531166240906438,384,2.190916596211676,42.10107649460909,0.08430154535953883,0.01998490605631363
torus_2.8/torus_2p8_q0p1_h0_p0.txt,torus_2.8,2.8,torus,0.1,0,0,0,C:\workspace\projects\SST-Workbench\KnotPlot\knots\final\torus_2.8_final.txt,ba1a7e1ff2b26f17f8a91bdc5de3cdc63a57a43ec3da5382a8a3e54907395a68,false,1.106327445925712,384,2.2855300939395393,44.615581779992844,0.16328849315955307,0.020994683369886403
torus_2.9/torus_2p9_qm0p1_h0_p0.txt,torus_2.9,2.9,torus,-0.1,0,0,0,C:\workspace\projects\SST-Workbench\KnotPlot\knots\final\torus_2.9_final.txt,d5de6920f0885d8db8a98a00f60f25b99008882d816d183c7322c8416246948c,false,0.6955143522174411,384,2.0741533123244507,36.04717977093204,0.20372433753715022,0.28732890105394643
torus_2.9/torus_2p9_qm0p05_h0_p0.txt,torus_2.9,2.9,torus,-0.05,0,0,0,C:\workspace\projects\SST-Workbench\KnotPlot\knots\final\torus_2.9_final.txt,d5de6920f0885d8db8a98a00f60f25b99008882d816d183c7322c8416246948c,true,0.8506832800942349,384,2.1712022725591607,37.997209312139724,0.0965738248759993,0.3514318449866111
torus_2.9/torus_2p9_qm0p02_h0_p0.txt,torus_2.9,2.9,torus,-0.02,0,0,0,C:\workspace\projects\SST-Workbench\KnotPlot\knots\final\torus_2.9_final.txt,d5de6920f0885d8db8a98a00f60f25b99008882d816d183c7322c8416246948c,true,0.9437846369568907,384,2.230176728909995,39.285260798240515,0.03716808330666135,0.38989361140263334
torus_2.9/torus_2p9_q0_hm0p1_p0.txt,torus_2.9,2.9,torus,0,-0.1,0,0,C:\workspace\projects\SST-Workbench\KnotPlot\knots\final\torus_2.9_final.txt,d5de6920f0885d8db8a98a00f60f25b99008882d816d183c7322c8416246948c,false,0.7833197420609684,384,2.447902364122772,41.77949435381747,0.19140125715987627,0.3236028127135963
torus_2.9/torus_2p9_q0_hm0p05_p0.txt,torus_2.9,2.9,torus,0,-0.05,0,0,C:\workspace\projects\SST-Workbench\KnotPlot\knots\final\torus_2.9_final.txt,d5de6920f0885d8db8a98a00f60f25b99008882d816d183c7322c8416246948c,true,0.8890659514701869,384,2.3577905587629555,40.825231961163,0.09689174655397559,0.36728838446822804
torus_2.9/torus_2p9_q0_hm0p02_p0.txt,torus_2.9,2.9,torus,0,-0.02,0,0,C:\workspace\projects\SST-Workbench\KnotPlot\knots\final\torus_2.9_final.txt,d5de6920f0885d8db8a98a00f60f25b99008882d816d183c7322c8416246948c,true,0.9553306420359093,384,2.3047149599076127,40.40188865553028,0.03892771732927884,0.3946634640165166
torus_2.9/torus_2p9_q0_h0_pm0p1.txt,torus_2.9,2.9,torus,0,0,-0.1,0,C:\workspace\projects\SST-Workbench\KnotPlot\knots\final\torus_2.9_final.txt,d5de6920f0885d8db8a98a00f60f25b99008882d816d183c7322c8416246948c,true,0.8951721083008432,384,2.2810971458461187,41.16337487909267,0.08497030927616636,0.36981094252360375
torus_2.9/torus_2p9_q0_h0_pm0p05.txt,torus_2.9,2.9,torus,0,0,-0.05,0,C:\workspace\projects\SST-Workbench\KnotPlot\knots\final\torus_2.9_final.txt,d5de6920f0885d8db8a98a00f60f25b99008882d816d183c7322c8416246948c,true,0.9315033691147,384,2.272612026169905,40.432732388315536,0.04383607345021985,0.3848200091377837
torus_2.9/torus_2p9_q0_h0_pm0p02.txt,torus_2.9,2.9,torus,0,0,-0.02,0,C:\workspace\projects\SST-Workbench\KnotPlot\knots\final\torus_2.9_final.txt,d5de6920f0885d8db8a98a00f60f25b99008882d816d183c7322c8416246948c,true,0.9704365244748583,384,2.270230536196938,40.22685474481512,0.017729203879190553,0.4009039629893924
torus_2.9/torus_2p9_q0_h0_p0.txt,torus_2.9,2.9,torus,0.0,0.0,0.0,0,C:\workspace\projects\SST-Workbench\KnotPlot\knots\final\torus_2.9_final.txt,d5de6920f0885d8db8a98a00f60f25b99008882d816d183c7322c8416246948c,true,1.0,384,2.2697766595253848,40.1875817427838,0.001156633997542081,0.41311714149087436
torus_2.9/torus_2p9_q0_h0_p0p02.txt,torus_2.9,2.9,torus,0,0,0.02,0,C:\workspace\projects\SST-Workbench\KnotPlot\knots\final\torus_2.9_final.txt,d5de6920f0885d8db8a98a00f60f25b99008882d816d183c7322c8416246948c,true,0.9725771879366721,384,2.2702306027274166,40.22684988605731,0.017733066848507447,0.40178830775963087
torus_2.9/torus_2p9_q0_h0_p0p05.txt,torus_2.9,2.9,torus,0,0,0.05,0,C:\workspace\projects\SST-Workbench\KnotPlot\knots\final\torus_2.9_final.txt,d5de6920f0885d8db8a98a00f60f25b99008882d816d183c7322c8416246948c,true,0.9348608284056906,384,2.2726121923218034,40.432684875102005,0.043859971644344665,0.38620703312274973
torus_2.9/torus_2p9_q0_h0_p0p1.txt,torus_2.9,2.9,torus,0,0,0.1,0,C:\workspace\projects\SST-Workbench\KnotPlot\knots\final\torus_2.9_final.txt,d5de6920f0885d8db8a98a00f60f25b99008882d816d183c7322c8416246948c,true,0.8943319669241037,384,2.2810974769138155,41.163042554298556,0.08506301851594679,0.3694638657195969
torus_2.9/torus_2p9_q0_h0p02_p0.txt,torus_2.9,2.9,torus,0,0.02,0,0,C:\workspace\projects\SST-Workbench\KnotPlot\knots\final\torus_2.9_final.txt,d5de6920f0885d8db8a98a00f60f25b99008882d816d183c7322c8416246948c,true,0.9477460682037803,384,2.235214224788707,40.031889724375134,0.038057930131332234,0.39153014655556095
torus_2.9/torus_2p9_q0_h0p05_p0.txt,torus_2.9,2.9,torus,0,0.05,0,0,C:\workspace\projects\SST-Workbench\KnotPlot\knots\final\torus_2.9_final.txt,d5de6920f0885d8db8a98a00f60f25b99008882d816d183c7322c8416246948c,true,0.8630232987380272,384,2.184114300965338,39.917956254196675,0.09413881503923564,0.3565297182146787
torus_2.9/torus_2p9_q0_h0p1_p0.txt,torus_2.9,2.9,torus,0,0.1,0,0,C:\workspace\projects\SST-Workbench\KnotPlot\knots\final\torus_2.9_final.txt,d5de6920f0885d8db8a98a00f60f25b99008882d816d183c7322c8416246948c,false,0.7308091769969602,384,2.101091122644853,40.0916453919008,0.1808458298084609,0.30190979817628266
torus_2.9/torus_2p9_q0p02_h0_p0.txt,torus_2.9,2.9,torus,0.02,0,0,0,C:\workspace\projects\SST-Workbench\KnotPlot\knots\final\torus_2.9_final.txt,d5de6920f0885d8db8a98a00f60f25b99008882d816d183c7322c8416246948c,true,0.9597397310869936,384,2.3095898845786533,41.12237017323319,0.03601335789902697,0.39648493428187925
torus_2.9/torus_2p9_q0p05_h0_p0.txt,torus_2.9,2.9,torus,0.05,0,0,0,C:\workspace\projects\SST-Workbench\KnotPlot\knots\final\torus_2.9_final.txt,d5de6920f0885d8db8a98a00f60f25b99008882d816d183c7322c8416246948c,true,0.8955586021217259,384,2.3696861164101337,42.58171123215862,0.08628100456499681,0.3699706097460907
torus_2.9/torus_2p9_q0p1_h0_p0.txt,torus_2.9,2.9,torus,0.1,0,0,0,C:\workspace\projects\SST-Workbench\KnotPlot\knots\final\torus_2.9_final.txt,d5de6920f0885d8db8a98a00f60f25b99008882d816d183c7322c8416246948c,false,0.7886717963129549,384,2.470768691502353,45.15532020925884,0.161557816083443,0.32581383806728104
torus_3.3/torus_3p3_qm0p1_h0_p0.txt,torus_3.3,3.3,torus,-0.1,0,0,0,C:\workspace\projects\SST-Workbench\KnotPlot\knots\final\torus_3.3_final.txt,61b9e1f84f79883b7e94d69db26ebeb5b005dea9c4612fe6f77b3709636c1e47,false,0.4019686397186853,384,1.2228758257751378,30.745606429829074,0.1061250503115057,0.01778545636001641
torus_3.3/torus_3p3_qm0p05_h0_p0.txt,torus_3.3,3.3,torus,-0.05,0,0,0,C:\workspace\projects\SST-Workbench\KnotPlot\knots\final\torus_3.3_final.txt,61b9e1f84f79883b7e94d69db26ebeb5b005dea9c4612fe6f77b3709636c1e47,true,0.6183720627311954,384,1.2840685233164506,32.20507546402809,0.07484305745989496,0.02736041633410978
torus_3.3/torus_3p3_qm0p02_h0_p0.txt,torus_3.3,3.3,torus,-0.02,0,0,0,C:\workspace\projects\SST-Workbench\KnotPlot\knots\final\torus_3.3_final.txt,61b9e1f84f79883b7e94d69db26ebeb5b005dea9c4612fe6f77b3709636c1e47,true,0.6157218641419563,384,1.3210689207110733,33.25667129497152,0.03410544297780888,0.027243155964277753
torus_3.3/torus_3p3_q0_hm0p1_p0.txt,torus_3.3,3.3,torus,0,-0.1,0,0,C:\workspace\projects\SST-Workbench\KnotPlot\knots\final\torus_3.3_final.txt,61b9e1f84f79883b7e94d69db26ebeb5b005dea9c4612fe6f77b3709636c1e47,false,1.722513486022846,384,1.4178324415587893,36.16684172233852,0.1345947615290564,0.07621412570055022
torus_3.3/torus_3p3_q0_hm0p05_p0.txt,torus_3.3,3.3,torus,0,-0.05,0,0,C:\workspace\projects\SST-Workbench\KnotPlot\knots\final\torus_3.3_final.txt,61b9e1f84f79883b7e94d69db26ebeb5b005dea9c4612fe6f77b3709636c1e47,false,0.3829527968659704,384,1.3806678623586208,35.031451404951085,0.06689180770987845,0.016944083651333014
torus_3.3/torus_3p3_q0_hm0p02_p0.txt,torus_3.3,3.3,torus,0,-0.02,0,0,C:\workspace\projects\SST-Workbench\KnotPlot\knots\final\torus_3.3_final.txt,61b9e1f84f79883b7e94d69db26ebeb5b005dea9c4612fe6f77b3709636c1e47,false,0.4666815911150142,384,1.3594807106796232,34.39258834088696,0.025444069277689066,0.020648737868227487
torus_3.3/torus_3p3_q0_h0_pm0p1.txt,torus_3.3,3.3,torus,0,0,-0.1,0,C:\workspace\projects\SST-Workbench\KnotPlot\knots\final\torus_3.3_final.txt,61b9e1f84f79883b7e94d69db26ebeb5b005dea9c4612fe6f77b3709636c1e47,false,0.3897002045893463,384,1.352532132837691,35.273277817373156,0.18817527650255025,0.017242628646513047
torus_3.3/torus_3p3_q0_h0_pm0p05.txt,torus_3.3,3.3,torus,0,0,-0.05,0,C:\workspace\projects\SST-Workbench\KnotPlot\knots\final\torus_3.3_final.txt,61b9e1f84f79883b7e94d69db26ebeb5b005dea9c4612fe6f77b3709636c1e47,false,0.30917836347865857,384,1.3475188873982,34.37266889925945,0.0769256828697975,0.013679868894646414
torus_3.3/torus_3p3_q0_h0_pm0p02.txt,torus_3.3,3.3,torus,0,0,-0.02,0,C:\workspace\projects\SST-Workbench\KnotPlot\knots\final\torus_3.3_final.txt,61b9e1f84f79883b7e94d69db26ebeb5b005dea9c4612fe6f77b3709636c1e47,false,0.3766421157533248,384,1.3461118310987825,34.050364397172906,0.030852432799101718,0.016664862009541537
torus_3.3/torus_3p3_q0_h0_p0.txt,torus_3.3,3.3,torus,0.0,0.0,0.0,0,C:\workspace\projects\SST-Workbench\KnotPlot\knots\final\torus_3.3_final.txt,61b9e1f84f79883b7e94d69db26ebeb5b005dea9c4612fe6f77b3709636c1e47,true,1.0,384,1.3458436519633397,33.98748643592488,0.0071925882224626305,0.044245880406151655
torus_3.3/torus_3p3_q0_h0_p0p02.txt,torus_3.3,3.3,torus,0,0,0.02,0,C:\workspace\projects\SST-Workbench\KnotPlot\knots\final\torus_3.3_final.txt,61b9e1f84f79883b7e94d69db26ebeb5b005dea9c4612fe6f77b3709636c1e47,true,1.045221487674526,384,1.346111826547749,34.0462365536,0.03456752077367794,0.046246744941586995
torus_3.3/torus_3p3_q0_h0_p0p05.txt,torus_3.3,3.3,torus,0,0,0.05,0,C:\workspace\projects\SST-Workbench\KnotPlot\knots\final\torus_3.3_final.txt,61b9e1f84f79883b7e94d69db26ebeb5b005dea9c4612fe6f77b3709636c1e47,true,0.9573936227964043,384,1.347518876032496,34.33895476869735,0.08885112433875156,0.04236072373586197
torus_3.3/torus_3p3_q0_h0_p0p1.txt,torus_3.3,3.3,torus,0,0,0.1,0,C:\workspace\projects\SST-Workbench\KnotPlot\knots\final\torus_3.3_final.txt,61b9e1f84f79883b7e94d69db26ebeb5b005dea9c4612fe6f77b3709636c1e47,false,1.11787051700683,384,1.3525321101905385,35.204150365752675,0.19869996604361292,0.04946116520504711
torus_3.3/torus_3p3_q0_h0p02_p0.txt,torus_3.3,3.3,torus,0,0.02,0,0,C:\workspace\projects\SST-Workbench\KnotPlot\knots\final\torus_3.3_final.txt,61b9e1f84f79883b7e94d69db26ebeb5b005dea9c4612fe6f77b3709636c1e47,true,0.7065398960784067,384,1.3326107850534386,33.60252214609709,0.031521127094101015,0.03126147974406
torus_3.3/torus_3p3_q0_h0p05_p0.txt,torus_3.3,3.3,torus,0,0.05,0,0,C:\workspace\projects\SST-Workbench\KnotPlot\knots\final\torus_3.3_final.txt,61b9e1f84f79883b7e94d69db26ebeb5b005dea9c4612fe6f77b3709636c1e47,false,0.44057319231265873,384,1.3135459643563467,33.07601303175432,0.0693376907648352,0.019493548777222352
torus_3.3/torus_3p3_q0_h0p1_p0.txt,torus_3.3,3.3,torus,0,0.1,0,0,C:\workspace\projects\SST-Workbench\KnotPlot\knots\final\torus_3.3_final.txt,61b9e1f84f79883b7e94d69db26ebeb5b005dea9c4612fe6f77b3709636c1e47,false,0.5006039476290574,384,1.2839654749993872,32.44287440933308,0.10842571145528009,0.02214966239764268
torus_3.3/torus_3p3_q0p02_h0_p0.txt,torus_3.3,3.3,torus,0.02,0,0,0,C:\workspace\projects\SST-Workbench\KnotPlot\knots\final\torus_3.3_final.txt,61b9e1f84f79883b7e94d69db26ebeb5b005dea9c4612fe6f77b3709636c1e47,false,0.38640033189872414,384,1.3706991697288973,34.73087036122938,0.027663480031802735,0.017096622874088255
torus_3.3/torus_3p3_q0p05_h0_p0.txt,torus_3.3,3.3,torus,0.05,0,0,0,C:\workspace\projects\SST-Workbench\KnotPlot\knots\final\torus_3.3_final.txt,61b9e1f84f79883b7e94d69db26ebeb5b005dea9c4612fe6f77b3709636c1e47,true,0.6030906642442428,384,1.4081245591704634,35.86038878666161,0.07201112898338322,0.02668427740421733
torus_3.3/torus_3p3_q0p1_h0_p0.txt,torus_3.3,3.3,torus,0.1,0,0,0,C:\workspace\projects\SST-Workbench\KnotPlot\knots\final\torus_3.3_final.txt,61b9e1f84f79883b7e94d69db26ebeb5b005dea9c4612fe6f77b3709636c1e47,false,1.758791239706047,384,1.470846996937162,37.76599030181488,0.14256237153080437,0.07781926685142096
torus_3.6/torus_3p6_qm0p1_h0_p0.txt,torus_3.6,3.6,torus,-0.1,0,0,0,C:\workspace\projects\SST-Workbench\KnotPlot\knots\final\torus_3.6_final.txt,0254682e358105a5376bdea998483dee24401bebfd1c622ccb9f2c12466116b2,false,0.4833695937907426,384,1.68990049893473,45.65485589216969,0.11829798932329842,0.019512606030316345
torus_3.6/torus_3p6_qm0p05_h0_p0.txt,torus_3.6,3.6,torus,-0.05,0,0,0,C:\workspace\projects\SST-Workbench\KnotPlot\knots\final\torus_3.6_final.txt,0254682e358105a5376bdea998483dee24401bebfd1c622ccb9f2c12466116b2,false,0.4489489974964204,384,1.774542090295341,47.84223493370036,0.06392952761572558,0.018123119510172432
torus_3.6/torus_3p6_qm0p02_h0_p0.txt,torus_3.6,3.6,torus,-0.02,0,0,0,C:\workspace\projects\SST-Workbench\KnotPlot\knots\final\torus_3.6_final.txt,0254682e358105a5376bdea998483dee24401bebfd1c622ccb9f2c12466116b2,true,0.7950173819236656,384,1.8257169232443764,49.35114641595594,0.03340280833102316,0.032093166719638064
torus_3.6/torus_3p6_q0_hm0p1_p0.txt,torus_3.6,3.6,torus,0,-0.1,0,0,C:\workspace\projects\SST-Workbench\KnotPlot\knots\final\torus_3.6_final.txt,0254682e358105a5376bdea998483dee24401bebfd1c622ccb9f2c12466116b2,false,0.9241346188474131,384,1.988916156265703,52.96654175712666,0.15199324388684302,0.037305355918503535
torus_3.6/torus_3p6_q0_hm0p05_p0.txt,torus_3.6,3.6,torus,0,-0.05,0,0,C:\workspace\projects\SST-Workbench\KnotPlot\knots\final\torus_3.6_final.txt,0254682e358105a5376bdea998483dee24401bebfd1c622ccb9f2c12466116b2,false,0.3471986448557732,384,1.9232813696497506,51.575624979602914,0.07428581478812059,0.014015673427450437
torus_3.6/torus_3p6_q0_hm0p02_p0.txt,torus_3.6,3.6,torus,0,-0.02,0,0,C:\workspace\projects\SST-Workbench\KnotPlot\knots\final\torus_3.6_final.txt,0254682e358105a5376bdea998483dee24401bebfd1c622ccb9f2c12466116b2,false,0.5798418751715839,384,1.8850057962802251,50.85582771091258,0.028385706535113416,0.02340698756281528
torus_3.6/torus_3p6_q0_h0_pm0p1.txt,torus_3.6,3.6,torus,0,0,-0.1,0,C:\workspace\projects\SST-Workbench\KnotPlot\knots\final\torus_3.6_final.txt,0254682e358105a5376bdea998483dee24401bebfd1c622ccb9f2c12466116b2,false,0.8961427811747739,384,1.867358366505146,51.88153630699149,0.11606753123412548,0.03617538475857321
torus_3.6/torus_3p6_q0_h0_pm0p05.txt,torus_3.6,3.6,torus,0,0,-0.05,0,C:\workspace\projects\SST-Workbench\KnotPlot\knots\final\torus_3.6_final.txt,0254682e358105a5376bdea998483dee24401bebfd1c622ccb9f2c12466116b2,true,0.625902748222579,384,1.8613518178512467,50.88255184372066,0.052756144141709725,0.02526636738480212
torus_3.6/torus_3p6_q0_h0_pm0p02.txt,torus_3.6,3.6,torus,0,0,-0.02,0,C:\workspace\projects\SST-Workbench\KnotPlot\knots\final\torus_3.6_final.txt,0254682e358105a5376bdea998483dee24401bebfd1c622ccb9f2c12466116b2,true,0.7769149810071232,384,1.8599716312994257,50.54040069723617,0.018919620191700574,0.03136241116152109
torus_3.6/torus_3p6_q0_h0_p0.txt,torus_3.6,3.6,torus,0.0,0.0,0.0,0,C:\workspace\projects\SST-Workbench\KnotPlot\knots\final\torus_3.6_final.txt,0254682e358105a5376bdea998483dee24401bebfd1c622ccb9f2c12466116b2,true,1.000000000000001,384,1.859981050547429,50.43205551257505,0.012117968449851666,0.04036788056379824
torus_3.6/torus_3p6_q0_h0_p0p02.txt,torus_3.6,3.6,torus,0,0,0.02,0,C:\workspace\projects\SST-Workbench\KnotPlot\knots\final\torus_3.6_final.txt,0254682e358105a5376bdea998483dee24401bebfd1c622ccb9f2c12466116b2,true,1.1594809096847267,384,1.8607342215337874,50.426101690695916,0.02922542820374245,0.046805786878157125
torus_3.6/torus_3p6_q0_h0_p0p05.txt,torus_3.6,3.6,torus,0,0,0.05,0,C:\workspace\projects\SST-Workbench\KnotPlot\knots\final\torus_3.6_final.txt,0254682e358105a5376bdea998483dee24401bebfd1c622ccb9f2c12466116b2,true,1.0743295152247267,384,1.8632562960282464,50.627727701998054,0.05360776062632563,0.04336840555675498
torus_3.6/torus_3p6_q0_h0_p0p1.txt,torus_3.6,3.6,torus,0,0,0.1,0,C:\workspace\projects\SST-Workbench\KnotPlot\knots\final\torus_3.6_final.txt,0254682e358105a5376bdea998483dee24401bebfd1c622ccb9f2c12466116b2,true,1.151113163593542,384,1.871153157466883,51.48964901065541,0.09779834443805199,0.04646799870335999
torus_3.6/torus_3p6_q0_h0p02_p0.txt,torus_3.6,3.6,torus,0,0.02,0,0,C:\workspace\projects\SST-Workbench\KnotPlot\knots\final\torus_3.6_final.txt,0254682e358105a5376bdea998483dee24401bebfd1c622ccb9f2c12466116b2,true,0.809248951761788,384,1.8353689791972756,50.064014262950465,0.034941426722781915,0.03266766503109874
torus_3.6/torus_3p6_q0_h0p05_p0.txt,torus_3.6,3.6,torus,0,0.05,0,0,C:\workspace\projects\SST-Workbench\KnotPlot\knots\final\torus_3.6_final.txt,0254682e358105a5376bdea998483dee24401bebfd1c622ccb9f2c12466116b2,false,0.4870839414330624,384,1.7992616044688525,49.653304962855195,0.0695903407593227,0.019662546372313936
torus_3.6/torus_3p6_q0_h0p1_p0.txt,torus_3.6,3.6,torus,0,0.1,0,0,C:\workspace\projects\SST-Workbench\KnotPlot\knots\final\torus_3.6_final.txt,0254682e358105a5376bdea998483dee24401bebfd1c622ccb9f2c12466116b2,false,0.755261883724304,384,1.7413930244498956,49.39489398836392,0.12103536848448376,0.030488321516571944
torus_3.6/torus_3p6_q0p02_h0_p0.txt,torus_3.6,3.6,torus,0.02,0,0,0,C:\workspace\projects\SST-Workbench\KnotPlot\knots\final\torus_3.6_final.txt,0254682e358105a5376bdea998483dee24401bebfd1c622ccb9f2c12466116b2,false,0.5222223790077638,384,1.8943557649100289,51.54831323369599,0.02590361579130014,0.021081010623527963
torus_3.6/torus_3p6_q0p05_h0_p0.txt,torus_3.6,3.6,torus,0.05,0,0,0,C:\workspace\projects\SST-Workbench\KnotPlot\knots\final\torus_3.6_final.txt,0254682e358105a5376bdea998483dee24401bebfd1c622ccb9f2c12466116b2,false,0.3690386287605125,384,1.9461123633534445,53.263444165132356,0.06804546723254762,0.01489730728923223
torus_3.6/torus_3p6_q0p1_h0_p0.txt,torus_3.6,3.6,torus,0.1,0,0,0,C:\workspace\projects\SST-Workbench\KnotPlot\knots\final\torus_3.6_final.txt,0254682e358105a5376bdea998483dee24401bebfd1c622ccb9f2c12466116b2,false,1.1522050849590482,384,2.0328480261531086,56.19162735269212,0.13765236130055977,0.046512077254627804
torus_3.9/torus_3p9_qm0p1_h0_p0.txt,torus_3.9,3.9,torus,-0.1,0,0,0,C:\workspace\projects\SST-Workbench\KnotPlot\knots\final\torus_3.9_final.txt,80f4e30e84f1b7613886097efb938a8158fc497306e60aed2579a330d245a4f0,false,0.6699379722279178,384,1.9131976801157573,55.86827352091575,0.14250426039905467,0.03917255222218825
torus_3.9/torus_3p9_qm0p05_h0_p0.txt,torus_3.9,3.9,torus,-0.05,0,0,0,C:\workspace\projects\SST-Workbench\KnotPlot\knots\final\torus_3.9_final.txt,80f4e30e84f1b7613886097efb938a8158fc497306e60aed2579a330d245a4f0,true,0.8658117736634826,384,2.0045565295233136,58.754267507106604,0.07878309949761785,0.050625667336975065
torus_3.9/torus_3p9_qm0p02_h0_p0.txt,torus_3.9,3.9,torus,-0.02,0,0,0,C:\workspace\projects\SST-Workbench\KnotPlot\knots\final\torus_3.9_final.txt,80f4e30e84f1b7613886097efb938a8158fc497306e60aed2579a330d245a4f0,true,1.2386373566777438,384,2.0599890351778005,60.66744638859447,0.04986559388619236,0.07242549094127937
torus_3.9/torus_3p9_q0_hm0p1_p0.txt,torus_3.9,3.9,torus,0,-0.1,0,0,C:\workspace\projects\SST-Workbench\KnotPlot\knots\final\torus_3.9_final.txt,80f4e30e84f1b7613886097efb938a8158fc497306e60aed2579a330d245a4f0,false,0.8594516079886363,384,2.238641897379545,64.62914257208527,0.1527049693895361,0.05025377630770388
torus_3.9/torus_3p9_q0_hm0p05_p0.txt,torus_3.9,3.9,torus,0,-0.05,0,0,C:\workspace\projects\SST-Workbench\KnotPlot\knots\final\torus_3.9_final.txt,80f4e30e84f1b7613886097efb938a8158fc497306e60aed2579a330d245a4f0,true,0.8673748502888715,384,2.16652784295997,63.082071598949646,0.07516955596963787,0.0507170634113485
torus_3.9/torus_3p9_q0_hm0p02_p0.txt,torus_3.9,3.9,torus,0,-0.02,0,0,C:\workspace\projects\SST-Workbench\KnotPlot\knots\final\torus_3.9_final.txt,80f4e30e84f1b7613886097efb938a8158fc497306e60aed2579a330d245a4f0,true,0.7550956578120603,384,2.1245689474344718,62.38638413211741,0.03587118266101849,0.04415188467377622
torus_3.9/torus_3p9_q0_h0_pm0p1.txt,torus_3.9,3.9,torus,0,0,-0.1,0,C:\workspace\projects\SST-Workbench\KnotPlot\knots\final\torus_3.9_final.txt,80f4e30e84f1b7613886097efb938a8158fc497306e60aed2579a330d245a4f0,false,1.5568428151954954,384,2.102810768551528,63.36332456732954,0.10208797160587149,0.09103157159038658
torus_3.9/torus_3p9_q0_h0_pm0p05.txt,torus_3.9,3.9,torus,0,0,-0.05,0,C:\workspace\projects\SST-Workbench\KnotPlot\knots\final\torus_3.9_final.txt,80f4e30e84f1b7613886097efb938a8158fc497306e60aed2579a330d245a4f0,true,1.4138202132300979,384,2.097377019514796,62.327434885686905,0.06376335092043271,0.08266876700743223
torus_3.9/torus_3p9_q0_h0_pm0p02.txt,torus_3.9,3.9,torus,0,0,-0.02,0,C:\workspace\projects\SST-Workbench\KnotPlot\knots\final\torus_3.9_final.txt,80f4e30e84f1b7613886097efb938a8158fc497306e60aed2579a330d245a4f0,true,1.086934671926387,384,2.0966287515138085,62.062351832071315,0.041367567769840755,0.06355514534658754
torus_3.9/torus_3p9_q0_h0_p0.txt,torus_3.9,3.9,torus,0.0,0.0,0.0,0,C:\workspace\projects\SST-Workbench\KnotPlot\knots\final\torus_3.9_final.txt,80f4e30e84f1b7613886097efb938a8158fc497306e60aed2579a330d245a4f0,true,1.0,384,2.097178593472813,62.03103970662694,0.03162505493862991,0.058471909111104184
torus_3.9/torus_3p9_q0_h0_p0p02.txt,torus_3.9,3.9,torus,0,0,0.02,0,C:\workspace\projects\SST-Workbench\KnotPlot\knots\final\torus_3.9_final.txt,80f4e30e84f1b7613886097efb938a8158fc497306e60aed2579a330d245a4f0,true,1.0042234216840171,384,2.098566762657685,62.11848577486907,0.030351497458096965,0.058718860639949896
torus_3.9/torus_3p9_q0_h0_p0p05.txt,torus_3.9,3.9,torus,0,0,0.05,0,C:\workspace\projects\SST-Workbench\KnotPlot\knots\final\torus_3.9_final.txt,80f4e30e84f1b7613886097efb938a8158fc497306e60aed2579a330d245a4f0,true,1.1159448666961989,384,2.1022169728959423,62.47057870258844,0.044607423457857294,0.06525142681846341
torus_3.9/torus_3p9_q0_h0_p0p1.txt,torus_3.9,3.9,torus,0,0,0.1,0,C:\workspace\projects\SST-Workbench\KnotPlot\knots\final\torus_3.9_final.txt,80f4e30e84f1b7613886097efb938a8158fc497306e60aed2579a330d245a4f0,true,1.5030254050256986,384,2.112454687471968,63.60148552507718,0.08792956720839595,0.0878847648743432
torus_3.9/torus_3p9_q0_h0p02_p0.txt,torus_3.9,3.9,torus,0,0.02,0,0,C:\workspace\projects\SST-Workbench\KnotPlot\knots\final\torus_3.9_final.txt,80f4e30e84f1b7613886097efb938a8158fc497306e60aed2579a330d245a4f0,true,1.2680002776937178,384,2.0702756490080096,61.771790795987634,0.05157786138751624,0.07414239699016194
torus_3.9/torus_3p9_q0_h0p05_p0.txt,torus_3.9,3.9,torus,0,0.05,0,0,C:\workspace\projects\SST-Workbench\KnotPlot\knots\final\torus_3.9_final.txt,80f4e30e84f1b7613886097efb938a8158fc497306e60aed2579a330d245a4f0,true,0.8726446910572453,384,2.030877401642593,61.61156302629831,0.08579044309642332,0.05102520106178684
torus_3.9/torus_3p9_q0_h0p1_p0.txt,torus_3.9,3.9,torus,0,0.1,0,0,C:\workspace\projects\SST-Workbench\KnotPlot\knots\final\torus_3.9_final.txt,80f4e30e84f1b7613886097efb938a8158fc497306e60aed2579a330d245a4f0,false,0.80365872010898,384,1.9679323659787364,61.95576393061189,0.14435714402888086,0.046991459638558594
torus_3.9/torus_3p9_q0p02_h0_p0.txt,torus_3.9,3.9,torus,0.02,0,0,0,C:\workspace\projects\SST-Workbench\KnotPlot\knots\final\torus_3.9_final.txt,80f4e30e84f1b7613886097efb938a8158fc497306e60aed2579a330d245a4f0,true,0.8144078939081216,384,2.1345443602207803,63.4338109808924,0.032137563521061334,0.047619984351961464
torus_3.9/torus_3p9_q0p05_h0_p0.txt,torus_3.9,3.9,torus,0.05,0,0,0,C:\workspace\projects\SST-Workbench\KnotPlot\knots\final\torus_3.9_final.txt,80f4e30e84f1b7613886097efb938a8158fc497306e60aed2579a330d245a4f0,true,1.0076773166748774,384,2.1909036678499776,65.59502647480386,0.06204925472536337,0.058920816473934774
torus_3.9/torus_3p9_q0p1_h0_p0.txt,torus_3.9,3.9,torus,0.1,0,0,0,C:\workspace\projects\SST-Workbench\KnotPlot\knots\final\torus_3.9_final.txt,80f4e30e84f1b7613886097efb938a8158fc497306e60aed2579a330d245a4f0,false,1.1737808897828108,384,2.285596063762839,69.31676347452994,0.12190349688274343,0.06863320950373152
torus_6.15/torus_6p15_qm0p1_h0_p0.txt,torus_6.15,6.15,torus,-0.1,0,0,0,C:\workspace\projects\SST-Workbench\KnotPlot\knots\final\torus_6.15_final.txt,f3ecc9b446954f6f78074fdbb4d70ace8e7c4c5526628b66779a5671a9ddba21,false,0.8506374033963984,384,3.0541278773522276,140.4356458513851,0.11161108743666422,0.0868587858251055
torus_6.15/torus_6p15_qm0p05_h0_p0.txt,torus_6.15,6.15,torus,-0.05,0,0,0,C:\workspace\projects\SST-Workbench\KnotPlot\knots\final\torus_6.15_final.txt,f3ecc9b446954f6f78074fdbb4d70ace8e7c4c5526628b66779a5671a9ddba21,true,0.7842448776235549,384,3.205755205592459,148.30328462233592,0.05866632746924682,0.08007942936433171
torus_6.15/torus_6p15_qm0p02_h0_p0.txt,torus_6.15,6.15,torus,-0.02,0,0,0,C:\workspace\projects\SST-Workbench\KnotPlot\knots\final\torus_6.15_final.txt,f3ecc9b446954f6f78074fdbb4d70ace8e7c4c5526628b66779a5671a9ddba21,true,0.8870149598082258,384,3.297490601380601,153.22010012235808,0.033992335169241994,0.09057330668746073
torus_6.15/torus_6p15_q0_hm0p1_p0.txt,torus_6.15,6.15,torus,0,-0.1,0,0,C:\workspace\projects\SST-Workbench\KnotPlot\knots\final\torus_6.15_final.txt,f3ecc9b446954f6f78074fdbb4d70ace8e7c4c5526628b66779a5671a9ddba21,false,1.6550553082700987,384,3.6108433332589063,164.93085623742547,0.11001143264406747,0.16899808775836994
torus_6.15/torus_6p15_q0_hm0p05_p0.txt,torus_6.15,6.15,torus,0,-0.05,0,0,C:\workspace\projects\SST-Workbench\KnotPlot\knots\final\torus_6.15_final.txt,f3ecc9b446954f6f78074fdbb4d70ace8e7c4c5526628b66779a5671a9ddba21,true,1.2315643046272804,384,3.4831182330082617,160.378157865898,0.05933132285062537,0.12575532152518895
torus_6.15/torus_6p15_q0_hm0p02_p0.txt,torus_6.15,6.15,torus,0,-0.02,0,0,C:\workspace\projects\SST-Workbench\KnotPlot\knots\final\torus_6.15_final.txt,f3ecc9b446954f6f78074fdbb4d70ace8e7c4c5526628b66779a5671a9ddba21,true,1.0963449356003112,384,3.4081582603357914,157.99881844489374,0.033032951936468664,0.1119480398716614
torus_6.15/torus_6p15_q0_h0_pm0p1.txt,torus_6.15,6.15,torus,0,0,-0.1,0,C:\workspace\projects\SST-Workbench\KnotPlot\knots\final\torus_6.15_final.txt,f3ecc9b446954f6f78074fdbb4d70ace8e7c4c5526628b66779a5671a9ddba21,false,0.4420248463706342,384,3.3704321793017327,159.5530080591899,0.07932660376934822,0.045135261284049766
torus_6.15/torus_6p15_q0_h0_pm0p05.txt,torus_6.15,6.15,torus,0,0,-0.05,0,C:\workspace\projects\SST-Workbench\KnotPlot\knots\final\torus_6.15_final.txt,f3ecc9b446954f6f78074fdbb4d70ace8e7c4c5526628b66779a5671a9ddba21,true,2.0788221088193395,384,3.3604973818453203,157.38086915426052,0.04259515616758102,0.21226901567869344
torus_6.15/torus_6p15_q0_h0_pm0p02.txt,torus_6.15,6.15,torus,0,0,-0.02,0,C:\workspace\projects\SST-Workbench\KnotPlot\knots\final\torus_6.15_final.txt,f3ecc9b446954f6f78074fdbb4d70ace8e7c4c5526628b66779a5671a9ddba21,true,1.3681658376124248,384,3.3585531298222735,156.7250657211834,0.02786548999234811,0.13970373626637406
torus_6.15/torus_6p15_q0_h0_p0.txt,torus_6.15,6.15,torus,0.0,0.0,0.0,0,C:\workspace\projects\SST-Workbench\KnotPlot\knots\final\torus_6.15_final.txt,f3ecc9b446954f6f78074fdbb4d70ace8e7c4c5526628b66779a5671a9ddba21,true,1.0,384,3.358935036058856,156.57164954150002,0.026238709522392725,0.10211023578119004
torus_6.15/torus_6p15_q0_h0_p0p02.txt,torus_6.15,6.15,torus,0,0,0.02,0,C:\workspace\projects\SST-Workbench\KnotPlot\knots\final\torus_6.15_final.txt,f3ecc9b446954f6f78074fdbb4d70ace8e7c4c5526628b66779a5671a9ddba21,true,0.8585371010654842,384,3.360659102360977,156.64987003549624,0.032278486365521504,0.08766542581669597
torus_6.15/torus_6p15_q0_h0_p0p05.txt,torus_6.15,6.15,torus,0,0,0.05,0,C:\workspace\projects\SST-Workbench\KnotPlot\knots\final\torus_6.15_final.txt,f3ecc9b446954f6f78074fdbb4d70ace8e7c4c5526628b66779a5671a9ddba21,true,1.2184095562891126,384,3.365756801151266,157.20124248528822,0.04876746761164597,0.12441208707073642
torus_6.15/torus_6p15_q0_h0_p0p1.txt,torus_6.15,6.15,torus,0,0,0.1,0,C:\workspace\projects\SST-Workbench\KnotPlot\knots\final\torus_6.15_final.txt,f3ecc9b446954f6f78074fdbb4d70ace8e7c4c5526628b66779a5671a9ddba21,true,1.1574043432835035,384,3.3809119269046506,159.2437470872802,0.08270070696442727,0.11818283038685196
torus_6.15/torus_6p15_q0_h0p02_p0.txt,torus_6.15,6.15,torus,0,0.02,0,0,C:\workspace\projects\SST-Workbench\KnotPlot\knots\final\torus_6.15_final.txt,f3ecc9b446954f6f78074fdbb4d70ace8e7c4c5526628b66779a5671a9ddba21,true,0.933253706458552,384,3.310343161970418,155.2798616274543,0.035709721810186605,0.09529475601015226
torus_6.15/torus_6p15_q0_h0p05_p0.txt,torus_6.15,6.15,torus,0,0.05,0,0,C:\workspace\projects\SST-Workbench\KnotPlot\knots\final\torus_6.15_final.txt,f3ecc9b446954f6f78074fdbb4d70ace8e7c4c5526628b66779a5671a9ddba21,true,0.9023074648435124,384,3.2387011951378972,153.6128542758874,0.06314192517800651,0.0921348279822989
torus_6.15/torus_6p15_q0_h0p1_p0.txt,torus_6.15,6.15,torus,0,0.1,0,0,C:\workspace\projects\SST-Workbench\KnotPlot\knots\final\torus_6.15_final.txt,f3ecc9b446954f6f78074fdbb4d70ace8e7c4c5526628b66779a5671a9ddba21,false,1.0412297476752579,384,3.1228729064575123,151.62472663182496,0.11421848130707078,0.1063202150375096
torus_6.15/torus_6p15_q0p02_h0_p0.txt,torus_6.15,6.15,torus,0.02,0,0,0,C:\workspace\projects\SST-Workbench\KnotPlot\knots\final\torus_6.15_final.txt,f3ecc9b446954f6f78074fdbb4d70ace8e7c4c5526628b66779a5671a9ddba21,true,1.1367343976586235,384,3.4205950203648507,159.97617112596083,0.031168967448562544,0.11607221736551107
torus_6.15/torus_6p15_q0p05_h0_p0.txt,torus_6.15,6.15,torus,0.05,0,0,0,C:\workspace\projects\SST-Workbench\KnotPlot\knots\final\torus_6.15_final.txt,f3ecc9b446954f6f78074fdbb4d70ace8e7c4c5526628b66779a5671a9ddba21,true,1.1388639272716332,384,3.5134643168903392,165.17004579502202,0.05162195243563757,0.11628966413639853
torus_6.15/torus_6p15_q0p1_h0_p0.txt,torus_6.15,6.15,torus,0.1,0,0,0,C:\workspace\projects\SST-Workbench\KnotPlot\knots\final\torus_6.15_final.txt,f3ecc9b446954f6f78074fdbb4d70ace8e7c4c5526628b66779a5671a9ddba21,true,1.4497307301070173,384,3.6691725534481363,174.01927457670695,0.09153110945891388,0.1480323466704643
torus_6.21/torus_6p21_qm0p1_h0_p0.txt,torus_6.21,6.21,torus,-0.1,0,0,0,C:\workspace\projects\SST-Workbench\KnotPlot\knots\final\torus_6.21_final.txt,f024fd71d0051b32d2bed8eb714a288b5299589734f8aad1ae51224bc0513f24,false,0.6501329894580998,384,4.450045944107677,205.41791568649245,0.17188733838052794,0.13285127996059987
torus_6.21/torus_6p21_qm0p05_h0_p0.txt,torus_6.21,6.21,torus,-0.05,0,0,0,C:\workspace\projects\SST-Workbench\KnotPlot\knots\final\torus_6.21_final.txt,f024fd71d0051b32d2bed8eb714a288b5299589734f8aad1ae51224bc0513f24,true,0.8181419856534152,384,4.666888465613842,217.03394982386092,0.08435021746721623,0.16718304061782724
torus_6.21/torus_6p21_qm0p02_h0_p0.txt,torus_6.21,6.21,torus,-0.02,0,0,0,C:\workspace\projects\SST-Workbench\KnotPlot\knots\final\torus_6.21_final.txt,f024fd71d0051b32d2bed8eb714a288b5299589734f8aad1ae51224bc0513f24,true,0.9261032820820226,384,4.798261330442539,224.38980357033319,0.03587176398411825,0.18924436752988144
torus_6.21/torus_6p21_q0_hm0p1_p0.txt,torus_6.21,6.21,torus,0,-0.1,0,0,C:\workspace\projects\SST-Workbench\KnotPlot\knots\final\torus_6.21_final.txt,f024fd71d0051b32d2bed8eb714a288b5299589734f8aad1ae51224bc0513f24,false,1.1230586964622369,384,5.293284227009681,244.72493760431038,0.1493064264106855,0.229491177520852
torus_6.21/torus_6p21_q0_hm0p05_p0.txt,torus_6.21,6.21,torus,0,-0.05,0,0,C:\workspace\projects\SST-Workbench\KnotPlot\knots\final\torus_6.21_final.txt,f024fd71d0051b32d2bed8eb714a288b5299589734f8aad1ae51224bc0513f24,true,1.1431046788620183,384,5.0880076991155585,236.34907003309675,0.07511734792084335,0.2335874692997054
torus_6.21/torus_6p21_q0_hm0p02_p0.txt,torus_6.21,6.21,torus,0,-0.02,0,0,C:\workspace\projects\SST-Workbench\KnotPlot\knots\final\torus_6.21_final.txt,f024fd71d0051b32d2bed8eb714a288b5299589734f8aad1ae51224bc0513f24,true,1.0652343124232124,384,4.966538183496667,232.00394324852715,0.029768295324389946,0.2176750667295494
torus_6.21/torus_6p21_q0_h0_pm0p1.txt,torus_6.21,6.21,torus,0,0,-0.1,0,C:\workspace\projects\SST-Workbench\KnotPlot\knots\final\torus_6.21_final.txt,f024fd71d0051b32d2bed8eb714a288b5299589734f8aad1ae51224bc0513f24,false,0.5592287111138402,384,4.89506464637341,236.66300621543098,0.07773548420536093,0.11427546558453541
torus_6.21/torus_6p21_q0_h0_pm0p05.txt,torus_6.21,6.21,torus,0,0,-0.05,0,C:\workspace\projects\SST-Workbench\KnotPlot\knots\final\torus_6.21_final.txt,f024fd71d0051b32d2bed8eb714a288b5299589734f8aad1ae51224bc0513f24,true,0.9128096507896959,384,4.88459012685461,231.4126396729211,0.036380737244242047,0.1865278834240957
torus_6.21/torus_6p21_q0_h0_pm0p02.txt,torus_6.21,6.21,torus,0,0,-0.02,0,C:\workspace\projects\SST-Workbench\KnotPlot\knots\final\torus_6.21_final.txt,f024fd71d0051b32d2bed8eb714a288b5299589734f8aad1ae51224bc0513f24,true,0.9118652503272269,384,4.884164256157503,229.80935978468017,0.015273370228982897,0.18633490012334217
torus_6.21/torus_6p21_q0_h0_p0.txt,torus_6.21,6.21,torus,0.0,0.0,0.0,0,C:\workspace\projects\SST-Workbench\KnotPlot\knots\final\torus_6.21_final.txt,f024fd71d0051b32d2bed8eb714a288b5299589734f8aad1ae51224bc0513f24,true,1.0,384,4.8863240647310775,229.4254626556347,0.010105610260137069,0.20434477578400434
torus_6.21/torus_6p21_q0_h0_p0p02.txt,torus_6.21,6.21,torus,0,0,0.02,0,C:\workspace\projects\SST-Workbench\KnotPlot\knots\final\torus_6.21_final.txt,f024fd71d0051b32d2bed8eb714a288b5299589734f8aad1ae51224bc0513f24,true,1.1420254945256005,384,4.890436171232143,229.6051805906664,0.018811491166392594,0.23336694361845053
torus_6.21/torus_6p21_q0_h0_p0p05.txt,torus_6.21,6.21,torus,0,0,0.05,0,C:\workspace\projects\SST-Workbench\KnotPlot\knots\final\torus_6.21_final.txt,f024fd71d0051b32d2bed8eb714a288b5299589734f8aad1ae51224bc0513f24,true,1.2260856026856306,384,4.900253500257753,230.94598367611434,0.03569929689751999,0.250544187572791
torus_6.21/torus_6p21_q0_h0_p0p1.txt,torus_6.21,6.21,torus,0,0,0.1,0,C:\workspace\projects\SST-Workbench\KnotPlot\knots\final\torus_6.21_final.txt,f024fd71d0051b32d2bed8eb714a288b5299589734f8aad1ae51224bc0513f24,false,0.4817976770804258,384,4.926274983293206,236.00489358016844,0.06172176438296369,0.09845283829625374
torus_6.21/torus_6p21_q0_h0p02_p0.txt,torus_6.21,6.21,torus,0,0.02,0,0,C:\workspace\projects\SST-Workbench\KnotPlot\knots\final\torus_6.21_final.txt,f024fd71d0051b32d2bed8eb714a288b5299589734f8aad1ae51224bc0513f24,true,0.9375868885058207,384,4.806758198200059,227.12555252849208,0.035669996378001646,0.1915909825097442
torus_6.21/torus_6p21_q0_h0p05_p0.txt,torus_6.21,6.21,torus,0,0.05,0,0,C:\workspace\projects\SST-Workbench\KnotPlot\knots\final\torus_6.21_final.txt,f024fd71d0051b32d2bed8eb714a288b5299589734f8aad1ae51224bc0513f24,true,0.8506088391475296,384,4.688696990192689,224.2517193059046,0.081320595810241,0.17381747251549415
torus_6.21/torus_6p21_q0_h0p1_p0.txt,torus_6.21,6.21,torus,0,0.1,0,0,C:\workspace\projects\SST-Workbench\KnotPlot\knots\final\torus_6.21_final.txt,f024fd71d0051b32d2bed8eb714a288b5299589734f8aad1ae51224bc0513f24,false,0.7302595470844226,384,4.49566148048038,221.25551954223118,0.15406752724802286,0.1492247234130949
torus_6.21/torus_6p21_q0p02_h0_p0.txt,torus_6.21,6.21,torus,0.02,0,0,0,C:\workspace\projects\SST-Workbench\KnotPlot\knots\final\torus_6.21_final.txt,f024fd71d0051b32d2bed8eb714a288b5299589734f8aad1ae51224bc0513f24,true,1.0750657453260852,384,4.9747476393285215,234.55441347438426,0.028469817064597124,0.21968406868172238
torus_6.21/torus_6p21_q0p05_h0_p0.txt,torus_6.21,6.21,torus,0.05,0,0,0,C:\workspace\projects\SST-Workbench\KnotPlot\knots\final\torus_6.21_final.txt,f024fd71d0051b32d2bed8eb714a288b5299589734f8aad1ae51224bc0513f24,true,1.1498722679156406,384,5.108018563977694,242.40452753414414,0.07036054592032814,0.23497039076746615
torus_6.21/torus_6p21_q0p1_h0_p0.txt,torus_6.21,6.21,torus,0.1,0,0,0,C:\workspace\projects\SST-Workbench\KnotPlot\knots\final\torus_6.21_final.txt,f024fd71d0051b32d2bed8eb714a288b5299589734f8aad1ae51224bc0513f24,false,1.1402931069027498,384,5.331690192011502,255.85118757257385,0.13580911227944414,0.2330129392580881
torus_6.9/torus_6p9_qm0p1_h0_p0.txt,torus_6.9,6.9,torus,-0.1,0,0,0,C:\workspace\projects\SST-Workbench\KnotPlot\knots\final\torus_6.9_final.txt,fc915c04a6cf2946d0a7d4b9a53c42aba018557b1db35b76d60b5b3102b94734,true,1.3362553783136182,384,2.5133765307057443,106.1543243111528,0.07822862878929593,0.09809824993440193
torus_6.9/torus_6p9_qm0p05_h0_p0.txt,torus_6.9,6.9,torus,-0.05,0,0,0,C:\workspace\projects\SST-Workbench\KnotPlot\knots\final\torus_6.9_final.txt,fc915c04a6cf2946d0a7d4b9a53c42aba018557b1db35b76d60b5b3102b94734,true,0.9410356307733041,384,2.643256372019461,111.92793363872504,0.044501862306652124,0.06908406132761782
torus_6.9/torus_6p9_qm0p02_h0_p0.txt,torus_6.9,6.9,torus,-0.02,0,0,0,C:\workspace\projects\SST-Workbench\KnotPlot\knots\final\torus_6.9_final.txt,fc915c04a6cf2946d0a7d4b9a53c42aba018557b1db35b76d60b5b3102b94734,true,0.9124041566310933,384,2.7216015734642305,115.58146863794397,0.024180082744426606,0.06698214461919821
torus_6.9/torus_6p9_q0_hm0p1_p0.txt,torus_6.9,6.9,torus,0,-0.1,0,0,C:\workspace\projects\SST-Workbench\KnotPlot\knots\final\torus_6.9_final.txt,fc915c04a6cf2946d0a7d4b9a53c42aba018557b1db35b76d60b5b3102b94734,true,1.6099721760825232,384,2.9661272516433965,125.20616717733017,0.08716299834736223,0.11819256669042867
torus_6.9/torus_6p9_q0_hm0p05_p0.txt,torus_6.9,6.9,torus,0,-0.05,0,0,C:\workspace\projects\SST-Workbench\KnotPlot\knots\final\torus_6.9_final.txt,fc915c04a6cf2946d0a7d4b9a53c42aba018557b1db35b76d60b5b3102b94734,true,0.7176921421802477,384,2.868314716972104,121.43304969945895,0.04263874452169753,0.05268779028482265
torus_6.9/torus_6p9_q0_hm0p02_p0.txt,torus_6.9,6.9,torus,0,-0.02,0,0,C:\workspace\projects\SST-Workbench\KnotPlot\knots\final\torus_6.9_final.txt,fc915c04a6cf2946d0a7d4b9a53c42aba018557b1db35b76d60b5b3102b94734,true,0.6905702681374571,384,2.811278224093754,119.36614870375206,0.0178291884961352,0.05069669754782145
torus_6.9/torus_6p9_q0_h0_pm0p1.txt,torus_6.9,6.9,torus,0,0,-0.1,0,C:\workspace\projects\SST-Workbench\KnotPlot\knots\final\torus_6.9_final.txt,fc915c04a6cf2946d0a7d4b9a53c42aba018557b1db35b76d60b5b3102b94734,true,1.8218594514676447,384,2.7880476373679524,120.13056327978404,0.07749240093260387,0.13374780503482447
torus_6.9/torus_6p9_q0_h0_pm0p05.txt,torus_6.9,6.9,torus,0,0,-0.05,0,C:\workspace\projects\SST-Workbench\KnotPlot\knots\final\torus_6.9_final.txt,fc915c04a6cf2946d0a7d4b9a53c42aba018557b1db35b76d60b5b3102b94734,true,1.4979535471997494,384,2.77756645874773,118.66730314420465,0.03736730144487204,0.10996896539999308
torus_6.9/torus_6p9_q0_h0_pm0p02.txt,torus_6.9,6.9,torus,0,0,-0.02,0,C:\workspace\projects\SST-Workbench\KnotPlot\knots\final\torus_6.9_final.txt,fc915c04a6cf2946d0a7d4b9a53c42aba018557b1db35b76d60b5b3102b94734,true,1.307063160558335,384,2.7745887835158953,118.20631929304339,0.01654197572749384,0.09595516746680406
torus_6.9/torus_6p9_q0_h0_p0.txt,torus_6.9,6.9,torus,0.0,0.0,0.0,0,C:\workspace\projects\SST-Workbench\KnotPlot\knots\final\torus_6.9_final.txt,fc915c04a6cf2946d0a7d4b9a53c42aba018557b1db35b76d60b5b3102b94734,true,1.0,384,2.773989228842913,118.0803804599094,0.012654592323615146,0.07341280082120526
torus_6.9/torus_6p9_q0_h0_p0p02.txt,torus_6.9,6.9,torus,0,0,0.02,0,C:\workspace\projects\SST-Workbench\KnotPlot\knots\final\torus_6.9_final.txt,fc915c04a6cf2946d0a7d4b9a53c42aba018557b1db35b76d60b5b3102b94734,true,0.6511374548766764,384,2.7744991559870003,118.10116043348894,0.023316563417129996,0.04780182428208797
torus_6.9/torus_6p9_q0_h0_p0p05.txt,torus_6.9,6.9,torus,0,0,0.05,0,C:\workspace\projects\SST-Workbench\KnotPlot\knots\final\torus_6.9_final.txt,fc915c04a6cf2946d0a7d4b9a53c42aba018557b1db35b76d60b5b3102b94734,true,1.3546371409693507,384,2.777342624733453,118.40518316815822,0.045542242649880896,0.09944770661498989
torus_6.9/torus_6p9_q0_h0_p0p1.txt,torus_6.9,6.9,torus,0,0,0.1,0,C:\workspace\projects\SST-Workbench\KnotPlot\knots\final\torus_6.9_final.txt,fc915c04a6cf2946d0a7d4b9a53c42aba018557b1db35b76d60b5b3102b94734,true,1.9945235753471182,384,2.787601634565962,119.62218064524737,0.08488063085304823,0.14642356197015616
torus_6.9/torus_6p9_q0_h0p02_p0.txt,torus_6.9,6.9,torus,0,0.02,0,0,C:\workspace\projects\SST-Workbench\KnotPlot\knots\final\torus_6.9_final.txt,fc915c04a6cf2946d0a7d4b9a53c42aba018557b1db35b76d60b5b3102b94734,true,0.9520461129765854,384,2.7373166034578755,116.8761570364639,0.025416197046279003,0.06989237166455274
torus_6.9/torus_6p9_q0_h0p05_p0.txt,torus_6.9,6.9,torus,0,0.05,0,0,C:\workspace\projects\SST-Workbench\KnotPlot\knots\final\torus_6.9_final.txt,fc915c04a6cf2946d0a7d4b9a53c42aba018557b1db35b76d60b5b3102b94734,true,1.0123541925394977,384,2.683518520777307,115.24176497042109,0.04928901057319473,0.07431975669741421
torus_6.9/torus_6p9_q0_h0p1_p0.txt,torus_6.9,6.9,torus,0,0.1,0,0,C:\workspace\projects\SST-Workbench\KnotPlot\knots\final\torus_6.9_final.txt,fc915c04a6cf2946d0a7d4b9a53c42aba018557b1db35b76d60b5b3102b94734,true,1.3829896538045543,384,2.5973054391914983,113.04726410766484,0.08679276802901092,0.10152914399254136
torus_6.9/torus_6p9_q0p02_h0_p0.txt,torus_6.9,6.9,torus,0.02,0,0,0,C:\workspace\projects\SST-Workbench\KnotPlot\knots\final\torus_6.9_final.txt,fc915c04a6cf2946d0a7d4b9a53c42aba018557b1db35b76d60b5b3102b94734,true,0.6416832557598647,384,2.8264947287503253,120.61711802258449,0.015405643075859744,0.04710776504540146
torus_6.9/torus_6p9_q0p05_h0_p0.txt,torus_6.9,6.9,torus,0.05,0,0,0,C:\workspace\projects\SST-Workbench\KnotPlot\knots\final\torus_6.9_final.txt,fc915c04a6cf2946d0a7d4b9a53c42aba018557b1db35b76d60b5b3102b94734,true,0.8786337390926637,384,2.905459957674083,124.4755804565032,0.03693846573781463,0.06450296368280055
torus_6.9/torus_6p9_q0p1_h0_p0.txt,torus_6.9,6.9,torus,0.1,0,0,0,C:\workspace\projects\SST-Workbench\KnotPlot\knots\final\torus_6.9_final.txt,fc915c04a6cf2946d0a7d4b9a53c42aba018557b1db35b76d60b5b3102b94734,true,1.7117572090760647,384,3.03757275138464,131.00653915828704,0.07643340210201138,0.12566489104416334
