ladder_gate,resolution,epsilon,kernel,normalization,label,knot_id,bundle_kind,bundle_mode,radius_ratio_to_hole,centerline_hole_radius,free_hole_radius,bundle_radius,tube_count,tube_core_radius,circulation_per_tube,total_circulation,mean_vorticity,clock_omega,clock_period,clock_phase,clock_cycles,valid_geometry,status,intrinsic_residual,total_normalized_residual,isolated_baseline_residual,residual_reduction_fraction,deformation_rate,background_nonrigid_rate,background_velocity_rms,energy_proxy,impulse_norm,final_recurrence_error,relative_energy_drift,relative_length_drift,final_clock_phase,final_clock_cycles
B4_CHIRALITY_SWEEP,96,0.04,rosenhead,fixed_sampled_reach,trefoil,3:1:1,continuum_rankine,continuum,0.75,0.2378919768200489,0.1978919768200489,0.14841898261503667,0,0.0,0.0,-0.25,-3.612528112799133,-1.8062640563995664,3.478553030448873,-1.8062640563995664,-0.287475853105209,True,FAIL_RELATIVE_EQUILIBRIUM_GATE,0.23332662891221462,0.22922586200971948,0.22160098248303411,-0.05291333232278528,0.13774695042705815,0.03323877540806184,0.10385297597872173,1.4270729665200546,1.209126647163918,,,,,
B4_CHIRALITY_SWEEP,96,0.04,rosenhead,fixed_sampled_reach,mirror_trefoil,3:1:1,continuum_rankine,continuum,0.75,0.2378919768200489,0.1978919768200489,0.14841898261503667,0,0.0,0.0,-0.25,-3.612528112799133,-1.8062640563995664,3.478553030448873,-1.8062640563995664,-0.287475853105209,True,FAIL_RELATIVE_EQUILIBRIUM_GATE,0.2238584550356311,0.22524220432167852,0.22160098248303411,-0.010187105342684077,0.13215730948597545,0.03323877540806184,0.10385297597872173,1.4270729665200546,1.209126647163918,,,,,
B4_CHIRALITY_SWEEP,96,0.04,rosenhead,fixed_sampled_reach,trefoil,3:1:1,continuum_rankine,continuum,0.75,0.2378919768200489,0.1978919768200489,0.14841898261503667,0,0.0,0.0,-0.5,-7.225056225598266,-3.612528112799133,1.7392765152244365,-3.612528112799133,-0.574951706210418,True,FAIL_RELATIVE_EQUILIBRIUM_GATE,0.25712947877910974,0.24560483072933323,0.22160098248303411,-0.16032643852919604,0.15179922553994932,0.06647755081612368,0.20770595195744346,1.4270729665200546,1.209126647163918,,,,,
B4_CHIRALITY_SWEEP,96,0.04,rosenhead,fixed_sampled_reach,mirror_trefoil,3:1:1,continuum_rankine,continuum,0.75,0.2378919768200489,0.1978919768200489,0.14841898261503667,0,0.0,0.0,-0.5,-7.225056225598266,-3.612528112799133,1.7392765152244365,-3.612528112799133,-0.574951706210418,True,FAIL_RELATIVE_EQUILIBRIUM_GATE,0.23970430350750763,0.2397819779409658,0.22160098248303411,-0.08169332473902502,0.1415120810099384,0.06647755081612368,0.20770595195744346,1.4270729665200546,1.209126647163918,,,,,
B4_CHIRALITY_SWEEP,96,0.04,rosenhead,fixed_sampled_reach,trefoil,3:1:1,continuum_rankine,continuum,0.75,0.2378919768200489,0.1978919768200489,0.14841898261503667,0,0.0,0.0,-1.0,-14.450112451196532,-7.225056225598266,0.8696382576122182,-7.225056225598266,-1.149903412420836,True,FAIL_RELATIVE_EQUILIBRIUM_GATE,0.32936890165789984,0.2902746794799386,0.22160098248303411,-0.4863151686753757,0.19444656608806912,0.13295510163224736,0.4154119039148869,1.4270729665200546,1.209126647163918,,,,,
B4_CHIRALITY_SWEEP,96,0.04,rosenhead,fixed_sampled_reach,mirror_trefoil,3:1:1,continuum_rankine,continuum,0.75,0.2378919768200489,0.1978919768200489,0.14841898261503667,0,0.0,0.0,-1.0,-14.450112451196532,-7.225056225598266,0.8696382576122182,-7.225056225598266,-1.149903412420836,True,FAIL_RELATIVE_EQUILIBRIUM_GATE,0.30194211681204186,0.288664965316871,0.22160098248303411,-0.3625486377758218,0.17825486096573015,0.13295510163224736,0.4154119039148869,1.4270729665200546,1.209126647163918,,,,,
B4_CHIRALITY_SWEEP,96,0.04,rosenhead,fixed_sampled_reach,trefoil,3:1:1,continuum_rankine,continuum,0.75,0.2378919768200489,0.1978919768200489,0.14841898261503667,0,0.0,0.0,-2.0,-28.900224902393063,-14.450112451196532,0.4348191288061091,-14.450112451196532,-2.299806824841672,True,FAIL_RELATIVE_EQUILIBRIUM_GATE,0.5189409173794187,0.3709937804225114,0.22160098248303411,-1.341780760918554,0.30636249773157703,0.2659102032644947,0.8308238078297738,1.4270729665200546,1.209126647163918,,,,,
B4_CHIRALITY_SWEEP,96,0.04,rosenhead,fixed_sampled_reach,mirror_trefoil,3:1:1,continuum_rankine,continuum,0.75,0.2378919768200489,0.1978919768200489,0.14841898261503667,0,0.0,0.0,-2.0,-28.900224902393063,-14.450112451196532,0.4348191288061091,-14.450112451196532,-2.299806824841672,True,FAIL_RELATIVE_EQUILIBRIUM_GATE,0.48442751034783677,0.3866379386049386,0.22160098248303411,-1.1860350298082492,0.28598712699223094,0.2659102032644947,0.8308238078297738,1.4270729665200546,1.209126647163918,,,,,
B4_CHIRALITY_SWEEP,96,0.04,rosenhead,fixed_sampled_reach,trefoil,3:1:1,continuum_rankine,continuum,0.75,0.2378919768200489,0.1978919768200489,0.14841898261503667,0,0.0,0.0,0.25,3.612528112799133,1.8062640563995664,3.478553030448873,1.8062640563995664,0.287475853105209,True,FAIL_RELATIVE_EQUILIBRIUM_GATE,0.2238584550356311,0.22524220432167852,0.22160098248303411,-0.010187105342684077,0.13215730948597545,0.03323877540806184,0.10385297597872173,1.4270729665200546,1.209126647163918,,,,,
B4_CHIRALITY_SWEEP,96,0.04,rosenhead,fixed_sampled_reach,mirror_trefoil,3:1:1,continuum_rankine,continuum,0.75,0.2378919768200489,0.1978919768200489,0.14841898261503667,0,0.0,0.0,0.25,3.612528112799133,1.8062640563995664,3.478553030448873,1.8062640563995664,0.287475853105209,True,FAIL_RELATIVE_EQUILIBRIUM_GATE,0.23332662891221462,0.22922586200971948,0.22160098248303411,-0.05291333232278528,0.13774695042705815,0.03323877540806184,0.10385297597872173,1.4270729665200546,1.209126647163918,,,,,
B4_CHIRALITY_SWEEP,96,0.04,rosenhead,fixed_sampled_reach,trefoil,3:1:1,continuum_rankine,continuum,0.75,0.2378919768200489,0.1978919768200489,0.14841898261503667,0,0.0,0.0,0.5,7.225056225598266,3.612528112799133,1.7392765152244365,3.612528112799133,0.574951706210418,True,FAIL_RELATIVE_EQUILIBRIUM_GATE,0.23970430350750763,0.2397819779409658,0.22160098248303411,-0.08169332473902502,0.1415120810099384,0.06647755081612368,0.20770595195744346,1.4270729665200546,1.209126647163918,,,,,
B4_CHIRALITY_SWEEP,96,0.04,rosenhead,fixed_sampled_reach,mirror_trefoil,3:1:1,continuum_rankine,continuum,0.75,0.2378919768200489,0.1978919768200489,0.14841898261503667,0,0.0,0.0,0.5,7.225056225598266,3.612528112799133,1.7392765152244365,3.612528112799133,0.574951706210418,True,FAIL_RELATIVE_EQUILIBRIUM_GATE,0.25712947877910974,0.24560483072933323,0.22160098248303411,-0.16032643852919604,0.15179922553994932,0.06647755081612368,0.20770595195744346,1.4270729665200546,1.209126647163918,,,,,
B4_CHIRALITY_SWEEP,96,0.04,rosenhead,fixed_sampled_reach,trefoil,3:1:1,continuum_rankine,continuum,0.75,0.2378919768200489,0.1978919768200489,0.14841898261503667,0,0.0,0.0,1.0,14.450112451196532,7.225056225598266,0.8696382576122182,7.225056225598266,1.149903412420836,True,FAIL_RELATIVE_EQUILIBRIUM_GATE,0.30194211681204186,0.288664965316871,0.22160098248303411,-0.3625486377758218,0.17825486096573015,0.13295510163224736,0.4154119039148869,1.4270729665200546,1.209126647163918,,,,,
B4_CHIRALITY_SWEEP,96,0.04,rosenhead,fixed_sampled_reach,mirror_trefoil,3:1:1,continuum_rankine,continuum,0.75,0.2378919768200489,0.1978919768200489,0.14841898261503667,0,0.0,0.0,1.0,14.450112451196532,7.225056225598266,0.8696382576122182,7.225056225598266,1.149903412420836,True,FAIL_RELATIVE_EQUILIBRIUM_GATE,0.32936890165789984,0.2902746794799386,0.22160098248303411,-0.4863151686753757,0.19444656608806912,0.13295510163224736,0.4154119039148869,1.4270729665200546,1.209126647163918,,,,,
B4_CHIRALITY_SWEEP,96,0.04,rosenhead,fixed_sampled_reach,trefoil,3:1:1,continuum_rankine,continuum,0.75,0.2378919768200489,0.1978919768200489,0.14841898261503667,0,0.0,0.0,2.0,28.900224902393063,14.450112451196532,0.4348191288061091,14.450112451196532,2.299806824841672,True,FAIL_RELATIVE_EQUILIBRIUM_GATE,0.48442751034783677,0.3866379386049386,0.22160098248303411,-1.1860350298082492,0.28598712699223094,0.2659102032644947,0.8308238078297738,1.4270729665200546,1.209126647163918,,,,,
B4_CHIRALITY_SWEEP,96,0.04,rosenhead,fixed_sampled_reach,mirror_trefoil,3:1:1,continuum_rankine,continuum,0.75,0.2378919768200489,0.1978919768200489,0.14841898261503667,0,0.0,0.0,2.0,28.900224902393063,14.450112451196532,0.4348191288061091,14.450112451196532,2.299806824841672,True,FAIL_RELATIVE_EQUILIBRIUM_GATE,0.5189409173794187,0.3709937804225114,0.22160098248303411,-1.341780760918554,0.30636249773157703,0.2659102032644947,0.8308238078297738,1.4270729665200546,1.209126647163918,,,,,
B4_CHIRALITY_SWEEP,96,0.04,rosenhead,fixed_sampled_reach,trefoil,3:1:1,continuum_rankine,continuum,1.0,0.2378919768200489,0.1978919768200489,0.1978919768200489,0,0.0,0.0,-0.25,-2.0320470634495122,-1.0160235317247561,6.1840942763535525,-1.0160235317247561,-0.1617051673716801,True,FAIL_RELATIVE_EQUILIBRIUM_GATE,0.23332662891221462,0.22922586200971948,0.22160098248303411,-0.05291333232278528,0.13774695042705815,0.03323877540806184,0.10385297597872173,1.4270729665200546,1.209126647163918,,,,,
B4_CHIRALITY_SWEEP,96,0.04,rosenhead,fixed_sampled_reach,mirror_trefoil,3:1:1,continuum_rankine,continuum,1.0,0.2378919768200489,0.1978919768200489,0.1978919768200489,0,0.0,0.0,-0.25,-2.0320470634495122,-1.0160235317247561,6.1840942763535525,-1.0160235317247561,-0.1617051673716801,True,FAIL_RELATIVE_EQUILIBRIUM_GATE,0.2238584550356311,0.22524220432167852,0.22160098248303411,-0.010187105342684077,0.13215730948597545,0.03323877540806184,0.10385297597872173,1.4270729665200546,1.209126647163918,,,,,
B4_CHIRALITY_SWEEP,96,0.04,rosenhead,fixed_sampled_reach,trefoil,3:1:1,continuum_rankine,continuum,1.0,0.2378919768200489,0.1978919768200489,0.1978919768200489,0,0.0,0.0,-0.5,-4.0640941268990245,-2.0320470634495122,3.0920471381767762,-2.0320470634495122,-0.3234103347433602,True,FAIL_RELATIVE_EQUILIBRIUM_GATE,0.25712947877910974,0.24560483072933323,0.22160098248303411,-0.16032643852919604,0.15179922553994932,0.06647755081612368,0.20770595195744346,1.4270729665200546,1.209126647163918,,,,,
B4_CHIRALITY_SWEEP,96,0.04,rosenhead,fixed_sampled_reach,mirror_trefoil,3:1:1,continuum_rankine,continuum,1.0,0.2378919768200489,0.1978919768200489,0.1978919768200489,0,0.0,0.0,-0.5,-4.0640941268990245,-2.0320470634495122,3.0920471381767762,-2.0320470634495122,-0.3234103347433602,True,FAIL_RELATIVE_EQUILIBRIUM_GATE,0.23970430350750763,0.2397819779409658,0.22160098248303411,-0.08169332473902502,0.1415120810099384,0.06647755081612368,0.20770595195744346,1.4270729665200546,1.209126647163918,,,,,
B4_CHIRALITY_SWEEP,96,0.04,rosenhead,fixed_sampled_reach,trefoil,3:1:1,continuum_rankine,continuum,1.0,0.2378919768200489,0.1978919768200489,0.1978919768200489,0,0.0,0.0,-1.0,-8.128188253798049,-4.0640941268990245,1.5460235690883881,-4.0640941268990245,-0.6468206694867203,True,FAIL_RELATIVE_EQUILIBRIUM_GATE,0.32936890165789984,0.2902746794799386,0.22160098248303411,-0.4863151686753757,0.19444656608806912,0.13295510163224736,0.4154119039148869,1.4270729665200546,1.209126647163918,,,,,
B4_CHIRALITY_SWEEP,96,0.04,rosenhead,fixed_sampled_reach,mirror_trefoil,3:1:1,continuum_rankine,continuum,1.0,0.2378919768200489,0.1978919768200489,0.1978919768200489,0,0.0,0.0,-1.0,-8.128188253798049,-4.0640941268990245,1.5460235690883881,-4.0640941268990245,-0.6468206694867203,True,FAIL_RELATIVE_EQUILIBRIUM_GATE,0.30194211681204186,0.288664965316871,0.22160098248303411,-0.3625486377758218,0.17825486096573015,0.13295510163224736,0.4154119039148869,1.4270729665200546,1.209126647163918,,,,,
B4_CHIRALITY_SWEEP,96,0.04,rosenhead,fixed_sampled_reach,trefoil,3:1:1,continuum_rankine,continuum,1.0,0.2378919768200489,0.1978919768200489,0.1978919768200489,0,0.0,0.0,-2.0,-16.256376507596098,-8.128188253798049,0.7730117845441941,-8.128188253798049,-1.2936413389734407,True,FAIL_RELATIVE_EQUILIBRIUM_GATE,0.5189409173794187,0.3709937804225114,0.22160098248303411,-1.341780760918554,0.30636249773157703,0.2659102032644947,0.8308238078297738,1.4270729665200546,1.209126647163918,,,,,
B4_CHIRALITY_SWEEP,96,0.04,rosenhead,fixed_sampled_reach,mirror_trefoil,3:1:1,continuum_rankine,continuum,1.0,0.2378919768200489,0.1978919768200489,0.1978919768200489,0,0.0,0.0,-2.0,-16.256376507596098,-8.128188253798049,0.7730117845441941,-8.128188253798049,-1.2936413389734407,True,FAIL_RELATIVE_EQUILIBRIUM_GATE,0.48442751034783677,0.3866379386049386,0.22160098248303411,-1.1860350298082492,0.28598712699223094,0.2659102032644947,0.8308238078297738,1.4270729665200546,1.209126647163918,,,,,
B4_CHIRALITY_SWEEP,96,0.04,rosenhead,fixed_sampled_reach,trefoil,3:1:1,continuum_rankine,continuum,1.0,0.2378919768200489,0.1978919768200489,0.1978919768200489,0,0.0,0.0,0.25,2.0320470634495122,1.0160235317247561,6.1840942763535525,1.0160235317247561,0.1617051673716801,True,FAIL_RELATIVE_EQUILIBRIUM_GATE,0.2238584550356311,0.22524220432167852,0.22160098248303411,-0.010187105342684077,0.13215730948597545,0.03323877540806184,0.10385297597872173,1.4270729665200546,1.209126647163918,,,,,
B4_CHIRALITY_SWEEP,96,0.04,rosenhead,fixed_sampled_reach,mirror_trefoil,3:1:1,continuum_rankine,continuum,1.0,0.2378919768200489,0.1978919768200489,0.1978919768200489,0,0.0,0.0,0.25,2.0320470634495122,1.0160235317247561,6.1840942763535525,1.0160235317247561,0.1617051673716801,True,FAIL_RELATIVE_EQUILIBRIUM_GATE,0.23332662891221462,0.22922586200971948,0.22160098248303411,-0.05291333232278528,0.13774695042705815,0.03323877540806184,0.10385297597872173,1.4270729665200546,1.209126647163918,,,,,
B4_CHIRALITY_SWEEP,96,0.04,rosenhead,fixed_sampled_reach,trefoil,3:1:1,continuum_rankine,continuum,1.0,0.2378919768200489,0.1978919768200489,0.1978919768200489,0,0.0,0.0,0.5,4.0640941268990245,2.0320470634495122,3.0920471381767762,2.0320470634495122,0.3234103347433602,True,FAIL_RELATIVE_EQUILIBRIUM_GATE,0.23970430350750763,0.2397819779409658,0.22160098248303411,-0.08169332473902502,0.1415120810099384,0.06647755081612368,0.20770595195744346,1.4270729665200546,1.209126647163918,,,,,
B4_CHIRALITY_SWEEP,96,0.04,rosenhead,fixed_sampled_reach,mirror_trefoil,3:1:1,continuum_rankine,continuum,1.0,0.2378919768200489,0.1978919768200489,0.1978919768200489,0,0.0,0.0,0.5,4.0640941268990245,2.0320470634495122,3.0920471381767762,2.0320470634495122,0.3234103347433602,True,FAIL_RELATIVE_EQUILIBRIUM_GATE,0.25712947877910974,0.24560483072933323,0.22160098248303411,-0.16032643852919604,0.15179922553994932,0.06647755081612368,0.20770595195744346,1.4270729665200546,1.209126647163918,,,,,
B4_CHIRALITY_SWEEP,96,0.04,rosenhead,fixed_sampled_reach,trefoil,3:1:1,continuum_rankine,continuum,1.0,0.2378919768200489,0.1978919768200489,0.1978919768200489,0,0.0,0.0,1.0,8.128188253798049,4.0640941268990245,1.5460235690883881,4.0640941268990245,0.6468206694867203,True,FAIL_RELATIVE_EQUILIBRIUM_GATE,0.30194211681204186,0.288664965316871,0.22160098248303411,-0.3625486377758218,0.17825486096573015,0.13295510163224736,0.4154119039148869,1.4270729665200546,1.209126647163918,,,,,
B4_CHIRALITY_SWEEP,96,0.04,rosenhead,fixed_sampled_reach,mirror_trefoil,3:1:1,continuum_rankine,continuum,1.0,0.2378919768200489,0.1978919768200489,0.1978919768200489,0,0.0,0.0,1.0,8.128188253798049,4.0640941268990245,1.5460235690883881,4.0640941268990245,0.6468206694867203,True,FAIL_RELATIVE_EQUILIBRIUM_GATE,0.32936890165789984,0.2902746794799386,0.22160098248303411,-0.4863151686753757,0.19444656608806912,0.13295510163224736,0.4154119039148869,1.4270729665200546,1.209126647163918,,,,,
B4_CHIRALITY_SWEEP,96,0.04,rosenhead,fixed_sampled_reach,trefoil,3:1:1,continuum_rankine,continuum,1.0,0.2378919768200489,0.1978919768200489,0.1978919768200489,0,0.0,0.0,2.0,16.256376507596098,8.128188253798049,0.7730117845441941,8.128188253798049,1.2936413389734407,True,FAIL_RELATIVE_EQUILIBRIUM_GATE,0.48442751034783677,0.3866379386049386,0.22160098248303411,-1.1860350298082492,0.28598712699223094,0.2659102032644947,0.8308238078297738,1.4270729665200546,1.209126647163918,,,,,
B4_CHIRALITY_SWEEP,96,0.04,rosenhead,fixed_sampled_reach,mirror_trefoil,3:1:1,continuum_rankine,continuum,1.0,0.2378919768200489,0.1978919768200489,0.1978919768200489,0,0.0,0.0,2.0,16.256376507596098,8.128188253798049,0.7730117845441941,8.128188253798049,1.2936413389734407,True,FAIL_RELATIVE_EQUILIBRIUM_GATE,0.5189409173794187,0.3709937804225114,0.22160098248303411,-1.341780760918554,0.30636249773157703,0.2659102032644947,0.8308238078297738,1.4270729665200546,1.209126647163918,,,,,
B4_CHIRALITY_SWEEP,96,0.04,rosenhead,fixed_sampled_reach,trefoil,3:1:1,continuum_rankine,continuum,1.25,0.2378919768200489,0.1978919768200489,0.2473649710250611,0,0.0,0.0,-0.25,-1.300510120607688,-0.650255060303844,9.662647306802425,-0.650255060303844,-0.10349130711787526,True,FAIL_RELATIVE_EQUILIBRIUM_GATE,0.232729965698164,0.22878744608596122,0.22160098248303411,-0.0502208207311623,0.13739470371372478,0.032208517980064355,0.1029287270912577,1.4270729665200546,1.209126647163918,,,,,
B4_CHIRALITY_SWEEP,96,0.04,rosenhead,fixed_sampled_reach,mirror_trefoil,3:1:1,continuum_rankine,continuum,1.25,0.2378919768200489,0.1978919768200489,0.2473649710250611,0,0.0,0.0,-0.25,-1.300510120607688,-0.650255060303844,9.662647306802425,-0.650255060303844,-0.10349130711787526,True,FAIL_RELATIVE_EQUILIBRIUM_GATE,0.22361519853384465,0.2249237090381467,0.22160098248303411,-0.009089382313387295,0.13201370032550866,0.032208517980064355,0.1029287270912577,1.4270729665200546,1.209126647163918,,,,,
B4_CHIRALITY_SWEEP,96,0.04,rosenhead,fixed_sampled_reach,trefoil,3:1:1,continuum_rankine,continuum,1.25,0.2378919768200489,0.1978919768200489,0.2473649710250611,0,0.0,0.0,-0.5,-2.601020241215376,-1.300510120607688,4.8313236534012125,-1.300510120607688,-0.2069826142357505,True,FAIL_RELATIVE_EQUILIBRIUM_GATE,0.2552890156363931,0.2442221451467387,0.22160098248303411,-0.15202113625980052,0.15071268781185315,0.06441703596012871,0.2058574541825154,1.4270729665200546,1.209126647163918,,,,,
B4_CHIRALITY_SWEEP,96,0.04,rosenhead,fixed_sampled_reach,mirror_trefoil,3:1:1,continuum_rankine,continuum,1.25,0.2378919768200489,0.1978919768200489,0.2473649710250611,0,0.0,0.0,-0.5,-2.601020241215376,-1.300510120607688,4.8313236534012125,-1.300510120607688,-0.2069826142357505,True,FAIL_RELATIVE_EQUILIBRIUM_GATE,0.23843976528155475,0.2384448312501449,0.22160098248303411,-0.07598695010212708,0.14076554691249946,0.06441703596012871,0.2058574541825154,1.4270729665200546,1.209126647163918,,,,,
B4_CHIRALITY_SWEEP,96,0.04,rosenhead,fixed_sampled_reach,trefoil,3:1:1,continuum_rankine,continuum,1.25,0.2378919768200489,0.1978919768200489,0.2473649710250611,0,0.0,0.0,-1.0,-5.202040482430752,-2.601020241215376,2.4156618267006063,-2.601020241215376,-0.413965228471501,True,FAIL_RELATIVE_EQUILIBRIUM_GATE,0.3241141463573916,0.2867024930360912,0.22160098248303411,-0.46260247913028074,0.19134436330367213,0.12883407192025742,0.4117149083650308,1.4270729665200546,1.209126647163918,,,,,
B4_CHIRALITY_SWEEP,96,0.04,rosenhead,fixed_sampled_reach,mirror_trefoil,3:1:1,continuum_rankine,continuum,1.25,0.2378919768200489,0.1978919768200489,0.2473649710250611,0,0.0,0.0,-1.0,-5.202040482430752,-2.601020241215376,2.4156618267006063,-2.601020241215376,-0.413965228471501,True,FAIL_RELATIVE_EQUILIBRIUM_GATE,0.2973416556670615,0.2844683818514477,0.22160098248303411,-0.34178852609476196,0.17553892795699655,0.12883407192025742,0.4117149083650308,1.4270729665200546,1.209126647163918,,,,,
B4_CHIRALITY_SWEEP,96,0.04,rosenhead,fixed_sampled_reach,trefoil,3:1:1,continuum_rankine,continuum,1.25,0.2378919768200489,0.1978919768200489,0.2473649710250611,0,0.0,0.0,-2.0,-10.404080964861503,-5.202040482430752,1.2078309133503031,-5.202040482430752,-0.827930456943002,True,FAIL_RELATIVE_EQUILIBRIUM_GATE,0.506202541962635,0.364696327315744,0.22160098248303411,-1.284297372198655,0.29884225722050733,0.25766814384051484,0.8234298167300615,1.4270729665200546,1.209126647163918,,,,,
B4_CHIRALITY_SWEEP,96,0.04,rosenhead,fixed_sampled_reach,mirror_trefoil,3:1:1,continuum_rankine,continuum,1.25,0.2378919768200489,0.1978919768200489,0.2473649710250611,0,0.0,0.0,-2.0,-10.404080964861503,-5.202040482430752,1.2078309133503031,-5.202040482430752,-0.827930456943002,True,FAIL_RELATIVE_EQUILIBRIUM_GATE,0.47219188275650265,0.37858148737154085,0.22160098248303411,-1.1308203486537063,0.2787636892083612,0.25766814384051484,0.8234298167300615,1.4270729665200546,1.209126647163918,,,,,
B4_CHIRALITY_SWEEP,96,0.04,rosenhead,fixed_sampled_reach,trefoil,3:1:1,continuum_rankine,continuum,1.25,0.2378919768200489,0.1978919768200489,0.2473649710250611,0,0.0,0.0,0.25,1.300510120607688,0.650255060303844,9.662647306802425,0.650255060303844,0.10349130711787526,True,FAIL_RELATIVE_EQUILIBRIUM_GATE,0.22361519853384465,0.2249237090381467,0.22160098248303411,-0.009089382313387295,0.13201370032550866,0.032208517980064355,0.1029287270912577,1.4270729665200546,1.209126647163918,,,,,
B4_CHIRALITY_SWEEP,96,0.04,rosenhead,fixed_sampled_reach,mirror_trefoil,3:1:1,continuum_rankine,continuum,1.25,0.2378919768200489,0.1978919768200489,0.2473649710250611,0,0.0,0.0,0.25,1.300510120607688,0.650255060303844,9.662647306802425,0.650255060303844,0.10349130711787526,True,FAIL_RELATIVE_EQUILIBRIUM_GATE,0.232729965698164,0.22878744608596122,0.22160098248303411,-0.0502208207311623,0.13739470371372478,0.032208517980064355,0.1029287270912577,1.4270729665200546,1.209126647163918,,,,,
B4_CHIRALITY_SWEEP,96,0.04,rosenhead,fixed_sampled_reach,trefoil,3:1:1,continuum_rankine,continuum,1.25,0.2378919768200489,0.1978919768200489,0.2473649710250611,0,0.0,0.0,0.5,2.601020241215376,1.300510120607688,4.8313236534012125,1.300510120607688,0.2069826142357505,True,FAIL_RELATIVE_EQUILIBRIUM_GATE,0.23843976528155475,0.2384448312501449,0.22160098248303411,-0.07598695010212708,0.14076554691249946,0.06441703596012871,0.2058574541825154,1.4270729665200546,1.209126647163918,,,,,
B4_CHIRALITY_SWEEP,96,0.04,rosenhead,fixed_sampled_reach,mirror_trefoil,3:1:1,continuum_rankine,continuum,1.25,0.2378919768200489,0.1978919768200489,0.2473649710250611,0,0.0,0.0,0.5,2.601020241215376,1.300510120607688,4.8313236534012125,1.300510120607688,0.2069826142357505,True,FAIL_RELATIVE_EQUILIBRIUM_GATE,0.2552890156363931,0.2442221451467387,0.22160098248303411,-0.15202113625980052,0.15071268781185315,0.06441703596012871,0.2058574541825154,1.4270729665200546,1.209126647163918,,,,,
B4_CHIRALITY_SWEEP,96,0.04,rosenhead,fixed_sampled_reach,trefoil,3:1:1,continuum_rankine,continuum,1.25,0.2378919768200489,0.1978919768200489,0.2473649710250611,0,0.0,0.0,1.0,5.202040482430752,2.601020241215376,2.4156618267006063,2.601020241215376,0.413965228471501,True,FAIL_RELATIVE_EQUILIBRIUM_GATE,0.2973416556670615,0.2844683818514477,0.22160098248303411,-0.34178852609476196,0.17553892795699655,0.12883407192025742,0.4117149083650308,1.4270729665200546,1.209126647163918,,,,,
B4_CHIRALITY_SWEEP,96,0.04,rosenhead,fixed_sampled_reach,mirror_trefoil,3:1:1,continuum_rankine,continuum,1.25,0.2378919768200489,0.1978919768200489,0.2473649710250611,0,0.0,0.0,1.0,5.202040482430752,2.601020241215376,2.4156618267006063,2.601020241215376,0.413965228471501,True,FAIL_RELATIVE_EQUILIBRIUM_GATE,0.3241141463573916,0.2867024930360912,0.22160098248303411,-0.46260247913028074,0.19134436330367213,0.12883407192025742,0.4117149083650308,1.4270729665200546,1.209126647163918,,,,,
B4_CHIRALITY_SWEEP,96,0.04,rosenhead,fixed_sampled_reach,trefoil,3:1:1,continuum_rankine,continuum,1.25,0.2378919768200489,0.1978919768200489,0.2473649710250611,0,0.0,0.0,2.0,10.404080964861503,5.202040482430752,1.2078309133503031,5.202040482430752,0.827930456943002,True,FAIL_RELATIVE_EQUILIBRIUM_GATE,0.47219188275650265,0.37858148737154085,0.22160098248303411,-1.1308203486537063,0.2787636892083612,0.25766814384051484,0.8234298167300615,1.4270729665200546,1.209126647163918,,,,,
B4_CHIRALITY_SWEEP,96,0.04,rosenhead,fixed_sampled_reach,mirror_trefoil,3:1:1,continuum_rankine,continuum,1.25,0.2378919768200489,0.1978919768200489,0.2473649710250611,0,0.0,0.0,2.0,10.404080964861503,5.202040482430752,1.2078309133503031,5.202040482430752,0.827930456943002,True,FAIL_RELATIVE_EQUILIBRIUM_GATE,0.506202541962635,0.364696327315744,0.22160098248303411,-1.284297372198655,0.29884225722050733,0.25766814384051484,0.8234298167300615,1.4270729665200546,1.209126647163918,,,,,
B4_CHIRALITY_SWEEP,96,0.04,winckelmans,fixed_sampled_reach,trefoil,3:1:1,continuum_rankine,continuum,0.75,0.2378919768200489,0.1978919768200489,0.14841898261503667,0,0.0,0.0,-0.25,-3.612528112799133,-1.8062640563995664,3.478553030448873,-1.8062640563995664,-0.287475853105209,True,FAIL_RELATIVE_EQUILIBRIUM_GATE,0.2328697045711769,0.22946767498429105,0.22378900720029954,-0.04057704837463172,0.1430731623638579,0.03323877540806184,0.10385297597872173,1.4270729665200546,1.209126647163918,,,,,
B4_CHIRALITY_SWEEP,96,0.04,winckelmans,fixed_sampled_reach,mirror_trefoil,3:1:1,continuum_rankine,continuum,0.75,0.2378919768200489,0.1978919768200489,0.14841898261503667,0,0.0,0.0,-0.25,-3.612528112799133,-1.8062640563995664,3.478553030448873,-1.8062640563995664,-0.287475853105209,True,FAIL_RELATIVE_EQUILIBRIUM_GATE,0.2275707128372101,0.22846924672565638,0.22378900720029954,-0.0168985317206658,0.13981750699162013,0.03323877540806184,0.10385297597872173,1.4270729665200546,1.209126647163918,,,,,
B4_CHIRALITY_SWEEP,96,0.04,winckelmans,fixed_sampled_reach,trefoil,3:1:1,continuum_rankine,continuum,0.75,0.2378919768200489,0.1978919768200489,0.14841898261503667,0,0.0,0.0,-0.5,-7.225056225598266,-3.612528112799133,1.7392765152244365,-3.612528112799133,-0.574951706210418,True,FAIL_RELATIVE_EQUILIBRIUM_GATE,0.2534339520098884,0.24366805718121104,0.22378900720029954,-0.13246827974465925,0.15570766077620948,0.06647755081612368,0.20770595195744346,1.4270729665200546,1.209126647163918,,,,,
B4_CHIRALITY_SWEEP,96,0.04,winckelmans,fixed_sampled_reach,mirror_trefoil,3:1:1,continuum_rankine,continuum,0.75,0.2378919768200489,0.1978919768200489,0.14841898261503667,0,0.0,0.0,-0.5,-7.225056225598266,-3.612528112799133,1.7392765152244365,-3.612528112799133,-0.574951706210418,True,FAIL_RELATIVE_EQUILIBRIUM_GATE,0.24361655957608438,0.24285028461254776,0.22378900720029954,-0.08859931336143978,0.14967593851221686,0.06647755081612368,0.20770595195744346,1.4270729665200546,1.209126647163918,,,,,
B4_CHIRALITY_SWEEP,96,0.04,winckelmans,fixed_sampled_reach,trefoil,3:1:1,continuum_rankine,continuum,0.75,0.2378919768200489,0.1978919768200489,0.14841898261503667,0,0.0,0.0,-1.0,-14.450112451196532,-7.225056225598266,0.8696382576122182,-7.225056225598266,-1.149903412420836,True,FAIL_RELATIVE_EQUILIBRIUM_GATE,0.3190466626728008,0.2851802269642294,0.22378900720029954,-0.42565833176623413,0.19601955116613531,0.13295510163224736,0.4154119039148869,1.4270729665200546,1.209126647163918,,,,,
B4_CHIRALITY_SWEEP,96,0.04,winckelmans,fixed_sampled_reach,mirror_trefoil,3:1:1,continuum_rankine,continuum,0.75,0.2378919768200489,0.1978919768200489,0.14841898261503667,0,0.0,0.0,-1.0,-14.450112451196532,-7.225056225598266,0.8696382576122182,-7.225056225598266,-1.149903412420836,True,FAIL_RELATIVE_EQUILIBRIUM_GATE,0.3033665985228547,0.2891533542632,0.22378900720029954,-0.35559204769754493,0.1863858533515909,0.13295510163224736,0.4154119039148869,1.4270729665200546,1.209126647163918,,,,,
B4_CHIRALITY_SWEEP,96,0.04,winckelmans,fixed_sampled_reach,trefoil,3:1:1,continuum_rankine,continuum,0.75,0.2378919768200489,0.1978919768200489,0.14841898261503667,0,0.0,0.0,-2.0,-28.900224902393063,-14.450112451196532,0.4348191288061091,-14.450112451196532,-2.299806824841672,True,FAIL_RELATIVE_EQUILIBRIUM_GATE,0.4971509355881728,0.36496456880812644,0.22378900720029954,-1.2215163372310065,0.3054452989397333,0.2659102032644947,0.8308238078297738,1.4270729665200546,1.209126647163918,,,,,
B4_CHIRALITY_SWEEP,96,0.04,winckelmans,fixed_sampled_reach,mirror_trefoil,3:1:1,continuum_rankine,continuum,0.75,0.2378919768200489,0.1978919768200489,0.14841898261503667,0,0.0,0.0,-2.0,-28.900224902393063,-14.450112451196532,0.4348191288061091,-14.450112451196532,-2.299806824841672,True,FAIL_RELATIVE_EQUILIBRIUM_GATE,0.4771164355055749,0.3827616762750313,0.22378900720029954,-1.1319922791316457,0.2931362727893603,0.2659102032644947,0.8308238078297738,1.4270729665200546,1.209126647163918,,,,,
B4_CHIRALITY_SWEEP,96,0.04,winckelmans,fixed_sampled_reach,trefoil,3:1:1,continuum_rankine,continuum,0.75,0.2378919768200489,0.1978919768200489,0.14841898261503667,0,0.0,0.0,0.25,3.612528112799133,1.8062640563995664,3.478553030448873,1.8062640563995664,0.287475853105209,True,FAIL_RELATIVE_EQUILIBRIUM_GATE,0.2275707128372101,0.22846924672565638,0.22378900720029954,-0.0168985317206658,0.13981750699162013,0.03323877540806184,0.10385297597872173,1.4270729665200546,1.209126647163918,,,,,
B4_CHIRALITY_SWEEP,96,0.04,winckelmans,fixed_sampled_reach,mirror_trefoil,3:1:1,continuum_rankine,continuum,0.75,0.2378919768200489,0.1978919768200489,0.14841898261503667,0,0.0,0.0,0.25,3.612528112799133,1.8062640563995664,3.478553030448873,1.8062640563995664,0.287475853105209,True,FAIL_RELATIVE_EQUILIBRIUM_GATE,0.2328697045711769,0.22946767498429105,0.22378900720029954,-0.04057704837463172,0.1430731623638579,0.03323877540806184,0.10385297597872173,1.4270729665200546,1.209126647163918,,,,,
B4_CHIRALITY_SWEEP,96,0.04,winckelmans,fixed_sampled_reach,trefoil,3:1:1,continuum_rankine,continuum,0.75,0.2378919768200489,0.1978919768200489,0.14841898261503667,0,0.0,0.0,0.5,7.225056225598266,3.612528112799133,1.7392765152244365,3.612528112799133,0.574951706210418,True,FAIL_RELATIVE_EQUILIBRIUM_GATE,0.24361655957608438,0.24285028461254776,0.22378900720029954,-0.08859931336143978,0.14967593851221686,0.06647755081612368,0.20770595195744346,1.4270729665200546,1.209126647163918,,,,,
B4_CHIRALITY_SWEEP,96,0.04,winckelmans,fixed_sampled_reach,mirror_trefoil,3:1:1,continuum_rankine,continuum,0.75,0.2378919768200489,0.1978919768200489,0.14841898261503667,0,0.0,0.0,0.5,7.225056225598266,3.612528112799133,1.7392765152244365,3.612528112799133,0.574951706210418,True,FAIL_RELATIVE_EQUILIBRIUM_GATE,0.2534339520098884,0.24366805718121104,0.22378900720029954,-0.13246827974465925,0.15570766077620948,0.06647755081612368,0.20770595195744346,1.4270729665200546,1.209126647163918,,,,,
B4_CHIRALITY_SWEEP,96,0.04,winckelmans,fixed_sampled_reach,trefoil,3:1:1,continuum_rankine,continuum,0.75,0.2378919768200489,0.1978919768200489,0.14841898261503667,0,0.0,0.0,1.0,14.450112451196532,7.225056225598266,0.8696382576122182,7.225056225598266,1.149903412420836,True,FAIL_RELATIVE_EQUILIBRIUM_GATE,0.3033665985228547,0.2891533542632,0.22378900720029954,-0.35559204769754493,0.1863858533515909,0.13295510163224736,0.4154119039148869,1.4270729665200546,1.209126647163918,,,,,
B4_CHIRALITY_SWEEP,96,0.04,winckelmans,fixed_sampled_reach,mirror_trefoil,3:1:1,continuum_rankine,continuum,0.75,0.2378919768200489,0.1978919768200489,0.14841898261503667,0,0.0,0.0,1.0,14.450112451196532,7.225056225598266,0.8696382576122182,7.225056225598266,1.149903412420836,True,FAIL_RELATIVE_EQUILIBRIUM_GATE,0.3190466626728008,0.2851802269642294,0.22378900720029954,-0.42565833176623413,0.19601955116613531,0.13295510163224736,0.4154119039148869,1.4270729665200546,1.209126647163918,,,,,
B4_CHIRALITY_SWEEP,96,0.04,winckelmans,fixed_sampled_reach,trefoil,3:1:1,continuum_rankine,continuum,0.75,0.2378919768200489,0.1978919768200489,0.14841898261503667,0,0.0,0.0,2.0,28.900224902393063,14.450112451196532,0.4348191288061091,14.450112451196532,2.299806824841672,True,FAIL_RELATIVE_EQUILIBRIUM_GATE,0.4771164355055749,0.3827616762750313,0.22378900720029954,-1.1319922791316457,0.2931362727893603,0.2659102032644947,0.8308238078297738,1.4270729665200546,1.209126647163918,,,,,
B4_CHIRALITY_SWEEP,96,0.04,winckelmans,fixed_sampled_reach,mirror_trefoil,3:1:1,continuum_rankine,continuum,0.75,0.2378919768200489,0.1978919768200489,0.14841898261503667,0,0.0,0.0,2.0,28.900224902393063,14.450112451196532,0.4348191288061091,14.450112451196532,2.299806824841672,True,FAIL_RELATIVE_EQUILIBRIUM_GATE,0.4971509355881728,0.36496456880812644,0.22378900720029954,-1.2215163372310065,0.3054452989397333,0.2659102032644947,0.8308238078297738,1.4270729665200546,1.209126647163918,,,,,
B4_CHIRALITY_SWEEP,96,0.04,winckelmans,fixed_sampled_reach,trefoil,3:1:1,continuum_rankine,continuum,1.0,0.2378919768200489,0.1978919768200489,0.1978919768200489,0,0.0,0.0,-0.25,-2.0320470634495122,-1.0160235317247561,6.1840942763535525,-1.0160235317247561,-0.1617051673716801,True,FAIL_RELATIVE_EQUILIBRIUM_GATE,0.2328697045711769,0.22946767498429105,0.22378900720029954,-0.04057704837463172,0.1430731623638579,0.03323877540806184,0.10385297597872173,1.4270729665200546,1.209126647163918,,,,,
B4_CHIRALITY_SWEEP,96,0.04,winckelmans,fixed_sampled_reach,mirror_trefoil,3:1:1,continuum_rankine,continuum,1.0,0.2378919768200489,0.1978919768200489,0.1978919768200489,0,0.0,0.0,-0.25,-2.0320470634495122,-1.0160235317247561,6.1840942763535525,-1.0160235317247561,-0.1617051673716801,True,FAIL_RELATIVE_EQUILIBRIUM_GATE,0.2275707128372101,0.22846924672565638,0.22378900720029954,-0.0168985317206658,0.13981750699162013,0.03323877540806184,0.10385297597872173,1.4270729665200546,1.209126647163918,,,,,
B4_CHIRALITY_SWEEP,96,0.04,winckelmans,fixed_sampled_reach,trefoil,3:1:1,continuum_rankine,continuum,1.0,0.2378919768200489,0.1978919768200489,0.1978919768200489,0,0.0,0.0,-0.5,-4.0640941268990245,-2.0320470634495122,3.0920471381767762,-2.0320470634495122,-0.3234103347433602,True,FAIL_RELATIVE_EQUILIBRIUM_GATE,0.2534339520098884,0.24366805718121104,0.22378900720029954,-0.13246827974465925,0.15570766077620948,0.06647755081612368,0.20770595195744346,1.4270729665200546,1.209126647163918,,,,,
B4_CHIRALITY_SWEEP,96,0.04,winckelmans,fixed_sampled_reach,mirror_trefoil,3:1:1,continuum_rankine,continuum,1.0,0.2378919768200489,0.1978919768200489,0.1978919768200489,0,0.0,0.0,-0.5,-4.0640941268990245,-2.0320470634495122,3.0920471381767762,-2.0320470634495122,-0.3234103347433602,True,FAIL_RELATIVE_EQUILIBRIUM_GATE,0.24361655957608438,0.24285028461254776,0.22378900720029954,-0.08859931336143978,0.14967593851221686,0.06647755081612368,0.20770595195744346,1.4270729665200546,1.209126647163918,,,,,
B4_CHIRALITY_SWEEP,96,0.04,winckelmans,fixed_sampled_reach,trefoil,3:1:1,continuum_rankine,continuum,1.0,0.2378919768200489,0.1978919768200489,0.1978919768200489,0,0.0,0.0,-1.0,-8.128188253798049,-4.0640941268990245,1.5460235690883881,-4.0640941268990245,-0.6468206694867203,True,FAIL_RELATIVE_EQUILIBRIUM_GATE,0.3190466626728008,0.2851802269642294,0.22378900720029954,-0.42565833176623413,0.19601955116613531,0.13295510163224736,0.4154119039148869,1.4270729665200546,1.209126647163918,,,,,
B4_CHIRALITY_SWEEP,96,0.04,winckelmans,fixed_sampled_reach,mirror_trefoil,3:1:1,continuum_rankine,continuum,1.0,0.2378919768200489,0.1978919768200489,0.1978919768200489,0,0.0,0.0,-1.0,-8.128188253798049,-4.0640941268990245,1.5460235690883881,-4.0640941268990245,-0.6468206694867203,True,FAIL_RELATIVE_EQUILIBRIUM_GATE,0.3033665985228547,0.2891533542632,0.22378900720029954,-0.35559204769754493,0.1863858533515909,0.13295510163224736,0.4154119039148869,1.4270729665200546,1.209126647163918,,,,,
B4_CHIRALITY_SWEEP,96,0.04,winckelmans,fixed_sampled_reach,trefoil,3:1:1,continuum_rankine,continuum,1.0,0.2378919768200489,0.1978919768200489,0.1978919768200489,0,0.0,0.0,-2.0,-16.256376507596098,-8.128188253798049,0.7730117845441941,-8.128188253798049,-1.2936413389734407,True,FAIL_RELATIVE_EQUILIBRIUM_GATE,0.4971509355881728,0.36496456880812644,0.22378900720029954,-1.2215163372310065,0.3054452989397333,0.2659102032644947,0.8308238078297738,1.4270729665200546,1.209126647163918,,,,,
B4_CHIRALITY_SWEEP,96,0.04,winckelmans,fixed_sampled_reach,mirror_trefoil,3:1:1,continuum_rankine,continuum,1.0,0.2378919768200489,0.1978919768200489,0.1978919768200489,0,0.0,0.0,-2.0,-16.256376507596098,-8.128188253798049,0.7730117845441941,-8.128188253798049,-1.2936413389734407,True,FAIL_RELATIVE_EQUILIBRIUM_GATE,0.4771164355055749,0.3827616762750313,0.22378900720029954,-1.1319922791316457,0.2931362727893603,0.2659102032644947,0.8308238078297738,1.4270729665200546,1.209126647163918,,,,,
B4_CHIRALITY_SWEEP,96,0.04,winckelmans,fixed_sampled_reach,trefoil,3:1:1,continuum_rankine,continuum,1.0,0.2378919768200489,0.1978919768200489,0.1978919768200489,0,0.0,0.0,0.25,2.0320470634495122,1.0160235317247561,6.1840942763535525,1.0160235317247561,0.1617051673716801,True,FAIL_RELATIVE_EQUILIBRIUM_GATE,0.2275707128372101,0.22846924672565638,0.22378900720029954,-0.0168985317206658,0.13981750699162013,0.03323877540806184,0.10385297597872173,1.4270729665200546,1.209126647163918,,,,,
B4_CHIRALITY_SWEEP,96,0.04,winckelmans,fixed_sampled_reach,mirror_trefoil,3:1:1,continuum_rankine,continuum,1.0,0.2378919768200489,0.1978919768200489,0.1978919768200489,0,0.0,0.0,0.25,2.0320470634495122,1.0160235317247561,6.1840942763535525,1.0160235317247561,0.1617051673716801,True,FAIL_RELATIVE_EQUILIBRIUM_GATE,0.2328697045711769,0.22946767498429105,0.22378900720029954,-0.04057704837463172,0.1430731623638579,0.03323877540806184,0.10385297597872173,1.4270729665200546,1.209126647163918,,,,,
B4_CHIRALITY_SWEEP,96,0.04,winckelmans,fixed_sampled_reach,trefoil,3:1:1,continuum_rankine,continuum,1.0,0.2378919768200489,0.1978919768200489,0.1978919768200489,0,0.0,0.0,0.5,4.0640941268990245,2.0320470634495122,3.0920471381767762,2.0320470634495122,0.3234103347433602,True,FAIL_RELATIVE_EQUILIBRIUM_GATE,0.24361655957608438,0.24285028461254776,0.22378900720029954,-0.08859931336143978,0.14967593851221686,0.06647755081612368,0.20770595195744346,1.4270729665200546,1.209126647163918,,,,,
B4_CHIRALITY_SWEEP,96,0.04,winckelmans,fixed_sampled_reach,mirror_trefoil,3:1:1,continuum_rankine,continuum,1.0,0.2378919768200489,0.1978919768200489,0.1978919768200489,0,0.0,0.0,0.5,4.0640941268990245,2.0320470634495122,3.0920471381767762,2.0320470634495122,0.3234103347433602,True,FAIL_RELATIVE_EQUILIBRIUM_GATE,0.2534339520098884,0.24366805718121104,0.22378900720029954,-0.13246827974465925,0.15570766077620948,0.06647755081612368,0.20770595195744346,1.4270729665200546,1.209126647163918,,,,,
B4_CHIRALITY_SWEEP,96,0.04,winckelmans,fixed_sampled_reach,trefoil,3:1:1,continuum_rankine,continuum,1.0,0.2378919768200489,0.1978919768200489,0.1978919768200489,0,0.0,0.0,1.0,8.128188253798049,4.0640941268990245,1.5460235690883881,4.0640941268990245,0.6468206694867203,True,FAIL_RELATIVE_EQUILIBRIUM_GATE,0.3033665985228547,0.2891533542632,0.22378900720029954,-0.35559204769754493,0.1863858533515909,0.13295510163224736,0.4154119039148869,1.4270729665200546,1.209126647163918,,,,,
B4_CHIRALITY_SWEEP,96,0.04,winckelmans,fixed_sampled_reach,mirror_trefoil,3:1:1,continuum_rankine,continuum,1.0,0.2378919768200489,0.1978919768200489,0.1978919768200489,0,0.0,0.0,1.0,8.128188253798049,4.0640941268990245,1.5460235690883881,4.0640941268990245,0.6468206694867203,True,FAIL_RELATIVE_EQUILIBRIUM_GATE,0.3190466626728008,0.2851802269642294,0.22378900720029954,-0.42565833176623413,0.19601955116613531,0.13295510163224736,0.4154119039148869,1.4270729665200546,1.209126647163918,,,,,
B4_CHIRALITY_SWEEP,96,0.04,winckelmans,fixed_sampled_reach,trefoil,3:1:1,continuum_rankine,continuum,1.0,0.2378919768200489,0.1978919768200489,0.1978919768200489,0,0.0,0.0,2.0,16.256376507596098,8.128188253798049,0.7730117845441941,8.128188253798049,1.2936413389734407,True,FAIL_RELATIVE_EQUILIBRIUM_GATE,0.4771164355055749,0.3827616762750313,0.22378900720029954,-1.1319922791316457,0.2931362727893603,0.2659102032644947,0.8308238078297738,1.4270729665200546,1.209126647163918,,,,,
B4_CHIRALITY_SWEEP,96,0.04,winckelmans,fixed_sampled_reach,mirror_trefoil,3:1:1,continuum_rankine,continuum,1.0,0.2378919768200489,0.1978919768200489,0.1978919768200489,0,0.0,0.0,2.0,16.256376507596098,8.128188253798049,0.7730117845441941,8.128188253798049,1.2936413389734407,True,FAIL_RELATIVE_EQUILIBRIUM_GATE,0.4971509355881728,0.36496456880812644,0.22378900720029954,-1.2215163372310065,0.3054452989397333,0.2659102032644947,0.8308238078297738,1.4270729665200546,1.209126647163918,,,,,
B4_CHIRALITY_SWEEP,96,0.04,winckelmans,fixed_sampled_reach,trefoil,3:1:1,continuum_rankine,continuum,1.25,0.2378919768200489,0.1978919768200489,0.2473649710250611,0,0.0,0.0,-0.25,-1.300510120607688,-0.650255060303844,9.662647306802425,-0.650255060303844,-0.10349130711787526,True,FAIL_RELATIVE_EQUILIBRIUM_GATE,0.23232221488127502,0.22906590344710456,0.22378900720029954,-0.03813059357887916,0.1427367893631702,0.032208517980064355,0.1029287270912577,1.4270729665200546,1.209126647163918,,,,,
B4_CHIRALITY_SWEEP,96,0.04,winckelmans,fixed_sampled_reach,mirror_trefoil,3:1:1,continuum_rankine,continuum,1.25,0.2378919768200489,0.1978919768200489,0.2473649710250611,0,0.0,0.0,-0.25,-1.300510120607688,-0.650255060303844,9.662647306802425,-0.650255060303844,-0.10349130711787526,True,FAIL_RELATIVE_EQUILIBRIUM_GATE,0.22734525098161998,0.22817382359095517,0.22378900720029954,-0.01589105660644652,0.13967898514855298,0.032208517980064355,0.1029287270912577,1.4270729665200546,1.209126647163918,,,,,
B4_CHIRALITY_SWEEP,96,0.04,winckelmans,fixed_sampled_reach,trefoil,3:1:1,continuum_rankine,continuum,1.25,0.2378919768200489,0.1978919768200489,0.2473649710250611,0,0.0,0.0,-0.5,-2.601020241215376,-1.300510120607688,4.8313236534012125,-1.300510120607688,-0.2069826142357505,True,FAIL_RELATIVE_EQUILIBRIUM_GATE,0.2517183713892027,0.2423675923532539,0.22378900720029954,-0.12480221677691872,0.15465362266015809,0.06441703596012871,0.2058574541825154,1.4270729665200546,1.209126647163918,,,,,
B4_CHIRALITY_SWEEP,96,0.04,winckelmans,fixed_sampled_reach,mirror_trefoil,3:1:1,continuum_rankine,continuum,1.25,0.2378919768200489,0.1978919768200489,0.2473649710250611,0,0.0,0.0,-0.5,-2.601020241215376,-1.300510120607688,4.8313236534012125,-1.300510120607688,-0.2069826142357505,True,FAIL_RELATIVE_EQUILIBRIUM_GATE,0.2424595672023306,0.24162919391494095,0.22378900720029954,-0.08342929903308538,0.14896509225572915,0.06441703596012871,0.2058574541825154,1.4270729665200546,1.209126647163918,,,,,
B4_CHIRALITY_SWEEP,96,0.04,winckelmans,fixed_sampled_reach,trefoil,3:1:1,continuum_rankine,continuum,1.25,0.2378919768200489,0.1978919768200489,0.2473649710250611,0,0.0,0.0,-1.0,-5.202040482430752,-2.601020241215376,2.4156618267006063,-2.601020241215376,-0.413965228471501,True,FAIL_RELATIVE_EQUILIBRIUM_GATE,0.3140517441144884,0.2817048007457075,0.22378900720029954,-0.40333856449615646,0.1929507157622185,0.12883407192025742,0.4117149083650308,1.4270729665200546,1.209126647163918,,,,,
B4_CHIRALITY_SWEEP,96,0.04,winckelmans,fixed_sampled_reach,mirror_trefoil,3:1:1,continuum_rankine,continuum,1.25,0.2378919768200489,0.1978919768200489,0.2473649710250611,0,0.0,0.0,-1.0,-5.202040482430752,-2.601020241215376,2.4156618267006063,-2.601020241215376,-0.413965228471501,True,FAIL_RELATIVE_EQUILIBRIUM_GATE,0.29912790650083104,0.28529737916087244,0.22378900720029954,-0.3366514747219034,0.18378163708827697,0.12883407192025742,0.4117149083650308,1.4270729665200546,1.209126647163918,,,,,
B4_CHIRALITY_SWEEP,96,0.04,winckelmans,fixed_sampled_reach,trefoil,3:1:1,continuum_rankine,continuum,1.25,0.2378919768200489,0.1978919768200489,0.2473649710250611,0,0.0,0.0,-2.0,-10.404080964861503,-5.202040482430752,1.2078309133503031,-5.202040482430752,-0.827930456943002,True,FAIL_RELATIVE_EQUILIBRIUM_GATE,0.48489013101994455,0.3586553677748432,0.22378900720029954,-1.1667289965943222,0.29791236507900654,0.25766814384051484,0.8234298167300615,1.4270729665200546,1.209126647163918,,,,,
B4_CHIRALITY_SWEEP,96,0.04,winckelmans,fixed_sampled_reach,mirror_trefoil,3:1:1,continuum_rankine,continuum,1.25,0.2378919768200489,0.1978919768200489,0.2473649710250611,0,0.0,0.0,-2.0,-10.404080964861503,-5.202040482430752,1.2078309133503031,-5.202040482430752,-0.827930456943002,True,FAIL_RELATIVE_EQUILIBRIUM_GATE,0.46563553568534116,0.3751282281243361,0.22378900720029954,-1.080689938753694,0.28608250576076244,0.25766814384051484,0.8234298167300615,1.4270729665200546,1.209126647163918,,,,,
B4_CHIRALITY_SWEEP,96,0.04,winckelmans,fixed_sampled_reach,trefoil,3:1:1,continuum_rankine,continuum,1.25,0.2378919768200489,0.1978919768200489,0.2473649710250611,0,0.0,0.0,0.25,1.300510120607688,0.650255060303844,9.662647306802425,0.650255060303844,0.10349130711787526,True,FAIL_RELATIVE_EQUILIBRIUM_GATE,0.22734525098161998,0.22817382359095517,0.22378900720029954,-0.01589105660644652,0.13967898514855298,0.032208517980064355,0.1029287270912577,1.4270729665200546,1.209126647163918,,,,,
B4_CHIRALITY_SWEEP,96,0.04,winckelmans,fixed_sampled_reach,mirror_trefoil,3:1:1,continuum_rankine,continuum,1.25,0.2378919768200489,0.1978919768200489,0.2473649710250611,0,0.0,0.0,0.25,1.300510120607688,0.650255060303844,9.662647306802425,0.650255060303844,0.10349130711787526,True,FAIL_RELATIVE_EQUILIBRIUM_GATE,0.23232221488127502,0.22906590344710456,0.22378900720029954,-0.03813059357887916,0.1427367893631702,0.032208517980064355,0.1029287270912577,1.4270729665200546,1.209126647163918,,,,,
B4_CHIRALITY_SWEEP,96,0.04,winckelmans,fixed_sampled_reach,trefoil,3:1:1,continuum_rankine,continuum,1.25,0.2378919768200489,0.1978919768200489,0.2473649710250611,0,0.0,0.0,0.5,2.601020241215376,1.300510120607688,4.8313236534012125,1.300510120607688,0.2069826142357505,True,FAIL_RELATIVE_EQUILIBRIUM_GATE,0.2424595672023306,0.24162919391494095,0.22378900720029954,-0.08342929903308538,0.14896509225572915,0.06441703596012871,0.2058574541825154,1.4270729665200546,1.209126647163918,,,,,
B4_CHIRALITY_SWEEP,96,0.04,winckelmans,fixed_sampled_reach,mirror_trefoil,3:1:1,continuum_rankine,continuum,1.25,0.2378919768200489,0.1978919768200489,0.2473649710250611,0,0.0,0.0,0.5,2.601020241215376,1.300510120607688,4.8313236534012125,1.300510120607688,0.2069826142357505,True,FAIL_RELATIVE_EQUILIBRIUM_GATE,0.2517183713892027,0.2423675923532539,0.22378900720029954,-0.12480221677691872,0.15465362266015809,0.06441703596012871,0.2058574541825154,1.4270729665200546,1.209126647163918,,,,,
B4_CHIRALITY_SWEEP,96,0.04,winckelmans,fixed_sampled_reach,trefoil,3:1:1,continuum_rankine,continuum,1.25,0.2378919768200489,0.1978919768200489,0.2473649710250611,0,0.0,0.0,1.0,5.202040482430752,2.601020241215376,2.4156618267006063,2.601020241215376,0.413965228471501,True,FAIL_RELATIVE_EQUILIBRIUM_GATE,0.29912790650083104,0.28529737916087244,0.22378900720029954,-0.3366514747219034,0.18378163708827697,0.12883407192025742,0.4117149083650308,1.4270729665200546,1.209126647163918,,,,,
B4_CHIRALITY_SWEEP,96,0.04,winckelmans,fixed_sampled_reach,mirror_trefoil,3:1:1,continuum_rankine,continuum,1.25,0.2378919768200489,0.1978919768200489,0.2473649710250611,0,0.0,0.0,1.0,5.202040482430752,2.601020241215376,2.4156618267006063,2.601020241215376,0.413965228471501,True,FAIL_RELATIVE_EQUILIBRIUM_GATE,0.3140517441144884,0.2817048007457075,0.22378900720029954,-0.40333856449615646,0.1929507157622185,0.12883407192025742,0.4117149083650308,1.4270729665200546,1.209126647163918,,,,,
B4_CHIRALITY_SWEEP,96,0.04,winckelmans,fixed_sampled_reach,trefoil,3:1:1,continuum_rankine,continuum,1.25,0.2378919768200489,0.1978919768200489,0.2473649710250611,0,0.0,0.0,2.0,10.404080964861503,5.202040482430752,1.2078309133503031,5.202040482430752,0.827930456943002,True,FAIL_RELATIVE_EQUILIBRIUM_GATE,0.46563553568534116,0.3751282281243361,0.22378900720029954,-1.080689938753694,0.28608250576076244,0.25766814384051484,0.8234298167300615,1.4270729665200546,1.209126647163918,,,,,
B4_CHIRALITY_SWEEP,96,0.04,winckelmans,fixed_sampled_reach,mirror_trefoil,3:1:1,continuum_rankine,continuum,1.25,0.2378919768200489,0.1978919768200489,0.2473649710250611,0,0.0,0.0,2.0,10.404080964861503,5.202040482430752,1.2078309133503031,5.202040482430752,0.827930456943002,True,FAIL_RELATIVE_EQUILIBRIUM_GATE,0.48489013101994455,0.3586553677748432,0.22378900720029954,-1.1667289965943222,0.29791236507900654,0.25766814384051484,0.8234298167300615,1.4270729665200546,1.209126647163918,,,,,
B4_CHIRALITY_SWEEP,96,0.05,rosenhead,fixed_sampled_reach,trefoil,3:1:1,continuum_rankine,continuum,0.75,0.2378919768200489,0.18789197682004888,0.14091898261503666,0,0.0,0.0,-0.25,-4.007293369747763,-2.0036466848738814,3.1358748798444362,-2.0036466848738814,-0.31889027410736737,True,FAIL_RELATIVE_EQUILIBRIUM_GATE,0.23378720474736042,0.22927950799134036,0.2205383754039983,-0.060074938518486665,0.13508202683795134,0.03323877540806184,0.10385297597872173,1.301174108916972,1.209126647163918,,,,,
B4_CHIRALITY_SWEEP,96,0.05,rosenhead,fixed_sampled_reach,mirror_trefoil,3:1:1,continuum_rankine,continuum,0.75,0.2378919768200489,0.18789197682004888,0.14091898261503666,0,0.0,0.0,-0.25,-4.007293369747763,-2.0036466848738814,3.1358748798444362,-2.0036466848738814,-0.31889027410736737,True,FAIL_RELATIVE_EQUILIBRIUM_GATE,0.22189298426150791,0.22355440468559956,0.2205383754039983,-0.006142281836565511,0.12820955743731544,0.03323877540806184,0.10385297597872173,1.301174108916972,1.209126647163918,,,,,
B4_CHIRALITY_SWEEP,96,0.05,rosenhead,fixed_sampled_reach,trefoil,3:1:1,continuum_rankine,continuum,0.75,0.2378919768200489,0.18789197682004888,0.14091898261503666,0,0.0,0.0,-0.5,-8.014586739495526,-4.007293369747763,1.5679374399222181,-4.007293369747763,-0.6377805482147347,True,FAIL_RELATIVE_EQUILIBRIUM_GATE,0.2594115315434644,0.246855743115753,0.2205383754039983,-0.17626481589997867,0.14988773874043232,0.06647755081612368,0.20770595195744346,1.301174108916972,1.209126647163918,,,,,
B4_CHIRALITY_SWEEP,96,0.05,rosenhead,fixed_sampled_reach,mirror_trefoil,3:1:1,continuum_rankine,continuum,0.75,0.2378919768200489,0.18789197682004888,0.14091898261503666,0,0.0,0.0,-0.5,-8.014586739495526,-4.007293369747763,1.5679374399222181,-4.007293369747763,-0.6377805482147347,True,FAIL_RELATIVE_EQUILIBRIUM_GATE,0.2376013918720027,0.23816391770744205,0.2205383754039983,-0.07736982934034553,0.13728586056825612,0.06647755081612368,0.20770595195744346,1.301174108916972,1.209126647163918,,,,,
B4_CHIRALITY_SWEEP,96,0.05,rosenhead,fixed_sampled_reach,trefoil,3:1:1,continuum_rankine,continuum,0.75,0.2378919768200489,0.18789197682004888,0.14091898261503666,0,0.0,0.0,-1.0,-16.02917347899105,-8.014586739495526,0.7839687199611091,-8.014586739495526,-1.2755610964294695,True,FAIL_RELATIVE_EQUILIBRIUM_GATE,0.3352997531093422,0.2931519911497057,0.2205383754039983,-0.5203691987624177,0.19373588172723125,0.13295510163224736,0.4154119039148869,1.301174108916972,1.209126647163918,,,,,
B4_CHIRALITY_SWEEP,96,0.05,rosenhead,fixed_sampled_reach,mirror_trefoil,3:1:1,continuum_rankine,continuum,0.75,0.2378919768200489,0.18789197682004888,0.14091898261503666,0,0.0,0.0,-1.0,-16.02917347899105,-8.014586739495526,0.7839687199611091,-8.014586739495526,-1.2755610964294695,True,FAIL_RELATIVE_EQUILIBRIUM_GATE,0.3012409033958705,0.2885155563474479,0.2205383754039983,-0.3659341728805041,0.17405671042255413,0.13295510163224736,0.4154119039148869,1.301174108916972,1.209126647163918,,,,,
B4_CHIRALITY_SWEEP,96,0.05,rosenhead,fixed_sampled_reach,trefoil,3:1:1,continuum_rankine,continuum,0.75,0.2378919768200489,0.18789197682004888,0.14091898261503666,0,0.0,0.0,-2.0,-32.0583469579821,-16.02917347899105,0.39198435998055453,-16.02917347899105,-2.551122192858939,True,FAIL_RELATIVE_EQUILIBRIUM_GATE,0.531142476278082,0.37419083414395593,0.2205383754039983,-1.4083902645292294,0.30689362282638727,0.2659102032644947,0.8308238078297738,1.301174108916972,1.209126647163918,,,,,
B4_CHIRALITY_SWEEP,96,0.05,rosenhead,fixed_sampled_reach,mirror_trefoil,3:1:1,continuum_rankine,continuum,0.75,0.2378919768200489,0.18789197682004888,0.14091898261503666,0,0.0,0.0,-2.0,-32.0583469579821,-16.02917347899105,0.39198435998055453,-16.02917347899105,-2.551122192858939,True,FAIL_RELATIVE_EQUILIBRIUM_GATE,0.4886232137280848,0.3888885498127025,0.2205383754039983,-1.2155926959785988,0.28232603294859493,0.2659102032644947,0.8308238078297738,1.301174108916972,1.209126647163918,,,,,
B4_CHIRALITY_SWEEP,96,0.05,rosenhead,fixed_sampled_reach,trefoil,3:1:1,continuum_rankine,continuum,0.75,0.2378919768200489,0.18789197682004888,0.14091898261503666,0,0.0,0.0,0.25,4.007293369747763,2.0036466848738814,3.1358748798444362,2.0036466848738814,0.31889027410736737,True,FAIL_RELATIVE_EQUILIBRIUM_GATE,0.22189298426150791,0.22355440468559956,0.2205383754039983,-0.006142281836565511,0.12820955743731544,0.03323877540806184,0.10385297597872173,1.301174108916972,1.209126647163918,,,,,
B4_CHIRALITY_SWEEP,96,0.05,rosenhead,fixed_sampled_reach,mirror_trefoil,3:1:1,continuum_rankine,continuum,0.75,0.2378919768200489,0.18789197682004888,0.14091898261503666,0,0.0,0.0,0.25,4.007293369747763,2.0036466848738814,3.1358748798444362,2.0036466848738814,0.31889027410736737,True,FAIL_RELATIVE_EQUILIBRIUM_GATE,0.23378720474736042,0.22927950799134036,0.2205383754039983,-0.060074938518486665,0.13508202683795134,0.03323877540806184,0.10385297597872173,1.301174108916972,1.209126647163918,,,,,
B4_CHIRALITY_SWEEP,96,0.05,rosenhead,fixed_sampled_reach,trefoil,3:1:1,continuum_rankine,continuum,0.75,0.2378919768200489,0.18789197682004888,0.14091898261503666,0,0.0,0.0,0.5,8.014586739495526,4.007293369747763,1.5679374399222181,4.007293369747763,0.6377805482147347,True,FAIL_RELATIVE_EQUILIBRIUM_GATE,0.2376013918720027,0.23816391770744205,0.2205383754039983,-0.07736982934034553,0.13728586056825612,0.06647755081612368,0.20770595195744346,1.301174108916972,1.209126647163918,,,,,
B4_CHIRALITY_SWEEP,96,0.05,rosenhead,fixed_sampled_reach,mirror_trefoil,3:1:1,continuum_rankine,continuum,0.75,0.2378919768200489,0.18789197682004888,0.14091898261503666,0,0.0,0.0,0.5,8.014586739495526,4.007293369747763,1.5679374399222181,4.007293369747763,0.6377805482147347,True,FAIL_RELATIVE_EQUILIBRIUM_GATE,0.2594115315434644,0.246855743115753,0.2205383754039983,-0.17626481589997867,0.14988773874043232,0.06647755081612368,0.20770595195744346,1.301174108916972,1.209126647163918,,,,,
B4_CHIRALITY_SWEEP,96,0.05,rosenhead,fixed_sampled_reach,trefoil,3:1:1,continuum_rankine,continuum,0.75,0.2378919768200489,0.18789197682004888,0.14091898261503666,0,0.0,0.0,1.0,16.02917347899105,8.014586739495526,0.7839687199611091,8.014586739495526,1.2755610964294695,True,FAIL_RELATIVE_EQUILIBRIUM_GATE,0.3012409033958705,0.2885155563474479,0.2205383754039983,-0.3659341728805041,0.17405671042255413,0.13295510163224736,0.4154119039148869,1.301174108916972,1.209126647163918,,,,,
B4_CHIRALITY_SWEEP,96,0.05,rosenhead,fixed_sampled_reach,mirror_trefoil,3:1:1,continuum_rankine,continuum,0.75,0.2378919768200489,0.18789197682004888,0.14091898261503666,0,0.0,0.0,1.0,16.02917347899105,8.014586739495526,0.7839687199611091,8.014586739495526,1.2755610964294695,True,FAIL_RELATIVE_EQUILIBRIUM_GATE,0.3352997531093422,0.2931519911497057,0.2205383754039983,-0.5203691987624177,0.19373588172723125,0.13295510163224736,0.4154119039148869,1.301174108916972,1.209126647163918,,,,,
B4_CHIRALITY_SWEEP,96,0.05,rosenhead,fixed_sampled_reach,trefoil,3:1:1,continuum_rankine,continuum,0.75,0.2378919768200489,0.18789197682004888,0.14091898261503666,0,0.0,0.0,2.0,32.0583469579821,16.02917347899105,0.39198435998055453,16.02917347899105,2.551122192858939,True,FAIL_RELATIVE_EQUILIBRIUM_GATE,0.4886232137280848,0.3888885498127025,0.2205383754039983,-1.2155926959785988,0.28232603294859493,0.2659102032644947,0.8308238078297738,1.301174108916972,1.209126647163918,,,,,
B4_CHIRALITY_SWEEP,96,0.05,rosenhead,fixed_sampled_reach,mirror_trefoil,3:1:1,continuum_rankine,continuum,0.75,0.2378919768200489,0.18789197682004888,0.14091898261503666,0,0.0,0.0,2.0,32.0583469579821,16.02917347899105,0.39198435998055453,16.02917347899105,2.551122192858939,True,FAIL_RELATIVE_EQUILIBRIUM_GATE,0.531142476278082,0.37419083414395593,0.2205383754039983,-1.4083902645292294,0.30689362282638727,0.2659102032644947,0.8308238078297738,1.301174108916972,1.209126647163918,,,,,
B4_CHIRALITY_SWEEP,96,0.05,rosenhead,fixed_sampled_reach,trefoil,3:1:1,continuum_rankine,continuum,1.0,0.2378919768200489,0.18789197682004888,0.18789197682004888,0,0.0,0.0,-0.25,-2.2541025204831167,-1.1270512602415583,5.574888675278998,-1.1270512602415583,-0.17937577918539413,True,FAIL_RELATIVE_EQUILIBRIUM_GATE,0.23378720474736042,0.22927950799134036,0.2205383754039983,-0.060074938518486665,0.13508202683795134,0.03323877540806184,0.10385297597872173,1.301174108916972,1.209126647163918,,,,,
B4_CHIRALITY_SWEEP,96,0.05,rosenhead,fixed_sampled_reach,mirror_trefoil,3:1:1,continuum_rankine,continuum,1.0,0.2378919768200489,0.18789197682004888,0.18789197682004888,0,0.0,0.0,-0.25,-2.2541025204831167,-1.1270512602415583,5.574888675278998,-1.1270512602415583,-0.17937577918539413,True,FAIL_RELATIVE_EQUILIBRIUM_GATE,0.22189298426150791,0.22355440468559956,0.2205383754039983,-0.006142281836565511,0.12820955743731544,0.03323877540806184,0.10385297597872173,1.301174108916972,1.209126647163918,,,,,
B4_CHIRALITY_SWEEP,96,0.05,rosenhead,fixed_sampled_reach,trefoil,3:1:1,continuum_rankine,continuum,1.0,0.2378919768200489,0.18789197682004888,0.18789197682004888,0,0.0,0.0,-0.5,-4.508205040966233,-2.2541025204831167,2.787444337639499,-2.2541025204831167,-0.35875155837078826,True,FAIL_RELATIVE_EQUILIBRIUM_GATE,0.2594115315434644,0.246855743115753,0.2205383754039983,-0.17626481589997867,0.14988773874043232,0.06647755081612368,0.20770595195744346,1.301174108916972,1.209126647163918,,,,,
B4_CHIRALITY_SWEEP,96,0.05,rosenhead,fixed_sampled_reach,mirror_trefoil,3:1:1,continuum_rankine,continuum,1.0,0.2378919768200489,0.18789197682004888,0.18789197682004888,0,0.0,0.0,-0.5,-4.508205040966233,-2.2541025204831167,2.787444337639499,-2.2541025204831167,-0.35875155837078826,True,FAIL_RELATIVE_EQUILIBRIUM_GATE,0.2376013918720027,0.23816391770744205,0.2205383754039983,-0.07736982934034553,0.13728586056825612,0.06647755081612368,0.20770595195744346,1.301174108916972,1.209126647163918,,,,,
B4_CHIRALITY_SWEEP,96,0.05,rosenhead,fixed_sampled_reach,trefoil,3:1:1,continuum_rankine,continuum,1.0,0.2378919768200489,0.18789197682004888,0.18789197682004888,0,0.0,0.0,-1.0,-9.016410081932467,-4.508205040966233,1.3937221688197494,-4.508205040966233,-0.7175031167415765,True,FAIL_RELATIVE_EQUILIBRIUM_GATE,0.3352997531093422,0.2931519911497057,0.2205383754039983,-0.5203691987624177,0.19373588172723125,0.13295510163224736,0.4154119039148869,1.301174108916972,1.209126647163918,,,,,
B4_CHIRALITY_SWEEP,96,0.05,rosenhead,fixed_sampled_reach,mirror_trefoil,3:1:1,continuum_rankine,continuum,1.0,0.2378919768200489,0.18789197682004888,0.18789197682004888,0,0.0,0.0,-1.0,-9.016410081932467,-4.508205040966233,1.3937221688197494,-4.508205040966233,-0.7175031167415765,True,FAIL_RELATIVE_EQUILIBRIUM_GATE,0.3012409033958705,0.2885155563474479,0.2205383754039983,-0.3659341728805041,0.17405671042255413,0.13295510163224736,0.4154119039148869,1.301174108916972,1.209126647163918,,,,,
B4_CHIRALITY_SWEEP,96,0.05,rosenhead,fixed_sampled_reach,trefoil,3:1:1,continuum_rankine,continuum,1.0,0.2378919768200489,0.18789197682004888,0.18789197682004888,0,0.0,0.0,-2.0,-18.032820163864933,-9.016410081932467,0.6968610844098747,-9.016410081932467,-1.435006233483153,True,FAIL_RELATIVE_EQUILIBRIUM_GATE,0.531142476278082,0.37419083414395593,0.2205383754039983,-1.4083902645292294,0.30689362282638727,0.2659102032644947,0.8308238078297738,1.301174108916972,1.209126647163918,,,,,
B4_CHIRALITY_SWEEP,96,0.05,rosenhead,fixed_sampled_reach,mirror_trefoil,3:1:1,continuum_rankine,continuum,1.0,0.2378919768200489,0.18789197682004888,0.18789197682004888,0,0.0,0.0,-2.0,-18.032820163864933,-9.016410081932467,0.6968610844098747,-9.016410081932467,-1.435006233483153,True,FAIL_RELATIVE_EQUILIBRIUM_GATE,0.4886232137280848,0.3888885498127025,0.2205383754039983,-1.2155926959785988,0.28232603294859493,0.2659102032644947,0.8308238078297738,1.301174108916972,1.209126647163918,,,,,
B4_CHIRALITY_SWEEP,96,0.05,rosenhead,fixed_sampled_reach,trefoil,3:1:1,continuum_rankine,continuum,1.0,0.2378919768200489,0.18789197682004888,0.18789197682004888,0,0.0,0.0,0.25,2.2541025204831167,1.1270512602415583,5.574888675278998,1.1270512602415583,0.17937577918539413,True,FAIL_RELATIVE_EQUILIBRIUM_GATE,0.22189298426150791,0.22355440468559956,0.2205383754039983,-0.006142281836565511,0.12820955743731544,0.03323877540806184,0.10385297597872173,1.301174108916972,1.209126647163918,,,,,
B4_CHIRALITY_SWEEP,96,0.05,rosenhead,fixed_sampled_reach,mirror_trefoil,3:1:1,continuum_rankine,continuum,1.0,0.2378919768200489,0.18789197682004888,0.18789197682004888,0,0.0,0.0,0.25,2.2541025204831167,1.1270512602415583,5.574888675278998,1.1270512602415583,0.17937577918539413,True,FAIL_RELATIVE_EQUILIBRIUM_GATE,0.23378720474736042,0.22927950799134036,0.2205383754039983,-0.060074938518486665,0.13508202683795134,0.03323877540806184,0.10385297597872173,1.301174108916972,1.209126647163918,,,,,
B4_CHIRALITY_SWEEP,96,0.05,rosenhead,fixed_sampled_reach,trefoil,3:1:1,continuum_rankine,continuum,1.0,0.2378919768200489,0.18789197682004888,0.18789197682004888,0,0.0,0.0,0.5,4.508205040966233,2.2541025204831167,2.787444337639499,2.2541025204831167,0.35875155837078826,True,FAIL_RELATIVE_EQUILIBRIUM_GATE,0.2376013918720027,0.23816391770744205,0.2205383754039983,-0.07736982934034553,0.13728586056825612,0.06647755081612368,0.20770595195744346,1.301174108916972,1.209126647163918,,,,,
B4_CHIRALITY_SWEEP,96,0.05,rosenhead,fixed_sampled_reach,mirror_trefoil,3:1:1,continuum_rankine,continuum,1.0,0.2378919768200489,0.18789197682004888,0.18789197682004888,0,0.0,0.0,0.5,4.508205040966233,2.2541025204831167,2.787444337639499,2.2541025204831167,0.35875155837078826,True,FAIL_RELATIVE_EQUILIBRIUM_GATE,0.2594115315434644,0.246855743115753,0.2205383754039983,-0.17626481589997867,0.14988773874043232,0.06647755081612368,0.20770595195744346,1.301174108916972,1.209126647163918,,,,,
B4_CHIRALITY_SWEEP,96,0.05,rosenhead,fixed_sampled_reach,trefoil,3:1:1,continuum_rankine,continuum,1.0,0.2378919768200489,0.18789197682004888,0.18789197682004888,0,0.0,0.0,1.0,9.016410081932467,4.508205040966233,1.3937221688197494,4.508205040966233,0.7175031167415765,True,FAIL_RELATIVE_EQUILIBRIUM_GATE,0.3012409033958705,0.2885155563474479,0.2205383754039983,-0.3659341728805041,0.17405671042255413,0.13295510163224736,0.4154119039148869,1.301174108916972,1.209126647163918,,,,,
B4_CHIRALITY_SWEEP,96,0.05,rosenhead,fixed_sampled_reach,mirror_trefoil,3:1:1,continuum_rankine,continuum,1.0,0.2378919768200489,0.18789197682004888,0.18789197682004888,0,0.0,0.0,1.0,9.016410081932467,4.508205040966233,1.3937221688197494,4.508205040966233,0.7175031167415765,True,FAIL_RELATIVE_EQUILIBRIUM_GATE,0.3352997531093422,0.2931519911497057,0.2205383754039983,-0.5203691987624177,0.19373588172723125,0.13295510163224736,0.4154119039148869,1.301174108916972,1.209126647163918,,,,,
B4_CHIRALITY_SWEEP,96,0.05,rosenhead,fixed_sampled_reach,trefoil,3:1:1,continuum_rankine,continuum,1.0,0.2378919768200489,0.18789197682004888,0.18789197682004888,0,0.0,0.0,2.0,18.032820163864933,9.016410081932467,0.6968610844098747,9.016410081932467,1.435006233483153,True,FAIL_RELATIVE_EQUILIBRIUM_GATE,0.4886232137280848,0.3888885498127025,0.2205383754039983,-1.2155926959785988,0.28232603294859493,0.2659102032644947,0.8308238078297738,1.301174108916972,1.209126647163918,,,,,
B4_CHIRALITY_SWEEP,96,0.05,rosenhead,fixed_sampled_reach,mirror_trefoil,3:1:1,continuum_rankine,continuum,1.0,0.2378919768200489,0.18789197682004888,0.18789197682004888,0,0.0,0.0,2.0,18.032820163864933,9.016410081932467,0.6968610844098747,9.016410081932467,1.435006233483153,True,FAIL_RELATIVE_EQUILIBRIUM_GATE,0.531142476278082,0.37419083414395593,0.2205383754039983,-1.4083902645292294,0.30689362282638727,0.2659102032644947,0.8308238078297738,1.301174108916972,1.209126647163918,,,,,
B4_CHIRALITY_SWEEP,96,0.05,rosenhead,fixed_sampled_reach,trefoil,3:1:1,continuum_rankine,continuum,1.25,0.2378919768200489,0.18789197682004888,0.2348649710250611,0,0.0,0.0,-0.25,-1.4426256131091946,-0.7213128065545973,8.710763555123435,-0.7213128065545973,-0.11480049867865225,True,FAIL_RELATIVE_EQUILIBRIUM_GATE,0.23378720474736042,0.22927950799134036,0.2205383754039983,-0.060074938518486665,0.13508202683795134,0.03323877540806184,0.10385297597872173,1.301174108916972,1.209126647163918,,,,,
B4_CHIRALITY_SWEEP,96,0.05,rosenhead,fixed_sampled_reach,mirror_trefoil,3:1:1,continuum_rankine,continuum,1.25,0.2378919768200489,0.18789197682004888,0.2348649710250611,0,0.0,0.0,-0.25,-1.4426256131091946,-0.7213128065545973,8.710763555123435,-0.7213128065545973,-0.11480049867865225,True,FAIL_RELATIVE_EQUILIBRIUM_GATE,0.22189298426150791,0.22355440468559956,0.2205383754039983,-0.006142281836565511,0.12820955743731544,0.03323877540806184,0.10385297597872173,1.301174108916972,1.209126647163918,,,,,
B4_CHIRALITY_SWEEP,96,0.05,rosenhead,fixed_sampled_reach,trefoil,3:1:1,continuum_rankine,continuum,1.25,0.2378919768200489,0.18789197682004888,0.2348649710250611,0,0.0,0.0,-0.5,-2.885251226218389,-1.4426256131091946,4.355381777561718,-1.4426256131091946,-0.2296009973573045,True,FAIL_RELATIVE_EQUILIBRIUM_GATE,0.2594115315434644,0.246855743115753,0.2205383754039983,-0.17626481589997867,0.14988773874043232,0.06647755081612368,0.20770595195744346,1.301174108916972,1.209126647163918,,,,,
B4_CHIRALITY_SWEEP,96,0.05,rosenhead,fixed_sampled_reach,mirror_trefoil,3:1:1,continuum_rankine,continuum,1.25,0.2378919768200489,0.18789197682004888,0.2348649710250611,0,0.0,0.0,-0.5,-2.885251226218389,-1.4426256131091946,4.355381777561718,-1.4426256131091946,-0.2296009973573045,True,FAIL_RELATIVE_EQUILIBRIUM_GATE,0.2376013918720027,0.23816391770744205,0.2205383754039983,-0.07736982934034553,0.13728586056825612,0.06647755081612368,0.20770595195744346,1.301174108916972,1.209126647163918,,,,,
B4_CHIRALITY_SWEEP,96,0.05,rosenhead,fixed_sampled_reach,trefoil,3:1:1,continuum_rankine,continuum,1.25,0.2378919768200489,0.18789197682004888,0.2348649710250611,0,0.0,0.0,-1.0,-5.770502452436778,-2.885251226218389,2.177690888780859,-2.885251226218389,-0.459201994714609,True,FAIL_RELATIVE_EQUILIBRIUM_GATE,0.3352997531093422,0.2931519911497057,0.2205383754039983,-0.5203691987624177,0.19373588172723125,0.13295510163224736,0.4154119039148869,1.301174108916972,1.209126647163918,,,,,
B4_CHIRALITY_SWEEP,96,0.05,rosenhead,fixed_sampled_reach,mirror_trefoil,3:1:1,continuum_rankine,continuum,1.25,0.2378919768200489,0.18789197682004888,0.2348649710250611,0,0.0,0.0,-1.0,-5.770502452436778,-2.885251226218389,2.177690888780859,-2.885251226218389,-0.459201994714609,True,FAIL_RELATIVE_EQUILIBRIUM_GATE,0.3012409033958705,0.2885155563474479,0.2205383754039983,-0.3659341728805041,0.17405671042255413,0.13295510163224736,0.4154119039148869,1.301174108916972,1.209126647163918,,,,,
B4_CHIRALITY_SWEEP,96,0.05,rosenhead,fixed_sampled_reach,trefoil,3:1:1,continuum_rankine,continuum,1.25,0.2378919768200489,0.18789197682004888,0.2348649710250611,0,0.0,0.0,-2.0,-11.541004904873557,-5.770502452436778,1.0888454443904294,-5.770502452436778,-0.918403989429218,True,FAIL_RELATIVE_EQUILIBRIUM_GATE,0.531142476278082,0.37419083414395593,0.2205383754039983,-1.4083902645292294,0.30689362282638727,0.2659102032644947,0.8308238078297738,1.301174108916972,1.209126647163918,,,,,
B4_CHIRALITY_SWEEP,96,0.05,rosenhead,fixed_sampled_reach,mirror_trefoil,3:1:1,continuum_rankine,continuum,1.25,0.2378919768200489,0.18789197682004888,0.2348649710250611,0,0.0,0.0,-2.0,-11.541004904873557,-5.770502452436778,1.0888454443904294,-5.770502452436778,-0.918403989429218,True,FAIL_RELATIVE_EQUILIBRIUM_GATE,0.4886232137280848,0.3888885498127025,0.2205383754039983,-1.2155926959785988,0.28232603294859493,0.2659102032644947,0.8308238078297738,1.301174108916972,1.209126647163918,,,,,
B4_CHIRALITY_SWEEP,96,0.05,rosenhead,fixed_sampled_reach,trefoil,3:1:1,continuum_rankine,continuum,1.25,0.2378919768200489,0.18789197682004888,0.2348649710250611,0,0.0,0.0,0.25,1.4426256131091946,0.7213128065545973,8.710763555123435,0.7213128065545973,0.11480049867865225,True,FAIL_RELATIVE_EQUILIBRIUM_GATE,0.22189298426150791,0.22355440468559956,0.2205383754039983,-0.006142281836565511,0.12820955743731544,0.03323877540806184,0.10385297597872173,1.301174108916972,1.209126647163918,,,,,
B4_CHIRALITY_SWEEP,96,0.05,rosenhead,fixed_sampled_reach,mirror_trefoil,3:1:1,continuum_rankine,continuum,1.25,0.2378919768200489,0.18789197682004888,0.2348649710250611,0,0.0,0.0,0.25,1.4426256131091946,0.7213128065545973,8.710763555123435,0.7213128065545973,0.11480049867865225,True,FAIL_RELATIVE_EQUILIBRIUM_GATE,0.23378720474736042,0.22927950799134036,0.2205383754039983,-0.060074938518486665,0.13508202683795134,0.03323877540806184,0.10385297597872173,1.301174108916972,1.209126647163918,,,,,
B4_CHIRALITY_SWEEP,96,0.05,rosenhead,fixed_sampled_reach,trefoil,3:1:1,continuum_rankine,continuum,1.25,0.2378919768200489,0.18789197682004888,0.2348649710250611,0,0.0,0.0,0.5,2.885251226218389,1.4426256131091946,4.355381777561718,1.4426256131091946,0.2296009973573045,True,FAIL_RELATIVE_EQUILIBRIUM_GATE,0.2376013918720027,0.23816391770744205,0.2205383754039983,-0.07736982934034553,0.13728586056825612,0.06647755081612368,0.20770595195744346,1.301174108916972,1.209126647163918,,,,,
B4_CHIRALITY_SWEEP,96,0.05,rosenhead,fixed_sampled_reach,mirror_trefoil,3:1:1,continuum_rankine,continuum,1.25,0.2378919768200489,0.18789197682004888,0.2348649710250611,0,0.0,0.0,0.5,2.885251226218389,1.4426256131091946,4.355381777561718,1.4426256131091946,0.2296009973573045,True,FAIL_RELATIVE_EQUILIBRIUM_GATE,0.2594115315434644,0.246855743115753,0.2205383754039983,-0.17626481589997867,0.14988773874043232,0.06647755081612368,0.20770595195744346,1.301174108916972,1.209126647163918,,,,,
B4_CHIRALITY_SWEEP,96,0.05,rosenhead,fixed_sampled_reach,trefoil,3:1:1,continuum_rankine,continuum,1.25,0.2378919768200489,0.18789197682004888,0.2348649710250611,0,0.0,0.0,1.0,5.770502452436778,2.885251226218389,2.177690888780859,2.885251226218389,0.459201994714609,True,FAIL_RELATIVE_EQUILIBRIUM_GATE,0.3012409033958705,0.2885155563474479,0.2205383754039983,-0.3659341728805041,0.17405671042255413,0.13295510163224736,0.4154119039148869,1.301174108916972,1.209126647163918,,,,,
B4_CHIRALITY_SWEEP,96,0.05,rosenhead,fixed_sampled_reach,mirror_trefoil,3:1:1,continuum_rankine,continuum,1.25,0.2378919768200489,0.18789197682004888,0.2348649710250611,0,0.0,0.0,1.0,5.770502452436778,2.885251226218389,2.177690888780859,2.885251226218389,0.459201994714609,True,FAIL_RELATIVE_EQUILIBRIUM_GATE,0.3352997531093422,0.2931519911497057,0.2205383754039983,-0.5203691987624177,0.19373588172723125,0.13295510163224736,0.4154119039148869,1.301174108916972,1.209126647163918,,,,,
B4_CHIRALITY_SWEEP,96,0.05,rosenhead,fixed_sampled_reach,trefoil,3:1:1,continuum_rankine,continuum,1.25,0.2378919768200489,0.18789197682004888,0.2348649710250611,0,0.0,0.0,2.0,11.541004904873557,5.770502452436778,1.0888454443904294,5.770502452436778,0.918403989429218,True,FAIL_RELATIVE_EQUILIBRIUM_GATE,0.4886232137280848,0.3888885498127025,0.2205383754039983,-1.2155926959785988,0.28232603294859493,0.2659102032644947,0.8308238078297738,1.301174108916972,1.209126647163918,,,,,
B4_CHIRALITY_SWEEP,96,0.05,rosenhead,fixed_sampled_reach,mirror_trefoil,3:1:1,continuum_rankine,continuum,1.25,0.2378919768200489,0.18789197682004888,0.2348649710250611,0,0.0,0.0,2.0,11.541004904873557,5.770502452436778,1.0888454443904294,5.770502452436778,0.918403989429218,True,FAIL_RELATIVE_EQUILIBRIUM_GATE,0.531142476278082,0.37419083414395593,0.2205383754039983,-1.4083902645292294,0.30689362282638727,0.2659102032644947,0.8308238078297738,1.301174108916972,1.209126647163918,,,,,
B4_CHIRALITY_SWEEP,96,0.05,winckelmans,fixed_sampled_reach,trefoil,3:1:1,continuum_rankine,continuum,0.75,0.2378919768200489,0.18789197682004888,0.14091898261503666,0,0.0,0.0,-0.25,-4.007293369747763,-2.0036466848738814,3.1358748798444362,-2.0036466848738814,-0.31889027410736737,True,FAIL_RELATIVE_EQUILIBRIUM_GATE,0.2329086157609698,0.22938851341953662,0.22333112051720835,-0.0428847319691994,0.14224545962443835,0.03323877540806184,0.10385297597872173,1.301174108916972,1.209126647163918,,,,,
B4_CHIRALITY_SWEEP,96,0.05,winckelmans,fixed_sampled_reach,mirror_trefoil,3:1:1,continuum_rankine,continuum,0.75,0.2378919768200489,0.18789197682004888,0.14091898261503666,0,0.0,0.0,-0.25,-4.007293369747763,-2.0036466848738814,3.1358748798444362,-2.0036466848738814,-0.31889027410736737,True,FAIL_RELATIVE_EQUILIBRIUM_GATE,0.22678435874942643,0.22777059143780568,0.22333112051720835,-0.015462413944911768,0.13850516109310698,0.03323877540806184,0.10385297597872173,1.301174108916972,1.209126647163918,,,,,
B4_CHIRALITY_SWEEP,96,0.05,winckelmans,fixed_sampled_reach,trefoil,3:1:1,continuum_rankine,continuum,0.75,0.2378919768200489,0.18789197682004888,0.14091898261503666,0,0.0,0.0,-0.5,-8.014586739495526,-4.007293369747763,1.5679374399222181,-4.007293369747763,-0.6377805482147347,True,FAIL_RELATIVE_EQUILIBRIUM_GATE,0.2540473323734108,0.24399008552832802,0.22333112051720835,-0.13753663969923835,0.15515561518301732,0.06647755081612368,0.20770595195744346,1.301174108916972,1.209126647163918,,,,,
B4_CHIRALITY_SWEEP,96,0.05,winckelmans,fixed_sampled_reach,mirror_trefoil,3:1:1,continuum_rankine,continuum,0.75,0.2378919768200489,0.18789197682004888,0.14091898261503666,0,0.0,0.0,-0.5,-8.014586739495526,-4.007293369747763,1.5679374399222181,-4.007293369747763,-0.6377805482147347,True,FAIL_RELATIVE_EQUILIBRIUM_GATE,0.2427127751920801,0.24210786384718883,0.22333112051720835,-0.08678438826611412,0.14823320361558723,0.06647755081612368,0.20770595195744346,1.301174108916972,1.209126647163918,,,,,
B4_CHIRALITY_SWEEP,96,0.05,winckelmans,fixed_sampled_reach,trefoil,3:1:1,continuum_rankine,continuum,0.75,0.2378919768200489,0.18789197682004888,0.14091898261503666,0,0.0,0.0,-1.0,-16.02917347899105,-8.014586739495526,0.7839687199611091,-8.014586739495526,-1.2755610964294695,True,FAIL_RELATIVE_EQUILIBRIUM_GATE,0.3207791519490698,0.28606581772653816,0.22333112051720835,-0.43633879240019646,0.19591107764670093,0.13295510163224736,0.4154119039148869,1.301174108916972,1.209126647163918,,,,,
B4_CHIRALITY_SWEEP,96,0.05,winckelmans,fixed_sampled_reach,mirror_trefoil,3:1:1,continuum_rankine,continuum,0.75,0.2378919768200489,0.18789197682004888,0.14091898261503666,0,0.0,0.0,-1.0,-16.02917347899105,-8.014586739495526,0.7839687199611091,-8.014586739495526,-1.2755610964294695,True,FAIL_RELATIVE_EQUILIBRIUM_GATE,0.30271794237533123,0.28874198119973166,0.22333112051720835,-0.3554669034672482,0.18488046356316523,0.13295510163224736,0.4154119039148869,1.301174108916972,1.209126647163918,,,,,
B4_CHIRALITY_SWEEP,96,0.05,winckelmans,fixed_sampled_reach,trefoil,3:1:1,continuum_rankine,continuum,0.75,0.2378919768200489,0.18789197682004888,0.14091898261503666,0,0.0,0.0,-2.0,-32.0583469579821,-16.02917347899105,0.39198435998055453,-16.02917347899105,-2.551122192858939,True,FAIL_RELATIVE_EQUILIBRIUM_GATE,0.5007050802988043,0.36601400228223585,0.22333112051720835,-1.2419852599997299,0.3057981519948997,0.2659102032644947,0.8308238078297738,1.301174108916972,1.209126647163918,,,,,
B4_CHIRALITY_SWEEP,96,0.05,winckelmans,fixed_sampled_reach,mirror_trefoil,3:1:1,continuum_rankine,continuum,0.75,0.2378919768200489,0.18789197682004888,0.14091898261503666,0,0.0,0.0,-2.0,-32.0583469579821,-16.02917347899105,0.39198435998055453,-16.02917347899105,-2.551122192858939,True,FAIL_RELATIVE_EQUILIBRIUM_GATE,0.47768541327804004,0.3830852952095709,0.22333112051720835,-1.1389111028135144,0.2917392340580439,0.2659102032644947,0.8308238078297738,1.301174108916972,1.209126647163918,,,,,
B4_CHIRALITY_SWEEP,96,0.05,winckelmans,fixed_sampled_reach,trefoil,3:1:1,continuum_rankine,continuum,0.75,0.2378919768200489,0.18789197682004888,0.14091898261503666,0,0.0,0.0,0.25,4.007293369747763,2.0036466848738814,3.1358748798444362,2.0036466848738814,0.31889027410736737,True,FAIL_RELATIVE_EQUILIBRIUM_GATE,0.22678435874942643,0.22777059143780568,0.22333112051720835,-0.015462413944911768,0.13850516109310698,0.03323877540806184,0.10385297597872173,1.301174108916972,1.209126647163918,,,,,
B4_CHIRALITY_SWEEP,96,0.05,winckelmans,fixed_sampled_reach,mirror_trefoil,3:1:1,continuum_rankine,continuum,0.75,0.2378919768200489,0.18789197682004888,0.14091898261503666,0,0.0,0.0,0.25,4.007293369747763,2.0036466848738814,3.1358748798444362,2.0036466848738814,0.31889027410736737,True,FAIL_RELATIVE_EQUILIBRIUM_GATE,0.2329086157609698,0.22938851341953662,0.22333112051720835,-0.0428847319691994,0.14224545962443835,0.03323877540806184,0.10385297597872173,1.301174108916972,1.209126647163918,,,,,
B4_CHIRALITY_SWEEP,96,0.05,winckelmans,fixed_sampled_reach,trefoil,3:1:1,continuum_rankine,continuum,0.75,0.2378919768200489,0.18789197682004888,0.14091898261503666,0,0.0,0.0,0.5,8.014586739495526,4.007293369747763,1.5679374399222181,4.007293369747763,0.6377805482147347,True,FAIL_RELATIVE_EQUILIBRIUM_GATE,0.2427127751920801,0.24210786384718883,0.22333112051720835,-0.08678438826611412,0.14823320361558723,0.06647755081612368,0.20770595195744346,1.301174108916972,1.209126647163918,,,,,
B4_CHIRALITY_SWEEP,96,0.05,winckelmans,fixed_sampled_reach,mirror_trefoil,3:1:1,continuum_rankine,continuum,0.75,0.2378919768200489,0.18789197682004888,0.14091898261503666,0,0.0,0.0,0.5,8.014586739495526,4.007293369747763,1.5679374399222181,4.007293369747763,0.6377805482147347,True,FAIL_RELATIVE_EQUILIBRIUM_GATE,0.2540473323734108,0.24399008552832802,0.22333112051720835,-0.13753663969923835,0.15515561518301732,0.06647755081612368,0.20770595195744346,1.301174108916972,1.209126647163918,,,,,
B4_CHIRALITY_SWEEP,96,0.05,winckelmans,fixed_sampled_reach,trefoil,3:1:1,continuum_rankine,continuum,0.75,0.2378919768200489,0.18789197682004888,0.14091898261503666,0,0.0,0.0,1.0,16.02917347899105,8.014586739495526,0.7839687199611091,8.014586739495526,1.2755610964294695,True,FAIL_RELATIVE_EQUILIBRIUM_GATE,0.30271794237533123,0.28874198119973166,0.22333112051720835,-0.3554669034672482,0.18488046356316523,0.13295510163224736,0.4154119039148869,1.301174108916972,1.209126647163918,,,,,
B4_CHIRALITY_SWEEP,96,0.05,winckelmans,fixed_sampled_reach,mirror_trefoil,3:1:1,continuum_rankine,continuum,0.75,0.2378919768200489,0.18789197682004888,0.14091898261503666,0,0.0,0.0,1.0,16.02917347899105,8.014586739495526,0.7839687199611091,8.014586739495526,1.2755610964294695,True,FAIL_RELATIVE_EQUILIBRIUM_GATE,0.3207791519490698,0.28606581772653816,0.22333112051720835,-0.43633879240019646,0.19591107764670093,0.13295510163224736,0.4154119039148869,1.301174108916972,1.209126647163918,,,,,
B4_CHIRALITY_SWEEP,96,0.05,winckelmans,fixed_sampled_reach,trefoil,3:1:1,continuum_rankine,continuum,0.75,0.2378919768200489,0.18789197682004888,0.14091898261503666,0,0.0,0.0,2.0,32.0583469579821,16.02917347899105,0.39198435998055453,16.02917347899105,2.551122192858939,True,FAIL_RELATIVE_EQUILIBRIUM_GATE,0.47768541327804004,0.3830852952095709,0.22333112051720835,-1.1389111028135144,0.2917392340580439,0.2659102032644947,0.8308238078297738,1.301174108916972,1.209126647163918,,,,,
B4_CHIRALITY_SWEEP,96,0.05,winckelmans,fixed_sampled_reach,mirror_trefoil,3:1:1,continuum_rankine,continuum,0.75,0.2378919768200489,0.18789197682004888,0.14091898261503666,0,0.0,0.0,2.0,32.0583469579821,16.02917347899105,0.39198435998055453,16.02917347899105,2.551122192858939,True,FAIL_RELATIVE_EQUILIBRIUM_GATE,0.5007050802988043,0.36601400228223585,0.22333112051720835,-1.2419852599997299,0.3057981519948997,0.2659102032644947,0.8308238078297738,1.301174108916972,1.209126647163918,,,,,
B4_CHIRALITY_SWEEP,96,0.05,winckelmans,fixed_sampled_reach,trefoil,3:1:1,continuum_rankine,continuum,1.0,0.2378919768200489,0.18789197682004888,0.18789197682004888,0,0.0,0.0,-0.25,-2.2541025204831167,-1.1270512602415583,5.574888675278998,-1.1270512602415583,-0.17937577918539413,True,FAIL_RELATIVE_EQUILIBRIUM_GATE,0.2329086157609698,0.22938851341953662,0.22333112051720835,-0.0428847319691994,0.14224545962443835,0.03323877540806184,0.10385297597872173,1.301174108916972,1.209126647163918,,,,,
B4_CHIRALITY_SWEEP,96,0.05,winckelmans,fixed_sampled_reach,mirror_trefoil,3:1:1,continuum_rankine,continuum,1.0,0.2378919768200489,0.18789197682004888,0.18789197682004888,0,0.0,0.0,-0.25,-2.2541025204831167,-1.1270512602415583,5.574888675278998,-1.1270512602415583,-0.17937577918539413,True,FAIL_RELATIVE_EQUILIBRIUM_GATE,0.22678435874942643,0.22777059143780568,0.22333112051720835,-0.015462413944911768,0.13850516109310698,0.03323877540806184,0.10385297597872173,1.301174108916972,1.209126647163918,,,,,
B4_CHIRALITY_SWEEP,96,0.05,winckelmans,fixed_sampled_reach,trefoil,3:1:1,continuum_rankine,continuum,1.0,0.2378919768200489,0.18789197682004888,0.18789197682004888,0,0.0,0.0,-0.5,-4.508205040966233,-2.2541025204831167,2.787444337639499,-2.2541025204831167,-0.35875155837078826,True,FAIL_RELATIVE_EQUILIBRIUM_GATE,0.2540473323734108,0.24399008552832802,0.22333112051720835,-0.13753663969923835,0.15515561518301732,0.06647755081612368,0.20770595195744346,1.301174108916972,1.209126647163918,,,,,
B4_CHIRALITY_SWEEP,96,0.05,winckelmans,fixed_sampled_reach,mirror_trefoil,3:1:1,continuum_rankine,continuum,1.0,0.2378919768200489,0.18789197682004888,0.18789197682004888,0,0.0,0.0,-0.5,-4.508205040966233,-2.2541025204831167,2.787444337639499,-2.2541025204831167,-0.35875155837078826,True,FAIL_RELATIVE_EQUILIBRIUM_GATE,0.2427127751920801,0.24210786384718883,0.22333112051720835,-0.08678438826611412,0.14823320361558723,0.06647755081612368,0.20770595195744346,1.301174108916972,1.209126647163918,,,,,
B4_CHIRALITY_SWEEP,96,0.05,winckelmans,fixed_sampled_reach,trefoil,3:1:1,continuum_rankine,continuum,1.0,0.2378919768200489,0.18789197682004888,0.18789197682004888,0,0.0,0.0,-1.0,-9.016410081932467,-4.508205040966233,1.3937221688197494,-4.508205040966233,-0.7175031167415765,True,FAIL_RELATIVE_EQUILIBRIUM_GATE,0.3207791519490698,0.28606581772653816,0.22333112051720835,-0.43633879240019646,0.19591107764670093,0.13295510163224736,0.4154119039148869,1.301174108916972,1.209126647163918,,,,,
B4_CHIRALITY_SWEEP,96,0.05,winckelmans,fixed_sampled_reach,mirror_trefoil,3:1:1,continuum_rankine,continuum,1.0,0.2378919768200489,0.18789197682004888,0.18789197682004888,0,0.0,0.0,-1.0,-9.016410081932467,-4.508205040966233,1.3937221688197494,-4.508205040966233,-0.7175031167415765,True,FAIL_RELATIVE_EQUILIBRIUM_GATE,0.30271794237533123,0.28874198119973166,0.22333112051720835,-0.3554669034672482,0.18488046356316523,0.13295510163224736,0.4154119039148869,1.301174108916972,1.209126647163918,,,,,
B4_CHIRALITY_SWEEP,96,0.05,winckelmans,fixed_sampled_reach,trefoil,3:1:1,continuum_rankine,continuum,1.0,0.2378919768200489,0.18789197682004888,0.18789197682004888,0,0.0,0.0,-2.0,-18.032820163864933,-9.016410081932467,0.6968610844098747,-9.016410081932467,-1.435006233483153,True,FAIL_RELATIVE_EQUILIBRIUM_GATE,0.5007050802988043,0.36601400228223585,0.22333112051720835,-1.2419852599997299,0.3057981519948997,0.2659102032644947,0.8308238078297738,1.301174108916972,1.209126647163918,,,,,
B4_CHIRALITY_SWEEP,96,0.05,winckelmans,fixed_sampled_reach,mirror_trefoil,3:1:1,continuum_rankine,continuum,1.0,0.2378919768200489,0.18789197682004888,0.18789197682004888,0,0.0,0.0,-2.0,-18.032820163864933,-9.016410081932467,0.6968610844098747,-9.016410081932467,-1.435006233483153,True,FAIL_RELATIVE_EQUILIBRIUM_GATE,0.47768541327804004,0.3830852952095709,0.22333112051720835,-1.1389111028135144,0.2917392340580439,0.2659102032644947,0.8308238078297738,1.301174108916972,1.209126647163918,,,,,
B4_CHIRALITY_SWEEP,96,0.05,winckelmans,fixed_sampled_reach,trefoil,3:1:1,continuum_rankine,continuum,1.0,0.2378919768200489,0.18789197682004888,0.18789197682004888,0,0.0,0.0,0.25,2.2541025204831167,1.1270512602415583,5.574888675278998,1.1270512602415583,0.17937577918539413,True,FAIL_RELATIVE_EQUILIBRIUM_GATE,0.22678435874942643,0.22777059143780568,0.22333112051720835,-0.015462413944911768,0.13850516109310698,0.03323877540806184,0.10385297597872173,1.301174108916972,1.209126647163918,,,,,
B4_CHIRALITY_SWEEP,96,0.05,winckelmans,fixed_sampled_reach,mirror_trefoil,3:1:1,continuum_rankine,continuum,1.0,0.2378919768200489,0.18789197682004888,0.18789197682004888,0,0.0,0.0,0.25,2.2541025204831167,1.1270512602415583,5.574888675278998,1.1270512602415583,0.17937577918539413,True,FAIL_RELATIVE_EQUILIBRIUM_GATE,0.2329086157609698,0.22938851341953662,0.22333112051720835,-0.0428847319691994,0.14224545962443835,0.03323877540806184,0.10385297597872173,1.301174108916972,1.209126647163918,,,,,
B4_CHIRALITY_SWEEP,96,0.05,winckelmans,fixed_sampled_reach,trefoil,3:1:1,continuum_rankine,continuum,1.0,0.2378919768200489,0.18789197682004888,0.18789197682004888,0,0.0,0.0,0.5,4.508205040966233,2.2541025204831167,2.787444337639499,2.2541025204831167,0.35875155837078826,True,FAIL_RELATIVE_EQUILIBRIUM_GATE,0.2427127751920801,0.24210786384718883,0.22333112051720835,-0.08678438826611412,0.14823320361558723,0.06647755081612368,0.20770595195744346,1.301174108916972,1.209126647163918,,,,,
B4_CHIRALITY_SWEEP,96,0.05,winckelmans,fixed_sampled_reach,mirror_trefoil,3:1:1,continuum_rankine,continuum,1.0,0.2378919768200489,0.18789197682004888,0.18789197682004888,0,0.0,0.0,0.5,4.508205040966233,2.2541025204831167,2.787444337639499,2.2541025204831167,0.35875155837078826,True,FAIL_RELATIVE_EQUILIBRIUM_GATE,0.2540473323734108,0.24399008552832802,0.22333112051720835,-0.13753663969923835,0.15515561518301732,0.06647755081612368,0.20770595195744346,1.301174108916972,1.209126647163918,,,,,
B4_CHIRALITY_SWEEP,96,0.05,winckelmans,fixed_sampled_reach,trefoil,3:1:1,continuum_rankine,continuum,1.0,0.2378919768200489,0.18789197682004888,0.18789197682004888,0,0.0,0.0,1.0,9.016410081932467,4.508205040966233,1.3937221688197494,4.508205040966233,0.7175031167415765,True,FAIL_RELATIVE_EQUILIBRIUM_GATE,0.30271794237533123,0.28874198119973166,0.22333112051720835,-0.3554669034672482,0.18488046356316523,0.13295510163224736,0.4154119039148869,1.301174108916972,1.209126647163918,,,,,
B4_CHIRALITY_SWEEP,96,0.05,winckelmans,fixed_sampled_reach,mirror_trefoil,3:1:1,continuum_rankine,continuum,1.0,0.2378919768200489,0.18789197682004888,0.18789197682004888,0,0.0,0.0,1.0,9.016410081932467,4.508205040966233,1.3937221688197494,4.508205040966233,0.7175031167415765,True,FAIL_RELATIVE_EQUILIBRIUM_GATE,0.3207791519490698,0.28606581772653816,0.22333112051720835,-0.43633879240019646,0.19591107764670093,0.13295510163224736,0.4154119039148869,1.301174108916972,1.209126647163918,,,,,
B4_CHIRALITY_SWEEP,96,0.05,winckelmans,fixed_sampled_reach,trefoil,3:1:1,continuum_rankine,continuum,1.0,0.2378919768200489,0.18789197682004888,0.18789197682004888,0,0.0,0.0,2.0,18.032820163864933,9.016410081932467,0.6968610844098747,9.016410081932467,1.435006233483153,True,FAIL_RELATIVE_EQUILIBRIUM_GATE,0.47768541327804004,0.3830852952095709,0.22333112051720835,-1.1389111028135144,0.2917392340580439,0.2659102032644947,0.8308238078297738,1.301174108916972,1.209126647163918,,,,,
B4_CHIRALITY_SWEEP,96,0.05,winckelmans,fixed_sampled_reach,mirror_trefoil,3:1:1,continuum_rankine,continuum,1.0,0.2378919768200489,0.18789197682004888,0.18789197682004888,0,0.0,0.0,2.0,18.032820163864933,9.016410081932467,0.6968610844098747,9.016410081932467,1.435006233483153,True,FAIL_RELATIVE_EQUILIBRIUM_GATE,0.5007050802988043,0.36601400228223585,0.22333112051720835,-1.2419852599997299,0.3057981519948997,0.2659102032644947,0.8308238078297738,1.301174108916972,1.209126647163918,,,,,
B4_CHIRALITY_SWEEP,96,0.05,winckelmans,fixed_sampled_reach,trefoil,3:1:1,continuum_rankine,continuum,1.25,0.2378919768200489,0.18789197682004888,0.2348649710250611,0,0.0,0.0,-0.25,-1.4426256131091946,-0.7213128065545973,8.710763555123435,-0.7213128065545973,-0.11480049867865225,True,FAIL_RELATIVE_EQUILIBRIUM_GATE,0.2329086157609698,0.22938851341953662,0.22333112051720835,-0.0428847319691994,0.14224545962443835,0.03323877540806184,0.10385297597872173,1.301174108916972,1.209126647163918,,,,,
B4_CHIRALITY_SWEEP,96,0.05,winckelmans,fixed_sampled_reach,mirror_trefoil,3:1:1,continuum_rankine,continuum,1.25,0.2378919768200489,0.18789197682004888,0.2348649710250611,0,0.0,0.0,-0.25,-1.4426256131091946,-0.7213128065545973,8.710763555123435,-0.7213128065545973,-0.11480049867865225,True,FAIL_RELATIVE_EQUILIBRIUM_GATE,0.22678435874942643,0.22777059143780568,0.22333112051720835,-0.015462413944911768,0.13850516109310698,0.03323877540806184,0.10385297597872173,1.301174108916972,1.209126647163918,,,,,
B4_CHIRALITY_SWEEP,96,0.05,winckelmans,fixed_sampled_reach,trefoil,3:1:1,continuum_rankine,continuum,1.25,0.2378919768200489,0.18789197682004888,0.2348649710250611,0,0.0,0.0,-0.5,-2.885251226218389,-1.4426256131091946,4.355381777561718,-1.4426256131091946,-0.2296009973573045,True,FAIL_RELATIVE_EQUILIBRIUM_GATE,0.2540473323734108,0.24399008552832802,0.22333112051720835,-0.13753663969923835,0.15515561518301732,0.06647755081612368,0.20770595195744346,1.301174108916972,1.209126647163918,,,,,
B4_CHIRALITY_SWEEP,96,0.05,winckelmans,fixed_sampled_reach,mirror_trefoil,3:1:1,continuum_rankine,continuum,1.25,0.2378919768200489,0.18789197682004888,0.2348649710250611,0,0.0,0.0,-0.5,-2.885251226218389,-1.4426256131091946,4.355381777561718,-1.4426256131091946,-0.2296009973573045,True,FAIL_RELATIVE_EQUILIBRIUM_GATE,0.2427127751920801,0.24210786384718883,0.22333112051720835,-0.08678438826611412,0.14823320361558723,0.06647755081612368,0.20770595195744346,1.301174108916972,1.209126647163918,,,,,
B4_CHIRALITY_SWEEP,96,0.05,winckelmans,fixed_sampled_reach,trefoil,3:1:1,continuum_rankine,continuum,1.25,0.2378919768200489,0.18789197682004888,0.2348649710250611,0,0.0,0.0,-1.0,-5.770502452436778,-2.885251226218389,2.177690888780859,-2.885251226218389,-0.459201994714609,True,FAIL_RELATIVE_EQUILIBRIUM_GATE,0.3207791519490698,0.28606581772653816,0.22333112051720835,-0.43633879240019646,0.19591107764670093,0.13295510163224736,0.4154119039148869,1.301174108916972,1.209126647163918,,,,,
B4_CHIRALITY_SWEEP,96,0.05,winckelmans,fixed_sampled_reach,mirror_trefoil,3:1:1,continuum_rankine,continuum,1.25,0.2378919768200489,0.18789197682004888,0.2348649710250611,0,0.0,0.0,-1.0,-5.770502452436778,-2.885251226218389,2.177690888780859,-2.885251226218389,-0.459201994714609,True,FAIL_RELATIVE_EQUILIBRIUM_GATE,0.30271794237533123,0.28874198119973166,0.22333112051720835,-0.3554669034672482,0.18488046356316523,0.13295510163224736,0.4154119039148869,1.301174108916972,1.209126647163918,,,,,
B4_CHIRALITY_SWEEP,96,0.05,winckelmans,fixed_sampled_reach,trefoil,3:1:1,continuum_rankine,continuum,1.25,0.2378919768200489,0.18789197682004888,0.2348649710250611,0,0.0,0.0,-2.0,-11.541004904873557,-5.770502452436778,1.0888454443904294,-5.770502452436778,-0.918403989429218,True,FAIL_RELATIVE_EQUILIBRIUM_GATE,0.5007050802988043,0.36601400228223585,0.22333112051720835,-1.2419852599997299,0.3057981519948997,0.2659102032644947,0.8308238078297738,1.301174108916972,1.209126647163918,,,,,
B4_CHIRALITY_SWEEP,96,0.05,winckelmans,fixed_sampled_reach,mirror_trefoil,3:1:1,continuum_rankine,continuum,1.25,0.2378919768200489,0.18789197682004888,0.2348649710250611,0,0.0,0.0,-2.0,-11.541004904873557,-5.770502452436778,1.0888454443904294,-5.770502452436778,-0.918403989429218,True,FAIL_RELATIVE_EQUILIBRIUM_GATE,0.47768541327804004,0.3830852952095709,0.22333112051720835,-1.1389111028135144,0.2917392340580439,0.2659102032644947,0.8308238078297738,1.301174108916972,1.209126647163918,,,,,
B4_CHIRALITY_SWEEP,96,0.05,winckelmans,fixed_sampled_reach,trefoil,3:1:1,continuum_rankine,continuum,1.25,0.2378919768200489,0.18789197682004888,0.2348649710250611,0,0.0,0.0,0.25,1.4426256131091946,0.7213128065545973,8.710763555123435,0.7213128065545973,0.11480049867865225,True,FAIL_RELATIVE_EQUILIBRIUM_GATE,0.22678435874942643,0.22777059143780568,0.22333112051720835,-0.015462413944911768,0.13850516109310698,0.03323877540806184,0.10385297597872173,1.301174108916972,1.209126647163918,,,,,
B4_CHIRALITY_SWEEP,96,0.05,winckelmans,fixed_sampled_reach,mirror_trefoil,3:1:1,continuum_rankine,continuum,1.25,0.2378919768200489,0.18789197682004888,0.2348649710250611,0,0.0,0.0,0.25,1.4426256131091946,0.7213128065545973,8.710763555123435,0.7213128065545973,0.11480049867865225,True,FAIL_RELATIVE_EQUILIBRIUM_GATE,0.2329086157609698,0.22938851341953662,0.22333112051720835,-0.0428847319691994,0.14224545962443835,0.03323877540806184,0.10385297597872173,1.301174108916972,1.209126647163918,,,,,
B4_CHIRALITY_SWEEP,96,0.05,winckelmans,fixed_sampled_reach,trefoil,3:1:1,continuum_rankine,continuum,1.25,0.2378919768200489,0.18789197682004888,0.2348649710250611,0,0.0,0.0,0.5,2.885251226218389,1.4426256131091946,4.355381777561718,1.4426256131091946,0.2296009973573045,True,FAIL_RELATIVE_EQUILIBRIUM_GATE,0.2427127751920801,0.24210786384718883,0.22333112051720835,-0.08678438826611412,0.14823320361558723,0.06647755081612368,0.20770595195744346,1.301174108916972,1.209126647163918,,,,,
B4_CHIRALITY_SWEEP,96,0.05,winckelmans,fixed_sampled_reach,mirror_trefoil,3:1:1,continuum_rankine,continuum,1.25,0.2378919768200489,0.18789197682004888,0.2348649710250611,0,0.0,0.0,0.5,2.885251226218389,1.4426256131091946,4.355381777561718,1.4426256131091946,0.2296009973573045,True,FAIL_RELATIVE_EQUILIBRIUM_GATE,0.2540473323734108,0.24399008552832802,0.22333112051720835,-0.13753663969923835,0.15515561518301732,0.06647755081612368,0.20770595195744346,1.301174108916972,1.209126647163918,,,,,
B4_CHIRALITY_SWEEP,96,0.05,winckelmans,fixed_sampled_reach,trefoil,3:1:1,continuum_rankine,continuum,1.25,0.2378919768200489,0.18789197682004888,0.2348649710250611,0,0.0,0.0,1.0,5.770502452436778,2.885251226218389,2.177690888780859,2.885251226218389,0.459201994714609,True,FAIL_RELATIVE_EQUILIBRIUM_GATE,0.30271794237533123,0.28874198119973166,0.22333112051720835,-0.3554669034672482,0.18488046356316523,0.13295510163224736,0.4154119039148869,1.301174108916972,1.209126647163918,,,,,
B4_CHIRALITY_SWEEP,96,0.05,winckelmans,fixed_sampled_reach,mirror_trefoil,3:1:1,continuum_rankine,continuum,1.25,0.2378919768200489,0.18789197682004888,0.2348649710250611,0,0.0,0.0,1.0,5.770502452436778,2.885251226218389,2.177690888780859,2.885251226218389,0.459201994714609,True,FAIL_RELATIVE_EQUILIBRIUM_GATE,0.3207791519490698,0.28606581772653816,0.22333112051720835,-0.43633879240019646,0.19591107764670093,0.13295510163224736,0.4154119039148869,1.301174108916972,1.209126647163918,,,,,
B4_CHIRALITY_SWEEP,96,0.05,winckelmans,fixed_sampled_reach,trefoil,3:1:1,continuum_rankine,continuum,1.25,0.2378919768200489,0.18789197682004888,0.2348649710250611,0,0.0,0.0,2.0,11.541004904873557,5.770502452436778,1.0888454443904294,5.770502452436778,0.918403989429218,True,FAIL_RELATIVE_EQUILIBRIUM_GATE,0.47768541327804004,0.3830852952095709,0.22333112051720835,-1.1389111028135144,0.2917392340580439,0.2659102032644947,0.8308238078297738,1.301174108916972,1.209126647163918,,,,,
B4_CHIRALITY_SWEEP,96,0.05,winckelmans,fixed_sampled_reach,mirror_trefoil,3:1:1,continuum_rankine,continuum,1.25,0.2378919768200489,0.18789197682004888,0.2348649710250611,0,0.0,0.0,2.0,11.541004904873557,5.770502452436778,1.0888454443904294,5.770502452436778,0.918403989429218,True,FAIL_RELATIVE_EQUILIBRIUM_GATE,0.5007050802988043,0.36601400228223585,0.22333112051720835,-1.2419852599997299,0.3057981519948997,0.2659102032644947,0.8308238078297738,1.301174108916972,1.209126647163918,,,,,
B4_CHIRALITY_SWEEP,128,0.04,rosenhead,fixed_sampled_reach,trefoil,3:1:1,continuum_rankine,continuum,0.75,0.2373588220132305,0.1973588220132305,0.14801911650992286,0,0.0,0.0,-0.25,-3.6320725978492434,-1.8160362989246217,3.45983464697276,-1.8160362989246217,-0.2890311538081644,True,FAIL_RELATIVE_EQUILIBRIUM_GATE,0.23458935151974394,0.23160437579209295,0.22878574800997062,-0.025366980068707745,0.14505466408343032,0.03348263417987931,0.1038777114076337,1.4142625299849891,1.2106771584514024,,,,,
B4_CHIRALITY_SWEEP,128,0.04,rosenhead,fixed_sampled_reach,mirror_trefoil,3:1:1,continuum_rankine,continuum,0.75,0.2373588220132305,0.1973588220132305,0.14801911650992286,0,0.0,0.0,-0.25,-3.6320725978492434,-1.8160362989246217,3.45983464697276,-1.8160362989246217,-0.2890311538081644,True,FAIL_RELATIVE_EQUILIBRIUM_GATE,0.23562270154344447,0.23610340714087708,0.22878574800997062,-0.029883651376640286,0.14569361994224247,0.03348263417987931,0.1038777114076337,1.4142625299849891,1.2106771584514024,,,,,
B4_CHIRALITY_SWEEP,128,0.04,rosenhead,fixed_sampled_reach,trefoil,3:1:1,continuum_rankine,continuum,0.75,0.2373588220132305,0.1973588220132305,0.14801911650992286,0,0.0,0.0,-0.5,-7.264145195698487,-3.6320725978492434,1.72991732348638,-3.6320725978492434,-0.5780623076163288,True,FAIL_RELATIVE_EQUILIBRIUM_GATE,0.252162236555254,0.24334724785433604,0.22878574800997062,-0.10217633199889975,0.15592058327067915,0.06696526835975862,0.2077554228152674,1.4142625299849891,1.2106771584514024,,,,,
B4_CHIRALITY_SWEEP,128,0.04,rosenhead,fixed_sampled_reach,mirror_trefoil,3:1:1,continuum_rankine,continuum,0.75,0.2373588220132305,0.1973588220132305,0.14801911650992286,0,0.0,0.0,-0.5,-7.264145195698487,-3.6320725978492434,1.72991732348638,-3.6320725978492434,-0.5780623076163288,True,FAIL_RELATIVE_EQUILIBRIUM_GATE,0.2540818388175395,0.2523541963603652,0.22878574800997062,-0.11056672466532502,0.15710753936875327,0.06696526835975862,0.2077554228152674,1.4142625299849891,1.2106771584514024,,,,,
B4_CHIRALITY_SWEEP,128,0.04,rosenhead,fixed_sampled_reach,trefoil,3:1:1,continuum_rankine,continuum,0.75,0.2373588220132305,0.1973588220132305,0.14801911650992286,0,0.0,0.0,-1.0,-14.528290391396974,-7.264145195698487,0.86495866174319,-7.264145195698487,-1.1561246152326576,True,FAIL_RELATIVE_EQUILIBRIUM_GATE,0.3135063093034978,0.2821041389776043,0.22878574800997062,-0.3703052398606361,0.19385173320719754,0.13393053671951724,0.4155108456305348,1.4142625299849891,1.2106771584514024,,,,,
B4_CHIRALITY_SWEEP,128,0.04,rosenhead,fixed_sampled_reach,mirror_trefoil,3:1:1,continuum_rankine,continuum,0.75,0.2373588220132305,0.1973588220132305,0.14801911650992286,0,0.0,0.0,-1.0,-14.528290391396974,-7.264145195698487,0.86495866174319,-7.264145195698487,-1.1561246152326576,True,FAIL_RELATIVE_EQUILIBRIUM_GATE,0.3165908724486682,0.29982331034796983,0.22878574800997062,-0.38378756195456276,0.19575902468470158,0.13393053671951724,0.4155108456305348,1.4142625299849891,1.2106771584514024,,,,,
B4_CHIRALITY_SWEEP,128,0.04,rosenhead,fixed_sampled_reach,trefoil,3:1:1,continuum_rankine,continuum,0.75,0.2373588220132305,0.1973588220132305,0.14801911650992286,0,0.0,0.0,-2.0,-29.056580782793947,-14.528290391396974,0.432479330871595,-14.528290391396974,-2.3122492304653153,True,FAIL_RELATIVE_EQUILIBRIUM_GATE,0.4879135609507742,0.3616621816122783,0.22878574800997062,-1.1326221812099528,0.30169373514598014,0.2678610734390345,0.8310216912610696,1.4142625299849891,1.2106771584514024,,,,,
B4_CHIRALITY_SWEEP,128,0.04,rosenhead,fixed_sampled_reach,mirror_trefoil,3:1:1,continuum_rankine,continuum,0.75,0.2373588220132305,0.1973588220132305,0.14801911650992286,0,0.0,0.0,-2.0,-29.056580782793947,-14.528290391396974,0.432479330871595,-14.528290391396974,-2.3122492304653153,True,FAIL_RELATIVE_EQUILIBRIUM_GATE,0.49188087180645856,0.3913255198369325,0.22878574800997062,-1.1499629067148978,0.3041468598925115,0.2678610734390345,0.8310216912610696,1.4142625299849891,1.2106771584514024,,,,,
B4_CHIRALITY_SWEEP,128,0.04,rosenhead,fixed_sampled_reach,trefoil,3:1:1,continuum_rankine,continuum,0.75,0.2373588220132305,0.1973588220132305,0.14801911650992286,0,0.0,0.0,0.25,3.6320725978492434,1.8160362989246217,3.45983464697276,1.8160362989246217,0.2890311538081644,True,FAIL_RELATIVE_EQUILIBRIUM_GATE,0.23562270154344447,0.23610340714087708,0.22878574800997062,-0.029883651376640286,0.14569361994224247,0.03348263417987931,0.1038777114076337,1.4142625299849891,1.2106771584514024,,,,,
B4_CHIRALITY_SWEEP,128,0.04,rosenhead,fixed_sampled_reach,mirror_trefoil,3:1:1,continuum_rankine,continuum,0.75,0.2373588220132305,0.1973588220132305,0.14801911650992286,0,0.0,0.0,0.25,3.6320725978492434,1.8160362989246217,3.45983464697276,1.8160362989246217,0.2890311538081644,True,FAIL_RELATIVE_EQUILIBRIUM_GATE,0.23458935151974394,0.23160437579209295,0.22878574800997062,-0.025366980068707745,0.14505466408343032,0.03348263417987931,0.1038777114076337,1.4142625299849891,1.2106771584514024,,,,,
B4_CHIRALITY_SWEEP,128,0.04,rosenhead,fixed_sampled_reach,trefoil,3:1:1,continuum_rankine,continuum,0.75,0.2373588220132305,0.1973588220132305,0.14801911650992286,0,0.0,0.0,0.5,7.264145195698487,3.6320725978492434,1.72991732348638,3.6320725978492434,0.5780623076163288,True,FAIL_RELATIVE_EQUILIBRIUM_GATE,0.2540818388175395,0.2523541963603652,0.22878574800997062,-0.11056672466532502,0.15710753936875327,0.06696526835975862,0.2077554228152674,1.4142625299849891,1.2106771584514024,,,,,
B4_CHIRALITY_SWEEP,128,0.04,rosenhead,fixed_sampled_reach,mirror_trefoil,3:1:1,continuum_rankine,continuum,0.75,0.2373588220132305,0.1973588220132305,0.14801911650992286,0,0.0,0.0,0.5,7.264145195698487,3.6320725978492434,1.72991732348638,3.6320725978492434,0.5780623076163288,True,FAIL_RELATIVE_EQUILIBRIUM_GATE,0.252162236555254,0.24334724785433604,0.22878574800997062,-0.10217633199889975,0.15592058327067915,0.06696526835975862,0.2077554228152674,1.4142625299849891,1.2106771584514024,,,,,
B4_CHIRALITY_SWEEP,128,0.04,rosenhead,fixed_sampled_reach,trefoil,3:1:1,continuum_rankine,continuum,0.75,0.2373588220132305,0.1973588220132305,0.14801911650992286,0,0.0,0.0,1.0,14.528290391396974,7.264145195698487,0.86495866174319,7.264145195698487,1.1561246152326576,True,FAIL_RELATIVE_EQUILIBRIUM_GATE,0.3165908724486682,0.29982331034796983,0.22878574800997062,-0.38378756195456276,0.19575902468470158,0.13393053671951724,0.4155108456305348,1.4142625299849891,1.2106771584514024,,,,,
B4_CHIRALITY_SWEEP,128,0.04,rosenhead,fixed_sampled_reach,mirror_trefoil,3:1:1,continuum_rankine,continuum,0.75,0.2373588220132305,0.1973588220132305,0.14801911650992286,0,0.0,0.0,1.0,14.528290391396974,7.264145195698487,0.86495866174319,7.264145195698487,1.1561246152326576,True,FAIL_RELATIVE_EQUILIBRIUM_GATE,0.3135063093034978,0.2821041389776043,0.22878574800997062,-0.3703052398606361,0.19385173320719754,0.13393053671951724,0.4155108456305348,1.4142625299849891,1.2106771584514024,,,,,
B4_CHIRALITY_SWEEP,128,0.04,rosenhead,fixed_sampled_reach,trefoil,3:1:1,continuum_rankine,continuum,0.75,0.2373588220132305,0.1973588220132305,0.14801911650992286,0,0.0,0.0,2.0,29.056580782793947,14.528290391396974,0.432479330871595,14.528290391396974,2.3122492304653153,True,FAIL_RELATIVE_EQUILIBRIUM_GATE,0.49188087180645856,0.3913255198369325,0.22878574800997062,-1.1499629067148978,0.3041468598925115,0.2678610734390345,0.8310216912610696,1.4142625299849891,1.2106771584514024,,,,,
B4_CHIRALITY_SWEEP,128,0.04,rosenhead,fixed_sampled_reach,mirror_trefoil,3:1:1,continuum_rankine,continuum,0.75,0.2373588220132305,0.1973588220132305,0.14801911650992286,0,0.0,0.0,2.0,29.056580782793947,14.528290391396974,0.432479330871595,14.528290391396974,2.3122492304653153,True,FAIL_RELATIVE_EQUILIBRIUM_GATE,0.4879135609507742,0.3616621816122783,0.22878574800997062,-1.1326221812099528,0.30169373514598014,0.2678610734390345,0.8310216912610696,1.4142625299849891,1.2106771584514024,,,,,
B4_CHIRALITY_SWEEP,128,0.04,rosenhead,fixed_sampled_reach,trefoil,3:1:1,continuum_rankine,continuum,1.0,0.2373588220132305,0.1973588220132305,0.1973588220132305,0,0.0,0.0,-0.25,-2.0430408362901993,-1.0215204181450996,6.150817150173796,-1.0215204181450996,-0.16258002401709246,True,FAIL_RELATIVE_EQUILIBRIUM_GATE,0.23458935151974394,0.23160437579209295,0.22878574800997062,-0.025366980068707745,0.14505466408343032,0.03348263417987931,0.1038777114076337,1.4142625299849891,1.2106771584514024,,,,,
B4_CHIRALITY_SWEEP,128,0.04,rosenhead,fixed_sampled_reach,mirror_trefoil,3:1:1,continuum_rankine,continuum,1.0,0.2373588220132305,0.1973588220132305,0.1973588220132305,0,0.0,0.0,-0.25,-2.0430408362901993,-1.0215204181450996,6.150817150173796,-1.0215204181450996,-0.16258002401709246,True,FAIL_RELATIVE_EQUILIBRIUM_GATE,0.23562270154344447,0.23610340714087708,0.22878574800997062,-0.029883651376640286,0.14569361994224247,0.03348263417987931,0.1038777114076337,1.4142625299849891,1.2106771584514024,,,,,
B4_CHIRALITY_SWEEP,128,0.04,rosenhead,fixed_sampled_reach,trefoil,3:1:1,continuum_rankine,continuum,1.0,0.2373588220132305,0.1973588220132305,0.1973588220132305,0,0.0,0.0,-0.5,-4.086081672580399,-2.0430408362901993,3.075408575086898,-2.0430408362901993,-0.3251600480341849,True,FAIL_RELATIVE_EQUILIBRIUM_GATE,0.252162236555254,0.24334724785433604,0.22878574800997062,-0.10217633199889975,0.15592058327067915,0.06696526835975862,0.2077554228152674,1.4142625299849891,1.2106771584514024,,,,,
B4_CHIRALITY_SWEEP,128,0.04,rosenhead,fixed_sampled_reach,mirror_trefoil,3:1:1,continuum_rankine,continuum,1.0,0.2373588220132305,0.1973588220132305,0.1973588220132305,0,0.0,0.0,-0.5,-4.086081672580399,-2.0430408362901993,3.075408575086898,-2.0430408362901993,-0.3251600480341849,True,FAIL_RELATIVE_EQUILIBRIUM_GATE,0.2540818388175395,0.2523541963603652,0.22878574800997062,-0.11056672466532502,0.15710753936875327,0.06696526835975862,0.2077554228152674,1.4142625299849891,1.2106771584514024,,,,,
B4_CHIRALITY_SWEEP,128,0.04,rosenhead,fixed_sampled_reach,trefoil,3:1:1,continuum_rankine,continuum,1.0,0.2373588220132305,0.1973588220132305,0.1973588220132305,0,0.0,0.0,-1.0,-8.172163345160797,-4.086081672580399,1.537704287543449,-4.086081672580399,-0.6503200960683698,True,FAIL_RELATIVE_EQUILIBRIUM_GATE,0.3135063093034978,0.2821041389776043,0.22878574800997062,-0.3703052398606361,0.19385173320719754,0.13393053671951724,0.4155108456305348,1.4142625299849891,1.2106771584514024,,,,,
B4_CHIRALITY_SWEEP,128,0.04,rosenhead,fixed_sampled_reach,mirror_trefoil,3:1:1,continuum_rankine,continuum,1.0,0.2373588220132305,0.1973588220132305,0.1973588220132305,0,0.0,0.0,-1.0,-8.172163345160797,-4.086081672580399,1.537704287543449,-4.086081672580399,-0.6503200960683698,True,FAIL_RELATIVE_EQUILIBRIUM_GATE,0.3165908724486682,0.29982331034796983,0.22878574800997062,-0.38378756195456276,0.19575902468470158,0.13393053671951724,0.4155108456305348,1.4142625299849891,1.2106771584514024,,,,,
B4_CHIRALITY_SWEEP,128,0.04,rosenhead,fixed_sampled_reach,trefoil,3:1:1,continuum_rankine,continuum,1.0,0.2373588220132305,0.1973588220132305,0.1973588220132305,0,0.0,0.0,-2.0,-16.344326690321594,-8.172163345160797,0.7688521437717245,-8.172163345160797,-1.3006401921367396,True,FAIL_RELATIVE_EQUILIBRIUM_GATE,0.4879135609507742,0.3616621816122783,0.22878574800997062,-1.1326221812099528,0.30169373514598014,0.2678610734390345,0.8310216912610696,1.4142625299849891,1.2106771584514024,,,,,
B4_CHIRALITY_SWEEP,128,0.04,rosenhead,fixed_sampled_reach,mirror_trefoil,3:1:1,continuum_rankine,continuum,1.0,0.2373588220132305,0.1973588220132305,0.1973588220132305,0,0.0,0.0,-2.0,-16.344326690321594,-8.172163345160797,0.7688521437717245,-8.172163345160797,-1.3006401921367396,True,FAIL_RELATIVE_EQUILIBRIUM_GATE,0.49188087180645856,0.3913255198369325,0.22878574800997062,-1.1499629067148978,0.3041468598925115,0.2678610734390345,0.8310216912610696,1.4142625299849891,1.2106771584514024,,,,,
B4_CHIRALITY_SWEEP,128,0.04,rosenhead,fixed_sampled_reach,trefoil,3:1:1,continuum_rankine,continuum,1.0,0.2373588220132305,0.1973588220132305,0.1973588220132305,0,0.0,0.0,0.25,2.0430408362901993,1.0215204181450996,6.150817150173796,1.0215204181450996,0.16258002401709246,True,FAIL_RELATIVE_EQUILIBRIUM_GATE,0.23562270154344447,0.23610340714087708,0.22878574800997062,-0.029883651376640286,0.14569361994224247,0.03348263417987931,0.1038777114076337,1.4142625299849891,1.2106771584514024,,,,,
B4_CHIRALITY_SWEEP,128,0.04,rosenhead,fixed_sampled_reach,mirror_trefoil,3:1:1,continuum_rankine,continuum,1.0,0.2373588220132305,0.1973588220132305,0.1973588220132305,0,0.0,0.0,0.25,2.0430408362901993,1.0215204181450996,6.150817150173796,1.0215204181450996,0.16258002401709246,True,FAIL_RELATIVE_EQUILIBRIUM_GATE,0.23458935151974394,0.23160437579209295,0.22878574800997062,-0.025366980068707745,0.14505466408343032,0.03348263417987931,0.1038777114076337,1.4142625299849891,1.2106771584514024,,,,,
B4_CHIRALITY_SWEEP,128,0.04,rosenhead,fixed_sampled_reach,trefoil,3:1:1,continuum_rankine,continuum,1.0,0.2373588220132305,0.1973588220132305,0.1973588220132305,0,0.0,0.0,0.5,4.086081672580399,2.0430408362901993,3.075408575086898,2.0430408362901993,0.3251600480341849,True,FAIL_RELATIVE_EQUILIBRIUM_GATE,0.2540818388175395,0.2523541963603652,0.22878574800997062,-0.11056672466532502,0.15710753936875327,0.06696526835975862,0.2077554228152674,1.4142625299849891,1.2106771584514024,,,,,
B4_CHIRALITY_SWEEP,128,0.04,rosenhead,fixed_sampled_reach,mirror_trefoil,3:1:1,continuum_rankine,continuum,1.0,0.2373588220132305,0.1973588220132305,0.1973588220132305,0,0.0,0.0,0.5,4.086081672580399,2.0430408362901993,3.075408575086898,2.0430408362901993,0.3251600480341849,True,FAIL_RELATIVE_EQUILIBRIUM_GATE,0.252162236555254,0.24334724785433604,0.22878574800997062,-0.10217633199889975,0.15592058327067915,0.06696526835975862,0.2077554228152674,1.4142625299849891,1.2106771584514024,,,,,
B4_CHIRALITY_SWEEP,128,0.04,rosenhead,fixed_sampled_reach,trefoil,3:1:1,continuum_rankine,continuum,1.0,0.2373588220132305,0.1973588220132305,0.1973588220132305,0,0.0,0.0,1.0,8.172163345160797,4.086081672580399,1.537704287543449,4.086081672580399,0.6503200960683698,True,FAIL_RELATIVE_EQUILIBRIUM_GATE,0.3165908724486682,0.29982331034796983,0.22878574800997062,-0.38378756195456276,0.19575902468470158,0.13393053671951724,0.4155108456305348,1.4142625299849891,1.2106771584514024,,,,,
B4_CHIRALITY_SWEEP,128,0.04,rosenhead,fixed_sampled_reach,mirror_trefoil,3:1:1,continuum_rankine,continuum,1.0,0.2373588220132305,0.1973588220132305,0.1973588220132305,0,0.0,0.0,1.0,8.172163345160797,4.086081672580399,1.537704287543449,4.086081672580399,0.6503200960683698,True,FAIL_RELATIVE_EQUILIBRIUM_GATE,0.3135063093034978,0.2821041389776043,0.22878574800997062,-0.3703052398606361,0.19385173320719754,0.13393053671951724,0.4155108456305348,1.4142625299849891,1.2106771584514024,,,,,
B4_CHIRALITY_SWEEP,128,0.04,rosenhead,fixed_sampled_reach,trefoil,3:1:1,continuum_rankine,continuum,1.0,0.2373588220132305,0.1973588220132305,0.1973588220132305,0,0.0,0.0,2.0,16.344326690321594,8.172163345160797,0.7688521437717245,8.172163345160797,1.3006401921367396,True,FAIL_RELATIVE_EQUILIBRIUM_GATE,0.49188087180645856,0.3913255198369325,0.22878574800997062,-1.1499629067148978,0.3041468598925115,0.2678610734390345,0.8310216912610696,1.4142625299849891,1.2106771584514024,,,,,
B4_CHIRALITY_SWEEP,128,0.04,rosenhead,fixed_sampled_reach,mirror_trefoil,3:1:1,continuum_rankine,continuum,1.0,0.2373588220132305,0.1973588220132305,0.1973588220132305,0,0.0,0.0,2.0,16.344326690321594,8.172163345160797,0.7688521437717245,8.172163345160797,1.3006401921367396,True,FAIL_RELATIVE_EQUILIBRIUM_GATE,0.4879135609507742,0.3616621816122783,0.22878574800997062,-1.1326221812099528,0.30169373514598014,0.2678610734390345,0.8310216912610696,1.4142625299849891,1.2106771584514024,,,,,
B4_CHIRALITY_SWEEP,128,0.04,rosenhead,fixed_sampled_reach,trefoil,3:1:1,continuum_rankine,continuum,1.25,0.2373588220132305,0.1973588220132305,0.24669852751653812,0,0.0,0.0,-0.25,-1.3075461352257276,-0.6537730676128638,9.610651797146556,-0.6537730676128638,-0.10405121537093918,True,FAIL_RELATIVE_EQUILIBRIUM_GATE,0.23425394537971153,0.23138811104908916,0.22878574800997062,-0.023900952822911936,0.14484727093170055,0.032509301278737364,0.10303173116782359,1.4142625299849891,1.2106771584514024,,,,,
B4_CHIRALITY_SWEEP,128,0.04,rosenhead,fixed_sampled_reach,mirror_trefoil,3:1:1,continuum_rankine,continuum,1.25,0.2373588220132305,0.1973588220132305,0.24669852751653812,0,0.0,0.0,-0.25,-1.3075461352257276,-0.6537730676128638,9.610651797146556,-0.6537730676128638,-0.10405121537093918,True,FAIL_RELATIVE_EQUILIBRIUM_GATE,0.23524309417462866,0.2356727038607562,0.22878574800997062,-0.028224424907694168,0.1454588956505794,0.032509301278737364,0.10303173116782359,1.4142625299849891,1.2106771584514024,,,,,
B4_CHIRALITY_SWEEP,128,0.04,rosenhead,fixed_sampled_reach,trefoil,3:1:1,continuum_rankine,continuum,1.25,0.2373588220132305,0.1973588220132305,0.24669852751653812,0,0.0,0.0,-0.5,-2.615092270451455,-1.3075461352257276,4.805325898573278,-1.3075461352257276,-0.20810243074187837,True,FAIL_RELATIVE_EQUILIBRIUM_GATE,0.2508690707466556,0.24239631261371475,0.22878574800997062,-0.09652403145200528,0.15512097437643388,0.06501860255747473,0.20606346233564718,1.4142625299849891,1.2106771584514024,,,,,
B4_CHIRALITY_SWEEP,128,0.04,rosenhead,fixed_sampled_reach,mirror_trefoil,3:1:1,continuum_rankine,continuum,1.25,0.2373588220132305,0.1973588220132305,0.24669852751653812,0,0.0,0.0,-0.5,-2.615092270451455,-1.3075461352257276,4.805325898573278,-1.3075461352257276,-0.20810243074187837,True,FAIL_RELATIVE_EQUILIBRIUM_GATE,0.25271346525081556,0.2509632374297859,0.22878574800997062,-0.1045856984054887,0.1562614269311004,0.06501860255747473,0.20606346233564718,1.4142625299849891,1.2106771584514024,,,,,
B4_CHIRALITY_SWEEP,128,0.04,rosenhead,fixed_sampled_reach,trefoil,3:1:1,continuum_rankine,continuum,1.25,0.2373588220132305,0.1973588220132305,0.24669852751653812,0,0.0,0.0,-1.0,-5.23018454090291,-2.615092270451455,2.402662949286639,-2.615092270451455,-0.41620486148375674,True,FAIL_RELATIVE_EQUILIBRIUM_GATE,0.3092591340825706,0.27914623317663856,0.22878574800997062,-0.3517412547441239,0.19122555869849137,0.13003720511494946,0.41212692467129436,1.4142625299849891,1.2106771584514024,,,,,
B4_CHIRALITY_SWEEP,128,0.04,rosenhead,fixed_sampled_reach,mirror_trefoil,3:1:1,continuum_rankine,continuum,1.25,0.2373588220132305,0.1973588220132305,0.24669852751653812,0,0.0,0.0,-1.0,-5.23018454090291,-2.615092270451455,2.402662949286639,-2.615092270451455,-0.41620486148375674,True,FAIL_RELATIVE_EQUILIBRIUM_GATE,0.31224801318354406,0.2959570163932521,0.22878574800997062,-0.3648053512928442,0.1930736854406858,0.13003720511494946,0.41212692467129436,1.4142625299849891,1.2106771584514024,,,,,
B4_CHIRALITY_SWEEP,128,0.04,rosenhead,fixed_sampled_reach,trefoil,3:1:1,continuum_rankine,continuum,1.25,0.2373588220132305,0.1973588220132305,0.24669852751653812,0,0.0,0.0,-2.0,-10.46036908180582,-5.23018454090291,1.2013314746433195,-5.23018454090291,-0.8324097229675135,True,FAIL_RELATIVE_EQUILIBRIUM_GATE,0.47685815742223553,0.3558958790790326,0.22878574800997062,-1.084300099853483,0.2948577989248768,0.2600744102298989,0.8242538493425887,1.4142625299849891,1.2106771584514024,,,,,
B4_CHIRALITY_SWEEP,128,0.04,rosenhead,fixed_sampled_reach,mirror_trefoil,3:1:1,continuum_rankine,continuum,1.25,0.2373588220132305,0.1973588220132305,0.24669852751653812,0,0.0,0.0,-2.0,-10.46036908180582,-5.23018454090291,1.2013314746433195,-5.23018454090291,-0.8324097229675135,True,FAIL_RELATIVE_EQUILIBRIUM_GATE,0.4807378929804351,0.38406860634163154,0.22878574800997062,-1.1012580423474816,0.2972567728530682,0.2600744102298989,0.8242538493425887,1.4142625299849891,1.2106771584514024,,,,,
B4_CHIRALITY_SWEEP,128,0.04,rosenhead,fixed_sampled_reach,trefoil,3:1:1,continuum_rankine,continuum,1.25,0.2373588220132305,0.1973588220132305,0.24669852751653812,0,0.0,0.0,0.25,1.3075461352257276,0.6537730676128638,9.610651797146556,0.6537730676128638,0.10405121537093918,True,FAIL_RELATIVE_EQUILIBRIUM_GATE,0.23524309417462866,0.2356727038607562,0.22878574800997062,-0.028224424907694168,0.1454588956505794,0.032509301278737364,0.10303173116782359,1.4142625299849891,1.2106771584514024,,,,,
B4_CHIRALITY_SWEEP,128,0.04,rosenhead,fixed_sampled_reach,mirror_trefoil,3:1:1,continuum_rankine,continuum,1.25,0.2373588220132305,0.1973588220132305,0.24669852751653812,0,0.0,0.0,0.25,1.3075461352257276,0.6537730676128638,9.610651797146556,0.6537730676128638,0.10405121537093918,True,FAIL_RELATIVE_EQUILIBRIUM_GATE,0.23425394537971153,0.23138811104908916,0.22878574800997062,-0.023900952822911936,0.14484727093170055,0.032509301278737364,0.10303173116782359,1.4142625299849891,1.2106771584514024,,,,,
B4_CHIRALITY_SWEEP,128,0.04,rosenhead,fixed_sampled_reach,trefoil,3:1:1,continuum_rankine,continuum,1.25,0.2373588220132305,0.1973588220132305,0.24669852751653812,0,0.0,0.0,0.5,2.615092270451455,1.3075461352257276,4.805325898573278,1.3075461352257276,0.20810243074187837,True,FAIL_RELATIVE_EQUILIBRIUM_GATE,0.25271346525081556,0.2509632374297859,0.22878574800997062,-0.1045856984054887,0.1562614269311004,0.06501860255747473,0.20606346233564718,1.4142625299849891,1.2106771584514024,,,,,
B4_CHIRALITY_SWEEP,128,0.04,rosenhead,fixed_sampled_reach,mirror_trefoil,3:1:1,continuum_rankine,continuum,1.25,0.2373588220132305,0.1973588220132305,0.24669852751653812,0,0.0,0.0,0.5,2.615092270451455,1.3075461352257276,4.805325898573278,1.3075461352257276,0.20810243074187837,True,FAIL_RELATIVE_EQUILIBRIUM_GATE,0.2508690707466556,0.24239631261371475,0.22878574800997062,-0.09652403145200528,0.15512097437643388,0.06501860255747473,0.20606346233564718,1.4142625299849891,1.2106771584514024,,,,,
B4_CHIRALITY_SWEEP,128,0.04,rosenhead,fixed_sampled_reach,trefoil,3:1:1,continuum_rankine,continuum,1.25,0.2373588220132305,0.1973588220132305,0.24669852751653812,0,0.0,0.0,1.0,5.23018454090291,2.615092270451455,2.402662949286639,2.615092270451455,0.41620486148375674,True,FAIL_RELATIVE_EQUILIBRIUM_GATE,0.31224801318354406,0.2959570163932521,0.22878574800997062,-0.3648053512928442,0.1930736854406858,0.13003720511494946,0.41212692467129436,1.4142625299849891,1.2106771584514024,,,,,
B4_CHIRALITY_SWEEP,128,0.04,rosenhead,fixed_sampled_reach,mirror_trefoil,3:1:1,continuum_rankine,continuum,1.25,0.2373588220132305,0.1973588220132305,0.24669852751653812,0,0.0,0.0,1.0,5.23018454090291,2.615092270451455,2.402662949286639,2.615092270451455,0.41620486148375674,True,FAIL_RELATIVE_EQUILIBRIUM_GATE,0.3092591340825706,0.27914623317663856,0.22878574800997062,-0.3517412547441239,0.19122555869849137,0.13003720511494946,0.41212692467129436,1.4142625299849891,1.2106771584514024,,,,,
B4_CHIRALITY_SWEEP,128,0.04,rosenhead,fixed_sampled_reach,trefoil,3:1:1,continuum_rankine,continuum,1.25,0.2373588220132305,0.1973588220132305,0.24669852751653812,0,0.0,0.0,2.0,10.46036908180582,5.23018454090291,1.2013314746433195,5.23018454090291,0.8324097229675135,True,FAIL_RELATIVE_EQUILIBRIUM_GATE,0.4807378929804351,0.38406860634163154,0.22878574800997062,-1.1012580423474816,0.2972567728530682,0.2600744102298989,0.8242538493425887,1.4142625299849891,1.2106771584514024,,,,,
B4_CHIRALITY_SWEEP,128,0.04,rosenhead,fixed_sampled_reach,mirror_trefoil,3:1:1,continuum_rankine,continuum,1.25,0.2373588220132305,0.1973588220132305,0.24669852751653812,0,0.0,0.0,2.0,10.46036908180582,5.23018454090291,1.2013314746433195,5.23018454090291,0.8324097229675135,True,FAIL_RELATIVE_EQUILIBRIUM_GATE,0.47685815742223553,0.3558958790790326,0.22878574800997062,-1.084300099853483,0.2948577989248768,0.2600744102298989,0.8242538493425887,1.4142625299849891,1.2106771584514024,,,,,
B4_CHIRALITY_SWEEP,128,0.04,winckelmans,fixed_sampled_reach,trefoil,3:1:1,continuum_rankine,continuum,0.75,0.2373588220132305,0.1973588220132305,0.14801911650992286,0,0.0,0.0,-0.25,-3.6320725978492434,-1.8160362989246217,3.45983464697276,-1.8160362989246217,-0.2890311538081644,True,FAIL_RELATIVE_EQUILIBRIUM_GATE,0.2360767867837359,0.2339811733524939,0.23374739337941808,-0.009965430504445205,0.1545559726857264,0.03348263417987931,0.1038777114076337,1.4142625299849891,1.2106771584514024,,,,,
B4_CHIRALITY_SWEEP,128,0.04,winckelmans,fixed_sampled_reach,mirror_trefoil,3:1:1,continuum_rankine,continuum,0.75,0.2373588220132305,0.1973588220132305,0.14801911650992286,0,0.0,0.0,-0.25,-3.6320725978492434,-1.8160362989246217,3.45983464697276,-1.8160362989246217,-0.2890311538081644,True,FAIL_RELATIVE_EQUILIBRIUM_GATE,0.24243488488172332,0.24225082370743337,0.23374739337941808,-0.03716615349889163,0.1587185252575128,0.03348263417987931,0.1038777114076337,1.4142625299849891,1.2106771584514024,,,,,
B4_CHIRALITY_SWEEP,128,0.04,winckelmans,fixed_sampled_reach,trefoil,3:1:1,continuum_rankine,continuum,0.75,0.2373588220132305,0.1973588220132305,0.14801911650992286,0,0.0,0.0,-0.5,-7.264145195698487,-3.6320725978492434,1.72991732348638,-3.6320725978492434,-0.5780623076163288,True,FAIL_RELATIVE_EQUILIBRIUM_GATE,0.2491142096448889,0.24247648348277753,0.23374739337941808,-0.06574112354069106,0.163091380165101,0.06696526835975862,0.2077554228152674,1.4142625299849891,1.2106771584514024,,,,,
B4_CHIRALITY_SWEEP,128,0.04,winckelmans,fixed_sampled_reach,mirror_trefoil,3:1:1,continuum_rankine,continuum,0.75,0.2373588220132305,0.1973588220132305,0.14801911650992286,0,0.0,0.0,-0.5,-7.264145195698487,-3.6320725978492434,1.72991732348638,-3.6320725978492434,-0.5780623076163288,True,FAIL_RELATIVE_EQUILIBRIUM_GATE,0.26104163986988654,0.2581468277714391,0.23374739337941808,-0.11676813202431968,0.1709000919202063,0.06696526835975862,0.2077554228152674,1.4142625299849891,1.2106771584514024,,,,,
B4_CHIRALITY_SWEEP,128,0.04,winckelmans,fixed_sampled_reach,trefoil,3:1:1,continuum_rankine,continuum,0.75,0.2373588220132305,0.1973588220132305,0.14801911650992286,0,0.0,0.0,-1.0,-14.528290391396974,-7.264145195698487,0.86495866174319,-7.264145195698487,-1.1561246152326576,True,FAIL_RELATIVE_EQUILIBRIUM_GATE,0.3006707075056285,0.27573448780210763,0.23374739337941808,-0.2863061408243417,0.19684465503678844,0.13393053671951724,0.4155108456305348,1.4142625299849891,1.2106771584514024,,,,,
B4_CHIRALITY_SWEEP,128,0.04,winckelmans,fixed_sampled_reach,mirror_trefoil,3:1:1,continuum_rankine,continuum,0.75,0.2373588220132305,0.1973588220132305,0.14801911650992286,0,0.0,0.0,-1.0,-14.528290391396974,-7.264145195698487,0.86495866174319,-7.264145195698487,-1.1561246152326576,True,FAIL_RELATIVE_EQUILIBRIUM_GATE,0.32026952860030095,0.3022003772026273,0.23374739337941808,-0.37015229975395014,0.20967571267294446,0.13393053671951724,0.4155108456305348,1.4142625299849891,1.2106771584514024,,,,,
B4_CHIRALITY_SWEEP,128,0.04,winckelmans,fixed_sampled_reach,trefoil,3:1:1,continuum_rankine,continuum,0.75,0.2373588220132305,0.1973588220132305,0.14801911650992286,0,0.0,0.0,-2.0,-29.056580782793947,-14.528290391396974,0.432479330871595,-14.528290391396974,-2.3122492304653153,True,FAIL_RELATIVE_EQUILIBRIUM_GATE,0.45811315443965084,0.35236257261830234,0.23374739337941808,-0.9598642270035624,0.2999198911047893,0.2678610734390345,0.8310216912610696,1.4142625299849891,1.2106771584514024,,,,,
B4_CHIRALITY_SWEEP,128,0.04,winckelmans,fixed_sampled_reach,mirror_trefoil,3:1:1,continuum_rankine,continuum,0.75,0.2373588220132305,0.1973588220132305,0.14801911650992286,0,0.0,0.0,-2.0,-29.056580782793947,-14.528290391396974,0.432479330871595,-14.528290391396974,-2.3122492304653153,True,FAIL_RELATIVE_EQUILIBRIUM_GATE,0.48394943482402675,0.3876527314960113,0.23374739337941808,-1.0703950013187162,0.3168345208733078,0.2678610734390345,0.8310216912610696,1.4142625299849891,1.2106771584514024,,,,,
B4_CHIRALITY_SWEEP,128,0.04,winckelmans,fixed_sampled_reach,trefoil,3:1:1,continuum_rankine,continuum,0.75,0.2373588220132305,0.1973588220132305,0.14801911650992286,0,0.0,0.0,0.25,3.6320725978492434,1.8160362989246217,3.45983464697276,1.8160362989246217,0.2890311538081644,True,FAIL_RELATIVE_EQUILIBRIUM_GATE,0.24243488488172332,0.24225082370743337,0.23374739337941808,-0.03716615349889163,0.1587185252575128,0.03348263417987931,0.1038777114076337,1.4142625299849891,1.2106771584514024,,,,,
B4_CHIRALITY_SWEEP,128,0.04,winckelmans,fixed_sampled_reach,mirror_trefoil,3:1:1,continuum_rankine,continuum,0.75,0.2373588220132305,0.1973588220132305,0.14801911650992286,0,0.0,0.0,0.25,3.6320725978492434,1.8160362989246217,3.45983464697276,1.8160362989246217,0.2890311538081644,True,FAIL_RELATIVE_EQUILIBRIUM_GATE,0.2360767867837359,0.2339811733524939,0.23374739337941808,-0.009965430504445205,0.1545559726857264,0.03348263417987931,0.1038777114076337,1.4142625299849891,1.2106771584514024,,,,,
B4_CHIRALITY_SWEEP,128,0.04,winckelmans,fixed_sampled_reach,trefoil,3:1:1,continuum_rankine,continuum,0.75,0.2373588220132305,0.1973588220132305,0.14801911650992286,0,0.0,0.0,0.5,7.264145195698487,3.6320725978492434,1.72991732348638,3.6320725978492434,0.5780623076163288,True,FAIL_RELATIVE_EQUILIBRIUM_GATE,0.26104163986988654,0.2581468277714391,0.23374739337941808,-0.11676813202431968,0.1709000919202063,0.06696526835975862,0.2077554228152674,1.4142625299849891,1.2106771584514024,,,,,
B4_CHIRALITY_SWEEP,128,0.04,winckelmans,fixed_sampled_reach,mirror_trefoil,3:1:1,continuum_rankine,continuum,0.75,0.2373588220132305,0.1973588220132305,0.14801911650992286,0,0.0,0.0,0.5,7.264145195698487,3.6320725978492434,1.72991732348638,3.6320725978492434,0.5780623076163288,True,FAIL_RELATIVE_EQUILIBRIUM_GATE,0.2491142096448889,0.24247648348277753,0.23374739337941808,-0.06574112354069106,0.163091380165101,0.06696526835975862,0.2077554228152674,1.4142625299849891,1.2106771584514024,,,,,
B4_CHIRALITY_SWEEP,128,0.04,winckelmans,fixed_sampled_reach,trefoil,3:1:1,continuum_rankine,continuum,0.75,0.2373588220132305,0.1973588220132305,0.14801911650992286,0,0.0,0.0,1.0,14.528290391396974,7.264145195698487,0.86495866174319,7.264145195698487,1.1561246152326576,True,FAIL_RELATIVE_EQUILIBRIUM_GATE,0.32026952860030095,0.3022003772026273,0.23374739337941808,-0.37015229975395014,0.20967571267294446,0.13393053671951724,0.4155108456305348,1.4142625299849891,1.2106771584514024,,,,,
B4_CHIRALITY_SWEEP,128,0.04,winckelmans,fixed_sampled_reach,mirror_trefoil,3:1:1,continuum_rankine,continuum,0.75,0.2373588220132305,0.1973588220132305,0.14801911650992286,0,0.0,0.0,1.0,14.528290391396974,7.264145195698487,0.86495866174319,7.264145195698487,1.1561246152326576,True,FAIL_RELATIVE_EQUILIBRIUM_GATE,0.3006707075056285,0.27573448780210763,0.23374739337941808,-0.2863061408243417,0.19684465503678844,0.13393053671951724,0.4155108456305348,1.4142625299849891,1.2106771584514024,,,,,
B4_CHIRALITY_SWEEP,128,0.04,winckelmans,fixed_sampled_reach,trefoil,3:1:1,continuum_rankine,continuum,0.75,0.2373588220132305,0.1973588220132305,0.14801911650992286,0,0.0,0.0,2.0,29.056580782793947,14.528290391396974,0.432479330871595,14.528290391396974,2.3122492304653153,True,FAIL_RELATIVE_EQUILIBRIUM_GATE,0.48394943482402675,0.3876527314960113,0.23374739337941808,-1.0703950013187162,0.3168345208733078,0.2678610734390345,0.8310216912610696,1.4142625299849891,1.2106771584514024,,,,,
B4_CHIRALITY_SWEEP,128,0.04,winckelmans,fixed_sampled_reach,mirror_trefoil,3:1:1,continuum_rankine,continuum,0.75,0.2373588220132305,0.1973588220132305,0.14801911650992286,0,0.0,0.0,2.0,29.056580782793947,14.528290391396974,0.432479330871595,14.528290391396974,2.3122492304653153,True,FAIL_RELATIVE_EQUILIBRIUM_GATE,0.45811315443965084,0.35236257261830234,0.23374739337941808,-0.9598642270035624,0.2999198911047893,0.2678610734390345,0.8310216912610696,1.4142625299849891,1.2106771584514024,,,,,
B4_CHIRALITY_SWEEP,128,0.04,winckelmans,fixed_sampled_reach,trefoil,3:1:1,continuum_rankine,continuum,1.0,0.2373588220132305,0.1973588220132305,0.1973588220132305,0,0.0,0.0,-0.25,-2.0430408362901993,-1.0215204181450996,6.150817150173796,-1.0215204181450996,-0.16258002401709246,True,FAIL_RELATIVE_EQUILIBRIUM_GATE,0.2360767867837359,0.2339811733524939,0.23374739337941808,-0.009965430504445205,0.1545559726857264,0.03348263417987931,0.1038777114076337,1.4142625299849891,1.2106771584514024,,,,,
B4_CHIRALITY_SWEEP,128,0.04,winckelmans,fixed_sampled_reach,mirror_trefoil,3:1:1,continuum_rankine,continuum,1.0,0.2373588220132305,0.1973588220132305,0.1973588220132305,0,0.0,0.0,-0.25,-2.0430408362901993,-1.0215204181450996,6.150817150173796,-1.0215204181450996,-0.16258002401709246,True,FAIL_RELATIVE_EQUILIBRIUM_GATE,0.24243488488172332,0.24225082370743337,0.23374739337941808,-0.03716615349889163,0.1587185252575128,0.03348263417987931,0.1038777114076337,1.4142625299849891,1.2106771584514024,,,,,
B4_CHIRALITY_SWEEP,128,0.04,winckelmans,fixed_sampled_reach,trefoil,3:1:1,continuum_rankine,continuum,1.0,0.2373588220132305,0.1973588220132305,0.1973588220132305,0,0.0,0.0,-0.5,-4.086081672580399,-2.0430408362901993,3.075408575086898,-2.0430408362901993,-0.3251600480341849,True,FAIL_RELATIVE_EQUILIBRIUM_GATE,0.2491142096448889,0.24247648348277753,0.23374739337941808,-0.06574112354069106,0.163091380165101,0.06696526835975862,0.2077554228152674,1.4142625299849891,1.2106771584514024,,,,,
B4_CHIRALITY_SWEEP,128,0.04,winckelmans,fixed_sampled_reach,mirror_trefoil,3:1:1,continuum_rankine,continuum,1.0,0.2373588220132305,0.1973588220132305,0.1973588220132305,0,0.0,0.0,-0.5,-4.086081672580399,-2.0430408362901993,3.075408575086898,-2.0430408362901993,-0.3251600480341849,True,FAIL_RELATIVE_EQUILIBRIUM_GATE,0.26104163986988654,0.2581468277714391,0.23374739337941808,-0.11676813202431968,0.1709000919202063,0.06696526835975862,0.2077554228152674,1.4142625299849891,1.2106771584514024,,,,,
B4_CHIRALITY_SWEEP,128,0.04,winckelmans,fixed_sampled_reach,trefoil,3:1:1,continuum_rankine,continuum,1.0,0.2373588220132305,0.1973588220132305,0.1973588220132305,0,0.0,0.0,-1.0,-8.172163345160797,-4.086081672580399,1.537704287543449,-4.086081672580399,-0.6503200960683698,True,FAIL_RELATIVE_EQUILIBRIUM_GATE,0.3006707075056285,0.27573448780210763,0.23374739337941808,-0.2863061408243417,0.19684465503678844,0.13393053671951724,0.4155108456305348,1.4142625299849891,1.2106771584514024,,,,,
B4_CHIRALITY_SWEEP,128,0.04,winckelmans,fixed_sampled_reach,mirror_trefoil,3:1:1,continuum_rankine,continuum,1.0,0.2373588220132305,0.1973588220132305,0.1973588220132305,0,0.0,0.0,-1.0,-8.172163345160797,-4.086081672580399,1.537704287543449,-4.086081672580399,-0.6503200960683698,True,FAIL_RELATIVE_EQUILIBRIUM_GATE,0.32026952860030095,0.3022003772026273,0.23374739337941808,-0.37015229975395014,0.20967571267294446,0.13393053671951724,0.4155108456305348,1.4142625299849891,1.2106771584514024,,,,,
B4_CHIRALITY_SWEEP,128,0.04,winckelmans,fixed_sampled_reach,trefoil,3:1:1,continuum_rankine,continuum,1.0,0.2373588220132305,0.1973588220132305,0.1973588220132305,0,0.0,0.0,-2.0,-16.344326690321594,-8.172163345160797,0.7688521437717245,-8.172163345160797,-1.3006401921367396,True,FAIL_RELATIVE_EQUILIBRIUM_GATE,0.45811315443965084,0.35236257261830234,0.23374739337941808,-0.9598642270035624,0.2999198911047893,0.2678610734390345,0.8310216912610696,1.4142625299849891,1.2106771584514024,,,,,
B4_CHIRALITY_SWEEP,128,0.04,winckelmans,fixed_sampled_reach,mirror_trefoil,3:1:1,continuum_rankine,continuum,1.0,0.2373588220132305,0.1973588220132305,0.1973588220132305,0,0.0,0.0,-2.0,-16.344326690321594,-8.172163345160797,0.7688521437717245,-8.172163345160797,-1.3006401921367396,True,FAIL_RELATIVE_EQUILIBRIUM_GATE,0.48394943482402675,0.3876527314960113,0.23374739337941808,-1.0703950013187162,0.3168345208733078,0.2678610734390345,0.8310216912610696,1.4142625299849891,1.2106771584514024,,,,,
B4_CHIRALITY_SWEEP,128,0.04,winckelmans,fixed_sampled_reach,trefoil,3:1:1,continuum_rankine,continuum,1.0,0.2373588220132305,0.1973588220132305,0.1973588220132305,0,0.0,0.0,0.25,2.0430408362901993,1.0215204181450996,6.150817150173796,1.0215204181450996,0.16258002401709246,True,FAIL_RELATIVE_EQUILIBRIUM_GATE,0.24243488488172332,0.24225082370743337,0.23374739337941808,-0.03716615349889163,0.1587185252575128,0.03348263417987931,0.1038777114076337,1.4142625299849891,1.2106771584514024,,,,,
B4_CHIRALITY_SWEEP,128,0.04,winckelmans,fixed_sampled_reach,mirror_trefoil,3:1:1,continuum_rankine,continuum,1.0,0.2373588220132305,0.1973588220132305,0.1973588220132305,0,0.0,0.0,0.25,2.0430408362901993,1.0215204181450996,6.150817150173796,1.0215204181450996,0.16258002401709246,True,FAIL_RELATIVE_EQUILIBRIUM_GATE,0.2360767867837359,0.2339811733524939,0.23374739337941808,-0.009965430504445205,0.1545559726857264,0.03348263417987931,0.1038777114076337,1.4142625299849891,1.2106771584514024,,,,,
B4_CHIRALITY_SWEEP,128,0.04,winckelmans,fixed_sampled_reach,trefoil,3:1:1,continuum_rankine,continuum,1.0,0.2373588220132305,0.1973588220132305,0.1973588220132305,0,0.0,0.0,0.5,4.086081672580399,2.0430408362901993,3.075408575086898,2.0430408362901993,0.3251600480341849,True,FAIL_RELATIVE_EQUILIBRIUM_GATE,0.26104163986988654,0.2581468277714391,0.23374739337941808,-0.11676813202431968,0.1709000919202063,0.06696526835975862,0.2077554228152674,1.4142625299849891,1.2106771584514024,,,,,
B4_CHIRALITY_SWEEP,128,0.04,winckelmans,fixed_sampled_reach,mirror_trefoil,3:1:1,continuum_rankine,continuum,1.0,0.2373588220132305,0.1973588220132305,0.1973588220132305,0,0.0,0.0,0.5,4.086081672580399,2.0430408362901993,3.075408575086898,2.0430408362901993,0.3251600480341849,True,FAIL_RELATIVE_EQUILIBRIUM_GATE,0.2491142096448889,0.24247648348277753,0.23374739337941808,-0.06574112354069106,0.163091380165101,0.06696526835975862,0.2077554228152674,1.4142625299849891,1.2106771584514024,,,,,
B4_CHIRALITY_SWEEP,128,0.04,winckelmans,fixed_sampled_reach,trefoil,3:1:1,continuum_rankine,continuum,1.0,0.2373588220132305,0.1973588220132305,0.1973588220132305,0,0.0,0.0,1.0,8.172163345160797,4.086081672580399,1.537704287543449,4.086081672580399,0.6503200960683698,True,FAIL_RELATIVE_EQUILIBRIUM_GATE,0.32026952860030095,0.3022003772026273,0.23374739337941808,-0.37015229975395014,0.20967571267294446,0.13393053671951724,0.4155108456305348,1.4142625299849891,1.2106771584514024,,,,,
B4_CHIRALITY_SWEEP,128,0.04,winckelmans,fixed_sampled_reach,mirror_trefoil,3:1:1,continuum_rankine,continuum,1.0,0.2373588220132305,0.1973588220132305,0.1973588220132305,0,0.0,0.0,1.0,8.172163345160797,4.086081672580399,1.537704287543449,4.086081672580399,0.6503200960683698,True,FAIL_RELATIVE_EQUILIBRIUM_GATE,0.3006707075056285,0.27573448780210763,0.23374739337941808,-0.2863061408243417,0.19684465503678844,0.13393053671951724,0.4155108456305348,1.4142625299849891,1.2106771584514024,,,,,
B4_CHIRALITY_SWEEP,128,0.04,winckelmans,fixed_sampled_reach,trefoil,3:1:1,continuum_rankine,continuum,1.0,0.2373588220132305,0.1973588220132305,0.1973588220132305,0,0.0,0.0,2.0,16.344326690321594,8.172163345160797,0.7688521437717245,8.172163345160797,1.3006401921367396,True,FAIL_RELATIVE_EQUILIBRIUM_GATE,0.48394943482402675,0.3876527314960113,0.23374739337941808,-1.0703950013187162,0.3168345208733078,0.2678610734390345,0.8310216912610696,1.4142625299849891,1.2106771584514024,,,,,
B4_CHIRALITY_SWEEP,128,0.04,winckelmans,fixed_sampled_reach,mirror_trefoil,3:1:1,continuum_rankine,continuum,1.0,0.2373588220132305,0.1973588220132305,0.1973588220132305,0,0.0,0.0,2.0,16.344326690321594,8.172163345160797,0.7688521437717245,8.172163345160797,1.3006401921367396,True,FAIL_RELATIVE_EQUILIBRIUM_GATE,0.45811315443965084,0.35236257261830234,0.23374739337941808,-0.9598642270035624,0.2999198911047893,0.2678610734390345,0.8310216912610696,1.4142625299849891,1.2106771584514024,,,,,
B4_CHIRALITY_SWEEP,128,0.04,winckelmans,fixed_sampled_reach,trefoil,3:1:1,continuum_rankine,continuum,1.25,0.2373588220132305,0.1973588220132305,0.24669852751653812,0,0.0,0.0,-0.25,-1.3075461352257276,-0.6537730676128638,9.610651797146556,-0.6537730676128638,-0.10405121537093918,True,FAIL_RELATIVE_EQUILIBRIUM_GATE,0.23581617540178954,0.23382541240016902,0.23374739337941808,-0.008850503068555726,0.15438535427729055,0.032509301278737364,0.10303173116782359,1.4142625299849891,1.2106771584514024,,,,,
B4_CHIRALITY_SWEEP,128,0.04,winckelmans,fixed_sampled_reach,mirror_trefoil,3:1:1,continuum_rankine,continuum,1.25,0.2373588220132305,0.1973588220132305,0.24669852751653812,0,0.0,0.0,-0.25,-1.3075461352257276,-0.6537730676128638,9.610651797146556,-0.6537730676128638,-0.10405121537093918,True,FAIL_RELATIVE_EQUILIBRIUM_GATE,0.24207009941510585,0.2418424197884944,0.23374739337941808,-0.03560555655984743,0.15847970562012792,0.032509301278737364,0.10303173116782359,1.4142625299849891,1.2106771584514024,,,,,
B4_CHIRALITY_SWEEP,128,0.04,winckelmans,fixed_sampled_reach,trefoil,3:1:1,continuum_rankine,continuum,1.25,0.2373588220132305,0.1973588220132305,0.24669852751653812,0,0.0,0.0,-0.5,-2.615092270451455,-1.3075461352257276,4.805325898573278,-1.3075461352257276,-0.20810243074187837,True,FAIL_RELATIVE_EQUILIBRIUM_GATE,0.24801654589806033,0.241673158072178,0.23374739337941808,-0.06104518348780297,0.16237275598190945,0.06501860255747473,0.20606346233564718,1.4142625299849891,1.2106771584514024,,,,,
B4_CHIRALITY_SWEEP,128,0.04,winckelmans,fixed_sampled_reach,mirror_trefoil,3:1:1,continuum_rankine,continuum,1.25,0.2373588220132305,0.1973588220132305,0.24669852751653812,0,0.0,0.0,-0.5,-2.615092270451455,-1.3075461352257276,4.805325898573278,-1.3075461352257276,-0.20810243074187837,True,FAIL_RELATIVE_EQUILIBRIUM_GATE,0.25978748225930354,0.2568816893936279,0.23374739337941808,-0.11140269204036546,0.17007901352429255,0.06501860255747473,0.20606346233564718,1.4142625299849891,1.2106771584514024,,,,,
B4_CHIRALITY_SWEEP,128,0.04,winckelmans,fixed_sampled_reach,trefoil,3:1:1,continuum_rankine,continuum,1.25,0.2373588220132305,0.1973588220132305,0.24669852751653812,0,0.0,0.0,-1.0,-5.23018454090291,-2.615092270451455,2.402662949286639,-2.615092270451455,-0.41620486148375674,True,FAIL_RELATIVE_EQUILIBRIUM_GATE,0.29683770872519655,0.27299473886202247,0.23374739337941808,-0.26990810221943495,0.19433524755592688,0.13003720511494946,0.41212692467129436,1.4142625299849891,1.2106771584514024,,,,,
B4_CHIRALITY_SWEEP,128,0.04,winckelmans,fixed_sampled_reach,mirror_trefoil,3:1:1,continuum_rankine,continuum,1.25,0.2373588220132305,0.1973588220132305,0.24669852751653812,0,0.0,0.0,-1.0,-5.23018454090291,-2.615092270451455,2.402662949286639,-2.615092270451455,-0.41620486148375674,True,FAIL_RELATIVE_EQUILIBRIUM_GATE,0.3163341320819985,0.29871579871326287,0.23374739337941808,-0.35331619107523426,0.20709926691105152,0.13003720511494946,0.41212692467129436,1.4142625299849891,1.2106771584514024,,,,,
B4_CHIRALITY_SWEEP,128,0.04,winckelmans,fixed_sampled_reach,trefoil,3:1:1,continuum_rankine,continuum,1.25,0.2373588220132305,0.1973588220132305,0.24669852751653812,0,0.0,0.0,-2.0,-10.46036908180582,-5.23018454090291,1.2013314746433195,-5.23018454090291,-0.8324097229675135,True,FAIL_RELATIVE_EQUILIBRIUM_GATE,0.44776291421770065,0.3466601575804026,0.23374739337941808,-0.9155846306739053,0.29314374226428563,0.2600744102298989,0.8242538493425887,1.4142625299849891,1.2106771584514024,,,,,
B4_CHIRALITY_SWEEP,128,0.04,winckelmans,fixed_sampled_reach,mirror_trefoil,3:1:1,continuum_rankine,continuum,1.25,0.2373588220132305,0.1973588220132305,0.24669852751653812,0,0.0,0.0,-2.0,-10.46036908180582,-5.23018454090291,1.2013314746433195,-5.23018454090291,-0.8324097229675135,True,FAIL_RELATIVE_EQUILIBRIUM_GATE,0.4737097665727626,0.38090804893772007,0.23374739337941808,-1.0265884454327936,0.3101307618628843,0.2600744102298989,0.8242538493425887,1.4142625299849891,1.2106771584514024,,,,,
B4_CHIRALITY_SWEEP,128,0.04,winckelmans,fixed_sampled_reach,trefoil,3:1:1,continuum_rankine,continuum,1.25,0.2373588220132305,0.1973588220132305,0.24669852751653812,0,0.0,0.0,0.25,1.3075461352257276,0.6537730676128638,9.610651797146556,0.6537730676128638,0.10405121537093918,True,FAIL_RELATIVE_EQUILIBRIUM_GATE,0.24207009941510585,0.2418424197884944,0.23374739337941808,-0.03560555655984743,0.15847970562012792,0.032509301278737364,0.10303173116782359,1.4142625299849891,1.2106771584514024,,,,,
B4_CHIRALITY_SWEEP,128,0.04,winckelmans,fixed_sampled_reach,mirror_trefoil,3:1:1,continuum_rankine,continuum,1.25,0.2373588220132305,0.1973588220132305,0.24669852751653812,0,0.0,0.0,0.25,1.3075461352257276,0.6537730676128638,9.610651797146556,0.6537730676128638,0.10405121537093918,True,FAIL_RELATIVE_EQUILIBRIUM_GATE,0.23581617540178954,0.23382541240016902,0.23374739337941808,-0.008850503068555726,0.15438535427729055,0.032509301278737364,0.10303173116782359,1.4142625299849891,1.2106771584514024,,,,,
B4_CHIRALITY_SWEEP,128,0.04,winckelmans,fixed_sampled_reach,trefoil,3:1:1,continuum_rankine,continuum,1.25,0.2373588220132305,0.1973588220132305,0.24669852751653812,0,0.0,0.0,0.5,2.615092270451455,1.3075461352257276,4.805325898573278,1.3075461352257276,0.20810243074187837,True,FAIL_RELATIVE_EQUILIBRIUM_GATE,0.25978748225930354,0.2568816893936279,0.23374739337941808,-0.11140269204036546,0.17007901352429255,0.06501860255747473,0.20606346233564718,1.4142625299849891,1.2106771584514024,,,,,
B4_CHIRALITY_SWEEP,128,0.04,winckelmans,fixed_sampled_reach,mirror_trefoil,3:1:1,continuum_rankine,continuum,1.25,0.2373588220132305,0.1973588220132305,0.24669852751653812,0,0.0,0.0,0.5,2.615092270451455,1.3075461352257276,4.805325898573278,1.3075461352257276,0.20810243074187837,True,FAIL_RELATIVE_EQUILIBRIUM_GATE,0.24801654589806033,0.241673158072178,0.23374739337941808,-0.06104518348780297,0.16237275598190945,0.06501860255747473,0.20606346233564718,1.4142625299849891,1.2106771584514024,,,,,
B4_CHIRALITY_SWEEP,128,0.04,winckelmans,fixed_sampled_reach,trefoil,3:1:1,continuum_rankine,continuum,1.25,0.2373588220132305,0.1973588220132305,0.24669852751653812,0,0.0,0.0,1.0,5.23018454090291,2.615092270451455,2.402662949286639,2.615092270451455,0.41620486148375674,True,FAIL_RELATIVE_EQUILIBRIUM_GATE,0.3163341320819985,0.29871579871326287,0.23374739337941808,-0.35331619107523426,0.20709926691105152,0.13003720511494946,0.41212692467129436,1.4142625299849891,1.2106771584514024,,,,,
B4_CHIRALITY_SWEEP,128,0.04,winckelmans,fixed_sampled_reach,mirror_trefoil,3:1:1,continuum_rankine,continuum,1.25,0.2373588220132305,0.1973588220132305,0.24669852751653812,0,0.0,0.0,1.0,5.23018454090291,2.615092270451455,2.402662949286639,2.615092270451455,0.41620486148375674,True,FAIL_RELATIVE_EQUILIBRIUM_GATE,0.29683770872519655,0.27299473886202247,0.23374739337941808,-0.26990810221943495,0.19433524755592688,0.13003720511494946,0.41212692467129436,1.4142625299849891,1.2106771584514024,,,,,
B4_CHIRALITY_SWEEP,128,0.04,winckelmans,fixed_sampled_reach,trefoil,3:1:1,continuum_rankine,continuum,1.25,0.2373588220132305,0.1973588220132305,0.24669852751653812,0,0.0,0.0,2.0,10.46036908180582,5.23018454090291,1.2013314746433195,5.23018454090291,0.8324097229675135,True,FAIL_RELATIVE_EQUILIBRIUM_GATE,0.4737097665727626,0.38090804893772007,0.23374739337941808,-1.0265884454327936,0.3101307618628843,0.2600744102298989,0.8242538493425887,1.4142625299849891,1.2106771584514024,,,,,
B4_CHIRALITY_SWEEP,128,0.04,winckelmans,fixed_sampled_reach,mirror_trefoil,3:1:1,continuum_rankine,continuum,1.25,0.2373588220132305,0.1973588220132305,0.24669852751653812,0,0.0,0.0,2.0,10.46036908180582,5.23018454090291,1.2013314746433195,5.23018454090291,0.8324097229675135,True,FAIL_RELATIVE_EQUILIBRIUM_GATE,0.44776291421770065,0.3466601575804026,0.23374739337941808,-0.9155846306739053,0.29314374226428563,0.2600744102298989,0.8242538493425887,1.4142625299849891,1.2106771584514024,,,,,
B4_CHIRALITY_SWEEP,128,0.05,rosenhead,fixed_sampled_reach,trefoil,3:1:1,continuum_rankine,continuum,0.75,0.2373588220132305,0.1873588220132305,0.14051911650992288,0,0.0,0.0,-0.25,-4.030132407268548,-2.015066203634274,3.118103661233335,-2.015066203634274,-0.32070774696581444,True,FAIL_RELATIVE_EQUILIBRIUM_GATE,0.23426833582866965,0.23076327127140234,0.2264036306923393,-0.03473753981895156,0.140572627621561,0.03348263417987931,0.1038777114076337,1.2961348349706427,1.2106771584514024,,,,,
B4_CHIRALITY_SWEEP,128,0.05,rosenhead,fixed_sampled_reach,mirror_trefoil,3:1:1,continuum_rankine,continuum,0.75,0.2373588220132305,0.1873588220132305,0.14051911650992288,0,0.0,0.0,-0.25,-4.030132407268548,-2.015066203634274,3.118103661233335,-2.015066203634274,-0.32070774696581444,True,FAIL_RELATIVE_EQUILIBRIUM_GATE,0.23208357241136934,0.23294478885099262,0.2264036306923393,-0.02508767947607926,0.13926166114709054,0.03348263417987931,0.1038777114076337,1.2961348349706427,1.2106771584514024,,,,,
B4_CHIRALITY_SWEEP,128,0.05,rosenhead,fixed_sampled_reach,trefoil,3:1:1,continuum_rankine,continuum,0.75,0.2373588220132305,0.1873588220132305,0.14051911650992288,0,0.0,0.0,-0.5,-8.060264814537096,-4.030132407268548,1.5590518306166674,-4.030132407268548,-0.6414154939316289,True,FAIL_RELATIVE_EQUILIBRIUM_GATE,0.2544247081692478,0.24431795776883167,0.2264036306923393,-0.1237660252674413,0.15266745133391207,0.06696526835975862,0.2077554228152674,1.2961348349706427,1.2106771584514024,,,,,
B4_CHIRALITY_SWEEP,128,0.05,rosenhead,fixed_sampled_reach,mirror_trefoil,3:1:1,continuum_rankine,continuum,0.75,0.2373588220132305,0.1873588220132305,0.14051911650992288,0,0.0,0.0,-0.5,-8.060264814537096,-4.030132407268548,1.5590518306166674,-4.030132407268548,-0.6414154939316289,True,FAIL_RELATIVE_EQUILIBRIUM_GATE,0.25038808867353257,0.2493347279659015,0.2264036306923393,-0.10593671977719232,0.1502452793096224,0.06696526835975862,0.2077554228152674,1.2961348349706427,1.2106771584514024,,,,,
B4_CHIRALITY_SWEEP,128,0.05,rosenhead,fixed_sampled_reach,trefoil,3:1:1,continuum_rankine,continuum,0.75,0.2373588220132305,0.1873588220132305,0.14051911650992288,0,0.0,0.0,-1.0,-16.12052962907419,-8.060264814537096,0.7795259153083337,-8.060264814537096,-1.2828309878632578,True,FAIL_RELATIVE_EQUILIBRIUM_GATE,0.3211139663088264,0.28586646809494487,0.2264036306923393,-0.4183251625729858,0.19268431583099563,0.13393053671951724,0.4155108456305348,1.2961348349706427,1.2106771584514024,,,,,
B4_CHIRALITY_SWEEP,128,0.05,rosenhead,fixed_sampled_reach,mirror_trefoil,3:1:1,continuum_rankine,continuum,0.75,0.2373588220132305,0.1873588220132305,0.14051911650992288,0,0.0,0.0,-1.0,-16.12052962907419,-8.060264814537096,0.7795259153083337,-8.060264814537096,-1.2828309878632578,True,FAIL_RELATIVE_EQUILIBRIUM_GATE,0.31470415472907554,0.29872451224851165,0.2264036306923393,-0.39001372798976064,0.18883811078097276,0.13393053671951724,0.4155108456305348,1.2961348349706427,1.2106771584514024,,,,,
B4_CHIRALITY_SWEEP,128,0.05,rosenhead,fixed_sampled_reach,trefoil,3:1:1,continuum_rankine,continuum,0.75,0.2373588220132305,0.1873588220132305,0.14051911650992288,0,0.0,0.0,-2.0,-32.24105925814838,-16.12052962907419,0.38976295765416685,-16.12052962907419,-2.5656619757265156,True,FAIL_RELATIVE_EQUILIBRIUM_GATE,0.5045844142534336,0.36652149986071614,0.2264036306923393,-1.2286940042013512,0.3027756897558962,0.2678610734390345,0.8310216912610696,1.2961348349706427,1.2106771584514024,,,,,
B4_CHIRALITY_SWEEP,128,0.05,rosenhead,fixed_sampled_reach,mirror_trefoil,3:1:1,continuum_rankine,continuum,0.75,0.2373588220132305,0.1873588220132305,0.14051911650992288,0,0.0,0.0,-2.0,-32.24105925814838,-16.12052962907419,0.38976295765416685,-16.12052962907419,-2.5656619757265156,True,FAIL_RELATIVE_EQUILIBRIUM_GATE,0.4964418217654435,0.39353742625203403,0.2264036306923393,-1.1927290664347168,0.2978897301675485,0.2678610734390345,0.8310216912610696,1.2961348349706427,1.2106771584514024,,,,,
B4_CHIRALITY_SWEEP,128,0.05,rosenhead,fixed_sampled_reach,trefoil,3:1:1,continuum_rankine,continuum,0.75,0.2373588220132305,0.1873588220132305,0.14051911650992288,0,0.0,0.0,0.25,4.030132407268548,2.015066203634274,3.118103661233335,2.015066203634274,0.32070774696581444,True,FAIL_RELATIVE_EQUILIBRIUM_GATE,0.23208357241136934,0.23294478885099262,0.2264036306923393,-0.02508767947607926,0.13926166114709054,0.03348263417987931,0.1038777114076337,1.2961348349706427,1.2106771584514024,,,,,
B4_CHIRALITY_SWEEP,128,0.05,rosenhead,fixed_sampled_reach,mirror_trefoil,3:1:1,continuum_rankine,continuum,0.75,0.2373588220132305,0.1873588220132305,0.14051911650992288,0,0.0,0.0,0.25,4.030132407268548,2.015066203634274,3.118103661233335,2.015066203634274,0.32070774696581444,True,FAIL_RELATIVE_EQUILIBRIUM_GATE,0.23426833582866965,0.23076327127140234,0.2264036306923393,-0.03473753981895156,0.140572627621561,0.03348263417987931,0.1038777114076337,1.2961348349706427,1.2106771584514024,,,,,
B4_CHIRALITY_SWEEP,128,0.05,rosenhead,fixed_sampled_reach,trefoil,3:1:1,continuum_rankine,continuum,0.75,0.2373588220132305,0.1873588220132305,0.14051911650992288,0,0.0,0.0,0.5,8.060264814537096,4.030132407268548,1.5590518306166674,4.030132407268548,0.6414154939316289,True,FAIL_RELATIVE_EQUILIBRIUM_GATE,0.25038808867353257,0.2493347279659015,0.2264036306923393,-0.10593671977719232,0.1502452793096224,0.06696526835975862,0.2077554228152674,1.2961348349706427,1.2106771584514024,,,,,
B4_CHIRALITY_SWEEP,128,0.05,rosenhead,fixed_sampled_reach,mirror_trefoil,3:1:1,continuum_rankine,continuum,0.75,0.2373588220132305,0.1873588220132305,0.14051911650992288,0,0.0,0.0,0.5,8.060264814537096,4.030132407268548,1.5590518306166674,4.030132407268548,0.6414154939316289,True,FAIL_RELATIVE_EQUILIBRIUM_GATE,0.2544247081692478,0.24431795776883167,0.2264036306923393,-0.1237660252674413,0.15266745133391207,0.06696526835975862,0.2077554228152674,1.2961348349706427,1.2106771584514024,,,,,
B4_CHIRALITY_SWEEP,128,0.05,rosenhead,fixed_sampled_reach,trefoil,3:1:1,continuum_rankine,continuum,0.75,0.2373588220132305,0.1873588220132305,0.14051911650992288,0,0.0,0.0,1.0,16.12052962907419,8.060264814537096,0.7795259153083337,8.060264814537096,1.2828309878632578,True,FAIL_RELATIVE_EQUILIBRIUM_GATE,0.31470415472907554,0.29872451224851165,0.2264036306923393,-0.39001372798976064,0.18883811078097276,0.13393053671951724,0.4155108456305348,1.2961348349706427,1.2106771584514024,,,,,
B4_CHIRALITY_SWEEP,128,0.05,rosenhead,fixed_sampled_reach,mirror_trefoil,3:1:1,continuum_rankine,continuum,0.75,0.2373588220132305,0.1873588220132305,0.14051911650992288,0,0.0,0.0,1.0,16.12052962907419,8.060264814537096,0.7795259153083337,8.060264814537096,1.2828309878632578,True,FAIL_RELATIVE_EQUILIBRIUM_GATE,0.3211139663088264,0.28586646809494487,0.2264036306923393,-0.4183251625729858,0.19268431583099563,0.13393053671951724,0.4155108456305348,1.2961348349706427,1.2106771584514024,,,,,
B4_CHIRALITY_SWEEP,128,0.05,rosenhead,fixed_sampled_reach,trefoil,3:1:1,continuum_rankine,continuum,0.75,0.2373588220132305,0.1873588220132305,0.14051911650992288,0,0.0,0.0,2.0,32.24105925814838,16.12052962907419,0.38976295765416685,16.12052962907419,2.5656619757265156,True,FAIL_RELATIVE_EQUILIBRIUM_GATE,0.4964418217654435,0.39353742625203403,0.2264036306923393,-1.1927290664347168,0.2978897301675485,0.2678610734390345,0.8310216912610696,1.2961348349706427,1.2106771584514024,,,,,
B4_CHIRALITY_SWEEP,128,0.05,rosenhead,fixed_sampled_reach,mirror_trefoil,3:1:1,continuum_rankine,continuum,0.75,0.2373588220132305,0.1873588220132305,0.14051911650992288,0,0.0,0.0,2.0,32.24105925814838,16.12052962907419,0.38976295765416685,16.12052962907419,2.5656619757265156,True,FAIL_RELATIVE_EQUILIBRIUM_GATE,0.5045844142534336,0.36652149986071614,0.2264036306923393,-1.2286940042013512,0.3027756897558962,0.2678610734390345,0.8310216912610696,1.2961348349706427,1.2106771584514024,,,,,
B4_CHIRALITY_SWEEP,128,0.05,rosenhead,fixed_sampled_reach,trefoil,3:1:1,continuum_rankine,continuum,1.0,0.2373588220132305,0.1873588220132305,0.1873588220132305,0,0.0,0.0,-0.25,-2.266949479088558,-1.133474739544279,5.543295397748151,-1.133474739544279,-0.18039810766827064,True,FAIL_RELATIVE_EQUILIBRIUM_GATE,0.23426833582866965,0.23076327127140234,0.2264036306923393,-0.03473753981895156,0.140572627621561,0.03348263417987931,0.1038777114076337,1.2961348349706427,1.2106771584514024,,,,,
B4_CHIRALITY_SWEEP,128,0.05,rosenhead,fixed_sampled_reach,mirror_trefoil,3:1:1,continuum_rankine,continuum,1.0,0.2373588220132305,0.1873588220132305,0.1873588220132305,0,0.0,0.0,-0.25,-2.266949479088558,-1.133474739544279,5.543295397748151,-1.133474739544279,-0.18039810766827064,True,FAIL_RELATIVE_EQUILIBRIUM_GATE,0.23208357241136934,0.23294478885099262,0.2264036306923393,-0.02508767947607926,0.13926166114709054,0.03348263417987931,0.1038777114076337,1.2961348349706427,1.2106771584514024,,,,,
B4_CHIRALITY_SWEEP,128,0.05,rosenhead,fixed_sampled_reach,trefoil,3:1:1,continuum_rankine,continuum,1.0,0.2373588220132305,0.1873588220132305,0.1873588220132305,0,0.0,0.0,-0.5,-4.533898958177116,-2.266949479088558,2.7716476988740757,-2.266949479088558,-0.36079621533654127,True,FAIL_RELATIVE_EQUILIBRIUM_GATE,0.2544247081692478,0.24431795776883167,0.2264036306923393,-0.1237660252674413,0.15266745133391207,0.06696526835975862,0.2077554228152674,1.2961348349706427,1.2106771584514024,,,,,
B4_CHIRALITY_SWEEP,128,0.05,rosenhead,fixed_sampled_reach,mirror_trefoil,3:1:1,continuum_rankine,continuum,1.0,0.2373588220132305,0.1873588220132305,0.1873588220132305,0,0.0,0.0,-0.5,-4.533898958177116,-2.266949479088558,2.7716476988740757,-2.266949479088558,-0.36079621533654127,True,FAIL_RELATIVE_EQUILIBRIUM_GATE,0.25038808867353257,0.2493347279659015,0.2264036306923393,-0.10593671977719232,0.1502452793096224,0.06696526835975862,0.2077554228152674,1.2961348349706427,1.2106771584514024,,,,,
B4_CHIRALITY_SWEEP,128,0.05,rosenhead,fixed_sampled_reach,trefoil,3:1:1,continuum_rankine,continuum,1.0,0.2373588220132305,0.1873588220132305,0.1873588220132305,0,0.0,0.0,-1.0,-9.067797916354232,-4.533898958177116,1.3858238494370378,-4.533898958177116,-0.7215924306730825,True,FAIL_RELATIVE_EQUILIBRIUM_GATE,0.3211139663088264,0.28586646809494487,0.2264036306923393,-0.4183251625729858,0.19268431583099563,0.13393053671951724,0.4155108456305348,1.2961348349706427,1.2106771584514024,,,,,
B4_CHIRALITY_SWEEP,128,0.05,rosenhead,fixed_sampled_reach,mirror_trefoil,3:1:1,continuum_rankine,continuum,1.0,0.2373588220132305,0.1873588220132305,0.1873588220132305,0,0.0,0.0,-1.0,-9.067797916354232,-4.533898958177116,1.3858238494370378,-4.533898958177116,-0.7215924306730825,True,FAIL_RELATIVE_EQUILIBRIUM_GATE,0.31470415472907554,0.29872451224851165,0.2264036306923393,-0.39001372798976064,0.18883811078097276,0.13393053671951724,0.4155108456305348,1.2961348349706427,1.2106771584514024,,,,,
B4_CHIRALITY_SWEEP,128,0.05,rosenhead,fixed_sampled_reach,trefoil,3:1:1,continuum_rankine,continuum,1.0,0.2373588220132305,0.1873588220132305,0.1873588220132305,0,0.0,0.0,-2.0,-18.135595832708464,-9.067797916354232,0.6929119247185189,-9.067797916354232,-1.443184861346165,True,FAIL_RELATIVE_EQUILIBRIUM_GATE,0.5045844142534336,0.36652149986071614,0.2264036306923393,-1.2286940042013512,0.3027756897558962,0.2678610734390345,0.8310216912610696,1.2961348349706427,1.2106771584514024,,,,,
B4_CHIRALITY_SWEEP,128,0.05,rosenhead,fixed_sampled_reach,mirror_trefoil,3:1:1,continuum_rankine,continuum,1.0,0.2373588220132305,0.1873588220132305,0.1873588220132305,0,0.0,0.0,-2.0,-18.135595832708464,-9.067797916354232,0.6929119247185189,-9.067797916354232,-1.443184861346165,True,FAIL_RELATIVE_EQUILIBRIUM_GATE,0.4964418217654435,0.39353742625203403,0.2264036306923393,-1.1927290664347168,0.2978897301675485,0.2678610734390345,0.8310216912610696,1.2961348349706427,1.2106771584514024,,,,,
B4_CHIRALITY_SWEEP,128,0.05,rosenhead,fixed_sampled_reach,trefoil,3:1:1,continuum_rankine,continuum,1.0,0.2373588220132305,0.1873588220132305,0.1873588220132305,0,0.0,0.0,0.25,2.266949479088558,1.133474739544279,5.543295397748151,1.133474739544279,0.18039810766827064,True,FAIL_RELATIVE_EQUILIBRIUM_GATE,0.23208357241136934,0.23294478885099262,0.2264036306923393,-0.02508767947607926,0.13926166114709054,0.03348263417987931,0.1038777114076337,1.2961348349706427,1.2106771584514024,,,,,
B4_CHIRALITY_SWEEP,128,0.05,rosenhead,fixed_sampled_reach,mirror_trefoil,3:1:1,continuum_rankine,continuum,1.0,0.2373588220132305,0.1873588220132305,0.1873588220132305,0,0.0,0.0,0.25,2.266949479088558,1.133474739544279,5.543295397748151,1.133474739544279,0.18039810766827064,True,FAIL_RELATIVE_EQUILIBRIUM_GATE,0.23426833582866965,0.23076327127140234,0.2264036306923393,-0.03473753981895156,0.140572627621561,0.03348263417987931,0.1038777114076337,1.2961348349706427,1.2106771584514024,,,,,
B4_CHIRALITY_SWEEP,128,0.05,rosenhead,fixed_sampled_reach,trefoil,3:1:1,continuum_rankine,continuum,1.0,0.2373588220132305,0.1873588220132305,0.1873588220132305,0,0.0,0.0,0.5,4.533898958177116,2.266949479088558,2.7716476988740757,2.266949479088558,0.36079621533654127,True,FAIL_RELATIVE_EQUILIBRIUM_GATE,0.25038808867353257,0.2493347279659015,0.2264036306923393,-0.10593671977719232,0.1502452793096224,0.06696526835975862,0.2077554228152674,1.2961348349706427,1.2106771584514024,,,,,
B4_CHIRALITY_SWEEP,128,0.05,rosenhead,fixed_sampled_reach,mirror_trefoil,3:1:1,continuum_rankine,continuum,1.0,0.2373588220132305,0.1873588220132305,0.1873588220132305,0,0.0,0.0,0.5,4.533898958177116,2.266949479088558,2.7716476988740757,2.266949479088558,0.36079621533654127,True,FAIL_RELATIVE_EQUILIBRIUM_GATE,0.2544247081692478,0.24431795776883167,0.2264036306923393,-0.1237660252674413,0.15266745133391207,0.06696526835975862,0.2077554228152674,1.2961348349706427,1.2106771584514024,,,,,
B4_CHIRALITY_SWEEP,128,0.05,rosenhead,fixed_sampled_reach,trefoil,3:1:1,continuum_rankine,continuum,1.0,0.2373588220132305,0.1873588220132305,0.1873588220132305,0,0.0,0.0,1.0,9.067797916354232,4.533898958177116,1.3858238494370378,4.533898958177116,0.7215924306730825,True,FAIL_RELATIVE_EQUILIBRIUM_GATE,0.31470415472907554,0.29872451224851165,0.2264036306923393,-0.39001372798976064,0.18883811078097276,0.13393053671951724,0.4155108456305348,1.2961348349706427,1.2106771584514024,,,,,
B4_CHIRALITY_SWEEP,128,0.05,rosenhead,fixed_sampled_reach,mirror_trefoil,3:1:1,continuum_rankine,continuum,1.0,0.2373588220132305,0.1873588220132305,0.1873588220132305,0,0.0,0.0,1.0,9.067797916354232,4.533898958177116,1.3858238494370378,4.533898958177116,0.7215924306730825,True,FAIL_RELATIVE_EQUILIBRIUM_GATE,0.3211139663088264,0.28586646809494487,0.2264036306923393,-0.4183251625729858,0.19268431583099563,0.13393053671951724,0.4155108456305348,1.2961348349706427,1.2106771584514024,,,,,
B4_CHIRALITY_SWEEP,128,0.05,rosenhead,fixed_sampled_reach,trefoil,3:1:1,continuum_rankine,continuum,1.0,0.2373588220132305,0.1873588220132305,0.1873588220132305,0,0.0,0.0,2.0,18.135595832708464,9.067797916354232,0.6929119247185189,9.067797916354232,1.443184861346165,True,FAIL_RELATIVE_EQUILIBRIUM_GATE,0.4964418217654435,0.39353742625203403,0.2264036306923393,-1.1927290664347168,0.2978897301675485,0.2678610734390345,0.8310216912610696,1.2961348349706427,1.2106771584514024,,,,,
B4_CHIRALITY_SWEEP,128,0.05,rosenhead,fixed_sampled_reach,mirror_trefoil,3:1:1,continuum_rankine,continuum,1.0,0.2373588220132305,0.1873588220132305,0.1873588220132305,0,0.0,0.0,2.0,18.135595832708464,9.067797916354232,0.6929119247185189,9.067797916354232,1.443184861346165,True,FAIL_RELATIVE_EQUILIBRIUM_GATE,0.5045844142534336,0.36652149986071614,0.2264036306923393,-1.2286940042013512,0.3027756897558962,0.2678610734390345,0.8310216912610696,1.2961348349706427,1.2106771584514024,,,,,
B4_CHIRALITY_SWEEP,128,0.05,rosenhead,fixed_sampled_reach,trefoil,3:1:1,continuum_rankine,continuum,1.25,0.2373588220132305,0.1873588220132305,0.23419852751653814,0,0.0,0.0,-0.25,-1.4508476666166772,-0.7254238333083386,8.661399058981486,-0.7254238333083386,-0.1154547889076932,True,FAIL_RELATIVE_EQUILIBRIUM_GATE,0.23426833582866965,0.23076327127140234,0.2264036306923393,-0.03473753981895156,0.140572627621561,0.03348263417987931,0.1038777114076337,1.2961348349706427,1.2106771584514024,,,,,
B4_CHIRALITY_SWEEP,128,0.05,rosenhead,fixed_sampled_reach,mirror_trefoil,3:1:1,continuum_rankine,continuum,1.25,0.2373588220132305,0.1873588220132305,0.23419852751653814,0,0.0,0.0,-0.25,-1.4508476666166772,-0.7254238333083386,8.661399058981486,-0.7254238333083386,-0.1154547889076932,True,FAIL_RELATIVE_EQUILIBRIUM_GATE,0.23208357241136934,0.23294478885099262,0.2264036306923393,-0.02508767947607926,0.13926166114709054,0.03348263417987931,0.1038777114076337,1.2961348349706427,1.2106771584514024,,,,,
B4_CHIRALITY_SWEEP,128,0.05,rosenhead,fixed_sampled_reach,trefoil,3:1:1,continuum_rankine,continuum,1.25,0.2373588220132305,0.1873588220132305,0.23419852751653814,0,0.0,0.0,-0.5,-2.9016953332333544,-1.4508476666166772,4.330699529490743,-1.4508476666166772,-0.2309095778153864,True,FAIL_RELATIVE_EQUILIBRIUM_GATE,0.2544247081692478,0.24431795776883167,0.2264036306923393,-0.1237660252674413,0.15266745133391207,0.06696526835975862,0.2077554228152674,1.2961348349706427,1.2106771584514024,,,,,
B4_CHIRALITY_SWEEP,128,0.05,rosenhead,fixed_sampled_reach,mirror_trefoil,3:1:1,continuum_rankine,continuum,1.25,0.2373588220132305,0.1873588220132305,0.23419852751653814,0,0.0,0.0,-0.5,-2.9016953332333544,-1.4508476666166772,4.330699529490743,-1.4508476666166772,-0.2309095778153864,True,FAIL_RELATIVE_EQUILIBRIUM_GATE,0.25038808867353257,0.2493347279659015,0.2264036306923393,-0.10593671977719232,0.1502452793096224,0.06696526835975862,0.2077554228152674,1.2961348349706427,1.2106771584514024,,,,,
B4_CHIRALITY_SWEEP,128,0.05,rosenhead,fixed_sampled_reach,trefoil,3:1:1,continuum_rankine,continuum,1.25,0.2373588220132305,0.1873588220132305,0.23419852751653814,0,0.0,0.0,-1.0,-5.803390666466709,-2.9016953332333544,2.1653497647453714,-2.9016953332333544,-0.4618191556307728,True,FAIL_RELATIVE_EQUILIBRIUM_GATE,0.3211139663088264,0.28586646809494487,0.2264036306923393,-0.4183251625729858,0.19268431583099563,0.13393053671951724,0.4155108456305348,1.2961348349706427,1.2106771584514024,,,,,
B4_CHIRALITY_SWEEP,128,0.05,rosenhead,fixed_sampled_reach,mirror_trefoil,3:1:1,continuum_rankine,continuum,1.25,0.2373588220132305,0.1873588220132305,0.23419852751653814,0,0.0,0.0,-1.0,-5.803390666466709,-2.9016953332333544,2.1653497647453714,-2.9016953332333544,-0.4618191556307728,True,FAIL_RELATIVE_EQUILIBRIUM_GATE,0.31470415472907554,0.29872451224851165,0.2264036306923393,-0.39001372798976064,0.18883811078097276,0.13393053671951724,0.4155108456305348,1.2961348349706427,1.2106771584514024,,,,,
B4_CHIRALITY_SWEEP,128,0.05,rosenhead,fixed_sampled_reach,trefoil,3:1:1,continuum_rankine,continuum,1.25,0.2373588220132305,0.1873588220132305,0.23419852751653814,0,0.0,0.0,-2.0,-11.606781332933418,-5.803390666466709,1.0826748823726857,-5.803390666466709,-0.9236383112615456,True,FAIL_RELATIVE_EQUILIBRIUM_GATE,0.5045844142534336,0.36652149986071614,0.2264036306923393,-1.2286940042013512,0.3027756897558962,0.2678610734390345,0.8310216912610696,1.2961348349706427,1.2106771584514024,,,,,
B4_CHIRALITY_SWEEP,128,0.05,rosenhead,fixed_sampled_reach,mirror_trefoil,3:1:1,continuum_rankine,continuum,1.25,0.2373588220132305,0.1873588220132305,0.23419852751653814,0,0.0,0.0,-2.0,-11.606781332933418,-5.803390666466709,1.0826748823726857,-5.803390666466709,-0.9236383112615456,True,FAIL_RELATIVE_EQUILIBRIUM_GATE,0.4964418217654435,0.39353742625203403,0.2264036306923393,-1.1927290664347168,0.2978897301675485,0.2678610734390345,0.8310216912610696,1.2961348349706427,1.2106771584514024,,,,,
B4_CHIRALITY_SWEEP,128,0.05,rosenhead,fixed_sampled_reach,trefoil,3:1:1,continuum_rankine,continuum,1.25,0.2373588220132305,0.1873588220132305,0.23419852751653814,0,0.0,0.0,0.25,1.4508476666166772,0.7254238333083386,8.661399058981486,0.7254238333083386,0.1154547889076932,True,FAIL_RELATIVE_EQUILIBRIUM_GATE,0.23208357241136934,0.23294478885099262,0.2264036306923393,-0.02508767947607926,0.13926166114709054,0.03348263417987931,0.1038777114076337,1.2961348349706427,1.2106771584514024,,,,,
B4_CHIRALITY_SWEEP,128,0.05,rosenhead,fixed_sampled_reach,mirror_trefoil,3:1:1,continuum_rankine,continuum,1.25,0.2373588220132305,0.1873588220132305,0.23419852751653814,0,0.0,0.0,0.25,1.4508476666166772,0.7254238333083386,8.661399058981486,0.7254238333083386,0.1154547889076932,True,FAIL_RELATIVE_EQUILIBRIUM_GATE,0.23426833582866965,0.23076327127140234,0.2264036306923393,-0.03473753981895156,0.140572627621561,0.03348263417987931,0.1038777114076337,1.2961348349706427,1.2106771584514024,,,,,
B4_CHIRALITY_SWEEP,128,0.05,rosenhead,fixed_sampled_reach,trefoil,3:1:1,continuum_rankine,continuum,1.25,0.2373588220132305,0.1873588220132305,0.23419852751653814,0,0.0,0.0,0.5,2.9016953332333544,1.4508476666166772,4.330699529490743,1.4508476666166772,0.2309095778153864,True,FAIL_RELATIVE_EQUILIBRIUM_GATE,0.25038808867353257,0.2493347279659015,0.2264036306923393,-0.10593671977719232,0.1502452793096224,0.06696526835975862,0.2077554228152674,1.2961348349706427,1.2106771584514024,,,,,
B4_CHIRALITY_SWEEP,128,0.05,rosenhead,fixed_sampled_reach,mirror_trefoil,3:1:1,continuum_rankine,continuum,1.25,0.2373588220132305,0.1873588220132305,0.23419852751653814,0,0.0,0.0,0.5,2.9016953332333544,1.4508476666166772,4.330699529490743,1.4508476666166772,0.2309095778153864,True,FAIL_RELATIVE_EQUILIBRIUM_GATE,0.2544247081692478,0.24431795776883167,0.2264036306923393,-0.1237660252674413,0.15266745133391207,0.06696526835975862,0.2077554228152674,1.2961348349706427,1.2106771584514024,,,,,
B4_CHIRALITY_SWEEP,128,0.05,rosenhead,fixed_sampled_reach,trefoil,3:1:1,continuum_rankine,continuum,1.25,0.2373588220132305,0.1873588220132305,0.23419852751653814,0,0.0,0.0,1.0,5.803390666466709,2.9016953332333544,2.1653497647453714,2.9016953332333544,0.4618191556307728,True,FAIL_RELATIVE_EQUILIBRIUM_GATE,0.31470415472907554,0.29872451224851165,0.2264036306923393,-0.39001372798976064,0.18883811078097276,0.13393053671951724,0.4155108456305348,1.2961348349706427,1.2106771584514024,,,,,
B4_CHIRALITY_SWEEP,128,0.05,rosenhead,fixed_sampled_reach,mirror_trefoil,3:1:1,continuum_rankine,continuum,1.25,0.2373588220132305,0.1873588220132305,0.23419852751653814,0,0.0,0.0,1.0,5.803390666466709,2.9016953332333544,2.1653497647453714,2.9016953332333544,0.4618191556307728,True,FAIL_RELATIVE_EQUILIBRIUM_GATE,0.3211139663088264,0.28586646809494487,0.2264036306923393,-0.4183251625729858,0.19268431583099563,0.13393053671951724,0.4155108456305348,1.2961348349706427,1.2106771584514024,,,,,
B4_CHIRALITY_SWEEP,128,0.05,rosenhead,fixed_sampled_reach,trefoil,3:1:1,continuum_rankine,continuum,1.25,0.2373588220132305,0.1873588220132305,0.23419852751653814,0,0.0,0.0,2.0,11.606781332933418,5.803390666466709,1.0826748823726857,5.803390666466709,0.9236383112615456,True,FAIL_RELATIVE_EQUILIBRIUM_GATE,0.4964418217654435,0.39353742625203403,0.2264036306923393,-1.1927290664347168,0.2978897301675485,0.2678610734390345,0.8310216912610696,1.2961348349706427,1.2106771584514024,,,,,
B4_CHIRALITY_SWEEP,128,0.05,rosenhead,fixed_sampled_reach,mirror_trefoil,3:1:1,continuum_rankine,continuum,1.25,0.2373588220132305,0.1873588220132305,0.23419852751653814,0,0.0,0.0,2.0,11.606781332933418,5.803390666466709,1.0826748823726857,5.803390666466709,0.9236383112615456,True,FAIL_RELATIVE_EQUILIBRIUM_GATE,0.5045844142534336,0.36652149986071614,0.2264036306923393,-1.2286940042013512,0.3027756897558962,0.2678610734390345,0.8310216912610696,1.2961348349706427,1.2106771584514024,,,,,
B4_CHIRALITY_SWEEP,128,0.05,winckelmans,fixed_sampled_reach,trefoil,3:1:1,continuum_rankine,continuum,0.75,0.2373588220132305,0.1873588220132305,0.14051911650992288,0,0.0,0.0,-0.25,-4.030132407268548,-2.015066203634274,3.118103661233335,-2.015066203634274,-0.32070774696581444,True,FAIL_RELATIVE_EQUILIBRIUM_GATE,0.23547753923303005,0.23317310322910345,0.23225156062952573,-0.013890019058473424,0.15223737688363081,0.03348263417987931,0.1038777114076337,1.2961348349706427,1.2106771584514024,,,,,
B4_CHIRALITY_SWEEP,128,0.05,winckelmans,fixed_sampled_reach,mirror_trefoil,3:1:1,continuum_rankine,continuum,0.75,0.2373588220132305,0.1873588220132305,0.14051911650992288,0,0.0,0.0,-0.25,-4.030132407268548,-2.015066203634274,3.118103661233335,-2.015066203634274,-0.32070774696581444,True,FAIL_RELATIVE_EQUILIBRIUM_GATE,0.24040873230363075,0.24039113348383664,0.23225156062952573,-0.035122139338890745,0.15542541723949707,0.03348263417987931,0.1038777114076337,1.2961348349706427,1.2106771584514024,,,,,
B4_CHIRALITY_SWEEP,128,0.05,winckelmans,fixed_sampled_reach,trefoil,3:1:1,continuum_rankine,continuum,0.75,0.2373588220132305,0.1873588220132305,0.14051911650992288,0,0.0,0.0,-0.5,-8.060264814537096,-4.030132407268548,1.5590518306166674,-4.030132407268548,-0.6414154939316289,True,FAIL_RELATIVE_EQUILIBRIUM_GATE,0.2496457705890841,0.24250748417636256,0.23225156062952573,-0.07489383456632437,0.16139720751440512,0.06696526835975862,0.2077554228152674,1.2961348349706427,1.2106771584514024,,,,,
B4_CHIRALITY_SWEEP,128,0.05,winckelmans,fixed_sampled_reach,mirror_trefoil,3:1:1,continuum_rankine,continuum,0.75,0.2373588220132305,0.1873588220132305,0.14051911650992288,0,0.0,0.0,-0.5,-8.060264814537096,-4.030132407268548,1.5590518306166674,-4.030132407268548,-0.6414154939316289,True,FAIL_RELATIVE_EQUILIBRIUM_GATE,0.25887523045322197,0.25628663206711966,0.23225156062952573,-0.11463289956602174,0.16736409830299384,0.06696526835975862,0.2077554228152674,1.2961348349706427,1.2106771584514024,,,,,
B4_CHIRALITY_SWEEP,128,0.05,winckelmans,fixed_sampled_reach,trefoil,3:1:1,continuum_rankine,continuum,0.75,0.2373588220132305,0.1873588220132305,0.14051911650992288,0,0.0,0.0,-1.0,-16.12052962907419,-8.060264814537096,0.7795259153083337,-8.060264814537096,-1.2828309878632578,True,FAIL_RELATIVE_EQUILIBRIUM_GATE,0.30358368700691213,0.2771888490380852,0.23225156062952573,-0.30713303361251154,0.1962683333838353,0.13393053671951724,0.4155108456305348,1.2961348349706427,1.2106771584514024,,,,,
B4_CHIRALITY_SWEEP,128,0.05,winckelmans,fixed_sampled_reach,mirror_trefoil,3:1:1,continuum_rankine,continuum,0.75,0.2373588220132305,0.1873588220132305,0.14051911650992288,0,0.0,0.0,-1.0,-16.12052962907419,-8.060264814537096,0.7795259153083337,-8.060264814537096,-1.2828309878632578,True,FAIL_RELATIVE_EQUILIBRIUM_GATE,0.3186687988415137,0.30102696889177916,0.23225156062952573,-0.37208463950791604,0.20602093171306834,0.13393053671951724,0.4155108456305348,1.2961348349706427,1.2106771584514024,,,,,
B4_CHIRALITY_SWEEP,128,0.05,winckelmans,fixed_sampled_reach,trefoil,3:1:1,continuum_rankine,continuum,0.75,0.2373588220132305,0.1873588220132305,0.14051911650992288,0,0.0,0.0,-2.0,-32.24105925814838,-16.12052962907419,0.38976295765416685,-16.12052962907419,-2.5656619757265156,True,FAIL_RELATIVE_EQUILIBRIUM_GATE,0.4649909742787216,0.3546360333110859,0.23225156062952573,-1.0021005371001506,0.3006189313397877,0.2678610734390345,0.8310216912610696,1.2961348349706427,1.2106771584514024,,,,,
B4_CHIRALITY_SWEEP,128,0.05,winckelmans,fixed_sampled_reach,mirror_trefoil,3:1:1,continuum_rankine,continuum,0.75,0.2373588220132305,0.1873588220132305,0.14051911650992288,0,0.0,0.0,-2.0,-32.24105925814838,-16.12052962907419,0.38976295765416685,-16.12052962907419,-2.5656619757265156,True,FAIL_RELATIVE_EQUILIBRIUM_GATE,0.4847577774904075,0.38793649484387144,0.23225156062952573,-1.087209989790618,0.31339826596390236,0.2678610734390345,0.8310216912610696,1.2961348349706427,1.2106771584514024,,,,,
B4_CHIRALITY_SWEEP,128,0.05,winckelmans,fixed_sampled_reach,trefoil,3:1:1,continuum_rankine,continuum,0.75,0.2373588220132305,0.1873588220132305,0.14051911650992288,0,0.0,0.0,0.25,4.030132407268548,2.015066203634274,3.118103661233335,2.015066203634274,0.32070774696581444,True,FAIL_RELATIVE_EQUILIBRIUM_GATE,0.24040873230363075,0.24039113348383664,0.23225156062952573,-0.035122139338890745,0.15542541723949707,0.03348263417987931,0.1038777114076337,1.2961348349706427,1.2106771584514024,,,,,
B4_CHIRALITY_SWEEP,128,0.05,winckelmans,fixed_sampled_reach,mirror_trefoil,3:1:1,continuum_rankine,continuum,0.75,0.2373588220132305,0.1873588220132305,0.14051911650992288,0,0.0,0.0,0.25,4.030132407268548,2.015066203634274,3.118103661233335,2.015066203634274,0.32070774696581444,True,FAIL_RELATIVE_EQUILIBRIUM_GATE,0.23547753923303005,0.23317310322910345,0.23225156062952573,-0.013890019058473424,0.15223737688363081,0.03348263417987931,0.1038777114076337,1.2961348349706427,1.2106771584514024,,,,,
B4_CHIRALITY_SWEEP,128,0.05,winckelmans,fixed_sampled_reach,trefoil,3:1:1,continuum_rankine,continuum,0.75,0.2373588220132305,0.1873588220132305,0.14051911650992288,0,0.0,0.0,0.5,8.060264814537096,4.030132407268548,1.5590518306166674,4.030132407268548,0.6414154939316289,True,FAIL_RELATIVE_EQUILIBRIUM_GATE,0.25887523045322197,0.25628663206711966,0.23225156062952573,-0.11463289956602174,0.16736409830299384,0.06696526835975862,0.2077554228152674,1.2961348349706427,1.2106771584514024,,,,,
B4_CHIRALITY_SWEEP,128,0.05,winckelmans,fixed_sampled_reach,mirror_trefoil,3:1:1,continuum_rankine,continuum,0.75,0.2373588220132305,0.1873588220132305,0.14051911650992288,0,0.0,0.0,0.5,8.060264814537096,4.030132407268548,1.5590518306166674,4.030132407268548,0.6414154939316289,True,FAIL_RELATIVE_EQUILIBRIUM_GATE,0.2496457705890841,0.24250748417636256,0.23225156062952573,-0.07489383456632437,0.16139720751440512,0.06696526835975862,0.2077554228152674,1.2961348349706427,1.2106771584514024,,,,,
B4_CHIRALITY_SWEEP,128,0.05,winckelmans,fixed_sampled_reach,trefoil,3:1:1,continuum_rankine,continuum,0.75,0.2373588220132305,0.1873588220132305,0.14051911650992288,0,0.0,0.0,1.0,16.12052962907419,8.060264814537096,0.7795259153083337,8.060264814537096,1.2828309878632578,True,FAIL_RELATIVE_EQUILIBRIUM_GATE,0.3186687988415137,0.30102696889177916,0.23225156062952573,-0.37208463950791604,0.20602093171306834,0.13393053671951724,0.4155108456305348,1.2961348349706427,1.2106771584514024,,,,,
B4_CHIRALITY_SWEEP,128,0.05,winckelmans,fixed_sampled_reach,mirror_trefoil,3:1:1,continuum_rankine,continuum,0.75,0.2373588220132305,0.1873588220132305,0.14051911650992288,0,0.0,0.0,1.0,16.12052962907419,8.060264814537096,0.7795259153083337,8.060264814537096,1.2828309878632578,True,FAIL_RELATIVE_EQUILIBRIUM_GATE,0.30358368700691213,0.2771888490380852,0.23225156062952573,-0.30713303361251154,0.1962683333838353,0.13393053671951724,0.4155108456305348,1.2961348349706427,1.2106771584514024,,,,,
B4_CHIRALITY_SWEEP,128,0.05,winckelmans,fixed_sampled_reach,trefoil,3:1:1,continuum_rankine,continuum,0.75,0.2373588220132305,0.1873588220132305,0.14051911650992288,0,0.0,0.0,2.0,32.24105925814838,16.12052962907419,0.38976295765416685,16.12052962907419,2.5656619757265156,True,FAIL_RELATIVE_EQUILIBRIUM_GATE,0.4847577774904075,0.38793649484387144,0.23225156062952573,-1.087209989790618,0.31339826596390236,0.2678610734390345,0.8310216912610696,1.2961348349706427,1.2106771584514024,,,,,
B4_CHIRALITY_SWEEP,128,0.05,winckelmans,fixed_sampled_reach,mirror_trefoil,3:1:1,continuum_rankine,continuum,0.75,0.2373588220132305,0.1873588220132305,0.14051911650992288,0,0.0,0.0,2.0,32.24105925814838,16.12052962907419,0.38976295765416685,16.12052962907419,2.5656619757265156,True,FAIL_RELATIVE_EQUILIBRIUM_GATE,0.4649909742787216,0.3546360333110859,0.23225156062952573,-1.0021005371001506,0.3006189313397877,0.2678610734390345,0.8310216912610696,1.2961348349706427,1.2106771584514024,,,,,
B4_CHIRALITY_SWEEP,128,0.05,winckelmans,fixed_sampled_reach,trefoil,3:1:1,continuum_rankine,continuum,1.0,0.2373588220132305,0.1873588220132305,0.1873588220132305,0,0.0,0.0,-0.25,-2.266949479088558,-1.133474739544279,5.543295397748151,-1.133474739544279,-0.18039810766827064,True,FAIL_RELATIVE_EQUILIBRIUM_GATE,0.23547753923303005,0.23317310322910345,0.23225156062952573,-0.013890019058473424,0.15223737688363081,0.03348263417987931,0.1038777114076337,1.2961348349706427,1.2106771584514024,,,,,
B4_CHIRALITY_SWEEP,128,0.05,winckelmans,fixed_sampled_reach,mirror_trefoil,3:1:1,continuum_rankine,continuum,1.0,0.2373588220132305,0.1873588220132305,0.1873588220132305,0,0.0,0.0,-0.25,-2.266949479088558,-1.133474739544279,5.543295397748151,-1.133474739544279,-0.18039810766827064,True,FAIL_RELATIVE_EQUILIBRIUM_GATE,0.24040873230363075,0.24039113348383664,0.23225156062952573,-0.035122139338890745,0.15542541723949707,0.03348263417987931,0.1038777114076337,1.2961348349706427,1.2106771584514024,,,,,
B4_CHIRALITY_SWEEP,128,0.05,winckelmans,fixed_sampled_reach,trefoil,3:1:1,continuum_rankine,continuum,1.0,0.2373588220132305,0.1873588220132305,0.1873588220132305,0,0.0,0.0,-0.5,-4.533898958177116,-2.266949479088558,2.7716476988740757,-2.266949479088558,-0.36079621533654127,True,FAIL_RELATIVE_EQUILIBRIUM_GATE,0.2496457705890841,0.24250748417636256,0.23225156062952573,-0.07489383456632437,0.16139720751440512,0.06696526835975862,0.2077554228152674,1.2961348349706427,1.2106771584514024,,,,,
B4_CHIRALITY_SWEEP,128,0.05,winckelmans,fixed_sampled_reach,mirror_trefoil,3:1:1,continuum_rankine,continuum,1.0,0.2373588220132305,0.1873588220132305,0.1873588220132305,0,0.0,0.0,-0.5,-4.533898958177116,-2.266949479088558,2.7716476988740757,-2.266949479088558,-0.36079621533654127,True,FAIL_RELATIVE_EQUILIBRIUM_GATE,0.25887523045322197,0.25628663206711966,0.23225156062952573,-0.11463289956602174,0.16736409830299384,0.06696526835975862,0.2077554228152674,1.2961348349706427,1.2106771584514024,,,,,
B4_CHIRALITY_SWEEP,128,0.05,winckelmans,fixed_sampled_reach,trefoil,3:1:1,continuum_rankine,continuum,1.0,0.2373588220132305,0.1873588220132305,0.1873588220132305,0,0.0,0.0,-1.0,-9.067797916354232,-4.533898958177116,1.3858238494370378,-4.533898958177116,-0.7215924306730825,True,FAIL_RELATIVE_EQUILIBRIUM_GATE,0.30358368700691213,0.2771888490380852,0.23225156062952573,-0.30713303361251154,0.1962683333838353,0.13393053671951724,0.4155108456305348,1.2961348349706427,1.2106771584514024,,,,,
B4_CHIRALITY_SWEEP,128,0.05,winckelmans,fixed_sampled_reach,mirror_trefoil,3:1:1,continuum_rankine,continuum,1.0,0.2373588220132305,0.1873588220132305,0.1873588220132305,0,0.0,0.0,-1.0,-9.067797916354232,-4.533898958177116,1.3858238494370378,-4.533898958177116,-0.7215924306730825,True,FAIL_RELATIVE_EQUILIBRIUM_GATE,0.3186687988415137,0.30102696889177916,0.23225156062952573,-0.37208463950791604,0.20602093171306834,0.13393053671951724,0.4155108456305348,1.2961348349706427,1.2106771584514024,,,,,
B4_CHIRALITY_SWEEP,128,0.05,winckelmans,fixed_sampled_reach,trefoil,3:1:1,continuum_rankine,continuum,1.0,0.2373588220132305,0.1873588220132305,0.1873588220132305,0,0.0,0.0,-2.0,-18.135595832708464,-9.067797916354232,0.6929119247185189,-9.067797916354232,-1.443184861346165,True,FAIL_RELATIVE_EQUILIBRIUM_GATE,0.4649909742787216,0.3546360333110859,0.23225156062952573,-1.0021005371001506,0.3006189313397877,0.2678610734390345,0.8310216912610696,1.2961348349706427,1.2106771584514024,,,,,
B4_CHIRALITY_SWEEP,128,0.05,winckelmans,fixed_sampled_reach,mirror_trefoil,3:1:1,continuum_rankine,continuum,1.0,0.2373588220132305,0.1873588220132305,0.1873588220132305,0,0.0,0.0,-2.0,-18.135595832708464,-9.067797916354232,0.6929119247185189,-9.067797916354232,-1.443184861346165,True,FAIL_RELATIVE_EQUILIBRIUM_GATE,0.4847577774904075,0.38793649484387144,0.23225156062952573,-1.087209989790618,0.31339826596390236,0.2678610734390345,0.8310216912610696,1.2961348349706427,1.2106771584514024,,,,,
B4_CHIRALITY_SWEEP,128,0.05,winckelmans,fixed_sampled_reach,trefoil,3:1:1,continuum_rankine,continuum,1.0,0.2373588220132305,0.1873588220132305,0.1873588220132305,0,0.0,0.0,0.25,2.266949479088558,1.133474739544279,5.543295397748151,1.133474739544279,0.18039810766827064,True,FAIL_RELATIVE_EQUILIBRIUM_GATE,0.24040873230363075,0.24039113348383664,0.23225156062952573,-0.035122139338890745,0.15542541723949707,0.03348263417987931,0.1038777114076337,1.2961348349706427,1.2106771584514024,,,,,
B4_CHIRALITY_SWEEP,128,0.05,winckelmans,fixed_sampled_reach,mirror_trefoil,3:1:1,continuum_rankine,continuum,1.0,0.2373588220132305,0.1873588220132305,0.1873588220132305,0,0.0,0.0,0.25,2.266949479088558,1.133474739544279,5.543295397748151,1.133474739544279,0.18039810766827064,True,FAIL_RELATIVE_EQUILIBRIUM_GATE,0.23547753923303005,0.23317310322910345,0.23225156062952573,-0.013890019058473424,0.15223737688363081,0.03348263417987931,0.1038777114076337,1.2961348349706427,1.2106771584514024,,,,,
B4_CHIRALITY_SWEEP,128,0.05,winckelmans,fixed_sampled_reach,trefoil,3:1:1,continuum_rankine,continuum,1.0,0.2373588220132305,0.1873588220132305,0.1873588220132305,0,0.0,0.0,0.5,4.533898958177116,2.266949479088558,2.7716476988740757,2.266949479088558,0.36079621533654127,True,FAIL_RELATIVE_EQUILIBRIUM_GATE,0.25887523045322197,0.25628663206711966,0.23225156062952573,-0.11463289956602174,0.16736409830299384,0.06696526835975862,0.2077554228152674,1.2961348349706427,1.2106771584514024,,,,,
B4_CHIRALITY_SWEEP,128,0.05,winckelmans,fixed_sampled_reach,mirror_trefoil,3:1:1,continuum_rankine,continuum,1.0,0.2373588220132305,0.1873588220132305,0.1873588220132305,0,0.0,0.0,0.5,4.533898958177116,2.266949479088558,2.7716476988740757,2.266949479088558,0.36079621533654127,True,FAIL_RELATIVE_EQUILIBRIUM_GATE,0.2496457705890841,0.24250748417636256,0.23225156062952573,-0.07489383456632437,0.16139720751440512,0.06696526835975862,0.2077554228152674,1.2961348349706427,1.2106771584514024,,,,,
B4_CHIRALITY_SWEEP,128,0.05,winckelmans,fixed_sampled_reach,trefoil,3:1:1,continuum_rankine,continuum,1.0,0.2373588220132305,0.1873588220132305,0.1873588220132305,0,0.0,0.0,1.0,9.067797916354232,4.533898958177116,1.3858238494370378,4.533898958177116,0.7215924306730825,True,FAIL_RELATIVE_EQUILIBRIUM_GATE,0.3186687988415137,0.30102696889177916,0.23225156062952573,-0.37208463950791604,0.20602093171306834,0.13393053671951724,0.4155108456305348,1.2961348349706427,1.2106771584514024,,,,,
B4_CHIRALITY_SWEEP,128,0.05,winckelmans,fixed_sampled_reach,mirror_trefoil,3:1:1,continuum_rankine,continuum,1.0,0.2373588220132305,0.1873588220132305,0.1873588220132305,0,0.0,0.0,1.0,9.067797916354232,4.533898958177116,1.3858238494370378,4.533898958177116,0.7215924306730825,True,FAIL_RELATIVE_EQUILIBRIUM_GATE,0.30358368700691213,0.2771888490380852,0.23225156062952573,-0.30713303361251154,0.1962683333838353,0.13393053671951724,0.4155108456305348,1.2961348349706427,1.2106771584514024,,,,,
B4_CHIRALITY_SWEEP,128,0.05,winckelmans,fixed_sampled_reach,trefoil,3:1:1,continuum_rankine,continuum,1.0,0.2373588220132305,0.1873588220132305,0.1873588220132305,0,0.0,0.0,2.0,18.135595832708464,9.067797916354232,0.6929119247185189,9.067797916354232,1.443184861346165,True,FAIL_RELATIVE_EQUILIBRIUM_GATE,0.4847577774904075,0.38793649484387144,0.23225156062952573,-1.087209989790618,0.31339826596390236,0.2678610734390345,0.8310216912610696,1.2961348349706427,1.2106771584514024,,,,,
B4_CHIRALITY_SWEEP,128,0.05,winckelmans,fixed_sampled_reach,mirror_trefoil,3:1:1,continuum_rankine,continuum,1.0,0.2373588220132305,0.1873588220132305,0.1873588220132305,0,0.0,0.0,2.0,18.135595832708464,9.067797916354232,0.6929119247185189,9.067797916354232,1.443184861346165,True,FAIL_RELATIVE_EQUILIBRIUM_GATE,0.4649909742787216,0.3546360333110859,0.23225156062952573,-1.0021005371001506,0.3006189313397877,0.2678610734390345,0.8310216912610696,1.2961348349706427,1.2106771584514024,,,,,
B4_CHIRALITY_SWEEP,128,0.05,winckelmans,fixed_sampled_reach,trefoil,3:1:1,continuum_rankine,continuum,1.25,0.2373588220132305,0.1873588220132305,0.23419852751653814,0,0.0,0.0,-0.25,-1.4508476666166772,-0.7254238333083386,8.661399058981486,-0.7254238333083386,-0.1154547889076932,True,FAIL_RELATIVE_EQUILIBRIUM_GATE,0.23547753923303005,0.23317310322910345,0.23225156062952573,-0.013890019058473424,0.15223737688363081,0.03348263417987931,0.1038777114076337,1.2961348349706427,1.2106771584514024,,,,,
B4_CHIRALITY_SWEEP,128,0.05,winckelmans,fixed_sampled_reach,mirror_trefoil,3:1:1,continuum_rankine,continuum,1.25,0.2373588220132305,0.1873588220132305,0.23419852751653814,0,0.0,0.0,-0.25,-1.4508476666166772,-0.7254238333083386,8.661399058981486,-0.7254238333083386,-0.1154547889076932,True,FAIL_RELATIVE_EQUILIBRIUM_GATE,0.24040873230363075,0.24039113348383664,0.23225156062952573,-0.035122139338890745,0.15542541723949707,0.03348263417987931,0.1038777114076337,1.2961348349706427,1.2106771584514024,,,,,
B4_CHIRALITY_SWEEP,128,0.05,winckelmans,fixed_sampled_reach,trefoil,3:1:1,continuum_rankine,continuum,1.25,0.2373588220132305,0.1873588220132305,0.23419852751653814,0,0.0,0.0,-0.5,-2.9016953332333544,-1.4508476666166772,4.330699529490743,-1.4508476666166772,-0.2309095778153864,True,FAIL_RELATIVE_EQUILIBRIUM_GATE,0.2496457705890841,0.24250748417636256,0.23225156062952573,-0.07489383456632437,0.16139720751440512,0.06696526835975862,0.2077554228152674,1.2961348349706427,1.2106771584514024,,,,,
B4_CHIRALITY_SWEEP,128,0.05,winckelmans,fixed_sampled_reach,mirror_trefoil,3:1:1,continuum_rankine,continuum,1.25,0.2373588220132305,0.1873588220132305,0.23419852751653814,0,0.0,0.0,-0.5,-2.9016953332333544,-1.4508476666166772,4.330699529490743,-1.4508476666166772,-0.2309095778153864,True,FAIL_RELATIVE_EQUILIBRIUM_GATE,0.25887523045322197,0.25628663206711966,0.23225156062952573,-0.11463289956602174,0.16736409830299384,0.06696526835975862,0.2077554228152674,1.2961348349706427,1.2106771584514024,,,,,
B4_CHIRALITY_SWEEP,128,0.05,winckelmans,fixed_sampled_reach,trefoil,3:1:1,continuum_rankine,continuum,1.25,0.2373588220132305,0.1873588220132305,0.23419852751653814,0,0.0,0.0,-1.0,-5.803390666466709,-2.9016953332333544,2.1653497647453714,-2.9016953332333544,-0.4618191556307728,True,FAIL_RELATIVE_EQUILIBRIUM_GATE,0.30358368700691213,0.2771888490380852,0.23225156062952573,-0.30713303361251154,0.1962683333838353,0.13393053671951724,0.4155108456305348,1.2961348349706427,1.2106771584514024,,,,,
B4_CHIRALITY_SWEEP,128,0.05,winckelmans,fixed_sampled_reach,mirror_trefoil,3:1:1,continuum_rankine,continuum,1.25,0.2373588220132305,0.1873588220132305,0.23419852751653814,0,0.0,0.0,-1.0,-5.803390666466709,-2.9016953332333544,2.1653497647453714,-2.9016953332333544,-0.4618191556307728,True,FAIL_RELATIVE_EQUILIBRIUM_GATE,0.3186687988415137,0.30102696889177916,0.23225156062952573,-0.37208463950791604,0.20602093171306834,0.13393053671951724,0.4155108456305348,1.2961348349706427,1.2106771584514024,,,,,
B4_CHIRALITY_SWEEP,128,0.05,winckelmans,fixed_sampled_reach,trefoil,3:1:1,continuum_rankine,continuum,1.25,0.2373588220132305,0.1873588220132305,0.23419852751653814,0,0.0,0.0,-2.0,-11.606781332933418,-5.803390666466709,1.0826748823726857,-5.803390666466709,-0.9236383112615456,True,FAIL_RELATIVE_EQUILIBRIUM_GATE,0.4649909742787216,0.3546360333110859,0.23225156062952573,-1.0021005371001506,0.3006189313397877,0.2678610734390345,0.8310216912610696,1.2961348349706427,1.2106771584514024,,,,,
B4_CHIRALITY_SWEEP,128,0.05,winckelmans,fixed_sampled_reach,mirror_trefoil,3:1:1,continuum_rankine,continuum,1.25,0.2373588220132305,0.1873588220132305,0.23419852751653814,0,0.0,0.0,-2.0,-11.606781332933418,-5.803390666466709,1.0826748823726857,-5.803390666466709,-0.9236383112615456,True,FAIL_RELATIVE_EQUILIBRIUM_GATE,0.4847577774904075,0.38793649484387144,0.23225156062952573,-1.087209989790618,0.31339826596390236,0.2678610734390345,0.8310216912610696,1.2961348349706427,1.2106771584514024,,,,,
B4_CHIRALITY_SWEEP,128,0.05,winckelmans,fixed_sampled_reach,trefoil,3:1:1,continuum_rankine,continuum,1.25,0.2373588220132305,0.1873588220132305,0.23419852751653814,0,0.0,0.0,0.25,1.4508476666166772,0.7254238333083386,8.661399058981486,0.7254238333083386,0.1154547889076932,True,FAIL_RELATIVE_EQUILIBRIUM_GATE,0.24040873230363075,0.24039113348383664,0.23225156062952573,-0.035122139338890745,0.15542541723949707,0.03348263417987931,0.1038777114076337,1.2961348349706427,1.2106771584514024,,,,,
B4_CHIRALITY_SWEEP,128,0.05,winckelmans,fixed_sampled_reach,mirror_trefoil,3:1:1,continuum_rankine,continuum,1.25,0.2373588220132305,0.1873588220132305,0.23419852751653814,0,0.0,0.0,0.25,1.4508476666166772,0.7254238333083386,8.661399058981486,0.7254238333083386,0.1154547889076932,True,FAIL_RELATIVE_EQUILIBRIUM_GATE,0.23547753923303005,0.23317310322910345,0.23225156062952573,-0.013890019058473424,0.15223737688363081,0.03348263417987931,0.1038777114076337,1.2961348349706427,1.2106771584514024,,,,,
B4_CHIRALITY_SWEEP,128,0.05,winckelmans,fixed_sampled_reach,trefoil,3:1:1,continuum_rankine,continuum,1.25,0.2373588220132305,0.1873588220132305,0.23419852751653814,0,0.0,0.0,0.5,2.9016953332333544,1.4508476666166772,4.330699529490743,1.4508476666166772,0.2309095778153864,True,FAIL_RELATIVE_EQUILIBRIUM_GATE,0.25887523045322197,0.25628663206711966,0.23225156062952573,-0.11463289956602174,0.16736409830299384,0.06696526835975862,0.2077554228152674,1.2961348349706427,1.2106771584514024,,,,,
B4_CHIRALITY_SWEEP,128,0.05,winckelmans,fixed_sampled_reach,mirror_trefoil,3:1:1,continuum_rankine,continuum,1.25,0.2373588220132305,0.1873588220132305,0.23419852751653814,0,0.0,0.0,0.5,2.9016953332333544,1.4508476666166772,4.330699529490743,1.4508476666166772,0.2309095778153864,True,FAIL_RELATIVE_EQUILIBRIUM_GATE,0.2496457705890841,0.24250748417636256,0.23225156062952573,-0.07489383456632437,0.16139720751440512,0.06696526835975862,0.2077554228152674,1.2961348349706427,1.2106771584514024,,,,,
B4_CHIRALITY_SWEEP,128,0.05,winckelmans,fixed_sampled_reach,trefoil,3:1:1,continuum_rankine,continuum,1.25,0.2373588220132305,0.1873588220132305,0.23419852751653814,0,0.0,0.0,1.0,5.803390666466709,2.9016953332333544,2.1653497647453714,2.9016953332333544,0.4618191556307728,True,FAIL_RELATIVE_EQUILIBRIUM_GATE,0.3186687988415137,0.30102696889177916,0.23225156062952573,-0.37208463950791604,0.20602093171306834,0.13393053671951724,0.4155108456305348,1.2961348349706427,1.2106771584514024,,,,,
B4_CHIRALITY_SWEEP,128,0.05,winckelmans,fixed_sampled_reach,mirror_trefoil,3:1:1,continuum_rankine,continuum,1.25,0.2373588220132305,0.1873588220132305,0.23419852751653814,0,0.0,0.0,1.0,5.803390666466709,2.9016953332333544,2.1653497647453714,2.9016953332333544,0.4618191556307728,True,FAIL_RELATIVE_EQUILIBRIUM_GATE,0.30358368700691213,0.2771888490380852,0.23225156062952573,-0.30713303361251154,0.1962683333838353,0.13393053671951724,0.4155108456305348,1.2961348349706427,1.2106771584514024,,,,,
B4_CHIRALITY_SWEEP,128,0.05,winckelmans,fixed_sampled_reach,trefoil,3:1:1,continuum_rankine,continuum,1.25,0.2373588220132305,0.1873588220132305,0.23419852751653814,0,0.0,0.0,2.0,11.606781332933418,5.803390666466709,1.0826748823726857,5.803390666466709,0.9236383112615456,True,FAIL_RELATIVE_EQUILIBRIUM_GATE,0.4847577774904075,0.38793649484387144,0.23225156062952573,-1.087209989790618,0.31339826596390236,0.2678610734390345,0.8310216912610696,1.2961348349706427,1.2106771584514024,,,,,
B4_CHIRALITY_SWEEP,128,0.05,winckelmans,fixed_sampled_reach,mirror_trefoil,3:1:1,continuum_rankine,continuum,1.25,0.2373588220132305,0.1873588220132305,0.23419852751653814,0,0.0,0.0,2.0,11.606781332933418,5.803390666466709,1.0826748823726857,5.803390666466709,0.9236383112615456,True,FAIL_RELATIVE_EQUILIBRIUM_GATE,0.4649909742787216,0.3546360333110859,0.23225156062952573,-1.0021005371001506,0.3006189313397877,0.2678610734390345,0.8310216912610696,1.2961348349706427,1.2106771584514024,,,,,
