1 69.469417 
2 69.399299 
3 69.399283 
4 69.399288 
5 69.375488 
6 69.37326 
7 69.326631 
8 69.326596 
9 69.326601 
10 69.319283 
11 69.312359 
12 69.277552 
13 69.277449 
14 69.2751 
15 69.275093 
16 69.274711 
17 69.27115 
18 69.271132 
19 69.270236 
20 69.266503 
21 69.257449 
22 69.221425 
23 69.218691 
24 69.213742 
25 69.212368 
26 69.209988 
27 69.207113 
28 69.131746 
29 69.131684 
30 69.121546 
31 69.116665 
32 69.114832 
33 69.113992 
34 69.113173 
35 69.112553 
36 69.102304 
37 69.089477 
38 69.089475 
39 69.084529 
40 69.084511 
41 69.084462 
42 69.084329 
43 69.084017 
44 69.083397 
45 69.080611 
46 69.078999 
47 69.076723 
48 69.074694 
49 69.071389 
50 69.002369 
51 69.00229 
52 69.001958 
53 69.001961 
54 69.00061 
55 68.997404 
56 68.99526 
57 68.991066 
58 68.98729 
59 68.946947 
60 68.946894 
61 68.943945 
62 68.943932 
63 68.938985 
64 68.932897 
65 68.928588 
66 68.925572 
67 68.911606 
68 68.909214 
69 68.909204 
70 68.90707 
71 68.906715 
72 68.905401 
73 68.904906 
74 68.903603 
75 68.903419 
76 68.902941 
77 68.901277 
78 68.900516 
79 68.899795 
80 68.89917 
81 68.898792 
82 68.89742 
83 68.894203 
84 68.875855 
85 68.875742 
86 68.87551 
87 68.875512 
88 68.874792 
89 68.871551 
90 68.859959 
91 68.858025 
92 68.85621 
93 68.853712 
94 68.852003 
95 68.850902 
96 68.84852 
97 68.844346 
98 68.840434 
99 68.83521 
100 68.831397 
101 68.781246 
102 68.776156 
103 68.764871 
104 68.763002 
105 68.759202 
106 68.755312 
107 68.753529 
108 68.751628 
109 68.749105 
110 68.747675 
111 68.744301 
112 68.740365 
113 68.737327 
114 68.734284 
115 68.710161 
116 68.710119 
117 68.708392 
118 68.708382 
119 68.705208 
120 68.704994 
121 68.704289 
122 68.703691 
123 68.703477 
124 68.703124 
125 68.703062 
126 68.702971 
127 68.702908 
128 68.702797 
129 68.702488 
130 68.702045 
131 68.701304 
132 68.701005 
133 68.700325 
134 68.698592 
135 68.698596 
136 68.698175 
137 68.697225 
138 68.696438 
139 68.696051 
140 68.695977 
141 68.695909 
142 68.695833 
143 68.695795 
144 68.695719 
145 68.695544 
146 68.695498 
147 68.695482 
148 68.695466 
149 68.695407 
150 68.695357 
151 68.69515 
152 68.695036 
153 68.694704 
154 68.694572 
155 68.694123 
156 68.693663 
157 68.692259 
158 68.692262 
159 68.690433 
160 68.690413 
161 68.689426 
162 68.688996 
163 68.687964 
164 68.686419 
165 68.686057 
166 68.685717 
167 68.685531 
168 68.685362 
169 68.68498 
170 68.684702 
171 68.684526 
172 68.683813 
173 68.683219 
174 68.682626 
175 68.682142 
176 68.681569 
177 68.679061 
178 68.67574 
179 68.464353 
180 68.409333 
181 68.409335 
182 68.39832 
183 68.388873 
184 68.37369 
185 68.373671 
186 68.373678 
187 68.372205 
188 68.369953 
189 68.369896 
190 68.369723 
191 68.369436 
192 68.369084 
193 68.368223 
194 68.367119 
195 68.36577 
196 68.365063 
197 68.360415 
198 68.356751 
199 68.355143 
200 68.350874 
201 68.349132 
202 68.345433 
203 68.337959 
204 68.333149 
205 68.325489 
206 68.313121 
207 68.312833 
208 68.312221 
209 68.311178 
210 68.309603 
211 68.30793 
212 68.273991 
213 68.273954 
214 68.273962 
215 68.26154 
216 68.259508 
217 68.255986 
218 68.254701 
219 68.251739 
220 68.248598 
221 68.247695 
222 68.244856 
223 68.244602 
224 68.243952 
225 68.242908 
226 68.241583 
227 68.241307 
228 68.240893 
229 68.238783 
230 68.238333 
231 68.234834 
232 68.232327 
233 68.227984 
234 68.219997 
235 68.216574 
236 68.204244 
237 68.201218 
238 68.200067 
239 68.198915 
240 68.197444 
241 68.196343 
242 68.194607 
243 68.192013 
244 68.189431 
245 68.181506 
246 68.181509 
247 68.181195 
248 68.180107 
249 68.179372 
250 68.176683 
251 68.172759 
252 68.172765 
253 68.172754 
254 68.171984 
255 68.171598 
256 68.169691 
257 68.169272 
258 68.16926 
259 68.169226 
260 68.169177 
261 68.169058 
262 68.168975 
263 68.168918 
264 68.168811 
265 68.168794 
266 68.168593 
267 68.16853 
268 68.168423 
269 68.168372 
270 68.168332 
271 68.167898 
272 68.167307 
273 68.167077 
274 68.166733 
275 68.166473 
276 68.16635 
277 68.164005 
278 68.15921 
279 68.1592 
280 68.158474 
281 68.152905 
282 68.15109 
283 68.150839 
284 68.150395 
285 68.150166 
286 68.149947 
287 68.149875 
288 68.149767 
289 68.149569 
290 68.149516 
291 68.149427 
292 68.149352 
293 68.14917 
294 68.149026 
295 68.148592 
296 68.148499 
297 68.148087 
298 68.146922 
299 68.145658 
300 68.140247 
301 68.140251 
302 68.139488 
303 68.139327 
304 68.138683 
305 68.137927 
306 68.136485 
307 68.135928 
308 68.135135 
309 68.135126 
310 68.134783 
311 68.134606 
312 68.134526 
313 68.134284 
314 68.133957 
315 68.133811 
316 68.133317 
317 68.132585 
318 68.131777 
319 68.128426 
320 68.110079 
321 68.094047 
322 68.086603 
323 68.081168 
324 68.078599 
325 68.071933 
326 68.070596 
327 68.066433 
328 68.064856 
329 68.062253 
330 68.061141 
331 68.059255 
332 68.057151 
333 68.05394 
334 68.051081 
335 68.046505 
336 68.038223 
337 68.024298 
338 68.024167 
339 68.023913 
340 68.022864 
341 68.02281 
342 68.022694 
343 68.02258 
344 68.02239 
345 68.022326 
346 68.022265 
347 68.022213 
348 68.022049 
349 68.021922 
350 68.021859 
351 68.021684 
352 68.021538 
353 68.021325 
354 68.020649 
355 68.020527 
356 68.006145 
357 68.006092 
358 68.006099 
359 68.004859 
360 68.004854 
361 68.004813 
362 68.002513 
363 68.001069 
364 68.000342 
365 67.999204 
366 67.998392 
367 67.997776 
368 67.997509 
369 67.997162 
370 67.996789 
371 67.996148 
372 67.994973 
373 67.992896 
374 67.9925 
375 67.992031 
376 67.991416 
377 67.990798 
378 67.98983 
379 67.988584 
380 67.986698 
381 67.984725 
382 67.942998 
383 67.924048 
384 67.916188 
385 67.913053 
386 67.903753 
387 67.895902 
388 67.890031 
389 67.885764 
390 67.885239 
391 67.88448 
392 67.882458 
393 67.880854 
394 67.87943 
395 67.878474 
396 67.876991 
397 67.875076 
398 67.872738 
399 67.868017 
400 67.863917 
401 67.863197 
402 67.861572 
403 67.857637 
404 67.851809 
405 67.838358 
406 67.838353 
407 67.838357 
408 67.837846 
409 67.837844 
410 67.836347 
411 67.835231 
412 67.835138 
413 67.834548 
414 67.832571 
415 67.832204 
416 67.832132 
417 67.831707 
418 67.831633 
419 67.831569 
420 67.831273 
421 67.831184 
422 67.830934 
423 67.830743 
424 67.830674 
425 67.830389 
426 67.830309 
427 67.830118 
428 67.828874 
429 67.828373 
430 67.827723 
431 67.822841 
432 67.768189 
433 67.767962 
434 67.767581 
435 67.767253 
436 67.766384 
437 67.765288 
438 67.764509 
439 67.764108 
440 67.764096 
441 67.763961 
442 67.763775 
443 67.763623 
444 67.763551 
445 67.76352 
446 67.763408 
447 67.763288 
448 67.763075 
449 67.762951 
450 67.762891 
451 67.762733 
452 67.762675 
453 67.762608 
454 67.762472 
455 67.762144 
456 67.761446 
457 67.759502 
458 67.759509 
459 67.757662 
460 67.757655 
461 67.757184 
462 67.757158 
463 67.756495 
464 67.755966 
465 67.755658 
466 67.755597 
467 67.755389 
468 67.755332 
469 67.75527 
470 67.754981 
471 67.754714 
472 67.754445 
473 67.754359 
474 67.754144 
475 67.754086 
476 67.753797 
477 67.753627 
478 67.753472 
479 67.753127 
480 67.75135 
481 67.737715 
482 67.620185 
483 67.620188 
484 67.619887 
485 67.617277 
486 67.617192 
487 67.61713 
488 67.616691 
489 67.616307 
490 67.615924 
491 67.615006 
492 67.614213 
493 67.613957 
494 67.613861 
495 67.613716 
496 67.613694 
497 67.612903 
498 67.612882 
499 67.612815 
500 67.612632 
501 67.612601 
502 67.61257 
503 67.612414 
504 67.612377 
505 67.612337 
506 67.612248 
507 67.612195 
508 67.612124 
509 67.611903 
510 67.611728 
511 67.611656 
512 67.611454 
513 67.611232 
514 67.610438 
515 67.58185 
516 67.581857 
517 67.581824 
518 67.572836 
519 67.571104 
520 67.568383 
521 67.565423 
522 67.562704 
523 67.559102 
524 67.556105 
525 67.554026 
526 67.552695 
527 67.551296 
528 67.550017 
529 67.545283 
530 67.541935 
531 67.537459 
532 67.523782 
533 67.523759 
534 67.523243 
535 67.523249 
536 67.522209 
537 67.522055 
538 67.521066 
539 67.520952 
540 67.520905 
541 67.520882 
542 67.520706 
543 67.520624 
544 67.520349 
545 67.520232 
546 67.520102 
547 67.52007 
548 67.520004 
549 67.519822 
550 67.5198 
551 67.519753 
552 67.519594 
553 67.519458 
554 67.519418 
555 67.519246 
556 67.519187 
557 67.519097 
558 67.518979 
559 67.518905 
560 67.51871 
561 67.518478 
562 67.517793 
563 67.516642 
564 67.515827 
565 67.512503 
566 67.512494 
567 67.509762 
568 67.509015 
569 67.507907 
570 67.507528 
571 67.506428 
572 67.506323 
573 67.506078 
574 67.505464 
575 67.504925 
576 67.504897 
577 67.504706 
578 67.504579 
579 67.504197 
580 67.503794 
581 67.503438 
582 67.503236 
583 67.503181 
584 67.502993 
585 67.502876 
586 67.502759 
587 67.502515 
588 67.502446 
589 67.502207 
590 67.501748 
591 67.500647 
592 67.499746 
593 67.497402 
594 67.49477 
595 67.454686 
596 67.454123 
597 67.436786 
598 67.431353 
599 67.430435 
600 67.42305 
601 67.418619 
602 67.417252 
603 67.414971 
604 67.414014 
605 67.412977 
606 67.411961 
607 67.411486 
608 67.410077 
609 67.406999 
610 67.40493 
611 67.402995 
612 67.400381 
613 67.397831 
614 67.393137 
615 67.382146 
616 67.382139 
617 67.381427 
618 67.380051 
619 67.380041 
620 67.379802 
621 67.379523 
622 67.379172 
623 67.378801 
624 67.37869 
625 67.378414 
626 67.378308 
627 67.378289 
628 67.378185 
629 67.378084 
630 67.378048 
631 67.377989 
632 67.377887 
633 67.377804 
634 67.377776 
635 67.377685 
636 67.377647 
637 67.377574 
638 67.377423 
639 67.377341 
640 67.377324 
641 67.377233 
642 67.376866 
643 67.376611 
644 67.376539 
645 67.376442 
646 67.376358 
647 67.375914 
648 67.375845 
649 67.375718 
650 67.375014 
651 67.373655 
652 67.372863 
653 67.350568 
654 67.350573 
655 67.349636 
656 67.34963 
657 67.346036 
658 67.346016 
659 67.342528 
660 67.341922 
661 67.338702 
662 67.3366 
663 67.336273 
664 67.333507 
665 67.332252 
666 67.330977 
667 67.330292 
668 67.329847 
669 67.32944 
670 67.328137 
671 67.327701 
672 67.327399 
673 67.326792 
674 67.326093 
675 67.3251 
676 67.324774 
677 67.322759 
678 67.322026 
679 67.321624 
680 67.320812 
681 67.31918 
682 67.316442 
683 67.314693 
684 67.311733 
685 67.311727 
686 67.311731 
687 67.310688 
688 67.310503 
689 67.3102 
690 67.309559 
691 67.309248 
692 67.308524 
693 67.308351 
694 67.308322 
695 67.308275 
696 67.307793 
697 67.307621 
698 67.307533 
699 67.307462 
700 67.3074 
701 67.307199 
702 67.307106 
703 67.306963 
704 67.306858 
705 67.306611 
706 67.306336 
707 67.305988 
708 67.305819 
709 67.305591 
710 67.305111 
711 67.304538 
712 67.304112 
713 67.303853 
714 67.298314 
715 67.298176 
716 67.298184 
717 67.297934 
718 67.295152 
719 67.292049 
720 67.290802 
721 67.288602 
722 67.287467 
723 67.285111 
724 67.283538 
725 67.281978 
726 67.278609 
727 67.273649 
728 67.266851 
729 67.26685 
730 67.266345 
731 67.265691 
732 67.265682 
733 67.264191 
734 67.264043 
735 67.264016 
736 67.263906 
737 67.263863 
738 67.263789 
739 67.2636 
740 67.263536 
741 67.26341 
742 67.263343 
743 67.263102 
744 67.262958 
745 67.262859 
746 67.262736 
747 67.262604 
748 67.262445 
749 67.262196 
750 67.262063 
751 67.26193 
752 67.261635 
753 67.261505 
754 67.261306 
755 67.260739 
756 67.260252 
757 67.259633 
758 67.257668 
759 67.197429 
760 67.197315 
761 67.197323 
762 67.193669 
763 67.188653 
764 67.182202 
765 67.179481 
766 67.177148 
767 67.176217 
768 67.176074 
769 67.173765 
770 67.172386 
771 67.170748 
772 67.169606 
773 67.169306 
774 67.168623 
775 67.167888 
776 67.166981 
777 67.166252 
778 67.165768 
779 67.165292 
780 67.16426 
781 67.163757 
782 67.163379 
783 67.162825 
784 67.162505 
785 67.161676 
786 67.160401 
787 67.160234 
788 67.159709 
789 67.159102 
790 67.158572 
791 67.158008 
792 67.157615 
793 67.157093 
794 67.155684 
795 67.154243 
796 67.142864 
797 67.142851 
798 67.14286 
799 67.142754 
800 67.141223 
801 67.14082 
802 67.140269 
803 67.140263 
804 67.139745 
805 67.139647 
806 67.139493 
807 67.138471 
808 67.137899 
809 67.137733 
810 67.137367 
811 67.137039 
812 67.136802 
813 67.136775 
814 67.136736 
815 67.136723 
816 67.136063 
817 67.135413 
818 67.134626 
819 67.134416 
820 67.133944 
821 67.133263 
822 67.132608 
823 67.13203 
824 67.131569 
825 67.130715 
826 67.129416 
827 67.127067 
828 67.123331 
829 67.123329 
830 67.12244 
831 67.122173 
832 67.121587 
833 67.121586 
834 67.121581 
835 67.121576 
836 67.12155 
837 67.121532 
838 67.121195 
839 67.12118 
840 67.121055 
841 67.120928 
842 67.120911 
843 67.120798 
844 67.120776 
845 67.120689 
846 67.120677 
847 67.120656 
848 67.120633 
849 67.1206 
850 67.120578 
851 67.120568 
852 67.120544 
853 67.120516 
854 67.120364 
855 67.120252 
856 67.120191 
857 67.120076 
858 67.119953 
859 67.119897 
860 67.119845 
861 67.119645 
862 67.119562 
863 67.119209 
864 67.119169 
865 67.118067 
866 67.086065 
867 67.079047 
868 67.079009 
869 67.074116 
870 67.071355 
871 67.061778 
872 67.061568 
873 67.060459 
874 67.060214 
875 67.058927 
876 67.058083 
877 67.054387 
878 67.053986 
879 67.053421 
880 67.051726 
881 67.05093 
882 67.050071 
883 67.049622 
884 67.048912 
885 67.047464 
886 67.04714 
887 67.046796 
888 67.046544 
889 67.045946 
890 67.045782 
891 67.045113 
892 67.044606 
893 67.044249 
894 67.043615 
895 67.042659 
896 67.042097 
897 67.041166 
898 67.040272 
899 67.038603 
900 67.036978 
901 67.034235 
902 67.03041 
903 67.024057 
904 67.024061 
905 67.022954 
906 67.022717 
907 67.022137 
908 67.021806 
909 67.021513 
910 67.021283 
911 67.021122 
912 67.020997 
913 67.020758 
914 67.02055 
915 67.020079 
916 67.019746 
917 67.019431 
918 67.018217 
919 66.949914 
920 66.94982 
921 66.949825 
922 66.946193 
923 66.945102 
924 66.944654 
925 66.944148 
926 66.942995 
927 66.942534 
928 66.941967 
929 66.94014 
930 66.939574 
931 66.938891 
932 66.938039 
933 66.936794 
934 66.936193 
935 66.935717 
936 66.934054 
937 66.933767 
938 66.933136 
939 66.932386 
940 66.931825 
941 66.931209 
942 66.930799 
943 66.93001 
944 66.929109 
945 66.928346 
946 66.927001 
947 66.924708 
948 66.922915 
949 66.917017 
950 66.916989 
951 66.916732 
952 66.916641 
953 66.916177 
954 66.916178 
955 66.914987 
956 66.914804 
957 66.914368 
958 66.913821 
959 66.913797 
960 66.913721 
961 66.913305 
962 66.91321 
963 66.913121 
964 66.91307 
965 66.913008 
966 66.912974 
967 66.91289 
968 66.912799 
969 66.912779 
970 66.912766 
971 66.912696 
972 66.912673 
973 66.912547 
974 66.91247 
975 66.912418 
976 66.912339 
977 66.912283 
978 66.912155 
979 66.912111 
980 66.912084 
981 66.912045 
982 66.91179 
983 66.911673 
984 66.911554 
985 66.91139 
986 66.91103 
987 66.91059 
988 66.910412 
989 66.910079 
990 66.909758 
991 66.909243 
992 66.908289 
993 66.907342 
994 66.868574 
995 66.868507 
996 66.858731 
997 66.85543 
998 66.853872 
999 66.849814 
1000 66.84937 
1001 66.848778 
1002 66.848273 
1003 66.847957 
1004 66.847461 
1005 66.846947 
1006 66.846738 
1007 66.845853 
1008 66.844914 
1009 66.844214 
1010 66.843704 
1011 66.84303 
1012 66.841974 
1013 66.841361 
1014 66.841003 
1015 66.840818 
1016 66.840437 
1017 66.839849 
1018 66.839102 
1019 66.838555 
1020 66.83831 
1021 66.836846 
1022 66.83663 
1023 66.836241 
1024 66.836109 
1025 66.834958 
1026 66.834573 
1027 66.834327 
1028 66.833784 
1029 66.833649 
1030 66.83333 
1031 66.832833 
1032 66.832617 
1033 66.832386 
1034 66.831747 
1035 66.831179 
1036 66.8301 
1037 66.82677 
1038 66.823491 
1039 66.821268 
1040 66.818129 
1041 66.817003 
1042 66.816925 
1043 66.816446 
1044 66.816145 
1045 66.816099 
1046 66.815753 
1047 66.815745 
1048 66.815563 
1049 66.815554 
1050 66.815487 
1051 66.815295 
1052 66.815178 
1053 66.815007 
1054 66.814899 
1055 66.814797 
1056 66.814701 
1057 66.814587 
1058 66.814474 
1059 66.81408 
1060 66.81393 
1061 66.813836 
1062 66.813748 
1063 66.813489 
1064 66.813389 
1065 66.813043 
1066 66.812711 
1067 66.812257 
1068 66.812001 
1069 66.811842 
1070 66.811357 
1071 66.810654 
1072 66.809029 
1073 66.786765 
1074 66.78673 
1075 66.78433 
1076 66.783937 
1077 66.783212 
1078 66.782979 
1079 66.78293 
1080 66.782894 
1081 66.782757 
1082 66.782718 
1083 66.782506 
1084 66.782456 
1085 66.782449 
1086 66.782262 
1087 66.78223 
1088 66.782035 
1089 66.782007 
1090 66.781935 
1091 66.781879 
1092 66.781812 
1093 66.781757 
1094 66.781734 
1095 66.781564 
1096 66.781519 
1097 66.781504 
1098 66.781492 
1099 66.781401 
1100 66.781326 
1101 66.781281 
1102 66.781159 
1103 66.781073 
1104 66.780953 
1105 66.780917 
1106 66.780848 
1107 66.78081 
1108 66.780728 
1109 66.780691 
1110 66.78057 
1111 66.78045 
1112 66.780367 
1113 66.780255 
1114 66.780009 
1115 66.779762 
1116 66.779499 
1117 66.779287 
1118 66.778996 
1119 66.778702 
1120 66.778153 
1121 66.777287 
1122 66.761922 
1123 66.761562 
1124 66.744496 
1125 66.7417 
1126 66.738874 
1127 66.738067 
1128 66.737148 
1129 66.737064 
1130 66.73696 
1131 66.736578 
1132 66.736387 
1133 66.736245 
1134 66.734725 
1135 66.734251 
1136 66.734115 
1137 66.734043 
1138 66.733953 
1139 66.733761 
1140 66.733462 
1141 66.733389 
1142 66.733215 
1143 66.732859 
1144 66.732708 
1145 66.732227 
1146 66.732066 
1147 66.731426 
1148 66.730984 
1149 66.729621 
1150 66.728427 
1151 66.728021 
1152 66.727356 
1153 66.726425 
1154 66.725656 
1155 66.725081 
1156 66.724812 
1157 66.724089 
1158 66.723328 
1159 66.722351 
1160 66.721928 
1161 66.720708 
1162 66.719823 
1163 66.717716 
1164 66.717719 
1165 66.716884 
1166 66.716879 
1167 66.71684 
1168 66.71652 
1169 66.716293 
1170 66.716029 
1171 66.715985 
1172 66.71594 
1173 66.715873 
1174 66.715811 
1175 66.715764 
1176 66.715712 
1177 66.715647 
1178 66.715606 
1179 66.715555 
1180 66.715482 
1181 66.715439 
1182 66.715392 
1183 66.715347 
1184 66.715225 
1185 66.715094 
1186 66.714933 
1187 66.714832 
1188 66.714773 
1189 66.714631 
1190 66.714504 
1191 66.714172 
1192 66.714073 
1193 66.713988 
1194 66.713336 
1195 66.705373 
1196 66.705366 
1197 66.70416 
1198 66.704154 
1199 66.703967 
1200 66.703828 
1201 66.703659 
1202 66.703565 
1203 66.703532 
1204 66.703508 
1205 66.703431 
1206 66.703403 
1207 66.703386 
1208 66.703379 
1209 66.703354 
1210 66.703344 
1211 66.703329 
1212 66.703315 
1213 66.703307 
1214 66.703292 
1215 66.703272 
1216 66.70326 
1217 66.70322 
1218 66.703202 
1219 66.703189 
1220 66.703164 
1221 66.703133 
1222 66.703122 
1223 66.703048 
1224 66.703003 
1225 66.702915 
1226 66.702896 
1227 66.702861 
1228 66.702852 
1229 66.702821 
1230 66.702814 
1231 66.702794 
1232 66.702775 
1233 66.702752 
1234 66.702707 
1235 66.702695 
1236 66.702676 
1237 66.70265 
1238 66.70261 
1239 66.702563 
1240 66.702538 
1241 66.70251 
1242 66.702458 
1243 66.702396 
1244 66.70237 
1245 66.702297 
1246 66.702213 
1247 66.7022 
1248 66.702153 
1249 66.702127 
1250 66.701973 
1251 66.701059 
1252 66.699509 
1253 66.693405 
1254 66.693385 
1255 66.692103 
1256 66.688224 
1257 66.688042 
1258 66.687893 
1259 66.68782 
1260 66.687518 
1261 66.687248 
1262 66.687143 
1263 66.687104 
1264 66.687023 
1265 66.686977 
1266 66.686903 
1267 66.686825 
1268 66.686767 
1269 66.686424 
1270 66.686247 
1271 66.686185 
1272 66.686103 
1273 66.685979 
1274 66.685926 
1275 66.685897 
1276 66.685853 
1277 66.685674 
1278 66.685553 
1279 66.685342 
1280 66.685217 
1281 66.685158 
1282 66.684929 
1283 66.684887 
1284 66.684855 
1285 66.684745 
1286 66.684624 
1287 66.684543 
1288 66.684475 
1289 66.684185 
1290 66.684052 
1291 66.68394 
1292 66.683841 
1293 66.683731 
1294 66.683607 
1295 66.683527 
1296 66.68312 
1297 66.682031 
1298 66.677083 
1299 66.647749 
1300 66.647727 
1301 66.644572 
1302 66.640013 
1303 66.637005 
1304 66.636928 
1305 66.636036 
1306 66.635935 
1307 66.635339 
1308 66.635082 
1309 66.634934 
1310 66.634646 
1311 66.634487 
1312 66.634267 
1313 66.634128 
1314 66.633961 
1315 66.633527 
1316 66.63335 
1317 66.633184 
1318 66.633073 
1319 66.632916 
1320 66.632826 
1321 66.632693 
1322 66.63264 
1323 66.632554 
1324 66.632268 
1325 66.631851 
1326 66.631776 
1327 66.631575 
1328 66.631499 
1329 66.63132 
1330 66.631049 
1331 66.630929 
1332 66.630778 
1333 66.630655 
1334 66.630481 
1335 66.630322 
1336 66.630066 
1337 66.629957 
1338 66.629667 
1339 66.629346 
1340 66.628678 
1341 66.628436 
1342 66.627785 
1343 66.62665 
1344 66.624799 
1345 66.60782 
1346 66.606944 
1347 66.605941 
1348 66.604584 
1349 66.604574 
1350 66.604253 
1351 66.603865 
1352 66.603651 
1353 66.603539 
1354 66.603362 
1355 66.603114 
1356 66.602888 
1357 66.602828 
1358 66.602745 
1359 66.60272 
1360 66.602526 
1361 66.602497 
1362 66.602398 
1363 66.602362 
1364 66.602198 
1365 66.602153 
1366 66.602106 
1367 66.601994 
1368 66.601873 
1369 66.601798 
1370 66.601712 
1371 66.601669 
1372 66.601602 
1373 66.601467 
1374 66.601408 
1375 66.601372 
1376 66.601264 
1377 66.601175 
1378 66.601082 
1379 66.60105 
1380 66.600989 
1381 66.600942 
1382 66.600871 
1383 66.600832 
1384 66.600709 
1385 66.600547 
1386 66.600239 
1387 66.599408 
1388 66.598722 
1389 66.597411 
1390 66.595644 
1391 66.594445 
1392 66.592962 
1393 66.592953 
1394 66.592789 
1395 66.592597 
1396 66.592455 
1397 66.592235 
1398 66.592214 
1399 66.592205 
1400 66.5922 
1401 66.592188 
1402 66.592105 
1403 66.592049 
1404 66.592029 
1405 66.592014 
1406 66.592001 
1407 66.591989 
1408 66.591977 
1409 66.591906 
1410 66.591873 
1411 66.591814 
1412 66.591722 
1413 66.591668 
1414 66.59164 
1415 66.591616 
1416 66.591572 
1417 66.591543 
1418 66.591417 
1419 66.591349 
1420 66.591289 
1421 66.591186 
1422 66.591087 
1423 66.591026 
1424 66.590974 
1425 66.590882 
1426 66.590798 
1427 66.59055 
1428 66.590456 
1429 66.590073 
1430 66.589919 
1431 66.58976 
1432 66.589603 
1433 66.5888 
1434 66.586341 
1435 66.57082 
1436 66.558801 
1437 66.556208 
1438 66.554623 
1439 66.554495 
1440 66.553948 
1441 66.553199 
1442 66.552904 
1443 66.552564 
1444 66.552211 
1445 66.552115 
1446 66.551953 
1447 66.551851 
1448 66.551737 
1449 66.551496 
1450 66.551095 
1451 66.551 
1452 66.550829 
1453 66.550296 
1454 66.550222 
1455 66.549751 
1456 66.549282 
1457 66.549082 
1458 66.548919 
1459 66.548641 
1460 66.548428 
1461 66.548185 
1462 66.547839 
1463 66.547535 
1464 66.547174 
1465 66.546798 
1466 66.546687 
1467 66.546497 
1468 66.546411 
1469 66.546143 
1470 66.545971 
1471 66.545412 
1472 66.5449 
1473 66.544757 
1474 66.544362 
1475 66.543793 
1476 66.542199 
1477 66.541185 
1478 66.540137 
1479 66.535091 
1480 66.535084 
1481 66.534766 
1482 66.534445 
1483 66.533991 
1484 66.533203 
1485 66.533147 
1486 66.532585 
1487 66.532339 
1488 66.532118 
1489 66.531656 
1490 66.531583 
1491 66.531511 
1492 66.531449 
1493 66.531375 
1494 66.531181 
1495 66.531062 
1496 66.530873 
1497 66.530701 
1498 66.530611 
1499 66.530551 
1500 66.530371 
1501 66.530319 
1502 66.53025 
1503 66.530177 
1504 66.530069 
1505 66.529941 
1506 66.529681 
1507 66.529522 
1508 66.529319 
1509 66.529241 
1510 66.529062 
1511 66.528896 
1512 66.528606 
1513 66.528417 
1514 66.52806 
1515 66.527003 
1516 66.480407 
1517 66.480409 
1518 66.472848 
1519 66.472384 
1520 66.471783 
1521 66.471738 
1522 66.470236 
1523 66.469617 
1524 66.46764 
1525 66.467418 
1526 66.467217 
1527 66.466508 
1528 66.466024 
1529 66.465968 
1530 66.46568 
1531 66.465124 
1532 66.464853 
1533 66.464743 
1534 66.464434 
1535 66.464166 
1536 66.463779 
1537 66.463479 
1538 66.463229 
1539 66.462741 
1540 66.462532 
1541 66.462193 
1542 66.461625 
1543 66.461256 
1544 66.460522 
1545 66.460185 
1546 66.459626 
1547 66.458505 
1548 66.458079 
1549 66.45734 
1550 66.456376 
1551 66.455645 
1552 66.452716 
1553 66.451532 
1554 66.449257 
1555 66.447027 
1556 66.440486 
1557 66.420202 
1558 66.420148 
1559 66.416075 
1560 66.412543 
1561 66.411962 
1562 66.411427 
1563 66.410095 
1564 66.409824 
1565 66.409675 
1566 66.409019 
1567 66.408748 
1568 66.40857 
1569 66.408351 
1570 66.408244 
1571 66.408051 
1572 66.408003 
1573 66.407778 
1574 66.407703 
1575 66.407542 
1576 66.407369 
1577 66.407045 
1578 66.406918 
1579 66.406506 
1580 66.406012 
1581 66.405602 
1582 66.40512 
1583 66.404913 
1584 66.404727 
1585 66.404371 
1586 66.404169 
1587 66.403838 
1588 66.403422 
1589 66.402878 
1590 66.402564 
1591 66.40227 
1592 66.401696 
1593 66.401173 
1594 66.400775 
1595 66.400364 
1596 66.399977 
1597 66.399447 
1598 66.397478 
1599 66.371141 
1600 66.370791 
1601 66.370278 
1602 66.369156 
1603 66.365471 
1604 66.363789 
1605 66.361144 
1606 66.359818 
1607 66.3591 
1608 66.3581 
1609 66.355855 
1610 66.354932 
1611 66.353847 
1612 66.352963 
1613 66.351812 
1614 66.351383 
1615 66.350699 
1616 66.349421 
1617 66.349043 
1618 66.348341 
1619 66.347871 
1620 66.347433 
1621 66.346208 
1622 66.345829 
1623 66.345381 
1624 66.344255 
1625 66.34373 
1626 66.343203 
1627 66.342618 
1628 66.341294 
1629 66.339298 
1630 66.337314 
1631 66.332317 
1632 66.332317 
1633 66.330966 
1634 66.330961 
1635 66.330827 
1636 66.330132 
1637 66.329913 
1638 66.329627 
1639 66.329594 
1640 66.329404 
1641 66.329132 
1642 66.329061 
1643 66.329051 
1644 66.328934 
1645 66.328886 
1646 66.328819 
1647 66.328796 
1648 66.328723 
1649 66.328662 
1650 66.328626 
1651 66.328619 
1652 66.328595 
1653 66.328567 
1654 66.328537 
1655 66.328511 
1656 66.328466 
1657 66.328448 
1658 66.328425 
1659 66.328302 
1660 66.328282 
1661 66.328248 
1662 66.328234 
1663 66.328187 
1664 66.32817 
1665 66.32815 
1666 66.328133 
1667 66.328122 
1668 66.328062 
1669 66.328008 
1670 66.327925 
1671 66.327899 
1672 66.32781 
1673 66.327786 
1674 66.32773 
1675 66.327658 
1676 66.327567 
1677 66.327448 
1678 66.32739 
1679 66.327174 
1680 66.326872 
1681 66.3266 
1682 66.3263 
1683 66.326049 
1684 66.325459 
1685 66.31677 
1686 66.31614 
1687 66.31614 
1688 66.315746 
1689 66.315692 
1690 66.31545 
1691 66.315425 
1692 66.315375 
1693 66.315074 
1694 66.314701 
1695 66.313597 
1696 66.313399 
1697 66.313246 
1698 66.31289 
1699 66.312473 
1700 66.312235 
1701 66.312141 
1702 66.312037 
1703 66.311862 
1704 66.311683 
1705 66.311478 
1706 66.311313 
1707 66.311113 
1708 66.311009 
1709 66.310758 
1710 66.310653 
1711 66.310494 
1712 66.310326 
1713 66.310228 
1714 66.310028 
1715 66.309574 
1716 66.309109 
1717 66.308809 
1718 66.308619 
1719 66.307865 
1720 66.30709 
1721 66.306305 
1722 66.305507 
1723 66.303858 
1724 66.281878 
1725 66.274904 
1726 66.274825 
1727 66.268017 
1728 66.261978 
1729 66.253354 
1730 66.25047 
1731 66.24917 
1732 66.246553 
1733 66.244166 
1734 66.242983 
1735 66.237976 
1736 66.231699 
1737 66.231189 
1738 66.228542 
1739 66.227582 
1740 66.225851 
1741 66.225 
1742 66.224179 
1743 66.222525 
1744 66.221644 
1745 66.22091 
1746 66.219417 
1747 66.218757 
1748 66.217645 
1749 66.216483 
1750 66.215414 
1751 66.214652 
1752 66.21372 
1753 66.212737 
1754 66.21227 
1755 66.211174 
1756 66.209842 
1757 66.208818 
1758 66.207331 
1759 66.206244 
1760 66.204217 
1761 66.202075 
1762 66.197557 
1763 66.193858 
1764 66.188355 
1765 66.181838 
1766 66.160165 
1767 66.160053 
1768 66.160058 
1769 66.156185 
1770 66.154913 
1771 66.15342 
1772 66.151695 
1773 66.151116 
1774 66.150709 
1775 66.150479 
1776 66.150016 
1777 66.149578 
1778 66.149257 
1779 66.14898 
1780 66.148667 
1781 66.148369 
1782 66.148118 
1783 66.147809 
1784 66.147567 
1785 66.147292 
1786 66.14697 
1787 66.146332 
1788 66.145746 
1789 66.144736 
1790 66.144094 
1791 66.143591 
1792 66.14292 
1793 66.142366 
1794 66.140033 
1795 66.1342 
1796 65.98518 
1797 65.964697 
1798 65.957968 
1799 65.951203 
1800 65.943552 
1801 65.940821 
1802 65.93314 
1803 65.927862 
1804 65.923671 
1805 65.919173 
1806 65.918092 
1807 65.916382 
1808 65.914759 
1809 65.912816 
1810 65.910152 
1811 65.908727 
1812 65.906954 
1813 65.905646 
1814 65.904119 
1815 65.902546 
1816 65.90139 
1817 65.899887 
1818 65.898769 
1819 65.89759 
1820 65.896554 
1821 65.895422 
1822 65.894002 
1823 65.89042 
1824 65.889083 
1825 65.887112 
1826 65.886232 
1827 65.883073 
1828 65.878484 
1829 65.874741 
1830 65.871456 
1831 65.866814 
1832 65.866781 
1833 65.866788 
1834 65.865873 
1835 65.865779 
1836 65.865718 
1837 65.865622 
1838 65.865564 
1839 65.865469 
1840 65.865399 
1841 65.865342 
1842 65.865289 
1843 65.865189 
1844 65.865081 
1845 65.865018 
1846 65.864976 
1847 65.86489 
1848 65.86483 
1849 65.864763 
1850 65.86467 
1851 65.864569 
1852 65.864447 
1853 65.864312 
1854 65.864121 
1855 65.864035 
1856 65.863916 
1857 65.863722 
1858 65.863549 
1859 65.863352 
1860 65.862282 
1861 65.85005 
1862 65.846235 
1863 65.845396 
1864 65.845185 
1865 65.844984 
1866 65.844542 
1867 65.843637 
1868 65.8435 
1869 65.843139 
1870 65.842905 
1871 65.842817 
1872 65.842742 
1873 65.842658 
1874 65.842586 
1875 65.842502 
1876 65.842416 
1877 65.842369 
1878 65.842278 
1879 65.842212 
1880 65.842 
1881 65.841887 
1882 65.841811 
1883 65.841645 
1884 65.841486 
1885 65.841357 
1886 65.841263 
1887 65.841142 
1888 65.841068 
1889 65.840895 
1890 65.840747 
1891 65.840664 
1892 65.840494 
1893 65.840287 
1894 65.83986 
1895 65.839598 
1896 65.839228 
1897 65.838734 
1898 65.838098 
1899 65.837376 
1900 65.829156 
1901 65.65041 
1902 65.619668 
1903 65.617577 
1904 65.611947 
1905 65.608371 
1906 65.602241 
1907 65.598411 
1908 65.593419 
1909 65.5908 
1910 65.588966 
1911 65.586448 
1912 65.581235 
1913 65.578601 
1914 65.576734 
1915 65.574957 
1916 65.573028 
1917 65.571745 
1918 65.569666 
1919 65.568293 
1920 65.564478 
1921 65.56032 
1922 65.553787 
1923 65.548304 
1924 65.53634 
1925 65.534781 
1926 65.53329 
1927 65.532886 
1928 65.532468 
1929 65.532097 
1930 65.531663 
1931 65.531237 
1932 65.530949 
1933 65.530512 
1934 65.530055 
1935 65.529196 
1936 65.527774 
1937 65.52713 
1938 65.47106 
1939 65.46175 
1940 65.458948 
1941 65.457952 
1942 65.457239 
1943 65.442151 
1944 65.436898 
1945 65.427501 
1946 65.42586 
1947 65.422257 
1948 65.418286 
1949 65.416232 
1950 65.411867 
1951 65.410452 
1952 65.408969 
1953 65.406576 
1954 65.405758 
1955 65.402185 
1956 65.401024 
1957 65.399915 
1958 65.398999 
1959 65.397936 
1960 65.396943 
1961 65.396051 
1962 65.394879 
1963 65.394186 
1964 65.393416 
1965 65.392459 
1966 65.391131 
1967 65.390492 
1968 65.388482 
1969 65.387354 
1970 65.38538 
1971 65.383367 
1972 65.381626 
1973 65.379835 
1974 65.378581 
1975 65.376379 
1976 65.372721 
1977 65.370622 
1978 65.368804 
1979 65.364661 
1980 65.361028 
1981 65.353875 
1982 65.339818 
1983 65.335649 
1984 65.335189 
1985 65.335188 
1986 65.334866 
1987 65.334493 
1988 65.334389 
1989 65.334324 
1990 65.333931 
1991 65.333923 
1992 65.333898 
1993 65.333852 
1994 65.333821 
1995 65.333802 
1996 65.333777 
1997 65.333644 
1998 65.333634 
1999 65.333583 
2000 65.333572 
2001 65.333557 
2002 65.333448 
2003 65.333378 
2004 65.333256 
2005 65.33325 
2006 65.333207 
2007 65.3332 
2008 65.333166 
2009 65.333098 
2010 65.333066 
2011 65.333023 
2012 65.332993 
2013 65.33294 
2014 65.332895 
2015 65.332802 
2016 65.332781 
2017 65.332734 
2018 65.332689 
2019 65.332675 
2020 65.332641 
2021 65.332555 
2022 65.33252 
2023 65.332462 
2024 65.332392 
2025 65.332351 
2026 65.332316 
2027 65.332262 
2028 65.332213 
2029 65.332152 
2030 65.332097 
2031 65.331977 
2032 65.331914 
2033 65.331884 
2034 65.331801 
2035 65.331742 
2036 65.331664 
2037 65.331583 
2038 65.331524 
2039 65.331439 
2040 65.331282 
2041 65.331241 
2042 65.331049 
2043 65.33065 
2044 65.330277 
2045 65.330169 
2046 65.329899 
2047 65.326921 
2048 65.212554 
2049 65.144818 
2050 65.144768 
2051 65.138067 
2052 65.132308 
2053 65.132265 
2054 65.132269 
2055 65.131376 
2056 65.129254 
2057 65.129051 
2058 65.123913 
2059 65.123529 
2060 65.122749 
2061 65.121676 
2062 65.119645 
2063 65.119633 
2064 65.119542 
2065 65.119548 
2066 65.118432 
2067 65.118197 
2068 65.118091 
2069 65.117089 
2070 65.117068 
2071 65.116937 
2072 65.116916 
2073 65.116688 
2074 65.116523 
2075 65.11631 
2076 65.116262 
2077 65.116177 
2078 65.115849 
2079 65.115597 
2080 65.115284 
2081 65.115136 
2082 65.114623 
2083 65.114323 
2084 65.11385 
2085 65.113297 
2086 65.112651 
2087 65.112474 
2088 65.111749 
2089 65.111099 
2090 65.110857 
2091 65.110654 
2092 65.110053 
2093 65.109551 
2094 65.10929 
2095 65.108326 
2096 65.106818 
2097 65.106554 
2098 65.106317 
2099 65.105544 
2100 65.10476 
2101 65.104155 
2102 65.103252 
2103 65.102645 
2104 65.101721 
2105 65.100924 
2106 65.100507 
2107 65.099787 
2108 65.098673 
2109 65.098393 
2110 65.096802 
2111 65.09569 
2112 65.095238 
2113 65.095052 
2114 65.094317 
2115 65.093567 
2116 65.093213 
2117 65.092631 
2118 65.092446 
2119 65.091964 
2120 65.090943 
2121 65.090281 
2122 65.088964 
2123 65.087653 
2124 65.086818 
2125 65.086463 
2126 65.085893 
2127 65.084098 
2128 65.083533 
2129 65.080527 
2130 65.079103 
2131 65.074523 
2132 65.070979 
2133 65.065738 
2134 65.061501 
2135 65.04927 
2136 65.049242 
2137 65.048797 
2138 65.048796 
2139 65.048763 
2140 65.048468 
2141 65.047999 
2142 65.047955 
2143 65.047849 
2144 65.047721 
2145 65.047593 
2146 65.047293 
2147 65.047129 
2148 65.046931 
2149 65.046893 
2150 65.046865 
2151 65.046646 
2152 65.046622 
2153 65.046545 
2154 65.046486 
2155 65.046478 
2156 65.046474 
2157 65.046201 
2158 65.046136 
2159 65.046082 
2160 65.046063 
2161 65.046039 
2162 65.046026 
2163 65.046016 
2164 65.046012 
2165 65.046001 
2166 65.045983 
2167 65.045977 
2168 65.045954 
2169 65.045948 
2170 65.04594 
2171 65.04592 
2172 65.045901 
2173 65.045872 
2174 65.045865 
2175 65.045857 
2176 65.045813 
2177 65.045808 
2178 65.045801 
2179 65.045798 
2180 65.045782 
2181 65.045761 
2182 65.045738 
2183 65.045726 
2184 65.045711 
2185 65.045704 
2186 65.045697 
2187 65.045675 
2188 65.045664 
2189 65.045636 
2190 65.045631 
2191 65.045622 
2192 65.045591 
2193 65.045578 
2194 65.045542 
2195 65.045525 
2196 65.04552 
2197 65.045505 
2198 65.045477 
2199 65.045458 
2200 65.045446 
2201 65.045433 
2202 65.045362 
2203 65.04534 
2204 65.045303 
2205 65.045256 
2206 65.04511 
2207 65.0451 
2208 65.045026 
2209 65.044929 
2210 65.044884 
2211 65.044786 
2212 65.04472 
2213 65.044687 
2214 65.044575 
2215 65.044544 
2216 65.044411 
2217 65.044237 
2218 65.044182 
2219 65.044154 
2220 65.043945 
2221 65.043454 
2222 65.042727 
2223 65.016238 
2224 65.016161 
2225 65.014656 
2226 65.014453 
2227 65.012138 
2228 65.010927 
2229 65.009221 
2230 65.008594 
2231 65.007843 
2232 65.006484 
2233 65.006194 
2234 65.005491 
2235 65.004749 
2236 65.00435 
2237 65.003856 
2238 65.00265 
2239 65.001997 
2240 65.001273 
2241 65.001025 
2242 65.000602 
2243 65.000277 
2244 65.000049 
2245 64.999776 
2246 64.999556 
2247 64.999374 
2248 64.99902 
2249 64.99881 
2250 64.998373 
2251 64.998146 
2252 64.99765 
2253 64.997364 
2254 64.996784 
2255 64.996283 
2256 64.995884 
2257 64.995276 
2258 64.995011 
2259 64.994571 
2260 64.993525 
2261 64.993239 
2262 64.99241 
2263 64.991473 
2264 64.990898 
2265 64.990114 
2266 64.989064 
2267 64.987794 
2268 64.985823 
2269 64.983279 
2270 64.980506 
2271 64.955097 
2272 64.93827 
2273 64.933747 
2274 64.932925 
2275 64.932211 
2276 64.928985 
2277 64.928173 
2278 64.927162 
2279 64.926683 
2280 64.925538 
2281 64.925226 
2282 64.924231 
2283 64.923896 
2284 64.922604 
2285 64.921712 
2286 64.92143 
2287 64.921301 
2288 64.920748 
2289 64.920192 
2290 64.920001 
2291 64.919237 
2292 64.919062 
2293 64.918752 
2294 64.918429 
2295 64.91801 
2296 64.917668 
2297 64.917441 
2298 64.917295 
2299 64.916943 
2300 64.916722 
2301 64.916445 
2302 64.915999 
2303 64.915795 
2304 64.915545 
2305 64.915296 
2306 64.915147 
2307 64.914682 
2308 64.914571 
2309 64.914327 
2310 64.914165 
2311 64.913649 
2312 64.91329 
2313 64.912644 
2314 64.912357 
2315 64.911743 
2316 64.910829 
2317 64.910232 
2318 64.909517 
2319 64.908942 
2320 64.907899 
2321 64.907234 
2322 64.906707 
2323 64.90632 
2324 64.90515 
2325 64.904714 
2326 64.904119 
2327 64.902186 
2328 64.901489 
2329 64.899843 
2330 64.897621 
2331 64.892084 
2332 64.881321 
2333 64.881311 
2334 64.879857 
2335 64.879848 
2336 64.879772 
2337 64.879151 
2338 64.879152 
2339 64.878707 
2340 64.878612 
2341 64.878399 
2342 64.878157 
2343 64.877344 
2344 64.876454 
2345 64.876449 
2346 64.876395 
2347 64.876368 
2348 64.876274 
2349 64.876261 
2350 64.87623 
2351 64.876194 
2352 64.876176 
2353 64.876166 
2354 64.876148 
2355 64.876087 
2356 64.876075 
2357 64.876057 
2358 64.87604 
2359 64.876019 
2360 64.87597 
2361 64.875945 
2362 64.875921 
2363 64.87588 
2364 64.87585 
2365 64.875811 
2366 64.875775 
2367 64.875756 
2368 64.875718 
2369 64.875687 
2370 64.875628 
2371 64.875598 
2372 64.875579 
2373 64.87551 
2374 64.875472 
2375 64.87539 
2376 64.875339 
2377 64.875278 
2378 64.875242 
2379 64.875224 
2380 64.875178 
2381 64.875143 
2382 64.875001 
2383 64.874942 
2384 64.87489 
2385 64.874873 
2386 64.874818 
2387 64.87478 
2388 64.874726 
2389 64.874636 
2390 64.874509 
2391 64.874451 
2392 64.874336 
2393 64.874172 
2394 64.874089 
2395 64.873976 
2396 64.873798 
2397 64.873118 
2398 64.870855 
2399 64.870847 
2400 64.87085 
2401 64.870722 
2402 64.869293 
2403 64.869091 
2404 64.868681 
2405 64.868529 
2406 64.868417 
2407 64.868374 
2408 64.868075 
2409 64.867906 
2410 64.867841 
2411 64.867806 
2412 64.867771 
2413 64.867719 
2414 64.867671 
2415 64.867644 
2416 64.867613 
2417 64.867603 
2418 64.86757 
2419 64.867561 
2420 64.867509 
2421 64.867492 
2422 64.867438 
2423 64.867414 
2424 64.867393 
2425 64.867382 
2426 64.867366 
2427 64.867354 
2428 64.867339 
2429 64.867332 
2430 64.867317 
2431 64.867311 
2432 64.86728 
2433 64.867254 
2434 64.867241 
2435 64.867228 
2436 64.867216 
2437 64.867206 
2438 64.867186 
2439 64.867173 
2440 64.86714 
2441 64.867103 
2442 64.867088 
2443 64.867068 
2444 64.867059 
2445 64.867042 
2446 64.86702 
2447 64.866975 
2448 64.866958 
2449 64.86695 
2450 64.866924 
2451 64.866912 
2452 64.866904 
2453 64.866894 
2454 64.866857 
2455 64.866814 
2456 64.866731 
2457 64.866699 
2458 64.866647 
2459 64.866609 
2460 64.866536 
2461 64.866499 
2462 64.866434 
2463 64.866384 
2464 64.866315 
2465 64.866279 
2466 64.86625 
2467 64.866192 
2468 64.866127 
2469 64.866012 
2470 64.865858 
2471 64.865701 
2472 64.865361 
2473 64.864762 
2474 64.863687 
2475 64.770342 
2476 64.757534 
2477 64.739007 
2478 64.727604 
2479 64.720846 
2480 64.709716 
2481 64.707145 
2482 64.705762 
2483 64.703559 
2484 64.701841 
2485 64.700337 
2486 64.699096 
2487 64.697883 
2488 64.696538 
2489 64.694858 
2490 64.693249 
2491 64.692303 
2492 64.691012 
2493 64.689559 
2494 64.688444 
2495 64.687533 
2496 64.684863 
2497 64.683356 
2498 64.68077 
2499 64.678541 
2500 64.67542 
2501 64.673436 
2502 64.671542 
2503 64.667614 
2504 64.662073 
2505 64.63576 
2506 64.635731 
2507 64.635242 
2508 64.63408 
2509 64.633851 
2510 64.633359 
2511 64.628877 
2512 64.626277 
2513 64.625199 
2514 64.624039 
2515 64.623352 
2516 64.622484 
2517 64.621669 
2518 64.620739 
2519 64.618876 
2520 64.617753 
2521 64.615737 
2522 64.612856 
2523 64.604491 
2524 64.516632 
2525 64.488686 
2526 64.488655 
2527 64.481217 
2528 64.474409 
2529 64.473441 
2530 64.472473 
2531 64.468542 
2532 64.467917 
2533 64.464906 
2534 64.463864 
2535 64.46278 
2536 64.460947 
2537 64.460202 
2538 64.45929 
2539 64.458612 
2540 64.458006 
2541 64.457143 
2542 64.456127 
2543 64.455384 
2544 64.454433 
2545 64.454097 
2546 64.453538 
2547 64.45253 
2548 64.451523 
2549 64.450167 
2550 64.449109 
2551 64.447764 
2552 64.445906 
2553 64.444225 
2554 64.442649 
2555 64.440753 
2556 64.439502 
2557 64.438343 
2558 64.436652 
2559 64.434653 
2560 64.43245 
2561 64.43102 
2562 64.42695 
2563 64.426944 
2564 64.42695 
2565 64.42677 
2566 64.426069 
2567 64.425127 
2568 64.424829 
2569 64.424703 
2570 64.424645 
2571 64.42458 
2572 64.424545 
2573 64.424526 
2574 64.424497 
2575 64.424487 
2576 64.424461 
2577 64.424403 
2578 64.424385 
2579 64.424337 
2580 64.424327 
2581 64.424312 
2582 64.424292 
2583 64.424267 
2584 64.424247 
2585 64.424233 
2586 64.424218 
2587 64.424211 
2588 64.42419 
2589 64.424179 
2590 64.424165 
2591 64.424153 
2592 64.424145 
2593 64.424136 
2594 64.424131 
2595 64.424114 
2596 64.424099 
2597 64.424089 
2598 64.424036 
2599 64.423991 
2600 64.423976 
2601 64.423969 
2602 64.423951 
2603 64.423915 
2604 64.423894 
2605 64.423865 
2606 64.423852 
2607 64.423838 
2608 64.423828 
2609 64.4238 
2610 64.423775 
2611 64.423748 
2612 64.423725 
2613 64.423685 
2614 64.42366 
2615 64.423625 
2616 64.423605 
2617 64.423575 
2618 64.42354 
2619 64.423482 
2620 64.423442 
2621 64.42343 
2622 64.423417 
2623 64.423333 
2624 64.423236 
2625 64.423067 
2626 64.422791 
2627 64.422592 
2628 64.422417 
2629 64.422053 
2630 64.421818 
2631 64.419498 
2632 64.418721 
2633 64.418508 
2634 64.417071 
2635 64.417015 
2636 64.416922 
2637 64.416783 
2638 64.416733 
2639 64.416568 
2640 64.416497 
2641 64.416465 
2642 64.416371 
2643 64.41618 
2644 64.416127 
2645 64.415967 
2646 64.415923 
2647 64.415901 
2648 64.415823 
2649 64.415766 
2650 64.415684 
2651 64.415674 
2652 64.415651 
2653 64.415638 
2654 64.415616 
2655 64.415603 
2656 64.415535 
2657 64.415523 
2658 64.415487 
2659 64.415459 
2660 64.415434 
2661 64.41541 
2662 64.415394 
2663 64.415377 
2664 64.415346 
2665 64.415336 
2666 64.415323 
2667 64.41531 
2668 64.415258 
2669 64.415239 
2670 64.415195 
2671 64.415135 
2672 64.415052 
2673 64.415016 
2674 64.414944 
2675 64.414834 
2676 64.414796 
2677 64.414739 
2678 64.414599 
2679 64.41452 
2680 64.414454 
2681 64.414342 
2682 64.414261 
2683 64.414215 
2684 64.414151 
2685 64.414076 
2686 64.413951 
2687 64.413703 
2688 64.413508 
2689 64.413343 
2690 64.413152 
2691 64.412766 
2692 64.411424 
2693 64.408116 
2694 64.398159 
2695 64.398053 
2696 64.397247 
2697 64.396787 
2698 64.396293 
2699 64.396031 
2700 64.395472 
2701 64.394896 
2702 64.394001 
2703 64.393996 
2704 64.393791 
2705 64.393101 
2706 64.392839 
2707 64.392529 
2708 64.392358 
2709 64.392217 
2710 64.392106 
2711 64.391996 
2712 64.391746 
2713 64.391715 
2714 64.391698 
2715 64.391567 
2716 64.391223 
2717 64.390995 
2718 64.390812 
2719 64.390694 
2720 64.39047 
2721 64.390405 
2722 64.390276 
2723 64.390206 
2724 64.390003 
2725 64.389932 
2726 64.389754 
2727 64.389631 
2728 64.38954 
2729 64.389469 
2730 64.389354 
2731 64.389266 
2732 64.389088 
2733 64.389012 
2734 64.388873 
2735 64.388693 
2736 64.388418 
2737 64.388285 
2738 64.388168 
2739 64.387843 
2740 64.387495 
2741 64.387349 
2742 64.387164 
2743 64.387017 
2744 64.386544 
2745 64.386144 
2746 64.385587 
2747 64.385283 
2748 64.384583 
2749 64.384087 
2750 64.383769 
2751 64.383041 
2752 64.381837 
2753 64.380926 
2754 64.379117 
2755 64.378345 
2756 64.376803 
2757 64.353914 
2758 64.342741 
2759 64.342696 
2760 64.340626 
2761 64.340092 
2762 64.339689 
2763 64.338112 
2764 64.336802 
2765 64.336389 
2766 64.336335 
2767 64.334658 
2768 64.333879 
2769 64.333185 
2770 64.332609 
2771 64.332337 
2772 64.327358 
2773 64.326517 
2774 64.325981 
2775 64.325365 
2776 64.324097 
2777 64.323472 
2778 64.323059 
2779 64.322361 
2780 64.321835 
2781 64.321467 
2782 64.321094 
2783 64.320823 
2784 64.320394 
2785 64.319418 
2786 64.31879 
2787 64.317766 
2788 64.317006 
2789 64.316085 
2790 64.315363 
2791 64.314135 
2792 64.313443 
2793 64.312489 
2794 64.311218 
2795 64.309491 
2796 64.308628 
2797 64.306736 
2798 64.29663 
2799 64.296614 
2800 64.296623 
2801 64.296352 
2802 64.295338 
2803 64.295332 
2804 64.294733 
2805 64.294398 
2806 64.294375 
2807 64.294324 
2808 64.29409 
2809 64.294068 
2810 64.294008 
2811 64.293957 
2812 64.293918 
2813 64.293808 
2814 64.29378 
2815 64.293754 
2816 64.293701 
2817 64.293615 
2818 64.293535 
2819 64.293493 
2820 64.293443 
2821 64.293384 
2822 64.293354 
2823 64.293323 
2824 64.293288 
2825 64.293244 
2826 64.293206 
2827 64.293138 
2828 64.293104 
2829 64.293074 
2830 64.293009 
2831 64.292959 
2832 64.292891 
2833 64.292839 
2834 64.292776 
2835 64.292693 
2836 64.29265 
2837 64.292434 
2838 64.292385 
2839 64.292244 
2840 64.292152 
2841 64.292017 
2842 64.291895 
2843 64.291827 
2844 64.291636 
2845 64.291411 
2846 64.291095 
2847 64.290861 
2848 64.290593 
2849 64.289799 
2850 64.216608 
2851 64.212897 
2852 64.197391 
2853 64.190862 
2854 64.19087 
2855 64.190802 
2856 64.190217 
2857 64.187676 
2858 64.187179 
2859 64.18703 
2860 64.182447 
2861 64.179565 
2862 64.174897 
2863 64.172105 
2864 64.169936 
2865 64.167088 
2866 64.164289 
2867 64.161802 
2868 64.158204 
2869 64.155427 
2870 64.155431 
2871 64.15538 
2872 64.155353 
2873 64.155335 
2874 64.155327 
2875 64.155322 
2876 64.155316 
2877 64.155082 
2878 64.154987 
2879 64.154974 
2880 64.154889 
2881 64.154809 
2882 64.154653 
2883 64.154608 
2884 64.154597 
2885 64.154538 
2886 64.154451 
2887 64.154365 
2888 64.15431 
2889 64.154252 
2890 64.154227 
2891 64.154152 
2892 64.154068 
2893 64.153896 
2894 64.153762 
2895 64.153683 
2896 64.153626 
2897 64.153602 
2898 64.153545 
2899 64.153478 
2900 64.153353 
2901 64.153315 
2902 64.153295 
2903 64.153259 
2904 64.153177 
2905 64.153117 
2906 64.153053 
2907 64.153026 
2908 64.152974 
2909 64.152845 
2910 64.152793 
2911 64.152365 
2912 64.152259 
2913 64.152164 
2914 64.152086 
2915 64.151898 
2916 64.151784 
2917 64.151506 
2918 64.151404 
2919 64.150926 
2920 64.150643 
2921 64.150382 
2922 64.150222 
2923 64.150006 
2924 64.149701 
2925 64.14928 
2926 64.149 
2927 64.14886 
2928 64.14844 
2929 64.147683 
2930 64.146834 
2931 64.146257 
2932 64.145771 
2933 64.145285 
2934 64.144669 
2935 64.144217 
2936 64.143531 
2937 64.143272 
2938 64.142809 
2939 64.141807 
2940 64.140886 
2941 64.140237 
2942 64.139332 
2943 64.138479 
2944 64.136435 
2945 64.134949 
2946 64.133756 
2947 64.133018 
2948 64.132445 
2949 64.129984 
2950 64.125424 
2951 64.122929 
2952 64.116674 
2953 64.116648 
2954 64.116653 
2955 64.114527 
2956 64.11383 
2957 64.113059 
2958 64.111757 
2959 64.110307 
2960 64.109587 
2961 64.109228 
2962 64.108858 
2963 64.108473 
2964 64.108119 
2965 64.107771 
2966 64.10718 
2967 64.106699 
2968 64.10619 
2969 64.105558 
2970 64.10458 
2971 64.102064 
2972 64.049204 
2973 64.041528 
2974 64.040897 
2975 64.040301 
2976 64.037138 
2977 64.035298 
2978 64.033032 
2979 64.029558 
2980 64.027343 
2981 64.014736 
2982 64.013202 
2983 64.011898 
2984 64.010796 
2985 64.009484 
2986 64.008466 
2987 64.007709 
2988 64.006674 
2989 64.005811 
2990 64.005451 
2991 64.004798 
2992 64.00408 
2993 64.003406 
2994 64.00284 
2995 64.002301 
2996 64.001736 
2997 64.001324 
2998 64.000665 
2999 63.999842 
3000 63.999489 
3001 63.998738 
3002 63.997947 
3003 63.996999 
3004 63.996333 
3005 63.995497 
3006 63.994851 
3007 63.993961 
3008 63.992598 
3009 63.991123 
3010 63.989972 
3011 63.988775 
3012 63.987161 
3013 63.985674 
3014 63.984503 
3015 63.983483 
3016 63.982563 
3017 63.978054 
3018 63.970968 
3019 63.960281 
3020 63.960145 
3021 63.951359 
3022 63.948946 
3023 63.946301 
3024 63.945576 
3025 63.944555 
3026 63.942374 
3027 63.941806 
3028 63.94006 
3029 63.939195 
3030 63.9383 
3031 63.937489 
3032 63.936338 
3033 63.935836 
3034 63.935483 
3035 63.935185 
3036 63.934906 
3037 63.934401 
3038 63.934027 
3039 63.9335 
3040 63.93299 
3041 63.932436 
3042 63.931963 
3043 63.931161 
3044 63.930771 
3045 63.930244 
3046 63.929745 
3047 63.929166 
3048 63.928217 
3049 63.927724 
3050 63.926719 
3051 63.925792 
3052 63.924433 
3053 63.921875 
3054 63.92033 
3055 63.918894 
3056 63.917328 
3057 63.915513 
3058 63.901856 
3059 63.901695 
3060 63.901582 
3061 63.897841 
3062 63.896621 
3063 63.895456 
3064 63.89509 
3065 63.893949 
3066 63.892467 
3067 63.890735 
3068 63.889081 
3069 63.887388 
3070 63.886854 
3071 63.885915 
3072 63.884764 
3073 63.884141 
3074 63.883752 
3075 63.883361 
3076 63.882984 
3077 63.882576 
3078 63.882154 
3079 63.88178 
3080 63.881337 
3081 63.880744 
3082 63.880154 
3083 63.879141 
3084 63.878315 
3085 63.877443 
3086 63.876792 
3087 63.87584 
3088 63.87502 
3089 63.874069 
3090 63.871606 
3091 63.87044 
3092 63.865728 
3093 63.864676 
3094 63.864675 
3095 63.864398 
3096 63.863595 
3097 63.863311 
3098 63.863191 
3099 63.862731 
3100 63.862593 
3101 63.86244 
3102 63.862354 
3103 63.862145 
3104 63.862031 
3105 63.861484 
3106 63.860997 
3107 63.860878 
3108 63.86066 
3109 63.860297 
3110 63.86016 
3111 63.859952 
3112 63.859851 
3113 63.859791 
3114 63.85975 
3115 63.859678 
3116 63.859611 
3117 63.859563 
3118 63.859424 
3119 63.859397 
3120 63.859362 
3121 63.859312 
3122 63.859284 
3123 63.859236 
3124 63.859183 
3125 63.85914 
3126 63.859107 
3127 63.859073 
3128 63.859024 
3129 63.858968 
3130 63.858926 
3131 63.858868 
3132 63.858806 
3133 63.85876 
3134 63.858716 
3135 63.858681 
3136 63.858616 
3137 63.85853 
3138 63.858457 
3139 63.858401 
3140 63.858359 
3141 63.858303 
3142 63.858243 
3143 63.85816 
3144 63.858053 
3145 63.858023 
3146 63.857907 
3147 63.857847 
3148 63.857765 
3149 63.857727 
3150 63.857566 
3151 63.857192 
3152 63.857073 
3153 63.856948 
3154 63.855927 
3155 63.855037 
3156 63.853472 
3157 63.849298 
3158 63.8493 
3159 63.849001 
3160 63.84897 
3161 63.847592 
3162 63.847148 
3163 63.846985 
3164 63.846512 
3165 63.846398 
3166 63.845711 
3167 63.845086 
3168 63.844806 
3169 63.843573 
3170 63.84315 
3171 63.842736 
3172 63.842381 
3173 63.842148 
3174 63.841901 
3175 63.841744 
3176 63.841558 
3177 63.841416 
3178 63.840957 
3179 63.840797 
3180 63.840653 
3181 63.840559 
3182 63.840467 
3183 63.840366 
3184 63.84028 
3185 63.840186 
3186 63.8401 
3187 63.839977 
3188 63.839925 
3189 63.839824 
3190 63.839751 
3191 63.839676 
3192 63.839565 
3193 63.839495 
3194 63.839415 
3195 63.839291 
3196 63.839152 
3197 63.839044 
3198 63.838851 
3199 63.83858 
3200 63.838429 
3201 63.838136 
3202 63.837917 
3203 63.83778 
3204 63.837539 
3205 63.837217 
3206 63.83682 
3207 63.836638 
3208 63.836187 
3209 63.835595 
3210 63.834473 
3211 63.831339 
3212 63.827662 
3213 63.821516 
3214 63.817288 
3215 63.815797 
3216 63.814899 
3217 63.814797 
3218 63.814438 
3219 63.814283 
3220 63.813712 
3221 63.812634 
3222 63.812117 
3223 63.811971 
3224 63.811026 
3225 63.810858 
3226 63.810793 
3227 63.81074 
3228 63.810715 
3229 63.810678 
3230 63.810553 
3231 63.81051 
3232 63.810471 
3233 63.810327 
3234 63.810303 
3235 63.810271 
3236 63.810251 
3237 63.810173 
3238 63.81011 
3239 63.810077 
3240 63.809973 
3241 63.809921 
3242 63.809884 
3243 63.809851 
3244 63.809773 
3245 63.809749 
3246 63.809694 
3247 63.809577 
3248 63.809537 
3249 63.809502 
3250 63.809458 
3251 63.809441 
3252 63.809401 
3253 63.809357 
3254 63.809309 
3255 63.809246 
3256 63.809229 
3257 63.809182 
3258 63.80915 
3259 63.809079 
3260 63.809016 
3261 63.808995 
3262 63.808934 
3263 63.808865 
3264 63.808819 
3265 63.808732 
3266 63.808704 
3267 63.808684 
3268 63.808657 
3269 63.808576 
3270 63.808519 
3271 63.808461 
3272 63.808361 
3273 63.808243 
3274 63.808118 
3275 63.808067 
3276 63.807938 
3277 63.807831 
3278 63.807767 
3279 63.807561 
3280 63.80742 
3281 63.807161 
3282 63.805991 
3283 63.805221 
3284 63.80224 
3285 63.802246 
3286 63.802242 
3287 63.801864 
3288 63.801719 
3289 63.801436 
3290 63.801031 
3291 63.800708 
3292 63.800515 
3293 63.800342 
3294 63.800066 
3295 63.799776 
3296 63.799271 
3297 63.798843 
3298 63.797403 
3299 63.797232 
3300 63.796171 
3301 63.795796 
3302 63.795253 
3303 63.794718 
3304 63.794103 
3305 63.793875 
3306 63.793684 
3307 63.793539 
3308 63.793401 
3309 63.793267 
3310 63.793178 
3311 63.793014 
3312 63.79282 
3313 63.79255 
3314 63.792186 
3315 63.791859 
3316 63.791406 
3317 63.791146 
3318 63.790799 
3319 63.790582 
3320 63.789705 
3321 63.78817 
3322 63.788159 
3323 63.788049 
3324 63.788054 
3325 63.78689 
3326 63.786651 
3327 63.78662 
3328 63.785328 
3329 63.785069 
3330 63.785031 
3331 63.784978 
3332 63.784726 
3333 63.784685 
3334 63.784497 
3335 63.784421 
3336 63.784283 
3337 63.784226 
3338 63.784165 
3339 63.78411 
3340 63.784055 
3341 63.783955 
3342 63.783902 
3343 63.78383 
3344 63.783793 
3345 63.783705 
3346 63.783648 
3347 63.783596 
3348 63.783547 
3349 63.783443 
3350 63.783393 
3351 63.783262 
3352 63.783211 
3353 63.783125 
3354 63.78305 
3355 63.782886 
3356 63.782802 
3357 63.782662 
3358 63.782375 
3359 63.781751 
3360 63.781241 
3361 63.778541 
3362 63.625746 
3363 63.521123 
3364 63.50796 
3365 63.5042 
3366 63.49959 
3367 63.496829 
3368 63.49397 
3369 63.491837 
3370 63.48936 
3371 63.486557 
3372 63.485362 
3373 63.482985 
3374 63.481762 
3375 63.480363 
3376 63.479104 
3377 63.477459 
3378 63.475615 
3379 63.474693 
3380 63.472904 
3381 63.470587 
3382 63.469153 
3383 63.467891 
3384 63.46604 
3385 63.464602 
3386 63.462316 
3387 63.459907 
3388 63.457731 
3389 63.453265 
3390 63.447804 
3391 63.44513 
3392 63.442222 
3393 63.437776 
3394 63.431943 
3395 63.426488 
3396 63.405186 
3397 63.405166 
3398 63.404083 
3399 63.40408 
3400 63.400716 
3401 63.399103 
3402 63.398793 
3403 63.397843 
3404 63.397309 
3405 63.396647 
3406 63.396098 
3407 63.395561 
3408 63.395324 
3409 63.395114 
3410 63.39486 
3411 63.394644 
3412 63.394355 
3413 63.394144 
3414 63.394002 
3415 63.393766 
3416 63.393599 
3417 63.393361 
3418 63.393095 
3419 63.3929 
3420 63.392648 
3421 63.392449 
3422 63.392264 
3423 63.391808 
3424 63.391329 
3425 63.391132 
3426 63.390578 
3427 63.390439 
3428 63.390151 
3429 63.389632 
3430 63.388723 
3431 63.388243 
3432 63.387201 
3433 63.385329 
3434 63.383148 
3435 63.276565 
3436 63.265501 
3437 63.218463 
3438 63.218164 
3439 63.208878 
3440 63.208831 
3441 63.207779 
3442 63.203152 
3443 63.194596 
3444 63.194469 
3445 63.190799 
3446 63.187419 
3447 63.18655 
3448 63.181282 
3449 63.176168 
3450 63.173922 
3451 63.173161 
3452 63.171084 
3453 63.170444 
3454 63.170145 
3455 63.169573 
3456 63.168266 
3457 63.167696 
3458 63.166013 
3459 63.164329 
3460 63.1634 
3461 63.160753 
3462 63.159318 
3463 63.15831 
3464 63.157043 
3465 63.155826 
3466 63.153644 
3467 63.152878 
3468 63.152063 
3469 63.151275 
3470 63.150455 
3471 63.148463 
3472 63.14708 
3473 63.146071 
3474 63.144804 
3475 63.143926 
3476 63.143329 
3477 63.142559 
3478 63.142142 
3479 63.141187 
3480 63.139204 
3481 63.137511 
3482 63.135442 
3483 63.134543 
3484 63.133107 
3485 63.131659 
3486 63.130301 
3487 63.126745 
3488 63.121291 
3489 63.11844 
3490 63.114614 
3491 63.111613 
3492 63.109861 
3493 63.106258 
3494 63.103178 
3495 63.092737 
3496 63.078768 
3497 63.078768 
3498 63.078538 
3499 63.078484 
3500 63.078384 
3501 63.078326 
3502 63.078161 
3503 63.078134 
3504 63.0781 
3505 63.078062 
3506 63.077939 
3507 63.077833 
3508 63.077761 
3509 63.077699 
3510 63.077597 
3511 63.07752 
3512 63.077394 
3513 63.077361 
3514 63.077295 
3515 63.077252 
3516 63.077227 
3517 63.077198 
3518 63.077179 
3519 63.077158 
3520 63.077124 
3521 63.077101 
3522 63.077081 
3523 63.077062 
3524 63.077037 
3525 63.077016 
3526 63.077001 
3527 63.076982 
3528 63.076963 
3529 63.076914 
3530 63.076903 
3531 63.076864 
3532 63.07684 
3533 63.076806 
3534 63.07678 
3535 63.076759 
3536 63.076701 
3537 63.076672 
3538 63.076653 
3539 63.076629 
3540 63.076609 
3541 63.07659 
3542 63.07657 
3543 63.076545 
3544 63.076536 
3545 63.076511 
3546 63.076492 
3547 63.076423 
3548 63.0764 
3549 63.076354 
3550 63.076343 
3551 63.076311 
3552 63.076284 
3553 63.076248 
3554 63.076188 
3555 63.076133 
3556 63.076085 
3557 63.076042 
3558 63.075897 
3559 63.075756 
3560 63.075711 
3561 63.075647 
3562 63.075424 
3563 63.075305 
3564 63.073222 
3565 63.072803 
3566 63.072807 
3567 63.07199 
3568 63.071957 
3569 63.07184 
3570 63.071287 
3571 63.071133 
3572 63.071123 
3573 63.070726 
3574 63.069829 
3575 63.069682 
3576 63.069603 
3577 63.06949 
3578 63.069354 
3579 63.069318 
3580 63.069237 
3581 63.068811 
3582 63.068667 
3583 63.068628 
3584 63.068591 
3585 63.068537 
3586 63.068209 
3587 63.068171 
3588 63.068137 
3589 63.06804 
3590 63.067928 
3591 63.06788 
3592 63.06773 
3593 63.067626 
3594 63.067588 
3595 63.067535 
3596 63.067502 
3597 63.067471 
3598 63.067431 
3599 63.067401 
3600 63.067332 
3601 63.06728 
3602 63.067251 
3603 63.067229 
3604 63.067179 
3605 63.067133 
3606 63.067122 
3607 63.067107 
3608 63.067071 
3609 63.067045 
3610 63.067022 
3611 63.067 
3612 63.066937 
3613 63.066903 
3614 63.06686 
3615 63.066834 
3616 63.066806 
3617 63.066792 
3618 63.066722 
3619 63.06666 
3620 63.066593 
3621 63.066564 
3622 63.066534 
3623 63.066504 
3624 63.066471 
3625 63.066432 
3626 63.066406 
3627 63.066365 
3628 63.066292 
3629 63.066219 
3630 63.066176 
3631 63.06609 
3632 63.06599 
3633 63.065901 
3634 63.065751 
3635 63.065558 
3636 63.065264 
3637 63.065216 
3638 63.065005 
3639 63.064768 
3640 63.064401 
3641 63.06407 
3642 63.063841 
3643 63.063463 
3644 63.063157 
3645 63.062993 
3646 63.062424 
3647 63.062097 
3648 63.061726 
3649 63.061294 
3650 63.060359 
3651 63.057941 
3652 62.959812 
3653 62.946656 
3654 62.944422 
3655 62.941038 
3656 62.932966 
3657 62.932934 
3658 62.932941 
3659 62.932211 
3660 62.931537 
3661 62.929521 
3662 62.927914 
3663 62.926061 
3664 62.921691 
3665 62.91735 
3666 62.913847 
3667 62.910655 
3668 62.909298 
3669 62.907645 
3670 62.906442 
3671 62.905526 
3672 62.904394 
3673 62.903113 
3674 62.902191 
3675 62.901285 
3676 62.900354 
3677 62.899336 
3678 62.898005 
3679 62.896597 
3680 62.8952 
3681 62.894261 
3682 62.893383 
3683 62.891818 
3684 62.889975 
3685 62.88819 
3686 62.887223 
3687 62.884818 
3688 62.883744 
3689 62.883102 
3690 62.880963 
3691 62.878507 
3692 62.876112 
3693 62.873085 
3694 62.868843 
3695 62.86251 
3696 62.855054 
3697 62.820619 
3698 62.796057 
3699 62.788419 
3700 62.784024 
3701 62.779124 
3702 62.775323 
3703 62.772618 
3704 62.770591 
3705 62.768744 
3706 62.767489 
3707 62.76579 
3708 62.764681 
3709 62.763164 
3710 62.761841 
3711 62.760396 
3712 62.758723 
3713 62.756962 
3714 62.754654 
3715 62.752631 
3716 62.751022 
3717 62.748851 
3718 62.74508 
3719 62.740445 
3720 62.724202 
3721 62.724193 
3722 62.723824 
3723 62.72383 
3724 62.723736 
3725 62.723051 
3726 62.722311 
3727 62.721803 
3728 62.721509 
3729 62.721261 
3730 62.721043 
3731 62.720811 
3732 62.720656 
3733 62.720516 
3734 62.720393 
3735 62.720249 
3736 62.720038 
3737 62.719865 
3738 62.719527 
3739 62.719036 
3740 62.718337 
3741 62.713624 
3742 62.713419 
3743 62.713422 
3744 62.711349 
3745 62.710901 
3746 62.710012 
3747 62.709214 
3748 62.708523 
3749 62.708083 
3750 62.707919 
3751 62.706956 
3752 62.706786 
3753 62.706505 
3754 62.705298 
3755 62.704695 
3756 62.704421 
3757 62.70405 
3758 62.703542 
3759 62.702853 
3760 62.702303 
3761 62.702101 
3762 62.701771 
3763 62.701467 
3764 62.700747 
3765 62.700633 
3766 62.700306 
3767 62.70008 
3768 62.699872 
3769 62.699785 
3770 62.699678 
3771 62.699557 
3772 62.699356 
3773 62.69915 
3774 62.699053 
3775 62.698943 
3776 62.698847 
3777 62.698705 
3778 62.698517 
3779 62.69838 
3780 62.69809 
3781 62.698019 
3782 62.697909 
3783 62.697772 
3784 62.697572 
3785 62.697415 
3786 62.697325 
3787 62.697234 
3788 62.697067 
3789 62.696919 
3790 62.696802 
3791 62.696646 
3792 62.696539 
3793 62.696403 
3794 62.696315 
3795 62.69613 
3796 62.696012 
3797 62.695924 
3798 62.695551 
3799 62.695331 
3800 62.69513 
3801 62.695045 
3802 62.694771 
3803 62.694655 
3804 62.694478 
3805 62.694241 
3806 62.694127 
3807 62.693708 
3808 62.693542 
3809 62.693311 
3810 62.693177 
3811 62.693007 
3812 62.692726 
3813 62.69216 
3814 62.691724 
3815 62.691458 
3816 62.691024 
3817 62.690386 
3818 62.689474 
3819 62.688841 
3820 62.687786 
3821 62.686686 
3822 62.684422 
3823 62.681927 
3824 62.657869 
3825 62.642067 
3826 62.634864 
3827 62.634857 
3828 62.63278 
3829 62.628062 
3830 62.627523 
3831 62.627312 
3832 62.624943 
3833 62.624862 
3834 62.621729 
3835 62.620718 
3836 62.620389 
3837 62.619928 
3838 62.617299 
3839 62.616353 
3840 62.616015 
3841 62.615742 
3842 62.615218 
3843 62.61458 
3844 62.613195 
3845 62.612466 
3846 62.611756 
3847 62.609982 
3848 62.609849 
3849 62.608918 
3850 62.607956 
3851 62.607836 
3852 62.60751 
3853 62.606917 
3854 62.605746 
3855 62.605515 
3856 62.605274 
3857 62.604697 
3858 62.604171 
3859 62.603896 
3860 62.603694 
3861 62.603472 
3862 62.60326 
3863 62.603005 
3864 62.602634 
3865 62.602215 
3866 62.602025 
3867 62.601929 
3868 62.601738 
3869 62.601479 
3870 62.601193 
3871 62.600981 
3872 62.600687 
3873 62.600261 
3874 62.599952 
3875 62.599801 
3876 62.599529 
3877 62.599166 
3878 62.599037 
3879 62.598473 
3880 62.598163 
3881 62.597924 
3882 62.597345 
3883 62.597026 
3884 62.596893 
3885 62.596628 
3886 62.596481 
3887 62.596303 
3888 62.595978 
3889 62.595566 
3890 62.595314 
3891 62.595033 
3892 62.594705 
3893 62.594372 
3894 62.594083 
3895 62.593535 
3896 62.59321 
3897 62.592655 
3898 62.591989 
3899 62.591699 
3900 62.590849 
3901 62.590016 
3902 62.589041 
3903 62.588591 
3904 62.588026 
3905 62.586444 
3906 62.585276 
3907 62.584072 
3908 62.583078 
3909 62.581751 
3910 62.580211 
3911 62.578874 
3912 62.57374 
3913 62.569338 
3914 62.560868 
3915 62.547741 
3916 62.547735 
3917 62.546054 
3918 62.546045 
3919 62.544764 
3920 62.544461 
3921 62.544067 
3922 62.543872 
3923 62.543645 
3924 62.543482 
3925 62.543298 
3926 62.543142 
3927 62.543013 
3928 62.5429 
3929 62.542773 
3930 62.542603 
3931 62.542334 
3932 62.542238 
3933 62.542019 
3934 62.541829 
3935 62.541613 
3936 62.541335 
3937 62.540892 
3938 62.540517 
3939 62.540141 
3940 62.539533 
3941 62.539185 
3942 62.538497 
3943 62.537755 
3944 62.537758 
3945 62.536661 
3946 62.536655 
3947 62.53591 
3948 62.535719 
3949 62.535691 
3950 62.53567 
3951 62.535633 
3952 62.535616 
3953 62.535586 
3954 62.535572 
3955 62.535537 
3956 62.535506 
3957 62.535483 
3958 62.535453 
3959 62.53544 
3960 62.535419 
3961 62.535397 
3962 62.535389 
3963 62.535358 
3964 62.535351 
3965 62.535343 
3966 62.535322 
3967 62.535308 
3968 62.535298 
3969 62.535278 
3970 62.53527 
3971 62.535263 
3972 62.535247 
3973 62.535237 
3974 62.535228 
3975 62.535202 
3976 62.535183 
3977 62.53517 
3978 62.535159 
3979 62.535138 
3980 62.535132 
3981 62.535124 
3982 62.535106 
3983 62.535096 
3984 62.535084 
3985 62.535073 
3986 62.535064 
3987 62.535044 
3988 62.535032 
3989 62.535017 
3990 62.535004 
3991 62.534974 
3992 62.534961 
3993 62.534944 
3994 62.53489 
3995 62.534865 
3996 62.534836 
3997 62.53479 
3998 62.53477 
3999 62.534725 
4000 62.534674 
4001 62.534654 
4002 62.534624 
4003 62.534566 
4004 62.534542 
4005 62.534489 
4006 62.534453 
4007 62.534404 
4008 62.534383 
4009 62.534328 
4010 62.534302 
4011 62.534228 
4012 62.534197 
4013 62.534135 
4014 62.533958 
4015 62.533811 
4016 62.533153 
4017 62.498667 
4018 62.498536 
4019 62.476522 
4020 62.472993 
4021 62.470444 
4022 62.469752 
4023 62.466636 
4024 62.465683 
4025 62.464847 
4026 62.463422 
4027 62.463151 
4028 62.462702 
4029 62.46199 
4030 62.461607 
4031 62.460991 
4032 62.460372 
4033 62.45978 
4034 62.459456 
4035 62.45915 
4036 62.458789 
4037 62.458441 
4038 62.458204 
4039 62.457857 
4040 62.457571 
4041 62.457113 
4042 62.456897 
4043 62.456521 
4044 62.456271 
4045 62.456034 
4046 62.455676 
4047 62.455371 
4048 62.455065 
4049 62.454514 
4050 62.454165 
4051 62.453611 
4052 62.453141 
4053 62.452736 
4054 62.452488 
4055 62.45202 
4056 62.45099 
4057 62.450304 
4058 62.449656 
4059 62.449029 
4060 62.447942 
4061 62.447689 
4062 62.447091 
4063 62.446855 
4064 62.445939 
4065 62.444562 
4066 62.443626 
4067 62.442751 
4068 62.442015 
4069 62.440783 
4070 62.439655 
4071 62.43203 
4072 62.431984 
4073 62.43199 
4074 62.431952 
4075 62.430622 
4076 62.430338 
4077 62.430143 
4078 62.429994 
4079 62.429968 
4080 62.429676 
4081 62.429481 
4082 62.429403 
4083 62.429256 
4084 62.429108 
4085 62.429018 
4086 62.428972 
4087 62.428761 
4088 62.428668 
4089 62.428512 
4090 62.428393 
4091 62.428348 
4092 62.428305 
4093 62.428266 
4094 62.428181 
4095 62.428143 
4096 62.428044 
4097 62.428022 
4098 62.427994 
4099 62.427967 
4100 62.427925 
4101 62.427906 
4102 62.427875 
4103 62.427833 
4104 62.427807 
4105 62.427763 
4106 62.427743 
4107 62.427709 
4108 62.42766 
4109 62.427619 
4110 62.42758 
4111 62.4275 
4112 62.42746 
4113 62.427428 
4114 62.427402 
4115 62.427371 
4116 62.427327 
4117 62.427273 
4118 62.427226 
4119 62.427205 
4120 62.42717 
4121 62.427062 
4122 62.427022 
4123 62.426971 
4124 62.426922 
4125 62.426823 
4126 62.426733 
4127 62.426654 
4128 62.426611 
4129 62.426494 
4130 62.426398 
4131 62.426075 
4132 62.425849 
4133 62.425591 
4134 62.425405 
4135 62.424906 
4136 62.424412 
4137 62.401823 
4138 62.401825 
4139 62.396853 
4140 62.394918 
4141 62.392494 
4142 62.392355 
4143 62.386878 
4144 62.383962 
4145 62.379111 
4146 62.376569 
4147 62.375356 
4148 62.37474 
4149 62.372912 
4150 62.370525 
4151 62.368461 
4152 62.367148 
4153 62.365978 
4154 62.364557 
4155 62.363067 
4156 62.362173 
4157 62.3613 
4158 62.360484 
4159 62.359739 
4160 62.358718 
4161 62.357601 
4162 62.356155 
4163 62.355299 
4164 62.353882 
4165 62.352475 
4166 62.350266 
4167 62.348678 
4168 62.34676 
4169 62.343333 
4170 62.340587 
4171 62.338669 
4172 62.334408 
4173 62.327254 
4174 62.327247 
4175 62.326686 
4176 62.326232 
4177 62.325781 
4178 62.325525 
4179 62.3254 
4180 62.325316 
4181 62.325207 
4182 62.325135 
4183 62.325052 
4184 62.324988 
4185 62.324907 
4186 62.324814 
4187 62.32475 
4188 62.324682 
4189 62.324597 
4190 62.324549 
4191 62.324482 
4192 62.324428 
4193 62.324373 
4194 62.324318 
4195 62.324246 
4196 62.324179 
4197 62.324081 
4198 62.324 
4199 62.323921 
4200 62.323851 
4201 62.323747 
4202 62.323597 
4203 62.323505 
4204 62.323304 
4205 62.323107 
4206 62.322916 
4207 62.322478 
4208 62.321888 
4209 62.310834 
4210 62.310812 
4211 62.310818 
4212 62.30463 
4213 62.303556 
4214 62.299955 
4215 62.296486 
4216 62.295194 
4217 62.291978 
4218 62.290014 
4219 62.288701 
4220 62.287734 
4221 62.287101 
4222 62.285428 
4223 62.284303 
4224 62.281598 
4225 62.280814 
4226 62.27879 
4227 62.278276 
4228 62.27673 
4229 62.276007 
4230 62.274939 
4231 62.274671 
4232 62.273739 
4233 62.2732 
4234 62.272653 
4235 62.272326 
4236 62.271925 
4237 62.271618 
4238 62.271254 
4239 62.271036 
4240 62.270753 
4241 62.270226 
4242 62.269697 
4243 62.269195 
4244 62.268638 
4245 62.268027 
4246 62.267195 
4247 62.266847 
4248 62.266503 
4249 62.26614 
4250 62.265762 
4251 62.265428 
4252 62.265003 
4253 62.264529 
4254 62.264197 
4255 62.263843 
4256 62.263084 
4257 62.262667 
4258 62.262185 
4259 62.261608 
4260 62.260804 
4261 62.260387 
4262 62.259543 
4263 62.258952 
4264 62.25863 
4265 62.258114 
4266 62.257425 
4267 62.256422 
4268 62.255551 
4269 62.254546 
4270 62.253039 
4271 62.249519 
4272 62.249515 
4273 62.249026 
4274 62.248811 
4275 62.248816 
4276 62.248653 
4277 62.248398 
4278 62.24825 
4279 62.248213 
4280 62.248207 
4281 62.24755 
4282 62.247242 
4283 62.247149 
4284 62.247072 
4285 62.246974 
4286 62.24692 
4287 62.246857 
4288 62.246774 
4289 62.246718 
4290 62.246642 
4291 62.246563 
4292 62.246473 
4293 62.246404 
4294 62.246349 
4295 62.246275 
4296 62.246198 
4297 62.24613 
4298 62.246044 
4299 62.24598 
4300 62.245923 
4301 62.245833 
4302 62.245776 
4303 62.245731 
4304 62.245666 
4305 62.245614 
4306 62.245506 
4307 62.245441 
4308 62.245302 
4309 62.24514 
4310 62.244969 
4311 62.244714 
4312 62.244367 
4313 62.24396 
4314 62.243308 
4315 62.229936 
4316 62.229902 
4317 62.229907 
4318 62.225243 
4319 62.224498 
4320 62.224212 
4321 62.222493 
4322 62.221652 
4323 62.22051 
4324 62.219479 
4325 62.218402 
4326 62.217771 
4327 62.217183 
4328 62.216623 
4329 62.216197 
4330 62.215522 
4331 62.214931 
4332 62.214235 
4333 62.213388 
4334 62.212528 
4335 62.210976 
4336 62.209226 
4337 62.20708 
4338 62.195494 
4339 62.195447 
4340 62.194557 
4341 62.19456 
4342 62.19386 
4343 62.192136 
4344 62.189193 
4345 62.188964 
4346 62.187798 
4347 62.18682 
4348 62.185786 
4349 62.184921 
4350 62.184733 
4351 62.18448 
4352 62.184282 
4353 62.183054 
4354 62.1827 
4355 62.182461 
4356 62.182288 
4357 62.18182 
4358 62.181613 
4359 62.18093 
4360 62.180808 
4361 62.180476 
4362 62.180405 
4363 62.180296 
4364 62.180156 
4365 62.180114 
4366 62.179983 
4367 62.179924 
4368 62.179839 
4369 62.179773 
4370 62.179707 
4371 62.179595 
4372 62.179538 
4373 62.179438 
4374 62.179372 
4375 62.179313 
4376 62.179189 
4377 62.179119 
4378 62.179029 
4379 62.178968 
4380 62.178923 
4381 62.178875 
4382 62.178734 
4383 62.178684 
4384 62.178617 
4385 62.178507 
4386 62.178433 
4387 62.178289 
4388 62.17813 
4389 62.177887 
4390 62.177642 
4391 62.177388 
4392 62.177122 
4393 62.176965 
4394 62.176654 
4395 62.176495 
4396 62.176254 
4397 62.175881 
4398 62.175635 
4399 62.175507 
4400 62.175326 
4401 62.174787 
4402 62.174408 
4403 62.17385 
4404 62.173456 
4405 62.173074 
4406 62.172665 
4407 62.172216 
4408 62.171548 
4409 62.171162 
4410 62.170631 
4411 62.169475 
4412 62.168291 
4413 62.166507 
4414 62.158951 
4415 62.158922 
4416 62.158812 
4417 62.15882 
4418 62.158485 
4419 62.158172 
4420 62.157906 
4421 62.156713 
4422 62.156416 
4423 62.156246 
4424 62.156036 
4425 62.155903 
4426 62.155774 
4427 62.155663 
4428 62.155531 
4429 62.15537 
4430 62.155113 
4431 62.154977 
4432 62.154767 
4433 62.15441 
4434 62.154144 
4435 62.153671 
4436 62.153274 
4437 62.152227 
4438 62.149148 
4439 62.149148 
4440 62.146988 
4441 62.146751 
4442 62.146706 
4443 62.146635 
4444 62.146611 
4445 62.146576 
4446 62.146526 
4447 62.146498 
4448 62.146491 
4449 62.146462 
4450 62.146412 
4451 62.146374 
4452 62.146367 
4453 62.14636 
4454 62.146331 
4455 62.146318 
4456 62.146311 
4457 62.146299 
4458 62.146293 
4459 62.146275 
4460 62.14626 
4461 62.146251 
4462 62.146244 
4463 62.14622 
4464 62.1462 
4465 62.146183 
4466 62.146175 
4467 62.146155 
4468 62.146147 
4469 62.146125 
4470 62.146121 
4471 62.14611 
4472 62.146099 
4473 62.146094 
4474 62.146082 
4475 62.146078 
4476 62.146072 
4477 62.146062 
4478 62.146055 
4479 62.146048 
4480 62.146031 
4481 62.146027 
4482 62.146008 
4483 62.145999 
4484 62.145988 
4485 62.14596 
4486 62.145955 
4487 62.145945 
4488 62.145938 
4489 62.145922 
4490 62.145911 
4491 62.145889 
4492 62.145865 
4493 62.145839 
4494 62.145826 
4495 62.145804 
4496 62.145799 
4497 62.145778 
4498 62.145769 
4499 62.145756 
4500 62.14575 
4501 62.145732 
4502 62.145719 
4503 62.145678 
4504 62.14563 
4505 62.145605 
4506 62.145583 
4507 62.145562 
4508 62.145538 
4509 62.145523 
4510 62.145498 
4511 62.145486 
4512 62.145479 
4513 62.145458 
4514 62.145432 
4515 62.145422 
4516 62.145401 
4517 62.145384 
4518 62.145372 
4519 62.145359 
4520 62.145341 
4521 62.145321 
4522 62.14526 
4523 62.145223 
4524 62.145194 
4525 62.145155 
4526 62.145147 
4527 62.14513 
4528 62.145077 
4529 62.145059 
4530 62.144832 
4531 62.14475 
4532 62.144612 
4533 62.14439 
4534 62.14032 
4535 62.131639 
4536 62.130516 
4537 62.129565 
4538 62.127965 
4539 62.12602 
4540 62.125005 
4541 62.122588 
4542 62.120576 
4543 62.120411 
4544 62.115087 
4545 62.112077 
4546 62.111674 
4547 62.111532 
4548 62.111137 
4549 62.110497 
4550 62.109845 
4551 62.109377 
4552 62.108816 
4553 62.108395 
4554 62.108105 
4555 62.107881 
4556 62.107384 
4557 62.107001 
4558 62.106694 
4559 62.106463 
4560 62.106072 
4561 62.105505 
4562 62.105228 
4563 62.104866 
4564 62.104456 
4565 62.103933 
4566 62.103535 
4567 62.103095 
4568 62.102716 
4569 62.102347 
4570 62.102125 
4571 62.101934 
4572 62.101412 
4573 62.101041 
4574 62.100549 
4575 62.100266 
4576 62.099553 
4577 62.099214 
4578 62.098974 
4579 62.098368 
4580 62.098179 
4581 62.097536 
4582 62.096695 
4583 62.096132 
4584 62.095602 
4585 62.094842 
4586 62.094218 
4587 62.09364 
4588 62.092833 
4589 62.09205 
4590 62.090541 
4591 62.088079 
4592 62.085936 
4593 62.081405 
4594 62.048902 
4595 62.048851 
4596 62.048484 
4597 62.048486 
4598 62.045623 
4599 62.041942 
4600 62.041933 
4601 62.038234 
4602 62.038059 
4603 62.037116 
4604 62.036667 
4605 62.035354 
4606 62.035331 
4607 62.033742 
4608 62.033533 
4609 62.030779 
4610 62.030714 
4611 62.030387 
4612 62.02983 
4613 62.029271 
4614 62.02875 
4615 62.028656 
4616 62.028176 
4617 62.028052 
4618 62.027787 
4619 62.027616 
4620 62.027163 
4621 62.027032 
4622 62.026589 
4623 62.026146 
4624 62.026055 
4625 62.025734 
4626 62.025563 
4627 62.025497 
4628 62.025311 
4629 62.025226 
4630 62.025083 
4631 62.024978 
4632 62.024833 
4633 62.024668 
4634 62.024403 
4635 62.024295 
4636 62.02377 
4637 62.023058 
4638 62.022805 
4639 62.022609 
4640 62.022377 
4641 62.022049 
4642 62.021936 
4643 62.021813 
4644 62.021457 
4645 62.021246 
4646 62.020806 
4647 62.020619 
4648 62.020412 
4649 62.020279 
4650 62.020006 
4651 62.019875 
4652 62.019573 
4653 62.019374 
4654 62.019135 
4655 62.019025 
4656 62.018838 
4657 62.018624 
4658 62.018334 
4659 62.018111 
4660 62.017839 
4661 62.017553 
4662 62.01714 
4663 62.016538 
4664 62.015944 
4665 62.015501 
4666 62.015126 
4667 62.014771 
4668 62.014503 
4669 62.014067 
4670 62.013018 
4671 62.011939 
4672 62.010737 
4673 62.009031 
4674 62.00798 
4675 62.005508 
4676 62.002692 
4677 61.998231 
4678 61.994475 
4679 61.986036 
4680 61.984483 
4681 61.982573 
4682 61.98184 
4683 61.979712 
4684 61.979314 
4685 61.978958 
4686 61.978187 
4687 61.978136 
4688 61.977787 
4689 61.97769 
4690 61.977268 
4691 61.976688 
4692 61.976495 
4693 61.976456 
4694 61.976375 
4695 61.976155 
4696 61.975994 
4697 61.975865 
4698 61.975598 
4699 61.97551 
4700 61.975438 
4701 61.97534 
4702 61.975245 
4703 61.975183 
4704 61.975103 
4705 61.97504 
4706 61.974939 
4707 61.974826 
4708 61.974692 
4709 61.974596 
4710 61.974542 
4711 61.974502 
4712 61.974435 
4713 61.974369 
4714 61.974281 
4715 61.974179 
4716 61.974102 
4717 61.974007 
4718 61.973952 
4719 61.973865 
4720 61.973776 
4721 61.973645 
4722 61.973495 
4723 61.973415 
4724 61.973265 
4725 61.973135 
4726 61.973035 
4727 61.972972 
4728 61.972819 
4729 61.972649 
4730 61.97253 
4731 61.972454 
4732 61.972382 
4733 61.972263 
4734 61.972022 
4735 61.97172 
4736 61.971511 
4737 61.97126 
4738 61.970991 
4739 61.970705 
4740 61.970191 
4741 61.9698 
4742 61.969426 
4743 61.966 
4744 61.9622 
4745 61.786705 
4746 61.778542 
4747 61.778398 
4748 61.778401 
4749 61.774986 
4750 61.762387 
4751 61.758938 
4752 61.758319 
4753 61.755431 
4754 61.751854 
4755 61.750711 
4756 61.750704 
4757 61.75029 
4758 61.749393 
4759 61.748379 
4760 61.747707 
4761 61.747568 
4762 61.747268 
4763 61.747027 
4764 61.74661 
4765 61.746046 
4766 61.745484 
4767 61.745018 
4768 61.744709 
4769 61.744497 
4770 61.741382 
4771 61.739594 
4772 61.738557 
4773 61.737648 
4774 61.736148 
4775 61.734566 
4776 61.73343 
4777 61.731236 
4778 61.729379 
4779 61.727895 
4780 61.726148 
4781 61.725335 
4782 61.724083 
4783 61.723047 
4784 61.722176 
4785 61.721252 
4786 61.719171 
4787 61.718183 
4788 61.7172 
4789 61.715275 
4790 61.713607 
4791 61.712395 
4792 61.710913 
4793 61.709446 
4794 61.708434 
4795 61.707136 
4796 61.705308 
4797 61.703731 
4798 61.702004 
4799 61.699463 
4800 61.697015 
4801 61.69568 
4802 61.69155 
4803 61.688714 
4804 61.685592 
4805 61.6828 
4806 61.68033 
4807 61.675058 
4808 61.675061 
4809 61.674128 
4810 61.673764 
4811 61.673505 
4812 61.67331 
4813 61.673146 
4814 61.672959 
4815 61.672787 
4816 61.672525 
4817 61.671976 
4818 61.671299 
4819 61.670342 
4820 61.6667 
4821 61.66315 
4822 61.660427 
4823 61.660371 
4824 61.660202 
4825 61.659514 
4826 61.659122 
4827 61.657412 
4828 61.657048 
4829 61.657007 
4830 61.65695 
4831 61.65678 
4832 61.656533 
4833 61.656454 
4834 61.656418 
4835 61.656358 
4836 61.656318 
4837 61.656224 
4838 61.656137 
4839 61.656114 
4840 61.656001 
4841 61.655478 
4842 61.655353 
4843 61.65522 
4844 61.655046 
4845 61.654921 
4846 61.654654 
4847 61.654558 
4848 61.654442 
4849 61.654314 
4850 61.654183 
4851 61.654106 
4852 61.653983 
4853 61.653925 
4854 61.653777 
4855 61.653682 
4856 61.653562 
4857 61.653432 
4858 61.653281 
4859 61.653206 
4860 61.653094 
4861 61.652863 
4862 61.652769 
4863 61.652569 
4864 61.652414 
4865 61.652334 
4866 61.652233 
4867 61.652054 
4868 61.651955 
4869 61.651713 
4870 61.651552 
4871 61.651358 
4872 61.651172 
4873 61.651054 
4874 61.650805 
4875 61.650573 
4876 61.650183 
4877 61.650026 
4878 61.649451 
4879 61.649059 
4880 61.64857 
4881 61.647796 
4882 61.647089 
4883 61.645895 
4884 61.645757 
4885 61.645239 
4886 61.644964 
4887 61.644866 
4888 61.644749 
4889 61.64459 
4890 61.644511 
4891 61.644451 
4892 61.644405 
4893 61.644228 
4894 61.644185 
4895 61.644165 
4896 61.644134 
4897 61.644113 
4898 61.644047 
4899 61.644018 
4900 61.643986 
4901 61.643966 
4902 61.643909 
4903 61.643885 
4904 61.643832 
4905 61.643803 
4906 61.643779 
4907 61.643754 
4908 61.64374 
4909 61.643727 
4910 61.643713 
4911 61.64369 
4912 61.643671 
4913 61.643641 
4914 61.64363 
4915 61.643608 
4916 61.643584 
4917 61.643563 
4918 61.643535 
4919 61.643509 
4920 61.643499 
4921 61.643481 
4922 61.643466 
4923 61.643442 
4924 61.643431 
4925 61.643423 
4926 61.643393 
4927 61.643382 
4928 61.643369 
4929 61.643344 
4930 61.643335 
4931 61.643316 
4932 61.64329 
4933 61.64326 
4934 61.64324 
4935 61.643216 
4936 61.643205 
4937 61.643184 
4938 61.643141 
4939 61.643126 
4940 61.643115 
4941 61.643086 
4942 61.643069 
4943 61.643053 
4944 61.643037 
4945 61.642983 
4946 61.642966 
4947 61.642956 
4948 61.642936 
4949 61.642921 
4950 61.642892 
4951 61.642874 
4952 61.642857 
4953 61.642817 
4954 61.642787 
4955 61.642755 
4956 61.642748 
4957 61.642706 
4958 61.64269 
4959 61.642652 
4960 61.642522 
4961 61.642445 
4962 61.64235 
4963 61.642221 
4964 61.642162 
4965 61.642049 
4966 61.641795 
4967 61.641658 
4968 61.6414 
4969 61.64118 
4970 61.640773 
4971 61.640504 
4972 61.639024 
4973 61.630283 
4974 61.630052 
4975 61.62946 
4976 61.628772 
4977 61.628593 
4978 61.627913 
4979 61.6277 
4980 61.627558 
4981 61.627404 
4982 61.627301 
4983 61.627142 
4984 61.627072 
4985 61.626896 
4986 61.626828 
4987 61.62669 
4988 61.626602 
4989 61.62646 
4990 61.626278 
4991 61.626196 
4992 61.626125 
4993 61.626035 
4994 61.625962 
4995 61.625877 
4996 61.625799 
4997 61.625692 
4998 61.625639 
4999 61.625595 
5000 61.625519 
5001 61.625473 
5002 61.625437 
5003 61.62528 
5004 61.625219 
5005 61.625176 
5006 61.625129 
5007 61.625076 
5008 61.625026 
5009 61.624945 
5010 61.624872 
5011 61.62478 
5012 61.624701 
5013 61.624607 
5014 61.624542 
5015 61.624406 
5016 61.624279 
5017 61.624184 
5018 61.624094 
5019 61.624053 
5020 61.623969 
5021 61.623874 
5022 61.623799 
5023 61.62368 
5024 61.623627 
5025 61.623553 
5026 61.623486 
5027 61.623435 
5028 61.623297 
5029 61.623247 
5030 61.623166 
5031 61.623129 
5032 61.623045 
5033 61.622959 
5034 61.62262 
5035 61.622435 
5036 61.62225 
5037 61.621954 
5038 61.621591 
5039 61.621352 
5040 61.62119 
5041 61.620987 
5042 61.620318 
5043 61.619908 
5044 61.619309 
5045 61.618405 
5046 61.615767 
5047 61.493195 
5048 61.486778 
5049 61.46981 
5050 61.469795 
5051 61.465347 
5052 61.462173 
5053 61.452844 
5054 61.449769 
5055 61.445274 
5056 61.444622 
5057 61.435261 
5058 61.43399 
5059 61.432955 
5060 61.431737 
5061 61.429844 
5062 61.428297 
5063 61.427271 
5064 61.426233 
5065 61.425648 
5066 61.424234 
5067 61.42289 
5068 61.422306 
5069 61.42156 
5070 61.420616 
5071 61.420089 
5072 61.419371 
5073 61.417668 
5074 61.416451 
5075 61.415439 
5076 61.414897 
5077 61.413801 
5078 61.413334 
5079 61.412962 
5080 61.41194 
5081 61.411331 
5082 61.410444 
5083 61.409685 
5084 61.409248 
5085 61.408021 
5086 61.407017 
5087 61.406229 
5088 61.404773 
5089 61.403924 
5090 61.402795 
5091 61.40188 
5092 61.401159 
5093 61.400339 
5094 61.399601 
5095 61.39732 
5096 61.395438 
5097 61.393762 
5098 61.391803 
5099 61.390814 
5100 61.389351 
5101 61.388273 
5102 61.386984 
5103 61.386066 
5104 61.382895 
5105 61.382855 
5106 61.382496 
5107 61.381871 
5108 61.381872 
5109 61.380958 
5110 61.380938 
5111 61.380751 
5112 61.380723 
5113 61.380705 
5114 61.380688 
5115 61.380682 
5116 61.380655 
5117 61.380603 
5118 61.380591 
5119 61.380586 
5120 61.380573 
5121 61.380559 
5122 61.380546 
5123 61.380535 
5124 61.380514 
5125 61.380506 
5126 61.380461 
5127 61.380444 
5128 61.38043 
5129 61.380421 
5130 61.380397 
5131 61.380365 
5132 61.380343 
5133 61.38033 
5134 61.380303 
5135 61.38029 
5136 61.380267 
5137 61.380253 
5138 61.380234 
5139 61.380222 
5140 61.380196 
5141 61.38019 
5142 61.380168 
5143 61.380153 
5144 61.38014 
5145 61.380125 
5146 61.380104 
5147 61.380097 
5148 61.380069 
5149 61.380058 
5150 61.380046 
5151 61.380026 
5152 61.380018 
5153 61.380006 
5154 61.379996 
5155 61.379988 
5156 61.379981 
5157 61.379962 
5158 61.379954 
5159 61.379942 
5160 61.379924 
5161 61.379915 
5162 61.379904 
5163 61.379886 
5164 61.37987 
5165 61.37986 
5166 61.379845 
5167 61.379834 
5168 61.379814 
5169 61.379805 
5170 61.37979 
5171 61.379772 
5172 61.379751 
5173 61.379735 
5174 61.379725 
5175 61.379707 
5176 61.379687 
5177 61.379676 
5178 61.379665 
5179 61.379609 
5180 61.379593 
5181 61.379572 
5182 61.379527 
5183 61.379502 
5184 61.379461 
5185 61.379431 
5186 61.379416 
5187 61.379376 
5188 61.379351 
5189 61.379313 
5190 61.379256 
5191 61.37917 
5192 61.379095 
5193 61.37904 
5194 61.379003 
5195 61.378954 
5196 61.378866 
5197 61.378839 
5198 61.37877 
5199 61.378696 
5200 61.378607 
5201 61.378506 
5202 61.378243 
5203 61.360696 
5204 61.360696 
5205 61.360672 
5206 61.358085 
5207 61.357351 
5208 61.356977 
5209 61.356869 
5210 61.355636 
5211 61.355489 
5212 61.355176 
5213 61.353895 
5214 61.353771 
5215 61.353454 
5216 61.353049 
5217 61.35289 
5218 61.352592 
5219 61.352364 
5220 61.352234 
5221 61.35208 
5222 61.351924 
5223 61.35183 
5224 61.35172 
5225 61.351599 
5226 61.351462 
5227 61.351327 
5228 61.351162 
5229 61.351056 
5230 61.350947 
5231 61.350869 
5232 61.350766 
5233 61.35065 
5234 61.350514 
5235 61.350416 
5236 61.350276 
5237 61.350157 
5238 61.349992 
5239 61.349859 
5240 61.34972 
5241 61.349552 
5242 61.349446 
5243 61.349279 
5244 61.349131 
5245 61.349 
5246 61.34874 
5247 61.348612 
5248 61.348489 
5249 61.348281 
5250 61.348101 
5251 61.347894 
5252 61.347645 
5253 61.347423 
5254 61.347208 
5255 61.346853 
5256 61.346108 
5257 61.34561 
5258 61.343252 
5259 61.300249 
5260 61.263009 
5261 61.260234 
5262 61.254306 
5263 61.244004 
5264 61.241288 
5265 61.239371 
5266 61.237535 
5267 61.23485 
5268 61.233355 
5269 61.231874 
5270 61.230503 
5271 61.22928 
5272 61.227981 
5273 61.226795 
5274 61.22478 
5275 61.223001 
5276 61.221781 
5277 61.220251 
5278 61.218955 
5279 61.217612 
5280 61.215725 
5281 61.214722 
5282 61.21212 
5283 61.209727 
5284 61.20674 
5285 61.199299 
5286 61.190639 
5287 61.190637 
5288 61.189711 
5289 61.184906 
5290 61.182602 
5291 61.180121 
5292 61.178736 
5293 61.177741 
5294 61.176898 
5295 61.175673 
5296 61.174585 
5297 61.173436 
5298 61.171546 
5299 61.16895 
5300 61.137022 
5301 61.13222 
5302 61.132202 
5303 61.130677 
5304 61.125869 
5305 61.118269 
5306 61.114843 
5307 61.1111 
5308 61.105823 
5309 61.102187 
5310 61.098718 
5311 61.094722 
5312 61.091737 
5313 61.089731 
5314 61.08747 
5315 61.085709 
5316 61.083992 
5317 61.082392 
5318 61.080393 
5319 61.077981 
5320 61.075709 
5321 61.072489 
5322 61.071013 
5323 61.06846 
5324 61.06633 
5325 61.061229 
5326 61.056559 
5327 61.056555 
5328 61.056433 
5329 61.056396 
5330 61.056364 
5331 61.056239 
5332 61.056134 
5333 61.056137 
5334 61.056125 
5335 61.056072 
5336 61.056032 
5337 61.05596 
5338 61.055927 
5339 61.055901 
5340 61.055875 
5341 61.055838 
5342 61.055815 
5343 61.05572 
5344 61.055713 
5345 61.055653 
5346 61.055645 
5347 61.055612 
5348 61.055574 
5349 61.05553 
5350 61.055513 
5351 61.055421 
5352 61.055406 
5353 61.055393 
5354 61.055346 
5355 61.055298 
5356 61.055279 
5357 61.055269 
5358 61.05523 
5359 61.055214 
5360 61.055166 
5361 61.055145 
5362 61.055128 
5363 61.055107 
5364 61.055082 
5365 61.055076 
5366 61.055045 
5367 61.055025 
5368 61.055012 
5369 61.054994 
5370 61.054957 
5371 61.054943 
5372 61.054931 
5373 61.054894 
5374 61.054861 
5375 61.054845 
5376 61.054828 
5377 61.054823 
5378 61.054807 
5379 61.05479 
5380 61.05477 
5381 61.054756 
5382 61.054732 
5383 61.05472 
5384 61.054714 
5385 61.054688 
5386 61.054676 
5387 61.054655 
5388 61.054619 
5389 61.0546 
5390 61.054581 
5391 61.054574 
5392 61.054564 
5393 61.054545 
5394 61.054529 
5395 61.054515 
5396 61.054505 
5397 61.054486 
5398 61.054479 
5399 61.054461 
5400 61.05445 
5401 61.054439 
5402 61.054423 
5403 61.054396 
5404 61.054379 
5405 61.054352 
5406 61.054325 
5407 61.054317 
5408 61.054305 
5409 61.054258 
5410 61.054251 
5411 61.054243 
5412 61.054216 
5413 61.054194 
5414 61.054186 
5415 61.054172 
5416 61.05416 
5417 61.054086 
5418 61.054075 
5419 61.054046 
5420 61.05402 
5421 61.05401 
5422 61.053989 
5423 61.053945 
5424 61.05392 
5425 61.053878 
5426 61.053841 
5427 61.053792 
5428 61.053765 
5429 61.05375 
5430 61.053728 
5431 61.053656 
5432 61.053619 
5433 61.053527 
5434 61.053485 
5435 61.053457 
5436 61.053433 
5437 61.053388 
5438 61.053335 
5439 61.053295 
5440 61.053199 
5441 61.053073 
5442 61.052858 
5443 61.052775 
5444 61.052521 
5445 61.051928 
5446 61.050916 
5447 61.04754 
5448 61.047527 
5449 61.046322 
5450 61.045365 
5451 61.045264 
5452 61.044617 
5453 61.043686 
5454 61.043249 
5455 61.042821 
5456 61.042415 
5457 61.04177 
5458 61.041485 
5459 61.0411 
5460 61.040754 
5461 61.040507 
5462 61.040297 
5463 61.040052 
5464 61.03977 
5465 61.03954 
5466 61.039202 
5467 61.03903 
5468 61.038676 
5469 61.038366 
5470 61.038086 
5471 61.037521 
5472 61.037019 
5473 61.035652 
5474 61.03427 
5475 61.032292 
5476 61.030718 
5477 61.029651 
5478 61.027896 
5479 61.027885 
5480 61.027789 
5481 61.027685 
5482 61.027625 
5483 61.02753 
5484 61.027453 
5485 61.027434 
5486 61.027405 
5487 61.027363 
5488 61.027292 
5489 61.027278 
5490 61.027278 
5491 61.02725 
5492 61.02723 
5493 61.027211 
5494 61.027184 
5495 61.027166 
5496 61.027135 
5497 61.027127 
5498 61.027117 
5499 61.027077 
5500 61.027063 
5501 61.027041 
5502 61.02703 
5503 61.027008 
5504 61.02697 
5505 61.026958 
5506 61.026935 
5507 61.026915 
5508 61.026886 
5509 61.026864 
5510 61.026845 
5511 61.026831 
5512 61.02682 
5513 61.026799 
5514 61.026786 
5515 61.026765 
5516 61.026757 
5517 61.026752 
5518 61.026733 
5519 61.026713 
5520 61.026697 
5521 61.02669 
5522 61.026679 
5523 61.02667 
5524 61.026658 
5525 61.026651 
5526 61.026637 
5527 61.026625 
5528 61.026613 
5529 61.026599 
5530 61.026589 
5531 61.026581 
5532 61.026569 
5533 61.026559 
5534 61.026543 
5535 61.026524 
5536 61.026507 
5537 61.0265 
5538 61.02649 
5539 61.026468 
5540 61.026464 
5541 61.026441 
5542 61.026408 
5543 61.026392 
5544 61.026379 
5545 61.02636 
5546 61.026352 
5547 61.026341 
5548 61.02633 
5549 61.026293 
5550 61.026287 
5551 61.026267 
5552 61.026249 
5553 61.026241 
5554 61.026225 
5555 61.026214 
5556 61.026202 
5557 61.026188 
5558 61.02615 
5559 61.02613 
5560 61.026104 
5561 61.02609 
5562 61.026049 
5563 61.026032 
5564 61.025977 
5565 61.02596 
5566 61.025945 
5567 61.0259 
5568 61.025879 
5569 61.025867 
5570 61.025849 
5571 61.025828 
5572 61.025772 
5573 61.025722 
5574 61.02566 
5575 61.025636 
5576 61.025576 
5577 61.025532 
5578 61.025493 
5579 61.025441 
5580 61.025372 
5581 61.025276 
5582 61.025119 
5583 61.024925 
5584 61.024663 
5585 61.024052 
5586 61.021893 
5587 61.021894 
5588 61.021746 
5589 61.020764 
5590 61.019869 
5591 61.01926 
5592 61.018887 
5593 61.018196 
5594 61.017147 
5595 61.014195 
5596 61.007667 
5597 61.007664 
5598 61.00576 
5599 61.005758 
5600 60.997393 
5601 60.997358 
5602 60.994979 
5603 60.994948 
5604 60.994804 
5605 60.994725 
5606 60.99469 
5607 60.994632 
5608 60.994222 
5609 60.993815 
5610 60.993737 
5611 60.993666 
5612 60.993386 
5613 60.993094 
5614 60.992881 
5615 60.992718 
5616 60.992539 
5617 60.992348 
5618 60.992133 
5619 60.991982 
5620 60.991711 
5621 60.99155 
5622 60.991222 
5623 60.991115 
5624 60.990881 
5625 60.990705 
5626 60.990482 
5627 60.990387 
5628 60.990261 
5629 60.990105 
5630 60.98991 
5631 60.98985 
5632 60.989699 
5633 60.989586 
5634 60.989499 
5635 60.989342 
5636 60.989249 
5637 60.989145 
5638 60.989034 
5639 60.988972 
5640 60.988744 
5641 60.988582 
5642 60.988503 
5643 60.988259 
5644 60.988193 
5645 60.988066 
5646 60.987783 
5647 60.98774 
5648 60.98752 
5649 60.987341 
5650 60.987144 
5651 60.986954 
5652 60.98683 
5653 60.986621 
5654 60.986421 
5655 60.986185 
5656 60.986099 
5657 60.986021 
5658 60.985837 
5659 60.985521 
5660 60.985234 
5661 60.984857 
5662 60.984399 
5663 60.984009 
5664 60.983555 
5665 60.9832 
5666 60.982625 
5667 60.982276 
5668 60.981837 
5669 60.981362 
5670 60.980487 
5671 60.979922 
5672 60.979201 
5673 60.977891 
5674 60.976333 
5675 60.972434 
5676 60.962851 
5677 60.96078 
5678 60.960772 
5679 60.957563 
5680 60.953559 
5681 60.95252 
5682 60.951705 
5683 60.95092 
5684 60.950105 
5685 60.949302 
5686 60.948804 
5687 60.948294 
5688 60.947923 
5689 60.94751 
5690 60.947063 
5691 60.946755 
5692 60.946253 
5693 60.945729 
5694 60.945006 
5695 60.944498 
5696 60.943751 
5697 60.942715 
5698 60.941397 
5699 60.93928 
5700 60.931863 
5701 60.931718 
5702 60.928523 
5703 60.927079 
5704 60.926395 
5705 60.925873 
5706 60.925267 
5707 60.924416 
5708 60.922589 
5709 60.920779 
5710 60.917539 
5711 60.913396 
5712 60.816512 
5713 60.809746 
5714 60.783136 
5715 60.781603 
5716 60.779713 
5717 60.775683 
5718 60.772591 
5719 60.770829 
5720 60.769394 
5721 60.767951 
5722 60.766891 
5723 60.765437 
5724 60.76401 
5725 60.76303 
5726 60.761977 
5727 60.761139 
5728 60.759936 
5729 60.759106 
5730 60.758419 
5731 60.757492 
5732 60.756184 
5733 60.755327 
5734 60.754896 
5735 60.753913 
5736 60.75335 
5737 60.752406 
5738 60.751682 
5739 60.750784 
5740 60.749506 
5741 60.74798 
5742 60.747403 
5743 60.746611 
5744 60.745046 
5745 60.741951 
5746 60.738679 
5747 60.727581 
5748 60.727562 
5749 60.727041 
5750 60.726636 
5751 60.726067 
5752 60.725907 
5753 60.725839 
5754 60.725736 
5755 60.725426 
5756 60.725405 
5757 60.725369 
5758 60.725264 
5759 60.725247 
5760 60.725209 
5761 60.725186 
5762 60.725183 
5763 60.725128 
5764 60.725097 
5765 60.72505 
5766 60.725027 
5767 60.724992 
5768 60.724973 
5769 60.7249 
5770 60.72488 
5771 60.72486 
5772 60.724843 
5773 60.724821 
5774 60.724781 
5775 60.724769 
5776 60.724746 
5777 60.724734 
5778 60.724703 
5779 60.72467 
5780 60.724656 
5781 60.724643 
5782 60.724627 
5783 60.724606 
5784 60.724584 
5785 60.724569 
5786 60.724551 
5787 60.724537 
5788 60.724522 
5789 60.724499 
5790 60.724474 
5791 60.724462 
5792 60.724446 
5793 60.724423 
5794 60.724408 
5795 60.724394 
5796 60.724366 
5797 60.724354 
5798 60.724343 
5799 60.72432 
5800 60.724309 
5801 60.724288 
5802 60.724266 
5803 60.72425 
5804 60.724235 
5805 60.724222 
5806 60.724216 
5807 60.724205 
5808 60.724194 
5809 60.724169 
5810 60.724157 
5811 60.724145 
5812 60.724134 
5813 60.724119 
5814 60.72411 
5815 60.724097 
5816 60.724079 
5817 60.72406 
5818 60.724053 
5819 60.724043 
5820 60.724025 
5821 60.724007 
5822 60.723999 
5823 60.723972 
5824 60.723961 
5825 60.723947 
5826 60.723927 
5827 60.723912 
5828 60.723884 
5829 60.723874 
5830 60.723852 
5831 60.723844 
5832 60.723831 
5833 60.723811 
5834 60.723761 
5835 60.723752 
5836 60.723734 
5837 60.72371 
5838 60.723691 
5839 60.72367 
5840 60.72365 
5841 60.723607 
5842 60.723583 
5843 60.723567 
5844 60.72355 
5845 60.723519 
5846 60.723495 
5847 60.723466 
5848 60.723432 
5849 60.723417 
5850 60.723368 
5851 60.723321 
5852 60.723281 
5853 60.723235 
5854 60.723164 
5855 60.723094 
5856 60.723032 
5857 60.722973 
5858 60.722904 
5859 60.722868 
5860 60.722786 
5861 60.7226 
5862 60.72212 
5863 60.721631 
5864 60.720906 
5865 60.685731 
5866 60.685731 
5867 60.683169 
5868 60.678726 
5869 60.670228 
5870 60.668016 
5871 60.660774 
5872 60.657575 
5873 60.65357 
5874 60.652219 
5875 60.649475 
5876 60.647751 
5877 60.646733 
5878 60.645713 
5879 60.644705 
5880 60.643971 
5881 60.64311 
5882 60.642368 
5883 60.641428 
5884 60.640354 
5885 60.639738 
5886 60.639137 
5887 60.638031 
5888 60.637036 
5889 60.636403 
5890 60.635467 
5891 60.634101 
5892 60.633146 
5893 60.63198 
5894 60.631207 
5895 60.629941 
5896 60.627767 
5897 60.625309 
5898 60.622023 
5899 60.622004 
5900 60.621429 
5901 60.621248 
5902 60.620461 
5903 60.619927 
5904 60.61987 
5905 60.6193 
5906 60.619069 
5907 60.618905 
5908 60.618855 
5909 60.618819 
5910 60.618788 
5911 60.618724 
5912 60.618654 
5913 60.618609 
5914 60.61857 
5915 60.618525 
5916 60.618493 
5917 60.618433 
5918 60.618401 
5919 60.61835 
5920 60.618302 
5921 60.618265 
5922 60.618213 
5923 60.618177 
5924 60.618136 
5925 60.618103 
5926 60.618058 
5927 60.618013 
5928 60.617983 
5929 60.617951 
5930 60.617912 
5931 60.617886 
5932 60.617852 
5933 60.617827 
5934 60.617803 
5935 60.617764 
5936 60.61771 
5937 60.617663 
5938 60.617624 
5939 60.617604 
5940 60.617578 
5941 60.617545 
5942 60.617523 
5943 60.617506 
5944 60.617478 
5945 60.617448 
5946 60.617433 
5947 60.617418 
5948 60.617389 
5949 60.617369 
5950 60.617333 
5951 60.617306 
5952 60.617283 
5953 60.617217 
5954 60.617181 
5955 60.617103 
5956 60.617058 
5957 60.617001 
5958 60.616967 
5959 60.616906 
5960 60.616852 
5961 60.616758 
5962 60.616665 
5963 60.61663 
5964 60.616533 
5965 60.616465 
5966 60.616313 
5967 60.616056 
5968 60.615688 
5969 60.615176 
5970 60.613793 
5971 60.608551 
5972 60.608204 
5973 60.606404 
5974 60.606093 
5975 60.60589 
5976 60.605773 
5977 60.605639 
5978 60.605215 
5979 60.605085 
5980 60.604175 
5981 60.604121 
5982 60.604014 
5983 60.603892 
5984 60.603877 
5985 60.603843 
5986 60.603801 
5987 60.6037 
5988 60.603647 
5989 60.603602 
5990 60.603535 
5991 60.603431 
5992 60.603405 
5993 60.603373 
5994 60.603344 
5995 60.603229 
5996 60.603152 
5997 60.603077 
5998 60.603035 
5999 60.603001 
6000 60.602949 
6001 60.602912 
6002 60.602869 
6003 60.602831 
6004 60.602783 
6005 60.602751 
6006 60.602697 
6007 60.602664 
6008 60.602639 
6009 60.602607 
6010 60.60256 
6011 60.602506 
6012 60.60248 
6013 60.602426 
6014 60.602389 
6015 60.602326 
6016 60.602309 
6017 60.602283 
6018 60.602237 
6019 60.602214 
6020 60.602136 
6021 60.602109 
6022 60.602083 
6023 60.602044 
6024 60.602004 
6025 60.60197 
6026 60.601939 
6027 60.601911 
6028 60.601888 
6029 60.60184 
6030 60.601782 
6031 60.601741 
6032 60.601701 
6033 60.601665 
6034 60.601592 
6035 60.601557 
6036 60.601518 
6037 60.601482 
6038 60.601399 
6039 60.601306 
6040 60.60122 
6041 60.601087 
6042 60.601006 
6043 60.600887 
6044 60.600602 
6045 60.600328 
6046 60.600035 
6047 60.599369 
6048 60.598662 
6049 60.597999 
6050 60.580102 
6051 60.568998 
6052 60.568392 
6053 60.566207 
6054 60.561828 
6055 60.560043 
6056 60.557417 
6057 60.555453 
6058 60.554358 
6059 60.552606 
6060 60.551738 
6061 60.551394 
6062 60.550892 
6063 60.550439 
6064 60.549281 
6065 60.548947 
6066 60.548688 
6067 60.547891 
6068 60.54753 
6069 60.547159 
6070 60.546901 
6071 60.546376 
6072 60.546069 
6073 60.545752 
6074 60.545157 
6075 60.544904 
6076 60.544412 
6077 60.544223 
6078 60.544003 
6079 60.543711 
6080 60.543423 
6081 60.543262 
6082 60.543071 
6083 60.542864 
6084 60.542617 
6085 60.542176 
6086 60.541611 
6087 60.541218 
6088 60.540901 
6089 60.540739 
6090 60.540491 
6091 60.540222 
6092 60.540038 
6093 60.539638 
6094 60.539266 
6095 60.539105 
6096 60.538734 
6097 60.538422 
6098 60.538052 
6099 60.537592 
6100 60.537451 
6101 60.537238 
6102 60.53643 
6103 60.536241 
6104 60.535896 
6105 60.535561 
6106 60.535179 
6107 60.534662 
6108 60.53431 
6109 60.533904 
6110 60.533461 
6111 60.532872 
6112 60.532744 
6113 60.531496 
6114 60.530104 
6115 60.528591 
6116 60.526469 
6117 60.520838 
6118 60.519851 
6119 60.519454 
6120 60.51911 
6121 60.518704 
6122 60.517809 
6123 60.517661 
6124 60.516913 
6125 60.516814 
6126 60.516802 
6127 60.516731 
6128 60.516702 
6129 60.516661 
6130 60.51665 
6131 60.516629 
6132 60.516593 
6133 60.516541 
6134 60.516498 
6135 60.516485 
6136 60.516466 
6137 60.51645 
6138 60.516427 
6139 60.516403 
6140 60.516387 
6141 60.516369 
6142 60.516355 
6143 60.516337 
6144 60.516327 
6145 60.516303 
6146 60.516279 
6147 60.516268 
6148 60.516244 
6149 60.516214 
6150 60.516191 
6151 60.51612 
6152 60.516107 
6153 60.516093 
6154 60.51608 
6155 60.516062 
6156 60.516022 
6157 60.516013 
6158 60.515987 
6159 60.51598 
6160 60.515954 
6161 60.515939 
6162 60.515919 
6163 60.515904 
6164 60.515887 
6165 60.51587 
6166 60.515865 
6167 60.515852 
6168 60.515842 
6169 60.515837 
6170 60.51583 
6171 60.515808 
6172 60.515794 
6173 60.515787 
6174 60.515761 
6175 60.515756 
6176 60.515747 
6177 60.515736 
6178 60.51571 
6179 60.515698 
6180 60.515688 
6181 60.515672 
6182 60.515656 
6183 60.515627 
6184 60.515608 
6185 60.515599 
6186 60.515579 
6187 60.515553 
6188 60.515533 
6189 60.515521 
6190 60.515468 
6191 60.515451 
6192 60.515416 
6193 60.515406 
6194 60.515391 
6195 60.515356 
6196 60.515351 
6197 60.515324 
6198 60.515313 
6199 60.515309 
6200 60.515294 
6201 60.515268 
6202 60.51526 
6203 60.515237 
6204 60.515223 
6205 60.515215 
6206 60.515202 
6207 60.515185 
6208 60.515179 
6209 60.515174 
6210 60.515168 
6211 60.515153 
6212 60.515138 
6213 60.515125 
6214 60.515117 
6215 60.515114 
6216 60.515091 
6217 60.515075 
6218 60.515071 
6219 60.515058 
6220 60.515046 
6221 60.515025 
6222 60.51501 
6223 60.514994 
6224 60.514981 
6225 60.51497 
6226 60.514955 
6227 60.514938 
6228 60.51492 
6229 60.514902 
6230 60.514893 
6231 60.51487 
6232 60.514824 
6233 60.51481 
6234 60.514794 
6235 60.514749 
6236 60.514724 
6237 60.51469 
6238 60.514684 
6239 60.514655 
6240 60.514643 
6241 60.514628 
6242 60.51459 
6243 60.514544 
6244 60.5145 
6245 60.514475 
6246 60.514458 
6247 60.514435 
6248 60.514418 
6249 60.514402 
6250 60.514357 
6251 60.514317 
6252 60.514104 
6253 60.513941 
6254 60.51388 
6255 60.513751 
6256 60.51353 
6257 60.513365 
6258 60.512828 
6259 60.5122 
6260 60.497894 
6261 60.497825 
6262 60.497826 
6263 60.495735 
6264 60.495507 
6265 60.49551 
6266 60.492248 
6267 60.490582 
6268 60.49051 
6269 60.490119 
6270 60.489743 
6271 60.489514 
6272 60.489219 
6273 60.487905 
6274 60.48704 
6275 60.485966 
6276 60.485432 
6277 60.484296 
6278 60.48355 
6279 60.482818 
6280 60.482092 
6281 60.481335 
6282 60.480866 
6283 60.480372 
6284 60.479472 
6285 60.479 
6286 60.478467 
6287 60.478004 
6288 60.477215 
6289 60.476828 
6290 60.476242 
6291 60.475604 
6292 60.475322 
6293 60.47486 
6294 60.474511 
6295 60.474048 
6296 60.473498 
6297 60.47305 
6298 60.472635 
6299 60.472211 
6300 60.471936 
6301 60.471105 
6302 60.470623 
6303 60.469845 
6304 60.469092 
6305 60.468601 
6306 60.467919 
6307 60.466892 
6308 60.466287 
6309 60.465731 
6310 60.464597 
6311 60.462978 
6312 60.460752 
6313 60.452324 
6314 60.452307 
6315 60.451211 
6316 60.449787 
6317 60.448202 
6318 60.446848 
6319 60.446566 
6320 60.444436 
6321 60.443668 
6322 60.442801 
6323 60.442137 
6324 60.441604 
6325 60.440973 
6326 60.440459 
6327 60.43977 
6328 60.439339 
6329 60.438764 
6330 60.438483 
6331 60.438074 
6332 60.437793 
6333 60.437474 
6334 60.437027 
6335 60.436624 
6336 60.436241 
6337 60.435846 
6338 60.435554 
6339 60.435208 
6340 60.434827 
6341 60.434418 
6342 60.434149 
6343 60.433554 
6344 60.432837 
6345 60.431525 
6346 60.430574 
6347 60.429146 
6348 60.427988 
6349 60.426266 
6350 60.424587 
6351 60.409335 
6352 60.40251 
6353 60.401569 
6354 60.401135 
6355 60.395949 
6356 60.395569 
6357 60.394033 
6358 60.391133 
6359 60.390572 
6360 60.39019 
6361 60.388054 
6362 60.387697 
6363 60.386878 
6364 60.385395 
6365 60.384882 
6366 60.38467 
6367 60.384428 
6368 60.384138 
6369 60.383877 
6370 60.383143 
6371 60.382832 
6372 60.382397 
6373 60.382075 
6374 60.381542 
6375 60.381075 
6376 60.380854 
6377 60.380623 
6378 60.380399 
6379 60.380123 
6380 60.379889 
6381 60.379613 
6382 60.379218 
6383 60.379054 
6384 60.378829 
6385 60.378468 
6386 60.377979 
6387 60.377791 
6388 60.377482 
6389 60.377138 
6390 60.376872 
6391 60.376552 
6392 60.376378 
6393 60.376139 
6394 60.375823 
6395 60.375644 
6396 60.375397 
6397 60.375126 
6398 60.374939 
6399 60.374709 
6400 60.374542 
6401 60.374313 
6402 60.37398 
6403 60.373809 
6404 60.373593 
6405 60.373319 
6406 60.372979 
6407 60.372865 
6408 60.372722 
6409 60.372482 
6410 60.371912 
6411 60.371702 
6412 60.371129 
6413 60.370696 
6414 60.370348 
6415 60.370124 
6416 60.368745 
6417 60.366165 
6418 60.362987 
6419 60.360712 
6420 60.354847 
6421 60.351624 
6422 60.35162 
6423 60.350011 
6424 60.348919 
6425 60.348541 
6426 60.347144 
6427 60.346321 
6428 60.345899 
6429 60.34552 
6430 60.345195 
6431 60.344972 
6432 60.344702 
6433 60.344463 
6434 60.344233 
6435 60.344031 
6436 60.343819 
6437 60.34362 
6438 60.343432 
6439 60.343196 
6440 60.343042 
6441 60.34275 
6442 60.342588 
6443 60.342389 
6444 60.342259 
6445 60.342151 
6446 60.341981 
6447 60.341826 
6448 60.341709 
6449 60.341519 
6450 60.341347 
6451 60.341025 
6452 60.34079 
6453 60.34052 
6454 60.340256 
6455 60.339821 
6456 60.338651 
6457 60.33763 
6458 60.335853 
6459 60.333715 
6460 60.330185 
6461 60.330179 
6462 60.322116 
6463 60.322092 
6464 60.319679 
6465 60.318191 
6466 60.315906 
6467 60.31434 
6468 60.313189 
6469 60.312282 
6470 60.311452 
6471 60.310714 
6472 60.31023 
6473 60.309713 
6474 60.309182 
6475 60.308814 
6476 60.308119 
6477 60.307485 
6478 60.306301 
6479 60.304102 
6480 60.298875 
6481 60.295145 
6482 60.293776 
6483 60.285857 
6484 60.285156 
6485 60.285127 
6486 60.284088 
6487 60.283875 
6488 60.283357 
6489 60.283248 
6490 60.283122 
6491 60.283005 
6492 60.282896 
6493 60.282628 
6494 60.282308 
6495 60.282187 
6496 60.282127 
6497 60.282058 
6498 60.281666 
6499 60.281588 
6500 60.281454 
6501 60.28127 
6502 60.281209 
6503 60.281166 
6504 60.281125 
6505 60.281062 
6506 60.281023 
6507 60.28098 
6508 60.280869 
6509 60.28083 
6510 60.280792 
6511 60.280718 
6512 60.280678 
6513 60.280583 
6514 60.280543 
6515 60.280509 
6516 60.280383 
6517 60.280301 
6518 60.280278 
6519 60.280236 
6520 60.280214 
6521 60.28016 
6522 60.280139 
6523 60.280083 
6524 60.280045 
6525 60.280024 
6526 60.279955 
6527 60.279898 
6528 60.279871 
6529 60.279846 
6530 60.279828 
6531 60.279795 
6532 60.279767 
6533 60.279745 
6534 60.279716 
6535 60.279685 
6536 60.279653 
6537 60.279589 
6538 60.279565 
6539 60.279548 
6540 60.279521 
6541 60.279476 
6542 60.279389 
6543 60.279325 
6544 60.279263 
6545 60.279152 
6546 60.279107 
6547 60.279064 
6548 60.279048 
6549 60.278972 
6550 60.278941 
6551 60.27888 
6552 60.278841 
6553 60.278795 
6554 60.278771 
6555 60.278696 
6556 60.278611 
6557 60.278495 
6558 60.278469 
6559 60.278414 
6560 60.278366 
6561 60.278343 
6562 60.27819 
6563 60.278149 
6564 60.278127 
6565 60.278096 
6566 60.278004 
6567 60.277979 
6568 60.277897 
6569 60.277843 
6570 60.277789 
6571 60.277757 
6572 60.277683 
6573 60.27762 
6574 60.277566 
6575 60.277472 
6576 60.277434 
6577 60.277352 
6578 60.277316 
6579 60.277291 
6580 60.277245 
6581 60.277225 
6582 60.277199 
6583 60.277182 
6584 60.277141 
6585 60.277128 
6586 60.277099 
6587 60.277054 
6588 60.277033 
6589 60.277 
6590 60.276918 
6591 60.276886 
6592 60.276825 
6593 60.276713 
6594 60.276651 
6595 60.276604 
6596 60.276556 
6597 60.276516 
6598 60.276504 
6599 60.276458 
6600 60.276421 
6601 60.276389 
6602 60.276358 
6603 60.276324 
6604 60.276216 
6605 60.276172 
6606 60.276127 
6607 60.276106 
6608 60.27604 
6609 60.275977 
6610 60.275899 
6611 60.275877 
6612 60.275756 
6613 60.275727 
6614 60.275625 
6615 60.27557 
6616 60.275548 
6617 60.275501 
6618 60.275366 
6619 60.275182 
6620 60.274844 
6621 60.274705 
6622 60.274586 
6623 60.27419 
6624 60.273676 
6625 60.273257 
6626 60.272677 
6627 60.271962 
6628 60.271081 
6629 60.268524 
6630 60.25779 
6631 60.257759 
6632 60.257764 
6633 60.254387 
6634 60.254133 
6635 60.254065 
6636 60.253724 
6637 60.253256 
6638 60.251724 
6639 60.251277 
6640 60.250946 
6641 60.250853 
6642 60.250713 
6643 60.250676 
6644 60.250599 
6645 60.250555 
6646 60.250499 
6647 60.250458 
6648 60.250398 
6649 60.250356 
6650 60.250312 
6651 60.250246 
6652 60.25018 
6653 60.250128 
6654 60.250095 
6655 60.250032 
6656 60.249994 
6657 60.249937 
6658 60.249916 
6659 60.249861 
6660 60.249827 
6661 60.249781 
6662 60.249747 
6663 60.2497 
6664 60.249666 
6665 60.2496 
6666 60.249569 
6667 60.249516 
6668 60.249468 
6669 60.249443 
6670 60.249425 
6671 60.249374 
6672 60.249323 
6673 60.24926 
6674 60.24923 
6675 60.249162 
6676 60.249121 
6677 60.249081 
6678 60.249042 
6679 60.248975 
6680 60.24894 
6681 60.248904 
6682 60.24886 
6683 60.24875 
6684 60.248688 
6685 60.248666 
6686 60.248641 
6687 60.248614 
6688 60.248568 
6689 60.248536 
6690 60.248518 
6691 60.248488 
6692 60.248447 
6693 60.248417 
6694 60.248361 
6695 60.248311 
6696 60.24826 
6697 60.248225 
6698 60.248144 
6699 60.248119 
6700 60.248095 
6701 60.248075 
6702 60.248053 
6703 60.248041 
6704 60.248022 
6705 60.247994 
6706 60.247975 
6707 60.247909 
6708 60.247868 
6709 60.247831 
6710 60.247791 
6711 60.247746 
6712 60.247637 
6713 60.24758 
6714 60.247514 
6715 60.247485 
6716 60.24743 
6717 60.247282 
6718 60.247211 
6719 60.247169 
6720 60.247107 
6721 60.247038 
6722 60.246912 
6723 60.246713 
6724 60.246386 
6725 60.246142 
6726 60.245972 
6727 60.245816 
6728 60.245382 
6729 60.237672 
6730 60.237677 
6731 60.237616 
6732 60.228832 
6733 60.225965 
6734 60.225585 
6735 60.225201 
6736 60.223138 
6737 60.221814 
6738 60.220849 
6739 60.218423 
6740 60.217439 
6741 60.216424 
6742 60.21511 
6743 60.214352 
6744 60.212934 
6745 60.212202 
6746 60.211383 
6747 60.210573 
6748 60.209682 
6749 60.20924 
6750 60.208635 
6751 60.208253 
6752 60.207698 
6753 60.207257 
6754 60.206863 
6755 60.206635 
6756 60.206365 
6757 60.205971 
6758 60.205635 
6759 60.205173 
6760 60.204831 
6761 60.204553 
6762 60.204282 
6763 60.204019 
6764 60.203791 
6765 60.203548 
6766 60.203219 
6767 60.203005 
6768 60.20274 
6769 60.202506 
6770 60.201917 
6771 60.201437 
6772 60.201008 
6773 60.200531 
6774 60.200072 
6775 60.198922 
6776 60.198018 
6777 60.196984 
6778 60.19579 
6779 60.194594 
6780 60.193134 
6781 60.190795 
6782 60.185655 
6783 60.182793 
6784 60.181774 
6785 60.181285 
6786 60.179644 
6787 60.179386 
6788 60.178933 
6789 60.175582 
6790 60.175 
6791 60.174368 
6792 60.173801 
6793 60.173203 
6794 60.172571 
6795 60.172163 
6796 60.17174 
6797 60.171365 
6798 60.170998 
6799 60.170566 
6800 60.170226 
6801 60.169985 
6802 60.169797 
6803 60.169437 
6804 60.169172 
6805 60.168786 
6806 60.168587 
6807 60.168308 
6808 60.167879 
6809 60.167411 
6810 60.166475 
6811 60.165804 
6812 60.164894 
6813 60.162827 
6814 60.156846 
6815 60.156729 
6816 60.156693 
6817 60.156696 
6818 60.155272 
6819 60.154675 
6820 60.154637 
6821 60.153926 
6822 60.152257 
6823 60.149512 
6824 60.148543 
6825 60.148181 
6826 60.147812 
6827 60.147684 
6828 60.147534 
6829 60.147346 
6830 60.147026 
6831 60.146858 
6832 60.146738 
6833 60.146416 
6834 60.14629 
6835 60.146077 
6836 60.145857 
6837 60.145713 
6838 60.145604 
6839 60.14552 
6840 60.145409 
6841 60.14526 
6842 60.145175 
6843 60.145013 
6844 60.14491 
6845 60.144753 
6846 60.144626 
6847 60.144468 
6848 60.144387 
6849 60.144271 
6850 60.144201 
6851 60.144135 
6852 60.144047 
6853 60.143989 
6854 60.143933 
6855 60.143868 
6856 60.143745 
6857 60.143619 
6858 60.143554 
6859 60.143468 
6860 60.143422 
6861 60.143359 
6862 60.143198 
6863 60.143119 
6864 60.143055 
6865 60.143001 
6866 60.142924 
6867 60.142814 
6868 60.142691 
6869 60.142594 
6870 60.142433 
6871 60.142296 
6872 60.142149 
6873 60.141951 
6874 60.141697 
6875 60.141586 
6876 60.141441 
6877 60.141046 
6878 60.140838 
6879 60.140546 
6880 60.14022 
6881 60.13988 
6882 60.13913 
6883 60.13818 
6884 60.135881 
6885 60.127339 
6886 60.125573 
6887 60.118591 
6888 60.118559 
6889 60.118521 
6890 60.118496 
6891 60.117152 
6892 60.115958 
6893 60.11583 
6894 60.115732 
6895 60.115555 
6896 60.115448 
6897 60.11531 
6898 60.115209 
6899 60.115135 
6900 60.115068 
6901 60.114949 
6902 60.114853 
6903 60.11478 
6904 60.114689 
6905 60.114628 
6906 60.114563 
6907 60.114522 
6908 60.114479 
6909 60.114425 
6910 60.114373 
6911 60.114291 
6912 60.114254 
6913 60.114112 
6914 60.114009 
6915 60.113825 
6916 60.113479 
6917 60.112928 
6918 60.110081 
6919 60.09945 
6920 60.099405 
6921 60.09853 
6922 60.097703 
6923 60.097124 
6924 60.096372 
6925 60.095007 
6926 60.091074 
6927 60.080155 
6928 60.080125 
6929 60.077992 
6930 60.076892 
6931 60.076535 
6932 60.075736 
6933 60.075165 
6934 60.074943 
6935 60.074845 
6936 60.074482 
6937 60.074182 
6938 60.074147 
6939 60.074121 
6940 60.073993 
6941 60.073908 
6942 60.073817 
6943 60.073762 
6944 60.073687 
6945 60.073575 
6946 60.073391 
6947 60.073273 
6948 60.073186 
6949 60.073124 
6950 60.073069 
6951 60.073027 
6952 60.072996 
6953 60.07294 
6954 60.072887 
6955 60.072843 
6956 60.072784 
6957 60.072754 
6958 60.072709 
6959 60.07267 
6960 60.072616 
6961 60.072567 
6962 60.072508 
6963 60.072465 
6964 60.072419 
6965 60.072385 
6966 60.072324 
6967 60.072276 
6968 60.072225 
6969 60.072183 
6970 60.07215 
6971 60.072094 
6972 60.072052 
6973 60.072001 
6974 60.071941 
6975 60.071912 
6976 60.071888 
6977 60.071845 
6978 60.071824 
6979 60.071787 
6980 60.071768 
6981 60.07173 
6982 60.071708 
6983 60.071675 
6984 60.071638 
6985 60.071606 
6986 60.071582 
6987 60.071544 
6988 60.071518 
6989 60.071486 
6990 60.071447 
6991 60.071403 
6992 60.071381 
6993 60.071339 
6994 60.071312 
6995 60.071289 
6996 60.071242 
6997 60.071183 
6998 60.071142 
6999 60.071122 
7000 60.071027 
7001 60.070884 
7002 60.070817 
7003 60.070769 
7004 60.070734 
7005 60.070678 
7006 60.07061 
7007 60.070483 
7008 60.070211 
7009 60.07008 
7010 60.069989 
7011 60.069466 
7012 60.069123 
7013 60.068632 
7014 60.064025 
7015 60.06091 
7016 60.060881 
7017 60.060657 
7018 60.060372 
7019 60.05923 
7020 60.058143 
7021 60.057631 
7022 60.057458 
7023 60.056334 
7024 60.056174 
7025 60.056035 
7026 60.055631 
7027 60.055468 
7028 60.055311 
7029 60.054948 
7030 60.054723 
7031 60.054474 
7032 60.054297 
7033 60.053955 
7034 60.053841 
7035 60.05376 
7036 60.053652 
7037 60.053471 
7038 60.053315 
7039 60.053194 
7040 60.053015 
7041 60.052908 
7042 60.05282 
7043 60.052695 
7044 60.052617 
7045 60.05239 
7046 60.052272 
7047 60.052061 
7048 60.051925 
7049 60.051758 
7050 60.051612 
7051 60.051435 
7052 60.051387 
7053 60.051261 
7054 60.051193 
7055 60.051065 
7056 60.050828 
7057 60.050757 
7058 60.050568 
7059 60.050424 
7060 60.050315 
7061 60.050188 
7062 60.050062 
7063 60.049957 
7064 60.049705 
7065 60.049614 
7066 60.049523 
7067 60.04948 
7068 60.049224 
7069 60.049175 
7070 60.048978 
7071 60.048911 
7072 60.048813 
7073 60.048739 
7074 60.048663 
7075 60.048588 
7076 60.048439 
7077 60.048317 
7078 60.04825 
7079 60.048195 
7080 60.048136 
7081 60.04807 
7082 60.047988 
7083 60.047815 
7084 60.04776 
7085 60.047708 
7086 60.047636 
7087 60.047554 
7088 60.047499 
7089 60.047372 
7090 60.047266 
7091 60.047177 
7092 60.047088 
7093 60.047016 
7094 60.046935 
7095 60.046806 
7096 60.046688 
7097 60.046619 
7098 60.046569 
7099 60.046506 
7100 60.04641 
7101 60.046258 
7102 60.046176 
7103 60.046119 
7104 60.046063 
7105 60.045816 
7106 60.045657 
7107 60.045537 
7108 60.04541 
7109 60.045216 
7110 60.045162 
7111 60.044876 
7112 60.044531 
7113 60.044329 
7114 60.043833 
7115 60.043364 
7116 60.041813 
7117 60.041816 
7118 60.041025 
7119 60.040083 
7120 60.039177 
7121 60.039138 
7122 60.03895 
7123 60.038847 
7124 60.038723 
7125 60.038656 
7126 60.038548 
7127 60.038461 
7128 60.038413 
7129 60.038356 
7130 60.038306 
7131 60.038233 
7132 60.038164 
7133 60.038126 
7134 60.038059 
7135 60.038002 
7136 60.037911 
7137 60.037881 
7138 60.037846 
7139 60.037806 
7140 60.037754 
7141 60.037697 
7142 60.037657 
7143 60.037625 
7144 60.037581 
7145 60.037539 
7146 60.037517 
7147 60.037494 
7148 60.037477 
7149 60.03745 
7150 60.037431 
7151 60.0374 
7152 60.037371 
7153 60.037333 
7154 60.0373 
7155 60.037278 
7156 60.037253 
7157 60.037226 
7158 60.037175 
7159 60.037119 
7160 60.037096 
7161 60.037033 
7162 60.036993 
7163 60.036949 
7164 60.036885 
7165 60.03681 
7166 60.036755 
7167 60.036703 
7168 60.036655 
7169 60.036531 
7170 60.036436 
7171 60.036265 
7172 60.03611 
7173 60.035977 
7174 60.035902 
7175 60.035709 
7176 60.035403 
7177 60.034941 
7178 60.03374 
7179 60.033436 
7180 60.03276 
7181 60.030461 
7182 60.030235 
7183 60.030109 
7184 60.030021 
7185 60.029973 
7186 60.029859 
7187 60.029782 
7188 60.029726 
7189 60.029693 
7190 60.029618 
7191 60.029549 
7192 60.029476 
7193 60.029435 
7194 60.029347 
7195 60.029289 
7196 60.029252 
7197 60.029202 
7198 60.029169 
7199 60.029127 
7200 60.029078 
7201 60.029034 
7202 60.028987 
7203 60.028922 
7204 60.02888 
7205 60.028817 
7206 60.02878 
7207 60.028723 
7208 60.02869 
7209 60.028659 
7210 60.028629 
7211 60.028602 
7212 60.028575 
7213 60.028543 
7214 60.028526 
7215 60.02848 
7216 60.028455 
7217 60.028411 
7218 60.02839 
7219 60.02837 
7220 60.028351 
7221 60.028332 
7222 60.028312 
7223 60.028289 
7224 60.028269 
7225 60.028254 
7226 60.028237 
7227 60.028206 
7228 60.028193 
7229 60.028174 
7230 60.028148 
7231 60.028116 
7232 60.028077 
7233 60.028043 
7234 60.028008 
7235 60.027988 
7236 60.027916 
7237 60.027877 
7238 60.027847 
7239 60.027806 
7240 60.027705 
7241 60.027611 
7242 60.027571 
7243 60.027513 
7244 60.027428 
7245 60.027317 
7246 60.027092 
7247 60.026994 
7248 60.026146 
7249 60.023532 
7250 60.022427 
7251 60.01979 
7252 60.0197 
7253 60.016145 
7254 60.049649 
7255 60.045986 
7256 60.045957 
7257 60.04488 
7258 60.044573 
7259 60.043915 
7260 60.041462 
7261 60.040125 
7262 60.038605 
7263 60.038495 
7264 60.038337 
7265 60.037216 
7266 60.03537 
7267 60.033493 
7268 60.031759 
7269 60.03015 
7270 60.028432 
7271 60.026307 
7272 60.024484 
7273 60.023139 
7274 60.021327 
7275 60.020156 
7276 60.019302 
7277 60.018043 
7278 60.016859 
7279 60.015822 
7280 60.014664 
7281 60.013098 
7282 60.011653 
7283 60.010532 
7284 60.009379 
7285 60.00814 
7286 60.006834 
7287 60.005429 
7288 60.003933 
7289 60.003061 
7290 60.002312 
7291 60.001579 
7292 60.001107 
7293 59.999526 
7294 59.999106 
7295 59.996829 
7296 59.995553 
7297 59.994047 
7298 59.992672 
7299 59.991812 
7300 59.990639 
7301 59.989654 
7302 59.988227 
7303 59.986985 
7304 59.986375 
7305 59.98572 
7306 59.98513 
7307 59.984402 
7308 59.983644 
7309 59.982944 
7310 59.982405 
7311 59.9819 
7312 59.981511 
7313 59.980397 
7314 59.97877 
7315 59.97767 
7316 59.976247 
7317 59.975726 
7318 59.971595 
7319 59.968431 
7320 59.968418 
7321 59.968156 
7322 59.968125 
7323 59.967997 
7324 59.967891 
7325 59.967806 
7326 59.967743 
7327 59.967662 
7328 59.967603 
7329 59.967548 
7330 59.967496 
7331 59.967452 
7332 59.967405 
7333 59.967363 
7334 59.967287 
7335 59.96725 
7336 59.967195 
7337 59.967152 
7338 59.96712 
7339 59.96708 
7340 59.967015 
7341 59.966983 
7342 59.966954 
7343 59.966922 
7344 59.966895 
7345 59.966868 
7346 59.966837 
7347 59.966804 
7348 59.966778 
7349 59.966752 
7350 59.96674 
7351 59.966715 
7352 59.966693 
7353 59.966674 
7354 59.96665 
7355 59.966628 
7356 59.966613 
7357 59.966591 
7358 59.96657 
7359 59.966548 
7360 59.96653 
7361 59.966504 
7362 59.966481 
7363 59.966444 
7364 59.966427 
7365 59.9664 
7366 59.966358 
7367 59.966326 
7368 59.966293 
7369 59.966255 
7370 59.966228 
7371 59.966201 
7372 59.96615 
7373 59.966128 
7374 59.966061 
7375 59.965991 
7376 59.965909 
7377 59.965855 
7378 59.965791 
7379 59.965682 
7380 59.96555 
7381 59.965078 
7382 59.958865 
7383 59.95884 
7384 59.95836 
7385 59.956812 
7386 59.956397 
7387 59.955917 
7388 59.95546 
7389 59.954934 
7390 59.953216 
7391 59.9532 
7392 59.953158 
7393 59.952761 
7394 59.952476 
7395 59.952234 
7396 59.952061 
7397 59.951901 
7398 59.95179 
7399 59.951662 
7400 59.95158 
7401 59.951507 
7402 59.951416 
7403 59.951354 
7404 59.951322 
7405 59.951238 
7406 59.95112 
7407 59.950912 
7408 59.950613 
7409 59.950268 
7410 59.949837 
7411 59.948872 
7412 59.947708 
7413 59.943646 
7414 59.943289 
7415 59.939437 
7416 59.936663 
7417 59.934324 
7418 59.934289 
7419 59.93421 
7420 59.934153 
7421 59.934026 
7422 59.933176 
7423 59.932092 
7424 59.931475 
7425 59.931163 
7426 59.930986 
7427 59.930876 
7428 59.930681 
7429 59.930592 
7430 59.930496 
7431 59.930427 
7432 59.930395 
7433 59.930314 
7434 59.930237 
7435 59.93008 
7436 59.929972 
7437 59.929759 
7438 59.929454 
7439 59.92872 
7440 59.927534 
7441 59.927525 
7442 59.927528 
7443 59.92657 
7444 59.925921 
7445 59.925593 
7446 59.924956 
7447 59.924767 
7448 59.924552 
7449 59.924116 
7450 59.923931 
7451 59.923759 
7452 59.923643 
7453 59.923542 
7454 59.923452 
7455 59.923365 
7456 59.923285 
7457 59.923166 
7458 59.923087 
7459 59.923027 
7460 59.922959 
7461 59.922886 
7462 59.922746 
7463 59.922708 
7464 59.922668 
7465 59.922618 
7466 59.922584 
7467 59.922558 
7468 59.922506 
7469 59.922466 
7470 59.922439 
7471 59.922411 
7472 59.922392 
7473 59.922367 
7474 59.922344 
7475 59.92231 
7476 59.92226 
7477 59.922205 
7478 59.9222 
7479 59.922142 
7480 59.922063 
7481 59.922014 
7482 59.921974 
7483 59.921825 
7484 59.921742 
7485 59.921686 
7486 59.921549 
7487 59.921395 
7488 59.921186 
7489 59.920833 
7490 59.920596 
7491 59.920236 
7492 59.919918 
7493 59.919376 
7494 59.916643 
7495 59.916408 
7496 59.910236 
7497 59.909942 
7498 59.908529 
7499 59.907888 
7500 59.907595 
7501 59.90739 
7502 59.907243 
7503 59.907152 
7504 59.907032 
7505 59.906701 
7506 59.906454 
7507 59.905954 
7508 59.899874 
7509 59.899854 
7510 59.897194 
7511 59.897043 
7512 59.896005 
7513 59.895712 
7514 59.895423 
7515 59.895381 
7516 59.895308 
7517 59.895277 
7518 59.895223 
7519 59.895183 
7520 59.895131 
7521 59.895065 
7522 59.895016 
7523 59.894948 
7524 59.8949 
7525 59.894834 
7526 59.894767 
7527 59.894704 
7528 59.894646 
7529 59.894582 
7530 59.89451 
7531 59.894479 
7532 59.89437 
7533 59.894345 
7534 59.894294 
7535 59.894239 
7536 59.894204 
7537 59.894144 
7538 59.894106 
7539 59.894033 
7540 59.894003 
7541 59.893945 
7542 59.893921 
7543 59.893868 
7544 59.893841 
7545 59.893803 
7546 59.893753 
7547 59.893724 
7548 59.893693 
7549 59.893663 
7550 59.893639 
7551 59.893622 
7552 59.893605 
7553 59.89359 
7554 59.893571 
7555 59.893553 
7556 59.893532 
7557 59.893518 
7558 59.8935 
7559 59.893475 
7560 59.893459 
7561 59.893442 
7562 59.893424 
7563 59.893404 
7564 59.89338 
7565 59.89338 
7566 59.893373 
7567 59.893353 
7568 59.893314 
7569 59.893278 
7570 59.893255 
7571 59.893227 
7572 59.893184 
7573 59.893147 
7574 59.893052 
7575 59.893014 
7576 59.89298 
7577 59.892903 
7578 59.89274 
7579 59.892683 
7580 59.892504 
7581 59.892372 
7582 59.892044 
7583 59.89131 
7584 59.889743 
7585 59.889531 
7586 59.883124 
7587 59.883127 
7588 59.882117 
7589 59.880214 
7590 59.879774 
7591 59.879453 
7592 59.879352 
7593 59.878732 
7594 59.877376 
7595 59.874466 
7596 59.87362 
7597 59.873624 
7598 59.873492 
7599 59.873465 
7600 59.87336 
7601 59.87335 
7602 59.873336 
7603 59.873291 
7604 59.873282 
7605 59.873271 
7606 59.873251 
7607 59.873213 
7608 59.873197 
7609 59.873174 
7610 59.873159 
7611 59.873135 
7612 59.873116 
7613 59.873107 
7614 59.87308 
7615 59.873055 
7616 59.873043 
7617 59.873023 
7618 59.872991 
7619 59.87298 
7620 59.872969 
7621 59.872946 
7622 59.87294 
7623 59.872916 
7624 59.872904 
7625 59.87288 
7626 59.872864 
7627 59.872839 
7628 59.872829 
7629 59.872805 
7630 59.872767 
7631 59.87275 
7632 59.872732 
7633 59.872703 
7634 59.872662 
7635 59.872624 
7636 59.872604 
7637 59.87259 
7638 59.872576 
7639 59.872548 
7640 59.872485 
7641 59.872472 
7642 59.872448 
7643 59.872425 
7644 59.872407 
7645 59.872363 
7646 59.872336 
7647 59.872318 
7648 59.872295 
7649 59.872279 
7650 59.872225 
7651 59.87221 
7652 59.872185 
7653 59.872151 
7654 59.872136 
7655 59.872109 
7656 59.872098 
7657 59.872087 
7658 59.872064 
7659 59.872032 
7660 59.872015 
7661 59.871995 
7662 59.87198 
7663 59.871964 
7664 59.871946 
7665 59.87193 
7666 59.871892 
7667 59.871875 
7668 59.871857 
7669 59.871843 
7670 59.871829 
7671 59.871814 
7672 59.871794 
7673 59.871772 
7674 59.871764 
7675 59.871754 
7676 59.871732 
7677 59.871718 
7678 59.871682 
7679 59.871669 
7680 59.87165 
7681 59.87164 
7682 59.871631 
7683 59.871624 
7684 59.8716 
7685 59.871586 
7686 59.871575 
7687 59.871569 
7688 59.871561 
7689 59.87155 
7690 59.871544 
7691 59.871532 
7692 59.871523 
7693 59.871516 
7694 59.871499 
7695 59.871489 
7696 59.871482 
7697 59.87147 
7698 59.871451 
7699 59.871444 
7700 59.87144 
7701 59.871435 
7702 59.871426 
7703 59.871411 
7704 59.871405 
7705 59.871399 
7706 59.871394 
7707 59.871388 
7708 59.871384 
7709 59.871379 
7710 59.871367 
7711 59.871344 
7712 59.871334 
7713 59.871326 
7714 59.871311 
7715 59.871295 
7716 59.871286 
7717 59.871268 
7718 59.871247 
7719 59.871229 
7720 59.871216 
7721 59.871159 
7722 59.871143 
7723 59.871111 
7724 59.871022 
7725 59.871009 
7726 59.870991 
7727 59.870926 
7728 59.870865 
7729 59.870806 
7730 59.870757 
7731 59.870673 
7732 59.870506 
7733 59.870304 
7734 59.86896 
7735 59.868908 
7736 59.867469 
7737 59.866836 
7738 59.866812 
7739 59.863205 
7740 59.863149 
7741 59.862733 
7742 59.860734 
7743 59.860587 
7744 59.858439 
7745 59.857999 
7746 59.8568 
7747 59.856317 
7748 59.85624 
7749 59.856165 
7750 59.856023 
7751 59.855985 
7752 59.855962 
7753 59.855477 
7754 59.855442 
7755 59.855428 
7756 59.855275 
7757 59.855249 
7758 59.855225 
7759 59.855084 
7760 59.85503 
7761 59.854967 
7762 59.854902 
7763 59.854845 
7764 59.854769 
7765 59.854743 
7766 59.854719 
7767 59.854686 
7768 59.854643 
7769 59.854592 
7770 59.854575 
7771 59.854561 
7772 59.854531 
7773 59.85451 
7774 59.854498 
7775 59.854477 
7776 59.854452 
7777 59.85444 
7778 59.854427 
7779 59.854413 
7780 59.854393 
7781 59.854374 
7782 59.854357 
7783 59.854335 
7784 59.854301 
7785 59.85427 
7786 59.854259 
7787 59.854248 
7788 59.854224 
7789 59.854191 
7790 59.854162 
7791 59.854147 
7792 59.85413 
7793 59.854116 
7794 59.854108 
7795 59.854086 
7796 59.854077 
7797 59.854064 
7798 59.854057 
7799 59.85405 
7800 59.854042 
7801 59.854036 
7802 59.854028 
7803 59.854018 
7804 59.85401 
7805 59.853995 
7806 59.853992 
7807 59.85398 
7808 59.853968 
7809 59.853962 
7810 59.853955 
7811 59.85395 
7812 59.853941 
7813 59.853938 
7814 59.85393 
7815 59.853924 
7816 59.853914 
7817 59.85391 
7818 59.853902 
7819 59.854039 
7820 59.854024 
7821 59.854011 
7822 59.854001 
7823 59.853985 
7824 59.853973 
7825 59.853957 
7826 59.853927 
7827 59.853894 
7828 59.853868 
7829 59.853799 
7830 59.853742 
7831 59.85368 
7832 59.853648 
7833 59.853564 
7834 59.853458 
7835 59.853086 
7836 59.852685 
7837 59.852668 
7838 59.852522 
7839 59.851491 
7840 59.851343 
7841 59.850521 
7842 59.848979 
7843 59.848891 
7844 59.847823 
7845 59.847573 
7846 59.847546 
7847 59.847442 
7848 59.847377 
7849 59.847369 
7850 59.847305 
7851 59.847073 
7852 59.847049 
7853 59.847025 
7854 59.847003 
7855 59.846982 
7856 59.846971 
7857 59.846961 
7858 59.84695 
7859 59.846938 
7860 59.846925 
7861 59.846896 
7862 59.846886 
7863 59.846877 
7864 59.846868 
7865 59.846854 
7866 59.846847 
7867 59.846836 
7868 59.846824 
7869 59.846808 
7870 59.84679 
7871 59.846782 
7872 59.846768 
7873 59.846758 
7874 59.846741 
7875 59.846724 
7876 59.846719 
7877 59.846713 
7878 59.846702 
7879 59.846691 
7880 59.846675 
7881 59.846669 
7882 59.846652 
7883 59.846646 
7884 59.846629 
7885 59.846618 
7886 59.846609 
7887 59.846582 
7888 59.846573 
7889 59.846564 
7890 59.846549 
7891 59.846536 
7892 59.84653 
7893 59.846521 
7894 59.846513 
7895 59.846504 
7896 59.846497 
7897 59.846482 
7898 59.846475 
7899 59.846458 
7900 59.846447 
7901 59.846439 
7902 59.846431 
7903 59.846424 
7904 59.846417 
7905 59.846403 
7906 59.846394 
7907 59.846389 
7908 59.846383 
7909 59.846379 
7910 59.846366 
7911 59.84636 
7912 59.846353 
7913 59.846349 
7914 59.846344 
7915 59.84634 
7916 59.846334 
7917 59.846328 
7918 59.846323 
7919 59.846317 
7920 59.846312 
7921 59.846309 
7922 59.846305 
7923 59.846301 
7924 59.846299 
7925 59.846292 
7926 59.846289 
7927 59.846287 
7928 59.846283 
7929 59.846276 
7930 59.846273 
7931 59.846272 
7932 59.846268 
7933 59.846258 
7934 59.846255 
7935 59.846249 
7936 59.846242 
7937 59.846235 
7938 59.846229 
7939 59.846219 
7940 59.846217 
7941 59.846213 
7942 59.84621 
7943 59.8462 
7944 59.846192 
7945 59.846181 
7946 59.846169 
7947 59.846167 
7948 59.846162 
7949 59.84615 
7950 59.846107 
7951 59.846087 
7952 59.84605 
7953 59.846032 
7954 59.846006 
7955 59.845966 
7956 59.84591 
7957 59.845892 
7958 59.845853 
7959 59.845852 
7960 59.845819 
7961 59.844726 
7962 59.844701 
7963 59.844395 
7964 59.843073 
7965 59.843055 
7966 59.842325 
7967 59.840674 
7968 59.840623 
7969 59.840531 
7970 59.840395 
7971 59.83984 
7972 59.839771 
7973 59.839095 
7974 59.838592 
7975 59.838115 
7976 59.838102 
7977 59.837699 
7978 59.837624 
7979 59.837408 
7980 59.837288 
7981 59.837253 
7982 59.837145 
7983 59.837114 
7984 59.837089 
7985 59.837032 
7986 59.836975 
7987 59.836962 
7988 59.836918 
7989 59.836896 
7990 59.836819 
7991 59.836805 
7992 59.836792 
7993 59.836775 
7994 59.836761 
7995 59.836747 
7996 59.836723 
7997 59.83671 
7998 59.83669 
7999 59.836677 
8000 59.836666 
8001 59.836651 
8002 59.836637 
8003 59.836628 
8004 59.83662 
8005 59.836586 
8006 59.83657 
8007 59.836561 
8008 59.836543 
8009 59.836519 
8010 59.83651 
8011 59.836486 
8012 59.83646 
8013 59.836434 
8014 59.836425 
8015 59.836408 
8016 59.836401 
8017 59.836367 
8018 59.836346 
8019 59.83633 
8020 59.836326 
8021 59.836311 
8022 59.836299 
8023 59.836288 
8024 59.836282 
8025 59.836275 
8026 59.836258 
8027 59.836246 
8028 59.836235 
8029 59.836221 
8030 59.836213 
8031 59.836204 
8032 59.836196 
8033 59.836181 
8034 59.836174 
8035 59.83616 
8036 59.836155 
8037 59.836148 
8038 59.836142 
8039 59.836132 
8040 59.83612 
8041 59.836112 
8042 59.836104 
8043 59.8361 
8044 59.836095 
8045 59.836087 
8046 59.836084 
8047 59.836074 
8048 59.836067 
8049 59.836062 
8050 59.836055 
8051 59.836051 
8052 59.836048 
8053 59.836044 
8054 59.83604 
8055 59.836036 
8056 59.836032 
8057 59.836028 
8058 59.836024 
8059 59.836021 
8060 59.836017 
8061 59.836014 
8062 59.836013 
8063 59.836011 
8064 59.836003 
8065 59.836 
8066 59.835994 
8067 59.835992 
8068 59.835984 
8069 59.835981 
8070 59.835979 
8071 59.835977 
8072 59.835975 
8073 59.835974 
8074 59.835964 
8075 59.835962 
8076 59.835955 
8077 59.835951 
8078 59.835945 
8079 59.835942 
8080 59.835937 
8081 59.835929 
8082 59.83592 
8083 59.835914 
8084 59.835914 
8085 59.83591 
8086 59.835905 
8087 59.8359 
8088 59.835892 
8089 59.835879 
8090 59.835859 
8091 59.83585 
8092 59.835841 
8093 59.835832 
8094 59.835825 
8095 59.835812 
8096 59.8358 
8097 59.835788 
8098 59.835781 
8099 59.835765 
8100 59.835759 
8101 59.835744 
8102 59.835711 
8103 59.83569 
8104 59.835661 
8105 59.835649 
8106 59.835635 
8107 59.835616 
8108 59.835515 
8109 59.835415 
8110 59.834964 
8111 59.834855 
8112 59.83453 
8113 59.83444 
8114 59.832332 
8115 59.832181 
8116 59.832019 
8117 59.831618 
8118 59.831494 
8119 59.831486 
8120 59.831399 
8121 59.831088 
8122 59.830823 
8123 59.830634 
8124 59.830479 
8125 59.830307 
8126 59.830096 
8127 59.829981 
8128 59.829854 
8129 59.829765 
8130 59.829666 
8131 59.829565 
8132 59.829551 
8133 59.829451 
8134 59.829368 
8135 59.829298 
8136 59.829244 
8137 59.829202 
8138 59.829154 
8139 59.82913 
8140 59.829096 
8141 59.829069 
8142 59.829048 
8143 59.829036 
8144 59.829008 
8145 59.828969 
8146 59.828935 
8147 59.828862 
8148 59.828845 
8149 59.828772 
8150 59.82863 
8151 59.828515 
8152 59.828328 
8153 59.828236 
8154 59.827996 
8155 59.827992 
8156 59.827043 
8157 59.827024 
8158 59.827019 
8159 59.826736 
8160 59.825656 
8161 59.825567 
8162 59.825272 
8163 59.82417 
8164 59.823143 
8165 59.822854 
8166 59.822843 
8167 59.822773 
8168 59.822581 
8169 59.822176 
8170 59.821911 
8171 59.821729 
8172 59.821634 
8173 59.821582 
8174 59.821562 
8175 59.821531 
8176 59.821499 
8177 59.821475 
8178 59.821453 
8179 59.821427 
8180 59.821005 
8181 59.819792 
8182 59.819791 
8183 59.819752 
8184 59.819681 
8185 59.819388 
8186 59.819221 
8187 59.8174 
8188 59.817398 
8189 59.817051 
8190 59.816702 
8191 59.816461 
8192 59.816464 
8193 59.816133 
8194 59.815443 
8195 59.815422 
8196 59.815287 
8197 59.81525 
8198 59.815111 
8199 59.815083 
8200 59.815048 
8201 59.815019 
8202 59.814995 
8203 59.814984 
8204 59.814968 
8205 59.814945 
8206 59.814933 
8207 59.81491 
8208 59.814897 
8209 59.814872 
8210 59.814863 
8211 59.814843 
8212 59.814819 
8213 59.814797 
8214 59.814778 
8215 59.814741 
8216 59.814726 
8217 59.814713 
8218 59.814699 
8219 59.814679 
8220 59.814661 
8221 59.814643 
8222 59.814625 
8223 59.814616 
8224 59.814607 
8225 59.814599 
8226 59.814582 
8227 59.814561 
8228 59.814549 
8229 59.814528 
8230 59.814516 
8231 59.814488 
8232 59.81447 
8233 59.814462 
8234 59.81445 
8235 59.814437 
8236 59.814425 
8237 59.814406 
8238 59.8144 
8239 59.814383 
8240 59.814374 
8241 59.814362 
8242 59.814357 
8243 59.814347 
8244 59.814335 
8245 59.814329 
8246 59.814322 
8247 59.814316 
8248 59.814305 
8249 59.814297 
8250 59.814286 
8251 59.814281 
8252 59.814277 
8253 59.814273 
8254 59.814268 
8255 59.814264 
8256 59.814258 
8257 59.814248 
8258 59.814245 
8259 59.814237 
8260 59.814232 
8261 59.814225 
8262 59.814218 
8263 59.814215 
8264 59.81421 
8265 59.814207 
8266 59.814203 
8267 59.814201 
8268 59.814199 
8269 59.814197 
8270 59.814191 
8271 59.814189 
8272 59.814185 
8273 59.814181 
8274 59.814176 
8275 59.814172 
8276 59.814167 
8277 59.814164 
8278 59.81416 
8279 59.814157 
8280 59.814153 
8281 59.814147 
8282 59.814143 
8283 59.814139 
8284 59.814131 
8285 59.814124 
8286 59.814117 
8287 59.81411 
8288 59.814107 
8289 59.814102 
8290 59.814225 
8291 59.81422 
8292 59.81422 
8293 59.814179 
8294 59.814171 
8295 59.814155 
8296 59.814135 
8297 59.814077 
8298 59.814036 
8299 59.81397 
8300 59.813789 
8301 59.813009 
8302 59.813009 
8303 59.810163 
8304 59.809455 
8305 59.809446 
8306 59.809435 
8307 59.80939 
8308 59.809284 
8309 59.807208 
8310 59.807207 
8311 59.807143 
8312 59.806876 
8313 59.806792 
8314 59.804922 
8315 59.804798 
8316 59.803343 
8317 59.803257 
8318 59.803226 
8319 59.8032 
8320 59.803104 
8321 59.802955 
8322 59.802883 
8323 59.802641 
8324 59.802585 
8325 59.802534 
8326 59.802516 
8327 59.802476 
8328 59.802437 
8329 59.802414 
8330 59.802389 
8331 59.80236 
8332 59.802305 
8333 59.802261 
8334 59.802218 
8335 59.802121 
8336 59.802033 
8337 59.801991 
8338 59.801924 
8339 59.80187 
8340 59.801821 
8341 59.801786 
8342 59.801746 
8343 59.801699 
8344 59.801673 
8345 59.801616 
8346 59.801543 
8347 59.801497 
8348 59.801478 
8349 59.801445 
8350 59.801418 
8351 59.801398 
8352 59.801371 
8353 59.801329 
8354 59.801296 
8355 59.801256 
8356 59.801226 
8357 59.801215 
8358 59.801177 
8359 59.801157 
8360 59.801136 
8361 59.80112 
8362 59.801108 
8363 59.801093 
8364 59.801081 
8365 59.801068 
8366 59.80106 
8367 59.801043 
8368 59.801036 
8369 59.801025 
8370 59.801016 
8371 59.801007 
8372 59.800997 
8373 59.800992 
8374 59.800976 
8375 59.800955 
8376 59.800944 
8377 59.80093 
8378 59.800923 
8379 59.800909 
8380 59.800909 
8381 59.800891 
8382 59.800873 
8383 59.800863 
8384 59.800848 
8385 59.800823 
8386 59.800802 
8387 59.800786 
8388 59.800762 
8389 59.800737 
8390 59.800707 
8391 59.800669 
8392 59.800608 
8393 59.800608 
8394 59.800465 
8395 59.80037 
8396 59.800155 
8397 59.799885 
8398 59.79991 
8399 59.798335 
8400 59.798333 
8401 59.798332 
8402 59.798331 
8403 59.798311 
8404 59.796975 
8405 59.796445 
8406 59.796441 
8407 59.79644 
8408 59.796291 
8409 59.795012 
8410 59.795011 
8411 59.794981 
8412 59.794856 
8413 59.794699 
8414 59.794543 
8415 59.793084 
8416 59.793083 
8417 59.79303 
8418 59.792906 
8419 59.790294 
8420 59.79029 
8421 59.790281 
8422 59.79028 
8423 59.790117 
8424 59.78963 
8425 59.789429 
