ladder_gate,resolution,epsilon,kernel,normalization,label,knot_id,bundle_kind,bundle_mode,radius_ratio_to_hole,centerline_hole_radius,free_hole_radius,bundle_radius,tube_count,tube_core_radius,circulation_per_tube,total_circulation,mean_vorticity,clock_omega,clock_period,clock_phase,clock_cycles,valid_geometry,status,intrinsic_residual,total_normalized_residual,isolated_baseline_residual,residual_reduction_fraction,deformation_rate,background_nonrigid_rate,background_velocity_rms,energy_proxy,impulse_norm,final_recurrence_error,relative_energy_drift,relative_length_drift,final_clock_phase,final_clock_cycles
B6A_PHYSICAL_TUBES,96,0.04,rosenhead,fixed_sampled_reach,trefoil,3:1:1,discrete_axial_tubes,physical_tubes,0.75,0.2378919768200489,0.1978919768200489,0.14841898261503667,1,0.07420949130751833,-0.25,-0.25,-3.612528112799133,-1.8062640563995664,3.478553030448873,-1.8062640563995664,-0.287475853105209,True,FAIL_RELATIVE_EQUILIBRIUM_GATE,0.23332662891221462,0.22922586200971948,0.22160098248303411,-0.05291333232278528,0.13774695042705815,0.03323877540806184,0.10385297597872173,1.4270729665200546,1.209126647163918,,,,,
B6A_PHYSICAL_TUBES,96,0.04,rosenhead,fixed_sampled_reach,mirror_trefoil,3:1:1,discrete_axial_tubes,physical_tubes,0.75,0.2378919768200489,0.1978919768200489,0.14841898261503667,1,0.07420949130751833,-0.25,-0.25,-3.612528112799133,-1.8062640563995664,3.478553030448873,-1.8062640563995664,-0.287475853105209,True,FAIL_RELATIVE_EQUILIBRIUM_GATE,0.2238584550356311,0.22524220432167852,0.22160098248303411,-0.010187105342684077,0.13215730948597545,0.03323877540806184,0.10385297597872173,1.4270729665200546,1.209126647163918,,,,,
B6A_PHYSICAL_TUBES,96,0.04,rosenhead,fixed_sampled_reach,trefoil,3:1:1,discrete_axial_tubes,physical_tubes,0.75,0.2378919768200489,0.1978919768200489,0.14841898261503667,1,0.07420949130751833,-1.0,-1.0,-14.450112451196532,-7.225056225598266,0.8696382576122182,-7.225056225598266,-1.149903412420836,True,FAIL_RELATIVE_EQUILIBRIUM_GATE,0.3293689016578999,0.2902746794799387,0.22160098248303411,-0.48631516867537594,0.19444656608806912,0.13295510163224736,0.4154119039148869,1.4270729665200546,1.209126647163918,,,,,
B6A_PHYSICAL_TUBES,96,0.04,rosenhead,fixed_sampled_reach,mirror_trefoil,3:1:1,discrete_axial_tubes,physical_tubes,0.75,0.2378919768200489,0.1978919768200489,0.14841898261503667,1,0.07420949130751833,-1.0,-1.0,-14.450112451196532,-7.225056225598266,0.8696382576122182,-7.225056225598266,-1.149903412420836,True,FAIL_RELATIVE_EQUILIBRIUM_GATE,0.30194211681204186,0.288664965316871,0.22160098248303411,-0.3625486377758218,0.17825486096573015,0.13295510163224736,0.4154119039148869,1.4270729665200546,1.209126647163918,,,,,
B6A_PHYSICAL_TUBES,96,0.04,rosenhead,fixed_sampled_reach,trefoil,3:1:1,discrete_axial_tubes,physical_tubes,0.75,0.2378919768200489,0.1978919768200489,0.14841898261503667,7,0.02804855127432899,-0.25,-1.75,-25.28769678959393,-12.643848394796965,0.49693614720698187,-12.643848394796965,-2.0123309717364632,True,FAIL_RELATIVE_EQUILIBRIUM_GATE,0.46841392528523124,0.35376534082994693,0.22160098248303411,-1.11377187969414,0.27653333032074984,0.2324993446840255,0.7268797461312331,1.4270729665200546,1.209126647163918,,,,,
B6A_PHYSICAL_TUBES,96,0.04,rosenhead,fixed_sampled_reach,mirror_trefoil,3:1:1,discrete_axial_tubes,physical_tubes,0.75,0.2378919768200489,0.1978919768200489,0.14841898261503667,7,0.02804855127432899,-0.25,-1.75,-25.28769678959393,-12.643848394796965,0.49693614720698187,-12.643848394796965,-2.0123309717364632,True,FAIL_RELATIVE_EQUILIBRIUM_GATE,0.43474100295746676,0.3655053026437059,0.22160098248303411,-0.9618189327782007,0.2566541490020935,0.2324993446840255,0.7268797461312331,1.4270729665200546,1.209126647163918,,,,,
B6A_PHYSICAL_TUBES,96,0.04,rosenhead,fixed_sampled_reach,trefoil,3:1:1,discrete_axial_tubes,physical_tubes,0.75,0.2378919768200489,0.1978919768200489,0.14841898261503667,7,0.02804855127432899,-1.0,-7.0,-101.15078715837572,-50.57539357918786,0.12423403680174547,-50.57539357918786,-8.049323886945853,True,FAIL_RELATIVE_EQUILIBRIUM_GATE,1.6098166232103197,0.48493100076041035,0.22160098248303411,-6.264483239976466,0.9503730098352164,0.929997378736102,2.9075189845249323,1.4270729665200546,1.209126647163918,,,,,
B6A_PHYSICAL_TUBES,96,0.04,rosenhead,fixed_sampled_reach,mirror_trefoil,3:1:1,discrete_axial_tubes,physical_tubes,0.75,0.2378919768200489,0.1978919768200489,0.14841898261503667,7,0.02804855127432899,-1.0,-7.0,-101.15078715837572,-50.57539357918786,0.12423403680174547,-50.57539357918786,-8.049323886945853,True,FAIL_RELATIVE_EQUILIBRIUM_GATE,1.5715794912665604,0.5054786808762801,0.22160098248303411,-6.091933770586425,0.9277992969980436,0.929997378736102,2.9075189845249323,1.4270729665200546,1.209126647163918,,,,,
B6A_PHYSICAL_TUBES,96,0.04,rosenhead,fixed_sampled_reach,trefoil,3:1:1,discrete_axial_tubes,physical_tubes,0.75,0.2378919768200489,0.1978919768200489,0.14841898261503667,19,0.017024824908475393,-0.25,-4.75,-68.63803414318352,-34.31901707159176,0.18308173844467757,-34.31901707159176,-5.462041208998971,True,FAIL_RELATIVE_EQUILIBRIUM_GATE,1.1107721994685802,0.46270059500164495,0.22160098248303411,-4.012487702095912,0.655756626705127,0.6313062645446308,1.9730862199529122,1.4270729665200546,1.209126647163918,,,,,
B6A_PHYSICAL_TUBES,96,0.04,rosenhead,fixed_sampled_reach,mirror_trefoil,3:1:1,discrete_axial_tubes,physical_tubes,0.75,0.2378919768200489,0.1978919768200489,0.14841898261503667,19,0.017024824908475393,-0.25,-4.75,-68.63803414318352,-34.31901707159176,0.18308173844467757,-34.31901707159176,-5.462041208998971,True,FAIL_RELATIVE_EQUILIBRIUM_GATE,1.0730539108317565,0.4875313693337132,0.22160098248303411,-3.8422795729884003,0.6334892187402833,0.6313062645446308,1.9730862199529122,1.4270729665200546,1.209126647163918,,,,,
B6A_PHYSICAL_TUBES,96,0.04,rosenhead,fixed_sampled_reach,trefoil,3:1:1,discrete_axial_tubes,physical_tubes,0.75,0.2378919768200489,0.1978919768200489,0.14841898261503667,19,0.017024824908475393,-1.0,-19.0,-274.55213657273407,-137.27606828636704,0.04577043461116939,-137.27606828636704,-21.848164835995885,True,FAIL_RELATIVE_EQUILIBRIUM_GATE,4.302349594450566,0.5081090454501327,0.22160098248303411,-18.414848915572637,2.5399395648476335,2.525225058178523,7.892344879811649,1.4270729665200546,1.209126647163918,,,,,
B6A_PHYSICAL_TUBES,96,0.04,rosenhead,fixed_sampled_reach,mirror_trefoil,3:1:1,discrete_axial_tubes,physical_tubes,0.75,0.2378919768200489,0.1978919768200489,0.14841898261503667,19,0.017024824908475393,-1.0,-19.0,-274.55213657273407,-137.27606828636704,0.04577043461116939,-137.27606828636704,-21.848164835995885,True,FAIL_RELATIVE_EQUILIBRIUM_GATE,4.263886876856043,0.5169890925193651,0.22160098248303411,-18.241281464907264,2.5172326750319156,2.525225058178523,7.892344879811649,1.4270729665200546,1.209126647163918,,,,,
B6A_PHYSICAL_TUBES,96,0.04,rosenhead,fixed_sampled_reach,trefoil,3:1:1,discrete_axial_tubes,physical_tubes,0.75,0.2378919768200489,0.1978919768200489,0.14841898261503667,37,0.012199965219401728,-0.25,-9.25,-133.66354017356792,-66.83177008678396,0.09401494676888845,-66.83177008678396,-10.636606564892736,True,FAIL_RELATIVE_EQUILIBRIUM_GATE,2.1134834906805255,0.49518085275942725,0.22160098248303411,-8.537338088482233,1.2477183036348054,1.2295312207676372,3.8424025748599786,1.4270729665200546,1.209126647163918,,,,,
B6A_PHYSICAL_TUBES,96,0.04,rosenhead,fixed_sampled_reach,mirror_trefoil,3:1:1,discrete_axial_tubes,physical_tubes,0.75,0.2378919768200489,0.1978919768200489,0.14841898261503667,37,0.012199965219401728,-0.25,-9.25,-133.66354017356792,-66.83177008678396,0.09401494676888845,-66.83177008678396,-10.636606564892736,True,FAIL_RELATIVE_EQUILIBRIUM_GATE,2.075207615658839,0.5120022853006752,0.22160098248303411,-8.36461378648318,1.2251217183940002,1.2295312207676372,3.8424025748599786,1.4270729665200546,1.209126647163918,,,,,
B6A_PHYSICAL_TUBES,96,0.04,rosenhead,fixed_sampled_reach,trefoil,3:1:1,discrete_axial_tubes,physical_tubes,0.75,0.2378919768200489,0.1978919768200489,0.14841898261503667,37,0.012199965219401728,-1.0,-37.0,-534.6541606942717,-267.32708034713585,0.023503736692222114,-267.32708034713585,-42.54642625957094,True,FAIL_RELATIVE_EQUILIBRIUM_GATE,8.352870142098485,0.512403676920949,0.22160098248303411,-36.69329020343123,4.931209072669464,4.918124883070549,15.369610299439914,1.4270729665200546,1.209126647163918,,,,,
B6A_PHYSICAL_TUBES,96,0.04,rosenhead,fixed_sampled_reach,mirror_trefoil,3:1:1,discrete_axial_tubes,physical_tubes,0.75,0.2378919768200489,0.1978919768200489,0.14841898261503667,37,0.012199965219401728,-1.0,-37.0,-534.6541606942717,-267.32708034713585,0.023503736692222114,-267.32708034713585,-42.54642625957094,True,FAIL_RELATIVE_EQUILIBRIUM_GATE,8.314393323724682,0.5170524193548078,0.22160098248303411,-36.51965912137251,4.908493858303078,4.918124883070549,15.369610299439914,1.4270729665200546,1.209126647163918,,,,,
B6A_PHYSICAL_TUBES,96,0.04,rosenhead,fixed_sampled_reach,trefoil,3:1:1,discrete_axial_tubes,physical_tubes,0.75,0.2378919768200489,0.1978919768200489,0.14841898261503667,1,0.07420949130751833,0.25,0.25,3.612528112799133,1.8062640563995664,3.478553030448873,1.8062640563995664,0.287475853105209,True,FAIL_RELATIVE_EQUILIBRIUM_GATE,0.2238584550356311,0.22524220432167852,0.22160098248303411,-0.010187105342684077,0.13215730948597545,0.03323877540806184,0.10385297597872173,1.4270729665200546,1.209126647163918,,,,,
B6A_PHYSICAL_TUBES,96,0.04,rosenhead,fixed_sampled_reach,mirror_trefoil,3:1:1,discrete_axial_tubes,physical_tubes,0.75,0.2378919768200489,0.1978919768200489,0.14841898261503667,1,0.07420949130751833,0.25,0.25,3.612528112799133,1.8062640563995664,3.478553030448873,1.8062640563995664,0.287475853105209,True,FAIL_RELATIVE_EQUILIBRIUM_GATE,0.23332662891221462,0.22922586200971948,0.22160098248303411,-0.05291333232278528,0.13774695042705815,0.03323877540806184,0.10385297597872173,1.4270729665200546,1.209126647163918,,,,,
B6A_PHYSICAL_TUBES,96,0.04,rosenhead,fixed_sampled_reach,trefoil,3:1:1,discrete_axial_tubes,physical_tubes,0.75,0.2378919768200489,0.1978919768200489,0.14841898261503667,1,0.07420949130751833,1.0,1.0,14.450112451196532,7.225056225598266,0.8696382576122182,7.225056225598266,1.149903412420836,True,FAIL_RELATIVE_EQUILIBRIUM_GATE,0.30194211681204186,0.288664965316871,0.22160098248303411,-0.3625486377758218,0.17825486096573015,0.13295510163224736,0.4154119039148869,1.4270729665200546,1.209126647163918,,,,,
B6A_PHYSICAL_TUBES,96,0.04,rosenhead,fixed_sampled_reach,mirror_trefoil,3:1:1,discrete_axial_tubes,physical_tubes,0.75,0.2378919768200489,0.1978919768200489,0.14841898261503667,1,0.07420949130751833,1.0,1.0,14.450112451196532,7.225056225598266,0.8696382576122182,7.225056225598266,1.149903412420836,True,FAIL_RELATIVE_EQUILIBRIUM_GATE,0.3293689016578999,0.2902746794799387,0.22160098248303411,-0.48631516867537594,0.19444656608806912,0.13295510163224736,0.4154119039148869,1.4270729665200546,1.209126647163918,,,,,
B6A_PHYSICAL_TUBES,96,0.04,rosenhead,fixed_sampled_reach,trefoil,3:1:1,discrete_axial_tubes,physical_tubes,0.75,0.2378919768200489,0.1978919768200489,0.14841898261503667,7,0.02804855127432899,0.25,1.75,25.28769678959393,12.643848394796965,0.49693614720698187,12.643848394796965,2.0123309717364632,True,FAIL_RELATIVE_EQUILIBRIUM_GATE,0.43474100295746676,0.3655053026437059,0.22160098248303411,-0.9618189327782007,0.2566541490020935,0.2324993446840255,0.7268797461312331,1.4270729665200546,1.209126647163918,,,,,
B6A_PHYSICAL_TUBES,96,0.04,rosenhead,fixed_sampled_reach,mirror_trefoil,3:1:1,discrete_axial_tubes,physical_tubes,0.75,0.2378919768200489,0.1978919768200489,0.14841898261503667,7,0.02804855127432899,0.25,1.75,25.28769678959393,12.643848394796965,0.49693614720698187,12.643848394796965,2.0123309717364632,True,FAIL_RELATIVE_EQUILIBRIUM_GATE,0.46841392528523124,0.35376534082994693,0.22160098248303411,-1.11377187969414,0.27653333032074984,0.2324993446840255,0.7268797461312331,1.4270729665200546,1.209126647163918,,,,,
B6A_PHYSICAL_TUBES,96,0.04,rosenhead,fixed_sampled_reach,trefoil,3:1:1,discrete_axial_tubes,physical_tubes,0.75,0.2378919768200489,0.1978919768200489,0.14841898261503667,7,0.02804855127432899,1.0,7.0,101.15078715837572,50.57539357918786,0.12423403680174547,50.57539357918786,8.049323886945853,True,FAIL_RELATIVE_EQUILIBRIUM_GATE,1.5715794912665604,0.5054786808762801,0.22160098248303411,-6.091933770586425,0.9277992969980436,0.929997378736102,2.9075189845249323,1.4270729665200546,1.209126647163918,,,,,
B6A_PHYSICAL_TUBES,96,0.04,rosenhead,fixed_sampled_reach,mirror_trefoil,3:1:1,discrete_axial_tubes,physical_tubes,0.75,0.2378919768200489,0.1978919768200489,0.14841898261503667,7,0.02804855127432899,1.0,7.0,101.15078715837572,50.57539357918786,0.12423403680174547,50.57539357918786,8.049323886945853,True,FAIL_RELATIVE_EQUILIBRIUM_GATE,1.6098166232103197,0.48493100076041035,0.22160098248303411,-6.264483239976466,0.9503730098352164,0.929997378736102,2.9075189845249323,1.4270729665200546,1.209126647163918,,,,,
B6A_PHYSICAL_TUBES,96,0.04,rosenhead,fixed_sampled_reach,trefoil,3:1:1,discrete_axial_tubes,physical_tubes,0.75,0.2378919768200489,0.1978919768200489,0.14841898261503667,19,0.017024824908475393,0.25,4.75,68.63803414318352,34.31901707159176,0.18308173844467757,34.31901707159176,5.462041208998971,True,FAIL_RELATIVE_EQUILIBRIUM_GATE,1.0730539108317565,0.4875313693337132,0.22160098248303411,-3.8422795729884003,0.6334892187402833,0.6313062645446308,1.9730862199529122,1.4270729665200546,1.209126647163918,,,,,
B6A_PHYSICAL_TUBES,96,0.04,rosenhead,fixed_sampled_reach,mirror_trefoil,3:1:1,discrete_axial_tubes,physical_tubes,0.75,0.2378919768200489,0.1978919768200489,0.14841898261503667,19,0.017024824908475393,0.25,4.75,68.63803414318352,34.31901707159176,0.18308173844467757,34.31901707159176,5.462041208998971,True,FAIL_RELATIVE_EQUILIBRIUM_GATE,1.1107721994685802,0.46270059500164495,0.22160098248303411,-4.012487702095912,0.655756626705127,0.6313062645446308,1.9730862199529122,1.4270729665200546,1.209126647163918,,,,,
B6A_PHYSICAL_TUBES,96,0.04,rosenhead,fixed_sampled_reach,trefoil,3:1:1,discrete_axial_tubes,physical_tubes,0.75,0.2378919768200489,0.1978919768200489,0.14841898261503667,19,0.017024824908475393,1.0,19.0,274.55213657273407,137.27606828636704,0.04577043461116939,137.27606828636704,21.848164835995885,True,FAIL_RELATIVE_EQUILIBRIUM_GATE,4.263886876856043,0.5169890925193651,0.22160098248303411,-18.241281464907264,2.5172326750319156,2.525225058178523,7.892344879811649,1.4270729665200546,1.209126647163918,,,,,
B6A_PHYSICAL_TUBES,96,0.04,rosenhead,fixed_sampled_reach,mirror_trefoil,3:1:1,discrete_axial_tubes,physical_tubes,0.75,0.2378919768200489,0.1978919768200489,0.14841898261503667,19,0.017024824908475393,1.0,19.0,274.55213657273407,137.27606828636704,0.04577043461116939,137.27606828636704,21.848164835995885,True,FAIL_RELATIVE_EQUILIBRIUM_GATE,4.302349594450566,0.5081090454501327,0.22160098248303411,-18.414848915572637,2.5399395648476335,2.525225058178523,7.892344879811649,1.4270729665200546,1.209126647163918,,,,,
B6A_PHYSICAL_TUBES,96,0.04,rosenhead,fixed_sampled_reach,trefoil,3:1:1,discrete_axial_tubes,physical_tubes,0.75,0.2378919768200489,0.1978919768200489,0.14841898261503667,37,0.012199965219401728,0.25,9.25,133.66354017356792,66.83177008678396,0.09401494676888845,66.83177008678396,10.636606564892736,True,FAIL_RELATIVE_EQUILIBRIUM_GATE,2.075207615658839,0.5120022853006752,0.22160098248303411,-8.36461378648318,1.2251217183940002,1.2295312207676372,3.8424025748599786,1.4270729665200546,1.209126647163918,,,,,
B6A_PHYSICAL_TUBES,96,0.04,rosenhead,fixed_sampled_reach,mirror_trefoil,3:1:1,discrete_axial_tubes,physical_tubes,0.75,0.2378919768200489,0.1978919768200489,0.14841898261503667,37,0.012199965219401728,0.25,9.25,133.66354017356792,66.83177008678396,0.09401494676888845,66.83177008678396,10.636606564892736,True,FAIL_RELATIVE_EQUILIBRIUM_GATE,2.1134834906805255,0.49518085275942725,0.22160098248303411,-8.537338088482233,1.2477183036348054,1.2295312207676372,3.8424025748599786,1.4270729665200546,1.209126647163918,,,,,
B6A_PHYSICAL_TUBES,96,0.04,rosenhead,fixed_sampled_reach,trefoil,3:1:1,discrete_axial_tubes,physical_tubes,0.75,0.2378919768200489,0.1978919768200489,0.14841898261503667,37,0.012199965219401728,1.0,37.0,534.6541606942717,267.32708034713585,0.023503736692222114,267.32708034713585,42.54642625957094,True,FAIL_RELATIVE_EQUILIBRIUM_GATE,8.314393323724682,0.5170524193548078,0.22160098248303411,-36.51965912137251,4.908493858303078,4.918124883070549,15.369610299439914,1.4270729665200546,1.209126647163918,,,,,
B6A_PHYSICAL_TUBES,96,0.04,rosenhead,fixed_sampled_reach,mirror_trefoil,3:1:1,discrete_axial_tubes,physical_tubes,0.75,0.2378919768200489,0.1978919768200489,0.14841898261503667,37,0.012199965219401728,1.0,37.0,534.6541606942717,267.32708034713585,0.023503736692222114,267.32708034713585,42.54642625957094,True,FAIL_RELATIVE_EQUILIBRIUM_GATE,8.352870142098485,0.512403676920949,0.22160098248303411,-36.69329020343123,4.931209072669464,4.918124883070549,15.369610299439914,1.4270729665200546,1.209126647163918,,,,,
B6A_PHYSICAL_TUBES,96,0.04,rosenhead,fixed_sampled_reach,trefoil,3:1:1,discrete_axial_tubes,physical_tubes,1.0,0.2378919768200489,0.1978919768200489,0.1978919768200489,1,0.09894598841002444,-0.25,-0.25,-2.0320470634495122,-1.0160235317247561,6.1840942763535525,-1.0160235317247561,-0.1617051673716801,True,FAIL_RELATIVE_EQUILIBRIUM_GATE,0.23332662891221462,0.22922586200971948,0.22160098248303411,-0.05291333232278528,0.13774695042705815,0.03323877540806184,0.10385297597872173,1.4270729665200546,1.209126647163918,,,,,
B6A_PHYSICAL_TUBES,96,0.04,rosenhead,fixed_sampled_reach,mirror_trefoil,3:1:1,discrete_axial_tubes,physical_tubes,1.0,0.2378919768200489,0.1978919768200489,0.1978919768200489,1,0.09894598841002444,-0.25,-0.25,-2.0320470634495122,-1.0160235317247561,6.1840942763535525,-1.0160235317247561,-0.1617051673716801,True,FAIL_RELATIVE_EQUILIBRIUM_GATE,0.2238584550356311,0.22524220432167852,0.22160098248303411,-0.010187105342684077,0.13215730948597545,0.03323877540806184,0.10385297597872173,1.4270729665200546,1.209126647163918,,,,,
B6A_PHYSICAL_TUBES,96,0.04,rosenhead,fixed_sampled_reach,trefoil,3:1:1,discrete_axial_tubes,physical_tubes,1.0,0.2378919768200489,0.1978919768200489,0.1978919768200489,1,0.09894598841002444,-1.0,-1.0,-8.128188253798049,-4.0640941268990245,1.5460235690883881,-4.0640941268990245,-0.6468206694867203,True,FAIL_RELATIVE_EQUILIBRIUM_GATE,0.3293689016578999,0.2902746794799387,0.22160098248303411,-0.48631516867537594,0.19444656608806912,0.13295510163224736,0.4154119039148869,1.4270729665200546,1.209126647163918,,,,,
B6A_PHYSICAL_TUBES,96,0.04,rosenhead,fixed_sampled_reach,mirror_trefoil,3:1:1,discrete_axial_tubes,physical_tubes,1.0,0.2378919768200489,0.1978919768200489,0.1978919768200489,1,0.09894598841002444,-1.0,-1.0,-8.128188253798049,-4.0640941268990245,1.5460235690883881,-4.0640941268990245,-0.6468206694867203,True,FAIL_RELATIVE_EQUILIBRIUM_GATE,0.30194211681204186,0.288664965316871,0.22160098248303411,-0.3625486377758218,0.17825486096573015,0.13295510163224736,0.4154119039148869,1.4270729665200546,1.209126647163918,,,,,
B6A_PHYSICAL_TUBES,96,0.04,rosenhead,fixed_sampled_reach,trefoil,3:1:1,discrete_axial_tubes,physical_tubes,1.0,0.2378919768200489,0.1978919768200489,0.1978919768200489,7,0.03739806836577199,-0.25,-1.75,-14.224329444146585,-7.112164722073293,0.883442039479079,-7.112164722073293,-1.1319361716017606,True,FAIL_RELATIVE_EQUILIBRIUM_GATE,0.46860116877113034,0.35400629146408563,0.22160098248303411,-1.1146168375269125,0.27664387157911446,0.23238551030018395,0.7267255853195418,1.4270729665200546,1.209126647163918,,,,,
B6A_PHYSICAL_TUBES,96,0.04,rosenhead,fixed_sampled_reach,mirror_trefoil,3:1:1,discrete_axial_tubes,physical_tubes,1.0,0.2378919768200489,0.1978919768200489,0.1978919768200489,7,0.03739806836577199,-0.25,-1.75,-14.224329444146585,-7.112164722073293,0.883442039479079,-7.112164722073293,-1.1319361716017606,True,FAIL_RELATIVE_EQUILIBRIUM_GATE,0.434189603254118,0.36518144648342143,0.22160098248303411,-0.9593306780007609,0.25632862410184193,0.23238551030018395,0.7267255853195418,1.4270729665200546,1.209126647163918,,,,,
B6A_PHYSICAL_TUBES,96,0.04,rosenhead,fixed_sampled_reach,trefoil,3:1:1,discrete_axial_tubes,physical_tubes,1.0,0.2378919768200489,0.1978919768200489,0.1978919768200489,7,0.03739806836577199,-1.0,-7.0,-56.89731777658634,-28.44865888829317,0.22086050986976974,-28.44865888829317,-4.5277446864070425,True,FAIL_RELATIVE_EQUILIBRIUM_GATE,1.609468636419739,0.48518627405729786,0.22160098248303411,-6.262912909436044,0.9501675719929312,0.9295420412007358,2.906902341278167,1.4270729665200546,1.209126647163918,,,,,
B6A_PHYSICAL_TUBES,96,0.04,rosenhead,fixed_sampled_reach,mirror_trefoil,3:1:1,discrete_axial_tubes,physical_tubes,1.0,0.2378919768200489,0.1978919768200489,0.1978919768200489,7,0.03739806836577199,-1.0,-7.0,-56.89731777658634,-28.44865888829317,0.22086050986976974,-28.44865888829317,-4.5277446864070425,True,FAIL_RELATIVE_EQUILIBRIUM_GATE,1.5703896065690226,0.5055338607691522,0.22160098248303411,-6.086564278609425,0.9270968354349989,0.9295420412007358,2.906902341278167,1.4270729665200546,1.209126647163918,,,,,
B6A_PHYSICAL_TUBES,96,0.04,rosenhead,fixed_sampled_reach,trefoil,3:1:1,discrete_axial_tubes,physical_tubes,1.0,0.2378919768200489,0.1978919768200489,0.1978919768200489,19,0.02269976654463386,-0.25,-4.75,-38.60889420554073,-19.304447102770364,0.32547864612387123,-19.304447102770364,-3.072398180061921,True,FAIL_RELATIVE_EQUILIBRIUM_GATE,1.108015478493763,0.461982324629599,0.22160098248303411,-4.000047680648678,0.6541291660538089,0.6294707320258337,1.9720676184060888,1.4270729665200546,1.209126647163918,,,,,
B6A_PHYSICAL_TUBES,96,0.04,rosenhead,fixed_sampled_reach,mirror_trefoil,3:1:1,discrete_axial_tubes,physical_tubes,1.0,0.2378919768200489,0.1978919768200489,0.1978919768200489,19,0.02269976654463386,-0.25,-4.75,-38.60889420554073,-19.304447102770364,0.32547864612387123,-19.304447102770364,-3.072398180061921,True,FAIL_RELATIVE_EQUILIBRIUM_GATE,1.069710880871253,0.48655560685269444,0.22160098248303411,-3.827193764599625,0.6315156241086182,0.6294707320258337,1.9720676184060888,1.4270729665200546,1.209126647163918,,,,,
B6A_PHYSICAL_TUBES,96,0.04,rosenhead,fixed_sampled_reach,trefoil,3:1:1,discrete_axial_tubes,physical_tubes,1.0,0.2378919768200489,0.1978919768200489,0.1978919768200489,19,0.02269976654463386,-1.0,-19.0,-154.43557682216291,-77.21778841108146,0.08136966153096781,-77.21778841108146,-12.289592720247684,True,FAIL_RELATIVE_EQUILIBRIUM_GATE,4.290229164762885,0.5072868294646137,0.22160098248303411,-18.360154078248943,2.532784135417538,2.517882928103335,7.888270473624355,1.4270729665200546,1.209126647163918,,,,,
B6A_PHYSICAL_TUBES,96,0.04,rosenhead,fixed_sampled_reach,mirror_trefoil,3:1:1,discrete_axial_tubes,physical_tubes,1.0,0.2378919768200489,0.1978919768200489,0.1978919768200489,19,0.02269976654463386,-1.0,-19.0,-154.43557682216291,-77.21778841108146,0.08136966153096781,-77.21778841108146,-12.289592720247684,True,FAIL_RELATIVE_EQUILIBRIUM_GATE,4.25116437678813,0.5161010894238771,0.22160098248303411,-18.18386971553071,2.5097218067082556,2.517882928103335,7.888270473624355,1.4270729665200546,1.209126647163918,,,,,
B6A_PHYSICAL_TUBES,96,0.04,rosenhead,fixed_sampled_reach,trefoil,3:1:1,discrete_axial_tubes,physical_tubes,1.0,0.2378919768200489,0.1978919768200489,0.1978919768200489,37,0.016266620292535637,-0.25,-9.25,-75.18574134763195,-37.59287067381597,0.16713768314469063,-37.59287067381597,-5.983091192752163,True,FAIL_RELATIVE_EQUILIBRIUM_GATE,2.110151876064185,0.49471868378156547,0.22160098248303411,-8.522303793151004,1.2457514481775493,1.227452797449217,3.8412597178812704,1.4270729665200546,1.209126647163918,,,,,
B6A_PHYSICAL_TUBES,96,0.04,rosenhead,fixed_sampled_reach,mirror_trefoil,3:1:1,discrete_axial_tubes,physical_tubes,1.0,0.2378919768200489,0.1978919768200489,0.1978919768200489,37,0.016266620292535637,-0.25,-9.25,-75.18574134763195,-37.59287067381597,0.16713768314469063,-37.59287067381597,-5.983091192752163,True,FAIL_RELATIVE_EQUILIBRIUM_GATE,2.0715341898686903,0.5114623541912986,0.22160098248303411,-8.348037028794709,1.2229530709379766,1.227452797449217,3.8412597178812704,1.4270729665200546,1.209126647163918,,,,,
B6A_PHYSICAL_TUBES,96,0.04,rosenhead,fixed_sampled_reach,trefoil,3:1:1,discrete_axial_tubes,physical_tubes,1.0,0.2378919768200489,0.1978919768200489,0.1978919768200489,37,0.016266620292535637,-1.0,-37.0,-300.7429653905278,-150.3714826952639,0.04178442078617266,-150.3714826952639,-23.93236477100865,True,FAIL_RELATIVE_EQUILIBRIUM_GATE,8.338964436174308,0.5119125325824575,0.22160098248303411,-36.63053910111948,4.922999685710415,4.909811189796868,15.365038871525082,1.4270729665200546,1.209126647163918,,,,,
B6A_PHYSICAL_TUBES,96,0.04,rosenhead,fixed_sampled_reach,mirror_trefoil,3:1:1,discrete_axial_tubes,physical_tubes,1.0,0.2378919768200489,0.1978919768200489,0.1978919768200489,37,0.016266620292535637,-1.0,-37.0,-300.7429653905278,-150.3714826952639,0.04178442078617266,-150.3714826952639,-23.93236477100865,True,FAIL_RELATIVE_EQUILIBRIUM_GATE,8.300143354589176,0.5165418683027924,0.22160098248303411,-36.45535449160131,4.900081231757849,4.909811189796868,15.365038871525082,1.4270729665200546,1.209126647163918,,,,,
B6A_PHYSICAL_TUBES,96,0.04,rosenhead,fixed_sampled_reach,trefoil,3:1:1,discrete_axial_tubes,physical_tubes,1.0,0.2378919768200489,0.1978919768200489,0.1978919768200489,1,0.09894598841002444,0.25,0.25,2.0320470634495122,1.0160235317247561,6.1840942763535525,1.0160235317247561,0.1617051673716801,True,FAIL_RELATIVE_EQUILIBRIUM_GATE,0.2238584550356311,0.22524220432167852,0.22160098248303411,-0.010187105342684077,0.13215730948597545,0.03323877540806184,0.10385297597872173,1.4270729665200546,1.209126647163918,,,,,
B6A_PHYSICAL_TUBES,96,0.04,rosenhead,fixed_sampled_reach,mirror_trefoil,3:1:1,discrete_axial_tubes,physical_tubes,1.0,0.2378919768200489,0.1978919768200489,0.1978919768200489,1,0.09894598841002444,0.25,0.25,2.0320470634495122,1.0160235317247561,6.1840942763535525,1.0160235317247561,0.1617051673716801,True,FAIL_RELATIVE_EQUILIBRIUM_GATE,0.23332662891221462,0.22922586200971948,0.22160098248303411,-0.05291333232278528,0.13774695042705815,0.03323877540806184,0.10385297597872173,1.4270729665200546,1.209126647163918,,,,,
B6A_PHYSICAL_TUBES,96,0.04,rosenhead,fixed_sampled_reach,trefoil,3:1:1,discrete_axial_tubes,physical_tubes,1.0,0.2378919768200489,0.1978919768200489,0.1978919768200489,1,0.09894598841002444,1.0,1.0,8.128188253798049,4.0640941268990245,1.5460235690883881,4.0640941268990245,0.6468206694867203,True,FAIL_RELATIVE_EQUILIBRIUM_GATE,0.30194211681204186,0.288664965316871,0.22160098248303411,-0.3625486377758218,0.17825486096573015,0.13295510163224736,0.4154119039148869,1.4270729665200546,1.209126647163918,,,,,
B6A_PHYSICAL_TUBES,96,0.04,rosenhead,fixed_sampled_reach,mirror_trefoil,3:1:1,discrete_axial_tubes,physical_tubes,1.0,0.2378919768200489,0.1978919768200489,0.1978919768200489,1,0.09894598841002444,1.0,1.0,8.128188253798049,4.0640941268990245,1.5460235690883881,4.0640941268990245,0.6468206694867203,True,FAIL_RELATIVE_EQUILIBRIUM_GATE,0.3293689016578999,0.2902746794799387,0.22160098248303411,-0.48631516867537594,0.19444656608806912,0.13295510163224736,0.4154119039148869,1.4270729665200546,1.209126647163918,,,,,
B6A_PHYSICAL_TUBES,96,0.04,rosenhead,fixed_sampled_reach,trefoil,3:1:1,discrete_axial_tubes,physical_tubes,1.0,0.2378919768200489,0.1978919768200489,0.1978919768200489,7,0.03739806836577199,0.25,1.75,14.224329444146585,7.112164722073293,0.883442039479079,7.112164722073293,1.1319361716017606,True,FAIL_RELATIVE_EQUILIBRIUM_GATE,0.434189603254118,0.36518144648342143,0.22160098248303411,-0.9593306780007609,0.25632862410184193,0.23238551030018395,0.7267255853195418,1.4270729665200546,1.209126647163918,,,,,
B6A_PHYSICAL_TUBES,96,0.04,rosenhead,fixed_sampled_reach,mirror_trefoil,3:1:1,discrete_axial_tubes,physical_tubes,1.0,0.2378919768200489,0.1978919768200489,0.1978919768200489,7,0.03739806836577199,0.25,1.75,14.224329444146585,7.112164722073293,0.883442039479079,7.112164722073293,1.1319361716017606,True,FAIL_RELATIVE_EQUILIBRIUM_GATE,0.46860116877113034,0.35400629146408563,0.22160098248303411,-1.1146168375269125,0.27664387157911446,0.23238551030018395,0.7267255853195418,1.4270729665200546,1.209126647163918,,,,,
B6A_PHYSICAL_TUBES,96,0.04,rosenhead,fixed_sampled_reach,trefoil,3:1:1,discrete_axial_tubes,physical_tubes,1.0,0.2378919768200489,0.1978919768200489,0.1978919768200489,7,0.03739806836577199,1.0,7.0,56.89731777658634,28.44865888829317,0.22086050986976974,28.44865888829317,4.5277446864070425,True,FAIL_RELATIVE_EQUILIBRIUM_GATE,1.5703896065690226,0.5055338607691522,0.22160098248303411,-6.086564278609425,0.9270968354349989,0.9295420412007358,2.906902341278167,1.4270729665200546,1.209126647163918,,,,,
B6A_PHYSICAL_TUBES,96,0.04,rosenhead,fixed_sampled_reach,mirror_trefoil,3:1:1,discrete_axial_tubes,physical_tubes,1.0,0.2378919768200489,0.1978919768200489,0.1978919768200489,7,0.03739806836577199,1.0,7.0,56.89731777658634,28.44865888829317,0.22086050986976974,28.44865888829317,4.5277446864070425,True,FAIL_RELATIVE_EQUILIBRIUM_GATE,1.609468636419739,0.48518627405729786,0.22160098248303411,-6.262912909436044,0.9501675719929312,0.9295420412007358,2.906902341278167,1.4270729665200546,1.209126647163918,,,,,
B6A_PHYSICAL_TUBES,96,0.04,rosenhead,fixed_sampled_reach,trefoil,3:1:1,discrete_axial_tubes,physical_tubes,1.0,0.2378919768200489,0.1978919768200489,0.1978919768200489,19,0.02269976654463386,0.25,4.75,38.60889420554073,19.304447102770364,0.32547864612387123,19.304447102770364,3.072398180061921,True,FAIL_RELATIVE_EQUILIBRIUM_GATE,1.069710880871253,0.48655560685269444,0.22160098248303411,-3.827193764599625,0.6315156241086182,0.6294707320258337,1.9720676184060888,1.4270729665200546,1.209126647163918,,,,,
B6A_PHYSICAL_TUBES,96,0.04,rosenhead,fixed_sampled_reach,mirror_trefoil,3:1:1,discrete_axial_tubes,physical_tubes,1.0,0.2378919768200489,0.1978919768200489,0.1978919768200489,19,0.02269976654463386,0.25,4.75,38.60889420554073,19.304447102770364,0.32547864612387123,19.304447102770364,3.072398180061921,True,FAIL_RELATIVE_EQUILIBRIUM_GATE,1.108015478493763,0.461982324629599,0.22160098248303411,-4.000047680648678,0.6541291660538089,0.6294707320258337,1.9720676184060888,1.4270729665200546,1.209126647163918,,,,,
B6A_PHYSICAL_TUBES,96,0.04,rosenhead,fixed_sampled_reach,trefoil,3:1:1,discrete_axial_tubes,physical_tubes,1.0,0.2378919768200489,0.1978919768200489,0.1978919768200489,19,0.02269976654463386,1.0,19.0,154.43557682216291,77.21778841108146,0.08136966153096781,77.21778841108146,12.289592720247684,True,FAIL_RELATIVE_EQUILIBRIUM_GATE,4.25116437678813,0.5161010894238771,0.22160098248303411,-18.18386971553071,2.5097218067082556,2.517882928103335,7.888270473624355,1.4270729665200546,1.209126647163918,,,,,
B6A_PHYSICAL_TUBES,96,0.04,rosenhead,fixed_sampled_reach,mirror_trefoil,3:1:1,discrete_axial_tubes,physical_tubes,1.0,0.2378919768200489,0.1978919768200489,0.1978919768200489,19,0.02269976654463386,1.0,19.0,154.43557682216291,77.21778841108146,0.08136966153096781,77.21778841108146,12.289592720247684,True,FAIL_RELATIVE_EQUILIBRIUM_GATE,4.290229164762885,0.5072868294646137,0.22160098248303411,-18.360154078248943,2.532784135417538,2.517882928103335,7.888270473624355,1.4270729665200546,1.209126647163918,,,,,
B6A_PHYSICAL_TUBES,96,0.04,rosenhead,fixed_sampled_reach,trefoil,3:1:1,discrete_axial_tubes,physical_tubes,1.0,0.2378919768200489,0.1978919768200489,0.1978919768200489,37,0.016266620292535637,0.25,9.25,75.18574134763195,37.59287067381597,0.16713768314469063,37.59287067381597,5.983091192752163,True,FAIL_RELATIVE_EQUILIBRIUM_GATE,2.0715341898686903,0.5114623541912986,0.22160098248303411,-8.348037028794709,1.2229530709379766,1.227452797449217,3.8412597178812704,1.4270729665200546,1.209126647163918,,,,,
B6A_PHYSICAL_TUBES,96,0.04,rosenhead,fixed_sampled_reach,mirror_trefoil,3:1:1,discrete_axial_tubes,physical_tubes,1.0,0.2378919768200489,0.1978919768200489,0.1978919768200489,37,0.016266620292535637,0.25,9.25,75.18574134763195,37.59287067381597,0.16713768314469063,37.59287067381597,5.983091192752163,True,FAIL_RELATIVE_EQUILIBRIUM_GATE,2.110151876064185,0.49471868378156547,0.22160098248303411,-8.522303793151004,1.2457514481775493,1.227452797449217,3.8412597178812704,1.4270729665200546,1.209126647163918,,,,,
B6A_PHYSICAL_TUBES,96,0.04,rosenhead,fixed_sampled_reach,trefoil,3:1:1,discrete_axial_tubes,physical_tubes,1.0,0.2378919768200489,0.1978919768200489,0.1978919768200489,37,0.016266620292535637,1.0,37.0,300.7429653905278,150.3714826952639,0.04178442078617266,150.3714826952639,23.93236477100865,True,FAIL_RELATIVE_EQUILIBRIUM_GATE,8.300143354589176,0.5165418683027924,0.22160098248303411,-36.45535449160131,4.900081231757849,4.909811189796868,15.365038871525082,1.4270729665200546,1.209126647163918,,,,,
B6A_PHYSICAL_TUBES,96,0.04,rosenhead,fixed_sampled_reach,mirror_trefoil,3:1:1,discrete_axial_tubes,physical_tubes,1.0,0.2378919768200489,0.1978919768200489,0.1978919768200489,37,0.016266620292535637,1.0,37.0,300.7429653905278,150.3714826952639,0.04178442078617266,150.3714826952639,23.93236477100865,True,FAIL_RELATIVE_EQUILIBRIUM_GATE,8.338964436174308,0.5119125325824575,0.22160098248303411,-36.63053910111948,4.922999685710415,4.909811189796868,15.365038871525082,1.4270729665200546,1.209126647163918,,,,,
B6A_PHYSICAL_TUBES,96,0.04,winckelmans,fixed_sampled_reach,trefoil,3:1:1,discrete_axial_tubes,physical_tubes,0.75,0.2378919768200489,0.1978919768200489,0.14841898261503667,1,0.07420949130751833,-0.25,-0.25,-3.612528112799133,-1.8062640563995664,3.478553030448873,-1.8062640563995664,-0.287475853105209,True,FAIL_RELATIVE_EQUILIBRIUM_GATE,0.2328697045711769,0.22946767498429105,0.22378900720029954,-0.04057704837463172,0.1430731623638579,0.03323877540806184,0.10385297597872173,1.4270729665200546,1.209126647163918,,,,,
B6A_PHYSICAL_TUBES,96,0.04,winckelmans,fixed_sampled_reach,mirror_trefoil,3:1:1,discrete_axial_tubes,physical_tubes,0.75,0.2378919768200489,0.1978919768200489,0.14841898261503667,1,0.07420949130751833,-0.25,-0.25,-3.612528112799133,-1.8062640563995664,3.478553030448873,-1.8062640563995664,-0.287475853105209,True,FAIL_RELATIVE_EQUILIBRIUM_GATE,0.22757071283721014,0.2284692467256564,0.22378900720029954,-0.01689853172066602,0.13981750699162016,0.03323877540806184,0.10385297597872173,1.4270729665200546,1.209126647163918,,,,,
B6A_PHYSICAL_TUBES,96,0.04,winckelmans,fixed_sampled_reach,trefoil,3:1:1,discrete_axial_tubes,physical_tubes,0.75,0.2378919768200489,0.1978919768200489,0.14841898261503667,1,0.07420949130751833,-1.0,-1.0,-14.450112451196532,-7.225056225598266,0.8696382576122182,-7.225056225598266,-1.149903412420836,True,FAIL_RELATIVE_EQUILIBRIUM_GATE,0.3190466626728008,0.2851802269642294,0.22378900720029954,-0.42565833176623413,0.19601955116613531,0.13295510163224736,0.4154119039148869,1.4270729665200546,1.209126647163918,,,,,
B6A_PHYSICAL_TUBES,96,0.04,winckelmans,fixed_sampled_reach,mirror_trefoil,3:1:1,discrete_axial_tubes,physical_tubes,0.75,0.2378919768200489,0.1978919768200489,0.14841898261503667,1,0.07420949130751833,-1.0,-1.0,-14.450112451196532,-7.225056225598266,0.8696382576122182,-7.225056225598266,-1.149903412420836,True,FAIL_RELATIVE_EQUILIBRIUM_GATE,0.30336659852285464,0.28915335426319994,0.22378900720029954,-0.3555920476975447,0.18638585335159089,0.13295510163224736,0.4154119039148869,1.4270729665200546,1.209126647163918,,,,,
B6A_PHYSICAL_TUBES,96,0.04,winckelmans,fixed_sampled_reach,trefoil,3:1:1,discrete_axial_tubes,physical_tubes,0.75,0.2378919768200489,0.1978919768200489,0.14841898261503667,7,0.02804855127432899,-0.25,-1.75,-25.28769678959393,-12.643848394796965,0.49693614720698187,-12.643848394796965,-2.0123309717364632,True,FAIL_RELATIVE_EQUILIBRIUM_GATE,0.44931041829450086,0.3475604268148262,0.22378900720029954,-1.0077412376755004,0.2760524927310734,0.2324993446840255,0.7268797461312331,1.4270729665200546,1.209126647163918,,,,,
B6A_PHYSICAL_TUBES,96,0.04,winckelmans,fixed_sampled_reach,mirror_trefoil,3:1:1,discrete_axial_tubes,physical_tubes,0.75,0.2378919768200489,0.1978919768200489,0.14841898261503667,7,0.02804855127432899,-0.25,-1.75,-25.28769678959393,-12.643848394796965,0.49693614720698187,-12.643848394796965,-2.0123309717364632,True,FAIL_RELATIVE_EQUILIBRIUM_GATE,0.429755552292551,0.36228811923881954,0.22378900720029954,-0.9203604219393302,0.2640381496732142,0.2324993446840255,0.7268797461312331,1.4270729665200546,1.209126647163918,,,,,
B6A_PHYSICAL_TUBES,96,0.04,winckelmans,fixed_sampled_reach,trefoil,3:1:1,discrete_axial_tubes,physical_tubes,0.75,0.2378919768200489,0.1978919768200489,0.14841898261503667,7,0.02804855127432899,-1.0,-7.0,-101.15078715837572,-50.57539357918786,0.12423403680174547,-50.57539357918786,-8.049323886945853,True,FAIL_RELATIVE_EQUILIBRIUM_GATE,1.5413353730068,0.4836803314321358,0.22378900720029954,-5.887448996220119,0.9469833205029726,0.929997378736102,2.9075189845249323,1.4270729665200546,1.209126647163918,,,,,
B6A_PHYSICAL_TUBES,96,0.04,winckelmans,fixed_sampled_reach,mirror_trefoil,3:1:1,discrete_axial_tubes,physical_tubes,0.75,0.2378919768200489,0.1978919768200489,0.14841898261503667,7,0.02804855127432899,-1.0,-7.0,-101.15078715837572,-50.57539357918786,0.12423403680174547,-50.57539357918786,-8.049323886945853,True,FAIL_RELATIVE_EQUILIBRIUM_GATE,1.5188662426412656,0.5035377374118236,0.22378900720029954,-5.7870458055244125,0.9331784782505953,0.929997378736102,2.9075189845249323,1.4270729665200546,1.209126647163918,,,,,
B6A_PHYSICAL_TUBES,96,0.04,winckelmans,fixed_sampled_reach,trefoil,3:1:1,discrete_axial_tubes,physical_tubes,0.75,0.2378919768200489,0.1978919768200489,0.14841898261503667,19,0.017024824908475393,-0.25,-4.75,-68.63803414318352,-34.31901707159176,0.18308173844467757,-34.31901707159176,-5.462041208998971,True,FAIL_RELATIVE_EQUILIBRIUM_GATE,1.0626108959565999,0.46018178317182346,0.22378900720029954,-3.748271191915711,0.652859080689625,0.6313062645446308,1.9730862199529122,1.4270729665200546,1.209126647163918,,,,,
B6A_PHYSICAL_TUBES,96,0.04,winckelmans,fixed_sampled_reach,mirror_trefoil,3:1:1,discrete_axial_tubes,physical_tubes,0.75,0.2378919768200489,0.1978919768200489,0.14841898261503667,19,0.017024824908475393,-0.25,-4.75,-68.63803414318352,-34.31901707159176,0.18308173844467757,-34.31901707159176,-5.462041208998971,True,FAIL_RELATIVE_EQUILIBRIUM_GATE,1.0405099013655845,0.4843379483467248,0.22378900720029954,-3.649513013989509,0.6392804179204772,0.6313062645446308,1.9730862199529122,1.4270729665200546,1.209126647163918,,,,,
B6A_PHYSICAL_TUBES,96,0.04,winckelmans,fixed_sampled_reach,trefoil,3:1:1,discrete_axial_tubes,physical_tubes,0.75,0.2378919768200489,0.1978919768200489,0.14841898261503667,19,0.017024824908475393,-1.0,-19.0,-274.55213657273407,-137.27606828636704,0.04577043461116939,-137.27606828636704,-21.848164835995885,True,FAIL_RELATIVE_EQUILIBRIUM_GATE,4.1274885214789325,0.5080146237477058,0.22378900720029954,-17.443660719155325,2.535893780068837,2.525225058178523,7.892344879811649,1.4270729665200546,1.209126647163918,,,,,
B6A_PHYSICAL_TUBES,96,0.04,winckelmans,fixed_sampled_reach,mirror_trefoil,3:1:1,discrete_axial_tubes,physical_tubes,0.75,0.2378919768200489,0.1978919768200489,0.14841898261503667,19,0.017024824908475393,-1.0,-19.0,-274.55213657273407,-137.27606828636704,0.04577043461116939,-137.27606828636704,-21.848164835995885,True,FAIL_RELATIVE_EQUILIBRIUM_GATE,4.104904048753987,0.5165772610416027,0.22378900720029954,-17.342742121734087,2.5220180724535908,2.525225058178523,7.892344879811649,1.4270729665200546,1.209126647163918,,,,,
B6A_PHYSICAL_TUBES,96,0.04,winckelmans,fixed_sampled_reach,trefoil,3:1:1,discrete_axial_tubes,physical_tubes,0.75,0.2378919768200489,0.1978919768200489,0.14841898261503667,37,0.012199965219401728,-0.25,-9.25,-133.66354017356792,-66.83177008678396,0.09401494676888845,-66.83177008678396,-10.636606564892736,True,FAIL_RELATIVE_EQUILIBRIUM_GATE,2.0248885227096953,0.4944891962290069,0.22378900720029954,-8.048203698840954,1.2440742556522941,1.2295312207676372,3.8424025748599786,1.4270729665200546,1.209126647163918,,,,,
B6A_PHYSICAL_TUBES,96,0.04,winckelmans,fixed_sampled_reach,mirror_trefoil,3:1:1,discrete_axial_tubes,physical_tubes,0.75,0.2378919768200489,0.1978919768200489,0.14841898261503667,37,0.012199965219401728,-0.25,-9.25,-133.66354017356792,-66.83177008678396,0.09401494676888845,-66.83177008678396,-10.636606564892736,True,FAIL_RELATIVE_EQUILIBRIUM_GATE,2.0024324205383857,0.5107225317903551,0.22378900720029954,-7.947858724562524,1.2302774178114442,1.2295312207676372,3.8424025748599786,1.4270729665200546,1.209126647163918,,,,,
B6A_PHYSICAL_TUBES,96,0.04,winckelmans,fixed_sampled_reach,trefoil,3:1:1,discrete_axial_tubes,physical_tubes,0.75,0.2378919768200489,0.1978919768200489,0.14841898261503667,37,0.012199965219401728,-1.0,-37.0,-534.6541606942717,-267.32708034713585,0.023503736692222114,-267.32708034713585,-42.54642625957094,True,FAIL_RELATIVE_EQUILIBRIUM_GATE,8.019284637098147,0.5124189616965843,0.22378900720029954,-34.83413116409506,4.926980154152458,4.918124883070549,15.369610299439914,1.4270729665200546,1.209126647163918,,,,,
B6A_PHYSICAL_TUBES,96,0.04,winckelmans,fixed_sampled_reach,mirror_trefoil,3:1:1,discrete_axial_tubes,physical_tubes,0.75,0.2378919768200489,0.1978919768200489,0.14841898261503667,37,0.012199965219401728,-1.0,-37.0,-534.6541606942717,-267.32708034713585,0.023503736692222114,-267.32708034713585,-42.54642625957094,True,FAIL_RELATIVE_EQUILIBRIUM_GATE,7.996697716463056,0.5169010996132214,0.22378900720029954,-34.73320162820023,4.913102942562075,4.918124883070549,15.369610299439914,1.4270729665200546,1.209126647163918,,,,,
B6A_PHYSICAL_TUBES,96,0.04,winckelmans,fixed_sampled_reach,trefoil,3:1:1,discrete_axial_tubes,physical_tubes,0.75,0.2378919768200489,0.1978919768200489,0.14841898261503667,1,0.07420949130751833,0.25,0.25,3.612528112799133,1.8062640563995664,3.478553030448873,1.8062640563995664,0.287475853105209,True,FAIL_RELATIVE_EQUILIBRIUM_GATE,0.22757071283721014,0.2284692467256564,0.22378900720029954,-0.01689853172066602,0.13981750699162016,0.03323877540806184,0.10385297597872173,1.4270729665200546,1.209126647163918,,,,,
B6A_PHYSICAL_TUBES,96,0.04,winckelmans,fixed_sampled_reach,mirror_trefoil,3:1:1,discrete_axial_tubes,physical_tubes,0.75,0.2378919768200489,0.1978919768200489,0.14841898261503667,1,0.07420949130751833,0.25,0.25,3.612528112799133,1.8062640563995664,3.478553030448873,1.8062640563995664,0.287475853105209,True,FAIL_RELATIVE_EQUILIBRIUM_GATE,0.2328697045711769,0.22946767498429105,0.22378900720029954,-0.04057704837463172,0.1430731623638579,0.03323877540806184,0.10385297597872173,1.4270729665200546,1.209126647163918,,,,,
B6A_PHYSICAL_TUBES,96,0.04,winckelmans,fixed_sampled_reach,trefoil,3:1:1,discrete_axial_tubes,physical_tubes,0.75,0.2378919768200489,0.1978919768200489,0.14841898261503667,1,0.07420949130751833,1.0,1.0,14.450112451196532,7.225056225598266,0.8696382576122182,7.225056225598266,1.149903412420836,True,FAIL_RELATIVE_EQUILIBRIUM_GATE,0.30336659852285464,0.28915335426319994,0.22378900720029954,-0.3555920476975447,0.18638585335159089,0.13295510163224736,0.4154119039148869,1.4270729665200546,1.209126647163918,,,,,
B6A_PHYSICAL_TUBES,96,0.04,winckelmans,fixed_sampled_reach,mirror_trefoil,3:1:1,discrete_axial_tubes,physical_tubes,0.75,0.2378919768200489,0.1978919768200489,0.14841898261503667,1,0.07420949130751833,1.0,1.0,14.450112451196532,7.225056225598266,0.8696382576122182,7.225056225598266,1.149903412420836,True,FAIL_RELATIVE_EQUILIBRIUM_GATE,0.3190466626728008,0.2851802269642294,0.22378900720029954,-0.42565833176623413,0.19601955116613531,0.13295510163224736,0.4154119039148869,1.4270729665200546,1.209126647163918,,,,,
B6A_PHYSICAL_TUBES,96,0.04,winckelmans,fixed_sampled_reach,trefoil,3:1:1,discrete_axial_tubes,physical_tubes,0.75,0.2378919768200489,0.1978919768200489,0.14841898261503667,7,0.02804855127432899,0.25,1.75,25.28769678959393,12.643848394796965,0.49693614720698187,12.643848394796965,2.0123309717364632,True,FAIL_RELATIVE_EQUILIBRIUM_GATE,0.429755552292551,0.36228811923881954,0.22378900720029954,-0.9203604219393302,0.2640381496732142,0.2324993446840255,0.7268797461312331,1.4270729665200546,1.209126647163918,,,,,
B6A_PHYSICAL_TUBES,96,0.04,winckelmans,fixed_sampled_reach,mirror_trefoil,3:1:1,discrete_axial_tubes,physical_tubes,0.75,0.2378919768200489,0.1978919768200489,0.14841898261503667,7,0.02804855127432899,0.25,1.75,25.28769678959393,12.643848394796965,0.49693614720698187,12.643848394796965,2.0123309717364632,True,FAIL_RELATIVE_EQUILIBRIUM_GATE,0.44931041829450086,0.3475604268148262,0.22378900720029954,-1.0077412376755004,0.2760524927310734,0.2324993446840255,0.7268797461312331,1.4270729665200546,1.209126647163918,,,,,
B6A_PHYSICAL_TUBES,96,0.04,winckelmans,fixed_sampled_reach,trefoil,3:1:1,discrete_axial_tubes,physical_tubes,0.75,0.2378919768200489,0.1978919768200489,0.14841898261503667,7,0.02804855127432899,1.0,7.0,101.15078715837572,50.57539357918786,0.12423403680174547,50.57539357918786,8.049323886945853,True,FAIL_RELATIVE_EQUILIBRIUM_GATE,1.5188662426412656,0.5035377374118236,0.22378900720029954,-5.7870458055244125,0.9331784782505953,0.929997378736102,2.9075189845249323,1.4270729665200546,1.209126647163918,,,,,
B6A_PHYSICAL_TUBES,96,0.04,winckelmans,fixed_sampled_reach,mirror_trefoil,3:1:1,discrete_axial_tubes,physical_tubes,0.75,0.2378919768200489,0.1978919768200489,0.14841898261503667,7,0.02804855127432899,1.0,7.0,101.15078715837572,50.57539357918786,0.12423403680174547,50.57539357918786,8.049323886945853,True,FAIL_RELATIVE_EQUILIBRIUM_GATE,1.5413353730068,0.4836803314321358,0.22378900720029954,-5.887448996220119,0.9469833205029726,0.929997378736102,2.9075189845249323,1.4270729665200546,1.209126647163918,,,,,
B6A_PHYSICAL_TUBES,96,0.04,winckelmans,fixed_sampled_reach,trefoil,3:1:1,discrete_axial_tubes,physical_tubes,0.75,0.2378919768200489,0.1978919768200489,0.14841898261503667,19,0.017024824908475393,0.25,4.75,68.63803414318352,34.31901707159176,0.18308173844467757,34.31901707159176,5.462041208998971,True,FAIL_RELATIVE_EQUILIBRIUM_GATE,1.0405099013655845,0.4843379483467248,0.22378900720029954,-3.649513013989509,0.6392804179204772,0.6313062645446308,1.9730862199529122,1.4270729665200546,1.209126647163918,,,,,
B6A_PHYSICAL_TUBES,96,0.04,winckelmans,fixed_sampled_reach,mirror_trefoil,3:1:1,discrete_axial_tubes,physical_tubes,0.75,0.2378919768200489,0.1978919768200489,0.14841898261503667,19,0.017024824908475393,0.25,4.75,68.63803414318352,34.31901707159176,0.18308173844467757,34.31901707159176,5.462041208998971,True,FAIL_RELATIVE_EQUILIBRIUM_GATE,1.0626108959565999,0.46018178317182346,0.22378900720029954,-3.748271191915711,0.652859080689625,0.6313062645446308,1.9730862199529122,1.4270729665200546,1.209126647163918,,,,,
B6A_PHYSICAL_TUBES,96,0.04,winckelmans,fixed_sampled_reach,trefoil,3:1:1,discrete_axial_tubes,physical_tubes,0.75,0.2378919768200489,0.1978919768200489,0.14841898261503667,19,0.017024824908475393,1.0,19.0,274.55213657273407,137.27606828636704,0.04577043461116939,137.27606828636704,21.848164835995885,True,FAIL_RELATIVE_EQUILIBRIUM_GATE,4.104904048753987,0.5165772610416027,0.22378900720029954,-17.342742121734087,2.5220180724535908,2.525225058178523,7.892344879811649,1.4270729665200546,1.209126647163918,,,,,
B6A_PHYSICAL_TUBES,96,0.04,winckelmans,fixed_sampled_reach,mirror_trefoil,3:1:1,discrete_axial_tubes,physical_tubes,0.75,0.2378919768200489,0.1978919768200489,0.14841898261503667,19,0.017024824908475393,1.0,19.0,274.55213657273407,137.27606828636704,0.04577043461116939,137.27606828636704,21.848164835995885,True,FAIL_RELATIVE_EQUILIBRIUM_GATE,4.1274885214789325,0.5080146237477058,0.22378900720029954,-17.443660719155325,2.535893780068837,2.525225058178523,7.892344879811649,1.4270729665200546,1.209126647163918,,,,,
B6A_PHYSICAL_TUBES,96,0.04,winckelmans,fixed_sampled_reach,trefoil,3:1:1,discrete_axial_tubes,physical_tubes,0.75,0.2378919768200489,0.1978919768200489,0.14841898261503667,37,0.012199965219401728,0.25,9.25,133.66354017356792,66.83177008678396,0.09401494676888845,66.83177008678396,10.636606564892736,True,FAIL_RELATIVE_EQUILIBRIUM_GATE,2.0024324205383857,0.5107225317903551,0.22378900720029954,-7.947858724562524,1.2302774178114442,1.2295312207676372,3.8424025748599786,1.4270729665200546,1.209126647163918,,,,,
B6A_PHYSICAL_TUBES,96,0.04,winckelmans,fixed_sampled_reach,mirror_trefoil,3:1:1,discrete_axial_tubes,physical_tubes,0.75,0.2378919768200489,0.1978919768200489,0.14841898261503667,37,0.012199965219401728,0.25,9.25,133.66354017356792,66.83177008678396,0.09401494676888845,66.83177008678396,10.636606564892736,True,FAIL_RELATIVE_EQUILIBRIUM_GATE,2.0248885227096953,0.4944891962290069,0.22378900720029954,-8.048203698840954,1.2440742556522941,1.2295312207676372,3.8424025748599786,1.4270729665200546,1.209126647163918,,,,,
B6A_PHYSICAL_TUBES,96,0.04,winckelmans,fixed_sampled_reach,trefoil,3:1:1,discrete_axial_tubes,physical_tubes,0.75,0.2378919768200489,0.1978919768200489,0.14841898261503667,37,0.012199965219401728,1.0,37.0,534.6541606942717,267.32708034713585,0.023503736692222114,267.32708034713585,42.54642625957094,True,FAIL_RELATIVE_EQUILIBRIUM_GATE,7.996697716463056,0.5169010996132214,0.22378900720029954,-34.73320162820023,4.913102942562075,4.918124883070549,15.369610299439914,1.4270729665200546,1.209126647163918,,,,,
B6A_PHYSICAL_TUBES,96,0.04,winckelmans,fixed_sampled_reach,mirror_trefoil,3:1:1,discrete_axial_tubes,physical_tubes,0.75,0.2378919768200489,0.1978919768200489,0.14841898261503667,37,0.012199965219401728,1.0,37.0,534.6541606942717,267.32708034713585,0.023503736692222114,267.32708034713585,42.54642625957094,True,FAIL_RELATIVE_EQUILIBRIUM_GATE,8.019284637098147,0.5124189616965843,0.22378900720029954,-34.83413116409506,4.926980154152458,4.918124883070549,15.369610299439914,1.4270729665200546,1.209126647163918,,,,,
B6A_PHYSICAL_TUBES,96,0.04,winckelmans,fixed_sampled_reach,trefoil,3:1:1,discrete_axial_tubes,physical_tubes,1.0,0.2378919768200489,0.1978919768200489,0.1978919768200489,1,0.09894598841002444,-0.25,-0.25,-2.0320470634495122,-1.0160235317247561,6.1840942763535525,-1.0160235317247561,-0.1617051673716801,True,FAIL_RELATIVE_EQUILIBRIUM_GATE,0.2328697045711769,0.22946767498429105,0.22378900720029954,-0.04057704837463172,0.1430731623638579,0.03323877540806184,0.10385297597872173,1.4270729665200546,1.209126647163918,,,,,
B6A_PHYSICAL_TUBES,96,0.04,winckelmans,fixed_sampled_reach,mirror_trefoil,3:1:1,discrete_axial_tubes,physical_tubes,1.0,0.2378919768200489,0.1978919768200489,0.1978919768200489,1,0.09894598841002444,-0.25,-0.25,-2.0320470634495122,-1.0160235317247561,6.1840942763535525,-1.0160235317247561,-0.1617051673716801,True,FAIL_RELATIVE_EQUILIBRIUM_GATE,0.22757071283721014,0.2284692467256564,0.22378900720029954,-0.01689853172066602,0.13981750699162016,0.03323877540806184,0.10385297597872173,1.4270729665200546,1.209126647163918,,,,,
B6A_PHYSICAL_TUBES,96,0.04,winckelmans,fixed_sampled_reach,trefoil,3:1:1,discrete_axial_tubes,physical_tubes,1.0,0.2378919768200489,0.1978919768200489,0.1978919768200489,1,0.09894598841002444,-1.0,-1.0,-8.128188253798049,-4.0640941268990245,1.5460235690883881,-4.0640941268990245,-0.6468206694867203,True,FAIL_RELATIVE_EQUILIBRIUM_GATE,0.3190466626728008,0.2851802269642294,0.22378900720029954,-0.42565833176623413,0.19601955116613531,0.13295510163224736,0.4154119039148869,1.4270729665200546,1.209126647163918,,,,,
B6A_PHYSICAL_TUBES,96,0.04,winckelmans,fixed_sampled_reach,mirror_trefoil,3:1:1,discrete_axial_tubes,physical_tubes,1.0,0.2378919768200489,0.1978919768200489,0.1978919768200489,1,0.09894598841002444,-1.0,-1.0,-8.128188253798049,-4.0640941268990245,1.5460235690883881,-4.0640941268990245,-0.6468206694867203,True,FAIL_RELATIVE_EQUILIBRIUM_GATE,0.30336659852285464,0.28915335426319994,0.22378900720029954,-0.3555920476975447,0.18638585335159089,0.13295510163224736,0.4154119039148869,1.4270729665200546,1.209126647163918,,,,,
B6A_PHYSICAL_TUBES,96,0.04,winckelmans,fixed_sampled_reach,trefoil,3:1:1,discrete_axial_tubes,physical_tubes,1.0,0.2378919768200489,0.1978919768200489,0.1978919768200489,7,0.03739806836577199,-0.25,-1.75,-14.224329444146585,-7.112164722073293,0.883442039479079,-7.112164722073293,-1.1319361716017606,True,FAIL_RELATIVE_EQUILIBRIUM_GATE,0.44951136013215726,0.3478071298067057,0.22378900720029954,-1.0086391452187273,0.2761759496840405,0.23238551030018395,0.7267255853195418,1.4270729665200546,1.209126647163918,,,,,
B6A_PHYSICAL_TUBES,96,0.04,winckelmans,fixed_sampled_reach,mirror_trefoil,3:1:1,discrete_axial_tubes,physical_tubes,1.0,0.2378919768200489,0.1978919768200489,0.1978919768200489,7,0.03739806836577199,-0.25,-1.75,-14.224329444146585,-7.112164722073293,0.883442039479079,-7.112164722073293,-1.1319361716017606,True,FAIL_RELATIVE_EQUILIBRIUM_GATE,0.4292188677482813,0.3619685271543886,0.22378900720029954,-0.9179622498799251,0.26370841526193955,0.23238551030018395,0.7267255853195418,1.4270729665200546,1.209126647163918,,,,,
B6A_PHYSICAL_TUBES,96,0.04,winckelmans,fixed_sampled_reach,trefoil,3:1:1,discrete_axial_tubes,physical_tubes,1.0,0.2378919768200489,0.1978919768200489,0.1978919768200489,7,0.03739806836577199,-1.0,-7.0,-56.89731777658634,-28.44865888829317,0.22086050986976974,-28.44865888829317,-4.5277446864070425,True,FAIL_RELATIVE_EQUILIBRIUM_GATE,1.5410239619518848,0.4839393276932622,0.22378900720029954,-5.886057457561401,0.9467919922041549,0.9295420412007358,2.906902341278167,1.4270729665200546,1.209126647163918,,,,,
B6A_PHYSICAL_TUBES,96,0.04,winckelmans,fixed_sampled_reach,mirror_trefoil,3:1:1,discrete_axial_tubes,physical_tubes,1.0,0.2378919768200489,0.1978919768200489,0.1978919768200489,7,0.03739806836577199,-1.0,-7.0,-56.89731777658634,-28.44865888829317,0.22086050986976974,-28.44865888829317,-4.5277446864070425,True,FAIL_RELATIVE_EQUILIBRIUM_GATE,1.5177049599585888,0.5035843046154393,0.22378900720029954,-5.781856619973232,0.9324649960648601,0.9295420412007358,2.906902341278167,1.4270729665200546,1.209126647163918,,,,,
B6A_PHYSICAL_TUBES,96,0.04,winckelmans,fixed_sampled_reach,trefoil,3:1:1,discrete_axial_tubes,physical_tubes,1.0,0.2378919768200489,0.1978919768200489,0.1978919768200489,19,0.02269976654463386,-0.25,-4.75,-38.60889420554073,-19.304447102770364,0.32547864612387123,-19.304447102770364,-3.072398180061921,True,FAIL_RELATIVE_EQUILIBRIUM_GATE,1.0599576118528549,0.45945780606494324,0.22378900720029954,-3.7364150058727112,0.6512289255431168,0.6294707320258337,1.9720676184060888,1.4270729665200546,1.209126647163918,,,,,
B6A_PHYSICAL_TUBES,96,0.04,winckelmans,fixed_sampled_reach,mirror_trefoil,3:1:1,discrete_axial_tubes,physical_tubes,1.0,0.2378919768200489,0.1978919768200489,0.1978919768200489,19,0.02269976654463386,-0.25,-4.75,-38.60889420554073,-19.304447102770364,0.32547864612387123,-19.304447102770364,-3.072398180061921,True,FAIL_RELATIVE_EQUILIBRIUM_GATE,1.037319253756863,0.48337780374735,0.22378900720029954,-3.6352556219547614,0.6373201112150211,0.6294707320258337,1.9720676184060888,1.4270729665200546,1.209126647163918,,,,,
B6A_PHYSICAL_TUBES,96,0.04,winckelmans,fixed_sampled_reach,trefoil,3:1:1,discrete_axial_tubes,physical_tubes,1.0,0.2378919768200489,0.1978919768200489,0.1978919768200489,19,0.02269976654463386,-1.0,-19.0,-154.43557682216291,-77.21778841108146,0.08136966153096781,-77.21778841108146,-12.289592720247684,True,FAIL_RELATIVE_EQUILIBRIUM_GATE,4.115831143084081,0.5071900105473134,0.22378900720029954,-17.391569785196186,2.5287315861076474,2.517882928103335,7.888270473624355,1.4270729665200546,1.209126647163918,,,,,
B6A_PHYSICAL_TUBES,96,0.04,winckelmans,fixed_sampled_reach,mirror_trefoil,3:1:1,discrete_axial_tubes,physical_tubes,1.0,0.2378919768200489,0.1978919768200489,0.1978919768200489,19,0.02269976654463386,-1.0,-19.0,-154.43557682216291,-77.21778841108146,0.08136966153096781,-77.21778841108146,-12.289592720247684,True,FAIL_RELATIVE_EQUILIBRIUM_GATE,4.092694757679879,0.5156920030268498,0.22378900720029954,-17.28818496887456,2.51451678804474,2.517882928103335,7.888270473624355,1.4270729665200546,1.209126647163918,,,,,
B6A_PHYSICAL_TUBES,96,0.04,winckelmans,fixed_sampled_reach,trefoil,3:1:1,discrete_axial_tubes,physical_tubes,1.0,0.2378919768200489,0.1978919768200489,0.1978919768200489,37,0.016266620292535637,-0.25,-9.25,-75.18574134763195,-37.59287067381597,0.16713768314469063,-37.59287067381597,-5.983091192752163,True,FAIL_RELATIVE_EQUILIBRIUM_GATE,2.0216836432566705,0.4940247397835751,0.22378900720029954,-8.033882711884896,1.2421052050229582,1.227452797449217,3.8412597178812704,1.4270729665200546,1.209126647163918,,,,,
B6A_PHYSICAL_TUBES,96,0.04,winckelmans,fixed_sampled_reach,mirror_trefoil,3:1:1,discrete_axial_tubes,physical_tubes,1.0,0.2378919768200489,0.1978919768200489,0.1978919768200489,37,0.016266620292535637,-0.25,-9.25,-75.18574134763195,-37.59287067381597,0.16713768314469063,-37.59287067381597,-5.983091192752163,True,FAIL_RELATIVE_EQUILIBRIUM_GATE,1.9989116048193434,0.5101859936949856,0.22378900720029954,-7.932125978065772,1.2281142586321454,1.227452797449217,3.8412597178812704,1.4270729665200546,1.209126647163918,,,,,
B6A_PHYSICAL_TUBES,96,0.04,winckelmans,fixed_sampled_reach,trefoil,3:1:1,discrete_axial_tubes,physical_tubes,1.0,0.2378919768200489,0.1978919768200489,0.1978919768200489,37,0.016266620292535637,-1.0,-37.0,-300.7429653905278,-150.3714826952639,0.04178442078617266,-150.3714826952639,-23.93236477100865,True,FAIL_RELATIVE_EQUILIBRIUM_GATE,8.005917209242728,0.5119271425771874,0.22378900720029954,-34.774398883128036,4.918767320372867,4.909811189796868,15.365038871525082,1.4270729665200546,1.209126647163918,,,,,
B6A_PHYSICAL_TUBES,96,0.04,winckelmans,fixed_sampled_reach,mirror_trefoil,3:1:1,discrete_axial_tubes,physical_tubes,1.0,0.2378919768200489,0.1978919768200489,0.1978919768200489,37,0.016266620292535637,-1.0,-37.0,-300.7429653905278,-150.3714826952639,0.04178442078617266,-150.3714826952639,-23.93236477100865,True,FAIL_RELATIVE_EQUILIBRIUM_GATE,7.983012073342266,0.5163912755242802,0.22378900720029954,-34.672047403995904,4.904694600034737,4.909811189796868,15.365038871525082,1.4270729665200546,1.209126647163918,,,,,
B6A_PHYSICAL_TUBES,96,0.04,winckelmans,fixed_sampled_reach,trefoil,3:1:1,discrete_axial_tubes,physical_tubes,1.0,0.2378919768200489,0.1978919768200489,0.1978919768200489,1,0.09894598841002444,0.25,0.25,2.0320470634495122,1.0160235317247561,6.1840942763535525,1.0160235317247561,0.1617051673716801,True,FAIL_RELATIVE_EQUILIBRIUM_GATE,0.22757071283721014,0.2284692467256564,0.22378900720029954,-0.01689853172066602,0.13981750699162016,0.03323877540806184,0.10385297597872173,1.4270729665200546,1.209126647163918,,,,,
B6A_PHYSICAL_TUBES,96,0.04,winckelmans,fixed_sampled_reach,mirror_trefoil,3:1:1,discrete_axial_tubes,physical_tubes,1.0,0.2378919768200489,0.1978919768200489,0.1978919768200489,1,0.09894598841002444,0.25,0.25,2.0320470634495122,1.0160235317247561,6.1840942763535525,1.0160235317247561,0.1617051673716801,True,FAIL_RELATIVE_EQUILIBRIUM_GATE,0.2328697045711769,0.22946767498429105,0.22378900720029954,-0.04057704837463172,0.1430731623638579,0.03323877540806184,0.10385297597872173,1.4270729665200546,1.209126647163918,,,,,
B6A_PHYSICAL_TUBES,96,0.04,winckelmans,fixed_sampled_reach,trefoil,3:1:1,discrete_axial_tubes,physical_tubes,1.0,0.2378919768200489,0.1978919768200489,0.1978919768200489,1,0.09894598841002444,1.0,1.0,8.128188253798049,4.0640941268990245,1.5460235690883881,4.0640941268990245,0.6468206694867203,True,FAIL_RELATIVE_EQUILIBRIUM_GATE,0.30336659852285464,0.28915335426319994,0.22378900720029954,-0.3555920476975447,0.18638585335159089,0.13295510163224736,0.4154119039148869,1.4270729665200546,1.209126647163918,,,,,
B6A_PHYSICAL_TUBES,96,0.04,winckelmans,fixed_sampled_reach,mirror_trefoil,3:1:1,discrete_axial_tubes,physical_tubes,1.0,0.2378919768200489,0.1978919768200489,0.1978919768200489,1,0.09894598841002444,1.0,1.0,8.128188253798049,4.0640941268990245,1.5460235690883881,4.0640941268990245,0.6468206694867203,True,FAIL_RELATIVE_EQUILIBRIUM_GATE,0.3190466626728008,0.2851802269642294,0.22378900720029954,-0.42565833176623413,0.19601955116613531,0.13295510163224736,0.4154119039148869,1.4270729665200546,1.209126647163918,,,,,
B6A_PHYSICAL_TUBES,96,0.04,winckelmans,fixed_sampled_reach,trefoil,3:1:1,discrete_axial_tubes,physical_tubes,1.0,0.2378919768200489,0.1978919768200489,0.1978919768200489,7,0.03739806836577199,0.25,1.75,14.224329444146585,7.112164722073293,0.883442039479079,7.112164722073293,1.1319361716017606,True,FAIL_RELATIVE_EQUILIBRIUM_GATE,0.4292188677482813,0.3619685271543886,0.22378900720029954,-0.9179622498799251,0.26370841526193955,0.23238551030018395,0.7267255853195418,1.4270729665200546,1.209126647163918,,,,,
B6A_PHYSICAL_TUBES,96,0.04,winckelmans,fixed_sampled_reach,mirror_trefoil,3:1:1,discrete_axial_tubes,physical_tubes,1.0,0.2378919768200489,0.1978919768200489,0.1978919768200489,7,0.03739806836577199,0.25,1.75,14.224329444146585,7.112164722073293,0.883442039479079,7.112164722073293,1.1319361716017606,True,FAIL_RELATIVE_EQUILIBRIUM_GATE,0.44951136013215726,0.3478071298067057,0.22378900720029954,-1.0086391452187273,0.2761759496840405,0.23238551030018395,0.7267255853195418,1.4270729665200546,1.209126647163918,,,,,
B6A_PHYSICAL_TUBES,96,0.04,winckelmans,fixed_sampled_reach,trefoil,3:1:1,discrete_axial_tubes,physical_tubes,1.0,0.2378919768200489,0.1978919768200489,0.1978919768200489,7,0.03739806836577199,1.0,7.0,56.89731777658634,28.44865888829317,0.22086050986976974,28.44865888829317,4.5277446864070425,True,FAIL_RELATIVE_EQUILIBRIUM_GATE,1.5177049599585888,0.5035843046154393,0.22378900720029954,-5.781856619973232,0.9324649960648601,0.9295420412007358,2.906902341278167,1.4270729665200546,1.209126647163918,,,,,
B6A_PHYSICAL_TUBES,96,0.04,winckelmans,fixed_sampled_reach,mirror_trefoil,3:1:1,discrete_axial_tubes,physical_tubes,1.0,0.2378919768200489,0.1978919768200489,0.1978919768200489,7,0.03739806836577199,1.0,7.0,56.89731777658634,28.44865888829317,0.22086050986976974,28.44865888829317,4.5277446864070425,True,FAIL_RELATIVE_EQUILIBRIUM_GATE,1.5410239619518848,0.4839393276932622,0.22378900720029954,-5.886057457561401,0.9467919922041549,0.9295420412007358,2.906902341278167,1.4270729665200546,1.209126647163918,,,,,
B6A_PHYSICAL_TUBES,96,0.04,winckelmans,fixed_sampled_reach,trefoil,3:1:1,discrete_axial_tubes,physical_tubes,1.0,0.2378919768200489,0.1978919768200489,0.1978919768200489,19,0.02269976654463386,0.25,4.75,38.60889420554073,19.304447102770364,0.32547864612387123,19.304447102770364,3.072398180061921,True,FAIL_RELATIVE_EQUILIBRIUM_GATE,1.037319253756863,0.48337780374735,0.22378900720029954,-3.6352556219547614,0.6373201112150211,0.6294707320258337,1.9720676184060888,1.4270729665200546,1.209126647163918,,,,,
B6A_PHYSICAL_TUBES,96,0.04,winckelmans,fixed_sampled_reach,mirror_trefoil,3:1:1,discrete_axial_tubes,physical_tubes,1.0,0.2378919768200489,0.1978919768200489,0.1978919768200489,19,0.02269976654463386,0.25,4.75,38.60889420554073,19.304447102770364,0.32547864612387123,19.304447102770364,3.072398180061921,True,FAIL_RELATIVE_EQUILIBRIUM_GATE,1.0599576118528549,0.45945780606494324,0.22378900720029954,-3.7364150058727112,0.6512289255431168,0.6294707320258337,1.9720676184060888,1.4270729665200546,1.209126647163918,,,,,
B6A_PHYSICAL_TUBES,96,0.04,winckelmans,fixed_sampled_reach,trefoil,3:1:1,discrete_axial_tubes,physical_tubes,1.0,0.2378919768200489,0.1978919768200489,0.1978919768200489,19,0.02269976654463386,1.0,19.0,154.43557682216291,77.21778841108146,0.08136966153096781,77.21778841108146,12.289592720247684,True,FAIL_RELATIVE_EQUILIBRIUM_GATE,4.092694757679879,0.5156920030268498,0.22378900720029954,-17.28818496887456,2.51451678804474,2.517882928103335,7.888270473624355,1.4270729665200546,1.209126647163918,,,,,
B6A_PHYSICAL_TUBES,96,0.04,winckelmans,fixed_sampled_reach,mirror_trefoil,3:1:1,discrete_axial_tubes,physical_tubes,1.0,0.2378919768200489,0.1978919768200489,0.1978919768200489,19,0.02269976654463386,1.0,19.0,154.43557682216291,77.21778841108146,0.08136966153096781,77.21778841108146,12.289592720247684,True,FAIL_RELATIVE_EQUILIBRIUM_GATE,4.115831143084081,0.5071900105473134,0.22378900720029954,-17.391569785196186,2.5287315861076474,2.517882928103335,7.888270473624355,1.4270729665200546,1.209126647163918,,,,,
B6A_PHYSICAL_TUBES,96,0.04,winckelmans,fixed_sampled_reach,trefoil,3:1:1,discrete_axial_tubes,physical_tubes,1.0,0.2378919768200489,0.1978919768200489,0.1978919768200489,37,0.016266620292535637,0.25,9.25,75.18574134763195,37.59287067381597,0.16713768314469063,37.59287067381597,5.983091192752163,True,FAIL_RELATIVE_EQUILIBRIUM_GATE,1.9989116048193434,0.5101859936949856,0.22378900720029954,-7.932125978065772,1.2281142586321454,1.227452797449217,3.8412597178812704,1.4270729665200546,1.209126647163918,,,,,
B6A_PHYSICAL_TUBES,96,0.04,winckelmans,fixed_sampled_reach,mirror_trefoil,3:1:1,discrete_axial_tubes,physical_tubes,1.0,0.2378919768200489,0.1978919768200489,0.1978919768200489,37,0.016266620292535637,0.25,9.25,75.18574134763195,37.59287067381597,0.16713768314469063,37.59287067381597,5.983091192752163,True,FAIL_RELATIVE_EQUILIBRIUM_GATE,2.0216836432566705,0.4940247397835751,0.22378900720029954,-8.033882711884896,1.2421052050229582,1.227452797449217,3.8412597178812704,1.4270729665200546,1.209126647163918,,,,,
B6A_PHYSICAL_TUBES,96,0.04,winckelmans,fixed_sampled_reach,trefoil,3:1:1,discrete_axial_tubes,physical_tubes,1.0,0.2378919768200489,0.1978919768200489,0.1978919768200489,37,0.016266620292535637,1.0,37.0,300.7429653905278,150.3714826952639,0.04178442078617266,150.3714826952639,23.93236477100865,True,FAIL_RELATIVE_EQUILIBRIUM_GATE,7.983012073342266,0.5163912755242802,0.22378900720029954,-34.672047403995904,4.904694600034737,4.909811189796868,15.365038871525082,1.4270729665200546,1.209126647163918,,,,,
B6A_PHYSICAL_TUBES,96,0.04,winckelmans,fixed_sampled_reach,mirror_trefoil,3:1:1,discrete_axial_tubes,physical_tubes,1.0,0.2378919768200489,0.1978919768200489,0.1978919768200489,37,0.016266620292535637,1.0,37.0,300.7429653905278,150.3714826952639,0.04178442078617266,150.3714826952639,23.93236477100865,True,FAIL_RELATIVE_EQUILIBRIUM_GATE,8.005917209242728,0.5119271425771874,0.22378900720029954,-34.774398883128036,4.918767320372867,4.909811189796868,15.365038871525082,1.4270729665200546,1.209126647163918,,,,,
B6A_PHYSICAL_TUBES,96,0.05,rosenhead,fixed_sampled_reach,trefoil,3:1:1,discrete_axial_tubes,physical_tubes,0.75,0.2378919768200489,0.18789197682004888,0.14091898261503666,1,0.07045949130751833,-0.25,-0.25,-4.007293369747763,-2.0036466848738814,3.1358748798444362,-2.0036466848738814,-0.31889027410736737,True,FAIL_RELATIVE_EQUILIBRIUM_GATE,0.23378720474736042,0.22927950799134036,0.2205383754039983,-0.060074938518486665,0.13508202683795134,0.03323877540806184,0.10385297597872173,1.301174108916972,1.209126647163918,,,,,
B6A_PHYSICAL_TUBES,96,0.05,rosenhead,fixed_sampled_reach,mirror_trefoil,3:1:1,discrete_axial_tubes,physical_tubes,0.75,0.2378919768200489,0.18789197682004888,0.14091898261503666,1,0.07045949130751833,-0.25,-0.25,-4.007293369747763,-2.0036466848738814,3.1358748798444362,-2.0036466848738814,-0.31889027410736737,True,FAIL_RELATIVE_EQUILIBRIUM_GATE,0.22189298426150791,0.22355440468559956,0.2205383754039983,-0.006142281836565511,0.12820955743731544,0.03323877540806184,0.10385297597872173,1.301174108916972,1.209126647163918,,,,,
B6A_PHYSICAL_TUBES,96,0.05,rosenhead,fixed_sampled_reach,trefoil,3:1:1,discrete_axial_tubes,physical_tubes,0.75,0.2378919768200489,0.18789197682004888,0.14091898261503666,1,0.07045949130751833,-1.0,-1.0,-16.02917347899105,-8.014586739495526,0.7839687199611091,-8.014586739495526,-1.2755610964294695,True,FAIL_RELATIVE_EQUILIBRIUM_GATE,0.3352997531093421,0.29315199114970564,0.2205383754039983,-0.5203691987624175,0.19373588172723122,0.13295510163224736,0.4154119039148869,1.301174108916972,1.209126647163918,,,,,
B6A_PHYSICAL_TUBES,96,0.05,rosenhead,fixed_sampled_reach,mirror_trefoil,3:1:1,discrete_axial_tubes,physical_tubes,0.75,0.2378919768200489,0.18789197682004888,0.14091898261503666,1,0.07045949130751833,-1.0,-1.0,-16.02917347899105,-8.014586739495526,0.7839687199611091,-8.014586739495526,-1.2755610964294695,True,FAIL_RELATIVE_EQUILIBRIUM_GATE,0.30124090339587045,0.2885155563474479,0.2205383754039983,-0.3659341728805039,0.1740567104225541,0.13295510163224736,0.4154119039148869,1.301174108916972,1.209126647163918,,,,,
B6A_PHYSICAL_TUBES,96,0.05,rosenhead,fixed_sampled_reach,trefoil,3:1:1,discrete_axial_tubes,physical_tubes,0.75,0.2378919768200489,0.18789197682004888,0.14091898261503666,7,0.02663118450054439,-0.25,-1.75,-28.05105358823434,-14.02552679411717,0.44798212569206236,-14.02552679411717,-2.2322319187515713,True,FAIL_RELATIVE_EQUILIBRIUM_GATE,0.4791868525901574,0.3571115993932151,0.2205383754039983,-1.1728048540864964,0.2768737123655947,0.23254021598145838,0.7269020868513251,1.301174108916972,1.209126647163918,,,,,
B6A_PHYSICAL_TUBES,96,0.05,rosenhead,fixed_sampled_reach,mirror_trefoil,3:1:1,discrete_axial_tubes,physical_tubes,0.75,0.2378919768200489,0.18789197682004888,0.14091898261503666,7,0.02663118450054439,-0.25,-1.75,-28.05105358823434,-14.02552679411717,0.44798212569206236,-14.02552679411717,-2.2322319187515713,True,FAIL_RELATIVE_EQUILIBRIUM_GATE,0.4377216051694209,0.3674679385095927,0.2205383754039983,-0.9847865677235108,0.25291513143733946,0.23254021598145838,0.7269020868513251,1.301174108916972,1.209126647163918,,,,,
B6A_PHYSICAL_TUBES,96,0.05,rosenhead,fixed_sampled_reach,trefoil,3:1:1,discrete_axial_tubes,physical_tubes,0.75,0.2378919768200489,0.18789197682004888,0.14091898261503666,7,0.02663118450054439,-1.0,-7.0,-112.20421435293736,-56.10210717646868,0.11199553142301559,-56.10210717646868,-8.928927675006285,True,FAIL_RELATIVE_EQUILIBRIUM_GATE,1.6481031500963936,0.4856009478534782,0.2205383754039983,-6.473090100882796,0.9522724487578988,0.9301608639258335,2.9076083474053003,1.301174108916972,1.209126647163918,,,,,
B6A_PHYSICAL_TUBES,96,0.05,rosenhead,fixed_sampled_reach,mirror_trefoil,3:1:1,discrete_axial_tubes,physical_tubes,0.75,0.2378919768200489,0.18789197682004888,0.14091898261503666,7,0.02663118450054439,-1.0,-7.0,-112.20421435293736,-56.10210717646868,0.11199553142301559,-56.10210717646868,-8.928927675006285,True,FAIL_RELATIVE_EQUILIBRIUM_GATE,1.601300923969317,0.5065686037685189,0.2205383754039983,-6.260872041139947,0.9252301665568451,0.9301608639258335,2.9076083474053003,1.301174108916972,1.209126647163918,,,,,
B6A_PHYSICAL_TUBES,96,0.05,rosenhead,fixed_sampled_reach,trefoil,3:1:1,discrete_axial_tubes,physical_tubes,0.75,0.2378919768200489,0.18789197682004888,0.14091898261503666,19,0.016164515906460786,-0.25,-4.75,-76.13857402520749,-38.069287012603745,0.16504604630760192,-38.069287012603745,-6.05891520803998,True,FAIL_RELATIVE_EQUILIBRIUM_GATE,1.1376348742730804,0.46400598796933856,0.2205383754039983,-4.158444067564558,0.6573243594935481,0.6313739879687783,1.9731220046991067,1.301174108916972,1.209126647163918,,,,,
B6A_PHYSICAL_TUBES,96,0.05,rosenhead,fixed_sampled_reach,mirror_trefoil,3:1:1,discrete_axial_tubes,physical_tubes,0.75,0.2378919768200489,0.18789197682004888,0.14091898261503666,19,0.016164515906460786,-0.25,-4.75,-76.13857402520749,-38.069287012603745,0.16504604630760192,-38.069287012603745,-6.05891520803998,True,FAIL_RELATIVE_EQUILIBRIUM_GATE,1.0913962774640162,0.48929439022368415,0.2205383754039983,-3.9487817050647847,0.6306077417818948,0.6313739879687783,1.9731220046991067,1.301174108916972,1.209126647163918,,,,,
B6A_PHYSICAL_TUBES,96,0.05,rosenhead,fixed_sampled_reach,trefoil,3:1:1,discrete_axial_tubes,physical_tubes,0.75,0.2378919768200489,0.18789197682004888,0.14091898261503666,19,0.016164515906460786,-1.0,-19.0,-304.55429610082996,-152.27714805041498,0.04126151157690048,-152.27714805041498,-24.23566083215992,True,FAIL_RELATIVE_EQUILIBRIUM_GATE,4.39993732375924,0.5081836451604328,0.2205383754039983,-18.95089206447229,2.542279643984922,2.525495951875113,7.892488018796427,1.301174108916972,1.209126647163918,,,,,
B6A_PHYSICAL_TUBES,96,0.05,rosenhead,fixed_sampled_reach,mirror_trefoil,3:1:1,discrete_axial_tubes,physical_tubes,0.75,0.2378919768200489,0.18789197682004888,0.14091898261503666,19,0.016164515906460786,-1.0,-19.0,-304.55429610082996,-152.27714805041498,0.04126151157690048,-152.27714805041498,-24.23566083215992,True,FAIL_RELATIVE_EQUILIBRIUM_GATE,4.352835783969981,0.5172405156237885,0.2205383754039983,-18.73731680935864,2.5150644186316047,2.525495951875113,7.892488018796427,1.301174108916972,1.209126647163918,,,,,
B6A_PHYSICAL_TUBES,96,0.05,rosenhead,fixed_sampled_reach,trefoil,3:1:1,discrete_axial_tubes,physical_tubes,0.75,0.2378919768200489,0.18789197682004888,0.14091898261503666,37,0.011583469017006638,-0.25,-9.25,-148.26985468066724,-74.13492734033362,0.0847533751309307,-74.13492734033362,-11.798940141972594,True,FAIL_RELATIVE_EQUILIBRIUM_GATE,2.162822657014546,0.49554406184966326,0.2205383754039983,-8.807012738950895,1.2496768953471424,1.2296179037716424,3.8424480056268093,1.301174108916972,1.209126647163918,,,,,
B6A_PHYSICAL_TUBES,96,0.05,rosenhead,fixed_sampled_reach,mirror_trefoil,3:1:1,discrete_axial_tubes,physical_tubes,0.75,0.2378919768200489,0.18789197682004888,0.14091898261503666,37,0.011583469017006638,-0.25,-9.25,-148.26985468066724,-74.13492734033362,0.0847533751309307,-74.13492734033362,-11.798940141972594,True,FAIL_RELATIVE_EQUILIBRIUM_GATE,2.1159268966014273,0.5127033049607527,0.2205383754039983,-8.594370561247302,1.2225805691236582,1.2296179037716424,3.8424480056268093,1.301174108916972,1.209126647163918,,,,,
B6A_PHYSICAL_TUBES,96,0.05,rosenhead,fixed_sampled_reach,trefoil,3:1:1,discrete_axial_tubes,physical_tubes,0.75,0.2378919768200489,0.18789197682004888,0.14091898261503666,37,0.011583469017006638,-1.0,-37.0,-593.079418722669,-296.5397093613345,0.021188343782732676,-296.5397093613345,-47.195760567890375,True,FAIL_RELATIVE_EQUILIBRIUM_GATE,8.538813771369837,0.512414370164981,0.2205383754039983,-37.718040593741634,4.933718559469075,4.9184716150865695,15.369792022507237,1.301174108916972,1.209126647163918,,,,,
B6A_PHYSICAL_TUBES,96,0.05,rosenhead,fixed_sampled_reach,mirror_trefoil,3:1:1,discrete_axial_tubes,physical_tubes,0.75,0.2378919768200489,0.18789197682004888,0.14091898261503666,37,0.011583469017006638,-1.0,-37.0,-593.079418722669,-296.5397093613345,0.021188343782732676,-296.5397093613345,-47.195760567890375,True,FAIL_RELATIVE_EQUILIBRIUM_GATE,8.491685331334336,0.5171547397006215,0.2205383754039983,-37.50434336327475,4.906487791178802,4.9184716150865695,15.369792022507237,1.301174108916972,1.209126647163918,,,,,
B6A_PHYSICAL_TUBES,96,0.05,rosenhead,fixed_sampled_reach,trefoil,3:1:1,discrete_axial_tubes,physical_tubes,0.75,0.2378919768200489,0.18789197682004888,0.14091898261503666,1,0.07045949130751833,0.25,0.25,4.007293369747763,2.0036466848738814,3.1358748798444362,2.0036466848738814,0.31889027410736737,True,FAIL_RELATIVE_EQUILIBRIUM_GATE,0.22189298426150791,0.22355440468559956,0.2205383754039983,-0.006142281836565511,0.12820955743731544,0.03323877540806184,0.10385297597872173,1.301174108916972,1.209126647163918,,,,,
B6A_PHYSICAL_TUBES,96,0.05,rosenhead,fixed_sampled_reach,mirror_trefoil,3:1:1,discrete_axial_tubes,physical_tubes,0.75,0.2378919768200489,0.18789197682004888,0.14091898261503666,1,0.07045949130751833,0.25,0.25,4.007293369747763,2.0036466848738814,3.1358748798444362,2.0036466848738814,0.31889027410736737,True,FAIL_RELATIVE_EQUILIBRIUM_GATE,0.23378720474736042,0.22927950799134036,0.2205383754039983,-0.060074938518486665,0.13508202683795134,0.03323877540806184,0.10385297597872173,1.301174108916972,1.209126647163918,,,,,
B6A_PHYSICAL_TUBES,96,0.05,rosenhead,fixed_sampled_reach,trefoil,3:1:1,discrete_axial_tubes,physical_tubes,0.75,0.2378919768200489,0.18789197682004888,0.14091898261503666,1,0.07045949130751833,1.0,1.0,16.02917347899105,8.014586739495526,0.7839687199611091,8.014586739495526,1.2755610964294695,True,FAIL_RELATIVE_EQUILIBRIUM_GATE,0.30124090339587045,0.2885155563474479,0.2205383754039983,-0.3659341728805039,0.1740567104225541,0.13295510163224736,0.4154119039148869,1.301174108916972,1.209126647163918,,,,,
B6A_PHYSICAL_TUBES,96,0.05,rosenhead,fixed_sampled_reach,mirror_trefoil,3:1:1,discrete_axial_tubes,physical_tubes,0.75,0.2378919768200489,0.18789197682004888,0.14091898261503666,1,0.07045949130751833,1.0,1.0,16.02917347899105,8.014586739495526,0.7839687199611091,8.014586739495526,1.2755610964294695,True,FAIL_RELATIVE_EQUILIBRIUM_GATE,0.3352997531093421,0.29315199114970564,0.2205383754039983,-0.5203691987624175,0.19373588172723122,0.13295510163224736,0.4154119039148869,1.301174108916972,1.209126647163918,,,,,
B6A_PHYSICAL_TUBES,96,0.05,rosenhead,fixed_sampled_reach,trefoil,3:1:1,discrete_axial_tubes,physical_tubes,0.75,0.2378919768200489,0.18789197682004888,0.14091898261503666,7,0.02663118450054439,0.25,1.75,28.05105358823434,14.02552679411717,0.44798212569206236,14.02552679411717,2.2322319187515713,True,FAIL_RELATIVE_EQUILIBRIUM_GATE,0.4377216051694209,0.3674679385095927,0.2205383754039983,-0.9847865677235108,0.25291513143733946,0.23254021598145838,0.7269020868513251,1.301174108916972,1.209126647163918,,,,,
B6A_PHYSICAL_TUBES,96,0.05,rosenhead,fixed_sampled_reach,mirror_trefoil,3:1:1,discrete_axial_tubes,physical_tubes,0.75,0.2378919768200489,0.18789197682004888,0.14091898261503666,7,0.02663118450054439,0.25,1.75,28.05105358823434,14.02552679411717,0.44798212569206236,14.02552679411717,2.2322319187515713,True,FAIL_RELATIVE_EQUILIBRIUM_GATE,0.4791868525901574,0.3571115993932151,0.2205383754039983,-1.1728048540864964,0.2768737123655947,0.23254021598145838,0.7269020868513251,1.301174108916972,1.209126647163918,,,,,
B6A_PHYSICAL_TUBES,96,0.05,rosenhead,fixed_sampled_reach,trefoil,3:1:1,discrete_axial_tubes,physical_tubes,0.75,0.2378919768200489,0.18789197682004888,0.14091898261503666,7,0.02663118450054439,1.0,7.0,112.20421435293736,56.10210717646868,0.11199553142301559,56.10210717646868,8.928927675006285,True,FAIL_RELATIVE_EQUILIBRIUM_GATE,1.601300923969317,0.5065686037685189,0.2205383754039983,-6.260872041139947,0.9252301665568451,0.9301608639258335,2.9076083474053003,1.301174108916972,1.209126647163918,,,,,
B6A_PHYSICAL_TUBES,96,0.05,rosenhead,fixed_sampled_reach,mirror_trefoil,3:1:1,discrete_axial_tubes,physical_tubes,0.75,0.2378919768200489,0.18789197682004888,0.14091898261503666,7,0.02663118450054439,1.0,7.0,112.20421435293736,56.10210717646868,0.11199553142301559,56.10210717646868,8.928927675006285,True,FAIL_RELATIVE_EQUILIBRIUM_GATE,1.6481031500963936,0.4856009478534782,0.2205383754039983,-6.473090100882796,0.9522724487578988,0.9301608639258335,2.9076083474053003,1.301174108916972,1.209126647163918,,,,,
B6A_PHYSICAL_TUBES,96,0.05,rosenhead,fixed_sampled_reach,trefoil,3:1:1,discrete_axial_tubes,physical_tubes,0.75,0.2378919768200489,0.18789197682004888,0.14091898261503666,19,0.016164515906460786,0.25,4.75,76.13857402520749,38.069287012603745,0.16504604630760192,38.069287012603745,6.05891520803998,True,FAIL_RELATIVE_EQUILIBRIUM_GATE,1.0913962774640162,0.48929439022368415,0.2205383754039983,-3.9487817050647847,0.6306077417818948,0.6313739879687783,1.9731220046991067,1.301174108916972,1.209126647163918,,,,,
B6A_PHYSICAL_TUBES,96,0.05,rosenhead,fixed_sampled_reach,mirror_trefoil,3:1:1,discrete_axial_tubes,physical_tubes,0.75,0.2378919768200489,0.18789197682004888,0.14091898261503666,19,0.016164515906460786,0.25,4.75,76.13857402520749,38.069287012603745,0.16504604630760192,38.069287012603745,6.05891520803998,True,FAIL_RELATIVE_EQUILIBRIUM_GATE,1.1376348742730804,0.46400598796933856,0.2205383754039983,-4.158444067564558,0.6573243594935481,0.6313739879687783,1.9731220046991067,1.301174108916972,1.209126647163918,,,,,
B6A_PHYSICAL_TUBES,96,0.05,rosenhead,fixed_sampled_reach,trefoil,3:1:1,discrete_axial_tubes,physical_tubes,0.75,0.2378919768200489,0.18789197682004888,0.14091898261503666,19,0.016164515906460786,1.0,19.0,304.55429610082996,152.27714805041498,0.04126151157690048,152.27714805041498,24.23566083215992,True,FAIL_RELATIVE_EQUILIBRIUM_GATE,4.352835783969981,0.5172405156237885,0.2205383754039983,-18.73731680935864,2.5150644186316047,2.525495951875113,7.892488018796427,1.301174108916972,1.209126647163918,,,,,
B6A_PHYSICAL_TUBES,96,0.05,rosenhead,fixed_sampled_reach,mirror_trefoil,3:1:1,discrete_axial_tubes,physical_tubes,0.75,0.2378919768200489,0.18789197682004888,0.14091898261503666,19,0.016164515906460786,1.0,19.0,304.55429610082996,152.27714805041498,0.04126151157690048,152.27714805041498,24.23566083215992,True,FAIL_RELATIVE_EQUILIBRIUM_GATE,4.39993732375924,0.5081836451604328,0.2205383754039983,-18.95089206447229,2.542279643984922,2.525495951875113,7.892488018796427,1.301174108916972,1.209126647163918,,,,,
B6A_PHYSICAL_TUBES,96,0.05,rosenhead,fixed_sampled_reach,trefoil,3:1:1,discrete_axial_tubes,physical_tubes,0.75,0.2378919768200489,0.18789197682004888,0.14091898261503666,37,0.011583469017006638,0.25,9.25,148.26985468066724,74.13492734033362,0.0847533751309307,74.13492734033362,11.798940141972594,True,FAIL_RELATIVE_EQUILIBRIUM_GATE,2.1159268966014273,0.5127033049607527,0.2205383754039983,-8.594370561247302,1.2225805691236582,1.2296179037716424,3.8424480056268093,1.301174108916972,1.209126647163918,,,,,
B6A_PHYSICAL_TUBES,96,0.05,rosenhead,fixed_sampled_reach,mirror_trefoil,3:1:1,discrete_axial_tubes,physical_tubes,0.75,0.2378919768200489,0.18789197682004888,0.14091898261503666,37,0.011583469017006638,0.25,9.25,148.26985468066724,74.13492734033362,0.0847533751309307,74.13492734033362,11.798940141972594,True,FAIL_RELATIVE_EQUILIBRIUM_GATE,2.162822657014546,0.49554406184966326,0.2205383754039983,-8.807012738950895,1.2496768953471424,1.2296179037716424,3.8424480056268093,1.301174108916972,1.209126647163918,,,,,
B6A_PHYSICAL_TUBES,96,0.05,rosenhead,fixed_sampled_reach,trefoil,3:1:1,discrete_axial_tubes,physical_tubes,0.75,0.2378919768200489,0.18789197682004888,0.14091898261503666,37,0.011583469017006638,1.0,37.0,593.079418722669,296.5397093613345,0.021188343782732676,296.5397093613345,47.195760567890375,True,FAIL_RELATIVE_EQUILIBRIUM_GATE,8.491685331334336,0.5171547397006215,0.2205383754039983,-37.50434336327475,4.906487791178802,4.9184716150865695,15.369792022507237,1.301174108916972,1.209126647163918,,,,,
B6A_PHYSICAL_TUBES,96,0.05,rosenhead,fixed_sampled_reach,mirror_trefoil,3:1:1,discrete_axial_tubes,physical_tubes,0.75,0.2378919768200489,0.18789197682004888,0.14091898261503666,37,0.011583469017006638,1.0,37.0,593.079418722669,296.5397093613345,0.021188343782732676,296.5397093613345,47.195760567890375,True,FAIL_RELATIVE_EQUILIBRIUM_GATE,8.538813771369837,0.512414370164981,0.2205383754039983,-37.718040593741634,4.933718559469075,4.9184716150865695,15.369792022507237,1.301174108916972,1.209126647163918,,,,,
B6A_PHYSICAL_TUBES,96,0.05,rosenhead,fixed_sampled_reach,trefoil,3:1:1,discrete_axial_tubes,physical_tubes,1.0,0.2378919768200489,0.18789197682004888,0.18789197682004888,1,0.09394598841002444,-0.25,-0.25,-2.2541025204831167,-1.1270512602415583,5.574888675278998,-1.1270512602415583,-0.17937577918539413,True,FAIL_RELATIVE_EQUILIBRIUM_GATE,0.23378720474736042,0.22927950799134036,0.2205383754039983,-0.060074938518486665,0.13508202683795134,0.03323877540806184,0.10385297597872173,1.301174108916972,1.209126647163918,,,,,
B6A_PHYSICAL_TUBES,96,0.05,rosenhead,fixed_sampled_reach,mirror_trefoil,3:1:1,discrete_axial_tubes,physical_tubes,1.0,0.2378919768200489,0.18789197682004888,0.18789197682004888,1,0.09394598841002444,-0.25,-0.25,-2.2541025204831167,-1.1270512602415583,5.574888675278998,-1.1270512602415583,-0.17937577918539413,True,FAIL_RELATIVE_EQUILIBRIUM_GATE,0.22189298426150791,0.22355440468559956,0.2205383754039983,-0.006142281836565511,0.12820955743731544,0.03323877540806184,0.10385297597872173,1.301174108916972,1.209126647163918,,,,,
B6A_PHYSICAL_TUBES,96,0.05,rosenhead,fixed_sampled_reach,trefoil,3:1:1,discrete_axial_tubes,physical_tubes,1.0,0.2378919768200489,0.18789197682004888,0.18789197682004888,1,0.09394598841002444,-1.0,-1.0,-9.016410081932467,-4.508205040966233,1.3937221688197494,-4.508205040966233,-0.7175031167415765,True,FAIL_RELATIVE_EQUILIBRIUM_GATE,0.3352997531093421,0.29315199114970564,0.2205383754039983,-0.5203691987624175,0.19373588172723122,0.13295510163224736,0.4154119039148869,1.301174108916972,1.209126647163918,,,,,
B6A_PHYSICAL_TUBES,96,0.05,rosenhead,fixed_sampled_reach,mirror_trefoil,3:1:1,discrete_axial_tubes,physical_tubes,1.0,0.2378919768200489,0.18789197682004888,0.18789197682004888,1,0.09394598841002444,-1.0,-1.0,-9.016410081932467,-4.508205040966233,1.3937221688197494,-4.508205040966233,-0.7175031167415765,True,FAIL_RELATIVE_EQUILIBRIUM_GATE,0.30124090339587045,0.2885155563474479,0.2205383754039983,-0.3659341728805039,0.1740567104225541,0.13295510163224736,0.4154119039148869,1.301174108916972,1.209126647163918,,,,,
B6A_PHYSICAL_TUBES,96,0.05,rosenhead,fixed_sampled_reach,trefoil,3:1:1,discrete_axial_tubes,physical_tubes,1.0,0.2378919768200489,0.18789197682004888,0.18789197682004888,7,0.03550824600072585,-0.25,-1.75,-15.778717643381817,-7.889358821690909,0.7964126678969996,-7.889358821690909,-1.255630454297759,True,FAIL_RELATIVE_EQUILIBRIUM_GATE,0.47907270078488845,0.3571189514707086,0.2205383754039983,-1.172287248907534,0.276807755559962,0.23229958456964817,0.7267276326952736,1.301174108916972,1.209126647163918,,,,,
B6A_PHYSICAL_TUBES,96,0.05,rosenhead,fixed_sampled_reach,mirror_trefoil,3:1:1,discrete_axial_tubes,physical_tubes,1.0,0.2378919768200489,0.18789197682004888,0.18789197682004888,7,0.03550824600072585,-0.25,-1.75,-15.778717643381817,-7.889358821690909,0.7964126678969996,-7.889358821690909,-1.255630454297759,True,FAIL_RELATIVE_EQUILIBRIUM_GATE,0.4370806590371238,0.36705654082141315,0.2205383754039983,-0.9818802883464048,0.252544793365424,0.23229958456964817,0.7267276326952736,1.301174108916972,1.209126647163918,,,,,
B6A_PHYSICAL_TUBES,96,0.05,rosenhead,fixed_sampled_reach,trefoil,3:1:1,discrete_axial_tubes,physical_tubes,1.0,0.2378919768200489,0.18789197682004888,0.18789197682004888,7,0.03550824600072585,-1.0,-7.0,-63.11487057352727,-31.557435286763635,0.1991031669742499,-31.557435286763635,-5.022521817191036,True,FAIL_RELATIVE_EQUILIBRIUM_GATE,1.6467501073361763,0.48552259961168703,0.2205383754039983,-6.466954920292395,0.9514906619246712,0.9291983382785927,2.9069105307810945,1.301174108916972,1.209126647163918,,,,,
B6A_PHYSICAL_TUBES,96,0.05,rosenhead,fixed_sampled_reach,mirror_trefoil,3:1:1,discrete_axial_tubes,physical_tubes,1.0,0.2378919768200489,0.18789197682004888,0.18789197682004888,7,0.03550824600072585,-1.0,-7.0,-63.11487057352727,-31.557435286763635,0.1991031669742499,-31.557435286763635,-5.022521817191036,True,FAIL_RELATIVE_EQUILIBRIUM_GATE,1.5993440266183212,0.506339446516717,0.2205383754039983,-6.251998767509401,0.9240994731094772,0.9291983382785927,2.9069105307810945,1.301174108916972,1.209126647163918,,,,,
B6A_PHYSICAL_TUBES,96,0.05,rosenhead,fixed_sampled_reach,trefoil,3:1:1,discrete_axial_tubes,physical_tubes,1.0,0.2378919768200489,0.18789197682004888,0.18789197682004888,19,0.021552687875281046,-0.25,-4.75,-42.82794788917922,-21.41397394458961,0.2934151934357367,-21.41397394458961,-3.408139804522489,True,FAIL_RELATIVE_EQUILIBRIUM_GATE,1.1358318150740216,0.4635436192840109,0.2205383754039983,-4.150268351226049,0.6562825535855606,0.6301995577652477,1.9724796183421316,1.301174108916972,1.209126647163918,,,,,
B6A_PHYSICAL_TUBES,96,0.05,rosenhead,fixed_sampled_reach,mirror_trefoil,3:1:1,discrete_axial_tubes,physical_tubes,1.0,0.2378919768200489,0.18789197682004888,0.18789197682004888,19,0.021552687875281046,-0.25,-4.75,-42.82794788917922,-21.41397394458961,0.2934151934357367,-21.41397394458961,-3.408139804522489,True,FAIL_RELATIVE_EQUILIBRIUM_GATE,1.0892056984127736,0.4886621314827385,0.2205383754039983,-3.938848834890922,0.6293420272680899,0.6301995577652477,1.9724796183421316,1.301174108916972,1.209126647163918,,,,,
B6A_PHYSICAL_TUBES,96,0.05,rosenhead,fixed_sampled_reach,trefoil,3:1:1,discrete_axial_tubes,physical_tubes,1.0,0.2378919768200489,0.18789197682004888,0.18789197682004888,19,0.021552687875281046,-1.0,-19.0,-171.31179155671688,-85.65589577835844,0.07335379835893417,-85.65589577835844,-13.632559218089956,True,FAIL_RELATIVE_EQUILIBRIUM_GATE,4.3920150064275845,0.5076531581216713,0.2205383754039983,-18.914969439590596,2.5377021364880084,2.520798231060991,7.889918473368526,1.301174108916972,1.209126647163918,,,,,
B6A_PHYSICAL_TUBES,96,0.05,rosenhead,fixed_sampled_reach,mirror_trefoil,3:1:1,discrete_axial_tubes,physical_tubes,1.0,0.2378919768200489,0.18789197682004888,0.18789197682004888,19,0.021552687875281046,-1.0,-19.0,-171.31179155671688,-85.65589577835844,0.07335379835893417,-85.65589577835844,-13.632559218089956,True,FAIL_RELATIVE_EQUILIBRIUM_GATE,4.34451566713335,0.5166667105195997,0.2205383754039983,-18.69959041901324,2.510257062955167,2.520798231060991,7.889918473368526,1.301174108916972,1.209126647163918,,,,,
B6A_PHYSICAL_TUBES,96,0.05,rosenhead,fixed_sampled_reach,trefoil,3:1:1,discrete_axial_tubes,physical_tubes,1.0,0.2378919768200489,0.18789197682004888,0.18789197682004888,37,0.015444625356008851,-0.25,-9.25,-83.40179325787533,-41.70089662893766,0.15067266689943234,-41.70089662893766,-6.636903829859584,True,FAIL_RELATIVE_EQUILIBRIUM_GATE,2.160570160822601,0.49523609180165107,0.2205383754039983,-8.79679911427982,1.2483754051677227,1.2282421435393263,3.8417034605680014,1.301174108916972,1.209126647163918,,,,,
B6A_PHYSICAL_TUBES,96,0.05,rosenhead,fixed_sampled_reach,mirror_trefoil,3:1:1,discrete_axial_tubes,physical_tubes,1.0,0.2378919768200489,0.18789197682004888,0.18789197682004888,37,0.015444625356008851,-0.25,-9.25,-83.40179325787533,-41.70089662893766,0.15067266689943234,-41.70089662893766,-6.636903829859584,True,FAIL_RELATIVE_EQUILIBRIUM_GATE,2.113439851492549,0.5123422486628415,0.2205383754039983,-8.583093407761782,1.2211435568008162,1.2282421435393263,3.8417034605680014,1.301174108916972,1.209126647163918,,,,,
B6A_PHYSICAL_TUBES,96,0.05,rosenhead,fixed_sampled_reach,trefoil,3:1:1,discrete_axial_tubes,physical_tubes,1.0,0.2378919768200489,0.18789197682004888,0.18789197682004888,37,0.015444625356008851,-1.0,-37.0,-333.6071730315013,-166.80358651575065,0.037668166724858086,-166.80358651575065,-26.547615319438336,True,FAIL_RELATIVE_EQUILIBRIUM_GATE,8.529410566284376,0.5120865726058185,0.2205383754039983,-37.675403093269274,4.92828539642198,4.912968574157305,15.366813842272006,1.301174108916972,1.209126647163918,,,,,
B6A_PHYSICAL_TUBES,96,0.05,rosenhead,fixed_sampled_reach,mirror_trefoil,3:1:1,discrete_axial_tubes,physical_tubes,1.0,0.2378919768200489,0.18789197682004888,0.18789197682004888,37,0.015444625356008851,-1.0,-37.0,-333.6071730315013,-166.80358651575065,0.037668166724858086,-166.80358651575065,-26.547615319438336,True,FAIL_RELATIVE_EQUILIBRIUM_GATE,8.482045917843346,0.5168136960754717,0.2205383754039983,-37.46063480927215,4.900918147137335,4.912968574157305,15.366813842272006,1.301174108916972,1.209126647163918,,,,,
B6A_PHYSICAL_TUBES,96,0.05,rosenhead,fixed_sampled_reach,trefoil,3:1:1,discrete_axial_tubes,physical_tubes,1.0,0.2378919768200489,0.18789197682004888,0.18789197682004888,1,0.09394598841002444,0.25,0.25,2.2541025204831167,1.1270512602415583,5.574888675278998,1.1270512602415583,0.17937577918539413,True,FAIL_RELATIVE_EQUILIBRIUM_GATE,0.22189298426150791,0.22355440468559956,0.2205383754039983,-0.006142281836565511,0.12820955743731544,0.03323877540806184,0.10385297597872173,1.301174108916972,1.209126647163918,,,,,
B6A_PHYSICAL_TUBES,96,0.05,rosenhead,fixed_sampled_reach,mirror_trefoil,3:1:1,discrete_axial_tubes,physical_tubes,1.0,0.2378919768200489,0.18789197682004888,0.18789197682004888,1,0.09394598841002444,0.25,0.25,2.2541025204831167,1.1270512602415583,5.574888675278998,1.1270512602415583,0.17937577918539413,True,FAIL_RELATIVE_EQUILIBRIUM_GATE,0.23378720474736042,0.22927950799134036,0.2205383754039983,-0.060074938518486665,0.13508202683795134,0.03323877540806184,0.10385297597872173,1.301174108916972,1.209126647163918,,,,,
B6A_PHYSICAL_TUBES,96,0.05,rosenhead,fixed_sampled_reach,trefoil,3:1:1,discrete_axial_tubes,physical_tubes,1.0,0.2378919768200489,0.18789197682004888,0.18789197682004888,1,0.09394598841002444,1.0,1.0,9.016410081932467,4.508205040966233,1.3937221688197494,4.508205040966233,0.7175031167415765,True,FAIL_RELATIVE_EQUILIBRIUM_GATE,0.30124090339587045,0.2885155563474479,0.2205383754039983,-0.3659341728805039,0.1740567104225541,0.13295510163224736,0.4154119039148869,1.301174108916972,1.209126647163918,,,,,
B6A_PHYSICAL_TUBES,96,0.05,rosenhead,fixed_sampled_reach,mirror_trefoil,3:1:1,discrete_axial_tubes,physical_tubes,1.0,0.2378919768200489,0.18789197682004888,0.18789197682004888,1,0.09394598841002444,1.0,1.0,9.016410081932467,4.508205040966233,1.3937221688197494,4.508205040966233,0.7175031167415765,True,FAIL_RELATIVE_EQUILIBRIUM_GATE,0.3352997531093421,0.29315199114970564,0.2205383754039983,-0.5203691987624175,0.19373588172723122,0.13295510163224736,0.4154119039148869,1.301174108916972,1.209126647163918,,,,,
B6A_PHYSICAL_TUBES,96,0.05,rosenhead,fixed_sampled_reach,trefoil,3:1:1,discrete_axial_tubes,physical_tubes,1.0,0.2378919768200489,0.18789197682004888,0.18789197682004888,7,0.03550824600072585,0.25,1.75,15.778717643381817,7.889358821690909,0.7964126678969996,7.889358821690909,1.255630454297759,True,FAIL_RELATIVE_EQUILIBRIUM_GATE,0.4370806590371238,0.36705654082141315,0.2205383754039983,-0.9818802883464048,0.252544793365424,0.23229958456964817,0.7267276326952736,1.301174108916972,1.209126647163918,,,,,
B6A_PHYSICAL_TUBES,96,0.05,rosenhead,fixed_sampled_reach,mirror_trefoil,3:1:1,discrete_axial_tubes,physical_tubes,1.0,0.2378919768200489,0.18789197682004888,0.18789197682004888,7,0.03550824600072585,0.25,1.75,15.778717643381817,7.889358821690909,0.7964126678969996,7.889358821690909,1.255630454297759,True,FAIL_RELATIVE_EQUILIBRIUM_GATE,0.47907270078488845,0.3571189514707086,0.2205383754039983,-1.172287248907534,0.276807755559962,0.23229958456964817,0.7267276326952736,1.301174108916972,1.209126647163918,,,,,
B6A_PHYSICAL_TUBES,96,0.05,rosenhead,fixed_sampled_reach,trefoil,3:1:1,discrete_axial_tubes,physical_tubes,1.0,0.2378919768200489,0.18789197682004888,0.18789197682004888,7,0.03550824600072585,1.0,7.0,63.11487057352727,31.557435286763635,0.1991031669742499,31.557435286763635,5.022521817191036,True,FAIL_RELATIVE_EQUILIBRIUM_GATE,1.5993440266183212,0.506339446516717,0.2205383754039983,-6.251998767509401,0.9240994731094772,0.9291983382785927,2.9069105307810945,1.301174108916972,1.209126647163918,,,,,
B6A_PHYSICAL_TUBES,96,0.05,rosenhead,fixed_sampled_reach,mirror_trefoil,3:1:1,discrete_axial_tubes,physical_tubes,1.0,0.2378919768200489,0.18789197682004888,0.18789197682004888,7,0.03550824600072585,1.0,7.0,63.11487057352727,31.557435286763635,0.1991031669742499,31.557435286763635,5.022521817191036,True,FAIL_RELATIVE_EQUILIBRIUM_GATE,1.6467501073361763,0.48552259961168703,0.2205383754039983,-6.466954920292395,0.9514906619246712,0.9291983382785927,2.9069105307810945,1.301174108916972,1.209126647163918,,,,,
B6A_PHYSICAL_TUBES,96,0.05,rosenhead,fixed_sampled_reach,trefoil,3:1:1,discrete_axial_tubes,physical_tubes,1.0,0.2378919768200489,0.18789197682004888,0.18789197682004888,19,0.021552687875281046,0.25,4.75,42.82794788917922,21.41397394458961,0.2934151934357367,21.41397394458961,3.408139804522489,True,FAIL_RELATIVE_EQUILIBRIUM_GATE,1.0892056984127736,0.4886621314827385,0.2205383754039983,-3.938848834890922,0.6293420272680899,0.6301995577652477,1.9724796183421316,1.301174108916972,1.209126647163918,,,,,
B6A_PHYSICAL_TUBES,96,0.05,rosenhead,fixed_sampled_reach,mirror_trefoil,3:1:1,discrete_axial_tubes,physical_tubes,1.0,0.2378919768200489,0.18789197682004888,0.18789197682004888,19,0.021552687875281046,0.25,4.75,42.82794788917922,21.41397394458961,0.2934151934357367,21.41397394458961,3.408139804522489,True,FAIL_RELATIVE_EQUILIBRIUM_GATE,1.1358318150740216,0.4635436192840109,0.2205383754039983,-4.150268351226049,0.6562825535855606,0.6301995577652477,1.9724796183421316,1.301174108916972,1.209126647163918,,,,,
B6A_PHYSICAL_TUBES,96,0.05,rosenhead,fixed_sampled_reach,trefoil,3:1:1,discrete_axial_tubes,physical_tubes,1.0,0.2378919768200489,0.18789197682004888,0.18789197682004888,19,0.021552687875281046,1.0,19.0,171.31179155671688,85.65589577835844,0.07335379835893417,85.65589577835844,13.632559218089956,True,FAIL_RELATIVE_EQUILIBRIUM_GATE,4.34451566713335,0.5166667105195997,0.2205383754039983,-18.69959041901324,2.510257062955167,2.520798231060991,7.889918473368526,1.301174108916972,1.209126647163918,,,,,
B6A_PHYSICAL_TUBES,96,0.05,rosenhead,fixed_sampled_reach,mirror_trefoil,3:1:1,discrete_axial_tubes,physical_tubes,1.0,0.2378919768200489,0.18789197682004888,0.18789197682004888,19,0.021552687875281046,1.0,19.0,171.31179155671688,85.65589577835844,0.07335379835893417,85.65589577835844,13.632559218089956,True,FAIL_RELATIVE_EQUILIBRIUM_GATE,4.3920150064275845,0.5076531581216713,0.2205383754039983,-18.914969439590596,2.5377021364880084,2.520798231060991,7.889918473368526,1.301174108916972,1.209126647163918,,,,,
B6A_PHYSICAL_TUBES,96,0.05,rosenhead,fixed_sampled_reach,trefoil,3:1:1,discrete_axial_tubes,physical_tubes,1.0,0.2378919768200489,0.18789197682004888,0.18789197682004888,37,0.015444625356008851,0.25,9.25,83.40179325787533,41.70089662893766,0.15067266689943234,41.70089662893766,6.636903829859584,True,FAIL_RELATIVE_EQUILIBRIUM_GATE,2.113439851492549,0.5123422486628415,0.2205383754039983,-8.583093407761782,1.2211435568008162,1.2282421435393263,3.8417034605680014,1.301174108916972,1.209126647163918,,,,,
B6A_PHYSICAL_TUBES,96,0.05,rosenhead,fixed_sampled_reach,mirror_trefoil,3:1:1,discrete_axial_tubes,physical_tubes,1.0,0.2378919768200489,0.18789197682004888,0.18789197682004888,37,0.015444625356008851,0.25,9.25,83.40179325787533,41.70089662893766,0.15067266689943234,41.70089662893766,6.636903829859584,True,FAIL_RELATIVE_EQUILIBRIUM_GATE,2.160570160822601,0.49523609180165107,0.2205383754039983,-8.79679911427982,1.2483754051677227,1.2282421435393263,3.8417034605680014,1.301174108916972,1.209126647163918,,,,,
B6A_PHYSICAL_TUBES,96,0.05,rosenhead,fixed_sampled_reach,trefoil,3:1:1,discrete_axial_tubes,physical_tubes,1.0,0.2378919768200489,0.18789197682004888,0.18789197682004888,37,0.015444625356008851,1.0,37.0,333.6071730315013,166.80358651575065,0.037668166724858086,166.80358651575065,26.547615319438336,True,FAIL_RELATIVE_EQUILIBRIUM_GATE,8.482045917843346,0.5168136960754717,0.2205383754039983,-37.46063480927215,4.900918147137335,4.912968574157305,15.366813842272006,1.301174108916972,1.209126647163918,,,,,
B6A_PHYSICAL_TUBES,96,0.05,rosenhead,fixed_sampled_reach,mirror_trefoil,3:1:1,discrete_axial_tubes,physical_tubes,1.0,0.2378919768200489,0.18789197682004888,0.18789197682004888,37,0.015444625356008851,1.0,37.0,333.6071730315013,166.80358651575065,0.037668166724858086,166.80358651575065,26.547615319438336,True,FAIL_RELATIVE_EQUILIBRIUM_GATE,8.529410566284376,0.5120865726058185,0.2205383754039983,-37.675403093269274,4.92828539642198,4.912968574157305,15.366813842272006,1.301174108916972,1.209126647163918,,,,,
B6A_PHYSICAL_TUBES,96,0.05,winckelmans,fixed_sampled_reach,trefoil,3:1:1,discrete_axial_tubes,physical_tubes,0.75,0.2378919768200489,0.18789197682004888,0.14091898261503666,1,0.07045949130751833,-0.25,-0.25,-4.007293369747763,-2.0036466848738814,3.1358748798444362,-2.0036466848738814,-0.31889027410736737,True,FAIL_RELATIVE_EQUILIBRIUM_GATE,0.2329086157609698,0.22938851341953662,0.22333112051720835,-0.0428847319691994,0.14224545962443835,0.03323877540806184,0.10385297597872173,1.301174108916972,1.209126647163918,,,,,
B6A_PHYSICAL_TUBES,96,0.05,winckelmans,fixed_sampled_reach,mirror_trefoil,3:1:1,discrete_axial_tubes,physical_tubes,0.75,0.2378919768200489,0.18789197682004888,0.14091898261503666,1,0.07045949130751833,-0.25,-0.25,-4.007293369747763,-2.0036466848738814,3.1358748798444362,-2.0036466848738814,-0.31889027410736737,True,FAIL_RELATIVE_EQUILIBRIUM_GATE,0.22678435874942646,0.2277705914378057,0.22333112051720835,-0.01546241394491199,0.138505161093107,0.03323877540806184,0.10385297597872173,1.301174108916972,1.209126647163918,,,,,
B6A_PHYSICAL_TUBES,96,0.05,winckelmans,fixed_sampled_reach,trefoil,3:1:1,discrete_axial_tubes,physical_tubes,0.75,0.2378919768200489,0.18789197682004888,0.14091898261503666,1,0.07045949130751833,-1.0,-1.0,-16.02917347899105,-8.014586739495526,0.7839687199611091,-8.014586739495526,-1.2755610964294695,True,FAIL_RELATIVE_EQUILIBRIUM_GATE,0.3207791519490698,0.2860658177265382,0.22333112051720835,-0.43633879240019646,0.19591107764670093,0.13295510163224736,0.4154119039148869,1.301174108916972,1.209126647163918,,,,,
B6A_PHYSICAL_TUBES,96,0.05,winckelmans,fixed_sampled_reach,mirror_trefoil,3:1:1,discrete_axial_tubes,physical_tubes,0.75,0.2378919768200489,0.18789197682004888,0.14091898261503666,1,0.07045949130751833,-1.0,-1.0,-16.02917347899105,-8.014586739495526,0.7839687199611091,-8.014586739495526,-1.2755610964294695,True,FAIL_RELATIVE_EQUILIBRIUM_GATE,0.30271794237533123,0.28874198119973166,0.22333112051720835,-0.3554669034672482,0.18488046356316523,0.13295510163224736,0.4154119039148869,1.301174108916972,1.209126647163918,,,,,
B6A_PHYSICAL_TUBES,96,0.05,winckelmans,fixed_sampled_reach,trefoil,3:1:1,discrete_axial_tubes,physical_tubes,0.75,0.2378919768200489,0.18789197682004888,0.14091898261503666,7,0.02663118450054439,-0.25,-1.75,-28.05105358823434,-14.02552679411717,0.44798212569206236,-14.02552679411717,-2.2322319187515713,True,FAIL_RELATIVE_EQUILIBRIUM_GATE,0.4524866592358521,0.34866186408062116,0.22333112051720835,-1.0260797428855715,0.2763494712578012,0.23254021598145838,0.7269020868513251,1.301174108916972,1.209126647163918,,,,,
B6A_PHYSICAL_TUBES,96,0.05,winckelmans,fixed_sampled_reach,mirror_trefoil,3:1:1,discrete_axial_tubes,physical_tubes,0.75,0.2378919768200489,0.18789197682004888,0.14091898261503666,7,0.02663118450054439,-0.25,-1.75,-28.05105358823434,-14.02552679411717,0.44798212569206236,-14.02552679411717,-2.2322319187515713,True,FAIL_RELATIVE_EQUILIBRIUM_GATE,0.4300669772452896,0.3625369124621444,0.22333112051720835,-0.9256921124530497,0.2626569852200403,0.23254021598145838,0.7269020868513251,1.301174108916972,1.209126647163918,,,,,
B6A_PHYSICAL_TUBES,96,0.05,winckelmans,fixed_sampled_reach,trefoil,3:1:1,discrete_axial_tubes,physical_tubes,0.75,0.2378919768200489,0.18789197682004888,0.14091898261503666,7,0.02663118450054439,-1.0,-7.0,-112.20421435293736,-56.10210717646868,0.11199553142301559,-56.10210717646868,-8.928927675006285,True,FAIL_RELATIVE_EQUILIBRIUM_GATE,1.552106812205122,0.4839527702168559,0.22333112051720835,-5.949800854491873,0.9479260617603015,0.9301608639258335,2.9076083474053003,1.301174108916972,1.209126647163918,,,,,
B6A_PHYSICAL_TUBES,96,0.05,winckelmans,fixed_sampled_reach,mirror_trefoil,3:1:1,discrete_axial_tubes,physical_tubes,0.75,0.2378919768200489,0.18789197682004888,0.14091898261503666,7,0.02663118450054439,-1.0,-7.0,-112.20421435293736,-56.10210717646868,0.11199553142301559,-56.10210717646868,-8.928927675006285,True,FAIL_RELATIVE_EQUILIBRIUM_GATE,1.526397480676465,0.503846750167907,0.22333112051720835,-5.8346833040621915,0.9322244713833958,0.9301608639258335,2.9076083474053003,1.301174108916972,1.209126647163918,,,,,
B6A_PHYSICAL_TUBES,96,0.05,winckelmans,fixed_sampled_reach,trefoil,3:1:1,discrete_axial_tubes,physical_tubes,0.75,0.2378919768200489,0.18789197682004888,0.14091898261503666,19,0.016164515906460786,-0.25,-4.75,-76.13857402520749,-38.069287012603745,0.16504604630760192,-38.069287012603745,-6.05891520803998,True,FAIL_RELATIVE_EQUILIBRIUM_GATE,1.070230982945518,0.46065623761587776,0.22333112051720835,-3.792126509135808,0.6536275937066939,0.6313739879687783,1.9731220046991067,1.301174108916972,1.209126647163918,,,,,
B6A_PHYSICAL_TUBES,96,0.05,winckelmans,fixed_sampled_reach,mirror_trefoil,3:1:1,discrete_axial_tubes,physical_tubes,0.75,0.2378919768200489,0.18789197682004888,0.14091898261503666,19,0.016164515906460786,-0.25,-4.75,-76.13857402520749,-38.069287012603745,0.16504604630760192,-38.069287012603745,-6.05891520803998,True,FAIL_RELATIVE_EQUILIBRIUM_GATE,1.0449007196609268,0.48478034794706165,0.22333112051720835,-3.678706296019385,0.6381575136001574,0.6313739879687783,1.9731220046991067,1.301174108916972,1.209126647163918,,,,,
B6A_PHYSICAL_TUBES,96,0.05,winckelmans,fixed_sampled_reach,trefoil,3:1:1,discrete_axial_tubes,physical_tubes,0.75,0.2378919768200489,0.18789197682004888,0.14091898261503666,19,0.016164515906460786,-1.0,-19.0,-304.55429610082996,-152.27714805041498,0.04126151157690048,-152.27714805041498,-24.23566083215992,True,FAIL_RELATIVE_EQUILIBRIUM_GATE,4.154118054579185,0.5080722247916762,0.22333112051720835,-17.600712900910278,2.537065578605427,2.525495951875113,7.892488018796427,1.301174108916972,1.209126647163918,,,,,
B6A_PHYSICAL_TUBES,96,0.05,winckelmans,fixed_sampled_reach,mirror_trefoil,3:1:1,discrete_axial_tubes,physical_tubes,0.75,0.2378919768200489,0.18789197682004888,0.14091898261503666,19,0.016164515906460786,-1.0,-19.0,-304.55429610082996,-152.27714805041498,0.04126151157690048,-152.27714805041498,-24.23566083215992,True,FAIL_RELATIVE_EQUILIBRIUM_GATE,4.1282428997996625,0.5166621168084097,0.22333112051720835,-17.484852850955757,2.5212627141538855,2.525495951875113,7.892488018796427,1.301174108916972,1.209126647163918,,,,,
B6A_PHYSICAL_TUBES,96,0.05,winckelmans,fixed_sampled_reach,trefoil,3:1:1,discrete_axial_tubes,physical_tubes,0.75,0.2378919768200489,0.18789197682004888,0.14091898261503666,37,0.011583469017006638,-0.25,-9.25,-148.26985468066724,-74.13492734033362,0.0847533751309307,-74.13492734033362,-11.798940141972594,True,FAIL_RELATIVE_EQUILIBRIUM_GATE,2.03851875341983,0.494641854768451,0.22333112051720835,-8.127786350146199,1.2449948924638843,1.2296179037716424,3.8424480056268093,1.301174108916972,1.209126647163918,,,,,
B6A_PHYSICAL_TUBES,96,0.05,winckelmans,fixed_sampled_reach,mirror_trefoil,3:1:1,discrete_axial_tubes,physical_tubes,0.75,0.2378919768200489,0.18789197682004888,0.14091898261503666,37,0.011583469017006638,-0.25,-9.25,-148.26985468066724,-74.13492734033362,0.0847533751309307,-74.13492734033362,-11.798940141972594,True,FAIL_RELATIVE_EQUILIBRIUM_GATE,2.0127787144775087,0.5109124598562553,0.22333112051720835,-8.012531302472096,1.2292745479925615,1.2296179037716424,3.8424480056268093,1.301174108916972,1.209126647163918,,,,,
B6A_PHYSICAL_TUBES,96,0.05,winckelmans,fixed_sampled_reach,trefoil,3:1:1,discrete_axial_tubes,physical_tubes,0.75,0.2378919768200489,0.18789197682004888,0.14091898261503666,37,0.011583469017006638,-1.0,-37.0,-593.079418722669,-296.5397093613345,0.021188343782732676,-296.5397093613345,-47.195760567890375,True,FAIL_RELATIVE_EQUILIBRIUM_GATE,8.069393047825448,0.5124435505794769,0.22333112051720835,-35.13196866221641,4.928261323557827,4.9184716150865695,15.369792022507237,1.301174108916972,1.209126647163918,,,,,
B6A_PHYSICAL_TUBES,96,0.05,winckelmans,fixed_sampled_reach,mirror_trefoil,3:1:1,discrete_axial_tubes,physical_tubes,0.75,0.2378919768200489,0.18789197682004888,0.14091898261503666,37,0.011583469017006638,-1.0,-37.0,-593.079418722669,-296.5397093613345,0.021188343782732676,-296.5397093613345,-47.195760567890375,True,FAIL_RELATIVE_EQUILIBRIUM_GATE,8.043505575427375,0.5169403143943362,0.22333112051720835,-35.016053458199515,4.912450936304664,4.9184716150865695,15.369792022507237,1.301174108916972,1.209126647163918,,,,,
B6A_PHYSICAL_TUBES,96,0.05,winckelmans,fixed_sampled_reach,trefoil,3:1:1,discrete_axial_tubes,physical_tubes,0.75,0.2378919768200489,0.18789197682004888,0.14091898261503666,1,0.07045949130751833,0.25,0.25,4.007293369747763,2.0036466848738814,3.1358748798444362,2.0036466848738814,0.31889027410736737,True,FAIL_RELATIVE_EQUILIBRIUM_GATE,0.22678435874942646,0.2277705914378057,0.22333112051720835,-0.01546241394491199,0.138505161093107,0.03323877540806184,0.10385297597872173,1.301174108916972,1.209126647163918,,,,,
B6A_PHYSICAL_TUBES,96,0.05,winckelmans,fixed_sampled_reach,mirror_trefoil,3:1:1,discrete_axial_tubes,physical_tubes,0.75,0.2378919768200489,0.18789197682004888,0.14091898261503666,1,0.07045949130751833,0.25,0.25,4.007293369747763,2.0036466848738814,3.1358748798444362,2.0036466848738814,0.31889027410736737,True,FAIL_RELATIVE_EQUILIBRIUM_GATE,0.2329086157609698,0.22938851341953662,0.22333112051720835,-0.0428847319691994,0.14224545962443835,0.03323877540806184,0.10385297597872173,1.301174108916972,1.209126647163918,,,,,
B6A_PHYSICAL_TUBES,96,0.05,winckelmans,fixed_sampled_reach,trefoil,3:1:1,discrete_axial_tubes,physical_tubes,0.75,0.2378919768200489,0.18789197682004888,0.14091898261503666,1,0.07045949130751833,1.0,1.0,16.02917347899105,8.014586739495526,0.7839687199611091,8.014586739495526,1.2755610964294695,True,FAIL_RELATIVE_EQUILIBRIUM_GATE,0.30271794237533123,0.28874198119973166,0.22333112051720835,-0.3554669034672482,0.18488046356316523,0.13295510163224736,0.4154119039148869,1.301174108916972,1.209126647163918,,,,,
B6A_PHYSICAL_TUBES,96,0.05,winckelmans,fixed_sampled_reach,mirror_trefoil,3:1:1,discrete_axial_tubes,physical_tubes,0.75,0.2378919768200489,0.18789197682004888,0.14091898261503666,1,0.07045949130751833,1.0,1.0,16.02917347899105,8.014586739495526,0.7839687199611091,8.014586739495526,1.2755610964294695,True,FAIL_RELATIVE_EQUILIBRIUM_GATE,0.3207791519490698,0.2860658177265382,0.22333112051720835,-0.43633879240019646,0.19591107764670093,0.13295510163224736,0.4154119039148869,1.301174108916972,1.209126647163918,,,,,
B6A_PHYSICAL_TUBES,96,0.05,winckelmans,fixed_sampled_reach,trefoil,3:1:1,discrete_axial_tubes,physical_tubes,0.75,0.2378919768200489,0.18789197682004888,0.14091898261503666,7,0.02663118450054439,0.25,1.75,28.05105358823434,14.02552679411717,0.44798212569206236,14.02552679411717,2.2322319187515713,True,FAIL_RELATIVE_EQUILIBRIUM_GATE,0.4300669772452896,0.3625369124621444,0.22333112051720835,-0.9256921124530497,0.2626569852200403,0.23254021598145838,0.7269020868513251,1.301174108916972,1.209126647163918,,,,,
B6A_PHYSICAL_TUBES,96,0.05,winckelmans,fixed_sampled_reach,mirror_trefoil,3:1:1,discrete_axial_tubes,physical_tubes,0.75,0.2378919768200489,0.18789197682004888,0.14091898261503666,7,0.02663118450054439,0.25,1.75,28.05105358823434,14.02552679411717,0.44798212569206236,14.02552679411717,2.2322319187515713,True,FAIL_RELATIVE_EQUILIBRIUM_GATE,0.4524866592358521,0.34866186408062116,0.22333112051720835,-1.0260797428855715,0.2763494712578012,0.23254021598145838,0.7269020868513251,1.301174108916972,1.209126647163918,,,,,
B6A_PHYSICAL_TUBES,96,0.05,winckelmans,fixed_sampled_reach,trefoil,3:1:1,discrete_axial_tubes,physical_tubes,0.75,0.2378919768200489,0.18789197682004888,0.14091898261503666,7,0.02663118450054439,1.0,7.0,112.20421435293736,56.10210717646868,0.11199553142301559,56.10210717646868,8.928927675006285,True,FAIL_RELATIVE_EQUILIBRIUM_GATE,1.526397480676465,0.503846750167907,0.22333112051720835,-5.8346833040621915,0.9322244713833958,0.9301608639258335,2.9076083474053003,1.301174108916972,1.209126647163918,,,,,
B6A_PHYSICAL_TUBES,96,0.05,winckelmans,fixed_sampled_reach,mirror_trefoil,3:1:1,discrete_axial_tubes,physical_tubes,0.75,0.2378919768200489,0.18789197682004888,0.14091898261503666,7,0.02663118450054439,1.0,7.0,112.20421435293736,56.10210717646868,0.11199553142301559,56.10210717646868,8.928927675006285,True,FAIL_RELATIVE_EQUILIBRIUM_GATE,1.552106812205122,0.4839527702168559,0.22333112051720835,-5.949800854491873,0.9479260617603015,0.9301608639258335,2.9076083474053003,1.301174108916972,1.209126647163918,,,,,
B6A_PHYSICAL_TUBES,96,0.05,winckelmans,fixed_sampled_reach,trefoil,3:1:1,discrete_axial_tubes,physical_tubes,0.75,0.2378919768200489,0.18789197682004888,0.14091898261503666,19,0.016164515906460786,0.25,4.75,76.13857402520749,38.069287012603745,0.16504604630760192,38.069287012603745,6.05891520803998,True,FAIL_RELATIVE_EQUILIBRIUM_GATE,1.0449007196609268,0.48478034794706165,0.22333112051720835,-3.678706296019385,0.6381575136001574,0.6313739879687783,1.9731220046991067,1.301174108916972,1.209126647163918,,,,,
B6A_PHYSICAL_TUBES,96,0.05,winckelmans,fixed_sampled_reach,mirror_trefoil,3:1:1,discrete_axial_tubes,physical_tubes,0.75,0.2378919768200489,0.18789197682004888,0.14091898261503666,19,0.016164515906460786,0.25,4.75,76.13857402520749,38.069287012603745,0.16504604630760192,38.069287012603745,6.05891520803998,True,FAIL_RELATIVE_EQUILIBRIUM_GATE,1.070230982945518,0.46065623761587776,0.22333112051720835,-3.792126509135808,0.6536275937066939,0.6313739879687783,1.9731220046991067,1.301174108916972,1.209126647163918,,,,,
B6A_PHYSICAL_TUBES,96,0.05,winckelmans,fixed_sampled_reach,trefoil,3:1:1,discrete_axial_tubes,physical_tubes,0.75,0.2378919768200489,0.18789197682004888,0.14091898261503666,19,0.016164515906460786,1.0,19.0,304.55429610082996,152.27714805041498,0.04126151157690048,152.27714805041498,24.23566083215992,True,FAIL_RELATIVE_EQUILIBRIUM_GATE,4.1282428997996625,0.5166621168084097,0.22333112051720835,-17.484852850955757,2.5212627141538855,2.525495951875113,7.892488018796427,1.301174108916972,1.209126647163918,,,,,
B6A_PHYSICAL_TUBES,96,0.05,winckelmans,fixed_sampled_reach,mirror_trefoil,3:1:1,discrete_axial_tubes,physical_tubes,0.75,0.2378919768200489,0.18789197682004888,0.14091898261503666,19,0.016164515906460786,1.0,19.0,304.55429610082996,152.27714805041498,0.04126151157690048,152.27714805041498,24.23566083215992,True,FAIL_RELATIVE_EQUILIBRIUM_GATE,4.154118054579185,0.5080722247916762,0.22333112051720835,-17.600712900910278,2.537065578605427,2.525495951875113,7.892488018796427,1.301174108916972,1.209126647163918,,,,,
B6A_PHYSICAL_TUBES,96,0.05,winckelmans,fixed_sampled_reach,trefoil,3:1:1,discrete_axial_tubes,physical_tubes,0.75,0.2378919768200489,0.18789197682004888,0.14091898261503666,37,0.011583469017006638,0.25,9.25,148.26985468066724,74.13492734033362,0.0847533751309307,74.13492734033362,11.798940141972594,True,FAIL_RELATIVE_EQUILIBRIUM_GATE,2.0127787144775087,0.5109124598562553,0.22333112051720835,-8.012531302472096,1.2292745479925615,1.2296179037716424,3.8424480056268093,1.301174108916972,1.209126647163918,,,,,
B6A_PHYSICAL_TUBES,96,0.05,winckelmans,fixed_sampled_reach,mirror_trefoil,3:1:1,discrete_axial_tubes,physical_tubes,0.75,0.2378919768200489,0.18789197682004888,0.14091898261503666,37,0.011583469017006638,0.25,9.25,148.26985468066724,74.13492734033362,0.0847533751309307,74.13492734033362,11.798940141972594,True,FAIL_RELATIVE_EQUILIBRIUM_GATE,2.03851875341983,0.494641854768451,0.22333112051720835,-8.127786350146199,1.2449948924638843,1.2296179037716424,3.8424480056268093,1.301174108916972,1.209126647163918,,,,,
B6A_PHYSICAL_TUBES,96,0.05,winckelmans,fixed_sampled_reach,trefoil,3:1:1,discrete_axial_tubes,physical_tubes,0.75,0.2378919768200489,0.18789197682004888,0.14091898261503666,37,0.011583469017006638,1.0,37.0,593.079418722669,296.5397093613345,0.021188343782732676,296.5397093613345,47.195760567890375,True,FAIL_RELATIVE_EQUILIBRIUM_GATE,8.043505575427375,0.5169403143943362,0.22333112051720835,-35.016053458199515,4.912450936304664,4.9184716150865695,15.369792022507237,1.301174108916972,1.209126647163918,,,,,
B6A_PHYSICAL_TUBES,96,0.05,winckelmans,fixed_sampled_reach,mirror_trefoil,3:1:1,discrete_axial_tubes,physical_tubes,0.75,0.2378919768200489,0.18789197682004888,0.14091898261503666,37,0.011583469017006638,1.0,37.0,593.079418722669,296.5397093613345,0.021188343782732676,296.5397093613345,47.195760567890375,True,FAIL_RELATIVE_EQUILIBRIUM_GATE,8.069393047825448,0.5124435505794769,0.22333112051720835,-35.13196866221641,4.928261323557827,4.9184716150865695,15.369792022507237,1.301174108916972,1.209126647163918,,,,,
B6A_PHYSICAL_TUBES,96,0.05,winckelmans,fixed_sampled_reach,trefoil,3:1:1,discrete_axial_tubes,physical_tubes,1.0,0.2378919768200489,0.18789197682004888,0.18789197682004888,1,0.09394598841002444,-0.25,-0.25,-2.2541025204831167,-1.1270512602415583,5.574888675278998,-1.1270512602415583,-0.17937577918539413,True,FAIL_RELATIVE_EQUILIBRIUM_GATE,0.2329086157609698,0.22938851341953662,0.22333112051720835,-0.0428847319691994,0.14224545962443835,0.03323877540806184,0.10385297597872173,1.301174108916972,1.209126647163918,,,,,
B6A_PHYSICAL_TUBES,96,0.05,winckelmans,fixed_sampled_reach,mirror_trefoil,3:1:1,discrete_axial_tubes,physical_tubes,1.0,0.2378919768200489,0.18789197682004888,0.18789197682004888,1,0.09394598841002444,-0.25,-0.25,-2.2541025204831167,-1.1270512602415583,5.574888675278998,-1.1270512602415583,-0.17937577918539413,True,FAIL_RELATIVE_EQUILIBRIUM_GATE,0.22678435874942646,0.2277705914378057,0.22333112051720835,-0.01546241394491199,0.138505161093107,0.03323877540806184,0.10385297597872173,1.301174108916972,1.209126647163918,,,,,
B6A_PHYSICAL_TUBES,96,0.05,winckelmans,fixed_sampled_reach,trefoil,3:1:1,discrete_axial_tubes,physical_tubes,1.0,0.2378919768200489,0.18789197682004888,0.18789197682004888,1,0.09394598841002444,-1.0,-1.0,-9.016410081932467,-4.508205040966233,1.3937221688197494,-4.508205040966233,-0.7175031167415765,True,FAIL_RELATIVE_EQUILIBRIUM_GATE,0.3207791519490698,0.2860658177265382,0.22333112051720835,-0.43633879240019646,0.19591107764670093,0.13295510163224736,0.4154119039148869,1.301174108916972,1.209126647163918,,,,,
B6A_PHYSICAL_TUBES,96,0.05,winckelmans,fixed_sampled_reach,mirror_trefoil,3:1:1,discrete_axial_tubes,physical_tubes,1.0,0.2378919768200489,0.18789197682004888,0.18789197682004888,1,0.09394598841002444,-1.0,-1.0,-9.016410081932467,-4.508205040966233,1.3937221688197494,-4.508205040966233,-0.7175031167415765,True,FAIL_RELATIVE_EQUILIBRIUM_GATE,0.30271794237533123,0.28874198119973166,0.22333112051720835,-0.3554669034672482,0.18488046356316523,0.13295510163224736,0.4154119039148869,1.301174108916972,1.209126647163918,,,,,
B6A_PHYSICAL_TUBES,96,0.05,winckelmans,fixed_sampled_reach,trefoil,3:1:1,discrete_axial_tubes,physical_tubes,1.0,0.2378919768200489,0.18789197682004888,0.18789197682004888,7,0.03550824600072585,-0.25,-1.75,-15.778717643381817,-7.889358821690909,0.7964126678969996,-7.889358821690909,-1.255630454297759,True,FAIL_RELATIVE_EQUILIBRIUM_GATE,0.45239760844787935,0.34867645029917393,0.22333112051720835,-1.025681004063295,0.27629508481862325,0.23229958456964817,0.7267276326952736,1.301174108916972,1.209126647163918,,,,,
B6A_PHYSICAL_TUBES,96,0.05,winckelmans,fixed_sampled_reach,mirror_trefoil,3:1:1,discrete_axial_tubes,physical_tubes,1.0,0.2378919768200489,0.18789197682004888,0.18789197682004888,7,0.03550824600072585,-0.25,-1.75,-15.778717643381817,-7.889358821690909,0.7964126678969996,-7.889358821690909,-1.255630454297759,True,FAIL_RELATIVE_EQUILIBRIUM_GATE,0.42946294630796705,0.3621444241291872,0.22333112051720835,-0.9229874695178257,0.26228808234357903,0.23229958456964817,0.7267276326952736,1.301174108916972,1.209126647163918,,,,,
B6A_PHYSICAL_TUBES,96,0.05,winckelmans,fixed_sampled_reach,trefoil,3:1:1,discrete_axial_tubes,physical_tubes,1.0,0.2378919768200489,0.18789197682004888,0.18789197682004888,7,0.03550824600072585,-1.0,-7.0,-63.11487057352727,-31.557435286763635,0.1991031669742499,-31.557435286763635,-5.022521817191036,True,FAIL_RELATIVE_EQUILIBRIUM_GATE,1.5508432073973981,0.48387589785370483,0.22333112051720835,-5.944142866456898,0.9471543339902873,0.9291983382785927,2.9069105307810945,1.301174108916972,1.209126647163918,,,,,
B6A_PHYSICAL_TUBES,96,0.05,winckelmans,fixed_sampled_reach,mirror_trefoil,3:1:1,discrete_axial_tubes,physical_tubes,1.0,0.2378919768200489,0.18789197682004888,0.18789197682004888,7,0.03550824600072585,-1.0,-7.0,-63.11487057352727,-31.557435286763635,0.1991031669742499,-31.557435286763635,-5.022521817191036,True,FAIL_RELATIVE_EQUILIBRIUM_GATE,1.5245372932202363,0.5036139642004238,0.22333112051720835,-5.826354023969382,0.9310883896681086,0.9291983382785927,2.9069105307810945,1.301174108916972,1.209126647163918,,,,,
B6A_PHYSICAL_TUBES,96,0.05,winckelmans,fixed_sampled_reach,trefoil,3:1:1,discrete_axial_tubes,physical_tubes,1.0,0.2378919768200489,0.18789197682004888,0.18789197682004888,19,0.021552687875281046,-0.25,-4.75,-42.82794788917922,-21.41397394458961,0.2934151934357367,-21.41397394458961,-3.408139804522489,True,FAIL_RELATIVE_EQUILIBRIUM_GATE,1.0685223732380993,0.46018949810344006,0.22333112051720835,-3.7844759421057326,0.6525840858383547,0.6301995577652477,1.9724796183421316,1.301174108916972,1.209126647163918,,,,,
B6A_PHYSICAL_TUBES,96,0.05,winckelmans,fixed_sampled_reach,mirror_trefoil,3:1:1,discrete_axial_tubes,physical_tubes,1.0,0.2378919768200489,0.18789197682004888,0.18789197682004888,19,0.021552687875281046,-0.25,-4.75,-42.82794788917922,-21.41397394458961,0.2934151934357367,-21.41397394458961,-3.408139804522489,True,FAIL_RELATIVE_EQUILIBRIUM_GATE,1.0428457961416921,0.4841610354140327,0.22333112051720835,-3.669505054766148,0.6369024997419043,0.6301995577652477,1.9724796183421316,1.301174108916972,1.209126647163918,,,,,
B6A_PHYSICAL_TUBES,96,0.05,winckelmans,fixed_sampled_reach,trefoil,3:1:1,discrete_axial_tubes,physical_tubes,1.0,0.2378919768200489,0.18789197682004888,0.18789197682004888,19,0.021552687875281046,-1.0,-19.0,-171.31179155671688,-85.65589577835844,0.07335379835893417,-85.65589577835844,-13.632559218089956,True,FAIL_RELATIVE_EQUILIBRIUM_GATE,4.146614632132352,0.5075398284720738,0.22333112051720835,-17.567115154078326,2.532482975376178,2.520798231060991,7.889918473368526,1.301174108916972,1.209126647163918,,,,,
B6A_PHYSICAL_TUBES,96,0.05,winckelmans,fixed_sampled_reach,mirror_trefoil,3:1:1,discrete_axial_tubes,physical_tubes,1.0,0.2378919768200489,0.18789197682004888,0.18789197682004888,19,0.021552687875281046,-1.0,-19.0,-171.31179155671688,-85.65589577835844,0.07335379835893417,-85.65589577835844,-13.632559218089956,True,FAIL_RELATIVE_EQUILIBRIUM_GATE,4.120383729350242,0.5160905296386974,0.22333112051720835,-17.449662186836846,2.516462843143566,2.520798231060991,7.889918473368526,1.301174108916972,1.209126647163918,,,,,
B6A_PHYSICAL_TUBES,96,0.05,winckelmans,fixed_sampled_reach,trefoil,3:1:1,discrete_axial_tubes,physical_tubes,1.0,0.2378919768200489,0.18789197682004888,0.18789197682004888,37,0.015444625356008851,-0.25,-9.25,-83.40179325787533,-41.70089662893766,0.15067266689943234,-41.70089662893766,-6.636903829859584,True,FAIL_RELATIVE_EQUILIBRIUM_GATE,2.0363851132298243,0.4943320159423208,0.22333112051720835,-8.118232642695734,1.2436918035742401,1.2282421435393263,3.8417034605680014,1.301174108916972,1.209126647163918,,,,,
B6A_PHYSICAL_TUBES,96,0.05,winckelmans,fixed_sampled_reach,mirror_trefoil,3:1:1,discrete_axial_tubes,physical_tubes,1.0,0.2378919768200489,0.18789197682004888,0.18789197682004888,37,0.015444625356008851,-0.25,-9.25,-83.40179325787533,-41.70089662893766,0.15067266689943234,-41.70089662893766,-6.636903829859584,True,FAIL_RELATIVE_EQUILIBRIUM_GATE,2.0104331451185096,0.5105542720763838,0.22333112051720835,-8.002028649041769,1.227842026527172,1.2282421435393263,3.8417034605680014,1.301174108916972,1.209126647163918,,,,,
B6A_PHYSICAL_TUBES,96,0.05,winckelmans,fixed_sampled_reach,trefoil,3:1:1,discrete_axial_tubes,physical_tubes,1.0,0.2378919768200489,0.18789197682004888,0.18789197682004888,37,0.015444625356008851,-1.0,-37.0,-333.6071730315013,-166.80358651575065,0.037668166724858086,-166.80358651575065,-26.547615319438336,True,FAIL_RELATIVE_EQUILIBRIUM_GATE,8.060492543195792,0.512115193605094,0.22333112051720835,-35.09211526153923,4.92282547324461,4.912968574157305,15.366813842272006,1.301174108916972,1.209126647163918,,,,,
B6A_PHYSICAL_TUBES,96,0.05,winckelmans,fixed_sampled_reach,mirror_trefoil,3:1:1,discrete_axial_tubes,physical_tubes,1.0,0.2378919768200489,0.18789197682004888,0.18789197682004888,37,0.015444625356008851,-1.0,-37.0,-333.6071730315013,-166.80358651575065,0.037668166724858086,-166.80358651575065,-26.547615319438336,True,FAIL_RELATIVE_EQUILIBRIUM_GATE,8.034391603932633,0.5165998781899427,0.22333112051720835,-34.97524422626787,4.906884714290773,4.912968574157305,15.366813842272006,1.301174108916972,1.209126647163918,,,,,
B6A_PHYSICAL_TUBES,96,0.05,winckelmans,fixed_sampled_reach,trefoil,3:1:1,discrete_axial_tubes,physical_tubes,1.0,0.2378919768200489,0.18789197682004888,0.18789197682004888,1,0.09394598841002444,0.25,0.25,2.2541025204831167,1.1270512602415583,5.574888675278998,1.1270512602415583,0.17937577918539413,True,FAIL_RELATIVE_EQUILIBRIUM_GATE,0.22678435874942646,0.2277705914378057,0.22333112051720835,-0.01546241394491199,0.138505161093107,0.03323877540806184,0.10385297597872173,1.301174108916972,1.209126647163918,,,,,
B6A_PHYSICAL_TUBES,96,0.05,winckelmans,fixed_sampled_reach,mirror_trefoil,3:1:1,discrete_axial_tubes,physical_tubes,1.0,0.2378919768200489,0.18789197682004888,0.18789197682004888,1,0.09394598841002444,0.25,0.25,2.2541025204831167,1.1270512602415583,5.574888675278998,1.1270512602415583,0.17937577918539413,True,FAIL_RELATIVE_EQUILIBRIUM_GATE,0.2329086157609698,0.22938851341953662,0.22333112051720835,-0.0428847319691994,0.14224545962443835,0.03323877540806184,0.10385297597872173,1.301174108916972,1.209126647163918,,,,,
B6A_PHYSICAL_TUBES,96,0.05,winckelmans,fixed_sampled_reach,trefoil,3:1:1,discrete_axial_tubes,physical_tubes,1.0,0.2378919768200489,0.18789197682004888,0.18789197682004888,1,0.09394598841002444,1.0,1.0,9.016410081932467,4.508205040966233,1.3937221688197494,4.508205040966233,0.7175031167415765,True,FAIL_RELATIVE_EQUILIBRIUM_GATE,0.30271794237533123,0.28874198119973166,0.22333112051720835,-0.3554669034672482,0.18488046356316523,0.13295510163224736,0.4154119039148869,1.301174108916972,1.209126647163918,,,,,
B6A_PHYSICAL_TUBES,96,0.05,winckelmans,fixed_sampled_reach,mirror_trefoil,3:1:1,discrete_axial_tubes,physical_tubes,1.0,0.2378919768200489,0.18789197682004888,0.18789197682004888,1,0.09394598841002444,1.0,1.0,9.016410081932467,4.508205040966233,1.3937221688197494,4.508205040966233,0.7175031167415765,True,FAIL_RELATIVE_EQUILIBRIUM_GATE,0.3207791519490698,0.2860658177265382,0.22333112051720835,-0.43633879240019646,0.19591107764670093,0.13295510163224736,0.4154119039148869,1.301174108916972,1.209126647163918,,,,,
B6A_PHYSICAL_TUBES,96,0.05,winckelmans,fixed_sampled_reach,trefoil,3:1:1,discrete_axial_tubes,physical_tubes,1.0,0.2378919768200489,0.18789197682004888,0.18789197682004888,7,0.03550824600072585,0.25,1.75,15.778717643381817,7.889358821690909,0.7964126678969996,7.889358821690909,1.255630454297759,True,FAIL_RELATIVE_EQUILIBRIUM_GATE,0.42946294630796705,0.3621444241291872,0.22333112051720835,-0.9229874695178257,0.26228808234357903,0.23229958456964817,0.7267276326952736,1.301174108916972,1.209126647163918,,,,,
B6A_PHYSICAL_TUBES,96,0.05,winckelmans,fixed_sampled_reach,mirror_trefoil,3:1:1,discrete_axial_tubes,physical_tubes,1.0,0.2378919768200489,0.18789197682004888,0.18789197682004888,7,0.03550824600072585,0.25,1.75,15.778717643381817,7.889358821690909,0.7964126678969996,7.889358821690909,1.255630454297759,True,FAIL_RELATIVE_EQUILIBRIUM_GATE,0.45239760844787935,0.34867645029917393,0.22333112051720835,-1.025681004063295,0.27629508481862325,0.23229958456964817,0.7267276326952736,1.301174108916972,1.209126647163918,,,,,
B6A_PHYSICAL_TUBES,96,0.05,winckelmans,fixed_sampled_reach,trefoil,3:1:1,discrete_axial_tubes,physical_tubes,1.0,0.2378919768200489,0.18789197682004888,0.18789197682004888,7,0.03550824600072585,1.0,7.0,63.11487057352727,31.557435286763635,0.1991031669742499,31.557435286763635,5.022521817191036,True,FAIL_RELATIVE_EQUILIBRIUM_GATE,1.5245372932202363,0.5036139642004238,0.22333112051720835,-5.826354023969382,0.9310883896681086,0.9291983382785927,2.9069105307810945,1.301174108916972,1.209126647163918,,,,,
B6A_PHYSICAL_TUBES,96,0.05,winckelmans,fixed_sampled_reach,mirror_trefoil,3:1:1,discrete_axial_tubes,physical_tubes,1.0,0.2378919768200489,0.18789197682004888,0.18789197682004888,7,0.03550824600072585,1.0,7.0,63.11487057352727,31.557435286763635,0.1991031669742499,31.557435286763635,5.022521817191036,True,FAIL_RELATIVE_EQUILIBRIUM_GATE,1.5508432073973981,0.48387589785370483,0.22333112051720835,-5.944142866456898,0.9471543339902873,0.9291983382785927,2.9069105307810945,1.301174108916972,1.209126647163918,,,,,
B6A_PHYSICAL_TUBES,96,0.05,winckelmans,fixed_sampled_reach,trefoil,3:1:1,discrete_axial_tubes,physical_tubes,1.0,0.2378919768200489,0.18789197682004888,0.18789197682004888,19,0.021552687875281046,0.25,4.75,42.82794788917922,21.41397394458961,0.2934151934357367,21.41397394458961,3.408139804522489,True,FAIL_RELATIVE_EQUILIBRIUM_GATE,1.0428457961416921,0.4841610354140327,0.22333112051720835,-3.669505054766148,0.6369024997419043,0.6301995577652477,1.9724796183421316,1.301174108916972,1.209126647163918,,,,,
B6A_PHYSICAL_TUBES,96,0.05,winckelmans,fixed_sampled_reach,mirror_trefoil,3:1:1,discrete_axial_tubes,physical_tubes,1.0,0.2378919768200489,0.18789197682004888,0.18789197682004888,19,0.021552687875281046,0.25,4.75,42.82794788917922,21.41397394458961,0.2934151934357367,21.41397394458961,3.408139804522489,True,FAIL_RELATIVE_EQUILIBRIUM_GATE,1.0685223732380993,0.46018949810344006,0.22333112051720835,-3.7844759421057326,0.6525840858383547,0.6301995577652477,1.9724796183421316,1.301174108916972,1.209126647163918,,,,,
B6A_PHYSICAL_TUBES,96,0.05,winckelmans,fixed_sampled_reach,trefoil,3:1:1,discrete_axial_tubes,physical_tubes,1.0,0.2378919768200489,0.18789197682004888,0.18789197682004888,19,0.021552687875281046,1.0,19.0,171.31179155671688,85.65589577835844,0.07335379835893417,85.65589577835844,13.632559218089956,True,FAIL_RELATIVE_EQUILIBRIUM_GATE,4.120383729350242,0.5160905296386974,0.22333112051720835,-17.449662186836846,2.516462843143566,2.520798231060991,7.889918473368526,1.301174108916972,1.209126647163918,,,,,
B6A_PHYSICAL_TUBES,96,0.05,winckelmans,fixed_sampled_reach,mirror_trefoil,3:1:1,discrete_axial_tubes,physical_tubes,1.0,0.2378919768200489,0.18789197682004888,0.18789197682004888,19,0.021552687875281046,1.0,19.0,171.31179155671688,85.65589577835844,0.07335379835893417,85.65589577835844,13.632559218089956,True,FAIL_RELATIVE_EQUILIBRIUM_GATE,4.146614632132352,0.5075398284720738,0.22333112051720835,-17.567115154078326,2.532482975376178,2.520798231060991,7.889918473368526,1.301174108916972,1.209126647163918,,,,,
B6A_PHYSICAL_TUBES,96,0.05,winckelmans,fixed_sampled_reach,trefoil,3:1:1,discrete_axial_tubes,physical_tubes,1.0,0.2378919768200489,0.18789197682004888,0.18789197682004888,37,0.015444625356008851,0.25,9.25,83.40179325787533,41.70089662893766,0.15067266689943234,41.70089662893766,6.636903829859584,True,FAIL_RELATIVE_EQUILIBRIUM_GATE,2.0104331451185096,0.5105542720763838,0.22333112051720835,-8.002028649041769,1.227842026527172,1.2282421435393263,3.8417034605680014,1.301174108916972,1.209126647163918,,,,,
B6A_PHYSICAL_TUBES,96,0.05,winckelmans,fixed_sampled_reach,mirror_trefoil,3:1:1,discrete_axial_tubes,physical_tubes,1.0,0.2378919768200489,0.18789197682004888,0.18789197682004888,37,0.015444625356008851,0.25,9.25,83.40179325787533,41.70089662893766,0.15067266689943234,41.70089662893766,6.636903829859584,True,FAIL_RELATIVE_EQUILIBRIUM_GATE,2.0363851132298243,0.4943320159423208,0.22333112051720835,-8.118232642695734,1.2436918035742401,1.2282421435393263,3.8417034605680014,1.301174108916972,1.209126647163918,,,,,
B6A_PHYSICAL_TUBES,96,0.05,winckelmans,fixed_sampled_reach,trefoil,3:1:1,discrete_axial_tubes,physical_tubes,1.0,0.2378919768200489,0.18789197682004888,0.18789197682004888,37,0.015444625356008851,1.0,37.0,333.6071730315013,166.80358651575065,0.037668166724858086,166.80358651575065,26.547615319438336,True,FAIL_RELATIVE_EQUILIBRIUM_GATE,8.034391603932633,0.5165998781899427,0.22333112051720835,-34.97524422626787,4.906884714290773,4.912968574157305,15.366813842272006,1.301174108916972,1.209126647163918,,,,,
B6A_PHYSICAL_TUBES,96,0.05,winckelmans,fixed_sampled_reach,mirror_trefoil,3:1:1,discrete_axial_tubes,physical_tubes,1.0,0.2378919768200489,0.18789197682004888,0.18789197682004888,37,0.015444625356008851,1.0,37.0,333.6071730315013,166.80358651575065,0.037668166724858086,166.80358651575065,26.547615319438336,True,FAIL_RELATIVE_EQUILIBRIUM_GATE,8.060492543195792,0.512115193605094,0.22333112051720835,-35.09211526153923,4.92282547324461,4.912968574157305,15.366813842272006,1.301174108916972,1.209126647163918,,,,,
B6A_PHYSICAL_TUBES,128,0.04,rosenhead,fixed_sampled_reach,trefoil,3:1:1,discrete_axial_tubes,physical_tubes,0.75,0.2373588220132305,0.1973588220132305,0.14801911650992286,1,0.07400955825496143,-0.25,-0.25,-3.6320725978492434,-1.8160362989246217,3.45983464697276,-1.8160362989246217,-0.2890311538081644,True,FAIL_RELATIVE_EQUILIBRIUM_GATE,0.23458935151974397,0.23160437579209298,0.2287857480099706,-0.025366980068707967,0.14505466408343035,0.03348263417987931,0.1038777114076337,1.4142625299849891,1.2106771584514024,,,,,
B6A_PHYSICAL_TUBES,128,0.04,rosenhead,fixed_sampled_reach,mirror_trefoil,3:1:1,discrete_axial_tubes,physical_tubes,0.75,0.2373588220132305,0.1973588220132305,0.14801911650992286,1,0.07400955825496143,-0.25,-0.25,-3.6320725978492434,-1.8160362989246217,3.45983464697276,-1.8160362989246217,-0.2890311538081644,True,FAIL_RELATIVE_EQUILIBRIUM_GATE,0.23562270154344447,0.23610340714087708,0.2287857480099706,-0.029883651376640508,0.14569361994224247,0.03348263417987931,0.1038777114076337,1.4142625299849891,1.2106771584514024,,,,,
B6A_PHYSICAL_TUBES,128,0.04,rosenhead,fixed_sampled_reach,trefoil,3:1:1,discrete_axial_tubes,physical_tubes,0.75,0.2373588220132305,0.1973588220132305,0.14801911650992286,1,0.07400955825496143,-1.0,-1.0,-14.528290391396974,-7.264145195698487,0.86495866174319,-7.264145195698487,-1.1561246152326576,True,FAIL_RELATIVE_EQUILIBRIUM_GATE,0.3135063093034978,0.2821041389776043,0.2287857480099706,-0.3703052398606361,0.19385173320719754,0.13393053671951724,0.4155108456305348,1.4142625299849891,1.2106771584514024,,,,,
B6A_PHYSICAL_TUBES,128,0.04,rosenhead,fixed_sampled_reach,mirror_trefoil,3:1:1,discrete_axial_tubes,physical_tubes,0.75,0.2373588220132305,0.1973588220132305,0.14801911650992286,1,0.07400955825496143,-1.0,-1.0,-14.528290391396974,-7.264145195698487,0.86495866174319,-7.264145195698487,-1.1561246152326576,True,FAIL_RELATIVE_EQUILIBRIUM_GATE,0.3165908724486682,0.2998233103479699,0.2287857480099706,-0.38378756195456276,0.19575902468470158,0.13393053671951724,0.4155108456305348,1.4142625299849891,1.2106771584514024,,,,,
B6A_PHYSICAL_TUBES,128,0.04,rosenhead,fixed_sampled_reach,trefoil,3:1:1,discrete_axial_tubes,physical_tubes,0.75,0.2373588220132305,0.1973588220132305,0.14801911650992286,7,0.027972983683482198,-0.25,-1.75,-25.424508184944703,-12.712254092472351,0.49426209242468006,-12.712254092472351,-2.023218076657151,True,FAIL_RELATIVE_EQUILIBRIUM_GATE,0.44067886296276426,0.34403905297320814,0.2287857480099706,-0.926163962553993,0.2724868968758449,0.23421179341998266,0.727059062358755,1.4142625299849891,1.2106771584514024,,,,,
B6A_PHYSICAL_TUBES,128,0.04,rosenhead,fixed_sampled_reach,mirror_trefoil,3:1:1,discrete_axial_tubes,physical_tubes,0.75,0.2373588220132305,0.1973588220132305,0.14801911650992286,7,0.027972983683482198,-0.25,-1.75,-25.424508184944703,-12.712254092472351,0.49426209242468006,-12.712254092472351,-2.023218076657151,True,FAIL_RELATIVE_EQUILIBRIUM_GATE,0.44433582962862966,0.3715057126179245,0.2287857480099706,-0.9421482041323015,0.27474812513639857,0.23421179341998266,0.727059062358755,1.4142625299849891,1.2106771584514024,,,,,
B6A_PHYSICAL_TUBES,128,0.04,rosenhead,fixed_sampled_reach,trefoil,3:1:1,discrete_axial_tubes,physical_tubes,0.75,0.2373588220132305,0.1973588220132305,0.14801911650992286,7,0.027972983683482198,-1.0,-7.0,-101.69803273977881,-50.849016369889405,0.12356552310617001,-50.849016369889405,-8.092872306628603,True,FAIL_RELATIVE_EQUILIBRIUM_GATE,1.5301767225340006,0.48412486945401906,0.2287857480099706,-5.688251938085386,0.9461608936532351,0.9368471736799306,2.90823624943502,1.4142625299849891,1.2106771584514024,,,,,
B6A_PHYSICAL_TUBES,128,0.04,rosenhead,fixed_sampled_reach,mirror_trefoil,3:1:1,discrete_axial_tubes,physical_tubes,0.75,0.2373588220132305,0.1973588220132305,0.14801911650992286,7,0.027972983683482198,-1.0,-7.0,-101.69803273977881,-50.849016369889405,0.12356552310617001,-50.849016369889405,-8.092872306628603,True,FAIL_RELATIVE_EQUILIBRIUM_GATE,1.5344010815635292,0.5072761851535065,0.2287857480099706,-5.7067161958736135,0.9487729601261009,0.9368471736799306,2.90823624943502,1.4142625299849891,1.2106771584514024,,,,,
B6A_PHYSICAL_TUBES,128,0.04,rosenhead,fixed_sampled_reach,trefoil,3:1:1,discrete_axial_tubes,physical_tubes,0.75,0.2373588220132305,0.1973588220132305,0.14801911650992286,19,0.01697895712049807,-0.25,-4.75,-69.00937935913562,-34.50468967956781,0.18209656036698738,-34.50468967956781,-5.4915919223551235,True,FAIL_RELATIVE_EQUILIBRIUM_GATE,1.0514721041036457,0.45967007930954445,0.2287857480099706,-3.595881138792885,0.6501613643832219,0.6359447057225904,1.9735630292422366,1.4142625299849891,1.2106771584514024,,,,,
B6A_PHYSICAL_TUBES,128,0.04,rosenhead,fixed_sampled_reach,mirror_trefoil,3:1:1,discrete_axial_tubes,physical_tubes,0.75,0.2373588220132305,0.1973588220132305,0.14801911650992286,19,0.01697895712049807,-0.25,-4.75,-69.00937935913562,-34.50468967956781,0.18209656036698738,-34.50468967956781,-5.4915919223551235,True,FAIL_RELATIVE_EQUILIBRIUM_GATE,1.055762980232032,0.48896283281033387,0.2287857480099706,-3.6146361362772534,0.6528145606659795,0.6359447057225904,1.9735630292422366,1.4142625299849891,1.2106771584514024,,,,,
B6A_PHYSICAL_TUBES,128,0.04,rosenhead,fixed_sampled_reach,trefoil,3:1:1,discrete_axial_tubes,physical_tubes,0.75,0.2373588220132305,0.1973588220132305,0.14801911650992286,19,0.01697895712049807,-1.0,-19.0,-276.0375174365425,-138.01875871827124,0.045524140091746844,-138.01875871827124,-21.966367689420494,True,FAIL_RELATIVE_EQUILIBRIUM_GATE,4.118082673073087,0.5096230062517632,0.2287857480099706,-16.999734288053727,2.5463521465940726,2.5437788228903617,7.894252116968946,1.4142625299849891,1.2106771584514024,,,,,
B6A_PHYSICAL_TUBES,128,0.04,rosenhead,fixed_sampled_reach,mirror_trefoil,3:1:1,discrete_axial_tubes,physical_tubes,0.75,0.2373588220132305,0.1973588220132305,0.14801911650992286,19,0.01697895712049807,-1.0,-19.0,-276.0375174365425,-138.01875871827124,0.045524140091746844,-138.01875871827124,-21.966367689420494,True,FAIL_RELATIVE_EQUILIBRIUM_GATE,4.122471642248844,0.5193186996843776,0.2287857480099706,-17.01891804059921,2.549065997181653,2.5437788228903617,7.894252116968946,1.4142625299849891,1.2106771584514024,,,,,
B6A_PHYSICAL_TUBES,128,0.04,rosenhead,fixed_sampled_reach,trefoil,3:1:1,discrete_axial_tubes,physical_tubes,0.75,0.2373588220132305,0.1973588220132305,0.14801911650992286,37,0.012167096428032506,-0.25,-9.25,-134.386686120422,-67.193343060211,0.09350904451277729,-67.193343060211,-10.694152690902083,True,FAIL_RELATIVE_EQUILIBRIUM_GATE,2.013885287344019,0.49539904287447745,0.2287857480099706,-7.802494494789304,1.2452545350664095,1.238562017881425,3.843327057935145,1.4142625299849891,1.2106771584514024,,,,,
B6A_PHYSICAL_TUBES,128,0.04,rosenhead,fixed_sampled_reach,mirror_trefoil,3:1:1,discrete_axial_tubes,physical_tubes,0.75,0.2373588220132305,0.1973588220132305,0.14801911650992286,37,0.012167096428032506,-0.25,-9.25,-134.386686120422,-67.193343060211,0.09350904451277729,-67.193343060211,-10.694152690902083,True,FAIL_RELATIVE_EQUILIBRIUM_GATE,2.0182827501601155,0.5140538570359393,0.2287857480099706,-7.8217153722012345,1.2479736375639265,1.238562017881425,3.843327057935145,1.4142625299849891,1.2106771584514024,,,,,
B6A_PHYSICAL_TUBES,128,0.04,rosenhead,fixed_sampled_reach,trefoil,3:1:1,discrete_axial_tubes,physical_tubes,0.75,0.2373588220132305,0.1973588220132305,0.14801911650992286,37,0.012167096428032506,-1.0,-37.0,-537.546744481688,-268.773372240844,0.023377261128194323,-268.773372240844,-42.77661076360833,True,FAIL_RELATIVE_EQUILIBRIUM_GATE,8.013300648670501,0.5143208529396178,0.2287857480099706,-34.02534890556766,4.954899385936554,4.9542480715257,15.37330823174058,1.4142625299849891,1.2106771584514024,,,,,
B6A_PHYSICAL_TUBES,128,0.04,rosenhead,fixed_sampled_reach,mirror_trefoil,3:1:1,discrete_axial_tubes,physical_tubes,0.75,0.2373588220132305,0.1973588220132305,0.14801911650992286,37,0.012167096428032506,-1.0,-37.0,-537.546744481688,-268.773372240844,0.023377261128194323,-268.773372240844,-42.77661076360833,True,FAIL_RELATIVE_EQUILIBRIUM_GATE,8.01772489687915,0.5193790237607283,0.2287857480099706,-34.04468685929568,4.957635050763495,4.9542480715257,15.37330823174058,1.4142625299849891,1.2106771584514024,,,,,
B6A_PHYSICAL_TUBES,128,0.04,rosenhead,fixed_sampled_reach,trefoil,3:1:1,discrete_axial_tubes,physical_tubes,0.75,0.2373588220132305,0.1973588220132305,0.14801911650992286,1,0.07400955825496143,0.25,0.25,3.6320725978492434,1.8160362989246217,3.45983464697276,1.8160362989246217,0.2890311538081644,True,FAIL_RELATIVE_EQUILIBRIUM_GATE,0.23562270154344447,0.23610340714087708,0.2287857480099706,-0.029883651376640508,0.14569361994224247,0.03348263417987931,0.1038777114076337,1.4142625299849891,1.2106771584514024,,,,,
B6A_PHYSICAL_TUBES,128,0.04,rosenhead,fixed_sampled_reach,mirror_trefoil,3:1:1,discrete_axial_tubes,physical_tubes,0.75,0.2373588220132305,0.1973588220132305,0.14801911650992286,1,0.07400955825496143,0.25,0.25,3.6320725978492434,1.8160362989246217,3.45983464697276,1.8160362989246217,0.2890311538081644,True,FAIL_RELATIVE_EQUILIBRIUM_GATE,0.23458935151974397,0.23160437579209298,0.2287857480099706,-0.025366980068707967,0.14505466408343035,0.03348263417987931,0.1038777114076337,1.4142625299849891,1.2106771584514024,,,,,
B6A_PHYSICAL_TUBES,128,0.04,rosenhead,fixed_sampled_reach,trefoil,3:1:1,discrete_axial_tubes,physical_tubes,0.75,0.2373588220132305,0.1973588220132305,0.14801911650992286,1,0.07400955825496143,1.0,1.0,14.528290391396974,7.264145195698487,0.86495866174319,7.264145195698487,1.1561246152326576,True,FAIL_RELATIVE_EQUILIBRIUM_GATE,0.3165908724486682,0.2998233103479699,0.2287857480099706,-0.38378756195456276,0.19575902468470158,0.13393053671951724,0.4155108456305348,1.4142625299849891,1.2106771584514024,,,,,
B6A_PHYSICAL_TUBES,128,0.04,rosenhead,fixed_sampled_reach,mirror_trefoil,3:1:1,discrete_axial_tubes,physical_tubes,0.75,0.2373588220132305,0.1973588220132305,0.14801911650992286,1,0.07400955825496143,1.0,1.0,14.528290391396974,7.264145195698487,0.86495866174319,7.264145195698487,1.1561246152326576,True,FAIL_RELATIVE_EQUILIBRIUM_GATE,0.3135063093034978,0.2821041389776043,0.2287857480099706,-0.3703052398606361,0.19385173320719754,0.13393053671951724,0.4155108456305348,1.4142625299849891,1.2106771584514024,,,,,
B6A_PHYSICAL_TUBES,128,0.04,rosenhead,fixed_sampled_reach,trefoil,3:1:1,discrete_axial_tubes,physical_tubes,0.75,0.2373588220132305,0.1973588220132305,0.14801911650992286,7,0.027972983683482198,0.25,1.75,25.424508184944703,12.712254092472351,0.49426209242468006,12.712254092472351,2.023218076657151,True,FAIL_RELATIVE_EQUILIBRIUM_GATE,0.44433582962862966,0.3715057126179245,0.2287857480099706,-0.9421482041323015,0.27474812513639857,0.23421179341998266,0.727059062358755,1.4142625299849891,1.2106771584514024,,,,,
B6A_PHYSICAL_TUBES,128,0.04,rosenhead,fixed_sampled_reach,mirror_trefoil,3:1:1,discrete_axial_tubes,physical_tubes,0.75,0.2373588220132305,0.1973588220132305,0.14801911650992286,7,0.027972983683482198,0.25,1.75,25.424508184944703,12.712254092472351,0.49426209242468006,12.712254092472351,2.023218076657151,True,FAIL_RELATIVE_EQUILIBRIUM_GATE,0.44067886296276426,0.34403905297320814,0.2287857480099706,-0.926163962553993,0.2724868968758449,0.23421179341998266,0.727059062358755,1.4142625299849891,1.2106771584514024,,,,,
B6A_PHYSICAL_TUBES,128,0.04,rosenhead,fixed_sampled_reach,trefoil,3:1:1,discrete_axial_tubes,physical_tubes,0.75,0.2373588220132305,0.1973588220132305,0.14801911650992286,7,0.027972983683482198,1.0,7.0,101.69803273977881,50.849016369889405,0.12356552310617001,50.849016369889405,8.092872306628603,True,FAIL_RELATIVE_EQUILIBRIUM_GATE,1.5344010815635292,0.5072761851535065,0.2287857480099706,-5.7067161958736135,0.9487729601261009,0.9368471736799306,2.90823624943502,1.4142625299849891,1.2106771584514024,,,,,
B6A_PHYSICAL_TUBES,128,0.04,rosenhead,fixed_sampled_reach,mirror_trefoil,3:1:1,discrete_axial_tubes,physical_tubes,0.75,0.2373588220132305,0.1973588220132305,0.14801911650992286,7,0.027972983683482198,1.0,7.0,101.69803273977881,50.849016369889405,0.12356552310617001,50.849016369889405,8.092872306628603,True,FAIL_RELATIVE_EQUILIBRIUM_GATE,1.5301767225340006,0.48412486945401906,0.2287857480099706,-5.688251938085386,0.9461608936532351,0.9368471736799306,2.90823624943502,1.4142625299849891,1.2106771584514024,,,,,
B6A_PHYSICAL_TUBES,128,0.04,rosenhead,fixed_sampled_reach,trefoil,3:1:1,discrete_axial_tubes,physical_tubes,0.75,0.2373588220132305,0.1973588220132305,0.14801911650992286,19,0.01697895712049807,0.25,4.75,69.00937935913562,34.50468967956781,0.18209656036698738,34.50468967956781,5.4915919223551235,True,FAIL_RELATIVE_EQUILIBRIUM_GATE,1.055762980232032,0.48896283281033387,0.2287857480099706,-3.6146361362772534,0.6528145606659795,0.6359447057225904,1.9735630292422366,1.4142625299849891,1.2106771584514024,,,,,
B6A_PHYSICAL_TUBES,128,0.04,rosenhead,fixed_sampled_reach,mirror_trefoil,3:1:1,discrete_axial_tubes,physical_tubes,0.75,0.2373588220132305,0.1973588220132305,0.14801911650992286,19,0.01697895712049807,0.25,4.75,69.00937935913562,34.50468967956781,0.18209656036698738,34.50468967956781,5.4915919223551235,True,FAIL_RELATIVE_EQUILIBRIUM_GATE,1.0514721041036457,0.45967007930954445,0.2287857480099706,-3.595881138792885,0.6501613643832219,0.6359447057225904,1.9735630292422366,1.4142625299849891,1.2106771584514024,,,,,
B6A_PHYSICAL_TUBES,128,0.04,rosenhead,fixed_sampled_reach,trefoil,3:1:1,discrete_axial_tubes,physical_tubes,0.75,0.2373588220132305,0.1973588220132305,0.14801911650992286,19,0.01697895712049807,1.0,19.0,276.0375174365425,138.01875871827124,0.045524140091746844,138.01875871827124,21.966367689420494,True,FAIL_RELATIVE_EQUILIBRIUM_GATE,4.122471642248844,0.5193186996843776,0.2287857480099706,-17.01891804059921,2.549065997181653,2.5437788228903617,7.894252116968946,1.4142625299849891,1.2106771584514024,,,,,
B6A_PHYSICAL_TUBES,128,0.04,rosenhead,fixed_sampled_reach,mirror_trefoil,3:1:1,discrete_axial_tubes,physical_tubes,0.75,0.2373588220132305,0.1973588220132305,0.14801911650992286,19,0.01697895712049807,1.0,19.0,276.0375174365425,138.01875871827124,0.045524140091746844,138.01875871827124,21.966367689420494,True,FAIL_RELATIVE_EQUILIBRIUM_GATE,4.118082673073087,0.5096230062517632,0.2287857480099706,-16.999734288053727,2.5463521465940726,2.5437788228903617,7.894252116968946,1.4142625299849891,1.2106771584514024,,,,,
B6A_PHYSICAL_TUBES,128,0.04,rosenhead,fixed_sampled_reach,trefoil,3:1:1,discrete_axial_tubes,physical_tubes,0.75,0.2373588220132305,0.1973588220132305,0.14801911650992286,37,0.012167096428032506,0.25,9.25,134.386686120422,67.193343060211,0.09350904451277729,67.193343060211,10.694152690902083,True,FAIL_RELATIVE_EQUILIBRIUM_GATE,2.0182827501601155,0.5140538570359393,0.2287857480099706,-7.8217153722012345,1.2479736375639265,1.238562017881425,3.843327057935145,1.4142625299849891,1.2106771584514024,,,,,
B6A_PHYSICAL_TUBES,128,0.04,rosenhead,fixed_sampled_reach,mirror_trefoil,3:1:1,discrete_axial_tubes,physical_tubes,0.75,0.2373588220132305,0.1973588220132305,0.14801911650992286,37,0.012167096428032506,0.25,9.25,134.386686120422,67.193343060211,0.09350904451277729,67.193343060211,10.694152690902083,True,FAIL_RELATIVE_EQUILIBRIUM_GATE,2.013885287344019,0.49539904287447745,0.2287857480099706,-7.802494494789304,1.2452545350664095,1.238562017881425,3.843327057935145,1.4142625299849891,1.2106771584514024,,,,,
B6A_PHYSICAL_TUBES,128,0.04,rosenhead,fixed_sampled_reach,trefoil,3:1:1,discrete_axial_tubes,physical_tubes,0.75,0.2373588220132305,0.1973588220132305,0.14801911650992286,37,0.012167096428032506,1.0,37.0,537.546744481688,268.773372240844,0.023377261128194323,268.773372240844,42.77661076360833,True,FAIL_RELATIVE_EQUILIBRIUM_GATE,8.01772489687915,0.5193790237607283,0.2287857480099706,-34.04468685929568,4.957635050763495,4.9542480715257,15.37330823174058,1.4142625299849891,1.2106771584514024,,,,,
B6A_PHYSICAL_TUBES,128,0.04,rosenhead,fixed_sampled_reach,mirror_trefoil,3:1:1,discrete_axial_tubes,physical_tubes,0.75,0.2373588220132305,0.1973588220132305,0.14801911650992286,37,0.012167096428032506,1.0,37.0,537.546744481688,268.773372240844,0.023377261128194323,268.773372240844,42.77661076360833,True,FAIL_RELATIVE_EQUILIBRIUM_GATE,8.013300648670501,0.5143208529396178,0.2287857480099706,-34.02534890556766,4.954899385936554,4.9542480715257,15.37330823174058,1.4142625299849891,1.2106771584514024,,,,,
B6A_PHYSICAL_TUBES,128,0.04,rosenhead,fixed_sampled_reach,trefoil,3:1:1,discrete_axial_tubes,physical_tubes,1.0,0.2373588220132305,0.1973588220132305,0.1973588220132305,1,0.09867941100661524,-0.25,-0.25,-2.0430408362901993,-1.0215204181450996,6.150817150173796,-1.0215204181450996,-0.16258002401709246,True,FAIL_RELATIVE_EQUILIBRIUM_GATE,0.23458935151974397,0.23160437579209298,0.2287857480099706,-0.025366980068707967,0.14505466408343035,0.03348263417987931,0.1038777114076337,1.4142625299849891,1.2106771584514024,,,,,
B6A_PHYSICAL_TUBES,128,0.04,rosenhead,fixed_sampled_reach,mirror_trefoil,3:1:1,discrete_axial_tubes,physical_tubes,1.0,0.2373588220132305,0.1973588220132305,0.1973588220132305,1,0.09867941100661524,-0.25,-0.25,-2.0430408362901993,-1.0215204181450996,6.150817150173796,-1.0215204181450996,-0.16258002401709246,True,FAIL_RELATIVE_EQUILIBRIUM_GATE,0.23562270154344447,0.23610340714087708,0.2287857480099706,-0.029883651376640508,0.14569361994224247,0.03348263417987931,0.1038777114076337,1.4142625299849891,1.2106771584514024,,,,,
B6A_PHYSICAL_TUBES,128,0.04,rosenhead,fixed_sampled_reach,trefoil,3:1:1,discrete_axial_tubes,physical_tubes,1.0,0.2373588220132305,0.1973588220132305,0.1973588220132305,1,0.09867941100661524,-1.0,-1.0,-8.172163345160797,-4.086081672580399,1.537704287543449,-4.086081672580399,-0.6503200960683698,True,FAIL_RELATIVE_EQUILIBRIUM_GATE,0.3135063093034978,0.2821041389776043,0.2287857480099706,-0.3703052398606361,0.19385173320719754,0.13393053671951724,0.4155108456305348,1.4142625299849891,1.2106771584514024,,,,,
B6A_PHYSICAL_TUBES,128,0.04,rosenhead,fixed_sampled_reach,mirror_trefoil,3:1:1,discrete_axial_tubes,physical_tubes,1.0,0.2373588220132305,0.1973588220132305,0.1973588220132305,1,0.09867941100661524,-1.0,-1.0,-8.172163345160797,-4.086081672580399,1.537704287543449,-4.086081672580399,-0.6503200960683698,True,FAIL_RELATIVE_EQUILIBRIUM_GATE,0.3165908724486682,0.2998233103479699,0.2287857480099706,-0.38378756195456276,0.19575902468470158,0.13393053671951724,0.4155108456305348,1.4142625299849891,1.2106771584514024,,,,,
B6A_PHYSICAL_TUBES,128,0.04,rosenhead,fixed_sampled_reach,trefoil,3:1:1,discrete_axial_tubes,physical_tubes,1.0,0.2373588220132305,0.1973588220132305,0.1973588220132305,7,0.037297311577976264,-0.25,-1.75,-14.301285854031395,-7.1506429270156975,0.8786881643105423,-7.1506429270156975,-1.1380601681196472,True,FAIL_RELATIVE_EQUILIBRIUM_GATE,0.441062696311952,0.34440105003031635,0.2287857480099706,-0.9278416603674555,0.2727242342365126,0.23406934750465636,0.7269243978395717,1.4142625299849891,1.2106771584514024,,,,,
B6A_PHYSICAL_TUBES,128,0.04,rosenhead,fixed_sampled_reach,mirror_trefoil,3:1:1,discrete_axial_tubes,physical_tubes,1.0,0.2373588220132305,0.1973588220132305,0.1973588220132305,7,0.037297311577976264,-0.25,-1.75,-14.301285854031395,-7.1506429270156975,0.8786881643105423,-7.1506429270156975,-1.1380601681196472,True,FAIL_RELATIVE_EQUILIBRIUM_GATE,0.44356167150993386,0.3710274296297378,0.2287857480099706,-0.9387644351456859,0.274269436546625,0.23406934750465636,0.7269243978395717,1.4142625299849891,1.2106771584514024,,,,,
B6A_PHYSICAL_TUBES,128,0.04,rosenhead,fixed_sampled_reach,trefoil,3:1:1,discrete_axial_tubes,physical_tubes,1.0,0.2373588220132305,0.1973588220132305,0.1973588220132305,7,0.037297311577976264,-1.0,-7.0,-57.20514341612558,-28.60257170806279,0.21967204107763558,-28.60257170806279,-4.552240672478589,True,FAIL_RELATIVE_EQUILIBRIUM_GATE,1.529934960051761,0.4843819694862466,0.2287857480099706,-5.6871952180565275,0.946011403595728,0.9362773900186254,2.907697591358287,1.4142625299849891,1.2106771584514024,,,,,
B6A_PHYSICAL_TUBES,128,0.04,rosenhead,fixed_sampled_reach,mirror_trefoil,3:1:1,discrete_axial_tubes,physical_tubes,1.0,0.2373588220132305,0.1973588220132305,0.1973588220132305,7,0.037297311577976264,-1.0,-7.0,-57.20514341612558,-28.60257170806279,0.21967204107763558,-28.60257170806279,-4.552240672478589,True,FAIL_RELATIVE_EQUILIBRIUM_GATE,1.5328221029876408,0.507214258285043,0.2287857480099706,-5.69981463583492,0.9477966233681165,0.9362773900186254,2.907697591358287,1.4142625299849891,1.2106771584514024,,,,,
B6A_PHYSICAL_TUBES,128,0.04,rosenhead,fixed_sampled_reach,trefoil,3:1:1,discrete_axial_tubes,physical_tubes,1.0,0.2373588220132305,0.1973588220132305,0.1973588220132305,19,0.022638609493997427,-0.25,-4.75,-38.81777588951378,-19.40888794475689,0.3237272184301998,-19.40888794475689,-3.0890204563247567,True,FAIL_RELATIVE_EQUILIBRIUM_GATE,1.0489217722000514,0.4589645650749858,0.2287857480099706,-3.5847338889061344,0.6485844064557605,0.6340669969392392,1.9725851180470308,1.4142625299849891,1.2106771584514024,,,,,
B6A_PHYSICAL_TUBES,128,0.04,rosenhead,fixed_sampled_reach,mirror_trefoil,3:1:1,discrete_axial_tubes,physical_tubes,1.0,0.2373588220132305,0.1973588220132305,0.1973588220132305,19,0.022638609493997427,-0.25,-4.75,-38.81777588951378,-19.40888794475689,0.3237272184301998,-19.40888794475689,-3.0890204563247567,True,FAIL_RELATIVE_EQUILIBRIUM_GATE,1.052386709697102,0.4879517096078183,0.2287857480099706,-3.599878789876538,0.6507268964769345,0.6340669969392392,1.9725851180470308,1.4142625299849891,1.2106771584514024,,,,,
B6A_PHYSICAL_TUBES,128,0.04,rosenhead,fixed_sampled_reach,trefoil,3:1:1,discrete_axial_tubes,physical_tubes,1.0,0.2373588220132305,0.1973588220132305,0.1973588220132305,19,0.022638609493997427,-1.0,-19.0,-155.27110355805513,-77.63555177902757,0.08093180460754995,-77.63555177902757,-12.356081825299027,True,FAIL_RELATIVE_EQUILIBRIUM_GATE,4.106376965775097,0.5087849588591795,0.2287857480099706,-16.948569792888232,2.539114105186955,2.5362679877569567,7.890340472188123,1.4142625299849891,1.2106771584514024,,,,,
B6A_PHYSICAL_TUBES,128,0.04,rosenhead,fixed_sampled_reach,mirror_trefoil,3:1:1,discrete_axial_tubes,physical_tubes,1.0,0.2373588220132305,0.1973588220132305,0.1973588220132305,19,0.022638609493997427,-1.0,-19.0,-155.27110355805513,-77.63555177902757,0.08093180460754995,-77.63555177902757,-12.356081825299027,True,FAIL_RELATIVE_EQUILIBRIUM_GATE,4.1099215801831885,0.5184025044667907,0.2287857480099706,-16.96406295379936,2.5413058621824876,2.5362679877569567,7.890340472188123,1.4142625299849891,1.2106771584514024,,,,,
B6A_PHYSICAL_TUBES,128,0.04,rosenhead,fixed_sampled_reach,trefoil,3:1:1,discrete_axial_tubes,physical_tubes,1.0,0.2373588220132305,0.1973588220132305,0.1973588220132305,37,0.016222795237376676,-0.25,-9.25,-75.59251094273736,-37.79625547136868,0.16623830135604856,-37.79625547136868,-6.01546088863242,True,FAIL_RELATIVE_EQUILIBRIUM_GATE,2.010733559675444,0.4949360335025254,0.2287857480099706,-7.788718603170226,1.2433057134541499,1.2364535365210896,3.8422380276094406,1.4142625299849891,1.2106771584514024,,,,,
B6A_PHYSICAL_TUBES,128,0.04,rosenhead,fixed_sampled_reach,mirror_trefoil,3:1:1,discrete_axial_tubes,physical_tubes,1.0,0.2373588220132305,0.1973588220132305,0.1973588220132305,37,0.016222795237376676,-0.25,-9.25,-75.59251094273736,-37.79625547136868,0.16623830135604856,-37.79625547136868,-6.01546088863242,True,FAIL_RELATIVE_EQUILIBRIUM_GATE,2.014659216457214,0.5135004581842866,0.2287857480099706,-7.8058772628154,1.2457330820542059,1.2364535365210896,3.8422380276094406,1.4142625299849891,1.2106771584514024,,,,,
B6A_PHYSICAL_TUBES,128,0.04,rosenhead,fixed_sampled_reach,trefoil,3:1:1,discrete_axial_tubes,physical_tubes,1.0,0.2373588220132305,0.1973588220132305,0.1973588220132305,37,0.016222795237376676,-1.0,-37.0,-302.37004377094945,-151.18502188547473,0.04155957533901214,-151.18502188547473,-24.06184355452968,True,FAIL_RELATIVE_EQUILIBRIUM_GATE,7.999903827759403,0.5138225960848608,0.2287857480099706,-33.966792719145964,4.946615670821371,4.945814146084358,15.368952110437762,1.4142625299849891,1.2106771584514024,,,,,
B6A_PHYSICAL_TUBES,128,0.04,rosenhead,fixed_sampled_reach,mirror_trefoil,3:1:1,discrete_axial_tubes,physical_tubes,1.0,0.2373588220132305,0.1973588220132305,0.1973588220132305,37,0.016222795237376676,-1.0,-37.0,-302.37004377094945,-151.18502188547473,0.04155957533901214,-151.18502188547473,-24.06184355452968,True,FAIL_RELATIVE_EQUILIBRIUM_GATE,8.00385347786947,0.5188581914918876,0.2287857480099706,-33.98405625126902,4.949057875321496,4.945814146084358,15.368952110437762,1.4142625299849891,1.2106771584514024,,,,,
B6A_PHYSICAL_TUBES,128,0.04,rosenhead,fixed_sampled_reach,trefoil,3:1:1,discrete_axial_tubes,physical_tubes,1.0,0.2373588220132305,0.1973588220132305,0.1973588220132305,1,0.09867941100661524,0.25,0.25,2.0430408362901993,1.0215204181450996,6.150817150173796,1.0215204181450996,0.16258002401709246,True,FAIL_RELATIVE_EQUILIBRIUM_GATE,0.23562270154344447,0.23610340714087708,0.2287857480099706,-0.029883651376640508,0.14569361994224247,0.03348263417987931,0.1038777114076337,1.4142625299849891,1.2106771584514024,,,,,
B6A_PHYSICAL_TUBES,128,0.04,rosenhead,fixed_sampled_reach,mirror_trefoil,3:1:1,discrete_axial_tubes,physical_tubes,1.0,0.2373588220132305,0.1973588220132305,0.1973588220132305,1,0.09867941100661524,0.25,0.25,2.0430408362901993,1.0215204181450996,6.150817150173796,1.0215204181450996,0.16258002401709246,True,FAIL_RELATIVE_EQUILIBRIUM_GATE,0.23458935151974397,0.23160437579209298,0.2287857480099706,-0.025366980068707967,0.14505466408343035,0.03348263417987931,0.1038777114076337,1.4142625299849891,1.2106771584514024,,,,,
B6A_PHYSICAL_TUBES,128,0.04,rosenhead,fixed_sampled_reach,trefoil,3:1:1,discrete_axial_tubes,physical_tubes,1.0,0.2373588220132305,0.1973588220132305,0.1973588220132305,1,0.09867941100661524,1.0,1.0,8.172163345160797,4.086081672580399,1.537704287543449,4.086081672580399,0.6503200960683698,True,FAIL_RELATIVE_EQUILIBRIUM_GATE,0.3165908724486682,0.2998233103479699,0.2287857480099706,-0.38378756195456276,0.19575902468470158,0.13393053671951724,0.4155108456305348,1.4142625299849891,1.2106771584514024,,,,,
B6A_PHYSICAL_TUBES,128,0.04,rosenhead,fixed_sampled_reach,mirror_trefoil,3:1:1,discrete_axial_tubes,physical_tubes,1.0,0.2373588220132305,0.1973588220132305,0.1973588220132305,1,0.09867941100661524,1.0,1.0,8.172163345160797,4.086081672580399,1.537704287543449,4.086081672580399,0.6503200960683698,True,FAIL_RELATIVE_EQUILIBRIUM_GATE,0.3135063093034978,0.2821041389776043,0.2287857480099706,-0.3703052398606361,0.19385173320719754,0.13393053671951724,0.4155108456305348,1.4142625299849891,1.2106771584514024,,,,,
B6A_PHYSICAL_TUBES,128,0.04,rosenhead,fixed_sampled_reach,trefoil,3:1:1,discrete_axial_tubes,physical_tubes,1.0,0.2373588220132305,0.1973588220132305,0.1973588220132305,7,0.037297311577976264,0.25,1.75,14.301285854031395,7.1506429270156975,0.8786881643105423,7.1506429270156975,1.1380601681196472,True,FAIL_RELATIVE_EQUILIBRIUM_GATE,0.44356167150993386,0.3710274296297378,0.2287857480099706,-0.9387644351456859,0.274269436546625,0.23406934750465636,0.7269243978395717,1.4142625299849891,1.2106771584514024,,,,,
B6A_PHYSICAL_TUBES,128,0.04,rosenhead,fixed_sampled_reach,mirror_trefoil,3:1:1,discrete_axial_tubes,physical_tubes,1.0,0.2373588220132305,0.1973588220132305,0.1973588220132305,7,0.037297311577976264,0.25,1.75,14.301285854031395,7.1506429270156975,0.8786881643105423,7.1506429270156975,1.1380601681196472,True,FAIL_RELATIVE_EQUILIBRIUM_GATE,0.441062696311952,0.34440105003031635,0.2287857480099706,-0.9278416603674555,0.2727242342365126,0.23406934750465636,0.7269243978395717,1.4142625299849891,1.2106771584514024,,,,,
B6A_PHYSICAL_TUBES,128,0.04,rosenhead,fixed_sampled_reach,trefoil,3:1:1,discrete_axial_tubes,physical_tubes,1.0,0.2373588220132305,0.1973588220132305,0.1973588220132305,7,0.037297311577976264,1.0,7.0,57.20514341612558,28.60257170806279,0.21967204107763558,28.60257170806279,4.552240672478589,True,FAIL_RELATIVE_EQUILIBRIUM_GATE,1.5328221029876408,0.507214258285043,0.2287857480099706,-5.69981463583492,0.9477966233681165,0.9362773900186254,2.907697591358287,1.4142625299849891,1.2106771584514024,,,,,
B6A_PHYSICAL_TUBES,128,0.04,rosenhead,fixed_sampled_reach,mirror_trefoil,3:1:1,discrete_axial_tubes,physical_tubes,1.0,0.2373588220132305,0.1973588220132305,0.1973588220132305,7,0.037297311577976264,1.0,7.0,57.20514341612558,28.60257170806279,0.21967204107763558,28.60257170806279,4.552240672478589,True,FAIL_RELATIVE_EQUILIBRIUM_GATE,1.529934960051761,0.4843819694862466,0.2287857480099706,-5.6871952180565275,0.946011403595728,0.9362773900186254,2.907697591358287,1.4142625299849891,1.2106771584514024,,,,,
B6A_PHYSICAL_TUBES,128,0.04,rosenhead,fixed_sampled_reach,trefoil,3:1:1,discrete_axial_tubes,physical_tubes,1.0,0.2373588220132305,0.1973588220132305,0.1973588220132305,19,0.022638609493997427,0.25,4.75,38.81777588951378,19.40888794475689,0.3237272184301998,19.40888794475689,3.0890204563247567,True,FAIL_RELATIVE_EQUILIBRIUM_GATE,1.052386709697102,0.4879517096078183,0.2287857480099706,-3.599878789876538,0.6507268964769345,0.6340669969392392,1.9725851180470308,1.4142625299849891,1.2106771584514024,,,,,
B6A_PHYSICAL_TUBES,128,0.04,rosenhead,fixed_sampled_reach,mirror_trefoil,3:1:1,discrete_axial_tubes,physical_tubes,1.0,0.2373588220132305,0.1973588220132305,0.1973588220132305,19,0.022638609493997427,0.25,4.75,38.81777588951378,19.40888794475689,0.3237272184301998,19.40888794475689,3.0890204563247567,True,FAIL_RELATIVE_EQUILIBRIUM_GATE,1.0489217722000514,0.4589645650749858,0.2287857480099706,-3.5847338889061344,0.6485844064557605,0.6340669969392392,1.9725851180470308,1.4142625299849891,1.2106771584514024,,,,,
B6A_PHYSICAL_TUBES,128,0.04,rosenhead,fixed_sampled_reach,trefoil,3:1:1,discrete_axial_tubes,physical_tubes,1.0,0.2373588220132305,0.1973588220132305,0.1973588220132305,19,0.022638609493997427,1.0,19.0,155.27110355805513,77.63555177902757,0.08093180460754995,77.63555177902757,12.356081825299027,True,FAIL_RELATIVE_EQUILIBRIUM_GATE,4.1099215801831885,0.5184025044667907,0.2287857480099706,-16.96406295379936,2.5413058621824876,2.5362679877569567,7.890340472188123,1.4142625299849891,1.2106771584514024,,,,,
B6A_PHYSICAL_TUBES,128,0.04,rosenhead,fixed_sampled_reach,mirror_trefoil,3:1:1,discrete_axial_tubes,physical_tubes,1.0,0.2373588220132305,0.1973588220132305,0.1973588220132305,19,0.022638609493997427,1.0,19.0,155.27110355805513,77.63555177902757,0.08093180460754995,77.63555177902757,12.356081825299027,True,FAIL_RELATIVE_EQUILIBRIUM_GATE,4.106376965775097,0.5087849588591795,0.2287857480099706,-16.948569792888232,2.539114105186955,2.5362679877569567,7.890340472188123,1.4142625299849891,1.2106771584514024,,,,,
B6A_PHYSICAL_TUBES,128,0.04,rosenhead,fixed_sampled_reach,trefoil,3:1:1,discrete_axial_tubes,physical_tubes,1.0,0.2373588220132305,0.1973588220132305,0.1973588220132305,37,0.016222795237376676,0.25,9.25,75.59251094273736,37.79625547136868,0.16623830135604856,37.79625547136868,6.01546088863242,True,FAIL_RELATIVE_EQUILIBRIUM_GATE,2.014659216457214,0.5135004581842866,0.2287857480099706,-7.8058772628154,1.2457330820542059,1.2364535365210896,3.8422380276094406,1.4142625299849891,1.2106771584514024,,,,,
B6A_PHYSICAL_TUBES,128,0.04,rosenhead,fixed_sampled_reach,mirror_trefoil,3:1:1,discrete_axial_tubes,physical_tubes,1.0,0.2373588220132305,0.1973588220132305,0.1973588220132305,37,0.016222795237376676,0.25,9.25,75.59251094273736,37.79625547136868,0.16623830135604856,37.79625547136868,6.01546088863242,True,FAIL_RELATIVE_EQUILIBRIUM_GATE,2.010733559675444,0.4949360335025254,0.2287857480099706,-7.788718603170226,1.2433057134541499,1.2364535365210896,3.8422380276094406,1.4142625299849891,1.2106771584514024,,,,,
B6A_PHYSICAL_TUBES,128,0.04,rosenhead,fixed_sampled_reach,trefoil,3:1:1,discrete_axial_tubes,physical_tubes,1.0,0.2373588220132305,0.1973588220132305,0.1973588220132305,37,0.016222795237376676,1.0,37.0,302.37004377094945,151.18502188547473,0.04155957533901214,151.18502188547473,24.06184355452968,True,FAIL_RELATIVE_EQUILIBRIUM_GATE,8.00385347786947,0.5188581914918876,0.2287857480099706,-33.98405625126902,4.949057875321496,4.945814146084358,15.368952110437762,1.4142625299849891,1.2106771584514024,,,,,
B6A_PHYSICAL_TUBES,128,0.04,rosenhead,fixed_sampled_reach,mirror_trefoil,3:1:1,discrete_axial_tubes,physical_tubes,1.0,0.2373588220132305,0.1973588220132305,0.1973588220132305,37,0.016222795237376676,1.0,37.0,302.37004377094945,151.18502188547473,0.04155957533901214,151.18502188547473,24.06184355452968,True,FAIL_RELATIVE_EQUILIBRIUM_GATE,7.999903827759403,0.5138225960848608,0.2287857480099706,-33.966792719145964,4.946615670821371,4.945814146084358,15.368952110437762,1.4142625299849891,1.2106771584514024,,,,,
B6A_PHYSICAL_TUBES,128,0.04,winckelmans,fixed_sampled_reach,trefoil,3:1:1,discrete_axial_tubes,physical_tubes,0.75,0.2373588220132305,0.1973588220132305,0.14801911650992286,1,0.07400955825496143,-0.25,-0.25,-3.6320725978492434,-1.8160362989246217,3.45983464697276,-1.8160362989246217,-0.2890311538081644,True,FAIL_RELATIVE_EQUILIBRIUM_GATE,0.2360767867837359,0.2339811733524939,0.23374739337941808,-0.009965430504445205,0.1545559726857264,0.03348263417987931,0.1038777114076337,1.4142625299849891,1.2106771584514024,,,,,
B6A_PHYSICAL_TUBES,128,0.04,winckelmans,fixed_sampled_reach,mirror_trefoil,3:1:1,discrete_axial_tubes,physical_tubes,0.75,0.2373588220132305,0.1973588220132305,0.14801911650992286,1,0.07400955825496143,-0.25,-0.25,-3.6320725978492434,-1.8160362989246217,3.45983464697276,-1.8160362989246217,-0.2890311538081644,True,FAIL_RELATIVE_EQUILIBRIUM_GATE,0.24243488488172332,0.24225082370743337,0.23374739337941808,-0.03716615349889163,0.1587185252575128,0.03348263417987931,0.1038777114076337,1.4142625299849891,1.2106771584514024,,,,,
B6A_PHYSICAL_TUBES,128,0.04,winckelmans,fixed_sampled_reach,trefoil,3:1:1,discrete_axial_tubes,physical_tubes,0.75,0.2373588220132305,0.1973588220132305,0.14801911650992286,1,0.07400955825496143,-1.0,-1.0,-14.528290391396974,-7.264145195698487,0.86495866174319,-7.264145195698487,-1.1561246152326576,True,FAIL_RELATIVE_EQUILIBRIUM_GATE,0.3006707075056285,0.2757344878021077,0.23374739337941808,-0.2863061408243417,0.19684465503678844,0.13393053671951724,0.4155108456305348,1.4142625299849891,1.2106771584514024,,,,,
B6A_PHYSICAL_TUBES,128,0.04,winckelmans,fixed_sampled_reach,mirror_trefoil,3:1:1,discrete_axial_tubes,physical_tubes,0.75,0.2373588220132305,0.1973588220132305,0.14801911650992286,1,0.07400955825496143,-1.0,-1.0,-14.528290391396974,-7.264145195698487,0.86495866174319,-7.264145195698487,-1.1561246152326576,True,FAIL_RELATIVE_EQUILIBRIUM_GATE,0.32026952860030095,0.3022003772026273,0.23374739337941808,-0.37015229975395014,0.20967571267294446,0.13393053671951724,0.4155108456305348,1.4142625299849891,1.2106771584514024,,,,,
B6A_PHYSICAL_TUBES,128,0.04,winckelmans,fixed_sampled_reach,trefoil,3:1:1,discrete_axial_tubes,physical_tubes,0.75,0.2373588220132305,0.1973588220132305,0.14801911650992286,7,0.027972983683482198,-0.25,-1.75,-25.424508184944703,-12.712254092472351,0.49426209242468006,-12.712254092472351,-2.023218076657151,True,FAIL_RELATIVE_EQUILIBRIUM_GATE,0.41479859417741954,0.33474369006094035,0.23374739337941808,-0.7745592290054746,0.27156249059968857,0.23421179341998266,0.727059062358755,1.4142625299849891,1.2106771584514024,,,,,
B6A_PHYSICAL_TUBES,128,0.04,winckelmans,fixed_sampled_reach,mirror_trefoil,3:1:1,discrete_axial_tubes,physical_tubes,0.75,0.2373588220132305,0.1973588220132305,0.14801911650992286,7,0.027972983683482198,-0.25,-1.75,-25.424508184944703,-12.712254092472351,0.49426209242468006,-12.712254092472351,-2.023218076657151,True,FAIL_RELATIVE_EQUILIBRIUM_GATE,0.4395269535723131,0.3688352474234773,0.23374739337941808,-0.8803501815264063,0.2877517809203043,0.23421179341998266,0.727059062358755,1.4142625299849891,1.2106771584514024,,,,,
B6A_PHYSICAL_TUBES,128,0.04,winckelmans,fixed_sampled_reach,trefoil,3:1:1,discrete_axial_tubes,physical_tubes,0.75,0.2373588220132305,0.1973588220132305,0.14801911650992286,7,0.027972983683482198,-1.0,-7.0,-101.69803273977881,-50.849016369889405,0.12356552310617001,-50.849016369889405,-8.092872306628603,True,FAIL_RELATIVE_EQUILIBRIUM_GATE,1.435309979112491,0.48178471281243246,0.23374739337941808,-5.140432020915417,0.9396761661724874,0.9368471736799306,2.90823624943502,1.4142625299849891,1.2106771584514024,,,,,
B6A_PHYSICAL_TUBES,128,0.04,winckelmans,fixed_sampled_reach,mirror_trefoil,3:1:1,discrete_axial_tubes,physical_tubes,0.75,0.2373588220132305,0.1973588220132305,0.14801911650992286,7,0.027972983683482198,-1.0,-7.0,-101.69803273977881,-50.849016369889405,0.12356552310617001,-50.849016369889405,-8.092872306628603,True,FAIL_RELATIVE_EQUILIBRIUM_GATE,1.4644517789534341,0.5048758615540344,0.23374739337941808,-5.265104212633252,0.9587548705279297,0.9368471736799306,2.90823624943502,1.4142625299849891,1.2106771584514024,,,,,
B6A_PHYSICAL_TUBES,128,0.04,winckelmans,fixed_sampled_reach,trefoil,3:1:1,discrete_axial_tubes,physical_tubes,0.75,0.2373588220132305,0.1973588220132305,0.14801911650992286,19,0.01697895712049807,-0.25,-4.75,-69.00937935913562,-34.50468967956781,0.18209656036698738,-34.50468967956781,-5.4915919223551235,True,FAIL_RELATIVE_EQUILIBRIUM_GATE,0.984582068486012,0.45523702815975664,0.23374739337941808,-3.2121627721762067,0.6445912847127236,0.6359447057225904,1.9735630292422366,1.4142625299849891,1.2106771584514024,,,,,
B6A_PHYSICAL_TUBES,128,0.04,winckelmans,fixed_sampled_reach,mirror_trefoil,3:1:1,discrete_axial_tubes,physical_tubes,0.75,0.2373588220132305,0.1973588220132305,0.14801911650992286,19,0.01697895712049807,-0.25,-4.75,-69.00937935913562,-34.50468967956781,0.18209656036698738,-34.50468967956781,-5.4915919223551235,True,FAIL_RELATIVE_EQUILIBRIUM_GATE,1.0134159976266883,0.48508648261753995,0.23374739337941808,-3.335517855301661,0.6634684306846019,0.6359447057225904,1.9735630292422366,1.4142625299849891,1.2106771584514024,,,,,
B6A_PHYSICAL_TUBES,128,0.04,winckelmans,fixed_sampled_reach,trefoil,3:1:1,discrete_axial_tubes,physical_tubes,0.75,0.2373588220132305,0.1973588220132305,0.14801911650992286,19,0.01697895712049807,-1.0,-19.0,-276.0375174365425,-138.01875871827124,0.045524140091746844,-138.01875871827124,-21.966367689420494,True,FAIL_RELATIVE_EQUILIBRIUM_GATE,3.8776955453775677,0.5093254953131985,0.23374739337941808,-15.589256843961053,2.5386697902829445,2.5437788228903617,7.894252116968946,1.4142625299849891,1.2106771584514024,,,,,
B6A_PHYSICAL_TUBES,128,0.04,winckelmans,fixed_sampled_reach,mirror_trefoil,3:1:1,discrete_axial_tubes,physical_tubes,0.75,0.2373588220132305,0.1973588220132305,0.14801911650992286,19,0.01697895712049807,-1.0,-19.0,-276.0375174365425,-138.01875871827124,0.045524140091746844,-138.01875871827124,-21.966367689420494,True,FAIL_RELATIVE_EQUILIBRIUM_GATE,3.9072961599150684,0.5188499701416557,0.23374739337941808,-15.71589190118906,2.558048873818717,2.5437788228903617,7.894252116968946,1.4142625299849891,1.2106771584514024,,,,,
B6A_PHYSICAL_TUBES,128,0.04,winckelmans,fixed_sampled_reach,trefoil,3:1:1,discrete_axial_tubes,physical_tubes,0.75,0.2373588220132305,0.1973588220132305,0.14801911650992286,37,0.012167096428032506,-0.25,-9.25,-134.386686120422,-67.193343060211,0.09350904451277729,-67.193343060211,-10.694152690902083,True,FAIL_RELATIVE_EQUILIBRIUM_GATE,1.891442051813645,0.49401657515259745,0.23374739337941808,-7.091820937414527,1.2382990724308003,1.238562017881425,3.843327057935145,1.4142625299849891,1.2106771584514024,,,,,
B6A_PHYSICAL_TUBES,128,0.04,winckelmans,fixed_sampled_reach,mirror_trefoil,3:1:1,discrete_axial_tubes,physical_tubes,0.75,0.2373588220132305,0.1973588220132305,0.14801911650992286,37,0.012167096428032506,-0.25,-9.25,-134.386686120422,-67.193343060211,0.09350904451277729,-67.193343060211,-10.694152690902083,True,FAIL_RELATIVE_EQUILIBRIUM_GATE,1.9209028435450857,0.5124819256791834,0.23374739337941808,-7.217857815539709,1.2575866160481897,1.238562017881425,3.843327057935145,1.4142625299849891,1.2106771584514024,,,,,
B6A_PHYSICAL_TUBES,128,0.04,winckelmans,fixed_sampled_reach,trefoil,3:1:1,discrete_axial_tubes,physical_tubes,0.75,0.2373588220132305,0.1973588220132305,0.14801911650992286,37,0.012167096428032506,-1.0,-37.0,-537.546744481688,-268.773372240844,0.023377261128194323,-268.773372240844,-42.77661076360833,True,FAIL_RELATIVE_EQUILIBRIUM_GATE,7.556134534340466,0.5142665539401932,0.23374739337941808,-31.32606971610319,4.946889266876686,4.9542480715257,15.37330823174058,1.4142625299849891,1.2106771584514024,,,,,
B6A_PHYSICAL_TUBES,128,0.04,winckelmans,fixed_sampled_reach,mirror_trefoil,3:1:1,discrete_axial_tubes,physical_tubes,0.75,0.2373588220132305,0.1973588220132305,0.14801911650992286,37,0.012167096428032506,-1.0,-37.0,-537.546744481688,-268.773372240844,0.023377261128194323,-268.773372240844,-42.77661076360833,True,FAIL_RELATIVE_EQUILIBRIUM_GATE,7.58580436716733,0.5192269269403709,0.23374739337941808,-31.45300089765739,4.966313666600407,4.9542480715257,15.37330823174058,1.4142625299849891,1.2106771584514024,,,,,
B6A_PHYSICAL_TUBES,128,0.04,winckelmans,fixed_sampled_reach,trefoil,3:1:1,discrete_axial_tubes,physical_tubes,0.75,0.2373588220132305,0.1973588220132305,0.14801911650992286,1,0.07400955825496143,0.25,0.25,3.6320725978492434,1.8160362989246217,3.45983464697276,1.8160362989246217,0.2890311538081644,True,FAIL_RELATIVE_EQUILIBRIUM_GATE,0.24243488488172332,0.24225082370743337,0.23374739337941808,-0.03716615349889163,0.1587185252575128,0.03348263417987931,0.1038777114076337,1.4142625299849891,1.2106771584514024,,,,,
B6A_PHYSICAL_TUBES,128,0.04,winckelmans,fixed_sampled_reach,mirror_trefoil,3:1:1,discrete_axial_tubes,physical_tubes,0.75,0.2373588220132305,0.1973588220132305,0.14801911650992286,1,0.07400955825496143,0.25,0.25,3.6320725978492434,1.8160362989246217,3.45983464697276,1.8160362989246217,0.2890311538081644,True,FAIL_RELATIVE_EQUILIBRIUM_GATE,0.2360767867837359,0.2339811733524939,0.23374739337941808,-0.009965430504445205,0.1545559726857264,0.03348263417987931,0.1038777114076337,1.4142625299849891,1.2106771584514024,,,,,
B6A_PHYSICAL_TUBES,128,0.04,winckelmans,fixed_sampled_reach,trefoil,3:1:1,discrete_axial_tubes,physical_tubes,0.75,0.2373588220132305,0.1973588220132305,0.14801911650992286,1,0.07400955825496143,1.0,1.0,14.528290391396974,7.264145195698487,0.86495866174319,7.264145195698487,1.1561246152326576,True,FAIL_RELATIVE_EQUILIBRIUM_GATE,0.32026952860030095,0.3022003772026273,0.23374739337941808,-0.37015229975395014,0.20967571267294446,0.13393053671951724,0.4155108456305348,1.4142625299849891,1.2106771584514024,,,,,
B6A_PHYSICAL_TUBES,128,0.04,winckelmans,fixed_sampled_reach,mirror_trefoil,3:1:1,discrete_axial_tubes,physical_tubes,0.75,0.2373588220132305,0.1973588220132305,0.14801911650992286,1,0.07400955825496143,1.0,1.0,14.528290391396974,7.264145195698487,0.86495866174319,7.264145195698487,1.1561246152326576,True,FAIL_RELATIVE_EQUILIBRIUM_GATE,0.3006707075056285,0.2757344878021077,0.23374739337941808,-0.2863061408243417,0.19684465503678844,0.13393053671951724,0.4155108456305348,1.4142625299849891,1.2106771584514024,,,,,
B6A_PHYSICAL_TUBES,128,0.04,winckelmans,fixed_sampled_reach,trefoil,3:1:1,discrete_axial_tubes,physical_tubes,0.75,0.2373588220132305,0.1973588220132305,0.14801911650992286,7,0.027972983683482198,0.25,1.75,25.424508184944703,12.712254092472351,0.49426209242468006,12.712254092472351,2.023218076657151,True,FAIL_RELATIVE_EQUILIBRIUM_GATE,0.4395269535723131,0.3688352474234773,0.23374739337941808,-0.8803501815264063,0.2877517809203043,0.23421179341998266,0.727059062358755,1.4142625299849891,1.2106771584514024,,,,,
B6A_PHYSICAL_TUBES,128,0.04,winckelmans,fixed_sampled_reach,mirror_trefoil,3:1:1,discrete_axial_tubes,physical_tubes,0.75,0.2373588220132305,0.1973588220132305,0.14801911650992286,7,0.027972983683482198,0.25,1.75,25.424508184944703,12.712254092472351,0.49426209242468006,12.712254092472351,2.023218076657151,True,FAIL_RELATIVE_EQUILIBRIUM_GATE,0.41479859417741954,0.33474369006094035,0.23374739337941808,-0.7745592290054746,0.27156249059968857,0.23421179341998266,0.727059062358755,1.4142625299849891,1.2106771584514024,,,,,
B6A_PHYSICAL_TUBES,128,0.04,winckelmans,fixed_sampled_reach,trefoil,3:1:1,discrete_axial_tubes,physical_tubes,0.75,0.2373588220132305,0.1973588220132305,0.14801911650992286,7,0.027972983683482198,1.0,7.0,101.69803273977881,50.849016369889405,0.12356552310617001,50.849016369889405,8.092872306628603,True,FAIL_RELATIVE_EQUILIBRIUM_GATE,1.4644517789534341,0.5048758615540344,0.23374739337941808,-5.265104212633252,0.9587548705279297,0.9368471736799306,2.90823624943502,1.4142625299849891,1.2106771584514024,,,,,
B6A_PHYSICAL_TUBES,128,0.04,winckelmans,fixed_sampled_reach,mirror_trefoil,3:1:1,discrete_axial_tubes,physical_tubes,0.75,0.2373588220132305,0.1973588220132305,0.14801911650992286,7,0.027972983683482198,1.0,7.0,101.69803273977881,50.849016369889405,0.12356552310617001,50.849016369889405,8.092872306628603,True,FAIL_RELATIVE_EQUILIBRIUM_GATE,1.435309979112491,0.48178471281243246,0.23374739337941808,-5.140432020915417,0.9396761661724874,0.9368471736799306,2.90823624943502,1.4142625299849891,1.2106771584514024,,,,,
B6A_PHYSICAL_TUBES,128,0.04,winckelmans,fixed_sampled_reach,trefoil,3:1:1,discrete_axial_tubes,physical_tubes,0.75,0.2373588220132305,0.1973588220132305,0.14801911650992286,19,0.01697895712049807,0.25,4.75,69.00937935913562,34.50468967956781,0.18209656036698738,34.50468967956781,5.4915919223551235,True,FAIL_RELATIVE_EQUILIBRIUM_GATE,1.0134159976266883,0.48508648261753995,0.23374739337941808,-3.335517855301661,0.6634684306846019,0.6359447057225904,1.9735630292422366,1.4142625299849891,1.2106771584514024,,,,,
B6A_PHYSICAL_TUBES,128,0.04,winckelmans,fixed_sampled_reach,mirror_trefoil,3:1:1,discrete_axial_tubes,physical_tubes,0.75,0.2373588220132305,0.1973588220132305,0.14801911650992286,19,0.01697895712049807,0.25,4.75,69.00937935913562,34.50468967956781,0.18209656036698738,34.50468967956781,5.4915919223551235,True,FAIL_RELATIVE_EQUILIBRIUM_GATE,0.984582068486012,0.45523702815975664,0.23374739337941808,-3.2121627721762067,0.6445912847127236,0.6359447057225904,1.9735630292422366,1.4142625299849891,1.2106771584514024,,,,,
B6A_PHYSICAL_TUBES,128,0.04,winckelmans,fixed_sampled_reach,trefoil,3:1:1,discrete_axial_tubes,physical_tubes,0.75,0.2373588220132305,0.1973588220132305,0.14801911650992286,19,0.01697895712049807,1.0,19.0,276.0375174365425,138.01875871827124,0.045524140091746844,138.01875871827124,21.966367689420494,True,FAIL_RELATIVE_EQUILIBRIUM_GATE,3.9072961599150684,0.5188499701416557,0.23374739337941808,-15.71589190118906,2.558048873818717,2.5437788228903617,7.894252116968946,1.4142625299849891,1.2106771584514024,,,,,
B6A_PHYSICAL_TUBES,128,0.04,winckelmans,fixed_sampled_reach,mirror_trefoil,3:1:1,discrete_axial_tubes,physical_tubes,0.75,0.2373588220132305,0.1973588220132305,0.14801911650992286,19,0.01697895712049807,1.0,19.0,276.0375174365425,138.01875871827124,0.045524140091746844,138.01875871827124,21.966367689420494,True,FAIL_RELATIVE_EQUILIBRIUM_GATE,3.8776955453775677,0.5093254953131985,0.23374739337941808,-15.589256843961053,2.5386697902829445,2.5437788228903617,7.894252116968946,1.4142625299849891,1.2106771584514024,,,,,
B6A_PHYSICAL_TUBES,128,0.04,winckelmans,fixed_sampled_reach,trefoil,3:1:1,discrete_axial_tubes,physical_tubes,0.75,0.2373588220132305,0.1973588220132305,0.14801911650992286,37,0.012167096428032506,0.25,9.25,134.386686120422,67.193343060211,0.09350904451277729,67.193343060211,10.694152690902083,True,FAIL_RELATIVE_EQUILIBRIUM_GATE,1.9209028435450857,0.5124819256791834,0.23374739337941808,-7.217857815539709,1.2575866160481897,1.238562017881425,3.843327057935145,1.4142625299849891,1.2106771584514024,,,,,
B6A_PHYSICAL_TUBES,128,0.04,winckelmans,fixed_sampled_reach,mirror_trefoil,3:1:1,discrete_axial_tubes,physical_tubes,0.75,0.2373588220132305,0.1973588220132305,0.14801911650992286,37,0.012167096428032506,0.25,9.25,134.386686120422,67.193343060211,0.09350904451277729,67.193343060211,10.694152690902083,True,FAIL_RELATIVE_EQUILIBRIUM_GATE,1.891442051813645,0.49401657515259745,0.23374739337941808,-7.091820937414527,1.2382990724308003,1.238562017881425,3.843327057935145,1.4142625299849891,1.2106771584514024,,,,,
B6A_PHYSICAL_TUBES,128,0.04,winckelmans,fixed_sampled_reach,trefoil,3:1:1,discrete_axial_tubes,physical_tubes,0.75,0.2373588220132305,0.1973588220132305,0.14801911650992286,37,0.012167096428032506,1.0,37.0,537.546744481688,268.773372240844,0.023377261128194323,268.773372240844,42.77661076360833,True,FAIL_RELATIVE_EQUILIBRIUM_GATE,7.58580436716733,0.5192269269403709,0.23374739337941808,-31.45300089765739,4.966313666600407,4.9542480715257,15.37330823174058,1.4142625299849891,1.2106771584514024,,,,,
B6A_PHYSICAL_TUBES,128,0.04,winckelmans,fixed_sampled_reach,mirror_trefoil,3:1:1,discrete_axial_tubes,physical_tubes,0.75,0.2373588220132305,0.1973588220132305,0.14801911650992286,37,0.012167096428032506,1.0,37.0,537.546744481688,268.773372240844,0.023377261128194323,268.773372240844,42.77661076360833,True,FAIL_RELATIVE_EQUILIBRIUM_GATE,7.556134534340466,0.5142665539401932,0.23374739337941808,-31.32606971610319,4.946889266876686,4.9542480715257,15.37330823174058,1.4142625299849891,1.2106771584514024,,,,,
B6A_PHYSICAL_TUBES,128,0.04,winckelmans,fixed_sampled_reach,trefoil,3:1:1,discrete_axial_tubes,physical_tubes,1.0,0.2373588220132305,0.1973588220132305,0.1973588220132305,1,0.09867941100661524,-0.25,-0.25,-2.0430408362901993,-1.0215204181450996,6.150817150173796,-1.0215204181450996,-0.16258002401709246,True,FAIL_RELATIVE_EQUILIBRIUM_GATE,0.2360767867837359,0.2339811733524939,0.23374739337941808,-0.009965430504445205,0.1545559726857264,0.03348263417987931,0.1038777114076337,1.4142625299849891,1.2106771584514024,,,,,
B6A_PHYSICAL_TUBES,128,0.04,winckelmans,fixed_sampled_reach,mirror_trefoil,3:1:1,discrete_axial_tubes,physical_tubes,1.0,0.2373588220132305,0.1973588220132305,0.1973588220132305,1,0.09867941100661524,-0.25,-0.25,-2.0430408362901993,-1.0215204181450996,6.150817150173796,-1.0215204181450996,-0.16258002401709246,True,FAIL_RELATIVE_EQUILIBRIUM_GATE,0.24243488488172332,0.24225082370743337,0.23374739337941808,-0.03716615349889163,0.1587185252575128,0.03348263417987931,0.1038777114076337,1.4142625299849891,1.2106771584514024,,,,,
B6A_PHYSICAL_TUBES,128,0.04,winckelmans,fixed_sampled_reach,trefoil,3:1:1,discrete_axial_tubes,physical_tubes,1.0,0.2373588220132305,0.1973588220132305,0.1973588220132305,1,0.09867941100661524,-1.0,-1.0,-8.172163345160797,-4.086081672580399,1.537704287543449,-4.086081672580399,-0.6503200960683698,True,FAIL_RELATIVE_EQUILIBRIUM_GATE,0.3006707075056285,0.2757344878021077,0.23374739337941808,-0.2863061408243417,0.19684465503678844,0.13393053671951724,0.4155108456305348,1.4142625299849891,1.2106771584514024,,,,,
B6A_PHYSICAL_TUBES,128,0.04,winckelmans,fixed_sampled_reach,mirror_trefoil,3:1:1,discrete_axial_tubes,physical_tubes,1.0,0.2373588220132305,0.1973588220132305,0.1973588220132305,1,0.09867941100661524,-1.0,-1.0,-8.172163345160797,-4.086081672580399,1.537704287543449,-4.086081672580399,-0.6503200960683698,True,FAIL_RELATIVE_EQUILIBRIUM_GATE,0.32026952860030095,0.3022003772026273,0.23374739337941808,-0.37015229975395014,0.20967571267294446,0.13393053671951724,0.4155108456305348,1.4142625299849891,1.2106771584514024,,,,,
B6A_PHYSICAL_TUBES,128,0.04,winckelmans,fixed_sampled_reach,trefoil,3:1:1,discrete_axial_tubes,physical_tubes,1.0,0.2373588220132305,0.1973588220132305,0.1973588220132305,7,0.037297311577976264,-0.25,-1.75,-14.301285854031395,-7.1506429270156975,0.8786881643105423,-7.1506429270156975,-1.1380601681196472,True,FAIL_RELATIVE_EQUILIBRIUM_GATE,0.4152440040402593,0.3351509661394879,0.23374739337941808,-0.7764647469939332,0.27185409383409753,0.23406934750465636,0.7269243978395717,1.4142625299849891,1.2106771584514024,,,,,
B6A_PHYSICAL_TUBES,128,0.04,winckelmans,fixed_sampled_reach,mirror_trefoil,3:1:1,discrete_axial_tubes,physical_tubes,1.0,0.2373588220132305,0.1973588220132305,0.1973588220132305,7,0.037297311577976264,-0.25,-1.75,-14.301285854031395,-7.1506429270156975,0.8786881643105423,-7.1506429270156975,-1.1380601681196472,True,FAIL_RELATIVE_EQUILIBRIUM_GATE,0.43875160962586734,0.3683472334019121,0.23374739337941808,-0.877033165087266,0.2872441747323283,0.23406934750465636,0.7269243978395717,1.4142625299849891,1.2106771584514024,,,,,
B6A_PHYSICAL_TUBES,128,0.04,winckelmans,fixed_sampled_reach,trefoil,3:1:1,discrete_axial_tubes,physical_tubes,1.0,0.2373588220132305,0.1973588220132305,0.1973588220132305,7,0.037297311577976264,-1.0,-7.0,-57.20514341612558,-28.60257170806279,0.21967204107763558,-28.60257170806279,-4.552240672478589,True,FAIL_RELATIVE_EQUILIBRIUM_GATE,1.4351745607885193,0.4820626517340267,0.23374739337941808,-5.139852684726834,0.9395875098032354,0.9362773900186254,2.907697591358287,1.4142625299849891,1.2106771584514024,,,,,
B6A_PHYSICAL_TUBES,128,0.04,winckelmans,fixed_sampled_reach,mirror_trefoil,3:1:1,discrete_axial_tubes,physical_tubes,1.0,0.2373588220132305,0.1973588220132305,0.1973588220132305,7,0.037297311577976264,-1.0,-7.0,-57.20514341612558,-28.60257170806279,0.21967204107763558,-28.60257170806279,-4.552240672478589,True,FAIL_RELATIVE_EQUILIBRIUM_GATE,1.4628833132434487,0.5047902842664251,0.23374739337941808,-5.258394124074362,0.9577280192786661,0.9362773900186254,2.907697591358287,1.4142625299849891,1.2106771584514024,,,,,
B6A_PHYSICAL_TUBES,128,0.04,winckelmans,fixed_sampled_reach,trefoil,3:1:1,discrete_axial_tubes,physical_tubes,1.0,0.2373588220132305,0.1973588220132305,0.1973588220132305,19,0.022638609493997427,-0.25,-4.75,-38.81777588951378,-19.40888794475689,0.3237272184301998,-19.40888794475689,-3.0890204563247567,True,FAIL_RELATIVE_EQUILIBRIUM_GATE,0.982204844931078,0.454535396363425,0.23374739337941808,-3.20199271842474,0.6430349516914646,0.6340669969392392,1.9725851180470308,1.4142625299849891,1.2106771584514024,,,,,
B6A_PHYSICAL_TUBES,128,0.04,winckelmans,fixed_sampled_reach,mirror_trefoil,3:1:1,discrete_axial_tubes,physical_tubes,1.0,0.2373588220132305,0.1973588220132305,0.1973588220132305,19,0.022638609493997427,-0.25,-4.75,-38.81777588951378,-19.40888794475689,0.3237272184301998,-19.40888794475689,-3.0890204563247567,True,FAIL_RELATIVE_EQUILIBRIUM_GATE,1.010227643097113,0.4840907145124016,0.23374739337941808,-3.3218776838179096,0.6613810622385171,0.6340669969392392,1.9725851180470308,1.4142625299849891,1.2106771584514024,,,,,
B6A_PHYSICAL_TUBES,128,0.04,winckelmans,fixed_sampled_reach,trefoil,3:1:1,discrete_axial_tubes,physical_tubes,1.0,0.2373588220132305,0.1973588220132305,0.1973588220132305,19,0.022638609493997427,-1.0,-19.0,-155.27110355805513,-77.63555177902757,0.08093180460754995,-77.63555177902757,-12.356081825299027,True,FAIL_RELATIVE_EQUILIBRIUM_GATE,3.86665944461767,0.5084865689918595,0.23374739337941808,-15.542043052182063,2.5314446187154998,2.5362679877569567,7.890340472188123,1.4142625299849891,1.2106771584514024,,,,,
B6A_PHYSICAL_TUBES,128,0.04,winckelmans,fixed_sampled_reach,mirror_trefoil,3:1:1,discrete_axial_tubes,physical_tubes,1.0,0.2373588220132305,0.1973588220132305,0.1973588220132305,19,0.022638609493997427,-1.0,-19.0,-155.27110355805513,-77.63555177902757,0.08093180460754995,-77.63555177902757,-12.356081825299027,True,FAIL_RELATIVE_EQUILIBRIUM_GATE,3.8954318623917548,0.5179354865046328,0.23374739337941808,-15.665134982141602,2.5502814941075194,2.5362679877569567,7.890340472188123,1.4142625299849891,1.2106771584514024,,,,,
B6A_PHYSICAL_TUBES,128,0.04,winckelmans,fixed_sampled_reach,trefoil,3:1:1,discrete_axial_tubes,physical_tubes,1.0,0.2373588220132305,0.1973588220132305,0.1973588220132305,37,0.016222795237376676,-0.25,-9.25,-75.59251094273736,-37.79625547136868,0.16623830135604856,-37.79625547136868,-6.01546088863242,True,FAIL_RELATIVE_EQUILIBRIUM_GATE,1.8884798185226745,0.4935532940514785,0.23374739337941808,-7.079148140305888,1.2363597422075905,1.2364535365210896,3.8422380276094406,1.4142625299849891,1.2106771584514024,,,,,
B6A_PHYSICAL_TUBES,128,0.04,winckelmans,fixed_sampled_reach,mirror_trefoil,3:1:1,discrete_axial_tubes,physical_tubes,1.0,0.2373588220132305,0.1973588220132305,0.1973588220132305,37,0.016222795237376676,-0.25,-9.25,-75.59251094273736,-37.79625547136868,0.16623830135604856,-37.79625547136868,-6.01546088863242,True,FAIL_RELATIVE_EQUILIBRIUM_GATE,1.9174759387795723,0.5119311944590677,0.23374739337941808,-7.203197096906793,1.2553430722989245,1.2364535365210896,3.8422380276094406,1.4142625299849891,1.2106771584514024,,,,,
B6A_PHYSICAL_TUBES,128,0.04,winckelmans,fixed_sampled_reach,trefoil,3:1:1,discrete_axial_tubes,physical_tubes,1.0,0.2373588220132305,0.1973588220132305,0.1973588220132305,37,0.016222795237376676,-1.0,-37.0,-302.37004377094945,-151.18502188547473,0.04155957533901214,-151.18502188547473,-24.06184355452968,True,FAIL_RELATIVE_EQUILIBRIUM_GATE,7.543492324234901,0.5137680050969151,0.23374739337941808,-31.271984791677767,4.938612599329728,4.945814146084358,15.368952110437762,1.4142625299849891,1.2106771584514024,,,,,
B6A_PHYSICAL_TUBES,128,0.04,winckelmans,fixed_sampled_reach,mirror_trefoil,3:1:1,discrete_axial_tubes,physical_tubes,1.0,0.2373588220132305,0.1973588220132305,0.1973588220132305,37,0.016222795237376676,-1.0,-37.0,-302.37004377094945,-151.18502188547473,0.04155957533901214,-151.18502188547473,-24.06184355452968,True,FAIL_RELATIVE_EQUILIBRIUM_GATE,7.572694913246903,0.5187065111014818,0.23374739337941808,-31.396917046920507,4.9577311014543195,4.945814146084358,15.368952110437762,1.4142625299849891,1.2106771584514024,,,,,
B6A_PHYSICAL_TUBES,128,0.04,winckelmans,fixed_sampled_reach,trefoil,3:1:1,discrete_axial_tubes,physical_tubes,1.0,0.2373588220132305,0.1973588220132305,0.1973588220132305,1,0.09867941100661524,0.25,0.25,2.0430408362901993,1.0215204181450996,6.150817150173796,1.0215204181450996,0.16258002401709246,True,FAIL_RELATIVE_EQUILIBRIUM_GATE,0.24243488488172332,0.24225082370743337,0.23374739337941808,-0.03716615349889163,0.1587185252575128,0.03348263417987931,0.1038777114076337,1.4142625299849891,1.2106771584514024,,,,,
B6A_PHYSICAL_TUBES,128,0.04,winckelmans,fixed_sampled_reach,mirror_trefoil,3:1:1,discrete_axial_tubes,physical_tubes,1.0,0.2373588220132305,0.1973588220132305,0.1973588220132305,1,0.09867941100661524,0.25,0.25,2.0430408362901993,1.0215204181450996,6.150817150173796,1.0215204181450996,0.16258002401709246,True,FAIL_RELATIVE_EQUILIBRIUM_GATE,0.2360767867837359,0.2339811733524939,0.23374739337941808,-0.009965430504445205,0.1545559726857264,0.03348263417987931,0.1038777114076337,1.4142625299849891,1.2106771584514024,,,,,
B6A_PHYSICAL_TUBES,128,0.04,winckelmans,fixed_sampled_reach,trefoil,3:1:1,discrete_axial_tubes,physical_tubes,1.0,0.2373588220132305,0.1973588220132305,0.1973588220132305,1,0.09867941100661524,1.0,1.0,8.172163345160797,4.086081672580399,1.537704287543449,4.086081672580399,0.6503200960683698,True,FAIL_RELATIVE_EQUILIBRIUM_GATE,0.32026952860030095,0.3022003772026273,0.23374739337941808,-0.37015229975395014,0.20967571267294446,0.13393053671951724,0.4155108456305348,1.4142625299849891,1.2106771584514024,,,,,
B6A_PHYSICAL_TUBES,128,0.04,winckelmans,fixed_sampled_reach,mirror_trefoil,3:1:1,discrete_axial_tubes,physical_tubes,1.0,0.2373588220132305,0.1973588220132305,0.1973588220132305,1,0.09867941100661524,1.0,1.0,8.172163345160797,4.086081672580399,1.537704287543449,4.086081672580399,0.6503200960683698,True,FAIL_RELATIVE_EQUILIBRIUM_GATE,0.3006707075056285,0.2757344878021077,0.23374739337941808,-0.2863061408243417,0.19684465503678844,0.13393053671951724,0.4155108456305348,1.4142625299849891,1.2106771584514024,,,,,
B6A_PHYSICAL_TUBES,128,0.04,winckelmans,fixed_sampled_reach,trefoil,3:1:1,discrete_axial_tubes,physical_tubes,1.0,0.2373588220132305,0.1973588220132305,0.1973588220132305,7,0.037297311577976264,0.25,1.75,14.301285854031395,7.1506429270156975,0.8786881643105423,7.1506429270156975,1.1380601681196472,True,FAIL_RELATIVE_EQUILIBRIUM_GATE,0.43875160962586734,0.3683472334019121,0.23374739337941808,-0.877033165087266,0.2872441747323283,0.23406934750465636,0.7269243978395717,1.4142625299849891,1.2106771584514024,,,,,
B6A_PHYSICAL_TUBES,128,0.04,winckelmans,fixed_sampled_reach,mirror_trefoil,3:1:1,discrete_axial_tubes,physical_tubes,1.0,0.2373588220132305,0.1973588220132305,0.1973588220132305,7,0.037297311577976264,0.25,1.75,14.301285854031395,7.1506429270156975,0.8786881643105423,7.1506429270156975,1.1380601681196472,True,FAIL_RELATIVE_EQUILIBRIUM_GATE,0.4152440040402593,0.3351509661394879,0.23374739337941808,-0.7764647469939332,0.27185409383409753,0.23406934750465636,0.7269243978395717,1.4142625299849891,1.2106771584514024,,,,,
B6A_PHYSICAL_TUBES,128,0.04,winckelmans,fixed_sampled_reach,trefoil,3:1:1,discrete_axial_tubes,physical_tubes,1.0,0.2373588220132305,0.1973588220132305,0.1973588220132305,7,0.037297311577976264,1.0,7.0,57.20514341612558,28.60257170806279,0.21967204107763558,28.60257170806279,4.552240672478589,True,FAIL_RELATIVE_EQUILIBRIUM_GATE,1.4628833132434487,0.5047902842664251,0.23374739337941808,-5.258394124074362,0.9577280192786661,0.9362773900186254,2.907697591358287,1.4142625299849891,1.2106771584514024,,,,,
B6A_PHYSICAL_TUBES,128,0.04,winckelmans,fixed_sampled_reach,mirror_trefoil,3:1:1,discrete_axial_tubes,physical_tubes,1.0,0.2373588220132305,0.1973588220132305,0.1973588220132305,7,0.037297311577976264,1.0,7.0,57.20514341612558,28.60257170806279,0.21967204107763558,28.60257170806279,4.552240672478589,True,FAIL_RELATIVE_EQUILIBRIUM_GATE,1.4351745607885193,0.4820626517340267,0.23374739337941808,-5.139852684726834,0.9395875098032354,0.9362773900186254,2.907697591358287,1.4142625299849891,1.2106771584514024,,,,,
B6A_PHYSICAL_TUBES,128,0.04,winckelmans,fixed_sampled_reach,trefoil,3:1:1,discrete_axial_tubes,physical_tubes,1.0,0.2373588220132305,0.1973588220132305,0.1973588220132305,19,0.022638609493997427,0.25,4.75,38.81777588951378,19.40888794475689,0.3237272184301998,19.40888794475689,3.0890204563247567,True,FAIL_RELATIVE_EQUILIBRIUM_GATE,1.010227643097113,0.4840907145124016,0.23374739337941808,-3.3218776838179096,0.6613810622385171,0.6340669969392392,1.9725851180470308,1.4142625299849891,1.2106771584514024,,,,,
B6A_PHYSICAL_TUBES,128,0.04,winckelmans,fixed_sampled_reach,mirror_trefoil,3:1:1,discrete_axial_tubes,physical_tubes,1.0,0.2373588220132305,0.1973588220132305,0.1973588220132305,19,0.022638609493997427,0.25,4.75,38.81777588951378,19.40888794475689,0.3237272184301998,19.40888794475689,3.0890204563247567,True,FAIL_RELATIVE_EQUILIBRIUM_GATE,0.982204844931078,0.454535396363425,0.23374739337941808,-3.20199271842474,0.6430349516914646,0.6340669969392392,1.9725851180470308,1.4142625299849891,1.2106771584514024,,,,,
B6A_PHYSICAL_TUBES,128,0.04,winckelmans,fixed_sampled_reach,trefoil,3:1:1,discrete_axial_tubes,physical_tubes,1.0,0.2373588220132305,0.1973588220132305,0.1973588220132305,19,0.022638609493997427,1.0,19.0,155.27110355805513,77.63555177902757,0.08093180460754995,77.63555177902757,12.356081825299027,True,FAIL_RELATIVE_EQUILIBRIUM_GATE,3.8954318623917548,0.5179354865046328,0.23374739337941808,-15.665134982141602,2.5502814941075194,2.5362679877569567,7.890340472188123,1.4142625299849891,1.2106771584514024,,,,,
B6A_PHYSICAL_TUBES,128,0.04,winckelmans,fixed_sampled_reach,mirror_trefoil,3:1:1,discrete_axial_tubes,physical_tubes,1.0,0.2373588220132305,0.1973588220132305,0.1973588220132305,19,0.022638609493997427,1.0,19.0,155.27110355805513,77.63555177902757,0.08093180460754995,77.63555177902757,12.356081825299027,True,FAIL_RELATIVE_EQUILIBRIUM_GATE,3.86665944461767,0.5084865689918595,0.23374739337941808,-15.542043052182063,2.5314446187154998,2.5362679877569567,7.890340472188123,1.4142625299849891,1.2106771584514024,,,,,
B6A_PHYSICAL_TUBES,128,0.04,winckelmans,fixed_sampled_reach,trefoil,3:1:1,discrete_axial_tubes,physical_tubes,1.0,0.2373588220132305,0.1973588220132305,0.1973588220132305,37,0.016222795237376676,0.25,9.25,75.59251094273736,37.79625547136868,0.16623830135604856,37.79625547136868,6.01546088863242,True,FAIL_RELATIVE_EQUILIBRIUM_GATE,1.9174759387795723,0.5119311944590677,0.23374739337941808,-7.203197096906793,1.2553430722989245,1.2364535365210896,3.8422380276094406,1.4142625299849891,1.2106771584514024,,,,,
B6A_PHYSICAL_TUBES,128,0.04,winckelmans,fixed_sampled_reach,mirror_trefoil,3:1:1,discrete_axial_tubes,physical_tubes,1.0,0.2373588220132305,0.1973588220132305,0.1973588220132305,37,0.016222795237376676,0.25,9.25,75.59251094273736,37.79625547136868,0.16623830135604856,37.79625547136868,6.01546088863242,True,FAIL_RELATIVE_EQUILIBRIUM_GATE,1.8884798185226745,0.4935532940514785,0.23374739337941808,-7.079148140305888,1.2363597422075905,1.2364535365210896,3.8422380276094406,1.4142625299849891,1.2106771584514024,,,,,
B6A_PHYSICAL_TUBES,128,0.04,winckelmans,fixed_sampled_reach,trefoil,3:1:1,discrete_axial_tubes,physical_tubes,1.0,0.2373588220132305,0.1973588220132305,0.1973588220132305,37,0.016222795237376676,1.0,37.0,302.37004377094945,151.18502188547473,0.04155957533901214,151.18502188547473,24.06184355452968,True,FAIL_RELATIVE_EQUILIBRIUM_GATE,7.572694913246903,0.5187065111014818,0.23374739337941808,-31.396917046920507,4.9577311014543195,4.945814146084358,15.368952110437762,1.4142625299849891,1.2106771584514024,,,,,
B6A_PHYSICAL_TUBES,128,0.04,winckelmans,fixed_sampled_reach,mirror_trefoil,3:1:1,discrete_axial_tubes,physical_tubes,1.0,0.2373588220132305,0.1973588220132305,0.1973588220132305,37,0.016222795237376676,1.0,37.0,302.37004377094945,151.18502188547473,0.04155957533901214,151.18502188547473,24.06184355452968,True,FAIL_RELATIVE_EQUILIBRIUM_GATE,7.543492324234901,0.5137680050969151,0.23374739337941808,-31.271984791677767,4.938612599329728,4.945814146084358,15.368952110437762,1.4142625299849891,1.2106771584514024,,,,,
B6A_PHYSICAL_TUBES,128,0.05,rosenhead,fixed_sampled_reach,trefoil,3:1:1,discrete_axial_tubes,physical_tubes,0.75,0.2373588220132305,0.1873588220132305,0.14051911650992288,1,0.07025955825496144,-0.25,-0.25,-4.030132407268548,-2.015066203634274,3.118103661233335,-2.015066203634274,-0.32070774696581444,True,FAIL_RELATIVE_EQUILIBRIUM_GATE,0.23426833582866965,0.23076327127140234,0.2264036306923393,-0.03473753981895156,0.140572627621561,0.03348263417987931,0.1038777114076337,1.2961348349706427,1.2106771584514024,,,,,
B6A_PHYSICAL_TUBES,128,0.05,rosenhead,fixed_sampled_reach,mirror_trefoil,3:1:1,discrete_axial_tubes,physical_tubes,0.75,0.2373588220132305,0.1873588220132305,0.14051911650992288,1,0.07025955825496144,-0.25,-0.25,-4.030132407268548,-2.015066203634274,3.118103661233335,-2.015066203634274,-0.32070774696581444,True,FAIL_RELATIVE_EQUILIBRIUM_GATE,0.23208357241136934,0.23294478885099262,0.2264036306923393,-0.02508767947607926,0.13926166114709054,0.03348263417987931,0.1038777114076337,1.2961348349706427,1.2106771584514024,,,,,
B6A_PHYSICAL_TUBES,128,0.05,rosenhead,fixed_sampled_reach,trefoil,3:1:1,discrete_axial_tubes,physical_tubes,0.75,0.2373588220132305,0.1873588220132305,0.14051911650992288,1,0.07025955825496144,-1.0,-1.0,-16.12052962907419,-8.060264814537096,0.7795259153083337,-8.060264814537096,-1.2828309878632578,True,FAIL_RELATIVE_EQUILIBRIUM_GATE,0.3211139663088264,0.28586646809494487,0.2264036306923393,-0.4183251625729858,0.19268431583099563,0.13393053671951724,0.4155108456305348,1.2961348349706427,1.2106771584514024,,,,,
B6A_PHYSICAL_TUBES,128,0.05,rosenhead,fixed_sampled_reach,mirror_trefoil,3:1:1,discrete_axial_tubes,physical_tubes,0.75,0.2373588220132305,0.1873588220132305,0.14051911650992288,1,0.07025955825496144,-1.0,-1.0,-16.12052962907419,-8.060264814537096,0.7795259153083337,-8.060264814537096,-1.2828309878632578,True,FAIL_RELATIVE_EQUILIBRIUM_GATE,0.3147041547290755,0.2987245122485116,0.2264036306923393,-0.3900137279897604,0.18883811078097273,0.13393053671951724,0.4155108456305348,1.2961348349706427,1.2106771584514024,,,,,
B6A_PHYSICAL_TUBES,128,0.05,rosenhead,fixed_sampled_reach,trefoil,3:1:1,discrete_axial_tubes,physical_tubes,0.75,0.2373588220132305,0.1873588220132305,0.14051911650992288,7,0.0265556169096976,-0.25,-1.75,-28.210926850879837,-14.105463425439918,0.4454433801761907,-14.105463425439918,-2.2449542287607014,True,FAIL_RELATIVE_EQUILIBRIUM_GATE,0.45528538728807755,0.3489999010762851,0.2264036306923393,-1.01094561026173,0.2731938269950041,0.2342517086346935,0.7270798731001114,1.2961348349706427,1.2106771584514024,,,,,
B6A_PHYSICAL_TUBES,128,0.05,rosenhead,fixed_sampled_reach,mirror_trefoil,3:1:1,discrete_axial_tubes,physical_tubes,0.75,0.2373588220132305,0.1873588220132305,0.14051911650992288,7,0.0265556169096976,-0.25,-1.75,-28.210926850879837,-14.105463425439918,0.4454433801761907,-14.105463425439918,-2.2449542287607014,True,FAIL_RELATIVE_EQUILIBRIUM_GATE,0.4472547308962801,0.373252514480328,0.2264036306923393,-0.9754750819524451,0.26837503461946743,0.2342517086346935,0.7270798731001114,1.2961348349706427,1.2106771584514024,,,,,
B6A_PHYSICAL_TUBES,128,0.05,rosenhead,fixed_sampled_reach,trefoil,3:1:1,discrete_axial_tubes,physical_tubes,0.75,0.2373588220132305,0.1873588220132305,0.14051911650992288,7,0.0265556169096976,-1.0,-7.0,-112.84370740351935,-56.42185370175967,0.11136084504404767,-56.42185370175967,-8.979816915042806,True,FAIL_RELATIVE_EQUILIBRIUM_GATE,1.5824631258816342,0.48528727451155523,0.2264036306923393,-5.989566028788863,0.9495564090321544,0.937006834538774,2.9083194924004454,1.2961348349706427,1.2106771584514024,,,,,
B6A_PHYSICAL_TUBES,128,0.05,rosenhead,fixed_sampled_reach,mirror_trefoil,3:1:1,discrete_axial_tubes,physical_tubes,0.75,0.2373588220132305,0.1873588220132305,0.14051911650992288,7,0.0265556169096976,-1.0,-7.0,-112.84370740351935,-56.42185370175967,0.11136084504404767,-56.42185370175967,-8.979816915042806,True,FAIL_RELATIVE_EQUILIBRIUM_GATE,1.5732760681136893,0.5085854475801082,0.2264036306923393,-5.948987802459846,0.9440437184417556,0.937006834538774,2.9083194924004454,1.2961348349706427,1.2106771584514024,,,,,
B6A_PHYSICAL_TUBES,128,0.05,rosenhead,fixed_sampled_reach,trefoil,3:1:1,discrete_axial_tubes,physical_tubes,0.75,0.2373588220132305,0.1873588220132305,0.14051911650992288,19,0.016118648118483465,-0.25,-4.75,-76.57251573810241,-38.286257869051205,0.16411071901228078,-38.286257869051205,-6.0934471923504745,True,FAIL_RELATIVE_EQUILIBRIUM_GATE,1.0883281402010232,0.4618535392327658,0.2264036306923393,-3.80702600427798,0.6530508949977425,0.6360116831280265,1.9735970082253982,1.2961348349706427,1.2106771584514024,,,,,
B6A_PHYSICAL_TUBES,128,0.05,rosenhead,fixed_sampled_reach,mirror_trefoil,3:1:1,discrete_axial_tubes,physical_tubes,0.75,0.2373588220132305,0.1873588220132305,0.14051911650992288,19,0.016118648118483465,-0.25,-4.75,-76.57251573810241,-38.286257869051205,0.16411071901228078,-38.286257869051205,-6.0934471923504745,True,FAIL_RELATIVE_EQUILIBRIUM_GATE,1.079337722418973,0.49106934362077254,0.2264036306923393,-3.7673163151950027,0.6476561981576086,0.6360116831280265,1.9735970082253982,1.2961348349706427,1.2106771584514024,,,,,
B6A_PHYSICAL_TUBES,128,0.05,rosenhead,fixed_sampled_reach,trefoil,3:1:1,discrete_axial_tubes,physical_tubes,0.75,0.2373588220132305,0.1873588220132305,0.14051911650992288,19,0.016118648118483465,-1.0,-19.0,-306.29006295240964,-153.14503147620482,0.041027679753070194,-153.14503147620482,-24.373788769401898,True,FAIL_RELATIVE_EQUILIBRIUM_GATE,4.250355498295824,0.509789779238078,0.2264036306923393,-17.77335396653443,2.5504242329964653,2.544046732512106,7.894388032901593,1.2961348349706427,1.2106771584514024,,,,,
B6A_PHYSICAL_TUBES,128,0.05,rosenhead,fixed_sampled_reach,mirror_trefoil,3:1:1,discrete_axial_tubes,physical_tubes,0.75,0.2373588220132305,0.1873588220132305,0.14051911650992288,19,0.016118648118483465,-1.0,-19.0,-306.29006295240964,-153.14503147620482,0.041027679753070194,-153.14503147620482,-24.373788769401898,True,FAIL_RELATIVE_EQUILIBRIUM_GATE,4.241175423750611,0.519594882773142,0.2264036306923393,-17.73280658433415,2.5449157326862646,2.544046732512106,7.894388032901593,1.2961348349706427,1.2106771584514024,,,,,
B6A_PHYSICAL_TUBES,128,0.05,rosenhead,fixed_sampled_reach,trefoil,3:1:1,discrete_axial_tubes,physical_tubes,0.75,0.2373588220132305,0.1873588220132305,0.14051911650992288,37,0.011550600225637416,-0.25,-9.25,-149.11489906893627,-74.55744953446813,0.08427307192522526,-74.55744953446813,-11.866186637735135,True,FAIL_RELATIVE_EQUILIBRIUM_GATE,2.081173977640438,0.4960747728843054,0.2264036306923393,-8.192317151788759,1.248807669801739,1.2386472231981935,3.8433700660174193,1.2961348349706427,1.2106771584514024,,,,,
B6A_PHYSICAL_TUBES,128,0.05,rosenhead,fixed_sampled_reach,mirror_trefoil,3:1:1,discrete_axial_tubes,physical_tubes,0.75,0.2373588220132305,0.1873588220132305,0.14051911650992288,37,0.011550600225637416,-0.25,-9.25,-149.11489906893627,-74.55744953446813,0.08427307192522526,-74.55744953446813,-11.866186637735135,True,FAIL_RELATIVE_EQUILIBRIUM_GATE,2.072056074584994,0.5148908827484857,0.2264036306923393,-8.152044374238496,1.2433364754708078,1.2386472231981935,3.8433700660174193,1.2961348349706427,1.2106771584514024,,,,,
B6A_PHYSICAL_TUBES,128,0.05,rosenhead,fixed_sampled_reach,trefoil,3:1:1,discrete_axial_tubes,physical_tubes,0.75,0.2373588220132305,0.1873588220132305,0.14051911650992288,37,0.011550600225637416,-1.0,-37.0,-596.4595962757451,-298.22979813787254,0.021068267981306316,-298.22979813787254,-47.46474655094054,True,FAIL_RELATIVE_EQUILIBRIUM_GATE,8.264651864994956,0.514363212400296,0.2264036306923393,-35.50406064479514,4.959201272038049,4.954588892792774,15.373480264069677,1.2961348349706427,1.2106771584514024,,,,,
B6A_PHYSICAL_TUBES,128,0.05,rosenhead,fixed_sampled_reach,mirror_trefoil,3:1:1,discrete_axial_tubes,physical_tubes,0.75,0.2373588220132305,0.1873588220132305,0.14051911650992288,37,0.011550600225637416,-1.0,-37.0,-596.4595962757451,-298.22979813787254,0.021068267981306316,-298.22979813787254,-47.46474655094054,True,FAIL_RELATIVE_EQUILIBRIUM_GATE,8.255482751095297,0.5194806926084597,0.2264036306923393,-35.46356167456388,4.9536993486591285,4.954588892792774,15.373480264069677,1.2961348349706427,1.2106771584514024,,,,,
B6A_PHYSICAL_TUBES,128,0.05,rosenhead,fixed_sampled_reach,trefoil,3:1:1,discrete_axial_tubes,physical_tubes,0.75,0.2373588220132305,0.1873588220132305,0.14051911650992288,1,0.07025955825496144,0.25,0.25,4.030132407268548,2.015066203634274,3.118103661233335,2.015066203634274,0.32070774696581444,True,FAIL_RELATIVE_EQUILIBRIUM_GATE,0.23208357241136934,0.23294478885099262,0.2264036306923393,-0.02508767947607926,0.13926166114709054,0.03348263417987931,0.1038777114076337,1.2961348349706427,1.2106771584514024,,,,,
B6A_PHYSICAL_TUBES,128,0.05,rosenhead,fixed_sampled_reach,mirror_trefoil,3:1:1,discrete_axial_tubes,physical_tubes,0.75,0.2373588220132305,0.1873588220132305,0.14051911650992288,1,0.07025955825496144,0.25,0.25,4.030132407268548,2.015066203634274,3.118103661233335,2.015066203634274,0.32070774696581444,True,FAIL_RELATIVE_EQUILIBRIUM_GATE,0.23426833582866965,0.23076327127140234,0.2264036306923393,-0.03473753981895156,0.140572627621561,0.03348263417987931,0.1038777114076337,1.2961348349706427,1.2106771584514024,,,,,
B6A_PHYSICAL_TUBES,128,0.05,rosenhead,fixed_sampled_reach,trefoil,3:1:1,discrete_axial_tubes,physical_tubes,0.75,0.2373588220132305,0.1873588220132305,0.14051911650992288,1,0.07025955825496144,1.0,1.0,16.12052962907419,8.060264814537096,0.7795259153083337,8.060264814537096,1.2828309878632578,True,FAIL_RELATIVE_EQUILIBRIUM_GATE,0.3147041547290755,0.2987245122485116,0.2264036306923393,-0.3900137279897604,0.18883811078097273,0.13393053671951724,0.4155108456305348,1.2961348349706427,1.2106771584514024,,,,,
B6A_PHYSICAL_TUBES,128,0.05,rosenhead,fixed_sampled_reach,mirror_trefoil,3:1:1,discrete_axial_tubes,physical_tubes,0.75,0.2373588220132305,0.1873588220132305,0.14051911650992288,1,0.07025955825496144,1.0,1.0,16.12052962907419,8.060264814537096,0.7795259153083337,8.060264814537096,1.2828309878632578,True,FAIL_RELATIVE_EQUILIBRIUM_GATE,0.3211139663088264,0.28586646809494487,0.2264036306923393,-0.4183251625729858,0.19268431583099563,0.13393053671951724,0.4155108456305348,1.2961348349706427,1.2106771584514024,,,,,
B6A_PHYSICAL_TUBES,128,0.05,rosenhead,fixed_sampled_reach,trefoil,3:1:1,discrete_axial_tubes,physical_tubes,0.75,0.2373588220132305,0.1873588220132305,0.14051911650992288,7,0.0265556169096976,0.25,1.75,28.210926850879837,14.105463425439918,0.4454433801761907,14.105463425439918,2.2449542287607014,True,FAIL_RELATIVE_EQUILIBRIUM_GATE,0.4472547308962801,0.373252514480328,0.2264036306923393,-0.9754750819524451,0.26837503461946743,0.2342517086346935,0.7270798731001114,1.2961348349706427,1.2106771584514024,,,,,
B6A_PHYSICAL_TUBES,128,0.05,rosenhead,fixed_sampled_reach,mirror_trefoil,3:1:1,discrete_axial_tubes,physical_tubes,0.75,0.2373588220132305,0.1873588220132305,0.14051911650992288,7,0.0265556169096976,0.25,1.75,28.210926850879837,14.105463425439918,0.4454433801761907,14.105463425439918,2.2449542287607014,True,FAIL_RELATIVE_EQUILIBRIUM_GATE,0.45528538728807755,0.3489999010762851,0.2264036306923393,-1.01094561026173,0.2731938269950041,0.2342517086346935,0.7270798731001114,1.2961348349706427,1.2106771584514024,,,,,
B6A_PHYSICAL_TUBES,128,0.05,rosenhead,fixed_sampled_reach,trefoil,3:1:1,discrete_axial_tubes,physical_tubes,0.75,0.2373588220132305,0.1873588220132305,0.14051911650992288,7,0.0265556169096976,1.0,7.0,112.84370740351935,56.42185370175967,0.11136084504404767,56.42185370175967,8.979816915042806,True,FAIL_RELATIVE_EQUILIBRIUM_GATE,1.5732760681136893,0.5085854475801082,0.2264036306923393,-5.948987802459846,0.9440437184417556,0.937006834538774,2.9083194924004454,1.2961348349706427,1.2106771584514024,,,,,
B6A_PHYSICAL_TUBES,128,0.05,rosenhead,fixed_sampled_reach,mirror_trefoil,3:1:1,discrete_axial_tubes,physical_tubes,0.75,0.2373588220132305,0.1873588220132305,0.14051911650992288,7,0.0265556169096976,1.0,7.0,112.84370740351935,56.42185370175967,0.11136084504404767,56.42185370175967,8.979816915042806,True,FAIL_RELATIVE_EQUILIBRIUM_GATE,1.5824631258816342,0.48528727451155523,0.2264036306923393,-5.989566028788863,0.9495564090321544,0.937006834538774,2.9083194924004454,1.2961348349706427,1.2106771584514024,,,,,
B6A_PHYSICAL_TUBES,128,0.05,rosenhead,fixed_sampled_reach,trefoil,3:1:1,discrete_axial_tubes,physical_tubes,0.75,0.2373588220132305,0.1873588220132305,0.14051911650992288,19,0.016118648118483465,0.25,4.75,76.57251573810241,38.286257869051205,0.16411071901228078,38.286257869051205,6.0934471923504745,True,FAIL_RELATIVE_EQUILIBRIUM_GATE,1.079337722418973,0.49106934362077254,0.2264036306923393,-3.7673163151950027,0.6476561981576086,0.6360116831280265,1.9735970082253982,1.2961348349706427,1.2106771584514024,,,,,
B6A_PHYSICAL_TUBES,128,0.05,rosenhead,fixed_sampled_reach,mirror_trefoil,3:1:1,discrete_axial_tubes,physical_tubes,0.75,0.2373588220132305,0.1873588220132305,0.14051911650992288,19,0.016118648118483465,0.25,4.75,76.57251573810241,38.286257869051205,0.16411071901228078,38.286257869051205,6.0934471923504745,True,FAIL_RELATIVE_EQUILIBRIUM_GATE,1.0883281402010232,0.4618535392327658,0.2264036306923393,-3.80702600427798,0.6530508949977425,0.6360116831280265,1.9735970082253982,1.2961348349706427,1.2106771584514024,,,,,
B6A_PHYSICAL_TUBES,128,0.05,rosenhead,fixed_sampled_reach,trefoil,3:1:1,discrete_axial_tubes,physical_tubes,0.75,0.2373588220132305,0.1873588220132305,0.14051911650992288,19,0.016118648118483465,1.0,19.0,306.29006295240964,153.14503147620482,0.041027679753070194,153.14503147620482,24.373788769401898,True,FAIL_RELATIVE_EQUILIBRIUM_GATE,4.241175423750611,0.519594882773142,0.2264036306923393,-17.73280658433415,2.5449157326862646,2.544046732512106,7.894388032901593,1.2961348349706427,1.2106771584514024,,,,,
B6A_PHYSICAL_TUBES,128,0.05,rosenhead,fixed_sampled_reach,mirror_trefoil,3:1:1,discrete_axial_tubes,physical_tubes,0.75,0.2373588220132305,0.1873588220132305,0.14051911650992288,19,0.016118648118483465,1.0,19.0,306.29006295240964,153.14503147620482,0.041027679753070194,153.14503147620482,24.373788769401898,True,FAIL_RELATIVE_EQUILIBRIUM_GATE,4.250355498295824,0.509789779238078,0.2264036306923393,-17.77335396653443,2.5504242329964653,2.544046732512106,7.894388032901593,1.2961348349706427,1.2106771584514024,,,,,
B6A_PHYSICAL_TUBES,128,0.05,rosenhead,fixed_sampled_reach,trefoil,3:1:1,discrete_axial_tubes,physical_tubes,0.75,0.2373588220132305,0.1873588220132305,0.14051911650992288,37,0.011550600225637416,0.25,9.25,149.11489906893627,74.55744953446813,0.08427307192522526,74.55744953446813,11.866186637735135,True,FAIL_RELATIVE_EQUILIBRIUM_GATE,2.072056074584994,0.5148908827484857,0.2264036306923393,-8.152044374238496,1.2433364754708078,1.2386472231981935,3.8433700660174193,1.2961348349706427,1.2106771584514024,,,,,
B6A_PHYSICAL_TUBES,128,0.05,rosenhead,fixed_sampled_reach,mirror_trefoil,3:1:1,discrete_axial_tubes,physical_tubes,0.75,0.2373588220132305,0.1873588220132305,0.14051911650992288,37,0.011550600225637416,0.25,9.25,149.11489906893627,74.55744953446813,0.08427307192522526,74.55744953446813,11.866186637735135,True,FAIL_RELATIVE_EQUILIBRIUM_GATE,2.081173977640438,0.4960747728843054,0.2264036306923393,-8.192317151788759,1.248807669801739,1.2386472231981935,3.8433700660174193,1.2961348349706427,1.2106771584514024,,,,,
B6A_PHYSICAL_TUBES,128,0.05,rosenhead,fixed_sampled_reach,trefoil,3:1:1,discrete_axial_tubes,physical_tubes,0.75,0.2373588220132305,0.1873588220132305,0.14051911650992288,37,0.011550600225637416,1.0,37.0,596.4595962757451,298.22979813787254,0.021068267981306316,298.22979813787254,47.46474655094054,True,FAIL_RELATIVE_EQUILIBRIUM_GATE,8.255482751095297,0.5194806926084597,0.2264036306923393,-35.46356167456388,4.9536993486591285,4.954588892792774,15.373480264069677,1.2961348349706427,1.2106771584514024,,,,,
B6A_PHYSICAL_TUBES,128,0.05,rosenhead,fixed_sampled_reach,mirror_trefoil,3:1:1,discrete_axial_tubes,physical_tubes,0.75,0.2373588220132305,0.1873588220132305,0.14051911650992288,37,0.011550600225637416,1.0,37.0,596.4595962757451,298.22979813787254,0.021068267981306316,298.22979813787254,47.46474655094054,True,FAIL_RELATIVE_EQUILIBRIUM_GATE,8.264651864994956,0.514363212400296,0.2264036306923393,-35.50406064479514,4.959201272038049,4.954588892792774,15.373480264069677,1.2961348349706427,1.2106771584514024,,,,,
B6A_PHYSICAL_TUBES,128,0.05,rosenhead,fixed_sampled_reach,trefoil,3:1:1,discrete_axial_tubes,physical_tubes,1.0,0.2373588220132305,0.1873588220132305,0.1873588220132305,1,0.09367941100661525,-0.25,-0.25,-2.266949479088558,-1.133474739544279,5.543295397748151,-1.133474739544279,-0.18039810766827064,True,FAIL_RELATIVE_EQUILIBRIUM_GATE,0.23426833582866965,0.23076327127140234,0.2264036306923393,-0.03473753981895156,0.140572627621561,0.03348263417987931,0.1038777114076337,1.2961348349706427,1.2106771584514024,,,,,
B6A_PHYSICAL_TUBES,128,0.05,rosenhead,fixed_sampled_reach,mirror_trefoil,3:1:1,discrete_axial_tubes,physical_tubes,1.0,0.2373588220132305,0.1873588220132305,0.1873588220132305,1,0.09367941100661525,-0.25,-0.25,-2.266949479088558,-1.133474739544279,5.543295397748151,-1.133474739544279,-0.18039810766827064,True,FAIL_RELATIVE_EQUILIBRIUM_GATE,0.23208357241136934,0.23294478885099262,0.2264036306923393,-0.02508767947607926,0.13926166114709054,0.03348263417987931,0.1038777114076337,1.2961348349706427,1.2106771584514024,,,,,
B6A_PHYSICAL_TUBES,128,0.05,rosenhead,fixed_sampled_reach,trefoil,3:1:1,discrete_axial_tubes,physical_tubes,1.0,0.2373588220132305,0.1873588220132305,0.1873588220132305,1,0.09367941100661525,-1.0,-1.0,-9.067797916354232,-4.533898958177116,1.3858238494370378,-4.533898958177116,-0.7215924306730825,True,FAIL_RELATIVE_EQUILIBRIUM_GATE,0.3211139663088264,0.28586646809494487,0.2264036306923393,-0.4183251625729858,0.19268431583099563,0.13393053671951724,0.4155108456305348,1.2961348349706427,1.2106771584514024,,,,,
B6A_PHYSICAL_TUBES,128,0.05,rosenhead,fixed_sampled_reach,mirror_trefoil,3:1:1,discrete_axial_tubes,physical_tubes,1.0,0.2373588220132305,0.1873588220132305,0.1873588220132305,1,0.09367941100661525,-1.0,-1.0,-9.067797916354232,-4.533898958177116,1.3858238494370378,-4.533898958177116,-0.7215924306730825,True,FAIL_RELATIVE_EQUILIBRIUM_GATE,0.3147041547290755,0.2987245122485116,0.2264036306923393,-0.3900137279897604,0.18883811078097273,0.13393053671951724,0.4155108456305348,1.2961348349706427,1.2106771584514024,,,,,
B6A_PHYSICAL_TUBES,128,0.05,rosenhead,fixed_sampled_reach,trefoil,3:1:1,discrete_axial_tubes,physical_tubes,1.0,0.2373588220132305,0.1873588220132305,0.1873588220132305,7,0.03540748921293013,-0.25,-1.75,-15.868646353619907,-7.934323176809953,0.7918993425354501,-7.934323176809953,-1.2627867536778943,True,FAIL_RELATIVE_EQUILIBRIUM_GATE,0.45530250042283626,0.3490804468798634,0.2264036306923393,-1.0110211971006264,0.27320409572513943,0.2340025246422369,0.7269217229621288,1.2961348349706427,1.2106771584514024,,,,,
B6A_PHYSICAL_TUBES,128,0.05,rosenhead,fixed_sampled_reach,mirror_trefoil,3:1:1,discrete_axial_tubes,physical_tubes,1.0,0.2373588220132305,0.1873588220132305,0.1873588220132305,7,0.03540748921293013,-0.25,-1.75,-15.868646353619907,-7.934323176809953,0.7918993425354501,-7.934323176809953,-1.2627867536778943,True,FAIL_RELATIVE_EQUILIBRIUM_GATE,0.44651213666169454,0.3727744198934897,0.2264036306923393,-0.9721951246818188,0.26792944122570783,0.2340025246422369,0.7269217229621288,1.2961348349706427,1.2106771584514024,,,,,
B6A_PHYSICAL_TUBES,128,0.05,rosenhead,fixed_sampled_reach,trefoil,3:1:1,discrete_axial_tubes,physical_tubes,1.0,0.2373588220132305,0.1873588220132305,0.1873588220132305,7,0.03540748921293013,-1.0,-7.0,-63.47458541447963,-31.737292707239813,0.19797483563386253,-31.737292707239813,-5.051147014711577,True,FAIL_RELATIVE_EQUILIBRIUM_GATE,1.5812536602866483,0.4852157832770462,0.2264036306923393,-5.984223951935734,0.9488306696525508,0.9360100985689476,2.907686891848515,1.2961348349706427,1.2106771584514024,,,,,
B6A_PHYSICAL_TUBES,128,0.05,rosenhead,fixed_sampled_reach,mirror_trefoil,3:1:1,discrete_axial_tubes,physical_tubes,1.0,0.2373588220132305,0.1873588220132305,0.1873588220132305,7,0.03540748921293013,-1.0,-7.0,-63.47458541447963,-31.737292707239813,0.19797483563386253,-31.737292707239813,-5.051147014711577,True,FAIL_RELATIVE_EQUILIBRIUM_GATE,1.571195093980866,0.5083073711094191,0.2264036306923393,-5.9397963680006916,0.9427950306887619,0.9360100985689476,2.907686891848515,1.2961348349706427,1.2106771584514024,,,,,
B6A_PHYSICAL_TUBES,128,0.05,rosenhead,fixed_sampled_reach,trefoil,3:1:1,discrete_axial_tubes,physical_tubes,1.0,0.2373588220132305,0.1873588220132305,0.1873588220132305,19,0.02149153082464462,-0.25,-4.75,-43.07204010268261,-21.536020051341303,0.29175238935516584,-21.536020051341303,-3.4275640456971423,True,FAIL_RELATIVE_EQUILIBRIUM_GATE,1.086648312375366,0.46140085399706227,0.2264036306923393,-3.7996063890513154,0.6520429149368899,0.6348233750249956,1.9729823825654673,1.2961348349706427,1.2106771584514024,,,,,
B6A_PHYSICAL_TUBES,128,0.05,rosenhead,fixed_sampled_reach,mirror_trefoil,3:1:1,discrete_axial_tubes,physical_tubes,1.0,0.2373588220132305,0.1873588220132305,0.1873588220132305,19,0.02149153082464462,-0.25,-4.75,-43.07204010268261,-21.536020051341303,0.29175238935516584,-21.536020051341303,-3.4275640456971423,True,FAIL_RELATIVE_EQUILIBRIUM_GATE,1.0771421475548206,0.49042366079550936,0.2264036306923393,-3.757618701877414,0.646338744278483,0.6348233750249956,1.9729823825654673,1.2961348349706427,1.2106771584514024,,,,,
B6A_PHYSICAL_TUBES,128,0.05,rosenhead,fixed_sampled_reach,trefoil,3:1:1,discrete_axial_tubes,physical_tubes,1.0,0.2373588220132305,0.1873588220132305,0.1873588220132305,19,0.02149153082464462,-1.0,-19.0,-172.28816041073043,-86.14408020536521,0.07293809733879146,-86.14408020536521,-13.71025618278857,True,FAIL_RELATIVE_EQUILIBRIUM_GATE,4.242708772029525,0.5092549934349756,0.2264036306923393,-17.739579215471846,2.545835817749675,2.5392935000999826,7.891929530261869,1.2961348349706427,1.2106771584514024,,,,,
B6A_PHYSICAL_TUBES,128,0.05,rosenhead,fixed_sampled_reach,mirror_trefoil,3:1:1,discrete_axial_tubes,physical_tubes,1.0,0.2373588220132305,0.1873588220132305,0.1873588220132305,19,0.02149153082464462,-1.0,-19.0,-172.28816041073043,-86.14408020536521,0.07293809733879146,-86.14408020536521,-13.71025618278857,True,FAIL_RELATIVE_EQUILIBRIUM_GATE,4.233001338206663,0.5190108999975674,0.2264036306923393,-17.69670254519418,2.5400108757014244,2.5392935000999826,7.891929530261869,1.2961348349706427,1.2106771584514024,,,,,
B6A_PHYSICAL_TUBES,128,0.05,rosenhead,fixed_sampled_reach,trefoil,3:1:1,discrete_axial_tubes,physical_tubes,1.0,0.2373588220132305,0.1873588220132305,0.1873588220132305,37,0.01540080030084989,-0.25,-9.25,-83.87713072627665,-41.93856536313832,0.1498187945337338,-41.93856536313832,-6.674729983726013,True,FAIL_RELATIVE_EQUILIBRIUM_GATE,2.0790389349879006,0.4957689853686172,0.2264036306923393,-8.182886902609411,1.2475265382536376,1.2372663629455076,3.842661234888376,1.2961348349706427,1.2106771584514024,,,,,
B6A_PHYSICAL_TUBES,128,0.05,rosenhead,fixed_sampled_reach,mirror_trefoil,3:1:1,discrete_axial_tubes,physical_tubes,1.0,0.2373588220132305,0.1873588220132305,0.1873588220132305,37,0.01540080030084989,-0.25,-9.25,-83.87713072627665,-41.93856536313832,0.1498187945337338,-41.93856536313832,-6.674729983726013,True,FAIL_RELATIVE_EQUILIBRIUM_GATE,2.0696154021686946,0.5145259715779688,0.2264036306923393,-8.14126419192059,1.241871950896844,1.2372663629455076,3.842661234888376,1.2961348349706427,1.2106771584514024,,,,,
B6A_PHYSICAL_TUBES,128,0.05,rosenhead,fixed_sampled_reach,trefoil,3:1:1,discrete_axial_tubes,physical_tubes,1.0,0.2373588220132305,0.1873588220132305,0.1873588220132305,37,0.01540080030084989,-1.0,-37.0,-335.5085229051066,-167.7542614525533,0.03745469863343345,-167.7542614525533,-26.69891993490405,True,FAIL_RELATIVE_EQUILIBRIUM_GATE,8.255603996647334,0.5140345233961128,0.2264036306923393,-35.464097202866434,4.953772102007451,4.9490654517820305,15.370644939553504,1.2961348349706427,1.2106771584514024,,,,,
B6A_PHYSICAL_TUBES,128,0.05,rosenhead,fixed_sampled_reach,mirror_trefoil,3:1:1,discrete_axial_tubes,physical_tubes,1.0,0.2373588220132305,0.1873588220132305,0.1873588220132305,37,0.01540080030084989,-1.0,-37.0,-335.5085229051066,-167.7542614525533,0.03745469863343345,-167.7542614525533,-26.69891993490405,True,FAIL_RELATIVE_EQUILIBRIUM_GATE,8.246127420083473,0.5191372468727056,0.2264036306923393,-35.42224020377644,4.948085685771442,4.9490654517820305,15.370644939553504,1.2961348349706427,1.2106771584514024,,,,,
B6A_PHYSICAL_TUBES,128,0.05,rosenhead,fixed_sampled_reach,trefoil,3:1:1,discrete_axial_tubes,physical_tubes,1.0,0.2373588220132305,0.1873588220132305,0.1873588220132305,1,0.09367941100661525,0.25,0.25,2.266949479088558,1.133474739544279,5.543295397748151,1.133474739544279,0.18039810766827064,True,FAIL_RELATIVE_EQUILIBRIUM_GATE,0.23208357241136934,0.23294478885099262,0.2264036306923393,-0.02508767947607926,0.13926166114709054,0.03348263417987931,0.1038777114076337,1.2961348349706427,1.2106771584514024,,,,,
B6A_PHYSICAL_TUBES,128,0.05,rosenhead,fixed_sampled_reach,mirror_trefoil,3:1:1,discrete_axial_tubes,physical_tubes,1.0,0.2373588220132305,0.1873588220132305,0.1873588220132305,1,0.09367941100661525,0.25,0.25,2.266949479088558,1.133474739544279,5.543295397748151,1.133474739544279,0.18039810766827064,True,FAIL_RELATIVE_EQUILIBRIUM_GATE,0.23426833582866965,0.23076327127140234,0.2264036306923393,-0.03473753981895156,0.140572627621561,0.03348263417987931,0.1038777114076337,1.2961348349706427,1.2106771584514024,,,,,
B6A_PHYSICAL_TUBES,128,0.05,rosenhead,fixed_sampled_reach,trefoil,3:1:1,discrete_axial_tubes,physical_tubes,1.0,0.2373588220132305,0.1873588220132305,0.1873588220132305,1,0.09367941100661525,1.0,1.0,9.067797916354232,4.533898958177116,1.3858238494370378,4.533898958177116,0.7215924306730825,True,FAIL_RELATIVE_EQUILIBRIUM_GATE,0.3147041547290755,0.2987245122485116,0.2264036306923393,-0.3900137279897604,0.18883811078097273,0.13393053671951724,0.4155108456305348,1.2961348349706427,1.2106771584514024,,,,,
B6A_PHYSICAL_TUBES,128,0.05,rosenhead,fixed_sampled_reach,mirror_trefoil,3:1:1,discrete_axial_tubes,physical_tubes,1.0,0.2373588220132305,0.1873588220132305,0.1873588220132305,1,0.09367941100661525,1.0,1.0,9.067797916354232,4.533898958177116,1.3858238494370378,4.533898958177116,0.7215924306730825,True,FAIL_RELATIVE_EQUILIBRIUM_GATE,0.3211139663088264,0.28586646809494487,0.2264036306923393,-0.4183251625729858,0.19268431583099563,0.13393053671951724,0.4155108456305348,1.2961348349706427,1.2106771584514024,,,,,
B6A_PHYSICAL_TUBES,128,0.05,rosenhead,fixed_sampled_reach,trefoil,3:1:1,discrete_axial_tubes,physical_tubes,1.0,0.2373588220132305,0.1873588220132305,0.1873588220132305,7,0.03540748921293013,0.25,1.75,15.868646353619907,7.934323176809953,0.7918993425354501,7.934323176809953,1.2627867536778943,True,FAIL_RELATIVE_EQUILIBRIUM_GATE,0.44651213666169454,0.3727744198934897,0.2264036306923393,-0.9721951246818188,0.26792944122570783,0.2340025246422369,0.7269217229621288,1.2961348349706427,1.2106771584514024,,,,,
B6A_PHYSICAL_TUBES,128,0.05,rosenhead,fixed_sampled_reach,mirror_trefoil,3:1:1,discrete_axial_tubes,physical_tubes,1.0,0.2373588220132305,0.1873588220132305,0.1873588220132305,7,0.03540748921293013,0.25,1.75,15.868646353619907,7.934323176809953,0.7918993425354501,7.934323176809953,1.2627867536778943,True,FAIL_RELATIVE_EQUILIBRIUM_GATE,0.45530250042283626,0.3490804468798634,0.2264036306923393,-1.0110211971006264,0.27320409572513943,0.2340025246422369,0.7269217229621288,1.2961348349706427,1.2106771584514024,,,,,
B6A_PHYSICAL_TUBES,128,0.05,rosenhead,fixed_sampled_reach,trefoil,3:1:1,discrete_axial_tubes,physical_tubes,1.0,0.2373588220132305,0.1873588220132305,0.1873588220132305,7,0.03540748921293013,1.0,7.0,63.47458541447963,31.737292707239813,0.19797483563386253,31.737292707239813,5.051147014711577,True,FAIL_RELATIVE_EQUILIBRIUM_GATE,1.571195093980866,0.5083073711094191,0.2264036306923393,-5.9397963680006916,0.9427950306887619,0.9360100985689476,2.907686891848515,1.2961348349706427,1.2106771584514024,,,,,
B6A_PHYSICAL_TUBES,128,0.05,rosenhead,fixed_sampled_reach,mirror_trefoil,3:1:1,discrete_axial_tubes,physical_tubes,1.0,0.2373588220132305,0.1873588220132305,0.1873588220132305,7,0.03540748921293013,1.0,7.0,63.47458541447963,31.737292707239813,0.19797483563386253,31.737292707239813,5.051147014711577,True,FAIL_RELATIVE_EQUILIBRIUM_GATE,1.5812536602866483,0.4852157832770462,0.2264036306923393,-5.984223951935734,0.9488306696525508,0.9360100985689476,2.907686891848515,1.2961348349706427,1.2106771584514024,,,,,
B6A_PHYSICAL_TUBES,128,0.05,rosenhead,fixed_sampled_reach,trefoil,3:1:1,discrete_axial_tubes,physical_tubes,1.0,0.2373588220132305,0.1873588220132305,0.1873588220132305,19,0.02149153082464462,0.25,4.75,43.07204010268261,21.536020051341303,0.29175238935516584,21.536020051341303,3.4275640456971423,True,FAIL_RELATIVE_EQUILIBRIUM_GATE,1.0771421475548206,0.49042366079550936,0.2264036306923393,-3.757618701877414,0.646338744278483,0.6348233750249956,1.9729823825654673,1.2961348349706427,1.2106771584514024,,,,,
B6A_PHYSICAL_TUBES,128,0.05,rosenhead,fixed_sampled_reach,mirror_trefoil,3:1:1,discrete_axial_tubes,physical_tubes,1.0,0.2373588220132305,0.1873588220132305,0.1873588220132305,19,0.02149153082464462,0.25,4.75,43.07204010268261,21.536020051341303,0.29175238935516584,21.536020051341303,3.4275640456971423,True,FAIL_RELATIVE_EQUILIBRIUM_GATE,1.086648312375366,0.46140085399706227,0.2264036306923393,-3.7996063890513154,0.6520429149368899,0.6348233750249956,1.9729823825654673,1.2961348349706427,1.2106771584514024,,,,,
B6A_PHYSICAL_TUBES,128,0.05,rosenhead,fixed_sampled_reach,trefoil,3:1:1,discrete_axial_tubes,physical_tubes,1.0,0.2373588220132305,0.1873588220132305,0.1873588220132305,19,0.02149153082464462,1.0,19.0,172.28816041073043,86.14408020536521,0.07293809733879146,86.14408020536521,13.71025618278857,True,FAIL_RELATIVE_EQUILIBRIUM_GATE,4.233001338206663,0.5190108999975674,0.2264036306923393,-17.69670254519418,2.5400108757014244,2.5392935000999826,7.891929530261869,1.2961348349706427,1.2106771584514024,,,,,
B6A_PHYSICAL_TUBES,128,0.05,rosenhead,fixed_sampled_reach,mirror_trefoil,3:1:1,discrete_axial_tubes,physical_tubes,1.0,0.2373588220132305,0.1873588220132305,0.1873588220132305,19,0.02149153082464462,1.0,19.0,172.28816041073043,86.14408020536521,0.07293809733879146,86.14408020536521,13.71025618278857,True,FAIL_RELATIVE_EQUILIBRIUM_GATE,4.242708772029525,0.5092549934349756,0.2264036306923393,-17.739579215471846,2.545835817749675,2.5392935000999826,7.891929530261869,1.2961348349706427,1.2106771584514024,,,,,
B6A_PHYSICAL_TUBES,128,0.05,rosenhead,fixed_sampled_reach,trefoil,3:1:1,discrete_axial_tubes,physical_tubes,1.0,0.2373588220132305,0.1873588220132305,0.1873588220132305,37,0.01540080030084989,0.25,9.25,83.87713072627665,41.93856536313832,0.1498187945337338,41.93856536313832,6.674729983726013,True,FAIL_RELATIVE_EQUILIBRIUM_GATE,2.0696154021686946,0.5145259715779688,0.2264036306923393,-8.14126419192059,1.241871950896844,1.2372663629455076,3.842661234888376,1.2961348349706427,1.2106771584514024,,,,,
B6A_PHYSICAL_TUBES,128,0.05,rosenhead,fixed_sampled_reach,mirror_trefoil,3:1:1,discrete_axial_tubes,physical_tubes,1.0,0.2373588220132305,0.1873588220132305,0.1873588220132305,37,0.01540080030084989,0.25,9.25,83.87713072627665,41.93856536313832,0.1498187945337338,41.93856536313832,6.674729983726013,True,FAIL_RELATIVE_EQUILIBRIUM_GATE,2.0790389349879006,0.4957689853686172,0.2264036306923393,-8.182886902609411,1.2475265382536376,1.2372663629455076,3.842661234888376,1.2961348349706427,1.2106771584514024,,,,,
B6A_PHYSICAL_TUBES,128,0.05,rosenhead,fixed_sampled_reach,trefoil,3:1:1,discrete_axial_tubes,physical_tubes,1.0,0.2373588220132305,0.1873588220132305,0.1873588220132305,37,0.01540080030084989,1.0,37.0,335.5085229051066,167.7542614525533,0.03745469863343345,167.7542614525533,26.69891993490405,True,FAIL_RELATIVE_EQUILIBRIUM_GATE,8.246127420083473,0.5191372468727056,0.2264036306923393,-35.42224020377644,4.948085685771442,4.9490654517820305,15.370644939553504,1.2961348349706427,1.2106771584514024,,,,,
B6A_PHYSICAL_TUBES,128,0.05,rosenhead,fixed_sampled_reach,mirror_trefoil,3:1:1,discrete_axial_tubes,physical_tubes,1.0,0.2373588220132305,0.1873588220132305,0.1873588220132305,37,0.01540080030084989,1.0,37.0,335.5085229051066,167.7542614525533,0.03745469863343345,167.7542614525533,26.69891993490405,True,FAIL_RELATIVE_EQUILIBRIUM_GATE,8.255603996647334,0.5140345233961128,0.2264036306923393,-35.464097202866434,4.953772102007451,4.9490654517820305,15.370644939553504,1.2961348349706427,1.2106771584514024,,,,,
B6A_PHYSICAL_TUBES,128,0.05,winckelmans,fixed_sampled_reach,trefoil,3:1:1,discrete_axial_tubes,physical_tubes,0.75,0.2373588220132305,0.1873588220132305,0.14051911650992288,1,0.07025955825496144,-0.25,-0.25,-4.030132407268548,-2.015066203634274,3.118103661233335,-2.015066203634274,-0.32070774696581444,True,FAIL_RELATIVE_EQUILIBRIUM_GATE,0.23547753923303005,0.23317310322910345,0.23225156062952573,-0.013890019058473424,0.15223737688363081,0.03348263417987931,0.1038777114076337,1.2961348349706427,1.2106771584514024,,,,,
B6A_PHYSICAL_TUBES,128,0.05,winckelmans,fixed_sampled_reach,mirror_trefoil,3:1:1,discrete_axial_tubes,physical_tubes,0.75,0.2373588220132305,0.1873588220132305,0.14051911650992288,1,0.07025955825496144,-0.25,-0.25,-4.030132407268548,-2.015066203634274,3.118103661233335,-2.015066203634274,-0.32070774696581444,True,FAIL_RELATIVE_EQUILIBRIUM_GATE,0.24040873230363077,0.24039113348383667,0.23225156062952573,-0.035122139338890745,0.1554254172394971,0.03348263417987931,0.1038777114076337,1.2961348349706427,1.2106771584514024,,,,,
B6A_PHYSICAL_TUBES,128,0.05,winckelmans,fixed_sampled_reach,trefoil,3:1:1,discrete_axial_tubes,physical_tubes,0.75,0.2373588220132305,0.1873588220132305,0.14051911650992288,1,0.07025955825496144,-1.0,-1.0,-16.12052962907419,-8.060264814537096,0.7795259153083337,-8.060264814537096,-1.2828309878632578,True,FAIL_RELATIVE_EQUILIBRIUM_GATE,0.3035836870069122,0.27718884903808527,0.23225156062952573,-0.30713303361251176,0.19626833338383531,0.13393053671951724,0.4155108456305348,1.2961348349706427,1.2106771584514024,,,,,
B6A_PHYSICAL_TUBES,128,0.05,winckelmans,fixed_sampled_reach,mirror_trefoil,3:1:1,discrete_axial_tubes,physical_tubes,0.75,0.2373588220132305,0.1873588220132305,0.14051911650992288,1,0.07025955825496144,-1.0,-1.0,-16.12052962907419,-8.060264814537096,0.7795259153083337,-8.060264814537096,-1.2828309878632578,True,FAIL_RELATIVE_EQUILIBRIUM_GATE,0.3186687988415137,0.30102696889177916,0.23225156062952573,-0.37208463950791604,0.20602093171306834,0.13393053671951724,0.4155108456305348,1.2961348349706427,1.2106771584514024,,,,,
B6A_PHYSICAL_TUBES,128,0.05,winckelmans,fixed_sampled_reach,trefoil,3:1:1,discrete_axial_tubes,physical_tubes,0.75,0.2373588220132305,0.1873588220132305,0.14051911650992288,7,0.0265556169096976,-0.25,-1.75,-28.210926850879837,-14.105463425439918,0.4454433801761907,-14.105463425439918,-2.2449542287607014,True,FAIL_RELATIVE_EQUILIBRIUM_GATE,0.4208024572749841,0.3370112444970658,0.23225156062952573,-0.8118390943612381,0.27205083971229066,0.2342517086346935,0.7270798731001114,1.2961348349706427,1.2106771584514024,,,,,
B6A_PHYSICAL_TUBES,128,0.05,winckelmans,fixed_sampled_reach,mirror_trefoil,3:1:1,discrete_axial_tubes,physical_tubes,0.75,0.2373588220132305,0.1873588220132305,0.14051911650992288,7,0.0265556169096976,-0.25,-1.75,-28.210926850879837,-14.105463425439918,0.4454433801761907,-14.105463425439918,-2.2449542287607014,True,FAIL_RELATIVE_EQUILIBRIUM_GATE,0.43975105408384374,0.36890528426159913,0.23225156062952573,-0.8934256152763134,0.28430119990885966,0.2342517086346935,0.7270798731001114,1.2961348349706427,1.2106771584514024,,,,,
B6A_PHYSICAL_TUBES,128,0.05,winckelmans,fixed_sampled_reach,trefoil,3:1:1,discrete_axial_tubes,physical_tubes,0.75,0.2373588220132305,0.1873588220132305,0.14051911650992288,7,0.0265556169096976,-1.0,-7.0,-112.84370740351935,-56.42185370175967,0.11136084504404767,-56.42185370175967,-8.979816915042806,True,FAIL_RELATIVE_EQUILIBRIUM_GATE,1.4566815735331462,0.48244595342382207,0.23225156062952573,-5.271999075419607,0.941751737476539,0.937006834538774,2.9083194924004454,1.2961348349706427,1.2106771584514024,,,,,
B6A_PHYSICAL_TUBES,128,0.05,winckelmans,fixed_sampled_reach,mirror_trefoil,3:1:1,discrete_axial_tubes,physical_tubes,0.75,0.2373588220132305,0.1873588220132305,0.14051911650992288,7,0.0265556169096976,-1.0,-7.0,-112.84370740351935,-56.42185370175967,0.11136084504404767,-56.42185370175967,-8.979816915042806,True,FAIL_RELATIVE_EQUILIBRIUM_GATE,1.4789003795887508,0.5053556367452807,0.23225156062952573,-5.367666058217827,0.9561163038908498,0.937006834538774,2.9083194924004454,1.2961348349706427,1.2106771584514024,,,,,
B6A_PHYSICAL_TUBES,128,0.05,winckelmans,fixed_sampled_reach,trefoil,3:1:1,discrete_axial_tubes,physical_tubes,0.75,0.2373588220132305,0.1873588220132305,0.14051911650992288,19,0.016118648118483465,-0.25,-4.75,-76.57251573810241,-38.286257869051205,0.16411071901228078,-38.286257869051205,-6.0934471923504745,True,FAIL_RELATIVE_EQUILIBRIUM_GATE,0.9997581546408045,0.4563993476081868,0.23225156062952573,-3.304634818947723,0.6463485200170908,0.6360116831280265,1.9735970082253982,1.2961348349706427,1.2106771584514024,,,,,
B6A_PHYSICAL_TUBES,128,0.05,winckelmans,fixed_sampled_reach,mirror_trefoil,3:1:1,discrete_axial_tubes,physical_tubes,0.75,0.2373588220132305,0.1873588220132305,0.14051911650992288,19,0.016118648118483465,-0.25,-4.75,-76.57251573810241,-38.286257869051205,0.16411071901228078,-38.286257869051205,-6.0934471923504745,True,FAIL_RELATIVE_EQUILIBRIUM_GATE,1.0217482541233296,0.4857921593467367,0.23225156062952573,-3.3993170653142064,0.6605652265171396,0.6360116831280265,1.9735970082253982,1.2961348349706427,1.2106771584514024,,,,,
B6A_PHYSICAL_TUBES,128,0.05,winckelmans,fixed_sampled_reach,trefoil,3:1:1,discrete_axial_tubes,physical_tubes,0.75,0.2373588220132305,0.1873588220132305,0.14051911650992288,19,0.016118648118483465,-1.0,-19.0,-306.29006295240964,-153.14503147620482,0.041027679753070194,-153.14503147620482,-24.373788769401898,True,FAIL_RELATIVE_EQUILIBRIUM_GATE,3.9306321165061413,0.5094560000203139,0.23225156062952573,-15.924028867026898,2.541172822089325,2.544046732512106,7.894388032901593,1.2961348349706427,1.2106771584514024,,,,,
B6A_PHYSICAL_TUBES,128,0.05,winckelmans,fixed_sampled_reach,mirror_trefoil,3:1:1,discrete_axial_tubes,physical_tubes,0.75,0.2373588220132305,0.1873588220132305,0.14051911650992288,19,0.016118648118483465,-1.0,-19.0,-306.29006295240964,-153.14503147620482,0.041027679753070194,-153.14503147620482,-24.373788769401898,True,FAIL_RELATIVE_EQUILIBRIUM_GATE,3.9531862267597124,0.5189546788683923,0.23225156062952573,-16.021139561105496,2.555754164301968,2.544046732512106,7.894388032901593,1.2961348349706427,1.2106771584514024,,,,,
B6A_PHYSICAL_TUBES,128,0.05,winckelmans,fixed_sampled_reach,trefoil,3:1:1,discrete_axial_tubes,physical_tubes,0.75,0.2373588220132305,0.1873588220132305,0.14051911650992288,37,0.011550600225637416,-0.25,-9.25,-149.11489906893627,-74.55744953446813,0.08427307192522526,-74.55744953446813,-11.866186637735135,True,FAIL_RELATIVE_EQUILIBRIUM_GATE,1.9186815304916134,0.49441700013697637,0.23225156062952573,-7.261221260649281,1.2404369615399038,1.2386472231981935,3.8433700660174193,1.2961348349706427,1.2106771584514024,,,,,
B6A_PHYSICAL_TUBES,128,0.05,winckelmans,fixed_sampled_reach,mirror_trefoil,3:1:1,discrete_axial_tubes,physical_tubes,0.75,0.2373588220132305,0.1873588220132305,0.14051911650992288,37,0.011550600225637416,-0.25,-9.25,-149.11489906893627,-74.55744953446813,0.08427307192522526,-74.55744953446813,-11.866186637735135,True,FAIL_RELATIVE_EQUILIBRIUM_GATE,1.941130997358099,0.5127785365682961,0.23225156062952573,-7.357881394194285,1.254950651292741,1.2386472231981935,3.8433700660174193,1.2961348349706427,1.2106771584514024,,,,,
B6A_PHYSICAL_TUBES,128,0.05,winckelmans,fixed_sampled_reach,trefoil,3:1:1,discrete_axial_tubes,physical_tubes,0.75,0.2373588220132305,0.1873588220132305,0.14051911650992288,37,0.011550600225637416,-1.0,-37.0,-596.4595962757451,-298.22979813787254,0.021068267981306316,-298.22979813787254,-47.46474655094054,True,FAIL_RELATIVE_EQUILIBRIUM_GATE,7.655861390901767,0.5143160424632586,0.23225156062952573,-31.96365962041458,4.949551705575434,4.954588892792774,15.373480264069677,1.2961348349706427,1.2106771584514024,,,,,
B6A_PHYSICAL_TUBES,128,0.05,winckelmans,fixed_sampled_reach,mirror_trefoil,3:1:1,discrete_axial_tubes,physical_tubes,0.75,0.2373588220132305,0.1873588220132305,0.14051911650992288,37,0.011550600225637416,-1.0,-37.0,-596.4595962757451,-298.22979813787254,0.021068267981306316,-298.22979813787254,-47.46474655094054,True,FAIL_RELATIVE_EQUILIBRIUM_GATE,7.678464466969914,0.5192657625197085,0.23225156062952573,-32.06098114543203,4.964164704425871,4.954588892792774,15.373480264069677,1.2961348349706427,1.2106771584514024,,,,,
B6A_PHYSICAL_TUBES,128,0.05,winckelmans,fixed_sampled_reach,trefoil,3:1:1,discrete_axial_tubes,physical_tubes,0.75,0.2373588220132305,0.1873588220132305,0.14051911650992288,1,0.07025955825496144,0.25,0.25,4.030132407268548,2.015066203634274,3.118103661233335,2.015066203634274,0.32070774696581444,True,FAIL_RELATIVE_EQUILIBRIUM_GATE,0.24040873230363077,0.24039113348383667,0.23225156062952573,-0.035122139338890745,0.1554254172394971,0.03348263417987931,0.1038777114076337,1.2961348349706427,1.2106771584514024,,,,,
B6A_PHYSICAL_TUBES,128,0.05,winckelmans,fixed_sampled_reach,mirror_trefoil,3:1:1,discrete_axial_tubes,physical_tubes,0.75,0.2373588220132305,0.1873588220132305,0.14051911650992288,1,0.07025955825496144,0.25,0.25,4.030132407268548,2.015066203634274,3.118103661233335,2.015066203634274,0.32070774696581444,True,FAIL_RELATIVE_EQUILIBRIUM_GATE,0.23547753923303005,0.23317310322910345,0.23225156062952573,-0.013890019058473424,0.15223737688363081,0.03348263417987931,0.1038777114076337,1.2961348349706427,1.2106771584514024,,,,,
B6A_PHYSICAL_TUBES,128,0.05,winckelmans,fixed_sampled_reach,trefoil,3:1:1,discrete_axial_tubes,physical_tubes,0.75,0.2373588220132305,0.1873588220132305,0.14051911650992288,1,0.07025955825496144,1.0,1.0,16.12052962907419,8.060264814537096,0.7795259153083337,8.060264814537096,1.2828309878632578,True,FAIL_RELATIVE_EQUILIBRIUM_GATE,0.3186687988415137,0.30102696889177916,0.23225156062952573,-0.37208463950791604,0.20602093171306834,0.13393053671951724,0.4155108456305348,1.2961348349706427,1.2106771584514024,,,,,
B6A_PHYSICAL_TUBES,128,0.05,winckelmans,fixed_sampled_reach,mirror_trefoil,3:1:1,discrete_axial_tubes,physical_tubes,0.75,0.2373588220132305,0.1873588220132305,0.14051911650992288,1,0.07025955825496144,1.0,1.0,16.12052962907419,8.060264814537096,0.7795259153083337,8.060264814537096,1.2828309878632578,True,FAIL_RELATIVE_EQUILIBRIUM_GATE,0.3035836870069122,0.27718884903808527,0.23225156062952573,-0.30713303361251176,0.19626833338383531,0.13393053671951724,0.4155108456305348,1.2961348349706427,1.2106771584514024,,,,,
B6A_PHYSICAL_TUBES,128,0.05,winckelmans,fixed_sampled_reach,trefoil,3:1:1,discrete_axial_tubes,physical_tubes,0.75,0.2373588220132305,0.1873588220132305,0.14051911650992288,7,0.0265556169096976,0.25,1.75,28.210926850879837,14.105463425439918,0.4454433801761907,14.105463425439918,2.2449542287607014,True,FAIL_RELATIVE_EQUILIBRIUM_GATE,0.43975105408384374,0.36890528426159913,0.23225156062952573,-0.8934256152763134,0.28430119990885966,0.2342517086346935,0.7270798731001114,1.2961348349706427,1.2106771584514024,,,,,
B6A_PHYSICAL_TUBES,128,0.05,winckelmans,fixed_sampled_reach,mirror_trefoil,3:1:1,discrete_axial_tubes,physical_tubes,0.75,0.2373588220132305,0.1873588220132305,0.14051911650992288,7,0.0265556169096976,0.25,1.75,28.210926850879837,14.105463425439918,0.4454433801761907,14.105463425439918,2.2449542287607014,True,FAIL_RELATIVE_EQUILIBRIUM_GATE,0.4208024572749841,0.3370112444970658,0.23225156062952573,-0.8118390943612381,0.27205083971229066,0.2342517086346935,0.7270798731001114,1.2961348349706427,1.2106771584514024,,,,,
B6A_PHYSICAL_TUBES,128,0.05,winckelmans,fixed_sampled_reach,trefoil,3:1:1,discrete_axial_tubes,physical_tubes,0.75,0.2373588220132305,0.1873588220132305,0.14051911650992288,7,0.0265556169096976,1.0,7.0,112.84370740351935,56.42185370175967,0.11136084504404767,56.42185370175967,8.979816915042806,True,FAIL_RELATIVE_EQUILIBRIUM_GATE,1.4789003795887508,0.5053556367452807,0.23225156062952573,-5.367666058217827,0.9561163038908498,0.937006834538774,2.9083194924004454,1.2961348349706427,1.2106771584514024,,,,,
B6A_PHYSICAL_TUBES,128,0.05,winckelmans,fixed_sampled_reach,mirror_trefoil,3:1:1,discrete_axial_tubes,physical_tubes,0.75,0.2373588220132305,0.1873588220132305,0.14051911650992288,7,0.0265556169096976,1.0,7.0,112.84370740351935,56.42185370175967,0.11136084504404767,56.42185370175967,8.979816915042806,True,FAIL_RELATIVE_EQUILIBRIUM_GATE,1.4566815735331462,0.48244595342382207,0.23225156062952573,-5.271999075419607,0.941751737476539,0.937006834538774,2.9083194924004454,1.2961348349706427,1.2106771584514024,,,,,
B6A_PHYSICAL_TUBES,128,0.05,winckelmans,fixed_sampled_reach,trefoil,3:1:1,discrete_axial_tubes,physical_tubes,0.75,0.2373588220132305,0.1873588220132305,0.14051911650992288,19,0.016118648118483465,0.25,4.75,76.57251573810241,38.286257869051205,0.16411071901228078,38.286257869051205,6.0934471923504745,True,FAIL_RELATIVE_EQUILIBRIUM_GATE,1.0217482541233296,0.4857921593467367,0.23225156062952573,-3.3993170653142064,0.6605652265171396,0.6360116831280265,1.9735970082253982,1.2961348349706427,1.2106771584514024,,,,,
B6A_PHYSICAL_TUBES,128,0.05,winckelmans,fixed_sampled_reach,mirror_trefoil,3:1:1,discrete_axial_tubes,physical_tubes,0.75,0.2373588220132305,0.1873588220132305,0.14051911650992288,19,0.016118648118483465,0.25,4.75,76.57251573810241,38.286257869051205,0.16411071901228078,38.286257869051205,6.0934471923504745,True,FAIL_RELATIVE_EQUILIBRIUM_GATE,0.9997581546408045,0.4563993476081868,0.23225156062952573,-3.304634818947723,0.6463485200170908,0.6360116831280265,1.9735970082253982,1.2961348349706427,1.2106771584514024,,,,,
B6A_PHYSICAL_TUBES,128,0.05,winckelmans,fixed_sampled_reach,trefoil,3:1:1,discrete_axial_tubes,physical_tubes,0.75,0.2373588220132305,0.1873588220132305,0.14051911650992288,19,0.016118648118483465,1.0,19.0,306.29006295240964,153.14503147620482,0.041027679753070194,153.14503147620482,24.373788769401898,True,FAIL_RELATIVE_EQUILIBRIUM_GATE,3.9531862267597124,0.5189546788683923,0.23225156062952573,-16.021139561105496,2.555754164301968,2.544046732512106,7.894388032901593,1.2961348349706427,1.2106771584514024,,,,,
B6A_PHYSICAL_TUBES,128,0.05,winckelmans,fixed_sampled_reach,mirror_trefoil,3:1:1,discrete_axial_tubes,physical_tubes,0.75,0.2373588220132305,0.1873588220132305,0.14051911650992288,19,0.016118648118483465,1.0,19.0,306.29006295240964,153.14503147620482,0.041027679753070194,153.14503147620482,24.373788769401898,True,FAIL_RELATIVE_EQUILIBRIUM_GATE,3.9306321165061413,0.5094560000203139,0.23225156062952573,-15.924028867026898,2.541172822089325,2.544046732512106,7.894388032901593,1.2961348349706427,1.2106771584514024,,,,,
B6A_PHYSICAL_TUBES,128,0.05,winckelmans,fixed_sampled_reach,trefoil,3:1:1,discrete_axial_tubes,physical_tubes,0.75,0.2373588220132305,0.1873588220132305,0.14051911650992288,37,0.011550600225637416,0.25,9.25,149.11489906893627,74.55744953446813,0.08427307192522526,74.55744953446813,11.866186637735135,True,FAIL_RELATIVE_EQUILIBRIUM_GATE,1.941130997358099,0.5127785365682961,0.23225156062952573,-7.357881394194285,1.254950651292741,1.2386472231981935,3.8433700660174193,1.2961348349706427,1.2106771584514024,,,,,
B6A_PHYSICAL_TUBES,128,0.05,winckelmans,fixed_sampled_reach,mirror_trefoil,3:1:1,discrete_axial_tubes,physical_tubes,0.75,0.2373588220132305,0.1873588220132305,0.14051911650992288,37,0.011550600225637416,0.25,9.25,149.11489906893627,74.55744953446813,0.08427307192522526,74.55744953446813,11.866186637735135,True,FAIL_RELATIVE_EQUILIBRIUM_GATE,1.9186815304916134,0.49441700013697637,0.23225156062952573,-7.261221260649281,1.2404369615399038,1.2386472231981935,3.8433700660174193,1.2961348349706427,1.2106771584514024,,,,,
B6A_PHYSICAL_TUBES,128,0.05,winckelmans,fixed_sampled_reach,trefoil,3:1:1,discrete_axial_tubes,physical_tubes,0.75,0.2373588220132305,0.1873588220132305,0.14051911650992288,37,0.011550600225637416,1.0,37.0,596.4595962757451,298.22979813787254,0.021068267981306316,298.22979813787254,47.46474655094054,True,FAIL_RELATIVE_EQUILIBRIUM_GATE,7.678464466969914,0.5192657625197085,0.23225156062952573,-32.06098114543203,4.964164704425871,4.954588892792774,15.373480264069677,1.2961348349706427,1.2106771584514024,,,,,
B6A_PHYSICAL_TUBES,128,0.05,winckelmans,fixed_sampled_reach,mirror_trefoil,3:1:1,discrete_axial_tubes,physical_tubes,0.75,0.2373588220132305,0.1873588220132305,0.14051911650992288,37,0.011550600225637416,1.0,37.0,596.4595962757451,298.22979813787254,0.021068267981306316,298.22979813787254,47.46474655094054,True,FAIL_RELATIVE_EQUILIBRIUM_GATE,7.655861390901767,0.5143160424632586,0.23225156062952573,-31.96365962041458,4.949551705575434,4.954588892792774,15.373480264069677,1.2961348349706427,1.2106771584514024,,,,,
B6A_PHYSICAL_TUBES,128,0.05,winckelmans,fixed_sampled_reach,trefoil,3:1:1,discrete_axial_tubes,physical_tubes,1.0,0.2373588220132305,0.1873588220132305,0.1873588220132305,1,0.09367941100661525,-0.25,-0.25,-2.266949479088558,-1.133474739544279,5.543295397748151,-1.133474739544279,-0.18039810766827064,True,FAIL_RELATIVE_EQUILIBRIUM_GATE,0.23547753923303005,0.23317310322910345,0.23225156062952573,-0.013890019058473424,0.15223737688363081,0.03348263417987931,0.1038777114076337,1.2961348349706427,1.2106771584514024,,,,,
B6A_PHYSICAL_TUBES,128,0.05,winckelmans,fixed_sampled_reach,mirror_trefoil,3:1:1,discrete_axial_tubes,physical_tubes,1.0,0.2373588220132305,0.1873588220132305,0.1873588220132305,1,0.09367941100661525,-0.25,-0.25,-2.266949479088558,-1.133474739544279,5.543295397748151,-1.133474739544279,-0.18039810766827064,True,FAIL_RELATIVE_EQUILIBRIUM_GATE,0.24040873230363077,0.24039113348383667,0.23225156062952573,-0.035122139338890745,0.1554254172394971,0.03348263417987931,0.1038777114076337,1.2961348349706427,1.2106771584514024,,,,,
B6A_PHYSICAL_TUBES,128,0.05,winckelmans,fixed_sampled_reach,trefoil,3:1:1,discrete_axial_tubes,physical_tubes,1.0,0.2373588220132305,0.1873588220132305,0.1873588220132305,1,0.09367941100661525,-1.0,-1.0,-9.067797916354232,-4.533898958177116,1.3858238494370378,-4.533898958177116,-0.7215924306730825,True,FAIL_RELATIVE_EQUILIBRIUM_GATE,0.3035836870069122,0.27718884903808527,0.23225156062952573,-0.30713303361251176,0.19626833338383531,0.13393053671951724,0.4155108456305348,1.2961348349706427,1.2106771584514024,,,,,
B6A_PHYSICAL_TUBES,128,0.05,winckelmans,fixed_sampled_reach,mirror_trefoil,3:1:1,discrete_axial_tubes,physical_tubes,1.0,0.2373588220132305,0.1873588220132305,0.1873588220132305,1,0.09367941100661525,-1.0,-1.0,-9.067797916354232,-4.533898958177116,1.3858238494370378,-4.533898958177116,-0.7215924306730825,True,FAIL_RELATIVE_EQUILIBRIUM_GATE,0.3186687988415137,0.30102696889177916,0.23225156062952573,-0.37208463950791604,0.20602093171306834,0.13393053671951724,0.4155108456305348,1.2961348349706427,1.2106771584514024,,,,,
B6A_PHYSICAL_TUBES,128,0.05,winckelmans,fixed_sampled_reach,trefoil,3:1:1,discrete_axial_tubes,physical_tubes,1.0,0.2373588220132305,0.1873588220132305,0.1873588220132305,7,0.03540748921293013,-0.25,-1.75,-15.868646353619907,-7.934323176809953,0.7918993425354501,-7.934323176809953,-1.2627867536778943,True,FAIL_RELATIVE_EQUILIBRIUM_GATE,0.42088421219036354,0.33712979408643085,0.23225156062952573,-0.8121911045486307,0.272103694663575,0.2340025246422369,0.7269217229621288,1.2961348349706427,1.2106771584514024,,,,,
B6A_PHYSICAL_TUBES,128,0.05,winckelmans,fixed_sampled_reach,mirror_trefoil,3:1:1,discrete_axial_tubes,physical_tubes,1.0,0.2373588220132305,0.1873588220132305,0.1873588220132305,7,0.03540748921293013,-0.25,-1.75,-15.868646353619907,-7.934323176809953,0.7918993425354501,-7.934323176809953,-1.2627867536778943,True,FAIL_RELATIVE_EQUILIBRIUM_GATE,0.4390374141757557,0.36843824788394336,0.23225156062952573,-0.8903529129609717,0.28383982822984244,0.2340025246422369,0.7269217229621288,1.2961348349706427,1.2106771584514024,,,,,
B6A_PHYSICAL_TUBES,128,0.05,winckelmans,fixed_sampled_reach,trefoil,3:1:1,discrete_axial_tubes,physical_tubes,1.0,0.2373588220132305,0.1873588220132305,0.1873588220132305,7,0.03540748921293013,-1.0,-7.0,-63.47458541447963,-31.737292707239813,0.19797483563386253,-31.737292707239813,-5.051147014711577,True,FAIL_RELATIVE_EQUILIBRIUM_GATE,1.4556258089787635,0.48238738589530117,0.23225156062952573,-5.267453295182346,0.9410691805461012,0.9360100985689476,2.907686891848515,1.2961348349706427,1.2106771584514024,,,,,
B6A_PHYSICAL_TUBES,128,0.05,winckelmans,fixed_sampled_reach,mirror_trefoil,3:1:1,discrete_axial_tubes,physical_tubes,1.0,0.2373588220132305,0.1873588220132305,0.1873588220132305,7,0.03540748921293013,-1.0,-7.0,-63.47458541447963,-31.737292707239813,0.19797483563386253,-31.737292707239813,-5.051147014711577,True,FAIL_RELATIVE_EQUILIBRIUM_GATE,1.4769183524031395,0.5050646914512328,0.23225156062952573,-5.359132091082197,0.9548349136545144,0.9360100985689476,2.907686891848515,1.2961348349706427,1.2106771584514024,,,,,
B6A_PHYSICAL_TUBES,128,0.05,winckelmans,fixed_sampled_reach,trefoil,3:1:1,discrete_axial_tubes,physical_tubes,1.0,0.2373588220132305,0.1873588220132305,0.1873588220132305,19,0.02149153082464462,-0.25,-4.75,-43.07204010268261,-21.536020051341303,0.29175238935516584,-21.536020051341303,-3.4275640456971423,True,FAIL_RELATIVE_EQUILIBRIUM_GATE,0.9982213002777038,0.45594885166567667,0.23225156062952573,-3.298017621806248,0.645354936180379,0.6348233750249956,1.9729823825654673,1.2961348349706427,1.2106771584514024,,,,,
B6A_PHYSICAL_TUBES,128,0.05,winckelmans,fixed_sampled_reach,mirror_trefoil,3:1:1,discrete_axial_tubes,physical_tubes,1.0,0.2373588220132305,0.1873588220132305,0.1873588220132305,19,0.02149153082464462,-0.25,-4.75,-43.07204010268261,-21.536020051341303,0.29175238935516584,-21.536020051341303,-3.4275640456971423,True,FAIL_RELATIVE_EQUILIBRIUM_GATE,1.019712698337237,0.4851591066583151,0.23225156062952573,-3.390552621361386,0.6592492297796827,0.6348233750249956,1.9729823825654673,1.2961348349706427,1.2106771584514024,,,,,
B6A_PHYSICAL_TUBES,128,0.05,winckelmans,fixed_sampled_reach,trefoil,3:1:1,discrete_axial_tubes,physical_tubes,1.0,0.2373588220132305,0.1873588220132305,0.1873588220132305,19,0.02149153082464462,-1.0,-19.0,-172.28816041073043,-86.14408020536521,0.07293809733879146,-86.14408020536521,-13.71025618278857,True,FAIL_RELATIVE_EQUILIBRIUM_GATE,3.923548107894129,0.5089203525701647,0.23225156062952573,-15.893527420264554,2.5365929759926384,2.5392935000999826,7.891929530261869,1.2961348349706427,1.2106771584514024,,,,,
B6A_PHYSICAL_TUBES,128,0.05,winckelmans,fixed_sampled_reach,mirror_trefoil,3:1:1,discrete_axial_tubes,physical_tubes,1.0,0.2373588220132305,0.1873588220132305,0.1873588220132305,19,0.02149153082464462,-1.0,-19.0,-172.28816041073043,-86.14408020536521,0.07293809733879146,-86.14408020536521,-13.71025618278857,True,FAIL_RELATIVE_EQUILIBRIUM_GATE,3.945592813031775,0.518372192317378,0.23225156062952573,-15.988444780896678,2.550844985314883,2.5392935000999826,7.891929530261869,1.2961348349706427,1.2106771584514024,,,,,
B6A_PHYSICAL_TUBES,128,0.05,winckelmans,fixed_sampled_reach,trefoil,3:1:1,discrete_axial_tubes,physical_tubes,1.0,0.2373588220132305,0.1873588220132305,0.1873588220132305,37,0.01540080030084989,-0.25,-9.25,-83.87713072627665,-41.93856536313832,0.1498187945337338,-41.93856536313832,-6.674729983726013,True,FAIL_RELATIVE_EQUILIBRIUM_GATE,1.9167104680988232,0.4941107933110027,0.23225156062952573,-7.252734504360335,1.2391626600955719,1.2372663629455076,3.842661234888376,1.2961348349706427,1.2106771584514024,,,,,
B6A_PHYSICAL_TUBES,128,0.05,winckelmans,fixed_sampled_reach,mirror_trefoil,3:1:1,discrete_axial_tubes,physical_tubes,1.0,0.2373588220132305,0.1873588220132305,0.1873588220132305,37,0.01540080030084989,-0.25,-9.25,-83.87713072627665,-41.93856536313832,0.1498187945337338,-41.93856536313832,-6.674729983726013,True,FAIL_RELATIVE_EQUILIBRIUM_GATE,1.9388630138639702,0.5124159377924816,0.23225156062952573,-7.348116191807781,1.253484388909135,1.2372663629455076,3.842661234888376,1.2961348349706427,1.2106771584514024,,,,,
B6A_PHYSICAL_TUBES,128,0.05,winckelmans,fixed_sampled_reach,trefoil,3:1:1,discrete_axial_tubes,physical_tubes,1.0,0.2373588220132305,0.1873588220132305,0.1873588220132305,37,0.01540080030084989,-1.0,-37.0,-335.5085229051066,-167.7542614525533,0.03745469863343345,-167.7542614525533,-26.69891993490405,True,FAIL_RELATIVE_EQUILIBRIUM_GATE,7.647471287500949,0.5139870720716467,0.23225156062952573,-31.927534552500823,4.94412746283159,4.9490654517820305,15.370644939553504,1.2961348349706427,1.2106771584514024,,,,,
B6A_PHYSICAL_TUBES,128,0.05,winckelmans,fixed_sampled_reach,mirror_trefoil,3:1:1,discrete_axial_tubes,physical_tubes,1.0,0.2373588220132305,0.1873588220132305,0.1873588220132305,37,0.01540080030084989,-1.0,-37.0,-335.5085229051066,-167.7542614525533,0.03745469863343345,-167.7542614525533,-26.69891993490405,True,FAIL_RELATIVE_EQUILIBRIUM_GATE,7.6697757571647225,0.5189226963871878,0.23225156062952573,-32.02357037505167,4.958547411186125,4.9490654517820305,15.370644939553504,1.2961348349706427,1.2106771584514024,,,,,
B6A_PHYSICAL_TUBES,128,0.05,winckelmans,fixed_sampled_reach,trefoil,3:1:1,discrete_axial_tubes,physical_tubes,1.0,0.2373588220132305,0.1873588220132305,0.1873588220132305,1,0.09367941100661525,0.25,0.25,2.266949479088558,1.133474739544279,5.543295397748151,1.133474739544279,0.18039810766827064,True,FAIL_RELATIVE_EQUILIBRIUM_GATE,0.24040873230363077,0.24039113348383667,0.23225156062952573,-0.035122139338890745,0.1554254172394971,0.03348263417987931,0.1038777114076337,1.2961348349706427,1.2106771584514024,,,,,
B6A_PHYSICAL_TUBES,128,0.05,winckelmans,fixed_sampled_reach,mirror_trefoil,3:1:1,discrete_axial_tubes,physical_tubes,1.0,0.2373588220132305,0.1873588220132305,0.1873588220132305,1,0.09367941100661525,0.25,0.25,2.266949479088558,1.133474739544279,5.543295397748151,1.133474739544279,0.18039810766827064,True,FAIL_RELATIVE_EQUILIBRIUM_GATE,0.23547753923303005,0.23317310322910345,0.23225156062952573,-0.013890019058473424,0.15223737688363081,0.03348263417987931,0.1038777114076337,1.2961348349706427,1.2106771584514024,,,,,
B6A_PHYSICAL_TUBES,128,0.05,winckelmans,fixed_sampled_reach,trefoil,3:1:1,discrete_axial_tubes,physical_tubes,1.0,0.2373588220132305,0.1873588220132305,0.1873588220132305,1,0.09367941100661525,1.0,1.0,9.067797916354232,4.533898958177116,1.3858238494370378,4.533898958177116,0.7215924306730825,True,FAIL_RELATIVE_EQUILIBRIUM_GATE,0.3186687988415137,0.30102696889177916,0.23225156062952573,-0.37208463950791604,0.20602093171306834,0.13393053671951724,0.4155108456305348,1.2961348349706427,1.2106771584514024,,,,,
B6A_PHYSICAL_TUBES,128,0.05,winckelmans,fixed_sampled_reach,mirror_trefoil,3:1:1,discrete_axial_tubes,physical_tubes,1.0,0.2373588220132305,0.1873588220132305,0.1873588220132305,1,0.09367941100661525,1.0,1.0,9.067797916354232,4.533898958177116,1.3858238494370378,4.533898958177116,0.7215924306730825,True,FAIL_RELATIVE_EQUILIBRIUM_GATE,0.3035836870069122,0.27718884903808527,0.23225156062952573,-0.30713303361251176,0.19626833338383531,0.13393053671951724,0.4155108456305348,1.2961348349706427,1.2106771584514024,,,,,
B6A_PHYSICAL_TUBES,128,0.05,winckelmans,fixed_sampled_reach,trefoil,3:1:1,discrete_axial_tubes,physical_tubes,1.0,0.2373588220132305,0.1873588220132305,0.1873588220132305,7,0.03540748921293013,0.25,1.75,15.868646353619907,7.934323176809953,0.7918993425354501,7.934323176809953,1.2627867536778943,True,FAIL_RELATIVE_EQUILIBRIUM_GATE,0.4390374141757557,0.36843824788394336,0.23225156062952573,-0.8903529129609717,0.28383982822984244,0.2340025246422369,0.7269217229621288,1.2961348349706427,1.2106771584514024,,,,,
B6A_PHYSICAL_TUBES,128,0.05,winckelmans,fixed_sampled_reach,mirror_trefoil,3:1:1,discrete_axial_tubes,physical_tubes,1.0,0.2373588220132305,0.1873588220132305,0.1873588220132305,7,0.03540748921293013,0.25,1.75,15.868646353619907,7.934323176809953,0.7918993425354501,7.934323176809953,1.2627867536778943,True,FAIL_RELATIVE_EQUILIBRIUM_GATE,0.42088421219036354,0.33712979408643085,0.23225156062952573,-0.8121911045486307,0.272103694663575,0.2340025246422369,0.7269217229621288,1.2961348349706427,1.2106771584514024,,,,,
B6A_PHYSICAL_TUBES,128,0.05,winckelmans,fixed_sampled_reach,trefoil,3:1:1,discrete_axial_tubes,physical_tubes,1.0,0.2373588220132305,0.1873588220132305,0.1873588220132305,7,0.03540748921293013,1.0,7.0,63.47458541447963,31.737292707239813,0.19797483563386253,31.737292707239813,5.051147014711577,True,FAIL_RELATIVE_EQUILIBRIUM_GATE,1.4769183524031395,0.5050646914512328,0.23225156062952573,-5.359132091082197,0.9548349136545144,0.9360100985689476,2.907686891848515,1.2961348349706427,1.2106771584514024,,,,,
B6A_PHYSICAL_TUBES,128,0.05,winckelmans,fixed_sampled_reach,mirror_trefoil,3:1:1,discrete_axial_tubes,physical_tubes,1.0,0.2373588220132305,0.1873588220132305,0.1873588220132305,7,0.03540748921293013,1.0,7.0,63.47458541447963,31.737292707239813,0.19797483563386253,31.737292707239813,5.051147014711577,True,FAIL_RELATIVE_EQUILIBRIUM_GATE,1.4556258089787635,0.48238738589530117,0.23225156062952573,-5.267453295182346,0.9410691805461012,0.9360100985689476,2.907686891848515,1.2961348349706427,1.2106771584514024,,,,,
B6A_PHYSICAL_TUBES,128,0.05,winckelmans,fixed_sampled_reach,trefoil,3:1:1,discrete_axial_tubes,physical_tubes,1.0,0.2373588220132305,0.1873588220132305,0.1873588220132305,19,0.02149153082464462,0.25,4.75,43.07204010268261,21.536020051341303,0.29175238935516584,21.536020051341303,3.4275640456971423,True,FAIL_RELATIVE_EQUILIBRIUM_GATE,1.019712698337237,0.4851591066583151,0.23225156062952573,-3.390552621361386,0.6592492297796827,0.6348233750249956,1.9729823825654673,1.2961348349706427,1.2106771584514024,,,,,
B6A_PHYSICAL_TUBES,128,0.05,winckelmans,fixed_sampled_reach,mirror_trefoil,3:1:1,discrete_axial_tubes,physical_tubes,1.0,0.2373588220132305,0.1873588220132305,0.1873588220132305,19,0.02149153082464462,0.25,4.75,43.07204010268261,21.536020051341303,0.29175238935516584,21.536020051341303,3.4275640456971423,True,FAIL_RELATIVE_EQUILIBRIUM_GATE,0.9982213002777038,0.45594885166567667,0.23225156062952573,-3.298017621806248,0.645354936180379,0.6348233750249956,1.9729823825654673,1.2961348349706427,1.2106771584514024,,,,,
B6A_PHYSICAL_TUBES,128,0.05,winckelmans,fixed_sampled_reach,trefoil,3:1:1,discrete_axial_tubes,physical_tubes,1.0,0.2373588220132305,0.1873588220132305,0.1873588220132305,19,0.02149153082464462,1.0,19.0,172.28816041073043,86.14408020536521,0.07293809733879146,86.14408020536521,13.71025618278857,True,FAIL_RELATIVE_EQUILIBRIUM_GATE,3.945592813031775,0.518372192317378,0.23225156062952573,-15.988444780896678,2.550844985314883,2.5392935000999826,7.891929530261869,1.2961348349706427,1.2106771584514024,,,,,
B6A_PHYSICAL_TUBES,128,0.05,winckelmans,fixed_sampled_reach,mirror_trefoil,3:1:1,discrete_axial_tubes,physical_tubes,1.0,0.2373588220132305,0.1873588220132305,0.1873588220132305,19,0.02149153082464462,1.0,19.0,172.28816041073043,86.14408020536521,0.07293809733879146,86.14408020536521,13.71025618278857,True,FAIL_RELATIVE_EQUILIBRIUM_GATE,3.923548107894129,0.5089203525701647,0.23225156062952573,-15.893527420264554,2.5365929759926384,2.5392935000999826,7.891929530261869,1.2961348349706427,1.2106771584514024,,,,,
B6A_PHYSICAL_TUBES,128,0.05,winckelmans,fixed_sampled_reach,trefoil,3:1:1,discrete_axial_tubes,physical_tubes,1.0,0.2373588220132305,0.1873588220132305,0.1873588220132305,37,0.01540080030084989,0.25,9.25,83.87713072627665,41.93856536313832,0.1498187945337338,41.93856536313832,6.674729983726013,True,FAIL_RELATIVE_EQUILIBRIUM_GATE,1.9388630138639702,0.5124159377924816,0.23225156062952573,-7.348116191807781,1.253484388909135,1.2372663629455076,3.842661234888376,1.2961348349706427,1.2106771584514024,,,,,
B6A_PHYSICAL_TUBES,128,0.05,winckelmans,fixed_sampled_reach,mirror_trefoil,3:1:1,discrete_axial_tubes,physical_tubes,1.0,0.2373588220132305,0.1873588220132305,0.1873588220132305,37,0.01540080030084989,0.25,9.25,83.87713072627665,41.93856536313832,0.1498187945337338,41.93856536313832,6.674729983726013,True,FAIL_RELATIVE_EQUILIBRIUM_GATE,1.9167104680988232,0.4941107933110027,0.23225156062952573,-7.252734504360335,1.2391626600955719,1.2372663629455076,3.842661234888376,1.2961348349706427,1.2106771584514024,,,,,
B6A_PHYSICAL_TUBES,128,0.05,winckelmans,fixed_sampled_reach,trefoil,3:1:1,discrete_axial_tubes,physical_tubes,1.0,0.2373588220132305,0.1873588220132305,0.1873588220132305,37,0.01540080030084989,1.0,37.0,335.5085229051066,167.7542614525533,0.03745469863343345,167.7542614525533,26.69891993490405,True,FAIL_RELATIVE_EQUILIBRIUM_GATE,7.6697757571647225,0.5189226963871878,0.23225156062952573,-32.02357037505167,4.958547411186125,4.9490654517820305,15.370644939553504,1.2961348349706427,1.2106771584514024,,,,,
B6A_PHYSICAL_TUBES,128,0.05,winckelmans,fixed_sampled_reach,mirror_trefoil,3:1:1,discrete_axial_tubes,physical_tubes,1.0,0.2373588220132305,0.1873588220132305,0.1873588220132305,37,0.01540080030084989,1.0,37.0,335.5085229051066,167.7542614525533,0.03745469863343345,167.7542614525533,26.69891993490405,True,FAIL_RELATIVE_EQUILIBRIUM_GATE,7.647471287500949,0.5139870720716467,0.23225156062952573,-31.927534552500823,4.94412746283159,4.9490654517820305,15.370644939553504,1.2961348349706427,1.2106771584514024,,,,,
