1 1.22227 
2 1.25659 
3 1.25604 
4 1.25604 
5 1.25603 
6 1.25601 
7 1.25596 
8 1.2559 
9 1.25588 
10 1.25588 
11 1.25587 
12 1.25586 
13 1.25585 
14 1.25455 
15 1.25527 
16 1.25515 
17 1.25577 
18 1.25567 
19 1.25598 
20 1.25584 
21 1.25606 
22 1.25591 
23 1.25608 
24 1.25592 
25 1.25605 
26 1.25596 
27 1.25599 
28 1.25601 
29 1.25594 
30 1.25586 
31 1.25603 
32 1.2556 
33 1.25594 
34 1.25591 
35 1.2558 
36 1.25576 
37 1.25568 
38 1.25562 
39 1.25555 
40 1.25552 
41 1.25551 
42 1.2552 
43 1.25517 
44 1.25507 
45 1.25503 
46 1.25487 
47 1.25486 
48 1.25483 
49 1.25483 
50 1.25482 
51 1.25482 
52 1.25481 
53 1.25479 
54 1.25477 
55 1.25427 
56 1.25417 
57 1.25414 
58 1.25415 
59 1.25412 
60 1.25409 
61 1.25408 
62 1.25405 
63 1.25402 
64 1.25397 
65 1.25395 
66 1.25394 
67 1.25389 
68 1.25096 
69 1.25088 
70 1.25084 
71 1.25085 
72 1.25086 
73 1.25083 
74 1.25089 
75 1.2508 
76 1.25089 
77 1.25077 
78 1.25085 
79 1.25089 
80 1.25106 
81 1.25107 
82 1.25107 
83 1.25104 
84 1.25104 
85 1.25101 
86 1.25099 
87 1.25095 
88 1.25091 
89 1.24963 
90 1.24961 
91 1.24957 
92 1.24958 
93 1.24956 
94 1.24957 
95 1.24955 
96 1.24955 
97 1.24954 
98 1.24955 
99 1.24954 
100 1.24954 
101 1.24952 
102 1.24952 
103 1.24952 
104 1.24952 
105 1.24952 
106 1.24951 
107 1.24951 
108 1.2495 
109 1.24948 
110 1.24765 
111 1.2476 
112 1.24768 
113 1.24756 
114 1.24761 
115 1.24756 
116 1.24751 
117 1.24757 
118 1.24748 
119 1.24757 
120 1.24748 
121 1.24756 
122 1.24747 
123 1.24758 
124 1.24755 
125 1.24763 
126 1.24762 
127 1.24762 
128 1.24762 
129 1.24761 
130 1.24761 
131 1.24761 
132 1.24761 
133 1.24761 
134 1.2476 
135 1.2476 
136 1.24759 
137 1.24758 
138 1.24756 
139 1.24656 
140 1.24653 
141 1.24651 
142 1.2465 
143 1.24648 
144 1.24647 
145 1.24645 
146 1.24645 
147 1.24642 
148 1.24642 
149 1.24651 
150 1.24644 
151 1.24656 
152 1.2465 
153 1.24656 
154 1.24653 
155 1.24654 
156 1.24652 
157 1.24653 
158 1.24652 
159 1.24652 
160 1.24651 
161 1.2465 
162 1.24648 
163 1.24648 
164 1.24647 
165 1.24646 
166 1.24643 
167 1.24643 
168 1.24639 
169 1.24634 
170 1.24633 
171 1.24633 
172 1.24523 
173 1.2462 
174 1.24611 
175 1.24676 
176 1.24668 
177 1.24711 
178 1.24702 
179 1.24733 
180 1.24723 
181 1.24747 
182 1.24736 
183 1.24755 
184 1.24765 
185 1.2476 
186 1.24769 
187 1.24765 
188 1.24767 
189 1.24761 
190 1.24765 
191 1.24765 
192 1.24765 
193 1.24764 
194 1.24764 
195 1.24761 
196 1.2476 
197 1.24759 
198 1.24758 
199 1.24756 
200 1.24754 
201 1.24753 
202 1.24648 
203 1.24649 
204 1.2465 
205 1.2465 
206 1.24649 
207 1.24651 
208 1.2465 
209 1.24652 
210 1.24652 
211 1.24653 
212 1.24653 
213 1.24654 
214 1.24654 
215 1.24655 
216 1.24655 
217 1.24656 
218 1.24657 
219 1.24657 
220 1.24658 
221 1.24658 
222 1.24658 
223 1.24658 
224 1.24658 
225 1.24658 
226 1.24658 
227 1.24658 
228 1.24658 
229 1.24658 
230 1.24658 
231 1.24658 
232 1.24658 
233 1.24658 
234 1.24658 
235 1.24658 
236 1.24656 
237 1.24656 
238 1.24656 
239 1.24656 
240 1.24656 
241 1.24656 
242 1.24656 
243 1.24656 
244 1.24656 
245 1.24655 
246 1.24655 
247 1.24655 
248 1.24655 
249 1.24655 
250 1.24618 
251 1.24611 
252 1.24639 
253 1.24633 
254 1.24642 
255 1.24636 
256 1.24641 
257 1.24636 
258 1.24639 
259 1.24635 
260 1.24638 
261 1.24633 
262 1.24644 
263 1.24656 
264 1.24659 
265 1.2466 
266 1.24661 
267 1.24663 
268 1.24664 
269 1.24661 
270 1.24661 
271 1.2466 
272 1.2466 
273 1.2466 
274 1.2466 
275 1.2466 
276 1.2466 
277 1.2466 
278 1.2466 
279 1.2466 
280 1.24659 
281 1.24656 
282 1.24654 
283 1.24654 
284 1.24654 
285 1.24652 
286 1.24649 
287 1.24649 
288 1.24649 
289 1.24649 
290 1.24649 
291 1.24646 
292 1.24428 
293 1.24425 
294 1.24447 
295 1.24433 
296 1.24462 
297 1.24451 
298 1.2447 
299 1.24463 
300 1.24475 
301 1.24471 
302 1.2448 
303 1.24477 
304 1.24483 
305 1.24482 
306 1.24487 
307 1.24486 
308 1.2449 
309 1.2449 
310 1.24493 
311 1.24494 
312 1.24497 
313 1.24498 
314 1.24499 
315 1.24501 
316 1.24501 
317 1.24503 
318 1.24503 
319 1.24503 
320 1.24504 
321 1.24504 
322 1.24504 
323 1.24505 
324 1.24505 
325 1.24506 
326 1.24507 
327 1.24507 
328 1.24507 
329 1.24507 
330 1.24507 
331 1.24507 
332 1.24507 
333 1.24507 
334 1.24504 
335 1.24505 
336 1.24406 
337 1.24412 
338 1.24413 
339 1.24415 
340 1.24419 
341 1.24422 
342 1.24425 
343 1.24428 
344 1.24431 
345 1.24434 
346 1.24436 
347 1.24439 
348 1.24441 
349 1.24443 
350 1.24444 
351 1.24447 
352 1.24449 
353 1.2445 
354 1.2445 
355 1.24451 
356 1.24452 
357 1.2445 
358 1.2445 
359 1.2445 
360 1.2445 
361 1.2445 
362 1.2445 
363 1.2445 
364 1.2445 
365 1.2445 
366 1.24448 
367 1.24443 
368 1.24444 
369 1.24442 
370 1.24442 
371 1.24443 
372 1.24413 
373 1.24408 
374 1.24413 
375 1.24415 
376 1.24417 
377 1.24421 
378 1.24431 
379 1.24433 
380 1.24435 
381 1.24436 
382 1.24437 
383 1.24438 
384 1.24439 
385 1.24435 
386 1.24432 
387 1.24433 
388 1.24433 
389 1.24433 
390 1.24433 
391 1.24433 
392 1.24433 
393 1.24433 
394 1.24432 
395 1.24432 
396 1.24432 
397 1.24432 
398 1.24432 
399 1.24432 
400 1.24432 
401 1.2443 
402 1.24429 
403 1.24304 
404 1.24308 
405 1.24309 
406 1.24313 
407 1.24313 
408 1.24314 
409 1.24318 
410 1.24317 
411 1.24325 
412 1.24321 
413 1.24332 
414 1.24328 
415 1.24339 
416 1.24335 
417 1.24347 
418 1.24343 
419 1.24353 
420 1.24352 
421 1.24356 
422 1.24357 
423 1.24359 
424 1.24369 
425 1.2437 
426 1.2437 
427 1.2437 
428 1.2437 
429 1.24371 
430 1.24371 
431 1.24372 
432 1.24373 
433 1.24374 
434 1.24375 
435 1.24376 
436 1.24377 
437 1.24374 
438 1.24372 
439 1.24368 
440 1.24368 
441 1.24368 
442 1.24369 
443 1.24368 
444 1.24368 
445 1.24368 
446 1.24368 
447 1.24368 
448 1.24368 
449 1.24366 
450 1.24264 
451 1.24267 
452 1.24267 
453 1.24271 
454 1.2427 
455 1.24277 
456 1.24276 
457 1.24283 
458 1.24283 
459 1.24289 
460 1.24289 
461 1.24295 
462 1.24296 
463 1.243 
464 1.24301 
465 1.24305 
466 1.24307 
467 1.24312 
468 1.24323 
469 1.24324 
470 1.24326 
471 1.24327 
472 1.24328 
473 1.2433 
474 1.24331 
475 1.24332 
476 1.24334 
477 1.24334 
478 1.24334 
479 1.24334 
480 1.24334 
481 1.24334 
482 1.24334 
483 1.24334 
484 1.24334 
485 1.24334 
486 1.24334 
487 1.24334 
488 1.24334 
489 1.24334 
490 1.24334 
491 1.24334 
492 1.24334 
493 1.24335 
494 1.24335 
495 1.24336 
496 1.24335 
497 1.24333 
498 1.24333 
499 1.24333 
500 1.24331 
501 1.2431 
502 1.24316 
503 1.24317 
504 1.24318 
505 1.24318 
506 1.24319 
507 1.24319 
508 1.2432 
509 1.2432 
510 1.2432 
511 1.24274 
512 1.24269 
513 1.24279 
514 1.24274 
515 1.24285 
516 1.24283 
517 1.2429 
518 1.24292 
519 1.24296 
520 1.243 
521 1.24302 
522 1.24307 
523 1.24308 
524 1.24314 
525 1.24315 
526 1.24315 
527 1.24315 
528 1.24315 
529 1.24315 
530 1.24316 
531 1.24316 
532 1.24317 
533 1.24317 
534 1.24318 
535 1.24319 
536 1.2432 
537 1.24322 
538 1.24323 
539 1.24323 
540 1.24185 
541 1.24193 
542 1.24188 
543 1.24204 
544 1.24196 
545 1.24214 
546 1.24207 
547 1.24222 
548 1.24216 
549 1.24229 
550 1.24223 
551 1.24235 
552 1.2423 
553 1.24242 
554 1.24236 
555 1.24247 
556 1.24247 
557 1.24243 
558 1.24242 
559 1.2424 
560 1.24238 
561 1.24237 
562 1.24236 
563 1.24237 
564 1.24239 
565 1.2424 
566 1.24241 
567 1.24214 
568 1.2422 
569 1.24221 
570 1.24225 
571 1.24227 
572 1.24231 
573 1.24233 
574 1.24236 
575 1.24238 
576 1.24242 
577 1.24244 
578 1.24247 
579 1.2425 
580 1.2425 
581 1.2425 
582 1.2425 
583 1.2425 
584 1.2425 
585 1.2425 
586 1.24251 
587 1.24251 
588 1.24251 
589 1.24252 
590 1.24253 
591 1.24254 
592 1.24256 
593 1.24256 
594 1.24256 
595 1.24257 
596 1.24257 
597 1.24257 
598 1.24257 
599 1.24257 
600 1.24257 
601 1.24257 
602 1.24257 
603 1.24257 
604 1.24259 
605 1.24261 
606 1.24262 
607 1.24264 
608 1.24266 
609 1.24353 
610 1.2436 
611 1.24367 
612 1.24362 
613 1.24384 
614 1.24376 
615 1.24397 
616 1.24388 
617 1.24409 
618 1.24406 
619 1.24427 
620 1.2443 
621 1.24434 
622 1.24436 
623 1.24438 
624 1.2444 
625 1.24441 
626 1.24441 
627 1.24441 
628 1.24441 
629 1.24441 
630 1.24441 
631 1.24441 
632 1.24442 
633 1.24442 
634 1.24442 
635 1.24442 
636 1.24437 
637 1.24437 
638 1.24438 
639 1.24438 
640 1.24438 
641 1.24438 
642 1.24438 
643 1.24438 
644 1.24438 
645 1.24439 
646 1.24439 
647 1.24439 
648 1.24438 
649 1.24435 
650 1.24419 
651 1.24424 
652 1.24426 
653 1.24428 
654 1.24429 
655 1.24429 
656 1.2443 
657 1.24431 
658 1.24431 
659 1.2443 
660 1.24398 
661 1.24401 
662 1.24403 
663 1.24401 
664 1.24399 
665 1.24391 
666 1.24391 
667 1.24385 
668 1.24388 
669 1.24386 
670 1.24418 
671 1.24418 
672 1.24419 
673 1.24419 
674 1.24422 
675 1.24424 
676 1.24428 
677 1.24431 
678 1.24433 
679 1.24434 
680 1.24435 
681 1.24437 
682 1.24439 
683 1.2444 
684 1.2444 
685 1.24412 
686 1.24417 
687 1.24415 
688 1.24425 
689 1.24424 
690 1.24431 
691 1.24433 
692 1.24439 
693 1.24441 
694 1.24447 
695 1.2445 
696 1.24456 
697 1.24459 
698 1.24465 
699 1.24467 
700 1.24468 
701 1.24468 
702 1.24468 
703 1.24468 
704 1.24469 
705 1.24469 
706 1.24469 
707 1.24469 
708 1.2447 
709 1.2447 
710 1.2447 
711 1.2447 
712 1.2447 
713 1.24471 
714 1.24472 
715 1.24473 
716 1.24475 
717 1.24477 
718 1.24479 
719 1.24481 
720 1.24484 
721 1.24483 
722 1.2434 
723 1.24337 
724 1.24323 
725 1.24331 
726 1.24338 
727 1.2434 
728 1.24351 
729 1.24348 
730 1.24357 
731 1.24353 
732 1.24361 
733 1.24365 
734 1.24369 
735 1.24376 
736 1.24381 
737 1.24387 
738 1.24391 
739 1.24397 
740 1.24402 
741 1.24406 
742 1.24406 
743 1.24406 
744 1.24406 
745 1.24406 
746 1.24406 
747 1.24406 
748 1.24407 
749 1.24412 
750 1.24416 
751 1.24418 
752 1.2442 
753 1.24422 
754 1.24424 
755 1.24427 
756 1.24429 
757 1.24428 
758 1.24428 
759 1.24555 
760 1.24537 
761 1.24547 
762 1.2454 
763 1.24549 
764 1.24548 
765 1.24555 
766 1.24556 
767 1.24564 
768 1.24565 
769 1.24573 
770 1.24572 
771 1.24582 
772 1.24582 
773 1.24605 
774 1.24605 
775 1.24605 
776 1.24605 
777 1.24606 
778 1.24606 
779 1.24606 
780 1.24607 
781 1.24607 
782 1.24608 
783 1.24608 
784 1.24609 
785 1.2461 
786 1.24611 
787 1.24614 
788 1.24616 
789 1.24619 
790 1.24619 
791 1.24619 
792 1.24619 
793 1.24619 
794 1.2462 
795 1.2462 
796 1.2462 
797 1.2462 
798 1.24622 
799 1.24624 
800 1.24625 
801 1.24626 
802 1.24625 
803 1.24535 
804 1.24548 
805 1.24543 
806 1.24556 
807 1.24546 
808 1.24554 
809 1.2454 
810 1.24551 
811 1.2455 
812 1.24549 
813 1.2457 
814 1.24572 
815 1.24572 
816 1.24572 
817 1.24572 
818 1.24572 
819 1.24577 
820 1.2458 
821 1.24587 
822 1.24591 
823 1.24596 
824 1.24598 
825 1.24599 
826 1.24601 
827 1.24603 
828 1.24606 
829 1.24608 
830 1.24611 
831 1.24613 
832 1.24614 
833 1.24615 
834 1.24617 
835 1.24666 
836 1.24675 
837 1.2468 
838 1.24685 
839 1.2469 
840 1.24694 
841 1.24699 
842 1.24703 
843 1.24708 
844 1.24712 
845 1.24713 
846 1.24713 
847 1.24713 
848 1.24713 
849 1.24713 
850 1.24714 
851 1.24714 
852 1.24714 
853 1.24714 
854 1.24714 
855 1.24714 
856 1.24715 
857 1.24715 
858 1.24715 
859 1.24716 
860 1.24716 
861 1.24717 
862 1.24718 
863 1.24719 
864 1.2472 
865 1.24721 
866 1.24723 
867 1.24725 
868 1.24727 
869 1.2473 
870 1.24732 
871 1.24731 
872 1.2473 
873 1.24713 
874 1.24719 
875 1.24722 
876 1.24723 
877 1.24724 
878 1.24725 
879 1.24726 
880 1.24704 
881 1.24708 
882 1.2469 
883 1.24691 
884 1.24689 
885 1.24683 
886 1.247 
887 1.24689 
888 1.24714 
889 1.24706 
890 1.2473 
891 1.24722 
892 1.24735 
893 1.24736 
894 1.24736 
895 1.24736 
896 1.24736 
897 1.24737 
898 1.24737 
899 1.24738 
900 1.2474 
901 1.2474 
902 1.24741 
903 1.24743 
904 1.24745 
905 1.24746 
906 1.24747 
907 1.24749 
908 1.2475 
909 1.24753 
910 1.24755 
911 1.24757 
912 1.2476 
913 1.24763 
914 1.24765 
915 1.24764 
916 1.24762 
917 1.2472 
918 1.2472 
919 1.24725 
920 1.2472 
921 1.24722 
922 1.24725 
923 1.24724 
924 1.24731 
925 1.2473 
926 1.24738 
927 1.24746 
928 1.24749 
929 1.2475 
930 1.2475 
931 1.24751 
932 1.24751 
933 1.24752 
934 1.24753 
935 1.24753 
936 1.24756 
937 1.24759 
938 1.24761 
939 1.24763 
940 1.24765 
941 1.24767 
942 1.2477 
943 1.24771 
944 1.24773 
945 1.24775 
946 1.24777 
947 1.2478 
948 1.24782 
949 1.24853 
950 1.24828 
951 1.24867 
952 1.24849 
953 1.24859 
954 1.24851 
955 1.24857 
956 1.24859 
957 1.24891 
958 1.24891 
959 1.24891 
960 1.24891 
961 1.24891 
962 1.24892 
963 1.24892 
964 1.24892 
965 1.24892 
966 1.24893 
967 1.24893 
968 1.24894 
969 1.24894 
970 1.24894 
971 1.24895 
972 1.24895 
973 1.24895 
974 1.24896 
975 1.24897 
976 1.24898 
977 1.24899 
978 1.249 
979 1.24903 
980 1.24904 
981 1.24902 
982 1.249 
983 1.24899 
984 1.24898 
985 1.24896 
986 1.24894 
987 1.2489 
988 1.24892 
989 1.24891 
990 1.24837 
991 1.24821 
992 1.24824 
993 1.24826 
994 1.24831 
995 1.24825 
996 1.24832 
997 1.2483 
998 1.24838 
999 1.24861 
1000 1.24861 
1001 1.24861 
1002 1.24862 
1003 1.24862 
1004 1.24863 
1005 1.24866 
1006 1.24872 
1007 1.24873 
1008 1.24875 
1009 1.24876 
1010 1.24878 
1011 1.24879 
1012 1.24881 
1013 1.24884 
1014 1.24887 
1015 1.2489 
1016 1.24892 
1017 1.24876 
1018 1.24879 
1019 1.24875 
1020 1.24889 
1021 1.24893 
1022 1.24923 
1023 1.24915 
1024 1.24954 
1025 1.24943 
1026 1.24982 
1027 1.2498 
1028 1.2498 
1029 1.2498 
1030 1.2498 
1031 1.2498 
1032 1.2498 
1033 1.2498 
1034 1.2498 
1035 1.2498 
1036 1.2498 
1037 1.2498 
1038 1.24981 
1039 1.24982 
1040 1.24984 
1041 1.24987 
1042 1.24989 
1043 1.2499 
1044 1.24989 
1045 1.24989 
1046 1.24989 
1047 1.2499 
1048 1.2499 
1049 1.2499 
1050 1.2499 
1051 1.2499 
1052 1.2499 
1053 1.2499 
1054 1.2499 
1055 1.2499 
1056 1.2499 
1057 1.2499 
1058 1.2499 
1059 1.2499 
1060 1.2499 
1061 1.2499 
1062 1.24991 
1063 1.24991 
1064 1.24991 
1065 1.24991 
1066 1.24991 
1067 1.24991 
1068 1.24991 
1069 1.24991 
1070 1.24991 
1071 1.24991 
1072 1.24995 
1073 1.25001 
1074 1.25001 
1075 1.25001 
1076 1.25001 
1077 1.25001 
1078 1.25001 
1079 1.25001 
1080 1.25001 
1081 1.25001 
1082 1.25001 
1083 1.25001 
1084 1.25001 
1085 1.25001 
1086 1.25001 
1087 1.25001 
1088 1.25001 
1089 1.25001 
1090 1.25001 
1091 1.25001 
1092 1.25001 
1093 1.25001 
1094 1.25001 
1095 1.25001 
1096 1.25001 
1097 1.25002 
1098 1.25002 
1099 1.25003 
1100 1.25075 
1101 1.25092 
1102 1.25092 
1103 1.2512 
1104 1.25116 
1105 1.25141 
1106 1.25136 
1107 1.25156 
1108 1.25156 
1109 1.25156 
1110 1.25156 
1111 1.25156 
1112 1.25156 
1113 1.25156 
1114 1.25156 
1115 1.25156 
1116 1.25156 
1117 1.25156 
1118 1.25156 
1119 1.25157 
1120 1.25158 
1121 1.2516 
1122 1.25161 
1123 1.25164 
1124 1.25165 
1125 1.25166 
1126 1.25168 
1127 1.25168 
1128 1.25166 
1129 1.25168 
1130 1.25168 
1131 1.25168 
1132 1.25241 
1133 1.25218 
1134 1.25201 
1135 1.25234 
1136 1.25224 
1137 1.25257 
1138 1.25248 
1139 1.25276 
1140 1.25267 
1141 1.25292 
1142 1.25295 
1143 1.25295 
1144 1.25295 
1145 1.25295 
1146 1.25295 
1147 1.25295 
1148 1.25296 
1149 1.25296 
1150 1.25296 
1151 1.25297 
1152 1.25297 
1153 1.25298 
1154 1.25299 
1155 1.253 
1156 1.25302 
1157 1.25303 
1158 1.25306 
1159 1.25309 
1160 1.25312 
1161 1.25314 
1162 1.25316 
1163 1.25313 
1164 1.25168 
1165 1.2518 
1166 1.25181 
1167 1.25191 
1168 1.25195 
1169 1.25203 
1170 1.25206 
1171 1.25214 
1172 1.25217 
1173 1.25222 
1174 1.25222 
1175 1.25222 
1176 1.25222 
1177 1.25222 
1178 1.25223 
1179 1.25223 
1180 1.25223 
1181 1.25223 
1182 1.25223 
1183 1.25223 
1184 1.25224 
1185 1.25225 
1186 1.25226 
1187 1.25228 
1188 1.25229 
1189 1.2523 
1190 1.25231 
1191 1.25232 
1192 1.25234 
1193 1.25235 
1194 1.25238 
1195 1.2524 
1196 1.25241 
1197 1.25243 
1198 1.25245 
1199 1.25248 
1200 1.25248 
1201 1.25241 
1202 1.25245 
1203 1.25245 
1204 1.25245 
1205 1.25245 
1206 1.25245 
1207 1.25245 
1208 1.25245 
1209 1.25245 
1210 1.25245 
1211 1.25245 
1212 1.25245 
1213 1.25245 
1214 1.25245 
1215 1.25245 
1216 1.25245 
1217 1.25245 
1218 1.25245 
1219 1.25245 
1220 1.25245 
1221 1.25245 
1222 1.25245 
1223 1.25245 
1224 1.25245 
1225 1.25245 
1226 1.25245 
1227 1.25245 
1228 1.25245 
1229 1.25245 
1230 1.25245 
1231 1.25245 
1232 1.25245 
1233 1.25245 
1234 1.25245 
1235 1.25245 
1236 1.25245 
1237 1.25245 
1238 1.25245 
1239 1.25245 
1240 1.25245 
1241 1.25245 
1242 1.25245 
1243 1.25246 
1244 1.25246 
1245 1.25246 
1246 1.25246 
1247 1.25246 
1248 1.25247 
1249 1.25247 
1250 1.25226 
1251 1.25236 
1252 1.2525 
1253 1.25251 
1254 1.25251 
1255 1.25251 
1256 1.25251 
1257 1.25251 
1258 1.25251 
1259 1.25251 
1260 1.25251 
1261 1.25251 
1262 1.25251 
1263 1.25251 
1264 1.25251 
1265 1.25251 
1266 1.25251 
1267 1.25251 
1268 1.25251 
1269 1.25251 
1270 1.25252 
1271 1.25252 
1272 1.25252 
1273 1.25253 
1274 1.25254 
1275 1.25255 
1276 1.25255 
1277 1.25256 
1278 1.25255 
1279 1.25235 
1280 1.25239 
1281 1.25237 
1282 1.25276 
1283 1.25267 
1284 1.25302 
1285 1.25292 
1286 1.2532 
1287 1.25311 
1288 1.25342 
1289 1.25342 
1290 1.25342 
1291 1.25342 
1292 1.25342 
1293 1.25342 
1294 1.25342 
1295 1.25342 
1296 1.25342 
1297 1.25342 
1298 1.25342 
1299 1.25342 
1300 1.25342 
1301 1.25342 
1302 1.25342 
1303 1.25342 
1304 1.25343 
1305 1.25343 
1306 1.25343 
1307 1.25343 
1308 1.25344 
1309 1.25344 
1310 1.25345 
1311 1.25346 
1312 1.25347 
1313 1.25348 
1314 1.2535 
1315 1.25352 
1316 1.25353 
1317 1.25355 
1318 1.25357 
1319 1.25359 
1320 1.25361 
1321 1.25362 
1322 1.25469 
1323 1.25478 
1324 1.25486 
1325 1.25514 
1326 1.25506 
1327 1.25538 
1328 1.25526 
1329 1.25557 
1330 1.25563 
1331 1.25563 
1332 1.25563 
1333 1.25564 
1334 1.25564 
1335 1.25564 
1336 1.25564 
1337 1.25564 
1338 1.25564 
1339 1.25564 
1340 1.25564 
1341 1.25564 
1342 1.25564 
1343 1.25564 
1344 1.25564 
1345 1.25565 
1346 1.25565 
1347 1.25565 
1348 1.25565 
1349 1.25566 
1350 1.25567 
1351 1.25568 
1352 1.25569 
1353 1.25571 
1354 1.25573 
1355 1.25575 
1356 1.25577 
1357 1.2558 
1358 1.25582 
1359 1.25584 
1360 1.25593 
1361 1.25597 
1362 1.25598 
1363 1.25599 
1364 1.25754 
1365 1.2575 
1366 1.25773 
1367 1.25776 
1368 1.25776 
1369 1.25794 
1370 1.2579 
1371 1.2581 
1372 1.2581 
1373 1.2581 
1374 1.2581 
1375 1.2581 
1376 1.2581 
1377 1.2581 
1378 1.2581 
1379 1.2581 
1380 1.2581 
1381 1.2581 
1382 1.2581 
1383 1.2581 
1384 1.2581 
1385 1.25811 
1386 1.25811 
1387 1.25811 
1388 1.25811 
1389 1.25811 
1390 1.25811 
1391 1.25811 
1392 1.25811 
1393 1.25811 
1394 1.25811 
1395 1.25811 
1396 1.25811 
1397 1.25811 
1398 1.25811 
1399 1.25811 
1400 1.25812 
1401 1.25812 
1402 1.25812 
1403 1.25812 
1404 1.25812 
1405 1.25812 
1406 1.25812 
1407 1.25813 
1408 1.25813 
1409 1.25813 
1410 1.25813 
1411 1.25813 
1412 1.25813 
1413 1.25814 
1414 1.25814 
1415 1.25814 
1416 1.25815 
1417 1.25816 
1418 1.25817 
1419 1.25819 
1420 1.25821 
1421 1.25823 
1422 1.25825 
1423 1.25827 
1424 1.25971 
1425 1.25965 
1426 1.25976 
1427 1.25983 
1428 1.25987 
1429 1.25997 
1430 1.26 
1431 1.26009 
1432 1.26013 
1433 1.26022 
1434 1.26022 
1435 1.26022 
1436 1.26022 
1437 1.26022 
1438 1.26022 
1439 1.26022 
1440 1.26022 
1441 1.26022 
1442 1.26022 
1443 1.26022 
1444 1.26022 
1445 1.26022 
1446 1.26022 
1447 1.26022 
1448 1.26022 
1449 1.26023 
1450 1.26023 
1451 1.26023 
1452 1.26023 
1453 1.26024 
1454 1.26024 
1455 1.26026 
1456 1.26027 
1457 1.26027 
1458 1.26028 
1459 1.26029 
1460 1.2603 
1461 1.26033 
1462 1.26036 
1463 1.26038 
1464 1.26039 
1465 1.26041 
1466 1.26042 
1467 1.26043 
1468 1.2611 
1469 1.2625 
1470 1.26234 
1471 1.26293 
1472 1.26281 
1473 1.26314 
1474 1.26305 
1475 1.26312 
1476 1.26312 
1477 1.26312 
1478 1.26312 
1479 1.26312 
1480 1.26312 
1481 1.26312 
1482 1.26313 
1483 1.26313 
1484 1.26313 
1485 1.26313 
1486 1.26314 
1487 1.26314 
1488 1.26314 
1489 1.26314 
1490 1.26315 
1491 1.26315 
1492 1.26315 
1493 1.26315 
1494 1.26316 
1495 1.26316 
1496 1.26317 
1497 1.26318 
1498 1.26319 
1499 1.26322 
1500 1.26322 
1501 1.26323 
1502 1.26321 
1503 1.2632 
1504 1.26318 
1505 1.26318 
1506 1.26317 
1507 1.26315 
1508 1.26312 
1509 1.26317 
1510 1.26319 
1511 1.26474 
1512 1.26452 
1513 1.2644 
1514 1.26451 
1515 1.26439 
1516 1.26462 
1517 1.26447 
1518 1.2647 
1519 1.26459 
1520 1.26478 
1521 1.26499 
1522 1.26499 
1523 1.26499 
1524 1.26499 
1525 1.26499 
1526 1.26499 
1527 1.26499 
1528 1.26499 
1529 1.26499 
1530 1.26499 
1531 1.26499 
1532 1.26499 
1533 1.26499 
1534 1.26499 
1535 1.26499 
1536 1.26499 
1537 1.265 
1538 1.265 
1539 1.265 
1540 1.265 
1541 1.265 
1542 1.265 
1543 1.265 
1544 1.265 
1545 1.265 
1546 1.26501 
1547 1.26501 
1548 1.26502 
1549 1.26502 
1550 1.26503 
1551 1.26503 
1552 1.26504 
1553 1.26506 
1554 1.26507 
1555 1.2651 
1556 1.26512 
1557 1.26515 
1558 1.26518 
1559 1.2652 
1560 1.26522 
1561 1.26524 
1562 1.26527 
1563 1.2653 
1564 1.26533 
1565 1.26534 
1566 1.26534 
1567 1.26534 
1568 1.26534 
1569 1.26534 
1570 1.26534 
1571 1.26534 
1572 1.26534 
1573 1.26534 
1574 1.26534 
1575 1.26534 
1576 1.26534 
1577 1.26534 
1578 1.26534 
1579 1.26534 
1580 1.26534 
1581 1.26534 
1582 1.26534 
1583 1.26534 
1584 1.26534 
1585 1.26534 
1586 1.26535 
1587 1.26621 
1588 1.26693 
1589 1.26691 
1590 1.26709 
1591 1.26706 
1592 1.26719 
1593 1.26718 
1594 1.26728 
1595 1.26727 
1596 1.26737 
1597 1.26742 
1598 1.26742 
1599 1.26742 
1600 1.26742 
1601 1.26742 
1602 1.26742 
1603 1.26743 
1604 1.26743 
1605 1.26743 
1606 1.26743 
1607 1.26743 
1608 1.26743 
1609 1.26743 
1610 1.26743 
1611 1.26743 
1612 1.26743 
1613 1.26744 
1614 1.26744 
1615 1.26744 
1616 1.26744 
1617 1.26744 
1618 1.26744 
1619 1.26744 
1620 1.26745 
1621 1.26746 
1622 1.26747 
1623 1.26748 
1624 1.26749 
1625 1.26751 
1626 1.26752 
1627 1.26755 
1628 1.26756 
1629 1.26757 
1630 1.26757 
1631 1.26756 
1632 1.26754 
1633 1.26751 
1634 1.26746 
1635 1.2674 
1636 1.26743 
1637 1.26744 
1638 1.26744 
1639 1.26745 
1640 1.26746 
1641 1.26746 
1642 1.26748 
1643 1.26947 
1644 1.26936 
1645 1.26942 
1646 1.26932 
1647 1.26931 
1648 1.26937 
1649 1.2694 
1650 1.26941 
1651 1.26942 
1652 1.26944 
1653 1.26946 
1654 1.26949 
1655 1.26949 
1656 1.2695 
1657 1.2695 
1658 1.26951 
1659 1.26951 
1660 1.26953 
1661 1.26954 
1662 1.26955 
1663 1.26956 
1664 1.26957 
1665 1.26958 
1666 1.26959 
1667 1.2696 
1668 1.26961 
1669 1.26963 
1670 1.26965 
1671 1.26965 
1672 1.26968 
1673 1.2697 
1674 1.26972 
1675 1.26973 
1676 1.26975 
1677 1.26977 
1678 1.26979 
1679 1.2698 
1680 1.26981 
1681 1.26895 
1682 1.26899 
1683 1.26952 
1684 1.26937 
1685 1.26967 
1686 1.26955 
1687 1.26974 
1688 1.26973 
1689 1.26973 
1690 1.26974 
1691 1.26976 
1692 1.26976 
1693 1.26976 
1694 1.26976 
1695 1.26976 
1696 1.26976 
1697 1.26976 
1698 1.26978 
1699 1.26979 
1700 1.26979 
1701 1.26979 
1702 1.26979 
1703 1.26979 
1704 1.2698 
1705 1.2698 
1706 1.2698 
1707 1.2698 
1708 1.26981 
1709 1.26981 
1710 1.26985 
1711 1.26985 
1712 1.26986 
1713 1.26988 
1714 1.26988 
1715 1.26988 
1716 1.26988 
1717 1.26992 
1718 1.26993 
1719 1.26993 
1720 1.26994 
1721 1.26995 
1722 1.26995 
1723 1.26995 
1724 1.26996 
1725 1.26998 
1726 1.27001 
1727 1.27002 
1728 1.27005 
1729 1.27007 
1730 1.27009 
1731 1.27012 
1732 1.27015 
1733 1.27015 
1734 1.27013 
1735 1.27015 
1736 1.27015 
1737 1.27003 
1738 1.27007 
1739 1.27007 
1740 1.27007 
1741 1.27008 
1742 1.27008 
1743 1.27009 
1744 1.27009 
1745 1.27009 
1746 1.26922 
1747 1.26933 
1748 1.26971 
1749 1.26964 
1750 1.26996 
1751 1.26989 
1752 1.26994 
1753 1.26994 
1754 1.26994 
1755 1.26994 
1756 1.26995 
1757 1.26995 
1758 1.26995 
1759 1.26995 
1760 1.26996 
1761 1.26997 
1762 1.26997 
1763 1.26997 
1764 1.26998 
1765 1.26999 
1766 1.27002 
1767 1.27004 
1768 1.27006 
1769 1.27007 
1770 1.27009 
1771 1.27011 
1772 1.27012 
1773 1.27014 
1774 1.27014 
1775 1.27016 
1776 1.27016 
1777 1.27018 
1778 1.27011 
1779 1.26995 
1780 1.2707 
1781 1.27058 
1782 1.27099 
1783 1.27089 
1784 1.2712 
1785 1.2712 
1786 1.2712 
1787 1.2712 
1788 1.2712 
1789 1.2712 
1790 1.2712 
1791 1.2712 
1792 1.2712 
1793 1.27121 
1794 1.27121 
1795 1.27121 
1796 1.27121 
1797 1.27121 
1798 1.27121 
1799 1.27121 
1800 1.27121 
1801 1.27121 
1802 1.27121 
1803 1.27121 
1804 1.27121 
1805 1.27121 
1806 1.27121 
1807 1.27121 
1808 1.27121 
1809 1.27121 
1810 1.27121 
1811 1.27121 
1812 1.27121 
1813 1.27121 
1814 1.27122 
1815 1.27122 
1816 1.27122 
1817 1.27122 
1818 1.27122 
1819 1.27123 
1820 1.27123 
1821 1.27124 
1822 1.27125 
1823 1.27126 
1824 1.27128 
1825 1.27129 
1826 1.27131 
1827 1.27132 
1828 1.27135 
1829 1.27135 
1830 1.27136 
1831 1.27123 
1832 1.27127 
1833 1.27128 
1834 1.27128 
1835 1.27128 
1836 1.27129 
1837 1.27129 
1838 1.27129 
1839 1.27129 
1840 1.27129 
1841 1.2713 
1842 1.2713 
1843 1.2713 
1844 1.27131 
1845 1.27131 
1846 1.27078 
1847 1.27012 
1848 1.27035 
1849 1.27036 
1850 1.27036 
1851 1.27036 
1852 1.27036 
1853 1.27036 
1854 1.27036 
1855 1.27036 
1856 1.27036 
1857 1.27036 
1858 1.27036 
1859 1.27036 
1860 1.27036 
1861 1.27036 
1862 1.27036 
1863 1.27036 
1864 1.27036 
1865 1.27037 
1866 1.27038 
1867 1.27039 
1868 1.2704 
1869 1.27041 
1870 1.27041 
1871 1.27042 
1872 1.27043 
1873 1.27043 
1874 1.27044 
1875 1.27044 
1876 1.27045 
1877 1.27045 
1878 1.27044 
1879 1.27045 
1880 1.27045 
1881 1.27046 
1882 1.27045 
1883 1.26975 
1884 1.26983 
1885 1.27026 
1886 1.27016 
1887 1.27041 
1888 1.27033 
1889 1.27055 
1890 1.27055 
1891 1.27055 
1892 1.27055 
1893 1.27055 
1894 1.27056 
1895 1.27056 
1896 1.27056 
1897 1.27056 
1898 1.27057 
1899 1.27057 
1900 1.27057 
1901 1.27057 
1902 1.27058 
1903 1.27059 
1904 1.2706 
1905 1.2706 
1906 1.27062 
1907 1.27063 
1908 1.27064 
1909 1.27065 
1910 1.27066 
1911 1.27068 
1912 1.2707 
1913 1.27072 
1914 1.27073 
1915 1.27074 
1916 1.27075 
1917 1.27076 
1918 1.27079 
1919 1.27082 
1920 1.27089 
1921 1.27099 
1922 1.27101 
1923 1.27101 
1924 1.27102 
1925 1.27102 
1926 1.27102 
1927 1.27102 
1928 1.27102 
1929 1.27102 
1930 1.27102 
1931 1.27102 
1932 1.27102 
1933 1.27102 
1934 1.27102 
1935 1.27102 
1936 1.27102 
1937 1.27102 
1938 1.27102 
1939 1.27102 
1940 1.27102 
1941 1.27102 
1942 1.27102 
1943 1.27102 
1944 1.27102 
1945 1.27102 
1946 1.27103 
1947 1.27103 
1948 1.27103 
1949 1.27103 
1950 1.27103 
1951 1.27103 
1952 1.27103 
1953 1.27104 
1954 1.27105 
1955 1.27134 
1956 1.27152 
1957 1.27156 
1958 1.27156 
1959 1.27156 
1960 1.27156 
1961 1.27156 
1962 1.27156 
1963 1.27156 
1964 1.27156 
1965 1.27156 
1966 1.27156 
1967 1.27156 
1968 1.27156 
1969 1.27156 
1970 1.27156 
1971 1.27156 
1972 1.27156 
1973 1.27156 
1974 1.27156 
1975 1.27156 
1976 1.27157 
1977 1.27157 
1978 1.27157 
1979 1.27157 
1980 1.27157 
1981 1.27157 
1982 1.27157 
1983 1.27157 
1984 1.27157 
1985 1.27158 
1986 1.27158 
1987 1.27159 
1988 1.2716 
1989 1.27161 
1990 1.27162 
1991 1.27164 
1992 1.2716 
1993 1.2716 
1994 1.27161 
1995 1.27161 
1996 1.27162 
1997 1.27162 
1998 1.27163 
1999 1.27163 
2000 1.27163 
2001 1.27162 
2002 1.27161 
2003 1.27089 
2004 1.27094 
2005 1.27129 
2006 1.27125 
2007 1.27146 
2008 1.27143 
2009 1.27158 
2010 1.27163 
2011 1.27163 
2012 1.27163 
2013 1.27163 
2014 1.27163 
2015 1.27163 
2016 1.27163 
2017 1.27163 
2018 1.27163 
2019 1.27163 
2020 1.27163 
2021 1.27163 
2022 1.27163 
2023 1.27163 
2024 1.27163 
2025 1.27164 
2026 1.27164 
2027 1.27164 
2028 1.27164 
2029 1.27164 
2030 1.27164 
2031 1.27164 
2032 1.27165 
2033 1.27165 
2034 1.27165 
2035 1.27165 
2036 1.27165 
2037 1.27165 
2038 1.27166 
2039 1.27166 
2040 1.27167 
2041 1.27167 
2042 1.27168 
2043 1.27168 
2044 1.2717 
2045 1.27171 
2046 1.27172 
2047 1.27173 
2048 1.27175 
2049 1.27177 
2050 1.27178 
2051 1.2718 
2052 1.27183 
2053 1.27187 
2054 1.27192 
2055 1.27194 
2056 1.27195 
2057 1.27196 
2058 1.27217 
2059 1.2728 
2060 1.27282 
2061 1.27293 
2062 1.27302 
2063 1.27302 
2064 1.27302 
2065 1.27302 
2066 1.27302 
2067 1.27302 
2068 1.27302 
2069 1.27302 
2070 1.27302 
2071 1.27302 
2072 1.27302 
2073 1.27302 
2074 1.27302 
2075 1.27302 
2076 1.27302 
2077 1.27302 
2078 1.27302 
2079 1.27302 
2080 1.27302 
2081 1.27302 
2082 1.27302 
2083 1.27302 
2084 1.27302 
2085 1.27303 
2086 1.27303 
2087 1.27303 
2088 1.27303 
2089 1.27303 
2090 1.27303 
2091 1.27303 
2092 1.27303 
2093 1.27303 
2094 1.27303 
2095 1.27303 
2096 1.27303 
2097 1.27304 
2098 1.27304 
2099 1.27304 
2100 1.27304 
2101 1.27304 
2102 1.27304 
2103 1.27304 
2104 1.27304 
2105 1.27304 
2106 1.27304 
2107 1.27304 
2108 1.27305 
2109 1.27305 
2110 1.27305 
2111 1.27305 
2112 1.27305 
2113 1.27305 
2114 1.27305 
2115 1.27305 
2116 1.27305 
2117 1.27306 
2118 1.27306 
2119 1.27306 
2120 1.27306 
2121 1.27306 
2122 1.27307 
2123 1.27307 
2124 1.27307 
2125 1.27307 
2126 1.27308 
2127 1.27308 
2128 1.27308 
2129 1.27309 
2130 1.2731 
2131 1.27311 
2132 1.27312 
2133 1.27312 
2134 1.27311 
2135 1.27302 
2136 1.2731 
2137 1.27313 
2138 1.27313 
2139 1.27313 
2140 1.27314 
2141 1.27314 
2142 1.27314 
2143 1.27315 
2144 1.27315 
2145 1.27315 
2146 1.27316 
2147 1.27316 
2148 1.27317 
2149 1.27317 
2150 1.27318 
2151 1.27319 
2152 1.27332 
2153 1.2733 
2154 1.27332 
2155 1.27151 
2156 1.27176 
2157 1.27229 
2158 1.27228 
2159 1.27252 
2160 1.27253 
2161 1.27267 
2162 1.2727 
2163 1.2727 
2164 1.2727 
2165 1.2727 
2166 1.2727 
2167 1.2727 
2168 1.2727 
2169 1.2727 
2170 1.2727 
2171 1.27271 
2172 1.27271 
2173 1.27271 
2174 1.27271 
2175 1.27271 
2176 1.27271 
2177 1.27271 
2178 1.27271 
2179 1.27271 
2180 1.27271 
2181 1.27271 
2182 1.27271 
2183 1.27271 
2184 1.27272 
2185 1.27272 
2186 1.27272 
2187 1.27272 
2188 1.27272 
2189 1.27273 
2190 1.27273 
2191 1.27273 
2192 1.27273 
2193 1.27273 
2194 1.27273 
2195 1.27274 
2196 1.27274 
2197 1.27275 
2198 1.27277 
2199 1.27278 
2200 1.2728 
2201 1.27281 
2202 1.27283 
2203 1.27286 
2204 1.27287 
2205 1.27289 
2206 1.2729 
2207 1.2729 
2208 1.27289 
2209 1.27402 
2210 1.27477 
2211 1.27458 
2212 1.27486 
2213 1.27479 
2214 1.27494 
2215 1.27504 
2216 1.27505 
2217 1.27506 
2218 1.27506 
2219 1.27507 
2220 1.27511 
2221 1.27512 
2222 1.27513 
2223 1.27514 
2224 1.27515 
2225 1.27521 
2226 1.27522 
2227 1.27523 
2228 1.27525 
2229 1.27527 
2230 1.27531 
2231 1.27531 
2232 1.27535 
2233 1.27538 
2234 1.27538 
2235 1.27542 
2236 1.27542 
2237 1.27546 
2238 1.27547 
2239 1.27549 
2240 1.27552 
2241 1.27557 
2242 1.2756 
2243 1.27565 
2244 1.2757 
2245 1.27573 
2246 1.27576 
2247 1.27586 
2248 1.27759 
2249 1.27804 
2250 1.27807 
2251 1.27833 
2252 1.27838 
2253 1.27838 
2254 1.27838 
2255 1.27838 
2256 1.27838 
2257 1.27838 
2258 1.27838 
2259 1.27838 
2260 1.27838 
2261 1.27838 
2262 1.27838 
2263 1.27838 
2264 1.27838 
2265 1.27838 
2266 1.27838 
2267 1.27838 
2268 1.27838 
2269 1.27839 
2270 1.27839 
2271 1.27839 
2272 1.27839 
2273 1.27839 
2274 1.27839 
2275 1.27839 
2276 1.2784 
2277 1.27841 
2278 1.27842 
2279 1.27842 
2280 1.27844 
2281 1.27845 
2282 1.27846 
2283 1.27847 
2284 1.2785 
2285 1.27852 
2286 1.27854 
2287 1.27855 
2288 1.27859 
2289 1.27862 
2290 1.27865 
2291 1.27868 
2292 1.27875 
2293 1.27879 
2294 1.2788 
2295 1.2788 
2296 1.2788 
2297 1.27881 
2298 1.27881 
2299 1.27881 
2300 1.27882 
2301 1.27882 
2302 1.27883 
2303 1.27945 
2304 1.27939 
2305 1.27947 
2306 1.2795 
2307 1.27977 
2308 1.27977 
2309 1.27977 
2310 1.27977 
2311 1.27977 
2312 1.27977 
2313 1.27977 
2314 1.27977 
2315 1.27977 
2316 1.27977 
2317 1.27977 
2318 1.27977 
2319 1.27977 
2320 1.27977 
2321 1.27977 
2322 1.27977 
2323 1.27977 
2324 1.27977 
2325 1.27977 
2326 1.27978 
2327 1.27978 
2328 1.27978 
2329 1.27978 
2330 1.27978 
2331 1.27978 
2332 1.27978 
2333 1.27978 
2334 1.27979 
2335 1.27979 
2336 1.27979 
2337 1.27979 
2338 1.27979 
2339 1.2798 
2340 1.2798 
2341 1.2798 
2342 1.2798 
2343 1.2798 
2344 1.27981 
2345 1.27981 
2346 1.27981 
2347 1.27981 
2348 1.27981 
2349 1.27982 
2350 1.27982 
2351 1.27984 
2352 1.27984 
2353 1.27985 
2354 1.27985 
2355 1.27986 
2356 1.27987 
2357 1.27988 
2358 1.27988 
2359 1.27989 
2360 1.27989 
2361 1.2799 
2362 1.2799 
2363 1.2799 
2364 1.27992 
2365 1.27993 
2366 1.27993 
2367 1.27994 
2368 1.27996 
2369 1.27998 
2370 1.28 
2371 1.28111 
2372 1.28115 
2373 1.28146 
2374 1.28161 
2375 1.28178 
2376 1.28197 
2377 1.2821 
2378 1.2821 
2379 1.2821 
2380 1.2821 
2381 1.2821 
2382 1.2821 
2383 1.2821 
2384 1.2821 
2385 1.2821 
2386 1.2821 
2387 1.2821 
2388 1.2821 
2389 1.2821 
2390 1.28211 
2391 1.28211 
2392 1.28211 
2393 1.28211 
2394 1.28211 
2395 1.28211 
2396 1.28211 
2397 1.28211 
2398 1.28211 
2399 1.28212 
2400 1.28213 
2401 1.28213 
2402 1.28213 
2403 1.28213 
2404 1.28214 
2405 1.28214 
2406 1.28214 
2407 1.28214 
2408 1.28216 
2409 1.28218 
2410 1.28221 
2411 1.28223 
2412 1.28228 
2413 1.28231 
2414 1.28237 
2415 1.28242 
2416 1.28248 
2417 1.28253 
2418 1.28258 
2419 1.28272 
2420 1.28272 
2421 1.28272 
2422 1.28273 
2423 1.28274 
2424 1.28274 
2425 1.28274 
2426 1.28274 
2427 1.28275 
2428 1.28275 
2429 1.28289 
2430 1.28299 
2431 1.28301 
2432 1.28302 
2433 1.28464 
2434 1.28486 
2435 1.28524 
2436 1.28533 
2437 1.28552 
2438 1.28552 
2439 1.28552 
2440 1.28552 
2441 1.28552 
2442 1.28552 
2443 1.28552 
2444 1.28553 
2445 1.28553 
2446 1.28553 
2447 1.28553 
2448 1.28554 
2449 1.28554 
2450 1.28554 
2451 1.28554 
2452 1.28555 
2453 1.28555 
2454 1.28556 
2455 1.28556 
2456 1.28556 
2457 1.28556 
2458 1.28557 
2459 1.28557 
2460 1.28557 
2461 1.28557 
2462 1.28559 
2463 1.28559 
2464 1.28559 
2465 1.28562 
2466 1.28564 
2467 1.28568 
2468 1.28571 
2469 1.28574 
2470 1.28578 
2471 1.2858 
2472 1.28582 
2473 1.28583 
2474 1.28752 
2475 1.28765 
2476 1.28783 
2477 1.28788 
2478 1.28799 
2479 1.28829 
2480 1.2883 
2481 1.2883 
2482 1.2883 
2483 1.2883 
2484 1.28831 
2485 1.28831 
2486 1.28831 
2487 1.28831 
2488 1.28831 
2489 1.28831 
2490 1.28833 
2491 1.28833 
2492 1.28833 
2493 1.28833 
2494 1.28836 
2495 1.28836 
2496 1.28836 
2497 1.28836 
2498 1.28836 
2499 1.28837 
2500 1.28837 
2501 1.28837 
2502 1.28837 
2503 1.28839 
2504 1.28839 
2505 1.28839 
2506 1.28841 
2507 1.28842 
2508 1.28842 
2509 1.28842 
2510 1.28845 
2511 1.28847 
2512 1.28847 
2513 1.2885 
2514 1.28853 
2515 1.28856 
2516 1.28859 
2517 1.28861 
2518 1.28865 
2519 1.28866 
2520 1.28869 
2521 1.2887 
2522 1.28871 
2523 1.28872 
2524 1.28874 
2525 1.28875 
2526 1.28881 
2527 1.28892 
2528 1.28909 
2529 1.28982 
2530 1.29001 
2531 1.29004 
2532 1.2901 
2533 1.29014 
2534 1.29016 
2535 1.29018 
2536 1.29021 
2537 1.29024 
2538 1.29026 
2539 1.29031 
2540 1.29036 
2541 1.29067 
2542 1.29074 
2543 1.29075 
2544 1.29075 
2545 1.29076 
2546 1.29076 
2547 1.29077 
2548 1.29077 
2549 1.29078 
2550 1.29139 
2551 1.29139 
2552 1.29195 
2553 1.29199 
2554 1.29199 
2555 1.29199 
2556 1.29199 
2557 1.292 
2558 1.292 
2559 1.292 
2560 1.292 
2561 1.29201 
2562 1.29201 
2563 1.29201 
2564 1.29201 
2565 1.29201 
2566 1.29201 
2567 1.29202 
2568 1.29202 
2569 1.29203 
2570 1.29203 
2571 1.29203 
2572 1.29203 
2573 1.29204 
2574 1.29205 
2575 1.29205 
2576 1.29205 
2577 1.29207 
2578 1.29208 
2579 1.29208 
2580 1.29209 
2581 1.29209 
2582 1.29211 
2583 1.29212 
2584 1.29214 
2585 1.29214 
2586 1.29216 
2587 1.29217 
2588 1.29217 
2589 1.29219 
2590 1.29219 
2591 1.2922 
2592 1.29221 
2593 1.29221 
2594 1.29222 
2595 1.29225 
2596 1.29226 
2597 1.2923 
2598 1.29238 
2599 1.29276 
2600 1.29289 
2601 1.2929 
2602 1.2929 
2603 1.29291 
2604 1.29292 
2605 1.29293 
2606 1.29294 
2607 1.29295 
2608 1.29296 
2609 1.29345 
2610 1.29364 
2611 1.29375 
2612 1.29375 
2613 1.29375 
2614 1.29375 
2615 1.29375 
2616 1.29375 
2617 1.29375 
2618 1.29376 
2619 1.29376 
2620 1.29376 
2621 1.29376 
2622 1.29376 
2623 1.29376 
2624 1.29376 
2625 1.29376 
2626 1.29376 
2627 1.29376 
2628 1.29376 
2629 1.29376 
2630 1.29376 
2631 1.29376 
2632 1.29376 
2633 1.29376 
2634 1.29376 
2635 1.29376 
2636 1.29377 
2637 1.29377 
2638 1.29377 
2639 1.29377 
2640 1.29377 
2641 1.29377 
2642 1.29377 
2643 1.29377 
2644 1.29377 
2645 1.29377 
2646 1.29377 
2647 1.29378 
2648 1.29378 
2649 1.29378 
2650 1.29378 
2651 1.29378 
2652 1.29379 
2653 1.29379 
2654 1.29379 
2655 1.29379 
2656 1.29379 
2657 1.29379 
2658 1.29379 
2659 1.29379 
2660 1.29379 
2661 1.29379 
2662 1.29379 
2663 1.29381 
2664 1.29381 
2665 1.29381 
2666 1.29382 
2667 1.29382 
2668 1.29382 
2669 1.29382 
2670 1.29382 
2671 1.29384 
2672 1.29385 
2673 1.29385 
2674 1.29387 
2675 1.29388 
2676 1.2939 
2677 1.29392 
2678 1.29395 
2679 1.294 
2680 1.29474 
2681 1.29503 
2682 1.29505 
2683 1.29505 
2684 1.29506 
2685 1.29508 
2686 1.2951 
2687 1.29511 
2688 1.29513 
2689 1.29515 
2690 1.29517 
2691 1.29524 
2692 1.29568 
2693 1.29608 
2694 1.29624 
2695 1.2964 
2696 1.2964 
2697 1.2964 
2698 1.29641 
2699 1.29641 
2700 1.29641 
2701 1.29641 
2702 1.29642 
2703 1.29642 
2704 1.29642 
2705 1.29643 
2706 1.29643 
2707 1.29643 
2708 1.29643 
2709 1.29643 
2710 1.29643 
2711 1.29643 
2712 1.29644 
2713 1.29645 
2714 1.29645 
2715 1.29646 
2716 1.29646 
2717 1.29647 
2718 1.29647 
2719 1.29647 
2720 1.29647 
2721 1.2965 
2722 1.2965 
2723 1.29651 
2724 1.29651 
2725 1.29651 
2726 1.29651 
2727 1.29654 
2728 1.29654 
2729 1.29657 
2730 1.2966 
2731 1.29664 
2732 1.29668 
2733 1.29674 
2734 1.29681 
2735 1.29762 
2736 1.29762 
2737 1.2979 
2738 1.29797 
2739 1.29822 
2740 1.29832 
2741 1.29832 
2742 1.29832 
2743 1.29832 
2744 1.29832 
2745 1.29832 
2746 1.29832 
2747 1.29833 
2748 1.29833 
2749 1.29833 
2750 1.29833 
2751 1.29834 
2752 1.29834 
2753 1.29834 
2754 1.29834 
2755 1.29834 
2756 1.29834 
2757 1.29834 
2758 1.29835 
2759 1.29835 
2760 1.29836 
2761 1.29838 
2762 1.29839 
2763 1.29839 
2764 1.29842 
2765 1.29842 
2766 1.29844 
2767 1.29844 
2768 1.29847 
2769 1.29851 
2770 1.29856 
2771 1.2986 
2772 1.29865 
2773 1.29869 
2774 1.29873 
2775 1.29878 
2776 1.29892 
2777 1.29925 
2778 1.29934 
2779 1.29934 
2780 1.29935 
2781 1.29936 
2782 1.29937 
2783 1.29938 
2784 1.29938 
2785 1.29939 
2786 1.2994 
2787 1.30322 
2788 1.3035 
2789 1.30368 
2790 1.30387 
2791 1.30407 
2792 1.30428 
2793 1.30432 
2794 1.30432 
2795 1.30432 
2796 1.30432 
2797 1.30432 
2798 1.30432 
2799 1.30433 
2800 1.30433 
2801 1.30433 
2802 1.30433 
2803 1.30433 
2804 1.30433 
2805 1.30433 
2806 1.30433 
2807 1.30433 
2808 1.30434 
2809 1.30434 
2810 1.30434 
2811 1.30434 
2812 1.30435 
2813 1.30435 
2814 1.30435 
2815 1.30435 
2816 1.30435 
2817 1.30437 
2818 1.30437 
2819 1.30437 
2820 1.30438 
2821 1.30438 
2822 1.30438 
2823 1.30441 
2824 1.30444 
2825 1.30447 
2826 1.30447 
2827 1.30451 
2828 1.30455 
2829 1.3046 
2830 1.30467 
2831 1.30472 
2832 1.30477 
2833 1.30481 
2834 1.30483 
2835 1.30711 
2836 1.30724 
2837 1.30742 
2838 1.30757 
2839 1.30775 
2840 1.30794 
2841 1.30794 
2842 1.30794 
2843 1.30794 
2844 1.30794 
2845 1.30794 
2846 1.30794 
2847 1.30795 
2848 1.30795 
2849 1.30796 
2850 1.30796 
2851 1.30796 
2852 1.30796 
2853 1.30796 
2854 1.30796 
2855 1.30796 
2856 1.30796 
2857 1.30797 
2858 1.30797 
2859 1.30798 
2860 1.30798 
2861 1.30798 
2862 1.30798 
2863 1.30799 
2864 1.308 
2865 1.308 
2866 1.308 
2867 1.308 
2868 1.308 
2869 1.30803 
2870 1.30803 
2871 1.30803 
2872 1.30803 
2873 1.30806 
2874 1.30806 
2875 1.30806 
2876 1.30806 
2877 1.30806 
2878 1.30808 
2879 1.30809 
2880 1.30809 
2881 1.30809 
2882 1.30812 
2883 1.30812 
2884 1.30815 
2885 1.30815 
2886 1.30816 
2887 1.3082 
2888 1.3082 
2889 1.30823 
2890 1.30824 
2891 1.3083 
2892 1.30835 
2893 1.30841 
2894 1.30847 
2895 1.30852 
2896 1.30853 
2897 1.30871 
2898 1.30876 
2899 1.30895 
2900 1.30897 
2901 1.30898 
2902 1.30898 
2903 1.30898 
2904 1.30898 
2905 1.30898 
2906 1.30898 
2907 1.30898 
2908 1.30898 
2909 1.30899 
2910 1.30899 
2911 1.30899 
2912 1.30899 
2913 1.30899 
2914 1.30899 
2915 1.30899 
2916 1.309 
2917 1.309 
2918 1.30901 
2919 1.30901 
2920 1.30902 
2921 1.30902 
2922 1.30902 
2923 1.30902 
2924 1.31016 
2925 1.31042 
2926 1.31049 
2927 1.31076 
2928 1.31076 
2929 1.31077 
2930 1.31078 
2931 1.31078 
2932 1.31079 
2933 1.3108 
2934 1.3108 
2935 1.3108 
2936 1.31082 
2937 1.31082 
2938 1.31082 
2939 1.31083 
2940 1.31083 
2941 1.31085 
2942 1.31086 
2943 1.31087 
2944 1.31088 
2945 1.3109 
2946 1.31093 
2947 1.31094 
2948 1.31095 
2949 1.31095 
2950 1.31097 
2951 1.31098 
2952 1.311 
2953 1.31101 
2954 1.31102 
2955 1.31103 
2956 1.31364 
2957 1.31478 
2958 1.31467 
2959 1.31523 
2960 1.31523 
2961 1.31523 
2962 1.31523 
2963 1.31523 
2964 1.31523 
2965 1.31523 
2966 1.31523 
2967 1.31523 
2968 1.31525 
2969 1.31525 
2970 1.31529 
2971 1.3153 
2972 1.31533 
2973 1.31535 
2974 1.31538 
2975 1.31541 
2976 1.31544 
2977 1.31548 
2978 1.3155 
2979 1.31551 
2980 1.31556 
2981 1.3156 
2982 1.31566 
2983 1.31571 
2984 1.3158 
2985 1.31604 
2986 1.3161 
2987 1.31611 
2988 1.31613 
2989 1.31614 
2990 1.31807 
2991 1.31881 
2992 1.31882 
2993 1.31916 
2994 1.31916 
2995 1.31916 
2996 1.31916 
2997 1.31916 
2998 1.31916 
2999 1.31916 
3000 1.31916 
3001 1.31916 
3002 1.31916 
3003 1.31916 
3004 1.31916 
3005 1.31916 
3006 1.31916 
3007 1.31917 
3008 1.31917 
3009 1.31917 
3010 1.31917 
3011 1.31917 
3012 1.31917 
3013 1.31917 
3014 1.31917 
3015 1.31917 
3016 1.31917 
3017 1.31918 
3018 1.31919 
3019 1.31919 
3020 1.3192 
3021 1.31922 
3022 1.31922 
3023 1.31923 
3024 1.31924 
3025 1.31925 
3026 1.31926 
3027 1.31928 
3028 1.3193 
3029 1.31931 
3030 1.31933 
3031 1.31934 
3032 1.31935 
3033 1.31937 
3034 1.31939 
3035 1.31979 
3036 1.31993 
3037 1.31997 
3038 1.31998 
3039 1.31999 
3040 1.32 
3041 1.32001 
3042 1.32003 
3043 1.32003 
3044 1.32004 
3045 1.32005 
3046 1.32005 
3047 1.32009 
3048 1.32134 
3049 1.32148 
3050 1.32165 
3051 1.32178 
3052 1.32196 
3053 1.32217 
3054 1.32217 
3055 1.32217 
3056 1.32217 
3057 1.32217 
3058 1.32218 
3059 1.32218 
3060 1.32218 
3061 1.32218 
3062 1.32218 
3063 1.32218 
3064 1.32219 
3065 1.32219 
3066 1.32219 
3067 1.32219 
3068 1.32219 
3069 1.32219 
3070 1.3222 
3071 1.3222 
3072 1.3222 
3073 1.32221 
3074 1.32221 
3075 1.32221 
3076 1.32222 
3077 1.32222 
3078 1.32222 
3079 1.32222 
3080 1.32222 
3081 1.32222 
3082 1.32224 
3083 1.32225 
3084 1.32225 
3085 1.32225 
3086 1.32225 
3087 1.32226 
3088 1.32227 
3089 1.32228 
3090 1.32228 
3091 1.32228 
3092 1.3223 
3093 1.3223 
3094 1.3223 
3095 1.3223 
3096 1.3223 
3097 1.32234 
3098 1.32234 
3099 1.32234 
3100 1.32234 
3101 1.32234 
3102 1.32234 
3103 1.32237 
3104 1.32237 
3105 1.32238 
3106 1.32241 
3107 1.32246 
3108 1.3225 
3109 1.32255 
3110 1.32261 
3111 1.32262 
3112 1.32266 
3113 1.32269 
3114 1.32277 
3115 1.32285 
3116 1.32292 
3117 1.32312 
3118 1.32313 
3119 1.32314 
3120 1.32314 
3121 1.32315 
3122 1.32315 
3123 1.32315 
3124 1.32315 
3125 1.32325 
3126 1.32329 
3127 1.32331 
3128 1.32332 
3129 1.32332 
3130 1.32332 
3131 1.32333 
3132 1.32333 
3133 1.32334 
3134 1.32335 
3135 1.32336 
3136 1.32337 
3137 1.32347 
3138 1.32354 
3139 1.32355 
3140 1.32355 
3141 1.32356 
3142 1.32356 
3143 1.32357 
3144 1.32358 
3145 1.32359 
3146 1.32359 
3147 1.32379 
3148 1.3239 
3149 1.32393 
3150 1.32396 
3151 1.32408 
3152 1.32625 
3153 1.32735 
3154 1.32733 
3155 1.32776 
3156 1.3278 
3157 1.3278 
3158 1.3278 
3159 1.3278 
3160 1.3278 
3161 1.32781 
3162 1.32781 
3163 1.32781 
3164 1.32782 
3165 1.32782 
3166 1.32782 
3167 1.32783 
3168 1.32783 
3169 1.32783 
3170 1.32784 
3171 1.32784 
3172 1.32784 
3173 1.32786 
3174 1.32786 
3175 1.32786 
3176 1.32786 
3177 1.32786 
3178 1.32787 
3179 1.32787 
3180 1.32788 
3181 1.32788 
3182 1.32789 
3183 1.3279 
3184 1.32791 
3185 1.32791 
3186 1.32794 
3187 1.32797 
3188 1.328 
3189 1.32803 
3190 1.32806 
3191 1.3281 
3192 1.32813 
3193 1.3283 
3194 1.33243 
3195 1.3326 
3196 1.33324 
3197 1.33322 
3198 1.33344 
3199 1.33344 
3200 1.33344 
3201 1.33344 
3202 1.33344 
3203 1.33344 
3204 1.33344 
3205 1.33344 
3206 1.33344 
3207 1.33344 
3208 1.33344 
3209 1.33344 
3210 1.33344 
3211 1.33345 
3212 1.33345 
3213 1.33345 
3214 1.33345 
3215 1.33345 
3216 1.33345 
3217 1.33345 
3218 1.33345 
3219 1.33345 
3220 1.33345 
3221 1.33345 
3222 1.33346 
3223 1.33347 
3224 1.33347 
3225 1.33347 
3226 1.33347 
3227 1.33347 
3228 1.33348 
3229 1.33348 
3230 1.33348 
3231 1.33348 
3232 1.33349 
3233 1.33349 
3234 1.33349 
3235 1.33349 
3236 1.33349 
3237 1.3335 
3238 1.3335 
3239 1.3335 
3240 1.3335 
3241 1.33352 
3242 1.33352 
3243 1.33352 
3244 1.33355 
3245 1.33355 
3246 1.33357 
3247 1.33357 
3248 1.33357 
3249 1.33357 
3250 1.33361 
3251 1.33363 
3252 1.33364 
3253 1.33367 
3254 1.33368 
3255 1.33373 
3256 1.33377 
3257 1.33379 
3258 1.33381 
3259 1.33383 
3260 1.3339 
3261 1.33395 
3262 1.33414 
3263 1.33417 
3264 1.3342 
3265 1.33655 
3266 1.33737 
3267 1.33738 
3268 1.33752 
3269 1.33752 
3270 1.33752 
3271 1.33752 
3272 1.33753 
3273 1.33754 
3274 1.33754 
3275 1.33755 
3276 1.33755 
3277 1.33755 
3278 1.33756 
3279 1.33757 
3280 1.33757 
3281 1.33758 
3282 1.33758 
3283 1.33758 
3284 1.33759 
3285 1.33761 
3286 1.33761 
3287 1.33762 
3288 1.33762 
3289 1.33764 
3290 1.33764 
3291 1.33768 
3292 1.33771 
3293 1.33773 
3294 1.33775 
3295 1.33777 
3296 1.33778 
3297 1.33779 
3298 1.33783 
3299 1.34119 
3300 1.34246 
3301 1.34241 
3302 1.34289 
3303 1.34289 
3304 1.34319 
3305 1.34319 
3306 1.34319 
3307 1.34319 
3308 1.34319 
3309 1.34319 
3310 1.34319 
3311 1.34319 
3312 1.34319 
3313 1.34319 
3314 1.34319 
3315 1.34319 
3316 1.34319 
3317 1.3432 
3318 1.3432 
3319 1.3432 
3320 1.3432 
3321 1.3432 
3322 1.3432 
3323 1.3432 
3324 1.34321 
3325 1.34321 
3326 1.34321 
3327 1.34321 
3328 1.34322 
3329 1.34322 
3330 1.34322 
3331 1.34323 
3332 1.34323 
3333 1.34323 
3334 1.34324 
3335 1.34324 
3336 1.34326 
3337 1.34329 
3338 1.34333 
3339 1.34337 
3340 1.34341 
3341 1.34343 
3342 1.34347 
3343 1.3435 
3344 1.34352 
3345 1.34357 
3346 1.34361 
3347 1.34366 
3348 1.3438 
3349 1.34422 
3350 1.34422 
3351 1.34422 
3352 1.34422 
3353 1.34422 
3354 1.34427 
3355 1.34427 
3356 1.34428 
3357 1.34432 
3358 1.34754 
3359 1.34825 
3360 1.3482 
3361 1.34833 
3362 1.34862 
3363 1.34862 
3364 1.34862 
3365 1.34862 
3366 1.34862 
3367 1.34862 
3368 1.34862 
3369 1.34862 
3370 1.34862 
3371 1.34862 
3372 1.34862 
3373 1.34863 
3374 1.34863 
3375 1.34863 
3376 1.34863 
3377 1.34863 
3378 1.34864 
3379 1.34864 
3380 1.34864 
3381 1.34864 
3382 1.34864 
3383 1.34866 
3384 1.34867 
3385 1.34867 
3386 1.34867 
3387 1.34867 
3388 1.34868 
3389 1.34868 
3390 1.34868 
3391 1.34868 
3392 1.34868 
3393 1.3487 
3394 1.34873 
3395 1.34875 
3396 1.34877 
3397 1.34879 
3398 1.34882 
3399 1.34885 
3400 1.34885 
3401 1.34888 
3402 1.34889 
3403 1.34894 
3404 1.34898 
3405 1.34902 
3406 1.34906 
3407 1.34912 
3408 1.34925 
3409 1.34928 
3410 1.34928 
3411 1.34928 
3412 1.34928 
3413 1.34929 
3414 1.34929 
3415 1.34929 
3416 1.34929 
3417 1.34929 
3418 1.3493 
3419 1.34931 
3420 1.34932 
3421 1.35072 
3422 1.35068 
3423 1.35097 
3424 1.35097 
3425 1.35097 
3426 1.35097 
3427 1.35097 
3428 1.35097 
3429 1.35097 
3430 1.35098 
3431 1.35098 
3432 1.35098 
3433 1.35098 
3434 1.35098 
3435 1.35098 
3436 1.35098 
3437 1.35098 
3438 1.35098 
3439 1.35098 
3440 1.35098 
3441 1.35098 
3442 1.35098 
3443 1.35099 
3444 1.35099 
3445 1.35099 
3446 1.35099 
3447 1.35099 
3448 1.35099 
3449 1.35099 
3450 1.35099 
3451 1.35099 
3452 1.351 
3453 1.351 
3454 1.351 
3455 1.351 
3456 1.351 
3457 1.35101 
3458 1.35101 
3459 1.35101 
3460 1.35102 
3461 1.35102 
3462 1.35102 
3463 1.35103 
3464 1.35103 
3465 1.35103 
3466 1.35104 
3467 1.35104 
3468 1.35104 
3469 1.35105 
3470 1.35105 
3471 1.35106 
3472 1.35106 
3473 1.35107 
3474 1.35107 
3475 1.35107 
3476 1.35108 
3477 1.35109 
3478 1.35109 
3479 1.3511 
3480 1.35112 
3481 1.35114 
3482 1.35211 
3483 1.35237 
3484 1.35237 
3485 1.35237 
3486 1.35237 
3487 1.35237 
3488 1.35237 
3489 1.35237 
3490 1.35237 
3491 1.35237 
3492 1.35237 
3493 1.35237 
3494 1.35237 
3495 1.35237 
3496 1.35237 
3497 1.35237 
3498 1.35238 
3499 1.35238 
3500 1.35238 
3501 1.35238 
3502 1.35238 
3503 1.35238 
3504 1.35239 
3505 1.35239 
3506 1.35239 
3507 1.35241 
3508 1.35241 
3509 1.35242 
3510 1.35243 
3511 1.35243 
3512 1.35244 
3513 1.35246 
3514 1.35246 
3515 1.35247 
3516 1.35247 
3517 1.35248 
3518 1.35249 
3519 1.35272 
3520 1.35274 
3521 1.35275 
3522 1.35276 
3523 1.35393 
3524 1.35416 
3525 1.35416 
3526 1.35416 
3527 1.35416 
3528 1.35416 
3529 1.35416 
3530 1.35416 
3531 1.35416 
3532 1.35416 
3533 1.35416 
3534 1.35416 
3535 1.35416 
3536 1.35416 
3537 1.35416 
3538 1.35416 
3539 1.35416 
3540 1.35416 
3541 1.35416 
3542 1.35416 
3543 1.35417 
3544 1.35417 
3545 1.35417 
3546 1.35417 
3547 1.35418 
3548 1.35418 
3549 1.35418 
3550 1.35418 
3551 1.35419 
3552 1.35419 
3553 1.35419 
3554 1.35419 
3555 1.3542 
3556 1.3542 
3557 1.3542 
3558 1.3542 
3559 1.35421 
3560 1.35422 
3561 1.35422 
3562 1.35423 
3563 1.35423 
3564 1.35424 
3565 1.35425 
3566 1.35426 
3567 1.35427 
3568 1.35427 
3569 1.35668 
3570 1.3571 
3571 1.35716 
3572 1.35716 
3573 1.35716 
3574 1.35716 
3575 1.35716 
3576 1.35716 
3577 1.35716 
3578 1.35716 
3579 1.35717 
3580 1.35717 
3581 1.35717 
3582 1.35717 
3583 1.35717 
3584 1.35717 
3585 1.35717 
3586 1.35717 
3587 1.35717 
3588 1.35717 
3589 1.35717 
3590 1.35717 
3591 1.35717 
3592 1.35718 
3593 1.35718 
3594 1.35718 
3595 1.35718 
3596 1.35718 
3597 1.35718 
3598 1.35718 
3599 1.35718 
3600 1.35718 
3601 1.35718 
3602 1.35718 
3603 1.35718 
3604 1.35718 
3605 1.35718 
3606 1.35719 
3607 1.35719 
3608 1.35719 
3609 1.35719 
3610 1.35719 
3611 1.35721 
3612 1.35722 
3613 1.35723 
3614 1.35724 
3615 1.35728 
3616 1.35729 
3617 1.35731 
3618 1.35733 
3619 1.35738 
3620 1.35747 
3621 1.35871 
3622 1.35919 
3623 1.35929 
3624 1.35941 
3625 1.35941 
3626 1.35942 
3627 1.35942 
3628 1.35942 
3629 1.35943 
3630 1.35943 
3631 1.35943 
3632 1.35943 
3633 1.35944 
3634 1.35944 
3635 1.35944 
3636 1.35945 
3637 1.35945 
3638 1.35945 
3639 1.35946 
3640 1.35946 
3641 1.35947 
3642 1.35948 
3643 1.35948 
3644 1.35948 
3645 1.35948 
3646 1.35948 
3647 1.35949 
3648 1.3595 
3649 1.35951 
3650 1.35951 
3651 1.35952 
3652 1.35952 
3653 1.35955 
3654 1.35956 
3655 1.3596 
3656 1.3596 
3657 1.35963 
3658 1.35963 
3659 1.35964 
3660 1.35965 
3661 1.35966 
3662 1.35967 
3663 1.35969 
3664 1.35971 
3665 1.35974 
3666 1.35978 
3667 1.35984 
3668 1.36005 
3669 1.36009 
3670 1.36012 
3671 1.36031 
3672 1.36036 
3673 1.36036 
3674 1.36037 
3675 1.36038 
3676 1.3604 
3677 1.36047 
3678 1.36523 
3679 1.36619 
3680 1.3661 
3681 1.3665 
3682 1.3665 
3683 1.3665 
3684 1.3665 
3685 1.3665 
3686 1.3665 
3687 1.3665 
3688 1.3665 
3689 1.3665 
3690 1.3665 
3691 1.3665 
3692 1.3665 
3693 1.3665 
3694 1.36651 
3695 1.36651 
3696 1.36651 
3697 1.36651 
3698 1.36651 
3699 1.36651 
3700 1.36652 
3701 1.36652 
3702 1.36653 
3703 1.36653 
3704 1.36653 
3705 1.36653 
3706 1.36653 
3707 1.36653 
3708 1.36653 
3709 1.36653 
3710 1.36654 
3711 1.36654 
3712 1.36654 
3713 1.36655 
3714 1.36655 
3715 1.36655 
3716 1.36655 
3717 1.36655 
3718 1.36656 
3719 1.36656 
3720 1.36656 
3721 1.36656 
3722 1.36656 
3723 1.36658 
3724 1.36658 
3725 1.36659 
3726 1.36659 
3727 1.36659 
3728 1.36659 
3729 1.3666 
3730 1.3666 
3731 1.36662 
3732 1.36662 
3733 1.36663 
3734 1.36664 
3735 1.36665 
3736 1.36665 
3737 1.36667 
3738 1.36672 
3739 1.36673 
3740 1.36675 
3741 1.36676 
3742 1.36677 
3743 1.36678 
3744 1.36679 
3745 1.36867 
3746 1.36964 
3747 1.3696 
3748 1.36996 
3749 1.36996 
3750 1.36996 
3751 1.36996 
3752 1.36996 
3753 1.36997 
3754 1.36997 
3755 1.36997 
3756 1.36997 
3757 1.36997 
3758 1.36997 
3759 1.36997 
3760 1.36997 
3761 1.36998 
3762 1.36998 
3763 1.36998 
3764 1.36998 
3765 1.36998 
3766 1.36998 
3767 1.36999 
3768 1.36999 
3769 1.36999 
3770 1.36999 
3771 1.37 
3772 1.37 
3773 1.37 
3774 1.37 
3775 1.37 
3776 1.37 
3777 1.37001 
3778 1.37002 
3779 1.37002 
3780 1.37004 
3781 1.37004 
3782 1.37005 
3783 1.37008 
3784 1.37009 
3785 1.3701 
3786 1.37013 
3787 1.37016 
3788 1.37018 
3789 1.3702 
3790 1.37023 
3791 1.37032 
3792 1.37151 
3793 1.37134 
3794 1.37163 
3795 1.37163 
3796 1.37163 
3797 1.37163 
3798 1.37163 
3799 1.37163 
3800 1.37163 
3801 1.37163 
3802 1.37163 
3803 1.37163 
3804 1.37163 
3805 1.37163 
3806 1.37163 
3807 1.37163 
3808 1.37163 
3809 1.37163 
3810 1.37163 
3811 1.37163 
3812 1.37163 
3813 1.37163 
3814 1.37163 
3815 1.37163 
3816 1.37163 
3817 1.37163 
3818 1.37163 
3819 1.37163 
3820 1.37163 
3821 1.37163 
3822 1.37163 
3823 1.37163 
3824 1.37164 
3825 1.37164 
3826 1.37164 
3827 1.37164 
3828 1.37164 
3829 1.37164 
3830 1.37164 
3831 1.37164 
3832 1.37164 
3833 1.37165 
3834 1.37165 
3835 1.37166 
3836 1.37167 
3837 1.37168 
3838 1.3717 
3839 1.37173 
3840 1.37174 
3841 1.37177 
3842 1.37179 
3843 1.37183 
3844 1.3719 
3845 1.37401 
3846 1.37444 
3847 1.37453 
3848 1.37453 
3849 1.37453 
3850 1.37453 
3851 1.37453 
3852 1.37453 
3853 1.37453 
3854 1.37453 
3855 1.37453 
3856 1.37453 
3857 1.37453 
3858 1.37454 
3859 1.37455 
3860 1.37456 
3861 1.37456 
3862 1.37457 
3863 1.37459 
3864 1.3746 
3865 1.3746 
3866 1.37461 
3867 1.37462 
3868 1.37464 
3869 1.37464 
3870 1.37467 
3871 1.37468 
3872 1.37469 
3873 1.37471 
3874 1.37473 
3875 1.37475 
3876 1.37476 
3877 1.37478 
3878 1.37481 
3879 1.37488 
3880 1.37509 
3881 1.37509 
3882 1.37509 
3883 1.37509 
3884 1.37509 
3885 1.37509 
3886 1.37509 
3887 1.37509 
3888 1.37509 
3889 1.37509 
3890 1.37509 
3891 1.37509 
3892 1.37509 
3893 1.37509 
3894 1.37509 
3895 1.37509 
3896 1.37509 
3897 1.37509 
3898 1.3751 
3899 1.3751 
3900 1.3751 
3901 1.3751 
3902 1.3751 
3903 1.37512 
3904 1.37644 
3905 1.37648 
3906 1.37661 
3907 1.37661 
3908 1.37661 
3909 1.37661 
3910 1.37661 
3911 1.37661 
3912 1.37661 
3913 1.37661 
3914 1.37661 
3915 1.37661 
3916 1.37661 
3917 1.37661 
3918 1.37661 
3919 1.37661 
3920 1.37662 
3921 1.37662 
3922 1.37662 
3923 1.37662 
3924 1.37662 
3925 1.37663 
3926 1.37664 
3927 1.37664 
3928 1.37666 
3929 1.37667 
3930 1.37668 
3931 1.37668 
3932 1.37669 
3933 1.3767 
3934 1.37671 
3935 1.37673 
3936 1.37674 
3937 1.37674 
3938 1.37675 
3939 1.37675 
3940 1.37676 
3941 1.37853 
3942 1.37896 
3943 1.37906 
3944 1.37906 
3945 1.37906 
3946 1.37906 
3947 1.37906 
3948 1.37906 
3949 1.37906 
3950 1.37906 
3951 1.37907 
3952 1.37907 
3953 1.37908 
3954 1.37908 
3955 1.37908 
3956 1.37909 
3957 1.3791 
3958 1.3791 
3959 1.3791 
3960 1.3791 
3961 1.37912 
3962 1.37913 
3963 1.37913 
3964 1.37915 
3965 1.37915 
3966 1.37915 
3967 1.37918 
3968 1.37921 
3969 1.37922 
3970 1.37923 
3971 1.37924 
3972 1.37924 
3973 1.37925 
3974 1.37925 
3975 1.37928 
3976 1.37952 
3977 1.37953 
3978 1.37953 
3979 1.37953 
3980 1.37954 
3981 1.37966 
3982 1.37975 
3983 1.3798 
3984 1.38074 
3985 1.38093 
3986 1.38093 
3987 1.38093 
3988 1.38094 
3989 1.38094 
3990 1.38094 
3991 1.38094 
3992 1.38094 
3993 1.38094 
3994 1.38094 
3995 1.38095 
3996 1.38095 
3997 1.38096 
3998 1.38096 
3999 1.38096 
4000 1.38096 
4001 1.38097 
4002 1.38097 
4003 1.38097 
4004 1.38097 
4005 1.38098 
4006 1.38098 
4007 1.38098 
4008 1.38098 
4009 1.38099 
4010 1.38099 
4011 1.38099 
4012 1.381 
4013 1.381 
4014 1.38101 
4015 1.38101 
4016 1.38101 
4017 1.38102 
4018 1.38102 
4019 1.38103 
4020 1.38104 
4021 1.38104 
4022 1.38104 
4023 1.38104 
4024 1.38106 
4025 1.38106 
4026 1.38107 
4027 1.38112 
4028 1.3815 
4029 1.38154 
4030 1.38154 
4031 1.38155 
4032 1.38156 
4033 1.38158 
4034 1.38166 
4035 1.38637 
4036 1.38718 
4037 1.38724 
4038 1.38741 
4039 1.38741 
4040 1.38741 
4041 1.38741 
4042 1.38741 
4043 1.38741 
4044 1.38741 
4045 1.38741 
4046 1.38741 
4047 1.38741 
4048 1.38741 
4049 1.38742 
4050 1.38742 
4051 1.38742 
4052 1.38742 
4053 1.38744 
4054 1.38744 
4055 1.38744 
4056 1.38744 
4057 1.38744 
4058 1.38746 
4059 1.38746 
4060 1.38747 
4061 1.38747 
4062 1.38749 
4063 1.38749 
4064 1.3875 
4065 1.3875 
4066 1.38754 
4067 1.38758 
4068 1.38759 
4069 1.38762 
4070 1.38767 
4071 1.38772 
4072 1.38774 
4073 1.3878 
4074 1.38788 
4075 1.39304 
4076 1.3952 
4077 1.39508 
4078 1.39586 
4079 1.39578 
4080 1.39578 
4081 1.39578 
4082 1.39578 
4083 1.39578 
4084 1.39578 
4085 1.39578 
4086 1.39578 
4087 1.39578 
4088 1.39578 
4089 1.39578 
4090 1.39578 
4091 1.3958 
4092 1.3958 
4093 1.3958 
4094 1.3958 
4095 1.3958 
4096 1.39582 
4097 1.39582 
4098 1.39582 
4099 1.39582 
4100 1.39583 
4101 1.39583 
4102 1.39583 
4103 1.39583 
4104 1.39583 
4105 1.39585 
4106 1.39585 
4107 1.39585 
4108 1.39585 
4109 1.39586 
4110 1.39586 
4111 1.39587 
4112 1.39587 
4113 1.39587 
4114 1.39588 
4115 1.39588 
4116 1.39588 
4117 1.39588 
4118 1.39589 
4119 1.39589 
4120 1.39591 
4121 1.39591 
4122 1.39592 
4123 1.39592 
4124 1.39592 
4125 1.39594 
4126 1.39594 
4127 1.39594 
4128 1.39594 
4129 1.39598 
4130 1.39598 
4131 1.396 
4132 1.39605 
4133 1.3961 
4134 1.39618 
4135 1.3962 
4136 1.39623 
4137 1.39625 
4138 1.39629 
4139 1.39631 
4140 1.39636 
4141 1.3965 
4142 1.3965 
4143 1.3965 
4144 1.3965 
4145 1.39653 
4146 1.39653 
4147 1.39653 
4148 1.39653 
4149 1.39654 
4150 1.39654 
4151 1.39655 
4152 1.39656 
4153 1.39657 
4154 1.39711 
4155 1.3973 
4156 1.3973 
4157 1.3973 
4158 1.3973 
4159 1.3973 
4160 1.39731 
4161 1.39731 
4162 1.39731 
4163 1.39731 
4164 1.39731 
4165 1.39731 
4166 1.39731 
4167 1.39731 
4168 1.39731 
4169 1.39731 
4170 1.39731 
4171 1.39731 
4172 1.39732 
4173 1.39732 
4174 1.39733 
4175 1.39734 
4176 1.39735 
4177 1.39735 
4178 1.39736 
4179 1.39737 
4180 1.39738 
4181 1.39781 
4182 1.39735 
4183 1.39769 
4184 1.39769 
4185 1.39769 
4186 1.39769 
4187 1.39769 
4188 1.39769 
4189 1.39769 
4190 1.39769 
4191 1.39769 
4192 1.39769 
4193 1.39769 
4194 1.39769 
4195 1.39769 
4196 1.39769 
4197 1.39769 
4198 1.39769 
4199 1.39769 
4200 1.39769 
4201 1.39769 
4202 1.3977 
4203 1.39771 
4204 1.39772 
4205 1.39773 
4206 1.39774 
4207 1.39776 
4208 1.39779 
4209 1.39782 
4210 1.39782 
4211 1.39783 
4212 1.39784 
4213 1.39785 
4214 1.39786 
4215 1.3998 
4216 1.40053 
4217 1.4005 
4218 1.4005 
4219 1.4005 
4220 1.4005 
4221 1.40051 
4222 1.40051 
4223 1.40051 
4224 1.40051 
4225 1.40051 
4226 1.40051 
4227 1.40051 
4228 1.40051 
4229 1.40051 
4230 1.40051 
4231 1.40051 
4232 1.40051 
4233 1.40051 
4234 1.40051 
4235 1.40051 
4236 1.40051 
4237 1.40052 
4238 1.40052 
4239 1.40053 
4240 1.40053 
4241 1.40053 
4242 1.40056 
4243 1.40057 
4244 1.40057 
4245 1.40059 
4246 1.4006 
4247 1.4006 
4248 1.40063 
4249 1.40067 
4250 1.4007 
4251 1.40073 
4252 1.40075 
4253 1.40078 
4254 1.4008 
4255 1.40082 
4256 1.40096 
4257 1.40366 
4258 1.40389 
4259 1.40395 
4260 1.404 
4261 1.404 
4262 1.404 
4263 1.404 
4264 1.404 
4265 1.404 
4266 1.404 
4267 1.40401 
4268 1.40401 
4269 1.40401 
4270 1.40401 
4271 1.40402 
4272 1.40402 
4273 1.40403 
4274 1.40403 
4275 1.40403 
4276 1.40403 
4277 1.40404 
4278 1.40404 
4279 1.40405 
4280 1.40405 
4281 1.40406 
4282 1.40407 
4283 1.40408 
4284 1.40409 
4285 1.4041 
4286 1.40415 
4287 1.40416 
4288 1.40419 
4289 1.4042 
4290 1.40421 
4291 1.40422 
4292 1.40423 
4293 1.40424 
4294 1.40429 
4295 1.40441 
4296 1.40765 
4297 1.40814 
4298 1.40822 
4299 1.40838 
4300 1.40838 
4301 1.40838 
4302 1.40838 
4303 1.40838 
4304 1.40838 
4305 1.40838 
4306 1.40838 
4307 1.40838 
4308 1.40838 
4309 1.40839 
4310 1.40839 
4311 1.40839 
4312 1.40839 
4313 1.40839 
4314 1.4084 
4315 1.4084 
4316 1.4084 
4317 1.4084 
4318 1.4084 
4319 1.4084 
4320 1.4084 
4321 1.4084 
4322 1.4084 
4323 1.4084 
4324 1.4084 
4325 1.4084 
4326 1.4084 
4327 1.4084 
4328 1.40841 
4329 1.40841 
4330 1.40841 
4331 1.40842 
4332 1.40842 
4333 1.40842 
4334 1.40842 
4335 1.40842 
4336 1.40842 
4337 1.40842 
4338 1.40842 
4339 1.40844 
4340 1.40844 
4341 1.40844 
4342 1.40844 
4343 1.40845 
4344 1.40845 
4345 1.40845 
4346 1.40847 
4347 1.40847 
4348 1.40847 
4349 1.40848 
4350 1.40852 
4351 1.40857 
4352 1.40863 
4353 1.40864 
4354 1.40869 
4355 1.4087 
4356 1.40872 
4357 1.40874 
4358 1.40875 
4359 1.40879 
4360 1.40886 
4361 1.40925 
4362 1.40928 
4363 1.40928 
4364 1.40929 
4365 1.41298 
4366 1.41374 
4367 1.41367 
4368 1.41395 
4369 1.41395 
4370 1.41395 
4371 1.41395 
4372 1.41395 
4373 1.41395 
4374 1.41395 
4375 1.41395 
4376 1.41395 
4377 1.41395 
4378 1.41395 
4379 1.41395 
4380 1.41395 
4381 1.41395 
4382 1.41395 
4383 1.41395 
4384 1.41395 
4385 1.41395 
4386 1.41395 
4387 1.41396 
4388 1.41396 
4389 1.41396 
4390 1.41396 
4391 1.41396 
4392 1.41396 
4393 1.41396 
4394 1.41397 
4395 1.41397 
4396 1.41397 
4397 1.41397 
4398 1.41397 
4399 1.41398 
4400 1.41399 
4401 1.41399 
4402 1.41399 
4403 1.414 
4404 1.41401 
4405 1.41401 
4406 1.41404 
4407 1.41405 
4408 1.41407 
4409 1.41414 
4410 1.41419 
4411 1.41422 
4412 1.41424 
4413 1.41427 
4414 1.41432 
4415 1.41554 
4416 1.41584 
4417 1.41585 
4418 1.41585 
4419 1.41586 
4420 1.41587 
4421 1.41588 
4422 1.4159 
4423 1.41591 
4424 1.41594 
4425 1.41598 
4426 1.41647 
4427 1.41649 
4428 1.41649 
4429 1.41654 
4430 1.41698 
4431 1.41704 
4432 1.41704 
4433 1.41704 
4434 1.41705 
4435 1.41705 
4436 1.41706 
4437 1.41707 
4438 1.41709 
4439 1.41711 
4440 1.41713 
4441 1.4179 
4442 1.41782 
4443 1.4179 
4444 1.4179 
4445 1.4179 
4446 1.4179 
4447 1.4179 
4448 1.4179 
4449 1.4179 
4450 1.4179 
4451 1.4179 
4452 1.4179 
4453 1.4179 
4454 1.4179 
4455 1.4179 
4456 1.4179 
4457 1.4179 
4458 1.4179 
4459 1.41791 
4460 1.41791 
4461 1.41791 
4462 1.41791 
4463 1.41792 
4464 1.41792 
4465 1.41793 
4466 1.41793 
4467 1.41793 
4468 1.41795 
4469 1.41796 
4470 1.41796 
4471 1.41798 
4472 1.41799 
4473 1.41801 
4474 1.41802 
4475 1.41803 
4476 1.41804 
4477 1.41805 
4478 1.41806 
4479 1.41806 
4480 1.41808 
4481 1.41809 
4482 1.41812 
4483 1.41818 
4484 1.41846 
4485 1.41851 
4486 1.41855 
4487 1.41863 
4488 1.42138 
4489 1.42165 
4490 1.42166 
4491 1.42166 
4492 1.42167 
4493 1.42167 
4494 1.42167 
4495 1.42168 
4496 1.42169 
4497 1.42169 
4498 1.42172 
4499 1.42174 
4500 1.42175 
4501 1.42176 
4502 1.42177 
4503 1.42178 
4504 1.4218 
4505 1.42181 
4506 1.42182 
4507 1.42184 
4508 1.42233 
4509 1.42244 
4510 1.42244 
4511 1.42245 
4512 1.42247 
4513 1.42248 
4514 1.4225 
4515 1.42252 
4516 1.4227 
4517 1.42273 
4518 1.42275 
4519 1.42278 
4520 1.42341 
4521 1.42346 
4522 1.42347 
4523 1.42347 
4524 1.42348 
4525 1.42349 
4526 1.42351 
4527 1.42353 
4528 1.42357 
4529 1.42526 
4530 1.42555 
4531 1.42558 
4532 1.42558 
4533 1.42558 
4534 1.42558 
4535 1.42558 
4536 1.42558 
4537 1.42558 
4538 1.42558 
4539 1.42558 
4540 1.42558 
4541 1.42558 
4542 1.42558 
4543 1.42559 
4544 1.42559 
4545 1.42559 
4546 1.42559 
4547 1.42559 
4548 1.42559 
4549 1.42559 
4550 1.42559 
4551 1.42559 
4552 1.4256 
4553 1.4256 
4554 1.4256 
4555 1.4256 
4556 1.4256 
4557 1.42561 
4558 1.42561 
4559 1.42561 
4560 1.42561 
4561 1.42562 
4562 1.42564 
4563 1.42567 
4564 1.42569 
4565 1.4257 
4566 1.42572 
4567 1.42574 
4568 1.42576 
4569 1.42581 
4570 1.42585 
4571 1.42589 
4572 1.4264 
4573 1.4265 
4574 1.42651 
4575 1.42653 
4576 1.42654 
4577 1.42657 
4578 1.42676 
4579 1.43009 
4580 1.43014 
4581 1.43016 
4582 1.43016 
4583 1.43016 
4584 1.43016 
4585 1.43016 
4586 1.43017 
4587 1.43017 
4588 1.43017 
4589 1.43017 
4590 1.43017 
4591 1.43017 
4592 1.43017 
4593 1.43018 
4594 1.43018 
4595 1.43018 
4596 1.43018 
4597 1.43018 
4598 1.43019 
4599 1.43019 
4600 1.43019 
4601 1.43023 
4602 1.43024 
4603 1.43025 
4604 1.43029 
4605 1.43031 
4606 1.43032 
4607 1.43034 
4608 1.43035 
4609 1.43037 
4610 1.43038 
4611 1.43096 
4612 1.431 
4613 1.43103 
4614 1.43105 
4615 1.43105 
4616 1.43106 
4617 1.43109 
4618 1.43109 
4619 1.43111 
4620 1.43114 
4621 1.43115 
4622 1.43116 
4623 1.43117 
4624 1.43118 
4625 1.43119 
4626 1.4312 
4627 1.43122 
4628 1.43123 
4629 1.43125 
4630 1.43127 
4631 1.43128 
4632 1.43128 
4633 1.4315 
4634 1.43151 
4635 1.43154 
4636 1.43194 
4637 1.43212 
4638 1.43213 
4639 1.43214 
4640 1.43215 
4641 1.43216 
4642 1.43219 
4643 1.43222 
4644 1.43225 
4645 1.43229 
4646 1.43422 
4647 1.43433 
4648 1.43433 
4649 1.43433 
4650 1.43433 
4651 1.43433 
4652 1.43436 
4653 1.43436 
4654 1.43436 
4655 1.43436 
4656 1.43436 
4657 1.43436 
4658 1.43436 
4659 1.43436 
4660 1.43436 
4661 1.43436 
4662 1.43436 
4663 1.43437 
4664 1.43437 
4665 1.43437 
4666 1.43437 
4667 1.43437 
4668 1.43437 
4669 1.43437 
4670 1.43437 
4671 1.43437 
4672 1.43437 
4673 1.43437 
4674 1.43437 
4675 1.43437 
4676 1.43438 
4677 1.43438 
4678 1.43438 
4679 1.43438 
4680 1.43439 
4681 1.43439 
4682 1.43439 
4683 1.4344 
4684 1.4344 
4685 1.43441 
4686 1.43441 
4687 1.43442 
4688 1.43442 
4689 1.43443 
4690 1.43443 
4691 1.43444 
4692 1.43444 
4693 1.43445 
4694 1.43446 
4695 1.43446 
4696 1.43449 
4697 1.4345 
4698 1.43452 
4699 1.43454 
4700 1.43455 
4701 1.43457 
4702 1.43653 
4703 1.43672 
4704 1.43672 
4705 1.43672 
4706 1.43673 
4707 1.43673 
4708 1.43673 
4709 1.43673 
4710 1.43673 
4711 1.43673 
4712 1.43673 
4713 1.43673 
4714 1.43673 
4715 1.43673 
4716 1.43673 
4717 1.43674 
4718 1.43674 
4719 1.43674 
4720 1.43674 
4721 1.43674 
4722 1.43674 
4723 1.43674 
4724 1.43674 
4725 1.43674 
4726 1.43674 
4727 1.43674 
4728 1.43674 
4729 1.43674 
4730 1.43674 
4731 1.43674 
4732 1.43675 
4733 1.43675 
4734 1.43675 
4735 1.43675 
4736 1.43675 
4737 1.43675 
4738 1.43676 
4739 1.43676 
4740 1.43676 
4741 1.43676 
4742 1.43676 
4743 1.43676 
4744 1.43676 
4745 1.43676 
4746 1.43677 
4747 1.43677 
4748 1.43677 
4749 1.43677 
4750 1.43677 
4751 1.43677 
4752 1.43678 
4753 1.43678 
4754 1.43683 
4755 1.43683 
4756 1.43684 
4757 1.43684 
4758 1.43685 
4759 1.43686 
4760 1.43687 
4761 1.43688 
4762 1.43689 
4763 1.43691 
4764 1.43692 
4765 1.43692 
4766 1.43694 
4767 1.43694 
4768 1.43696 
4769 1.43698 
4770 1.43699 
4771 1.43699 
4772 1.43704 
4773 1.43707 
4774 1.4371 
4775 1.43758 
4776 1.4377 
4777 1.43775 
4778 1.43793 
4779 1.44286 
4780 1.44281 
4781 1.44294 
4782 1.44294 
4783 1.44295 
4784 1.44295 
4785 1.44295 
4786 1.44295 
4787 1.44295 
4788 1.44295 
4789 1.44295 
4790 1.44295 
4791 1.44296 
4792 1.44296 
4793 1.44296 
4794 1.44297 
4795 1.44297 
4796 1.44297 
4797 1.44298 
4798 1.44298 
4799 1.44298 
4800 1.44299 
4801 1.44303 
4802 1.44304 
4803 1.44307 
4804 1.44308 
4805 1.4431 
4806 1.44314 
4807 1.44316 
4808 1.44318 
4809 1.44319 
4810 1.44321 
4811 1.44323 
4812 1.44324 
4813 1.44326 
4814 1.44327 
4815 1.44328 
4816 1.44364 
4817 1.4437 
4818 1.4437 
4819 1.4437 
4820 1.4437 
4821 1.4437 
4822 1.4437 
4823 1.4437 
4824 1.4437 
4825 1.4437 
4826 1.4437 
4827 1.4437 
4828 1.4437 
4829 1.4437 
4830 1.4437 
4831 1.4437 
4832 1.4437 
4833 1.4437 
4834 1.4437 
4835 1.4437 
4836 1.4437 
4837 1.4437 
4838 1.4437 
4839 1.4437 
4840 1.4437 
4841 1.4437 
4842 1.4437 
4843 1.4437 
4844 1.44371 
4845 1.44371 
4846 1.44371 
4847 1.44371 
4848 1.44371 
4849 1.44371 
4850 1.44371 
4851 1.44371 
4852 1.44371 
4853 1.44371 
4854 1.44371 
4855 1.44371 
4856 1.44371 
4857 1.44371 
4858 1.44371 
4859 1.44371 
4860 1.44371 
4861 1.44371 
4862 1.44372 
4863 1.44372 
4864 1.44372 
4865 1.44372 
4866 1.44372 
4867 1.44372 
4868 1.44372 
4869 1.44372 
4870 1.44372 
4871 1.44373 
4872 1.44373 
4873 1.44373 
4874 1.44373 
4875 1.44373 
4876 1.44374 
4877 1.44374 
4878 1.44374 
4879 1.44374 
4880 1.44375 
4881 1.44375 
4882 1.44376 
4883 1.44376 
4884 1.44377 
4885 1.44377 
4886 1.44378 
4887 1.44378 
4888 1.44379 
4889 1.44379 
4890 1.4438 
4891 1.4438 
4892 1.4438 
4893 1.44381 
4894 1.44381 
4895 1.44383 
4896 1.44387 
4897 1.44545 
4898 1.44562 
4899 1.44575 
4900 1.44585 
4901 1.44585 
4902 1.44585 
4903 1.44586 
4904 1.44586 
4905 1.44586 
4906 1.44586 
4907 1.44586 
4908 1.44586 
4909 1.44586 
4910 1.44586 
4911 1.44587 
4912 1.44588 
4913 1.44588 
4914 1.44588 
4915 1.44588 
4916 1.4459 
4917 1.4459 
4918 1.4459 
4919 1.4459 
4920 1.44591 
4921 1.44591 
4922 1.44591 
4923 1.44592 
4924 1.44592 
4925 1.44592 
4926 1.44593 
4927 1.44593 
4928 1.44593 
4929 1.44596 
4930 1.44596 
4931 1.44596 
4932 1.44597 
4933 1.44604 
4934 1.44604 
4935 1.44605 
4936 1.44605 
4937 1.4461 
4938 1.4461 
4939 1.44611 
4940 1.44616 
4941 1.44616 
4942 1.44618 
4943 1.44623 
4944 1.44624 
4945 1.44625 
4946 1.44627 
4947 1.44629 
4948 1.44631 
4949 1.44631 
4950 1.44633 
4951 1.44634 
4952 1.44634 
4953 1.44635 
4954 1.44635 
4955 1.44635 
4956 1.44636 
4957 1.44637 
4958 1.44717 
4959 1.44706 
4960 1.44707 
4961 1.44707 
4962 1.44707 
4963 1.44707 
4964 1.44707 
4965 1.44707 
4966 1.44707 
4967 1.44707 
4968 1.44707 
4969 1.44708 
4970 1.44708 
4971 1.44708 
4972 1.44708 
4973 1.44709 
4974 1.44709 
4975 1.44709 
4976 1.44709 
4977 1.44709 
4978 1.44709 
4979 1.4471 
4980 1.4471 
4981 1.4471 
4982 1.4471 
4983 1.4471 
4984 1.4471 
4985 1.44711 
4986 1.44711 
4987 1.44711 
4988 1.44711 
4989 1.44712 
4990 1.44712 
4991 1.44712 
4992 1.44712 
4993 1.44712 
4994 1.44713 
4995 1.44714 
4996 1.44714 
4997 1.44714 
4998 1.44715 
4999 1.44715 
5000 1.44715 
5001 1.44715 
5002 1.44717 
5003 1.44717 
5004 1.44717 
5005 1.44719 
5006 1.44719 
5007 1.44719 
5008 1.4472 
5009 1.44721 
5010 1.44722 
5011 1.44722 
5012 1.44722 
5013 1.44723 
5014 1.44723 
5015 1.44724 
5016 1.44724 
5017 1.44724 
5018 1.44724 
5019 1.44724 
5020 1.44724 
5021 1.44724 
5022 1.44724 
5023 1.44725 
5024 1.44725 
5025 1.44725 
5026 1.44725 
5027 1.44725 
5028 1.44726 
5029 1.44726 
5030 1.44728 
5031 1.44737 
5032 1.44756 
5033 1.4476 
5034 1.4476 
5035 1.4476 
5036 1.4476 
5037 1.4476 
5038 1.4476 
5039 1.4476 
5040 1.4476 
5041 1.4476 
5042 1.4476 
5043 1.4476 
5044 1.4476 
5045 1.44761 
5046 1.44761 
5047 1.44761 
5048 1.44761 
5049 1.44761 
5050 1.44761 
5051 1.44761 
5052 1.44761 
5053 1.44761 
5054 1.44761 
5055 1.44761 
5056 1.44761 
5057 1.44762 
5058 1.44762 
5059 1.44763 
5060 1.44764 
5061 1.44765 
5062 1.44765 
5063 1.44766 
5064 1.44767 
5065 1.44767 
5066 1.44768 
5067 1.44769 
5068 1.44841 
5069 1.44819 
5070 1.44837 
5071 1.44837 
5072 1.44837 
5073 1.44838 
5074 1.44838 
5075 1.44838 
5076 1.44838 
5077 1.44838 
5078 1.44838 
5079 1.44838 
5080 1.44838 
5081 1.44838 
5082 1.44838 
5083 1.44839 
5084 1.4484 
5085 1.4484 
5086 1.44841 
5087 1.44842 
5088 1.44843 
5089 1.44843 
5090 1.44845 
5091 1.44846 
5092 1.44851 
5093 1.44854 
5094 1.44858 
5095 1.44862 
5096 1.44868 
5097 1.44872 
5098 1.44876 
5099 1.44878 
5100 1.4488 
5101 1.44948 
5102 1.44934 
5103 1.44935 
5104 1.44935 
5105 1.44935 
5106 1.44935 
5107 1.44935 
5108 1.44935 
5109 1.44935 
5110 1.44936 
5111 1.44936 
5112 1.44937 
5113 1.44937 
5114 1.44938 
5115 1.44938 
5116 1.44939 
5117 1.44941 
5118 1.44941 
5119 1.44942 
5120 1.44942 
5121 1.44942 
5122 1.44942 
5123 1.44942 
5124 1.44943 
5125 1.44943 
5126 1.44943 
5127 1.44944 
5128 1.44944 
5129 1.44944 
5130 1.44973 
5131 1.44972 
5132 1.44977 
5133 1.44979 
5134 1.45148 
5135 1.45158 
5136 1.45169 
5137 1.45169 
5138 1.45169 
5139 1.45169 
5140 1.45169 
5141 1.45169 
5142 1.45169 
5143 1.45169 
5144 1.4517 
5145 1.4517 
5146 1.4517 
5147 1.4517 
5148 1.4517 
5149 1.4517 
5150 1.4517 
5151 1.4517 
5152 1.4517 
5153 1.4517 
5154 1.4517 
5155 1.4517 
5156 1.4517 
5157 1.45171 
5158 1.45171 
5159 1.45171 
5160 1.45171 
5161 1.45171 
5162 1.45171 
5163 1.45171 
5164 1.45171 
5165 1.45171 
5166 1.45171 
5167 1.45172 
5168 1.45172 
5169 1.45172 
5170 1.45172 
5171 1.45172 
5172 1.45173 
5173 1.45173 
5174 1.45173 
5175 1.45173 
5176 1.45173 
5177 1.45173 
5178 1.45174 
5179 1.45175 
5180 1.45178 
5181 1.45179 
5182 1.4518 
5183 1.45181 
5184 1.45182 
5185 1.45185 
5186 1.45186 
5187 1.45187 
5188 1.45191 
5189 1.45192 
5190 1.45196 
5191 1.45197 
5192 1.45199 
5193 1.45201 
5194 1.45202 
5195 1.45204 
5196 1.45206 
5197 1.45208 
5198 1.4521 
5199 1.45213 
5200 1.45214 
5201 1.45216 
5202 1.45218 
5203 1.45234 
5204 1.45339 
5205 1.45347 
5206 1.45347 
5207 1.45348 
5208 1.45348 
5209 1.45349 
5210 1.4535 
5211 1.45352 
5212 1.45353 
5213 1.45355 
5214 1.45356 
5215 1.45358 
5216 1.45361 
5217 1.45417 
5218 1.45433 
5219 1.45434 
5220 1.45436 
5221 1.45439 
5222 1.45442 
5223 1.45445 
5224 1.45455 
5225 1.45536 
5226 1.45539 
5227 1.45544 
5228 1.45544 
5229 1.45544 
5230 1.45544 
5231 1.45544 
5232 1.45544 
5233 1.45544 
5234 1.45545 
5235 1.45545 
5236 1.45545 
5237 1.45545 
5238 1.45545 
5239 1.45545 
5240 1.45545 
5241 1.45545 
5242 1.45545 
5243 1.45545 
5244 1.45545 
5245 1.45545 
5246 1.45545 
5247 1.45545 
5248 1.45545 
5249 1.45545 
5250 1.45545 
5251 1.45545 
5252 1.45545 
5253 1.45545 
5254 1.45545 
5255 1.45545 
5256 1.45545 
5257 1.45545 
5258 1.45545 
5259 1.45545 
5260 1.45545 
5261 1.45545 
5262 1.45546 
5263 1.45546 
5264 1.45546 
5265 1.45546 
5266 1.45546 
5267 1.45546 
5268 1.45546 
5269 1.45546 
5270 1.45546 
5271 1.45546 
5272 1.45546 
5273 1.45546 
5274 1.45546 
5275 1.45547 
5276 1.45547 
5277 1.45547 
5278 1.45547 
5279 1.45547 
5280 1.45547 
5281 1.45549 
5282 1.45549 
5283 1.45549 
5284 1.45552 
5285 1.45552 
5286 1.45552 
5287 1.45555 
5288 1.45559 
5289 1.4556 
5290 1.45562 
5291 1.45564 
5292 1.45566 
5293 1.45568 
5294 1.45571 
5295 1.45574 
5296 1.45577 
5297 1.45581 
5298 1.45585 
5299 1.45586 
5300 1.45586 
5301 1.45586 
5302 1.45586 
5303 1.45586 
5304 1.45586 
5305 1.45586 
5306 1.45586 
5307 1.45586 
5308 1.45586 
5309 1.45586 
5310 1.45586 
5311 1.45586 
5312 1.45586 
5313 1.45586 
5314 1.45586 
5315 1.45586 
5316 1.45586 
5317 1.45586 
5318 1.45586 
5319 1.45586 
5320 1.45586 
5321 1.45586 
5322 1.45586 
5323 1.45586 
5324 1.45586 
5325 1.45586 
5326 1.45586 
5327 1.45586 
5328 1.45586 
5329 1.45586 
5330 1.45587 
5331 1.45587 
5332 1.45587 
5333 1.45587 
5334 1.45587 
5335 1.45587 
5336 1.45587 
5337 1.45587 
5338 1.45587 
5339 1.45587 
5340 1.45587 
5341 1.45587 
5342 1.45587 
5343 1.45587 
5344 1.45587 
5345 1.45587 
5346 1.45587 
5347 1.45587 
5348 1.45587 
5349 1.45587 
5350 1.45587 
5351 1.45587 
5352 1.45587 
5353 1.45587 
5354 1.45587 
5355 1.45587 
5356 1.45587 
5357 1.45587 
5358 1.45587 
5359 1.45587 
5360 1.45588 
5361 1.45588 
5362 1.45588 
5363 1.45588 
5364 1.45588 
5365 1.45588 
5366 1.45588 
5367 1.45588 
5368 1.45588 
5369 1.45588 
5370 1.45589 
5371 1.45589 
5372 1.4559 
5373 1.45614 
5374 1.45615 
5375 1.45615 
5376 1.45615 
5377 1.45615 
5378 1.45615 
5379 1.45615 
5380 1.45615 
5381 1.45615 
5382 1.45615 
5383 1.45616 
5384 1.45616 
5385 1.45616 
5386 1.45616 
5387 1.45616 
5388 1.45616 
5389 1.45616 
5390 1.45616 
5391 1.45616 
5392 1.45616 
5393 1.45616 
5394 1.45616 
5395 1.45616 
5396 1.45616 
5397 1.45616 
5398 1.45616 
5399 1.45616 
5400 1.45616 
5401 1.45616 
5402 1.45617 
5403 1.45617 
5404 1.45617 
5405 1.45617 
5406 1.45618 
5407 1.45618 
5408 1.45618 
5409 1.45619 
5410 1.4562 
5411 1.45621 
5412 1.45626 
5413 1.45854 
5414 1.45859 
5415 1.4586 
5416 1.45861 
5417 1.45861 
5418 1.45861 
5419 1.45861 
5420 1.45861 
5421 1.45863 
5422 1.45864 
5423 1.45865 
5424 1.45866 
5425 1.45867 
5426 1.45868 
5427 1.4587 
5428 1.45871 
5429 1.45873 
5430 1.45874 
5431 1.45875 
5432 1.45932 
5433 1.45941 
5434 1.45946 
5435 1.45954 
5436 1.46171 
5437 1.46178 
5438 1.46178 
5439 1.46178 
5440 1.46178 
5441 1.46178 
5442 1.46178 
5443 1.46178 
5444 1.46178 
5445 1.46178 
5446 1.46178 
5447 1.46178 
5448 1.46178 
5449 1.46178 
5450 1.46178 
5451 1.46178 
5452 1.46178 
5453 1.46178 
5454 1.46178 
5455 1.46178 
5456 1.46178 
5457 1.46178 
5458 1.46178 
5459 1.46178 
5460 1.46178 
5461 1.46178 
5462 1.46178 
5463 1.46178 
5464 1.46178 
5465 1.46178 
5466 1.46178 
5467 1.46178 
5468 1.46178 
5469 1.46178 
5470 1.46178 
5471 1.46178 
5472 1.46178 
5473 1.46178 
5474 1.46178 
5475 1.46178 
5476 1.46178 
5477 1.46178 
5478 1.46178 
5479 1.46178 
5480 1.46178 
5481 1.46178 
5482 1.46178 
5483 1.46178 
5484 1.46178 
5485 1.46178 
5486 1.46178 
5487 1.46178 
5488 1.46178 
5489 1.46178 
5490 1.46178 
5491 1.46178 
5492 1.46178 
5493 1.46178 
5494 1.46178 
5495 1.46179 
5496 1.46179 
5497 1.46179 
5498 1.46179 
5499 1.46179 
5500 1.46179 
5501 1.46179 
5502 1.46179 
5503 1.46179 
5504 1.46179 
5505 1.46179 
5506 1.46179 
5507 1.4618 
5508 1.4618 
5509 1.4618 
5510 1.4618 
5511 1.4618 
5512 1.4618 
5513 1.4618 
5514 1.4618 
5515 1.4618 
5516 1.46181 
5517 1.46181 
5518 1.46181 
5519 1.46181 
5520 1.46181 
5521 1.46181 
5522 1.46181 
5523 1.46182 
5524 1.46182 
5525 1.46182 
5526 1.46182 
5527 1.46183 
5528 1.46183 
5529 1.46184 
5530 1.46184 
5531 1.46185 
5532 1.46185 
5533 1.46186 
5534 1.46186 
5535 1.46186 
5536 1.46186 
5537 1.46188 
5538 1.46188 
5539 1.4619 
5540 1.46231 
5541 1.46235 
5542 1.46236 
5543 1.4624 
5544 1.46243 
5545 1.46321 
5546 1.46326 
5547 1.46326 
5548 1.46326 
5549 1.46326 
5550 1.46326 
5551 1.46327 
5552 1.46327 
5553 1.46328 
5554 1.46329 
5555 1.46331 
5556 1.46331 
5557 1.46332 
5558 1.46333 
5559 1.46334 
5560 1.46335 
5561 1.46336 
5562 1.46337 
5563 1.46338 
5564 1.4643 
5565 1.46421 
5566 1.4643 
5567 1.46431 
5568 1.46432 
5569 1.46433 
5570 1.46434 
5571 1.46436 
5572 1.46436 
5573 1.46438 
5574 1.46439 
5575 1.46443 
5576 1.46445 
5577 1.46448 
5578 1.4645 
5579 1.46451 
5580 1.46452 
5581 1.46454 
5582 1.46455 
5583 1.46459 
5584 1.4647 
5585 1.46468 
5586 1.46468 
5587 1.46468 
5588 1.46468 
5589 1.46468 
5590 1.46468 
5591 1.46468 
5592 1.46468 
5593 1.46468 
5594 1.46468 
5595 1.46468 
5596 1.46468 
5597 1.46468 
5598 1.46468 
5599 1.46468 
5600 1.46468 
5601 1.46468 
5602 1.46468 
5603 1.46468 
5604 1.46468 
5605 1.46468 
5606 1.46469 
5607 1.46469 
5608 1.46469 
5609 1.46469 
5610 1.46469 
5611 1.4647 
5612 1.4647 
5613 1.4647 
5614 1.4647 
5615 1.4647 
5616 1.4647 
5617 1.4647 
5618 1.4647 
5619 1.4647 
5620 1.4647 
5621 1.46471 
5622 1.46471 
5623 1.46471 
5624 1.46471 
5625 1.46472 
5626 1.46472 
5627 1.46473 
5628 1.46474 
5629 1.46474 
5630 1.46475 
5631 1.46476 
5632 1.46476 
5633 1.46477 
5634 1.46478 
5635 1.46478 
5636 1.46479 
5637 1.46479 
5638 1.4648 
5639 1.4648 
5640 1.46481 
5641 1.46481 
5642 1.46482 
5643 1.46482 
5644 1.46486 
5645 1.46495 
5646 1.46495 
5647 1.46495 
5648 1.46501 
5649 1.46506 
5650 1.46507 
5651 1.46507 
5652 1.46507 
5653 1.46507 
5654 1.46507 
5655 1.46508 
5656 1.46509 
5657 1.46509 
5658 1.4651 
5659 1.46511 
5660 1.46512 
5661 1.46513 
5662 1.46513 
5663 1.46514 
5664 1.46515 
5665 1.46516 
5666 1.46517 
5667 1.46518 
5668 1.46534 
5669 1.46544 
5670 1.46545 
5671 1.46545 
5672 1.46545 
5673 1.46545 
5674 1.46545 
5675 1.46545 
5676 1.46545 
5677 1.46545 
5678 1.46545 
5679 1.46545 
5680 1.46545 
5681 1.46545 
5682 1.46545 
5683 1.46545 
5684 1.46545 
5685 1.46545 
5686 1.46545 
5687 1.46545 
5688 1.46545 
5689 1.46545 
5690 1.46545 
5691 1.46545 
5692 1.46545 
5693 1.46545 
5694 1.46546 
5695 1.46546 
5696 1.46546 
5697 1.46546 
5698 1.46547 
5699 1.46548 
5700 1.4655 
5701 1.46551 
5702 1.46552 
5703 1.46554 
5704 1.46555 
5705 1.46556 
5706 1.46558 
5707 1.46559 
5708 1.46562 
5709 1.46563 
5710 1.46564 
5711 1.46565 
5712 1.46574 
5713 1.46582 
5714 1.46587 
5715 1.46587 
5716 1.46587 
5717 1.46588 
5718 1.46589 
5719 1.4659 
5720 1.46591 
5721 1.46593 
5722 1.46596 
5723 1.46604 
5724 1.46835 
5725 1.46886 
5726 1.46859 
5727 1.4689 
5728 1.4689 
5729 1.4689 
5730 1.4689 
5731 1.4689 
5732 1.4689 
5733 1.46891 
5734 1.46891 
5735 1.46891 
5736 1.46891 
5737 1.46891 
5738 1.46891 
5739 1.46891 
5740 1.46892 
5741 1.46892 
5742 1.46892 
5743 1.46892 
5744 1.46892 
5745 1.46892 
5746 1.46892 
5747 1.46892 
5748 1.46892 
5749 1.46893 
5750 1.46893 
5751 1.46893 
5752 1.46893 
5753 1.46893 
5754 1.46893 
5755 1.46894 
5756 1.46894 
5757 1.46894 
5758 1.46896 
5759 1.46896 
5760 1.46896 
5761 1.46899 
5762 1.46899 
5763 1.46905 
5764 1.46906 
5765 1.46906 
5766 1.46907 
5767 1.4691 
5768 1.46911 
5769 1.46911 
5770 1.46916 
5771 1.46916 
5772 1.46917 
5773 1.4692 
5774 1.4692 
5775 1.46921 
5776 1.46923 
5777 1.46926 
5778 1.46926 
5779 1.4693 
5780 1.46932 
5781 1.46932 
5782 1.46933 
5783 1.46935 
5784 1.46936 
5785 1.46973 
5786 1.46976 
5787 1.46977 
5788 1.4698 
5789 1.46984 
5790 1.47355 
5791 1.47366 
5792 1.47367 
5793 1.47367 
5794 1.47367 
5795 1.47367 
5796 1.47367 
5797 1.47367 
5798 1.47367 
5799 1.47367 
5800 1.47367 
5801 1.47367 
5802 1.47367 
5803 1.47367 
5804 1.47367 
5805 1.47367 
5806 1.47367 
5807 1.47367 
5808 1.47367 
5809 1.47367 
5810 1.47367 
5811 1.47368 
5812 1.47368 
5813 1.47368 
5814 1.47368 
5815 1.47368 
5816 1.47368 
5817 1.47368 
5818 1.47369 
5819 1.47369 
5820 1.4737 
5821 1.4737 
5822 1.47371 
5823 1.47372 
5824 1.47373 
5825 1.47376 
5826 1.47377 
5827 1.47379 
5828 1.47379 
5829 1.4738 
5830 1.47382 
5831 1.47383 
5832 1.47385 
5833 1.47386 
5834 1.47387 
5835 1.47388 
5836 1.47388 
5837 1.47388 
5838 1.47409 
5839 1.47409 
5840 1.47409 
5841 1.47411 
5842 1.47411 
5843 1.47411 
5844 1.47411 
5845 1.47411 
5846 1.47412 
5847 1.47412 
5848 1.47412 
5849 1.47412 
5850 1.47413 
5851 1.47413 
5852 1.47413 
5853 1.47414 
5854 1.47414 
5855 1.47414 
5856 1.47415 
5857 1.47415 
5858 1.47415 
5859 1.47416 
5860 1.47417 
5861 1.47445 
5862 1.47445 
5863 1.47445 
5864 1.47446 
5865 1.47447 
5866 1.47447 
5867 1.47447 
5868 1.47448 
5869 1.47448 
5870 1.47449 
5871 1.47451 
5872 1.47451 
5873 1.47451 
5874 1.47452 
5875 1.47453 
5876 1.47467 
5877 1.47671 
5878 1.47665 
5879 1.47665 
5880 1.47666 
5881 1.47666 
5882 1.47666 
5883 1.47666 
5884 1.47666 
5885 1.47667 
5886 1.47668 
5887 1.47669 
5888 1.47669 
5889 1.47671 
5890 1.47673 
5891 1.47674 
5892 1.47677 
5893 1.47678 
5894 1.47679 
5895 1.4768 
5896 1.47681 
5897 1.47681 
5898 1.47682 
5899 1.47683 
5900 1.47686 
5901 1.47687 
5902 1.47688 
5903 1.47689 
5904 1.47689 
5905 1.4769 
5906 1.4769 
5907 1.47691 
5908 1.47695 
5909 1.47739 
5910 1.47741 
5911 1.47747 
5912 1.47752 
5913 1.48035 
5914 1.48028 
5915 1.48039 
5916 1.48044 
5917 1.48044 
5918 1.48044 
5919 1.48044 
5920 1.48044 
5921 1.48044 
5922 1.48044 
5923 1.48044 
5924 1.48044 
5925 1.48044 
5926 1.48044 
5927 1.48044 
5928 1.48044 
5929 1.48044 
5930 1.48044 
5931 1.48044 
5932 1.48044 
5933 1.48044 
5934 1.48044 
5935 1.48044 
5936 1.48044 
5937 1.48044 
5938 1.48044 
5939 1.48044 
5940 1.48044 
5941 1.48044 
5942 1.48044 
5943 1.48044 
5944 1.48044 
5945 1.48044 
5946 1.48044 
5947 1.48044 
5948 1.48044 
5949 1.48045 
5950 1.48045 
5951 1.48045 
5952 1.48045 
5953 1.48045 
5954 1.48045 
5955 1.48045 
5956 1.48045 
5957 1.48045 
5958 1.48046 
5959 1.48046 
5960 1.48046 
5961 1.48047 
5962 1.48048 
5963 1.48048 
5964 1.48053 
5965 1.48053 
5966 1.48056 
5967 1.48056 
5968 1.48059 
5969 1.48059 
5970 1.48059 
5971 1.4806 
5972 1.48062 
5973 1.48063 
5974 1.48064 
5975 1.48065 
5976 1.4807 
5977 1.48071 
5978 1.48072 
5979 1.48072 
5980 1.48077 
5981 1.48077 
5982 1.48078 
5983 1.48079 
5984 1.4808 
5985 1.48081 
5986 1.48083 
5987 1.48084 
5988 1.48085 
5989 1.48086 
5990 1.4809 
5991 1.48092 
5992 1.48111 
5993 1.48114 
5994 1.48118 
5995 1.48123 
5996 1.48144 
5997 1.48145 
5998 1.48145 
5999 1.48145 
6000 1.48145 
6001 1.48146 
6002 1.48147 
6003 1.48148 
6004 1.48149 
6005 1.48151 
6006 1.48153 
6007 1.48153 
6008 1.48156 
6009 1.4821 
6010 1.48209 
6011 1.48209 
6012 1.48209 
6013 1.48211 
6014 1.48212 
6015 1.48215 
6016 1.48249 
6017 1.48254 
6018 1.48254 
6019 1.48254 
6020 1.48255 
6021 1.48255 
6022 1.48256 
6023 1.48257 
6024 1.48261 
6025 1.4827 
6026 1.48299 
6027 1.48336 
6028 1.48336 
6029 1.48336 
6030 1.48336 
6031 1.48336 
6032 1.48336 
6033 1.48336 
6034 1.48336 
6035 1.48336 
6036 1.48336 
6037 1.48336 
6038 1.48336 
6039 1.48336 
6040 1.48336 
6041 1.48336 
6042 1.48336 
6043 1.48336 
6044 1.48337 
6045 1.48337 
6046 1.48337 
6047 1.48337 
6048 1.48337 
6049 1.48337 
6050 1.48337 
6051 1.48337 
6052 1.48337 
6053 1.48337 
6054 1.48337 
6055 1.48337 
6056 1.48337 
6057 1.48337 
6058 1.48337 
6059 1.48337 
6060 1.48337 
6061 1.48337 
6062 1.48337 
6063 1.48337 
6064 1.48337 
6065 1.48337 
6066 1.48337 
6067 1.48338 
6068 1.48338 
6069 1.4834 
6070 1.48341 
6071 1.48341 
6072 1.48342 
6073 1.48342 
6074 1.48343 
6075 1.48344 
6076 1.48344 
6077 1.48345 
6078 1.48346 
6079 1.48347 
6080 1.48347 
6081 1.48348 
6082 1.48349 
6083 1.48349 
6084 1.4835 
6085 1.48351 
6086 1.48352 
6087 1.48353 
6088 1.48353 
6089 1.48354 
6090 1.48359 
6091 1.48362 
6092 1.48406 
6093 1.48408 
6094 1.48409 
6095 1.48413 
6096 1.48418 
6097 1.48473 
6098 1.48475 
6099 1.48475 
6100 1.48475 
6101 1.48476 
6102 1.48476 
6103 1.48476 
6104 1.48477 
6105 1.48477 
6106 1.48477 
6107 1.48478 
6108 1.48478 
6109 1.48479 
6110 1.48479 
6111 1.4848 
6112 1.4848 
6113 1.48481 
6114 1.48482 
6115 1.48482 
6116 1.48483 
6117 1.48484 
6118 1.48485 
6119 1.48485 
6120 1.48486 
6121 1.48493 
6122 1.4853 
6123 1.48531 
6124 1.48534 
6125 1.48537 
6126 1.48541 
6127 1.48688 
6128 1.48687 
6129 1.48687 
6130 1.48687 
6131 1.48687 
6132 1.48687 
6133 1.48687 
6134 1.48687 
6135 1.48687 
6136 1.48687 
6137 1.48687 
6138 1.48687 
6139 1.48687 
6140 1.48687 
6141 1.48687 
6142 1.48687 
6143 1.48687 
6144 1.48688 
6145 1.48688 
6146 1.48688 
6147 1.48688 
6148 1.48688 
6149 1.48688 
6150 1.48688 
6151 1.48688 
6152 1.48688 
6153 1.48688 
6154 1.48688 
6155 1.48688 
6156 1.48688 
6157 1.48688 
6158 1.48688 
6159 1.48688 
6160 1.48689 
6161 1.48689 
6162 1.48689 
6163 1.4869 
6164 1.48692 
6165 1.48692 
6166 1.48692 
6167 1.48692 
6168 1.48692 
6169 1.48694 
6170 1.48694 
6171 1.48695 
6172 1.48696 
6173 1.48698 
6174 1.48699 
6175 1.487 
6176 1.48702 
6177 1.48703 
6178 1.48704 
6179 1.48705 
6180 1.48705 
6181 1.48706 
6182 1.48709 
6183 1.48711 
6184 1.48744 
6185 1.48745 
6186 1.48745 
6187 1.48745 
6188 1.48745 
6189 1.48745 
6190 1.48745 
6191 1.48745 
6192 1.48745 
6193 1.48745 
6194 1.48745 
6195 1.48745 
6196 1.48745 
6197 1.48745 
6198 1.48745 
6199 1.48745 
6200 1.48745 
6201 1.48745 
6202 1.48745 
6203 1.48745 
6204 1.48745 
6205 1.48745 
6206 1.48745 
6207 1.48745 
6208 1.48745 
6209 1.48745 
6210 1.48745 
6211 1.48745 
6212 1.48745 
6213 1.48745 
6214 1.48745 
6215 1.48745 
6216 1.48745 
6217 1.48745 
6218 1.48745 
6219 1.48745 
6220 1.48745 
6221 1.48746 
6222 1.48746 
6223 1.48746 
6224 1.48747 
6225 1.48747 
6226 1.48747 
6227 1.48747 
6228 1.48747 
6229 1.48747 
6230 1.48748 
6231 1.48748 
6232 1.48748 
6233 1.48748 
6234 1.48748 
6235 1.48749 
6236 1.48749 
6237 1.48749 
6238 1.48749 
6239 1.48749 
6240 1.48749 
6241 1.4875 
6242 1.4875 
6243 1.4875 
6244 1.4875 
6245 1.48751 
6246 1.48751 
6247 1.48751 
6248 1.48751 
6249 1.48751 
6250 1.48751 
6251 1.48752 
6252 1.48752 
6253 1.48754 
6254 1.48853 
6255 1.48858 
6256 1.48858 
6257 1.48858 
6258 1.48858 
6259 1.48858 
6260 1.48858 
6261 1.48859 
6262 1.48859 
6263 1.48859 
6264 1.48859 
6265 1.48859 
6266 1.48859 
6267 1.48859 
6268 1.48859 
6269 1.48859 
6270 1.48859 
6271 1.48859 
6272 1.48859 
6273 1.48859 
6274 1.48859 
6275 1.48859 
6276 1.48859 
6277 1.48859 
6278 1.48859 
6279 1.48861 
6280 1.48861 
6281 1.48861 
6282 1.48862 
6283 1.48862 
6284 1.48863 
6285 1.48863 
6286 1.48864 
6287 1.48864 
6288 1.48864 
6289 1.48865 
6290 1.48865 
6291 1.48866 
6292 1.48868 
6293 1.48868 
6294 1.48869 
6295 1.4887 
6296 1.48871 
6297 1.48873 
6298 1.48879 
6299 1.48883 
6300 1.49298 
6301 1.49307 
6302 1.49307 
6303 1.49307 
6304 1.49307 
6305 1.49307 
6306 1.49307 
6307 1.49307 
6308 1.49307 
6309 1.49307 
6310 1.49307 
6311 1.49307 
6312 1.49306 
6313 1.49306 
6314 1.49306 
6315 1.49306 
6316 1.49306 
6317 1.49306 
6318 1.49306 
6319 1.49306 
6320 1.49306 
6321 1.49306 
6322 1.49306 
6323 1.49306 
6324 1.49306 
6325 1.49306 
6326 1.49306 
6327 1.49306 
6328 1.49306 
6329 1.49306 
6330 1.49306 
6331 1.49306 
6332 1.49306 
6333 1.49306 
6334 1.49306 
6335 1.49306 
6336 1.49306 
6337 1.49306 
6338 1.49306 
6339 1.49306 
6340 1.49306 
6341 1.49306 
6342 1.49306 
6343 1.49306 
6344 1.49306 
6345 1.49307 
6346 1.49307 
6347 1.49307 
6348 1.49307 
6349 1.49307 
6350 1.49308 
6351 1.49308 
6352 1.49309 
6353 1.4931 
6354 1.4931 
6355 1.49312 
6356 1.49312 
6357 1.49313 
6358 1.49314 
6359 1.49315 
6360 1.49316 
6361 1.49319 
6362 1.49325 
6363 1.49331 
6364 1.49458 
6365 1.49464 
6366 1.49471 
6367 1.49472 
6368 1.49472 
6369 1.49472 
6370 1.49472 
6371 1.49472 
6372 1.49472 
6373 1.49472 
6374 1.49472 
6375 1.49472 
6376 1.49472 
6377 1.49472 
6378 1.49473 
6379 1.49473 
6380 1.49473 
6381 1.49473 
6382 1.49473 
6383 1.49473 
6384 1.49473 
6385 1.49473 
6386 1.49473 
6387 1.49473 
6388 1.49473 
6389 1.49473 
6390 1.49473 
6391 1.49473 
6392 1.49473 
6393 1.49473 
6394 1.49473 
6395 1.49473 
6396 1.49476 
6397 1.49476 
6398 1.49476 
6399 1.49477 
6400 1.49477 
6401 1.49477 
6402 1.49478 
6403 1.49479 
6404 1.49479 
6405 1.49482 
6406 1.49483 
6407 1.49488 
6408 1.49489 
6409 1.4949 
6410 1.49491 
6411 1.49492 
6412 1.49493 
6413 1.49493 
6414 1.49494 
6415 1.49496 
6416 1.49496 
6417 1.49497 
6418 1.49498 
6419 1.495 
6420 1.49501 
6421 1.49502 
6422 1.49505 
6423 1.49507 
6424 1.49514 
6425 1.49518 
6426 1.49528 
6427 1.49538 
6428 1.49641 
6429 1.49635 
6430 1.49635 
6431 1.49635 
6432 1.49635 
6433 1.49635 
6434 1.49635 
6435 1.49635 
6436 1.49635 
6437 1.49635 
6438 1.49635 
6439 1.49635 
6440 1.49635 
6441 1.49635 
6442 1.49635 
6443 1.49635 
6444 1.49636 
6445 1.49636 
6446 1.49637 
6447 1.49637 
6448 1.49638 
6449 1.49639 
6450 1.4964 
6451 1.4964 
6452 1.49641 
6453 1.49643 
6454 1.49644 
6455 1.49645 
6456 1.49646 
6457 1.49647 
6458 1.49647 
6459 1.49648 
6460 1.49649 
6461 1.4965 
6462 1.49651 
6463 1.49651 
6464 1.49652 
6465 1.49653 
6466 1.49654 
6467 1.49655 
6468 1.49656 
6469 1.49658 
6470 1.49659 
6471 1.49659 
6472 1.4966 
6473 1.49661 
6474 1.49662 
6475 1.49664 
6476 1.49672 
6477 1.49712 
6478 1.49744 
6479 1.49744 
6480 1.49744 
6481 1.49744 
6482 1.49744 
6483 1.49744 
6484 1.49744 
6485 1.49747 
6486 1.49747 
6487 1.49749 
6488 1.4975 
6489 1.4975 
6490 1.49751 
6491 1.49751 
6492 1.49752 
6493 1.49754 
6494 1.49754 
6495 1.49755 
6496 1.49757 
6497 1.49758 
6498 1.49761 
6499 1.49764 
6500 1.49767 
6501 1.49769 
6502 1.4977 
6503 1.49771 
6504 1.49771 
6505 1.49771 
6506 1.49779 
6507 1.49783 
6508 1.49783 
6509 1.49783 
6510 1.49783 
6511 1.49783 
6512 1.49783 
6513 1.49783 
6514 1.49783 
6515 1.49783 
6516 1.49784 
6517 1.49784 
6518 1.49784 
6519 1.49784 
6520 1.49784 
6521 1.49784 
6522 1.49784 
6523 1.49784 
6524 1.49784 
6525 1.49784 
6526 1.49784 
6527 1.49785 
6528 1.49785 
6529 1.49785 
6530 1.49786 
6531 1.49786 
6532 1.49787 
6533 1.49787 
6534 1.49787 
6535 1.49787 
6536 1.49787 
6537 1.49789 
6538 1.49789 
6539 1.49789 
6540 1.4979 
6541 1.4979 
6542 1.4979 
6543 1.4979 
6544 1.4979 
6545 1.49791 
6546 1.49791 
6547 1.49791 
6548 1.49791 
6549 1.49791 
6550 1.49792 
6551 1.49792 
6552 1.49792 
6553 1.49794 
6554 1.49795 
6555 1.49797 
6556 1.49798 
6557 1.49799 
6558 1.498 
6559 1.49802 
6560 1.49803 
6561 1.49805 
6562 1.49807 
6563 1.49808 
6564 1.4981 
6565 1.49793 
6566 1.49794 
6567 1.49794 
6568 1.49794 
6569 1.49795 
6570 1.49796 
6571 1.49797 
6572 1.49798 
6573 1.49799 
6574 1.49801 
6575 1.49802 
6576 1.49802 
6577 1.49805 
6578 1.4998 
6579 1.49978 
6580 1.49978 
6581 1.49978 
6582 1.49978 
6583 1.49978 
6584 1.49978 
6585 1.49978 
6586 1.49978 
6587 1.49978 
6588 1.49978 
6589 1.49978 
6590 1.49978 
6591 1.49978 
6592 1.49978 
6593 1.49978 
6594 1.49978 
6595 1.49978 
6596 1.49978 
6597 1.49978 
6598 1.49979 
6599 1.49979 
6600 1.49981 
6601 1.49982 
6602 1.49985 
6603 1.49985 
6604 1.49986 
6605 1.49987 
6606 1.49987 
6607 1.49988 
6608 1.49989 
6609 1.4999 
6610 1.49992 
6611 1.49993 
6612 1.49997 
6613 1.49999 
6614 1.50002 
6615 1.50005 
6616 1.50006 
6617 1.50014 
6618 1.50017 
6619 1.50021 
6620 1.50022 
6621 1.50023 
6622 1.50049 
6623 1.50049 
6624 1.5005 
6625 1.5005 
6626 1.50052 
6627 1.50053 
6628 1.50054 
6629 1.50056 
6630 1.50096 
6631 1.50099 
6632 1.50099 
6633 1.50099 
6634 1.501 
6635 1.50101 
6636 1.50101 
6637 1.50102 
6638 1.50103 
6639 1.50103 
6640 1.50104 
6641 1.50105 
6642 1.50107 
6643 1.50108 
6644 1.50109 
6645 1.50109 
6646 1.5011 
6647 1.50111 
6648 1.50118 
6649 1.50332 
6650 1.5034 
6651 1.50341 
6652 1.50341 
6653 1.50341 
6654 1.50341 
6655 1.50341 
6656 1.50341 
6657 1.50341 
6658 1.50341 
6659 1.50341 
6660 1.50341 
6661 1.50341 
6662 1.50341 
6663 1.50341 
6664 1.50341 
6665 1.50341 
6666 1.50341 
6667 1.50341 
6668 1.50341 
6669 1.50341 
6670 1.50341 
6671 1.50341 
6672 1.50341 
6673 1.50341 
6674 1.50341 
6675 1.50341 
6676 1.50341 
6677 1.50341 
6678 1.50341 
6679 1.50342 
6680 1.50342 
6681 1.50342 
6682 1.50343 
6683 1.50343 
6684 1.50344 
6685 1.50346 
6686 1.50346 
6687 1.50346 
6688 1.50347 
6689 1.50347 
6690 1.50348 
6691 1.50349 
6692 1.5035 
6693 1.5035 
6694 1.5035 
6695 1.50352 
6696 1.50352 
6697 1.50352 
6698 1.50352 
6699 1.50354 
6700 1.50354 
6701 1.50354 
6702 1.50355 
6703 1.50355 
6704 1.50356 
6705 1.50357 
6706 1.50357 
6707 1.50361 
6708 1.50361 
6709 1.50361 
6710 1.50362 
6711 1.50363 
6712 1.50364 
6713 1.50364 
6714 1.50364 
6715 1.5037 
6716 1.50371 
6717 1.50372 
6718 1.50372 
6719 1.50373 
6720 1.50388 
6721 1.50393 
6722 1.50397 
6723 1.50402 
6724 1.50472 
6725 1.50473 
6726 1.50473 
6727 1.50475 
6728 1.50476 
6729 1.50477 
6730 1.50478 
6731 1.50479 
6732 1.5048 
6733 1.50482 
6734 1.50484 
6735 1.50484 
6736 1.5052 
6737 1.5052 
6738 1.50522 
6739 1.50525 
6740 1.50526 
6741 1.50527 
6742 1.5053 
6743 1.50531 
6744 1.50533 
6745 1.50534 
6746 1.50535 
6747 1.50536 
6748 1.50956 
6749 1.50955 
6750 1.50955 
6751 1.50955 
6752 1.50955 
6753 1.50955 
6754 1.50955 
6755 1.50955 
6756 1.50955 
6757 1.50955 
6758 1.50955 
6759 1.50955 
6760 1.50955 
6761 1.50955 
6762 1.50955 
6763 1.50955 
6764 1.50955 
6765 1.50955 
6766 1.50955 
6767 1.50955 
6768 1.50955 
6769 1.50955 
6770 1.50955 
6771 1.50955 
6772 1.50955 
6773 1.50955 
6774 1.50956 
6775 1.50956 
6776 1.50956 
6777 1.50956 
6778 1.50956 
6779 1.50956 
6780 1.50956 
6781 1.50956 
6782 1.50956 
6783 1.50956 
6784 1.50956 
6785 1.50956 
6786 1.50957 
6787 1.50957 
6788 1.50957 
6789 1.50957 
6790 1.50957 
6791 1.50957 
6792 1.50958 
6793 1.50958 
6794 1.50958 
6795 1.50958 
6796 1.50958 
6797 1.50959 
6798 1.50959 
6799 1.50959 
6800 1.5096 
6801 1.5096 
6802 1.5096 
6803 1.5096 
6804 1.50961 
6805 1.50961 
6806 1.50961 
6807 1.50961 
6808 1.50962 
6809 1.50963 
6810 1.50963 
6811 1.50963 
6812 1.50963 
6813 1.50964 
6814 1.50964 
6815 1.50964 
6816 1.50964 
6817 1.50965 
6818 1.50965 
6819 1.50966 
6820 1.50966 
6821 1.50966 
6822 1.50967 
6823 1.50968 
6824 1.50968 
6825 1.5097 
6826 1.50971 
6827 1.50973 
6828 1.50974 
6829 1.50975 
6830 1.50975 
6831 1.50976 
6832 1.50976 
6833 1.50976 
6834 1.50978 
6835 1.50975 
6836 1.50975 
6837 1.51019 
6838 1.51009 
6839 1.51024 
6840 1.51024 
6841 1.51024 
6842 1.51024 
6843 1.51024 
6844 1.51024 
6845 1.51024 
6846 1.51024 
6847 1.51024 
6848 1.51024 
6849 1.51024 
6850 1.51024 
6851 1.51024 
6852 1.51024 
6853 1.51024 
6854 1.51024 
6855 1.51024 
6856 1.51024 
6857 1.51024 
6858 1.51024 
6859 1.51024 
6860 1.51025 
6861 1.51025 
6862 1.51025 
6863 1.51025 
6864 1.51025 
6865 1.51025 
6866 1.51025 
6867 1.51025 
6868 1.51026 
6869 1.51026 
6870 1.51028 
6871 1.51029 
6872 1.5103 
6873 1.51031 
6874 1.51032 
6875 1.51033 
6876 1.51034 
6877 1.51034 
6878 1.51035 
6879 1.51036 
6880 1.51037 
6881 1.51038 
6882 1.51039 
6883 1.5104 
6884 1.51041 
6885 1.51044 
6886 1.51052 
6887 1.5106 
6888 1.51064 
6889 1.51071 
6890 1.51074 
6891 1.51076 
6892 1.51076 
6893 1.51077 
6894 1.51074 
6895 1.51074 
6896 1.51075 
6897 1.51076 
6898 1.51077 
6899 1.51078 
6900 1.51079 
6901 1.5108 
6902 1.51085 
6903 1.51107 
6904 1.51107 
6905 1.51107 
6906 1.51107 
6907 1.51108 
6908 1.51108 
6909 1.51109 
6910 1.5111 
6911 1.5111 
6912 1.51111 
6913 1.51113 
6914 1.51113 
6915 1.51115 
6916 1.51117 
6917 1.51119 
6918 1.5132 
6919 1.5132 
6920 1.5132 
6921 1.5132 
6922 1.51322 
6923 1.51323 
6924 1.51323 
6925 1.51325 
6926 1.51327 
6927 1.51328 
6928 1.5133 
6929 1.51331 
6930 1.51331 
6931 1.51332 
6932 1.51333 
6933 1.51334 
6934 1.51489 
6935 1.51488 
6936 1.51488 
6937 1.51488 
6938 1.51488 
6939 1.51488 
6940 1.51488 
6941 1.51488 
6942 1.51488 
6943 1.51489 
6944 1.51489 
6945 1.51489 
6946 1.51489 
6947 1.51489 
6948 1.51489 
6949 1.51489 
6950 1.51489 
6951 1.51489 
6952 1.51489 
6953 1.51489 
6954 1.51489 
6955 1.51489 
6956 1.51489 
6957 1.51489 
6958 1.51489 
6959 1.51489 
6960 1.51489 
6961 1.51489 
6962 1.51489 
6963 1.51489 
6964 1.51489 
6965 1.51489 
6966 1.51489 
6967 1.51489 
6968 1.51489 
6969 1.5149 
6970 1.5149 
6971 1.5149 
6972 1.5149 
6973 1.5149 
6974 1.5149 
6975 1.5149 
6976 1.5149 
6977 1.5149 
6978 1.5149 
6979 1.5149 
6980 1.5149 
6981 1.5149 
6982 1.5149 
6983 1.5149 
6984 1.5149 
6985 1.5149 
6986 1.5149 
6987 1.5149 
6988 1.51491 
6989 1.51491 
6990 1.51491 
6991 1.51491 
6992 1.51491 
6993 1.51491 
6994 1.51491 
6995 1.51491 
6996 1.51491 
6997 1.51492 
6998 1.51492 
6999 1.51492 
7000 1.51493 
7001 1.51494 
7002 1.51497 
7003 1.51498 
7004 1.51499 
7005 1.515 
7006 1.51501 
7007 1.51501 
7008 1.51502 
7009 1.51504 
7010 1.51505 
7011 1.51508 
7012 1.51513 
7013 1.51518 
7014 1.5152 
7015 1.51523 
7016 1.51525 
7017 1.51528 
7018 1.5154 
7019 1.51613 
7020 1.51613 
7021 1.51613 
7022 1.51613 
7023 1.51614 
7024 1.51615 
7025 1.51615 
7026 1.51617 
7027 1.51618 
7028 1.5162 
7029 1.51622 
7030 1.51624 
7031 1.51625 
7032 1.51625 
7033 1.51625 
7034 1.51625 
7035 1.51626 
7036 1.51628 
7037 1.51833 
7038 1.51824 
7039 1.51824 
7040 1.51824 
7041 1.51824 
7042 1.51824 
7043 1.51824 
7044 1.51824 
7045 1.51824 
7046 1.51824 
7047 1.51824 
7048 1.51824 
7049 1.51824 
7050 1.51824 
7051 1.51824 
7052 1.51824 
7053 1.51824 
7054 1.51824 
7055 1.51824 
7056 1.51824 
7057 1.51824 
7058 1.51825 
7059 1.51825 
7060 1.51825 
7061 1.51825 
7062 1.51825 
7063 1.51825 
7064 1.51826 
7065 1.51826 
7066 1.51826 
7067 1.51828 
7068 1.51828 
7069 1.51829 
7070 1.51829 
7071 1.51829 
7072 1.5183 
7073 1.5183 
7074 1.51831 
7075 1.51832 
7076 1.51833 
7077 1.51833 
7078 1.51834 
7079 1.51834 
7080 1.51834 
7081 1.51835 
7082 1.51836 
7083 1.51838 
7084 1.5184 
7085 1.51843 
7086 1.51845 
7087 1.51848 
7088 1.51849 
7089 1.5185 
7090 1.51852 
7091 1.51853 
7092 1.51854 
7093 1.51856 
7094 1.5186 
7095 1.51864 
7096 1.51867 
7097 1.51869 
7098 1.51872 
7099 1.51873 
7100 1.51881 
7101 1.5207 
7102 1.52071 
7103 1.52071 
7104 1.52071 
7105 1.52071 
7106 1.52071 
7107 1.52071 
7108 1.52071 
7109 1.52071 
7110 1.52071 
7111 1.52071 
7112 1.52071 
7113 1.52071 
7114 1.52071 
7115 1.52071 
7116 1.52072 
7117 1.52072 
7118 1.52073 
7119 1.52073 
7120 1.52073 
7121 1.52073 
7122 1.52074 
7123 1.52074 
7124 1.52074 
7125 1.52074 
7126 1.52075 
7127 1.52075 
7128 1.52075 
7129 1.52075 
7130 1.52076 
7131 1.52076 
7132 1.52076 
7133 1.52077 
7134 1.52077 
7135 1.52077 
7136 1.52078 
7137 1.52078 
7138 1.52084 
7139 1.52087 
7140 1.52092 
7141 1.52094 
7142 1.52096 
7143 1.52098 
7144 1.52097 
7145 1.52096 
7146 1.52096 
7147 1.52077 
7148 1.52074 
7149 1.52074 
7150 1.52074 
7151 1.52074 
7152 1.52074 
7153 1.52074 
7154 1.52074 
7155 1.52074 
7156 1.52074 
7157 1.52074 
7158 1.52074 
7159 1.52074 
7160 1.52074 
7161 1.52074 
7162 1.52074 
7163 1.52074 
7164 1.52074 
7165 1.52074 
7166 1.52074 
7167 1.52074 
7168 1.52074 
7169 1.52074 
7170 1.52074 
7171 1.52074 
7172 1.52074 
7173 1.52074 
7174 1.52074 
7175 1.52074 
7176 1.52074 
7177 1.52074 
7178 1.52074 
7179 1.52074 
7180 1.52074 
7181 1.52074 
7182 1.52074 
7183 1.52074 
7184 1.52074 
7185 1.52074 
7186 1.52074 
7187 1.52074 
7188 1.52074 
7189 1.52074 
7190 1.52074 
7191 1.52074 
7192 1.52074 
7193 1.52074 
7194 1.52074 
7195 1.52074 
7196 1.52074 
7197 1.52075 
7198 1.52075 
7199 1.52075 
7200 1.52075 
7201 1.52075 
7202 1.52075 
7203 1.52075 
7204 1.52075 
7205 1.52075 
7206 1.52075 
7207 1.52076 
7208 1.52076 
7209 1.52076 
7210 1.52076 
7211 1.52076 
7212 1.52076 
7213 1.52077 
7214 1.52077 
7215 1.52079 
7216 1.52079 
7217 1.5208 
7218 1.52081 
7219 1.52081 
7220 1.52082 
7221 1.52084 
7222 1.52085 
7223 1.52086 
7224 1.52087 
7225 1.52088 
7226 1.52089 
7227 1.52089 
7228 1.52092 
7229 1.52096 
7230 1.52098 
7231 1.52098 
7232 1.52107 
7233 1.52614 
7234 1.52613 
7235 1.5261 
7236 1.5261 
7237 1.5261 
7238 1.5261 
7239 1.5261 
7240 1.5261 
7241 1.5261 
7242 1.5261 
7243 1.5261 
7244 1.5261 
7245 1.5261 
7246 1.5261 
7247 1.5261 
7248 1.5261 
7249 1.5261 
7250 1.5261 
7251 1.5261 
7252 1.52609 
7253 1.52609 
7254 1.52609 
7255 1.52609 
7256 1.52609 
7257 1.52609 
7258 1.52609 
7259 1.52609 
7260 1.52609 
7261 1.52609 
7262 1.52609 
7263 1.52609 
7264 1.52609 
7265 1.52609 
7266 1.5261 
7267 1.52611 
7268 1.52612 
7269 1.52614 
7270 1.52615 
7271 1.52616 
7272 1.52616 
7273 1.52617 
7274 1.52618 
7275 1.52619 
7276 1.5262 
7277 1.52621 
7278 1.52623 
7279 1.52624 
7280 1.52626 
7281 1.52627 
7282 1.5263 
7283 1.52631 
7284 1.5264 
7285 1.52642 
7286 1.52643 
7287 1.52645 
7288 1.52652 
7289 1.52656 
7290 1.52659 
7291 1.52658 
7292 1.52658 
7293 1.52658 
7294 1.5266 
7295 1.52663 
7296 1.52685 
7297 1.52689 
7298 1.5291 
7299 1.52907 
7300 1.52907 
7301 1.52907 
7302 1.52907 
7303 1.52907 
7304 1.52907 
7305 1.52907 
7306 1.52907 
7307 1.52907 
7308 1.52907 
7309 1.52907 
7310 1.52907 
7311 1.52907 
7312 1.52907 
7313 1.52908 
7314 1.52908 
7315 1.52908 
7316 1.52909 
7317 1.52909 
7318 1.5291 
7319 1.52911 
7320 1.52911 
7321 1.52912 
7322 1.52912 
7323 1.52914 
7324 1.52917 
7325 1.52918 
7326 1.52918 
7327 1.52919 
7328 1.5292 
7329 1.52923 
7330 1.52929 
7331 1.52935 
7332 1.52938 
7333 1.5294 
7334 1.52943 
7335 1.52948 
7336 1.52951 
7337 1.52954 
7338 1.52955 
7339 1.53025 
7340 1.53018 
7341 1.53018 
7342 1.53018 
7343 1.53018 
7344 1.53018 
7345 1.53018 
7346 1.53018 
7347 1.53018 
7348 1.53018 
7349 1.53018 
7350 1.53018 
7351 1.53018 
7352 1.53018 
7353 1.53018 
7354 1.53018 
7355 1.53018 
7356 1.53018 
7357 1.53018 
7358 1.53018 
7359 1.53018 
7360 1.53019 
7361 1.53019 
7362 1.53019 
7363 1.5302 
7364 1.5302 
7365 1.53021 
7366 1.53021 
7367 1.53021 
7368 1.53022 
7369 1.53022 
7370 1.53022 
7371 1.53023 
7372 1.53023 
7373 1.53024 
7374 1.53025 
7375 1.53025 
7376 1.53026 
7377 1.53026 
7378 1.53028 
7379 1.53029 
7380 1.53029 
7381 1.5303 
7382 1.5303 
7383 1.53031 
7384 1.53035 
7385 1.53036 
7386 1.5305 
7387 1.53055 
7388 1.5306 
7389 1.53073 
7390 1.53076 
7391 1.53079 
7392 1.53086 
7393 1.53099 
7394 1.53346 
7395 1.53339 
7396 1.53339 
7397 1.53339 
7398 1.53339 
7399 1.53339 
7400 1.53339 
7401 1.53339 
7402 1.53339 
7403 1.53339 
7404 1.53339 
7405 1.53339 
7406 1.53338 
7407 1.53338 
7408 1.53338 
7409 1.53338 
7410 1.53338 
7411 1.53338 
7412 1.53338 
7413 1.53338 
7414 1.53338 
7415 1.53338 
7416 1.53338 
7417 1.53338 
7418 1.53338 
7419 1.53338 
7420 1.53338 
7421 1.53338 
7422 1.53338 
7423 1.53338 
7424 1.53339 
7425 1.53339 
7426 1.53339 
7427 1.53339 
7428 1.53339 
7429 1.53339 
7430 1.53339 
7431 1.5334 
7432 1.5334 
7433 1.5334 
7434 1.5334 
7435 1.5334 
7436 1.5334 
7437 1.53341 
7438 1.53341 
7439 1.53342 
7440 1.53342 
7441 1.53342 
7442 1.53342 
7443 1.53342 
7444 1.53342 
7445 1.53342 
7446 1.53342 
7447 1.53342 
7448 1.53342 
7449 1.53343 
7450 1.53343 
7451 1.53343 
7452 1.53343 
7453 1.53343 
7454 1.53343 
7455 1.53343 
7456 1.53344 
7457 1.53344 
7458 1.53344 
7459 1.53347 
7460 1.53348 
7461 1.5335 
7462 1.53351 
7463 1.53353 
7464 1.53354 
7465 1.53356 
7466 1.53358 
7467 1.53361 
7468 1.53362 
7469 1.53364 
7470 1.53367 
7471 1.53369 
7472 1.5337 
7473 1.53372 
7474 1.53372 
7475 1.53371 
7476 1.53371 
7477 1.53366 
7478 1.53362 
7479 1.53362 
7480 1.53362 
7481 1.53362 
7482 1.53362 
7483 1.53362 
7484 1.53362 
7485 1.53362 
7486 1.53362 
7487 1.53362 
7488 1.53362 
7489 1.53362 
7490 1.53362 
7491 1.53362 
7492 1.53362 
7493 1.53362 
7494 1.53362 
7495 1.53362 
7496 1.53362 
7497 1.53362 
7498 1.53362 
7499 1.53362 
7500 1.53362 
7501 1.53362 
7502 1.53362 
7503 1.53362 
7504 1.53362 
7505 1.53362 
7506 1.53362 
7507 1.53362 
7508 1.53362 
7509 1.53362 
7510 1.53362 
7511 1.53362 
7512 1.53362 
7513 1.53362 
7514 1.53362 
7515 1.53362 
7516 1.53362 
7517 1.53362 
7518 1.53362 
7519 1.53362 
7520 1.53362 
7521 1.53362 
7522 1.53363 
7523 1.53363 
7524 1.53363 
7525 1.53364 
7526 1.53365 
7527 1.53366 
7528 1.53366 
7529 1.53367 
7530 1.53368 
7531 1.53368 
7532 1.53369 
7533 1.53369 
7534 1.5337 
7535 1.5337 
7536 1.5337 
7537 1.53371 
7538 1.53371 
7539 1.53375 
7540 1.53409 
7541 1.53407 
7542 1.53407 
7543 1.53407 
7544 1.53407 
7545 1.53407 
7546 1.53407 
7547 1.53407 
7548 1.53407 
7549 1.53407 
7550 1.53407 
7551 1.53407 
7552 1.53407 
7553 1.53407 
7554 1.53407 
7555 1.53407 
7556 1.53407 
7557 1.53407 
7558 1.53407 
7559 1.53407 
7560 1.53407 
7561 1.53407 
7562 1.53407 
7563 1.53407 
7564 1.53407 
7565 1.53407 
7566 1.53407 
7567 1.53407 
7568 1.53407 
7569 1.53407 
7570 1.53408 
7571 1.53408 
7572 1.53408 
7573 1.53408 
7574 1.53408 
7575 1.53408 
7576 1.53408 
7577 1.53408 
7578 1.53408 
7579 1.53408 
7580 1.53408 
7581 1.53408 
7582 1.53408 
7583 1.53408 
7584 1.53408 
7585 1.53408 
7586 1.53408 
7587 1.53408 
7588 1.53408 
7589 1.53408 
7590 1.53408 
7591 1.53408 
7592 1.53408 
7593 1.53408 
7594 1.53408 
7595 1.53408 
7596 1.53408 
7597 1.53408 
7598 1.53408 
7599 1.53408 
7600 1.53408 
7601 1.53408 
7602 1.53408 
7603 1.53409 
7604 1.53409 
7605 1.53409 
7606 1.53409 
7607 1.53409 
7608 1.5341 
7609 1.5341 
7610 1.5341 
7611 1.5341 
7612 1.53411 
7613 1.53411 
7614 1.53411 
7615 1.53411 
7616 1.53412 
7617 1.53412 
7618 1.53413 
7619 1.53413 
7620 1.53414 
7621 1.53414 
7622 1.53415 
7623 1.53415 
7624 1.53415 
7625 1.53416 
7626 1.53416 
7627 1.53416 
7628 1.53417 
7629 1.53417 
7630 1.53418 
7631 1.53418 
7632 1.53418 
7633 1.5342 
7634 1.53421 
7635 1.53423 
7636 1.53467 
7637 1.53463 
7638 1.53464 
7639 1.53466 
7640 1.53468 
7641 1.53469 
7642 1.53471 
7643 1.53468 
7644 1.53468 
7645 1.53442 
7646 1.53436 
7647 1.53436 
7648 1.53436 
7649 1.53436 
7650 1.53436 
7651 1.53436 
7652 1.53436 
7653 1.53436 
7654 1.53436 
7655 1.53436 
7656 1.53436 
7657 1.53436 
7658 1.53436 
7659 1.53436 
7660 1.53436 
7661 1.53436 
7662 1.53436 
7663 1.53437 
7664 1.53437 
7665 1.53437 
7666 1.53437 
7667 1.53437 
7668 1.53437 
7669 1.53437 
7670 1.53437 
7671 1.53437 
7672 1.53437 
7673 1.53437 
7674 1.53437 
7675 1.53437 
7676 1.53437 
7677 1.53437 
7678 1.53437 
7679 1.53438 
7680 1.53438 
7681 1.53438 
7682 1.53438 
7683 1.53438 
7684 1.53438 
7685 1.53438 
7686 1.53438 
7687 1.53438 
7688 1.53438 
7689 1.53438 
7690 1.53438 
7691 1.53438 
7692 1.53439 
7693 1.53439 
7694 1.5344 
7695 1.5344 
7696 1.5344 
7697 1.53441 
7698 1.53441 
7699 1.53441 
7700 1.53441 
7701 1.53442 
7702 1.53442 
7703 1.53442 
7704 1.53442 
7705 1.53442 
7706 1.53443 
7707 1.53443 
7708 1.53443 
7709 1.53444 
7710 1.53444 
7711 1.53444 
7712 1.53445 
7713 1.5345 
7714 1.5345 
7715 1.53451 
7716 1.53451 
7717 1.53452 
7718 1.53453 
7719 1.53455 
7720 1.53459 
7721 1.53462 
7722 1.53464 
7723 1.53466 
7724 1.53468 
7725 1.53469 
7726 1.5347 
7727 1.53472 
7728 1.53474 
7729 1.53475 
7730 1.53477 
7731 1.53477 
7732 1.53478 
7733 1.5348 
7734 1.53482 
7735 1.53526 
7736 1.53513 
7737 1.53513 
7738 1.53513 
7739 1.53513 
7740 1.53513 
7741 1.53513 
7742 1.53513 
7743 1.53513 
7744 1.53513 
7745 1.53513 
7746 1.53513 
7747 1.53513 
7748 1.53513 
7749 1.53513 
7750 1.53513 
7751 1.53513 
7752 1.53513 
7753 1.53513 
7754 1.53513 
7755 1.53513 
7756 1.53513 
7757 1.53513 
7758 1.53513 
7759 1.53513 
7760 1.53513 
7761 1.53513 
7762 1.53513 
7763 1.53513 
7764 1.53513 
7765 1.53513 
7766 1.53513 
7767 1.53513 
7768 1.53513 
7769 1.53513 
7770 1.53513 
7771 1.53513 
7772 1.53513 
7773 1.53513 
7774 1.53513 
7775 1.53513 
7776 1.53513 
7777 1.53513 
7778 1.53513 
7779 1.53513 
7780 1.53513 
7781 1.53513 
7782 1.53513 
7783 1.53513 
7784 1.53513 
7785 1.53513 
7786 1.53514 
7787 1.53515 
7788 1.53516 
7789 1.53516 
7790 1.53517 
7791 1.53517 
7792 1.53518 
7793 1.53518 
7794 1.53519 
7795 1.53519 
7796 1.5352 
7797 1.53521 
7798 1.53521 
7799 1.53524 
7800 1.53524 
7801 1.53524 
7802 1.53525 
7803 1.53522 
7804 1.53519 
7805 1.53512 
7806 1.53451 
7807 1.53425 
7808 1.53425 
7809 1.53425 
7810 1.53425 
7811 1.53425 
7812 1.53425 
7813 1.53425 
7814 1.53425 
7815 1.53424 
7816 1.53424 
7817 1.53424 
7818 1.53424 
7819 1.53424 
7820 1.53423 
7821 1.53423 
7822 1.53423 
7823 1.53423 
7824 1.53423 
7825 1.53423 
7826 1.53423 
7827 1.53423 
7828 1.53423 
7829 1.53423 
7830 1.53423 
7831 1.53423 
7832 1.53423 
7833 1.53423 
7834 1.53423 
7835 1.53423 
7836 1.53422 
7837 1.53422 
7838 1.53422 
7839 1.53422 
7840 1.53422 
7841 1.53422 
7842 1.53422 
7843 1.53422 
7844 1.53422 
7845 1.53422 
7846 1.53422 
7847 1.53422 
7848 1.53422 
7849 1.53422 
7850 1.53421 
7851 1.53421 
7852 1.53421 
7853 1.53422 
7854 1.53422 
7855 1.53422 
7856 1.53422 
7857 1.53422 
7858 1.53422 
7859 1.53422 
7860 1.53422 
7861 1.53422 
7862 1.53422 
7863 1.53422 
7864 1.53423 
7865 1.53423 
7866 1.53423 
7867 1.53424 
7868 1.53424 
7869 1.53425 
7870 1.53425 
7871 1.53425 
7872 1.53426 
7873 1.53427 
7874 1.53428 
7875 1.5343 
7876 1.53431 
7877 1.53431 
7878 1.5344 
7879 1.53442 
7880 1.53445 
7881 1.5345 
7882 1.53452 
7883 1.53454 
7884 1.53462 
7885 1.53477 
7886 1.53492 
7887 1.5411 
7888 1.54103 
7889 1.54095 
7890 1.54095 
7891 1.54095 
7892 1.54095 
7893 1.54095 
7894 1.54095 
7895 1.54095 
7896 1.54095 
7897 1.54095 
7898 1.54095 
7899 1.54095 
7900 1.54095 
7901 1.54095 
7902 1.54095 
7903 1.54095 
7904 1.54095 
7905 1.54095 
7906 1.54095 
7907 1.54095 
7908 1.54095 
7909 1.54095 
7910 1.54095 
7911 1.54095 
7912 1.54095 
7913 1.54095 
7914 1.54095 
7915 1.54095 
7916 1.54096 
7917 1.54096 
7918 1.54096 
7919 1.54096 
7920 1.54096 
7921 1.54096 
7922 1.54096 
7923 1.54096 
7924 1.54096 
7925 1.54096 
7926 1.54096 
7927 1.54096 
7928 1.54096 
7929 1.54097 
7930 1.54097 
7931 1.54098 
7932 1.54098 
7933 1.54098 
7934 1.54098 
7935 1.54098 
7936 1.54099 
7937 1.54099 
7938 1.54099 
7939 1.54099 
7940 1.54099 
7941 1.541 
7942 1.541 
7943 1.541 
7944 1.541 
7945 1.54101 
7946 1.54101 
7947 1.54102 
7948 1.54102 
7949 1.54103 
7950 1.54104 
7951 1.54105 
7952 1.54105 
7953 1.54106 
7954 1.54107 
7955 1.54108 
7956 1.54109 
7957 1.54113 
7958 1.54114 
7959 1.54116 
7960 1.54118 
7961 1.54121 
7962 1.54123 
7963 1.54128 
7964 1.54133 
7965 1.54135 
7966 1.54139 
7967 1.54142 
7968 1.54145 
7969 1.54147 
7970 1.54146 
7971 1.54144 
7972 1.54146 
7973 1.5416 
7974 1.54157 
7975 1.54157 
7976 1.54158 
7977 1.54158 
7978 1.54159 
7979 1.5416 
7980 1.5416 
7981 1.54161 
7982 1.54161 
7983 1.54162 
7984 1.54165 
7985 1.54331 
7986 1.54319 
7987 1.54319 
7988 1.54319 
7989 1.54319 
7990 1.54319 
7991 1.54319 
7992 1.54319 
7993 1.54319 
7994 1.54319 
7995 1.5432 
7996 1.5432 
7997 1.5432 
7998 1.54321 
7999 1.54321 
8000 1.54321 
8001 1.54322 
8002 1.54322 
8003 1.54323 
8004 1.54324 
8005 1.54325 
8006 1.54326 
8007 1.5433 
8008 1.54331 
8009 1.54335 
8010 1.54336 
8011 1.54337 
8012 1.54339 
8013 1.54342 
8014 1.54344 
8015 1.54346 
8016 1.54348 
8017 1.5435 
8018 1.54352 
8019 1.54354 
8020 1.54356 
8021 1.54358 
8022 1.5436 
8023 1.54361 
8024 1.54363 
8025 1.54364 
8026 1.54364 
8027 1.54365 
8028 1.54367 
8029 1.54368 
8030 1.54369 
8031 1.54373 
8032 1.54406 
8033 1.54403 
8034 1.54403 
8035 1.54403 
8036 1.54403 
8037 1.54402 
8038 1.54402 
8039 1.54402 
8040 1.54402 
8041 1.54402 
8042 1.54402 
8043 1.54402 
8044 1.54402 
8045 1.54402 
8046 1.54402 
8047 1.54402 
8048 1.54402 
8049 1.54402 
8050 1.54402 
8051 1.54402 
8052 1.54402 
8053 1.54402 
8054 1.54402 
8055 1.54402 
8056 1.54402 
8057 1.54402 
8058 1.54402 
8059 1.54403 
8060 1.54403 
8061 1.54403 
8062 1.54403 
8063 1.54403 
8064 1.54403 
8065 1.54403 
8066 1.54403 
8067 1.54403 
8068 1.54403 
8069 1.54404 
8070 1.54404 
8071 1.54404 
8072 1.54404 
8073 1.54404 
8074 1.54404 
8075 1.54405 
8076 1.54406 
8077 1.54406 
8078 1.54406 
8079 1.54406 
8080 1.54407 
8081 1.54408 
8082 1.54408 
8083 1.54408 
8084 1.54409 
8085 1.5441 
8086 1.5441 
8087 1.54411 
8088 1.54412 
8089 1.54413 
8090 1.54415 
8091 1.54416 
8092 1.54419 
8093 1.5442 
8094 1.54421 
8095 1.54422 
8096 1.54422 
8097 1.54423 
8098 1.54424 
8099 1.54425 
8100 1.54426 
8101 1.54427 
8102 1.54428 
8103 1.54428 
8104 1.54428 
8105 1.54429 
8106 1.5443 
8107 1.54431 
8108 1.54435 
8109 1.54456 
8110 1.55014 
8111 1.55003 
8112 1.55003 
8113 1.55003 
8114 1.55002 
8115 1.55002 
8116 1.55002 
8117 1.55002 
8118 1.55002 
8119 1.55002 
8120 1.55002 
8121 1.55002 
8122 1.55002 
8123 1.55002 
8124 1.55002 
8125 1.55002 
8126 1.55002 
8127 1.55002 
8128 1.55002 
8129 1.55002 
8130 1.55002 
8131 1.55002 
8132 1.55002 
8133 1.55002 
8134 1.55002 
8135 1.55002 
8136 1.55002 
8137 1.55002 
8138 1.55002 
8139 1.55002 
8140 1.55002 
8141 1.55002 
8142 1.55002 
8143 1.55002 
8144 1.55002 
8145 1.55002 
8146 1.55002 
8147 1.55002 
8148 1.55002 
8149 1.55002 
8150 1.55002 
8151 1.55003 
8152 1.55003 
8153 1.55003 
8154 1.55003 
8155 1.55003 
8156 1.55003 
8157 1.55003 
8158 1.55003 
8159 1.55003 
8160 1.55004 
8161 1.55004 
8162 1.55004 
8163 1.55014 
8164 1.55022 
8165 1.55028 
8166 1.55031 
8167 1.55032 
8168 1.5503 
8169 1.55071 
8170 1.55065 
8171 1.55065 
8172 1.55065 
8173 1.55065 
8174 1.55065 
8175 1.55064 
8176 1.55064 
8177 1.55064 
8178 1.55064 
8179 1.55064 
8180 1.55064 
8181 1.55064 
8182 1.55064 
8183 1.55063 
8184 1.55063 
8185 1.55063 
8186 1.55063 
8187 1.55063 
8188 1.55063 
8189 1.55063 
8190 1.55063 
8191 1.55063 
8192 1.55063 
8193 1.55063 
8194 1.55063 
8195 1.55063 
8196 1.55064 
8197 1.55064 
8198 1.55064 
8199 1.55064 
8200 1.55065 
8201 1.55065 
8202 1.55066 
8203 1.55066 
8204 1.55066 
8205 1.55067 
8206 1.55069 
8207 1.55071 
8208 1.55072 
8209 1.55081 
8210 1.55086 
8211 1.5509 
8212 1.55092 
8213 1.55095 
8214 1.551 
8215 1.55101 
8216 1.55355 
8217 1.55356 
8218 1.55358 
8219 1.55358 
8220 1.55358 
8221 1.55359 
8222 1.5536 
8223 1.5536 
8224 1.55361 
8225 1.55361 
8226 1.55361 
8227 1.55362 
8228 1.55362 
8229 1.55363 
8230 1.55365 
8231 1.55365 
8232 1.55366 
8233 1.55367 
8234 1.55368 
8235 1.55372 
8236 1.55375 
8237 1.55378 
8238 1.55382 
8239 1.55383 
8240 1.55383 
8241 1.55383 
8242 1.55383 
8243 1.55385 
8244 1.55388 
8245 1.5539 
8246 1.5539 
8247 1.5539 
8248 1.554 
8249 1.55403 
8250 1.55403 
8251 1.55403 
8252 1.55403 
8253 1.55403 
8254 1.55403 
8255 1.55403 
8256 1.55404 
8257 1.55404 
8258 1.55404 
8259 1.55404 
8260 1.55404 
8261 1.55404 
8262 1.55404 
8263 1.55404 
8264 1.55404 
8265 1.55404 
8266 1.55404 
8267 1.55404 
8268 1.55404 
8269 1.55404 
8270 1.55404 
8271 1.55404 
8272 1.55404 
8273 1.55404 
8274 1.55404 
8275 1.55404 
8276 1.55404 
8277 1.55404 
8278 1.55404 
8279 1.55404 
8280 1.55404 
8281 1.55404 
8282 1.55404 
8283 1.55404 
8284 1.55404 
8285 1.55404 
8286 1.55404 
8287 1.55404 
8288 1.55404 
8289 1.55404 
8290 1.55404 
8291 1.55404 
8292 1.55404 
8293 1.55404 
8294 1.55404 
8295 1.55404 
8296 1.55404 
8297 1.55404 
8298 1.55404 
8299 1.55404 
8300 1.55404 
8301 1.55404 
8302 1.55404 
8303 1.55404 
8304 1.55404 
8305 1.55404 
8306 1.55405 
8307 1.55405 
8308 1.55405 
8309 1.55405 
8310 1.55405 
8311 1.55405 
8312 1.55405 
8313 1.55405 
8314 1.55406 
8315 1.55406 
8316 1.55406 
8317 1.55407 
8318 1.55407 
8319 1.55408 
8320 1.55408 
8321 1.55408 
8322 1.55409 
8323 1.55409 
8324 1.55409 
8325 1.55409 
8326 1.55409 
8327 1.5541 
8328 1.5541 
8329 1.5541 
8330 1.5541 
8331 1.5541 
8332 1.55411 
8333 1.55411 
8334 1.55412 
8335 1.55412 
8336 1.55413 
8337 1.55413 
8338 1.55416 
8339 1.55861 
8340 1.55873 
8341 1.55873 
8342 1.55873 
8343 1.55874 
8344 1.55874 
8345 1.55874 
8346 1.55874 
8347 1.55874 
8348 1.55874 
8349 1.55874 
8350 1.55874 
8351 1.55874 
8352 1.55875 
8353 1.55875 
8354 1.55875 
8355 1.55875 
8356 1.55875 
8357 1.55875 
8358 1.55875 
8359 1.55875 
8360 1.55875 
8361 1.55875 
8362 1.55875 
8363 1.55875 
8364 1.55875 
8365 1.55875 
8366 1.55875 
8367 1.55875 
8368 1.55875 
8369 1.55875 
8370 1.55875 
8371 1.55875 
8372 1.55875 
8373 1.55875 
8374 1.55875 
8375 1.55875 
8376 1.55875 
8377 1.55875 
8378 1.55875 
8379 1.55875 
8380 1.55875 
8381 1.55875 
8382 1.55876 
8383 1.55876 
8384 1.55876 
8385 1.55876 
8386 1.55876 
8387 1.55876 
8388 1.55876 
8389 1.55876 
8390 1.55876 
8391 1.55876 
8392 1.55877 
8393 1.55877 
8394 1.55877 
8395 1.55877 
8396 1.55877 
8397 1.55877 
8398 1.55878 
8399 1.55878 
8400 1.55878 
8401 1.55879 
8402 1.5588 
8403 1.5588 
8404 1.55881 
8405 1.55881 
8406 1.55882 
8407 1.55882 
8408 1.55883 
8409 1.55884 
8410 1.55885 
8411 1.55886 
8412 1.55886 
8413 1.55889 
8414 1.55892 
8415 1.55893 
8416 1.55895 
8417 1.55896 
8418 1.55896 
8419 1.55896 
8420 1.55897 
8421 1.55898 
8422 1.55902 
8423 1.55905 
8424 1.55914 
8425 1.55921 
8426 1.56267 
8427 1.56268 
8428 1.56269 
8429 1.56269 
8430 1.56269 
8431 1.5627 
8432 1.5627 
8433 1.5627 
8434 1.5627 
8435 1.5627 
8436 1.5627 
8437 1.5627 
8438 1.5627 
8439 1.56271 
8440 1.56271 
8441 1.56271 
8442 1.56271 
8443 1.56271 
8444 1.56271 
8445 1.56272 
8446 1.56272 
8447 1.56272 
8448 1.56272 
8449 1.56273 
8450 1.56273 
8451 1.56273 
8452 1.56273 
8453 1.56273 
8454 1.56273 
8455 1.56273 
8456 1.56273 
8457 1.56274 
8458 1.56274 
8459 1.56274 
8460 1.56274 
8461 1.56274 
8462 1.56274 
8463 1.56275 
8464 1.56275 
8465 1.56275 
8466 1.56275 
8467 1.56275 
8468 1.56276 
8469 1.56276 
8470 1.56276 
8471 1.56277 
8472 1.56278 
8473 1.56278 
8474 1.56279 
8475 1.56279 
8476 1.5628 
8477 1.5628 
8478 1.5628 
8479 1.5628 
8480 1.56281 
8481 1.56281 
8482 1.56281 
8483 1.56282 
8484 1.56282 
8485 1.56282 
8486 1.56283 
8487 1.56283 
8488 1.56284 
8489 1.56284 
8490 1.56285 
8491 1.56287 
8492 1.56287 
8493 1.56288 
8494 1.5629 
8495 1.56321 
8496 1.56321 
8497 1.56321 
8498 1.56321 
8499 1.56324 
8500 1.56324 
8501 1.56325 
8502 1.56325 
8503 1.56325 
8504 1.56326 
8505 1.56326 
8506 1.56327 
8507 1.56327 
8508 1.56328 
8509 1.56328 
8510 1.5633 
8511 1.56331 
8512 1.56332 
8513 1.56333 
8514 1.56334 
8515 1.56334 
8516 1.56335 
8517 1.56336 
8518 1.56336 
8519 1.56337 
8520 1.5634 
8521 1.56481 
8522 1.56482 
8523 1.56484 
8524 1.56489 
8525 1.56496 
8526 1.56497 
8527 1.56498 
8528 1.56499 
8529 1.56501 
8530 1.56503 
8531 1.56504 
8532 1.56506 
8533 1.56509 
8534 1.56512 
8535 1.5652 
8536 1.56523 
8537 1.56526 
8538 1.56528 
8539 1.56532 
8540 1.56538 
8541 1.56542 
8542 1.56551 
8543 1.56724 
8544 1.56724 
8545 1.56726 
8546 1.56726 
8547 1.56726 
8548 1.56727 
8549 1.56727 
8550 1.56727 
8551 1.56727 
8552 1.56727 
8553 1.56728 
8554 1.56729 
8555 1.56729 
8556 1.56729 
8557 1.56729 
8558 1.5673 
8559 1.5673 
8560 1.5673 
8561 1.5673 
8562 1.5673 
8563 1.5673 
8564 1.5673 
8565 1.5673 
8566 1.5673 
8567 1.5673 
8568 1.5673 
8569 1.56731 
8570 1.56731 
8571 1.56731 
8572 1.56731 
8573 1.56733 
8574 1.56734 
8575 1.56735 
8576 1.56736 
8577 1.56737 
8578 1.56738 
8579 1.56739 
8580 1.5674 
8581 1.5674 
8582 1.56741 
8583 1.56741 
8584 1.56742 
8585 1.56742 
8586 1.56743 
8587 1.56744 
8588 1.56744 
8589 1.5676 
8590 1.56762 
8591 1.56762 
8592 1.56763 
8593 1.56763 
8594 1.56763 
8595 1.56764 
8596 1.56764 
8597 1.56764 
8598 1.56764 
8599 1.56764 
8600 1.56764 
8601 1.56764 
8602 1.56764 
8603 1.56764 
8604 1.56764 
8605 1.56764 
8606 1.56764 
8607 1.56765 
8608 1.56765 
8609 1.56765 
8610 1.56765 
8611 1.56765 
8612 1.56765 
8613 1.56765 
8614 1.56765 
8615 1.56765 
8616 1.56765 
8617 1.56765 
8618 1.56765 
8619 1.56765 
8620 1.56765 
8621 1.56765 
8622 1.56765 
8623 1.56765 
8624 1.56765 
8625 1.56765 
8626 1.56765 
8627 1.56765 
8628 1.56765 
8629 1.56765 
8630 1.56765 
8631 1.56765 
8632 1.56766 
8633 1.56766 
8634 1.56766 
8635 1.56766 
8636 1.56766 
8637 1.56766 
8638 1.56766 
8639 1.56766 
8640 1.56767 
8641 1.56767 
8642 1.56767 
8643 1.56768 
8644 1.56768 
8645 1.56769 
8646 1.56769 
8647 1.56769 
8648 1.5677 
8649 1.5677 
8650 1.5677 
8651 1.56771 
8652 1.56771 
8653 1.56771 
8654 1.56771 
8655 1.56772 
8656 1.56772 
8657 1.56772 
8658 1.56772 
8659 1.56773 
8660 1.56773 
8661 1.56773 
8662 1.56774 
8663 1.56775 
8664 1.56775 
8665 1.56776 
8666 1.56776 
8667 1.56781 
8668 1.57063 
8669 1.57065 
8670 1.57067 
8671 1.57068 
8672 1.57069 
8673 1.57069 
8674 1.5707 
8675 1.57071 
8676 1.57072 
8677 1.57073 
8678 1.57074 
8679 1.57074 
8680 1.57074 
8681 1.57075 
8682 1.57075 
8683 1.57076 
8684 1.57076 
8685 1.57077 
8686 1.57078 
8687 1.57079 
8688 1.5708 
8689 1.5708 
8690 1.57082 
8691 1.57083 
8692 1.57084 
8693 1.57085 
8694 1.57086 
8695 1.57088 
8696 1.5709 
8697 1.57091 
8698 1.57093 
8699 1.57094 
8700 1.57096 
8701 1.57098 
8702 1.571 
8703 1.57108 
8704 1.57216 
8705 1.57217 
8706 1.57217 
8707 1.57218 
8708 1.57218 
8709 1.57218 
8710 1.57218 
8711 1.57218 
8712 1.57219 
8713 1.57219 
8714 1.57219 
8715 1.57219 
8716 1.57219 
8717 1.57219 
8718 1.57219 
8719 1.57219 
8720 1.57219 
8721 1.57219 
8722 1.57219 
8723 1.57219 
8724 1.57219 
8725 1.57219 
8726 1.5722 
8727 1.5722 
8728 1.5722 
8729 1.5722 
8730 1.5722 
8731 1.5722 
8732 1.5722 
8733 1.5722 
8734 1.5722 
8735 1.5722 
8736 1.5722 
8737 1.5722 
8738 1.5722 
8739 1.5722 
8740 1.5722 
8741 1.57221 
8742 1.57221 
8743 1.57221 
8744 1.57221 
8745 1.57221 
8746 1.57221 
8747 1.57222 
8748 1.57222 
8749 1.57222 
8750 1.57223 
8751 1.57223 
8752 1.57224 
8753 1.57224 
8754 1.57224 
8755 1.57225 
8756 1.57225 
8757 1.57225 
8758 1.57226 
8759 1.57226 
8760 1.57227 
8761 1.57228 
8762 1.57228 
8763 1.57229 
8764 1.5723 
8765 1.57231 
8766 1.57232 
8767 1.57235 
8768 1.57352 
8769 1.57352 
8770 1.57352 
8771 1.57354 
8772 1.57354 
8773 1.57355 
8774 1.57355 
8775 1.57356 
8776 1.57356 
8777 1.57357 
8778 1.57357 
8779 1.57357 
8780 1.57357 
8781 1.57357 
8782 1.57357 
8783 1.57357 
8784 1.57357 
8785 1.57358 
8786 1.57358 
8787 1.57358 
8788 1.57358 
8789 1.57358 
8790 1.57358 
8791 1.57358 
8792 1.57358 
8793 1.57359 
8794 1.57359 
8795 1.57359 
8796 1.57359 
8797 1.57359 
8798 1.5736 
8799 1.5736 
8800 1.5736 
8801 1.5736 
8802 1.5736 
8803 1.57361 
8804 1.57361 
8805 1.57362 
8806 1.57362 
8807 1.57362 
8808 1.57363 
8809 1.57363 
8810 1.57363 
8811 1.57364 
8812 1.57364 
8813 1.57364 
8814 1.57364 
8815 1.57364 
8816 1.57365 
8817 1.57365 
8818 1.57365 
8819 1.57366 
8820 1.57366 
8821 1.57367 
8822 1.57367 
8823 1.57367 
8824 1.57367 
8825 1.57368 
8826 1.57368 
8827 1.57368 
8828 1.57369 
8829 1.5737 
8830 1.57371 
8831 1.57371 
8832 1.57372 
8833 1.57373 
8834 1.57375 
8835 1.57538 
8836 1.57538 
8837 1.57538 
8838 1.57539 
8839 1.5754 
8840 1.5754 
8841 1.5754 
8842 1.57541 
8843 1.57541 
8844 1.57542 
8845 1.57542 
8846 1.57543 
8847 1.57543 
8848 1.57543 
8849 1.57544 
8850 1.57545 
8851 1.57546 
8852 1.57548 
8853 1.5755 
8854 1.5755 
8855 1.57551 
8856 1.57553 
8857 1.57556 
8858 1.57561 
8859 1.57563 
8860 1.57567 
8861 1.5767 
8862 1.57671 
8863 1.57675 
8864 1.57675 
8865 1.57675 
8866 1.57676 
8867 1.57677 
8868 1.57677 
8869 1.57677 
8870 1.57678 
8871 1.57678 
8872 1.57678 
8873 1.57678 
8874 1.57678 
8875 1.57679 
8876 1.57679 
8877 1.57679 
8878 1.5768 
8879 1.5768 
8880 1.57681 
8881 1.57681 
8882 1.57682 
8883 1.57682 
8884 1.57683 
8885 1.57684 
8886 1.57685 
8887 1.57685 
8888 1.57686 
8889 1.57687 
8890 1.57687 
8891 1.57688 
8892 1.57689 
8893 1.5769 
8894 1.57691 
8895 1.57692 
8896 1.57694 
8897 1.57699 
8898 1.57773 
8899 1.57773 
8900 1.57774 
8901 1.57774 
8902 1.57775 
8903 1.57776 
8904 1.57776 
8905 1.57776 
8906 1.57776 
8907 1.57776 
8908 1.57776 
8909 1.57776 
8910 1.57776 
8911 1.57776 
8912 1.57776 
8913 1.57776 
8914 1.57776 
8915 1.57776 
8916 1.57776 
8917 1.57776 
8918 1.57776 
8919 1.57776 
8920 1.57776 
8921 1.57776 
8922 1.57776 
8923 1.57776 
8924 1.57776 
8925 1.57776 
8926 1.57776 
8927 1.57776 
8928 1.57776 
8929 1.57776 
8930 1.57776 
8931 1.57776 
8932 1.57776 
8933 1.57776 
8934 1.57776 
8935 1.57776 
8936 1.57776 
8937 1.57776 
8938 1.57776 
8939 1.57776 
8940 1.57776 
8941 1.57776 
8942 1.57776 
8943 1.57776 
8944 1.57776 
8945 1.57777 
8946 1.57777 
8947 1.57777 
8948 1.57777 
8949 1.57777 
8950 1.57777 
8951 1.57777 
8952 1.57777 
8953 1.57778 
8954 1.57778 
8955 1.57778 
8956 1.57778 
8957 1.57779 
8958 1.57779 
8959 1.57779 
8960 1.57779 
8961 1.5778 
8962 1.5778 
8963 1.5778 
8964 1.5778 
8965 1.5778 
8966 1.57781 
8967 1.57781 
8968 1.57781 
8969 1.57782 
8970 1.57783 
8971 1.57787 
8972 1.57881 
8973 1.57883 
8974 1.57884 
8975 1.57884 
8976 1.57884 
8977 1.57885 
8978 1.57885 
8979 1.57885 
8980 1.57885 
8981 1.57886 
8982 1.57886 
8983 1.57886 
8984 1.57886 
8985 1.57886 
8986 1.57886 
8987 1.57886 
8988 1.57886 
8989 1.57886 
8990 1.57886 
8991 1.57886 
8992 1.57886 
8993 1.57886 
8994 1.57887 
8995 1.57887 
8996 1.57887 
8997 1.57887 
8998 1.57887 
8999 1.57887 
9000 1.57887 
9001 1.57888 
9002 1.57888 
9003 1.57888 
9004 1.57888 
9005 1.57888 
9006 1.57888 
9007 1.57889 
9008 1.57889 
9009 1.57889 
9010 1.57889 
9011 1.5789 
9012 1.5789 
9013 1.5789 
9014 1.57891 
9015 1.57892 
9016 1.57892 
9017 1.57893 
9018 1.57894 
9019 1.57894 
9020 1.57894 
9021 1.57895 
9022 1.57896 
9023 1.57897 
9024 1.57897 
9025 1.57897 
9026 1.57898 
9027 1.57899 
9028 1.579 
9029 1.57901 
9030 1.57902 
9031 1.5793 
9032 1.58032 
9033 1.58039 
9034 1.5804 
9035 1.58041 
9036 1.58041 
9037 1.58042 
9038 1.58042 
9039 1.58043 
9040 1.58044 
9041 1.58045 
9042 1.58047 
9043 1.58048 
9044 1.5805 
9045 1.58052 
9046 1.58053 
9047 1.58055 
9048 1.58057 
9049 1.58059 
9050 1.5806 
9051 1.58062 
9052 1.58066 
9053 1.58071 
9054 1.58265 
9055 1.58279 
9056 1.5828 
9057 1.5828 
9058 1.5828 
9059 1.5828 
9060 1.5828 
9061 1.58281 
9062 1.58281 
9063 1.58281 
9064 1.58281 
9065 1.58282 
9066 1.58282 
9067 1.58282 
9068 1.58282 
9069 1.58282 
9070 1.58283 
9071 1.58283 
9072 1.58283 
9073 1.58283 
9074 1.58283 
9075 1.58283 
9076 1.58283 
9077 1.58284 
9078 1.58284 
9079 1.58284 
9080 1.58285 
9081 1.58285 
9082 1.58285 
9083 1.58285 
9084 1.58285 
9085 1.58286 
9086 1.58286 
9087 1.58286 
9088 1.58288 
9089 1.58289 
9090 1.58291 
9091 1.58293 
9092 1.58294 
9093 1.58296 
9094 1.58297 
9095 1.58298 
9096 1.58299 
9097 1.58299 
9098 1.583 
9099 1.58301 
9100 1.58302 
9101 1.58303 
9102 1.58306 
9103 1.58308 
9104 1.58463 
9105 1.58473 
9106 1.58473 
9107 1.58478 
9108 1.58479 
9109 1.58479 
9110 1.5848 
9111 1.5848 
9112 1.5848 
9113 1.58481 
9114 1.58481 
9115 1.58482 
9116 1.58482 
9117 1.58482 
9118 1.58482 
9119 1.58482 
9120 1.58482 
9121 1.58482 
9122 1.58483 
9123 1.58483 
9124 1.58483 
9125 1.58483 
9126 1.58483 
9127 1.58484 
9128 1.58484 
9129 1.58484 
9130 1.58484 
9131 1.58484 
9132 1.58484 
9133 1.58485 
9134 1.58485 
9135 1.58485 
9136 1.58486 
9137 1.58486 
9138 1.58487 
9139 1.58488 
9140 1.58488 
9141 1.58489 
9142 1.5849 
9143 1.5849 
9144 1.58491 
9145 1.58492 
9146 1.58492 
9147 1.58493 
9148 1.58493 
9149 1.58495 
9150 1.58496 
9151 1.58497 
9152 1.58504 
9153 1.58508 
9154 1.58513 
9155 1.58518 
9156 1.58522 
9157 1.58524 
9158 1.5853 
9159 1.58539 
9160 1.58549 
9161 1.58587 
9162 1.58781 
9163 1.58787 
9164 1.58789 
9165 1.5879 
9166 1.58791 
9167 1.58793 
9168 1.58796 
9169 1.58799 
9170 1.588 
9171 1.58803 
9172 1.58806 
9173 1.58811 
9174 1.58812 
9175 1.58817 
9176 1.58848 
9177 1.5885 
9178 1.5885 
9179 1.5885 
9180 1.5885 
9181 1.5885 
9182 1.5885 
9183 1.5885 
9184 1.5885 
9185 1.5885 
9186 1.5885 
9187 1.5885 
9188 1.5885 
9189 1.5885 
9190 1.5885 
9191 1.5885 
9192 1.5885 
9193 1.5885 
9194 1.5885 
9195 1.5885 
9196 1.5885 
9197 1.5885 
9198 1.5885 
9199 1.5885 
9200 1.5885 
9201 1.5885 
9202 1.5885 
9203 1.5885 
9204 1.5885 
9205 1.5885 
9206 1.5885 
9207 1.5885 
9208 1.5885 
9209 1.5885 
9210 1.5885 
9211 1.5885 
9212 1.5885 
9213 1.5885 
9214 1.5885 
9215 1.5885 
9216 1.5885 
9217 1.5885 
9218 1.5885 
9219 1.5885 
9220 1.5885 
9221 1.5885 
9222 1.5885 
9223 1.58851 
9224 1.58851 
9225 1.58851 
9226 1.58851 
9227 1.58851 
9228 1.58851 
9229 1.58852 
9230 1.58852 
9231 1.58853 
9232 1.58853 
9233 1.58853 
9234 1.58853 
9235 1.58853 
9236 1.58854 
9237 1.58854 
9238 1.58854 
9239 1.58855 
9240 1.58856 
9241 1.58856 
9242 1.58856 
9243 1.58857 
9244 1.58858 
9245 1.58859 
9246 1.58859 
9247 1.5886 
9248 1.58862 
9249 1.58871 
9250 1.58975 
9251 1.58989 
9252 1.58989 
9253 1.58989 
9254 1.5899 
9255 1.5899 
9256 1.5899 
9257 1.58991 
9258 1.58991 
9259 1.58991 
9260 1.58991 
9261 1.58991 
9262 1.58991 
9263 1.58991 
9264 1.58992 
9265 1.58992 
9266 1.58992 
9267 1.58992 
9268 1.58992 
9269 1.58992 
9270 1.58992 
9271 1.58992 
9272 1.58992 
9273 1.58992 
9274 1.58992 
9275 1.58992 
9276 1.58992 
9277 1.58992 
9278 1.58992 
9279 1.58992 
9280 1.58992 
9281 1.58992 
9282 1.58992 
9283 1.58992 
9284 1.58992 
9285 1.58993 
9286 1.58993 
9287 1.58993 
9288 1.58993 
9289 1.58993 
9290 1.58993 
9291 1.58993 
9292 1.58993 
9293 1.58994 
9294 1.58995 
9295 1.58995 
9296 1.58995 
9297 1.58996 
9298 1.58996 
9299 1.58996 
9300 1.58996 
9301 1.58997 
9302 1.58997 
9303 1.58998 
9304 1.58999 
9305 1.59 
9306 1.59003 
9307 1.59005 
9308 1.59006 
9309 1.59008 
9310 1.5901 
9311 1.59012 
9312 1.59014 
9313 1.59016 
9314 1.59017 
9315 1.59019 
9316 1.59021 
9317 1.59022 
9318 1.59022 
9319 1.59025 
9320 1.59027 
9321 1.59029 
9322 1.59047 
9323 1.59149 
9324 1.59209 
9325 1.59209 
9326 1.59209 
9327 1.59209 
9328 1.5921 
9329 1.5921 
9330 1.5921 
9331 1.5921 
9332 1.5921 
9333 1.5921 
9334 1.5921 
9335 1.59211 
9336 1.59211 
9337 1.59211 
9338 1.59211 
9339 1.59211 
9340 1.59211 
9341 1.59211 
9342 1.59211 
9343 1.59211 
9344 1.59212 
9345 1.59212 
9346 1.59212 
9347 1.59212 
9348 1.59212 
9349 1.59212 
9350 1.59212 
9351 1.59212 
9352 1.59212 
9353 1.59212 
9354 1.59212 
9355 1.59212 
9356 1.59212 
9357 1.59212 
9358 1.59212 
9359 1.59212 
9360 1.59212 
9361 1.59213 
9362 1.59213 
9363 1.59213 
9364 1.59214 
9365 1.59214 
9366 1.59214 
9367 1.59216 
9368 1.59216 
9369 1.59217 
9370 1.59218 
9371 1.59219 
9372 1.5922 
9373 1.59221 
9374 1.59222 
9375 1.59231 
9376 1.59235 
9377 1.59243 
9378 1.59245 
9379 1.59252 
9380 1.59256 
9381 1.5926 
9382 1.59264 
9383 1.59273 
9384 1.59308 
9385 1.59409 
9386 1.59414 
9387 1.59414 
9388 1.59414 
9389 1.59415 
9390 1.59415 
9391 1.59415 
9392 1.59415 
9393 1.59415 
9394 1.59416 
9395 1.59416 
9396 1.59416 
9397 1.59416 
9398 1.59416 
9399 1.59416 
9400 1.59416 
9401 1.59417 
9402 1.59417 
9403 1.59417 
9404 1.59417 
9405 1.59417 
9406 1.59417 
9407 1.59417 
9408 1.59417 
9409 1.59417 
9410 1.59417 
9411 1.59417 
9412 1.59417 
9413 1.59417 
9414 1.59417 
9415 1.59417 
9416 1.59417 
9417 1.59417 
9418 1.59417 
9419 1.59417 
9420 1.59418 
9421 1.59418 
9422 1.59418 
9423 1.59418 
9424 1.59418 
9425 1.59418 
9426 1.59418 
9427 1.59418 
9428 1.59419 
9429 1.59419 
9430 1.5942 
9431 1.5942 
9432 1.59421 
9433 1.59422 
9434 1.59423 
9435 1.59424 
9436 1.59425 
9437 1.59426 
9438 1.59427 
9439 1.59427 
9440 1.59428 
9441 1.59429 
9442 1.59429 
9443 1.59431 
9444 1.59431 
9445 1.59431 
9446 1.59432 
9447 1.59432 
9448 1.59433 
9449 1.59433 
9450 1.59434 
9451 1.59434 
9452 1.59435 
9453 1.59437 
9454 1.59457 
9455 1.59599 
9456 1.596 
9457 1.59601 
9458 1.59601 
9459 1.59602 
9460 1.59602 
9461 1.59602 
9462 1.59604 
9463 1.59604 
9464 1.59605 
9465 1.59607 
9466 1.59608 
9467 1.59609 
9468 1.5961 
9469 1.5961 
9470 1.59611 
9471 1.59613 
9472 1.59616 
9473 1.59625 
9474 1.59818 
9475 1.59813 
9476 1.59813 
9477 1.59813 
9478 1.59813 
9479 1.59813 
9480 1.59813 
9481 1.59813 
9482 1.59813 
9483 1.59813 
9484 1.59813 
9485 1.59813 
9486 1.59813 
9487 1.59813 
9488 1.59813 
9489 1.59813 
9490 1.59813 
9491 1.59813 
9492 1.59813 
9493 1.59813 
9494 1.59813 
9495 1.59813 
9496 1.59813 
9497 1.59813 
9498 1.59813 
9499 1.59813 
9500 1.59813 
9501 1.59813 
9502 1.59813 
9503 1.59813 
9504 1.59813 
9505 1.59813 
9506 1.59813 
9507 1.59813 
9508 1.59813 
9509 1.59813 
9510 1.59813 
9511 1.59813 
9512 1.59813 
9513 1.59813 
9514 1.59813 
9515 1.59813 
9516 1.59813 
9517 1.59813 
9518 1.59814 
9519 1.59814 
9520 1.59814 
9521 1.59814 
9522 1.59815 
9523 1.59816 
9524 1.59816 
9525 1.59816 
9526 1.59817 
9527 1.59817 
9528 1.59817 
9529 1.59818 
9530 1.59819 
9531 1.59819 
9532 1.5982 
9533 1.5982 
9534 1.59821 
9535 1.59822 
9536 1.59822 
9537 1.59823 
9538 1.59824 
9539 1.59825 
9540 1.59826 
9541 1.59827 
9542 1.59828 
9543 1.59829 
9544 1.59831 
9545 1.59833 
9546 1.59834 
9547 1.59836 
9548 1.59837 
9549 1.59841 
9550 1.59862 
9551 1.59906 
9552 1.60277 
9553 1.60277 
9554 1.60277 
9555 1.60277 
9556 1.60277 
9557 1.60277 
9558 1.60277 
9559 1.60277 
9560 1.60277 
9561 1.60277 
9562 1.60277 
9563 1.60277 
9564 1.60277 
9565 1.60277 
9566 1.60277 
9567 1.60277 
9568 1.60277 
9569 1.60277 
9570 1.60277 
9571 1.60277 
9572 1.60277 
9573 1.60277 
9574 1.60277 
9575 1.60277 
9576 1.60277 
9577 1.60277 
9578 1.60277 
9579 1.60277 
9580 1.60277 
9581 1.60277 
9582 1.60277 
9583 1.60277 
9584 1.60277 
9585 1.60277 
9586 1.60277 
9587 1.60277 
9588 1.60277 
9589 1.60277 
9590 1.60278 
9591 1.60278 
9592 1.60278 
9593 1.60278 
9594 1.60278 
9595 1.60278 
9596 1.60278 
9597 1.60279 
9598 1.60279 
9599 1.60279 
9600 1.6028 
9601 1.60281 
9602 1.60281 
9603 1.60281 
9604 1.60282 
9605 1.60282 
9606 1.60283 
9607 1.60283 
9608 1.60284 
9609 1.60284 
9610 1.60284 
9611 1.60285 
9612 1.60286 
9613 1.60286 
9614 1.60286 
9615 1.60289 
9616 1.60291 
9617 1.60293 
9618 1.60295 
9619 1.60303 
9620 1.60472 
9621 1.60475 
9622 1.60477 
9623 1.60478 
9624 1.60479 
9625 1.60479 
9626 1.6048 
9627 1.6048 
9628 1.60481 
9629 1.60481 
9630 1.60482 
9631 1.60483 
9632 1.60484 
9633 1.60486 
9634 1.60486 
9635 1.60488 
9636 1.60489 
9637 1.6049 
9638 1.60493 
9639 1.60495 
9640 1.60496 
9641 1.60497 
9642 1.60501 
9643 1.60503 
9644 1.60507 
9645 1.60512 
9646 1.60526 
9647 1.60896 
9648 1.60891 
9649 1.60891 
9650 1.60891 
9651 1.60891 
9652 1.60891 
9653 1.60891 
9654 1.60891 
9655 1.60891 
9656 1.60891 
9657 1.60891 
9658 1.60891 
9659 1.60891 
9660 1.60891 
9661 1.60891 
9662 1.60891 
9663 1.60891 
9664 1.60891 
9665 1.60891 
9666 1.60891 
9667 1.60891 
9668 1.60891 
9669 1.60891 
9670 1.60891 
9671 1.60891 
9672 1.60891 
9673 1.60891 
9674 1.60891 
9675 1.60892 
9676 1.60892 
9677 1.60892 
9678 1.60892 
9679 1.60892 
9680 1.60892 
9681 1.60892 
9682 1.60892 
9683 1.60892 
9684 1.60892 
9685 1.60892 
9686 1.60892 
9687 1.60892 
9688 1.60893 
9689 1.60894 
9690 1.60895 
9691 1.60895 
9692 1.60896 
9693 1.60896 
9694 1.60897 
9695 1.60898 
9696 1.60899 
9697 1.609 
9698 1.609 
9699 1.609 
9700 1.609 
9701 1.609 
9702 1.60901 
9703 1.60901 
9704 1.60902 
9705 1.60902 
9706 1.60903 
9707 1.60903 
9708 1.60904 
9709 1.60905 
9710 1.60905 
9711 1.60906 
9712 1.60907 
9713 1.61055 
9714 1.61055 
9715 1.61055 
9716 1.61057 
9717 1.61058 
9718 1.61058 
9719 1.61059 
9720 1.61059 
9721 1.6106 
9722 1.61061 
9723 1.61061 
9724 1.61062 
9725 1.61062 
9726 1.61063 
9727 1.61064 
9728 1.61065 
9729 1.61065 
9730 1.61069 
9731 1.6107 
9732 1.61072 
9733 1.61074 
9734 1.61076 
9735 1.61079 
9736 1.61084 
9737 1.61089 
9738 1.61096 
9739 1.61102 
9740 1.61112 
9741 1.61126 
9742 1.61137 
9743 1.61434 
9744 1.61436 
9745 1.61436 
9746 1.61436 
9747 1.61436 
9748 1.61436 
9749 1.61436 
9750 1.61436 
9751 1.61436 
9752 1.61436 
9753 1.61436 
9754 1.61436 
9755 1.61436 
9756 1.61436 
9757 1.61436 
9758 1.61436 
9759 1.61436 
9760 1.61436 
9761 1.61436 
9762 1.61437 
9763 1.61437 
9764 1.61437 
9765 1.61437 
9766 1.61437 
9767 1.61437 
9768 1.61437 
9769 1.61437 
9770 1.61437 
9771 1.61437 
9772 1.61438 
9773 1.61438 
9774 1.61438 
9775 1.61438 
9776 1.61438 
9777 1.61438 
9778 1.61438 
9779 1.61438 
9780 1.61438 
9781 1.61438 
9782 1.61439 
9783 1.6144 
9784 1.61441 
9785 1.61443 
9786 1.61443 
9787 1.61443 
9788 1.61444 
9789 1.61444 
9790 1.61445 
9791 1.61446 
9792 1.61447 
9793 1.61447 
9794 1.61448 
9795 1.61449 
9796 1.61451 
9797 1.61451 
9798 1.61452 
9799 1.61453 
9800 1.61453 
9801 1.61455 
9802 1.61455 
9803 1.61456 
9804 1.61457 
9805 1.61462 
9806 1.61465 
9807 1.61466 
9808 1.61469 
9809 1.61521 
9810 1.61807 
9811 1.61804 
9812 1.61804 
9813 1.61803 
9814 1.61803 
9815 1.61803 
9816 1.61802 
9817 1.61802 
9818 1.61802 
9819 1.61801 
9820 1.61801 
9821 1.61801 
9822 1.618 
9823 1.618 
9824 1.618 
9825 1.618 
9826 1.618 
9827 1.618 
9828 1.618 
9829 1.618 
9830 1.618 
9831 1.618 
9832 1.618 
9833 1.618 
9834 1.618 
9835 1.618 
9836 1.618 
9837 1.618 
9838 1.618 
9839 1.618 
9840 1.61801 
9841 1.61801 
9842 1.61802 
9843 1.61802 
9844 1.61802 
9845 1.61803 
9846 1.61803 
9847 1.61804 
9848 1.61804 
9849 1.61805 
9850 1.61805 
9851 1.61805 
9852 1.61806 
9853 1.61807 
9854 1.61807 
9855 1.61807 
9856 1.61808 
9857 1.61809 
9858 1.6181 
9859 1.6181 
9860 1.6181 
9861 1.6181 
9862 1.61811 
9863 1.61812 
9864 1.61812 
9865 1.61813 
9866 1.61814 
9867 1.61817 
9868 1.61832 
9869 1.62327 
9870 1.62306 
9871 1.62306 
9872 1.62306 
9873 1.62305 
9874 1.62305 
9875 1.62305 
9876 1.62305 
9877 1.62305 
9878 1.62305 
9879 1.62305 
9880 1.62305 
9881 1.62304 
9882 1.62304 
9883 1.62304 
9884 1.62304 
9885 1.62304 
9886 1.62304 
9887 1.62304 
9888 1.62304 
9889 1.62304 
9890 1.62304 
9891 1.62304 
9892 1.62303 
9893 1.62303 
9894 1.62303 
9895 1.62303 
9896 1.62303 
9897 1.62303 
9898 1.62303 
9899 1.62303 
9900 1.62303 
9901 1.62303 
9902 1.62303 
9903 1.62303 
9904 1.62303 
9905 1.62303 
9906 1.62303 
9907 1.62303 
9908 1.62303 
9909 1.62303 
9910 1.62303 
9911 1.62303 
9912 1.62303 
9913 1.62303 
9914 1.62303 
9915 1.62303 
9916 1.62303 
9917 1.62303 
9918 1.62303 
9919 1.62304 
9920 1.62304 
9921 1.62304 
9922 1.62304 
9923 1.62305 
9924 1.62307 
9925 1.62308 
9926 1.6231 
9927 1.62312 
9928 1.62313 
9929 1.62314 
9930 1.62315 
9931 1.62316 
9932 1.62317 
9933 1.62318 
9934 1.62319 
9935 1.6232 
9936 1.62321 
9937 1.62322 
9938 1.62323 
9939 1.62324 
9940 1.62326 
9941 1.62329 
9942 1.62331 
9943 1.62334 
9944 1.62337 
9945 1.62342 
9946 1.62347 
9947 1.6235 
9948 1.62366 
9949 1.62595 
9950 1.62596 
9951 1.62596 
9952 1.62596 
9953 1.62597 
9954 1.62597 
9955 1.62597 
9956 1.62597 
9957 1.62597 
9958 1.62597 
9959 1.62597 
9960 1.62597 
9961 1.62597 
9962 1.62597 
9963 1.62597 
9964 1.62597 
9965 1.62597 
9966 1.62597 
9967 1.62597 
9968 1.62597 
9969 1.62597 
9970 1.62597 
9971 1.62597 
9972 1.62597 
9973 1.62597 
9974 1.62597 
9975 1.62597 
9976 1.62597 
9977 1.62597 
9978 1.62597 
9979 1.62597 
9980 1.62597 
9981 1.62597 
9982 1.62597 
9983 1.62597 
9984 1.62597 
9985 1.62597 
9986 1.62597 
9987 1.62597 
9988 1.62597 
9989 1.62597 
9990 1.62597 
9991 1.62597 
9992 1.62598 
9993 1.62598 
9994 1.62599 
9995 1.62599 
9996 1.62599 
9997 1.62602 
9998 1.62603 
9999 1.62603 
10000 1.62605 
