schema,source_family,pair_key,catalog_id,topology_key,variant_key,component_count,selected_representation,sample_count_per_component,fseries_present,short_present,fseries_relative_path,short_relative_path,fseries_sha256,short_sha256,fseries_rows,short_vertices,fseries_field_width,short_field_width,fseries_first_row_all_zero,fseries_first_row_zero_fields,fseries_first_numeric_tokens,short_first_numeric_tokens,fseries_zero_token_styles,short_zero_token_styles,harmonic_origin,origin_method,origin_status,origin_fit_rmsd_j0,origin_fit_rmsd_j1,origin_confidence_ratio,sampled_total_length,edge_cv_max,edge_ratio_max,flatness_min,curvature_max,curvature_rms_max,torsion_rms_max,torsion_max_abs,min_curvature_radius,sampled_dcsd_proxy,sampled_reach_proxy,length_over_diameter_proxy,ropelength_radius_proxy,writhe_sum_midpoint_proxy,acn_self_sum_midpoint_proxy,bishop_closure_mismatch_max_rad,native_backend,native_backend_error,fseries_sampled_length,short_sampled_length,fseries_to_short_length_ratio,fseries_to_short_rms_radius_ratio,fseries_short_shape_rmsd,fseries_short_agreement_status,Q_geom_reference,Q_phase,Dmin_projected_det1,phase_structure_ir_exponent,catalog_topology_status,geometry_status,dynamic_status,epistemic_status,gates_json,entity_role,topology_class,crossing_number,braid_index,genus,determinant,chirality,amphichirality,metadata_status,notes
sst21d.master-row.v0.2,FRESNEL_FOURIER_SERIES_ARCHIVE,10_1/knot.10_1,10_1,10_1,10_1,1,fseries,600,True,False,10_1/knot.10_1.fseries,,a211ddc4c5376e680de437783edc6060e6c14ab3c1de526d94eb3ad58db9c1eb,,100,,6,,True,6,0.000000 0.000000 0.000000 0.000000 0.000000 0.000000,,"[""-0.000000"", ""0.000000""]",,0,EXPLICIT_CONSTANT_TERM_COMMENT,RESOLVED,,,,42.64185326244513,6.938507792929111e-05,1.0004292490225621,0.5418282992454478,1.4654013714067335,1.0438119950299591,2.9052617907889706,29.716149821325754,0.6824068951430251,0.9999233968996885,0.4999616984498442,42.64512001085112,85.29024002170225,-3.3952500382599147,18.117066611566703,2.3151010947244464,True,,42.64185326244513,,,,,,1.0,,,,DIRECTORY_FILENAME_LABEL_ONLY_NOT_RECOMPUTED,FSERIES_STATIC_GEOMETRY_SAMPLED,NOT_MEASURED_REQUIRES_TRAJECTORY,RESEARCH_TRACK_DIAGNOSTIC_ONLY,"{""G0_PARSE"":true,""G1_FINITE"":true,""G2_EDGE_UNIFORMITY"":true,""G3_POSITIVE_REACH_PROXY"":true,""G4_FSERIES_ORIGIN_RESOLVED"":true,""G5_NATIVE_BACKEND_AVAILABLE"":true,""G6_FSERIES_SHORT_PAIR_PRESENT"":false,""G7_REPRESENTATION_AGREEMENT"":null,""G8_DYNAMIC_TRAJECTORY_PRESENT"":false,""G9_PHASE_FIELD_PRESENT"":false,""G10_CONVERGENCE_CERTIFIED"":false}",,,,,,,,,,
sst21d.master-row.v0.2,FRESNEL_FOURIER_SERIES_ARCHIVE,10_1/knot.10_1n,10_1n,10_1,10_1n,1,fseries,600,True,False,10_1/knot.10_1n.fseries,,acde57b23c64b43156ea37eaef04a7733064eb7a6fc571eae8ba0fe2a4453caa,,50,,6,,False,0,1.054844 0.000068 0.000007 0.420461 0.000023 -0.000028,,[],,1,NO_EXPLICIT_ZERO_ROW_ASSUME_J1,RESOLVED,,,,42.633722583315226,7.660846210702267e-05,1.0004627267328967,0.5418493901445942,1.4334997340551403,1.031849905297038,2.3374111607548973,26.391400942634455,0.6975934325227677,0.9944469486454458,0.4972234743227229,42.87179184509279,85.74358369018557,-3.3993754947478063,18.108032576205332,2.3561601748335126,True,,42.633722583315226,,,,,,1.0,,,,DIRECTORY_FILENAME_LABEL_ONLY_NOT_RECOMPUTED,FSERIES_STATIC_GEOMETRY_SAMPLED,NOT_MEASURED_REQUIRES_TRAJECTORY,RESEARCH_TRACK_DIAGNOSTIC_ONLY,"{""G0_PARSE"":true,""G1_FINITE"":true,""G2_EDGE_UNIFORMITY"":true,""G3_POSITIVE_REACH_PROXY"":true,""G4_FSERIES_ORIGIN_RESOLVED"":true,""G5_NATIVE_BACKEND_AVAILABLE"":true,""G6_FSERIES_SHORT_PAIR_PRESENT"":false,""G7_REPRESENTATION_AGREEMENT"":null,""G8_DYNAMIC_TRAJECTORY_PRESENT"":false,""G9_PHASE_FIELD_PRESENT"":false,""G10_CONVERGENCE_CERTIFIED"":false}",,,,,,,,,,
sst21d.master-row.v0.2,FRESNEL_FOURIER_SERIES_ARCHIVE,12a_1202/knot.12a_1202,12a_1202,12a_1202,12a_1202,1,short,600,True,True,12a_1202/knot.12a_1202.fseries,12a_1202/knot.12a_1202.short,caa73875bab307dce64baa1e0cb9e0a0054edf8649ececcea64a61f67aab0089,782255e91575661c8b38585859fd6f865168037b407844bd8448a1e9b7c997ca,21,330,6,3,True,6,0.000000 0.000000 0.000000 0.000000 0.000000 0.000000,-0.087543 0.670155 -0.055038,"[""0.000000""]",[],0,PAIRED_SHORT_PROCRUSTES,RESOLVED,0.02898030331875521,1.1277306613506732,38.91369420625901,85.76339827490104,0.001186662366252692,1.0061747575793627,0.2033129582541164,1.5672382504807325,0.6144928340373939,0.6967590906615392,3.8671477802700007,0.6380650802092543,0.9940369020943403,0.49701845104717013,86.27788173075446,172.55576346150892,-0.350604177030521,23.010990274734713,2.275598569166652,True,,5.166551780796056,85.76339827490104,0.06024192003487887,0.060191939938719456,0.027431930232127436,PASS,1.0,,,,DIRECTORY_FILENAME_LABEL_ONLY_NOT_RECOMPUTED,SHORT_STATIC_GEOMETRY_SAMPLED,NOT_MEASURED_REQUIRES_TRAJECTORY,RESEARCH_TRACK_DIAGNOSTIC_ONLY,"{""G0_PARSE"":true,""G1_FINITE"":true,""G2_EDGE_UNIFORMITY"":true,""G3_POSITIVE_REACH_PROXY"":true,""G4_FSERIES_ORIGIN_RESOLVED"":true,""G5_NATIVE_BACKEND_AVAILABLE"":true,""G6_FSERIES_SHORT_PAIR_PRESENT"":true,""G7_REPRESENTATION_AGREEMENT"":true,""G8_DYNAMIC_TRAJECTORY_PRESENT"":false,""G9_PHASE_FIELD_PRESENT"":false,""G10_CONVERGENCE_CERTIFIED"":false}",,,,,,,,,,
sst21d.master-row.v0.2,FRESNEL_FOURIER_SERIES_ARCHIVE,12a_1202/knot.12a_1202z6,12a_1202z6,12a_1202,12a_1202z6,1,short,600,True,True,12a_1202/knot.12a_1202z6.fseries,12a_1202/knot.12a_1202z6.short,99d4553339b63ae269c3e1ca5bf70171a002155b492e300533e1dae985897cd7,c0d93dfba2330f043389b7f326e1fde3c7d19eb31e8e203656c3fa7c5fdc98e3,20,372,6,3,False,0,-0.074778 0.038826 0.003765 -0.084173 -0.071014 -0.045347,3.094025 -1.146124 -0.447005,"[""0.000000""]",[],1,PAIRED_SHORT_PROCRUSTES,RESOLVED,1.4142135369899425,0.017329079910017944,81.60926860129402,68.85151363658053,0.0014960155570538625,1.0086993230854506,0.8831157796730543,4.070879401069926,0.9671454565301874,1.1157106056056791,10.236814301635086,0.24564716894761746,0.9335408296241632,0.24564716894761746,140.14310429782043,280.28620859564086,-1.8253991993244893e-07,25.681435042481795,8.969750557934238e-07,True,,5.873912946835164,68.85151363658053,0.08531276418757448,0.08524922167302347,0.025946607147139717,PASS,1.0,,,,DIRECTORY_FILENAME_LABEL_ONLY_NOT_RECOMPUTED,SHORT_STATIC_GEOMETRY_SAMPLED,NOT_MEASURED_REQUIRES_TRAJECTORY,RESEARCH_TRACK_DIAGNOSTIC_ONLY,"{""G0_PARSE"":true,""G1_FINITE"":true,""G2_EDGE_UNIFORMITY"":true,""G3_POSITIVE_REACH_PROXY"":true,""G4_FSERIES_ORIGIN_RESOLVED"":true,""G5_NATIVE_BACKEND_AVAILABLE"":true,""G6_FSERIES_SHORT_PAIR_PRESENT"":true,""G7_REPRESENTATION_AGREEMENT"":true,""G8_DYNAMIC_TRAJECTORY_PRESENT"":false,""G9_PHASE_FIELD_PRESENT"":false,""G10_CONVERGENCE_CERTIFIED"":false}",,,,,,,,,,
sst21d.master-row.v0.2,FRESNEL_FOURIER_SERIES_ARCHIVE,15331/knot.15331,15331,15331,15331,1,short,600,True,True,15331/knot.15331.fseries,15331/knot.15331.short,fd5fc08c7652f044f91b5f7d5da74937689efa4c7e3b6a3f19caec6c6152ce7e,e19e6e4c819314dc41c3b62920d56e18ef257bf764671d928843e9fea1c1bfe5,21,356,6,3,True,6,0.000000 0.000000 0.000000 0.000000 0.000000 0.000000,-1.303569 -0.680015 0.304652,"[""0.000000""]",[],0,PAIRED_SHORT_PROCRUSTES,RESOLVED,0.04180257136349087,1.4142135435503276,33.83077876365902,69.30368619703025,0.0006585767116946736,1.0023859964439619,0.3438543390922567,1.2763183325489744,0.6342002628855379,0.3509132472227074,2.464920208054539,0.7835035934983943,0.9958029920668521,0.49790149603342604,69.59578023880613,139.19156047761226,4.490827372380628e-08,23.266685291446716,6.120951102685502e-07,True,,6.2089790098905135,69.30368619703025,0.08959089120077103,0.08955033041318317,0.04134239729933638,PASS,1.0,,,,DIRECTORY_FILENAME_LABEL_ONLY_NOT_RECOMPUTED,SHORT_STATIC_GEOMETRY_SAMPLED,NOT_MEASURED_REQUIRES_TRAJECTORY,RESEARCH_TRACK_DIAGNOSTIC_ONLY,"{""G0_PARSE"":true,""G1_FINITE"":true,""G2_EDGE_UNIFORMITY"":true,""G3_POSITIVE_REACH_PROXY"":true,""G4_FSERIES_ORIGIN_RESOLVED"":true,""G5_NATIVE_BACKEND_AVAILABLE"":true,""G6_FSERIES_SHORT_PAIR_PRESENT"":true,""G7_REPRESENTATION_AGREEMENT"":true,""G8_DYNAMIC_TRAJECTORY_PRESENT"":false,""G9_PHASE_FIELD_PRESENT"":false,""G10_CONVERGENCE_CERTIFIED"":false}",,,,,,,,,,
sst21d.master-row.v0.2,FRESNEL_FOURIER_SERIES_ARCHIVE,1_1/knot.1_1,1_1,1_1,1_1,1,fseries,600,True,False,1_1/knot.1_1.fseries,,03921dfa09a446acd2feb91a1a9d3e4825aea162422df274aeb27af84b15fbf3,,1,,6,,False,4,1.0 0.0 0.0 1.0 0.0 0.0,,"[""0.0""]",,1,NO_EXPLICIT_ZERO_ROW_ASSUME_J1,RESOLVED,,,,6.2831565977034955,3.528508068727675e-14,1.0000000000001823,0.0,1.0000000000029698,1.0000000000000002,0.0,0.0,0.9999999999970302,,0.9999999999970302,3.1415782988610776,6.283156597722155,0.0,0.0,0.0,True,,6.2831565977034955,,,,,,1.0,,,,DIRECTORY_FILENAME_LABEL_ONLY_NOT_RECOMPUTED,FSERIES_STATIC_GEOMETRY_SAMPLED,NOT_MEASURED_REQUIRES_TRAJECTORY,RESEARCH_TRACK_DIAGNOSTIC_ONLY,"{""G0_PARSE"":true,""G1_FINITE"":true,""G2_EDGE_UNIFORMITY"":true,""G3_POSITIVE_REACH_PROXY"":true,""G4_FSERIES_ORIGIN_RESOLVED"":true,""G5_NATIVE_BACKEND_AVAILABLE"":true,""G6_FSERIES_SHORT_PAIR_PRESENT"":false,""G7_REPRESENTATION_AGREEMENT"":null,""G8_DYNAMIC_TRAJECTORY_PRESENT"":false,""G9_PHASE_FIELD_PRESENT"":false,""G10_CONVERGENCE_CERTIFIED"":false}",,,,,,,,,,
sst21d.master-row.v0.2,FRESNEL_FOURIER_SERIES_ARCHIVE,3_1/knot.3_1,3_1,3_1,3_1,1,short,600,True,True,3_1/knot.3_1.fseries,3_1/knot.3_1.short,f29c73b439fe4d645e67e8577ce0700cb006d393526e8674d251fe5b95583c4d,efe46ae0a80fe1ed8c14c7cc35bebbb4a5051f7d2a7afd3425f60db63338f902,5,94,6,3,False,4,0.000000 0.224483 0.224483 0.000000 0.000000 0.000000,1.113088 0.002162 -0.499993,"[""0.000000""]",[],1,PAIRED_SHORT_PROCRUSTES,RESOLVED,1.0909156038141994,0.010352987785991188,105.3720555229802,17.074309831219388,0.025077399259681242,2.5886549178849987,0.40112743793006583,7.13954589065755,2.0535513412923945,0.11377780105550801,2.7869755664189193,0.140064930643355,0.9921639530541143,0.140064930643355,60.95140929564809,121.90281859129618,3.409381833910605,4.3247591998407975,2.5707699077600865,True,,15.227863598162228,17.074309831219388,0.8918582214268457,0.8929858158114277,0.008994670609014502,PASS,1.0,,,,DIRECTORY_FILENAME_LABEL_ONLY_NOT_RECOMPUTED,SHORT_STATIC_GEOMETRY_SAMPLED,NOT_MEASURED_REQUIRES_TRAJECTORY,RESEARCH_TRACK_DIAGNOSTIC_ONLY,"{""G0_PARSE"":true,""G1_FINITE"":true,""G2_EDGE_UNIFORMITY"":false,""G3_POSITIVE_REACH_PROXY"":true,""G4_FSERIES_ORIGIN_RESOLVED"":true,""G5_NATIVE_BACKEND_AVAILABLE"":true,""G6_FSERIES_SHORT_PAIR_PRESENT"":true,""G7_REPRESENTATION_AGREEMENT"":true,""G8_DYNAMIC_TRAJECTORY_PRESENT"":false,""G9_PHASE_FIELD_PRESENT"":false,""G10_CONVERGENCE_CERTIFIED"":false}",electron candidate,"T(2,3) torus knot",3,2,1,3,chiral,false,ORTHODOX_TOPOLOGY_SST_ASSIGNMENT_HYPOTHESIS,Particle assignment not certified
sst21d.master-row.v0.2,FRESNEL_FOURIER_SERIES_ARCHIVE,3_1/knot.3_1p,3_1p,3_1,3_1p,1,short,600,True,True,3_1/knot.3_1p.fseries,3_1/knot.3_1p.short,ed13ffeeaaaef3a082313298f3992605ba96dedc1456551f152a70b24a52ede2,0ae4d063a838acc4a312df1e02475542c5ba34c0231afff04ad1d75275c8a551,10,100,6,3,False,4,0.000 0.000 0.000 -0.221 0.064 0.000,0.020852 -0.023638 0.541729,"[""0.000""]","[""0.000000""]",1,PAIRED_SHORT_PROCRUSTES,RESOLVED,0.6901660736543341,0.017511458190389552,39.41225602977504,19.334716257096456,0.0010813223610049148,1.0052975248298863,0.5943086804058175,6.566009553660185,1.8449256339803564,0.09113823465678156,2.2324217096715278,0.15229950426169508,0.9940586527477276,0.15229950426169508,63.475965830702116,126.95193166140423,3.5963168532263428,4.95554914627533,2.539080221613699,True,,5.136869803822797,19.334716257096456,0.2656811579501407,0.2657905660620532,0.017482321039794847,PASS,1.0,,,,DIRECTORY_FILENAME_LABEL_ONLY_NOT_RECOMPUTED,SHORT_STATIC_GEOMETRY_SAMPLED,NOT_MEASURED_REQUIRES_TRAJECTORY,RESEARCH_TRACK_DIAGNOSTIC_ONLY,"{""G0_PARSE"":true,""G1_FINITE"":true,""G2_EDGE_UNIFORMITY"":true,""G3_POSITIVE_REACH_PROXY"":true,""G4_FSERIES_ORIGIN_RESOLVED"":true,""G5_NATIVE_BACKEND_AVAILABLE"":true,""G6_FSERIES_SHORT_PAIR_PRESENT"":true,""G7_REPRESENTATION_AGREEMENT"":true,""G8_DYNAMIC_TRAJECTORY_PRESENT"":false,""G9_PHASE_FIELD_PRESENT"":false,""G10_CONVERGENCE_CERTIFIED"":false}",electron candidate,"T(2,3) torus knot",3,2,1,3,chiral,false,ORTHODOX_TOPOLOGY_SST_ASSIGNMENT_HYPOTHESIS,Particle assignment not certified
sst21d.master-row.v0.2,FRESNEL_FOURIER_SERIES_ARCHIVE,3_1/knot.3_1u,3_1u,3_1,3_1u,1,short,600,True,True,3_1/knot.3_1u.fseries,3_1/knot.3_1u.short,cbdbaf08a467b769f4d7040ba9cb8c9fefa11d928c8dc1602b862c0b77fecc24,73cd5304e79a9cf52b71c88d1d7ebc21948a6d87526b0e95ba5aa6f257150e80,5,118,6,3,False,4,0.000000 -0.225000 0.225000 0.000000 0.000000 0.000000,-1.095785 -0.008559 0.619099,"[""0.000000""]","[""0.000000""]",1,PAIRED_SHORT_PROCRUSTES,RESOLVED,1.13236194806042,0.016971800063049026,66.72020315192118,22.151904315962717,0.024462148816157665,2.4922522176221493,0.47518716789330634,6.110240745784687,1.6068446209232476,3.4642671196552914,84.85584208312254,0.1636596726061697,0.9924467402699368,0.1636596726061697,67.67673417405952,135.35346834811904,3.8916016998948164,5.44635279933137,0.684248307354621,True,,16.845890152256672,22.151904315962717,0.7604714209657127,0.7616290203532852,0.010573095222910627,PASS,1.0,,,,DIRECTORY_FILENAME_LABEL_ONLY_NOT_RECOMPUTED,SHORT_STATIC_GEOMETRY_SAMPLED,NOT_MEASURED_REQUIRES_TRAJECTORY,RESEARCH_TRACK_DIAGNOSTIC_ONLY,"{""G0_PARSE"":true,""G1_FINITE"":true,""G2_EDGE_UNIFORMITY"":false,""G3_POSITIVE_REACH_PROXY"":true,""G4_FSERIES_ORIGIN_RESOLVED"":true,""G5_NATIVE_BACKEND_AVAILABLE"":true,""G6_FSERIES_SHORT_PAIR_PRESENT"":true,""G7_REPRESENTATION_AGREEMENT"":true,""G8_DYNAMIC_TRAJECTORY_PRESENT"":false,""G9_PHASE_FIELD_PRESENT"":false,""G10_CONVERGENCE_CERTIFIED"":false}",electron candidate,"T(2,3) torus knot",3,2,1,3,chiral,false,ORTHODOX_TOPOLOGY_SST_ASSIGNMENT_HYPOTHESIS,Particle assignment not certified
sst21d.master-row.v0.2,FRESNEL_FOURIER_SERIES_ARCHIVE,4_1/knot.4_1,4_1,4_1,4_1,1,short,600,True,True,4_1/knot.4_1.fseries,4_1/knot.4_1.short,2a603bb0e169a0217daeabfa179d43abd1ec42372dd51c5605926ddab4412c61,5e24c35acb650ea4ec162f34fdca425c3aada5ef1de302d9bdcf87dfed60b87f,10,119,6,3,False,3,0.000000 0.202133 0.104879 0.000000 0.000000 -0.027544,-0.036864 1.150262 -0.050238,"[""0.000000""]",[],1,PAIRED_SHORT_PROCRUSTES,RESOLVED,0.823956474926157,0.038604258802143104,21.343667784146533,22.796260842780725,0.0011306666988516473,1.0059718317505693,0.3863081005672138,5.6897608014041365,1.6199014697730583,2.266824557448163,55.52563502158292,0.17575431286201293,0.9755697519940708,0.17575431286201293,64.8526356809189,129.7052713618378,0.19541582132471844,6.686739203745505,1.2284931211332508,True,,6.167488061013375,22.796260842780725,0.2705482317275088,0.27048397135964325,0.038636367336981586,PASS,1.0,,,,DIRECTORY_FILENAME_LABEL_ONLY_NOT_RECOMPUTED,SHORT_STATIC_GEOMETRY_SAMPLED,NOT_MEASURED_REQUIRES_TRAJECTORY,RESEARCH_TRACK_DIAGNOSTIC_ONLY,"{""G0_PARSE"":true,""G1_FINITE"":true,""G2_EDGE_UNIFORMITY"":true,""G3_POSITIVE_REACH_PROXY"":true,""G4_FSERIES_ORIGIN_RESOLVED"":true,""G5_NATIVE_BACKEND_AVAILABLE"":true,""G6_FSERIES_SHORT_PAIR_PRESENT"":true,""G7_REPRESENTATION_AGREEMENT"":true,""G8_DYNAMIC_TRAJECTORY_PRESENT"":false,""G9_PHASE_FIELD_PRESENT"":false,""G10_CONVERGENCE_CERTIFIED"":false}",dark-sector candidate,hyperbolic figure-eight knot,4,3,1,5,achiral,true,ORTHODOX_TOPOLOGY_SST_ASSIGNMENT_HYPOTHESIS,Particle assignment not certified
sst21d.master-row.v0.2,FRESNEL_FOURIER_SERIES_ARCHIVE,4_1/knot.4_1d,4_1d,4_1,4_1d,1,short,600,True,True,4_1/knot.4_1d.fseries,4_1/knot.4_1d.short,35cde5f38a8f28ade098a4264aef444d9409a675b4d8c3c4431b0bfe8a54f966,b62c0dbc33a169cd0a19f48929bb8bee8d620cb3e35e726584298cfca05902a1,11,160,6,3,True,6,0.000000 0.000000 0.000000 0.000000 0.000000 0.000000,-0.112457 0.495923 -0.139440,"[""0.000000""]","[""0.000000""]",0,PAIRED_SHORT_PROCRUSTES,RESOLVED,0.01704367391150732,1.2053891580680305,70.72355199510078,29.18852224689637,0.0009092083801161243,1.0043411883868658,0.4271312198757916,3.874923280360075,1.206269055918617,0.22521229570368526,3.006786659081987,0.2580696255506446,0.9977972583167118,0.2580696255506446,56.55164218690335,113.1032843738067,0.04192365161611897,8.04673016185545,0.26398272522811117,True,,6.417312085477267,29.18852224689637,0.21985738199403443,0.21981311672244508,0.017031787336229873,PASS,1.0,,,,DIRECTORY_FILENAME_LABEL_ONLY_NOT_RECOMPUTED,SHORT_STATIC_GEOMETRY_SAMPLED,NOT_MEASURED_REQUIRES_TRAJECTORY,RESEARCH_TRACK_DIAGNOSTIC_ONLY,"{""G0_PARSE"":true,""G1_FINITE"":true,""G2_EDGE_UNIFORMITY"":true,""G3_POSITIVE_REACH_PROXY"":true,""G4_FSERIES_ORIGIN_RESOLVED"":true,""G5_NATIVE_BACKEND_AVAILABLE"":true,""G6_FSERIES_SHORT_PAIR_PRESENT"":true,""G7_REPRESENTATION_AGREEMENT"":true,""G8_DYNAMIC_TRAJECTORY_PRESENT"":false,""G9_PHASE_FIELD_PRESENT"":false,""G10_CONVERGENCE_CERTIFIED"":false}",dark-sector candidate,hyperbolic figure-eight knot,4,3,1,5,achiral,true,ORTHODOX_TOPOLOGY_SST_ASSIGNMENT_HYPOTHESIS,Particle assignment not certified
sst21d.master-row.v0.2,FRESNEL_FOURIER_SERIES_ARCHIVE,4_1/knot.4_1i8,4_1i8,4_1,4_1i8,1,short,600,False,True,,4_1/knot.4_1i8.short,,e63c8a4da2edba5154579278762599c593759e8ded7b40adf7e0fa74ba74ab08,,118,,3,,,,0.002618 -0.000971 1.302843,,[],,,,,,,23.399005491890343,0.004397614486242439,1.0405259761968606,0.7973131078317892,9.98615991635173,2.0700899319692696,3.3467400999805386,80.19626703649466,0.10013859264986943,0.9955278853252788,0.10013859264986943,116.83310536280466,233.66621072560932,0.00020731828614416341,6.757154200623374,0.0015279281818857402,True,,,23.399005491890343,,,,,1.0,,,,DIRECTORY_FILENAME_LABEL_ONLY_NOT_RECOMPUTED,SHORT_STATIC_GEOMETRY_SAMPLED,NOT_MEASURED_REQUIRES_TRAJECTORY,RESEARCH_TRACK_DIAGNOSTIC_ONLY,"{""G0_PARSE"":true,""G1_FINITE"":true,""G2_EDGE_UNIFORMITY"":true,""G3_POSITIVE_REACH_PROXY"":true,""G4_FSERIES_ORIGIN_RESOLVED"":null,""G5_NATIVE_BACKEND_AVAILABLE"":true,""G6_FSERIES_SHORT_PAIR_PRESENT"":false,""G7_REPRESENTATION_AGREEMENT"":null,""G8_DYNAMIC_TRAJECTORY_PRESENT"":false,""G9_PHASE_FIELD_PRESENT"":false,""G10_CONVERGENCE_CERTIFIED"":false}",dark-sector candidate,hyperbolic figure-eight knot,4,3,1,5,achiral,true,ORTHODOX_TOPOLOGY_SST_ASSIGNMENT_HYPOTHESIS,Particle assignment not certified
sst21d.master-row.v0.2,FRESNEL_FOURIER_SERIES_ARCHIVE,4_1/knot.4_1p,4_1p,4_1,4_1p,1,short,600,True,True,4_1/knot.4_1p.fseries,4_1/knot.4_1p.short,525ef21b7446fb820fc55e324bca18f4adb81f43a8063d6d42f40bdd1ddab44a,eac4ff3e8e92a51a9012755c3dfd1c8b29b2aec886b8e15661f8375795259769,11,109,6,3,True,6,0.000000 0.000000 0.000000 0.000000 0.000000 0.000000,-0.071878 -1.170038 0.616463,"[""0.000000""]",[],0,PAIRED_SHORT_PROCRUSTES,RESOLVED,0.012104423904837312,0.8529697452710608,70.46760357840633,23.281140441221723,0.001311090739479111,1.00668036929121,0.5240778372024705,6.147137869242707,1.6375533219531757,0.045892278015879674,1.124126642728512,0.16267733395138484,0.9930150950064209,0.16267733395138484,71.55619002269596,143.11238004539192,0.10347077516236987,6.6542913492651055,0.6497642630381661,True,,5.275347871911095,23.281140441221723,0.22659318967770728,0.22656522526444295,0.011476008439026084,PASS,1.0,,,,DIRECTORY_FILENAME_LABEL_ONLY_NOT_RECOMPUTED,SHORT_STATIC_GEOMETRY_SAMPLED,NOT_MEASURED_REQUIRES_TRAJECTORY,RESEARCH_TRACK_DIAGNOSTIC_ONLY,"{""G0_PARSE"":true,""G1_FINITE"":true,""G2_EDGE_UNIFORMITY"":true,""G3_POSITIVE_REACH_PROXY"":true,""G4_FSERIES_ORIGIN_RESOLVED"":true,""G5_NATIVE_BACKEND_AVAILABLE"":true,""G6_FSERIES_SHORT_PAIR_PRESENT"":true,""G7_REPRESENTATION_AGREEMENT"":true,""G8_DYNAMIC_TRAJECTORY_PRESENT"":false,""G9_PHASE_FIELD_PRESENT"":false,""G10_CONVERGENCE_CERTIFIED"":false}",dark-sector candidate,hyperbolic figure-eight knot,4,3,1,5,achiral,true,ORTHODOX_TOPOLOGY_SST_ASSIGNMENT_HYPOTHESIS,Particle assignment not certified
sst21d.master-row.v0.2,FRESNEL_FOURIER_SERIES_ARCHIVE,4_1/knot.4_1z,4_1z,4_1,4_1z,1,short,600,True,True,4_1/knot.4_1z.fseries,4_1/knot.4_1z.short,0c1627082758aa6de4c30e49d78c79611634574329794233a5cc889741658933,1f80a41a256cc4aadf31c1f4afbca99aa1196e8efbe76ae20be7528b83778dd6,10,112,6,3,False,2,0.042736 0.107483 0.107483 -0.042736 0.000000 0.000000,-0.632000 -1.393102 0.849883,"[""0.000000""]",[],1,PAIRED_SHORT_PROCRUSTES,RESOLVED,1.0025838658036623,0.04061726202372144,24.683689048713564,22.67611348274398,0.001005402101279322,1.005276333577146,0.9602898541018005,5.055267076650397,1.539466309922486,2.1344082821984492e-11,3.7985958879424193e-10,0.19781348538811458,0.9941565916395287,0.19781348538811458,57.316904957851904,114.63380991570381,5.152901265313951e-06,6.536137199998545,8.688813757561737e-05,True,,6.412629200160286,22.67611348274398,0.2827922520779478,0.28284726012454076,0.040389058334722304,PASS,1.0,,,,DIRECTORY_FILENAME_LABEL_ONLY_NOT_RECOMPUTED,SHORT_STATIC_GEOMETRY_SAMPLED,NOT_MEASURED_REQUIRES_TRAJECTORY,RESEARCH_TRACK_DIAGNOSTIC_ONLY,"{""G0_PARSE"":true,""G1_FINITE"":true,""G2_EDGE_UNIFORMITY"":true,""G3_POSITIVE_REACH_PROXY"":true,""G4_FSERIES_ORIGIN_RESOLVED"":true,""G5_NATIVE_BACKEND_AVAILABLE"":true,""G6_FSERIES_SHORT_PAIR_PRESENT"":true,""G7_REPRESENTATION_AGREEMENT"":true,""G8_DYNAMIC_TRAJECTORY_PRESENT"":false,""G9_PHASE_FIELD_PRESENT"":false,""G10_CONVERGENCE_CERTIFIED"":false}",dark-sector candidate,hyperbolic figure-eight knot,4,3,1,5,achiral,true,ORTHODOX_TOPOLOGY_SST_ASSIGNMENT_HYPOTHESIS,Particle assignment not certified
sst21d.master-row.v0.2,FRESNEL_FOURIER_SERIES_ARCHIVE,5_1/knot.5_1,5_1,5_1,5_1,1,short,600,True,True,5_1/knot.5_1.fseries,5_1/knot.5_1.short,fe0e3bafc612fd517b5e54083f53e58caa8fc8ad424ea3baae0c0eae02da3638,b7cf6cea68f6ad9d2da2fcf5e66c3c7da41390671b1ee06048583fb2e3734faa,7,159,6,3,True,6,0.000000 0.000000 0.000000 0.000000 0.000000 0.000000,1.384482 0.206204 -0.561442,"[""0.000000""]",[],1,PAIRED_SHORT_PROCRUSTES,RESOLVED,1.3402786435441605,0.010790760201246063,124.20613733862716,26.262276798289612,0.025441851621317464,2.646209362648157,0.3652630267568095,10.396960272385703,1.917839733793137,0.6029611945761894,11.662429961766282,0.09618195836104107,0.996314693679343,0.09618195836104107,136.52392426710696,273.0478485342139,6.6640531732444535,8.662926854123377,2.069892693283215,True,,16.24538815140545,26.262276798289612,0.6185826261820325,0.6187276902362874,0.0062353360597214545,PASS,1.0,,,,DIRECTORY_FILENAME_LABEL_ONLY_NOT_RECOMPUTED,SHORT_STATIC_GEOMETRY_SAMPLED,NOT_MEASURED_REQUIRES_TRAJECTORY,RESEARCH_TRACK_DIAGNOSTIC_ONLY,"{""G0_PARSE"":true,""G1_FINITE"":true,""G2_EDGE_UNIFORMITY"":false,""G3_POSITIVE_REACH_PROXY"":true,""G4_FSERIES_ORIGIN_RESOLVED"":true,""G5_NATIVE_BACKEND_AVAILABLE"":true,""G6_FSERIES_SHORT_PAIR_PRESENT"":true,""G7_REPRESENTATION_AGREEMENT"":true,""G8_DYNAMIC_TRAJECTORY_PRESENT"":false,""G9_PHASE_FIELD_PRESENT"":false,""G10_CONVERGENCE_CERTIFIED"":false}",catalogue candidate,"T(2,5) torus knot",5,2,2,5,chiral,false,ORTHODOX_TOPOLOGY_ONLY,
sst21d.master-row.v0.2,FRESNEL_FOURIER_SERIES_ARCHIVE,5_1/knot.5_1p,5_1p,5_1,5_1p,1,short,600,True,True,5_1/knot.5_1p.fseries,5_1/knot.5_1p.short,d1eae317d534a7e9e94bebe51729017e065c7f486bc83daf0a8a7beb48a8e3db,e0a600a5babc6aa2b65cbd4832a4c4d673f4684c740b3ca162cc8e3cfdd123e4,10,187,6,3,False,4,0.000 0.000 0.000 -0.186 0.037 0.000,0.032307 0.053954 -0.628057,"[""0.000""]","[""0.000000""]",1,PAIRED_SHORT_PROCRUSTES,RESOLVED,0.7939594142602996,0.027975887877251037,28.380132839534227,33.646278924437226,0.00135664318316193,1.005942135958564,0.2844975256540603,3.6957675152651066,1.3454372715300993,0.5428342935100386,2.2587298527946222,0.2705797904953628,0.9947374111066666,0.2705797904953628,62.17441232924204,124.34882465848408,6.417809061681139,10.625137839568282,2.6338369451877224,True,,5.684681027686553,33.646278924437226,0.16895422642287436,0.16864547508767583,0.02794215195920521,PASS,1.0,,,,DIRECTORY_FILENAME_LABEL_ONLY_NOT_RECOMPUTED,SHORT_STATIC_GEOMETRY_SAMPLED,NOT_MEASURED_REQUIRES_TRAJECTORY,RESEARCH_TRACK_DIAGNOSTIC_ONLY,"{""G0_PARSE"":true,""G1_FINITE"":true,""G2_EDGE_UNIFORMITY"":true,""G3_POSITIVE_REACH_PROXY"":true,""G4_FSERIES_ORIGIN_RESOLVED"":true,""G5_NATIVE_BACKEND_AVAILABLE"":true,""G6_FSERIES_SHORT_PAIR_PRESENT"":true,""G7_REPRESENTATION_AGREEMENT"":true,""G8_DYNAMIC_TRAJECTORY_PRESENT"":false,""G9_PHASE_FIELD_PRESENT"":false,""G10_CONVERGENCE_CERTIFIED"":false}",catalogue candidate,"T(2,5) torus knot",5,2,2,5,chiral,false,ORTHODOX_TOPOLOGY_ONLY,
sst21d.master-row.v0.2,FRESNEL_FOURIER_SERIES_ARCHIVE,5_1/knot.5_1u,5_1u,5_1,5_1u,1,short,600,True,True,5_1/knot.5_1u.fseries,5_1/knot.5_1u.short,40967dce870e753ec58ddf60ea1e24ee6be8f56ed896bc95ac8d2057145548cd,08071e7e16fbb777588317f3e28a5b3690a805c48e09e538185e25fa4b4cffd2,7,276,6,3,True,6,0.000000 0.000000 0.000000 0.000000 0.000000 0.000000,-1.683388 -0.003423 0.910129,"[""0.000000""]",[],1,PAIRED_SHORT_PROCRUSTES,RESOLVED,1.2590281122068991,0.023064471888495117,54.58733754207137,54.17434519080874,0.023950857496831394,2.418082870014941,0.4604240140852178,1.914362396902877,0.7466137998688699,1.4246452690734719,34.73657988279394,0.5223671346751458,0.9969014786910615,0.49845073934553075,54.34272728930047,108.68545457860094,7.751825813193654,12.591535880831037,1.5668565124560252,True,,27.55616770281115,54.17434519080874,0.5086571439997091,0.509346545121676,0.01374754699333944,PASS,1.0,,,,DIRECTORY_FILENAME_LABEL_ONLY_NOT_RECOMPUTED,SHORT_STATIC_GEOMETRY_SAMPLED,NOT_MEASURED_REQUIRES_TRAJECTORY,RESEARCH_TRACK_DIAGNOSTIC_ONLY,"{""G0_PARSE"":true,""G1_FINITE"":true,""G2_EDGE_UNIFORMITY"":false,""G3_POSITIVE_REACH_PROXY"":true,""G4_FSERIES_ORIGIN_RESOLVED"":true,""G5_NATIVE_BACKEND_AVAILABLE"":true,""G6_FSERIES_SHORT_PAIR_PRESENT"":true,""G7_REPRESENTATION_AGREEMENT"":true,""G8_DYNAMIC_TRAJECTORY_PRESENT"":false,""G9_PHASE_FIELD_PRESENT"":false,""G10_CONVERGENCE_CERTIFIED"":false}",catalogue candidate,"T(2,5) torus knot",5,2,2,5,chiral,false,ORTHODOX_TOPOLOGY_ONLY,
sst21d.master-row.v0.2,FRESNEL_FOURIER_SERIES_ARCHIVE,5_2/knot.5_2,5_2,5_2,5_2,1,short,600,True,True,5_2/knot.5_2.fseries,5_2/knot.5_2.short,66d4967373194aa89dcedbb17483f89ac4e4f628826eda9fcb5b06169d7ff3b8,7b07195f44ba38e80eeefed9efd0857081be03fd062970d41de1c41105f25f81,10,143,6,3,False,2,-0.215162 -0.028933 0.000000 0.000000 0.005818 -0.007493,0.005555 -1.866419 -0.581324,"[""0.000000""]",[],1,PAIRED_SHORT_PROCRUSTES,RESOLVED,0.7563231635817376,0.03599658797118486,21.01096815584776,27.024562815825256,0.001165011106101599,1.0054846677000882,0.30628226127328956,4.785919708217833,1.490493291150996,0.015905601017930655,0.3896060654622282,0.20894625504956021,0.9687054202515907,0.20894625504956021,64.66869389311445,129.3373877862289,4.818591843001135,8.32646825860815,1.1553756073247927,True,,6.126405751341911,27.024562815825256,0.22669768214545774,0.22655685366430278,0.03527109366073071,PASS,1.0,,,,DIRECTORY_FILENAME_LABEL_ONLY_NOT_RECOMPUTED,SHORT_STATIC_GEOMETRY_SAMPLED,NOT_MEASURED_REQUIRES_TRAJECTORY,RESEARCH_TRACK_DIAGNOSTIC_ONLY,"{""G0_PARSE"":true,""G1_FINITE"":true,""G2_EDGE_UNIFORMITY"":true,""G3_POSITIVE_REACH_PROXY"":true,""G4_FSERIES_ORIGIN_RESOLVED"":true,""G5_NATIVE_BACKEND_AVAILABLE"":true,""G6_FSERIES_SHORT_PAIR_PRESENT"":true,""G7_REPRESENTATION_AGREEMENT"":true,""G8_DYNAMIC_TRAJECTORY_PRESENT"":false,""G9_PHASE_FIELD_PRESENT"":false,""G10_CONVERGENCE_CERTIFIED"":false}",catalogue candidate,hyperbolic twist knot,5,3,1,7,chiral,false,ORTHODOX_TOPOLOGY_ONLY,
sst21d.master-row.v0.2,FRESNEL_FOURIER_SERIES_ARCHIVE,5_2/knot.5_2d,5_2d,5_2,5_2d,1,short,600,True,True,5_2/knot.5_2d.fseries,5_2/knot.5_2d.short,b5f29f0ef2fe0ca1dfea4ae85b0c3e887406979e31dd8aeb74ebd5e70bc2a3a4,b84b78bca0532515e2b50b73a4ff9ba1f2541030317b9c8fa29e8633ba428c5f,11,196,6,3,True,6,0.000000 0.000000 0.000000 0.000000 0.000000 0.000000,0.110196 0.491826 0.107964,"[""0.000000""]","[""0.000000""]",0,PAIRED_SHORT_PROCRUSTES,RESOLVED,0.05434210611039589,1.2651136830111376,23.280541987847535,34.78338241883743,0.0009923887941181595,1.0035237942744455,0.3462916118321267,2.841247559700348,1.159739679050834,0.4467627205574582,3.692582059587712,0.3519580673587855,0.9961837607861606,0.3519580673587855,49.41410020782291,98.82820041564582,-4.60155255397333,10.99666823998776,2.52110665776416,True,,6.26528429906439,34.78338241883743,0.18012291684638865,0.18000690965380836,0.05434761474267101,PASS,1.0,,,,DIRECTORY_FILENAME_LABEL_ONLY_NOT_RECOMPUTED,SHORT_STATIC_GEOMETRY_SAMPLED,NOT_MEASURED_REQUIRES_TRAJECTORY,RESEARCH_TRACK_DIAGNOSTIC_ONLY,"{""G0_PARSE"":true,""G1_FINITE"":true,""G2_EDGE_UNIFORMITY"":true,""G3_POSITIVE_REACH_PROXY"":true,""G4_FSERIES_ORIGIN_RESOLVED"":true,""G5_NATIVE_BACKEND_AVAILABLE"":true,""G6_FSERIES_SHORT_PAIR_PRESENT"":true,""G7_REPRESENTATION_AGREEMENT"":true,""G8_DYNAMIC_TRAJECTORY_PRESENT"":false,""G9_PHASE_FIELD_PRESENT"":false,""G10_CONVERGENCE_CERTIFIED"":false}",catalogue candidate,hyperbolic twist knot,5,3,1,7,chiral,false,ORTHODOX_TOPOLOGY_ONLY,
sst21d.master-row.v0.2,FRESNEL_FOURIER_SERIES_ARCHIVE,5_2/knot.5_2r,5_2r,5_2,5_2r,1,short,600,True,True,5_2/knot.5_2r.fseries,5_2/knot.5_2r.short,dc00c055ee281227174e7d5d870666718c2dfb79f9401c2e1add366b4de8f03a,9dceabb217440a876a3c8f9d2cb6b4c67f9893ae69b08fed1a1cc26033d36398,11,125,6,3,True,6,0.000000 0.000000 0.000000 0.000000 0.000000 0.000000,-0.018515 2.164648 -0.024588,"[""0.000000""]","[""0.000000""]",0,PAIRED_SHORT_PROCRUSTES,RESOLVED,0.014397367650550297,1.026559563673478,71.30189272024603,31.080192402406524,0.0011465906314031401,1.0053212284358928,0.34153428052142765,3.99917050451367,1.1609955599001507,0.022526032421849838,0.5503884688576367,0.2500518542211062,0.9924253282929929,0.2500518542211062,62.147494365157016,124.29498873031403,4.467171704550874,7.920846088737855,2.9317650880089374,True,,5.796495955194938,31.080192402406524,0.18650128931460921,0.18643209700596713,0.01445902703656806,PASS,1.0,,,,DIRECTORY_FILENAME_LABEL_ONLY_NOT_RECOMPUTED,SHORT_STATIC_GEOMETRY_SAMPLED,NOT_MEASURED_REQUIRES_TRAJECTORY,RESEARCH_TRACK_DIAGNOSTIC_ONLY,"{""G0_PARSE"":true,""G1_FINITE"":true,""G2_EDGE_UNIFORMITY"":true,""G3_POSITIVE_REACH_PROXY"":true,""G4_FSERIES_ORIGIN_RESOLVED"":true,""G5_NATIVE_BACKEND_AVAILABLE"":true,""G6_FSERIES_SHORT_PAIR_PRESENT"":true,""G7_REPRESENTATION_AGREEMENT"":true,""G8_DYNAMIC_TRAJECTORY_PRESENT"":false,""G9_PHASE_FIELD_PRESENT"":false,""G10_CONVERGENCE_CERTIFIED"":false}",catalogue candidate,hyperbolic twist knot,5,3,1,7,chiral,false,ORTHODOX_TOPOLOGY_ONLY,
sst21d.master-row.v0.2,FRESNEL_FOURIER_SERIES_ARCHIVE,6_1/knot.6_1,6_1,6_1,6_1,1,short,600,True,True,6_1/knot.6_1.fseries,6_1/knot.6_1.short,d9d4d4b5776c21de35cae284b26b1831ff30ad21e65c9cbf899c2946fbd4f7a4,b10ef15b74029c29716059430bfeb328b7563bafaec413005eb2e8f46ba1027d,10,167,6,3,False,3,0.000000 0.223730 0.048025 0.000000 0.000000 -0.001500,-0.044833 2.510867 0.036877,"[""0.000000""]",[],1,PAIRED_SHORT_PROCRUSTES,RESOLVED,0.8378167326443461,0.028205317013478545,29.70421258672528,32.93060547577784,0.0010566819435759195,1.0046274332235177,0.30021198822721984,3.5480398798283543,1.2925944995677239,0.15176445611346182,1.5866288005716098,0.2818457610032212,0.9611441465709483,0.2818457610032212,58.419550747476876,116.83910149495375,1.4248818720392873,9.739404820474483,2.6560387010379602,True,,6.083586917066713,32.93060547577784,0.18473960102378031,0.18461148816591216,0.028161294529530853,PASS,1.0,,,,DIRECTORY_FILENAME_LABEL_ONLY_NOT_RECOMPUTED,SHORT_STATIC_GEOMETRY_SAMPLED,NOT_MEASURED_REQUIRES_TRAJECTORY,RESEARCH_TRACK_DIAGNOSTIC_ONLY,"{""G0_PARSE"":true,""G1_FINITE"":true,""G2_EDGE_UNIFORMITY"":true,""G3_POSITIVE_REACH_PROXY"":true,""G4_FSERIES_ORIGIN_RESOLVED"":true,""G5_NATIVE_BACKEND_AVAILABLE"":true,""G6_FSERIES_SHORT_PAIR_PRESENT"":true,""G7_REPRESENTATION_AGREEMENT"":true,""G8_DYNAMIC_TRAJECTORY_PRESENT"":false,""G9_PHASE_FIELD_PRESENT"":false,""G10_CONVERGENCE_CERTIFIED"":false}",,,,,,,,,,
sst21d.master-row.v0.2,FRESNEL_FOURIER_SERIES_ARCHIVE,6_2/knot.6_2,6_2,6_2,6_2,1,short,600,True,True,6_2/knot.6_2.fseries,6_2/knot.6_2.short,83f985f8562cc67b67ccf55a6200df0a75ee105c9085beeb94a7bc4f83dc24e5,a31eb4a1aab987ea94497295bdc4234871265017e8fc239684523d7589682559,10,156,6,3,False,3,0.000000 0.007472 0.063962 0.000000 0.000000 -0.006663,-0.038785 -2.791829 0.038165,"[""0.000000""]","[""0.000000""]",1,PAIRED_SHORT_PROCRUSTES,RESOLVED,1.1065311873399375,0.025980244328677737,42.591254082953974,31.30127680771721,0.0011769651087642603,1.0056917019265632,0.27900870018933166,3.6212014174782854,1.2916954936988283,0.05778600850607306,1.202296276195325,0.2761514438753244,0.9477536441140155,0.2761514438753244,56.67411397249287,113.34822794498574,2.460317259589303,9.868756583785045,2.8945761304709046,True,,6.005491400648747,31.30127680771721,0.19186090834378094,0.19173241700251795,0.025927449116796595,PASS,1.0,,,,DIRECTORY_FILENAME_LABEL_ONLY_NOT_RECOMPUTED,SHORT_STATIC_GEOMETRY_SAMPLED,NOT_MEASURED_REQUIRES_TRAJECTORY,RESEARCH_TRACK_DIAGNOSTIC_ONLY,"{""G0_PARSE"":true,""G1_FINITE"":true,""G2_EDGE_UNIFORMITY"":true,""G3_POSITIVE_REACH_PROXY"":true,""G4_FSERIES_ORIGIN_RESOLVED"":true,""G5_NATIVE_BACKEND_AVAILABLE"":true,""G6_FSERIES_SHORT_PAIR_PRESENT"":true,""G7_REPRESENTATION_AGREEMENT"":true,""G8_DYNAMIC_TRAJECTORY_PRESENT"":false,""G9_PHASE_FIELD_PRESENT"":false,""G10_CONVERGENCE_CERTIFIED"":false}",,,,,,,,,,
sst21d.master-row.v0.2,FRESNEL_FOURIER_SERIES_ARCHIVE,6_2/knot.6_2d,6_2d,6_2,6_2d,1,short,600,True,True,6_2/knot.6_2d.fseries,6_2/knot.6_2d.short,74a25b30a81bd39f686b602956f5b88dca4aa4d14fc387fb34cbf092e474b7c3,c11231141354b896b7f652d43c24ff209421ed419f2b297334051caf91c88857,11,317,6,3,True,6,0.000000 0.000000 0.000000 0.000000 0.000000 0.000000,0.175698 2.013589 0.009753,"[""0.000000""]","[""0.000000""]",0,PAIRED_SHORT_PROCRUSTES,RESOLVED,0.0649537296349915,1.0777480683635905,16.592550950038014,48.89011587846386,0.0005923401192995606,1.002534954257796,0.7646545948842903,1.805875189320077,0.752846949621235,0.17688983193199626,0.5120995726590424,0.5537481249612306,0.9968222192461089,0.49841110962305446,49.045973228244435,98.09194645648887,3.85765155195167,16.82780394301675,0.8811225551402581,True,,5.571048931023713,48.89011587846386,0.113950413717014,0.11394053756303175,0.06493121384428156,PASS,1.0,,,,DIRECTORY_FILENAME_LABEL_ONLY_NOT_RECOMPUTED,SHORT_STATIC_GEOMETRY_SAMPLED,NOT_MEASURED_REQUIRES_TRAJECTORY,RESEARCH_TRACK_DIAGNOSTIC_ONLY,"{""G0_PARSE"":true,""G1_FINITE"":true,""G2_EDGE_UNIFORMITY"":true,""G3_POSITIVE_REACH_PROXY"":true,""G4_FSERIES_ORIGIN_RESOLVED"":true,""G5_NATIVE_BACKEND_AVAILABLE"":true,""G6_FSERIES_SHORT_PAIR_PRESENT"":true,""G7_REPRESENTATION_AGREEMENT"":true,""G8_DYNAMIC_TRAJECTORY_PRESENT"":false,""G9_PHASE_FIELD_PRESENT"":false,""G10_CONVERGENCE_CERTIFIED"":false}",,,,,,,,,,
sst21d.master-row.v0.2,FRESNEL_FOURIER_SERIES_ARCHIVE,6_2/knot.6_2p,6_2p,6_2,6_2p,1,short,600,True,True,6_2/knot.6_2p.fseries,6_2/knot.6_2p.short,48c7201e671b8c576f2418575a3b7dd0b6db266757584b35609afd9de195caa3,fa75946e68b34af036385c9d659c7bdb24a4151ff5e8ba351daeecb7631d6e8a,11,184,6,3,True,6,0.000000 0.000000 0.000000 0.000000 0.000000 0.000000,-0.300751 -2.556112 -0.806188,"[""0.000000""]",[],0,PAIRED_SHORT_PROCRUSTES,RESOLVED,0.024721790706303468,1.0309819031157208,41.703366692318326,36.474317342381624,0.0013484036268081845,1.0061587628187798,0.3801208929011609,3.036283646608017,1.1945202395413386,0.44487682849769405,2.761001636576217,0.3293499937389412,0.9929353973880722,0.3293499937389412,55.373186633932264,110.74637326786453,3.2280148256383048,11.959225080027705,1.4413136400011224,True,,5.728182443365059,36.474317342381624,0.1570470089842957,0.15692141960283904,0.02278725908633412,PASS,1.0,,,,DIRECTORY_FILENAME_LABEL_ONLY_NOT_RECOMPUTED,SHORT_STATIC_GEOMETRY_SAMPLED,NOT_MEASURED_REQUIRES_TRAJECTORY,RESEARCH_TRACK_DIAGNOSTIC_ONLY,"{""G0_PARSE"":true,""G1_FINITE"":true,""G2_EDGE_UNIFORMITY"":true,""G3_POSITIVE_REACH_PROXY"":true,""G4_FSERIES_ORIGIN_RESOLVED"":true,""G5_NATIVE_BACKEND_AVAILABLE"":true,""G6_FSERIES_SHORT_PAIR_PRESENT"":true,""G7_REPRESENTATION_AGREEMENT"":true,""G8_DYNAMIC_TRAJECTORY_PRESENT"":false,""G9_PHASE_FIELD_PRESENT"":false,""G10_CONVERGENCE_CERTIFIED"":false}",,,,,,,,,,
sst21d.master-row.v0.2,FRESNEL_FOURIER_SERIES_ARCHIVE,6_3/knot.6_3d,6_3d,6_3,6_3d,1,short,600,True,True,6_3/knot.6_3d.fseries,6_3/knot.6_3d.short,9ebd76337b5d9615358acebb607db3f180b222f3718da380e38ceeb254aa4c59,e88502e19274b9a15ce698be50ac0c0d17a5719a7d0ed2271967ee13fdb28e89,11,288,6,3,True,6,0.000000 0.000000 0.000000 0.000000 0.000000 0.000000,-0.099191 -0.504697 0.108664,"[""0.000000""]","[""0.000000""]",0,PAIRED_SHORT_PROCRUSTES,RESOLVED,0.05684100416293258,0.7873270676851677,13.851392657109374,47.640642881542945,0.0007585883044673229,1.003105814885688,0.6162668997418701,1.9750914283034662,0.7895054658330858,0.45094608992171864,1.8943483177776055,0.506305675610655,0.9955445872806798,0.4977722936403399,47.853851540364346,95.70770308072869,0.09770207111689777,17.909557428865174,0.6229784751871261,True,,6.293517245688742,47.640642881542945,0.13210395294911084,0.13206791492873973,0.056784440854458273,PASS,1.0,,,,DIRECTORY_FILENAME_LABEL_ONLY_NOT_RECOMPUTED,SHORT_STATIC_GEOMETRY_SAMPLED,NOT_MEASURED_REQUIRES_TRAJECTORY,RESEARCH_TRACK_DIAGNOSTIC_ONLY,"{""G0_PARSE"":true,""G1_FINITE"":true,""G2_EDGE_UNIFORMITY"":true,""G3_POSITIVE_REACH_PROXY"":true,""G4_FSERIES_ORIGIN_RESOLVED"":true,""G5_NATIVE_BACKEND_AVAILABLE"":true,""G6_FSERIES_SHORT_PAIR_PRESENT"":true,""G7_REPRESENTATION_AGREEMENT"":true,""G8_DYNAMIC_TRAJECTORY_PRESENT"":false,""G9_PHASE_FIELD_PRESENT"":false,""G10_CONVERGENCE_CERTIFIED"":false}",,,,,,,,,,
sst21d.master-row.v0.2,FRESNEL_FOURIER_SERIES_ARCHIVE,6_3/knot.6_3z,6_3z,6_3,6_3z,1,short,600,True,True,6_3/knot.6_3z.fseries,6_3/knot.6_3z.short,f8664bea8c0296953216ddf86503c741dac9b8dd77af30ca5e19bd96de62f9d3,259e82660dbc36cf95876464679582eff63e5f7882290eb518ad22ff0e4f250c,10,236,6,3,False,2,0.048379 0.122795 0.122795 -0.048379 0.000000 0.000000,0.001239 -1.364673 1.816751,"[""0.000000""]",[],1,PAIRED_SHORT_PROCRUSTES,RESOLVED,1.1223432290747284,0.04955455822385653,22.648637568408603,36.36612897412103,0.0008848244864154227,1.0034859928911497,0.7214462235855456,2.6410910030073222,1.0868837223926164,0.35055665919170403,1.6052980858218486,0.3786314060595918,0.9961754138167491,0.3786314060595918,48.02312802387748,96.04625604775497,-7.305425493795086e-08,12.341296508100086,4.7274098175106284e-07,True,,6.234882838610519,36.36612897412103,0.17144752588452303,0.17135912529513087,0.05062644076207197,PASS,1.0,,,,DIRECTORY_FILENAME_LABEL_ONLY_NOT_RECOMPUTED,SHORT_STATIC_GEOMETRY_SAMPLED,NOT_MEASURED_REQUIRES_TRAJECTORY,RESEARCH_TRACK_DIAGNOSTIC_ONLY,"{""G0_PARSE"":true,""G1_FINITE"":true,""G2_EDGE_UNIFORMITY"":true,""G3_POSITIVE_REACH_PROXY"":true,""G4_FSERIES_ORIGIN_RESOLVED"":true,""G5_NATIVE_BACKEND_AVAILABLE"":true,""G6_FSERIES_SHORT_PAIR_PRESENT"":true,""G7_REPRESENTATION_AGREEMENT"":true,""G8_DYNAMIC_TRAJECTORY_PRESENT"":false,""G9_PHASE_FIELD_PRESENT"":false,""G10_CONVERGENCE_CERTIFIED"":false}",,,,,,,,,,
sst21d.master-row.v0.2,FRESNEL_FOURIER_SERIES_ARCHIVE,7_1/knot.7_1,7_1,7_1,7_1,1,short,600,True,True,7_1/knot.7_1.fseries,7_1/knot.7_1.short,fecaf3a5cc5cf6b119aed022bf5ca681155db23d179a5393708944e61f907572,80b94298c933f45e778dc06d27bb9ae1b5ae2d02db729c11271242239fd78830,9,205,6,3,True,6,0.000000 0.000000 0.000000 0.000000 0.000000 0.000000,1.807862 0.041238 -0.533539,"[""0.000000""]",[],1,PAIRED_SHORT_PROCRUSTES,RESOLVED,1.409642294772671,0.010965603401789795,128.55127466515802,32.57630764431984,0.025493690991694407,2.656896136544632,0.27966915206253884,9.822447544808945,1.5703875464195067,0.7052136882155418,15.864738718910719,0.1018076192759603,0.9942728294008003,0.1018076192759603,159.98953651994512,319.97907303989024,9.016401295682963,11.28538046790149,0.14356486140257899,True,,17.59940922033764,32.57630764431984,0.5402518116078253,0.5401166562167385,0.00616837032900915,PASS,1.0,,,,DIRECTORY_FILENAME_LABEL_ONLY_NOT_RECOMPUTED,SHORT_STATIC_GEOMETRY_SAMPLED,NOT_MEASURED_REQUIRES_TRAJECTORY,RESEARCH_TRACK_DIAGNOSTIC_ONLY,"{""G0_PARSE"":true,""G1_FINITE"":true,""G2_EDGE_UNIFORMITY"":false,""G3_POSITIVE_REACH_PROXY"":true,""G4_FSERIES_ORIGIN_RESOLVED"":true,""G5_NATIVE_BACKEND_AVAILABLE"":true,""G6_FSERIES_SHORT_PAIR_PRESENT"":true,""G7_REPRESENTATION_AGREEMENT"":true,""G8_DYNAMIC_TRAJECTORY_PRESENT"":false,""G9_PHASE_FIELD_PRESENT"":false,""G10_CONVERGENCE_CERTIFIED"":false}",,,,,,,,,,
sst21d.master-row.v0.2,FRESNEL_FOURIER_SERIES_ARCHIVE,7_1/knot.7_1p,7_1p,7_1,7_1p,1,short,600,True,True,7_1/knot.7_1p.fseries,7_1/knot.7_1p.short,2c62358ece6a742a22d6160b20ff1f8b1ed2f634bbf9ae28c5d1b314152b906a,277b6ea6c1e05f0c1b97f21a3f80bd25de26e90105a3f15d9383ec6d63ea627c,20,352,6,3,False,4,0.000 0.000 0.000 0.151 -0.018 0.000,0.061059 0.081361 -0.540791,"[""0.000""]","[""0.000000""]",1,PAIRED_SHORT_PROCRUSTES,RESOLVED,0.8647875889063525,0.03498339078691118,24.71994765098378,47.44607673403105,0.0007321168806386034,1.003639877349029,0.18442192379152011,1.9031139061297244,0.9821383499176645,0.6342124495961856,2.038267297959968,0.5254546229624554,0.9986098090341141,0.49930490451705706,47.512127664680506,95.02425532936101,9.380058618996078,15.091855501957653,2.4379691995745576,True,,5.178256360703108,47.44607673403105,0.10913982181774293,0.10906521411252072,0.03458436458315544,PASS,1.0,,,,DIRECTORY_FILENAME_LABEL_ONLY_NOT_RECOMPUTED,SHORT_STATIC_GEOMETRY_SAMPLED,NOT_MEASURED_REQUIRES_TRAJECTORY,RESEARCH_TRACK_DIAGNOSTIC_ONLY,"{""G0_PARSE"":true,""G1_FINITE"":true,""G2_EDGE_UNIFORMITY"":true,""G3_POSITIVE_REACH_PROXY"":true,""G4_FSERIES_ORIGIN_RESOLVED"":true,""G5_NATIVE_BACKEND_AVAILABLE"":true,""G6_FSERIES_SHORT_PAIR_PRESENT"":true,""G7_REPRESENTATION_AGREEMENT"":true,""G8_DYNAMIC_TRAJECTORY_PRESENT"":false,""G9_PHASE_FIELD_PRESENT"":false,""G10_CONVERGENCE_CERTIFIED"":false}",,,,,,,,,,
sst21d.master-row.v0.2,FRESNEL_FOURIER_SERIES_ARCHIVE,7_2/knot.7_2,7_2,7_2,7_2,1,short,600,True,True,7_2/knot.7_2.fseries,7_2/knot.7_2.short,6b43345f0304194b1f7e4abc672cdead4c9208e64d73f203382fa016f5f4d06f,bd69a5dfce3a25274621d74a050a9a03f6fedce90875c4ecf0a58f280fda952c,10,183,6,3,False,2,0.170716 0.149436 0.000000 0.000000 -0.020303 -0.014599,-1.887805 -0.502853 -0.425555,"[""0.000000""]",[],1,PAIRED_SHORT_PROCRUSTES,RESOLVED,0.6285041243344381,0.021784222276295614,28.851345545548423,35.88857178267739,0.0012920252122207059,1.005501188130814,0.2689919301970556,3.211402099002433,1.2174784065762703,0.40972863509952295,2.72235703092521,0.3113904672076514,0.9229334123183152,0.3113904672076514,57.626317376544826,115.25263475308965,6.244469438495029,11.100382249407744,1.4891959029770359,True,,5.8364680105468825,35.88857178267739,0.1626274805776477,0.16245951212175078,0.021188892991291855,PASS,1.0,,,,DIRECTORY_FILENAME_LABEL_ONLY_NOT_RECOMPUTED,SHORT_STATIC_GEOMETRY_SAMPLED,NOT_MEASURED_REQUIRES_TRAJECTORY,RESEARCH_TRACK_DIAGNOSTIC_ONLY,"{""G0_PARSE"":true,""G1_FINITE"":true,""G2_EDGE_UNIFORMITY"":true,""G3_POSITIVE_REACH_PROXY"":true,""G4_FSERIES_ORIGIN_RESOLVED"":true,""G5_NATIVE_BACKEND_AVAILABLE"":true,""G6_FSERIES_SHORT_PAIR_PRESENT"":true,""G7_REPRESENTATION_AGREEMENT"":true,""G8_DYNAMIC_TRAJECTORY_PRESENT"":false,""G9_PHASE_FIELD_PRESENT"":false,""G10_CONVERGENCE_CERTIFIED"":false}",,,,,,,,,,
sst21d.master-row.v0.2,FRESNEL_FOURIER_SERIES_ARCHIVE,7_2/knot.7_2d,7_2d,7_2,7_2d,1,short,600,True,True,7_2/knot.7_2d.fseries,7_2/knot.7_2d.short,9ea35b50522c8a9671d313fd5cc93663491146cb1f8d18f0a0128febea982f1c,4e3002a4db0f5a55fe121242a77a635b0640db4cc676aa883c56634e30f94b07,11,323,6,3,True,6,0.000000 0.000000 0.000000 0.000000 0.000000 0.000000,-0.087126 -1.536963 0.105860,"[""0.000000""]",[],0,PAIRED_SHORT_PROCRUSTES,RESOLVED,0.056461733895300036,1.1816779584711674,20.92882872960322,53.016171730622574,0.0007502154152540497,1.0030400249998124,0.41889239921167576,1.7410576131976587,0.7811714275742808,0.48656236949454007,1.6607533434201762,0.574363531924358,0.9983839513576743,0.49919197567883716,53.10198712482043,106.20397424964086,4.37248950794435,18.38321670577381,2.301089737626849,True,,6.02346297471864,53.016171730622574,0.11361557762646673,0.11356435640620376,0.05640140429901149,PASS,1.0,,,,DIRECTORY_FILENAME_LABEL_ONLY_NOT_RECOMPUTED,SHORT_STATIC_GEOMETRY_SAMPLED,NOT_MEASURED_REQUIRES_TRAJECTORY,RESEARCH_TRACK_DIAGNOSTIC_ONLY,"{""G0_PARSE"":true,""G1_FINITE"":true,""G2_EDGE_UNIFORMITY"":true,""G3_POSITIVE_REACH_PROXY"":true,""G4_FSERIES_ORIGIN_RESOLVED"":true,""G5_NATIVE_BACKEND_AVAILABLE"":true,""G6_FSERIES_SHORT_PAIR_PRESENT"":true,""G7_REPRESENTATION_AGREEMENT"":true,""G8_DYNAMIC_TRAJECTORY_PRESENT"":false,""G9_PHASE_FIELD_PRESENT"":false,""G10_CONVERGENCE_CERTIFIED"":false}",,,,,,,,,,
sst21d.master-row.v0.2,FRESNEL_FOURIER_SERIES_ARCHIVE,7_2/knot.7_2r,7_2r,7_2,7_2r,1,short,600,True,True,7_2/knot.7_2r.fseries,7_2/knot.7_2r.short,5d7704f1773e63217d9ededa1a7d92d519ce4a6e32e3fbf970ebe01ae4c3465c,70535b38a3beb9fb18690b8cf5793d45b2e430be84fd201104caf6eaa9de4823,11,158,6,3,True,6,0.000000 0.000000 0.000000 0.000000 0.000000 0.000000,-0.028732 2.795286 0.023995,"[""0.000000""]","[""0.000000""]",0,PAIRED_SHORT_PROCRUSTES,RESOLVED,0.017077920400435164,0.9217840956512442,53.97519569348479,38.30535999904876,0.0011099033748095998,1.0057682860330868,0.3106938736248476,3.316478942471703,1.0778685255950935,0.11180472979746534,1.6778184928967934,0.3015246040593645,0.9939668878011024,0.3015246040593645,63.51945991032155,127.0389198206431,5.853934736447417,11.348823214707926,0.9390834630329316,True,,5.807627367429642,38.30535999904876,0.1516139612726225,0.15154321972515708,0.01713170803831317,PASS,1.0,,,,DIRECTORY_FILENAME_LABEL_ONLY_NOT_RECOMPUTED,SHORT_STATIC_GEOMETRY_SAMPLED,NOT_MEASURED_REQUIRES_TRAJECTORY,RESEARCH_TRACK_DIAGNOSTIC_ONLY,"{""G0_PARSE"":true,""G1_FINITE"":true,""G2_EDGE_UNIFORMITY"":true,""G3_POSITIVE_REACH_PROXY"":true,""G4_FSERIES_ORIGIN_RESOLVED"":true,""G5_NATIVE_BACKEND_AVAILABLE"":true,""G6_FSERIES_SHORT_PAIR_PRESENT"":true,""G7_REPRESENTATION_AGREEMENT"":true,""G8_DYNAMIC_TRAJECTORY_PRESENT"":false,""G9_PHASE_FIELD_PRESENT"":false,""G10_CONVERGENCE_CERTIFIED"":false}",,,,,,,,,,
sst21d.master-row.v0.2,FRESNEL_FOURIER_SERIES_ARCHIVE,7_3/knot.7_3,7_3,7_3,7_3,1,short,600,True,True,7_3/knot.7_3.fseries,7_3/knot.7_3.short,9dc0bac5670f311d4bb402fdd001c4712796c85066dbc696f96232a140c7ee03,7c9d0622733f0104c9e1bad4bc422b932b8e1fc8c95c8ce8e1c1be0928f6e38b,10,194,6,3,False,3,0.000000 -0.048312 -0.084527 0.000000 0.000000 0.006108,-0.040640 1.529886 -0.048571,"[""0.000000""]",[],1,PAIRED_SHORT_PROCRUSTES,RESOLVED,1.1138193915974657,0.02253229316810894,49.4321365023738,39.940924638914595,0.0012902060239912052,1.0067172397535042,0.24548240281836115,3.333181643375418,1.1317977067581193,0.4990152644298133,3.1651767460268276,0.3000136527175064,0.9123357363718541,0.3000136527175064,66.56517841293554,133.13035682587108,-6.940679252369512,12.110175130613888,0.40547219306545734,True,,5.789222619398726,39.940924638914595,0.14494463189663526,0.14480772463063935,0.022545614377366956,PASS,1.0,,,,DIRECTORY_FILENAME_LABEL_ONLY_NOT_RECOMPUTED,SHORT_STATIC_GEOMETRY_SAMPLED,NOT_MEASURED_REQUIRES_TRAJECTORY,RESEARCH_TRACK_DIAGNOSTIC_ONLY,"{""G0_PARSE"":true,""G1_FINITE"":true,""G2_EDGE_UNIFORMITY"":true,""G3_POSITIVE_REACH_PROXY"":true,""G4_FSERIES_ORIGIN_RESOLVED"":true,""G5_NATIVE_BACKEND_AVAILABLE"":true,""G6_FSERIES_SHORT_PAIR_PRESENT"":true,""G7_REPRESENTATION_AGREEMENT"":true,""G8_DYNAMIC_TRAJECTORY_PRESENT"":false,""G9_PHASE_FIELD_PRESENT"":false,""G10_CONVERGENCE_CERTIFIED"":false}",,,,,,,,,,
sst21d.master-row.v0.2,FRESNEL_FOURIER_SERIES_ARCHIVE,7_3/knot.7_3d,7_3d,7_3,7_3d,1,short,600,True,True,7_3/knot.7_3d.fseries,7_3/knot.7_3d.short,66468831adb23de3924e23ac8496387f3b3af6efa77e816ea88226417bb08a29,0d7d8e40f135874df6b7d50f717116cb77a4d7bb5fa47ca649d381604627b603,21,251,6,3,True,6,0.000000 0.000000 0.000000 0.000000 0.000000 0.000000,0.691747 0.014676 -0.028672,"[""0.000000""]","[""0.000000""]",0,PAIRED_SHORT_PROCRUSTES,RESOLVED,0.015226800372946912,1.0390615487841555,68.23899462360005,57.14036606518766,0.0015661730195108028,1.0064524090669333,0.836881177659535,2.3246413856588073,0.9537302182469839,0.541237620422435,2.677014649324592,0.43017387807392854,0.9928239879382578,0.43017387807392854,66.41542987341467,132.83085974682933,7.1387677793162325,20.579354831846153,0.879900266620794,True,,4.513982134300978,57.14036606518766,0.07899813118367625,0.07892107769466015,0.013710080312352478,PASS,1.0,,,,DIRECTORY_FILENAME_LABEL_ONLY_NOT_RECOMPUTED,SHORT_STATIC_GEOMETRY_SAMPLED,NOT_MEASURED_REQUIRES_TRAJECTORY,RESEARCH_TRACK_DIAGNOSTIC_ONLY,"{""G0_PARSE"":true,""G1_FINITE"":true,""G2_EDGE_UNIFORMITY"":true,""G3_POSITIVE_REACH_PROXY"":true,""G4_FSERIES_ORIGIN_RESOLVED"":true,""G5_NATIVE_BACKEND_AVAILABLE"":true,""G6_FSERIES_SHORT_PAIR_PRESENT"":true,""G7_REPRESENTATION_AGREEMENT"":true,""G8_DYNAMIC_TRAJECTORY_PRESENT"":false,""G9_PHASE_FIELD_PRESENT"":false,""G10_CONVERGENCE_CERTIFIED"":false}",,,,,,,,,,
sst21d.master-row.v0.2,FRESNEL_FOURIER_SERIES_ARCHIVE,7_4/knot.7_4,7_4,7_4,7_4,1,short,600,True,True,7_4/knot.7_4.fseries,7_4/knot.7_4.short,bfdfbacdf2011fd41abd90393d04421b9728c906941508165ee6ce3693b675d0,ebde3cad6e5e09000848ab41a244e5ed07b9ae9ddc42024b7319c0d3b3909907,11,201,6,3,True,6,0.000000 0.000000 0.000000 0.000000 0.000000 0.000000,-0.099502 1.719308 -0.076996,"[""0.000000""]","[""0.000000""]",0,PAIRED_SHORT_PROCRUSTES,RESOLVED,0.050718771485002576,0.9475512480844159,18.682456619924334,40.69736808161841,0.0008174610708597533,1.0044572118379784,0.2073879475472327,2.7337429486612432,0.9182000510479953,0.4859530853157738,11.09630855057273,0.36579884019077785,0.9949988587178134,0.36579884019077785,55.62807151109774,111.25614302219547,-6.4251135111550814,11.030669310181507,2.6461187023447095,True,,6.04589617358665,40.69736808161841,0.14855742419169785,0.1484879774198419,0.05062535782738738,PASS,1.0,,,,DIRECTORY_FILENAME_LABEL_ONLY_NOT_RECOMPUTED,SHORT_STATIC_GEOMETRY_SAMPLED,NOT_MEASURED_REQUIRES_TRAJECTORY,RESEARCH_TRACK_DIAGNOSTIC_ONLY,"{""G0_PARSE"":true,""G1_FINITE"":true,""G2_EDGE_UNIFORMITY"":true,""G3_POSITIVE_REACH_PROXY"":true,""G4_FSERIES_ORIGIN_RESOLVED"":true,""G5_NATIVE_BACKEND_AVAILABLE"":true,""G6_FSERIES_SHORT_PAIR_PRESENT"":true,""G7_REPRESENTATION_AGREEMENT"":true,""G8_DYNAMIC_TRAJECTORY_PRESENT"":false,""G9_PHASE_FIELD_PRESENT"":false,""G10_CONVERGENCE_CERTIFIED"":false}",,,,,,,,,,
sst21d.master-row.v0.2,FRESNEL_FOURIER_SERIES_ARCHIVE,7_5/knot.7_5,7_5,7_5,7_5,1,short,600,True,True,7_5/knot.7_5.fseries,7_5/knot.7_5.short,2d2f150256ac71a938842d5d637b3bb3c1cda167458d4d131d3ca5e470dc3f12,4a2004466e6c82d261e20dbad7a3d61bbb094c650624f62405d13caa9d3c8202,10,188,6,3,False,3,0.000000 -0.017022 -0.062395 0.000000 0.000000 0.003299,0.040584 -2.726100 0.044192,"[""0.000000""]",[],1,PAIRED_SHORT_PROCRUSTES,RESOLVED,1.1319207276593755,0.0199293008437113,56.79681071283309,41.38264838044906,0.0011151149343985479,1.0048023704765983,0.2154901204748197,2.821119933046722,0.9940452051806626,0.41163269965440985,3.9774440966201547,0.3544691554180155,0.9565198815094359,0.3544691554180155,58.372707114174254,116.74541422834851,6.997350285155927,11.499241989070992,0.05091112513271846,True,,6.058248269512214,41.38264838044906,0.14639585687740542,0.1462936734944055,0.019837663815699434,PASS,1.0,,,,DIRECTORY_FILENAME_LABEL_ONLY_NOT_RECOMPUTED,SHORT_STATIC_GEOMETRY_SAMPLED,NOT_MEASURED_REQUIRES_TRAJECTORY,RESEARCH_TRACK_DIAGNOSTIC_ONLY,"{""G0_PARSE"":true,""G1_FINITE"":true,""G2_EDGE_UNIFORMITY"":true,""G3_POSITIVE_REACH_PROXY"":true,""G4_FSERIES_ORIGIN_RESOLVED"":true,""G5_NATIVE_BACKEND_AVAILABLE"":true,""G6_FSERIES_SHORT_PAIR_PRESENT"":true,""G7_REPRESENTATION_AGREEMENT"":true,""G8_DYNAMIC_TRAJECTORY_PRESENT"":false,""G9_PHASE_FIELD_PRESENT"":false,""G10_CONVERGENCE_CERTIFIED"":false}",,,,,,,,,,
sst21d.master-row.v0.2,FRESNEL_FOURIER_SERIES_ARCHIVE,7_5/knot.7_5d,7_5d,7_5,7_5d,1,short,600,True,True,7_5/knot.7_5d.fseries,7_5/knot.7_5d.short,c6b721096d19b55c086462cb47879907c2d5630cb72544303d9f72a874a45ff0,40f28c06045a7750728825c4bfa96e3fcb0d7e65732ce2a20718dc05147f1b03,21,304,6,3,True,6,0.000000 0.000000 0.000000 0.000000 0.000000 0.000000,0.170532 -3.530795 -0.034416,"[""0.000000""]","[""0.000000""]",0,PAIRED_SHORT_PROCRUSTES,RESOLVED,0.07108162567277847,1.1997993479286944,16.879177094962973,60.924624000675436,0.000987450256289961,1.0040546279561855,0.4390555089323927,1.7238246221088735,0.7569152066922427,0.33350551803331185,1.9496063756210336,0.5801054162787344,0.9959090119758538,0.4979545059879269,61.17488974198837,122.34977948397675,-7.895636118595759,25.020393789766786,0.6701065498938125,True,,6.208352569484607,60.924624000675436,0.10190218932521895,0.10185683214690427,0.07091717728127792,PASS,1.0,,,,DIRECTORY_FILENAME_LABEL_ONLY_NOT_RECOMPUTED,SHORT_STATIC_GEOMETRY_SAMPLED,NOT_MEASURED_REQUIRES_TRAJECTORY,RESEARCH_TRACK_DIAGNOSTIC_ONLY,"{""G0_PARSE"":true,""G1_FINITE"":true,""G2_EDGE_UNIFORMITY"":true,""G3_POSITIVE_REACH_PROXY"":true,""G4_FSERIES_ORIGIN_RESOLVED"":true,""G5_NATIVE_BACKEND_AVAILABLE"":true,""G6_FSERIES_SHORT_PAIR_PRESENT"":true,""G7_REPRESENTATION_AGREEMENT"":true,""G8_DYNAMIC_TRAJECTORY_PRESENT"":false,""G9_PHASE_FIELD_PRESENT"":false,""G10_CONVERGENCE_CERTIFIED"":false}",,,,,,,,,,
sst21d.master-row.v0.2,FRESNEL_FOURIER_SERIES_ARCHIVE,7_6/knot.7_6d,7_6d,7_6,7_6d,1,short,600,True,True,7_6/knot.7_6d.fseries,7_6/knot.7_6d.short,0f3921472c4240aacd72bc41d6ef7e343e8870565a0f4329723e3cabe5b73f52,6c0d701f0bf9bf3eb1eb628b70ff0824d44e7a8c1fe1f31dd377dbcf6b02677b,21,316,6,3,True,6,0.000000 0.000000 0.000000 0.000000 0.000000 0.000000,-0.110841 0.491443 0.106750,"[""0.000000""]","[""0.000000""]",0,PAIRED_SHORT_PROCRUSTES,RESOLVED,0.03812652942684733,1.307709218451871,34.299193713945265,61.1224541157174,0.0009239330753610406,1.0041989473679187,0.29554949864550806,1.5852653804849306,0.7331617283586418,0.5732780634864122,2.612372869727394,0.630809208546585,0.9970624917001165,0.49853124585005826,61.30253080877203,122.60506161754407,3.4344579541615072,19.70235321305945,2.7114969533299336,True,,6.261970601699256,61.1224541157174,0.10244959388973575,0.10239041905897897,0.037790957619935756,PASS,1.0,,,,DIRECTORY_FILENAME_LABEL_ONLY_NOT_RECOMPUTED,SHORT_STATIC_GEOMETRY_SAMPLED,NOT_MEASURED_REQUIRES_TRAJECTORY,RESEARCH_TRACK_DIAGNOSTIC_ONLY,"{""G0_PARSE"":true,""G1_FINITE"":true,""G2_EDGE_UNIFORMITY"":true,""G3_POSITIVE_REACH_PROXY"":true,""G4_FSERIES_ORIGIN_RESOLVED"":true,""G5_NATIVE_BACKEND_AVAILABLE"":true,""G6_FSERIES_SHORT_PAIR_PRESENT"":true,""G7_REPRESENTATION_AGREEMENT"":true,""G8_DYNAMIC_TRAJECTORY_PRESENT"":false,""G9_PHASE_FIELD_PRESENT"":false,""G10_CONVERGENCE_CERTIFIED"":false}",,,,,,,,,,
sst21d.master-row.v0.2,FRESNEL_FOURIER_SERIES_ARCHIVE,7_6/knot.7_6s,7_6s,7_6,7_6s,1,short,600,True,True,7_6/knot.7_6s.fseries,7_6/knot.7_6s.short,25449fc1cf63056a094c08ed3a9e41598817a6ebd8baeae610492a4bada0a056,0de9a972b3222183731552e523d29c1905599c9fa00035e9df3ae8d3c58f69f8,10,197,6,3,False,3,0.000000 -0.120711 0.055724 0.000000 0.000000 0.057462,0.058673 1.713581 -0.065450,"[""0.000000""]","[""0.000000""]",1,PAIRED_SHORT_PROCRUSTES,RESOLVED,1.1062378786568383,0.043378087363315276,25.502228104053764,42.18399005084025,0.002160417342034124,1.0154793709041732,0.4421291168698868,4.37587405706284,1.229461301230853,0.4930725275746944,10.540936288816,0.22852577267070998,0.8181602013867211,0.22852577267070998,92.2959138434344,184.5918276868688,2.6764166645932312,15.150863171314432,2.0589276974611455,True,,5.187025014848004,42.18399005084025,0.1229619343404118,0.12284784602457835,0.043030348955698836,PASS,1.0,,,,DIRECTORY_FILENAME_LABEL_ONLY_NOT_RECOMPUTED,SHORT_STATIC_GEOMETRY_SAMPLED,NOT_MEASURED_REQUIRES_TRAJECTORY,RESEARCH_TRACK_DIAGNOSTIC_ONLY,"{""G0_PARSE"":true,""G1_FINITE"":true,""G2_EDGE_UNIFORMITY"":true,""G3_POSITIVE_REACH_PROXY"":true,""G4_FSERIES_ORIGIN_RESOLVED"":true,""G5_NATIVE_BACKEND_AVAILABLE"":true,""G6_FSERIES_SHORT_PAIR_PRESENT"":true,""G7_REPRESENTATION_AGREEMENT"":true,""G8_DYNAMIC_TRAJECTORY_PRESENT"":false,""G9_PHASE_FIELD_PRESENT"":false,""G10_CONVERGENCE_CERTIFIED"":false}",,,,,,,,,,
sst21d.master-row.v0.2,FRESNEL_FOURIER_SERIES_ARCHIVE,7_7/knot.7_7d,7_7d,7_7,7_7d,1,short,600,True,True,7_7/knot.7_7d.fseries,7_7/knot.7_7d.short,2c4c644cc62dd0e639115f5b3759c613e8866591254573e92cc778a826a81231,f7f9fbc134f2aec733d65ab8cde3b166f834b12bf27a77a2ac065f90565a2a4a,11,247,6,3,True,6,0.000000 0.000000 0.000000 0.000000 0.000000 0.000000,-0.136751 -1.754170 0.050984,"[""0.000000""]","[""0.000000""]",0,PAIRED_SHORT_PROCRUSTES,RESOLVED,0.05745544638014697,1.043542706162909,18.162642045428306,41.82733543638115,0.000718675830530358,1.0028090553835254,0.31617113316959533,2.2911087545335374,0.963100466240029,0.5309013532388142,4.827885719906844,0.43646989608033554,0.9972598336030712,0.43646989608033554,47.91548719855185,95.8309743971037,-0.9275717072325199,13.604467548771009,0.48174202045502434,True,,5.803848028784994,41.82733543638115,0.1387572975479773,0.1386991208442195,0.0574589130265865,PASS,1.0,,,,DIRECTORY_FILENAME_LABEL_ONLY_NOT_RECOMPUTED,SHORT_STATIC_GEOMETRY_SAMPLED,NOT_MEASURED_REQUIRES_TRAJECTORY,RESEARCH_TRACK_DIAGNOSTIC_ONLY,"{""G0_PARSE"":true,""G1_FINITE"":true,""G2_EDGE_UNIFORMITY"":true,""G3_POSITIVE_REACH_PROXY"":true,""G4_FSERIES_ORIGIN_RESOLVED"":true,""G5_NATIVE_BACKEND_AVAILABLE"":true,""G6_FSERIES_SHORT_PAIR_PRESENT"":true,""G7_REPRESENTATION_AGREEMENT"":true,""G8_DYNAMIC_TRAJECTORY_PRESENT"":false,""G9_PHASE_FIELD_PRESENT"":false,""G10_CONVERGENCE_CERTIFIED"":false}",,,,,,,,,,
sst21d.master-row.v0.2,FRESNEL_FOURIER_SERIES_ARCHIVE,8_1/knot.8_1,8_1,8_1,8_1,1,short,600,True,True,8_1/knot.8_1.fseries,8_1/knot.8_1.short,f3728d1157e836130bde8c8f67a147ccf720428e9130be0e49d276777ffa09a4,6b40028bd76500aab9830c557ad6b224c67c2f4137903f6e411bd52ab8c5de35,10,206,6,3,False,3,0.000000 0.196740 0.002762 0.000000 0.000000 -0.003808,-0.037006 1.619971 -0.044285,"[""0.000000""]","[""0.000000""]",1,PAIRED_SHORT_PROCRUSTES,RESOLVED,0.842601807196785,0.025857716221794478,32.58608764862955,39.93912696583503,0.0014275771296341929,1.00642108719136,0.26603232139959093,3.3664911016543253,1.22960785984441,0.5333822898110604,6.035315236416415,0.29704519329000767,0.8725069167887499,0.29704519329000767,67.22735776916298,134.45471553832596,2.7274697137114012,13.46681978689252,1.7825291226669844,True,,5.520451559150377,39.93912696583503,0.13822163824143466,0.13804772551336963,0.025877741711360865,PASS,1.0,,,,DIRECTORY_FILENAME_LABEL_ONLY_NOT_RECOMPUTED,SHORT_STATIC_GEOMETRY_SAMPLED,NOT_MEASURED_REQUIRES_TRAJECTORY,RESEARCH_TRACK_DIAGNOSTIC_ONLY,"{""G0_PARSE"":true,""G1_FINITE"":true,""G2_EDGE_UNIFORMITY"":true,""G3_POSITIVE_REACH_PROXY"":true,""G4_FSERIES_ORIGIN_RESOLVED"":true,""G5_NATIVE_BACKEND_AVAILABLE"":true,""G6_FSERIES_SHORT_PAIR_PRESENT"":true,""G7_REPRESENTATION_AGREEMENT"":true,""G8_DYNAMIC_TRAJECTORY_PRESENT"":false,""G9_PHASE_FIELD_PRESENT"":false,""G10_CONVERGENCE_CERTIFIED"":false}",,,,,,,,,,
sst21d.master-row.v0.2,FRESNEL_FOURIER_SERIES_ARCHIVE,8_1/knot.8_1d,8_1d,8_1,8_1d,1,short,600,True,True,8_1/knot.8_1d.fseries,8_1/knot.8_1d.short,836641f2307cdb1f652320b65af045ba6864443184d47f7cff142f1b8dde0aab,a45e5e09efe95c89082b6aeee26461654141afbaf759e5539b790a8467cdfd38,21,305,6,3,True,6,0.000000 0.000000 0.000000 0.000000 0.000000 0.000000,0.073463 -0.496346 0.065912,"[""0.000000""]",[],0,PAIRED_SHORT_PROCRUSTES,RESOLVED,0.029023742783357388,1.3121217666260063,45.20856515371253,55.878970893827926,0.0013590101574770025,1.0062316345710907,0.18564546827552078,2.2770122618124105,0.9133183388902404,0.7478935402957375,2.5545449204887007,0.4391719872443902,0.9927406328525022,0.4391719872443902,63.61855095135249,127.23710190270498,-2.0695874638298357,17.20283702696475,0.306726238796324,True,,5.57331754836673,55.878970893827926,0.0997390871595727,0.09963612360550465,0.028618006601894504,PASS,1.0,,,,DIRECTORY_FILENAME_LABEL_ONLY_NOT_RECOMPUTED,SHORT_STATIC_GEOMETRY_SAMPLED,NOT_MEASURED_REQUIRES_TRAJECTORY,RESEARCH_TRACK_DIAGNOSTIC_ONLY,"{""G0_PARSE"":true,""G1_FINITE"":true,""G2_EDGE_UNIFORMITY"":true,""G3_POSITIVE_REACH_PROXY"":true,""G4_FSERIES_ORIGIN_RESOLVED"":true,""G5_NATIVE_BACKEND_AVAILABLE"":true,""G6_FSERIES_SHORT_PAIR_PRESENT"":true,""G7_REPRESENTATION_AGREEMENT"":true,""G8_DYNAMIC_TRAJECTORY_PRESENT"":false,""G9_PHASE_FIELD_PRESENT"":false,""G10_CONVERGENCE_CERTIFIED"":false}",,,,,,,,,,
sst21d.master-row.v0.2,FRESNEL_FOURIER_SERIES_ARCHIVE,8_10/knot.8_10s,8_10s,8_10,8_10s,1,short,600,True,True,8_10/knot.8_10s.fseries,8_10/knot.8_10s.short,be7e95480a1728cdaaf6844c6affe15e055471695376abfc2ae326b83ee86229,8a70cd0f337ac6dc72959a59de1b40a6ff95069aec187cac5503a201f31962d5,10,213,6,3,False,3,0.000000 0.011642 0.101328 0.000000 0.000000 0.032148,-0.057356 2.510836 -0.037361,"[""0.000000""]",[],1,PAIRED_SHORT_PROCRUSTES,RESOLVED,1.0073498912079222,0.025334679374312292,39.76169882889101,50.999089629904596,0.0012696002224630123,1.0061929133500602,0.3578628138729453,2.5881704892196926,0.8854911738380165,0.2844523613039576,2.044563284286193,0.38637331047750645,0.9924270971314294,0.38637331047750645,65.99716937859456,131.99433875718913,-2.3330567570042913,16.76274941808515,2.0861206102416614,True,,5.798427777431714,50.999089629904596,0.11369669183333148,0.11362471165288127,0.02531963559366145,PASS,1.0,,,,DIRECTORY_FILENAME_LABEL_ONLY_NOT_RECOMPUTED,SHORT_STATIC_GEOMETRY_SAMPLED,NOT_MEASURED_REQUIRES_TRAJECTORY,RESEARCH_TRACK_DIAGNOSTIC_ONLY,"{""G0_PARSE"":true,""G1_FINITE"":true,""G2_EDGE_UNIFORMITY"":true,""G3_POSITIVE_REACH_PROXY"":true,""G4_FSERIES_ORIGIN_RESOLVED"":true,""G5_NATIVE_BACKEND_AVAILABLE"":true,""G6_FSERIES_SHORT_PAIR_PRESENT"":true,""G7_REPRESENTATION_AGREEMENT"":true,""G8_DYNAMIC_TRAJECTORY_PRESENT"":false,""G9_PHASE_FIELD_PRESENT"":false,""G10_CONVERGENCE_CERTIFIED"":false}",,,,,,,,,,
sst21d.master-row.v0.2,FRESNEL_FOURIER_SERIES_ARCHIVE,8_11/knot.8_11,8_11,8_11,8_11,1,short,600,True,True,8_11/knot.8_11.fseries,8_11/knot.8_11.short,92b36e6ffa73f4280f9998df37980a0ccc6e6ae2dd4ce7dc00284d1b1b41143f,4539c046650b3732ccb706a5663030af9d39655f9c4cc0c640c989a1ddf2c610,10,239,6,3,False,3,0.000000 -0.025611 0.055860 0.000000 0.000000 -0.013177,-0.046845 2.777888 0.057674,"[""0.000000""]",[],1,PAIRED_SHORT_PROCRUSTES,RESOLVED,1.2350315149033873,0.028833901022662835,42.83261962828681,51.960525545675964,0.0015776126785409846,1.0081659637279752,0.33966790962868076,2.7545223303395265,1.027024791791659,0.39159452460643096,3.7436928611301674,0.3630393513189412,0.9932647334279707,0.3630393513189412,71.56321395587092,143.12642791174184,3.0211591456639506,17.793565110456196,0.07012049428829263,True,,5.232068143727745,51.960525545675964,0.10069313365832856,0.10059293835749274,0.02863275903502394,PASS,1.0,,,,DIRECTORY_FILENAME_LABEL_ONLY_NOT_RECOMPUTED,SHORT_STATIC_GEOMETRY_SAMPLED,NOT_MEASURED_REQUIRES_TRAJECTORY,RESEARCH_TRACK_DIAGNOSTIC_ONLY,"{""G0_PARSE"":true,""G1_FINITE"":true,""G2_EDGE_UNIFORMITY"":true,""G3_POSITIVE_REACH_PROXY"":true,""G4_FSERIES_ORIGIN_RESOLVED"":true,""G5_NATIVE_BACKEND_AVAILABLE"":true,""G6_FSERIES_SHORT_PAIR_PRESENT"":true,""G7_REPRESENTATION_AGREEMENT"":true,""G8_DYNAMIC_TRAJECTORY_PRESENT"":false,""G9_PHASE_FIELD_PRESENT"":false,""G10_CONVERGENCE_CERTIFIED"":false}",,,,,,,,,,
sst21d.master-row.v0.2,FRESNEL_FOURIER_SERIES_ARCHIVE,8_11/knot.8_11d,8_11d,8_11,8_11d,1,short,600,True,True,8_11/knot.8_11d.fseries,8_11/knot.8_11d.short,80cfdd99537cddc6267449d296f9ecc876c59b57f3cf0ce62727d84ca05982f0,668877f0d41a7e04ab9397764f2e8266429559ca76be6f312a7840faa1d37940,21,369,6,3,True,6,0.000000 0.000000 0.000000 0.000000 0.000000 0.000000,-0.141965 -3.645845 0.076312,"[""0.000000""]","[""0.000000""]",0,PAIRED_SHORT_PROCRUSTES,RESOLVED,0.05304974300974477,1.015727852344768,19.14670636874127,72.25820502701329,0.0009202001768900616,1.003762651012124,0.5613516698006108,1.4222303095085247,0.6729861640903144,0.45377603069199424,2.3584902840364403,0.7031210017915921,0.9954638422871733,0.49773192114358666,72.58747325366751,145.17494650733502,4.434512184313188,27.460256985946213,2.6696740465418376,True,,6.233617562125538,72.25820502701329,0.08626864672039858,0.08622754014308139,0.05246110531101895,PASS,1.0,,,,DIRECTORY_FILENAME_LABEL_ONLY_NOT_RECOMPUTED,SHORT_STATIC_GEOMETRY_SAMPLED,NOT_MEASURED_REQUIRES_TRAJECTORY,RESEARCH_TRACK_DIAGNOSTIC_ONLY,"{""G0_PARSE"":true,""G1_FINITE"":true,""G2_EDGE_UNIFORMITY"":true,""G3_POSITIVE_REACH_PROXY"":true,""G4_FSERIES_ORIGIN_RESOLVED"":true,""G5_NATIVE_BACKEND_AVAILABLE"":true,""G6_FSERIES_SHORT_PAIR_PRESENT"":true,""G7_REPRESENTATION_AGREEMENT"":true,""G8_DYNAMIC_TRAJECTORY_PRESENT"":false,""G9_PHASE_FIELD_PRESENT"":false,""G10_CONVERGENCE_CERTIFIED"":false}",,,,,,,,,,
sst21d.master-row.v0.2,FRESNEL_FOURIER_SERIES_ARCHIVE,8_12/knot.8_12d,8_12d,8_12,8_12d,1,short,600,True,True,8_12/knot.8_12d.fseries,8_12/knot.8_12d.short,2119d4fc2f0ced91b827195706dfd78f451ca352cca02da60d66c10e446b4593,998c75357da2d82134f93f79526024e8df798f76c41deb63611c7bf31b7eb79d,21,303,6,3,True,6,0.000000 0.000000 0.000000 0.000000 0.000000 0.000000,-0.043176 0.499255 -0.057049,"[""0.000000""]",[],0,PAIRED_SHORT_PROCRUSTES,RESOLVED,0.014105048906061695,1.3868468034369257,98.3227220744285,88.14496632866144,0.001384854648007516,1.0107551041239335,0.1577828987287417,2.05055674847311,0.590477706254992,0.4983578492318794,3.8334919089585604,0.4876724337156834,0.995330865756867,0.4876724337156834,90.37312777458588,180.74625554917176,-0.16683211894252784,23.750699623098647,1.1083592083375413,True,,5.59359242175687,88.14496632866144,0.06345901138472662,0.06342320928823092,0.011200479021742525,PASS,1.0,,,,DIRECTORY_FILENAME_LABEL_ONLY_NOT_RECOMPUTED,SHORT_STATIC_GEOMETRY_SAMPLED,NOT_MEASURED_REQUIRES_TRAJECTORY,RESEARCH_TRACK_DIAGNOSTIC_ONLY,"{""G0_PARSE"":true,""G1_FINITE"":true,""G2_EDGE_UNIFORMITY"":true,""G3_POSITIVE_REACH_PROXY"":true,""G4_FSERIES_ORIGIN_RESOLVED"":true,""G5_NATIVE_BACKEND_AVAILABLE"":true,""G6_FSERIES_SHORT_PAIR_PRESENT"":true,""G7_REPRESENTATION_AGREEMENT"":true,""G8_DYNAMIC_TRAJECTORY_PRESENT"":false,""G9_PHASE_FIELD_PRESENT"":false,""G10_CONVERGENCE_CERTIFIED"":false}",,,,,,,,,,
sst21d.master-row.v0.2,FRESNEL_FOURIER_SERIES_ARCHIVE,8_12/knot.8_12z,8_12z,8_12,8_12z,1,short,600,True,True,8_12/knot.8_12z.fseries,8_12/knot.8_12z.short,7a5d1676d7998921f053594533e2b7792a8cfacf949b929603cded7af5ef540d,5f688dc20f990557e48a4308c53157f0791f9eba06a0a4c853d3d23647c2c903,10,292,6,3,False,2,-0.023918 -0.133540 -0.133540 0.023918 0.000000 0.000000,-0.777756 2.542039 0.963426,"[""0.000000""]",[],1,PAIRED_SHORT_PROCRUSTES,RESOLVED,1.1446213404571284,0.045823978014003286,24.97865506367311,51.546065801413,0.0006947595290356228,1.003290673252545,0.792597902495001,1.774824226155944,0.755607068212139,0.25782223243657476,1.0369174414647289,0.5634360773663091,0.9973135319714741,0.49865676598573705,51.68491567493076,103.36983134986151,-5.593475263018478e-08,16.68434894534649,2.5996366814537025e-07,True,,6.042974704318734,51.546065801413,0.1172344505902734,0.117198142509893,0.04526274407499041,PASS,1.0,,,,DIRECTORY_FILENAME_LABEL_ONLY_NOT_RECOMPUTED,SHORT_STATIC_GEOMETRY_SAMPLED,NOT_MEASURED_REQUIRES_TRAJECTORY,RESEARCH_TRACK_DIAGNOSTIC_ONLY,"{""G0_PARSE"":true,""G1_FINITE"":true,""G2_EDGE_UNIFORMITY"":true,""G3_POSITIVE_REACH_PROXY"":true,""G4_FSERIES_ORIGIN_RESOLVED"":true,""G5_NATIVE_BACKEND_AVAILABLE"":true,""G6_FSERIES_SHORT_PAIR_PRESENT"":true,""G7_REPRESENTATION_AGREEMENT"":true,""G8_DYNAMIC_TRAJECTORY_PRESENT"":false,""G9_PHASE_FIELD_PRESENT"":false,""G10_CONVERGENCE_CERTIFIED"":false}",,,,,,,,,,
sst21d.master-row.v0.2,FRESNEL_FOURIER_SERIES_ARCHIVE,8_13/knot.8_13d,8_13d,8_13,8_13d,1,short,600,True,True,8_13/knot.8_13d.fseries,8_13/knot.8_13d.short,8f578f9f6c2c3d9fb78d80d00acb812ea648939af9c3cc078add77432a1b5780,6327641a2061a990f51d4c0a94e11253412288f08df5414451c1c9eeda5dfeea,21,351,6,3,True,6,0.000000 0.000000 0.000000 0.000000 0.000000 0.000000,-0.172443 -0.532205 0.056703,"[""0.000000""]","[""0.000000""]",0,PAIRED_SHORT_PROCRUSTES,RESOLVED,0.07290401824972254,1.2789923282110727,17.543509382844483,67.64403722771803,0.000861724404192644,1.0040559920250456,0.37498571924583934,1.6104401659973293,0.7010064512036421,0.42229466520211417,1.7598342367750606,0.6209482482577737,0.9979503707513037,0.49897518537565183,67.7829671798132,135.5659343596264,-0.510445110632959,27.456957161715536,3.107979056640512,True,,6.226842994093641,67.64403722771803,0.0920530951328569,0.0920186324288287,0.07267814246762692,PASS,1.0,,,,DIRECTORY_FILENAME_LABEL_ONLY_NOT_RECOMPUTED,SHORT_STATIC_GEOMETRY_SAMPLED,NOT_MEASURED_REQUIRES_TRAJECTORY,RESEARCH_TRACK_DIAGNOSTIC_ONLY,"{""G0_PARSE"":true,""G1_FINITE"":true,""G2_EDGE_UNIFORMITY"":true,""G3_POSITIVE_REACH_PROXY"":true,""G4_FSERIES_ORIGIN_RESOLVED"":true,""G5_NATIVE_BACKEND_AVAILABLE"":true,""G6_FSERIES_SHORT_PAIR_PRESENT"":true,""G7_REPRESENTATION_AGREEMENT"":true,""G8_DYNAMIC_TRAJECTORY_PRESENT"":false,""G9_PHASE_FIELD_PRESENT"":false,""G10_CONVERGENCE_CERTIFIED"":false}",,,,,,,,,,
sst21d.master-row.v0.2,FRESNEL_FOURIER_SERIES_ARCHIVE,8_13/knot.8_13p,8_13p,8_13,8_13p,1,short,600,True,True,8_13/knot.8_13p.fseries,8_13/knot.8_13p.short,4e0cb979fa3922de5ae89b47b259b20a5a1b190139dba6443830560c4786d046,5d7aa48b47e63b85a368886103d7783c81e1cb66ce5cb3d6d0ab1c1712a721d7,11,240,6,3,True,6,0.000000 0.000000 0.000000 0.000000 0.000000 0.000000,-0.607700 -3.388352 -0.738841,"[""0.000000""]",[],0,PAIRED_SHORT_PROCRUSTES,RESOLVED,0.04718810262813028,1.0907789959387084,23.11555106452747,48.600342428587524,0.0011035827967413655,1.0079745781314755,0.3084142550468374,3.7839071883333624,0.9517739304445574,0.3856221573305037,2.868324158949468,0.2642770951368007,0.9935303844349584,0.2642770951368007,91.94959253549762,183.89918507099523,-1.1686422198095043,15.680808629293203,1.0606295878891125,True,,5.160445677032751,48.600342428587524,0.10618126167763978,0.10611163866092477,0.04418802964431929,PASS,1.0,,,,DIRECTORY_FILENAME_LABEL_ONLY_NOT_RECOMPUTED,SHORT_STATIC_GEOMETRY_SAMPLED,NOT_MEASURED_REQUIRES_TRAJECTORY,RESEARCH_TRACK_DIAGNOSTIC_ONLY,"{""G0_PARSE"":true,""G1_FINITE"":true,""G2_EDGE_UNIFORMITY"":true,""G3_POSITIVE_REACH_PROXY"":true,""G4_FSERIES_ORIGIN_RESOLVED"":true,""G5_NATIVE_BACKEND_AVAILABLE"":true,""G6_FSERIES_SHORT_PAIR_PRESENT"":true,""G7_REPRESENTATION_AGREEMENT"":true,""G8_DYNAMIC_TRAJECTORY_PRESENT"":false,""G9_PHASE_FIELD_PRESENT"":false,""G10_CONVERGENCE_CERTIFIED"":false}",,,,,,,,,,
sst21d.master-row.v0.2,FRESNEL_FOURIER_SERIES_ARCHIVE,8_14/knot.8_14d,8_14d,8_14,8_14d,1,short,600,True,True,8_14/knot.8_14d.fseries,8_14/knot.8_14d.short,2235670dc562564d6dc9372154d5cd44ecfbf6bef7968f89654cabb8bba5e4ae,99acabed6868ccd51ac15059764384a1f833af2e799566b0d3142dbd94c496dd,21,365,6,3,True,6,0.000000 0.000000 0.000000 0.000000 0.000000 0.000000,-0.127790 3.132122 0.101587,"[""0.000000""]","[""0.000000""]",0,PAIRED_SHORT_PROCRUSTES,RESOLVED,0.07009792625863843,0.7021648260704504,10.016912960872647,67.65426262906493,0.000771123962611655,1.0032031930332748,0.42645943560975186,1.3897187535848479,0.6567712481489044,0.36310610481230937,3.9253482970340086,0.7195700550348413,0.9939533867706071,0.49697669338530354,68.06583037950728,136.13166075901455,3.747642286905309,28.831309673486913,1.5905414773920878,True,,6.28927157389143,67.65426262906493,0.09296194104389659,0.09293644405188072,0.06982037960848426,PASS,1.0,,,,DIRECTORY_FILENAME_LABEL_ONLY_NOT_RECOMPUTED,SHORT_STATIC_GEOMETRY_SAMPLED,NOT_MEASURED_REQUIRES_TRAJECTORY,RESEARCH_TRACK_DIAGNOSTIC_ONLY,"{""G0_PARSE"":true,""G1_FINITE"":true,""G2_EDGE_UNIFORMITY"":true,""G3_POSITIVE_REACH_PROXY"":true,""G4_FSERIES_ORIGIN_RESOLVED"":true,""G5_NATIVE_BACKEND_AVAILABLE"":true,""G6_FSERIES_SHORT_PAIR_PRESENT"":true,""G7_REPRESENTATION_AGREEMENT"":true,""G8_DYNAMIC_TRAJECTORY_PRESENT"":false,""G9_PHASE_FIELD_PRESENT"":false,""G10_CONVERGENCE_CERTIFIED"":false}",,,,,,,,,,
sst21d.master-row.v0.2,FRESNEL_FOURIER_SERIES_ARCHIVE,8_14/knot.8_14r,8_14r,8_14,8_14r,1,short,600,True,True,8_14/knot.8_14r.fseries,8_14/knot.8_14r.short,7982f98e5c7bc8cecfd219583f2d8ca99526acedc124a0c870f429dd4c9ddc2c,8ed35a8a6e8ba28c93d1679efa6f7b327ac1683ef1501585d6e13b331149c15b,21,244,6,3,True,6,0.000000 0.000000 0.000000 0.000000 0.000000 0.000000,-0.094844 4.633426 -0.059180,"[""0.000000""]","[""0.000000""]",0,PAIRED_SHORT_PROCRUSTES,RESOLVED,0.03801110048703512,1.226198980037133,32.258970782899766,48.53548890679897,0.0012385923348091454,1.0059891739514712,0.2234125288724998,2.6398683928493885,0.9840185360070994,0.580325957022122,4.132934366322714,0.3788067627570753,0.9950619114003627,0.3788067627570753,64.06365154827536,128.12730309655072,3.5374631022090517,15.84598389501175,2.926525480574885,True,,5.726510519828806,48.53548890679897,0.11798604791692173,0.11787927720790822,0.03793588855579214,PASS,1.0,,,,DIRECTORY_FILENAME_LABEL_ONLY_NOT_RECOMPUTED,SHORT_STATIC_GEOMETRY_SAMPLED,NOT_MEASURED_REQUIRES_TRAJECTORY,RESEARCH_TRACK_DIAGNOSTIC_ONLY,"{""G0_PARSE"":true,""G1_FINITE"":true,""G2_EDGE_UNIFORMITY"":true,""G3_POSITIVE_REACH_PROXY"":true,""G4_FSERIES_ORIGIN_RESOLVED"":true,""G5_NATIVE_BACKEND_AVAILABLE"":true,""G6_FSERIES_SHORT_PAIR_PRESENT"":true,""G7_REPRESENTATION_AGREEMENT"":true,""G8_DYNAMIC_TRAJECTORY_PRESENT"":false,""G9_PHASE_FIELD_PRESENT"":false,""G10_CONVERGENCE_CERTIFIED"":false}",,,,,,,,,,
sst21d.master-row.v0.2,FRESNEL_FOURIER_SERIES_ARCHIVE,8_15/knot.8_15,8_15,8_15,8_15,1,short,600,True,True,8_15/knot.8_15.fseries,8_15/knot.8_15.short,fd7644168aa8914ae7a3c7c09cac88d6900596271ab0d63cf59bd185c474f216,e405e209c58fe8e37889ca36dc7be18164d32e50329b91d9261d2d72e49b518e,11,258,6,3,True,6,0.000000 0.000000 0.000000 0.000000 0.000000 0.000000,0.056775 1.095793 -0.177892,"[""0.000000""]","[""0.000000""]",0,PAIRED_SHORT_PROCRUSTES,RESOLVED,0.06265988973378954,1.0740230288010724,17.14051897256854,48.911224980680004,0.0007067479210242463,1.0040490580733568,0.3053805335161505,2.205120222192215,0.7915866580220083,0.271409577782676,2.2758984735618863,0.45349001380335285,0.994376998980196,0.45349001380335285,53.92756564854525,107.8551312970905,7.390795359774198,14.408400455085857,2.4106265831087113,True,,5.963529977815028,48.911224980680004,0.12192559029487873,0.12187623228324634,0.06266809961598886,PASS,1.0,,,,DIRECTORY_FILENAME_LABEL_ONLY_NOT_RECOMPUTED,SHORT_STATIC_GEOMETRY_SAMPLED,NOT_MEASURED_REQUIRES_TRAJECTORY,RESEARCH_TRACK_DIAGNOSTIC_ONLY,"{""G0_PARSE"":true,""G1_FINITE"":true,""G2_EDGE_UNIFORMITY"":true,""G3_POSITIVE_REACH_PROXY"":true,""G4_FSERIES_ORIGIN_RESOLVED"":true,""G5_NATIVE_BACKEND_AVAILABLE"":true,""G6_FSERIES_SHORT_PAIR_PRESENT"":true,""G7_REPRESENTATION_AGREEMENT"":true,""G8_DYNAMIC_TRAJECTORY_PRESENT"":false,""G9_PHASE_FIELD_PRESENT"":false,""G10_CONVERGENCE_CERTIFIED"":false}",,,,,,,,,,
sst21d.master-row.v0.2,FRESNEL_FOURIER_SERIES_ARCHIVE,8_15/knot.8_15d,8_15d,8_15,8_15d,1,short,600,True,True,8_15/knot.8_15d.fseries,8_15/knot.8_15d.short,1b6b05b5c16fa4b74f8387ea8369fdd71fc91ae5789098d5da747f24e4210083,f0a9d6a7a82b18dabb37148b546f4c1449891fa2b7112e0dca336a381dc57697,11,282,6,3,True,6,0.000000 0.000000 0.000000 0.000000 0.000000 0.000000,-0.096737 0.522513 0.096568,"[""0.000000""]","[""0.000000""]",0,PAIRED_SHORT_PROCRUSTES,RESOLVED,0.06837968328106736,1.1864227741596374,17.350515785265834,44.89237456985112,0.0008356682478126125,1.0031528967411258,0.5446467089092837,2.0939987649266043,0.8812858446712211,0.46922360238084854,2.3139927428070775,0.47755520048506356,0.9988282702431361,0.47755520048506356,47.002288451945375,94.00457690389075,8.446223885750074,16.862076790285375,2.766643550618194,True,,6.0381105680977125,44.89237456985112,0.13450191989070667,0.13444316916491672,0.06821878265147523,PASS,1.0,,,,DIRECTORY_FILENAME_LABEL_ONLY_NOT_RECOMPUTED,SHORT_STATIC_GEOMETRY_SAMPLED,NOT_MEASURED_REQUIRES_TRAJECTORY,RESEARCH_TRACK_DIAGNOSTIC_ONLY,"{""G0_PARSE"":true,""G1_FINITE"":true,""G2_EDGE_UNIFORMITY"":true,""G3_POSITIVE_REACH_PROXY"":true,""G4_FSERIES_ORIGIN_RESOLVED"":true,""G5_NATIVE_BACKEND_AVAILABLE"":true,""G6_FSERIES_SHORT_PAIR_PRESENT"":true,""G7_REPRESENTATION_AGREEMENT"":true,""G8_DYNAMIC_TRAJECTORY_PRESENT"":false,""G9_PHASE_FIELD_PRESENT"":false,""G10_CONVERGENCE_CERTIFIED"":false}",,,,,,,,,,
sst21d.master-row.v0.2,FRESNEL_FOURIER_SERIES_ARCHIVE,8_15/knot.8_15p,8_15p,8_15,8_15p,1,short,600,True,True,8_15/knot.8_15p.fseries,8_15/knot.8_15p.short,73efb0d1fb17804a49d5fbbfdc1feeec8cec293ba66e273d6f3c18b65094a328,5975152558198463b7d57549bfba62f44d9caf0cf2e4d7964cd02e82b608e8fb,21,233,6,3,True,6,0.000000 0.000000 0.000000 0.000000 0.000000 0.000000,-0.438839 -2.863700 1.435939,"[""0.000000""]",[],0,PAIRED_SHORT_PROCRUSTES,RESOLVED,0.024242988441664982,0.8724543393554596,35.987903944054366,55.13894093287373,0.0015164641748994544,1.010461217023235,0.31246603370880205,2.64117418212602,0.8862786638067021,0.5528498569638903,2.7438351718432217,0.3786194817318135,0.9940461893676333,0.3786194817318135,72.81577361083885,145.6315472216777,7.70076689794491,15.298032639645728,1.9090088467612514,True,,6.261769755298465,55.13894093287373,0.11356347527460778,0.11346524816638966,0.024707285739660276,PASS,1.0,,,,DIRECTORY_FILENAME_LABEL_ONLY_NOT_RECOMPUTED,SHORT_STATIC_GEOMETRY_SAMPLED,NOT_MEASURED_REQUIRES_TRAJECTORY,RESEARCH_TRACK_DIAGNOSTIC_ONLY,"{""G0_PARSE"":true,""G1_FINITE"":true,""G2_EDGE_UNIFORMITY"":true,""G3_POSITIVE_REACH_PROXY"":true,""G4_FSERIES_ORIGIN_RESOLVED"":true,""G5_NATIVE_BACKEND_AVAILABLE"":true,""G6_FSERIES_SHORT_PAIR_PRESENT"":true,""G7_REPRESENTATION_AGREEMENT"":true,""G8_DYNAMIC_TRAJECTORY_PRESENT"":false,""G9_PHASE_FIELD_PRESENT"":false,""G10_CONVERGENCE_CERTIFIED"":false}",,,,,,,,,,
sst21d.master-row.v0.2,FRESNEL_FOURIER_SERIES_ARCHIVE,8_16/knot.8_16,8_16,8_16,8_16,1,short,600,True,True,8_16/knot.8_16.fseries,8_16/knot.8_16.short,99e5c20b77d6f00218c479f7c1bb3fe4e3c32f6155b3beaf9fd10b06ae27b2e0,d7e8ee28c8b64d4d2ef2fc56e6e8c8cad91b0cbeed7b949cd236d0de35ed57b3,11,268,6,3,True,6,0.000000 0.000000 0.000000 0.000000 0.000000 0.000000,0.117777 -0.903789 -0.044593,"[""0.000000""]","[""0.000000""]",0,PAIRED_SHORT_PROCRUSTES,RESOLVED,0.033970514216762414,1.1630387320127038,34.23671259703257,47.84981164466742,0.0006189261470782339,1.0030641834008063,0.25643697672498916,1.8827796944265003,0.7186126979355971,1.024675181697355,22.49164411724512,0.5311295861965426,0.9965068718458426,0.4982534359229213,48.01754307628064,96.03508615256128,2.17627923586633,13.884306804923249,1.1071058563622467,True,,5.747993631554253,47.84981164466742,0.12012573161706129,0.12009415010624408,0.033933473325772734,PASS,1.0,,,,DIRECTORY_FILENAME_LABEL_ONLY_NOT_RECOMPUTED,SHORT_STATIC_GEOMETRY_SAMPLED,NOT_MEASURED_REQUIRES_TRAJECTORY,RESEARCH_TRACK_DIAGNOSTIC_ONLY,"{""G0_PARSE"":true,""G1_FINITE"":true,""G2_EDGE_UNIFORMITY"":true,""G3_POSITIVE_REACH_PROXY"":true,""G4_FSERIES_ORIGIN_RESOLVED"":true,""G5_NATIVE_BACKEND_AVAILABLE"":true,""G6_FSERIES_SHORT_PAIR_PRESENT"":true,""G7_REPRESENTATION_AGREEMENT"":true,""G8_DYNAMIC_TRAJECTORY_PRESENT"":false,""G9_PHASE_FIELD_PRESENT"":false,""G10_CONVERGENCE_CERTIFIED"":false}",,,,,,,,,,
sst21d.master-row.v0.2,FRESNEL_FOURIER_SERIES_ARCHIVE,8_17/knot.8_17,8_17,8_17,8_17,1,short,600,True,True,8_17/knot.8_17.fseries,8_17/knot.8_17.short,b685e784137498050897ff33e3dd6056e194367534f411a282bc267e35793f04,c904e4ef2e81d6b6642197beb4507c290ee399a89bb6acb0fe2b953d23d9db58,50,199,6,3,False,0,-0.586343 -0.036442 0.150211 0.109672 0.046311 -0.062536,-0.646253 -1.938277 -0.769706,[],[],1,PAIRED_SHORT_PROCRUSTES,RESOLVED,1.1054288665090208,0.008581911877575944,128.80916074161107,50.913993260769246,0.001092581219153234,1.0073448161317058,0.3651054613203553,2.48613556056856,0.7694121612021464,0.2523650768547642,2.8476122136759905,0.4022306811666005,0.9929949958027343,0.4022306811666005,63.28954458807321,126.57908917614643,-0.36637005939337614,15.0623764562929,2.317190920173133,True,,50.985896951930606,50.913993260769246,1.0014122579384628,1.0007834754777412,0.01024431454117865,PASS,1.0,,,,DIRECTORY_FILENAME_LABEL_ONLY_NOT_RECOMPUTED,SHORT_STATIC_GEOMETRY_SAMPLED,NOT_MEASURED_REQUIRES_TRAJECTORY,RESEARCH_TRACK_DIAGNOSTIC_ONLY,"{""G0_PARSE"":true,""G1_FINITE"":true,""G2_EDGE_UNIFORMITY"":true,""G3_POSITIVE_REACH_PROXY"":true,""G4_FSERIES_ORIGIN_RESOLVED"":true,""G5_NATIVE_BACKEND_AVAILABLE"":true,""G6_FSERIES_SHORT_PAIR_PRESENT"":true,""G7_REPRESENTATION_AGREEMENT"":true,""G8_DYNAMIC_TRAJECTORY_PRESENT"":false,""G9_PHASE_FIELD_PRESENT"":false,""G10_CONVERGENCE_CERTIFIED"":false}",,,,,,,,,,
sst21d.master-row.v0.2,FRESNEL_FOURIER_SERIES_ARCHIVE,8_18/knot.8_18,8_18,8_18,8_18,1,short,600,True,True,8_18/knot.8_18.fseries,8_18/knot.8_18.short,a7df4c49d95b9ba2af96b0859beb70669a55252b8e30804ba64048ca013c0ba2,509e52689b59e64d49e34e8fc41b294c640394ee8a7c6f006d03171b6b3ac6c2,11,273,6,3,True,6,0.000000 0.000000 0.000000 0.000000 0.000000 0.000000,1.016044 0.128403 0.098334,"[""0.000000""]","[""0.000000""]",0,PAIRED_SHORT_PROCRUSTES,RESOLVED,0.04881244684330794,1.3398359485940023,27.448653678333077,49.061292809707375,0.0008792735632200698,1.0041347834390784,0.3736309277068668,2.0877302854422184,0.8038467371105886,1.062898432783291,21.98654321664466,0.4789890758269966,0.9929308053170515,0.4789890758269966,51.213373420887315,102.42674684177463,0.42374701763402217,15.897329421449921,2.6717533680867462,True,,5.3079815075636585,49.061292809707375,0.1081908201675723,0.10814822496585112,0.048807582952673845,PASS,1.0,,,,DIRECTORY_FILENAME_LABEL_ONLY_NOT_RECOMPUTED,SHORT_STATIC_GEOMETRY_SAMPLED,NOT_MEASURED_REQUIRES_TRAJECTORY,RESEARCH_TRACK_DIAGNOSTIC_ONLY,"{""G0_PARSE"":true,""G1_FINITE"":true,""G2_EDGE_UNIFORMITY"":true,""G3_POSITIVE_REACH_PROXY"":true,""G4_FSERIES_ORIGIN_RESOLVED"":true,""G5_NATIVE_BACKEND_AVAILABLE"":true,""G6_FSERIES_SHORT_PAIR_PRESENT"":true,""G7_REPRESENTATION_AGREEMENT"":true,""G8_DYNAMIC_TRAJECTORY_PRESENT"":false,""G9_PHASE_FIELD_PRESENT"":false,""G10_CONVERGENCE_CERTIFIED"":false}",,,,,,,,,,
sst21d.master-row.v0.2,FRESNEL_FOURIER_SERIES_ARCHIVE,8_18/knot.8_18z,8_18z,8_18,8_18z,1,short,600,True,True,8_18/knot.8_18z.fseries,8_18/knot.8_18z.short,6d718220446ce66e20090a5c88c9ae76e79bb0ebab6906ee6588749c776e8127,61c16b93d20b95487f4b185c6fa43e44d2ca025967bd66a909b83e97dc3678c7,20,221,6,3,True,6,0.000000 0.000000 0.000000 0.000000 0.000000 0.000000,1.130899 0.342388 1.025086,"[""0.000000""]",[],1,PAIRED_SHORT_PROCRUSTES,RESOLVED,1.1677029931659093,0.030758973435027634,37.963002752106,41.611909888511825,0.001605810833668994,1.0062690474614433,0.7024928636727621,2.9682836707019695,1.2733532010953488,2.2083033061515,11.822243428577636,0.3368950245120979,0.9918682958124211,0.3368950245120979,61.757976314395734,123.51595262879147,0.0004624424968966308,15.851516368687646,0.004061661984474058,True,,5.137127545882256,41.611909888511825,0.1234532988186757,0.12331792547466834,0.030544489145084498,PASS,1.0,,,,DIRECTORY_FILENAME_LABEL_ONLY_NOT_RECOMPUTED,SHORT_STATIC_GEOMETRY_SAMPLED,NOT_MEASURED_REQUIRES_TRAJECTORY,RESEARCH_TRACK_DIAGNOSTIC_ONLY,"{""G0_PARSE"":true,""G1_FINITE"":true,""G2_EDGE_UNIFORMITY"":true,""G3_POSITIVE_REACH_PROXY"":true,""G4_FSERIES_ORIGIN_RESOLVED"":true,""G5_NATIVE_BACKEND_AVAILABLE"":true,""G6_FSERIES_SHORT_PAIR_PRESENT"":true,""G7_REPRESENTATION_AGREEMENT"":true,""G8_DYNAMIC_TRAJECTORY_PRESENT"":false,""G9_PHASE_FIELD_PRESENT"":false,""G10_CONVERGENCE_CERTIFIED"":false}",,,,,,,,,,
sst21d.master-row.v0.2,FRESNEL_FOURIER_SERIES_ARCHIVE,8_19/knot.8_19t,8_19t,8_19,8_19t,1,short,600,True,True,8_19/knot.8_19t.fseries,8_19/knot.8_19t.short,2ec75cd3d4438acd599b18bee86443dfb70fd72d7abdbc578da4148012bc6fb8,5c8c2f5b5006588e3f9e99ea7116aedcf96ccc79c73782a4f24c65f15a0ab08e,7,146,6,3,False,4,0.000000 0.194242 0.194242 0.000000 0.000000 0.000000,-1.451550 0.041077 0.671301,"[""0.000000""]",[],1,PAIRED_SHORT_PROCRUSTES,RESOLVED,1.2684460623188138,0.02040017045568786,62.178209004383724,32.31253469220245,0.024430833849400535,2.48743838715599,0.41633312025812624,7.065607410416874,1.2190961024716114,0.14610919092520772,3.578929644976453,0.14153064866379259,0.9927123686502597,0.14153064866379259,114.15384228528897,228.30768457057795,8.425901323631,10.77712252237109,2.671637085462517,True,,22.26783058359963,32.31253469220245,0.6891390847457481,0.6901376386499799,0.01371548407558901,PASS,1.0,,,,DIRECTORY_FILENAME_LABEL_ONLY_NOT_RECOMPUTED,SHORT_STATIC_GEOMETRY_SAMPLED,NOT_MEASURED_REQUIRES_TRAJECTORY,RESEARCH_TRACK_DIAGNOSTIC_ONLY,"{""G0_PARSE"":true,""G1_FINITE"":true,""G2_EDGE_UNIFORMITY"":false,""G3_POSITIVE_REACH_PROXY"":true,""G4_FSERIES_ORIGIN_RESOLVED"":true,""G5_NATIVE_BACKEND_AVAILABLE"":true,""G6_FSERIES_SHORT_PAIR_PRESENT"":true,""G7_REPRESENTATION_AGREEMENT"":true,""G8_DYNAMIC_TRAJECTORY_PRESENT"":false,""G9_PHASE_FIELD_PRESENT"":false,""G10_CONVERGENCE_CERTIFIED"":false}",,,,,,,,,,
sst21d.master-row.v0.2,FRESNEL_FOURIER_SERIES_ARCHIVE,8_19/knot.8_19u,8_19u,8_19,8_19u,1,short,600,True,True,8_19/knot.8_19u.fseries,8_19/knot.8_19u.short,f145ae0521f4fdef6c704608f4c4b1d90b96a83dbae19cea29250ee0990ae1cc,787f010502c0e7c826bf6d806296d59fcfcd3e59143979aee358192739181750,7,189,6,3,False,4,0.000000 -0.200133 0.200133 0.000000 0.000000 0.000000,1.417758 0.033820 -0.869920,"[""0.000000""]",[],1,PAIRED_SHORT_PROCRUSTES,RESOLVED,1.2184872559838231,0.0155012323379717,78.60583142148164,39.4023990582946,0.02581460708746152,2.7172569634405077,0.5206433149792364,3.7911726061651736,0.9572375227365841,0.1729671108054623,1.750172914656291,0.26377063349049534,0.992542421477374,0.26377063349049534,74.69064796349745,149.3812959269949,8.928176575894026,12.336848124033938,0.45850094546849157,True,,21.774528299748752,39.4023990582946,0.5526193536473256,0.5532869153426339,0.007846751130379385,PASS,1.0,,,,DIRECTORY_FILENAME_LABEL_ONLY_NOT_RECOMPUTED,SHORT_STATIC_GEOMETRY_SAMPLED,NOT_MEASURED_REQUIRES_TRAJECTORY,RESEARCH_TRACK_DIAGNOSTIC_ONLY,"{""G0_PARSE"":true,""G1_FINITE"":true,""G2_EDGE_UNIFORMITY"":false,""G3_POSITIVE_REACH_PROXY"":true,""G4_FSERIES_ORIGIN_RESOLVED"":true,""G5_NATIVE_BACKEND_AVAILABLE"":true,""G6_FSERIES_SHORT_PAIR_PRESENT"":true,""G7_REPRESENTATION_AGREEMENT"":true,""G8_DYNAMIC_TRAJECTORY_PRESENT"":false,""G9_PHASE_FIELD_PRESENT"":false,""G10_CONVERGENCE_CERTIFIED"":false}",,,,,,,,,,
sst21d.master-row.v0.2,FRESNEL_FOURIER_SERIES_ARCHIVE,8_2/knot.8_2,8_2,8_2,8_2,1,short,600,True,True,8_2/knot.8_2.fseries,8_2/knot.8_2.short,12a90b6a12b6f81f2c308b88ce66b503b671862fb2e82bcd2249d3695390000c,a64f2c57949e95daa3bf2bc3907a5443f0d76fba3e072efdd259d929c50f1bf9,10,206,6,3,False,3,0.000000 -0.006545 0.006969 0.000000 0.000000 0.002139,0.036723 -1.843113 0.037724,"[""0.000000""]",[],1,PAIRED_SHORT_PROCRUSTES,RESOLVED,1.1330344930895606,0.02068540949521262,54.77457399873023,41.779562115653086,0.001336230995720457,1.006427790708177,0.2745662209477312,2.827133536221567,1.1236836145047056,0.5151297043978444,5.220309080376381,0.35371516314595064,0.8768943011010235,0.35371516314595064,59.05820059290747,118.11640118581494,5.456544881138753,13.22144950139082,2.890749549408202,True,,5.559129329333858,41.779562115653086,0.13305858290101802,0.13290731636611508,0.020624817138998313,PASS,1.0,,,,DIRECTORY_FILENAME_LABEL_ONLY_NOT_RECOMPUTED,SHORT_STATIC_GEOMETRY_SAMPLED,NOT_MEASURED_REQUIRES_TRAJECTORY,RESEARCH_TRACK_DIAGNOSTIC_ONLY,"{""G0_PARSE"":true,""G1_FINITE"":true,""G2_EDGE_UNIFORMITY"":true,""G3_POSITIVE_REACH_PROXY"":true,""G4_FSERIES_ORIGIN_RESOLVED"":true,""G5_NATIVE_BACKEND_AVAILABLE"":true,""G6_FSERIES_SHORT_PAIR_PRESENT"":true,""G7_REPRESENTATION_AGREEMENT"":true,""G8_DYNAMIC_TRAJECTORY_PRESENT"":false,""G9_PHASE_FIELD_PRESENT"":false,""G10_CONVERGENCE_CERTIFIED"":false}",,,,,,,,,,
sst21d.master-row.v0.2,FRESNEL_FOURIER_SERIES_ARCHIVE,8_2/knot.8_2d,8_2d,8_2,8_2d,1,short,600,True,True,8_2/knot.8_2d.fseries,8_2/knot.8_2d.short,e9603a7a89a752c45e6f1799706413a7698bd4ca9b424786a01a62b6dbc2ee68,6394a8fbf21d210e38179b10b680cf50b241aff5b42db39c9c8b0669af1de91c,21,319,6,3,True,6,0.000000 0.000000 0.000000 0.000000 0.000000 0.000000,0.065701 -2.749259 -0.138128,"[""0.000000""]","[""0.000000""]",0,PAIRED_SHORT_PROCRUSTES,RESOLVED,0.04879634606501694,0.9796555166521285,20.076411363810347,57.72418599709003,0.0010425585668165749,1.003847627259782,0.6720307194473973,1.7593209290446092,0.8068858333714756,0.5458888949270353,1.6793010092759766,0.5684011276686427,0.9930486809755077,0.49652434048775385,58.128254035225616,116.25650807045123,6.557157584434186,23.044506226116255,2.7502295833653934,True,,6.180984441342712,57.72418599709003,0.10707789697812811,0.10701847807972499,0.04844809053659757,PASS,1.0,,,,DIRECTORY_FILENAME_LABEL_ONLY_NOT_RECOMPUTED,SHORT_STATIC_GEOMETRY_SAMPLED,NOT_MEASURED_REQUIRES_TRAJECTORY,RESEARCH_TRACK_DIAGNOSTIC_ONLY,"{""G0_PARSE"":true,""G1_FINITE"":true,""G2_EDGE_UNIFORMITY"":true,""G3_POSITIVE_REACH_PROXY"":true,""G4_FSERIES_ORIGIN_RESOLVED"":true,""G5_NATIVE_BACKEND_AVAILABLE"":true,""G6_FSERIES_SHORT_PAIR_PRESENT"":true,""G7_REPRESENTATION_AGREEMENT"":true,""G8_DYNAMIC_TRAJECTORY_PRESENT"":false,""G9_PHASE_FIELD_PRESENT"":false,""G10_CONVERGENCE_CERTIFIED"":false}",,,,,,,,,,
sst21d.master-row.v0.2,FRESNEL_FOURIER_SERIES_ARCHIVE,8_20/knot.8_20r,8_20r,8_20,8_20r,1,short,600,True,True,8_20/knot.8_20r.fseries,8_20/knot.8_20r.short,fcf039afb4be17f23c30a71299e66406655144b4d68b77c273a3c4f00c36e285,821339a20e38cb29e694b8e8ad54e8f740a8b013468e4bb47a725ecb0b3ac7ce,21,190,6,3,True,6,0.000000 0.000000 0.000000 0.000000 0.000000 0.000000,0.068384 3.018453 -0.078662,"[""0.000000""]","[""0.000000""]",0,PAIRED_SHORT_PROCRUSTES,RESOLVED,0.054050543717915005,0.92297170794404,17.076085538768076,39.24938044631078,0.0015295542485816967,1.0131590647593072,0.47207228429283987,4.1542973797760085,1.1609376407310585,1.060564585893115,14.901129020693638,0.24071459228417538,0.9926377481790789,0.24071459228417538,81.52679917297029,163.05359834594057,1.7863270903257449,13.443772006172498,1.3644493526638493,True,,5.565544228169681,39.24938044631078,0.14179954345477602,0.1417037041578201,0.05393842460246641,PASS,1.0,,,,DIRECTORY_FILENAME_LABEL_ONLY_NOT_RECOMPUTED,SHORT_STATIC_GEOMETRY_SAMPLED,NOT_MEASURED_REQUIRES_TRAJECTORY,RESEARCH_TRACK_DIAGNOSTIC_ONLY,"{""G0_PARSE"":true,""G1_FINITE"":true,""G2_EDGE_UNIFORMITY"":true,""G3_POSITIVE_REACH_PROXY"":true,""G4_FSERIES_ORIGIN_RESOLVED"":true,""G5_NATIVE_BACKEND_AVAILABLE"":true,""G6_FSERIES_SHORT_PAIR_PRESENT"":true,""G7_REPRESENTATION_AGREEMENT"":true,""G8_DYNAMIC_TRAJECTORY_PRESENT"":false,""G9_PHASE_FIELD_PRESENT"":false,""G10_CONVERGENCE_CERTIFIED"":false}",,,,,,,,,,
sst21d.master-row.v0.2,FRESNEL_FOURIER_SERIES_ARCHIVE,8_21/knot.8_21d,8_21d,8_21,8_21d,1,short,600,True,True,8_21/knot.8_21d.fseries,8_21/knot.8_21d.short,46cd027a5123b618218f8481655ab77b4c15d0420647c1a565896216ec1fd2ad,9d22ed30a3abaa055f7fffc325866e8324dfa0ec706381d4814a7a19f84e11ec,11,262,6,3,True,6,0.000000 0.000000 0.000000 0.000000 0.000000 0.000000,0.167671 1.654546 0.104906,"[""0.000000""]","[""0.000000""]",0,PAIRED_SHORT_PROCRUSTES,RESOLVED,0.07381574768400945,0.971502247047463,13.161178712248113,45.88772107869849,0.000628070409834394,1.0027858106464034,0.6217443014491946,1.8636020192070626,0.7401151644977508,0.3131340219166398,1.2563314349078232,0.5365952546163727,0.9974606670751266,0.4987303335375633,46.00454192670669,92.00908385341339,4.905493217687226,14.379960039683866,0.5950908158161343,True,,5.997838297571306,45.88772107869849,0.1307068243220202,0.13068578822948135,0.07372510595024068,PASS,1.0,,,,DIRECTORY_FILENAME_LABEL_ONLY_NOT_RECOMPUTED,SHORT_STATIC_GEOMETRY_SAMPLED,NOT_MEASURED_REQUIRES_TRAJECTORY,RESEARCH_TRACK_DIAGNOSTIC_ONLY,"{""G0_PARSE"":true,""G1_FINITE"":true,""G2_EDGE_UNIFORMITY"":true,""G3_POSITIVE_REACH_PROXY"":true,""G4_FSERIES_ORIGIN_RESOLVED"":true,""G5_NATIVE_BACKEND_AVAILABLE"":true,""G6_FSERIES_SHORT_PAIR_PRESENT"":true,""G7_REPRESENTATION_AGREEMENT"":true,""G8_DYNAMIC_TRAJECTORY_PRESENT"":false,""G9_PHASE_FIELD_PRESENT"":false,""G10_CONVERGENCE_CERTIFIED"":false}",,,,,,,,,,
sst21d.master-row.v0.2,FRESNEL_FOURIER_SERIES_ARCHIVE,8_21/knot.8_21p,8_21p,8_21,8_21p,1,short,600,True,True,8_21/knot.8_21p.fseries,8_21/knot.8_21p.short,18c39ad082f10cd467c72aaa5a42e1154cecac7eaf82038dcc26a2f4efb64641,34dfa171688cea1229d3b77896243aedf6335f0f30ed4d056d4594490f1a3be3,11,228,6,3,True,6,0.000000 0.000000 0.000000 0.000000 0.000000 0.000000,-0.153366 -1.650476 -0.746526,"[""0.000000""]",[],0,PAIRED_SHORT_PROCRUSTES,RESOLVED,0.041072321257368045,1.1185922776575494,27.23469829348598,50.77287375758462,0.0009809905479620487,1.005172275817922,0.2692684782166902,2.4959753674516856,0.8220627051173554,0.35860812035549916,3.599644968721259,0.400644979529974,0.9921444070952354,0.400644979529974,63.36392111683266,126.72784223366531,4.409981876002992,12.883483148400082,2.5656001983676657,True,,5.5314561556882005,50.77287375758462,0.10894510683200975,0.10889362399384732,0.042376910390491976,PASS,1.0,,,,DIRECTORY_FILENAME_LABEL_ONLY_NOT_RECOMPUTED,SHORT_STATIC_GEOMETRY_SAMPLED,NOT_MEASURED_REQUIRES_TRAJECTORY,RESEARCH_TRACK_DIAGNOSTIC_ONLY,"{""G0_PARSE"":true,""G1_FINITE"":true,""G2_EDGE_UNIFORMITY"":true,""G3_POSITIVE_REACH_PROXY"":true,""G4_FSERIES_ORIGIN_RESOLVED"":true,""G5_NATIVE_BACKEND_AVAILABLE"":true,""G6_FSERIES_SHORT_PAIR_PRESENT"":true,""G7_REPRESENTATION_AGREEMENT"":true,""G8_DYNAMIC_TRAJECTORY_PRESENT"":false,""G9_PHASE_FIELD_PRESENT"":false,""G10_CONVERGENCE_CERTIFIED"":false}",,,,,,,,,,
sst21d.master-row.v0.2,FRESNEL_FOURIER_SERIES_ARCHIVE,8_21/knot.8_21r,8_21r,8_21,8_21r,1,short,600,True,True,8_21/knot.8_21r.fseries,8_21/knot.8_21r.short,71b47a4d1ae0b5665a5f4de39ca46850c15561136c575dc97ba2d8a4aac6aaa5,d31ac28cd3948d6a65603276108a35a4daffde910aab70770682c962d9417ef6,11,162,6,3,True,6,0.000000 0.000000 0.000000 0.000000 0.000000 0.000000,-0.083028 2.206358 -0.086773,"[""0.000000""]",[],0,PAIRED_SHORT_PROCRUSTES,RESOLVED,0.041541225961294115,1.0956194288675132,26.374268055746658,39.585231029712844,0.0010676057522899145,1.0056186602006887,0.42095612792657194,3.0682847871067103,0.929022857884618,0.23201049155518064,4.247238713038796,0.32591498813999153,0.9954928085122969,0.32591498813999153,60.72938108128621,121.45876216257243,4.58299664213292,11.035072909353019,2.6237088762085112,True,,5.864559272434697,39.585231029712844,0.14815018429557059,0.14812782779308842,0.04163579841148956,PASS,1.0,,,,DIRECTORY_FILENAME_LABEL_ONLY_NOT_RECOMPUTED,SHORT_STATIC_GEOMETRY_SAMPLED,NOT_MEASURED_REQUIRES_TRAJECTORY,RESEARCH_TRACK_DIAGNOSTIC_ONLY,"{""G0_PARSE"":true,""G1_FINITE"":true,""G2_EDGE_UNIFORMITY"":true,""G3_POSITIVE_REACH_PROXY"":true,""G4_FSERIES_ORIGIN_RESOLVED"":true,""G5_NATIVE_BACKEND_AVAILABLE"":true,""G6_FSERIES_SHORT_PAIR_PRESENT"":true,""G7_REPRESENTATION_AGREEMENT"":true,""G8_DYNAMIC_TRAJECTORY_PRESENT"":false,""G9_PHASE_FIELD_PRESENT"":false,""G10_CONVERGENCE_CERTIFIED"":false}",,,,,,,,,,
sst21d.master-row.v0.2,FRESNEL_FOURIER_SERIES_ARCHIVE,8_3/knot.8_3,8_3,8_3,8_3,1,short,600,True,True,8_3/knot.8_3.fseries,8_3/knot.8_3.short,c764fd76af4796e150803f2dd742f08959ffd43a81b9edfbbc630f2842f0b807,1443b721e62da05778c60583fbc81991fe69d1376969e270fba5757f8e8c4825,10,221,6,3,False,3,0.000000 0.151147 0.045288 0.000000 0.000000 -0.034617,-0.054468 2.189304 0.021755,"[""0.000000""]","[""0.000000""]",1,PAIRED_SHORT_PROCRUSTES,RESOLVED,0.8647216980803502,0.021061940090012773,41.05612751649536,49.97461303630883,0.00165257919803541,1.0082345456653432,0.24254319617752998,3.2160573323924546,1.040659442097502,0.8799084540342043,10.662653030844936,0.3109397304357416,0.7239322002645582,0.3109397304357416,80.36061034444829,160.72122068889658,1.1100114145170639,13.916082042744106,0.835728053772298,True,,4.5988003886185425,49.97461303630883,0.09202273132715014,0.0919204206602521,0.02039299283499627,PASS,1.0,,,,DIRECTORY_FILENAME_LABEL_ONLY_NOT_RECOMPUTED,SHORT_STATIC_GEOMETRY_SAMPLED,NOT_MEASURED_REQUIRES_TRAJECTORY,RESEARCH_TRACK_DIAGNOSTIC_ONLY,"{""G0_PARSE"":true,""G1_FINITE"":true,""G2_EDGE_UNIFORMITY"":true,""G3_POSITIVE_REACH_PROXY"":true,""G4_FSERIES_ORIGIN_RESOLVED"":true,""G5_NATIVE_BACKEND_AVAILABLE"":true,""G6_FSERIES_SHORT_PAIR_PRESENT"":true,""G7_REPRESENTATION_AGREEMENT"":true,""G8_DYNAMIC_TRAJECTORY_PRESENT"":false,""G9_PHASE_FIELD_PRESENT"":false,""G10_CONVERGENCE_CERTIFIED"":false}",,,,,,,,,,
sst21d.master-row.v0.2,FRESNEL_FOURIER_SERIES_ARCHIVE,8_3/knot.8_3d,8_3d,8_3,8_3d,1,short,600,True,True,8_3/knot.8_3d.fseries,8_3/knot.8_3d.short,f89f6b130f918436e170d7d7a168e4cbc31efc448ce15f257d8bce67da02149c,6e47fbe9b6f5ed77a50da91d8bc563cb8a75f039e17ad84516b0d8abde414fce,21,320,6,3,True,6,0.000000 0.000000 0.000000 0.000000 0.000000 0.000000,0.095752 -0.541348 -0.144489,"[""0.000000""]","[""0.000000""]",0,PAIRED_SHORT_PROCRUSTES,RESOLVED,0.06942834635125794,1.3218005885718074,19.0383418018404,57.57809916123966,0.0012725023762386715,1.0058061626344459,0.2655610655040778,2.0328556403239735,0.9189232211803983,0.6478201331883503,2.7614186797785476,0.49191884566905664,0.9966679204771379,0.49191884566905664,58.523981819529546,117.04796363905909,-0.5178346561451518,21.1188613760766,3.1083187694721905,True,,6.126109755570212,57.57809916123966,0.10639652654067082,0.10629056091820616,0.06927414831809482,PASS,1.0,,,,DIRECTORY_FILENAME_LABEL_ONLY_NOT_RECOMPUTED,SHORT_STATIC_GEOMETRY_SAMPLED,NOT_MEASURED_REQUIRES_TRAJECTORY,RESEARCH_TRACK_DIAGNOSTIC_ONLY,"{""G0_PARSE"":true,""G1_FINITE"":true,""G2_EDGE_UNIFORMITY"":true,""G3_POSITIVE_REACH_PROXY"":true,""G4_FSERIES_ORIGIN_RESOLVED"":true,""G5_NATIVE_BACKEND_AVAILABLE"":true,""G6_FSERIES_SHORT_PAIR_PRESENT"":true,""G7_REPRESENTATION_AGREEMENT"":true,""G8_DYNAMIC_TRAJECTORY_PRESENT"":false,""G9_PHASE_FIELD_PRESENT"":false,""G10_CONVERGENCE_CERTIFIED"":false}",,,,,,,,,,
sst21d.master-row.v0.2,FRESNEL_FOURIER_SERIES_ARCHIVE,8_3/knot.8_3i8,8_3i8,8_3,8_3i8,1,short,600,False,True,,8_3/knot.8_3i8.short,,3e696fe2799c310941dd88a28d2eb86bcd2fe7a7cdbc3e51bbfb0bed5e8b0fe9,,254,,3,,,,0.010187 -0.003942 2.353196,,[],,,,,,,52.601177587187465,0.0029564143449412835,1.0162574756997393,0.7197464527302686,4.001737130841117,1.3520169974515663,1.9682575440570553,10.458193428184291,0.2498914764523306,0.9928502713996883,0.2498914764523306,105.24804273830782,210.49608547661563,-2.0836208109203485e-06,16.38388940180626,8.688355866657664e-05,True,,,52.601177587187465,,,,,1.0,,,,DIRECTORY_FILENAME_LABEL_ONLY_NOT_RECOMPUTED,SHORT_STATIC_GEOMETRY_SAMPLED,NOT_MEASURED_REQUIRES_TRAJECTORY,RESEARCH_TRACK_DIAGNOSTIC_ONLY,"{""G0_PARSE"":true,""G1_FINITE"":true,""G2_EDGE_UNIFORMITY"":true,""G3_POSITIVE_REACH_PROXY"":true,""G4_FSERIES_ORIGIN_RESOLVED"":null,""G5_NATIVE_BACKEND_AVAILABLE"":true,""G6_FSERIES_SHORT_PAIR_PRESENT"":false,""G7_REPRESENTATION_AGREEMENT"":null,""G8_DYNAMIC_TRAJECTORY_PRESENT"":false,""G9_PHASE_FIELD_PRESENT"":false,""G10_CONVERGENCE_CERTIFIED"":false}",,,,,,,,,,
sst21d.master-row.v0.2,FRESNEL_FOURIER_SERIES_ARCHIVE,8_3/knot.8_3z,8_3z,8_3,8_3z,1,short,600,True,True,8_3/knot.8_3z.fseries,8_3/knot.8_3z.short,9f8d6a783737ab2469e206c744bb2e2c3c050829f7bc98350ff7f839cc0f4aec,6800a369da6a12ba0c16b39fd2eb8b5e592db6ddb182c50750adf94d5b006001,10,308,6,3,False,2,0.039704 -0.022654 -0.022654 -0.039704 0.000000 0.000000,0.306017 -1.623537 0.899405,"[""0.000000""]",[],1,PAIRED_SHORT_PROCRUSTES,RESOLVED,1.086137672947689,0.07689437478084153,14.125060201650843,47.81419413167768,0.0008529303794290591,1.0036335868892292,0.9411103405737979,2.095781229981279,0.8552665246357523,0.5037551062198858,1.6096122145353633,0.47714903907643674,0.9981046685111157,0.47714903907643674,50.10404529392555,100.2080905878511,-6.173017961410009e-08,19.922073309383244,3.5094987878051146e-07,True,,5.850678893247508,47.81419413167768,0.1223628045917716,0.12231853518970111,0.07773026383529638,PASS,1.0,,,,DIRECTORY_FILENAME_LABEL_ONLY_NOT_RECOMPUTED,SHORT_STATIC_GEOMETRY_SAMPLED,NOT_MEASURED_REQUIRES_TRAJECTORY,RESEARCH_TRACK_DIAGNOSTIC_ONLY,"{""G0_PARSE"":true,""G1_FINITE"":true,""G2_EDGE_UNIFORMITY"":true,""G3_POSITIVE_REACH_PROXY"":true,""G4_FSERIES_ORIGIN_RESOLVED"":true,""G5_NATIVE_BACKEND_AVAILABLE"":true,""G6_FSERIES_SHORT_PAIR_PRESENT"":true,""G7_REPRESENTATION_AGREEMENT"":true,""G8_DYNAMIC_TRAJECTORY_PRESENT"":false,""G9_PHASE_FIELD_PRESENT"":false,""G10_CONVERGENCE_CERTIFIED"":false}",,,,,,,,,,
sst21d.master-row.v0.2,FRESNEL_FOURIER_SERIES_ARCHIVE,8_4/knot.8_4,8_4,8_4,8_4,1,short,600,True,True,8_4/knot.8_4.fseries,8_4/knot.8_4.short,2cccf0b4be226a94891acd488ab8fcdd83b49b359807bfcda6e08faeb244de23,db324244e50c39e7712123d70e5078d8eba7152b16e7044a0c238f60b7bfa6fa,11,264,6,3,True,6,0.000000 0.000000 0.000000 0.000000 0.000000 0.000000,-0.082568 3.115948 0.122051,"[""0.000000""]","[""0.000000""]",0,PAIRED_SHORT_PROCRUSTES,RESOLVED,0.060252518927751866,0.9816968409080418,16.2930423221838,45.505606625328724,0.0011186754072840214,1.0064116550294622,0.2846742982012287,2.886323942055539,0.9606810790948862,0.39382553983064333,2.1710823159369443,0.3464614575756299,0.9935796886337823,0.3464614575756299,65.67196095022373,131.34392190044747,-1.1067014368008445,14.391131818676135,0.6939040885748774,True,,5.373949250309622,45.505606625328724,0.11809422286260536,0.1180180132278073,0.06024157326610145,PASS,1.0,,,,DIRECTORY_FILENAME_LABEL_ONLY_NOT_RECOMPUTED,SHORT_STATIC_GEOMETRY_SAMPLED,NOT_MEASURED_REQUIRES_TRAJECTORY,RESEARCH_TRACK_DIAGNOSTIC_ONLY,"{""G0_PARSE"":true,""G1_FINITE"":true,""G2_EDGE_UNIFORMITY"":true,""G3_POSITIVE_REACH_PROXY"":true,""G4_FSERIES_ORIGIN_RESOLVED"":true,""G5_NATIVE_BACKEND_AVAILABLE"":true,""G6_FSERIES_SHORT_PAIR_PRESENT"":true,""G7_REPRESENTATION_AGREEMENT"":true,""G8_DYNAMIC_TRAJECTORY_PRESENT"":false,""G9_PHASE_FIELD_PRESENT"":false,""G10_CONVERGENCE_CERTIFIED"":false}",,,,,,,,,,
sst21d.master-row.v0.2,FRESNEL_FOURIER_SERIES_ARCHIVE,8_4/knot.8_4d,8_4d,8_4,8_4d,1,short,600,True,True,8_4/knot.8_4d.fseries,8_4/knot.8_4d.short,42cfbf2a35a67bc692e0240e80994a9ea8a48de9cd6f9b2bdb664b6de1b353e9,6f8c0fc4ecf9792771157b3bd67e76f1700f2ba6fa15d35686fa45ed5bac3194,21,328,6,3,True,6,0.000000 0.000000 0.000000 0.000000 0.000000 0.000000,-3.402629 -0.146702 -0.050853,"[""0.000000""]","[""0.000000""]",0,PAIRED_SHORT_PROCRUSTES,RESOLVED,0.061201786461828916,1.1005777580732858,17.98277177349566,58.34415250916334,0.0011646662716296103,1.0046653542614041,0.4070483750093841,1.929320748435466,0.8784995233091062,0.5265761434356263,1.6147506236985028,0.5183171335356885,0.9948626957742408,0.4974313478871204,58.64543193446172,117.29086386892344,-2.097240296360688,22.380303797565595,0.6986657057205999,True,,6.2250860561970365,58.34415250916334,0.10669597189228767,0.10660178756855401,0.06096211829954938,PASS,1.0,,,,DIRECTORY_FILENAME_LABEL_ONLY_NOT_RECOMPUTED,SHORT_STATIC_GEOMETRY_SAMPLED,NOT_MEASURED_REQUIRES_TRAJECTORY,RESEARCH_TRACK_DIAGNOSTIC_ONLY,"{""G0_PARSE"":true,""G1_FINITE"":true,""G2_EDGE_UNIFORMITY"":true,""G3_POSITIVE_REACH_PROXY"":true,""G4_FSERIES_ORIGIN_RESOLVED"":true,""G5_NATIVE_BACKEND_AVAILABLE"":true,""G6_FSERIES_SHORT_PAIR_PRESENT"":true,""G7_REPRESENTATION_AGREEMENT"":true,""G8_DYNAMIC_TRAJECTORY_PRESENT"":false,""G9_PHASE_FIELD_PRESENT"":false,""G10_CONVERGENCE_CERTIFIED"":false}",,,,,,,,,,
sst21d.master-row.v0.2,FRESNEL_FOURIER_SERIES_ARCHIVE,8_5/knot.8_5,8_5,8_5,8_5,1,short,600,True,True,8_5/knot.8_5.fseries,8_5/knot.8_5.short,7bac2d2fd2dde9cc41d94863f853479ed3404ce5c578110b4524d9b3c475b726,d1ed0cdac1fec34ef68e0f26b3f6818aa0cdbeddfecee6f44d2ed90d5fd7c293,50,179,6,3,False,0,-1.581118 0.040661 -0.004411 -0.251532 -0.000815 -0.000738,0.419652 0.020746 -0.028612,"[""-0.000000""]","[""0.000000""]",1,PAIRED_SHORT_PROCRUSTES,RESOLVED,1.3577072397632672,0.012795938192559461,106.10454812549362,37.07159262920225,0.0017339818397564615,1.0079714096587413,0.2574950396694146,4.257618366091889,1.3369154487878234,0.38610963880808974,3.8320931162763117,0.23487309430175868,0.8328943586847484,0.23487309430175868,78.91834681918411,157.83669363836822,5.229779103731461,14.599112877784059,1.4685659495123236,True,,37.17596488216277,37.07159262920225,1.002815424036525,1.0008832126311822,0.013762160520943293,PASS,1.0,,,,DIRECTORY_FILENAME_LABEL_ONLY_NOT_RECOMPUTED,SHORT_STATIC_GEOMETRY_SAMPLED,NOT_MEASURED_REQUIRES_TRAJECTORY,RESEARCH_TRACK_DIAGNOSTIC_ONLY,"{""G0_PARSE"":true,""G1_FINITE"":true,""G2_EDGE_UNIFORMITY"":true,""G3_POSITIVE_REACH_PROXY"":true,""G4_FSERIES_ORIGIN_RESOLVED"":true,""G5_NATIVE_BACKEND_AVAILABLE"":true,""G6_FSERIES_SHORT_PAIR_PRESENT"":true,""G7_REPRESENTATION_AGREEMENT"":true,""G8_DYNAMIC_TRAJECTORY_PRESENT"":false,""G9_PHASE_FIELD_PRESENT"":false,""G10_CONVERGENCE_CERTIFIED"":false}",,,,,,,,,,
sst21d.master-row.v0.2,FRESNEL_FOURIER_SERIES_ARCHIVE,8_6/knot.8_6,8_6,8_6,8_6,1,short,600,True,True,8_6/knot.8_6.fseries,8_6/knot.8_6.short,70be1fde83538969651fd56a8a3d0c16258e5bd599bee01407f832e75183f1e6,85f69271c478d04074e6fd28a48e1a3534940aea6f8ef3892283275942962f85,10,234,6,3,False,3,0.000000 0.013736 -0.079512 0.000000 0.000000 -0.018531,-0.041663 -3.990841 -0.042686,"[""0.000000""]",[],1,PAIRED_SHORT_PROCRUSTES,RESOLVED,1.1087335868604191,0.01846934095751621,60.03103139471868,58.087395498334864,0.001558510415617401,1.0112339463546252,0.23248900135551073,2.7068481829182818,0.8510510297146499,0.44365844329479753,2.976981892192138,0.3694333528974977,0.9927855817263292,0.3694333528974977,78.61688047756166,157.23376095512333,3.8323395849242896,15.44133468566808,1.1174197656922502,True,,6.11603840014509,58.087395498334864,0.10529028453893087,0.105205671836985,0.017582398209489796,PASS,1.0,,,,DIRECTORY_FILENAME_LABEL_ONLY_NOT_RECOMPUTED,SHORT_STATIC_GEOMETRY_SAMPLED,NOT_MEASURED_REQUIRES_TRAJECTORY,RESEARCH_TRACK_DIAGNOSTIC_ONLY,"{""G0_PARSE"":true,""G1_FINITE"":true,""G2_EDGE_UNIFORMITY"":true,""G3_POSITIVE_REACH_PROXY"":true,""G4_FSERIES_ORIGIN_RESOLVED"":true,""G5_NATIVE_BACKEND_AVAILABLE"":true,""G6_FSERIES_SHORT_PAIR_PRESENT"":true,""G7_REPRESENTATION_AGREEMENT"":true,""G8_DYNAMIC_TRAJECTORY_PRESENT"":false,""G9_PHASE_FIELD_PRESENT"":false,""G10_CONVERGENCE_CERTIFIED"":false}",,,,,,,,,,
sst21d.master-row.v0.2,FRESNEL_FOURIER_SERIES_ARCHIVE,8_6/knot.8_6p,8_6p,8_6,8_6p,1,short,600,True,True,8_6/knot.8_6p.fseries,8_6/knot.8_6p.short,628ee9a08b61578b75149334d600e7315abde6d81756263bb0d14209e2505a22,0880af0e8fca5c579c720658b5ca33975fa25922df80872cae42b2b1d2518984,21,287,6,3,True,6,0.000000 0.000000 0.000000 0.000000 0.000000 0.000000,-0.186470 -3.332139 -0.672715,"[""0.000000""]",[],0,PAIRED_SHORT_PROCRUSTES,RESOLVED,0.04443584050479541,1.138491732603815,25.621023922816352,47.85162340808144,0.0008720326820893307,1.004752482091641,0.21766687795243111,2.058218619397234,0.8950555899223616,0.5103326733662951,3.8376917363746386,0.4858570370395629,0.9954293690429432,0.4858570370395629,49.24455113344887,98.48910226689775,4.145953243724733,15.09249608009593,0.9261715838700523,True,,5.313375942723168,47.85162340808144,0.11103857224258386,0.11095407670821883,0.04433252765089206,PASS,1.0,,,,DIRECTORY_FILENAME_LABEL_ONLY_NOT_RECOMPUTED,SHORT_STATIC_GEOMETRY_SAMPLED,NOT_MEASURED_REQUIRES_TRAJECTORY,RESEARCH_TRACK_DIAGNOSTIC_ONLY,"{""G0_PARSE"":true,""G1_FINITE"":true,""G2_EDGE_UNIFORMITY"":true,""G3_POSITIVE_REACH_PROXY"":true,""G4_FSERIES_ORIGIN_RESOLVED"":true,""G5_NATIVE_BACKEND_AVAILABLE"":true,""G6_FSERIES_SHORT_PAIR_PRESENT"":true,""G7_REPRESENTATION_AGREEMENT"":true,""G8_DYNAMIC_TRAJECTORY_PRESENT"":false,""G9_PHASE_FIELD_PRESENT"":false,""G10_CONVERGENCE_CERTIFIED"":false}",,,,,,,,,,
sst21d.master-row.v0.2,FRESNEL_FOURIER_SERIES_ARCHIVE,8_7/knot.8_7d,8_7d,8_7,8_7d,1,short,600,True,True,8_7/knot.8_7d.fseries,8_7/knot.8_7d.short,c92b8576c2de91fc995a1a510d6df66466f5937f818fde976d1b344fc8bb1d2d,ec59cd4bdbe5f4cf368d12bca6f4df00407b6c512617c342a7d6f89a33e9a16b,21,331,6,3,True,6,0.000000 0.000000 0.000000 0.000000 0.000000 0.000000,-2.599347 -0.145711 0.014330,"[""0.000000""]","[""0.000000""]",0,PAIRED_SHORT_PROCRUSTES,RESOLVED,0.05472208313020821,0.7486580272264665,13.681095170391734,69.13621199348685,0.0010470814805861035,1.0038625382718165,0.31572159233943614,1.4945358575536918,0.7268614263624539,0.39602982335609777,1.2751739243961484,0.6691040532388662,0.9961879444141603,0.4980939722070801,69.40077159249762,138.80154318499524,-3.0153559819951687,25.763276916826182,0.12881939733742656,True,,6.22637862267015,69.13621199348685,0.09005958589771625,0.09000672695899423,0.05381264223007479,PASS,1.0,,,,DIRECTORY_FILENAME_LABEL_ONLY_NOT_RECOMPUTED,SHORT_STATIC_GEOMETRY_SAMPLED,NOT_MEASURED_REQUIRES_TRAJECTORY,RESEARCH_TRACK_DIAGNOSTIC_ONLY,"{""G0_PARSE"":true,""G1_FINITE"":true,""G2_EDGE_UNIFORMITY"":true,""G3_POSITIVE_REACH_PROXY"":true,""G4_FSERIES_ORIGIN_RESOLVED"":true,""G5_NATIVE_BACKEND_AVAILABLE"":true,""G6_FSERIES_SHORT_PAIR_PRESENT"":true,""G7_REPRESENTATION_AGREEMENT"":true,""G8_DYNAMIC_TRAJECTORY_PRESENT"":false,""G9_PHASE_FIELD_PRESENT"":false,""G10_CONVERGENCE_CERTIFIED"":false}",,,,,,,,,,
sst21d.master-row.v0.2,FRESNEL_FOURIER_SERIES_ARCHIVE,8_7/knot.8_7s,8_7s,8_7,8_7s,1,short,600,True,True,8_7/knot.8_7s.fseries,8_7/knot.8_7s.short,b86297715b2c98f7791a4a49af5fd249d63082610831e58dd82b496039fd6fa3,09d98f2c5efc16126f5bf853f2c3a67a9bcd62ed89db161ae6cdde2745fb6a7b,10,179,6,3,False,3,0.000000 -0.002205 0.058561 0.000000 0.000000 -0.019860,0.035539 2.757773 -0.022805,"[""0.000000""]","[""0.000000""]",1,PAIRED_SHORT_PROCRUSTES,RESOLVED,1.073057683807365,0.01775555358505976,60.43504521933234,41.23390375202068,0.0014217341612080922,1.0109808624057781,0.33306893375263047,4.210768419813055,1.0897164476633943,0.18802401216215714,2.836427596093329,0.23748634460510104,0.8868156611779096,0.23748634460510104,86.81320987230987,173.62641974461974,-2.349946346782562,13.719943440532111,2.196737604056293,True,,5.614244198629326,41.23390375202068,0.13615601938621197,0.13603658938547986,0.017729604547245856,PASS,1.0,,,,DIRECTORY_FILENAME_LABEL_ONLY_NOT_RECOMPUTED,SHORT_STATIC_GEOMETRY_SAMPLED,NOT_MEASURED_REQUIRES_TRAJECTORY,RESEARCH_TRACK_DIAGNOSTIC_ONLY,"{""G0_PARSE"":true,""G1_FINITE"":true,""G2_EDGE_UNIFORMITY"":true,""G3_POSITIVE_REACH_PROXY"":true,""G4_FSERIES_ORIGIN_RESOLVED"":true,""G5_NATIVE_BACKEND_AVAILABLE"":true,""G6_FSERIES_SHORT_PAIR_PRESENT"":true,""G7_REPRESENTATION_AGREEMENT"":true,""G8_DYNAMIC_TRAJECTORY_PRESENT"":false,""G9_PHASE_FIELD_PRESENT"":false,""G10_CONVERGENCE_CERTIFIED"":false}",,,,,,,,,,
sst21d.master-row.v0.2,FRESNEL_FOURIER_SERIES_ARCHIVE,8_8/knot.8_8d,8_8d,8_8,8_8d,1,short,600,True,True,8_8/knot.8_8d.fseries,8_8/knot.8_8d.short,b8e2521a3728375f21d8038a3783cdd84975c8db8c882699029dd14d6db15639,e0064d67458e0e6e78fa15c001856f8bf942a3a3f543f54f3d62acc73d3812b4,21,333,6,3,True,6,0.000000 0.000000 0.000000 0.000000 0.000000 0.000000,-0.148590 3.555393 -0.013752,"[""0.000000""]","[""0.000000""]",0,PAIRED_SHORT_PROCRUSTES,RESOLVED,0.061055523219833714,0.7880005165321265,12.906293730296735,64.3131873478078,0.0009769166651136412,1.0038226190791804,0.29386070535384234,1.6029494325646876,0.7518037180074519,0.5220868396546858,3.8437614765569212,0.6238499978131061,0.995493386668574,0.497746693334287,64.60433410113588,129.20866820227175,-1.0196586500181026,24.692194444671784,0.10817951654344042,True,,6.018595064789233,64.3131873478078,0.09358259655582729,0.09352178739776065,0.06077237382567568,PASS,1.0,,,,DIRECTORY_FILENAME_LABEL_ONLY_NOT_RECOMPUTED,SHORT_STATIC_GEOMETRY_SAMPLED,NOT_MEASURED_REQUIRES_TRAJECTORY,RESEARCH_TRACK_DIAGNOSTIC_ONLY,"{""G0_PARSE"":true,""G1_FINITE"":true,""G2_EDGE_UNIFORMITY"":true,""G3_POSITIVE_REACH_PROXY"":true,""G4_FSERIES_ORIGIN_RESOLVED"":true,""G5_NATIVE_BACKEND_AVAILABLE"":true,""G6_FSERIES_SHORT_PAIR_PRESENT"":true,""G7_REPRESENTATION_AGREEMENT"":true,""G8_DYNAMIC_TRAJECTORY_PRESENT"":false,""G9_PHASE_FIELD_PRESENT"":false,""G10_CONVERGENCE_CERTIFIED"":false}",,,,,,,,,,
sst21d.master-row.v0.2,FRESNEL_FOURIER_SERIES_ARCHIVE,8_9/knot.8_9d,8_9d,8_9,8_9d,1,short,600,True,True,8_9/knot.8_9d.fseries,8_9/knot.8_9d.short,2b27df202004a3cd45f9a97f5c6fe705db33a63463f48752924aa1db88e75bca,417c9574998638566260e2213d4b6bb685783958e677083f561b6cfed23c21c0,21,378,6,3,True,6,0.000000 0.000000 0.000000 0.000000 0.000000 0.000000,0.101714 0.501453 -0.107399,"[""0.000000""]",[],0,PAIRED_SHORT_PROCRUSTES,RESOLVED,0.03906794865979871,1.136845213495064,29.099178546451007,74.56799757681807,0.000899375108405727,1.003424253436365,0.611213584769339,1.326176212089746,0.6744391146051398,0.41677854891535987,2.6098880393525397,0.7540476076133442,0.9938351941612925,0.49691759708064626,75.03054632689553,150.06109265379106,0.9206861707406099,35.50096014453446,0.5186113157873455,True,,6.213979790936814,74.56799757681807,0.08333306502612368,0.08329967776256776,0.03778283736316378,PASS,1.0,,,,DIRECTORY_FILENAME_LABEL_ONLY_NOT_RECOMPUTED,SHORT_STATIC_GEOMETRY_SAMPLED,NOT_MEASURED_REQUIRES_TRAJECTORY,RESEARCH_TRACK_DIAGNOSTIC_ONLY,"{""G0_PARSE"":true,""G1_FINITE"":true,""G2_EDGE_UNIFORMITY"":true,""G3_POSITIVE_REACH_PROXY"":true,""G4_FSERIES_ORIGIN_RESOLVED"":true,""G5_NATIVE_BACKEND_AVAILABLE"":true,""G6_FSERIES_SHORT_PAIR_PRESENT"":true,""G7_REPRESENTATION_AGREEMENT"":true,""G8_DYNAMIC_TRAJECTORY_PRESENT"":false,""G9_PHASE_FIELD_PRESENT"":false,""G10_CONVERGENCE_CERTIFIED"":false}",,,,,,,,,,
sst21d.master-row.v0.2,FRESNEL_FOURIER_SERIES_ARCHIVE,8_9/knot.8_9i4,8_9i4,8_9,8_9i4,1,short,600,False,True,,8_9/knot.8_9i4.short,,21b38bb96b815fef1b3c0fc99745edb2dc3c5fcfe0d09747faffabb280b9dca8,,418,,3,,,,0.033816 -0.009264 6.244135,,[],,,,,,,130.0450370462278,0.013851989835062776,1.1304740864008807,0.4437506388013459,4.874454876184742,0.9944611979506894,3.2238657182286796,14.433196329995969,0.20515114518460875,1.0061861713908837,0.20515114518460875,316.94933247680524,633.8986649536105,0.11857663994407802,21.268113197317014,0.3683180021009718,True,,,130.0450370462278,,,,,1.0,,,,DIRECTORY_FILENAME_LABEL_ONLY_NOT_RECOMPUTED,SHORT_STATIC_GEOMETRY_SAMPLED,NOT_MEASURED_REQUIRES_TRAJECTORY,RESEARCH_TRACK_DIAGNOSTIC_ONLY,"{""G0_PARSE"":true,""G1_FINITE"":true,""G2_EDGE_UNIFORMITY"":false,""G3_POSITIVE_REACH_PROXY"":true,""G4_FSERIES_ORIGIN_RESOLVED"":null,""G5_NATIVE_BACKEND_AVAILABLE"":true,""G6_FSERIES_SHORT_PAIR_PRESENT"":false,""G7_REPRESENTATION_AGREEMENT"":null,""G8_DYNAMIC_TRAJECTORY_PRESENT"":false,""G9_PHASE_FIELD_PRESENT"":false,""G10_CONVERGENCE_CERTIFIED"":false}",,,,,,,,,,
sst21d.master-row.v0.2,FRESNEL_FOURIER_SERIES_ARCHIVE,9_2/knot.9_2,9_2,9_2,9_2,1,fseries,600,True,False,9_2/knot.9_2.fseries,,1fe43f0103ced88682b8497432c3d69136aeb3191e783b875a739902842def28,,100,,6,,True,6,0.000000 0.000000 0.000000 0.000000 0.000000 0.000000,,"[""-0.000000"", ""0.000000""]",,0,EXPLICIT_CONSTANT_TERM_COMMENT,RESOLVED,,,,39.055010336745624,5.9702972980302595e-05,1.0004265184793515,0.5054996570808936,1.5623157938796297,1.0391331972363456,3.493130562939379,43.28690677694365,0.6400754597229951,0.9996432806768376,0.4998216403384188,39.06894698507081,78.13789397014162,-6.83356190924574,15.929781168007365,1.18289377104343,True,,39.055010336745624,,,,,,1.0,,,,DIRECTORY_FILENAME_LABEL_ONLY_NOT_RECOMPUTED,FSERIES_STATIC_GEOMETRY_SAMPLED,NOT_MEASURED_REQUIRES_TRAJECTORY,RESEARCH_TRACK_DIAGNOSTIC_ONLY,"{""G0_PARSE"":true,""G1_FINITE"":true,""G2_EDGE_UNIFORMITY"":true,""G3_POSITIVE_REACH_PROXY"":true,""G4_FSERIES_ORIGIN_RESOLVED"":true,""G5_NATIVE_BACKEND_AVAILABLE"":true,""G6_FSERIES_SHORT_PAIR_PRESENT"":false,""G7_REPRESENTATION_AGREEMENT"":null,""G8_DYNAMIC_TRAJECTORY_PRESENT"":false,""G9_PHASE_FIELD_PRESENT"":false,""G10_CONVERGENCE_CERTIFIED"":false}",,,,,,,,,,
sst21d.master-row.v0.2,FRESNEL_FOURIER_SERIES_ARCHIVE,9_2/knot.9_2n,9_2n,9_2,9_2n,1,fseries,600,True,False,9_2/knot.9_2n.fseries,,d5d0c95679d554adf63b38ca15f1324ee3bfc036d4c8d4c4bbd98feb8c7558a9,,50,,6,,False,0,0.868465 -0.000021 0.000054 0.715944 0.000024 -0.000007,,[],,1,NO_EXPLICIT_ZERO_ROW_ASSUME_J1,RESOLVED,,,,39.04947632241686,6.044191236334486e-05,1.0003955804615603,0.5055112025081089,1.4673727132193986,1.027866378693507,3.0403900412540126,40.13121029835202,0.6814901156271413,0.9958010131827221,0.49790050659136104,39.21413596237381,78.42827192474762,-6.836533284933795,15.926961597363816,1.1536862927528426,True,,39.04947632241686,,,,,,1.0,,,,DIRECTORY_FILENAME_LABEL_ONLY_NOT_RECOMPUTED,FSERIES_STATIC_GEOMETRY_SAMPLED,NOT_MEASURED_REQUIRES_TRAJECTORY,RESEARCH_TRACK_DIAGNOSTIC_ONLY,"{""G0_PARSE"":true,""G1_FINITE"":true,""G2_EDGE_UNIFORMITY"":true,""G3_POSITIVE_REACH_PROXY"":true,""G4_FSERIES_ORIGIN_RESOLVED"":true,""G5_NATIVE_BACKEND_AVAILABLE"":true,""G6_FSERIES_SHORT_PAIR_PRESENT"":false,""G7_REPRESENTATION_AGREEMENT"":null,""G8_DYNAMIC_TRAJECTORY_PRESENT"":false,""G9_PHASE_FIELD_PRESENT"":false,""G10_CONVERGENCE_CERTIFIED"":false}",,,,,,,,,,
