label,resolution,epsilon,kernel,radius_ratio_to_hole,total_circulation,tube_count,background_velocity_rms_relerr,intrinsic_residual_relerr,clock_omega_relerr
trefoil,96.0,0.04,rosenhead,0.75,-0.5,1.0,0.0,0.0,0.0
mirror_trefoil,96.0,0.04,rosenhead,0.75,-0.5,1.0,0.0,0.0,0.0
trefoil,96.0,0.04,rosenhead,0.75,-1.0,1.0,0.0,1.6853792495842452e-16,0.0
mirror_trefoil,96.0,0.04,rosenhead,0.75,-1.0,1.0,0.0,0.0,0.0
trefoil,96.0,0.04,rosenhead,0.75,-0.5,7.0,0.00012529487543140485,2.196687427310923e-05,0.0
mirror_trefoil,96.0,0.04,rosenhead,0.75,-0.5,7.0,0.00012529487543140485,0.00030107688673329573,0.0
trefoil,96.0,0.04,rosenhead,0.75,-1.0,7.0,0.00012529487543140485,0.0001996231125370374,0.0
mirror_trefoil,96.0,0.04,rosenhead,0.75,-1.0,7.0,0.00012529487543140485,0.0005852655966391118,0.0
trefoil,96.0,0.04,rosenhead,0.75,-0.5,19.0,6.097873696569003e-05,2.0327855992559204e-05,0.0
mirror_trefoil,96.0,0.04,rosenhead,0.75,-0.5,19.0,6.097873696569003e-05,0.00013765616304520567,0.0
trefoil,96.0,0.04,rosenhead,0.75,-1.0,19.0,6.097873696569003e-05,0.00011007630603689104,0.0
mirror_trefoil,96.0,0.04,rosenhead,0.75,-1.0,19.0,6.097873696569003e-05,0.00027502971573228874,0.0
trefoil,96.0,0.04,rosenhead,0.75,-0.5,37.0,4.0997758828898386e-05,1.3874062091233259e-05,0.0
mirror_trefoil,96.0,0.04,rosenhead,0.75,-0.5,37.0,4.0997758828898386e-05,9.293479568908792e-05,0.0
trefoil,96.0,0.04,rosenhead,0.75,-1.0,37.0,4.0997758828898386e-05,7.458961920402445e-05,0.0
mirror_trefoil,96.0,0.04,rosenhead,0.75,-1.0,37.0,4.0997758828898386e-05,0.00018578345167038788,0.0
trefoil,96.0,0.04,rosenhead,0.75,-0.5,61.0,3.3943345592078036e-05,1.153813240348789e-05,0.0
mirror_trefoil,96.0,0.04,rosenhead,0.75,-0.5,61.0,3.3943345592078036e-05,7.710888588513017e-05,0.0
trefoil,96.0,0.04,rosenhead,0.75,-1.0,61.0,3.3943345592078036e-05,6.193647575807886e-05,0.0
mirror_trefoil,96.0,0.04,rosenhead,0.75,-1.0,61.0,3.3943345592078036e-05,0.00015416438464762333,0.0
trefoil,96.0,0.04,rosenhead,0.75,0.5,1.0,0.0,0.0,0.0
mirror_trefoil,96.0,0.04,rosenhead,0.75,0.5,1.0,0.0,0.0,0.0
trefoil,96.0,0.04,rosenhead,0.75,1.0,1.0,0.0,0.0,0.0
mirror_trefoil,96.0,0.04,rosenhead,0.75,1.0,1.0,0.0,1.6853792495842452e-16,0.0
trefoil,96.0,0.04,rosenhead,0.75,0.5,7.0,0.00012529487543140485,0.00030107688673329573,0.0
mirror_trefoil,96.0,0.04,rosenhead,0.75,0.5,7.0,0.00012529487543140485,2.196687427310923e-05,0.0
trefoil,96.0,0.04,rosenhead,0.75,1.0,7.0,0.00012529487543140485,0.0005852655966391118,0.0
mirror_trefoil,96.0,0.04,rosenhead,0.75,1.0,7.0,0.00012529487543140485,0.0001996231125370374,0.0
trefoil,96.0,0.04,rosenhead,0.75,0.5,19.0,6.097873696569003e-05,0.00013765616304520567,0.0
mirror_trefoil,96.0,0.04,rosenhead,0.75,0.5,19.0,6.097873696569003e-05,2.0327855992559204e-05,0.0
trefoil,96.0,0.04,rosenhead,0.75,1.0,19.0,6.097873696569003e-05,0.00027502971573228874,0.0
mirror_trefoil,96.0,0.04,rosenhead,0.75,1.0,19.0,6.097873696569003e-05,0.00011007630603689104,0.0
trefoil,96.0,0.04,rosenhead,0.75,0.5,37.0,4.0997758828898386e-05,9.293479568908792e-05,0.0
mirror_trefoil,96.0,0.04,rosenhead,0.75,0.5,37.0,4.0997758828898386e-05,1.3874062091233259e-05,0.0
trefoil,96.0,0.04,rosenhead,0.75,1.0,37.0,4.0997758828898386e-05,0.00018578345167038788,0.0
mirror_trefoil,96.0,0.04,rosenhead,0.75,1.0,37.0,4.0997758828898386e-05,7.458961920402445e-05,0.0
trefoil,96.0,0.04,rosenhead,0.75,0.5,61.0,3.3943345592078036e-05,7.710888588513017e-05,0.0
mirror_trefoil,96.0,0.04,rosenhead,0.75,0.5,61.0,3.3943345592078036e-05,1.153813240348789e-05,0.0
trefoil,96.0,0.04,rosenhead,0.75,1.0,61.0,3.3943345592078036e-05,0.00015416438464762333,0.0
mirror_trefoil,96.0,0.04,rosenhead,0.75,1.0,61.0,3.3943345592078036e-05,6.193647575807886e-05,0.0
trefoil,96.0,0.04,rosenhead,1.0,-0.5,1.0,0.0,0.0,0.0
mirror_trefoil,96.0,0.04,rosenhead,1.0,-0.5,1.0,0.0,0.0,0.0
trefoil,96.0,0.04,rosenhead,1.0,-1.0,1.0,0.0,1.6853792495842452e-16,0.0
mirror_trefoil,96.0,0.04,rosenhead,1.0,-1.0,1.0,0.0,0.0,0.0
trefoil,96.0,0.04,rosenhead,1.0,-0.5,7.0,0.0003373540185729856,0.0005913004871200758,0.0
mirror_trefoil,96.0,0.04,rosenhead,1.0,-0.5,7.0,0.0003373540185729856,0.0012233738548513742,0.0
trefoil,96.0,0.04,rosenhead,1.0,-1.0,7.0,0.0003373540185729856,0.0004337710872897568,0.0
mirror_trefoil,96.0,0.04,rosenhead,1.0,-1.0,7.0,0.0003373540185729856,0.0018844726987629228,0.0
trefoil,96.0,0.04,rosenhead,1.0,-0.5,19.0,0.0005771951209674592,0.00016010228196438578,0.0
mirror_trefoil,96.0,0.04,rosenhead,1.0,-0.5,19.0,0.0005771951209674592,0.0012580781507607202,0.0
trefoil,96.0,0.04,rosenhead,1.0,-1.0,19.0,0.0005771951209674592,0.0009590779179751795,0.0
mirror_trefoil,96.0,0.04,rosenhead,1.0,-1.0,19.0,0.0005771951209674592,0.0024963804326356004,0.0
trefoil,96.0,0.04,rosenhead,1.0,-0.5,37.0,0.0003384184746098159,0.00010029438962706629,0.0
mirror_trefoil,96.0,0.04,rosenhead,1.0,-0.5,37.0,0.0003384184746098159,0.0007388525764947182,0.0
trefoil,96.0,0.04,rosenhead,1.0,-1.0,37.0,0.0003384184746098159,0.0005747158498970621,0.0
mirror_trefoil,96.0,0.04,rosenhead,1.0,-1.0,37.0,0.0003384184746098159,0.001470252250519006,0.0
trefoil,96.0,0.04,rosenhead,1.0,-0.5,61.0,0.0002641959448809789,7.978785475182216e-05,0.0
mirror_trefoil,96.0,0.04,rosenhead,1.0,-0.5,61.0,0.0002641959448809789,0.0005782641479117565,0.0
trefoil,96.0,0.04,rosenhead,1.0,-1.0,61.0,0.0002641959448809789,0.00045216398051396933,0.0
mirror_trefoil,96.0,0.04,rosenhead,1.0,-1.0,61.0,0.0002641959448809789,0.0011515378839432595,0.0
trefoil,96.0,0.04,rosenhead,1.0,0.5,1.0,0.0,0.0,0.0
mirror_trefoil,96.0,0.04,rosenhead,1.0,0.5,1.0,0.0,0.0,0.0
trefoil,96.0,0.04,rosenhead,1.0,1.0,1.0,0.0,0.0,0.0
mirror_trefoil,96.0,0.04,rosenhead,1.0,1.0,1.0,0.0,1.6853792495842452e-16,0.0
trefoil,96.0,0.04,rosenhead,1.0,0.5,7.0,0.0003373540185729856,0.0012233738548513742,0.0
mirror_trefoil,96.0,0.04,rosenhead,1.0,0.5,7.0,0.0003373540185729856,0.0005913004871200758,0.0
trefoil,96.0,0.04,rosenhead,1.0,1.0,7.0,0.0003373540185729856,0.0018844726987629228,0.0
mirror_trefoil,96.0,0.04,rosenhead,1.0,1.0,7.0,0.0003373540185729856,0.0004337710872897568,0.0
trefoil,96.0,0.04,rosenhead,1.0,0.5,19.0,0.0005771951209674592,0.0012580781507607202,0.0
mirror_trefoil,96.0,0.04,rosenhead,1.0,0.5,19.0,0.0005771951209674592,0.00016010228196438578,0.0
trefoil,96.0,0.04,rosenhead,1.0,1.0,19.0,0.0005771951209674592,0.0024963804326356004,0.0
mirror_trefoil,96.0,0.04,rosenhead,1.0,1.0,19.0,0.0005771951209674592,0.0009590779179751795,0.0
trefoil,96.0,0.04,rosenhead,1.0,0.5,37.0,0.0003384184746098159,0.0007388525764947182,0.0
mirror_trefoil,96.0,0.04,rosenhead,1.0,0.5,37.0,0.0003384184746098159,0.00010029438962706629,0.0
trefoil,96.0,0.04,rosenhead,1.0,1.0,37.0,0.0003384184746098159,0.001470252250519006,0.0
mirror_trefoil,96.0,0.04,rosenhead,1.0,1.0,37.0,0.0003384184746098159,0.0005747158498970621,0.0
trefoil,96.0,0.04,rosenhead,1.0,0.5,61.0,0.0002641959448809789,0.0005782641479117565,0.0
mirror_trefoil,96.0,0.04,rosenhead,1.0,0.5,61.0,0.0002641959448809789,7.978785475182216e-05,0.0
trefoil,96.0,0.04,rosenhead,1.0,1.0,61.0,0.0002641959448809789,0.0011515378839432595,0.0
mirror_trefoil,96.0,0.04,rosenhead,1.0,1.0,61.0,0.0002641959448809789,0.00045216398051396933,0.0
trefoil,96.0,0.04,winckelmans,0.75,-0.5,1.0,0.0,0.0,0.0
mirror_trefoil,96.0,0.04,winckelmans,0.75,-0.5,1.0,0.0,0.0,0.0
trefoil,96.0,0.04,winckelmans,0.75,-1.0,1.0,0.0,0.0,0.0
mirror_trefoil,96.0,0.04,winckelmans,0.75,-1.0,1.0,0.0,1.8298372827315657e-16,0.0
trefoil,96.0,0.04,winckelmans,0.75,-0.5,7.0,0.00012529487543140485,1.1399180025124457e-05,0.0
mirror_trefoil,96.0,0.04,winckelmans,0.75,-0.5,7.0,0.00012529487543140485,0.0002793854216055213,0.0
trefoil,96.0,0.04,winckelmans,0.75,-1.0,7.0,0.00012529487543140485,0.00018446782206257438,0.0
mirror_trefoil,96.0,0.04,winckelmans,0.75,-1.0,7.0,0.00012529487543140485,0.0005485395912389023,0.0
trefoil,96.0,0.04,winckelmans,0.75,-0.5,19.0,6.097873696569003e-05,1.5892996402719776e-05,0.0
mirror_trefoil,96.0,0.04,winckelmans,0.75,-0.5,19.0,6.097873696569003e-05,0.0001267576152039057,0.0
trefoil,96.0,0.04,winckelmans,0.75,-1.0,19.0,6.097873696569003e-05,0.0001039912848528154,0.0
mirror_trefoil,96.0,0.04,winckelmans,0.75,-1.0,19.0,6.097873696569003e-05,0.00025633885777260154,0.0
trefoil,96.0,0.04,winckelmans,0.75,-0.5,37.0,4.0997758828898386e-05,1.073197193225721e-05,0.0
mirror_trefoil,96.0,0.04,winckelmans,0.75,-0.5,37.0,4.0997758828898386e-05,8.572918660315622e-05,0.0
trefoil,96.0,0.04,winckelmans,0.75,-1.0,37.0,4.0997758828898386e-05,7.029979282807305e-05,0.0
mirror_trefoil,96.0,0.04,winckelmans,0.75,-1.0,37.0,4.0997758828898386e-05,0.00017335253430276917,0.0
trefoil,96.0,0.04,winckelmans,0.75,-0.5,61.0,3.3943345592078036e-05,8.87826593797529e-06,0.0
mirror_trefoil,96.0,0.04,winckelmans,0.75,-0.5,61.0,3.3943345592078036e-05,7.118611543880206e-05,0.0
trefoil,96.0,0.04,winckelmans,0.75,-1.0,61.0,3.3943345592078036e-05,5.8311396307694375e-05,0.0
mirror_trefoil,96.0,0.04,winckelmans,0.75,-1.0,61.0,3.3943345592078036e-05,0.00014392082747603349,0.0
trefoil,96.0,0.04,winckelmans,0.75,0.5,1.0,0.0,0.0,0.0
mirror_trefoil,96.0,0.04,winckelmans,0.75,0.5,1.0,0.0,0.0,0.0
trefoil,96.0,0.04,winckelmans,0.75,1.0,1.0,0.0,1.8298372827315657e-16,0.0
mirror_trefoil,96.0,0.04,winckelmans,0.75,1.0,1.0,0.0,0.0,0.0
trefoil,96.0,0.04,winckelmans,0.75,0.5,7.0,0.00012529487543140485,0.0002793854216055213,0.0
mirror_trefoil,96.0,0.04,winckelmans,0.75,0.5,7.0,0.00012529487543140485,1.1399180025124457e-05,0.0
trefoil,96.0,0.04,winckelmans,0.75,1.0,7.0,0.00012529487543140485,0.0005485395912389023,0.0
mirror_trefoil,96.0,0.04,winckelmans,0.75,1.0,7.0,0.00012529487543140485,0.00018446782206257438,0.0
trefoil,96.0,0.04,winckelmans,0.75,0.5,19.0,6.097873696569003e-05,0.0001267576152039057,0.0
mirror_trefoil,96.0,0.04,winckelmans,0.75,0.5,19.0,6.097873696569003e-05,1.5892996402719776e-05,0.0
trefoil,96.0,0.04,winckelmans,0.75,1.0,19.0,6.097873696569003e-05,0.00025633885777260154,0.0
mirror_trefoil,96.0,0.04,winckelmans,0.75,1.0,19.0,6.097873696569003e-05,0.0001039912848528154,0.0
trefoil,96.0,0.04,winckelmans,0.75,0.5,37.0,4.0997758828898386e-05,8.572918660315622e-05,0.0
mirror_trefoil,96.0,0.04,winckelmans,0.75,0.5,37.0,4.0997758828898386e-05,1.073197193225721e-05,0.0
trefoil,96.0,0.04,winckelmans,0.75,1.0,37.0,4.0997758828898386e-05,0.00017335253430276917,0.0
mirror_trefoil,96.0,0.04,winckelmans,0.75,1.0,37.0,4.0997758828898386e-05,7.029979282807305e-05,0.0
trefoil,96.0,0.04,winckelmans,0.75,0.5,61.0,3.3943345592078036e-05,7.118611543880206e-05,0.0
mirror_trefoil,96.0,0.04,winckelmans,0.75,0.5,61.0,3.3943345592078036e-05,8.87826593797529e-06,0.0
trefoil,96.0,0.04,winckelmans,0.75,1.0,61.0,3.3943345592078036e-05,0.00014392082747603349,0.0
mirror_trefoil,96.0,0.04,winckelmans,0.75,1.0,61.0,3.3943345592078036e-05,5.8311396307694375e-05,0.0
trefoil,96.0,0.04,winckelmans,1.0,-0.5,1.0,0.0,0.0,0.0
mirror_trefoil,96.0,0.04,winckelmans,1.0,-0.5,1.0,0.0,0.0,0.0
trefoil,96.0,0.04,winckelmans,1.0,-1.0,1.0,0.0,0.0,0.0
mirror_trefoil,96.0,0.04,winckelmans,1.0,-1.0,1.0,0.0,1.8298372827315657e-16,0.0
trefoil,96.0,0.04,winckelmans,1.0,-0.5,7.0,0.0003373540185729856,0.0006128534727548891,0.0
mirror_trefoil,96.0,0.04,winckelmans,1.0,-0.5,7.0,0.0003373540185729856,0.0011486204499506708,0.0
trefoil,96.0,0.04,winckelmans,1.0,-1.0,7.0,0.0003373540185729856,0.0004910270984912548,0.0
mirror_trefoil,96.0,0.04,winckelmans,1.0,-1.0,7.0,0.0003373540185729856,0.0017946546913286377,0.0
trefoil,96.0,0.04,winckelmans,1.0,-0.5,19.0,0.0005771951209674592,0.00013588036102313753,0.0
mirror_trefoil,96.0,0.04,winckelmans,1.0,-0.5,19.0,0.0005771951209674592,0.0011421467806807981,0.0
trefoil,96.0,0.04,winckelmans,1.0,-1.0,19.0,0.0005771951209674592,0.0009231727934740309,0.0
mirror_trefoil,96.0,0.04,winckelmans,1.0,-1.0,19.0,0.0005771951209674592,0.002305859950810682,0.0
trefoil,96.0,0.04,winckelmans,1.0,-0.5,37.0,0.0003384184746098159,8.296644104927344e-05,0.0
mirror_trefoil,96.0,0.04,winckelmans,1.0,-0.5,37.0,0.0003384184746098159,0.0006738050171647565,0.0
trefoil,96.0,0.04,winckelmans,1.0,-1.0,37.0,0.0003384184746098159,0.0005499263252979062,0.0
mirror_trefoil,96.0,0.04,winckelmans,1.0,-1.0,37.0,0.0003384184746098159,0.0013619559540600213,0.0
trefoil,96.0,0.04,winckelmans,1.0,-0.5,61.0,0.0002641959448809789,6.51395485283032e-05,0.0
mirror_trefoil,96.0,0.04,winckelmans,1.0,-0.5,61.0,0.0002641959448809789,0.0005284647711242344,0.0
trefoil,96.0,0.04,winckelmans,1.0,-1.0,61.0,0.0002641959448809789,0.0004314354383053319,0.0
mirror_trefoil,96.0,0.04,winckelmans,1.0,-1.0,61.0,0.0002641959448809789,0.0010681469745274154,0.0
trefoil,96.0,0.04,winckelmans,1.0,0.5,1.0,0.0,0.0,0.0
mirror_trefoil,96.0,0.04,winckelmans,1.0,0.5,1.0,0.0,0.0,0.0
trefoil,96.0,0.04,winckelmans,1.0,1.0,1.0,0.0,1.8298372827315657e-16,0.0
mirror_trefoil,96.0,0.04,winckelmans,1.0,1.0,1.0,0.0,0.0,0.0
trefoil,96.0,0.04,winckelmans,1.0,0.5,7.0,0.0003373540185729856,0.0011486204499506708,0.0
mirror_trefoil,96.0,0.04,winckelmans,1.0,0.5,7.0,0.0003373540185729856,0.0006128534727548891,0.0
trefoil,96.0,0.04,winckelmans,1.0,1.0,7.0,0.0003373540185729856,0.0017946546913286377,0.0
mirror_trefoil,96.0,0.04,winckelmans,1.0,1.0,7.0,0.0003373540185729856,0.0004910270984912548,0.0
trefoil,96.0,0.04,winckelmans,1.0,0.5,19.0,0.0005771951209674592,0.0011421467806807981,0.0
mirror_trefoil,96.0,0.04,winckelmans,1.0,0.5,19.0,0.0005771951209674592,0.00013588036102313753,0.0
trefoil,96.0,0.04,winckelmans,1.0,1.0,19.0,0.0005771951209674592,0.002305859950810682,0.0
mirror_trefoil,96.0,0.04,winckelmans,1.0,1.0,19.0,0.0005771951209674592,0.0009231727934740309,0.0
trefoil,96.0,0.04,winckelmans,1.0,0.5,37.0,0.0003384184746098159,0.0006738050171647565,0.0
mirror_trefoil,96.0,0.04,winckelmans,1.0,0.5,37.0,0.0003384184746098159,8.296644104927344e-05,0.0
trefoil,96.0,0.04,winckelmans,1.0,1.0,37.0,0.0003384184746098159,0.0013619559540600213,0.0
mirror_trefoil,96.0,0.04,winckelmans,1.0,1.0,37.0,0.0003384184746098159,0.0005499263252979062,0.0
trefoil,96.0,0.04,winckelmans,1.0,0.5,61.0,0.0002641959448809789,0.0005284647711242344,0.0
mirror_trefoil,96.0,0.04,winckelmans,1.0,0.5,61.0,0.0002641959448809789,6.51395485283032e-05,0.0
trefoil,96.0,0.04,winckelmans,1.0,1.0,61.0,0.0002641959448809789,0.0010681469745274154,0.0
mirror_trefoil,96.0,0.04,winckelmans,1.0,1.0,61.0,0.0002641959448809789,0.0004314354383053319,0.0
trefoil,96.0,0.05,rosenhead,0.75,-0.5,1.0,0.0,0.0,0.0
mirror_trefoil,96.0,0.05,rosenhead,0.75,-0.5,1.0,0.0,0.0,0.0
trefoil,96.0,0.05,rosenhead,0.75,-1.0,1.0,0.0,1.6555679124868155e-16,0.0
mirror_trefoil,96.0,0.05,rosenhead,0.75,-1.0,1.0,0.0,1.842749460829654e-16,0.0
trefoil,96.0,0.05,rosenhead,0.75,-0.5,7.0,9.456362857356345e-05,2.5865523762908157e-05,0.0
mirror_trefoil,96.0,0.05,rosenhead,0.75,-0.5,7.0,9.456362857356345e-05,0.00023358017707860124,0.0
trefoil,96.0,0.05,rosenhead,0.75,-1.0,7.0,9.456362857356345e-05,0.00016373753271616267,0.0
mirror_trefoil,96.0,0.05,rosenhead,0.75,-1.0,7.0,9.456362857356345e-05,0.00045517405983785746,0.0
trefoil,96.0,0.05,rosenhead,0.75,-0.5,19.0,4.284340981972931e-05,1.6263185881793464e-05,0.0
mirror_trefoil,96.0,0.05,rosenhead,0.75,-0.5,19.0,4.284340981972931e-05,0.00010145109592332656,0.0
trefoil,96.0,0.05,rosenhead,0.75,-1.0,19.0,4.284340981972931e-05,8.014759985460622e-05,0.0
mirror_trefoil,96.0,0.05,rosenhead,0.75,-1.0,19.0,4.284340981972931e-05,0.00020141331709878829,0.0
trefoil,96.0,0.05,rosenhead,0.75,-0.5,37.0,2.917471234028636e-05,1.1242130874859112e-05,0.0
mirror_trefoil,96.0,0.05,rosenhead,0.75,-0.5,37.0,2.917471234028636e-05,6.925788729856746e-05,0.0
trefoil,96.0,0.05,rosenhead,0.75,-1.0,37.0,2.917471234028636e-05,5.496535684983251e-05,0.0
mirror_trefoil,96.0,0.05,rosenhead,0.75,-1.0,37.0,2.917471234028636e-05,0.00013760067726802574,0.0
trefoil,96.0,0.05,rosenhead,0.75,-0.5,61.0,2.4289729598563633e-05,9.407253833799062e-06,0.0
mirror_trefoil,96.0,0.05,rosenhead,0.75,-0.5,61.0,2.4289729598563633e-05,5.7737266442914335e-05,0.0
trefoil,96.0,0.05,rosenhead,0.75,-1.0,61.0,2.4289729598563633e-05,4.588536150207684e-05,0.0
mirror_trefoil,96.0,0.05,rosenhead,0.75,-1.0,61.0,2.4289729598563633e-05,0.00011473706310960562,0.0
trefoil,96.0,0.05,rosenhead,0.75,0.5,1.0,0.0,0.0,0.0
mirror_trefoil,96.0,0.05,rosenhead,0.75,0.5,1.0,0.0,0.0,0.0
trefoil,96.0,0.05,rosenhead,0.75,1.0,1.0,0.0,1.842749460829654e-16,0.0
mirror_trefoil,96.0,0.05,rosenhead,0.75,1.0,1.0,0.0,1.6555679124868155e-16,0.0
trefoil,96.0,0.05,rosenhead,0.75,0.5,7.0,9.456362857356345e-05,0.00023358017707860124,0.0
mirror_trefoil,96.0,0.05,rosenhead,0.75,0.5,7.0,9.456362857356345e-05,2.5865523762908157e-05,0.0
trefoil,96.0,0.05,rosenhead,0.75,1.0,7.0,9.456362857356345e-05,0.00045517405983785746,0.0
mirror_trefoil,96.0,0.05,rosenhead,0.75,1.0,7.0,9.456362857356345e-05,0.00016373753271616267,0.0
trefoil,96.0,0.05,rosenhead,0.75,0.5,19.0,4.284340981972931e-05,0.00010145109592332656,0.0
mirror_trefoil,96.0,0.05,rosenhead,0.75,0.5,19.0,4.284340981972931e-05,1.6263185881793464e-05,0.0
trefoil,96.0,0.05,rosenhead,0.75,1.0,19.0,4.284340981972931e-05,0.00020141331709878829,0.0
mirror_trefoil,96.0,0.05,rosenhead,0.75,1.0,19.0,4.284340981972931e-05,8.014759985460622e-05,0.0
trefoil,96.0,0.05,rosenhead,0.75,0.5,37.0,2.917471234028636e-05,6.925788729856746e-05,0.0
mirror_trefoil,96.0,0.05,rosenhead,0.75,0.5,37.0,2.917471234028636e-05,1.1242130874859112e-05,0.0
trefoil,96.0,0.05,rosenhead,0.75,1.0,37.0,2.917471234028636e-05,0.00013760067726802574,0.0
mirror_trefoil,96.0,0.05,rosenhead,0.75,1.0,37.0,2.917471234028636e-05,5.496535684983251e-05,0.0
trefoil,96.0,0.05,rosenhead,0.75,0.5,61.0,2.4289729598563633e-05,5.7737266442914335e-05,0.0
mirror_trefoil,96.0,0.05,rosenhead,0.75,0.5,61.0,2.4289729598563633e-05,9.407253833799062e-06,0.0
trefoil,96.0,0.05,rosenhead,0.75,1.0,61.0,2.4289729598563633e-05,0.00011473706310960562,0.0
mirror_trefoil,96.0,0.05,rosenhead,0.75,1.0,61.0,2.4289729598563633e-05,4.588536150207684e-05,0.0
trefoil,96.0,0.05,rosenhead,1.0,-0.5,1.0,0.0,0.0,0.0
mirror_trefoil,96.0,0.05,rosenhead,1.0,-0.5,1.0,0.0,0.0,0.0
trefoil,96.0,0.05,rosenhead,1.0,-1.0,1.0,0.0,1.6555679124868155e-16,0.0
mirror_trefoil,96.0,0.05,rosenhead,1.0,-1.0,1.0,0.0,1.842749460829654e-16,0.0
trefoil,96.0,0.05,rosenhead,1.0,-0.5,7.0,0.00033453770787390846,0.00024992840186043497,0.0
mirror_trefoil,96.0,0.05,rosenhead,1.0,-0.5,7.0,0.00033453770787390846,0.0010473589970910865,0.0
trefoil,96.0,0.05,rosenhead,1.0,-1.0,7.0,0.00033453770787390846,7.680440153855367e-05,0.0
mirror_trefoil,96.0,0.05,rosenhead,1.0,-1.0,7.0,0.00033453770787390846,0.001769911256924288,0.0
trefoil,96.0,0.05,rosenhead,1.0,-0.5,19.0,0.0003683979540514056,0.00011666434940804694,0.0
mirror_trefoil,96.0,0.05,rosenhead,1.0,-0.5,19.0,0.0003683979540514056,0.0008531842086450078,0.0
trefoil,96.0,0.05,rosenhead,1.0,-1.0,19.0,0.0003683979540514056,0.0006379269563216844,0.0
mirror_trefoil,96.0,0.05,rosenhead,1.0,-1.0,19.0,0.0003683979540514056,0.00167957454990859,0.0
trefoil,96.0,0.05,rosenhead,1.0,-0.5,37.0,0.00022293747395201342,7.445559537792019e-05,0.0
mirror_trefoil,96.0,0.05,rosenhead,1.0,-0.5,37.0,0.00022293747395201342,0.0005182512311621491,0.0
trefoil,96.0,0.05,rosenhead,1.0,-1.0,37.0,0.00022293747395201342,0.0003939436343551911,0.0
mirror_trefoil,96.0,0.05,rosenhead,1.0,-1.0,37.0,0.00022293747395201342,0.0010227184030731625,0.0
trefoil,96.0,0.05,rosenhead,1.0,-0.5,61.0,0.00017632530848061455,5.9884008902208626e-05,0.0
mirror_trefoil,96.0,0.05,rosenhead,1.0,-0.5,61.0,0.00017632530848061455,0.0004112772792925502,0.0
trefoil,96.0,0.05,rosenhead,1.0,-1.0,61.0,0.00017632530848061455,0.000314059181160392,0.0
mirror_trefoil,96.0,0.05,rosenhead,1.0,-1.0,61.0,0.00017632530848061455,0.0008121629055454096,0.0
trefoil,96.0,0.05,rosenhead,1.0,0.5,1.0,0.0,0.0,0.0
mirror_trefoil,96.0,0.05,rosenhead,1.0,0.5,1.0,0.0,0.0,0.0
trefoil,96.0,0.05,rosenhead,1.0,1.0,1.0,0.0,1.842749460829654e-16,0.0
mirror_trefoil,96.0,0.05,rosenhead,1.0,1.0,1.0,0.0,1.6555679124868155e-16,0.0
trefoil,96.0,0.05,rosenhead,1.0,0.5,7.0,0.00033453770787390846,0.0010473589970910865,0.0
mirror_trefoil,96.0,0.05,rosenhead,1.0,0.5,7.0,0.00033453770787390846,0.00024992840186043497,0.0
trefoil,96.0,0.05,rosenhead,1.0,1.0,7.0,0.00033453770787390846,0.001769911256924288,0.0
mirror_trefoil,96.0,0.05,rosenhead,1.0,1.0,7.0,0.00033453770787390846,7.680440153855367e-05,0.0
trefoil,96.0,0.05,rosenhead,1.0,0.5,19.0,0.0003683979540514056,0.0008531842086450078,0.0
mirror_trefoil,96.0,0.05,rosenhead,1.0,0.5,19.0,0.0003683979540514056,0.00011666434940804694,0.0
trefoil,96.0,0.05,rosenhead,1.0,1.0,19.0,0.0003683979540514056,0.00167957454990859,0.0
mirror_trefoil,96.0,0.05,rosenhead,1.0,1.0,19.0,0.0003683979540514056,0.0006379269563216844,0.0
trefoil,96.0,0.05,rosenhead,1.0,0.5,37.0,0.00022293747395201342,0.0005182512311621491,0.0
mirror_trefoil,96.0,0.05,rosenhead,1.0,0.5,37.0,0.00022293747395201342,7.445559537792019e-05,0.0
trefoil,96.0,0.05,rosenhead,1.0,1.0,37.0,0.00022293747395201342,0.0010227184030731625,0.0
mirror_trefoil,96.0,0.05,rosenhead,1.0,1.0,37.0,0.00022293747395201342,0.0003939436343551911,0.0
trefoil,96.0,0.05,rosenhead,1.0,0.5,61.0,0.00017632530848061455,0.0004112772792925502,0.0
mirror_trefoil,96.0,0.05,rosenhead,1.0,0.5,61.0,0.00017632530848061455,5.9884008902208626e-05,0.0
trefoil,96.0,0.05,rosenhead,1.0,1.0,61.0,0.00017632530848061455,0.0008121629055454096,0.0
mirror_trefoil,96.0,0.05,rosenhead,1.0,1.0,61.0,0.00017632530848061455,0.000314059181160392,0.0
trefoil,96.0,0.05,winckelmans,0.75,-0.5,1.0,0.0,2.185071211441217e-16,0.0
mirror_trefoil,96.0,0.05,winckelmans,0.75,-0.5,1.0,0.0,0.0,0.0
trefoil,96.0,0.05,winckelmans,0.75,-1.0,1.0,0.0,0.0,0.0
mirror_trefoil,96.0,0.05,winckelmans,0.75,-1.0,1.0,0.0,0.0,0.0
trefoil,96.0,0.05,winckelmans,0.75,-0.5,7.0,9.456362857356345e-05,1.537075298572834e-05,0.0
mirror_trefoil,96.0,0.05,winckelmans,0.75,-0.5,7.0,9.456362857356345e-05,0.00020995804898115789,0.0
trefoil,96.0,0.05,winckelmans,0.75,-1.0,7.0,9.456362857356345e-05,0.00014912091055832105,0.0
mirror_trefoil,96.0,0.05,winckelmans,0.75,-1.0,7.0,9.456362857356345e-05,0.0004157832916186203,0.0
trefoil,96.0,0.05,winckelmans,0.75,-0.5,19.0,4.284340981972931e-05,1.2005511512677764e-05,0.0
mirror_trefoil,96.0,0.05,winckelmans,0.75,-0.5,19.0,4.284340981972931e-05,9.04945488423383e-05,0.0
trefoil,96.0,0.05,winckelmans,0.75,-1.0,19.0,4.284340981972931e-05,7.439826057398934e-05,0.0
mirror_trefoil,96.0,0.05,winckelmans,0.75,-1.0,19.0,4.284340981972931e-05,0.00018298716444926488,0.0
trefoil,96.0,0.05,winckelmans,0.75,-0.5,37.0,2.917471234028636e-05,8.220809384025598e-06,0.0
mirror_trefoil,96.0,0.05,winckelmans,0.75,-0.5,37.0,2.917471234028636e-05,6.1893712105447e-05,0.0
trefoil,96.0,0.05,winckelmans,0.75,-1.0,37.0,2.917471234028636e-05,5.0902747765592943e-05,0.0
mirror_trefoil,96.0,0.05,winckelmans,0.75,-1.0,37.0,2.917471234028636e-05,0.0001251588931387874,0.0
trefoil,96.0,0.05,winckelmans,0.75,-0.5,61.0,2.4289729598563633e-05,6.847613293548089e-06,0.0
mirror_trefoil,96.0,0.05,winckelmans,0.75,-0.5,61.0,2.4289729598563633e-05,5.164033470378416e-05,0.0
trefoil,96.0,0.05,winckelmans,0.75,-1.0,61.0,2.4289729598563633e-05,4.244880997732085e-05,0.0
mirror_trefoil,96.0,0.05,winckelmans,0.75,-1.0,61.0,2.4289729598563633e-05,0.00010441639146189946,0.0
trefoil,96.0,0.05,winckelmans,0.75,0.5,1.0,0.0,0.0,0.0
mirror_trefoil,96.0,0.05,winckelmans,0.75,0.5,1.0,0.0,2.185071211441217e-16,0.0
trefoil,96.0,0.05,winckelmans,0.75,1.0,1.0,0.0,0.0,0.0
mirror_trefoil,96.0,0.05,winckelmans,0.75,1.0,1.0,0.0,0.0,0.0
trefoil,96.0,0.05,winckelmans,0.75,0.5,7.0,9.456362857356345e-05,0.00020995804898115789,0.0
mirror_trefoil,96.0,0.05,winckelmans,0.75,0.5,7.0,9.456362857356345e-05,1.537075298572834e-05,0.0
trefoil,96.0,0.05,winckelmans,0.75,1.0,7.0,9.456362857356345e-05,0.0004157832916186203,0.0
mirror_trefoil,96.0,0.05,winckelmans,0.75,1.0,7.0,9.456362857356345e-05,0.00014912091055832105,0.0
trefoil,96.0,0.05,winckelmans,0.75,0.5,19.0,4.284340981972931e-05,9.04945488423383e-05,0.0
mirror_trefoil,96.0,0.05,winckelmans,0.75,0.5,19.0,4.284340981972931e-05,1.2005511512677764e-05,0.0
trefoil,96.0,0.05,winckelmans,0.75,1.0,19.0,4.284340981972931e-05,0.00018298716444926488,0.0
mirror_trefoil,96.0,0.05,winckelmans,0.75,1.0,19.0,4.284340981972931e-05,7.439826057398934e-05,0.0
trefoil,96.0,0.05,winckelmans,0.75,0.5,37.0,2.917471234028636e-05,6.1893712105447e-05,0.0
mirror_trefoil,96.0,0.05,winckelmans,0.75,0.5,37.0,2.917471234028636e-05,8.220809384025598e-06,0.0
trefoil,96.0,0.05,winckelmans,0.75,1.0,37.0,2.917471234028636e-05,0.0001251588931387874,0.0
mirror_trefoil,96.0,0.05,winckelmans,0.75,1.0,37.0,2.917471234028636e-05,5.0902747765592943e-05,0.0
trefoil,96.0,0.05,winckelmans,0.75,0.5,61.0,2.4289729598563633e-05,5.164033470378416e-05,0.0
mirror_trefoil,96.0,0.05,winckelmans,0.75,0.5,61.0,2.4289729598563633e-05,6.847613293548089e-06,0.0
trefoil,96.0,0.05,winckelmans,0.75,1.0,61.0,2.4289729598563633e-05,0.00010441639146189946,0.0
mirror_trefoil,96.0,0.05,winckelmans,0.75,1.0,61.0,2.4289729598563633e-05,4.244880997732085e-05,0.0
trefoil,96.0,0.05,winckelmans,1.0,-0.5,1.0,0.0,2.185071211441217e-16,0.0
mirror_trefoil,96.0,0.05,winckelmans,1.0,-0.5,1.0,0.0,0.0,0.0
trefoil,96.0,0.05,winckelmans,1.0,-1.0,1.0,0.0,0.0,0.0
mirror_trefoil,96.0,0.05,winckelmans,1.0,-1.0,1.0,0.0,0.0,0.0
trefoil,96.0,0.05,winckelmans,1.0,-0.5,7.0,0.00033453770787390846,0.0002803544468192592,0.0
mirror_trefoil,96.0,0.05,winckelmans,1.0,-0.5,7.0,0.00033453770787390846,0.0009499757419063828,0.0
trefoil,96.0,0.05,winckelmans,1.0,-1.0,7.0,0.00033453770787390846,1.5997612246548343e-05,0.0
mirror_trefoil,96.0,0.05,winckelmans,1.0,-1.0,7.0,0.00033453770787390846,0.0016350600935059766,0.0
trefoil,96.0,0.05,winckelmans,1.0,-0.5,19.0,0.0003683979540514056,9.371905891065488e-05,0.0
mirror_trefoil,96.0,0.05,winckelmans,1.0,-0.5,19.0,0.0003683979540514056,0.0007483908285008669,0.0
trefoil,96.0,0.05,winckelmans,1.0,-1.0,19.0,0.0003683979540514056,0.0006048118356031778,0.0
mirror_trefoil,96.0,0.05,winckelmans,1.0,-1.0,19.0,0.0003683979540514056,0.001509909154785058,0.0
trefoil,96.0,0.05,winckelmans,1.0,-0.5,37.0,0.00022293747395201342,5.7995810643281684e-05,0.0
mirror_trefoil,96.0,0.05,winckelmans,1.0,-0.5,37.0,0.00022293747395201342,0.0004571061252327714,0.0
trefoil,96.0,0.05,winckelmans,1.0,-1.0,37.0,0.00022293747395201342,0.0003708252086562928,0.0
mirror_trefoil,96.0,0.05,winckelmans,1.0,-1.0,37.0,0.00022293747395201342,0.0009226195453713931,0.0
trefoil,96.0,0.05,winckelmans,1.0,-0.5,61.0,0.00017632530848061455,4.591867499994747e-05,0.0
mirror_trefoil,96.0,0.05,winckelmans,1.0,-0.5,61.0,0.00017632530848061455,0.0003636866339294549,0.0
trefoil,96.0,0.05,winckelmans,1.0,-1.0,61.0,0.00017632530848061455,0.0002946157177684553,0.0
mirror_trefoil,96.0,0.05,winckelmans,1.0,-1.0,61.0,0.00017632530848061455,0.00073386789080076,0.0
trefoil,96.0,0.05,winckelmans,1.0,0.5,1.0,0.0,0.0,0.0
mirror_trefoil,96.0,0.05,winckelmans,1.0,0.5,1.0,0.0,2.185071211441217e-16,0.0
trefoil,96.0,0.05,winckelmans,1.0,1.0,1.0,0.0,0.0,0.0
mirror_trefoil,96.0,0.05,winckelmans,1.0,1.0,1.0,0.0,0.0,0.0
trefoil,96.0,0.05,winckelmans,1.0,0.5,7.0,0.00033453770787390846,0.0009499757419063828,0.0
mirror_trefoil,96.0,0.05,winckelmans,1.0,0.5,7.0,0.00033453770787390846,0.0002803544468192592,0.0
trefoil,96.0,0.05,winckelmans,1.0,1.0,7.0,0.00033453770787390846,0.0016350600935059766,0.0
mirror_trefoil,96.0,0.05,winckelmans,1.0,1.0,7.0,0.00033453770787390846,1.5997612246548343e-05,0.0
trefoil,96.0,0.05,winckelmans,1.0,0.5,19.0,0.0003683979540514056,0.0007483908285008669,0.0
mirror_trefoil,96.0,0.05,winckelmans,1.0,0.5,19.0,0.0003683979540514056,9.371905891065488e-05,0.0
trefoil,96.0,0.05,winckelmans,1.0,1.0,19.0,0.0003683979540514056,0.001509909154785058,0.0
mirror_trefoil,96.0,0.05,winckelmans,1.0,1.0,19.0,0.0003683979540514056,0.0006048118356031778,0.0
trefoil,96.0,0.05,winckelmans,1.0,0.5,37.0,0.00022293747395201342,0.0004571061252327714,0.0
mirror_trefoil,96.0,0.05,winckelmans,1.0,0.5,37.0,0.00022293747395201342,5.7995810643281684e-05,0.0
trefoil,96.0,0.05,winckelmans,1.0,1.0,37.0,0.00022293747395201342,0.0009226195453713931,0.0
mirror_trefoil,96.0,0.05,winckelmans,1.0,1.0,37.0,0.00022293747395201342,0.0003708252086562928,0.0
trefoil,96.0,0.05,winckelmans,1.0,0.5,61.0,0.00017632530848061455,0.0003636866339294549,0.0
mirror_trefoil,96.0,0.05,winckelmans,1.0,0.5,61.0,0.00017632530848061455,4.591867499994747e-05,0.0
trefoil,96.0,0.05,winckelmans,1.0,1.0,61.0,0.00017632530848061455,0.00073386789080076,0.0
mirror_trefoil,96.0,0.05,winckelmans,1.0,1.0,61.0,0.00017632530848061455,0.0002946157177684553,0.0
trefoil,128.0,0.04,rosenhead,0.75,-0.5,1.0,0.0,0.0,0.0
mirror_trefoil,128.0,0.04,rosenhead,0.75,-0.5,1.0,0.0,2.1847744604493883e-16,0.0
trefoil,128.0,0.04,rosenhead,0.75,-1.0,1.0,0.0,0.0,0.0
mirror_trefoil,128.0,0.04,rosenhead,0.75,-1.0,1.0,0.0,0.0,0.0
trefoil,128.0,0.04,rosenhead,0.75,-0.5,7.0,0.00011678222887584792,5.4006141873159445e-05,0.0
mirror_trefoil,128.0,0.04,rosenhead,0.75,-0.5,7.0,0.00011678222887584792,0.0003115033876909883,0.0
trefoil,128.0,0.04,rosenhead,0.75,-1.0,7.0,0.00011678222887584792,9.975879718394031e-05,0.0
mirror_trefoil,128.0,0.04,rosenhead,0.75,-1.0,7.0,0.00011678222887584792,0.0005677190430458388,0.0
trefoil,128.0,0.04,rosenhead,0.75,-0.5,19.0,5.7500558901672855e-05,1.3346653047397257e-05,0.0
mirror_trefoil,128.0,0.04,rosenhead,0.75,-0.5,19.0,5.7500558901672855e-05,0.0001418416366161732,0.0
trefoil,128.0,0.04,rosenhead,0.75,-1.0,19.0,5.7500558901672855e-05,6.725802644588248e-05,0.0
mirror_trefoil,128.0,0.04,rosenhead,0.75,-1.0,19.0,5.7500558901672855e-05,0.0002656274729864764,0.0
trefoil,128.0,0.04,rosenhead,0.75,-0.5,37.0,3.8575542933707916e-05,8.457082849223767e-06,0.0
mirror_trefoil,128.0,0.04,rosenhead,0.75,-0.5,37.0,3.8575542933707916e-05,9.497888186722646e-05,0.0
trefoil,128.0,0.04,rosenhead,0.75,-1.0,37.0,3.8575542933707916e-05,4.5969438596011526e-05,0.0
mirror_trefoil,128.0,0.04,rosenhead,0.75,-1.0,37.0,3.8575542933707916e-05,0.00017816845575425257,0.0
trefoil,128.0,0.04,rosenhead,0.75,-0.5,61.0,3.190206995150908e-05,6.84859669805309e-06,0.0
mirror_trefoil,128.0,0.04,rosenhead,0.75,-0.5,61.0,3.190206995150908e-05,7.851247401178022e-05,0.0
trefoil,128.0,0.04,rosenhead,0.75,-1.0,61.0,3.190206995150908e-05,3.827621112222992e-05,0.0
mirror_trefoil,128.0,0.04,rosenhead,0.75,-1.0,61.0,3.190206995150908e-05,0.00014736880185666499,0.0
trefoil,128.0,0.04,rosenhead,0.75,0.5,1.0,0.0,2.1847744604493883e-16,0.0
mirror_trefoil,128.0,0.04,rosenhead,0.75,0.5,1.0,0.0,0.0,0.0
trefoil,128.0,0.04,rosenhead,0.75,1.0,1.0,0.0,0.0,0.0
mirror_trefoil,128.0,0.04,rosenhead,0.75,1.0,1.0,0.0,0.0,0.0
trefoil,128.0,0.04,rosenhead,0.75,0.5,7.0,0.00011678222887584792,0.0003115033876909883,0.0
mirror_trefoil,128.0,0.04,rosenhead,0.75,0.5,7.0,0.00011678222887584792,5.4006141873159445e-05,0.0
trefoil,128.0,0.04,rosenhead,0.75,1.0,7.0,0.00011678222887584792,0.0005677190430458388,0.0
mirror_trefoil,128.0,0.04,rosenhead,0.75,1.0,7.0,0.00011678222887584792,9.975879718394031e-05,0.0
trefoil,128.0,0.04,rosenhead,0.75,0.5,19.0,5.7500558901672855e-05,0.0001418416366161732,0.0
mirror_trefoil,128.0,0.04,rosenhead,0.75,0.5,19.0,5.7500558901672855e-05,1.3346653047397257e-05,0.0
trefoil,128.0,0.04,rosenhead,0.75,1.0,19.0,5.7500558901672855e-05,0.0002656274729864764,0.0
mirror_trefoil,128.0,0.04,rosenhead,0.75,1.0,19.0,5.7500558901672855e-05,6.725802644588248e-05,0.0
trefoil,128.0,0.04,rosenhead,0.75,0.5,37.0,3.8575542933707916e-05,9.497888186722646e-05,0.0
mirror_trefoil,128.0,0.04,rosenhead,0.75,0.5,37.0,3.8575542933707916e-05,8.457082849223767e-06,0.0
trefoil,128.0,0.04,rosenhead,0.75,1.0,37.0,3.8575542933707916e-05,0.00017816845575425257,0.0
mirror_trefoil,128.0,0.04,rosenhead,0.75,1.0,37.0,3.8575542933707916e-05,4.5969438596011526e-05,0.0
trefoil,128.0,0.04,rosenhead,0.75,0.5,61.0,3.190206995150908e-05,7.851247401178022e-05,0.0
mirror_trefoil,128.0,0.04,rosenhead,0.75,0.5,61.0,3.190206995150908e-05,6.84859669805309e-06,0.0
trefoil,128.0,0.04,rosenhead,0.75,1.0,61.0,3.190206995150908e-05,0.00014736880185666499,0.0
mirror_trefoil,128.0,0.04,rosenhead,0.75,1.0,61.0,3.190206995150908e-05,3.827621112222992e-05,0.0
trefoil,128.0,0.04,rosenhead,1.0,-0.5,1.0,0.0,0.0,0.0
mirror_trefoil,128.0,0.04,rosenhead,1.0,-0.5,1.0,0.0,2.1847744604493883e-16,0.0
trefoil,128.0,0.04,rosenhead,1.0,-1.0,1.0,0.0,0.0,0.0
mirror_trefoil,128.0,0.04,rosenhead,1.0,-1.0,1.0,0.0,0.0,0.0
trefoil,128.0,0.04,rosenhead,1.0,-0.5,7.0,0.0003019787276633393,0.0010937588950149472,0.0
mirror_trefoil,128.0,0.04,rosenhead,1.0,-0.5,7.0,0.0003019787276633393,0.0015579682157000206,0.0
trefoil,128.0,0.04,rosenhead,1.0,-1.0,7.0,0.0003019787276633393,0.0011008342414427859,0.0
mirror_trefoil,128.0,0.04,rosenhead,1.0,-1.0,7.0,0.0003019787276633393,0.002316520066677282,0.0
trefoil,128.0,0.04,rosenhead,1.0,-0.5,19.0,0.0005529774959321329,0.00019869155869340507,0.0
mirror_trefoil,128.0,0.04,rosenhead,1.0,-0.5,19.0,0.0005529774959321329,0.0013958998836996921,0.0
trefoil,128.0,0.04,rosenhead,1.0,-1.0,19.0,0.0005529774959321329,0.0005307074082981989,0.0
mirror_trefoil,128.0,0.04,rosenhead,1.0,-1.0,19.0,0.0005529774959321329,0.0025726439568625557,0.0
trefoil,128.0,0.04,rosenhead,1.0,-0.5,37.0,0.00032192075382859157,0.00010481659652049279,0.0
mirror_trefoil,128.0,0.04,rosenhead,1.0,-0.5,37.0,0.00032192075382859157,0.0008079615091461088,0.0
trefoil,128.0,0.04,rosenhead,1.0,-1.0,37.0,0.00032192075382859157,0.0003270920772302646,0.0
mirror_trefoil,128.0,0.04,rosenhead,1.0,-1.0,37.0,0.00032192075382859157,0.001495201805825654,0.0
trefoil,128.0,0.04,rosenhead,1.0,-0.5,61.0,0.00024917636863659037,7.935435970096048e-05,0.0
mirror_trefoil,128.0,0.04,rosenhead,1.0,-0.5,61.0,0.00024917636863659037,0.0006253485376862837,0.0
trefoil,128.0,0.04,rosenhead,1.0,-1.0,61.0,0.00024917636863659037,0.0002566338963252416,0.0
mirror_trefoil,128.0,0.04,rosenhead,1.0,-1.0,61.0,0.00024917636863659037,0.001158301693584748,0.0
trefoil,128.0,0.04,rosenhead,1.0,0.5,1.0,0.0,2.1847744604493883e-16,0.0
mirror_trefoil,128.0,0.04,rosenhead,1.0,0.5,1.0,0.0,0.0,0.0
trefoil,128.0,0.04,rosenhead,1.0,1.0,1.0,0.0,0.0,0.0
mirror_trefoil,128.0,0.04,rosenhead,1.0,1.0,1.0,0.0,0.0,0.0
trefoil,128.0,0.04,rosenhead,1.0,0.5,7.0,0.0003019787276633393,0.0015579682157000206,0.0
mirror_trefoil,128.0,0.04,rosenhead,1.0,0.5,7.0,0.0003019787276633393,0.0010937588950149472,0.0
trefoil,128.0,0.04,rosenhead,1.0,1.0,7.0,0.0003019787276633393,0.002316520066677282,0.0
mirror_trefoil,128.0,0.04,rosenhead,1.0,1.0,7.0,0.0003019787276633393,0.0011008342414427859,0.0
trefoil,128.0,0.04,rosenhead,1.0,0.5,19.0,0.0005529774959321329,0.0013958998836996921,0.0
mirror_trefoil,128.0,0.04,rosenhead,1.0,0.5,19.0,0.0005529774959321329,0.00019869155869340507,0.0
trefoil,128.0,0.04,rosenhead,1.0,1.0,19.0,0.0005529774959321329,0.0025726439568625557,0.0
mirror_trefoil,128.0,0.04,rosenhead,1.0,1.0,19.0,0.0005529774959321329,0.0005307074082981989,0.0
trefoil,128.0,0.04,rosenhead,1.0,0.5,37.0,0.00032192075382859157,0.0008079615091461088,0.0
mirror_trefoil,128.0,0.04,rosenhead,1.0,0.5,37.0,0.00032192075382859157,0.00010481659652049279,0.0
trefoil,128.0,0.04,rosenhead,1.0,1.0,37.0,0.00032192075382859157,0.001495201805825654,0.0
mirror_trefoil,128.0,0.04,rosenhead,1.0,1.0,37.0,0.00032192075382859157,0.0003270920772302646,0.0
trefoil,128.0,0.04,rosenhead,1.0,0.5,61.0,0.00024917636863659037,0.0006253485376862837,0.0
mirror_trefoil,128.0,0.04,rosenhead,1.0,0.5,61.0,0.00024917636863659037,7.935435970096048e-05,0.0
trefoil,128.0,0.04,rosenhead,1.0,1.0,61.0,0.00024917636863659037,0.001158301693584748,0.0
mirror_trefoil,128.0,0.04,rosenhead,1.0,1.0,61.0,0.00024917636863659037,0.0002566338963252416,0.0
trefoil,128.0,0.04,winckelmans,0.75,-0.5,1.0,0.0,1.1141707113052423e-16,0.0
mirror_trefoil,128.0,0.04,winckelmans,0.75,-0.5,1.0,0.0,2.1265247666589429e-16,0.0
trefoil,128.0,0.04,winckelmans,0.75,-1.0,1.0,0.0,0.0,0.0
mirror_trefoil,128.0,0.04,winckelmans,0.75,-1.0,1.0,0.0,0.0,0.0
trefoil,128.0,0.04,winckelmans,0.75,-0.5,7.0,0.00011678222887584792,7.687426479879184e-05,0.0
mirror_trefoil,128.0,0.04,winckelmans,0.75,-0.5,7.0,0.00011678222887584792,0.0002883104007002187,0.0
trefoil,128.0,0.04,winckelmans,0.75,-1.0,7.0,0.00011678222887584792,5.8970150557591425e-05,0.0
mirror_trefoil,128.0,0.04,winckelmans,0.75,-1.0,7.0,0.00011678222887584792,0.0005281504713149505,0.0
trefoil,128.0,0.04,winckelmans,0.75,-0.5,19.0,5.7500558901672855e-05,2.337382753806074e-05,0.0
mirror_trefoil,128.0,0.04,winckelmans,0.75,-0.5,19.0,5.7500558901672855e-05,0.00013004801454581663,0.0
trefoil,128.0,0.04,winckelmans,0.75,-1.0,19.0,5.7500558901672855e-05,4.988471838814043e-05,0.0
mirror_trefoil,128.0,0.04,winckelmans,0.75,-1.0,19.0,5.7500558901672855e-05,0.00024505856580388387,0.0
trefoil,128.0,0.04,winckelmans,0.75,-0.5,37.0,3.8575542933707916e-05,1.5325025385708197e-05,0.0
mirror_trefoil,128.0,0.04,winckelmans,0.75,-0.5,37.0,3.8575542933707916e-05,8.71840202911579e-05,0.0
trefoil,128.0,0.04,winckelmans,0.75,-1.0,37.0,3.8575542933707916e-05,3.4153930898201375e-05,0.0
mirror_trefoil,128.0,0.04,winckelmans,0.75,-1.0,37.0,3.8575542933707916e-05,0.00016449269115297561,0.0
trefoil,128.0,0.04,winckelmans,0.75,-0.5,61.0,3.190206995150908e-05,1.2581712273320381e-05,0.0
mirror_trefoil,128.0,0.04,winckelmans,0.75,-0.5,61.0,3.190206995150908e-05,7.210872381179499e-05,0.0
trefoil,128.0,0.04,winckelmans,0.75,-1.0,61.0,3.190206995150908e-05,2.8440987235887406e-05,0.0
mirror_trefoil,128.0,0.04,winckelmans,0.75,-1.0,61.0,3.190206995150908e-05,0.00013610536032455773,0.0
trefoil,128.0,0.04,winckelmans,0.75,0.5,1.0,0.0,2.1265247666589429e-16,0.0
mirror_trefoil,128.0,0.04,winckelmans,0.75,0.5,1.0,0.0,1.1141707113052423e-16,0.0
trefoil,128.0,0.04,winckelmans,0.75,1.0,1.0,0.0,0.0,0.0
mirror_trefoil,128.0,0.04,winckelmans,0.75,1.0,1.0,0.0,0.0,0.0
trefoil,128.0,0.04,winckelmans,0.75,0.5,7.0,0.00011678222887584792,0.0002883104007002187,0.0
mirror_trefoil,128.0,0.04,winckelmans,0.75,0.5,7.0,0.00011678222887584792,7.687426479879184e-05,0.0
trefoil,128.0,0.04,winckelmans,0.75,1.0,7.0,0.00011678222887584792,0.0005281504713149505,0.0
mirror_trefoil,128.0,0.04,winckelmans,0.75,1.0,7.0,0.00011678222887584792,5.8970150557591425e-05,0.0
trefoil,128.0,0.04,winckelmans,0.75,0.5,19.0,5.7500558901672855e-05,0.00013004801454581663,0.0
mirror_trefoil,128.0,0.04,winckelmans,0.75,0.5,19.0,5.7500558901672855e-05,2.337382753806074e-05,0.0
trefoil,128.0,0.04,winckelmans,0.75,1.0,19.0,5.7500558901672855e-05,0.00024505856580388387,0.0
mirror_trefoil,128.0,0.04,winckelmans,0.75,1.0,19.0,5.7500558901672855e-05,4.988471838814043e-05,0.0
trefoil,128.0,0.04,winckelmans,0.75,0.5,37.0,3.8575542933707916e-05,8.71840202911579e-05,0.0
mirror_trefoil,128.0,0.04,winckelmans,0.75,0.5,37.0,3.8575542933707916e-05,1.5325025385708197e-05,0.0
trefoil,128.0,0.04,winckelmans,0.75,1.0,37.0,3.8575542933707916e-05,0.00016449269115297561,0.0
mirror_trefoil,128.0,0.04,winckelmans,0.75,1.0,37.0,3.8575542933707916e-05,3.4153930898201375e-05,0.0
trefoil,128.0,0.04,winckelmans,0.75,0.5,61.0,3.190206995150908e-05,7.210872381179499e-05,0.0
mirror_trefoil,128.0,0.04,winckelmans,0.75,0.5,61.0,3.190206995150908e-05,1.2581712273320381e-05,0.0
trefoil,128.0,0.04,winckelmans,0.75,1.0,61.0,3.190206995150908e-05,0.00013610536032455773,0.0
mirror_trefoil,128.0,0.04,winckelmans,0.75,1.0,61.0,3.190206995150908e-05,2.8440987235887406e-05,0.0
trefoil,128.0,0.04,winckelmans,1.0,-0.5,1.0,0.0,1.1141707113052423e-16,0.0
mirror_trefoil,128.0,0.04,winckelmans,1.0,-0.5,1.0,0.0,2.1265247666589429e-16,0.0
trefoil,128.0,0.04,winckelmans,1.0,-1.0,1.0,0.0,0.0,0.0
mirror_trefoil,128.0,0.04,winckelmans,1.0,-1.0,1.0,0.0,0.0,0.0
trefoil,128.0,0.04,winckelmans,1.0,-0.5,7.0,0.0003019787276633393,0.0011831460740942348,0.0
mirror_trefoil,128.0,0.04,winckelmans,1.0,-0.5,7.0,0.0003019787276633393,0.0014839298334760357,0.0
trefoil,128.0,0.04,winckelmans,1.0,-1.0,7.0,0.0003019787276633393,0.001319407693759112,0.0
mirror_trefoil,128.0,0.04,winckelmans,1.0,-1.0,7.0,0.0003019787276633393,0.0022415617676805606,0.0
trefoil,128.0,0.04,winckelmans,1.0,-0.5,19.0,0.0005529774959321329,0.0002800037349107029,0.0
mirror_trefoil,128.0,0.04,winckelmans,1.0,-0.5,19.0,0.0005529774959321329,0.001269293641063838,0.0
trefoil,128.0,0.04,winckelmans,1.0,-1.0,19.0,0.0005529774959321329,0.0003795027612774475,0.0
mirror_trefoil,128.0,0.04,winckelmans,1.0,-1.0,19.0,0.0005529774959321329,0.0023614683454675103,0.0
trefoil,128.0,0.04,winckelmans,1.0,-0.5,37.0,0.00032192075382859157,0.00015478415116187917,0.0
mirror_trefoil,128.0,0.04,winckelmans,1.0,-0.5,37.0,0.00032192075382859157,0.0007365273692562296,0.0
trefoil,128.0,0.04,winckelmans,1.0,-1.0,37.0,0.00032192075382859157,0.00023621004696010975,0.0
mirror_trefoil,128.0,0.04,winckelmans,1.0,-1.0,37.0,0.00032192075382859157,0.0013746571631541257,0.0
trefoil,128.0,0.04,winckelmans,1.0,-0.5,61.0,0.00024917636863659037,0.00011911310451571852,0.0
mirror_trefoil,128.0,0.04,winckelmans,1.0,-0.5,61.0,0.00024917636863659037,0.0005709090094092627,0.0
trefoil,128.0,0.04,winckelmans,1.0,-1.0,61.0,0.00024917636863659037,0.0001849133575385289,0.0
mirror_trefoil,128.0,0.04,winckelmans,1.0,-1.0,61.0,0.00024917636863659037,0.00106600160138569,0.0
trefoil,128.0,0.04,winckelmans,1.0,0.5,1.0,0.0,2.1265247666589429e-16,0.0
mirror_trefoil,128.0,0.04,winckelmans,1.0,0.5,1.0,0.0,1.1141707113052423e-16,0.0
trefoil,128.0,0.04,winckelmans,1.0,1.0,1.0,0.0,0.0,0.0
mirror_trefoil,128.0,0.04,winckelmans,1.0,1.0,1.0,0.0,0.0,0.0
trefoil,128.0,0.04,winckelmans,1.0,0.5,7.0,0.0003019787276633393,0.0014839298334760357,0.0
mirror_trefoil,128.0,0.04,winckelmans,1.0,0.5,7.0,0.0003019787276633393,0.0011831460740942348,0.0
trefoil,128.0,0.04,winckelmans,1.0,1.0,7.0,0.0003019787276633393,0.0022415617676805606,0.0
mirror_trefoil,128.0,0.04,winckelmans,1.0,1.0,7.0,0.0003019787276633393,0.001319407693759112,0.0
trefoil,128.0,0.04,winckelmans,1.0,0.5,19.0,0.0005529774959321329,0.001269293641063838,0.0
mirror_trefoil,128.0,0.04,winckelmans,1.0,0.5,19.0,0.0005529774959321329,0.0002800037349107029,0.0
trefoil,128.0,0.04,winckelmans,1.0,1.0,19.0,0.0005529774959321329,0.0023614683454675103,0.0
mirror_trefoil,128.0,0.04,winckelmans,1.0,1.0,19.0,0.0005529774959321329,0.0003795027612774475,0.0
trefoil,128.0,0.04,winckelmans,1.0,0.5,37.0,0.00032192075382859157,0.0007365273692562296,0.0
mirror_trefoil,128.0,0.04,winckelmans,1.0,0.5,37.0,0.00032192075382859157,0.00015478415116187917,0.0
trefoil,128.0,0.04,winckelmans,1.0,1.0,37.0,0.00032192075382859157,0.0013746571631541257,0.0
mirror_trefoil,128.0,0.04,winckelmans,1.0,1.0,37.0,0.00032192075382859157,0.00023621004696010975,0.0
trefoil,128.0,0.04,winckelmans,1.0,0.5,61.0,0.00024917636863659037,0.0005709090094092627,0.0
mirror_trefoil,128.0,0.04,winckelmans,1.0,0.5,61.0,0.00024917636863659037,0.00011911310451571852,0.0
trefoil,128.0,0.04,winckelmans,1.0,1.0,61.0,0.00024917636863659037,0.00106600160138569,0.0
mirror_trefoil,128.0,0.04,winckelmans,1.0,1.0,61.0,0.00024917636863659037,0.0001849133575385289,0.0
trefoil,128.0,0.05,rosenhead,0.75,-0.5,1.0,0.0,0.0,0.0
mirror_trefoil,128.0,0.05,rosenhead,0.75,-0.5,1.0,0.0,0.0,0.0
trefoil,128.0,0.05,rosenhead,0.75,-1.0,1.0,0.0,0.0,0.0
mirror_trefoil,128.0,0.05,rosenhead,0.75,-1.0,1.0,0.0,0.0,0.0
trefoil,128.0,0.05,rosenhead,0.75,-0.5,7.0,8.816239300710833e-05,2.389555015261169e-05,0.0
mirror_trefoil,128.0,0.05,rosenhead,0.75,-0.5,7.0,8.816239300710833e-05,0.0002394713994838138,0.0
trefoil,128.0,0.05,rosenhead,0.75,-1.0,7.0,8.816239300710833e-05,0.00010058480613326534,0.0
mirror_trefoil,128.0,0.05,rosenhead,0.75,-1.0,7.0,8.816239300710833e-05,0.0004391993548782442,0.0
trefoil,128.0,0.05,rosenhead,0.75,-0.5,19.0,4.028447365511932e-05,4.845435371095982e-06,0.0
mirror_trefoil,128.0,0.05,rosenhead,0.75,-0.5,19.0,4.028447365511932e-05,0.00010390075792406345,0.0
trefoil,128.0,0.05,rosenhead,0.75,-1.0,19.0,4.028447365511932e-05,5.40451481599944e-05,0.0
mirror_trefoil,128.0,0.05,rosenhead,0.75,-1.0,19.0,4.028447365511932e-05,0.0001941576224532357,0.0
trefoil,128.0,0.05,rosenhead,0.75,-0.5,37.0,2.7385648718134928e-05,2.9682444155611903e-06,0.0
mirror_trefoil,128.0,0.05,rosenhead,0.75,-0.5,37.0,2.7385648718134928e-05,7.048704914819015e-05,0.0
trefoil,128.0,0.05,rosenhead,0.75,-1.0,37.0,2.7385648718134928e-05,3.726571102420076e-05,0.0
mirror_trefoil,128.0,0.05,rosenhead,0.75,-1.0,37.0,2.7385648718134928e-05,0.00013192458971541225,0.0
trefoil,128.0,0.05,rosenhead,0.75,-0.5,61.0,2.278118052746994e-05,2.3698231517141343e-06,0.0
mirror_trefoil,128.0,0.05,rosenhead,0.75,-0.5,61.0,2.278118052746994e-05,5.859912114537365e-05,0.0
trefoil,128.0,0.05,rosenhead,0.75,-1.0,61.0,2.278118052746994e-05,3.116503413273503e-05,0.0
mirror_trefoil,128.0,0.05,rosenhead,0.75,-1.0,61.0,2.278118052746994e-05,0.00010973835102215438,0.0
trefoil,128.0,0.05,rosenhead,0.75,0.5,1.0,0.0,0.0,0.0
mirror_trefoil,128.0,0.05,rosenhead,0.75,0.5,1.0,0.0,0.0,0.0
trefoil,128.0,0.05,rosenhead,0.75,1.0,1.0,0.0,0.0,0.0
mirror_trefoil,128.0,0.05,rosenhead,0.75,1.0,1.0,0.0,0.0,0.0
trefoil,128.0,0.05,rosenhead,0.75,0.5,7.0,8.816239300710833e-05,0.0002394713994838138,0.0
mirror_trefoil,128.0,0.05,rosenhead,0.75,0.5,7.0,8.816239300710833e-05,2.389555015261169e-05,0.0
trefoil,128.0,0.05,rosenhead,0.75,1.0,7.0,8.816239300710833e-05,0.0004391993548782442,0.0
mirror_trefoil,128.0,0.05,rosenhead,0.75,1.0,7.0,8.816239300710833e-05,0.00010058480613326534,0.0
trefoil,128.0,0.05,rosenhead,0.75,0.5,19.0,4.028447365511932e-05,0.00010390075792406345,0.0
mirror_trefoil,128.0,0.05,rosenhead,0.75,0.5,19.0,4.028447365511932e-05,4.845435371095982e-06,0.0
trefoil,128.0,0.05,rosenhead,0.75,1.0,19.0,4.028447365511932e-05,0.0001941576224532357,0.0
mirror_trefoil,128.0,0.05,rosenhead,0.75,1.0,19.0,4.028447365511932e-05,5.40451481599944e-05,0.0
trefoil,128.0,0.05,rosenhead,0.75,0.5,37.0,2.7385648718134928e-05,7.048704914819015e-05,0.0
mirror_trefoil,128.0,0.05,rosenhead,0.75,0.5,37.0,2.7385648718134928e-05,2.9682444155611903e-06,0.0
trefoil,128.0,0.05,rosenhead,0.75,1.0,37.0,2.7385648718134928e-05,0.00013192458971541225,0.0
mirror_trefoil,128.0,0.05,rosenhead,0.75,1.0,37.0,2.7385648718134928e-05,3.726571102420076e-05,0.0
trefoil,128.0,0.05,rosenhead,0.75,0.5,61.0,2.278118052746994e-05,5.859912114537365e-05,0.0
mirror_trefoil,128.0,0.05,rosenhead,0.75,0.5,61.0,2.278118052746994e-05,2.3698231517141343e-06,0.0
trefoil,128.0,0.05,rosenhead,0.75,1.0,61.0,2.278118052746994e-05,0.00010973835102215438,0.0
mirror_trefoil,128.0,0.05,rosenhead,0.75,1.0,61.0,2.278118052746994e-05,3.116503413273503e-05,0.0
trefoil,128.0,0.05,rosenhead,1.0,-0.5,1.0,0.0,0.0,0.0
mirror_trefoil,128.0,0.05,rosenhead,1.0,-0.5,1.0,0.0,0.0,0.0
trefoil,128.0,0.05,rosenhead,1.0,-1.0,1.0,0.0,0.0,0.0
mirror_trefoil,128.0,0.05,rosenhead,1.0,-1.0,1.0,0.0,0.0,0.0
trefoil,128.0,0.05,rosenhead,1.0,-0.5,7.0,0.00030565733536308466,0.0005689617985148951,0.0
mirror_trefoil,128.0,0.05,rosenhead,1.0,-0.5,7.0,0.00030565733536308466,0.0012250954239870454,0.0
trefoil,128.0,0.05,rosenhead,1.0,-1.0,7.0,0.00030565733536308466,0.0003273708120455761,0.0
mirror_trefoil,128.0,0.05,rosenhead,1.0,-1.0,7.0,0.00030565733536308466,0.0019550616448967685,0.0
trefoil,128.0,0.05,rosenhead,1.0,-0.5,19.0,0.0003516960219589683,8.539595694141305e-05,0.0
mirror_trefoil,128.0,0.05,rosenhead,1.0,-0.5,19.0,0.0003516960219589683,0.0009287569971805267,0.0
trefoil,128.0,0.05,rosenhead,1.0,-1.0,19.0,0.0003516960219589683,0.00040367668492518097,0.0
mirror_trefoil,128.0,0.05,rosenhead,1.0,-1.0,19.0,0.0003516960219589683,0.0017086085723138726,0.0
trefoil,128.0,0.05,rosenhead,1.0,-0.5,37.0,0.0002118101785104644,4.465836881629822e-05,0.0
mirror_trefoil,128.0,0.05,rosenhead,1.0,-0.5,37.0,0.0002118101785104644,0.0005562127632157035,0.0
trefoil,128.0,0.05,rosenhead,1.0,-1.0,37.0,0.0002118101785104644,0.0002540123877663761,0.0
mirror_trefoil,128.0,0.05,rosenhead,1.0,-1.0,37.0,0.0002118101785104644,0.0010273379205608566,0.0
trefoil,128.0,0.05,rosenhead,1.0,-0.5,61.0,0.00016671081759037144,3.3469436906117344e-05,0.0
mirror_trefoil,128.0,0.05,rosenhead,1.0,-0.5,61.0,0.00016671081759037144,0.00043730609420632394,0.0
trefoil,128.0,0.05,rosenhead,1.0,-1.0,61.0,0.00016671081759037144,0.00020281349209266654,0.0
mirror_trefoil,128.0,0.05,rosenhead,1.0,-1.0,61.0,0.00016671081759037144,0.0008087493495367245,0.0
trefoil,128.0,0.05,rosenhead,1.0,0.5,1.0,0.0,0.0,0.0
mirror_trefoil,128.0,0.05,rosenhead,1.0,0.5,1.0,0.0,0.0,0.0
trefoil,128.0,0.05,rosenhead,1.0,1.0,1.0,0.0,0.0,0.0
mirror_trefoil,128.0,0.05,rosenhead,1.0,1.0,1.0,0.0,0.0,0.0
trefoil,128.0,0.05,rosenhead,1.0,0.5,7.0,0.00030565733536308466,0.0012250954239870454,0.0
mirror_trefoil,128.0,0.05,rosenhead,1.0,0.5,7.0,0.00030565733536308466,0.0005689617985148951,0.0
trefoil,128.0,0.05,rosenhead,1.0,1.0,7.0,0.00030565733536308466,0.0019550616448967685,0.0
mirror_trefoil,128.0,0.05,rosenhead,1.0,1.0,7.0,0.00030565733536308466,0.0003273708120455761,0.0
trefoil,128.0,0.05,rosenhead,1.0,0.5,19.0,0.0003516960219589683,0.0009287569971805267,0.0
mirror_trefoil,128.0,0.05,rosenhead,1.0,0.5,19.0,0.0003516960219589683,8.539595694141305e-05,0.0
trefoil,128.0,0.05,rosenhead,1.0,1.0,19.0,0.0003516960219589683,0.0017086085723138726,0.0
mirror_trefoil,128.0,0.05,rosenhead,1.0,1.0,19.0,0.0003516960219589683,0.00040367668492518097,0.0
trefoil,128.0,0.05,rosenhead,1.0,0.5,37.0,0.0002118101785104644,0.0005562127632157035,0.0
mirror_trefoil,128.0,0.05,rosenhead,1.0,0.5,37.0,0.0002118101785104644,4.465836881629822e-05,0.0
trefoil,128.0,0.05,rosenhead,1.0,1.0,37.0,0.0002118101785104644,0.0010273379205608566,0.0
mirror_trefoil,128.0,0.05,rosenhead,1.0,1.0,37.0,0.0002118101785104644,0.0002540123877663761,0.0
trefoil,128.0,0.05,rosenhead,1.0,0.5,61.0,0.00016671081759037144,0.00043730609420632394,0.0
mirror_trefoil,128.0,0.05,rosenhead,1.0,0.5,61.0,0.00016671081759037144,3.3469436906117344e-05,0.0
trefoil,128.0,0.05,rosenhead,1.0,1.0,61.0,0.00016671081759037144,0.0008087493495367245,0.0
mirror_trefoil,128.0,0.05,rosenhead,1.0,1.0,61.0,0.00016671081759037144,0.00020281349209266654,0.0
trefoil,128.0,0.05,winckelmans,0.75,-0.5,1.0,0.0,0.0,0.0
mirror_trefoil,128.0,0.05,winckelmans,0.75,-0.5,1.0,0.0,0.0,0.0
trefoil,128.0,0.05,winckelmans,0.75,-1.0,1.0,0.0,1.8285287914694152e-16,0.0
mirror_trefoil,128.0,0.05,winckelmans,0.75,-1.0,1.0,0.0,0.0,0.0
trefoil,128.0,0.05,winckelmans,0.75,-0.5,7.0,8.816239300710833e-05,4.507854176522917e-05,0.0
mirror_trefoil,128.0,0.05,winckelmans,0.75,-0.5,7.0,8.816239300710833e-05,0.00021502729064868574,0.0
trefoil,128.0,0.05,winckelmans,0.75,-1.0,7.0,8.816239300710833e-05,6.489059105643243e-05,0.0
mirror_trefoil,128.0,0.05,winckelmans,0.75,-1.0,7.0,8.816239300710833e-05,0.0003980801361085458,0.0
trefoil,128.0,0.05,winckelmans,0.75,-0.5,19.0,4.028447365511932e-05,1.3701411355940428e-05,0.0
mirror_trefoil,128.0,0.05,winckelmans,0.75,-0.5,19.0,4.028447365511932e-05,9.244287026421215e-05,0.0
trefoil,128.0,0.05,winckelmans,0.75,-1.0,19.0,4.028447365511932e-05,3.942159978240751e-05,0.0
mirror_trefoil,128.0,0.05,winckelmans,0.75,-1.0,19.0,4.028447365511932e-05,0.00017461708861843958,0.0
trefoil,128.0,0.05,winckelmans,0.75,-0.5,37.0,2.7385648718134928e-05,9.098998796200657e-06,0.0
mirror_trefoil,128.0,0.05,winckelmans,0.75,-0.5,37.0,2.7385648718134928e-05,6.279691395545828e-05,0.0
trefoil,128.0,0.05,winckelmans,0.75,-1.0,37.0,2.7385648718134928e-05,2.7202715670035632e-05,0.0
mirror_trefoil,128.0,0.05,winckelmans,0.75,-1.0,37.0,2.7385648718134928e-05,0.00011874475406622271,0.0
trefoil,128.0,0.05,winckelmans,0.75,-0.5,61.0,2.278118052746994e-05,7.511009280656206e-06,0.0
mirror_trefoil,128.0,0.05,winckelmans,0.75,-0.5,61.0,2.278118052746994e-05,5.223768364241406e-05,0.0
trefoil,128.0,0.05,winckelmans,0.75,-1.0,61.0,2.278118052746994e-05,2.2746443360301694e-05,0.0
mirror_trefoil,128.0,0.05,winckelmans,0.75,-1.0,61.0,2.278118052746994e-05,9.881312226511564e-05,0.0
trefoil,128.0,0.05,winckelmans,0.75,0.5,1.0,0.0,0.0,0.0
mirror_trefoil,128.0,0.05,winckelmans,0.75,0.5,1.0,0.0,0.0,0.0
trefoil,128.0,0.05,winckelmans,0.75,1.0,1.0,0.0,0.0,0.0
mirror_trefoil,128.0,0.05,winckelmans,0.75,1.0,1.0,0.0,1.8285287914694152e-16,0.0
trefoil,128.0,0.05,winckelmans,0.75,0.5,7.0,8.816239300710833e-05,0.00021502729064868574,0.0
mirror_trefoil,128.0,0.05,winckelmans,0.75,0.5,7.0,8.816239300710833e-05,4.507854176522917e-05,0.0
trefoil,128.0,0.05,winckelmans,0.75,1.0,7.0,8.816239300710833e-05,0.0003980801361085458,0.0
mirror_trefoil,128.0,0.05,winckelmans,0.75,1.0,7.0,8.816239300710833e-05,6.489059105643243e-05,0.0
trefoil,128.0,0.05,winckelmans,0.75,0.5,19.0,4.028447365511932e-05,9.244287026421215e-05,0.0
mirror_trefoil,128.0,0.05,winckelmans,0.75,0.5,19.0,4.028447365511932e-05,1.3701411355940428e-05,0.0
trefoil,128.0,0.05,winckelmans,0.75,1.0,19.0,4.028447365511932e-05,0.00017461708861843958,0.0
mirror_trefoil,128.0,0.05,winckelmans,0.75,1.0,19.0,4.028447365511932e-05,3.942159978240751e-05,0.0
trefoil,128.0,0.05,winckelmans,0.75,0.5,37.0,2.7385648718134928e-05,6.279691395545828e-05,0.0
mirror_trefoil,128.0,0.05,winckelmans,0.75,0.5,37.0,2.7385648718134928e-05,9.098998796200657e-06,0.0
trefoil,128.0,0.05,winckelmans,0.75,1.0,37.0,2.7385648718134928e-05,0.00011874475406622271,0.0
mirror_trefoil,128.0,0.05,winckelmans,0.75,1.0,37.0,2.7385648718134928e-05,2.7202715670035632e-05,0.0
trefoil,128.0,0.05,winckelmans,0.75,0.5,61.0,2.278118052746994e-05,5.223768364241406e-05,0.0
mirror_trefoil,128.0,0.05,winckelmans,0.75,0.5,61.0,2.278118052746994e-05,7.511009280656206e-06,0.0
trefoil,128.0,0.05,winckelmans,0.75,1.0,61.0,2.278118052746994e-05,9.881312226511564e-05,0.0
mirror_trefoil,128.0,0.05,winckelmans,0.75,1.0,61.0,2.278118052746994e-05,2.2746443360301694e-05,0.0
trefoil,128.0,0.05,winckelmans,1.0,-0.5,1.0,0.0,0.0,0.0
mirror_trefoil,128.0,0.05,winckelmans,1.0,-0.5,1.0,0.0,0.0,0.0
trefoil,128.0,0.05,winckelmans,1.0,-1.0,1.0,0.0,1.8285287914694152e-16,0.0
mirror_trefoil,128.0,0.05,winckelmans,1.0,-1.0,1.0,0.0,0.0,0.0
trefoil,128.0,0.05,winckelmans,1.0,-0.5,7.0,0.00030565733536308466,0.0006596643504391956,0.0
mirror_trefoil,128.0,0.05,winckelmans,1.0,-0.5,7.0,0.00030565733536308466,0.0011274342308255434,0.0
trefoil,128.0,0.05,winckelmans,1.0,-1.0,7.0,0.00030565733536308466,0.0005192003418683964,0.0
mirror_trefoil,128.0,0.05,winckelmans,1.0,-1.0,7.0,0.00030565733536308466,0.0018275335743421133,0.0
trefoil,128.0,0.05,winckelmans,1.0,-0.5,19.0,0.0003516960219589683,0.00015060881493940574,0.0
mirror_trefoil,128.0,0.05,winckelmans,1.0,-0.5,19.0,0.0003516960219589683,0.0008174766842269124,0.0
trefoil,128.0,0.05,winckelmans,1.0,-1.0,19.0,0.0003516960219589683,0.00028866745697467906,0.0
mirror_trefoil,128.0,0.05,winckelmans,1.0,-1.0,19.0,0.0003516960219589683,0.0015265124110784055,0.0
trefoil,128.0,0.05,winckelmans,1.0,-0.5,37.0,0.0002118101785104644,8.621423917193913e-05,0.0
mirror_trefoil,128.0,0.05,winckelmans,1.0,-0.5,37.0,0.0002118101785104644,0.0004912630468839944,0.0
trefoil,128.0,0.05,winckelmans,1.0,-1.0,37.0,0.0002118101785104644,0.00018224254125702276,0.0
mirror_trefoil,128.0,0.05,winckelmans,1.0,-1.0,37.0,0.0002118101785104644,0.000919877327063231,0.0
trefoil,128.0,0.05,winckelmans,1.0,-0.5,61.0,0.00016671081759037144,6.70855792482988e-05,0.0
mirror_trefoil,128.0,0.05,winckelmans,1.0,-0.5,61.0,0.00016671081759037144,0.00038695900369807356,0.0
trefoil,128.0,0.05,winckelmans,1.0,-1.0,61.0,0.00016671081759037144,0.0001452339178023586,0.0
mirror_trefoil,128.0,0.05,winckelmans,1.0,-1.0,61.0,0.00016671081759037144,0.0007250462569226766,0.0
trefoil,128.0,0.05,winckelmans,1.0,0.5,1.0,0.0,0.0,0.0
mirror_trefoil,128.0,0.05,winckelmans,1.0,0.5,1.0,0.0,0.0,0.0
trefoil,128.0,0.05,winckelmans,1.0,1.0,1.0,0.0,0.0,0.0
mirror_trefoil,128.0,0.05,winckelmans,1.0,1.0,1.0,0.0,1.8285287914694152e-16,0.0
trefoil,128.0,0.05,winckelmans,1.0,0.5,7.0,0.00030565733536308466,0.0011274342308255434,0.0
mirror_trefoil,128.0,0.05,winckelmans,1.0,0.5,7.0,0.00030565733536308466,0.0006596643504391956,0.0
trefoil,128.0,0.05,winckelmans,1.0,1.0,7.0,0.00030565733536308466,0.0018275335743421133,0.0
mirror_trefoil,128.0,0.05,winckelmans,1.0,1.0,7.0,0.00030565733536308466,0.0005192003418683964,0.0
trefoil,128.0,0.05,winckelmans,1.0,0.5,19.0,0.0003516960219589683,0.0008174766842269124,0.0
mirror_trefoil,128.0,0.05,winckelmans,1.0,0.5,19.0,0.0003516960219589683,0.00015060881493940574,0.0
trefoil,128.0,0.05,winckelmans,1.0,1.0,19.0,0.0003516960219589683,0.0015265124110784055,0.0
mirror_trefoil,128.0,0.05,winckelmans,1.0,1.0,19.0,0.0003516960219589683,0.00028866745697467906,0.0
trefoil,128.0,0.05,winckelmans,1.0,0.5,37.0,0.0002118101785104644,0.0004912630468839944,0.0
mirror_trefoil,128.0,0.05,winckelmans,1.0,0.5,37.0,0.0002118101785104644,8.621423917193913e-05,0.0
trefoil,128.0,0.05,winckelmans,1.0,1.0,37.0,0.0002118101785104644,0.000919877327063231,0.0
mirror_trefoil,128.0,0.05,winckelmans,1.0,1.0,37.0,0.0002118101785104644,0.00018224254125702276,0.0
trefoil,128.0,0.05,winckelmans,1.0,0.5,61.0,0.00016671081759037144,0.00038695900369807356,0.0
mirror_trefoil,128.0,0.05,winckelmans,1.0,0.5,61.0,0.00016671081759037144,6.70855792482988e-05,0.0
trefoil,128.0,0.05,winckelmans,1.0,1.0,61.0,0.00016671081759037144,0.0007250462569226766,0.0
mirror_trefoil,128.0,0.05,winckelmans,1.0,1.0,61.0,0.00016671081759037144,0.0001452339178023586,0.0
trefoil,96.0,0.04,rosenhead,0.5,0.5,1.0,0.0,0.0,0.0
trefoil,96.0,0.04,rosenhead,0.5,1.0,1.0,0.0,0.0,0.0
trefoil,96.0,0.04,rosenhead,0.5,2.0,1.0,0.0,0.0,0.0
trefoil,96.0,0.04,rosenhead,0.5,0.5,7.0,1.4017451548388815e-05,3.221445093878129e-05,0.0
trefoil,96.0,0.04,rosenhead,0.5,1.0,7.0,1.4017451548388815e-05,6.436546985573354e-05,0.0
trefoil,96.0,0.04,rosenhead,0.5,2.0,7.0,1.4017451548388815e-05,8.693466371673177e-05,0.0
trefoil,96.0,0.04,rosenhead,0.5,0.5,19.0,5.000436176390366e-06,1.142198824043344e-05,0.0
trefoil,96.0,0.04,rosenhead,0.5,1.0,19.0,5.000436176390366e-06,2.2880046504312108e-05,0.0
trefoil,96.0,0.04,rosenhead,0.5,2.0,19.0,5.000436176390366e-06,3.0960155090493164e-05,0.0
trefoil,96.0,0.04,rosenhead,0.5,0.5,37.0,3.43487480007134e-06,7.850061923024123e-06,0.0
trefoil,96.0,0.04,rosenhead,0.5,1.0,37.0,3.43487480007134e-06,1.5726186632800494e-05,0.0
trefoil,96.0,0.04,rosenhead,0.5,2.0,37.0,3.43487480007134e-06,2.1281148496441436e-05,0.0
trefoil,96.0,0.04,rosenhead,0.5,0.5,61.0,2.863920513774566e-06,6.546783781766606e-06,0.0
trefoil,96.0,0.04,rosenhead,0.5,1.0,61.0,2.863920513774566e-06,1.3115562788596732e-05,0.0
trefoil,96.0,0.04,rosenhead,0.5,2.0,61.0,2.863920513774566e-06,1.7748627685001774e-05,0.0
trefoil,96.0,0.04,rosenhead,0.5,0.5,91.0,2.579038819169658e-06,5.896264002367992e-06,0.0
trefoil,96.0,0.04,rosenhead,0.5,1.0,91.0,2.579038819169658e-06,1.1812459374959226e-05,0.0
trefoil,96.0,0.04,rosenhead,0.5,2.0,91.0,2.579038819169658e-06,1.5985322829950035e-05,0.0
trefoil,96.0,0.04,rosenhead,0.75,0.5,1.0,0.0,0.0,0.0
trefoil,96.0,0.04,rosenhead,0.75,1.0,1.0,0.0,0.0,0.0
trefoil,96.0,0.04,rosenhead,0.75,2.0,1.0,0.0,0.0,0.0
trefoil,96.0,0.04,rosenhead,0.75,0.5,7.0,0.00014239652010134132,0.0003450886897537996,0.0
trefoil,96.0,0.04,rosenhead,0.75,1.0,7.0,0.00014239652010134132,0.000667352865943919,0.0
trefoil,96.0,0.04,rosenhead,0.75,2.0,7.0,0.00014239652010134132,0.0008796292471806563,0.0
trefoil,96.0,0.04,rosenhead,0.75,0.5,19.0,6.701772293650277e-05,0.0001511444955237228,0.0
trefoil,96.0,0.04,rosenhead,0.75,1.0,19.0,6.701772293650277e-05,0.00030191622981302863,0.0
trefoil,96.0,0.04,rosenhead,0.75,2.0,19.0,6.701772293650277e-05,0.0004077062682897342,0.0
trefoil,96.0,0.04,rosenhead,0.75,0.5,37.0,4.364839389686695e-05,9.889573273256742e-05,0.0
trefoil,96.0,0.04,rosenhead,0.75,1.0,37.0,4.364839389686695e-05,0.00019767598213024345,0.0
trefoil,96.0,0.04,rosenhead,0.75,2.0,37.0,4.364839389686695e-05,0.00026706684265425176,0.0
trefoil,96.0,0.04,rosenhead,0.75,0.5,61.0,3.557615973733568e-05,8.079489611176522e-05,0.0
trefoil,96.0,0.04,rosenhead,0.75,1.0,61.0,3.557615973733568e-05,0.00016151947448370373,0.0
trefoil,96.0,0.04,rosenhead,0.75,2.0,61.0,3.557615973733568e-05,0.00021824179080345333,0.0
trefoil,96.0,0.04,rosenhead,0.75,0.5,91.0,3.1671977600483105e-05,7.201540337751734e-05,0.0
trefoil,96.0,0.04,rosenhead,0.75,1.0,91.0,3.1671977600483105e-05,0.00014397955907797846,0.0
trefoil,96.0,0.04,rosenhead,0.75,2.0,91.0,3.1671977600483105e-05,0.00019455343686730316,0.0
trefoil,96.0,0.04,rosenhead,1.0,0.5,1.0,0.0,0.0,0.0
trefoil,96.0,0.04,rosenhead,1.0,1.0,1.0,0.0,0.0,0.0
trefoil,96.0,0.04,rosenhead,1.0,2.0,1.0,0.0,0.0,0.0
trefoil,96.0,0.04,rosenhead,1.0,0.5,7.0,0.0003092265620364833,0.0013102980057898797,0.0
trefoil,96.0,0.04,rosenhead,1.0,1.0,7.0,0.0003092265620364833,0.0018674383731262976,0.0
trefoil,96.0,0.04,rosenhead,1.0,2.0,7.0,0.0003092265620364833,0.00178562175074806,0.0
trefoil,96.0,0.04,rosenhead,1.0,0.5,19.0,0.0006513394202947987,0.0014155457150816539,0.0
trefoil,96.0,0.04,rosenhead,1.0,1.0,19.0,0.0006513394202947987,0.0028075971408784194,0.0
trefoil,96.0,0.04,rosenhead,1.0,2.0,19.0,0.0006513394202947987,0.003771646020872339,0.0
trefoil,96.0,0.04,rosenhead,1.0,0.5,37.0,0.00036582589141643244,0.0007959847130614467,0.0
trefoil,96.0,0.04,rosenhead,1.0,1.0,37.0,0.00036582589141643244,0.0015840417062678172,0.0
trefoil,96.0,0.04,rosenhead,1.0,2.0,37.0,0.00036582589141643244,0.002133208975657554,0.0
trefoil,96.0,0.04,rosenhead,1.0,0.5,61.0,0.0002799053922005471,0.0006107506033785158,0.0
trefoil,96.0,0.04,rosenhead,1.0,1.0,61.0,0.0002799053922005471,0.0012164240135523413,0.0
trefoil,96.0,0.04,rosenhead,1.0,2.0,61.0,0.0002799053922005471,0.001639138858469709,0.0
trefoil,96.0,0.04,rosenhead,1.0,0.5,91.0,0.0002416025272084261,0.0005289488955671199,0.0
trefoil,96.0,0.04,rosenhead,1.0,1.0,91.0,0.0002416025272084261,0.0010536816742535578,0.0
trefoil,96.0,0.04,rosenhead,1.0,2.0,91.0,0.0002416025272084261,0.0014200226152899995,0.0
trefoil,96.0,0.04,winckelmans,0.5,0.5,1.0,0.0,0.0,0.0
trefoil,96.0,0.04,winckelmans,0.5,1.0,1.0,0.0,1.8298372827315657e-16,0.0
trefoil,96.0,0.04,winckelmans,0.5,2.0,1.0,0.0,0.0,0.0
trefoil,96.0,0.04,winckelmans,0.5,0.5,7.0,1.4017451548388815e-05,2.98471632801346e-05,0.0
trefoil,96.0,0.04,winckelmans,0.5,1.0,7.0,1.4017451548388815e-05,6.02276885767243e-05,0.0
trefoil,96.0,0.04,winckelmans,0.5,2.0,7.0,1.4017451548388815e-05,8.38420031111663e-05,0.0
trefoil,96.0,0.04,winckelmans,0.5,0.5,19.0,5.000436176390366e-06,1.057395103757712e-05,0.0
trefoil,96.0,0.04,winckelmans,0.5,1.0,19.0,5.000436176390366e-06,2.1396758503181894e-05,0.0
trefoil,96.0,0.04,winckelmans,0.5,2.0,19.0,5.000436176390366e-06,2.9847993094710332e-05,0.0
trefoil,96.0,0.04,winckelmans,0.5,0.5,37.0,3.43487480007134e-06,7.2688304826365216e-06,0.0
trefoil,96.0,0.04,winckelmans,0.5,1.0,37.0,3.43487480007134e-06,1.4708720249539994e-05,0.0
trefoil,96.0,0.04,winckelmans,0.5,2.0,37.0,3.43487480007134e-06,2.0518317916267766e-05,0.0
trefoil,96.0,0.04,winckelmans,0.5,0.5,61.0,2.863920513774566e-06,6.0626087996999055e-06,0.0
trefoil,96.0,0.04,winckelmans,0.5,1.0,61.0,2.863920513774566e-06,1.226771768949273e-05,0.0
trefoil,96.0,0.04,winckelmans,0.5,2.0,61.0,2.863920513774566e-06,1.71129982816826e-05,0.0
trefoil,96.0,0.04,winckelmans,0.5,0.5,91.0,2.579038819169658e-06,5.4604501327266725e-06,0.0
trefoil,96.0,0.04,winckelmans,0.5,1.0,91.0,2.579038819169658e-06,1.1049174001782282e-05,0.0
trefoil,96.0,0.04,winckelmans,0.5,2.0,91.0,2.579038819169658e-06,1.541310110988417e-05,0.0
trefoil,96.0,0.04,winckelmans,0.75,0.5,1.0,0.0,0.0,0.0
trefoil,96.0,0.04,winckelmans,0.75,1.0,1.0,0.0,1.8298372827315657e-16,0.0
trefoil,96.0,0.04,winckelmans,0.75,2.0,1.0,0.0,0.0,0.0
trefoil,96.0,0.04,winckelmans,0.75,0.5,7.0,0.00014239652010134132,0.00032031879581845865,0.0
trefoil,96.0,0.04,winckelmans,0.75,1.0,7.0,0.00014239652010134132,0.0006256728502759375,0.0
trefoil,96.0,0.04,winckelmans,0.75,2.0,7.0,0.00014239652010134132,0.0008495974762271325,0.0
trefoil,96.0,0.04,winckelmans,0.75,0.5,19.0,6.701772293650277e-05,0.00013911817252814287,0.0
trefoil,96.0,0.04,winckelmans,0.75,1.0,19.0,6.701772293650277e-05,0.0002813219073167609,0.0
trefoil,96.0,0.04,winckelmans,0.75,2.0,19.0,6.701772293650277e-05,0.00039224435983413876,0.0
trefoil,96.0,0.04,winckelmans,0.75,0.5,37.0,4.364839389686695e-05,9.120823075877928e-05,0.0
trefoil,96.0,0.04,winckelmans,0.75,1.0,37.0,4.364839389686695e-05,0.00018442429697224368,0.0
trefoil,96.0,0.04,winckelmans,0.75,2.0,37.0,4.364839389686695e-05,0.0002571251351570073,0.0
trefoil,96.0,0.04,winckelmans,0.75,0.5,61.0,3.557615973733568e-05,7.457879699160578e-05,0.0
trefoil,96.0,0.04,winckelmans,0.75,1.0,61.0,3.557615973733568e-05,0.00015077429530611079,0.0
trefoil,96.0,0.04,winckelmans,0.75,2.0,61.0,3.557615973733568e-05,0.00021018423800541348,0.0
trefoil,96.0,0.04,winckelmans,0.75,0.5,91.0,3.1671977600483105e-05,6.650415281595054e-05,0.0
trefoil,96.0,0.04,winckelmans,0.75,1.0,91.0,3.1671977600483105e-05,0.00013443895472182651,0.0
trefoil,96.0,0.04,winckelmans,0.75,2.0,91.0,3.1671977600483105e-05,0.0001874008526840437,0.0
trefoil,96.0,0.04,winckelmans,1.0,0.5,1.0,0.0,0.0,0.0
trefoil,96.0,0.04,winckelmans,1.0,1.0,1.0,0.0,1.8298372827315657e-16,0.0
trefoil,96.0,0.04,winckelmans,1.0,2.0,1.0,0.0,0.0,0.0
trefoil,96.0,0.04,winckelmans,1.0,0.5,7.0,0.0003092265620364833,0.0012344038268721203,0.0
trefoil,96.0,0.04,winckelmans,1.0,1.0,7.0,0.0003092265620364833,0.0017895143406087247,0.0
trefoil,96.0,0.04,winckelmans,1.0,2.0,7.0,0.0003092265620364833,0.001765483918860795,0.0
trefoil,96.0,0.04,winckelmans,1.0,0.5,19.0,0.0006513394202947987,0.001284010859947988,0.0
trefoil,96.0,0.04,winckelmans,1.0,1.0,19.0,0.0006513394202947987,0.0025919080310163223,0.0
trefoil,96.0,0.04,winckelmans,1.0,2.0,19.0,0.0006513394202947987,0.003609209445332846,0.0
trefoil,96.0,0.04,winckelmans,1.0,0.5,37.0,0.00036582589141643244,0.0007255182006499133,0.0
trefoil,96.0,0.04,winckelmans,1.0,1.0,37.0,0.00036582589141643244,0.0014668571608995702,0.0
trefoil,96.0,0.04,winckelmans,1.0,2.0,37.0,0.00036582589141643244,0.0020449695042850696,0.0
trefoil,96.0,0.04,winckelmans,1.0,0.5,61.0,0.0002799053922005471,0.0005579352492924074,0.0
trefoil,96.0,0.04,winckelmans,1.0,1.0,61.0,0.0002799053922005471,0.0011280486478791403,0.0
trefoil,96.0,0.04,winckelmans,1.0,2.0,61.0,0.0002799053922005471,0.0015726377618772392,0.0
trefoil,96.0,0.04,winckelmans,1.0,0.5,91.0,0.0002416025272084261,0.00048375827057209347,0.0
trefoil,96.0,0.04,winckelmans,1.0,1.0,91.0,0.0002416025272084261,0.0009778413494096535,0.0
trefoil,96.0,0.04,winckelmans,1.0,2.0,91.0,0.0002416025272084261,0.001362986469964075,0.0
trefoil,96.0,0.05,rosenhead,0.5,0.5,1.0,0.0,0.0,0.0
trefoil,96.0,0.05,rosenhead,0.5,1.0,1.0,0.0,1.842749460829654e-16,0.0
trefoil,96.0,0.05,rosenhead,0.5,2.0,1.0,0.0,0.0,0.0
trefoil,96.0,0.05,rosenhead,0.5,0.5,7.0,1.0298106763739914e-05,2.4653239680638258e-05,0.0
trefoil,96.0,0.05,rosenhead,0.5,1.0,7.0,1.0298106763739914e-05,4.899762342585771e-05,0.0
trefoil,96.0,0.05,rosenhead,0.5,2.0,7.0,1.0298106763739914e-05,6.510406900099341e-05,0.0
trefoil,96.0,0.05,rosenhead,0.5,0.5,19.0,3.6467181954230093e-06,8.694038805718094e-06,0.0
trefoil,96.0,0.05,rosenhead,0.5,1.0,19.0,3.6467181954230093e-06,1.7309801935878935e-05,0.0
trefoil,96.0,0.05,rosenhead,0.5,2.0,19.0,3.6467181954230093e-06,2.3029037378568305e-05,0.0
trefoil,96.0,0.05,rosenhead,0.5,0.5,37.0,2.5088875669475735e-06,5.983157766550976e-06,0.0
trefoil,96.0,0.05,rosenhead,0.5,1.0,37.0,2.5088875669475735e-06,1.1913564811868829e-05,0.0
trefoil,96.0,0.05,rosenhead,0.5,2.0,37.0,2.5088875669475735e-06,1.5850922720852e-05,0.0
trefoil,96.0,0.05,rosenhead,0.5,0.5,61.0,2.0932287128053912e-06,4.992602577569444e-06,0.0
trefoil,96.0,0.05,rosenhead,0.5,1.0,61.0,2.0932287128053912e-06,9.94147311540029e-06,0.0
trefoil,96.0,0.05,rosenhead,0.5,2.0,61.0,2.0932287128053912e-06,1.3227338653105249e-05,0.0
trefoil,96.0,0.05,rosenhead,0.5,0.5,91.0,1.885626679366134e-06,4.4977595783520905e-06,0.0
trefoil,96.0,0.05,rosenhead,0.5,1.0,91.0,1.885626679366134e-06,8.95625261548493e-06,0.0
trefoil,96.0,0.05,rosenhead,0.5,2.0,91.0,1.885626679366134e-06,1.1916606680410452e-05,0.0
trefoil,96.0,0.05,rosenhead,0.75,0.5,1.0,0.0,0.0,0.0
trefoil,96.0,0.05,rosenhead,0.75,1.0,1.0,0.0,1.842749460829654e-16,0.0
trefoil,96.0,0.05,rosenhead,0.75,2.0,1.0,0.0,0.0,0.0
trefoil,96.0,0.05,rosenhead,0.75,0.5,7.0,0.00010803003361566705,0.00026840126552209436,0.0
trefoil,96.0,0.05,rosenhead,0.75,1.0,7.0,0.00010803003361566705,0.0005211272102560527,0.0
trefoil,96.0,0.05,rosenhead,0.75,2.0,7.0,0.00010803003361566705,0.0006807030705853964,0.0
trefoil,96.0,0.05,rosenhead,0.75,0.5,19.0,4.694498052687394e-05,0.000111099970613505,0.0
trefoil,96.0,0.05,rosenhead,0.75,1.0,19.0,4.694498052687394e-05,0.0002205173414427434,0.0
trefoil,96.0,0.05,rosenhead,0.75,2.0,19.0,4.694498052687394e-05,0.00029272810827384813,0.0
trefoil,96.0,0.05,rosenhead,0.75,0.5,37.0,3.101490584172645e-05,7.36059841638149e-05,0.0
trefoil,96.0,0.05,rosenhead,0.75,1.0,37.0,3.101490584172645e-05,0.0001462204645931157,0.0
trefoil,96.0,0.05,rosenhead,0.75,2.0,37.0,3.101490584172645e-05,0.0001942196092659259,0.0
trefoil,96.0,0.05,rosenhead,0.75,0.5,61.0,2.5434408775593477e-05,6.0448583373600405e-05,0.0
trefoil,96.0,0.05,rosenhead,0.75,1.0,61.0,2.5434408775593477e-05,0.00012011410401985365,0.0
trefoil,96.0,0.05,rosenhead,0.75,2.0,61.0,2.5434408775593477e-05,0.00015957320480086684,0.0
trefoil,96.0,0.05,rosenhead,0.75,0.5,91.0,2.2714032206025542e-05,5.4022702339544276e-05,0.0
trefoil,96.0,0.05,rosenhead,0.75,1.0,91.0,2.2714032206025542e-05,0.00010736011089830789,0.0
trefoil,96.0,0.05,rosenhead,0.75,2.0,91.0,2.2714032206025542e-05,0.00014264320874904563,0.0
trefoil,96.0,0.05,rosenhead,1.0,0.5,1.0,0.0,0.0,0.0
trefoil,96.0,0.05,rosenhead,1.0,1.0,1.0,0.0,1.842749460829654e-16,0.0
trefoil,96.0,0.05,rosenhead,1.0,2.0,1.0,0.0,0.0,0.0
trefoil,96.0,0.05,rosenhead,1.0,0.5,7.0,0.00034357606491229814,0.0011527097258856682,0.0
trefoil,96.0,0.05,rosenhead,1.0,1.0,7.0,0.00034357606491229814,0.0018729853521968767,0.0
trefoil,96.0,0.05,rosenhead,1.0,2.0,7.0,0.00034357606491229814,0.0020902747001703016,0.0
trefoil,96.0,0.05,rosenhead,1.0,0.5,19.0,0.0004135899195803396,0.000956132702823839,0.0
trefoil,96.0,0.05,rosenhead,1.0,1.0,19.0,0.0004135899195803396,0.0018811731407616299,0.0
trefoil,96.0,0.05,rosenhead,1.0,2.0,19.0,0.0004135899195803396,0.002481267614408873,0.0
trefoil,96.0,0.05,rosenhead,1.0,0.5,37.0,0.00024013697190190908,0.0005572732966451784,0.0
trefoil,96.0,0.05,rosenhead,1.0,1.0,37.0,0.00024013697190190908,0.001099469038455444,0.0
trefoil,96.0,0.05,rosenhead,1.0,2.0,37.0,0.00024013697190190908,0.001453151780605725,0.0
trefoil,96.0,0.05,rosenhead,1.0,0.5,61.0,0.00018628216510211933,0.0004338835524797147,0.0
trefoil,96.0,0.05,rosenhead,1.0,1.0,61.0,0.00018628216510211933,0.0008566834239244898,0.0
trefoil,96.0,0.05,rosenhead,1.0,2.0,61.0,0.00018628216510211933,0.0011328995086773925,0.0
trefoil,96.0,0.05,rosenhead,1.0,0.5,91.0,0.0001617436923649059,0.00037777006873792565,0.0
trefoil,96.0,0.05,rosenhead,1.0,1.0,91.0,0.0001617436923649059,0.0007461124520551988,0.0
trefoil,96.0,0.05,rosenhead,1.0,2.0,91.0,0.0001617436923649059,0.0009868929748682433,0.0
trefoil,96.0,0.05,winckelmans,0.5,0.5,1.0,0.0,0.0,0.0
trefoil,96.0,0.05,winckelmans,0.5,1.0,1.0,0.0,0.0,0.0
trefoil,96.0,0.05,winckelmans,0.5,2.0,1.0,0.0,0.0,0.0
trefoil,96.0,0.05,winckelmans,0.5,0.5,7.0,1.0298106763739914e-05,2.2130360442907502e-05,0.0
trefoil,96.0,0.05,winckelmans,0.5,1.0,7.0,1.0298106763739914e-05,4.4693613152108595e-05,0.0
trefoil,96.0,0.05,winckelmans,0.5,2.0,7.0,1.0298106763739914e-05,6.198672713161981e-05,0.0
trefoil,96.0,0.05,winckelmans,0.5,0.5,19.0,3.6467181954230093e-06,7.798098868166545e-06,0.0
trefoil,96.0,0.05,winckelmans,0.5,1.0,19.0,3.6467181954230093e-06,1.5780485502388903e-05,0.0
trefoil,96.0,0.05,winckelmans,0.5,2.0,19.0,3.6467181954230093e-06,2.1918827699966044e-05,0.0
trefoil,96.0,0.05,winckelmans,0.5,0.5,37.0,2.5088875669475735e-06,5.36776405742401e-06,0.0
trefoil,96.0,0.05,winckelmans,0.5,1.0,37.0,2.5088875669475735e-06,1.0862499623483252e-05,0.0
trefoil,96.0,0.05,winckelmans,0.5,2.0,37.0,2.5088875669475735e-06,1.5087948597999006e-05,0.0
trefoil,96.0,0.05,winckelmans,0.5,0.5,61.0,2.0932287128053912e-06,4.479504142763017e-06,0.0
trefoil,96.0,0.05,winckelmans,0.5,1.0,61.0,2.0932287128053912e-06,9.064917524611743e-06,0.0
trefoil,96.0,0.05,winckelmans,0.5,2.0,61.0,2.0932287128053912e-06,1.2591065335251452e-05,0.0
trefoil,96.0,0.05,winckelmans,0.5,0.5,91.0,1.885626679366134e-06,4.035702020134397e-06,0.0
trefoil,96.0,0.05,winckelmans,0.5,1.0,91.0,1.885626679366134e-06,8.166800178871459e-06,0.0
trefoil,96.0,0.05,winckelmans,0.5,2.0,91.0,1.885626679366134e-06,1.1343569994600728e-05,0.0
trefoil,96.0,0.05,winckelmans,0.75,0.5,1.0,0.0,0.0,0.0
trefoil,96.0,0.05,winckelmans,0.75,1.0,1.0,0.0,0.0,0.0
trefoil,96.0,0.05,winckelmans,0.75,2.0,1.0,0.0,0.0,0.0
trefoil,96.0,0.05,winckelmans,0.75,0.5,7.0,0.00010803003361566705,0.00024131682824718204,0.0
trefoil,96.0,0.05,winckelmans,0.75,1.0,7.0,0.00010803003361566705,0.0004761559943639209,0.0
trefoil,96.0,0.05,winckelmans,0.75,2.0,7.0,0.00010803003361566705,0.0006489384853474538,0.0
trefoil,96.0,0.05,winckelmans,0.75,0.5,19.0,4.694498052687394e-05,9.905552737125644e-05,0.0
trefoil,96.0,0.05,winckelmans,0.75,1.0,19.0,4.694498052687394e-05,0.00020028560707479668,0.0
trefoil,96.0,0.05,winckelmans,0.75,2.0,19.0,4.694498052687394e-05,0.00027802394143811536,0.0
trefoil,96.0,0.05,winckelmans,0.75,0.5,37.0,3.101490584172645e-05,6.576445578664203e-05,0.0
trefoil,96.0,0.05,winckelmans,0.75,1.0,37.0,3.101490584172645e-05,0.00013298038547315615,0.0
trefoil,96.0,0.05,winckelmans,0.75,2.0,37.0,3.101490584172645e-05,0.00018460286871142213,0.0
trefoil,96.0,0.05,winckelmans,0.75,0.5,61.0,2.5434408775593477e-05,5.4057605497671e-05,0.0
trefoil,96.0,0.05,winckelmans,0.75,1.0,61.0,2.5434408775593477e-05,0.00010930006358681026,0.0
trefoil,96.0,0.05,winckelmans,0.75,2.0,61.0,2.5434408775593477e-05,0.0001517214870737177,0.0
trefoil,96.0,0.05,winckelmans,0.75,0.5,91.0,2.2714032206025542e-05,4.833332396904668e-05,0.0
trefoil,96.0,0.05,winckelmans,0.75,1.0,91.0,2.2714032206025542e-05,9.772258062479772e-05,0.0
trefoil,96.0,0.05,winckelmans,0.75,2.0,91.0,2.2714032206025542e-05,0.0001356470234556529,0.0
trefoil,96.0,0.05,winckelmans,1.0,0.5,1.0,0.0,0.0,0.0
trefoil,96.0,0.05,winckelmans,1.0,1.0,1.0,0.0,0.0,0.0
trefoil,96.0,0.05,winckelmans,1.0,2.0,1.0,0.0,0.0,0.0
trefoil,96.0,0.05,winckelmans,1.0,0.5,7.0,0.00034357606491229814,0.001047926638671983,0.0
trefoil,96.0,0.05,winckelmans,1.0,1.0,7.0,0.00034357606491229814,0.0017361783784465917,0.0
trefoil,96.0,0.05,winckelmans,1.0,2.0,7.0,0.00034357606491229814,0.0020186989688428343,0.0
trefoil,96.0,0.05,winckelmans,1.0,0.5,19.0,0.0004135899195803396,0.0008377669753921566,0.0
trefoil,96.0,0.05,winckelmans,1.0,1.0,19.0,0.0004135899195803396,0.0016899535993316682,0.0
trefoil,96.0,0.05,winckelmans,1.0,2.0,19.0,0.0004135899195803396,0.0023418531146641333,0.0
trefoil,96.0,0.05,winckelmans,1.0,0.5,37.0,0.00024013697190190908,0.0004912004702404743,0.0
trefoil,96.0,0.05,winckelmans,1.0,1.0,37.0,0.00024013697190190908,0.0009914438275831017,0.0
trefoil,96.0,0.05,winckelmans,1.0,2.0,37.0,0.00024013697190190908,0.0013744898102893838,0.0
trefoil,96.0,0.05,winckelmans,1.0,0.5,61.0,0.00018628216510211933,0.0003835003340825311,0.0
trefoil,96.0,0.05,winckelmans,1.0,1.0,61.0,0.00018628216510211933,0.0007738704514413269,0.0
trefoil,96.0,0.05,winckelmans,1.0,2.0,61.0,0.00018628216510211933,0.0010726600365120295,0.0
trefoil,96.0,0.05,winckelmans,1.0,0.5,91.0,0.0001617436923649059,0.00033438694284078303,0.0
trefoil,96.0,0.05,winckelmans,1.0,1.0,91.0,0.0001617436923649059,0.0006746087362948189,0.0
trefoil,96.0,0.05,winckelmans,1.0,2.0,91.0,0.0001617436923649059,0.0009349140826683719,0.0
trefoil,128.0,0.04,rosenhead,0.5,0.5,1.0,0.0,2.1847744604493883e-16,0.0
trefoil,128.0,0.04,rosenhead,0.5,1.0,1.0,0.0,0.0,0.0
trefoil,128.0,0.04,rosenhead,0.5,2.0,1.0,0.0,0.0,0.0
trefoil,128.0,0.04,rosenhead,0.5,0.5,7.0,1.3108706349126224e-05,3.23034327650549e-05,0.0
trefoil,128.0,0.04,rosenhead,0.5,1.0,7.0,1.3108706349126224e-05,6.072142187152725e-05,0.0
trefoil,128.0,0.04,rosenhead,0.5,2.0,7.0,1.3108706349126224e-05,8.197294317535288e-05,0.0
trefoil,128.0,0.04,rosenhead,0.5,0.5,19.0,4.681944953707697e-06,1.1453341196641651e-05,0.0
trefoil,128.0,0.04,rosenhead,0.5,1.0,19.0,4.681944953707697e-06,2.1584225766459058e-05,0.0
trefoil,128.0,0.04,rosenhead,0.5,2.0,19.0,4.681944953707697e-06,2.92010080047617e-05,0.0
trefoil,128.0,0.04,rosenhead,0.5,0.5,37.0,3.2151554421808696e-06,7.863019499427303e-06,0.0
trefoil,128.0,0.04,rosenhead,0.5,1.0,37.0,3.2151554421808696e-06,1.4821616503451402e-05,0.0
trefoil,128.0,0.04,rosenhead,0.5,2.0,37.0,3.2151554421808696e-06,2.005590819902877e-05,0.0
trefoil,128.0,0.04,rosenhead,0.5,0.5,61.0,2.680389155480264e-06,6.5547093136729375e-06,0.0
trefoil,128.0,0.04,rosenhead,0.5,1.0,61.0,2.680389155480264e-06,1.2356487960564538e-05,0.0
trefoil,128.0,0.04,rosenhead,0.5,2.0,61.0,2.680389155480264e-06,1.6721354404095336e-05,0.0
trefoil,128.0,0.04,rosenhead,0.5,0.5,91.0,2.41361372286515e-06,5.902105083711176e-06,0.0
trefoil,128.0,0.04,rosenhead,0.5,1.0,91.0,2.41361372286515e-06,1.1126701417637622e-05,0.0
trefoil,128.0,0.04,rosenhead,0.5,2.0,91.0,2.41361372286515e-06,1.505767117361311e-05,0.0
trefoil,128.0,0.04,rosenhead,0.75,0.5,1.0,0.0,2.1847744604493883e-16,0.0
trefoil,128.0,0.04,rosenhead,0.75,1.0,1.0,0.0,0.0,0.0
trefoil,128.0,0.04,rosenhead,0.75,2.0,1.0,0.0,0.0,0.0
trefoil,128.0,0.04,rosenhead,0.75,0.5,7.0,0.00013263566973879988,0.0003590822651960952,0.0
trefoil,128.0,0.04,rosenhead,0.75,1.0,7.0,0.00013263566973879988,0.000650758003282657,0.0
trefoil,128.0,0.04,rosenhead,0.75,2.0,7.0,0.00013263566973879988,0.0008509875061695065,0.0
trefoil,128.0,0.04,rosenhead,0.75,0.5,19.0,6.323098923018746e-05,0.00015607961475720447,0.0
trefoil,128.0,0.04,rosenhead,0.75,1.0,19.0,6.323098923018746e-05,0.00029214729124291415,0.0
trefoil,128.0,0.04,rosenhead,0.75,2.0,19.0,6.323098923018746e-05,0.0003929850997086153,0.0
trefoil,128.0,0.04,rosenhead,0.75,0.5,37.0,4.108210894867425e-05,0.00010118887446770827,0.0
trefoil,128.0,0.04,rosenhead,0.75,1.0,37.0,4.108210894867425e-05,0.00018976594490569942,0.0
trefoil,128.0,0.04,rosenhead,0.75,2.0,37.0,4.108210894867425e-05,0.00025567954912644156,0.0
trefoil,128.0,0.04,rosenhead,0.75,0.5,61.0,3.3442983597438364e-05,8.232769580162717e-05,0.0
trefoil,128.0,0.04,rosenhead,0.75,1.0,61.0,3.3442983597438364e-05,0.0001545008227646217,0.0
trefoil,128.0,0.04,rosenhead,0.75,2.0,61.0,3.3442983597438364e-05,0.00020828673435921929,0.0
trefoil,128.0,0.04,rosenhead,0.75,0.5,91.0,2.975421377697592e-05,7.322535484641858e-05,0.0
trefoil,128.0,0.04,rosenhead,0.75,1.0,91.0,2.975421377697592e-05,0.00013746855668957228,0.0
trefoil,128.0,0.04,rosenhead,0.75,2.0,91.0,2.975421377697592e-05,0.00018538169004481695,0.0
trefoil,128.0,0.04,rosenhead,1.0,0.5,1.0,0.0,2.1847744604493883e-16,0.0
trefoil,128.0,0.04,rosenhead,1.0,1.0,1.0,0.0,0.0,0.0
trefoil,128.0,0.04,rosenhead,1.0,2.0,1.0,0.0,0.0,0.0
trefoil,128.0,0.04,rosenhead,1.0,0.5,7.0,0.0002708602378124976,0.001758660903996135,0.0
trefoil,128.0,0.04,rosenhead,1.0,1.0,7.0,0.0002708602378124976,0.0024851477220002175,0.0
trefoil,128.0,0.04,rosenhead,1.0,2.0,7.0,0.0002708602378124976,0.002421551953172505,0.0
trefoil,128.0,0.04,rosenhead,1.0,0.5,19.0,0.0006241496443148399,0.0015785360845917578,0.0
trefoil,128.0,0.04,rosenhead,1.0,1.0,19.0,0.0006241496443148399,0.0029060835639905516,0.0
trefoil,128.0,0.04,rosenhead,1.0,2.0,19.0,0.0006241496443148399,0.0038533481441814688,0.0
trefoil,128.0,0.04,rosenhead,1.0,0.5,37.0,0.0003478146543262627,0.0008736937854051237,0.0
trefoil,128.0,0.04,rosenhead,1.0,1.0,37.0,0.0003478146543262627,0.0016159133164949852,0.0
trefoil,128.0,0.04,rosenhead,1.0,2.0,37.0,0.0003478146543262627,0.002151378998199803,0.0
trefoil,128.0,0.04,rosenhead,1.0,0.5,61.0,0.00026368935515002246,0.0006622277988624187,0.0
trefoil,128.0,0.04,rosenhead,1.0,1.0,61.0,0.00026368935515002246,0.001226039393155127,0.0
trefoil,128.0,0.04,rosenhead,1.0,2.0,61.0,0.00026368935515002246,0.0016337621698880702,0.0
trefoil,128.0,0.04,rosenhead,1.0,0.5,91.0,0.00022678948105532443,0.0005698036726354619,0.0
trefoil,128.0,0.04,rosenhead,1.0,1.0,91.0,0.00022678948105532443,0.0010554595285448664,0.0
trefoil,128.0,0.04,rosenhead,1.0,2.0,91.0,0.00022678948105532443,0.0014070782740548482,0.0
trefoil,128.0,0.04,winckelmans,0.5,0.5,1.0,0.0,2.1265247666589429e-16,0.0
trefoil,128.0,0.04,winckelmans,0.5,1.0,1.0,0.0,0.0,0.0
trefoil,128.0,0.04,winckelmans,0.5,2.0,1.0,0.0,0.0,0.0
trefoil,128.0,0.04,winckelmans,0.5,0.5,7.0,1.3108706349126224e-05,2.975017525147841e-05,0.0
trefoil,128.0,0.04,winckelmans,0.5,1.0,7.0,1.3108706349126224e-05,5.618428986919676e-05,0.0
trefoil,128.0,0.04,winckelmans,0.5,2.0,7.0,1.3108706349126224e-05,7.839099763799258e-05,0.0
trefoil,128.0,0.04,winckelmans,0.5,0.5,19.0,4.681944953707697e-06,1.0537624771767852e-05,0.0
trefoil,128.0,0.04,winckelmans,0.5,1.0,19.0,4.681944953707697e-06,1.9954612753268816e-05,0.0
trefoil,128.0,0.04,winckelmans,0.5,2.0,19.0,4.681944953707697e-06,2.790809916587829e-05,0.0
trefoil,128.0,0.04,winckelmans,0.5,0.5,37.0,3.2151554421808696e-06,7.2354553541481436e-06,0.0
trefoil,128.0,0.04,winckelmans,0.5,1.0,37.0,3.2151554421808696e-06,1.370385931685709e-05,0.0
trefoil,128.0,0.04,winckelmans,0.5,2.0,37.0,3.2151554421808696e-06,1.916889352858293e-05,0.0
trefoil,128.0,0.04,winckelmans,0.5,0.5,61.0,2.680389155480264e-06,6.031961050314891e-06,0.0
trefoil,128.0,0.04,winckelmans,0.5,1.0,61.0,2.680389155480264e-06,1.1425110254530703e-05,0.0
trefoil,128.0,0.04,winckelmans,0.5,2.0,61.0,2.680389155480264e-06,1.5982193738543526e-05,0.0
trefoil,128.0,0.04,winckelmans,0.5,0.5,91.0,2.41361372286515e-06,5.43158088146874e-06,0.0
trefoil,128.0,0.04,winckelmans,0.5,1.0,91.0,2.41361372286515e-06,1.0288231782048023e-05,0.0
trefoil,128.0,0.04,winckelmans,0.5,2.0,91.0,2.41361372286515e-06,1.4392220994040197e-05,0.0
trefoil,128.0,0.04,winckelmans,0.75,0.5,1.0,0.0,2.1265247666589429e-16,0.0
trefoil,128.0,0.04,winckelmans,0.75,1.0,1.0,0.0,0.0,0.0
trefoil,128.0,0.04,winckelmans,0.75,2.0,1.0,0.0,0.0,0.0
trefoil,128.0,0.04,winckelmans,0.75,0.5,7.0,0.00013263566973879988,0.0003326412455382198,0.0
trefoil,128.0,0.04,winckelmans,0.75,1.0,7.0,0.00013263566973879988,0.0006060084662159953,0.0
trefoil,128.0,0.04,winckelmans,0.75,2.0,7.0,0.00013263566973879988,0.0008181561195033576,0.0
trefoil,128.0,0.04,winckelmans,0.75,0.5,19.0,6.323098923018746e-05,0.0001430631267945699,0.0
trefoil,128.0,0.04,winckelmans,0.75,1.0,19.0,6.323098923018746e-05,0.00026948019869150374,0.0
trefoil,128.0,0.04,winckelmans,0.75,2.0,19.0,6.323098923018746e-05,0.00037512818271379116,0.0
trefoil,128.0,0.04,winckelmans,0.75,0.5,37.0,4.108210894867425e-05,9.287153550600641e-05,0.0
trefoil,128.0,0.04,winckelmans,0.75,1.0,37.0,4.108210894867425e-05,0.00017518558789152296,0.0
trefoil,128.0,0.04,winckelmans,0.75,2.0,37.0,4.108210894867425e-05,0.0002441734307979402,0.0
trefoil,128.0,0.04,winckelmans,0.75,0.5,61.0,3.3442983597438364e-05,7.56062529298039e-05,0.0
trefoil,128.0,0.04,winckelmans,0.75,1.0,61.0,3.3442983597438364e-05,0.00014268513430686184,0.0
trefoil,128.0,0.04,winckelmans,0.75,2.0,61.0,3.3442983597438364e-05,0.0001989576208907626,0.0
trefoil,128.0,0.04,winckelmans,0.75,0.5,91.0,2.975421377697592e-05,6.726790216014014e-05,0.0
trefoil,128.0,0.04,winckelmans,0.75,1.0,91.0,2.975421377697592e-05,0.0001269805870660582,0.0
trefoil,128.0,0.04,winckelmans,0.75,2.0,91.0,2.975421377697592e-05,0.0001770986104074739,0.0
trefoil,128.0,0.04,winckelmans,1.0,0.5,1.0,0.0,2.1265247666589429e-16,0.0
trefoil,128.0,0.04,winckelmans,1.0,1.0,1.0,0.0,0.0,0.0
trefoil,128.0,0.04,winckelmans,1.0,2.0,1.0,0.0,0.0,0.0
trefoil,128.0,0.04,winckelmans,1.0,0.5,7.0,0.0002708602378124976,0.001685530129545049,0.0
trefoil,128.0,0.04,winckelmans,1.0,1.0,7.0,0.0002708602378124976,0.002431097048030524,0.0
trefoil,128.0,0.04,winckelmans,1.0,2.0,7.0,0.0002708602378124976,0.0024636174528005843,0.0
trefoil,128.0,0.04,winckelmans,1.0,0.5,19.0,0.0006241496443148399,0.0014347610354601033,0.0
trefoil,128.0,0.04,winckelmans,1.0,1.0,19.0,0.0006241496443148399,0.0026668701055230833,0.0
trefoil,128.0,0.04,winckelmans,1.0,2.0,19.0,0.0006241496443148399,0.0036680625068155185,0.0
trefoil,128.0,0.04,winckelmans,1.0,0.5,37.0,0.0003478146543262627,0.0007962125238172149,0.0
trefoil,128.0,0.04,winckelmans,1.0,1.0,37.0,0.0003478146543262627,0.0014853661151885177,0.0
trefoil,128.0,0.04,winckelmans,1.0,2.0,37.0,0.0003478146543262627,0.0020498273960242027,0.0
trefoil,128.0,0.04,winckelmans,1.0,0.5,61.0,0.00026368935515002246,0.0006044544195412578,0.0
trefoil,128.0,0.04,winckelmans,1.0,1.0,61.0,0.00026368935515002246,0.0011282046401569295,0.0
trefoil,128.0,0.04,winckelmans,1.0,2.0,61.0,0.00026368935515002246,0.001557663201485432,0.0
trefoil,128.0,0.04,winckelmans,1.0,0.5,91.0,0.00022678948105532443,0.0005205333681861945,0.0
trefoil,128.0,0.04,winckelmans,1.0,1.0,91.0,0.00022678948105532443,0.0009717972838322983,0.0
trefoil,128.0,0.04,winckelmans,1.0,2.0,91.0,0.00022678948105532443,0.0013420094250011845,0.0
trefoil,128.0,0.05,rosenhead,0.5,0.5,1.0,0.0,0.0,0.0
trefoil,128.0,0.05,rosenhead,0.5,1.0,1.0,0.0,0.0,0.0
trefoil,128.0,0.05,rosenhead,0.5,2.0,1.0,0.0,0.0,0.0
trefoil,128.0,0.05,rosenhead,0.5,0.5,7.0,9.623127195805335e-06,2.4743209873773583e-05,0.0
trefoil,128.0,0.05,rosenhead,0.5,1.0,7.0,9.623127195805335e-06,4.641001297159487e-05,0.0
trefoil,128.0,0.05,rosenhead,0.5,2.0,7.0,9.623127195805335e-06,6.154589162619251e-05,0.0
trefoil,128.0,0.05,rosenhead,0.5,0.5,19.0,3.4106774297906176e-06,8.726412050409029e-06,0.0
trefoil,128.0,0.05,rosenhead,0.5,1.0,19.0,3.4106774297906176e-06,1.6397161463305263e-05,0.0
trefoil,128.0,0.05,rosenhead,0.5,2.0,19.0,3.4106774297906176e-06,2.177666396233718e-05,0.0
trefoil,128.0,0.05,rosenhead,0.5,0.5,37.0,2.3459957122010867e-06,6.000752749426141e-06,0.0
trefoil,128.0,0.05,rosenhead,0.5,1.0,37.0,2.3459957122010867e-06,1.1277834772418412e-05,0.0
trefoil,128.0,0.05,rosenhead,0.5,2.0,37.0,2.3459957122010867e-06,1.4980262733641394e-05,0.0
trefoil,128.0,0.05,rosenhead,0.5,0.5,61.0,1.957147495064001e-06,5.005714832516453e-06,0.0
trefoil,128.0,0.05,rosenhead,0.5,1.0,61.0,1.957147495064001e-06,9.408428073219449e-06,0.0
trefoil,128.0,0.05,rosenhead,0.5,2.0,61.0,1.957147495064001e-06,1.2497871020678963e-05,0.0
trefoil,128.0,0.05,rosenhead,0.5,0.5,91.0,1.7629625781365918e-06,4.508865970868521e-06,0.0
trefoil,128.0,0.05,rosenhead,0.5,1.0,91.0,1.7629625781365918e-06,8.474886472714122e-06,0.0
trefoil,128.0,0.05,rosenhead,0.5,2.0,91.0,1.7629625781365918e-06,1.1258112492342343e-05,0.0
trefoil,128.0,0.05,rosenhead,0.75,0.5,1.0,0.0,0.0,0.0
trefoil,128.0,0.05,rosenhead,0.75,1.0,1.0,0.0,0.0,0.0
trefoil,128.0,0.05,rosenhead,0.75,2.0,1.0,0.0,0.0,0.0
trefoil,128.0,0.05,rosenhead,0.75,0.5,7.0,0.00010067340585302282,0.0002762291436853575,0.0
trefoil,128.0,0.05,rosenhead,0.75,1.0,7.0,0.00010067340585302282,0.0005045658480013322,0.0
trefoil,128.0,0.05,rosenhead,0.75,2.0,7.0,0.00010067340585302282,0.0006544082395314929,0.0
trefoil,128.0,0.05,rosenhead,0.75,0.5,19.0,4.416072365345283e-05,0.00011397315825557875,0.0
trefoil,128.0,0.05,rosenhead,0.75,1.0,19.0,4.416072365345283e-05,0.00021288385004764528,0.0
trefoil,128.0,0.05,rosenhead,0.75,2.0,19.0,4.416072365345283e-05,0.0002813434245311713,0.0
trefoil,128.0,0.05,rosenhead,0.75,0.5,37.0,2.9119735837169947e-05,7.497756435250478e-05,0.0
trefoil,128.0,0.05,rosenhead,0.75,1.0,37.0,2.9119735837169947e-05,0.00014029525515132224,0.0
trefoil,128.0,0.05,rosenhead,0.75,2.0,37.0,2.9119735837169947e-05,0.00018568340885513084,0.0
trefoil,128.0,0.05,rosenhead,0.75,0.5,61.0,2.385817107746326e-05,6.138514153748286e-05,0.0
trefoil,128.0,0.05,rosenhead,0.75,1.0,61.0,2.385817107746326e-05,0.00011493688902774274,0.0
trefoil,128.0,0.05,rosenhead,0.75,2.0,61.0,2.385817107746326e-05,0.00015220312423467754,0.0
trefoil,128.0,0.05,rosenhead,0.75,0.5,91.0,2.129641533029457e-05,5.477296591235841e-05,0.0
trefoil,128.0,0.05,rosenhead,0.75,1.0,91.0,2.129641533029457e-05,0.00010259116258595705,0.0
trefoil,128.0,0.05,rosenhead,0.75,2.0,91.0,2.129641533029457e-05,0.0001358924366109019,0.0
trefoil,128.0,0.05,rosenhead,1.0,0.5,1.0,0.0,0.0,0.0
trefoil,128.0,0.05,rosenhead,1.0,1.0,1.0,0.0,0.0,0.0
trefoil,128.0,0.05,rosenhead,1.0,2.0,1.0,0.0,0.0,0.0
trefoil,128.0,0.05,rosenhead,1.0,0.5,7.0,0.0003116963403234782,0.0013903704982035092,0.0
trefoil,128.0,0.05,rosenhead,1.0,1.0,7.0,0.0003116963403234782,0.002148123429974935,0.0
trefoil,128.0,0.05,rosenhead,1.0,2.0,7.0,0.0003116963403234782,0.0023490448569653826,0.0
trefoil,128.0,0.05,rosenhead,1.0,0.5,19.0,0.00039513314991326126,0.0010452497440466032,0.0
trefoil,128.0,0.05,rosenhead,1.0,1.0,19.0,0.00039513314991326126,0.0019209119714282542,0.0
trefoil,128.0,0.05,rosenhead,1.0,2.0,19.0,0.00039513314991326126,0.002504192580000357,0.0
trefoil,128.0,0.05,rosenhead,1.0,0.5,37.0,0.00022821133789646209,0.0005998554274930305,0.0
trefoil,128.0,0.05,rosenhead,1.0,1.0,37.0,0.00022821133789646209,0.0011072590076183864,0.0
trefoil,128.0,0.05,rosenhead,1.0,2.0,37.0,0.00022821133789646209,0.0014489248774845543,0.0
trefoil,128.0,0.05,rosenhead,1.0,0.5,61.0,0.00017610013827352297,0.0004622808644121414,0.0
trefoil,128.0,0.05,rosenhead,1.0,1.0,61.0,0.00017610013827352297,0.0008545281772512077,0.0
trefoil,128.0,0.05,rosenhead,1.0,2.0,61.0,0.00017610013827352297,0.0011195603170830349,0.0
trefoil,128.0,0.05,rosenhead,1.0,0.5,91.0,0.00015255784244755052,0.00040028004265090915,0.0
trefoil,128.0,0.05,rosenhead,1.0,1.0,91.0,0.00015255784244755052,0.0007404887484474982,0.0
trefoil,128.0,0.05,rosenhead,1.0,2.0,91.0,0.00015255784244755052,0.0009707828975219364,0.0
trefoil,128.0,0.05,winckelmans,0.5,0.5,1.0,0.0,0.0,0.0
trefoil,128.0,0.05,winckelmans,0.5,1.0,1.0,0.0,0.0,0.0
trefoil,128.0,0.05,winckelmans,0.5,2.0,1.0,0.0,0.0,0.0
trefoil,128.0,0.05,winckelmans,0.5,0.5,7.0,9.623127195805335e-06,2.212093117051317e-05,0.0
trefoil,128.0,0.05,winckelmans,0.5,1.0,7.0,9.623127195805335e-06,4.186939470895346e-05,0.0
trefoil,128.0,0.05,winckelmans,0.5,2.0,7.0,9.623127195805335e-06,5.80928624294448e-05,0.0
trefoil,128.0,0.05,winckelmans,0.5,0.5,19.0,3.4106774297906176e-06,7.794160883571683e-06,0.0
trefoil,128.0,0.05,winckelmans,0.5,1.0,19.0,3.4106774297906176e-06,1.4781294630879125e-05,0.0
trefoil,128.0,0.05,winckelmans,0.5,2.0,19.0,3.4106774297906176e-06,2.054355797121537e-05,0.0
trefoil,128.0,0.05,winckelmans,0.5,0.5,37.0,2.3459957122010867e-06,5.360549200045016e-06,0.0
trefoil,128.0,0.05,winckelmans,0.5,1.0,37.0,2.3459957122010867e-06,1.0167455553149138e-05,0.0
trefoil,128.0,0.05,winckelmans,0.5,2.0,37.0,2.3459957122010867e-06,1.4132771039009945e-05,0.0
trefoil,128.0,0.05,winckelmans,0.5,0.5,61.0,1.957147495064001e-06,4.471978244055706e-06,0.0
trefoil,128.0,0.05,winckelmans,0.5,1.0,61.0,1.957147495064001e-06,8.482471664674673e-06,0.0
trefoil,128.0,0.05,winckelmans,0.5,2.0,61.0,1.957147495064001e-06,1.1791106076474423e-05,0.0
trefoil,128.0,0.05,winckelmans,0.5,0.5,91.0,1.7629625781365918e-06,4.028244618676696e-06,0.0
trefoil,128.0,0.05,winckelmans,0.5,1.0,91.0,1.7629625781365918e-06,7.640971340562369e-06,0.0
trefoil,128.0,0.05,winckelmans,0.5,2.0,91.0,1.7629625781365918e-06,1.062158565347589e-05,0.0
trefoil,128.0,0.05,winckelmans,0.75,0.5,1.0,0.0,0.0,0.0
trefoil,128.0,0.05,winckelmans,0.75,1.0,1.0,0.0,0.0,0.0
trefoil,128.0,0.05,winckelmans,0.75,2.0,1.0,0.0,0.0,0.0
trefoil,128.0,0.05,winckelmans,0.75,0.5,7.0,0.00010067340585302282,0.0002482251086508832,0.0
trefoil,128.0,0.05,winckelmans,0.75,1.0,7.0,0.00010067340585302282,0.00045771588583088226,0.0
trefoil,128.0,0.05,winckelmans,0.75,2.0,7.0,0.00010067340585302282,0.0006204622077862369,0.0
trefoil,128.0,0.05,winckelmans,0.75,0.5,19.0,4.416072365345283e-05,0.00010137240353116282,0.0
trefoil,128.0,0.05,winckelmans,0.75,1.0,19.0,4.416072365345283e-05,0.0001914219014205041,0.0
trefoil,128.0,0.05,winckelmans,0.75,2.0,19.0,4.416072365345283e-05,0.0002650498367991229,0.0
trefoil,128.0,0.05,winckelmans,0.75,0.5,37.0,2.9119735837169947e-05,6.678702377409394e-05,0.0
trefoil,128.0,0.05,winckelmans,0.75,1.0,37.0,2.9119735837169947e-05,0.00012626732174349315,0.0
trefoil,128.0,0.05,winckelmans,0.75,2.0,37.0,2.9119735837169947e-05,0.00017501957805179878,0.0
trefoil,128.0,0.05,winckelmans,0.75,0.5,61.0,2.385817107746326e-05,5.471593879586134e-05,0.0
trefoil,128.0,0.05,winckelmans,0.75,1.0,61.0,2.385817107746326e-05,0.000103488216632423,0.0
trefoil,128.0,0.05,winckelmans,0.75,2.0,61.0,2.385817107746326e-05,0.00014349664828615776,0.0
trefoil,128.0,0.05,winckelmans,0.75,0.5,91.0,2.129641533029457e-05,4.883877146361179e-05,0.0
trefoil,128.0,0.05,winckelmans,0.75,1.0,91.0,2.129641533029457e-05,9.239209066065594e-05,0.0
trefoil,128.0,0.05,winckelmans,0.75,2.0,91.0,2.129641533029457e-05,0.0001281346580443011,0.0
trefoil,128.0,0.05,winckelmans,1.0,0.5,1.0,0.0,0.0,0.0
trefoil,128.0,0.05,winckelmans,1.0,1.0,1.0,0.0,0.0,0.0
trefoil,128.0,0.05,winckelmans,1.0,2.0,1.0,0.0,0.0,0.0
trefoil,128.0,0.05,winckelmans,1.0,0.5,7.0,0.0003116963403234782,0.0012861822345787955,0.0
trefoil,128.0,0.05,winckelmans,1.0,1.0,7.0,0.0003116963403234782,0.0020234840358417973,0.0
trefoil,128.0,0.05,winckelmans,1.0,2.0,7.0,0.0003116963403234782,0.0023114504832513236,0.0
trefoil,128.0,0.05,winckelmans,1.0,0.5,19.0,0.00039513314991326126,0.0009194145024258289,0.0
trefoil,128.0,0.05,winckelmans,1.0,1.0,19.0,0.00039513314991326126,0.0017155016034275858,0.0
trefoil,128.0,0.05,winckelmans,1.0,2.0,19.0,0.00039513314991326126,0.002350335155849935,0.0
trefoil,128.0,0.05,winckelmans,1.0,0.5,37.0,0.00022821133789646209,0.0005295923014529036,0.0
trefoil,128.0,0.05,winckelmans,1.0,1.0,37.0,0.00022821133789646209,0.000991188586456992,0.0
trefoil,128.0,0.05,winckelmans,1.0,2.0,37.0,0.00022821133789646209,0.0013617292450544228,0.0
trefoil,128.0,0.05,winckelmans,1.0,0.5,61.0,0.00017610013827352297,0.00040894371920630485,0.0
trefoil,128.0,0.05,winckelmans,1.0,1.0,61.0,0.00017610013827352297,0.000765958210657352,0.0
trefoil,128.0,0.05,winckelmans,1.0,2.0,61.0,0.00017610013827352297,0.0010530076348409358,0.0
trefoil,128.0,0.05,winckelmans,1.0,0.5,91.0,0.00015255784244755052,0.00035447408308921213,0.0
trefoil,128.0,0.05,winckelmans,1.0,1.0,91.0,0.00015255784244755052,0.000664206448734038,0.0
trefoil,128.0,0.05,winckelmans,1.0,2.0,91.0,0.00015255784244755052,0.0009134552848871057,0.0
trefoil,192.0,0.04,rosenhead,0.5,0.5,1.0,0.0,0.0,0.0
trefoil,192.0,0.04,rosenhead,0.5,1.0,1.0,0.0,0.0,0.0
trefoil,192.0,0.04,rosenhead,0.5,2.0,1.0,0.0,2.2349362524089864e-16,0.0
trefoil,192.0,0.04,rosenhead,0.5,0.5,7.0,1.3277685993730208e-05,3.300506341170882e-05,0.0
trefoil,192.0,0.04,rosenhead,0.5,1.0,7.0,1.3277685993730208e-05,6.039823006457194e-05,0.0
trefoil,192.0,0.04,rosenhead,0.5,2.0,7.0,1.3277685993730208e-05,8.253474924623803e-05,0.0
trefoil,192.0,0.04,rosenhead,0.5,0.5,19.0,4.7441509927803074e-06,1.1706177243398831e-05,0.0
trefoil,192.0,0.04,rosenhead,0.5,1.0,19.0,4.7441509927803074e-06,2.147037812273258e-05,0.0
trefoil,192.0,0.04,rosenhead,0.5,2.0,19.0,4.7441509927803074e-06,2.940084642298103e-05,0.0
trefoil,192.0,0.04,rosenhead,0.5,0.5,37.0,3.2576205099024654e-06,8.029651132461827e-06,0.0
trefoil,192.0,0.04,rosenhead,0.5,1.0,37.0,3.2576205099024654e-06,1.4732607268448232e-05,0.0
trefoil,192.0,0.04,rosenhead,0.5,2.0,37.0,3.2576205099024654e-06,2.0181147941114395e-05,0.0
trefoil,192.0,0.04,rosenhead,0.5,0.5,61.0,2.715701883607118e-06,6.691281399283888e-06,0.0
trefoil,192.0,0.04,rosenhead,0.5,1.0,61.0,2.715701883607118e-06,1.2278659482296197e-05,0.0
trefoil,192.0,0.04,rosenhead,0.5,2.0,61.0,2.715701883607118e-06,1.682175777029449e-05,0.0
trefoil,192.0,0.04,rosenhead,0.5,0.5,91.0,2.445371787047417e-06,6.024028896412163e-06,0.0
trefoil,192.0,0.04,rosenhead,0.5,1.0,91.0,2.445371787047417e-06,1.1054987391645364e-05,0.0
trefoil,192.0,0.04,rosenhead,0.5,2.0,91.0,2.445371787047417e-06,1.5146277700847815e-05,0.0
trefoil,192.0,0.04,rosenhead,0.75,0.5,1.0,0.0,0.0,0.0
trefoil,192.0,0.04,rosenhead,0.75,1.0,1.0,0.0,0.0,0.0
trefoil,192.0,0.04,rosenhead,0.75,2.0,1.0,0.0,2.2349362524089864e-16,0.0
trefoil,192.0,0.04,rosenhead,0.75,0.5,7.0,0.00013408659334186168,0.00037593359972727154,0.0
trefoil,192.0,0.04,rosenhead,0.75,1.0,7.0,0.00013408659334186168,0.0006632392468743397,0.0
trefoil,192.0,0.04,rosenhead,0.75,2.0,7.0,0.00013408659334186168,0.0008750046203287499,0.0
trefoil,192.0,0.04,rosenhead,0.75,0.5,19.0,6.419526951000474e-05,0.00016313155414659193,0.0
trefoil,192.0,0.04,rosenhead,0.75,1.0,19.0,6.419526951000474e-05,0.00029624714329733913,0.0
trefoil,192.0,0.04,rosenhead,0.75,2.0,19.0,6.419526951000474e-05,0.00040193600533279067,0.0
trefoil,192.0,0.04,rosenhead,0.75,0.5,37.0,4.168015266073521e-05,0.00010500884608154038,0.0
trefoil,192.0,0.04,rosenhead,0.75,1.0,37.0,4.168015266073521e-05,0.00019125044118633786,0.0
trefoil,192.0,0.04,rosenhead,0.75,2.0,37.0,4.168015266073521e-05,0.00026018898990558866,0.0
trefoil,192.0,0.04,rosenhead,0.75,0.5,61.0,3.391988099117955e-05,8.5173060639291e-05,0.0
trefoil,192.0,0.04,rosenhead,0.75,1.0,61.0,3.391988099117955e-05,0.00015530106969897955,0.0
trefoil,192.0,0.04,rosenhead,0.75,2.0,61.0,3.391988099117955e-05,0.00021150686676050818,0.0
trefoil,192.0,0.04,rosenhead,0.75,0.5,91.0,3.017396063421354e-05,7.563536474106255e-05,0.0
trefoil,192.0,0.04,rosenhead,0.75,1.0,91.0,3.017396063421354e-05,0.00013799276604559567,0.0
trefoil,192.0,0.04,rosenhead,0.75,2.0,91.0,3.017396063421354e-05,0.00018803918119982837,0.0
trefoil,192.0,0.04,rosenhead,1.0,0.5,1.0,0.0,0.0,0.0
trefoil,192.0,0.04,rosenhead,1.0,1.0,1.0,0.0,0.0,0.0
trefoil,192.0,0.04,rosenhead,1.0,2.0,1.0,0.0,2.2349362524089864e-16,0.0
trefoil,192.0,0.04,rosenhead,1.0,0.5,7.0,0.00026549082027901773,0.0021026645389435996,0.0
trefoil,192.0,0.04,rosenhead,1.0,1.0,7.0,0.00026549082027901773,0.0030111460633000945,0.0
trefoil,192.0,0.04,rosenhead,1.0,2.0,7.0,0.00026549082027901773,0.003053146669433429,0.0
trefoil,192.0,0.04,rosenhead,1.0,0.5,19.0,0.0006362173448548241,0.0017346192393751416,0.0
trefoil,192.0,0.04,rosenhead,1.0,1.0,19.0,0.0006362173448548241,0.0030806985365002667,0.0
trefoil,192.0,0.04,rosenhead,1.0,2.0,19.0,0.0006362173448548241,0.004090643779073273,0.0
trefoil,192.0,0.04,rosenhead,1.0,0.5,37.0,0.00035399943487766553,0.000946398850123876,0.0
trefoil,192.0,0.04,rosenhead,1.0,1.0,37.0,0.00035399943487766553,0.0016911682010414492,0.0
trefoil,192.0,0.04,rosenhead,1.0,2.0,37.0,0.00035399943487766553,0.0022592723751445254,0.0
trefoil,192.0,0.04,rosenhead,1.0,0.5,61.0,0.0002682144890843823,0.0007123586684611717,0.0
trefoil,192.0,0.04,rosenhead,1.0,1.0,61.0,0.0002682144890843823,0.0012754682610125387,0.0
trefoil,192.0,0.04,rosenhead,1.0,2.0,61.0,0.0002682144890843823,0.0017072303191495771,0.0
trefoil,192.0,0.04,rosenhead,1.0,0.5,91.0,0.0002306028291490469,0.0006107288508476339,0.0
trefoil,192.0,0.04,rosenhead,1.0,1.0,91.0,0.0002306028291490469,0.0010945501462964644,0.0
trefoil,192.0,0.04,rosenhead,1.0,2.0,91.0,0.0002306028291490469,0.001466439238828303,0.0
trefoil,192.0,0.04,winckelmans,0.5,0.5,1.0,0.0,0.0,0.0
trefoil,192.0,0.04,winckelmans,0.5,1.0,1.0,0.0,0.0,0.0
trefoil,192.0,0.04,winckelmans,0.5,2.0,1.0,0.0,0.0,0.0
trefoil,192.0,0.04,winckelmans,0.5,0.5,7.0,1.3277685993730208e-05,2.9819979765082037e-05,0.0
trefoil,192.0,0.04,winckelmans,0.5,1.0,7.0,1.3277685993730208e-05,5.472671937533641e-05,0.0
trefoil,192.0,0.04,winckelmans,0.5,2.0,7.0,1.3277685993730208e-05,7.780960576165172e-05,0.0
trefoil,192.0,0.04,winckelmans,0.5,0.5,19.0,4.7441509927803074e-06,1.0566695939247117e-05,0.0
trefoil,192.0,0.04,winckelmans,0.5,1.0,19.0,4.7441509927803074e-06,1.9436133303968265e-05,0.0
trefoil,192.0,0.04,winckelmans,0.5,2.0,19.0,4.7441509927803074e-06,2.7696349217644613e-05,0.0
trefoil,192.0,0.04,winckelmans,0.5,0.5,37.0,3.2576205099024654e-06,7.247932021508972e-06,0.0
trefoil,192.0,0.04,winckelmans,0.5,1.0,37.0,3.2576205099024654e-06,1.3336081014545284e-05,0.0
trefoil,192.0,0.04,winckelmans,0.5,2.0,37.0,3.2576205099024654e-06,1.901008277908854e-05,0.0
trefoil,192.0,0.04,winckelmans,0.5,0.5,61.0,2.715701883607118e-06,6.03984838177782e-06,0.0
trefoil,192.0,0.04,winckelmans,0.5,1.0,61.0,2.715701883607118e-06,1.1114576267264768e-05,0.0
trefoil,192.0,0.04,winckelmans,0.5,2.0,61.0,2.715701883607118e-06,1.584533070014339e-05,0.0
trefoil,192.0,0.04,winckelmans,0.5,0.5,91.0,2.445371787047417e-06,5.4375514207194315e-06,0.0
trefoil,192.0,0.04,winckelmans,0.5,1.0,91.0,2.445371787047417e-06,1.000683662606885e-05,0.0
trefoil,192.0,0.04,winckelmans,0.5,2.0,91.0,2.445371787047417e-06,1.4266968008228788e-05,0.0
trefoil,192.0,0.04,winckelmans,0.75,0.5,1.0,0.0,0.0,0.0
trefoil,192.0,0.04,winckelmans,0.75,1.0,1.0,0.0,0.0,0.0
trefoil,192.0,0.04,winckelmans,0.75,2.0,1.0,0.0,0.0,0.0
trefoil,192.0,0.04,winckelmans,0.75,0.5,7.0,0.00013408659334186168,0.0003431854918145364,0.0
trefoil,192.0,0.04,winckelmans,0.75,1.0,7.0,0.00013408659334186168,0.0006081880424111008,0.0
trefoil,192.0,0.04,winckelmans,0.75,2.0,7.0,0.00013408659334186168,0.0008338539125097739,0.0
trefoil,192.0,0.04,winckelmans,0.75,0.5,19.0,6.419526951000474e-05,0.00014734255260745002,0.0
trefoil,192.0,0.04,winckelmans,0.75,1.0,19.0,6.419526951000474e-05,0.00026858276380919375,0.0
trefoil,192.0,0.04,winckelmans,0.75,2.0,19.0,6.419526951000474e-05,0.0003792632580138308,0.0
trefoil,192.0,0.04,winckelmans,0.75,0.5,37.0,4.168015266073521e-05,9.483595192894238e-05,0.0
trefoil,192.0,0.04,winckelmans,0.75,1.0,37.0,4.168015266073521e-05,0.00017332474810795165,0.0
trefoil,192.0,0.04,winckelmans,0.75,2.0,37.0,4.168015266073521e-05,0.00024540143969869853,0.0
trefoil,192.0,0.04,winckelmans,0.75,0.5,61.0,3.391988099117955e-05,7.69218379915421e-05,0.0
trefoil,192.0,0.04,winckelmans,0.75,1.0,61.0,3.391988099117955e-05,0.0001407279882252106,0.0
trefoil,192.0,0.04,winckelmans,0.75,2.0,61.0,3.391988099117955e-05,0.00019945497411208738,0.0
trefoil,192.0,0.04,winckelmans,0.75,0.5,91.0,3.017396063421354e-05,6.830811100978853e-05,0.0
trefoil,192.0,0.04,winckelmans,0.75,1.0,91.0,3.017396063421354e-05,0.00012503597714638544,0.0
trefoil,192.0,0.04,winckelmans,0.75,2.0,91.0,3.017396063421354e-05,0.0001773100278652057,0.0
trefoil,192.0,0.04,winckelmans,1.0,0.5,1.0,0.0,0.0,0.0
trefoil,192.0,0.04,winckelmans,1.0,1.0,1.0,0.0,0.0,0.0
trefoil,192.0,0.04,winckelmans,1.0,2.0,1.0,0.0,0.0,0.0
trefoil,192.0,0.04,winckelmans,1.0,0.5,7.0,0.00026549082027901773,0.0020191695384251178,0.0
trefoil,192.0,0.04,winckelmans,1.0,1.0,7.0,0.00026549082027901773,0.002973233670324117,0.0
trefoil,192.0,0.04,winckelmans,1.0,2.0,7.0,0.00026549082027901773,0.0031814283253777513,0.0
trefoil,192.0,0.04,winckelmans,1.0,0.5,19.0,0.0006362173448548241,0.0015691074035469174,0.0
trefoil,192.0,0.04,winckelmans,1.0,1.0,19.0,0.0006362173448548241,0.00280295507820845,0.0
trefoil,192.0,0.04,winckelmans,1.0,2.0,19.0,0.0006362173448548241,0.0038754118612586218,0.0
trefoil,192.0,0.04,winckelmans,1.0,0.5,37.0,0.00035399943487766553,0.0008556889926011833,0.0
trefoil,192.0,0.04,winckelmans,1.0,1.0,37.0,0.00035399943487766553,0.0015371083592967466,0.0
trefoil,192.0,0.04,winckelmans,1.0,2.0,37.0,0.00035399943487766553,0.0021378905581745968,0.0
trefoil,192.0,0.04,winckelmans,1.0,0.5,61.0,0.0002682144890843823,0.0006441411334863907,0.0
trefoil,192.0,0.04,winckelmans,1.0,1.0,61.0,0.0002682144890843823,0.0011591127861472694,0.0
trefoil,192.0,0.04,winckelmans,1.0,2.0,61.0,0.0002682144890843823,0.0016151151827853078,0.0
trefoil,192.0,0.04,winckelmans,1.0,0.5,91.0,0.0002306028291490469,0.0005523727561342295,0.0
trefoil,192.0,0.04,winckelmans,1.0,1.0,91.0,0.0002306028291490469,0.0009947740793089458,0.0
trefoil,192.0,0.04,winckelmans,1.0,2.0,91.0,0.0002306028291490469,0.0013872899983746968,0.0
trefoil,192.0,0.05,rosenhead,0.5,0.5,1.0,0.0,0.0,0.0
trefoil,192.0,0.05,rosenhead,0.5,1.0,1.0,0.0,0.0,0.0
trefoil,192.0,0.05,rosenhead,0.5,2.0,1.0,0.0,0.0,0.0
trefoil,192.0,0.05,rosenhead,0.5,0.5,7.0,9.754690290383995e-06,2.548848362457813e-05,0.0
trefoil,192.0,0.05,rosenhead,0.5,1.0,7.0,9.754690290383995e-06,4.661704805482063e-05,0.0
trefoil,192.0,0.05,rosenhead,0.5,2.0,7.0,9.754690290383995e-06,6.236589580738368e-05,0.0
trefoil,192.0,0.05,rosenhead,0.5,0.5,19.0,3.458351114722549e-06,8.991769012817958e-06,0.0
trefoil,192.0,0.05,rosenhead,0.5,1.0,19.0,3.458351114722549e-06,1.6472097833023076e-05,0.0
trefoil,192.0,0.05,rosenhead,0.5,2.0,19.0,3.458351114722549e-06,2.206857140253669e-05,0.0
trefoil,192.0,0.05,rosenhead,0.5,0.5,37.0,2.3786435674972034e-06,6.179625860150327e-06,0.0
trefoil,192.0,0.05,rosenhead,0.5,1.0,37.0,2.3786435674972034e-06,1.1323755905054523e-05,0.0
trefoil,192.0,0.05,rosenhead,0.5,2.0,37.0,2.3786435674972034e-06,1.5174904262160753e-05,0.0
trefoil,192.0,0.05,rosenhead,0.5,0.5,61.0,1.9843331239728324e-06,5.153718048415895e-06,0.0
trefoil,192.0,0.05,rosenhead,0.5,1.0,61.0,1.9843331239728324e-06,9.444856475104385e-06,0.0
trefoil,192.0,0.05,rosenhead,0.5,2.0,61.0,1.9843331239728324e-06,1.2658196604103382e-05,0.0
trefoil,192.0,0.05,rosenhead,0.5,0.5,91.0,1.7874280996893216e-06,4.64163487654102e-06,0.0
trefoil,192.0,0.05,rosenhead,0.5,1.0,91.0,1.7874280996893216e-06,8.506854041627884e-06,0.0
trefoil,192.0,0.05,rosenhead,0.5,2.0,91.0,1.7874280996893216e-06,1.140160656992947e-05,0.0
trefoil,192.0,0.05,rosenhead,0.75,0.5,1.0,0.0,0.0,0.0
trefoil,192.0,0.05,rosenhead,0.75,1.0,1.0,0.0,0.0,0.0
trefoil,192.0,0.05,rosenhead,0.75,2.0,1.0,0.0,0.0,0.0
trefoil,192.0,0.05,rosenhead,0.75,0.5,7.0,0.00010190455841230117,0.0002891006544102168,0.0
trefoil,192.0,0.05,rosenhead,0.75,1.0,7.0,0.00010190455841230117,0.0005146599362371143,0.0
trefoil,192.0,0.05,rosenhead,0.75,2.0,7.0,0.00010190455841230117,0.0006717969555812866,0.0
trefoil,192.0,0.05,rosenhead,0.75,0.5,19.0,4.4849055234739726e-05,0.0001193089413778818,0.0
trefoil,192.0,0.05,rosenhead,0.75,1.0,19.0,4.4849055234739726e-05,0.00021678241998271077,0.0
trefoil,192.0,0.05,rosenhead,0.75,2.0,19.0,4.4849055234739726e-05,0.0002883239552129541,0.0
trefoil,192.0,0.05,rosenhead,0.75,0.5,37.0,2.9556838148819595e-05,7.808092679874895e-05,0.0
trefoil,192.0,0.05,rosenhead,0.75,1.0,37.0,2.9556838148819595e-05,0.00014222636786490546,0.0
trefoil,192.0,0.05,rosenhead,0.75,2.0,37.0,2.9556838148819595e-05,0.00018958728042144598,0.0
trefoil,192.0,0.05,rosenhead,0.75,0.5,61.0,2.4210400715453678e-05,6.378503045720677e-05,0.0
trefoil,192.0,0.05,rosenhead,0.75,1.0,61.0,2.4210400715453678e-05,0.00011629936216640763,0.0
trefoil,192.0,0.05,rosenhead,0.75,2.0,61.0,2.4210400715453678e-05,0.00015516182269541804,0.0
trefoil,192.0,0.05,rosenhead,0.75,0.5,91.0,2.160814180789327e-05,5.684986142218994e-05,0.0
trefoil,192.0,0.05,rosenhead,0.75,1.0,91.0,2.160814180789327e-05,0.00010370679481306317,0.0
trefoil,192.0,0.05,rosenhead,0.75,2.0,91.0,2.160814180789327e-05,0.00013842369054856008,0.0
trefoil,192.0,0.05,rosenhead,1.0,0.5,1.0,0.0,0.0,0.0
trefoil,192.0,0.05,rosenhead,1.0,1.0,1.0,0.0,0.0,0.0
trefoil,192.0,0.05,rosenhead,1.0,2.0,1.0,0.0,0.0,0.0
trefoil,192.0,0.05,rosenhead,1.0,0.5,7.0,0.00031100450925171955,0.0015863865661145489,0.0
trefoil,192.0,0.05,rosenhead,1.0,1.0,7.0,0.00031100450925171955,0.002423545621646983,0.0
trefoil,192.0,0.05,rosenhead,1.0,2.0,7.0,0.00031100450925171955,0.0026742486059600223,0.0
trefoil,192.0,0.05,rosenhead,1.0,0.5,19.0,0.00040292241201725837,0.0011400911525813707,0.0
trefoil,192.0,0.05,rosenhead,1.0,1.0,19.0,0.00040292241201725837,0.0020283931456892825,0.0
trefoil,192.0,0.05,rosenhead,1.0,2.0,19.0,0.00040292241201725837,0.0026460218098832695,0.0
trefoil,192.0,0.05,rosenhead,1.0,0.5,37.0,0.00023235591573511472,0.0006463471704289784,0.0
trefoil,192.0,0.05,rosenhead,1.0,1.0,37.0,0.00023235591573511472,0.0011565826819363763,0.0
trefoil,192.0,0.05,rosenhead,1.0,2.0,37.0,0.00023235591573511472,0.0015169197334963759,0.0
trefoil,192.0,0.05,rosenhead,1.0,0.5,61.0,0.00017918423144091871,0.000495188850783792,0.0
trefoil,192.0,0.05,rosenhead,1.0,1.0,61.0,0.00017918423144091871,0.0008880420397475901,0.0
trefoil,192.0,0.05,rosenhead,1.0,2.0,61.0,0.00017918423144091871,0.0011670886220215536,0.0
trefoil,192.0,0.05,rosenhead,1.0,0.5,91.0,0.00015517648544947443,0.00042741467642777744,0.0
trefoil,192.0,0.05,rosenhead,1.0,1.0,91.0,0.00015517648544947443,0.0007673982260034086,0.0
trefoil,192.0,0.05,rosenhead,1.0,2.0,91.0,0.00015517648544947443,0.0010096285536630842,0.0
trefoil,192.0,0.05,winckelmans,0.5,0.5,1.0,0.0,0.0,0.0
trefoil,192.0,0.05,winckelmans,0.5,1.0,1.0,0.0,0.0,0.0
trefoil,192.0,0.05,winckelmans,0.5,2.0,1.0,0.0,0.0,0.0
trefoil,192.0,0.05,winckelmans,0.5,0.5,7.0,9.754690290383995e-06,2.242634058212946e-05,0.0
trefoil,192.0,0.05,winckelmans,0.5,1.0,7.0,9.754690290383995e-06,4.129071672157215e-05,0.0
trefoil,192.0,0.05,winckelmans,0.5,2.0,7.0,9.754690290383995e-06,5.8124701447947186e-05,0.0
trefoil,192.0,0.05,winckelmans,0.5,0.5,19.0,3.458351114722549e-06,7.90434297991978e-06,0.0
trefoil,192.0,0.05,winckelmans,0.5,1.0,19.0,3.458351114722549e-06,1.4577645728797182e-05,0.0
trefoil,192.0,0.05,winckelmans,0.5,2.0,19.0,3.458351114722549e-06,2.0554164072073277e-05,0.0
trefoil,192.0,0.05,winckelmans,0.5,0.5,37.0,2.3786435674972034e-06,5.432507622519035e-06,0.0
trefoil,192.0,0.05,winckelmans,0.5,1.0,37.0,2.3786435674972034e-06,1.002139068148324e-05,0.0
trefoil,192.0,0.05,winckelmans,0.5,2.0,37.0,2.3786435674972034e-06,1.4133275968397778e-05,0.0
trefoil,192.0,0.05,winckelmans,0.5,0.5,61.0,1.9843331239728324e-06,4.530725933368884e-06,0.0
trefoil,192.0,0.05,winckelmans,0.5,1.0,61.0,1.9843331239728324e-06,8.358614408484058e-06,0.0
trefoil,192.0,0.05,winckelmans,0.5,2.0,61.0,1.9843331239728324e-06,1.1789262829288378e-05,0.0
trefoil,192.0,0.05,winckelmans,0.5,0.5,91.0,1.7874280996893216e-06,4.0805859792468665e-06,0.0
trefoil,192.0,0.05,winckelmans,0.5,1.0,91.0,1.7874280996893216e-06,7.528501940467098e-06,0.0
trefoil,192.0,0.05,winckelmans,0.5,2.0,91.0,1.7874280996893216e-06,1.0618906211800789e-05,0.0
trefoil,192.0,0.05,winckelmans,0.75,0.5,1.0,0.0,0.0,0.0
trefoil,192.0,0.05,winckelmans,0.75,1.0,1.0,0.0,0.0,0.0
trefoil,192.0,0.05,winckelmans,0.75,2.0,1.0,0.0,0.0,0.0
trefoil,192.0,0.05,winckelmans,0.75,0.5,7.0,0.00010190455841230117,0.0002565140440897939,0.0
trefoil,192.0,0.05,winckelmans,0.75,1.0,7.0,0.00010190455841230117,0.0004601758908352923,0.0
trefoil,192.0,0.05,winckelmans,0.75,2.0,7.0,0.00010190455841230117,0.0006312565215653272,0.0
trefoil,192.0,0.05,winckelmans,0.75,0.5,19.0,4.4849055234739726e-05,0.00010478989744890222,0.0
trefoil,192.0,0.05,winckelmans,0.75,1.0,19.0,4.4849055234739726e-05,0.00019190336595523676,0.0
trefoil,192.0,0.05,winckelmans,0.75,2.0,19.0,4.4849055234739726e-05,0.0002687316192916794,0.0
trefoil,192.0,0.05,winckelmans,0.75,0.5,37.0,2.9556838148819595e-05,6.860490389450624e-05,0.0
trefoil,192.0,0.05,winckelmans,0.75,1.0,37.0,2.9556838148819595e-05,0.0001259038160565889,0.0
trefoil,192.0,0.05,winckelmans,0.75,2.0,37.0,2.9556838148819595e-05,0.0001766751427797643,0.0
trefoil,192.0,0.05,winckelmans,0.75,0.5,61.0,2.4210400715453678e-05,5.60553484865136e-05,0.0
trefoil,192.0,0.05,winckelmans,0.75,1.0,61.0,2.4210400715453678e-05,0.00010295654859001105,0.0
trefoil,192.0,0.05,winckelmans,0.75,2.0,61.0,2.4210400715453678e-05,0.0001445888922564119,0.0
trefoil,192.0,0.05,winckelmans,0.75,0.5,91.0,2.160814180789327e-05,4.996576504059013e-05,0.0
trefoil,192.0,0.05,winckelmans,0.75,1.0,91.0,2.160814180789327e-05,9.18105327158699e-05,0.0
trefoil,192.0,0.05,winckelmans,0.75,2.0,91.0,2.160814180789327e-05,0.00012898871805899962,0.0
trefoil,192.0,0.05,winckelmans,1.0,0.5,1.0,0.0,0.0,0.0
trefoil,192.0,0.05,winckelmans,1.0,1.0,1.0,0.0,0.0,0.0
trefoil,192.0,0.05,winckelmans,1.0,2.0,1.0,0.0,0.0,0.0
trefoil,192.0,0.05,winckelmans,1.0,0.5,7.0,0.00031100450925171955,0.0014685253031655892,0.0
trefoil,192.0,0.05,winckelmans,1.0,1.0,7.0,0.00031100450925171955,0.002293231648595043,0.0
trefoil,192.0,0.05,winckelmans,1.0,2.0,7.0,0.00031100450925171955,0.002667092910816965,0.0
trefoil,192.0,0.05,winckelmans,1.0,0.5,19.0,0.00040292241201725837,0.000999254656661838,0.0
trefoil,192.0,0.05,winckelmans,1.0,1.0,19.0,0.00040292241201725837,0.00179701312128799,0.0
trefoil,192.0,0.05,winckelmans,1.0,2.0,19.0,0.00040292241201725837,0.0024711162478347998,0.0
trefoil,192.0,0.05,winckelmans,1.0,0.5,37.0,0.00023235591573511472,0.0005669695749254296,0.0
trefoil,192.0,0.05,winckelmans,1.0,1.0,37.0,0.00023235591573511472,0.001024627092310991,0.0
trefoil,192.0,0.05,winckelmans,1.0,2.0,37.0,0.00023235591573511472,0.001416040981994133,0.0
trefoil,192.0,0.05,winckelmans,1.0,0.5,61.0,0.00017918423144091871,0.00043464915618376807,0.0
trefoil,192.0,0.05,winckelmans,1.0,1.0,61.0,0.00017918423144091871,0.0007869044823457641,0.0
trefoil,192.0,0.05,winckelmans,1.0,2.0,61.0,0.00017918423144091871,0.001089471859332558,0.0
trefoil,192.0,0.05,winckelmans,1.0,0.5,91.0,0.00015517648544947443,0.00037531764669711276,0.0
trefoil,192.0,0.05,winckelmans,1.0,1.0,91.0,0.00015517648544947443,0.0006801244895434071,0.0
trefoil,192.0,0.05,winckelmans,1.0,2.0,91.0,0.00015517648544947443,0.0009425204838128618,0.0
trefoil,96.0,0.05,rosenhead,1.0,-1.0,1.0,0.0,1.6555679124868155e-16,0.0
trefoil,96.0,0.05,rosenhead,1.0,-1.0,7.0,0.00033453770787390846,7.680440153855367e-05,0.0
trefoil,96.0,0.05,rosenhead,1.0,-1.0,19.0,0.0003683979540514056,0.0006379269563216844,0.0
trefoil,96.0,0.05,rosenhead,1.0,-1.0,37.0,0.00022293747395201342,0.0003939436343551911,0.0
trefoil,96.0,0.05,rosenhead,1.0,1.0,1.0,0.0,1.842749460829654e-16,0.0
trefoil,96.0,0.05,rosenhead,1.0,1.0,7.0,0.00033453770787390846,0.001769911256924288,0.0
trefoil,96.0,0.05,rosenhead,1.0,1.0,19.0,0.0003683979540514056,0.00167957454990859,0.0
trefoil,96.0,0.05,rosenhead,1.0,1.0,37.0,0.00022293747395201342,0.0010227184030731625,0.0
trefoil,96.0,0.04,rosenhead,0.75,-0.5,1.0,0.0,0.0,0.0
mirror_trefoil,96.0,0.04,rosenhead,0.75,-0.5,1.0,0.0,0.0,0.0
trefoil,96.0,0.04,rosenhead,0.75,-1.0,1.0,0.0,1.6853792495842452e-16,0.0
mirror_trefoil,96.0,0.04,rosenhead,0.75,-1.0,1.0,0.0,0.0,0.0
trefoil,96.0,0.04,rosenhead,0.75,-0.5,7.0,0.00012529487543140485,2.196687427310923e-05,0.0
mirror_trefoil,96.0,0.04,rosenhead,0.75,-0.5,7.0,0.00012529487543140485,0.00030107688673329573,0.0
trefoil,96.0,0.04,rosenhead,0.75,-1.0,7.0,0.00012529487543140485,0.0001996231125370374,0.0
mirror_trefoil,96.0,0.04,rosenhead,0.75,-1.0,7.0,0.00012529487543140485,0.0005852655966391118,0.0
trefoil,96.0,0.04,rosenhead,0.75,-0.5,19.0,6.097873696569003e-05,2.0327855992559204e-05,0.0
mirror_trefoil,96.0,0.04,rosenhead,0.75,-0.5,19.0,6.097873696569003e-05,0.00013765616304532146,0.0
trefoil,96.0,0.04,rosenhead,0.75,-1.0,19.0,6.097873696569003e-05,0.00011007630603689104,0.0
mirror_trefoil,96.0,0.04,rosenhead,0.75,-1.0,19.0,6.097873696569003e-05,0.00027502971573228874,0.0
trefoil,96.0,0.04,rosenhead,0.75,-0.5,37.0,4.0997758828898386e-05,1.3874062091233259e-05,0.0
mirror_trefoil,96.0,0.04,rosenhead,0.75,-0.5,37.0,4.0997758828898386e-05,9.293479568908792e-05,0.0
trefoil,96.0,0.04,rosenhead,0.75,-1.0,37.0,4.0997758828898386e-05,7.458961920402445e-05,0.0
mirror_trefoil,96.0,0.04,rosenhead,0.75,-1.0,37.0,4.0997758828898386e-05,0.00018578345167038788,0.0
trefoil,96.0,0.04,rosenhead,0.75,-0.5,61.0,3.3943345592078036e-05,1.153813240348789e-05,0.0
mirror_trefoil,96.0,0.04,rosenhead,0.75,-0.5,61.0,3.3943345592078036e-05,7.710888588524595e-05,0.0
trefoil,96.0,0.04,rosenhead,0.75,-1.0,61.0,3.3943345592078036e-05,6.193647575807886e-05,0.0
mirror_trefoil,96.0,0.04,rosenhead,0.75,-1.0,61.0,3.3943345592078036e-05,0.00015416438464762333,0.0
trefoil,96.0,0.04,rosenhead,0.75,0.5,1.0,0.0,0.0,0.0
mirror_trefoil,96.0,0.04,rosenhead,0.75,0.5,1.0,0.0,0.0,0.0
trefoil,96.0,0.04,rosenhead,0.75,1.0,1.0,0.0,0.0,0.0
mirror_trefoil,96.0,0.04,rosenhead,0.75,1.0,1.0,0.0,1.6853792495842452e-16,0.0
trefoil,96.0,0.04,rosenhead,0.75,0.5,7.0,0.00012529487543140485,0.00030107688673329573,0.0
mirror_trefoil,96.0,0.04,rosenhead,0.75,0.5,7.0,0.00012529487543140485,2.196687427310923e-05,0.0
trefoil,96.0,0.04,rosenhead,0.75,1.0,7.0,0.00012529487543140485,0.0005852655966391118,0.0
mirror_trefoil,96.0,0.04,rosenhead,0.75,1.0,7.0,0.00012529487543140485,0.0001996231125370374,0.0
trefoil,96.0,0.04,rosenhead,0.75,0.5,19.0,6.097873696569003e-05,0.00013765616304532146,0.0
mirror_trefoil,96.0,0.04,rosenhead,0.75,0.5,19.0,6.097873696569003e-05,2.0327855992559204e-05,0.0
trefoil,96.0,0.04,rosenhead,0.75,1.0,19.0,6.097873696569003e-05,0.00027502971573228874,0.0
mirror_trefoil,96.0,0.04,rosenhead,0.75,1.0,19.0,6.097873696569003e-05,0.00011007630603689104,0.0
trefoil,96.0,0.04,rosenhead,0.75,0.5,37.0,4.0997758828898386e-05,9.293479568908792e-05,0.0
mirror_trefoil,96.0,0.04,rosenhead,0.75,0.5,37.0,4.0997758828898386e-05,1.3874062091233259e-05,0.0
trefoil,96.0,0.04,rosenhead,0.75,1.0,37.0,4.0997758828898386e-05,0.00018578345167038788,0.0
mirror_trefoil,96.0,0.04,rosenhead,0.75,1.0,37.0,4.0997758828898386e-05,7.458961920402445e-05,0.0
trefoil,96.0,0.04,rosenhead,0.75,0.5,61.0,3.3943345592078036e-05,7.710888588524595e-05,0.0
mirror_trefoil,96.0,0.04,rosenhead,0.75,0.5,61.0,3.3943345592078036e-05,1.153813240348789e-05,0.0
trefoil,96.0,0.04,rosenhead,0.75,1.0,61.0,3.3943345592078036e-05,0.00015416438464762333,0.0
mirror_trefoil,96.0,0.04,rosenhead,0.75,1.0,61.0,3.3943345592078036e-05,6.193647575807886e-05,0.0
trefoil,96.0,0.04,rosenhead,1.0,-0.5,1.0,0.0,0.0,0.0
mirror_trefoil,96.0,0.04,rosenhead,1.0,-0.5,1.0,0.0,0.0,0.0
trefoil,96.0,0.04,rosenhead,1.0,-1.0,1.0,0.0,1.6853792495842452e-16,0.0
mirror_trefoil,96.0,0.04,rosenhead,1.0,-1.0,1.0,0.0,0.0,0.0
trefoil,96.0,0.04,rosenhead,1.0,-0.5,7.0,0.0003373540185729856,0.00059130048711986,0.0
mirror_trefoil,96.0,0.04,rosenhead,1.0,-0.5,7.0,0.0003373540185729856,0.0012233738548512584,0.0
trefoil,96.0,0.04,rosenhead,1.0,-1.0,7.0,0.0003373540185729856,0.0004337710872897568,0.0
mirror_trefoil,96.0,0.04,rosenhead,1.0,-1.0,7.0,0.0003373540185729856,0.0018844726987629228,0.0
trefoil,96.0,0.04,rosenhead,1.0,-0.5,19.0,0.0005771951209674592,0.00016010228196438578,0.0
mirror_trefoil,96.0,0.04,rosenhead,1.0,-0.5,19.0,0.0005771951209674592,0.0012580781507607202,0.0
trefoil,96.0,0.04,rosenhead,1.0,-1.0,19.0,0.0005771951209674592,0.0009590779179751795,0.0
mirror_trefoil,96.0,0.04,rosenhead,1.0,-1.0,19.0,0.0005771951209674592,0.0024963804326356004,0.0
trefoil,96.0,0.04,rosenhead,1.0,-0.5,37.0,0.0003384184746098159,0.00010029438962706629,0.0
mirror_trefoil,96.0,0.04,rosenhead,1.0,-0.5,37.0,0.0003384184746098159,0.0007388525764947182,0.0
trefoil,96.0,0.04,rosenhead,1.0,-1.0,37.0,0.0003384184746098159,0.0005747158498972307,0.0
mirror_trefoil,96.0,0.04,rosenhead,1.0,-1.0,37.0,0.0003384184746098159,0.001470252250519006,0.0
trefoil,96.0,0.04,rosenhead,1.0,-0.5,61.0,0.0002641959448809789,7.978785475182216e-05,0.0
mirror_trefoil,96.0,0.04,rosenhead,1.0,-0.5,61.0,0.0002641959448809789,0.0005782641479117565,0.0
trefoil,96.0,0.04,rosenhead,1.0,-1.0,61.0,0.0002641959448809789,0.00045216398051396933,0.0
mirror_trefoil,96.0,0.04,rosenhead,1.0,-1.0,61.0,0.0002641959448809789,0.0011515378839432595,0.0
trefoil,96.0,0.04,rosenhead,1.0,0.5,1.0,0.0,0.0,0.0
mirror_trefoil,96.0,0.04,rosenhead,1.0,0.5,1.0,0.0,0.0,0.0
trefoil,96.0,0.04,rosenhead,1.0,1.0,1.0,0.0,0.0,0.0
mirror_trefoil,96.0,0.04,rosenhead,1.0,1.0,1.0,0.0,1.6853792495842452e-16,0.0
trefoil,96.0,0.04,rosenhead,1.0,0.5,7.0,0.0003373540185729856,0.0012233738548512584,0.0
mirror_trefoil,96.0,0.04,rosenhead,1.0,0.5,7.0,0.0003373540185729856,0.00059130048711986,0.0
trefoil,96.0,0.04,rosenhead,1.0,1.0,7.0,0.0003373540185729856,0.0018844726987629228,0.0
mirror_trefoil,96.0,0.04,rosenhead,1.0,1.0,7.0,0.0003373540185729856,0.0004337710872897568,0.0
trefoil,96.0,0.04,rosenhead,1.0,0.5,19.0,0.0005771951209674592,0.0012580781507607202,0.0
mirror_trefoil,96.0,0.04,rosenhead,1.0,0.5,19.0,0.0005771951209674592,0.00016010228196438578,0.0
trefoil,96.0,0.04,rosenhead,1.0,1.0,19.0,0.0005771951209674592,0.0024963804326356004,0.0
mirror_trefoil,96.0,0.04,rosenhead,1.0,1.0,19.0,0.0005771951209674592,0.0009590779179751795,0.0
trefoil,96.0,0.04,rosenhead,1.0,0.5,37.0,0.0003384184746098159,0.0007388525764947182,0.0
mirror_trefoil,96.0,0.04,rosenhead,1.0,0.5,37.0,0.0003384184746098159,0.00010029438962706629,0.0
trefoil,96.0,0.04,rosenhead,1.0,1.0,37.0,0.0003384184746098159,0.001470252250519006,0.0
mirror_trefoil,96.0,0.04,rosenhead,1.0,1.0,37.0,0.0003384184746098159,0.0005747158498972307,0.0
trefoil,96.0,0.04,rosenhead,1.0,0.5,61.0,0.0002641959448809789,0.0005782641479117565,0.0
mirror_trefoil,96.0,0.04,rosenhead,1.0,0.5,61.0,0.0002641959448809789,7.978785475182216e-05,0.0
trefoil,96.0,0.04,rosenhead,1.0,1.0,61.0,0.0002641959448809789,0.0011515378839432595,0.0
mirror_trefoil,96.0,0.04,rosenhead,1.0,1.0,61.0,0.0002641959448809789,0.00045216398051396933,0.0
trefoil,96.0,0.04,winckelmans,0.75,-0.5,1.0,0.0,0.0,0.0
mirror_trefoil,96.0,0.04,winckelmans,0.75,-0.5,1.0,0.0,0.0,0.0
trefoil,96.0,0.04,winckelmans,0.75,-1.0,1.0,0.0,0.0,0.0
mirror_trefoil,96.0,0.04,winckelmans,0.75,-1.0,1.0,0.0,1.8298372827315657e-16,0.0
trefoil,96.0,0.04,winckelmans,0.75,-0.5,7.0,0.00012529487543140485,1.1399180025124457e-05,0.0
mirror_trefoil,96.0,0.04,winckelmans,0.75,-0.5,7.0,0.00012529487543140485,0.0002793854216055213,0.0
trefoil,96.0,0.04,winckelmans,0.75,-1.0,7.0,0.00012529487543140485,0.00018446782206274837,0.0
mirror_trefoil,96.0,0.04,winckelmans,0.75,-1.0,7.0,0.00012529487543140485,0.0005485395912389023,0.0
trefoil,96.0,0.04,winckelmans,0.75,-0.5,19.0,6.097873696569003e-05,1.5892996402719776e-05,0.0
mirror_trefoil,96.0,0.04,winckelmans,0.75,-0.5,19.0,6.097873696569003e-05,0.0001267576152039057,0.0
trefoil,96.0,0.04,winckelmans,0.75,-1.0,19.0,6.097873696569003e-05,0.0001039912848529894,0.0
mirror_trefoil,96.0,0.04,winckelmans,0.75,-1.0,19.0,6.097873696569003e-05,0.00025633885777260154,0.0
trefoil,96.0,0.04,winckelmans,0.75,-0.5,37.0,4.0997758828898386e-05,1.0731971932476246e-05,0.0
mirror_trefoil,96.0,0.04,winckelmans,0.75,-0.5,37.0,4.0997758828898386e-05,8.572918660315622e-05,0.0
trefoil,96.0,0.04,winckelmans,0.75,-1.0,37.0,4.0997758828898386e-05,7.029979282824705e-05,0.0
mirror_trefoil,96.0,0.04,winckelmans,0.75,-1.0,37.0,4.0997758828898386e-05,0.00017335253430295216,0.0
trefoil,96.0,0.04,winckelmans,0.75,-0.5,61.0,3.3943345592078036e-05,8.87826593797529e-06,0.0
mirror_trefoil,96.0,0.04,winckelmans,0.75,-0.5,61.0,3.3943345592078036e-05,7.118611543880206e-05,0.0
trefoil,96.0,0.04,winckelmans,0.75,-1.0,61.0,3.3943345592078036e-05,5.8311396307694375e-05,0.0
mirror_trefoil,96.0,0.04,winckelmans,0.75,-1.0,61.0,3.3943345592078036e-05,0.00014392082747603349,0.0
trefoil,96.0,0.04,winckelmans,0.75,0.5,1.0,0.0,0.0,0.0
mirror_trefoil,96.0,0.04,winckelmans,0.75,0.5,1.0,0.0,0.0,0.0
trefoil,96.0,0.04,winckelmans,0.75,1.0,1.0,0.0,1.8298372827315657e-16,0.0
mirror_trefoil,96.0,0.04,winckelmans,0.75,1.0,1.0,0.0,0.0,0.0
trefoil,96.0,0.04,winckelmans,0.75,0.5,7.0,0.00012529487543140485,0.0002793854216055213,0.0
mirror_trefoil,96.0,0.04,winckelmans,0.75,0.5,7.0,0.00012529487543140485,1.1399180025124457e-05,0.0
trefoil,96.0,0.04,winckelmans,0.75,1.0,7.0,0.00012529487543140485,0.0005485395912389023,0.0
mirror_trefoil,96.0,0.04,winckelmans,0.75,1.0,7.0,0.00012529487543140485,0.00018446782206274837,0.0
trefoil,96.0,0.04,winckelmans,0.75,0.5,19.0,6.097873696569003e-05,0.0001267576152039057,0.0
mirror_trefoil,96.0,0.04,winckelmans,0.75,0.5,19.0,6.097873696569003e-05,1.5892996402719776e-05,0.0
trefoil,96.0,0.04,winckelmans,0.75,1.0,19.0,6.097873696569003e-05,0.00025633885777260154,0.0
mirror_trefoil,96.0,0.04,winckelmans,0.75,1.0,19.0,6.097873696569003e-05,0.0001039912848529894,0.0
trefoil,96.0,0.04,winckelmans,0.75,0.5,37.0,4.0997758828898386e-05,8.572918660315622e-05,0.0
mirror_trefoil,96.0,0.04,winckelmans,0.75,0.5,37.0,4.0997758828898386e-05,1.0731971932476246e-05,0.0
trefoil,96.0,0.04,winckelmans,0.75,1.0,37.0,4.0997758828898386e-05,0.00017335253430295216,0.0
mirror_trefoil,96.0,0.04,winckelmans,0.75,1.0,37.0,4.0997758828898386e-05,7.029979282824705e-05,0.0
trefoil,96.0,0.04,winckelmans,0.75,0.5,61.0,3.3943345592078036e-05,7.118611543880206e-05,0.0
mirror_trefoil,96.0,0.04,winckelmans,0.75,0.5,61.0,3.3943345592078036e-05,8.87826593797529e-06,0.0
trefoil,96.0,0.04,winckelmans,0.75,1.0,61.0,3.3943345592078036e-05,0.00014392082747603349,0.0
mirror_trefoil,96.0,0.04,winckelmans,0.75,1.0,61.0,3.3943345592078036e-05,5.8311396307694375e-05,0.0
trefoil,96.0,0.04,winckelmans,1.0,-0.5,1.0,0.0,0.0,0.0
mirror_trefoil,96.0,0.04,winckelmans,1.0,-0.5,1.0,0.0,0.0,0.0
trefoil,96.0,0.04,winckelmans,1.0,-1.0,1.0,0.0,0.0,0.0
mirror_trefoil,96.0,0.04,winckelmans,1.0,-1.0,1.0,0.0,1.8298372827315657e-16,0.0
trefoil,96.0,0.04,winckelmans,1.0,-0.5,7.0,0.0003373540185729856,0.0006128534727548891,0.0
mirror_trefoil,96.0,0.04,winckelmans,1.0,-0.5,7.0,0.0003373540185729856,0.001148620449950557,0.0
trefoil,96.0,0.04,winckelmans,1.0,-1.0,7.0,0.0003373540185729856,0.0004910270984914288,0.0
mirror_trefoil,96.0,0.04,winckelmans,1.0,-1.0,7.0,0.0003373540185729856,0.0017946546913286377,0.0
trefoil,96.0,0.04,winckelmans,1.0,-0.5,19.0,0.0005771951209674592,0.00013588036102313753,0.0
mirror_trefoil,96.0,0.04,winckelmans,1.0,-0.5,19.0,0.0005771951209674592,0.0011421467806807981,0.0
trefoil,96.0,0.04,winckelmans,1.0,-1.0,19.0,0.0005771951209674592,0.0009231727934740309,0.0
mirror_trefoil,96.0,0.04,winckelmans,1.0,-1.0,19.0,0.0005771951209674592,0.002305859950810682,0.0
trefoil,96.0,0.04,winckelmans,1.0,-0.5,37.0,0.0003384184746098159,8.296644104927344e-05,0.0
mirror_trefoil,96.0,0.04,winckelmans,1.0,-0.5,37.0,0.0003384184746098159,0.0006738050171647565,0.0
trefoil,96.0,0.04,winckelmans,1.0,-1.0,37.0,0.0003384184746098159,0.0005499263252979062,0.0
mirror_trefoil,96.0,0.04,winckelmans,1.0,-1.0,37.0,0.0003384184746098159,0.0013619559540600213,0.0
trefoil,96.0,0.04,winckelmans,1.0,-0.5,61.0,0.0002641959448809789,6.51395485283032e-05,0.0
mirror_trefoil,96.0,0.04,winckelmans,1.0,-0.5,61.0,0.0002641959448809789,0.0005284647711242344,0.0
trefoil,96.0,0.04,winckelmans,1.0,-1.0,61.0,0.0002641959448809789,0.0004314354383055059,0.0
mirror_trefoil,96.0,0.04,winckelmans,1.0,-1.0,61.0,0.0002641959448809789,0.0010681469745274154,0.0
trefoil,96.0,0.04,winckelmans,1.0,0.5,1.0,0.0,0.0,0.0
mirror_trefoil,96.0,0.04,winckelmans,1.0,0.5,1.0,0.0,0.0,0.0
trefoil,96.0,0.04,winckelmans,1.0,1.0,1.0,0.0,1.8298372827315657e-16,0.0
mirror_trefoil,96.0,0.04,winckelmans,1.0,1.0,1.0,0.0,0.0,0.0
trefoil,96.0,0.04,winckelmans,1.0,0.5,7.0,0.0003373540185729856,0.001148620449950557,0.0
mirror_trefoil,96.0,0.04,winckelmans,1.0,0.5,7.0,0.0003373540185729856,0.0006128534727548891,0.0
trefoil,96.0,0.04,winckelmans,1.0,1.0,7.0,0.0003373540185729856,0.0017946546913286377,0.0
mirror_trefoil,96.0,0.04,winckelmans,1.0,1.0,7.0,0.0003373540185729856,0.0004910270984914288,0.0
trefoil,96.0,0.04,winckelmans,1.0,0.5,19.0,0.0005771951209674592,0.0011421467806807981,0.0
mirror_trefoil,96.0,0.04,winckelmans,1.0,0.5,19.0,0.0005771951209674592,0.00013588036102313753,0.0
trefoil,96.0,0.04,winckelmans,1.0,1.0,19.0,0.0005771951209674592,0.002305859950810682,0.0
mirror_trefoil,96.0,0.04,winckelmans,1.0,1.0,19.0,0.0005771951209674592,0.0009231727934740309,0.0
trefoil,96.0,0.04,winckelmans,1.0,0.5,37.0,0.0003384184746098159,0.0006738050171647565,0.0
mirror_trefoil,96.0,0.04,winckelmans,1.0,0.5,37.0,0.0003384184746098159,8.296644104927344e-05,0.0
trefoil,96.0,0.04,winckelmans,1.0,1.0,37.0,0.0003384184746098159,0.0013619559540600213,0.0
mirror_trefoil,96.0,0.04,winckelmans,1.0,1.0,37.0,0.0003384184746098159,0.0005499263252979062,0.0
trefoil,96.0,0.04,winckelmans,1.0,0.5,61.0,0.0002641959448809789,0.0005284647711242344,0.0
mirror_trefoil,96.0,0.04,winckelmans,1.0,0.5,61.0,0.0002641959448809789,6.51395485283032e-05,0.0
trefoil,96.0,0.04,winckelmans,1.0,1.0,61.0,0.0002641959448809789,0.0010681469745274154,0.0
mirror_trefoil,96.0,0.04,winckelmans,1.0,1.0,61.0,0.0002641959448809789,0.0004314354383055059,0.0
trefoil,96.0,0.05,rosenhead,0.75,-0.5,1.0,0.0,0.0,0.0
mirror_trefoil,96.0,0.05,rosenhead,0.75,-0.5,1.0,0.0,0.0,0.0
trefoil,96.0,0.05,rosenhead,0.75,-1.0,1.0,0.0,1.6555679124868155e-16,0.0
mirror_trefoil,96.0,0.05,rosenhead,0.75,-1.0,1.0,0.0,1.842749460829654e-16,0.0
trefoil,96.0,0.05,rosenhead,0.75,-0.5,7.0,9.456362857356345e-05,2.5865523762908157e-05,0.0
mirror_trefoil,96.0,0.05,rosenhead,0.75,-0.5,7.0,9.456362857356345e-05,0.00023358017707871803,0.0
trefoil,96.0,0.05,rosenhead,0.75,-1.0,7.0,9.456362857356345e-05,0.00016373753271616267,0.0
mirror_trefoil,96.0,0.05,rosenhead,0.75,-1.0,7.0,9.456362857356345e-05,0.00045517405983785746,0.0
trefoil,96.0,0.05,rosenhead,0.75,-0.5,19.0,4.284340981972931e-05,1.6263185881793464e-05,0.0
mirror_trefoil,96.0,0.05,rosenhead,0.75,-0.5,19.0,4.284340981972931e-05,0.00010145109592332656,0.0
trefoil,96.0,0.05,rosenhead,0.75,-1.0,19.0,4.284340981972931e-05,8.014759985460622e-05,0.0
mirror_trefoil,96.0,0.05,rosenhead,0.75,-1.0,19.0,4.284340981972931e-05,0.00020141331709878829,0.0
trefoil,96.0,0.05,rosenhead,0.75,-0.5,37.0,2.917471234028636e-05,1.1242130874859112e-05,0.0
mirror_trefoil,96.0,0.05,rosenhead,0.75,-0.5,37.0,2.917471234028636e-05,6.925788729856746e-05,0.0
trefoil,96.0,0.05,rosenhead,0.75,-1.0,37.0,2.917471234028636e-05,5.496535684999807e-05,0.0
mirror_trefoil,96.0,0.05,rosenhead,0.75,-1.0,37.0,2.917471234028636e-05,0.00013760067726784146,0.0
trefoil,96.0,0.05,rosenhead,0.75,-0.5,61.0,2.4289729598563633e-05,9.407253833799062e-06,0.0
mirror_trefoil,96.0,0.05,rosenhead,0.75,-0.5,61.0,2.4289729598563633e-05,5.7737266442914335e-05,0.0
trefoil,96.0,0.05,rosenhead,0.75,-1.0,61.0,2.4289729598563633e-05,4.58853615022424e-05,0.0
mirror_trefoil,96.0,0.05,rosenhead,0.75,-1.0,61.0,2.4289729598563633e-05,0.00011473706310960562,0.0
trefoil,96.0,0.05,rosenhead,0.75,0.5,1.0,0.0,0.0,0.0
mirror_trefoil,96.0,0.05,rosenhead,0.75,0.5,1.0,0.0,0.0,0.0
trefoil,96.0,0.05,rosenhead,0.75,1.0,1.0,0.0,1.842749460829654e-16,0.0
mirror_trefoil,96.0,0.05,rosenhead,0.75,1.0,1.0,0.0,1.6555679124868155e-16,0.0
trefoil,96.0,0.05,rosenhead,0.75,0.5,7.0,9.456362857356345e-05,0.00023358017707871803,0.0
mirror_trefoil,96.0,0.05,rosenhead,0.75,0.5,7.0,9.456362857356345e-05,2.5865523762908157e-05,0.0
trefoil,96.0,0.05,rosenhead,0.75,1.0,7.0,9.456362857356345e-05,0.00045517405983785746,0.0
mirror_trefoil,96.0,0.05,rosenhead,0.75,1.0,7.0,9.456362857356345e-05,0.00016373753271616267,0.0
trefoil,96.0,0.05,rosenhead,0.75,0.5,19.0,4.284340981972931e-05,0.00010145109592332656,0.0
mirror_trefoil,96.0,0.05,rosenhead,0.75,0.5,19.0,4.284340981972931e-05,1.6263185881793464e-05,0.0
trefoil,96.0,0.05,rosenhead,0.75,1.0,19.0,4.284340981972931e-05,0.00020141331709878829,0.0
mirror_trefoil,96.0,0.05,rosenhead,0.75,1.0,19.0,4.284340981972931e-05,8.014759985460622e-05,0.0
trefoil,96.0,0.05,rosenhead,0.75,0.5,37.0,2.917471234028636e-05,6.925788729856746e-05,0.0
mirror_trefoil,96.0,0.05,rosenhead,0.75,0.5,37.0,2.917471234028636e-05,1.1242130874859112e-05,0.0
trefoil,96.0,0.05,rosenhead,0.75,1.0,37.0,2.917471234028636e-05,0.00013760067726784146,0.0
mirror_trefoil,96.0,0.05,rosenhead,0.75,1.0,37.0,2.917471234028636e-05,5.496535684999807e-05,0.0
trefoil,96.0,0.05,rosenhead,0.75,0.5,61.0,2.4289729598563633e-05,5.7737266442914335e-05,0.0
mirror_trefoil,96.0,0.05,rosenhead,0.75,0.5,61.0,2.4289729598563633e-05,9.407253833799062e-06,0.0
trefoil,96.0,0.05,rosenhead,0.75,1.0,61.0,2.4289729598563633e-05,0.00011473706310960562,0.0
mirror_trefoil,96.0,0.05,rosenhead,0.75,1.0,61.0,2.4289729598563633e-05,4.58853615022424e-05,0.0
trefoil,96.0,0.05,rosenhead,1.0,-0.5,1.0,0.0,0.0,0.0
mirror_trefoil,96.0,0.05,rosenhead,1.0,-0.5,1.0,0.0,0.0,0.0
trefoil,96.0,0.05,rosenhead,1.0,-1.0,1.0,0.0,1.6555679124868155e-16,0.0
mirror_trefoil,96.0,0.05,rosenhead,1.0,-1.0,1.0,0.0,1.842749460829654e-16,0.0
trefoil,96.0,0.05,rosenhead,1.0,-0.5,7.0,0.00033453770787390846,0.00024992840186043497,0.0
mirror_trefoil,96.0,0.05,rosenhead,1.0,-0.5,7.0,0.00033453770787390846,0.0010473589970910865,0.0
trefoil,96.0,0.05,rosenhead,1.0,-1.0,7.0,0.00033453770787390846,7.680440153855367e-05,0.0
mirror_trefoil,96.0,0.05,rosenhead,1.0,-1.0,7.0,0.00033453770787390846,0.001769911256924288,0.0
trefoil,96.0,0.05,rosenhead,1.0,-0.5,19.0,0.0003683979540514056,0.00011666434940804694,0.0
mirror_trefoil,96.0,0.05,rosenhead,1.0,-0.5,19.0,0.0003683979540514056,0.0008531842086450078,0.0
trefoil,96.0,0.05,rosenhead,1.0,-1.0,19.0,0.0003683979540514056,0.0006379269563215189,0.0
mirror_trefoil,96.0,0.05,rosenhead,1.0,-1.0,19.0,0.0003683979540514056,0.0016795745499087744,0.0
trefoil,96.0,0.05,rosenhead,1.0,-0.5,37.0,0.00022293747395201342,7.445559537813418e-05,0.0
mirror_trefoil,96.0,0.05,rosenhead,1.0,-0.5,37.0,0.00022293747395201342,0.0005182512311621491,0.0
trefoil,96.0,0.05,rosenhead,1.0,-1.0,37.0,0.00022293747395201342,0.0003939436343551911,0.0
mirror_trefoil,96.0,0.05,rosenhead,1.0,-1.0,37.0,0.00022293747395201342,0.0010227184030731625,0.0
trefoil,96.0,0.05,rosenhead,1.0,-0.5,61.0,0.00017632530848061455,5.9884008902208626e-05,0.0
mirror_trefoil,96.0,0.05,rosenhead,1.0,-0.5,61.0,0.00017632530848061455,0.0004112772792925502,0.0
trefoil,96.0,0.05,rosenhead,1.0,-1.0,61.0,0.00017632530848061455,0.0003140591811605576,0.0
mirror_trefoil,96.0,0.05,rosenhead,1.0,-1.0,61.0,0.00017632530848061455,0.0008121629055454096,0.0
trefoil,96.0,0.05,rosenhead,1.0,0.5,1.0,0.0,0.0,0.0
mirror_trefoil,96.0,0.05,rosenhead,1.0,0.5,1.0,0.0,0.0,0.0
trefoil,96.0,0.05,rosenhead,1.0,1.0,1.0,0.0,1.842749460829654e-16,0.0
mirror_trefoil,96.0,0.05,rosenhead,1.0,1.0,1.0,0.0,1.6555679124868155e-16,0.0
trefoil,96.0,0.05,rosenhead,1.0,0.5,7.0,0.00033453770787390846,0.0010473589970910865,0.0
mirror_trefoil,96.0,0.05,rosenhead,1.0,0.5,7.0,0.00033453770787390846,0.00024992840186043497,0.0
trefoil,96.0,0.05,rosenhead,1.0,1.0,7.0,0.00033453770787390846,0.001769911256924288,0.0
mirror_trefoil,96.0,0.05,rosenhead,1.0,1.0,7.0,0.00033453770787390846,7.680440153855367e-05,0.0
trefoil,96.0,0.05,rosenhead,1.0,0.5,19.0,0.0003683979540514056,0.0008531842086450078,0.0
mirror_trefoil,96.0,0.05,rosenhead,1.0,0.5,19.0,0.0003683979540514056,0.00011666434940804694,0.0
trefoil,96.0,0.05,rosenhead,1.0,1.0,19.0,0.0003683979540514056,0.0016795745499087744,0.0
mirror_trefoil,96.0,0.05,rosenhead,1.0,1.0,19.0,0.0003683979540514056,0.0006379269563215189,0.0
trefoil,96.0,0.05,rosenhead,1.0,0.5,37.0,0.00022293747395201342,0.0005182512311621491,0.0
mirror_trefoil,96.0,0.05,rosenhead,1.0,0.5,37.0,0.00022293747395201342,7.445559537813418e-05,0.0
trefoil,96.0,0.05,rosenhead,1.0,1.0,37.0,0.00022293747395201342,0.0010227184030731625,0.0
mirror_trefoil,96.0,0.05,rosenhead,1.0,1.0,37.0,0.00022293747395201342,0.0003939436343551911,0.0
trefoil,96.0,0.05,rosenhead,1.0,0.5,61.0,0.00017632530848061455,0.0004112772792925502,0.0
mirror_trefoil,96.0,0.05,rosenhead,1.0,0.5,61.0,0.00017632530848061455,5.9884008902208626e-05,0.0
trefoil,96.0,0.05,rosenhead,1.0,1.0,61.0,0.00017632530848061455,0.0008121629055454096,0.0
mirror_trefoil,96.0,0.05,rosenhead,1.0,1.0,61.0,0.00017632530848061455,0.0003140591811605576,0.0
trefoil,96.0,0.05,winckelmans,0.75,-0.5,1.0,0.0,2.185071211441217e-16,0.0
mirror_trefoil,96.0,0.05,winckelmans,0.75,-0.5,1.0,0.0,0.0,0.0
trefoil,96.0,0.05,winckelmans,0.75,-1.0,1.0,0.0,0.0,0.0
mirror_trefoil,96.0,0.05,winckelmans,0.75,-1.0,1.0,0.0,0.0,0.0
trefoil,96.0,0.05,winckelmans,0.75,-0.5,7.0,9.456362857356345e-05,1.537075298572834e-05,0.0
mirror_trefoil,96.0,0.05,winckelmans,0.75,-0.5,7.0,9.456362857356345e-05,0.00020995804898115789,0.0
trefoil,96.0,0.05,winckelmans,0.75,-1.0,7.0,9.456362857356345e-05,0.00014912091055814801,0.0
mirror_trefoil,96.0,0.05,winckelmans,0.75,-1.0,7.0,9.456362857356345e-05,0.0004157832916186203,0.0
trefoil,96.0,0.05,winckelmans,0.75,-0.5,19.0,4.284340981972931e-05,1.2005511512677764e-05,0.0
mirror_trefoil,96.0,0.05,winckelmans,0.75,-0.5,19.0,4.284340981972931e-05,9.049454884210958e-05,0.0
trefoil,96.0,0.05,winckelmans,0.75,-1.0,19.0,4.284340981972931e-05,7.439826057398934e-05,0.0
mirror_trefoil,96.0,0.05,winckelmans,0.75,-1.0,19.0,4.284340981972931e-05,0.00018298716444926488,0.0
trefoil,96.0,0.05,winckelmans,0.75,-0.5,37.0,2.917471234028636e-05,8.220809384025598e-06,0.0
mirror_trefoil,96.0,0.05,winckelmans,0.75,-0.5,37.0,2.917471234028636e-05,6.1893712105447e-05,0.0
trefoil,96.0,0.05,winckelmans,0.75,-1.0,37.0,2.917471234028636e-05,5.0902747765592943e-05,0.0
mirror_trefoil,96.0,0.05,winckelmans,0.75,-1.0,37.0,2.917471234028636e-05,0.0001251588931387874,0.0
trefoil,96.0,0.05,winckelmans,0.75,-0.5,61.0,2.4289729598563633e-05,6.847613293548089e-06,0.0
mirror_trefoil,96.0,0.05,winckelmans,0.75,-0.5,61.0,2.4289729598563633e-05,5.1640334703898515e-05,0.0
trefoil,96.0,0.05,winckelmans,0.75,-1.0,61.0,2.4289729598563633e-05,4.244880997732085e-05,0.0
mirror_trefoil,96.0,0.05,winckelmans,0.75,-1.0,61.0,2.4289729598563633e-05,0.00010441639146189946,0.0
trefoil,96.0,0.05,winckelmans,0.75,0.5,1.0,0.0,0.0,0.0
mirror_trefoil,96.0,0.05,winckelmans,0.75,0.5,1.0,0.0,2.185071211441217e-16,0.0
trefoil,96.0,0.05,winckelmans,0.75,1.0,1.0,0.0,0.0,0.0
mirror_trefoil,96.0,0.05,winckelmans,0.75,1.0,1.0,0.0,0.0,0.0
trefoil,96.0,0.05,winckelmans,0.75,0.5,7.0,9.456362857356345e-05,0.00020995804898115789,0.0
mirror_trefoil,96.0,0.05,winckelmans,0.75,0.5,7.0,9.456362857356345e-05,1.537075298572834e-05,0.0
trefoil,96.0,0.05,winckelmans,0.75,1.0,7.0,9.456362857356345e-05,0.0004157832916186203,0.0
mirror_trefoil,96.0,0.05,winckelmans,0.75,1.0,7.0,9.456362857356345e-05,0.00014912091055814801,0.0
trefoil,96.0,0.05,winckelmans,0.75,0.5,19.0,4.284340981972931e-05,9.049454884210958e-05,0.0
mirror_trefoil,96.0,0.05,winckelmans,0.75,0.5,19.0,4.284340981972931e-05,1.2005511512677764e-05,0.0
trefoil,96.0,0.05,winckelmans,0.75,1.0,19.0,4.284340981972931e-05,0.00018298716444926488,0.0
mirror_trefoil,96.0,0.05,winckelmans,0.75,1.0,19.0,4.284340981972931e-05,7.439826057398934e-05,0.0
trefoil,96.0,0.05,winckelmans,0.75,0.5,37.0,2.917471234028636e-05,6.1893712105447e-05,0.0
mirror_trefoil,96.0,0.05,winckelmans,0.75,0.5,37.0,2.917471234028636e-05,8.220809384025598e-06,0.0
trefoil,96.0,0.05,winckelmans,0.75,1.0,37.0,2.917471234028636e-05,0.0001251588931387874,0.0
mirror_trefoil,96.0,0.05,winckelmans,0.75,1.0,37.0,2.917471234028636e-05,5.0902747765592943e-05,0.0
trefoil,96.0,0.05,winckelmans,0.75,0.5,61.0,2.4289729598563633e-05,5.1640334703898515e-05,0.0
mirror_trefoil,96.0,0.05,winckelmans,0.75,0.5,61.0,2.4289729598563633e-05,6.847613293548089e-06,0.0
trefoil,96.0,0.05,winckelmans,0.75,1.0,61.0,2.4289729598563633e-05,0.00010441639146189946,0.0
mirror_trefoil,96.0,0.05,winckelmans,0.75,1.0,61.0,2.4289729598563633e-05,4.244880997732085e-05,0.0
trefoil,96.0,0.05,winckelmans,1.0,-0.5,1.0,0.0,2.185071211441217e-16,0.0
mirror_trefoil,96.0,0.05,winckelmans,1.0,-0.5,1.0,0.0,0.0,0.0
trefoil,96.0,0.05,winckelmans,1.0,-1.0,1.0,0.0,0.0,0.0
mirror_trefoil,96.0,0.05,winckelmans,1.0,-1.0,1.0,0.0,0.0,0.0
trefoil,96.0,0.05,winckelmans,1.0,-0.5,7.0,0.00033453770787390846,0.00028035444681947765,0.0
mirror_trefoil,96.0,0.05,winckelmans,1.0,-0.5,7.0,0.00033453770787390846,0.0009499757419063828,0.0
trefoil,96.0,0.05,winckelmans,1.0,-1.0,7.0,0.00033453770787390846,1.5997612246548343e-05,0.0
mirror_trefoil,96.0,0.05,winckelmans,1.0,-1.0,7.0,0.00033453770787390846,0.0016350600935059766,0.0
trefoil,96.0,0.05,winckelmans,1.0,-0.5,19.0,0.0003683979540514056,9.371905891065488e-05,0.0
mirror_trefoil,96.0,0.05,winckelmans,1.0,-0.5,19.0,0.0003683979540514056,0.0007483908285008669,0.0
trefoil,96.0,0.05,winckelmans,1.0,-1.0,19.0,0.0003683979540514056,0.0006048118356033509,0.0
mirror_trefoil,96.0,0.05,winckelmans,1.0,-1.0,19.0,0.0003683979540514056,0.001509909154785058,0.0
trefoil,96.0,0.05,winckelmans,1.0,-0.5,37.0,0.00022293747395201342,5.799581064350019e-05,0.0
mirror_trefoil,96.0,0.05,winckelmans,1.0,-0.5,37.0,0.00022293747395201342,0.0004571061252328858,0.0
trefoil,96.0,0.05,winckelmans,1.0,-1.0,37.0,0.00022293747395201342,0.0003708252086562928,0.0
mirror_trefoil,96.0,0.05,winckelmans,1.0,-1.0,37.0,0.00022293747395201342,0.0009226195453713931,0.0
trefoil,96.0,0.05,winckelmans,1.0,-0.5,61.0,0.00017632530848061455,4.591867499994747e-05,0.0
mirror_trefoil,96.0,0.05,winckelmans,1.0,-0.5,61.0,0.00017632530848061455,0.0003636866339294549,0.0
trefoil,96.0,0.05,winckelmans,1.0,-1.0,61.0,0.00017632530848061455,0.0002946157177684553,0.0
mirror_trefoil,96.0,0.05,winckelmans,1.0,-1.0,61.0,0.00017632530848061455,0.0007338678908009433,0.0
trefoil,96.0,0.05,winckelmans,1.0,0.5,1.0,0.0,0.0,0.0
mirror_trefoil,96.0,0.05,winckelmans,1.0,0.5,1.0,0.0,2.185071211441217e-16,0.0
trefoil,96.0,0.05,winckelmans,1.0,1.0,1.0,0.0,0.0,0.0
mirror_trefoil,96.0,0.05,winckelmans,1.0,1.0,1.0,0.0,0.0,0.0
trefoil,96.0,0.05,winckelmans,1.0,0.5,7.0,0.00033453770787390846,0.0009499757419063828,0.0
mirror_trefoil,96.0,0.05,winckelmans,1.0,0.5,7.0,0.00033453770787390846,0.00028035444681947765,0.0
trefoil,96.0,0.05,winckelmans,1.0,1.0,7.0,0.00033453770787390846,0.0016350600935059766,0.0
mirror_trefoil,96.0,0.05,winckelmans,1.0,1.0,7.0,0.00033453770787390846,1.5997612246548343e-05,0.0
trefoil,96.0,0.05,winckelmans,1.0,0.5,19.0,0.0003683979540514056,0.0007483908285008669,0.0
mirror_trefoil,96.0,0.05,winckelmans,1.0,0.5,19.0,0.0003683979540514056,9.371905891065488e-05,0.0
trefoil,96.0,0.05,winckelmans,1.0,1.0,19.0,0.0003683979540514056,0.001509909154785058,0.0
mirror_trefoil,96.0,0.05,winckelmans,1.0,1.0,19.0,0.0003683979540514056,0.0006048118356033509,0.0
trefoil,96.0,0.05,winckelmans,1.0,0.5,37.0,0.00022293747395201342,0.0004571061252328858,0.0
mirror_trefoil,96.0,0.05,winckelmans,1.0,0.5,37.0,0.00022293747395201342,5.799581064350019e-05,0.0
trefoil,96.0,0.05,winckelmans,1.0,1.0,37.0,0.00022293747395201342,0.0009226195453713931,0.0
mirror_trefoil,96.0,0.05,winckelmans,1.0,1.0,37.0,0.00022293747395201342,0.0003708252086562928,0.0
trefoil,96.0,0.05,winckelmans,1.0,0.5,61.0,0.00017632530848061455,0.0003636866339294549,0.0
mirror_trefoil,96.0,0.05,winckelmans,1.0,0.5,61.0,0.00017632530848061455,4.591867499994747e-05,0.0
trefoil,96.0,0.05,winckelmans,1.0,1.0,61.0,0.00017632530848061455,0.0007338678908009433,0.0
mirror_trefoil,96.0,0.05,winckelmans,1.0,1.0,61.0,0.00017632530848061455,0.0002946157177684553,0.0
trefoil,128.0,0.04,rosenhead,0.75,-0.5,1.0,0.0,0.0,0.0
mirror_trefoil,128.0,0.04,rosenhead,0.75,-0.5,1.0,0.0,2.1847744604493883e-16,0.0
trefoil,128.0,0.04,rosenhead,0.75,-1.0,1.0,0.0,0.0,0.0
mirror_trefoil,128.0,0.04,rosenhead,0.75,-1.0,1.0,0.0,0.0,0.0
trefoil,128.0,0.04,rosenhead,0.75,-0.5,7.0,0.00011678222887584792,5.4006141873159445e-05,0.0
mirror_trefoil,128.0,0.04,rosenhead,0.75,-0.5,7.0,0.00011678222887584792,0.0003115033876909883,0.0
trefoil,128.0,0.04,rosenhead,0.75,-1.0,7.0,0.00011678222887584792,9.975879718411737e-05,0.0
mirror_trefoil,128.0,0.04,rosenhead,0.75,-1.0,7.0,0.00011678222887584792,0.0005677190430458388,0.0
trefoil,128.0,0.04,rosenhead,0.75,-0.5,19.0,5.7500558901672855e-05,1.3346653047397257e-05,0.0
mirror_trefoil,128.0,0.04,rosenhead,0.75,-0.5,19.0,5.7500558901672855e-05,0.00014184163661595472,0.0
trefoil,128.0,0.04,rosenhead,0.75,-1.0,19.0,5.7500558901672855e-05,6.725802644588248e-05,0.0
mirror_trefoil,128.0,0.04,rosenhead,0.75,-1.0,19.0,5.7500558901672855e-05,0.0002656274729864764,0.0
trefoil,128.0,0.04,rosenhead,0.75,-0.5,37.0,3.8575542933707916e-05,8.457082849223767e-06,0.0
mirror_trefoil,128.0,0.04,rosenhead,0.75,-0.5,37.0,3.8575542933707916e-05,9.497888186722646e-05,0.0
trefoil,128.0,0.04,rosenhead,0.75,-1.0,37.0,3.8575542933707916e-05,4.5969438596011526e-05,0.0
mirror_trefoil,128.0,0.04,rosenhead,0.75,-1.0,37.0,3.8575542933707916e-05,0.00017816845575425257,0.0
trefoil,128.0,0.04,rosenhead,0.75,-0.5,61.0,3.190206995150908e-05,6.84859669805309e-06,0.0
mirror_trefoil,128.0,0.04,rosenhead,0.75,-0.5,61.0,3.190206995150908e-05,7.851247401178022e-05,0.0
trefoil,128.0,0.04,rosenhead,0.75,-1.0,61.0,3.190206995150908e-05,3.827621112222992e-05,0.0
mirror_trefoil,128.0,0.04,rosenhead,0.75,-1.0,61.0,3.190206995150908e-05,0.00014736880185666499,0.0
trefoil,128.0,0.04,rosenhead,0.75,0.5,1.0,0.0,2.1847744604493883e-16,0.0
mirror_trefoil,128.0,0.04,rosenhead,0.75,0.5,1.0,0.0,0.0,0.0
trefoil,128.0,0.04,rosenhead,0.75,1.0,1.0,0.0,0.0,0.0
mirror_trefoil,128.0,0.04,rosenhead,0.75,1.0,1.0,0.0,0.0,0.0
trefoil,128.0,0.04,rosenhead,0.75,0.5,7.0,0.00011678222887584792,0.0003115033876909883,0.0
mirror_trefoil,128.0,0.04,rosenhead,0.75,0.5,7.0,0.00011678222887584792,5.4006141873159445e-05,0.0
trefoil,128.0,0.04,rosenhead,0.75,1.0,7.0,0.00011678222887584792,0.0005677190430458388,0.0
mirror_trefoil,128.0,0.04,rosenhead,0.75,1.0,7.0,0.00011678222887584792,9.975879718411737e-05,0.0
trefoil,128.0,0.04,rosenhead,0.75,0.5,19.0,5.7500558901672855e-05,0.00014184163661595472,0.0
mirror_trefoil,128.0,0.04,rosenhead,0.75,0.5,19.0,5.7500558901672855e-05,1.3346653047397257e-05,0.0
trefoil,128.0,0.04,rosenhead,0.75,1.0,19.0,5.7500558901672855e-05,0.0002656274729864764,0.0
mirror_trefoil,128.0,0.04,rosenhead,0.75,1.0,19.0,5.7500558901672855e-05,6.725802644588248e-05,0.0
trefoil,128.0,0.04,rosenhead,0.75,0.5,37.0,3.8575542933707916e-05,9.497888186722646e-05,0.0
mirror_trefoil,128.0,0.04,rosenhead,0.75,0.5,37.0,3.8575542933707916e-05,8.457082849223767e-06,0.0
trefoil,128.0,0.04,rosenhead,0.75,1.0,37.0,3.8575542933707916e-05,0.00017816845575425257,0.0
mirror_trefoil,128.0,0.04,rosenhead,0.75,1.0,37.0,3.8575542933707916e-05,4.5969438596011526e-05,0.0
trefoil,128.0,0.04,rosenhead,0.75,0.5,61.0,3.190206995150908e-05,7.851247401178022e-05,0.0
mirror_trefoil,128.0,0.04,rosenhead,0.75,0.5,61.0,3.190206995150908e-05,6.84859669805309e-06,0.0
trefoil,128.0,0.04,rosenhead,0.75,1.0,61.0,3.190206995150908e-05,0.00014736880185666499,0.0
mirror_trefoil,128.0,0.04,rosenhead,0.75,1.0,61.0,3.190206995150908e-05,3.827621112222992e-05,0.0
trefoil,128.0,0.04,rosenhead,1.0,-0.5,1.0,0.0,0.0,0.0
mirror_trefoil,128.0,0.04,rosenhead,1.0,-0.5,1.0,0.0,2.1847744604493883e-16,0.0
trefoil,128.0,0.04,rosenhead,1.0,-1.0,1.0,0.0,0.0,0.0
mirror_trefoil,128.0,0.04,rosenhead,1.0,-1.0,1.0,0.0,0.0,0.0
trefoil,128.0,0.04,rosenhead,1.0,-0.5,7.0,0.0003019787276633393,0.001093758895014727,0.0
mirror_trefoil,128.0,0.04,rosenhead,1.0,-0.5,7.0,0.0003019787276633393,0.0015579682157002392,0.0
trefoil,128.0,0.04,rosenhead,1.0,-1.0,7.0,0.0003019787276633393,0.0011008342414427859,0.0
mirror_trefoil,128.0,0.04,rosenhead,1.0,-1.0,7.0,0.0003019787276633393,0.002316520066677282,0.0
trefoil,128.0,0.04,rosenhead,1.0,-0.5,19.0,0.0005529774959321329,0.00019869155869340507,0.0
mirror_trefoil,128.0,0.04,rosenhead,1.0,-0.5,19.0,0.0005529774959321329,0.0013958998836996921,0.0
trefoil,128.0,0.04,rosenhead,1.0,-1.0,19.0,0.0005529774959321329,0.0005307074082981989,0.0
mirror_trefoil,128.0,0.04,rosenhead,1.0,-1.0,19.0,0.0005529774959321329,0.0025726439568625557,0.0
trefoil,128.0,0.04,rosenhead,1.0,-0.5,37.0,0.00032192075382859157,0.00010481659652027265,0.0
mirror_trefoil,128.0,0.04,rosenhead,1.0,-0.5,37.0,0.00032192075382859157,0.0008079615091461088,0.0
trefoil,128.0,0.04,rosenhead,1.0,-1.0,37.0,0.00032192075382859157,0.0003270920772302646,0.0
mirror_trefoil,128.0,0.04,rosenhead,1.0,-1.0,37.0,0.00032192075382859157,0.001495201805825654,0.0
trefoil,128.0,0.04,rosenhead,1.0,-0.5,61.0,0.00024917636863659037,7.935435970074034e-05,0.0
mirror_trefoil,128.0,0.04,rosenhead,1.0,-0.5,61.0,0.00024917636863659037,0.0006253485376862837,0.0
trefoil,128.0,0.04,rosenhead,1.0,-1.0,61.0,0.00024917636863659037,0.00025663389632488745,0.0
mirror_trefoil,128.0,0.04,rosenhead,1.0,-1.0,61.0,0.00024917636863659037,0.001158301693584748,0.0
trefoil,128.0,0.04,rosenhead,1.0,0.5,1.0,0.0,2.1847744604493883e-16,0.0
mirror_trefoil,128.0,0.04,rosenhead,1.0,0.5,1.0,0.0,0.0,0.0
trefoil,128.0,0.04,rosenhead,1.0,1.0,1.0,0.0,0.0,0.0
mirror_trefoil,128.0,0.04,rosenhead,1.0,1.0,1.0,0.0,0.0,0.0
trefoil,128.0,0.04,rosenhead,1.0,0.5,7.0,0.0003019787276633393,0.0015579682157002392,0.0
mirror_trefoil,128.0,0.04,rosenhead,1.0,0.5,7.0,0.0003019787276633393,0.001093758895014727,0.0
trefoil,128.0,0.04,rosenhead,1.0,1.0,7.0,0.0003019787276633393,0.002316520066677282,0.0
mirror_trefoil,128.0,0.04,rosenhead,1.0,1.0,7.0,0.0003019787276633393,0.0011008342414427859,0.0
trefoil,128.0,0.04,rosenhead,1.0,0.5,19.0,0.0005529774959321329,0.0013958998836996921,0.0
mirror_trefoil,128.0,0.04,rosenhead,1.0,0.5,19.0,0.0005529774959321329,0.00019869155869340507,0.0
trefoil,128.0,0.04,rosenhead,1.0,1.0,19.0,0.0005529774959321329,0.0025726439568625557,0.0
mirror_trefoil,128.0,0.04,rosenhead,1.0,1.0,19.0,0.0005529774959321329,0.0005307074082981989,0.0
trefoil,128.0,0.04,rosenhead,1.0,0.5,37.0,0.00032192075382859157,0.0008079615091461088,0.0
mirror_trefoil,128.0,0.04,rosenhead,1.0,0.5,37.0,0.00032192075382859157,0.00010481659652027265,0.0
trefoil,128.0,0.04,rosenhead,1.0,1.0,37.0,0.00032192075382859157,0.001495201805825654,0.0
mirror_trefoil,128.0,0.04,rosenhead,1.0,1.0,37.0,0.00032192075382859157,0.0003270920772302646,0.0
trefoil,128.0,0.04,rosenhead,1.0,0.5,61.0,0.00024917636863659037,0.0006253485376862837,0.0
mirror_trefoil,128.0,0.04,rosenhead,1.0,0.5,61.0,0.00024917636863659037,7.935435970074034e-05,0.0
trefoil,128.0,0.04,rosenhead,1.0,1.0,61.0,0.00024917636863659037,0.001158301693584748,0.0
mirror_trefoil,128.0,0.04,rosenhead,1.0,1.0,61.0,0.00024917636863659037,0.00025663389632488745,0.0
trefoil,128.0,0.04,winckelmans,0.75,-0.5,1.0,0.0,0.0,0.0
mirror_trefoil,128.0,0.04,winckelmans,0.75,-0.5,1.0,0.0,0.0,0.0
trefoil,128.0,0.04,winckelmans,0.75,-1.0,1.0,0.0,0.0,0.0
mirror_trefoil,128.0,0.04,winckelmans,0.75,-1.0,1.0,0.0,0.0,0.0
trefoil,128.0,0.04,winckelmans,0.75,-0.5,7.0,0.00011678222887584792,7.687426479868043e-05,0.0
mirror_trefoil,128.0,0.04,winckelmans,0.75,-0.5,7.0,0.00011678222887584792,0.0002883104007002187,0.0
trefoil,128.0,0.04,winckelmans,0.75,-1.0,7.0,0.00011678222887584792,5.8970150557591425e-05,0.0
mirror_trefoil,128.0,0.04,winckelmans,0.75,-1.0,7.0,0.00011678222887584792,0.0005281504713149505,0.0
trefoil,128.0,0.04,winckelmans,0.75,-0.5,19.0,5.7500558901672855e-05,2.337382753806074e-05,0.0
mirror_trefoil,128.0,0.04,winckelmans,0.75,-0.5,19.0,5.7500558901672855e-05,0.00013004801454581663,0.0
trefoil,128.0,0.04,winckelmans,0.75,-1.0,19.0,5.7500558901672855e-05,4.988471838814043e-05,0.0
mirror_trefoil,128.0,0.04,winckelmans,0.75,-1.0,19.0,5.7500558901672855e-05,0.00024505856580388387,0.0
trefoil,128.0,0.04,winckelmans,0.75,-0.5,37.0,3.8575542933707916e-05,1.5325025385708197e-05,0.0
mirror_trefoil,128.0,0.04,winckelmans,0.75,-0.5,37.0,3.8575542933707916e-05,8.71840202911579e-05,0.0
trefoil,128.0,0.04,winckelmans,0.75,-1.0,37.0,3.8575542933707916e-05,3.4153930898201375e-05,0.0
mirror_trefoil,128.0,0.04,winckelmans,0.75,-1.0,37.0,3.8575542933707916e-05,0.00016449269115280228,0.0
trefoil,128.0,0.04,winckelmans,0.75,-0.5,61.0,3.190206995150908e-05,1.2581712273208964e-05,0.0
mirror_trefoil,128.0,0.04,winckelmans,0.75,-0.5,61.0,3.190206995150908e-05,7.210872381179499e-05,0.0
trefoil,128.0,0.04,winckelmans,0.75,-1.0,61.0,3.190206995150908e-05,2.8440987235887406e-05,0.0
mirror_trefoil,128.0,0.04,winckelmans,0.75,-1.0,61.0,3.190206995150908e-05,0.00013610536032455773,0.0
trefoil,128.0,0.04,winckelmans,0.75,0.5,1.0,0.0,0.0,0.0
mirror_trefoil,128.0,0.04,winckelmans,0.75,0.5,1.0,0.0,0.0,0.0
trefoil,128.0,0.04,winckelmans,0.75,1.0,1.0,0.0,0.0,0.0
mirror_trefoil,128.0,0.04,winckelmans,0.75,1.0,1.0,0.0,0.0,0.0
trefoil,128.0,0.04,winckelmans,0.75,0.5,7.0,0.00011678222887584792,0.0002883104007002187,0.0
mirror_trefoil,128.0,0.04,winckelmans,0.75,0.5,7.0,0.00011678222887584792,7.687426479868043e-05,0.0
trefoil,128.0,0.04,winckelmans,0.75,1.0,7.0,0.00011678222887584792,0.0005281504713149505,0.0
mirror_trefoil,128.0,0.04,winckelmans,0.75,1.0,7.0,0.00011678222887584792,5.8970150557591425e-05,0.0
trefoil,128.0,0.04,winckelmans,0.75,0.5,19.0,5.7500558901672855e-05,0.00013004801454581663,0.0
mirror_trefoil,128.0,0.04,winckelmans,0.75,0.5,19.0,5.7500558901672855e-05,2.337382753806074e-05,0.0
trefoil,128.0,0.04,winckelmans,0.75,1.0,19.0,5.7500558901672855e-05,0.00024505856580388387,0.0
mirror_trefoil,128.0,0.04,winckelmans,0.75,1.0,19.0,5.7500558901672855e-05,4.988471838814043e-05,0.0
trefoil,128.0,0.04,winckelmans,0.75,0.5,37.0,3.8575542933707916e-05,8.71840202911579e-05,0.0
mirror_trefoil,128.0,0.04,winckelmans,0.75,0.5,37.0,3.8575542933707916e-05,1.5325025385708197e-05,0.0
trefoil,128.0,0.04,winckelmans,0.75,1.0,37.0,3.8575542933707916e-05,0.00016449269115280228,0.0
mirror_trefoil,128.0,0.04,winckelmans,0.75,1.0,37.0,3.8575542933707916e-05,3.4153930898201375e-05,0.0
trefoil,128.0,0.04,winckelmans,0.75,0.5,61.0,3.190206995150908e-05,7.210872381179499e-05,0.0
mirror_trefoil,128.0,0.04,winckelmans,0.75,0.5,61.0,3.190206995150908e-05,1.2581712273208964e-05,0.0
trefoil,128.0,0.04,winckelmans,0.75,1.0,61.0,3.190206995150908e-05,0.00013610536032455773,0.0
mirror_trefoil,128.0,0.04,winckelmans,0.75,1.0,61.0,3.190206995150908e-05,2.8440987235887406e-05,0.0
trefoil,128.0,0.04,winckelmans,1.0,-0.5,1.0,0.0,0.0,0.0
mirror_trefoil,128.0,0.04,winckelmans,1.0,-0.5,1.0,0.0,0.0,0.0
trefoil,128.0,0.04,winckelmans,1.0,-1.0,1.0,0.0,0.0,0.0
mirror_trefoil,128.0,0.04,winckelmans,1.0,-1.0,1.0,0.0,0.0,0.0
trefoil,128.0,0.04,winckelmans,1.0,-0.5,7.0,0.0003019787276633393,0.0011831460740942348,0.0
mirror_trefoil,128.0,0.04,winckelmans,1.0,-0.5,7.0,0.0003019787276633393,0.0014839298334760357,0.0
trefoil,128.0,0.04,winckelmans,1.0,-1.0,7.0,0.0003019787276633393,0.001319407693759112,0.0
mirror_trefoil,128.0,0.04,winckelmans,1.0,-1.0,7.0,0.0003019787276633393,0.0022415617676805606,0.0
trefoil,128.0,0.04,winckelmans,1.0,-0.5,19.0,0.0005529774959321329,0.0002800037349107029,0.0
mirror_trefoil,128.0,0.04,winckelmans,1.0,-0.5,19.0,0.0005529774959321329,0.001269293641063838,0.0
trefoil,128.0,0.04,winckelmans,1.0,-1.0,19.0,0.0005529774959321329,0.0003795027612774475,0.0
mirror_trefoil,128.0,0.04,winckelmans,1.0,-1.0,19.0,0.0005529774959321329,0.0023614683454675103,0.0
trefoil,128.0,0.04,winckelmans,1.0,-0.5,37.0,0.00032192075382859157,0.00015478415116199057,0.0
mirror_trefoil,128.0,0.04,winckelmans,1.0,-0.5,37.0,0.00032192075382859157,0.0007365273692564423,0.0
trefoil,128.0,0.04,winckelmans,1.0,-1.0,37.0,0.00032192075382859157,0.0002362100469602944,0.0
mirror_trefoil,128.0,0.04,winckelmans,1.0,-1.0,37.0,0.00032192075382859157,0.0013746571631541257,0.0
trefoil,128.0,0.04,winckelmans,1.0,-0.5,61.0,0.00024917636863659037,0.00011911310451582993,0.0
mirror_trefoil,128.0,0.04,winckelmans,1.0,-0.5,61.0,0.00024917636863659037,0.0005709090094092627,0.0
trefoil,128.0,0.04,winckelmans,1.0,-1.0,61.0,0.00024917636863659037,0.0001849133575385289,0.0
mirror_trefoil,128.0,0.04,winckelmans,1.0,-1.0,61.0,0.00024917636863659037,0.00106600160138569,0.0
trefoil,128.0,0.04,winckelmans,1.0,0.5,1.0,0.0,0.0,0.0
mirror_trefoil,128.0,0.04,winckelmans,1.0,0.5,1.0,0.0,0.0,0.0
trefoil,128.0,0.04,winckelmans,1.0,1.0,1.0,0.0,0.0,0.0
mirror_trefoil,128.0,0.04,winckelmans,1.0,1.0,1.0,0.0,0.0,0.0
trefoil,128.0,0.04,winckelmans,1.0,0.5,7.0,0.0003019787276633393,0.0014839298334760357,0.0
mirror_trefoil,128.0,0.04,winckelmans,1.0,0.5,7.0,0.0003019787276633393,0.0011831460740942348,0.0
trefoil,128.0,0.04,winckelmans,1.0,1.0,7.0,0.0003019787276633393,0.0022415617676805606,0.0
mirror_trefoil,128.0,0.04,winckelmans,1.0,1.0,7.0,0.0003019787276633393,0.001319407693759112,0.0
trefoil,128.0,0.04,winckelmans,1.0,0.5,19.0,0.0005529774959321329,0.001269293641063838,0.0
mirror_trefoil,128.0,0.04,winckelmans,1.0,0.5,19.0,0.0005529774959321329,0.0002800037349107029,0.0
trefoil,128.0,0.04,winckelmans,1.0,1.0,19.0,0.0005529774959321329,0.0023614683454675103,0.0
mirror_trefoil,128.0,0.04,winckelmans,1.0,1.0,19.0,0.0005529774959321329,0.0003795027612774475,0.0
trefoil,128.0,0.04,winckelmans,1.0,0.5,37.0,0.00032192075382859157,0.0007365273692564423,0.0
mirror_trefoil,128.0,0.04,winckelmans,1.0,0.5,37.0,0.00032192075382859157,0.00015478415116199057,0.0
trefoil,128.0,0.04,winckelmans,1.0,1.0,37.0,0.00032192075382859157,0.0013746571631541257,0.0
mirror_trefoil,128.0,0.04,winckelmans,1.0,1.0,37.0,0.00032192075382859157,0.0002362100469602944,0.0
trefoil,128.0,0.04,winckelmans,1.0,0.5,61.0,0.00024917636863659037,0.0005709090094092627,0.0
mirror_trefoil,128.0,0.04,winckelmans,1.0,0.5,61.0,0.00024917636863659037,0.00011911310451582993,0.0
trefoil,128.0,0.04,winckelmans,1.0,1.0,61.0,0.00024917636863659037,0.00106600160138569,0.0
mirror_trefoil,128.0,0.04,winckelmans,1.0,1.0,61.0,0.00024917636863659037,0.0001849133575385289,0.0
trefoil,128.0,0.05,rosenhead,0.75,-0.5,1.0,0.0,0.0,0.0
mirror_trefoil,128.0,0.05,rosenhead,0.75,-0.5,1.0,0.0,0.0,0.0
trefoil,128.0,0.05,rosenhead,0.75,-1.0,1.0,0.0,0.0,0.0
mirror_trefoil,128.0,0.05,rosenhead,0.75,-1.0,1.0,0.0,1.7639154233297814e-16,0.0
trefoil,128.0,0.05,rosenhead,0.75,-0.5,7.0,8.816239300710833e-05,2.3895550152393508e-05,0.0
mirror_trefoil,128.0,0.05,rosenhead,0.75,-0.5,7.0,8.816239300710833e-05,0.0002394713994838138,0.0
trefoil,128.0,0.05,rosenhead,0.75,-1.0,7.0,8.816239300710833e-05,0.00010058480613326534,0.0
mirror_trefoil,128.0,0.05,rosenhead,0.75,-1.0,7.0,8.816239300710833e-05,0.0004391993548782442,0.0
trefoil,128.0,0.05,rosenhead,0.75,-0.5,19.0,4.028447365511932e-05,4.845435371095982e-06,0.0
mirror_trefoil,128.0,0.05,rosenhead,0.75,-0.5,19.0,4.028447365511932e-05,0.00010390075792384175,0.0
trefoil,128.0,0.05,rosenhead,0.75,-1.0,19.0,4.028447365511932e-05,5.404514816034014e-05,0.0
mirror_trefoil,128.0,0.05,rosenhead,0.75,-1.0,19.0,4.028447365511932e-05,0.0001941576224532357,0.0
trefoil,128.0,0.05,rosenhead,0.75,-0.5,37.0,2.7385648718134928e-05,2.9682444157793733e-06,0.0
mirror_trefoil,128.0,0.05,rosenhead,0.75,-0.5,37.0,2.7385648718134928e-05,7.048704914796844e-05,0.0
trefoil,128.0,0.05,rosenhead,0.75,-1.0,37.0,2.7385648718134928e-05,3.726571102420076e-05,0.0
mirror_trefoil,128.0,0.05,rosenhead,0.75,-1.0,37.0,2.7385648718134928e-05,0.00013192458971541225,0.0
trefoil,128.0,0.05,rosenhead,0.75,-0.5,61.0,2.278118052746994e-05,2.3698231517141343e-06,0.0
mirror_trefoil,128.0,0.05,rosenhead,0.75,-0.5,61.0,2.278118052746994e-05,5.859912114537365e-05,0.0
trefoil,128.0,0.05,rosenhead,0.75,-1.0,61.0,2.278118052746994e-05,3.116503413273503e-05,0.0
mirror_trefoil,128.0,0.05,rosenhead,0.75,-1.0,61.0,2.278118052746994e-05,0.00010973835102215438,0.0
trefoil,128.0,0.05,rosenhead,0.75,0.5,1.0,0.0,0.0,0.0
mirror_trefoil,128.0,0.05,rosenhead,0.75,0.5,1.0,0.0,0.0,0.0
trefoil,128.0,0.05,rosenhead,0.75,1.0,1.0,0.0,1.7639154233297814e-16,0.0
mirror_trefoil,128.0,0.05,rosenhead,0.75,1.0,1.0,0.0,0.0,0.0
trefoil,128.0,0.05,rosenhead,0.75,0.5,7.0,8.816239300710833e-05,0.0002394713994838138,0.0
mirror_trefoil,128.0,0.05,rosenhead,0.75,0.5,7.0,8.816239300710833e-05,2.3895550152393508e-05,0.0
trefoil,128.0,0.05,rosenhead,0.75,1.0,7.0,8.816239300710833e-05,0.0004391993548782442,0.0
mirror_trefoil,128.0,0.05,rosenhead,0.75,1.0,7.0,8.816239300710833e-05,0.00010058480613326534,0.0
trefoil,128.0,0.05,rosenhead,0.75,0.5,19.0,4.028447365511932e-05,0.00010390075792384175,0.0
mirror_trefoil,128.0,0.05,rosenhead,0.75,0.5,19.0,4.028447365511932e-05,4.845435371095982e-06,0.0
trefoil,128.0,0.05,rosenhead,0.75,1.0,19.0,4.028447365511932e-05,0.0001941576224532357,0.0
mirror_trefoil,128.0,0.05,rosenhead,0.75,1.0,19.0,4.028447365511932e-05,5.404514816034014e-05,0.0
trefoil,128.0,0.05,rosenhead,0.75,0.5,37.0,2.7385648718134928e-05,7.048704914796844e-05,0.0
mirror_trefoil,128.0,0.05,rosenhead,0.75,0.5,37.0,2.7385648718134928e-05,2.9682444157793733e-06,0.0
trefoil,128.0,0.05,rosenhead,0.75,1.0,37.0,2.7385648718134928e-05,0.00013192458971541225,0.0
mirror_trefoil,128.0,0.05,rosenhead,0.75,1.0,37.0,2.7385648718134928e-05,3.726571102420076e-05,0.0
trefoil,128.0,0.05,rosenhead,0.75,0.5,61.0,2.278118052746994e-05,5.859912114537365e-05,0.0
mirror_trefoil,128.0,0.05,rosenhead,0.75,0.5,61.0,2.278118052746994e-05,2.3698231517141343e-06,0.0
trefoil,128.0,0.05,rosenhead,0.75,1.0,61.0,2.278118052746994e-05,0.00010973835102215438,0.0
mirror_trefoil,128.0,0.05,rosenhead,0.75,1.0,61.0,2.278118052746994e-05,3.116503413273503e-05,0.0
trefoil,128.0,0.05,rosenhead,1.0,-0.5,1.0,0.0,0.0,0.0
mirror_trefoil,128.0,0.05,rosenhead,1.0,-0.5,1.0,0.0,0.0,0.0
trefoil,128.0,0.05,rosenhead,1.0,-1.0,1.0,0.0,0.0,0.0
mirror_trefoil,128.0,0.05,rosenhead,1.0,-1.0,1.0,0.0,1.7639154233297814e-16,0.0
trefoil,128.0,0.05,rosenhead,1.0,-0.5,7.0,0.00030565733536308466,0.0005689617985148951,0.0
mirror_trefoil,128.0,0.05,rosenhead,1.0,-0.5,7.0,0.00030565733536308466,0.0012250954239870454,0.0
trefoil,128.0,0.05,rosenhead,1.0,-1.0,7.0,0.00030565733536308466,0.0003273708120454032,0.0
mirror_trefoil,128.0,0.05,rosenhead,1.0,-1.0,7.0,0.00030565733536308466,0.001955061644896592,0.0
trefoil,128.0,0.05,rosenhead,1.0,-0.5,19.0,0.0003516960219589683,8.539595694141305e-05,0.0
mirror_trefoil,128.0,0.05,rosenhead,1.0,-0.5,19.0,0.0003516960219589683,0.0009287569971807484,0.0
trefoil,128.0,0.05,rosenhead,1.0,-1.0,19.0,0.0003516960219589683,0.00040367668492535385,0.0
mirror_trefoil,128.0,0.05,rosenhead,1.0,-1.0,19.0,0.0003516960219589683,0.0017086085723138726,0.0
trefoil,128.0,0.05,rosenhead,1.0,-0.5,37.0,0.0002118101785104644,4.465836881629822e-05,0.0
mirror_trefoil,128.0,0.05,rosenhead,1.0,-0.5,37.0,0.0002118101785104644,0.0005562127632159252,0.0
trefoil,128.0,0.05,rosenhead,1.0,-1.0,37.0,0.0002118101785104644,0.00025401238776620323,0.0
mirror_trefoil,128.0,0.05,rosenhead,1.0,-1.0,37.0,0.0002118101785104644,0.001027337920561033,0.0
trefoil,128.0,0.05,rosenhead,1.0,-0.5,61.0,0.00016671081759037144,3.3469436906117344e-05,0.0
mirror_trefoil,128.0,0.05,rosenhead,1.0,-0.5,61.0,0.00016671081759037144,0.00043730609420632394,0.0
trefoil,128.0,0.05,rosenhead,1.0,-1.0,61.0,0.00016671081759037144,0.00020281349209266654,0.0
mirror_trefoil,128.0,0.05,rosenhead,1.0,-1.0,61.0,0.00016671081759037144,0.0008087493495367245,0.0
trefoil,128.0,0.05,rosenhead,1.0,0.5,1.0,0.0,0.0,0.0
mirror_trefoil,128.0,0.05,rosenhead,1.0,0.5,1.0,0.0,0.0,0.0
trefoil,128.0,0.05,rosenhead,1.0,1.0,1.0,0.0,1.7639154233297814e-16,0.0
mirror_trefoil,128.0,0.05,rosenhead,1.0,1.0,1.0,0.0,0.0,0.0
trefoil,128.0,0.05,rosenhead,1.0,0.5,7.0,0.00030565733536308466,0.0012250954239870454,0.0
mirror_trefoil,128.0,0.05,rosenhead,1.0,0.5,7.0,0.00030565733536308466,0.0005689617985148951,0.0
trefoil,128.0,0.05,rosenhead,1.0,1.0,7.0,0.00030565733536308466,0.001955061644896592,0.0
mirror_trefoil,128.0,0.05,rosenhead,1.0,1.0,7.0,0.00030565733536308466,0.0003273708120454032,0.0
trefoil,128.0,0.05,rosenhead,1.0,0.5,19.0,0.0003516960219589683,0.0009287569971807484,0.0
mirror_trefoil,128.0,0.05,rosenhead,1.0,0.5,19.0,0.0003516960219589683,8.539595694141305e-05,0.0
trefoil,128.0,0.05,rosenhead,1.0,1.0,19.0,0.0003516960219589683,0.0017086085723138726,0.0
mirror_trefoil,128.0,0.05,rosenhead,1.0,1.0,19.0,0.0003516960219589683,0.00040367668492535385,0.0
trefoil,128.0,0.05,rosenhead,1.0,0.5,37.0,0.0002118101785104644,0.0005562127632159252,0.0
mirror_trefoil,128.0,0.05,rosenhead,1.0,0.5,37.0,0.0002118101785104644,4.465836881629822e-05,0.0
trefoil,128.0,0.05,rosenhead,1.0,1.0,37.0,0.0002118101785104644,0.001027337920561033,0.0
mirror_trefoil,128.0,0.05,rosenhead,1.0,1.0,37.0,0.0002118101785104644,0.00025401238776620323,0.0
trefoil,128.0,0.05,rosenhead,1.0,0.5,61.0,0.00016671081759037144,0.00043730609420632394,0.0
mirror_trefoil,128.0,0.05,rosenhead,1.0,0.5,61.0,0.00016671081759037144,3.3469436906117344e-05,0.0
trefoil,128.0,0.05,rosenhead,1.0,1.0,61.0,0.00016671081759037144,0.0008087493495367245,0.0
mirror_trefoil,128.0,0.05,rosenhead,1.0,1.0,61.0,0.00016671081759037144,0.00020281349209266654,0.0
trefoil,128.0,0.05,winckelmans,0.75,-0.5,1.0,0.0,0.0,0.0
mirror_trefoil,128.0,0.05,winckelmans,0.75,-0.5,1.0,0.0,0.0,0.0
trefoil,128.0,0.05,winckelmans,0.75,-1.0,1.0,0.0,1.8285287914694152e-16,0.0
mirror_trefoil,128.0,0.05,winckelmans,0.75,-1.0,1.0,0.0,0.0,0.0
trefoil,128.0,0.05,winckelmans,0.75,-0.5,7.0,8.816239300710833e-05,4.507854176522917e-05,0.0
mirror_trefoil,128.0,0.05,winckelmans,0.75,-0.5,7.0,8.816239300710833e-05,0.00021502729064868574,0.0
trefoil,128.0,0.05,winckelmans,0.75,-1.0,7.0,8.816239300710833e-05,6.489059105643243e-05,0.0
mirror_trefoil,128.0,0.05,winckelmans,0.75,-1.0,7.0,8.816239300710833e-05,0.00039808013610837157,0.0
trefoil,128.0,0.05,winckelmans,0.75,-0.5,19.0,4.028447365511932e-05,1.3701411355940428e-05,0.0
mirror_trefoil,128.0,0.05,winckelmans,0.75,-0.5,19.0,4.028447365511932e-05,9.24428702644266e-05,0.0
trefoil,128.0,0.05,winckelmans,0.75,-1.0,19.0,4.028447365511932e-05,3.942159978240751e-05,0.0
mirror_trefoil,128.0,0.05,winckelmans,0.75,-1.0,19.0,4.028447365511932e-05,0.00017461708861843958,0.0
trefoil,128.0,0.05,winckelmans,0.75,-0.5,37.0,2.7385648718134928e-05,9.098998795978297e-06,0.0
mirror_trefoil,128.0,0.05,winckelmans,0.75,-0.5,37.0,2.7385648718134928e-05,6.279691395567273e-05,0.0
trefoil,128.0,0.05,winckelmans,0.75,-1.0,37.0,2.7385648718134928e-05,2.7202715670035632e-05,0.0
mirror_trefoil,128.0,0.05,winckelmans,0.75,-1.0,37.0,2.7385648718134928e-05,0.00011874475406622271,0.0
trefoil,128.0,0.05,winckelmans,0.75,-0.5,61.0,2.278118052746994e-05,7.511009280656206e-06,0.0
mirror_trefoil,128.0,0.05,winckelmans,0.75,-0.5,61.0,2.278118052746994e-05,5.223768364241406e-05,0.0
trefoil,128.0,0.05,winckelmans,0.75,-1.0,61.0,2.278118052746994e-05,2.2746443360301694e-05,0.0
mirror_trefoil,128.0,0.05,winckelmans,0.75,-1.0,61.0,2.278118052746994e-05,9.881312226511564e-05,0.0
trefoil,128.0,0.05,winckelmans,0.75,0.5,1.0,0.0,0.0,0.0
mirror_trefoil,128.0,0.05,winckelmans,0.75,0.5,1.0,0.0,0.0,0.0
trefoil,128.0,0.05,winckelmans,0.75,1.0,1.0,0.0,0.0,0.0
mirror_trefoil,128.0,0.05,winckelmans,0.75,1.0,1.0,0.0,1.8285287914694152e-16,0.0
trefoil,128.0,0.05,winckelmans,0.75,0.5,7.0,8.816239300710833e-05,0.00021502729064868574,0.0
mirror_trefoil,128.0,0.05,winckelmans,0.75,0.5,7.0,8.816239300710833e-05,4.507854176522917e-05,0.0
trefoil,128.0,0.05,winckelmans,0.75,1.0,7.0,8.816239300710833e-05,0.00039808013610837157,0.0
mirror_trefoil,128.0,0.05,winckelmans,0.75,1.0,7.0,8.816239300710833e-05,6.489059105643243e-05,0.0
trefoil,128.0,0.05,winckelmans,0.75,0.5,19.0,4.028447365511932e-05,9.24428702644266e-05,0.0
mirror_trefoil,128.0,0.05,winckelmans,0.75,0.5,19.0,4.028447365511932e-05,1.3701411355940428e-05,0.0
trefoil,128.0,0.05,winckelmans,0.75,1.0,19.0,4.028447365511932e-05,0.00017461708861843958,0.0
mirror_trefoil,128.0,0.05,winckelmans,0.75,1.0,19.0,4.028447365511932e-05,3.942159978240751e-05,0.0
trefoil,128.0,0.05,winckelmans,0.75,0.5,37.0,2.7385648718134928e-05,6.279691395567273e-05,0.0
mirror_trefoil,128.0,0.05,winckelmans,0.75,0.5,37.0,2.7385648718134928e-05,9.098998795978297e-06,0.0
trefoil,128.0,0.05,winckelmans,0.75,1.0,37.0,2.7385648718134928e-05,0.00011874475406622271,0.0
mirror_trefoil,128.0,0.05,winckelmans,0.75,1.0,37.0,2.7385648718134928e-05,2.7202715670035632e-05,0.0
trefoil,128.0,0.05,winckelmans,0.75,0.5,61.0,2.278118052746994e-05,5.223768364241406e-05,0.0
mirror_trefoil,128.0,0.05,winckelmans,0.75,0.5,61.0,2.278118052746994e-05,7.511009280656206e-06,0.0
trefoil,128.0,0.05,winckelmans,0.75,1.0,61.0,2.278118052746994e-05,9.881312226511564e-05,0.0
mirror_trefoil,128.0,0.05,winckelmans,0.75,1.0,61.0,2.278118052746994e-05,2.2746443360301694e-05,0.0
trefoil,128.0,0.05,winckelmans,1.0,-0.5,1.0,0.0,0.0,0.0
mirror_trefoil,128.0,0.05,winckelmans,1.0,-0.5,1.0,0.0,0.0,0.0
trefoil,128.0,0.05,winckelmans,1.0,-1.0,1.0,0.0,1.8285287914694152e-16,0.0
mirror_trefoil,128.0,0.05,winckelmans,1.0,-1.0,1.0,0.0,0.0,0.0
trefoil,128.0,0.05,winckelmans,1.0,-0.5,7.0,0.00030565733536308466,0.0006596643504390845,0.0
mirror_trefoil,128.0,0.05,winckelmans,1.0,-0.5,7.0,0.00030565733536308466,0.0011274342308257579,0.0
trefoil,128.0,0.05,winckelmans,1.0,-1.0,7.0,0.00030565733536308466,0.0005192003418683964,0.0
mirror_trefoil,128.0,0.05,winckelmans,1.0,-1.0,7.0,0.00030565733536308466,0.0018275335743421133,0.0
trefoil,128.0,0.05,winckelmans,1.0,-0.5,19.0,0.0003516960219589683,0.00015060881493940574,0.0
mirror_trefoil,128.0,0.05,winckelmans,1.0,-0.5,19.0,0.0003516960219589683,0.0008174766842269124,0.0
trefoil,128.0,0.05,winckelmans,1.0,-1.0,19.0,0.0003516960219589683,0.00028866745697467906,0.0
mirror_trefoil,128.0,0.05,winckelmans,1.0,-1.0,19.0,0.0003516960219589683,0.0015265124110784055,0.0
trefoil,128.0,0.05,winckelmans,1.0,-0.5,37.0,0.0002118101785104644,8.621423917193913e-05,0.0
mirror_trefoil,128.0,0.05,winckelmans,1.0,-0.5,37.0,0.0002118101785104644,0.00049126304688378,0.0
trefoil,128.0,0.05,winckelmans,1.0,-1.0,37.0,0.0002118101785104644,0.00018224254125702276,0.0
mirror_trefoil,128.0,0.05,winckelmans,1.0,-1.0,37.0,0.0002118101785104644,0.000919877327063231,0.0
trefoil,128.0,0.05,winckelmans,1.0,-0.5,61.0,0.00016671081759037144,6.70855792482988e-05,0.0
mirror_trefoil,128.0,0.05,winckelmans,1.0,-0.5,61.0,0.00016671081759037144,0.00038695900369807356,0.0
trefoil,128.0,0.05,winckelmans,1.0,-1.0,61.0,0.00016671081759037144,0.0001452339178023586,0.0
mirror_trefoil,128.0,0.05,winckelmans,1.0,-1.0,61.0,0.00016671081759037144,0.0007250462569226766,0.0
trefoil,128.0,0.05,winckelmans,1.0,0.5,1.0,0.0,0.0,0.0
mirror_trefoil,128.0,0.05,winckelmans,1.0,0.5,1.0,0.0,0.0,0.0
trefoil,128.0,0.05,winckelmans,1.0,1.0,1.0,0.0,0.0,0.0
mirror_trefoil,128.0,0.05,winckelmans,1.0,1.0,1.0,0.0,1.8285287914694152e-16,0.0
trefoil,128.0,0.05,winckelmans,1.0,0.5,7.0,0.00030565733536308466,0.0011274342308257579,0.0
mirror_trefoil,128.0,0.05,winckelmans,1.0,0.5,7.0,0.00030565733536308466,0.0006596643504390845,0.0
trefoil,128.0,0.05,winckelmans,1.0,1.0,7.0,0.00030565733536308466,0.0018275335743421133,0.0
mirror_trefoil,128.0,0.05,winckelmans,1.0,1.0,7.0,0.00030565733536308466,0.0005192003418683964,0.0
trefoil,128.0,0.05,winckelmans,1.0,0.5,19.0,0.0003516960219589683,0.0008174766842269124,0.0
mirror_trefoil,128.0,0.05,winckelmans,1.0,0.5,19.0,0.0003516960219589683,0.00015060881493940574,0.0
trefoil,128.0,0.05,winckelmans,1.0,1.0,19.0,0.0003516960219589683,0.0015265124110784055,0.0
mirror_trefoil,128.0,0.05,winckelmans,1.0,1.0,19.0,0.0003516960219589683,0.00028866745697467906,0.0
trefoil,128.0,0.05,winckelmans,1.0,0.5,37.0,0.0002118101785104644,0.00049126304688378,0.0
mirror_trefoil,128.0,0.05,winckelmans,1.0,0.5,37.0,0.0002118101785104644,8.621423917193913e-05,0.0
trefoil,128.0,0.05,winckelmans,1.0,1.0,37.0,0.0002118101785104644,0.000919877327063231,0.0
mirror_trefoil,128.0,0.05,winckelmans,1.0,1.0,37.0,0.0002118101785104644,0.00018224254125702276,0.0
trefoil,128.0,0.05,winckelmans,1.0,0.5,61.0,0.00016671081759037144,0.00038695900369807356,0.0
mirror_trefoil,128.0,0.05,winckelmans,1.0,0.5,61.0,0.00016671081759037144,6.70855792482988e-05,0.0
trefoil,128.0,0.05,winckelmans,1.0,1.0,61.0,0.00016671081759037144,0.0007250462569226766,0.0
mirror_trefoil,128.0,0.05,winckelmans,1.0,1.0,61.0,0.00016671081759037144,0.0001452339178023586,0.0
trefoil,96.0,0.05,rosenhead,1.0,-1.0,1.0,0.0,1.6555679124868155e-16,0.0
trefoil,96.0,0.05,rosenhead,1.0,-1.0,7.0,0.00033453770787390846,7.680440153855367e-05,0.0
trefoil,96.0,0.05,rosenhead,1.0,-1.0,19.0,0.0003683979540514056,0.0006379269563216844,0.0
trefoil,96.0,0.05,rosenhead,1.0,-1.0,37.0,0.00022293747395201342,0.0003939436343551911,0.0
trefoil,96.0,0.05,rosenhead,1.0,-1.0,61.0,0.00017632530848061455,0.000314059181160392,0.0
trefoil,96.0,0.05,rosenhead,1.0,1.0,1.0,0.0,1.842749460829654e-16,0.0
trefoil,96.0,0.05,rosenhead,1.0,1.0,7.0,0.00033453770787390846,0.001769911256924288,0.0
trefoil,96.0,0.05,rosenhead,1.0,1.0,19.0,0.0003683979540514056,0.00167957454990859,0.0
trefoil,96.0,0.05,rosenhead,1.0,1.0,37.0,0.00022293747395201342,0.0010227184030731625,0.0
trefoil,96.0,0.05,rosenhead,1.0,1.0,61.0,0.00017632530848061455,0.0008121629055454096,0.0
