1 0.996221 
2 0.997919 
3 0.990056 
4 0.991595 
5 0.989126 
6 0.994646 
7 0.99405 
8 0.993201 
9 0.989007 
10 0.986281 
11 0.999086 
12 0.999085 
13 0.991797 
14 0.987244 
15 0.985519 
16 0.998925 
17 0.991672 
18 0.986378 
19 0.985155 
20 0.998792 
21 0.991508 
22 0.985922 
23 0.98485 
24 0.998764 
25 0.991489 
26 0.985636 
27 0.984905 
28 0.999383 
29 0.99212 
30 0.991475 
31 0.985507 
32 0.985166 
33 0.979374 
34 0.997668 
35 0.99656 
36 0.997245 
37 0.997048 
38 0.995533 
39 0.993055 
40 0.986291 
41 0.998925 
42 0.99837 
43 0.989017 
44 0.988024 
45 0.97203 
46 0.998879 
47 0.991561 
48 0.990945 
49 0.99006 
50 0.989285 
51 0.98751 
52 0.98036 
53 0.97369 
54 0.973082 
55 1 
56 0.98965 
57 0.999415 
58 0.999097 
59 0.998797 
60 0.994912 
61 0.994606 
62 0.985921 
63 0.999073 
64 0.998604 
65 0.998132 
66 0.992011 
67 0.991537 
68 0.989516 
69 0.985292 
70 0.984807 
71 0.971285 
72 0.962346 
73 0.953701 
74 0.993997 
75 0.995712 
76 0.995376 
77 0.994998 
78 0.994594 
79 0.994156 
80 0.993064 
81 0.952371 
82 0.943357 
83 0.994206 
84 0.993642 
85 0.99332 
86 0.992207 
87 0.940997 
88 0.965694 
89 0.99962 
90 0.997019 
91 0.990895 
92 0.990269 
93 0.930481 
94 0.981756 
95 0.996306 
96 0.996015 
97 0.995553 
98 0.995045 
99 0.988632 
100 0.963622 
101 0.943742 
102 0.916675 
103 0.912465 
104 0.99944 
105 0.998864 
106 0.998278 
107 0.909995 
108 0.9996 
109 0.997401 
110 0.99654 
111 0.994426 
112 0.991113 
113 0.989789 
114 0.988817 
115 0.977982 
116 0.971034 
117 0.94927 
118 0.945117 
119 0.937981 
120 0.924998 
121 0.916155 
122 0.913085 
123 0.911864 
124 0.910738 
125 0.909003 
126 0.907153 
127 0.905875 
128 0.909289 
129 0.993961 
130 0.999114 
131 0.998455 
132 0.997725 
133 0.99701 
134 0.996235 
135 0.995358 
136 0.994569 
137 0.993612 
138 0.992716 
139 0.991933 
140 0.989752 
141 0.988913 
142 0.987047 
143 0.986329 
144 0.984492 
145 0.965329 
146 0.957315 
147 0.954535 
148 0.953773 
149 0.952575 
150 0.951538 
151 0.947022 
152 0.946404 
153 0.945403 
154 0.939324 
155 0.927887 
156 0.926292 
157 0.914918 
158 0.913153 
159 0.904542 
160 0.900399 
161 0.898314 
162 0.895313 
163 0.894298 
164 0.920009 
165 0.998775 
166 0.995718 
167 0.991632 
168 0.985486 
169 0.950612 
170 0.916468 
171 0.884943 
172 0.876385 
173 0.958658 
174 0.883996 
175 0.875817 
176 0.8784 
177 0.862462 
178 0.953999 
179 0.935485 
180 0.90316 
181 0.86899 
182 0.86346 
183 0.86216 
184 0.847559 
185 0.84834 
186 0.999835 
187 0.998967 
188 0.998074 
189 0.997192 
190 0.996306 
191 0.995992 
192 0.995108 
193 0.994221 
194 0.993814 
195 0.988495 
196 0.987605 
197 0.986232 
198 0.985861 
199 0.98385 
200 0.982055 
201 0.980175 
202 0.978495 
203 0.977624 
204 0.976075 
205 0.975152 
206 0.970774 
207 0.969866 
208 0.965837 
209 0.964539 
210 0.957781 
211 0.955229 
212 0.951905 
213 0.951013 
214 0.947389 
215 0.933072 
216 0.931253 
217 0.930801 
218 0.927747 
219 0.926117 
220 0.925204 
221 0.923861 
222 0.920066 
223 0.917741 
224 0.911934 
225 0.90447 
226 0.902817 
227 0.899947 
228 0.897848 
229 0.888026 
230 0.882018 
231 0.877123 
232 0.876223 
233 0.873767 
234 0.871801 
235 0.869728 
236 0.869178 
237 0.867318 
238 0.865413 
239 0.864143 
240 0.862813 
241 0.856669 
242 0.855948 
243 0.853764 
244 0.852673 
245 0.847196 
246 0.998702 
247 0.991857 
248 0.903251 
249 0.852574 
250 0.846148 
251 0.845015 
252 0.927793 
253 0.849066 
254 0.835489 
255 0.893046 
256 0.986415 
257 0.999268 
258 0.998133 
259 0.997725 
260 0.996618 
261 0.995257 
262 0.989405 
263 0.986729 
264 0.984022 
265 0.97927 
266 0.962808 
267 0.94707 
268 0.930546 
269 0.92649 
270 0.922004 
271 0.90548 
272 0.894085 
273 0.88165 
274 0.873489 
275 0.869876 
276 0.863043 
277 0.840367 
278 0.832171 
279 0.829405 
280 0.827488 
281 0.825617 
282 0.825147 
283 0.999822 
284 0.99955 
285 0.999359 
286 0.999082 
287 0.998794 
288 0.998488 
289 0.998276 
290 0.997995 
291 0.997566 
292 0.997321 
293 0.996966 
294 0.995556 
295 0.994147 
296 0.993664 
297 0.993202 
298 0.991965 
299 0.987255 
300 0.983914 
301 0.969286 
302 0.962143 
303 0.932636 
304 0.920612 
305 0.917316 
306 0.897161 
307 0.876873 
308 0.869463 
309 0.864671 
310 0.850299 
311 0.841226 
312 0.829585 
313 0.824301 
314 0.812759 
315 0.809444 
316 0.88581 
317 0.999888 
318 0.999036 
319 0.998088 
320 0.997489 
321 0.996883 
322 0.996276 
323 0.995333 
324 0.994408 
325 0.993484 
326 0.992323 
327 0.98542 
328 0.984673 
329 0.983734 
330 0.982979 
331 0.980779 
332 0.979957 
333 0.979016 
334 0.978171 
335 0.975862 
336 0.974857 
337 0.974107 
338 0.973133 
339 0.9719 
340 0.969953 
341 0.967352 
342 0.962406 
343 0.961605 
344 0.960993 
345 0.960012 
346 0.958596 
347 0.955659 
348 0.954687 
349 0.952471 
350 0.945919 
351 0.941355 
352 0.939115 
353 0.937675 
354 0.93639 
355 0.935199 
356 0.934701 
357 0.932325 
358 0.928797 
359 0.928004 
360 0.926069 
361 0.924797 
362 0.922467 
363 0.919274 
364 0.91684 
365 0.905682 
366 0.903331 
367 0.902006 
368 0.899587 
369 0.897179 
370 0.8938 
371 0.889371 
372 0.880478 
373 0.872995 
374 0.869913 
375 0.86789 
376 0.865698 
377 0.852767 
378 0.846439 
379 0.842424 
380 0.838597 
381 0.834143 
382 0.830911 
383 0.826163 
384 0.824026 
385 0.821174 
386 0.820203 
387 0.817872 
388 0.81615 
389 0.814685 
390 0.813205 
391 0.812251 
392 0.809141 
393 0.808285 
394 0.88982 
395 0.978142 
396 0.999591 
397 0.998925 
398 0.998719 
399 0.998517 
400 0.998313 
401 0.99811 
402 0.997906 
403 0.99769 
404 0.997484 
405 0.99728 
406 0.996304 
407 0.995822 
408 0.994758 
409 0.994248 
410 0.993738 
411 0.993229 
412 0.992788 
413 0.992275 
414 0.991599 
415 0.990839 
416 0.990301 
417 0.988769 
418 0.987892 
419 0.987298 
420 0.985803 
421 0.984671 
422 0.983659 
423 0.98306 
424 0.982566 
425 0.981628 
426 0.980789 
427 0.980225 
428 0.97988 
429 0.978929 
430 0.978238 
431 0.977587 
432 0.976714 
433 0.975978 
434 0.974147 
435 0.97368 
436 0.972331 
437 0.97157 
438 0.970779 
439 0.970327 
440 0.969807 
441 0.969382 
442 0.968894 
443 0.968255 
444 0.967406 
445 0.966964 
446 0.966514 
447 0.965554 
448 0.96476 
449 0.963899 
450 0.962812 
451 0.962411 
452 0.961588 
453 0.961175 
454 0.960334 
455 0.957799 
456 0.956912 
457 0.95355 
458 0.951326 
459 0.949345 
460 0.948025 
461 0.94319 
462 0.939939 
463 0.938362 
464 0.937633 
465 0.93278 
466 0.93006 
467 0.927063 
468 0.924015 
469 0.922521 
470 0.921102 
471 0.916393 
472 0.912843 
473 0.910087 
474 0.904058 
475 0.901627 
476 0.900366 
477 0.897652 
478 0.895459 
479 0.894147 
480 0.893001 
481 0.889239 
482 0.885287 
483 0.883796 
484 0.882232 
485 0.87901 
486 0.876631 
487 0.870933 
488 0.86758 
489 0.863183 
490 0.861054 
491 0.859559 
492 0.85332 
493 0.851737 
494 0.849169 
495 0.848543 
496 0.846983 
497 0.841552 
498 0.839082 
499 0.833759 
500 0.819293 
501 0.809864 
502 0.794068 
503 0.785774 
504 0.96202 
505 0.796879 
506 0.787601 
507 0.897259 
508 0.996752 
509 0.995869 
510 0.993373 
511 0.992468 
512 0.988495 
513 0.982209 
514 0.971576 
515 0.964338 
516 0.95607 
517 0.9499 
518 0.941157 
519 0.924297 
520 0.916692 
521 0.902828 
522 0.895078 
523 0.882245 
524 0.857634 
525 0.837229 
526 0.826243 
527 0.813311 
528 0.791345 
529 0.774217 
530 0.762125 
531 0.999553 
532 0.999103 
533 0.998642 
534 0.998097 
535 0.997601 
536 0.996272 
537 0.99578 
538 0.995214 
539 0.994561 
540 0.993919 
541 0.99328 
542 0.991938 
543 0.991271 
544 0.990756 
545 0.990077 
546 0.989484 
547 0.988433 
548 0.987837 
549 0.987158 
550 0.986473 
551 0.985703 
552 0.983748 
553 0.983089 
554 0.981615 
555 0.980178 
556 0.979685 
557 0.978432 
558 0.977791 
559 0.977169 
560 0.976313 
561 0.974503 
562 0.972959 
563 0.972499 
564 0.970911 
565 0.970473 
566 0.968893 
567 0.967019 
568 0.96549 
569 0.963794 
570 0.962259 
571 0.960745 
572 0.95952 
573 0.956912 
574 0.954874 
575 0.950592 
576 0.947569 
577 0.940508 
578 0.938933 
579 0.933332 
580 0.931508 
581 0.929541 
582 0.926873 
583 0.922454 
584 0.919721 
585 0.917236 
586 0.916437 
587 0.912313 
588 0.909853 
589 0.907802 
590 0.906178 
591 0.90425 
592 0.902791 
593 0.90095 
594 0.900124 
595 0.896906 
596 0.895032 
597 0.893298 
598 0.889794 
599 0.888814 
600 0.886804 
601 0.884854 
602 0.882871 
603 0.881325 
604 0.878736 
605 0.877595 
606 0.876426 
607 0.874373 
608 0.873767 
609 0.870618 
610 0.870274 
611 0.867389 
612 0.866666 
613 0.864193 
614 0.862647 
615 0.860678 
616 0.857346 
617 0.855435 
618 0.854309 
619 0.851814 
620 0.843886 
621 0.842325 
622 0.840934 
623 0.837242 
624 0.835619 
625 0.830406 
626 0.82857 
627 0.827198 
628 0.821859 
629 0.820816 
630 0.818924 
631 0.817898 
632 0.816199 
633 0.814465 
634 0.812292 
635 0.810285 
636 0.805893 
637 0.80198 
638 0.800979 
639 0.798568 
640 0.796509 
641 0.794848 
642 0.793455 
643 0.792307 
644 0.791539 
645 0.790897 
646 0.790315 
647 0.789605 
648 0.787944 
649 0.787033 
650 0.784139 
651 0.7825 
652 0.781456 
653 0.780368 
654 0.778562 
655 0.778043 
656 0.772578 
657 0.759739 
658 0.999316 
659 0.9988 
660 0.998283 
661 0.997623 
662 0.997105 
663 0.996383 
664 0.995668 
665 0.994935 
666 0.994374 
667 0.992816 
668 0.992074 
669 0.991356 
670 0.990588 
671 0.990011 
672 0.988486 
673 0.987914 
674 0.987346 
675 0.985816 
676 0.984302 
677 0.982671 
678 0.981038 
679 0.9795 
680 0.978903 
681 0.977323 
682 0.976664 
683 0.976098 
684 0.975574 
685 0.973731 
686 0.971972 
687 0.971189 
688 0.970558 
689 0.969387 
690 0.967592 
691 0.966797 
692 0.965709 
693 0.963901 
694 0.963222 
695 0.962588 
696 0.959924 
697 0.959082 
698 0.957018 
699 0.956607 
700 0.954017 
701 0.951591 
702 0.948513 
703 0.947849 
704 0.94581 
705 0.945368 
706 0.94341 
707 0.941524 
708 0.93985 
709 0.939432 
710 0.937745 
711 0.935841 
712 0.933923 
713 0.931591 
714 0.929688 
715 0.928742 
716 0.927066 
717 0.92536 
718 0.924218 
719 0.922989 
720 0.92078 
721 0.918596 
722 0.916147 
723 0.912215 
724 0.908448 
725 0.904286 
726 0.903774 
727 0.902874 
728 0.899959 
729 0.899413 
730 0.897515 
731 0.893705 
732 0.891856 
733 0.890473 
734 0.888754 
735 0.885942 
736 0.882575 
737 0.882056 
738 0.881246 
739 0.879392 
740 0.878726 
741 0.877787 
742 0.876198 
743 0.874733 
744 0.873991 
745 0.871099 
746 0.869893 
747 0.868482 
748 0.867556 
749 0.865894 
750 0.861896 
751 0.859718 
752 0.856794 
753 0.854023 
754 0.852062 
755 0.847989 
756 0.846775 
757 0.842669 
758 0.838442 
759 0.828562 
760 0.821441 
761 0.815349 
762 0.813885 
763 0.810331 
764 0.809339 
765 0.808599 
766 0.807974 
767 0.80607 
768 0.804845 
769 0.801383 
770 0.799361 
771 0.796111 
772 0.794162 
773 0.79303 
774 0.792308 
775 0.791285 
776 0.789289 
777 0.788364 
778 0.78786 
779 0.783942 
780 0.780044 
781 0.778339 
782 0.775817 
783 0.772439 
784 0.771238 
785 0.756633 
786 0.99951 
787 0.999049 
788 0.998587 
789 0.998081 
790 0.997666 
791 0.997105 
792 0.996327 
793 0.995782 
794 0.995159 
795 0.994475 
796 0.993567 
797 0.992987 
798 0.992467 
799 0.991551 
800 0.990107 
801 0.988671 
802 0.987754 
803 0.986798 
804 0.986202 
805 0.985174 
806 0.981161 
807 0.980321 
808 0.97979 
809 0.978676 
810 0.978198 
811 0.977334 
812 0.976078 
813 0.975507 
814 0.974517 
815 0.972958 
816 0.972094 
817 0.970938 
818 0.969477 
819 0.96823 
820 0.966531 
821 0.965842 
822 0.965413 
823 0.963839 
824 0.96331 
825 0.959987 
826 0.958432 
827 0.957541 
828 0.955439 
829 0.954666 
830 0.948357 
831 0.945622 
832 0.943967 
833 0.942066 
834 0.941587 
835 0.941098 
836 0.939159 
837 0.937195 
838 0.933374 
839 0.928147 
840 0.926537 
841 0.92407 
842 0.922463 
843 0.921361 
844 0.918117 
845 0.915531 
846 0.913519 
847 0.91236 
848 0.906325 
849 0.905178 
850 0.902988 
851 0.89975 
852 0.896731 
853 0.893504 
854 0.888786 
855 0.885908 
856 0.881362 
857 0.878272 
858 0.875551 
859 0.871777 
860 0.868573 
861 0.865741 
862 0.864469 
863 0.863779 
864 0.861863 
865 0.860714 
866 0.859416 
867 0.857979 
868 0.855129 
869 0.853871 
870 0.851811 
871 0.851442 
872 0.850931 
873 0.847928 
874 0.846214 
875 0.844411 
876 0.841598 
877 0.838271 
878 0.834607 
879 0.832593 
880 0.830754 
881 0.827554 
882 0.82347 
883 0.82102 
884 0.817125 
885 0.812164 
886 0.808642 
887 0.805764 
888 0.805154 
889 0.804301 
890 0.802202 
891 0.799187 
892 0.794343 
893 0.791539 
894 0.790445 
895 0.787875 
896 0.787496 
897 0.786347 
898 0.785787 
899 0.784596 
900 0.782943 
901 0.782243 
902 0.77721 
903 0.774387 
904 0.772371 
905 0.767928 
906 0.760169 
907 0.754344 
908 0.755308 
909 0.999679 
910 0.998771 
911 0.997668 
912 0.995987 
913 0.975936 
914 0.957801 
915 0.921235 
916 0.876917 
917 0.771542 
918 0.759116 
919 0.748693 
920 0.744788 
921 0.783667 
922 0.997542 
923 0.999476 
924 0.999212 
925 0.998905 
926 0.998623 
927 0.99834 
928 0.998042 
929 0.99759 
930 0.996843 
931 0.996356 
932 0.995115 
933 0.994221 
934 0.993053 
935 0.992545 
936 0.991696 
937 0.990841 
938 0.989935 
939 0.989344 
940 0.987978 
941 0.986756 
942 0.985823 
943 0.982493 
944 0.98081 
945 0.980184 
946 0.975304 
947 0.971952 
948 0.970876 
949 0.970044 
950 0.967497 
951 0.96511 
952 0.961452 
953 0.958416 
954 0.956537 
955 0.954119 
956 0.95232 
957 0.950896 
958 0.949644 
959 0.946298 
960 0.944101 
961 0.94062 
962 0.938768 
963 0.93577 
964 0.93299 
965 0.928904 
966 0.923379 
967 0.920807 
968 0.915685 
969 0.914037 
970 0.910016 
971 0.907187 
972 0.904042 
973 0.897435 
974 0.892356 
975 0.886522 
976 0.872121 
977 0.870201 
978 0.868175 
979 0.859291 
980 0.847997 
981 0.835962 
982 0.82852 
983 0.821028 
984 0.814702 
985 0.808444 
986 0.798398 
987 0.78823 
988 0.780117 
989 0.774447 
990 0.771391 
991 0.768391 
992 0.763272 
993 0.7604 
994 0.758069 
995 0.756557 
996 0.755523 
997 0.754143 
998 0.751269 
999 0.748362 
1000 0.740667 
1001 0.737616 
1002 0.73657 
1003 0.752561 
1004 0.998964 
1005 0.997866 
1006 0.997455 
1007 0.997041 
1008 0.995171 
1009 0.993961 
1010 0.993562 
1011 0.99312 
1012 0.989508 
1013 0.987339 
1014 0.980404 
1015 0.962576 
1016 0.955234 
1017 0.948685 
1018 0.944085 
1019 0.934937 
1020 0.927412 
1021 0.919119 
1022 0.910038 
1023 0.905967 
1024 0.902402 
1025 0.885615 
1026 0.868941 
1027 0.851024 
1028 0.831111 
1029 0.806241 
1030 0.792191 
1031 0.780181 
1032 0.768145 
1033 0.762267 
1034 0.757504 
1035 0.754851 
1036 0.75262 
1037 0.749493 
1038 0.747456 
1039 0.735029 
1040 0.721357 
1041 0.716647 
1042 0.99006 
1043 0.983851 
1044 0.969081 
1045 0.891956 
1046 0.740796 
1047 0.72411 
1048 0.720196 
1049 0.7164 
1050 0.715251 
1051 0.70226 
1052 0.998801 
1053 0.997165 
1054 0.993702 
1055 0.987947 
1056 0.982813 
1057 0.972664 
1058 0.952512 
1059 0.905959 
1060 0.824915 
1061 0.760921 
1062 0.728222 
1063 0.718332 
1064 0.710444 
1065 0.755967 
1066 0.998934 
1067 0.995336 
1068 0.991294 
1069 0.987342 
1070 0.985257 
1071 0.979972 
1072 0.972111 
1073 0.967117 
1074 0.952536 
1075 0.93356 
1076 0.911202 
1077 0.861667 
1078 0.794417 
1079 0.759501 
1080 0.744561 
1081 0.731805 
1082 0.724976 
1083 0.718078 
1084 0.700855 
1085 0.998418 
1086 0.995589 
1087 0.986487 
1088 0.983487 
1089 0.97922 
1090 0.977644 
1091 0.971824 
1092 0.965233 
1093 0.953956 
1094 0.926088 
1095 0.885962 
1096 0.834743 
1097 0.783237 
1098 0.74448 
1099 0.731049 
1100 0.721804 
1101 0.715775 
1102 0.711172 
1103 0.704655 
1104 0.701413 
1105 0.696949 
1106 0.714017 
1107 0.99886 
1108 0.997333 
1109 0.996591 
1110 0.995736 
1111 0.994526 
1112 0.993675 
1113 0.992757 
1114 0.992055 
1115 0.991474 
1116 0.98954 
1117 0.988398 
1118 0.982881 
1119 0.978085 
1120 0.9747 
1121 0.968096 
1122 0.965456 
1123 0.964427 
1124 0.963352 
1125 0.960009 
1126 0.954066 
1127 0.950218 
1128 0.94241 
1129 0.935909 
1130 0.930992 
1131 0.920488 
1132 0.911946 
1133 0.905703 
1134 0.898948 
1135 0.880315 
1136 0.860958 
1137 0.839322 
1138 0.827408 
1139 0.806458 
1140 0.789715 
1141 0.782704 
1142 0.772804 
1143 0.760604 
1144 0.753438 
1145 0.744582 
1146 0.737495 
1147 0.734065 
1148 0.726925 
1149 0.719529 
1150 0.714423 
1151 0.712313 
1152 0.708959 
1153 0.705128 
1154 0.703329 
1155 0.691687 
1156 0.687441 
1157 0.998195 
1158 0.997286 
1159 0.996331 
1160 0.995368 
1161 0.994417 
1162 0.993297 
1163 0.992614 
1164 0.991889 
1165 0.990997 
1166 0.989736 
1167 0.989139 
1168 0.987004 
1169 0.986393 
1170 0.985781 
1171 0.985037 
1172 0.983777 
1173 0.982009 
1174 0.980291 
1175 0.976318 
1176 0.974319 
1177 0.972815 
1178 0.971084 
1179 0.969925 
1180 0.966582 
1181 0.963218 
1182 0.959373 
1183 0.956437 
1184 0.953155 
1185 0.951508 
1186 0.949949 
1187 0.943936 
1188 0.941741 
1189 0.938471 
1190 0.932814 
1191 0.928303 
1192 0.923299 
1193 0.921814 
1194 0.919263 
1195 0.916536 
1196 0.91333 
1197 0.909547 
1198 0.904841 
1199 0.900433 
1200 0.897451 
1201 0.891083 
1202 0.887455 
1203 0.883616 
1204 0.877158 
1205 0.870444 
1206 0.865017 
1207 0.857126 
1208 0.84805 
1209 0.839409 
1210 0.830245 
1211 0.822931 
1212 0.818223 
1213 0.813912 
1214 0.808139 
1215 0.799262 
1216 0.794344 
1217 0.78918 
1218 0.784266 
1219 0.780605 
1220 0.779409 
1221 0.772958 
1222 0.768471 
1223 0.763982 
1224 0.75594 
1225 0.748681 
1226 0.743855 
1227 0.739394 
1228 0.727926 
1229 0.725286 
1230 0.721509 
1231 0.718661 
1232 0.714302 
1233 0.713554 
1234 0.712343 
1235 0.710791 
1236 0.709807 
1237 0.707983 
1238 0.704986 
1239 0.702276 
1240 0.700183 
1241 0.699346 
1242 0.69797 
1243 0.695091 
1244 0.687741 
1245 0.681455 
1246 0.999971 
1247 0.999006 
1248 0.998034 
1249 0.99705 
1250 0.996074 
1251 0.995211 
1252 0.994332 
1253 0.993243 
1254 0.992564 
1255 0.990667 
1256 0.989557 
1257 0.988714 
1258 0.988045 
1259 0.986839 
1260 0.986168 
1261 0.985209 
1262 0.984503 
1263 0.98283 
1264 0.981847 
1265 0.980333 
1266 0.978997 
1267 0.977826 
1268 0.976419 
1269 0.975427 
1270 0.971913 
1271 0.97074 
1272 0.969573 
1273 0.968653 
1274 0.967488 
1275 0.966382 
1276 0.964504 
1277 0.963828 
1278 0.962269 
1279 0.960828 
1280 0.95877 
1281 0.955326 
1282 0.953107 
1283 0.951286 
1284 0.949847 
1285 0.947091 
1286 0.946182 
1287 0.944067 
1288 0.943421 
1289 0.942002 
1290 0.94101 
1291 0.939743 
1292 0.937046 
1293 0.93401 
1294 0.932089 
1295 0.930123 
1296 0.926752 
1297 0.924967 
1298 0.923673 
1299 0.920269 
1300 0.917368 
1301 0.913766 
1302 0.913375 
1303 0.90925 
1304 0.905084 
1305 0.901847 
1306 0.899111 
1307 0.896349 
1308 0.895332 
1309 0.891994 
1310 0.890728 
1311 0.887068 
1312 0.882762 
1313 0.880002 
1314 0.872378 
1315 0.869021 
1316 0.863651 
1317 0.860231 
1318 0.85871 
1319 0.854622 
1320 0.849771 
1321 0.847146 
1322 0.84202 
1323 0.836266 
1324 0.83278 
1325 0.828632 
1326 0.823191 
1327 0.819361 
1328 0.810805 
1329 0.805399 
1330 0.800143 
1331 0.794398 
1332 0.790048 
1333 0.785463 
1334 0.780786 
1335 0.777717 
1336 0.775501 
1337 0.772013 
1338 0.768625 
1339 0.761982 
1340 0.760694 
1341 0.759307 
1342 0.756186 
1343 0.752788 
1344 0.749833 
1345 0.747347 
1346 0.745058 
1347 0.74065 
1348 0.739453 
1349 0.736913 
1350 0.734949 
1351 0.731657 
1352 0.729737 
1353 0.727548 
1354 0.722126 
1355 0.71831 
1356 0.716727 
1357 0.714283 
1358 0.712031 
1359 0.710811 
1360 0.708527 
1361 0.707544 
1362 0.706685 
1363 0.704492 
1364 0.702128 
1365 0.701573 
1366 0.700458 
1367 0.699637 
1368 0.698811 
1369 0.697135 
1370 0.692937 
1371 0.68903 
1372 0.68723 
1373 0.68627 
1374 0.685313 
1375 0.684806 
1376 0.683506 
1377 0.844927 
1378 0.99846 
1379 0.999289 
1380 0.998146 
1381 0.997279 
1382 0.995989 
1383 0.994067 
1384 0.990576 
1385 0.988984 
1386 0.988243 
1387 0.9872 
1388 0.986252 
1389 0.983492 
1390 0.980374 
1391 0.973915 
1392 0.971243 
1393 0.967343 
1394 0.965939 
1395 0.963487 
1396 0.960301 
1397 0.958451 
1398 0.957138 
1399 0.956435 
1400 0.952643 
1401 0.95031 
1402 0.94708 
1403 0.943887 
1404 0.940019 
1405 0.934932 
1406 0.924517 
1407 0.909838 
1408 0.898137 
1409 0.888689 
1410 0.883971 
1411 0.872401 
1412 0.865163 
1413 0.857882 
1414 0.849543 
1415 0.829641 
1416 0.811649 
1417 0.79515 
1418 0.785938 
1419 0.776896 
1420 0.769539 
1421 0.753691 
1422 0.742072 
1423 0.735509 
1424 0.728491 
1425 0.723008 
1426 0.710177 
1427 0.698634 
1428 0.687814 
1429 0.684156 
1430 0.67934 
1431 0.675453 
1432 0.673323 
1433 0.669576 
1434 0.663513 
1435 0.963444 
1436 0.817519 
1437 0.672961 
1438 0.665412 
1439 0.663376 
1440 0.657641 
1441 0.999666 
1442 0.999302 
1443 0.998965 
1444 0.998596 
1445 0.998232 
1446 0.997853 
1447 0.997447 
1448 0.995504 
1449 0.993662 
1450 0.99181 
1451 0.991104 
1452 0.989285 
1453 0.987664 
1454 0.986714 
1455 0.984011 
1456 0.983257 
1457 0.981324 
1458 0.980664 
1459 0.979523 
1460 0.977913 
1461 0.976649 
1462 0.974894 
1463 0.972371 
1464 0.969433 
1465 0.967674 
1466 0.965087 
1467 0.96456 
1468 0.964001 
1469 0.962708 
1470 0.959605 
1471 0.957793 
1472 0.956194 
1473 0.954599 
1474 0.952225 
1475 0.948756 
1476 0.947371 
1477 0.946488 
1478 0.943204 
1479 0.935715 
1480 0.929957 
1481 0.924664 
1482 0.918961 
1483 0.910025 
1484 0.905022 
1485 0.892381 
1486 0.879804 
1487 0.870925 
1488 0.8535 
1489 0.845397 
1490 0.82754 
1491 0.815877 
1492 0.797331 
1493 0.786566 
1494 0.774767 
1495 0.763553 
1496 0.755242 
1497 0.749155 
1498 0.735751 
1499 0.723985 
1500 0.71621 
1501 0.708247 
1502 0.70108 
1503 0.693512 
1504 0.686774 
1505 0.683582 
1506 0.677356 
1507 0.674912 
1508 0.673334 
1509 0.671386 
1510 0.669036 
1511 0.666561 
1512 0.665173 
1513 0.664266 
1514 0.654534 
1515 0.713411 
1516 0.954084 
1517 0.999921 
1518 0.998699 
1519 0.997459 
1520 0.996153 
1521 0.994906 
1522 0.993631 
1523 0.992368 
1524 0.991107 
1525 0.989864 
1526 0.985762 
1527 0.984471 
1528 0.983194 
1529 0.978149 
1530 0.975879 
1531 0.975336 
1532 0.973917 
1533 0.973169 
1534 0.97269 
1535 0.972045 
1536 0.971059 
1537 0.970579 
1538 0.968709 
1539 0.967863 
1540 0.965221 
1541 0.964511 
1542 0.963868 
1543 0.963477 
1544 0.96258 
1545 0.961381 
1546 0.960835 
1547 0.958514 
1548 0.957374 
1549 0.956166 
1550 0.954918 
1551 0.954308 
1552 0.953575 
1553 0.952809 
1554 0.951007 
1555 0.950274 
1556 0.949282 
1557 0.948851 
1558 0.948358 
1559 0.94641 
1560 0.943176 
1561 0.940818 
1562 0.937852 
1563 0.935903 
1564 0.934534 
1565 0.933367 
1566 0.931845 
1567 0.930935 
1568 0.928557 
1569 0.927568 
1570 0.924684 
1571 0.916665 
1572 0.914363 
1573 0.913346 
1574 0.904654 
1575 0.899055 
1576 0.891854 
1577 0.89001 
1578 0.885467 
1579 0.883577 
1580 0.87206 
1581 0.864644 
1582 0.855201 
1583 0.848508 
1584 0.844471 
1585 0.834161 
1586 0.828824 
1587 0.823755 
1588 0.818997 
1589 0.815292 
1590 0.809549 
1591 0.806403 
1592 0.802392 
1593 0.797044 
1594 0.789359 
1595 0.783785 
1596 0.780862 
1597 0.773872 
1598 0.769508 
1599 0.765238 
1600 0.759564 
1601 0.755969 
1602 0.753096 
1603 0.749453 
1604 0.74749 
1605 0.745849 
1606 0.741295 
1607 0.738861 
1608 0.737124 
1609 0.735234 
1610 0.729682 
1611 0.727241 
1612 0.72497 
1613 0.722703 
1614 0.71381 
1615 0.711854 
1616 0.706199 
1617 0.701379 
1618 0.696448 
1619 0.691043 
1620 0.688819 
1621 0.686527 
1622 0.684057 
1623 0.68043 
1624 0.677696 
1625 0.676315 
1626 0.674718 
1627 0.671745 
1628 0.66642 
1629 0.663661 
1630 0.660782 
1631 0.658848 
1632 0.656994 
1633 0.654187 
1634 0.652945 
1635 0.650705 
1636 0.648753 
1637 0.647632 
1638 0.646413 
1639 0.645577 
1640 0.65913 
1641 0.99977 
1642 0.999522 
1643 0.999288 
1644 0.999045 
1645 0.998723 
1646 0.997837 
1647 0.997422 
1648 0.989589 
1649 0.98562 
1650 0.974332 
1651 0.949375 
1652 0.93867 
1653 0.930222 
1654 0.924883 
1655 0.907487 
1656 0.886721 
1657 0.852587 
1658 0.795364 
1659 0.768001 
1660 0.746794 
1661 0.723508 
1662 0.684144 
1663 0.671467 
1664 0.660067 
1665 0.654984 
1666 0.649479 
1667 0.641083 
1668 0.639294 
1669 0.642641 
1670 0.999615 
1671 0.999191 
1672 0.998942 
1673 0.99867 
1674 0.998463 
1675 0.998241 
1676 0.997952 
1677 0.997672 
1678 0.997419 
1679 0.997148 
1680 0.996624 
1681 0.996391 
1682 0.996056 
1683 0.995814 
1684 0.995487 
1685 0.995152 
1686 0.994851 
1687 0.992544 
1688 0.990199 
1689 0.987909 
1690 0.985599 
1691 0.981419 
1692 0.979048 
1693 0.977032 
1694 0.974547 
1695 0.971641 
1696 0.969988 
1697 0.96949 
1698 0.965692 
1699 0.963011 
1700 0.960072 
1701 0.957368 
1702 0.956175 
1703 0.955582 
1704 0.955106 
1705 0.953413 
1706 0.952588 
1707 0.952009 
1708 0.950241 
1709 0.948946 
1710 0.946782 
1711 0.945927 
1712 0.944395 
1713 0.943011 
1714 0.94164 
1715 0.941017 
1716 0.938998 
1717 0.938346 
1718 0.936678 
1719 0.933636 
1720 0.930185 
1721 0.923033 
1722 0.921218 
1723 0.919135 
1724 0.915953 
1725 0.912758 
1726 0.910425 
1727 0.908018 
1728 0.905644 
1729 0.900697 
1730 0.89756 
1731 0.894639 
1732 0.888025 
1733 0.881351 
1734 0.875769 
1735 0.869297 
1736 0.867039 
1737 0.863096 
1738 0.859778 
1739 0.850378 
1740 0.837661 
1741 0.8328 
1742 0.824889 
1743 0.82092 
1744 0.817568 
1745 0.809508 
1746 0.796513 
1747 0.791823 
1748 0.786292 
1749 0.77556 
1750 0.768721 
1751 0.765534 
1752 0.754335 
1753 0.752287 
1754 0.745721 
1755 0.742094 
1756 0.736989 
1757 0.734939 
1758 0.729453 
1759 0.726413 
1760 0.721821 
1761 0.719562 
1762 0.715386 
1763 0.711357 
1764 0.705513 
1765 0.702334 
1766 0.694369 
1767 0.690118 
1768 0.686581 
1769 0.682053 
1770 0.678807 
1771 0.676808 
1772 0.674036 
1773 0.669624 
1774 0.667443 
1775 0.661168 
1776 0.658128 
1777 0.656182 
1778 0.653614 
1779 0.646977 
1780 0.632855 
1781 0.729181 
1782 0.997954 
1783 0.999401 
1784 0.996216 
1785 0.999752 
1786 0.999235 
1787 0.998964 
1788 0.998365 
1789 0.998075 
1790 0.997775 
1791 0.996569 
1792 0.995234 
1793 0.993916 
1794 0.992917 
1795 0.99096 
1796 0.98899 
1797 0.986981 
1798 0.984966 
1799 0.982959 
1800 0.98026 
1801 0.978915 
1802 0.976921 
1803 0.975105 
1804 0.973733 
1805 0.971026 
1806 0.969686 
1807 0.968337 
1808 0.967361 
1809 0.966922 
1810 0.966325 
1811 0.965135 
1812 0.962849 
1813 0.961048 
1814 0.960173 
1815 0.959685 
1816 0.956309 
1817 0.954585 
1818 0.953777 
1819 0.953291 
1820 0.948964 
1821 0.945487 
1822 0.943416 
1823 0.942608 
1824 0.940095 
1825 0.938919 
1826 0.936666 
1827 0.933779 
1828 0.9286 
1829 0.924586 
1830 0.921301 
1831 0.91749 
1832 0.912753 
1833 0.911008 
1834 0.90751 
1835 0.903873 
1836 0.896755 
1837 0.888746 
1838 0.881586 
1839 0.865172 
1840 0.849277 
1841 0.840698 
1842 0.819855 
1843 0.807437 
1844 0.798248 
1845 0.792969 
1846 0.783448 
1847 0.771665 
1848 0.759016 
1849 0.750763 
1850 0.742179 
1851 0.736208 
1852 0.729258 
1853 0.72343 
1854 0.72031 
1855 0.715758 
1856 0.709983 
1857 0.704406 
1858 0.700196 
1859 0.69399 
1860 0.689199 
1861 0.681914 
1862 0.679376 
1863 0.6774 
1864 0.671217 
1865 0.665727 
1866 0.661541 
1867 0.659861 
1868 0.657271 
1869 0.652866 
1870 0.648873 
1871 0.64645 
1872 0.643335 
1873 0.64084 
1874 0.638047 
1875 0.635419 
1876 0.633935 
1877 0.631485 
1878 0.63 
1879 0.628573 
1880 0.627765 
1881 0.625166 
1882 0.623781 
1883 0.622897 
1884 0.622026 
1885 0.830035 
1886 1 
1887 0.998757 
1888 0.997498 
1889 0.997467 
1890 0.996225 
1891 0.996222 
1892 0.994927 
1893 0.994099 
1894 0.993716 
1895 0.992482 
1896 0.991134 
1897 0.989815 
1898 0.988523 
1899 0.987256 
1900 0.985946 
1901 0.98469 
1902 0.984235 
1903 0.983751 
1904 0.982444 
1905 0.981235 
1906 0.980821 
1907 0.979575 
1908 0.97829 
1909 0.977027 
1910 0.975703 
1911 0.974454 
1912 0.973967 
1913 0.972695 
1914 0.971426 
1915 0.970056 
1916 0.96878 
1917 0.968302 
1918 0.966964 
1919 0.966553 
1920 0.965222 
1921 0.963915 
1922 0.962595 
1923 0.96211 
1924 0.96167 
1925 0.961185 
1926 0.959877 
1927 0.959381 
1928 0.958014 
1929 0.957488 
1930 0.957046 
1931 0.954255 
1932 0.952764 
1933 0.949105 
1934 0.941976 
1935 0.936033 
1936 0.929283 
1937 0.916066 
1938 0.906221 
1939 0.898656 
1940 0.889124 
1941 0.872577 
1942 0.856064 
1943 0.833957 
1944 0.792702 
1945 0.758421 
1946 0.733502 
1947 0.708366 
1948 0.692601 
1949 0.682167 
1950 0.673009 
1951 0.667782 
1952 0.65221 
1953 0.646014 
1954 0.641408 
1955 0.631559 
1956 0.624832 
1957 0.620777 
1958 0.615462 
1959 0.611984 
1960 0.606876 
1961 0.605327 
1962 0.603546 
1963 0.605332 
1964 1 
1965 0.999632 
1966 0.99935 
1967 0.998944 
1968 0.99821 
1969 0.997968 
1970 0.996289 
1971 0.995351 
1972 0.9951 
1973 0.994155 
1974 0.993845 
1975 0.992264 
1976 0.9913 
1977 0.990399 
1978 0.989778 
1979 0.986605 
1980 0.982089 
1981 0.980137 
1982 0.977482 
1983 0.976136 
1984 0.973047 
1985 0.969691 
1986 0.96621 
1987 0.963414 
1988 0.958456 
1989 0.956849 
1990 0.955837 
1991 0.952724 
1992 0.949315 
1993 0.946312 
1994 0.944893 
1995 0.943494 
1996 0.941832 
1997 0.938907 
1998 0.937486 
1999 0.935977 
2000 0.933316 
2001 0.931173 
2002 0.929779 
2003 0.928031 
2004 0.925033 
2005 0.921696 
2006 0.918962 
2007 0.916654 
2008 0.914204 
2009 0.912114 
2010 0.909822 
2011 0.905995 
2012 0.904155 
2013 0.895405 
2014 0.889901 
2015 0.888964 
2016 0.881265 
2017 0.875172 
2018 0.866076 
2019 0.85881 
2020 0.850672 
2021 0.844597 
2022 0.830679 
2023 0.821578 
2024 0.808842 
2025 0.791035 
2026 0.777378 
2027 0.754822 
2028 0.740881 
2029 0.736753 
2030 0.728096 
2031 0.722577 
2032 0.709591 
2033 0.699462 
2034 0.690004 
2035 0.68108 
2036 0.674827 
2037 0.667275 
2038 0.66289 
2039 0.659068 
2040 0.656576 
2041 0.652154 
2042 0.650181 
2043 0.647324 
2044 0.643943 
2045 0.641427 
2046 0.63853 
2047 0.636575 
2048 0.634571 
2049 0.630754 
2050 0.628429 
2051 0.625508 
2052 0.62472 
2053 0.621176 
2054 0.617986 
2055 0.61689 
2056 0.616037 
2057 0.614889 
2058 0.612283 
2059 0.610914 
2060 0.608523 
2061 0.606703 
2062 0.60598 
2063 0.599942 
2064 0.621949 
2065 0.999041 
2066 0.997649 
2067 0.997 
2068 0.99643 
2069 0.995798 
2070 0.994866 
2071 0.994404 
2072 0.993347 
2073 0.99116 
2074 0.990277 
2075 0.989503 
2076 0.988552 
2077 0.987415 
2078 0.986422 
2079 0.984799 
2080 0.983912 
2081 0.983146 
2082 0.98227 
2083 0.979713 
2084 0.978378 
2085 0.976875 
2086 0.971387 
2087 0.969296 
2088 0.969014 
2089 0.966216 
2090 0.963477 
2091 0.959262 
2092 0.955992 
2093 0.952788 
2094 0.947971 
2095 0.944224 
2096 0.942177 
2097 0.940611 
2098 0.937179 
2099 0.936234 
2100 0.934884 
2101 0.933767 
2102 0.93203 
2103 0.929786 
2104 0.926487 
2105 0.92286 
2106 0.919412 
2107 0.915372 
2108 0.912177 
2109 0.911039 
2110 0.907229 
2111 0.905439 
2112 0.900488 
2113 0.897747 
2114 0.896442 
2115 0.892658 
2116 0.888998 
2117 0.886546 
2118 0.8854 
2119 0.883175 
2120 0.880555 
2121 0.878269 
2122 0.872411 
2123 0.868461 
2124 0.865873 
2125 0.864157 
2126 0.859566 
2127 0.857046 
2128 0.854756 
2129 0.850979 
2130 0.846917 
2131 0.84446 
2132 0.839291 
2133 0.8352 
2134 0.821061 
2135 0.811868 
2136 0.805684 
2137 0.797529 
2138 0.789707 
2139 0.78361 
2140 0.775657 
2141 0.763364 
2142 0.759703 
2143 0.753075 
2144 0.750654 
2145 0.74713 
2146 0.742408 
2147 0.73886 
2148 0.733347 
2149 0.72964 
2150 0.72724 
2151 0.725933 
2152 0.722394 
2153 0.716741 
2154 0.707451 
2155 0.703388 
2156 0.701192 
2157 0.69491 
2158 0.687951 
2159 0.681763 
2160 0.677556 
2161 0.673092 
2162 0.670823 
2163 0.668628 
2164 0.664337 
2165 0.660936 
2166 0.657449 
2167 0.656125 
2168 0.654351 
2169 0.652875 
2170 0.651468 
2171 0.649084 
2172 0.647109 
2173 0.643432 
2174 0.640682 
2175 0.634737 
2176 0.632511 
2177 0.629598 
2178 0.627818 
2179 0.62615 
2180 0.624828 
2181 0.623737 
2182 0.622198 
2183 0.620538 
2184 0.619441 
2185 0.617527 
2186 0.615573 
2187 0.61408 
2188 0.612616 
2189 0.610076 
2190 0.608648 
2191 0.607283 
2192 0.602431 
2193 0.598399 
2194 0.596072 
2195 0.593812 
2196 0.591337 
2197 0.58953 
2198 0.652479 
2199 0.998807 
2200 0.998335 
2201 0.997364 
2202 0.996326 
2203 0.994077 
2204 0.990776 
2205 0.987405 
2206 0.972525 
2207 0.961416 
2208 0.949314 
2209 0.940706 
2210 0.927396 
2211 0.92008 
2212 0.912728 
2213 0.904214 
2214 0.893577 
2215 0.883287 
2216 0.868628 
2217 0.839134 
2218 0.800024 
2219 0.764714 
2220 0.752687 
2221 0.744223 
2222 0.739905 
2223 0.707218 
2224 0.682368 
2225 0.670883 
2226 0.661248 
2227 0.651563 
2228 0.638572 
2229 0.625005 
2230 0.617254 
2231 0.609239 
2232 0.605639 
2233 0.598409 
2234 0.594108 
2235 0.57872 
2236 0.575644 
2237 0.587783 
2238 0.99947 
2239 0.998606 
2240 0.996331 
2241 0.99412 
2242 0.99164 
2243 0.987366 
2244 0.966751 
2245 0.949183 
2246 0.941489 
2247 0.928646 
2248 0.915908 
2249 0.909398 
2250 0.89937 
2251 0.891655 
2252 0.881482 
2253 0.86176 
2254 0.830027 
2255 0.798019 
2256 0.780814 
2257 0.765684 
2258 0.739228 
2259 0.71193 
2260 0.675957 
2261 0.654202 
2262 0.641287 
2263 0.628649 
2264 0.612293 
2265 0.591775 
2266 0.584536 
2267 0.581294 
2268 0.579105 
2269 0.565138 
2270 0.744566 
2271 0.99936 
2272 0.997514 
2273 0.996538 
2274 0.994794 
2275 0.991348 
2276 0.98999 
2277 0.988535 
2278 0.985841 
2279 0.983177 
2280 0.980106 
2281 0.974321 
2282 0.971025 
2283 0.964137 
2284 0.956328 
2285 0.951181 
2286 0.94493 
2287 0.936334 
2288 0.93092 
2289 0.927 
2290 0.924597 
2291 0.923183 
2292 0.919598 
2293 0.915053 
2294 0.911667 
2295 0.910342 
2296 0.908313 
2297 0.904071 
2298 0.901719 
2299 0.900487 
2300 0.8934 
2301 0.888482 
2302 0.882259 
2303 0.874465 
2304 0.863214 
2305 0.850947 
2306 0.834917 
2307 0.814039 
2308 0.803469 
2309 0.792096 
2310 0.786238 
2311 0.782964 
2312 0.776284 
2313 0.772082 
2314 0.766401 
2315 0.757226 
2316 0.754791 
2317 0.747983 
2318 0.740918 
2319 0.732828 
2320 0.726422 
2321 0.719765 
2322 0.717663 
2323 0.712634 
2324 0.70558 
2325 0.696473 
2326 0.688854 
2327 0.682769 
2328 0.675079 
2329 0.668895 
2330 0.664375 
2331 0.657941 
2332 0.65444 
2333 0.648963 
2334 0.641379 
2335 0.635998 
2336 0.627259 
2337 0.61482 
2338 0.608891 
2339 0.602661 
2340 0.597776 
2341 0.594006 
2342 0.589791 
2343 0.585088 
2344 0.580524 
2345 0.575169 
2346 0.570848 
2347 0.569185 
2348 0.567726 
2349 0.564616 
2350 0.560003 
2351 0.55617 
2352 0.548258 
2353 0.676691 
2354 0.998212 
2355 0.992516 
2356 0.978509 
2357 0.945798 
2358 0.914911 
2359 0.866888 
2360 0.815711 
2361 0.730059 
2362 0.684834 
2363 0.65594 
2364 0.61204 
2365 0.581014 
2366 0.565894 
2367 0.550659 
2368 0.528823 
2369 0.999716 
2370 0.999167 
2371 0.997884 
2372 0.996767 
2373 0.995447 
2374 0.994172 
2375 0.991716 
2376 0.989095 
2377 0.987768 
2378 0.986874 
2379 0.98564 
2380 0.982752 
2381 0.974969 
2382 0.969644 
2383 0.964032 
2384 0.961644 
2385 0.955709 
2386 0.951086 
2387 0.949873 
2388 0.948652 
2389 0.945944 
2390 0.943118 
2391 0.939395 
2392 0.93332 
2393 0.930906 
2394 0.923591 
2395 0.916017 
2396 0.913377 
2397 0.90794 
2398 0.9064 
2399 0.902698 
2400 0.894438 
2401 0.890807 
2402 0.88592 
2403 0.87428 
2404 0.86147 
2405 0.855697 
2406 0.852214 
2407 0.843498 
2408 0.834353 
2409 0.826545 
2410 0.818143 
2411 0.806872 
2412 0.801911 
2413 0.794526 
2414 0.790988 
2415 0.780104 
2416 0.775055 
2417 0.764302 
2418 0.756006 
2419 0.74538 
2420 0.736775 
2421 0.723853 
2422 0.717369 
2423 0.704321 
2424 0.696633 
2425 0.688453 
2426 0.682589 
2427 0.669311 
2428 0.664671 
2429 0.657921 
2430 0.654296 
2431 0.650927 
2432 0.639519 
2433 0.631559 
2434 0.625166 
2435 0.620189 
2436 0.613333 
2437 0.605654 
2438 0.601931 
2439 0.59496 
2440 0.589867 
2441 0.586091 
2442 0.583224 
2443 0.580309 
2444 0.57323 
2445 0.570165 
2446 0.56855 
2447 0.565219 
2448 0.562263 
2449 0.560292 
2450 0.558232 
2451 0.555732 
2452 0.554444 
2453 0.552257 
2454 0.550302 
2455 0.548549 
2456 0.546941 
2457 0.544853 
2458 0.543246 
2459 0.541044 
2460 0.538988 
2461 0.537071 
2462 0.534934 
2463 0.533607 
2464 0.531555 
2465 0.530296 
2466 0.528811 
2467 0.528151 
2468 0.526269 
2469 0.524345 
2470 0.998829 
2471 0.997715 
2472 0.921282 
2473 0.889674 
2474 0.871148 
2475 0.794939 
2476 0.711655 
2477 0.620667 
2478 0.568273 
2479 0.538653 
2480 0.531413 
2481 0.526798 
2482 0.524017 
2483 0.522852 
2484 0.522359 
2485 0.585907 
2486 0.99866 
2487 0.997009 
2488 0.98716 
2489 0.903717 
2490 0.882391 
2491 0.850308 
2492 0.805799 
2493 0.738593 
2494 0.669171 
2495 0.592409 
2496 0.533797 
2497 0.521846 
2498 0.518272 
2499 0.516111 
2500 0.514081 
2501 0.512204 
2502 0.654312 
2503 0.997802 
2504 0.995858 
2505 0.934712 
2506 0.89885 
2507 0.863815 
2508 0.779021 
2509 0.696621 
2510 0.589154 
2511 0.531433 
2512 0.513108 
2513 0.502997 
2514 0.498528 
2515 0.523467 
2516 0.868934 
2517 0.999871 
2518 0.998575 
2519 0.997268 
2520 0.995289 
2521 0.993966 
2522 0.992525 
2523 0.992043 
2524 0.990758 
2525 0.988192 
2526 0.985882 
2527 0.984828 
2528 0.979776 
2529 0.977281 
2530 0.975301 
2531 0.973862 
2532 0.971715 
2533 0.968848 
2534 0.965245 
2535 0.960962 
2536 0.957775 
2537 0.953364 
2538 0.951856 
2539 0.948566 
2540 0.945339 
2541 0.943125 
2542 0.940112 
2543 0.936311 
2544 0.932572 
2545 0.92948 
2546 0.924766 
2547 0.922916 
2548 0.921073 
2549 0.919019 
2550 0.91667 
2551 0.914497 
2552 0.913028 
2553 0.910431 
2554 0.909547 
2555 0.906755 
2556 0.905439 
2557 0.902118 
2558 0.898085 
2559 0.891778 
2560 0.888064 
2561 0.887086 
2562 0.884735 
2563 0.883757 
2564 0.880159 
2565 0.878999 
2566 0.877149 
2567 0.874557 
2568 0.871473 
2569 0.869164 
2570 0.867918 
2571 0.865294 
2572 0.862166 
2573 0.861396 
2574 0.857302 
2575 0.855006 
2576 0.852886 
2577 0.85156 
2578 0.849495 
2579 0.841498 
2580 0.839578 
2581 0.834951 
2582 0.831215 
2583 0.82919 
2584 0.825829 
2585 0.824809 
2586 0.818198 
2587 0.812634 
2588 0.80731 
2589 0.801055 
2590 0.79309 
2591 0.787615 
2592 0.781476 
2593 0.778083 
2594 0.775952 
2595 0.76987 
2596 0.766278 
2597 0.761857 
2598 0.757514 
2599 0.752974 
2600 0.749928 
2601 0.746047 
2602 0.743985 
2603 0.741876 
2604 0.739774 
2605 0.735478 
2606 0.73046 
2607 0.72411 
2608 0.72232 
2609 0.720753 
2610 0.716919 
2611 0.715375 
2612 0.711602 
2613 0.706829 
2614 0.70304 
2615 0.695496 
2616 0.689745 
2617 0.685825 
2618 0.685137 
2619 0.680993 
2620 0.677499 
2621 0.672146 
2622 0.66599 
2623 0.660652 
2624 0.656062 
2625 0.650552 
2626 0.642141 
2627 0.636998 
2628 0.632961 
2629 0.625468 
2630 0.620073 
2631 0.617573 
2632 0.61357 
2633 0.610536 
2634 0.606367 
2635 0.599996 
2636 0.596119 
2637 0.591227 
2638 0.586415 
2639 0.580742 
2640 0.577819 
2641 0.56763 
2642 0.56298 
2643 0.5614 
2644 0.559711 
2645 0.555993 
2646 0.55249 
2647 0.545337 
2648 0.540922 
2649 0.537491 
2650 0.534961 
2651 0.53166 
2652 0.527456 
2653 0.525786 
2654 0.522222 
2655 0.519595 
2656 0.517254 
2657 0.514486 
2658 0.511603 
2659 0.509553 
2660 0.508458 
2661 0.506738 
2662 0.503747 
2663 0.501664 
2664 0.500033 
2665 0.498277 
2666 0.497121 
2667 0.495561 
2668 0.494154 
2669 0.492969 
2670 0.492244 
2671 0.48671 
2672 0.579593 
2673 0.865973 
2674 0.996825 
2675 0.995952 
2676 0.995047 
2677 0.993563 
2678 0.992117 
2679 0.986661 
2680 0.972249 
2681 0.957218 
2682 0.939969 
2683 0.923251 
2684 0.909129 
2685 0.904324 
2686 0.89764 
2687 0.893885 
2688 0.888165 
2689 0.88594 
2690 0.88248 
2691 0.87494 
2692 0.870318 
2693 0.863908 
2694 0.859731 
2695 0.85249 
2696 0.848164 
2697 0.838566 
2698 0.833349 
2699 0.820707 
2700 0.811042 
2701 0.801236 
2702 0.792656 
2703 0.787734 
2704 0.781616 
2705 0.766486 
2706 0.758771 
2707 0.754563 
2708 0.743611 
2709 0.736728 
2710 0.725178 
2711 0.712455 
2712 0.703427 
2713 0.688546 
2714 0.684066 
2715 0.675054 
2716 0.667024 
2717 0.661698 
2718 0.655476 
2719 0.644411 
2720 0.634204 
2721 0.622559 
2722 0.613921 
2723 0.606791 
2724 0.599022 
2725 0.589332 
2726 0.576211 
2727 0.570755 
2728 0.565939 
2729 0.555664 
2730 0.54208 
2731 0.537094 
2732 0.526354 
2733 0.519098 
2734 0.512894 
2735 0.510406 
2736 0.506314 
2737 0.504292 
2738 0.501648 
2739 0.49707 
2740 0.493315 
2741 0.492335 
2742 0.490897 
2743 0.488907 
2744 0.487846 
2745 0.485871 
2746 0.485022 
2747 0.479953 
2748 0.488856 
2749 0.998765 
2750 0.997556 
2751 0.994766 
2752 0.987502 
2753 0.978938 
2754 0.969804 
2755 0.947041 
2756 0.93252 
2757 0.91874 
2758 0.906313 
2759 0.896916 
2760 0.887011 
2761 0.881369 
2762 0.875911 
2763 0.867938 
2764 0.860293 
2765 0.849512 
2766 0.843843 
2767 0.839802 
2768 0.838141 
2769 0.83179 
2770 0.828662 
2771 0.82075 
2772 0.818285 
2773 0.806896 
2774 0.795016 
2775 0.788974 
2776 0.776111 
2777 0.759889 
2778 0.746972 
2779 0.736796 
2780 0.727838 
2781 0.719542 
2782 0.707807 
2783 0.688979 
2784 0.682317 
2785 0.674332 
2786 0.66149 
2787 0.658159 
2788 0.650232 
2789 0.637214 
2790 0.631173 
2791 0.618396 
2792 0.610394 
2793 0.604238 
2794 0.590921 
2795 0.575829 
2796 0.566891 
2797 0.561661 
2798 0.551197 
2799 0.542003 
2800 0.535499 
2801 0.528368 
2802 0.520352 
2803 0.513361 
2804 0.510047 
2805 0.506054 
2806 0.499761 
2807 0.496934 
2808 0.493606 
2809 0.49154 
2810 0.487716 
2811 0.486359 
2812 0.484355 
2813 0.482213 
2814 0.479211 
2815 0.474848 
2816 0.471621 
2817 0.52969 
2818 0.999426 
2819 0.999176 
2820 0.998456 
2821 0.997731 
2822 0.984406 
2823 0.916242 
2824 0.900774 
2825 0.871667 
2826 0.852024 
2827 0.81411 
2828 0.784056 
2829 0.731352 
2830 0.686911 
2831 0.638129 
2832 0.584765 
2833 0.547808 
2834 0.517259 
2835 0.494765 
2836 0.487627 
2837 0.480166 
2838 0.475202 
2839 0.469112 
2840 0.46648 
2841 0.462376 
2842 0.999769 
2843 0.999526 
2844 0.996673 
2845 0.994093 
2846 0.992808 
2847 0.989541 
2848 0.985766 
2849 0.980425 
2850 0.976201 
2851 0.967835 
2852 0.963277 
2853 0.961289 
2854 0.956798 
2855 0.951898 
2856 0.94615 
2857 0.941254 
2858 0.938818 
2859 0.935541 
2860 0.927082 
2861 0.920638 
2862 0.91655 
2863 0.912945 
2864 0.910749 
2865 0.90933 
2866 0.905348 
2867 0.900599 
2868 0.897331 
2869 0.893686 
2870 0.888084 
2871 0.88648 
2872 0.880034 
2873 0.87459 
2874 0.867451 
2875 0.866194 
2876 0.86128 
2877 0.858772 
2878 0.856294 
2879 0.852923 
2880 0.851464 
2881 0.846352 
2882 0.841166 
2883 0.831687 
2884 0.828425 
2885 0.825736 
2886 0.822612 
2887 0.81789 
2888 0.815793 
2889 0.813728 
2890 0.806496 
2891 0.802133 
2892 0.797232 
2893 0.789801 
2894 0.781034 
2895 0.776462 
2896 0.771017 
2897 0.764831 
2898 0.757774 
2899 0.75088 
2900 0.745685 
2901 0.740471 
2902 0.734071 
2903 0.723076 
2904 0.714778 
2905 0.709121 
2906 0.70581 
2907 0.700292 
2908 0.693029 
2909 0.688997 
2910 0.680422 
2911 0.674876 
2912 0.671133 
2913 0.664526 
2914 0.660412 
2915 0.657734 
2916 0.654228 
2917 0.646066 
2918 0.639846 
2919 0.634016 
2920 0.627973 
2921 0.621959 
2922 0.615397 
2923 0.605589 
2924 0.598843 
2925 0.594915 
2926 0.591244 
2927 0.586647 
2928 0.581754 
2929 0.576959 
2930 0.570515 
2931 0.567519 
2932 0.564125 
2933 0.559321 
2934 0.55444 
2935 0.551793 
2936 0.543882 
2937 0.540752 
2938 0.538611 
2939 0.533295 
2940 0.527076 
2941 0.522419 
2942 0.51806 
2943 0.513164 
2944 0.508865 
2945 0.50594 
2946 0.500886 
2947 0.49778 
2948 0.493169 
2949 0.489631 
2950 0.488061 
2951 0.485963 
2952 0.483916 
2953 0.481267 
2954 0.479673 
2955 0.478367 
2956 0.476797 
2957 0.474947 
2958 0.473989 
2959 0.473035 
2960 0.472073 
2961 0.471143 
2962 0.470671 
2963 0.469058 
2964 0.467925 
2965 0.466914 
2966 0.466192 
2967 0.464835 
2968 0.463431 
2969 0.462881 
2970 0.462406 
2971 0.461913 
2972 0.46169 
2973 0.461309 
2974 0.461017 
2975 0.460852 
2976 0.678447 
2977 0.997081 
2978 0.942492 
2979 0.905607 
2980 0.903731 
2981 0.901315 
2982 0.875437 
2983 0.854672 
2984 0.848591 
2985 0.817492 
2986 0.812021 
2987 0.787291 
2988 0.76093 
2989 0.750973 
2990 0.724601 
2991 0.702989 
2992 0.66967 
2993 0.639831 
2994 0.622599 
2995 0.611041 
2996 0.582803 
2997 0.562648 
2998 0.523858 
2999 0.511274 
3000 0.499861 
3001 0.481045 
3002 0.46867 
3003 0.466673 
3004 0.464591 
3005 0.463026 
3006 0.460839 
3007 0.458654 
3008 0.457137 
3009 0.45621 
3010 0.616818 
3011 0.762406 
3012 0.999729 
3013 0.997802 
3014 0.9974 
3015 0.99451 
3016 0.993053 
3017 0.991599 
3018 0.988682 
3019 0.987218 
3020 0.984283 
3021 0.98135 
3022 0.979877 
3023 0.978408 
3024 0.976934 
3025 0.975452 
3026 0.9743 
3027 0.972808 
3028 0.971444 
3029 0.970065 
3030 0.968706 
3031 0.967348 
3032 0.96592 
3033 0.963119 
3034 0.961756 
3035 0.96039 
3036 0.95894 
3037 0.956998 
3038 0.953517 
3039 0.949227 
3040 0.948657 
3041 0.947193 
3042 0.946621 
3043 0.945155 
3044 0.944659 
3045 0.943501 
3046 0.942918 
3047 0.942327 
3048 0.941236 
3049 0.939434 
3050 0.937472 
3051 0.936728 
3052 0.933342 
3053 0.930027 
3054 0.924291 
3055 0.920794 
3056 0.918463 
3057 0.917312 
3058 0.915569 
3059 0.914799 
3060 0.910315 
3061 0.907312 
3062 0.904442 
3063 0.891375 
3064 0.87665 
3065 0.866604 
3066 0.857481 
3067 0.855158 
3068 0.853758 
3069 0.824029 
3070 0.815408 
3071 0.812834 
3072 0.808227 
3073 0.798199 
3074 0.785025 
3075 0.782243 
3076 0.775566 
3077 0.767381 
3078 0.752754 
3079 0.751072 
3080 0.736817 
3081 0.721696 
3082 0.713842 
3083 0.707449 
3084 0.693369 
3085 0.684127 
3086 0.670351 
3087 0.658618 
3088 0.639099 
3089 0.63347 
3090 0.628089 
3091 0.606507 
3092 0.590793 
3093 0.583261 
3094 0.566051 
3095 0.563016 
3096 0.549365 
3097 0.528451 
3098 0.52138 
3099 0.516197 
3100 0.501295 
3101 0.483371 
3102 0.466659 
3103 0.462234 
3104 0.460321 
3105 0.456722 
3106 0.452708 
3107 0.451416 
3108 0.449058 
3109 0.447463 
3110 0.586038 
3111 0.999816 
3112 0.999409 
3113 0.998969 
3114 0.92536 
3115 0.872959 
3116 0.807871 
3117 0.741212 
3118 0.66576 
3119 0.569693 
3120 0.49883 
3121 0.452291 
3122 0.447123 
3123 0.440518 
3124 0.483277 
3125 0.815981 
3126 0.999824 
3127 0.998409 
3128 0.997885 
3129 0.996479 
3130 0.995094 
3131 0.994558 
3132 0.99363 
3133 0.993005 
3134 0.99157 
3135 0.99013 
3136 0.988237 
3137 0.986809 
3138 0.985357 
3139 0.983891 
3140 0.982447 
3141 0.981747 
3142 0.980287 
3143 0.979756 
3144 0.978262 
3145 0.975277 
3146 0.972298 
3147 0.97152 
3148 0.970031 
3149 0.967239 
3150 0.966274 
3151 0.96487 
3152 0.963564 
3153 0.962103 
3154 0.96022 
3155 0.957285 
3156 0.95634 
3157 0.955814 
3158 0.954332 
3159 0.953285 
3160 0.951979 
3161 0.950485 
3162 0.94915 
3163 0.947849 
3164 0.947198 
3165 0.945112 
3166 0.943619 
3167 0.938174 
3168 0.935881 
3169 0.934368 
3170 0.933866 
3171 0.933393 
3172 0.931983 
3173 0.931286 
3174 0.929692 
3175 0.928312 
3176 0.925041 
3177 0.921328 
3178 0.919477 
3179 0.916657 
3180 0.915499 
3181 0.91501 
3182 0.913918 
3183 0.911915 
3184 0.911443 
3185 0.91068 
3186 0.909333 
3187 0.908848 
3188 0.906372 
3189 0.905467 
3190 0.905046 
3191 0.90382 
3192 0.895526 
3193 0.89188 
3194 0.882441 
3195 0.877579 
3196 0.870285 
3197 0.866768 
3198 0.861232 
3199 0.860371 
3200 0.856262 
3201 0.853549 
3202 0.84191 
3203 0.835288 
3204 0.827401 
3205 0.818953 
3206 0.815565 
3207 0.812469 
3208 0.808599 
3209 0.801149 
3210 0.799529 
3211 0.792746 
3212 0.787238 
3213 0.784239 
3214 0.781344 
3215 0.778254 
3216 0.776513 
3217 0.774635 
3218 0.770409 
3219 0.7686 
3220 0.76263 
3221 0.755645 
3222 0.744065 
3223 0.739933 
3224 0.731793 
3225 0.72649 
3226 0.717228 
3227 0.710724 
3228 0.7057 
3229 0.695535 
3230 0.692205 
3231 0.684671 
3232 0.68113 
3233 0.676234 
3234 0.673014 
3235 0.663846 
3236 0.652417 
3237 0.645166 
3238 0.632798 
3239 0.624958 
3240 0.621347 
3241 0.611346 
3242 0.596017 
3243 0.589828 
3244 0.583829 
3245 0.576825 
3246 0.571427 
3247 0.565764 
3248 0.560615 
3249 0.55317 
3250 0.54975 
3251 0.540584 
3252 0.530034 
3253 0.525008 
3254 0.522625 
3255 0.515456 
3256 0.508618 
3257 0.500603 
3258 0.497436 
3259 0.493173 
3260 0.487324 
3261 0.48031 
3262 0.478714 
3263 0.474362 
3264 0.470358 
3265 0.467569 
3266 0.464163 
3267 0.460497 
3268 0.458407 
3269 0.455012 
3270 0.45191 
3271 0.449464 
3272 0.445649 
3273 0.444641 
3274 0.443674 
3275 0.442399 
3276 0.441619 
3277 0.440949 
3278 0.440154 
3279 0.439076 
3280 0.438313 
3281 0.437834 
3282 0.435144 
3283 0.432028 
3284 0.702136 
3285 0.998759 
3286 0.997377 
3287 0.996062 
3288 0.994455 
3289 0.991592 
3290 0.987542 
3291 0.981715 
3292 0.978314 
3293 0.970786 
3294 0.961237 
3295 0.957692 
3296 0.953826 
3297 0.943888 
3298 0.940461 
3299 0.936666 
3300 0.933446 
3301 0.92748 
3302 0.923416 
3303 0.916077 
3304 0.912069 
3305 0.910835 
3306 0.908872 
3307 0.905168 
3308 0.901413 
3309 0.898986 
3310 0.897173 
3311 0.891573 
3312 0.887559 
3313 0.886616 
3314 0.883706 
3315 0.878657 
3316 0.874624 
3317 0.872996 
3318 0.86944 
3319 0.866671 
3320 0.857666 
3321 0.851433 
3322 0.842889 
3323 0.835253 
3324 0.831701 
3325 0.827845 
3326 0.821078 
3327 0.813039 
3328 0.808467 
3329 0.806346 
3330 0.803594 
3331 0.80197 
3332 0.796709 
3333 0.794566 
3334 0.7898 
3335 0.788171 
3336 0.782833 
3337 0.780525 
3338 0.779233 
3339 0.776631 
3340 0.773386 
3341 0.769698 
3342 0.765402 
3343 0.757024 
3344 0.74838 
3345 0.747256 
3346 0.74162 
3347 0.735303 
3348 0.733692 
3349 0.729864 
3350 0.728215 
3351 0.722549 
3352 0.716582 
3353 0.713613 
3354 0.707461 
3355 0.702712 
3356 0.698435 
3357 0.695432 
3358 0.687964 
3359 0.683223 
3360 0.678065 
3361 0.67344 
3362 0.667435 
3363 0.660621 
3364 0.655547 
3365 0.651007 
3366 0.639876 
3367 0.632989 
3368 0.629631 
3369 0.625066 
3370 0.620069 
3371 0.616164 
3372 0.610735 
3373 0.604875 
3374 0.596737 
3375 0.59416 
3376 0.589639 
3377 0.583545 
3378 0.576692 
3379 0.571619 
3380 0.564609 
3381 0.562619 
3382 0.558453 
3383 0.553634 
3384 0.546693 
3385 0.542079 
3386 0.538046 
3387 0.534471 
3388 0.524827 
3389 0.519235 
3390 0.51287 
3391 0.509924 
3392 0.507286 
3393 0.501739 
3394 0.496411 
3395 0.490442 
3396 0.488315 
3397 0.482857 
3398 0.478845 
3399 0.475517 
3400 0.471207 
3401 0.467527 
3402 0.464413 
3403 0.462835 
3404 0.459986 
3405 0.455649 
3406 0.452372 
3407 0.449992 
3408 0.446753 
3409 0.443078 
3410 0.441602 
3411 0.439388 
3412 0.438261 
3413 0.437091 
3414 0.435957 
3415 0.434614 
3416 0.433735 
3417 0.432389 
3418 0.431441 
3419 0.430552 
3420 0.429774 
3421 0.429041 
3422 0.423052 
3423 0.494418 
3424 0.999364 
3425 0.999061 
3426 0.998757 
3427 0.998497 
3428 0.997006 
3429 0.996655 
3430 0.995134 
3431 0.994066 
3432 0.992863 
3433 0.9925 
3434 0.991762 
3435 0.990312 
3436 0.988536 
3437 0.984497 
3438 0.983073 
3439 0.976708 
3440 0.973261 
3441 0.968933 
3442 0.965962 
3443 0.961808 
3444 0.955463 
3445 0.948887 
3446 0.940843 
3447 0.928485 
3448 0.921224 
3449 0.914283 
3450 0.909264 
3451 0.906363 
3452 0.903828 
3453 0.898683 
3454 0.893551 
3455 0.888689 
3456 0.886051 
3457 0.88421 
3458 0.880693 
3459 0.875728 
3460 0.870178 
3461 0.863815 
3462 0.851312 
3463 0.842605 
3464 0.839008 
3465 0.836067 
3466 0.828361 
3467 0.815008 
3468 0.807262 
3469 0.80225 
3470 0.801147 
3471 0.796283 
3472 0.793236 
3473 0.790802 
3474 0.788575 
3475 0.786923 
3476 0.784318 
3477 0.779547 
3478 0.77696 
3479 0.773615 
3480 0.770938 
3481 0.767658 
3482 0.757467 
3483 0.75377 
3484 0.746693 
3485 0.743261 
3486 0.740263 
3487 0.737308 
3488 0.73292 
3489 0.730184 
3490 0.726918 
3491 0.723036 
3492 0.716935 
3493 0.710965 
3494 0.708229 
3495 0.703171 
3496 0.697646 
3497 0.69001 
3498 0.682804 
3499 0.67634 
3500 0.67324 
3501 0.66741 
3502 0.661054 
3503 0.654428 
3504 0.650144 
3505 0.643739 
3506 0.635205 
3507 0.632354 
3508 0.624963 
3509 0.621684 
3510 0.615652 
3511 0.608071 
3512 0.603007 
3513 0.59429 
3514 0.588664 
3515 0.584494 
3516 0.574446 
3517 0.569029 
3518 0.561282 
3519 0.558563 
3520 0.551299 
3521 0.549231 
3522 0.543631 
3523 0.536197 
3524 0.53319 
3525 0.525264 
3526 0.520234 
3527 0.514793 
3528 0.511673 
3529 0.508433 
3530 0.506385 
3531 0.503298 
3532 0.502816 
3533 0.50161 
3534 0.498094 
3535 0.495924 
3536 0.492898 
3537 0.489686 
3538 0.488333 
3539 0.485506 
3540 0.480668 
3541 0.475326 
3542 0.473224 
3543 0.468254 
3544 0.466139 
3545 0.46467 
3546 0.462634 
3547 0.460535 
3548 0.458402 
3549 0.456718 
3550 0.453431 
3551 0.451477 
3552 0.449315 
3553 0.446551 
3554 0.444112 
3555 0.441407 
3556 0.440307 
3557 0.439405 
3558 0.438061 
3559 0.43671 
3560 0.434902 
3561 0.433825 
3562 0.433179 
3563 0.432321 
3564 0.431297 
3565 0.430445 
3566 0.429826 
3567 0.429172 
3568 0.427996 
3569 0.424982 
3570 0.422952 
3571 0.415366 
3572 0.413385 
3573 0.442931 
3574 0.998166 
3575 0.898622 
3576 0.786946 
3577 0.734179 
3578 0.599096 
3579 0.495186 
3580 0.450675 
3581 0.41383 
3582 0.40995 
3583 0.41013 
3584 0.953585 
3585 0.917065 
3586 0.839236 
3587 0.77656 
3588 0.704358 
3589 0.638826 
3590 0.549814 
3591 0.495582 
3592 0.458266 
3593 0.431075 
3594 0.415563 
3595 0.413772 
3596 0.410132 
3597 0.408513 
3598 0.40592 
3599 0.405326 
3600 0.468254 
3601 0.766633 
3602 0.998409 
3603 0.997818 
3604 0.996382 
3605 0.994959 
3606 0.99355 
3607 0.992941 
3608 0.991504 
3609 0.990058 
3610 0.988613 
3611 0.988025 
3612 0.986559 
3613 0.985107 
3614 0.982186 
3615 0.981654 
3616 0.980148 
3617 0.979057 
3618 0.977585 
3619 0.976138 
3620 0.971124 
3621 0.968139 
3622 0.966637 
3623 0.965524 
3624 0.962099 
3625 0.960638 
3626 0.957648 
3627 0.955304 
3628 0.954368 
3629 0.953845 
3630 0.952781 
3631 0.952281 
3632 0.951593 
3633 0.95091 
3634 0.950024 
3635 0.948167 
3636 0.946628 
3637 0.944468 
3638 0.943627 
3639 0.943182 
3640 0.941632 
3641 0.941182 
3642 0.939683 
3643 0.937379 
3644 0.935933 
3645 0.933584 
3646 0.93078 
3647 0.922901 
3648 0.91173 
3649 0.904746 
3650 0.90172 
3651 0.898698 
3652 0.879191 
3653 0.857341 
3654 0.849544 
3655 0.826296 
3656 0.814528 
3657 0.812289 
3658 0.800238 
3659 0.791829 
3660 0.7815 
3661 0.772428 
3662 0.764532 
3663 0.760878 
3664 0.758664 
3665 0.751015 
3666 0.743327 
3667 0.730446 
3668 0.724545 
3669 0.720085 
3670 0.717192 
3671 0.708592 
3672 0.700745 
3673 0.691167 
3674 0.687248 
3675 0.678978 
3676 0.670457 
3677 0.663387 
3678 0.652788 
3679 0.640438 
3680 0.624953 
3681 0.613286 
3682 0.595398 
3683 0.590721 
3684 0.58125 
3685 0.571142 
3686 0.560083 
3687 0.546445 
3688 0.537024 
3689 0.527932 
3690 0.519286 
3691 0.512375 
3692 0.509495 
3693 0.506894 
3694 0.503198 
3695 0.498211 
3696 0.491021 
3697 0.488495 
3698 0.485951 
3699 0.481561 
3700 0.475459 
3701 0.470777 
3702 0.465373 
3703 0.461433 
3704 0.458904 
3705 0.456986 
3706 0.449355 
3707 0.444426 
3708 0.442067 
3709 0.432666 
3710 0.426624 
3711 0.422444 
3712 0.41825 
3713 0.411202 
3714 0.407009 
3715 0.402648 
3716 0.401563 
3717 0.401059 
3718 0.398451 
3719 0.397554 
3720 0.396837 
3721 0.596182 
3722 0.99959 
3723 0.946344 
3724 0.925584 
3725 0.899596 
3726 0.87127 
3727 0.812131 
3728 0.787952 
3729 0.761702 
3730 0.745181 
3731 0.721459 
3732 0.705382 
3733 0.676322 
3734 0.635662 
3735 0.593994 
3736 0.549124 
3737 0.532355 
3738 0.502617 
3739 0.486017 
3740 0.477717 
3741 0.467887 
3742 0.451348 
3743 0.440774 
3744 0.426784 
3745 0.408561 
3746 0.395978 
3747 0.393623 
3748 0.391044 
3749 0.389687 
3750 0.386294 
3751 0.429697 
3752 0.72164 
3753 0.999745 
3754 0.998366 
3755 0.996969 
3756 0.995562 
3757 0.994158 
3758 0.992749 
3759 0.991321 
3760 0.990736 
3761 0.987897 
3762 0.985044 
3763 0.983614 
3764 0.980749 
3765 0.979319 
3766 0.977882 
3767 0.976439 
3768 0.97499 
3769 0.973541 
3770 0.972962 
3771 0.972162 
3772 0.97161 
3773 0.971033 
3774 0.969909 
3775 0.969097 
3776 0.967854 
3777 0.962898 
3778 0.960245 
3779 0.957078 
3780 0.952778 
3781 0.950476 
3782 0.941326 
3783 0.938243 
3784 0.936685 
3785 0.934399 
3786 0.93282 
3787 0.932032 
3788 0.931236 
3789 0.930576 
3790 0.928604 
3791 0.925185 
3792 0.923466 
3793 0.922073 
3794 0.91747 
3795 0.909803 
3796 0.907229 
3797 0.90452 
3798 0.901514 
3799 0.892258 
3800 0.848675 
3801 0.828413 
3802 0.800864 
3803 0.769607 
3804 0.753661 
3805 0.746533 
3806 0.725937 
3807 0.717426 
3808 0.698092 
3809 0.686933 
3810 0.667455 
3811 0.638308 
3812 0.609033 
3813 0.588989 
3814 0.562273 
3815 0.542769 
3816 0.526635 
3817 0.518667 
3818 0.51001 
3819 0.496979 
3820 0.488397 
3821 0.482908 
3822 0.477914 
3823 0.473982 
3824 0.45994 
3825 0.455974 
3826 0.449095 
3827 0.436421 
3828 0.427857 
3829 0.418544 
3830 0.40821 
3831 0.398983 
3832 0.385271 
3833 0.382761 
3834 0.380314 
3835 0.379138 
3836 0.37849 
3837 0.400019 
3838 0.999306 
3839 0.998816 
3840 0.994384 
3841 0.926177 
3842 0.889631 
3843 0.84924 
3844 0.791058 
3845 0.754692 
3846 0.724647 
3847 0.705644 
3848 0.678252 
3849 0.646581 
3850 0.581226 
3851 0.540317 
3852 0.522874 
3853 0.499758 
3854 0.484595 
3855 0.469375 
3856 0.45669 
3857 0.441222 
3858 0.4261 
3859 0.405118 
3860 0.388303 
3861 0.380453 
3862 0.377974 
3863 0.376118 
3864 0.375096 
3865 0.372137 
3866 0.395471 
3867 0.998356 
3868 0.997997 
3869 0.996696 
3870 0.99539 
3871 0.994086 
3872 0.990602 
3873 0.986363 
3874 0.982157 
3875 0.969187 
3876 0.947306 
3877 0.934988 
3878 0.916839 
3879 0.907021 
3880 0.894258 
3881 0.886417 
3882 0.872733 
3883 0.858881 
3884 0.829686 
3885 0.809804 
3886 0.78977 
3887 0.768147 
3888 0.751692 
3889 0.738592 
3890 0.719815 
3891 0.708116 
3892 0.694423 
3893 0.679348 
3894 0.671844 
3895 0.661268 
3896 0.647496 
3897 0.627871 
3898 0.605683 
3899 0.58843 
3900 0.574786 
3901 0.555709 
3902 0.538724 
3903 0.526721 
3904 0.513376 
3905 0.504381 
3906 0.498255 
3907 0.488705 
3908 0.483885 
3909 0.480517 
3910 0.471008 
3911 0.46144 
3912 0.455943 
3913 0.443203 
3914 0.436856 
3915 0.43084 
3916 0.419422 
3917 0.410404 
3918 0.400515 
3919 0.393198 
3920 0.384563 
3921 0.3805 
3922 0.377955 
3923 0.375947 
3924 0.373704 
3925 0.371979 
3926 0.370785 
3927 0.369297 
3928 0.367248 
3929 0.365358 
3930 0.420687 
3931 0.99977 
3932 0.997389 
3933 0.993172 
3934 0.989194 
3935 0.918411 
3936 0.869399 
3937 0.776312 
3938 0.689215 
3939 0.636952 
3940 0.554892 
3941 0.50852 
3942 0.467635 
3943 0.429024 
3944 0.401314 
3945 0.37339 
3946 0.367237 
3947 0.358913 
3948 0.362375 
3949 0.99901 
3950 0.998595 
3951 0.998258 
3952 0.950098 
3953 0.790959 
3954 0.649927 
3955 0.490692 
3956 0.429065 
3957 0.367128 
3958 0.358659 
3959 0.353701 
3960 0.350311 
3961 0.346377 
3962 0.343688 
3963 0.337378 
3964 0.333121 
3965 0.329046 
3966 0.994508 
3967 0.992266 
3968 0.964225 
3969 0.91787 
3970 0.832361 
3971 0.767657 
3972 0.706232 
3973 0.620156 
3974 0.550199 
3975 0.489605 
3976 0.435348 
3977 0.383183 
3978 0.342848 
3979 0.332325 
3980 0.330191 
3981 0.326689 
3982 0.324615 
3983 0.322879 
3984 0.321878 
3985 0.318007 
3986 0.315161 
3987 0.31024 
3988 0.305408 
3989 0.295512 
3990 0.293543 
3991 0.702627 
3992 0.993932 
3993 0.998248 
3994 0.997315 
3995 0.996392 
3996 0.995424 
3997 0.994495 
3998 0.993477 
3999 0.992497 
4000 0.991558 
4001 0.990562 
4002 0.989565 
4003 0.988563 
4004 0.98759 
4005 0.98655 
4006 0.985516 
4007 0.984513 
4008 0.983501 
4009 0.982494 
4010 0.972566 
4011 0.970845 
4012 0.968214 
4013 0.965536 
4014 0.964047 
4015 0.961842 
4016 0.960958 
4017 0.957364 
4018 0.952716 
4019 0.947983 
4020 0.946806 
4021 0.94141 
4022 0.935656 
4023 0.929991 
4024 0.928767 
4025 0.911755 
4026 0.998488 
4027 0.997649 
4028 0.996135 
4029 0.994611 
4030 0.993084 
4031 0.992224 
4032 0.990693 
4033 0.989154 
4034 0.987621 
4035 0.986072 
4036 0.9852 
4037 0.983653 
4038 0.98274 
4039 0.981807 
4040 0.98091 
4041 0.98003 
4042 0.979113 
4043 0.978238 
4044 0.977348 
4045 0.976383 
4046 0.975448 
4047 0.974528 
4048 0.973421 
4049 0.972511 
4050 0.970911 
4051 0.969403 
4052 0.96791 
4053 0.966414 
4054 0.964916 
4055 0.963376 
4056 0.961873 
4057 0.960303 
4058 0.958718 
4059 0.954121 
4060 0.951411 
4061 0.949225 
4062 0.947303 
4063 0.945709 
4064 0.942484 
4065 0.940873 
4066 0.93926 
4067 0.938638 
4068 0.936887 
4069 0.935224 
4070 0.934457 
4071 0.933017 
4072 0.932029 
4073 0.930495 
4074 0.930087 
4075 0.929219 
4076 0.928321 
4077 0.92743 
4078 0.92655 
4079 0.925649 
4080 0.925096 
4081 0.923635 
4082 0.921935 
4083 0.920839 
4084 0.920139 
4085 0.919536 
4086 0.91885 
4087 0.917924 
4088 0.91701 
4089 0.916054 
4090 0.914416 
4091 0.907779 
4092 0.90149 
4093 0.889349 
4094 0.873843 
4095 0.868605 
4096 0.861436 
4097 0.84483 
4098 0.835138 
4099 0.815414 
4100 0.790506 
4101 0.779069 
4102 0.769949 
4103 0.766797 
4104 0.761499 
4105 0.75919 
4106 0.753203 
4107 0.747203 
4108 0.738881 
4109 0.729932 
4110 0.724964 
4111 0.715317 
4112 0.706504 
4113 0.698048 
4114 0.692188 
4115 0.688792 
4116 0.682498 
4117 0.675735 
4118 0.66535 
4119 0.662474 
4120 0.659408 
4121 0.652099 
4122 0.634999 
4123 0.630793 
4124 0.627616 
4125 0.618278 
4126 0.611528 
4127 0.5917 
4128 0.572667 
4129 0.560514 
4130 0.558339 
4131 0.554405 
4132 0.551724 
4133 0.546454 
4134 0.544015 
4135 0.540726 
4136 0.538922 
4137 0.530342 
4138 0.522906 
4139 0.520075 
4140 0.518312 
4141 0.51711 
4142 0.506959 
4143 0.50159 
4144 0.497824 
4145 0.486916 
4146 0.479979 
4147 0.467231 
4148 0.463952 
4149 0.456689 
4150 0.442112 
4151 0.428287 
4152 0.420957 
4153 0.418683 
4154 0.413793 
4155 0.408367 
4156 0.39365 
4157 0.384465 
4158 0.375681 
4159 0.370918 
4160 0.361956 
4161 0.353806 
4162 0.346766 
4163 0.343653 
4164 0.315516 
4165 0.283072 
4166 0.277747 
4167 0.27593 
4168 0.505337 
4169 0.998398 
4170 0.997699 
4171 0.997038 
4172 0.99638 
4173 0.995721 
4174 0.994588 
4175 0.993433 
4176 0.992299 
4177 0.991154 
4178 0.990433 
4179 0.989231 
4180 0.988084 
4181 0.984912 
4182 0.982876 
4183 0.98131 
4184 0.978894 
4185 0.976993 
4186 0.975751 
4187 0.973621 
4188 0.971702 
4189 0.968979 
4190 0.965156 
4191 0.963159 
4192 0.96072 
4193 0.957005 
4194 0.955081 
4195 0.951633 
4196 0.949928 
4197 0.949185 
4198 0.947662 
4199 0.946031 
4200 0.94432 
4201 0.940748 
4202 0.938496 
4203 0.934779 
4204 0.933031 
4205 0.931336 
4206 0.930718 
4207 0.929696 
4208 0.928212 
4209 0.927183 
4210 0.925644 
4211 0.924843 
4212 0.923938 
4213 0.922657 
4214 0.921183 
4215 0.919488 
4216 0.918518 
4217 0.917771 
4218 0.915533 
4219 0.910497 
4220 0.907574 
4221 0.904082 
4222 0.901965 
4223 0.899982 
4224 0.896817 
4225 0.892415 
4226 0.889287 
4227 0.88734 
4228 0.884334 
4229 0.883291 
4230 0.881268 
4231 0.878709 
4232 0.875972 
4233 0.872925 
4234 0.870104 
4235 0.867551 
4236 0.860006 
4237 0.857181 
4238 0.851212 
4239 0.850263 
4240 0.848378 
4241 0.844329 
4242 0.84243 
4243 0.840464 
4244 0.839416 
4245 0.837298 
4246 0.835033 
4247 0.826913 
4248 0.82488 
4249 0.821412 
4250 0.81378 
4251 0.811054 
4252 0.806446 
4253 0.803686 
4254 0.800148 
4255 0.797784 
4256 0.795871 
4257 0.788362 
4258 0.780084 
4259 0.776273 
4260 0.766516 
4261 0.760024 
4262 0.750207 
4263 0.748022 
4264 0.746021 
4265 0.744456 
4266 0.739457 
4267 0.736371 
4268 0.729448 
4269 0.720208 
4270 0.710073 
4271 0.705553 
4272 0.697446 
4273 0.687376 
4274 0.678556 
4275 0.659026 
4276 0.651452 
4277 0.645589 
4278 0.639164 
4279 0.636483 
4280 0.633886 
4281 0.632317 
4282 0.626884 
4283 0.625284 
4284 0.621973 
4285 0.619797 
4286 0.618043 
4287 0.616641 
4288 0.614368 
4289 0.611592 
4290 0.610131 
4291 0.606082 
4292 0.599115 
4293 0.597299 
4294 0.593189 
4295 0.587619 
4296 0.584026 
4297 0.580473 
4298 0.577144 
4299 0.568743 
4300 0.56631 
4301 0.561534 
4302 0.555648 
4303 0.547673 
4304 0.543527 
4305 0.536785 
4306 0.532286 
4307 0.529485 
4308 0.522883 
4309 0.521123 
4310 0.516956 
4311 0.515411 
4312 0.513379 
4313 0.508898 
4314 0.506969 
4315 0.503714 
4316 0.501989 
4317 0.500745 
4318 0.499154 
4319 0.497133 
4320 0.495949 
4321 0.494799 
4322 0.492246 
4323 0.48968 
4324 0.487726 
4325 0.48627 
4326 0.482826 
4327 0.481925 
4328 0.480986 
4329 0.479452 
4330 0.477101 
4331 0.475901 
4332 0.47418 
4333 0.472333 
4334 0.471523 
4335 0.470059 
4336 0.468762 
4337 0.468187 
4338 0.467189 
4339 0.465883 
4340 0.463868 
4341 0.462472 
4342 0.460317 
4343 0.45864 
4344 0.454139 
4345 0.450815 
4346 0.449146 
4347 0.447399 
4348 0.442383 
4349 0.436698 
4350 0.435081 
4351 0.432015 
4352 0.428409 
4353 0.425881 
4354 0.419787 
4355 0.414844 
4356 0.408725 
4357 0.400378 
4358 0.394476 
4359 0.385855 
4360 0.374832 
4361 0.371245 
4362 0.366618 
4363 0.362471 
4364 0.358975 
4365 0.354313 
4366 0.34807 
4367 0.343878 
4368 0.341073 
4369 0.33785 
4370 0.334827 
4371 0.332907 
4372 0.331198 
4373 0.33011 
4374 0.328188 
4375 0.32687 
4376 0.325016 
4377 0.324286 
4378 0.321961 
4379 0.320918 
4380 0.31948 
4381 0.31734 
4382 0.316202 
4383 0.314411 
4384 0.313166 
4385 0.311783 
4386 0.310371 
4387 0.307268 
4388 0.299696 
4389 0.276451 
4390 0.998072 
4391 0.992835 
4392 0.96226 
4393 0.932037 
4394 0.921393 
4395 0.901982 
4396 0.886422 
4397 0.82069 
4398 0.771938 
4399 0.737334 
4400 0.705564 
4401 0.628345 
4402 0.599834 
4403 0.548723 
4404 0.518215 
4405 0.494273 
4406 0.480674 
4407 0.464288 
4408 0.431371 
4409 0.38929 
4410 0.333948 
4411 0.298177 
4412 0.286833 
4413 0.277975 
4414 0.271473 
4415 0.267345 
4416 0.264326 
4417 0.262636 
4418 0.324995 
4419 0.999044 
4420 0.997674 
4421 0.992235 
4422 0.973972 
4423 0.965069 
4424 0.920309 
4425 0.914201 
4426 0.898307 
4427 0.882096 
4428 0.834718 
4429 0.81078 
4430 0.788549 
4431 0.753217 
4432 0.742842 
4433 0.703446 
4434 0.663838 
4435 0.646781 
4436 0.626694 
4437 0.597071 
4438 0.57558 
4439 0.562125 
4440 0.540807 
4441 0.515402 
4442 0.501044 
4443 0.491589 
4444 0.472044 
4445 0.459509 
4446 0.43763 
4447 0.405063 
4448 0.3806 
4449 0.352782 
4450 0.325475 
4451 0.303137 
4452 0.287268 
4453 0.28344 
4454 0.275766 
4455 0.269137 
4456 0.262418 
4457 0.273469 
4458 0.262839 
4459 0.283284 
4460 0.257891 
4461 0.299316 
4462 0.262852 
4463 0.284292 
4464 0.998862 
4465 0.997718 
4466 0.996581 
4467 0.99543 
4468 0.992648 
4469 0.991498 
4470 0.987738 
4471 0.984256 
4472 0.980365 
4473 0.973785 
4474 0.970708 
4475 0.965844 
4476 0.961657 
4477 0.953848 
4478 0.947199 
4479 0.940945 
4480 0.935368 
4481 0.93037 
4482 0.924993 
4483 0.918221 
4484 0.913205 
4485 0.907512 
4486 0.901416 
4487 0.893045 
4488 0.889668 
4489 0.87798 
4490 0.857689 
4491 0.843374 
4492 0.830568 
4493 0.820724 
4494 0.812276 
4495 0.803561 
4496 0.798487 
4497 0.796014 
4498 0.789363 
4499 0.778506 
4500 0.769978 
4501 0.762195 
4502 0.755603 
4503 0.750771 
4504 0.737393 
4505 0.721399 
4506 0.710975 
4507 0.701635 
4508 0.682978 
4509 0.671683 
4510 0.646291 
4511 0.623033 
4512 0.60959 
4513 0.586702 
4514 0.569266 
4515 0.545674 
4516 0.518004 
4517 0.509414 
4518 0.496096 
4519 0.490344 
4520 0.483239 
4521 0.476856 
4522 0.469649 
4523 0.462868 
4524 0.455636 
4525 0.447516 
4526 0.439887 
4527 0.426499 
4528 0.420468 
4529 0.411503 
4530 0.400874 
4531 0.390687 
4532 0.382679 
4533 0.368388 
4534 0.361164 
4535 0.349204 
4536 0.339374 
4537 0.328611 
4538 0.314587 
4539 0.304007 
4540 0.29242 
4541 0.284123 
4542 0.277723 
4543 0.27387 
4544 0.27217 
4545 0.269446 
4546 0.267715 
4547 0.265869 
4548 0.263931 
4549 0.262869 
4550 0.261079 
4551 0.259073 
4552 0.282595 
4553 0.258479 
4554 0.273892 
4555 0.255779 
4556 0.278292 
4557 0.869766 
4558 0.754441 
4559 0.623793 
4560 0.470617 
4561 0.365449 
4562 0.261351 
4563 0.260176 
4564 0.259136 
4565 0.255876 
4566 0.259528 
4567 0.254649 
4568 0.997802 
4569 0.996893 
4570 0.995104 
4571 0.994298 
4572 0.993741 
4573 0.992711 
4574 0.991498 
4575 0.98925 
4576 0.98764 
4577 0.986402 
4578 0.985959 
4579 0.984712 
4580 0.984259 
4581 0.983011 
4582 0.981574 
4583 0.981001 
4584 0.97869 
4585 0.97744 
4586 0.976997 
4587 0.975977 
4588 0.974063 
4589 0.972857 
4590 0.971275 
4591 0.970883 
4592 0.969061 
4593 0.967018 
4594 0.9657 
4595 0.964988 
4596 0.964083 
4597 0.963162 
4598 0.962119 
4599 0.961564 
4600 0.961004 
4601 0.958862 
4602 0.956593 
4603 0.954783 
4604 0.953496 
4605 0.946433 
4606 0.939037 
4607 0.937029 
4608 0.934847 
4609 0.927758 
4610 0.918262 
4611 0.910338 
4612 0.904525 
4613 0.896044 
4614 0.887611 
4615 0.873506 
4616 0.866698 
4617 0.862426 
4618 0.856676 
4619 0.846836 
4620 0.836342 
4621 0.833562 
4622 0.823984 
4623 0.813123 
4624 0.807211 
4625 0.800216 
4626 0.793304 
4627 0.786702 
4628 0.770056 
4629 0.760077 
4630 0.752963 
4631 0.746436 
4632 0.738466 
4633 0.731417 
4634 0.724815 
4635 0.720262 
4636 0.716565 
4637 0.708693 
4638 0.697538 
4639 0.691098 
4640 0.679734 
4641 0.670013 
4642 0.663852 
4643 0.660146 
4644 0.650692 
4645 0.634653 
4646 0.625794 
4647 0.610384 
4648 0.598918 
4649 0.591245 
4650 0.583509 
4651 0.574041 
4652 0.569545 
4653 0.563865 
4654 0.551509 
4655 0.548093 
4656 0.541785 
4657 0.536187 
4658 0.531845 
4659 0.526196 
4660 0.518806 
4661 0.516035 
4662 0.506878 
4663 0.501417 
4664 0.495563 
4665 0.491817 
4666 0.485989 
4667 0.47902 
4668 0.466072 
4669 0.455183 
4670 0.446881 
4671 0.436615 
4672 0.423748 
4673 0.410186 
4674 0.403868 
4675 0.393798 
4676 0.384566 
4677 0.377583 
4678 0.3714 
4679 0.366101 
4680 0.362388 
4681 0.355579 
4682 0.351732 
4683 0.349495 
4684 0.344623 
4685 0.340195 
4686 0.336208 
4687 0.329248 
4688 0.32671 
4689 0.321358 
4690 0.313111 
4691 0.303587 
4692 0.296676 
4693 0.286859 
4694 0.282671 
4695 0.278983 
4696 0.273712 
4697 0.271443 
4698 0.269235 
4699 0.267514 
4700 0.265043 
4701 0.261627 
4702 0.259534 
4703 0.257731 
4704 0.256549 
4705 0.256176 
4706 0.255778 
4707 0.255541 
4708 0.255201 
4709 0.30604 
4710 0.999718 
4711 0.951785 
4712 0.894081 
4713 0.835913 
4714 0.730791 
4715 0.689811 
4716 0.638087 
4717 0.545082 
4718 0.512251 
4719 0.474414 
4720 0.464305 
4721 0.425026 
4722 0.366211 
4723 0.293567 
4724 0.271264 
4725 0.264731 
4726 0.259505 
4727 0.256291 
4728 0.254872 
4729 0.254459 
4730 0.653844 
4731 0.997206 
4732 0.995792 
4733 0.995179 
4734 0.99234 
4735 0.990921 
4736 0.98947 
4737 0.988247 
4738 0.986251 
4739 0.985596 
4740 0.983531 
4741 0.98213 
4742 0.98153 
4743 0.980949 
4744 0.980259 
4745 0.979663 
4746 0.979163 
4747 0.97771 
4748 0.976348 
4749 0.974951 
4750 0.973592 
4751 0.972865 
4752 0.972066 
4753 0.969307 
4754 0.968541 
4755 0.967168 
4756 0.965046 
4757 0.964246 
4758 0.963611 
4759 0.962208 
4760 0.96174 
4761 0.960203 
4762 0.958803 
4763 0.957396 
4764 0.956817 
4765 0.954259 
4766 0.952783 
4767 0.950793 
4768 0.949347 
4769 0.947866 
4770 0.94604 
4771 0.94339 
4772 0.941658 
4773 0.940948 
4774 0.938372 
4775 0.937017 
4776 0.935366 
4777 0.934315 
4778 0.932927 
4779 0.930587 
4780 0.929644 
4781 0.927807 
4782 0.923098 
4783 0.920517 
4784 0.917744 
4785 0.9167 
4786 0.915994 
4787 0.915199 
4788 0.913025 
4789 0.908528 
4790 0.905328 
4791 0.902946 
4792 0.900337 
4793 0.892063 
4794 0.885556 
4795 0.877388 
4796 0.867678 
4797 0.859571 
4798 0.851614 
4799 0.834729 
4800 0.826229 
4801 0.821473 
4802 0.812023 
4803 0.808664 
4804 0.803437 
4805 0.800738 
4806 0.795787 
4807 0.788599 
4808 0.783407 
4809 0.773635 
4810 0.765817 
4811 0.757247 
4812 0.74811 
4813 0.742294 
4814 0.739507 
4815 0.734342 
4816 0.727465 
4817 0.722112 
4818 0.718754 
4819 0.714148 
4820 0.711484 
4821 0.709581 
4822 0.706063 
4823 0.698876 
4824 0.696205 
4825 0.694472 
4826 0.69073 
4827 0.686951 
4828 0.682358 
4829 0.679531 
4830 0.673329 
4831 0.669197 
4832 0.662967 
4833 0.65459 
4834 0.649598 
4835 0.644769 
4836 0.641912 
4837 0.63835 
4838 0.636665 
4839 0.632183 
4840 0.627733 
4841 0.621848 
4842 0.615017 
4843 0.610442 
4844 0.60659 
4845 0.603429 
4846 0.598715 
4847 0.591519 
4848 0.583899 
4849 0.575637 
4850 0.570339 
4851 0.556018 
4852 0.553479 
4853 0.55084 
4854 0.547287 
4855 0.544477 
4856 0.541333 
4857 0.539015 
4858 0.535687 
4859 0.531333 
4860 0.529624 
4861 0.523215 
4862 0.521198 
4863 0.517474 
4864 0.515193 
4865 0.513891 
4866 0.508859 
4867 0.505994 
4868 0.502112 
4869 0.500121 
4870 0.494155 
4871 0.491008 
4872 0.489767 
4873 0.48836 
4874 0.486904 
4875 0.484602 
4876 0.48346 
4877 0.478976 
4878 0.475482 
4879 0.470539 
4880 0.465746 
4881 0.461014 
4882 0.455115 
4883 0.449073 
4884 0.444281 
4885 0.440194 
4886 0.437366 
4887 0.435 
4888 0.432293 
4889 0.428821 
4890 0.424503 
4891 0.420673 
4892 0.416838 
4893 0.41252 
4894 0.409065 
4895 0.406079 
4896 0.40414 
4897 0.402987 
4898 0.401376 
4899 0.400399 
4900 0.398779 
4901 0.397252 
4902 0.394494 
4903 0.391281 
4904 0.387093 
4905 0.383174 
4906 0.378459 
4907 0.375683 
4908 0.374434 
4909 0.369822 
4910 0.358272 
4911 0.35263 
4912 0.350749 
4913 0.347549 
4914 0.344227 
4915 0.339896 
4916 0.337914 
4917 0.335583 
4918 0.327156 
4919 0.324081 
4920 0.322126 
4921 0.320368 
4922 0.314035 
4923 0.30348 
4924 0.295012 
4925 0.290422 
4926 0.282164 
4927 0.268321 
4928 0.266149 
4929 0.258215 
4930 0.256599 
4931 0.255758 
4932 0.253266 
4933 0.25227 
4934 0.251301 
4935 0.248258 
4936 0.246371 
4937 0.245531 
4938 0.245188 
4939 0.826333 
4940 0.999177 
4941 0.999124 
4942 0.997822 
4943 0.997062 
4944 0.995282 
4945 0.993661 
4946 0.99237 
4947 0.991134 
4948 0.989927 
4949 0.986629 
4950 0.984801 
4951 0.981315 
4952 0.979223 
4953 0.976956 
4954 0.973892 
4955 0.96828 
4956 0.966054 
4957 0.964519 
4958 0.962465 
4959 0.958924 
4960 0.957935 
4961 0.956017 
4962 0.955049 
4963 0.953003 
4964 0.948443 
4965 0.943201 
4966 0.934107 
4967 0.929554 
4968 0.923635 
4969 0.91943 
4970 0.917676 
4971 0.913773 
4972 0.910454 
4973 0.907179 
4974 0.904467 
4975 0.8985 
4976 0.892347 
4977 0.888405 
4978 0.882373 
4979 0.879456 
4980 0.875384 
4981 0.871327 
4982 0.867056 
4983 0.859358 
4984 0.855855 
4985 0.853388 
4986 0.850266 
4987 0.846815 
4988 0.840293 
4989 0.832205 
4990 0.82312 
4991 0.820182 
4992 0.817398 
4993 0.812636 
4994 0.80856 
4995 0.803718 
4996 0.799543 
4997 0.794444 
4998 0.790742 
4999 0.787163 
5000 0.785124 
5001 0.782237 
5002 0.778981 
5003 0.775934 
5004 0.773667 
5005 0.770754 
5006 0.765697 
5007 0.763108 
5008 0.761662 
5009 0.758631 
5010 0.756124 
5011 0.752065 
5012 0.749452 
5013 0.746059 
5014 0.743976 
5015 0.741341 
5016 0.734838 
5017 0.731007 
5018 0.722408 
5019 0.718536 
5020 0.701598 
5021 0.697279 
5022 0.684888 
5023 0.678305 
5024 0.667982 
5025 0.662774 
5026 0.648074 
5027 0.638836 
5028 0.625068 
5029 0.61511 
5030 0.608653 
5031 0.603117 
5032 0.598006 
5033 0.588398 
5034 0.581092 
5035 0.575462 
5036 0.571624 
5037 0.565359 
5038 0.55176 
5039 0.545251 
5040 0.536096 
5041 0.528099 
5042 0.522747 
5043 0.511892 
5044 0.509125 
5045 0.506656 
5046 0.504169 
5047 0.49847 
5048 0.491424 
5049 0.484156 
5050 0.47452 
5051 0.469362 
5052 0.460353 
5053 0.451248 
5054 0.443213 
5055 0.435005 
5056 0.426548 
5057 0.422654 
5058 0.417682 
5059 0.414277 
5060 0.409877 
5061 0.407754 
5062 0.405289 
5063 0.402788 
5064 0.39743 
5065 0.394752 
5066 0.392918 
5067 0.391144 
5068 0.389731 
5069 0.384941 
5070 0.38109 
5071 0.37855 
5072 0.375892 
5073 0.374026 
5074 0.367881 
5075 0.364424 
5076 0.357212 
5077 0.349742 
5078 0.345708 
5079 0.341441 
5080 0.340344 
5081 0.332861 
5082 0.321802 
5083 0.310416 
5084 0.295961 
5085 0.280176 
5086 0.26624 
5087 0.256748 
5088 0.249484 
5089 0.246938 
5090 0.24461 
5091 0.234327 
5092 0.232002 
5093 0.247014 
5094 0.242105 
5095 0.237436 
5096 0.232993 
5097 0.229186 
5098 0.234885 
5099 0.995452 
5100 0.986292 
5101 0.981583 
5102 0.97171 
5103 0.956065 
5104 0.936991 
5105 0.926345 
5106 0.908907 
5107 0.892623 
5108 0.826556 
5109 0.790226 
5110 0.741532 
5111 0.700802 
5112 0.660365 
5113 0.631799 
5114 0.613557 
5115 0.588288 
5116 0.560095 
5117 0.526022 
5118 0.510443 
5119 0.492396 
5120 0.476241 
5121 0.458861 
5122 0.434958 
5123 0.414649 
5124 0.397431 
5125 0.373566 
5126 0.352201 
5127 0.32312 
5128 0.288236 
5129 0.259675 
5130 0.24512 
5131 0.236675 
5132 0.23347 
5133 0.231294 
5134 0.229758 
5135 0.228732 
5136 0.234878 
5137 0.230439 
5138 0.226949 
5139 0.289304 
5140 0.999969 
5141 0.99858 
5142 0.994422 
5143 0.990131 
5144 0.988609 
5145 0.987097 
5146 0.985684 
5147 0.980719 
5148 0.975618 
5149 0.973479 
5150 0.968224 
5151 0.964632 
5152 0.96148 
5153 0.957615 
5154 0.955307 
5155 0.95412 
5156 0.952157 
5157 0.937362 
5158 0.929027 
5159 0.925137 
5160 0.917564 
5161 0.898809 
5162 0.88056 
5163 0.853617 
5164 0.832385 
5165 0.823414 
5166 0.809731 
5167 0.771199 
5168 0.748462 
5169 0.742689 
5170 0.733405 
5171 0.718426 
5172 0.711696 
5173 0.699551 
5174 0.680721 
5175 0.668166 
5176 0.655621 
5177 0.636675 
5178 0.620404 
5179 0.611353 
5180 0.603147 
5181 0.590523 
5182 0.579822 
5183 0.571496 
5184 0.561527 
5185 0.554275 
5186 0.534013 
5187 0.521153 
5188 0.510212 
5189 0.497015 
5190 0.490476 
5191 0.478297 
5192 0.470115 
5193 0.463766 
5194 0.460903 
5195 0.45751 
5196 0.448497 
5197 0.434868 
5198 0.422873 
5199 0.416292 
5200 0.412497 
5201 0.405406 
5202 0.394682 
5203 0.377439 
5204 0.363584 
5205 0.351742 
5206 0.341129 
5207 0.326802 
5208 0.317856 
5209 0.300402 
5210 0.290997 
5211 0.281179 
5212 0.268715 
5213 0.256671 
5214 0.251149 
5215 0.247772 
5216 0.24425 
5217 0.242424 
5218 0.240516 
5219 0.238939 
5220 0.236544 
5221 0.233804 
5222 0.230733 
5223 0.225425 
5224 0.22479 
5225 0.224488 
5226 0.727531 
5227 0.998195 
5228 0.997301 
5229 0.996378 
5230 0.995148 
5231 0.994002 
5232 0.992843 
5233 0.991793 
5234 0.989596 
5235 0.988327 
5236 0.987202 
5237 0.985886 
5238 0.984619 
5239 0.984142 
5240 0.982786 
5241 0.981956 
5242 0.980585 
5243 0.979257 
5244 0.968814 
5245 0.965516 
5246 0.962164 
5247 0.951358 
5248 0.931233 
5249 0.892434 
5250 0.854625 
5251 0.824985 
5252 0.790493 
5253 0.694377 
5254 0.637847 
5255 0.628861 
5256 0.599229 
5257 0.593981 
5258 0.570024 
5259 0.540261 
5260 0.513985 
5261 0.504871 
5262 0.478465 
5263 0.455528 
5264 0.445764 
5265 0.42258 
5266 0.392568 
5267 0.349963 
5268 0.32143 
5269 0.29662 
5270 0.274459 
5271 0.252294 
5272 0.220597 
5273 0.29564 
5274 0.998941 
5275 0.998925 
5276 0.996858 
5277 0.995925 
5278 0.99502 
5279 0.99291 
5280 0.990804 
5281 0.9898 
5282 0.988749 
5283 0.986493 
5284 0.985732 
5285 0.98345 
5286 0.982048 
5287 0.981289 
5288 0.980299 
5289 0.978982 
5290 0.976381 
5291 0.975513 
5292 0.974665 
5293 0.973469 
5294 0.970865 
5295 0.969701 
5296 0.968413 
5297 0.967048 
5298 0.964708 
5299 0.963358 
5300 0.96254 
5301 0.961739 
5302 0.960827 
5303 0.9585 
5304 0.956945 
5305 0.955408 
5306 0.953941 
5307 0.952444 
5308 0.951014 
5309 0.949528 
5310 0.946845 
5311 0.94543 
5312 0.944862 
5313 0.943191 
5314 0.941765 
5315 0.940283 
5316 0.938714 
5317 0.936737 
5318 0.935856 
5319 0.933127 
5320 0.930325 
5321 0.928901 
5322 0.926177 
5323 0.923741 
5324 0.923315 
5325 0.92241 
5326 0.9209 
5327 0.919481 
5328 0.91908 
5329 0.916313 
5330 0.914657 
5331 0.91238 
5332 0.909815 
5333 0.90939 
5334 0.907315 
5335 0.905561 
5336 0.903624 
5337 0.90138 
5338 0.89946 
5339 0.898227 
5340 0.896675 
5341 0.895906 
5342 0.892932 
5343 0.89236 
5344 0.891338 
5345 0.890175 
5346 0.886318 
5347 0.884842 
5348 0.884038 
5349 0.882478 
5350 0.880973 
5351 0.88017 
5352 0.876923 
5353 0.875743 
5354 0.874294 
5355 0.871605 
5356 0.870372 
5357 0.867407 
5358 0.865924 
5359 0.865345 
5360 0.862253 
5361 0.861051 
5362 0.859352 
5363 0.85875 
5364 0.857193 
5365 0.855499 
5366 0.854001 
5367 0.852804 
5368 0.852344 
5369 0.851923 
5370 0.851433 
5371 0.850713 
5372 0.849143 
5373 0.844762 
5374 0.843925 
5375 0.840473 
5376 0.83949 
5377 0.836136 
5378 0.832 
5379 0.83044 
5380 0.82761 
5381 0.826952 
5382 0.825394 
5383 0.823923 
5384 0.823467 
5385 0.818805 
5386 0.816811 
5387 0.815951 
5388 0.814052 
5389 0.81248 
5390 0.810631 
5391 0.808871 
5392 0.806551 
5393 0.805218 
5394 0.801909 
5395 0.798611 
5396 0.79652 
5397 0.793759 
5398 0.792891 
5399 0.790912 
5400 0.79045 
5401 0.78753 
5402 0.785243 
5403 0.783317 
5404 0.780604 
5405 0.778351 
5406 0.774041 
5407 0.77168 
5408 0.77037 
5409 0.768242 
5410 0.765061 
5411 0.761179 
5412 0.759663 
5413 0.75802 
5414 0.753493 
5415 0.752039 
5416 0.748352 
5417 0.743587 
5418 0.741787 
5419 0.738306 
5420 0.735008 
5421 0.733149 
5422 0.731628 
5423 0.730504 
5424 0.725953 
5425 0.723586 
5426 0.7194 
5427 0.717458 
5428 0.716133 
5429 0.710391 
5430 0.706018 
5431 0.701936 
5432 0.69958 
5433 0.695149 
5434 0.690788 
5435 0.687817 
5436 0.684028 
5437 0.680242 
5438 0.677677 
5439 0.671955 
5440 0.669284 
5441 0.666484 
5442 0.663457 
5443 0.659514 
5444 0.651499 
5445 0.648107 
5446 0.646118 
5447 0.642821 
5448 0.638326 
5449 0.631674 
5450 0.623712 
5451 0.620794 
5452 0.617516 
5453 0.614236 
5454 0.612051 
5455 0.609749 
5456 0.605063 
5457 0.603171 
5458 0.59824 
5459 0.595614 
5460 0.594673 
5461 0.591851 
5462 0.589799 
5463 0.586561 
5464 0.584856 
5465 0.582007 
5466 0.579232 
5467 0.57713 
5468 0.574081 
5469 0.572926 
5470 0.570956 
5471 0.568961 
5472 0.563867 
5473 0.561182 
5474 0.55911 
5475 0.555866 
5476 0.554937 
5477 0.552755 
5478 0.551296 
5479 0.549347 
5480 0.545992 
5481 0.544348 
5482 0.540604 
5483 0.53996 
5484 0.535597 
5485 0.531403 
5486 0.530543 
5487 0.527342 
5488 0.52644 
5489 0.524128 
5490 0.522306 
5491 0.519715 
5492 0.518517 
5493 0.516851 
5494 0.513979 
5495 0.511618 
5496 0.510431 
5497 0.506201 
5498 0.503096 
5499 0.500505 
5500 0.498264 
5501 0.497248 
5502 0.495783 
5503 0.494001 
5504 0.491246 
5505 0.489744 
5506 0.489257 
5507 0.487805 
5508 0.485146 
5509 0.48079 
5510 0.479309 
5511 0.476294 
5512 0.474043 
5513 0.471373 
5514 0.470456 
5515 0.468969 
5516 0.467545 
5517 0.464973 
5518 0.460488 
5519 0.458405 
5520 0.456399 
5521 0.455472 
5522 0.455003 
5523 0.453326 
5524 0.452333 
5525 0.451295 
5526 0.449471 
5527 0.447828 
5528 0.446943 
5529 0.445077 
5530 0.444175 
5531 0.443281 
5532 0.441832 
5533 0.44079 
5534 0.438972 
5535 0.4379 
5536 0.436406 
5537 0.435164 
5538 0.433568 
5539 0.431823 
5540 0.431135 
5541 0.429917 
5542 0.428348 
5543 0.427434 
5544 0.425799 
5545 0.424575 
5546 0.423427 
5547 0.420289 
5548 0.417971 
5549 0.416709 
5550 0.414176 
5551 0.412469 
5552 0.411466 
5553 0.409615 
5554 0.407518 
5555 0.406357 
5556 0.404718 
5557 0.403461 
5558 0.401887 
5559 0.400709 
5560 0.398725 
5561 0.397681 
5562 0.396805 
5563 0.394653 
5564 0.392932 
5565 0.391692 
5566 0.389096 
5567 0.385169 
5568 0.38354 
5569 0.382808 
5570 0.380661 
5571 0.376152 
5572 0.373689 
5573 0.370889 
5574 0.368981 
5575 0.368071 
5576 0.365702 
5577 0.363793 
5578 0.361385 
5579 0.360576 
5580 0.356799 
5581 0.35521 
5582 0.353873 
5583 0.352717 
5584 0.347746 
5585 0.345272 
5586 0.341857 
5587 0.337981 
5588 0.336813 
5589 0.333506 
5590 0.328315 
5591 0.325885 
5592 0.32383 
5593 0.321669 
5594 0.318711 
5595 0.316061 
5596 0.314181 
5597 0.311103 
5598 0.308061 
5599 0.306375 
5600 0.305186 
5601 0.30152 
5602 0.299127 
5603 0.297608 
5604 0.293905 
5605 0.292079 
5606 0.289785 
5607 0.286741 
5608 0.284584 
5609 0.281182 
5610 0.279137 
5611 0.277461 
5612 0.275874 
5613 0.275112 
5614 0.27421 
5615 0.273513 
5616 0.270629 
5617 0.269178 
5618 0.268481 
5619 0.265855 
5620 0.262716 
5621 0.261496 
5622 0.260428 
5623 0.258065 
5624 0.256631 
5625 0.254647 
5626 0.25359 
5627 0.252644 
5628 0.250846 
5629 0.249657 
5630 0.248698 
5631 0.24802 
5632 0.246646 
5633 0.245216 
5634 0.244291 
5635 0.24371 
5636 0.243044 
5637 0.242027 
5638 0.240804 
5639 0.240032 
5640 0.238833 
5641 0.237691 
5642 0.237016 
5643 0.236023 
5644 0.235123 
5645 0.234503 
5646 0.233698 
5647 0.232502 
5648 0.231627 
5649 0.230953 
5650 0.226634 
5651 0.220936 
5652 0.208944 
5653 0.207541 
5654 0.421407 
5655 0.985916 
5656 0.926215 
5657 0.752156 
5658 0.607846 
5659 0.481676 
5660 0.413126 
5661 0.298197 
5662 0.227468 
5663 0.218869 
5664 0.206793 
5665 0.207686 
5666 0.20198 
5667 0.204267 
5668 0.204285 
5669 0.201679 
5670 0.212835 
5671 0.20623 
5672 0.200468 
5673 0.250913 
5674 0.99854 
5675 0.994997 
5676 0.991905 
5677 0.981784 
5678 0.965969 
5679 0.95525 
5680 0.937048 
5681 0.912518 
5682 0.880685 
5683 0.856502 
5684 0.823181 
5685 0.803501 
5686 0.757623 
5687 0.717114 
5688 0.685675 
5689 0.653814 
5690 0.623058 
5691 0.593034 
5692 0.567914 
5693 0.539654 
5694 0.515821 
5695 0.495412 
5696 0.474644 
5697 0.461063 
5698 0.440326 
5699 0.412984 
5700 0.394415 
5701 0.378809 
5702 0.349559 
5703 0.330002 
5704 0.308291 
5705 0.29105 
5706 0.265374 
5707 0.243678 
5708 0.228051 
5709 0.221722 
5710 0.216296 
5711 0.212857 
5712 0.205005 
5713 0.200998 
5714 0.199686 
5715 0.199246 
5716 0.723823 
5717 0.999295 
5718 0.998463 
5719 0.997864 
5720 0.996791 
5721 0.995753 
5722 0.994994 
5723 0.994165 
5724 0.993243 
5725 0.992457 
5726 0.99164 
5727 0.990736 
5728 0.989629 
5729 0.988478 
5730 0.9875 
5731 0.986561 
5732 0.98536 
5733 0.984391 
5734 0.983452 
5735 0.982383 
5736 0.980972 
5737 0.979086 
5738 0.977519 
5739 0.974738 
5740 0.971525 
5741 0.970603 
5742 0.966989 
5743 0.964683 
5744 0.961531 
5745 0.956035 
5746 0.949698 
5747 0.944551 
5748 0.939944 
5749 0.926287 
5750 0.909957 
5751 0.893487 
5752 0.880044 
5753 0.854036 
5754 0.832421 
5755 0.817491 
5756 0.800988 
5757 0.791367 
5758 0.774143 
5759 0.763066 
5760 0.748955 
5761 0.733469 
5762 0.716707 
5763 0.693004 
5764 0.679722 
5765 0.669023 
5766 0.657428 
5767 0.65104 
5768 0.63461 
5769 0.615942 
5770 0.608172 
5771 0.586171 
5772 0.576742 
5773 0.564632 
5774 0.552951 
5775 0.540524 
5776 0.530225 
5777 0.523343 
5778 0.516263 
5779 0.507932 
5780 0.495637 
5781 0.485877 
5782 0.477159 
5783 0.468181 
5784 0.454534 
5785 0.441167 
5786 0.430211 
5787 0.41953 
5788 0.408129 
5789 0.399653 
5790 0.390383 
5791 0.373118 
5792 0.365135 
5793 0.354232 
5794 0.348952 
5795 0.341903 
5796 0.335629 
5797 0.32452 
5798 0.313236 
5799 0.300754 
5800 0.288088 
5801 0.269718 
5802 0.258102 
5803 0.237983 
5804 0.221886 
5805 0.204577 
5806 0.20105 
5807 0.197605 
5808 0.193189 
5809 0.190102 
5810 0.188188 
5811 0.21018 
5812 0.996462 
5813 0.982885 
5814 0.961267 
5815 0.944308 
5816 0.918001 
5817 0.885201 
5818 0.842161 
5819 0.808185 
5820 0.777916 
5821 0.749058 
5822 0.721326 
5823 0.691983 
5824 0.655997 
5825 0.621107 
5826 0.577396 
5827 0.545769 
5828 0.523688 
5829 0.497893 
5830 0.474983 
5831 0.451394 
5832 0.431412 
5833 0.414478 
5834 0.400904 
5835 0.385905 
5836 0.365842 
5837 0.344529 
5838 0.324204 
5839 0.309436 
5840 0.282361 
5841 0.245645 
5842 0.216255 
5843 0.199286 
5844 0.195305 
5845 0.19261 
5846 0.190618 
5847 0.188693 
5848 0.187606 
5849 0.1866 
5850 0.185899 
5851 0.185415 
5852 0.184931 
5853 0.492194 
5854 0.99939 
5855 0.998704 
5856 0.997875 
5857 0.996214 
5858 0.995426 
5859 0.994694 
5860 0.993993 
5861 0.992312 
5862 0.991451 
5863 0.989704 
5864 0.988815 
5865 0.987964 
5866 0.987225 
5867 0.9863 
5868 0.985107 
5869 0.983885 
5870 0.983042 
5871 0.982035 
5872 0.981282 
5873 0.980406 
5874 0.978834 
5875 0.975909 
5876 0.972591 
5877 0.967544 
5878 0.965186 
5879 0.961796 
5880 0.955193 
5881 0.951273 
5882 0.947576 
5883 0.941509 
5884 0.932294 
5885 0.930537 
5886 0.929437 
5887 0.92402 
5888 0.918063 
5889 0.910907 
5890 0.906576 
5891 0.897478 
5892 0.888314 
5893 0.885108 
5894 0.875609 
5895 0.872025 
5896 0.86361 
5897 0.855834 
5898 0.848111 
5899 0.836195 
5900 0.830455 
5901 0.823671 
5902 0.816322 
5903 0.812769 
5904 0.804549 
5905 0.801308 
5906 0.790957 
5907 0.779873 
5908 0.774699 
5909 0.768396 
5910 0.762259 
5911 0.750458 
5912 0.741181 
5913 0.737198 
5914 0.724665 
5915 0.715628 
5916 0.697597 
5917 0.684548 
5918 0.677565 
5919 0.669142 
5920 0.659806 
5921 0.647851 
5922 0.635136 
5923 0.619546 
5924 0.612852 
5925 0.609373 
5926 0.601148 
5927 0.598429 
5928 0.593991 
5929 0.583704 
5930 0.576533 
5931 0.573627 
5932 0.561638 
5933 0.552844 
5934 0.5478 
5935 0.542236 
5936 0.535512 
5937 0.524203 
5938 0.517976 
5939 0.512407 
5940 0.504785 
5941 0.500989 
5942 0.497108 
5943 0.491312 
5944 0.487593 
5945 0.484097 
5946 0.479495 
5947 0.472697 
5948 0.468 
5949 0.46261 
5950 0.453706 
5951 0.447766 
5952 0.443331 
5953 0.436325 
5954 0.434219 
5955 0.429221 
5956 0.427219 
5957 0.420987 
5958 0.416434 
5959 0.41265 
5960 0.408495 
5961 0.404773 
5962 0.396392 
5963 0.391153 
5964 0.384428 
5965 0.377203 
5966 0.37188 
5967 0.366595 
5968 0.361246 
5969 0.357959 
5970 0.352287 
5971 0.349374 
5972 0.345977 
5973 0.34041 
5974 0.337039 
5975 0.333024 
5976 0.326973 
5977 0.319885 
5978 0.311437 
5979 0.304411 
5980 0.298765 
5981 0.292577 
5982 0.283135 
5983 0.276095 
5984 0.270359 
5985 0.257802 
5986 0.248012 
5987 0.243394 
5988 0.2346 
5989 0.228435 
5990 0.217841 
5991 0.208598 
5992 0.201657 
5993 0.199642 
5994 0.197774 
5995 0.195442 
5996 0.19364 
5997 0.192028 
5998 0.190636 
5999 0.188273 
6000 0.187021 
6001 0.184574 
6002 0.182836 
6003 0.183556 
6004 0.17883 
6005 0.178293 
6006 0.178046 
6007 0.177781 
6008 0.72165 
6009 0.998719 
6010 0.998267 
6011 0.997442 
6012 0.996621 
6013 0.996159 
6014 0.99557 
6015 0.995026 
6016 0.994402 
6017 0.993518 
6018 0.992856 
6019 0.992335 
6020 0.991018 
6021 0.990323 
6022 0.989409 
6023 0.987867 
6024 0.987129 
6025 0.98535 
6026 0.98329 
6027 0.982493 
6028 0.981416 
6029 0.980767 
6030 0.978523 
6031 0.972738 
6032 0.966219 
6033 0.959771 
6034 0.954003 
6035 0.948967 
6036 0.943539 
6037 0.93122 
6038 0.922541 
6039 0.907117 
6040 0.883993 
6041 0.859305 
6042 0.841564 
6043 0.819648 
6044 0.798815 
6045 0.776096 
6046 0.760469 
6047 0.745188 
6048 0.732534 
6049 0.716152 
6050 0.705279 
6051 0.689566 
6052 0.67572 
6053 0.667682 
6054 0.65031 
6055 0.639145 
6056 0.622267 
6057 0.600618 
6058 0.576038 
6059 0.555836 
6060 0.54118 
6061 0.519844 
6062 0.514028 
6063 0.50585 
6064 0.496608 
6065 0.491111 
6066 0.483002 
6067 0.476682 
6068 0.464228 
6069 0.457943 
6070 0.446719 
6071 0.433823 
6072 0.421742 
6073 0.412332 
6074 0.402483 
6075 0.395621 
6076 0.381173 
6077 0.367807 
6078 0.356946 
6079 0.34624 
6080 0.327762 
6081 0.316508 
6082 0.30389 
6083 0.295152 
6084 0.282523 
6085 0.274763 
6086 0.262437 
6087 0.235947 
6088 0.206267 
6089 0.188037 
6090 0.180093 
6091 0.177159 
6092 0.172202 
6093 0.162682 
6094 0.164018 
6095 0.159322 
6096 0.169268 
6097 0.158018 
6098 0.161962 
6099 0.157399 
6100 0.163064 
6101 0.157521 
6102 0.156419 
6103 0.178609 
6104 0.160245 
6105 0.155669 
6106 0.16365 
6107 0.999246 
6108 0.997077 
6109 0.993978 
6110 0.993009 
6111 0.990984 
6112 0.985992 
6113 0.980036 
6114 0.975629 
6115 0.955625 
6116 0.924849 
6117 0.875833 
6118 0.834012 
6119 0.777379 
6120 0.721844 
6121 0.660617 
6122 0.580707 
6123 0.534792 
6124 0.520235 
6125 0.476699 
6126 0.43961 
6127 0.413507 
6128 0.393825 
6129 0.368984 
6130 0.34373 
6131 0.321329 
6132 0.289021 
6133 0.259652 
6134 0.230843 
6135 0.20254 
6136 0.186116 
6137 0.17269 
6138 0.167151 
6139 0.164049 
6140 0.160057 
6141 0.157532 
6142 0.155887 
6143 0.155422 
6144 0.155108 
6145 0.456444 
6146 0.999476 
6147 0.998954 
6148 0.998481 
6149 0.998221 
6150 0.997707 
6151 0.996365 
6152 0.99526 
6153 0.989656 
6154 0.978512 
6155 0.966673 
6156 0.961436 
6157 0.953962 
6158 0.950047 
6159 0.935461 
6160 0.928593 
6161 0.921388 
6162 0.915434 
6163 0.901522 
6164 0.891631 
6165 0.886713 
6166 0.873713 
6167 0.859784 
6168 0.848636 
6169 0.831069 
6170 0.821148 
6171 0.812844 
6172 0.807901 
6173 0.804423 
6174 0.788371 
6175 0.778182 
6176 0.773402 
6177 0.7664 
6178 0.755073 
6179 0.746825 
6180 0.737262 
6181 0.7194 
6182 0.695266 
6183 0.668891 
6184 0.658248 
6185 0.641259 
6186 0.635204 
6187 0.621901 
6188 0.601018 
6189 0.595924 
6190 0.584373 
6191 0.577907 
6192 0.564756 
6193 0.558854 
6194 0.550864 
6195 0.537575 
6196 0.529765 
6197 0.5239 
6198 0.517497 
6199 0.509296 
6200 0.501475 
6201 0.497778 
6202 0.490115 
6203 0.483602 
6204 0.476862 
6205 0.47125 
6206 0.468116 
6207 0.457921 
6208 0.450194 
6209 0.441101 
6210 0.438108 
6211 0.432606 
6212 0.423681 
6213 0.414546 
6214 0.408467 
6215 0.400511 
6216 0.396715 
6217 0.392547 
6218 0.387527 
6219 0.382027 
6220 0.378021 
6221 0.374101 
6222 0.366977 
6223 0.362101 
6224 0.35764 
6225 0.351846 
6226 0.348407 
6227 0.344023 
6228 0.338495 
6229 0.334279 
6230 0.324288 
6231 0.319113 
6232 0.313865 
6233 0.306128 
6234 0.301446 
6235 0.295103 
6236 0.292029 
6237 0.283195 
6238 0.27275 
6239 0.265557 
6240 0.258042 
6241 0.244969 
6242 0.239289 
6243 0.229735 
6244 0.221018 
6245 0.213365 
6246 0.20469 
6247 0.196482 
6248 0.181485 
6249 0.174378 
6250 0.170648 
6251 0.168564 
6252 0.167181 
6253 0.16545 
6254 0.16346 
6255 0.161955 
6256 0.160331 
6257 0.158677 
6258 0.156222 
6259 0.154916 
6260 0.15393 
6261 0.153335 
6262 0.152089 
6263 0.151552 
6264 0.15128 
6265 0.311792 
6266 0.735204 
6267 0.414999 
6268 0.235418 
6269 0.159857 
6270 0.155099 
6271 0.149635 
6272 0.999463 
6273 0.999095 
6274 0.998731 
6275 0.997947 
6276 0.99752 
6277 0.995885 
6278 0.991396 
6279 0.9828 
6280 0.961803 
6281 0.947537 
6282 0.931672 
6283 0.917651 
6284 0.899675 
6285 0.875493 
6286 0.854111 
6287 0.823371 
6288 0.758696 
6289 0.695301 
6290 0.650575 
6291 0.624135 
6292 0.587077 
6293 0.531327 
6294 0.510395 
6295 0.483525 
6296 0.454793 
6297 0.419392 
6298 0.3949 
6299 0.379624 
6300 0.364297 
6301 0.336399 
6302 0.311518 
6303 0.290151 
6304 0.270854 
6305 0.248546 
6306 0.231883 
6307 0.217725 
6308 0.209909 
6309 0.199325 
6310 0.18534 
6311 0.17337 
6312 0.166668 
6313 0.162476 
6314 0.158243 
6315 0.156495 
6316 0.154798 
6317 0.153437 
6318 0.15163 
6319 0.150888 
6320 0.150226 
6321 0.149807 
6322 0.149418 
6323 0.163042 
6324 0.148815 
6325 0.149157 
6326 0.148975 
6327 0.148191 
6328 0.149837 
6329 0.147628 
6330 0.14849 
6331 0.147223 
6332 0.147285 
6333 0.152527 
6334 0.149414 
6335 0.146667 
6336 0.261674 
6337 0.998478 
6338 0.997833 
6339 0.995978 
6340 0.99491 
6341 0.992305 
6342 0.991126 
6343 0.983924 
6344 0.974074 
6345 0.94191 
6346 0.908133 
6347 0.855841 
6348 0.803355 
6349 0.768439 
6350 0.719913 
6351 0.65066 
6352 0.61346 
6353 0.58332 
6354 0.545913 
6355 0.511165 
6356 0.482641 
6357 0.451509 
6358 0.428367 
6359 0.405041 
6360 0.388231 
6361 0.368331 
6362 0.345618 
6363 0.320271 
6364 0.299763 
6365 0.26604 
6366 0.236667 
6367 0.196265 
6368 0.178305 
6369 0.174425 
6370 0.164624 
6371 0.15869 
6372 0.149142 
6373 0.146227 
6374 0.145608 
6375 0.156265 
6376 0.15044 
6377 0.145571 
6378 0.145271 
6379 0.145325 
6380 0.14416 
6381 0.666325 
6382 1 
6383 1 
6384 0.999376 
6385 0.998745 
6386 0.998103 
6387 0.996625 
6388 0.995689 
6389 0.994895 
6390 0.994089 
6391 0.993368 
6392 0.992476 
6393 0.991573 
6394 0.990068 
6395 0.989149 
6396 0.987187 
6397 0.986253 
6398 0.985852 
6399 0.98332 
6400 0.981625 
6401 0.980118 
6402 0.979212 
6403 0.976657 
6404 0.972166 
6405 0.971334 
6406 0.969334 
6407 0.962829 
6408 0.961018 
6409 0.959526 
6410 0.955521 
6411 0.952347 
6412 0.949155 
6413 0.946488 
6414 0.945383 
6415 0.942552 
6416 0.937026 
6417 0.934923 
6418 0.932511 
6419 0.930542 
6420 0.927238 
6421 0.924349 
6422 0.915951 
6423 0.907223 
6424 0.900505 
6425 0.898312 
6426 0.889802 
6427 0.887718 
6428 0.882049 
6429 0.87928 
6430 0.873027 
6431 0.869733 
6432 0.861981 
6433 0.859593 
6434 0.857239 
6435 0.852719 
6436 0.848428 
6437 0.845082 
6438 0.839335 
6439 0.83749 
6440 0.834 
6441 0.831432 
6442 0.828116 
6443 0.823987 
6444 0.820633 
6445 0.815171 
6446 0.812698 
6447 0.807171 
6448 0.804673 
6449 0.797898 
6450 0.793923 
6451 0.787164 
6452 0.775372 
6453 0.772325 
6454 0.767008 
6455 0.762156 
6456 0.754943 
6457 0.74863 
6458 0.741308 
6459 0.732158 
6460 0.726536 
6461 0.722905 
6462 0.717856 
6463 0.710291 
6464 0.707684 
6465 0.700571 
6466 0.688562 
6467 0.676066 
6468 0.668792 
6469 0.658636 
6470 0.649954 
6471 0.645294 
6472 0.635457 
6473 0.631445 
6474 0.629586 
6475 0.625844 
6476 0.623404 
6477 0.616039 
6478 0.61087 
6479 0.608649 
6480 0.601329 
6481 0.59858 
6482 0.59687 
6483 0.591611 
6484 0.585578 
6485 0.583121 
6486 0.575385 
6487 0.567361 
6488 0.559034 
6489 0.554563 
6490 0.547745 
6491 0.543932 
6492 0.537684 
6493 0.532368 
6494 0.528175 
6495 0.522954 
6496 0.520635 
6497 0.517442 
6498 0.512676 
6499 0.508229 
6500 0.506983 
6501 0.503075 
6502 0.499701 
6503 0.496949 
6504 0.493391 
6505 0.488178 
6506 0.485409 
6507 0.483877 
6508 0.48206 
6509 0.480701 
6510 0.478833 
6511 0.477461 
6512 0.47204 
6513 0.470096 
6514 0.463926 
6515 0.461061 
6516 0.456891 
6517 0.452907 
6518 0.448347 
6519 0.44646 
6520 0.442284 
6521 0.439295 
6522 0.438454 
6523 0.435359 
6524 0.433313 
6525 0.429274 
6526 0.428303 
6527 0.423072 
6528 0.420012 
6529 0.412884 
6530 0.411288 
6531 0.407761 
6532 0.40388 
6533 0.399486 
6534 0.397743 
6535 0.392553 
6536 0.388987 
6537 0.384 
6538 0.378697 
6539 0.377271 
6540 0.375806 
6541 0.37482 
6542 0.370754 
6543 0.369325 
6544 0.367975 
6545 0.365534 
6546 0.364292 
6547 0.362619 
6548 0.359898 
6549 0.356677 
6550 0.354156 
6551 0.351134 
6552 0.349276 
6553 0.347945 
6554 0.345367 
6555 0.343413 
6556 0.34141 
6557 0.340483 
6558 0.335299 
6559 0.331807 
6560 0.328962 
6561 0.32621 
6562 0.325061 
6563 0.323051 
6564 0.321696 
6565 0.3199 
6566 0.316588 
6567 0.310802 
6568 0.305472 
6569 0.30261 
6570 0.298634 
6571 0.295041 
6572 0.293388 
6573 0.288331 
6574 0.285763 
6575 0.283747 
6576 0.279605 
6577 0.278746 
6578 0.274681 
6579 0.273204 
6580 0.270027 
6581 0.266404 
6582 0.263116 
6583 0.259498 
6584 0.254556 
6585 0.249899 
6586 0.245572 
6587 0.240925 
6588 0.235345 
6589 0.231325 
6590 0.226206 
6591 0.223474 
6592 0.216534 
6593 0.212693 
6594 0.207148 
6595 0.205161 
6596 0.198597 
6597 0.189447 
6598 0.185916 
6599 0.181482 
6600 0.175992 
6601 0.173921 
6602 0.169286 
6603 0.165509 
6604 0.161889 
6605 0.159485 
6606 0.157578 
6607 0.155284 
6608 0.153202 
6609 0.151296 
6610 0.149954 
6611 0.148122 
6612 0.146949 
6613 0.14523 
6614 0.143751 
6615 0.142098 
6616 0.141347 
6617 0.139371 
6618 0.138786 
6619 0.138317 
6620 0.138199 
6621 0.624505 
6622 0.999504 
6623 0.998952 
6624 0.998322 
6625 0.997733 
6626 0.99716 
6627 0.995669 
6628 0.995073 
6629 0.99419 
6630 0.993562 
6631 0.992963 
6632 0.992329 
6633 0.99171 
6634 0.990474 
6635 0.989845 
6636 0.987736 
6637 0.987135 
6638 0.986507 
6639 0.984353 
6640 0.983888 
6641 0.982995 
6642 0.98258 
6643 0.980496 
6644 0.979605 
6645 0.974137 
6646 0.972346 
6647 0.969432 
6648 0.966589 
6649 0.963119 
6650 0.956556 
6651 0.95567 
6652 0.951357 
6653 0.945408 
6654 0.940958 
6655 0.936865 
6656 0.929857 
6657 0.923252 
6658 0.918855 
6659 0.916097 
6660 0.911568 
6661 0.909077 
6662 0.906614 
6663 0.903061 
6664 0.898718 
6665 0.895159 
6666 0.893318 
6667 0.890591 
6668 0.888129 
6669 0.882386 
6670 0.875648 
6671 0.872592 
6672 0.863491 
6673 0.86005 
6674 0.856188 
6675 0.85312 
6676 0.847683 
6677 0.837994 
6678 0.828543 
6679 0.820861 
6680 0.816362 
6681 0.8124 
6682 0.805673 
6683 0.800957 
6684 0.794543 
6685 0.786696 
6686 0.784457 
6687 0.779441 
6688 0.771532 
6689 0.767983 
6690 0.759564 
6691 0.746401 
6692 0.740407 
6693 0.736838 
6694 0.727539 
6695 0.723269 
6696 0.718488 
6697 0.712908 
6698 0.704513 
6699 0.699779 
6700 0.68872 
6701 0.678961 
6702 0.672479 
6703 0.664913 
6704 0.654812 
6705 0.645489 
6706 0.640373 
6707 0.636733 
6708 0.630537 
6709 0.626883 
6710 0.62197 
6711 0.620458 
6712 0.613438 
6713 0.610402 
6714 0.602922 
6715 0.598883 
6716 0.595433 
6717 0.588152 
6718 0.582723 
6719 0.580161 
6720 0.572783 
6721 0.568214 
6722 0.563669 
6723 0.556051 
6724 0.551227 
6725 0.545184 
6726 0.537405 
6727 0.532871 
6728 0.528182 
6729 0.524882 
6730 0.522449 
6731 0.521718 
6732 0.519816 
6733 0.51601 
6734 0.513463 
6735 0.50816 
6736 0.505788 
6737 0.503892 
6738 0.500841 
6739 0.497602 
6740 0.493415 
6741 0.487007 
6742 0.484992 
6743 0.48099 
6744 0.475385 
6745 0.470714 
6746 0.467865 
6747 0.460831 
6748 0.455563 
6749 0.452414 
6750 0.448149 
6751 0.446136 
6752 0.440328 
6753 0.439379 
6754 0.436827 
6755 0.434681 
6756 0.429569 
6757 0.422145 
6758 0.419757 
6759 0.41485 
6760 0.412702 
6761 0.409045 
6762 0.405249 
6763 0.403901 
6764 0.400478 
6765 0.394329 
6766 0.392393 
6767 0.38916 
6768 0.386875 
6769 0.385541 
6770 0.384908 
6771 0.384068 
6772 0.382433 
6773 0.378526 
6774 0.376427 
6775 0.375242 
6776 0.370597 
6777 0.366039 
6778 0.362302 
6779 0.36105 
6780 0.358177 
6781 0.356777 
6782 0.354919 
6783 0.352563 
6784 0.350667 
6785 0.347713 
6786 0.345935 
6787 0.343558 
6788 0.342304 
6789 0.34105 
6790 0.335913 
6791 0.32979 
6792 0.327789 
6793 0.326617 
6794 0.325377 
6795 0.324612 
6796 0.32144 
6797 0.318884 
6798 0.316675 
6799 0.311274 
6800 0.310093 
6801 0.305043 
6802 0.302407 
6803 0.298051 
6804 0.296788 
6805 0.295255 
6806 0.291733 
6807 0.285373 
6808 0.284141 
6809 0.282516 
6810 0.28035 
6811 0.279103 
6812 0.274693 
6813 0.2716 
6814 0.267557 
6815 0.264048 
6816 0.262253 
6817 0.258678 
6818 0.256412 
6819 0.254317 
6820 0.249886 
6821 0.248422 
6822 0.245857 
6823 0.244639 
6824 0.240651 
6825 0.235649 
6826 0.231175 
6827 0.225845 
6828 0.22188 
6829 0.216896 
6830 0.212673 
6831 0.210346 
6832 0.209051 
6833 0.206599 
6834 0.198998 
6835 0.196531 
6836 0.189608 
6837 0.183435 
6838 0.175259 
6839 0.168968 
6840 0.164445 
6841 0.158477 
6842 0.153882 
6843 0.152863 
6844 0.151536 
6845 0.149694 
6846 0.148926 
6847 0.148192 
6848 0.147136 
6849 0.146274 
6850 0.145534 
6851 0.144784 
6852 0.144359 
6853 0.143866 
6854 0.143183 
6855 0.142852 
6856 0.142129 
6857 0.141432 
6858 0.14102 
6859 0.140744 
6860 0.140348 
6861 0.140097 
6862 0.139528 
6863 0.139231 
6864 0.138543 
6865 0.136964 
6866 0.136556 
6867 0.147961 
6868 0.13582 
6869 0.135025 
6870 0.135027 
6871 0.134857 
6872 0.134284 
6873 0.134417 
6874 0.135783 
6875 0.134596 
6876 0.133554 
6877 0.134193 
6878 0.133143 
6879 0.210029 
6880 0.159966 
6881 0.156371 
6882 0.153047 
6883 0.149921 
6884 0.14685 
6885 0.143914 
6886 0.14101 
6887 0.137864 
6888 0.134586 
6889 0.13168 
6890 0.159925 
6891 0.97864 
6892 0.748555 
6893 0.585374 
6894 0.464023 
6895 0.358214 
6896 0.266101 
6897 0.179011 
6898 0.1408 
6899 0.132544 
6900 0.130987 
6901 0.149702 
6902 0.145487 
6903 0.141545 
6904 0.137725 
6905 0.134176 
6906 0.131008 
6907 0.133433 
6908 0.130727 
6909 0.131095 
6910 0.130598 
6911 0.140256 
6912 0.137362 
6913 0.134591 
6914 0.131759 
6915 0.12945 
6916 0.141716 
6917 0.138597 
6918 0.135578 
6919 0.132538 
6920 0.129564 
6921 0.139919 
6922 0.949007 
6923 0.841423 
6924 0.675073 
6925 0.542041 
6926 0.451254 
6927 0.384401 
6928 0.324691 
6929 0.287324 
6930 0.228311 
6931 0.160583 
6932 0.137099 
6933 0.130857 
6934 0.128903 
6935 0.17066 
6936 0.154297 
6937 0.147601 
6938 0.141263 
6939 0.135126 
6940 0.129696 
6941 0.13303 
6942 0.128756 
6943 0.139124 
6944 0.131569 
6945 0.127333 
6946 0.149042 
6947 0.142009 
6948 0.135718 
6949 0.129527 
6950 0.127111 
6951 0.166809 
6952 0.997124 
6953 0.881933 
6954 0.716175 
6955 0.559851 
6956 0.472654 
6957 0.387459 
6958 0.30725 
6959 0.242067 
6960 0.182904 
6961 0.146565 
6962 0.137125 
6963 0.128268 
6964 0.132071 
6965 0.125997 
6966 0.137551 
6967 0.129593 
6968 0.12706 
6969 0.12529 
6970 0.148196 
6971 0.999274 
6972 0.998553 
6973 0.997578 
6974 0.993516 
6975 0.992241 
6976 0.986575 
6977 0.982911 
6978 0.973333 
6979 0.960689 
6980 0.956129 
6981 0.940739 
6982 0.932448 
6983 0.924326 
6984 0.916175 
6985 0.895506 
6986 0.881253 
6987 0.866722 
6988 0.85757 
6989 0.847229 
6990 0.84008 
6991 0.831256 
6992 0.825157 
6993 0.81664 
6994 0.803752 
6995 0.786693 
6996 0.778826 
6997 0.765353 
6998 0.75461 
6999 0.733422 
7000 0.723241 
7001 0.713179 
7002 0.695799 
7003 0.68226 
7004 0.666787 
7005 0.661092 
7006 0.650363 
7007 0.639646 
7008 0.633345 
7009 0.628239 
7010 0.616146 
7011 0.60646 
7012 0.58721 
7013 0.565323 
7014 0.555955 
7015 0.552147 
7016 0.547914 
7017 0.540033 
7018 0.532893 
7019 0.529032 
7020 0.525584 
7021 0.522282 
7022 0.515925 
7023 0.513092 
7024 0.508982 
7025 0.501246 
7026 0.490971 
7027 0.482203 
7028 0.475862 
7029 0.470053 
7030 0.461247 
7031 0.45511 
7032 0.449976 
7033 0.44263 
7034 0.435139 
7035 0.429594 
7036 0.426366 
7037 0.41784 
7038 0.414445 
7039 0.411797 
7040 0.409028 
7041 0.404492 
7042 0.399858 
7043 0.391607 
7044 0.385493 
7045 0.37963 
7046 0.376 
7047 0.372956 
7048 0.368984 
7049 0.363406 
7050 0.359546 
7051 0.355924 
7052 0.351966 
7053 0.345435 
7054 0.342116 
7055 0.338451 
7056 0.332596 
7057 0.329149 
7058 0.324662 
7059 0.320513 
7060 0.316012 
7061 0.31197 
7062 0.308716 
7063 0.304933 
7064 0.296915 
7065 0.293638 
7066 0.290637 
7067 0.2867 
7068 0.282012 
7069 0.272545 
7070 0.266114 
7071 0.261229 
7072 0.255234 
7073 0.251097 
7074 0.244049 
7075 0.240486 
7076 0.230898 
7077 0.227706 
7078 0.223458 
7079 0.218585 
7080 0.213389 
7081 0.209342 
7082 0.197778 
7083 0.191522 
7084 0.182277 
7085 0.178274 
7086 0.173527 
7087 0.165211 
7088 0.161577 
7089 0.156499 
7090 0.153146 
7091 0.150006 
7092 0.145451 
7093 0.144257 
7094 0.143627 
7095 0.141384 
7096 0.140276 
7097 0.138737 
7098 0.137207 
7099 0.136353 
7100 0.135474 
7101 0.134654 
7102 0.133993 
7103 0.132907 
7104 0.132054 
7105 0.13063 
7106 0.129384 
7107 0.127991 
7108 0.126525 
7109 0.12525 
7110 0.124336 
7111 0.164176 
7112 0.136061 
7113 0.125969 
7114 0.1398 
7115 0.127303 
7116 0.122937 
7117 0.133774 
7118 0.128711 
7119 0.124354 
7120 0.122392 
7121 0.125184 
7122 0.122387 
7123 0.12267 
7124 0.121539 
7125 0.150826 
7126 0.999277 
7127 0.997329 
7128 0.996074 
7129 0.993013 
7130 0.986331 
7131 0.978218 
7132 0.967452 
7133 0.942669 
7134 0.889926 
7135 0.844738 
7136 0.803422 
7137 0.754244 
7138 0.724868 
7139 0.684007 
7140 0.632509 
7141 0.617947 
7142 0.593325 
7143 0.586265 
7144 0.565384 
7145 0.541905 
7146 0.520075 
7147 0.505036 
7148 0.484373 
7149 0.471431 
7150 0.457435 
7151 0.437794 
7152 0.423349 
7153 0.411669 
7154 0.395737 
7155 0.377805 
7156 0.370937 
7157 0.362952 
7158 0.350055 
7159 0.336983 
7160 0.323947 
7161 0.312974 
7162 0.299664 
7163 0.284151 
7164 0.271289 
7165 0.259915 
7166 0.244327 
7167 0.233639 
7168 0.215401 
7169 0.199357 
7170 0.1811 
7171 0.16931 
7172 0.155191 
7173 0.143254 
7174 0.137472 
7175 0.13431 
7176 0.13184 
7177 0.130016 
7178 0.128152 
7179 0.126281 
7180 0.123218 
7181 0.120928 
7182 0.124361 
7183 0.122063 
7184 0.121135 
7185 0.120432 
7186 0.237367 
7187 0.140728 
7188 0.135897 
7189 0.1332 
7190 0.130661 
7191 0.127736 
7192 0.12459 
7193 0.125171 
7194 0.119383 
7195 0.130866 
7196 0.120226 
7197 0.124093 
7198 0.119086 
7199 0.12683 
7200 0.119881 
7201 0.120606 
7202 0.125276 
7203 0.117828 
7204 0.13796 
7205 0.128789 
7206 0.11942 
7207 0.129677 
7208 0.998745 
7209 0.995635 
7210 0.858383 
7211 0.655648 
7212 0.543595 
7213 0.448246 
7214 0.369039 
7215 0.322855 
7216 0.25561 
7217 0.178865 
7218 0.131455 
7219 0.125398 
7220 0.121427 
7221 0.118164 
7222 0.120412 
7223 0.118419 
7224 0.116665 
7225 0.131607 
7226 0.127861 
7227 0.124144 
7228 0.120535 
7229 0.117232 
7230 0.117094 
7231 0.115814 
7232 0.127608 
7233 0.125196 
7234 0.122817 
7235 0.120478 
7236 0.11815 
7237 0.116121 
7238 0.115156 
7239 0.194353 
7240 0.182398 
7241 0.173049 
7242 0.164026 
7243 0.155964 
7244 0.148302 
7245 0.140907 
7246 0.133469 
7247 0.126656 
7248 0.120036 
7249 0.114363 
7250 0.12209 
7251 0.995043 
7252 0.877855 
7253 0.629702 
7254 0.497188 
7255 0.431842 
7256 0.342782 
7257 0.281344 
7258 0.211929 
7259 0.126402 
7260 0.117444 
7261 0.114311 
7262 0.116355 
7263 0.113573 
7264 0.120627 
7265 0.116856 
7266 0.113685 
7267 0.115288 
7268 0.112692 
7269 0.186893 
7270 0.999499 
7271 0.99899 
7272 0.998493 
7273 0.996936 
7274 0.993934 
7275 0.99126 
7276 0.985956 
7277 0.981558 
7278 0.97205 
7279 0.949488 
7280 0.933244 
7281 0.91128 
7282 0.886701 
7283 0.859633 
7284 0.818778 
7285 0.786659 
7286 0.749995 
7287 0.716589 
7288 0.682148 
7289 0.652611 
7290 0.621422 
7291 0.601702 
7292 0.576611 
7293 0.562793 
7294 0.547279 
7295 0.531352 
7296 0.509936 
7297 0.496045 
7298 0.47903 
7299 0.465445 
7300 0.450506 
7301 0.444556 
7302 0.427559 
7303 0.415248 
7304 0.399675 
7305 0.385259 
7306 0.378496 
7307 0.369424 
7308 0.36079 
7309 0.351743 
7310 0.343434 
7311 0.337312 
7312 0.333551 
7313 0.325104 
7314 0.313351 
7315 0.303717 
7316 0.29306 
7317 0.282759 
7318 0.270483 
7319 0.261439 
7320 0.251149 
7321 0.240879 
7322 0.229316 
7323 0.220787 
7324 0.214507 
7325 0.200822 
7326 0.187772 
7327 0.175585 
7328 0.164876 
7329 0.161835 
7330 0.156824 
7331 0.152883 
7332 0.146808 
7333 0.138199 
7334 0.135361 
7335 0.126051 
7336 0.122433 
7337 0.118039 
7338 0.114753 
7339 0.112272 
7340 0.110749 
7341 0.508228 
7342 0.99946 
7343 0.997922 
7344 0.996962 
7345 0.995399 
7346 0.994185 
7347 0.991578 
7348 0.990237 
7349 0.988837 
7350 0.98682 
7351 0.984685 
7352 0.981017 
7353 0.975826 
7354 0.971759 
7355 0.968176 
7356 0.965032 
7357 0.961497 
7358 0.958074 
7359 0.946401 
7360 0.940521 
7361 0.935565 
7362 0.926064 
7363 0.9162 
7364 0.905762 
7365 0.898289 
7366 0.884869 
7367 0.870863 
7368 0.847299 
7369 0.826652 
7370 0.789019 
7371 0.752886 
7372 0.719323 
7373 0.677232 
7374 0.654768 
7375 0.629145 
7376 0.601853 
7377 0.586014 
7378 0.578887 
7379 0.559908 
7380 0.539261 
7381 0.53138 
7382 0.51977 
7383 0.511145 
7384 0.503583 
7385 0.494026 
7386 0.485444 
7387 0.48054 
7388 0.468112 
7389 0.45614 
7390 0.448304 
7391 0.443741 
7392 0.435514 
7393 0.430277 
7394 0.42507 
7395 0.418046 
7396 0.411004 
7397 0.405273 
7398 0.400166 
7399 0.394279 
7400 0.387064 
7401 0.380614 
7402 0.374681 
7403 0.368491 
7404 0.361658 
7405 0.356586 
7406 0.35129 
7407 0.343129 
7408 0.336741 
7409 0.32858 
7410 0.322304 
7411 0.312656 
7412 0.301305 
7413 0.294385 
7414 0.287578 
7415 0.280383 
7416 0.27252 
7417 0.262932 
7418 0.252112 
7419 0.240983 
7420 0.226773 
7421 0.218966 
7422 0.20971 
7423 0.194612 
7424 0.183962 
7425 0.180772 
7426 0.176967 
7427 0.174236 
7428 0.168991 
7429 0.165179 
7430 0.15801 
7431 0.149774 
7432 0.142557 
7433 0.13394 
7434 0.129564 
7435 0.121185 
7436 0.115506 
7437 0.112523 
7438 0.109741 
7439 0.110593 
7440 0.10804 
7441 0.109463 
7442 0.107832 
7443 0.107119 
7444 0.109987 
7445 0.10757 
7446 0.111022 
7447 0.108036 
7448 0.108841 
7449 0.106606 
7450 0.110546 
7451 0.108291 
7452 0.106442 
7453 0.110784 
7454 0.107537 
7455 0.105851 
7456 0.113469 
7457 0.111141 
7458 0.109691 
7459 0.10835 
7460 0.106716 
7461 0.105211 
7462 0.152467 
7463 0.682901 
7464 0.557044 
7465 0.466108 
7466 0.393601 
7467 0.344851 
7468 0.302994 
7469 0.228387 
7470 0.171758 
7471 0.117453 
7472 0.113149 
7473 0.10992 
7474 0.106932 
7475 0.10472 
7476 0.104151 
7477 0.104457 
7478 0.103929 
7479 0.108087 
7480 0.103834 
7481 0.106683 
7482 0.105756 
7483 0.104845 
7484 0.103958 
7485 0.103127 
7486 0.10259 
7487 0.115209 
7488 0.110294 
7489 0.109333 
7490 0.108508 
7491 0.107671 
7492 0.106821 
7493 0.105961 
7494 0.105084 
7495 0.104188 
7496 0.103265 
7497 0.102283 
7498 0.101509 
7499 0.126739 
7500 0.124024 
7501 0.121613 
7502 0.119308 
7503 0.117016 
7504 0.114782 
7505 0.112576 
7506 0.110403 
7507 0.108263 
7508 0.106121 
7509 0.103979 
7510 0.102071 
7511 0.100798 
7512 0.131726 
7513 0.985873 
7514 0.923383 
7515 0.829686 
7516 0.625892 
7517 0.574372 
7518 0.477841 
7519 0.422484 
7520 0.378067 
7521 0.344872 
7522 0.306568 
7523 0.25712 
7524 0.200567 
7525 0.157276 
7526 0.11814 
7527 0.114459 
7528 0.111344 
7529 0.108094 
7530 0.103634 
7531 0.108542 
7532 0.103466 
7533 0.0992929 
7534 0.10012 
7535 0.0989474 
7536 0.0998086 
7537 0.0989422 
7538 0.0985092 
7539 0.100772 
7540 0.09975 
7541 0.0989134 
7542 0.0982039 
7543 0.09934 
7544 0.0984029 
7545 0.0978179 
7546 0.154778 
7547 0.109614 
7548 0.108855 
7549 0.10816 
7550 0.107438 
7551 0.106738 
7552 0.10603 
7553 0.105303 
7554 0.104584 
7555 0.103856 
7556 0.10312 
7557 0.102366 
7558 0.101618 
7559 0.100857 
7560 0.100098 
7561 0.0993301 
7562 0.098566 
7563 0.0978087 
7564 0.0970627 
7565 0.096392 
7566 0.0960669 
7567 0.130889 
7568 0.650629 
7569 0.449061 
7570 0.343263 
7571 0.247437 
7572 0.115208 
7573 0.104593 
7574 0.097388 
7575 0.0953589 
7576 0.102534 
7577 0.100658 
7578 0.0987823 
7579 0.0974558 
7580 0.0961598 
7581 0.0950367 
7582 0.0957352 
7583 0.0948022 
7584 0.0960793 
7585 0.0950752 
7586 0.0944046 
7587 0.097132 
7588 0.0963193 
7589 0.0961449 
7590 0.0959262 
7591 0.0957442 
7592 0.0955563 
7593 0.0953625 
7594 0.0951623 
7595 0.0949556 
7596 0.0947419 
7597 0.0945206 
7598 0.0942856 
7599 0.0938312 
7600 0.0941631 
7601 0.093465 
7602 0.110956 
7603 0.108794 
7604 0.106823 
7605 0.104877 
7606 0.102932 
7607 0.101028 
7608 0.0991403 
7609 0.0972469 
7610 0.0953065 
7611 0.0935965 
7612 0.0928188 
7613 0.17983 
7614 0.167194 
7615 0.156894 
7616 0.147114 
7617 0.137571 
7618 0.993001 
7619 0.915951 
7620 0.804832 
7621 0.598942 
7622 0.4834 
7623 0.414839 
7624 0.365004 
7625 0.326452 
7626 0.292585 
7627 0.234434 
7628 0.192187 
7629 0.169949 
7630 0.120767 
7631 0.113876 
7632 0.103963 
7633 0.0958407 
7634 0.0916726 
7635 0.0935606 
7636 0.0917218 
7637 0.0915844 
7638 0.0912596 
7639 0.0920162 
7640 0.0909303 
7641 0.100996 
7642 0.0991028 
7643 0.0978534 
7644 0.0965988 
7645 0.0953704 
7646 0.0941697 
7647 0.0929941 
7648 0.0918852 
7649 0.0908576 
7650 0.090144 
7651 0.125141 
7652 0.107849 
7653 0.106473 
7654 0.105117 
7655 0.103845 
7656 0.102556 
7657 0.101375 
7658 0.10019 
7659 0.0989858 
7660 0.0977919 
7661 0.096571 
7662 0.0953567 
7663 0.094009 
7664 0.0927639 
7665 0.0914722 
7666 0.0899776 
7667 0.0888818 
7668 0.115462 
7669 0.107947 
7670 0.104293 
7671 0.10125 
7672 0.0980295 
7673 0.0946308 
7674 0.0920264 
7675 0.0896047 
7676 0.0880563 
7677 0.0879416 
7678 0.0988615 
7679 0.0902589 
7680 0.938614 
7681 0.646391 
7682 0.529652 
7683 0.443429 
7684 0.386198 
7685 0.339722 
7686 0.301521 
7687 0.267846 
7688 0.211642 
7689 0.151018 
7690 0.0911352 
7691 0.0885465 
7692 0.0878247 
7693 0.0884666 
7694 0.0877468 
7695 0.0874701 
7696 0.087562 
7697 0.0872329 
7698 0.793712 
7699 0.999446 
7700 0.99867 
7701 0.998002 
7702 0.996259 
7703 0.995174 
7704 0.994649 
7705 0.992596 
7706 0.99201 
7707 0.990408 
7708 0.98931 
7709 0.988202 
7710 0.986949 
7711 0.985795 
7712 0.984407 
7713 0.981866 
7714 0.979871 
7715 0.978192 
7716 0.977584 
7717 0.975269 
7718 0.973293 
7719 0.972198 
7720 0.968158 
7721 0.966107 
7722 0.963716 
7723 0.960664 
7724 0.958293 
7725 0.954894 
7726 0.952121 
7727 0.948106 
7728 0.945947 
7729 0.943539 
7730 0.939479 
7731 0.934096 
7732 0.931205 
7733 0.921034 
7734 0.917247 
7735 0.913309 
7736 0.899335 
7737 0.885993 
7738 0.876401 
7739 0.868262 
7740 0.861807 
7741 0.853197 
7742 0.833955 
7743 0.825471 
7744 0.80188 
7745 0.791964 
7746 0.77007 
7747 0.752447 
7748 0.731857 
7749 0.717625 
7750 0.693511 
7751 0.678929 
7752 0.661698 
7753 0.649677 
7754 0.640896 
7755 0.630835 
7756 0.627649 
7757 0.613792 
7758 0.610728 
7759 0.605892 
7760 0.594509 
7761 0.592058 
7762 0.588394 
7763 0.583206 
7764 0.576161 
7765 0.572765 
7766 0.564262 
7767 0.560601 
7768 0.559112 
7769 0.554825 
7770 0.552355 
7771 0.545103 
7772 0.532985 
7773 0.530056 
7774 0.527551 
7775 0.522365 
7776 0.520833 
7777 0.51727 
7778 0.514615 
7779 0.506633 
7780 0.499374 
7781 0.494931 
7782 0.490377 
7783 0.487278 
7784 0.484493 
7785 0.48142 
7786 0.479423 
7787 0.472202 
7788 0.471444 
7789 0.467352 
7790 0.462199 
7791 0.459286 
7792 0.45412 
7793 0.447049 
7794 0.444431 
7795 0.442818 
7796 0.440501 
7797 0.439424 
7798 0.436768 
7799 0.432936 
7800 0.431771 
7801 0.428769 
7802 0.427725 
7803 0.421689 
7804 0.418684 
7805 0.414748 
7806 0.410498 
7807 0.40886 
7808 0.405438 
7809 0.40466 
7810 0.401099 
7811 0.397898 
7812 0.392028 
7813 0.389188 
7814 0.383232 
7815 0.38041 
7816 0.378782 
7817 0.377294 
7818 0.37563 
7819 0.373279 
7820 0.369891 
7821 0.365331 
7822 0.36318 
7823 0.355278 
7824 0.35347 
7825 0.352684 
7826 0.351858 
7827 0.350788 
7828 0.34765 
7829 0.345976 
7830 0.343324 
7831 0.341205 
7832 0.337098 
7833 0.330857 
7834 0.325642 
7835 0.322619 
7836 0.319314 
7837 0.318061 
7838 0.317596 
7839 0.316173 
7840 0.314393 
7841 0.313574 
7842 0.312176 
7843 0.310767 
7844 0.308778 
7845 0.307152 
7846 0.305732 
7847 0.303955 
7848 0.302572 
7849 0.301304 
7850 0.300385 
7851 0.298426 
7852 0.296573 
7853 0.293505 
7854 0.291307 
7855 0.289368 
7856 0.288552 
7857 0.287642 
7858 0.285319 
7859 0.284261 
7860 0.280774 
7861 0.277751 
7862 0.272446 
7863 0.269479 
7864 0.267603 
7865 0.264778 
7866 0.262449 
7867 0.25968 
7868 0.255119 
7869 0.252484 
7870 0.248549 
7871 0.24651 
7872 0.243203 
7873 0.24094 
7874 0.23723 
7875 0.235182 
7876 0.230506 
7877 0.228015 
7878 0.226368 
7879 0.22345 
7880 0.219615 
7881 0.212699 
7882 0.209609 
7883 0.207688 
7884 0.205063 
7885 0.201834 
7886 0.200061 
7887 0.195699 
7888 0.191287 
7889 0.185438 
7890 0.18218 
7891 0.175643 
7892 0.170905 
7893 0.16751 
7894 0.162226 
7895 0.154978 
7896 0.149991 
7897 0.145057 
7898 0.14235 
7899 0.136723 
7900 0.1292 
7901 0.12251 
7902 0.116097 
7903 0.109364 
7904 0.106318 
7905 0.103424 
7906 0.10022 
7907 0.0984135 
7908 0.0969432 
7909 0.0954942 
7910 0.0940959 
7911 0.0923105 
7912 0.0910517 
7913 0.0894397 
7914 0.088325 
7915 0.0868066 
7916 0.0849883 
7917 0.0842843 
7918 0.0829899 
7919 0.0824558 
7920 0.0817287 
7921 0.0811497 
7922 0.0810273 
7923 0.0809429 
7924 0.752968 
7925 0.999449 
7926 0.998794 
7927 0.996567 
7928 0.994691 
7929 0.990493 
7930 0.988885 
7931 0.982204 
7932 0.969888 
7933 0.954535 
7934 0.938867 
7935 0.925398 
7936 0.912712 
7937 0.902619 
7938 0.875301 
7939 0.854509 
7940 0.822791 
7941 0.802044 
7942 0.76605 
7943 0.720046 
7944 0.652404 
7945 0.561874 
7946 0.523167 
7947 0.50953 
7948 0.49749 
7949 0.483164 
7950 0.46956 
7951 0.451264 
7952 0.44299 
7953 0.434077 
7954 0.427311 
7955 0.421274 
7956 0.412063 
7957 0.404714 
7958 0.393673 
7959 0.385993 
7960 0.382204 
7961 0.373421 
7962 0.357203 
7963 0.348779 
7964 0.344609 
7965 0.338539 
7966 0.333328 
7967 0.327032 
7968 0.319184 
7969 0.312937 
7970 0.308948 
7971 0.302739 
7972 0.296928 
7973 0.292432 
7974 0.286442 
7975 0.279795 
7976 0.275929 
7977 0.267684 
7978 0.256752 
7979 0.251152 
7980 0.241809 
7981 0.233061 
7982 0.221444 
7983 0.210989 
7984 0.197988 
7985 0.174827 
7986 0.150227 
7987 0.131873 
7988 0.120784 
7989 0.114078 
7990 0.111015 
7991 0.104455 
7992 0.100868 
7993 0.0990486 
7994 0.0970484 
7995 0.0943397 
7996 0.092329 
7997 0.09114 
7998 0.089126 
7999 0.0857565 
8000 0.0817058 
8001 0.0803984 
8002 0.0800619 
8003 0.0793504 
8004 0.0796273 
8005 0.0788868 
8006 0.0782367 
8007 0.0785643 
8008 0.0778852 
8009 0.0774247 
8010 0.0788344 
8011 0.0779258 
8012 0.0771671 
8013 0.0766005 
8014 0.0770582 
8015 0.0762816 
8016 0.076286 
8017 0.0798301 
8018 0.078531 
8019 0.0773039 
8020 0.0762475 
8021 0.0762172 
8022 0.0762068 
8023 0.0762444 
8024 0.0764788 
8025 0.0757802 
8026 0.0792867 
8027 0.0778506 
8028 0.0765553 
8029 0.0755807 
8030 0.0842171 
8031 0.0816577 
8032 0.0793386 
8033 0.0772984 
8034 0.0756173 
8035 0.0760403 
8036 0.0759737 
8037 0.084768 
8038 0.0816146 
8039 0.0805613 
8040 0.0795343 
8041 0.0781918 
8042 0.0756136 
8043 0.0777335 
8044 0.0749649 
8045 0.0785295 
8046 0.0769063 
8047 0.0754336 
8048 0.0913791 
8049 0.0834278 
8050 0.0749382 
8051 0.0762808 
8052 0.0835319 
8053 0.0793205 
8054 0.0783695 
8055 0.0773252 
8056 0.076444 
8057 0.0754663 
8058 0.0743942 
8059 0.0779287 
8060 0.0741989 
8061 0.0829916 
8062 0.0811356 
8063 0.0796887 
8064 0.0762189 
8065 0.0741292 
8066 0.0759366 
8067 0.0748426 
8068 0.0735423 
8069 0.158529 
8070 0.100269 
8071 0.0918044 
8072 0.0835519 
8073 0.0818151 
8074 0.080657 
8075 0.0794192 
8076 0.0780581 
8077 0.076907 
8078 0.0758484 
8079 0.0748 
8080 0.0738012 
8081 0.0728796 
8082 0.0722621 
8083 0.301041 
8084 0.523892 
8085 0.325932 
8086 0.106509 
8087 0.0869918 
8088 0.0746119 
8089 0.0794128 
8090 0.0772945 
8091 0.0768325 
8092 0.0764784 
8093 0.0761241 
8094 0.0757695 
8095 0.0754141 
8096 0.0750577 
8097 0.0747001 
8098 0.0743411 
8099 0.0739798 
8100 0.0736185 
8101 0.0729042 
8102 0.0722285 
8103 0.0719241 
8104 0.0715044 
8105 0.0710492 
8106 0.07058 
8107 0.130871 
8108 0.935898 
8109 0.907823 
8110 0.767523 
8111 0.489328 
8112 0.417601 
8113 0.314803 
8114 0.252104 
8115 0.197903 
8116 0.135968 
8117 0.110837 
8118 0.0986894 
8119 0.0836898 
8120 0.0766525 
8121 0.0702317 
8122 0.0710894 
8123 0.0693582 
8124 0.0690511 
8125 0.0733029 
8126 0.071463 
8127 0.0708937 
8128 0.0703274 
8129 0.0697871 
8130 0.069266 
8131 0.068763 
8132 0.0748156 
8133 0.0713767 
8134 0.0708397 
8135 0.0702984 
8136 0.0697532 
8137 0.0691915 
8138 0.0686806 
8139 0.0684756 
8140 0.0704975 
8141 0.0698078 
8142 0.0691153 
8143 0.068488 
8144 0.0682235 
8145 0.0686083 
8146 0.0683067 
8147 0.0680686 
8148 0.224181 
8149 0.9971 
8150 0.996309 
8151 0.992671 
8152 0.990774 
8153 0.98641 
8154 0.983056 
8155 0.978924 
8156 0.974057 
8157 0.970196 
8158 0.967794 
8159 0.963195 
8160 0.961115 
8161 0.959515 
8162 0.956935 
8163 0.956215 
8164 0.953862 
8165 0.951931 
8166 0.949232 
8167 0.945486 
8168 0.942927 
8169 0.939909 
8170 0.929109 
8171 0.914088 
8172 0.880648 
8173 0.85183 
8174 0.832576 
8175 0.815871 
8176 0.808986 
8177 0.781008 
8178 0.758886 
8179 0.723814 
8180 0.707894 
8181 0.692762 
8182 0.672458 
8183 0.661141 
8184 0.645864 
8185 0.633987 
8186 0.613058 
8187 0.606763 
8188 0.585633 
8189 0.569328 
8190 0.5568 
8191 0.546916 
8192 0.540267 
8193 0.530438 
8194 0.525103 
8195 0.513771 
8196 0.511372 
8197 0.498902 
8198 0.495037 
8199 0.490393 
8200 0.476975 
8201 0.470083 
8202 0.461632 
8203 0.457739 
8204 0.451935 
8205 0.440841 
8206 0.433344 
8207 0.425866 
8208 0.421269 
8209 0.415557 
8210 0.408997 
8211 0.403199 
8212 0.393012 
8213 0.387942 
8214 0.383688 
8215 0.378666 
8216 0.37303 
8217 0.365803 
8218 0.359163 
8219 0.357108 
8220 0.354617 
8221 0.351861 
8222 0.347236 
8223 0.344157 
8224 0.34024 
8225 0.337977 
8226 0.334832 
8227 0.33299 
8228 0.328617 
8229 0.326849 
8230 0.325219 
8231 0.322742 
8232 0.319051 
8233 0.315764 
8234 0.310951 
8235 0.306832 
8236 0.303903 
8237 0.301936 
8238 0.297894 
8239 0.295219 
8240 0.292675 
8241 0.290082 
8242 0.285494 
8243 0.283058 
8244 0.280387 
8245 0.276846 
8246 0.271401 
8247 0.267815 
8248 0.264482 
8249 0.260755 
8250 0.258788 
8251 0.256607 
8252 0.250434 
8253 0.248622 
8254 0.245795 
8255 0.24354 
8256 0.24019 
8257 0.234413 
8258 0.229874 
8259 0.228165 
8260 0.223005 
8261 0.219731 
8262 0.214396 
8263 0.20608 
8264 0.202282 
8265 0.198396 
8266 0.191966 
8267 0.186799 
8268 0.180502 
8269 0.17193 
8270 0.162312 
8271 0.150368 
8272 0.141112 
8273 0.137436 
8274 0.130585 
8275 0.127757 
8276 0.122342 
8277 0.118117 
8278 0.11525 
8279 0.107801 
8280 0.103111 
8281 0.0998242 
8282 0.0978038 
8283 0.0951499 
8284 0.0917211 
8285 0.0904551 
8286 0.0885983 
8287 0.0867613 
8288 0.0849045 
8289 0.0833259 
8290 0.0812516 
8291 0.0783569 
8292 0.0760265 
8293 0.0741433 
8294 0.0718361 
8295 0.0710409 
8296 0.0695581 
8297 0.0681013 
8298 0.0675289 
8299 0.0663895 
8300 0.0657749 
8301 0.0656442 
8302 0.0655891 
8303 0.0655182 
8304 0.4143 
8305 0.0993745 
8306 0.070062 
8307 0.0714456 
8308 0.0666854 
8309 0.0672501 
8310 0.0661837 
8311 0.0658396 
8312 0.0685855 
8313 0.0674659 
8314 0.0664354 
8315 0.0645061 
8316 0.0742332 
8317 0.0678253 
8318 0.0671063 
8319 0.0667789 
8320 0.0664512 
8321 0.0657225 
8322 0.0651501 
8323 0.0646563 
8324 0.0642165 
8325 0.0641275 
8326 0.0685672 
8327 0.0670567 
8328 0.0664169 
8329 0.0657955 
8330 0.0651976 
8331 0.0645038 
8332 0.0641038 
8333 0.0638459 
8334 0.155035 
8335 0.0697314 
8336 0.0675834 
8337 0.0673858 
8338 0.0669891 
8339 0.0667923 
8340 0.0665944 
8341 0.0663888 
8342 0.0661884 
8343 0.0659863 
8344 0.0657823 
8345 0.065528 
8346 0.0649168 
8347 0.0634649 
8348 0.0631078 
8349 0.062892 
8350 0.176751 
8351 0.0819778 
8352 0.0781228 
8353 0.0743343 
8354 0.0730683 
8355 0.0726641 
8356 0.0722535 
8357 0.0718352 
8358 0.0714096 
8359 0.0707123 
8360 0.0702826 
8361 0.0698419 
8362 0.0693878 
8363 0.068759 
8364 0.0682699 
8365 0.0677484 
8366 0.0672201 
8367 0.0666805 
8368 0.0661274 
8369 0.0652436 
8370 0.0646577 
8371 0.063996 
8372 0.063175 
8373 0.0621978 
8374 0.0897584 
8375 0.0840258 
8376 0.0802486 
8377 0.0764777 
8378 0.0711343 
8379 0.0659247 
8380 0.0616694 
8381 0.0723003 
8382 0.0627875 
8383 0.0615089 
8384 0.0610395 
8385 0.0710724 
8386 0.0683145 
8387 0.0670321 
8388 0.0656593 
8389 0.0642311 
8390 0.0626905 
8391 0.0604282 
8392 0.0819197 
8393 0.0756398 
8394 0.0697519 
8395 0.067616 
8396 0.0672074 
8397 0.0667874 
8398 0.0663544 
8399 0.0659068 
8400 0.0654424 
8401 0.0649528 
8402 0.0644395 
8403 0.0636553 
8404 0.063159 
8405 0.062619 
8406 0.0620155 
8407 0.0613047 
8408 0.060378 
8409 0.0730358 
8410 0.0616908 
8411 0.0611148 
8412 0.0595069 
8413 0.0741771 
8414 0.999358 
8415 0.998792 
8416 0.998168 
8417 0.997357 
8418 0.99664 
8419 0.995153 
8420 0.99355 
8421 0.991922 
8422 0.990558 
8423 0.99019 
8424 0.98816 
8425 0.985099 
8426 0.981517 
8427 0.975384 
8428 0.967664 
8429 0.963228 
8430 0.958953 
8431 0.944013 
8432 0.92557 
8433 0.909706 
8434 0.880837 
8435 0.868528 
8436 0.861887 
8437 0.842669 
8438 0.830681 
8439 0.809875 
8440 0.780686 
8441 0.749915 
8442 0.681159 
8443 0.62294 
8444 0.549577 
8445 0.498819 
8446 0.460446 
8447 0.432107 
8448 0.416325 
8449 0.393875 
8450 0.378755 
8451 0.36478 
8452 0.357739 
8453 0.346665 
8454 0.337349 
8455 0.330414 
8456 0.319226 
8457 0.313248 
8458 0.303292 
8459 0.294342 
8460 0.284685 
8461 0.27238 
8462 0.261453 
8463 0.254355 
8464 0.244992 
8465 0.232827 
8466 0.216649 
8467 0.2029 
8468 0.187795 
8469 0.17159 
8470 0.158176 
8471 0.150106 
8472 0.131129 
8473 0.113144 
8474 0.101204 
8475 0.0939671 
8476 0.0830944 
8477 0.0795295 
8478 0.0757308 
8479 0.0714784 
8480 0.0700649 
8481 0.0684727 
8482 0.0662728 
8483 0.0651553 
8484 0.0637608 
8485 0.0618457 
8486 0.0604211 
8487 0.0600554 
8488 0.0597332 
8489 0.0595037 
8490 0.0592513 
8491 0.0590951 
8492 0.0592377 
8493 0.0590517 
8494 0.0589057 
8495 0.0757245 
8496 0.0609677 
8497 0.06069 
8498 0.0603773 
8499 0.0600994 
8500 0.0598554 
8501 0.0596436 
8502 0.0594327 
8503 0.0592232 
8504 0.0590153 
8505 0.0588069 
8506 0.0586211 
8507 0.0585622 
8508 0.0596459 
8509 0.0585036 
8510 0.059337 
8511 0.0588016 
8512 0.0585403 
8513 0.058395 
8514 0.0600642 
8515 0.0591357 
8516 0.0588402 
8517 0.058633 
8518 0.0584318 
8519 0.0582584 
8520 0.0595874 
8521 0.0590403 
8522 0.058756 
8523 0.0584606 
8524 0.0581957 
8525 0.0582954 
8526 0.0580808 
8527 0.0679272 
8528 0.0616147 
8529 0.0600201 
8530 0.0589033 
8531 0.0580016 
8532 0.0586703 
8533 0.0581405 
8534 0.0577492 
8535 0.13384 
8536 0.0779525 
8537 0.068382 
8538 0.060997 
8539 0.0572781 
8540 0.0653728 
8541 0.0631859 
8542 0.0619447 
8543 0.0607675 
8544 0.0596642 
8545 0.0586446 
8546 0.0577259 
8547 0.0570519 
8548 0.0578243 
8549 0.0573822 
8550 0.0569188 
8551 0.0585927 
8552 0.057744 
8553 0.0570018 
8554 0.0576508 
8555 0.0567762 
8556 0.0646428 
8557 0.0619088 
8558 0.0602806 
8559 0.0586372 
8560 0.0564041 
8561 0.0645565 
8562 0.0636202 
8563 0.0631918 
8564 0.0627554 
8565 0.0622567 
8566 0.0618091 
8567 0.061352 
8568 0.0608059 
8569 0.0603694 
8570 0.059872 
8571 0.0592616 
8572 0.0586553 
8573 0.057856 
8574 0.0821414 
8575 0.0804824 
8576 0.0788452 
8577 0.0770864 
8578 0.0754917 
8579 0.0739229 
8580 0.0723702 
8581 0.0708324 
8582 0.0689411 
8583 0.0669902 
8584 0.065008 
8585 0.0629072 
8586 0.060946 
8587 0.05897 
8588 0.0569104 
8589 0.0569422 
8590 0.0573387 
8591 0.0615826 
8592 0.0591443 
8593 0.0561756 
8594 0.0557714 
8595 0.0617812 
8596 0.0605491 
8597 0.0595387 
8598 0.0585312 
8599 0.057447 
8600 0.0564172 
8601 0.0554926 
8602 0.070777 
8603 0.0651719 
8604 0.0602656 
8605 0.0554103 
8606 0.0577953 
8607 0.0555566 
8608 0.0585212 
8609 0.057428 
8610 0.0550253 
8611 0.0564435 
8612 0.0626883 
8613 0.0563756 
8614 0.0547331 
8615 0.0613114 
8616 0.0577118 
8617 0.0559136 
8618 0.0557812 
8619 0.055682 
8620 0.0555577 
8621 0.0554498 
8622 0.0551176 
8623 0.054988 
8624 0.0548568 
8625 0.0547203 
8626 0.0545833 
8627 0.0544542 
8628 0.054455 
8629 0.0935164 
8630 0.085285 
8631 0.0842033 
8632 0.0831179 
8633 0.0820815 
8634 0.081066 
8635 0.0800602 
8636 0.0790578 
8637 0.0780568 
8638 0.0770554 
8639 0.0760519 
8640 0.0750444 
8641 0.074031 
8642 0.07301 
8643 0.0719793 
8644 0.0709334 
8645 0.0698769 
8646 0.0688038 
8647 0.0677112 
8648 0.0665959 
8649 0.0654538 
8650 0.0642771 
8651 0.0628419 
8652 0.0616189 
8653 0.0603356 
8654 0.0589542 
8655 0.0575861 
8656 0.0563201 
8657 0.0552118 
8658 0.0542476 
8659 0.0716824 
8660 0.0637809 
8661 0.0583813 
8662 0.0549954 
8663 0.0784452 
8664 0.0766078 
8665 0.0751632 
8666 0.0739043 
8667 0.072669 
8668 0.0714459 
8669 0.0702342 
8670 0.0690331 
8671 0.0678416 
8672 0.0666588 
8673 0.0654051 
8674 0.0642218 
8675 0.0629866 
8676 0.0618659 
8677 0.060594 
8678 0.0594217 
8679 0.0582607 
8680 0.0571025 
8681 0.0559553 
8682 0.0548111 
8683 0.0537823 
8684 0.0539329 
8685 0.189667 
8686 0.15929 
8687 0.133828 
8688 0.10842 
8689 0.0822625 
8690 0.0639169 
8691 0.0541271 
8692 0.0829056 
8693 0.0577054 
8694 0.0688765 
8695 0.0560978 
8696 0.0541725 
8697 0.0539107 
8698 0.0536329 
8699 0.0533367 
8700 0.0530216 
8701 0.0527589 
8702 0.107059 
8703 0.0640499 
8704 0.0625251 
8705 0.0615221 
8706 0.0604413 
8707 0.0594295 
8708 0.0584606 
8709 0.0570127 
8710 0.0558551 
8711 0.0543689 
8712 0.0528136 
8713 0.0517 
8714 0.0694459 
8715 0.998215 
8716 0.995763 
8717 0.993598 
8718 0.98762 
8719 0.962802 
8720 0.91927 
8721 0.886395 
8722 0.848492 
8723 0.757971 
8724 0.645238 
8725 0.547375 
8726 0.480814 
8727 0.437733 
8728 0.391126 
8729 0.363785 
8730 0.336413 
8731 0.30948 
8732 0.292153 
8733 0.273348 
8734 0.260257 
8735 0.238431 
8736 0.215948 
8737 0.19175 
8738 0.166762 
8739 0.144086 
8740 0.121165 
8741 0.0944172 
8742 0.0743792 
8743 0.0678114 
8744 0.0635636 
8745 0.0601691 
8746 0.0564611 
8747 0.0542825 
8748 0.0525378 
8749 0.0517418 
8750 0.0513265 
8751 0.0519592 
8752 0.0516193 
8753 0.0513086 
8754 0.0510635 
8755 0.0537307 
8756 0.0531633 
8757 0.052667 
8758 0.0521775 
8759 0.0516988 
8760 0.0512431 
8761 0.0508849 
8762 0.0545715 
8763 0.0530573 
8764 0.052503 
8765 0.0520557 
8766 0.0516213 
8767 0.0512039 
8768 0.0508221 
8769 0.0508431 
8770 0.0506226 
8771 0.123047 
8772 0.0624436 
8773 0.0607573 
8774 0.0594366 
8775 0.0585751 
8776 0.057698 
8777 0.0569129 
8778 0.0561303 
8779 0.0553909 
8780 0.0546989 
8781 0.0540423 
8782 0.0534052 
8783 0.0527951 
8784 0.0522066 
8785 0.0516419 
8786 0.0510715 
8787 0.0505572 
8788 0.0500059 
8789 0.0518277 
8790 0.0506961 
8791 0.0499901 
