axis,case,value,stage,q,cell_over_core,backend,n_nodes,ring_radius_over_core,image_shell,core_model,fd_eps_over_core,spectral_abscissa,gap_after_neutral,gap_mode_branch,unstable_count,mode_min_overlap_prev,mode_median_overlap_prev,gap_mode_overlap_prev,self_jacobian_norm,interaction_jacobian_norm,interaction_to_self_norm,neutral_effective_norm,fd_roundoff_floor,neutral_signal_to_fd_floor,neutral_signal_gate_ok,neutral_gap_normalized,neutral_abscissa_normalized,neutral_positive_count,raw_rms,shape_rms,relative_shape_residual,equilibrium_gate_ok,interaction_decay_exponent
resolution,N32,32,coarse,2.31,10.074424655013587,cpp,32,4.0,2,0,0.0001,0.02212887197256674,0.007564957960240929,6,8,1.0,1.0,1.0,0.5954337493135075,0.09136691185780905,0.15344597440630225,0.011909747567271029,2.220446049250313e-12,5363673470.6038475,True,1.3523194725506597e-05,2.718831197573196e-13,0,0.028389911404567352,0.0023357652037348914,0.08227448020000214,False,
resolution,N32,32,coarse,2.335,10.329459929369532,cpp,32,4.0,2,0,0.0001,0.019649948387697704,0.004966637553945531,6,8,0.2829299244570388,0.9484468508387587,0.917057599904947,0.5954337493135075,0.0751108996223834,0.12614484769964904,0.00963601683606891,2.220446049250313e-12,4339676183.225576,True,1.508283516186879e-05,-1.0262328045863725e-13,0,0.030514936469659686,0.0019675177117264193,0.06447720163804627,False,7.836708608308578
resolution,N32,32,coarse,2.36,10.59095145243378,cpp,32,4.0,2,0,0.0001,0.01761624507926608,0.0023850404444824263,7,6,0.1238306886914916,0.9917554877192941,0.46902705708901543,0.5954337493135075,0.06206837356231039,0.1042406038184278,0.007853889868462879,2.220446049250313e-12,3537077548.5018334,True,1.598964518251463e-05,-3.118832910030747e-15,0,0.03240404072852285,0.0016353679129178064,0.050468024238665844,False,7.62916424895263
resolution,N32,32,coarse,2.385,10.859062664920515,cpp,32,4.0,2,0,0.0001,0.01593693486852839,0.005638973839501733,11,6,0.0807140717160265,0.9923403791648175,0.9990590940318854,0.5954337493135075,0.05155278326731333,0.08658021707158857,0.006446169243186892,2.220446049250313e-12,2903096540.1583643,True,1.652017254609431e-05,3.944407048366342e-13,0,0.03406835507666599,0.0013482224161847326,0.03957403910904268,True,7.425215047547919
resolution,N32,32,coarse,2.41,11.133961145065307,cpp,32,4.0,2,0,0.0001,0.014544422595708215,0.004977660773502284,10,6,0.21279562221809242,0.9948074522231769,0.9995811662684029,0.5954337493135075,0.04303247726741672,0.07227080647852106,0.005325344315025201,2.220446049250313e-12,2398321867.2767086,True,1.680457653895039e-05,1.3139010456955408e-13,0,0.03552681857188352,0.001105969410146432,0.03113055023231699,True,7.226043388560433
resolution,N32,32,coarse,2.435,11.41581871336694,cpp,32,4.0,2,0,0.0001,0.013386357513309147,0.004364308762234707,10,6,0.26498887791293985,0.9862466999503491,0.999705713289462,0.5954337493135075,0.03609307161680504,0.06061643576370633,0.004425995593127766,2.220446049250313e-12,1993291210.3953664,True,1.693395049534028e-05,-3.671119186299406e-14,0,0.036801064328990954,0.0009045760217083852,0.024580159248160195,True,7.034167638025227
resolution,N32,32,coarse,2.46,11.704811539980854,cpp,32,4.0,2,0,0.0001,0.012421159194300643,0.0037792369170838616,11,6,0.31794334175388134,0.9967253456973453,0.9997027737274691,0.5954337493135075,0.0304110680060419,0.051073806348907305,0.0036989837073955014,2.220446049250313e-12,1665874164.6275916,True,1.695316048468534e-05,4.013722854580748e-13,0,0.037912691901850835,0.0007386615531572771,0.01948322622591768,True,6.851772145989474
resolution,N32,32,coarse,2.485,12.001120254831195,cpp,32,4.0,2,0,0.0001,0.01161526998160499,0.003205960003768004,10,6,0.10079234209936572,0.9968759257294059,0.9996393181834029,0.5954337493135075,0.025733629821840482,0.04321829229785768,0.0031071513024699196,2.220446049250313e-12,1399336544.7987282,True,1.690991945852088e-05,7.200809332217738e-13,0,0.038881929150744184,0.0006027375130404065,0.015501738885012868,True,6.680317257088067
resolution,N32,32,coarse,2.51,12.30493006051041,cpp,32,4.0,2,0,0.0001,0.010941328228419622,0.002624530766286722,11,6,0.1314639417117797,0.9964202479974358,0.9995206869896829,0.5954337493135075,0.021862748666979966,0.03671734881031878,0.0026221882056406366,2.220446049250313e-12,1180928582.5818481,True,1.6809141851876255e-05,4.765180948816497e-13,0,0.03972707022856155,0.0004917571665791174,0.012378389942925401,True,6.520579018298029
resolution,N32,32,coarse,2.535,12.616430848036902,cpp,32,4.0,2,0,0.0001,0.010376875868990528,0.0020005465516502686,11,6,0.1388998366153803,0.9918936310594382,0.9992982024520399,0.5954337493135075,0.018642878360507455,0.03130974416885399,0.0022223540041187637,2.220446049250313e-12,1000859266.4834594,True,1.669297767055596e-05,1.0549055728882768e-13,0,0.040464329670276224,0.0004013158182235218,0.009917767611465346,True,6.372799943784378
resolution,N32,32,coarse,2.56,12.935817315543076,cpp,32,4.0,2,0,0.0001,0.009903400807394455,0.0012383796923479806,10,6,0.12280786863072882,0.996564622119555,0.9987006938271458,0.5954337493135075,0.0159513451870266,0.026789454251488702,0.0018908209686327828,2.220446049250313e-12,851550060.9758921,True,1.6544038607027964e-05,1.3214323417372635e-14,0,0.04110790769821748,0.00032768106224739124,0.007971241558995718,True,6.236842095962332
resolution,N32,32,coarse,2.585,13.263289089968042,cpp,32,4.0,2,0,0.0001,0.009505602810645608,0.0007661822652839745,10,5,0.24408853735558952,0.9962413232894364,0.9942714159793115,0.5954337493135075,0.013690954497950488,0.022993245703212456,0.0016144628091417507,2.220446049250313e-12,727089410.5654312,True,1.6388386426996643e-05,7.093062074175452e-13,0,0.04167015297577178,0.0002677460603929383,0.0064253678297896705,True,6.112312170957966
resolution,N32,32,coarse,2.61,13.599050851830924,cpp,32,4.0,2,0,0.0001,0.009170816210299746,0.0015543089198915621,10,5,0.11742504714648877,0.9952766211512291,0.998090065894324,0.5954337493135075,0.011784309835649036,0.019791135200575214,0.001382963760008081,2.220446049250313e-12,622831507.4239295,True,1.6231150423520744e-05,-6.374177588544202e-14,0,0.0421617612877067,0.00021895327558082569,0.0051931719381150925,True,5.998655496832787
resolution,N32,32,coarse,2.635,13.94331246316286,cpp,32,4.0,2,0,0.0001,0.008888547094789864,0.0019997034710002868,10,5,0.3744574431446245,0.9983377981670671,0.9993074015360864,0.5954337493135075,0.010169452530133911,0.017079066381202886,0.0011881585997294728,2.220446049250313e-12,535099062.6998704,True,1.6071413869135204e-05,1.2086215812991466e-12,0,0.0425919780988364,0.00017921204300307066,0.004207647801358319,True,5.895223798329204
resolution,N32,32,coarse,2.66,14.296289098677603,cpp,32,4.0,2,0,0.0001,0.008650096960079194,0.0023180839988143,10,5,0.26837116459969096,0.9982551678764724,0.9996067516627488,0.5954337493135075,0.008796512225749288,0.014773284577656268,0.0010235400672198869,2.220446049250313e-12,460961466.5330255,True,1.5914947020181716e-05,5.404465872689131e-13,0,0.0429687893319186,0.00014682079003125237,0.003416917076651009,True,5.801322873110915
resolution,N32,32,coarse,2.685,14.658201380262703,cpp,32,4.0,2,0,0.0001,0.008448253597704378,0.0021107568139749735,15,5,0.18608705991753288,0.9988862534737195,0.997982014338462,0.5954337493135075,0.00762512844618166,0.012806006470027755,0.0008838884205470219,2.220446049250313e-12,398067956.1412664,True,1.5763729265330478e-05,1.7110379953166888e-13,0,0.04329909366042079,0.00012039824877184185,0.0027806182206972273,True,5.716245487440077
resolution,N32,32,coarse,2.71,15.029275514875401,cpp,32,4.0,2,0,0.0001,0.008277035597179896,0.0012884890927273148,14,5,0.6395924761428866,0.994747067107503,0.9969750665859579,0.5954337493135075,0.006622459508062761,0.01112207615993884,0.000764990759162556,2.220446049250313e-12,344521209.790636,True,1.5614402005454292e-05,1.3803452175187596e-12,0,0.04358885437625434,9.882477467634589e-05,0.002267202845555448,True,5.639293596195226
resolution,N32,32,coarse,2.735,15.409743435929318,cpp,32,4.0,2,0,0.0001,0.008131480453078564,0.0008505525006578034,15,4,0.6707647367146772,0.9966960766946772,0.9894406845960496,0.5954337493135075,0.005761639123804324,0.009676373115308097,0.0006634268044581237,2.220446049250313e-12,298780870.9345205,True,1.5479512720276092e-05,-7.238319716183609e-13,0,0.04384323131507217,8.119336030549828e-05,0.0018519018300000643,True,5.569792940690484
resolution,N32,32,coarse,2.76,15.799842948260395,cpp,32,4.0,2,0,0.0001,0.008007468637218339,0.0016610018045001287,15,4,0.6039138284751702,0.9975345105044642,0.9971623644359029,0.5954337493135075,0.005020574899935094,0.008431794310825441,0.000576404249464837,2.220446049250313e-12,259589396.31046104,True,1.5348431894231627e-05,8.274039094432257e-13,0,0.044066694450839446,6.676929573218003e-05,0.0015151872988038047,True,5.507102211375938
resolution,N32,32,coarse,2.785,16.19981787676266,cpp,32,4.0,2,0,0.0001,0.00790157758822769,0.0021212299310069396,15,4,0.5141562728148381,0.9982670279937099,0.9991187548428572,0.5954337493135075,0.004381008680563153,0.007357676123689903,0.0005016313513795731,2.220446049250313e-12,225914676.7150404,True,1.5221894298310804e-05,1.8913374288927556e-12,0,0.044263121199957685,5.495723805819702e-05,0.0012416033159959256,True,5.450618352190799
resolution,N32,32,coarse,2.81,16.6099182187867,cpp,32,4.0,2,0,0.0001,0.007810960687992065,0.0024475378581980942,15,4,0.19634893253002902,0.9995710089915404,0.9995710089915404,0.5954337493135075,0.0038277781252264898,0.006428554192031682,0.00043721770380962137,2.220446049250313e-12,196905348.79567948,True,1.5111911030559367e-05,3.4543114707792335e-12,0,0.04443587953680575,4.527447926985935e-05,0.0010188721308500037,True,5.399779173894627
resolution,N32,32,coarse,2.835,17.03040030039619,cpp,32,4.0,2,0,0.0001,0.007733247120261124,0.00269615051853388,15,4,0.6983493746867786,0.9997578127525099,0.9997578127525099,0.5954337493135075,0.0033482335533585343,0.005623184035535117,0.00038159647730832795,2.220446049250313e-12,171855775.30116796,True,1.5003771899199175e-05,2.0426689988465835e-12,0,0.044587898903298485,3.732932189263297e-05,0.0008372074668418937,True,5.3540640652779725
resolution,N32,32,coarse,2.86,17.46152693657999,cpp,32,4.0,2,0,0.0001,0.007666459155389951,0.0028927188229881063,15,4,0.7183874194886376,0.9963754209595115,0.9998522181717009,0.5954337493135075,0.0029317750923996172,0.0049237637197752804,0.0003334631221283821,2.220446049250313e-12,150178439.25591838,True,1.4901617987053104e-05,5.065527323805613e-12,0,0.044721730697337356,3.080362304954348e-05,0.0006887842346266234,True,5.312993443698271
resolution,N32,32,coarse,2.885,17.90356759552007,cpp,32,4.0,2,0,0.0001,0.00760894393826884,0.0030517301779513545,15,4,0.7345053715794595,0.9998142158194208,0.9999053131105435,0.5954337493135075,0.002569483458611053,0.00431531377180666,0.0002917267738638723,2.220446049250313e-12,131382059.00673322,True,1.481245825717572e-05,5.882955679271636e-13,0,0.044839599903748646,2.5438718914742844e-05,0.0005673270718148432,True,5.276127333220814
resolution,N32,32,coarse,2.91,18.356798567017925,cpp,32,4.0,2,0,0.0001,0.007559317309195304,0.0031823827814248997,15,4,0.6093633289878335,0.9995274503744846,0.9999372414415524,0.5954337493135075,0.002253823944322919,0.0037851800421481265,0.0002554715197159216,2.220446049250313e-12,115054144.0996399,True,1.4730105259879312e-05,-6.433728997995403e-13,0,0.04494344921463366,2.1024079492895174e-05,0.00046778963030834087,True,5.243063415224275
resolution,N32,32,coarse,2.935,18.821503135184646,cpp,32,4.0,2,0,0.0001,0.007516417575735617,0.0032909629888038007,15,4,0.8619724232619446,0.9999285055227806,0.9999573470532983,0.5954337493135075,0.0019784079090960486,0.0033226331415997356,0.00022392536297527018,2.220446049250313e-12,100847018.12542298,True,1.4653727865302483e-05,1.672148168856545e-12,0,0.04503497678723767,1.7388163214854328e-05,0.0003861035234236406,True,5.2134347807096155
resolution,N32,32,coarse,2.96,19.297971755502758,cpp,32,4.0,2,0,0.0001,0.007479267491217909,0.0033819881296632453,15,4,0.4546564268257268,0.9987527341207062,0.9999704432323991,0.5954337493135075,0.001737799656159193,0.0029185441002676647,0.0001964352303848555,2.220446049250313e-12,88466563.03636727,True,1.4581548846801032e-05,2.8733786116498995e-12,0,0.04511566861158381,1.4391041464327536e-05,0.0003189810083105478,True,5.18690749509577
resolution,N32,32,coarse,2.985,19.786502236370332,cpp,32,4.0,2,0,0.0001,0.0074470429835291245,0.0034588235073901566,15,4,0.296853795155828,0.9997009203714422,0.9999791979401513,0.5954337493135075,0.0015273592953991867,0.0025651204641324457,0.00017244674788819428,2.220446049250313e-12,77663110.95305257,True,1.4520756951823248e-05,1.7312376063265556e-12,0,0.04518682630798452,1.1918446284211111e-05,0.0002637593134551501,True,5.163178161889751
resolution,N32,32,coarse,3.01,20.287399925240926,cpp,32,4.0,2,0,0.0001,0.007419047426458408,0.0035240447446048986,15,4,0.7172844601410462,0.9999642418169546,0.9999851721444319,0.5954337493135075,0.0013431142786175993,0.0022556905451968654,0.00015148779807582058,2.220446049250313e-12,68224039.09654425,True,1.4463646263546662e-05,1.815136647186095e-12,0,0.04524959104479401,9.876962379184302e-06,0.0002182773844167295,True,5.141971501961382
resolution,N32,32,coarse,3.035,20.800977899475697,cpp,32,4.0,2,0,0.0001,0.007394690455102123,0.0035796645750658983,15,4,0.43519109167825554,0.9990953288292479,0.9999893178253028,0.5954337493135075,0.0011816538863972303,0.001984526217668368,0.00013315509131476717,2.220446049250313e-12,59967721.96276698,True,1.4410437501065111e-05,-6.465126507175991e-13,0,0.04530496415709678,8.190139494446538e-06,0.0001807779709536222,True,5.123038006803412
resolution,N32,32,coarse,3.06,21.327557162026903,cpp,32,4.0,2,0,0.0001,0.0073734705033913096,0.003627282035484241,15,4,0.6731575945613386,0.9990708267737191,0.9999922349424221,0.5954337493135075,0.001040042171634419,0.0017466967111513469,0.00011710314982953057,2.220446049250313e-12,52738570.19361852,True,1.4363547085989117e-05,1.8236355300863505e-12,0,0.04535382495486543,6.795345536431608e-06,0.00014982960187358185,True,5.106151752684467
resolution,N32,32,coarse,3.085,21.867466842075256,cpp,32,4.0,2,0,0.0001,0.007354960389436308,0.0036681845877973157,15,4,0.799565394580419,0.9999205896198209,0.9999943118077796,0.5954337493135075,0.0009157458167333712,0.0015379474505587912,0.0001030352324881637,2.220446049250313e-12,46402943.46397264,True,1.4321465649375077e-05,3.695963441859747e-12,0,0.04539694613193313,5.64121636387546e-06,0.00012426422578031772,True,5.091108297800833
resolution,N32,32,coarse,3.11,22.421044400746343,cpp,32,4.0,2,0,0.0001,0.007338795396634719,0.0037034203176041854,15,4,0.5214160670253094,0.9999806019838031,0.999995805345809,0.5954337493135075,0.000806574094079096,0.0013545992228505997,9.069582735494912e-05,2.220446049250313e-12,40845769.427980766,True,1.4283355800730016e-05,3.2000054300777435e-12,0,0.04543500712260215,4.685586669101759e-06,0.00010312723527165161,True,5.077722761023397
resolution,N32,32,coarse,3.135,22.988635842034803,cpp,32,4.0,2,0,0.0001,0.007324663399312374,0.003733850354487006,15,4,0.32607460752655887,0.9997182990340219,0.9999968887267539,0.5954337493135075,0.0007106286944824356,0.0011934639165175633,7.986441628721891e-05,2.220446049250313e-12,35967735.543128125,True,1.4250805632836953e-05,7.385489472389755e-12,0,0.04546860569880915,3.893809186708338e-06,8.563731231394059e-05,True,5.065828043200747
resolution,N32,32,coarse,3.16,23.570595929068126,cpp,32,4.0,2,0,0.0001,0.007312296664824595,0.0037601877880790962,15,4,0.523470307809529,0.9999625106368648,0.9999976805264236,0.5954337493135075,0.0006262616369390411,0.0010517738332116312,7.03502757308336e-05,2.220446049250313e-12,31682947.556679383,True,1.4220105583583458e-05,5.339173801411208e-12,0,0.04549826805572569,3.2373877133093884e-06,7.115408677412244e-05,True,5.055273169845496
resolution,N32,32,coarse,3.185,24.167288405845095,cpp,32,4.0,2,0,0.0001,0.00730146503177055,0.00378302710592774,15,4,0.8455636970987033,0.999846840656895,0.9999982630500963,0.5954337493135075,0.0005520398243689809,0.0009271221609548389,6.19881253425674e-05,2.220446049250313e-12,27916969.819418214,True,1.4193687998018529e-05,1.2075171976561324e-11,0,0.04552445759601423,2.6928640266714924e-06,5.9152028796654106e-05,True,5.045921795772591
resolution,N32,32,coarse,3.21,24.779086224587694,cpp,32,4.0,2,0,0.0001,0.007291970219521477,0.00380286682066376,15,4,0.502556800043038,0.9999895060966377,0.9999986941074661,0.5954337493135075,0.0004867150887011373,0.0008174126664171875,5.4634472884001047e-05,2.220446049250313e-12,24605179.17219706,True,1.4168898079544541e-05,-2.220423560518946e-12,0,0.04554758259141825,2.2409104821700043e-06,4.919932858505252e-05,True,5.037650834194481
resolution,N32,32,coarse,3.235,25.406371778848346,cpp,32,4.0,2,0,0.0001,0.007283641069272234,0.003820127102951971,15,4,0.49616661100781545,0.9985720317673895,0.9999990147267899,0.5954337493135075,0.000429198788747068,0.00072081703336753,4.8164533233155325e-05,2.220446049250313e-12,21691377.39213122,True,1.4147447688839066e-05,4.4281318469999035e-12,0,0.0455680028739174,1.8655894312737408e-06,4.094077672079815e-05,True,5.0303491912407985
resolution,N32,32,coarse,3.26,26.049537142518336,cpp,32,4.0,2,0,0.0001,0.007276329553790789,0.003835163688052634,15,4,0.3058691584723888,0.9999563635080284,0.9999992542944067,0.5954337493135075,0.00037854019872639327,0.0006357385673264626,4.2469622629944045e-05,2.220446049250313e-12,19126617.66507816,True,1.4128682741859116e-05,9.648699303894698e-12,0,0.045586035686442865,1.553748111061525e-06,3.4083861157587004e-05,True,5.023916641718603
resolution,N32,32,coarse,3.285,26.708984314886784,cpp,32,4.0,2,0,0.0001,0.007269907422609916,0.003848278958507548,15,4,0.41921271934310167,0.9991468223482787,0.9999994340301096,0.5954337493135075,0.0003339080656816051,0.0005607812222041113,3.7454947775809614e-05,2.220446049250313e-12,16868208.884631757,True,1.4112624025109238e-05,4.568721049131577e-12,0,0.045601960804429,1.294523682338618e-06,2.8387456580877765e-05,True,5.018262798174066
resolution,N32,32,coarse,3.31,27.38512547190322,cpp,32,4.0,2,0,0.0001,0.007264263374000687,0.003859730858197268,15,4,0.5324889250353737,0.9999393478477006,0.9999995693681993,0.5954337493135075,0.00029457482602791884,0.0004947230928168626,3.303772418076946e-05,2.220446049250313e-12,14878868.230968256,True,1.4098714978538491e-05,3.6297716727787385e-12,0,0.04561602502366895,1.0789379330539414e-06,2.365260744429417e-05,True,5.0133061449996745
resolution,N32,32,coarse,3.335,28.07838322380105,cpp,32,4.0,2,0,0.0001,0.0072593006643834265,0.0038697401211256095,15,4,0.45862569610579995,0.9998736721158578,0.999999671607977,0.5954337493135075,0.0002599030607925957,0.0004364936671665745,2.9145570047853552e-05,2.220446049250313e-12,13125997.840701394,True,1.4086061223474638e-05,1.194959880288687e-11,0,0.045628446096563066,8.995650618515629e-07,1.9715005414556997e-05,True,5.008973225026491
resolution,N32,32,coarse,3.36,28.789190879242675,cpp,32,4.0,2,0,0.0001,0.00725493508223307,0.0038784961764097917,15,4,0.6509815446268387,0.9998129467254584,0.9999997490698884,0.5954337493135075,0.00022933384321948254,0.0003851542568487058,2.571513157629078e-05,2.220446049250313e-12,11581065.698476644,True,1.4073213831097057e-05,-2.6268114620070705e-13,0,0.04563941618750477,7.502590912512603e-07,1.643884067598278e-05,True,5.005197831333028
resolution,N32,32,coarse,3.385,29.517992716151486,cpp,32,4.0,2,0,0.0001,0.007251093226253715,0.0038861620039937136,15,6,0.4063412176488733,0.9996084122119205,0.9999998079130447,0.5954337493135075,0.00020237669018553192,0.0003398811209792152,2.269090323415166e-05,2.220446049250313e-12,10219074.33500254,True,1.4065935392578396e-05,1.3768871230582304e-13,0,0.04564910490849404,6.25929990586853e-07,1.3711769197699748e-05,True,5.001920355599409
resolution,N32,32,coarse,3.41,30.265244259400085,cpp,32,4.0,2,0,0.0001,0.007247711038408392,0.003892878150897754,15,6,0.4538186773050865,0.9993504637135378,0.9999998527182653,0.5954337493135075,0.00017860087834765563,0.00029995088211504583,2.0024212867364628e-05,2.220446049250313e-12,9018103.760785082,True,1.4057460749270381e-05,3.571126255697151e-12,0,0.04565766198784105,5.223596331202915e-07,1.144078803814789e-05,True,4.999087092929571
resolution,N32,32,coarse,3.435,31.031412565528075,cpp,32,4.0,2,0,0.0001,0.00724473255084808,0.0038987660715738308,15,6,0.2046003304811183,0.9995123690016744,0.9999998869070744,0.5954337493135075,0.0001576279237817532,0.00026472789619917734,1.7672346611517814e-05,2.220446049250313e-12,7958917.361439387,True,1.404962758965527e-05,7.61280131538075e-12,0,0.04566521961778672,4.360503632698189e-07,9.548850677156848e-06,True,4.996649732199432
resolution,N32,32,coarse,3.46,31.81697651466769,cpp,32,4.0,2,0,0.0001,0.007242108813017233,0.003903930919084343,15,6,0.25611914173355377,0.9998291004101445,0.9999999130449954,0.5954337493135075,0.0001391250575031736,0.00023365329503672715,1.559779267854341e-05,2.220446049250313e-12,7024621.329489035,True,1.4044993413994569e-05,1.6962980922327424e-11,0,0.045671894520843415,3.641002876815898e-07,7.972086367370295e-06,True,4.9945648067795805
resolution,N32,32,coarse,3.485,32.62242710985942,cpp,32,4.0,2,0,0.0001,0.007239796970858092,0.003908463888547892,15,6,0.8364293276931191,0.9994946335127348,0.9999999330624141,0.5954337493135075,0.0001227995551058676,0.00020623546321895037,1.3767586607117723e-05,2.220446049250313e-12,6200369.791360641,True,1.4040008939263452e-05,-3.4763943648913884e-13,0,0.04567778976947733,3.041004879262211e-07,6.657513191004398e-06,True,4.992793205029511
resolution,N32,32,coarse,3.51,33.44826778394491,cpp,32,4.0,2,0,0.0001,0.0072377594747492155,0.003912444192301599,15,6,0.17112266916609134,0.999557246055538,0.9999999484164299,0.5954337493135075,0.00010839380065159059,0.00018204174818199487,1.2152743253098363e-05,2.220446049250313e-12,5473108.998618309,True,1.4035921303669653e-05,2.429426942755702e-11,0,0.04568299638930393,2.5405023322247445e-07,5.561155206578283e-06,True,4.991299799236158
resolution,N32,32,coarse,3.535,34.295014714228856,cpp,32,4.0,2,0,0.0001,0.0072359633967379105,0.003915940730883311,15,6,0.777593132419584,0.999415755085711,0.9999999602100533,0.5954337493135075,9.568098379047807e-05,0.00016069123374479763,1.072776320878334e-05,2.220446049250313e-12,4831355.038959556,True,1.4032218601867026e-05,6.110096656658928e-12,0,0.04568759477211868,2.1228698844689533e-07,4.646490792648284e-06,True,4.990053022744326
resolution,N32,32,coarse,3.56,35.163197145106615,cpp,32,4.0,2,0,0.0001,0.007234379840883229,0.003919013512005863,15,6,0.0015426902252842947,0.9984113990490622,0.9999999692804178,0.5954337493135075,8.446134374500681e-05,0.00014184843207558305,9.470203193463853e-06,2.220446049250313e-12,4265000.357320669,True,1.4030149805551146e-05,2.9673865051798994e-11,0,0.04569165592176378,1.7742858935600687e-07,3.883172666357543e-06,True,4.989024520891344
resolution,N32,32,coarse,3.585,36.05335771885924,cpp,32,4.0,2,0,0.0001,0.007232983432885691,0.003921714858727179,15,6,0.10993730907260867,0.9996011775625,0.9999999762643726,0.5954337493135075,7.455888660930712e-05,0.00012521777056686523,8.360301586561423e-06,2.220446049250313e-12,3765145.1109942994,True,1.4027588970775806e-05,-2.056442996392031e-12,0,0.045695242552952986,1.4832544002655656e-07,3.2459711720464703e-06,True,4.98818887070169
resolution,N32,32,coarse,3.61,36.966052814822504,cpp,32,4.0,2,0,0.0001,0.0072317518777269465,0.003924090441673999,15,6,0.24625123846110353,0.9996324853350584,0.9999999816474384,0.5954337493135075,6.581851332735e-05,0.00011053876842425213,7.380651590225362e-06,2.220446049250313e-12,3323949.9751490396,True,1.4026252253257097e-05,-7.261100835436054e-12,0,0.04569841006067511,1.240209653481906e-07,2.713901100356103e-06,True,4.987523245383463
resolution,N32,32,coarse,3.635,37.901852897142135,cpp,32,4.0,2,0,0.0001,0.007230665575497826,0.003926180162946608,15,6,0.6640354698101191,0.9995274926517994,0.9999999858004804,0.5954337493135075,5.810350425879752e-05,9.758181212567597e-05,6.515915572658613e-06,2.220446049250313e-12,2934507.4945002943,True,1.4025457236964347e-05,1.459952590509336e-12,0,0.045701207375628494,1.0371887278349231e-07,2.269499620239868e-06,True,4.9870072004846575
resolution,N32,32,coarse,3.66,38.86134287133247,cpp,32,4.0,2,0,0.0001,0.0072297072872916585,0.0039280189151629065,15,4,0.0735214352396265,0.9997755485802908,0.9999999890072837,0.5954337493135075,5.129331414910287e-05,8.614445218840953e-05,5.752575174726795e-06,2.220446049250313e-12,2590729.541332036,True,1.4024895046494785e-05,-1.916591822348371e-11,0,0.04570367771924234,8.675603337743304e-08,1.8982287138985903e-06,True,4.986622443933855
resolution,N32,32,coarse,3.685,39.8451224498614,cpp,32,4.0,2,0,0.0001,0.007228861844246427,0.003929637234441252,15,4,0.6611155307759983,0.9998705155069344,0.9999999914853521,0.5954337493135075,4.528163766648271e-05,7.60481543390666e-05,5.078712455858397e-06,2.220446049250313e-12,2287248.7523725773,True,1.4024320677339795e-05,-3.959971944513566e-12,0,0.045705859270193216,7.258000517528263e-08,1.5879803231839734e-06,True,4.986352576752381
resolution,N32,32,coarse,3.71,40.85380652699027,cpp,32,4.0,2,0,0.0001,0.007228115893770151,0.003931061863693561,15,4,0.17672911293308266,0.9999372945520688,0.9999999934016255,0.5954337493135075,3.9974710908973684e-05,6.713544698308027e-05,4.4838180097135115e-06,2.220446049250313e-12,2019332.111774289,True,1.4024064466560005e-05,1.3231020502610201e-11,0,0.04570778575288468,6.073039155297023e-08,1.328666233829484e-06,True,4.986182955542238
resolution,N32,32,coarse,3.735,41.888025563102715,cpp,32,4.0,2,0,0.0001,0.007227457677969952,0.003932316239099185,15,4,0.17476905223651798,0.9998130548782,0.9999999948844029,0.5954337493135075,3.528981920418874e-05,5.926741513203673e-05,3.958622664305592e-06,2.220446049250313e-12,1782805.1555867065,True,1.4024300278765906e-05,-3.506550406068192e-12,0,0.04570948695709497,5.082337346191863e-08,1.1118780114426527e-06,True,4.986100494798781
resolution,N32,32,coarse,3.76,42.94842597876301,cpp,32,4.0,2,0,0.0001,0.007226876839981462,0.003933420911310712,15,4,0.34270951771198427,0.9996921568059107,0.9999999960324042,0.5954337493135075,3.115398532091181e-05,5.232149732330444e-05,3.4949496689785195e-06,2.220446049250313e-12,1573985.40268903,True,1.4025004590246098e-05,-5.246407439495181e-12,0,0.04571098919689577,4.253886758440534e-08,9.306048355500071e-07,True,4.986093512093935
resolution,N32,32,coarse,3.785,44.03567055874993,cpp,32,4.0,2,0,0.0001,0.007226364254472498,0.0039343939105008705,15,4,0.3012856490997096,0.9996657454404674,0.9999999969216797,0.5954337493135075,2.7502815662270445e-05,4.6189547861503025e-05,3.0855848494864245e-06,2.220446049250313e-12,1389623.877836711,True,1.4025038375924297e-05,3.301231600628894e-11,0,0.045712315715977676,3.5609859117891664e-08,7.789992381734682e-07,True,4.986151583033336
resolution,N32,32,coarse,3.81,45.15043886631872,cpp,32,4.0,2,0,0.0001,0.007225911879219234,0.003935251063323806,15,4,0.22832896405625216,0.9998511990419068,0.9999999976108602,0.5954337493135075,2.4279484896862052e-05,4.077613155931212e-05,2.72416243162747e-06,2.220446049250313e-12,1226853.691197418,True,1.402612309916986e-05,-2.1106946457368246e-11,0,0.04571348704566969,2.981353627700893e-08,6.521825002591458e-07,True,4.986265452197431
resolution,N32,32,coarse,3.835,46.29342766795043,cpp,32,4.0,2,0,0.0001,0.007225512624991351,0.003936006268501809,15,4,0.7243719275101266,0.9997656804056716,0.9999999981451986,0.5954337493135075,2.143384209736205e-05,3.599702254377374e-05,2.4050646248409386e-06,2.220446049250313e-12,1083144.8148235613,True,1.4027229095202078e-05,4.070193578140083e-11,0,0.04571452132119337,2.4963920343127967e-08,5.460829430484407e-07,True,4.986426860202628
resolution,N32,32,coarse,3.86,47.46535136885352,cpp,32,4.0,2,0,0.0001,0.007225160241388362,0.00393667173667076,15,4,0.5405979723107874,0.9998145241263835,0.9999999985596448,0.5954337493135075,1.8921623466606606e-05,3.177788207071212e-05,2.12333323598758e-06,2.220446049250313e-12,956264.2770377054,True,1.4028513970617851e-05,4.041435657277178e-11,0,0.04571543456103773,2.0905735086218885e-08,4.573014625576017e-07,True,4.986628499782321
resolution,N32,32,coarse,3.885,48.66694245949041,cpp,32,4.0,2,0,0.0001,0.007224849216641056,0.003937258199447283,15,4,0.5191349411353072,0.9996880690509409,0.999999998881212,0.5954337493135075,1.67037587850584e-05,2.805309373933983e-05,1.8745918480942715e-06,2.220446049250313e-12,844241.1148549131,True,1.4029031006534719e-05,-1.0438370860629516e-11,0,0.045716240913766436,1.7509303529611313e-08,3.829996338202596e-07,True,4.9868638319732375
resolution,N32,32,coarse,3.91,49.89895197340787,cpp,32,4.0,2,0,0.0001,0.007224574689575193,0.0039377750917935165,15,4,0.2122509798331944,0.9999510586482798,0.9999999991307948,0.5954337493135075,1.4745760129560282e-05,2.476473687721109e-05,1.6549772756146851e-06,2.220446049250313e-12,745335.5041764935,True,1.4031405008289501e-05,-3.6876116469825237e-11,0,0.04571695287605911,1.4666302072288302e-08,3.2080664063611943e-07,True,4.987127137007011
resolution,N32,32,coarse,3.935,51.16214995665737,cpp,32,4.0,2,0,0.0001,0.0072243323722484855,0.0039382307112667166,15,4,0.06286277569845568,0.9999388414076666,0.9999999993245634,0.5954337493135075,1.3017183069364451e-05,2.1861681646988155e-05,1.4610791622606436e-06,2.220446049250313e-12,658011.5570715831,True,1.4032032940313843e-05,9.651343181184885e-12,0,0.04571758148534379,1.228622213784238e-08,2.687417343321434e-07,True,4.987413334724022
resolution,N32,32,coarse,3.96,52.45732594909905,cpp,32,4.0,2,0,0.0001,0.007224118481897865,0.003938632357194577,15,4,0.5035064221505765,0.9998580694040639,0.999999999475041,0.5954337493135075,1.1491151589648636e-05,1.9298791180206213e-05,1.2898867510740538e-06,2.220446049250313e-12,580913.3491487248,True,1.4032729511405994e-05,3.510382499650143e-11,0,0.04571813648998363,1.0293423899330076e-08,2.2514968215262357e-07,True,4.987717881270475
resolution,N32,32,coarse,3.985,53.785289477889734,cpp,32,4.0,2,0,0.0001,0.007223929681078629,0.003938986452464543,15,4,0.2654096740372128,0.9998531026461536,0.9999999995919251,0.5954337493135075,1.014393905543273e-05,1.703621782797493e-05,1.1387419440425957e-06,2.220446049250313e-12,512843.77948613884,True,1.4034380918813986e-05,8.679667546766178e-11,0,0.045718626499634554,8.624680092619527e-09,1.8864696411403494e-07,True,4.988036899471769
resolution,N32,32,coarse,4.01,55.1468705634638,cpp,32,4.0,2,0,0.0001,0.00722376302497698,0.003939298650057633,15,4,0.2526415205340258,0.9999384149644595,0.9999999996827371,0.5954337493135075,8.95459866920878e-06,1.5038782533796231e-05,1.0052979143090702e-06,2.220446049250313e-12,452745.93122786656,True,1.4036143358387076e-05,7.684739644549468e-12,0,0.0457190591180834,7.227128195874407e-09,1.5807692317569674e-07,True,4.988366864726849
resolution,N32,32,coarse,4.035,56.542920238322985,cpp,32,4.0,2,0,0.0001,0.007223615915008928,0.003939573926428872,15,4,0.2542118666054556,0.9998859735131603,0.9999999997533058,0.5954337493135075,7.90463739569685e-06,1.3275427207158366e-05,8.874825966453289e-07,2.220446049250313e-12,399686.62915497035,True,1.4037590324817444e-05,3.915183397025301e-11,0,0.04571944106060791,6.056562912622788e-09,1.3247237437994735e-07,True,4.988704750160284
resolution,N32,32,coarse,4.06,57.97431107895927,cpp,32,4.0,2,0,0.0001,0.00722348605796159,0.003939816663340629,15,4,0.12043572964574233,0.9997894109059475,0.9999999998081532,0.5954337493135075,6.9777282747445496e-06,1.1718731568019735e-05,7.834664742500779e-07,2.220446049250313e-12,352841.9321489927,True,1.4038949812465537e-05,-6.128468696739832e-11,0,0.04571977825766103,5.076011227194677e-09,1.1102440608062477e-07,True,4.989047905330513
resolution,N32,32,coarse,4.085,59.44193775124387,cpp,32,4.0,2,0,0.0001,0.007223371429986947,0.003940030719609476,15,4,0.5357363540929024,0.9999045904778516,0.9999999998507889,0.5954337493135075,6.1594565508947e-06,1.0344486784627364e-05,6.916341689070208e-07,2.220446049250313e-12,311484.33853663615,True,1.403997874054316e-05,1.7003516749764398e-10,0,0.04572007594647172,4.25454442025513e-09,9.305637254925555e-08,True,4.9893940133104575
resolution,N32,32,coarse,4.11,60.94671756962223,cpp,32,4.0,2,0,0.0001,0.0072232702448684705,0.003940219494084661,15,4,0.0012955064329239745,0.9999302006956876,0.9999999998839384,0.5954337493135075,5.437095620697989e-06,9.131319188686518e-06,6.105593511813074e-07,2.220446049250313e-12,274971.4866467708,True,1.4041853598205435e-05,8.954113464215905e-11,0,0.04572033875196913,3.566284863441431e-09,7.800215310714063e-08,True,4.989741054168256
resolution,N32,32,fine0,2.56,12.935817315543076,cpp,32,4.0,2,0,0.0001,0.009903400807394455,0.0012383796923479806,6,6,1.0,1.0,1.0,0.5954337493135075,0.0159513451870266,0.026789454251488702,0.0018908209686327828,2.220446049250313e-12,851550060.9758921,True,1.6544038607027964e-05,1.3214323417372635e-14,0,0.04110790769821748,0.00032768106224739124,0.007971241558995718,True,
resolution,N32,32,fine0,2.5625,12.968197316969134,cpp,32,4.0,2,0,0.0001,0.009860443489672834,0.0011431897953299336,6,6,0.0920824558043067,0.9995095928243625,0.999977567145491,0.5954337493135075,0.015707320706628003,0.026379627833889866,0.0018608920332435054,2.220446049250313e-12,838071266.7492176,True,1.652989321158907e-05,1.1179535597832022e-12,0,0.04116760344063181,0.0003211173054205586,0.007800242875047241,True,6.166509078652597
resolution,N32,32,fine0,2.565,13.000658369670637,cpp,32,4.0,2,0,0.0001,0.009818227056058004,0.0010409559556415601,6,6,0.25913402985514855,0.9824827528363,0.9999736425075093,0.5954337493135075,0.015467506366961902,0.02597687212858665,0.0018315011580957844,2.220446049250313e-12,824834793.3128806,True,1.650840386927473e-05,-9.605071221079151e-14,0,0.04122649860799332,0.0003146873083174175,0.007633132061727004,True,6.154172265938629
resolution,N32,32,fine0,2.5675,13.033200676529269,cpp,32,4.0,2,0,0.0001,0.009776738037758057,0.0009293241552115963,7,6,0.45902715566026053,0.9923322227825345,0.9999679964086525,0.5954337493135075,0.01523181898438972,0.02558104743298632,0.0018026372183952703,2.220446049250313e-12,811835630.5049127,True,1.649608556348255e-05,-2.922963660290112e-13,0,0.04128460442574359,0.00030838834091769505,0.0074698146005583435,True,6.141946392941539
resolution,N32,32,fine0,2.57,13.065824440934556,cpp,32,4.0,2,0,0.0001,0.009735963217604945,0.0008043546093531336,6,6,0.44370318046175566,0.9992236980856615,0.9999591643350906,0.5954337493135075,0.015000177237557921,0.02519201717210698,0.001774289352039326,2.220446049250313e-12,799068886.4691747,True,1.648241559103183e-05,-1.9234487868422242e-13,0,0.04134193195816787,0.0003022177265088926,0.007310198440041307,True,6.129830882324597
resolution,N32,32,fine0,2.5725,13.098529866785132,cpp,32,4.0,2,0,0.0001,0.00969588962527999,0.0006584531449076328,6,6,0.0960321946055255,0.9998168561216014,0.999943341115465,0.5954337493135075,0.014772501621921818,0.02480964782220265,0.0017464469527450428,2.220446049250313e-12,786529784.5604913,True,1.647389665458877e-05,9.134775781693765e-13,0,0.04139849211046618,0.00029617284083859996,0.007154193926877904,True,6.1178251354369
resolution,N32,32,fine0,2.575,13.131317158490017,cpp,32,4.0,2,0,0.0001,0.009656504532556339,0.0004725564149473309,7,6,0.20214235511637096,0.9987320828862223,0.9999063843837827,0.5954337493135075,0.01454871440539086,0.02443380883627186,0.0017190996632106793,2.220446049250313e-12,774213660.2648361,True,1.6455920156565574e-05,-3.3598472540315063e-13,0,0.041454295630819024,0.0002902511112675449,0.007001713739209187,True,6.105928534009654
resolution,N32,32,fine0,2.5775,13.164186520969883,cpp,32,4.0,2,0,0.0001,0.009617795448697194,0.0001271932186795923,6,6,0.06693330672460399,0.9947139417930871,0.9996709146459024,0.5954337493135075,0.014328739584069487,0.02406437256972669,0.0016922373685605147,2.220446049250313e-12,762115958.2471563,True,1.643691546659172e-05,-2.1195885529658284e-13,0,0.04150935311244654,0.00028445001592472893,0.006852672821813667,True,6.094140469774291
resolution,N32,32,fine0,2.58,13.197138159658358,cpp,32,4.0,2,0,0.0001,0.009579750115887593,0.00043346046213574773,6,5,0.27381924881388997,0.9983087311927914,0.9994300505320906,0.5954337493135075,0.01411250283998882,0.023701214209405373,0.0016658501899899857,2.220446049250313e-12,750232229.4893969,True,1.642207695447909e-05,1.9026175197525463e-13,0,0.04156367499565942,0.0002787670828637529,0.006706988323165964,True,6.082460322616631
resolution,N32,32,fine0,2.5825,13.23017228050329,cpp,32,4.0,2,0,0.0001,0.009542356504862114,0.000623651958516351,6,5,0.161554085308092,0.9998811526201649,0.9998972996622619,0.5954337493135075,0.013899931500727653,0.023344211705757827,0.0016399284785476088,2.220446049250313e-12,738558128.4901276,True,1.640214110218255e-05,-8.283254554023939e-13,0,0.04161727156989965,0.0002731998892236881,0.006564579534360542,True,6.070887438282066
resolution,N32,32,fine0,2.585,13.263289089968042,cpp,32,4.0,2,0,0.0001,0.009505602810645608,0.0007661822652839745,6,5,0.11078712729974562,0.9984237238241283,0.9999414776118868,0.5954337493135075,0.013690954497950488,0.022993245703212456,0.0016144628091417507,2.220446049250313e-12,727089410.5654312,True,1.6388386426996643e-05,7.093062074175452e-13,0,0.04167015297577178,0.0002677460603929383,0.0064253678297896705,True,6.059421189602847
resolution,N32,32,fine0,2.5875,13.296488795032781,cpp,32,4.0,2,0,0.0001,0.009469477447974547,0.0008844316937315484,6,5,0.17081744037507907,0.9986009742497086,0.9999591421390936,0.5954337493135075,0.013485502328924403,0.02264819947554572,0.0015894439746760613,2.220446049250313e-12,715821929.207739,True,1.637436743847144e-05,8.575507260374959e-13,0,0.04172232920706093,0.00026240326917871613,0.0062892766095692465,True,6.048060923003528
resolution,N32,32,fine0,2.59,13.329771603195772,cpp,32,4.0,2,0,0.0001,0.009433969047563766,0.0009871900364244123,6,5,0.08410599466379885,0.9979824099934591,0.9999687124085456,0.5954337493135075,0.013283507018283996,0.022308958861668372,0.0015648629804636553,2.220446049250313e-12,704751633.5702002,True,1.6355215424717136e-05,-1.1344264024050498e-13,0,0.04177381011273874,0.0002571692349815282,0.006156231243630457,True,6.0368059804346625
resolution,N32,32,fine0,2.5925,13.363137722474674,cpp,32,4.0,2,0,0.0001,0.009399066451746377,0.0010789153988275736,6,5,0.10940791371647075,0.9982144949943123,0.9999747257529599,0.5954337493135075,0.013084902080942378,0.021975412203336365,0.0015407110385458902,2.220446049250313e-12,693874565.9080881,True,1.6341027875021273e-05,-3.342231666528554e-13,0,0.041824605398955106,0.00025204172297576383,0.006026159017439541,True,6.025655695392824
resolution,N32,32,fine0,2.595,13.396587361407848,cpp,32,4.0,2,0,0.0001,0.009364758710467623,0.0011622436036601031,6,5,0.39129613871227087,0.9996945221911544,0.9999788577850417,0.5954337493135075,0.01288962248490738,0.02164745028270264,0.0015169795625416896,2.220446049250313e-12,683186859.2591411,True,1.6331372969725518e-05,-3.5468568207823166e-13,0,0.041874724631015665,0.0002470185432979076,0.005898989079320334,True,6.014609426122231
resolution,N32,32,fine0,2.5975,13.430120729055632,cpp,32,4.0,2,0,0.0001,0.009331035077691896,0.0012388891957120245,6,5,0.3545103504238947,0.9999818733978526,0.9999818733978526,0.5954337493135075,0.012697604618367235,0.02132496626703922,0.0014936601623518834,2.220446049250313e-12,672684735.0586097,True,1.6311974061562664e-05,1.5282024822043462e-12,0,0.04192417723534349,0.00024209755023999756,0.005774652389263855,True,6.00366645398746
resolution,N32,32,fine0,2.6,13.463738035001692,cpp,32,4.0,2,0,0.0001,0.009297885007005723,0.001310043224357788,6,5,0.3732860502427958,0.9991747968618305,0.9999841719559134,0.5954337493135075,0.012508786252450646,0.021007855646194697,0.0014707446390421367,2.220446049250313e-12,662364500.8347322,True,1.629582675338979e-05,-2.2653897868382157e-13,0,0.04197297250142423,0.00023727664145276113,0.005653081669274432,True,5.992826144910218
resolution,N32,32,fine0,2.6025,13.497439489354297,cpp,32,4.0,2,0,0.0001,0.0092652981484266,0.0013765739320922828,6,5,0.11328234504248309,0.9999830675392231,0.999985982481364,0.5954337493135075,0.012323106510174577,0.020696016180443647,0.0014482249801214887,2.220446049250313e-12,652222548.082378,True,1.6276361643433913e-05,1.0732554214894685e-12,0,0.04202111958373538,0.0002325537571555719,0.005534211355129713,True,5.982087786131177
resolution,N32,32,fine0,2.605,13.531225302747648,cpp,32,4.0,2,0,0.0001,0.009233264344353034,0.0014391380536336686,6,5,0.34919637728731706,0.9952910198449423,0.9999874457703682,0.5954337493135075,0.012140505832047366,0.020389347842718862,0.0014260933545784567,2.220446049250313e-12,642255350.0275078,True,1.625978923435213e-05,2.627337163476663e-13,0,0.042068627503657016,0.00022792687935508036,0.005417977549547266,True,5.9714507185090575
resolution,N32,32,fine0,2.6075,13.565095686343188,cpp,32,4.0,2,0,0.0001,0.00920177362611416,0.0014982470739742114,6,5,0.04680946892414234,0.9992151084641914,0.9999886531645743,0.5954337493135075,0.011960925946201125,0.020087752768450255,0.0014043421084040991,2.220446049250313e-12,632459459.6109397,True,1.6241591877247208e-05,1.5224252520594674e-12,0,0.04211550515136504,0.0002233940310725775,0.005304317976709271,True,5.960914218976451
resolution,N32,32,fine0,2.61,13.599050851830924,cpp,32,4.0,2,0,0.0001,0.009170816210299746,0.0015543089198915621,6,5,0.6908791583762192,0.9998909330067749,0.9999896665199295,0.5954337493135075,0.011784309835649036,0.019791135200575214,0.001382963760008081,2.220446049250313e-12,622831507.4239295,True,1.6231150423520744e-05,-6.374177588544202e-14,0,0.0421617612877067,0.00021895327558082569,0.0051931719381150925,True,5.950477620860261
resolution,N32,32,fine1,2.71,15.029275514875401,cpp,32,4.0,2,0,0.0001,0.008277035597179896,0.0012884890927273148,6,5,1.0,1.0,1.0,0.5954337493135075,0.006622459508062761,0.01112207615993884,0.000764990759162556,2.220446049250313e-12,344521209.790636,True,1.5614402005454292e-05,1.3803452175187596e-12,0,0.04358885437625434,9.882477467634589e-05,0.002267202845555448,True,
resolution,N32,32,fine1,2.7125,15.066895709311785,cpp,32,4.0,2,0,0.0001,0.008261399308844756,0.0011850967129328539,7,5,0.6094225641489924,0.9997733866328151,0.9999521960739886,0.5954337493135075,0.00653039276344603,0.010967454852828053,0.0007541048703804849,2.220446049250313e-12,339618641.32438284,True,1.5599082262498907e-05,4.562940571885895e-13,0,0.043615805523461004,9.689759434372294e-05,0.0022216165259541427,True,5.599895530613055
resolution,N32,32,fine1,2.715,15.104610071895399,cpp,32,4.0,2,0,0.0001,0.008246014497307023,0.0010736578171636761,6,5,0.30037226634525227,0.9999444830704127,0.9999444830704026,0.5954337493135075,0.006439716612443207,0.010815168975335611,0.0007433887649499815,2.220446049250313e-12,334792536.482015,True,1.55852735684021e-05,-1.7596337764430505e-12,0,0.043642408154815335,9.500888996523234e-05,0.0021769855052040576,True,5.593021660805606
resolution,N32,32,fine1,2.7175,15.14241883834113,cpp,32,4.0,2,0,0.0001,0.008230876785214298,0.0009513137607359282,7,5,0.0803119557505693,0.9996280831278173,0.9999331071663435,0.5954337493135075,0.00635040753619631,0.010665179028763277,0.0007328394640295077,2.220446049250313e-12,330041553.7125685,True,1.5571040718817726e-05,2.9147038481511147e-13,0,0.04366866695720897,9.315787498002386e-05,0.0021332887278494098,True,5.586218038106792
resolution,N32,32,fine1,2.72,15.1803222449539,cpp,32,4.0,2,0,0.0001,0.008215981875858683,0.0008131166530477046,6,5,0.4429551650554139,0.9997206326143322,0.9999146762463957,0.5954337493135075,0.00626244246825134,0.01051744627420177,0.0007224540481357294,2.220446049250313e-12,325364378.19763774,True,1.5560018519332437e-05,2.71126336643289e-12,0,0.0436945865508792,9.134377922526994e-05,0.002090505630918528,True,5.579484044543732
resolution,N32,32,fine1,2.7225,15.218320528630107,cpp,32,4.0,2,0,0.0001,0.008201325551762473,0.0006489675334915735,7,5,0.6136961738985323,0.9997733117482567,0.999879662201666,0.5954337493135075,0.006175798785193574,0.010371932716803218,0.0007122296558901716,2.220446049250313e-12,320759721.28691936,True,1.5543005614863948e-05,1.103488717077159e-12,0,0.04372017149041559,8.956584859195063e-05,0.0020486161316083905,True,5.57281903532074
resolution,N32,32,fine1,2.725,15.256413926859159,cpp,32,4.0,2,0,0.0001,0.008186903673086944,0.0004300404125063351,7,5,0.49829557609318437,0.9996587032366431,0.9997860241877916,0.5954337493135075,0.006090454296613339,0.010228601088929201,0.0007021634826774963,2.220446049250313e-12,316226319.8939542,True,1.553253969651577e-05,1.159890989161757e-12,0,0.04374542626575203,8.782334468786271e-05,0.0020076006153040725,True,5.566222395794589
resolution,N32,32,fine1,2.7275,15.294602677724916,cpp,32,4.0,2,0,0.0001,0.008172712176187905,0.0002181196089749173,6,4,0.6552071326343503,0.9981953389638798,0.9989629218417947,0.5954337493135075,0.00600638723602544,0.010087414834900398,0.0006922527793809092,2.220446049250313e-12,311762935.9266053,True,1.5514649521518903e-05,7.858848341107125e-14,0,0.04377035530314272,8.611554450739387e-05,0.001967439923916056,True,5.559693495676128
resolution,N32,32,fine1,2.73,15.332887019907195,cpp,32,4.0,2,0,0.0001,0.008158747072250255,0.000525771236009322,6,4,0.44492754192581746,0.9991968151577049,0.9995788414777225,0.5954337493135075,0.005923576251594986,0.009948338095421104,0.0006824948511423252,2.220446049250313e-12,307368355.7286858,True,1.5508624822482458e-05,3.5288559878718763e-13,0,0.043794962966124194,8.444174010809073e-05,0.001928115344529625,True,5.553231715673841
resolution,N32,32,fine1,2.7325,15.371267192683261,cpp,32,4.0,2,0,0.0001,0.008145004445710556,0.0007083102288008699,6,4,0.7718231939116715,0.997550392548005,0.9998523986288977,0.5954337493135075,0.005842000397263249,0.009811335692675564,0.000672887056149829,2.220446049250313e-12,303041389.53388,True,1.5492475662364145e-05,-7.683552748737732e-13,0,0.04381925355645987,8.280123829414175e-05,0.0018896085983631534,True,5.546836435785084
resolution,N32,32,fine1,2.735,15.409743435929318,cpp,32,4.0,2,0,0.0001,0.008131480453078564,0.0008505525006578034,6,4,0.5598218832506686,0.9999107614390182,0.9999107614390182,0.5954337493135075,0.005761639123804324,0.009676373115308097,0.0006634268044581237,2.220446049250313e-12,298780870.9345205,True,1.5479512720276092e-05,-7.238319716183609e-13,0,0.04384323131507217,8.119336030549828e-05,0.0018519018300000643,True,5.54050705458528
resolution,N32,32,fine1,2.7375,15.448315990122012,cpp,32,4.0,2,0,0.0001,0.008118171321481467,0.000970413491201837,6,4,0.04982963316499464,0.9992408974194282,0.9999369042603666,0.5954337493135075,0.005682472270527615,0.009543416504487862,0.0006541115568498632,2.220446049250313e-12,294585656.3687779,True,1.5467763097356222e-05,3.693681288983833e-13,0,0.04386690042295955,7.961744151482196e-05,0.0018149775969389186,True,5.534242959693509
resolution,N32,32,fine1,2.74,15.486985096339938,cpp,32,4.0,2,0,0.0001,0.008105073347263035,0.0010754297627923513,6,4,0.6043568993797116,0.9999419950053849,0.9999517679594062,0.5954337493135075,0.005604480056830042,0.009412432639721222,0.0006449388237051258,2.220446049250313e-12,290454624.611517,True,1.5451755427122103e-05,-1.1164083704906156e-12,0,0.043890265002098194,7.80728311295604e-05,0.0017788188593946311,True,5.5280435517247115
resolution,N32,32,fine1,2.7425,15.525750996265122,cpp,32,4.0,2,0,0.0001,0.008092182894822825,0.0011696309278400791,6,4,0.36712150940464655,0.9999175395765076,0.9999613507846781,0.5954337493135075,0.005527643074281358,0.009283388925559452,0.0006359061639025963,2.220446049250313e-12,286386676.2794334,True,1.5435822635282685e-05,-1.84495101631876e-12,0,0.04391332911633043,7.655889190049195e-05,0.0017434089703761795,True,5.521908220810268
resolution,N32,32,fine1,2.745,15.564613932184574,cpp,32,4.0,2,0,0.0001,0.00807949639521922,0.001255475942065293,6,4,0.4325607925099938,0.9987740708662589,0.9999680338249384,0.5954337493135075,0.0054519422785119995,0.009156253377974793,0.0006270111837587771,2.220446049250313e-12,282380733.3533162,True,1.542424304308397e-05,1.3766701704712772e-12,0,0.04393609677223905,7.50749998363886e-05,0.0017087316660278438,True,5.5158363740043805
resolution,N32,32,fine1,2.7475,15.603574146991766,cpp,32,4.0,2,0,0.0001,0.00806701034491218,0.0013345987164541879,6,4,0.045175582939827395,0.9999787987329465,0.9999729528204113,0.5954337493135075,0.005377358981241079,0.0090309946109719,0.0006182515359714395,2.220446049250313e-12,278435738.7022212,True,1.541405547805528e-05,8.672294911578652e-13,0,0.043958571920007516,7.362054392482848e-05,0.001674771056229888,True,5.509827439950469
resolution,N32,32,fine1,2.75,15.642631884188171,cpp,32,4.0,2,0,0.0001,0.008054721304632187,0.0014081519145804301,6,4,0.3021137123269252,0.9991839032436777,0.9999767187620809,0.5954337493135075,0.0053038748433851205,0.008907581825014301,0.000609624918661707,2.220446049250313e-12,274550655.6520633,True,1.5398895372802015e-05,1.3696449276993862e-14,0,0.043980758454267306,7.219492585853655e-05,0.0016415116154399041,True,5.50388080262291
resolution,N32,32,fine1,2.7525,15.681787387884773,cpp,32,4.0,2,0,0.0001,0.008042625898050052,0.0014769857144422325,6,4,0.3662327774389976,0.9999208719277685,0.9999796897413582,0.5954337493135075,0.005231471866995027,0.008785984793482969,0.0006011290743015879,2.220446049250313e-12,270724467.5026203,True,1.538554187596083e-05,1.6860494256179873e-12,0,0.0440026602149313,7.079755976745589e-05,0.0016089381737750563,True,5.497995900446574
resolution,N32,32,fine1,2.755,15.721040902803596,cpp,32,4.0,2,0,0.0001,0.00803072081062331,0.001541749173073281,6,4,0.23847568732728408,0.9997123932315117,0.9999820895856272,0.5954337493135075,0.005160132388506189,0.008666173851340225,0.0005927617887981355,2.220446049250313e-12,266956177.11507514,True,1.537278074204144e-05,2.0700607507826585e-12,0,0.04402428098801432,6.942787195624878e-05,0.0015770359083241046,True,5.492172142241086
resolution,N32,32,fine1,2.7575,15.760392674279236,cpp,32,4.0,2,0,0.0001,0.008019002788483474,0.0016029516172581877,6,4,0.06381208975036298,0.9982724848318311,0.9999840654115155,0.5954337493135075,0.005089839071524774,0.008548119883014684,0.0005845208905396153,2.220446049250313e-12,263244806.4824482,True,1.535902660325479e-05,1.4640560606805507e-12,0,0.04404562450644075,6.80853006479386e-05,0.001545790334701295,True,5.486408954114278
resolution,N32,32,fine1,2.76,15.799842948260395,cpp,32,4.0,2,0,0.0001,0.008007468637218339,0.0016610018045001287,6,4,0.7813761405706877,0.9981795008488646,0.9999857179004505,0.5954337493135075,0.005020574899935094,0.008431794310825441,0.000576404249464837,2.220446049250313e-12,259589396.31046104,True,1.5348431894231627e-05,8.274039094432257e-13,0,0.044066694450839446,6.676929573218003e-05,0.0015151872988038047,True,5.480705768151187
resolution,N48,48,coarse,2.31,10.074424655013587,cpp,48,4.0,2,0,0.0001,0.020625901313089497,0.0013125373989700418,6,8,1.0,1.0,1.0,0.9879925795912196,0.11123741951480752,0.11258932689639414,0.012024359413371665,2.220446049250313e-12,5415290057.342955,True,1.3855292075462168e-05,2.2797301943537604e-08,1,0.02983107121089217,0.002349552449695949,0.0787619201833443,False,
resolution,N48,48,coarse,2.335,10.329459929369532,cpp,48,4.0,2,0,0.0001,0.018397157261909863,0.0033959992884833503,6,9,0.02172462365135848,0.8800247393360353,0.5641029383165072,0.9879925795912196,0.09160892271685918,0.09272227809115959,0.009723637937807327,2.220446049250313e-12,4379137219.33947,True,1.5456466418846704e-05,3.324657399996794e-08,1,0.03197120134359778,0.0019803219468775652,0.061940804963655956,False,7.765526205209583
resolution,N48,48,coarse,2.36,10.59095145243378,cpp,48,4.0,2,0,0.0001,0.016599229695664748,0.004329957310114506,6,7,0.07140536475724839,0.9744535976735005,0.5504249917426509,0.9879925795912196,0.07581467754145096,0.07673607991349406,0.007921410835260875,2.220446049250313e-12,3567486288.5929484,True,1.6410337434722136e-05,3.337798439801331e-08,2,0.03387390598024563,0.001646514166644222,0.04860715406143082,True,7.569470699752862
resolution,N48,48,coarse,2.385,10.859062664920515,cpp,48,4.0,2,0,0.0001,0.015133615041716142,0.004357290789055104,6,7,0.13517843968801105,0.9843827019586202,0.9777058725911929,0.9879925795912196,0.06304973629025339,0.06381600185331364,0.006498634541110186,2.220446049250313e-12,2926724809.776087,True,1.696370733809547e-05,3.1643717067366986e-08,2,0.03555017405939433,0.0013575906058392944,0.03818801572029276,True,7.374721166491477
resolution,N48,48,coarse,2.41,11.133961145065307,cpp,48,4.0,2,0,0.0001,0.013931180803347067,0.00465747216064824,6,7,0.012536218320574865,0.9861034319938258,0.9972861352550711,0.9879925795912196,0.052685939566461386,0.053326250272304795,0.005366448558499213,2.220446049250313e-12,2416833572.835999,True,1.7264736805610972e-05,1.6102660412134104e-08,2,0.03701900848809424,0.0011136842937355034,0.030084120002665055,True,7.1830104519438445
resolution,N48,48,coarse,2.435,11.41581871336694,cpp,48,4.0,2,0,0.0001,0.012940276612990884,0.00494477436608037,6,7,0.02931120656622818,0.9945987618503741,0.9988682476685615,0.9879925795912196,0.04423058690978607,0.04476813674864482,0.004458457019164544,2.220446049250313e-12,2007910537.0156813,True,1.7403398861452326e-05,2.3708081591156436e-08,1,0.03830218968768818,0.0009108522370356225,0.023780683153172468,True,6.997282290654987
resolution,N48,48,coarse,2.46,11.704811539980854,cpp,48,4.0,2,0,0.0001,0.012120842097344358,0.005195029978798988,6,7,0.24197952896532593,0.9968584253746906,0.9993122665417052,0.9879925795912196,0.0372971153809138,0.037750400308011856,0.003724815599218237,2.220446049250313e-12,1677507814.4663062,True,1.7438292647810605e-05,2.8170899802152482e-08,1,0.0394214895706566,0.000743729943094641,0.018866104533204562,True,6.820022930432862
resolution,N48,48,coarse,2.485,12.001120254831195,cpp,48,4.0,2,0,0.0001,0.011441131468057125,0.005408676745527928,6,7,0.13140899533022907,0.9951428560628846,0.9995194527443004,0.9879925795912196,0.03158219233603172,0.03196602179856331,0.0031278563664945834,2.220446049250313e-12,1408661276.661344,True,1.7402191485596236e-05,1.6154223485617556e-08,1,0.04039730603581727,0.0006068128175334986,0.015021120888493977,True,6.652902397946877
resolution,N48,48,coarse,2.51,12.30493006051041,cpp,48,4.0,2,0,0.0001,0.0108756820628299,0.0047092041318648505,13,7,0.019114681416582173,0.9705209573375917,0.9952663072627701,0.9879925795912196,0.026847489781258303,0.02717377674270227,0.0026388971940715655,2.220446049250313e-12,1188453641.988975,True,1.731002909994082e-05,2.9658619332810927e-08,2,0.04124808908444707,0.0004950261628985364,0.012001190209928783,True,6.496844077990702
resolution,N48,48,coarse,2.535,12.616430848036902,cpp,48,4.0,2,0,0.0001,0.010403931860543867,0.0034926394230725072,12,7,0.17711383887447735,0.9903499089710444,0.9942149818699996,0.9879925795912196,0.022905278537142828,0.023183654422404523,0.002235924737416933,2.220446049250313e-12,1006970981.4259373,True,1.719479208431363e-05,1.5642615770780086e-08,1,0.041990190777323674,0.0004039351542931587,0.009619750394449251,True,6.352197532992003
resolution,N48,48,coarse,2.56,12.935817315543076,cpp,48,4.0,2,0,0.0001,0.010009210994813363,0.0019202070330946027,13,7,0.08306661310295614,0.9810110319322114,0.9902628520918347,0.9879925795912196,0.019607158520997595,0.01984545119671853,0.0019019094151736231,2.220446049250313e-12,856543853.3468367,True,1.705309045068675e-05,2.1825667488431368e-08,1,0.04263793016130589,0.00032977934588103967,0.0077344126376077205,True,6.218906303380275
resolution,N48,48,coarse,2.585,13.263289089968042,cpp,48,4.0,2,0,0.0001,0.009677971234294229,0.0018861647321560958,12,6,0.2483981249530781,0.9936294532155514,0.9720318814768575,0.9879925795912196,0.016835313479578992,0.017039918950144926,0.001623574446524514,2.220446049250313e-12,731192927.237606,True,1.690980726234773e-05,2.1672519631943423e-08,2,0.04320375734289815,0.0002694275177260601,0.0062362056982145486,True,6.0966422829537565
resolution,N48,48,coarse,2.61,13.599050851830924,cpp,48,4.0,2,0,0.0001,0.009399180617914843,0.0031173789994179777,12,6,0.0011757603369144957,0.9936285895825965,0.9945471433507254,0.9879925795912196,0.014495757782477841,0.014671929811937899,0.001390490968262009,2.220446049250313e-12,626221460.6526824,True,1.67570020135079e-05,1.5735660446038537e-08,1,0.04369845413792678,0.00022030170163294096,0.005041407207165633,True,5.984905330016768
resolution,N48,48,coarse,2.635,13.94331246316286,cpp,48,4.0,2,0,0.0001,0.009163840521314252,0.0029873609749113982,22,6,0.3570474608389704,0.9979973172908809,0.9594699950420608,0.9879925795912196,0.012513132370614721,0.01266520885793698,0.0011944081012348604,2.220446049250313e-12,537913587.9649619,True,1.65943190871866e-05,1.7635360894639158e-08,1,0.04413133872890969,0.0001802944811307229,0.004085407021940511,True,5.883094296820825
resolution,N48,48,coarse,2.66,14.296289098677603,cpp,48,4.0,2,0,0.0001,0.00896459749773835,0.0025243554161749554,20,6,0.12993716528187294,0.9988533179029183,0.9420647104295211,0.9879925795912196,0.010826694193478998,0.010958274806029946,0.001028753223403804,2.220446049250313e-12,463309263.35775685,True,1.6445808420348075e-05,2.2521475701598948e-08,1,0.04451045842825542,0.00014769073115693907,0.003318113009215479,True,5.790556534042893
resolution,N48,48,coarse,2.685,14.658201380262703,cpp,48,4.0,2,0,0.0001,0.008795430335882605,0.002044577562060529,22,6,0.3850992345230052,0.9991088213356185,0.9966300890569617,0.9879925795912196,0.009387220328137776,0.009501306509834035,0.0008882563627706273,2.220446049250313e-12,400035102.4383269,True,1.6294259850624084e-05,1.380495614746924e-08,2,0.04484276374381907,0.00012109831045029725,0.0027005095212711753,True,5.706621776780962
resolution,N48,48,coarse,2.71,15.029275514875401,cpp,48,4.0,2,0,0.0001,0.008651397551133831,0.0015147383029942842,22,6,0.06377637468718238,0.9951087771483855,0.908738648300213,0.9879925795912196,0.008154611551637556,0.008253717406472339,0.0007686657545076475,2.220446049250313e-12,346176280.5573103,True,1.6151900001735818e-05,1.9163081978739345e-08,2,0.04513426178021911,9.938889510863572e-05,0.002202072022194781,True,5.630624916729419
resolution,N48,48,coarse,2.735,15.409743435929318,cpp,48,4.0,2,0,0.0001,0.00852843366548881,0.0008200347583123917,22,6,0.3951187123286646,0.991427583079519,0.8868879409659723,0.9879925795912196,0.0070960307534869045,0.00718227130453032,0.0006665308552588563,2.220446049250313e-12,300178811.13747233,True,1.602000273210944e-05,1.7945018146597586e-08,1,0.045390149466448274,8.164857051833906e-05,0.0017988169565004953,True,5.561920914758243
resolution,N48,48,coarse,2.76,15.799842948260395,cpp,48,4.0,2,0,0.0001,0.008423184901993628,0.00035824871603974874,10,4,0.17264916666627986,0.9995292796687003,0.3711043738728572,0.9879925795912196,0.006184450908962588,0.006259612710372172,0.00057903564540213,2.220446049250313e-12,260774471.68672672,True,1.5888807031008584e-05,1.42515504915487e-08,2,0.04561492824429104,6.713713867368208e-05,0.00147182383613822,True,5.499894194751263
resolution,N48,48,coarse,2.785,16.19981787676266,cpp,48,4.0,2,0,0.0001,0.008332876685733974,0.001247425376389995,21,4,0.3660516731731065,0.9973973498204252,0.545337497163921,0.9879925795912196,0.005397517467770558,0.0054631153910121195,0.0005038696943562857,2.220446049250313e-12,226922736.7746254,True,1.576821942921785e-05,1.6858090825481054e-08,1,0.04581250228536915,5.525489883334728e-05,0.0012061096005880842,True,5.4439641750235825
resolution,N48,48,coarse,2.81,16.6099182187867,cpp,48,4.0,2,0,0.0001,0.008255206768866326,0.0016705474574278349,21,4,0.062156651671268694,0.997063503401679,0.6384249658219789,0.9879925795912196,0.0047166529042856845,0.004773976041639091,0.0004391277859588006,2.220446049250313e-12,197765573.3212085,True,1.565751307140876e-05,1.8771448510752728e-08,2,0.0459862623660296,4.551568239112354e-05,0.0009897669445026764,True,5.393588082983898
resolution,N48,48,coarse,2.835,17.03040030039619,cpp,48,4.0,2,0,0.0001,0.008188258965987485,0.0019676881281063268,2,8,0.01693314893099827,0.9937749219158705,0.8054186127477679,0.9879925795912196,0.004126348474449901,0.004176497434987996,0.00038323129154155814,2.220446049250313e-12,172592030.1783275,True,1.5553457605288052e-05,1.1385399630019384e-08,1,0.04613915740762348,3.752504230394886e-05,0.0008133014214461722,True,5.348261933404438
resolution,N48,48,coarse,2.86,17.46152693657999,cpp,48,4.0,2,0,0.0001,0.008130433447999717,0.0021728381882240933,11,8,0.395793328080949,0.99941346582924,0.8755834639237968,0.9879925795912196,0.0036136012951832794,0.003657518659379407,0.0003348662125810542,2.220446049250313e-12,150810335.0199005,True,1.5454847731224094e-05,1.5820920919196363e-08,1,0.04627375548881441,3.096264914226523e-05,0.0006691190030977649,True,5.307520219407279
resolution,N48,48,coarse,2.885,17.90356759552007,cpp,48,4.0,2,0,0.0001,0.008080390331881368,0.0023360580031206685,11,8,0.2581030822459014,0.9989057863277119,0.9325642735063477,0.9879925795912196,0.003167464718713585,0.003205960028590618,0.00029293408085267705,2.220446049250313e-12,131925781.7372235,True,1.536894820918126e-05,1.1378691890113364e-08,2,0.046392295912008455,2.556809832199159e-05,0.000551128109082728,True,5.270934766154091
resolution,N48,48,coarse,2.91,18.356798567017925,cpp,48,4.0,2,0,0.0001,0.008037003945549136,0.002469070030200716,2,8,0.08221320841160025,0.9998690020408827,0.8845441785417714,0.9879925795912196,0.0027786874285628737,0.0028124577916491555,0.0002565128353414538,2.220446049250313e-12,115523110.96595207,True,1.528725372745334e-05,1.4382807200475565e-08,2,0.0464967336862977,2.112947222821781e-05,0.0004544291728269191,True,5.238113056673148
resolution,N48,48,coarse,2.935,18.821503135184646,cpp,48,4.0,2,0,0.0001,0.007999325668718563,0.0025697904582457514,11,4,0.1343910452148324,0.9952668731914243,0.7304260742653536,0.9879925795912196,0.0024394223331501044,0.002469069488517223,0.00022482548520871387,2.220446049250313e-12,101252397.14093548,True,1.5214747986698325e-05,1.169550223901726e-08,1,0.046588777587840295,1.747412164059511e-05,0.0003750714774099561,True,5.208696225595175
resolution,N48,48,coarse,2.96,19.297971755502758,cpp,48,4.0,2,0,0.0001,0.007966553669572562,0.0026550158136418815,11,4,0.2948802821507352,0.9980574086019987,0.9642959701472275,0.9879925795912196,0.0021429906218713053,0.002169035138662645,0.00019721488243781878,2.220446049250313e-12,88817687.10588768,True,1.5144736650537783e-05,8.838114524489371e-09,0,0.04666992278046691,1.4461232487932586e-05,0.00030986193304749043,True,5.182356890127445
resolution,N48,48,coarse,2.985,19.786502236370332,cpp,48,4.0,2,0,0.0001,0.007938008194319977,0.002728644766983959,11,4,0.45099387835651067,0.9969319872655102,0.9928414864815494,0.9879925795912196,0.0018836896199767045,0.0019065827607289098,0.00017312331392830055,2.220446049250313e-12,77967809.20966397,True,1.5082631239045615e-05,1.1336112485928745e-08,1,0.0467414788252807,1.1975827923168326e-05,0.0002562141426447777,True,5.158796918666498
resolution,N48,48,coarse,3.01,20.287399925240926,cpp,48,4.0,2,0,0.0001,0.007913111335436223,0.002791868604782632,11,4,0.29368626581148827,0.9974867129293904,0.9975142422601563,0.9879925795912196,0.0016566355803394933,0.001676769253697152,0.0001520759146092029,2.220446049250313e-12,68488903.23660336,True,1.5026631509196578e-05,1.1813797433206114e-08,2,0.046804593776700355,9.923924258933294e-06,0.0002120288514046134,True,5.137745218604609
resolution,N48,48,coarse,3.035,20.800977899475697,cpp,48,4.0,2,0,0.0001,0.007891370419515861,0.002846272874016884,11,4,0.4745126446130439,0.995252945483512,0.9972680798461449,0.9879925795912196,0.0014576344718770652,0.0014753496149537471,0.0001336671245669883,2.220446049250313e-12,60198321.23915742,True,1.4977191276505947e-05,1.3378144563694572e-08,2,0.04686027495144359,8.228614808595178e-06,0.0001755989442469476,True,5.118955595474477
resolution,N48,48,coarse,3.06,21.327557162026903,cpp,48,4.0,2,0,0.0001,0.007872364327131624,0.0028932285056948452,11,4,0.39979132189074396,0.9907970062498961,0.9950318073214843,0.9879925795912196,0.0012830753071548908,0.0012986689714671353,0.00011754958272038824,2.220446049250313e-12,52939625.693709776,True,1.4931088420360479e-05,8.459823639662186e-09,0,0.04690940686373507,6.8269004003318425e-06,0.00014553371821909804,True,5.10220467753186
resolution,N48,48,coarse,3.085,21.867466842075256,cpp,48,4.0,2,0,0.0001,0.00785573219294884,0.002933872797976587,11,4,0.4492996566994092,0.9815908066398076,0.9797447962255242,0.9879925795912196,0.0011298416955828985,0.0011435730580591696,0.00010342497962997151,2.220446049250313e-12,46578469.972234085,True,1.4890357275245048e-05,6.2910147050078205e-09,0,0.04695276674197591,5.667121234527757e-06,0.00012069834490629354,True,5.0872899820295325
resolution,N48,48,coarse,3.11,22.421044400746343,cpp,48,4.0,2,0,0.0001,0.007841164043340721,0.0029691454887747393,11,4,0.6111108878434091,0.9953159801487419,0.9922267153288747,0.9879925795912196,0.0009952382011105833,0.0010073336800994616,9.10364924772176e-05,2.220446049250313e-12,40999191.35975142,True,1.4852921169487278e-05,9.345515043691757e-09,0,0.046991037976902766,4.7068735198753535e-06,0.00010016534476614234,True,5.074028115179437
resolution,N48,48,coarse,3.135,22.988635842034803,cpp,48,4.0,2,0,0.0001,0.0078283930152503,0.0029998262260820608,11,4,0.5808725556362326,0.9971056087218302,0.9972010359396795,0.9879925795912196,0.0008769287797816123,0.0008875864028699894,8.016250341263929e-05,2.220446049250313e-12,36101982.04982484,True,1.4819196901751905e-05,8.119191873087654e-09,0,0.04702482179678034,3.911317348601362e-06,8.317559108473132e-05,True,5.062253057955672
resolution,N48,48,coarse,3.16,23.570595929068126,cpp,48,4.0,2,0,0.0001,0.007817188869155538,0.003026565697291469,11,4,0.4703680546975185,0.9981426897634769,0.9976760920267956,0.9879925795912196,0.0007728851144002372,0.0007822782583245891,7.06113631296217e-05,2.220446049250313e-12,31800530.867868707,True,1.4790162285048585e-05,5.289277396812105e-09,0,0.0470546474196844,3.251800684617575e-06,6.910689725532291e-05,True,5.051814625782806
resolution,N48,48,coarse,3.185,24.167288405845095,cpp,48,4.0,2,0,0.0001,0.0078073525640996195,0.003049910290122315,11,4,0.1675687045125655,0.9970709897924823,0.9998800113652763,0.9879925795912196,0.0006813430944598101,0.0006896236961027732,6.221700932063554e-05,2.220446049250313e-12,28020049.99925209,True,1.4762701127504742e-05,8.416384936245558e-09,0,0.04708098089488383,2.704739075797165e-06,5.74486560047665e-05,True,5.04257701822533
resolution,N48,48,coarse,3.21,24.779086224587694,cpp,48,4.0,2,0,0.0001,0.007798711706866277,0.0030703214526877957,11,4,0.42849287618784,0.9939309699501612,0.9871698339353309,0.9879925795912196,0.0006007660262894637,0.0006080673465564182,5.4835287119752235e-05,2.220446049250313e-12,24695617.863927033,True,1.4741423645585717e-05,5.6527879833541644e-09,0,0.04710423281349215,2.2507024905286704e-06,4.778132146722911e-05,True,5.0344175065065455
resolution,N48,48,coarse,3.235,25.406371778848346,cpp,48,4.0,2,0,0.0001,0.007791116722858598,0.0030881909345334734,11,4,0.16153489133769708,0.997741497737989,0.989754307950815,0.9879925795912196,0.0005298134273689158,0.0005362524358109302,4.8340848132966515e-05,2.220446049250313e-12,21770782.563840173,True,1.4720959252676416e-05,6.757068401121552e-09,0,0.04712476504185187,1.8736701236337652e-06,3.975977645659865e-05,True,5.027225226310826
resolution,N48,48,coarse,3.26,26.049537142518336,cpp,48,4.0,2,0,0.0001,0.0077844376245269015,0.0031038528688907296,11,4,0.7007366346409066,0.9986564136446715,0.9920453703657348,0.9879925795912196,0.0004673144721232398,0.00047299390883744335,4.2624528405758836e-05,2.220446049250313e-12,19196381.02450186,True,1.4702915932372183e-05,3.7891694011696395e-09,0,0.047142896608683205,1.5604215888910682e-06,3.309982417592167e-05,True,5.020900073990743
resolution,N48,48,coarse,3.285,26.708984314886784,cpp,48,4.0,2,0,0.0001,0.007778561276165455,0.0031175934300048985,11,4,0.47060397101163653,0.996135551964699,0.9952940535498963,0.9879925795912196,0.00041224532718396026,0.0004172554892613932,3.759112408982913e-05,2.220446049250313e-12,16929537.244339254,True,1.4686416714703623e-05,6.1906871122659935e-09,0,0.04715890885812675,1.3000389876665536e-06,2.756719820591273e-05,True,5.01535169689149
resolution,N48,48,coarse,3.31,27.38512547190322,cpp,48,4.0,2,0,0.0001,0.007773389072151697,0.0031296586181503564,11,4,0.7383664064644835,0.9990573748874453,0.9999177233967107,0.9879925795912196,0.0003637097508366505,0.00036813004302839485,3.315749876973193e-05,2.220446049250313e-12,14932809.910390241,True,1.467270470931283e-05,4.337980585259138e-09,0,0.04717304996487804,1.083499224978558e-06,2.2968606562120966e-05,True,5.0104985889745555
resolution,N48,48,coarse,3.335,28.07838322380105,cpp,48,4.0,2,0,0.0001,0.0077688349607259975,0.0031402605866422515,11,4,0.2599825985764766,0.9986364813125627,0.9998436818282372,0.9879925795912196,0.0003209224421767342,0.0003248227251964943,2.925096821663917e-05,2.220446049250313e-12,13173464.956068238,True,1.4659886740464261e-05,5.3138789310111e-09,0,0.04718553889410372,9.033398698017483e-07,1.9144422019404535e-05,True,5.006267238492618
resolution,N48,48,coarse,3.36,28.789190879242675,cpp,48,4.0,2,0,0.0001,0.007764823757299273,0.003149582824160324,11,4,0.29069864597987266,0.9991462057271479,0.9997961626368149,0.9879925795912196,0.0002831947138374997,0.0002866364785398197,2.5807918105349594e-05,2.220446049250313e-12,11622853.03624607,True,1.4649966939427573e-05,4.861481050838366e-09,0,0.04719656887740118,7.533850170528086e-07,1.5962707352939525e-05,True,5.002591398517829
resolution,N48,48,coarse,3.385,29.517992716151486,cpp,48,4.0,2,0,0.0001,0.007761289701357641,0.0031577844298489545,11,4,0.24727565554703873,0.9980547989687443,0.9997673314248401,0.9879925795912196,0.00024992213560326475,0.00025295952699024287,2.277261799704729e-05,2.220446049250313e-12,10255875.392575283,True,1.4641581921852145e-05,4.534481669706286e-09,0,0.0472063104663212,6.285201577339564e-07,1.3314324960481013e-05,True,4.999411362200036
resolution,N48,48,coarse,3.41,30.265244259400085,cpp,48,4.0,2,0,0.0001,0.00775817521852339,0.0031650036638051784,11,4,0.2628425036009118,0.9984361000525919,0.9992796690671125,0.9879925795912196,0.00022057385397882117,0.00022325456540380422,2.0096201166106493e-05,2.220446049250313e-12,9050524.408323973,True,1.4633266493682155e-05,4.0150450143666625e-09,0,0.04721491421668583,5.245071235196188e-07,1.1108928867528412e-05,True,4.996673371015676
resolution,N48,48,coarse,3.435,31.031412565528075,cpp,48,4.0,2,0,0.0001,0.00775542985632583,0.0031713609137907256,11,4,0.42264224218974095,0.9973331590617074,0.9996826327830884,0.9879925795912196,0.00019468334206451847,0.00019704939701578367,1.7735785102946514e-05,2.220446049250313e-12,7987487.518075312,True,1.4626214521625775e-05,3.854724442475885e-09,0,0.04722251304984101,4.3783183228455725e-07,9.271675817473914e-06,True,4.994329028207654
resolution,N48,48,coarse,3.46,31.81697651466769,cpp,48,4.0,2,0,0.0001,0.007753009367159487,0.0031769611880924555,11,4,0.005526016737754926,0.9981797615332557,0.9989272479766808,0.9879925795912196,0.00017184037297092412,0.0001739288093054533,1.565371158456151e-05,2.220446049250313e-12,7049804.965919643,True,1.4620591027971138e-05,3.1102149913021546e-09,0,0.047229224330910854,3.65578914797624e-07,7.740523372482274e-06,True,4.99233480035825
resolution,N48,48,coarse,3.485,32.62242710985942,cpp,48,4.0,2,0,0.0001,0.007750874916477415,0.0031818962207412938,11,4,0.05507246339742145,0.9995934478035872,0.9999933151591699,0.9879925795912196,0.00015168404309689012,0.00015352751248359493,1.3816888782565028e-05,2.220446049250313e-12,6222573.517257945,True,1.4616549139003211e-05,3.3982814095441907e-09,0,0.04723515169890718,3.053283864555668e-07,6.464007745795613e-06,True,4.990651527318326
resolution,N48,48,coarse,3.51,33.44826778394491,cpp,48,4.0,2,0,0.0001,0.007748992397744061,0.0031862462581896335,11,4,0.7583699024427523,0.9993543890883267,0.999935671327814,0.9879925795912196,0.00013389669810866579,0.00013552399165190628,1.2196220610940546e-05,2.220446049250313e-12,5492689.45987602,True,1.461243539758583e-05,3.869619128516142e-09,0,0.04724038667905793,2.5507042152770006e-07,5.39941434562336e-06,True,4.98924402317485
resolution,N48,48,coarse,3.535,34.295014714228856,cpp,48,4.0,2,0,0.0001,0.007747331838705044,0.003190081581458537,11,4,0.021010375360332654,0.9988071908414269,0.9998565497490705,0.9879925795912196,0.00011819863728444417,0.00011963514678758891,1.0766110888067254e-05,2.220446049250313e-12,4848625.298372912,True,1.4608376347783842e-05,1.6842382012212728e-09,0,0.04724501010384532,2.131350020225887e-07,4.5112701119994345e-06,True,4.988080680052757
resolution,N48,48,coarse,3.56,35.163197145106615,cpp,48,4.0,2,0,0.0001,0.007745866885874442,0.0031934638084775897,11,4,0.7386791753789294,0.9986833063074922,0.9996265445772331,0.9879925795912196,0.00010434349024557043,0.00010561161328634917,9.504031810808564e-06,2.220446049250313e-12,4280235.412167479,True,1.4607223439112858e-05,2.1293561936420282e-09,0,0.047249093365900496,1.7813380382039966e-07,3.7700999348478123e-06,True,4.987133131153008
resolution,N48,48,coarse,3.585,36.05335771885924,cpp,48,4.0,2,0,0.0001,0.007744574356252345,0.003196447011768173,11,4,0.686310211327943,0.9988409184600872,0.9999775521564699,0.9879925795912196,9.211417589588105e-05,9.323367178930954e-05,8.39014784765481e-06,2.220446049250313e-12,3778586.672028157,True,1.4605023085130114e-05,2.8163904416037394e-09,0,0.04725269952299962,1.4891215496882713e-07,3.1513999511572063e-06,True,4.986375911649215
resolution,N48,48,coarse,3.61,36.966052814822504,cpp,48,4.0,2,0,0.0001,0.007743433846903067,0.003199078681094197,11,4,0.579497638070418,0.9996321169426612,0.9999743224997438,0.9879925795912196,8.131936617243364e-05,8.230766895646059e-05,7.406987497978398e-06,2.220446049250313e-12,3335810.6135833436,True,1.4603978169168567e-05,3.228763922315405e-09,0,0.04725588427289154,1.2450929409725802e-07,2.634789212243841e-06,True,4.98578621795716
resolution,N48,48,coarse,3.635,37.901852897142135,cpp,48,4.0,2,0,0.0001,0.007742427394505852,0.0032014005545658087,11,4,0.9239815526402505,0.9995090388913987,0.9999968556599882,0.9879925795912196,7.179038867345487e-05,7.266288245115974e-05,6.5391564438637285e-06,2.220446049250313e-12,2944974.2523902063,True,1.4602469140706292e-05,2.682980749789732e-09,0,0.04725869681350171,1.0412547404687052e-07,2.203308196537533e-06,True,4.985343595322005
resolution,N48,48,coarse,3.66,38.86134287133247,cpp,48,4.0,2,0,0.0001,0.007741539178053951,0.00320344933833351,11,4,0.8498226335637109,0.999642474517896,0.9999622796339127,0.9879925795912196,6.337851098169871e-05,6.414877225891866e-05,5.773086609568303e-06,2.220446049250313e-12,2599967.070362941,True,1.4602358534103351e-05,2.650525992454937e-09,0,0.04726118060215037,8.709471315422178e-08,1.8428382880951349e-06,True,4.985029764983033
resolution,N48,48,coarse,3.685,39.8451224498614,cpp,48,4.0,2,0,0.0001,0.007740755258985774,0.003205257330952336,11,4,0.45355421837432613,0.9995829298492267,0.9999425395147041,0.9879925795912196,5.595255794311181e-05,5.6632569008020385e-05,5.096816413783679e-06,2.220446049250313e-12,2295402.050189201,True,1.460187786335776e-05,2.8644638655555233e-09,0,0.04726337402576372,7.286221128988482e-08,1.5416210287942397e-06,True,4.984828335763628
resolution,N48,48,coarse,3.71,40.85380652699027,cpp,48,4.0,2,0,0.0001,0.00774006335375031,0.003206852966313485,11,2,0.63867685161836,0.999382597922286,0.9999945356250042,0.9879925795912196,4.9396819221550046e-05,4.99971560940143e-05,4.4997981289889276e-06,2.220446049250313e-12,2026528.917695699,True,1.4601953514245713e-05,2.245251172105225e-09,0,0.04726531099260811,6.096562187015372e-08,1.2898597425855977e-06,True,4.984724727811753
resolution,N48,48,coarse,3.735,41.888025563102715,cpp,48,4.0,2,0,0.0001,0.007739452634626032,0.003208261286685877,11,2,0.7889224769905436,0.9992929949677092,0.9999974619706228,0.9879925795912196,4.360921091108382e-05,4.413920894945088e-05,3.972728896558004e-06,2.220446049250313e-12,1789158.0378182628,True,1.4601566275967623e-05,1.6378239302706642e-09,0,0.04726702145480352,5.101951221228944e-08,1.0793891944529237e-06,True,4.984705856869941
resolution,N48,48,coarse,3.76,42.94842597876301,cpp,48,4.0,2,0,0.0001,0.007738913555054278,0.0032095043553189203,11,2,0.7188118796753942,0.9996669718488127,0.9999565841572523,0.9879925795912196,3.849965904278016e-05,3.896755890485466e-05,3.5074023450742145e-06,2.220446049250313e-12,1579593.5894314635,True,1.4602821065150492e-05,1.936350000000924e-09,0,0.04726853186977052,4.2702462680274735e-08,9.034015018262941e-07,True,4.984760089941875
resolution,N48,48,coarse,3.785,44.03567055874993,cpp,48,4.0,2,0,0.0001,0.007738437696409437,0.003210601617129635,11,2,0.23481648375720232,0.9995676410215627,0.9999803130088432,0.9879925795912196,3.398867764465493e-05,3.440175396734021e-05,3.096578232372522e-06,2.220446049250313e-12,1394574.8573436479,True,1.4603123505090704e-05,2.3059229159055693e-09,0,0.04726986560778319,3.5746350973005435e-08,7.5621858690285e-07,True,4.984877060731808
resolution,N48,48,coarse,3.81,45.15043886631872,cpp,48,4.0,2,0,0.0001,0.007738017633468423,0.003211570214159521,11,2,0.12852507846357566,0.9997801584052066,0.9998601917694901,0.9879925795912196,3.0006117265450653e-05,3.0370792134760403e-05,2.733867846578937e-06,2.220446049250313e-12,1231224.6215133083,True,1.4603835134364895e-05,1.1078043660230695e-09,0,0.04727104331195408,2.992744805730565e-08,6.331031845395611e-07,True,4.9850475592246415
resolution,N48,48,coarse,3.835,46.29342766795043,cpp,48,4.0,2,0,0.0001,0.00773764681619127,0.0032124252619897655,11,2,0.6374496428075566,0.9995637808420346,0.9998171124651113,0.9879925795912196,2.6490063107865385e-05,2.681200613756189e-05,2.41363319222362e-06,2.220446049250313e-12,1087003.7545107356,True,1.4604981623795301e-05,2.007477210847421e-09,0,0.04727208321622061,2.5059013704378746e-08,5.301017429200195e-07,True,4.985263364596507
resolution,N48,48,coarse,3.86,47.46535136885352,cpp,48,4.0,2,0,0.0001,0.007737319465803705,0.003213180092120216,11,2,0.35459795590913307,0.9994199693710717,0.9998075126882824,0.9879925795912196,2.3385864401660446e-05,2.3670081015523732e-05,2.1308982757125343e-06,2.220446049250313e-12,959671.2680463402,True,1.4605596989331269e-05,1.5006319950781792e-09,0,0.04727300142625089,2.0985139548276728e-08,4.4391383908667144e-07,True,4.985517247103377
resolution,N48,48,coarse,3.885,48.66694245949041,cpp,48,4.0,2,0,0.0001,0.007737030483395788,0.0032138464646345884,11,2,0.8761316707043624,0.9996821966498559,0.9998859031173926,0.9879925795912196,2.0645279276463984e-05,2.0896188597900136e-05,1.8812709955908695e-06,2.220446049250313e-12,847249.1354725962,True,1.4606986424253696e-05,1.1731650226302285e-09,0,0.04727381216759975,1.757562408365471e-08,3.7178351560360495e-07,True,4.985802705018634
resolution,N48,48,coarse,3.91,49.89895197340787,cpp,48,4.0,2,0,0.0001,0.007736775369477478,0.0032144347550880003,11,2,0.4335316149235271,0.9997593536184102,0.9999579223764944,0.9879925795912196,1.8225720928237015e-05,1.844722450828313e-05,1.6608743383005581e-06,2.220446049250313e-12,747991.3051079613,True,1.4608309652493738e-05,8.524330904686202e-10,0,0.04727452800494072,1.4721707769176053e-08,3.1140887895564964e-07,True,4.986114103547662
resolution,N48,48,coarse,3.935,51.16214995665737,cpp,48,4.0,2,0,0.0001,0.007736550153176371,0.0032149541187011287,11,2,0.004856217217600711,0.9998635387571632,0.9999990764992266,0.9879925795912196,1.6089593157095372e-05,1.628513562698256e-05,1.4662857579782283e-06,2.220446049250313e-12,660356.3993249414,True,1.4609911644838387e-05,1.6058220689610393e-09,0,0.04727516003575139,1.233251982000521e-08,2.608668021573879e-07,True,4.986446359341638
resolution,N48,48,coarse,3.96,52.45732594909905,cpp,48,4.0,2,0,0.0001,0.00773635132986317,0.0032154126348386465,11,2,0.039719738613885607,0.9998440942751622,0.9999844077134783,0.9879925795912196,1.4203704304358611e-05,1.4376326905446368e-05,1.294483744012682e-06,2.220446049250313e-12,582983.6507172679,True,1.4611127308415662e-05,1.019065836273182e-09,0,0.04727571806142796,1.0332119395406783e-08,2.1855023718479934e-07,True,4.98679512568558
resolution,N48,48,coarse,3.985,53.785289477889734,cpp,48,4.0,2,0,0.0001,0.007736175806211093,0.0032158174340978815,11,2,0.05666370859369192,0.9998096314847587,0.9999906938122145,0.9879925795912196,1.2538750463218737e-05,1.2691138296207271e-05,1.1428007148144988e-06,2.220446049250313e-12,514671.6873397313,True,1.4612623353878906e-05,1.0540000028223972e-09,0,0.047276210738462596,8.657028270438372e-09,1.8311595060632168e-07,True,4.987156437322399
resolution,N48,48,coarse,4.01,55.1468705634638,cpp,48,4.0,2,0,0.0001,0.007736020851780982,0.003216174810285048,11,2,0.5919198137294052,0.9998322208449248,0.9999984391612282,0.9879925795912196,1.1068859476322223e-05,1.1203383208507443e-05,1.008881475536062e-06,2.220446049250313e-12,454359.8237285205,True,1.461396726933916e-05,1.211144815004239e-09,0,0.04727664571200505,7.254175546179146e-09,1.5344099474335334e-07,True,4.987526923264558
resolution,N48,48,coarse,4.035,56.542920238322985,cpp,48,4.0,2,0,0.0001,0.0077358840563335,0.003216490318956678,11,2,0.8787879296433757,0.9998194015467261,0.9999975386523647,0.9879925795912196,9.771188667976353e-06,9.889941351603236e-06,8.906465773886885e-07,2.220446049250313e-12,401111.55940465047,True,1.4615607739954248e-05,1.2774218081861475e-09,0,0.04727702973386292,6.079182203448294e-09,1.2858638196328953e-07,True,4.987903573120303
resolution,N48,48,coarse,4.06,57.97431107895927,cpp,48,4.0,2,0,0.0001,0.007735763292198905,0.0032167688643004563,11,2,0.34252580830380497,0.9998569966622208,0.9999782749847042,0.9879925795912196,8.625569835428919e-06,8.73039941149936e-06,7.862599890607229e-07,2.220446049250313e-12,354100.0193750202,True,1.4616729037433079e-05,9.07693573030622e-10,0,0.04727736876674934,5.094931108009212e-09,1.0776680769071331e-07,True,4.988283805522342
resolution,N48,48,coarse,4.085,59.44193775124387,cpp,48,4.0,2,0,0.0001,0.007735656681091149,0.0032170147757356565,11,2,0.36005855361150246,0.9998178157899904,0.9999057841464091,0.9879925795912196,7.6141959540377195e-06,7.706733948536416e-06,6.941005786158519e-07,2.220446049250313e-12,312595.1107211996,True,1.4617744216749156e-05,1.179945856179077e-09,0,0.04727766807638314,4.270372499430046e-09,9.032536233662607e-08,True,4.988665398566002
resolution,N48,48,coarse,4.11,60.94671756962223,cpp,48,4.0,2,0,0.0001,0.007735562564834212,0.00321723187539379,11,2,0.29723453702617963,0.9998860095902384,0.9999282542105469,0.9879925795912196,6.721344674481935e-06,6.803031534166867e-06,6.127369416600186e-07,2.220446049250313e-12,275952.1862136197,True,1.4620012724695508e-05,1.1892859521731086e-09,0,0.04727793231285358,3.5795285510482354e-09,7.571245982927767e-08,True,4.989046350388616
resolution,N48,48,fine0,2.735,15.409743435929318,cpp,48,4.0,2,0,0.0001,0.00852843366548881,0.0008200347583123917,6,6,1.0,1.0,1.0,0.9879925795912196,0.0070960307534869045,0.00718227130453032,0.0006665308552588563,2.220446049250313e-12,300178811.13747233,True,1.602000273210944e-05,1.7945018146597586e-08,1,0.045390149466448274,8.164857051833906e-05,0.0017988169565004953,True,
resolution,N48,48,fine0,2.7375,15.448315990122012,cpp,48,4.0,2,0,0.0001,0.008517161539960643,0.0007240702658791433,6,6,0.005688135576599437,0.9999832993688449,0.906448778408466,0.9879925795912196,0.00699865990783514,0.007083717076833538,0.000657164262559376,2.220446049250313e-12,295960472.7983613,True,1.6005737847296252e-05,2.1861565703776777e-08,1,0.04541395844261262,8.006302548109256e-05,0.0017629607333671268,True,5.526755970557117
resolution,N48,48,fine0,2.74,15.486985096339938,cpp,48,4.0,2,0,0.0001,0.00850606308443656,0.000615990994027424,7,6,0.15811577121285353,0.9949899790910652,0.9669968835790467,0.9879925795912196,0.006902731031867926,0.006986622343584727,0.000647941142491692,2.220446049250313e-12,291806748.78835976,True,1.599433896285942e-05,2.4473308738520922e-08,1,0.04543746097151758,7.850899854959181e-05,0.0017278473944396912,True,5.520621590320281
resolution,N48,48,fine0,2.7425,15.525750996265122,cpp,48,4.0,2,0,0.0001,0.008495135349204626,0.0004896688276410105,7,6,0.1343180238987244,0.9981098073076277,0.9600619101204603,0.9879925795912196,0.006808220368249679,0.006890963058717071,0.0006388590337783476,2.220446049250313e-12,287716530.6466441,True,1.5977376984666414e-05,2.1303316255487024e-08,2,0.04546066114521673,7.698584778132411e-05,0.0016934608041754007,True,5.514550101123823
resolution,N48,48,fine0,2.745,15.564613932184574,cpp,48,4.0,2,0,0.0001,0.008484375439650289,0.00033694822654674344,6,6,0.15992906681243346,0.9987031269921249,0.995914741856804,0.9879925795912196,0.0067151046030076815,0.006796715624914963,0.0006299155230711612,2.220446049250313e-12,283688731.4978173,True,1.5967380354751148e-05,1.933594533409925e-08,1,0.045483562998051605,7.549294459874172e-05,0.0016597851976103022,True,5.508540957403438
resolution,N48,48,fine0,2.7475,15.603574146991766,cpp,48,4.0,2,0,0.0001,0.00847378051525627,0.0003160990035744894,3,6,0.06752270622245668,0.9944810674488918,0.9889634545448797,0.9879925795912196,0.006623360856701101,0.006703856884675699,0.0006211082438673359,2.220446049250313e-12,279722285.56376773,True,1.5949802113279194e-05,1.4987756230365344e-08,1,0.04550617050751992,7.402967350786771e-05,0.0016268051713038403,True,5.50259358601861
resolution,N48,48,fine0,2.75,15.642631884188171,cpp,48,4.0,2,0,0.0001,0.00846334778846792,0.00046632271694977605,3,6,0.21335048161193965,0.9965017728813712,0.9872072467977522,0.9879925795912196,0.006532966675373646,0.006612364111152182,0.0006124348754942597,2.220446049250313e-12,275816147.7064644,True,1.5939661888368307e-05,9.792284436951115e-09,0,0.04552848759513026,7.259543182194858e-05,0.0015945056745024276,True,5.496707410306685
resolution,N48,48,fine0,2.7525,15.681787387884773,cpp,48,4.0,2,0,0.0001,0.008453074523693082,0.0005897689723661885,3,6,0.07915199088676227,0.9997437929517365,0.9791752683618807,0.9879925795912196,0.006443900021332862,0.006522214998820149,0.0006038931421110291,2.220446049250313e-12,271969292.97828287,True,1.5928210782304673e-05,1.8441282421974176e-08,1,0.04555051812724369,7.11896293913129e-05,0.0015628720005433812,True,5.490881873589339
resolution,N48,48,fine0,2.755,15.721040902803596,cpp,48,4.0,2,0,0.0001,0.008442958036125624,0.000445128726976253,12,6,0.16409560924930608,0.9972934489036556,0.7927232181018126,0.9879925795912196,0.006356139264396087,0.00643338765461774,0.0005954808117065285,2.220446049250313e-12,268180716.1707802,True,1.5914244277375292e-05,1.6479101975639304e-08,2,0.04557226591590115,6.981168833878018e-05,0.0015318897784808495,True,5.485116424356457
resolution,N48,48,fine0,2.7575,15.760392674279236,cpp,48,4.0,2,0,0.0001,0.008432995690924601,0.00023114390777290145,7,4,0.2989371043000431,0.9973597264072114,0.566854850225072,0.9879925795912196,0.006269663173715721,0.006345860589671417,0.000587195695187105,2.220446049250313e-12,264449431.40382054,True,1.590259403165035e-05,9.540289980345247e-09,0,0.045593734719639165,6.846104280072952e-05,0.0015015449649322197,True,5.479410492420633
resolution,N48,48,fine0,2.76,15.799842948260395,cpp,48,4.0,2,0,0.0001,0.008423184901993628,0.00035824871603974874,9,4,0.09066999920253042,0.999976391992628,0.5622090716588166,0.9879925795912196,0.006184450908962588,0.006259612710372172,0.00057903564540213,2.220446049250313e-12,260774471.68672672,True,1.5888807031008584e-05,1.42515504915487e-08,2,0.04561492824429104,6.713713867368208e-05,0.00147182383613822,True,5.473763541416199
resolution,N48,48,fine0,2.7625,15.839391971311418,cpp,48,4.0,2,0,0.0001,0.008413523131085489,0.0005276036989698466,8,4,0.04666071185449137,0.9994247978629579,0.7294866295268649,0.9879925795912196,0.006100482012455924,0.006174623310409871,0.0005709985562467352,2.220446049250313e-12,257154888.51418877,True,1.5877670980889256e-05,1.7397327101089334e-08,2,0.045635850143776586,6.583943336537381e-05,0.001442712980210634,True,5.468175021962411
resolution,N48,48,fine0,2.765,15.879039990613816,cpp,48,4.0,2,0,0.0001,0.008404007886919062,0.0006546161300249577,10,4,0.3162136352388034,0.9981854821235613,0.5446491414944326,0.9879925795912196,0.006017736401350073,0.006090872062864989,0.0005630823618147137,2.220446049250313e-12,253589751.48476437,True,1.5866149086988872e-05,1.2776990875116192e-08,1,0.04565650402087923,6.456739555253413e-05,0.001414199289612861,True,5.46264437902074
resolution,N48,48,fine0,2.7675,15.918787253967844,cpp,48,4.0,2,0,0.0001,0.008394636724121062,0.0007595400769848704,10,4,0.2640421567736749,0.9916042577466538,0.6672818611731088,0.9879925795912196,0.005936194359481912,0.006008339011956955,0.000555285035481834,2.220446049250313e-12,250078147.88804004,True,1.58553208497329e-05,1.8880629153809192e-08,1,0.04567689342801007,6.33205049424481e-05,0.0013862699538059779,True,5.457171086376866
resolution,N48,48,fine0,2.77,15.958634009794029,cpp,48,4.0,2,0,0.0001,0.008385407242321903,0.0008504045510660715,8,4,0.2978437360900511,0.999238737641712,0.5095961024769033,0.9879925795912196,0.005855836529835926,0.005927004565417657,0.0005476045890871307,2.220446049250313e-12,246619182.33591753,True,1.5841236742305548e-05,1.6750012054505225e-08,1,0.045697021867961214,6.20982520401112e-05,0.0013589124520967766,True,5.451754618812948
resolution,N48,48,fine0,2.7725,15.998580507134724,cpp,48,4.0,2,0,0.0001,0.008376317085370665,0.0009312969604987125,8,4,0.6057511641408597,0.9955892485810456,0.933995451922386,0.9879925795912196,0.005776643907784227,0.0058468494876492945,0.0005400390721042763,2.220446049250313e-12,243211976.38943273,True,1.582759951135406e-05,1.8422796364121048e-08,2,0.045716892794645234,6.090013792050471e-05,0.0013321145466744816,True,5.446394410279984
resolution,N48,48,fine0,2.775,16.03862699565567,cpp,48,4.0,2,0,0.0001,0.008367363940292104,0.0010046280499298515,8,4,0.30287899772755433,0.9998138580099057,0.7975122923058628,0.9879925795912196,0.005698597832749664,0.005767854891286178,0.0005325865708336692,2.220446049250313e-12,239855668.1949043,True,1.5815705657490083e-05,2.0436102744906752e-08,1,0.045736509613825194,5.9725674004823174e-05,0.0013058642758075564,True,5.441089972854379
resolution,N48,48,fine0,2.7775,16.078773725647544,cpp,48,4.0,2,0,0.0001,0.008358545536534555,0.001071960974109438,10,4,0.20027972583015174,0.9998992784471881,0.5651727620488574,0.9879925795912196,0.005621679982159093,0.005690002231074503,0.0005252452076034425,2.220446049250313e-12,236549412.12410024,True,1.580648609458378e-05,1.5854662303430704e-08,1,0.045755875683831354,5.857438184262277e-05,0.0012801499472410067,True,5.435840751816764
resolution,N48,48,fine0,2.78,16.119020948027543,cpp,48,4.0,2,0,0.0001,0.008349859645082044,0.0011343785541675507,8,4,0.3047912167080721,0.9994404707903248,0.7410733669851604,0.9879925795912196,0.005545872363702775,0.00561327329603768,0.0005180131400530745,2.220446049250313e-12,233292378.4516047,True,1.5796254235428465e-05,1.7376488826331548e-08,2,0.045774994316267414,5.744579289740901e-05,0.001254960131737123,True,5.430646253597755
resolution,N48,48,fine0,2.7825,16.159368914340945,cpp,48,4.0,2,0,0.0001,0.008341304077602633,0.001192668403971983,10,4,0.379072640322379,0.9995787540517345,0.7641038895889641,0.9879925795912196,0.005471157309273332,0.005537650203341623,0.0005108885603166118,2.220446049250313e-12,230083752.9869742,True,1.57794805039519e-05,1.518775144356025e-08,1,0.0457938687767054,5.633944833824207e-05,0.0012302836568134866,True,5.425505939324706
resolution,N48,48,fine0,2.785,16.19981787676266,cpp,48,4.0,2,0,0.0001,0.008332876685733974,0.001247425376389995,10,4,0.3486681016002955,0.99958640788088,0.608565387230738,0.9879925795912196,0.005397517467770558,0.0054631153910121195,0.0005038696943562857,2.220446049250313e-12,226922736.7746254,True,1.576821942921785e-05,1.6858090825481054e-08,1,0.04581250228536915,5.525489883334728e-05,0.0012061096005880842,True,5.420419316189218
resolution,N64,64,coarse,2.31,10.074424655013587,cpp,64,4.0,2,0,0.0001,0.019678690678323528,0.004536493663780451,6,8,1.0,1.0,1.0,1.3053428127008952,0.12772941211359043,0.09785123943748117,0.012064816705278737,2.220446049250313e-12,5433510401.8186655,True,1.4031621674330323e-05,1.8090910888619874e-13,0,0.030351567905114018,0.002354371729638106,0.07757002000682184,False,
resolution,N64,64,coarse,2.335,10.329459929369532,cpp,64,4.0,2,0,0.0001,0.017511832688614143,0.004627545751153667,6,8,0.08625191631967329,0.9680672598995834,0.9878276078530566,1.3053428127008952,0.10531804618660913,0.08068228909821376,0.009754556044024806,2.220446049250313e-12,4393061496.503473,True,1.567671516668862e-05,7.212862602586838e-14,0,0.03249697642315113,0.001984813851825621,0.0610768776141162,False,7.717171009059934
resolution,N64,64,coarse,2.36,10.59095145243378,cpp,64,4.0,2,0,0.0001,0.015773615986003433,0.0035731764735567302,6,8,0.022434373232039156,0.9732860582973137,0.7215645184966744,1.3053428127008952,0.08724773725898634,0.06683894560882543,0.007945226628341559,2.220446049250313e-12,3578211968.277319,True,1.6626418034278624e-05,-7.147314433861927e-14,0,0.03440444903208342,0.001650430404123452,0.04797142377093046,True,7.529326259786185
resolution,N64,64,coarse,2.385,10.859062664920515,cpp,64,4.0,2,0,0.0001,0.014359780426230293,0.006771694634421643,18,9,0.1334762536077232,0.9095208287865184,0.7507501696548471,1.3053428127008952,0.07261890760958435,0.05563205841638488,0.006517132416400367,2.220446049250313e-12,2935055512.202487,True,1.7197186998744402e-05,7.522370304986043e-14,0,0.03608491447728528,0.0013608844803062736,0.03771339076230658,True,7.341052137390213
resolution,N64,64,coarse,2.41,11.133961145065307,cpp,64,4.0,2,0,0.0001,0.013200022238105236,0.006928195813255376,6,7,2.8654029106999464e-26,0.9389547576651248,0.6565673484002973,1.3053428127008952,0.06072540204582631,0.04652065453992036,0.005380935159205953,2.220446049250313e-12,2423357757.790473,True,1.7505235172424973e-05,-4.9429939596334254e-14,0,0.037557393453509086,0.0011163977941820022,0.029725113793212243,True,7.154529107514223
resolution,N64,64,coarse,2.435,11.41581871336694,cpp,64,4.0,2,0,0.0001,0.012243141176305075,0.006223553305077911,20,7,0.014076434248223536,0.9763685006958128,0.03172883746181262,1.3053428127008952,0.05101074938480068,0.03907843126607786,0.004469893339428104,2.220446049250313e-12,2013060997.783427,True,1.7647801692205482e-05,-4.146015602775159e-13,0,0.038843716031213116,0.000913060054421209,0.0235059913857756,True,6.973028514529494
resolution,N64,64,coarse,2.46,11.704811539980854,cpp,64,4.0,2,0,0.0001,0.011450077074461924,0.005255985430629178,5,7,0.007808099953252862,0.9921580347664737,0.4940211075139035,1.3053428127008952,0.04303676540181358,0.032969703424317987,0.0037339131182681975,2.220446049250313e-12,1681604972.806646,True,1.7694844946696788e-05,-3.3858729956688465e-14,0,0.03996571374049519,0.0007455129480482401,0.01865381293798465,True,6.799264921607189
resolution,N64,64,coarse,2.485,12.001120254831195,cpp,64,4.0,2,0,0.0001,0.010790222668243891,0.004287166443670905,4,7,0.16823950088022388,0.9893410622519834,0.4191206249910774,1.3053428127008952,0.03645862631105912,0.0279303076221198,0.0031351459096772717,2.220446049250313e-12,1411944195.0574696,True,1.7651311157773715e-05,-2.6078452878812593e-13,0,0.04094384382726847,0.0006082464295914433,0.014855625968032662,True,6.635066711517256
resolution,N64,64,coarse,2.51,12.30493006051041,cpp,64,4.0,2,0,0.0001,0.010239226099860799,0.003273376610487483,127,7,0.22273401140953086,0.9923922780857639,0.9282222916573173,1.3053428127008952,0.031004779331981102,0.023752212085826608,0.0026447780333329106,2.220446049250313e-12,1191102136.539577,True,1.757055313761344e-05,6.457582701516429e-13,0,0.04179661090835848,0.0004961760573997087,0.011871203109926873,True,6.481469093464183
resolution,N64,64,coarse,2.535,12.616430848036902,cpp,64,4.0,2,0,0.0001,0.009777540300500095,0.0015107093893997935,15,7,0.02075374892549515,0.99726102945535,0.9839977268727367,1.3053428127008952,0.026460916254701494,0.020271239093086205,0.0022406996536828753,2.220446049250313e-12,1009121412.5375396,True,1.7462265322152764e-05,-4.485013030930544e-13,0,0.0425404153381702,0.00040485644439433414,0.00951698381823435,True,6.338903143852321
resolution,N64,64,coarse,2.56,12.935817315543076,cpp,64,4.0,2,0,0.0001,0.009389388555578113,0.0011382441485799448,5,6,0.07990374670928367,0.967988554577119,0.9706098791881627,1.3053428127008952,0.022657352917854777,0.01735739661443745,0.0019058098567446135,2.220446049250313e-12,858300456.0674059,True,1.7322172612008757e-05,-1.877007740113735e-13,0,0.04318961793575057,0.0003305172922881735,0.007652702387408365,True,6.207374184905767
resolution,N64,64,coarse,2.585,13.263289089968042,cpp,64,4.0,2,0,0.0001,0.009061987989062584,0.00234357620811295,5,6,0.14306185601563468,0.9917140535248523,0.9871960815366567,1.3053428127008952,0.01945918820854562,0.014907339297546259,0.0016267787006298334,2.220446049250313e-12,732635994.9970777,True,1.7178210792899775e-05,4.685971107975704e-14,0,0.043756704490432966,0.00027001880490364635,0.006170912733217459,True,6.0866028558660155
resolution,N64,64,coarse,2.61,13.599050851830924,cpp,64,4.0,2,0,0.0001,0.008784948511012193,0.003029267994731168,5,6,0.20243114870585474,0.9982049929928756,0.987202446372357,1.3053428127008952,0.01675867672948095,0.01283852530264095,0.0013931373854124734,2.220446049250313e-12,627413300.9819522,True,1.702732168431545e-05,2.0897472391857158e-13,0,0.04425248708881985,0.00022077582353826518,0.004989003738821337,True,5.976128885480078
resolution,N64,64,coarse,2.635,13.94331246316286,cpp,64,4.0,2,0,0.0001,0.008549799722267383,0.003506019353265892,5,6,0.07468098901008585,0.9954182339740407,0.727481604929307,1.3053428127008952,0.014469334113940592,0.01108470048875665,0.0011966047955240759,2.220446049250313e-12,538902891.1231977,True,1.6869394037634953e-05,2.645284250029018e-13,0,0.04468630950324292,0.00018067503461692504,0.004043185410149239,True,5.875384666044133
resolution,N64,64,coarse,2.66,14.296289098677603,cpp,64,4.0,2,0,0.0001,0.008349615370825934,0.003864107848314624,5,6,0.07091852029743057,0.9977442242837873,0.2597736301940902,1.3053428127008952,0.012521383506937465,0.009592410043633955,0.001030585244892325,2.220446049250313e-12,464134332.48706067,True,1.6714812898963217e-05,-1.9179787936526437e-13,0,0.04506624065023859,0.00014799654169969913,0.003283977974739626,True,5.783746315267342
resolution,N64,64,coarse,2.685,14.658201380262703,cpp,64,4.0,2,0,0.0001,0.008178714041918765,0.004144245075095746,5,6,0.10443037683981983,0.997999895036276,0.22649696504784708,1.3053428127008952,0.010858233612422644,0.008318300378086724,0.0008897910424824935,2.220446049250313e-12,400726260.73617625,True,1.6566845143851536e-05,6.192549649858937e-13,0,0.04539924927860238,0.0001213443753129769,0.002672827794317054,True,5.700568513158352
resolution,N64,64,coarse,2.71,15.029275514875401,cpp,64,4.0,2,0,0.0001,0.008032420136614666,0.004369086095880849,5,6,0.10113631855649491,0.9990547431174572,0.49612504390119233,1.3053428127008952,0.00943374781826731,0.007227027051037932,0.0007699567178810373,2.220446049250313e-12,346757678.774045,True,1.6429760382794735e-05,3.089838832485796e-13,0,0.04569135790997557,9.958715593043112e-05,0.0021795621860625147,True,5.625207885554323
resolution,N64,64,coarse,2.735,15.409743435929318,cpp,64,4.0,2,0,0.0001,0.007906872763353208,0.004552789639713081,5,6,0.025481929807575385,0.9996652755323109,0.875824914954951,1.3053428127008952,0.00821011963540828,0.006289627181093261,0.0006676210579215586,2.220446049250313e-12,300669794.7680228,True,1.6295900842297583e-05,3.909412254845027e-13,0,0.045947776524769765,8.18085374160096e-05,0.0017804678181088443,True,5.5570383230627245
resolution,N64,64,coarse,2.76,15.799842948260395,cpp,64,4.0,2,0,0.0001,0.007798872753664407,0.004704877043985803,3,6,0.05569441926334799,0.998313587468604,0.8937992751555219,1.3053428127008952,0.007156213341419685,0.005482248242982782,0.0005799596853601696,2.220446049250313e-12,261190622.28779697,True,1.6164415410986598e-05,2.1672489248506534e-12,0,0.04617301763570076,6.726639000082396e-05,0.001456833307529242,True,5.4954606850584815
resolution,N64,64,coarse,2.785,16.19981787676266,cpp,64,4.0,2,0,0.0001,0.007705760016234586,0.004832081874509467,3,6,0.027561889646764225,0.9823667187824354,0.7398521516271745,1.3053428127008952,0.006246262368583829,0.0047851509257247436,0.0005046555847986135,2.220446049250313e-12,227276670.36494756,True,1.605195646827057e-05,7.711643067538951e-13,0,0.046370994826328754,5.535947919221912e-05,0.0011938385061514107,True,5.43990857236752
resolution,N64,64,coarse,2.81,16.6099182187867,cpp,64,4.0,2,0,0.0001,0.0076253150255697726,0.0049393446319168964,5,6,0.06484608486568597,0.9906335995983688,0.06484608486568597,1.3053428127008952,0.005458843637038593,0.004181923387423152,0.00043979832298118664,2.220446049250313e-12,198067556.34962413,True,1.5943120373896082e-05,1.5810041987599147e-12,0,0.0465451068933804,4.5600418571953875e-05,0.0009797038102503342,True,5.389851383897897
resolution,N64,64,coarse,2.835,17.03040030039619,cpp,64,4.0,2,0,0.0001,0.007555679516578929,0.005030393595066682,5,6,0.32871345620503406,0.9828808719601462,0.32871345620503406,1.3053428127008952,0.004776065507133296,0.0036588591599559205,0.00038380511568596946,2.220446049250313e-12,172850457.5986222,True,1.583321722204766e-05,3.474864417559641e-12,0,0.046698309609165475,3.759379362330572e-05,0.0008050354271480351,True,5.344795493728405
resolution,N64,64,coarse,2.86,17.46152693657999,cpp,64,4.0,2,0,0.0001,0.0074952924705152385,0.0051081055310928545,5,6,0.05292978625887793,0.9834440288541428,0.6935428481240625,1.3053428127008952,0.004182921760996996,0.0032044622457008667,0.0003353586374374776,2.220446049250313e-12,151032103.45989013,True,1.574302102221813e-05,1.6302900219206719e-12,0,0.04683317691838024,3.101850564731639e-05,0.0006623190585890578,True,5.304284146036504
resolution,N64,64,coarse,2.885,17.90356759552007,cpp,64,4.0,2,0,0.0001,0.007442838293869626,0.005174740637720182,5,6,0.06025365128661194,0.9856866689908464,0.9925805528677566,1.3053428127008952,0.0036667751701003684,0.002809051487795313,0.0002933577432572394,2.220446049250313e-12,132116582.3219553,True,1.565711327190888e-05,1.2808193936114214e-12,0,0.04695195315789586,2.5613537707747892e-05,0.0005455265646055555,True,5.267896508250907
resolution,N64,64,coarse,2.91,18.356798567017925,cpp,64,4.0,2,0,0.0001,0.00739720473678079,0.005232101488310129,5,6,0.37388973381719337,0.9882823482308543,0.9159749522244353,1.3053428127008952,0.0032169426514697687,0.002464442765662123,0.00025687820825607123,2.220446049250313e-12,115687660.29816431,True,1.557326435080696e-05,-2.6083677420382905e-13,0,0.047056597667380747,2.1166484124417838e-05,0.00044980906341833283,True,5.235246166051439
resolution,N64,64,coarse,2.935,18.821503135184646,cpp,64,4.0,2,0,0.0001,0.007357448608532723,0.0052816439473177285,5,6,0.6035943393231228,0.9879901051612331,0.9973926192503174,1.3053428127008952,0.0028243604197059763,0.002163692473904284,0.00022514128431177266,2.220446049250313e-12,101394620.41322142,True,1.5496459418082443e-05,4.653991367193657e-12,0,0.047148822956188184,1.7504306133026088e-05,0.0003712564818275847,True,5.205979300989834
resolution,N64,64,coarse,2.96,19.297971755502758,cpp,64,4.0,2,0,0.0001,0.007322767752773184,0.00532455658911701,5,6,0.170867913096536,0.9872442557883099,0.9788975193655123,1.3053428127008952,0.002481312421655604,0.0019008894809184268,0.00019748838988664345,2.220446049250313e-12,88940863.91034867,True,1.5424059226163968e-05,3.850626496209601e-12,0,0.04723012741301793,1.4485878299348897e-05,0.0003067084315202628,True,5.179772655308856
resolution,N64,64,coarse,2.985,19.786502236370332,cpp,64,4.0,2,0,0.0001,0.0072924780610953005,0.005361818822634786,5,6,0.3553622487976446,0.9943872699720853,0.9750470182393768,1.3053428127008952,0.0021812090558597994,0.0016709856097852503,0.0001733606374349451,2.220446049250313e-12,78074690.21527305,True,1.5369336680989296e-05,2.9472151553647607e-12,0,0.04730182339017039,1.1995974530889591e-05,0.000253604907192276,True,5.156331465573444
resolution,N64,64,coarse,3.01,20.287399925240926,cpp,64,4.0,2,0,0.0001,0.007265994555662449,0.005393742108503499,12,6,0.2809988913878407,0.9933728581064484,0.7073174960021699,1.3053428127008952,0.0019184060369059432,0.0014696568734588226,0.00015228219564431661,2.220446049250313e-12,68581803.95589052,True,1.53137058112118e-05,5.018232257272725e-12,0,0.047365061362338645,9.94041131690731e-06,0.00020986801306693172,True,5.135387348380782
resolution,N64,64,coarse,3.035,20.800977899475697,cpp,64,4.0,2,0,0.0001,0.007242815767283366,0.005362317264185237,13,6,0.17793305320776692,0.9936171260320134,0.9499247829954325,1.3053428127008952,0.0016880554499749383,0.0012931893702943591,0.00013384670637621682,2.220446049250313e-12,60279197.69606982,True,1.5260364144048966e-05,-1.2655793246733016e-12,0,0.047420850748481416,8.24212152582032e-06,0.0001738079641281902,True,5.116696279396954
resolution,N64,64,coarse,3.06,21.327557162026903,cpp,64,4.0,2,0,0.0001,0.007222510791849587,0.005334662568183656,11,6,0.41943110716986465,0.9955764448461676,0.5466203939688533,1.3053428127008952,0.0014859827378869252,0.0011383850460035601,0.00011770614653061146,2.220446049250313e-12,53010135.76544788,True,1.5217765405380107e-05,2.2798817970937207e-12,0,0.04747007789173178,6.83797696451404e-06,0.00014404815134514583,True,5.100036616534762
resolution,N64,64,coarse,3.085,21.867466842075256,cpp,64,4.0,2,0,0.0001,0.007204708530153562,0.005310316528133452,11,6,0.22133031544882725,0.9915649132440243,0.4633675686703993,1.3053428127008952,0.0013085846700564992,0.0010024835294790463,0.0001035616554683466,2.220446049250313e-12,46640023.297711745,True,1.5178929607711658e-05,6.194908993641427e-12,0,0.04751352161395963,5.676213926013963e-06,0.0001194652329105884,True,5.08520724454981
resolution,N64,64,coarse,3.11,22.421044400746343,cpp,64,4.0,2,0,0.0001,0.00718908871356466,0.005288875962313329,11,6,0.5028995450378758,0.9906465058293146,0.9732682729659802,1.3053428127008952,0.001152744364036773,0.0008830970323049624,9.115594971614713e-05,2.220446049250313e-12,41052990.11742439,True,1.5140907873548455e-05,1.0324739242944495e-11,0,0.047551866696132386,4.714344813786715e-06,9.91411093051822e-05,True,5.072025826870585
resolution,N64,64,coarse,3.135,22.988635842034803,cpp,64,4.0,2,0,0.0001,0.0071753743950670225,0.00526998828461969,12,6,0.29620746549515137,0.9939798783228209,0.9935550883615066,1.3053428127008952,0.0010157602262197468,0.0007781559114865996,8.026702505340147e-05,2.220446049250313e-12,36149054.41206372,True,1.5107143967075694e-05,5.048256882746909e-13,0,0.04758571558095404,3.917462030309953e-06,8.232432742648297e-05,True,5.0603271782944095
resolution,N64,64,coarse,3.16,23.570595929068126,cpp,64,4.0,2,0,0.0001,0.007163325646600409,0.00525334487422512,12,6,0.3688326726945889,0.9964218598079556,0.9817812290830589,1.3053428127008952,0.0008952863031561034,0.0006858629736533803,7.070290697304959e-05,2.220446049250313e-12,31841758.5497837,True,1.5078356193170964e-05,7.24483611555914e-12,0,0.04761559854859776,3.2568587893121892e-06,6.839898874710462e-05,True,5.049961742257436
resolution,N64,64,coarse,3.185,24.167288405845095,cpp,64,4.0,2,0,0.0001,0.007152734252746067,0.0052386753659543605,12,6,0.38299754101347966,0.9948837318735299,0.9346536018214179,1.3053428127008952,0.0007892820254654605,0.0006046549747589682,6.229725853459265e-05,2.220446049250313e-12,28056191.03225949,True,1.5053743870229975e-05,5.451825823851603e-12,0,0.04764198257817788,2.708906293292356e-06,5.68596466120441e-05,True,5.04079420854464
resolution,N64,64,coarse,3.21,24.779086224587694,cpp,64,4.0,2,0,0.0001,0.007143419229830276,0.0052257427242103065,12,6,0.3027458957006437,0.9950762912035614,0.8643297248346453,1.3053428127008952,0.0006959697165124525,0.000533170068230901,5.490569215851131e-05,2.220446049250313e-12,24727325.47455907,True,1.5028014664339849e-05,4.6803471453721364e-12,0,0.04766527907565106,2.2541385441407724e-06,4.729099646229194e-05,True,5.03270220285878
resolution,N64,64,coarse,3.235,25.406371778848346,cpp,64,4.0,2,0,0.0001,0.007135223030790574,0.0052143389854634415,11,6,0.005100533145905267,0.9938703889603477,0.2684682819085031,1.3053428127008952,0.0006137985440223828,0.000470220188942066,4.8402661693597194e-05,2.220446049250313e-12,21798620.91670245,True,1.5009599661590618e-05,-1.3304658776042377e-12,0,0.04768585062204977,1.8765055283425866e-06,3.935141145358739e-05,True,5.025575140748767
resolution,N64,64,coarse,3.26,26.049537142518336,cpp,64,4.0,2,0,0.0001,0.007128008322253617,0.005204281572502697,11,6,0.004226678843385731,0.9970247960540681,0.5155584656778359,1.3053428127008952,0.0005414138410882088,0.0004147675505777406,4.2678834590246834e-05,2.220446049250313e-12,19220838.355724268,True,1.4991587954306509e-05,7.493881763173793e-12,0,0.04770401687343544,1.562763109174444e-06,3.2759570610597525e-05,True,5.019313115737635
resolution,N64,64,coarse,3.285,26.708984314886784,cpp,64,4.0,2,0,0.0001,0.007121655239645444,0.005195410098609968,13,6,0.00486172045380456,0.9962646265889565,0.990647317067847,1.3053428127008952,0.0004776309171516608,0.0003659045826922591,3.763886289351439e-05,2.220446049250313e-12,16951036.890188057,True,1.4975858366116922e-05,6.637369656442484e-13,0,0.04772005972501479,1.3019740515955808e-06,2.728357967484034e-05,True,5.013825913192261
resolution,N64,64,coarse,3.31,27.38512547190322,cpp,64,4.0,2,0,0.0001,0.007116059043482782,0.0051875835924862215,13,6,0.44620820475764733,0.9969513868023635,0.9601196734093542,1.3053428127008952,0.000421412637745011,0.00032283675494643643,3.319948667358963e-05,2.220446049250313e-12,14951719.581207002,True,1.4962717924368754e-05,-4.241799669331792e-12,0,0.04773422783585962,1.0850994996472456e-06,2.2732105427126673e-05,True,5.009032142589188
resolution,N64,64,coarse,3.335,28.07838322380105,cpp,64,4.0,2,0,0.0001,0.007111128113306156,0.005180678085159041,11,6,0.2601528038677358,0.9978747044953549,0.9971095922420116,1.3053428127008952,0.00037185018030946274,0.0002848678344810162,2.9287915558181243e-05,2.220446049250313e-12,13190104.55942836,True,1.494927132709282e-05,5.263878713283289e-12,0,0.04774674059714371,9.046641600850863e-07,1.894713961143569e-05,True,5.004858351022413
resolution,N64,64,coarse,3.36,28.789190879242675,cpp,64,4.0,2,0,0.0001,0.007106782226181486,0.005174584509035877,13,6,0.013579464346780973,0.9982023819214608,0.9900552896280361,1.3053428127008952,0.0003281464730847321,0.00025138719874341793,2.5840443808306847e-05,2.220446049250313e-12,11637501.310617896,True,1.4938484456886388e-05,-1.1610212558446504e-12,0,0.04775779161533084,7.544816199579837e-07,1.579808434265595e-05,True,5.001238362434543
resolution,N64,64,coarse,3.385,29.517992716151486,cpp,64,4.0,2,0,0.0001,0.00710295107637057,0.005169206866335627,11,6,0.49089057674369035,0.9976158157455017,0.9643044905419073,1.3053428127008952,0.00028960191143118075,0.00022185889301520965,2.280126207370206e-05,2.220446049250313e-12,10268775.537870161,True,1.4931264024076837e-05,4.955055850203889e-12,0,0.04776755177199284,6.294287766160781e-07,1.3176910962917005e-05,True,4.998112490045585
resolution,N64,64,coarse,3.41,30.265244259400085,cpp,64,4.0,2,0,0.0001,0.007099572999355553,0.005164460630657889,13,6,0.7539404955491621,0.9989075792601687,0.982305128669353,1.3053428127008952,0.00025560200972268957,0.0001958121707460291,2.012143537039805e-05,2.220446049250313e-12,9061888.883628419,True,1.4922352783256017e-05,7.688333244138056e-12,0,0.047776171913613594,5.252604252710142e-07,1.0994192381523638e-05,True,4.995427019930933
resolution,N64,64,coarse,3.435,31.031412565528075,cpp,64,4.0,2,0,0.0001,0.007096593869903629,0.005160271350425864,11,6,0.6173867007573224,0.998382593025376,0.9929153459781763,1.3053428127008952,0.0002256067063644891,0.00017283330031724346,1.7758022026062884e-05,2.220446049250313e-12,7997502.137941387,True,1.4914977315144965e-05,-1.5131819105783812e-12,0,0.047783785217630985,4.3845671808745565e-07,9.17584733169436e-06,True,4.993133570491014
resolution,N64,64,coarse,3.46,31.81697651466769,cpp,64,4.0,2,0,0.0001,0.007093966148586024,0.005156573427582341,11,6,0.6197741092793068,0.9983281639771193,0.9983046482082177,1.3053428127008952,0.00019914108244995158,0.00015255845476936988,1.5673312451648e-05,2.220446049250313e-12,7058632.411690329,True,1.4910327361025421e-05,6.272567372619492e-12,0,0.04779050927487807,3.6609755505654755e-07,7.660465657539944e-06,True,4.991188616276732
resolution,N64,64,coarse,3.485,32.62242710985942,cpp,64,4.0,2,0,0.0001,0.007091648055160367,0.0051533090484687585,13,6,0.5500140663178351,0.9976112534983588,0.9958071359447156,1.3053428127008952,0.00017578729357474202,0.00013466753090785334,1.3834170151897958e-05,2.220446049250313e-12,6230356.354106768,True,1.4906136488345278e-05,1.6668669021250302e-11,0,0.04779644792335605,3.0575906771672504e-07,6.397108592818962e-06,True,4.989553026441188
resolution,N64,64,coarse,3.51,33.44826778394491,cpp,64,4.0,2,0,0.0001,0.007089602850866792,0.005150427247178334,11,6,0.2351285682609105,0.9984292103231158,0.9985822591997028,1.3053428127008952,0.00015517754518681222,0.00011887876784316383,1.2211460129341506e-05,2.220446049250313e-12,5499552.728815207,True,1.4902130666310653e-05,1.2208482001796266e-11,0,0.04780169286377019,2.5542823776566417e-07,5.343497739580225e-06,True,4.988191628008958
resolution,N64,64,coarse,3.535,34.295014714228856,cpp,64,4.0,2,0,0.0001,0.00708779821420645,0.005147883084276776,11,6,0.22477086784879,0.9986412033604903,0.9772904131057121,1.3053428127008952,0.00013698796747403357,0.00010494405465074011,1.0779552262266455e-05,2.220446049250313e-12,4854678.7551564,True,1.4899155779328253e-05,-1.3397020801222379e-11,0,0.04780632508338346,2.1343242166698272e-07,4.464522660855345e-06,True,4.987072835702964
resolution,N64,64,coarse,3.56,35.163197145106615,cpp,64,4.0,2,0,0.0001,0.00708620569729154,0.005145636926182099,13,6,0.8261754478099641,0.9986217555338729,0.968556269182004,1.3053428127008952,0.0001209332676068996,9.264483354887871e-05,9.515889106979055e-06,2.220446049250313e-12,4285575.463628983,True,1.4896040773216849e-05,2.345348166830475e-11,0,0.0478104161113774,1.7838113324868413e-07,3.7310098459116933e-06,True,4.986168289386483
resolution,N64,64,coarse,3.585,36.05335771885924,cpp,64,4.0,2,0,0.0001,0.007084800251684706,0.005143653812416442,11,6,0.36777486092092176,0.9993030478439411,0.9999948531520686,1.3053428127008952,0.00010676205488152657,8.178851857361849e-05,8.400609221005245e-06,2.220446049250313e-12,3783298.0557404375,True,1.4894796396584832e-05,5.49458094244149e-13,0,0.047814029126018516,1.4911791910195264e-07,3.118706409554775e-06,True,4.985452562236988
resolution,N64,64,coarse,3.61,36.966052814822504,cpp,64,4.0,2,0,0.0001,0.00708355981436691,0.005141902899680972,13,6,0.4124543079980723,0.9990504321116856,0.995630896077983,1.3053428127008952,9.425274972116803e-05,7.220536153728759e-05,7.416218413420952e-06,2.220446049250313e-12,3339967.848318081,True,1.489308622786443e-05,1.3364022987506466e-11,0,0.047817219931389494,1.2468054920262593e-07,2.607440361056618e-06,True,4.984902854429571
resolution,N64,64,coarse,3.635,37.901852897142135,cpp,64,4.0,2,0,0.0001,0.007082464945760826,0.005140356973134437,13,6,0.69307886484055,0.9989485952772722,0.9996669689584134,1.3053428127008952,8.320999988880967e-05,6.374570655247199e-05,6.547302490078743e-06,2.220446049250313e-12,2948642.905460055,True,1.4892371128794845e-05,2.200342479738209e-11,0,0.047820037819269655,1.042680642132568e-07,2.1804262181332014e-06,True,4.984498763474885
resolution,N64,64,coarse,3.66,38.86134287133247,cpp,64,4.0,2,0,0.0001,0.007081498512964598,0.005138992016559206,11,6,0.591419351660068,0.9991468161080888,0.9983955898090245,1.3053428127008952,7.34615383187076e-05,5.6277582872431605e-05,5.780275944792093e-06,2.220446049250313e-12,2603204.8591064312,True,1.4891841832445093e-05,1.4096445312954238e-11,0,0.04782252632982688,8.721348113845492e-08,1.8236903783993513e-06,True,4.984222020047047
resolution,N64,64,coarse,3.685,39.8451224498614,cpp,64,4.0,2,0,0.0001,0.007080645412290426,0.005137786834105081,13,6,0.8412332555226338,0.9994663162816052,0.9997967852260635,1.3053428127008952,6.485542582167573e-05,4.968459257647641e-05,5.103161897545315e-06,2.220446049250313e-12,2298259.8020196394,True,1.4891126887779425e-05,-8.03657829854363e-12,0,0.04782472392312674,7.296117282707173e-08,1.5255952746188188e-06,True,4.984056262177691
resolution,N64,64,coarse,3.71,40.85380652699027,cpp,64,4.0,2,0,0.0001,0.007079892325928887,0.005136722717300289,11,4,0.5190422859203341,0.9992394886996075,0.9979159897137336,1.3053428127008952,5.725762953660434e-05,4.386405546458108e-05,4.5053991871339055e-06,2.220446049250313e-12,2029051.4100331592,True,1.4890567760104272e-05,3.1528872204243522e-12,0,0.0478266645720097,6.10481086311373e-08,1.2764450370403914e-06,True,4.983986958017815
resolution,N64,64,coarse,3.735,41.888025563102715,cpp,64,4.0,2,0,0.0001,0.0070792275085263855,0.005135783151794984,13,4,0.46496590774889635,0.999322345845807,0.9993815440308029,1.3053428127008952,5.0549895341468175e-05,3.8725379149156216e-05,3.9776731419426375e-06,2.220446049250313e-12,1791384.7279854491,True,1.4891047567088167e-05,5.692404077386391e-12,0,0.04782837828561119,5.1088289509382986e-08,1.0681585146856739e-06,True,4.984001020078121
resolution,N64,64,coarse,3.76,42.94842597876301,cpp,64,4.0,2,0,0.0001,0.007078640599710595,0.005134953559003323,13,4,0.6874303921811575,0.9996022853530433,0.9994253160553604,1.3053428127008952,4.462787671830224e-05,3.4188625611660084e-05,3.511767007669597e-06,2.220446049250313e-12,1581559.2587152799,True,1.4892468104133674e-05,2.567673749334187e-11,0,0.04782989157169674,4.275982710039041e-08,8.939979936248375e-07,True,4.984086910812346
resolution,N64,64,coarse,3.785,44.03567055874993,cpp,64,4.0,2,0,0.0001,0.00707812245939913,0.005134221068424448,13,4,0.3942705673114215,0.9995979658613473,0.9999992717567836,1.3053428127008952,3.939948898158947e-05,3.0183250406127164e-05,3.100431408619409e-06,2.220446049250313e-12,1396310.1736546152,True,1.4892355247334293e-05,2.4777599938176988e-11,0,0.04783122784499734,3.579421099310246e-08,7.483439712042886e-07,True,4.984234243535698
resolution,N64,64,coarse,3.81,45.15043886631872,cpp,64,4.0,2,0,0.0001,0.007077665023007523,0.005133574316931259,11,4,0.19002264282827572,0.9995172537319633,0.9941540573227866,1.3053428127008952,3.478346045337366e-05,2.664699274009325e-05,2.737269585201461e-06,2.220446049250313e-12,1232756.6283925893,True,1.489388458101986e-05,1.4349325608211273e-11,0,0.047832407787883904,2.996738969245379e-08,6.265080743028082e-07,True,4.984433869436577
resolution,N64,64,coarse,3.835,46.29342766795043,cpp,64,4.0,2,0,0.0001,0.007077261174063441,0.005133003271805554,11,4,0.06775023928757479,0.9996982294207483,0.9999032301440969,1.3053428127008952,3.070805689703273e-05,2.3524898285910385e-05,2.4166364641914e-06,2.220446049250313e-12,1088356.3079622341,True,1.4893899965653412e-05,-7.366382159069767e-12,0,0.04783344966896351,2.5092356301595016e-08,5.24577601558101e-07,True,4.984677586751659
resolution,N64,64,coarse,3.86,47.46535136885352,cpp,64,4.0,2,0,0.0001,0.007076904632119288,0.00513249907465816,13,4,0.02855722268047265,0.9996810333273154,0.9981173668730404,1.3053428127008952,2.7109957726312984e-05,2.076845826439995e-05,2.1335498109356517e-06,2.220446049250313e-12,960865.4133506193,True,1.4895924630031288e-05,-3.4014695529176696e-11,0,0.047834369624521755,2.101298068568494e-08,4.3928624649237295e-07,True,4.984958225381702
resolution,N64,64,coarse,3.885,48.66694245949041,cpp,64,4.0,2,0,0.0001,0.007076589854060246,0.005132053903744768,13,4,0.5866121871705501,0.999683786902228,0.999164281982202,1.3053428127008952,2.3933265920333323e-05,1.833485095828031e-05,1.8836120246820018e-06,2.220446049250313e-12,848303.4412468448,True,1.4896361434349813e-05,4.974653704655829e-13,0,0.04783518190715233,1.75988773699133e-08,3.6790656308305813e-07,True,4.985269339486946
resolution,N64,64,coarse,3.91,49.89895197340787,cpp,64,4.0,2,0,0.0001,0.007076311947173848,0.0051316608525133174,13,4,0.17886894122190947,0.9996896180154904,0.9998946070161954,1.3053428127008952,2.1128635209604444e-05,1.6186273064841118e-05,1.66294124762765e-06,2.220446049250313e-12,748922.1583154912,True,1.4897804683275313e-05,8.593136437621577e-12,0,0.047835899105408995,1.4741133728364844e-08,3.0816048206561263e-07,True,4.985605252636054
resolution,N64,64,coarse,3.935,51.16214995665737,cpp,64,4.0,2,0,0.0001,0.00707606659256333,0.005131313822399888,11,4,0.06514423987593407,0.9998014914116448,0.9988014980720408,1.3053428127008952,1.8652500524593787e-05,1.4289350156224288e-05,1.4681106592898297e-06,2.220446049250313e-12,661178.261811633,True,1.4899049405045656e-05,3.353149788594478e-11,0,0.047836532337858555,1.234875230511919e-08,2.5814480485129566e-07,True,4.985961035156771
resolution,N64,64,coarse,3.96,52.45732594909905,cpp,64,4.0,2,0,0.0001,0.007075849977650146,0.005131007428243853,11,4,0.03182688480599029,0.9998195204687526,0.9963131346118462,1.3053428127008952,1.6466399441097323e-05,1.261461685074633e-05,1.2960949807159455e-06,2.220446049250313e-12,583709.2872189102,True,1.4900833780727976e-05,-1.1987689649533423e-11,0,0.047837091424522464,1.0345686096466711e-08,2.1626912900401087e-07,True,4.9863322546988105
resolution,N64,64,coarse,3.985,53.785289477889734,cpp,64,4.0,2,0,0.0001,0.007075658736655071,0.005130736914797484,13,4,0.6829560709235352,0.9997689575924704,0.9990178432470785,1.3053428127008952,1.4536373567634901e-05,1.1136058226388495e-05,1.1442233061842786e-06,2.220446049250313e-12,515312.3655360154,True,1.4901783930472376e-05,4.491097524267567e-11,0,0.04783758503834134,8.66836951195074e-09,1.8120416206217623e-07,True,4.986715075097619
resolution,N64,64,coarse,4.01,55.1468705634638,cpp,64,4.0,2,0,0.0001,0.007075489898146679,0.005130498083017179,11,4,0.10740521740965561,0.9998423717900552,0.9998153687679717,1.3053428127008952,1.283244048688226e-05,9.830705284484277e-06,1.0101375071567046e-06,2.220446049250313e-12,454925.4900823896,True,1.4903654285554177e-05,2.3120688732029926e-11,0,0.04783802083899222,7.263658188497876e-09,1.518386016207709e-07,True,4.987106099543403
resolution,N64,64,coarse,4.035,56.542920238322985,cpp,64,4.0,2,0,0.0001,0.007075340838740243,0.0051302872250022944,13,4,0.4684816748172756,0.99975614037662,0.9991947705563561,1.3053428127008952,1.1328127786286185e-05,8.678277978829995e-06,8.917555469946822e-07,2.220446049250313e-12,401610.99491508235,True,1.4904581299037046e-05,1.241182133902968e-10,0,0.04783840559111145,6.087112539656729e-09,1.2724321524603103e-07,True,4.987502411913248
resolution,N64,64,coarse,4.06,57.97431107895927,cpp,64,4.0,2,0,0.0001,0.007075209242282225,0.005130101066561755,13,4,0.6477657188945333,0.9998344721805685,0.9994248801431651,1.3053428127008952,1.0000061886029815e-05,7.6608702240744e-06,7.8723911077051e-07,2.220446049250313e-12,354540.97659175494,True,1.4906115541540652e-05,1.1273500854607339e-10,0,0.04783874526874233,5.101564189005605e-09,1.0664084436886244e-07,True,4.987901435156497
resolution,N64,64,coarse,4.085,59.44193775124387,cpp,64,4.0,2,0,0.0001,0.00707509306383342,0.005129936716480604,13,4,0.9553425037358793,0.9998245794478324,0.9994191302859738,1.3053428127008952,8.827605126698342e-06,6.762671875009656e-06,6.949650511405813e-07,2.220446049250313e-12,312984.43453522393,True,1.490638972856013e-05,1.1265358074384862e-11,0,0.04783904514760927,4.275921564332958e-09,8.938141535098439e-08,True,4.988300953131517
resolution,N64,64,coarse,4.11,60.94671756962223,cpp,64,4.0,2,0,0.0001,0.007074990497881669,0.005129791621750385,11,4,0.6443148164621374,0.9998541640253942,0.9997940802392962,1.3053428127008952,7.792535447499588e-06,5.969723333731765e-06,6.13500184151913e-07,2.220446049250313e-12,276295.9200738286,True,1.4909071022296374e-05,1.432896318815158e-10,0,0.04783930988663733,3.5841714831164543e-09,7.492105324281861e-08,True,4.988699047015279
resolution,N64,64,fine0,2.335,10.329459929369532,cpp,64,4.0,2,0,0.0001,0.017511832688614143,0.004627545751153667,6,8,1.0,1.0,1.0,1.3053428127008952,0.10531804618660913,0.08068228909821376,0.009754556044024806,2.220446049250313e-12,4393061496.503473,True,1.567671516668862e-05,7.212862602586838e-14,0,0.03249697642315113,0.001984813851825621,0.0610768776141162,False,
resolution,N64,64,fine0,2.3375,10.35531588567169,cpp,64,4.0,2,0,0.0001,0.017320817745254333,0.004620383689387925,7,8,0.014417245607075146,0.9973698307378078,0.9996531497696982,1.3053428127008952,0.1033322906254051,0.07916103694752755,0.009553334801611319,2.220446049250313e-12,4302439505.268232,True,1.578329207119246e-05,-1.81896202278232e-13,0,0.032698348191397296,0.0019495234637362906,0.05962146626872107,False,7.6139460832754855
resolution,N64,64,fine0,2.34,10.381236562731843,cpp,64,4.0,2,0,0.0001,0.017133913985108763,0.0046072852928200955,7,8,0.0051542078937350565,0.997959936412651,0.999548191847219,1.3053428127008952,0.10138873483894287,0.07767211329655128,0.009356955054027819,2.220446049250313e-12,4213997929.464216,True,1.590852352027328e-05,2.316562827066375e-13,0,0.03289733285991423,0.0019146153188667064,0.058199712633837455,False,7.595171726295894
resolution,N64,64,fine0,2.3425,10.407222122554305,cpp,64,4.0,2,0,0.0001,0.016951003907615066,0.0045866528179139285,7,8,0.08328287002324586,0.9964013438757342,0.9993970049986508,1.3053428127008952,0.09948640727575862,0.07621477385692307,0.009165285557596504,2.220446049250313e-12,4127677662.1935806,True,1.6015278510643325e-05,2.8814133230361584e-13,0,0.033093937933359026,0.0018801029599521024,0.056811098266336554,False,7.576385673567032
resolution,N64,64,fine0,2.345,10.433272727548918,cpp,64,4.0,2,0,0.0001,0.01677197532657714,0.004556221734184719,6,8,0.03678883070543543,0.999171393756529,0.999171393756529,1.3053428127008952,0.09762436033966804,0.07478829269199613,0.008978198829583324,2.220446049250313e-12,4043421290.336968,True,1.611941092880277e-05,-6.442563640573725e-14,0,0.033288172337657566,0.0018459983485530653,0.05545508265903688,False,7.557587447499943
resolution,N64,64,fine0,2.3475,10.459388540532034,cpp,64,4.0,2,0,0.0001,0.01659672100288703,0.004512635131971275,6,8,0.06412142091049325,0.9944236188306974,0.9988196370235636,1.3053428127008952,0.0958016696047774,0.0733919616154728,0.008795571048654773,2.220446049250313e-12,3961173049.723236,True,1.6215033520674995e-05,2.206263087118306e-13,0,0.033480046317928586,0.0018123119753098744,0.054131107170523246,False,7.538777228044191
resolution,N64,64,fine0,2.35,10.485569724727576,cpp,64,4.0,2,0,0.0001,0.016425138305399666,0.004450620176183405,6,8,0.16515327689169418,0.998804642501025,0.9982394327333073,1.3053428127008952,0.09401743307664004,0.07202508962538953,0.008617281956535846,2.220446049250313e-12,3880878780.8401337,True,1.630321167226951e-05,3.218794444774477e-13,0,0.03366957134183889,0.0017790529634232844,0.05283859854825582,False,7.51995580515633
resolution,N64,64,fine0,2.3525,10.51181644376803,cpp,64,4.0,2,0,0.0001,0.016257128905257524,0.004361216056210427,6,8,0.11528099437453547,0.9938658919664438,0.9972068148909501,1.3053428127008952,0.0922707705125492,0.07068700238340533,0.008443214760969769,2.220446049250313e-12,3802485885.1312523,True,1.63864804448297e-05,3.1238526475047424e-13,0,0.033856760008150626,0.0017462291657455982,0.05157697208253872,False,7.501124460861369
resolution,N64,64,fine0,2.355,10.538128861695476,cpp,64,4.0,2,0,0.0001,0.016092598494674693,0.004227334546782033,6,8,0.1618591399160732,0.9963210015917654,0.9951540414439802,1.3053428127008952,0.09056082278014993,0.06937704172344566,0.008273256040236111,2.220446049250313e-12,3725943281.9948053,True,1.6472163923147118e-05,-1.1847654287560622e-13,0,0.0340416259602261,0.001713847255842043,0.05034563442546738,False,7.482284920507244
resolution,N64,64,fine0,2.3575,10.564507142962611,cpp,64,4.0,2,0,0.0001,0.015931456527746066,0.004009593680065662,6,8,0.0035788066543396904,0.9923007796676098,0.9902558939495015,1.3053428127008952,0.08888675125634968,0.06809456519121854,0.008107295649455058,2.220446049250313e-12,3651201366.5868244,True,1.655464515488336e-05,8.502198684842796e-14,0,0.03422418380426944,0.0016819128133733281,0.04914398610620806,True,7.463439282791548
resolution,N64,64,fine0,2.36,10.59095145243378,cpp,64,4.0,2,0,0.0001,0.015773615986003433,0.0035731764735567302,6,8,0.23476051494641326,0.9729351809868456,0.9729351809868456,1.3053428127008952,0.08724773725898634,0.06683894560882543,0.007945226628341559,2.220446049250313e-12,3578211968.277319,True,1.6626418034278624e-05,-7.147314433861927e-14,0,0.03440444903208342,0.001650430404123452,0.04797142377093046,True,7.444589969862734
resolution,N64,64,fine0,2.3625,10.617461955386002,cpp,64,4.0,2,0,0.0001,0.015618993160862113,0.002921569297029956,13,9,0.21087266582162054,0.9749761482557467,0.515596530721409,1.3053428127008952,0.0856429815115142,0.06560957066466672,0.007786945110982873,2.220446049250313e-12,3506928310.0176973,True,1.6694696382552114e-05,-5.25708827132663e-14,0,0.03458243794813437,0.0016194036549873174,0.04682734217339006,True,7.425739665121625
resolution,N64,64,fine0,2.365,10.644038817510012,cpp,64,4.0,2,0,0.0001,0.01546750745481256,0.004198573868328157,13,9,0.025561429936782384,0.9789125801994374,0.9572681946360113,1.3053428127008952,0.08407170363394295,0.06440584252345904,0.00763235023734894,2.220446049250313e-12,3437304968.4885807,True,1.6774418096735675e-05,1.9923755291187373e-13,0,0.034758167600721056,0.001588835324212674,0.04571113593973561,True,7.4068912710889565
resolution,N64,64,fine0,2.3675,10.670682204911275,cpp,64,4.0,2,0,0.0001,0.015319081197902165,0.004832832824995735,6,9,0.07187931673119269,0.9895206852916067,0.9895206852902964,1.3053428127008952,0.08253314165380332,0.06322717745159476,0.007481344066788384,2.220446049250313e-12,3369297835.141864,True,1.6843850310835907e-05,-2.0071637757008965e-13,0,0.034931655717053124,0.0015587273671761306,0.044622201129023,True,7.388047888613858
resolution,N64,64,fine0,2.37,10.697392284111054,cpp,64,4.0,2,0,0.0001,0.015173639479566103,0.00527995322170664,13,9,0.02641706790450589,0.9942571279868166,0.9942571279868166,1.3053428127008952,0.08102655154727827,0.06207300546561066,0.007333831493349831,2.220446049250313e-12,3302864078.064831,True,1.6890302554740172e-05,4.528240092667598e-13,0,0.03510292064204987,0.0015290809979591712,0.04355993660902055,True,7.369212740399196
resolution,N64,64,fine0,2.3725,10.724169222047431,cpp,64,4.0,2,0,0.0001,0.015031109993877002,0.005631478493613725,13,9,0.05826193393127704,0.9870916966156273,0.9959698040623072,1.3053428127008952,0.07955120679069723,0.060942769988595706,0.0071897201630603605,2.220446049250313e-12,3237962104.725678,True,1.6947848913417083e-05,1.2954214295292474e-13,0,0.0352719812806795,0.0014998967469740554,0.04252374526507348,True,7.3503891815390245
resolution,N64,64,fine0,2.375,10.751013186076355,cpp,64,4.0,2,0,0.0001,0.014891422894494206,0.005923605602855948,13,9,0.051439709389548706,0.9932622593889899,0.996790396157361,1.3053428127008952,0.07810639793726509,0.05983592752593054,0.007048920393443374,2.220446049250313e-12,3174551525.727587,True,1.700240516372198e-05,3.993196167304013e-13,0,0.03543885704366245,0.00147117451487482,0.041513035058163957,True,7.33158063327298
resolution,N64,64,fine0,2.3775,10.777924343972689,cpp,64,4.0,2,0,0.0001,0.014754510664355857,0.006174718861482031,13,9,0.008926469264800401,0.996174924488864,0.9972338508703956,1.3053428127008952,0.07669143220409273,0.05875194734891892,0.00691134509459205,2.220446049250313e-12,3112593119.263366,True,1.7062220621435577e-05,2.8854919063205916e-13,0,0.03560356779637521,0.0014429136229803623,0.04052721994696455,True,7.312790584064379
resolution,N64,64,fine0,2.38,10.804902863931257,cpp,64,4.0,2,0,0.0001,0.014620307991631696,0.006395556748274215,13,9,0.09460210417292927,0.9896356037039798,0.9974786988924498,1.3053428127008952,0.07530563307412369,0.05769031118983082,0.0067769096925469246,2.220446049250313e-12,3052048796.6077833,True,1.7106274508409688e-05,1.5304642939546086e-13,0,0.035766133810790385,0.001415112860416648,0.039565720687141155,True,7.294022564973407
resolution,N64,64,fine0,2.3825,10.831948914567898,cpp,64,4.0,2,0,0.0001,0.014488751656102588,0.0065929874963097275,13,9,0.11100571712118898,0.9800389624101171,0.9975986602860386,1.3053428127008952,0.07394833991577575,0.056650512950516534,0.0066455320546129695,2.220446049250313e-12,2992881568.4833655,True,1.7155547969372068e-05,3.3206592512348567e-13,0,0.03592657572030156,0.0013877705281799128,0.038627965520123445,True,7.275280105187097
resolution,N64,64,fine0,2.385,10.859062664920515,cpp,64,4.0,2,0,0.0001,0.014359780426230293,0.006771694634421643,6,9,0.028559377971680507,0.9976248989939622,0.9976248989915989,1.3053428127008952,0.07261890760958435,0.05563205841638488,0.006517132416400367,2.220446049250313e-12,2935055512.202487,True,1.7197186998744402e-05,7.522370304986043e-14,0,0.03608491447728528,0.0013608844803062736,0.03771339076230658,True,7.2565667396415074
resolution,N64,64,fine1,2.535,12.616430848036902,cpp,64,4.0,2,0,0.0001,0.009777540300500095,0.0015107093893997935,6,7,1.0,1.0,1.0,1.3053428127008952,0.026460916254701494,0.020271239093086205,0.0022406996536828753,2.220446049250313e-12,1009121412.5375396,True,1.7462265322152764e-05,-4.485013030930544e-13,0,0.0425404153381702,0.00040485644439433414,0.00951698381823435,True,
resolution,N64,64,fine1,2.5375,12.648011384379227,cpp,64,4.0,2,0,0.0001,0.009735648259132812,0.0011500778365098085,7,7,0.06521736388907072,0.9985058101970524,0.999505625493008,1.3053428127008952,0.02604971665413356,0.019956226364960698,0.002204343245347733,2.220446049250313e-12,992747941.8344721,True,1.744459766223794e-05,-1.3329500162331549e-13,0,0.04260937260421694,0.0003967149333800495,0.009310508677632763,True,6.264757946142234
resolution,N64,64,fine1,2.54,12.679670970833877,cpp,64,4.0,2,0,0.0001,0.00969447514263667,0.0006150689306147721,7,7,0.23912668863878703,0.995325302552833,0.9989113283183307,1.3053428127008952,0.02564574315595216,0.0196467494258373,0.002168660877211777,2.220446049250313e-12,976678031.8503932,True,1.7425963622757526e-05,1.4433603873662232e-12,0,0.0426773986838744,0.0003887392973062507,0.00910878613257971,True,6.2517168511107615
resolution,N64,64,fine1,2.5425,12.71140980527337,cpp,64,4.0,2,0,0.0001,0.009654007276521676,0.0007423494662779993,6,6,0.20793903174909867,0.9964754909680515,0.9964754909678788,1.3053428127008952,0.025248850677554703,0.019342697130504825,0.0021336381409168387,2.220446049250313e-12,960905193.6376553,True,1.742034924135236e-05,-1.2224175698646953e-13,0,0.042744506672596015,0.00038092619246790383,0.008911699353220514,True,6.238784818805354
resolution,N64,64,fine1,2.545,12.743228086065523,cpp,64,4.0,2,0,0.0001,0.009614231270027907,0.0012106671455548968,6,6,0.35439318493806865,0.999176787974645,0.999176787974645,1.3053428127008952,0.02485889741195357,0.019043960843142672,0.0020992609797412408,2.220446049250313e-12,945423096.6116074,True,1.7403766274831337e-05,8.003186120157641e-13,0,0.042810709481806056,0.0003732723371911398,0.008719134574253558,True,6.225961503305872
resolution,N64,64,fine1,2.5475,12.775126012074695,cpp,64,4.0,2,0,0.0001,0.009575134009117005,0.0013206269789548435,8,6,0.321392020445691,0.9985499212901112,0.9809411353214529,1.3053428127008952,0.024475744745973353,0.018750434374653194,0.002065515678985786,2.220446049250313e-12,930225564.2208303,True,1.7396968192379264e-05,-5.480323442468916e-13,0,0.04287601984093439,0.00036577451106802083,0.008530981010481069,True,6.213246563295087
resolution,N64,64,fine1,2.55,12.80710378266303,cpp,64,4.0,2,0,0.0001,0.009536702651439683,0.0011361674862967544,8,6,0.07574026829881529,0.9976091350472489,0.9610944861475539,1.3053428127008952,0.024099257183536445,0.01846201392389213,0.002032388856652587,2.220446049250313e-12,915306569.7492539,True,1.7380094600435873e-05,-7.336346877285832e-14,0,0.042940450299470224,0.00035842955417412104,0.00834713077469854,True,6.20063961464143
resolution,N64,64,fine1,2.5525,12.839161597691701,cpp,64,4.0,2,0,0.0001,0.009498924619277078,0.0009459716169456414,10,6,0.28291844713286235,0.9993340497433408,0.5490395924965186,1.3053428127008952,0.02372930226923528,0.018178598019118666,0.0019998674544057108,2.220446049250313e-12,900660232.2451942,True,1.73728591666788e-05,-5.263150335781781e-13,0,0.04300401322903149,0.00035123436626991307,0.008167478797834594,True,6.1881402576364195
resolution,N64,64,fine1,2.555,12.871299657522147,cpp,64,4.0,2,0,0.0001,0.009461787594459047,0.0007998194976038015,5,6,0.07401100388514946,0.9974739069677137,0.9291574766295736,1.3053428127008952,0.023365750513813642,0.017900087460907974,0.0019679387287269466,2.220446049250313e-12,886280812.5382644,True,1.7350224132484712e-05,-5.730465557504888e-13,0,0.043066720825445715,0.00034418590599095744,0.007991922751350905,True,6.175748078613738
resolution,N64,64,fine1,2.5575,12.90351816301735,cpp,64,4.0,2,0,0.0001,0.009425279512094839,0.000964696172321157,5,6,0.08336472195305424,0.9988366438738483,0.9947737723762073,1.3053428127008952,0.023008475320942953,0.017626385266055845,0.0019365902425312227,2.220446049250313e-12,872162709.4632953,True,1.7331750601518495e-05,-2.565170107814011e-13,0,0.043128585110842346,0.0003372811900262515,0.007820362971783658,True,6.163462661435747
resolution,N64,64,fine1,2.56,12.935817315543076,cpp,64,4.0,2,0,0.0001,0.009389388555578113,0.0011382441485799448,4,6,0.02719840118445178,0.9925060967099533,0.8840351639421332,1.3053428127008952,0.022657352917854777,0.01735739661443745,0.0019058098567446135,2.220446049250313e-12,858300456.0674059,True,1.7322172612008757e-05,-1.877007740113735e-13,0,0.04318961793575057,0.0003305172922881735,0.007652702387408365,True,6.15128355407101
resolution,N64,64,fine1,2.5625,12.968197316969134,cpp,64,4.0,2,0,0.0001,0.009354103150436001,0.0013044527611773373,3,6,0.041137621961977906,0.9987882025951988,0.8164347475027381,1.3053428127008952,0.022312262286453288,0.017093028796233846,0.0018755857224015712,2.220446049250313e-12,844688716.0509138,True,1.730914203757253e-05,-1.241153493965663e-13,0,0.04324983098120197,0.0003238913430749621,0.007488846446954617,True,6.139210291048152
resolution,N64,64,fine1,2.565,13.000658369670637,cpp,64,4.0,2,0,0.0001,0.009319411959903443,0.0014581523940366981,9,6,0.00048147029980751964,0.9943146792128347,0.5283552732563132,1.3053428127008952,0.02197308509474886,0.01683319115940446,0.0018459062728181485,2.220446049250313e-12,831322280.2424675,True,1.7296441478594623e-05,4.767774257710338e-13,0,0.043309235760836416,0.00031740052822831083,0.007328703050339417,True,6.127242420426598
resolution,N64,64,fine1,2.5675,13.033200676529269,cpp,64,4.0,2,0,0.0001,0.009285303878725268,0.0015992570408180481,2,6,0.04941512083308748,0.9912873864004734,0.6965715895970966,1.3053428127008952,0.021639705633613268,0.016577795061236352,0.0018167602160415951,2.220446049250313e-12,818196063.198647,True,1.7285268608770515e-05,2.269625438618432e-13,0,0.043367843623007156,0.0003110420882864105,0.007172182481339676,True,6.11537944031623
resolution,N64,64,fine1,2.57,13.065824440934556,cpp,64,4.0,2,0,0.0001,0.00925176802892636,0.0017291118448121083,2,6,0.1311214904388607,0.9964851519061692,0.960764903936937,1.3053428127008952,0.02131201075223833,0.016326753818900246,0.0017881365275426273,2.220446049250313e-12,805305099.9128549,True,1.7257905849662185e-05,5.660687855754015e-14,0,0.04342566575288472,0.0003048133176345364,0.007019197342168276,True,6.1036208517145845
resolution,N64,64,fine1,2.5725,13.098529866785132,cpp,64,4.0,2,0,0.0001,0.009218793754443429,0.0018492307059856626,9,6,0.0684418819042882,0.9946843095306064,0.9709302719760607,1.3053428127008952,0.020989889795006822,0.016079982661088447,0.0017600244430751929,2.220446049250313e-12,792644542.5996404,True,1.7252712807784586e-05,1.033842535879011e-12,0,0.0434827131745564,0.00029871156365503905,0.006869662489916291,True,6.091966164707469
resolution,N64,64,fine1,2.575,13.131317158490017,cpp,64,4.0,2,0,0.0001,0.009186370616341678,0.001960958387614105,9,6,0.006434817271642033,0.9942964027654091,0.22181162915125321,1.3053428127008952,0.020673234543727045,0.01583739868376177,0.0017324134517996148,2.220446049250313e-12,780209657.597638,True,1.7226374095266924e-05,2.150935229846367e-13,0,0.04353899675312263,0.00029273422587555123,0.006723494974756309,True,6.080414827899248
resolution,N64,64,fine1,2.5775,13.164186520969883,cpp,64,4.0,2,0,0.0001,0.009154488388144633,0.002065416170471587,9,6,0.1404780232899054,0.9979553404777253,0.7371326347324324,1.3053428127008952,0.02036193915539903,0.01559892080247332,0.0017052932895576666,2.220446049250313e-12,767995822.3409314,True,1.7219000282960893e-05,-2.9578650853696506e-13,0,0.0435945271967828,0.00028687875512036415,0.0065806139799478155,True,6.068966342444612
resolution,N64,64,fine1,2.58,13.197138159658358,cpp,64,4.0,2,0,0.0001,0.009123137051339223,0.0021635238310243323,2,6,0.08315563603065436,0.9896588272211218,0.979351718075694,1.3053428127008952,0.020055900108289993,0.015364469711057871,0.0016786539323929578,2.220446049250313e-12,755998522.4408942,True,1.720576109755984e-05,5.669320595323864e-13,0,0.04364931505891677,0.00028114265266216293,0.006440940763507595,True,6.057620132811763
resolution,N64,64,fine1,2.5825,13.23017228050329,cpp,64,4.0,2,0,0.0001,0.009092306790432783,0.0022560360556069673,9,6,0.2076321968098009,0.9987089279098927,0.41634027836783966,1.3053428127008952,0.019755016142619992,0.015133967836192188,0.0016524855901994696,2.220446049250313e-12,744213348.8257445,True,1.7188306286364576e-05,1.512819381112231e-13,0,0.0437033707401541,0.00027552346937693387,0.006304398601542796,True,6.046375679953288
resolution,N64,64,fine1,2.585,13.263289089968042,cpp,64,4.0,2,0,0.0001,0.009061987989062584,0.00234357620811295,9,6,0.16766542218746766,0.999870208619325,0.4443193854730617,1.3053428127008952,0.01945918820854562,0.014907339297546259,0.0016267787006298334,2.220446049250313e-12,732635994.9970777,True,1.7178210792899775e-05,4.685971107975704e-14,0,0.043756704490432966,0.00027001880490364635,0.006170912733217459,True,6.0352324073382135
resolution,N96,96,coarse,2.31,10.074424655013587,cpp,96,4.0,2,0,0.0001,0.01953083901113804,0.006049508333350768,6,8,1.0,1.0,1.0,1.800420041438888,0.15531269506739492,0.08626470017700408,0.012093825317796607,2.220446049250313e-12,5446574719.471267,True,1.4235320900942971e-05,-1.4961952604971164e-14,0,0.030723963427130928,0.0023578140426974005,0.07674185813589801,False,
resolution,N96,96,coarse,2.335,10.329459929369532,cpp,96,4.0,2,0,0.0001,0.016992332298286682,0.006158404343343556,6,8,0.18816889737323705,0.8814538101404117,0.9974601938366927,1.800420041438888,0.12824264919489087,0.0712292944108753,0.009776720794647179,2.220446049250313e-12,4403043612.767841,True,1.5887039112938683e-05,4.018363349993269e-14,0,0.03287313510669178,0.001988026149750399,0.06047570891240334,False,7.660652242728921
resolution,N96,96,coarse,2.36,10.59095145243378,cpp,96,4.0,2,0,0.0001,0.01511180559095559,0.006237312498384056,6,8,0.009210978808175794,0.9250141746716001,0.9932920183809194,1.800420041438888,0.10636273026126959,0.059076619796047676,0.007962296635694342,2.220446049250313e-12,3585899616.152639,True,1.6851172427711837e-05,7.172691162973214e-13,0,0.03478401285470483,0.0016532326193374575,0.04752851909994174,True,7.482757205722531
resolution,N96,96,coarse,2.385,10.859062664920515,cpp,96,4.0,2,0,0.0001,0.013679111887201159,0.004190691463917434,19,8,0.1547661720517449,0.9284527038482489,0.9661910327388932,1.800420041438888,0.08861487578429679,0.04921900098016914,0.0065303883767947055,2.220446049250313e-12,2941025466.0317254,True,1.7427911088005703e-05,5.535377254142171e-13,0,0.03646747879198151,0.0013632420539334874,0.03738240479166983,True,7.302219771426999
resolution,N96,96,coarse,2.41,11.133961145065307,cpp,96,4.0,2,0,0.0001,0.012557104072918376,0.005975573507613503,13,9,0.13645045535260486,0.9195119397353998,0.3323192660879364,1.800420041438888,0.0741621519202292,0.041191583193530286,0.00539131474398491,2.220446049250313e-12,2428032307.20475,True,1.7751126143831315e-05,-9.89878294485819e-14,0,0.03794256449671097,0.0011183402504323003,0.029474556221133735,True,7.121832146426064
resolution,N96,96,coarse,2.435,11.41581871336694,cpp,96,4.0,2,0,0.0001,0.011657354663139365,0.004676006305121129,12,9,0.03855674459472398,0.9477542592213737,0.9380850408073064,1.800420041438888,0.06234114666428536,0.034625890197524455,0.004478086056388271,2.220446049250313e-12,2016750669.488323,True,1.7902729793012116e-05,2.2501775878251594e-13,0,0.03923113462086229,0.0009146406204314596,0.023314151611232597,True,6.945290808526721
resolution,N96,96,coarse,2.46,11.704811539980854,cpp,96,4.0,2,0,0.0001,0.010922392083578885,0.003247991219057926,12,7,0.09204115370561863,0.9266852070143645,0.9500335250548637,1.800420041438888,0.052627125227799616,0.02923047067713168,0.003740429355469029,2.220446049250313e-12,1684539625.1495984,True,1.794061682442985e-05,1.7241082176774262e-13,0,0.04035506287519383,0.0007467894152061768,0.01850547024336881,True,6.77559969292604
resolution,N96,96,coarse,2.485,12.001120254831195,cpp,96,4.0,2,0,0.0001,0.010313801244724106,0.0013902683208182806,12,7,0.17136000058376216,0.9385093340427505,0.8585770151015656,1.800420041438888,0.0446057169090681,0.024775172394448243,0.0031403663902467727,2.220446049250313e-12,1414295290.4922194,True,1.791500282035642e-05,1.7142456748678097e-09,0,0.041334848733204775,0.0006092727523028751,0.014739929405219742,True,6.614785717370291
resolution,N96,96,coarse,2.51,12.30493006051041,cpp,96,4.0,2,0,0.0001,0.00980484621600058,0.0023605822533724046,14,7,0.13452209127690837,0.9637300747746032,0.9866958063501031,1.800420041438888,0.03794969414046394,0.021078244669024405,0.002648989074708736,2.220446049250313e-12,1192998620.976678,True,1.783027993638865e-05,2.695887450959494e-13,0,0.04218903577738218,0.0004969992432457072,0.01178029395761047,True,6.464023534390348
resolution,N96,96,coarse,2.535,12.616430848036902,cpp,96,4.0,2,0,0.0001,0.009376111185575228,0.002295913829725519,15,6,0.19619616384255742,0.9621952425494043,0.9614236343090565,1.800420041438888,0.03240022313495772,0.017995924500520222,0.0022441183419759513,2.220446049250313e-12,1010661052.8698189,True,1.771812379179343e-05,1.1830251260709308e-13,0,0.042934058867388984,0.00040551595117958145,0.009445087696742209,True,6.323845384534438
resolution,N96,96,coarse,2.56,12.935817315543076,cpp,96,4.0,2,0,0.0001,0.009012956015843104,0.0038101248974271324,15,6,0.03243968746582048,0.9745848603259752,0.9925689750447972,1.800420041438888,0.02775197449738454,0.015414166615922181,0.0019086021069610775,2.220446049250313e-12,859557973.7708452,True,1.757587289581456e-05,1.380890873066269e-12,0,0.043584308692933234,0.00033104552815467665,0.00759552091297372,True,6.194332757435753
resolution,N96,96,coarse,2.585,13.263289089968042,cpp,96,4.0,2,0,0.0001,0.008704006358823561,0.0047312735111238015,15,6,0.03301221389169484,0.9768623552114155,0.9975511847206497,1.800420041438888,0.023841442434652235,0.013242155655853651,0.0016290722989651097,2.220446049250313e-12,733668939.8578866,True,1.7439026489771595e-05,8.296444987714141e-13,0,0.04415229657225451,0.00027044203853053355,0.006125208868534383,True,6.075265821761706
resolution,N96,96,coarse,2.61,13.599050851830924,cpp,96,4.0,2,0,0.0001,0.008440225193458196,0.005136163927484256,5,6,0.05729848177401644,0.9584612809525408,0.7179984108077531,1.800420041438888,0.020537850206317577,0.011407254825881528,0.001395031478978858,2.220446049250313e-12,628266324.8899297,True,1.72908387761989e-05,3.088591047720573e-13,0,0.04464885625530748,0.0002211151749026408,0.0049523144252179244,True,5.966232396631995
resolution,N96,96,coarse,2.635,13.94331246316286,cpp,96,4.0,2,0,0.0001,0.008214314911029192,0.005427830128709005,5,6,0.02987108000229745,0.9663732936960234,0.44842403661066965,1.800420041438888,0.017736096542160774,0.009851088153843345,0.0011981768519848247,2.220446049250313e-12,539610882.412281,True,1.7151413516055872e-05,9.68176820261879e-09,0,0.04508334983105117,0.00018094740062827512,0.004013619247601862,True,5.8667047869111775
resolution,N96,96,coarse,2.66,14.296289098677603,cpp,96,4.0,2,0,0.0001,0.00802031285914686,0.005663013959641933,5,6,0.18921203847577686,0.9678953792289136,0.8159744164795386,1.800420041438888,0.015351291289687131,0.008526505446705895,0.0010318961976014452,2.220446049250313e-12,464724733.10029006,True,1.698796357289567e-05,4.1111599386505957e-13,0,0.04546386168130558,0.0001482154021989652,0.0032600706741088455,True,5.776092879430206
resolution,N96,96,coarse,2.685,14.658201380262703,cpp,96,4.0,2,0,0.0001,0.00785330483033912,0.00585554745840564,5,6,0.30019278436333974,0.9592282887576592,0.9302612294278025,1.800420041438888,0.013314518905281644,0.007395229223643132,0.0008908891239976141,2.220446049250313e-12,401220792.6864083,True,1.684323697618298e-05,4.2187815245320803e-13,0,0.04579737361324862,0.00012152046851341012,0.0026534374992686423,True,5.693780270946573
resolution,N96,96,coarse,2.71,15.029275514875401,cpp,96,4.0,2,0,0.0001,0.007709213968587064,0.006015024619924649,2,6,0.23968847283640535,0.9331695367327333,0.46000941079070146,1.800420041438888,0.011569546847760466,0.006426026472419254,0.0007708803381196063,2.220446049250313e-12,347173640.3502701,True,1.6710275279882955e-05,7.597441140003389e-13,0,0.04608991918548183,9.97290317600276e-05,0.002163792723495204,True,5.61914850117805
resolution,N96,96,coarse,2.735,15.409743435929318,cpp,96,4.0,2,0,0.0001,0.0075846403335779276,0.006148365264896695,5,6,0.3693632945951057,0.9500739021075073,0.39159259329864127,1.800420041438888,0.010070260247987059,0.005593283798340164,0.0006684009808542495,2.220446049250313e-12,301021040.8309272,True,1.6569645420999876e-05,-2.274033164877185e-13,0,0.04634671772179787,8.192300452919186e-05,0.0017676117869003202,True,5.5515929604242595
resolution,N96,96,coarse,2.76,15.799842948260395,cpp,96,4.0,2,0,0.0001,0.007476736089441197,0.006260711094740455,5,6,0.21512333137959844,0.9580136239050118,0.9737954727331251,1.800420041438888,0.008778655155065906,0.004875892821127476,0.0005806206866292137,2.220446049250313e-12,261488310.7946928,True,1.6450268546906985e-05,1.2403989824272374e-12,0,0.0465722896603241,6.735887373171263e-05,0.001446329442314215,True,5.490533031107844
resolution,N96,96,coarse,2.785,16.19981787676266,cpp,96,4.0,2,0,0.0001,0.007383106748110573,0.006355973484009605,2,6,0.007725480765717194,0.9538618089010155,0.9249843039304827,1.800420041438888,0.007663262210035441,0.004256374642392336,0.0005052177225107589,2.220446049250313e-12,227529834.68404242,True,1.6331181367289653e-05,1.5748315589951401e-09,0,0.04677055532220214,5.543430662352287e-05,0.0011852394362571962,True,5.435418217339614
resolution,N96,96,coarse,2.81,16.6099182187867,cpp,96,4.0,2,0,0.0001,0.007301732068789853,0.006437185375210523,5,6,0.018925707223081213,0.9601813823806937,0.8896656977871026,1.800420041438888,0.006697902928011754,0.003720189052471788,0.0004402779179957331,2.220446049250313e-12,198283546.74250415,True,1.622210670370229e-05,1.5915833263395349e-13,0,0.046944919245386886,4.566104481350112e-05,0.0009726514721396197,True,5.385731499697489
resolution,N96,96,coarse,2.835,17.03040030039619,cpp,96,4.0,2,0,0.0001,0.0072309021365815004,0.006506736337925713,5,6,0.016659853202645458,0.9587045297757857,0.7224280499467063,1.800420041438888,0.005860703878631194,0.003255186980671102,0.00038421551237080895,2.220446049250313e-12,173035283.83431393,True,1.6123528284535937e-05,8.224436471128938e-09,0,0.04709834210612524,3.764298109736271e-05,0.0007992421689184503,True,5.340990776055941
resolution,N96,96,coarse,2.86,17.46152693657999,cpp,96,4.0,2,0,0.0001,0.007169165363135782,0.0065665346346779965,2,6,0.19103492269836475,0.9753162938801617,0.9009063805804306,1.800420041438888,0.005133311598723339,0.0028511744373945196,0.000335710797398348,2.220446049250313e-12,151190702.2067452,True,1.6022511616918075e-05,2.1720199246344438e-12,0,0.04723340204787103,3.105846602947174e-05,0.0006575530172057901,True,5.300749018215615
resolution,N96,96,coarse,2.885,17.90356759552007,cpp,96,4.0,2,0,0.0001,0.007115285964394888,0.006618121930170291,5,6,0.23255977796300806,0.9835954506626826,0.9861467466101038,1.800420041438888,0.004500264388666827,0.0024995635935435574,0.0002936607112256903,2.220446049250313e-12,132253026.96493737,True,1.5942265218932158e-05,1.0068768289771997e-10,0,0.04735234701089741,2.5646044294754003e-05,0.0005416002777824711,True,5.2645935456048845
resolution,N96,96,coarse,2.91,18.356798567017925,cpp,96,4.0,2,0,0.0001,0.007068209037686178,0.006575301010920752,17,6,0.03739408856005839,0.9821478721879462,0.999996478305337,1.800420041438888,0.003948487245631183,0.002193092253336376,0.00025713947952619927,2.220446049250313e-12,115805326.41764343,True,1.585689390675026e-05,1.5561251867378308e-14,0,0.04745713943434723,2.1192960829946076e-05,0.0004465705493957273,True,5.2321447327181305
resolution,N96,96,coarse,2.935,18.821503135184646,cpp,96,4.0,2,0,0.0001,0.00702703177186613,0.00653446157707796,17,6,0.41711539091581135,0.9791833106826844,0.9999972939177961,1.800420041438888,0.003466883870162904,0.0019255972441809663,0.00022536709594762842,2.220446049250313e-12,101496316.93313102,True,1.578333047277134e-05,4.637495915859548e-13,0,0.04754949449939051,1.7525898030100978e-05,0.00036858221553387124,True,5.203054375933296
resolution,N96,96,coarse,2.96,19.297971755502758,cpp,96,4.0,2,0,0.0001,0.006990979631002759,0.006498520938983936,16,6,0.633280640837857,0.9830957719157172,0.9999979177682164,1.800420041438888,0.003046005543970286,0.001691830502806407,0.00019768395269734724,2.220446049250313e-12,89028937.57048997,True,1.571440351908858e-05,3.004767463298906e-12,0,0.047630912902655434,1.4503507594993356e-05,0.0003044977874901235,True,5.177003832707426
resolution,N96,96,coarse,2.985,19.786502236370332,cpp,96,4.0,2,0,0.0001,0.006959386588089891,0.006466877641441052,16,6,0.20769398043798795,0.984444516238985,0.9999983957194191,1.800420041438888,0.0026777811481695133,0.001487309120392507,0.0001735303214880212,2.220446049250313e-12,78151109.11909346,True,1.565687423741891e-05,5.868282561424211e-13,0,0.047702708993939025,1.2010385038298251e-05,0.00025177574380155765,True,5.153702109654789
resolution,N96,96,coarse,3.01,20.287399925240926,cpp,96,4.0,2,0,0.0001,0.006931678667805888,0.006439006750371023,17,6,0.2951751378043162,0.9886969399383516,0.9999987624650689,1.800420041438888,0.0023552960351583257,0.0013081925222716267,0.0001524296793701908,2.220446049250313e-12,68648224.72117954,True,1.56038585533479e-05,6.021916816104293e-13,0,0.04776603497992611,9.95220383567266e-06,0.00020835314967748773,True,5.13288389173924
resolution,N96,96,coarse,3.035,20.800977899475697,cpp,96,4.0,2,0,0.0001,0.006907360202377613,0.006414449656229518,16,6,0.393333392894308,0.9861908005490022,0.9999990442976622,1.800420041438888,0.0020726101065275697,0.001151181423681081,0.00013397509691380998,2.220446049250313e-12,60337019.65379607,True,1.555255685842729e-05,3.915623374612817e-12,0,0.047821901783930726,8.251782030902332e-06,0.0001725523603846956,True,5.114307620273474
resolution,N96,96,coarse,3.06,21.327557162026903,cpp,96,4.0,2,0,0.0001,0.006886002317518081,0.006392805299447239,17,6,0.2915200826831333,0.9891055375886676,0.9999992611805878,1.800420041438888,0.0018246074957816714,0.0010134343396463487,0.0001178180772096747,2.220446049250313e-12,53060544.861899935,True,1.550704169754592e-05,3.120523423574954e-12,0,0.0478711970578098,6.845899099605762e-06,0.00014300664116125144,True,5.097753636517808
resolution,N96,96,coarse,3.085,21.867466842075256,cpp,96,4.0,2,0,0.0001,0.006867233258190293,0.006373722615860973,16,6,3.741906037765265e-05,0.9839762098455893,0.9999994283006002,1.800420041438888,0.001606871840421076,0.0008924983078597986,0.0001036593651739917,2.220446049250313e-12,46684027.83710512,True,1.546461907821947e-05,8.133039710454886e-12,0,0.04791470076365072,5.6827169787290355e-06,0.0001186006984946066,True,5.083022414027995
resolution,N96,96,coarse,3.11,22.421044400746343,cpp,96,4.0,2,0,0.0001,0.006850730235668766,0.006356894027566136,16,6,0.43500155980016264,0.9919117269023062,0.9999995572326433,1.800420041438888,0.0014155823641847384,0.0007862511700621878,9.124134771648029e-05,2.220446049250313e-12,41091449.957672246,True,1.5430033559182932e-05,1.2106717784508545e-12,0,0.04795309867718615,4.7196881042360985e-06,9.842300569580306e-05,True,5.069932861105628
resolution,N96,96,coarse,3.135,22.988635842034803,cpp,96,4.0,2,0,0.0001,0.0068362125367110215,0.006342049827689913,16,6,0.4974101230157693,0.9909479996500605,0.9999996568151052,1.800420041438888,0.0012474269518953308,0.0006928532915565595,8.034174416888811e-05,2.220446049250313e-12,36182704.910130024,True,1.539742989247872e-05,9.02656814509808e-12,0,0.04798699411007977,3.921856444408571e-06,8.172748714812243e-05,True,5.058320795453766
resolution,N96,96,coarse,3.16,23.570595929068126,cpp,96,4.0,2,0,0.0001,0.00682343568315087,0.006328953330747717,17,6,0.3175867793987002,0.9897101007868936,0.9999997338088911,1.800420041438888,0.0010995291641581137,0.0006107070232785093,7.07683473579236e-05,2.220446049250313e-12,31871230.279077057,True,1.5367119428844456e-05,2.703132000260949e-12,0,0.04801691810244504,3.260476038926882e-06,6.790265114413616e-05,True,5.048037429818679
resolution,N96,96,coarse,3.185,24.167288405845095,cpp,96,4.0,2,0,0.0001,0.006812186467689609,0.006317396677754383,16,6,0.572579386345574,0.9943135741688669,0.9999997933945406,1.800420041438888,0.0009693867287581646,0.0005384225383224655,6.23546238654001e-05,2.220446049250313e-12,28082026.08050433,True,1.533974092286724e-05,1.0862277452300593e-11,0,0.04804333829869653,2.711886362455791e-06,5.644666791461008e-05,True,5.038948056560977
resolution,N96,96,coarse,3.21,24.779086224587694,cpp,96,4.0,2,0,0.0001,0.0068022787233576534,0.006307197202499445,17,6,0.3725812228871201,0.9936045359451031,0.9999998395480638,1.800420041438888,0.0008548195238130365,0.0004747889404351822,5.495601965359218e-05,2.220446049250313e-12,24749990.96336834,True,1.5319132513960004e-05,-7.510103056889111e-13,0,0.048066666687796994,2.256595684931291e-06,4.694720562980474e-05,True,5.0309307904345415
resolution,N96,96,coarse,3.235,25.406371778848346,cpp,96,4.0,2,0,0.0001,0.006793549708693877,0.006298194279529892,17,6,0.34758856022279233,0.9943155190768449,0.9999998753256559,1.800420041438888,0.0007539254408834411,0.00041874974924235295,4.844684709559415e-05,2.220446049250313e-12,21818520.252699323,True,1.5299603418487022e-05,1.6134180015038377e-09,0,0.04808726636211865,1.878533096715457e-06,3.9065083936551136e-05,True,5.023875401895382
resolution,N96,96,coarse,3.26,26.049537142518336,cpp,96,4.0,2,0,0.0001,0.0067858570115445355,0.00629024658545725,17,6,0.20410795349172087,0.9939061429159803,0.9999999030798236,1.800420041438888,0.0006650428148690132,0.0003693820328380225,4.271765307164662e-05,2.220446049250313e-12,19238320.645560984,True,1.5280515332386033e-05,9.363939642212778e-12,0,0.04810545742656163,1.5644374701137806e-06,3.252099769557476e-05,True,5.017682260141936
resolution,N96,96,coarse,3.285,26.708984314886784,cpp,96,4.0,2,0,0.0001,0.006779075890527504,0.006283229716447139,16,6,0.4657271215639766,0.9965576028147177,0.9999999246238126,1.800420041438888,0.000586718347073888,0.0003258785914230244,3.767298655456258e-05,2.220446049250313e-12,16966404.820906173,True,1.5266793442606382e-05,1.5329853710506339e-09,0,0.048121522170593595,1.303357737925668e-06,2.7084715510560723e-05,True,5.012261390301784
resolution,N96,96,coarse,3.31,27.38512547190322,cpp,96,4.0,2,0,0.0001,0.006773096987289618,0.006277034112483124,17,6,0.4320122686217686,0.9967480353099614,0.9999999413569265,1.800420041438888,0.0005176796415522958,0.000287532703278824,3.3229499267124764e-05,2.220446049250313e-12,14965236.051713126,True,1.5252101581080462e-05,1.0316524495234693e-11,0,0.04813570959983022,1.0862437691324968e-06,2.256627726406942e-05,True,5.007531550017107
resolution,N96,96,coarse,3.335,28.07838322380105,cpp,96,4.0,2,0,0.0001,0.006767824353556782,0.006271563246461915,16,6,0.8631600046943227,0.9961318831774486,0.9999999543602428,1.800420041438888,0.00045681162757770687,0.000253725029195201,2.931432494430184e-05,2.220446049250313e-12,13201998.28957754,True,1.5239002222977928e-05,7.1738650560615856e-12,0,0.04814823941022581,9.056110703772328e-07,1.8808809656805387e-05,True,5.003419436086119
resolution,N96,96,coarse,3.36,28.789190879242675,cpp,96,4.0,2,0,0.0001,0.006763173746210343,0.0062667320425707045,16,6,0.44685974805815154,0.9969685093558158,0.9999999644698502,1.800420041438888,0.00040313626781476744,0.00022391234186250374,2.586369247926308e-05,2.220446049250313e-12,11647971.58120343,True,1.5226078584064296e-05,6.146351054347259e-12,0,0.0481593054764343,7.552657123998012e-07,1.5682653745274085e-05,True,4.999858964282543
resolution,N96,96,coarse,3.385,29.517992716151486,cpp,96,4.0,2,0,0.0001,0.006759071151187062,0.006262465493217346,16,6,0.1804671559912842,0.9965271342061907,0.9999999723329733,1.800420041438888,0.0003557950542756629,0.00019761780367169931,2.282173608361267e-05,2.220446049250313e-12,10277996.212210583,True,1.5218204116018303e-05,-2.3782624336210413e-12,0,0.04816907891613217,6.300784455734452e-07,1.308055831149446e-05,True,4.996790539437908
resolution,N96,96,coarse,3.41,30.265244259400085,cpp,96,4.0,2,0,0.0001,0.006755451503180062,0.00625869744824057,17,6,0.018050999937422686,0.9959473303960911,0.9999999784510724,1.800420041438888,0.00031403387495396135,0.0001744225612501996,2.013947197399684e-05,2.220446049250313e-12,9070011.847753072,True,1.5212655324262557e-05,8.485752996918803e-10,0,0.04817771078374693,5.257990325308857e-07,1.0913740482419675e-05,True,4.99416050933938
resolution,N96,96,coarse,3.435,31.031412565528075,cpp,96,4.0,2,0,0.0001,0.006752257573367454,0.006255369553953958,17,6,0.1240095378516043,0.9971945156123753,0.9999999832129677,1.800420041438888,0.00027718990480143165,0.00015395846437029365,1.7773916174263463e-05,2.220446049250313e-12,8004660.225932736,True,1.520532968049931e-05,6.901743570777346e-12,0,0.04818533443992778,4.3890350136849537e-07,9.108653213057437e-06,True,4.99192055684266
resolution,N96,96,coarse,3.46,31.81697651466769,cpp,96,4.0,2,0,0.0001,0.006749439001569098,0.006252430322594328,17,6,0.7385493852713005,0.997007330340335,0.99999998692036,1.800420041438888,0.0002446802284666743,0.00013590174672301853,1.568732236707888e-05,2.220446049250313e-12,7064941.916681729,True,1.5200073472180198e-05,1.3091515577556784e-09,0,0.04819206763698175,3.6646836895236857e-07,7.604329652607542e-06,True,4.990027203071441
resolution,N96,96,coarse,3.485,32.62242710985942,cpp,96,4.0,2,0,0.0001,0.006746951452899297,0.00624983431542457,16,6,0.28851592940916576,0.9967416730578076,0.9999999898074907,1.800420041438888,0.0002159919490040137,0.00011996753203846467,1.3846522124751049e-05,2.220446049250313e-12,6235919.188140615,True,1.519599638098642e-05,8.343217539947879e-10,0,0.04819801435526705,3.060669887057714e-07,6.350199127494234e-06,True,4.988441370024096
resolution,N96,96,coarse,3.51,33.44826778394491,cpp,96,4.0,2,0,0.0001,0.0067447558819014155,0.006247541425182151,17,6,0.4241613208783884,0.9983626934079088,0.9999999920563443,1.800420041438888,0.00019067357523938256,0.0001059050504053471,1.2222352628971498e-05,2.220446049250313e-12,5504458.274542684,True,1.519237961484721e-05,5.885088338385776e-10,0,0.048203266421026195,2.5568405958466076e-07,5.304289077661586e-06,True,4.987127921267704
resolution,N96,96,coarse,3.535,34.295014714228856,cpp,96,4.0,2,0,0.0001,0.006742817889729892,0.00624551624517041,17,6,0.5840872332896273,0.998532363507223,0.999999993808361,1.800420041438888,0.00016832751118729192,9.349346669834073e-05,1.078915949630361e-05,2.220446049250313e-12,4859005.468719379,True,1.5188356313919487e-05,5.942740962354629e-11,0,0.0482079049322505,2.1364505989081678e-07,4.4317433041544774e-06,True,4.986055313013015
resolution,N96,96,coarse,3.56,35.163197145106615,cpp,96,4.0,2,0,0.0001,0.0067411071619043,0.006243727514363752,17,6,0.5610861436921769,0.998219470659264,0.9999999951735372,1.800420041438888,0.00014860349809227318,8.253823811776162e-05,9.52436409519134e-06,2.220446049250313e-12,4289392.259004464,True,1.5187104915128037e-05,9.100484539989543e-10,0,0.04821200151580986,1.785579575429256e-07,3.7035997662194592e-06,True,4.985195226859074
resolution,N96,96,coarse,3.585,36.05335771885924,cpp,96,4.0,2,0,0.0001,0.006739596976113043,0.006242147628926698,16,6,0.026400771725777587,0.9976895613140401,0.999999996237436,1.800420041438888,0.00013119288114900188,7.286792977718304e-05,8.408086453674748e-06,2.220446049250313e-12,3786665.501966851,True,1.5184976554176353e-05,7.617363488824541e-10,0,0.04821561943616726,1.4926502515269732e-07,3.0957815516672876e-06,True,4.9845222731441226
resolution,N96,96,coarse,3.61,36.966052814822504,cpp,96,4.0,2,0,0.0001,0.006738263770875347,0.006240752212109093,16,6,0.7465237579796483,0.9984303337659155,0.9999999970666478,1.800420041438888,0.00011582359174327731,6.433142770989795e-05,7.42281616402413e-06,2.220446049250313e-12,3342939.211033877,True,1.5182308164410439e-05,5.0053054490672543e-11,0,0.04821881457347615,1.2480298251921034e-07,2.5882631836383022e-06,True,4.984013710429972
resolution,N96,96,coarse,3.635,37.901852897142135,cpp,96,4.0,2,0,0.0001,0.006737086767251071,0.006239519735263431,17,6,0.577807267130488,0.9983727565397843,0.9999999977129792,1.800420041438888,0.00010225575161481707,5.679549730689218e-05,6.5531248246622885e-06,2.220446049250313e-12,2951265.051846143,True,1.5180371680925041e-05,5.3502291737948175e-12,0,0.048221636286656974,1.0437000318033256e-07,2.1643812034891887e-06,True,4.983649155580917
resolution,N96,96,coarse,3.66,38.86134287133247,cpp,96,4.0,2,0,0.0001,0.006736047636792192,0.006238431183915714,17,6,0.8952586263315164,0.9986987792220533,0.9999999982168721,1.800420041438888,9.027781817055003e-05,5.0142642323843706e-05,5.785414468155557e-06,2.220446049250313e-12,2605519.044296924,True,1.5179584307783019e-05,-9.763747742208586e-12,0,0.04822412817514572,8.729838855900041e-08,1.8102636970841747e-06,True,4.983410382294515
resolution,N96,96,coarse,3.685,39.8451224498614,cpp,96,4.0,2,0,0.0001,0.006735130209880907,0.006237469763199799,17,6,0.6188067632163133,0.9990827082507092,0.9999999986096868,1.800420041438888,7.970320168668361e-05,4.426922598738967e-05,5.107697277662709e-06,2.220446049250313e-12,2300302.355640307,True,1.5180981499596721e-05,4.8483286352411634e-11,0,0.04822632875133086,7.30319199295146e-08,1.5143578584654178e-06,True,4.983281103134966
resolution,N96,96,coarse,3.71,40.85380652699027,cpp,96,4.0,2,0,0.0001,0.00673432021940417,0.006236620638189142,16,4,0.5166332977640323,0.9989210171808601,0.9999999989159252,1.800420041438888,7.036729444897226e-05,3.908382090255728e-05,4.509402488104924e-06,2.220446049250313e-12,2030854.3365092922,True,1.5181099318197615e-05,6.461299163109078e-10,0,0.04822827203424731,6.110707729571835e-08,1.2670384966794102e-06,True,4.983246759357256
resolution,N96,96,coarse,3.735,41.888025563102715,cpp,96,4.0,2,0,0.0001,0.006733605075314678,0.006235870704711961,17,4,0.2908371025941064,0.9991540488514383,0.9999999991547031,1.800420041438888,6.212485979482666e-05,3.4505758859014224e-05,3.981206989612711e-06,2.220446049250313e-12,1792976.231490462,True,1.5180558961232833e-05,-1.930198069360982e-11,0,0.04822998807381861,5.113745702066782e-08,1.0602834266182934e-06,True,4.98329440569478
resolution,N96,96,coarse,3.76,42.94842597876301,cpp,96,4.0,2,0,0.0001,0.006732973666290024,0.006235208387176061,17,4,0.8567826866043455,0.9992154458774711,0.9999999993407727,1.800420041438888,5.484773636482484e-05,3.0463855712798424e-05,3.5148866024499476e-06,2.220446049250313e-12,1582964.1993043132,True,1.51807957551412e-05,4.301835229474875e-11,0,0.04823150341382597,4.280083555773848e-08,8.874041348142852e-07,True,4.983412451096953
resolution,N96,96,coarse,3.785,44.03567055874993,cpp,96,4.0,2,0,0.0001,0.0067324161851245205,0.006234623460088369,17,4,0.24726818168359058,0.9994419490430819,0.9999999994861013,1.800420041438888,4.842281810038918e-05,2.6895289424622197e-05,3.1031854211871013e-06,2.220446049250313e-12,1397550.4706519784,True,1.5181488733926736e-05,2.2035581557091626e-11,0,0.04823284150080368,3.58284245169075e-08,7.428221809471977e-07,True,4.983590613289213
resolution,N96,96,coarse,3.81,45.15043886631872,cpp,96,4.0,2,0,0.0001,0.006731923974972453,0.006234106890494342,17,4,0.07090163402165657,0.9992940788031461,0.9999999995990203,1.800420041438888,4.275027623315496e-05,2.3744612506639905e-05,2.7397009380968447e-06,2.220446049250313e-12,1233851.6123919548,True,1.518271138154683e-05,8.515604782819235e-12,0,0.04823402304520745,2.999594251773778e-08,6.218834885413562e-07,True,4.983819760988562
resolution,N96,96,coarse,3.835,46.29342766795043,cpp,96,4.0,2,0,0.0001,0.0067314893938834235,0.006233650698864011,16,4,0.1514592152970164,0.9994000005635245,0.9999999996875286,1.800420041438888,3.774199358114359e-05,2.096288238992294e-05,2.4187830155036445e-06,2.220446049250313e-12,1089323.0287312297,True,1.5184221140367434e-05,7.144539446387419e-10,0,0.048235066340446095,2.5116191504360864e-08,5.207039900616955e-07,True,4.984091772849811
resolution,N96,96,coarse,3.86,47.46535136885352,cpp,96,4.0,2,0,0.0001,0.006731105695432799,0.006233247836255942,16,4,0.029072802574669918,0.9994175094669872,0.9999999997560056,1.800420041438888,3.332018523491477e-05,1.8506895317764526e-05,2.1354449613593913e-06,2.220446049250313e-12,961718.9132248358,True,1.5184883701063195e-05,4.3132236861914576e-10,0,0.04823598754470794,2.1032882936641316e-08,4.3604130457880244e-07,True,4.984399443223046
resolution,N96,96,coarse,3.885,48.66694245949041,cpp,96,4.0,2,0,0.0001,0.006730766923479062,0.006232892075803021,17,4,0.04955387271794795,0.9994957926773536,0.9999999998088822,1.800420041438888,2.9416182995637287e-05,1.6338511191048508e-05,1.8852852453801079e-06,2.220446049250313e-12,849056.9928580947,True,1.5185682173119557e-05,1.4355328817323237e-11,0,0.04823680092993014,1.761549976192822e-08,3.651879772772844e-07,True,4.984736464754808
resolution,N96,96,coarse,3.91,49.89895197340787,cpp,96,4.0,2,0,0.0001,0.006730467819391094,0.006232577916907784,17,4,0.4805537713040136,0.9997056796190871,0.9999999998519038,1.800420041438888,2.5969364012388542e-05,1.442405850561069e-05,1.664418544501121e-06,2.220446049250313e-12,749587.4736803792,True,1.5186804641257339e-05,7.078849695060349e-11,0,0.04823751910174925,1.475502024499765e-08,3.058826515077262e-07,True,4.985097155182636
resolution,N96,96,coarse,3.935,51.16214995665737,cpp,96,4.0,2,0,0.0001,0.006730203740201269,0.006232300500578316,16,4,0.7167054672617849,0.9997024459208248,0.9999999998831648,1.800420041438888,2.29262059548068e-05,1.2733809570617907e-05,1.4694149831565432e-06,2.220446049250313e-12,661765.6770596432,True,1.5188185648942687e-05,8.28167197581297e-11,0,0.04823815319381887,1.2360355754905071e-08,2.562360898279352e-07,True,4.985476597732515
resolution,N96,96,coarse,3.96,52.45732594909905,cpp,96,4.0,2,0,0.0001,0.006729970586420803,0.006232055534656201,17,4,0.4330188150202277,0.9995998568410565,0.999999999906259,1.800420041438888,2.0239453840445846e-05,1.1241517742865471e-05,1.2972465914638587e-06,2.220446049250313e-12,584227.926592428,True,1.5188897579030648e-05,4.026814121348005e-11,0,0.04823871303948433,1.035538404151623e-08,2.1466957530645866e-07,True,4.98587044900404
resolution,N96,96,coarse,3.985,53.785289477889734,cpp,96,4.0,2,0,0.0001,0.006729764738353807,0.006231839227755225,17,4,0.7453382441172622,0.9997444181633955,0.9999999999284779,1.800420041438888,1.7867385063410228e-05,9.924009204613548e-06,1.1452400843753703e-06,2.220446049250313e-12,515770.2817242673,True,1.5190977892613135e-05,3.467975319013814e-10,0,0.048239207323453735,8.676476568670424e-09,1.7986358089370908e-07,True,4.9862749005693825
resolution,N96,96,coarse,4.01,55.1468705634638,cpp,96,4.0,2,0,0.0001,0.006729582999893095,0.006231648230895977,16,4,0.44191803436423427,0.9997455989932116,0.9999999999345393,1.800420041438888,1.577316097109527e-05,8.76082281248626e-06,1.011035239691413e-06,2.220446049250313e-12,455329.7928732688,True,1.51923725016916e-05,3.57267436527876e-11,0,0.04823964371579568,7.270436630262192e-09,1.5071497362410136e-07,True,4.986686577449606
resolution,N96,96,coarse,4.035,56.542920238322985,cpp,96,4.0,2,0,0.0001,0.006729422548917056,0.00623147958595026,17,4,0.43792865510477624,0.9998073904970455,0.9999999999539899,1.800420041438888,1.392425463471267e-05,7.733892266376053e-06,8.925481688470294e-07,2.220446049250313e-12,401967.96006297,True,1.5192707792962223e-05,1.1800124604208572e-10,0,0.0482400289903245,6.092781165111703e-09,1.2630135786887135e-07,True,4.987102627457772
resolution,N96,96,coarse,4.06,57.97431107895927,cpp,96,4.0,2,0,0.0001,0.006729280893514869,0.006231330680073888,16,4,0.007891083608644675,0.9997516666977696,0.9999999999584708,1.800420041438888,1.2291945923039746e-05,6.827265660304512e-06,7.879389259624977e-07,2.220446049250313e-12,354856.14533554134,True,1.5195140859363572e-05,2.7986973708505426e-11,0,0.048240369129188276,5.106305598868815e-09,1.0585129614564243e-07,True,4.987520494168775
resolution,N96,96,coarse,4.085,59.44193775124387,cpp,96,4.0,2,0,0.0001,0.006729155833345693,0.0062311992054541205,17,4,0.772607214609729,0.9998217662314781,0.9999999999471583,1.800420041438888,1.0850875785490477e-05,6.026857919676624e-06,6.955829225580336e-07,2.220446049250313e-12,313262.69908376405,True,1.5196836545838938e-05,8.371498229067298e-11,0,0.048240669415269326,4.2798880382430685e-09,8.871949933780109e-08,True,4.987938024425757
resolution,N96,96,coarse,4.11,60.94671756962223,cpp,96,4.0,2,0,0.0001,0.006729045425516028,0.00623108312376123,16,4,0.7588769044214402,0.9998340830437832,0.9999999999720015,1.800420041438888,9.578652861437993e-06,5.320232301892605e-06,6.140457022215844e-07,2.220446049250313e-12,276541.5995713582,True,1.5197840477394313e-05,1.1766799218478584e-10,0,0.048240934513813755,3.5874903572374524e-09,7.436610408552881e-08,True,4.988353283299632
resolution,N96,96,fine0,2.36,10.59095145243378,cpp,96,4.0,2,0,0.0001,0.01511180559095559,0.006237312498384056,6,8,1.0,1.0,1.0,1.800420041438888,0.10636273026126959,0.059076619796047676,0.007962296635694342,2.220446049250313e-12,3585899616.152639,True,1.6851172427711837e-05,7.172691162973214e-13,0,0.03478401285470483,0.0016532326193374575,0.04752851909994174,True,
resolution,N96,96,fine0,2.3625,10.617461955386002,cpp,96,4.0,2,0,0.0001,0.014951128588805065,0.006239893342001775,6,8,0.023452556629510277,0.9952860757646851,0.9998655699049563,1.800420041438888,0.10441735616179366,0.05799610855161541,0.007803582620859777,2.220446049250313e-12,3514421178.3458967,True,1.6928931820529186e-05,6.773451420179189e-13,0,0.03496232014829822,0.0016221614436595637,0.04639741975872622,True,7.383731061780865
resolution,N96,96,fine0,2.365,10.644038817510012,cpp,96,4.0,2,0,0.0001,0.014794707098704332,0.006240824241393747,6,8,0.001698275892246952,0.9975251958401642,0.9998420045353524,1.800420041438888,0.102512201005204,0.05693793595147757,0.007648567561585526,2.220446049250313e-12,3444608602.0274634,True,1.7002437179811508e-05,2.60933569317393e-13,0,0.035138364084473954,0.001591548491735895,0.04529375607554616,True,7.365633079993094
resolution,N96,96,fine0,2.3675,10.670682204911275,cpp,96,4.0,2,0,0.0001,0.014642384829233772,0.0062398203718808075,6,8,0.25087574865958673,0.9976340202579552,0.9998124020554247,1.800420041438888,0.10064636332877647,0.05590160129985019,0.007497153137827016,2.220446049250313e-12,3376417607.7857294,True,1.7080064531179773e-05,2.2277711875311903e-14,0,0.035312162391371686,0.0015613957994416027,0.044216940954687055,True,7.347522445486011
resolution,N96,96,fine0,2.37,10.697392284111054,cpp,96,4.0,2,0,0.0001,0.014494012144338635,0.006236528749901401,6,8,0.08205663970292681,0.9952075625190495,0.9997746925434838,1.800420041438888,0.0988189622755611,0.05488661534593083,0.007349243876193694,2.220446049250313e-12,3309805198.228082,True,1.712915077051413e-05,3.4953673801317376e-13,0,0.03548373341921609,0.0015317046547603274,0.04316638941749118,True,7.329402949376272
resolution,N96,96,fine0,2.3725,10.724169222047431,cpp,96,4.0,2,0,0.0001,0.01434944580266108,0.006230503382172646,6,8,0.1725825336472642,0.9917139554983861,0.999725882449289,1.800420041438888,0.09702913711233264,0.05389250001615588,0.007204747066865566,2.220446049250313e-12,3244729620.5634437,True,1.7185658957163743e-05,2.531578615216934e-13,0,0.0356530960822956,0.0015024756558552968,0.042141519838480086,True,7.311278482193426
resolution,N96,96,fine0,2.375,10.751013186076355,cpp,96,4.0,2,0,0.0001,0.014208548702146355,0.0062211682866371455,6,8,0.021773490065313216,0.9687055026118676,0.9996615240784387,1.800420041438888,0.09527604676844817,0.052918788158070024,0.0070635726827699965,2.220446049250313e-12,3181150330.2027373,True,1.724426842262261e-05,-1.9038538982761488e-13,0,0.03582026980432888,0.001473708765398846,0.0411417550300179,True,7.293152995217529
resolution,N96,96,fine0,2.3775,10.777924343972689,cpp,96,4.0,2,0,0.0001,0.014071189632244524,0.006174290693899033,15,8,0.005665958358338958,0.9841948751712375,0.9996331675255458,1.800420041438888,0.09355886938794576,0.0519650232915503,0.006925633300303441,2.220446049250313e-12,3119027955.055127,True,1.7298001657315594e-05,3.878432192464291e-09,0,0.03598527446705678,0.0014454033613852594,0.040166523190158634,True,7.275030488316481
resolution,N96,96,fine0,2.38,10.804902863931257,cpp,96,4.0,2,0,0.0001,0.013937243034807128,0.005581159817252344,15,8,0.0759564467595186,0.9960786363168416,0.999519987761718,1.800420041438888,0.09187680190407428,0.05103075937248884,0.006790844022455115,2.220446049250313e-12,3058324260.9060016,True,1.7345535999253934e-05,4.2518152246252177e-13,0,0.03614813036189185,0.001417558284640167,0.03921525872703469,True,7.256914955226232
resolution,N96,96,fine0,2.3825,10.831948914567898,cpp,96,4.0,2,0,0.0001,0.013806588769207906,0.004930225412562712,15,8,0.004136767762887995,0.9957437344981015,0.999318816273764,1.800420041438888,0.09022905961587134,0.050115560557613355,0.006659122403664908,2.220446049250313e-12,2999002117.57598,True,1.7396384003617777e-05,2.8866043263369237e-13,0,0.03630885814447401,0.0013901718832260552,0.03828740297187316,True,7.238810411308582
resolution,N96,96,fine0,2.385,10.859062664920515,cpp,96,4.0,2,0,0.0001,0.013679111887201159,0.004190691463917434,15,8,0.04092167118983828,0.9982968132874687,0.9989092378113503,1.800420041438888,0.08861487578429679,0.04921900098016914,0.0065303883767947055,2.220446049250313e-12,2941025466.0317254,True,1.7427911088005703e-05,5.535377254142171e-13,0,0.03646747879198151,0.0013632420539334874,0.03738240479166983,True,7.220720845371526
resolution,N96,96,fine0,2.3875,10.88624428445014,cpp,96,4.0,2,0,0.0001,0.013554702413896376,0.0032963834462858546,15,8,0.23249262564822198,0.996297608076705,0.9978746619521456,1.800420041438888,0.08703350124400631,0.04834066453428807,0.006404564182001774,2.220446049250313e-12,2884359286.353361,True,1.748305825320947e-05,4.531927654838634e-13,0,0.036624013563055995,0.001336766281035405,0.036499721111501855,True,7.20265018266515
resolution,N96,96,fine0,2.39,10.913493943041976,cpp,96,4.0,2,0,0.0001,0.01343325513331471,0.0020357727448845966,15,8,0.004257170268645818,0.9958572840130782,0.9937716674494943,1.800420041438888,0.08548420400545367,0.04748014465398589,0.006281574297398245,2.220446049250313e-12,2828969566.506282,True,1.7518469672752913e-05,7.974434240037254e-14,0,0.036778483960202925,0.0013107416724738481,0.03563881735560848,True,7.184602361311196
resolution,N96,96,fine0,2.3925,10.94081181100648,cpp,96,4.0,2,0,0.0001,0.013314669385332002,0.001656242848492406,15,7,0.012264250955994696,0.9931370724430711,0.9564590449641686,1.800420041438888,0.08396626889508749,0.046637044113318135,0.006161345371906426,2.220446049250313e-12,2774823272.101871,True,1.7544943168306107e-05,9.016550878559874e-13,0,0.03693091169454284,0.0012851649936342783,0.03479916781540443,True,7.166581190783729
resolution,N96,96,fine0,2.395,10.96819805908042,cpp,96,4.0,2,0,0.0001,0.013198848864374658,0.003182798453811377,15,7,0.09285213533429557,0.982337355585795,0.9753276942791411,1.800420041438888,0.08247899717776427,0.045810974816658565,0.006043806159844047,2.220446049250313e-12,2721888316.937316,True,1.7587093451636386e-05,4.572374500914033e-09,0,0.037081318652782184,0.0012600326988590344,0.033980255951995254,True,7.1485904628639325
resolution,N96,96,fine0,2.3975,10.995652858427931,cpp,96,4.0,2,0,0.0001,0.013085701427855334,0.004426412752332919,15,7,0.08212226597621773,0.9921933988003078,0.9643120433133896,1.800420041438888,0.08102170620143856,0.04500155760135083,0.005928887457233859,2.220446049250313e-12,2670133534.3120017,True,1.7620723092667653e-05,5.808350204461915e-09,0,0.03722972686629161,0.0012353409608391694,0.033181574639959736,True,7.130633879171388
resolution,N96,96,fine0,2.4,11.023176380641601,cpp,96,4.0,2,0,0.0001,0.01297513891080991,0.005324766702329764,15,9,0.09240588913870243,0.9907334343211829,0.9298212207157758,1.800420041438888,0.07959372904909318,0.04420842204438149,0.005816522040218085,2.220446049250313e-12,2619528649.2918444,True,1.76572378312033e-05,6.866338188464366e-09,0,0.0373761584821749,0.0012110856980139582,0.032402626358499054,True,7.112715044663864
resolution,N96,96,fine0,2.4025,11.050768797743533,cpp,96,4.0,2,0,0.0001,0.012867076945785844,0.00566455753184697,15,9,0.12390398984317852,0.9875522052218795,0.9877567443268498,1.800420041438888,0.07819441419160138,0.043431206269570706,0.005706644605004078,2.220446049250313e-12,2570044251.663222,True,1.7671526499621387e-05,3.7879973324581517e-13,0,0.03752063573622277,0.0011872626001060826,0.03164292333564829,True,7.094837492624979
resolution,N96,96,fine0,2.405,11.078430282186423,cpp,96,4.0,2,0,0.0001,0.01276143479060789,0.005946516069532957,15,9,0.01212246126149885,0.9939149439851437,0.9939149439812673,1.800420041438888,0.07682312515395454,0.04266955676218635,0.005599191709744561,2.220446049250313e-12,2521651769.7581573,True,1.7699166974361903e-05,6.457869228476462e-14,0,0.03766318092764851,0.0011638671519044893,0.030901987650493304,True,7.07700464807701
resolution,N96,96,fine0,2.4075,11.106161006854643,cpp,96,4.0,2,0,0.0001,0.01265813516150547,0.0061028264481177005,4,9,0.20585779096941428,0.9956249620062457,0.9857620135114223,1.800420041438888,0.07547924018222263,0.041923128183965305,0.005494101718005927,2.220446049250313e-12,2474323444.9947095,True,1.773254190119484e-05,1.3663427790718777e-12,0,0.037803816395507644,0.0011408946554084915,0.030179351298089255,True,7.0592198533918555
resolution,N96,96,fine0,2.41,11.133961145065307,cpp,96,4.0,2,0,0.0001,0.012557104072918376,0.005975573507613503,4,9,0.03429184287537793,0.9970416513855319,0.941481774351663,1.800420041438888,0.0741621519202292,0.041191583193530286,0.00539131474398491,2.220446049250313e-12,2428032307.20475,True,1.7751126143831315e-05,-9.89878294485819e-14,0,0.03794256449671097,0.0011183402504323003,0.029474556221133735,True,7.041486348707582
resolution,N96,96,fine1,2.46,11.704811539980854,cpp,96,4.0,2,0,0.0001,0.010922392083578885,0.003247991219057926,6,7,1.0,1.0,1.0,1.800420041438888,0.052627125227799616,0.02923047067713168,0.003740429355469029,2.220446049250313e-12,1684539625.1495984,True,1.794061682442985e-05,1.7241082176774262e-13,0,0.04035506287519383,0.0007467894152061768,0.01850547024336881,True,
resolution,N96,96,fine1,2.4625,11.734110176867208,cpp,96,4.0,2,0,0.0001,0.010856360797233256,0.0030897584093554373,7,7,0.020512588094743822,0.9855468364380212,0.9592168196255778,1.800420041438888,0.05175483061849276,0.02874597562085041,0.003674770496188595,2.220446049250313e-12,1654969503.7307048,True,1.7948393026447465e-05,3.6553921368928273e-09,0,0.04045920557647015,0.0007317611334972815,0.018086394012710217,True,6.685560995758385
resolution,N96,96,fine1,2.465,11.763482151980366,cpp,96,4.0,2,0,0.0001,0.010791553271900263,0.0029270246277211904,9,7,0.13571095395660893,0.994839878337733,0.5895753990541284,1.800420041438888,0.05089902942086654,0.02827064143331145,0.0036104478627967036,2.220446049250313e-12,1626001164.953184,True,1.7948425279752195e-05,1.1728300076012724e-12,0,0.04056192800734923,0.0007170304479749129,0.017677425191549016,True,6.669567220646643
resolution,N96,96,fine1,2.4675,11.792927648895265,cpp,96,4.0,2,0,0.0001,0.010727939928772042,0.0027591302027072553,6,7,0.062347554507319894,0.9970369396604761,0.4581207582331482,1.800420041438888,0.05005936875163153,0.027804272113980854,0.003547429997348649,2.220446049250313e-12,1597620441.4182296,True,1.7935140034212182e-05,9.092040846595374e-13,0,0.04066324945864797,0.00070259204626366,0.017278305487566925,True,6.65367157351601
resolution,N96,96,fine1,2.47,11.822446851646363,cpp,96,4.0,2,0,0.0001,0.010665492206345774,0.00258531743084334,4,7,0.21769435656766026,0.9958204874675106,0.8674257898113952,1.800420041438888,0.04923550395956714,0.027346676234629302,0.0034856862823851773,2.220446049250313e-12,1569813544.2480333,True,1.794210582664637e-05,6.318971503111041e-13,0,0.04076318901415407,0.0006884406695688539,0.016888783390568606,True,6.637875056842261
resolution,N96,96,fine1,2.4725,11.852039944728764,cpp,96,4.0,2,0,0.0001,0.010604182512828757,0.002404742808548796,6,7,0.1778731757391745,0.9897445362378432,0.7445472432823866,1.800420041438888,0.04842709843243685,0.02689766683208776,0.003425186916156613,2.220446049250313e-12,1542567051.927722,True,1.7931371158108274e-05,5.455145964094186e-13,0,0.040861765548747014,0.0006745711151062306,0.0165086140074267,True,6.622178573307928
resolution,N96,96,fine1,2.475,11.8817071130994,cpp,96,4.0,2,0,0.0001,0.010543984182014526,0.002216538320123892,8,7,0.06524018651925138,0.9961531435938911,0.19540537201926128,1.800420041438888,0.04763382339914926,0.026457061298362637,0.0033659028886580595,2.220446049250313e-12,1515867899.5125713,True,1.794197332452084e-05,3.506504521915795e-09,0,0.04095899772683946,0.0006609782382679804,0.01613755889917338,True,6.6065830010983255
resolution,N96,96,fine1,2.4775,11.91144854217817,cpp,96,4.0,2,0,0.0001,0.01048487143068885,0.0020199961083839117,8,7,0.01770184470922938,0.99933826529937,0.6422882893466646,1.800420041438888,0.04685535774530067,0.02602468127818332,0.0033078059582077753,2.220446049250313e-12,1489703368.0798442,True,1.7917383641393523e-05,4.944838531760035e-13,0,0.04105490400111665,0.0006476569545404495,0.01577538592034788,True,6.591089122551986
resolution,N96,96,fine1,2.48,11.941264417849103,cpp,96,4.0,2,0,0.0001,0.010426819318891174,0.0018150451736750105,4,7,0.04552190793431525,0.9988117868113668,0.8210497415295269,1.800420041438888,0.046091387827615814,0.025600352565937765,0.0032508686290412523,2.220446049250313e-12,1464061074.638062,True,1.7941020974061924e-05,2.10632675627932e-09,0,0.041149502611555824,0.0006346022411939745,0.015421869060836766,True,6.575697669092216
resolution,N96,96,fine1,2.4825,11.97115492646152,cpp,96,4.0,2,0,0.0001,0.010369803711974488,0.0016033420559292905,4,7,0.044576732968304826,0.9982660847279612,0.9019457610003997,1.800420041438888,0.0453416072942776,0.025183905005878953,0.003195064129361407,2.220446049250313e-12,1438928962.241687,True,1.792429925972981e-05,3.901529457482299e-09,0,0.041242811584704865,0.0006218091387590715,0.015076788290293793,True,6.560409309059368
resolution,N96,96,fine1,2.485,12.001120254831195,cpp,96,4.0,2,0,0.0001,0.010313801244724106,0.0013902683208182806,8,7,0.07330507995246359,0.9994166557791667,0.40112544283934265,1.800420041438888,0.0446057169090681,0.024775172394448243,0.0031403663902467727,2.220446049250313e-12,1414295290.4922194,True,1.791500282035642e-05,1.7142456748678097e-09,0,0.041334848733204775,0.0006092727523028751,0.014739929405219742,True,6.545224651829817
resolution,N96,96,fine1,2.4875,12.031160590241528,cpp,96,4.0,2,0,0.0001,0.01025878928740066,0.0011867994539160307,4,7,0.0038496717177071327,0.9874294715826266,0.557940214932979,1.800420041438888,0.043883424378359674,0.024373992384181763,0.003086750025154281,2.220446049250313e-12,1390148626.307069,True,1.7909135247747786e-05,1.9118896580244986e-13,0,0.04142563165553615,0.0005969882525245241,0.014411083878904286,True,6.530144260314497
resolution,N96,96,fine1,2.49,12.06127612044472,cpp,96,4.0,2,0,0.0001,0.010204745913987267,0.0013354544763804872,6,7,0.10757271943297361,0.994583957580677,0.616230833440697,1.800420041438888,0.0431744441855016,0.023980206391724438,0.0030341903101277815,2.220446049250313e-12,1366477835.0062647,True,1.7905653702889144e-05,4.804488433202419e-09,0,0.04151517773597783,0.0005849508766776092,0.014090048714176162,True,6.515168621897834
resolution,N96,96,fine1,2.4925,12.091467033662921,cpp,96,4.0,2,0,0.0001,0.010151649870901152,0.0015205667152056333,8,7,0.06598563526920309,0.9985479461685971,0.8230357242226184,1.800420041438888,0.042478497424648626,0.023593659505534048,0.0029826631644522864,2.220446049250313e-12,1343272071.5999022,True,1.7904118800030265e-05,4.0182312965835514e-09,0,0.041603504144760155,0.000573155929334122,0.013776626299068834,True,6.5002981899849805
resolution,N96,96,fine1,2.495,12.121733518589444,cpp,96,4.0,2,0,0.0001,0.010099480549271558,0.001707328411720334,9,7,0.008542941027750644,0.9921920984496948,0.6787203291500225,1.800420041438888,0.04179531164054207,0.023214200396891517,0.002932145132234982,2.220446049250313e-12,1320520772.4929678,True,1.789154831806477e-05,1.2044220414980872e-13,0,0.04169062783839912,0.0005615987830042118,0.013470624265508222,True,6.485533367204355
resolution,N96,96,fine1,2.4975,12.152075764389917,cpp,96,4.0,2,0,0.0001,0.010048217956404041,0.0018873500191315484,7,7,0.010920858348872435,0.9970778616759252,0.465303667922978,1.800420041438888,0.04112462067395314,0.02284168123405609,0.002882613364188157,2.220446049250313e-12,1298213647.2810996,True,1.787468146843566e-05,3.4463275052956633e-13,0,0.041776565560200304,0.0005502748786170445,0.013171855350916646,True,6.4708744885046015
resolution,N96,96,fine1,2.5,12.182493960703473,cpp,96,4.0,2,0,0.0001,0.009997842691004634,0.0020572349686535413,9,7,0.022399196697747148,0.9959765477112754,0.10290741725505292,1.800420041438888,0.04046616450532903,0.022475957595422365,0.0028340456002715186,2.220446049250313e-12,1276340670.9333804,True,1.7867415323066964e-05,-2.196885484774091e-13,0,0.04186133384091752,0.0005391797258784489,0.012880137262884483,True,6.456321875119141
resolution,N96,96,fine1,2.5025,12.21298829764394,cpp,96,4.0,2,0,0.0001,0.009948335917766095,0.0022163296689372363,5,7,0.17264803888257224,0.9995848063082762,0.589584797549744,1.800420041438888,0.03981968910855749,0.022116888388297302,0.0027864201527321233,2.220446049250313e-12,1254892076.1542032,True,1.7866773737294133e-05,3.854458633902355e-09,0,0.04194494899955713,0.0005283089035112868,0.012595292546830011,True,6.441875774166278
resolution,N96,96,fine1,2.505,12.243558965801025,cpp,96,4.0,2,0,0.0001,0.009899679344878995,0.0023651328242351465,4,7,0.05141304542618219,0.9921709774623724,0.8316784404101691,1.800420041438888,0.03918494630491482,0.021764335767779155,0.0027397158897249896,2.220446049250313e-12,1233858346.006649,True,1.7845856253436687e-05,-1.7521563680021574e-13,0,0.042027427144314136,0.0005176580593890635,0.012317148456685793,True,6.427536391665034
resolution,N96,96,fine1,2.5075,12.274206156241501,cpp,96,4.0,2,0,0.0001,0.00985185520125474,0.00250452312828628,4,7,0.2034621607136958,0.998087039561256,0.849955717416881,1.800420041438888,0.038561693618430856,0.021418165056423452,0.002693912219457953,2.220446049250313e-12,1213230206.7719662,True,1.7843112289929967e-05,7.452021218102358e-13,0,0.0421087841736331,0.0005072229105710418,0.012045536828599419,True,6.41330391573508
resolution,N96,96,fine1,2.51,12.30493006051041,cpp,96,4.0,2,0,0.0001,0.00980484621600058,0.0023605822533724046,11,7,0.047608684185799895,0.9928999446231848,0.9997913542313906,1.800420041438888,0.03794969414046394,0.021078244669024405,0.002648989074708736,2.220446049250313e-12,1192998620.976678,True,1.783027993638865e-05,2.695887450959494e-13,0,0.04218903577738218,0.0004969992432457072,0.01178029395761047,True,6.399178459311635
image_shell,S1,1,coarse,2.31,10.074424655013587,cpp,64,4.0,1,0,0.0001,0.019512380940122715,0.004895036862220622,6,8,1.0,1.0,1.0,1.3053428127008952,0.1263208925082143,0.09677219752475806,0.011937158900908733,2.220446049250313e-12,5376018437.799497,True,1.4026028848643358e-05,2.1323980141161713e-13,0,0.03066999602688609,0.0023522380785512007,0.0766950891186673,False,
image_shell,S1,1,coarse,2.335,10.329459929369532,cpp,64,4.0,1,0,0.0001,0.01736927032619549,0.004884089541605647,6,8,0.024640792844375398,0.9630109948493937,0.9867291460857542,1.3053428127008952,0.10405611003542437,0.07971554217249723,0.009642358423617298,2.220446049250313e-12,4342532180.357562,True,1.5671376976982938e-05,1.0804132866451308e-13,0,0.0327790633167845,0.0019830661314473867,0.060497949934767016,False,7.755806486101526
image_shell,S1,1,coarse,2.36,10.59095145243378,cpp,64,4.0,1,0,0.0001,0.01565035952238938,0.0021192632715576246,18,8,8.794998969294471e-27,0.913023855871262,0.9111779574900365,1.3053428127008952,0.08612071086126381,0.06597555065482819,0.007846567209792389,2.220446049250313e-12,3533779716.2158556,True,1.664162508489182e-05,4.180686753477657e-14,0,0.0346542049398901,0.0016489971527831686,0.04758433083787258,True,7.5672138580521215
image_shell,S1,1,coarse,2.385,10.859062664920515,cpp,64,4.0,1,0,0.0001,0.014252585077473005,0.006966962654969543,18,9,0.20978521035620823,0.9398416680710282,0.21371423598663636,1.3053428127008952,0.07161447098069175,0.05486257731217264,0.0064303391713855405,2.220446049250313e-12,2895967309.6117826,True,1.7225620377377598e-05,4.1083332075935244e-13,0,0.03630595918474245,0.0013597078454240553,0.037451368203913794,True,7.378110582353138
image_shell,S1,1,coarse,2.41,11.133961145065307,cpp,64,4.0,1,0,0.0001,0.013106405179729184,0.007072829210341832,10,7,0.24879701313454586,0.9795736044318728,0.697596004663514,1.3053428127008952,0.059831561677158474,0.04583589927105854,0.00530455107890146,2.220446049250313e-12,2388957426.230838,True,1.7540578217105514e-05,-1.0873127527535301e-14,0,0.03775297355501675,0.0011154308588781966,0.029545510031221744,True,7.190554129797284
image_shell,S1,1,coarse,2.435,11.41581871336694,cpp,64,4.0,1,0,0.0001,0.012161134065748284,0.006089885829156081,10,7,0.1068367264953283,0.9819609470988286,0.6821012366276579,1.3053428127008952,0.05021624300188801,0.038469774003646734,0.004402646908065696,2.220446049250313e-12,1982775897.4608536,True,1.7691465830551766e-05,7.146023867993711e-14,0,0.039016729882145884,0.0009122647001743556,0.02338137262989355,True,7.0077907533244215
image_shell,S1,1,coarse,2.46,11.704811539980854,cpp,64,4.0,1,0,0.0001,0.0113780780247856,0.005121691568461531,11,7,0.03782295701281406,0.9795996338822891,0.6177499772246109,1.3053428127008952,0.04233121055753945,0.03242919035954364,0.003674693247965937,2.220446049250313e-12,1654934714.2240272,True,1.7744644186873303e-05,-3.976992994535113e-13,0,0.04011874093994239,0.0007448581518280388,0.018566339181558283,True,6.832555516524304
image_shell,S1,1,coarse,2.485,12.001120254831195,cpp,64,4.0,1,0,0.0001,0.010726902673227097,0.00414706069690399,127,7,0.07787060844258796,0.9923347088684913,0.8304134583939681,1.3053428127008952,0.035832551435069825,0.027450682752776956,0.0030829805768375035,2.220446049250313e-12,1388451017.7035856,True,1.7699667715412588e-05,1.144360828326922e-13,0,0.041079175846027244,0.0006077069040048155,0.014793551513365784,True,6.666716559129584
image_shell,S1,1,coarse,2.51,12.30493006051041,cpp,64,4.0,1,0,0.0001,0.010183466687527693,0.0031165370065206833,127,7,0.05436978545789753,0.988470833299599,0.8481211561356667,1.3053428127008952,0.030449600305611325,0.02332689927070408,0.002598816003904774,2.220446049250313e-12,1170402678.679002,True,1.762621488106346e-05,2.3798407701451204e-13,0,0.04191628078036804,0.0004957311612494716,0.01182669721693564,True,6.511354817105167
image_shell,S1,1,coarse,2.535,12.616430848036902,cpp,64,4.0,1,0,0.0001,0.009728389994465415,0.0012436957347640761,15,7,0.09831264255767459,0.9936863235482378,0.9815780318948154,1.3053428127008952,0.025968888086415984,0.01989430503139903,0.0022001947987876263,2.220446049250313e-12,990879647.5962456,True,1.7497826557753183e-05,4.0544915498309754e-13,0,0.04264622537903078,0.0004044893072390573,0.009484762218556049,True,6.366946334742163
image_shell,S1,1,coarse,2.56,12.935817315543076,cpp,64,4.0,1,0,0.0001,0.009346031213494293,0.0013944889626198922,4,6,0.0223870661330802,0.9965845379885598,0.6645689841985702,1.3053428127008952,0.02222151083830104,0.017023505719790447,0.0018701076514061876,2.220446049250313e-12,842221612.201562,True,1.736752651336652e-05,7.837575769322532e-13,0,0.04328316507870502,0.00033021410910650227,0.007629158091975234,True,6.233537321029531
image_shell,S1,1,coarse,2.585,13.263289089968042,cpp,64,4.0,1,0,0.0001,0.009023718993386066,0.0024745469686769475,4,6,0.1508884177762576,0.995983889381583,0.9934749300439404,1.3053428127008952,0.019073285345624004,0.014611705951909535,0.0015953045705684513,2.220446049250313e-12,718461306.9554527,True,1.7214623449359377e-05,1.3135499827261559e-12,0,0.04383940316559577,0.00026976826650337306,0.006153557006339024,True,6.110883737218698
image_shell,S1,1,coarse,2.61,13.599050851830924,cpp,64,4.0,1,0,0.0001,0.008751156371829352,0.0031182328194072416,4,6,0.0019424303037427306,0.9887728271955112,0.9114545277584742,1.3053428127008952,0.016417122054849263,0.01257686631826659,0.001365386624560013,2.220446049250313e-12,614915469.3585134,True,1.7066183822897044e-05,3.581319179980899e-13,0,0.04432558973747471,0.00022056865565310595,0.004976101997953294,True,5.998554601822166
image_shell,S1,1,coarse,2.635,13.94331246316286,cpp,64,4.0,1,0,0.0001,0.008519951549735384,0.0035729001549620635,4,6,0.0446857525268666,0.9974971754465578,0.725443416935684,1.3053428127008952,0.0141671325949104,0.010853189259606886,0.0011721338236989336,2.220446049250313e-12,527882145.1638872,True,1.6908663577815534e-05,3.5169849439358847e-13,0,0.04475092489343851,0.0001805036242731963,0.004033517177645243,True,5.896005686920522
image_shell,S1,1,coarse,2.66,14.296289098677603,cpp,64,4.0,1,0,0.0001,0.008323245200885683,0.003916878572201483,4,6,0.28093533070508786,0.9995327385381285,0.48123778533862294,1.3053428127008952,0.012254079478759256,0.009387633163892205,0.0010090040128174409,2.220446049250313e-12,454415009.6139962,True,1.6755019953766478e-05,4.958053235582882e-13,0,0.04512335018667699,0.00014785463382867894,0.00327667678080193,True,5.80263102189501
image_shell,S1,1,coarse,2.685,14.658201380262703,cpp,64,4.0,1,0,0.0001,0.008155413317119213,0.004187077989036772,4,6,0.024101799237991405,0.9941444440116892,0.8816839867074999,1.3053428127008952,0.010621857875577252,0.008137217114329898,0.0008707564220462698,2.220446049250313e-12,392153829.7858047,True,1.6609198378664783e-05,-3.699164843170899e-13,0,0.045449721502616766,0.00012122682602753943,0.0026672732421596864,True,5.717798340402178
image_shell,S1,1,coarse,2.71,15.029275514875401,cpp,64,4.0,1,0,0.0001,0.00801182984854691,0.0044045040171529215,4,6,0.32176821273769524,0.9995792487261821,0.9700754885521726,1.3053428127008952,0.009224768671016844,0.0070669318291413435,0.0007531667409892498,2.220446049250313e-12,339196145.4067036,True,1.6461645834189022e-05,9.916942009875925e-13,0,0.04573596137671173,9.948973160060555e-05,0.002175306446083905,True,5.640873136674353
image_shell,S1,1,coarse,2.735,15.409743435929318,cpp,64,4.0,1,0,0.0001,0.007888676894837961,0.004582461562813975,4,6,0.3916648869857602,0.999758017520558,0.8718256185808401,1.3053428127008952,0.008025397870801886,0.006148115110234124,0.0006528098880248483,2.220446049250313e-12,293999436.8452482,True,1.632581610879853e-05,2.6734950152212705e-12,0,0.04598719123098321,8.172775082618471e-05,0.0017771850952080287,True,5.571234663857185
image_shell,S1,1,coarse,2.76,15.799842948260395,cpp,64,4.0,1,0,0.0001,0.007782792752751671,0.004729976521127746,4,6,0.03517761046627309,0.9979517099487961,0.7593130942975167,1.3053428127008952,0.006992961125835075,0.0053571836132194905,0.000566893222997099,2.220446049250313e-12,255306010.78485948,True,1.6202898729853767e-05,1.7421490572245148e-12,0,0.046207845156182974,6.719936658184079e-05,0.0014542847941665807,True,5.508286280322956
image_shell,S1,1,coarse,2.785,16.19981787676266,cpp,64,4.0,1,0,0.0001,0.0076915500986530685,0.004853471053383867,4,6,0.060228295092572284,0.9989473553638473,0.9952674843282996,1.3053428127008952,0.00610200584790879,0.004674638561255094,0.0004931276230820016,2.220446049250313e-12,222084937.95582005,True,1.6077687599452516e-05,1.971956112953179e-12,0,0.04640176730152829,5.53038476802554e-05,0.0011918478733984321,True,5.451461801670343
image_shell,S1,1,coarse,2.81,16.6099182187867,cpp,64,4.0,1,0,0.0001,0.007612758151023144,0.004957678039481734,4,6,0.14735702562286912,0.9870713961876387,0.8586990197512737,1.3053428127008952,0.005331389070315162,0.004084282702169205,0.0004296271807816372,2.220446049250313e-12,193486881.1276418,True,1.5960392066989117e-05,1.5711691146620417e-12,0,0.046572294996098294,4.5554221536788756e-05,0.0009781399336366216,True,5.4002290744746375
image_shell,S1,1,coarse,2.835,17.03040030039619,cpp,64,4.0,1,0,0.0001,0.007544583918167018,0.0050461809222078985,4,6,0.04848271588911462,0.9905459312387949,0.9377087715431243,1.3053428127008952,0.004663468703413861,0.0035726007436809953,0.00037483068668130566,2.220446049250313e-12,168808734.08649552,True,1.5859157765439146e-05,1.7749061997633544e-12,0,0.04672232960460764,3.75554141802458e-05,0.0008038001208001019,True,5.354091583777274
image_shell,S1,1,coarse,2.86,17.46152693657999,cpp,64,4.0,1,0,0.0001,0.007485488644315303,0.00512175174991707,4,6,0.43297783025844155,0.9903046359466678,0.9697657273648201,1.3053428127008952,0.0040834605789385236,0.0031282667964359512,0.00032743980156137815,2.220446049250313e-12,147465776.8298092,True,1.576019701486356e-05,3.6554416059446067e-13,0,0.046854396919467196,3.098660736601406e-05,0.0006613383034098911,True,5.312588726838267
image_shell,S1,1,coarse,2.885,17.90356759552007,cpp,64,4.0,1,0,0.0001,0.007434176374934288,0.0051865727818890955,4,6,0.2646174942244773,0.9971712171306009,0.9972166604659735,1.3053428127008952,0.003578924838754046,0.0027417509055332858,0.00028637009448638214,2.220446049250313e-12,128969625.08189243,True,1.5668806529308376e-05,7.981388807739911e-13,0,0.04697069866655503,2.5587015296553216e-05,0.000544744192080161,True,5.2752951636114505
image_shell,S1,1,coarse,2.91,18.356798567017925,cpp,64,4.0,1,0,0.0001,0.007389552202522742,0.005242387184159487,4,6,0.044885468345764123,0.9952373979561273,0.9778510434135503,1.3053428127008952,0.003139353672746122,0.002405003223827816,0.00025071205887012367,2.220446049250313e-12,112910673.49047787,True,1.5587154162208842e-05,9.872374935134172e-13,0,0.04707315648250908,2.1144422921985857e-05,0.0004491821773167573,True,5.241819556320426
image_shell,S1,1,coarse,2.935,18.821503135184646,cpp,64,4.0,1,0,0.0001,0.007350688262680087,0.00529060462633399,4,6,0.4972479944177032,0.9955486108758407,0.9970536763950412,1.3053428127008952,0.002755838821110312,0.002111199291325,0.00021969991093581065,2.220446049250313e-12,98944043.7023848,True,1.551452019508556e-05,-6.99795990259916e-13,0,0.047163449520001934,1.748594880652193e-05,0.00037075211810167044,True,5.211802939715049
image_shell,S1,1,coarse,2.96,19.297971755502758,cpp,64,4.0,1,0,0.0001,0.007316795950786518,0.005332377152025639,4,6,0.44027312726665035,0.994377355193349,0.9932541887984696,1.3053428127008952,0.0024208021386113083,0.0018545336252339777,0.00019268649135226895,2.220446049250313e-12,86778281.06534067,True,1.5443964341607732e-05,2.125827604955308e-12,0,0.04724304665949545,1.4470597444939768e-05,0.0003063011060492497,True,5.184916842069846
image_shell,S1,1,coarse,2.985,19.786502236370332,cpp,64,4.0,1,0,0.0001,0.0072872031453361024,0.005368654863394361,4,6,0.7514285219443416,0.996764218713968,0.996764218713968,1.3053428127008952,0.0021277762373447485,0.0016300516742740934,0.00016912297822945549,2.220446049250313e-12,76166218.17339642,True,1.5380834039920524e-05,2.2155886058301106e-12,0,0.04731323415215645,1.1983250113772889e-05,0.00025327480415385456,True,5.1608613262532925
image_shell,S1,1,coarse,3.01,20.287399925240926,cpp,64,4.0,1,0,0.0001,0.007261335473482953,0.005387275632107661,22,6,0.49532836379813433,0.994805921286826,0.9391741300457646,1.3053428127008952,0.0018712250814407012,0.0014335123794560407,0.0001485424121677754,2.220446049250313e-12,66897555.20875079,True,1.5323614410197336e-05,3.497481047884168e-12,0,0.04737513938752385,9.929812081663899e-06,0.00020959963833433904,True,5.139362967807622
image_shell,S1,1,coarse,3.035,20.800977899475697,cpp,64,4.0,1,0,0.0001,0.007238700849480092,0.00535659133063552,22,6,0.3780807170331571,0.9966973738197207,0.8825270054712196,1.3053428127008952,0.0016463965951404767,0.0012612752597410824,0.00013054625609016897,2.220446049250313e-12,58792807.02822983,True,1.5270552610824147e-05,5.957916952667954e-14,0,0.04742975136881745,8.233289668183424e-06,0.00017358913826388676,True,5.120172883981314
image_shell,S1,1,coarse,3.06,21.327557162026903,cpp,64,4.0,1,0,0.0001,0.00721887667205025,0.005329594219709344,22,6,0.47287297283538426,0.9954955618063157,0.47904920678596524,1.3053428127008952,0.0014492010402357297,0.0011102072391521245,0.00011479338261081683,2.220446049250313e-12,51698343.51506735,True,1.5226353500998284e-05,5.513990009978388e-13,0,0.047477938385818326,6.830615483611294e-06,0.00014386925203246822,True,5.103064807745559
image_shell,S1,1,coarse,3.085,21.867466842075256,cpp,64,4.0,1,0,0.0001,0.007201499188371268,0.0053058317095680384,22,6,0.5404867547584857,0.9951889489715958,0.9774587368416754,1.3053428127008952,0.0012761102275675989,0.0009776054344890358,0.00010099101175011402,2.220446049250313e-12,45482308.28855829,True,1.5182953081912138e-05,7.0672277469493566e-12,0,0.04752046329746898,5.670076181315528e-06,0.00011931862166035587,True,5.087833256233362
image_shell,S1,1,coarse,3.11,22.421044400746343,cpp,64,4.0,1,0,0.0001,0.00718625462951846,0.005284908647557926,22,6,0.5609353737741232,0.9947652842913532,0.8973265160011556,1.3053428127008952,0.001124073646912937,0.0008611329039205473,8.888722261316995e-05,2.220446049250313e-12,40031246.26386705,True,1.5145137115519105e-05,3.8306598324421796e-12,0,0.04755799677137128,4.709225897830522e-06,9.90206950992805e-05,True,5.07429179772491
image_shell,S1,1,coarse,3.135,22.988635842034803,cpp,64,4.0,1,0,0.0001,0.007172871798452631,0.005266479671797606,22,6,0.6322593074938276,0.9966886914705277,0.9879754008001818,1.3053428127008952,0.0009904483951226665,0.0007587649661726192,7.82647407622938e-05,2.220446049250313e-12,35247305.73333148,True,1.5112204677773718e-05,4.963314756494089e-12,0,0.047591128773136204,3.9131916362703795e-06,8.22252326672962e-05,True,5.06227142064013
image_shell,S1,1,coarse,3.16,23.570595929068126,cpp,64,4.0,1,0,0.0001,0.007161115853368484,0.005250242647613688,23,6,0.4514225556773481,0.9976228074013413,0.9175908236313334,1.3053428127008952,0.0008729404052907238,0.0006687441772361054,6.893576373371489e-05,2.220446049250313e-12,31045907.986365892,True,1.508427102317951e-05,4.0344142391555055e-12,0,0.04762037855327102,3.253295311659799e-06,6.83172921025915e-05,True,5.051619028719461
image_shell,S1,1,coarse,3.185,24.167288405845095,cpp,64,4.0,1,0,0.0001,0.007150783077339798,0.005235933022227417,22,6,0.6797849973927658,0.9961459737087817,0.9685954012618332,1.3053428127008952,0.0007695549713696993,0.000589542428151427,6.0737634960284416e-05,2.220446049250313e-12,27353799.01745021,True,1.5056207733474343e-05,-3.6450717097966394e-13,0,0.04764620334146985,2.7059319450795694e-06,5.67921839582212e-05,True,5.04219602931731
image_shell,S1,1,coarse,3.21,24.779086224587694,cpp,64,4.0,1,0,0.0001,0.007141696464804994,0.005223318959711768,22,6,0.4315694169774114,0.9955809497032589,0.9933023995167128,1.3053428127008952,0.0006785549492906554,0.000519828923627083,5.352921373949891e-05,2.220446049250313e-12,24107414.705064293,True,1.5034082976189832e-05,6.388996237785816e-13,0,0.04766900592653407,2.2516553142601038e-06,4.723520598961686e-05,True,5.033877043286366
image_shell,S1,1,coarse,3.235,25.406371778848346,cpp,64,4.0,1,0,0.0001,0.0071337019863172094,0.00521219714101819,23,6,0.41355362747995766,0.9974861640003266,0.9100285147796017,1.3053428127008952,0.0005984253237137895,0.00045844303725515816,4.7187818544702695e-05,2.220446049250313e-12,21251504.201434962,True,1.5011892212635122e-05,-1.89084837260956e-12,0,0.04768914127363306,1.8744318318432755e-06,3.9305212502948415e-05,True,5.026548704693616
image_shell,S1,1,coarse,3.26,26.049537142518336,cpp,64,4.0,1,0,0.0001,0.007126665418372469,0.005202389131818319,22,6,0.39029145495838846,0.9984669067080227,0.9994049629368376,1.3053428127008952,0.0005278430735143421,0.000404371225994019,4.1606644332061184e-05,2.220446049250313e-12,18737966.79100075,True,1.499428134966645e-05,8.059701168696996e-12,0,0.047706922308357165,1.5610310107798842e-06,3.272126842914005e-05,True,5.020108581102714
image_shell,S1,1,coarse,3.285,26.708984314886784,cpp,64,4.0,1,0,0.0001,0.00712046964550754,0.005193738236404159,23,6,0.5398523532460654,0.9988916892169053,0.9659172152304205,1.3053428127008952,0.0004656514657010119,0.00035672733719468584,3.6692573325773115e-05,2.220446049250313e-12,16524865.95572164,True,1.497813047780871e-05,-1.8123599911286787e-12,0,0.047722624978279095,1.3005269630978697e-06,2.72517901873546e-05,True,5.014464146789239
image_shell,S1,1,coarse,3.31,27.38512547190322,cpp,64,4.0,1,0,0.0001,0.0071150123582148965,0.00518610676833755,22,6,0.5811458577407911,0.9980912850431074,0.9780773856399373,1.3053428127008952,0.00041083806290086693,0.0003147357605246997,3.2364313495771427e-05,2.220446049250313e-12,14575591.01996581,True,1.4962148015636284e-05,-7.755038913613877e-12,0,0.04773649268694054,1.0838902692533061e-06,2.2705695543272084e-05,True,5.009531891742682
image_shell,S1,1,coarse,3.335,28.07838322380105,cpp,64,4.0,1,0,0.0001,0.007110204083554698,0.005179373679292312,23,6,0.4771818075323929,0.9977226962106294,0.9963646606254766,1.3053428127008952,0.0003625158572759414,0.000277716974995907,2.855081101169229e-05,2.220446049250313e-12,12858142.183338286,True,1.495065025652641e-05,-1.864064622405332e-12,0,0.0477487401818226,9.036534870489481e-07,1.8925179671922708e-05,True,5.005236470677059
image_shell,S1,1,coarse,3.36,28.789190879242675,cpp,64,4.0,1,0,0.0001,0.00710596649643625,0.005173432496269576,22,6,0.5934945100617075,0.9983055641771859,0.9963763175293417,1.3053428127008952,0.0003199070450108258,0.000245075118886895,2.5189892558383007e-05,2.220446049250313e-12,11344519.073943654,True,1.4940213021248205e-05,1.6422573282870888e-11,0,0.047759556966535374,7.536367371468821e-07,1.5779810052989973e-05,True,5.0015099317447635
image_shell,S1,1,coarse,3.385,29.517992716151486,cpp,64,4.0,1,0,0.0001,0.007102230968048458,0.005168189524705206,23,6,0.8374624807386937,0.9983317724317367,0.9837224085951765,1.3053428127008952,0.00028232903829938883,0.00021628727377386755,2.2227101125189886e-05,2.220446049250313e-12,10010196.43449315,True,1.4930420671479768e-05,-7.359494040450004e-13,0,0.04776911029783916,6.287223564862713e-07,1.3161692829659247e-05,True,4.998291040824398
image_shell,S1,1,coarse,3.41,30.265244259400085,cpp,64,4.0,1,0,0.0001,0.007098937315517367,0.005163562281403881,22,6,0.1944399150627992,0.9988755260335765,0.9825994140815225,1.3053428127008952,0.00024918237978932805,0.00019089420600075377,1.9614695175922865e-05,2.220446049250313e-12,8833673.388527207,True,1.4922704836865719e-05,9.274976164785946e-12,0,0.04777754781991447,5.246696707693699e-07,1.0981511080204056e-05,True,4.995524637009419
image_shell,S1,1,coarse,3.435,31.031412565528075,cpp,64,4.0,1,0,0.0001,0.007096032722591821,0.005159478126263403,22,6,0.41738172560342673,0.9990067970989174,0.9939749873845444,1.3053428127008952,0.00021994027910610562,0.00016849235079559324,1.73107862807588e-05,2.220446049250313e-12,7796085.064351562,True,1.4914996581989573e-05,3.327362904806077e-12,0,0.04778499988129539,4.379626061789421e-07,9.165273773504287e-06,True,4.99316105663259
image_shell,S1,1,coarse,3.46,31.81697651466769,cpp,64,4.0,1,0,0.0001,0.0070934708061670005,0.005155873066426336,23,6,0.8664324541991135,0.9993738637573621,0.9736477669342949,1.3053428127008952,0.00019413953647304157,0.00014872685901670988,1.527859438069578e-05,2.220446049250313e-12,6880867.1959646465,True,1.4909895412034385e-05,1.4978378624961646e-11,0,0.04779158157388828,3.656842081563931e-07,7.65164483186283e-06,True,4.991155608087142
image_shell,S1,1,coarse,3.485,32.62242710985942,cpp,64,4.0,1,0,0.0001,0.007091210807441868,0.005152690709978801,22,6,0.12339898400704502,0.998653191789698,0.9942468748372285,1.3053428127008952,0.0001713726556594798,0.00013128555502204915,1.3485803334979622e-05,2.220446049250313e-12,6073465.887420601,True,1.4906302873299865e-05,2.233899195512988e-12,0,0.047797394528353895,3.0541323004302975e-07,6.389746408914728e-06,True,4.9894680998271275
image_shell,S1,1,coarse,3.51,33.44826778394491,cpp,64,4.0,1,0,0.0001,0.007089216889866938,0.0051498813497610095,22,6,0.5948601080243204,0.9994868252369269,0.9976548525748542,1.3053428127008952,0.00015128097928399352,0.00011589367774659658,1.1904002162356203e-05,2.220446049250313e-12,5361085.970260497,True,1.4901942498491873e-05,6.113274940588065e-13,0,0.047802528495703836,2.5513884002033045e-07,5.337350304456397e-06,True,4.988062421765454
image_shell,S1,1,coarse,3.535,34.295014714228856,cpp,64,4.0,1,0,0.0001,0.007087457528785677,0.005147401160375429,22,6,0.8686828331655647,0.9993393518515095,0.989628101947474,1.3053428127008952,0.00013354870523476812,0.00010230929678805327,1.0508199737034272e-05,2.220446049250313e-12,4732472.442004229,True,1.4898645402352666e-05,-3.3142476050459526e-12,0,0.04780706274115057,2.1319021802783802e-07,4.459387500590612e-06,True,4.986906125044613
image_shell,S1,1,coarse,3.56,35.163197145106615,cpp,64,4.0,1,0,0.0001,0.007085904980072228,0.00514521149388369,22,6,0.32172528107444653,0.9992424942489452,0.9572909110272325,1.3053428127008952,0.00011789766380902763,9.031931126589239e-05,9.276402581225042e-06,2.220446049250313e-12,4177720.3208143804,True,1.4895735417012957e-05,2.202655117022845e-11,0,0.047811067272950515,1.7817839950788322e-07,3.7267187216439537e-06,True,4.985970087921995
image_shell,S1,1,coarse,3.585,36.05335771885924,cpp,64,4.0,1,0,0.0001,0.007084534816786542,0.00514327826161056,23,6,0.307821050902648,0.9995218937554464,0.9934496427992918,1.3053428127008952,0.00010408275329180746,7.973595309913187e-05,8.189246996556848e-06,2.220446049250313e-12,3688108.9722138373,True,1.4893437225111613e-05,1.070619443437965e-11,0,0.04781460392612866,1.4894820081290366e-07,3.1151194108607845e-06,True,4.985228194436822
image_shell,S1,1,coarse,3.61,36.966052814822504,cpp,64,4.0,1,0,0.0001,0.007083325524748643,0.00514157139117258,22,6,0.2094279913033319,0.9993115369546272,0.9995402296544589,1.3053428127008952,9.188794650297692e-05,7.039372769276664e-05,7.229678100106441e-06,2.220446049250313e-12,3255957.5597648,True,1.4892129470791981e-05,1.5270857969536082e-12,0,0.04781772731849588,1.2453845182980527e-07,2.60444104757011e-06,True,4.9846570216595385
image_shell,S1,1,coarse,3.635,37.901852897142135,cpp,64,4.0,1,0,0.0001,0.007082258149037076,0.005140064349278338,22,6,0.3304058223345743,0.9996000190536318,0.9999701682683001,1.3053428127008952,8.112279314467328e-05,6.214673444811135e-05,6.3826694249314905e-06,2.220446049250313e-12,2874498.764375052,True,1.4891982172732857e-05,3.2348065107215595e-11,0,0.047820485694220906,1.041490781013084e-07,2.1779176139546152e-06,True,4.9842356166684105
image_shell,S1,1,coarse,3.66,38.86134287133247,cpp,64,4.0,1,0,0.0001,0.007081315984705211,0.0051387337221451375,23,6,0.09527203128658682,0.9995747036855476,0.9929711380499257,1.3053428127008952,7.161935378167281e-05,5.486631793948797e-05,5.6349776751254725e-06,2.220446049250313e-12,2537768.3357936144,True,1.4890336185877064e-05,1.8481097012183986e-11,0,0.04782292166834522,8.7113835970845e-08,1.8215916746991034e-06,True,4.983945194104398
image_shell,S1,1,coarse,3.685,39.8451224498614,cpp,64,4.0,1,0,0.0001,0.0070804843059244105,0.005137558846318484,22,6,0.5612861893727069,0.9995796225149445,0.9774437511044308,1.3053428127008952,6.32295096487352e-05,4.8439007005298876e-05,4.974928000855778e-06,2.220446049250313e-12,2240508.389084913,True,1.4890046035008006e-05,-3.920142195476236e-12,0,0.04782507288399681,7.287771553501784e-08,1.5238390898386716e-06,True,4.983768986208329
image_shell,S1,1,coarse,3.71,40.85380652699027,cpp,64,4.0,1,0,0.0001,0.007079750128538544,0.0051365214837622054,22,4,0.2718028890066608,0.9994634234417055,0.9820120966138522,1.3053428127008952,5.582260063324886e-05,4.276470524838289e-05,4.392225814900308e-06,2.220446049250313e-12,1978082.6543312098,True,1.4890482044823272e-05,1.7043464409626104e-11,0,0.04782697259263648,6.097820193853321e-08,1.2749751580120194e-06,True,4.983692013774127
image_shell,S1,1,coarse,3.735,41.888025563102715,cpp,64,4.0,1,0,0.0001,0.007079102001764785,0.005135605535760447,23,4,0.8173502491943472,0.9995085443225297,0.9998178434427513,1.3053428127008952,4.928334994376888e-05,3.775510116135416e-05,3.877791725229198e-06,2.220446049250313e-12,1746402.1368762609,True,1.4890862271947207e-05,1.611447595639743e-11,0,0.047828650166419566,5.1029727380782414e-08,1.0669280275154058e-06,True,4.983700879392544
image_shell,S1,1,coarse,3.76,42.94842597876301,cpp,64,4.0,1,0,0.0001,0.007078529825316558,0.00513479679088927,23,4,0.6033726504849488,0.9997642105497486,0.9995926832453256,1.3053428127008952,4.351003941780329e-05,3.333227026222814e-05,3.423616632953412e-06,2.220446049250313e-12,1541859.8592428418,True,1.4890909404068675e-05,-1.388912310468186e-11,0,0.047830131550670514,4.271076383691718e-08,8.929677266655653e-07,True,4.983783679584807
image_shell,S1,1,coarse,3.785,44.03567055874993,cpp,64,4.0,1,0,0.0001,0.007078024688730926,0.005134082702959872,23,4,0.3272030248937739,0.9996380610666371,0.9994513748685853,1.3053428127008952,3.841290450673468e-05,2.9427445520808615e-05,3.0226344384467475e-06,2.220446049250313e-12,1361273.5330666,True,1.48912931839455e-05,-1.072036780375765e-11,0,0.04783143966350964,3.5753102009680053e-08,7.474812019291134e-07,True,4.983929787101391
image_shell,S1,1,coarse,3.81,45.15043886631872,cpp,64,4.0,1,0,0.0001,0.007077578730136938,0.005133452195282153,23,4,0.40439029988638214,0.999654849693756,0.9995677128551153,1.3053428127008952,3.391272163736036e-05,2.597993516139356e-05,2.6686101446275503e-06,2.220446049250313e-12,1201835.1652941762,True,1.489230481889838e-05,1.556732465177656e-11,0,0.047832594748832544,2.993294245730237e-08,6.25785463123615e-07,True,4.984129778948793
image_shell,S1,1,coarse,3.835,46.29342766795043,cpp,64,4.0,1,0,0.0001,0.007077185012029955,0.005132895488102478,22,4,0.25724196819523276,0.999480081745321,0.9953864554597734,1.3053428127008952,2.993956448643777e-05,2.2936169866741426e-05,2.3560414465343763e-06,2.220446049250313e-12,1061066.7380681662,True,1.4894252652869588e-05,-2.31111866668762e-12,0,0.047833614688110655,2.506348880937777e-08,5.239722938105169e-07,True,4.984375234181385
image_shell,S1,1,coarse,3.86,47.46535136885352,cpp,64,4.0,1,0,0.0001,0.007076837411951705,0.0051324039464084445,22,4,0.4583588002120095,0.9998460113219902,0.9997722845791289,1.3053428127008952,2.6431708351096263e-05,2.024886343565657e-05,2.0800721168184586e-06,2.220446049250313e-12,936781.2010207368,True,1.4894093433315304e-05,5.5848866459795295e-11,0,0.04783451527582932,2.0988787142193527e-08,4.387791330415993e-07,True,4.984658773173001
image_shell,S1,1,coarse,3.885,48.66694245949041,cpp,64,4.0,1,0,0.0001,0.007076530526262272,0.005131969945712373,22,4,0.11644166083458715,0.9996829427142114,0.9987069419525666,1.3053428127008952,2.3334664895088305e-05,1.7876273319195255e-05,1.8364157686849923e-06,2.220446049250313e-12,827048.1371547034,True,1.4895701605480946e-05,2.5760206519820407e-11,0,0.04783531046281564,1.7578599491076833e-08,3.674816640887364e-07,True,4.984973786393911
image_shell,S1,1,coarse,3.91,49.89895197340787,cpp,64,4.0,1,0,0.0001,0.007076259585373284,0.005131586753620302,23,4,0.4377740203239538,0.9998197172553409,0.9974696051921838,1.3053428127008952,2.060033128927968e-05,1.5781548792271182e-05,1.6212887007090684e-06,2.220446049250313e-12,730163.5188373356,True,1.4897371610015883e-05,-1.6374573900607304e-11,0,0.04783601257120619,1.4724136600259047e-08,3.0780443036177954e-07,True,4.985314440610349
image_shell,S1,1,coarse,3.935,51.16214995665737,cpp,64,4.0,1,0,0.0001,0.007076020379075287,0.005131248425340162,22,4,0.20099314851170658,0.9998603608171185,0.9964645325017171,1.3053428127008952,1.818624004157614e-05,1.3932156261654242e-05,1.431350723151332e-06,2.220446049250313e-12,644623.0583420829,True,1.489838178560263e-05,3.738247471905771e-11,0,0.047836632484364275,1.2334504012297372e-08,2.5784641124830406e-07,True,4.985675648104722
image_shell,S1,1,coarse,3.96,52.45732594909905,cpp,64,4.0,1,0,0.0001,0.007075809190731263,0.00513094971146895,23,4,0.6782166273776669,0.9998655538425272,0.9979163452592114,1.3053428127008952,1.6054897520224962e-05,1.2299372520392284e-05,1.2636530183169139e-06,2.220446049250313e-12,569098.7262417655,True,1.4899951813945107e-05,3.1610930131218415e-11,0,0.047837179814667806,1.033374136750932e-08,2.1601903388838143e-07,True,4.9860528796236805
image_shell,S1,1,coarse,3.985,53.785289477889734,cpp,64,4.0,1,0,0.0001,0.007075622739260545,0.005130685976612687,22,4,0.7258636929727317,0.9998498256931112,0.9997967009485415,1.3053428127008952,1.4173200470854672e-05,1.0857837751853699e-05,1.1155921624771156e-06,2.220446049250313e-12,502418.0447229383,True,1.4900640084683224e-05,-2.8823940708808673e-11,0,0.04783766305174844,8.65835524832012e-09,1.8099452807621343e-07,True,4.986442153269481
image_shell,S1,1,coarse,4.01,55.1468705634638,cpp,64,4.0,1,0,0.0001,0.0070754581279855325,0.00513045312753122,22,4,0.7978435728763603,0.9998324236403644,0.9999428205243871,1.3053428127008952,1.251192125488707e-05,9.585161179995739e-06,9.848695859721602e-07,2.220446049250313e-12,443545.8300392756,True,1.4902654651525229e-05,-4.458011835203245e-11,0,0.04783808969345886,7.25526191780507e-09,1.516628687369412e-07,True,4.986840017168131
image_shell,S1,1,coarse,4.035,56.542920238322985,cpp,64,4.0,1,0,0.0001,0.00707531279951281,0.00513024754972949,22,4,0.628048928161839,0.9998655670831488,0.9994446565032247,1.3053428127008952,1.1045253670361331e-05,8.461573130745254e-06,8.694558177443548e-07,2.220446049250313e-12,391568.0896808586,True,1.4903477712424898e-05,4.938661803144891e-11,0,0.0478384663615806,6.080072349321818e-09,1.2709588771860724e-07,True,4.987243464860344
image_shell,S1,1,coarse,4.06,57.97431107895927,cpp,64,4.0,1,0,0.0001,0.007075184495941527,0.005130066051463095,22,4,0.28579916090575475,0.9998899455936917,0.9999274820953165,1.3053428127008952,9.75041217376616e-06,7.469618002945528e-06,7.675589360449924e-07,2.220446049250313e-12,345677.8138357122,True,1.4905206358685126e-05,-2.140208076324132e-12,0,0.04783879890404947,5.095660795042881e-09,1.0651732300518822e-07,True,4.987649809831229
image_shell,S1,1,coarse,4.085,59.44193775124387,cpp,64,4.0,1,0,0.0001,0.007075071223746025,0.005129905814298879,23,4,0.7430786285821197,0.999883795358141,0.9987226567659697,1.3053428127008952,8.607278112945541e-06,6.593883253653615e-06,6.775967384377953e-07,2.220446049250313e-12,305162.44187359186,True,1.4906033433076499e-05,-2.634295601141169e-11,0,0.04783909248526832,4.270971109500475e-09,8.927784553638194e-08,True,4.988056831582082
image_shell,S1,1,coarse,4.11,60.94671756962223,cpp,64,4.0,1,0,0.0001,0.007074971222798094,0.005129764349471063,23,4,0.006544510096933464,0.9999135204618917,0.9999098136875874,1.3053428127008952,7.5980875304093935e-06,5.820760229788319e-06,5.981721789056139e-07,2.220446049250313e-12,269392.800202272,True,1.4907685919220385e-05,7.918610812110541e-12,0,0.04783935166589405,3.580020031680791e-09,7.483420880540659e-08,True,4.988462506770398
image_shell,S1,1,fine0,2.335,10.329459929369532,cpp,64,4.0,1,0,0.0001,0.01736927032619549,0.004884089541605647,6,8,1.0,1.0,1.0,1.3053428127008952,0.10405611003542437,0.07971554217249723,0.009642358423617298,2.220446049250313e-12,4342532180.357562,True,1.5671376976982938e-05,1.0804132866451308e-13,0,0.0327790633167845,0.0019830661314473867,0.060497949934767016,False,
image_shell,S1,1,fine0,2.3375,10.35531588567169,cpp,64,4.0,1,0,0.0001,0.017180361443308423,0.004866261845842627,6,8,0.25331275580865487,0.9896220912457613,0.9996096400898014,1.3053428127008952,0.1020843931840654,0.07820504482867743,0.009442573064703062,2.220446049250313e-12,4252556853.561539,True,1.5806520617868725e-05,-2.0910165307626706e-13,0,0.032977028068296915,0.0019478101578342,0.05906566697884955,False,7.652167150487588
image_shell,S1,1,fine0,2.34,10.381236562731843,cpp,64,4.0,1,0,0.0001,0.016995521384198783,0.004841972975763485,6,8,0.03763368918239989,0.9938917621534111,0.9994871050391382,1.3053428127008952,0.10015475644500274,0.07672678431328835,0.009247610281754136,2.220446049250313e-12,4164753421.897549,True,1.5912471451682865e-05,1.7647656470767488e-13,0,0.033172645417047696,0.0019129357304583006,0.057666059079967955,False,7.6333204615652
image_shell,S1,1,fine0,2.3425,10.407222122554305,cpp,64,4.0,1,0,0.0001,0.016814634018370765,0.004809339304558226,6,8,0.026701029303328204,0.997496096543694,0.9993086094141392,1.3053428127008952,0.09826622722438653,0.07528001553941459,0.009057339093887304,2.220446049250313e-12,4079062896.8199086,True,1.602289782262925e-05,1.1307519395985428e-13,0,0.03336592247256434,0.0018784564066647445,0.05629865046318846,False,7.614461797426106
image_shell,S1,1,fine0,2.345,10.433272727548918,cpp,64,4.0,1,0,0.0001,0.016637588463447723,0.004765644369816325,6,8,0.11045508267305203,0.9986372790721799,0.999038456760617,1.3053428127008952,0.09641785705506185,0.07386401190317422,0.008871632277197415,2.220446049250313e-12,3995427981.7754345,True,1.61344127740127e-05,-3.715194439830665e-14,0,0.03355686776668581,0.0018443841623084908,0.05496294156928248,False,7.59559043138679
image_shell,S1,1,fine0,2.3475,10.459388540532034,cpp,64,4.0,1,0,0.0001,0.01646427872154237,0.004706768158229341,6,8,0.039813807701543046,0.9876294446597462,0.9986093790745294,1.3053428127008952,0.09460872079393007,0.07247806466883164,0.008690366265239778,2.220446049250313e-12,3913793027.3846993,True,1.621776700933917e-05,-2.233670133028337e-13,0,0.03374549115153214,0.0018107295020146636,0.053658413027200855,False,7.576706332369864
image_shell,S1,1,fine0,2.35,10.485569724727576,cpp,64,4.0,1,0,0.0001,0.016294603345741794,0.004626032513474179,6,8,0.05946352771019544,0.9709203981282732,0.9978832877181121,1.3053428127008952,0.09283791587596932,0.07112148239731572,0.008513421050756772,2.220446049250313e-12,3834103987.183634,True,1.632719033949223e-05,1.765756700638978e-13,0,0.03393180370292195,0.0017775015626660287,0.052384529223035776,False,7.557810077614912
image_shell,S1,1,fine0,2.3525,10.51181644376803,cpp,64,4.0,1,0,0.0001,0.016128465135722754,0.004511555608537778,6,8,0.16364620925766996,0.9905699746833055,0.996540897153619,1.3053428127008952,0.09110456162010414,0.06979359041445898,0.008340680088793994,2.220446049250313e-12,3756308373.990915,True,1.6409221674174288e-05,5.459850711190921e-15,0,0.0341158176289948,0.0017447082104995444,0.05114074150216845,False,7.538902766566804
image_shell,S1,1,fine0,2.355,10.538128861695476,cpp,64,4.0,1,0,0.0001,0.015965770859913835,0.004338949880690715,6,8,0.07432409897301184,0.9936979009647984,0.9936979009647984,1.3053428127008952,0.08940779857693484,0.06849373031130455,0.008172030201141777,2.220446049250313e-12,3680355216.872255,True,1.649012226774648e-05,7.219017800432122e-14,0,0.03429754618380118,0.001712356132175347,0.04992649103812847,True,7.519985960689589
image_shell,S1,1,fine0,2.3575,10.564507142962611,cpp,64,4.0,1,0,0.0001,0.015806431000974345,0.004043536213670112,6,8,0.13197058981852672,0.9980513785727216,0.9859805358119804,1.3053428127008952,0.08774678791851351,0.06722125947662433,0.008007361482812746,2.220446049250313e-12,3606195019.0216346,True,1.6564634127866424e-05,-9.788362332249756e-14,0,0.034477003585635546,0.0016804509201644212,0.04874121139879343,True,7.50106160814517
image_shell,S1,1,fine0,2.36,10.59095145243378,cpp,64,4.0,1,0,0.0001,0.01565035952238938,0.0021192632715576246,12,8,0.01151831332166731,0.9740388310233749,0.977237870324765,1.3053428127008952,0.08612071086126381,0.06597555065482819,0.007846567209792389,2.220446049250313e-12,3533779716.2158556,True,1.664162508489182e-05,4.180686753477657e-14,0,0.0346542049398901,0.0016489971527831686,0.04758433083787258,True,7.482131994269163
image_shell,S1,1,fine0,2.3625,10.617461955386002,cpp,64,4.0,1,0,0.0001,0.015497473654109093,0.0038147267999388687,12,9,0.006587300419615731,0.958930254370801,0.8663397459319385,1.3053428127008952,0.08452876812180897,0.06475599152908332,0.007689543748943292,2.220446049250313e-12,3463062636.2390137,True,1.671831414612533e-05,7.955474299544539e-14,0,0.034829166166218437,0.0016179984691868025,0.04645527433717705,True,7.463199681858546
image_shell,S1,1,fine0,2.365,10.644038817510012,cpp,64,4.0,1,0,0.0001,0.015347693696377104,0.004648948394245763,12,9,0.24834752758861478,0.9822243374808645,0.9822243374838716,1.3053428127008952,0.08297017939904905,0.06356198432454291,0.00753619046951554,2.220446049250313e-12,3393998459.030327,True,1.679457268509367e-05,-9.076801208777172e-14,0,0.035001903929805483,0.0015874576396172873,0.045353465422933906,True,7.444267471498548
image_shell,S1,1,fine0,2.3675,10.670682204911275,cpp,64,4.0,1,0,0.0001,0.015200942838384962,0.005176373816661298,6,9,0.15713446067094866,0.9925248591463041,0.9925248591451103,1.3053428127008952,0.08144418288069306,0.06239294543030904,0.007386409656711757,2.220446049250313e-12,3326543177.7572904,True,1.686059184830122e-05,-1.3701913025962435e-13,0,0.03517243557654553,0.001557376631185583,0.04427832777733788,True,7.425338361926695
image_shell,S1,1,fine0,2.37,10.697392284111054,cpp,64,4.0,1,0,0.0001,0.01505714699246158,0.005572723039364005,6,9,0.06754529773561872,0.9936456959912384,0.9953010550965439,1.3053428127008952,0.07995003477489163,0.061248305040624826,0.007240106427058962,2.220446049250313e-12,3260654060.702547,True,1.692242472033432e-05,-1.518897236379101e-14,0,0.035340779071940186,0.0015277566694531892,0.04322928666465632,True,7.406415498810969
image_shell,S1,1,fine0,2.3725,10.724169222047431,cpp,64,4.0,1,0,0.0001,0.01491623464064142,0.0058937350387671455,6,9,0.3028537224021678,0.9942018599313428,0.9964888338418995,1.3053428127008952,0.07848700885870434,0.06012750680896327,0.007097188645858573,2.220446049250313e-12,3196289614.0866785,True,1.6972688403824067e-05,8.58909875951693e-14,0,0.03550695294353394,0.0014985982960634317,0.04220577018947881,True,7.387502156263069
image_shell,S1,1,fine0,2.375,10.751013186076355,cpp,64,4.0,1,0,0.0001,0.014778136692716394,0.006165013272741835,6,9,0.045082735813294035,0.9971036508685154,0.9971036508685154,1.3053428127008952,0.07705439604547686,0.05903000751660247,0.006957566846524811,2.220446049250313e-12,3133409545.7414455,True,1.7028795099292046e-05,2.2422806993932097e-13,0,0.03567097622671203,0.001469901422658867,0.041207210403121475,True,7.368601702908003
image_shell,S1,1,fine0,2.3775,10.777924343972689,cpp,64,4.0,1,0,0.0001,0.014642786356382725,0.0064006514557295325,12,9,0.015045283409329835,0.9974483479514771,0.9974483479497066,1.3053428127008952,0.07565150397010907,0.05795527675490696,0.006821154151958164,2.220446049250313e-12,3071974729.69955,True,1.708647412844296e-05,1.8106026779192734e-13,0,0.035832868413693826,0.0014416653813090318,0.04023304427278525,True,7.349717566898313
image_shell,S1,1,fine0,2.38,10.804902863931257,cpp,64,4.0,1,0,0.0001,0.014510119015684424,0.006609314113139862,12,9,0.13186721576031113,0.9967348515846581,0.9976398746447044,1.3053428127008952,0.07427765658575518,0.05690279661636676,0.006687866197806845,2.220446049250313e-12,3011947171.6346645,True,1.7125486068904886e-05,-3.289723490617285e-14,0,0.035992649405559386,0.0014138889716584385,0.039282714526706966,True,7.330853229453513
image_shell,S1,1,fine0,2.3825,10.831948914567898,cpp,64,4.0,1,0,0.0001,0.014380072119310102,0.006796744234105558,6,9,0.22399960628759644,0.9942099499092427,0.9977293228108539,1.3053428127008952,0.07293219377588288,0.0558720613974028,0.006557621057906572,2.220446049250313e-12,2953289975.2824955,True,1.7179779480527412e-05,9.331339691624773e-14,0,0.03615033946715703,0.001386570504994824,0.0383556703873981,True,7.312012194609232
image_shell,S1,1,fine0,2.385,10.859062664920515,cpp,64,4.0,1,0,0.0001,0.014252585077473005,0.006966962654969543,6,9,0.09912503839864109,0.9977329973600064,0.9977383491649482,1.3053428127008952,0.07161447098069175,0.05486257731217264,0.0064303391713855405,2.220446049250313e-12,2895967309.6117826,True,1.7225620377377598e-05,4.1083332075935244e-13,0,0.03630595918474245,0.0013597078454240553,0.037451368203913794,True,7.293197959304518
image_shell,S2,2,coarse,2.31,10.074424655013587,cpp,64,4.0,2,0,0.0001,0.019678690678323528,0.004536493663780451,6,8,1.0,1.0,1.0,1.3053428127008952,0.12772941211359043,0.09785123943748117,0.012064816705278737,2.220446049250313e-12,5433510401.8186655,True,1.4031621674330323e-05,1.8090910888619874e-13,0,0.030351567905114018,0.002354371729638106,0.07757002000682184,False,
image_shell,S2,2,coarse,2.335,10.329459929369532,cpp,64,4.0,2,0,0.0001,0.017511832688614143,0.004627545751153667,6,8,0.08625191631967329,0.9680672598995834,0.9878276078530566,1.3053428127008952,0.10531804618660913,0.08068228909821376,0.009754556044024806,2.220446049250313e-12,4393061496.503473,True,1.567671516668862e-05,7.212862602586838e-14,0,0.03249697642315113,0.001984813851825621,0.0610768776141162,False,7.717171009059934
image_shell,S2,2,coarse,2.36,10.59095145243378,cpp,64,4.0,2,0,0.0001,0.015773615986003433,0.0035731764735567302,6,8,0.022434373232039156,0.9732860582973137,0.7215645184966744,1.3053428127008952,0.08724773725898634,0.06683894560882543,0.007945226628341559,2.220446049250313e-12,3578211968.277319,True,1.6626418034278624e-05,-7.147314433861927e-14,0,0.03440444903208342,0.001650430404123452,0.04797142377093046,True,7.529326259786185
image_shell,S2,2,coarse,2.385,10.859062664920515,cpp,64,4.0,2,0,0.0001,0.014359780426230293,0.006771694634421643,18,9,0.1334762536077232,0.9095208287865184,0.7507501696548471,1.3053428127008952,0.07261890760958435,0.05563205841638488,0.006517132416400367,2.220446049250313e-12,2935055512.202487,True,1.7197186998744402e-05,7.522370304986043e-14,0,0.03608491447728528,0.0013608844803062736,0.03771339076230658,True,7.341052137390213
image_shell,S2,2,coarse,2.41,11.133961145065307,cpp,64,4.0,2,0,0.0001,0.013200022238105236,0.006928195813255376,6,7,2.8654029106999464e-26,0.9389547576651248,0.6565673484002973,1.3053428127008952,0.06072540204582631,0.04652065453992036,0.005380935159205953,2.220446049250313e-12,2423357757.790473,True,1.7505235172424973e-05,-4.9429939596334254e-14,0,0.037557393453509086,0.0011163977941820022,0.029725113793212243,True,7.154529107514223
image_shell,S2,2,coarse,2.435,11.41581871336694,cpp,64,4.0,2,0,0.0001,0.012243141176305075,0.006223553305077911,20,7,0.014076434248223536,0.9763685006958128,0.03172883746181262,1.3053428127008952,0.05101074938480068,0.03907843126607786,0.004469893339428104,2.220446049250313e-12,2013060997.783427,True,1.7647801692205482e-05,-4.146015602775159e-13,0,0.038843716031213116,0.000913060054421209,0.0235059913857756,True,6.973028514529494
image_shell,S2,2,coarse,2.46,11.704811539980854,cpp,64,4.0,2,0,0.0001,0.011450077074461924,0.005255985430629178,5,7,0.007808099953252862,0.9921580347664737,0.4940211075139035,1.3053428127008952,0.04303676540181358,0.032969703424317987,0.0037339131182681975,2.220446049250313e-12,1681604972.806646,True,1.7694844946696788e-05,-3.3858729956688465e-14,0,0.03996571374049519,0.0007455129480482401,0.01865381293798465,True,6.799264921607189
image_shell,S2,2,coarse,2.485,12.001120254831195,cpp,64,4.0,2,0,0.0001,0.010790222668243891,0.004287166443670905,4,7,0.16823950088022388,0.9893410622519834,0.4191206249910774,1.3053428127008952,0.03645862631105912,0.0279303076221198,0.0031351459096772717,2.220446049250313e-12,1411944195.0574696,True,1.7651311157773715e-05,-2.6078452878812593e-13,0,0.04094384382726847,0.0006082464295914433,0.014855625968032662,True,6.635066711517256
image_shell,S2,2,coarse,2.51,12.30493006051041,cpp,64,4.0,2,0,0.0001,0.010239226099860799,0.003273376610487483,127,7,0.22273401140953086,0.9923922780857639,0.9282222916573173,1.3053428127008952,0.031004779331981102,0.023752212085826608,0.0026447780333329106,2.220446049250313e-12,1191102136.539577,True,1.757055313761344e-05,6.457582701516429e-13,0,0.04179661090835848,0.0004961760573997087,0.011871203109926873,True,6.481469093464183
image_shell,S2,2,coarse,2.535,12.616430848036902,cpp,64,4.0,2,0,0.0001,0.009777540300500095,0.0015107093893997935,15,7,0.02075374892549515,0.99726102945535,0.9839977268727367,1.3053428127008952,0.026460916254701494,0.020271239093086205,0.0022406996536828753,2.220446049250313e-12,1009121412.5375396,True,1.7462265322152764e-05,-4.485013030930544e-13,0,0.0425404153381702,0.00040485644439433414,0.00951698381823435,True,6.338903143852321
image_shell,S2,2,coarse,2.56,12.935817315543076,cpp,64,4.0,2,0,0.0001,0.009389388555578113,0.0011382441485799448,5,6,0.07990374670928367,0.967988554577119,0.9706098791881627,1.3053428127008952,0.022657352917854777,0.01735739661443745,0.0019058098567446135,2.220446049250313e-12,858300456.0674059,True,1.7322172612008757e-05,-1.877007740113735e-13,0,0.04318961793575057,0.0003305172922881735,0.007652702387408365,True,6.207374184905767
image_shell,S2,2,coarse,2.585,13.263289089968042,cpp,64,4.0,2,0,0.0001,0.009061987989062584,0.00234357620811295,5,6,0.14306185601563468,0.9917140535248523,0.9871960815366567,1.3053428127008952,0.01945918820854562,0.014907339297546259,0.0016267787006298334,2.220446049250313e-12,732635994.9970777,True,1.7178210792899775e-05,4.685971107975704e-14,0,0.043756704490432966,0.00027001880490364635,0.006170912733217459,True,6.0866028558660155
image_shell,S2,2,coarse,2.61,13.599050851830924,cpp,64,4.0,2,0,0.0001,0.008784948511012193,0.003029267994731168,5,6,0.20243114870585474,0.9982049929928756,0.987202446372357,1.3053428127008952,0.01675867672948095,0.01283852530264095,0.0013931373854124734,2.220446049250313e-12,627413300.9819522,True,1.702732168431545e-05,2.0897472391857158e-13,0,0.04425248708881985,0.00022077582353826518,0.004989003738821337,True,5.976128885480078
image_shell,S2,2,coarse,2.635,13.94331246316286,cpp,64,4.0,2,0,0.0001,0.008549799722267383,0.003506019353265892,5,6,0.07468098901008585,0.9954182339740407,0.727481604929307,1.3053428127008952,0.014469334113940592,0.01108470048875665,0.0011966047955240759,2.220446049250313e-12,538902891.1231977,True,1.6869394037634953e-05,2.645284250029018e-13,0,0.04468630950324292,0.00018067503461692504,0.004043185410149239,True,5.875384666044133
image_shell,S2,2,coarse,2.66,14.296289098677603,cpp,64,4.0,2,0,0.0001,0.008349615370825934,0.003864107848314624,5,6,0.07091852029743057,0.9977442242837873,0.2597736301940902,1.3053428127008952,0.012521383506937465,0.009592410043633955,0.001030585244892325,2.220446049250313e-12,464134332.48706067,True,1.6714812898963217e-05,-1.9179787936526437e-13,0,0.04506624065023859,0.00014799654169969913,0.003283977974739626,True,5.783746315267342
image_shell,S2,2,coarse,2.685,14.658201380262703,cpp,64,4.0,2,0,0.0001,0.008178714041918765,0.004144245075095746,5,6,0.10443037683981983,0.997999895036276,0.22649696504784708,1.3053428127008952,0.010858233612422644,0.008318300378086724,0.0008897910424824935,2.220446049250313e-12,400726260.73617625,True,1.6566845143851536e-05,6.192549649858937e-13,0,0.04539924927860238,0.0001213443753129769,0.002672827794317054,True,5.700568513158352
image_shell,S2,2,coarse,2.71,15.029275514875401,cpp,64,4.0,2,0,0.0001,0.008032420136614666,0.004369086095880849,5,6,0.10113631855649491,0.9990547431174572,0.49612504390119233,1.3053428127008952,0.00943374781826731,0.007227027051037932,0.0007699567178810373,2.220446049250313e-12,346757678.774045,True,1.6429760382794735e-05,3.089838832485796e-13,0,0.04569135790997557,9.958715593043112e-05,0.0021795621860625147,True,5.625207885554323
image_shell,S2,2,coarse,2.735,15.409743435929318,cpp,64,4.0,2,0,0.0001,0.007906872763353208,0.004552789639713081,5,6,0.025481929807575385,0.9996652755323109,0.875824914954951,1.3053428127008952,0.00821011963540828,0.006289627181093261,0.0006676210579215586,2.220446049250313e-12,300669794.7680228,True,1.6295900842297583e-05,3.909412254845027e-13,0,0.045947776524769765,8.18085374160096e-05,0.0017804678181088443,True,5.5570383230627245
image_shell,S2,2,coarse,2.76,15.799842948260395,cpp,64,4.0,2,0,0.0001,0.007798872753664407,0.004704877043985803,3,6,0.05569441926334799,0.998313587468604,0.8937992751555219,1.3053428127008952,0.007156213341419685,0.005482248242982782,0.0005799596853601696,2.220446049250313e-12,261190622.28779697,True,1.6164415410986598e-05,2.1672489248506534e-12,0,0.04617301763570076,6.726639000082396e-05,0.001456833307529242,True,5.4954606850584815
image_shell,S2,2,coarse,2.785,16.19981787676266,cpp,64,4.0,2,0,0.0001,0.007705760016234586,0.004832081874509467,3,6,0.027561889646764225,0.9823667187824354,0.7398521516271745,1.3053428127008952,0.006246262368583829,0.0047851509257247436,0.0005046555847986135,2.220446049250313e-12,227276670.36494756,True,1.605195646827057e-05,7.711643067538951e-13,0,0.046370994826328754,5.535947919221912e-05,0.0011938385061514107,True,5.43990857236752
image_shell,S2,2,coarse,2.81,16.6099182187867,cpp,64,4.0,2,0,0.0001,0.0076253150255697726,0.0049393446319168964,5,6,0.06484608486568597,0.9906335995983688,0.06484608486568597,1.3053428127008952,0.005458843637038593,0.004181923387423152,0.00043979832298118664,2.220446049250313e-12,198067556.34962413,True,1.5943120373896082e-05,1.5810041987599147e-12,0,0.0465451068933804,4.5600418571953875e-05,0.0009797038102503342,True,5.389851383897897
image_shell,S2,2,coarse,2.835,17.03040030039619,cpp,64,4.0,2,0,0.0001,0.007555679516578929,0.005030393595066682,5,6,0.32871345620503406,0.9828808719601462,0.32871345620503406,1.3053428127008952,0.004776065507133296,0.0036588591599559205,0.00038380511568596946,2.220446049250313e-12,172850457.5986222,True,1.583321722204766e-05,3.474864417559641e-12,0,0.046698309609165475,3.759379362330572e-05,0.0008050354271480351,True,5.344795493728405
image_shell,S2,2,coarse,2.86,17.46152693657999,cpp,64,4.0,2,0,0.0001,0.0074952924705152385,0.0051081055310928545,5,6,0.05292978625887793,0.9834440288541428,0.6935428481240625,1.3053428127008952,0.004182921760996996,0.0032044622457008667,0.0003353586374374776,2.220446049250313e-12,151032103.45989013,True,1.574302102221813e-05,1.6302900219206719e-12,0,0.04683317691838024,3.101850564731639e-05,0.0006623190585890578,True,5.304284146036504
image_shell,S2,2,coarse,2.885,17.90356759552007,cpp,64,4.0,2,0,0.0001,0.007442838293869626,0.005174740637720182,5,6,0.06025365128661194,0.9856866689908464,0.9925805528677566,1.3053428127008952,0.0036667751701003684,0.002809051487795313,0.0002933577432572394,2.220446049250313e-12,132116582.3219553,True,1.565711327190888e-05,1.2808193936114214e-12,0,0.04695195315789586,2.5613537707747892e-05,0.0005455265646055555,True,5.267896508250907
image_shell,S2,2,coarse,2.91,18.356798567017925,cpp,64,4.0,2,0,0.0001,0.00739720473678079,0.005232101488310129,5,6,0.37388973381719337,0.9882823482308543,0.9159749522244353,1.3053428127008952,0.0032169426514697687,0.002464442765662123,0.00025687820825607123,2.220446049250313e-12,115687660.29816431,True,1.557326435080696e-05,-2.6083677420382905e-13,0,0.047056597667380747,2.1166484124417838e-05,0.00044980906341833283,True,5.235246166051439
image_shell,S2,2,coarse,2.935,18.821503135184646,cpp,64,4.0,2,0,0.0001,0.007357448608532723,0.0052816439473177285,5,6,0.6035943393231228,0.9879901051612331,0.9973926192503174,1.3053428127008952,0.0028243604197059763,0.002163692473904284,0.00022514128431177266,2.220446049250313e-12,101394620.41322142,True,1.5496459418082443e-05,4.653991367193657e-12,0,0.047148822956188184,1.7504306133026088e-05,0.0003712564818275847,True,5.205979300989834
image_shell,S2,2,coarse,2.96,19.297971755502758,cpp,64,4.0,2,0,0.0001,0.007322767752773184,0.00532455658911701,5,6,0.170867913096536,0.9872442557883099,0.9788975193655123,1.3053428127008952,0.002481312421655604,0.0019008894809184268,0.00019748838988664345,2.220446049250313e-12,88940863.91034867,True,1.5424059226163968e-05,3.850626496209601e-12,0,0.04723012741301793,1.4485878299348897e-05,0.0003067084315202628,True,5.179772655308856
image_shell,S2,2,coarse,2.985,19.786502236370332,cpp,64,4.0,2,0,0.0001,0.0072924780610953005,0.005361818822634786,5,6,0.3553622487976446,0.9943872699720853,0.9750470182393768,1.3053428127008952,0.0021812090558597994,0.0016709856097852503,0.0001733606374349451,2.220446049250313e-12,78074690.21527305,True,1.5369336680989296e-05,2.9472151553647607e-12,0,0.04730182339017039,1.1995974530889591e-05,0.000253604907192276,True,5.156331465573444
image_shell,S2,2,coarse,3.01,20.287399925240926,cpp,64,4.0,2,0,0.0001,0.007265994555662449,0.005393742108503499,12,6,0.2809988913878407,0.9933728581064484,0.7073174960021699,1.3053428127008952,0.0019184060369059432,0.0014696568734588226,0.00015228219564431661,2.220446049250313e-12,68581803.95589052,True,1.53137058112118e-05,5.018232257272725e-12,0,0.047365061362338645,9.94041131690731e-06,0.00020986801306693172,True,5.135387348380782
image_shell,S2,2,coarse,3.035,20.800977899475697,cpp,64,4.0,2,0,0.0001,0.007242815767283366,0.005362317264185237,13,6,0.17793305320776692,0.9936171260320134,0.9499247829954325,1.3053428127008952,0.0016880554499749383,0.0012931893702943591,0.00013384670637621682,2.220446049250313e-12,60279197.69606982,True,1.5260364144048966e-05,-1.2655793246733016e-12,0,0.047420850748481416,8.24212152582032e-06,0.0001738079641281902,True,5.116696279396954
image_shell,S2,2,coarse,3.06,21.327557162026903,cpp,64,4.0,2,0,0.0001,0.007222510791849587,0.005334662568183656,11,6,0.41943110716986465,0.9955764448461676,0.5466203939688533,1.3053428127008952,0.0014859827378869252,0.0011383850460035601,0.00011770614653061146,2.220446049250313e-12,53010135.76544788,True,1.5217765405380107e-05,2.2798817970937207e-12,0,0.04747007789173178,6.83797696451404e-06,0.00014404815134514583,True,5.100036616534762
image_shell,S2,2,coarse,3.085,21.867466842075256,cpp,64,4.0,2,0,0.0001,0.007204708530153562,0.005310316528133452,11,6,0.22133031544882725,0.9915649132440243,0.4633675686703993,1.3053428127008952,0.0013085846700564992,0.0010024835294790463,0.0001035616554683466,2.220446049250313e-12,46640023.297711745,True,1.5178929607711658e-05,6.194908993641427e-12,0,0.04751352161395963,5.676213926013963e-06,0.0001194652329105884,True,5.08520724454981
image_shell,S2,2,coarse,3.11,22.421044400746343,cpp,64,4.0,2,0,0.0001,0.00718908871356466,0.005288875962313329,11,6,0.5028995450378758,0.9906465058293146,0.9732682729659802,1.3053428127008952,0.001152744364036773,0.0008830970323049624,9.115594971614713e-05,2.220446049250313e-12,41052990.11742439,True,1.5140907873548455e-05,1.0324739242944495e-11,0,0.047551866696132386,4.714344813786715e-06,9.91411093051822e-05,True,5.072025826870585
image_shell,S2,2,coarse,3.135,22.988635842034803,cpp,64,4.0,2,0,0.0001,0.0071753743950670225,0.00526998828461969,12,6,0.29620746549515137,0.9939798783228209,0.9935550883615066,1.3053428127008952,0.0010157602262197468,0.0007781559114865996,8.026702505340147e-05,2.220446049250313e-12,36149054.41206372,True,1.5107143967075694e-05,5.048256882746909e-13,0,0.04758571558095404,3.917462030309953e-06,8.232432742648297e-05,True,5.0603271782944095
image_shell,S2,2,coarse,3.16,23.570595929068126,cpp,64,4.0,2,0,0.0001,0.007163325646600409,0.00525334487422512,12,6,0.3688326726945889,0.9964218598079556,0.9817812290830589,1.3053428127008952,0.0008952863031561034,0.0006858629736533803,7.070290697304959e-05,2.220446049250313e-12,31841758.5497837,True,1.5078356193170964e-05,7.24483611555914e-12,0,0.04761559854859776,3.2568587893121892e-06,6.839898874710462e-05,True,5.049961742257436
image_shell,S2,2,coarse,3.185,24.167288405845095,cpp,64,4.0,2,0,0.0001,0.007152734252746067,0.0052386753659543605,12,6,0.38299754101347966,0.9948837318735299,0.9346536018214179,1.3053428127008952,0.0007892820254654605,0.0006046549747589682,6.229725853459265e-05,2.220446049250313e-12,28056191.03225949,True,1.5053743870229975e-05,5.451825823851603e-12,0,0.04764198257817788,2.708906293292356e-06,5.68596466120441e-05,True,5.04079420854464
image_shell,S2,2,coarse,3.21,24.779086224587694,cpp,64,4.0,2,0,0.0001,0.007143419229830276,0.0052257427242103065,12,6,0.3027458957006437,0.9950762912035614,0.8643297248346453,1.3053428127008952,0.0006959697165124525,0.000533170068230901,5.490569215851131e-05,2.220446049250313e-12,24727325.47455907,True,1.5028014664339849e-05,4.6803471453721364e-12,0,0.04766527907565106,2.2541385441407724e-06,4.729099646229194e-05,True,5.03270220285878
image_shell,S2,2,coarse,3.235,25.406371778848346,cpp,64,4.0,2,0,0.0001,0.007135223030790574,0.0052143389854634415,11,6,0.005100533145905267,0.9938703889603477,0.2684682819085031,1.3053428127008952,0.0006137985440223828,0.000470220188942066,4.8402661693597194e-05,2.220446049250313e-12,21798620.91670245,True,1.5009599661590618e-05,-1.3304658776042377e-12,0,0.04768585062204977,1.8765055283425866e-06,3.935141145358739e-05,True,5.025575140748767
image_shell,S2,2,coarse,3.26,26.049537142518336,cpp,64,4.0,2,0,0.0001,0.007128008322253617,0.005204281572502697,11,6,0.004226678843385731,0.9970247960540681,0.5155584656778359,1.3053428127008952,0.0005414138410882088,0.0004147675505777406,4.2678834590246834e-05,2.220446049250313e-12,19220838.355724268,True,1.4991587954306509e-05,7.493881763173793e-12,0,0.04770401687343544,1.562763109174444e-06,3.2759570610597525e-05,True,5.019313115737635
image_shell,S2,2,coarse,3.285,26.708984314886784,cpp,64,4.0,2,0,0.0001,0.007121655239645444,0.005195410098609968,13,6,0.00486172045380456,0.9962646265889565,0.990647317067847,1.3053428127008952,0.0004776309171516608,0.0003659045826922591,3.763886289351439e-05,2.220446049250313e-12,16951036.890188057,True,1.4975858366116922e-05,6.637369656442484e-13,0,0.04772005972501479,1.3019740515955808e-06,2.728357967484034e-05,True,5.013825913192261
image_shell,S2,2,coarse,3.31,27.38512547190322,cpp,64,4.0,2,0,0.0001,0.007116059043482782,0.0051875835924862215,13,6,0.44620820475764733,0.9969513868023635,0.9601196734093542,1.3053428127008952,0.000421412637745011,0.00032283675494643643,3.319948667358963e-05,2.220446049250313e-12,14951719.581207002,True,1.4962717924368754e-05,-4.241799669331792e-12,0,0.04773422783585962,1.0850994996472456e-06,2.2732105427126673e-05,True,5.009032142589188
image_shell,S2,2,coarse,3.335,28.07838322380105,cpp,64,4.0,2,0,0.0001,0.007111128113306156,0.005180678085159041,11,6,0.2601528038677358,0.9978747044953549,0.9971095922420116,1.3053428127008952,0.00037185018030946274,0.0002848678344810162,2.9287915558181243e-05,2.220446049250313e-12,13190104.55942836,True,1.494927132709282e-05,5.263878713283289e-12,0,0.04774674059714371,9.046641600850863e-07,1.894713961143569e-05,True,5.004858351022413
image_shell,S2,2,coarse,3.36,28.789190879242675,cpp,64,4.0,2,0,0.0001,0.007106782226181486,0.005174584509035877,13,6,0.013579464346780973,0.9982023819214608,0.9900552896280361,1.3053428127008952,0.0003281464730847321,0.00025138719874341793,2.5840443808306847e-05,2.220446049250313e-12,11637501.310617896,True,1.4938484456886388e-05,-1.1610212558446504e-12,0,0.04775779161533084,7.544816199579837e-07,1.579808434265595e-05,True,5.001238362434543
image_shell,S2,2,coarse,3.385,29.517992716151486,cpp,64,4.0,2,0,0.0001,0.00710295107637057,0.005169206866335627,11,6,0.49089057674369035,0.9976158157455017,0.9643044905419073,1.3053428127008952,0.00028960191143118075,0.00022185889301520965,2.280126207370206e-05,2.220446049250313e-12,10268775.537870161,True,1.4931264024076837e-05,4.955055850203889e-12,0,0.04776755177199284,6.294287766160781e-07,1.3176910962917005e-05,True,4.998112490045585
image_shell,S2,2,coarse,3.41,30.265244259400085,cpp,64,4.0,2,0,0.0001,0.007099572999355553,0.005164460630657889,13,6,0.7539404955491621,0.9989075792601687,0.982305128669353,1.3053428127008952,0.00025560200972268957,0.0001958121707460291,2.012143537039805e-05,2.220446049250313e-12,9061888.883628419,True,1.4922352783256017e-05,7.688333244138056e-12,0,0.047776171913613594,5.252604252710142e-07,1.0994192381523638e-05,True,4.995427019930933
image_shell,S2,2,coarse,3.435,31.031412565528075,cpp,64,4.0,2,0,0.0001,0.007096593869903629,0.005160271350425864,11,6,0.6173867007573224,0.998382593025376,0.9929153459781763,1.3053428127008952,0.0002256067063644891,0.00017283330031724346,1.7758022026062884e-05,2.220446049250313e-12,7997502.137941387,True,1.4914977315144965e-05,-1.5131819105783812e-12,0,0.047783785217630985,4.3845671808745565e-07,9.17584733169436e-06,True,4.993133570491014
image_shell,S2,2,coarse,3.46,31.81697651466769,cpp,64,4.0,2,0,0.0001,0.007093966148586024,0.005156573427582341,11,6,0.6197741092793068,0.9983281639771193,0.9983046482082177,1.3053428127008952,0.00019914108244995158,0.00015255845476936988,1.5673312451648e-05,2.220446049250313e-12,7058632.411690329,True,1.4910327361025421e-05,6.272567372619492e-12,0,0.04779050927487807,3.6609755505654755e-07,7.660465657539944e-06,True,4.991188616276732
image_shell,S2,2,coarse,3.485,32.62242710985942,cpp,64,4.0,2,0,0.0001,0.007091648055160367,0.0051533090484687585,13,6,0.5500140663178351,0.9976112534983588,0.9958071359447156,1.3053428127008952,0.00017578729357474202,0.00013466753090785334,1.3834170151897958e-05,2.220446049250313e-12,6230356.354106768,True,1.4906136488345278e-05,1.6668669021250302e-11,0,0.04779644792335605,3.0575906771672504e-07,6.397108592818962e-06,True,4.989553026441188
image_shell,S2,2,coarse,3.51,33.44826778394491,cpp,64,4.0,2,0,0.0001,0.007089602850866792,0.005150427247178334,11,6,0.2351285682609105,0.9984292103231158,0.9985822591997028,1.3053428127008952,0.00015517754518681222,0.00011887876784316383,1.2211460129341506e-05,2.220446049250313e-12,5499552.728815207,True,1.4902130666310653e-05,1.2208482001796266e-11,0,0.04780169286377019,2.5542823776566417e-07,5.343497739580225e-06,True,4.988191628008958
image_shell,S2,2,coarse,3.535,34.295014714228856,cpp,64,4.0,2,0,0.0001,0.00708779821420645,0.005147883084276776,11,6,0.22477086784879,0.9986412033604903,0.9772904131057121,1.3053428127008952,0.00013698796747403357,0.00010494405465074011,1.0779552262266455e-05,2.220446049250313e-12,4854678.7551564,True,1.4899155779328253e-05,-1.3397020801222379e-11,0,0.04780632508338346,2.1343242166698272e-07,4.464522660855345e-06,True,4.987072835702964
image_shell,S2,2,coarse,3.56,35.163197145106615,cpp,64,4.0,2,0,0.0001,0.00708620569729154,0.005145636926182099,13,6,0.8261754478099641,0.9986217555338729,0.968556269182004,1.3053428127008952,0.0001209332676068996,9.264483354887871e-05,9.515889106979055e-06,2.220446049250313e-12,4285575.463628983,True,1.4896040773216849e-05,2.345348166830475e-11,0,0.0478104161113774,1.7838113324868413e-07,3.7310098459116933e-06,True,4.986168289386483
image_shell,S2,2,coarse,3.585,36.05335771885924,cpp,64,4.0,2,0,0.0001,0.007084800251684706,0.005143653812416442,11,6,0.36777486092092176,0.9993030478439411,0.9999948531520686,1.3053428127008952,0.00010676205488152657,8.178851857361849e-05,8.400609221005245e-06,2.220446049250313e-12,3783298.0557404375,True,1.4894796396584832e-05,5.49458094244149e-13,0,0.047814029126018516,1.4911791910195264e-07,3.118706409554775e-06,True,4.985452562236988
image_shell,S2,2,coarse,3.61,36.966052814822504,cpp,64,4.0,2,0,0.0001,0.00708355981436691,0.005141902899680972,13,6,0.4124543079980723,0.9990504321116856,0.995630896077983,1.3053428127008952,9.425274972116803e-05,7.220536153728759e-05,7.416218413420952e-06,2.220446049250313e-12,3339967.848318081,True,1.489308622786443e-05,1.3364022987506466e-11,0,0.047817219931389494,1.2468054920262593e-07,2.607440361056618e-06,True,4.984902854429571
image_shell,S2,2,coarse,3.635,37.901852897142135,cpp,64,4.0,2,0,0.0001,0.007082464945760826,0.005140356973134437,13,6,0.69307886484055,0.9989485952772722,0.9996669689584134,1.3053428127008952,8.320999988880967e-05,6.374570655247199e-05,6.547302490078743e-06,2.220446049250313e-12,2948642.905460055,True,1.4892371128794845e-05,2.200342479738209e-11,0,0.047820037819269655,1.042680642132568e-07,2.1804262181332014e-06,True,4.984498763474885
image_shell,S2,2,coarse,3.66,38.86134287133247,cpp,64,4.0,2,0,0.0001,0.007081498512964598,0.005138992016559206,11,6,0.591419351660068,0.9991468161080888,0.9983955898090245,1.3053428127008952,7.34615383187076e-05,5.6277582872431605e-05,5.780275944792093e-06,2.220446049250313e-12,2603204.8591064312,True,1.4891841832445093e-05,1.4096445312954238e-11,0,0.04782252632982688,8.721348113845492e-08,1.8236903783993513e-06,True,4.984222020047047
image_shell,S2,2,coarse,3.685,39.8451224498614,cpp,64,4.0,2,0,0.0001,0.007080645412290426,0.005137786834105081,13,6,0.8412332555226338,0.9994663162816052,0.9997967852260635,1.3053428127008952,6.485542582167573e-05,4.968459257647641e-05,5.103161897545315e-06,2.220446049250313e-12,2298259.8020196394,True,1.4891126887779425e-05,-8.03657829854363e-12,0,0.04782472392312674,7.296117282707173e-08,1.5255952746188188e-06,True,4.984056262177691
image_shell,S2,2,coarse,3.71,40.85380652699027,cpp,64,4.0,2,0,0.0001,0.007079892325928887,0.005136722717300289,11,4,0.5190422859203341,0.9992394886996075,0.9979159897137336,1.3053428127008952,5.725762953660434e-05,4.386405546458108e-05,4.5053991871339055e-06,2.220446049250313e-12,2029051.4100331592,True,1.4890567760104272e-05,3.1528872204243522e-12,0,0.0478266645720097,6.10481086311373e-08,1.2764450370403914e-06,True,4.983986958017815
image_shell,S2,2,coarse,3.735,41.888025563102715,cpp,64,4.0,2,0,0.0001,0.0070792275085263855,0.005135783151794984,13,4,0.46496590774889635,0.999322345845807,0.9993815440308029,1.3053428127008952,5.0549895341468175e-05,3.8725379149156216e-05,3.9776731419426375e-06,2.220446049250313e-12,1791384.7279854491,True,1.4891047567088167e-05,5.692404077386391e-12,0,0.04782837828561119,5.1088289509382986e-08,1.0681585146856739e-06,True,4.984001020078121
image_shell,S2,2,coarse,3.76,42.94842597876301,cpp,64,4.0,2,0,0.0001,0.007078640599710595,0.005134953559003323,13,4,0.6874303921811575,0.9996022853530433,0.9994253160553604,1.3053428127008952,4.462787671830224e-05,3.4188625611660084e-05,3.511767007669597e-06,2.220446049250313e-12,1581559.2587152799,True,1.4892468104133674e-05,2.567673749334187e-11,0,0.04782989157169674,4.275982710039041e-08,8.939979936248375e-07,True,4.984086910812346
image_shell,S2,2,coarse,3.785,44.03567055874993,cpp,64,4.0,2,0,0.0001,0.00707812245939913,0.005134221068424448,13,4,0.3942705673114215,0.9995979658613473,0.9999992717567836,1.3053428127008952,3.939948898158947e-05,3.0183250406127164e-05,3.100431408619409e-06,2.220446049250313e-12,1396310.1736546152,True,1.4892355247334293e-05,2.4777599938176988e-11,0,0.04783122784499734,3.579421099310246e-08,7.483439712042886e-07,True,4.984234243535698
image_shell,S2,2,coarse,3.81,45.15043886631872,cpp,64,4.0,2,0,0.0001,0.007077665023007523,0.005133574316931259,11,4,0.19002264282827572,0.9995172537319633,0.9941540573227866,1.3053428127008952,3.478346045337366e-05,2.664699274009325e-05,2.737269585201461e-06,2.220446049250313e-12,1232756.6283925893,True,1.489388458101986e-05,1.4349325608211273e-11,0,0.047832407787883904,2.996738969245379e-08,6.265080743028082e-07,True,4.984433869436577
image_shell,S2,2,coarse,3.835,46.29342766795043,cpp,64,4.0,2,0,0.0001,0.007077261174063441,0.005133003271805554,11,4,0.06775023928757479,0.9996982294207483,0.9999032301440969,1.3053428127008952,3.070805689703273e-05,2.3524898285910385e-05,2.4166364641914e-06,2.220446049250313e-12,1088356.3079622341,True,1.4893899965653412e-05,-7.366382159069767e-12,0,0.04783344966896351,2.5092356301595016e-08,5.24577601558101e-07,True,4.984677586751659
image_shell,S2,2,coarse,3.86,47.46535136885352,cpp,64,4.0,2,0,0.0001,0.007076904632119288,0.00513249907465816,13,4,0.02855722268047265,0.9996810333273154,0.9981173668730404,1.3053428127008952,2.7109957726312984e-05,2.076845826439995e-05,2.1335498109356517e-06,2.220446049250313e-12,960865.4133506193,True,1.4895924630031288e-05,-3.4014695529176696e-11,0,0.047834369624521755,2.101298068568494e-08,4.3928624649237295e-07,True,4.984958225381702
image_shell,S2,2,coarse,3.885,48.66694245949041,cpp,64,4.0,2,0,0.0001,0.007076589854060246,0.005132053903744768,13,4,0.5866121871705501,0.999683786902228,0.999164281982202,1.3053428127008952,2.3933265920333323e-05,1.833485095828031e-05,1.8836120246820018e-06,2.220446049250313e-12,848303.4412468448,True,1.4896361434349813e-05,4.974653704655829e-13,0,0.04783518190715233,1.75988773699133e-08,3.6790656308305813e-07,True,4.985269339486946
image_shell,S2,2,coarse,3.91,49.89895197340787,cpp,64,4.0,2,0,0.0001,0.007076311947173848,0.0051316608525133174,13,4,0.17886894122190947,0.9996896180154904,0.9998946070161954,1.3053428127008952,2.1128635209604444e-05,1.6186273064841118e-05,1.66294124762765e-06,2.220446049250313e-12,748922.1583154912,True,1.4897804683275313e-05,8.593136437621577e-12,0,0.047835899105408995,1.4741133728364844e-08,3.0816048206561263e-07,True,4.985605252636054
image_shell,S2,2,coarse,3.935,51.16214995665737,cpp,64,4.0,2,0,0.0001,0.00707606659256333,0.005131313822399888,11,4,0.06514423987593407,0.9998014914116448,0.9988014980720408,1.3053428127008952,1.8652500524593787e-05,1.4289350156224288e-05,1.4681106592898297e-06,2.220446049250313e-12,661178.261811633,True,1.4899049405045656e-05,3.353149788594478e-11,0,0.047836532337858555,1.234875230511919e-08,2.5814480485129566e-07,True,4.985961035156771
image_shell,S2,2,coarse,3.96,52.45732594909905,cpp,64,4.0,2,0,0.0001,0.007075849977650146,0.005131007428243853,11,4,0.03182688480599029,0.9998195204687526,0.9963131346118462,1.3053428127008952,1.6466399441097323e-05,1.261461685074633e-05,1.2960949807159455e-06,2.220446049250313e-12,583709.2872189102,True,1.4900833780727976e-05,-1.1987689649533423e-11,0,0.047837091424522464,1.0345686096466711e-08,2.1626912900401087e-07,True,4.9863322546988105
image_shell,S2,2,coarse,3.985,53.785289477889734,cpp,64,4.0,2,0,0.0001,0.007075658736655071,0.005130736914797484,13,4,0.6829560709235352,0.9997689575924704,0.9990178432470785,1.3053428127008952,1.4536373567634901e-05,1.1136058226388495e-05,1.1442233061842786e-06,2.220446049250313e-12,515312.3655360154,True,1.4901783930472376e-05,4.491097524267567e-11,0,0.04783758503834134,8.66836951195074e-09,1.8120416206217623e-07,True,4.986715075097619
image_shell,S2,2,coarse,4.01,55.1468705634638,cpp,64,4.0,2,0,0.0001,0.007075489898146679,0.005130498083017179,11,4,0.10740521740965561,0.9998423717900552,0.9998153687679717,1.3053428127008952,1.283244048688226e-05,9.830705284484277e-06,1.0101375071567046e-06,2.220446049250313e-12,454925.4900823896,True,1.4903654285554177e-05,2.3120688732029926e-11,0,0.04783802083899222,7.263658188497876e-09,1.518386016207709e-07,True,4.987106099543403
image_shell,S2,2,coarse,4.035,56.542920238322985,cpp,64,4.0,2,0,0.0001,0.007075340838740243,0.0051302872250022944,13,4,0.4684816748172756,0.99975614037662,0.9991947705563561,1.3053428127008952,1.1328127786286185e-05,8.678277978829995e-06,8.917555469946822e-07,2.220446049250313e-12,401610.99491508235,True,1.4904581299037046e-05,1.241182133902968e-10,0,0.04783840559111145,6.087112539656729e-09,1.2724321524603103e-07,True,4.987502411913248
image_shell,S2,2,coarse,4.06,57.97431107895927,cpp,64,4.0,2,0,0.0001,0.007075209242282225,0.005130101066561755,13,4,0.6477657188945333,0.9998344721805685,0.9994248801431651,1.3053428127008952,1.0000061886029815e-05,7.6608702240744e-06,7.8723911077051e-07,2.220446049250313e-12,354540.97659175494,True,1.4906115541540652e-05,1.1273500854607339e-10,0,0.04783874526874233,5.101564189005605e-09,1.0664084436886244e-07,True,4.987901435156497
image_shell,S2,2,coarse,4.085,59.44193775124387,cpp,64,4.0,2,0,0.0001,0.00707509306383342,0.005129936716480604,13,4,0.9553425037358793,0.9998245794478324,0.9994191302859738,1.3053428127008952,8.827605126698342e-06,6.762671875009656e-06,6.949650511405813e-07,2.220446049250313e-12,312984.43453522393,True,1.490638972856013e-05,1.1265358074384862e-11,0,0.04783904514760927,4.275921564332958e-09,8.938141535098439e-08,True,4.988300953131517
image_shell,S2,2,coarse,4.11,60.94671756962223,cpp,64,4.0,2,0,0.0001,0.007074990497881669,0.005129791621750385,11,4,0.6443148164621374,0.9998541640253942,0.9997940802392962,1.3053428127008952,7.792535447499588e-06,5.969723333731765e-06,6.13500184151913e-07,2.220446049250313e-12,276295.9200738286,True,1.4909071022296374e-05,1.432896318815158e-10,0,0.04783930988663733,3.5841714831164543e-09,7.492105324281861e-08,True,4.988699047015279
image_shell,S2,2,fine0,2.335,10.329459929369532,cpp,64,4.0,2,0,0.0001,0.017511832688614143,0.004627545751153667,6,8,1.0,1.0,1.0,1.3053428127008952,0.10531804618660913,0.08068228909821376,0.009754556044024806,2.220446049250313e-12,4393061496.503473,True,1.567671516668862e-05,7.212862602586838e-14,0,0.03249697642315113,0.001984813851825621,0.0610768776141162,False,
image_shell,S2,2,fine0,2.3375,10.35531588567169,cpp,64,4.0,2,0,0.0001,0.017320817745254333,0.004620383689387925,7,8,0.014417245607075146,0.9973698307378078,0.9996531497696982,1.3053428127008952,0.1033322906254051,0.07916103694752755,0.009553334801611319,2.220446049250313e-12,4302439505.268232,True,1.578329207119246e-05,-1.81896202278232e-13,0,0.032698348191397296,0.0019495234637362906,0.05962146626872107,False,7.6139460832754855
image_shell,S2,2,fine0,2.34,10.381236562731843,cpp,64,4.0,2,0,0.0001,0.017133913985108763,0.0046072852928200955,7,8,0.0051542078937350565,0.997959936412651,0.999548191847219,1.3053428127008952,0.10138873483894287,0.07767211329655128,0.009356955054027819,2.220446049250313e-12,4213997929.464216,True,1.590852352027328e-05,2.316562827066375e-13,0,0.03289733285991423,0.0019146153188667064,0.058199712633837455,False,7.595171726295894
image_shell,S2,2,fine0,2.3425,10.407222122554305,cpp,64,4.0,2,0,0.0001,0.016951003907615066,0.0045866528179139285,7,8,0.08328287002324586,0.9964013438757342,0.9993970049986508,1.3053428127008952,0.09948640727575862,0.07621477385692307,0.009165285557596504,2.220446049250313e-12,4127677662.1935806,True,1.6015278510643325e-05,2.8814133230361584e-13,0,0.033093937933359026,0.0018801029599521024,0.056811098266336554,False,7.576385673567032
image_shell,S2,2,fine0,2.345,10.433272727548918,cpp,64,4.0,2,0,0.0001,0.01677197532657714,0.004556221734184719,6,8,0.03678883070543543,0.999171393756529,0.999171393756529,1.3053428127008952,0.09762436033966804,0.07478829269199613,0.008978198829583324,2.220446049250313e-12,4043421290.336968,True,1.611941092880277e-05,-6.442563640573725e-14,0,0.033288172337657566,0.0018459983485530653,0.05545508265903688,False,7.557587447499943
image_shell,S2,2,fine0,2.3475,10.459388540532034,cpp,64,4.0,2,0,0.0001,0.01659672100288703,0.004512635131971275,6,8,0.06412142091049325,0.9944236188306974,0.9988196370235636,1.3053428127008952,0.0958016696047774,0.0733919616154728,0.008795571048654773,2.220446049250313e-12,3961173049.723236,True,1.6215033520674995e-05,2.206263087118306e-13,0,0.033480046317928586,0.0018123119753098744,0.054131107170523246,False,7.538777228044191
image_shell,S2,2,fine0,2.35,10.485569724727576,cpp,64,4.0,2,0,0.0001,0.016425138305399666,0.004450620176183405,6,8,0.16515327689169418,0.998804642501025,0.9982394327333073,1.3053428127008952,0.09401743307664004,0.07202508962538953,0.008617281956535846,2.220446049250313e-12,3880878780.8401337,True,1.630321167226951e-05,3.218794444774477e-13,0,0.03366957134183889,0.0017790529634232844,0.05283859854825582,False,7.51995580515633
image_shell,S2,2,fine0,2.3525,10.51181644376803,cpp,64,4.0,2,0,0.0001,0.016257128905257524,0.004361216056210427,6,8,0.11528099437453547,0.9938658919664438,0.9972068148909501,1.3053428127008952,0.0922707705125492,0.07068700238340533,0.008443214760969769,2.220446049250313e-12,3802485885.1312523,True,1.63864804448297e-05,3.1238526475047424e-13,0,0.033856760008150626,0.0017462291657455982,0.05157697208253872,False,7.501124460861369
image_shell,S2,2,fine0,2.355,10.538128861695476,cpp,64,4.0,2,0,0.0001,0.016092598494674693,0.004227334546782033,6,8,0.1618591399160732,0.9963210015917654,0.9951540414439802,1.3053428127008952,0.09056082278014993,0.06937704172344566,0.008273256040236111,2.220446049250313e-12,3725943281.9948053,True,1.6472163923147118e-05,-1.1847654287560622e-13,0,0.0340416259602261,0.001713847255842043,0.05034563442546738,False,7.482284920507244
image_shell,S2,2,fine0,2.3575,10.564507142962611,cpp,64,4.0,2,0,0.0001,0.015931456527746066,0.004009593680065662,6,8,0.0035788066543396904,0.9923007796676098,0.9902558939495015,1.3053428127008952,0.08888675125634968,0.06809456519121854,0.008107295649455058,2.220446049250313e-12,3651201366.5868244,True,1.655464515488336e-05,8.502198684842796e-14,0,0.03422418380426944,0.0016819128133733281,0.04914398610620806,True,7.463439282791548
image_shell,S2,2,fine0,2.36,10.59095145243378,cpp,64,4.0,2,0,0.0001,0.015773615986003433,0.0035731764735567302,6,8,0.23476051494641326,0.9729351809868456,0.9729351809868456,1.3053428127008952,0.08724773725898634,0.06683894560882543,0.007945226628341559,2.220446049250313e-12,3578211968.277319,True,1.6626418034278624e-05,-7.147314433861927e-14,0,0.03440444903208342,0.001650430404123452,0.04797142377093046,True,7.444589969862734
image_shell,S2,2,fine0,2.3625,10.617461955386002,cpp,64,4.0,2,0,0.0001,0.015618993160862113,0.002921569297029956,13,9,0.21087266582162054,0.9749761482557467,0.515596530721409,1.3053428127008952,0.0856429815115142,0.06560957066466672,0.007786945110982873,2.220446049250313e-12,3506928310.0176973,True,1.6694696382552114e-05,-5.25708827132663e-14,0,0.03458243794813437,0.0016194036549873174,0.04682734217339006,True,7.425739665121625
image_shell,S2,2,fine0,2.365,10.644038817510012,cpp,64,4.0,2,0,0.0001,0.01546750745481256,0.004198573868328157,13,9,0.025561429936782384,0.9789125801994374,0.9572681946360113,1.3053428127008952,0.08407170363394295,0.06440584252345904,0.00763235023734894,2.220446049250313e-12,3437304968.4885807,True,1.6774418096735675e-05,1.9923755291187373e-13,0,0.034758167600721056,0.001588835324212674,0.04571113593973561,True,7.4068912710889565
image_shell,S2,2,fine0,2.3675,10.670682204911275,cpp,64,4.0,2,0,0.0001,0.015319081197902165,0.004832832824995735,6,9,0.07187931673119269,0.9895206852916067,0.9895206852902964,1.3053428127008952,0.08253314165380332,0.06322717745159476,0.007481344066788384,2.220446049250313e-12,3369297835.141864,True,1.6843850310835907e-05,-2.0071637757008965e-13,0,0.034931655717053124,0.0015587273671761306,0.044622201129023,True,7.388047888613858
image_shell,S2,2,fine0,2.37,10.697392284111054,cpp,64,4.0,2,0,0.0001,0.015173639479566103,0.00527995322170664,13,9,0.02641706790450589,0.9942571279868166,0.9942571279868166,1.3053428127008952,0.08102655154727827,0.06207300546561066,0.007333831493349831,2.220446049250313e-12,3302864078.064831,True,1.6890302554740172e-05,4.528240092667598e-13,0,0.03510292064204987,0.0015290809979591712,0.04355993660902055,True,7.369212740399196
image_shell,S2,2,fine0,2.3725,10.724169222047431,cpp,64,4.0,2,0,0.0001,0.015031109993877002,0.005631478493613725,13,9,0.05826193393127704,0.9870916966156273,0.9959698040623072,1.3053428127008952,0.07955120679069723,0.060942769988595706,0.0071897201630603605,2.220446049250313e-12,3237962104.725678,True,1.6947848913417083e-05,1.2954214295292474e-13,0,0.0352719812806795,0.0014998967469740554,0.04252374526507348,True,7.3503891815390245
image_shell,S2,2,fine0,2.375,10.751013186076355,cpp,64,4.0,2,0,0.0001,0.014891422894494206,0.005923605602855948,13,9,0.051439709389548706,0.9932622593889899,0.996790396157361,1.3053428127008952,0.07810639793726509,0.05983592752593054,0.007048920393443374,2.220446049250313e-12,3174551525.727587,True,1.700240516372198e-05,3.993196167304013e-13,0,0.03543885704366245,0.00147117451487482,0.041513035058163957,True,7.33158063327298
image_shell,S2,2,fine0,2.3775,10.777924343972689,cpp,64,4.0,2,0,0.0001,0.014754510664355857,0.006174718861482031,13,9,0.008926469264800401,0.996174924488864,0.9972338508703956,1.3053428127008952,0.07669143220409273,0.05875194734891892,0.00691134509459205,2.220446049250313e-12,3112593119.263366,True,1.7062220621435577e-05,2.8854919063205916e-13,0,0.03560356779637521,0.0014429136229803623,0.04052721994696455,True,7.312790584064379
image_shell,S2,2,fine0,2.38,10.804902863931257,cpp,64,4.0,2,0,0.0001,0.014620307991631696,0.006395556748274215,13,9,0.09460210417292927,0.9896356037039798,0.9974786988924498,1.3053428127008952,0.07530563307412369,0.05769031118983082,0.0067769096925469246,2.220446049250313e-12,3052048796.6077833,True,1.7106274508409688e-05,1.5304642939546086e-13,0,0.035766133810790385,0.001415112860416648,0.039565720687141155,True,7.294022564973407
image_shell,S2,2,fine0,2.3825,10.831948914567898,cpp,64,4.0,2,0,0.0001,0.014488751656102588,0.0065929874963097275,13,9,0.11100571712118898,0.9800389624101171,0.9975986602860386,1.3053428127008952,0.07394833991577575,0.056650512950516534,0.0066455320546129695,2.220446049250313e-12,2992881568.4833655,True,1.7155547969372068e-05,3.3206592512348567e-13,0,0.03592657572030156,0.0013877705281799128,0.038627965520123445,True,7.275280105187097
image_shell,S2,2,fine0,2.385,10.859062664920515,cpp,64,4.0,2,0,0.0001,0.014359780426230293,0.006771694634421643,6,9,0.028559377971680507,0.9976248989939622,0.9976248989915989,1.3053428127008952,0.07261890760958435,0.05563205841638488,0.006517132416400367,2.220446049250313e-12,2935055512.202487,True,1.7197186998744402e-05,7.522370304986043e-14,0,0.03608491447728528,0.0013608844803062736,0.03771339076230658,True,7.2565667396415074
image_shell,S2,2,fine1,2.535,12.616430848036902,cpp,64,4.0,2,0,0.0001,0.009777540300500095,0.0015107093893997935,6,7,1.0,1.0,1.0,1.3053428127008952,0.026460916254701494,0.020271239093086205,0.0022406996536828753,2.220446049250313e-12,1009121412.5375396,True,1.7462265322152764e-05,-4.485013030930544e-13,0,0.0425404153381702,0.00040485644439433414,0.00951698381823435,True,
image_shell,S2,2,fine1,2.5375,12.648011384379227,cpp,64,4.0,2,0,0.0001,0.009735648259132812,0.0011500778365098085,7,7,0.06521736388907072,0.9985058101970524,0.999505625493008,1.3053428127008952,0.02604971665413356,0.019956226364960698,0.002204343245347733,2.220446049250313e-12,992747941.8344721,True,1.744459766223794e-05,-1.3329500162331549e-13,0,0.04260937260421694,0.0003967149333800495,0.009310508677632763,True,6.264757946142234
image_shell,S2,2,fine1,2.54,12.679670970833877,cpp,64,4.0,2,0,0.0001,0.00969447514263667,0.0006150689306147721,7,7,0.23912668863878703,0.995325302552833,0.9989113283183307,1.3053428127008952,0.02564574315595216,0.0196467494258373,0.002168660877211777,2.220446049250313e-12,976678031.8503932,True,1.7425963622757526e-05,1.4433603873662232e-12,0,0.0426773986838744,0.0003887392973062507,0.00910878613257971,True,6.2517168511107615
image_shell,S2,2,fine1,2.5425,12.71140980527337,cpp,64,4.0,2,0,0.0001,0.009654007276521676,0.0007423494662779993,6,6,0.20793903174909867,0.9964754909680515,0.9964754909678788,1.3053428127008952,0.025248850677554703,0.019342697130504825,0.0021336381409168387,2.220446049250313e-12,960905193.6376553,True,1.742034924135236e-05,-1.2224175698646953e-13,0,0.042744506672596015,0.00038092619246790383,0.008911699353220514,True,6.238784818805354
image_shell,S2,2,fine1,2.545,12.743228086065523,cpp,64,4.0,2,0,0.0001,0.009614231270027907,0.0012106671455548968,6,6,0.35439318493806865,0.999176787974645,0.999176787974645,1.3053428127008952,0.02485889741195357,0.019043960843142672,0.0020992609797412408,2.220446049250313e-12,945423096.6116074,True,1.7403766274831337e-05,8.003186120157641e-13,0,0.042810709481806056,0.0003732723371911398,0.008719134574253558,True,6.225961503305872
image_shell,S2,2,fine1,2.5475,12.775126012074695,cpp,64,4.0,2,0,0.0001,0.009575134009117005,0.0013206269789548435,8,6,0.321392020445691,0.9985499212901112,0.9809411353214529,1.3053428127008952,0.024475744745973353,0.018750434374653194,0.002065515678985786,2.220446049250313e-12,930225564.2208303,True,1.7396968192379264e-05,-5.480323442468916e-13,0,0.04287601984093439,0.00036577451106802083,0.008530981010481069,True,6.213246563295087
image_shell,S2,2,fine1,2.55,12.80710378266303,cpp,64,4.0,2,0,0.0001,0.009536702651439683,0.0011361674862967544,8,6,0.07574026829881529,0.9976091350472489,0.9610944861475539,1.3053428127008952,0.024099257183536445,0.01846201392389213,0.002032388856652587,2.220446049250313e-12,915306569.7492539,True,1.7380094600435873e-05,-7.336346877285832e-14,0,0.042940450299470224,0.00035842955417412104,0.00834713077469854,True,6.20063961464143
image_shell,S2,2,fine1,2.5525,12.839161597691701,cpp,64,4.0,2,0,0.0001,0.009498924619277078,0.0009459716169456414,10,6,0.28291844713286235,0.9993340497433408,0.5490395924965186,1.3053428127008952,0.02372930226923528,0.018178598019118666,0.0019998674544057108,2.220446049250313e-12,900660232.2451942,True,1.73728591666788e-05,-5.263150335781781e-13,0,0.04300401322903149,0.00035123436626991307,0.008167478797834594,True,6.1881402576364195
image_shell,S2,2,fine1,2.555,12.871299657522147,cpp,64,4.0,2,0,0.0001,0.009461787594459047,0.0007998194976038015,5,6,0.07401100388514946,0.9974739069677137,0.9291574766295736,1.3053428127008952,0.023365750513813642,0.017900087460907974,0.0019679387287269466,2.220446049250313e-12,886280812.5382644,True,1.7350224132484712e-05,-5.730465557504888e-13,0,0.043066720825445715,0.00034418590599095744,0.007991922751350905,True,6.175748078613738
image_shell,S2,2,fine1,2.5575,12.90351816301735,cpp,64,4.0,2,0,0.0001,0.009425279512094839,0.000964696172321157,5,6,0.08336472195305424,0.9988366438738483,0.9947737723762073,1.3053428127008952,0.023008475320942953,0.017626385266055845,0.0019365902425312227,2.220446049250313e-12,872162709.4632953,True,1.7331750601518495e-05,-2.565170107814011e-13,0,0.043128585110842346,0.0003372811900262515,0.007820362971783658,True,6.163462661435747
image_shell,S2,2,fine1,2.56,12.935817315543076,cpp,64,4.0,2,0,0.0001,0.009389388555578113,0.0011382441485799448,4,6,0.02719840118445178,0.9925060967099533,0.8840351639421332,1.3053428127008952,0.022657352917854777,0.01735739661443745,0.0019058098567446135,2.220446049250313e-12,858300456.0674059,True,1.7322172612008757e-05,-1.877007740113735e-13,0,0.04318961793575057,0.0003305172922881735,0.007652702387408365,True,6.15128355407101
image_shell,S2,2,fine1,2.5625,12.968197316969134,cpp,64,4.0,2,0,0.0001,0.009354103150436001,0.0013044527611773373,3,6,0.041137621961977906,0.9987882025951988,0.8164347475027381,1.3053428127008952,0.022312262286453288,0.017093028796233846,0.0018755857224015712,2.220446049250313e-12,844688716.0509138,True,1.730914203757253e-05,-1.241153493965663e-13,0,0.04324983098120197,0.0003238913430749621,0.007488846446954617,True,6.139210291048152
image_shell,S2,2,fine1,2.565,13.000658369670637,cpp,64,4.0,2,0,0.0001,0.009319411959903443,0.0014581523940366981,9,6,0.00048147029980751964,0.9943146792128347,0.5283552732563132,1.3053428127008952,0.02197308509474886,0.01683319115940446,0.0018459062728181485,2.220446049250313e-12,831322280.2424675,True,1.7296441478594623e-05,4.767774257710338e-13,0,0.043309235760836416,0.00031740052822831083,0.007328703050339417,True,6.127242420426598
image_shell,S2,2,fine1,2.5675,13.033200676529269,cpp,64,4.0,2,0,0.0001,0.009285303878725268,0.0015992570408180481,2,6,0.04941512083308748,0.9912873864004734,0.6965715895970966,1.3053428127008952,0.021639705633613268,0.016577795061236352,0.0018167602160415951,2.220446049250313e-12,818196063.198647,True,1.7285268608770515e-05,2.269625438618432e-13,0,0.043367843623007156,0.0003110420882864105,0.007172182481339676,True,6.11537944031623
image_shell,S2,2,fine1,2.57,13.065824440934556,cpp,64,4.0,2,0,0.0001,0.00925176802892636,0.0017291118448121083,2,6,0.1311214904388607,0.9964851519061692,0.960764903936937,1.3053428127008952,0.02131201075223833,0.016326753818900246,0.0017881365275426273,2.220446049250313e-12,805305099.9128549,True,1.7257905849662185e-05,5.660687855754015e-14,0,0.04342566575288472,0.0003048133176345364,0.007019197342168276,True,6.1036208517145845
image_shell,S2,2,fine1,2.5725,13.098529866785132,cpp,64,4.0,2,0,0.0001,0.009218793754443429,0.0018492307059856626,9,6,0.0684418819042882,0.9946843095306064,0.9709302719760607,1.3053428127008952,0.020989889795006822,0.016079982661088447,0.0017600244430751929,2.220446049250313e-12,792644542.5996404,True,1.7252712807784586e-05,1.033842535879011e-12,0,0.0434827131745564,0.00029871156365503905,0.006869662489916291,True,6.091966164707469
image_shell,S2,2,fine1,2.575,13.131317158490017,cpp,64,4.0,2,0,0.0001,0.009186370616341678,0.001960958387614105,9,6,0.006434817271642033,0.9942964027654091,0.22181162915125321,1.3053428127008952,0.020673234543727045,0.01583739868376177,0.0017324134517996148,2.220446049250313e-12,780209657.597638,True,1.7226374095266924e-05,2.150935229846367e-13,0,0.04353899675312263,0.00029273422587555123,0.006723494974756309,True,6.080414827899248
image_shell,S2,2,fine1,2.5775,13.164186520969883,cpp,64,4.0,2,0,0.0001,0.009154488388144633,0.002065416170471587,9,6,0.1404780232899054,0.9979553404777253,0.7371326347324324,1.3053428127008952,0.02036193915539903,0.01559892080247332,0.0017052932895576666,2.220446049250313e-12,767995822.3409314,True,1.7219000282960893e-05,-2.9578650853696506e-13,0,0.0435945271967828,0.00028687875512036415,0.0065806139799478155,True,6.068966342444612
image_shell,S2,2,fine1,2.58,13.197138159658358,cpp,64,4.0,2,0,0.0001,0.009123137051339223,0.0021635238310243323,2,6,0.08315563603065436,0.9896588272211218,0.979351718075694,1.3053428127008952,0.020055900108289993,0.015364469711057871,0.0016786539323929578,2.220446049250313e-12,755998522.4408942,True,1.720576109755984e-05,5.669320595323864e-13,0,0.04364931505891677,0.00028114265266216293,0.006440940763507595,True,6.057620132811763
image_shell,S2,2,fine1,2.5825,13.23017228050329,cpp,64,4.0,2,0,0.0001,0.009092306790432783,0.0022560360556069673,9,6,0.2076321968098009,0.9987089279098927,0.41634027836783966,1.3053428127008952,0.019755016142619992,0.015133967836192188,0.0016524855901994696,2.220446049250313e-12,744213348.8257445,True,1.7188306286364576e-05,1.512819381112231e-13,0,0.0437033707401541,0.00027552346937693387,0.006304398601542796,True,6.046375679953288
image_shell,S2,2,fine1,2.585,13.263289089968042,cpp,64,4.0,2,0,0.0001,0.009061987989062584,0.00234357620811295,9,6,0.16766542218746766,0.999870208619325,0.4443193854730617,1.3053428127008952,0.01945918820854562,0.014907339297546259,0.0016267787006298334,2.220446049250313e-12,732635994.9970777,True,1.7178210792899775e-05,4.685971107975704e-14,0,0.043756704490432966,0.00027001880490364635,0.006170912733217459,True,6.0352324073382135
image_shell,S3,3,coarse,2.31,10.074424655013587,cpp,64,4.0,3,0,0.0001,0.01972161178939737,0.004432613941624841,6,8,1.0,1.0,1.0,1.3053428127008952,0.12809084573961635,0.09812812733429202,0.012097193412785683,2.220446049250313e-12,5448091574.605042,True,1.4050397582597124e-05,-5.330899294097609e-14,0,0.030268485971712212,0.002354468576223696,0.07778613632753531,False,
image_shell,S3,3,coarse,2.335,10.329459929369532,cpp,64,4.0,3,0,0.0001,0.017548733445255805,0.004553723648957147,6,8,0.04789527791443332,0.9665224061973807,0.9880807904678367,1.3053428127008952,0.10564339307436574,0.08093153158424196,0.009783148775707351,2.220446049250313e-12,4405938518.078575,True,1.566762425559557e-05,4.414933293641943e-13,0,0.032423426306607196,0.0019848962456134912,0.06121796712178479,False,7.70682153546759
image_shell,S3,3,coarse,2.36,10.59095145243378,cpp,64,4.0,3,0,0.0001,0.015805602242333044,0.003597173199212029,6,8,0.10156013054452322,0.9750318377614761,0.7410593671545003,1.3053428127008952,0.08753946270148892,0.0670624313013685,0.007970476579074735,2.220446049250313e-12,3589583535.1486244,True,1.6625701304074716e-05,1.2886220440693353e-13,0,0.03433937313852135,0.0016505004407682009,0.048064373048111834,True,7.519180485498412
image_shell,S3,3,coarse,2.385,10.859062664920515,cpp,64,4.0,3,0,0.0001,0.01438766386659101,0.006718523247634862,6,9,0.017316600676761863,0.9683497636419103,0.601447000225198,1.3053428127008952,0.07287978374776104,0.05583191100348949,0.006539429521770008,2.220446049250313e-12,2945097235.7459025,True,1.7197545471073683e-05,8.630606867943299e-14,0,0.03602735873351328,0.0013609439646944568,0.03777529112697576,True,7.331136331404669
image_shell,S3,3,coarse,2.41,11.133961145065307,cpp,64,4.0,3,0,0.0001,0.01322442589699858,0.006879619272413662,6,7,0.038156534238292426,0.9791739827408219,0.6567792517889184,1.3053428127008952,0.06095822515166711,0.046699016196012105,0.005400624019198212,2.220446049250313e-12,2432224832.042922,True,1.749585768993747e-05,-1.079796525427939e-13,0,0.037506502745119914,0.0011164482777445927,0.029766792316829837,True,7.144899588870361
image_shell,S3,3,coarse,2.435,11.41581871336694,cpp,64,4.0,3,0,0.0001,0.012264560317896722,0.006258755198639858,10,7,0.14294713598436504,0.9602337346409865,0.7305618484570063,1.3053428127008952,0.05121820940161438,0.03923736270906367,0.004487278463132825,2.220446049250313e-12,2020890561.4472644,True,1.764532334328992e-05,-3.084245264071354e-13,0,0.038798727509633736,0.0009131028686705634,0.023534350925396706,True,6.96374699188094
image_shell,S3,3,coarse,2.46,11.704811539980854,cpp,64,4.0,3,0,0.0001,0.011468915859341882,0.005291272756606517,10,7,0.0014145356725128704,0.9861391697048478,0.9834407191146359,1.3053428127008952,0.043221387247180824,0.03311113894881844,0.0037492635664198915,2.220446049250313e-12,1688518200.06424,True,1.7685137486988185e-05,1.7553546659434096e-13,0,0.03992594893441773,0.000745549234085468,0.018673300296759517,True,6.790386931376761
image_shell,S3,3,coarse,2.485,12.001120254831195,cpp,64,4.0,3,0,0.0001,0.010806817398043442,0.004323827371060685,23,7,0.2012548447721555,0.9909569000573568,0.3348491203022587,1.3053428127008952,0.03662274622854313,0.028056036982933786,0.0031486994034313526,2.220446049250313e-12,1418048145.9995143,True,1.7650684851722762e-05,7.901553254148404e-13,0,0.040908700473458834,0.0006082771639563043,0.014869139251953227,True,6.626636755410122
image_shell,S3,3,coarse,2.51,12.30493006051041,cpp,64,4.0,3,0,0.0001,0.010253860702929418,0.0033140482923086512,10,7,0.1159992768716794,0.9879099129941313,0.3935289577229258,1.3053428127008952,0.03115053902044959,0.02386387600050883,0.002656744589824174,2.220446049250313e-12,1196491394.475073,True,1.756196940131676e-05,1.376036574791896e-13,0,0.04176555505001556,0.0004962020746776991,0.011880653186183724,True,6.473519196429385
image_shell,S3,3,coarse,2.535,12.616430848036902,cpp,64,4.0,3,0,0.0001,0.009790457125821904,0.0015726365628728884,14,7,0.13653962483355733,0.9844152972399793,0.984496456403032,1.3053428127008952,0.026590266294614178,0.020370331866765363,0.002251264802532356,2.220446049250313e-12,1013879532.5797031,True,1.7446502883519568e-05,4.1473316124543197e-13,0,0.04251297395905766,0.00040487845694974216,0.00952364464879974,True,6.331453162621687
image_shell,S3,3,coarse,2.56,12.935817315543076,cpp,64,4.0,3,0,0.0001,0.00940079620069679,0.001065851294745239,4,6,0.0331126686128668,0.9918981619028961,0.5896883825890052,1.3053428127008952,0.022772061132603008,0.01744527254529035,0.0019151374851778514,2.220446049250313e-12,862501246.461024,True,1.7308347239916794e-05,-7.502207130368952e-13,0,0.04316537223377571,0.0003305359074475113,0.007657432111494132,True,6.200432976356486
image_shell,S3,3,coarse,2.585,13.263289089968042,cpp,64,4.0,3,0,0.0001,0.009072067171299473,0.002307363160483393,5,6,0.13223000832161314,0.9874408084917906,0.8209660619350175,1.3053428127008952,0.019560850592299703,0.01498522104842803,0.0016350135698032953,2.220446049250313e-12,736344650.3711826,True,1.71618660193834e-05,1.0709574770077421e-12,0,0.043735283807353004,0.0002700345398800189,0.006174294902703233,True,6.08016982646033
image_shell,S3,3,coarse,2.61,13.599050851830924,cpp,64,4.0,3,0,0.0001,0.008793856594193301,0.003005060745122692,5,6,0.2679310515415777,0.9837091487687335,0.6060413266009875,1.3053428127008952,0.016848729588164954,0.012907513202070736,0.0014004073556398383,2.220446049250313e-12,630687404.5026478,True,1.7006899106029672e-05,-8.061168557775149e-13,0,0.04423356347008924,0.000220789118361621,0.004991438650673458,True,5.970195655207719
image_shell,S3,3,coarse,2.635,13.94331246316286,cpp,64,4.0,3,0,0.0001,0.008557674288511162,0.0034879409052998712,5,6,0.2587176054613753,0.9989420074578812,0.9559356861990961,1.3053428127008952,0.014549066618899504,0.01114578214805957,0.0012030227937776278,2.220446049250313e-12,541793300.5775138,True,1.685527572905064e-05,-3.0572724485429417e-13,0,0.04466959284308279,0.00018068626330722224,0.0040449498597836895,True,5.869936677554943
image_shell,S3,3,coarse,2.66,14.296289098677603,cpp,64,4.0,3,0,0.0001,0.008356577091848717,0.0038498952168839187,5,6,0.016301738852410826,0.9970213226371929,0.43565636283888476,1.3053428127008952,0.012591950158990856,0.009646469905431778,0.0010362510042592325,2.220446049250313e-12,466685963.66441816,True,1.6712507911902646e-05,4.937765263366507e-13,0,0.04505147437031952,0.00014800602190067656,0.0032852647769988368,True,5.778764325501396
image_shell,S3,3,coarse,2.685,14.658201380262703,cpp,64,4.0,3,0,0.0001,0.008184869023262495,0.004132736095561859,5,6,0.09629937843029013,0.9980736530376801,0.7117376194752266,1.3053428127008952,0.010920666312936918,0.008366128963732431,0.0008947926397970921,2.220446049250313e-12,402978779.91640466,True,1.655969056908697e-05,-2.393712982887955e-13,0,0.045386206488172355,0.00012135237657984291,0.0026737721869631768,True,5.696029895799402
image_shell,S3,3,coarse,2.71,15.029275514875401,cpp,64,4.0,3,0,0.0001,0.008037861858701038,0.0043595855858591095,5,6,0.19731131264788873,0.9996798331680867,0.9903026869512558,1.3053428127008952,0.009488967348806446,0.007269329754972756,0.0007743719328752197,2.220446049250313e-12,348746114.83430105,True,1.6421238230088265e-05,3.835126808920291e-13,0,0.045679837997634996,9.959390684683963e-05,0.002180259633407543,True,5.6210877635909835
image_shell,S3,3,coarse,2.735,15.409743435929318,cpp,64,4.0,3,0,0.0001,0.00791168370679467,0.004544840856387329,5,6,0.002016693675363242,0.9932080012815652,0.9815355729132875,1.3053428127008952,0.008258946439243662,0.006327032530370325,0.0006715185743943895,2.220446049250313e-12,302425080.1414939,True,1.6290678619635144e-05,1.5049185971228174e-12,0,0.04593760213573951,8.181423169371134e-05,0.0017809861179075293,True,5.5533104945736405
image_shell,S3,3,coarse,2.76,15.799842948260395,cpp,64,4.0,3,0,0.0001,0.007803125775189514,0.004698160345300141,2,6,0.025024266483706304,0.9900997974233651,0.9896262379296682,1.3053428127008952,0.007199377542763205,0.005515315572824058,0.0005834001527297862,2.220446049250313e-12,262740071.04417554,True,1.6160144032326306e-05,1.8049477248153854e-12,0,0.04616403199250839,6.727119169979687e-05,0.0014572208881302611,True,5.492098391142874
image_shell,S3,3,coarse,2.785,16.19981787676266,cpp,64,4.0,3,0,0.0001,0.007709519523769294,0.004826363238327399,2,6,0.3608747830610086,0.9907353597600379,0.8731838854247522,1.3053428127008952,0.006284413011501199,0.00481437745728884,0.0005076925561055782,2.220446049250313e-12,228644400.64958563,True,1.604343042839352e-05,8.696078201250772e-13,0,0.04636305935492591,5.5363527182026974e-05,0.0011941301534525415,True,5.436885094286292
image_shell,S3,3,coarse,2.81,16.6099182187867,cpp,64,4.0,3,0,0.0001,0.007628637990169641,0.004934446851835794,2,6,0.005435966277879922,0.9765451631785005,0.9941108174448063,1.3053428127008952,0.00549255714817248,0.00420775071094756,0.00044247908372021074,2.220446049250313e-12,199274863.65615797,True,1.5939099147367777e-05,9.69726248399347e-13,0,0.04653809912059543,4.560383033794199e-05,0.000979924646680724,True,5.387140501839934
image_shell,S3,3,coarse,2.835,17.03040030039619,cpp,64,4.0,3,0,0.0001,0.0075586163496012375,0.005026178958021374,2,6,0.2972641698009631,0.9758581981483214,0.6360056148384144,1.3053428127008952,0.004805853402579196,0.003681679138858065,0.00038617141607700476,2.220446049250313e-12,173916144.55455354,True,1.5829468018454138e-05,3.027030571611523e-12,0,0.04669212130100428,3.759666851236181e-05,0.0008052036931454036,True,5.342371845566494
image_shell,S3,3,coarse,2.86,17.46152693657999,cpp,64,4.0,3,0,0.0001,0.00749788778853123,0.00510446479914612,2,6,0.10117145459778373,0.9701777056320237,0.7985883308607377,1.3053428127008952,0.004209237636931602,0.003224622371974635,0.0003374473393673831,2.220446049250313e-12,151972771.18321118,True,1.573379843924798e-05,-3.668791876455948e-13,0,0.04682771243198281,3.102092763041675e-05,0.0006624480680211448,True,5.30212345664273
image_shell,S3,3,coarse,2.885,17.90356759552007,cpp,64,4.0,3,0,0.0001,0.007445131588478661,0.005171585718817249,2,6,0.25362408073734166,0.983802240584386,0.9813298974149869,1.3053428127008952,0.0036900210150072007,0.002826859717695269,0.00029520139175873936,2.220446049250313e-12,132946887.79239105,True,1.5646553359284425e-05,3.220220900932515e-13,0,0.04694712798293483,2.5615577730377625e-05,0.0005456260868543189,True,5.265975770891166
image_shell,S3,3,coarse,2.91,18.356798567017925,cpp,64,4.0,3,0,0.0001,0.007399230963587819,0.005229360379391537,2,6,0.12416116181837832,0.9905261778980072,0.9345147351085522,1.3053428127008952,0.003237474529789011,0.0024801718738469373,0.00025850553636357613,2.220446049250313e-12,116420543.72402117,True,1.556616332133131e-05,2.2001149191170887e-12,0,0.04705233713536365,2.116820210404447e-05,0.0004498863051828056,True,5.233543736481912
image_shell,S3,3,coarse,2.935,18.821503135184646,cpp,64,4.0,3,0,0.0001,0.007359238706460936,0.005279257136796182,2,6,0.026613928957838186,0.9885224370610766,0.9878979513081775,1.3053428127008952,0.0028424935742908815,0.002177583962338181,0.00022657765894806261,2.220446049250313e-12,102041506.04089741,True,1.549743147265676e-05,4.831404208147264e-12,0,0.047145061098531095,1.7505752655277878e-05,0.0003713167879598592,True,5.204474947670241
image_shell,S3,3,coarse,2.96,19.297971755502758,cpp,64,4.0,3,0,0.0001,0.007324349102878496,0.005322474430840684,2,6,0.14983144569976828,0.981632118000824,0.9884953295841525,1.3053428127008952,0.002497325843329824,0.0019131570795280872,0.0001987562057333829,2.220446049250313e-12,89511837.4078437,True,1.542571488830167e-05,1.3399758773390973e-12,0,0.04722680595089412,1.4487096056906112e-05,0.00030675578763403197,True,5.178447573905315
image_shell,S3,3,coarse,2.985,19.786502236370332,cpp,64,4.0,3,0,0.0001,0.0072938748924501135,0.0053599995755787555,2,6,0.07361238927989819,0.9809056643396507,0.9287444073735712,1.3053428127008952,0.002195349567699734,0.0016818184053561521,0.00017447966478249094,2.220446049250313e-12,78578655.32981552,True,1.536807629172239e-05,5.8215827356317596e-12,0,0.0472988908410543,1.199699954395037e-05,0.0002536423017669849,True,5.155168260250587
image_shell,S3,3,coarse,3.01,20.287399925240926,cpp,64,4.0,3,0,0.0001,0.007267228304985927,0.0053926525733077445,2,6,0.3284689420885443,0.9865465160328464,0.8684077120105752,1.3053428127008952,0.0019308919381213405,0.0014792221011476032,0.00015326988760079827,2.220446049250313e-12,69026620.86860728,True,1.5311845171827438e-05,2.2167734376343123e-12,0,0.04736247224986759,9.941273967521258e-06,0.00020989769949242992,True,5.134369997480046
image_shell,S3,3,coarse,3.035,20.800977899475697,cpp,64,4.0,3,0,0.0001,0.007243905397738195,0.005363829018578549,13,6,0.32690983643499155,0.9937042875803246,0.9608607522447211,1.3053428127008952,0.0016990797629098022,0.0013016349010986797,0.0001347184701658322,2.220446049250313e-12,60671805.20387651,True,1.526061926760083e-05,-4.256823723427841e-12,0,0.04741856490377098,8.24284743270841e-06,0.00017383165115680027,True,5.115810068120886
image_shell,S3,3,coarse,3.06,21.327557162026903,cpp,64,4.0,3,0,0.0001,0.007223473075763228,0.0053360008525264475,13,6,0.07679686862586407,0.9786791921139938,0.5211650400916527,1.3053428127008952,0.0014957160966676054,0.0011458415997042243,0.0001184755830987974,2.220446049250313e-12,53356659.18962462,True,1.5212124126848642e-05,-4.3202491704122077e-13,0,0.047468059835629406,6.838587724962344e-06,0.00014406714217186768,True,5.099268078978571
image_shell,S3,3,coarse,3.085,21.867466842075256,cpp,64,4.0,3,0,0.0001,0.007205558299604057,0.005311500841306142,20,6,0.022993199680699575,0.9814974494239577,0.4758533669299625,1.3053428127008952,0.001317177887897847,0.0010090666414077569,0.00010424077103046914,2.220446049250313e-12,46945869.7569634,True,1.5175587190940202e-05,1.1296800541321433e-12,0,0.047511740010919394,5.676727742785328e-06,0.00011948052715982771,True,5.0845440964208795
image_shell,S3,3,coarse,3.11,22.421044400746343,cpp,64,4.0,3,0,0.0001,0.007189839082861634,0.005289923697661956,20,6,0.2922089160959169,0.9930184396556397,0.9936250544310768,1.3053428127008952,0.001160330713195784,0.0008889087999764095,9.175534259055467e-05,2.220446049250313e-12,41322932.67000742,True,1.5140166776238337e-05,2.015154792098478e-12,0,0.0475502938714511,4.71477702478623e-06,9.915347815793317e-05,True,5.071456884366297
image_shell,S3,3,coarse,3.135,22.988635842034803,cpp,64,4.0,3,0,0.0001,0.007176036957897284,0.005270914939170916,21,6,0.27492117192153404,0.9884802021837803,0.9363176807759822,1.3053428127008952,0.0010224574610361032,0.0007832865444139753,8.07960506230546e-05,2.220446049250313e-12,36387306.34789964,True,1.5109831830926118e-05,2.6254023014677224e-12,0,0.04758432709406071,3.91782555695712e-06,8.233436923911292e-05,True,5.059842275901372
image_shell,S3,3,coarse,3.16,23.570595929068126,cpp,64,4.0,3,0,0.0001,0.007163910650864938,0.005254164240836297,21,6,0.13676666119669145,0.9932804146693266,0.7984847884237986,1.3053428127008952,0.0009011984532880249,0.0006903921671145896,7.116982333586804e-05,2.220446049250313e-12,32052038.985543933,True,1.5076799025276185e-05,9.394229399375606e-12,0,0.04761437281591821,3.2571645154469213e-06,6.840717041552633e-05,True,5.049551675068979
image_shell,S3,3,coarse,3.185,24.167288405845095,cpp,64,4.0,3,0,0.0001,0.0071532507555780315,0.005239399709174462,13,6,0.005115588188197504,0.99247349183043,0.39990754575368265,1.3053428127008952,0.0007945009854786122,0.0006086531275525268,6.270935511482033e-05,2.220446049250313e-12,28241782.832774896,True,1.5053942022616366e-05,9.22495232380348e-13,0,0.047640900539842844,2.7091633843078804e-06,5.6866334464902986e-05,True,5.0404506369711655
image_shell,S3,3,coarse,3.21,24.779086224587694,cpp,64,4.0,3,0,0.0001,0.007143875234905196,0.00522638294042055,13,6,0.027472570032300716,0.9897740932135722,0.9691833269478717,1.3053428127008952,0.0007005766531176811,0.0005366993607358303,5.526940324996536e-05,2.220446049250313e-12,24891126.388153367,True,1.5027178374838223e-05,4.487126663901684e-12,0,0.047664323900973554,2.254354717548176e-06,4.72964794849871e-05,True,5.03241761076866
image_shell,S3,3,coarse,3.235,25.406371778848346,cpp,64,4.0,3,0,0.0001,0.007135625610143838,0.005214904748226849,20,6,0.023818962096502704,0.9958359773936967,0.9933095272301753,1.3053428127008952,0.0006178651426885969,0.0004733355381259328,4.8723666713389786e-05,2.220446049250313e-12,21943188.725454647,True,1.500907055402514e-05,8.042669085052224e-12,0,0.04768500744928021,1.8766872807218262e-06,3.935591879099421e-05,True,5.025342726068076
image_shell,S3,3,coarse,3.26,26.049537142518336,cpp,64,4.0,3,0,0.0001,0.007128363723934437,0.00520478146404608,20,6,0.26088969225340425,0.9940542694031808,0.9367977987201476,1.3053428127008952,0.0005450034084210629,0.00041751745450943417,4.296214658730983e-05,2.220446049250313e-12,19348430.736164518,True,1.4991482778580545e-05,5.696291603019269e-12,0,0.04770327257982069,1.5629159088211385e-06,3.276328487119936e-05,True,5.019126772145759
image_shell,S3,3,coarse,3.285,26.708984314886784,cpp,64,4.0,3,0,0.0001,0.007121968983240281,0.005195851728394899,13,6,0.030209179372713005,0.9878129531948279,0.9938061667927387,1.3053428127008952,0.0004807993565972336,0.00036833186801129105,3.7888906689462714e-05,2.220446049250313e-12,17063646.604813978,True,1.4975870583223844e-05,6.441257152815441e-12,0,0.047719402723646324,1.3021025007659356e-06,2.728664707533539e-05,True,5.0136801439718095
image_shell,S3,3,coarse,3.31,27.38512547190322,cpp,64,4.0,3,0,0.0001,0.00711633600461276,0.005187973703893542,20,6,0.3008420556232072,0.9929808732558102,0.9546881590223473,1.3053428127008952,0.00042420931236912475,0.00032497923782289027,3.342016784645094e-05,2.220446049250313e-12,15051105.545993589,True,1.4961638153475467e-05,4.180318628723616e-13,0,0.047733647896198814,1.0852074711961467e-06,2.2734643569584912e-05,True,5.00892201434905
image_shell,S3,3,coarse,3.335,28.07838322380105,cpp,64,4.0,3,0,0.0001,0.007111372598376675,0.005181022651269487,13,6,0.12202341977983651,0.9937361671564384,0.9466153823632537,1.3053428127008952,0.0003743186757566279,0.00028675890510487594,2.948268134242533e-05,2.220446049250313e-12,13277819.27076298,True,1.494969272586609e-05,1.3713984118010623e-11,0,0.04774622868647521,9.047549122484298e-07,1.8949243471971104e-05,True,5.004779433932326
image_shell,S3,3,coarse,3.36,28.789190879242675,cpp,64,4.0,3,0,0.0001,0.007106998038586741,0.005174888818383794,20,6,0.7153268327779558,0.9954908871723953,0.9864127546043147,1.3053428127008952,0.0003303252719850514,0.0002530563379757481,2.6012336858991633e-05,2.220446049250313e-12,11714915.058519054,True,1.4938556262947788e-05,7.467422412029984e-12,0,0.04775733975871117,7.545578941148916e-07,1.57998309354586e-05,True,5.001186685392123
image_shell,S3,3,coarse,3.385,29.517992716151486,cpp,64,4.0,3,0,0.0001,0.007103141574990238,0.005169475599641843,13,6,0.5073145040272663,0.9958813109391947,0.8433404823105766,1.3053428127008952,0.00029152498931213876,0.00022333212890561835,2.295296792956831e-05,2.220446049250313e-12,10337097.78146508,True,1.493074728512729e-05,-5.4824802381214655e-12,0,0.047767152928541536,6.294928783705091e-07,1.3178362949791349e-05,True,4.998084517666558
image_shell,S3,3,coarse,3.41,30.265244259400085,cpp,64,4.0,3,0,0.0001,0.007099741150325125,0.005164697929320115,20,6,0.24050057979587122,0.9975240102330691,0.9424009248271736,1.3053428127008952,0.00025729936183423716,0.0001971124821240307,2.025532434545295e-05,2.220446049250313e-12,9122187.117445044,True,1.4922628126928336e-05,1.7092724521445855e-11,0,0.04777581986724621,5.253142941224915e-07,1.099540092838119e-05,True,4.995419587996425
image_shell,S3,3,coarse,3.435,31.031412565528075,cpp,64,4.0,3,0,0.0001,0.0070967422924177,0.00516048087758181,20,6,0.5480260586279689,0.997199900592906,0.9653972874128397,1.3053428127008952,0.00022710481318510378,0.0001739809734082033,1.7876186199576597e-05,2.220446049250313e-12,8050718.550721876,True,1.4914516245537409e-05,7.336547904885753e-12,0,0.0477834744805524,4.3850198498945303e-07,9.176854336281485e-06,True,4.993143841426844
image_shell,S3,3,coarse,3.46,31.81697651466769,cpp,64,4.0,3,0,0.0001,0.007094097155330478,0.005156758422522645,13,6,0.011814903737892351,0.9979765128432359,0.9986308173639658,1.3053428127008952,0.0002004633207359802,0.0001535713980921226,1.5777598312869485e-05,2.220446049250313e-12,7105598.588264038,True,1.4909009262073204e-05,7.46552458076625e-12,0,0.04779023500234906,3.6613559175139675e-07,7.661305531002304e-06,True,4.991214078813149
image_shell,S3,3,coarse,3.485,32.62242710985942,cpp,64,4.0,3,0,0.0001,0.007091763688098856,0.005153472374997603,13,6,0.6398444343533403,0.9974763139964266,0.9999170387023135,1.3053428127008952,0.00017695429958834786,0.00013556155353719712,1.3926207419568375e-05,2.220446049250313e-12,6271806.254545237,True,1.4906625750261555e-05,3.957285612920917e-11,0,0.04779620583841949,3.0579102746588406e-07,6.397809660868175e-06,True,4.989591448751342
image_shell,S3,3,coarse,3.51,33.44826778394491,cpp,64,4.0,3,0,0.0001,0.007089704912846604,0.005150571436651813,13,6,0.6303742944422778,0.9984519373380435,0.9485727226237156,1.3053428127008952,0.00015620753557074013,0.00011966782522633259,1.2292687191466928e-05,2.220446049250313e-12,5536134.145487253,True,1.4901468553537924e-05,2.42937414019349e-11,0,0.04780147919077576,2.554550901118714e-07,5.344083372239379e-06,True,4.9882410194939215
image_shell,S3,3,coarse,3.535,34.295014714228856,cpp,64,4.0,3,0,0.0001,0.007087888296920748,0.00514801037377128,13,6,0.6817841171629521,0.9981857207775081,0.9835814266444569,1.3053428127008952,0.0001378970226261246,0.00010564046569559821,1.0851238632707929e-05,2.220446049250313e-12,4886963.426277176,True,1.4898526727738285e-05,-5.231078985421872e-13,0,0.0478061364892842,2.1345498178754065e-07,4.4650121817601135e-06,True,4.987131423392356
image_shell,S3,3,coarse,3.56,35.163197145106615,cpp,64,4.0,3,0,0.0001,0.007086285205945053,0.005145749292395251,20,6,0.26405340775907943,0.9976229807537111,0.9862545942833595,1.3053428127008952,0.00012173558183687855,9.325947226460341e-05,9.57915524230446e-06,2.220446049250313e-12,4314067.9979766505,True,1.4896486838644106e-05,9.426643376256744e-12,0,0.047810249653891614,1.7840008646930094e-07,3.7314192617854213e-06,True,4.986234525416412
image_shell,S3,3,coarse,3.585,36.05335771885924,cpp,64,4.0,3,0,0.0001,0.007084870426796229,0.005143753001736089,13,6,0.13775030694358617,0.9972344997392385,0.9996251654742374,1.3053428127008952,0.00010747015744962414,8.233098340447194e-05,8.45644401764884e-06,2.220446049250313e-12,3808443.812676278,True,1.489485045659944e-05,2.6888567851862135e-11,0,0.04781388220785557,1.4913384146340013e-07,3.119048999516258e-06,True,4.985525068148912
image_shell,S3,3,coarse,3.61,36.966052814822504,cpp,64,4.0,3,0,0.0001,0.0070836217510619765,0.005141990454814152,13,6,0.45430615612895486,0.9990426185034528,0.9990942333226723,1.3053428127008952,9.487769999247163e-05,7.268412486690712e-05,7.4654946541839826e-06,2.220446049250313e-12,3362159.8942719414,True,1.4894003475330653e-05,1.584774685721185e-11,0,0.0478170902598309,1.2469392488381904e-07,2.6077271579314205e-06,True,4.984980407158975
image_shell,S3,3,coarse,3.635,37.901852897142135,cpp,64,4.0,3,0,0.0001,0.007082519610766241,0.005140434256717326,20,6,0.8031270382551318,0.998946640202915,0.9370554618463722,1.3053428127008952,8.376155958180156e-05,6.416824666042314e-05,6.5907904686657436e-06,2.220446049250313e-12,2968228.149876006,True,1.489207868520756e-05,1.0241238973179243e-11,0,0.04781992337048049,1.042793002129906e-07,2.1806664014305554e-06,True,4.984580307663237
image_shell,S3,3,coarse,3.66,38.86134287133247,cpp,64,4.0,3,0,0.0001,0.007081546759661885,0.005139060232060325,13,6,0.3875241217114419,0.9993393071666362,0.9989583607806538,1.3053428127008952,7.394832373349868e-05,5.665050055356081e-05,5.8186555017006006e-06,2.220446049250313e-12,2620489.474925611,True,1.4891347163205728e-05,7.184259891638847e-12,0,0.04782242531734531,8.722291928687891e-08,1.8238915886861752e-06,True,4.984306588159879
image_shell,S3,3,coarse,3.685,39.8451224498614,cpp,64,4.0,3,0,0.0001,0.007080687993966452,0.005137847044318787,20,6,0.3110817623444438,0.9991081056844964,0.9966932029318094,1.3053428127008952,6.528504202974543e-05,5.001371394129304e-05,5.1370330384321044e-06,2.220446049250313e-12,2313514.0077672754,True,1.489167902089315e-05,4.356373956876543e-11,0,0.04782463477004132,7.296910054844003e-08,1.5257638850626394e-06,True,4.984143067418337
image_shell,S3,3,coarse,3.71,40.85380652699027,cpp,64,4.0,3,0,0.0001,0.007079929907518961,0.0051367758607204165,13,4,0.7965893998912883,0.9992424876454933,0.9617612506980242,1.3053428127008952,5.7636789073711836e-05,4.4154522867793703e-05,4.535291454716126e-06,2.220446049250313e-12,2042513.690547614,True,1.4891936132785202e-05,3.589399241223295e-12,0,0.04782658588639531,6.105476749654023e-08,1.276586366452467e-06,True,4.9840752652715805
image_shell,S3,3,coarse,3.735,41.888025563102715,cpp,64,4.0,3,0,0.0001,0.0070792606769695034,0.005135830057096857,20,4,0.7361858937071136,0.9990635286844737,0.9992769513166019,1.3053428127008952,5.088452286735461e-05,3.8981731367616024e-05,4.004053890512415e-06,2.220446049250313e-12,1803265.5609283096,True,1.4892303538546144e-05,2.1550145577468763e-11,0,0.04782830883884215,5.10938822713355e-08,1.0682769997889058e-06,True,4.984090204093918
image_shell,S3,3,coarse,3.76,42.94842597876301,cpp,64,4.0,3,0,0.0001,0.00707866987307489,0.005134994957851372,20,4,0.8871120231123997,0.9994845070415442,0.9996990936101684,1.3053428127008952,4.4923201433268974e-05,3.441486864306398e-05,3.5350487046467403e-06,2.220446049250313e-12,1592044.4028983614,True,1.4892288174908741e-05,2.608755805397339e-11,0,0.0478298302792999,4.276452468385193e-08,8.940973537671078e-07,True,4.9841764368209605
image_shell,S3,3,coarse,3.785,44.03567055874993,cpp,64,4.0,3,0,0.0001,0.007078148294966537,0.005134257606789286,13,4,0.7934715193063566,0.9993968977303676,0.9999449642306063,1.3053428127008952,3.966012623141834e-05,3.0382919985101275e-05,3.1209780774069674e-06,2.220446049250313e-12,1405563.5706441505,True,1.4893405014451054e-05,-1.4113040392832998e-11,0,0.047831173749748025,3.579815625822942e-08,7.484273006873055e-07,True,4.984323642706212
image_shell,S3,3,coarse,3.81,45.15043886631872,cpp,64,4.0,3,0,0.0001,0.007077687824405453,0.005133606565104001,20,4,0.37255762835706635,0.9994874131500555,0.9976248686338206,1.3053428127008952,3.5013483744560846e-05,2.6823209507787587e-05,2.755402497082052e-06,2.220446049250313e-12,1240922.9659114464,True,1.4893995021520019e-05,3.1913168685802744e-11,0,0.047832360044883025,2.997070313967647e-08,6.265779717236147e-07,True,4.984522751273542
image_shell,S3,3,coarse,3.835,46.29342766795043,cpp,64,4.0,3,0,0.0001,0.007077281297539531,0.005133031733240414,20,4,0.3250726533798261,0.9994894026104317,0.983072532022992,1.3053428127008952,3.09110615091638e-05,2.368041652231223e-05,2.432639156054995e-06,2.220446049250313e-12,1095563.2796736152,True,1.4894884139345061e-05,2.0103736044075387e-12,0,0.04783340753246361,2.509513911965034e-08,5.246362409497746e-07,True,4.9847655862604014
image_shell,S3,3,coarse,3.86,47.46535136885352,cpp,64,4.0,3,0,0.0001,0.007076922392114532,0.005132524193788154,20,4,0.719521189787621,0.9993562602570342,0.9999150048036998,1.3053428127008952,2.7289116790120373e-05,2.0905708848740082e-05,2.147672517069516e-06,2.220446049250313e-12,967225.7147588127,True,1.4895833986986921e-05,-2.4494010710009715e-11,0,0.04783433243629641,2.1015317753101915e-08,4.393354455419475e-07,True,4.9850450862577995
image_shell,S3,3,coarse,3.885,48.66694245949041,cpp,64,4.0,3,0,0.0001,0.007076605528104478,0.005132076072892849,20,4,0.09223401056252824,0.9995604330841477,0.9923001671994434,1.3053428127008952,2.4091380023032557e-05,1.8455979370802134e-05,1.8960755876890448e-06,2.220446049250313e-12,853916.5310182676,True,1.4896612301144909e-05,5.715050128426253e-11,0,0.0478351490862295,1.7600840033295117e-08,3.679478452459123e-07,True,4.985354768348746
image_shell,S3,3,coarse,3.91,49.89895197340787,cpp,64,4.0,3,0,0.0001,0.007076325780219178,0.005131680417985199,20,4,0.752453098392938,0.9995623947553236,0.9999891967594902,1.3053428127008952,2.126817605992962e-05,1.6293172837810678e-05,1.6739405713321007e-06,2.220446049250313e-12,753875.8133291604,True,1.489747834993086e-05,1.2529226133683205e-11,0,0.04783587013900784,1.4742781903164495e-08,3.08195123456999e-07,True,4.985689094150803
image_shell,S3,3,coarse,3.935,51.16214995665737,cpp,64,4.0,3,0,0.0001,0.007076078800808469,0.005131331089878858,13,4,0.48464369994604267,0.9997652484706778,0.9952027063741391,1.3053428127008952,1.877564960169113e-05,1.4383692482162815e-05,1.4778177528629575e-06,2.220446049250313e-12,665549.9481115119,True,1.4899025601359736e-05,5.80034503246666e-11,0,0.047836506773388555,1.2350136393268337e-08,2.58173876528516e-07,True,4.986043097044095
image_shell,S3,3,coarse,3.96,52.45732594909905,cpp,64,4.0,3,0,0.0001,0.007075860751905335,0.005131022667545935,13,4,0.10332627296056801,0.9995602435877451,0.9885744590945532,1.3053428127008952,1.6575082050522575e-05,1.2697876672126412e-05,1.3046616489796325e-06,2.220446049250313e-12,587567.371618925,True,1.490107576684962e-05,4.783256850445404e-11,0,0.047837068862521266,1.0346848411358074e-08,2.1629352837427884e-07,True,4.986412401013996
image_shell,S3,3,coarse,3.985,53.785289477889734,cpp,64,4.0,3,0,0.0001,0.007075668245334157,0.005130750364078453,20,4,0.3008504652784089,0.9997156551639382,0.9997718161908488,1.3053428127008952,1.4632288910764798e-05,1.1209537271277429e-05,1.15178352252328e-06,2.220446049250313e-12,518717.18428473215,True,1.4901933292193313e-05,3.878096885646884e-11,0,0.047837565126240475,8.6693455506925e-09,1.8122464067338328e-07,True,4.986793211690689
image_shell,S3,3,coarse,4.01,55.1468705634638,cpp,64,4.0,3,0,0.0001,0.007075498289885422,0.005130509952479675,20,4,0.12810347590154345,0.9997505131862123,0.9997590566391478,1.3053428127008952,1.291708820893905e-05,9.895552404515254e-06,1.0168095071107176e-06,2.220446049250313e-12,457930.29173306056,True,1.4904339053287214e-05,6.27077340422076e-11,0,0.04783800326561372,7.2644776877478634e-09,1.518557881150031e-07,True,4.987182155827822
image_shell,S3,3,coarse,4.035,56.542920238322985,cpp,64,4.0,3,0,0.0001,0.007075348244722661,0.005130297700178545,20,4,0.593766130468021,0.9997253284822832,0.9968491850759539,1.3053428127008952,1.1402831422266151e-05,8.73550711071252e-06,8.976436776984274e-07,2.220446049250313e-12,404262.77323941194,True,1.4904145819525927e-05,1.1728649337766547e-10,0,0.04783839008181088,6.087800822981184e-09,1.272576441759458e-07,True,4.987576287744959
image_shell,S3,3,coarse,4.06,57.97431107895927,cpp,64,4.0,3,0,0.0001,0.007075215778287691,0.005130110311202848,20,4,0.5143925188604542,0.999760770656599,0.9991265724770683,1.3053428127008952,1.0065989521007084e-05,7.711376217086961e-06,7.924354614784784e-07,2.220446049250313e-12,356881.20490296424,True,1.4905340311566818e-05,4.879636753223179e-11,0,0.04783873158112054,5.102142073060419e-09,1.0665295471742751e-07,True,4.987973104429527
image_shell,S3,3,coarse,4.085,59.44193775124387,cpp,64,4.0,3,0,0.0001,0.007075098832045407,0.005129944875113033,13,4,0.7956590934109656,0.9998215423620269,0.9961799497973336,1.3053428127008952,8.885787649500947e-06,6.807244474817533e-06,6.995508926702977e-07,2.220446049250313e-12,315049.71395566507,True,1.4906276077447523e-05,-5.313184717411649e-11,0,0.047839033067727695,4.276406879642669e-09,8.9391582676606e-08,True,4.988370411787186
image_shell,S3,3,coarse,4.11,60.94671756962223,cpp,64,4.0,3,0,0.0001,0.00707499558848432,0.005129798821931014,20,4,0.5478963961836895,0.9998286213500153,0.9991124380505322,1.3053428127008952,7.843882676360535e-06,6.0090595359625835e-06,6.175472407846443e-07,2.220446049250313e-12,278118.5523481402,True,1.4908792788270682e-05,3.1747310421552984e-11,0,0.0478392992256776,3.5845789315455324e-09,7.49295869622923e-08,True,4.988766237077895
image_shell,S3,3,fine0,2.335,10.329459929369532,cpp,64,4.0,3,0,0.0001,0.017548733445255805,0.004553723648957147,6,8,1.0,1.0,1.0,1.3053428127008952,0.10564339307436574,0.08093153158424196,0.009783148775707351,2.220446049250313e-12,4405938518.078575,True,1.566762425559557e-05,4.414933293641943e-13,0,0.032423426306607196,0.0019848962456134912,0.06121796712178479,False,
image_shell,S3,3,fine0,2.3375,10.35531588567169,cpp,64,4.0,3,0,0.0001,0.01735718326122566,0.004549569002079719,6,8,0.01910894332507878,0.9995113508294586,0.9996633580482719,1.3053428127008952,0.10365415606659693,0.07940761235902873,0.009581574296963,2.220446049250313e-12,4315157443.342529,True,1.578933281630512e-05,-2.028745002056304e-14,0,0.03262569135541371,0.0019496045326079419,0.05975672703360005,False,7.603708373526932
image_shell,S3,3,fine0,2.34,10.381236562731843,cpp,64,4.0,3,0,0.0001,0.01716975481846946,0.004539584422851642,6,8,0.004526239558898867,0.9845544596210951,0.9995624603765069,1.3053428127008952,0.10170714442250456,0.07791604123675488,0.009384845665416874,2.220446049250313e-12,4226558744.1701045,True,1.5901389599906673e-05,1.2567446162116983e-14,0,0.03282555883573432,0.0019146950834380604,0.058329397924939484,False,7.584953854563566
image_shell,S3,3,fine0,2.3425,10.407222122554305,cpp,64,4.0,3,0,0.0001,0.016986330281493964,0.004522237925143202,6,8,0.015673802667656087,0.9944236872175232,0.9994175061702547,1.3053428127008952,0.09980138701765812,0.07645607425620116,0.009192831584002744,2.220446049250313e-12,4140083289.6194487,True,1.6010859822541712e-05,7.854101568470712e-14,0,0.03302303635697708,0.0018801814405346898,0.05693545015697645,False,7.56618774767795
image_shell,S3,3,fine0,2.345,10.433272727548918,cpp,64,4.0,3,0,0.0001,0.016806797142922943,0.004495366721906581,6,8,0.18591277996721775,0.9984113205215077,0.9992019091019048,1.3053428127008952,0.09793593662553168,0.07502698576390952,0.009005404517188863,2.220446049250313e-12,4055673642.7932343,True,1.610966545854144e-05,5.916655507647365e-13,0,0.033218132949562815,0.0018460755651579703,0.05557433248765014,False,7.54740967428225
image_shell,S3,3,fine0,2.3475,10.459388540532034,cpp,64,4.0,3,0,0.0001,0.01663104785841903,0.004455781491695981,6,8,0.03114634598412004,0.9908216830271849,0.9988672020815218,1.3053428127008952,0.09610986915043876,0.07362806782654824,0.008822440591560812,2.220446049250313e-12,3973274016.0651608,True,1.6214424877521506e-05,-2.1264501720539577e-13,0,0.03341085896283241,0.0018123879476518187,0.05424547598934802,False,7.528619851862071
image_shell,S3,3,fine0,2.35,10.485569724727576,cpp,64,4.0,3,0,0.0001,0.016458979505763385,0.00439850853208555,6,8,0.03577509808403032,0.9968700574324773,0.9983183275885678,1.3053428127008952,0.09432228288843444,0.07225862966470199,0.008643819497344146,2.220446049250313e-12,3892830226.729692,True,1.6301918624734544e-05,4.940718939251383e-13,0,0.03360122596838125,0.0017791277109243026,0.05294829755909685,False,7.509819116011648
image_shell,S3,3,fine0,2.3525,10.51181644376803,cpp,64,4.0,3,0,0.0001,0.01629049347792682,0.004315182476292171,6,8,0.045881049804951585,0.9964605329300383,0.9973497061514074,1.3053428127008952,0.09257229784686549,0.07091799713159136,0.008469424391444833,2.220446049250313e-12,3814289653.335354,True,1.639421922500592e-05,-5.882148622044327e-14,0,0.03378924666858358,0.0017463027075392162,0.05168220305908406,False,7.491008805610605
image_shell,S3,3,fine0,2.355,10.538128861695476,cpp,64,4.0,3,0,0.0001,0.016125495201095623,0.004190105604735367,6,8,0.09076193327639824,0.991131195792965,0.9954501014312627,1.3053428127008952,0.0908590551088758,0.06960551222623167,0.00829914180191054,2.220446049250313e-12,3737601192.6579213,True,1.6477158334517282e-05,-3.54206276888437e-14,0,0.033974934810070925,0.001713919610777007,0.05044659012175538,False,7.47219068592793
image_shell,S3,3,fine0,2.3575,10.564507142962611,cpp,64,4.0,3,0,0.0001,0.01596389387655491,0.003988126432407061,6,8,0.1576525468123748,0.9961334131442308,0.9910319841156336,1.3053428127008952,0.08918171623708954,0.06832053263660519,0.008132861534200553,2.220446049250313e-12,3662715217.4881454,True,1.65400558703783e-05,5.516384538238958e-13,0,0.0341583051019481,0.0016819840000176867,0.04924085065104007,True,7.453366881567482
image_shell,S3,3,fine0,2.36,10.59095145243378,cpp,64,4.0,3,0,0.0001,0.015805602242333044,0.003597173199212029,6,8,0.05539284883150392,0.9971324996960587,0.976457941157922,1.3053428127008952,0.08753946270148892,0.0670624313013685,0.007970476579074735,2.220446049250313e-12,3589583535.1486244,True,1.6625701304074716e-05,1.2886220440693353e-13,0,0.03433937313852135,0.0016505004407682009,0.048064373048111834,True,7.434539863953691
image_shell,S3,3,fine0,2.3625,10.617461955386002,cpp,64,4.0,3,0,0.0001,0.015650536358395886,0.0025198186023421675,12,9,0.06069150309946142,0.9633836094324266,0.894962444763455,1.3053428127008952,0.08593149535244961,0.06583059600615417,0.0078118830221813,2.220446049250313e-12,3518159346.7757607,True,1.6697361036447225e-05,1.5554728305492175e-13,0,0.03451815532633481,0.0016194725596503333,0.046916544187829035,True,7.415712335209451
image_shell,S3,3,fine0,2.365,10.644038817510012,cpp,64,4.0,3,0,0.0001,0.015498615405219646,0.004065706160321211,7,9,0.018524873341398268,0.9755079435988507,0.9355004965503227,1.3053428127008952,0.08435703391043407,0.06462442899263394,0.007656979955652852,2.220446049250313e-12,3448397207.506154,True,1.676720501598701e-05,3.9303860738739587e-13,0,0.03469466881531208,0.0015889031146422655,0.04579675116947714,True,7.396887227846882
image_shell,S3,3,fine0,2.3675,10.670682204911275,cpp,64,4.0,3,0,0.0001,0.015349761500669436,0.004736782029688642,12,9,0.08130267685739602,0.9883516614790824,0.9883516614736796,1.3053428127008952,0.08281531648290698,0.06344334658843614,0.007505669391638811,2.220446049250313e-12,3380252987.5350685,True,1.6827160578671233e-05,-2.8352507262129805e-14,0,0.034868931433805976,0.001558794060854945,0.044704382863412606,True,7.378067650340921
image_shell,S3,3,fine0,2.37,10.697392284111054,cpp,64,4.0,3,0,0.0001,0.01520389952937862,0.005199465026170887,7,9,0.139928159507114,0.99391130523824,0.99391130523824,1.3053428127008952,0.08130559909685028,0.062286778849013784,0.007357856177468056,2.220446049250313e-12,3313683833.909084,True,1.6888968408247976e-05,1.6860626258853164e-13,0,0.03504096162737056,0.001529146612108245,0.043638831273221275,True,7.359256879806188
image_shell,S3,3,fine0,2.3725,10.724169222047431,cpp,64,4.0,3,0,0.0001,0.0150609569913147,0.005559845824787206,12,9,0.14858316518735312,0.9958095223376224,0.9958095223369108,1.3053428127008952,0.07982715526491924,0.061154169225284376,0.0072134479131340246,2.220446049250313e-12,3248648133.3646874,True,1.6936075691883207e-05,-2.2178630985106263e-13,0,0.03521077840107359,0.0014999612985555687,0.04259949273117559,True,7.340458260899643
image_shell,S3,3,fine0,2.375,10.751013186076355,cpp,64,4.0,3,0,0.0001,0.014920863852453007,0.0058578386899512105,12,9,0.12493154990679636,0.9914982464899624,0.9966970295382498,1.3053428127008952,0.07837927555753581,0.06004497423581827,0.007072354870576679,2.220446049250313e-12,3185105475.9761043,True,1.699421826251004e-05,2.0026214895234448e-13,0,0.03537840126517404,0.0014712380205964288,0.04158576894328725,True,7.321675230673112
image_shell,S3,3,fine0,2.3775,10.777924343972689,cpp,64,4.0,3,0,0.0001,0.014783552416173419,0.006113224234274692,12,9,0.14594183837048566,0.9945409851908913,0.9971709996766891,1.3053428127008952,0.07696126718811552,0.058958663149088285,0.006934489914937676,2.220446049250313e-12,3123016619.691778,True,1.7049426822733165e-05,-1.6225249623879104e-13,0,0.03554385018400169,0.0014429760992986514,0.04059706789863007,True,7.302911307780306
image_shell,S3,3,fine0,2.38,10.804902863931257,cpp,64,4.0,3,0,0.0001,0.0146489571978539,0.006337384402239968,12,9,0.12178878475586871,0.9974317070906253,0.9974317070910105,1.3053428127008952,0.07557245362448223,0.05789471768578145,0.006799768427852239,2.220446049250313e-12,3062343455.7881007,True,1.7098431851513416e-05,4.064927758070801e-14,0,0.035707145527873796,0.001415174323540454,0.03963280465630436,True,7.284170009550644
image_shell,S3,3,fine0,2.3825,10.831948914567898,cpp,64,4.0,3,0,0.0001,0.014517014811719598,0.006537524969334139,7,9,0.18282461051627846,0.9991111288477165,0.9975603997869578,1.3053428127008952,0.07421217419836612,0.05685263171964238,0.006668108232696975,2.220446049250313e-12,3003048975.2040234,True,1.7152296832429134e-05,4.483202034784645e-13,0,0.03586830802789826,0.001387830994073934,0.038692402022266655,True,7.265454908371321
image_shell,S3,3,fine0,2.385,10.859062664920515,cpp,64,4.0,3,0,0.0001,0.01438766386659101,0.006718523247634862,7,9,0.04968625044156727,0.9967415295860651,0.9975912605572129,1.3053428127008952,0.07287978374776104,0.05583191100348949,0.006539429521770008,2.220446049250313e-12,2945097235.7459025,True,1.7197545471073683e-05,8.630606867943299e-14,0,0.03602735873351328,0.0013609439646944568,0.03777529112697576,True,7.246769503568228
image_shell,S3,3,fine1,2.535,12.616430848036902,cpp,64,4.0,3,0,0.0001,0.009790457125821904,0.0015726365628728884,6,7,1.0,1.0,1.0,1.3053428127008952,0.026590266294614178,0.020370331866765363,0.002251264802532356,2.220446049250313e-12,1013879532.5797031,True,1.7446502883519568e-05,4.1473316124543197e-13,0,0.04251297395905766,0.00040487845694974216,0.00952364464879974,True,
image_shell,S3,3,fine1,2.5375,12.648011384379227,cpp,64,4.0,3,0,0.0001,0.009748405280315748,0.0012295625967140007,7,7,0.07588937754104699,0.999314494832709,0.999552504540144,1.3053428127008952,0.026177525885847965,0.020054138752780074,0.002214777601521612,2.220446049250313e-12,997447158.0921252,True,1.7426504256302193e-05,4.0681830496827e-13,0,0.042582268799097676,0.0003967365804630961,0.009316943217255324,True,6.257587203125274
image_shell,S3,3,fine1,2.54,12.679670970833877,cpp,64,4.0,3,0,0.0001,0.00970707441089645,0.0007521059559334195,7,7,0.05303044712316113,0.9986510326880058,0.9991327472706473,1.3053428127008952,0.025772029071410234,0.019743494828063687,0.0021789660573270212,2.220446049250313e-12,981319072.3830931,True,1.7418833327688523e-05,4.942651851496359e-13,0,0.042650628320447116,0.00038876058488150714,0.00911500252612062,True,6.244597095539757
image_shell,S3,3,fine1,2.5425,12.71140980527337,cpp,64,4.0,3,0,0.0001,0.009666450813240352,0.0006045776670519472,7,6,0.12014218909377777,0.9812260091308083,0.9964647147729685,1.3053428127008952,0.02537363059299106,0.019438288812798746,0.0021438157416504154,2.220446049250313e-12,965488777.5247815,True,1.7406523391016338e-05,-8.30022348269364e-14,0,0.04271806566867451,0.0003809471264052216,0.008917705435444684,True,6.231716068720986
image_shell,S3,3,fine1,2.545,12.743228086065523,cpp,64,4.0,3,0,0.0001,0.009626521067693558,0.0011322210199443729,7,6,0.17445456094870998,0.9984306183704501,0.9989518824787397,1.3053428127008952,0.02498218846801212,0.01913841193664772,0.002109312578086288,2.220446049250313e-12,949949934.0677307,True,1.739837810813565e-05,7.09830241291023e-13,0,0.04278459380472557,0.00037329292326706697,0.008724937882332699,True,6.218943783792114
image_shell,S3,3,fine1,2.5475,12.775126012074695,cpp,64,4.0,3,0,0.0001,0.009587272031780069,0.0013905106945117543,4,6,0.02425747470697064,0.9989471527045053,0.9470658547326631,1.3053428127008952,0.024597563909979848,0.018843757877736983,0.0020754428324911115,2.220446049250313e-12,934696356.7035736,True,1.7376916140157796e-05,6.519510783773672e-13,0,0.04285022550696424,0.00036579475496682415,0.008536588795953322,True,6.2062798729675865
image_shell,S3,3,fine1,2.55,12.80710378266303,cpp,64,4.0,3,0,0.0001,0.009548690834862037,0.0012099125574774035,5,6,0.06630223393629606,0.999755501370907,0.9679300297573774,1.3053428127008952,0.024219621250151046,0.01855422270264624,0.0020421931036695875,2.220446049250313e-12,919722010.0704951,True,1.7358398784388468e-05,-9.811136210641051e-14,0,0.042914973373233356,0.0003584494614899349,0.00835255001494431,True,6.193723951506883
image_shell,S3,3,fine1,2.5525,12.839161597691701,cpp,64,4.0,3,0,0.0001,0.009510764872192495,0.0010204111798097224,8,6,0.2010133666931776,0.9959967687689232,0.39988510641470004,1.3053428127008952,0.023848227862086967,0.018269704808610704,0.002009550314281248,2.220446049250313e-12,905021004.6579291,True,1.7353045580259088e-05,6.467758957462324e-13,0,0.04297884982293001,0.00035125394250738853,0.008172716207030466,True,6.181275603629747
image_shell,S3,3,fine1,2.555,12.871299657522147,cpp,64,4.0,3,0,0.0001,0.009473481798447288,0.0008328614146041652,11,6,0.17022940417414723,0.9977023653799939,0.8157402450635837,1.3053428127008952,0.02348325408574176,0.017990104865366646,0.0019775017020997026,2.220446049250313e-12,890587592.8700743,True,1.7341034999590247e-05,4.17924651582887e-13,0,0.043041867099092676,0.0003442051565669504,0.007996984790982877,True,6.1689344230729715
image_shell,S3,3,fine1,2.5575,12.90351816301735,cpp,64,4.0,3,0,0.0001,0.009436829522182789,0.000892509526391699,4,6,0.3164697923354806,0.9998788788090214,0.3593329275156988,1.3053428127008952,0.02312457315589102,0.01771532576032175,0.001946034811509023,2.220446049250313e-12,876416165.196205,True,1.7323962654356728e-05,-2.269103722438856e-13,0,0.043104037270500266,0.0003373001202711796,0.007825255860708494,True,6.156699974034722
image_shell,S3,3,fine1,2.56,12.935817315543076,cpp,64,4.0,3,0,0.0001,0.00940079620069679,0.001065851294745239,5,6,0.03491910829765277,0.9861094946694386,0.9480512713325386,1.3053428127008952,0.022772061132603008,0.01744527254529035,0.0019151374851778514,2.220446049250313e-12,862501246.461024,True,1.7308347239916794e-05,-7.502207130368952e-13,0,0.04316537223377571,0.0003305359074475113,0.007657432111494132,True,6.144571787174848
image_shell,S3,3,fine1,2.5625,12.968197316969134,cpp,64,4.0,3,0,0.0001,0.009365370234206536,0.0012366206347584495,9,6,0.14935767184727627,0.9749595749692539,0.42338344677610323,1.3053428127008952,0.022425596830459114,0.01717985238227047,0.0018847978560577955,2.220446049250313e-12,848837492.2210598,True,1.729809728804828e-05,2.3261657740558775e-13,0,0.043225883715494816,0.0003239096483101337,0.007493418768302117,True,6.132549413056345
image_shell,S3,3,fine1,2.565,13.000658369670637,cpp,64,4.0,3,0,0.0001,0.00933054026068032,0.0013958419713931824,5,6,0.14009228725893566,0.9979257819188581,0.9954551595041901,1.3053428127008952,0.02208506175326551,0.016918974493427615,0.0018550043396500483,2.220446049250313e-12,835419685.2818611,True,1.7284153094322846e-05,7.678050746702471e-13,0,0.04328558327429869,0.0003174185286182868,0.007333123516132857,True,6.120632358436257
image_shell,S3,3,fine1,2.5675,13.033200676529269,cpp,64,4.0,3,0,0.0001,0.009296295149979716,0.0015420774019917296,9,6,0.06506115075392946,0.9718578661889427,0.5842602636167431,1.3053428127008952,0.021750340026232766,0.016662550109138734,0.0018257456263770654,2.220446049250313e-12,822242732.2625065,True,1.7263648247734518e-05,6.564973233750561e-13,0,0.043344482303004625,0.00031105978882870996,0.007176456432313817,True,6.108820162132671
image_shell,S3,3,fine1,2.57,13.065824440934556,cpp,64,4.0,3,0,0.0001,0.009262624000289627,0.00167638909239137,3,6,0.02095855962670729,0.9984137932366477,0.4075015725083306,1.3053428127008952,0.021421318337073416,0.01641049242286813,0.001797010674311644,2.220446049250313e-12,809301660.3210723,True,1.7255161607335627e-05,-4.362438748078982e-13,0,0.04340259203071581,0.000304830723247067,0.007023329920741594,True,6.0971122645108045
image_shell,S3,3,fine1,2.5725,13.098529866785132,cpp,64,4.0,3,0,0.0001,0.009229516131325768,0.0018003231321055164,3,6,0.05347935375806899,0.9900145540778447,0.9343294519198687,1.3053428127008952,0.021097885867300683,0.01616271653853663,0.0017687887020176342,2.220446049250313e-12,796591613.930376,True,1.7234820923869848e-05,5.419504274570394e-13,0,0.043459923524927266,0.00029872867917657637,0.006873658647954934,True,6.0855082166702505
image_shell,S3,3,fine1,2.575,13.131317158490017,cpp,64,4.0,3,0,0.0001,0.009196961081190237,0.001915324523984394,3,6,0.10322651137818616,0.9999177853778043,0.5097329171435138,1.3053428127008952,0.020779934240096404,0.01591913943058412,0.001741069181687631,2.220446049250313e-12,784107851.7874669,True,1.7222794328423077e-05,-7.690178670320376e-15,0,0.04351648769362822,0.0002927510560674083,0.006727359481042713,True,6.074007404066248
image_shell,S3,3,fine1,2.5775,13.164186520969883,cpp,64,4.0,3,0,0.0001,0.009164948599792394,0.0020226139209756533,10,6,0.0406727488805793,0.9977792855694669,0.7827975780524067,1.3053428127008952,0.02046735745185608,0.015679679891527427,0.00171384183240402,2.220446049250313e-12,771845743.7786713,True,1.7207108811773502e-05,5.155583182355069e-13,0,0.04357229528739312,0.0002868953046674956,0.006584351427327808,True,6.062609381848996
image_shell,S3,3,fine1,2.58,13.197138159658358,cpp,64,4.0,3,0,0.0001,0.009133468646387203,0.0021231940506215227,10,6,6.185316759016977e-05,0.99695080226847,0.380585628762571,1.3053428127008952,0.020160051823558137,0.015444258494705166,0.0016870966136395015,2.220446049250313e-12,759800768.0524884,True,1.7198323048034687e-05,1.0111140658652272e-12,0,0.04362735690146959,0.00028115892617427307,0.006444555575742481,True,6.051313528758651
image_shell,S3,3,fine1,2.5825,13.23017228050329,cpp,64,4.0,3,0,0.0001,0.009102511382916454,0.0022178854685063467,3,6,0.029938490569375933,0.9945548594569892,0.9891411608443944,1.3053428127008952,0.019857915938576096,0.015212797546636752,0.0016608237189375036,2.220446049250313e-12,747968508.1735022,True,1.7178820910060778e-05,-5.04599172818112e-13,0,0.043681682977853256,0.00027553947138970005,0.006307895039882034,True,6.040119334726779
image_shell,S3,3,fine1,2.585,13.263289089968042,cpp,64,4.0,3,0,0.0001,0.009072067171299473,0.002307363160483393,3,6,0.026766880124294835,0.9812118071015447,0.797226065867878,1.3053428127008952,0.019560850592299703,0.01498522104842803,0.0016350135698032953,2.220446049250313e-12,736344650.3711826,True,1.71618660193834e-05,1.0709574770077421e-12,0,0.043735283807353004,0.0002700345398800189,0.006174294902703233,True,6.029026200396285
fd_eps,H3e-4,0.0003,coarse,2.31,10.074424655013587,cpp,64,4.0,2,0,0.0003,0.019678688226458362,0.004536507099519229,6,8,1.0,1.0,1.0,1.3053427498973609,0.12772941074043223,0.09785124309341404,0.012064816564568918,7.401486830834377e-13,16300531015.345789,True,4.2218962051046616e-05,1.8059948586050728e-09,0,0.030351567905114018,0.002354371729638106,0.07757002000682184,False,
fd_eps,H3e-4,0.0003,coarse,2.335,10.329459929369532,cpp,64,4.0,2,0,0.0003,0.01751183043537422,0.00462755807248664,6,8,0.057507935570762496,0.96516027070202,0.9878276477912334,1.3053427498973609,0.10531804535006081,0.08068229233918982,0.009754555947168519,7.401486830834377e-13,13179184358.64984,True,4.7099759667759326e-05,1.0871208189603169e-09,0,0.03249697642315113,0.001984813851825621,0.0610768776141162,False,7.717170896761632
fd_eps,H3e-4,0.0003,coarse,2.36,10.59095145243378,cpp,64,4.0,2,0,0.0003,0.015773613888363947,0.003573203511127282,6,8,0.12941064413525522,0.9709341876698901,0.7215693269755409,1.3053427498973609,0.08724773674124472,0.06683894842799334,0.007945226560557291,7.401486830834377e-13,10734635813.249994,True,4.997786074006122e-05,1.7506996243841103e-09,0,0.03440444903208342,0.001650430404123452,0.04797142377093046,True,7.529326179429703
fd_eps,H3e-4,0.0003,coarse,2.385,10.859062664920515,cpp,64,4.0,2,0,0.0003,0.014359778447347466,0.006771696553670652,6,9,0.1334760638016585,0.9845824109706267,0.597604592755804,1.3053427498973609,0.07261890728289401,0.05563206084272045,0.006517132368268855,7.401486830834377e-13,8805166471.577944,True,5.166331342310704e-05,2.034359606241765e-09,0,0.03608491447728528,0.0013608844803062736,0.03771339076230658,True,7.341052079971819
fd_eps,H3e-4,0.0003,coarse,2.41,11.133961145065307,cpp,64,4.0,2,0,0.0003,0.013200020347783555,0.006928211380412599,6,7,0.2785697314483856,0.9904779106303722,0.6565659033838588,1.3053427498973609,0.06072540183527494,0.04652065661685391,0.0053809351245588544,7.401486830834377e-13,7270073226.560421,True,5.259482240258355e-05,4.1232474999881294e-10,0,0.037557393453509086,0.0011163977941820022,0.029725113793212243,True,7.1545290662572105
fd_eps,H3e-4,0.0003,coarse,2.435,11.41581871336694,cpp,64,4.0,2,0,0.0003,0.012243139350404629,0.006223547419651944,11,7,0.03347483188363548,0.9743595555951597,0.9225691985822274,1.3053427498973609,0.05101074924647149,0.03907843304027426,0.0044698933141763325,7.401486830834377e-13,6039182959.23312,True,5.303504218886818e-05,1.9087187098030254e-09,0,0.038843716031213116,0.000913060054421209,0.0235059913857756,True,6.973028484309308
fd_eps,H3e-4,0.0003,coarse,2.46,11.704811539980854,cpp,64,4.0,2,0,0.0003,0.011450075293163721,0.005255978273441472,11,7,0.30832229703327313,0.987055852145717,0.7209399641983826,1.3053427498973609,0.04303676530841102,0.03296970493902463,0.003733913099677701,7.401486830834377e-13,5044814893.302692,True,5.3147852431839665e-05,1.430221341823469e-09,0,0.03996571374049519,0.0007455129480482401,0.01865381293798465,True,6.799264899948453
fd_eps,H3e-4,0.0003,coarse,2.485,12.001120254831195,cpp,64,4.0,2,0,0.0003,0.010790220916117801,0.004287157563011788,12,7,0.13389323709535522,0.9941440647968874,0.6014234722198887,1.3053427498973609,0.03645862624690569,0.027930308916774872,0.0031351458958430592,7.401486830834377e-13,4235832566.481282,True,5.304034322248483e-05,1.1166470065312719e-09,0,0.04094384382726847,0.0006082464295914433,0.014855625968032662,True,6.635066695090284
fd_eps,H3e-4,0.0003,coarse,2.51,12.30493006051041,cpp,64,4.0,2,0,0.0003,0.01023922436447837,0.003273364960423397,10,7,0.0731831294433137,0.9923922496888056,0.5018330993774169,1.3053427498973609,0.03100477928686087,0.02375221319404331,0.002644778022943691,7.401486830834377e-13,3573306395.582065,True,5.278704866726544e-05,1.8140882007298617e-09,0,0.04179661090835848,0.0004961760573997087,0.011871203109926873,True,6.481469081289952
fd_eps,H3e-4,0.0003,coarse,2.535,12.616430848036902,cpp,64,4.0,2,0,0.0003,0.009777538572505816,0.0015106877094185516,14,7,0.00019811545062267018,0.9839975309143362,0.9839975309143473,1.3053427498973609,0.02646091622217558,0.020271240043472263,0.002240699645836124,7.401486830834377e-13,3027364227.0110307,True,5.243745185319724e-05,2.065242570832725e-09,0,0.0425404153381702,0.00040485644439433414,0.00951698381823435,True,6.338903134809872
fd_eps,H3e-4,0.0003,coarse,2.56,12.935817315543076,cpp,64,4.0,2,0,0.0003,0.009389386827908972,0.0011382725783857922,2,6,0.08377382109653929,0.9858889800162547,0.36132634007668946,1.3053427498973609,0.022657352894470382,0.0173573974316339,0.0019058098507708867,7.401486830834377e-13,2574901360.1312356,True,5.202954833457481e-05,1.1607255749064883e-09,0,0.04318961793575057,0.0003305172922881735,0.007652702387408365,True,6.207374177021077
fd_eps,H3e-4,0.0003,coarse,2.585,13.263289089968042,cpp,64,4.0,2,0,0.0003,0.00906198625647461,0.0023435925671865393,2,6,0.03532764085439072,0.9868492907076967,0.977864800788934,1.3053427498973609,0.01945918819102182,0.014907340001353587,0.0016267786960436675,7.401486830834377e-13,2197907978.7949567,True,5.1586573634966293e-05,7.592553069666052e-10,0,0.043756704490432966,0.00027001880490364635,0.006170912733217459,True,6.086602850604122
fd_eps,H3e-4,0.0003,coarse,2.61,13.599050851830924,cpp,64,4.0,2,0,0.0003,0.00878494676982222,0.0030292806888282875,5,6,0.18965152589861056,0.998205001550873,0.6737340629104009,1.3053427498973609,0.01675867671623665,0.01283852591019055,0.0013931373818863236,7.401486830834377e-13,1882239898.1817465,True,5.112832071503493e-05,1.4763880202832734e-09,0,0.04425248708881985,0.00022077582353826518,0.004989003738821337,True,5.976128881070232
fd_eps,H3e-4,0.0003,coarse,2.635,13.94331246316286,cpp,64,4.0,2,0,0.0003,0.008549797969869022,0.0035060303137886386,5,6,0.18289970290937918,0.9973002084516962,0.41890509613551896,1.3053427498973609,0.01446933410372409,0.011084701014244584,0.001196604792786762,7.401486830834377e-13,1616708669.6712632,True,5.066616695756207e-05,1.3159758710856376e-09,0,0.04468630950324292,0.00018067503461692504,0.004043185410149239,True,5.875384662675511
fd_eps,H3e-4,0.0003,coarse,2.66,14.296289098677603,cpp,64,4.0,2,0,0.0003,0.008349613605834218,0.0038641177830690395,5,6,0.004780262927847692,0.9974390599719416,0.9904866077015073,1.3053427498973609,0.012521383499141631,0.009592410499178233,0.0010305852427675009,7.401486830834377e-13,1392402994.5903747,True,5.021026722444894e-05,1.0347578227750363e-09,0,0.04506624065023859,0.00014799654169969913,0.003283977974739626,True,5.783746311928223
fd_eps,H3e-4,0.0003,coarse,2.685,14.658201380262703,cpp,64,4.0,2,0,0.0003,0.008178712263426927,0.004144254329665567,5,6,0.09981075482398273,0.9989348891462618,0.9327820569566522,1.3053427498973609,0.01085823360629799,0.008318300773610435,0.0008897910408232052,7.401486830834377e-13,1202178779.9666977,True,4.97671564514147e-05,1.1132111763518783e-09,0,0.04539924927860238,0.0001213443753129769,0.002672827794317054,True,5.70056851081654
fd_eps,H3e-4,0.0003,coarse,2.71,15.029275514875401,cpp,64,4.0,2,0,0.0003,0.00803241834440352,0.004369094867387014,5,6,0.07436942678330853,0.995758195424267,0.9142879621395901,1.3053427498973609,0.009433747813382787,0.007227027395007605,0.0007699567165740648,7.401486830834377e-13,1040273034.5563105,True,4.934189690802934e-05,1.068094064494323e-09,0,0.04569135790997557,9.958715593043112e-05,0.0021795621860625147,True,5.6252078837029265
fd_eps,H3e-4,0.0003,coarse,2.735,15.409743435929318,cpp,64,4.0,2,0,0.0003,0.007906870957536673,0.004552798051846669,5,6,0.12921946564171796,0.9974365470860871,0.9937962654949339,1.3053427498973609,0.008210119631430134,0.0062896274806564755,0.0006676210568915009,7.401486830834377e-13,902009382.9123781,True,4.893650502118995e-05,6.761426315129423e-10,0,0.045947776524769765,8.18085374160096e-05,0.0017804678181088443,True,5.557038321733548
fd_eps,H3e-4,0.0003,coarse,2.76,15.799842948260395,cpp,64,4.0,2,0,0.0003,0.007798870934734856,0.0047048851801111,5,6,0.018387495328917827,0.9993425370505364,0.9946600354356275,1.3053427498973609,0.007156213338205772,0.0054822485042863,0.0005799596845441856,7.401486830834377e-13,783571865.7609313,True,4.855389407740187e-05,1.1105316807612882e-09,0,0.04617301763570076,6.726639000082396e-05,0.001456833307529242,True,5.495460683641128
fd_eps,H3e-4,0.0003,coarse,2.785,16.19981787676266,cpp,64,4.0,2,0,0.0003,0.007705758184696445,0.0048320897932762,5,6,0.14840193751923322,0.9888797500883393,0.9598142828197974,1.3053427498973609,0.006246262365933575,0.004785151153920852,0.0005046555841553756,7.401486830834377e-13,681830010.2257768,True,4.8194451503410376e-05,8.462261574437635e-10,0,0.046370994826328754,5.535947919221912e-05,0.0011938385061514107,True,5.439908571374974
fd_eps,H3e-4,0.0003,coarse,2.81,16.6099182187867,cpp,64,4.0,2,0,0.0003,0.0076253131822260544,0.004939352376291268,5,6,0.36766661826454844,0.9894077445832791,0.9292063187373619,1.3053427498973609,0.005458843634778635,0.004181923586895368,0.0004397983224633065,7.401486830834377e-13,594202668.349175,True,4.7859057177564255e-05,8.737205121117013e-10,0,0.0465451068933804,4.5600418571953875e-05,0.0009797038102503342,True,5.389851383486104
fd_eps,H3e-4,0.0003,coarse,2.835,17.03040030039619,cpp,64,4.0,2,0,0.0003,0.0075556776622243225,0.005030401197348278,5,6,0.3900599295919414,0.9982557495721441,0.9878444567043004,1.3053427498973609,0.0047760655052607485,0.0036588593345589044,0.00038380511527486846,7.401486830834377e-13,518551372.2404363,True,4.7547254093865195e-05,1.0837199729966972e-09,0,0.046698309609165475,3.759379362330572e-05,0.0008050354271480351,True,5.3447954928511825
fd_eps,H3e-4,0.0003,coarse,2.86,17.46152693657999,cpp,64,4.0,2,0,0.0003,0.007495290605964121,0.005108113016298417,5,6,0.17491318258254046,0.9951322188034115,0.9999721272962943,1.3053427498973609,0.0041829217594631886,0.003204462398701101,0.00033535863710859907,7.401486830834377e-13,453096309.9353292,True,4.725863898450182e-05,7.903802062663907e-10,0,0.04683317691838024,3.101850564731639e-05,0.0006623190585890578,True,5.304284145021078
fd_eps,H3e-4,0.0003,coarse,2.885,17.90356759552007,cpp,64,4.0,2,0,0.0003,0.007442836419990154,0.005174748025344434,5,6,0.5889234888369467,0.9918765481459448,0.9790216969481016,1.3053427498973609,0.0036667751688982176,0.002809051622025354,0.0002933577429902594,7.401486830834377e-13,396349746.6051546,True,4.699331205615961e-05,9.150055709255879e-10,0,0.04695195315789586,2.5613537707747892e-05,0.0005455265646055555,True,5.267896506697553
fd_eps,H3e-4,0.0003,coarse,2.91,18.356798567017925,cpp,64,4.0,2,0,0.0003,0.007397202854325915,0.005232108794139263,5,6,0.016589958339262672,0.9928282230546188,0.9852307182306954,1.3053427498973609,0.003216942650347359,0.002464442883373204,0.00025687820804718683,7.401486830834377e-13,347062980.6122734,True,4.674933813138224e-05,6.406208527241718e-10,0,0.047056597667380747,2.1166484124417838e-05,0.00044980906341833283,True,5.235246166893683
fd_eps,H3e-4,0.0003,coarse,2.935,18.821503135184646,cpp,64,4.0,2,0,0.0003,0.0073574467183127375,0.005281651183890916,5,6,0.510008978811325,0.9959227223073606,0.9556674015521212,1.3053427498973609,0.002824360418793646,0.0021636925773064015,0.0002251412841443029,7.401486830834377e-13,304183861.01339924,True,4.6526062713453606e-05,4.797051068072583e-10,0,0.047148822956188184,1.7504306133026088e-05,0.0003712564818275847,True,5.205979299954477
fd_eps,H3e-4,0.0003,coarse,2.96,19.297971755502758,cpp,64,4.0,2,0,0.0003,0.007322765855507114,0.005324563766871487,5,6,0.08822370084661121,0.9943532288123351,0.9969570581911497,1.3053427498973609,0.002481312420827676,0.0019008895717410477,0.00019748838974749229,7.401486830834377e-13,266822591.54304165,True,4.632221896109905e-05,9.371203840321806e-10,0,0.04723012741301793,1.4485878299348897e-05,0.0003067084315202628,True,5.179772655734596
fd_eps,H3e-4,0.0003,coarse,2.985,19.786502236370332,cpp,64,4.0,2,0,0.0003,0.00729247615749981,0.005361825950074968,5,6,0.011429504106737133,0.9897487577210115,0.9961707025095236,1.3053427498973609,0.002181209055212595,0.0016709856896850298,0.00017336063732239113,7.401486830834377e-13,234224070.4937497,True,4.613647275403497e-05,3.0392320655635524e-10,0,0.04730182339017039,1.1995974530889591e-05,0.000253604907192276,True,5.156331464095556
fd_eps,H3e-4,0.0003,coarse,3.01,20.287399925240926,cpp,64,4.0,2,0,0.0003,0.00726599264635168,0.005393746712932821,22,6,0.08319309150756647,0.9946597354081319,0.983341834111048,1.3053427498973609,0.0019184060363397117,0.0014696569437341695,0.0001522821955508271,7.401486830834377e-13,205745411.74135977,True,4.5968882474252294e-05,3.439950176558208e-10,0,0.047365061362338645,9.94041131690731e-06,0.00020986801306693172,True,5.135387348318347
fd_eps,H3e-4,0.0003,coarse,3.035,20.800977899475697,cpp,64,4.0,2,0,0.0003,0.007242813852819988,0.00536232189585957,20,6,0.2345067049546963,0.9952700783213704,0.9728170996876089,1.3053427498973609,0.0016880554494797455,0.0012931894321338035,0.00013384670630065625,7.401486830834377e-13,180837592.9861211,True,4.581672847120695e-05,1.7457451090899516e-10,0,0.047420850748481416,8.24212152582032e-06,0.0001738079641281902,True,5.116696279324707
fd_eps,H3e-4,0.0003,coarse,3.06,21.327557162026903,cpp,64,4.0,2,0,0.0003,0.007222508872770731,0.0053346672240883125,20,6,0.43034514008276614,0.9956556372342926,0.9468448929920906,1.3053427498973609,0.0014859827374672594,0.0011383851004528138,0.00011770614647044656,7.401486830834377e-13,159030407.21505603,True,4.567916872779582e-05,3.4129571302661847e-10,0,0.04747007789173178,6.83797696451404e-06,0.00014404815134514583,True,5.100036616097373
fd_eps,H3e-4,0.0003,coarse,3.085,21.867466842075256,cpp,64,4.0,2,0,0.0003,0.007204706606955038,0.005310321205568578,22,6,0.3088043174911474,0.9947998083124605,0.9307893131388298,1.3053427498973609,0.0013085846697110284,0.0010024835774465537,0.00010356165541494517,7.401486830834377e-13,139920069.82098562,True,4.55558079874502e-05,6.404327674514124e-10,0,0.04751352161395963,5.676213926013963e-06,0.0001194652329105884,True,5.085207243813297
fd_eps,H3e-4,0.0003,coarse,3.11,22.421044400746343,cpp,64,4.0,2,0,0.0003,0.0071890867866947145,0.005288880658855668,20,6,0.5748370674309482,0.9948450455493211,0.9562338590261323,1.3053427498973609,0.0011527443637293117,0.0008830970745575842,9.115594967078167e-05,7.401486830834377e-13,123158970.2909808,True,4.544477173894953e-05,6.177671733188373e-10,0,0.047551866696132386,4.714344813786715e-06,9.91411093051822e-05,True,5.072025826979296
fd_eps,H3e-4,0.0003,coarse,3.135,22.988635842034803,cpp,64,4.0,2,0,0.0003,0.007175372464899281,0.005269992998111086,22,6,0.08303228961092589,0.9876472908851402,0.9496385587349732,1.3053427498973609,0.0010157602259492152,0.0007781559487185143,8.026702501713993e-05,7.401486830834377e-13,108447163.18719889,True,4.5345713814677e-05,3.765760558353278e-10,0,0.04758571558095404,3.917462030309953e-06,8.232432742648297e-05,True,5.060327178278933
fd_eps,H3e-4,0.0003,coarse,3.16,23.570595929068126,cpp,64,4.0,2,0,0.0003,0.007163323713495419,0.0052533496027573024,22,6,0.0210718945334608,0.9871017842700671,0.982314679982686,1.3053427498973609,0.0008952863029090754,0.0006858630064628403,7.070290694237561e-05,7.401486830834377e-13,95525275.6079081,True,4.525686069417035e-05,4.4087794820507804e-10,0,0.04761559854859776,3.2568587893121892e-06,6.839898874710462e-05,True,5.049961742640894
fd_eps,H3e-4,0.0003,coarse,3.185,24.167288405845095,cpp,64,4.0,2,0,0.0003,0.0071527323170469895,0.005238680107814477,20,6,0.010462499569334833,0.9968172086610014,0.9998161647874513,1.3053427498973609,0.0007892820252939628,0.0006046550037191566,6.229725850819203e-05,7.401486830834377e-13,84168573.06110913,True,4.517784904358478e-05,4.3533426508963894e-10,0,0.04764198257817788,2.708906293292356e-06,5.68596466120441e-05,True,5.040794206199135
fd_eps,H3e-4,0.0003,coarse,3.21,24.779086224587694,cpp,64,4.0,2,0,0.0003,0.0071434172917925086,0.005225747477871148,20,6,0.4334306977515588,0.9950914398350267,0.9653258548769582,1.3053427498973609,0.0006959697163314517,0.0005331700937444788,5.490569213734264e-05,7.401486830834377e-13,74181976.39507665,True,4.510750901139428e-05,3.059945210575661e-10,0,0.04766527907565106,2.2541385441407724e-06,4.729099646229194e-05,True,5.032702204570253
fd_eps,H3e-4,0.0003,coarse,3.235,25.406371778848346,cpp,64,4.0,2,0,0.0003,0.007135221090689415,0.00521434374957799,20,6,0.2962792352666423,0.9944693899659347,0.9906780818574789,1.3053427498973609,0.0006137985438410655,0.00047022021142671417,4.8402661674442005e-05,7.401486830834377e-13,65395862.72422716,True,4.5045449513800565e-05,1.6937674055528804e-10,0,0.04768585062204977,1.8765055283425866e-06,3.935141145358739e-05,True,5.02557514216205
fd_eps,H3e-4,0.0003,coarse,3.26,26.049537142518336,cpp,64,4.0,2,0,0.0003,0.007128006380324355,0.005204286345876795,20,6,0.4519994263461842,0.9939472869866744,0.9975652206415707,1.3053427498973609,0.0005414138409602113,0.00041476757043526133,4.267883457506538e-05,7.401486830834377e-13,57662515.046661444,True,4.499033962645506e-05,1.6276804527312193e-10,0,0.04770401687343544,1.562763109174444e-06,3.2759570610597525e-05,True,5.019313113378084
fd_eps,H3e-4,0.0003,coarse,3.285,26.708984314886784,cpp,64,4.0,2,0,0.0003,0.007121653296081756,0.005195414880182078,22,6,0.02498292063556577,0.9967084790263805,0.9985324522355519,1.3053427498973609,0.0004776309170230307,0.00036590460019836693,3.7638862883274464e-05,7.401486830834377e-13,50853110.65672922,True,4.4942098750656704e-05,2.624242371123504e-10,0,0.04772005972501479,1.3019740515955808e-06,2.728357967484034e-05,True,5.013825914508075
fd_eps,H3e-4,0.0003,coarse,3.31,27.38512547190322,cpp,64,4.0,2,0,0.0003,0.00711605709848382,0.00518758838130416,20,6,0.6363679577014966,0.9942960574261037,0.9947335287030536,1.3053427498973609,0.0004214126376666863,0.00032283677041897385,3.3199486662803947e-05,7.401486830834377e-13,44855158.72904868,True,4.489985996871092e-05,3.499535067282109e-10,0,0.04773422783585962,1.0850994996472456e-06,2.2732105427126673e-05,True,5.009032139251333
fd_eps,H3e-4,0.0003,coarse,3.335,28.07838322380105,cpp,64,4.0,2,0,0.0003,0.007111126167019776,0.005180682880389766,20,6,0.5673416379405576,0.9939641673700927,0.9995669499488269,1.3053427498973609,0.00037185018019926855,0.0002848678481023525,2.9287915547754217e-05,7.401486830834377e-13,39570313.66419733,True,4.486277519447504e-05,2.1810604297490123e-10,0,0.04774674059714371,9.046641600850863e-07,1.894713961143569e-05,True,5.004858355441535
fd_eps,H3e-4,0.0003,coarse,3.36,28.789190879242675,cpp,64,4.0,2,0,0.0003,0.007106780278758665,0.005174589309937474,20,6,0.753718923800176,0.9984589750489159,0.9999926816233056,1.3053427498973609,0.0003281464730018436,0.00025138721077482966,2.5840443801215e-05,7.401486830834377e-13,34912503.922272034,True,4.483079138985839e-05,4.4407906964595654e-10,0,0.04775779161533084,7.544816199579837e-07,1.579808434265595e-05,True,5.001238360684771
fd_eps,H3e-4,0.0003,coarse,3.385,29.517992716151486,cpp,64,4.0,2,0,0.0003,0.007102949127938267,0.005169211672254265,22,6,0.2652393757941065,0.9980562328669644,0.998618322643233,1.3053427498973609,0.00028960191134583995,0.00022185890362405686,2.280126206651059e-05,7.401486830834377e-13,30806326.603894234,True,4.480303345723117e-05,4.4459910037269245e-10,0,0.04776755177199284,6.294287766160781e-07,1.3176910962917005e-05,True,4.998112491729071
fd_eps,H3e-4,0.0003,coarse,3.41,30.265244259400085,cpp,64,4.0,2,0,0.0003,0.007099571050026086,0.0051644654410088284,22,6,0.6673148062046984,0.9969330152960614,0.9958111041836846,1.3053427498973609,0.00025560200964416737,0.0001958121801069224,2.01214353646792e-05,7.401486830834377e-13,27185666.643158626,True,4.4779062470968387e-05,2.4688217674616726e-10,0,0.047776171913613594,5.252604252710142e-07,1.0994192381523638e-05,True,4.995427020431805
fd_eps,H3e-4,0.0003,coarse,3.435,31.031412565528075,cpp,64,4.0,2,0,0.0003,0.007096591919793208,0.005160276164697947,22,6,0.030489708096031867,0.9982755350888605,0.9998239336809568,1.3053427498973609,0.00022560670630818996,0.00017283330858958648,1.7758022020230364e-05,7.401486830834377e-13,23992506.405943956,True,4.47586033132517e-05,2.695618852085476e-10,0,0.047783785217630985,4.3845671808745565e-07,9.17584733169436e-06,True,4.993133568184638
fd_eps,H3e-4,0.0003,coarse,3.46,31.81697651466769,cpp,64,4.0,2,0,0.0003,0.007093964197776724,0.005156578245320522,22,6,0.7154105965812019,0.9982121058367859,0.999905159623292,1.3053427498973609,0.00019914108240230995,0.00015255846207286815,1.5673312447680288e-05,7.401486830834377e-13,21175897.22971029,True,4.4741487906675786e-05,2.857936533337145e-10,0,0.04779050927487807,3.6609755505654755e-07,7.660465657539944e-06,True,4.991188615864334
fd_eps,H3e-4,0.0003,coarse,3.485,32.62242710985942,cpp,64,4.0,2,0,0.0003,0.0070916461037340405,0.005153313869271172,22,6,0.5053470994537396,0.9986425028124799,0.9999499476933925,1.3053427498973609,0.0001757872935376032,0.0001346675373586174,1.3834170148741767e-05,7.401486830834377e-13,18691069.058056038,True,4.472697422874125e-05,1.814609874342644e-10,0,0.04779644792335605,3.0575906771672504e-07,6.397108592818962e-06,True,4.989553025322618
fd_eps,H3e-4,0.0003,coarse,3.51,33.44826778394491,cpp,64,4.0,2,0,0.0003,0.00708960089888892,0.0051504320706878,22,6,0.5788586487048158,0.998085861656271,0.9877458550756889,1.3053427498973609,0.00015517754514671563,0.00011887877353202234,1.2211460126439782e-05,7.401486830834377e-13,16498658.18252516,True,4.4714927046879115e-05,2.0927597726626507e-10,0,0.04780169286377019,2.5542823776566417e-07,5.343497739580225e-06,True,4.988191629893767
fd_eps,H3e-4,0.0003,coarse,3.535,34.295014714228856,cpp,64,4.0,2,0,0.0003,0.007087796261744666,0.005147887910176444,20,6,0.6786569307735056,0.9987361234050174,0.9960439536278473,1.3053427498973609,0.00013698796744315253,0.00010494405967622212,1.0779552258983672e-05,7.401486830834377e-13,14564036.261033896,True,4.470510133972924e-05,2.0189348295319878e-10,0,0.04780632508338346,2.1343242166698272e-07,4.464522660855345e-06,True,4.987072834384448
fd_eps,H3e-4,0.0003,coarse,3.56,35.163197145106615,cpp,64,4.0,2,0,0.0003,0.007086203744400226,0.005145641754194586,22,6,0.31103051791878095,0.9987472560932276,0.9997009529081607,1.3053427498973609,0.0001209332675773271,9.264483798361471e-05,9.515889104339477e-06,7.401486830834377e-13,12856726.387320668,True,4.469715550194306e-05,1.0855694331552177e-10,0,0.0478104161113774,1.7838113324868413e-07,3.7310098459116933e-06,True,4.986168290150755
fd_eps,H3e-4,0.0003,coarse,3.585,36.05335771885924,cpp,64,4.0,2,0,0.0003,0.0070847982984155065,0.0051436586422973765,22,6,0.5107543419969486,0.9989470072321438,0.9996182303205339,1.3053427498973609,0.00010676205486053183,8.178852249259938e-05,8.400609218337377e-06,7.401486830834377e-13,11349894.16361681,True,4.46912016528054e-05,1.3159217732512305e-10,0,0.047814029126018516,1.4911791910195264e-07,3.118706409554775e-06,True,4.985452560321558
fd_eps,H3e-4,0.0003,coarse,3.61,36.966052814822504,cpp,64,4.0,2,0,0.0003,0.007083557860758163,0.005141907731209272,22,6,0.4651926082720605,0.9990874922886936,0.9996909082782321,1.3053427498973609,9.42527496928264e-05,7.220536498956883e-05,7.416218411201508e-06,7.401486830834377e-13,10019903.541955596,True,4.468649645559078e-05,1.352262508986699e-10,0,0.047817219931389494,1.2468054920262593e-07,2.607440361056618e-06,True,4.984902858591497
fd_eps,H3e-4,0.0003,coarse,3.635,37.901852897142135,cpp,64,4.0,2,0,0.0003,0.00708246299185258,0.005140361806121375,22,6,0.3991681755970958,0.9992432587996751,0.9979580587105076,1.3053427498973609,8.32099998582489e-05,6.374570959603652e-05,6.547302487936774e-06,7.401486830834377e-13,8845928.713486193,True,4.468320001768842e-05,2.8832542812996765e-11,0,0.047820037819269655,1.042680642132568e-07,2.1804262181332014e-06,True,4.984498766137874
fd_eps,H3e-4,0.0003,coarse,3.66,38.86134287133247,cpp,64,4.0,2,0,0.0003,0.007081496558800064,0.005138996850834129,22,6,0.8813574061777634,0.9994887130548133,0.9983919943513914,1.3053427498973609,7.34615383057174e-05,5.6277585570145226e-05,5.780275943649572e-06,7.401486830834377e-13,7809614.575775656,True,4.468084352214409e-05,1.3266093197479036e-10,0,0.04782252632982688,8.721348113845492e-08,1.8236903783993513e-06,True,4.984222012429324
fd_eps,H3e-4,0.0003,coarse,3.685,39.8451224498614,cpp,64,4.0,2,0,0.0003,0.0070806434578901695,0.0051377916695171,20,6,0.351587822679729,0.9995173440260309,0.99912343252687,1.3053427498973609,6.485542579582446e-05,4.968459494713097e-05,5.103161896895623e-06,7.401486830834377e-13,6894779.405181132,True,4.467985583848676e-05,1.2636655390654323e-10,0,0.04782472392312674,7.296117282707173e-08,1.5255952746188188e-06,True,4.984056271048432
fd_eps,H3e-4,0.0003,coarse,3.71,40.85380652699027,cpp,64,4.0,2,0,0.0003,0.007079890371326088,0.0051367275537163885,22,6,0.7429103586461789,0.9992408896355021,0.9997223502000842,1.3053427498973609,5.7257629527895664e-05,4.386405756832666e-05,4.5053991851287075e-06,7.401486830834377e-13,6087154.227390295,True,4.467963561839469e-05,1.415480542657518e-10,0,0.0478266645720097,6.10481086311373e-08,1.2764450370403914e-06,True,4.983986948157734
fd_eps,H3e-4,0.0003,coarse,3.735,41.888025563102715,cpp,64,4.0,2,0,0.0003,0.00707922555374147,0.005135787989096963,22,6,0.04740134058334853,0.999272615313578,0.9998774925475266,1.3053427498973609,5.054989531968818e-05,3.8725380995652615e-05,3.977673140635989e-06,7.401486830834377e-13,5374154.182190961,True,4.468004932740641e-05,5.1639324709253285e-11,0,0.04782837828561119,5.1088289509382986e-08,1.0681585146856739e-06,True,4.984001031228717
fd_eps,H3e-4,0.0003,coarse,3.76,42.94842597876301,cpp,64,4.0,2,0,0.0003,0.00707863864476494,0.005134958397089272,22,6,0.16404664690040452,0.999061378050857,0.9999994212606926,1.3053427498973609,4.462787670734184e-05,3.4188627248169826e-05,3.5117670071709336e-06,7.401486830834377e-13,4744677.7754721055,True,4.468110170151987e-05,5.2755312605177345e-11,0,0.04782989157169674,4.275982710039041e-08,8.939979936248375e-07,True,4.984086903401706
fd_eps,H3e-4,0.0003,coarse,3.785,44.03567055874993,cpp,64,4.0,2,0,0.0003,0.00707812050431353,0.005134225907202352,20,6,0.8914036087348057,0.9993012838975251,0.999955757351861,1.3053427498973609,3.9399488973050086e-05,3.0183251851782277e-05,3.100431407515973e-06,7.401486830834377e-13,4188930.519473016,True,4.468307266487172e-05,1.2549721234000194e-10,0,0.04783122784499734,3.579421099310246e-08,7.483439712042886e-07,True,4.984234242381422
fd_eps,H3e-4,0.0003,coarse,3.81,45.15043886631872,cpp,64,4.0,2,0,0.0003,0.0070776630677964,0.005133579156320616,22,6,0.9161386685765538,0.9994177769960255,0.9979922689633807,1.3053427498973609,3.4783460452100536e-05,2.6646994021176092e-05,2.7372695852545666e-06,7.401486830834377e-13,3698269.8852495174,True,4.4685222875380826e-05,5.015352629728076e-11,0,0.047832407787883904,2.996738969245379e-08,6.265080743028082e-07,True,4.984433862231096
fd_eps,H3e-4,0.0003,coarse,3.835,46.29342766795043,cpp,64,4.0,2,0,0.0003,0.007077259218741286,0.0051330081117348225,20,6,0.003880315493158473,0.9993663215820662,0.9978460374644755,1.3053427498973609,3.070805688622669e-05,2.3524899409477905e-05,2.4166364633299377e-06,7.401486830834377e-13,3265068.922722798,True,4.468782660220473e-05,9.741577886188352e-11,0,0.04783344966896351,2.5092356301595016e-08,5.24577601558101e-07,True,4.984677599363439
fd_eps,H3e-4,0.0003,coarse,3.86,47.46535136885352,cpp,64,4.0,2,0,0.0003,0.007076902676699607,0.005132503915062372,20,6,0.4950443472967158,0.999493881821288,0.9996061276343177,1.3053427498973609,2.7109957716081524e-05,2.076845925578794e-05,2.1335498105743663e-06,7.401486830834377e-13,2882596.2395637324,True,4.469064979154529e-05,4.998276573921624e-11,0,0.047834369624521755,2.101298068568494e-08,4.3928624649237295e-07,True,4.984958226402104
fd_eps,H3e-4,0.0003,coarse,3.885,48.66694245949041,cpp,64,4.0,2,0,0.0003,0.007076587898554271,0.005132058744571848,22,6,0.9134781379484905,0.9997380413851255,0.9999958916872824,1.3053427498973609,2.3933265920687664e-05,1.833485184069053e-05,1.8836120249730946e-06,7.401486830834377e-13,2544910.324133824,True,4.469368516697975e-05,8.680000930781526e-11,0,0.04783518190715233,1.75988773699133e-08,3.6790656308305813e-07,True,4.985269323798491
fd_eps,H3e-4,0.0003,coarse,3.91,49.89895197340787,cpp,64,4.0,2,0,0.0003,0.0070763099915909095,0.00513166569371164,22,6,0.5985429359875856,0.9997692418541946,0.9999899503440396,1.3053427498973609,2.11286352032922e-05,1.6186273838770348e-05,1.6629412473143492e-06,7.401486830834377e-13,2246766.4745231792,True,4.469740856613741e-05,1.0809677305218392e-10,0,0.047835899105408995,1.4741133728364844e-08,3.0816048206561263e-07,True,4.985605265178394
fd_eps,H3e-4,0.0003,coarse,3.935,51.16214995665737,cpp,64,4.0,2,0,0.0003,0.007076064636913231,0.005131318663926437,20,6,0.29669503738914565,0.9997094571392607,0.9971887281741971,1.3053427498973609,1.8652500518716565e-05,1.4289350839220741e-05,1.4681106586731003e-06,7.401486830834377e-13,1983534.7846016483,True,4.4700801303247357e-05,7.631900146661035e-11,0,0.047836532337858555,1.234875230511919e-08,2.5814480485129566e-07,True,4.985961035810264
fd_eps,H3e-4,0.0003,coarse,3.96,52.45732594909905,cpp,64,4.0,2,0,0.0003,0.007075848021938274,0.00513101227006099,20,6,0.8010665492888057,0.9997660545364934,0.9950599261143124,1.3053427498973609,1.6466399434478834e-05,1.261461745259901e-05,1.2960949801677908e-06,7.401486830834377e-13,1751127.8609161298,True,4.4704730467266885e-05,7.558498285950436e-11,0,0.047837091424522464,1.0345686096466711e-08,2.1626912900401087e-07,True,4.986332258172758
fd_eps,H3e-4,0.0003,coarse,3.985,53.785289477889734,cpp,64,4.0,2,0,0.0003,0.007075656780893128,0.005130741756869443,22,6,0.2997432784569989,0.999801191490516,0.9957220662288556,1.3053427498973609,1.4536373563862794e-05,1.1136058759284325e-05,1.144223305788144e-06,7.401486830834377e-13,1545937.0960728365,True,4.4708528006034565e-05,8.284138839204928e-11,0,0.04783758503834134,8.66836951195074e-09,1.8120416206217623e-07,True,4.986715069399837
fd_eps,H3e-4,0.0003,coarse,4.01,55.1468705634638,cpp,64,4.0,2,0,0.0003,0.00707548794233813,0.005130502925313981,20,6,0.12076527090443748,0.9994393677896873,0.9998657172979324,1.3053427498973609,1.2832440483619535e-05,9.83070575496631e-06,1.010137507246647e-06,7.401486830834377e-13,1364776.4703686882,True,4.471245741241124e-05,2.4361577273030897e-11,0,0.04783802083899222,7.263658188497876e-09,1.518386016207709e-07,True,4.98710609933387
fd_eps,H3e-4,0.0003,coarse,4.035,56.542920238322985,cpp,64,4.0,2,0,0.0003,0.0070753388828901625,0.005130292067499475,22,6,0.8418375421845787,0.999451802768741,0.9991982286331007,1.3053427498973609,1.1328127783639016e-05,8.678278394337232e-06,8.917555466143955e-07,7.401486830834377e-13,1204832.9842314494,True,4.471629117473944e-05,3.982277013657838e-11,0,0.04783840559111145,6.087112539656729e-09,1.2724321524603103e-07,True,4.987502411090254
fd_eps,H3e-4,0.0003,coarse,4.06,57.97431107895927,cpp,64,4.0,2,0,0.0003,0.007075207286396205,0.005130105909234468,20,6,0.4223061506078726,0.9996769459032676,0.9999722207931007,1.3053427498973609,1.000006188392142e-05,7.660870591044172e-06,7.872391108062418e-07,7.401486830834377e-13,1063622.9298235413,True,4.472033767147569e-05,5.109039041552504e-11,0,0.04783874526874233,5.101564189005605e-09,1.0664084436886244e-07,True,4.987901434242782
fd_eps,H3e-4,0.0003,coarse,4.085,59.44193775124387,cpp,64,4.0,2,0,0.0003,0.007075091107915737,0.005129941559309519,22,6,0.18997895213763158,0.9998020100471114,0.9986112016071902,1.3053427498973609,8.827605125710201e-06,6.762672199622908e-06,6.949650511448274e-07,7.401486830834377e-13,938953.3036114086,True,4.472398895610891e-05,5.190581063226773e-11,0,0.04783904514760927,4.275921564332958e-09,8.938141535098439e-08,True,4.9883009491754855
fd_eps,H3e-4,0.0003,coarse,4.11,60.94671756962223,cpp,64,4.0,2,0,0.0003,0.007074988541935509,0.005129796464716284,20,6,0.6328829213078548,0.9998174208585822,0.9991064256954985,1.3053427498973609,7.792535443531594e-06,5.969723617911327e-06,6.135001839155391e-07,7.401486830834377e-13,828887.7599021258,True,4.472839865115452e-05,3.603539442889473e-11,0,0.04783930988663733,3.5841714831164543e-09,7.492105324281861e-08,True,4.988699062905952
fd_eps,H3e-4,0.0003,fine0,2.335,10.329459929369532,cpp,64,4.0,2,0,0.0003,0.01751183043537422,0.00462755807248664,6,8,1.0,1.0,1.0,1.3053427498973609,0.10531804535006081,0.08068229233918982,0.009754555947168519,7.401486830834377e-13,13179184358.64984,True,4.7099759667759326e-05,1.0871208189603169e-09,0,0.03249697642315113,0.001984813851825621,0.0610768776141162,False,
fd_eps,H3e-4,0.0003,fine0,2.3375,10.35531588567169,cpp,64,4.0,2,0,0.0003,0.017320815509653597,0.00462039599010781,6,8,0.0056117887099389275,0.9984037096837681,0.999653151638279,1.3053427498973609,0.10333228982919286,0.07916104014621285,0.009553334708212567,7.401486830834377e-13,12907318389.615522,True,4.745970019664734e-05,1.700482996818227e-09,0,0.032698348191397296,0.0019495234637362906,0.05962146626872107,False,7.613945988191585
fd_eps,H3e-4,0.0003,fine0,2.34,10.381236562731843,cpp,64,4.0,2,0,0.0003,0.01713391176626002,0.004607297610043144,6,8,0.04814808359089391,0.9958247143492671,0.9995481945947707,1.3053427498973609,0.10138873407979583,0.07767211645199548,0.00935695496396533,7.401486830834377e-13,12641993666.711031,True,4.78018317918388e-05,1.8976540512032446e-09,0,0.03289733285991423,0.0019146153188667064,0.058199712633837455,False,7.5951716391485355
fd_eps,H3e-4,0.0003,fine0,2.3425,10.407222122554305,cpp,64,4.0,2,0,0.0003,0.016951001705181205,0.004586665200666485,6,8,0.15964455262448404,0.9979311319590227,0.9993970091642781,1.3053427498973609,0.09948640655210643,0.07621477696944273,0.009165285470720689,7.401486830834377e-13,12383032869.204575,True,4.8125688096416317e-05,2.1256530455662835e-09,0,0.033093937933359026,0.0018801029599521024,0.056811098266336554,False,7.576385588123476
fd_eps,H3e-4,0.0003,fine0,2.345,10.433272727548918,cpp,64,4.0,2,0,0.0003,0.01677197314058207,0.004556234251639794,6,8,0.06421345577524137,0.9985725886052936,0.9991714003037305,1.3053427498973609,0.09762435965088981,0.0747882957626003,0.008978198745765418,7.401486830834377e-13,12130263757.766216,True,4.84335287838743e-05,1.176348850792346e-09,0,0.033288172337657566,0.0018459983485530653,0.05545508265903688,False,7.557587360105119
fd_eps,H3e-4,0.0003,fine0,2.3475,10.459388540532034,cpp,64,4.0,2,0,0.0003,0.016596718832478333,0.004512647888739157,6,8,0.2173823273273518,0.9978050733903279,0.9988196477887518,1.3053427498973609,0.09580166894832401,0.07339196464365921,0.00879557096779538,7.401486830834377e-13,11883519039.922207,True,4.872555814034964e-05,1.3940912930466702e-09,0,0.033480046317928586,0.0018123119753098744,0.054131107170523246,False,7.538777146771933
fd_eps,H3e-4,0.0003,fine0,2.35,10.485569724727576,cpp,64,4.0,2,0,0.0003,0.01642513615029734,0.004450633339706669,6,8,0.19148665989041663,0.9980340147548715,0.9982394515124822,1.3053427498973609,0.09401743245085555,0.07202509261130698,0.008617281878512751,7.401486830834377e-13,11642636237.104965,True,4.900230569340418e-05,2.338851322099069e-09,0,0.03366957134183889,0.0017790529634232844,0.05283859854825582,False,7.519955726690332
fd_eps,H3e-4,0.0003,fine0,2.3525,10.51181644376803,cpp,64,4.0,2,0,0.0003,0.016257126765248285,0.004361229917354982,6,8,0.04076349570674592,0.985211839250505,0.9972068504527277,1.3053427498973609,0.09227076991608614,0.07068700532740646,0.008443214685648402,7.401486830834377e-13,11407457553.628572,True,4.9265580836018575e-05,1.8698893380545258e-09,0,0.033856760008150626,0.0017462291657455982,0.05157697208253872,False,7.501124384149909
fd_eps,H3e-4,0.0003,fine0,2.355,10.538128861695476,cpp,64,4.0,2,0,0.0003,0.01609259636907865,0.0042273496924287385,6,8,0.03379048215142335,0.9972814731968567,0.9951541175733383,1.3053427498973609,0.09056082221125443,0.06937704462554009,0.008273255967536685,7.401486830834377e-13,11177829747.761683,True,4.9515799782632905e-05,1.620998321870248e-09,0,0.0340416259602261,0.001713847255842043,0.05034563442546738,False,7.482284847566245
fd_eps,H3e-4,0.0003,fine0,2.3575,10.564507142962611,cpp,64,4.0,2,0,0.0003,0.015931454416277184,0.004009611588084973,6,8,0.048816436118926776,0.9902560958562213,0.9902560958562213,1.3053427498973609,0.08888675071369657,0.06809456805171342,0.008107295579261454,7.401486830834377e-13,10953604004.923306,True,4.9751743611532056e-05,2.8060956404102506e-13,0,0.03422418380426944,0.0016819128133733281,0.04914398610620806,True,7.4634392120227275
fd_eps,H3e-4,0.0003,fine0,2.36,10.59095145243378,cpp,64,4.0,2,0,0.0003,0.015773613888363947,0.003573203511127282,6,8,0.28254189352821013,0.9803336162523544,0.9729360779227799,1.3053427498973609,0.08724773674124472,0.06683894842799334,0.007945226560557291,7.401486830834377e-13,10734635813.249994,True,4.997786074006122e-05,1.7506996243841103e-09,0,0.03440444903208342,0.001650430404123452,0.04797142377093046,True,7.444589901527125
fd_eps,H3e-4,0.0003,fine0,2.3625,10.617461955386002,cpp,64,4.0,2,0,0.0003,0.015618991076671218,0.0029215286894362282,12,9,0.2828925581694879,0.9861984262369272,0.5156052058808288,1.3053427498973609,0.08564298101780547,0.06560957344309729,0.007786945045524606,7.401486830834377e-13,10520784841.613743,True,5.019000288058968e-05,9.398368872697067e-10,0,0.03458243794813437,0.0016194036549873174,0.04682734217339006,True,7.425739597351853
fd_eps,H3e-4,0.0003,fine0,2.365,10.644038817510012,cpp,64,4.0,2,0,0.0003,0.015467505383562265,0.004198563069636899,12,9,0.04267661732516159,0.9875476745253307,0.9572658170038697,1.3053427498973609,0.08407170316241223,0.06440584526096521,0.007632350174139769,7.401486830834377e-13,10311914820.065102,True,5.03924171126726e-05,1.6341850458519409e-09,0,0.034758167600721056,0.001588835324212674,0.04571113593973561,True,7.406891208666
fd_eps,H3e-4,0.0003,fine0,2.3675,10.670682204911275,cpp,64,4.0,2,0,0.0003,0.015319079139216941,0.00483282754922144,6,9,0.13608005538826742,0.9883503577495825,0.9895205013895766,1.3053427498973609,0.08253314120389049,0.06322718014895327,0.007481344005731143,7.401486830834377e-13,10107893422.93238,True,5.058406985414741e-05,1.4956416698121318e-09,0,0.034931655717053124,0.0015587273671761306,0.044622201129023,True,7.388047825664163
fd_eps,H3e-4,0.0003,fine0,2.37,10.697392284111054,cpp,64,4.0,2,0,0.0003,0.015173637433427764,0.0052799504977659355,6,9,0.010171665106643557,0.9906002784693482,0.9942570735738357,1.3053427498973609,0.08102655111740152,0.06207300812278817,0.007333831434340496,7.401486830834377e-13,9908592154.468166,True,5.076588476166879e-05,1.8078119960762175e-09,0,0.03510292064204987,0.0015290809979591712,0.04355993660902055,True,7.369212682032113
fd_eps,H3e-4,0.0003,fine0,2.3725,10.724169222047431,cpp,64,4.0,2,0,0.0003,0.015031107959667753,0.005631477288630249,12,9,0.2605532748671704,0.9915964426531184,0.9959697818641712,1.3053427498973609,0.07955120638077251,0.06094277260667945,0.0071897201060499094,7.401486830834377e-13,9713886237.15136,True,5.0936544794400315e-05,2.0607530015142683e-09,0,0.0352719812806795,0.0014998967469740554,0.04252374526507348,True,7.350389120573228
fd_eps,H3e-4,0.0003,fine0,2.375,10.751013186076355,cpp,64,4.0,2,0,0.0003,0.014891420872218397,0.005923605421014255,6,9,0.2609171591069269,0.9967903865870849,0.9967903865864465,1.3053427498973609,0.07810639754632577,0.0598359301053055,0.007048920338340232,7.401486830834377e-13,9523654502.734013,True,5.1098523090396225e-05,1.3785538415841118e-09,0,0.03543885704366245,0.00147117451487482,0.041513035058163957,True,7.331580574172367
fd_eps,H3e-4,0.0003,fine0,2.3775,10.777924343972689,cpp,64,4.0,2,0,0.0003,0.014754508653485019,0.006174719420982403,6,9,0.06791839942851836,0.9919976293021813,0.9972338478047621,1.3053427498973609,0.07669143183031255,0.05875194988928601,0.006911345041328906,7.401486830834377e-13,9337779285.827335,True,5.125193885169437e-05,2.550758194785473e-10,0,0.03560356779637521,0.0014429136229803623,0.04052721994696455,True,7.3127905315060975
fd_eps,H3e-4,0.0003,fine0,2.38,10.804902863931257,cpp,64,4.0,2,0,0.0003,0.014620305991524142,0.006395557870804286,6,9,0.044144348699413916,0.9974787000068255,0.9974787000068255,1.3053427498973609,0.07530563271691469,0.05769031369181464,0.006776909641072279,7.401486830834377e-13,9156146320.27699,True,5.139714729011535e-05,1.9895919077205073e-09,0,0.035766133810790385,0.001415112860416648,0.039565720687141155,True,7.294022512828289
fd_eps,H3e-4,0.0003,fine0,2.3825,10.831948914567898,cpp,64,4.0,2,0,0.0003,0.014488749666954548,0.0065929890605530275,6,9,0.20583694777722222,0.9975986647434246,0.9975986647440607,1.3053427498973609,0.07394833957459893,0.05665051541475485,0.006645532004838188,7.401486830834377e-13,8978644638.20039,True,5.153392445583731e-05,2.2074319351880233e-09,0,0.03592657572030156,0.0013877705281799128,0.038627965520123445,True,7.27528005329189
fd_eps,H3e-4,0.0003,fine0,2.385,10.859062664920515,cpp,64,4.0,2,0,0.0003,0.014359778447347466,0.006771696553670652,6,9,0.31765150251077157,0.9948636444147354,0.9976249067550679,1.3053427498973609,0.07261890728289401,0.05563206084272045,0.006517132368268855,7.401486830834377e-13,8805166471.577944,True,5.166331342310704e-05,2.034359606241765e-09,0,0.03608491447728528,0.0013608844803062736,0.03771339076230658,True,7.256566693632235
fd_eps,H3e-4,0.0003,fine1,2.535,12.616430848036902,cpp,64,4.0,2,0,0.0003,0.009777538572505816,0.0015106877094185516,6,7,1.0,1.0,1.0,1.3053427498973609,0.02646091622217558,0.020271240043472263,0.002240699645836124,7.401486830834377e-13,3027364227.0110307,True,5.243745185319724e-05,2.065242570832725e-09,0,0.0425404153381702,0.00040485644439433414,0.00951698381823435,True,
fd_eps,H3e-4,0.0003,fine1,2.5375,12.648011384379227,cpp,64,4.0,2,0,0.0003,0.009735646531467523,0.0011500492180040484,6,7,0.06791190189250472,0.9986082669657381,0.9995056066283572,1.3053427498973609,0.026049716622682642,0.019956227301014182,0.002204343237709646,7.401486830834377e-13,2978243815.18375,True,5.2400004137498225e-05,1.2063052103805235e-09,0,0.04260937260421694,0.0003967149333800495,0.009310508677632763,True,6.264757937396729
fd_eps,H3e-4,0.0003,fine1,2.54,12.679670970833877,cpp,64,4.0,2,0,0.0003,0.009694473415267734,0.0006150151592535964,7,7,0.1177299198550615,0.9915834143670204,0.9989112263281025,1.3053427498973609,0.02564574312561935,0.019646750347857584,0.002168660869786329,7.401486830834377e-13,2930034085.518806,True,5.23600786752366e-05,1.407848810951236e-09,0,0.0426773986838744,0.0003887392973062507,0.00910878613257971,True,6.251716841278743
fd_eps,H3e-4,0.0003,fine1,2.5425,12.71140980527337,cpp,64,4.0,2,0,0.0003,0.009654005549359867,0.0007423942255047742,6,6,0.07373431851040677,0.9973827101982673,0.9964754921249551,1.3053427498973609,0.025248850648244992,0.019342698038680117,0.0021336381336899447,7.401486830834377e-13,2882715571.1488547,True,5.2320000918325075e-05,1.4821043658464403e-09,0,0.042744506672596015,0.00038092619246790383,0.008911699353220514,True,6.238784810033983
fd_eps,H3e-4,0.0003,fine1,2.545,12.743228086065523,cpp,64,4.0,2,0,0.0003,0.009614229542893168,0.0012106947179944057,6,6,0.024364086565820217,0.9966589326913802,0.9991768494901613,1.3053427498973609,0.024858897383389998,0.019043961737516567,0.002099260972707241,7.401486830834377e-13,2836269280.3313265,True,5.2279429959524797e-05,1.222624512520151e-09,0,0.042810709481806056,0.0003732723371911398,0.008719134574253558,True,6.225961498583682
fd_eps,H3e-4,0.0003,fine1,2.5475,12.775126012074695,cpp,64,4.0,2,0,0.0003,0.009575132282121743,0.001320601643279778,4,6,0.02870248161832517,0.9991882664194435,0.7646474783201174,1.3053427498973609,0.024475744718212816,0.018750435255519934,0.0020655156721382335,7.401486830834377e-13,2790676683.4109,True,5.223956805085395e-05,1.0368275002961382e-09,0,0.04287601984093439,0.00036577451106802083,0.008530981010481069,True,6.213246557366286
fd_eps,H3e-4,0.0003,fine1,2.55,12.80710378266303,cpp,64,4.0,2,0,0.0003,0.009536700924388486,0.0011361405925801062,5,6,0.12462903004237626,0.9993895253857422,0.97650515190016,1.3053427498973609,0.02409925715679777,0.01846201479166502,0.0020323888499945296,7.401486830834377e-13,2745919700.2521944,True,5.2198247402455094e-05,1.6969258710176227e-09,0,0.042940450299470224,0.00035842955417412104,0.00834713077469854,True,6.200639604768135
fd_eps,H3e-4,0.0003,fine1,2.5525,12.839161597691701,cpp,64,4.0,2,0,0.0003,0.009498922892180201,0.0009459446930521783,2,6,0.2298098703176115,0.9992666204867565,0.714867229774289,1.3053427498973609,0.02372930224337765,0.01817859887393061,0.0019998674479174985,7.401486830834377e-13,2701980687.969489,True,5.215591414375953e-05,8.726123918904134e-13,0,0.04300401322903149,0.00035123436626991307,0.008167478797834594,True,6.188140249704141
fd_eps,H3e-4,0.0003,fine1,2.555,12.871299657522147,cpp,64,4.0,2,0,0.0003,0.009461785867224907,0.0007998449743991482,8,6,0.2593385085246753,0.9984917936715517,0.804805790180934,1.3053427498973609,0.023365750488817262,0.01790008830297982,0.0019679387224282334,7.401486830834377e-13,2658842429.104728,True,5.2114976213874694e-05,1.8181483996673124e-09,0,0.043066720825445715,0.00034418590599095744,0.007991922751350905,True,6.17574807065176
fd_eps,H3e-4,0.0003,fine1,2.5575,12.90351816301735,cpp,64,4.0,2,0,0.0003,0.009425277784694215,0.0009647247956673655,8,6,0.25958189262038994,0.9997840996628966,0.9628355048283052,1.3053427498973609,0.02300847529660787,0.01762638609546575,0.0019365902363893855,7.401486830834377e-13,2616488120.091773,True,5.207263429330402e-05,1.3477605673256442e-09,0,0.043128585110842346,0.0003372811900262515,0.007820362971783658,True,6.1634626565838255
fd_eps,H3e-4,0.0003,fine1,2.56,12.935817315543076,cpp,64,4.0,2,0,0.0003,0.009389386827908972,0.0011382725783857922,8,6,0.02542174906963826,0.9964299504369273,0.9198050461182917,1.3053427498973609,0.022657352894470382,0.0173573974316339,0.0019058098507708867,7.401486830834377e-13,2574901360.1312356,True,5.202954833457481e-05,1.1607255749064883e-09,0,0.04318961793575057,0.0003305172922881735,0.007652702387408365,True,6.151283543843522
fd_eps,H3e-4,0.0003,fine1,2.5625,12.968197316969134,cpp,64,4.0,2,0,0.0003,0.009354101422566385,0.0013044795434435869,8,6,0.07260354773335347,0.9999185493194548,0.9944975600001198,1.3053427498973609,0.022312262263449834,0.017093029601002684,0.0018755857165831918,7.401486830834377e-13,2534066140.291646,True,5.198629934161596e-05,1.3639421244608635e-09,0,0.04324983098120197,0.0003238913430749621,0.007488846446954617,True,6.139210290603958
fd_eps,H3e-4,0.0003,fine1,2.565,13.000658369670637,cpp,64,4.0,2,0,0.0003,0.009319410231643056,0.0014581772958422515,8,6,0.04039745636627619,0.9914881206929869,0.9740777139157701,1.3053427498973609,0.021973085072520368,0.016833191952265496,0.0018459062671501278,7.401486830834377e-13,2493966833.0694537,True,5.194316191837225e-05,1.7423309168855799e-09,0,0.043309235760836416,0.00031740052822831083,0.007328703050339417,True,6.127242412684834
fd_eps,H3e-4,0.0003,fine1,2.5675,13.033200676529269,cpp,64,4.0,2,0,0.0003,0.009285302150086092,0.0015992802273950522,8,6,0.1291536239516859,0.9974478485243209,0.9339952806141666,1.3053427498973609,0.021639705612084545,0.01657779584234568,0.0018167602105261947,7.401486830834377e-13,2454588182.144194,True,5.189933553882076e-05,1.0919697215186133e-09,0,0.043367843623007156,0.0003110420882864105,0.007172182481339676,True,6.115379433615307
fd_eps,H3e-4,0.0003,fine1,2.57,13.065824440934556,cpp,64,4.0,2,0,0.0003,0.009251766299837956,0.001729133554357853,8,6,0.12143725985696294,0.9997114746420709,0.9705289269340117,1.3053427498973609,0.021312010731154424,0.016326754588272076,0.0017881365221741501,7.401486830834377e-13,2415915292.485323,True,5.185559840167617e-05,1.6049782363172885e-09,0,0.04342566575288472,0.0003048133176345364,0.007019197342168276,True,6.103620849484797
fd_eps,H3e-4,0.0003,fine1,2.5725,13.098529866785132,cpp,64,4.0,2,0,0.0003,0.009218792024868201,0.0018492511606885969,4,6,0.2178601675695194,0.9981645169365835,0.6973086870805424,1.3053427498973609,0.020989889774590646,0.016079983419098994,0.0017600244378458798,7.401486830834377e-13,2377933620.733701,True,5.1811300554926896e-05,1.7904500176102477e-09,0,0.0434827131745564,0.00029871156365503905,0.006869662489916291,True,6.0919661580555475
fd_eps,H3e-4,0.0003,fine1,2.575,13.131317158490017,cpp,64,4.0,2,0,0.0003,0.009186368886261035,0.001960977772493304,8,6,0.14668699858180356,0.9836960242101156,0.4557661570986756,1.3053427498973609,0.020673234523833253,0.01583739943050114,0.0017324134467099066,7.401486830834377e-13,2340628965.9163117,True,5.176687133521822e-05,2.0180271817830153e-09,0,0.04353899675312263,0.00029273422587555123,0.006723494974756309,True,6.080414823751182
fd_eps,H3e-4,0.0003,fine1,2.5775,13.164186520969883,cpp,64,4.0,2,0,0.0003,0.009154486657541087,0.0020654346367747715,8,6,0.10970072046484022,0.9908190506732982,0.9816758815990526,1.3053427498973609,0.020361939136398277,0.015598921538423021,0.0017052932846051525,7.401486830834377e-13,2303987460.331552,True,5.172269636246777e-05,1.2329236639901667e-09,0,0.0435945271967828,0.00028687875512036415,0.0065806139799478155,True,6.068966330785976
fd_eps,H3e-4,0.0003,fine1,2.58,13.197138159658358,cpp,64,4.0,2,0,0.0003,0.009123135320079842,0.00216354150092343,8,6,0.23106429310987936,0.9995289706491565,0.7646609141276535,1.3053427498973609,0.02005590008957465,0.01536447043594615,0.001678653927570805,7.401486830834377e-13,2267995560.807569,True,5.167709724489472e-05,1.218443758401296e-09,0,0.04364931505891677,0.00028114265266216293,0.006440940763507595,True,6.0576201328151456
fd_eps,H3e-4,0.0003,fine1,2.5825,13.23017228050329,cpp,64,4.0,2,0,0.0003,0.009092305058544315,0.0022560530289284573,4,6,0.06768488928275639,0.9704709795230377,0.7988631683640235,1.3053427498973609,0.019755016124503293,0.015133968550449014,0.0016524855855037247,7.401486830834377e-13,2232640040.132907,True,5.163208514283689e-05,8.976499292456572e-10,0,0.0437033707401541,0.00027552346937693387,0.006304398601542796,True,6.046375673517045
fd_eps,H3e-4,0.0003,fine1,2.585,13.263289089968042,cpp,64,4.0,2,0,0.0003,0.00906198625647461,0.0023435925671865393,4,6,0.0027482390297471466,0.9977658698757835,0.891836389432631,1.3053427498973609,0.01945918819102182,0.014907340001353587,0.0016267786960436675,7.401486830834377e-13,2197907978.7949567,True,5.1586573634966293e-05,7.592553069666052e-10,0,0.043756704490432966,0.00027001880490364635,0.006170912733217459,True,6.035232400727405
fd_eps,H1e-4,0.0001,coarse,2.31,10.074424655013587,cpp,64,4.0,2,0,0.0001,0.019678690678323528,0.004536493663780451,6,8,1.0,1.0,1.0,1.3053428127008952,0.12772941211359043,0.09785123943748117,0.012064816705278737,2.220446049250313e-12,5433510401.8186655,True,1.4031621674330323e-05,1.8090910888619874e-13,0,0.030351567905114018,0.002354371729638106,0.07757002000682184,False,
fd_eps,H1e-4,0.0001,coarse,2.335,10.329459929369532,cpp,64,4.0,2,0,0.0001,0.017511832688614143,0.004627545751153667,6,8,0.08625191631967329,0.9680672598995834,0.9878276078530566,1.3053428127008952,0.10531804618660913,0.08068228909821376,0.009754556044024806,2.220446049250313e-12,4393061496.503473,True,1.567671516668862e-05,7.212862602586838e-14,0,0.03249697642315113,0.001984813851825621,0.0610768776141162,False,7.717171009059934
fd_eps,H1e-4,0.0001,coarse,2.36,10.59095145243378,cpp,64,4.0,2,0,0.0001,0.015773615986003433,0.0035731764735567302,6,8,0.022434373232039156,0.9732860582973137,0.7215645184966744,1.3053428127008952,0.08724773725898634,0.06683894560882543,0.007945226628341559,2.220446049250313e-12,3578211968.277319,True,1.6626418034278624e-05,-7.147314433861927e-14,0,0.03440444903208342,0.001650430404123452,0.04797142377093046,True,7.529326259786185
fd_eps,H1e-4,0.0001,coarse,2.385,10.859062664920515,cpp,64,4.0,2,0,0.0001,0.014359780426230293,0.006771694634421643,18,9,0.1334762536077232,0.9095208287865184,0.7507501696548471,1.3053428127008952,0.07261890760958435,0.05563205841638488,0.006517132416400367,2.220446049250313e-12,2935055512.202487,True,1.7197186998744402e-05,7.522370304986043e-14,0,0.03608491447728528,0.0013608844803062736,0.03771339076230658,True,7.341052137390213
fd_eps,H1e-4,0.0001,coarse,2.41,11.133961145065307,cpp,64,4.0,2,0,0.0001,0.013200022238105236,0.006928195813255376,6,7,2.8654029106999464e-26,0.9389547576651248,0.6565673484002973,1.3053428127008952,0.06072540204582631,0.04652065453992036,0.005380935159205953,2.220446049250313e-12,2423357757.790473,True,1.7505235172424973e-05,-4.9429939596334254e-14,0,0.037557393453509086,0.0011163977941820022,0.029725113793212243,True,7.154529107514223
fd_eps,H1e-4,0.0001,coarse,2.435,11.41581871336694,cpp,64,4.0,2,0,0.0001,0.012243141176305075,0.006223553305077911,20,7,0.014076434248223536,0.9763685006958128,0.03172883746181262,1.3053428127008952,0.05101074938480068,0.03907843126607786,0.004469893339428104,2.220446049250313e-12,2013060997.783427,True,1.7647801692205482e-05,-4.146015602775159e-13,0,0.038843716031213116,0.000913060054421209,0.0235059913857756,True,6.973028514529494
fd_eps,H1e-4,0.0001,coarse,2.46,11.704811539980854,cpp,64,4.0,2,0,0.0001,0.011450077074461924,0.005255985430629178,5,7,0.007808099953252862,0.9921580347664737,0.4940211075139035,1.3053428127008952,0.04303676540181358,0.032969703424317987,0.0037339131182681975,2.220446049250313e-12,1681604972.806646,True,1.7694844946696788e-05,-3.3858729956688465e-14,0,0.03996571374049519,0.0007455129480482401,0.01865381293798465,True,6.799264921607189
fd_eps,H1e-4,0.0001,coarse,2.485,12.001120254831195,cpp,64,4.0,2,0,0.0001,0.010790222668243891,0.004287166443670905,4,7,0.16823950088022388,0.9893410622519834,0.4191206249910774,1.3053428127008952,0.03645862631105912,0.0279303076221198,0.0031351459096772717,2.220446049250313e-12,1411944195.0574696,True,1.7651311157773715e-05,-2.6078452878812593e-13,0,0.04094384382726847,0.0006082464295914433,0.014855625968032662,True,6.635066711517256
fd_eps,H1e-4,0.0001,coarse,2.51,12.30493006051041,cpp,64,4.0,2,0,0.0001,0.010239226099860799,0.003273376610487483,127,7,0.22273401140953086,0.9923922780857639,0.9282222916573173,1.3053428127008952,0.031004779331981102,0.023752212085826608,0.0026447780333329106,2.220446049250313e-12,1191102136.539577,True,1.757055313761344e-05,6.457582701516429e-13,0,0.04179661090835848,0.0004961760573997087,0.011871203109926873,True,6.481469093464183
fd_eps,H1e-4,0.0001,coarse,2.535,12.616430848036902,cpp,64,4.0,2,0,0.0001,0.009777540300500095,0.0015107093893997935,15,7,0.02075374892549515,0.99726102945535,0.9839977268727367,1.3053428127008952,0.026460916254701494,0.020271239093086205,0.0022406996536828753,2.220446049250313e-12,1009121412.5375396,True,1.7462265322152764e-05,-4.485013030930544e-13,0,0.0425404153381702,0.00040485644439433414,0.00951698381823435,True,6.338903143852321
fd_eps,H1e-4,0.0001,coarse,2.56,12.935817315543076,cpp,64,4.0,2,0,0.0001,0.009389388555578113,0.0011382441485799448,5,6,0.07990374670928367,0.967988554577119,0.9706098791881627,1.3053428127008952,0.022657352917854777,0.01735739661443745,0.0019058098567446135,2.220446049250313e-12,858300456.0674059,True,1.7322172612008757e-05,-1.877007740113735e-13,0,0.04318961793575057,0.0003305172922881735,0.007652702387408365,True,6.207374184905767
fd_eps,H1e-4,0.0001,coarse,2.585,13.263289089968042,cpp,64,4.0,2,0,0.0001,0.009061987989062584,0.00234357620811295,5,6,0.14306185601563468,0.9917140535248523,0.9871960815366567,1.3053428127008952,0.01945918820854562,0.014907339297546259,0.0016267787006298334,2.220446049250313e-12,732635994.9970777,True,1.7178210792899775e-05,4.685971107975704e-14,0,0.043756704490432966,0.00027001880490364635,0.006170912733217459,True,6.0866028558660155
fd_eps,H1e-4,0.0001,coarse,2.61,13.599050851830924,cpp,64,4.0,2,0,0.0001,0.008784948511012193,0.003029267994731168,5,6,0.20243114870585474,0.9982049929928756,0.987202446372357,1.3053428127008952,0.01675867672948095,0.01283852530264095,0.0013931373854124734,2.220446049250313e-12,627413300.9819522,True,1.702732168431545e-05,2.0897472391857158e-13,0,0.04425248708881985,0.00022077582353826518,0.004989003738821337,True,5.976128885480078
fd_eps,H1e-4,0.0001,coarse,2.635,13.94331246316286,cpp,64,4.0,2,0,0.0001,0.008549799722267383,0.003506019353265892,5,6,0.07468098901008585,0.9954182339740407,0.727481604929307,1.3053428127008952,0.014469334113940592,0.01108470048875665,0.0011966047955240759,2.220446049250313e-12,538902891.1231977,True,1.6869394037634953e-05,2.645284250029018e-13,0,0.04468630950324292,0.00018067503461692504,0.004043185410149239,True,5.875384666044133
fd_eps,H1e-4,0.0001,coarse,2.66,14.296289098677603,cpp,64,4.0,2,0,0.0001,0.008349615370825934,0.003864107848314624,5,6,0.07091852029743057,0.9977442242837873,0.2597736301940902,1.3053428127008952,0.012521383506937465,0.009592410043633955,0.001030585244892325,2.220446049250313e-12,464134332.48706067,True,1.6714812898963217e-05,-1.9179787936526437e-13,0,0.04506624065023859,0.00014799654169969913,0.003283977974739626,True,5.783746315267342
fd_eps,H1e-4,0.0001,coarse,2.685,14.658201380262703,cpp,64,4.0,2,0,0.0001,0.008178714041918765,0.004144245075095746,5,6,0.10443037683981983,0.997999895036276,0.22649696504784708,1.3053428127008952,0.010858233612422644,0.008318300378086724,0.0008897910424824935,2.220446049250313e-12,400726260.73617625,True,1.6566845143851536e-05,6.192549649858937e-13,0,0.04539924927860238,0.0001213443753129769,0.002672827794317054,True,5.700568513158352
fd_eps,H1e-4,0.0001,coarse,2.71,15.029275514875401,cpp,64,4.0,2,0,0.0001,0.008032420136614666,0.004369086095880849,5,6,0.10113631855649491,0.9990547431174572,0.49612504390119233,1.3053428127008952,0.00943374781826731,0.007227027051037932,0.0007699567178810373,2.220446049250313e-12,346757678.774045,True,1.6429760382794735e-05,3.089838832485796e-13,0,0.04569135790997557,9.958715593043112e-05,0.0021795621860625147,True,5.625207885554323
fd_eps,H1e-4,0.0001,coarse,2.735,15.409743435929318,cpp,64,4.0,2,0,0.0001,0.007906872763353208,0.004552789639713081,5,6,0.025481929807575385,0.9996652755323109,0.875824914954951,1.3053428127008952,0.00821011963540828,0.006289627181093261,0.0006676210579215586,2.220446049250313e-12,300669794.7680228,True,1.6295900842297583e-05,3.909412254845027e-13,0,0.045947776524769765,8.18085374160096e-05,0.0017804678181088443,True,5.5570383230627245
fd_eps,H1e-4,0.0001,coarse,2.76,15.799842948260395,cpp,64,4.0,2,0,0.0001,0.007798872753664407,0.004704877043985803,3,6,0.05569441926334799,0.998313587468604,0.8937992751555219,1.3053428127008952,0.007156213341419685,0.005482248242982782,0.0005799596853601696,2.220446049250313e-12,261190622.28779697,True,1.6164415410986598e-05,2.1672489248506534e-12,0,0.04617301763570076,6.726639000082396e-05,0.001456833307529242,True,5.4954606850584815
fd_eps,H1e-4,0.0001,coarse,2.785,16.19981787676266,cpp,64,4.0,2,0,0.0001,0.007705760016234586,0.004832081874509467,3,6,0.027561889646764225,0.9823667187824354,0.7398521516271745,1.3053428127008952,0.006246262368583829,0.0047851509257247436,0.0005046555847986135,2.220446049250313e-12,227276670.36494756,True,1.605195646827057e-05,7.711643067538951e-13,0,0.046370994826328754,5.535947919221912e-05,0.0011938385061514107,True,5.43990857236752
fd_eps,H1e-4,0.0001,coarse,2.81,16.6099182187867,cpp,64,4.0,2,0,0.0001,0.0076253150255697726,0.0049393446319168964,5,6,0.06484608486568597,0.9906335995983688,0.06484608486568597,1.3053428127008952,0.005458843637038593,0.004181923387423152,0.00043979832298118664,2.220446049250313e-12,198067556.34962413,True,1.5943120373896082e-05,1.5810041987599147e-12,0,0.0465451068933804,4.5600418571953875e-05,0.0009797038102503342,True,5.389851383897897
fd_eps,H1e-4,0.0001,coarse,2.835,17.03040030039619,cpp,64,4.0,2,0,0.0001,0.007555679516578929,0.005030393595066682,5,6,0.32871345620503406,0.9828808719601462,0.32871345620503406,1.3053428127008952,0.004776065507133296,0.0036588591599559205,0.00038380511568596946,2.220446049250313e-12,172850457.5986222,True,1.583321722204766e-05,3.474864417559641e-12,0,0.046698309609165475,3.759379362330572e-05,0.0008050354271480351,True,5.344795493728405
fd_eps,H1e-4,0.0001,coarse,2.86,17.46152693657999,cpp,64,4.0,2,0,0.0001,0.0074952924705152385,0.0051081055310928545,5,6,0.05292978625887793,0.9834440288541428,0.6935428481240625,1.3053428127008952,0.004182921760996996,0.0032044622457008667,0.0003353586374374776,2.220446049250313e-12,151032103.45989013,True,1.574302102221813e-05,1.6302900219206719e-12,0,0.04683317691838024,3.101850564731639e-05,0.0006623190585890578,True,5.304284146036504
fd_eps,H1e-4,0.0001,coarse,2.885,17.90356759552007,cpp,64,4.0,2,0,0.0001,0.007442838293869626,0.005174740637720182,5,6,0.06025365128661194,0.9856866689908464,0.9925805528677566,1.3053428127008952,0.0036667751701003684,0.002809051487795313,0.0002933577432572394,2.220446049250313e-12,132116582.3219553,True,1.565711327190888e-05,1.2808193936114214e-12,0,0.04695195315789586,2.5613537707747892e-05,0.0005455265646055555,True,5.267896508250907
fd_eps,H1e-4,0.0001,coarse,2.91,18.356798567017925,cpp,64,4.0,2,0,0.0001,0.00739720473678079,0.005232101488310129,5,6,0.37388973381719337,0.9882823482308543,0.9159749522244353,1.3053428127008952,0.0032169426514697687,0.002464442765662123,0.00025687820825607123,2.220446049250313e-12,115687660.29816431,True,1.557326435080696e-05,-2.6083677420382905e-13,0,0.047056597667380747,2.1166484124417838e-05,0.00044980906341833283,True,5.235246166051439
fd_eps,H1e-4,0.0001,coarse,2.935,18.821503135184646,cpp,64,4.0,2,0,0.0001,0.007357448608532723,0.0052816439473177285,5,6,0.6035943393231228,0.9879901051612331,0.9973926192503174,1.3053428127008952,0.0028243604197059763,0.002163692473904284,0.00022514128431177266,2.220446049250313e-12,101394620.41322142,True,1.5496459418082443e-05,4.653991367193657e-12,0,0.047148822956188184,1.7504306133026088e-05,0.0003712564818275847,True,5.205979300989834
fd_eps,H1e-4,0.0001,coarse,2.96,19.297971755502758,cpp,64,4.0,2,0,0.0001,0.007322767752773184,0.00532455658911701,5,6,0.170867913096536,0.9872442557883099,0.9788975193655123,1.3053428127008952,0.002481312421655604,0.0019008894809184268,0.00019748838988664345,2.220446049250313e-12,88940863.91034867,True,1.5424059226163968e-05,3.850626496209601e-12,0,0.04723012741301793,1.4485878299348897e-05,0.0003067084315202628,True,5.179772655308856
fd_eps,H1e-4,0.0001,coarse,2.985,19.786502236370332,cpp,64,4.0,2,0,0.0001,0.0072924780610953005,0.005361818822634786,5,6,0.3553622487976446,0.9943872699720853,0.9750470182393768,1.3053428127008952,0.0021812090558597994,0.0016709856097852503,0.0001733606374349451,2.220446049250313e-12,78074690.21527305,True,1.5369336680989296e-05,2.9472151553647607e-12,0,0.04730182339017039,1.1995974530889591e-05,0.000253604907192276,True,5.156331465573444
fd_eps,H1e-4,0.0001,coarse,3.01,20.287399925240926,cpp,64,4.0,2,0,0.0001,0.007265994555662449,0.005393742108503499,12,6,0.2809988913878407,0.9933728581064484,0.7073174960021699,1.3053428127008952,0.0019184060369059432,0.0014696568734588226,0.00015228219564431661,2.220446049250313e-12,68581803.95589052,True,1.53137058112118e-05,5.018232257272725e-12,0,0.047365061362338645,9.94041131690731e-06,0.00020986801306693172,True,5.135387348380782
fd_eps,H1e-4,0.0001,coarse,3.035,20.800977899475697,cpp,64,4.0,2,0,0.0001,0.007242815767283366,0.005362317264185237,13,6,0.17793305320776692,0.9936171260320134,0.9499247829954325,1.3053428127008952,0.0016880554499749383,0.0012931893702943591,0.00013384670637621682,2.220446049250313e-12,60279197.69606982,True,1.5260364144048966e-05,-1.2655793246733016e-12,0,0.047420850748481416,8.24212152582032e-06,0.0001738079641281902,True,5.116696279396954
fd_eps,H1e-4,0.0001,coarse,3.06,21.327557162026903,cpp,64,4.0,2,0,0.0001,0.007222510791849587,0.005334662568183656,11,6,0.41943110716986465,0.9955764448461676,0.5466203939688533,1.3053428127008952,0.0014859827378869252,0.0011383850460035601,0.00011770614653061146,2.220446049250313e-12,53010135.76544788,True,1.5217765405380107e-05,2.2798817970937207e-12,0,0.04747007789173178,6.83797696451404e-06,0.00014404815134514583,True,5.100036616534762
fd_eps,H1e-4,0.0001,coarse,3.085,21.867466842075256,cpp,64,4.0,2,0,0.0001,0.007204708530153562,0.005310316528133452,11,6,0.22133031544882725,0.9915649132440243,0.4633675686703993,1.3053428127008952,0.0013085846700564992,0.0010024835294790463,0.0001035616554683466,2.220446049250313e-12,46640023.297711745,True,1.5178929607711658e-05,6.194908993641427e-12,0,0.04751352161395963,5.676213926013963e-06,0.0001194652329105884,True,5.08520724454981
fd_eps,H1e-4,0.0001,coarse,3.11,22.421044400746343,cpp,64,4.0,2,0,0.0001,0.00718908871356466,0.005288875962313329,11,6,0.5028995450378758,0.9906465058293146,0.9732682729659802,1.3053428127008952,0.001152744364036773,0.0008830970323049624,9.115594971614713e-05,2.220446049250313e-12,41052990.11742439,True,1.5140907873548455e-05,1.0324739242944495e-11,0,0.047551866696132386,4.714344813786715e-06,9.91411093051822e-05,True,5.072025826870585
fd_eps,H1e-4,0.0001,coarse,3.135,22.988635842034803,cpp,64,4.0,2,0,0.0001,0.0071753743950670225,0.00526998828461969,12,6,0.29620746549515137,0.9939798783228209,0.9935550883615066,1.3053428127008952,0.0010157602262197468,0.0007781559114865996,8.026702505340147e-05,2.220446049250313e-12,36149054.41206372,True,1.5107143967075694e-05,5.048256882746909e-13,0,0.04758571558095404,3.917462030309953e-06,8.232432742648297e-05,True,5.0603271782944095
fd_eps,H1e-4,0.0001,coarse,3.16,23.570595929068126,cpp,64,4.0,2,0,0.0001,0.007163325646600409,0.00525334487422512,12,6,0.3688326726945889,0.9964218598079556,0.9817812290830589,1.3053428127008952,0.0008952863031561034,0.0006858629736533803,7.070290697304959e-05,2.220446049250313e-12,31841758.5497837,True,1.5078356193170964e-05,7.24483611555914e-12,0,0.04761559854859776,3.2568587893121892e-06,6.839898874710462e-05,True,5.049961742257436
fd_eps,H1e-4,0.0001,coarse,3.185,24.167288405845095,cpp,64,4.0,2,0,0.0001,0.007152734252746067,0.0052386753659543605,12,6,0.38299754101347966,0.9948837318735299,0.9346536018214179,1.3053428127008952,0.0007892820254654605,0.0006046549747589682,6.229725853459265e-05,2.220446049250313e-12,28056191.03225949,True,1.5053743870229975e-05,5.451825823851603e-12,0,0.04764198257817788,2.708906293292356e-06,5.68596466120441e-05,True,5.04079420854464
fd_eps,H1e-4,0.0001,coarse,3.21,24.779086224587694,cpp,64,4.0,2,0,0.0001,0.007143419229830276,0.0052257427242103065,12,6,0.3027458957006437,0.9950762912035614,0.8643297248346453,1.3053428127008952,0.0006959697165124525,0.000533170068230901,5.490569215851131e-05,2.220446049250313e-12,24727325.47455907,True,1.5028014664339849e-05,4.6803471453721364e-12,0,0.04766527907565106,2.2541385441407724e-06,4.729099646229194e-05,True,5.03270220285878
fd_eps,H1e-4,0.0001,coarse,3.235,25.406371778848346,cpp,64,4.0,2,0,0.0001,0.007135223030790574,0.0052143389854634415,11,6,0.005100533145905267,0.9938703889603477,0.2684682819085031,1.3053428127008952,0.0006137985440223828,0.000470220188942066,4.8402661693597194e-05,2.220446049250313e-12,21798620.91670245,True,1.5009599661590618e-05,-1.3304658776042377e-12,0,0.04768585062204977,1.8765055283425866e-06,3.935141145358739e-05,True,5.025575140748767
fd_eps,H1e-4,0.0001,coarse,3.26,26.049537142518336,cpp,64,4.0,2,0,0.0001,0.007128008322253617,0.005204281572502697,11,6,0.004226678843385731,0.9970247960540681,0.5155584656778359,1.3053428127008952,0.0005414138410882088,0.0004147675505777406,4.2678834590246834e-05,2.220446049250313e-12,19220838.355724268,True,1.4991587954306509e-05,7.493881763173793e-12,0,0.04770401687343544,1.562763109174444e-06,3.2759570610597525e-05,True,5.019313115737635
fd_eps,H1e-4,0.0001,coarse,3.285,26.708984314886784,cpp,64,4.0,2,0,0.0001,0.007121655239645444,0.005195410098609968,13,6,0.00486172045380456,0.9962646265889565,0.990647317067847,1.3053428127008952,0.0004776309171516608,0.0003659045826922591,3.763886289351439e-05,2.220446049250313e-12,16951036.890188057,True,1.4975858366116922e-05,6.637369656442484e-13,0,0.04772005972501479,1.3019740515955808e-06,2.728357967484034e-05,True,5.013825913192261
fd_eps,H1e-4,0.0001,coarse,3.31,27.38512547190322,cpp,64,4.0,2,0,0.0001,0.007116059043482782,0.0051875835924862215,13,6,0.44620820475764733,0.9969513868023635,0.9601196734093542,1.3053428127008952,0.000421412637745011,0.00032283675494643643,3.319948667358963e-05,2.220446049250313e-12,14951719.581207002,True,1.4962717924368754e-05,-4.241799669331792e-12,0,0.04773422783585962,1.0850994996472456e-06,2.2732105427126673e-05,True,5.009032142589188
fd_eps,H1e-4,0.0001,coarse,3.335,28.07838322380105,cpp,64,4.0,2,0,0.0001,0.007111128113306156,0.005180678085159041,11,6,0.2601528038677358,0.9978747044953549,0.9971095922420116,1.3053428127008952,0.00037185018030946274,0.0002848678344810162,2.9287915558181243e-05,2.220446049250313e-12,13190104.55942836,True,1.494927132709282e-05,5.263878713283289e-12,0,0.04774674059714371,9.046641600850863e-07,1.894713961143569e-05,True,5.004858351022413
fd_eps,H1e-4,0.0001,coarse,3.36,28.789190879242675,cpp,64,4.0,2,0,0.0001,0.007106782226181486,0.005174584509035877,13,6,0.013579464346780973,0.9982023819214608,0.9900552896280361,1.3053428127008952,0.0003281464730847321,0.00025138719874341793,2.5840443808306847e-05,2.220446049250313e-12,11637501.310617896,True,1.4938484456886388e-05,-1.1610212558446504e-12,0,0.04775779161533084,7.544816199579837e-07,1.579808434265595e-05,True,5.001238362434543
fd_eps,H1e-4,0.0001,coarse,3.385,29.517992716151486,cpp,64,4.0,2,0,0.0001,0.00710295107637057,0.005169206866335627,11,6,0.49089057674369035,0.9976158157455017,0.9643044905419073,1.3053428127008952,0.00028960191143118075,0.00022185889301520965,2.280126207370206e-05,2.220446049250313e-12,10268775.537870161,True,1.4931264024076837e-05,4.955055850203889e-12,0,0.04776755177199284,6.294287766160781e-07,1.3176910962917005e-05,True,4.998112490045585
fd_eps,H1e-4,0.0001,coarse,3.41,30.265244259400085,cpp,64,4.0,2,0,0.0001,0.007099572999355553,0.005164460630657889,13,6,0.7539404955491621,0.9989075792601687,0.982305128669353,1.3053428127008952,0.00025560200972268957,0.0001958121707460291,2.012143537039805e-05,2.220446049250313e-12,9061888.883628419,True,1.4922352783256017e-05,7.688333244138056e-12,0,0.047776171913613594,5.252604252710142e-07,1.0994192381523638e-05,True,4.995427019930933
fd_eps,H1e-4,0.0001,coarse,3.435,31.031412565528075,cpp,64,4.0,2,0,0.0001,0.007096593869903629,0.005160271350425864,11,6,0.6173867007573224,0.998382593025376,0.9929153459781763,1.3053428127008952,0.0002256067063644891,0.00017283330031724346,1.7758022026062884e-05,2.220446049250313e-12,7997502.137941387,True,1.4914977315144965e-05,-1.5131819105783812e-12,0,0.047783785217630985,4.3845671808745565e-07,9.17584733169436e-06,True,4.993133570491014
fd_eps,H1e-4,0.0001,coarse,3.46,31.81697651466769,cpp,64,4.0,2,0,0.0001,0.007093966148586024,0.005156573427582341,11,6,0.6197741092793068,0.9983281639771193,0.9983046482082177,1.3053428127008952,0.00019914108244995158,0.00015255845476936988,1.5673312451648e-05,2.220446049250313e-12,7058632.411690329,True,1.4910327361025421e-05,6.272567372619492e-12,0,0.04779050927487807,3.6609755505654755e-07,7.660465657539944e-06,True,4.991188616276732
fd_eps,H1e-4,0.0001,coarse,3.485,32.62242710985942,cpp,64,4.0,2,0,0.0001,0.007091648055160367,0.0051533090484687585,13,6,0.5500140663178351,0.9976112534983588,0.9958071359447156,1.3053428127008952,0.00017578729357474202,0.00013466753090785334,1.3834170151897958e-05,2.220446049250313e-12,6230356.354106768,True,1.4906136488345278e-05,1.6668669021250302e-11,0,0.04779644792335605,3.0575906771672504e-07,6.397108592818962e-06,True,4.989553026441188
fd_eps,H1e-4,0.0001,coarse,3.51,33.44826778394491,cpp,64,4.0,2,0,0.0001,0.007089602850866792,0.005150427247178334,11,6,0.2351285682609105,0.9984292103231158,0.9985822591997028,1.3053428127008952,0.00015517754518681222,0.00011887876784316383,1.2211460129341506e-05,2.220446049250313e-12,5499552.728815207,True,1.4902130666310653e-05,1.2208482001796266e-11,0,0.04780169286377019,2.5542823776566417e-07,5.343497739580225e-06,True,4.988191628008958
fd_eps,H1e-4,0.0001,coarse,3.535,34.295014714228856,cpp,64,4.0,2,0,0.0001,0.00708779821420645,0.005147883084276776,11,6,0.22477086784879,0.9986412033604903,0.9772904131057121,1.3053428127008952,0.00013698796747403357,0.00010494405465074011,1.0779552262266455e-05,2.220446049250313e-12,4854678.7551564,True,1.4899155779328253e-05,-1.3397020801222379e-11,0,0.04780632508338346,2.1343242166698272e-07,4.464522660855345e-06,True,4.987072835702964
fd_eps,H1e-4,0.0001,coarse,3.56,35.163197145106615,cpp,64,4.0,2,0,0.0001,0.00708620569729154,0.005145636926182099,13,6,0.8261754478099641,0.9986217555338729,0.968556269182004,1.3053428127008952,0.0001209332676068996,9.264483354887871e-05,9.515889106979055e-06,2.220446049250313e-12,4285575.463628983,True,1.4896040773216849e-05,2.345348166830475e-11,0,0.0478104161113774,1.7838113324868413e-07,3.7310098459116933e-06,True,4.986168289386483
fd_eps,H1e-4,0.0001,coarse,3.585,36.05335771885924,cpp,64,4.0,2,0,0.0001,0.007084800251684706,0.005143653812416442,11,6,0.36777486092092176,0.9993030478439411,0.9999948531520686,1.3053428127008952,0.00010676205488152657,8.178851857361849e-05,8.400609221005245e-06,2.220446049250313e-12,3783298.0557404375,True,1.4894796396584832e-05,5.49458094244149e-13,0,0.047814029126018516,1.4911791910195264e-07,3.118706409554775e-06,True,4.985452562236988
fd_eps,H1e-4,0.0001,coarse,3.61,36.966052814822504,cpp,64,4.0,2,0,0.0001,0.00708355981436691,0.005141902899680972,13,6,0.4124543079980723,0.9990504321116856,0.995630896077983,1.3053428127008952,9.425274972116803e-05,7.220536153728759e-05,7.416218413420952e-06,2.220446049250313e-12,3339967.848318081,True,1.489308622786443e-05,1.3364022987506466e-11,0,0.047817219931389494,1.2468054920262593e-07,2.607440361056618e-06,True,4.984902854429571
fd_eps,H1e-4,0.0001,coarse,3.635,37.901852897142135,cpp,64,4.0,2,0,0.0001,0.007082464945760826,0.005140356973134437,13,6,0.69307886484055,0.9989485952772722,0.9996669689584134,1.3053428127008952,8.320999988880967e-05,6.374570655247199e-05,6.547302490078743e-06,2.220446049250313e-12,2948642.905460055,True,1.4892371128794845e-05,2.200342479738209e-11,0,0.047820037819269655,1.042680642132568e-07,2.1804262181332014e-06,True,4.984498763474885
fd_eps,H1e-4,0.0001,coarse,3.66,38.86134287133247,cpp,64,4.0,2,0,0.0001,0.007081498512964598,0.005138992016559206,11,6,0.591419351660068,0.9991468161080888,0.9983955898090245,1.3053428127008952,7.34615383187076e-05,5.6277582872431605e-05,5.780275944792093e-06,2.220446049250313e-12,2603204.8591064312,True,1.4891841832445093e-05,1.4096445312954238e-11,0,0.04782252632982688,8.721348113845492e-08,1.8236903783993513e-06,True,4.984222020047047
fd_eps,H1e-4,0.0001,coarse,3.685,39.8451224498614,cpp,64,4.0,2,0,0.0001,0.007080645412290426,0.005137786834105081,13,6,0.8412332555226338,0.9994663162816052,0.9997967852260635,1.3053428127008952,6.485542582167573e-05,4.968459257647641e-05,5.103161897545315e-06,2.220446049250313e-12,2298259.8020196394,True,1.4891126887779425e-05,-8.03657829854363e-12,0,0.04782472392312674,7.296117282707173e-08,1.5255952746188188e-06,True,4.984056262177691
fd_eps,H1e-4,0.0001,coarse,3.71,40.85380652699027,cpp,64,4.0,2,0,0.0001,0.007079892325928887,0.005136722717300289,11,4,0.5190422859203341,0.9992394886996075,0.9979159897137336,1.3053428127008952,5.725762953660434e-05,4.386405546458108e-05,4.5053991871339055e-06,2.220446049250313e-12,2029051.4100331592,True,1.4890567760104272e-05,3.1528872204243522e-12,0,0.0478266645720097,6.10481086311373e-08,1.2764450370403914e-06,True,4.983986958017815
fd_eps,H1e-4,0.0001,coarse,3.735,41.888025563102715,cpp,64,4.0,2,0,0.0001,0.0070792275085263855,0.005135783151794984,13,4,0.46496590774889635,0.999322345845807,0.9993815440308029,1.3053428127008952,5.0549895341468175e-05,3.8725379149156216e-05,3.9776731419426375e-06,2.220446049250313e-12,1791384.7279854491,True,1.4891047567088167e-05,5.692404077386391e-12,0,0.04782837828561119,5.1088289509382986e-08,1.0681585146856739e-06,True,4.984001020078121
fd_eps,H1e-4,0.0001,coarse,3.76,42.94842597876301,cpp,64,4.0,2,0,0.0001,0.007078640599710595,0.005134953559003323,13,4,0.6874303921811575,0.9996022853530433,0.9994253160553604,1.3053428127008952,4.462787671830224e-05,3.4188625611660084e-05,3.511767007669597e-06,2.220446049250313e-12,1581559.2587152799,True,1.4892468104133674e-05,2.567673749334187e-11,0,0.04782989157169674,4.275982710039041e-08,8.939979936248375e-07,True,4.984086910812346
fd_eps,H1e-4,0.0001,coarse,3.785,44.03567055874993,cpp,64,4.0,2,0,0.0001,0.00707812245939913,0.005134221068424448,13,4,0.3942705673114215,0.9995979658613473,0.9999992717567836,1.3053428127008952,3.939948898158947e-05,3.0183250406127164e-05,3.100431408619409e-06,2.220446049250313e-12,1396310.1736546152,True,1.4892355247334293e-05,2.4777599938176988e-11,0,0.04783122784499734,3.579421099310246e-08,7.483439712042886e-07,True,4.984234243535698
fd_eps,H1e-4,0.0001,coarse,3.81,45.15043886631872,cpp,64,4.0,2,0,0.0001,0.007077665023007523,0.005133574316931259,11,4,0.19002264282827572,0.9995172537319633,0.9941540573227866,1.3053428127008952,3.478346045337366e-05,2.664699274009325e-05,2.737269585201461e-06,2.220446049250313e-12,1232756.6283925893,True,1.489388458101986e-05,1.4349325608211273e-11,0,0.047832407787883904,2.996738969245379e-08,6.265080743028082e-07,True,4.984433869436577
fd_eps,H1e-4,0.0001,coarse,3.835,46.29342766795043,cpp,64,4.0,2,0,0.0001,0.007077261174063441,0.005133003271805554,11,4,0.06775023928757479,0.9996982294207483,0.9999032301440969,1.3053428127008952,3.070805689703273e-05,2.3524898285910385e-05,2.4166364641914e-06,2.220446049250313e-12,1088356.3079622341,True,1.4893899965653412e-05,-7.366382159069767e-12,0,0.04783344966896351,2.5092356301595016e-08,5.24577601558101e-07,True,4.984677586751659
fd_eps,H1e-4,0.0001,coarse,3.86,47.46535136885352,cpp,64,4.0,2,0,0.0001,0.007076904632119288,0.00513249907465816,13,4,0.02855722268047265,0.9996810333273154,0.9981173668730404,1.3053428127008952,2.7109957726312984e-05,2.076845826439995e-05,2.1335498109356517e-06,2.220446049250313e-12,960865.4133506193,True,1.4895924630031288e-05,-3.4014695529176696e-11,0,0.047834369624521755,2.101298068568494e-08,4.3928624649237295e-07,True,4.984958225381702
fd_eps,H1e-4,0.0001,coarse,3.885,48.66694245949041,cpp,64,4.0,2,0,0.0001,0.007076589854060246,0.005132053903744768,13,4,0.5866121871705501,0.999683786902228,0.999164281982202,1.3053428127008952,2.3933265920333323e-05,1.833485095828031e-05,1.8836120246820018e-06,2.220446049250313e-12,848303.4412468448,True,1.4896361434349813e-05,4.974653704655829e-13,0,0.04783518190715233,1.75988773699133e-08,3.6790656308305813e-07,True,4.985269339486946
fd_eps,H1e-4,0.0001,coarse,3.91,49.89895197340787,cpp,64,4.0,2,0,0.0001,0.007076311947173848,0.0051316608525133174,13,4,0.17886894122190947,0.9996896180154904,0.9998946070161954,1.3053428127008952,2.1128635209604444e-05,1.6186273064841118e-05,1.66294124762765e-06,2.220446049250313e-12,748922.1583154912,True,1.4897804683275313e-05,8.593136437621577e-12,0,0.047835899105408995,1.4741133728364844e-08,3.0816048206561263e-07,True,4.985605252636054
fd_eps,H1e-4,0.0001,coarse,3.935,51.16214995665737,cpp,64,4.0,2,0,0.0001,0.00707606659256333,0.005131313822399888,11,4,0.06514423987593407,0.9998014914116448,0.9988014980720408,1.3053428127008952,1.8652500524593787e-05,1.4289350156224288e-05,1.4681106592898297e-06,2.220446049250313e-12,661178.261811633,True,1.4899049405045656e-05,3.353149788594478e-11,0,0.047836532337858555,1.234875230511919e-08,2.5814480485129566e-07,True,4.985961035156771
fd_eps,H1e-4,0.0001,coarse,3.96,52.45732594909905,cpp,64,4.0,2,0,0.0001,0.007075849977650146,0.005131007428243853,11,4,0.03182688480599029,0.9998195204687526,0.9963131346118462,1.3053428127008952,1.6466399441097323e-05,1.261461685074633e-05,1.2960949807159455e-06,2.220446049250313e-12,583709.2872189102,True,1.4900833780727976e-05,-1.1987689649533423e-11,0,0.047837091424522464,1.0345686096466711e-08,2.1626912900401087e-07,True,4.9863322546988105
fd_eps,H1e-4,0.0001,coarse,3.985,53.785289477889734,cpp,64,4.0,2,0,0.0001,0.007075658736655071,0.005130736914797484,13,4,0.6829560709235352,0.9997689575924704,0.9990178432470785,1.3053428127008952,1.4536373567634901e-05,1.1136058226388495e-05,1.1442233061842786e-06,2.220446049250313e-12,515312.3655360154,True,1.4901783930472376e-05,4.491097524267567e-11,0,0.04783758503834134,8.66836951195074e-09,1.8120416206217623e-07,True,4.986715075097619
fd_eps,H1e-4,0.0001,coarse,4.01,55.1468705634638,cpp,64,4.0,2,0,0.0001,0.007075489898146679,0.005130498083017179,11,4,0.10740521740965561,0.9998423717900552,0.9998153687679717,1.3053428127008952,1.283244048688226e-05,9.830705284484277e-06,1.0101375071567046e-06,2.220446049250313e-12,454925.4900823896,True,1.4903654285554177e-05,2.3120688732029926e-11,0,0.04783802083899222,7.263658188497876e-09,1.518386016207709e-07,True,4.987106099543403
fd_eps,H1e-4,0.0001,coarse,4.035,56.542920238322985,cpp,64,4.0,2,0,0.0001,0.007075340838740243,0.0051302872250022944,13,4,0.4684816748172756,0.99975614037662,0.9991947705563561,1.3053428127008952,1.1328127786286185e-05,8.678277978829995e-06,8.917555469946822e-07,2.220446049250313e-12,401610.99491508235,True,1.4904581299037046e-05,1.241182133902968e-10,0,0.04783840559111145,6.087112539656729e-09,1.2724321524603103e-07,True,4.987502411913248
fd_eps,H1e-4,0.0001,coarse,4.06,57.97431107895927,cpp,64,4.0,2,0,0.0001,0.007075209242282225,0.005130101066561755,13,4,0.6477657188945333,0.9998344721805685,0.9994248801431651,1.3053428127008952,1.0000061886029815e-05,7.6608702240744e-06,7.8723911077051e-07,2.220446049250313e-12,354540.97659175494,True,1.4906115541540652e-05,1.1273500854607339e-10,0,0.04783874526874233,5.101564189005605e-09,1.0664084436886244e-07,True,4.987901435156497
fd_eps,H1e-4,0.0001,coarse,4.085,59.44193775124387,cpp,64,4.0,2,0,0.0001,0.00707509306383342,0.005129936716480604,13,4,0.9553425037358793,0.9998245794478324,0.9994191302859738,1.3053428127008952,8.827605126698342e-06,6.762671875009656e-06,6.949650511405813e-07,2.220446049250313e-12,312984.43453522393,True,1.490638972856013e-05,1.1265358074384862e-11,0,0.04783904514760927,4.275921564332958e-09,8.938141535098439e-08,True,4.988300953131517
fd_eps,H1e-4,0.0001,coarse,4.11,60.94671756962223,cpp,64,4.0,2,0,0.0001,0.007074990497881669,0.005129791621750385,11,4,0.6443148164621374,0.9998541640253942,0.9997940802392962,1.3053428127008952,7.792535447499588e-06,5.969723333731765e-06,6.13500184151913e-07,2.220446049250313e-12,276295.9200738286,True,1.4909071022296374e-05,1.432896318815158e-10,0,0.04783930988663733,3.5841714831164543e-09,7.492105324281861e-08,True,4.988699047015279
fd_eps,H1e-4,0.0001,fine0,2.335,10.329459929369532,cpp,64,4.0,2,0,0.0001,0.017511832688614143,0.004627545751153667,6,8,1.0,1.0,1.0,1.3053428127008952,0.10531804618660913,0.08068228909821376,0.009754556044024806,2.220446049250313e-12,4393061496.503473,True,1.567671516668862e-05,7.212862602586838e-14,0,0.03249697642315113,0.001984813851825621,0.0610768776141162,False,
fd_eps,H1e-4,0.0001,fine0,2.3375,10.35531588567169,cpp,64,4.0,2,0,0.0001,0.017320817745254333,0.004620383689387925,7,8,0.014417245607075146,0.9973698307378078,0.9996531497696982,1.3053428127008952,0.1033322906254051,0.07916103694752755,0.009553334801611319,2.220446049250313e-12,4302439505.268232,True,1.578329207119246e-05,-1.81896202278232e-13,0,0.032698348191397296,0.0019495234637362906,0.05962146626872107,False,7.6139460832754855
fd_eps,H1e-4,0.0001,fine0,2.34,10.381236562731843,cpp,64,4.0,2,0,0.0001,0.017133913985108763,0.0046072852928200955,7,8,0.0051542078937350565,0.997959936412651,0.999548191847219,1.3053428127008952,0.10138873483894287,0.07767211329655128,0.009356955054027819,2.220446049250313e-12,4213997929.464216,True,1.590852352027328e-05,2.316562827066375e-13,0,0.03289733285991423,0.0019146153188667064,0.058199712633837455,False,7.595171726295894
fd_eps,H1e-4,0.0001,fine0,2.3425,10.407222122554305,cpp,64,4.0,2,0,0.0001,0.016951003907615066,0.0045866528179139285,7,8,0.08328287002324586,0.9964013438757342,0.9993970049986508,1.3053428127008952,0.09948640727575862,0.07621477385692307,0.009165285557596504,2.220446049250313e-12,4127677662.1935806,True,1.6015278510643325e-05,2.8814133230361584e-13,0,0.033093937933359026,0.0018801029599521024,0.056811098266336554,False,7.576385673567032
fd_eps,H1e-4,0.0001,fine0,2.345,10.433272727548918,cpp,64,4.0,2,0,0.0001,0.01677197532657714,0.004556221734184719,6,8,0.03678883070543543,0.999171393756529,0.999171393756529,1.3053428127008952,0.09762436033966804,0.07478829269199613,0.008978198829583324,2.220446049250313e-12,4043421290.336968,True,1.611941092880277e-05,-6.442563640573725e-14,0,0.033288172337657566,0.0018459983485530653,0.05545508265903688,False,7.557587447499943
fd_eps,H1e-4,0.0001,fine0,2.3475,10.459388540532034,cpp,64,4.0,2,0,0.0001,0.01659672100288703,0.004512635131971275,6,8,0.06412142091049325,0.9944236188306974,0.9988196370235636,1.3053428127008952,0.0958016696047774,0.0733919616154728,0.008795571048654773,2.220446049250313e-12,3961173049.723236,True,1.6215033520674995e-05,2.206263087118306e-13,0,0.033480046317928586,0.0018123119753098744,0.054131107170523246,False,7.538777228044191
fd_eps,H1e-4,0.0001,fine0,2.35,10.485569724727576,cpp,64,4.0,2,0,0.0001,0.016425138305399666,0.004450620176183405,6,8,0.16515327689169418,0.998804642501025,0.9982394327333073,1.3053428127008952,0.09401743307664004,0.07202508962538953,0.008617281956535846,2.220446049250313e-12,3880878780.8401337,True,1.630321167226951e-05,3.218794444774477e-13,0,0.03366957134183889,0.0017790529634232844,0.05283859854825582,False,7.51995580515633
fd_eps,H1e-4,0.0001,fine0,2.3525,10.51181644376803,cpp,64,4.0,2,0,0.0001,0.016257128905257524,0.004361216056210427,6,8,0.11528099437453547,0.9938658919664438,0.9972068148909501,1.3053428127008952,0.0922707705125492,0.07068700238340533,0.008443214760969769,2.220446049250313e-12,3802485885.1312523,True,1.63864804448297e-05,3.1238526475047424e-13,0,0.033856760008150626,0.0017462291657455982,0.05157697208253872,False,7.501124460861369
fd_eps,H1e-4,0.0001,fine0,2.355,10.538128861695476,cpp,64,4.0,2,0,0.0001,0.016092598494674693,0.004227334546782033,6,8,0.1618591399160732,0.9963210015917654,0.9951540414439802,1.3053428127008952,0.09056082278014993,0.06937704172344566,0.008273256040236111,2.220446049250313e-12,3725943281.9948053,True,1.6472163923147118e-05,-1.1847654287560622e-13,0,0.0340416259602261,0.001713847255842043,0.05034563442546738,False,7.482284920507244
fd_eps,H1e-4,0.0001,fine0,2.3575,10.564507142962611,cpp,64,4.0,2,0,0.0001,0.015931456527746066,0.004009593680065662,6,8,0.0035788066543396904,0.9923007796676098,0.9902558939495015,1.3053428127008952,0.08888675125634968,0.06809456519121854,0.008107295649455058,2.220446049250313e-12,3651201366.5868244,True,1.655464515488336e-05,8.502198684842796e-14,0,0.03422418380426944,0.0016819128133733281,0.04914398610620806,True,7.463439282791548
fd_eps,H1e-4,0.0001,fine0,2.36,10.59095145243378,cpp,64,4.0,2,0,0.0001,0.015773615986003433,0.0035731764735567302,6,8,0.23476051494641326,0.9729351809868456,0.9729351809868456,1.3053428127008952,0.08724773725898634,0.06683894560882543,0.007945226628341559,2.220446049250313e-12,3578211968.277319,True,1.6626418034278624e-05,-7.147314433861927e-14,0,0.03440444903208342,0.001650430404123452,0.04797142377093046,True,7.444589969862734
fd_eps,H1e-4,0.0001,fine0,2.3625,10.617461955386002,cpp,64,4.0,2,0,0.0001,0.015618993160862113,0.002921569297029956,13,9,0.21087266582162054,0.9749761482557467,0.515596530721409,1.3053428127008952,0.0856429815115142,0.06560957066466672,0.007786945110982873,2.220446049250313e-12,3506928310.0176973,True,1.6694696382552114e-05,-5.25708827132663e-14,0,0.03458243794813437,0.0016194036549873174,0.04682734217339006,True,7.425739665121625
fd_eps,H1e-4,0.0001,fine0,2.365,10.644038817510012,cpp,64,4.0,2,0,0.0001,0.01546750745481256,0.004198573868328157,13,9,0.025561429936782384,0.9789125801994374,0.9572681946360113,1.3053428127008952,0.08407170363394295,0.06440584252345904,0.00763235023734894,2.220446049250313e-12,3437304968.4885807,True,1.6774418096735675e-05,1.9923755291187373e-13,0,0.034758167600721056,0.001588835324212674,0.04571113593973561,True,7.4068912710889565
fd_eps,H1e-4,0.0001,fine0,2.3675,10.670682204911275,cpp,64,4.0,2,0,0.0001,0.015319081197902165,0.004832832824995735,6,9,0.07187931673119269,0.9895206852916067,0.9895206852902964,1.3053428127008952,0.08253314165380332,0.06322717745159476,0.007481344066788384,2.220446049250313e-12,3369297835.141864,True,1.6843850310835907e-05,-2.0071637757008965e-13,0,0.034931655717053124,0.0015587273671761306,0.044622201129023,True,7.388047888613858
fd_eps,H1e-4,0.0001,fine0,2.37,10.697392284111054,cpp,64,4.0,2,0,0.0001,0.015173639479566103,0.00527995322170664,13,9,0.02641706790450589,0.9942571279868166,0.9942571279868166,1.3053428127008952,0.08102655154727827,0.06207300546561066,0.007333831493349831,2.220446049250313e-12,3302864078.064831,True,1.6890302554740172e-05,4.528240092667598e-13,0,0.03510292064204987,0.0015290809979591712,0.04355993660902055,True,7.369212740399196
fd_eps,H1e-4,0.0001,fine0,2.3725,10.724169222047431,cpp,64,4.0,2,0,0.0001,0.015031109993877002,0.005631478493613725,13,9,0.05826193393127704,0.9870916966156273,0.9959698040623072,1.3053428127008952,0.07955120679069723,0.060942769988595706,0.0071897201630603605,2.220446049250313e-12,3237962104.725678,True,1.6947848913417083e-05,1.2954214295292474e-13,0,0.0352719812806795,0.0014998967469740554,0.04252374526507348,True,7.3503891815390245
fd_eps,H1e-4,0.0001,fine0,2.375,10.751013186076355,cpp,64,4.0,2,0,0.0001,0.014891422894494206,0.005923605602855948,13,9,0.051439709389548706,0.9932622593889899,0.996790396157361,1.3053428127008952,0.07810639793726509,0.05983592752593054,0.007048920393443374,2.220446049250313e-12,3174551525.727587,True,1.700240516372198e-05,3.993196167304013e-13,0,0.03543885704366245,0.00147117451487482,0.041513035058163957,True,7.33158063327298
fd_eps,H1e-4,0.0001,fine0,2.3775,10.777924343972689,cpp,64,4.0,2,0,0.0001,0.014754510664355857,0.006174718861482031,13,9,0.008926469264800401,0.996174924488864,0.9972338508703956,1.3053428127008952,0.07669143220409273,0.05875194734891892,0.00691134509459205,2.220446049250313e-12,3112593119.263366,True,1.7062220621435577e-05,2.8854919063205916e-13,0,0.03560356779637521,0.0014429136229803623,0.04052721994696455,True,7.312790584064379
fd_eps,H1e-4,0.0001,fine0,2.38,10.804902863931257,cpp,64,4.0,2,0,0.0001,0.014620307991631696,0.006395556748274215,13,9,0.09460210417292927,0.9896356037039798,0.9974786988924498,1.3053428127008952,0.07530563307412369,0.05769031118983082,0.0067769096925469246,2.220446049250313e-12,3052048796.6077833,True,1.7106274508409688e-05,1.5304642939546086e-13,0,0.035766133810790385,0.001415112860416648,0.039565720687141155,True,7.294022564973407
fd_eps,H1e-4,0.0001,fine0,2.3825,10.831948914567898,cpp,64,4.0,2,0,0.0001,0.014488751656102588,0.0065929874963097275,13,9,0.11100571712118898,0.9800389624101171,0.9975986602860386,1.3053428127008952,0.07394833991577575,0.056650512950516534,0.0066455320546129695,2.220446049250313e-12,2992881568.4833655,True,1.7155547969372068e-05,3.3206592512348567e-13,0,0.03592657572030156,0.0013877705281799128,0.038627965520123445,True,7.275280105187097
fd_eps,H1e-4,0.0001,fine0,2.385,10.859062664920515,cpp,64,4.0,2,0,0.0001,0.014359780426230293,0.006771694634421643,6,9,0.028559377971680507,0.9976248989939622,0.9976248989915989,1.3053428127008952,0.07261890760958435,0.05563205841638488,0.006517132416400367,2.220446049250313e-12,2935055512.202487,True,1.7197186998744402e-05,7.522370304986043e-14,0,0.03608491447728528,0.0013608844803062736,0.03771339076230658,True,7.2565667396415074
fd_eps,H1e-4,0.0001,fine1,2.535,12.616430848036902,cpp,64,4.0,2,0,0.0001,0.009777540300500095,0.0015107093893997935,6,7,1.0,1.0,1.0,1.3053428127008952,0.026460916254701494,0.020271239093086205,0.0022406996536828753,2.220446049250313e-12,1009121412.5375396,True,1.7462265322152764e-05,-4.485013030930544e-13,0,0.0425404153381702,0.00040485644439433414,0.00951698381823435,True,
fd_eps,H1e-4,0.0001,fine1,2.5375,12.648011384379227,cpp,64,4.0,2,0,0.0001,0.009735648259132812,0.0011500778365098085,7,7,0.06521736388907072,0.9985058101970524,0.999505625493008,1.3053428127008952,0.02604971665413356,0.019956226364960698,0.002204343245347733,2.220446049250313e-12,992747941.8344721,True,1.744459766223794e-05,-1.3329500162331549e-13,0,0.04260937260421694,0.0003967149333800495,0.009310508677632763,True,6.264757946142234
fd_eps,H1e-4,0.0001,fine1,2.54,12.679670970833877,cpp,64,4.0,2,0,0.0001,0.00969447514263667,0.0006150689306147721,7,7,0.23912668863878703,0.995325302552833,0.9989113283183307,1.3053428127008952,0.02564574315595216,0.0196467494258373,0.002168660877211777,2.220446049250313e-12,976678031.8503932,True,1.7425963622757526e-05,1.4433603873662232e-12,0,0.0426773986838744,0.0003887392973062507,0.00910878613257971,True,6.2517168511107615
fd_eps,H1e-4,0.0001,fine1,2.5425,12.71140980527337,cpp,64,4.0,2,0,0.0001,0.009654007276521676,0.0007423494662779993,6,6,0.20793903174909867,0.9964754909680515,0.9964754909678788,1.3053428127008952,0.025248850677554703,0.019342697130504825,0.0021336381409168387,2.220446049250313e-12,960905193.6376553,True,1.742034924135236e-05,-1.2224175698646953e-13,0,0.042744506672596015,0.00038092619246790383,0.008911699353220514,True,6.238784818805354
fd_eps,H1e-4,0.0001,fine1,2.545,12.743228086065523,cpp,64,4.0,2,0,0.0001,0.009614231270027907,0.0012106671455548968,6,6,0.35439318493806865,0.999176787974645,0.999176787974645,1.3053428127008952,0.02485889741195357,0.019043960843142672,0.0020992609797412408,2.220446049250313e-12,945423096.6116074,True,1.7403766274831337e-05,8.003186120157641e-13,0,0.042810709481806056,0.0003732723371911398,0.008719134574253558,True,6.225961503305872
fd_eps,H1e-4,0.0001,fine1,2.5475,12.775126012074695,cpp,64,4.0,2,0,0.0001,0.009575134009117005,0.0013206269789548435,8,6,0.321392020445691,0.9985499212901112,0.9809411353214529,1.3053428127008952,0.024475744745973353,0.018750434374653194,0.002065515678985786,2.220446049250313e-12,930225564.2208303,True,1.7396968192379264e-05,-5.480323442468916e-13,0,0.04287601984093439,0.00036577451106802083,0.008530981010481069,True,6.213246563295087
fd_eps,H1e-4,0.0001,fine1,2.55,12.80710378266303,cpp,64,4.0,2,0,0.0001,0.009536702651439683,0.0011361674862967544,8,6,0.07574026829881529,0.9976091350472489,0.9610944861475539,1.3053428127008952,0.024099257183536445,0.01846201392389213,0.002032388856652587,2.220446049250313e-12,915306569.7492539,True,1.7380094600435873e-05,-7.336346877285832e-14,0,0.042940450299470224,0.00035842955417412104,0.00834713077469854,True,6.20063961464143
fd_eps,H1e-4,0.0001,fine1,2.5525,12.839161597691701,cpp,64,4.0,2,0,0.0001,0.009498924619277078,0.0009459716169456414,10,6,0.28291844713286235,0.9993340497433408,0.5490395924965186,1.3053428127008952,0.02372930226923528,0.018178598019118666,0.0019998674544057108,2.220446049250313e-12,900660232.2451942,True,1.73728591666788e-05,-5.263150335781781e-13,0,0.04300401322903149,0.00035123436626991307,0.008167478797834594,True,6.1881402576364195
fd_eps,H1e-4,0.0001,fine1,2.555,12.871299657522147,cpp,64,4.0,2,0,0.0001,0.009461787594459047,0.0007998194976038015,5,6,0.07401100388514946,0.9974739069677137,0.9291574766295736,1.3053428127008952,0.023365750513813642,0.017900087460907974,0.0019679387287269466,2.220446049250313e-12,886280812.5382644,True,1.7350224132484712e-05,-5.730465557504888e-13,0,0.043066720825445715,0.00034418590599095744,0.007991922751350905,True,6.175748078613738
fd_eps,H1e-4,0.0001,fine1,2.5575,12.90351816301735,cpp,64,4.0,2,0,0.0001,0.009425279512094839,0.000964696172321157,5,6,0.08336472195305424,0.9988366438738483,0.9947737723762073,1.3053428127008952,0.023008475320942953,0.017626385266055845,0.0019365902425312227,2.220446049250313e-12,872162709.4632953,True,1.7331750601518495e-05,-2.565170107814011e-13,0,0.043128585110842346,0.0003372811900262515,0.007820362971783658,True,6.163462661435747
fd_eps,H1e-4,0.0001,fine1,2.56,12.935817315543076,cpp,64,4.0,2,0,0.0001,0.009389388555578113,0.0011382441485799448,4,6,0.02719840118445178,0.9925060967099533,0.8840351639421332,1.3053428127008952,0.022657352917854777,0.01735739661443745,0.0019058098567446135,2.220446049250313e-12,858300456.0674059,True,1.7322172612008757e-05,-1.877007740113735e-13,0,0.04318961793575057,0.0003305172922881735,0.007652702387408365,True,6.15128355407101
fd_eps,H1e-4,0.0001,fine1,2.5625,12.968197316969134,cpp,64,4.0,2,0,0.0001,0.009354103150436001,0.0013044527611773373,3,6,0.041137621961977906,0.9987882025951988,0.8164347475027381,1.3053428127008952,0.022312262286453288,0.017093028796233846,0.0018755857224015712,2.220446049250313e-12,844688716.0509138,True,1.730914203757253e-05,-1.241153493965663e-13,0,0.04324983098120197,0.0003238913430749621,0.007488846446954617,True,6.139210291048152
fd_eps,H1e-4,0.0001,fine1,2.565,13.000658369670637,cpp,64,4.0,2,0,0.0001,0.009319411959903443,0.0014581523940366981,9,6,0.00048147029980751964,0.9943146792128347,0.5283552732563132,1.3053428127008952,0.02197308509474886,0.01683319115940446,0.0018459062728181485,2.220446049250313e-12,831322280.2424675,True,1.7296441478594623e-05,4.767774257710338e-13,0,0.043309235760836416,0.00031740052822831083,0.007328703050339417,True,6.127242420426598
fd_eps,H1e-4,0.0001,fine1,2.5675,13.033200676529269,cpp,64,4.0,2,0,0.0001,0.009285303878725268,0.0015992570408180481,2,6,0.04941512083308748,0.9912873864004734,0.6965715895970966,1.3053428127008952,0.021639705633613268,0.016577795061236352,0.0018167602160415951,2.220446049250313e-12,818196063.198647,True,1.7285268608770515e-05,2.269625438618432e-13,0,0.043367843623007156,0.0003110420882864105,0.007172182481339676,True,6.11537944031623
fd_eps,H1e-4,0.0001,fine1,2.57,13.065824440934556,cpp,64,4.0,2,0,0.0001,0.00925176802892636,0.0017291118448121083,2,6,0.1311214904388607,0.9964851519061692,0.960764903936937,1.3053428127008952,0.02131201075223833,0.016326753818900246,0.0017881365275426273,2.220446049250313e-12,805305099.9128549,True,1.7257905849662185e-05,5.660687855754015e-14,0,0.04342566575288472,0.0003048133176345364,0.007019197342168276,True,6.1036208517145845
fd_eps,H1e-4,0.0001,fine1,2.5725,13.098529866785132,cpp,64,4.0,2,0,0.0001,0.009218793754443429,0.0018492307059856626,9,6,0.0684418819042882,0.9946843095306064,0.9709302719760607,1.3053428127008952,0.020989889795006822,0.016079982661088447,0.0017600244430751929,2.220446049250313e-12,792644542.5996404,True,1.7252712807784586e-05,1.033842535879011e-12,0,0.0434827131745564,0.00029871156365503905,0.006869662489916291,True,6.091966164707469
fd_eps,H1e-4,0.0001,fine1,2.575,13.131317158490017,cpp,64,4.0,2,0,0.0001,0.009186370616341678,0.001960958387614105,9,6,0.006434817271642033,0.9942964027654091,0.22181162915125321,1.3053428127008952,0.020673234543727045,0.01583739868376177,0.0017324134517996148,2.220446049250313e-12,780209657.597638,True,1.7226374095266924e-05,2.150935229846367e-13,0,0.04353899675312263,0.00029273422587555123,0.006723494974756309,True,6.080414827899248
fd_eps,H1e-4,0.0001,fine1,2.5775,13.164186520969883,cpp,64,4.0,2,0,0.0001,0.009154488388144633,0.002065416170471587,9,6,0.1404780232899054,0.9979553404777253,0.7371326347324324,1.3053428127008952,0.02036193915539903,0.01559892080247332,0.0017052932895576666,2.220446049250313e-12,767995822.3409314,True,1.7219000282960893e-05,-2.9578650853696506e-13,0,0.0435945271967828,0.00028687875512036415,0.0065806139799478155,True,6.068966342444612
fd_eps,H1e-4,0.0001,fine1,2.58,13.197138159658358,cpp,64,4.0,2,0,0.0001,0.009123137051339223,0.0021635238310243323,2,6,0.08315563603065436,0.9896588272211218,0.979351718075694,1.3053428127008952,0.020055900108289993,0.015364469711057871,0.0016786539323929578,2.220446049250313e-12,755998522.4408942,True,1.720576109755984e-05,5.669320595323864e-13,0,0.04364931505891677,0.00028114265266216293,0.006440940763507595,True,6.057620132811763
fd_eps,H1e-4,0.0001,fine1,2.5825,13.23017228050329,cpp,64,4.0,2,0,0.0001,0.009092306790432783,0.0022560360556069673,9,6,0.2076321968098009,0.9987089279098927,0.41634027836783966,1.3053428127008952,0.019755016142619992,0.015133967836192188,0.0016524855901994696,2.220446049250313e-12,744213348.8257445,True,1.7188306286364576e-05,1.512819381112231e-13,0,0.0437033707401541,0.00027552346937693387,0.006304398601542796,True,6.046375679953288
fd_eps,H1e-4,0.0001,fine1,2.585,13.263289089968042,cpp,64,4.0,2,0,0.0001,0.009061987989062584,0.00234357620811295,9,6,0.16766542218746766,0.999870208619325,0.4443193854730617,1.3053428127008952,0.01945918820854562,0.014907339297546259,0.0016267787006298334,2.220446049250313e-12,732635994.9970777,True,1.7178210792899775e-05,4.685971107975704e-14,0,0.043756704490432966,0.00027001880490364635,0.006170912733217459,True,6.0352324073382135
fd_eps,H3e-5,3e-05,coarse,2.31,10.074424655013587,cpp,64,4.0,2,0,3e-05,0.019678690957161238,0.004536492135661752,6,8,1.0,1.0,1.0,1.3053428198430868,0.12772941226977746,0.0978512390217396,0.012064816723165955,7.401486830834377e-12,1630053122.9623055,True,4.407751340564464e-06,8.308786039231062e-13,0,0.030351567905114018,0.002354371729638106,0.07757002000682184,False,
fd_eps,H3e-5,3e-05,coarse,2.335,10.329459929369532,cpp,64,4.0,2,0,3e-05,0.01751183294476288,0.0046275443479900855,6,8,0.09878881820050067,0.9638558603552417,0.9878276033256562,1.3053428198430868,0.10531804628239701,0.08068228873014151,0.009754556056564206,7.401486830834377e-12,1317918450.645215,True,4.82512339075902e-06,1.202260023358022e-12,0,0.03249697642315113,0.001984813851825621,0.0610768776141162,False,7.717171021591358
fd_eps,H3e-5,3e-05,coarse,2.36,10.59095145243378,cpp,64,4.0,2,0,3e-05,0.015773616225132427,0.0035731733987545934,6,8,0.3179632327960059,0.9715339553349832,0.72156397149909,1.3053428198430868,0.08724773731744641,0.06683894528790094,0.00794522663723777,7.401486830834377e-12,1073463591.6851447,True,5.210141332229183e-06,1.503149347300624e-07,1,0.03440444903208342,0.001650430404123452,0.04797142377093046,True,7.529326269364737
fd_eps,H3e-5,3e-05,coarse,2.385,10.859062664920515,cpp,64,4.0,2,0,3e-05,0.014359780651368767,0.0067716944158557335,18,9,0.133476275298844,0.9645617157178573,0.133476275298844,1.3053428198430868,0.07261890764747839,0.05563205814102367,0.006517132422832038,7.401486830834377e-12,880516654.5297163,True,5.416799131597262e-06,7.506781430676998e-08,2,0.03608491447728528,0.0013608844803062736,0.03771339076230658,True,7.341052143319265
fd_eps,H3e-5,3e-05,coarse,2.41,11.133961145065307,cpp,64,4.0,2,0,3e-05,0.01320002245302673,0.006928194042859126,6,7,0.07861785845771291,0.9866647202226227,0.6565675128392136,1.3053428198430868,0.060725402069004814,0.04652065430313894,0.00538093516398824,7.401486830834377e-12,727007327.9832671,True,5.50734703623741e-06,1.500646882335645e-07,1,0.037557393453509086,0.0011163977941820022,0.029725113793212243,True,7.154529113119293
fd_eps,H3e-5,3e-05,coarse,2.435,11.41581871336694,cpp,64,4.0,2,0,3e-05,0.012243141384566092,0.006223553975435447,10,7,0.0008955818641060586,0.9546296693435447,0.20756092381103777,1.3053428198430868,0.05101074940150332,0.03907843106505557,0.0044698933429810446,7.401486830834377e-12,603918299.8150587,True,5.456403114631087e-06,1.2621021033803765e-07,2,0.038843716031213116,0.000913060054421209,0.0235059913857756,True,6.973028516699893
fd_eps,H3e-5,3e-05,coarse,2.46,11.704811539980854,cpp,64,4.0,2,0,3e-05,0.011450077277371365,0.005255986245784795,4,7,0.099861638657474,0.9739390143827276,0.3987106199783383,1.3053428198430868,0.04303676541289218,0.03296970325241117,0.003733913120938741,7.401486830834377e-12,504481492.2028056,True,5.469107160017443e-06,9.850624147248755e-08,2,0.03996571374049519,0.0007455129480482401,0.01865381293798465,True,6.799264924407664
fd_eps,H3e-5,3e-05,coarse,2.485,12.001120254831195,cpp,64,4.0,2,0,3e-05,0.010790222867751047,0.004287167454386301,11,7,0.188078011328293,0.9827293798768394,0.2432394236533205,1.3053428198430868,0.036458626318699325,0.027930307475151975,0.003135145911709661,7.401486830834377e-12,423583258.79183286,True,5.406992471644387e-06,-1.304662442093245e-12,0,0.04094384382726847,0.0006082464295914433,0.014855625968032662,True,6.6350667134318
fd_eps,H3e-5,3e-05,coarse,2.51,12.30493006051041,cpp,64,4.0,2,0,3e-05,0.010239226297398561,0.0032733779366998375,10,7,0.05145056721692548,0.9934041283476946,0.4862079389127619,1.3053428198430868,0.031004779336764657,0.023752211959530825,0.0026447780348773384,7.401486830834377e-12,357330641.1705376,True,5.501590822552107e-06,5.282144181038914e-08,2,0.04179661090835848,0.0004961760573997087,0.011871203109926873,True,6.481469095675135
fd_eps,H3e-5,3e-05,coarse,2.535,12.616430848036902,cpp,64,4.0,2,0,3e-05,0.009777540497025151,0.0015107118550018687,14,7,0.04670413263558769,0.9845605075220247,0.9839977491481193,1.3053428198430868,0.026460916257766358,0.02027123898451993,0.002240699654874884,7.401486830834377e-12,302736423.9223118,True,5.412080916434919e-06,3.099062907261549e-08,2,0.0425404153381702,0.00040485644439433414,0.00951698381823435,True,6.338903145390652
fd_eps,H3e-5,3e-05,coarse,2.56,12.935817315543076,cpp,64,4.0,2,0,3e-05,0.009389388752154075,0.0011382409112462159,5,6,0.2222090491315615,0.9888762408157596,0.6516475609781788,1.3053428198430868,0.02265735292087019,0.0173573965217764,0.0019058098576781347,7.401486830834377e-12,257490136.94634795,True,5.390004839821812e-06,6.286400880150308e-08,2,0.04318961793575057,0.0003305172922881735,0.007652702387408365,True,6.207374184215308
fd_eps,H3e-5,3e-05,coarse,2.585,13.263289089968042,cpp,64,4.0,2,0,3e-05,0.009061988186498405,0.002343574345995353,5,6,0.1383531266801647,0.9934034194342628,0.9312199664128097,1.3053428198430868,0.019459188210353903,0.01490733921736595,0.0016267787013667155,7.401486830834377e-12,219790798.59868196,True,5.306857643694152e-06,7.518855235569e-12,0,0.043756704490432966,0.00027001880490364635,0.006170912733217459,True,6.0866028574724425
fd_eps,H3e-5,3e-05,coarse,2.61,13.599050851830924,cpp,64,4.0,2,0,3e-05,0.008784948709304827,0.003029266550116211,5,6,0.2909331332958723,0.9985990723562956,0.3019510905926245,1.3053428198430868,0.016758676730830202,0.012838525233428516,0.001393137385980752,7.401486830834377e-12,188223990.37136462,True,5.282292807444935e-06,1.1713028393614776e-07,2,0.04425248708881985,0.00022077582353826518,0.004989003738821337,True,5.976128885976731
fd_eps,H3e-5,3e-05,coarse,2.635,13.94331246316286,cpp,64,4.0,2,0,3e-05,0.0085497999218671,0.0035060181053293833,5,6,0.016558605657662807,0.9991775085062086,0.25203813811807246,1.3053428198430868,0.014469334114607409,0.011084700428617476,0.0011966047960019015,7.401486830834377e-12,161670867.40151736,True,5.167433529946409e-06,5.1028293938825434e-08,1,0.04468630950324292,0.00018067503461692504,0.004043185410149239,True,5.875384667421165
fd_eps,H3e-5,3e-05,coarse,2.66,14.296289098677603,cpp,64,4.0,2,0,3e-05,0.008349615571915823,0.003864106716983579,5,6,0.18473026904804066,0.9967648889953866,0.7719215603581527,1.3053428198430868,0.012521383508306679,0.009592409992197954,0.001030585245282135,7.401486830834377e-12,139240299.7987846,True,5.1558203434546784e-06,8.032685081124399e-08,1,0.04506624065023859,0.00014799654169969913,0.003283977974739626,True,5.783746312736737
fd_eps,H3e-5,3e-05,coarse,2.685,14.658201380262703,cpp,64,4.0,2,0,3e-05,0.008178714244396014,0.0041442440216708995,5,6,0.384647201824068,0.9866825104803122,0.571241808849693,1.3053428198430868,0.010858233613072215,0.008318300333070714,0.0008897910427839,7.401486830834377e-12,120217878.26157531,True,5.106230452639876e-06,7.928778005072156e-08,2,0.04539924927860238,0.0001213443753129769,0.002672827794317054,True,5.700568515139441
fd_eps,H3e-5,3e-05,coarse,2.71,15.029275514875401,cpp,64,4.0,2,0,3e-05,0.008032420340718063,0.004369085097227643,5,6,0.05834583522849821,0.9862332022442128,0.23868993900654278,1.3053428198430868,0.009433747819074616,0.007227027012113671,0.0007699567181370068,7.401486830834377e-12,104027303.66679701,True,5.117998864456548e-06,3.717906821574334e-08,2,0.04569135790997557,9.958715593043112e-05,0.0021795621860625147,True,5.625207884524185
fd_eps,H3e-5,3e-05,coarse,2.735,15.409743435929318,cpp,64,4.0,2,0,3e-05,0.00790687296899597,0.00455278868180276,5,6,0.1932560820588822,0.99712300722102,0.1932560820588822,1.3053428198430868,0.008210119636040054,0.0062896271471635165,0.0006676210581335778,7.401486830834377e-12,90200938.45905231,True,5.000278477836318e-06,3.15923772355421e-08,2,0.045947776524769765,8.18085374160096e-05,0.0017804678181088443,True,5.5570383234077525
fd_eps,H3e-5,3e-05,coarse,2.76,15.799842948260395,cpp,64,4.0,2,0,3e-05,0.007798872960960021,0.004704876117622167,2,6,0.1268871552001589,0.9906257134775921,0.8809256672898317,1.3053428198430868,0.007156213342088393,0.005482248213498911,0.0005799596855207089,7.401486830834377e-12,78357186.70802923,True,4.9393811161776594e-06,1.5808412935488112e-08,2,0.04617301763570076,6.726639000082396e-05,0.001456833307529242,True,5.495460684398731
fd_eps,H3e-5,3e-05,coarse,2.785,16.19981787676266,cpp,64,4.0,2,0,3e-05,0.0077057602247537,0.004832080972868852,5,6,0.16690857978083434,0.9781590109206774,0.16690857978083434,1.3053428198430868,0.00624626236881522,0.004785150899720024,0.0005046555849340729,7.401486830834377e-12,68183001.1277859,True,4.916126121109493e-06,1.5368742293731545e-08,2,0.046370994826328754,5.535947919221912e-05,0.0011938385061514107,True,5.4399085746235025
fd_eps,H3e-5,3e-05,coarse,2.81,16.6099182187867,cpp,64,4.0,2,0,3e-05,0.007625315235483586,0.004939343750348924,5,6,0.008694965252603843,0.9776736046013415,0.7548943570734662,1.3053428198430868,0.005458843637088042,0.004181923364579614,0.00043979832307902597,7.401486830834377e-12,59420266.91810611,True,4.913588421961855e-06,3.494380304190256e-08,1,0.0465451068933804,4.5600418571953875e-05,0.0009797038102503342,True,5.3898513850173515
fd_eps,H3e-5,3e-05,coarse,2.835,17.03040030039619,cpp,64,4.0,2,0,3e-05,0.007555679727811581,0.005030392729536176,5,6,0.11670563838120343,0.9874024988243555,0.9783429712455772,1.3053428198430868,0.004776065507229201,0.0036588591400099203,0.0003838051157777424,7.401486830834377e-12,51855137.29198592,True,4.776768049119948e-06,3.496590258379529e-12,0,0.046698309609165475,3.759379362330572e-05,0.0008050354271480351,True,5.344795493287525
fd_eps,H3e-5,3e-05,coarse,2.86,17.46152693657999,cpp,64,4.0,2,0,3e-05,0.007495292682897304,0.0051081046789596875,5,6,0.34835905393031175,0.9851843085357171,0.9322399283287623,1.3053428198430868,0.004182921761264601,0.003204462228372638,0.000335358637516372,7.401486830834377e-12,45309631.0486263,True,4.825802238406262e-06,4.003348782893722e-08,1,0.04683317691838024,3.101850564731639e-05,0.0006623190585890578,True,5.304284144280701
fd_eps,H3e-5,3e-05,coarse,2.885,17.90356759552007,cpp,64,4.0,2,0,3e-05,0.007442838507259703,0.005174739796739851,5,6,0.056971094756807464,0.9733103907416971,0.9922913070187356,1.3053428198430868,0.0036667751703053186,0.002809051472582579,0.00029335774332350643,7.401486830834377e-12,39634974.70553979,True,4.777274720047974e-06,3.373430840821846e-08,1,0.04695195315789586,2.5613537707747892e-05,0.0005455265646055555,True,5.267896508574168
fd_eps,H3e-5,3e-05,coarse,2.91,18.356798567017925,cpp,64,4.0,2,0,3e-05,0.00739720495120154,0.005232100656576295,5,6,0.16085463929648028,0.9859471303437228,0.7529521831873729,1.3053428198430868,0.0032169426517384583,0.002464442752383747,0.0002568782083177573,7.401486830834377e-12,34706298.09778357,True,4.750513672057602e-06,6.320155192375433e-08,2,0.047056597667380747,2.1166484124417838e-05,0.00044980906341833283,True,5.23524616494626
fd_eps,H3e-5,3e-05,coarse,2.935,18.821503135184646,cpp,64,4.0,2,0,3e-05,0.007357448823799327,0.005281643123445889,5,6,0.258541734647193,0.9920603057473407,0.5678175777343976,1.3053428198430868,0.0028243604199077715,0.0021636924622202183,0.00022514128435464057,7.401486830834377e-12,30418386.129758224,True,4.687316033399375e-06,-7.024458274519293e-12,0,0.047148822956188184,1.7504306133026088e-05,0.0003712564818275847,True,5.205979301472843
fd_eps,H3e-5,3e-05,coarse,2.96,19.297971755502758,cpp,64,4.0,2,0,3e-05,0.007322767968807639,0.0053245557719878035,5,6,0.0019483191733833045,0.9854038768370119,0.9382005393996206,1.3053428198430868,0.0024813124216311222,0.001900889470498943,0.00019748838993183007,7.401486830834377e-12,26682259.179209672,True,4.725606809121821e-06,5.6410335509731945e-08,2,0.04723012741301793,1.4485878299348897e-05,0.0003067084315202628,True,5.179772658561434
fd_eps,H3e-5,3e-05,coarse,2.985,19.786502236370332,cpp,64,4.0,2,0,3e-05,0.007292478277880906,0.005361818011277406,5,6,0.407307823503897,0.988750911207158,0.7482322101871473,1.3053428198430868,0.002181209055871346,0.0016709856006512879,0.00017336063747592896,7.401486830834377e-12,23422407.070119157,True,4.672683376539725e-06,2.4038946329895745e-08,1,0.04730182339017039,1.1995974530889591e-05,0.000253604907192276,True,5.1563314649670335
fd_eps,H3e-5,3e-05,coarse,3.01,20.287399925240926,cpp,64,4.0,2,0,3e-05,0.007265994773107881,0.0053937415847314,21,6,0.39064193987881957,0.9822138238663115,0.8716616505901463,1.3053428198430868,0.0019184060369692227,0.0014696568654660631,0.00015228219567994203,7.401486830834377e-12,20574541.191580437,True,4.661796127411465e-06,2.7374137318196647e-08,2,0.047365061362338645,9.94041131690731e-06,0.00020986801306693172,True,5.135387347273117
fd_eps,H3e-5,3e-05,coarse,3.035,20.800977899475697,cpp,64,4.0,2,0,3e-05,0.00724281598528919,0.005362316737331968,20,6,0.06412538603870852,0.9817644787694485,0.96189723652939,1.3053428198430868,0.00168805544998416,0.0012931893632257298,0.00013384670639532105,7.401486830834377e-12,18083759.311402082,True,4.627889682099573e-06,5.396354405135956e-12,0,0.047420850748481416,8.24212152582032e-06,0.0001738079641281902,True,5.116696280497857
fd_eps,H3e-5,3e-05,coarse,3.06,21.327557162026903,cpp,64,4.0,2,0,3e-05,0.007222511010401002,0.005334662038570443,21,6,0.41425122805354603,0.9823883756554588,0.9464629885065242,1.3053428198430868,0.0014859827379837562,0.0011383850398490596,0.00011770614655607965,7.401486830834377e-12,15903040.733075319,True,4.643335252698008e-06,4.2017118694106684e-08,1,0.04747007789173178,6.83797696451404e-06,0.00014404815134514583,True,5.1000366141467595
fd_eps,H3e-5,3e-05,coarse,3.085,21.867466842075256,cpp,64,4.0,2,0,3e-05,0.007204708749146501,0.005310315996082385,20,6,0.2925962749816627,0.990031753814381,0.7970842740999886,1.3053428198430868,0.0013085846700756937,0.0010024835240086559,0.00010356165548259624,7.401486830834377e-12,13992006.991238762,True,4.629408976195283e-06,4.4117742791329006e-08,1,0.04751352161395963,5.676213926013963e-06,0.0001194652329105884,True,5.085207246569601
fd_eps,H3e-5,3e-05,coarse,3.11,22.421044400746343,cpp,64,4.0,2,0,3e-05,0.007189088932992674,0.00528887542807703,20,6,0.5606189638145334,0.9863998905232693,0.9741314952717294,1.3053428198430868,0.0011527443640275896,0.0008830970274660561,9.115594973099082e-05,7.401486830834377e-12,12315897.037232816,True,4.596863529296835e-06,1.854719865108428e-08,1,0.047551866696132386,4.714344813786715e-06,9.91411093051822e-05,True,5.072025827775975
fd_eps,H3e-5,3e-05,coarse,3.135,22.988635842034803,cpp,64,4.0,2,0,3e-05,0.007175374614862161,0.005269987748458538,20,6,0.12358916918327827,0.9898786583096211,0.47458683758851816,1.3053428198430868,0.0010157602261751317,0.0007781559071947358,8.026702506340102e-05,7.401486830834377e-12,10844716.324970132,True,4.613832423169495e-06,4.820585328218434e-08,2,0.04758571558095404,3.917462030309953e-06,8.232432742648297e-05,True,5.060327179732663
fd_eps,H3e-5,3e-05,coarse,3.16,23.570595929068126,cpp,64,4.0,2,0,3e-05,0.007163325866761499,0.005253344336353297,21,6,0.07675877698849796,0.9949071878529587,0.07675877698849796,1.3053428198430868,0.0008952863032205014,0.0006858629699500108,7.070290697600339e-05,7.401486830834377e-12,9552527.56533419,True,4.578592900585677e-06,1.7238340343040377e-08,2,0.04761559854859776,3.2568587893121892e-06,6.839898874710462e-05,True,5.049961737623319
fd_eps,H3e-5,3e-05,coarse,3.185,24.167288405845095,cpp,64,4.0,2,0,3e-05,0.007152734473195229,0.00523867482657288,20,6,0.204569407693048,0.9962640471016246,0.9623852737283992,1.3053428198430868,0.000789282025672869,0.0006046549716094867,6.229725854145668e-05,7.401486830834377e-12,8416857.310605232,True,4.571313870355588e-06,3.5242834848508743e-08,2,0.04764198257817788,2.708906293292356e-06,5.68596466120441e-05,True,5.040794200910584
fd_eps,H3e-5,3e-05,coarse,3.21,24.779086224587694,cpp,64,4.0,2,0,3e-05,0.007143419450528253,0.00522574218346335,20,6,0.2245565883106231,0.9937455934835331,0.9477936422864099,1.3053428198430868,0.0006959697165931669,0.0005331700653754915,5.4905692164314156e-05,7.401486830834377e-12,7418197.643151731,True,4.559695246974804e-06,1.303334474728853e-08,2,0.04766527907565106,2.2541385441407724e-06,4.729099646229194e-05,True,5.032702208731073
fd_eps,H3e-5,3e-05,coarse,3.235,25.406371778848346,cpp,64,4.0,2,0,3e-05,0.007135223251706397,0.005214338443538573,13,6,0.16968277329712636,0.994927423630426,0.9962816703710009,1.3053428198430868,0.000613798543966068,0.0004702201863261114,4.8402661700229815e-05,7.401486830834377e-12,6539586.275906854,True,4.548686343649812e-06,1.9837574435419125e-08,2,0.04768585062204977,1.8765055283425866e-06,3.935141145358739e-05,True,5.025575149057654
fd_eps,H3e-5,3e-05,coarse,3.26,26.049537142518336,cpp,64,4.0,2,0,3e-05,0.007128008543416625,0.005204281029523078,20,6,0.22081030767925697,0.9957701713287843,0.9008498704370211,1.3053428198430868,0.0005414138410751233,0.0004147675482983128,4.267883459001521e-05,7.401486830834377e-12,5766251.506685985,True,4.533606347255327e-06,2.428284563803969e-08,2,0.04770401687343544,1.562763109174444e-06,3.2759570610597525e-05,True,5.0193131130344675
fd_eps,H3e-5,3e-05,coarse,3.285,26.708984314886784,cpp,64,4.0,2,0,3e-05,0.007121655460955906,0.005195409554703116,13,6,0.4754156858431803,0.9954336018145202,0.9630508176449395,1.3053428198430868,0.00047763091714358275,0.0003659045806840214,3.763886289704256e-05,7.401486830834377e-12,5085311.067533101,True,4.525747353241774e-06,1.5405945165250687e-08,2,0.04772005972501479,1.3019740515955808e-06,2.728357967484034e-05,True,5.013825912902016
fd_eps,H3e-5,3e-05,coarse,3.31,27.38512547190322,cpp,64,4.0,2,0,3e-05,0.007116059264960723,0.00518758304774501,13,6,0.013944995936745898,0.9954351547662197,0.9877476899226147,1.3053428198430868,0.0004214126377609932,0.00032283675319227673,3.3199486682479926e-05,7.401486830834377e-12,4485515.87556325,True,4.517061449626066e-06,-3.753386540582321e-12,0,0.04773422783585962,1.0850994996472456e-06,2.2732105427126673e-05,True,5.009032140395664
fd_eps,H3e-5,3e-05,coarse,3.335,28.07838322380105,cpp,64,4.0,2,0,3e-05,0.007111128334943366,0.005180677539703075,13,6,0.41942998868171527,0.9967994962828184,0.9097952589960391,1.3053428198430868,0.00037185018028256927,0.0002848678329017574,2.9287915559931325e-05,7.401486830834377e-12,3957031.3680649577,True,4.4954694582719115e-06,-2.0868552357697291e-13,0,0.04774674059714371,9.046641600850863e-07,1.894713961143569e-05,True,5.0048583554323605
fd_eps,H3e-5,3e-05,coarse,3.36,28.789190879242675,cpp,64,4.0,2,0,3e-05,0.007106782447953835,0.005174583962938694,21,6,0.025249964584292024,0.9952054367174432,0.9999840232287011,1.3053428198430868,0.0003281464731019295,0.00025138719738112587,2.5840443808983928e-05,7.401486830834377e-12,3491250.3932768474,True,4.515950137118155e-06,4.478531137167949e-11,0,0.04775779161533084,7.544816199579837e-07,1.579808434265595e-05,True,5.001238357445299
fd_eps,H3e-5,3e-05,coarse,3.385,29.517992716151486,cpp,64,4.0,2,0,3e-05,0.007102951298239591,0.0051692063196614605,13,6,0.46864482954827386,0.9963504295288665,0.966941270403953,1.3053428198430868,0.0002896019114026793,0.00022185889177947285,2.280126207658539e-05,7.401486830834377e-12,3080632.661750609,True,4.502218144946138e-06,5.900790255136409e-11,0,0.04776755177199284,6.294287766160781e-07,1.3176910962917005e-05,True,4.998112496078535
fd_eps,H3e-5,3e-05,coarse,3.41,30.265244259400085,cpp,64,4.0,2,0,3e-05,0.0070995732213217765,0.005164460083476847,21,6,0.03125125783053215,0.9948700383546163,0.9756119789508685,1.3053428198430868,0.0002556020096756219,0.00019581216963858385,2.0121435374461458e-05,7.401486830834377e-12,2718566.665637524,True,4.505086955993946e-06,1.4997603248537733e-08,1,0.047776171913613594,5.252604252710142e-07,1.0994192381523638e-05,True,4.995427023360069
fd_eps,H3e-5,3e-05,coarse,3.435,31.031412565528075,cpp,64,4.0,2,0,3e-05,0.007096594091974663,0.005160270802801223,21,6,0.5577161462030524,0.9981624130642914,0.9800067611963175,1.3053428198430868,0.00022560670640206653,0.00017283329940037236,1.775802202437824e-05,7.401486830834377e-12,2399250.641154807,True,4.4921613663519445e-06,5.2698472151831825e-11,0,0.047783785217630985,4.3845671808745565e-07,9.17584733169436e-06,True,4.993133556462775
fd_eps,H3e-5,3e-05,coarse,3.46,31.81697651466769,cpp,64,4.0,2,0,3e-05,0.00709396637074513,0.0051565728795616795,13,6,0.6171419709335136,0.9971497853626994,0.7309916865206886,1.3053428198430868,0.0001991410824583926,0.00015255845394111184,1.5673312459302674e-05,7.401486830834377e-12,2117589.724541306,True,4.4946258586520685e-06,-2.030892627941925e-12,0,0.04779050927487807,3.6609755505654755e-07,7.660465657539944e-06,True,4.991188621243708
fd_eps,H3e-5,3e-05,coarse,3.485,32.62242710985942,cpp,64,4.0,2,0,3e-05,0.00709164827739406,0.005153308500105375,21,4,0.44408867408539854,0.9982580700070793,0.9905568721557062,1.3053428198430868,0.0001757872935969335,0.0001346675301880196,1.3834170156741887e-05,7.401486830834377e-12,1869106.9068864838,True,4.4937000169853305e-06,9.786206285484235e-09,0,0.04779644792335605,3.0575906771672504e-07,6.397108592818962e-06,True,4.989553023087053
fd_eps,H3e-5,3e-05,coarse,3.51,33.44826778394491,cpp,64,4.0,2,0,3e-05,0.007089603073154042,0.005150426698504473,13,4,0.3199381680555345,0.9979846223019715,0.9997782783766691,1.3053428198430868,0.0001551775452226865,0.00011887876722020055,1.2211460130214033e-05,7.401486830834377e-12,1649865.8187624475,True,4.496059796820011e-06,8.585604563739484e-09,0,0.04780169286377019,2.5542823776566417e-07,5.343497739580225e-06,True,4.988191623811293
fd_eps,H3e-5,3e-05,coarse,3.535,34.295014714228856,cpp,64,4.0,2,0,3e-05,0.007087798436541994,0.005147882535338084,13,4,0.07816303314322222,0.9987378997807348,0.9985489781609631,1.3053428198430868,0.00013698796748287098,0.00010494405408330824,1.0779552263292573e-05,7.401486830834377e-12,1456403.6266855565,True,4.487598886996143e-06,9.152901406817418e-09,0,0.04780632508338346,2.1343242166698272e-07,4.464522660855345e-06,True,4.987072842369754
fd_eps,H3e-5,3e-05,coarse,3.56,35.163197145106615,cpp,64,4.0,2,0,3e-05,0.007086205919686869,0.005145636376995389,13,4,0.09758437850650227,0.9980016723700822,0.9996818503005873,1.3053428198430868,0.00012093326763905273,9.264483306660386e-05,9.51588911327184e-06,7.401486830834377e-12,1285672.6399389005,True,4.488643909111095e-06,1.8811101750225622e-08,2,0.0478104161113774,1.7838113324868413e-07,3.7310098459116933e-06,True,4.986168281331978
fd_eps,H3e-5,3e-05,coarse,3.585,36.05335771885924,cpp,64,4.0,2,0,3e-05,0.00708480047412937,0.005143653263026991,21,4,0.7444855648724401,0.9978954404374104,0.9973383441686686,1.3053428198430868,0.00010676205494338173,8.178851817349823e-05,8.40060922397351e-06,7.401486830834377e-12,1134989.4171231675,True,4.484541174782912e-06,1.1233143665170468e-08,1,0.047814029126018516,1.4911791910195264e-07,3.118706409554775e-06,True,4.98545254969703
fd_eps,H3e-5,3e-05,coarse,3.61,36.966052814822504,cpp,64,4.0,2,0,3e-05,0.007083560036833694,0.005141902350097561,13,4,0.1045932047601842,0.9989170883703629,0.9998831408481154,1.3053428198430868,9.4252749704733e-05,7.220536112962492e-05,7.416218415854172e-06,7.401486830834377e-12,1001990.3548241718,True,4.486386286372052e-06,1.3098036088309538e-10,0,0.047817219931389494,1.2468054920262593e-07,2.607440361056618e-06,True,4.984902884579404
fd_eps,H3e-5,3e-05,coarse,3.635,37.901852897142135,cpp,64,4.0,2,0,3e-05,0.007082465168264367,0.005140356423386071,13,4,0.5039179745568879,0.9987382300354288,0.9602027218049101,1.3053428198430868,8.320999989165305e-05,6.374570620586521e-05,6.547302491331945e-06,7.401486830834377e-12,884592.871807334,True,4.486488757035053e-06,1.2593243716842971e-08,1,0.047820037819269655,1.042680642132568e-07,2.1804262181332014e-06,True,4.984498755133168
fd_eps,H3e-5,3e-05,coarse,3.66,38.86134287133247,cpp,64,4.0,2,0,3e-05,0.007081498735501256,0.005138991466661312,21,4,0.09090299746224413,0.9987915757779151,0.9598030942898308,1.3053428198430868,7.346153832035142e-05,5.627758256576776e-05,5.7802759440377645e-06,7.401486830834377e-12,780961.4576300135,True,4.487071950001576e-06,7.696153044910922e-09,0,0.04782252632982688,8.721348113845492e-08,1.8236903783993513e-06,True,4.9842220205188195
fd_eps,H3e-5,3e-05,coarse,3.685,39.8451224498614,cpp,64,4.0,2,0,3e-05,0.007080645634860613,0.005137786284075604,21,4,0.7449632528276092,0.9984379369375234,0.9956498832741563,1.3053428198430868,6.485542582017024e-05,4.968459230347351e-05,5.1031618959911175e-06,7.401486830834377e-12,689477.9403959073,True,4.485671918734365e-06,9.541948371515841e-09,0,0.04782472392312674,7.296117282707173e-08,1.5255952746188188e-06,True,4.984056264001279
fd_eps,H3e-5,3e-05,coarse,3.71,40.85380652699027,cpp,64,4.0,2,0,3e-05,0.007079892548519226,0.00513672216716023,13,4,0.4515741502498602,0.99894020044225,0.9855182524805426,1.3053428198430868,5.7257629542884915e-05,4.386405522939006e-05,4.505399189294942e-06,7.401486830834377e-12,608715.4233019211,True,4.48298470807807e-06,7.615452502374372e-09,0,0.0478266645720097,6.10481086311373e-08,1.2764450370403914e-06,True,4.983986952701704
fd_eps,H3e-5,3e-05,coarse,3.735,41.888025563102715,cpp,64,4.0,2,0,3e-05,0.0070792277311388565,0.005135782601550478,21,4,0.3258205433764984,0.9990156908839781,0.9959168617755793,1.3053428198430868,5.0549895335975925e-05,3.872537893306254e-05,3.977673143061583e-06,7.401486830834377e-12,537415.4185468132,True,4.477013991554148e-06,3.0473805931454517e-10,0,0.04782837828561119,5.1088289509382986e-08,1.0681585146856739e-06,True,4.984001028811712
fd_eps,H3e-5,3e-05,coarse,3.76,42.94842597876301,cpp,64,4.0,2,0,3e-05,0.00707864082233663,0.0051349530086722,21,4,0.3756869471928807,0.9992242368280814,0.9989931679191747,1.3053428198430868,4.462787671739361e-05,3.4188625423900717e-05,3.511767010062509e-06,7.401486830834377e-12,474467.77793788543,True,4.48434667065138e-06,6.7887017467638036e-09,0,0.04782989157169674,4.275982710039041e-08,8.939979936248375e-07,True,4.9840869072807505
fd_eps,H3e-5,3e-05,coarse,3.785,44.03567055874993,cpp,64,4.0,2,0,3e-05,0.007078122682045301,0.005134220518011049,13,4,0.4349783345547916,0.9993497662099313,0.9999078587650588,1.3053428198430868,3.939948898950232e-05,3.018325024704121e-05,3.100431410400199e-06,7.401486830834377e-12,418893.0523369835,True,4.471306568843652e-06,-1.6788951525914114e-11,0,0.04783122784499734,3.579421099310246e-08,7.483439712042886e-07,True,4.984234234687836
fd_eps,H3e-5,3e-05,coarse,3.81,45.15043886631872,cpp,64,4.0,2,0,3e-05,0.007077665245666789,0.005133573766455394,21,4,0.2764455384817891,0.9994276775756465,0.9872738548676064,1.3053428198430868,3.478346046470163e-05,2.6646992602972217e-05,2.7372695871989138e-06,7.401486830834377e-12,369826.98878764856,True,4.4794602922752734e-06,5.576708627326786e-09,0,0.047832407787883904,2.996738969245379e-08,6.265080743028082e-07,True,4.9844338644431865
fd_eps,H3e-5,3e-05,coarse,3.835,46.29342766795043,cpp,64,4.0,2,0,3e-05,0.007077261396731964,0.005133002721261879,13,4,0.7243683701900473,0.9995507607266413,0.9986758580604336,1.3053428198430868,3.0708056883668936e-05,2.3524898146955988e-05,2.416636465964843e-06,7.401486830834377e-12,326506.89262827655,True,4.476418314364805e-06,3.604807327239241e-10,0,0.04783344966896351,2.5092356301595016e-08,5.24577601558101e-07,True,4.984677617186041
fd_eps,H3e-5,3e-05,coarse,3.86,47.46535136885352,cpp,64,4.0,2,0,3e-05,0.007076904854801504,0.005132498524063802,21,4,0.3745051771482319,0.9990847688337817,0.9595585320426754,1.3053428198430868,2.7109957730984194e-05,2.076845815434373e-05,2.1335498111147733e-06,7.401486830834377e-12,288259.62402938656,True,4.4788002538216975e-06,9.28657342591512e-09,0,0.047834369624521755,2.101298068568494e-08,4.3928624649237295e-07,True,4.984958201081917
fd_eps,H3e-5,3e-05,coarse,3.885,48.66694245949041,cpp,64,4.0,2,0,3e-05,0.007076590076750298,0.005132053353105468,21,4,0.1614767086441123,0.9994482846817758,0.9623601146146699,1.3053428198430868,2.3933265929563952e-05,1.8334850865032478e-05,1.8836120263816534e-06,7.401486830834377e-12,254491.03260368996,True,4.4784223967232e-06,8.398133778989414e-09,0,0.04783518190715233,1.75988773699133e-08,3.6790656308305813e-07,True,4.985269330951907
fd_eps,H3e-5,3e-05,coarse,3.91,49.89895197340787,cpp,64,4.0,2,0,3e-05,0.007076312169872883,0.005131660301827516,13,4,0.11221636557696624,0.999560714736594,0.9988286664082011,1.3053428198430868,2.1128635203099594e-05,1.6186272971294572e-05,1.6629412468322468e-06,7.401486830834377e-12,224676.64738718202,True,4.477346326517429e-06,5.652586767567874e-10,0,0.047835899105408995,1.4741133728364844e-08,3.0816048206561263e-07,True,4.985605280378094
fd_eps,H3e-5,3e-05,coarse,3.935,51.16214995665737,cpp,64,4.0,2,0,3e-05,0.0070760668152638866,0.0051313132716741235,13,4,0.8098641428579267,0.999432631474978,0.993470017492846,1.3053428198430868,1.8652500499898623e-05,1.428935005912149e-05,1.4681106589885606e-06,7.401486830834377e-12,198353.47850278602,True,4.481883953154515e-06,3.152593340670624e-09,0,0.047836532337858555,1.234875230511919e-08,2.5814480485129566e-07,True,4.985961075800415
fd_eps,H3e-5,3e-05,coarse,3.96,52.45732594909905,cpp,64,4.0,2,0,3e-05,0.007075850200356911,0.005131006877485354,13,4,0.5324930421211811,0.9997250283012162,0.9878330206358346,1.3053428198430868,1.646639944155073e-05,1.261461678207272e-05,1.2960949813893254e-06,7.401486830834377e-12,175112.78625665206,True,4.480327674953142e-06,5.9919047023456255e-09,0,0.047837091424522464,1.0345686096466711e-08,2.1626912900401087e-07,True,4.986332200639001
fd_eps,H3e-5,3e-05,coarse,3.985,53.785289477889734,cpp,64,4.0,2,0,3e-05,0.007075658959371608,0.005130736364013924,13,4,0.29500022806159476,0.9998485812892887,0.9972983340234981,1.3053428198430868,1.4536373573870168e-05,1.113605817023421e-05,1.1442233069326303e-06,7.401486830834377e-12,154593.7097619129,True,4.479231901197483e-06,3.0254910589378726e-10,0,0.04783758503834134,8.66836951195074e-09,1.8120416206217623e-07,True,4.986715059041335
fd_eps,H3e-5,3e-05,coarse,4.01,55.1468705634638,cpp,64,4.0,2,0,3e-05,0.007075490120869743,0.005130497532207109,21,4,0.14256616533390853,0.9996604068604428,0.9994643198396903,1.3053428198430868,1.283244048920857e-05,9.830705232477655e-06,1.010137507390957e-06,7.401486830834377e-12,136477.64705636626,True,4.47973280740658e-06,1.1412130395254443e-09,0,0.04783802083899222,7.263658188497876e-09,1.518386016207709e-07,True,4.987106109449758
fd_eps,H3e-5,3e-05,coarse,4.035,56.542920238322985,cpp,64,4.0,2,0,3e-05,0.007075341061468972,0.005130286674166426,21,4,0.23793487351827852,0.9997935205590522,0.9948629668265044,1.3053428198430868,1.1328127789528075e-05,8.678277933830295e-06,8.917555482281488e-07,7.401486830834377e-12,120483.29864117589,True,4.479040772228161e-06,4.9950500078085805e-09,0,0.04783840559111145,6.087112539656729e-09,1.2724321524603103e-07,True,4.98750240771737
fd_eps,H3e-5,3e-05,coarse,4.06,57.97431107895927,cpp,64,4.0,2,0,3e-05,0.0070752094650156925,0.005130100515708366,13,4,0.6275042291025793,0.999827800800863,0.9873265594435963,1.3053428198430868,1.0000061894684659e-05,7.660870188788222e-06,7.872391129890979e-07,7.401486830834377e-12,106362.29327727543,True,4.481495824891757e-06,2.7159906830683057e-09,0,0.04783874526874233,5.101564189005605e-09,1.0664084436886244e-07,True,4.987901411984561
fd_eps,H3e-5,3e-05,coarse,4.085,59.44193775124387,cpp,64,4.0,2,0,3e-05,0.0070750932865705435,0.00512993616561111,13,4,0.09567887844233003,0.999767119977465,0.9996055255745805,1.3053428198430868,8.82760513724717e-06,6.762671846088924e-06,6.949650519844142e-07,7.401486830834377e-12,93895.33047457575,True,4.476819005417089e-06,5.825551588528816e-09,0,0.04783904514760927,4.275921564332958e-09,8.938141535098439e-08,True,4.988300939951401
fd_eps,H3e-5,3e-05,coarse,4.11,60.94671756962223,cpp,64,4.0,2,0,3e-05,0.00707499072062388,0.005129791070863995,21,4,0.20583416059117465,0.9997730260143531,0.9666500123905025,1.3053428198430868,7.79253546017283e-06,5.969723310777133e-06,6.135001837856205e-07,7.401486830834377e-12,82888.77597265952,True,4.4806473638482754e-06,1.8439755960774023e-09,0,0.04783930988663733,3.5841714831164543e-09,7.492105324281861e-08,True,4.988699029761308
fd_eps,H3e-5,3e-05,fine0,2.335,10.329459929369532,cpp,64,4.0,2,0,3e-05,0.01751183294476288,0.0046275443479900855,6,8,1.0,1.0,1.0,1.3053428198430868,0.10531804628239701,0.08068228873014151,0.009754556056564206,7.401486830834377e-12,1317918450.645215,True,4.82512339075902e-06,1.202260023358022e-12,0,0.03249697642315113,0.001984813851825621,0.0610768776141162,False,
fd_eps,H3e-5,3e-05,fine0,2.3375,10.35531588567169,cpp,64,4.0,2,0,3e-05,0.017320818000181155,0.004620382290779762,6,8,0.15550070938920255,0.9975980033602432,0.9996531495540317,1.3053428198430868,0.10333229071710966,0.07916103658465067,0.009553334813703488,7.401486830834377e-12,1290731853.2142184,True,4.897777408233435e-06,8.491282427032862e-13,0,0.032698348191397296,0.0019495234637362906,0.05962146626872107,False,7.613946092090733
fd_eps,H3e-5,3e-05,fine0,2.34,10.381236562731843,cpp,64,4.0,2,0,3e-05,0.017133914237373316,0.004607283893232163,6,8,0.21052776710131943,0.9982434891773757,0.9995481915341581,1.3053428198430868,0.10138873492365166,0.07767211293646174,0.00935695506570071,7.401486830834377e-12,1264199380.4163659,True,5.065991459467548e-06,5.6361098056386794e-08,2,0.03289733285991423,0.0019146153188667064,0.058199712633837455,False,7.595171747090789
fd_eps,H3e-5,3e-05,fine0,2.3425,10.407222122554305,cpp,64,4.0,2,0,3e-05,0.01695100415838916,0.004586651409116233,6,8,0.24218842874973176,0.9961616774245352,0.9993970045263117,1.3053428198430868,0.09948640735895432,0.0762147735036482,0.00916528556887524,7.401486830834377e-12,1238303300.1819215,True,5.007474881240779e-06,1.5768985101088918e-07,2,0.033093937933359026,0.0018801029599521024,0.056811098266336554,False,7.576385673260407
fd_eps,H3e-5,3e-05,fine0,2.345,10.433272727548918,cpp,64,4.0,2,0,3e-05,0.016771975575824452,0.004556220309570793,6,8,0.035585902383822754,0.9956440293410066,0.9991713930120791,1.3053428198430868,0.09762436041851916,0.07478829234319796,0.008978198840468424,7.401486830834377e-12,1213026388.5717542,True,5.088688069555767e-06,1.1285159389191094e-07,2,0.033288172337657566,0.0018459983485530653,0.05545508265903688,False,7.557587458921052
fd_eps,H3e-5,3e-05,fine0,2.3475,10.459388540532034,cpp,64,4.0,2,0,3e-05,0.016596721249519865,0.00451263368282896,6,8,0.009961762832092316,0.9823884616022642,0.9988196357972517,1.3053428198430868,0.09580166967983611,0.07339196127140936,0.008795571059243116,7.401486830834377e-12,1188351916.3475404,True,5.063356643444904e-06,8.716804175962687e-08,1,0.033480046317928586,0.0018123119753098744,0.054131107170523246,False,7.538777237731815
fd_eps,H3e-5,3e-05,fine0,2.35,10.485569724727576,cpp,64,4.0,2,0,3e-05,0.01642513855127052,0.0044506186785065235,6,8,0.09629952162206551,0.9771063152660023,0.998239430600245,1.3053428198430868,0.09401743314973751,0.07202508928730247,0.008617281966730004,7.401486830834377e-12,1164263635.629352,True,5.13175368955534e-06,1.0687558956962971e-07,2,0.03366957134183889,0.0017790529634232844,0.05283859854825582,False,7.519955807552995
fd_eps,H3e-5,3e-05,fine0,2.3525,10.51181644376803,cpp,64,4.0,2,0,3e-05,0.01625712914910536,0.004361214477685861,6,8,0.11406393707860189,0.997206810849677,0.997206810849677,1.3053428198430868,0.09227077058039172,0.0706870020486139,0.008443214770833667,7.401486830834377e-12,1140745766.872067,True,5.151213753960477e-06,5.897842816031208e-08,2,0.033856760008150626,0.0017462291657455982,0.05157697208253872,False,7.50112447775489
fd_eps,H3e-5,3e-05,fine0,2.355,10.538128861695476,cpp,64,4.0,2,0,3e-05,0.016092598736704874,0.004227332825142661,6,8,0.011585066750963238,0.993611119663671,0.9951540327753009,1.3053428198430868,0.09056082284534997,0.06937704139379734,0.008273256049742215,7.401486830834377e-12,1117782985.8827922,True,5.174828337490296e-06,1.687291791865976e-07,1,0.0340416259602261,0.001713847255842043,0.05034563442546738,False,7.482284926625739
fd_eps,H3e-5,3e-05,fine0,2.3575,10.564507142962611,cpp,64,4.0,2,0,3e-05,0.015931456768258793,0.004009591642460752,6,8,0.03340626544934167,0.9854199657482876,0.9902558709842519,1.3053428198430868,0.08888675131800972,0.06809456486587535,0.008107295658612016,7.401486830834377e-12,1095360411.2132254,True,5.208598135169335e-06,7.893167438019365e-08,2,0.03422418380426944,0.0016819128133733281,0.04914398610620806,True,7.463439293298096
fd_eps,H3e-5,3e-05,fine0,2.36,10.59095145243378,cpp,64,4.0,2,0,3e-05,0.015773616225132427,0.0035731733987545934,6,8,0.0452789735463816,0.9911204705589904,0.9729350789687812,1.3053428198430868,0.08724773731744641,0.06683894528790094,0.00794522663723777,7.401486830834377e-12,1073463591.6851447,True,5.210141332229183e-06,1.503149347300624e-07,1,0.03440444903208342,0.001650430404123452,0.04797142377093046,True,7.44458997932082
fd_eps,H3e-5,3e-05,fine0,2.3625,10.617461955386002,cpp,64,4.0,2,0,3e-05,0.015618993398611806,0.002921573915333857,12,9,0.20430475283748925,0.9612438176693492,0.5155955440448781,1.3053428198430868,0.08564298156931027,0.06560957034996008,0.007786945119613923,7.401486830834377e-12,1052078494.1714329,True,5.1771529844572935e-06,3.462625257491895e-08,2,0.03458243794813437,0.0016194036549873174,0.04682734217339006,True,7.425739663200826
fd_eps,H3e-5,3e-05,fine0,2.365,10.644038817510012,cpp,64,4.0,2,0,3e-05,0.015467507690661643,0.004198575096422843,7,9,1.1671250335603897e-25,0.9572684650206573,0.9572684649959246,1.3053428198430868,0.0840717036866507,0.06440584221144055,0.0076323502456763686,7.401486830834377e-12,1031191491.6716762,True,5.26964070070278e-06,1.0538808813799356e-07,2,0.034758167600721056,0.001588835324212674,0.04571113593973561,True,7.406891290253291
fd_eps,H3e-5,3e-05,fine0,2.3675,10.670682204911275,cpp,64,4.0,2,0,3e-05,0.015319081432485325,0.004832833424804666,6,9,0.000514002284148561,0.9914514707126355,0.9895207061861354,1.3053428198430868,0.08253314170524377,0.06322717714505446,0.00748134407487047,7.401486830834377e-12,1010789351.6345135,True,5.160327457514266e-06,-2.6697656451980236e-14,0,0.034931655717053124,0.0015587273671761306,0.044622201129023,True,7.3880478900810225
fd_eps,H3e-5,3e-05,fine0,2.37,10.697392284111054,cpp,64,4.0,2,0,3e-05,0.015173639712735342,0.0052799535317678975,7,9,0.0009781825410281639,0.9942571342045631,0.9942571342045631,1.3053428198430868,0.08102655159651925,0.06207300516370047,0.007333831501146839,7.401486830834377e-12,990859224.4728873,True,5.272780430648852e-06,9.341500442103174e-13,0,0.03510292064204987,0.0015290809979591712,0.04355993660902055,True,7.369212746621584
fd_eps,H3e-5,3e-05,fine0,2.3725,10.724169222047431,cpp,64,4.0,2,0,3e-05,0.015031110225087402,0.005631478631472315,13,9,0.02318332689175367,0.995969806594144,0.995969806594144,1.3053428198430868,0.07955120683774883,0.060942769691192354,0.00718972017067445,7.401486830834377e-12,971388632.4464277,True,5.236733218459203e-06,9.1829981757507e-08,2,0.0352719812806795,0.0014998967469740554,0.04252374526507348,True,7.35038918803948
fd_eps,H3e-5,3e-05,fine0,2.375,10.751013186076355,cpp,64,4.0,2,0,3e-05,0.014891423124615897,0.005923605622909858,13,9,0.021719259322254533,0.9965160135556523,0.9967903972023706,1.3053428198430868,0.07810639798334304,0.059835927233837384,0.007048920400785798,7.401486830834377e-12,952365458.7102962,True,5.324602078797565e-06,9.957386211310052e-08,2,0.03543885704366245,0.00147117451487482,0.041513035058163957,True,7.3315806338829566
fd_eps,H3e-5,3e-05,fine0,2.3775,10.777924343972689,cpp,64,4.0,2,0,3e-05,0.014754510893709466,0.0061747187975071125,6,9,0.2012233052459989,0.9972338512239926,0.9972338512239926,1.3053428198430868,0.07669143224791897,0.058751947061031776,0.0069113451017303274,7.401486830834377e-12,933777936.7434481,True,5.329664093042067e-06,2.3220536395846453e-12,0,0.03560356779637521,0.0014429136229803623,0.04052721994696455,True,7.312790591454904
fd_eps,H3e-5,3e-05,fine0,2.38,10.804902863931257,cpp,64,4.0,2,0,3e-05,0.014620308219339635,0.0063955566209229825,6,9,0.014496529291247857,0.9974786987847463,0.9974786987847463,1.3053428198430868,0.07530563311528561,0.057690310905711334,0.0067769096994591506,7.401486830834377e-12,915614639.9162319,True,5.320883074195228e-06,9.963971446714389e-08,1,0.035766133810790385,0.001415112860416648,0.039565720687141155,True,7.2940225749189525
fd_eps,H3e-5,3e-05,fine0,2.3825,10.831948914567898,cpp,64,4.0,2,0,3e-05,0.014488751882991861,0.0065929873185831146,13,9,0.08077436751676133,0.9911946110379561,0.997598659758481,1.3053428198430868,0.07394833995557006,0.05665051267103861,0.006645532061252074,7.401486830834377e-12,897864471.4420056,True,5.407934961125164e-06,8.742771048104445e-08,1,0.03592657572030156,0.0013877705281799128,0.038627965520123445,True,7.275280108571753
fd_eps,H3e-5,3e-05,fine0,2.385,10.859062664920515,cpp,64,4.0,2,0,3e-05,0.014359780651368767,0.0067716944158557335,6,9,0.06422623541791835,0.9947693573149372,0.9976248980982152,1.3053428198430868,0.07261890764747839,0.05563205814102367,0.006517132422832038,7.401486830834377e-12,880516654.5297163,True,5.416799131597262e-06,7.506781430676998e-08,2,0.03608491447728528,0.0013608844803062736,0.03771339076230658,True,7.256566746167934
fd_eps,H3e-5,3e-05,fine1,2.535,12.616430848036902,cpp,64,4.0,2,0,3e-05,0.009777540497025151,0.0015107118550018687,6,7,1.0,1.0,1.0,1.3053428198430868,0.026460916257766358,0.02027123898451993,0.002240699654874884,7.401486830834377e-12,302736423.9223118,True,5.412080916434919e-06,3.099062907261549e-08,2,0.0425404153381702,0.00040485644439433414,0.00951698381823435,True,
fd_eps,H3e-5,3e-05,fine1,2.5375,12.648011384379227,cpp,64,4.0,2,0,3e-05,0.009735648455689448,0.001150081092050435,7,7,0.0623616651083871,0.9973814410218624,0.9995056276405984,1.3053428198430868,0.026049716657495822,0.01995622625834585,0.0022043432465160013,7.401486830834377e-12,297824382.70818394,True,5.341878941430084e-06,2.4702055575981868e-12,0,0.04260937260421694,0.0003967149333800495,0.009310508677632763,True,6.264757940844254
fd_eps,H3e-5,3e-05,fine1,2.54,12.679670970833877,cpp,64,4.0,2,0,3e-05,0.009694475339252258,0.0006150750488198685,7,7,0.05188147822344499,0.9955944422801645,0.9989113399256659,1.3053428198430868,0.02564574315927386,0.01964674932088468,0.00216866087837959,7.401486830834377e-12,293003409.71289885,True,5.421257962150716e-06,9.735741881062538e-13,0,0.0426773986838744,0.0003887392973062507,0.00910878613257971,True,6.251716850930148
fd_eps,H3e-5,3e-05,fine1,2.5425,12.71140980527337,cpp,64,4.0,2,0,3e-05,0.009654007473145505,0.0007423443734523163,7,6,0.03990023184653028,0.9957399134255708,0.9964754908346434,1.3053428198430868,0.025248850680394588,0.01934269702684672,0.0021336381420245204,7.401486830834377e-12,288271558.2409532,True,5.4111662719776515e-06,4.639366541482294e-08,2,0.042744506672596015,0.00038092619246790383,0.008911699353220514,True,6.238784825624043
fd_eps,H3e-5,3e-05,fine1,2.545,12.743228086065523,cpp,64,4.0,2,0,3e-05,0.009614231466882736,0.0012106640073076044,7,6,0.10320239812090203,0.9980324532316094,0.999176780978548,1.3053428198430868,0.02485889741514575,0.019043960741388994,0.0020992609808207093,7.401486830834377e-12,283626929.12932706,True,5.4477691515047785e-06,1.1216685601603011e-07,1,0.042810709481806056,0.0003732723371911398,0.008719134574253558,True,6.225961496931375
fd_eps,H3e-5,3e-05,fine1,2.5475,12.775126012074695,cpp,64,4.0,2,0,3e-05,0.00957513420593899,0.0013206298632040877,10,6,0.0027108558437070295,0.9983712428049554,0.2658555697014689,1.3053428198430868,0.024475744749217893,0.01875043427454566,0.0020655156800496286,7.401486830834377e-12,279067669.4099827,True,5.399240677559396e-06,8.998998572368311e-08,1,0.04287601984093439,0.00036577451106802083,0.008530981010481069,True,6.213246561635301
fd_eps,H3e-5,3e-05,fine1,2.55,12.80710378266303,cpp,64,4.0,2,0,3e-05,0.009536702848025592,0.0011361705468860028,10,6,0.1551264285584216,0.9987673113130148,0.16853355550667956,1.3053428198430868,0.024099257186693403,0.018462013825295595,0.0020323888577114435,7.401486830834377e-12,274591971.0678361,True,5.40500649713208e-06,6.860317532998217e-08,2,0.042940450299470224,0.00035842955417412104,0.00834713077469854,True,6.200639615266779
fd_eps,H3e-5,3e-05,fine1,2.5525,12.839161597691701,cpp,64,4.0,2,0,3e-05,0.009498924816005134,0.0009459746824091594,11,6,0.025858145277541544,0.9884604417328892,0.7397925604260879,1.3053428198430868,0.023729302272359504,0.018178597922047762,0.001999867455439179,7.401486830834377e-12,270198069.8131881,True,5.279452085415855e-06,2.214304531728281e-12,0,0.04300401322903149,0.00035123436626991307,0.008167478797834594,True,6.188140257371269
fd_eps,H3e-5,3e-05,fine1,2.555,12.871299657522147,cpp,64,4.0,2,0,3e-05,0.00946178779096049,0.00079981659829967,11,6,0.17604733063905212,0.9897928001449245,0.2627405235741823,1.3053428198430868,0.02336575051624529,0.017900087364830376,0.0019679387297546393,7.401486830834377e-12,265884243.90032881,True,5.397499941005534e-06,1.0935621314999688e-07,1,0.043066720825445715,0.00034418590599095744,0.007991922751350905,True,6.175748089650538
fd_eps,H3e-5,3e-05,fine1,2.5575,12.90351816301735,cpp,64,4.0,2,0,3e-05,0.009425279708957932,0.0009646929128101124,2,6,0.06151651732579897,0.9971391520125182,0.9436706899007951,1.3053428198430868,0.023008475324387892,0.01762638517225207,0.0019365902434987869,7.401486830834377e-12,261648812.96971422,True,5.359876251873584e-06,8.542654727344078e-08,2,0.043128585110842346,0.0003372811900262515,0.007820362971783658,True,6.163462643173425
fd_eps,H3e-5,3e-05,fine1,2.56,12.935817315543076,cpp,64,4.0,2,0,3e-05,0.009389388752154075,0.0011382409112462159,10,6,0.001015941339923844,0.99980779467315,0.780567080889363,1.3053428198430868,0.02265735292087019,0.0173573965217764,0.0019058098576781347,7.401486830834377e-12,257490136.94634795,True,5.390004839821812e-06,6.286400880150308e-08,2,0.04318961793575057,0.0003305172922881735,0.007652702387408365,True,6.151283560725858
fd_eps,H3e-5,3e-05,fine1,2.5625,12.968197316969134,cpp,64,4.0,2,0,3e-05,0.009354103347362946,0.0013044497117632474,3,6,0.21677921176236015,0.9993760984889568,0.8980956249968642,1.3053428198430868,0.022312262289118312,0.017093028704750858,0.0018755857233411165,7.401486830834377e-12,253406614.94221422,True,5.335462383551871e-06,2.512017424515685e-08,2,0.04324983098120197,0.0003238913430749621,0.007488846446954617,True,6.139210296506364
fd_eps,H3e-5,3e-05,fine1,2.565,13.000658369670637,cpp,64,4.0,2,0,3e-05,0.009319412156840953,0.0014581495578772044,9,6,0.13526405241022518,0.9995079890316486,0.38642254573320467,1.3053428198430868,0.02197308509826555,0.016833191069995618,0.0018459062737311205,7.401486830834377e-12,249396684.19609004,True,5.381524827834281e-06,-1.000259208626606e-12,0,0.043309235760836416,0.00031740052822831083,0.007328703050339417,True,6.127242404185348
fd_eps,H3e-5,3e-05,fine1,2.5675,13.033200676529269,cpp,64,4.0,2,0,3e-05,0.00928530407556404,0.001599254401381647,8,6,0.15064946443730914,0.9968378962555464,0.8921922110209998,1.3053428198430868,0.02163970563558421,0.016577794972040743,0.0018167602169191065,7.401486830834377e-12,245458819.07815287,True,5.417834358031672e-06,9.814597937689852e-08,1,0.043367843623007156,0.0003110420882864105,0.007172182481339676,True,6.115379467902418
fd_eps,H3e-5,3e-05,fine1,2.57,13.065824440934556,cpp,64,4.0,2,0,3e-05,0.009251768225763117,0.0017291093730520527,10,6,0.032815498843757444,0.9858220687146071,0.6019540919139492,1.3053428198430868,0.021312010753788038,0.016326753730755515,0.0017881365284093853,7.401486830834377e-12,241591530.09096238,True,5.2739297675651655e-06,9.60245589208154e-12,0,0.04342566575288472,0.0003048133176345364,0.007019197342168276,True,6.103620859060392
fd_eps,H3e-5,3e-05,fine1,2.5725,13.098529866785132,cpp,64,4.0,2,0,3e-05,0.00921879395128107,0.0018492283774195876,9,6,0.04016594865942463,0.9967344506066398,0.5464358080126644,1.3053428198430868,0.02098988979675154,0.01607998257444332,0.0017600244439124008,7.401486830834377e-12,237793362.89300555,True,5.3341507724257326e-06,2.020799537552033e-08,2,0.0434827131745564,0.00029871156365503905,0.006869662489916291,True,6.0919661605448105
fd_eps,H3e-5,3e-05,fine1,2.575,13.131317158490017,cpp,64,4.0,2,0,3e-05,0.00918637081337454,0.001960956180921269,9,6,0.1335729607978467,0.9999578785856178,0.7605975579727984,1.3053428198430868,0.02067323454559758,0.015837398598540327,0.001732413452638535,7.401486830834377e-12,234062897.3926362,True,5.347405640587571e-06,9.27869176065495e-08,2,0.04353899675312263,0.00029273422587555123,0.006723494974756309,True,6.080414824955604
fd_eps,H3e-5,3e-05,fine1,2.5775,13.164186520969883,cpp,64,4.0,2,0,3e-05,0.009154488585253034,0.002065414067515333,9,6,0.2920007858458073,0.9990982188108087,0.3471797937522359,1.3053428198430868,0.02036193915773348,0.01559892071891211,0.0017052932903554871,7.401486830834377e-12,230398746.81007135,True,5.279165952859052e-06,2.8923873144000198e-12,0,0.0435945271967828,0.00028687875512036415,0.0065806139799478155,True,6.068966332777867
fd_eps,H3e-5,3e-05,fine1,2.58,13.197138159658358,cpp,64,4.0,2,0,3e-05,0.009123137248353237,0.002163521819378535,9,6,0.08015926768888425,0.9975300544077426,0.8439458317503663,1.3053428198430868,0.020055900110289557,0.015364469628522908,0.0016786539331632101,7.401486830834377e-12,226799556.8363355,True,5.3457996514153225e-06,1.118776576498569e-07,1,0.04364931505891677,0.00028114265266216293,0.006440940763507595,True,6.0576201387910995
fd_eps,H3e-5,3e-05,fine1,2.5825,13.23017228050329,cpp,64,4.0,2,0,3e-05,0.009092306987657424,0.0022560341224979966,9,6,0.10379828942246484,0.9989990069277009,0.9210776226827354,1.3053428198430868,0.019755016144416895,0.015133967754763163,0.0016524855909440441,7.401486830834377e-12,223264004.74832132,True,5.27752950117104e-06,5.232635788936269e-08,2,0.0437033707401541,0.00027552346937693387,0.006304398601542796,True,6.046375683449383
fd_eps,H3e-5,3e-05,fine1,2.585,13.263289089968042,cpp,64,4.0,2,0,3e-05,0.009061988186498405,0.002343574345995353,9,6,0.14578794455906044,0.9907475022536593,0.7348498818309461,1.3053428198430868,0.019459188210353903,0.01490733921736595,0.0016267787013667155,7.401486830834377e-12,219790798.59868196,True,5.306857643694152e-06,7.518855235569e-12,0,0.043756704490432966,0.00027001880490364635,0.006170912733217459,True,6.035232406551181
fd_eps,H1e-5,1e-05,coarse,2.31,10.074424655013587,cpp,64,4.0,2,0,1e-05,0.019678690982570645,0.004536491993614142,6,8,1.0,1.0,1.0,1.3053428204739033,0.12772941228242338,0.09785123898414008,0.0120648167175042,2.2204460492503128e-11,543351040.7324525,True,2.5075172442216664e-06,2.3796491257208422e-06,2,0.030351567905114018,0.002354371729638106,0.07757002000682184,False,
fd_eps,H1e-5,1e-05,coarse,2.335,10.329459929369532,cpp,64,4.0,2,0,1e-05,0.017511832968508147,0.004627544226844804,6,8,0.04907222054454471,0.9735869538476717,0.9878276028518655,1.3053428204739033,0.10531804628887566,0.08068228869611438,0.009754556051911405,2.2204460492503128e-11,439306150.0055283,True,1.104543152086257e-06,3.0122954587259985e-06,1,0.03249697642315113,0.001984813851825621,0.0610768776141162,False,7.7171710230909705
fd_eps,H1e-5,1e-05,coarse,2.36,10.59095145243378,cpp,64,4.0,2,0,1e-05,0.01577361624645809,0.0035731731283632777,6,8,0.17360365047298826,0.9738490545234434,0.7215639233402533,1.3053428204739033,0.08724773732789415,0.06683894526360436,0.007945226633458858,2.2204460492503128e-11,357821197.0581946,True,7.951286348558269e-07,2.78467519443763e-06,1,0.03440444903208342,0.001650430404123452,0.04797142377093046,True,7.52932626703542
fd_eps,H1e-5,1e-05,coarse,2.385,10.859062664920515,cpp,64,4.0,2,0,1e-05,0.014359780671363837,0.0067716943967738195,18,9,0.002224865217747402,0.9782139102833145,0.13347627698353043,1.3053428204739033,0.07261890765091127,0.05563205811676893,0.006517132419600228,2.2204460492503128e-11,293505551.3643577,True,2.290082183038475e-06,2.261058054807476e-06,1,0.03608491447728528,0.0013608844803062736,0.03771339076230658,True,7.341052146218285
fd_eps,H1e-5,1e-05,coarse,2.41,11.133961145065307,cpp,64,4.0,2,0,1e-05,0.01320002247268174,0.006928193888315561,6,7,0.053917224926328534,0.9650950531478385,0.6565675276186027,1.3053428204739033,0.060725402068993434,0.04652065428064878,0.005380935161302045,2.2204460492503128e-11,242335775.87344694,True,2.269117212632934e-06,1.999134549329231e-06,2,0.037557393453509086,0.0011163977941820022,0.029725113793212243,True,7.154529115017694
fd_eps,H1e-5,1e-05,coarse,2.435,11.41581871336694,cpp,64,4.0,2,0,1e-05,0.012243141402244587,0.006223554031611427,12,7,0.020686372730075623,0.97131734916393,0.6973952866196016,1.3053428204739033,0.05101074939991134,0.03907843104495105,0.0044698933406777455,2.2204460492503128e-11,201306099.83462158,True,2.1094623272232907e-06,1.968985122512235e-06,1,0.038843716031213116,0.000913060054421209,0.0235059913857756,True,6.973028517940745
fd_eps,H1e-5,1e-05,coarse,2.46,11.704811539980854,cpp,64,4.0,2,0,1e-05,0.01145007729494062,0.005255986314561519,12,7,0.06128266402389002,0.9869261895145408,0.7566652505110691,1.3053428204739033,0.04303676541187609,0.03296970323569991,0.0037339131191236902,2.2204460492503128e-11,168160497.3191926,True,2.2240801020529853e-06,1.8962286520093164e-06,2,0.03996571374049519,0.0007455129480482401,0.01865381293798465,True,6.79926492410371
fd_eps,H1e-5,1e-05,coarse,2.485,12.001120254831195,cpp,64,4.0,2,0,1e-05,0.01079022288498628,0.0042871675433076226,12,7,0.05665254360846789,0.9941440789464134,0.25468151193818594,1.3053428204739033,0.036458626320784275,0.027930307463251692,0.0031351459100462404,2.2204460492503128e-11,141194419.52236384,True,2.1609734419650736e-06,2.0005108200984663e-06,1,0.04094384382726847,0.0006082464295914433,0.014855625968032662,True,6.635066710199935
fd_eps,H1e-5,1e-05,coarse,2.51,12.30493006051041,cpp,64,4.0,2,0,1e-05,0.010239226314508488,0.0032733780521343584,12,7,0.11468170097767716,0.9933352354680941,0.3452223438415042,1.3053428204739033,0.03100477933771888,0.023752211948783408,0.0026447780335685706,2.2204460492503128e-11,119110213.6645709,True,5.993223263085648e-07,1.9882534600425827e-06,1,0.04179661090835848,0.0004961760573997087,0.011871203109926873,True,6.4814690967315425
fd_eps,H1e-5,1e-05,coarse,2.535,12.616430848036902,cpp,64,4.0,2,0,1e-05,0.00977754051442429,0.0015107120646636943,15,7,0.07987437151252001,0.985383737029998,0.9839977510679361,1.3053428204739033,0.026460916258106794,0.020271238974984507,0.002240699653704601,2.2204460492503128e-11,100912141.25473242,True,1.6455565723150998e-06,1.603260514224897e-06,2,0.0425404153381702,0.00040485644439433414,0.00951698381823435,True,6.338903146107093
fd_eps,H1e-5,1e-05,coarse,2.56,12.935817315543076,cpp,64,4.0,2,0,1e-05,0.009389388769288966,0.0011382406272276288,4,6,0.08947508640232335,0.9956903805890888,0.5686543699416987,1.3053428204739033,0.022657352920103464,0.017357396512800934,0.0019058098567008284,2.2204460492503128e-11,85830045.60476871,True,1.8347228913982136e-06,1.7879072779761757e-06,1,0.04318961793575057,0.0003305172922881735,0.007652702387408365,True,6.207374186083536
fd_eps,H1e-5,1e-05,coarse,2.585,13.263289089968042,cpp,64,4.0,2,0,1e-05,0.009061988203564977,0.0023435741841066225,4,6,0.08387169844357269,0.9926044957995817,0.37551260029533723,1.3053428204739033,0.019459188211079646,0.014907339210717848,0.0016267787005351184,2.2204460492503128e-11,73263599.4954422,True,1.8289500473088711e-06,1.8146238483688368e-06,2,0.043756704490432966,0.00027001880490364635,0.006170912733217459,True,6.086602854627017
fd_eps,H1e-5,1e-05,coarse,2.61,13.599050851830924,cpp,64,4.0,2,0,1e-05,0.0087849487267864,0.0030292664242236194,4,6,0.09918856019259216,0.995025241928976,0.2674133259764809,1.3053428204739033,0.016758676731384117,0.012838525227648548,0.0013931373853212474,2.2204460492503128e-11,62741330.09408677,True,1.3815608591618223e-06,1.2940512664058258e-06,1,0.04425248708881985,0.00022077582353826518,0.004989003738821337,True,5.976128886146458
fd_eps,H1e-5,1e-05,coarse,2.635,13.94331246316286,cpp,64,4.0,2,0,1e-05,0.0085497999394827,0.003506017996664281,4,6,0.09376342163423948,0.9993926023931077,0.27726576297978006,1.3053428204739033,0.01446933411417613,0.011084700422930319,0.0011966047954023204,2.2204460492503128e-11,53890289.10683639,True,1.208651652281779e-06,1.789500673103397e-06,2,0.04468630950324292,0.00018067503461692504,0.004043185410149239,True,5.875384669935514
fd_eps,H1e-5,1e-05,coarse,2.66,14.296289098677603,cpp,64,4.0,2,0,1e-05,0.00834961558931682,0.003864106619958887,4,6,0.15253949336719255,0.9917881641266395,0.9750884081931279,1.3053428204739033,0.01252138350602717,0.00959240998581606,0.0010305852447601304,2.2204460492503128e-11,46413433.24275255,True,1.4097901371993468e-06,1.1524171289260984e-06,1,0.04506624065023859,0.00014799654169969913,0.003283977974739626,True,5.7837463188264495
fd_eps,H1e-5,1e-05,coarse,2.685,14.658201380262703,cpp,64,4.0,2,0,1e-05,0.008178714261899407,0.004144243929919538,4,6,0.20483318212599308,0.9957566856419471,0.8874016795701988,1.3053428204739033,0.010858233612224112,0.008318300328401118,0.0008897910423427764,2.2204460492503128e-11,40072626.06732534,True,1.4237405776731309e-06,8.984707907580768e-07,2,0.04539924927860238,0.0001213443753129769,0.002672827794317054,True,5.700568510981746
fd_eps,H1e-5,1e-05,coarse,2.71,15.029275514875401,cpp,64,4.0,2,0,1e-05,0.00803242035867475,0.004369085010465284,4,6,0.08715133254565625,0.9957855736513623,0.9626375188049766,1.3053428204739033,0.009433747818577712,0.007227027008240487,0.0007699567177594384,2.2204460492503128e-11,34675767.87192817,True,1.5602787403208216e-06,1.394729271231697e-06,2,0.04569135790997557,9.958715593043112e-05,0.0021795621860625147,True,5.625207883506835
fd_eps,H1e-5,1e-05,coarse,2.735,15.409743435929318,cpp,64,4.0,2,0,1e-05,0.007906872986869078,0.004552788598760489,4,6,0.23986956677827842,0.9871327673663495,0.9299687607873239,1.3053428204739033,0.008210119635514155,0.006289627143721126,0.0006676210578250903,2.2204460492503128e-11,30066979.472457733,True,9.538571025823518e-07,8.221691351049976e-07,1,0.045947776524769765,8.18085374160096e-05,0.0017804678181088443,True,5.557038323863026
fd_eps,H1e-5,1e-05,coarse,2.76,15.799842948260395,cpp,64,4.0,2,0,1e-05,0.007798872979216699,0.004704876037363772,4,6,0.4027543622233617,0.9850190428853989,0.9771692753656123,1.3053428204739033,0.007156213341212326,0.005482248210178435,0.0005799596852425574,2.2204460492503128e-11,26119062.223482918,True,8.292886804117781e-07,1.4062200110782451e-06,1,0.04617301763570076,6.726639000082396e-05,0.001456833307529242,True,5.495460686733346
fd_eps,H1e-5,1e-05,coarse,2.785,16.19981787676266,cpp,64,4.0,2,0,1e-05,0.0077057602430997095,0.00483208089478586,3,6,0.33288151760943796,0.9886433194652754,0.5518863930981504,1.3053428204739033,0.0062462623681694834,0.0047851508969128775,0.0005046555846638964,2.2204460492503128e-11,22727667.03042764,True,7.470194188518187e-07,5.021661496804656e-07,1,0.046370994826328754,5.535947919221912e-05,0.0011938385061514107,True,5.439908573861878
fd_eps,H1e-5,1e-05,coarse,2.81,16.6099182187867,cpp,64,4.0,2,0,1e-05,0.0076253152537896305,0.0049393436738059925,3,6,0.28935455024180007,0.977764259996109,0.7483358574030091,1.3053428204739033,0.005458843637342827,0.0041819233627538544,0.00043979832292209036,2.2204460492503128e-11,19806755.632300954,True,1.8940060500631132e-06,1.3035170227858342e-06,1,0.0465451068933804,4.5600418571953875e-05,0.0009797038102503342,True,5.38985137901521
fd_eps,H1e-5,1e-05,coarse,2.835,17.03040030039619,cpp,64,4.0,2,0,1e-05,0.007555679746211426,0.0050303926542377975,4,6,0.17359408363891463,0.9831135007896443,0.22159171048027346,1.3053428204739033,0.004776065507053911,0.003658859138107464,0.0003838051155594974,2.2204460492503128e-11,17285045.754166428,True,8.941777702684176e-07,9.361174973504799e-07,1,0.046698309609165475,3.759379362330572e-05,0.0008050354271480351,True,5.344795496622544
fd_eps,H1e-5,1e-05,coarse,2.86,17.46152693657999,cpp,64,4.0,2,0,1e-05,0.007495292701530409,0.005108104604868025,4,6,0.2340477099055546,0.9815621192949571,0.9884115042357046,1.3053428204739033,0.004182921761116664,0.003204462226710726,0.00033535863737259953,2.2204460492503128e-11,15103210.343067167,True,1.1055361346249626e-06,8.895340268597745e-07,1,0.04683317691838024,3.101850564731639e-05,0.0006623190585890578,True,5.304284144227313
fd_eps,H1e-5,1e-05,coarse,2.885,17.90356759552007,cpp,64,4.0,2,0,1e-05,0.007442838526092136,0.0051747397231488535,4,6,0.26788007097524713,0.983311112487897,0.8693770368981276,1.3053428204739033,0.003666775171068515,0.0028090514718097552,0.00029335774317479466,2.2204460492503128e-11,13211658.22848255,True,6.010073907471109e-07,1.4279071900004917e-06,1,0.04695195315789586,2.5613537707747892e-05,0.0005455265646055555,True,5.267896498833961
fd_eps,H1e-5,1e-05,coarse,2.91,18.356798567017925,cpp,64,4.0,2,0,1e-05,0.0073972049697847075,0.00523210058433356,4,6,0.42063102448931505,0.9915831714337711,0.8889804575182654,1.3053428204739033,0.0032169426516714204,0.00246444275114143,0.0002568782081860112,2.2204460492503128e-11,11568766.02666121,True,8.581599707667808e-07,1.0376234685884364e-06,1,0.047056597667380747,2.1166484124417838e-05,0.00044980906341833283,True,5.235246174105353
fd_eps,H1e-5,1e-05,coarse,2.935,18.821503135184646,cpp,64,4.0,2,0,1e-05,0.007357448842542138,0.0052816430522169494,4,6,0.11501047265745061,0.9930238241354076,0.99639962440098,1.3053428204739033,0.0028243604194826207,0.0021636924608488977,0.0002251412842451537,2.2204460492503128e-11,10139462.038321892,True,1.2084678224538042e-06,4.66258703698123e-07,1,0.047148822956188184,1.7504306133026088e-05,0.0003712564818275847,True,5.2059793066604785
fd_eps,H1e-5,1e-05,coarse,2.96,19.297971755502758,cpp,64,4.0,2,0,1e-05,0.007322767987664902,0.005324555701034288,4,6,0.5657694650078698,0.9930305543158986,0.966010410641025,1.3053428204739033,0.002481312421493314,0.0019008894694747516,0.00019748838980974563,2.2204460492503128e-11,8894086.387571698,True,9.172654570877313e-07,4.3820218678108284e-07,1,0.04723012741301793,1.4485878299348897e-05,0.0003067084315202628,True,5.1797726547617735
fd_eps,H1e-5,1e-05,coarse,2.985,19.786502236370332,cpp,64,4.0,2,0,1e-05,0.007292478296779133,0.005361817940630913,4,6,0.0699644014861915,0.9901819229264615,0.984013338411296,1.3053428204739033,0.002181209055626537,0.001670985599656228,0.00017336063737436613,2.2204460492503128e-11,7807469.018799071,True,8.135849302625061e-07,8.135849302625061e-07,1,0.04730182339017039,1.1995974530889591e-05,0.000253604907192276,True,5.156331467234915
fd_eps,H1e-5,1e-05,coarse,3.01,20.287399925240926,cpp,64,4.0,2,0,1e-05,0.00726599479200409,0.005393741538551753,21,6,0.3861396633500323,0.9881825501745035,0.9996800015768982,1.3053428204739033,0.0019184060367138836,0.0014696568645602298,0.000152282195611813,2.2204460492503128e-11,6858180.39412522,True,9.262220669085611e-07,6.601038863585581e-07,2,0.047365061362338645,9.94041131690731e-06,0.00020986801306693172,True,5.135387348107682
fd_eps,H1e-5,1e-05,coarse,3.035,20.800977899475697,cpp,64,4.0,2,0,1e-05,0.007242816004523116,0.005362316690848782,21,6,0.5203727868325859,0.9928082220005264,0.9715471826993697,1.3053428204739033,0.0016880554502396604,0.0012931893627965208,0.0001338467063345987,2.2204460492503128e-11,6027919.7677326705,True,7.387995372734348e-07,2.3418212202616436e-07,2,0.047420850748481416,8.24212152582032e-06,0.0001738079641281902,True,5.116696269119558
fd_eps,H1e-5,1e-05,coarse,3.06,21.327557162026903,cpp,64,4.0,2,0,1e-05,0.007222511029580461,0.005334661991836501,21,6,0.6364944326299525,0.9948522822690532,0.9998956736862044,1.3053428204739033,0.0014859827384765155,0.0011383850396764208,0.00011770614650689623,2.2204460492503128e-11,5301013.57547675,True,5.327930462314235e-07,-2.1721704600213528e-12,0,0.04747007789173178,6.83797696451404e-06,0.00014404815134514583,True,5.100036606936875
fd_eps,H1e-5,1e-05,coarse,3.085,21.867466842075256,cpp,64,4.0,2,0,1e-05,0.007204708768318233,0.005310315949157962,21,6,0.7265272244377096,0.9929739140247129,0.9932044162579082,1.3053428204739033,0.001308584670299063,0.0010024835236953178,0.00010356165546767377,2.2204460492503128e-11,4664002.329740874,True,1.1452263647183525e-06,3.185454879582683e-07,2,0.04751352161395963,5.676213926013963e-06,0.0001194652329105884,True,5.085207253005987
fd_eps,H1e-5,1e-05,coarse,3.11,22.421044400746343,cpp,64,4.0,2,0,1e-05,0.007189088952286102,0.005288875380898376,21,6,0.3937891333804058,0.9920811478294497,0.9339704521986065,1.3053428204739033,0.0011527443643151044,0.000883097027259553,9.115594967139079e-05,2.2204460492503128e-11,4105299.009726793,True,6.016063205271207e-07,6.016063205271207e-07,1,0.047551866696132386,4.714344813786715e-06,9.91411093051822e-05,True,5.072025824627078
fd_eps,H1e-5,1e-05,coarse,3.135,22.988635842034803,cpp,64,4.0,2,0,1e-05,0.007175374634110434,0.005269987701129917,13,6,0.3553257981326551,0.9974827724984399,0.9931671300113508,1.3053428204739033,0.0010157602264739157,0.0007781559070475793,8.026702503201827e-05,2.2204460492503128e-11,3614905.4402433583,True,2.8723809425457193e-07,-1.0121611882056232e-11,0,0.04758571558095404,3.917462030309953e-06,8.232432742648297e-05,True,5.060327177943445
fd_eps,H1e-5,1e-05,coarse,3.16,23.570595929068126,cpp,64,4.0,2,0,1e-05,0.0071633258859719025,0.005253344288846833,21,6,0.2085077205400732,0.9957831997281272,0.9890522159861578,1.3053428204739033,0.0008952863028339096,0.0006858629693224013,7.070290694972553e-05,2.2204460492503128e-11,3184175.853927948,True,5.404210425506946e-07,9.445143571564947e-12,0,0.04761559854859776,3.2568587893121892e-06,6.839898874710462e-05,True,5.049961766661568
fd_eps,H1e-5,1e-05,coarse,3.185,24.167288405845095,cpp,64,4.0,2,0,1e-05,0.007152734492467084,0.005238674778961938,21,6,0.6319890872882107,0.9934961360734679,0.9945385664322612,1.3053428204739033,0.0007892820256420703,0.0006046549712936884,6.229725853262757e-05,2.2204460492503128e-11,2805619.1031374503,True,1.0392722701125166e-06,2.5427423971314063e-07,1,0.04764198257817788,2.708906293292356e-06,5.68596466120441e-05,True,5.040794185199114
fd_eps,H1e-5,1e-05,coarse,3.21,24.779086224587694,cpp,64,4.0,2,0,1e-05,0.007143419469782829,0.00522574213574564,21,6,0.4727205406722183,0.9921562384546662,0.9980704929721345,1.3053428204739033,0.0006959697164251514,0.0005331700649891194,5.490569214918521e-05,2.2204460492503128e-11,2472732.547035897,True,1.1293707750375893e-06,1.2452686445823233e-07,1,0.04766527907565106,2.2541385441407724e-06,4.729099646229194e-05,True,5.032702216826713
fd_eps,H1e-5,1e-05,coarse,3.235,25.406371778848346,cpp,64,4.0,2,0,1e-05,0.007135223271045576,0.005214338395700042,21,6,0.8787037908934527,0.9962009262616087,0.9736147658907685,1.3053428204739033,0.0006137985438949715,0.0004702201860444084,4.84026616865609e-05,2.2204460492503128e-11,2179862.0913533587,True,1.040067231095947e-06,1.3484208758770095e-07,2,0.04768585062204977,1.8765055283425866e-06,3.935141145358739e-05,True,5.025575144034375
fd_eps,H1e-5,1e-05,coarse,3.26,26.049537142518336,cpp,64,4.0,2,0,1e-05,0.007128008562688803,0.005204280981549341,13,6,0.03737329583563116,0.9963485622895394,0.9778933267226172,1.3053428204739033,0.0005414138410290403,0.00041476754806256996,4.267883459797576e-05,2.2204460492503128e-11,1922083.8359205069,True,1.2499273328954328e-06,1.8333008753578226e-07,2,0.04770401687343544,1.562763109174444e-06,3.2759570610597525e-05,True,5.0193131118059044
fd_eps,H1e-5,1e-05,coarse,3.285,26.708984314886784,cpp,64,4.0,2,0,1e-05,0.00712165548033398,0.005195409506736333,13,6,0.07680202035754746,0.9938410446199533,0.993402333052867,1.3053428204739033,0.0004776309171753233,0.0003659045805315112,3.763886286919105e-05,2.2204460492503128e-11,1695103.6879233804,True,1.1316145669743854e-06,3.457998296756909e-07,2,0.04772005972501479,1.3019740515955808e-06,2.728357967484034e-05,True,5.013825906839201
fd_eps,H1e-5,1e-05,coarse,3.31,27.38512547190322,cpp,64,4.0,2,0,1e-05,0.007116059284320584,0.005187582999708663,13,6,0.5560794185391399,0.9957409677124791,0.9997131266853494,1.3053428204739033,0.00042141263767098884,0.0003228367529673128,3.3199486667009255e-05,2.2204460492503128e-11,1495171.9578243466,True,1.1387312207277044e-06,1.9990253841471589e-07,1,0.04773422783585962,1.0850994996472456e-06,2.2732105427126673e-05,True,5.00903215159694
fd_eps,H1e-5,1e-05,coarse,3.335,28.07838322380105,cpp,64,4.0,2,0,1e-05,0.007111128354337052,0.0051806774916119775,13,6,0.4457619279614195,0.9973767738009889,0.9735234582756538,1.3053428204739033,0.0003718501803245185,0.0002848678327962295,2.9287915548144557e-05,2.2204460492503128e-11,1319010.455490824,True,1.2146845131465077e-06,1.1905791833275936e-07,2,0.04774674059714371,9.046641600850863e-07,1.894713961143569e-05,True,5.004858342376765
fd_eps,H1e-5,1e-05,coarse,3.36,28.789190879242675,cpp,64,4.0,2,0,1e-05,0.00710678246727044,0.005174583914713133,21,6,0.5736584715690852,0.9964671870157081,0.993457941220823,1.3053428204739033,0.00032814647304154373,0.0002513871972133807,2.5840443810495963e-05,2.2204460492503128e-11,1163750.1311603787,True,1.1527551858229482e-06,1.7866874586404317e-07,2,0.04775779161533084,7.544816199579837e-07,1.579808434265595e-05,True,5.00123836931862
fd_eps,H1e-5,1e-05,coarse,3.385,29.517992716151486,cpp,64,4.0,2,0,1e-05,0.0071029513175800444,0.0051692062713938275,13,6,0.6837245220127041,0.9981468029031126,0.9999950041634506,1.3053428204739033,0.00028960191126338003,0.0002218588915655432,2.2801262070668962e-05,2.2204460492503128e-11,1026877.5536504178,True,1.0988058580879231e-06,6.864759627768861e-11,0,0.04776755177199284,6.294287766160781e-07,1.3176910962917005e-05,True,4.998112507957807
fd_eps,H1e-5,1e-05,coarse,3.41,30.265244259400085,cpp,64,4.0,2,0,1e-05,0.00709957324075001,0.005164460035176044,21,6,0.2900579426146379,0.9978320389444831,0.9999579126055348,1.3053428204739033,0.00025560200985675865,0.00019581216968272183,2.012143535908435e-05,2.2204460492503128e-11,906188.8878533181,True,1.2654473312194546e-06,2.3169534473490377e-07,2,0.047776171913613594,5.252604252710142e-07,1.0994192381523638e-05,True,4.995426975773281
fd_eps,H1e-5,1e-05,coarse,3.435,31.031412565528075,cpp,64,4.0,2,0,1e-05,0.00709659411135633,0.005160270754477949,13,6,0.2853682873306991,0.9981798279258357,0.9895426385947172,1.3053428204739033,0.0002256067063665473,0.00017283329928963876,1.775802201409018e-05,2.2204460492503128e-11,799750.2132549362,True,1.212795607426789e-06,3.6788273740017586e-10,0,0.047783785217630985,4.3845671808745565e-07,9.17584733169436e-06,True,4.993133591107008
fd_eps,H1e-5,1e-05,coarse,3.46,31.81697651466769,cpp,64,4.0,2,0,1e-05,0.007093966390143846,0.005156572831170614,21,6,0.7287229441142632,0.9988438984861994,0.998477655255798,1.3053428204739033,0.00019914108243297403,0.00015255845384791412,1.5673312452254832e-05,2.2204460492503128e-11,705863.2411963623,True,1.2175933069569525e-06,9.357330581739282e-08,2,0.04779050927487807,3.6609755505654755e-07,7.660465657539944e-06,True,4.991188620051804
fd_eps,H1e-5,1e-05,coarse,3.485,32.62242710985942,cpp,64,4.0,2,0,1e-05,0.007091648296782113,0.0051533084517189015,21,4,0.023014252042820853,0.9986875957392585,0.9864546536661523,1.3053428204739033,0.00017578729352482,0.00013466753006769565,1.38341701449605e-05,2.2204460492503128e-11,623035.6350982416,True,1.2092510805861193e-06,9.805385537770307e-11,0,0.04779644792335605,3.0575906771672504e-07,6.397108592818962e-06,True,4.9895530343906715
fd_eps,H1e-5,1e-05,coarse,3.51,33.44826778394491,cpp,64,4.0,2,0,1e-05,0.007089603092593411,0.005150426650073995,13,4,0.04910587172481318,0.998829262360778,0.9990437365532985,1.3053428204739033,0.00015517754519341664,0.00011887876714032839,1.2211460128698762e-05,2.2204460492503128e-11,549955.2728525742,True,1.3265598096011657e-06,1.8692823481208214e-07,2,0.04780169286377019,2.5542823776566417e-07,5.343497739580225e-06,True,4.988191614946899
fd_eps,H1e-5,1e-05,coarse,3.535,34.295014714228856,cpp,64,4.0,2,0,1e-05,0.007087798455960307,0.005147882486914767,21,4,0.7025792222974889,0.9986990370213451,0.9998699980211528,1.3053428204739033,0.00013698796751928274,0.00010494405406048766,1.0779552256825925e-05,2.2204460492503128e-11,485467.87527062034,True,1.1929273026157402e-06,1.882642846222194e-09,0,0.04780632508338346,2.1343242166698272e-07,4.464522660855345e-06,True,4.9870728241927775
fd_eps,H1e-5,1e-05,coarse,3.56,35.163197145106615,cpp,64,4.0,2,0,1e-05,0.007086205939119032,0.0051456363285540836,21,4,0.7307584933534162,0.9989620569626632,0.9942355809877328,1.3053428204739033,0.0001209332676329192,9.264483301713378e-05,9.51588910619124e-06,2.2204460492503128e-11,428557.54632741836,True,1.3356303909642419e-06,8.048842317561257e-08,1,0.0478104161113774,1.7838113324868413e-07,3.7310098459116933e-06,True,4.986168293992812
fd_eps,H1e-5,1e-05,coarse,3.585,36.05335771885924,cpp,64,4.0,2,0,1e-05,0.007084800493532672,0.005143653214548307,21,4,0.59118178634104,0.9990021539810922,0.9996728752048031,1.3053428204739033,0.00010676205487407664,8.178851808087992e-05,8.40060921980563e-06,2.2204460492503128e-11,378329.8055200179,True,1.3445702770499958e-06,9.145964046159012e-08,2,0.047814029126018516,1.4911791910195264e-07,3.118706409554775e-06,True,4.985452573634487
fd_eps,H1e-5,1e-05,coarse,3.61,36.966052814822504,cpp,64,4.0,2,0,1e-05,0.00708356005630408,0.00514190230160433,13,4,0.7429335224018057,0.9994719705606329,0.9810437117473795,1.3053428204739033,9.425274977738677e-05,7.220536115038991e-05,7.41621840421559e-06,2.2204460492503128e-11,333996.7844172355,True,1.1896455779794365e-06,8.11647075151315e-11,0,0.047817219931389494,1.2468054920262593e-07,2.607440361056618e-06,True,4.984902827779626
fd_eps,H1e-5,1e-05,coarse,3.635,37.901852897142135,cpp,64,4.0,2,0,1e-05,0.007082465187694118,0.005140356374886458,21,4,0.5513467157572017,0.99950013879502,0.9992870434971339,1.3053428204739033,8.320999985498095e-05,6.374570614696579e-05,6.547302482343655e-06,2.2204460492503128e-11,294864.2901976481,True,1.2915443208058787e-06,5.421124902594953e-08,2,0.047820037819269655,1.042680642132568e-07,2.1804262181332014e-06,True,4.984498803595458
fd_eps,H1e-5,1e-05,coarse,3.66,38.86134287133247,cpp,64,4.0,2,0,1e-05,0.007081498754966754,0.005138991418137706,13,4,0.05784809023073621,0.9986400674296072,0.9867865630797424,1.3053428204739033,7.346153826482524e-05,5.627758249603358e-05,5.780275952933166e-06,2.2204460492503128e-11,260320.4862772845,True,1.2750829580726726e-06,1.0368248879029567e-09,0,0.04782252632982688,8.721348113845492e-08,1.8236903783993513e-06,True,4.984222033124273
fd_eps,H1e-5,1e-05,coarse,3.685,39.8451224498614,cpp,64,4.0,2,0,1e-05,0.0070806456542992875,0.005137786235539059,21,4,0.4609181661088203,0.9990111376811628,0.9989442533709787,1.3053428204739033,6.48554258310845e-05,4.968459228782428e-05,5.103161899767072e-06,2.2204460492503128e-11,229825.980302023,True,1.359615101885479e-06,7.308465868812955e-08,2,0.04782472392312674,7.296117282707173e-08,1.5255952746188188e-06,True,4.9840562270356905
fd_eps,H1e-5,1e-05,coarse,3.71,40.85380652699027,cpp,64,4.0,2,0,1e-05,0.0070798925679698,0.0051367221186203954,21,4,0.27024013923543894,0.9992085030175244,0.9969396869817174,1.3053428204739033,5.725762960377421e-05,4.386405525483864e-05,4.50539918586722e-06,2.2204460492503128e-11,202905.14094626953,True,1.387139507140512e-06,1.0622559121164102e-07,1,0.0478266645720097,6.10481086311373e-08,1.2764450370403914e-06,True,4.983986916896072
fd_eps,H1e-5,1e-05,coarse,3.735,41.888025563102715,cpp,64,4.0,2,0,1e-05,0.007079227750577208,0.005135782553005448,13,4,0.6858588091118306,0.9993286799544872,0.9983325514105238,1.3053428204739033,5.054989532231318e-05,3.8725378903881435e-05,3.977673145544105e-06,2.2204460492503128e-11,179138.47296074062,True,1.350680619997116e-06,8.415646883221656e-10,0,0.04782837828561119,5.1088289509382986e-08,1.0681585146856739e-06,True,4.984001082160076
fd_eps,H1e-5,1e-05,coarse,3.76,42.94842597876301,cpp,64,4.0,2,0,1e-05,0.007078640841789146,0.005134952960107213,13,4,0.3013951440319125,0.9992477412989524,0.9851206677693902,1.3053428204739033,4.462787667273212e-05,3.418862537316444e-05,3.5117670060854728e-06,2.2204460492503128e-11,158155.9258001854,True,1.3597885620244063e-06,8.698043206220852e-08,2,0.04782989157169674,4.275982710039041e-08,8.939979936248375e-07,True,4.9840869364995815
fd_eps,H1e-5,1e-05,coarse,3.785,44.03567055874993,cpp,64,4.0,2,0,1e-05,0.007078122701498971,0.005134220469451613,13,4,0.13179545608804993,0.9994504766744154,0.9999891652550681,1.3053428204739033,3.939948898871268e-05,3.0183250231850007e-05,3.100431413842019e-06,2.2204460492503128e-11,139631.017600667,True,1.3772822295762083e-06,9.388042143313109e-08,2,0.04783122784499734,3.579421099310246e-08,7.483439712042886e-07,True,4.9842341954593845
fd_eps,H1e-5,1e-05,coarse,3.81,45.15043886631872,cpp,64,4.0,2,0,1e-05,0.007077665265114305,0.00513357371788758,21,4,0.193592459152555,0.9992125146522571,0.9959176222117035,1.3053428204739033,3.4783460480779425e-05,2.6646992602411776e-05,2.737269587222694e-06,2.2204460492503128e-11,123275.66293028719,True,1.318285396178056e-06,4.2897466956014416e-10,0,0.047832407787883904,2.996738969245379e-08,6.265080743028082e-07,True,4.984433845152497
fd_eps,H1e-5,1e-05,coarse,3.835,46.29342766795043,cpp,64,4.0,2,0,1e-05,0.007077261416187747,0.005133002672683192,21,4,0.007456967931532548,0.9996372548039116,0.9965029421827639,1.3053428204739033,3.070805686827384e-05,2.35248981237935e-05,2.4166364573823217e-06,2.2204460492503128e-11,108835.63048956981,True,1.395465349984857e-06,3.622416922853837e-08,1,0.04783344966896351,2.5092356301595016e-08,5.24577601558101e-07,True,4.984677655728548
fd_eps,H1e-5,1e-05,coarse,3.86,47.46535136885352,cpp,64,4.0,2,0,1e-05,0.007076904874277008,0.00513249847549414,21,4,0.40315722964624623,0.9994720965533102,0.9993168231650793,1.3053428204739033,2.710995782229342e-05,2.0768458214257602e-05,2.133549812213674e-06,2.2204460492503128e-11,96086.54139261895,True,1.4114507293978946e-06,1.2343845676489284e-08,1,0.047834369624521755,2.101298068568494e-08,4.3928624649237295e-07,True,4.9849580463041585
fd_eps,H1e-5,1e-05,coarse,3.885,48.66694245949041,cpp,64,4.0,2,0,1e-05,0.007076590096210027,0.005132053304521743,13,4,0.9481843600109231,0.9995346092808626,0.9969878637217341,1.3053428204739033,2.393326592240688e-05,1.833485085068912e-05,1.8836120211227047e-06,2.2204460492503128e-11,84830.34396438801,True,1.3665682850651443e-06,2.216930780611021e-09,0,0.04783518190715233,1.75988773699133e-08,3.6790656308305813e-07,True,4.985269477637883
fd_eps,H1e-5,1e-05,coarse,3.91,49.89895197340787,cpp,64,4.0,2,0,1e-05,0.007076312189322154,0.005131660253238752,21,4,0.8025953271968316,0.9996346086396762,0.9985178232795032,1.3053428204739033,2.1128635193077398e-05,1.6186272955794608e-05,1.6629412508184449e-06,2.2204460492503128e-11,74892.21597524975,True,1.3719463045904525e-06,1.2283989194609386e-09,0,0.047835899105408995,1.4741133728364844e-08,3.0816048206561263e-07,True,4.98560528739005
fd_eps,H1e-5,1e-05,coarse,3.935,51.16214995665737,cpp,64,4.0,2,0,1e-05,0.007076066834731278,0.005131313223097911,21,4,0.5197959588150455,0.9998129326409669,0.9999230094832731,1.3053428204739033,1.8652500533854853e-05,1.4289350078229321e-05,1.4681106622860474e-06,2.2204460492503128e-11,66117.82631610095,True,1.3205058417873739e-06,-2.3254686963690856e-10,0,0.047836532337858555,1.234875230511919e-08,2.5814480485129566e-07,True,4.985960984008128
fd_eps,H1e-5,1e-05,coarse,3.96,52.45732594909905,cpp,64,4.0,2,0,1e-05,0.007075850219819754,0.00513100682888944,21,4,0.012659551985972007,0.999802902764924,0.9993639460952135,1.3053428204739033,1.6466399446114008e-05,1.2614616779472461e-05,1.2960949812185134e-06,2.2204460492503128e-11,58370.92874452468,True,1.427921740998327e-06,3.029450443774886e-08,1,0.047837091424522464,1.0345686096466711e-08,2.1626912900401087e-07,True,4.986332262372542
fd_eps,H1e-5,1e-05,coarse,3.985,53.785289477889734,cpp,64,4.0,2,0,1e-05,0.007075658978841897,0.00513073631541572,13,4,0.04046585902210093,0.9996876423360166,0.9975735674374587,1.3053428204739033,1.4536373606701617e-05,1.1136058190004218e-05,1.1442233084343628e-06,2.2204460492503128e-11,51531.23665493633,True,1.3888599051690795e-06,3.348324295275575e-11,0,0.04783758503834134,8.66836951195074e-09,1.8120416206217623e-07,True,4.986714979783516
fd_eps,H1e-5,1e-05,coarse,4.01,55.1468705634638,cpp,64,4.0,2,0,1e-05,0.007075490140330144,0.00513049748361271,13,4,0.7002279955529688,0.9998146804356594,0.9995874377465324,1.3053428204739033,1.2832440513973413e-05,9.830705246698803e-06,1.0101375113556203e-06,2.2204460492503128e-11,45492.54919734132,True,1.4194873196797338e-06,3.260889890672786e-08,2,0.04783802083899222,7.263658188497876e-09,1.518386016207709e-07,True,4.987106122598155
fd_eps,H1e-5,1e-05,coarse,4.035,56.542920238322985,cpp,64,4.0,2,0,1e-05,0.007075341080937368,0.005130286625572194,13,4,0.40982993437360987,0.999864665865219,0.9989587744508494,1.3053428204739033,1.1328127816353542e-05,8.67827795018697e-06,8.917555447409886e-07,2.2204460492503128e-11,40161.09939001091,True,1.4609521353577177e-06,4.535134005164538e-08,1,0.04783840559111145,6.087112539656729e-09,1.2724321524603103e-07,True,4.987502390190235
fd_eps,H1e-5,1e-05,coarse,4.06,57.97431107895927,cpp,64,4.0,2,0,1e-05,0.007075209484475101,0.005130100467106373,21,4,0.1412360518635416,0.9998597707005867,0.9994269345235185,1.3053428204739033,1.0000061886097728e-05,7.660870178507756e-06,7.87239111745563e-07,2.2204460492503128e-11,35454.09770308798,True,1.4578483493443998e-06,5.623131175602753e-08,1,0.04783874526874233,5.101564189005605e-09,1.0664084436886244e-07,True,4.987901541053692
fd_eps,H1e-5,1e-05,coarse,4.085,59.44193775124387,cpp,64,4.0,2,0,1e-05,0.007075093306030873,0.0051299361170048866,13,4,0.9253644214930093,0.9998562700092821,0.9995733499045446,1.3053428204739033,8.827605137154121e-06,6.762671842749531e-06,6.949650501963072e-07,2.2204460492503128e-11,31298.443410996075,True,1.3604037565516175e-06,6.666736334760362e-10,0,0.04783904514760927,4.275921564332958e-09,8.938141535098439e-08,True,4.988300906025519
fd_eps,H1e-5,1e-05,coarse,4.11,60.94671756962223,cpp,64,4.0,2,0,1e-05,0.007074990740078853,0.005129791022259503,21,4,0.3983125101618088,0.9998565523927173,0.9998967651407704,1.3053428204739033,7.792535424179254e-06,5.96972328031818e-06,6.13500183292147e-07,2.2204460492503128e-11,27629.591968662447,True,1.4065529252590193e-06,3.426995272265251e-09,0,0.04783930988663733,3.5841714831164543e-09,7.492105324281861e-08,True,4.988699214098938
fd_eps,H1e-5,1e-05,fine0,2.335,10.329459929369532,cpp,64,4.0,2,0,1e-05,0.017511832968508147,0.004627544226844804,6,8,1.0,1.0,1.0,1.3053428204739033,0.10531804628887566,0.08068228869611438,0.009754556051911405,2.2204460492503128e-11,439306150.0055283,True,1.104543152086257e-06,3.0122954587259985e-06,1,0.03249697642315113,0.001984813851825621,0.0610768776141162,False,
fd_eps,H1e-5,1e-05,fine0,2.3375,10.35531588567169,cpp,64,4.0,2,0,1e-05,0.01732081802165467,0.004620382164455457,6,8,0.03189018643622309,0.9994534721113575,0.9996531495426111,1.3053428204739033,0.10333229072439695,0.07916103655197819,0.009553334809235436,2.2204460492503128e-11,430243950.87018305,True,2.0562731002859426e-06,1.9467588484433175e-06,2,0.032698348191397296,0.0019495234637362906,0.05962146626872107,False,7.613946088487625
fd_eps,H1e-5,1e-05,fine0,2.34,10.381236562731843,cpp,64,4.0,2,0,1e-05,0.01713391425779542,0.004607283774928708,6,8,0.0032896339942980065,0.9824059772736145,0.9995481914924654,1.3053428204739033,0.10138873493154672,0.07767211290497439,0.009356955061262417,2.2204460492503128e-11,421399793.272239,True,1.0846918547413025e-06,2.179858360299177e-06,1,0.03289733285991423,0.0019146153188667064,0.058199712633837455,False,7.59517174415227
fd_eps,H1e-5,1e-05,fine0,2.3425,10.407222122554305,cpp,64,4.0,2,0,1e-05,0.016951004177769815,0.004586651290621479,6,8,0.023767165382273026,0.9944078934450225,0.9993970044824554,1.3053428204739033,0.0994864073615557,0.07621477346880973,0.009165285564514443,2.2204460492503128e-11,412767766.53091437,True,1.5424100200392254e-06,2.199121698213123e-06,2,0.033093937933359026,0.0018801029599521024,0.056811098266336554,False,7.576385693948829
fd_eps,H1e-5,1e-05,fine0,2.345,10.433272727548918,cpp,64,4.0,2,0,1e-05,0.016771975596600947,0.004556220186571102,6,8,0.02007151450630539,0.9729397043457535,0.9991713929615064,1.3053428204739033,0.0976243604344789,0.07478829231928244,0.008978198836136772,2.2204460492503128e-11,404342129.32883793,True,2.5246352171823197e-06,2.3310644348238716e-06,2,0.033288172337657566,0.0018459983485530653,0.05545508265903688,False,7.557587403987786
fd_eps,H1e-5,1e-05,fine0,2.3475,10.459388540532034,cpp,64,4.0,2,0,1e-05,0.016596721273174384,0.004512633554968035,6,8,0.17716319008300063,0.9988196356847557,0.9988196356847557,1.3053428204739033,0.09580166968998463,0.07339196124371676,0.008795571055048431,2.2204460492503128e-11,396117305.2602684,True,2.5248582492945784e-06,2.364361593115047e-06,1,0.033480046317928586,0.0018123119753098744,0.054131107170523246,False,7.538777260751217
fd_eps,H1e-5,1e-05,fine0,2.35,10.485569724727576,cpp,64,4.0,2,0,1e-05,0.016425138573653054,0.004450618543845132,6,8,0.14114853272837272,0.9932809530574113,0.9982394304247444,1.3053428204739033,0.09401743315886417,0.07202508925948758,0.008617281962575734,2.2204460492503128e-11,388087878.35602576,True,1.1380018813330543e-06,2.192732901095697e-06,1,0.03366957134183889,0.0017790529634232844,0.05283859854825582,False,7.51995581109643
fd_eps,H1e-5,1e-05,fine0,2.3525,10.51181644376803,cpp,64,4.0,2,0,1e-05,0.016257129171707102,0.0043612143352576346,6,8,0.1279016926232935,0.9970520934338836,0.9972068105083133,1.3053428204739033,0.09227077059001025,0.07068700202182247,0.008443214766745397,2.2204460492503128e-11,380248588.77323645,True,1.8833779564752464e-06,1.7811658260165952e-06,2,0.033856760008150626,0.0017462291657455982,0.05157697208253872,False,7.501124474887561
fd_eps,H1e-5,1e-05,fine0,2.355,10.538128861695476,cpp,64,4.0,2,0,1e-05,0.016092598758205012,0.004227332673641534,6,8,0.039809597869119445,0.9902884985889424,0.9951540319994524,1.3053428204739033,0.09056082285338755,0.06937704136642782,0.008273256045776604,2.2204460492503128e-11,372594328.44900227,True,1.9199776984204655e-06,2.355959168287661e-06,1,0.0340416259602261,0.001713847255842043,0.05034563442546738,False,7.482284932821336
fd_eps,H1e-5,1e-05,fine0,2.3575,10.564507142962611,cpp,64,4.0,2,0,1e-05,0.015931456789361018,0.004009591461072913,6,8,0.011232972312761517,0.9902558689878581,0.9902558689878581,1.3053428204739033,0.08888675132204416,0.06809456483605887,0.008107295654559714,2.2204460492503128e-11,365120136.88857573,True,1.268667181516872e-06,2.5592514109292162e-06,2,0.03422418380426944,0.0016819128133733281,0.04914398610620806,True,7.463439310644061
fd_eps,H1e-5,1e-05,fine0,2.36,10.59095145243378,cpp,64,4.0,2,0,1e-05,0.01577361624645809,0.0035731731283632777,6,8,0.05690024033572787,0.9935901750317088,0.9729350698768277,1.3053428204739033,0.08724773732789415,0.06683894526360436,0.007945226633458858,2.2204460492503128e-11,357821197.0581946,True,7.951286348558269e-07,2.78467519443763e-06,1,0.03440444903208342,0.001650430404123452,0.04797142377093046,True,7.4445899495770504
fd_eps,H1e-5,1e-05,fine0,2.3625,10.617461955386002,cpp,64,4.0,2,0,1e-05,0.015618993419182152,0.0029215743219673514,12,9,0.09854319121541044,0.9474680041077072,0.515595457191756,1.3053428204739033,0.08564298157076874,0.06560957031937109,0.0077869451157498324,2.2204460492503128e-11,350692831.21645457,True,1.8952622001611285e-06,1.5978099643641186e-06,1,0.03458243794813437,0.0016194036549873174,0.04682734217339006,True,7.425739704288153
fd_eps,H1e-5,1e-05,fine0,2.365,10.644038817510012,cpp,64,4.0,2,0,1e-05,0.015467507711428814,0.004198575205092476,12,9,0.030283913821420646,0.9572684889388914,0.9572684889591783,1.3053428204739033,0.08407170369151643,0.0644058421840435,0.007632350242002491,2.2204460492503128e-11,343730497.0584354,True,4.5803311616254187e-07,1.7517925048248286e-06,1,0.034758167600721056,0.001588835324212674,0.04571113593973561,True,7.406891273914806
fd_eps,H1e-5,1e-05,fine0,2.3675,10.670682204911275,cpp,64,4.0,2,0,1e-05,0.015319081452563136,0.004832833474868089,12,9,0.11599426601703576,0.9878648627096109,0.9895207079146741,1.3053428204739033,0.08253314171062018,0.06322717711861825,0.007481344071310377,2.2204460492503128e-11,336929783.7178389,True,1.8602946661568564e-06,1.7817429835826917e-06,1,0.034931655717053124,0.0015587273671761306,0.044622201129023,True,7.388047887174378
fd_eps,H1e-5,1e-05,fine0,2.37,10.697392284111054,cpp,64,4.0,2,0,1e-05,0.015173639731698803,0.005279953559419701,12,9,0.03336101165868714,0.9905192541434165,0.9942571348314158,1.3053428204739033,0.08102655159806117,0.062073005134884465,0.0073338314975401825,2.2204460492503128e-11,330286407.9951998,True,3.9289921099444794e-07,2.576431821007469e-06,1,0.03510292064204987,0.0015290809979591712,0.04355993660902055,True,7.369212765066647
fd_eps,H1e-5,1e-05,fine0,2.3725,10.724169222047431,cpp,64,4.0,2,0,1e-05,0.015031110246811266,0.005631478642639925,12,9,0.08378858764425064,0.995969806794913,0.9959698067987462,1.3053428204739033,0.07955120684136026,0.06094276966450796,0.007189720167096223,2.2204460492503128e-11,323796210.654327,True,1.8513433681435335e-07,2.377280153803048e-06,1,0.0352719812806795,0.0014998967469740554,0.04252374526507348,True,7.350389177492386
fd_eps,H1e-5,1e-05,fine0,2.375,10.751013186076355,cpp,64,4.0,2,0,1e-05,0.014891423146260682,0.005923605624943527,12,9,0.24989827504486253,0.9949693450538675,0.9967903973406739,1.3053428204739033,0.0781063979850994,0.05983592720626675,0.007048920397321478,2.2204460492503128e-11,317455152.74741304,True,2.4885911844080013e-06,2.470633821349096e-06,2,0.03543885704366245,0.00147117451487482,0.041513035058163957,True,7.331580643047268
fd_eps,H1e-5,1e-05,fine0,2.3775,10.777924343972689,cpp,64,4.0,2,0,1e-05,0.014754510913372997,0.006174718791214199,12,9,0.08269494001728839,0.9972338512415556,0.9972338512415556,1.3053428204739033,0.07669143224865664,0.058751947033204584,0.006911345098359922,2.2204460492503128e-11,311259312.09602654,True,6.325801931672808e-07,2.596150340099046e-06,2,0.03560356779637521,0.0014429136229803623,0.04052721994696455,True,7.312790596602108
fd_eps,H1e-5,1e-05,fine0,2.38,10.804902863931257,cpp,64,4.0,2,0,1e-05,0.014620308239377992,0.006395556609403296,6,9,0.028746885579649373,0.9913372873955346,0.9974786986989518,1.3053428204739033,0.07530563311517843,0.05769031087774996,0.006776909696002399,2.2204460492503128e-11,305204879.8163991,True,2.3141442273571366e-06,1.8952588998684713e-06,2,0.035766133810790385,0.001415112860416648,0.039565720687141155,True,7.294022579335739
fd_eps,H1e-5,1e-05,fine0,2.3825,10.831948914567898,cpp,64,4.0,2,0,1e-05,0.014488751903248425,0.006592987301440709,6,9,0.10799821958497337,0.9940424714424818,0.9975986597172614,1.3053428204739033,0.07394833996102793,0.05665051264784301,0.006645532058007509,2.2204460492503128e-11,299288157.0012131,True,1.1151618963922643e-06,2.2450336076383305e-06,1,0.03592657572030156,0.0013877705281799128,0.038627965520123445,True,7.27528007847982
fd_eps,H1e-5,1e-05,fine0,2.385,10.859062664920515,cpp,64,4.0,2,0,1e-05,0.014359780671363837,0.0067716943967738195,6,9,0.16088373348021978,0.9938054742644115,0.9976248980504465,1.3053428204739033,0.07261890765091127,0.05563205811676893,0.006517132419600228,2.2204460492503128e-11,293505551.3643577,True,2.290082183038475e-06,2.261058054807476e-06,1,0.03608491447728528,0.0013608844803062736,0.03771339076230658,True,7.256566756781516
fd_eps,H1e-5,1e-05,fine1,2.535,12.616430848036902,cpp,64,4.0,2,0,1e-05,0.00977754051442429,0.0015107120646636943,6,7,1.0,1.0,1.0,1.3053428204739033,0.026460916258106794,0.020271238974984507,0.002240699653704601,2.2204460492503128e-11,100912141.25473242,True,1.6455565723150998e-06,1.603260514224897e-06,2,0.0425404153381702,0.00040485644439433414,0.00951698381823435,True,
fd_eps,H1e-5,1e-05,fine1,2.5375,12.648011384379227,cpp,64,4.0,2,0,1e-05,0.009735648472980193,0.001150081360241811,7,7,0.015357795384491812,0.9982282248637708,0.9995056277986124,1.3053428204739033,0.0260497166575841,0.01995622624876948,0.0022043432453511887,2.2204460492503128e-11,99274794.18360284,True,1.1445861055709158e-06,1.8410710180490775e-06,1,0.04260937260421694,0.0003967149333800495,0.009310508677632763,True,6.264757944635022
fd_eps,H1e-5,1e-05,fine1,2.54,12.679670970833877,cpp,64,4.0,2,0,1e-05,0.0096944753568868,0.0006150755689259748,7,7,0.0966539700218727,0.9985189023640824,0.9989113409468856,1.3053428204739033,0.025645743161175967,0.019646749312847416,0.0021686608772987894,2.2204460492503128e-11,97667803.18895802,True,1.9126271694822416e-06,1.5817714604230998e-06,2,0.0426773986838744,0.0003887392973062507,0.00910878613257971,True,6.251716822618277
fd_eps,H1e-5,1e-05,fine1,2.5425,12.71140980527337,cpp,64,4.0,2,0,1e-05,0.009654007490389744,0.0007423439518524746,7,6,0.04898852274049926,0.996475490758314,0.9964754907581663,1.3053428204739033,0.025248850680865645,0.019342697017860087,0.0021336381408486797,2.2204460492503128e-11,96090519.36069593,True,1.2154574256556807e-06,2.4467309533433327e-06,1,0.042744506672596015,0.00038092619246790383,0.008911699353220514,True,6.238784847828818
fd_eps,H1e-5,1e-05,fine1,2.545,12.743228086065523,cpp,64,4.0,2,0,1e-05,0.009614231484115861,0.0012106637445149675,6,6,0.058374818173576655,0.988747748756939,0.9991767804097019,1.3053428204739033,0.024858897416634447,0.019043960733326325,0.002099260979726844,2.2204460492503128e-11,94542309.66051237,True,4.865044810426071e-07,2.186598000815011e-06,2,0.042810709481806056,0.0003732723371911398,0.008719134574253558,True,6.2259614804396595
fd_eps,H1e-5,1e-05,fine1,2.5475,12.775126012074695,cpp,64,4.0,2,0,1e-05,0.0095751342229461,0.0013206301169447607,5,6,0.06783310916466158,0.9984563440079579,0.4904494789741463,1.3053428204739033,0.02447574475240157,0.018750434267923333,0.0020655156790150443,2.2204460492503128e-11,93022556.42340071,True,1.24540144806392e-06,1.0810057089528264e-06,2,0.04287601984093439,0.00036577451106802083,0.008530981010481069,True,6.213246533559793
fd_eps,H1e-5,1e-05,fine1,2.55,12.80710378266303,cpp,64,4.0,2,0,1e-05,0.009536702864610554,0.0011361708090521542,11,6,0.09771090321486331,0.9971043154852035,0.4638078289247481,1.3053428204739033,0.024099257184383074,0.018462013814603787,0.002032388856659308,2.2204460492503128e-11,91530656.9752281,True,1.6969731264151469e-06,1.615551991732245e-06,2,0.042940450299470224,0.00035842955417412104,0.00834713077469854,True,6.200639705643557
fd_eps,H1e-5,1e-05,fine1,2.5525,12.839161597691701,cpp,64,4.0,2,0,1e-05,0.00949892483337291,0.0009459749494973759,10,6,0.26439071988103235,0.996882315028792,0.9827864129085818,1.3053428204739033,0.023729302273100324,0.01817859791383035,0.0019998674543910445,2.2204460492503128e-11,90066023.22385892,True,1.3321563205525203e-06,1.1739235047545285e-06,1,0.04300401322903149,0.00035123436626991307,0.008167478797834594,True,6.188140206536529
fd_eps,H1e-5,1e-05,fine1,2.555,12.871299657522147,cpp,64,4.0,2,0,1e-05,0.009461787808207786,0.0007998163488252573,5,6,0.10037284609510158,0.9929037689580961,0.5334468646979421,1.3053428204739033,0.02336575051525248,0.017900087355419453,0.001967938728752423,2.2204460492503128e-11,88628081.2549738,True,1.1552899206987315e-06,1.5952224263850184e-06,2,0.043066720825445715,0.00034418590599095744,0.007991922751350905,True,6.175748119134409
fd_eps,H1e-5,1e-05,fine1,2.5575,12.90351816301735,cpp,64,4.0,2,0,1e-05,0.00942527972543721,0.0009646926314135801,3,6,0.16571156540399543,0.9897151159639137,0.7510210292550545,1.3053428204739033,0.02300847532358487,0.01762638516311881,0.0019365902425918105,2.2204460492503128e-11,87216270.94905818,True,1.5312627918082402e-06,1.153547594533698e-06,1,0.043128585110842346,0.0003372811900262515,0.007820362971783658,True,6.163462640137889
fd_eps,H1e-5,1e-05,fine1,2.56,12.935817315543076,cpp,64,4.0,2,0,1e-05,0.009389388769288966,0.0011382406272276288,3,6,0.08017512995528012,0.9987037719936727,0.6235790378602337,1.3053428204739033,0.022657352920103464,0.017357396512800934,0.0019058098567008284,2.2204460492503128e-11,85830045.60476871,True,1.8347228913982136e-06,1.7879072779761757e-06,1,0.04318961793575057,0.0003305172922881735,0.007652702387408365,True,6.151283560301449
fd_eps,H1e-5,1e-05,fine1,2.5625,12.968197316969134,cpp,64,4.0,2,0,1e-05,0.009354103364160092,0.0013044494494826773,10,6,0.19299621465105707,0.9934843280095267,0.4443941714027168,1.3053428204739033,0.022312262288444393,0.01709302869597425,0.001875585722407738,2.2204460492503128e-11,84468871.60536912,True,1.246124607109362e-06,1.1487263587568775e-06,1,0.04324983098120197,0.0003238913430749621,0.007488846446954617,True,6.139210295051934
fd_eps,H1e-5,1e-05,fine1,2.565,13.000658369670637,cpp,64,4.0,2,0,1e-05,0.009319412173800714,0.0014581493149568605,3,6,0.1610540385317513,0.9987937106291788,0.5406236780760814,1.3053428204739033,0.021973085096530023,0.0168331910605313,0.001845906272877834,2.2204460492503128e-11,83132228.02693476,True,2.0369750253726366e-06,1.550595632857962e-06,1,0.043309235760836416,0.00031740052822831083,0.007328703050339417,True,6.1272424236974325
fd_eps,H1e-5,1e-05,fine1,2.5675,13.033200676529269,cpp,64,4.0,2,0,1e-05,0.00928530409292863,0.0015992541705770074,9,6,0.1508975375875588,0.9954209846753641,0.597239912538604,1.3053428204739033,0.021639705635743318,0.016577794964151293,0.0018167602160665186,2.2204460492503128e-11,81819606.32098716,True,2.0389321960559346e-06,1.8545880708321325e-06,2,0.043367843623007156,0.0003110420882864105,0.007172182481339676,True,6.115379433367702
fd_eps,H1e-5,1e-05,fine1,2.57,13.065824440934556,cpp,64,4.0,2,0,1e-05,0.009251768242890538,0.0017291091557015948,5,6,0.04456930014026686,0.9998103860780844,0.3715655369678027,1.3053428204739033,0.021312010754899496,0.016326753723716957,0.0017881365275170772,2.2204460492503128e-11,80530509.99013482,True,1.3649739686497546e-06,9.613191397415935e-07,1,0.04342566575288472,0.0003048133176345364,0.007019197342168276,True,6.103620841140748
fd_eps,H1e-5,1e-05,fine1,2.5725,13.098529866785132,cpp,64,4.0,2,0,1e-05,0.00921879396816346,0.0018492281733311013,11,6,0.053486822979400266,0.9958345504921032,0.053486822979400266,1.3053428204739033,0.020989889796225555,0.016079982566269604,0.0017600244430363832,2.2204460492503128e-11,79264454.25821622,True,8.841753152921761e-07,1.833242630106402e-06,2,0.0434827131745564,0.00029871156365503905,0.006869662489916291,True,6.091966191429103
fd_eps,H1e-5,1e-05,fine1,2.575,13.131317158490017,cpp,64,4.0,2,0,1e-05,0.009186370830659407,0.0019609559870172504,11,6,0.10311085941997943,0.9987633156335112,0.997646235255127,1.3053428204739033,0.020673234547908963,0.0158373985926575,0.0017324134517274362,2.2204460492503128e-11,78020965.75651318,True,1.964016826192588e-06,1.780882750234724e-06,1,0.04353899675312263,0.00029273422587555123,0.006723494974756309,True,6.080414770209723
fd_eps,H1e-5,1e-05,fine1,2.5775,13.164186520969883,cpp,64,4.0,2,0,1e-05,0.009154488602275461,0.002065413885328615,11,6,0.13706757530664607,0.9757187844234886,0.13706757530664607,1.3053428204739033,0.020361939157387703,0.01559892071110892,0.0017052932894732432,2.2204460492503128e-11,76799582.23029107,True,1.071524388215442e-06,2.3579123577503617e-06,1,0.0435945271967828,0.00028687875512036415,0.0065806139799478155,True,6.068966384292809
fd_eps,H1e-5,1e-05,fine1,2.58,13.197138159658358,cpp,64,4.0,2,0,1e-05,0.00912313726549075,0.002163521643841796,11,6,0.08238370554081591,0.9991753462291895,0.14743191736288858,1.3053428204739033,0.020055900111137826,0.01536446962174776,0.0016786539322752726,2.2204460492503128e-11,75599852.23878936,True,1.0768115052744045e-06,7.539341333842615e-07,2,0.04364931505891677,0.00028114265266216293,0.006440940763507595,True,6.057620115080343
fd_eps,H1e-5,1e-05,fine1,2.5825,13.23017228050329,cpp,64,4.0,2,0,1e-05,0.009092307005158772,0.0022560339553713807,3,6,0.0423710252396266,0.9990277530363563,0.8885442998355911,1.3053428204739033,0.01975501614437229,0.01513396774741539,0.0016524855900985362,2.2204460492503128e-11,74421334.87802882,True,8.14244173844813e-07,1.9108539373853368e-06,1,0.0437033707401541,0.00027552346937693387,0.006304398601542796,True,6.046375701270656
fd_eps,H1e-5,1e-05,fine1,2.585,13.263289089968042,cpp,64,4.0,2,0,1e-05,0.009061988203564977,0.0023435741841066225,3,6,0.11879867476151172,0.9942894859409102,0.5231771388781676,1.3053428204739033,0.019459188211079646,0.014907339210717848,0.0016267787005351184,2.2204460492503128e-11,73263599.4954422,True,1.8289500473088711e-06,1.8146238483688368e-06,2,0.043756704490432966,0.00027001880490364635,0.006170912733217459,True,6.035232390729746
