ladder_gate,resolution,epsilon,kernel,normalization,label,knot_id,bundle_kind,bundle_mode,radius_ratio_to_hole,centerline_hole_radius,free_hole_radius,bundle_radius,tube_count,tube_core_radius,circulation_per_tube,total_circulation,mean_vorticity,clock_omega,clock_period,clock_phase,clock_cycles,valid_geometry,status,intrinsic_residual,total_normalized_residual,isolated_baseline_residual,residual_reduction_fraction,deformation_rate,background_nonrigid_rate,background_velocity_rms,energy_proxy,impulse_norm,final_recurrence_error,relative_energy_drift,relative_length_drift,final_clock_phase,final_clock_cycles
B7_DISCRETIZATION_CONVERGENCE,96,0.04,rosenhead,fixed_sampled_reach,trefoil,3:1:1,discrete_axial_tubes,numerical_discretization,0.5,0.2378919768200489,0.1978919768200489,0.09894598841002444,1,0.044249991237144196,0.5,0.5,16.256376507596098,8.128188253798049,0.7730117845441941,8.128188253798049,1.2936413389734407,True,FAIL_RELATIVE_EQUILIBRIUM_GATE,0.23970430350750763,0.2397819779409658,0.22160098248303411,-0.08169332473902502,0.1415120810099384,0.06647755081612368,0.20770595195744346,1.4270729665200546,1.209126647163918,,,,,
B7_DISCRETIZATION_CONVERGENCE,96,0.04,rosenhead,fixed_sampled_reach,trefoil,3:1:1,discrete_axial_tubes,numerical_discretization,0.5,0.2378919768200489,0.1978919768200489,0.09894598841002444,1,0.044249991237144196,1.0,1.0,32.512753015192196,16.256376507596098,0.38650589227209703,16.256376507596098,2.5872826779468814,True,FAIL_RELATIVE_EQUILIBRIUM_GATE,0.30194211681204186,0.288664965316871,0.22160098248303411,-0.3625486377758218,0.17825486096573015,0.13295510163224736,0.4154119039148869,1.4270729665200546,1.209126647163918,,,,,
B7_DISCRETIZATION_CONVERGENCE,96,0.04,rosenhead,fixed_sampled_reach,trefoil,3:1:1,discrete_axial_tubes,numerical_discretization,0.5,0.2378919768200489,0.1978919768200489,0.09894598841002444,1,0.044249991237144196,2.0,2.0,65.02550603038439,32.512753015192196,0.19325294613604851,32.512753015192196,5.174565355893763,True,FAIL_RELATIVE_EQUILIBRIUM_GATE,0.48442751034783677,0.3866379386049386,0.22160098248303411,-1.1860350298082492,0.28598712699223094,0.2659102032644947,0.8308238078297738,1.4270729665200546,1.209126647163918,,,,,
B7_DISCRETIZATION_CONVERGENCE,96,0.04,rosenhead,fixed_sampled_reach,trefoil,3:1:1,discrete_axial_tubes,numerical_discretization,0.5,0.2378919768200489,0.1978919768200489,0.09894598841002444,7,0.01672492461861013,0.07142857142857142,0.5,16.256376507596098,8.128188253798049,0.7730117845441941,8.128188253798049,1.2936413389734407,True,FAIL_RELATIVE_EQUILIBRIUM_GATE,0.23969658156498247,0.23977468258945342,0.22160098248303411,-0.08165847858248454,0.14150752227594746,0.06647187254603872,0.20770304044932558,1.4270729665200546,1.209126647163918,,,,,
B7_DISCRETIZATION_CONVERGENCE,96,0.04,rosenhead,fixed_sampled_reach,trefoil,3:1:1,discrete_axial_tubes,numerical_discretization,0.5,0.2378919768200489,0.1978919768200489,0.09894598841002444,7,0.01672492461861013,0.14285714285714285,1.0,32.512753015192196,16.256376507596098,0.38650589227209703,16.256376507596098,2.5872826779468814,True,FAIL_RELATIVE_EQUILIBRIUM_GATE,0.301922682165824,0.28864819271251624,0.22160098248303411,-0.36246093669255,0.17824338750785002,0.13294374509207743,0.41540608089865116,1.4270729665200546,1.209126647163918,,,,,
B7_DISCRETIZATION_CONVERGENCE,96,0.04,rosenhead,fixed_sampled_reach,trefoil,3:1:1,discrete_axial_tubes,numerical_discretization,0.5,0.2378919768200489,0.1978919768200489,0.09894598841002444,7,0.01672492461861013,0.2857142857142857,2.0,65.02550603038439,32.512753015192196,0.19325294613604851,32.512753015192196,5.174565355893763,True,FAIL_RELATIVE_EQUILIBRIUM_GATE,0.48438539680512954,0.38661092640074496,0.22160098248303411,-1.1858449875880597,0.2859622647975186,0.26588749018415486,0.8308121617973023,1.4270729665200546,1.209126647163918,,,,,
B7_DISCRETIZATION_CONVERGENCE,96,0.04,rosenhead,fixed_sampled_reach,trefoil,3:1:1,discrete_axial_tubes,numerical_discretization,0.5,0.2378919768200489,0.1978919768200489,0.09894598841002444,19,0.010151644213435364,0.02631578947368421,0.5,16.256376507596098,8.128188253798049,0.7730117845441941,8.128188253798049,1.2936413389734407,True,FAIL_RELATIVE_EQUILIBRIUM_GATE,0.23970156560777178,0.23977939135514909,0.22160098248303411,-0.08168096965059024,0.14151046466061323,0.06647552350549987,0.20770491333708724,1.4270729665200546,1.209126647163918,,,,,
B7_DISCRETIZATION_CONVERGENCE,96,0.04,rosenhead,fixed_sampled_reach,trefoil,3:1:1,discrete_axial_tubes,numerical_discretization,0.5,0.2378919768200489,0.1978919768200489,0.09894598841002444,19,0.010151644213435364,0.05263157894736842,1.0,32.512753015192196,16.256376507596098,0.38650589227209703,16.256376507596098,2.5872826779468814,True,FAIL_RELATIVE_EQUILIBRIUM_GATE,0.3019352083623676,0.2886590023535802,0.22160098248303411,-0.36251746259962503,0.17825078248622162,0.13295104701099975,0.4154098266741745,1.4270729665200546,1.209126647163918,,,,,
B7_DISCRETIZATION_CONVERGENCE,96,0.04,rosenhead,fixed_sampled_reach,trefoil,3:1:1,discrete_axial_tubes,numerical_discretization,0.5,0.2378919768200489,0.1978919768200489,0.09894598841002444,19,0.010151644213435364,0.10526315789473684,2.0,65.02550603038439,32.512753015192196,0.19325294613604851,32.512753015192196,5.174565355893763,True,FAIL_RELATIVE_EQUILIBRIUM_GATE,0.4844125123969863,0.3866283126099839,0.22160098248303411,-1.185967349824693,0.2859782727864254,0.2659020940219995,0.830819653348349,1.4270729665200546,1.209126647163918,,,,,
B7_DISCRETIZATION_CONVERGENCE,96,0.04,rosenhead,fixed_sampled_reach,trefoil,3:1:1,discrete_axial_tubes,numerical_discretization,0.5,0.2378919768200489,0.1978919768200489,0.09894598841002444,37,0.00727465374765744,0.013513513513513514,0.5,16.256376507596098,8.128188253798049,0.7730117845441941,8.128188253798049,1.2936413389734407,True,FAIL_RELATIVE_EQUILIBRIUM_GATE,0.23970242181388188,0.23978020024209853,0.22160098248303411,-0.08168483337944421,0.14151097013133962,0.06647615718681667,0.20770523851350325,1.4270729665200546,1.209126647163918,,,,,
B7_DISCRETIZATION_CONVERGENCE,96,0.04,rosenhead,fixed_sampled_reach,trefoil,3:1:1,discrete_axial_tubes,numerical_discretization,0.5,0.2378919768200489,0.1978919768200489,0.09894598841002444,37,0.00727465374765744,0.02702702702702703,1.0,32.512753015192196,16.256376507596098,0.38650589227209703,16.256376507596098,2.5872826779468814,True,FAIL_RELATIVE_EQUILIBRIUM_GATE,0.30193736841396057,0.2886608666562301,0.22160098248303411,-0.3625272100816477,0.17825205769651842,0.13295231437363333,0.4154104770270065,1.4270729665200546,1.209126647163918,,,,,
B7_DISCRETIZATION_CONVERGENCE,96,0.04,rosenhead,fixed_sampled_reach,trefoil,3:1:1,discrete_axial_tubes,numerical_discretization,0.5,0.2378919768200489,0.1978919768200489,0.09894598841002444,37,0.00727465374765744,0.05405405405405406,2.0,65.02550603038439,32.512753015192196,0.19325294613604851,32.512753015192196,5.174565355893763,True,FAIL_RELATIVE_EQUILIBRIUM_GATE,0.4844172011740533,0.3866313212324726,0.22160098248303411,-1.1859885084721613,0.2859810408577133,0.26590462874726667,0.830820954054013,1.4270729665200546,1.209126647163918,,,,,
B7_DISCRETIZATION_CONVERGENCE,96,0.04,rosenhead,fixed_sampled_reach,trefoil,3:1:1,discrete_axial_tubes,numerical_discretization,0.5,0.2378919768200489,0.1978919768200489,0.09894598841002444,61,0.005665630815061931,0.00819672131147541,0.5,16.256376507596098,8.128188253798049,0.7730117845441941,8.128188253798049,1.2936413389734407,True,FAIL_RELATIVE_EQUILIBRIUM_GATE,0.239702734215261,0.23978049537803933,0.22160098248303411,-0.0816862431267098,0.14151115456094152,0.0664763884962999,0.2077053571041068,1.4270729665200546,1.209126647163918,,,,,
B7_DISCRETIZATION_CONVERGENCE,96,0.04,rosenhead,fixed_sampled_reach,trefoil,3:1:1,discrete_axial_tubes,numerical_discretization,0.5,0.2378919768200489,0.1978919768200489,0.09894598841002444,61,0.005665630815061931,0.01639344262295082,1.0,32.512753015192196,16.256376507596098,0.38650589227209703,16.256376507596098,2.5872826779468814,True,FAIL_RELATIVE_EQUILIBRIUM_GATE,0.3019381566712503,0.28866154701413965,0.22160098248303411,-0.36253076718361044,0.17825252305290876,0.1329527769925998,0.4154107142082136,1.4270729665200546,1.209126647163918,,,,,
B7_DISCRETIZATION_CONVERGENCE,96,0.04,rosenhead,fixed_sampled_reach,trefoil,3:1:1,discrete_axial_tubes,numerical_discretization,0.5,0.2378919768200489,0.1978919768200489,0.09894598841002444,61,0.005665630815061931,0.03278688524590164,2.0,65.02550603038439,32.512753015192196,0.19325294613604851,32.512753015192196,5.174565355893763,True,FAIL_RELATIVE_EQUILIBRIUM_GATE,0.48441891242431523,0.3866324194421114,0.22160098248303411,-1.1859962306863987,0.28598205111319125,0.2659055539851996,0.8308214284164273,1.4270729665200546,1.209126647163918,,,,,
B7_DISCRETIZATION_CONVERGENCE,96,0.04,rosenhead,fixed_sampled_reach,trefoil,3:1:1,discrete_axial_tubes,numerical_discretization,0.5,0.2378919768200489,0.1978919768200489,0.09894598841002444,91,0.004638659483897602,0.005494505494505495,0.5,16.256376507596098,8.128188253798049,0.7730117845441941,8.128188253798049,1.2936413389734407,True,FAIL_RELATIVE_EQUILIBRIUM_GATE,0.23970289014765164,0.23978064269255703,0.22160098248303411,-0.08168694678961286,0.14151124661734923,0.06647650396052564,0.2077054162757304,1.4270729665200546,1.209126647163918,,,,,
B7_DISCRETIZATION_CONVERGENCE,96,0.04,rosenhead,fixed_sampled_reach,trefoil,3:1:1,discrete_axial_tubes,numerical_discretization,0.5,0.2378919768200489,0.1978919768200489,0.09894598841002444,91,0.004638659483897602,0.01098901098901099,1.0,32.512753015192196,16.256376507596098,0.38650589227209703,16.256376507596098,2.5872826779468814,True,FAIL_RELATIVE_EQUILIBRIUM_GATE,0.30193855013305343,0.2886618866233664,0.22160098248303411,-0.3625325427253916,0.1782527553374266,0.13295300792105127,0.4154108325514608,1.4270729665200546,1.209126647163918,,,,,
B7_DISCRETIZATION_CONVERGENCE,96,0.04,rosenhead,fixed_sampled_reach,trefoil,3:1:1,discrete_axial_tubes,numerical_discretization,0.5,0.2378919768200489,0.1978919768200489,0.09894598841002444,91,0.004638659483897602,0.02197802197802198,2.0,65.02550603038439,32.512753015192196,0.19325294613604851,32.512753015192196,5.174565355893763,True,FAIL_RELATIVE_EQUILIBRIUM_GATE,0.48441976661769615,0.38663296766133287,0.22160098248303411,-1.18600008533258,0.28598255539568074,0.26590601584210255,0.8308216651029215,1.4270729665200546,1.209126647163918,,,,,
B7_DISCRETIZATION_CONVERGENCE,96,0.04,rosenhead,fixed_sampled_reach,trefoil,3:1:1,discrete_axial_tubes,numerical_discretization,0.75,0.2378919768200489,0.1978919768200489,0.14841898261503667,1,0.0663749868557163,0.5,0.5,7.225056225598266,3.612528112799133,1.7392765152244365,3.612528112799133,0.574951706210418,True,FAIL_RELATIVE_EQUILIBRIUM_GATE,0.23970430350750763,0.2397819779409658,0.22160098248303411,-0.08169332473902502,0.1415120810099384,0.06647755081612368,0.20770595195744346,1.4270729665200546,1.209126647163918,,,,,
B7_DISCRETIZATION_CONVERGENCE,96,0.04,rosenhead,fixed_sampled_reach,trefoil,3:1:1,discrete_axial_tubes,numerical_discretization,0.75,0.2378919768200489,0.1978919768200489,0.14841898261503667,1,0.0663749868557163,1.0,1.0,14.450112451196532,7.225056225598266,0.8696382576122182,7.225056225598266,1.149903412420836,True,FAIL_RELATIVE_EQUILIBRIUM_GATE,0.30194211681204186,0.288664965316871,0.22160098248303411,-0.3625486377758218,0.17825486096573015,0.13295510163224736,0.4154119039148869,1.4270729665200546,1.209126647163918,,,,,
B7_DISCRETIZATION_CONVERGENCE,96,0.04,rosenhead,fixed_sampled_reach,trefoil,3:1:1,discrete_axial_tubes,numerical_discretization,0.75,0.2378919768200489,0.1978919768200489,0.14841898261503667,1,0.0663749868557163,2.0,2.0,28.900224902393063,14.450112451196532,0.4348191288061091,14.450112451196532,2.299806824841672,True,FAIL_RELATIVE_EQUILIBRIUM_GATE,0.48442751034783677,0.3866379386049386,0.22160098248303411,-1.1860350298082492,0.28598712699223094,0.2659102032644947,0.8308238078297738,1.4270729665200546,1.209126647163918,,,,,
B7_DISCRETIZATION_CONVERGENCE,96,0.04,rosenhead,fixed_sampled_reach,trefoil,3:1:1,discrete_axial_tubes,numerical_discretization,0.75,0.2378919768200489,0.1978919768200489,0.14841898261503667,7,0.025087386927915196,0.07142857142857142,0.5,7.225056225598266,3.612528112799133,1.7392765152244365,3.612528112799133,0.574951706210418,True,FAIL_RELATIVE_EQUILIBRIUM_GATE,0.23962158426348187,0.23970380711497394,0.22160098248303411,-0.08132004460687536,0.14146324679131836,0.06642202734279994,0.20767637535268038,1.4270729665200546,1.209126647163918,,,,,
B7_DISCRETIZATION_CONVERGENCE,96,0.04,rosenhead,fixed_sampled_reach,trefoil,3:1:1,discrete_axial_tubes,numerical_discretization,0.75,0.2378919768200489,0.1978919768200489,0.14841898261503667,7,0.025087386927915196,0.14285714285714285,1.0,14.450112451196532,7.225056225598266,0.8696382576122182,7.225056225598266,1.149903412420836,True,FAIL_RELATIVE_EQUILIBRIUM_GATE,0.30174061487503817,0.28849152947732776,0.22160098248303411,-0.361639337037414,0.17813590207339625,0.13284405468559987,0.41535275070536076,1.4270729665200546,1.209126647163918,,,,,
B7_DISCRETIZATION_CONVERGENCE,96,0.04,rosenhead,fixed_sampled_reach,trefoil,3:1:1,discrete_axial_tubes,numerical_discretization,0.75,0.2378919768200489,0.1978919768200489,0.14841898261503667,7,0.025087386927915196,0.2857142857142857,2.0,28.900224902393063,14.450112451196532,0.4348191288061091,14.450112451196532,2.299806824841672,True,FAIL_RELATIVE_EQUILIBRIUM_GATE,0.4840013937415959,0.3863678474784598,0.22160098248303411,-1.1841121294606682,0.2857355643510114,0.26568810937119974,0.8307055014107215,1.4270729665200546,1.209126647163918,,,,,
B7_DISCRETIZATION_CONVERGENCE,96,0.04,rosenhead,fixed_sampled_reach,trefoil,3:1:1,discrete_axial_tubes,numerical_discretization,0.75,0.2378919768200489,0.1978919768200489,0.14841898261503667,19,0.015227466320153045,0.02631578947368421,0.5,7.225056225598266,3.612528112799133,1.7392765152244365,3.612528112799133,0.574951706210418,True,FAIL_RELATIVE_EQUILIBRIUM_GATE,0.23966807352147912,0.23974774974216728,0.22160098248303411,-0.08152983274714609,0.14149069223784363,0.06645092900834597,0.2076920319775029,1.4270729665200546,1.209126647163918,,,,,
B7_DISCRETIZATION_CONVERGENCE,96,0.04,rosenhead,fixed_sampled_reach,trefoil,3:1:1,discrete_axial_tubes,numerical_discretization,0.75,0.2378919768200489,0.1978919768200489,0.14841898261503667,19,0.015227466320153045,0.05263157894736842,1.0,14.450112451196532,7.225056225598266,0.8696382576122182,7.225056225598266,1.149903412420836,True,FAIL_RELATIVE_EQUILIBRIUM_GATE,0.3018509555865122,0.28858634766459085,0.22160098248303411,-0.36213726222816756,0.17820104293016154,0.13290185801669194,0.4153840639550058,1.4270729665200546,1.209126647163918,,,,,
B7_DISCRETIZATION_CONVERGENCE,96,0.04,rosenhead,fixed_sampled_reach,trefoil,3:1:1,discrete_axial_tubes,numerical_discretization,0.75,0.2378919768200489,0.1978919768200489,0.14841898261503667,19,0.015227466320153045,0.10526315789473684,2.0,28.900224902393063,14.450112451196532,0.4348191288061091,14.450112451196532,2.299806824841672,True,FAIL_RELATIVE_EQUILIBRIUM_GATE,0.48423000621533596,0.3865115751022344,0.22160098248303411,-1.1851437696238953,0.28587052824790604,0.2658037160333839,0.8307681279100116,1.4270729665200546,1.209126647163918,,,,,
B7_DISCRETIZATION_CONVERGENCE,96,0.04,rosenhead,fixed_sampled_reach,trefoil,3:1:1,discrete_axial_tubes,numerical_discretization,0.75,0.2378919768200489,0.1978919768200489,0.14841898261503667,37,0.01091198062148616,0.013513513513513514,0.5,7.225056225598266,3.612528112799133,1.7392765152244365,3.612528112799133,0.574951706210418,True,FAIL_RELATIVE_EQUILIBRIUM_GATE,0.2396805977747731,0.23975958204399667,0.22160098248303411,-0.08158634988508306,0.14149808606899641,0.06646010066196197,0.2076968859262377,1.4270729665200546,1.209126647163918,,,,,
B7_DISCRETIZATION_CONVERGENCE,96,0.04,rosenhead,fixed_sampled_reach,trefoil,3:1:1,discrete_axial_tubes,numerical_discretization,0.75,0.2378919768200489,0.1978919768200489,0.14841898261503667,37,0.01091198062148616,0.02702702702702703,1.0,14.450112451196532,7.225056225598266,0.8696382576122182,7.225056225598266,1.149903412420836,True,FAIL_RELATIVE_EQUILIBRIUM_GATE,0.30188243010755456,0.2886134779419766,0.22160098248303411,-0.36227929463564923,0.17821962426101925,0.13292020132392393,0.4153937718524754,1.4270729665200546,1.209126647163918,,,,,
B7_DISCRETIZATION_CONVERGENCE,96,0.04,rosenhead,fixed_sampled_reach,trefoil,3:1:1,discrete_axial_tubes,numerical_discretization,0.75,0.2378919768200489,0.1978919768200489,0.14841898261503667,37,0.01091198062148616,0.05405405405405406,2.0,28.900224902393063,14.450112451196532,0.4348191288061091,14.450112451196532,2.299806824841672,True,FAIL_RELATIVE_EQUILIBRIUM_GATE,0.4842981358221533,0.38655508614218226,0.22160098248303411,-1.1854512123349066,0.28591074931318533,0.26584040264784786,0.8307875437049508,1.4270729665200546,1.209126647163918,,,,,
B7_DISCRETIZATION_CONVERGENCE,96,0.04,rosenhead,fixed_sampled_reach,trefoil,3:1:1,discrete_axial_tubes,numerical_discretization,0.75,0.2378919768200489,0.1978919768200489,0.14841898261503667,61,0.008498446222592897,0.00819672131147541,0.5,7.225056225598266,3.612528112799133,1.7392765152244365,3.612528112799133,0.574951706210418,True,FAIL_RELATIVE_EQUILIBRIUM_GATE,0.2396849366232082,0.23976368112829097,0.22160098248303411,-0.08160592943922795,0.14150064755605463,0.06646328867657486,0.20769856257731822,1.4270729665200546,1.209126647163918,,,,,
B7_DISCRETIZATION_CONVERGENCE,96,0.04,rosenhead,fixed_sampled_reach,trefoil,3:1:1,discrete_axial_tubes,numerical_discretization,0.75,0.2378919768200489,0.1978919768200489,0.14841898261503667,61,0.008498446222592897,0.01639344262295082,1.0,14.450112451196532,7.225056225598266,0.8696382576122182,7.225056225598266,1.149903412420836,True,FAIL_RELATIVE_EQUILIBRIUM_GATE,0.3018933472800099,0.2886228908949278,0.22160098248303411,-0.3623285596358896,0.1782260693342628,0.13292657735314972,0.41539712515463645,1.4270729665200546,1.209126647163918,,,,,
B7_DISCRETIZATION_CONVERGENCE,96,0.04,rosenhead,fixed_sampled_reach,trefoil,3:1:1,discrete_axial_tubes,numerical_discretization,0.75,0.2378919768200489,0.1978919768200489,0.14841898261503667,61,0.008498446222592897,0.03278688524590164,2.0,28.900224902393063,14.450112451196532,0.4348191288061091,14.450112451196532,2.299806824841672,True,FAIL_RELATIVE_EQUILIBRIUM_GATE,0.484321788020464,0.3865702076613761,0.22160098248303411,-1.1855579456085845,0.28592471264948943,0.26585315470629944,0.8307942503092729,1.4270729665200546,1.209126647163918,,,,,
B7_DISCRETIZATION_CONVERGENCE,96,0.04,rosenhead,fixed_sampled_reach,trefoil,3:1:1,discrete_axial_tubes,numerical_discretization,0.75,0.2378919768200489,0.1978919768200489,0.14841898261503667,91,0.006957989225846404,0.005494505494505495,0.5,7.225056225598266,3.612528112799133,1.7392765152244365,3.612528112799133,0.574951706210418,True,FAIL_RELATIVE_EQUILIBRIUM_GATE,0.2396870411053992,0.23976566933766638,0.22160098248303411,-0.08161542615791317,0.14150188996034166,0.06646483566693571,0.20769937349918557,1.4270729665200546,1.209126647163918,,,,,
B7_DISCRETIZATION_CONVERGENCE,96,0.04,rosenhead,fixed_sampled_reach,trefoil,3:1:1,discrete_axial_tubes,numerical_discretization,0.75,0.2378919768200489,0.1978919768200489,0.14841898261503667,91,0.006957989225846404,0.01098901098901099,1.0,14.450112451196532,7.225056225598266,0.8696382576122182,7.225056225598266,1.149903412420836,True,FAIL_RELATIVE_EQUILIBRIUM_GATE,0.3018986433191962,0.28862745783541444,0.22160098248303411,-0.36235245862373255,0.17822919590944478,0.13292967133387143,0.41539874699837115,1.4270729665200546,1.209126647163918,,,,,
B7_DISCRETIZATION_CONVERGENCE,96,0.04,rosenhead,fixed_sampled_reach,trefoil,3:1:1,discrete_axial_tubes,numerical_discretization,0.75,0.2378919768200489,0.1978919768200489,0.14841898261503667,91,0.006957989225846404,0.02197802197802198,2.0,28.900224902393063,14.450112451196532,0.4348191288061091,14.450112451196532,2.299806824841672,True,FAIL_RELATIVE_EQUILIBRIUM_GATE,0.4843332633107855,0.38657754748266254,0.22160098248303411,-1.1856097291800878,0.2859314872137748,0.26585934266774286,0.8307974939967423,1.4270729665200546,1.209126647163918,,,,,
B7_DISCRETIZATION_CONVERGENCE,96,0.04,rosenhead,fixed_sampled_reach,trefoil,3:1:1,discrete_axial_tubes,numerical_discretization,1.0,0.2378919768200489,0.1978919768200489,0.1978919768200489,1,0.08849998247428839,0.5,0.5,4.0640941268990245,2.0320470634495122,3.0920471381767762,2.0320470634495122,0.3234103347433602,True,FAIL_RELATIVE_EQUILIBRIUM_GATE,0.23970430350750763,0.2397819779409658,0.22160098248303411,-0.08169332473902502,0.1415120810099384,0.06647755081612368,0.20770595195744346,1.4270729665200546,1.209126647163918,,,,,
B7_DISCRETIZATION_CONVERGENCE,96,0.04,rosenhead,fixed_sampled_reach,trefoil,3:1:1,discrete_axial_tubes,numerical_discretization,1.0,0.2378919768200489,0.1978919768200489,0.1978919768200489,1,0.08849998247428839,1.0,1.0,8.128188253798049,4.0640941268990245,1.5460235690883881,4.0640941268990245,0.6468206694867203,True,FAIL_RELATIVE_EQUILIBRIUM_GATE,0.30194211681204186,0.288664965316871,0.22160098248303411,-0.3625486377758218,0.17825486096573015,0.13295510163224736,0.4154119039148869,1.4270729665200546,1.209126647163918,,,,,
B7_DISCRETIZATION_CONVERGENCE,96,0.04,rosenhead,fixed_sampled_reach,trefoil,3:1:1,discrete_axial_tubes,numerical_discretization,1.0,0.2378919768200489,0.1978919768200489,0.1978919768200489,1,0.08849998247428839,2.0,2.0,16.256376507596098,8.128188253798049,0.7730117845441941,8.128188253798049,1.2936413389734407,True,FAIL_RELATIVE_EQUILIBRIUM_GATE,0.48442751034783677,0.3866379386049386,0.22160098248303411,-1.1860350298082492,0.28598712699223094,0.2659102032644947,0.8308238078297738,1.4270729665200546,1.209126647163918,,,,,
B7_DISCRETIZATION_CONVERGENCE,96,0.04,rosenhead,fixed_sampled_reach,trefoil,3:1:1,discrete_axial_tubes,numerical_discretization,1.0,0.2378919768200489,0.1978919768200489,0.1978919768200489,7,0.03344984923722026,0.07142857142857142,0.5,4.0640941268990245,2.0320470634495122,3.0920471381767762,2.0320470634495122,0.3234103347433602,True,FAIL_RELATIVE_EQUILIBRIUM_GATE,0.2393902194366425,0.23948452445176438,0.22160098248303411,-0.0802759841327434,0.14132665801239588,0.06642610557244065,0.20764172376000514,1.4270729665200546,1.209126647163918,,,,,
B7_DISCRETIZATION_CONVERGENCE,96,0.04,rosenhead,fixed_sampled_reach,trefoil,3:1:1,discrete_axial_tubes,numerical_discretization,1.0,0.2378919768200489,0.1978919768200489,0.1978919768200489,7,0.03344984923722026,0.14285714285714285,1.0,8.128188253798049,4.0640941268990245,1.5460235690883881,4.0640941268990245,0.6468206694867203,True,FAIL_RELATIVE_EQUILIBRIUM_GATE,0.30137825851664407,0.2881943964332,0.22160098248303411,-0.36000416216438813,0.17792198099816642,0.1328522111448813,0.4152834475200103,1.4270729665200546,1.209126647163918,,,,,
B7_DISCRETIZATION_CONVERGENCE,96,0.04,rosenhead,fixed_sampled_reach,trefoil,3:1:1,discrete_axial_tubes,numerical_discretization,1.0,0.2378919768200489,0.1978919768200489,0.1978919768200489,7,0.03344984923722026,0.2857142857142857,2.0,16.256376507596098,8.128188253798049,0.7730117845441941,8.128188253798049,1.2936413389734407,True,FAIL_RELATIVE_EQUILIBRIUM_GATE,0.48356250604869894,0.3861940012393054,0.22160098248303411,-1.1821315981111264,0.2854764621578396,0.2657044222897626,0.8305668950400206,1.4270729665200546,1.209126647163918,,,,,
B7_DISCRETIZATION_CONVERGENCE,96,0.04,rosenhead,fixed_sampled_reach,trefoil,3:1:1,discrete_axial_tubes,numerical_discretization,1.0,0.2378919768200489,0.1978919768200489,0.1978919768200489,19,0.02030328842687073,0.02631578947368421,0.5,4.0640941268990245,2.0320470634495122,3.0920471381767762,2.0320470634495122,0.3234103347433602,True,FAIL_RELATIVE_EQUILIBRIUM_GATE,0.23936499110779094,0.23946127203047834,0.22160098248303411,-0.08016213838815833,0.1413117641900325,0.06623317556121808,0.20757066488310372,1.4270729665200546,1.209126647163918,,,,,
B7_DISCRETIZATION_CONVERGENCE,96,0.04,rosenhead,fixed_sampled_reach,trefoil,3:1:1,discrete_axial_tubes,numerical_discretization,1.0,0.2378919768200489,0.1978919768200489,0.1978919768200489,19,0.02030328842687073,0.05263157894736842,1.0,8.128188253798049,4.0640941268990245,1.5460235690883881,4.0640941268990245,0.6468206694867203,True,FAIL_RELATIVE_EQUILIBRIUM_GATE,0.3010943849881696,0.28793524816404337,0.22160098248303411,-0.35872315011609457,0.17775439312773508,0.13246635112243615,0.41514132976620743,1.4270729665200546,1.209126647163918,,,,,
B7_DISCRETIZATION_CONVERGENCE,96,0.04,rosenhead,fixed_sampled_reach,trefoil,3:1:1,discrete_axial_tubes,numerical_discretization,1.0,0.2378919768200489,0.1978919768200489,0.1978919768200489,19,0.02030328842687073,0.10526315789473684,2.0,16.256376507596098,8.128188253798049,0.7730117845441941,8.128188253798049,1.2936413389734407,True,FAIL_RELATIVE_EQUILIBRIUM_GATE,0.48260042125603225,0.38547829768897907,0.22160098248303411,-1.1777900794865852,0.28490848478269,0.2649327022448723,0.8302826595324149,1.4270729665200546,1.209126647163918,,,,,
B7_DISCRETIZATION_CONVERGENCE,96,0.04,rosenhead,fixed_sampled_reach,trefoil,3:1:1,discrete_axial_tubes,numerical_discretization,1.0,0.2378919768200489,0.1978919768200489,0.1978919768200489,37,0.01454930749531488,0.013513513513513514,0.5,4.0640941268990245,2.0320470634495122,3.0920471381767762,2.0320470634495122,0.3234103347433602,True,FAIL_RELATIVE_EQUILIBRIUM_GATE,0.2395135025462606,0.23960159059921493,0.22160098248303411,-0.0808323133883122,0.141399439556741,0.06633882415727253,0.20762996774241613,1.4270729665200546,1.209126647163918,,,,,
B7_DISCRETIZATION_CONVERGENCE,96,0.04,rosenhead,fixed_sampled_reach,trefoil,3:1:1,discrete_axial_tubes,numerical_discretization,1.0,0.2378919768200489,0.1978919768200489,0.1978919768200489,37,0.01454930749531488,0.02702702702702703,1.0,8.128188253798049,4.0640941268990245,1.5460235690883881,4.0640941268990245,0.6468206694867203,True,FAIL_RELATIVE_EQUILIBRIUM_GATE,0.3014638279061328,0.28825297032162067,0.22160098248303411,-0.3603903039067664,0.17797249783161542,0.13267764831454507,0.41525993548483225,1.4270729665200546,1.209126647163918,,,,,
B7_DISCRETIZATION_CONVERGENCE,96,0.04,rosenhead,fixed_sampled_reach,trefoil,3:1:1,discrete_axial_tubes,numerical_discretization,1.0,0.2378919768200489,0.1978919768200489,0.1978919768200489,37,0.01454930749531488,0.05405405405405406,2.0,16.256376507596098,8.128188253798049,0.7730117845441941,8.128188253798049,1.2936413389734407,True,FAIL_RELATIVE_EQUILIBRIUM_GATE,0.4833941252347073,0.38598068390898044,0.22160098248303411,-1.1813717602615603,0.28537705668600855,0.26535529662909013,0.8305198709696645,1.4270729665200546,1.209126647163918,,,,,
B7_DISCRETIZATION_CONVERGENCE,96,0.04,rosenhead,fixed_sampled_reach,trefoil,3:1:1,discrete_axial_tubes,numerical_discretization,1.0,0.2378919768200489,0.1978919768200489,0.1978919768200489,61,0.011331261630123862,0.00819672131147541,0.5,4.0640941268990245,2.0320470634495122,3.0920471381767762,2.0320470634495122,0.3234103347433602,True,FAIL_RELATIVE_EQUILIBRIUM_GATE,0.239557903959508,0.23964352979859363,0.22160098248303411,-0.08103267988827012,0.14142565242107624,0.06637085622250043,0.20764781394149842,1.4270729665200546,1.209126647163918,,,,,
B7_DISCRETIZATION_CONVERGENCE,96,0.04,rosenhead,fixed_sampled_reach,trefoil,3:1:1,discrete_axial_tubes,numerical_discretization,1.0,0.2378919768200489,0.1978919768200489,0.1978919768200489,61,0.011331261630123862,0.01639344262295082,1.0,8.128188253798049,4.0640941268990245,1.5460235690883881,4.0640941268990245,0.6468206694867203,True,FAIL_RELATIVE_EQUILIBRIUM_GATE,0.30157482717044887,0.28834844575478763,0.22160098248303411,-0.36089120089319815,0.17803802747231898,0.13274171244500085,0.41529562788299684,1.4270729665200546,1.209126647163918,,,,,
B7_DISCRETIZATION_CONVERGENCE,96,0.04,rosenhead,fixed_sampled_reach,trefoil,3:1:1,discrete_axial_tubes,numerical_discretization,1.0,0.2378919768200489,0.1978919768200489,0.1978919768200489,61,0.011331261630123862,0.03278688524590164,2.0,16.256376507596098,8.128188253798049,0.7730117845441941,8.128188253798049,1.2936413389734407,True,FAIL_RELATIVE_EQUILIBRIUM_GATE,0.4836334663915139,0.38613242317842617,0.22160098248303411,-1.1824518148449146,0.28551835437935585,0.2654834248900017,0.8305912557659937,1.4270729665200546,1.209126647163918,,,,,
B7_DISCRETIZATION_CONVERGENCE,96,0.04,rosenhead,fixed_sampled_reach,trefoil,3:1:1,discrete_axial_tubes,numerical_discretization,1.0,0.2378919768200489,0.1978919768200489,0.1978919768200489,91,0.009277318967795205,0.005494505494505495,0.5,4.0640941268990245,2.0320470634495122,3.0920471381767762,2.0320470634495122,0.3234103347433602,True,FAIL_RELATIVE_EQUILIBRIUM_GATE,0.23957751218090464,0.2396620708355591,0.22160098248303411,-0.08112116424956195,0.1414372283509788,0.06638509915556816,0.2076557696745343,1.4270729665200546,1.209126647163918,,,,,
B7_DISCRETIZATION_CONVERGENCE,96,0.04,rosenhead,fixed_sampled_reach,trefoil,3:1:1,discrete_axial_tubes,numerical_discretization,1.0,0.2378919768200489,0.1978919768200489,0.1978919768200489,91,0.009277318967795205,0.01098901098901099,1.0,8.128188253798049,4.0640941268990245,1.5460235690883881,4.0640941268990245,0.6468206694867203,True,FAIL_RELATIVE_EQUILIBRIUM_GATE,0.3016239659368717,0.28839074824562383,0.22160098248303411,-0.3611129452459181,0.17806703708538396,0.13277019831113632,0.4153115393490686,1.4270729665200546,1.209126647163918,,,,,
B7_DISCRETIZATION_CONVERGENCE,96,0.04,rosenhead,fixed_sampled_reach,trefoil,3:1:1,discrete_axial_tubes,numerical_discretization,1.0,0.2378919768200489,0.1978919768200489,0.1978919768200489,91,0.009277318967795205,0.02197802197802198,2.0,16.256376507596098,8.128188253798049,0.7730117845441941,8.128188253798049,1.2936413389734407,True,FAIL_RELATIVE_EQUILIBRIUM_GATE,0.4837396123276742,0.3861997652083505,0.22160098248303411,-1.1829308106281053,0.28558101880422015,0.26554039662227263,0.8306230786981372,1.4270729665200546,1.209126647163918,,,,,
B7_DISCRETIZATION_CONVERGENCE,96,0.04,rosenhead,fixed_sampled_reach,trefoil,3:1:1,continuum_rankine,continuum,0.5,0.2378919768200489,0.1978919768200489,0.09894598841002444,0,0.0,0.0,0.5,16.256376507596098,8.128188253798049,0.7730117845441941,8.128188253798049,1.2936413389734407,True,FAIL_RELATIVE_EQUILIBRIUM_GATE,0.23970430350750763,0.2397819779409658,0.22160098248303411,-0.08169332473902502,0.1415120810099384,0.06647755081612368,0.20770595195744346,1.4270729665200546,1.209126647163918,,,,,
B7_DISCRETIZATION_CONVERGENCE,96,0.04,rosenhead,fixed_sampled_reach,trefoil,3:1:1,continuum_rankine,continuum,0.5,0.2378919768200489,0.1978919768200489,0.09894598841002444,0,0.0,0.0,1.0,32.512753015192196,16.256376507596098,0.38650589227209703,16.256376507596098,2.5872826779468814,True,FAIL_RELATIVE_EQUILIBRIUM_GATE,0.30194211681204186,0.288664965316871,0.22160098248303411,-0.3625486377758218,0.17825486096573015,0.13295510163224736,0.4154119039148869,1.4270729665200546,1.209126647163918,,,,,
B7_DISCRETIZATION_CONVERGENCE,96,0.04,rosenhead,fixed_sampled_reach,trefoil,3:1:1,continuum_rankine,continuum,0.5,0.2378919768200489,0.1978919768200489,0.09894598841002444,0,0.0,0.0,2.0,65.02550603038439,32.512753015192196,0.19325294613604851,32.512753015192196,5.174565355893763,True,FAIL_RELATIVE_EQUILIBRIUM_GATE,0.48442751034783677,0.3866379386049386,0.22160098248303411,-1.1860350298082492,0.28598712699223094,0.2659102032644947,0.8308238078297738,1.4270729665200546,1.209126647163918,,,,,
B7_DISCRETIZATION_CONVERGENCE,96,0.04,rosenhead,fixed_sampled_reach,trefoil,3:1:1,continuum_rankine,continuum,0.75,0.2378919768200489,0.1978919768200489,0.14841898261503667,0,0.0,0.0,0.5,7.225056225598266,3.612528112799133,1.7392765152244365,3.612528112799133,0.574951706210418,True,FAIL_RELATIVE_EQUILIBRIUM_GATE,0.23970430350750763,0.2397819779409658,0.22160098248303411,-0.08169332473902502,0.1415120810099384,0.06647755081612368,0.20770595195744346,1.4270729665200546,1.209126647163918,,,,,
B7_DISCRETIZATION_CONVERGENCE,96,0.04,rosenhead,fixed_sampled_reach,trefoil,3:1:1,continuum_rankine,continuum,0.75,0.2378919768200489,0.1978919768200489,0.14841898261503667,0,0.0,0.0,1.0,14.450112451196532,7.225056225598266,0.8696382576122182,7.225056225598266,1.149903412420836,True,FAIL_RELATIVE_EQUILIBRIUM_GATE,0.30194211681204186,0.288664965316871,0.22160098248303411,-0.3625486377758218,0.17825486096573015,0.13295510163224736,0.4154119039148869,1.4270729665200546,1.209126647163918,,,,,
B7_DISCRETIZATION_CONVERGENCE,96,0.04,rosenhead,fixed_sampled_reach,trefoil,3:1:1,continuum_rankine,continuum,0.75,0.2378919768200489,0.1978919768200489,0.14841898261503667,0,0.0,0.0,2.0,28.900224902393063,14.450112451196532,0.4348191288061091,14.450112451196532,2.299806824841672,True,FAIL_RELATIVE_EQUILIBRIUM_GATE,0.48442751034783677,0.3866379386049386,0.22160098248303411,-1.1860350298082492,0.28598712699223094,0.2659102032644947,0.8308238078297738,1.4270729665200546,1.209126647163918,,,,,
B7_DISCRETIZATION_CONVERGENCE,96,0.04,rosenhead,fixed_sampled_reach,trefoil,3:1:1,continuum_rankine,continuum,1.0,0.2378919768200489,0.1978919768200489,0.1978919768200489,0,0.0,0.0,0.5,4.0640941268990245,2.0320470634495122,3.0920471381767762,2.0320470634495122,0.3234103347433602,True,FAIL_RELATIVE_EQUILIBRIUM_GATE,0.23970430350750763,0.2397819779409658,0.22160098248303411,-0.08169332473902502,0.1415120810099384,0.06647755081612368,0.20770595195744346,1.4270729665200546,1.209126647163918,,,,,
B7_DISCRETIZATION_CONVERGENCE,96,0.04,rosenhead,fixed_sampled_reach,trefoil,3:1:1,continuum_rankine,continuum,1.0,0.2378919768200489,0.1978919768200489,0.1978919768200489,0,0.0,0.0,1.0,8.128188253798049,4.0640941268990245,1.5460235690883881,4.0640941268990245,0.6468206694867203,True,FAIL_RELATIVE_EQUILIBRIUM_GATE,0.30194211681204186,0.288664965316871,0.22160098248303411,-0.3625486377758218,0.17825486096573015,0.13295510163224736,0.4154119039148869,1.4270729665200546,1.209126647163918,,,,,
B7_DISCRETIZATION_CONVERGENCE,96,0.04,rosenhead,fixed_sampled_reach,trefoil,3:1:1,continuum_rankine,continuum,1.0,0.2378919768200489,0.1978919768200489,0.1978919768200489,0,0.0,0.0,2.0,16.256376507596098,8.128188253798049,0.7730117845441941,8.128188253798049,1.2936413389734407,True,FAIL_RELATIVE_EQUILIBRIUM_GATE,0.48442751034783677,0.3866379386049386,0.22160098248303411,-1.1860350298082492,0.28598712699223094,0.2659102032644947,0.8308238078297738,1.4270729665200546,1.209126647163918,,,,,
B7_DISCRETIZATION_CONVERGENCE,96,0.04,winckelmans,fixed_sampled_reach,trefoil,3:1:1,discrete_axial_tubes,numerical_discretization,0.5,0.2378919768200489,0.1978919768200489,0.09894598841002444,1,0.044249991237144196,0.5,0.5,16.256376507596098,8.128188253798049,0.7730117845441941,8.128188253798049,1.2936413389734407,True,FAIL_RELATIVE_EQUILIBRIUM_GATE,0.24361655957608438,0.24285028461254776,0.22378900720029954,-0.08859931336143978,0.14967593851221686,0.06647755081612368,0.20770595195744346,1.4270729665200546,1.209126647163918,,,,,
B7_DISCRETIZATION_CONVERGENCE,96,0.04,winckelmans,fixed_sampled_reach,trefoil,3:1:1,discrete_axial_tubes,numerical_discretization,0.5,0.2378919768200489,0.1978919768200489,0.09894598841002444,1,0.044249991237144196,1.0,1.0,32.512753015192196,16.256376507596098,0.38650589227209703,16.256376507596098,2.5872826779468814,True,FAIL_RELATIVE_EQUILIBRIUM_GATE,0.30336659852285464,0.28915335426319994,0.22378900720029954,-0.3555920476975447,0.18638585335159089,0.13295510163224736,0.4154119039148869,1.4270729665200546,1.209126647163918,,,,,
B7_DISCRETIZATION_CONVERGENCE,96,0.04,winckelmans,fixed_sampled_reach,trefoil,3:1:1,discrete_axial_tubes,numerical_discretization,0.5,0.2378919768200489,0.1978919768200489,0.09894598841002444,1,0.044249991237144196,2.0,2.0,65.02550603038439,32.512753015192196,0.19325294613604851,32.512753015192196,5.174565355893763,True,FAIL_RELATIVE_EQUILIBRIUM_GATE,0.4771164355055749,0.3827616762750313,0.22378900720029954,-1.1319922791316457,0.2931362727893603,0.2659102032644947,0.8308238078297738,1.4270729665200546,1.209126647163918,,,,,
B7_DISCRETIZATION_CONVERGENCE,96,0.04,winckelmans,fixed_sampled_reach,trefoil,3:1:1,discrete_axial_tubes,numerical_discretization,0.5,0.2378919768200489,0.1978919768200489,0.09894598841002444,7,0.01672492461861013,0.07142857142857142,0.5,16.256376507596098,8.128188253798049,0.7730117845441941,8.128188253798049,1.2936413389734407,True,FAIL_RELATIVE_EQUILIBRIUM_GATE,0.24360928831285297,0.24284345744433491,0.22378900720029954,-0.08856682175998731,0.14967147111004098,0.06647187254603872,0.20770304044932558,1.4270729665200546,1.209126647163918,,,,,
B7_DISCRETIZATION_CONVERGENCE,96,0.04,winckelmans,fixed_sampled_reach,trefoil,3:1:1,discrete_axial_tubes,numerical_discretization,0.5,0.2378919768200489,0.1978919768200489,0.09894598841002444,7,0.01672492461861013,0.14285714285714285,1.0,32.512753015192196,16.256376507596098,0.38650589227209703,16.256376507596098,2.5872826779468814,True,FAIL_RELATIVE_EQUILIBRIUM_GATE,0.3033483274538343,0.2891376503528868,0.22378900720029954,-0.35551040352185925,0.18637462776246014,0.13294374509207743,0.41540608089865116,1.4270729665200546,1.209126647163918,,,,,
B7_DISCRETIZATION_CONVERGENCE,96,0.04,winckelmans,fixed_sampled_reach,trefoil,3:1:1,discrete_axial_tubes,numerical_discretization,0.5,0.2378919768200489,0.1978919768200489,0.09894598841002444,7,0.01672492461861013,0.2857142857142857,2.0,65.02550603038439,32.512753015192196,0.19325294613604851,32.512753015192196,5.174565355893763,True,FAIL_RELATIVE_EQUILIBRIUM_GATE,0.4770764331079049,0.38273577263691716,0.22378900720029954,-1.1318135286283457,0.2931116956570651,0.26588749018415486,0.8308121617973023,1.4270729665200546,1.209126647163918,,,,,
B7_DISCRETIZATION_CONVERGENCE,96,0.04,winckelmans,fixed_sampled_reach,trefoil,3:1:1,discrete_axial_tubes,numerical_discretization,0.5,0.2378919768200489,0.1978919768200489,0.09894598841002444,19,0.010151644213435364,0.02631578947368421,0.5,16.256376507596098,8.128188253798049,0.7730117845441941,8.128188253798049,1.2936413389734407,True,FAIL_RELATIVE_EQUILIBRIUM_GATE,0.24361398358651148,0.2428478659894706,0.22378900720029954,-0.08858780256560084,0.14967435584617153,0.06647552350549987,0.20770491333708724,1.4270729665200546,1.209126647163918,,,,,
B7_DISCRETIZATION_CONVERGENCE,96,0.04,winckelmans,fixed_sampled_reach,trefoil,3:1:1,discrete_axial_tubes,numerical_discretization,0.5,0.2378919768200489,0.1978919768200489,0.09894598841002444,19,0.010151644213435364,0.05263157894736842,1.0,32.512753015192196,16.256376507596098,0.38650589227209703,16.256376507596098,2.5872826779468814,True,FAIL_RELATIVE_EQUILIBRIUM_GATE,0.30336010746100817,0.2891477744905971,0.22378900720029954,-0.35556304242187164,0.18638186529849837,0.13295104701099975,0.4154098266741745,1.4270729665200546,1.209126647163918,,,,,
B7_DISCRETIZATION_CONVERGENCE,96,0.04,winckelmans,fixed_sampled_reach,trefoil,3:1:1,discrete_axial_tubes,numerical_discretization,0.5,0.2378919768200489,0.1978919768200489,0.09894598841002444,19,0.010151644213435364,0.10526315789473684,2.0,65.02550603038439,32.512753015192196,0.19325294613604851,32.512753015192196,5.174565355893763,True,FAIL_RELATIVE_EQUILIBRIUM_GATE,0.4771021945375026,0.38275244893500726,0.22378900720029954,-1.1319286434408204,0.29312752325991426,0.2659020940219995,0.830819653348349,1.4270729665200546,1.209126647163918,,,,,
B7_DISCRETIZATION_CONVERGENCE,96,0.04,winckelmans,fixed_sampled_reach,trefoil,3:1:1,discrete_axial_tubes,numerical_discretization,0.5,0.2378919768200489,0.1978919768200489,0.09894598841002444,37,0.00727465374765744,0.013513513513513514,0.5,16.256376507596098,8.128188253798049,0.7730117845441941,8.128188253798049,1.2936413389734407,True,FAIL_RELATIVE_EQUILIBRIUM_GATE,0.24361478876861006,0.24284862198027027,0.22378900720029954,-0.08859140051756742,0.1496748505431925,0.06647615718681667,0.20770523851350325,1.4270729665200546,1.209126647163918,,,,,
B7_DISCRETIZATION_CONVERGENCE,96,0.04,winckelmans,fixed_sampled_reach,trefoil,3:1:1,discrete_axial_tubes,numerical_discretization,0.5,0.2378919768200489,0.1978919768200489,0.09894598841002444,37,0.00727465374765744,0.02702702702702703,1.0,32.512753015192196,16.256376507596098,0.38650589227209703,16.256376507596098,2.5872826779468814,True,FAIL_RELATIVE_EQUILIBRIUM_GATE,0.30336213638842396,0.28914951844189474,0.22378900720029954,-0.355572108673343,0.18638311185421552,0.13295231437363333,0.4154104770270065,1.4270729665200546,1.209126647163918,,,,,
B7_DISCRETIZATION_CONVERGENCE,96,0.04,winckelmans,fixed_sampled_reach,trefoil,3:1:1,discrete_axial_tubes,numerical_discretization,0.5,0.2378919768200489,0.1978919768200489,0.09894598841002444,37,0.00727465374765744,0.05405405405405406,2.0,65.02550603038439,32.512753015192196,0.19325294613604851,32.512753015192196,5.174565355893763,True,FAIL_RELATIVE_EQUILIBRIUM_GATE,0.47710664587886814,0.3827553324318014,0.22378900720029954,-1.1319485342362676,0.2931302581261224,0.26590462874726667,0.830820954054013,1.4270729665200546,1.209126647163918,,,,,
B7_DISCRETIZATION_CONVERGENCE,96,0.04,winckelmans,fixed_sampled_reach,trefoil,3:1:1,discrete_axial_tubes,numerical_discretization,0.5,0.2378919768200489,0.1978919768200489,0.09894598841002444,61,0.005665630815061931,0.00819672131147541,0.5,16.256376507596098,8.128188253798049,0.7730117845441941,8.128188253798049,1.2936413389734407,True,FAIL_RELATIVE_EQUILIBRIUM_GATE,0.24361508262418655,0.24284889788368252,0.22378900720029954,-0.08859271360966336,0.14967503108555494,0.0664763884962999,0.2077053571041068,1.4270729665200546,1.209126647163918,,,,,
B7_DISCRETIZATION_CONVERGENCE,96,0.04,winckelmans,fixed_sampled_reach,trefoil,3:1:1,discrete_axial_tubes,numerical_discretization,0.5,0.2378919768200489,0.1978919768200489,0.09894598841002444,61,0.005665630815061931,0.01639344262295082,1.0,32.512753015192196,16.256376507596098,0.38650589227209703,16.256376507596098,2.5872826779468814,True,FAIL_RELATIVE_EQUILIBRIUM_GATE,0.3033628769070676,0.28915015497787044,0.22378900720029954,-0.3555754176770016,0.18638356682256066,0.1329527769925998,0.4154107142082136,1.4270729665200546,1.209126647163918,,,,,
B7_DISCRETIZATION_CONVERGENCE,96,0.04,winckelmans,fixed_sampled_reach,trefoil,3:1:1,discrete_axial_tubes,numerical_discretization,0.5,0.2378919768200489,0.1978919768200489,0.09894598841002444,61,0.005665630815061931,0.03278688524590164,2.0,65.02550603038439,32.512753015192196,0.19325294613604851,32.512753015192196,5.174565355893763,True,FAIL_RELATIVE_EQUILIBRIUM_GATE,0.47710827061283395,0.3827563850616316,0.22378900720029954,-1.1319557943514367,0.29313125634882775,0.2659055539851996,0.8308214284164273,1.4270729665200546,1.209126647163918,,,,,
B7_DISCRETIZATION_CONVERGENCE,96,0.04,winckelmans,fixed_sampled_reach,trefoil,3:1:1,discrete_axial_tubes,numerical_discretization,0.5,0.2378919768200489,0.1978919768200489,0.09894598841002444,91,0.004638659483897602,0.005494505494505495,0.5,16.256376507596098,8.128188253798049,0.7730117845441941,8.128188253798049,1.2936413389734407,True,FAIL_RELATIVE_EQUILIBRIUM_GATE,0.2436152293200093,0.24284903561776075,0.22378900720029954,-0.0885933691191747,0.14967512121421855,0.06647650396052564,0.2077054162757304,1.4270729665200546,1.209126647163918,,,,,
B7_DISCRETIZATION_CONVERGENCE,96,0.04,winckelmans,fixed_sampled_reach,trefoil,3:1:1,discrete_axial_tubes,numerical_discretization,0.5,0.2378919768200489,0.1978919768200489,0.09894598841002444,91,0.004638659483897602,0.01098901098901099,1.0,32.512753015192196,16.256376507596098,0.38650589227209703,16.256376507596098,2.5872826779468814,True,FAIL_RELATIVE_EQUILIBRIUM_GATE,0.3033632465725213,0.2891504727415727,0.22378900720029954,-0.35557706952513457,0.18638379394186577,0.13295300792105127,0.4154108325514608,1.4270729665200546,1.209126647163918,,,,,
B7_DISCRETIZATION_CONVERGENCE,96,0.04,winckelmans,fixed_sampled_reach,trefoil,3:1:1,discrete_axial_tubes,numerical_discretization,0.5,0.2378919768200489,0.1978919768200489,0.09894598841002444,91,0.004638659483897602,0.02197802197802198,2.0,65.02550603038439,32.512753015192196,0.19325294613604851,32.512753015192196,5.174565355893763,True,FAIL_RELATIVE_EQUILIBRIUM_GATE,0.4771090816617133,0.38275691055551025,0.22378900720029954,-1.1319594185190822,0.2931317546503488,0.26590601584210255,0.8308216651029215,1.4270729665200546,1.209126647163918,,,,,
B7_DISCRETIZATION_CONVERGENCE,96,0.04,winckelmans,fixed_sampled_reach,trefoil,3:1:1,discrete_axial_tubes,numerical_discretization,0.75,0.2378919768200489,0.1978919768200489,0.14841898261503667,1,0.0663749868557163,0.5,0.5,7.225056225598266,3.612528112799133,1.7392765152244365,3.612528112799133,0.574951706210418,True,FAIL_RELATIVE_EQUILIBRIUM_GATE,0.24361655957608438,0.24285028461254776,0.22378900720029954,-0.08859931336143978,0.14967593851221686,0.06647755081612368,0.20770595195744346,1.4270729665200546,1.209126647163918,,,,,
B7_DISCRETIZATION_CONVERGENCE,96,0.04,winckelmans,fixed_sampled_reach,trefoil,3:1:1,discrete_axial_tubes,numerical_discretization,0.75,0.2378919768200489,0.1978919768200489,0.14841898261503667,1,0.0663749868557163,1.0,1.0,14.450112451196532,7.225056225598266,0.8696382576122182,7.225056225598266,1.149903412420836,True,FAIL_RELATIVE_EQUILIBRIUM_GATE,0.30336659852285464,0.28915335426319994,0.22378900720029954,-0.3555920476975447,0.18638585335159089,0.13295510163224736,0.4154119039148869,1.4270729665200546,1.209126647163918,,,,,
B7_DISCRETIZATION_CONVERGENCE,96,0.04,winckelmans,fixed_sampled_reach,trefoil,3:1:1,discrete_axial_tubes,numerical_discretization,0.75,0.2378919768200489,0.1978919768200489,0.14841898261503667,1,0.0663749868557163,2.0,2.0,28.900224902393063,14.450112451196532,0.4348191288061091,14.450112451196532,2.299806824841672,True,FAIL_RELATIVE_EQUILIBRIUM_GATE,0.4771164355055749,0.3827616762750313,0.22378900720029954,-1.1319922791316457,0.2931362727893603,0.2659102032644947,0.8308238078297738,1.4270729665200546,1.209126647163918,,,,,
B7_DISCRETIZATION_CONVERGENCE,96,0.04,winckelmans,fixed_sampled_reach,trefoil,3:1:1,discrete_axial_tubes,numerical_discretization,0.75,0.2378919768200489,0.1978919768200489,0.14841898261503667,7,0.025087386927915196,0.07142857142857142,0.5,7.225056225598266,3.612528112799133,1.7392765152244365,3.612528112799133,0.574951706210418,True,FAIL_RELATIVE_EQUILIBRIUM_GATE,0.24353852461307954,0.24277700756963144,0.22378900720029954,-0.08825061454025507,0.1496279944958296,0.06642202734279994,0.20767637535268038,1.4270729665200546,1.209126647163918,,,,,
B7_DISCRETIZATION_CONVERGENCE,96,0.04,winckelmans,fixed_sampled_reach,trefoil,3:1:1,discrete_axial_tubes,numerical_discretization,0.75,0.2378919768200489,0.1978919768200489,0.14841898261503667,7,0.025087386927915196,0.14285714285714285,1.0,14.450112451196532,7.225056225598266,0.8696382576122182,7.225056225598266,1.149903412420836,True,FAIL_RELATIVE_EQUILIBRIUM_GATE,0.3031767902784784,0.28899066902432224,0.22378900720029954,-0.35474389055725064,0.18626923678347332,0.13284405468559987,0.41535275070536076,1.4270729665200546,1.209126647163918,,,,,
B7_DISCRETIZATION_CONVERGENCE,96,0.04,winckelmans,fixed_sampled_reach,trefoil,3:1:1,discrete_axial_tubes,numerical_discretization,0.75,0.2378919768200489,0.1978919768200489,0.14841898261503667,7,0.025087386927915196,0.2857142857142857,2.0,28.900224902393063,14.450112451196532,0.4348191288061091,14.450112451196532,2.299806824841672,True,FAIL_RELATIVE_EQUILIBRIUM_GATE,0.4767110785861029,0.3825022097301184,0.22378900720029954,-1.1301809438719599,0.2928872249518078,0.26568810937119974,0.8307055014107215,1.4270729665200546,1.209126647163918,,,,,
B7_DISCRETIZATION_CONVERGENCE,96,0.04,winckelmans,fixed_sampled_reach,trefoil,3:1:1,discrete_axial_tubes,numerical_discretization,0.75,0.2378919768200489,0.1978919768200489,0.14841898261503667,19,0.015227466320153045,0.02631578947368421,0.5,7.225056225598266,3.612528112799133,1.7392765152244365,3.612528112799133,0.574951706210418,True,FAIL_RELATIVE_EQUILIBRIUM_GATE,0.24358266808551857,0.24281846481906294,0.22378900720029954,-0.08844786941434957,0.1496551158691796,0.06645092900834597,0.2076920319775029,1.4270729665200546,1.209126647163918,,,,,
B7_DISCRETIZATION_CONVERGENCE,96,0.04,winckelmans,fixed_sampled_reach,trefoil,3:1:1,discrete_axial_tubes,numerical_discretization,0.75,0.2378919768200489,0.1978919768200489,0.14841898261503667,19,0.015227466320153045,0.05263157894736842,1.0,14.450112451196532,7.225056225598266,0.8696382576122182,7.225056225598266,1.149903412420836,True,FAIL_RELATIVE_EQUILIBRIUM_GATE,0.30328125485274204,0.2890800627663642,0.22378900720029954,-0.3552106899571432,0.1863334189278292,0.13290185801669194,0.4153840639550058,1.4270729665200546,1.209126647163918,,,,,
B7_DISCRETIZATION_CONVERGENCE,96,0.04,winckelmans,fixed_sampled_reach,trefoil,3:1:1,discrete_axial_tubes,numerical_discretization,0.75,0.2378919768200489,0.1978919768200489,0.14841898261503667,19,0.015227466320153045,0.10526315789473684,2.0,28.900224902393063,14.450112451196532,0.4348191288061091,14.450112451196532,2.299806824841672,True,FAIL_RELATIVE_EQUILIBRIUM_GATE,0.4769292892747637,0.38264080739215267,0.22378900720029954,-1.1311560171849466,0.2930212917396959,0.2658037160333839,0.8307681279100116,1.4270729665200546,1.209126647163918,,,,,
B7_DISCRETIZATION_CONVERGENCE,96,0.04,winckelmans,fixed_sampled_reach,trefoil,3:1:1,discrete_axial_tubes,numerical_discretization,0.75,0.2378919768200489,0.1978919768200489,0.14841898261503667,37,0.01091198062148616,0.013513513513513514,0.5,7.225056225598266,3.612528112799133,1.7392765152244365,3.612528112799133,0.574951706210418,True,FAIL_RELATIVE_EQUILIBRIUM_GATE,0.2435943397407019,0.24282942270098107,0.22378900720029954,-0.08850002414406277,0.149662286834678,0.06646010066196197,0.2076968859262377,1.4270729665200546,1.209126647163918,,,,,
B7_DISCRETIZATION_CONVERGENCE,96,0.04,winckelmans,fixed_sampled_reach,trefoil,3:1:1,discrete_axial_tubes,numerical_discretization,0.75,0.2378919768200489,0.1978919768200489,0.14841898261503667,37,0.01091198062148616,0.02702702702702703,1.0,14.450112451196532,7.225056225598266,0.8696382576122182,7.225056225598266,1.149903412420836,True,FAIL_RELATIVE_EQUILIBRIUM_GATE,0.30331065035119725,0.28910529277037555,0.22378900720029954,-0.35534204358716726,0.186351479271621,0.13292020132392393,0.4153937718524754,1.4270729665200546,1.209126647163918,,,,,
B7_DISCRETIZATION_CONVERGENCE,96,0.04,winckelmans,fixed_sampled_reach,trefoil,3:1:1,discrete_axial_tubes,numerical_discretization,0.75,0.2378919768200489,0.1978919768200489,0.14841898261503667,37,0.01091198062148616,0.05405405405405406,2.0,28.900224902393063,14.450112451196532,0.4348191288061091,14.450112451196532,2.299806824841672,True,FAIL_RELATIVE_EQUILIBRIUM_GATE,0.4769937568776099,0.3826823663415259,0.22378900720029954,-1.1314440903287206,0.2930609000855999,0.26584040264784786,0.8307875437049508,1.4270729665200546,1.209126647163918,,,,,
B7_DISCRETIZATION_CONVERGENCE,96,0.04,winckelmans,fixed_sampled_reach,trefoil,3:1:1,discrete_axial_tubes,numerical_discretization,0.75,0.2378919768200489,0.1978919768200489,0.14841898261503667,61,0.008498446222592897,0.00819672131147541,0.5,7.225056225598266,3.612528112799133,1.7392765152244365,3.612528112799133,0.574951706210418,True,FAIL_RELATIVE_EQUILIBRIUM_GATE,0.24359839094614397,0.2428332261829729,0.22378900720029954,-0.08851812693424344,0.14966477586078403,0.06646328867657486,0.20769856257731822,1.4270729665200546,1.209126647163918,,,,,
B7_DISCRETIZATION_CONVERGENCE,96,0.04,winckelmans,fixed_sampled_reach,trefoil,3:1:1,discrete_axial_tubes,numerical_discretization,0.75,0.2378919768200489,0.1978919768200489,0.14841898261503667,61,0.008498446222592897,0.01639344262295082,1.0,14.450112451196532,7.225056225598266,0.8696382576122182,7.225056225598266,1.149903412420836,True,FAIL_RELATIVE_EQUILIBRIUM_GATE,0.303320858637743,0.28911405726205724,0.22378900720029954,-0.3553876592618308,0.1863577511558968,0.13292657735314972,0.41539712515463645,1.4270729665200546,1.209126647163918,,,,,
B7_DISCRETIZATION_CONVERGENCE,96,0.04,winckelmans,fixed_sampled_reach,trefoil,3:1:1,discrete_axial_tubes,numerical_discretization,0.75,0.2378919768200489,0.1978919768200489,0.14841898261503667,61,0.008498446222592897,0.03278688524590164,2.0,28.900224902393063,14.450112451196532,0.4348191288061091,14.450112451196532,2.299806824841672,True,FAIL_RELATIVE_EQUILIBRIUM_GATE,0.4770161531511383,0.38269681984039244,0.22378900720029954,-1.131544167959023,0.29307466016523226,0.26585315470629944,0.8307942503092729,1.4270729665200546,1.209126647163918,,,,,
B7_DISCRETIZATION_CONVERGENCE,96,0.04,winckelmans,fixed_sampled_reach,trefoil,3:1:1,discrete_axial_tubes,numerical_discretization,0.75,0.2378919768200489,0.1978919768200489,0.14841898261503667,91,0.006957989225846404,0.005494505494505495,0.5,7.225056225598266,3.612528112799133,1.7392765152244365,3.612528112799133,0.574951706210418,True,FAIL_RELATIVE_EQUILIBRIUM_GATE,0.24360035806317784,0.24283507304968585,0.22378900720029954,-0.08852691698634874,0.14966598444072918,0.06646483566693571,0.20769937349918557,1.4270729665200546,1.209126647163918,,,,,
B7_DISCRETIZATION_CONVERGENCE,96,0.04,winckelmans,fixed_sampled_reach,trefoil,3:1:1,discrete_axial_tubes,numerical_discretization,0.75,0.2378919768200489,0.1978919768200489,0.14841898261503667,91,0.006957989225846404,0.01098901098901099,1.0,14.450112451196532,7.225056225598266,0.8696382576122182,7.225056225598266,1.149903412420836,True,FAIL_RELATIVE_EQUILIBRIUM_GATE,0.30332581423445176,0.28911831262760734,0.22378900720029954,-0.35540980331962335,0.1863607958322914,0.13292967133387143,0.41539874699837115,1.4270729665200546,1.209126647163918,,,,,
B7_DISCRETIZATION_CONVERGENCE,96,0.04,winckelmans,fixed_sampled_reach,trefoil,3:1:1,discrete_axial_tubes,numerical_discretization,0.75,0.2378919768200489,0.1978919768200489,0.14841898261503667,91,0.006957989225846404,0.02197802197802198,2.0,28.900224902393063,14.450112451196532,0.4348191288061091,14.450112451196532,2.299806824841672,True,FAIL_RELATIVE_EQUILIBRIUM_GATE,0.4770270234787316,0.38270383837430944,0.22378900720029954,-1.1315927419606209,0.2930813388018869,0.26585934266774286,0.8307974939967423,1.4270729665200546,1.209126647163918,,,,,
B7_DISCRETIZATION_CONVERGENCE,96,0.04,winckelmans,fixed_sampled_reach,trefoil,3:1:1,discrete_axial_tubes,numerical_discretization,1.0,0.2378919768200489,0.1978919768200489,0.1978919768200489,1,0.08849998247428839,0.5,0.5,4.0640941268990245,2.0320470634495122,3.0920471381767762,2.0320470634495122,0.3234103347433602,True,FAIL_RELATIVE_EQUILIBRIUM_GATE,0.24361655957608438,0.24285028461254776,0.22378900720029954,-0.08859931336143978,0.14967593851221686,0.06647755081612368,0.20770595195744346,1.4270729665200546,1.209126647163918,,,,,
B7_DISCRETIZATION_CONVERGENCE,96,0.04,winckelmans,fixed_sampled_reach,trefoil,3:1:1,discrete_axial_tubes,numerical_discretization,1.0,0.2378919768200489,0.1978919768200489,0.1978919768200489,1,0.08849998247428839,1.0,1.0,8.128188253798049,4.0640941268990245,1.5460235690883881,4.0640941268990245,0.6468206694867203,True,FAIL_RELATIVE_EQUILIBRIUM_GATE,0.30336659852285464,0.28915335426319994,0.22378900720029954,-0.3555920476975447,0.18638585335159089,0.13295510163224736,0.4154119039148869,1.4270729665200546,1.209126647163918,,,,,
B7_DISCRETIZATION_CONVERGENCE,96,0.04,winckelmans,fixed_sampled_reach,trefoil,3:1:1,discrete_axial_tubes,numerical_discretization,1.0,0.2378919768200489,0.1978919768200489,0.1978919768200489,1,0.08849998247428839,2.0,2.0,16.256376507596098,8.128188253798049,0.7730117845441941,8.128188253798049,1.2936413389734407,True,FAIL_RELATIVE_EQUILIBRIUM_GATE,0.4771164355055749,0.3827616762750313,0.22378900720029954,-1.1319922791316457,0.2931362727893603,0.2659102032644947,0.8308238078297738,1.4270729665200546,1.209126647163918,,,,,
B7_DISCRETIZATION_CONVERGENCE,96,0.04,winckelmans,fixed_sampled_reach,trefoil,3:1:1,discrete_axial_tubes,numerical_discretization,1.0,0.2378919768200489,0.1978919768200489,0.1978919768200489,7,0.03344984923722026,0.07142857142857142,0.5,4.0640941268990245,2.0320470634495122,3.0920471381767762,2.0320470634495122,0.3234103347433602,True,FAIL_RELATIVE_EQUILIBRIUM_GATE,0.24331583836265425,0.24256765452019724,0.22378900720029954,-0.08725554220309606,0.14949117796092673,0.06642610557244065,0.20764172376000514,1.4270729665200546,1.209126647163918,,,,,
B7_DISCRETIZATION_CONVERGENCE,96,0.04,winckelmans,fixed_sampled_reach,trefoil,3:1:1,discrete_axial_tubes,numerical_discretization,1.0,0.2378919768200489,0.1978919768200489,0.1978919768200489,7,0.03344984923722026,0.14285714285714285,1.0,8.128188253798049,4.0640941268990245,1.5460235690883881,4.0640941268990245,0.6468206694867203,True,FAIL_RELATIVE_EQUILIBRIUM_GATE,0.30282371964433635,0.28870237677850163,0.22378900720029954,-0.35316619628817514,0.18605231319413168,0.1328522111448813,0.4152834475200103,1.4270729665200546,1.209126647163918,,,,,
B7_DISCRETIZATION_CONVERGENCE,96,0.04,winckelmans,fixed_sampled_reach,trefoil,3:1:1,discrete_axial_tubes,numerical_discretization,1.0,0.2378919768200489,0.1978919768200489,0.1978919768200489,7,0.03344984923722026,0.2857142857142857,2.0,16.256376507596098,8.128188253798049,0.7730117845441941,8.128188253798049,1.2936413389734407,True,FAIL_RELATIVE_EQUILIBRIUM_GATE,0.47627409411126564,0.3823200626910947,0.22378900720029954,-1.1282282810477038,0.2926187454137159,0.2657044222897626,0.8305668950400206,1.4270729665200546,1.209126647163918,,,,,
B7_DISCRETIZATION_CONVERGENCE,96,0.04,winckelmans,fixed_sampled_reach,trefoil,3:1:1,discrete_axial_tubes,numerical_discretization,1.0,0.2378919768200489,0.1978919768200489,0.1978919768200489,19,0.02030328842687073,0.02631578947368421,0.5,4.0640941268990245,2.0320470634495122,3.0920471381767762,2.0320470634495122,0.3234103347433602,True,FAIL_RELATIVE_EQUILIBRIUM_GATE,0.24330375326792553,0.2425565130878113,0.22378900720029954,-0.08720154002095182,0.14948375298169428,0.06623317556121808,0.20757066488310372,1.4270729665200546,1.209126647163918,,,,,
B7_DISCRETIZATION_CONVERGENCE,96,0.04,winckelmans,fixed_sampled_reach,trefoil,3:1:1,discrete_axial_tubes,numerical_discretization,1.0,0.2378919768200489,0.1978919768200489,0.1978919768200489,19,0.02030328842687073,0.05263157894736842,1.0,8.128188253798049,4.0640941268990245,1.5460235690883881,4.0640941268990245,0.6468206694867203,True,FAIL_RELATIVE_EQUILIBRIUM_GATE,0.3025803001998012,0.288479584315463,0.22378900720029954,-0.3520784777823358,0.18590275836142112,0.13246635112243615,0.41514132976620743,1.4270729665200546,1.209126647163918,,,,,
B7_DISCRETIZATION_CONVERGENCE,96,0.04,winckelmans,fixed_sampled_reach,trefoil,3:1:1,discrete_axial_tubes,numerical_discretization,1.0,0.2378919768200489,0.1978919768200489,0.1978919768200489,19,0.02030328842687073,0.10526315789473684,2.0,16.256376507596098,8.128188253798049,0.7730117845441941,8.128188253798049,1.2936413389734407,True,FAIL_RELATIVE_EQUILIBRIUM_GATE,0.47539442236002466,0.3816587275342157,0.22378900720029954,-1.124297472460427,0.29207828258483925,0.2649327022448723,0.8302826595324149,1.4270729665200546,1.209126647163918,,,,,
B7_DISCRETIZATION_CONVERGENCE,96,0.04,winckelmans,fixed_sampled_reach,trefoil,3:1:1,discrete_axial_tubes,numerical_discretization,1.0,0.2378919768200489,0.1978919768200489,0.1978919768200489,37,0.01454930749531488,0.013513513513513514,0.5,4.0640941268990245,2.0320470634495122,3.0920471381767762,2.0320470634495122,0.3234103347433602,True,FAIL_RELATIVE_EQUILIBRIUM_GATE,0.24343981132813222,0.2426842381545363,0.22378900720029954,-0.0878095147463811,0.1495673458946269,0.06633882415727253,0.20762996774241613,1.4270729665200546,1.209126647163918,,,,,
B7_DISCRETIZATION_CONVERGENCE,96,0.04,winckelmans,fixed_sampled_reach,trefoil,3:1:1,discrete_axial_tubes,numerical_discretization,1.0,0.2378919768200489,0.1978919768200489,0.1978919768200489,37,0.01454930749531488,0.02702702702702703,1.0,8.128188253798049,4.0640941268990245,1.5460235690883881,4.0640941268990245,0.6468206694867203,True,FAIL_RELATIVE_EQUILIBRIUM_GATE,0.3029216030554337,0.28877172954940267,0.22378900720029954,-0.35360358779512135,0.18611245192791176,0.13267764831454507,0.41525993548483225,1.4270729665200546,1.209126647163918,,,,,
B7_DISCRETIZATION_CONVERGENCE,96,0.04,winckelmans,fixed_sampled_reach,trefoil,3:1:1,discrete_axial_tubes,numerical_discretization,1.0,0.2378919768200489,0.1978919768200489,0.1978919768200489,37,0.01454930749531488,0.05405405405405406,2.0,16.256376507596098,8.128188253798049,0.7730117845441941,8.128188253798049,1.2936413389734407,True,FAIL_RELATIVE_EQUILIBRIUM_GATE,0.4761407469449728,0.38213535575419016,0.22378900720029954,-1.1276324199374503,0.29253681805090626,0.26535529662909013,0.8305198709696645,1.4270729665200546,1.209126647163918,,,,,
B7_DISCRETIZATION_CONVERGENCE,96,0.04,winckelmans,fixed_sampled_reach,trefoil,3:1:1,discrete_axial_tubes,numerical_discretization,1.0,0.2378919768200489,0.1978919768200489,0.1978919768200489,61,0.011331261630123862,0.00819672131147541,0.5,4.0640941268990245,2.0320470634495122,3.0920471381767762,2.0320470634495122,0.3234103347433602,True,FAIL_RELATIVE_EQUILIBRIUM_GATE,0.24348063731018554,0.2427225530492401,0.22378900720029954,-0.08799194543216005,0.14959242903014996,0.06637085622250043,0.20764781394149842,1.4270729665200546,1.209126647163918,,,,,
B7_DISCRETIZATION_CONVERGENCE,96,0.04,winckelmans,fixed_sampled_reach,trefoil,3:1:1,discrete_axial_tubes,numerical_discretization,1.0,0.2378919768200489,0.1978919768200489,0.1978919768200489,61,0.011331261630123862,0.01639344262295082,1.0,8.128188253798049,4.0640941268990245,1.5460235690883881,4.0640941268990245,0.6468206694867203,True,FAIL_RELATIVE_EQUILIBRIUM_GATE,0.3030243862415793,0.28885973185044483,0.22378900720029954,-0.35406287392106406,0.18617560104173386,0.13274171244500085,0.41529562788299684,1.4270729665200546,1.209126647163918,,,,,
B7_DISCRETIZATION_CONVERGENCE,96,0.04,winckelmans,fixed_sampled_reach,trefoil,3:1:1,discrete_axial_tubes,numerical_discretization,1.0,0.2378919768200489,0.1978919768200489,0.1978919768200489,61,0.011331261630123862,0.03278688524590164,2.0,16.256376507596098,8.128188253798049,0.7730117845441941,8.128188253798049,1.2936413389734407,True,FAIL_RELATIVE_EQUILIBRIUM_GATE,0.4763661041822866,0.3822795258572714,0.22378900720029954,-1.1286394275654525,0.2926752756173958,0.2654834248900017,0.8305912557659937,1.4270729665200546,1.209126647163918,,,,,
B7_DISCRETIZATION_CONVERGENCE,96,0.04,winckelmans,fixed_sampled_reach,trefoil,3:1:1,discrete_axial_tubes,numerical_discretization,1.0,0.2378919768200489,0.1978919768200489,0.1978919768200489,91,0.009277318967795205,0.005494505494505495,0.5,4.0640941268990245,2.0320470634495122,3.0920471381767762,2.0320470634495122,0.3234103347433602,True,FAIL_RELATIVE_EQUILIBRIUM_GATE,0.24349870805054113,0.24273953163501694,0.22378900720029954,-0.08807269444026211,0.14960353153905595,0.06638509915556816,0.2076557696745343,1.4270729665200546,1.209126647163918,,,,,
B7_DISCRETIZATION_CONVERGENCE,96,0.04,winckelmans,fixed_sampled_reach,trefoil,3:1:1,discrete_axial_tubes,numerical_discretization,1.0,0.2378919768200489,0.1978919768200489,0.1978919768200489,91,0.009277318967795205,0.01098901098901099,1.0,8.128188253798049,4.0640941268990245,1.5460235690883881,4.0640941268990245,0.6468206694867203,True,FAIL_RELATIVE_EQUILIBRIUM_GATE,0.3030699541187893,0.2888987826647474,0.22378900720029954,-0.35426649374037544,0.18620359755723873,0.13277019831113632,0.4153115393490686,1.4270729665200546,1.209126647163918,,,,,
B7_DISCRETIZATION_CONVERGENCE,96,0.04,winckelmans,fixed_sampled_reach,trefoil,3:1:1,discrete_axial_tubes,numerical_discretization,1.0,0.2378919768200489,0.1978919768200489,0.1978919768200489,91,0.009277318967795205,0.02197802197802198,2.0,16.256376507596098,8.128188253798049,0.7730117845441941,8.128188253798049,1.2936413389734407,True,FAIL_RELATIVE_EQUILIBRIUM_GATE,0.47646613225938333,0.38234356812631337,0.22378900720029954,-1.1290864025011214,0.29273673201569267,0.26554039662227263,0.8306230786981372,1.4270729665200546,1.209126647163918,,,,,
B7_DISCRETIZATION_CONVERGENCE,96,0.04,winckelmans,fixed_sampled_reach,trefoil,3:1:1,continuum_rankine,continuum,0.5,0.2378919768200489,0.1978919768200489,0.09894598841002444,0,0.0,0.0,0.5,16.256376507596098,8.128188253798049,0.7730117845441941,8.128188253798049,1.2936413389734407,True,FAIL_RELATIVE_EQUILIBRIUM_GATE,0.24361655957608438,0.24285028461254776,0.22378900720029954,-0.08859931336143978,0.14967593851221686,0.06647755081612368,0.20770595195744346,1.4270729665200546,1.209126647163918,,,,,
B7_DISCRETIZATION_CONVERGENCE,96,0.04,winckelmans,fixed_sampled_reach,trefoil,3:1:1,continuum_rankine,continuum,0.5,0.2378919768200489,0.1978919768200489,0.09894598841002444,0,0.0,0.0,1.0,32.512753015192196,16.256376507596098,0.38650589227209703,16.256376507596098,2.5872826779468814,True,FAIL_RELATIVE_EQUILIBRIUM_GATE,0.3033665985228547,0.2891533542632,0.22378900720029954,-0.35559204769754493,0.1863858533515909,0.13295510163224736,0.4154119039148869,1.4270729665200546,1.209126647163918,,,,,
B7_DISCRETIZATION_CONVERGENCE,96,0.04,winckelmans,fixed_sampled_reach,trefoil,3:1:1,continuum_rankine,continuum,0.5,0.2378919768200489,0.1978919768200489,0.09894598841002444,0,0.0,0.0,2.0,65.02550603038439,32.512753015192196,0.19325294613604851,32.512753015192196,5.174565355893763,True,FAIL_RELATIVE_EQUILIBRIUM_GATE,0.4771164355055749,0.3827616762750313,0.22378900720029954,-1.1319922791316457,0.2931362727893603,0.2659102032644947,0.8308238078297738,1.4270729665200546,1.209126647163918,,,,,
B7_DISCRETIZATION_CONVERGENCE,96,0.04,winckelmans,fixed_sampled_reach,trefoil,3:1:1,continuum_rankine,continuum,0.75,0.2378919768200489,0.1978919768200489,0.14841898261503667,0,0.0,0.0,0.5,7.225056225598266,3.612528112799133,1.7392765152244365,3.612528112799133,0.574951706210418,True,FAIL_RELATIVE_EQUILIBRIUM_GATE,0.24361655957608438,0.24285028461254776,0.22378900720029954,-0.08859931336143978,0.14967593851221686,0.06647755081612368,0.20770595195744346,1.4270729665200546,1.209126647163918,,,,,
B7_DISCRETIZATION_CONVERGENCE,96,0.04,winckelmans,fixed_sampled_reach,trefoil,3:1:1,continuum_rankine,continuum,0.75,0.2378919768200489,0.1978919768200489,0.14841898261503667,0,0.0,0.0,1.0,14.450112451196532,7.225056225598266,0.8696382576122182,7.225056225598266,1.149903412420836,True,FAIL_RELATIVE_EQUILIBRIUM_GATE,0.3033665985228547,0.2891533542632,0.22378900720029954,-0.35559204769754493,0.1863858533515909,0.13295510163224736,0.4154119039148869,1.4270729665200546,1.209126647163918,,,,,
B7_DISCRETIZATION_CONVERGENCE,96,0.04,winckelmans,fixed_sampled_reach,trefoil,3:1:1,continuum_rankine,continuum,0.75,0.2378919768200489,0.1978919768200489,0.14841898261503667,0,0.0,0.0,2.0,28.900224902393063,14.450112451196532,0.4348191288061091,14.450112451196532,2.299806824841672,True,FAIL_RELATIVE_EQUILIBRIUM_GATE,0.4771164355055749,0.3827616762750313,0.22378900720029954,-1.1319922791316457,0.2931362727893603,0.2659102032644947,0.8308238078297738,1.4270729665200546,1.209126647163918,,,,,
B7_DISCRETIZATION_CONVERGENCE,96,0.04,winckelmans,fixed_sampled_reach,trefoil,3:1:1,continuum_rankine,continuum,1.0,0.2378919768200489,0.1978919768200489,0.1978919768200489,0,0.0,0.0,0.5,4.0640941268990245,2.0320470634495122,3.0920471381767762,2.0320470634495122,0.3234103347433602,True,FAIL_RELATIVE_EQUILIBRIUM_GATE,0.24361655957608438,0.24285028461254776,0.22378900720029954,-0.08859931336143978,0.14967593851221686,0.06647755081612368,0.20770595195744346,1.4270729665200546,1.209126647163918,,,,,
B7_DISCRETIZATION_CONVERGENCE,96,0.04,winckelmans,fixed_sampled_reach,trefoil,3:1:1,continuum_rankine,continuum,1.0,0.2378919768200489,0.1978919768200489,0.1978919768200489,0,0.0,0.0,1.0,8.128188253798049,4.0640941268990245,1.5460235690883881,4.0640941268990245,0.6468206694867203,True,FAIL_RELATIVE_EQUILIBRIUM_GATE,0.3033665985228547,0.2891533542632,0.22378900720029954,-0.35559204769754493,0.1863858533515909,0.13295510163224736,0.4154119039148869,1.4270729665200546,1.209126647163918,,,,,
B7_DISCRETIZATION_CONVERGENCE,96,0.04,winckelmans,fixed_sampled_reach,trefoil,3:1:1,continuum_rankine,continuum,1.0,0.2378919768200489,0.1978919768200489,0.1978919768200489,0,0.0,0.0,2.0,16.256376507596098,8.128188253798049,0.7730117845441941,8.128188253798049,1.2936413389734407,True,FAIL_RELATIVE_EQUILIBRIUM_GATE,0.4771164355055749,0.3827616762750313,0.22378900720029954,-1.1319922791316457,0.2931362727893603,0.2659102032644947,0.8308238078297738,1.4270729665200546,1.209126647163918,,,,,
B7_DISCRETIZATION_CONVERGENCE,96,0.05,rosenhead,fixed_sampled_reach,trefoil,3:1:1,discrete_axial_tubes,numerical_discretization,0.5,0.2378919768200489,0.18789197682004888,0.09394598841002444,1,0.042013923259644405,0.5,0.5,18.032820163864933,9.016410081932467,0.6968610844098747,9.016410081932467,1.435006233483153,True,FAIL_RELATIVE_EQUILIBRIUM_GATE,0.2376013918720027,0.23816391770744205,0.2205383754039983,-0.07736982934034553,0.13728586056825612,0.06647755081612368,0.20770595195744346,1.301174108916972,1.209126647163918,,,,,
B7_DISCRETIZATION_CONVERGENCE,96,0.05,rosenhead,fixed_sampled_reach,trefoil,3:1:1,discrete_axial_tubes,numerical_discretization,0.5,0.2378919768200489,0.18789197682004888,0.09394598841002444,1,0.042013923259644405,1.0,1.0,36.06564032772987,18.032820163864933,0.34843054220493735,18.032820163864933,2.870012466966306,True,FAIL_RELATIVE_EQUILIBRIUM_GATE,0.30124090339587045,0.2885155563474479,0.2205383754039983,-0.3659341728805039,0.1740567104225541,0.13295510163224736,0.4154119039148869,1.301174108916972,1.209126647163918,,,,,
B7_DISCRETIZATION_CONVERGENCE,96,0.05,rosenhead,fixed_sampled_reach,trefoil,3:1:1,discrete_axial_tubes,numerical_discretization,0.5,0.2378919768200489,0.18789197682004888,0.09394598841002444,1,0.042013923259644405,2.0,2.0,72.13128065545973,36.06564032772987,0.17421527110246868,36.06564032772987,5.740024933932612,True,FAIL_RELATIVE_EQUILIBRIUM_GATE,0.4886232137280848,0.3888885498127025,0.2205383754039983,-1.2155926959785988,0.28232603294859493,0.2659102032644947,0.8308238078297738,1.301174108916972,1.209126647163918,,,,,
B7_DISCRETIZATION_CONVERGENCE,96,0.05,rosenhead,fixed_sampled_reach,trefoil,3:1:1,discrete_axial_tubes,numerical_discretization,0.5,0.2378919768200489,0.18789197682004888,0.09394598841002444,7,0.015879770363881614,0.07142857142857142,0.5,18.032820163864933,9.016410081932467,0.6968610844098747,9.016410081932467,1.435006233483153,True,FAIL_RELATIVE_EQUILIBRIUM_GATE,0.2375955342279404,0.23815836454801254,0.2205383754039983,-0.0773432686837181,0.13728247602703075,0.06647337562925144,0.20770381297937474,1.301174108916972,1.209126647163918,,,,,
B7_DISCRETIZATION_CONVERGENCE,96,0.05,rosenhead,fixed_sampled_reach,trefoil,3:1:1,discrete_axial_tubes,numerical_discretization,0.5,0.2378919768200489,0.18789197682004888,0.09394598841002444,7,0.015879770363881614,0.14285714285714285,1.0,36.06564032772987,18.032820163864933,0.34843054220493735,18.032820163864933,2.870012466966306,True,FAIL_RELATIVE_EQUILIBRIUM_GATE,0.30122614330752545,0.288502787859303,0.2205383754039983,-0.3658672453522769,0.17404818205740213,0.1329467512585029,0.41540762595874947,1.301174108916972,1.209126647163918,,,,,
B7_DISCRETIZATION_CONVERGENCE,96,0.05,rosenhead,fixed_sampled_reach,trefoil,3:1:1,discrete_axial_tubes,numerical_discretization,0.5,0.2378919768200489,0.18789197682004888,0.09394598841002444,7,0.015879770363881614,0.2857142857142857,2.0,72.13128065545973,36.06564032772987,0.17421527110246868,36.06564032772987,5.740024933932612,True,FAIL_RELATIVE_EQUILIBRIUM_GATE,0.4885914023686628,0.3888682501823342,0.2205383754039983,-1.2154484518788413,0.2823076523750651,0.2658935025170058,0.8308152519174989,1.301174108916972,1.209126647163918,,,,,
B7_DISCRETIZATION_CONVERGENCE,96,0.05,rosenhead,fixed_sampled_reach,trefoil,3:1:1,discrete_axial_tubes,numerical_discretization,0.5,0.2378919768200489,0.18789197682004888,0.09394598841002444,19,0.009638655037392786,0.02631578947368421,0.5,18.032820163864933,9.016410081932467,0.6968610844098747,9.016410081932467,1.435006233483153,True,FAIL_RELATIVE_EQUILIBRIUM_GATE,0.23759932615628146,0.23816195941051607,0.2205383754039983,-0.0773604626452411,0.13728466699965683,0.06647607142857567,0.20770519451236916,1.301174108916972,1.209126647163918,,,,,
B7_DISCRETIZATION_CONVERGENCE,96,0.05,rosenhead,fixed_sampled_reach,trefoil,3:1:1,discrete_axial_tubes,numerical_discretization,0.5,0.2378919768200489,0.18789197682004888,0.09394598841002444,19,0.009638655037392786,0.05263157894736842,1.0,36.06564032772987,18.032820163864933,0.34843054220493735,18.032820163864933,2.870012466966306,True,FAIL_RELATIVE_EQUILIBRIUM_GATE,0.30123568897549774,0.28851104507870967,0.2205383754039983,-0.365910528830514,0.17405369753537112,0.13295214285715135,0.4154103890247383,1.301174108916972,1.209126647163918,,,,,
B7_DISCRETIZATION_CONVERGENCE,96,0.05,rosenhead,fixed_sampled_reach,trefoil,3:1:1,discrete_axial_tubes,numerical_discretization,0.5,0.2378919768200489,0.18789197682004888,0.09394598841002444,19,0.009638655037392786,0.10526315789473684,2.0,72.13128065545973,36.06564032772987,0.17421527110246868,36.06564032772987,5.740024933932612,True,FAIL_RELATIVE_EQUILIBRIUM_GATE,0.48861196120583184,0.38888136589290373,0.2205383754039983,-1.2155416730115873,0.28231953125182924,0.2659042857143027,0.8308207780494766,1.301174108916972,1.209126647163918,,,,,
B7_DISCRETIZATION_CONVERGENCE,96,0.05,rosenhead,fixed_sampled_reach,trefoil,3:1:1,discrete_axial_tubes,numerical_discretization,0.5,0.2378919768200489,0.18789197682004888,0.09394598841002444,37,0.006907046436610536,0.013513513513513514,0.5,18.032820163864933,9.016410081932467,0.6968610844098747,9.016410081932467,1.435006233483153,True,FAIL_RELATIVE_EQUILIBRIUM_GATE,0.23759997026538957,0.2381625700264081,0.2205383754039983,-0.07736338326668357,0.1372850391652932,0.06647653245896178,0.207705430846563,1.301174108916972,1.209126647163918,,,,,
B7_DISCRETIZATION_CONVERGENCE,96,0.05,rosenhead,fixed_sampled_reach,trefoil,3:1:1,discrete_axial_tubes,numerical_discretization,0.5,0.2378919768200489,0.18789197682004888,0.09394598841002444,37,0.006907046436610536,0.02702702702702703,1.0,36.06564032772987,18.032820163864933,0.34843054220493735,18.032820163864933,2.870012466966306,True,FAIL_RELATIVE_EQUILIBRIUM_GATE,0.3012373145428439,0.28851245137652526,0.2205383754039983,-0.36591789973520683,0.1740546367866536,0.13295306491792355,0.415410861693126,1.301174108916972,1.209126647163918,,,,,
B7_DISCRETIZATION_CONVERGENCE,96,0.05,rosenhead,fixed_sampled_reach,trefoil,3:1:1,discrete_axial_tubes,numerical_discretization,0.5,0.2378919768200489,0.18789197682004888,0.09394598841002444,37,0.006907046436610536,0.05405405405405406,2.0,72.13128065545973,36.06564032772987,0.17421527110246868,36.06564032772987,5.740024933932612,True,FAIL_RELATIVE_EQUILIBRIUM_GATE,0.4886154685992844,0.3888836047111345,0.2205383754039983,-1.2155575767899935,0.2823215578204646,0.2659061298358471,0.830821723386252,1.301174108916972,1.209126647163918,,,,,
B7_DISCRETIZATION_CONVERGENCE,96,0.05,rosenhead,fixed_sampled_reach,trefoil,3:1:1,discrete_axial_tubes,numerical_discretization,0.5,0.2378919768200489,0.18789197682004888,0.09394598841002444,61,0.005379331647904996,0.00819672131147541,0.5,18.032820163864933,9.016410081932467,0.6968610844098747,9.016410081932467,1.435006233483153,True,FAIL_RELATIVE_EQUILIBRIUM_GATE,0.2376002056226812,0.23816279314498015,0.2205383754039983,-0.07736445046095852,0.13728517515451474,0.0664767009898885,0.207705517181381,1.301174108916972,1.209126647163918,,,,,
B7_DISCRETIZATION_CONVERGENCE,96,0.05,rosenhead,fixed_sampled_reach,trefoil,3:1:1,discrete_axial_tubes,numerical_discretization,0.5,0.2378919768200489,0.18789197682004888,0.09394598841002444,61,0.005379331647904996,0.01639344262295082,1.0,36.06564032772987,18.032820163864933,0.34843054220493735,18.032820163864933,2.870012466966306,True,FAIL_RELATIVE_EQUILIBRIUM_GATE,0.30123790861752814,0.28851296533185955,0.2205383754039983,-0.36592059348264705,0.17405498004244693,0.132953401979777,0.415411034362762,1.301174108916972,1.209126647163918,,,,,
B7_DISCRETIZATION_CONVERGENCE,96,0.05,rosenhead,fixed_sampled_reach,trefoil,3:1:1,discrete_axial_tubes,numerical_discretization,0.5,0.2378919768200489,0.18789197682004888,0.09394598841002444,61,0.005379331647904996,0.03278688524590164,2.0,72.13128065545973,36.06564032772987,0.17421527110246868,36.06564032772987,5.740024933932612,True,FAIL_RELATIVE_EQUILIBRIUM_GATE,0.48861675054336307,0.3888844230820471,0.2205383754039983,-1.2155633895836915,0.28232229852654656,0.265906803959554,0.830822068725524,1.301174108916972,1.209126647163918,,,,,
B7_DISCRETIZATION_CONVERGENCE,96,0.05,rosenhead,fixed_sampled_reach,trefoil,3:1:1,discrete_axial_tubes,numerical_discretization,0.5,0.2378919768200489,0.18789197682004888,0.09394598841002444,91,0.0044042558684283546,0.005494505494505495,0.5,18.032820163864933,9.016410081932467,0.6968610844098747,9.016410081932467,1.435006233483153,True,FAIL_RELATIVE_EQUILIBRIUM_GATE,0.23760032319806657,0.23816290460634967,0.2205383754039983,-0.0773649835898762,0.13728524308946174,0.06647678519056692,0.20770556030155898,1.301174108916972,1.209126647163918,,,,,
B7_DISCRETIZATION_CONVERGENCE,96,0.05,rosenhead,fixed_sampled_reach,trefoil,3:1:1,discrete_axial_tubes,numerical_discretization,0.5,0.2378919768200489,0.18789197682004888,0.09394598841002444,91,0.0044042558684283546,0.01098901098901099,1.0,36.06564032772987,18.032820163864933,0.34843054220493735,18.032820163864933,2.870012466966306,True,FAIL_RELATIVE_EQUILIBRIUM_GATE,0.3012382054062416,0.28851322209747804,0.2205383754039983,-0.36592193922899563,0.17405515152668619,0.13295357038113384,0.41541112060311797,1.301174108916972,1.209126647163918,,,,,
B7_DISCRETIZATION_CONVERGENCE,96,0.05,rosenhead,fixed_sampled_reach,trefoil,3:1:1,discrete_axial_tubes,numerical_discretization,0.5,0.2378919768200489,0.18789197682004888,0.09394598841002444,91,0.0044042558684283546,0.02197802197802198,2.0,72.13128065545973,36.06564032772987,0.17421527110246868,36.06564032772987,5.740024933932612,True,FAIL_RELATIVE_EQUILIBRIUM_GATE,0.4886173909974319,0.38888483195490525,0.2205383754039983,-1.2155662936318765,0.28232266858030464,0.2659071407622677,0.8308222412062359,1.301174108916972,1.209126647163918,,,,,
B7_DISCRETIZATION_CONVERGENCE,96,0.05,rosenhead,fixed_sampled_reach,trefoil,3:1:1,discrete_axial_tubes,numerical_discretization,0.75,0.2378919768200489,0.18789197682004888,0.14091898261503666,1,0.06302088488946661,0.5,0.5,8.014586739495526,4.007293369747763,1.5679374399222181,4.007293369747763,0.6377805482147347,True,FAIL_RELATIVE_EQUILIBRIUM_GATE,0.2376013918720027,0.23816391770744205,0.2205383754039983,-0.07736982934034553,0.13728586056825612,0.06647755081612368,0.20770595195744346,1.301174108916972,1.209126647163918,,,,,
B7_DISCRETIZATION_CONVERGENCE,96,0.05,rosenhead,fixed_sampled_reach,trefoil,3:1:1,discrete_axial_tubes,numerical_discretization,0.75,0.2378919768200489,0.18789197682004888,0.14091898261503666,1,0.06302088488946661,1.0,1.0,16.02917347899105,8.014586739495526,0.7839687199611091,8.014586739495526,1.2755610964294695,True,FAIL_RELATIVE_EQUILIBRIUM_GATE,0.30124090339587045,0.2885155563474479,0.2205383754039983,-0.3659341728805039,0.1740567104225541,0.13295510163224736,0.4154119039148869,1.301174108916972,1.209126647163918,,,,,
B7_DISCRETIZATION_CONVERGENCE,96,0.05,rosenhead,fixed_sampled_reach,trefoil,3:1:1,discrete_axial_tubes,numerical_discretization,0.75,0.2378919768200489,0.18789197682004888,0.14091898261503666,1,0.06302088488946661,2.0,2.0,32.0583469579821,16.02917347899105,0.39198435998055453,16.02917347899105,2.551122192858939,True,FAIL_RELATIVE_EQUILIBRIUM_GATE,0.4886232137280848,0.3888885498127025,0.2205383754039983,-1.2155926959785988,0.28232603294859493,0.2659102032644947,0.8308238078297738,1.301174108916972,1.209126647163918,,,,,
B7_DISCRETIZATION_CONVERGENCE,96,0.05,rosenhead,fixed_sampled_reach,trefoil,3:1:1,discrete_axial_tubes,numerical_discretization,0.75,0.2378919768200489,0.18789197682004888,0.14091898261503666,7,0.02381965554582242,0.07142857142857142,0.5,8.014586739495526,4.007293369747763,1.5679374399222181,4.007293369747763,0.6377805482147347,True,FAIL_RELATIVE_EQUILIBRIUM_GATE,0.23753761935773443,0.2381034444899046,0.2205383754039983,-0.0770806619147153,0.13724901286954128,0.06643490739751855,0.20768351347647132,1.301174108916972,1.209126647163918,,,,,
B7_DISCRETIZATION_CONVERGENCE,96,0.05,rosenhead,fixed_sampled_reach,trefoil,3:1:1,discrete_axial_tubes,numerical_discretization,0.75,0.2378919768200489,0.18789197682004888,0.14091898261503666,7,0.02381965554582242,0.14285714285714285,1.0,16.02917347899105,8.014586739495526,0.7839687199611091,8.014586739495526,1.2755610964294695,True,FAIL_RELATIVE_EQUILIBRIUM_GATE,0.3010839185642688,0.28838000598891944,0.2205383754039983,-0.36522234741559756,0.17396600473462526,0.1328698147950371,0.41536702695294264,1.301174108916972,1.209126647163918,,,,,
B7_DISCRETIZATION_CONVERGENCE,96,0.05,rosenhead,fixed_sampled_reach,trefoil,3:1:1,discrete_axial_tubes,numerical_discretization,0.75,0.2378919768200489,0.18789197682004888,0.14091898261503666,7,0.02381965554582242,0.2857142857142857,2.0,32.0583469579821,16.02917347899105,0.39198435998055453,16.02917347899105,2.551122192858939,True,FAIL_RELATIVE_EQUILIBRIUM_GATE,0.4882906064061408,0.3886780915227957,0.2205383754039983,-1.2140845352272795,0.2821338527510606,0.2657396295900742,0.8307340539058853,1.301174108916972,1.209126647163918,,,,,
B7_DISCRETIZATION_CONVERGENCE,96,0.05,rosenhead,fixed_sampled_reach,trefoil,3:1:1,discrete_axial_tubes,numerical_discretization,0.75,0.2378919768200489,0.18789197682004888,0.14091898261503666,19,0.01445798255608918,0.02631578947368421,0.5,8.014586739495526,4.007293369747763,1.5679374399222181,4.007293369747763,0.6377805482147347,True,FAIL_RELATIVE_EQUILIBRIUM_GATE,0.23757499436434798,0.2381388921951377,0.2205383754039983,-0.07725013358396593,0.13727060811318129,0.06645880245403828,0.2076962012055735,1.301174108916972,1.209126647163918,,,,,
B7_DISCRETIZATION_CONVERGENCE,96,0.05,rosenhead,fixed_sampled_reach,trefoil,3:1:1,discrete_axial_tubes,numerical_discretization,0.75,0.2378919768200489,0.18789197682004888,0.14091898261503666,19,0.01445798255608918,0.05263157894736842,1.0,16.02917347899105,8.014586739495526,0.7839687199611091,8.014586739495526,1.2755610964294695,True,FAIL_RELATIVE_EQUILIBRIUM_GATE,0.30117447455271984,0.28845812076484706,0.2205383754039983,-0.3656329607081146,0.1740183278995115,0.13291760490807655,0.415392402411147,1.301174108916972,1.209126647163918,,,,,
B7_DISCRETIZATION_CONVERGENCE,96,0.05,rosenhead,fixed_sampled_reach,trefoil,3:1:1,discrete_axial_tubes,numerical_discretization,0.75,0.2378919768200489,0.18789197682004888,0.14091898261503666,19,0.01445798255608918,0.10526315789473684,2.0,32.0583469579821,16.02917347899105,0.39198435998055453,16.02917347899105,2.551122192858939,True,FAIL_RELATIVE_EQUILIBRIUM_GATE,0.4884801799790715,0.38879745116823716,0.2205383754039983,-1.2149441297199992,0.28224338818305345,0.2658352098161531,0.830784804822294,1.301174108916972,1.209126647163918,,,,,
B7_DISCRETIZATION_CONVERGENCE,96,0.05,rosenhead,fixed_sampled_reach,trefoil,3:1:1,discrete_axial_tubes,numerical_discretization,0.75,0.2378919768200489,0.18789197682004888,0.14091898261503666,37,0.010360569654915804,0.013513513513513514,0.5,8.014586739495526,4.007293369747763,1.5679374399222181,4.007293369747763,0.6377805482147347,True,FAIL_RELATIVE_EQUILIBRIUM_GATE,0.23758390298771526,0.23814733791252513,0.2205383754039983,-0.07729052847374862,0.13727575550737717,0.06646510130341556,0.20769950997690073,1.301174108916972,1.209126647163918,,,,,
B7_DISCRETIZATION_CONVERGENCE,96,0.05,rosenhead,fixed_sampled_reach,trefoil,3:1:1,discrete_axial_tubes,numerical_discretization,0.75,0.2378919768200489,0.18789197682004888,0.14091898261503666,37,0.010360569654915804,0.02702702702702703,1.0,16.02917347899105,8.014586739495526,0.7839687199611091,8.014586739495526,1.2755610964294695,True,FAIL_RELATIVE_EQUILIBRIUM_GATE,0.3011968558110215,0.28847746465054275,0.2205383754039983,-0.36573444535114197,0.1740312597694906,0.1329302026068311,0.41539901995380146,1.301174108916972,1.209126647163918,,,,,
B7_DISCRETIZATION_CONVERGENCE,96,0.05,rosenhead,fixed_sampled_reach,trefoil,3:1:1,discrete_axial_tubes,numerical_discretization,0.75,0.2378919768200489,0.18789197682004888,0.14091898261503666,37,0.010360569654915804,0.05405405405405406,2.0,32.0583469579821,16.02917347899105,0.39198435998055453,16.02917347899105,2.551122192858939,True,FAIL_RELATIVE_EQUILIBRIUM_GATE,0.4885283135184363,0.3888280628602524,0.2205383754039983,-1.2151623844308932,0.28227119969679004,0.2658604052136622,0.8307980399076029,1.301174108916972,1.209126647163918,,,,,
B7_DISCRETIZATION_CONVERGENCE,96,0.05,rosenhead,fixed_sampled_reach,trefoil,3:1:1,discrete_axial_tubes,numerical_discretization,0.75,0.2378919768200489,0.18789197682004888,0.14091898261503666,61,0.008068997471857495,0.00819672131147541,0.5,8.014586739495526,4.007293369747763,1.5679374399222181,4.007293369747763,0.6377805482147347,True,FAIL_RELATIVE_EQUILIBRIUM_GATE,0.23758702920445643,0.23815030164452486,0.2205383754039983,-0.07730470386039245,0.1372775618324675,0.06646731952527983,0.20770066907935625,1.301174108916972,1.209126647163918,,,,,
B7_DISCRETIZATION_CONVERGENCE,96,0.05,rosenhead,fixed_sampled_reach,trefoil,3:1:1,discrete_axial_tubes,numerical_discretization,0.75,0.2378919768200489,0.18789197682004888,0.14091898261503666,61,0.008068997471857495,0.01639344262295082,1.0,16.02917347899105,8.014586739495526,0.7839687199611091,8.014586739495526,1.2755610964294695,True,FAIL_RELATIVE_EQUILIBRIUM_GATE,0.301204720114665,0.2884842631638537,0.2205383754039983,-0.36577010492117834,0.17403580375673308,0.13293463905055966,0.4154013381587125,1.301174108916972,1.209126647163918,,,,,
B7_DISCRETIZATION_CONVERGENCE,96,0.05,rosenhead,fixed_sampled_reach,trefoil,3:1:1,discrete_axial_tubes,numerical_discretization,0.75,0.2378919768200489,0.18789197682004888,0.14091898261503666,61,0.008068997471857495,0.03278688524590164,2.0,32.0583469579821,16.02917347899105,0.39198435998055453,16.02917347899105,2.551122192858939,True,FAIL_RELATIVE_EQUILIBRIUM_GATE,0.4885452425559301,0.38883883864616237,0.2205383754039983,-1.2152391467515677,0.28228098127871865,0.2658692781011193,0.830802676317425,1.301174108916972,1.209126647163918,,,,,
B7_DISCRETIZATION_CONVERGENCE,96,0.05,rosenhead,fixed_sampled_reach,trefoil,3:1:1,discrete_axial_tubes,numerical_discretization,0.75,0.2378919768200489,0.18789197682004888,0.14091898261503666,91,0.006606383802642532,0.005494505494505495,0.5,8.014586739495526,4.007293369747763,1.5679374399222181,4.007293369747763,0.6377805482147347,True,FAIL_RELATIVE_EQUILIBRIUM_GATE,0.23758855600273412,0.23815174909032064,0.2205383754039983,-0.07731162691074545,0.13727844401507516,0.06646840380237148,0.2077012341177613,1.301174108916972,1.209126647163918,,,,,
B7_DISCRETIZATION_CONVERGENCE,96,0.05,rosenhead,fixed_sampled_reach,trefoil,3:1:1,discrete_axial_tubes,numerical_discretization,0.75,0.2378919768200489,0.18789197682004888,0.14091898261503666,91,0.006606383802642532,0.01098901098901099,1.0,16.02917347899105,8.014586739495526,0.7839687199611091,8.014586739495526,1.2755610964294695,True,FAIL_RELATIVE_EQUILIBRIUM_GATE,0.3012085621390748,0.2884875848404447,0.2205383754039983,-0.3657875260362238,0.1740380236748206,0.13293680760474297,0.4154024682355226,1.301174108916972,1.209126647163918,,,,,
B7_DISCRETIZATION_CONVERGENCE,96,0.05,rosenhead,fixed_sampled_reach,trefoil,3:1:1,discrete_axial_tubes,numerical_discretization,0.75,0.2378919768200489,0.18789197682004888,0.14091898261503666,91,0.006606383802642532,0.02197802197802198,2.0,32.0583469579821,16.02917347899105,0.39198435998055453,16.02917347899105,2.551122192858939,True,FAIL_RELATIVE_EQUILIBRIUM_GATE,0.48855351494500937,0.38884410617200343,0.2205383754039983,-1.2152766567271631,0.2822857610573417,0.26587361520948594,0.8308049364710453,1.301174108916972,1.209126647163918,,,,,
B7_DISCRETIZATION_CONVERGENCE,96,0.05,rosenhead,fixed_sampled_reach,trefoil,3:1:1,discrete_axial_tubes,numerical_discretization,1.0,0.2378919768200489,0.18789197682004888,0.18789197682004888,1,0.08402784651928881,0.5,0.5,4.508205040966233,2.2541025204831167,2.787444337639499,2.2541025204831167,0.35875155837078826,True,FAIL_RELATIVE_EQUILIBRIUM_GATE,0.2376013918720027,0.23816391770744205,0.2205383754039983,-0.07736982934034553,0.13728586056825612,0.06647755081612368,0.20770595195744346,1.301174108916972,1.209126647163918,,,,,
B7_DISCRETIZATION_CONVERGENCE,96,0.05,rosenhead,fixed_sampled_reach,trefoil,3:1:1,discrete_axial_tubes,numerical_discretization,1.0,0.2378919768200489,0.18789197682004888,0.18789197682004888,1,0.08402784651928881,1.0,1.0,9.016410081932467,4.508205040966233,1.3937221688197494,4.508205040966233,0.7175031167415765,True,FAIL_RELATIVE_EQUILIBRIUM_GATE,0.30124090339587045,0.2885155563474479,0.2205383754039983,-0.3659341728805039,0.1740567104225541,0.13295510163224736,0.4154119039148869,1.301174108916972,1.209126647163918,,,,,
B7_DISCRETIZATION_CONVERGENCE,96,0.05,rosenhead,fixed_sampled_reach,trefoil,3:1:1,discrete_axial_tubes,numerical_discretization,1.0,0.2378919768200489,0.18789197682004888,0.18789197682004888,1,0.08402784651928881,2.0,2.0,18.032820163864933,9.016410081932467,0.6968610844098747,9.016410081932467,1.435006233483153,True,FAIL_RELATIVE_EQUILIBRIUM_GATE,0.4886232137280848,0.3888885498127025,0.2205383754039983,-1.2155926959785988,0.28232603294859493,0.2659102032644947,0.8308238078297738,1.301174108916972,1.209126647163918,,,,,
B7_DISCRETIZATION_CONVERGENCE,96,0.05,rosenhead,fixed_sampled_reach,trefoil,3:1:1,discrete_axial_tubes,numerical_discretization,1.0,0.2378919768200489,0.18789197682004888,0.18789197682004888,7,0.03175954072776323,0.07142857142857142,0.5,4.508205040966233,2.2541025204831167,2.787444337639499,2.2541025204831167,0.35875155837078826,True,FAIL_RELATIVE_EQUILIBRIUM_GATE,0.23732750643670786,0.237903746224064,0.2205383754039983,-0.07612793465968903,0.13712760982155248,0.0663777113541527,0.20763458916381106,1.301174108916972,1.209126647163918,,,,,
B7_DISCRETIZATION_CONVERGENCE,96,0.05,rosenhead,fixed_sampled_reach,trefoil,3:1:1,discrete_axial_tubes,numerical_discretization,1.0,0.2378919768200489,0.18789197682004888,0.18789197682004888,7,0.03175954072776323,0.14285714285714285,1.0,9.016410081932467,4.508205040966233,1.3937221688197494,4.508205040966233,0.7175031167415765,True,FAIL_RELATIVE_EQUILIBRIUM_GATE,0.3006766835963275,0.28803617142686555,0.2205383754039983,-0.36337579818263377,0.17373070475348112,0.1327554227083054,0.4152691783276221,1.301174108916972,1.209126647163918,,,,,
B7_DISCRETIZATION_CONVERGENCE,96,0.05,rosenhead,fixed_sampled_reach,trefoil,3:1:1,discrete_axial_tubes,numerical_discretization,1.0,0.2378919768200489,0.18789197682004888,0.18789197682004888,7,0.03175954072776323,0.2857142857142857,2.0,18.032820163864933,9.016410081932467,0.6968610844098747,9.016410081932467,1.435006233483153,True,FAIL_RELATIVE_EQUILIBRIUM_GATE,0.4876018569865131,0.3882981844011756,0.2205383754039983,-1.2109614986203123,0.28173589398472304,0.2655108454166108,0.8305383566552442,1.301174108916972,1.209126647163918,,,,,
B7_DISCRETIZATION_CONVERGENCE,96,0.05,rosenhead,fixed_sampled_reach,trefoil,3:1:1,discrete_axial_tubes,numerical_discretization,1.0,0.2378919768200489,0.18789197682004888,0.18789197682004888,19,0.019277310074785572,0.02631578947368421,0.5,4.508205040966233,2.2541025204831167,2.787444337639499,2.2541025204831167,0.35875155837078826,True,FAIL_RELATIVE_EQUILIBRIUM_GATE,0.2373742134109974,0.23794849230950535,0.2205383754039983,-0.07633972081347751,0.13715459706733146,0.06632006373491658,0.20762004686947702,1.301174108916972,1.209126647163918,,,,,
B7_DISCRETIZATION_CONVERGENCE,96,0.05,rosenhead,fixed_sampled_reach,trefoil,3:1:1,discrete_axial_tubes,numerical_discretization,1.0,0.2378919768200489,0.18789197682004888,0.18789197682004888,19,0.019277310074785572,0.05263157894736842,1.0,9.016410081932467,4.508205040966233,1.3937221688197494,4.508205040966233,0.7175031167415765,True,FAIL_RELATIVE_EQUILIBRIUM_GATE,0.3006742170995034,0.28802638906974454,0.2205383754039983,-0.36336461420243293,0.17372927961393791,0.13264012746983317,0.41524009373895404,1.301174108916972,1.209126647163918,,,,,
B7_DISCRETIZATION_CONVERGENCE,96,0.05,rosenhead,fixed_sampled_reach,trefoil,3:1:1,discrete_axial_tubes,numerical_discretization,1.0,0.2378919768200489,0.18789197682004888,0.18789197682004888,19,0.019277310074785572,0.10526315789473684,2.0,18.032820163864933,9.016410081932467,0.6968610844098747,9.016410081932467,1.435006233483153,True,FAIL_RELATIVE_EQUILIBRIUM_GATE,0.48741080877221293,0.3881216725255687,0.2205383754039983,-1.210095217575346,0.28162550650633505,0.26528025493966634,0.8304801874779081,1.301174108916972,1.209126647163918,,,,,
B7_DISCRETIZATION_CONVERGENCE,96,0.05,rosenhead,fixed_sampled_reach,trefoil,3:1:1,discrete_axial_tubes,numerical_discretization,1.0,0.2378919768200489,0.18789197682004888,0.18789197682004888,37,0.013814092873221072,0.013513513513513514,0.5,4.508205040966233,2.2541025204831167,2.787444337639499,2.2541025204831167,0.35875155837078826,True,FAIL_RELATIVE_EQUILIBRIUM_GATE,0.2374689829610667,0.2380383499210968,0.2205383754039983,-0.076769439903843,0.13720935482415444,0.0663850458163016,0.2076560740790944,1.301174108916972,1.209126647163918,,,,,
B7_DISCRETIZATION_CONVERGENCE,96,0.05,rosenhead,fixed_sampled_reach,trefoil,3:1:1,discrete_axial_tubes,numerical_discretization,1.0,0.2378919768200489,0.18789197682004888,0.18789197682004888,37,0.013814092873221072,0.02702702702702703,1.0,9.016410081932467,4.508205040966233,1.3937221688197494,4.508205040966233,0.7175031167415765,True,FAIL_RELATIVE_EQUILIBRIUM_GATE,0.3009096983494704,0.2882295138714585,0.2205383754039983,-0.3644323705488537,0.17386534045850915,0.1327700916326032,0.4153121481581888,1.301174108916972,1.209126647163918,,,,,
B7_DISCRETIZATION_CONVERGENCE,96,0.05,rosenhead,fixed_sampled_reach,trefoil,3:1:1,discrete_axial_tubes,numerical_discretization,1.0,0.2378919768200489,0.18789197682004888,0.18789197682004888,37,0.013814092873221072,0.05405405405405406,2.0,18.032820163864933,9.016410081932467,0.6968610844098747,9.016410081932467,1.435006233483153,True,FAIL_RELATIVE_EQUILIBRIUM_GATE,0.48791317003501056,0.3884386138704803,0.2205383754039983,-1.2123731035073404,0.2819157703711044,0.2655401832652064,0.8306242963163776,1.301174108916972,1.209126647163918,,,,,
B7_DISCRETIZATION_CONVERGENCE,96,0.05,rosenhead,fixed_sampled_reach,trefoil,3:1:1,discrete_axial_tubes,numerical_discretization,1.0,0.2378919768200489,0.18789197682004888,0.18789197682004888,61,0.010758663295809993,0.00819672131147541,0.5,4.508205040966233,2.2541025204831167,2.787444337639499,2.2541025204831167,0.35875155837078826,True,FAIL_RELATIVE_EQUILIBRIUM_GATE,0.23749830053602314,0.23806614366576495,0.2205383754039983,-0.07690237629145691,0.1372262944913675,0.06640537353878215,0.20766726004300823,1.301174108916972,1.209126647163918,,,,,
B7_DISCRETIZATION_CONVERGENCE,96,0.05,rosenhead,fixed_sampled_reach,trefoil,3:1:1,discrete_axial_tubes,numerical_discretization,1.0,0.2378919768200489,0.18789197682004888,0.18789197682004888,61,0.010758663295809993,0.01639344262295082,1.0,9.016410081932467,4.508205040966233,1.3937221688197494,4.508205040966233,0.7175031167415765,True,FAIL_RELATIVE_EQUILIBRIUM_GATE,0.3009828353073232,0.28829261594322814,0.2205383754039983,-0.36476399971642537,0.1739075989239123,0.1328107470775643,0.41533452008601646,1.301174108916972,1.209126647163918,,,,,
B7_DISCRETIZATION_CONVERGENCE,96,0.05,rosenhead,fixed_sampled_reach,trefoil,3:1:1,discrete_axial_tubes,numerical_discretization,1.0,0.2378919768200489,0.18789197682004888,0.18789197682004888,61,0.010758663295809993,0.03278688524590164,2.0,18.032820163864933,9.016410081932467,0.6968610844098747,9.016410081932467,1.435006233483153,True,FAIL_RELATIVE_EQUILIBRIUM_GATE,0.4880696527293239,0.3885374830214083,0.2205383754039983,-1.2130826521018951,0.28200618592458065,0.2656214941551286,0.8306690401720329,1.301174108916972,1.209126647163918,,,,,
B7_DISCRETIZATION_CONVERGENCE,96,0.05,rosenhead,fixed_sampled_reach,trefoil,3:1:1,discrete_axial_tubes,numerical_discretization,1.0,0.2378919768200489,0.18789197682004888,0.18789197682004888,91,0.008808511736856709,0.005494505494505495,0.5,4.508205040966233,2.2541025204831167,2.787444337639499,2.2541025204831167,0.35875155837078826,True,FAIL_RELATIVE_EQUILIBRIUM_GATE,0.23751163317786297,0.2380787891215138,0.2205383754039983,-0.07696283126585945,0.13723399807927247,0.06641465538969432,0.2076723568298477,1.301174108916972,1.209126647163918,,,,,
B7_DISCRETIZATION_CONVERGENCE,96,0.05,rosenhead,fixed_sampled_reach,trefoil,3:1:1,discrete_axial_tubes,numerical_discretization,1.0,0.2378919768200489,0.18789197682004888,0.18789197682004888,91,0.008808511736856709,0.01098901098901099,1.0,9.016410081932467,4.508205040966233,1.3937221688197494,4.508205040966233,0.7175031167415765,True,FAIL_RELATIVE_EQUILIBRIUM_GATE,0.3010161438067785,0.2883213674141652,0.2205383754039983,-0.3649150323854302,0.1739268445435441,0.13282931077938864,0.4153447136596954,1.301174108916972,1.209126647163918,,,,,
B7_DISCRETIZATION_CONVERGENCE,96,0.05,rosenhead,fixed_sampled_reach,trefoil,3:1:1,discrete_axial_tubes,numerical_discretization,1.0,0.2378919768200489,0.18789197682004888,0.18789197682004888,91,0.008808511736856709,0.02197802197802198,2.0,18.032820163864933,9.016410081932467,0.6968610844098747,9.016410081932467,1.435006233483153,True,FAIL_RELATIVE_EQUILIBRIUM_GATE,0.488140994911099,0.38858258844277543,0.2205383754039983,-1.2134061431117678,0.28204740737005557,0.2656586215587773,0.8306894273193908,1.301174108916972,1.209126647163918,,,,,
B7_DISCRETIZATION_CONVERGENCE,96,0.05,rosenhead,fixed_sampled_reach,trefoil,3:1:1,continuum_rankine,continuum,0.5,0.2378919768200489,0.18789197682004888,0.09394598841002444,0,0.0,0.0,0.5,18.032820163864933,9.016410081932467,0.6968610844098747,9.016410081932467,1.435006233483153,True,FAIL_RELATIVE_EQUILIBRIUM_GATE,0.2376013918720027,0.23816391770744205,0.2205383754039983,-0.07736982934034553,0.13728586056825612,0.06647755081612368,0.20770595195744346,1.301174108916972,1.209126647163918,,,,,
B7_DISCRETIZATION_CONVERGENCE,96,0.05,rosenhead,fixed_sampled_reach,trefoil,3:1:1,continuum_rankine,continuum,0.5,0.2378919768200489,0.18789197682004888,0.09394598841002444,0,0.0,0.0,1.0,36.06564032772987,18.032820163864933,0.34843054220493735,18.032820163864933,2.870012466966306,True,FAIL_RELATIVE_EQUILIBRIUM_GATE,0.3012409033958705,0.2885155563474479,0.2205383754039983,-0.3659341728805041,0.17405671042255413,0.13295510163224736,0.4154119039148869,1.301174108916972,1.209126647163918,,,,,
B7_DISCRETIZATION_CONVERGENCE,96,0.05,rosenhead,fixed_sampled_reach,trefoil,3:1:1,continuum_rankine,continuum,0.5,0.2378919768200489,0.18789197682004888,0.09394598841002444,0,0.0,0.0,2.0,72.13128065545973,36.06564032772987,0.17421527110246868,36.06564032772987,5.740024933932612,True,FAIL_RELATIVE_EQUILIBRIUM_GATE,0.4886232137280848,0.3888885498127025,0.2205383754039983,-1.2155926959785988,0.28232603294859493,0.2659102032644947,0.8308238078297738,1.301174108916972,1.209126647163918,,,,,
B7_DISCRETIZATION_CONVERGENCE,96,0.05,rosenhead,fixed_sampled_reach,trefoil,3:1:1,continuum_rankine,continuum,0.75,0.2378919768200489,0.18789197682004888,0.14091898261503666,0,0.0,0.0,0.5,8.014586739495526,4.007293369747763,1.5679374399222181,4.007293369747763,0.6377805482147347,True,FAIL_RELATIVE_EQUILIBRIUM_GATE,0.2376013918720027,0.23816391770744205,0.2205383754039983,-0.07736982934034553,0.13728586056825612,0.06647755081612368,0.20770595195744346,1.301174108916972,1.209126647163918,,,,,
B7_DISCRETIZATION_CONVERGENCE,96,0.05,rosenhead,fixed_sampled_reach,trefoil,3:1:1,continuum_rankine,continuum,0.75,0.2378919768200489,0.18789197682004888,0.14091898261503666,0,0.0,0.0,1.0,16.02917347899105,8.014586739495526,0.7839687199611091,8.014586739495526,1.2755610964294695,True,FAIL_RELATIVE_EQUILIBRIUM_GATE,0.3012409033958705,0.2885155563474479,0.2205383754039983,-0.3659341728805041,0.17405671042255413,0.13295510163224736,0.4154119039148869,1.301174108916972,1.209126647163918,,,,,
B7_DISCRETIZATION_CONVERGENCE,96,0.05,rosenhead,fixed_sampled_reach,trefoil,3:1:1,continuum_rankine,continuum,0.75,0.2378919768200489,0.18789197682004888,0.14091898261503666,0,0.0,0.0,2.0,32.0583469579821,16.02917347899105,0.39198435998055453,16.02917347899105,2.551122192858939,True,FAIL_RELATIVE_EQUILIBRIUM_GATE,0.4886232137280848,0.3888885498127025,0.2205383754039983,-1.2155926959785988,0.28232603294859493,0.2659102032644947,0.8308238078297738,1.301174108916972,1.209126647163918,,,,,
B7_DISCRETIZATION_CONVERGENCE,96,0.05,rosenhead,fixed_sampled_reach,trefoil,3:1:1,continuum_rankine,continuum,1.0,0.2378919768200489,0.18789197682004888,0.18789197682004888,0,0.0,0.0,0.5,4.508205040966233,2.2541025204831167,2.787444337639499,2.2541025204831167,0.35875155837078826,True,FAIL_RELATIVE_EQUILIBRIUM_GATE,0.2376013918720027,0.23816391770744205,0.2205383754039983,-0.07736982934034553,0.13728586056825612,0.06647755081612368,0.20770595195744346,1.301174108916972,1.209126647163918,,,,,
B7_DISCRETIZATION_CONVERGENCE,96,0.05,rosenhead,fixed_sampled_reach,trefoil,3:1:1,continuum_rankine,continuum,1.0,0.2378919768200489,0.18789197682004888,0.18789197682004888,0,0.0,0.0,1.0,9.016410081932467,4.508205040966233,1.3937221688197494,4.508205040966233,0.7175031167415765,True,FAIL_RELATIVE_EQUILIBRIUM_GATE,0.3012409033958705,0.2885155563474479,0.2205383754039983,-0.3659341728805041,0.17405671042255413,0.13295510163224736,0.4154119039148869,1.301174108916972,1.209126647163918,,,,,
B7_DISCRETIZATION_CONVERGENCE,96,0.05,rosenhead,fixed_sampled_reach,trefoil,3:1:1,continuum_rankine,continuum,1.0,0.2378919768200489,0.18789197682004888,0.18789197682004888,0,0.0,0.0,2.0,18.032820163864933,9.016410081932467,0.6968610844098747,9.016410081932467,1.435006233483153,True,FAIL_RELATIVE_EQUILIBRIUM_GATE,0.4886232137280848,0.3888885498127025,0.2205383754039983,-1.2155926959785988,0.28232603294859493,0.2659102032644947,0.8308238078297738,1.301174108916972,1.209126647163918,,,,,
B7_DISCRETIZATION_CONVERGENCE,96,0.05,winckelmans,fixed_sampled_reach,trefoil,3:1:1,discrete_axial_tubes,numerical_discretization,0.5,0.2378919768200489,0.18789197682004888,0.09394598841002444,1,0.042013923259644405,0.5,0.5,18.032820163864933,9.016410081932467,0.6968610844098747,9.016410081932467,1.435006233483153,True,FAIL_RELATIVE_EQUILIBRIUM_GATE,0.2427127751920801,0.24210786384718883,0.22333112051720835,-0.08678438826611412,0.14823320361558723,0.06647755081612368,0.20770595195744346,1.301174108916972,1.209126647163918,,,,,
B7_DISCRETIZATION_CONVERGENCE,96,0.05,winckelmans,fixed_sampled_reach,trefoil,3:1:1,discrete_axial_tubes,numerical_discretization,0.5,0.2378919768200489,0.18789197682004888,0.09394598841002444,1,0.042013923259644405,1.0,1.0,36.06564032772987,18.032820163864933,0.34843054220493735,18.032820163864933,2.870012466966306,True,FAIL_RELATIVE_EQUILIBRIUM_GATE,0.30271794237533123,0.28874198119973166,0.22333112051720835,-0.3554669034672482,0.18488046356316523,0.13295510163224736,0.4154119039148869,1.301174108916972,1.209126647163918,,,,,
B7_DISCRETIZATION_CONVERGENCE,96,0.05,winckelmans,fixed_sampled_reach,trefoil,3:1:1,discrete_axial_tubes,numerical_discretization,0.5,0.2378919768200489,0.18789197682004888,0.09394598841002444,1,0.042013923259644405,2.0,2.0,72.13128065545973,36.06564032772987,0.17421527110246868,36.06564032772987,5.740024933932612,True,FAIL_RELATIVE_EQUILIBRIUM_GATE,0.47768541327804004,0.3830852952095709,0.22333112051720835,-1.1389111028135144,0.2917392340580439,0.2659102032644947,0.8308238078297738,1.301174108916972,1.209126647163918,,,,,
B7_DISCRETIZATION_CONVERGENCE,96,0.05,winckelmans,fixed_sampled_reach,trefoil,3:1:1,discrete_axial_tubes,numerical_discretization,0.5,0.2378919768200489,0.18789197682004888,0.09394598841002444,7,0.015879770363881614,0.07142857142857142,0.5,18.032820163864933,9.016410081932467,0.6968610844098747,9.016410081932467,1.435006233483153,True,FAIL_RELATIVE_EQUILIBRIUM_GATE,0.242707403870881,0.2421028141759138,0.22333112051720835,-0.08676033733587807,0.1482299231613616,0.06647337562925144,0.20770381297937474,1.301174108916972,1.209126647163918,,,,,
B7_DISCRETIZATION_CONVERGENCE,96,0.05,winckelmans,fixed_sampled_reach,trefoil,3:1:1,discrete_axial_tubes,numerical_discretization,0.5,0.2378919768200489,0.18789197682004888,0.09394598841002444,7,0.015879770363881614,0.14285714285714285,1.0,36.06564032772987,18.032820163864933,0.34843054220493735,18.032820163864933,2.870012466966306,True,FAIL_RELATIVE_EQUILIBRIUM_GATE,0.3027044128167205,0.2887303384072077,0.22333112051720835,-0.3554063227538242,0.18487220058724735,0.1329467512585029,0.41540762595874947,1.301174108916972,1.209126647163918,,,,,
B7_DISCRETIZATION_CONVERGENCE,96,0.05,winckelmans,fixed_sampled_reach,trefoil,3:1:1,discrete_axial_tubes,numerical_discretization,0.5,0.2378919768200489,0.18789197682004888,0.09394598841002444,7,0.015879770363881614,0.2857142857142857,2.0,72.13128065545973,36.06564032772987,0.17421527110246868,36.06564032772987,5.740024933932612,True,FAIL_RELATIVE_EQUILIBRIUM_GATE,0.4776558031226724,0.3830661292515971,0.22333112051720835,-1.1387785187146258,0.2917211500977488,0.2658935025170058,0.8308152519174989,1.301174108916972,1.209126647163918,,,,,
B7_DISCRETIZATION_CONVERGENCE,96,0.05,winckelmans,fixed_sampled_reach,trefoil,3:1:1,discrete_axial_tubes,numerical_discretization,0.5,0.2378919768200489,0.18789197682004888,0.09394598841002444,19,0.009638655037392786,0.02631578947368421,0.5,18.032820163864933,9.016410081932467,0.6968610844098747,9.016410081932467,1.435006233483153,True,FAIL_RELATIVE_EQUILIBRIUM_GATE,0.24271088249386258,0.24210608451114718,0.22333112051720835,-0.08677591341400603,0.14823204767840992,0.06647607142857567,0.20770519451236916,1.301174108916972,1.209126647163918,,,,,
B7_DISCRETIZATION_CONVERGENCE,96,0.05,winckelmans,fixed_sampled_reach,trefoil,3:1:1,discrete_axial_tubes,numerical_discretization,0.5,0.2378919768200489,0.18789197682004888,0.09394598841002444,19,0.009638655037392786,0.05263157894736842,1.0,36.06564032772987,18.032820163864933,0.34843054220493735,18.032820163864933,2.870012466966306,True,FAIL_RELATIVE_EQUILIBRIUM_GATE,0.30271316533923026,0.2887378699529867,0.22333112051720835,-0.35544551354142917,0.18487754605969028,0.13295214285715135,0.4154103890247383,1.301174108916972,1.209126647163918,,,,,
B7_DISCRETIZATION_CONVERGENCE,96,0.05,winckelmans,fixed_sampled_reach,trefoil,3:1:1,discrete_axial_tubes,numerical_discretization,0.5,0.2378919768200489,0.18789197682004888,0.09394598841002444,19,0.009638655037392786,0.10526315789473684,2.0,72.13128065545973,36.06564032772987,0.17421527110246868,36.06564032772987,5.740024933932612,True,FAIL_RELATIVE_EQUILIBRIUM_GATE,0.4776749429737716,0.3830785150257957,0.22333112051720835,-1.1388642203895865,0.29173283947603934,0.2659042857143027,0.8308207780494766,1.301174108916972,1.209126647163918,,,,,
B7_DISCRETIZATION_CONVERGENCE,96,0.05,winckelmans,fixed_sampled_reach,trefoil,3:1:1,discrete_axial_tubes,numerical_discretization,0.5,0.2378919768200489,0.18789197682004888,0.09394598841002444,37,0.006907046436610536,0.013513513513513514,0.5,18.032820163864933,9.016410081932467,0.6968610844098747,9.016410081932467,1.435006233483153,True,FAIL_RELATIVE_EQUILIBRIUM_GATE,0.24271147236716914,0.24210663905308333,0.22333112051720835,-0.08677855466393658,0.14823240793472475,0.06647653245896178,0.207705430846563,1.301174108916972,1.209126647163918,,,,,
B7_DISCRETIZATION_CONVERGENCE,96,0.05,winckelmans,fixed_sampled_reach,trefoil,3:1:1,discrete_axial_tubes,numerical_discretization,0.5,0.2378919768200489,0.18789197682004888,0.09394598841002444,37,0.006907046436610536,0.02702702702702703,1.0,36.06564032772987,18.032820163864933,0.34843054220493735,18.032820163864933,2.870012466966306,True,FAIL_RELATIVE_EQUILIBRIUM_GATE,0.30271465410179615,0.2887391511520977,0.22333112051720835,-0.3554521797085197,0.1848784552991994,0.13295306491792355,0.415410861693126,1.301174108916972,1.209126647163918,,,,,
B7_DISCRETIZATION_CONVERGENCE,96,0.05,winckelmans,fixed_sampled_reach,trefoil,3:1:1,discrete_axial_tubes,numerical_discretization,0.5,0.2378919768200489,0.18789197682004888,0.09394598841002444,37,0.006907046436610536,0.05405405405405406,2.0,72.13128065545973,36.06564032772987,0.17421527110246868,36.06564032772987,5.740024933932612,True,FAIL_RELATIVE_EQUILIBRIUM_GATE,0.4776782059850785,0.3830806276435002,0.22333112051720835,-1.1388788310327396,0.2917348323114764,0.2659061298358471,0.830821723386252,1.301174108916972,1.209126647163918,,,,,
B7_DISCRETIZATION_CONVERGENCE,96,0.05,winckelmans,fixed_sampled_reach,trefoil,3:1:1,discrete_axial_tubes,numerical_discretization,0.5,0.2378919768200489,0.18789197682004888,0.09394598841002444,61,0.005379331647904996,0.00819672131147541,0.5,18.032820163864933,9.016410081932467,0.6968610844098747,9.016410081932467,1.435006233483153,True,FAIL_RELATIVE_EQUILIBRIUM_GATE,0.24271168795919812,0.24210684173206956,0.22333112051720835,-0.08677952001094469,0.14823253960433755,0.0664767009898885,0.207705517181381,1.301174108916972,1.209126647163918,,,,,
B7_DISCRETIZATION_CONVERGENCE,96,0.05,winckelmans,fixed_sampled_reach,trefoil,3:1:1,discrete_axial_tubes,numerical_discretization,0.5,0.2378919768200489,0.18789197682004888,0.09394598841002444,61,0.005379331647904996,0.01639344262295082,1.0,36.06564032772987,18.032820163864933,0.34843054220493735,18.032820163864933,2.870012466966306,True,FAIL_RELATIVE_EQUILIBRIUM_GATE,0.3027151982621504,0.2887396194605156,0.22333112051720835,-0.35545461627156083,0.1848787876370111,0.132953401979777,0.415411034362762,1.301174108916972,1.209126647163918,,,,,
B7_DISCRETIZATION_CONVERGENCE,96,0.05,winckelmans,fixed_sampled_reach,trefoil,3:1:1,discrete_axial_tubes,numerical_discretization,0.5,0.2378919768200489,0.18789197682004888,0.09394598841002444,61,0.005379331647904996,0.03278688524590164,2.0,72.13128065545973,36.06564032772987,0.17421527110246868,36.06564032772987,5.740024933932612,True,FAIL_RELATIVE_EQUILIBRIUM_GATE,0.47767939870979176,0.38308139995123386,0.22333112051720835,-1.1388841716440727,0.29173556075028706,0.265906803959554,0.830822068725524,1.301174108916972,1.209126647163918,,,,,
B7_DISCRETIZATION_CONVERGENCE,96,0.05,winckelmans,fixed_sampled_reach,trefoil,3:1:1,discrete_axial_tubes,numerical_discretization,0.5,0.2378919768200489,0.18789197682004888,0.09394598841002444,91,0.0044042558684283546,0.005494505494505495,0.5,18.032820163864933,9.016410081932467,0.6968610844098747,9.016410081932467,1.435006233483153,True,FAIL_RELATIVE_EQUILIBRIUM_GATE,0.24271179567564294,0.24210694299683097,0.22333112051720835,-0.08678000232816308,0.14823260539054797,0.06647678519056692,0.20770556030155898,1.301174108916972,1.209126647163918,,,,,
B7_DISCRETIZATION_CONVERGENCE,96,0.05,winckelmans,fixed_sampled_reach,trefoil,3:1:1,discrete_axial_tubes,numerical_discretization,0.5,0.2378919768200489,0.18789197682004888,0.09394598841002444,91,0.0044042558684283546,0.01098901098901099,1.0,36.06564032772987,18.032820163864933,0.34843054220493735,18.032820163864933,2.870012466966306,True,FAIL_RELATIVE_EQUILIBRIUM_GATE,0.3027154701383853,0.2887398534425051,0.22333112051720835,-0.3554558336398985,0.18487895368136234,0.13295357038113384,0.41541112060311797,1.301174108916972,1.209126647163918,,,,,
B7_DISCRETIZATION_CONVERGENCE,96,0.05,winckelmans,fixed_sampled_reach,trefoil,3:1:1,discrete_axial_tubes,numerical_discretization,0.5,0.2378919768200489,0.18789197682004888,0.09394598841002444,91,0.0044042558684283546,0.02197802197802198,2.0,72.13128065545973,36.06564032772987,0.17421527110246868,36.06564032772987,5.740024933932612,True,FAIL_RELATIVE_EQUILIBRIUM_GATE,0.4776799946201191,0.38308178583017966,0.22333112051720835,-1.1388868399257075,0.2917359246936222,0.2659071407622677,0.8308222412062359,1.301174108916972,1.209126647163918,,,,,
B7_DISCRETIZATION_CONVERGENCE,96,0.05,winckelmans,fixed_sampled_reach,trefoil,3:1:1,discrete_axial_tubes,numerical_discretization,0.75,0.2378919768200489,0.18789197682004888,0.14091898261503666,1,0.06302088488946661,0.5,0.5,8.014586739495526,4.007293369747763,1.5679374399222181,4.007293369747763,0.6377805482147347,True,FAIL_RELATIVE_EQUILIBRIUM_GATE,0.2427127751920801,0.24210786384718883,0.22333112051720835,-0.08678438826611412,0.14823320361558723,0.06647755081612368,0.20770595195744346,1.301174108916972,1.209126647163918,,,,,
B7_DISCRETIZATION_CONVERGENCE,96,0.05,winckelmans,fixed_sampled_reach,trefoil,3:1:1,discrete_axial_tubes,numerical_discretization,0.75,0.2378919768200489,0.18789197682004888,0.14091898261503666,1,0.06302088488946661,1.0,1.0,16.02917347899105,8.014586739495526,0.7839687199611091,8.014586739495526,1.2755610964294695,True,FAIL_RELATIVE_EQUILIBRIUM_GATE,0.30271794237533123,0.28874198119973166,0.22333112051720835,-0.3554669034672482,0.18488046356316523,0.13295510163224736,0.4154119039148869,1.301174108916972,1.209126647163918,,,,,
B7_DISCRETIZATION_CONVERGENCE,96,0.05,winckelmans,fixed_sampled_reach,trefoil,3:1:1,discrete_axial_tubes,numerical_discretization,0.75,0.2378919768200489,0.18789197682004888,0.14091898261503666,1,0.06302088488946661,2.0,2.0,32.0583469579821,16.02917347899105,0.39198435998055453,16.02917347899105,2.551122192858939,True,FAIL_RELATIVE_EQUILIBRIUM_GATE,0.47768541327804004,0.3830852952095709,0.22333112051720835,-1.1389111028135144,0.2917392340580439,0.2659102032644947,0.8308238078297738,1.301174108916972,1.209126647163918,,,,,
B7_DISCRETIZATION_CONVERGENCE,96,0.05,winckelmans,fixed_sampled_reach,trefoil,3:1:1,discrete_axial_tubes,numerical_discretization,0.75,0.2378919768200489,0.18789197682004888,0.14091898261503666,7,0.02381965554582242,0.07142857142857142,0.5,8.014586739495526,4.007293369747763,1.5679374399222181,4.007293369747763,0.6377805482147347,True,FAIL_RELATIVE_EQUILIBRIUM_GATE,0.24265420451499567,0.24205279483653216,0.22333112051720835,-0.08652212890454924,0.14819743244904982,0.06643490739751855,0.20768351347647132,1.301174108916972,1.209126647163918,,,,,
B7_DISCRETIZATION_CONVERGENCE,96,0.05,winckelmans,fixed_sampled_reach,trefoil,3:1:1,discrete_axial_tubes,numerical_discretization,0.75,0.2378919768200489,0.18789197682004888,0.14091898261503666,7,0.02381965554582242,0.14285714285714285,1.0,16.02917347899105,8.014586739495526,0.7839687199611091,8.014586739495526,1.2755610964294695,True,FAIL_RELATIVE_EQUILIBRIUM_GATE,0.3025738014124677,0.2886181846735151,0.22333112051720835,-0.35482148977600025,0.18479243162219885,0.1328698147950371,0.41536702695294264,1.301174108916972,1.209126647163918,,,,,
B7_DISCRETIZATION_CONVERGENCE,96,0.05,winckelmans,fixed_sampled_reach,trefoil,3:1:1,discrete_axial_tubes,numerical_discretization,0.75,0.2378919768200489,0.18789197682004888,0.14091898261503666,7,0.02381965554582242,0.2857142857142857,2.0,32.0583469579821,16.02917347899105,0.39198435998055453,16.02917347899105,2.551122192858939,True,FAIL_RELATIVE_EQUILIBRIUM_GATE,0.4773754248294748,0.38288627936262126,0.22333112051720835,-1.1375230810821617,0.29154991324137786,0.2657396295900742,0.8307340539058853,1.301174108916972,1.209126647163918,,,,,
B7_DISCRETIZATION_CONVERGENCE,96,0.05,winckelmans,fixed_sampled_reach,trefoil,3:1:1,discrete_axial_tubes,numerical_discretization,0.75,0.2378919768200489,0.18789197682004888,0.14091898261503666,19,0.01445798255608918,0.02631578947368421,0.5,8.014586739495526,4.007293369747763,1.5679374399222181,4.007293369747763,0.6377805482147347,True,FAIL_RELATIVE_EQUILIBRIUM_GATE,0.2426887331501337,0.24208526230325383,0.22333112051720835,-0.08667673626539552,0.14821852029742918,0.06645880245403828,0.2076962012055735,1.301174108916972,1.209126647163918,,,,,
B7_DISCRETIZATION_CONVERGENCE,96,0.05,winckelmans,fixed_sampled_reach,trefoil,3:1:1,discrete_axial_tubes,numerical_discretization,0.75,0.2378919768200489,0.18789197682004888,0.14091898261503666,19,0.01445798255608918,0.05263157894736842,1.0,16.02917347899105,8.014586739495526,0.7839687199611091,8.014586739495526,1.2755610964294695,True,FAIL_RELATIVE_EQUILIBRIUM_GATE,0.30265731232847015,0.28868983908842666,0.22333112051720835,-0.35519542295561757,0.18484343466728423,0.13291760490807655,0.415392402411147,1.301174108916972,1.209126647163918,,,,,
B7_DISCRETIZATION_CONVERGENCE,96,0.05,winckelmans,fixed_sampled_reach,trefoil,3:1:1,discrete_axial_tubes,numerical_discretization,0.75,0.2378919768200489,0.18789197682004888,0.14091898261503666,19,0.01445798255608918,0.10526315789473684,2.0,32.0583469579821,16.02917347899105,0.39198435998055453,16.02917347899105,2.551122192858939,True,FAIL_RELATIVE_EQUILIBRIUM_GATE,0.477552605296673,0.3829995053449448,0.22333112051720835,-1.1383164343183245,0.2916581235663189,0.2658352098161531,0.830784804822294,1.301174108916972,1.209126647163918,,,,,
B7_DISCRETIZATION_CONVERGENCE,96,0.05,winckelmans,fixed_sampled_reach,trefoil,3:1:1,discrete_axial_tubes,numerical_discretization,0.75,0.2378919768200489,0.18789197682004888,0.14091898261503666,37,0.010360569654915804,0.013513513513513514,0.5,8.014586739495526,4.007293369747763,1.5679374399222181,4.007293369747763,0.6377805482147347,True,FAIL_RELATIVE_EQUILIBRIUM_GATE,0.24269681331850712,0.24209285820860482,0.22333112051720835,-0.08671291648226243,0.14822345513962193,0.06646510130341556,0.20769950997690073,1.301174108916972,1.209126647163918,,,,,
B7_DISCRETIZATION_CONVERGENCE,96,0.05,winckelmans,fixed_sampled_reach,trefoil,3:1:1,discrete_axial_tubes,numerical_discretization,0.75,0.2378919768200489,0.18789197682004888,0.14091898261503666,37,0.010360569654915804,0.02702702702702703,1.0,16.02917347899105,8.014586739495526,0.7839687199611091,8.014586739495526,1.2755610964294695,True,FAIL_RELATIVE_EQUILIBRIUM_GATE,0.3026776868266645,0.28870735330212904,0.22333112051720835,-0.3552866529559291,0.18485587808785411,0.1329302026068311,0.41539901995380146,1.301174108916972,1.209126647163918,,,,,
B7_DISCRETIZATION_CONVERGENCE,96,0.05,winckelmans,fixed_sampled_reach,trefoil,3:1:1,discrete_axial_tubes,numerical_discretization,0.75,0.2378919768200489,0.18789197682004888,0.14091898261503666,37,0.010360569654915804,0.05405405405405406,2.0,32.0583469579821,16.02917347899105,0.39198435998055453,16.02917347899105,2.551122192858939,True,FAIL_RELATIVE_EQUILIBRIUM_GATE,0.4775972311804073,0.3830282884408557,0.22333112051720835,-1.1385162536880165,0.29168537815852114,0.2658604052136622,0.8307980399076029,1.301174108916972,1.209126647163918,,,,,
B7_DISCRETIZATION_CONVERGENCE,96,0.05,winckelmans,fixed_sampled_reach,trefoil,3:1:1,discrete_axial_tubes,numerical_discretization,0.75,0.2378919768200489,0.18789197682004888,0.14091898261503666,61,0.008068997471857495,0.00819672131147541,0.5,8.014586739495526,4.007293369747763,1.5679374399222181,4.007293369747763,0.6377805482147347,True,FAIL_RELATIVE_EQUILIBRIUM_GATE,0.24269965472062952,0.24209552932970624,0.22333112051720835,-0.08672563930439225,0.14822519048354454,0.06646731952527983,0.20770066907935625,1.301174108916972,1.209126647163918,,,,,
B7_DISCRETIZATION_CONVERGENCE,96,0.05,winckelmans,fixed_sampled_reach,trefoil,3:1:1,discrete_axial_tubes,numerical_discretization,0.75,0.2378919768200489,0.18789197682004888,0.14091898261503666,61,0.008068997471857495,0.01639344262295082,1.0,16.02917347899105,8.014586739495526,0.7839687199611091,8.014586739495526,1.2755610964294695,True,FAIL_RELATIVE_EQUILIBRIUM_GATE,0.30268485528498074,0.28871351699747533,0.22333112051720835,-0.3553187508485094,0.18486025611674184,0.13293463905055966,0.4154013381587125,1.301174108916972,1.209126647163918,,,,,
B7_DISCRETIZATION_CONVERGENCE,96,0.05,winckelmans,fixed_sampled_reach,trefoil,3:1:1,discrete_axial_tubes,numerical_discretization,0.75,0.2378919768200489,0.18789197682004888,0.14091898261503666,61,0.008068997471857495,0.03278688524590164,2.0,32.0583469579821,16.02917347899105,0.39198435998055453,16.02917347899105,2.551122192858939,True,FAIL_RELATIVE_EQUILIBRIUM_GATE,0.47761293813678407,0.3830384283146063,0.22333112051720835,-1.1385865840402771,0.2916949709476149,0.2658692781011193,0.830802676317425,1.301174108916972,1.209126647163918,,,,,
B7_DISCRETIZATION_CONVERGENCE,96,0.05,winckelmans,fixed_sampled_reach,trefoil,3:1:1,discrete_axial_tubes,numerical_discretization,0.75,0.2378919768200489,0.18789197682004888,0.14091898261503666,91,0.006606383802642532,0.005494505494505495,0.5,8.014586739495526,4.007293369747763,1.5679374399222181,4.007293369747763,0.6377805482147347,True,FAIL_RELATIVE_EQUILIBRIUM_GATE,0.2427010440768853,0.2420968354369177,0.22333112051720835,-0.08673186036419156,0.14822603901213394,0.06646840380237148,0.2077012341177613,1.301174108916972,1.209126647163918,,,,,
B7_DISCRETIZATION_CONVERGENCE,96,0.05,winckelmans,fixed_sampled_reach,trefoil,3:1:1,discrete_axial_tubes,numerical_discretization,0.75,0.2378919768200489,0.18789197682004888,0.14091898261503666,91,0.006606383802642532,0.01098901098901099,1.0,16.02917347899105,8.014586739495526,0.7839687199611091,8.014586739495526,1.2755610964294695,True,FAIL_RELATIVE_EQUILIBRIUM_GATE,0.3026883599968009,0.2887165308364091,0.22333112051720835,-0.35533444374348977,0.18486239656715875,0.13293680760474297,0.4154024682355226,1.301174108916972,1.209126647163918,,,,,
B7_DISCRETIZATION_CONVERGENCE,96,0.05,winckelmans,fixed_sampled_reach,trefoil,3:1:1,discrete_axial_tubes,numerical_discretization,0.75,0.2378919768200489,0.18789197682004888,0.14091898261503666,91,0.006606383802642532,0.02197802197802198,2.0,32.0583469579821,16.02917347899105,0.39198435998055453,16.02917347899105,2.551122192858939,True,FAIL_RELATIVE_EQUILIBRIUM_GATE,0.4776206166735807,0.38304338722655545,0.22333112051720835,-1.1386209658889817,0.2916996604993187,0.26587361520948594,0.8308049364710453,1.301174108916972,1.209126647163918,,,,,
B7_DISCRETIZATION_CONVERGENCE,96,0.05,winckelmans,fixed_sampled_reach,trefoil,3:1:1,discrete_axial_tubes,numerical_discretization,1.0,0.2378919768200489,0.18789197682004888,0.18789197682004888,1,0.08402784651928881,0.5,0.5,4.508205040966233,2.2541025204831167,2.787444337639499,2.2541025204831167,0.35875155837078826,True,FAIL_RELATIVE_EQUILIBRIUM_GATE,0.2427127751920801,0.24210786384718883,0.22333112051720835,-0.08678438826611412,0.14823320361558723,0.06647755081612368,0.20770595195744346,1.301174108916972,1.209126647163918,,,,,
B7_DISCRETIZATION_CONVERGENCE,96,0.05,winckelmans,fixed_sampled_reach,trefoil,3:1:1,discrete_axial_tubes,numerical_discretization,1.0,0.2378919768200489,0.18789197682004888,0.18789197682004888,1,0.08402784651928881,1.0,1.0,9.016410081932467,4.508205040966233,1.3937221688197494,4.508205040966233,0.7175031167415765,True,FAIL_RELATIVE_EQUILIBRIUM_GATE,0.30271794237533123,0.28874198119973166,0.22333112051720835,-0.3554669034672482,0.18488046356316523,0.13295510163224736,0.4154119039148869,1.301174108916972,1.209126647163918,,,,,
B7_DISCRETIZATION_CONVERGENCE,96,0.05,winckelmans,fixed_sampled_reach,trefoil,3:1:1,discrete_axial_tubes,numerical_discretization,1.0,0.2378919768200489,0.18789197682004888,0.18789197682004888,1,0.08402784651928881,2.0,2.0,18.032820163864933,9.016410081932467,0.6968610844098747,9.016410081932467,1.435006233483153,True,FAIL_RELATIVE_EQUILIBRIUM_GATE,0.47768541327804004,0.3830852952095709,0.22333112051720835,-1.1389111028135144,0.2917392340580439,0.2659102032644947,0.8308238078297738,1.301174108916972,1.209126647163918,,,,,
B7_DISCRETIZATION_CONVERGENCE,96,0.05,winckelmans,fixed_sampled_reach,trefoil,3:1:1,discrete_axial_tubes,numerical_discretization,1.0,0.2378919768200489,0.18789197682004888,0.18789197682004888,7,0.03175954072776323,0.07142857142857142,0.5,4.508205040966233,2.2541025204831167,2.787444337639499,2.2541025204831167,0.35875155837078826,True,FAIL_RELATIVE_EQUILIBRIUM_GATE,0.2424584300094103,0.24186856120290548,0.22333112051720835,-0.08564551795515718,0.14807786609278278,0.0663777113541527,0.20763458916381106,1.301174108916972,1.209126647163918,,,,,
B7_DISCRETIZATION_CONVERGENCE,96,0.05,winckelmans,fixed_sampled_reach,trefoil,3:1:1,discrete_axial_tubes,numerical_discretization,1.0,0.2378919768200489,0.18789197682004888,0.18789197682004888,7,0.03175954072776323,0.14285714285714285,1.0,9.016410081932467,4.508205040966233,1.3937221688197494,4.508205040966233,0.7175031167415765,True,FAIL_RELATIVE_EQUILIBRIUM_GATE,0.30219237002901134,0.2882980696546419,0.22333112051720835,-0.35311357113674835,0.18455947809972967,0.1327554227083054,0.4152691783276221,1.301174108916972,1.209126647163918,,,,,
B7_DISCRETIZATION_CONVERGENCE,96,0.05,winckelmans,fixed_sampled_reach,trefoil,3:1:1,discrete_axial_tubes,numerical_discretization,1.0,0.2378919768200489,0.18789197682004888,0.18789197682004888,7,0.03175954072776323,0.2857142857142857,2.0,18.032820163864933,9.016410081932467,0.6968610844098747,9.016410081932467,1.435006233483153,True,FAIL_RELATIVE_EQUILIBRIUM_GATE,0.4767211102268244,0.38251715937307984,0.22333112051720835,-1.1345932851758183,0.29115030036707995,0.2655108454166108,0.8305383566552442,1.301174108916972,1.209126647163918,,,,,
B7_DISCRETIZATION_CONVERGENCE,96,0.05,winckelmans,fixed_sampled_reach,trefoil,3:1:1,discrete_axial_tubes,numerical_discretization,1.0,0.2378919768200489,0.18789197682004888,0.18789197682004888,19,0.019277310074785572,0.02631578947368421,0.5,4.508205040966233,2.2541025204831167,2.787444337639499,2.2541025204831167,0.35875155837078826,True,FAIL_RELATIVE_EQUILIBRIUM_GATE,0.2425094384445184,0.24191669103319677,0.22333112051720835,-0.08587391619625295,0.14810901873294152,0.06632006373491658,0.20762004686947702,1.301174108916972,1.209126647163918,,,,,
B7_DISCRETIZATION_CONVERGENCE,96,0.05,winckelmans,fixed_sampled_reach,trefoil,3:1:1,discrete_axial_tubes,numerical_discretization,1.0,0.2378919768200489,0.18789197682004888,0.18789197682004888,19,0.019277310074785572,0.05263157894736842,1.0,9.016410081932467,4.508205040966233,1.3937221688197494,4.508205040966233,0.7175031167415765,True,FAIL_RELATIVE_EQUILIBRIUM_GATE,0.30220636309903176,0.2883028969539321,0.22333112051720835,-0.3531762272949588,0.18456802415832055,0.13264012746983317,0.41524009373895404,1.301174108916972,1.209126647163918,,,,,
B7_DISCRETIZATION_CONVERGENCE,96,0.05,winckelmans,fixed_sampled_reach,trefoil,3:1:1,discrete_axial_tubes,numerical_discretization,1.0,0.2378919768200489,0.18789197682004888,0.18789197682004888,19,0.019277310074785572,0.10526315789473684,2.0,18.032820163864933,9.016410081932467,0.6968610844098747,9.016410081932467,1.435006233483153,True,FAIL_RELATIVE_EQUILIBRIUM_GATE,0.47656674420512524,0.38236785805871,0.22333112051720835,-1.133902087185401,0.29105602362409533,0.26528025493966634,0.8304801874779081,1.301174108916972,1.209126647163918,,,,,
B7_DISCRETIZATION_CONVERGENCE,96,0.05,winckelmans,fixed_sampled_reach,trefoil,3:1:1,discrete_axial_tubes,numerical_discretization,1.0,0.2378919768200489,0.18789197682004888,0.18789197682004888,37,0.013814092873221072,0.013513513513513514,0.5,4.508205040966233,2.2541025204831167,2.787444337639499,2.2541025204831167,0.35875155837078826,True,FAIL_RELATIVE_EQUILIBRIUM_GATE,0.24259355456277237,0.24199576183392485,0.22333112051720835,-0.08625055926354785,0.148160391396266,0.0663850458163016,0.2076560740790944,1.301174108916972,1.209126647163918,,,,,
B7_DISCRETIZATION_CONVERGENCE,96,0.05,winckelmans,fixed_sampled_reach,trefoil,3:1:1,discrete_axial_tubes,numerical_discretization,1.0,0.2378919768200489,0.18789197682004888,0.18789197682004888,37,0.013814092873221072,0.02702702702702703,1.0,9.016410081932467,4.508205040966233,1.3937221688197494,4.508205040966233,0.7175031167415765,True,FAIL_RELATIVE_EQUILIBRIUM_GATE,0.30241781453986455,0.28848422181367994,0.22333112051720835,-0.3541230341723125,0.18469716496872485,0.1327700916326032,0.4153121481581888,1.301174108916972,1.209126647163918,,,,,
B7_DISCRETIZATION_CONVERGENCE,96,0.05,winckelmans,fixed_sampled_reach,trefoil,3:1:1,discrete_axial_tubes,numerical_discretization,1.0,0.2378919768200489,0.18789197682004888,0.18789197682004888,37,0.013814092873221072,0.05405405405405406,2.0,18.032820163864933,9.016410081932467,0.6968610844098747,9.016410081932467,1.435006233483153,True,FAIL_RELATIVE_EQUILIBRIUM_GATE,0.4770288395449655,0.38266339142315026,0.22333112051720835,-1.1359711912975827,0.2913382414535695,0.2655401832652064,0.8306242963163776,1.301174108916972,1.209126647163918,,,,,
B7_DISCRETIZATION_CONVERGENCE,96,0.05,winckelmans,fixed_sampled_reach,trefoil,3:1:1,discrete_axial_tubes,numerical_discretization,1.0,0.2378919768200489,0.18789197682004888,0.18789197682004888,61,0.010758663295809993,0.00819672131147541,0.5,4.508205040966233,2.2541025204831167,2.787444337639499,2.2541025204831167,0.35875155837078826,True,FAIL_RELATIVE_EQUILIBRIUM_GATE,0.24261969476170783,0.242020331069962,0.22333112051720835,-0.08636760609013838,0.14817635613247854,0.06640537353878215,0.20766726004300823,1.301174108916972,1.209126647163918,,,,,
B7_DISCRETIZATION_CONVERGENCE,96,0.05,winckelmans,fixed_sampled_reach,trefoil,3:1:1,discrete_axial_tubes,numerical_discretization,1.0,0.2378919768200489,0.18789197682004888,0.18789197682004888,61,0.010758663295809993,0.01639344262295082,1.0,9.016410081932467,4.508205040966233,1.3937221688197494,4.508205040966233,0.7175031167415765,True,FAIL_RELATIVE_EQUILIBRIUM_GATE,0.30248367790460584,0.28854072028859157,0.22333112051720835,-0.35441794768274826,0.18473739003536493,0.1328107470775643,0.41533452008601646,1.301174108916972,1.209126647163918,,,,,
B7_DISCRETIZATION_CONVERGENCE,96,0.05,winckelmans,fixed_sampled_reach,trefoil,3:1:1,discrete_axial_tubes,numerical_discretization,1.0,0.2378919768200489,0.18789197682004888,0.18789197682004888,61,0.010758663295809993,0.03278688524590164,2.0,18.032820163864933,9.016410081932467,0.6968610844098747,9.016410081932467,1.435006233483153,True,FAIL_RELATIVE_EQUILIBRIUM_GATE,0.47717301922519195,0.3827557470444985,0.22333112051720835,-1.1366167783518746,0.2914262970405872,0.2656214941551286,0.8306690401720329,1.301174108916972,1.209126647163918,,,,,
B7_DISCRETIZATION_CONVERGENCE,96,0.05,winckelmans,fixed_sampled_reach,trefoil,3:1:1,discrete_axial_tubes,numerical_discretization,1.0,0.2378919768200489,0.18789197682004888,0.18789197682004888,91,0.008808511736856709,0.005494505494505495,0.5,4.508205040966233,2.2541025204831167,2.787444337639499,2.2541025204831167,0.35875155837078826,True,FAIL_RELATIVE_EQUILIBRIUM_GATE,0.2426316152091952,0.242031540688858,0.22333112051720835,-0.08642098175699475,0.14818363636780274,0.06641465538969432,0.2076723568298477,1.301174108916972,1.209126647163918,,,,,
B7_DISCRETIZATION_CONVERGENCE,96,0.05,winckelmans,fixed_sampled_reach,trefoil,3:1:1,discrete_axial_tubes,numerical_discretization,1.0,0.2378919768200489,0.18789197682004888,0.18789197682004888,91,0.008808511736856709,0.01098901098901099,1.0,9.016410081932467,4.508205040966233,1.3937221688197494,4.508205040966233,0.7175031167415765,True,FAIL_RELATIVE_EQUILIBRIUM_GATE,0.30251372620677164,0.28856650958082813,0.22333112051720835,-0.3545524936524107,0.18475574158727529,0.13282931077938864,0.4153447136596954,1.301174108916972,1.209126647163918,,,,,
B7_DISCRETIZATION_CONVERGENCE,96,0.05,winckelmans,fixed_sampled_reach,trefoil,3:1:1,discrete_axial_tubes,numerical_discretization,1.0,0.2378919768200489,0.18789197682004888,0.18789197682004888,91,0.008808511736856709,0.02197802197802198,2.0,18.032820163864933,9.016410081932467,0.6968610844098747,9.016410081932467,1.435006233483153,True,FAIL_RELATIVE_EQUILIBRIUM_GATE,0.47723881845808114,0.38279792684266944,0.22333112051720835,-1.1369114047019182,0.29146648293965616,0.2656586215587773,0.8306894273193908,1.301174108916972,1.209126647163918,,,,,
B7_DISCRETIZATION_CONVERGENCE,96,0.05,winckelmans,fixed_sampled_reach,trefoil,3:1:1,continuum_rankine,continuum,0.5,0.2378919768200489,0.18789197682004888,0.09394598841002444,0,0.0,0.0,0.5,18.032820163864933,9.016410081932467,0.6968610844098747,9.016410081932467,1.435006233483153,True,FAIL_RELATIVE_EQUILIBRIUM_GATE,0.2427127751920801,0.24210786384718883,0.22333112051720835,-0.08678438826611412,0.14823320361558723,0.06647755081612368,0.20770595195744346,1.301174108916972,1.209126647163918,,,,,
B7_DISCRETIZATION_CONVERGENCE,96,0.05,winckelmans,fixed_sampled_reach,trefoil,3:1:1,continuum_rankine,continuum,0.5,0.2378919768200489,0.18789197682004888,0.09394598841002444,0,0.0,0.0,1.0,36.06564032772987,18.032820163864933,0.34843054220493735,18.032820163864933,2.870012466966306,True,FAIL_RELATIVE_EQUILIBRIUM_GATE,0.30271794237533123,0.28874198119973166,0.22333112051720835,-0.3554669034672482,0.18488046356316523,0.13295510163224736,0.4154119039148869,1.301174108916972,1.209126647163918,,,,,
B7_DISCRETIZATION_CONVERGENCE,96,0.05,winckelmans,fixed_sampled_reach,trefoil,3:1:1,continuum_rankine,continuum,0.5,0.2378919768200489,0.18789197682004888,0.09394598841002444,0,0.0,0.0,2.0,72.13128065545973,36.06564032772987,0.17421527110246868,36.06564032772987,5.740024933932612,True,FAIL_RELATIVE_EQUILIBRIUM_GATE,0.47768541327804004,0.3830852952095709,0.22333112051720835,-1.1389111028135144,0.2917392340580439,0.2659102032644947,0.8308238078297738,1.301174108916972,1.209126647163918,,,,,
B7_DISCRETIZATION_CONVERGENCE,96,0.05,winckelmans,fixed_sampled_reach,trefoil,3:1:1,continuum_rankine,continuum,0.75,0.2378919768200489,0.18789197682004888,0.14091898261503666,0,0.0,0.0,0.5,8.014586739495526,4.007293369747763,1.5679374399222181,4.007293369747763,0.6377805482147347,True,FAIL_RELATIVE_EQUILIBRIUM_GATE,0.2427127751920801,0.24210786384718883,0.22333112051720835,-0.08678438826611412,0.14823320361558723,0.06647755081612368,0.20770595195744346,1.301174108916972,1.209126647163918,,,,,
B7_DISCRETIZATION_CONVERGENCE,96,0.05,winckelmans,fixed_sampled_reach,trefoil,3:1:1,continuum_rankine,continuum,0.75,0.2378919768200489,0.18789197682004888,0.14091898261503666,0,0.0,0.0,1.0,16.02917347899105,8.014586739495526,0.7839687199611091,8.014586739495526,1.2755610964294695,True,FAIL_RELATIVE_EQUILIBRIUM_GATE,0.30271794237533123,0.28874198119973166,0.22333112051720835,-0.3554669034672482,0.18488046356316523,0.13295510163224736,0.4154119039148869,1.301174108916972,1.209126647163918,,,,,
B7_DISCRETIZATION_CONVERGENCE,96,0.05,winckelmans,fixed_sampled_reach,trefoil,3:1:1,continuum_rankine,continuum,0.75,0.2378919768200489,0.18789197682004888,0.14091898261503666,0,0.0,0.0,2.0,32.0583469579821,16.02917347899105,0.39198435998055453,16.02917347899105,2.551122192858939,True,FAIL_RELATIVE_EQUILIBRIUM_GATE,0.47768541327804004,0.3830852952095709,0.22333112051720835,-1.1389111028135144,0.2917392340580439,0.2659102032644947,0.8308238078297738,1.301174108916972,1.209126647163918,,,,,
B7_DISCRETIZATION_CONVERGENCE,96,0.05,winckelmans,fixed_sampled_reach,trefoil,3:1:1,continuum_rankine,continuum,1.0,0.2378919768200489,0.18789197682004888,0.18789197682004888,0,0.0,0.0,0.5,4.508205040966233,2.2541025204831167,2.787444337639499,2.2541025204831167,0.35875155837078826,True,FAIL_RELATIVE_EQUILIBRIUM_GATE,0.2427127751920801,0.24210786384718883,0.22333112051720835,-0.08678438826611412,0.14823320361558723,0.06647755081612368,0.20770595195744346,1.301174108916972,1.209126647163918,,,,,
B7_DISCRETIZATION_CONVERGENCE,96,0.05,winckelmans,fixed_sampled_reach,trefoil,3:1:1,continuum_rankine,continuum,1.0,0.2378919768200489,0.18789197682004888,0.18789197682004888,0,0.0,0.0,1.0,9.016410081932467,4.508205040966233,1.3937221688197494,4.508205040966233,0.7175031167415765,True,FAIL_RELATIVE_EQUILIBRIUM_GATE,0.30271794237533123,0.28874198119973166,0.22333112051720835,-0.3554669034672482,0.18488046356316523,0.13295510163224736,0.4154119039148869,1.301174108916972,1.209126647163918,,,,,
B7_DISCRETIZATION_CONVERGENCE,96,0.05,winckelmans,fixed_sampled_reach,trefoil,3:1:1,continuum_rankine,continuum,1.0,0.2378919768200489,0.18789197682004888,0.18789197682004888,0,0.0,0.0,2.0,18.032820163864933,9.016410081932467,0.6968610844098747,9.016410081932467,1.435006233483153,True,FAIL_RELATIVE_EQUILIBRIUM_GATE,0.47768541327804004,0.3830852952095709,0.22333112051720835,-1.1389111028135144,0.2917392340580439,0.2659102032644947,0.8308238078297738,1.301174108916972,1.209126647163918,,,,,
B7_DISCRETIZATION_CONVERGENCE,128,0.04,rosenhead,fixed_sampled_reach,trefoil,3:1:1,discrete_axial_tubes,numerical_discretization,0.5,0.2373588220132305,0.1973588220132305,0.09867941100661524,1,0.044130774198086524,0.5,0.5,16.344326690321594,8.172163345160797,0.7688521437717245,8.172163345160797,1.3006401921367396,True,FAIL_RELATIVE_EQUILIBRIUM_GATE,0.25408183881753943,0.2523541963603652,0.22878574800997062,-0.1105667246653248,0.15710753936875327,0.06696526835975862,0.2077554228152674,1.4142625299849891,1.2106771584514024,,,,,
B7_DISCRETIZATION_CONVERGENCE,128,0.04,rosenhead,fixed_sampled_reach,trefoil,3:1:1,discrete_axial_tubes,numerical_discretization,0.5,0.2373588220132305,0.1973588220132305,0.09867941100661524,1,0.044130774198086524,1.0,1.0,32.68865338064319,16.344326690321594,0.38442607188586225,16.344326690321594,2.6012803842734793,True,FAIL_RELATIVE_EQUILIBRIUM_GATE,0.3165908724486682,0.2998233103479699,0.22878574800997062,-0.38378756195456276,0.19575902468470158,0.13393053671951724,0.4155108456305348,1.4142625299849891,1.2106771584514024,,,,,
B7_DISCRETIZATION_CONVERGENCE,128,0.04,rosenhead,fixed_sampled_reach,trefoil,3:1:1,discrete_axial_tubes,numerical_discretization,0.5,0.2373588220132305,0.1973588220132305,0.09867941100661524,1,0.044130774198086524,2.0,2.0,65.37730676128638,32.68865338064319,0.19221303594293113,32.68865338064319,5.202560768546959,True,FAIL_RELATIVE_EQUILIBRIUM_GATE,0.49188087180645856,0.3913255198369325,0.22878574800997062,-1.1499629067148978,0.3041468598925115,0.2678610734390345,0.8310216912610696,1.4142625299849891,1.2106771584514024,,,,,
B7_DISCRETIZATION_CONVERGENCE,128,0.04,rosenhead,fixed_sampled_reach,trefoil,3:1:1,discrete_axial_tubes,numerical_discretization,0.5,0.2373588220132305,0.1973588220132305,0.09867941100661524,7,0.01667986481326898,0.07142857142857142,0.5,16.344326690321594,8.172163345160797,0.7688521437717245,8.172163345160797,1.3006401921367396,True,FAIL_RELATIVE_EQUILIBRIUM_GATE,0.2540736311019424,0.25234659358712136,0.22878574800997062,-0.11053084954780368,0.1571024642559184,0.06695980097478105,0.20775269941043728,1.4142625299849891,1.2106771584514024,,,,,
B7_DISCRETIZATION_CONVERGENCE,128,0.04,rosenhead,fixed_sampled_reach,trefoil,3:1:1,discrete_axial_tubes,numerical_discretization,0.5,0.2373588220132305,0.1973588220132305,0.09867941100661524,7,0.01667986481326898,0.14285714285714285,1.0,32.68865338064319,16.344326690321594,0.38442607188586225,16.344326690321594,2.6012803842734793,True,FAIL_RELATIVE_EQUILIBRIUM_GATE,0.31657164860074155,0.29980706059422246,0.22878574800997062,-0.38370353640623267,0.19574713791837858,0.1339196019495621,0.41550539882087456,1.4142625299849891,1.2106771584514024,,,,,
B7_DISCRETIZATION_CONVERGENCE,128,0.04,rosenhead,fixed_sampled_reach,trefoil,3:1:1,discrete_axial_tubes,numerical_discretization,0.5,0.2373588220132305,0.1973588220132305,0.09867941100661524,7,0.01667986481326898,0.2857142857142857,2.0,65.37730676128638,32.68865338064319,0.19221303594293113,32.68865338064319,5.202560768546959,True,FAIL_RELATIVE_EQUILIBRIUM_GATE,0.49184055088370493,0.3912998802451417,0.22878574800997062,-1.1497866679277164,0.3041219280792486,0.2678392038991242,0.8310107976417491,1.4142625299849891,1.2106771584514024,,,,,
B7_DISCRETIZATION_CONVERGENCE,128,0.04,rosenhead,fixed_sampled_reach,trefoil,3:1:1,discrete_axial_tubes,numerical_discretization,0.5,0.2373588220132305,0.1973588220132305,0.09867941100661524,19,0.010124293948930073,0.02631578947368421,0.5,16.344326690321594,8.172163345160797,0.7688521437717245,8.172163345160797,1.3006401921367396,True,FAIL_RELATIVE_EQUILIBRIUM_GATE,0.25407892873154764,0.25235150076681606,0.22878574800997062,-0.11055400496570589,0.15710573996250032,0.06696331406663193,0.20775445011581395,1.4142625299849891,1.2106771584514024,,,,,
B7_DISCRETIZATION_CONVERGENCE,128,0.04,rosenhead,fixed_sampled_reach,trefoil,3:1:1,discrete_axial_tubes,numerical_discretization,0.5,0.2373588220132305,0.1973588220132305,0.09867941100661524,19,0.010124293948930073,0.05263157894736842,1.0,32.68865338064319,16.344326690321594,0.38442607188586225,16.344326690321594,2.6012803842734793,True,FAIL_RELATIVE_EQUILIBRIUM_GATE,0.31658403907980165,0.2998175333961293,0.22878574800997062,-0.3837576939714127,0.195754799377717,0.13392662813326386,0.4155089002316279,1.4142625299849891,1.2106771584514024,,,,,
B7_DISCRETIZATION_CONVERGENCE,128,0.04,rosenhead,fixed_sampled_reach,trefoil,3:1:1,discrete_axial_tubes,numerical_discretization,0.5,0.2373588220132305,0.1973588220132305,0.09867941100661524,19,0.010124293948930073,0.10526315789473684,2.0,65.37730676128638,32.68865338064319,0.19221303594293113,32.68865338064319,5.202560768546959,True,FAIL_RELATIVE_EQUILIBRIUM_GATE,0.49186650838918355,0.3913163810703334,0.22878574800997062,-1.149900125630849,0.3041379784976212,0.26785325626652773,0.8310178004632558,1.4142625299849891,1.2106771584514024,,,,,
B7_DISCRETIZATION_CONVERGENCE,128,0.04,rosenhead,fixed_sampled_reach,trefoil,3:1:1,discrete_axial_tubes,numerical_discretization,0.5,0.2373588220132305,0.1973588220132305,0.09867941100661524,37,0.0072550545871668155,0.013513513513513514,0.5,16.344326690321594,8.172163345160797,0.7688521437717245,8.172163345160797,1.3006401921367396,True,FAIL_RELATIVE_EQUILIBRIUM_GATE,0.2540798409670864,0.2523523457355073,0.22878574800997062,-0.11055799225751373,0.15710630402910775,0.06696392568783378,0.2077547548492891,1.4142625299849891,1.2106771584514024,,,,,
B7_DISCRETIZATION_CONVERGENCE,128,0.04,rosenhead,fixed_sampled_reach,trefoil,3:1:1,discrete_axial_tubes,numerical_discretization,0.5,0.2373588220132305,0.1973588220132305,0.09867941100661524,37,0.0072550545871668155,0.02702702702702703,1.0,32.68865338064319,16.344326690321594,0.38442607188586225,16.344326690321594,2.6012803842734793,True,FAIL_RELATIVE_EQUILIBRIUM_GATE,0.31658618006016825,0.29981934323201453,0.22878574800997062,-0.38376705198599703,0.19575612321951064,0.13392785137566757,0.4155095096985782,1.4142625299849891,1.2106771584514024,,,,,
B7_DISCRETIZATION_CONVERGENCE,128,0.04,rosenhead,fixed_sampled_reach,trefoil,3:1:1,discrete_axial_tubes,numerical_discretization,0.5,0.2373588220132305,0.1973588220132305,0.09867941100661524,37,0.0072550545871668155,0.05405405405405406,2.0,65.37730676128638,32.68865338064319,0.19221303594293113,32.68865338064319,5.202560768546959,True,FAIL_RELATIVE_EQUILIBRIUM_GATE,0.49187100668884876,0.39131924243696764,0.22878574800997062,-1.1499197872562092,0.3041407599510105,0.26785570275133513,0.8310190193971564,1.4142625299849891,1.2106771584514024,,,,,
B7_DISCRETIZATION_CONVERGENCE,128,0.04,rosenhead,fixed_sampled_reach,trefoil,3:1:1,discrete_axial_tubes,numerical_discretization,0.5,0.2373588220132305,0.1973588220132305,0.09867941100661524,61,0.0056503666373461485,0.00819672131147541,0.5,16.344326690321594,8.172163345160797,0.7688521437717245,8.172163345160797,1.3006401921367396,True,FAIL_RELATIVE_EQUILIBRIUM_GATE,0.25408017338494415,0.2523526536470992,0.22878574800997062,-0.11055944522327144,0.15710650957450176,0.0669641488029595,0.2077548659498851,1.4142625299849891,1.2106771584514024,,,,,
B7_DISCRETIZATION_CONVERGENCE,128,0.04,rosenhead,fixed_sampled_reach,trefoil,3:1:1,discrete_axial_tubes,numerical_discretization,0.5,0.2373588220132305,0.1973588220132305,0.09867941100661524,61,0.0056503666373461485,0.01639344262295082,1.0,32.68865338064319,16.344326690321594,0.38442607188586225,16.344326690321594,2.6012803842734793,True,FAIL_RELATIVE_EQUILIBRIUM_GATE,0.31658696049736434,0.29982000299208933,0.22878574800997062,-0.38377046320021346,0.19575660579066992,0.133928297605919,0.4155097318997702,1.4142625299849891,1.2106771584514024,,,,,
B7_DISCRETIZATION_CONVERGENCE,128,0.04,rosenhead,fixed_sampled_reach,trefoil,3:1:1,discrete_axial_tubes,numerical_discretization,0.5,0.2373588220132305,0.1973588220132305,0.09867941100661524,61,0.0056503666373461485,0.03278688524590164,2.0,65.37730676128638,32.68865338064319,0.19221303594293113,32.68865338064319,5.202560768546959,True,FAIL_RELATIVE_EQUILIBRIUM_GATE,0.4918726468920765,0.39132028591977003,0.22878574800997062,-1.149926956423179,0.3041417741450763,0.267856595211838,0.8310194637995404,1.4142625299849891,1.2106771584514024,,,,,
B7_DISCRETIZATION_CONVERGENCE,128,0.04,rosenhead,fixed_sampled_reach,trefoil,3:1:1,discrete_axial_tubes,numerical_discretization,0.5,0.2373588220132305,0.1973588220132305,0.09867941100661524,91,0.004626162142465299,0.005494505494505495,0.5,16.344326690321594,8.172163345160797,0.7688521437717245,8.172163345160797,1.3006401921367396,True,FAIL_RELATIVE_EQUILIBRIUM_GATE,0.2540803391998269,0.252352807239339,0.22878574800997062,-0.11056016998381368,0.15710661210354648,0.0669642601375024,0.2077549213739279,1.4142625299849891,1.2106771584514024,,,,,
B7_DISCRETIZATION_CONVERGENCE,128,0.04,rosenhead,fixed_sampled_reach,trefoil,3:1:1,discrete_axial_tubes,numerical_discretization,0.5,0.2373588220132305,0.1973588220132305,0.09867941100661524,91,0.004626162142465299,0.01098901098901099,1.0,32.68865338064319,16.344326690321594,0.38442607188586225,16.344326690321594,2.6012803842734793,True,FAIL_RELATIVE_EQUILIBRIUM_GATE,0.3165873498365589,0.29982033213602816,0.22878574800997062,-0.3837721649635353,0.1957568465324841,0.1339285202750048,0.4155098427478558,1.4142625299849891,1.2106771584514024,,,,,
B7_DISCRETIZATION_CONVERGENCE,128,0.04,rosenhead,fixed_sampled_reach,trefoil,3:1:1,discrete_axial_tubes,numerical_discretization,0.5,0.2373588220132305,0.1973588220132305,0.09867941100661524,91,0.004626162142465299,0.02197802197802198,2.0,65.37730676128638,32.68865338064319,0.19221303594293113,32.68865338064319,5.202560768546959,True,FAIL_RELATIVE_EQUILIBRIUM_GATE,0.4918734652260343,0.39132080656814733,0.22878574800997062,-1.149930533280413,0.3041422801491068,0.2678570405500096,0.8310196854957116,1.4142625299849891,1.2106771584514024,,,,,
B7_DISCRETIZATION_CONVERGENCE,128,0.04,rosenhead,fixed_sampled_reach,trefoil,3:1:1,discrete_axial_tubes,numerical_discretization,0.75,0.2373588220132305,0.1973588220132305,0.14801911650992286,1,0.06619616129712978,0.5,0.5,7.264145195698487,3.6320725978492434,1.72991732348638,3.6320725978492434,0.5780623076163288,True,FAIL_RELATIVE_EQUILIBRIUM_GATE,0.25408183881753943,0.2523541963603652,0.22878574800997062,-0.1105667246653248,0.15710753936875327,0.06696526835975862,0.2077554228152674,1.4142625299849891,1.2106771584514024,,,,,
B7_DISCRETIZATION_CONVERGENCE,128,0.04,rosenhead,fixed_sampled_reach,trefoil,3:1:1,discrete_axial_tubes,numerical_discretization,0.75,0.2373588220132305,0.1973588220132305,0.14801911650992286,1,0.06619616129712978,1.0,1.0,14.528290391396974,7.264145195698487,0.86495866174319,7.264145195698487,1.1561246152326576,True,FAIL_RELATIVE_EQUILIBRIUM_GATE,0.3165908724486682,0.2998233103479699,0.22878574800997062,-0.38378756195456276,0.19575902468470158,0.13393053671951724,0.4155108456305348,1.4142625299849891,1.2106771584514024,,,,,
B7_DISCRETIZATION_CONVERGENCE,128,0.04,rosenhead,fixed_sampled_reach,trefoil,3:1:1,discrete_axial_tubes,numerical_discretization,0.75,0.2373588220132305,0.1973588220132305,0.14801911650992286,1,0.06619616129712978,2.0,2.0,29.056580782793947,14.528290391396974,0.432479330871595,14.528290391396974,2.3122492304653153,True,FAIL_RELATIVE_EQUILIBRIUM_GATE,0.49188087180645856,0.3913255198369325,0.22878574800997062,-1.1499629067148978,0.3041468598925115,0.2678610734390345,0.8310216912610696,1.4142625299849891,1.2106771584514024,,,,,
B7_DISCRETIZATION_CONVERGENCE,128,0.04,rosenhead,fixed_sampled_reach,trefoil,3:1:1,discrete_axial_tubes,numerical_discretization,0.75,0.2373588220132305,0.1973588220132305,0.14801911650992286,7,0.025019797219903467,0.07142857142857142,0.5,7.264145195698487,3.6320725978492434,1.72991732348638,3.6320725978492434,0.5780623076163288,True,FAIL_RELATIVE_EQUILIBRIUM_GATE,0.2539906025353117,0.25226972590052915,0.22878574800997062,-0.11016793985018092,0.15705112483763736,0.06691143631271847,0.20772786703562043,1.4142625299849891,1.2106771584514024,,,,,
B7_DISCRETIZATION_CONVERGENCE,128,0.04,rosenhead,fixed_sampled_reach,trefoil,3:1:1,discrete_axial_tubes,numerical_discretization,0.75,0.2373588220132305,0.1973588220132305,0.14801911650992286,7,0.025019797219903467,0.14285714285714285,1.0,14.528290391396974,7.264145195698487,0.86495866174319,7.264145195698487,1.1561246152326576,True,FAIL_RELATIVE_EQUILIBRIUM_GATE,0.31638484840465597,0.29964965917593184,0.22878574800997062,-0.38288705112377786,0.19563163293267322,0.13382287262543693,0.41545573407124087,1.4142625299849891,1.2106771584514024,,,,,
B7_DISCRETIZATION_CONVERGENCE,128,0.04,rosenhead,fixed_sampled_reach,trefoil,3:1:1,discrete_axial_tubes,numerical_discretization,0.75,0.2373588220132305,0.1973588220132305,0.14801911650992286,7,0.025019797219903467,0.2857142857142857,2.0,29.056580782793947,14.528290391396974,0.432479330871595,14.528290391396974,2.3122492304653153,True,FAIL_RELATIVE_EQUILIBRIUM_GATE,0.4914622873300275,0.3910622028732468,0.22878574800997062,-1.1481333151425557,0.3038880347147023,0.26764574525087387,0.8309114681424817,1.4142625299849891,1.2106771584514024,,,,,
B7_DISCRETIZATION_CONVERGENCE,128,0.04,rosenhead,fixed_sampled_reach,trefoil,3:1:1,discrete_axial_tubes,numerical_discretization,0.75,0.2373588220132305,0.1973588220132305,0.14801911650992286,19,0.015186440923395108,0.02631578947368421,0.5,7.264145195698487,3.6320725978492434,1.72991732348638,3.6320725978492434,0.5780623076163288,True,FAIL_RELATIVE_EQUILIBRIUM_GATE,0.25404218182202004,0.2523174772077685,0.22878574800997062,-0.11039338783877706,0.15708301808453318,0.06693920829704207,0.20774228623436486,1.4142625299849891,1.2106771584514024,,,,,
B7_DISCRETIZATION_CONVERGENCE,128,0.04,rosenhead,fixed_sampled_reach,trefoil,3:1:1,discrete_axial_tubes,numerical_discretization,0.75,0.2373588220132305,0.1973588220132305,0.14801911650992286,19,0.015186440923395108,0.05263157894736842,1.0,14.528290391396974,7.264145195698487,0.86495866174319,7.264145195698487,1.1561246152326576,True,FAIL_RELATIVE_EQUILIBRIUM_GATE,0.31649838128285007,0.2997452005892163,0.22878574800997062,-0.383383292166682,0.19570183421590362,0.13387841659408414,0.4154845724687297,1.4142625299849891,1.2106771584514024,,,,,
B7_DISCRETIZATION_CONVERGENCE,128,0.04,rosenhead,fixed_sampled_reach,trefoil,3:1:1,discrete_axial_tubes,numerical_discretization,0.75,0.2373588220132305,0.1973588220132305,0.14801911650992286,19,0.015186440923395108,0.10526315789473684,2.0,29.056580782793947,14.528290391396974,0.432479330871595,14.528290391396974,2.3122492304653153,True,FAIL_RELATIVE_EQUILIBRIUM_GATE,0.49168756995300694,0.39120290416792525,0.22878574800997062,-1.1491180033276325,0.3040273347084506,0.2677568331881683,0.8309691449374594,1.4142625299849891,1.2106771584514024,,,,,
B7_DISCRETIZATION_CONVERGENCE,128,0.04,rosenhead,fixed_sampled_reach,trefoil,3:1:1,discrete_axial_tubes,numerical_discretization,0.75,0.2373588220132305,0.1973588220132305,0.14801911650992286,37,0.010882581880750223,0.013513513513513514,0.5,7.264145195698487,3.6320725978492434,1.72991732348638,3.6320725978492434,0.5780623076163288,True,FAIL_RELATIVE_EQUILIBRIUM_GATE,0.25405612856224685,0.2523303876309503,0.22878574800997062,-0.11045434766843498,0.15709164183367416,0.06694826894830228,0.20774688778435263,1.4142625299849891,1.2106771584514024,,,,,
B7_DISCRETIZATION_CONVERGENCE,128,0.04,rosenhead,fixed_sampled_reach,trefoil,3:1:1,discrete_axial_tubes,numerical_discretization,0.75,0.2373588220132305,0.1973588220132305,0.14801911650992286,37,0.010882581880750223,0.02702702702702703,1.0,14.528290391396974,7.264145195698487,0.86495866174319,7.264145195698487,1.1561246152326576,True,FAIL_RELATIVE_EQUILIBRIUM_GATE,0.31653079428260944,0.2997725573151418,0.22878574800997062,-0.3835249662003195,0.1957218762884085,0.13389653789660455,0.41549377556870526,1.4142625299849891,1.2106771584514024,,,,,
B7_DISCRETIZATION_CONVERGENCE,128,0.04,rosenhead,fixed_sampled_reach,trefoil,3:1:1,discrete_axial_tubes,numerical_discretization,0.75,0.2373588220132305,0.1973588220132305,0.14801911650992286,37,0.010882581880750223,0.05405405405405406,2.0,29.056580782793947,14.528290391396974,0.432479330871595,14.528290391396974,2.3122492304653153,True,FAIL_RELATIVE_EQUILIBRIUM_GATE,0.49175510792693117,0.39124567248667136,0.22878574800997062,-1.1494132051682704,0.304069095760506,0.2677930757932091,0.8309875511374105,1.4142625299849891,1.2106771584514024,,,,,
B7_DISCRETIZATION_CONVERGENCE,128,0.04,rosenhead,fixed_sampled_reach,trefoil,3:1:1,discrete_axial_tubes,numerical_discretization,0.75,0.2373588220132305,0.1973588220132305,0.14801911650992286,61,0.008475549956019223,0.00819672131147541,0.5,7.264145195698487,3.6320725978492434,1.72991732348638,3.6320725978492434,0.5780623076163288,True,FAIL_RELATIVE_EQUILIBRIUM_GATE,0.2540609208452046,0.2523348244176802,0.22878574800997062,-0.11047529426584934,0.157094605067044,0.06695140693916668,0.20774847485406991,1.4142625299849891,1.2106771584514024,,,,,
B7_DISCRETIZATION_CONVERGENCE,128,0.04,rosenhead,fixed_sampled_reach,trefoil,3:1:1,discrete_axial_tubes,numerical_discretization,0.75,0.2373588220132305,0.1973588220132305,0.14801911650992286,61,0.008475549956019223,0.01639344262295082,1.0,14.528290391396974,7.264145195698487,0.86495866174319,7.264145195698487,1.1561246152326576,True,FAIL_RELATIVE_EQUILIBRIUM_GATE,0.3165419588983951,0.29978198355645486,0.22878574800997062,-0.3835737656377092,0.19572877975432423,0.13390281387833336,0.41549694970813983,1.4142625299849891,1.2106771584514024,,,,,
B7_DISCRETIZATION_CONVERGENCE,128,0.04,rosenhead,fixed_sampled_reach,trefoil,3:1:1,discrete_axial_tubes,numerical_discretization,0.75,0.2373588220132305,0.1973588220132305,0.14801911650992286,61,0.008475549956019223,0.03278688524590164,2.0,29.056580782793947,14.528290391396974,0.432479330871595,14.528290391396974,2.3122492304653153,True,FAIL_RELATIVE_EQUILIBRIUM_GATE,0.49177841954597623,0.39126044941483495,0.22878574800997062,-1.1495150979620647,0.3040835101362989,0.2678056277566667,0.8309938994162797,1.4142625299849891,1.2106771584514024,,,,,
B7_DISCRETIZATION_CONVERGENCE,128,0.04,rosenhead,fixed_sampled_reach,trefoil,3:1:1,discrete_axial_tubes,numerical_discretization,0.75,0.2373588220132305,0.1973588220132305,0.14801911650992286,91,0.006939243213697947,0.005494505494505495,0.5,7.264145195698487,3.6320725978492434,1.72991732348638,3.6320725978492434,0.5780623076163288,True,FAIL_RELATIVE_EQUILIBRIUM_GATE,0.25406323358473204,0.2523369657393481,0.22878574800997062,-0.11048540302283083,0.15709603511343395,0.06695292519579392,0.20774924121600363,1.4142625299849891,1.2106771584514024,,,,,
B7_DISCRETIZATION_CONVERGENCE,128,0.04,rosenhead,fixed_sampled_reach,trefoil,3:1:1,discrete_axial_tubes,numerical_discretization,0.75,0.2373588220132305,0.1973588220132305,0.14801911650992286,91,0.006939243213697947,0.01098901098901099,1.0,14.528290391396974,7.264145195698487,0.86495866174319,7.264145195698487,1.1561246152326576,True,FAIL_RELATIVE_EQUILIBRIUM_GATE,0.31654735115837157,0.2997865369268607,0.22878574800997062,-0.3835973346756558,0.19573211397411924,0.13390585039158784,0.41549848243200727,1.4142625299849891,1.2106771584514024,,,,,
B7_DISCRETIZATION_CONVERGENCE,128,0.04,rosenhead,fixed_sampled_reach,trefoil,3:1:1,discrete_axial_tubes,numerical_discretization,0.75,0.2373588220132305,0.1973588220132305,0.14801911650992286,91,0.006939243213697947,0.02197802197802198,2.0,29.056580782793947,14.528290391396974,0.432479330871595,14.528290391396974,2.3122492304653153,True,FAIL_RELATIVE_EQUILIBRIUM_GATE,0.49178968609914236,0.3912675941545526,0.22878574800997062,-1.1495643429577171,0.30409047663360284,0.2678117007831757,0.8309969648640145,1.4142625299849891,1.2106771584514024,,,,,
B7_DISCRETIZATION_CONVERGENCE,128,0.04,rosenhead,fixed_sampled_reach,trefoil,3:1:1,discrete_axial_tubes,numerical_discretization,1.0,0.2373588220132305,0.1973588220132305,0.1973588220132305,1,0.08826154839617305,0.5,0.5,4.086081672580399,2.0430408362901993,3.075408575086898,2.0430408362901993,0.3251600480341849,True,FAIL_RELATIVE_EQUILIBRIUM_GATE,0.25408183881753943,0.2523541963603652,0.22878574800997062,-0.1105667246653248,0.15710753936875327,0.06696526835975862,0.2077554228152674,1.4142625299849891,1.2106771584514024,,,,,
B7_DISCRETIZATION_CONVERGENCE,128,0.04,rosenhead,fixed_sampled_reach,trefoil,3:1:1,discrete_axial_tubes,numerical_discretization,1.0,0.2373588220132305,0.1973588220132305,0.1973588220132305,1,0.08826154839617305,1.0,1.0,8.172163345160797,4.086081672580399,1.537704287543449,4.086081672580399,0.6503200960683698,True,FAIL_RELATIVE_EQUILIBRIUM_GATE,0.3165908724486682,0.2998233103479699,0.22878574800997062,-0.38378756195456276,0.19575902468470158,0.13393053671951724,0.4155108456305348,1.4142625299849891,1.2106771584514024,,,,,
B7_DISCRETIZATION_CONVERGENCE,128,0.04,rosenhead,fixed_sampled_reach,trefoil,3:1:1,discrete_axial_tubes,numerical_discretization,1.0,0.2373588220132305,0.1973588220132305,0.1973588220132305,1,0.08826154839617305,2.0,2.0,16.344326690321594,8.172163345160797,0.7688521437717245,8.172163345160797,1.3006401921367396,True,FAIL_RELATIVE_EQUILIBRIUM_GATE,0.49188087180645856,0.3913255198369325,0.22878574800997062,-1.1499629067148978,0.3041468598925115,0.2678610734390345,0.8310216912610696,1.4142625299849891,1.2106771584514024,,,,,
B7_DISCRETIZATION_CONVERGENCE,128,0.04,rosenhead,fixed_sampled_reach,trefoil,3:1:1,discrete_axial_tubes,numerical_discretization,1.0,0.2373588220132305,0.1973588220132305,0.1973588220132305,7,0.03335972962653796,0.07142857142857142,0.5,4.086081672580399,2.0430408362901993,3.075408575086898,2.0430408362901993,0.3251600480341849,True,FAIL_RELATIVE_EQUILIBRIUM_GATE,0.25363499502119563,0.2519416867183754,0.22878574800997062,-0.10861361438537709,0.15683124048154243,0.06690270257586765,0.20769915013203682,1.4142625299849891,1.2106771584514024,,,,,
B7_DISCRETIZATION_CONVERGENCE,128,0.04,rosenhead,fixed_sampled_reach,trefoil,3:1:1,discrete_axial_tubes,numerical_discretization,1.0,0.2373588220132305,0.1973588220132305,0.1973588220132305,7,0.03335972962653796,0.14285714285714285,1.0,8.172163345160797,4.086081672580399,1.537704287543449,4.086081672580399,0.6503200960683698,True,FAIL_RELATIVE_EQUILIBRIUM_GATE,0.3158040973631963,0.2991753738974076,0.22878574800997062,-0.3803486454472391,0.19527253459044544,0.1338054051517353,0.41539830026407365,1.4142625299849891,1.2106771584514024,,,,,
B7_DISCRETIZATION_CONVERGENCE,128,0.04,rosenhead,fixed_sampled_reach,trefoil,3:1:1,discrete_axial_tubes,numerical_discretization,1.0,0.2373588220132305,0.1973588220132305,0.1973588220132305,7,0.03335972962653796,0.2857142857142857,2.0,16.344326690321594,8.172163345160797,0.7688521437717245,8.172163345160797,1.3006401921367396,True,FAIL_RELATIVE_EQUILIBRIUM_GATE,0.49068975672060744,0.39066609927626356,0.22878574800997062,-1.1447566598388939,0.30341035246988757,0.2676108103034706,0.8307966005281473,1.4142625299849891,1.2106771584514024,,,,,
B7_DISCRETIZATION_CONVERGENCE,128,0.04,rosenhead,fixed_sampled_reach,trefoil,3:1:1,discrete_axial_tubes,numerical_discretization,1.0,0.2373588220132305,0.1973588220132305,0.1973588220132305,19,0.020248587897860146,0.02631578947368421,0.5,4.086081672580399,2.0430408362901993,3.075408575086898,2.0430408362901993,0.3251600480341849,True,FAIL_RELATIVE_EQUILIBRIUM_GATE,0.25368076146652657,0.2519831206865148,0.22878574800997062,-0.10881365501609408,0.15685953944869832,0.06671586795134206,0.20762575234201278,1.4142625299849891,1.2106771584514024,,,,,
B7_DISCRETIZATION_CONVERGENCE,128,0.04,rosenhead,fixed_sampled_reach,trefoil,3:1:1,discrete_axial_tubes,numerical_discretization,1.0,0.2373588220132305,0.1973588220132305,0.1973588220132305,19,0.020248587897860146,0.05263157894736842,1.0,8.172163345160797,4.086081672580399,1.537704287543449,4.086081672580399,0.6503200960683698,True,FAIL_RELATIVE_EQUILIBRIUM_GATE,0.3156708329177357,0.2990480693462225,0.22878574800997062,-0.37976615966471194,0.1951901326005626,0.13343173590268412,0.41525150468402555,1.4142625299849891,1.2106771584514024,,,,,
B7_DISCRETIZATION_CONVERGENCE,128,0.04,rosenhead,fixed_sampled_reach,trefoil,3:1:1,discrete_axial_tubes,numerical_discretization,1.0,0.2373588220132305,0.1973588220132305,0.1973588220132305,19,0.020248587897860146,0.10526315789473684,2.0,16.344326690321594,8.172163345160797,0.7688521437717245,8.172163345160797,1.3006401921367396,True,FAIL_RELATIVE_EQUILIBRIUM_GATE,0.4899854835619248,0.3901315858882794,0.22878574800997062,-1.141678351138249,0.3029748761543861,0.26686347180536824,0.8305030093680511,1.4142625299849891,1.2106771584514024,,,,,
B7_DISCRETIZATION_CONVERGENCE,128,0.04,rosenhead,fixed_sampled_reach,trefoil,3:1:1,discrete_axial_tubes,numerical_discretization,1.0,0.2373588220132305,0.1973588220132305,0.1973588220132305,37,0.014510109174333631,0.013513513513513514,0.5,4.086081672580399,2.0430408362901993,3.075408575086898,2.0430408362901993,0.3251600480341849,True,FAIL_RELATIVE_EQUILIBRIUM_GATE,0.2538598490939803,0.2521487568022853,0.22878574800997062,-0.10959642941970715,0.15697027548796652,0.06682502795786058,0.2076831624346965,1.4142625299849891,1.2106771584514024,,,,,
B7_DISCRETIZATION_CONVERGENCE,128,0.04,rosenhead,fixed_sampled_reach,trefoil,3:1:1,discrete_axial_tubes,numerical_discretization,1.0,0.2373588220132305,0.1973588220132305,0.1973588220132305,37,0.014510109174333631,0.02702702702702703,1.0,8.172163345160797,4.086081672580399,1.537704287543449,4.086081672580399,0.6503200960683698,True,FAIL_RELATIVE_EQUILIBRIUM_GATE,0.3160792890419976,0.2993919953367874,0.22878574800997062,-0.38155148120600013,0.19544269506988954,0.13365005591572116,0.415366324869393,1.4142625299849891,1.2106771584514024,,,,,
B7_DISCRETIZATION_CONVERGENCE,128,0.04,rosenhead,fixed_sampled_reach,trefoil,3:1:1,discrete_axial_tubes,numerical_discretization,1.0,0.2373588220132305,0.1973588220132305,0.1973588220132305,37,0.014510109174333631,0.05405405405405406,2.0,16.344326690321594,8.172163345160797,0.7688521437717245,8.172163345160797,1.3006401921367396,True,FAIL_RELATIVE_EQUILIBRIUM_GATE,0.49082264962923794,0.39065781471541683,0.22878574800997062,-1.1453375216704829,0.3034925247257703,0.2673001118314423,0.830732649738786,1.4142625299849891,1.2106771584514024,,,,,
B7_DISCRETIZATION_CONVERGENCE,128,0.04,rosenhead,fixed_sampled_reach,trefoil,3:1:1,discrete_axial_tubes,numerical_discretization,1.0,0.2373588220132305,0.1973588220132305,0.1973588220132305,61,0.011300733274692297,0.00819672131147541,0.5,4.086081672580399,2.0430408362901993,3.075408575086898,2.0430408362901993,0.3251600480341849,True,FAIL_RELATIVE_EQUILIBRIUM_GATE,0.25391357876068843,0.25219846396649775,0.22878574800997062,-0.10983127650776003,0.15700349838877242,0.06685860156090062,0.20770063992179633,1.4142625299849891,1.2106771584514024,,,,,
B7_DISCRETIZATION_CONVERGENCE,128,0.04,rosenhead,fixed_sampled_reach,trefoil,3:1:1,discrete_axial_tubes,numerical_discretization,1.0,0.2373588220132305,0.1973588220132305,0.1973588220132305,61,0.011300733274692297,0.01639344262295082,1.0,8.172163345160797,4.086081672580399,1.537704287543449,4.086081672580399,0.6503200960683698,True,FAIL_RELATIVE_EQUILIBRIUM_GATE,0.31620271956753276,0.29949598593285354,0.22878574800997062,-0.38209098389184826,0.19551901640887254,0.13371720312180124,0.41540127984359265,1.4142625299849891,1.2106771584514024,,,,,
B7_DISCRETIZATION_CONVERGENCE,128,0.04,rosenhead,fixed_sampled_reach,trefoil,3:1:1,discrete_axial_tubes,numerical_discretization,1.0,0.2373588220132305,0.1973588220132305,0.1973588220132305,61,0.011300733274692297,0.03278688524590164,2.0,16.344326690321594,8.172163345160797,0.7688521437717245,8.172163345160797,1.3006401921367396,True,FAIL_RELATIVE_EQUILIBRIUM_GATE,0.4910772554460096,0.3908181563368882,0.22878574800997062,-1.1464503786512443,0.30364995625872887,0.2674344062436025,0.8308025596871853,1.4142625299849891,1.2106771584514024,,,,,
B7_DISCRETIZATION_CONVERGENCE,128,0.04,rosenhead,fixed_sampled_reach,trefoil,3:1:1,discrete_axial_tubes,numerical_discretization,1.0,0.2373588220132305,0.1973588220132305,0.1973588220132305,91,0.009252324284930597,0.005494505494505495,0.5,4.086081672580399,2.0430408362901993,3.075408575086898,2.0430408362901993,0.3251600480341849,True,FAIL_RELATIVE_EQUILIBRIUM_GATE,0.2539370620526313,0.25222019461893486,0.22878574800997062,-0.10993391966690402,0.15701801891582226,0.06687333011298446,0.2077083060707407,1.4142625299849891,1.2106771584514024,,,,,
B7_DISCRETIZATION_CONVERGENCE,128,0.04,rosenhead,fixed_sampled_reach,trefoil,3:1:1,discrete_axial_tubes,numerical_discretization,1.0,0.2373588220132305,0.1973588220132305,0.1973588220132305,91,0.009252324284930597,0.01098901098901099,1.0,8.172163345160797,4.086081672580399,1.537704287543449,4.086081672580399,0.6503200960683698,True,FAIL_RELATIVE_EQUILIBRIUM_GATE,0.3162567235956919,0.2995414913085476,0.22878574800997062,-0.3823270301868158,0.1955524089567995,0.13374666022596893,0.4154166121414814,1.4142625299849891,1.2106771584514024,,,,,
B7_DISCRETIZATION_CONVERGENCE,128,0.04,rosenhead,fixed_sampled_reach,trefoil,3:1:1,discrete_axial_tubes,numerical_discretization,1.0,0.2373588220132305,0.1973588220132305,0.1973588220132305,91,0.009252324284930597,0.02197802197802198,2.0,16.344326690321594,8.172163345160797,0.7688521437717245,8.172163345160797,1.3006401921367396,True,FAIL_RELATIVE_EQUILIBRIUM_GATE,0.49118875691831654,0.39088837590153497,0.22878574800997062,-1.1469377406188355,0.3037189014538348,0.26749332045193785,0.8308332242829628,1.4142625299849891,1.2106771584514024,,,,,
B7_DISCRETIZATION_CONVERGENCE,128,0.04,rosenhead,fixed_sampled_reach,trefoil,3:1:1,continuum_rankine,continuum,0.5,0.2373588220132305,0.1973588220132305,0.09867941100661524,0,0.0,0.0,0.5,16.344326690321594,8.172163345160797,0.7688521437717245,8.172163345160797,1.3006401921367396,True,FAIL_RELATIVE_EQUILIBRIUM_GATE,0.2540818388175395,0.2523541963603652,0.22878574800997062,-0.11056672466532502,0.15710753936875327,0.06696526835975862,0.2077554228152674,1.4142625299849891,1.2106771584514024,,,,,
B7_DISCRETIZATION_CONVERGENCE,128,0.04,rosenhead,fixed_sampled_reach,trefoil,3:1:1,continuum_rankine,continuum,0.5,0.2373588220132305,0.1973588220132305,0.09867941100661524,0,0.0,0.0,1.0,32.68865338064319,16.344326690321594,0.38442607188586225,16.344326690321594,2.6012803842734793,True,FAIL_RELATIVE_EQUILIBRIUM_GATE,0.3165908724486682,0.29982331034796983,0.22878574800997062,-0.38378756195456276,0.19575902468470158,0.13393053671951724,0.4155108456305348,1.4142625299849891,1.2106771584514024,,,,,
B7_DISCRETIZATION_CONVERGENCE,128,0.04,rosenhead,fixed_sampled_reach,trefoil,3:1:1,continuum_rankine,continuum,0.5,0.2373588220132305,0.1973588220132305,0.09867941100661524,0,0.0,0.0,2.0,65.37730676128638,32.68865338064319,0.19221303594293113,32.68865338064319,5.202560768546959,True,FAIL_RELATIVE_EQUILIBRIUM_GATE,0.49188087180645856,0.3913255198369325,0.22878574800997062,-1.1499629067148978,0.3041468598925115,0.2678610734390345,0.8310216912610696,1.4142625299849891,1.2106771584514024,,,,,
B7_DISCRETIZATION_CONVERGENCE,128,0.04,rosenhead,fixed_sampled_reach,trefoil,3:1:1,continuum_rankine,continuum,0.75,0.2373588220132305,0.1973588220132305,0.14801911650992286,0,0.0,0.0,0.5,7.264145195698487,3.6320725978492434,1.72991732348638,3.6320725978492434,0.5780623076163288,True,FAIL_RELATIVE_EQUILIBRIUM_GATE,0.2540818388175395,0.2523541963603652,0.22878574800997062,-0.11056672466532502,0.15710753936875327,0.06696526835975862,0.2077554228152674,1.4142625299849891,1.2106771584514024,,,,,
B7_DISCRETIZATION_CONVERGENCE,128,0.04,rosenhead,fixed_sampled_reach,trefoil,3:1:1,continuum_rankine,continuum,0.75,0.2373588220132305,0.1973588220132305,0.14801911650992286,0,0.0,0.0,1.0,14.528290391396974,7.264145195698487,0.86495866174319,7.264145195698487,1.1561246152326576,True,FAIL_RELATIVE_EQUILIBRIUM_GATE,0.3165908724486682,0.29982331034796983,0.22878574800997062,-0.38378756195456276,0.19575902468470158,0.13393053671951724,0.4155108456305348,1.4142625299849891,1.2106771584514024,,,,,
B7_DISCRETIZATION_CONVERGENCE,128,0.04,rosenhead,fixed_sampled_reach,trefoil,3:1:1,continuum_rankine,continuum,0.75,0.2373588220132305,0.1973588220132305,0.14801911650992286,0,0.0,0.0,2.0,29.056580782793947,14.528290391396974,0.432479330871595,14.528290391396974,2.3122492304653153,True,FAIL_RELATIVE_EQUILIBRIUM_GATE,0.49188087180645856,0.3913255198369325,0.22878574800997062,-1.1499629067148978,0.3041468598925115,0.2678610734390345,0.8310216912610696,1.4142625299849891,1.2106771584514024,,,,,
B7_DISCRETIZATION_CONVERGENCE,128,0.04,rosenhead,fixed_sampled_reach,trefoil,3:1:1,continuum_rankine,continuum,1.0,0.2373588220132305,0.1973588220132305,0.1973588220132305,0,0.0,0.0,0.5,4.086081672580399,2.0430408362901993,3.075408575086898,2.0430408362901993,0.3251600480341849,True,FAIL_RELATIVE_EQUILIBRIUM_GATE,0.2540818388175395,0.2523541963603652,0.22878574800997062,-0.11056672466532502,0.15710753936875327,0.06696526835975862,0.2077554228152674,1.4142625299849891,1.2106771584514024,,,,,
B7_DISCRETIZATION_CONVERGENCE,128,0.04,rosenhead,fixed_sampled_reach,trefoil,3:1:1,continuum_rankine,continuum,1.0,0.2373588220132305,0.1973588220132305,0.1973588220132305,0,0.0,0.0,1.0,8.172163345160797,4.086081672580399,1.537704287543449,4.086081672580399,0.6503200960683698,True,FAIL_RELATIVE_EQUILIBRIUM_GATE,0.3165908724486682,0.29982331034796983,0.22878574800997062,-0.38378756195456276,0.19575902468470158,0.13393053671951724,0.4155108456305348,1.4142625299849891,1.2106771584514024,,,,,
B7_DISCRETIZATION_CONVERGENCE,128,0.04,rosenhead,fixed_sampled_reach,trefoil,3:1:1,continuum_rankine,continuum,1.0,0.2373588220132305,0.1973588220132305,0.1973588220132305,0,0.0,0.0,2.0,16.344326690321594,8.172163345160797,0.7688521437717245,8.172163345160797,1.3006401921367396,True,FAIL_RELATIVE_EQUILIBRIUM_GATE,0.49188087180645856,0.3913255198369325,0.22878574800997062,-1.1499629067148978,0.3041468598925115,0.2678610734390345,0.8310216912610696,1.4142625299849891,1.2106771584514024,,,,,
B7_DISCRETIZATION_CONVERGENCE,128,0.04,winckelmans,fixed_sampled_reach,trefoil,3:1:1,discrete_axial_tubes,numerical_discretization,0.5,0.2373588220132305,0.1973588220132305,0.09867941100661524,1,0.044130774198086524,0.5,0.5,16.344326690321594,8.172163345160797,0.7688521437717245,8.172163345160797,1.3006401921367396,True,FAIL_RELATIVE_EQUILIBRIUM_GATE,0.2610416398698866,0.25814682777143916,0.23374739337941808,-0.1167681320243199,0.17090009192020633,0.06696526835975862,0.2077554228152674,1.4142625299849891,1.2106771584514024,,,,,
B7_DISCRETIZATION_CONVERGENCE,128,0.04,winckelmans,fixed_sampled_reach,trefoil,3:1:1,discrete_axial_tubes,numerical_discretization,0.5,0.2373588220132305,0.1973588220132305,0.09867941100661524,1,0.044130774198086524,1.0,1.0,32.68865338064319,16.344326690321594,0.38442607188586225,16.344326690321594,2.6012803842734793,True,FAIL_RELATIVE_EQUILIBRIUM_GATE,0.32026952860030095,0.3022003772026273,0.23374739337941808,-0.37015229975395014,0.20967571267294446,0.13393053671951724,0.4155108456305348,1.4142625299849891,1.2106771584514024,,,,,
B7_DISCRETIZATION_CONVERGENCE,128,0.04,winckelmans,fixed_sampled_reach,trefoil,3:1:1,discrete_axial_tubes,numerical_discretization,0.5,0.2373588220132305,0.1973588220132305,0.09867941100661524,1,0.044130774198086524,2.0,2.0,65.37730676128638,32.68865338064319,0.19221303594293113,32.68865338064319,5.202560768546959,True,FAIL_RELATIVE_EQUILIBRIUM_GATE,0.48394943482402675,0.3876527314960113,0.23374739337941808,-1.0703950013187162,0.3168345208733078,0.2678610734390345,0.8310216912610696,1.4142625299849891,1.2106771584514024,,,,,
B7_DISCRETIZATION_CONVERGENCE,128,0.04,winckelmans,fixed_sampled_reach,trefoil,3:1:1,discrete_axial_tubes,numerical_discretization,0.5,0.2373588220132305,0.1973588220132305,0.09867941100661524,7,0.01667986481326898,0.07142857142857142,0.5,16.344326690321594,8.172163345160797,0.7688521437717245,8.172163345160797,1.3006401921367396,True,FAIL_RELATIVE_EQUILIBRIUM_GATE,0.2610338738353525,0.25813969942167764,0.23374739337941808,-0.11673490797667663,0.1708950076125212,0.06695980097478105,0.20775269941043728,1.4142625299849891,1.2106771584514024,,,,,
B7_DISCRETIZATION_CONVERGENCE,128,0.04,winckelmans,fixed_sampled_reach,trefoil,3:1:1,discrete_axial_tubes,numerical_discretization,0.5,0.2373588220132305,0.1973588220132305,0.09867941100661524,7,0.01667986481326898,0.14285714285714285,1.0,32.68865338064319,16.344326690321594,0.38442607188586225,16.344326690321594,2.6012803842734793,True,FAIL_RELATIVE_EQUILIBRIUM_GATE,0.3202515344842698,0.3021852608784009,0.23374739337941808,-0.3700753187199759,0.2096639321919251,0.1339196019495621,0.41550539882087456,1.4142625299849891,1.2106771584514024,,,,,
B7_DISCRETIZATION_CONVERGENCE,128,0.04,winckelmans,fixed_sampled_reach,trefoil,3:1:1,discrete_axial_tubes,numerical_discretization,0.5,0.2373588220132305,0.1973588220132305,0.09867941100661524,7,0.01667986481326898,0.2857142857142857,2.0,65.37730676128638,32.68865338064319,0.19221303594293113,32.68865338064319,5.202560768546959,True,FAIL_RELATIVE_EQUILIBRIUM_GATE,0.48391149754502455,0.38762832663238783,0.23374739337941808,-1.0702327009890582,0.3168096838991304,0.2678392038991242,0.8310107976417491,1.4142625299849891,1.2106771584514024,,,,,
B7_DISCRETIZATION_CONVERGENCE,128,0.04,winckelmans,fixed_sampled_reach,trefoil,3:1:1,discrete_axial_tubes,numerical_discretization,0.5,0.2373588220132305,0.1973588220132305,0.09867941100661524,19,0.010124293948930073,0.02631578947368421,0.5,16.344326690321594,8.172163345160797,0.7688521437717245,8.172163345160797,1.3006401921367396,True,FAIL_RELATIVE_EQUILIBRIUM_GATE,0.2610388891110358,0.25814430288138873,0.23374739337941808,-0.11675636394078737,0.17089829103916418,0.06696331406663193,0.20775445011581395,1.4142625299849891,1.2106771584514024,,,,,
B7_DISCRETIZATION_CONVERGENCE,128,0.04,winckelmans,fixed_sampled_reach,trefoil,3:1:1,discrete_axial_tubes,numerical_discretization,0.5,0.2373588220132305,0.1973588220132305,0.09867941100661524,19,0.010124293948930073,0.05263157894736842,1.0,32.68865338064319,16.344326690321594,0.38442607188586225,16.344326690321594,2.6012803842734793,True,FAIL_RELATIVE_EQUILIBRIUM_GATE,0.32026313774588105,0.3021950077747839,0.23374739337941808,-0.37012495889539565,0.20967152867529432,0.13392662813326386,0.4155089002316279,1.4142625299849891,1.2106771584514024,,,,,
B7_DISCRETIZATION_CONVERGENCE,128,0.04,winckelmans,fixed_sampled_reach,trefoil,3:1:1,discrete_axial_tubes,numerical_discretization,0.5,0.2373588220132305,0.1973588220132305,0.09867941100661524,19,0.010124293948930073,0.10526315789473684,2.0,65.37730676128638,32.68865338064319,0.19221303594293113,32.68865338064319,5.202560768546959,True,FAIL_RELATIVE_EQUILIBRIUM_GATE,0.4839359287152084,0.38764403852306156,0.23374739337941808,-1.0703372205297068,0.31682567862408006,0.26785325626652773,0.8310178004632558,1.4142625299849891,1.2106771584514024,,,,,
B7_DISCRETIZATION_CONVERGENCE,128,0.04,winckelmans,fixed_sampled_reach,trefoil,3:1:1,discrete_axial_tubes,numerical_discretization,0.5,0.2373588220132305,0.1973588220132305,0.09867941100661524,37,0.0072550545871668155,0.013513513513513514,0.5,16.344326690321594,8.172163345160797,0.7688521437717245,8.172163345160797,1.3006401921367396,True,FAIL_RELATIVE_EQUILIBRIUM_GATE,0.2610397511147557,0.25814509407198666,0.23374739337941808,-0.11676005169835935,0.17089885538022118,0.06696392568783378,0.2077547548492891,1.4142625299849891,1.2106771584514024,,,,,
B7_DISCRETIZATION_CONVERGENCE,128,0.04,winckelmans,fixed_sampled_reach,trefoil,3:1:1,discrete_axial_tubes,numerical_discretization,0.5,0.2373588220132305,0.1973588220132305,0.09867941100661524,37,0.0072550545871668155,0.02702702702702703,1.0,32.68865338064319,16.344326690321594,0.38442607188586225,16.344326690321594,2.6012803842734793,True,FAIL_RELATIVE_EQUILIBRIUM_GATE,0.32026513967173753,0.302196689582018,0.23374739337941808,-0.3701335233795917,0.20967283930647582,0.13392785137566757,0.4155095096985782,1.4142625299849891,1.2106771584514024,,,,,
B7_DISCRETIZATION_CONVERGENCE,128,0.04,winckelmans,fixed_sampled_reach,trefoil,3:1:1,discrete_axial_tubes,numerical_discretization,0.5,0.2373588220132305,0.1973588220132305,0.09867941100661524,37,0.0072550545871668155,0.05405405405405406,2.0,65.37730676128638,32.68865338064319,0.19221303594293113,32.68865338064319,5.202560768546959,True,FAIL_RELATIVE_EQUILIBRIUM_GATE,0.4839401580488374,0.38764676000003295,0.23374739337941808,-1.0703553141373736,0.31682844750611094,0.26785570275133513,0.8310190193971564,1.4142625299849891,1.2106771584514024,,,,,
B7_DISCRETIZATION_CONVERGENCE,128,0.04,winckelmans,fixed_sampled_reach,trefoil,3:1:1,discrete_axial_tubes,numerical_discretization,0.5,0.2373588220132305,0.1973588220132305,0.09867941100661524,61,0.0056503666373461485,0.00819672131147541,0.5,16.344326690321594,8.172163345160797,0.7688521437717245,8.172163345160797,1.3006401921367396,True,FAIL_RELATIVE_EQUILIBRIUM_GATE,0.26104006527688234,0.2581453824323279,0.23374739337941808,-0.11676139572244493,0.17089906105750835,0.0669641488029595,0.2077548659498851,1.4142625299849891,1.2106771584514024,,,,,
B7_DISCRETIZATION_CONVERGENCE,128,0.04,winckelmans,fixed_sampled_reach,trefoil,3:1:1,discrete_axial_tubes,numerical_discretization,0.5,0.2373588220132305,0.1973588220132305,0.09867941100661524,61,0.0056503666373461485,0.01639344262295082,1.0,32.68865338064319,16.344326690321594,0.38442607188586225,16.344326690321594,2.6012803842734793,True,FAIL_RELATIVE_EQUILIBRIUM_GATE,0.3202658694856255,0.30219730272773143,0.23374739337941808,-0.3701366456128601,0.20967331710480946,0.133928297605919,0.4155097318997702,1.4142625299849891,1.2106771584514024,,,,,
B7_DISCRETIZATION_CONVERGENCE,128,0.04,winckelmans,fixed_sampled_reach,trefoil,3:1:1,discrete_axial_tubes,numerical_discretization,0.5,0.2373588220132305,0.1973588220132305,0.09867941100661524,61,0.0056503666373461485,0.03278688524590164,2.0,65.37730676128638,32.68865338064319,0.19221303594293113,32.68865338064319,5.202560768546959,True,FAIL_RELATIVE_EQUILIBRIUM_GATE,0.48394170025039973,0.3876477525130748,0.23374739337941808,-1.0703619118646897,0.3168294571626121,0.267856595211838,0.8310194637995404,1.4142625299849891,1.2106771584514024,,,,,
B7_DISCRETIZATION_CONVERGENCE,128,0.04,winckelmans,fixed_sampled_reach,trefoil,3:1:1,discrete_axial_tubes,numerical_discretization,0.5,0.2373588220132305,0.1973588220132305,0.09867941100661524,91,0.004626162142465299,0.005494505494505495,0.5,16.344326690321594,8.172163345160797,0.7688521437717245,8.172163345160797,1.3006401921367396,True,FAIL_RELATIVE_EQUILIBRIUM_GATE,0.26104022200110616,0.258145526286583,0.23374739337941808,-0.11676206620788476,0.17089916366253435,0.0669642601375024,0.2077549213739279,1.4142625299849891,1.2106771584514024,,,,,
B7_DISCRETIZATION_CONVERGENCE,128,0.04,winckelmans,fixed_sampled_reach,trefoil,3:1:1,discrete_axial_tubes,numerical_discretization,0.5,0.2373588220132305,0.1973588220132305,0.09867941100661524,91,0.004626162142465299,0.01098901098901099,1.0,32.68865338064319,16.344326690321594,0.38442607188586225,16.344326690321594,2.6012803842734793,True,FAIL_RELATIVE_EQUILIBRIUM_GATE,0.320266233593158,0.3021976086364713,0.23374739337941808,-0.3701382033095135,0.20967355548061342,0.1339285202750048,0.4155098427478558,1.4142625299849891,1.2106771584514024,,,,,
B7_DISCRETIZATION_CONVERGENCE,128,0.04,winckelmans,fixed_sampled_reach,trefoil,3:1:1,discrete_axial_tubes,numerical_discretization,0.5,0.2373588220132305,0.1973588220132305,0.09867941100661524,91,0.004626162142465299,0.02197802197802198,2.0,65.37730676128638,32.68865338064319,0.19221303594293113,32.68865338064319,5.202560768546959,True,FAIL_RELATIVE_EQUILIBRIUM_GATE,0.4839424697168108,0.387648247748191,0.23374739337941808,-1.070365203736312,0.31682996092086485,0.2678570405500096,0.8310196854957116,1.4142625299849891,1.2106771584514024,,,,,
B7_DISCRETIZATION_CONVERGENCE,128,0.04,winckelmans,fixed_sampled_reach,trefoil,3:1:1,discrete_axial_tubes,numerical_discretization,0.75,0.2373588220132305,0.1973588220132305,0.14801911650992286,1,0.06619616129712978,0.5,0.5,7.264145195698487,3.6320725978492434,1.72991732348638,3.6320725978492434,0.5780623076163288,True,FAIL_RELATIVE_EQUILIBRIUM_GATE,0.2610416398698866,0.25814682777143916,0.23374739337941808,-0.1167681320243199,0.17090009192020633,0.06696526835975862,0.2077554228152674,1.4142625299849891,1.2106771584514024,,,,,
B7_DISCRETIZATION_CONVERGENCE,128,0.04,winckelmans,fixed_sampled_reach,trefoil,3:1:1,discrete_axial_tubes,numerical_discretization,0.75,0.2373588220132305,0.1973588220132305,0.14801911650992286,1,0.06619616129712978,1.0,1.0,14.528290391396974,7.264145195698487,0.86495866174319,7.264145195698487,1.1561246152326576,True,FAIL_RELATIVE_EQUILIBRIUM_GATE,0.32026952860030095,0.3022003772026273,0.23374739337941808,-0.37015229975395014,0.20967571267294446,0.13393053671951724,0.4155108456305348,1.4142625299849891,1.2106771584514024,,,,,
B7_DISCRETIZATION_CONVERGENCE,128,0.04,winckelmans,fixed_sampled_reach,trefoil,3:1:1,discrete_axial_tubes,numerical_discretization,0.75,0.2373588220132305,0.1973588220132305,0.14801911650992286,1,0.06619616129712978,2.0,2.0,29.056580782793947,14.528290391396974,0.432479330871595,14.528290391396974,2.3122492304653153,True,FAIL_RELATIVE_EQUILIBRIUM_GATE,0.48394943482402675,0.3876527314960113,0.23374739337941808,-1.0703950013187162,0.3168345208733078,0.2678610734390345,0.8310216912610696,1.4142625299849891,1.2106771584514024,,,,,
B7_DISCRETIZATION_CONVERGENCE,128,0.04,winckelmans,fixed_sampled_reach,trefoil,3:1:1,discrete_axial_tubes,numerical_discretization,0.75,0.2373588220132305,0.1973588220132305,0.14801911650992286,7,0.025019797219903467,0.07142857142857142,0.5,7.264145195698487,3.6320725978492434,1.72991732348638,3.6320725978492434,0.5780623076163288,True,FAIL_RELATIVE_EQUILIBRIUM_GATE,0.2609548066536629,0.2580671743855374,0.23374739337941808,-0.1163966488819057,0.17084324350076735,0.06691143631271847,0.20772786703562043,1.4142625299849891,1.2106771584514024,,,,,
B7_DISCRETIZATION_CONVERGENCE,128,0.04,winckelmans,fixed_sampled_reach,trefoil,3:1:1,discrete_axial_tubes,numerical_discretization,0.75,0.2373588220132305,0.1973588220132305,0.14801911650992286,7,0.025019797219903467,0.14285714285714285,1.0,14.528290391396974,7.264145195698487,0.86495866174319,7.264145195698487,1.1561246152326576,True,FAIL_RELATIVE_EQUILIBRIUM_GATE,0.32007544255449816,0.3020377981542528,0.23374739337941808,-0.3693219758602939,0.2095486474159048,0.13382287262543693,0.41545573407124087,1.4142625299849891,1.2106771584514024,,,,,
B7_DISCRETIZATION_CONVERGENCE,128,0.04,winckelmans,fixed_sampled_reach,trefoil,3:1:1,discrete_axial_tubes,numerical_discretization,0.75,0.2373588220132305,0.1973588220132305,0.14801911650992286,7,0.025019797219903467,0.2857142857142857,2.0,29.056580782793947,14.528290391396974,0.432479330871595,14.528290391396974,2.3122492304653153,True,FAIL_RELATIVE_EQUILIBRIUM_GATE,0.4835534886323953,0.3874005963205991,0.23374739337941808,-1.0687010949785982,0.3165753007711854,0.26764574525087387,0.8309114681424817,1.4142625299849891,1.2106771584514024,,,,,
B7_DISCRETIZATION_CONVERGENCE,128,0.04,winckelmans,fixed_sampled_reach,trefoil,3:1:1,discrete_axial_tubes,numerical_discretization,0.75,0.2373588220132305,0.1973588220132305,0.14801911650992286,19,0.015186440923395108,0.02631578947368421,0.5,7.264145195698487,3.6320725978492434,1.72991732348638,3.6320725978492434,0.5780623076163288,True,FAIL_RELATIVE_EQUILIBRIUM_GATE,0.2610042944366632,0.2581125656459933,0.23374739337941808,-0.11660836368344762,0.17087564241868675,0.06693920829704207,0.20774228623436486,1.4142625299849891,1.2106771584514024,,,,,
B7_DISCRETIZATION_CONVERGENCE,128,0.04,winckelmans,fixed_sampled_reach,trefoil,3:1:1,discrete_axial_tubes,numerical_discretization,0.75,0.2373588220132305,0.1973588220132305,0.14801911650992286,19,0.015186440923395108,0.05263157894736842,1.0,14.528290391396974,7.264145195698487,0.86495866174319,7.264145195698487,1.1561246152326576,True,FAIL_RELATIVE_EQUILIBRIUM_GATE,0.3201832223040989,0.30212794859213105,0.23374739337941808,-0.36978307083997475,0.20961920922023256,0.13387841659408414,0.4154845724687297,1.4142625299849891,1.2106771584514024,,,,,
B7_DISCRETIZATION_CONVERGENCE,128,0.04,winckelmans,fixed_sampled_reach,trefoil,3:1:1,discrete_axial_tubes,numerical_discretization,0.75,0.2373588220132305,0.1973588220132305,0.14801911650992286,19,0.015186440923395108,0.10526315789473684,2.0,29.056580782793947,14.528290391396974,0.432479330871595,14.528290391396974,2.3122492304653153,True,FAIL_RELATIVE_EQUILIBRIUM_GATE,0.48376789175201584,0.38753624046742796,0.23374739337941808,-1.0696183378043718,0.3167156673152716,0.2677568331881683,0.8309691449374594,1.4142625299849891,1.2106771584514024,,,,,
B7_DISCRETIZATION_CONVERGENCE,128,0.04,winckelmans,fixed_sampled_reach,trefoil,3:1:1,discrete_axial_tubes,numerical_discretization,0.75,0.2373588220132305,0.1973588220132305,0.14801911650992286,37,0.010882581880750223,0.013513513513513514,0.5,7.264145195698487,3.6320725978492434,1.72991732348638,3.6320725978492434,0.5780623076163288,True,FAIL_RELATIVE_EQUILIBRIUM_GATE,0.2610173965319608,0.25812458247576175,0.23374739337941808,-0.1166644160530943,0.17088422016625157,0.06694826894830228,0.20774688778435263,1.4142625299849891,1.2106771584514024,,,,,
B7_DISCRETIZATION_CONVERGENCE,128,0.04,winckelmans,fixed_sampled_reach,trefoil,3:1:1,discrete_axial_tubes,numerical_discretization,0.75,0.2373588220132305,0.1973588220132305,0.14801911650992286,37,0.010882581880750223,0.02702702702702703,1.0,14.528290391396974,7.264145195698487,0.86495866174319,7.264145195698487,1.1561246152326576,True,FAIL_RELATIVE_EQUILIBRIUM_GATE,0.32021342199464936,0.30215327552104687,0.23374739337941808,-0.3699122688178169,0.20963898050995328,0.13389653789660455,0.41549377556870526,1.4142625299849891,1.2106771584514024,,,,,
B7_DISCRETIZATION_CONVERGENCE,128,0.04,winckelmans,fixed_sampled_reach,trefoil,3:1:1,discrete_axial_tubes,numerical_discretization,0.75,0.2373588220132305,0.1973588220132305,0.14801911650992286,37,0.010882581880750223,0.05405405405405406,2.0,29.056580782793947,14.528290391396974,0.432479330871595,14.528290391396974,2.3122492304653153,True,FAIL_RELATIVE_EQUILIBRIUM_GATE,0.48383126723019304,0.3875768369576045,0.23374739337941808,-1.0698894658681373,0.3167571583013509,0.2677930757932091,0.8309875511374105,1.4142625299849891,1.2106771584514024,,,,,
B7_DISCRETIZATION_CONVERGENCE,128,0.04,winckelmans,fixed_sampled_reach,trefoil,3:1:1,discrete_axial_tubes,numerical_discretization,0.75,0.2373588220132305,0.1973588220132305,0.14801911650992286,61,0.008475549956019223,0.00819672131147541,0.5,7.264145195698487,3.6320725978492434,1.72991732348638,3.6320725978492434,0.5780623076163288,True,FAIL_RELATIVE_EQUILIBRIUM_GATE,0.26102190348963733,0.2581287167871366,0.23374739337941808,-0.11668369737046591,0.17088717080463087,0.06695140693916668,0.20774847485406991,1.4142625299849891,1.2106771584514024,,,,,
B7_DISCRETIZATION_CONVERGENCE,128,0.04,winckelmans,fixed_sampled_reach,trefoil,3:1:1,discrete_axial_tubes,numerical_discretization,0.75,0.2373588220132305,0.1973588220132305,0.14801911650992286,61,0.008475549956019223,0.01639344262295082,1.0,14.528290391396974,7.264145195698487,0.86495866174319,7.264145195698487,1.1561246152326576,True,FAIL_RELATIVE_EQUILIBRIUM_GATE,0.3202238308995982,0.3021620082292193,0.23374739337941808,-0.3699567993890389,0.20964579506572084,0.13390281387833336,0.41549694970813983,1.4142625299849891,1.2106771584514024,,,,,
B7_DISCRETIZATION_CONVERGENCE,128,0.04,winckelmans,fixed_sampled_reach,trefoil,3:1:1,discrete_axial_tubes,numerical_discretization,0.75,0.2373588220132305,0.1973588220132305,0.14801911650992286,61,0.008475549956019223,0.03278688524590164,2.0,29.056580782793947,14.528290391396974,0.432479330871595,14.528290391396974,2.3122492304653153,True,FAIL_RELATIVE_EQUILIBRIUM_GATE,0.48385314939584273,0.3875908682131876,0.23374739337941808,-1.0699830804549495,0.31677148423081875,0.2678056277566667,0.8309938994162797,1.4142625299849891,1.2106771584514024,,,,,
B7_DISCRETIZATION_CONVERGENCE,128,0.04,winckelmans,fixed_sampled_reach,trefoil,3:1:1,discrete_axial_tubes,numerical_discretization,0.75,0.2373588220132305,0.1973588220132305,0.14801911650992286,91,0.006939243213697947,0.005494505494505495,0.5,7.264145195698487,3.6320725978492434,1.72991732348638,3.6320725978492434,0.5780623076163288,True,FAIL_RELATIVE_EQUILIBRIUM_GATE,0.26102408014639605,0.25813071363456314,0.23374739337941808,-0.11669300937487903,0.17088859582954388,0.06695292519579392,0.20774924121600363,1.4142625299849891,1.2106771584514024,,,,,
B7_DISCRETIZATION_CONVERGENCE,128,0.04,winckelmans,fixed_sampled_reach,trefoil,3:1:1,discrete_axial_tubes,numerical_discretization,0.75,0.2373588220132305,0.1973588220132305,0.14801911650992286,91,0.006939243213697947,0.01098901098901099,1.0,14.528290391396974,7.264145195698487,0.86495866174319,7.264145195698487,1.1561246152326576,True,FAIL_RELATIVE_EQUILIBRIUM_GATE,0.3202288605875399,0.3021662286933814,0.23374739337941808,-0.3699783170105575,0.20964908792785575,0.13390585039158784,0.41549848243200727,1.4142625299849891,1.2106771584514024,,,,,
B7_DISCRETIZATION_CONVERGENCE,128,0.04,winckelmans,fixed_sampled_reach,trefoil,3:1:1,discrete_axial_tubes,numerical_discretization,0.75,0.2373588220132305,0.1973588220132305,0.14801911650992286,91,0.006939243213697947,0.02197802197802198,2.0,29.056580782793947,14.528290391396974,0.432479330871595,14.528290391396974,2.3122492304653153,True,FAIL_RELATIVE_EQUILIBRIUM_GATE,0.48386372805161193,0.38759765438139726,0.23374739337941808,-1.0700283372409878,0.316778409919932,0.2678117007831757,0.8309969648640145,1.4142625299849891,1.2106771584514024,,,,,
B7_DISCRETIZATION_CONVERGENCE,128,0.04,winckelmans,fixed_sampled_reach,trefoil,3:1:1,discrete_axial_tubes,numerical_discretization,1.0,0.2373588220132305,0.1973588220132305,0.1973588220132305,1,0.08826154839617305,0.5,0.5,4.086081672580399,2.0430408362901993,3.075408575086898,2.0430408362901993,0.3251600480341849,True,FAIL_RELATIVE_EQUILIBRIUM_GATE,0.2610416398698866,0.25814682777143916,0.23374739337941808,-0.1167681320243199,0.17090009192020633,0.06696526835975862,0.2077554228152674,1.4142625299849891,1.2106771584514024,,,,,
B7_DISCRETIZATION_CONVERGENCE,128,0.04,winckelmans,fixed_sampled_reach,trefoil,3:1:1,discrete_axial_tubes,numerical_discretization,1.0,0.2373588220132305,0.1973588220132305,0.1973588220132305,1,0.08826154839617305,1.0,1.0,8.172163345160797,4.086081672580399,1.537704287543449,4.086081672580399,0.6503200960683698,True,FAIL_RELATIVE_EQUILIBRIUM_GATE,0.32026952860030095,0.3022003772026273,0.23374739337941808,-0.37015229975395014,0.20967571267294446,0.13393053671951724,0.4155108456305348,1.4142625299849891,1.2106771584514024,,,,,
B7_DISCRETIZATION_CONVERGENCE,128,0.04,winckelmans,fixed_sampled_reach,trefoil,3:1:1,discrete_axial_tubes,numerical_discretization,1.0,0.2373588220132305,0.1973588220132305,0.1973588220132305,1,0.08826154839617305,2.0,2.0,16.344326690321594,8.172163345160797,0.7688521437717245,8.172163345160797,1.3006401921367396,True,FAIL_RELATIVE_EQUILIBRIUM_GATE,0.48394943482402675,0.3876527314960113,0.23374739337941808,-1.0703950013187162,0.3168345208733078,0.2678610734390345,0.8310216912610696,1.4142625299849891,1.2106771584514024,,,,,
B7_DISCRETIZATION_CONVERGENCE,128,0.04,winckelmans,fixed_sampled_reach,trefoil,3:1:1,discrete_axial_tubes,numerical_discretization,1.0,0.2373588220132305,0.1973588220132305,0.1973588220132305,7,0.03335972962653796,0.07142857142857142,0.5,4.086081672580399,2.0430408362901993,3.075408575086898,2.0430408362901993,0.3251600480341849,True,FAIL_RELATIVE_EQUILIBRIUM_GATE,0.26060164632082,0.2577446432216063,0.23374739337941808,-0.1148857856900769,0.17061203466613276,0.06690270257586765,0.20769915013203682,1.4142625299849891,1.2106771584514024,,,,,
B7_DISCRETIZATION_CONVERGENCE,128,0.04,winckelmans,fixed_sampled_reach,trefoil,3:1:1,discrete_axial_tubes,numerical_discretization,1.0,0.2373588220132305,0.1973588220132305,0.1973588220132305,7,0.03335972962653796,0.14285714285714285,1.0,8.172163345160797,4.086081672580399,1.537704287543449,4.086081672580399,0.6503200960683698,True,FAIL_RELATIVE_EQUILIBRIUM_GATE,0.3194909222947466,0.3015622661881461,0.23374739337941808,-0.3668213265426661,0.20916597066682158,0.1338054051517353,0.41539830026407365,1.4142625299849891,1.2106771584514024,,,,,
B7_DISCRETIZATION_CONVERGENCE,128,0.04,winckelmans,fixed_sampled_reach,trefoil,3:1:1,discrete_axial_tubes,numerical_discretization,1.0,0.2373588220132305,0.1973588220132305,0.1973588220132305,7,0.03335972962653796,0.2857142857142857,2.0,16.344326690321594,8.172163345160797,0.7688521437717245,8.172163345160797,1.3006401921367396,True,FAIL_RELATIVE_EQUILIBRIUM_GATE,0.4827571685501213,0.38697404388470463,0.23374739337941808,-1.065294340059276,0.3160539618180346,0.2676108103034706,0.8307966005281473,1.4142625299849891,1.2106771584514024,,,,,
B7_DISCRETIZATION_CONVERGENCE,128,0.04,winckelmans,fixed_sampled_reach,trefoil,3:1:1,discrete_axial_tubes,numerical_discretization,1.0,0.2373588220132305,0.1973588220132305,0.1973588220132305,19,0.020248587897860146,0.02631578947368421,0.5,4.086081672580399,2.0430408362901993,3.075408575086898,2.0430408362901993,0.3251600480341849,True,FAIL_RELATIVE_EQUILIBRIUM_GATE,0.2606671074963686,0.25780356175172997,0.23374739337941808,-0.11516583662284763,0.17065489112736262,0.06671586795134206,0.20762575234201278,1.4142625299849891,1.2106771584514024,,,,,
B7_DISCRETIZATION_CONVERGENCE,128,0.04,winckelmans,fixed_sampled_reach,trefoil,3:1:1,discrete_axial_tubes,numerical_discretization,1.0,0.2373588220132305,0.1973588220132305,0.1973588220132305,19,0.020248587897860146,0.05263157894736842,1.0,8.172163345160797,4.086081672580399,1.537704287543449,4.086081672580399,0.6503200960683698,True,FAIL_RELATIVE_EQUILIBRIUM_GATE,0.31941541136876683,0.3014854018187487,0.23374739337941808,-0.3664982815457227,0.20911653478296274,0.13343173590268412,0.41525150468402555,1.4142625299849891,1.2106771584514024,,,,,
B7_DISCRETIZATION_CONVERGENCE,128,0.04,winckelmans,fixed_sampled_reach,trefoil,3:1:1,discrete_axial_tubes,numerical_discretization,1.0,0.2373588220132305,0.1973588220132305,0.1973588220132305,19,0.020248587897860146,0.10526315789473684,2.0,16.344326690321594,8.172163345160797,0.7688521437717245,8.172163345160797,1.3006401921367396,True,FAIL_RELATIVE_EQUILIBRIUM_GATE,0.4821742780469542,0.38652168044996194,0.23374739337941808,-1.0628006630400808,0.3156723520464275,0.26686347180536824,0.8305030093680511,1.4142625299849891,1.2106771584514024,,,,,
B7_DISCRETIZATION_CONVERGENCE,128,0.04,winckelmans,fixed_sampled_reach,trefoil,3:1:1,discrete_axial_tubes,numerical_discretization,1.0,0.2373588220132305,0.1973588220132305,0.1973588220132305,37,0.014510109174333631,0.013513513513513514,0.5,4.086081672580399,2.0430408362901993,3.075408575086898,2.0430408362901993,0.3251600480341849,True,FAIL_RELATIVE_EQUILIBRIUM_GATE,0.26083379524698436,0.25795627071168137,0.23374739337941808,-0.11587894725140191,0.17076401912669792,0.06682502795786058,0.2076831624346965,1.4142625299849891,1.2106771584514024,,,,,
B7_DISCRETIZATION_CONVERGENCE,128,0.04,winckelmans,fixed_sampled_reach,trefoil,3:1:1,discrete_axial_tubes,numerical_discretization,1.0,0.2373588220132305,0.1973588220132305,0.1973588220132305,37,0.014510109174333631,0.02702702702702703,1.0,8.172163345160797,4.086081672580399,1.537704287543449,4.086081672580399,0.6503200960683698,True,FAIL_RELATIVE_EQUILIBRIUM_GATE,0.31979381109479066,0.3018018944827815,0.23374739337941808,-0.36811712195524793,0.20936426747416206,0.13365005591572116,0.415366324869393,1.4142625299849891,1.2106771584514024,,,,,
B7_DISCRETIZATION_CONVERGENCE,128,0.04,winckelmans,fixed_sampled_reach,trefoil,3:1:1,discrete_axial_tubes,numerical_discretization,1.0,0.2373588220132305,0.1973588220132305,0.1973588220132305,37,0.014510109174333631,0.05405405405405406,2.0,16.344326690321594,8.172163345160797,0.7688521437717245,8.172163345160797,1.3006401921367396,True,FAIL_RELATIVE_EQUILIBRIUM_GATE,0.48295742201423403,0.3870195710238753,0.23374739337941808,-1.0661510489244215,0.3161850647924155,0.2673001118314423,0.830732649738786,1.4142625299849891,1.2106771584514024,,,,,
B7_DISCRETIZATION_CONVERGENCE,128,0.04,winckelmans,fixed_sampled_reach,trefoil,3:1:1,discrete_axial_tubes,numerical_discretization,1.0,0.2373588220132305,0.1973588220132305,0.1973588220132305,61,0.011300733274692297,0.00819672131147541,0.5,4.086081672580399,2.0430408362901993,3.075408575086898,2.0430408362901993,0.3251600480341849,True,FAIL_RELATIVE_EQUILIBRIUM_GATE,0.2608838520969829,0.25800214437281144,0.23374739337941808,-0.11609309659131473,0.17079679060434513,0.06685860156090062,0.20770063992179633,1.4142625299849891,1.2106771584514024,,,,,
B7_DISCRETIZATION_CONVERGENCE,128,0.04,winckelmans,fixed_sampled_reach,trefoil,3:1:1,discrete_axial_tubes,numerical_discretization,1.0,0.2373588220132305,0.1973588220132305,0.1973588220132305,61,0.011300733274692297,0.01639344262295082,1.0,8.172163345160797,4.086081672580399,1.537704287543449,4.086081672580399,0.6503200960683698,True,FAIL_RELATIVE_EQUILIBRIUM_GATE,0.3199081990320332,0.3018976302954495,0.23374739337941808,-0.36860648757164616,0.20943915556097867,0.13371720312180124,0.41540127984359265,1.4142625299849891,1.2106771584514024,,,,,
B7_DISCRETIZATION_CONVERGENCE,128,0.04,winckelmans,fixed_sampled_reach,trefoil,3:1:1,discrete_axial_tubes,numerical_discretization,1.0,0.2373588220132305,0.1973588220132305,0.1973588220132305,61,0.011300733274692297,0.03278688524590164,2.0,16.344326690321594,8.172163345160797,0.7688521437717245,8.172163345160797,1.3006401921367396,True,FAIL_RELATIVE_EQUILIBRIUM_GATE,0.4831956045980217,0.38717128281378305,0.23374739337941808,-1.0671700232126224,0.31634099939918314,0.2674344062436025,0.8308025596871853,1.4142625299849891,1.2106771584514024,,,,,
B7_DISCRETIZATION_CONVERGENCE,128,0.04,winckelmans,fixed_sampled_reach,trefoil,3:1:1,discrete_axial_tubes,numerical_discretization,1.0,0.2373588220132305,0.1973588220132305,0.1973588220132305,91,0.009252324284930597,0.005494505494505495,0.5,4.086081672580399,2.0430408362901993,3.075408575086898,2.0430408362901993,0.3251600480341849,True,FAIL_RELATIVE_EQUILIBRIUM_GATE,0.2609057589858482,0.25802222584459306,0.23374739337941808,-0.11618681694707411,0.17081113271973575,0.06687333011298446,0.2077083060707407,1.4142625299849891,1.2106771584514024,,,,,
B7_DISCRETIZATION_CONVERGENCE,128,0.04,winckelmans,fixed_sampled_reach,trefoil,3:1:1,discrete_axial_tubes,numerical_discretization,1.0,0.2373588220132305,0.1973588220132305,0.1973588220132305,91,0.009252324284930597,0.01098901098901099,1.0,8.172163345160797,4.086081672580399,1.537704287543449,4.086081672580399,0.6503200960683698,True,FAIL_RELATIVE_EQUILIBRIUM_GATE,0.3199582915423129,0.3019395623231011,0.23374739337941808,-0.3688207894706128,0.20947195038488328,0.13374666022596893,0.4154166121414814,1.4142625299849891,1.2106771584514024,,,,,
B7_DISCRETIZATION_CONVERGENCE,128,0.04,winckelmans,fixed_sampled_reach,trefoil,3:1:1,discrete_axial_tubes,numerical_discretization,1.0,0.2373588220132305,0.1973588220132305,0.1973588220132305,91,0.009252324284930597,0.02197802197802198,2.0,16.344326690321594,8.172163345160797,0.7688521437717245,8.172163345160797,1.3006401921367396,True,FAIL_RELATIVE_EQUILIBRIUM_GATE,0.4832999701212689,0.387237762678233,0.23374739337941808,-1.0676165117134713,0.31640932596013005,0.26749332045193785,0.8308332242829628,1.4142625299849891,1.2106771584514024,,,,,
B7_DISCRETIZATION_CONVERGENCE,128,0.04,winckelmans,fixed_sampled_reach,trefoil,3:1:1,continuum_rankine,continuum,0.5,0.2373588220132305,0.1973588220132305,0.09867941100661524,0,0.0,0.0,0.5,16.344326690321594,8.172163345160797,0.7688521437717245,8.172163345160797,1.3006401921367396,True,FAIL_RELATIVE_EQUILIBRIUM_GATE,0.26104163986988654,0.2581468277714391,0.23374739337941808,-0.11676813202431968,0.1709000919202063,0.06696526835975862,0.2077554228152674,1.4142625299849891,1.2106771584514024,,,,,
B7_DISCRETIZATION_CONVERGENCE,128,0.04,winckelmans,fixed_sampled_reach,trefoil,3:1:1,continuum_rankine,continuum,0.5,0.2373588220132305,0.1973588220132305,0.09867941100661524,0,0.0,0.0,1.0,32.68865338064319,16.344326690321594,0.38442607188586225,16.344326690321594,2.6012803842734793,True,FAIL_RELATIVE_EQUILIBRIUM_GATE,0.32026952860030095,0.3022003772026273,0.23374739337941808,-0.37015229975395014,0.20967571267294446,0.13393053671951724,0.4155108456305348,1.4142625299849891,1.2106771584514024,,,,,
B7_DISCRETIZATION_CONVERGENCE,128,0.04,winckelmans,fixed_sampled_reach,trefoil,3:1:1,continuum_rankine,continuum,0.5,0.2373588220132305,0.1973588220132305,0.09867941100661524,0,0.0,0.0,2.0,65.37730676128638,32.68865338064319,0.19221303594293113,32.68865338064319,5.202560768546959,True,FAIL_RELATIVE_EQUILIBRIUM_GATE,0.48394943482402675,0.3876527314960113,0.23374739337941808,-1.0703950013187162,0.3168345208733078,0.2678610734390345,0.8310216912610696,1.4142625299849891,1.2106771584514024,,,,,
B7_DISCRETIZATION_CONVERGENCE,128,0.04,winckelmans,fixed_sampled_reach,trefoil,3:1:1,continuum_rankine,continuum,0.75,0.2373588220132305,0.1973588220132305,0.14801911650992286,0,0.0,0.0,0.5,7.264145195698487,3.6320725978492434,1.72991732348638,3.6320725978492434,0.5780623076163288,True,FAIL_RELATIVE_EQUILIBRIUM_GATE,0.26104163986988654,0.2581468277714391,0.23374739337941808,-0.11676813202431968,0.1709000919202063,0.06696526835975862,0.2077554228152674,1.4142625299849891,1.2106771584514024,,,,,
B7_DISCRETIZATION_CONVERGENCE,128,0.04,winckelmans,fixed_sampled_reach,trefoil,3:1:1,continuum_rankine,continuum,0.75,0.2373588220132305,0.1973588220132305,0.14801911650992286,0,0.0,0.0,1.0,14.528290391396974,7.264145195698487,0.86495866174319,7.264145195698487,1.1561246152326576,True,FAIL_RELATIVE_EQUILIBRIUM_GATE,0.32026952860030095,0.3022003772026273,0.23374739337941808,-0.37015229975395014,0.20967571267294446,0.13393053671951724,0.4155108456305348,1.4142625299849891,1.2106771584514024,,,,,
B7_DISCRETIZATION_CONVERGENCE,128,0.04,winckelmans,fixed_sampled_reach,trefoil,3:1:1,continuum_rankine,continuum,0.75,0.2373588220132305,0.1973588220132305,0.14801911650992286,0,0.0,0.0,2.0,29.056580782793947,14.528290391396974,0.432479330871595,14.528290391396974,2.3122492304653153,True,FAIL_RELATIVE_EQUILIBRIUM_GATE,0.48394943482402675,0.3876527314960113,0.23374739337941808,-1.0703950013187162,0.3168345208733078,0.2678610734390345,0.8310216912610696,1.4142625299849891,1.2106771584514024,,,,,
B7_DISCRETIZATION_CONVERGENCE,128,0.04,winckelmans,fixed_sampled_reach,trefoil,3:1:1,continuum_rankine,continuum,1.0,0.2373588220132305,0.1973588220132305,0.1973588220132305,0,0.0,0.0,0.5,4.086081672580399,2.0430408362901993,3.075408575086898,2.0430408362901993,0.3251600480341849,True,FAIL_RELATIVE_EQUILIBRIUM_GATE,0.26104163986988654,0.2581468277714391,0.23374739337941808,-0.11676813202431968,0.1709000919202063,0.06696526835975862,0.2077554228152674,1.4142625299849891,1.2106771584514024,,,,,
B7_DISCRETIZATION_CONVERGENCE,128,0.04,winckelmans,fixed_sampled_reach,trefoil,3:1:1,continuum_rankine,continuum,1.0,0.2373588220132305,0.1973588220132305,0.1973588220132305,0,0.0,0.0,1.0,8.172163345160797,4.086081672580399,1.537704287543449,4.086081672580399,0.6503200960683698,True,FAIL_RELATIVE_EQUILIBRIUM_GATE,0.32026952860030095,0.3022003772026273,0.23374739337941808,-0.37015229975395014,0.20967571267294446,0.13393053671951724,0.4155108456305348,1.4142625299849891,1.2106771584514024,,,,,
B7_DISCRETIZATION_CONVERGENCE,128,0.04,winckelmans,fixed_sampled_reach,trefoil,3:1:1,continuum_rankine,continuum,1.0,0.2373588220132305,0.1973588220132305,0.1973588220132305,0,0.0,0.0,2.0,16.344326690321594,8.172163345160797,0.7688521437717245,8.172163345160797,1.3006401921367396,True,FAIL_RELATIVE_EQUILIBRIUM_GATE,0.48394943482402675,0.3876527314960113,0.23374739337941808,-1.0703950013187162,0.3168345208733078,0.2678610734390345,0.8310216912610696,1.4142625299849891,1.2106771584514024,,,,,
B7_DISCRETIZATION_CONVERGENCE,128,0.05,rosenhead,fixed_sampled_reach,trefoil,3:1:1,discrete_axial_tubes,numerical_discretization,0.5,0.2373588220132305,0.1873588220132305,0.09367941100661525,1,0.04189470622058674,0.5,0.5,18.135595832708464,9.067797916354232,0.6929119247185189,9.067797916354232,1.443184861346165,True,FAIL_RELATIVE_EQUILIBRIUM_GATE,0.25038808867353257,0.2493347279659015,0.2264036306923393,-0.10593671977719232,0.1502452793096224,0.06696526835975862,0.2077554228152674,1.2961348349706427,1.2106771584514024,,,,,
B7_DISCRETIZATION_CONVERGENCE,128,0.05,rosenhead,fixed_sampled_reach,trefoil,3:1:1,discrete_axial_tubes,numerical_discretization,0.5,0.2373588220132305,0.1873588220132305,0.09367941100661525,1,0.04189470622058674,1.0,1.0,36.27119166541693,18.135595832708464,0.34645596235925946,18.135595832708464,2.88636972269233,True,FAIL_RELATIVE_EQUILIBRIUM_GATE,0.31470415472907554,0.29872451224851165,0.2264036306923393,-0.39001372798976064,0.18883811078097276,0.13393053671951724,0.4155108456305348,1.2961348349706427,1.2106771584514024,,,,,
B7_DISCRETIZATION_CONVERGENCE,128,0.05,rosenhead,fixed_sampled_reach,trefoil,3:1:1,discrete_axial_tubes,numerical_discretization,0.5,0.2373588220132305,0.1873588220132305,0.09367941100661525,1,0.04189470622058674,2.0,2.0,72.54238333083386,36.27119166541693,0.17322798117962973,36.27119166541693,5.77273944538466,True,FAIL_RELATIVE_EQUILIBRIUM_GATE,0.4964418217654435,0.39353742625203403,0.2264036306923393,-1.1927290664347168,0.2978897301675485,0.2678610734390345,0.8310216912610696,1.2961348349706427,1.2106771584514024,,,,,
B7_DISCRETIZATION_CONVERGENCE,128,0.05,rosenhead,fixed_sampled_reach,trefoil,3:1:1,discrete_axial_tubes,numerical_discretization,0.5,0.2373588220132305,0.1873588220132305,0.09367941100661525,7,0.015834710558540462,0.07142857142857142,0.5,18.135595832708464,9.067797916354232,0.6929119247185189,9.067797916354232,1.443184861346165,True,FAIL_RELATIVE_EQUILIBRIUM_GATE,0.25038189326850463,0.2493289598786963,0.2264036306923393,-0.10590935535282764,0.15024156175914388,0.06696125227792864,0.20775342355840803,1.2961348349706427,1.2106771584514024,,,,,
B7_DISCRETIZATION_CONVERGENCE,128,0.05,rosenhead,fixed_sampled_reach,trefoil,3:1:1,discrete_axial_tubes,numerical_discretization,0.5,0.2373588220132305,0.1873588220132305,0.09367941100661525,7,0.015834710558540462,0.14285714285714285,1.0,36.27119166541693,18.135595832708464,0.34645596235925946,18.135595832708464,2.88636972269233,True,FAIL_RELATIVE_EQUILIBRIUM_GATE,0.31468954930517234,0.298712121845904,0.2264036306923393,-0.38994921743461397,0.18882934680180186,0.13392250455585727,0.41550684711681607,1.2961348349706427,1.2106771584514024,,,,,
B7_DISCRETIZATION_CONVERGENCE,128,0.05,rosenhead,fixed_sampled_reach,trefoil,3:1:1,discrete_axial_tubes,numerical_discretization,0.5,0.2373588220132305,0.1873588220132305,0.09367941100661525,7,0.015834710558540462,0.2857142857142857,2.0,72.54238333083386,36.27119166541693,0.17322798117962973,36.27119166541693,5.77273944538466,True,FAIL_RELATIVE_EQUILIBRIUM_GATE,0.4964112678108824,0.393518117355432,0.2264036306923393,-1.1925941129692283,0.297871396278499,0.26784500911171455,0.8310136942336321,1.2961348349706427,1.2106771584514024,,,,,
B7_DISCRETIZATION_CONVERGENCE,128,0.05,rosenhead,fixed_sampled_reach,trefoil,3:1:1,discrete_axial_tubes,numerical_discretization,0.5,0.2373588220132305,0.1873588220132305,0.09367941100661525,19,0.009611304772887496,0.02631578947368421,0.5,18.135595832708464,9.067797916354232,0.6929119247185189,9.067797916354232,1.443184861346165,True,FAIL_RELATIVE_EQUILIBRIUM_GATE,0.2503859036838983,0.2493326936909893,0.2264036306923393,-0.1059270689176739,0.1502439682074065,0.06696384415027419,0.2077547142285359,1.2961348349706427,1.2106771584514024,,,,,
B7_DISCRETIZATION_CONVERGENCE,128,0.05,rosenhead,fixed_sampled_reach,trefoil,3:1:1,discrete_axial_tubes,numerical_discretization,0.5,0.2373588220132305,0.1873588220132305,0.09367941100661525,19,0.009611304772887496,0.05263157894736842,1.0,36.27119166541693,18.135595832708464,0.34645596235925946,18.135595832708464,2.88636972269233,True,FAIL_RELATIVE_EQUILIBRIUM_GATE,0.31469899447423727,0.29872013415019466,0.2264036306923393,-0.3899909357102267,0.18883501437197983,0.13392768830054838,0.4155094284570718,1.2961348349706427,1.2106771584514024,,,,,
B7_DISCRETIZATION_CONVERGENCE,128,0.05,rosenhead,fixed_sampled_reach,trefoil,3:1:1,discrete_axial_tubes,numerical_discretization,0.5,0.2373588220132305,0.1873588220132305,0.09367941100661525,19,0.009611304772887496,0.10526315789473684,2.0,72.54238333083386,36.27119166541693,0.17322798117962973,36.27119166541693,5.77273944538466,True,FAIL_RELATIVE_EQUILIBRIUM_GATE,0.49643101091871406,0.393530591237639,0.2264036306923393,-1.1926813161106766,0.2978832431229968,0.26785537660109676,0.8310188569141436,1.2961348349706427,1.2106771584514024,,,,,
B7_DISCRETIZATION_CONVERGENCE,128,0.05,rosenhead,fixed_sampled_reach,trefoil,3:1:1,discrete_axial_tubes,numerical_discretization,0.5,0.2373588220132305,0.1873588220132305,0.09367941100661525,37,0.006887447276119912,0.013513513513513514,0.5,18.135595832708464,9.067797916354232,0.6929119247185189,9.067797916354232,1.443184861346165,True,FAIL_RELATIVE_EQUILIBRIUM_GATE,0.25038658615652104,0.24933332907379802,0.2264036306923393,-0.10593008332438036,0.15024437772484947,0.06696428839289809,0.2077549354219363,1.2961348349706427,1.2106771584514024,,,,,
B7_DISCRETIZATION_CONVERGENCE,128,0.05,rosenhead,fixed_sampled_reach,trefoil,3:1:1,discrete_axial_tubes,numerical_discretization,0.5,0.2373588220132305,0.1873588220132305,0.09367941100661525,37,0.006887447276119912,0.02702702702702703,1.0,36.27119166541693,18.135595832708464,0.34645596235925946,18.135595832708464,2.88636972269233,True,FAIL_RELATIVE_EQUILIBRIUM_GATE,0.3147006055476163,0.2987215009449386,0.2264036306923393,-0.3899980516446051,0.18883598109596061,0.13392857678579617,0.4155098708438726,1.2961348349706427,1.2106771584514024,,,,,
B7_DISCRETIZATION_CONVERGENCE,128,0.05,rosenhead,fixed_sampled_reach,trefoil,3:1:1,discrete_axial_tubes,numerical_discretization,0.5,0.2373588220132305,0.1873588220132305,0.09367941100661525,37,0.006887447276119912,0.05405405405405406,2.0,72.54238333083386,36.27119166541693,0.17322798117962973,36.27119166541693,5.77273944538466,True,FAIL_RELATIVE_EQUILIBRIUM_GATE,0.4964343849365215,0.3935327240353896,0.2264036306923393,-1.192696218777198,0.29788526770112495,0.26785715357159234,0.8310197416877452,1.2961348349706427,1.2106771584514024,,,,,
B7_DISCRETIZATION_CONVERGENCE,128,0.05,rosenhead,fixed_sampled_reach,trefoil,3:1:1,discrete_axial_tubes,numerical_discretization,0.5,0.2373588220132305,0.1873588220132305,0.09367941100661525,61,0.005364067470189215,0.00819672131147541,0.5,18.135595832708464,9.067797916354232,0.6929119247185189,9.067797916354232,1.443184861346165,True,FAIL_RELATIVE_EQUILIBRIUM_GATE,0.2503868353021632,0.24933356103155813,0.2264036306923393,-0.10593118377335031,0.15024452722459922,0.06696445071073621,0.20775501620726206,1.2961348349706427,1.2106771584514024,,,,,
B7_DISCRETIZATION_CONVERGENCE,128,0.05,rosenhead,fixed_sampled_reach,trefoil,3:1:1,discrete_axial_tubes,numerical_discretization,0.5,0.2373588220132305,0.1873588220132305,0.09367941100661525,61,0.005364067470189215,0.01639344262295082,1.0,36.27119166541693,18.135595832708464,0.34645596235925946,18.135595832708464,2.88636972269233,True,FAIL_RELATIVE_EQUILIBRIUM_GATE,0.3147011938576714,0.2987220000702103,0.2264036306923393,-0.39000065014558016,0.18883633411118997,0.13392890142147243,0.4155100324145241,1.2961348349706427,1.2106771584514024,,,,,
B7_DISCRETIZATION_CONVERGENCE,128,0.05,rosenhead,fixed_sampled_reach,trefoil,3:1:1,discrete_axial_tubes,numerical_discretization,0.5,0.2373588220132305,0.1873588220132305,0.09367941100661525,61,0.005364067470189215,0.03278688524590164,2.0,72.54238333083386,36.27119166541693,0.17322798117962973,36.27119166541693,5.77273944538466,True,FAIL_RELATIVE_EQUILIBRIUM_GATE,0.4964356172995858,0.3935335031250629,0.2264036306923393,-1.1927016619896609,0.2978860071801225,0.26785780284294486,0.8310200648290482,1.2961348349706427,1.2106771584514024,,,,,
B7_DISCRETIZATION_CONVERGENCE,128,0.05,rosenhead,fixed_sampled_reach,trefoil,3:1:1,discrete_axial_tubes,numerical_discretization,0.5,0.2373588220132305,0.1873588220132305,0.09367941100661525,91,0.004391758526996051,0.005494505494505495,0.5,18.135595832708464,9.067797916354232,0.6929119247185189,9.067797916354232,1.443184861346165,True,FAIL_RELATIVE_EQUILIBRIUM_GATE,0.25038695970720004,0.24933367685496016,0.2264036306923393,-0.10593173325675065,0.15024460187379518,0.06696453178629548,0.20775505655023158,1.2961348349706427,1.2106771584514024,,,,,
B7_DISCRETIZATION_CONVERGENCE,128,0.05,rosenhead,fixed_sampled_reach,trefoil,3:1:1,discrete_axial_tubes,numerical_discretization,0.5,0.2373588220132305,0.1873588220132305,0.09367941100661525,91,0.004391758526996051,0.01098901098901099,1.0,36.27119166541693,18.135595832708464,0.34645596235925946,18.135595832708464,2.88636972269233,True,FAIL_RELATIVE_EQUILIBRIUM_GATE,0.3147014876470917,0.29872224932656055,0.2264036306923393,-0.39000194778122044,0.18883651039942215,0.13392906357259096,0.41551011310046315,1.2961348349706427,1.2106771584514024,,,,,
B7_DISCRETIZATION_CONVERGENCE,128,0.05,rosenhead,fixed_sampled_reach,trefoil,3:1:1,discrete_axial_tubes,numerical_discretization,0.5,0.2373588220132305,0.1873588220132305,0.09367941100661525,91,0.004391758526996051,0.02197802197802198,2.0,72.54238333083386,36.27119166541693,0.17322798117962973,36.27119166541693,5.77273944538466,True,FAIL_RELATIVE_EQUILIBRIUM_GATE,0.49643623276756815,0.3935338922361586,0.2264036306923393,-1.1927043804442214,0.297886376491456,0.2678581271451819,0.8310202262009263,1.2961348349706427,1.2106771584514024,,,,,
B7_DISCRETIZATION_CONVERGENCE,128,0.05,rosenhead,fixed_sampled_reach,trefoil,3:1:1,discrete_axial_tubes,numerical_discretization,0.75,0.2373588220132305,0.1873588220132305,0.14051911650992288,1,0.0628420593308801,0.5,0.5,8.060264814537096,4.030132407268548,1.5590518306166674,4.030132407268548,0.6414154939316289,True,FAIL_RELATIVE_EQUILIBRIUM_GATE,0.25038808867353257,0.2493347279659015,0.2264036306923393,-0.10593671977719232,0.1502452793096224,0.06696526835975862,0.2077554228152674,1.2961348349706427,1.2106771584514024,,,,,
B7_DISCRETIZATION_CONVERGENCE,128,0.05,rosenhead,fixed_sampled_reach,trefoil,3:1:1,discrete_axial_tubes,numerical_discretization,0.75,0.2373588220132305,0.1873588220132305,0.14051911650992288,1,0.0628420593308801,1.0,1.0,16.12052962907419,8.060264814537096,0.7795259153083337,8.060264814537096,1.2828309878632578,True,FAIL_RELATIVE_EQUILIBRIUM_GATE,0.31470415472907554,0.29872451224851165,0.2264036306923393,-0.39001372798976064,0.18883811078097276,0.13393053671951724,0.4155108456305348,1.2961348349706427,1.2106771584514024,,,,,
B7_DISCRETIZATION_CONVERGENCE,128,0.05,rosenhead,fixed_sampled_reach,trefoil,3:1:1,discrete_axial_tubes,numerical_discretization,0.75,0.2373588220132305,0.1873588220132305,0.14051911650992288,1,0.0628420593308801,2.0,2.0,32.24105925814838,16.12052962907419,0.38976295765416685,16.12052962907419,2.5656619757265156,True,FAIL_RELATIVE_EQUILIBRIUM_GATE,0.4964418217654435,0.39353742625203403,0.2264036306923393,-1.1927290664347168,0.2978897301675485,0.2678610734390345,0.8310216912610696,1.2961348349706427,1.2106771584514024,,,,,
B7_DISCRETIZATION_CONVERGENCE,128,0.05,rosenhead,fixed_sampled_reach,trefoil,3:1:1,discrete_axial_tubes,numerical_discretization,0.75,0.2373588220132305,0.1873588220132305,0.14051911650992288,7,0.023752065837810695,0.07142857142857142,0.5,8.060264814537096,4.030132407268548,1.5590518306166674,4.030132407268548,0.6414154939316289,True,FAIL_RELATIVE_EQUILIBRIUM_GATE,0.25031892418620927,0.24927035310659934,0.2264036306923393,-0.10563122782411805,0.15020377718477593,0.06692404834281777,0.20773450736926816,1.2961348349706427,1.2106771584514024,,,,,
B7_DISCRETIZATION_CONVERGENCE,128,0.05,rosenhead,fixed_sampled_reach,trefoil,3:1:1,discrete_axial_tubes,numerical_discretization,0.75,0.2373588220132305,0.1873588220132305,0.14051911650992288,7,0.023752065837810695,0.14285714285714285,1.0,16.12052962907419,8.060264814537096,0.7795259153083337,8.060264814537096,1.2828309878632578,True,FAIL_RELATIVE_EQUILIBRIUM_GATE,0.3145453657603751,0.29859008105851315,0.2264036306923393,-0.38931237453436407,0.18874282951947158,0.13384809668563555,0.4154690147385363,1.2961348349706427,1.2106771584514024,,,,,
B7_DISCRETIZATION_CONVERGENCE,128,0.05,rosenhead,fixed_sampled_reach,trefoil,3:1:1,discrete_axial_tubes,numerical_discretization,0.75,0.2373588220132305,0.1873588220132305,0.14051911650992288,7,0.023752065837810695,0.2857142857142857,2.0,32.24105925814838,16.12052962907419,0.38976295765416685,16.12052962907419,2.5656619757265156,True,FAIL_RELATIVE_EQUILIBRIUM_GATE,0.49611694614683216,0.39333372891413265,0.2264036306923393,-1.1912941264665817,0.297694788673655,0.2676961933712711,0.8309380294770726,1.2961348349706427,1.2106771584514024,,,,,
B7_DISCRETIZATION_CONVERGENCE,128,0.05,rosenhead,fixed_sampled_reach,trefoil,3:1:1,discrete_axial_tubes,numerical_discretization,0.75,0.2373588220132305,0.1873588220132305,0.14051911650992288,19,0.014416957159331245,0.02631578947368421,0.5,8.060264814537096,4.030132407268548,1.5590518306166674,4.030132407268548,0.6414154939316289,True,FAIL_RELATIVE_EQUILIBRIUM_GATE,0.25035955115227687,0.24930816640452325,0.2264036306923393,-0.10581067267640853,0.15022815538062645,0.06694700783420283,0.20774624818545295,1.2961348349706427,1.2106771584514024,,,,,
B7_DISCRETIZATION_CONVERGENCE,128,0.05,rosenhead,fixed_sampled_reach,trefoil,3:1:1,discrete_axial_tubes,numerical_discretization,0.75,0.2373588220132305,0.1873588220132305,0.14051911650992288,19,0.014416957159331245,0.05263157894736842,1.0,16.12052962907419,8.060264814537096,0.7795259153083337,8.060264814537096,1.2828309878632578,True,FAIL_RELATIVE_EQUILIBRIUM_GATE,0.3146371592969908,0.29866771583573165,0.2264036306923393,-0.3897178165157271,0.18879791019691394,0.13389401566840567,0.4154924963709059,1.2961348349706427,1.2106771584514024,,,,,
B7_DISCRETIZATION_CONVERGENCE,128,0.05,rosenhead,fixed_sampled_reach,trefoil,3:1:1,discrete_axial_tubes,numerical_discretization,0.75,0.2373588220132305,0.1873588220132305,0.14051911650992288,19,0.014416957159331245,0.10526315789473684,2.0,32.24105925814838,16.12052962907419,0.38976295765416685,16.12052962907419,2.5656619757265156,True,FAIL_RELATIVE_EQUILIBRIUM_GATE,0.4963021511232275,0.3934493282140273,0.2264036306923393,-1.1921121565300967,0.29780592085073054,0.26778803133681134,0.8309849927418118,1.2961348349706427,1.2106771584514024,,,,,
B7_DISCRETIZATION_CONVERGENCE,128,0.05,rosenhead,fixed_sampled_reach,trefoil,3:1:1,discrete_axial_tubes,numerical_discretization,0.75,0.2373588220132305,0.1873588220132305,0.14051911650992288,37,0.01033117091417987,0.013513513513513514,0.5,8.060264814537096,4.030132407268548,1.5590518306166674,4.030132407268548,0.6414154939316289,True,FAIL_RELATIVE_EQUILIBRIUM_GATE,0.25036931518450095,0.24931725271913452,0.2264036306923393,-0.10585379933561545,0.1502340142845243,0.06695318901276802,0.20774937303223628,1.2961348349706427,1.2106771584514024,,,,,
B7_DISCRETIZATION_CONVERGENCE,128,0.05,rosenhead,fixed_sampled_reach,trefoil,3:1:1,discrete_axial_tubes,numerical_discretization,0.75,0.2373588220132305,0.1873588220132305,0.14051911650992288,37,0.01033117091417987,0.02702702702702703,1.0,16.12052962907419,8.060264814537096,0.7795259153083337,8.060264814537096,1.2828309878632578,True,FAIL_RELATIVE_EQUILIBRIUM_GATE,0.31466000322939064,0.29868707294948127,0.2264036306923393,-0.3898187156591284,0.18881161769003843,0.13390637802553604,0.41549874606447257,1.2961348349706427,1.2106771584514024,,,,,
B7_DISCRETIZATION_CONVERGENCE,128,0.05,rosenhead,fixed_sampled_reach,trefoil,3:1:1,discrete_axial_tubes,numerical_discretization,0.75,0.2373588220132305,0.1873588220132305,0.14051911650992288,37,0.01033117091417987,0.05405405405405406,2.0,32.24105925814838,16.12052962907419,0.38976295765416685,16.12052962907419,2.5656619757265156,True,FAIL_RELATIVE_EQUILIBRIUM_GATE,0.49634964075567983,0.39347924048006067,0.2264036306923393,-1.1923219130269653,0.2978344169869881,0.2678127560510721,0.8309974921289451,1.2961348349706427,1.2106771584514024,,,,,
B7_DISCRETIZATION_CONVERGENCE,128,0.05,rosenhead,fixed_sampled_reach,trefoil,3:1:1,discrete_axial_tubes,numerical_discretization,0.75,0.2373588220132305,0.1873588220132305,0.14051911650992288,61,0.008046101205283823,0.00819672131147541,0.5,8.060264814537096,4.030132407268548,1.5590518306166674,4.030132407268548,0.6414154939316289,True,FAIL_RELATIVE_EQUILIBRIUM_GATE,0.25037271856527005,0.24932042018756706,0.2264036306923393,-0.1058688316951173,0.1502360564818866,0.06695535870616565,0.2077504661508476,1.2961348349706427,1.2106771584514024,,,,,
B7_DISCRETIZATION_CONVERGENCE,128,0.05,rosenhead,fixed_sampled_reach,trefoil,3:1:1,discrete_axial_tubes,numerical_discretization,0.75,0.2373588220132305,0.1873588220132305,0.14051911650992288,61,0.008046101205283823,0.01639344262295082,1.0,16.12052962907419,8.060264814537096,0.7795259153083337,8.060264814537096,1.2828309878632578,True,FAIL_RELATIVE_EQUILIBRIUM_GATE,0.31466798361256687,0.29869383709116604,0.2264036306923393,-0.3898539641361596,0.1888164063159897,0.1339107174123313,0.4155009323016952,1.2961348349706427,1.2106771584514024,,,,,
B7_DISCRETIZATION_CONVERGENCE,128,0.05,rosenhead,fixed_sampled_reach,trefoil,3:1:1,discrete_axial_tubes,numerical_discretization,0.75,0.2373588220132305,0.1873588220132305,0.14051911650992288,61,0.008046101205283823,0.03278688524590164,2.0,32.24105925814838,16.12052962907419,0.38976295765416685,16.12052962907419,2.5656619757265156,True,FAIL_RELATIVE_EQUILIBRIUM_GATE,0.49636626176917004,0.3934897183459484,0.2264036306923393,-1.192395326220205,0.29784439041993954,0.2678214348246626,0.8310018646033904,1.2961348349706427,1.2106771584514024,,,,,
B7_DISCRETIZATION_CONVERGENCE,128,0.05,rosenhead,fixed_sampled_reach,trefoil,3:1:1,discrete_axial_tubes,numerical_discretization,0.75,0.2373588220132305,0.1873588220132305,0.14051911650992288,91,0.006587637790494077,0.005494505494505495,0.5,8.060264814537096,4.030132407268548,1.5590518306166674,4.030132407268548,0.6414154939316289,True,FAIL_RELATIVE_EQUILIBRIUM_GATE,0.2503743741752868,0.2493219611124444,0.2264036306923393,-0.1058761443429388,0.15023704993006026,0.06695641682214924,0.207750998369496,1.2961348349706427,1.2106771584514024,,,,,
B7_DISCRETIZATION_CONVERGENCE,128,0.05,rosenhead,fixed_sampled_reach,trefoil,3:1:1,discrete_axial_tubes,numerical_discretization,0.75,0.2373588220132305,0.1873588220132305,0.14051911650992288,91,0.006587637790494077,0.01098901098901099,1.0,16.12052962907419,8.060264814537096,0.7795259153083337,8.060264814537096,1.2828309878632578,True,FAIL_RELATIVE_EQUILIBRIUM_GATE,0.31467186886397125,0.2986971306176639,0.2264036306923393,-0.38987112486539566,0.18881873765964718,0.13391283364429848,0.415501996738992,1.2961348349706427,1.2106771584514024,,,,,
B7_DISCRETIZATION_CONVERGENCE,128,0.05,rosenhead,fixed_sampled_reach,trefoil,3:1:1,discrete_axial_tubes,numerical_discretization,0.75,0.2373588220132305,0.1873588220132305,0.14051911650992288,91,0.006587637790494077,0.02197802197802198,2.0,32.24105925814838,16.12052962907419,0.38976295765416685,16.12052962907419,2.5656619757265156,True,FAIL_RELATIVE_EQUILIBRIUM_GATE,0.49637435907664823,0.3934948246696452,0.2264036306923393,-1.1924310911390514,0.29784924920627465,0.26782566728859697,0.831003993477984,1.2961348349706427,1.2106771584514024,,,,,
B7_DISCRETIZATION_CONVERGENCE,128,0.05,rosenhead,fixed_sampled_reach,trefoil,3:1:1,discrete_axial_tubes,numerical_discretization,1.0,0.2373588220132305,0.1873588220132305,0.1873588220132305,1,0.08378941244117348,0.5,0.5,4.533898958177116,2.266949479088558,2.7716476988740757,2.266949479088558,0.36079621533654127,True,FAIL_RELATIVE_EQUILIBRIUM_GATE,0.25038808867353257,0.2493347279659015,0.2264036306923393,-0.10593671977719232,0.1502452793096224,0.06696526835975862,0.2077554228152674,1.2961348349706427,1.2106771584514024,,,,,
B7_DISCRETIZATION_CONVERGENCE,128,0.05,rosenhead,fixed_sampled_reach,trefoil,3:1:1,discrete_axial_tubes,numerical_discretization,1.0,0.2373588220132305,0.1873588220132305,0.1873588220132305,1,0.08378941244117348,1.0,1.0,9.067797916354232,4.533898958177116,1.3858238494370378,4.533898958177116,0.7215924306730825,True,FAIL_RELATIVE_EQUILIBRIUM_GATE,0.31470415472907554,0.29872451224851165,0.2264036306923393,-0.39001372798976064,0.18883811078097276,0.13393053671951724,0.4155108456305348,1.2961348349706427,1.2106771584514024,,,,,
B7_DISCRETIZATION_CONVERGENCE,128,0.05,rosenhead,fixed_sampled_reach,trefoil,3:1:1,discrete_axial_tubes,numerical_discretization,1.0,0.2373588220132305,0.1873588220132305,0.1873588220132305,1,0.08378941244117348,2.0,2.0,18.135595832708464,9.067797916354232,0.6929119247185189,9.067797916354232,1.443184861346165,True,FAIL_RELATIVE_EQUILIBRIUM_GATE,0.4964418217654435,0.39353742625203403,0.2264036306923393,-1.1927290664347168,0.2978897301675485,0.2678610734390345,0.8310216912610696,1.2961348349706427,1.2106771584514024,,,,,
B7_DISCRETIZATION_CONVERGENCE,128,0.05,rosenhead,fixed_sampled_reach,trefoil,3:1:1,discrete_axial_tubes,numerical_discretization,1.0,0.2373588220132305,0.1873588220132305,0.1873588220132305,7,0.031669421117080924,0.07142857142857142,0.5,4.533898958177116,2.266949479088558,2.7716476988740757,2.266949479088558,0.36079621533654127,True,FAIL_RELATIVE_EQUILIBRIUM_GATE,0.25003995646193933,0.24901125812765337,0.2264036306923393,-0.10439905798913407,0.15003638270577593,0.06686221309570395,0.20769066621029353,1.2961348349706427,1.2106771584514024,,,,,
B7_DISCRETIZATION_CONVERGENCE,128,0.05,rosenhead,fixed_sampled_reach,trefoil,3:1:1,discrete_axial_tubes,numerical_discretization,1.0,0.2373588220132305,0.1873588220132305,0.1873588220132305,7,0.031669421117080924,0.14285714285714285,1.0,9.067797916354232,4.533898958177116,1.3858238494370378,4.533898958177116,0.7215924306730825,True,FAIL_RELATIVE_EQUILIBRIUM_GATE,0.31402813136079155,0.29816048431934594,0.2264036306923393,-0.38702780693267913,0.18843246321073193,0.1337244261914079,0.41538133242058706,1.2961348349706427,1.2106771584514024,,,,,
B7_DISCRETIZATION_CONVERGENCE,128,0.05,rosenhead,fixed_sampled_reach,trefoil,3:1:1,discrete_axial_tubes,numerical_discretization,1.0,0.2373588220132305,0.1873588220132305,0.1873588220132305,7,0.031669421117080924,0.2857142857142857,2.0,18.135595832708464,9.067797916354232,0.6929119247185189,9.067797916354232,1.443184861346165,True,FAIL_RELATIVE_EQUILIBRIUM_GATE,0.49527565765724285,0.3928557069399919,0.2264036306923393,-1.1875782474984895,0.2971899738289556,0.2674488523828158,0.8307626648411741,1.2961348349706427,1.2106771584514024,,,,,
B7_DISCRETIZATION_CONVERGENCE,128,0.05,rosenhead,fixed_sampled_reach,trefoil,3:1:1,discrete_axial_tubes,numerical_discretization,1.0,0.2373588220132305,0.1873588220132305,0.1873588220132305,19,0.019222609545774993,0.02631578947368421,0.5,4.533898958177116,2.266949479088558,2.7716476988740757,2.266949479088558,0.36079621533654127,True,FAIL_RELATIVE_EQUILIBRIUM_GATE,0.25012637058793424,0.24909129283903975,0.2264036306923393,-0.10478073970391355,0.1500882354698798,0.06680628029734957,0.20767333176063885,1.2961348349706427,1.2106771584514024,,,,,
B7_DISCRETIZATION_CONVERGENCE,128,0.05,rosenhead,fixed_sampled_reach,trefoil,3:1:1,discrete_axial_tubes,numerical_discretization,1.0,0.2373588220132305,0.1873588220132305,0.1873588220132305,19,0.019222609545774993,0.05263157894736842,1.0,9.067797916354232,4.533898958177116,1.3858238494370378,4.533898958177116,0.7215924306730825,True,FAIL_RELATIVE_EQUILIBRIUM_GATE,0.31409963575079825,0.2982130255129661,0.2264036306923393,-0.38734363397921556,0.18847536939331166,0.13361256059469914,0.4153466635212777,1.2961348349706427,1.2106771584514024,,,,,
B7_DISCRETIZATION_CONVERGENCE,128,0.05,rosenhead,fixed_sampled_reach,trefoil,3:1:1,discrete_axial_tubes,numerical_discretization,1.0,0.2373588220132305,0.1873588220132305,0.1873588220132305,19,0.019222609545774993,0.10526315789473684,2.0,18.135595832708464,9.067797916354232,0.6929119247185189,9.067797916354232,1.443184861346165,True,FAIL_RELATIVE_EQUILIBRIUM_GATE,0.4951986358389766,0.3927581587458732,0.2264036306923393,-1.1872380505765996,0.29714375691560463,0.2672251211893983,0.8306933270425554,1.2961348349706427,1.2106771584514024,,,,,
B7_DISCRETIZATION_CONVERGENCE,128,0.05,rosenhead,fixed_sampled_reach,trefoil,3:1:1,discrete_axial_tubes,numerical_discretization,1.0,0.2373588220132305,0.1873588220132305,0.1873588220132305,37,0.013774894552239824,0.013513513513513514,0.5,4.533898958177116,2.266949479088558,2.7716476988740757,2.266949479088558,0.36079621533654127,True,FAIL_RELATIVE_EQUILIBRIUM_GATE,0.25023789201956215,0.24919499228214584,0.2264036306923393,-0.10527331763337,0.15015515386337328,0.06687270055247971,0.2077080106722715,1.2961348349706427,1.2106771584514024,,,,,
B7_DISCRETIZATION_CONVERGENCE,128,0.05,rosenhead,fixed_sampled_reach,trefoil,3:1:1,discrete_axial_tubes,numerical_discretization,1.0,0.2373588220132305,0.1873588220132305,0.1873588220132305,37,0.013774894552239824,0.02702702702702703,1.0,9.067797916354232,4.533898958177116,1.3858238494370378,4.533898958177116,0.7215924306730825,True,FAIL_RELATIVE_EQUILIBRIUM_GATE,0.31435569571901684,0.2984295249626143,0.2264036306923393,-0.3884746227687308,0.18862901808182886,0.13374540110495942,0.415416021344543,1.2961348349706427,1.2106771584514024,,,,,
B7_DISCRETIZATION_CONVERGENCE,128,0.05,rosenhead,fixed_sampled_reach,trefoil,3:1:1,discrete_axial_tubes,numerical_discretization,1.0,0.2373588220132305,0.1873588220132305,0.1873588220132305,37,0.013774894552239824,0.05405405405405406,2.0,18.135595832708464,9.067797916354232,0.6929119247185189,9.067797916354232,1.443184861346165,True,FAIL_RELATIVE_EQUILIBRIUM_GATE,0.4957225148596638,0.39308582562892486,0.2264036306923393,-1.1895519667407757,0.29745811032676156,0.26749080220991883,0.830832042689086,1.2961348349706427,1.2106771584514024,,,,,
B7_DISCRETIZATION_CONVERGENCE,128,0.05,rosenhead,fixed_sampled_reach,trefoil,3:1:1,discrete_axial_tubes,numerical_discretization,1.0,0.2373588220132305,0.1873588220132305,0.1873588220132305,61,0.01072813494037843,0.00819672131147541,0.5,4.533898958177116,2.266949479088558,2.7716476988740757,2.266949479088558,0.36079621533654127,True,FAIL_RELATIVE_EQUILIBRIUM_GATE,0.25027233905146207,0.2492270301119405,0.2264036306923393,-0.10542546639438855,0.15017582379202926,0.06689360027781376,0.20771883705658256,1.2961348349706427,1.2106771584514024,,,,,
B7_DISCRETIZATION_CONVERGENCE,128,0.05,rosenhead,fixed_sampled_reach,trefoil,3:1:1,discrete_axial_tubes,numerical_discretization,1.0,0.2373588220132305,0.1873588220132305,0.1873588220132305,61,0.01072813494037843,0.01639344262295082,1.0,9.067797916354232,4.533898958177116,1.3858238494370378,4.533898958177116,0.7215924306730825,True,FAIL_RELATIVE_EQUILIBRIUM_GATE,0.3144352311613615,0.2984968052923487,0.2264036306923393,-0.3888259220924275,0.1886767432943715,0.1337872005556275,0.4154376741131651,1.2961348349706427,1.2106771584514024,,,,,
B7_DISCRETIZATION_CONVERGENCE,128,0.05,rosenhead,fixed_sampled_reach,trefoil,3:1:1,discrete_axial_tubes,numerical_discretization,1.0,0.2373588220132305,0.1873588220132305,0.1873588220132305,61,0.01072813494037843,0.03278688524590164,2.0,18.135595832708464,9.067797916354232,0.6929119247185189,9.067797916354232,1.443184861346165,True,FAIL_RELATIVE_EQUILIBRIUM_GATE,0.4958860252020545,0.3931882567413914,0.2264036306923393,-1.1902741739858218,0.2975562246467863,0.267574401111255,0.8308753482263302,1.2961348349706427,1.2106771584514024,,,,,
B7_DISCRETIZATION_CONVERGENCE,128,0.05,rosenhead,fixed_sampled_reach,trefoil,3:1:1,discrete_axial_tubes,numerical_discretization,1.0,0.2373588220132305,0.1873588220132305,0.1873588220132305,91,0.008783517053992102,0.005494505494505495,0.5,4.533898958177116,2.266949479088558,2.7716476988740757,2.266949479088558,0.36079621533654127,True,FAIL_RELATIVE_EQUILIBRIUM_GATE,0.25028786331871905,0.24924147083373788,0.2264036306923393,-0.1054940353798306,0.15018513912281223,0.06690305807746579,0.20772372809620593,1.2961348349706427,1.2106771584514024,,,,,
B7_DISCRETIZATION_CONVERGENCE,128,0.05,rosenhead,fixed_sampled_reach,trefoil,3:1:1,discrete_axial_tubes,numerical_discretization,1.0,0.2373588220132305,0.1873588220132305,0.1873588220132305,91,0.008783517053992102,0.01098901098901099,1.0,9.067797916354232,4.533898958177116,1.3858238494370378,4.533898958177116,0.7215924306730825,True,FAIL_RELATIVE_EQUILIBRIUM_GATE,0.314471119843409,0.2985271691325966,0.2264036306923393,-0.38898443846399666,0.18869827828466135,0.13380611615493157,0.41544745619241186,1.2961348349706427,1.2106771584514024,,,,,
B7_DISCRETIZATION_CONVERGENCE,128,0.05,rosenhead,fixed_sampled_reach,trefoil,3:1:1,discrete_axial_tubes,numerical_discretization,1.0,0.2373588220132305,0.1873588220132305,0.1873588220132305,91,0.008783517053992102,0.02197802197802198,2.0,18.135595832708464,9.067797916354232,0.6929119247185189,9.067797916354232,1.443184861346165,True,FAIL_RELATIVE_EQUILIBRIUM_GATE,0.49595988453525897,0.393234539696547,0.2264036306923393,-1.1906004025581227,0.2976005439121544,0.26761223230986314,0.8308949123848237,1.2961348349706427,1.2106771584514024,,,,,
B7_DISCRETIZATION_CONVERGENCE,128,0.05,rosenhead,fixed_sampled_reach,trefoil,3:1:1,continuum_rankine,continuum,0.5,0.2373588220132305,0.1873588220132305,0.09367941100661525,0,0.0,0.0,0.5,18.135595832708464,9.067797916354232,0.6929119247185189,9.067797916354232,1.443184861346165,True,FAIL_RELATIVE_EQUILIBRIUM_GATE,0.25038808867353257,0.2493347279659015,0.2264036306923393,-0.10593671977719232,0.1502452793096224,0.06696526835975862,0.2077554228152674,1.2961348349706427,1.2106771584514024,,,,,
B7_DISCRETIZATION_CONVERGENCE,128,0.05,rosenhead,fixed_sampled_reach,trefoil,3:1:1,continuum_rankine,continuum,0.5,0.2373588220132305,0.1873588220132305,0.09367941100661525,0,0.0,0.0,1.0,36.27119166541693,18.135595832708464,0.34645596235925946,18.135595832708464,2.88636972269233,True,FAIL_RELATIVE_EQUILIBRIUM_GATE,0.31470415472907554,0.29872451224851165,0.2264036306923393,-0.39001372798976064,0.18883811078097276,0.13393053671951724,0.4155108456305348,1.2961348349706427,1.2106771584514024,,,,,
B7_DISCRETIZATION_CONVERGENCE,128,0.05,rosenhead,fixed_sampled_reach,trefoil,3:1:1,continuum_rankine,continuum,0.5,0.2373588220132305,0.1873588220132305,0.09367941100661525,0,0.0,0.0,2.0,72.54238333083386,36.27119166541693,0.17322798117962973,36.27119166541693,5.77273944538466,True,FAIL_RELATIVE_EQUILIBRIUM_GATE,0.4964418217654435,0.39353742625203403,0.2264036306923393,-1.1927290664347168,0.2978897301675485,0.2678610734390345,0.8310216912610696,1.2961348349706427,1.2106771584514024,,,,,
B7_DISCRETIZATION_CONVERGENCE,128,0.05,rosenhead,fixed_sampled_reach,trefoil,3:1:1,continuum_rankine,continuum,0.75,0.2373588220132305,0.1873588220132305,0.14051911650992288,0,0.0,0.0,0.5,8.060264814537096,4.030132407268548,1.5590518306166674,4.030132407268548,0.6414154939316289,True,FAIL_RELATIVE_EQUILIBRIUM_GATE,0.25038808867353257,0.2493347279659015,0.2264036306923393,-0.10593671977719232,0.1502452793096224,0.06696526835975862,0.2077554228152674,1.2961348349706427,1.2106771584514024,,,,,
B7_DISCRETIZATION_CONVERGENCE,128,0.05,rosenhead,fixed_sampled_reach,trefoil,3:1:1,continuum_rankine,continuum,0.75,0.2373588220132305,0.1873588220132305,0.14051911650992288,0,0.0,0.0,1.0,16.12052962907419,8.060264814537096,0.7795259153083337,8.060264814537096,1.2828309878632578,True,FAIL_RELATIVE_EQUILIBRIUM_GATE,0.31470415472907554,0.29872451224851165,0.2264036306923393,-0.39001372798976064,0.18883811078097276,0.13393053671951724,0.4155108456305348,1.2961348349706427,1.2106771584514024,,,,,
B7_DISCRETIZATION_CONVERGENCE,128,0.05,rosenhead,fixed_sampled_reach,trefoil,3:1:1,continuum_rankine,continuum,0.75,0.2373588220132305,0.1873588220132305,0.14051911650992288,0,0.0,0.0,2.0,32.24105925814838,16.12052962907419,0.38976295765416685,16.12052962907419,2.5656619757265156,True,FAIL_RELATIVE_EQUILIBRIUM_GATE,0.4964418217654435,0.39353742625203403,0.2264036306923393,-1.1927290664347168,0.2978897301675485,0.2678610734390345,0.8310216912610696,1.2961348349706427,1.2106771584514024,,,,,
B7_DISCRETIZATION_CONVERGENCE,128,0.05,rosenhead,fixed_sampled_reach,trefoil,3:1:1,continuum_rankine,continuum,1.0,0.2373588220132305,0.1873588220132305,0.1873588220132305,0,0.0,0.0,0.5,4.533898958177116,2.266949479088558,2.7716476988740757,2.266949479088558,0.36079621533654127,True,FAIL_RELATIVE_EQUILIBRIUM_GATE,0.25038808867353257,0.2493347279659015,0.2264036306923393,-0.10593671977719232,0.1502452793096224,0.06696526835975862,0.2077554228152674,1.2961348349706427,1.2106771584514024,,,,,
B7_DISCRETIZATION_CONVERGENCE,128,0.05,rosenhead,fixed_sampled_reach,trefoil,3:1:1,continuum_rankine,continuum,1.0,0.2373588220132305,0.1873588220132305,0.1873588220132305,0,0.0,0.0,1.0,9.067797916354232,4.533898958177116,1.3858238494370378,4.533898958177116,0.7215924306730825,True,FAIL_RELATIVE_EQUILIBRIUM_GATE,0.31470415472907554,0.29872451224851165,0.2264036306923393,-0.39001372798976064,0.18883811078097276,0.13393053671951724,0.4155108456305348,1.2961348349706427,1.2106771584514024,,,,,
B7_DISCRETIZATION_CONVERGENCE,128,0.05,rosenhead,fixed_sampled_reach,trefoil,3:1:1,continuum_rankine,continuum,1.0,0.2373588220132305,0.1873588220132305,0.1873588220132305,0,0.0,0.0,2.0,18.135595832708464,9.067797916354232,0.6929119247185189,9.067797916354232,1.443184861346165,True,FAIL_RELATIVE_EQUILIBRIUM_GATE,0.4964418217654435,0.39353742625203403,0.2264036306923393,-1.1927290664347168,0.2978897301675485,0.2678610734390345,0.8310216912610696,1.2961348349706427,1.2106771584514024,,,,,
B7_DISCRETIZATION_CONVERGENCE,128,0.05,winckelmans,fixed_sampled_reach,trefoil,3:1:1,discrete_axial_tubes,numerical_discretization,0.5,0.2373588220132305,0.1873588220132305,0.09367941100661525,1,0.04189470622058674,0.5,0.5,18.135595832708464,9.067797916354232,0.6929119247185189,9.067797916354232,1.443184861346165,True,FAIL_RELATIVE_EQUILIBRIUM_GATE,0.25887523045322197,0.2562866320671197,0.23225156062952573,-0.11463289956602174,0.16736409830299384,0.06696526835975862,0.2077554228152674,1.2961348349706427,1.2106771584514024,,,,,
B7_DISCRETIZATION_CONVERGENCE,128,0.05,winckelmans,fixed_sampled_reach,trefoil,3:1:1,discrete_axial_tubes,numerical_discretization,0.5,0.2373588220132305,0.1873588220132305,0.09367941100661525,1,0.04189470622058674,1.0,1.0,36.27119166541693,18.135595832708464,0.34645596235925946,18.135595832708464,2.88636972269233,True,FAIL_RELATIVE_EQUILIBRIUM_GATE,0.3186687988415137,0.30102696889177916,0.23225156062952573,-0.37208463950791604,0.20602093171306834,0.13393053671951724,0.4155108456305348,1.2961348349706427,1.2106771584514024,,,,,
B7_DISCRETIZATION_CONVERGENCE,128,0.05,winckelmans,fixed_sampled_reach,trefoil,3:1:1,discrete_axial_tubes,numerical_discretization,0.5,0.2373588220132305,0.1873588220132305,0.09367941100661525,1,0.04189470622058674,2.0,2.0,72.54238333083386,36.27119166541693,0.17322798117962973,36.27119166541693,5.77273944538466,True,FAIL_RELATIVE_EQUILIBRIUM_GATE,0.4847577774904075,0.38793649484387144,0.23225156062952573,-1.087209989790618,0.31339826596390236,0.2678610734390345,0.8310216912610696,1.2961348349706427,1.2106771584514024,,,,,
B7_DISCRETIZATION_CONVERGENCE,128,0.05,winckelmans,fixed_sampled_reach,trefoil,3:1:1,discrete_axial_tubes,numerical_discretization,0.5,0.2373588220132305,0.1873588220132305,0.09367941100661525,7,0.015834710558540462,0.07142857142857142,0.5,18.135595832708464,9.067797916354232,0.6929119247185189,9.067797916354232,1.443184861346165,True,FAIL_RELATIVE_EQUILIBRIUM_GATE,0.25886950389206737,0.2562813622822084,0.23225156062952573,-0.11460824284837012,0.16736039605329486,0.06696125227792864,0.20775342355840803,1.2961348349706427,1.2106771584514024,,,,,
B7_DISCRETIZATION_CONVERGENCE,128,0.05,winckelmans,fixed_sampled_reach,trefoil,3:1:1,discrete_axial_tubes,numerical_discretization,0.5,0.2373588220132305,0.1873588220132305,0.09367941100661525,7,0.015834710558540462,0.14285714285714285,1.0,36.27119166541693,18.135595832708464,0.34645596235925946,18.135595832708464,2.88636972269233,True,FAIL_RELATIVE_EQUILIBRIUM_GATE,0.3186554563717936,0.3010157351850418,0.23225156062952573,-0.3720271911545705,0.20601230574136015,0.13392250455585727,0.41550684711681607,1.2961348349706427,1.2106771584514024,,,,,
B7_DISCRETIZATION_CONVERGENCE,128,0.05,winckelmans,fixed_sampled_reach,trefoil,3:1:1,discrete_axial_tubes,numerical_discretization,0.5,0.2373588220132305,0.1873588220132305,0.09367941100661525,7,0.015834710558540462,0.2857142857142857,2.0,72.54238333083386,36.27119166541693,0.17322798117962973,36.27119166541693,5.77273944538466,True,FAIL_RELATIVE_EQUILIBRIUM_GATE,0.48472961652352814,0.3879184005816444,0.23225156062952573,-1.0870887377878198,0.3133800597615521,0.26784500911171455,0.8310136942336321,1.2961348349706427,1.2106771584514024,,,,,
B7_DISCRETIZATION_CONVERGENCE,128,0.05,winckelmans,fixed_sampled_reach,trefoil,3:1:1,discrete_axial_tubes,numerical_discretization,0.5,0.2373588220132305,0.1873588220132305,0.09367941100661525,19,0.009611304772887496,0.02631578947368421,0.5,18.135595832708464,9.067797916354232,0.6929119247185189,9.067797916354232,1.443184861346165,True,FAIL_RELATIVE_EQUILIBRIUM_GATE,0.25887321273802705,0.25628477529435695,0.23225156062952573,-0.11462421193787642,0.16736279384028552,0.06696384415027419,0.2077547142285359,1.2961348349706427,1.2106771584514024,,,,,
B7_DISCRETIZATION_CONVERGENCE,128,0.05,winckelmans,fixed_sampled_reach,trefoil,3:1:1,discrete_axial_tubes,numerical_discretization,0.5,0.2373588220132305,0.1873588220132305,0.09367941100661525,19,0.009611304772887496,0.05263157894736842,1.0,36.27119166541693,18.135595832708464,0.34645596235925946,18.135595832708464,2.88636972269233,True,FAIL_RELATIVE_EQUILIBRIUM_GATE,0.3186640885041084,0.30102300265671317,0.23225156062952573,-0.3720643583206009,0.20601788645697652,0.13392768830054838,0.4155094284570718,1.2961348349706427,1.2106771584514024,,,,,
B7_DISCRETIZATION_CONVERGENCE,128,0.05,winckelmans,fixed_sampled_reach,trefoil,3:1:1,discrete_axial_tubes,numerical_discretization,0.5,0.2373588220132305,0.1873588220132305,0.09367941100661525,19,0.009611304772887496,0.10526315789473684,2.0,72.54238333083386,36.27119166541693,0.17322798117962973,36.27119166541693,5.77273944538466,True,FAIL_RELATIVE_EQUILIBRIUM_GATE,0.4847478188409036,0.3879300936180517,0.23225156062952573,-1.0871671110711945,0.31339182764845747,0.26785537660109676,0.8310188569141436,1.2961348349706427,1.2106771584514024,,,,,
B7_DISCRETIZATION_CONVERGENCE,128,0.05,winckelmans,fixed_sampled_reach,trefoil,3:1:1,discrete_axial_tubes,numerical_discretization,0.5,0.2373588220132305,0.1873588220132305,0.09367941100661525,37,0.006887447276119912,0.013513513513513514,0.5,18.135595832708464,9.067797916354232,0.6929119247185189,9.067797916354232,1.443184861346165,True,FAIL_RELATIVE_EQUILIBRIUM_GATE,0.25887384273981245,0.25628535502712424,0.23225156062952573,-0.11462692452152368,0.16736320113951056,0.06696428839289809,0.2077549354219363,1.2961348349706427,1.2106771584514024,,,,,
B7_DISCRETIZATION_CONVERGENCE,128,0.05,winckelmans,fixed_sampled_reach,trefoil,3:1:1,discrete_axial_tubes,numerical_discretization,0.5,0.2373588220132305,0.1873588220132305,0.09367941100661525,37,0.006887447276119912,0.02702702702702703,1.0,36.27119166541693,18.135595832708464,0.34645596235925946,18.135595832708464,2.88636972269233,True,FAIL_RELATIVE_EQUILIBRIUM_GATE,0.3186655587906653,0.3010242405939352,0.23225156062952573,-0.3720706888983287,0.20601883700440213,0.13392857678579617,0.4155098708438726,1.2961348349706427,1.2106771584514024,,,,,
B7_DISCRETIZATION_CONVERGENCE,128,0.05,winckelmans,fixed_sampled_reach,trefoil,3:1:1,discrete_axial_tubes,numerical_discretization,0.5,0.2373588220132305,0.1873588220132305,0.09367941100661525,37,0.006887447276119912,0.05405405405405406,2.0,72.54238333083386,36.27119166541693,0.17322798117962973,36.27119166541693,5.77273944538466,True,FAIL_RELATIVE_EQUILIBRIUM_GATE,0.48475092651972884,0.38793209081377766,0.23225156062952573,-1.0871804917297219,0.31339383677796545,0.26785715357159234,0.8310197416877452,1.2961348349706427,1.2106771584514024,,,,,
B7_DISCRETIZATION_CONVERGENCE,128,0.05,winckelmans,fixed_sampled_reach,trefoil,3:1:1,discrete_axial_tubes,numerical_discretization,0.5,0.2373588220132305,0.1873588220132305,0.09367941100661525,61,0.005364067470189215,0.00819672131147541,0.5,18.135595832708464,9.067797916354232,0.6929119247185189,9.067797916354232,1.443184861346165,True,FAIL_RELATIVE_EQUILIBRIUM_GATE,0.25887407276882346,0.25628556670507086,0.23225156062952573,-0.11462791495194491,0.16736334985438742,0.06696445071073621,0.20775501620726206,1.2961348349706427,1.2106771584514024,,,,,
B7_DISCRETIZATION_CONVERGENCE,128,0.05,winckelmans,fixed_sampled_reach,trefoil,3:1:1,discrete_axial_tubes,numerical_discretization,0.5,0.2373588220132305,0.1873588220132305,0.09367941100661525,61,0.005364067470189215,0.01639344262295082,1.0,36.27119166541693,18.135595832708464,0.34645596235925946,18.135595832708464,2.88636972269233,True,FAIL_RELATIVE_EQUILIBRIUM_GATE,0.31866609574245713,0.30102469270902227,0.23225156062952573,-0.37207300083884,0.20601918414635273,0.13392890142147243,0.4155100324145241,1.2961348349706427,1.2106771584514024,,,,,
B7_DISCRETIZATION_CONVERGENCE,128,0.05,winckelmans,fixed_sampled_reach,trefoil,3:1:1,discrete_axial_tubes,numerical_discretization,0.5,0.2373588220132305,0.1873588220132305,0.09367941100661525,61,0.005364067470189215,0.03278688524590164,2.0,72.54238333083386,36.27119166541693,0.17322798117962973,36.27119166541693,5.77273944538466,True,FAIL_RELATIVE_EQUILIBRIUM_GATE,0.4847520616600317,0.38793282040640925,0.23225156062952573,-1.0871853792762245,0.31339457065170423,0.26785780284294486,0.8310200648290482,1.2961348349706427,1.2106771584514024,,,,,
B7_DISCRETIZATION_CONVERGENCE,128,0.05,winckelmans,fixed_sampled_reach,trefoil,3:1:1,discrete_axial_tubes,numerical_discretization,0.5,0.2373588220132305,0.1873588220132305,0.09367941100661525,91,0.004391758526996051,0.005494505494505495,0.5,18.135595832708464,9.067797916354232,0.6929119247185189,9.067797916354232,1.443184861346165,True,FAIL_RELATIVE_EQUILIBRIUM_GATE,0.258874187640468,0.2562856724134283,0.23225156062952573,-0.11462840955204223,0.16736342411946548,0.06696453178629548,0.20775505655023158,1.2961348349706427,1.2106771584514024,,,,,
B7_DISCRETIZATION_CONVERGENCE,128,0.05,winckelmans,fixed_sampled_reach,trefoil,3:1:1,discrete_axial_tubes,numerical_discretization,0.5,0.2373588220132305,0.1873588220132305,0.09367941100661525,91,0.004391758526996051,0.01098901098901099,1.0,36.27119166541693,18.135595832708464,0.34645596235925946,18.135595832708464,2.88636972269233,True,FAIL_RELATIVE_EQUILIBRIUM_GATE,0.31866636390235464,0.30102491850452384,0.23225156062952573,-0.37207415544850875,0.20601935751303355,0.13392906357259096,0.41551011310046315,1.2961348349706427,1.2106771584514024,,,,,
B7_DISCRETIZATION_CONVERGENCE,128,0.05,winckelmans,fixed_sampled_reach,trefoil,3:1:1,discrete_axial_tubes,numerical_discretization,0.5,0.2373588220132305,0.1873588220132305,0.09367941100661525,91,0.004391758526996051,0.02197802197802198,2.0,72.54238333083386,36.27119166541693,0.17322798117962973,36.27119166541693,5.77273944538466,True,FAIL_RELATIVE_EQUILIBRIUM_GATE,0.4847526285941527,0.3879331848105119,0.23225156062952573,-1.0871878203109344,0.31339493717737676,0.2678581271451819,0.8310202262009263,1.2961348349706427,1.2106771584514024,,,,,
B7_DISCRETIZATION_CONVERGENCE,128,0.05,winckelmans,fixed_sampled_reach,trefoil,3:1:1,discrete_axial_tubes,numerical_discretization,0.75,0.2373588220132305,0.1873588220132305,0.14051911650992288,1,0.0628420593308801,0.5,0.5,8.060264814537096,4.030132407268548,1.5590518306166674,4.030132407268548,0.6414154939316289,True,FAIL_RELATIVE_EQUILIBRIUM_GATE,0.25887523045322197,0.2562866320671197,0.23225156062952573,-0.11463289956602174,0.16736409830299384,0.06696526835975862,0.2077554228152674,1.2961348349706427,1.2106771584514024,,,,,
B7_DISCRETIZATION_CONVERGENCE,128,0.05,winckelmans,fixed_sampled_reach,trefoil,3:1:1,discrete_axial_tubes,numerical_discretization,0.75,0.2373588220132305,0.1873588220132305,0.14051911650992288,1,0.0628420593308801,1.0,1.0,16.12052962907419,8.060264814537096,0.7795259153083337,8.060264814537096,1.2828309878632578,True,FAIL_RELATIVE_EQUILIBRIUM_GATE,0.3186687988415137,0.30102696889177916,0.23225156062952573,-0.37208463950791604,0.20602093171306834,0.13393053671951724,0.4155108456305348,1.2961348349706427,1.2106771584514024,,,,,
B7_DISCRETIZATION_CONVERGENCE,128,0.05,winckelmans,fixed_sampled_reach,trefoil,3:1:1,discrete_axial_tubes,numerical_discretization,0.75,0.2373588220132305,0.1873588220132305,0.14051911650992288,1,0.0628420593308801,2.0,2.0,32.24105925814838,16.12052962907419,0.38976295765416685,16.12052962907419,2.5656619757265156,True,FAIL_RELATIVE_EQUILIBRIUM_GATE,0.4847577774904075,0.38793649484387144,0.23225156062952573,-1.087209989790618,0.31339826596390236,0.2678610734390345,0.8310216912610696,1.2961348349706427,1.2106771584514024,,,,,
B7_DISCRETIZATION_CONVERGENCE,128,0.05,winckelmans,fixed_sampled_reach,trefoil,3:1:1,discrete_axial_tubes,numerical_discretization,0.75,0.2373588220132305,0.1873588220132305,0.14051911650992288,7,0.023752065837810695,0.07142857142857142,0.5,8.060264814537096,4.030132407268548,1.5590518306166674,4.030132407268548,0.6414154939316289,True,FAIL_RELATIVE_EQUILIBRIUM_GATE,0.2588109711210157,0.2562275239757607,0.23225156062952573,-0.11435621969342114,0.16732255433150833,0.06692404834281777,0.20773450736926816,1.2961348349706427,1.2106771584514024,,,,,
B7_DISCRETIZATION_CONVERGENCE,128,0.05,winckelmans,fixed_sampled_reach,trefoil,3:1:1,discrete_axial_tubes,numerical_discretization,0.75,0.2373588220132305,0.1873588220132305,0.14051911650992288,7,0.023752065837810695,0.14285714285714285,1.0,16.12052962907419,8.060264814537096,0.7795259153083337,8.060264814537096,1.2828309878632578,True,FAIL_RELATIVE_EQUILIBRIUM_GATE,0.3185229390699653,0.30090441570285786,0.23225156062952573,-0.37145661457170864,0.20592663265980957,0.13384809668563555,0.4154690147385363,1.2961348349706427,1.2106771584514024,,,,,
B7_DISCRETIZATION_CONVERGENCE,128,0.05,winckelmans,fixed_sampled_reach,trefoil,3:1:1,discrete_axial_tubes,numerical_discretization,0.75,0.2373588220132305,0.1873588220132305,0.14051911650992288,7,0.023752065837810695,0.2857142857142857,2.0,32.24105925814838,16.12052962907419,0.38976295765416685,16.12052962907419,2.5656619757265156,True,FAIL_RELATIVE_EQUILIBRIUM_GATE,0.48445700360954425,0.38774464877636383,0.23225156062952573,-1.0859149548722389,0.31320381418388604,0.2676961933712711,0.8309380294770726,1.2961348349706427,1.2106771584514024,,,,,
B7_DISCRETIZATION_CONVERGENCE,128,0.05,winckelmans,fixed_sampled_reach,trefoil,3:1:1,discrete_axial_tubes,numerical_discretization,0.75,0.2373588220132305,0.1873588220132305,0.14051911650992288,19,0.014416957159331245,0.02631578947368421,0.5,8.060264814537096,4.030132407268548,1.5590518306166674,4.030132407268548,0.6414154939316289,True,FAIL_RELATIVE_EQUILIBRIUM_GATE,0.25884898764889624,0.256262491344566,0.23225156062952573,-0.11451990654993782,0.16734713220208403,0.06694700783420283,0.20774624818545295,1.2961348349706427,1.2106771584514024,,,,,
B7_DISCRETIZATION_CONVERGENCE,128,0.05,winckelmans,fixed_sampled_reach,trefoil,3:1:1,discrete_axial_tubes,numerical_discretization,0.75,0.2373588220132305,0.1873588220132305,0.14051911650992288,19,0.014416957159331245,0.05263157894736842,1.0,16.12052962907419,8.060264814537096,0.7795259153083337,8.060264814537096,1.2828309878632578,True,FAIL_RELATIVE_EQUILIBRIUM_GATE,0.3186077986541161,0.3009756501770801,0.23225156062952573,-0.3718219924573116,0.20598149479458738,0.13389401566840567,0.4154924963709059,1.2961348349706427,1.2106771584514024,,,,,
B7_DISCRETIZATION_CONVERGENCE,128,0.05,winckelmans,fixed_sampled_reach,trefoil,3:1:1,discrete_axial_tubes,numerical_discretization,0.75,0.2373588220132305,0.1873588220132305,0.14051911650992288,19,0.014416957159331245,0.10526315789473684,2.0,32.24105925814838,16.12052962907419,0.38976295765416685,16.12052962907419,2.5656619757265156,True,FAIL_RELATIVE_EQUILIBRIUM_GATE,0.48462929252059656,0.3878541019346869,0.23225156062952573,-1.0866567751234584,0.3133151998046555,0.26778803133681134,0.8309849927418118,1.2961348349706427,1.2106771584514024,,,,,
B7_DISCRETIZATION_CONVERGENCE,128,0.05,winckelmans,fixed_sampled_reach,trefoil,3:1:1,discrete_axial_tubes,numerical_discretization,0.75,0.2373588220132305,0.1873588220132305,0.14051911650992288,37,0.01033117091417987,0.013513513513513514,0.5,8.060264814537096,4.030132407268548,1.5590518306166674,4.030132407268548,0.6414154939316289,True,FAIL_RELATIVE_EQUILIBRIUM_GATE,0.25885794094705117,0.25627072554027913,0.23225156062952573,-0.11455845655205898,0.16735292055298154,0.06695318901276802,0.20774937303223628,1.2961348349706427,1.2106771584514024,,,,,
B7_DISCRETIZATION_CONVERGENCE,128,0.05,winckelmans,fixed_sampled_reach,trefoil,3:1:1,discrete_axial_tubes,numerical_discretization,0.75,0.2373588220132305,0.1873588220132305,0.14051911650992288,37,0.01033117091417987,0.02702702702702703,1.0,16.12052962907419,8.060264814537096,0.7795259153083337,8.060264814537096,1.2828309878632578,True,FAIL_RELATIVE_EQUILIBRIUM_GATE,0.3186285613857608,0.3009931081414046,0.23225156062952573,-0.37191139005527996,0.2059949180017978,0.13390637802553604,0.41549874606447257,1.2961348349706427,1.2106771584514024,,,,,
B7_DISCRETIZATION_CONVERGENCE,128,0.05,winckelmans,fixed_sampled_reach,trefoil,3:1:1,discrete_axial_tubes,numerical_discretization,0.75,0.2373588220132305,0.1873588220132305,0.14051911650992288,37,0.01033117091417987,0.05405405405405406,2.0,32.24105925814838,16.12052962907419,0.38976295765416685,16.12052962907419,2.5656619757265156,True,FAIL_RELATIVE_EQUILIBRIUM_GATE,0.4846729353887338,0.38788204857788106,0.23225156062952573,-1.0868446871788993,0.31334341513163116,0.2678127560510721,0.8309974921289451,1.2961348349706427,1.2106771584514024,,,,,
B7_DISCRETIZATION_CONVERGENCE,128,0.05,winckelmans,fixed_sampled_reach,trefoil,3:1:1,discrete_axial_tubes,numerical_discretization,0.75,0.2373588220132305,0.1873588220132305,0.14051911650992288,61,0.008046101205283823,0.00819672131147541,0.5,8.060264814537096,4.030132407268548,1.5590518306166674,4.030132407268548,0.6414154939316289,True,FAIL_RELATIVE_EQUILIBRIUM_GATE,0.25886106585195673,0.2562735998316801,0.23225156062952573,-0.11457191138050926,0.16735494081923447,0.06695535870616565,0.2077504661508476,1.2961348349706427,1.2106771584514024,,,,,
B7_DISCRETIZATION_CONVERGENCE,128,0.05,winckelmans,fixed_sampled_reach,trefoil,3:1:1,discrete_axial_tubes,numerical_discretization,0.75,0.2373588220132305,0.1873588220132305,0.14051911650992288,61,0.008046101205283823,0.01639344262295082,1.0,16.12052962907419,8.060264814537096,0.7795259153083337,8.060264814537096,1.2828309878632578,True,FAIL_RELATIVE_EQUILIBRIUM_GATE,0.3186358203758252,0.30099921361944276,0.23225156062952573,-0.37194264491550455,0.20599961097425637,0.1339107174123313,0.4155009323016952,1.2961348349706427,1.2106771584514024,,,,,
B7_DISCRETIZATION_CONVERGENCE,128,0.05,winckelmans,fixed_sampled_reach,trefoil,3:1:1,discrete_axial_tubes,numerical_discretization,0.75,0.2373588220132305,0.1873588220132305,0.14051911650992288,61,0.008046101205283823,0.03278688524590164,2.0,32.24105925814838,16.12052962907419,0.38976295765416685,16.12052962907419,2.5656619757265156,True,FAIL_RELATIVE_EQUILIBRIUM_GATE,0.484688216374107,0.3878918419940031,0.23225156062952573,-1.0869104821528137,0.31335329436315784,0.2678214348246626,0.8310018646033904,1.2961348349706427,1.2106771584514024,,,,,
B7_DISCRETIZATION_CONVERGENCE,128,0.05,winckelmans,fixed_sampled_reach,trefoil,3:1:1,discrete_axial_tubes,numerical_discretization,0.75,0.2373588220132305,0.1873588220132305,0.14051911650992288,91,0.006587637790494077,0.005494505494505495,0.5,8.060264814537096,4.030132407268548,1.5590518306166674,4.030132407268548,0.6414154939316289,True,FAIL_RELATIVE_EQUILIBRIUM_GATE,0.2588625873050043,0.25627499935597453,0.23225156062952573,-0.11457846226457402,0.1673559244460456,0.06695641682214924,0.207750998369496,1.2961348349706427,1.2106771584514024,,,,,
B7_DISCRETIZATION_CONVERGENCE,128,0.05,winckelmans,fixed_sampled_reach,trefoil,3:1:1,discrete_axial_tubes,numerical_discretization,0.75,0.2373588220132305,0.1873588220132305,0.14051911650992288,91,0.006587637790494077,0.01098901098901099,1.0,16.12052962907419,8.060264814537096,0.7795259153083337,8.060264814537096,1.2828309878632578,True,FAIL_RELATIVE_EQUILIBRIUM_GATE,0.31863935636496044,0.3010021881324038,0.23225156062952573,-0.3719578697395085,0.2060018970084675,0.13391283364429848,0.415501996738992,1.2961348349706427,1.2106771584514024,,,,,
B7_DISCRETIZATION_CONVERGENCE,128,0.05,winckelmans,fixed_sampled_reach,trefoil,3:1:1,discrete_axial_tubes,numerical_discretization,0.75,0.2373588220132305,0.1873588220132305,0.14051911650992288,91,0.006587637790494077,0.02197802197802198,2.0,32.24105925814838,16.12052962907419,0.38976295765416685,16.12052962907419,2.5656619757265156,True,FAIL_RELATIVE_EQUILIBRIUM_GATE,0.48469566321835444,0.3878966163190828,0.23225156062952573,-1.0869425458523096,0.3133581087842614,0.26782566728859697,0.831003993477984,1.2961348349706427,1.2106771584514024,,,,,
B7_DISCRETIZATION_CONVERGENCE,128,0.05,winckelmans,fixed_sampled_reach,trefoil,3:1:1,discrete_axial_tubes,numerical_discretization,1.0,0.2373588220132305,0.1873588220132305,0.1873588220132305,1,0.08378941244117348,0.5,0.5,4.533898958177116,2.266949479088558,2.7716476988740757,2.266949479088558,0.36079621533654127,True,FAIL_RELATIVE_EQUILIBRIUM_GATE,0.25887523045322197,0.2562866320671197,0.23225156062952573,-0.11463289956602174,0.16736409830299384,0.06696526835975862,0.2077554228152674,1.2961348349706427,1.2106771584514024,,,,,
B7_DISCRETIZATION_CONVERGENCE,128,0.05,winckelmans,fixed_sampled_reach,trefoil,3:1:1,discrete_axial_tubes,numerical_discretization,1.0,0.2373588220132305,0.1873588220132305,0.1873588220132305,1,0.08378941244117348,1.0,1.0,9.067797916354232,4.533898958177116,1.3858238494370378,4.533898958177116,0.7215924306730825,True,FAIL_RELATIVE_EQUILIBRIUM_GATE,0.3186687988415137,0.30102696889177916,0.23225156062952573,-0.37208463950791604,0.20602093171306834,0.13393053671951724,0.4155108456305348,1.2961348349706427,1.2106771584514024,,,,,
B7_DISCRETIZATION_CONVERGENCE,128,0.05,winckelmans,fixed_sampled_reach,trefoil,3:1:1,discrete_axial_tubes,numerical_discretization,1.0,0.2373588220132305,0.1873588220132305,0.1873588220132305,1,0.08378941244117348,2.0,2.0,18.135595832708464,9.067797916354232,0.6929119247185189,9.067797916354232,1.443184861346165,True,FAIL_RELATIVE_EQUILIBRIUM_GATE,0.4847577774904075,0.38793649484387144,0.23225156062952573,-1.087209989790618,0.31339826596390236,0.2678610734390345,0.8310216912610696,1.2961348349706427,1.2106771584514024,,,,,
B7_DISCRETIZATION_CONVERGENCE,128,0.05,winckelmans,fixed_sampled_reach,trefoil,3:1:1,discrete_axial_tubes,numerical_discretization,1.0,0.2373588220132305,0.1873588220132305,0.1873588220132305,7,0.031669421117080924,0.07142857142857142,0.5,4.533898958177116,2.266949479088558,2.7716476988740757,2.266949479088558,0.36079621533654127,True,FAIL_RELATIVE_EQUILIBRIUM_GATE,0.25854226973084055,0.25598109775305555,0.23225156062952573,-0.11319927853252287,0.1671488375730502,0.06686221309570395,0.20769066621029353,1.2961348349706427,1.2106771584514024,,,,,
B7_DISCRETIZATION_CONVERGENCE,128,0.05,winckelmans,fixed_sampled_reach,trefoil,3:1:1,discrete_axial_tubes,numerical_discretization,1.0,0.2373588220132305,0.1873588220132305,0.1873588220132305,7,0.031669421117080924,0.14285714285714285,1.0,9.067797916354232,4.533898958177116,1.3858238494370378,4.533898958177116,0.7215924306730825,True,FAIL_RELATIVE_EQUILIBRIUM_GATE,0.31802397761433704,0.3004927336585338,0.23225156062952573,-0.36930824814404795,0.20560405164669768,0.1337244261914079,0.41538133242058706,1.2961348349706427,1.2106771584514024,,,,,
B7_DISCRETIZATION_CONVERGENCE,128,0.05,winckelmans,fixed_sampled_reach,trefoil,3:1:1,discrete_axial_tubes,numerical_discretization,1.0,0.2373588220132305,0.1873588220132305,0.1873588220132305,7,0.031669421117080924,0.2857142857142857,2.0,18.135595832708464,9.067797916354232,0.6929119247185189,9.067797916354232,1.443184861346165,True,FAIL_RELATIVE_EQUILIBRIUM_GATE,0.48363728389136745,0.3872648538141333,0.23225156062952573,-1.0823855072510695,0.31267386139058995,0.2674488523828158,0.8307626648411741,1.2961348349706427,1.2106771584514024,,,,,
B7_DISCRETIZATION_CONVERGENCE,128,0.05,winckelmans,fixed_sampled_reach,trefoil,3:1:1,discrete_axial_tubes,numerical_discretization,1.0,0.2373588220132305,0.1873588220132305,0.1873588220132305,19,0.019222609545774993,0.02631578947368421,0.5,4.533898958177116,2.266949479088558,2.7716476988740757,2.266949479088558,0.36079621533654127,True,FAIL_RELATIVE_EQUILIBRIUM_GATE,0.25863721681202445,0.25606788191056495,0.23225156062952573,-0.11360808991327986,0.16721022132382862,0.06680628029734957,0.20767333176063885,1.2961348349706427,1.2106771584514024,,,,,
B7_DISCRETIZATION_CONVERGENCE,128,0.05,winckelmans,fixed_sampled_reach,trefoil,3:1:1,discrete_axial_tubes,numerical_discretization,1.0,0.2373588220132305,0.1873588220132305,0.1873588220132305,19,0.019222609545774993,0.05263157894736842,1.0,9.067797916354232,4.533898958177116,1.3858238494370378,4.533898958177116,0.7215924306730825,True,FAIL_RELATIVE_EQUILIBRIUM_GATE,0.31812212200613876,0.30056810048666593,0.23225156062952573,-0.3697308261088019,0.20566750247437493,0.13361256059469914,0.4153466635212777,1.2961348349706427,1.2106771584514024,,,,,
B7_DISCRETIZATION_CONVERGENCE,128,0.05,winckelmans,fixed_sampled_reach,trefoil,3:1:1,discrete_axial_tubes,numerical_discretization,1.0,0.2373588220132305,0.1873588220132305,0.1873588220132305,19,0.019222609545774993,0.10526315789473684,2.0,18.135595832708464,9.067797916354232,0.6929119247185189,9.067797916354232,1.443184861346165,True,FAIL_RELATIVE_EQUILIBRIUM_GATE,0.4836184342439001,0.38721049746139036,0.23225156062952573,-1.082304346773972,0.31266167500162495,0.2672251211893983,0.8306933270425554,1.2961348349706427,1.2106771584514024,,,,,
B7_DISCRETIZATION_CONVERGENCE,128,0.05,winckelmans,fixed_sampled_reach,trefoil,3:1:1,discrete_axial_tubes,numerical_discretization,1.0,0.2373588220132305,0.1873588220132305,0.1873588220132305,37,0.013774894552239824,0.013513513513513514,0.5,4.533898958177116,2.266949479088558,2.7716476988740757,2.266949479088558,0.36079621533654127,True,FAIL_RELATIVE_EQUILIBRIUM_GATE,0.2587381321241371,0.25616059215763476,0.23225156062952573,-0.11404259856346544,0.16727546356499295,0.06687270055247971,0.2077080106722715,1.2961348349706427,1.2106771584514024,,,,,
B7_DISCRETIZATION_CONVERGENCE,128,0.05,winckelmans,fixed_sampled_reach,trefoil,3:1:1,discrete_axial_tubes,numerical_discretization,1.0,0.2373588220132305,0.1873588220132305,0.1873588220132305,37,0.013774894552239824,0.02702702702702703,1.0,9.067797916354232,4.533898958177116,1.3858238494370378,4.533898958177116,0.7215924306730825,True,FAIL_RELATIVE_EQUILIBRIUM_GATE,0.31835293796524206,0.30076167564588824,0.23225156062952573,-0.3707246448735828,0.20581672611698307,0.13374540110495942,0.415416021344543,1.2961348349706427,1.2106771584514024,,,,,
B7_DISCRETIZATION_CONVERGENCE,128,0.05,winckelmans,fixed_sampled_reach,trefoil,3:1:1,discrete_axial_tubes,numerical_discretization,1.0,0.2373588220132305,0.1873588220132305,0.1873588220132305,37,0.013774894552239824,0.05405405405405406,2.0,18.135595832708464,9.067797916354232,0.6929119247185189,9.067797916354232,1.443184861346165,True,FAIL_RELATIVE_EQUILIBRIUM_GATE,0.4840976686480312,0.38751517114863565,0.23225156062952573,-1.0843677749069505,0.31297150237979,0.26749080220991883,0.830832042689086,1.2961348349706427,1.2106771584514024,,,,,
B7_DISCRETIZATION_CONVERGENCE,128,0.05,winckelmans,fixed_sampled_reach,trefoil,3:1:1,discrete_axial_tubes,numerical_discretization,1.0,0.2373588220132305,0.1873588220132305,0.1873588220132305,61,0.01072813494037843,0.00819672131147541,0.5,4.533898958177116,2.266949479088558,2.7716476988740757,2.266949479088558,0.36079621533654127,True,FAIL_RELATIVE_EQUILIBRIUM_GATE,0.25876936505367004,0.2561892935959412,0.23225156062952573,-0.11417707744252348,0.1672956558061722,0.06689360027781376,0.20771883705658256,1.2961348349706427,1.2106771584514024,,,,,
B7_DISCRETIZATION_CONVERGENCE,128,0.05,winckelmans,fixed_sampled_reach,trefoil,3:1:1,discrete_axial_tubes,numerical_discretization,1.0,0.2373588220132305,0.1873588220132305,0.1873588220132305,61,0.01072813494037843,0.01639344262295082,1.0,9.067797916354232,4.533898958177116,1.3858238494370378,4.533898958177116,0.7215924306730825,True,FAIL_RELATIVE_EQUILIBRIUM_GATE,0.31842471185856075,0.30082190370159995,0.23225156062952573,-0.3710336800125682,0.20586312828885542,0.1337872005556275,0.4154376741131651,1.2961348349706427,1.2106771584514024,,,,,
B7_DISCRETIZATION_CONVERGENCE,128,0.05,winckelmans,fixed_sampled_reach,trefoil,3:1:1,discrete_axial_tubes,numerical_discretization,1.0,0.2373588220132305,0.1873588220132305,0.1873588220132305,61,0.01072813494037843,0.03278688524590164,2.0,18.135595832708464,9.067797916354232,0.6929119247185189,9.067797916354232,1.443184861346165,True,FAIL_RELATIVE_EQUILIBRIUM_GATE,0.48424732384966157,0.387610467414695,0.23225156062952573,-1.0850121417358523,0.3130682551970964,0.267574401111255,0.8308753482263302,1.2961348349706427,1.2106771584514024,,,,,
B7_DISCRETIZATION_CONVERGENCE,128,0.05,winckelmans,fixed_sampled_reach,trefoil,3:1:1,discrete_axial_tubes,numerical_discretization,1.0,0.2373588220132305,0.1873588220132305,0.1873588220132305,91,0.008783517053992102,0.005494505494505495,0.5,4.533898958177116,2.266949479088558,2.7716476988740757,2.266949479088558,0.36079621533654127,True,FAIL_RELATIVE_EQUILIBRIUM_GATE,0.25878346589327256,0.2562022538298397,0.23225156062952573,-0.1142377910909671,0.16730477206770583,0.06690305807746579,0.20772372809620593,1.2961348349706427,1.2106771584514024,,,,,
B7_DISCRETIZATION_CONVERGENCE,128,0.05,winckelmans,fixed_sampled_reach,trefoil,3:1:1,discrete_axial_tubes,numerical_discretization,1.0,0.2373588220132305,0.1873588220132305,0.1873588220132305,91,0.008783517053992102,0.01098901098901099,1.0,9.067797916354232,4.533898958177116,1.3858238494370378,4.533898958177116,0.7215924306730825,True,FAIL_RELATIVE_EQUILIBRIUM_GATE,0.31845713697031286,0.3008491184569072,0.23225156062952573,-0.371173292042146,0.20588409128165033,0.13380611615493157,0.41544745619241186,1.2961348349706427,1.2106771584514024,,,,,
B7_DISCRETIZATION_CONVERGENCE,128,0.05,winckelmans,fixed_sampled_reach,trefoil,3:1:1,discrete_axial_tubes,numerical_discretization,1.0,0.2373588220132305,0.1873588220132305,0.1873588220132305,91,0.008783517053992102,0.02197802197802198,2.0,18.135595832708464,9.067797916354232,0.6929119247185189,9.067797916354232,1.443184861346165,True,FAIL_RELATIVE_EQUILIBRIUM_GATE,0.48431497293666875,0.3876535596488001,0.23225156062952573,-1.0853034167947744,0.31311199066158313,0.26761223230986314,0.8308949123848237,1.2961348349706427,1.2106771584514024,,,,,
B7_DISCRETIZATION_CONVERGENCE,128,0.05,winckelmans,fixed_sampled_reach,trefoil,3:1:1,continuum_rankine,continuum,0.5,0.2373588220132305,0.1873588220132305,0.09367941100661525,0,0.0,0.0,0.5,18.135595832708464,9.067797916354232,0.6929119247185189,9.067797916354232,1.443184861346165,True,FAIL_RELATIVE_EQUILIBRIUM_GATE,0.25887523045322197,0.25628663206711966,0.23225156062952573,-0.11463289956602174,0.16736409830299384,0.06696526835975862,0.2077554228152674,1.2961348349706427,1.2106771584514024,,,,,
B7_DISCRETIZATION_CONVERGENCE,128,0.05,winckelmans,fixed_sampled_reach,trefoil,3:1:1,continuum_rankine,continuum,0.5,0.2373588220132305,0.1873588220132305,0.09367941100661525,0,0.0,0.0,1.0,36.27119166541693,18.135595832708464,0.34645596235925946,18.135595832708464,2.88636972269233,True,FAIL_RELATIVE_EQUILIBRIUM_GATE,0.3186687988415137,0.30102696889177916,0.23225156062952573,-0.37208463950791604,0.20602093171306834,0.13393053671951724,0.4155108456305348,1.2961348349706427,1.2106771584514024,,,,,
B7_DISCRETIZATION_CONVERGENCE,128,0.05,winckelmans,fixed_sampled_reach,trefoil,3:1:1,continuum_rankine,continuum,0.5,0.2373588220132305,0.1873588220132305,0.09367941100661525,0,0.0,0.0,2.0,72.54238333083386,36.27119166541693,0.17322798117962973,36.27119166541693,5.77273944538466,True,FAIL_RELATIVE_EQUILIBRIUM_GATE,0.4847577774904075,0.38793649484387144,0.23225156062952573,-1.087209989790618,0.31339826596390236,0.2678610734390345,0.8310216912610696,1.2961348349706427,1.2106771584514024,,,,,
B7_DISCRETIZATION_CONVERGENCE,128,0.05,winckelmans,fixed_sampled_reach,trefoil,3:1:1,continuum_rankine,continuum,0.75,0.2373588220132305,0.1873588220132305,0.14051911650992288,0,0.0,0.0,0.5,8.060264814537096,4.030132407268548,1.5590518306166674,4.030132407268548,0.6414154939316289,True,FAIL_RELATIVE_EQUILIBRIUM_GATE,0.25887523045322197,0.25628663206711966,0.23225156062952573,-0.11463289956602174,0.16736409830299384,0.06696526835975862,0.2077554228152674,1.2961348349706427,1.2106771584514024,,,,,
B7_DISCRETIZATION_CONVERGENCE,128,0.05,winckelmans,fixed_sampled_reach,trefoil,3:1:1,continuum_rankine,continuum,0.75,0.2373588220132305,0.1873588220132305,0.14051911650992288,0,0.0,0.0,1.0,16.12052962907419,8.060264814537096,0.7795259153083337,8.060264814537096,1.2828309878632578,True,FAIL_RELATIVE_EQUILIBRIUM_GATE,0.3186687988415137,0.30102696889177916,0.23225156062952573,-0.37208463950791604,0.20602093171306834,0.13393053671951724,0.4155108456305348,1.2961348349706427,1.2106771584514024,,,,,
B7_DISCRETIZATION_CONVERGENCE,128,0.05,winckelmans,fixed_sampled_reach,trefoil,3:1:1,continuum_rankine,continuum,0.75,0.2373588220132305,0.1873588220132305,0.14051911650992288,0,0.0,0.0,2.0,32.24105925814838,16.12052962907419,0.38976295765416685,16.12052962907419,2.5656619757265156,True,FAIL_RELATIVE_EQUILIBRIUM_GATE,0.4847577774904075,0.38793649484387144,0.23225156062952573,-1.087209989790618,0.31339826596390236,0.2678610734390345,0.8310216912610696,1.2961348349706427,1.2106771584514024,,,,,
B7_DISCRETIZATION_CONVERGENCE,128,0.05,winckelmans,fixed_sampled_reach,trefoil,3:1:1,continuum_rankine,continuum,1.0,0.2373588220132305,0.1873588220132305,0.1873588220132305,0,0.0,0.0,0.5,4.533898958177116,2.266949479088558,2.7716476988740757,2.266949479088558,0.36079621533654127,True,FAIL_RELATIVE_EQUILIBRIUM_GATE,0.25887523045322197,0.25628663206711966,0.23225156062952573,-0.11463289956602174,0.16736409830299384,0.06696526835975862,0.2077554228152674,1.2961348349706427,1.2106771584514024,,,,,
B7_DISCRETIZATION_CONVERGENCE,128,0.05,winckelmans,fixed_sampled_reach,trefoil,3:1:1,continuum_rankine,continuum,1.0,0.2373588220132305,0.1873588220132305,0.1873588220132305,0,0.0,0.0,1.0,9.067797916354232,4.533898958177116,1.3858238494370378,4.533898958177116,0.7215924306730825,True,FAIL_RELATIVE_EQUILIBRIUM_GATE,0.3186687988415137,0.30102696889177916,0.23225156062952573,-0.37208463950791604,0.20602093171306834,0.13393053671951724,0.4155108456305348,1.2961348349706427,1.2106771584514024,,,,,
B7_DISCRETIZATION_CONVERGENCE,128,0.05,winckelmans,fixed_sampled_reach,trefoil,3:1:1,continuum_rankine,continuum,1.0,0.2373588220132305,0.1873588220132305,0.1873588220132305,0,0.0,0.0,2.0,18.135595832708464,9.067797916354232,0.6929119247185189,9.067797916354232,1.443184861346165,True,FAIL_RELATIVE_EQUILIBRIUM_GATE,0.4847577774904075,0.38793649484387144,0.23225156062952573,-1.087209989790618,0.31339826596390236,0.2678610734390345,0.8310216912610696,1.2961348349706427,1.2106771584514024,,,,,
B7_DISCRETIZATION_CONVERGENCE,192,0.04,rosenhead,fixed_sampled_reach,trefoil,3:1:1,discrete_axial_tubes,numerical_discretization,0.5,0.2378112887995723,0.1978112887995723,0.09890564439978615,1,0.044231948847268644,0.5,0.5,16.269641295175038,8.134820647587519,0.7723815409554163,8.134820647587519,1.2946969172295668,True,FAIL_RELATIVE_EQUILIBRIUM_GATE,0.26735609193171456,0.2640711738295848,0.23728150278462784,-0.12674645429224363,0.1729961668717065,0.0672860155494536,0.20775912220137682,1.4103248486171867,1.2120731634806146,,,,,
B7_DISCRETIZATION_CONVERGENCE,192,0.04,rosenhead,fixed_sampled_reach,trefoil,3:1:1,discrete_axial_tubes,numerical_discretization,0.5,0.2378112887995723,0.1978112887995723,0.09890564439978615,1,0.044231948847268644,1.0,1.0,32.539282590350076,16.269641295175038,0.38619077047770817,16.269641295175038,2.5893938344591336,True,FAIL_RELATIVE_EQUILIBRIUM_GATE,0.32906318155662195,0.30952095650790695,0.23728150278462784,-0.38680502986910503,0.2129245257012646,0.1345720310989072,0.41551824440275364,1.4103248486171867,1.2120731634806146,,,,,
B7_DISCRETIZATION_CONVERGENCE,192,0.04,rosenhead,fixed_sampled_reach,trefoil,3:1:1,discrete_axial_tubes,numerical_discretization,0.5,0.2378112887995723,0.1978112887995723,0.09890564439978615,1,0.044231948847268644,2.0,2.0,65.07856518070015,32.539282590350076,0.19309538523885408,32.539282590350076,5.178787668918267,True,FAIL_RELATIVE_EQUILIBRIUM_GATE,0.4967582513498864,0.39503822743245576,0.23728150278462784,-1.093539721892172,0.3214337579686469,0.2691440621978144,0.8310364888055073,1.4103248486171867,1.2120731634806146,,,,,
B7_DISCRETIZATION_CONVERGENCE,192,0.04,rosenhead,fixed_sampled_reach,trefoil,3:1:1,discrete_axial_tubes,numerical_discretization,0.5,0.2378112887995723,0.1978112887995723,0.09890564439978615,7,0.01671810523622899,0.07142857142857142,0.5,16.269641295175038,8.134820647587519,0.7723815409554163,8.134820647587519,1.2946969172295668,True,FAIL_RELATIVE_EQUILIBRIUM_GATE,0.26734726782694684,0.2640631250577976,0.23728150278462784,-0.12670926595407073,0.17299045712224886,0.06728034781744473,0.2077563636409899,1.4103248486171867,1.2120731634806146,,,,,
B7_DISCRETIZATION_CONVERGENCE,192,0.04,rosenhead,fixed_sampled_reach,trefoil,3:1:1,discrete_axial_tubes,numerical_discretization,0.5,0.2378112887995723,0.1978112887995723,0.09890564439978615,7,0.01671810523622899,0.14285714285714285,1.0,32.539282590350076,16.269641295175038,0.38619077047770817,16.269641295175038,2.5893938344591336,True,FAIL_RELATIVE_EQUILIBRIUM_GATE,0.3290433067228765,0.3095044226176019,0.23728150278462784,-0.3867212692998563,0.2129116654367749,0.13456069563488945,0.4155127272819798,1.4103248486171867,1.2120731634806146,,,,,
B7_DISCRETIZATION_CONVERGENCE,192,0.04,rosenhead,fixed_sampled_reach,trefoil,3:1:1,discrete_axial_tubes,numerical_discretization,0.5,0.2378112887995723,0.1978112887995723,0.09890564439978615,7,0.01671810523622899,0.2857142857142857,2.0,65.07856518070015,32.539282590350076,0.19309538523885408,32.539282590350076,5.178787668918267,True,FAIL_RELATIVE_EQUILIBRIUM_GATE,0.49671725153217533,0.39501227561656677,0.23728150278462784,-1.0933669321161892,0.32140722851403375,0.2691213912697789,0.8310254545639596,1.4103248486171867,1.2120731634806146,,,,,
B7_DISCRETIZATION_CONVERGENCE,192,0.04,rosenhead,fixed_sampled_reach,trefoil,3:1:1,discrete_axial_tubes,numerical_discretization,0.5,0.2378112887995723,0.1978112887995723,0.09890564439978615,19,0.010147505005321284,0.02631578947368421,0.5,16.269641295175038,8.134820647587519,0.7723815409554163,8.134820647587519,1.2946969172295668,True,FAIL_RELATIVE_EQUILIBRIUM_GATE,0.2673529622139153,0.26406831913192086,0.23728150278462784,-0.12673326439854127,0.17299414174791464,0.06728398897795826,0.20775813656073097,1.4103248486171867,1.2120731634806146,,,,,
B7_DISCRETIZATION_CONVERGENCE,192,0.04,rosenhead,fixed_sampled_reach,trefoil,3:1:1,discrete_axial_tubes,numerical_discretization,0.5,0.2378112887995723,0.1978112887995723,0.09890564439978615,19,0.010147505005321284,0.05263157894736842,1.0,32.539282590350076,16.269641295175038,0.38619077047770817,16.269641295175038,2.5893938344591336,True,FAIL_RELATIVE_EQUILIBRIUM_GATE,0.32905611644568766,0.3095150783318817,0.23728150278462784,-0.38677525464073126,0.21291995413118617,0.13456797795591652,0.41551627312146194,1.4103248486171867,1.2120731634806146,,,,,
B7_DISCRETIZATION_CONVERGENCE,192,0.04,rosenhead,fixed_sampled_reach,trefoil,3:1:1,discrete_axial_tubes,numerical_discretization,0.5,0.2378112887995723,0.1978112887995723,0.09890564439978615,19,0.010147505005321284,0.10526315789473684,2.0,65.07856518070015,32.539282590350076,0.19309538523885408,32.539282590350076,5.178787668918267,True,FAIL_RELATIVE_EQUILIBRIUM_GATE,0.4967436462368292,0.3950289779047188,0.23728150278462784,-1.0934781700523284,0.3214243075440938,0.26913595591183304,0.8310325462429239,1.4103248486171867,1.2120731634806146,,,,,
B7_DISCRETIZATION_CONVERGENCE,192,0.04,rosenhead,fixed_sampled_reach,trefoil,3:1:1,discrete_axial_tubes,numerical_discretization,0.5,0.2378112887995723,0.1978112887995723,0.09890564439978615,37,0.0072716875970333305,0.013513513513513514,0.5,16.269641295175038,8.134820647587519,0.7723815409554163,8.134820647587519,1.2946969172295668,True,FAIL_RELATIVE_EQUILIBRIUM_GATE,0.2673539451555682,0.2640692156453909,0.23728150278462784,-0.12673740691130098,0.17299477777283923,0.06728462364471709,0.20775844540099922,1.4103248486171867,1.2120731634806146,,,,,
B7_DISCRETIZATION_CONVERGENCE,192,0.04,rosenhead,fixed_sampled_reach,trefoil,3:1:1,discrete_axial_tubes,numerical_discretization,0.5,0.2378112887995723,0.1978112887995723,0.09890564439978615,37,0.0072716875970333305,0.02702702702702703,1.0,32.539282590350076,16.269641295175038,0.38619077047770817,16.269641295175038,2.5893938344591336,True,FAIL_RELATIVE_EQUILIBRIUM_GATE,0.3290583335980016,0.30951692282620047,0.23728150278462784,-0.38678459861524206,0.2129213887678496,0.13456924728943417,0.41551689080199844,1.4103248486171867,1.2120731634806146,,,,,
B7_DISCRETIZATION_CONVERGENCE,192,0.04,rosenhead,fixed_sampled_reach,trefoil,3:1:1,discrete_axial_tubes,numerical_discretization,0.5,0.2378112887995723,0.1978112887995723,0.09890564439978615,37,0.0072716875970333305,0.05405405405405406,2.0,65.07856518070015,32.539282590350076,0.19309538523885408,32.539282590350076,5.178787668918267,True,FAIL_RELATIVE_EQUILIBRIUM_GATE,0.49674822619812503,0.3950318777821653,0.23728150278462784,-1.0934974718573245,0.3214272710664241,0.26913849457886835,0.8310337816039969,1.4103248486171867,1.2120731634806146,,,,,
B7_DISCRETIZATION_CONVERGENCE,192,0.04,rosenhead,fixed_sampled_reach,trefoil,3:1:1,discrete_axial_tubes,numerical_discretization,0.5,0.2378112887995723,0.1978112887995723,0.09890564439978615,61,0.005663320723755732,0.00819672131147541,0.5,16.269641295175038,8.134820647587519,0.7723815409554163,8.134820647587519,1.2946969172295668,True,FAIL_RELATIVE_EQUILIBRIUM_GATE,0.26735430297686963,0.2640695420145571,0.23728150278462784,-0.12673891491465228,0.17299500930567294,0.06728485508481433,0.20775855798953732,1.4103248486171867,1.2120731634806146,,,,,
B7_DISCRETIZATION_CONVERGENCE,192,0.04,rosenhead,fixed_sampled_reach,trefoil,3:1:1,discrete_axial_tubes,numerical_discretization,0.5,0.2378112887995723,0.1978112887995723,0.09890564439978615,61,0.005663320723755732,0.01639344262295082,1.0,32.539282590350076,16.269641295175038,0.38619077047770817,16.269641295175038,2.5893938344591336,True,FAIL_RELATIVE_EQUILIBRIUM_GATE,0.32905914110186746,0.3095175946419795,0.23728150278462784,-0.38678800176237504,0.21292191127351806,0.13456971016962865,0.41551711597907465,1.4103248486171867,1.2120731634806146,,,,,
B7_DISCRETIZATION_CONVERGENCE,192,0.04,rosenhead,fixed_sampled_reach,trefoil,3:1:1,discrete_axial_tubes,numerical_discretization,0.5,0.2378112887995723,0.1978112887995723,0.09890564439978615,61,0.005663320723755732,0.03278688524590164,2.0,65.07856518070015,32.539282590350076,0.19309538523885408,32.539282590350076,5.178787668918267,True,FAIL_RELATIVE_EQUILIBRIUM_GATE,0.4967498950029119,0.3950329345536556,0.23728150278462784,-1.0935045048740881,0.3214283508878312,0.2691394203392573,0.8310342319581493,1.4103248486171867,1.2120731634806146,,,,,
B7_DISCRETIZATION_CONVERGENCE,192,0.04,rosenhead,fixed_sampled_reach,trefoil,3:1:1,discrete_axial_tubes,numerical_discretization,0.5,0.2378112887995723,0.1978112887995723,0.09890564439978615,91,0.004636768127525125,0.005494505494505495,0.5,16.269641295175038,8.134820647587519,0.7723815409554163,8.134820647587519,1.2946969172295668,True,FAIL_RELATIVE_EQUILIBRIUM_GATE,0.26735448137089113,0.2640697047305723,0.23728150278462784,-0.12673966673904413,0.17299512473779827,0.06728497055214626,0.2077586141530809,1.4103248486171867,1.2120731634806146,,,,,
B7_DISCRETIZATION_CONVERGENCE,192,0.04,rosenhead,fixed_sampled_reach,trefoil,3:1:1,discrete_axial_tubes,numerical_discretization,0.5,0.2378112887995723,0.1978112887995723,0.09890564439978615,91,0.004636768127525125,0.01098901098901099,1.0,32.539282590350076,16.269641295175038,0.38619077047770817,16.269641295175038,2.5893938344591336,True,FAIL_RELATIVE_EQUILIBRIUM_GATE,0.3290595437672988,0.3095179296543659,0.23728150278462784,-0.3867896987569852,0.21292217182331757,0.13456994110429252,0.4155172283061618,1.4103248486171867,1.2120731634806146,,,,,
B7_DISCRETIZATION_CONVERGENCE,192,0.04,rosenhead,fixed_sampled_reach,trefoil,3:1:1,discrete_axial_tubes,numerical_discretization,0.5,0.2378112887995723,0.1978112887995723,0.09890564439978615,91,0.004636768127525125,0.02197802197802198,2.0,65.07856518070015,32.539282590350076,0.19309538523885408,32.539282590350076,5.178787668918267,True,FAIL_RELATIVE_EQUILIBRIUM_GATE,0.49675072731146136,0.39503346164303654,0.23728150278462784,-1.0935080125581669,0.3214288894436863,0.26913988220858504,0.8310344566123236,1.4103248486171867,1.2120731634806146,,,,,
B7_DISCRETIZATION_CONVERGENCE,192,0.04,rosenhead,fixed_sampled_reach,trefoil,3:1:1,discrete_axial_tubes,numerical_discretization,0.75,0.2378112887995723,0.1978112887995723,0.14835846659967922,1,0.06634792327090296,0.5,0.5,7.230951686744461,3.6154758433722307,1.7378584671496868,3.6154758433722307,0.5754208521020296,True,FAIL_RELATIVE_EQUILIBRIUM_GATE,0.26735609193171456,0.2640711738295848,0.23728150278462784,-0.12674645429224363,0.1729961668717065,0.0672860155494536,0.20775912220137682,1.4103248486171867,1.2120731634806146,,,,,
B7_DISCRETIZATION_CONVERGENCE,192,0.04,rosenhead,fixed_sampled_reach,trefoil,3:1:1,discrete_axial_tubes,numerical_discretization,0.75,0.2378112887995723,0.1978112887995723,0.14835846659967922,1,0.06634792327090296,1.0,1.0,14.461903373488923,7.230951686744461,0.8689292335748434,7.230951686744461,1.1508417042040593,True,FAIL_RELATIVE_EQUILIBRIUM_GATE,0.32906318155662195,0.30952095650790695,0.23728150278462784,-0.38680502986910503,0.2129245257012646,0.1345720310989072,0.41551824440275364,1.4103248486171867,1.2120731634806146,,,,,
B7_DISCRETIZATION_CONVERGENCE,192,0.04,rosenhead,fixed_sampled_reach,trefoil,3:1:1,discrete_axial_tubes,numerical_discretization,0.75,0.2378112887995723,0.1978112887995723,0.14835846659967922,1,0.06634792327090296,2.0,2.0,28.923806746977846,14.461903373488923,0.4344646167874217,14.461903373488923,2.3016834084081186,True,FAIL_RELATIVE_EQUILIBRIUM_GATE,0.4967582513498864,0.39503822743245576,0.23728150278462784,-1.093539721892172,0.3214337579686469,0.2691440621978144,0.8310364888055073,1.4103248486171867,1.2120731634806146,,,,,
B7_DISCRETIZATION_CONVERGENCE,192,0.04,rosenhead,fixed_sampled_reach,trefoil,3:1:1,discrete_axial_tubes,numerical_discretization,0.75,0.2378112887995723,0.1978112887995723,0.14835846659967922,7,0.025077157854343484,0.07142857142857142,0.5,7.230951686744461,3.6154758433722307,1.7378584671496868,3.6154758433722307,0.5754208521020296,True,FAIL_RELATIVE_EQUILIBRIUM_GATE,0.26725558379366565,0.2639795679856143,0.23728150278462784,-0.1263228724417016,0.17293113179995537,0.06722980058035444,0.20773126448844514,1.4103248486171867,1.2120731634806146,,,,,
B7_DISCRETIZATION_CONVERGENCE,192,0.04,rosenhead,fixed_sampled_reach,trefoil,3:1:1,discrete_axial_tubes,numerical_discretization,0.75,0.2378112887995723,0.1978112887995723,0.14835846659967922,7,0.025077157854343484,0.14285714285714285,1.0,14.461903373488923,7.230951686744461,0.8689292335748434,7.230951686744461,1.1508417042040593,True,FAIL_RELATIVE_EQUILIBRIUM_GATE,0.32884493393991227,0.30933990648355175,0.23728150278462784,-0.3858852463455331,0.21278330579919738,0.13445960116070887,0.4154625289768903,1.4103248486171867,1.2120731634806146,,,,,
B7_DISCRETIZATION_CONVERGENCE,192,0.04,rosenhead,fixed_sampled_reach,trefoil,3:1:1,discrete_axial_tubes,numerical_discretization,0.75,0.2378112887995723,0.1978112887995723,0.14835846659967922,7,0.025077157854343484,0.2857142857142857,2.0,28.923806746977846,14.461903373488923,0.4344646167874217,14.461903373488923,2.3016834084081186,True,FAIL_RELATIVE_EQUILIBRIUM_GATE,0.4963235855847689,0.3947657532344031,0.23728150278462784,-1.0917078649626748,0.3211525019452948,0.26891920232141775,0.8309250579537806,1.4103248486171867,1.2120731634806146,,,,,
B7_DISCRETIZATION_CONVERGENCE,192,0.04,rosenhead,fixed_sampled_reach,trefoil,3:1:1,discrete_axial_tubes,numerical_discretization,0.75,0.2378112887995723,0.1978112887995723,0.14835846659967922,19,0.015221257507981926,0.02631578947368421,0.5,7.230951686744461,3.6154758433722307,1.7378584671496868,3.6154758433722307,0.5754208521020296,True,FAIL_RELATIVE_EQUILIBRIUM_GATE,0.2673124777169272,0.2640314195502002,0.23728150278462784,-0.12656264639202575,0.1729679457381433,0.06725877239444486,0.20774578504853394,1.4103248486171867,1.2120731634806146,,,,,
B7_DISCRETIZATION_CONVERGENCE,192,0.04,rosenhead,fixed_sampled_reach,trefoil,3:1:1,discrete_axial_tubes,numerical_discretization,0.75,0.2378112887995723,0.1978112887995723,0.14835846659967922,19,0.015221257507981926,0.05263157894736842,1.0,14.461903373488923,7.230951686744461,0.8689292335748434,7.230951686744461,1.1508417042040593,True,FAIL_RELATIVE_EQUILIBRIUM_GATE,0.32896569752912147,0.3094399432626724,0.23728150278462784,-0.386394192840696,0.21286144741878765,0.13451754478888972,0.4154915700970679,1.4103248486171867,1.2120731634806146,,,,,
B7_DISCRETIZATION_CONVERGENCE,192,0.04,rosenhead,fixed_sampled_reach,trefoil,3:1:1,discrete_axial_tubes,numerical_discretization,0.75,0.2378112887995723,0.1978112887995723,0.14835846659967922,19,0.015221257507981926,0.10526315789473684,2.0,28.923806746977846,14.461903373488923,0.4344646167874217,14.461903373488923,2.3016834084081186,True,FAIL_RELATIVE_EQUILIBRIUM_GATE,0.4965585863227228,0.39491212685593585,0.23728150278462784,-1.0926982528993494,0.32130456216798997,0.26903508957777944,0.8309831401941358,1.4103248486171867,1.2120731634806146,,,,,
B7_DISCRETIZATION_CONVERGENCE,192,0.04,rosenhead,fixed_sampled_reach,trefoil,3:1:1,discrete_axial_tubes,numerical_discretization,0.75,0.2378112887995723,0.1978112887995723,0.14835846659967922,37,0.010907531395549995,0.013513513513513514,0.5,7.230951686744461,3.6154758433722307,1.7378584671496868,3.6154758433722307,0.5754208521020296,True,FAIL_RELATIVE_EQUILIBRIUM_GATE,0.26732801717700794,0.2640455781446646,0.23728150278462784,-0.12662813594725186,0.17297800074384673,0.06726829145564578,0.2077504627694468,1.4103248486171867,1.2120731634806146,,,,,
B7_DISCRETIZATION_CONVERGENCE,192,0.04,rosenhead,fixed_sampled_reach,trefoil,3:1:1,discrete_axial_tubes,numerical_discretization,0.75,0.2378112887995723,0.1978112887995723,0.14835846659967922,37,0.010907531395549995,0.02702702702702703,1.0,14.461903373488923,7.230951686744461,0.8689292335748434,7.230951686744461,1.1508417042040593,True,FAIL_RELATIVE_EQUILIBRIUM_GATE,0.32900024807797107,0.30946863788354456,0.23728150278462784,-0.3865398027953031,0.21288380379178481,0.13453658291129156,0.4155009255388936,1.4103248486171867,1.2120731634806146,,,,,
B7_DISCRETIZATION_CONVERGENCE,192,0.04,rosenhead,fixed_sampled_reach,trefoil,3:1:1,discrete_axial_tubes,numerical_discretization,0.75,0.2378112887995723,0.1978112887995723,0.14835846659967922,37,0.010907531395549995,0.05405405405405406,2.0,28.923806746977846,14.461903373488923,0.4344646167874217,14.461903373488923,2.3016834084081186,True,FAIL_RELATIVE_EQUILIBRIUM_GATE,0.4966290003222405,0.394956531066987,0.23728150278462784,-1.092995005906606,0.32135012444383954,0.2690731658225831,0.8310018510777872,1.4103248486171867,1.2120731634806146,,,,,
B7_DISCRETIZATION_CONVERGENCE,192,0.04,rosenhead,fixed_sampled_reach,trefoil,3:1:1,discrete_axial_tubes,numerical_discretization,0.75,0.2378112887995723,0.1978112887995723,0.14835846659967922,61,0.008494981085633598,0.00819672131147541,0.5,7.230951686744461,3.6154758433722307,1.7378584671496868,3.6154758433722307,0.5754208521020296,True,FAIL_RELATIVE_EQUILIBRIUM_GATE,0.2673333203950842,0.26405041113008015,0.23728150278462784,-0.12665048584816718,0.1729814322586951,0.06727157958167705,0.20775207503667692,1.4103248486171867,1.2120731634806146,,,,,
B7_DISCRETIZATION_CONVERGENCE,192,0.04,rosenhead,fixed_sampled_reach,trefoil,3:1:1,discrete_axial_tubes,numerical_discretization,0.75,0.2378112887995723,0.1978112887995723,0.14835846659967922,61,0.008494981085633598,0.01639344262295082,1.0,14.461903373488923,7.230951686744461,0.8689292335748434,7.230951686744461,1.1508417042040593,True,FAIL_RELATIVE_EQUILIBRIUM_GATE,0.32901207769252766,0.30947846604366597,0.23728150278462784,-0.3865896575645025,0.21289145829465803,0.1345431591633541,0.41550415007335384,1.4103248486171867,1.2120731634806146,,,,,
B7_DISCRETIZATION_CONVERGENCE,192,0.04,rosenhead,fixed_sampled_reach,trefoil,3:1:1,discrete_axial_tubes,numerical_discretization,0.75,0.2378112887995723,0.1978112887995723,0.14835846659967922,61,0.008494981085633598,0.03278688524590164,2.0,28.923806746977846,14.461903373488923,0.4344646167874217,14.461903373488923,2.3016834084081186,True,FAIL_RELATIVE_EQUILIBRIUM_GATE,0.49665318356860605,0.39497179491870665,0.23728150278462784,-1.0930969238651564,0.32136577252162796,0.2690863183267082,0.8310083001467077,1.4103248486171867,1.2120731634806146,,,,,
B7_DISCRETIZATION_CONVERGENCE,192,0.04,rosenhead,fixed_sampled_reach,trefoil,3:1:1,discrete_axial_tubes,numerical_discretization,0.75,0.2378112887995723,0.1978112887995723,0.14835846659967922,91,0.006955152191287688,0.005494505494505495,0.5,7.230951686744461,3.6154758433722307,1.7378584671496868,3.6154758433722307,0.5754208521020296,True,FAIL_RELATIVE_EQUILIBRIUM_GATE,0.26733587035618556,0.26405273524466966,0.23728150278462784,-0.1266612324132026,0.17298308224352635,0.06727316829292343,0.20775285328580212,1.4103248486171867,1.2120731634806146,,,,,
B7_DISCRETIZATION_CONVERGENCE,192,0.04,rosenhead,fixed_sampled_reach,trefoil,3:1:1,discrete_axial_tubes,numerical_discretization,0.75,0.2378112887995723,0.1978112887995723,0.14835846659967922,91,0.006955152191287688,0.01098901098901099,1.0,14.461903373488923,7.230951686744461,0.8689292335748434,7.230951686744461,1.1508417042040593,True,FAIL_RELATIVE_EQUILIBRIUM_GATE,0.3290177732179952,0.30948319873480157,0.23728150278462784,-0.3866136608070676,0.21289514365700413,0.13454633658584686,0.41550570657160424,1.4103248486171867,1.2120731634806146,,,,,
B7_DISCRETIZATION_CONVERGENCE,192,0.04,rosenhead,fixed_sampled_reach,trefoil,3:1:1,discrete_axial_tubes,numerical_discretization,0.75,0.2378112887995723,0.1978112887995723,0.14835846659967922,91,0.006955152191287688,0.02197802197802198,2.0,28.923806746977846,14.461903373488923,0.4344646167874217,14.461903373488923,2.3016834084081186,True,FAIL_RELATIVE_EQUILIBRIUM_GATE,0.4966648413350484,0.39497915575210085,0.23728150278462784,-1.0931460543970584,0.32137331582798856,0.2690926731716937,0.8310114131432085,1.4103248486171867,1.2120731634806146,,,,,
B7_DISCRETIZATION_CONVERGENCE,192,0.04,rosenhead,fixed_sampled_reach,trefoil,3:1:1,discrete_axial_tubes,numerical_discretization,1.0,0.2378112887995723,0.1978112887995723,0.1978112887995723,1,0.08846389769453729,0.5,0.5,4.0674103237937596,2.0337051618968798,3.0895261638216653,2.0337051618968798,0.3236742293073917,True,FAIL_RELATIVE_EQUILIBRIUM_GATE,0.26735609193171456,0.2640711738295848,0.23728150278462784,-0.12674645429224363,0.1729961668717065,0.0672860155494536,0.20775912220137682,1.4103248486171867,1.2120731634806146,,,,,
B7_DISCRETIZATION_CONVERGENCE,192,0.04,rosenhead,fixed_sampled_reach,trefoil,3:1:1,discrete_axial_tubes,numerical_discretization,1.0,0.2378112887995723,0.1978112887995723,0.1978112887995723,1,0.08846389769453729,1.0,1.0,8.134820647587519,4.0674103237937596,1.5447630819108327,4.0674103237937596,0.6473484586147834,True,FAIL_RELATIVE_EQUILIBRIUM_GATE,0.32906318155662195,0.30952095650790695,0.23728150278462784,-0.38680502986910503,0.2129245257012646,0.1345720310989072,0.41551824440275364,1.4103248486171867,1.2120731634806146,,,,,
B7_DISCRETIZATION_CONVERGENCE,192,0.04,rosenhead,fixed_sampled_reach,trefoil,3:1:1,discrete_axial_tubes,numerical_discretization,1.0,0.2378112887995723,0.1978112887995723,0.1978112887995723,1,0.08846389769453729,2.0,2.0,16.269641295175038,8.134820647587519,0.7723815409554163,8.134820647587519,1.2946969172295668,True,FAIL_RELATIVE_EQUILIBRIUM_GATE,0.4967582513498864,0.39503822743245576,0.23728150278462784,-1.093539721892172,0.3214337579686469,0.2691440621978144,0.8310364888055073,1.4103248486171867,1.2120731634806146,,,,,
B7_DISCRETIZATION_CONVERGENCE,192,0.04,rosenhead,fixed_sampled_reach,trefoil,3:1:1,discrete_axial_tubes,numerical_discretization,1.0,0.2378112887995723,0.1978112887995723,0.1978112887995723,7,0.03343621047245798,0.07142857142857142,0.5,4.0674103237937596,2.0337051618968798,3.0895261638216653,2.0337051618968798,0.3236742293073917,True,FAIL_RELATIVE_EQUILIBRIUM_GATE,0.2667939317579392,0.26356078937677496,0.23728150278462784,-0.124377284478423,0.17263241396625215,0.06720729822923413,0.20770396406160313,1.4103248486171867,1.2120731634806146,,,,,
B7_DISCRETIZATION_CONVERGENCE,192,0.04,rosenhead,fixed_sampled_reach,trefoil,3:1:1,discrete_axial_tubes,numerical_discretization,1.0,0.2378112887995723,0.1978112887995723,0.1978112887995723,7,0.03343621047245798,0.14285714285714285,1.0,8.134820647587519,4.0674103237937596,1.5447630819108327,4.0674103237937596,0.6473484586147834,True,FAIL_RELATIVE_EQUILIBRIUM_GATE,0.3280723242529007,0.3087140690102732,0.23728150278462784,-0.38262915736284997,0.21228337885391918,0.13441459645846826,0.41540792812320626,1.4103248486171867,1.2120731634806146,,,,,
B7_DISCRETIZATION_CONVERGENCE,192,0.04,rosenhead,fixed_sampled_reach,trefoil,3:1:1,discrete_axial_tubes,numerical_discretization,1.0,0.2378112887995723,0.1978112887995723,0.1978112887995723,7,0.03343621047245798,0.2857142857142857,2.0,16.269641295175038,8.134820647587519,0.7723815409554163,8.134820647587519,1.2946969172295668,True,FAIL_RELATIVE_EQUILIBRIUM_GATE,0.495241575549264,0.39416932311237735,0.23728150278462784,-1.087147838062951,0.32045237356106154,0.2688291929169365,0.8308158562464125,1.4103248486171867,1.2120731634806146,,,,,
B7_DISCRETIZATION_CONVERGENCE,192,0.04,rosenhead,fixed_sampled_reach,trefoil,3:1:1,discrete_axial_tubes,numerical_discretization,1.0,0.2378112887995723,0.1978112887995723,0.1978112887995723,19,0.02029501001064257,0.02631578947368421,0.5,4.0674103237937596,2.0337051618968798,3.0895261638216653,2.0337051618968798,0.3236742293073917,True,FAIL_RELATIVE_EQUILIBRIUM_GATE,0.26689233091088566,0.26364900820905224,0.23728150278462784,-0.12479197821473065,0.17269608439231265,0.06702007189664157,0.2076269422442805,1.4103248486171867,1.2120731634806146,,,,,
B7_DISCRETIZATION_CONVERGENCE,192,0.04,rosenhead,fixed_sampled_reach,trefoil,3:1:1,discrete_axial_tubes,numerical_discretization,1.0,0.2378112887995723,0.1978112887995723,0.1978112887995723,19,0.02029501001064257,0.05263157894736842,1.0,8.134820647587519,4.0674103237937596,1.5447630819108327,4.0674103237937596,0.6473484586147834,True,FAIL_RELATIVE_EQUILIBRIUM_GATE,0.32804943709478435,0.3086803862261505,0.23728150278462784,-0.3825327016431761,0.21226856942655167,0.13404014379328313,0.415253884488561,1.4103248486171867,1.2120731634806146,,,,,
B7_DISCRETIZATION_CONVERGENCE,192,0.04,rosenhead,fixed_sampled_reach,trefoil,3:1:1,discrete_axial_tubes,numerical_discretization,1.0,0.2378112887995723,0.1978112887995723,0.1978112887995723,19,0.02029501001064257,0.10526315789473684,2.0,16.269641295175038,8.134820647587519,0.7723815409554163,8.134820647587519,1.2946969172295668,True,FAIL_RELATIVE_EQUILIBRIUM_GATE,0.49472619029929876,0.3937623204912412,0.23728150278462784,-1.0849757966525715,0.32011888696622837,0.26808028758656627,0.830507768977122,1.4103248486171867,1.2120731634806146,,,,,
B7_DISCRETIZATION_CONVERGENCE,192,0.04,rosenhead,fixed_sampled_reach,trefoil,3:1:1,discrete_axial_tubes,numerical_discretization,1.0,0.2378112887995723,0.1978112887995723,0.1978112887995723,37,0.014543375194066661,0.013513513513513514,0.5,4.0674103237937596,2.0337051618968798,3.0895261638216653,2.0337051618968798,0.3236742293073917,True,FAIL_RELATIVE_EQUILIBRIUM_GATE,0.26710306643373677,0.26384075394537077,0.23728150278462784,-0.12568010274352037,0.17283244349830323,0.06713732719465432,0.20768557558952686,1.4103248486171867,1.2120731634806146,,,,,
B7_DISCRETIZATION_CONVERGENCE,192,0.04,rosenhead,fixed_sampled_reach,trefoil,3:1:1,discrete_axial_tubes,numerical_discretization,1.0,0.2378112887995723,0.1978112887995723,0.1978112887995723,37,0.014543375194066661,0.02702702702702703,1.0,8.134820647587519,4.0674103237937596,1.5447630819108327,4.0674103237937596,0.6473484586147834,True,FAIL_RELATIVE_EQUILIBRIUM_GATE,0.32850668036783987,0.3090592761003344,0.23728150278462784,-0.38445970930154605,0.21256443451417678,0.13427465438930863,0.4153711511790537,1.4103248486171867,1.2120731634806146,,,,,
B7_DISCRETIZATION_CONVERGENCE,192,0.04,rosenhead,fixed_sampled_reach,trefoil,3:1:1,discrete_axial_tubes,numerical_discretization,1.0,0.2378112887995723,0.1978112887995723,0.1978112887995723,37,0.014543375194066661,0.05405405405405406,2.0,16.269641295175038,8.134820647587519,0.7723815409554163,8.134820647587519,1.2946969172295668,True,FAIL_RELATIVE_EQUILIBRIUM_GATE,0.4956359391554866,0.39433264071790874,0.23728150278462784,-1.0888098454322335,0.3207075515588295,0.26854930877861727,0.8307423023581074,1.4103248486171867,1.2120731634806146,,,,,
B7_DISCRETIZATION_CONVERGENCE,192,0.04,rosenhead,fixed_sampled_reach,trefoil,3:1:1,discrete_axial_tubes,numerical_discretization,1.0,0.2378112887995723,0.1978112887995723,0.1978112887995723,61,0.011326641447511464,0.00819672131147541,0.5,4.0674103237937596,2.0337051618968798,3.0895261638216653,2.0337051618968798,0.3236742293073917,True,FAIL_RELATIVE_EQUILIBRIUM_GATE,0.2671656385020611,0.2638977050741926,0.23728150278462784,-0.12594380668837069,0.17287293155262487,0.06717322633893287,0.20770339819456296,1.4103248486171867,1.2120731634806146,,,,,
B7_DISCRETIZATION_CONVERGENCE,192,0.04,rosenhead,fixed_sampled_reach,trefoil,3:1:1,discrete_axial_tubes,numerical_discretization,1.0,0.2378112887995723,0.1978112887995723,0.1978112887995723,61,0.011326641447511464,0.01639344262295082,1.0,8.134820647587519,4.0674103237937596,1.5447630819108327,4.0674103237937596,0.6473484586147834,True,FAIL_RELATIVE_EQUILIBRIUM_GATE,0.3286434719126787,0.3091726820106924,0.23728150278462784,-0.3850362040692945,0.2126529472267415,0.13434645267786574,0.4154067963891259,1.4103248486171867,1.2120731634806146,,,,,
B7_DISCRETIZATION_CONVERGENCE,192,0.04,rosenhead,fixed_sampled_reach,trefoil,3:1:1,discrete_axial_tubes,numerical_discretization,1.0,0.2378112887995723,0.1978112887995723,0.1978112887995723,61,0.011326641447511464,0.03278688524590164,2.0,16.269641295175038,8.134820647587519,0.7723815409554163,8.134820647587519,1.2946969172295668,True,FAIL_RELATIVE_EQUILIBRIUM_GATE,0.49591017060189424,0.3945047994432926,0.23728150278462784,-1.0899655674046143,0.3208849965114447,0.2686929053557315,0.8308135927782518,1.4103248486171867,1.2120731634806146,,,,,
B7_DISCRETIZATION_CONVERGENCE,192,0.04,rosenhead,fixed_sampled_reach,trefoil,3:1:1,discrete_axial_tubes,numerical_discretization,1.0,0.2378112887995723,0.1978112887995723,0.1978112887995723,91,0.00927353625505025,0.005494505494505495,0.5,4.0674103237937596,2.0337051618968798,3.0895261638216653,2.0337051618968798,0.3236742293073917,True,FAIL_RELATIVE_EQUILIBRIUM_GATE,0.267192809852922,0.2639224419484153,0.23728150278462784,-0.1260583177250172,0.17289051312151185,0.06718895602178725,0.20771121236001566,1.4103248486171867,1.2120731634806146,,,,,
B7_DISCRETIZATION_CONVERGENCE,192,0.04,rosenhead,fixed_sampled_reach,trefoil,3:1:1,discrete_axial_tubes,numerical_discretization,1.0,0.2378112887995723,0.1978112887995723,0.1978112887995723,91,0.00927353625505025,0.01098901098901099,1.0,8.134820647587519,4.0674103237937596,1.5447630819108327,4.0674103237937596,0.6473484586147834,True,FAIL_RELATIVE_EQUILIBRIUM_GATE,0.3287030054031084,0.30922204261898706,0.23728150278462784,-0.3852871022207771,0.21269146913050815,0.1343779120435745,0.4154224247200313,1.4103248486171867,1.2120731634806146,,,,,
B7_DISCRETIZATION_CONVERGENCE,192,0.04,rosenhead,fixed_sampled_reach,trefoil,3:1:1,discrete_axial_tubes,numerical_discretization,1.0,0.2378112887995723,0.1978112887995723,0.1978112887995723,91,0.00927353625505025,0.02197802197802198,2.0,16.269641295175038,8.134820647587519,0.7723815409554163,8.134820647587519,1.2946969172295668,True,FAIL_RELATIVE_EQUILIBRIUM_GATE,0.4960297855578953,0.3945798793766016,0.23728150278462784,-1.090469673095944,0.3209623948932777,0.268755824087149,0.8308448494400626,1.4103248486171867,1.2120731634806146,,,,,
B7_DISCRETIZATION_CONVERGENCE,192,0.04,rosenhead,fixed_sampled_reach,trefoil,3:1:1,continuum_rankine,continuum,0.5,0.2378112887995723,0.1978112887995723,0.09890564439978615,0,0.0,0.0,0.5,16.269641295175038,8.134820647587519,0.7723815409554163,8.134820647587519,1.2946969172295668,True,FAIL_RELATIVE_EQUILIBRIUM_GATE,0.26735609193171456,0.2640711738295848,0.23728150278462784,-0.12674645429224363,0.1729961668717065,0.0672860155494536,0.20775912220137682,1.4103248486171867,1.2120731634806146,,,,,
B7_DISCRETIZATION_CONVERGENCE,192,0.04,rosenhead,fixed_sampled_reach,trefoil,3:1:1,continuum_rankine,continuum,0.5,0.2378112887995723,0.1978112887995723,0.09890564439978615,0,0.0,0.0,1.0,32.539282590350076,16.269641295175038,0.38619077047770817,16.269641295175038,2.5893938344591336,True,FAIL_RELATIVE_EQUILIBRIUM_GATE,0.32906318155662195,0.30952095650790695,0.23728150278462784,-0.38680502986910503,0.2129245257012646,0.1345720310989072,0.41551824440275364,1.4103248486171867,1.2120731634806146,,,,,
B7_DISCRETIZATION_CONVERGENCE,192,0.04,rosenhead,fixed_sampled_reach,trefoil,3:1:1,continuum_rankine,continuum,0.5,0.2378112887995723,0.1978112887995723,0.09890564439978615,0,0.0,0.0,2.0,65.07856518070015,32.539282590350076,0.19309538523885408,32.539282590350076,5.178787668918267,True,FAIL_RELATIVE_EQUILIBRIUM_GATE,0.4967582513498865,0.3950382274324559,0.23728150278462784,-1.0935397218921725,0.321433757968647,0.2691440621978144,0.8310364888055073,1.4103248486171867,1.2120731634806146,,,,,
B7_DISCRETIZATION_CONVERGENCE,192,0.04,rosenhead,fixed_sampled_reach,trefoil,3:1:1,continuum_rankine,continuum,0.75,0.2378112887995723,0.1978112887995723,0.14835846659967922,0,0.0,0.0,0.5,7.230951686744461,3.6154758433722307,1.7378584671496868,3.6154758433722307,0.5754208521020296,True,FAIL_RELATIVE_EQUILIBRIUM_GATE,0.26735609193171456,0.2640711738295848,0.23728150278462784,-0.12674645429224363,0.1729961668717065,0.0672860155494536,0.20775912220137682,1.4103248486171867,1.2120731634806146,,,,,
B7_DISCRETIZATION_CONVERGENCE,192,0.04,rosenhead,fixed_sampled_reach,trefoil,3:1:1,continuum_rankine,continuum,0.75,0.2378112887995723,0.1978112887995723,0.14835846659967922,0,0.0,0.0,1.0,14.461903373488923,7.230951686744461,0.8689292335748434,7.230951686744461,1.1508417042040593,True,FAIL_RELATIVE_EQUILIBRIUM_GATE,0.32906318155662195,0.30952095650790695,0.23728150278462784,-0.38680502986910503,0.2129245257012646,0.1345720310989072,0.41551824440275364,1.4103248486171867,1.2120731634806146,,,,,
B7_DISCRETIZATION_CONVERGENCE,192,0.04,rosenhead,fixed_sampled_reach,trefoil,3:1:1,continuum_rankine,continuum,0.75,0.2378112887995723,0.1978112887995723,0.14835846659967922,0,0.0,0.0,2.0,28.923806746977846,14.461903373488923,0.4344646167874217,14.461903373488923,2.3016834084081186,True,FAIL_RELATIVE_EQUILIBRIUM_GATE,0.4967582513498865,0.3950382274324559,0.23728150278462784,-1.0935397218921725,0.321433757968647,0.2691440621978144,0.8310364888055073,1.4103248486171867,1.2120731634806146,,,,,
B7_DISCRETIZATION_CONVERGENCE,192,0.04,rosenhead,fixed_sampled_reach,trefoil,3:1:1,continuum_rankine,continuum,1.0,0.2378112887995723,0.1978112887995723,0.1978112887995723,0,0.0,0.0,0.5,4.0674103237937596,2.0337051618968798,3.0895261638216653,2.0337051618968798,0.3236742293073917,True,FAIL_RELATIVE_EQUILIBRIUM_GATE,0.26735609193171456,0.2640711738295848,0.23728150278462784,-0.12674645429224363,0.1729961668717065,0.0672860155494536,0.20775912220137682,1.4103248486171867,1.2120731634806146,,,,,
B7_DISCRETIZATION_CONVERGENCE,192,0.04,rosenhead,fixed_sampled_reach,trefoil,3:1:1,continuum_rankine,continuum,1.0,0.2378112887995723,0.1978112887995723,0.1978112887995723,0,0.0,0.0,1.0,8.134820647587519,4.0674103237937596,1.5447630819108327,4.0674103237937596,0.6473484586147834,True,FAIL_RELATIVE_EQUILIBRIUM_GATE,0.32906318155662195,0.30952095650790695,0.23728150278462784,-0.38680502986910503,0.2129245257012646,0.1345720310989072,0.41551824440275364,1.4103248486171867,1.2120731634806146,,,,,
B7_DISCRETIZATION_CONVERGENCE,192,0.04,rosenhead,fixed_sampled_reach,trefoil,3:1:1,continuum_rankine,continuum,1.0,0.2378112887995723,0.1978112887995723,0.1978112887995723,0,0.0,0.0,2.0,16.269641295175038,8.134820647587519,0.7723815409554163,8.134820647587519,1.2946969172295668,True,FAIL_RELATIVE_EQUILIBRIUM_GATE,0.4967582513498865,0.3950382274324559,0.23728150278462784,-1.0935397218921725,0.321433757968647,0.2691440621978144,0.8310364888055073,1.4103248486171867,1.2120731634806146,,,,,
B7_DISCRETIZATION_CONVERGENCE,192,0.04,winckelmans,fixed_sampled_reach,trefoil,3:1:1,discrete_axial_tubes,numerical_discretization,0.5,0.2378112887995723,0.1978112887995723,0.09890564439978615,1,0.044231948847268644,0.5,0.5,16.269641295175038,8.134820647587519,0.7723815409554163,8.134820647587519,1.2946969172295668,True,FAIL_RELATIVE_EQUILIBRIUM_GATE,0.27921934727449654,0.2743438264050824,0.24715854833824843,-0.12971754022592563,0.1963151733041463,0.0672860155494536,0.20775912220137682,1.4103248486171867,1.2120731634806146,,,,,
B7_DISCRETIZATION_CONVERGENCE,192,0.04,winckelmans,fixed_sampled_reach,trefoil,3:1:1,discrete_axial_tubes,numerical_discretization,0.5,0.2378112887995723,0.1978112887995723,0.09890564439978615,1,0.044231948847268644,1.0,1.0,32.539282590350076,16.269641295175038,0.38619077047770817,16.269641295175038,2.5893938344591336,True,FAIL_RELATIVE_EQUILIBRIUM_GATE,0.3363880207545395,0.31510599993718996,0.24715854833824843,-0.36102118666830907,0.23650965893471954,0.1345720310989072,0.41551824440275364,1.4103248486171867,1.2120731634806146,,,,,
B7_DISCRETIZATION_CONVERGENCE,192,0.04,winckelmans,fixed_sampled_reach,trefoil,3:1:1,discrete_axial_tubes,numerical_discretization,0.5,0.2378112887995723,0.1978112887995723,0.09890564439978615,1,0.044231948847268644,2.0,2.0,65.07856518070015,32.539282590350076,0.19309538523885408,32.539282590350076,5.178787668918267,True,FAIL_RELATIVE_EQUILIBRIUM_GATE,0.48836041603899755,0.3921380400570328,0.24715854833824843,-0.9758993541694243,0.34335930029708817,0.2691440621978144,0.8310364888055073,1.4103248486171867,1.2120731634806146,,,,,
B7_DISCRETIZATION_CONVERGENCE,192,0.04,winckelmans,fixed_sampled_reach,trefoil,3:1:1,discrete_axial_tubes,numerical_discretization,0.5,0.2378112887995723,0.1978112887995723,0.09890564439978615,7,0.01671810523622899,0.07142857142857142,0.5,16.269641295175038,8.134820647587519,0.7723815409554163,8.134820647587519,1.2946969172295668,True,FAIL_RELATIVE_EQUILIBRIUM_GATE,0.2792110209592108,0.27433633282312936,0.24715854833824843,-0.12968385207173583,0.1963093191896508,0.06728034781744473,0.2077563636409899,1.4103248486171867,1.2120731634806146,,,,,
B7_DISCRETIZATION_CONVERGENCE,192,0.04,winckelmans,fixed_sampled_reach,trefoil,3:1:1,discrete_axial_tubes,numerical_discretization,0.5,0.2378112887995723,0.1978112887995723,0.09890564439978615,7,0.01671810523622899,0.14285714285714285,1.0,32.539282590350076,16.269641295175038,0.38619077047770817,16.269641295175038,2.5893938344591336,True,FAIL_RELATIVE_EQUILIBRIUM_GATE,0.33636961134172644,0.31509082558519946,0.24715854833824843,-0.36094670244376226,0.23649671553698548,0.13456069563488945,0.4155127272819798,1.4103248486171867,1.2120731634806146,,,,,
B7_DISCRETIZATION_CONVERGENCE,192,0.04,winckelmans,fixed_sampled_reach,trefoil,3:1:1,discrete_axial_tubes,numerical_discretization,0.5,0.2378112887995723,0.1978112887995723,0.09890564439978615,7,0.01671810523622899,0.2857142857142857,2.0,65.07856518070015,32.539282590350076,0.19309538523885408,32.539282590350076,5.178787668918267,True,FAIL_RELATIVE_EQUILIBRIUM_GATE,0.48832241690755596,0.39211363776670916,0.24715854833824843,-0.9757456102196518,0.3433325836452974,0.2691213912697789,0.8310254545639596,1.4103248486171867,1.2120731634806146,,,,,
B7_DISCRETIZATION_CONVERGENCE,192,0.04,winckelmans,fixed_sampled_reach,trefoil,3:1:1,discrete_axial_tubes,numerical_discretization,0.5,0.2378112887995723,0.1978112887995723,0.09890564439978615,19,0.010147505005321284,0.02631578947368421,0.5,16.269641295175038,8.134820647587519,0.7723815409554163,8.134820647587519,1.2946969172295668,True,FAIL_RELATIVE_EQUILIBRIUM_GATE,0.27921639684855354,0.27434117107473466,0.24715854833824843,-0.12970560284418076,0.19631309890140175,0.06728398897795826,0.20775813656073097,1.4103248486171867,1.2120731634806146,,,,,
B7_DISCRETIZATION_CONVERGENCE,192,0.04,winckelmans,fixed_sampled_reach,trefoil,3:1:1,discrete_axial_tubes,numerical_discretization,0.5,0.2378112887995723,0.1978112887995723,0.09890564439978615,19,0.010147505005321284,0.05263157894736842,1.0,32.539282590350076,16.269641295175038,0.38619077047770817,16.269641295175038,2.5893938344591336,True,FAIL_RELATIVE_EQUILIBRIUM_GATE,0.33638148267212625,0.31510061020332775,0.24715854833824843,-0.3609947336790953,0.23650506210146083,0.13456797795591652,0.41551627312146194,1.4103248486171867,1.2120731634806146,,,,,
B7_DISCRETIZATION_CONVERGENCE,192,0.04,winckelmans,fixed_sampled_reach,trefoil,3:1:1,discrete_axial_tubes,numerical_discretization,0.5,0.2378112887995723,0.1978112887995723,0.09890564439978615,19,0.010147505005321284,0.10526315789473684,2.0,65.07856518070015,32.539282590350076,0.19309538523885408,32.539282590350076,5.178787668918267,True,FAIL_RELATIVE_EQUILIBRIUM_GATE,0.48834689023837086,0.39212935003624233,0.24715854833824843,-0.9758446289708924,0.34334979049799996,0.26913595591183304,0.8310325462429239,1.4103248486171867,1.2120731634806146,,,,,
B7_DISCRETIZATION_CONVERGENCE,192,0.04,winckelmans,fixed_sampled_reach,trefoil,3:1:1,discrete_axial_tubes,numerical_discretization,0.5,0.2378112887995723,0.1978112887995723,0.09890564439978615,37,0.0072716875970333305,0.013513513513513514,0.5,16.269641295175038,8.134820647587519,0.7723815409554163,8.134820647587519,1.2946969172295668,True,FAIL_RELATIVE_EQUILIBRIUM_GATE,0.2792173235116484,0.2743420050024611,0.24715854833824843,-0.12970935210999057,0.1963137504251154,0.06728462364471709,0.20775844540099922,1.4103248486171867,1.2120731634806146,,,,,
B7_DISCRETIZATION_CONVERGENCE,192,0.04,winckelmans,fixed_sampled_reach,trefoil,3:1:1,discrete_axial_tubes,numerical_discretization,0.5,0.2378112887995723,0.1978112887995723,0.09890564439978615,37,0.0072716875970333305,0.02702702702702703,1.0,32.539282590350076,16.269641295175038,0.38619077047770817,16.269641295175038,2.5893938344591336,True,FAIL_RELATIVE_EQUILIBRIUM_GATE,0.3363835346566424,0.3151023016131158,0.24715854833824843,-0.3610030359795011,0.23650650482274724,0.13456924728943417,0.41551689080199844,1.4103248486171867,1.2120731634806146,,,,,
B7_DISCRETIZATION_CONVERGENCE,192,0.04,winckelmans,fixed_sampled_reach,trefoil,3:1:1,discrete_axial_tubes,numerical_discretization,0.5,0.2378112887995723,0.1978112887995723,0.09890564439978615,37,0.0072716875970333305,0.05405405405405406,2.0,65.07856518070015,32.539282590350076,0.19309538523885408,32.539282590350076,5.178787668918267,True,FAIL_RELATIVE_EQUILIBRIUM_GATE,0.4883511322670626,0.3921320748723423,0.24715854833824843,-0.9758617921591386,0.34335277300836653,0.26913849457886835,0.8310337816039969,1.4103248486171867,1.2120731634806146,,,,,
B7_DISCRETIZATION_CONVERGENCE,192,0.04,winckelmans,fixed_sampled_reach,trefoil,3:1:1,discrete_axial_tubes,numerical_discretization,0.5,0.2378112887995723,0.1978112887995723,0.09890564439978615,61,0.005663320723755732,0.00819672131147541,0.5,16.269641295175038,8.134820647587519,0.7723815409554163,8.134820647587519,1.2946969172295668,True,FAIL_RELATIVE_EQUILIBRIUM_GATE,0.27921766083197375,0.2743423085758564,0.24715854833824843,-0.1297107169032683,0.1963139875902645,0.06728485508481433,0.20775855798953732,1.4103248486171867,1.2120731634806146,,,,,
B7_DISCRETIZATION_CONVERGENCE,192,0.04,winckelmans,fixed_sampled_reach,trefoil,3:1:1,discrete_axial_tubes,numerical_discretization,0.5,0.2378112887995723,0.1978112887995723,0.09890564439978615,61,0.005663320723755732,0.01639344262295082,1.0,32.539282590350076,16.269641295175038,0.38619077047770817,16.269641295175038,2.5893938344591336,True,FAIL_RELATIVE_EQUILIBRIUM_GATE,0.3363842819442274,0.31510291762116444,0.24715854833824843,-0.36100605949452835,0.23650703023007735,0.13456971016962865,0.41551711597907465,1.4103248486171867,1.2120731634806146,,,,,
B7_DISCRETIZATION_CONVERGENCE,192,0.04,winckelmans,fixed_sampled_reach,trefoil,3:1:1,discrete_axial_tubes,numerical_discretization,0.5,0.2378112887995723,0.1978112887995723,0.09890564439978615,61,0.005663320723755732,0.03278688524590164,2.0,65.07856518070015,32.539282590350076,0.19309538523885408,32.539282590350076,5.178787668918267,True,FAIL_RELATIVE_EQUILIBRIUM_GATE,0.48835267780670455,0.39213306776172807,0.24715854833824843,-0.9758680453907274,0.3433538596554259,0.2691394203392573,0.8310342319581493,1.4103248486171867,1.2120731634806146,,,,,
B7_DISCRETIZATION_CONVERGENCE,192,0.04,winckelmans,fixed_sampled_reach,trefoil,3:1:1,discrete_axial_tubes,numerical_discretization,0.5,0.2378112887995723,0.1978112887995723,0.09890564439978615,91,0.004636768127525125,0.005494505494505495,0.5,16.269641295175038,8.134820647587519,0.7723815409554163,8.134820647587519,1.2946969172295668,True,FAIL_RELATIVE_EQUILIBRIUM_GATE,0.2792178290049381,0.27434245992669476,0.24715854833824843,-0.12971139732870962,0.19631410583029682,0.06728497055214626,0.2077586141530809,1.4103248486171867,1.2120731634806146,,,,,
B7_DISCRETIZATION_CONVERGENCE,192,0.04,winckelmans,fixed_sampled_reach,trefoil,3:1:1,discrete_axial_tubes,numerical_discretization,0.5,0.2378112887995723,0.1978112887995723,0.09890564439978615,91,0.004636768127525125,0.01098901098901099,1.0,32.539282590350076,16.269641295175038,0.38619077047770817,16.269641295175038,2.5893938344591336,True,FAIL_RELATIVE_EQUILIBRIUM_GATE,0.33638465457457284,0.3151032247976109,0.24715854833824843,-0.3610075671516495,0.23650729222120212,0.13456994110429252,0.4155172283061618,1.4103248486171867,1.2120731634806146,,,,,
B7_DISCRETIZATION_CONVERGENCE,192,0.04,winckelmans,fixed_sampled_reach,trefoil,3:1:1,discrete_axial_tubes,numerical_discretization,0.5,0.2378112887995723,0.1978112887995723,0.09890564439978615,91,0.004636768127525125,0.02197802197802198,2.0,65.07856518070015,32.539282590350076,0.19309538523885408,32.539282590350076,5.178787668918267,True,FAIL_RELATIVE_EQUILIBRIUM_GATE,0.48835344861656543,0.39213356297356816,0.24715854833824843,-0.975871164076551,0.34335440160093544,0.26913988220858504,0.8310344566123236,1.4103248486171867,1.2120731634806146,,,,,
B7_DISCRETIZATION_CONVERGENCE,192,0.04,winckelmans,fixed_sampled_reach,trefoil,3:1:1,discrete_axial_tubes,numerical_discretization,0.75,0.2378112887995723,0.1978112887995723,0.14835846659967922,1,0.06634792327090296,0.5,0.5,7.230951686744461,3.6154758433722307,1.7378584671496868,3.6154758433722307,0.5754208521020296,True,FAIL_RELATIVE_EQUILIBRIUM_GATE,0.27921934727449654,0.2743438264050824,0.24715854833824843,-0.12971754022592563,0.1963151733041463,0.0672860155494536,0.20775912220137682,1.4103248486171867,1.2120731634806146,,,,,
B7_DISCRETIZATION_CONVERGENCE,192,0.04,winckelmans,fixed_sampled_reach,trefoil,3:1:1,discrete_axial_tubes,numerical_discretization,0.75,0.2378112887995723,0.1978112887995723,0.14835846659967922,1,0.06634792327090296,1.0,1.0,14.461903373488923,7.230951686744461,0.8689292335748434,7.230951686744461,1.1508417042040593,True,FAIL_RELATIVE_EQUILIBRIUM_GATE,0.3363880207545395,0.31510599993718996,0.24715854833824843,-0.36102118666830907,0.23650965893471954,0.1345720310989072,0.41551824440275364,1.4103248486171867,1.2120731634806146,,,,,
B7_DISCRETIZATION_CONVERGENCE,192,0.04,winckelmans,fixed_sampled_reach,trefoil,3:1:1,discrete_axial_tubes,numerical_discretization,0.75,0.2378112887995723,0.1978112887995723,0.14835846659967922,1,0.06634792327090296,2.0,2.0,28.923806746977846,14.461903373488923,0.4344646167874217,14.461903373488923,2.3016834084081186,True,FAIL_RELATIVE_EQUILIBRIUM_GATE,0.48836041603899755,0.3921380400570328,0.24715854833824843,-0.9758993541694243,0.34335930029708817,0.2691440621978144,0.8310364888055073,1.4103248486171867,1.2120731634806146,,,,,
B7_DISCRETIZATION_CONVERGENCE,192,0.04,winckelmans,fixed_sampled_reach,trefoil,3:1:1,discrete_axial_tubes,numerical_discretization,0.75,0.2378112887995723,0.1978112887995723,0.14835846659967922,7,0.025077157854343484,0.07142857142857142,0.5,7.230951686744461,3.6154758433722307,1.7378584671496868,3.6154758433722307,0.5754208521020296,True,FAIL_RELATIVE_EQUILIBRIUM_GATE,0.279123523245478,0.27425765879906283,0.24715854833824843,-0.1293298375562717,0.19624780078484527,0.06722980058035444,0.20773126448844514,1.4103248486171867,1.2120731634806146,,,,,
B7_DISCRETIZATION_CONVERGENCE,192,0.04,winckelmans,fixed_sampled_reach,trefoil,3:1:1,discrete_axial_tubes,numerical_discretization,0.75,0.2378112887995723,0.1978112887995723,0.14835846659967922,7,0.025077157854343484,0.14285714285714285,1.0,14.461903373488923,7.230951686744461,0.8689292335748434,7.230951686744461,1.1508417042040593,True,FAIL_RELATIVE_EQUILIBRIUM_GATE,0.33618343358270625,0.3149378113983086,0.24715854833824843,-0.3601934298571092,0.2363658165882407,0.13445960116070887,0.4154625289768903,1.4103248486171867,1.2120731634806146,,,,,
B7_DISCRETIZATION_CONVERGENCE,192,0.04,winckelmans,fixed_sampled_reach,trefoil,3:1:1,discrete_axial_tubes,numerical_discretization,0.75,0.2378112887995723,0.1978112887995723,0.14835846659967922,7,0.025077157854343484,0.2857142857142857,2.0,28.923806746977846,14.461903373488923,0.4344646167874217,14.461903373488923,2.3016834084081186,True,FAIL_RELATIVE_EQUILIBRIUM_GATE,0.48795319479536853,0.39187877951163363,0.24715854833824843,-0.9742517427622246,0.3430729888011388,0.26891920232141775,0.8309250579537806,1.4103248486171867,1.2120731634806146,,,,,
B7_DISCRETIZATION_CONVERGENCE,192,0.04,winckelmans,fixed_sampled_reach,trefoil,3:1:1,discrete_axial_tubes,numerical_discretization,0.75,0.2378112887995723,0.1978112887995723,0.14835846659967922,19,0.015221257507981926,0.02631578947368421,0.5,7.230951686744461,3.6154758433722307,1.7378584671496868,3.6154758433722307,0.5754208521020296,True,FAIL_RELATIVE_EQUILIBRIUM_GATE,0.27917820638313173,0.27430682729215616,0.24715854833824843,-0.12955108475982335,0.1962862477253961,0.06725877239444486,0.20774578504853394,1.4103248486171867,1.2120731634806146,,,,,
B7_DISCRETIZATION_CONVERGENCE,192,0.04,winckelmans,fixed_sampled_reach,trefoil,3:1:1,discrete_axial_tubes,numerical_discretization,0.75,0.2378112887995723,0.1978112887995723,0.14835846659967922,19,0.015221257507981926,0.05263157894736842,1.0,14.461903373488923,7.230951686744461,0.8689292335748434,7.230951686744461,1.1508417042040593,True,FAIL_RELATIVE_EQUILIBRIUM_GATE,0.33629767273021294,0.3150316069806011,0.24715854833824843,-0.3606556398363907,0.23644613651685525,0.13451754478888972,0.4154915700970679,1.4103248486171867,1.2120731634806146,,,,,
B7_DISCRETIZATION_CONVERGENCE,192,0.04,winckelmans,fixed_sampled_reach,trefoil,3:1:1,discrete_axial_tubes,numerical_discretization,0.75,0.2378112887995723,0.1978112887995723,0.14835846659967922,19,0.015221257507981926,0.10526315789473684,2.0,28.923806746977846,14.461903373488923,0.4344646167874217,14.461903373488923,2.3016834084081186,True,FAIL_RELATIVE_EQUILIBRIUM_GATE,0.4881751988765256,0.3920193495842786,0.24715854833824843,-0.9751499681428546,0.34322907673018815,0.26903508957777944,0.8309831401941358,1.4103248486171867,1.2120731634806146,,,,,
B7_DISCRETIZATION_CONVERGENCE,192,0.04,winckelmans,fixed_sampled_reach,trefoil,3:1:1,discrete_axial_tubes,numerical_discretization,0.75,0.2378112887995723,0.1978112887995723,0.14835846659967922,37,0.010907531395549995,0.013513513513513514,0.5,7.230951686744461,3.6154758433722307,1.7378584671496868,3.6154758433722307,0.5754208521020296,True,FAIL_RELATIVE_EQUILIBRIUM_GATE,0.2791928672419008,0.27432000670837386,0.24715854833824843,-0.12961040238758748,0.19629655556780792,0.06726829145564578,0.2077504627694468,1.4103248486171867,1.2120731634806146,,,,,
B7_DISCRETIZATION_CONVERGENCE,192,0.04,winckelmans,fixed_sampled_reach,trefoil,3:1:1,discrete_axial_tubes,numerical_discretization,0.75,0.2378112887995723,0.1978112887995723,0.14835846659967922,37,0.010907531395549995,0.02702702702702703,1.0,14.461903373488923,7.230951686744461,0.8689292335748434,7.230951686744461,1.1508417042040593,True,FAIL_RELATIVE_EQUILIBRIUM_GATE,0.3363297163855757,0.3150579749143931,0.24715854833824843,-0.36078528801396015,0.23646866595765956,0.13453658291129156,0.4155009255388936,1.4103248486171867,1.2120731634806146,,,,,
B7_DISCRETIZATION_CONVERGENCE,192,0.04,winckelmans,fixed_sampled_reach,trefoil,3:1:1,discrete_axial_tubes,numerical_discretization,0.75,0.2378112887995723,0.1978112887995723,0.14835846659967922,37,0.010907531395549995,0.05405405405405406,2.0,28.923806746977846,14.461903373488923,0.4344646167874217,14.461903373488923,2.3016834084081186,True,FAIL_RELATIVE_EQUILIBRIUM_GATE,0.4882405716898097,0.3920611828944958,0.24715854833824843,-0.9754144656232115,0.3432750394304613,0.2690731658225831,0.8310018510777872,1.4103248486171867,1.2120731634806146,,,,,
B7_DISCRETIZATION_CONVERGENCE,192,0.04,winckelmans,fixed_sampled_reach,trefoil,3:1:1,discrete_axial_tubes,numerical_discretization,0.75,0.2378112887995723,0.1978112887995723,0.14835846659967922,61,0.008494981085633598,0.00819672131147541,0.5,7.230951686744461,3.6154758433722307,1.7378584671496868,3.6154758433722307,0.5754208521020296,True,FAIL_RELATIVE_EQUILIBRIUM_GATE,0.2791978692091014,0.2743245042394823,0.24715854833824843,-0.1296306402763201,0.19630007238019015,0.06727157958167705,0.20775207503667692,1.4103248486171867,1.2120731634806146,,,,,
B7_DISCRETIZATION_CONVERGENCE,192,0.04,winckelmans,fixed_sampled_reach,trefoil,3:1:1,discrete_axial_tubes,numerical_discretization,0.75,0.2378112887995723,0.1978112887995723,0.14835846659967922,61,0.008494981085633598,0.01639344262295082,1.0,14.461903373488923,7.230951686744461,0.8689292335748434,7.230951686744461,1.1508417042040593,True,FAIL_RELATIVE_EQUILIBRIUM_GATE,0.33634068154511565,0.31506700111358793,0.24715854833824843,-0.3608296528947772,0.23647637540622182,0.1345431591633541,0.41550415007335384,1.4103248486171867,1.2120731634806146,,,,,
B7_DISCRETIZATION_CONVERGENCE,192,0.04,winckelmans,fixed_sampled_reach,trefoil,3:1:1,discrete_axial_tubes,numerical_discretization,0.75,0.2378112887995723,0.1978112887995723,0.14835846659967922,61,0.008494981085633598,0.03278688524590164,2.0,28.923806746977846,14.461903373488923,0.4344646167874217,14.461903373488923,2.3016834084081186,True,FAIL_RELATIVE_EQUILIBRIUM_GATE,0.4882630101248591,0.3920755534954028,0.24715854833824843,-0.9755052512148905,0.34329081557673624,0.2690863183267082,0.8310083001467077,1.4103248486171867,1.2120731634806146,,,,,
B7_DISCRETIZATION_CONVERGENCE,192,0.04,winckelmans,fixed_sampled_reach,trefoil,3:1:1,discrete_axial_tubes,numerical_discretization,0.75,0.2378112887995723,0.1978112887995723,0.14835846659967922,91,0.006955152191287688,0.005494505494505495,0.5,7.230951686744461,3.6154758433722307,1.7378584671496868,3.6154758433722307,0.5754208521020296,True,FAIL_RELATIVE_EQUILIBRIUM_GATE,0.27920027432832684,0.2743266670594052,0.24715854833824843,-0.12964037135477802,0.19630176338549535,0.06727316829292343,0.20775285328580212,1.4103248486171867,1.2120731634806146,,,,,
B7_DISCRETIZATION_CONVERGENCE,192,0.04,winckelmans,fixed_sampled_reach,trefoil,3:1:1,discrete_axial_tubes,numerical_discretization,0.75,0.2378112887995723,0.1978112887995723,0.14835846659967922,91,0.006955152191287688,0.01098901098901099,1.0,14.461903373488923,7.230951686744461,0.8689292335748434,7.230951686744461,1.1508417042040593,True,FAIL_RELATIVE_EQUILIBRIUM_GATE,0.3363459601496641,0.3150713470438249,0.24715854833824843,-0.36085101005431697,0.2364800867184101,0.13454633658584686,0.41550570657160424,1.4103248486171867,1.2120731634806146,,,,,
B7_DISCRETIZATION_CONVERGENCE,192,0.04,winckelmans,fixed_sampled_reach,trefoil,3:1:1,discrete_axial_tubes,numerical_discretization,0.75,0.2378112887995723,0.1978112887995723,0.14835846659967922,91,0.006955152191287688,0.02197802197802198,2.0,28.923806746977846,14.461903373488923,0.4344646167874217,14.461903373488923,2.3016834084081186,True,FAIL_RELATIVE_EQUILIBRIUM_GATE,0.4882738248400214,0.3920824821747785,0.24715854833824843,-0.9755490073998778,0.34329841924998467,0.2690926731716937,0.8310114131432085,1.4103248486171867,1.2120731634806146,,,,,
B7_DISCRETIZATION_CONVERGENCE,192,0.04,winckelmans,fixed_sampled_reach,trefoil,3:1:1,discrete_axial_tubes,numerical_discretization,1.0,0.2378112887995723,0.1978112887995723,0.1978112887995723,1,0.08846389769453729,0.5,0.5,4.0674103237937596,2.0337051618968798,3.0895261638216653,2.0337051618968798,0.3236742293073917,True,FAIL_RELATIVE_EQUILIBRIUM_GATE,0.27921934727449654,0.2743438264050824,0.24715854833824843,-0.12971754022592563,0.1963151733041463,0.0672860155494536,0.20775912220137682,1.4103248486171867,1.2120731634806146,,,,,
B7_DISCRETIZATION_CONVERGENCE,192,0.04,winckelmans,fixed_sampled_reach,trefoil,3:1:1,discrete_axial_tubes,numerical_discretization,1.0,0.2378112887995723,0.1978112887995723,0.1978112887995723,1,0.08846389769453729,1.0,1.0,8.134820647587519,4.0674103237937596,1.5447630819108327,4.0674103237937596,0.6473484586147834,True,FAIL_RELATIVE_EQUILIBRIUM_GATE,0.3363880207545395,0.31510599993718996,0.24715854833824843,-0.36102118666830907,0.23650965893471954,0.1345720310989072,0.41551824440275364,1.4103248486171867,1.2120731634806146,,,,,
B7_DISCRETIZATION_CONVERGENCE,192,0.04,winckelmans,fixed_sampled_reach,trefoil,3:1:1,discrete_axial_tubes,numerical_discretization,1.0,0.2378112887995723,0.1978112887995723,0.1978112887995723,1,0.08846389769453729,2.0,2.0,16.269641295175038,8.134820647587519,0.7723815409554163,8.134820647587519,1.2946969172295668,True,FAIL_RELATIVE_EQUILIBRIUM_GATE,0.48836041603899755,0.3921380400570328,0.24715854833824843,-0.9758993541694243,0.34335930029708817,0.2691440621978144,0.8310364888055073,1.4103248486171867,1.2120731634806146,,,,,
B7_DISCRETIZATION_CONVERGENCE,192,0.04,winckelmans,fixed_sampled_reach,trefoil,3:1:1,discrete_axial_tubes,numerical_discretization,1.0,0.2378112887995723,0.1978112887995723,0.1978112887995723,7,0.03343621047245798,0.07142857142857142,0.5,4.0674103237937596,2.0337051618968798,3.0895261638216653,2.0337051618968798,0.3236742293073917,True,FAIL_RELATIVE_EQUILIBRIUM_GATE,0.27865555607394094,0.2738388517634467,0.24715854833824843,-0.12743644898167683,0.1959187796862799,0.06720729822923413,0.20770396406160313,1.4103248486171867,1.2120731634806146,,,,,
B7_DISCRETIZATION_CONVERGENCE,192,0.04,winckelmans,fixed_sampled_reach,trefoil,3:1:1,discrete_axial_tubes,numerical_discretization,1.0,0.2378112887995723,0.1978112887995723,0.1978112887995723,7,0.03343621047245798,0.14285714285714285,1.0,8.134820647587519,4.0674103237937596,1.5447630819108327,4.0674103237937596,0.6473484586147834,True,FAIL_RELATIVE_EQUILIBRIUM_GATE,0.3353878605649384,0.31429678103215036,0.24715854833824843,-0.35697455265008227,0.23580646045341797,0.13441459645846826,0.41540792812320626,1.4103248486171867,1.2120731634806146,,,,,
B7_DISCRETIZATION_CONVERGENCE,192,0.04,winckelmans,fixed_sampled_reach,trefoil,3:1:1,discrete_axial_tubes,numerical_discretization,1.0,0.2378112887995723,0.1978112887995723,0.1978112887995723,7,0.03343621047245798,0.2857142857142857,2.0,16.269641295175038,8.134820647587519,0.7723815409554163,8.134820647587519,1.2946969172295668,True,FAIL_RELATIVE_EQUILIBRIUM_GATE,0.4868067323784178,0.3912172841821991,0.24715854833824843,-0.9696131719959742,0.34226692729334107,0.2688291929169365,0.8308158562464125,1.4103248486171867,1.2120731634806146,,,,,
B7_DISCRETIZATION_CONVERGENCE,192,0.04,winckelmans,fixed_sampled_reach,trefoil,3:1:1,discrete_axial_tubes,numerical_discretization,1.0,0.2378112887995723,0.1978112887995723,0.1978112887995723,19,0.02029501001064257,0.02631578947368421,0.5,4.0674103237937596,2.0337051618968798,3.0895261638216653,2.0337051618968798,0.3236742293073917,True,FAIL_RELATIVE_EQUILIBRIUM_GATE,0.2787812221294746,0.2739503587702745,0.24715854833824843,-0.12794489206964021,0.19600713371228617,0.06702007189664157,0.2076269422442805,1.4103248486171867,1.2120731634806146,,,,,
B7_DISCRETIZATION_CONVERGENCE,192,0.04,winckelmans,fixed_sampled_reach,trefoil,3:1:1,discrete_axial_tubes,numerical_discretization,1.0,0.2378112887995723,0.1978112887995723,0.1978112887995723,19,0.02029501001064257,0.05263157894736842,1.0,8.134820647587519,4.0674103237937596,1.5447630819108327,4.0674103237937596,0.6473484586147834,True,FAIL_RELATIVE_EQUILIBRIUM_GATE,0.33544514024351707,0.3143313894226865,0.24715854833824843,-0.3572063054215877,0.23584673298516312,0.13404014379328313,0.415253884488561,1.4103248486171867,1.2120731634806146,,,,,
B7_DISCRETIZATION_CONVERGENCE,192,0.04,winckelmans,fixed_sampled_reach,trefoil,3:1:1,discrete_axial_tubes,numerical_discretization,1.0,0.2378112887995723,0.1978112887995723,0.1978112887995723,19,0.02029501001064257,0.10526315789473684,2.0,16.269641295175038,8.134820647587519,0.7723815409554163,8.134820647587519,1.2946969172295668,True,FAIL_RELATIVE_EQUILIBRIUM_GATE,0.4864678182901108,0.39093178434991155,0.24715854833824843,-0.9682419303756229,0.3420286415920434,0.26808028758656627,0.830507768977122,1.4103248486171867,1.2120731634806146,,,,,
B7_DISCRETIZATION_CONVERGENCE,192,0.04,winckelmans,fixed_sampled_reach,trefoil,3:1:1,discrete_axial_tubes,numerical_discretization,1.0,0.2378112887995723,0.1978112887995723,0.1978112887995723,37,0.014543375194066661,0.013513513513513514,0.5,4.0674103237937596,2.0337051618968798,3.0895261638216653,2.0337051618968798,0.3236742293073917,True,FAIL_RELATIVE_EQUILIBRIUM_GATE,0.27898042235251247,0.2741291687213605,0.24715854833824843,-0.12875085336200565,0.19614718857126937,0.06713732719465432,0.20768557558952686,1.4103248486171867,1.2120731634806146,,,,,
B7_DISCRETIZATION_CONVERGENCE,192,0.04,winckelmans,fixed_sampled_reach,trefoil,3:1:1,discrete_axial_tubes,numerical_discretization,1.0,0.2378112887995723,0.1978112887995723,0.1978112887995723,37,0.014543375194066661,0.02702702702702703,1.0,8.134820647587519,4.0674103237937596,1.5447630819108327,4.0674103237937596,0.6473484586147834,True,FAIL_RELATIVE_EQUILIBRIUM_GATE,0.3358709559158704,0.31468098574870296,0.24715854833824843,-0.35892914962510125,0.23614611796091656,0.13427465438930863,0.4153711511790537,1.4103248486171867,1.2120731634806146,,,,,
B7_DISCRETIZATION_CONVERGENCE,192,0.04,winckelmans,fixed_sampled_reach,trefoil,3:1:1,discrete_axial_tubes,numerical_discretization,1.0,0.2378112887995723,0.1978112887995723,0.1978112887995723,37,0.014543375194066661,0.05405405405405406,2.0,16.269641295175038,8.134820647587519,0.7723815409554163,8.134820647587519,1.2946969172295668,True,FAIL_RELATIVE_EQUILIBRIUM_GATE,0.48731635491656156,0.3914718197571271,0.24715854833824843,-0.9716750975962423,0.34262523569092157,0.26854930877861727,0.8307423023581074,1.4103248486171867,1.2120731634806146,,,,,
B7_DISCRETIZATION_CONVERGENCE,192,0.04,winckelmans,fixed_sampled_reach,trefoil,3:1:1,discrete_axial_tubes,numerical_discretization,1.0,0.2378112887995723,0.1978112887995723,0.1978112887995723,61,0.011326641447511464,0.00819672131147541,0.5,4.0674103237937596,2.0337051618968798,3.0895261638216653,2.0337051618968798,0.3236742293073917,True,FAIL_RELATIVE_EQUILIBRIUM_GATE,0.2790394906076518,0.27418220757366857,0.24715854833824843,-0.128989842689045,0.19618871862589363,0.06717322633893287,0.20770339819456296,1.4103248486171867,1.2120731634806146,,,,,
B7_DISCRETIZATION_CONVERGENCE,192,0.04,winckelmans,fixed_sampled_reach,trefoil,3:1:1,discrete_axial_tubes,numerical_discretization,1.0,0.2378112887995723,0.1978112887995723,0.1978112887995723,61,0.011326641447511464,0.01639344262295082,1.0,8.134820647587519,4.0674103237937596,1.5447630819108327,4.0674103237937596,0.6473484586147834,True,FAIL_RELATIVE_EQUILIBRIUM_GATE,0.33599810909857614,0.31478542841549845,0.24715854833824843,-0.3594436096086244,0.23623551756500097,0.13434645267786574,0.4154067963891259,1.4103248486171867,1.2120731634806146,,,,,
B7_DISCRETIZATION_CONVERGENCE,192,0.04,winckelmans,fixed_sampled_reach,trefoil,3:1:1,discrete_axial_tubes,numerical_discretization,1.0,0.2378112887995723,0.1978112887995723,0.1978112887995723,61,0.011326641447511464,0.03278688524590164,2.0,16.269641295175038,8.134820647587519,0.7723815409554163,8.134820647587519,1.2946969172295668,True,FAIL_RELATIVE_EQUILIBRIUM_GATE,0.4875716577163816,0.39163450738945194,0.24715854833824843,-0.9727080491228497,0.3428047354780278,0.2686929053557315,0.8308135927782518,1.4103248486171867,1.2120731634806146,,,,,
B7_DISCRETIZATION_CONVERGENCE,192,0.04,winckelmans,fixed_sampled_reach,trefoil,3:1:1,discrete_axial_tubes,numerical_discretization,1.0,0.2378112887995723,0.1978112887995723,0.1978112887995723,91,0.00927353625505025,0.005494505494505495,0.5,4.0674103237937596,2.0337051618968798,3.0895261638216653,2.0337051618968798,0.3236742293073917,True,FAIL_RELATIVE_EQUILIBRIUM_GATE,0.27906511411407653,0.27420522075908227,0.24715854833824843,-0.12909351503457778,0.19620673415079734,0.06718895602178725,0.20771121236001566,1.4103248486171867,1.2120731634806146,,,,,
B7_DISCRETIZATION_CONVERGENCE,192,0.04,winckelmans,fixed_sampled_reach,trefoil,3:1:1,discrete_axial_tubes,numerical_discretization,1.0,0.2378112887995723,0.1978112887995723,0.1978112887995723,91,0.00927353625505025,0.01098901098901099,1.0,8.134820647587519,4.0674103237937596,1.5447630819108327,4.0674103237937596,0.6473484586147834,True,FAIL_RELATIVE_EQUILIBRIUM_GATE,0.33605339067090284,0.3148308393766118,0.24715854833824843,-0.3596672780704211,0.2362743852565051,0.1343779120435745,0.4154224247200313,1.4103248486171867,1.2120731634806146,,,,,
B7_DISCRETIZATION_CONVERGENCE,192,0.04,winckelmans,fixed_sampled_reach,trefoil,3:1:1,discrete_axial_tubes,numerical_discretization,1.0,0.2378112887995723,0.1978112887995723,0.1978112887995723,91,0.00927353625505025,0.02197802197802198,2.0,16.269641295175038,8.134820647587519,0.7723815409554163,8.134820647587519,1.2946969172295668,True,FAIL_RELATIVE_EQUILIBRIUM_GATE,0.48768291851822454,0.3917053922607244,0.24715854833824843,-0.9731582087575901,0.3428829613739371,0.268755824087149,0.8308448494400626,1.4103248486171867,1.2120731634806146,,,,,
B7_DISCRETIZATION_CONVERGENCE,192,0.04,winckelmans,fixed_sampled_reach,trefoil,3:1:1,continuum_rankine,continuum,0.5,0.2378112887995723,0.1978112887995723,0.09890564439978615,0,0.0,0.0,0.5,16.269641295175038,8.134820647587519,0.7723815409554163,8.134820647587519,1.2946969172295668,True,FAIL_RELATIVE_EQUILIBRIUM_GATE,0.27921934727449654,0.2743438264050824,0.24715854833824843,-0.12971754022592563,0.1963151733041463,0.0672860155494536,0.20775912220137682,1.4103248486171867,1.2120731634806146,,,,,
B7_DISCRETIZATION_CONVERGENCE,192,0.04,winckelmans,fixed_sampled_reach,trefoil,3:1:1,continuum_rankine,continuum,0.5,0.2378112887995723,0.1978112887995723,0.09890564439978615,0,0.0,0.0,1.0,32.539282590350076,16.269641295175038,0.38619077047770817,16.269641295175038,2.5893938344591336,True,FAIL_RELATIVE_EQUILIBRIUM_GATE,0.3363880207545395,0.31510599993718996,0.24715854833824843,-0.36102118666830907,0.23650965893471954,0.1345720310989072,0.41551824440275364,1.4103248486171867,1.2120731634806146,,,,,
B7_DISCRETIZATION_CONVERGENCE,192,0.04,winckelmans,fixed_sampled_reach,trefoil,3:1:1,continuum_rankine,continuum,0.5,0.2378112887995723,0.1978112887995723,0.09890564439978615,0,0.0,0.0,2.0,65.07856518070015,32.539282590350076,0.19309538523885408,32.539282590350076,5.178787668918267,True,FAIL_RELATIVE_EQUILIBRIUM_GATE,0.48836041603899755,0.3921380400570328,0.24715854833824843,-0.9758993541694243,0.34335930029708817,0.2691440621978144,0.8310364888055073,1.4103248486171867,1.2120731634806146,,,,,
B7_DISCRETIZATION_CONVERGENCE,192,0.04,winckelmans,fixed_sampled_reach,trefoil,3:1:1,continuum_rankine,continuum,0.75,0.2378112887995723,0.1978112887995723,0.14835846659967922,0,0.0,0.0,0.5,7.230951686744461,3.6154758433722307,1.7378584671496868,3.6154758433722307,0.5754208521020296,True,FAIL_RELATIVE_EQUILIBRIUM_GATE,0.27921934727449654,0.2743438264050824,0.24715854833824843,-0.12971754022592563,0.1963151733041463,0.0672860155494536,0.20775912220137682,1.4103248486171867,1.2120731634806146,,,,,
B7_DISCRETIZATION_CONVERGENCE,192,0.04,winckelmans,fixed_sampled_reach,trefoil,3:1:1,continuum_rankine,continuum,0.75,0.2378112887995723,0.1978112887995723,0.14835846659967922,0,0.0,0.0,1.0,14.461903373488923,7.230951686744461,0.8689292335748434,7.230951686744461,1.1508417042040593,True,FAIL_RELATIVE_EQUILIBRIUM_GATE,0.3363880207545395,0.31510599993718996,0.24715854833824843,-0.36102118666830907,0.23650965893471954,0.1345720310989072,0.41551824440275364,1.4103248486171867,1.2120731634806146,,,,,
B7_DISCRETIZATION_CONVERGENCE,192,0.04,winckelmans,fixed_sampled_reach,trefoil,3:1:1,continuum_rankine,continuum,0.75,0.2378112887995723,0.1978112887995723,0.14835846659967922,0,0.0,0.0,2.0,28.923806746977846,14.461903373488923,0.4344646167874217,14.461903373488923,2.3016834084081186,True,FAIL_RELATIVE_EQUILIBRIUM_GATE,0.48836041603899755,0.3921380400570328,0.24715854833824843,-0.9758993541694243,0.34335930029708817,0.2691440621978144,0.8310364888055073,1.4103248486171867,1.2120731634806146,,,,,
B7_DISCRETIZATION_CONVERGENCE,192,0.04,winckelmans,fixed_sampled_reach,trefoil,3:1:1,continuum_rankine,continuum,1.0,0.2378112887995723,0.1978112887995723,0.1978112887995723,0,0.0,0.0,0.5,4.0674103237937596,2.0337051618968798,3.0895261638216653,2.0337051618968798,0.3236742293073917,True,FAIL_RELATIVE_EQUILIBRIUM_GATE,0.27921934727449654,0.2743438264050824,0.24715854833824843,-0.12971754022592563,0.1963151733041463,0.0672860155494536,0.20775912220137682,1.4103248486171867,1.2120731634806146,,,,,
B7_DISCRETIZATION_CONVERGENCE,192,0.04,winckelmans,fixed_sampled_reach,trefoil,3:1:1,continuum_rankine,continuum,1.0,0.2378112887995723,0.1978112887995723,0.1978112887995723,0,0.0,0.0,1.0,8.134820647587519,4.0674103237937596,1.5447630819108327,4.0674103237937596,0.6473484586147834,True,FAIL_RELATIVE_EQUILIBRIUM_GATE,0.3363880207545395,0.31510599993718996,0.24715854833824843,-0.36102118666830907,0.23650965893471954,0.1345720310989072,0.41551824440275364,1.4103248486171867,1.2120731634806146,,,,,
B7_DISCRETIZATION_CONVERGENCE,192,0.04,winckelmans,fixed_sampled_reach,trefoil,3:1:1,continuum_rankine,continuum,1.0,0.2378112887995723,0.1978112887995723,0.1978112887995723,0,0.0,0.0,2.0,16.269641295175038,8.134820647587519,0.7723815409554163,8.134820647587519,1.2946969172295668,True,FAIL_RELATIVE_EQUILIBRIUM_GATE,0.48836041603899755,0.3921380400570328,0.24715854833824843,-0.9758993541694243,0.34335930029708817,0.2691440621978144,0.8310364888055073,1.4103248486171867,1.2120731634806146,,,,,
B7_DISCRETIZATION_CONVERGENCE,192,0.05,rosenhead,fixed_sampled_reach,trefoil,3:1:1,discrete_axial_tubes,numerical_discretization,0.5,0.2378112887995723,0.18781128879957232,0.09390564439978616,1,0.041995880869768853,0.5,0.5,18.048318115341118,9.024159057670559,0.6962626951747778,9.024159057670559,1.4362395212757697,True,FAIL_RELATIVE_EQUILIBRIUM_GATE,0.261245125434991,0.2588823580149251,0.23270637960084892,-0.12263843339015179,0.16211652139003854,0.0672860155494536,0.20775912220137682,1.2951135132325804,1.2120731634806146,,,,,
B7_DISCRETIZATION_CONVERGENCE,192,0.05,rosenhead,fixed_sampled_reach,trefoil,3:1:1,discrete_axial_tubes,numerical_discretization,0.5,0.2378112887995723,0.18781128879957232,0.09390564439978616,1,0.041995880869768853,1.0,1.0,36.096636230682236,18.048318115341118,0.3481313475873889,18.048318115341118,2.8724790425515394,True,FAIL_RELATIVE_EQUILIBRIUM_GATE,0.32536056654895973,0.3069078246130915,0.23270637960084892,-0.39815920434599383,0.201903569142518,0.1345720310989072,0.41551824440275364,1.2951135132325804,1.2120731634806146,,,,,
B7_DISCRETIZATION_CONVERGENCE,192,0.05,rosenhead,fixed_sampled_reach,trefoil,3:1:1,discrete_axial_tubes,numerical_discretization,0.5,0.2378112887995723,0.18781128879957232,0.09390564439978616,1,0.041995880869768853,2.0,2.0,72.19327246136447,36.096636230682236,0.17406567379369445,36.096636230682236,5.744958085103079,True,FAIL_RELATIVE_EQUILIBRIUM_GATE,0.5016190211732505,0.39700021344355246,0.23270637960084892,-1.155587749822999,0.3112813325809577,0.2691440621978144,0.8310364888055073,1.2951135132325804,1.2120731634806146,,,,,
B7_DISCRETIZATION_CONVERGENCE,192,0.05,rosenhead,fixed_sampled_reach,trefoil,3:1:1,discrete_axial_tubes,numerical_discretization,0.5,0.2378112887995723,0.18781128879957232,0.09390564439978616,7,0.015872950981500475,0.07142857142857142,0.5,18.048318115341118,9.024159057670559,0.6962626951747778,9.024159057670559,1.4362395212757697,True,FAIL_RELATIVE_EQUILIBRIUM_GATE,0.26123846669288936,0.2588762394943053,0.23270637960084892,-0.12260981903882606,0.1621123892857378,0.06728184996074021,0.20775709557548475,1.2951135132325804,1.2120731634806146,,,,,
B7_DISCRETIZATION_CONVERGENCE,192,0.05,rosenhead,fixed_sampled_reach,trefoil,3:1:1,discrete_axial_tubes,numerical_discretization,0.5,0.2378112887995723,0.18781128879957232,0.09390564439978616,7,0.015872950981500475,0.14285714285714285,1.0,36.096636230682236,18.048318115341118,0.3481313475873889,18.048318115341118,2.8724790425515394,True,FAIL_RELATIVE_EQUILIBRIUM_GATE,0.32534539919979377,0.30689513957638437,0.23270637960084892,-0.3980940262911765,0.20189415699413282,0.13456369992148043,0.4155141911509695,1.2951135132325804,1.2120731634806146,,,,,
B7_DISCRETIZATION_CONVERGENCE,192,0.05,rosenhead,fixed_sampled_reach,trefoil,3:1:1,discrete_axial_tubes,numerical_discretization,0.5,0.2378112887995723,0.18781128879957232,0.09390564439978616,7,0.015872950981500475,0.2857142857142857,2.0,72.19327246136447,36.096636230682236,0.17406567379369445,36.096636230682236,5.744958085103079,True,FAIL_RELATIVE_EQUILIBRIUM_GATE,0.501587737253641,0.3969805606162942,0.23270637960084892,-1.1554533146619899,0.31126191924180324,0.26912739984296086,0.831028382301939,1.2951135132325804,1.2120731634806146,,,,,
B7_DISCRETIZATION_CONVERGENCE,192,0.05,rosenhead,fixed_sampled_reach,trefoil,3:1:1,discrete_axial_tubes,numerical_discretization,0.5,0.2378112887995723,0.18781128879957232,0.09390564439978616,19,0.009634515829278708,0.02631578947368421,0.5,18.048318115341118,9.024159057670559,0.6962626951747778,9.024159057670559,1.4362395212757697,True,FAIL_RELATIVE_EQUILIBRIUM_GATE,0.2612427763791674,0.25888019955674657,0.23270637960084892,-0.12262833888467384,0.16211506367572504,0.06728453793526468,0.20775840369738496,1.2951135132325804,1.2120731634806146,,,,,
B7_DISCRETIZATION_CONVERGENCE,192,0.05,rosenhead,fixed_sampled_reach,trefoil,3:1:1,discrete_axial_tubes,numerical_discretization,0.5,0.2378112887995723,0.18781128879957232,0.09390564439978616,19,0.009634515829278708,0.05263157894736842,1.0,36.096636230682236,18.048318115341118,0.3481313475873889,18.048318115341118,2.8724790425515394,True,FAIL_RELATIVE_EQUILIBRIUM_GATE,0.3253552071778765,0.30690334195439917,0.23270637960084892,-0.3981361737307938,0.20190024336717421,0.13456907587052935,0.4155168073947699,1.2951135132325804,1.2120731634806146,,,,,
B7_DISCRETIZATION_CONVERGENCE,192,0.05,rosenhead,fixed_sampled_reach,trefoil,3:1:1,discrete_axial_tubes,numerical_discretization,0.5,0.2378112887995723,0.18781128879957232,0.09390564439978616,19,0.009634515829278708,0.10526315789473684,2.0,72.19327246136447,36.096636230682236,0.17406567379369445,36.096636230682236,5.744958085103079,True,FAIL_RELATIVE_EQUILIBRIUM_GATE,0.5016079511580649,0.39699325631563254,0.23270637960084892,-1.1555401790808273,0.31127446304664347,0.2691381517410587,0.8310336147895399,1.2951135132325804,1.2120731634806146,,,,,
B7_DISCRETIZATION_CONVERGENCE,192,0.05,rosenhead,fixed_sampled_reach,trefoil,3:1:1,discrete_axial_tubes,numerical_discretization,0.5,0.2378112887995723,0.18781128879957232,0.09390564439978616,37,0.006904080285986427,0.013513513513513514,0.5,18.048318115341118,9.024159057670559,0.6962626951747778,9.024159057670559,1.4362395212757697,True,FAIL_RELATIVE_EQUILIBRIUM_GATE,0.26124351103785803,0.25888087457782594,0.23270637960084892,-0.12263149590465727,0.1621155195705906,0.06728499906821415,0.2077586280164772,1.2951135132325804,1.2120731634806146,,,,,
B7_DISCRETIZATION_CONVERGENCE,192,0.05,rosenhead,fixed_sampled_reach,trefoil,3:1:1,discrete_axial_tubes,numerical_discretization,0.5,0.2378112887995723,0.18781128879957232,0.09390564439978616,37,0.006904080285986427,0.02702702702702703,1.0,36.096636230682236,18.048318115341118,0.3481313475873889,18.048318115341118,2.8724790425515394,True,FAIL_RELATIVE_EQUILIBRIUM_GATE,0.325356882245323,0.3069047429068248,0.23270637960084892,-0.3981433719324474,0.20190128283578462,0.1345699981364283,0.4155172560329544,1.2951135132325804,1.2120731634806146,,,,,
B7_DISCRETIZATION_CONVERGENCE,192,0.05,rosenhead,fixed_sampled_reach,trefoil,3:1:1,discrete_axial_tubes,numerical_discretization,0.5,0.2378112887995723,0.18781128879957232,0.09390564439978616,37,0.006904080285986427,0.05405405405405406,2.0,72.19327246136447,36.096636230682236,0.17406567379369445,36.096636230682236,5.744958085103079,True,FAIL_RELATIVE_EQUILIBRIUM_GATE,0.5016114091526281,0.39699542917717306,0.23270637960084892,-1.1555550389852667,0.31127660891653725,0.2691399962728566,0.8310345120659088,1.2951135132325804,1.2120731634806146,,,,,
B7_DISCRETIZATION_CONVERGENCE,192,0.05,rosenhead,fixed_sampled_reach,trefoil,3:1:1,discrete_axial_tubes,numerical_discretization,0.5,0.2378112887995723,0.18781128879957232,0.09390564439978616,61,0.005377021556598798,0.00819672131147541,0.5,18.048318115341118,9.024159057670559,0.6962626951747778,9.024159057670559,1.4362395212757697,True,FAIL_RELATIVE_EQUILIBRIUM_GATE,0.261243779051273,0.2588811208402697,0.23270637960084892,-0.12263264762819581,0.1621156858871963,0.06728516751270061,0.20775870993806883,1.2951135132325804,1.2120731634806146,,,,,
B7_DISCRETIZATION_CONVERGENCE,192,0.05,rosenhead,fixed_sampled_reach,trefoil,3:1:1,discrete_axial_tubes,numerical_discretization,0.5,0.2378112887995723,0.18781128879957232,0.09390564439978616,61,0.005377021556598798,0.01639344262295082,1.0,36.096636230682236,18.048318115341118,0.3481313475873889,18.048318115341118,2.8724790425515394,True,FAIL_RELATIVE_EQUILIBRIUM_GATE,0.325357493565106,0.30690525420838216,0.23270637960084892,-0.3981459989329794,0.2019016621922856,0.13457033502540122,0.41551741987613766,1.2951135132325804,1.2120731634806146,,,,,
B7_DISCRETIZATION_CONVERGENCE,192,0.05,rosenhead,fixed_sampled_reach,trefoil,3:1:1,discrete_axial_tubes,numerical_discretization,0.5,0.2378112887995723,0.18781128879957232,0.09390564439978616,61,0.005377021556598798,0.03278688524590164,2.0,72.19327246136447,36.096636230682236,0.17406567379369445,36.096636230682236,5.744958085103079,True,FAIL_RELATIVE_EQUILIBRIUM_GATE,0.5016126715810602,0.3969962225162319,0.23270637960084892,-1.155560463969464,0.3112773923206507,0.26914067005080244,0.8310348397522753,1.2951135132325804,1.2120731634806146,,,,,
B7_DISCRETIZATION_CONVERGENCE,192,0.05,rosenhead,fixed_sampled_reach,trefoil,3:1:1,discrete_axial_tubes,numerical_discretization,0.5,0.2378112887995723,0.18781128879957232,0.09390564439978616,91,0.004402364512055878,0.005494505494505495,0.5,18.048318115341118,9.024159057670559,0.6962626951747778,9.024159057670559,1.4362395212757697,True,FAIL_RELATIVE_EQUILIBRIUM_GATE,0.26124391283050546,0.2588812437639181,0.23270637960084892,-0.12263322251244557,0.16211576890433876,0.0672852516367245,0.20775875084688383,1.2951135132325804,1.2120731634806146,,,,,
B7_DISCRETIZATION_CONVERGENCE,192,0.05,rosenhead,fixed_sampled_reach,trefoil,3:1:1,discrete_axial_tubes,numerical_discretization,0.5,0.2378112887995723,0.18781128879957232,0.09390564439978616,91,0.004402364512055878,0.01098901098901099,1.0,36.096636230682236,18.048318115341118,0.3481313475873889,18.048318115341118,2.8724790425515394,True,FAIL_RELATIVE_EQUILIBRIUM_GATE,0.3253577987541092,0.3069055094700248,0.23270637960084892,-0.3981473104097155,0.2019018515783248,0.134570503273449,0.41551750169376767,1.2951135132325804,1.2120731634806146,,,,,
B7_DISCRETIZATION_CONVERGENCE,192,0.05,rosenhead,fixed_sampled_reach,trefoil,3:1:1,discrete_axial_tubes,numerical_discretization,0.5,0.2378112887995723,0.18781128879957232,0.09390564439978616,91,0.004402364512055878,0.02197802197802198,2.0,72.19327246136447,36.096636230682236,0.17406567379369445,36.096636230682236,5.744958085103079,True,FAIL_RELATIVE_EQUILIBRIUM_GATE,0.5016133019105231,0.3969966186466951,0.23270637960084892,-1.1555631726595483,0.31127778347367113,0.269141006546898,0.8310350033875353,1.2951135132325804,1.2120731634806146,,,,,
B7_DISCRETIZATION_CONVERGENCE,192,0.05,rosenhead,fixed_sampled_reach,trefoil,3:1:1,discrete_axial_tubes,numerical_discretization,0.75,0.2378112887995723,0.18781128879957232,0.14085846659967924,1,0.06299382130465328,0.5,0.5,8.021474717929385,4.010737358964692,1.5665910641432501,4.010737358964692,0.6383286761225643,True,FAIL_RELATIVE_EQUILIBRIUM_GATE,0.261245125434991,0.2588823580149251,0.23270637960084892,-0.12263843339015179,0.16211652139003854,0.0672860155494536,0.20775912220137682,1.2951135132325804,1.2120731634806146,,,,,
B7_DISCRETIZATION_CONVERGENCE,192,0.05,rosenhead,fixed_sampled_reach,trefoil,3:1:1,discrete_axial_tubes,numerical_discretization,0.75,0.2378112887995723,0.18781128879957232,0.14085846659967924,1,0.06299382130465328,1.0,1.0,16.04294943585877,8.021474717929385,0.7832955320716251,8.021474717929385,1.2766573522451286,True,FAIL_RELATIVE_EQUILIBRIUM_GATE,0.32536056654895973,0.3069078246130915,0.23270637960084892,-0.39815920434599383,0.201903569142518,0.1345720310989072,0.41551824440275364,1.2951135132325804,1.2120731634806146,,,,,
B7_DISCRETIZATION_CONVERGENCE,192,0.05,rosenhead,fixed_sampled_reach,trefoil,3:1:1,discrete_axial_tubes,numerical_discretization,0.75,0.2378112887995723,0.18781128879957232,0.14085846659967924,1,0.06299382130465328,2.0,2.0,32.08589887171754,16.04294943585877,0.39164776603581253,16.04294943585877,2.553314704490257,True,FAIL_RELATIVE_EQUILIBRIUM_GATE,0.5016190211732505,0.39700021344355246,0.23270637960084892,-1.155587749822999,0.3112813325809577,0.2691440621978144,0.8310364888055073,1.2951135132325804,1.2120731634806146,,,,,
B7_DISCRETIZATION_CONVERGENCE,192,0.05,rosenhead,fixed_sampled_reach,trefoil,3:1:1,discrete_axial_tubes,numerical_discretization,0.75,0.2378112887995723,0.18781128879957232,0.14085846659967924,7,0.023809426472250712,0.07142857142857142,0.5,8.021474717929385,4.010737358964692,1.5665910641432501,4.010737358964692,0.6383286761225643,True,FAIL_RELATIVE_EQUILIBRIUM_GATE,0.2611695992982663,0.2588129959914048,0.23270637960084892,-0.12231387788439263,0.16206965339761395,0.06724304502218653,0.20773795059977276,1.2951135132325804,1.2120731634806146,,,,,
B7_DISCRETIZATION_CONVERGENCE,192,0.05,rosenhead,fixed_sampled_reach,trefoil,3:1:1,discrete_axial_tubes,numerical_discretization,0.75,0.2378112887995723,0.18781128879957232,0.14085846659967924,7,0.023809426472250712,0.14285714285714285,1.0,16.04294943585877,8.021474717929385,0.7832955320716251,8.021474717929385,1.2766573522451286,True,FAIL_RELATIVE_EQUILIBRIUM_GATE,0.32519311650052557,0.3067680716224634,0.23270637960084892,-0.39743962781903575,0.20179965746449702,0.13448609004437306,0.4154759011995455,1.2951135132325804,1.2120731634806146,,,,,
B7_DISCRETIZATION_CONVERGENCE,192,0.05,rosenhead,fixed_sampled_reach,trefoil,3:1:1,discrete_axial_tubes,numerical_discretization,0.75,0.2378112887995723,0.18781128879957232,0.14085846659967924,7,0.023809426472250712,0.2857142857142857,2.0,32.08589887171754,16.04294943585877,0.39164776603581253,16.04294943585877,2.553314704490257,True,FAIL_RELATIVE_EQUILIBRIUM_GATE,0.5012820350419647,0.3967900633616454,0.23270637960084892,-1.1541396325351796,0.3110722147294006,0.2689721800887461,0.830951802399091,1.2951135132325804,1.2120731634806146,,,,,
B7_DISCRETIZATION_CONVERGENCE,192,0.05,rosenhead,fixed_sampled_reach,trefoil,3:1:1,discrete_axial_tubes,numerical_discretization,0.75,0.2378112887995723,0.18781128879957232,0.14085846659967924,19,0.014451773743918062,0.02631578947368421,0.5,8.021474717929385,4.010737358964692,1.5665910641432501,4.010737358964692,0.6383286761225643,True,FAIL_RELATIVE_EQUILIBRIUM_GATE,0.26121395655563523,0.2588537329827586,0.23270637960084892,-0.12250449258711393,0.16209717943949165,0.06726695046827598,0.2077498044010297,1.2951135132325804,1.2120731634806146,,,,,
B7_DISCRETIZATION_CONVERGENCE,192,0.05,rosenhead,fixed_sampled_reach,trefoil,3:1:1,discrete_axial_tubes,numerical_discretization,0.75,0.2378112887995723,0.18781128879957232,0.14085846659967924,19,0.014451773743918062,0.05263157894736842,1.0,16.04294943585877,8.021474717929385,0.7832955320716251,8.021474717929385,1.2766573522451286,True,FAIL_RELATIVE_EQUILIBRIUM_GATE,0.3252900340979763,0.30684888278137357,0.23270637960084892,-0.3978561080101546,0.20185979999819612,0.13453390093655196,0.4154996088020594,1.2951135132325804,1.2120731634806146,,,,,
B7_DISCRETIZATION_CONVERGENCE,192,0.05,rosenhead,fixed_sampled_reach,trefoil,3:1:1,discrete_axial_tubes,numerical_discretization,0.75,0.2378112887995723,0.18781128879957232,0.14085846659967924,19,0.014451773743918062,0.10526315789473684,2.0,32.08589887171754,16.04294943585877,0.39164776603581253,16.04294943585877,2.553314704490257,True,FAIL_RELATIVE_EQUILIBRIUM_GATE,0.5014743923930558,0.3969095202048254,0.23270637960084892,-1.1549662422371614,0.3111915827159641,0.2690678018731039,0.8309992176041188,1.2951135132325804,1.2120731634806146,,,,,
B7_DISCRETIZATION_CONVERGENCE,192,0.05,rosenhead,fixed_sampled_reach,trefoil,3:1:1,discrete_axial_tubes,numerical_discretization,0.75,0.2378112887995723,0.18781128879957232,0.14085846659967924,37,0.010356120428979642,0.013513513513513514,0.5,8.021474717929385,4.010737358964692,1.5665910641432501,4.010737358964692,0.6383286761225643,True,FAIL_RELATIVE_EQUILIBRIUM_GATE,0.2612247271734754,0.25886362136576196,0.23270637960084892,-0.12255077674081272,0.162103863181799,0.06727343074941813,0.20775298149862798,1.2951135132325804,1.2120731634806146,,,,,
B7_DISCRETIZATION_CONVERGENCE,192,0.05,rosenhead,fixed_sampled_reach,trefoil,3:1:1,discrete_axial_tubes,numerical_discretization,0.75,0.2378112887995723,0.18781128879957232,0.14085846659967924,37,0.010356120428979642,0.02702702702702703,1.0,16.04294943585877,8.021474717929385,0.7832955320716251,8.021474717929385,1.2766573522451286,True,FAIL_RELATIVE_EQUILIBRIUM_GATE,0.325314291697333,0.3068691432926374,0.23270637960084892,-0.3979603492406627,0.20187485313121986,0.13454686149883627,0.41550596299725595,1.2951135132325804,1.2120731634806146,,,,,
B7_DISCRETIZATION_CONVERGENCE,192,0.05,rosenhead,fixed_sampled_reach,trefoil,3:1:1,discrete_axial_tubes,numerical_discretization,0.75,0.2378112887995723,0.18781128879957232,0.14085846659967924,37,0.010356120428979642,0.05405405405405406,2.0,32.08589887171754,16.04294943585877,0.39164776603581253,16.04294943585877,2.553314704490257,True,FAIL_RELATIVE_EQUILIBRIUM_GATE,0.5015239205872186,0.3969405377457694,0.23270637960084892,-1.1551790778038002,0.3112223175996678,0.26909372299767254,0.8310119259945119,1.2951135132325804,1.2120731634806146,,,,,
B7_DISCRETIZATION_CONVERGENCE,192,0.05,rosenhead,fixed_sampled_reach,trefoil,3:1:1,discrete_axial_tubes,numerical_discretization,0.75,0.2378112887995723,0.18781128879957232,0.14085846659967924,61,0.008065532334898198,0.00819672131147541,0.5,8.021474717929385,4.010737358964692,1.5665910641432501,4.010737358964692,0.6383286761225643,True,FAIL_RELATIVE_EQUILIBRIUM_GATE,0.26122846190670834,0.2588670507720116,0.23270637960084892,-0.12256682586348555,0.16210618078278405,0.06727570047480111,0.20775409226977604,1.2951135132325804,1.2120731634806146,,,,,
B7_DISCRETIZATION_CONVERGENCE,192,0.05,rosenhead,fixed_sampled_reach,trefoil,3:1:1,discrete_axial_tubes,numerical_discretization,0.75,0.2378112887995723,0.18781128879957232,0.14085846659967924,61,0.008065532334898198,0.01639344262295082,1.0,16.04294943585877,8.021474717929385,0.7832955320716251,8.021474717929385,1.2766573522451286,True,FAIL_RELATIVE_EQUILIBRIUM_GATE,0.325322727322596,0.3068761910559414,0.23270637960084892,-0.39799659932232134,0.20188008788620757,0.13455140094960222,0.4155081845395521,1.2951135132325804,1.2120731634806146,,,,,
B7_DISCRETIZATION_CONVERGENCE,192,0.05,rosenhead,fixed_sampled_reach,trefoil,3:1:1,discrete_axial_tubes,numerical_discretization,0.75,0.2378112887995723,0.18781128879957232,0.14085846659967924,61,0.008065532334898198,0.03278688524590164,2.0,32.08589887171754,16.04294943585877,0.39164776603581253,16.04294943585877,2.553314704490257,True,FAIL_RELATIVE_EQUILIBRIUM_GATE,0.5015411890516266,0.3969513606704395,0.23270637960084892,-1.1552532848987562,0.3112330336020235,0.26910280189920444,0.8310163690791041,1.2951135132325804,1.2120731634806146,,,,,
B7_DISCRETIZATION_CONVERGENCE,192,0.05,rosenhead,fixed_sampled_reach,trefoil,3:1:1,discrete_axial_tubes,numerical_discretization,0.75,0.2378112887995723,0.18781128879957232,0.14085846659967924,91,0.006603546768083817,0.005494505494505495,0.5,8.021474717929385,4.010737358964692,1.5665910641432501,4.010737358964692,0.6383286761225643,True,FAIL_RELATIVE_EQUILIBRIUM_GATE,0.2612302736858128,0.25886871458122235,0.23270637960084892,-0.12257461155078642,0.16210730508826326,0.06727680610404481,0.2077546329128024,1.2951135132325804,1.2120731634806146,,,,,
B7_DISCRETIZATION_CONVERGENCE,192,0.05,rosenhead,fixed_sampled_reach,trefoil,3:1:1,discrete_axial_tubes,numerical_discretization,0.75,0.2378112887995723,0.18781128879957232,0.14085846659967924,91,0.006603546768083817,0.01098901098901099,1.0,16.04294943585877,8.021474717929385,0.7832955320716251,8.021474717929385,1.2766573522451286,True,FAIL_RELATIVE_EQUILIBRIUM_GATE,0.3253268244474444,0.3068796145847624,0.23270637960084892,-0.3980142057362728,0.20188263037050086,0.13455361220808962,0.4155092658256048,1.2951135132325804,1.2120731634806146,,,,,
B7_DISCRETIZATION_CONVERGENCE,192,0.05,rosenhead,fixed_sampled_reach,trefoil,3:1:1,discrete_axial_tubes,numerical_discretization,0.75,0.2378112887995723,0.18781128879957232,0.14085846659967924,91,0.006603546768083817,0.02197802197802198,2.0,32.08589887171754,16.04294943585877,0.39164776603581253,16.04294943585877,2.553314704490257,True,FAIL_RELATIVE_EQUILIBRIUM_GATE,0.5015495852170904,0.39695662463915027,0.23270637960084892,-1.1552893654113672,0.311238243870103,0.26910722441617924,0.8310185316512096,1.2951135132325804,1.2120731634806146,,,,,
B7_DISCRETIZATION_CONVERGENCE,192,0.05,rosenhead,fixed_sampled_reach,trefoil,3:1:1,discrete_axial_tubes,numerical_discretization,1.0,0.2378112887995723,0.18781128879957232,0.18781128879957232,1,0.08399176173953771,0.5,0.5,4.5120795288352795,2.2560397644176398,2.785050780699111,2.2560397644176398,0.3590598803189424,True,FAIL_RELATIVE_EQUILIBRIUM_GATE,0.261245125434991,0.2588823580149251,0.23270637960084892,-0.12263843339015179,0.16211652139003854,0.0672860155494536,0.20775912220137682,1.2951135132325804,1.2120731634806146,,,,,
B7_DISCRETIZATION_CONVERGENCE,192,0.05,rosenhead,fixed_sampled_reach,trefoil,3:1:1,discrete_axial_tubes,numerical_discretization,1.0,0.2378112887995723,0.18781128879957232,0.18781128879957232,1,0.08399176173953771,1.0,1.0,9.024159057670559,4.5120795288352795,1.3925253903495556,4.5120795288352795,0.7181197606378849,True,FAIL_RELATIVE_EQUILIBRIUM_GATE,0.32536056654895973,0.3069078246130915,0.23270637960084892,-0.39815920434599383,0.201903569142518,0.1345720310989072,0.41551824440275364,1.2951135132325804,1.2120731634806146,,,,,
B7_DISCRETIZATION_CONVERGENCE,192,0.05,rosenhead,fixed_sampled_reach,trefoil,3:1:1,discrete_axial_tubes,numerical_discretization,1.0,0.2378112887995723,0.18781128879957232,0.18781128879957232,1,0.08399176173953771,2.0,2.0,18.048318115341118,9.024159057670559,0.6962626951747778,9.024159057670559,1.4362395212757697,True,FAIL_RELATIVE_EQUILIBRIUM_GATE,0.5016190211732505,0.39700021344355246,0.23270637960084892,-1.155587749822999,0.3112813325809577,0.2691440621978144,0.8310364888055073,1.2951135132325804,1.2120731634806146,,,,,
B7_DISCRETIZATION_CONVERGENCE,192,0.05,rosenhead,fixed_sampled_reach,trefoil,3:1:1,discrete_axial_tubes,numerical_discretization,1.0,0.2378112887995723,0.18781128879957232,0.18781128879957232,7,0.03174590196300095,0.07142857142857142,0.5,4.5120795288352795,2.2560397644176398,2.785050780699111,2.2560397644176398,0.3590598803189424,True,FAIL_RELATIVE_EQUILIBRIUM_GATE,0.26083068967753803,0.2585027821737808,0.23270637960084892,-0.12085749486081787,0.16185934191836016,0.06717180648689364,0.20769450817753402,1.2951135132325804,1.2120731634806146,,,,,
B7_DISCRETIZATION_CONVERGENCE,192,0.05,rosenhead,fixed_sampled_reach,trefoil,3:1:1,discrete_axial_tubes,numerical_discretization,1.0,0.2378112887995723,0.18781128879957232,0.18781128879957232,7,0.03174590196300095,0.14285714285714285,1.0,9.024159057670559,4.5120795288352795,1.3925253903495556,4.5120795288352795,0.7181197606378849,True,FAIL_RELATIVE_EQUILIBRIUM_GATE,0.3245720403724434,0.30625831829873945,0.23270637960084892,-0.3947707017279356,0.20141424663152768,0.13434361297378727,0.41538901635506803,1.2951135132325804,1.2120731634806146,,,,,
B7_DISCRETIZATION_CONVERGENCE,192,0.05,rosenhead,fixed_sampled_reach,trefoil,3:1:1,discrete_axial_tubes,numerical_discretization,1.0,0.2378112887995723,0.18781128879957232,0.18781128879957232,7,0.03174590196300095,0.2857142857142857,2.0,18.048318115341118,9.024159057670559,0.6962626951747778,9.024159057670559,1.4362395212757697,True,FAIL_RELATIVE_EQUILIBRIUM_GATE,0.5002775672051549,0.39621051262355467,0.23270637960084892,-1.1498231722880101,0.3104488889112417,0.26868722594757455,0.8307780327101361,1.2951135132325804,1.2120731634806146,,,,,
B7_DISCRETIZATION_CONVERGENCE,192,0.05,rosenhead,fixed_sampled_reach,trefoil,3:1:1,discrete_axial_tubes,numerical_discretization,1.0,0.2378112887995723,0.18781128879957232,0.18781128879957232,19,0.019269031658557416,0.02631578947368421,0.5,4.5120795288352795,2.2560397644176398,2.785050780699111,2.2560397644176398,0.3590598803189424,True,FAIL_RELATIVE_EQUILIBRIUM_GATE,0.26094728217882757,0.25860915283910124,0.23270637960084892,-0.12135852324469587,0.1619316937783145,0.06711704148084151,0.20767541139474086,1.2951135132325804,1.2120731634806146,,,,,
B7_DISCRETIZATION_CONVERGENCE,192,0.05,rosenhead,fixed_sampled_reach,trefoil,3:1:1,discrete_axial_tubes,numerical_discretization,1.0,0.2378112887995723,0.18781128879957232,0.18781128879957232,19,0.019269031658557416,0.05263157894736842,1.0,9.024159057670559,4.5120795288352795,1.3925253903495556,4.5120795288352795,0.7181197606378849,True,FAIL_RELATIVE_EQUILIBRIUM_GATE,0.32470060740589424,0.3063574827570883,0.23270637960084892,-0.39532318779931597,0.2014940293267791,0.13423408296168302,0.4153508227894817,1.2951135132325804,1.2120731634806146,,,,,
B7_DISCRETIZATION_CONVERGENCE,192,0.05,rosenhead,fixed_sampled_reach,trefoil,3:1:1,discrete_axial_tubes,numerical_discretization,1.0,0.2378112887995723,0.18781128879957232,0.18781128879957232,19,0.019269031658557416,0.10526315789473684,2.0,18.048318115341118,9.024159057670559,0.6962626951747778,9.024159057670559,1.4362395212757697,True,FAIL_RELATIVE_EQUILIBRIUM_GATE,0.5002917263029738,0.3961725136633758,0.23270637960084892,-1.14988401762385,0.31045767538593905,0.26846816592336603,0.8307016455789634,1.2951135132325804,1.2120731634806146,,,,,
B7_DISCRETIZATION_CONVERGENCE,192,0.05,rosenhead,fixed_sampled_reach,trefoil,3:1:1,discrete_axial_tubes,numerical_discretization,1.0,0.2378112887995723,0.18781128879957232,0.18781128879957232,37,0.013808160571972854,0.013513513513513514,0.5,4.5120795288352795,2.2560397644176398,2.785050780699111,2.2560397644176398,0.3590598803189424,True,FAIL_RELATIVE_EQUILIBRIUM_GATE,0.26107627038737774,0.25872741411518146,0.23270637960084892,-0.12191281921531516,0.1620117378351583,0.06718817092944668,0.2077108481402854,1.2951135132325804,1.2120731634806146,,,,,
B7_DISCRETIZATION_CONVERGENCE,192,0.05,rosenhead,fixed_sampled_reach,trefoil,3:1:1,discrete_axial_tubes,numerical_discretization,1.0,0.2378112887995723,0.18781128879957232,0.18781128879957232,37,0.013808160571972854,0.02702702702702703,1.0,9.024159057670559,4.5120795288352795,1.3925253903495556,4.5120795288352795,0.7181197606378849,True,FAIL_RELATIVE_EQUILIBRIUM_GATE,0.3249842601523042,0.3065938503247157,0.23270637960084892,-0.3965421176236572,0.20167005097102655,0.13437634185889336,0.4154216962805708,1.2951135132325804,1.2120731634806146,,,,,
B7_DISCRETIZATION_CONVERGENCE,192,0.05,rosenhead,fixed_sampled_reach,trefoil,3:1:1,discrete_axial_tubes,numerical_discretization,1.0,0.2378112887995723,0.18781128879957232,0.18781128879957232,37,0.013808160571972854,0.05405405405405406,2.0,18.048318115341118,9.024159057670559,0.6962626951747778,9.024159057670559,1.4362395212757697,True,FAIL_RELATIVE_EQUILIBRIUM_GATE,0.5008581053813357,0.3965250680854364,0.23270637960084892,-1.1523178962280092,0.31080914378489666,0.2687526837177867,0.8308433925611416,1.2951135132325804,1.2120731634806146,,,,,
B7_DISCRETIZATION_CONVERGENCE,192,0.05,rosenhead,fixed_sampled_reach,trefoil,3:1:1,discrete_axial_tubes,numerical_discretization,1.0,0.2378112887995723,0.18781128879957232,0.18781128879957232,61,0.010754043113197597,0.00819672131147541,0.5,4.5120795288352795,2.2560397644176398,2.785050780699111,2.2560397644176398,0.3590598803189424,True,FAIL_RELATIVE_EQUILIBRIUM_GATE,0.261115759761554,0.25876363005388364,0.23270637960084892,-0.12208251535447556,0.16203624309611836,0.06721045539361403,0.20772189504274033,1.2951135132325804,1.2120731634806146,,,,,
B7_DISCRETIZATION_CONVERGENCE,192,0.05,rosenhead,fixed_sampled_reach,trefoil,3:1:1,discrete_axial_tubes,numerical_discretization,1.0,0.2378112887995723,0.18781128879957232,0.18781128879957232,61,0.010754043113197597,0.01639344262295082,1.0,9.024159057670559,4.5120795288352795,1.3925253903495556,4.5120795288352795,0.7181197606378849,True,FAIL_RELATIVE_EQUILIBRIUM_GATE,0.32507163268778816,0.3066666917743364,0.23270637960084892,-0.3969175801942746,0.2017242702851443,0.13442091078722807,0.41544379008548066,1.2951135132325804,1.2120731634806146,,,,,
B7_DISCRETIZATION_CONVERGENCE,192,0.05,rosenhead,fixed_sampled_reach,trefoil,3:1:1,discrete_axial_tubes,numerical_discretization,1.0,0.2378112887995723,0.18781128879957232,0.18781128879957232,61,0.010754043113197597,0.03278688524590164,2.0,18.048318115341118,9.024159057670559,0.6962626951747778,9.024159057670559,1.4362395212757697,True,FAIL_RELATIVE_EQUILIBRIUM_GATE,0.5010335873210496,0.3966344423134766,0.23270637960084892,-1.1530719878864115,0.31091803967945486,0.26884182157445613,0.8308875801709613,1.2951135132325804,1.2120731634806146,,,,,
B7_DISCRETIZATION_CONVERGENCE,192,0.05,rosenhead,fixed_sampled_reach,trefoil,3:1:1,discrete_axial_tubes,numerical_discretization,1.0,0.2378112887995723,0.18781128879957232,0.18781128879957232,91,0.008804729024111757,0.005494505494505495,0.5,4.5120795288352795,2.2560397644176398,2.785050780699111,2.2560397644176398,0.3590598803189424,True,FAIL_RELATIVE_EQUILIBRIUM_GATE,0.2611334654342349,0.2587798712634049,0.23270637960084892,-0.12215860124739897,0.16204723040950497,0.06722052133097664,0.20772688287097354,1.2951135132325804,1.2120731634806146,,,,,
B7_DISCRETIZATION_CONVERGENCE,192,0.05,rosenhead,fixed_sampled_reach,trefoil,3:1:1,discrete_axial_tubes,numerical_discretization,1.0,0.2378112887995723,0.18781128879957232,0.18781128879957232,91,0.008804729024111757,0.01098901098901099,1.0,9.024159057670559,4.5120795288352795,1.3925253903495556,4.5120795288352795,0.7181197606378849,True,FAIL_RELATIVE_EQUILIBRIUM_GATE,0.3251108854273786,0.3066994216640518,0.23270637960084892,-0.3970862594529083,0.20174862870173424,0.13444104266195328,0.4154537657419471,1.2951135132325804,1.2120731634806146,,,,,
B7_DISCRETIZATION_CONVERGENCE,192,0.05,rosenhead,fixed_sampled_reach,trefoil,3:1:1,discrete_axial_tubes,numerical_discretization,1.0,0.2378112887995723,0.18781128879957232,0.18781128879957232,91,0.008804729024111757,0.02197802197802198,2.0,18.048318115341118,9.024159057670559,0.6962626951747778,9.024159057670559,1.4362395212757697,True,FAIL_RELATIVE_EQUILIBRIUM_GATE,0.5011125722864135,0.39668368151800026,0.23270637960084892,-1.1534114068808514,0.3109670540593617,0.26888208532390656,0.8309075314838942,1.2951135132325804,1.2120731634806146,,,,,
B7_DISCRETIZATION_CONVERGENCE,192,0.05,rosenhead,fixed_sampled_reach,trefoil,3:1:1,continuum_rankine,continuum,0.5,0.2378112887995723,0.18781128879957232,0.09390564439978616,0,0.0,0.0,0.5,18.048318115341118,9.024159057670559,0.6962626951747778,9.024159057670559,1.4362395212757697,True,FAIL_RELATIVE_EQUILIBRIUM_GATE,0.261245125434991,0.2588823580149251,0.23270637960084892,-0.12263843339015179,0.16211652139003854,0.0672860155494536,0.20775912220137682,1.2951135132325804,1.2120731634806146,,,,,
B7_DISCRETIZATION_CONVERGENCE,192,0.05,rosenhead,fixed_sampled_reach,trefoil,3:1:1,continuum_rankine,continuum,0.5,0.2378112887995723,0.18781128879957232,0.09390564439978616,0,0.0,0.0,1.0,36.096636230682236,18.048318115341118,0.3481313475873889,18.048318115341118,2.8724790425515394,True,FAIL_RELATIVE_EQUILIBRIUM_GATE,0.32536056654895973,0.3069078246130915,0.23270637960084892,-0.39815920434599383,0.201903569142518,0.1345720310989072,0.41551824440275364,1.2951135132325804,1.2120731634806146,,,,,
B7_DISCRETIZATION_CONVERGENCE,192,0.05,rosenhead,fixed_sampled_reach,trefoil,3:1:1,continuum_rankine,continuum,0.5,0.2378112887995723,0.18781128879957232,0.09390564439978616,0,0.0,0.0,2.0,72.19327246136447,36.096636230682236,0.17406567379369445,36.096636230682236,5.744958085103079,True,FAIL_RELATIVE_EQUILIBRIUM_GATE,0.5016190211732505,0.39700021344355246,0.23270637960084892,-1.155587749822999,0.3112813325809577,0.2691440621978144,0.8310364888055073,1.2951135132325804,1.2120731634806146,,,,,
B7_DISCRETIZATION_CONVERGENCE,192,0.05,rosenhead,fixed_sampled_reach,trefoil,3:1:1,continuum_rankine,continuum,0.75,0.2378112887995723,0.18781128879957232,0.14085846659967924,0,0.0,0.0,0.5,8.021474717929385,4.010737358964692,1.5665910641432501,4.010737358964692,0.6383286761225643,True,FAIL_RELATIVE_EQUILIBRIUM_GATE,0.261245125434991,0.2588823580149251,0.23270637960084892,-0.12263843339015179,0.16211652139003854,0.0672860155494536,0.20775912220137682,1.2951135132325804,1.2120731634806146,,,,,
B7_DISCRETIZATION_CONVERGENCE,192,0.05,rosenhead,fixed_sampled_reach,trefoil,3:1:1,continuum_rankine,continuum,0.75,0.2378112887995723,0.18781128879957232,0.14085846659967924,0,0.0,0.0,1.0,16.04294943585877,8.021474717929385,0.7832955320716251,8.021474717929385,1.2766573522451286,True,FAIL_RELATIVE_EQUILIBRIUM_GATE,0.32536056654895973,0.3069078246130915,0.23270637960084892,-0.39815920434599383,0.201903569142518,0.1345720310989072,0.41551824440275364,1.2951135132325804,1.2120731634806146,,,,,
B7_DISCRETIZATION_CONVERGENCE,192,0.05,rosenhead,fixed_sampled_reach,trefoil,3:1:1,continuum_rankine,continuum,0.75,0.2378112887995723,0.18781128879957232,0.14085846659967924,0,0.0,0.0,2.0,32.08589887171754,16.04294943585877,0.39164776603581253,16.04294943585877,2.553314704490257,True,FAIL_RELATIVE_EQUILIBRIUM_GATE,0.5016190211732505,0.39700021344355246,0.23270637960084892,-1.155587749822999,0.3112813325809577,0.2691440621978144,0.8310364888055073,1.2951135132325804,1.2120731634806146,,,,,
B7_DISCRETIZATION_CONVERGENCE,192,0.05,rosenhead,fixed_sampled_reach,trefoil,3:1:1,continuum_rankine,continuum,1.0,0.2378112887995723,0.18781128879957232,0.18781128879957232,0,0.0,0.0,0.5,4.5120795288352795,2.2560397644176398,2.785050780699111,2.2560397644176398,0.3590598803189424,True,FAIL_RELATIVE_EQUILIBRIUM_GATE,0.261245125434991,0.2588823580149251,0.23270637960084892,-0.12263843339015179,0.16211652139003854,0.0672860155494536,0.20775912220137682,1.2951135132325804,1.2120731634806146,,,,,
B7_DISCRETIZATION_CONVERGENCE,192,0.05,rosenhead,fixed_sampled_reach,trefoil,3:1:1,continuum_rankine,continuum,1.0,0.2378112887995723,0.18781128879957232,0.18781128879957232,0,0.0,0.0,1.0,9.024159057670559,4.5120795288352795,1.3925253903495556,4.5120795288352795,0.7181197606378849,True,FAIL_RELATIVE_EQUILIBRIUM_GATE,0.32536056654895973,0.3069078246130915,0.23270637960084892,-0.39815920434599383,0.201903569142518,0.1345720310989072,0.41551824440275364,1.2951135132325804,1.2120731634806146,,,,,
B7_DISCRETIZATION_CONVERGENCE,192,0.05,rosenhead,fixed_sampled_reach,trefoil,3:1:1,continuum_rankine,continuum,1.0,0.2378112887995723,0.18781128879957232,0.18781128879957232,0,0.0,0.0,2.0,18.048318115341118,9.024159057670559,0.6962626951747778,9.024159057670559,1.4362395212757697,True,FAIL_RELATIVE_EQUILIBRIUM_GATE,0.5016190211732505,0.39700021344355246,0.23270637960084892,-1.155587749822999,0.3112813325809577,0.2691440621978144,0.8310364888055073,1.2951135132325804,1.2120731634806146,,,,,
B7_DISCRETIZATION_CONVERGENCE,192,0.05,winckelmans,fixed_sampled_reach,trefoil,3:1:1,discrete_axial_tubes,numerical_discretization,0.5,0.2378112887995723,0.18781128879957232,0.09390564439978616,1,0.041995880869768853,0.5,0.5,18.048318115341118,9.024159057670559,0.6962626951747778,9.024159057670559,1.4362395212757697,True,FAIL_RELATIVE_EQUILIBRIUM_GATE,0.2742057301515063,0.2699038315994891,0.24301329552476827,-0.12835690557333646,0.18772615131110926,0.0672860155494536,0.20775912220137682,1.2951135132325804,1.2120731634806146,,,,,
B7_DISCRETIZATION_CONVERGENCE,192,0.05,winckelmans,fixed_sampled_reach,trefoil,3:1:1,discrete_axial_tubes,numerical_discretization,0.5,0.2378112887995723,0.18781128879957232,0.09390564439978616,1,0.041995880869768853,1.0,1.0,36.096636230682236,18.048318115341118,0.3481313475873889,18.048318115341118,2.8724790425515394,True,FAIL_RELATIVE_EQUILIBRIUM_GATE,0.3326274722334896,0.31209609243625464,0.24301329552476827,-0.3687624436976029,0.22772272172516028,0.1345720310989072,0.41551824440275364,1.2951135132325804,1.2120731634806146,,,,,
B7_DISCRETIZATION_CONVERGENCE,192,0.05,winckelmans,fixed_sampled_reach,trefoil,3:1:1,discrete_axial_tubes,numerical_discretization,0.5,0.2378112887995723,0.18781128879957232,0.09390564439978616,1,0.041995880869768853,2.0,2.0,72.19327246136447,36.096636230682236,0.17406567379369445,36.096636230682236,5.744958085103079,True,FAIL_RELATIVE_EQUILIBRIUM_GATE,0.48938976034312875,0.3920338817760277,0.24301329552476827,-1.0138394456415636,0.3350449903053458,0.2691440621978144,0.8310364888055073,1.2951135132325804,1.2120731634806146,,,,,
B7_DISCRETIZATION_CONVERGENCE,192,0.05,winckelmans,fixed_sampled_reach,trefoil,3:1:1,discrete_axial_tubes,numerical_discretization,0.5,0.2378112887995723,0.18781128879957232,0.09390564439978616,7,0.015872950981500475,0.07142857142857142,0.5,18.048318115341118,9.024159057670559,0.6962626951747778,9.024159057670559,1.4362395212757697,True,FAIL_RELATIVE_EQUILIBRIUM_GATE,0.27419958072041234,0.2698982685503022,0.24301329552476827,-0.12833160065707405,0.18772194130050382,0.06728184996074021,0.20775709557548475,1.2951135132325804,1.2120731634806146,,,,,
B7_DISCRETIZATION_CONVERGENCE,192,0.05,winckelmans,fixed_sampled_reach,trefoil,3:1:1,discrete_axial_tubes,numerical_discretization,0.5,0.2378112887995723,0.18781128879957232,0.09390564439978616,7,0.015872950981500475,0.14285714285714285,1.0,36.096636230682236,18.048318115341118,0.3481313475873889,18.048318115341118,2.8724790425515394,True,FAIL_RELATIVE_EQUILIBRIUM_GATE,0.3326137378067598,0.3120847236876366,0.24301329552476827,-0.3687059265152812,0.2277133188907665,0.13456369992148043,0.4155141911509695,1.2951135132325804,1.2120731634806146,,,,,
B7_DISCRETIZATION_CONVERGENCE,192,0.05,winckelmans,fixed_sampled_reach,trefoil,3:1:1,discrete_axial_tubes,numerical_discretization,0.5,0.2378112887995723,0.18781128879957232,0.09390564439978616,7,0.015872950981500475,0.2857142857142857,2.0,72.19327246136447,36.096636230682236,0.17406567379369445,36.096636230682236,5.744958085103079,True,FAIL_RELATIVE_EQUILIBRIUM_GATE,0.48936131470941713,0.39201566351215705,0.24301329552476827,-1.0137223918250213,0.33502551591531265,0.26912739984296086,0.831028382301939,1.2951135132325804,1.2120731634806146,,,,,
B7_DISCRETIZATION_CONVERGENCE,192,0.05,winckelmans,fixed_sampled_reach,trefoil,3:1:1,discrete_axial_tubes,numerical_discretization,0.5,0.2378112887995723,0.18781128879957232,0.09390564439978616,19,0.009634515829278708,0.02631578947368421,0.5,18.048318115341118,9.024159057670559,0.6962626951747778,9.024159057670559,1.4362395212757697,True,FAIL_RELATIVE_EQUILIBRIUM_GATE,0.2742035627353681,0.2699018708700253,0.24301329552476827,-0.12834798665335123,0.18772466745922303,0.06728453793526468,0.20775840369738496,1.2951135132325804,1.2120731634806146,,,,,
B7_DISCRETIZATION_CONVERGENCE,192,0.05,winckelmans,fixed_sampled_reach,trefoil,3:1:1,discrete_axial_tubes,numerical_discretization,0.5,0.2378112887995723,0.18781128879957232,0.09390564439978616,19,0.009634515829278708,0.05263157894736842,1.0,36.096636230682236,18.048318115341118,0.3481313475873889,18.048318115341118,2.8724790425515394,True,FAIL_RELATIVE_EQUILIBRIUM_GATE,0.3326226233080397,0.31209207838647746,0.24301329552476827,-0.36874249036361184,0.22771940206399857,0.13456907587052935,0.4155168073947699,1.2951135132325804,1.2120731634806146,,,,,
B7_DISCRETIZATION_CONVERGENCE,192,0.05,winckelmans,fixed_sampled_reach,trefoil,3:1:1,discrete_axial_tubes,numerical_discretization,0.5,0.2378112887995723,0.18781128879957232,0.09390564439978616,19,0.009634515829278708,0.10526315789473684,2.0,72.19327246136447,36.096636230682236,0.17406567379369445,36.096636230682236,5.744958085103079,True,FAIL_RELATIVE_EQUILIBRIUM_GATE,0.48937970134569947,0.3920274371326015,0.24301329552476827,-1.0137980528551829,0.3350381037356436,0.2691381517410587,0.8310336147895399,1.2951135132325804,1.2120731634806146,,,,,
B7_DISCRETIZATION_CONVERGENCE,192,0.05,winckelmans,fixed_sampled_reach,trefoil,3:1:1,discrete_axial_tubes,numerical_discretization,0.5,0.2378112887995723,0.18781128879957232,0.09390564439978616,37,0.006904080285986427,0.013513513513513514,0.5,18.048318115341118,9.024159057670559,0.6962626951747778,9.024159057670559,1.4362395212757697,True,FAIL_RELATIVE_EQUILIBRIUM_GATE,0.2742042405267871,0.26990248399782835,0.24301329552476827,-0.1283507757658462,0.1877251314873613,0.06728499906821415,0.2077586280164772,1.2951135132325804,1.2120731634806146,,,,,
B7_DISCRETIZATION_CONVERGENCE,192,0.05,winckelmans,fixed_sampled_reach,trefoil,3:1:1,discrete_axial_tubes,numerical_discretization,0.5,0.2378112887995723,0.18781128879957232,0.09390564439978616,37,0.006904080285986427,0.02702702702702703,1.0,36.096636230682236,18.048318115341118,0.3481313475873889,18.048318115341118,2.8724790425515394,True,FAIL_RELATIVE_EQUILIBRIUM_GATE,0.33262413884363895,0.3120933328883122,0.24301329552476827,-0.3687487267944045,0.22772043962679886,0.1345699981364283,0.4155172560329544,1.2951135132325804,1.2120731634806146,,,,,
B7_DISCRETIZATION_CONVERGENCE,192,0.05,winckelmans,fixed_sampled_reach,trefoil,3:1:1,discrete_axial_tubes,numerical_discretization,0.5,0.2378112887995723,0.18781128879957232,0.09390564439978616,37,0.006904080285986427,0.05405405405405406,2.0,72.19327246136447,36.096636230682236,0.17406567379369445,36.096636230682236,5.744958085103079,True,FAIL_RELATIVE_EQUILIBRIUM_GATE,0.4893828436625897,0.3920294500398069,0.24301329552476827,-1.013810983492922,0.33504025502203594,0.2691399962728566,0.8310345120659088,1.2951135132325804,1.2120731634806146,,,,,
B7_DISCRETIZATION_CONVERGENCE,192,0.05,winckelmans,fixed_sampled_reach,trefoil,3:1:1,discrete_axial_tubes,numerical_discretization,0.5,0.2378112887995723,0.18781128879957232,0.09390564439978616,61,0.005377021556598798,0.00819672131147541,0.5,18.048318115341118,9.024159057670559,0.6962626951747778,9.024159057670559,1.4362395212757697,True,FAIL_RELATIVE_EQUILIBRIUM_GATE,0.2742044878004936,0.2699027076864258,0.24301329552476827,-0.12835179329744228,0.18772530077536717,0.06728516751270061,0.20775870993806883,1.2951135132325804,1.2120731634806146,,,,,
B7_DISCRETIZATION_CONVERGENCE,192,0.05,winckelmans,fixed_sampled_reach,trefoil,3:1:1,discrete_axial_tubes,numerical_discretization,0.5,0.2378112887995723,0.18781128879957232,0.09390564439978616,61,0.005377021556598798,0.01639344262295082,1.0,36.096636230682236,18.048318115341118,0.3481313475873889,18.048318115341118,2.8724790425515394,True,FAIL_RELATIVE_EQUILIBRIUM_GATE,0.3326246919287075,0.31209379072993493,0.24301329552476827,-0.3687510027401193,0.22772081827873733,0.13457033502540122,0.41551741987613766,1.2951135132325804,1.2120731634806146,,,,,
B7_DISCRETIZATION_CONVERGENCE,192,0.05,winckelmans,fixed_sampled_reach,trefoil,3:1:1,discrete_axial_tubes,numerical_discretization,0.5,0.2378112887995723,0.18781128879957232,0.09390564439978616,61,0.005377021556598798,0.03278688524590164,2.0,72.19327246136447,36.096636230682236,0.17406567379369445,36.096636230682236,5.744958085103079,True,FAIL_RELATIVE_EQUILIBRIUM_GATE,0.4893839907986181,0.39203018494354247,0.24301329552476827,-1.0138157039590427,0.33504104037189547,0.26914067005080244,0.8310348397522753,1.2951135132325804,1.2120731634806146,,,,,
B7_DISCRETIZATION_CONVERGENCE,192,0.05,winckelmans,fixed_sampled_reach,trefoil,3:1:1,discrete_axial_tubes,numerical_discretization,0.5,0.2378112887995723,0.18781128879957232,0.09390564439978616,91,0.004402364512055878,0.005494505494505495,0.5,18.048318115341118,9.024159057670559,0.6962626951747778,9.024159057670559,1.4362395212757697,True,FAIL_RELATIVE_EQUILIBRIUM_GATE,0.2742046112314484,0.26990281934589916,0.24301329552476827,-0.1283523012159682,0.1877253852784083,0.0672852516367245,0.20775875084688383,1.2951135132325804,1.2120731634806146,,,,,
B7_DISCRETIZATION_CONVERGENCE,192,0.05,winckelmans,fixed_sampled_reach,trefoil,3:1:1,discrete_axial_tubes,numerical_discretization,0.5,0.2378112887995723,0.18781128879957232,0.09390564439978616,91,0.004402364512055878,0.01098901098901099,1.0,36.096636230682236,18.048318115341118,0.3481313475873889,18.048318115341118,2.8724790425515394,True,FAIL_RELATIVE_EQUILIBRIUM_GATE,0.33262496804691943,0.31209401930392444,0.24301329552476827,-0.3687521389668895,0.2277210073142079,0.134570503273449,0.41551750169376767,1.2951135132325804,1.2120731634806146,,,,,
B7_DISCRETIZATION_CONVERGENCE,192,0.05,winckelmans,fixed_sampled_reach,trefoil,3:1:1,discrete_axial_tubes,numerical_discretization,0.5,0.2378112887995723,0.18781128879957232,0.09390564439978616,91,0.004402364512055878,0.02197802197802198,2.0,72.19327246136447,36.096636230682236,0.17406567379369445,36.096636230682236,5.744958085103079,True,FAIL_RELATIVE_EQUILIBRIUM_GATE,0.48938456355916266,0.39203055189315567,0.24301329552476827,-1.0138180608693643,0.335041432494017,0.269141006546898,0.8310350033875353,1.2951135132325804,1.2120731634806146,,,,,
B7_DISCRETIZATION_CONVERGENCE,192,0.05,winckelmans,fixed_sampled_reach,trefoil,3:1:1,discrete_axial_tubes,numerical_discretization,0.75,0.2378112887995723,0.18781128879957232,0.14085846659967924,1,0.06299382130465328,0.5,0.5,8.021474717929385,4.010737358964692,1.5665910641432501,4.010737358964692,0.6383286761225643,True,FAIL_RELATIVE_EQUILIBRIUM_GATE,0.2742057301515063,0.2699038315994891,0.24301329552476827,-0.12835690557333646,0.18772615131110926,0.0672860155494536,0.20775912220137682,1.2951135132325804,1.2120731634806146,,,,,
B7_DISCRETIZATION_CONVERGENCE,192,0.05,winckelmans,fixed_sampled_reach,trefoil,3:1:1,discrete_axial_tubes,numerical_discretization,0.75,0.2378112887995723,0.18781128879957232,0.14085846659967924,1,0.06299382130465328,1.0,1.0,16.04294943585877,8.021474717929385,0.7832955320716251,8.021474717929385,1.2766573522451286,True,FAIL_RELATIVE_EQUILIBRIUM_GATE,0.3326274722334896,0.31209609243625464,0.24301329552476827,-0.3687624436976029,0.22772272172516028,0.1345720310989072,0.41551824440275364,1.2951135132325804,1.2120731634806146,,,,,
B7_DISCRETIZATION_CONVERGENCE,192,0.05,winckelmans,fixed_sampled_reach,trefoil,3:1:1,discrete_axial_tubes,numerical_discretization,0.75,0.2378112887995723,0.18781128879957232,0.14085846659967924,1,0.06299382130465328,2.0,2.0,32.08589887171754,16.04294943585877,0.39164776603581253,16.04294943585877,2.553314704490257,True,FAIL_RELATIVE_EQUILIBRIUM_GATE,0.48938976034312875,0.3920338817760277,0.24301329552476827,-1.0138394456415636,0.3350449903053458,0.2691440621978144,0.8310364888055073,1.2951135132325804,1.2120731634806146,,,,,
B7_DISCRETIZATION_CONVERGENCE,192,0.05,winckelmans,fixed_sampled_reach,trefoil,3:1:1,discrete_axial_tubes,numerical_discretization,0.75,0.2378112887995723,0.18781128879957232,0.14085846659967924,7,0.023809426472250712,0.07142857142857142,0.5,8.021474717929385,4.010737358964692,1.5665910641432501,4.010737358964692,0.6383286761225643,True,FAIL_RELATIVE_EQUILIBRIUM_GATE,0.27413539253075253,0.2698402403728434,0.24301329552476827,-0.1280674661803114,0.18767799691685508,0.06724304502218653,0.20773795059977276,1.2951135132325804,1.2120731634806146,,,,,
B7_DISCRETIZATION_CONVERGENCE,192,0.05,winckelmans,fixed_sampled_reach,trefoil,3:1:1,discrete_axial_tubes,numerical_discretization,0.75,0.2378112887995723,0.18781128879957232,0.14085846659967924,7,0.023809426472250712,0.14285714285714285,1.0,16.04294943585877,8.021474717929385,0.7832955320716251,8.021474717929385,1.2766573522451286,True,FAIL_RELATIVE_EQUILIBRIUM_GATE,0.33247440509013826,0.31196964226829355,0.24301329552476827,-0.3681325722207325,0.22761792921882698,0.13448609004437306,0.4154759011995455,1.2951135132325804,1.2120731634806146,,,,,
B7_DISCRETIZATION_CONVERGENCE,192,0.05,winckelmans,fixed_sampled_reach,trefoil,3:1:1,discrete_axial_tubes,numerical_discretization,0.75,0.2378112887995723,0.18781128879957232,0.14085846659967924,7,0.023809426472250712,0.2857142857142857,2.0,32.08589887171754,16.04294943585877,0.39164776603581253,16.04294943585877,2.553314704490257,True,FAIL_RELATIVE_EQUILIBRIUM_GATE,0.48908082986532486,0.39183730318119775,0.24301329552476827,-1.0125681963581168,0.33483349097019777,0.2689721800887461,0.830951802399091,1.2951135132325804,1.2120731634806146,,,,,
B7_DISCRETIZATION_CONVERGENCE,192,0.05,winckelmans,fixed_sampled_reach,trefoil,3:1:1,discrete_axial_tubes,numerical_discretization,0.75,0.2378112887995723,0.18781128879957232,0.14085846659967924,19,0.014451773743918062,0.02631578947368421,0.5,8.021474717929385,4.010737358964692,1.5665910641432501,4.010737358964692,0.6383286761225643,True,FAIL_RELATIVE_EQUILIBRIUM_GATE,0.2741769961611638,0.26987785259475044,0.24301329552476827,-0.1282386651689158,0.1877064795069649,0.06726695046827598,0.2077498044010297,1.2951135132325804,1.2120731634806146,,,,,
B7_DISCRETIZATION_CONVERGENCE,192,0.05,winckelmans,fixed_sampled_reach,trefoil,3:1:1,discrete_axial_tubes,numerical_discretization,0.75,0.2378112887995723,0.18781128879957232,0.14085846659967924,19,0.014451773743918062,0.05263157894736842,1.0,16.04294943585877,8.021474717929385,0.7832955320716251,8.021474717929385,1.2766573522451286,True,FAIL_RELATIVE_EQUILIBRIUM_GATE,0.3325636399019588,0.3120432995756371,0.24301329552476827,-0.3684997735774642,0.22767902096835677,0.13453390093655196,0.4154996088020594,1.2951135132325804,1.2120731634806146,,,,,
B7_DISCRETIZATION_CONVERGENCE,192,0.05,winckelmans,fixed_sampled_reach,trefoil,3:1:1,discrete_axial_tubes,numerical_discretization,0.75,0.2378112887995723,0.18781128879957232,0.14085846659967924,19,0.014451773743918062,0.10526315789473684,2.0,32.08589887171754,16.04294943585877,0.39164776603581253,16.04294943585877,2.553314704490257,True,FAIL_RELATIVE_EQUILIBRIUM_GATE,0.489258245840367,0.39194979889488046,0.24301329552476827,-1.0132982633063428,0.33495495312256546,0.2690678018731039,0.8309992176041188,1.2951135132325804,1.2120731634806146,,,,,
B7_DISCRETIZATION_CONVERGENCE,192,0.05,winckelmans,fixed_sampled_reach,trefoil,3:1:1,discrete_axial_tubes,numerical_discretization,0.75,0.2378112887995723,0.18781128879957232,0.14085846659967924,37,0.010356120428979642,0.013513513513513514,0.5,8.021474717929385,4.010737358964692,1.5665910641432501,4.010737358964692,0.6383286761225643,True,FAIL_RELATIVE_EQUILIBRIUM_GATE,0.2741869182937419,0.2698868202140426,0.24301329552476827,-0.1282794947562711,0.1877132723765401,0.06727343074941813,0.20775298149862798,1.2951135132325804,1.2120731634806146,,,,,
B7_DISCRETIZATION_CONVERGENCE,192,0.05,winckelmans,fixed_sampled_reach,trefoil,3:1:1,discrete_axial_tubes,numerical_discretization,0.75,0.2378112887995723,0.18781128879957232,0.14085846659967924,37,0.010356120428979642,0.02702702702702703,1.0,16.04294943585877,8.021474717929385,0.7832955320716251,8.021474717929385,1.2766573522451286,True,FAIL_RELATIVE_EQUILIBRIUM_GATE,0.33258559316541014,0.3120614459868356,0.24301329552476827,-0.3685901112826666,0.22769405056549233,0.13454686149883627,0.41550596299725595,1.2951135132325804,1.2120731634806146,,,,,
B7_DISCRETIZATION_CONVERGENCE,192,0.05,winckelmans,fixed_sampled_reach,trefoil,3:1:1,discrete_axial_tubes,numerical_discretization,0.75,0.2378112887995723,0.18781128879957232,0.14085846659967924,37,0.010356120428979642,0.05405405405405406,2.0,32.08589887171754,16.04294943585877,0.39164776603581253,16.04294943585877,2.553314704490257,True,FAIL_RELATIVE_EQUILIBRIUM_GATE,0.4893032973373452,0.39197856659475705,0.24301329552476827,-1.0134836502699693,0.33498579618384594,0.26909372299767254,0.8310119259945119,1.2951135132325804,1.2120731634806146,,,,,
B7_DISCRETIZATION_CONVERGENCE,192,0.05,winckelmans,fixed_sampled_reach,trefoil,3:1:1,discrete_axial_tubes,numerical_discretization,0.75,0.2378112887995723,0.18781128879957232,0.14085846659967924,61,0.008065532334898198,0.00819672131147541,0.5,8.021474717929385,4.010737358964692,1.5665910641432501,4.010737358964692,0.6383286761225643,True,FAIL_RELATIVE_EQUILIBRIUM_GATE,0.27419035945374565,0.2698899309231049,0.24301329552476827,-0.12829365513377744,0.1877156282562775,0.06727570047480111,0.20775409226977604,1.2951135132325804,1.2120731634806146,,,,,
B7_DISCRETIZATION_CONVERGENCE,192,0.05,winckelmans,fixed_sampled_reach,trefoil,3:1:1,discrete_axial_tubes,numerical_discretization,0.75,0.2378112887995723,0.18781128879957232,0.14085846659967924,61,0.008065532334898198,0.01639344262295082,1.0,16.04294943585877,8.021474717929385,0.7832955320716251,8.021474717929385,1.2766573522451286,True,FAIL_RELATIVE_EQUILIBRIUM_GATE,0.3325932260569822,0.3120677572583128,0.24301329552476827,-0.3686215206405603,0.227699276179696,0.13455140094960222,0.4155081845395521,1.2951135132325804,1.2120731634806146,,,,,
B7_DISCRETIZATION_CONVERGENCE,192,0.05,winckelmans,fixed_sampled_reach,trefoil,3:1:1,discrete_axial_tubes,numerical_discretization,0.75,0.2378112887995723,0.18781128879957232,0.14085846659967924,61,0.008065532334898198,0.03278688524590164,2.0,32.08589887171754,16.04294943585877,0.39164776603581253,16.04294943585877,2.553314704490257,True,FAIL_RELATIVE_EQUILIBRIUM_GATE,0.4893190000197991,0.39198860086852927,0.24301329552476827,-1.0135482668269358,0.3349965465213415,0.26910280189920444,0.8310163690791041,1.2951135132325804,1.2120731634806146,,,,,
B7_DISCRETIZATION_CONVERGENCE,192,0.05,winckelmans,fixed_sampled_reach,trefoil,3:1:1,discrete_axial_tubes,numerical_discretization,0.75,0.2378112887995723,0.18781128879957232,0.14085846659967924,91,0.006603546768083817,0.005494505494505495,0.5,8.021474717929385,4.010737358964692,1.5665910641432501,4.010737358964692,0.6383286761225643,True,FAIL_RELATIVE_EQUILIBRIUM_GATE,0.27419202925242075,0.26989144052147135,0.24301329552476827,-0.1283005263573107,0.1877167714303409,0.06727680610404481,0.2077546329128024,1.2951135132325804,1.2120731634806146,,,,,
B7_DISCRETIZATION_CONVERGENCE,192,0.05,winckelmans,fixed_sampled_reach,trefoil,3:1:1,discrete_axial_tubes,numerical_discretization,0.75,0.2378112887995723,0.18781128879957232,0.14085846659967924,91,0.006603546768083817,0.01098901098901099,1.0,16.04294943585877,8.021474717929385,0.7832955320716251,8.021474717929385,1.2766573522451286,True,FAIL_RELATIVE_EQUILIBRIUM_GATE,0.3325969335280679,0.31207082324055246,0.24301329552476827,-0.36863677688848573,0.2277018143807672,0.13455361220808962,0.4155092658256048,1.2951135132325804,1.2120731634806146,,,,,
B7_DISCRETIZATION_CONVERGENCE,192,0.05,winckelmans,fixed_sampled_reach,trefoil,3:1:1,discrete_axial_tubes,numerical_discretization,0.75,0.2378112887995723,0.18781128879957232,0.14085846659967924,91,0.006603546768083817,0.02197802197802198,2.0,32.08589887171754,16.04294943585877,0.39164776603581253,16.04294943585877,2.553314704490257,True,FAIL_RELATIVE_EQUILIBRIUM_GATE,0.4893266345853109,0.39199348100881776,0.24301329552476827,-1.0135796830730932,0.3350017732815542,0.26910722441617924,0.8310185316512096,1.2951135132325804,1.2120731634806146,,,,,
B7_DISCRETIZATION_CONVERGENCE,192,0.05,winckelmans,fixed_sampled_reach,trefoil,3:1:1,discrete_axial_tubes,numerical_discretization,1.0,0.2378112887995723,0.18781128879957232,0.18781128879957232,1,0.08399176173953771,0.5,0.5,4.5120795288352795,2.2560397644176398,2.785050780699111,2.2560397644176398,0.3590598803189424,True,FAIL_RELATIVE_EQUILIBRIUM_GATE,0.2742057301515063,0.2699038315994891,0.24301329552476827,-0.12835690557333646,0.18772615131110926,0.0672860155494536,0.20775912220137682,1.2951135132325804,1.2120731634806146,,,,,
B7_DISCRETIZATION_CONVERGENCE,192,0.05,winckelmans,fixed_sampled_reach,trefoil,3:1:1,discrete_axial_tubes,numerical_discretization,1.0,0.2378112887995723,0.18781128879957232,0.18781128879957232,1,0.08399176173953771,1.0,1.0,9.024159057670559,4.5120795288352795,1.3925253903495556,4.5120795288352795,0.7181197606378849,True,FAIL_RELATIVE_EQUILIBRIUM_GATE,0.3326274722334896,0.31209609243625464,0.24301329552476827,-0.3687624436976029,0.22772272172516028,0.1345720310989072,0.41551824440275364,1.2951135132325804,1.2120731634806146,,,,,
B7_DISCRETIZATION_CONVERGENCE,192,0.05,winckelmans,fixed_sampled_reach,trefoil,3:1:1,discrete_axial_tubes,numerical_discretization,1.0,0.2378112887995723,0.18781128879957232,0.18781128879957232,1,0.08399176173953771,2.0,2.0,18.048318115341118,9.024159057670559,0.6962626951747778,9.024159057670559,1.4362395212757697,True,FAIL_RELATIVE_EQUILIBRIUM_GATE,0.48938976034312875,0.3920338817760277,0.24301329552476827,-1.0138394456415636,0.3350449903053458,0.2691440621978144,0.8310364888055073,1.2951135132325804,1.2120731634806146,,,,,
B7_DISCRETIZATION_CONVERGENCE,192,0.05,winckelmans,fixed_sampled_reach,trefoil,3:1:1,discrete_axial_tubes,numerical_discretization,1.0,0.2378112887995723,0.18781128879957232,0.18781128879957232,7,0.03174590196300095,0.07142857142857142,0.5,4.5120795288352795,2.2560397644176398,2.785050780699111,2.2560397644176398,0.3590598803189424,True,FAIL_RELATIVE_EQUILIBRIUM_GATE,0.2738030520985058,0.26954087215955536,0.24301329552476827,-0.12669988490650042,0.18745047070784301,0.06717180648689364,0.20769450817753402,1.2951135132325804,1.2120731634806146,,,,,
B7_DISCRETIZATION_CONVERGENCE,192,0.05,winckelmans,fixed_sampled_reach,trefoil,3:1:1,discrete_axial_tubes,numerical_discretization,1.0,0.2378112887995723,0.18781128879957232,0.18781128879957232,7,0.03174590196300095,0.14285714285714285,1.0,9.024159057670559,4.5120795288352795,1.3925253903495556,4.5120795288352795,0.7181197606378849,True,FAIL_RELATIVE_EQUILIBRIUM_GATE,0.3318646803869716,0.3114732647276426,0.24301329552476827,-0.3656235543423074,0.22720050077259596,0.13434361297378727,0.41538901635506803,1.2951135132325804,1.2120731634806146,,,,,
B7_DISCRETIZATION_CONVERGENCE,192,0.05,winckelmans,fixed_sampled_reach,trefoil,3:1:1,discrete_axial_tubes,numerical_discretization,1.0,0.2378112887995723,0.18781128879957232,0.18781128879957232,7,0.03174590196300095,0.2857142857142857,2.0,18.048318115341118,9.024159057670559,0.6962626951747778,9.024159057670559,1.4362395212757697,True,FAIL_RELATIVE_EQUILIBRIUM_GATE,0.4880845123826912,0.3912416699287791,0.24301329552476827,-1.0084683487325692,0.33415139418689765,0.26868722594757455,0.8307780327101361,1.2951135132325804,1.2120731634806146,,,,,
B7_DISCRETIZATION_CONVERGENCE,192,0.05,winckelmans,fixed_sampled_reach,trefoil,3:1:1,discrete_axial_tubes,numerical_discretization,1.0,0.2378112887995723,0.18781128879957232,0.18781128879957232,19,0.019269031658557416,0.02631578947368421,0.5,4.5120795288352795,2.2560397644176398,2.785050780699111,2.2560397644176398,0.3590598803189424,True,FAIL_RELATIVE_EQUILIBRIUM_GATE,0.27393172879876904,0.26965643607151374,0.24301329552476827,-0.1272293896810659,0.18753856508023445,0.06711704148084151,0.20767541139474086,1.2951135132325804,1.2120731634806146,,,,,
B7_DISCRETIZATION_CONVERGENCE,192,0.05,winckelmans,fixed_sampled_reach,trefoil,3:1:1,discrete_axial_tubes,numerical_discretization,1.0,0.2378112887995723,0.18781128879957232,0.18781128879957232,19,0.019269031658557416,0.05263157894736842,1.0,9.024159057670559,4.5120795288352795,1.3925253903495556,4.5120795288352795,0.7181197606378849,True,FAIL_RELATIVE_EQUILIBRIUM_GATE,0.33202973630138516,0.31160283099352076,0.24301329552476827,-0.36630275962635217,0.2273135010062048,0.13423408296168302,0.4153508227894817,1.2951135132325804,1.2120731634806146,,,,,
B7_DISCRETIZATION_CONVERGENCE,192,0.05,winckelmans,fixed_sampled_reach,trefoil,3:1:1,discrete_axial_tubes,numerical_discretization,1.0,0.2378112887995723,0.18781128879957232,0.18781128879957232,19,0.019269031658557416,0.10526315789473684,2.0,18.048318115341118,9.024159057670559,0.6962626951747778,9.024159057670559,1.4362395212757697,True,FAIL_RELATIVE_EQUILIBRIUM_GATE,0.48818042135482087,0.3912647550356467,0.24301329552476827,-1.008863014266908,0.3342170551860466,0.26846816592336603,0.8307016455789634,1.2951135132325804,1.2120731634806146,,,,,
B7_DISCRETIZATION_CONVERGENCE,192,0.05,winckelmans,fixed_sampled_reach,trefoil,3:1:1,discrete_axial_tubes,numerical_discretization,1.0,0.2378112887995723,0.18781128879957232,0.18781128879957232,37,0.013808160571972854,0.013513513513513514,0.5,4.5120795288352795,2.2560397644176398,2.785050780699111,2.2560397644176398,0.3590598803189424,True,FAIL_RELATIVE_EQUILIBRIUM_GATE,0.27405026384524017,0.26976340426615064,0.24301329552476827,-0.12771716153821955,0.18761971629489804,0.06718817092944668,0.2077108481402854,1.2951135132325804,1.2120731634806146,,,,,
B7_DISCRETIZATION_CONVERGENCE,192,0.05,winckelmans,fixed_sampled_reach,trefoil,3:1:1,discrete_axial_tubes,numerical_discretization,1.0,0.2378112887995723,0.18781128879957232,0.18781128879957232,37,0.013808160571972854,0.02702702702702703,1.0,9.024159057670559,4.5120795288352795,1.3925253903495556,4.5120795288352795,0.7181197606378849,True,FAIL_RELATIVE_EQUILIBRIUM_GATE,0.33228665311379224,0.31181467894632975,0.24301329552476827,-0.36735997261485265,0.2274893908549459,0.13437634185889336,0.4154216962805708,1.2951135132325804,1.2120731634806146,,,,,
B7_DISCRETIZATION_CONVERGENCE,192,0.05,winckelmans,fixed_sampled_reach,trefoil,3:1:1,discrete_axial_tubes,numerical_discretization,1.0,0.2378112887995723,0.18781128879957232,0.18781128879957232,37,0.013808160571972854,0.05405405405405406,2.0,18.048318115341118,9.024159057670559,0.6962626951747778,9.024159057670559,1.4362395212757697,True,FAIL_RELATIVE_EQUILIBRIUM_GATE,0.4886967643863146,0.39159257637917155,0.24301329552476827,-1.0109877664553784,0.3345705528682616,0.2687526837177867,0.8308433925611416,1.2951135132325804,1.2120731634806146,,,,,
B7_DISCRETIZATION_CONVERGENCE,192,0.05,winckelmans,fixed_sampled_reach,trefoil,3:1:1,discrete_axial_tubes,numerical_discretization,1.0,0.2378112887995723,0.18781128879957232,0.18781128879957232,61,0.010754043113197597,0.00819672131147541,0.5,4.5120795288352795,2.2560397644176398,2.785050780699111,2.2560397644176398,0.3590598803189424,True,FAIL_RELATIVE_EQUILIBRIUM_GATE,0.2740865468622752,0.2697961572572318,0.24301329552476827,-0.12786646619645503,0.1876445562978483,0.06721045539361403,0.20772189504274033,1.2951135132325804,1.2120731634806146,,,,,
B7_DISCRETIZATION_CONVERGENCE,192,0.05,winckelmans,fixed_sampled_reach,trefoil,3:1:1,discrete_axial_tubes,numerical_discretization,1.0,0.2378112887995723,0.18781128879957232,0.18781128879957232,61,0.010754043113197597,0.01639344262295082,1.0,9.024159057670559,4.5120795288352795,1.3925253903495556,4.5120795288352795,0.7181197606378849,True,FAIL_RELATIVE_EQUILIBRIUM_GATE,0.3323657261846377,0.3118799126419272,0.24301329552476827,-0.36768535839539074,0.2275435256947028,0.13442091078722807,0.41544379008548066,1.2951135132325804,1.2120731634806146,,,,,
B7_DISCRETIZATION_CONVERGENCE,192,0.05,winckelmans,fixed_sampled_reach,trefoil,3:1:1,discrete_axial_tubes,numerical_discretization,1.0,0.2378112887995723,0.18781128879957232,0.18781128879957232,61,0.010754043113197597,0.03278688524590164,2.0,18.048318115341118,9.024159057670559,0.6962626951747778,9.024159057670559,1.4362395212757697,True,FAIL_RELATIVE_EQUILIBRIUM_GATE,0.4888565839709894,0.39169416646997945,0.24301329552476827,-1.011645424236323,0.3346799682167978,0.26884182157445613,0.8308875801709613,1.2951135132325804,1.2120731634806146,,,,,
B7_DISCRETIZATION_CONVERGENCE,192,0.05,winckelmans,fixed_sampled_reach,trefoil,3:1:1,discrete_axial_tubes,numerical_discretization,1.0,0.2378112887995723,0.18781128879957232,0.18781128879957232,91,0.008804729024111757,0.005494505494505495,0.5,4.5120795288352795,2.2560397644176398,2.785050780699111,2.2560397644176398,0.3590598803189424,True,FAIL_RELATIVE_EQUILIBRIUM_GATE,0.27410281590215496,0.26981084636688885,0.24301329552476827,-0.12793341331490238,0.1876556943737757,0.06722052133097664,0.20772688287097354,1.2951135132325804,1.2120731634806146,,,,,
B7_DISCRETIZATION_CONVERGENCE,192,0.05,winckelmans,fixed_sampled_reach,trefoil,3:1:1,discrete_axial_tubes,numerical_discretization,1.0,0.2378112887995723,0.18781128879957232,0.18781128879957232,91,0.008804729024111757,0.01098901098901099,1.0,9.024159057670559,4.5120795288352795,1.3925253903495556,4.5120795288352795,0.7181197606378849,True,FAIL_RELATIVE_EQUILIBRIUM_GATE,0.3324012441437287,0.3119092191157793,0.24301329552476827,-0.367831514839277,0.22756784192528956,0.13444104266195328,0.4154537657419471,1.2951135132325804,1.2120731634806146,,,,,
B7_DISCRETIZATION_CONVERGENCE,192,0.05,winckelmans,fixed_sampled_reach,trefoil,3:1:1,discrete_axial_tubes,numerical_discretization,1.0,0.2378112887995723,0.18781128879957232,0.18781128879957232,91,0.008804729024111757,0.02197802197802198,2.0,18.048318115341118,9.024159057670559,0.6962626951747778,9.024159057670559,1.4362395212757697,True,FAIL_RELATIVE_EQUILIBRIUM_GATE,0.4889285004694371,0.3917398889850978,0.24301329552476827,-1.0119413607129357,0.33472920353898417,0.26888208532390656,0.8309075314838942,1.2951135132325804,1.2120731634806146,,,,,
B7_DISCRETIZATION_CONVERGENCE,192,0.05,winckelmans,fixed_sampled_reach,trefoil,3:1:1,continuum_rankine,continuum,0.5,0.2378112887995723,0.18781128879957232,0.09390564439978616,0,0.0,0.0,0.5,18.048318115341118,9.024159057670559,0.6962626951747778,9.024159057670559,1.4362395212757697,True,FAIL_RELATIVE_EQUILIBRIUM_GATE,0.2742057301515063,0.2699038315994891,0.24301329552476827,-0.12835690557333646,0.18772615131110926,0.0672860155494536,0.20775912220137682,1.2951135132325804,1.2120731634806146,,,,,
B7_DISCRETIZATION_CONVERGENCE,192,0.05,winckelmans,fixed_sampled_reach,trefoil,3:1:1,continuum_rankine,continuum,0.5,0.2378112887995723,0.18781128879957232,0.09390564439978616,0,0.0,0.0,1.0,36.096636230682236,18.048318115341118,0.3481313475873889,18.048318115341118,2.8724790425515394,True,FAIL_RELATIVE_EQUILIBRIUM_GATE,0.3326274722334896,0.31209609243625464,0.24301329552476827,-0.3687624436976029,0.22772272172516028,0.1345720310989072,0.41551824440275364,1.2951135132325804,1.2120731634806146,,,,,
B7_DISCRETIZATION_CONVERGENCE,192,0.05,winckelmans,fixed_sampled_reach,trefoil,3:1:1,continuum_rankine,continuum,0.5,0.2378112887995723,0.18781128879957232,0.09390564439978616,0,0.0,0.0,2.0,72.19327246136447,36.096636230682236,0.17406567379369445,36.096636230682236,5.744958085103079,True,FAIL_RELATIVE_EQUILIBRIUM_GATE,0.48938976034312875,0.3920338817760277,0.24301329552476827,-1.0138394456415636,0.3350449903053458,0.2691440621978144,0.8310364888055073,1.2951135132325804,1.2120731634806146,,,,,
B7_DISCRETIZATION_CONVERGENCE,192,0.05,winckelmans,fixed_sampled_reach,trefoil,3:1:1,continuum_rankine,continuum,0.75,0.2378112887995723,0.18781128879957232,0.14085846659967924,0,0.0,0.0,0.5,8.021474717929385,4.010737358964692,1.5665910641432501,4.010737358964692,0.6383286761225643,True,FAIL_RELATIVE_EQUILIBRIUM_GATE,0.2742057301515063,0.2699038315994891,0.24301329552476827,-0.12835690557333646,0.18772615131110926,0.0672860155494536,0.20775912220137682,1.2951135132325804,1.2120731634806146,,,,,
B7_DISCRETIZATION_CONVERGENCE,192,0.05,winckelmans,fixed_sampled_reach,trefoil,3:1:1,continuum_rankine,continuum,0.75,0.2378112887995723,0.18781128879957232,0.14085846659967924,0,0.0,0.0,1.0,16.04294943585877,8.021474717929385,0.7832955320716251,8.021474717929385,1.2766573522451286,True,FAIL_RELATIVE_EQUILIBRIUM_GATE,0.3326274722334896,0.31209609243625464,0.24301329552476827,-0.3687624436976029,0.22772272172516028,0.1345720310989072,0.41551824440275364,1.2951135132325804,1.2120731634806146,,,,,
B7_DISCRETIZATION_CONVERGENCE,192,0.05,winckelmans,fixed_sampled_reach,trefoil,3:1:1,continuum_rankine,continuum,0.75,0.2378112887995723,0.18781128879957232,0.14085846659967924,0,0.0,0.0,2.0,32.08589887171754,16.04294943585877,0.39164776603581253,16.04294943585877,2.553314704490257,True,FAIL_RELATIVE_EQUILIBRIUM_GATE,0.48938976034312875,0.3920338817760277,0.24301329552476827,-1.0138394456415636,0.3350449903053458,0.2691440621978144,0.8310364888055073,1.2951135132325804,1.2120731634806146,,,,,
B7_DISCRETIZATION_CONVERGENCE,192,0.05,winckelmans,fixed_sampled_reach,trefoil,3:1:1,continuum_rankine,continuum,1.0,0.2378112887995723,0.18781128879957232,0.18781128879957232,0,0.0,0.0,0.5,4.5120795288352795,2.2560397644176398,2.785050780699111,2.2560397644176398,0.3590598803189424,True,FAIL_RELATIVE_EQUILIBRIUM_GATE,0.2742057301515063,0.2699038315994891,0.24301329552476827,-0.12835690557333646,0.18772615131110926,0.0672860155494536,0.20775912220137682,1.2951135132325804,1.2120731634806146,,,,,
B7_DISCRETIZATION_CONVERGENCE,192,0.05,winckelmans,fixed_sampled_reach,trefoil,3:1:1,continuum_rankine,continuum,1.0,0.2378112887995723,0.18781128879957232,0.18781128879957232,0,0.0,0.0,1.0,9.024159057670559,4.5120795288352795,1.3925253903495556,4.5120795288352795,0.7181197606378849,True,FAIL_RELATIVE_EQUILIBRIUM_GATE,0.3326274722334896,0.31209609243625464,0.24301329552476827,-0.3687624436976029,0.22772272172516028,0.1345720310989072,0.41551824440275364,1.2951135132325804,1.2120731634806146,,,,,
B7_DISCRETIZATION_CONVERGENCE,192,0.05,winckelmans,fixed_sampled_reach,trefoil,3:1:1,continuum_rankine,continuum,1.0,0.2378112887995723,0.18781128879957232,0.18781128879957232,0,0.0,0.0,2.0,18.048318115341118,9.024159057670559,0.6962626951747778,9.024159057670559,1.4362395212757697,True,FAIL_RELATIVE_EQUILIBRIUM_GATE,0.48938976034312875,0.3920338817760277,0.24301329552476827,-1.0138394456415636,0.3350449903053458,0.2691440621978144,0.8310364888055073,1.2951135132325804,1.2120731634806146,,,,,
