1 0.000197153 
2 0.000196948 
3 0.000195956 
4 0.000189141 
5 0.000188793 
6 0.000183825 
7 0.000183401 
8 0.000174426 
9 0.000174258 
10 0.000173102 
11 0.000163908 
12 0.000163657 
13 0.000160422 
14 0.000158547 
15 0.000153375 
16 0.000152801 
17 0.000148667 
18 0.000148195 
19 0.000142598 
20 0.000142388 
21 0.000139335 
22 0.000139024 
23 0.000130635 
24 0.000130468 
25 0.000129734 
26 0.00012414 
27 0.000123925 
28 0.000122237 
29 0.000120834 
30 0.000118694 
31 0.000118077 
32 0.000114652 
33 0.000114449 
34 0.000111219 
35 0.000110799 
36 0.000106518 
37 0.000106324 
38 0.000105122 
39 0.00010436 
40 0.000103151 
41 0.000102679 
42 9.78873e-05 
43 9.77881e-05 
44 9.71745e-05 
45 9.47652e-05 
46 9.45181e-05 
47 8.97366e-05 
48 8.96261e-05 
49 8.86648e-05 
50 8.53323e-05 
51 8.50128e-05 
52 8.27522e-05 
53 8.2585e-05 
54 8.10374e-05 
55 8.07945e-05 
56 7.8572e-05 
57 7.77459e-05 
58 7.72914e-05 
59 7.38885e-05 
60 7.37922e-05 
61 7.09228e-05 
62 7.08271e-05 
63 6.88265e-05 
64 6.8527e-05 
65 6.62825e-05 
66 6.61159e-05 
67 6.33836e-05 
68 6.3261e-05 
69 5.99079e-05 
70 5.98494e-05 
71 5.8999e-05 
72 5.79406e-05 
73 5.77298e-05 
74 5.4307e-05 
75 5.42013e-05 
76 5.38702e-05 
77 5.23508e-05 
78 5.21858e-05 
79 5.0058e-05 
80 4.99175e-05 
81 4.73685e-05 
82 4.72778e-05 
83 4.67835e-05 
84 4.50733e-05 
85 4.49953e-05 
86 4.39607e-05 
87 4.37152e-05 
88 4.1812e-05 
89 4.1731e-05 
90 4.10823e-05 
91 4.08341e-05 
92 3.85372e-05 
93 3.84655e-05 
94 3.76743e-05 
95 3.69389e-05 
96 3.6446e-05 
97 3.61143e-05 
98 3.39574e-05 
99 3.39041e-05 
100 3.36851e-05 
101 3.2829e-05 
102 3.27141e-05 
103 3.0031e-05 
104 2.99811e-05 
105 2.95364e-05 
106 2.73212e-05 
107 2.72731e-05 
108 2.62184e-05 
109 2.60183e-05 
110 2.52909e-05 
111 2.51004e-05 
112 2.47963e-05 
113 2.45506e-05 
114 2.27113e-05 
115 2.26697e-05 
116 2.245e-05 
117 2.0681e-05 
118 2.06373e-05 
119 2.0016e-05 
120 1.98867e-05 
121 1.84981e-05 
122 1.84691e-05 
123 1.78625e-05 
124 1.77581e-05 
125 1.67003e-05 
126 1.66806e-05 
127 1.65476e-05 
128 1.55562e-05 
129 1.54912e-05 
130 1.5068e-05 
131 1.50181e-05 
132 1.38452e-05 
133 1.38161e-05 
134 1.37059e-05 
135 1.35529e-05 
136 1.29541e-05 
137 1.29165e-05 
138 1.17864e-05 
139 1.17697e-05 
140 1.17145e-05 
141 1.16512e-05 
142 1.1596e-05 
143 1.14494e-05 
144 1.03082e-05 
145 1.02911e-05 
146 1.00303e-05 
147 9.68043e-06 
148 9.59403e-06 
149 8.78571e-06 
150 8.75958e-06 
151 8.35194e-06 
152 8.30939e-06 
153 7.82336e-06 
154 7.75584e-06 
155 7.64412e-06 
156 6.76057e-06 
157 6.74765e-06 
158 6.63947e-06 
159 6.1261e-06 
160 6.09179e-06 
161 5.58141e-06 
162 5.56554e-06 
163 5.33653e-06 
164 5.16852e-06 
165 4.98764e-06 
166 4.96237e-06 
167 4.92222e-06 
168 4.75883e-06 
169 4.69127e-06 
170 3.7935e-06 
171 3.78888e-06 
172 3.72818e-06 
173 3.50556e-06 
174 3.49267e-06 
175 3.38106e-06 
176 3.3237e-06 
177 3.04363e-06 
178 3.03815e-06 
179 3.02142e-06 
180 2.97885e-06 
181 2.59068e-06 
182 2.58424e-06 
183 2.54823e-06 
184 2.16467e-06 
185 2.16083e-06 
186 2.14333e-06 
187 2.09435e-06 
188 2.05516e-06 
189 1.97681e-06 
190 1.95988e-06 
191 1.74545e-06 
192 1.73963e-06 
193 1.73234e-06 
194 1.71658e-06 
195 1.44896e-06 
196 1.44527e-06 
197 1.4301e-06 
198 1.19069e-06 
199 1.1869e-06 
200 1.17309e-06 
201 1.14953e-06 
202 1.14067e-06 
203 9.34802e-07 
204 9.32381e-07 
205 9.22731e-07 
206 8.67035e-07 
207 8.64793e-07 
208 8.62287e-07 
209 8.43424e-07 
210 8.39514e-07 
211 8.36511e-07 
212 8.31796e-07 
213 7.70321e-07 
214 7.70052e-07 
215 7.71992e-07 
216 7.70034e-07 
217 7.69302e-07 
218 7.6716e-07 
219 7.40497e-07 
220 7.40132e-07 
221 7.39834e-07 
222 7.39367e-07 
223 7.38663e-07 
224 7.37369e-07 
225 7.31518e-07 
226 7.29476e-07 
227 7.07782e-07 
228 7.07467e-07 
229 7.07025e-07 
230 7.0343e-07 
231 7.01465e-07 
232 6.94043e-07 
233 6.93438e-07 
234 6.79324e-07 
235 6.75754e-07 
236 6.74706e-07 
237 6.72412e-07 
238 6.82684e-07 
239 6.81886e-07 
240 6.78609e-07 
241 6.7097e-07 
242 6.69314e-07 
243 6.54627e-07 
244 6.51326e-07 
245 6.47045e-07 
246 6.38556e-07 
247 6.37689e-07 
248 6.36532e-07 
249 6.34213e-07 
250 5.80542e-07 
251 5.79522e-07 
252 5.77135e-07 
253 5.38574e-07 
254 5.38134e-07 
255 5.34812e-07 
256 5.29714e-07 
257 5.2611e-07 
258 5.25236e-07 
259 5.20795e-07 
260 5.20106e-07 
261 5.10033e-07 
262 5.09804e-07 
263 5.09532e-07 
264 5.09161e-07 
265 5.08448e-07 
266 5.01246e-07 
267 5.00876e-07 
268 5.00214e-07 
269 4.96297e-07 
270 4.96067e-07 
271 4.9548e-07 
272 4.93568e-07 
273 4.93351e-07 
274 4.93125e-07 
275 4.92889e-07 
276 4.92573e-07 
277 4.91782e-07 
278 4.92004e-07 
279 5.12108e-07 
280 5.11393e-07 
281 5.11255e-07 
282 5.11333e-07 
283 5.1133e-07 
284 5.11318e-07 
285 5.11284e-07 
286 5.11258e-07 
287 5.11238e-07 
288 5.11216e-07 
289 5.11196e-07 
290 5.11171e-07 
291 5.11131e-07 
292 5.11095e-07 
293 5.11034e-07 
294 5.10936e-07 
295 5.10838e-07 
296 5.10736e-07 
297 5.10614e-07 
298 5.10489e-07 
299 5.10356e-07 
300 5.10251e-07 
301 5.10018e-07 
302 5.09731e-07 
303 5.09406e-07 
304 5.0898e-07 
305 5.08038e-07 
306 5.07505e-07 
307 5.06481e-07 
308 5.05171e-07 
309 5.03385e-07 
310 5.01049e-07 
311 4.97513e-07 
312 4.93434e-07 
313 4.8663e-07 
314 4.86245e-07 
315 4.85883e-07 
316 4.85673e-07 
317 4.85628e-07 
318 4.84548e-07 
319 4.82081e-07 
320 4.81511e-07 
321 4.80936e-07 
322 4.79666e-07 
323 4.79056e-07 
324 4.78977e-07 
325 4.78395e-07 
326 4.77366e-07 
327 4.76498e-07 
328 4.76162e-07 
329 4.75372e-07 
330 4.72835e-07 
331 4.73073e-07 
332 4.73121e-07 
333 4.72394e-07 
334 4.72599e-07 
335 4.7272e-07 
336 4.86204e-07 
337 4.85944e-07 
338 4.84891e-07 
339 4.84242e-07 
340 4.83456e-07 
341 4.90472e-07 
342 4.9058e-07 
343 4.92974e-07 
344 4.98073e-07 
345 5.11957e-07 
346 5.1234e-07 
347 5.1418e-07 
348 5.16685e-07 
349 5.30046e-07 
350 5.30582e-07 
351 5.35782e-07 
352 5.35974e-07 
353 5.36821e-07 
354 5.66877e-07 
355 5.67021e-07 
356 5.69076e-07 
357 5.84922e-07 
358 5.84955e-07 
359 5.85083e-07 
360 5.86661e-07 
361 6.04612e-07 
362 6.04783e-07 
363 6.05276e-07 
364 6.06924e-07 
365 6.37713e-07 
366 6.37423e-07 
367 6.36724e-07 
368 6.39808e-07 
369 6.41641e-07 
370 6.47633e-07 
371 6.50798e-07 
372 6.53751e-07 
373 6.5455e-07 
374 6.59967e-07 
375 6.59832e-07 
376 6.59764e-07 
377 6.6052e-07 
378 6.62246e-07 
379 6.62944e-07 
380 6.63693e-07 
381 6.86797e-07 
382 6.86603e-07 
383 6.86047e-07 
384 6.85427e-07 
385 6.84382e-07 
386 6.84516e-07 
387 6.83832e-07 
388 6.82629e-07 
389 6.82227e-07 
390 6.81568e-07 
391 7.48228e-07 
392 7.48156e-07 
393 7.4859e-07 
394 7.48914e-07 
395 7.48976e-07 
396 7.49016e-07 
397 7.48904e-07 
398 7.48658e-07 
399 7.47881e-07 
400 7.39802e-07 
401 7.39249e-07 
402 7.4451e-07 
403 7.42036e-07 
404 7.35496e-07 
405 7.3577e-07 
406 7.32558e-07 
407 7.32539e-07 
408 7.27888e-07 
409 7.2787e-07 
410 7.27766e-07 
411 7.27231e-07 
412 7.20979e-07 
413 7.20983e-07 
414 7.20947e-07 
415 7.20818e-07 
416 7.20187e-07 
417 7.16087e-07 
418 7.16119e-07 
419 7.16071e-07 
420 7.15357e-07 
421 7.14656e-07 
422 7.13873e-07 
423 7.13391e-07 
424 7.13351e-07 
425 7.13303e-07 
426 7.13208e-07 
427 7.12971e-07 
428 7.11909e-07 
429 7.10158e-07 
430 7.0919e-07 
431 7.07838e-07 
432 7.0594e-07 
433 7.05436e-07 
434 7.04576e-07 
435 7.05273e-07 
436 7.04748e-07 
437 7.05394e-07 
438 7.07074e-07 
439 7.06412e-07 
440 7.05494e-07 
441 7.02129e-07 
442 7.02324e-07 
443 7.02531e-07 
444 7.01167e-07 
445 7.0127e-07 
446 7.04087e-07 
447 7.03708e-07 
448 7.03116e-07 
449 7.02493e-07 
450 7.01969e-07 
451 7.00965e-07 
452 7.01132e-07 
453 7.00503e-07 
454 7.54902e-07 
455 7.54004e-07 
456 7.52671e-07 
457 7.51346e-07 
458 7.47365e-07 
459 7.39986e-07 
460 7.38665e-07 
461 7.37479e-07 
462 7.34821e-07 
463 7.34824e-07 
464 7.32333e-07 
465 7.32622e-07 
466 7.29068e-07 
467 7.29756e-07 
468 7.24727e-07 
469 7.24887e-07 
470 7.25036e-07 
471 7.25169e-07 
472 7.25244e-07 
473 7.24313e-07 
474 7.23778e-07 
475 7.23255e-07 
476 7.22448e-07 
477 7.22784e-07 
478 7.59597e-07 
479 7.60051e-07 
480 7.60282e-07 
481 7.61894e-07 
482 7.73123e-07 
483 7.72851e-07 
484 7.72762e-07 
485 7.72899e-07 
486 7.79145e-07 
487 7.78828e-07 
488 7.78124e-07 
489 7.78196e-07 
490 7.78405e-07 
491 7.78534e-07 
492 7.85143e-07 
493 7.84271e-07 
494 7.83227e-07 
495 7.80728e-07 
496 7.78013e-07 
497 7.76279e-07 
498 7.54335e-07 
499 7.52694e-07 
500 7.51473e-07 
501 7.50011e-07 
502 7.47941e-07 
503 7.43161e-07 
504 6.56817e-07 
505 6.56238e-07 
506 6.53268e-07 
507 6.45693e-07 
508 6.43669e-07 
509 6.35096e-07 
510 6.32812e-07 
511 6.28121e-07 
512 6.13585e-07 
513 6.12824e-07 
514 6.1157e-07 
515 6.0549e-07 
516 6.03293e-07 
517 6.14207e-07 
518 6.13485e-07 
519 6.10384e-07 
520 6.08848e-07 
521 6.07128e-07 
522 6.06489e-07 
523 6.05709e-07 
524 6.03443e-07 
525 5.99773e-07 
526 5.98116e-07 
527 5.95667e-07 
528 5.93866e-07 
529 5.92481e-07 
530 6.58526e-07 
531 6.57811e-07 
532 6.56915e-07 
533 6.57627e-07 
534 6.71243e-07 
535 6.71938e-07 
536 6.72437e-07 
537 6.73746e-07 
538 7.14925e-07 
539 7.13909e-07 
540 7.12398e-07 
541 7.08852e-07 
542 7.09222e-07 
543 7.3417e-07 
544 7.33577e-07 
545 7.37314e-07 
546 7.34772e-07 
547 7.28086e-07 
548 7.28737e-07 
549 7.28774e-07 
550 7.28689e-07 
551 7.28609e-07 
552 7.28526e-07 
553 7.28408e-07 
554 7.28318e-07 
555 7.28197e-07 
556 7.27973e-07 
557 7.27782e-07 
558 7.27427e-07 
559 7.26922e-07 
560 7.2635e-07 
561 7.23971e-07 
562 7.20547e-07 
563 7.16715e-07 
564 7.11278e-07 
565 7.03507e-07 
566 7.08826e-07 
567 7.06839e-07 
568 7.0537e-07 
569 7.06035e-07 
570 7.05996e-07 
571 7.40279e-07 
572 7.4015e-07 
573 7.40228e-07 
574 7.39677e-07 
575 7.37203e-07 
576 7.23995e-07 
577 7.25782e-07 
578 7.25206e-07 
579 7.24896e-07 
580 7.24996e-07 
581 7.25047e-07 
582 7.21193e-07 
583 7.20846e-07 
584 7.19901e-07 
585 7.17443e-07 
586 7.16713e-07 
587 7.13859e-07 
588 7.11762e-07 
589 7.10891e-07 
590 7.09409e-07 
591 7.00276e-07 
592 7.00127e-07 
593 7.00244e-07 
594 6.99172e-07 
595 6.98969e-07 
596 6.96071e-07 
597 6.90003e-07 
598 6.8808e-07 
599 6.82514e-07 
600 6.82307e-07 
601 6.76895e-07 
602 6.76532e-07 
603 6.74472e-07 
604 6.7167e-07 
605 6.69543e-07 
606 6.66616e-07 
607 6.65186e-07 
608 6.52368e-07 
609 6.52203e-07 
610 6.52039e-07 
611 6.51819e-07 
612 6.51527e-07 
613 6.51048e-07 
614 6.49556e-07 
615 6.4396e-07 
616 6.4295e-07 
617 6.32829e-07 
618 6.32596e-07 
619 6.32257e-07 
620 6.31831e-07 
621 6.30252e-07 
622 6.26972e-07 
623 6.26646e-07 
624 6.25184e-07 
625 6.20053e-07 
626 6.19514e-07 
627 6.16699e-07 
628 6.15814e-07 
629 6.1025e-07 
630 6.10094e-07 
631 6.09075e-07 
632 5.97629e-07 
633 5.97775e-07 
634 5.97558e-07 
635 5.9635e-07 
636 5.9486e-07 
637 5.89239e-07 
638 5.88668e-07 
639 5.88406e-07 
640 5.88118e-07 
641 5.87789e-07 
642 5.87375e-07 
643 5.86706e-07 
644 5.8434e-07 
645 5.83404e-07 
646 5.81569e-07 
647 5.81421e-07 
648 5.80733e-07 
649 5.79151e-07 
650 5.79766e-07 
651 5.79223e-07 
652 5.78604e-07 
653 5.76391e-07 
654 5.76268e-07 
655 5.76438e-07 
656 5.81655e-07 
657 5.79816e-07 
658 5.71389e-07 
659 5.71664e-07 
660 5.67768e-07 
661 5.6656e-07 
662 5.50784e-07 
663 5.5082e-07 
664 5.50689e-07 
665 5.49147e-07 
666 5.45594e-07 
667 5.39775e-07 
668 5.38096e-07 
669 5.36422e-07 
670 5.33362e-07 
671 5.32766e-07 
672 5.30811e-07 
673 5.28011e-07 
674 5.2709e-07 
675 5.26328e-07 
676 5.25273e-07 
677 5.21816e-07 
678 5.21375e-07 
679 5.12532e-07 
680 5.12112e-07 
681 5.12059e-07 
682 5.11747e-07 
683 5.10547e-07 
684 4.92731e-07 
685 4.92727e-07 
686 4.92519e-07 
687 4.91707e-07 
688 4.90722e-07 
689 4.90833e-07 
690 4.89738e-07 
691 4.97698e-07 
692 4.97368e-07 
693 4.93867e-07 
694 4.91628e-07 
695 4.91548e-07 
696 4.91487e-07 
697 4.9141e-07 
698 4.91304e-07 
699 4.94859e-07 
700 4.95022e-07 
701 4.95796e-07 
702 5.17211e-07 
703 5.17078e-07 
704 5.17107e-07 
705 5.26401e-07 
706 5.26544e-07 
707 5.32679e-07 
708 5.3205e-07 
709 5.34591e-07 
710 5.35798e-07 
711 5.66453e-07 
712 5.66489e-07 
713 5.66452e-07 
714 5.66421e-07 
715 5.66345e-07 
716 5.66264e-07 
717 5.66236e-07 
718 5.66217e-07 
719 5.6627e-07 
720 5.66338e-07 
721 5.66552e-07 
722 5.6699e-07 
723 5.67823e-07 
724 5.68712e-07 
725 5.71063e-07 
726 5.76586e-07 
727 5.76878e-07 
728 5.83467e-07 
729 5.9197e-07 
730 5.93338e-07 
731 6.17414e-07 
732 6.16518e-07 
733 6.19647e-07 
734 6.20935e-07 
735 6.22417e-07 
736 6.27184e-07 
737 6.26915e-07 
738 6.27051e-07 
739 6.27476e-07 
740 6.49366e-07 
741 6.49333e-07 
742 6.54542e-07 
743 6.5932e-07 
744 6.5937e-07 
745 6.59497e-07 
746 6.63822e-07 
747 6.6364e-07 
748 6.72541e-07 
749 6.72786e-07 
750 6.74607e-07 
751 6.75405e-07 
752 6.75788e-07 
753 6.76409e-07 
754 6.9195e-07 
755 6.91689e-07 
756 6.90979e-07 
757 6.90411e-07 
758 6.90239e-07 
759 6.91257e-07 
760 6.91027e-07 
761 6.90032e-07 
762 6.87754e-07 
763 6.83745e-07 
764 6.83559e-07 
765 6.8305e-07 
766 6.82543e-07 
767 6.84754e-07 
768 6.83688e-07 
769 6.82924e-07 
770 6.82784e-07 
771 6.82623e-07 
772 6.81894e-07 
773 6.83965e-07 
774 6.83694e-07 
775 6.8339e-07 
776 6.83062e-07 
777 6.82719e-07 
778 6.82245e-07 
779 6.8567e-07 
780 6.8534e-07 
781 6.84382e-07 
782 6.73776e-07 
783 6.73063e-07 
784 6.7249e-07 
785 6.71986e-07 
786 6.71415e-07 
787 6.70559e-07 
788 6.67803e-07 
789 6.66384e-07 
790 6.71494e-07 
791 6.71174e-07 
792 6.69077e-07 
793 6.64447e-07 
794 6.63998e-07 
795 6.62308e-07 
796 6.6145e-07 
797 6.58783e-07 
798 6.58344e-07 
799 6.56933e-07 
800 6.56027e-07 
801 6.55229e-07 
802 6.51049e-07 
803 6.5051e-07 
804 6.4693e-07 
805 6.45717e-07 
806 6.42772e-07 
807 6.41944e-07 
808 6.40244e-07 
809 6.33302e-07 
810 6.3196e-07 
811 6.25797e-07 
812 6.24686e-07 
813 6.23982e-07 
814 6.23828e-07 
815 6.22692e-07 
816 6.1196e-07 
817 6.11577e-07 
818 6.10751e-07 
819 6.08016e-07 
820 5.93248e-07 
821 5.93212e-07 
822 5.91286e-07 
823 5.88686e-07 
824 5.86131e-07 
825 5.84944e-07 
826 5.80254e-07 
827 5.80376e-07 
828 5.78729e-07 
829 5.74171e-07 
830 5.74311e-07 
831 5.74326e-07 
832 5.73822e-07 
833 5.7116e-07 
834 5.71265e-07 
835 5.71204e-07 
836 5.71189e-07 
837 5.71177e-07 
838 5.71157e-07 
839 5.71145e-07 
840 5.71135e-07 
841 5.71129e-07 
842 5.71124e-07 
843 5.71117e-07 
844 5.71109e-07 
845 5.71107e-07 
846 5.71081e-07 
847 5.71058e-07 
848 5.71046e-07 
849 5.71019e-07 
850 5.71005e-07 
851 5.70985e-07 
852 5.70975e-07 
853 5.70967e-07 
854 5.70951e-07 
855 5.70946e-07 
856 5.7094e-07 
857 5.70936e-07 
858 5.70926e-07 
859 5.70908e-07 
860 5.70882e-07 
861 5.70729e-07 
862 5.7049e-07 
863 5.70397e-07 
864 5.70211e-07 
865 5.70163e-07 
866 5.69964e-07 
867 5.6955e-07 
868 5.69018e-07 
869 5.68177e-07 
870 5.6755e-07 
871 5.67278e-07 
872 5.67335e-07 
873 5.67613e-07 
874 5.67851e-07 
875 5.70667e-07 
876 5.70683e-07 
877 5.7095e-07 
878 5.75122e-07 
879 5.74989e-07 
880 5.74648e-07 
881 5.74359e-07 
882 5.74004e-07 
883 5.75197e-07 
884 5.7533e-07 
885 5.81152e-07 
886 5.81047e-07 
887 5.80823e-07 
888 5.79301e-07 
889 5.79696e-07 
890 5.80774e-07 
891 5.85665e-07 
892 5.85646e-07 
893 5.85672e-07 
894 5.88197e-07 
895 5.88149e-07 
896 5.89694e-07 
897 5.95771e-07 
898 5.95774e-07 
899 5.95596e-07 
900 5.97143e-07 
901 5.97434e-07 
902 5.98661e-07 
903 6.24211e-07 
904 6.24207e-07 
905 6.24656e-07 
906 6.25532e-07 
907 6.29322e-07 
908 6.29938e-07 
909 6.36347e-07 
910 6.3689e-07 
911 6.3871e-07 
912 6.68452e-07 
913 6.68444e-07 
914 6.6903e-07 
915 6.74731e-07 
916 6.85335e-07 
917 6.86967e-07 
918 7.01488e-07 
919 7.01515e-07 
920 7.01985e-07 
921 7.0399e-07 
922 7.1301e-07 
923 7.13091e-07 
924 7.14259e-07 
925 7.28867e-07 
926 7.28976e-07 
927 7.35854e-07 
928 7.35761e-07 
929 7.3502e-07 
930 7.34625e-07 
931 7.36427e-07 
932 7.34825e-07 
933 7.35529e-07 
934 7.35113e-07 
935 7.3479e-07 
936 7.33537e-07 
937 7.271e-07 
938 7.2695e-07 
939 7.26199e-07 
940 7.2424e-07 
941 7.23111e-07 
942 7.2106e-07 
943 7.17061e-07 
944 7.16879e-07 
945 7.09015e-07 
946 7.09242e-07 
947 7.09355e-07 
948 7.07138e-07 
949 7.05903e-07 
950 7.03935e-07 
951 6.86818e-07 
952 6.87085e-07 
953 6.87679e-07 
954 6.88182e-07 
955 6.88676e-07 
956 6.89166e-07 
957 6.89406e-07 
958 6.87623e-07 
959 6.85348e-07 
960 6.85077e-07 
961 6.82905e-07 
962 6.72473e-07 
963 6.72155e-07 
964 6.70018e-07 
965 6.67543e-07 
966 6.60973e-07 
967 6.59895e-07 
968 6.47532e-07 
969 6.4765e-07 
970 6.49254e-07 
971 6.49978e-07 
972 6.50748e-07 
973 6.54763e-07 
974 6.53659e-07 
975 6.52508e-07 
976 6.50727e-07 
977 6.61663e-07 
978 6.61181e-07 
979 6.59394e-07 
980 6.59446e-07 
981 6.61202e-07 
982 6.74209e-07 
983 6.73748e-07 
984 6.74859e-07 
985 6.75955e-07 
986 7.05751e-07 
987 7.04402e-07 
988 7.03292e-07 
989 6.9923e-07 
990 6.9906e-07 
991 7.01019e-07 
992 7.00558e-07 
993 6.99739e-07 
994 6.995e-07 
995 7.01756e-07 
996 7.03551e-07 
997 7.04068e-07 
998 7.05812e-07 
999 7.05768e-07 
1000 7.04867e-07 
1001 7.00084e-07 
1002 6.9769e-07 
1003 6.96483e-07 
1004 6.94771e-07 
1005 6.9279e-07 
1006 6.90238e-07 
1007 6.83655e-07 
1008 6.83772e-07 
1009 6.83763e-07 
1010 6.8374e-07 
1011 6.83707e-07 
1012 6.837e-07 
1013 6.83681e-07 
1014 6.83644e-07 
1015 6.8362e-07 
1016 6.83599e-07 
1017 6.83567e-07 
1018 6.83507e-07 
1019 6.83481e-07 
1020 6.83468e-07 
1021 6.83456e-07 
1022 6.83432e-07 
1023 6.83419e-07 
1024 6.83395e-07 
1025 6.83378e-07 
1026 6.83363e-07 
1027 6.83345e-07 
1028 6.83335e-07 
1029 6.83326e-07 
1030 6.83315e-07 
1031 6.833e-07 
1032 6.83288e-07 
1033 6.83275e-07 
1034 6.83248e-07 
1035 6.83232e-07 
1036 6.83193e-07 
1037 6.83153e-07 
1038 6.83117e-07 
1039 6.83079e-07 
1040 6.83049e-07 
1041 6.82974e-07 
1042 6.82911e-07 
1043 6.8287e-07 
1044 6.82803e-07 
1045 6.82753e-07 
1046 6.82686e-07 
1047 6.82637e-07 
1048 6.82562e-07 
1049 6.82469e-07 
1050 6.82265e-07 
1051 6.82162e-07 
1052 6.82001e-07 
1053 6.81823e-07 
1054 6.81559e-07 
1055 6.813e-07 
1056 6.8118e-07 
1057 6.80864e-07 
1058 6.80489e-07 
1059 6.79607e-07 
1060 6.78958e-07 
1061 6.78094e-07 
1062 6.77034e-07 
1063 6.75608e-07 
1064 6.75121e-07 
1065 6.74173e-07 
1066 6.73408e-07 
1067 6.72568e-07 
1068 6.71304e-07 
1069 6.69071e-07 
1070 6.67593e-07 
1071 6.65495e-07 
1072 6.631e-07 
1073 6.59339e-07 
1074 6.54445e-07 
1075 6.54414e-07 
1076 6.54264e-07 
1077 6.40357e-07 
1078 6.4033e-07 
1079 6.4036e-07 
1080 6.40228e-07 
1081 6.34716e-07 
1082 6.34897e-07 
1083 6.2994e-07 
1084 6.29511e-07 
1085 6.28892e-07 
1086 6.22105e-07 
1087 6.22132e-07 
1088 6.21709e-07 
1089 6.20061e-07 
1090 6.14052e-07 
1091 6.13805e-07 
1092 6.1359e-07 
1093 6.12274e-07 
1094 6.05111e-07 
1095 6.05104e-07 
1096 6.04864e-07 
1097 6.00868e-07 
1098 6.00812e-07 
1099 5.93825e-07 
1100 5.93785e-07 
1101 5.91915e-07 
1102 5.91687e-07 
1103 5.88917e-07 
1104 5.78622e-07 
1105 5.78507e-07 
1106 5.77854e-07 
1107 5.72011e-07 
1108 5.71896e-07 
1109 5.7098e-07 
1110 5.68333e-07 
1111 5.68288e-07 
1112 5.65038e-07 
1113 5.64874e-07 
1114 5.64362e-07 
1115 5.63808e-07 
1116 5.63144e-07 
1117 5.62127e-07 
1118 5.57347e-07 
1119 5.57253e-07 
1120 5.56346e-07 
1121 5.53289e-07 
1122 5.42789e-07 
1123 5.43138e-07 
1124 5.43304e-07 
1125 5.43772e-07 
1126 5.42997e-07 
1127 5.42291e-07 
1128 5.39184e-07 
1129 5.38584e-07 
1130 5.57269e-07 
1131 5.57174e-07 
1132 5.57375e-07 
1133 5.56873e-07 
1134 5.56526e-07 
1135 5.56781e-07 
1136 5.58581e-07 
1137 5.58538e-07 
1138 5.58537e-07 
1139 5.58696e-07 
1140 5.84531e-07 
1141 5.84726e-07 
1142 5.84677e-07 
1143 5.83794e-07 
1144 5.8027e-07 
1145 5.8025e-07 
1146 5.79852e-07 
1147 5.75422e-07 
1148 5.74868e-07 
1149 5.72786e-07 
1150 5.65895e-07 
1151 5.6634e-07 
1152 5.6761e-07 
1153 5.66072e-07 
1154 5.61239e-07 
1155 5.61035e-07 
1156 5.78252e-07 
1157 5.78111e-07 
1158 5.78194e-07 
1159 5.78891e-07 
1160 5.78337e-07 
1161 5.76587e-07 
1162 5.77845e-07 
1163 5.77059e-07 
1164 5.77988e-07 
1165 5.79368e-07 
1166 5.80542e-07 
1167 5.81055e-07 
1168 5.81891e-07 
1169 6.17293e-07 
1170 6.16331e-07 
1171 6.14365e-07 
1172 6.11916e-07 
1173 6.10002e-07 
1174 6.10703e-07 
1175 6.13286e-07 
1176 6.08859e-07 
1177 6.07773e-07 
1178 6.04826e-07 
1179 6.03307e-07 
1180 5.99483e-07 
1181 5.98761e-07 
1182 5.96046e-07 
1183 5.95544e-07 
1184 5.93478e-07 
1185 5.90289e-07 
1186 5.89455e-07 
1187 5.87288e-07 
1188 5.86574e-07 
1189 5.86632e-07 
1190 5.86516e-07 
1191 5.86445e-07 
1192 5.86342e-07 
1193 5.86217e-07 
1194 5.86118e-07 
1195 5.85936e-07 
1196 5.85727e-07 
1197 5.85392e-07 
1198 5.85064e-07 
1199 5.84738e-07 
1200 5.83553e-07 
1201 5.80927e-07 
1202 5.77801e-07 
1203 5.73402e-07 
1204 5.68717e-07 
1205 5.65404e-07 
1206 5.65302e-07 
1207 5.65281e-07 
1208 5.64277e-07 
1209 5.64657e-07 
1210 5.65366e-07 
1211 5.84783e-07 
1212 5.84681e-07 
1213 5.84243e-07 
1214 5.83791e-07 
1215 5.83819e-07 
1216 6.07244e-07 
1217 6.06896e-07 
1218 6.05734e-07 
1219 6.03809e-07 
1220 6.03526e-07 
1221 6.04459e-07 
1222 6.04542e-07 
1223 6.07159e-07 
1224 6.08172e-07 
1225 6.0658e-07 
1226 6.06229e-07 
1227 6.0569e-07 
1228 6.04575e-07 
1229 6.05941e-07 
1230 6.05294e-07 
1231 6.04596e-07 
1232 6.1663e-07 
1233 6.16625e-07 
1234 6.17541e-07 
1235 6.19127e-07 
1236 6.48364e-07 
1237 6.48708e-07 
1238 6.49608e-07 
1239 6.63098e-07 
1240 6.63716e-07 
1241 6.65397e-07 
1242 7.16532e-07 
1243 7.16545e-07 
1244 7.16764e-07 
1245 7.16984e-07 
1246 7.17446e-07 
1247 7.19929e-07 
1248 7.21385e-07 
1249 7.50733e-07 
1250 7.50685e-07 
1251 7.51116e-07 
1252 7.51549e-07 
1253 7.52087e-07 
1254 7.53144e-07 
1255 7.67994e-07 
1256 7.68281e-07 
1257 7.69114e-07 
1258 7.70855e-07 
1259 7.72902e-07 
1260 7.73573e-07 
1261 7.75788e-07 
1262 7.76228e-07 
1263 7.76769e-07 
1264 7.78188e-07 
1265 7.77234e-07 
1266 7.73074e-07 
1267 7.73605e-07 
1268 7.74055e-07 
1269 7.74802e-07 
1270 7.73316e-07 
1271 7.69404e-07 
1272 7.69548e-07 
1273 7.69402e-07 
1274 7.69374e-07 
1275 7.6921e-07 
1276 7.69157e-07 
1277 7.69067e-07 
1278 7.6899e-07 
1279 7.68925e-07 
1280 7.68872e-07 
1281 7.68815e-07 
1282 7.68779e-07 
1283 7.68729e-07 
1284 7.68664e-07 
1285 7.68589e-07 
1286 7.68518e-07 
1287 7.68451e-07 
1288 7.68357e-07 
1289 7.68299e-07 
1290 7.68288e-07 
1291 7.68318e-07 
1292 7.68338e-07 
1293 7.68519e-07 
1294 7.6889e-07 
1295 7.68811e-07 
1296 7.68721e-07 
1297 7.69057e-07 
1298 7.70751e-07 
1299 7.72078e-07 
1300 7.75938e-07 
1301 7.76464e-07 
1302 7.82389e-07 
1303 7.82439e-07 
1304 7.89706e-07 
1305 7.8985e-07 
1306 7.90383e-07 
1307 7.90443e-07 
1308 8.08952e-07 
1309 8.08665e-07 
1310 8.07633e-07 
1311 8.03678e-07 
1312 7.69319e-07 
1313 7.69121e-07 
1314 7.69338e-07 
1315 7.69877e-07 
1316 7.70991e-07 
1317 7.69263e-07 
1318 7.59489e-07 
1319 7.54917e-07 
1320 7.46697e-07 
1321 7.45459e-07 
1322 7.30811e-07 
1323 7.30328e-07 
1324 7.27897e-07 
1325 7.17483e-07 
1326 7.15773e-07 
1327 6.94174e-07 
1328 6.93746e-07 
1329 6.92004e-07 
1330 6.88975e-07 
1331 6.68724e-07 
1332 6.68504e-07 
1333 6.67874e-07 
1334 6.66222e-07 
1335 6.49906e-07 
1336 6.49591e-07 
1337 6.47531e-07 
1338 6.38266e-07 
1339 6.37769e-07 
1340 6.35187e-07 
1341 6.3498e-07 
1342 6.34615e-07 
1343 6.33846e-07 
1344 6.43872e-07 
1345 6.43112e-07 
1346 6.42469e-07 
1347 6.39745e-07 
1348 6.40616e-07 
1349 6.39635e-07 
1350 6.37635e-07 
1351 6.37337e-07 
1352 6.33593e-07 
1353 6.33584e-07 
1354 6.3296e-07 
1355 6.31747e-07 
1356 6.27848e-07 
1357 6.27266e-07 
1358 6.24354e-07 
1359 6.22246e-07 
1360 6.18204e-07 
1361 6.14474e-07 
1362 6.12893e-07 
1363 6.36656e-07 
1364 6.35254e-07 
1365 6.32478e-07 
1366 6.26347e-07 
1367 6.18744e-07 
1368 6.08255e-07 
1369 6.03056e-07 
1370 5.87437e-07 
1371 5.8682e-07 
1372 5.86038e-07 
1373 5.8488e-07 
1374 5.82352e-07 
1375 5.79358e-07 
1376 5.636e-07 
1377 5.45996e-07 
1378 5.46087e-07 
1379 5.46066e-07 
1380 5.45942e-07 
1381 5.45872e-07 
1382 5.45836e-07 
1383 5.45774e-07 
1384 5.45696e-07 
1385 5.45565e-07 
1386 5.45348e-07 
1387 5.45104e-07 
1388 5.44771e-07 
1389 5.44237e-07 
1390 5.43386e-07 
1391 5.42165e-07 
1392 5.39116e-07 
1393 5.3669e-07 
1394 5.36193e-07 
1395 5.36192e-07 
1396 5.41425e-07 
1397 5.41504e-07 
1398 5.44468e-07 
1399 5.44471e-07 
1400 5.4504e-07 
1401 5.4678e-07 
1402 5.47593e-07 
1403 5.48063e-07 
1404 6.48663e-07 
1405 6.48205e-07 
1406 6.46751e-07 
1407 6.43961e-07 
1408 6.38113e-07 
1409 6.4332e-07 
1410 6.42715e-07 
1411 6.40677e-07 
1412 6.455e-07 
1413 6.43613e-07 
1414 6.5041e-07 
1415 6.50348e-07 
1416 6.502e-07 
1417 6.50104e-07 
1418 6.50788e-07 
1419 6.54536e-07 
1420 6.54667e-07 
1421 6.56108e-07 
1422 6.58281e-07 
1423 6.71404e-07 
1424 6.71417e-07 
1425 6.71353e-07 
1426 6.71017e-07 
1427 6.68384e-07 
1428 6.66495e-07 
1429 6.63962e-07 
1430 6.51533e-07 
1431 6.50957e-07 
1432 6.50695e-07 
1433 6.48995e-07 
1434 6.48058e-07 
1435 6.44282e-07 
1436 6.42082e-07 
1437 6.39945e-07 
1438 6.39212e-07 
1439 6.3805e-07 
1440 6.36935e-07 
1441 6.35089e-07 
1442 6.29698e-07 
1443 6.29815e-07 
1444 6.29638e-07 
1445 6.29453e-07 
1446 6.29366e-07 
1447 6.29209e-07 
1448 6.29112e-07 
1449 6.28964e-07 
1450 6.28838e-07 
1451 6.28656e-07 
1452 6.28352e-07 
1453 6.28001e-07 
1454 6.27028e-07 
1455 6.26988e-07 
1456 6.26488e-07 
1457 6.2834e-07 
1458 6.4963e-07 
1459 6.49354e-07 
1460 6.46543e-07 
1461 6.3952e-07 
1462 6.40642e-07 
1463 6.57152e-07 
1464 6.56821e-07 
1465 6.56672e-07 
1466 6.56986e-07 
1467 6.5697e-07 
1468 6.70729e-07 
1469 6.70443e-07 
1470 6.68298e-07 
1471 6.67888e-07 
1472 6.6787e-07 
1473 6.67664e-07 
1474 7.12514e-07 
1475 7.12535e-07 
1476 7.13276e-07 
1477 7.19333e-07 
1478 7.223e-07 
1479 7.23367e-07 
1480 7.80379e-07 
1481 7.79062e-07 
1482 7.75095e-07 
1483 7.68604e-07 
1484 7.48388e-07 
1485 7.48087e-07 
1486 7.49307e-07 
1487 7.82649e-07 
1488 7.73025e-07 
1489 7.53075e-07 
1490 7.55651e-07 
1491 7.66942e-07 
1492 7.62682e-07 
1493 7.56733e-07 
1494 7.33503e-07 
1495 7.11977e-07 
1496 7.11502e-07 
1497 6.83327e-07 
1498 6.83348e-07 
1499 6.83249e-07 
1500 6.83155e-07 
1501 6.83007e-07 
1502 6.82904e-07 
1503 6.82805e-07 
1504 6.82722e-07 
1505 6.82558e-07 
1506 6.82357e-07 
1507 6.82144e-07 
1508 6.81971e-07 
1509 6.81588e-07 
1510 6.80818e-07 
1511 6.79534e-07 
1512 6.75342e-07 
1513 6.7085e-07 
1514 6.65945e-07 
1515 6.59485e-07 
1516 6.40242e-07 
1517 6.39576e-07 
1518 6.29987e-07 
1519 6.26528e-07 
1520 5.98334e-07 
1521 5.98139e-07 
1522 5.95705e-07 
1523 5.90577e-07 
1524 5.79498e-07 
1525 5.79364e-07 
1526 5.73856e-07 
1527 5.71011e-07 
1528 5.70652e-07 
1529 5.67866e-07 
1530 5.61361e-07 
1531 5.61325e-07 
1532 5.61789e-07 
1533 5.62025e-07 
1534 5.62142e-07 
1535 5.64107e-07 
1536 5.85755e-07 
1537 5.8553e-07 
1538 5.8492e-07 
1539 5.85747e-07 
1540 5.99115e-07 
1541 5.98499e-07 
1542 5.97323e-07 
1543 6.17826e-07 
1544 6.17986e-07 
1545 6.19035e-07 
1546 6.2058e-07 
1547 6.25896e-07 
1548 6.28411e-07 
1549 6.30129e-07 
1550 6.71336e-07 
1551 6.70982e-07 
1552 6.69315e-07 
1553 6.89718e-07 
1554 6.88018e-07 
1555 6.85364e-07 
1556 6.82864e-07 
1557 7.00352e-07 
1558 6.97831e-07 
1559 6.89009e-07 
1560 6.68374e-07 
1561 6.6533e-07 
1562 6.03874e-07 
1563 6.03975e-07 
1564 6.0386e-07 
1565 6.03811e-07 
1566 6.03745e-07 
1567 6.03673e-07 
1568 6.03633e-07 
1569 6.03628e-07 
1570 6.03606e-07 
1571 6.03571e-07 
1572 6.03515e-07 
1573 6.03449e-07 
1574 6.03365e-07 
1575 6.03266e-07 
1576 6.03189e-07 
1577 6.03007e-07 
1578 6.02812e-07 
1579 6.02677e-07 
1580 6.0234e-07 
1581 6.02023e-07 
1582 6.01653e-07 
1583 6.00182e-07 
1584 5.99277e-07 
1585 5.97935e-07 
1586 5.9596e-07 
1587 5.92278e-07 
1588 5.85794e-07 
1589 5.85424e-07 
1590 5.81311e-07 
1591 5.73342e-07 
1592 5.59323e-07 
1593 5.59259e-07 
1594 5.47366e-07 
1595 5.47145e-07 
1596 5.45125e-07 
1597 5.43926e-07 
1598 5.37166e-07 
1599 5.36794e-07 
1600 5.31383e-07 
1601 5.3115e-07 
1602 5.30255e-07 
1603 5.26624e-07 
1604 5.2626e-07 
1605 5.20319e-07 
1606 5.20309e-07 
1607 5.19809e-07 
1608 5.1484e-07 
1609 5.14719e-07 
1610 5.14452e-07 
1611 5.11224e-07 
1612 5.1108e-07 
1613 5.1061e-07 
1614 5.09624e-07 
1615 5.09638e-07 
1616 5.09701e-07 
1617 5.1105e-07 
1618 5.10959e-07 
1619 5.10851e-07 
1620 5.14362e-07 
1621 5.14445e-07 
1622 5.1477e-07 
1623 5.15634e-07 
1624 5.24623e-07 
1625 5.24745e-07 
1626 5.25431e-07 
1627 5.40165e-07 
1628 5.40313e-07 
1629 5.42363e-07 
1630 5.46232e-07 
1631 5.46595e-07 
1632 5.54751e-07 
1633 5.54587e-07 
1634 5.55061e-07 
1635 5.5626e-07 
1636 5.62957e-07 
1637 5.62655e-07 
1638 5.62288e-07 
1639 5.61694e-07 
1640 5.59708e-07 
1641 5.58678e-07 
1642 5.5123e-07 
1643 5.51164e-07 
1644 5.50457e-07 
1645 5.49348e-07 
1646 5.58401e-07 
1647 5.57567e-07 
1648 5.48382e-07 
1649 5.33562e-07 
1650 5.32466e-07 
1651 5.31155e-07 
1652 5.29862e-07 
1653 5.32419e-07 
1654 5.31842e-07 
1655 5.31385e-07 
1656 5.31415e-07 
1657 5.31365e-07 
1658 5.31273e-07 
1659 5.31227e-07 
1660 5.31184e-07 
1661 5.31135e-07 
1662 5.31107e-07 
1663 5.3107e-07 
1664 5.31e-07 
1665 5.30814e-07 
1666 5.30673e-07 
1667 5.30483e-07 
1668 5.30326e-07 
1669 5.30104e-07 
1670 5.29853e-07 
1671 5.29341e-07 
1672 5.28975e-07 
1673 5.27945e-07 
1674 5.26802e-07 
1675 5.25629e-07 
1676 5.23972e-07 
1677 5.22547e-07 
1678 5.21833e-07 
1679 5.19944e-07 
1680 5.18903e-07 
1681 5.16444e-07 
1682 5.1644e-07 
1683 5.16464e-07 
1684 5.16024e-07 
1685 5.36487e-07 
1686 5.36393e-07 
1687 5.3631e-07 
1688 5.37147e-07 
1689 5.39821e-07 
1690 5.57488e-07 
1691 5.57484e-07 
1692 5.58042e-07 
1693 5.6582e-07 
1694 5.66607e-07 
1695 6.09372e-07 
1696 6.09406e-07 
1697 6.1012e-07 
1698 6.13258e-07 
1699 6.39233e-07 
1700 6.39478e-07 
1701 6.41226e-07 
1702 6.43476e-07 
1703 6.75013e-07 
1704 6.75145e-07 
1705 6.79466e-07 
1706 7.03392e-07 
1707 7.13616e-07 
1708 7.16003e-07 
1709 7.22376e-07 
1710 7.2475e-07 
1711 7.71922e-07 
1712 7.71951e-07 
1713 7.72303e-07 
1714 7.85928e-07 
1715 7.88013e-07 
1716 8.34959e-07 
1717 8.34682e-07 
1718 8.32067e-07 
1719 8.33852e-07 
1720 8.33921e-07 
1721 8.5402e-07 
1722 8.54405e-07 
1723 8.55022e-07 
1724 8.57116e-07 
1725 9.22079e-07 
1726 9.22457e-07 
1727 9.23471e-07 
1728 9.36184e-07 
1729 9.24124e-07 
1730 8.83312e-07 
1731 8.80325e-07 
1732 8.80276e-07 
1733 8.80031e-07 
1734 8.7984e-07 
1735 8.79722e-07 
1736 8.7965e-07 
1737 8.79577e-07 
1738 8.79448e-07 
1739 8.79294e-07 
1740 8.7917e-07 
1741 8.78962e-07 
1742 8.7892e-07 
1743 8.788e-07 
1744 8.78543e-07 
1745 8.78113e-07 
1746 8.77083e-07 
1747 8.75297e-07 
1748 8.70921e-07 
1749 8.6528e-07 
1750 8.65029e-07 
1751 8.64125e-07 
1752 8.60976e-07 
1753 8.60787e-07 
1754 8.41866e-07 
1755 8.41783e-07 
1756 8.37799e-07 
1757 7.80493e-07 
1758 7.80397e-07 
1759 7.78876e-07 
1760 7.77448e-07 
1761 7.73835e-07 
1762 7.59124e-07 
1763 7.47726e-07 
1764 7.40913e-07 
1765 7.3208e-07 
1766 7.24275e-07 
1767 7.2035e-07 
1768 7.0007e-07 
1769 6.99923e-07 
1770 6.96091e-07 
1771 6.95837e-07 
1772 6.94306e-07 
1773 7.02007e-07 
1774 7.01704e-07 
1775 7.01925e-07 
1776 7.02041e-07 
1777 7.23839e-07 
1778 7.23411e-07 
1779 7.25936e-07 
1780 7.58649e-07 
1781 7.58563e-07 
1782 7.58797e-07 
1783 7.62524e-07 
1784 7.89905e-07 
1785 7.90805e-07 
1786 8.00361e-07 
1787 8.04752e-07 
1788 8.06294e-07 
1789 8.18029e-07 
1790 8.18699e-07 
1791 8.32845e-07 
1792 8.31806e-07 
1793 8.33295e-07 
1794 8.34419e-07 
1795 8.58491e-07 
1796 8.58822e-07 
1797 8.61394e-07 
1798 9.13771e-07 
1799 9.13383e-07 
1800 9.12686e-07 
1801 9.11809e-07 
1802 9.1034e-07 
1803 9.04022e-07 
1804 9.03487e-07 
1805 9.03034e-07 
1806 9.00988e-07 
1807 9.00368e-07 
1808 8.98384e-07 
1809 8.89132e-07 
1810 8.89241e-07 
1811 8.8923e-07 
1812 8.89084e-07 
1813 8.88928e-07 
1814 8.8882e-07 
1815 8.88748e-07 
1816 8.88707e-07 
1817 8.8867e-07 
1818 8.88629e-07 
1819 8.88604e-07 
1820 8.88579e-07 
1821 8.88552e-07 
1822 8.88511e-07 
1823 8.8848e-07 
1824 8.8845e-07 
1825 8.88415e-07 
1826 8.88387e-07 
1827 8.88351e-07 
1828 8.88328e-07 
1829 8.88309e-07 
1830 8.88287e-07 
1831 8.88234e-07 
1832 8.88186e-07 
1833 8.88166e-07 
1834 8.88148e-07 
1835 8.88119e-07 
1836 8.88098e-07 
1837 8.88089e-07 
1838 8.88082e-07 
1839 8.88062e-07 
1840 8.8804e-07 
1841 8.88058e-07 
1842 8.88067e-07 
1843 8.88089e-07 
1844 8.88109e-07 
1845 8.88129e-07 
1846 8.8826e-07 
1847 8.88332e-07 
1848 8.88396e-07 
1849 8.88522e-07 
1850 8.88654e-07 
1851 8.88858e-07 
1852 8.89416e-07 
1853 8.89866e-07 
1854 8.89985e-07 
1855 8.9035e-07 
1856 8.90801e-07 
1857 8.91859e-07 
1858 8.95017e-07 
1859 8.97714e-07 
1860 9.00423e-07 
1861 9.01279e-07 
1862 9.02244e-07 
1863 9.02271e-07 
1864 9.04211e-07 
1865 9.04303e-07 
1866 9.09331e-07 
1867 9.09248e-07 
1868 9.09109e-07 
1869 9.08409e-07 
1870 9.07324e-07 
1871 9.06554e-07 
1872 8.97137e-07 
1873 8.97055e-07 
1874 8.97031e-07 
1875 8.96875e-07 
1876 8.96447e-07 
1877 8.96395e-07 
1878 9.18637e-07 
1879 9.18493e-07 
1880 9.17384e-07 
1881 9.14823e-07 
1882 9.09154e-07 
1883 8.96622e-07 
1884 8.95429e-07 
1885 8.78196e-07 
1886 8.7752e-07 
1887 8.74081e-07 
1888 8.61522e-07 
1889 8.61437e-07 
1890 8.61006e-07 
1891 8.59028e-07 
1892 8.46563e-07 
1893 8.46437e-07 
1894 8.46111e-07 
1895 8.44533e-07 
1896 8.34979e-07 
1897 8.34622e-07 
1898 8.34527e-07 
1899 8.3509e-07 
1900 8.3621e-07 
1901 8.54527e-07 
1902 8.54241e-07 
1903 8.51281e-07 
1904 8.66769e-07 
1905 8.66266e-07 
1906 8.62067e-07 
1907 8.52806e-07 
1908 8.5107e-07 
1909 8.24459e-07 
1910 8.24486e-07 
1911 8.26862e-07 
1912 8.25883e-07 
1913 8.26368e-07 
1914 8.21348e-07 
1915 8.21566e-07 
1916 8.21418e-07 
1917 8.17629e-07 
1918 8.15809e-07 
1919 8.10658e-07 
1920 8.10359e-07 
1921 8.10358e-07 
1922 8.10325e-07 
1923 8.10023e-07 
1924 8.09915e-07 
1925 8.09713e-07 
1926 8.09598e-07 
1927 8.0943e-07 
1928 8.09272e-07 
1929 8.09197e-07 
1930 8.09241e-07 
1931 8.09291e-07 
1932 8.09376e-07 
1933 8.0961e-07 
1934 8.09125e-07 
1935 8.09488e-07 
1936 8.09396e-07 
1937 8.0921e-07 
1938 8.04329e-07 
1939 8.03952e-07 
1940 8.03685e-07 
1941 8.03447e-07 
1942 8.00253e-07 
1943 8.00548e-07 
1944 7.99606e-07 
1945 7.96648e-07 
1946 7.96757e-07 
1947 7.96791e-07 
1948 7.96354e-07 
1949 7.94302e-07 
1950 7.88627e-07 
1951 7.88457e-07 
1952 7.86425e-07 
1953 7.80777e-07 
1954 7.80492e-07 
1955 7.65185e-07 
1956 7.64261e-07 
1957 7.60088e-07 
1958 7.45988e-07 
1959 7.45375e-07 
1960 7.39721e-07 
1961 7.35685e-07 
1962 7.31314e-07 
1963 7.28623e-07 
1964 7.25828e-07 
1965 7.24463e-07 
1966 7.20228e-07 
1967 7.19489e-07 
1968 7.57509e-07 
1969 7.57209e-07 
1970 7.57581e-07 
1971 7.59405e-07 
1972 7.63142e-07 
1973 7.63316e-07 
1974 7.93817e-07 
1975 7.93686e-07 
1976 7.93454e-07 
1977 7.93265e-07 
1978 7.93072e-07 
1979 7.92966e-07 
1980 7.92822e-07 
1981 7.9267e-07 
1982 7.92531e-07 
1983 7.92404e-07 
1984 7.92329e-07 
1985 7.92196e-07 
1986 7.92164e-07 
1987 7.92087e-07 
1988 7.91994e-07 
1989 7.91693e-07 
1990 7.91502e-07 
1991 7.91614e-07 
1992 7.91668e-07 
1993 7.92152e-07 
1994 7.95784e-07 
1995 7.95786e-07 
1996 7.97441e-07 
1997 7.9731e-07 
1998 8.02649e-07 
1999 8.02705e-07 
2000 8.02997e-07 
2001 8.03905e-07 
2002 8.09633e-07 
2003 8.09503e-07 
2004 8.09899e-07 
2005 8.09837e-07 
2006 8.17122e-07 
2007 8.17026e-07 
2008 8.16908e-07 
2009 8.81537e-07 
2010 8.81386e-07 
2011 8.81918e-07 
2012 8.83695e-07 
2013 8.98308e-07 
2014 8.99307e-07 
2015 9.2075e-07 
2016 9.21197e-07 
2017 9.24048e-07 
2018 9.32173e-07 
2019 9.37926e-07 
2020 9.38303e-07 
2021 9.42993e-07 
2022 9.43964e-07 
2023 9.48446e-07 
2024 9.4885e-07 
2025 9.60306e-07 
2026 9.59248e-07 
2027 9.57358e-07 
2028 9.54953e-07 
2029 9.4389e-07 
2030 9.4183e-07 
2031 9.35117e-07 
2032 9.28072e-07 
2033 9.24504e-07 
2034 9.02668e-07 
2035 9.0204e-07 
2036 9.01251e-07 
2037 9.00571e-07 
2038 8.99185e-07 
2039 8.9085e-07 
2040 8.87944e-07 
2041 8.78202e-07 
2042 8.77264e-07 
2043 8.69747e-07 
2044 8.69571e-07 
2045 8.69337e-07 
2046 8.68962e-07 
2047 8.68758e-07 
2048 8.68604e-07 
2049 8.68411e-07 
2050 8.6824e-07 
2051 8.6808e-07 
2052 8.67961e-07 
2053 8.6774e-07 
2054 8.67025e-07 
2055 8.63224e-07 
2056 8.57637e-07 
2057 8.50668e-07 
2058 8.50321e-07 
2059 8.40721e-07 
2060 8.40604e-07 
2061 8.37965e-07 
2062 8.47634e-07 
2063 8.47102e-07 
2064 8.46349e-07 
2065 8.38256e-07 
2066 8.17546e-07 
2067 8.16131e-07 
2068 7.95681e-07 
2069 7.95435e-07 
2070 7.94354e-07 
2071 7.97808e-07 
2072 7.96408e-07 
2073 8.02033e-07 
2074 8.02012e-07 
2075 8.01201e-07 
2076 7.94623e-07 
2077 7.88042e-07 
2078 7.82088e-07 
2079 7.79446e-07 
2080 7.71445e-07 
2081 7.70552e-07 
2082 7.67533e-07 
2083 7.62919e-07 
2084 7.57644e-07 
2085 7.55627e-07 
2086 7.53021e-07 
2087 7.44125e-07 
2088 7.43273e-07 
2089 7.39836e-07 
2090 7.38226e-07 
2091 7.34459e-07 
2092 7.3455e-07 
2093 7.34335e-07 
2094 7.34324e-07 
2095 7.34214e-07 
2096 7.34131e-07 
2097 7.34009e-07 
2098 7.33955e-07 
2099 7.33911e-07 
2100 7.33856e-07 
2101 7.33801e-07 
2102 7.33761e-07 
2103 7.3373e-07 
2104 7.33697e-07 
2105 7.33662e-07 
2106 7.33647e-07 
2107 7.33631e-07 
2108 7.3367e-07 
2109 7.33732e-07 
2110 7.33836e-07 
2111 7.34124e-07 
2112 7.34693e-07 
2113 7.35167e-07 
2114 7.35786e-07 
2115 7.36992e-07 
2116 7.39178e-07 
2117 7.4262e-07 
2118 7.46728e-07 
2119 7.4775e-07 
2120 7.51564e-07 
2121 7.51663e-07 
2122 7.66226e-07 
2123 7.66209e-07 
2124 7.66342e-07 
2125 7.70271e-07 
2126 7.70286e-07 
2127 7.71771e-07 
2128 7.72573e-07 
2129 7.75338e-07 
2130 7.75414e-07 
2131 7.76235e-07 
2132 7.80453e-07 
2133 7.80424e-07 
2134 7.81091e-07 
2135 7.81474e-07 
2136 7.84879e-07 
2137 7.85237e-07 
2138 7.90377e-07 
2139 7.90582e-07 
2140 7.9175e-07 
2141 7.91958e-07 
2142 1.08418e-06 
2143 1.08439e-06 
2144 1.08439e-06 
2145 1.08435e-06 
2146 1.0843e-06 
2147 1.08413e-06 
2148 1.08407e-06 
2149 1.08393e-06 
2150 1.08377e-06 
2151 1.0835e-06 
2152 1.08348e-06 
2153 1.08347e-06 
2154 1.08295e-06 
2155 1.0827e-06 
2156 1.0825e-06 
2157 1.08221e-06 
2158 1.08189e-06 
2159 1.08161e-06 
2160 1.0813e-06 
2161 1.081e-06 
2162 1.08068e-06 
2163 1.0801e-06 
2164 1.07929e-06 
2165 1.07837e-06 
2166 1.07731e-06 
2167 1.07634e-06 
2168 1.07464e-06 
2169 1.07134e-06 
2170 1.06777e-06 
2171 1.06428e-06 
2172 1.05734e-06 
2173 1.04958e-06 
2174 1.03791e-06 
2175 1.02757e-06 
2176 1.00517e-06 
2177 9.91709e-07 
2178 9.73466e-07 
2179 9.73183e-07 
2180 9.13751e-07 
2181 9.13576e-07 
2182 9.12414e-07 
2183 9.09938e-07 
2184 9.00172e-07 
2185 8.99979e-07 
2186 8.99234e-07 
2187 8.96835e-07 
2188 8.85346e-07 
2189 8.85306e-07 
2190 8.83581e-07 
2191 8.60475e-07 
2192 8.59908e-07 
2193 8.56584e-07 
2194 8.47554e-07 
2195 8.14307e-07 
2196 8.13989e-07 
2197 8.11357e-07 
2198 8.40898e-07 
2199 8.40463e-07 
2200 8.38607e-07 
2201 8.27182e-07 
2202 8.00593e-07 
2203 7.64722e-07 
2204 7.60918e-07 
2205 7.63038e-07 
2206 7.59935e-07 
2207 7.70103e-07 
2208 7.66349e-07 
2209 7.66198e-07 
2210 7.65975e-07 
2211 7.65755e-07 
2212 7.65545e-07 
2213 7.65271e-07 
2214 7.6512e-07 
2215 7.64831e-07 
2216 7.64528e-07 
2217 7.64291e-07 
2218 7.63473e-07 
2219 7.61944e-07 
2220 7.57596e-07 
2221 7.54466e-07 
2222 7.53428e-07 
2223 7.52263e-07 
2224 7.51968e-07 
2225 8.48898e-07 
2226 8.48166e-07 
2227 8.4434e-07 
2228 8.26777e-07 
2229 8.20177e-07 
2230 8.23249e-07 
2231 8.22624e-07 
2232 8.21554e-07 
2233 8.54386e-07 
2234 8.54546e-07 
2235 8.54292e-07 
2236 8.54238e-07 
2237 8.53962e-07 
2238 8.53745e-07 
2239 8.5347e-07 
2240 8.53111e-07 
2241 8.52851e-07 
2242 8.52637e-07 
2243 8.5212e-07 
2244 8.51648e-07 
2245 8.51298e-07 
2246 8.50941e-07 
2247 8.50297e-07 
2248 8.49768e-07 
2249 8.48727e-07 
2250 8.46917e-07 
2251 8.44362e-07 
2252 8.35813e-07 
2253 8.31163e-07 
2254 8.20657e-07 
2255 8.0322e-07 
2256 7.84367e-07 
2257 7.77561e-07 
2258 7.48412e-07 
2259 7.48215e-07 
2260 7.31821e-07 
2261 7.31908e-07 
2262 7.31003e-07 
2263 8.37885e-07 
2264 8.38095e-07 
2265 8.37758e-07 
2266 8.37757e-07 
2267 8.37636e-07 
2268 8.36975e-07 
2269 8.36738e-07 
2270 8.364e-07 
2271 8.36075e-07 
2272 8.35696e-07 
2273 8.35248e-07 
2274 8.34801e-07 
2275 8.34019e-07 
2276 8.33326e-07 
2277 8.32786e-07 
2278 8.31891e-07 
2279 8.29099e-07 
2280 8.26699e-07 
2281 8.22798e-07 
2282 8.19917e-07 
2283 8.11564e-07 
2284 7.97454e-07 
2285 7.87839e-07 
2286 7.7567e-07 
2287 7.37391e-07 
2288 7.36901e-07 
2289 7.32095e-07 
2290 7.31683e-07 
2291 7.08944e-07 
2292 7.08814e-07 
2293 7.08005e-07 
2294 7.2397e-07 
2295 7.23634e-07 
2296 7.20678e-07 
2297 7.18174e-07 
2298 7.17658e-07 
2299 7.15492e-07 
2300 7.15218e-07 
2301 7.20302e-07 
2302 7.19981e-07 
2303 7.18997e-07 
2304 7.17921e-07 
2305 7.13615e-07 
2306 7.13718e-07 
2307 7.21581e-07 
2308 7.20883e-07 
2309 7.16475e-07 
2310 7.17588e-07 
2311 7.3263e-07 
2312 7.32355e-07 
2313 7.30831e-07 
2314 7.3442e-07 
2315 7.34854e-07 
2316 7.36642e-07 
2317 7.75071e-07 
2318 7.73392e-07 
2319 7.71085e-07 
2320 7.68834e-07 
2321 7.63446e-07 
2322 7.64646e-07 
2323 7.64487e-07 
2324 7.68899e-07 
2325 7.68434e-07 
2326 7.68223e-07 
2327 7.67955e-07 
2328 7.67744e-07 
2329 7.67464e-07 
2330 7.67304e-07 
2331 7.66971e-07 
2332 7.66657e-07 
2333 7.65629e-07 
2334 7.63288e-07 
2335 7.59896e-07 
2336 7.55789e-07 
2337 7.54009e-07 
2338 7.53944e-07 
2339 7.55727e-07 
2340 7.55917e-07 
2341 7.56675e-07 
2342 7.6463e-07 
2343 7.64547e-07 
2344 7.64425e-07 
2345 8.1157e-07 
2346 8.1153e-07 
2347 8.11612e-07 
2348 8.11672e-07 
2349 8.11776e-07 
2350 8.12131e-07 
2351 8.1512e-07 
2352 8.17461e-07 
2353 8.21238e-07 
2354 8.22117e-07 
2355 8.22079e-07 
2356 8.20257e-07 
2357 8.20883e-07 
2358 8.2106e-07 
2359 8.66919e-07 
2360 8.67116e-07 
2361 8.66606e-07 
2362 8.66573e-07 
2363 8.6648e-07 
2364 8.66292e-07 
2365 8.66247e-07 
2366 8.6617e-07 
2367 8.66095e-07 
2368 8.66025e-07 
2369 8.65967e-07 
2370 8.65927e-07 
2371 8.65881e-07 
2372 8.65835e-07 
2373 8.65794e-07 
2374 8.65751e-07 
2375 8.65719e-07 
2376 8.65632e-07 
2377 8.65555e-07 
2378 8.65511e-07 
2379 8.6543e-07 
2380 8.65325e-07 
2381 8.65225e-07 
2382 8.65165e-07 
2383 8.6511e-07 
2384 8.65048e-07 
2385 8.6499e-07 
2386 8.64867e-07 
2387 8.64811e-07 
2388 8.64642e-07 
2389 8.6451e-07 
2390 8.64072e-07 
2391 8.63551e-07 
2392 8.63118e-07 
2393 8.62729e-07 
2394 8.62072e-07 
2395 8.61566e-07 
2396 8.60949e-07 
2397 8.60166e-07 
2398 8.5998e-07 
2399 8.5908e-07 
2400 8.57668e-07 
2401 8.57662e-07 
2402 8.61378e-07 
2403 8.60976e-07 
2404 8.60427e-07 
2405 8.57415e-07 
2406 8.56726e-07 
2407 8.51795e-07 
2408 8.51314e-07 
2409 8.48863e-07 
2410 8.40167e-07 
2411 8.20397e-07 
2412 8.18145e-07 
2413 7.8522e-07 
2414 7.83467e-07 
2415 7.79638e-07 
2416 7.74645e-07 
2417 7.55192e-07 
2418 7.49831e-07 
2419 6.6508e-07 
2420 6.65019e-07 
2421 6.64853e-07 
2422 6.64531e-07 
2423 6.64317e-07 
2424 6.64107e-07 
2425 6.63847e-07 
2426 6.63583e-07 
2427 6.63293e-07 
2428 6.63034e-07 
2429 6.62788e-07 
2430 6.62475e-07 
2431 6.62223e-07 
2432 6.6154e-07 
2433 6.59506e-07 
2434 6.56093e-07 
2435 6.49966e-07 
2436 6.41597e-07 
2437 6.28021e-07 
2438 6.27786e-07 
2439 6.19636e-07 
2440 6.19194e-07 
2441 6.15533e-07 
2442 1.11319e-06 
2443 1.11357e-06 
2444 1.11331e-06 
2445 1.11292e-06 
2446 1.11246e-06 
2447 1.112e-06 
2448 1.11154e-06 
2449 1.11091e-06 
2450 1.11063e-06 
2451 1.11022e-06 
2452 1.10981e-06 
2453 1.10934e-06 
2454 1.10895e-06 
2455 1.10855e-06 
2456 1.10794e-06 
2457 1.10733e-06 
2458 1.10657e-06 
2459 1.10594e-06 
2460 1.10505e-06 
2461 1.10411e-06 
2462 1.10258e-06 
2463 1.10151e-06 
2464 1.09989e-06 
2465 1.09845e-06 
2466 1.09722e-06 
2467 1.09519e-06 
2468 1.09163e-06 
2469 1.08906e-06 
2470 1.08596e-06 
2471 1.07542e-06 
2472 1.06843e-06 
2473 1.05836e-06 
2474 1.05221e-06 
2475 1.042e-06 
2476 1.02681e-06 
2477 1.00475e-06 
2478 9.771e-07 
2479 9.04563e-07 
2480 8.76891e-07 
2481 8.01169e-07 
2482 7.99831e-07 
2483 7.77252e-07 
2484 7.74512e-07 
2485 6.8715e-07 
2486 6.86575e-07 
2487 6.81665e-07 
2488 6.64644e-07 
2489 6.63554e-07 
2490 6.58297e-07 
2491 6.54821e-07 
2492 6.55959e-07 
2493 6.55686e-07 
2494 6.58735e-07 
2495 6.59104e-07 
2496 6.59412e-07 
2497 6.59858e-07 
2498 6.6166e-07 
2499 6.74358e-07 
2500 6.75493e-07 
2501 6.76599e-07 
2502 6.78554e-07 
2503 6.87574e-07 
2504 6.88672e-07 
2505 7.0736e-07 
2506 7.06512e-07 
2507 7.05909e-07 
2508 7.05912e-07 
2509 7.06213e-07 
2510 7.10017e-07 
2511 7.29148e-07 
2512 7.41407e-07 
2513 7.45552e-07 
2514 8.3403e-07 
2515 8.35234e-07 
2516 8.38718e-07 
2517 1.02834e-06 
2518 1.02821e-06 
2519 1.02805e-06 
2520 1.02793e-06 
2521 1.02789e-06 
2522 1.02777e-06 
2523 1.02769e-06 
2524 1.02765e-06 
2525 1.02759e-06 
2526 1.02753e-06 
2527 1.02745e-06 
2528 1.02741e-06 
2529 1.02735e-06 
2530 1.0273e-06 
2531 1.02725e-06 
2532 1.02719e-06 
2533 1.02715e-06 
2534 1.0271e-06 
2535 1.02706e-06 
2536 1.02701e-06 
2537 1.02698e-06 
2538 1.02693e-06 
2539 1.02689e-06 
2540 1.02686e-06 
2541 1.02681e-06 
2542 1.02671e-06 
2543 1.02664e-06 
2544 1.02658e-06 
2545 1.02653e-06 
2546 1.02647e-06 
2547 1.0264e-06 
2548 1.02636e-06 
2549 1.02632e-06 
2550 1.02627e-06 
2551 1.02618e-06 
2552 1.02613e-06 
2553 1.02607e-06 
2554 1.02601e-06 
2555 1.02595e-06 
2556 1.02592e-06 
2557 1.0259e-06 
2558 1.02588e-06 
2559 1.02586e-06 
2560 1.02585e-06 
2561 1.02583e-06 
2562 1.02578e-06 
2563 1.02573e-06 
2564 1.02569e-06 
2565 1.02567e-06 
2566 1.02563e-06 
2567 1.02558e-06 
2568 1.0255e-06 
2569 1.02536e-06 
2570 1.0253e-06 
2571 1.02525e-06 
2572 1.02534e-06 
2573 1.02545e-06 
2574 1.02555e-06 
2575 1.02571e-06 
2576 1.02591e-06 
2577 1.02628e-06 
2578 1.0268e-06 
2579 1.0272e-06 
2580 1.02809e-06 
2581 1.02906e-06 
2582 1.03112e-06 
2583 1.06043e-06 
2584 1.06051e-06 
2585 1.06122e-06 
2586 1.06582e-06 
2587 1.12644e-06 
2588 1.12603e-06 
2589 1.12376e-06 
2590 1.12186e-06 
2591 1.11908e-06 
2592 1.11668e-06 
2593 1.11611e-06 
2594 1.12523e-06 
2595 1.12484e-06 
2596 1.12439e-06 
2597 1.12362e-06 
2598 1.11686e-06 
2599 1.11582e-06 
2600 1.09986e-06 
2601 1.09755e-06 
2602 1.08065e-06 
2603 1.07954e-06 
2604 1.06212e-06 
2605 1.06174e-06 
2606 1.04873e-06 
2607 1.04709e-06 
2608 1.03987e-06 
2609 1.01337e-06 
2610 1.01163e-06 
2611 1.00968e-06 
2612 1.0061e-06 
2613 9.89133e-07 
2614 9.86615e-07 
2615 9.70662e-07 
2616 9.68862e-07 
2617 9.64821e-07 
2618 9.48401e-07 
2619 9.47931e-07 
2620 9.47794e-07 
2621 9.49776e-07 
2622 9.45914e-07 
2623 9.44648e-07 
2624 9.43231e-07 
2625 9.40924e-07 
2626 9.41003e-07 
2627 9.3896e-07 
2628 9.33917e-07 
2629 9.21198e-07 
2630 9.12808e-07 
2631 9.12616e-07 
2632 9.12292e-07 
2633 9.12056e-07 
2634 9.11832e-07 
2635 9.11676e-07 
2636 9.11523e-07 
2637 9.11327e-07 
2638 9.11195e-07 
2639 9.10868e-07 
2640 9.10694e-07 
2641 9.1016e-07 
2642 9.09037e-07 
2643 9.08074e-07 
2644 9.00608e-07 
2645 8.91723e-07 
2646 8.78276e-07 
2647 8.77703e-07 
2648 8.72559e-07 
2649 1.27208e-06 
2650 1.27249e-06 
2651 1.27183e-06 
2652 1.27183e-06 
2653 1.2717e-06 
2654 1.27167e-06 
2655 1.27166e-06 
2656 1.27162e-06 
2657 1.27148e-06 
2658 1.27141e-06 
2659 1.271e-06 
2660 1.2705e-06 
2661 1.27015e-06 
2662 1.26948e-06 
2663 1.26916e-06 
2664 1.26879e-06 
2665 1.26852e-06 
2666 1.26821e-06 
2667 1.26779e-06 
2668 1.26746e-06 
2669 1.26701e-06 
2670 1.26662e-06 
2671 1.26634e-06 
2672 1.26599e-06 
2673 1.26569e-06 
2674 1.26536e-06 
2675 1.26504e-06 
2676 1.26462e-06 
2677 1.264e-06 
2678 1.26347e-06 
2679 1.26304e-06 
2680 1.2622e-06 
2681 1.26128e-06 
2682 1.26065e-06 
2683 1.26026e-06 
2684 1.25949e-06 
2685 1.25833e-06 
2686 1.25742e-06 
2687 1.25544e-06 
2688 1.25349e-06 
2689 1.2523e-06 
2690 1.25114e-06 
2691 1.25039e-06 
2692 1.24936e-06 
2693 1.24674e-06 
2694 1.24438e-06 
2695 1.24249e-06 
2696 1.23928e-06 
2697 1.22979e-06 
2698 1.2249e-06 
2699 1.22193e-06 
2700 1.21389e-06 
2701 1.20403e-06 
2702 1.19172e-06 
2703 1.16597e-06 
2704 1.15639e-06 
2705 1.13107e-06 
2706 1.08663e-06 
2707 9.97403e-07 
2708 9.97167e-07 
2709 9.89675e-07 
2710 9.62e-07 
2711 9.60507e-07 
2712 9.4682e-07 
2713 9.17704e-07 
2714 9.1706e-07 
2715 8.75987e-07 
2716 8.75612e-07 
2717 8.72234e-07 
2718 8.57327e-07 
2719 8.5716e-07 
2720 7.98135e-07 
2721 7.97946e-07 
2722 7.94968e-07 
2723 7.70462e-07 
2724 7.6901e-07 
2725 7.63804e-07 
2726 7.48658e-07 
2727 7.48365e-07 
2728 7.46677e-07 
2729 7.42559e-07 
2730 7.43934e-07 
2731 7.44084e-07 
2732 7.55704e-07 
2733 7.56022e-07 
2734 7.67097e-07 
2735 7.69106e-07 
2736 8.03797e-07 
2737 8.04136e-07 
2738 8.04146e-07 
2739 8.04461e-07 
2740 8.05266e-07 
2741 9.20565e-07 
2742 9.20712e-07 
2743 9.20229e-07 
2744 9.1981e-07 
2745 9.19455e-07 
2746 9.19189e-07 
2747 9.18963e-07 
2748 9.18728e-07 
2749 9.18492e-07 
2750 9.18191e-07 
2751 9.17946e-07 
2752 9.17787e-07 
2753 9.17489e-07 
2754 9.16907e-07 
2755 9.16345e-07 
2756 9.15846e-07 
2757 9.16842e-07 
2758 9.21521e-07 
2759 9.34673e-07 
2760 9.36036e-07 
2761 9.77455e-07 
2762 9.77008e-07 
2763 9.75365e-07 
2764 9.72885e-07 
2765 9.649e-07 
2766 9.65129e-07 
2767 9.66017e-07 
2768 9.66158e-07 
2769 1.20121e-06 
2770 1.20082e-06 
2771 1.19979e-06 
2772 1.1989e-06 
2773 1.19825e-06 
2774 1.19751e-06 
2775 1.1969e-06 
2776 1.19628e-06 
2777 1.19576e-06 
2778 1.19449e-06 
2779 1.19328e-06 
2780 1.19154e-06 
2781 1.18755e-06 
2782 1.17706e-06 
2783 1.16355e-06 
2784 1.14106e-06 
2785 1.09442e-06 
2786 1.09384e-06 
2787 1.05156e-06 
2788 1.05112e-06 
2789 1.04869e-06 
2790 1.03842e-06 
2791 1.03638e-06 
2792 1.01929e-06 
2793 1.01749e-06 
2794 1.00382e-06 
2795 1.00163e-06 
2796 9.97384e-07 
2797 9.78382e-07 
2798 9.76459e-07 
2799 9.65257e-07 
2800 9.62247e-07 
2801 9.53585e-07 
2802 9.53104e-07 
2803 9.52728e-07 
2804 9.5243e-07 
2805 9.52122e-07 
2806 9.51784e-07 
2807 9.5136e-07 
2808 9.50892e-07 
2809 9.50542e-07 
2810 9.50082e-07 
2811 9.48936e-07 
2812 9.46895e-07 
2813 9.44698e-07 
2814 9.44341e-07 
2815 9.4063e-07 
2816 9.40134e-07 
2817 9.40005e-07 
2818 9.37887e-07 
2819 9.37959e-07 
2820 9.36237e-07 
2821 9.30779e-07 
2822 9.29881e-07 
2823 9.2765e-07 
2824 9.14348e-07 
2825 9.14239e-07 
2826 8.89193e-07 
2827 8.87677e-07 
2828 8.8363e-07 
2829 8.77608e-07 
2830 8.69939e-07 
2831 8.44409e-07 
2832 8.35559e-07 
2833 8.15977e-07 
2834 8.15576e-07 
2835 8.15277e-07 
2836 8.15074e-07 
2837 8.14815e-07 
2838 8.14687e-07 
2839 8.14529e-07 
2840 8.14436e-07 
2841 8.14318e-07 
2842 8.14206e-07 
2843 8.14141e-07 
2844 8.14209e-07 
2845 8.14884e-07 
2846 8.15684e-07 
2847 8.15403e-07 
2848 8.14938e-07 
2849 8.14702e-07 
2850 8.10242e-07 
2851 8.0997e-07 
2852 8.08131e-07 
2853 8.07489e-07 
2854 8.03324e-07 
2855 8.03047e-07 
2856 7.9983e-07 
2857 7.96167e-07 
2858 7.93169e-07 
2859 7.9033e-07 
2860 7.89551e-07 
2861 7.85465e-07 
2862 7.85394e-07 
2863 7.84008e-07 
2864 7.77835e-07 
2865 7.77546e-07 
2866 8.15101e-07 
2867 8.14538e-07 
2868 8.12723e-07 
2869 8.08171e-07 
2870 8.14405e-07 
2871 8.09709e-07 
2872 8.09734e-07 
2873 8.09647e-07 
2874 8.09467e-07 
2875 8.094e-07 
2876 8.09292e-07 
2877 8.09204e-07 
2878 8.09125e-07 
2879 8.09061e-07 
2880 8.08991e-07 
2881 8.08911e-07 
2882 8.08864e-07 
2883 8.08792e-07 
2884 8.08719e-07 
2885 8.0866e-07 
2886 8.08573e-07 
2887 8.08499e-07 
2888 8.08394e-07 
2889 8.08306e-07 
2890 8.08218e-07 
2891 8.08106e-07 
2892 8.08033e-07 
2893 8.07891e-07 
2894 8.07788e-07 
2895 8.07668e-07 
2896 8.07607e-07 
2897 8.07518e-07 
2898 8.07423e-07 
2899 8.0731e-07 
2900 8.07026e-07 
2901 8.06913e-07 
2902 8.06545e-07 
2903 8.06248e-07 
2904 8.06008e-07 
2905 8.05851e-07 
2906 8.0565e-07 
2907 8.05303e-07 
2908 8.05131e-07 
2909 8.05123e-07 
2910 8.05056e-07 
2911 8.04884e-07 
2912 8.04782e-07 
2913 8.04531e-07 
2914 8.04466e-07 
2915 8.04245e-07 
2916 8.88409e-07 
2917 8.87717e-07 
2918 8.8767e-07 
2919 8.91314e-07 
2920 9.13436e-07 
2921 9.14379e-07 
2922 9.20348e-07 
2923 9.38008e-07 
2924 9.3758e-07 
2925 9.37537e-07 
2926 9.37514e-07 
2927 9.37465e-07 
2928 9.37394e-07 
2929 9.3735e-07 
2930 9.37321e-07 
2931 9.37301e-07 
2932 9.37261e-07 
2933 9.37187e-07 
2934 9.37163e-07 
2935 9.37135e-07 
2936 9.37111e-07 
2937 9.37083e-07 
2938 9.37047e-07 
2939 9.37011e-07 
2940 9.36972e-07 
2941 9.36944e-07 
2942 9.36918e-07 
2943 9.36896e-07 
2944 9.36865e-07 
2945 9.36845e-07 
2946 9.36818e-07 
2947 9.36795e-07 
2948 9.36759e-07 
2949 9.3673e-07 
2950 9.36713e-07 
2951 9.36692e-07 
2952 9.36642e-07 
2953 9.36615e-07 
2954 9.36579e-07 
2955 9.36563e-07 
2956 9.36526e-07 
2957 9.36493e-07 
2958 9.36454e-07 
2959 9.36422e-07 
2960 9.36386e-07 
2961 9.36343e-07 
2962 9.36299e-07 
2963 9.36207e-07 
2964 9.3618e-07 
2965 9.3615e-07 
2966 9.36093e-07 
2967 9.3604e-07 
2968 9.35996e-07 
2969 9.35952e-07 
2970 9.3591e-07 
2971 9.35883e-07 
2972 9.35836e-07 
2973 9.3578e-07 
2974 9.35756e-07 
2975 9.35724e-07 
2976 9.35675e-07 
2977 9.35654e-07 
2978 9.35629e-07 
2979 9.35596e-07 
2980 9.35556e-07 
2981 9.35515e-07 
2982 9.355e-07 
2983 9.35471e-07 
2984 9.35389e-07 
2985 9.35344e-07 
2986 9.35263e-07 
2987 9.35188e-07 
2988 9.35031e-07 
2989 9.34915e-07 
2990 9.34795e-07 
2991 9.34588e-07 
2992 9.34435e-07 
2993 9.34273e-07 
2994 9.34065e-07 
2995 9.33917e-07 
2996 9.33892e-07 
2997 9.33839e-07 
2998 9.33771e-07 
2999 9.33733e-07 
3000 9.33682e-07 
3001 9.33614e-07 
3002 9.33584e-07 
3003 9.33634e-07 
3004 9.33676e-07 
3005 9.3374e-07 
3006 9.33903e-07 
3007 9.34261e-07 
3008 9.34235e-07 
3009 9.34598e-07 
3010 9.34633e-07 
3011 9.349e-07 
3012 9.34902e-07 
3013 9.35852e-07 
3014 9.35866e-07 
3015 9.36039e-07 
3016 9.36448e-07 
3017 9.36471e-07 
3018 1.34601e-06 
3019 1.34643e-06 
3020 1.34491e-06 
3021 1.34433e-06 
3022 1.34427e-06 
3023 1.34343e-06 
3024 1.34284e-06 
3025 1.34239e-06 
3026 1.34171e-06 
3027 1.34111e-06 
3028 1.34051e-06 
3029 1.3396e-06 
3030 1.33876e-06 
3031 1.33778e-06 
3032 1.33622e-06 
3033 1.33453e-06 
3034 1.33207e-06 
3035 1.33034e-06 
3036 1.32846e-06 
3037 1.32468e-06 
3038 1.32127e-06 
3039 1.31768e-06 
3040 1.31218e-06 
3041 1.30592e-06 
3042 1.29312e-06 
3043 1.27498e-06 
3044 1.25076e-06 
3045 1.20913e-06 
3046 1.20592e-06 
3047 1.08493e-06 
3048 1.08401e-06 
3049 1.06322e-06 
3050 1.04618e-06 
3051 1.0269e-06 
3052 1.02057e-06 
3053 1.01023e-06 
3054 9.89243e-07 
3055 8.96623e-07 
3056 8.95451e-07 
3057 8.89548e-07 
3058 8.59719e-07 
3059 8.55535e-07 
3060 7.79692e-07 
3061 7.79167e-07 
3062 7.78859e-07 
3063 7.78594e-07 
3064 7.78292e-07 
3065 7.77971e-07 
3066 7.77539e-07 
3067 7.76946e-07 
3068 7.76058e-07 
3069 7.74275e-07 
3070 7.62647e-07 
3071 7.61595e-07 
3072 7.5867e-07 
3073 7.36798e-07 
3074 7.36242e-07 
3075 7.35819e-07 
3076 7.35205e-07 
3077 7.34006e-07 
3078 7.29e-07 
3079 7.27283e-07 
3080 7.13519e-07 
3081 7.13114e-07 
3082 7.13114e-07 
3083 7.13547e-07 
3084 7.13434e-07 
3085 7.1337e-07 
3086 7.1649e-07 
3087 7.16507e-07 
3088 7.16403e-07 
3089 7.15447e-07 
3090 7.14902e-07 
3091 7.14058e-07 
3092 7.13874e-07 
3093 7.13758e-07 
3094 7.13796e-07 
3095 7.13851e-07 
3096 7.13873e-07 
3097 7.13908e-07 
3098 7.15865e-07 
3099 7.15892e-07 
3100 7.15925e-07 
3101 7.15999e-07 
3102 7.17355e-07 
3103 7.17436e-07 
3104 7.17601e-07 
3105 7.19178e-07 
3106 7.19294e-07 
3107 7.19611e-07 
3108 7.41706e-07 
3109 7.4238e-07 
3110 7.48322e-07 
3111 7.48269e-07 
3112 7.48191e-07 
3113 7.4807e-07 
3114 7.47791e-07 
3115 7.52051e-07 
3116 7.52354e-07 
3117 7.52676e-07 
3118 7.52748e-07 
3119 7.52774e-07 
3120 7.52472e-07 
3121 7.51689e-07 
3122 7.41825e-07 
3123 7.41408e-07 
3124 7.4077e-07 
3125 7.4044e-07 
3126 7.3854e-07 
3127 7.33178e-07 
3128 7.32986e-07 
3129 7.32822e-07 
3130 7.32353e-07 
3131 7.3141e-07 
3132 7.31569e-07 
3133 7.31374e-07 
3134 7.31378e-07 
3135 7.31469e-07 
3136 7.40526e-07 
3137 7.4035e-07 
3138 7.40336e-07 
3139 7.402e-07 
3140 7.40166e-07 
3141 7.40158e-07 
3142 7.40118e-07 
3143 7.40078e-07 
3144 7.39957e-07 
3145 7.39906e-07 
3146 7.39874e-07 
3147 7.39852e-07 
3148 7.39837e-07 
3149 7.39822e-07 
3150 7.39794e-07 
3151 7.3979e-07 
3152 7.39794e-07 
3153 7.39809e-07 
3154 7.39801e-07 
3155 7.39833e-07 
3156 7.3984e-07 
3157 7.39951e-07 
3158 7.39963e-07 
3159 7.40242e-07 
3160 7.40506e-07 
3161 7.40725e-07 
3162 7.40922e-07 
3163 7.41504e-07 
3164 7.42757e-07 
3165 7.45702e-07 
3166 7.48158e-07 
3167 7.56626e-07 
3168 7.56727e-07 
3169 7.59893e-07 
3170 7.61385e-07 
3171 7.70479e-07 
3172 7.71117e-07 
3173 7.74294e-07 
3174 7.91666e-07 
3175 7.91581e-07 
3176 7.93407e-07 
3177 7.94256e-07 
3178 8.02548e-07 
3179 8.02634e-07 
3180 8.07347e-07 
3181 8.07724e-07 
3182 8.09993e-07 
3183 8.4182e-07 
3184 8.41776e-07 
3185 8.41949e-07 
3186 8.48781e-07 
3187 8.48788e-07 
3188 8.49641e-07 
3189 8.5447e-07 
3190 8.54748e-07 
3191 8.57708e-07 
3192 8.70666e-07 
3193 8.70532e-07 
3194 8.70489e-07 
3195 8.76073e-07 
3196 8.76165e-07 
3197 8.85271e-07 
3198 8.85361e-07 
3199 9.08188e-07 
3200 9.08072e-07 
3201 9.07909e-07 
3202 9.07591e-07 
3203 9.07718e-07 
3204 9.07085e-07 
3205 9.07857e-07 
3206 9.10122e-07 
3207 9.10259e-07 
3208 9.10585e-07 
3209 9.11317e-07 
3210 9.11463e-07 
3211 9.21905e-07 
3212 9.21969e-07 
3213 9.22213e-07 
3214 9.24821e-07 
3215 9.34414e-07 
3216 9.34204e-07 
3217 9.34139e-07 
3218 9.36535e-07 
3219 9.36537e-07 
3220 9.36781e-07 
3221 9.39208e-07 
3222 9.39176e-07 
3223 9.39242e-07 
3224 9.41034e-07 
3225 9.41013e-07 
3226 9.41389e-07 
3227 9.74652e-07 
3228 9.74435e-07 
3229 9.74302e-07 
3230 9.74094e-07 
3231 9.73864e-07 
3232 9.73651e-07 
3233 1.0062e-06 
3234 1.00586e-06 
3235 1.00445e-06 
3236 9.98392e-07 
3237 9.97704e-07 
3238 9.95289e-07 
3239 9.9518e-07 
3240 9.9369e-07 
3241 9.85545e-07 
3242 9.68599e-07 
3243 9.67581e-07 
3244 9.62125e-07 
3245 9.51002e-07 
3246 9.47507e-07 
3247 9.33217e-07 
3248 9.32235e-07 
3249 8.91058e-07 
3250 8.90804e-07 
3251 8.90756e-07 
3252 8.90604e-07 
3253 8.90202e-07 
3254 8.89224e-07 
3255 8.8592e-07 
3256 8.15589e-07 
3257 8.15061e-07 
3258 8.14665e-07 
3259 8.14203e-07 
3260 8.13538e-07 
3261 8.1227e-07 
3262 8.06392e-07 
3263 7.98999e-07 
3264 7.94997e-07 
3265 7.88097e-07 
3266 7.84973e-07 
3267 7.75309e-07 
3268 7.75426e-07 
3269 7.75417e-07 
3270 7.75393e-07 
3271 7.75258e-07 
3272 7.75178e-07 
3273 7.75096e-07 
3274 7.75026e-07 
3275 7.74983e-07 
3276 7.74933e-07 
3277 7.74913e-07 
3278 7.74842e-07 
3279 7.74742e-07 
3280 7.7475e-07 
3281 7.74798e-07 
3282 7.74919e-07 
3283 7.75004e-07 
3284 7.75137e-07 
3285 7.75277e-07 
3286 7.75397e-07 
3287 7.75513e-07 
3288 7.75848e-07 
3289 7.75816e-07 
3290 7.75442e-07 
3291 7.7521e-07 
3292 7.73047e-07 
3293 7.73093e-07 
3294 7.73078e-07 
3295 7.73054e-07 
3296 7.73014e-07 
3297 7.72956e-07 
3298 7.72876e-07 
3299 7.72731e-07 
3300 7.72298e-07 
3301 7.65066e-07 
3302 7.65253e-07 
3303 7.65262e-07 
3304 7.65289e-07 
3305 7.65318e-07 
3306 7.65347e-07 
3307 7.65376e-07 
3308 7.65405e-07 
3309 7.6543e-07 
3310 7.65436e-07 
3311 7.65456e-07 
3312 7.65475e-07 
3313 7.65411e-07 
3314 7.64001e-07 
3315 7.6415e-07 
3316 7.6402e-07 
3317 7.63538e-07 
3318 7.61661e-07 
3319 7.61629e-07 
3320 7.61553e-07 
3321 7.61204e-07 
3322 7.59847e-07 
3323 7.59669e-07 
3324 7.59175e-07 
3325 7.58038e-07 
3326 7.58144e-07 
3327 7.57425e-07 
3328 7.57405e-07 
3329 7.57743e-07 
3330 7.56986e-07 
3331 7.56894e-07 
3332 7.57224e-07 
3333 7.54813e-07 
3334 7.5296e-07 
3335 7.53272e-07 
3336 7.52881e-07 
3337 7.52495e-07 
3338 7.51353e-07 
3339 7.51197e-07 
3340 7.50781e-07 
3341 7.50662e-07 
3342 7.50496e-07 
3343 7.50113e-07 
3344 7.46253e-07 
3345 7.4597e-07 
3346 7.47008e-07 
3347 7.47165e-07 
3348 7.47182e-07 
3349 7.45793e-07 
3350 7.46841e-07 
3351 7.47989e-07 
3352 7.47807e-07 
3353 7.69106e-07 
3354 7.67764e-07 
3355 7.65578e-07 
3356 7.65002e-07 
3357 7.64321e-07 
3358 7.63349e-07 
3359 7.61419e-07 
3360 7.41339e-07 
3361 7.42191e-07 
3362 7.42939e-07 
3363 7.44293e-07 
3364 7.56198e-07 
3365 7.56021e-07 
3366 7.55584e-07 
3367 7.54221e-07 
3368 7.55573e-07 
3369 7.53611e-07 
3370 7.53645e-07 
3371 7.53678e-07 
3372 7.53713e-07 
3373 7.53749e-07 
3374 7.53786e-07 
3375 7.53825e-07 
3376 7.53864e-07 
3377 7.53905e-07 
3378 7.53947e-07 
3379 7.53991e-07 
3380 7.54037e-07 
3381 7.54086e-07 
3382 7.54139e-07 
3383 7.54197e-07 
3384 7.54518e-07 
3385 7.55307e-07 
3386 7.58841e-07 
3387 7.58497e-07 
3388 7.58668e-07 
3389 7.59394e-07 
3390 7.63865e-07 
3391 7.64274e-07 
3392 7.67803e-07 
3393 7.69665e-07 
3394 7.70291e-07 
3395 8.19061e-07 
3396 8.19176e-07 
3397 8.20085e-07 
3398 8.21262e-07 
3399 8.21517e-07 
3400 8.21976e-07 
3401 8.24396e-07 
3402 8.24462e-07 
3403 8.25038e-07 
3404 8.26359e-07 
3405 8.26946e-07 
3406 8.28552e-07 
3407 8.28924e-07 
3408 8.38132e-07 
3409 8.38253e-07 
3410 8.38148e-07 
3411 8.38006e-07 
3412 8.37932e-07 
3413 8.37877e-07 
3414 8.37835e-07 
3415 8.37809e-07 
3416 8.37782e-07 
3417 8.37768e-07 
3418 8.37756e-07 
3419 8.37734e-07 
3420 8.37713e-07 
3421 8.37686e-07 
3422 8.37703e-07 
3423 8.37739e-07 
3424 8.37739e-07 
3425 8.3769e-07 
3426 8.37591e-07 
3427 8.37455e-07 
3428 8.37304e-07 
3429 8.37119e-07 
3430 8.36408e-07 
3431 8.35166e-07 
3432 8.34628e-07 
3433 8.34309e-07 
3434 8.33994e-07 
3435 8.33611e-07 
3436 8.3467e-07 
3437 8.34632e-07 
3438 8.34604e-07 
3439 8.34597e-07 
3440 8.3466e-07 
3441 8.35522e-07 
3442 8.36e-07 
3443 8.41354e-07 
3444 8.41389e-07 
3445 8.41446e-07 
3446 8.4155e-07 
3447 8.41802e-07 
3448 8.4367e-07 
3449 8.44143e-07 
3450 8.46692e-07 
3451 8.46939e-07 
3452 8.48508e-07 
3453 8.49317e-07 
3454 8.73041e-07 
3455 8.73081e-07 
3456 8.73806e-07 
3457 8.78274e-07 
3458 8.784e-07 
3459 8.80439e-07 
3460 8.80714e-07 
3461 8.83527e-07 
3462 8.83786e-07 
3463 8.84277e-07 
3464 8.88046e-07 
3465 8.88148e-07 
3466 8.88368e-07 
3467 8.8949e-07 
3468 8.905e-07 
3469 8.91804e-07 
3470 8.92248e-07 
3471 9.01191e-07 
3472 9.01348e-07 
3473 9.0136e-07 
3474 9.01377e-07 
3475 9.01397e-07 
3476 9.01445e-07 
3477 9.01585e-07 
3478 9.02921e-07 
3479 9.0316e-07 
3480 9.03837e-07 
3481 9.05744e-07 
3482 9.06103e-07 
3483 9.06433e-07 
3484 9.07922e-07 
3485 9.08306e-07 
3486 9.08783e-07 
3487 9.10756e-07 
3488 9.34701e-07 
3489 9.34723e-07 
3490 9.34751e-07 
3491 9.34819e-07 
3492 9.34866e-07 
3493 9.34919e-07 
3494 9.34976e-07 
3495 9.35043e-07 
3496 9.35125e-07 
3497 9.35222e-07 
3498 9.35362e-07 
3499 9.3557e-07 
3500 9.36274e-07 
3501 9.36912e-07 
3502 9.37448e-07 
3503 9.42548e-07 
3504 9.42774e-07 
3505 9.42868e-07 
3506 9.42976e-07 
3507 9.43124e-07 
3508 9.43383e-07 
3509 9.44414e-07 
3510 9.44698e-07 
3511 9.56362e-07 
3512 9.56484e-07 
3513 9.5648e-07 
3514 9.56479e-07 
3515 9.56481e-07 
3516 9.56484e-07 
3517 9.56498e-07 
3518 9.56534e-07 
3519 9.5664e-07 
3520 9.57268e-07 
3521 9.58043e-07 
3522 9.59342e-07 
3523 9.59679e-07 
3524 9.61378e-07 
3525 9.61534e-07 
3526 9.62954e-07 
3527 9.63178e-07 
3528 9.63801e-07 
3529 9.65842e-07 
3530 9.6597e-07 
3531 9.66161e-07 
3532 9.66601e-07 
3533 1.02227e-06 
3534 1.02229e-06 
3535 1.0225e-06 
3536 1.02271e-06 
3537 1.02289e-06 
3538 1.02293e-06 
3539 1.02298e-06 
3540 1.02305e-06 
3541 1.02317e-06 
3542 1.0233e-06 
3543 1.02364e-06 
3544 1.02471e-06 
3545 1.02482e-06 
3546 1.02499e-06 
3547 1.02537e-06 
3548 1.06644e-06 
3549 1.0658e-06 
3550 1.06579e-06 
3551 1.06579e-06 
3552 1.06579e-06 
3553 1.06581e-06 
3554 1.06584e-06 
3555 1.06587e-06 
3556 1.06592e-06 
3557 1.066e-06 
3558 1.06609e-06 
3559 1.06696e-06 
3560 1.06691e-06 
3561 1.06684e-06 
3562 1.06677e-06 
3563 1.06704e-06 
3564 1.06716e-06 
3565 1.06766e-06 
3566 1.06745e-06 
3567 1.07142e-06 
3568 1.07134e-06 
3569 1.0713e-06 
3570 1.07125e-06 
3571 1.07121e-06 
3572 1.07115e-06 
3573 1.07108e-06 
3574 1.07099e-06 
3575 1.07088e-06 
3576 1.07151e-06 
3577 1.07179e-06 
3578 1.07203e-06 
3579 1.13704e-06 
3580 1.13597e-06 
3581 1.13652e-06 
3582 1.13853e-06 
3583 1.13888e-06 
3584 1.14148e-06 
3585 1.14174e-06 
3586 1.14466e-06 
3587 1.15244e-06 
3588 1.15253e-06 
3589 1.15268e-06 
3590 1.1531e-06 
3591 1.15812e-06 
3592 1.15889e-06 
3593 1.16414e-06 
3594 1.16418e-06 
3595 1.16414e-06 
3596 1.16404e-06 
3597 1.1641e-06 
3598 1.16648e-06 
3599 1.16622e-06 
3600 1.16625e-06 
3601 1.16629e-06 
3602 1.16736e-06 
3603 1.16748e-06 
3604 1.1744e-06 
3605 1.17393e-06 
3606 1.1732e-06 
3607 1.17316e-06 
3608 1.17322e-06 
3609 1.1741e-06 
3610 1.17205e-06 
3611 1.17201e-06 
3612 1.17146e-06 
3613 1.17128e-06 
3614 1.17103e-06 
3615 1.17078e-06 
3616 1.17062e-06 
3617 1.17047e-06 
3618 1.17006e-06 
3619 1.17001e-06 
3620 1.16969e-06 
3621 1.16951e-06 
3622 1.16882e-06 
3623 1.1682e-06 
3624 1.16816e-06 
3625 1.16812e-06 
3626 1.16804e-06 
3627 1.16789e-06 
3628 1.16632e-06 
3629 1.16632e-06 
3630 1.16631e-06 
3631 1.16628e-06 
3632 1.16602e-06 
3633 1.16481e-06 
3634 1.16481e-06 
3635 1.16483e-06 
3636 1.16484e-06 
3637 1.16485e-06 
3638 1.16487e-06 
3639 1.16488e-06 
3640 1.16492e-06 
3641 1.16485e-06 
3642 1.16484e-06 
3643 1.16478e-06 
3644 1.16462e-06 
3645 1.16461e-06 
3646 1.16459e-06 
3647 1.16456e-06 
3648 1.16431e-06 
3649 1.16432e-06 
3650 1.16432e-06 
3651 1.16429e-06 
3652 1.16416e-06 
3653 1.16416e-06 
3654 1.16396e-06 
3655 1.16397e-06 
3656 1.16396e-06 
3657 1.16394e-06 
3658 1.16391e-06 
3659 1.16388e-06 
3660 1.16374e-06 
3661 1.1637e-06 
3662 1.16352e-06 
3663 1.16351e-06 
3664 1.16333e-06 
3665 1.16331e-06 
3666 1.16328e-06 
3667 1.16322e-06 
3668 1.16708e-06 
3669 1.16691e-06 
3670 1.16665e-06 
3671 1.16914e-06 
3672 1.16938e-06 
3673 1.17164e-06 
3674 1.17186e-06 
3675 1.17199e-06 
3676 1.17221e-06 
3677 1.17849e-06 
3678 1.17737e-06 
3679 1.17575e-06 
3680 1.17331e-06 
3681 1.17259e-06 
3682 1.17258e-06 
3683 1.17257e-06 
3684 1.17256e-06 
3685 1.17254e-06 
3686 1.17252e-06 
3687 1.17249e-06 
3688 1.17244e-06 
3689 1.16998e-06 
3690 1.16994e-06 
3691 1.16987e-06 
3692 1.16957e-06 
3693 1.16955e-06 
3694 1.16974e-06 
3695 1.16975e-06 
3696 1.16976e-06 
3697 1.16978e-06 
3698 1.1698e-06 
3699 1.16983e-06 
3700 1.16989e-06 
3701 1.17053e-06 
3702 1.17056e-06 
3703 1.17063e-06 
3704 1.19018e-06 
3705 1.19048e-06 
3706 1.19061e-06 
3707 1.19081e-06 
3708 1.19145e-06 
3709 1.19241e-06 
3710 1.19274e-06 
3711 1.20591e-06 
3712 1.20575e-06 
3713 1.20536e-06 
3714 1.20534e-06 
3715 1.20535e-06 
3716 1.20538e-06 
3717 1.20556e-06 
3718 1.20724e-06 
3719 1.20726e-06 
3720 1.20727e-06 
3721 1.20727e-06 
3722 1.20728e-06 
3723 1.2073e-06 
3724 1.20734e-06 
3725 1.20996e-06 
3726 1.21048e-06 
3727 1.2118e-06 
3728 1.21279e-06 
3729 1.21279e-06 
3730 1.21281e-06 
3731 1.21283e-06 
3732 1.21287e-06 
3733 1.21302e-06 
3734 1.21311e-06 
3735 1.21333e-06 
3736 1.21336e-06 
3737 1.23668e-06 
3738 1.2366e-06 
3739 1.23712e-06 
3740 1.23761e-06 
3741 1.23792e-06 
3742 1.23992e-06 
3743 1.23993e-06 
3744 1.23996e-06 
3745 1.23998e-06 
3746 1.24002e-06 
3747 1.24007e-06 
3748 1.24024e-06 
3749 1.24028e-06 
3750 1.24075e-06 
3751 1.24075e-06 
3752 1.24076e-06 
3753 1.24096e-06 
3754 1.24102e-06 
3755 1.24123e-06 
3756 1.24128e-06 
3757 1.24177e-06 
3758 1.24177e-06 
3759 1.24178e-06 
3760 1.24196e-06 
3761 1.24201e-06 
3762 1.24217e-06 
3763 1.24217e-06 
3764 1.24296e-06 
3765 1.24297e-06 
3766 1.24298e-06 
3767 1.243e-06 
3768 1.243e-06 
3769 1.24301e-06 
3770 1.24302e-06 
3771 1.24302e-06 
3772 1.24302e-06 
3773 1.243e-06 
3774 1.24266e-06 
3775 1.24267e-06 
3776 1.24268e-06 
3777 1.24269e-06 
3778 1.2427e-06 
3779 1.2427e-06 
3780 1.24264e-06 
3781 1.2426e-06 
3782 1.24247e-06 
3783 1.24248e-06 
3784 1.24247e-06 
3785 1.24244e-06 
3786 1.24234e-06 
3787 1.24234e-06 
3788 1.24244e-06 
3789 1.24242e-06 
3790 1.24241e-06 
3791 1.2424e-06 
3792 1.24239e-06 
3793 1.24238e-06 
3794 1.24237e-06 
3795 1.24235e-06 
3796 1.24233e-06 
3797 1.24229e-06 
3798 1.24531e-06 
3799 1.24541e-06 
3800 1.24542e-06 
3801 1.24543e-06 
3802 1.24545e-06 
3803 1.24546e-06 
3804 1.24546e-06 
3805 1.24547e-06 
3806 1.24549e-06 
3807 1.2455e-06 
3808 1.24555e-06 
3809 1.24569e-06 
3810 1.2865e-06 
3811 1.28612e-06 
3812 1.28564e-06 
3813 1.28473e-06 
3814 1.28176e-06 
3815 1.28092e-06 
3816 1.27205e-06 
3817 1.27133e-06 
3818 1.26964e-06 
3819 1.26884e-06 
3820 1.26791e-06 
3821 1.26737e-06 
3822 1.26535e-06 
3823 1.26527e-06 
3824 1.26512e-06 
3825 1.26462e-06 
3826 1.26395e-06 
3827 1.2636e-06 
3828 1.26124e-06 
3829 1.2612e-06 
3830 1.26114e-06 
3831 1.26106e-06 
3832 1.26087e-06 
3833 1.25292e-06 
3834 1.25306e-06 
3835 1.25307e-06 
3836 1.25307e-06 
3837 1.25307e-06 
3838 1.25308e-06 
3839 1.25308e-06 
3840 1.25308e-06 
3841 1.25309e-06 
3842 1.25309e-06 
3843 1.25309e-06 
3844 1.25309e-06 
3845 1.25309e-06 
3846 1.2531e-06 
3847 1.25311e-06 
3848 1.25313e-06 
3849 1.25317e-06 
3850 1.25662e-06 
3851 1.25686e-06 
3852 1.25686e-06 
3853 1.25686e-06 
3854 1.25687e-06 
3855 1.25688e-06 
3856 1.25689e-06 
3857 1.2569e-06 
3858 1.25693e-06 
3859 1.25699e-06 
3860 1.25941e-06 
3861 1.25942e-06 
3862 1.25943e-06 
3863 1.25943e-06 
3864 1.25944e-06 
3865 1.25945e-06 
3866 1.25945e-06 
3867 1.2598e-06 
3868 1.25981e-06 
3869 1.25983e-06 
3870 1.25987e-06 
3871 1.25995e-06 
3872 1.26154e-06 
3873 1.26151e-06 
3874 1.26152e-06 
3875 1.26155e-06 
3876 1.26161e-06 
3877 1.26262e-06 
3878 1.2627e-06 
3879 1.26279e-06 
3880 1.26292e-06 
3881 1.26317e-06 
3882 1.26649e-06 
3883 1.26655e-06 
3884 1.26664e-06 
3885 1.26682e-06 
3886 1.27272e-06 
3887 1.27306e-06 
3888 1.27349e-06 
3889 1.27402e-06 
3890 1.27468e-06 
3891 1.2753e-06 
3892 1.27591e-06 
3893 1.27658e-06 
3894 1.27754e-06 
3895 1.27754e-06 
3896 1.27727e-06 
3897 1.27711e-06 
3898 1.27699e-06 
3899 1.27686e-06 
3900 1.27668e-06 
3901 1.27655e-06 
3902 1.27645e-06 
3903 1.27636e-06 
3904 1.27629e-06 
3905 1.27626e-06 
3906 1.27626e-06 
3907 1.27611e-06 
3908 1.27592e-06 
3909 1.27538e-06 
3910 1.27525e-06 
3911 1.27513e-06 
3912 1.27505e-06 
3913 1.27492e-06 
3914 1.27448e-06 
3915 1.27435e-06 
3916 1.2744e-06 
3917 1.27496e-06 
3918 1.27531e-06 
3919 1.27803e-06 
3920 1.27815e-06 
3921 1.27832e-06 
3922 1.27865e-06 
3923 1.28327e-06 
3924 1.28335e-06 
3925 1.28342e-06 
3926 1.28351e-06 
3927 1.28366e-06 
3928 1.28408e-06 
3929 1.29656e-06 
3930 1.29695e-06 
3931 1.29714e-06 
3932 1.29732e-06 
3933 1.2979e-06 
3934 1.30675e-06 
3935 1.30681e-06 
3936 1.30686e-06 
3937 1.30692e-06 
3938 1.30699e-06 
3939 1.30709e-06 
3940 1.30732e-06 
3941 1.31013e-06 
3942 1.31027e-06 
3943 1.31048e-06 
3944 1.311e-06 
3945 1.33144e-06 
3946 1.33157e-06 
3947 1.33162e-06 
3948 1.33161e-06 
3949 1.33219e-06 
3950 1.33245e-06 
3951 1.33341e-06 
3952 1.3345e-06 
3953 1.3352e-06 
3954 1.33945e-06 
3955 1.33957e-06 
3956 1.3397e-06 
3957 1.3399e-06 
3958 1.34041e-06 
3959 1.36449e-06 
3960 1.36456e-06 
3961 1.36495e-06 
3962 1.36729e-06 
3963 1.36756e-06 
3964 1.36881e-06 
3965 1.36953e-06 
3966 1.37796e-06 
3967 1.37801e-06 
3968 1.37808e-06 
3969 1.37817e-06 
3970 1.3783e-06 
3971 1.3785e-06 
3972 1.37912e-06 
3973 1.38065e-06 
3974 1.38083e-06 
3975 1.3814e-06 
3976 1.38327e-06 
3977 1.3834e-06 
3978 1.38365e-06 
3979 1.3853e-06 
3980 1.38537e-06 
3981 1.38554e-06 
3982 1.38863e-06 
3983 1.3887e-06 
3984 1.38879e-06 
3985 1.38892e-06 
3986 1.38921e-06 
3987 1.42195e-06 
3988 1.42172e-06 
3989 1.42176e-06 
3990 1.42175e-06 
3991 1.42181e-06 
3992 1.42158e-06 
3993 1.42151e-06 
3994 1.42136e-06 
3995 1.43617e-06 
3996 1.43582e-06 
3997 1.43581e-06 
3998 1.43582e-06 
3999 1.43577e-06 
4000 1.43569e-06 
4001 1.43556e-06 
4002 1.43512e-06 
4003 1.43458e-06 
4004 1.43354e-06 
4005 1.43339e-06 
4006 1.43293e-06 
4007 1.43262e-06 
4008 1.43245e-06 
4009 1.4339e-06 
4010 1.43393e-06 
4011 1.43395e-06 
4012 1.43396e-06 
4013 1.43398e-06 
4014 1.434e-06 
4015 1.43402e-06 
4016 1.43405e-06 
4017 1.4341e-06 
4018 1.4342e-06 
4019 1.43587e-06 
4020 1.43593e-06 
4021 1.43604e-06 
4022 1.43663e-06 
4023 1.43671e-06 
4024 1.43753e-06 
4025 1.43754e-06 
4026 1.43757e-06 
4027 1.43785e-06 
4028 1.43792e-06 
4029 1.44878e-06 
4030 1.44889e-06 
4031 1.44886e-06 
4032 1.44887e-06 
4033 1.44887e-06 
4034 1.44886e-06 
4035 1.44883e-06 
4036 1.44876e-06 
4037 1.44838e-06 
4038 1.44833e-06 
4039 1.44832e-06 
4040 1.45106e-06 
4041 1.45266e-06 
4042 1.45494e-06 
4043 1.45526e-06 
4044 1.46659e-06 
4045 1.46752e-06 
4046 1.46868e-06 
4047 1.46868e-06 
4048 1.47452e-06 
4049 1.4748e-06 
4050 1.47427e-06 
4051 1.47436e-06 
4052 1.47616e-06 
4053 1.47621e-06 
4054 1.47629e-06 
4055 1.47642e-06 
4056 1.47658e-06 
4057 1.47697e-06 
4058 1.47915e-06 
4059 1.47966e-06 
4060 1.48054e-06 
4061 1.4815e-06 
4062 1.48159e-06 
4063 1.4815e-06 
4064 1.48148e-06 
4065 1.48146e-06 
4066 1.48138e-06 
4067 1.48124e-06 
4068 1.48123e-06 
4069 1.4812e-06 
4070 1.48116e-06 
4071 1.48109e-06 
4072 1.48104e-06 
4073 1.48101e-06 
4074 1.48099e-06 
4075 1.48092e-06 
4076 1.48088e-06 
4077 1.48085e-06 
4078 1.48083e-06 
4079 1.4808e-06 
4080 1.48079e-06 
4081 1.48077e-06 
4082 1.48076e-06 
4083 1.48073e-06 
4084 1.48072e-06 
4085 1.4807e-06 
4086 1.48069e-06 
4087 1.48067e-06 
4088 1.48064e-06 
4089 1.48063e-06 
4090 1.48062e-06 
4091 1.4806e-06 
4092 1.48058e-06 
4093 1.48055e-06 
4094 1.48053e-06 
4095 1.48049e-06 
4096 1.48047e-06 
4097 1.48043e-06 
4098 1.4804e-06 
4099 1.48038e-06 
4100 1.48037e-06 
4101 1.48034e-06 
4102 1.48031e-06 
4103 1.48029e-06 
4104 1.48024e-06 
4105 1.48023e-06 
4106 1.48021e-06 
4107 1.48019e-06 
4108 1.48015e-06 
4109 1.48013e-06 
4110 1.48009e-06 
4111 1.48006e-06 
4112 1.48003e-06 
4113 1.48001e-06 
4114 1.47999e-06 
4115 1.47998e-06 
4116 1.47995e-06 
4117 1.47991e-06 
4118 1.47987e-06 
4119 1.47982e-06 
4120 1.47969e-06 
4121 1.47961e-06 
4122 1.47949e-06 
4123 1.47941e-06 
4124 1.47933e-06 
4125 1.47927e-06 
4126 1.47927e-06 
4127 1.47926e-06 
4128 1.47928e-06 
4129 1.4793e-06 
4130 1.4793e-06 
4131 1.4792e-06 
4132 1.47911e-06 
4133 1.47891e-06 
4134 1.47892e-06 
4135 1.47901e-06 
4136 1.47901e-06 
4137 1.47906e-06 
4138 1.47919e-06 
4139 1.47965e-06 
4140 1.47994e-06 
4141 1.48002e-06 
4142 1.48033e-06 
4143 1.48063e-06 
4144 1.4812e-06 
4145 1.48248e-06 
4146 1.48258e-06 
4147 1.48386e-06 
4148 1.48391e-06 
4149 1.48582e-06 
4150 1.48586e-06 
4151 1.48714e-06 
4152 1.48715e-06 
4153 1.49156e-06 
4154 1.49155e-06 
4155 1.49191e-06 
4156 1.49299e-06 
4157 1.49299e-06 
4158 1.49486e-06 
4159 1.49499e-06 
4160 1.49681e-06 
4161 1.4968e-06 
4162 1.49943e-06 
4163 1.49944e-06 
4164 1.4995e-06 
4165 1.50084e-06 
4166 1.50105e-06 
4167 1.50226e-06 
4168 1.50224e-06 
4169 1.50227e-06 
4170 1.50339e-06 
4171 1.50345e-06 
4172 1.50359e-06 
4173 1.50479e-06 
4174 1.50484e-06 
4175 1.50592e-06 
4176 1.50609e-06 
4177 1.50722e-06 
4178 1.50682e-06 
4179 1.50695e-06 
4180 1.50705e-06 
4181 1.50831e-06 
4182 1.50834e-06 
4183 1.50929e-06 
4184 1.50937e-06 
4185 1.50955e-06 
4186 1.50984e-06 
4187 1.51046e-06 
4188 1.51027e-06 
4189 1.51034e-06 
4190 1.51074e-06 
4191 1.51083e-06 
4192 1.51129e-06 
4193 1.51087e-06 
4194 1.5111e-06 
4195 1.51109e-06 
4196 1.51117e-06 
4197 1.51153e-06 
4198 1.51143e-06 
4199 1.51191e-06 
4200 1.51211e-06 
4201 1.51282e-06 
4202 1.51303e-06 
4203 1.51349e-06 
4204 1.51458e-06 
4205 1.51443e-06 
4206 1.51539e-06 
4207 1.51694e-06 
4208 1.51706e-06 
4209 1.5186e-06 
4210 1.51852e-06 
4211 1.51978e-06 
4212 1.52046e-06 
4213 1.52141e-06 
4214 1.52368e-06 
4215 1.52397e-06 
4216 1.52581e-06 
4217 1.52613e-06 
4218 1.52698e-06 
4219 1.52888e-06 
4220 1.5286e-06 
4221 1.5286e-06 
4222 1.52975e-06 
4223 1.52937e-06 
4224 1.5289e-06 
4225 1.52978e-06 
4226 1.53018e-06 
4227 1.53174e-06 
4228 1.53178e-06 
4229 1.53439e-06 
4230 1.53446e-06 
4231 1.53637e-06 
4232 1.53661e-06 
4233 1.53682e-06 
4234 1.53769e-06 
4235 1.54008e-06 
4236 1.54072e-06 
4237 1.54309e-06 
4238 1.54297e-06 
4239 1.5421e-06 
4240 1.54156e-06 
4241 1.54103e-06 
4242 1.5402e-06 
4243 1.53921e-06 
4244 1.53922e-06 
4245 1.54005e-06 
4246 1.54108e-06 
4247 1.54146e-06 
4248 1.5425e-06 
4249 1.54326e-06 
4250 1.54439e-06 
4251 1.54438e-06 
4252 1.5457e-06 
4253 1.54747e-06 
4254 1.54677e-06 
4255 1.54788e-06 
4256 1.54795e-06 
4257 1.54899e-06 
4258 1.54989e-06 
4259 1.55065e-06 
4260 1.55296e-06 
4261 1.5527e-06 
4262 1.554e-06 
4263 1.554e-06 
4264 1.55496e-06 
4265 1.55695e-06 
4266 1.55702e-06 
4267 1.55861e-06 
4268 1.55888e-06 
4269 1.56064e-06 
4270 1.56221e-06 
4271 1.56159e-06 
4272 1.56287e-06 
4273 1.56325e-06 
4274 1.565e-06 
4275 1.56578e-06 
4276 1.56584e-06 
4277 1.56759e-06 
4278 1.56934e-06 
4279 1.57215e-06 
4280 1.57195e-06 
4281 1.57185e-06 
4282 1.57237e-06 
4283 1.57248e-06 
4284 1.57359e-06 
4285 1.5739e-06 
4286 1.57522e-06 
4287 1.57565e-06 
4288 1.57861e-06 
4289 1.58131e-06 
4290 1.58198e-06 
4291 1.58614e-06 
4292 1.58646e-06 
4293 1.58866e-06 
4294 1.5917e-06 
4295 1.59422e-06 
4296 1.59884e-06 
4297 1.59954e-06 
4298 1.60495e-06 
4299 1.60502e-06 
4300 1.6051e-06 
4301 1.61009e-06 
4302 1.6096e-06 
4303 1.60957e-06 
4304 1.6092e-06 
4305 1.60925e-06 
4306 1.6094e-06 
4307 1.61767e-06 
4308 1.61681e-06 
4309 1.61654e-06 
4310 1.61698e-06 
4311 1.62022e-06 
4312 1.62017e-06 
4313 1.65477e-06 
4314 1.65454e-06 
4315 1.65357e-06 
4316 1.65371e-06 
4317 1.6537e-06 
4318 1.65311e-06 
4319 1.65193e-06 
4320 1.65072e-06 
4321 1.65e-06 
4322 1.64842e-06 
4323 1.64278e-06 
4324 1.64041e-06 
4325 1.63929e-06 
4326 1.61061e-06 
4327 1.61036e-06 
4328 1.61027e-06 
4329 1.61014e-06 
4330 1.61008e-06 
4331 1.61006e-06 
4332 1.61004e-06 
4333 1.61001e-06 
4334 1.60986e-06 
4335 1.60932e-06 
4336 1.60869e-06 
4337 1.60881e-06 
4338 1.60907e-06 
4339 1.60886e-06 
4340 1.61314e-06 
4341 1.61239e-06 
4342 1.61246e-06 
4343 1.61213e-06 
4344 1.61497e-06 
4345 1.61433e-06 
4346 1.61377e-06 
4347 1.61338e-06 
4348 1.61237e-06 
4349 1.61203e-06 
4350 1.61189e-06 
4351 1.6102e-06 
4352 1.61029e-06 
4353 1.61038e-06 
4354 1.61099e-06 
4355 1.61114e-06 
4356 1.61094e-06 
4357 1.61071e-06 
4358 1.61039e-06 
4359 1.60973e-06 
4360 1.60837e-06 
4361 1.60835e-06 
4362 1.60714e-06 
4363 1.60451e-06 
4364 1.58947e-06 
4365 1.58923e-06 
4366 1.58902e-06 
4367 1.58885e-06 
4368 1.58867e-06 
4369 1.58849e-06 
4370 1.58829e-06 
4371 1.58809e-06 
4372 1.58787e-06 
4373 1.58764e-06 
4374 1.58738e-06 
4375 1.58709e-06 
4376 1.58675e-06 
4377 1.58636e-06 
4378 1.58587e-06 
4379 1.58523e-06 
4380 1.58429e-06 
4381 1.58261e-06 
4382 1.57765e-06 
4383 1.57752e-06 
4384 1.57751e-06 
4385 1.57747e-06 
4386 1.57747e-06 
4387 1.57745e-06 
4388 1.57744e-06 
4389 1.57736e-06 
4390 1.57732e-06 
4391 1.57726e-06 
4392 1.57722e-06 
4393 1.57719e-06 
4394 1.57714e-06 
4395 1.5771e-06 
4396 1.57707e-06 
4397 1.57704e-06 
4398 1.57701e-06 
4399 1.57695e-06 
4400 1.57693e-06 
4401 1.5769e-06 
4402 1.57677e-06 
4403 1.57668e-06 
4404 1.57656e-06 
4405 1.57651e-06 
4406 1.57645e-06 
4407 1.57641e-06 
4408 1.57637e-06 
4409 1.5763e-06 
4410 1.57618e-06 
4411 1.57601e-06 
4412 1.57588e-06 
4413 1.57577e-06 
4414 1.57565e-06 
4415 1.57544e-06 
4416 1.57506e-06 
4417 1.57461e-06 
4418 1.57421e-06 
4419 1.57388e-06 
4420 1.57337e-06 
4421 1.57324e-06 
4422 1.573e-06 
4423 1.57286e-06 
4424 1.57263e-06 
4425 1.57265e-06 
4426 1.57255e-06 
4427 1.57255e-06 
4428 1.57232e-06 
4429 1.57189e-06 
4430 1.57133e-06 
4431 1.57123e-06 
4432 1.57028e-06 
4433 1.56976e-06 
4434 1.56589e-06 
4435 1.56588e-06 
4436 1.56583e-06 
4437 1.55814e-06 
4438 1.55806e-06 
4439 1.55809e-06 
4440 1.55806e-06 
4441 1.55566e-06 
4442 1.55542e-06 
4443 1.55516e-06 
4444 1.55377e-06 
4445 1.5536e-06 
4446 1.55123e-06 
4447 1.55089e-06 
4448 1.55046e-06 
4449 1.54612e-06 
4450 1.54598e-06 
4451 1.54575e-06 
4452 1.54529e-06 
4453 1.54438e-06 
4454 1.54025e-06 
4455 1.54024e-06 
4456 1.53997e-06 
4457 1.53603e-06 
4458 1.53618e-06 
4459 1.53616e-06 
4460 1.53496e-06 
4461 1.52891e-06 
4462 1.52901e-06 
4463 1.52848e-06 
4464 1.52786e-06 
4465 1.52622e-06 
4466 1.52624e-06 
4467 1.52566e-06 
4468 1.52246e-06 
4469 1.52228e-06 
4470 1.52209e-06 
4471 1.51648e-06 
4472 1.51619e-06 
4473 1.51476e-06 
4474 1.51312e-06 
4475 1.51283e-06 
4476 1.5065e-06 
4477 1.50663e-06 
4478 1.50679e-06 
4479 1.49655e-06 
4480 1.49646e-06 
4481 1.49643e-06 
4482 1.49573e-06 
4483 1.49423e-06 
4484 1.49242e-06 
4485 1.48012e-06 
4486 1.48026e-06 
4487 1.48054e-06 
4488 1.4804e-06 
4489 1.47538e-06 
4490 1.47504e-06 
4491 1.47416e-06 
4492 1.47095e-06 
4493 1.47087e-06 
4494 1.47004e-06 
4495 1.46917e-06 
4496 1.45758e-06 
4497 1.45738e-06 
4498 1.45729e-06 
4499 1.45636e-06 
4500 1.45612e-06 
4501 1.44686e-06 
4502 1.44684e-06 
4503 1.44645e-06 
4504 1.4461e-06 
4505 1.44582e-06 
4506 1.44539e-06 
4507 1.44458e-06 
4508 1.4361e-06 
4509 1.43622e-06 
4510 1.4363e-06 
4511 1.43601e-06 
4512 1.4354e-06 
4513 1.43428e-06 
4514 1.43044e-06 
4515 1.42078e-06 
4516 1.42097e-06 
4517 1.4214e-06 
4518 1.42117e-06 
4519 1.421e-06 
4520 1.42037e-06 
4521 1.42024e-06 
4522 1.41759e-06 
4523 1.41732e-06 
4524 1.41749e-06 
4525 1.41719e-06 
4526 1.41457e-06 
4527 1.41397e-06 
4528 1.4053e-06 
4529 1.40529e-06 
4530 1.40492e-06 
4531 1.4049e-06 
4532 1.40486e-06 
4533 1.40476e-06 
4534 1.40423e-06 
4535 1.40394e-06 
4536 1.40145e-06 
4537 1.40132e-06 
4538 1.40156e-06 
4539 1.40335e-06 
4540 1.40285e-06 
4541 1.40125e-06 
4542 1.40032e-06 
4543 1.39835e-06 
4544 1.39826e-06 
4545 1.39825e-06 
4546 1.39829e-06 
4547 1.39864e-06 
4548 1.3991e-06 
4549 1.39925e-06 
4550 1.3994e-06 
4551 1.39956e-06 
4552 1.39973e-06 
4553 1.39993e-06 
4554 1.40016e-06 
4555 1.40046e-06 
4556 1.40053e-06 
4557 1.40153e-06 
4558 1.40155e-06 
4559 1.40605e-06 
4560 1.40585e-06 
4561 1.40564e-06 
4562 1.40768e-06 
4563 1.40805e-06 
4564 1.41282e-06 
4565 1.41294e-06 
4566 1.41339e-06 
4567 1.42062e-06 
4568 1.42052e-06 
4569 1.42057e-06 
4570 1.42063e-06 
4571 1.42068e-06 
4572 1.42074e-06 
4573 1.42081e-06 
4574 1.42088e-06 
4575 1.42096e-06 
4576 1.42104e-06 
4577 1.42113e-06 
4578 1.42123e-06 
4579 1.42135e-06 
4580 1.42149e-06 
4581 1.42167e-06 
4582 1.4219e-06 
4583 1.42222e-06 
4584 1.42276e-06 
4585 1.42405e-06 
4586 1.42601e-06 
4587 1.43765e-06 
4588 1.43751e-06 
4589 1.43751e-06 
4590 1.43752e-06 
4591 1.43755e-06 
4592 1.4376e-06 
4593 1.43775e-06 
4594 1.43844e-06 
4595 1.44028e-06 
4596 1.44099e-06 
4597 1.45453e-06 
4598 1.45401e-06 
4599 1.4536e-06 
4600 1.45344e-06 
4601 1.4535e-06 
4602 1.45363e-06 
4603 1.45575e-06 
4604 1.45603e-06 
4605 1.45628e-06 
4606 1.45672e-06 
4607 1.45749e-06 
4608 1.46647e-06 
4609 1.46702e-06 
4610 1.47503e-06 
4611 1.47511e-06 
4612 1.47673e-06 
4613 1.4769e-06 
4614 1.47756e-06 
4615 1.47787e-06 
4616 1.48042e-06 
4617 1.48127e-06 
4618 1.48532e-06 
4619 1.48559e-06 
4620 1.48699e-06 
4621 1.48774e-06 
4622 1.50208e-06 
4623 1.50183e-06 
4624 1.50185e-06 
4625 1.50194e-06 
4626 1.50205e-06 
4627 1.50222e-06 
4628 1.50249e-06 
4629 1.50345e-06 
4630 1.50447e-06 
4631 1.50502e-06 
4632 1.50724e-06 
4633 1.50746e-06 
4634 1.50761e-06 
4635 1.50808e-06 
4636 1.50859e-06 
4637 1.50873e-06 
4638 1.51262e-06 
4639 1.51203e-06 
4640 1.51197e-06 
4641 1.51186e-06 
4642 1.51167e-06 
4643 1.51089e-06 
4644 1.51069e-06 
4645 1.51026e-06 
4646 1.51003e-06 
4647 1.50752e-06 
4648 1.50721e-06 
4649 1.50686e-06 
4650 1.5066e-06 
4651 1.50425e-06 
4652 1.50412e-06 
4653 1.50387e-06 
4654 1.50235e-06 
4655 1.50238e-06 
4656 1.50231e-06 
4657 1.50217e-06 
4658 1.50133e-06 
4659 1.50116e-06 
4660 1.50085e-06 
4661 1.5003e-06 
4662 1.50039e-06 
4663 1.50029e-06 
4664 1.50023e-06 
4665 1.5002e-06 
4666 1.5002e-06 
4667 1.50016e-06 
4668 1.50011e-06 
4669 1.50009e-06 
4670 1.50006e-06 
4671 1.50002e-06 
4672 1.49999e-06 
4673 1.49996e-06 
4674 1.49994e-06 
4675 1.49992e-06 
4676 1.49989e-06 
4677 1.49987e-06 
4678 1.49984e-06 
4679 1.49981e-06 
4680 1.49979e-06 
4681 1.49975e-06 
4682 1.49972e-06 
4683 1.49968e-06 
4684 1.49965e-06 
4685 1.49962e-06 
4686 1.49959e-06 
4687 1.49955e-06 
4688 1.4995e-06 
4689 1.49945e-06 
4690 1.49941e-06 
4691 1.49939e-06 
4692 1.49937e-06 
4693 1.49935e-06 
4694 1.49935e-06 
4695 1.49934e-06 
4696 1.49928e-06 
4697 1.49923e-06 
4698 1.49916e-06 
4699 1.49908e-06 
4700 1.49902e-06 
4701 1.49893e-06 
4702 1.49888e-06 
4703 1.49879e-06 
4704 1.4986e-06 
4705 1.49849e-06 
4706 1.49842e-06 
4707 1.49842e-06 
4708 1.49842e-06 
4709 1.4984e-06 
4710 1.49838e-06 
4711 1.4984e-06 
4712 1.49851e-06 
4713 1.49863e-06 
4714 1.49888e-06 
4715 1.49903e-06 
4716 1.49897e-06 
4717 1.49892e-06 
4718 1.4988e-06 
4719 1.49865e-06 
4720 1.49849e-06 
4721 1.49827e-06 
4722 1.49813e-06 
4723 1.49775e-06 
4724 1.49771e-06 
4725 1.4976e-06 
4726 1.49724e-06 
4727 1.49724e-06 
4728 1.4972e-06 
4729 1.49716e-06 
4730 1.49708e-06 
4731 1.49702e-06 
4732 1.49695e-06 
4733 1.4968e-06 
4734 1.49684e-06 
4735 1.497e-06 
4736 1.49699e-06 
4737 1.4969e-06 
4738 1.49679e-06 
4739 1.49673e-06 
4740 1.49652e-06 
4741 1.49662e-06 
4742 1.49638e-06 
4743 1.49639e-06 
4744 1.49619e-06 
4745 1.49613e-06 
4746 1.49582e-06 
4747 1.49485e-06 
4748 1.49479e-06 
4749 1.49486e-06 
4750 1.49472e-06 
4751 1.49468e-06 
4752 1.49456e-06 
4753 1.49412e-06 
4754 1.49398e-06 
4755 1.49397e-06 
4756 1.49386e-06 
4757 1.49383e-06 
4758 1.49378e-06 
4759 1.49383e-06 
4760 1.49384e-06 
4761 1.49352e-06 
4762 1.49338e-06 
4763 1.49313e-06 
4764 1.49345e-06 
4765 1.49399e-06 
4766 1.49414e-06 
4767 1.4945e-06 
4768 1.49432e-06 
4769 1.4943e-06 
4770 1.49463e-06 
4771 1.49485e-06 
4772 1.49524e-06 
4773 1.49535e-06 
4774 1.49577e-06 
4775 1.49584e-06 
4776 1.49613e-06 
4777 1.49623e-06 
4778 1.49661e-06 
4779 1.49587e-06 
4780 1.49572e-06 
4781 1.49564e-06 
4782 1.49549e-06 
4783 1.4958e-06 
4784 1.49579e-06 
4785 1.49627e-06 
4786 1.49654e-06 
4787 1.49717e-06 
4788 1.49627e-06 
4789 1.49629e-06 
4790 1.49569e-06 
4791 1.49531e-06 
4792 1.49504e-06 
4793 1.49506e-06 
4794 1.49524e-06 
4795 1.49514e-06 
4796 1.49529e-06 
4797 1.49533e-06 
4798 1.49565e-06 
4799 1.49578e-06 
4800 1.49601e-06 
4801 1.49652e-06 
4802 1.49696e-06 
4803 1.49699e-06 
4804 1.49702e-06 
4805 1.49704e-06 
4806 1.49707e-06 
4807 1.4971e-06 
4808 1.49712e-06 
4809 1.49715e-06 
4810 1.4972e-06 
4811 1.49726e-06 
4812 1.49802e-06 
4813 1.49907e-06 
4814 1.5015e-06 
4815 1.50275e-06 
4816 1.50552e-06 
4817 1.50579e-06 
4818 1.50767e-06 
4819 1.50765e-06 
4820 1.50887e-06 
4821 1.50885e-06 
4822 1.5092e-06 
4823 1.51057e-06 
4824 1.51079e-06 
4825 1.5119e-06 
4826 1.51313e-06 
4827 1.5134e-06 
4828 1.51349e-06 
4829 1.51362e-06 
4830 1.51385e-06 
4831 1.51464e-06 
4832 1.51583e-06 
4833 1.51617e-06 
4834 1.51693e-06 
4835 1.51795e-06 
4836 1.51911e-06 
4837 1.52028e-06 
4838 1.52126e-06 
4839 1.5224e-06 
4840 1.52341e-06 
4841 1.52348e-06 
4842 1.52413e-06 
4843 1.52436e-06 
4844 1.52537e-06 
4845 1.52541e-06 
4846 1.5257e-06 
4847 1.52525e-06 
4848 1.52537e-06 
4849 1.52523e-06 
4850 1.52574e-06 
4851 1.52524e-06 
4852 1.52485e-06 
4853 1.52478e-06 
4854 1.52465e-06 
4855 1.52431e-06 
4856 1.52439e-06 
4857 1.52379e-06 
4858 1.52366e-06 
4859 1.52364e-06 
4860 1.52353e-06 
4861 1.52241e-06 
4862 1.5224e-06 
4863 1.52195e-06 
4864 1.52193e-06 
4865 1.52143e-06 
4866 1.52114e-06 
4867 1.52101e-06 
4868 1.52082e-06 
4869 1.52048e-06 
4870 1.51849e-06 
4871 1.51847e-06 
4872 1.51829e-06 
4873 1.51528e-06 
4874 1.51439e-06 
4875 1.51344e-06 
4876 1.51126e-06 
4877 1.50631e-06 
4878 1.50629e-06 
4879 1.50314e-06 
4880 1.50289e-06 
4881 1.49827e-06 
4882 1.49787e-06 
4883 1.4975e-06 
4884 1.49628e-06 
4885 1.49507e-06 
4886 1.49429e-06 
4887 1.49109e-06 
4888 1.48998e-06 
4889 1.4892e-06 
4890 1.48828e-06 
4891 1.48666e-06 
4892 1.48656e-06 
4893 1.47986e-06 
4894 1.48009e-06 
4895 1.4793e-06 
4896 1.47864e-06 
4897 1.4785e-06 
4898 1.47839e-06 
4899 1.47923e-06 
4900 1.47928e-06 
4901 1.47944e-06 
4902 1.48035e-06 
4903 1.4823e-06 
4904 1.48236e-06 
4905 1.48245e-06 
4906 1.48315e-06 
4907 1.48328e-06 
4908 1.48367e-06 
4909 1.4852e-06 
4910 1.48494e-06 
4911 1.48494e-06 
4912 1.48517e-06 
4913 1.48567e-06 
4914 1.48682e-06 
4915 1.48615e-06 
4916 1.48498e-06 
4917 1.48421e-06 
4918 1.48379e-06 
4919 1.4833e-06 
4920 1.4831e-06 
4921 1.48304e-06 
4922 1.48297e-06 
4923 1.48288e-06 
4924 1.48275e-06 
4925 1.48242e-06 
4926 1.48234e-06 
4927 1.48201e-06 
4928 1.4819e-06 
4929 1.48166e-06 
4930 1.48148e-06 
4931 1.48127e-06 
4932 1.48132e-06 
4933 1.48127e-06 
4934 1.48127e-06 
4935 1.48124e-06 
4936 1.48121e-06 
4937 1.48115e-06 
4938 1.48109e-06 
4939 1.48107e-06 
4940 1.48105e-06 
4941 1.48103e-06 
4942 1.48098e-06 
4943 1.48091e-06 
4944 1.48088e-06 
4945 1.48086e-06 
4946 1.48084e-06 
4947 1.48083e-06 
4948 1.48081e-06 
4949 1.48078e-06 
4950 1.48076e-06 
4951 1.48073e-06 
4952 1.4807e-06 
4953 1.48067e-06 
4954 1.48065e-06 
4955 1.48063e-06 
4956 1.4806e-06 
4957 1.48058e-06 
4958 1.48055e-06 
4959 1.48054e-06 
4960 1.4805e-06 
4961 1.48049e-06 
4962 1.48046e-06 
4963 1.48044e-06 
4964 1.48042e-06 
4965 1.48041e-06 
4966 1.48039e-06 
4967 1.48037e-06 
4968 1.48036e-06 
4969 1.48034e-06 
4970 1.48032e-06 
4971 1.4803e-06 
4972 1.48028e-06 
4973 1.48025e-06 
4974 1.48022e-06 
4975 1.48018e-06 
4976 1.48017e-06 
4977 1.48015e-06 
4978 1.48015e-06 
4979 1.48013e-06 
4980 1.48013e-06 
4981 1.48011e-06 
4982 1.48009e-06 
4983 1.48008e-06 
4984 1.48006e-06 
4985 1.48004e-06 
4986 1.48001e-06 
4987 1.47999e-06 
4988 1.47997e-06 
4989 1.47995e-06 
4990 1.47994e-06 
4991 1.47989e-06 
4992 1.47987e-06 
4993 1.47984e-06 
4994 1.47981e-06 
4995 1.47972e-06 
4996 1.47967e-06 
4997 1.47965e-06 
4998 1.47954e-06 
4999 1.47944e-06 
5000 1.47937e-06 
5001 1.47932e-06 
5002 1.47925e-06 
5003 1.47917e-06 
5004 1.47916e-06 
5005 1.47906e-06 
5006 1.47897e-06 
5007 1.47889e-06 
5008 1.47883e-06 
5009 1.47873e-06 
5010 1.47854e-06 
5011 1.47847e-06 
5012 1.47841e-06 
5013 1.47836e-06 
5014 1.47832e-06 
5015 1.4783e-06 
5016 1.47832e-06 
5017 1.47836e-06 
5018 1.47841e-06 
5019 1.47849e-06 
5020 1.47858e-06 
5021 1.47869e-06 
5022 1.47876e-06 
5023 1.47884e-06 
5024 1.47906e-06 
5025 1.47906e-06 
5026 1.47921e-06 
5027 1.47935e-06 
5028 1.4794e-06 
5029 1.47951e-06 
5030 1.47976e-06 
5031 1.47977e-06 
5032 1.48078e-06 
5033 1.48078e-06 
5034 1.48075e-06 
5035 1.4806e-06 
5036 1.48075e-06 
5037 1.48077e-06 
5038 1.48476e-06 
5039 1.48473e-06 
5040 1.48475e-06 
5041 1.4848e-06 
5042 1.48483e-06 
5043 1.48513e-06 
5044 1.48515e-06 
5045 1.48514e-06 
5046 1.48517e-06 
5047 1.48533e-06 
5048 1.48531e-06 
5049 1.48525e-06 
5050 1.48516e-06 
5051 1.485e-06 
5052 1.4844e-06 
5053 1.48438e-06 
5054 1.4841e-06 
5055 1.48239e-06 
5056 1.48231e-06 
5057 1.48195e-06 
5058 1.48142e-06 
5059 1.48033e-06 
5060 1.48009e-06 
5061 1.47911e-06 
5062 1.47905e-06 
5063 1.47606e-06 
5064 1.47601e-06 
5065 1.47563e-06 
5066 1.47498e-06 
5067 1.47389e-06 
5068 1.46425e-06 
5069 1.46413e-06 
5070 1.46353e-06 
5071 1.46018e-06 
5072 1.46004e-06 
5073 1.45887e-06 
5074 1.45873e-06 
5075 1.45777e-06 
5076 1.44038e-06 
5077 1.44031e-06 
5078 1.44023e-06 
5079 1.44015e-06 
5080 1.44001e-06 
5081 1.43985e-06 
5082 1.43968e-06 
5083 1.43944e-06 
5084 1.43901e-06 
5085 1.4375e-06 
5086 1.43529e-06 
5087 1.43465e-06 
5088 1.4248e-06 
5089 1.42474e-06 
5090 1.42453e-06 
5091 1.42429e-06 
5092 1.42382e-06 
5093 1.42106e-06 
5094 1.42047e-06 
5095 1.41691e-06 
5096 1.4165e-06 
5097 1.41475e-06 
5098 1.41298e-06 
5099 1.41281e-06 
5100 1.40855e-06 
5101 1.40802e-06 
5102 1.40688e-06 
5103 1.37393e-06 
5104 1.3738e-06 
5105 1.37376e-06 
5106 1.37335e-06 
5107 1.37281e-06 
5108 1.37174e-06 
5109 1.36311e-06 
5110 1.36217e-06 
5111 1.35044e-06 
5112 1.34972e-06 
5113 1.34944e-06 
5114 1.34898e-06 
5115 1.34774e-06 
5116 1.33714e-06 
5117 1.3366e-06 
5118 1.32736e-06 
5119 1.327e-06 
5120 1.32651e-06 
5121 1.32511e-06 
5122 1.30639e-06 
5123 1.30609e-06 
5124 1.30548e-06 
5125 1.30301e-06 
5126 1.2964e-06 
5127 1.29617e-06 
5128 1.29575e-06 
5129 1.29431e-06 
5130 1.28862e-06 
5131 1.28827e-06 
5132 1.28763e-06 
5133 1.28165e-06 
5134 1.28113e-06 
5135 1.28048e-06 
5136 1.2776e-06 
5137 1.27675e-06 
5138 1.25107e-06 
5139 1.25107e-06 
5140 1.25101e-06 
5141 1.25039e-06 
5142 1.24794e-06 
5143 1.24372e-06 
5144 1.24346e-06 
5145 1.24337e-06 
5146 1.24318e-06 
5147 1.24215e-06 
5148 1.23926e-06 
5149 1.23925e-06 
5150 1.23849e-06 
5151 1.23602e-06 
5152 1.23589e-06 
5153 1.23466e-06 
5154 1.23344e-06 
5155 1.23094e-06 
5156 1.23007e-06 
5157 1.22545e-06 
5158 1.2254e-06 
5159 1.22532e-06 
5160 1.22504e-06 
5161 1.22184e-06 
5162 1.22172e-06 
5163 1.22143e-06 
5164 1.21144e-06 
5165 1.2116e-06 
5166 1.21163e-06 
5167 1.21159e-06 
5168 1.21152e-06 
5169 1.21133e-06 
5170 1.20968e-06 
5171 1.20833e-06 
5172 1.20499e-06 
5173 1.20455e-06 
5174 1.20366e-06 
5175 1.19551e-06 
5176 1.19515e-06 
5177 1.19514e-06 
5178 1.19485e-06 
5179 1.19465e-06 
5180 1.19443e-06 
5181 1.19393e-06 
5182 1.19247e-06 
5183 1.19239e-06 
5184 1.19204e-06 
5185 1.18789e-06 
5186 1.18788e-06 
5187 1.18787e-06 
5188 1.18786e-06 
5189 1.18785e-06 
5190 1.18782e-06 
5191 1.18773e-06 
5192 1.18663e-06 
5193 1.18651e-06 
5194 1.18632e-06 
5195 1.18583e-06 
5196 1.18292e-06 
5197 1.18193e-06 
5198 1.1819e-06 
5199 1.17711e-06 
5200 1.17132e-06 
5201 1.17002e-06 
5202 1.16718e-06 
5203 1.13205e-06 
5204 1.13216e-06 
5205 1.1325e-06 
5206 1.13255e-06 
5207 1.13258e-06 
5208 1.13262e-06 
5209 1.13265e-06 
5210 1.13268e-06 
5211 1.13272e-06 
5212 1.13275e-06 
5213 1.13278e-06 
5214 1.13281e-06 
5215 1.13284e-06 
5216 1.13287e-06 
5217 1.13291e-06 
5218 1.13294e-06 
5219 1.13297e-06 
5220 1.13301e-06 
5221 1.13304e-06 
5222 1.13308e-06 
5223 1.13311e-06 
5224 1.13315e-06 
5225 1.13319e-06 
5226 1.13322e-06 
5227 1.13326e-06 
5228 1.1333e-06 
5229 1.13334e-06 
5230 1.13338e-06 
5231 1.13342e-06 
5232 1.13347e-06 
5233 1.13351e-06 
5234 1.13355e-06 
5235 1.1336e-06 
5236 1.13365e-06 
5237 1.13369e-06 
5238 1.13374e-06 
5239 1.13379e-06 
5240 1.13385e-06 
5241 1.1339e-06 
5242 1.13396e-06 
5243 1.13402e-06 
5244 1.13408e-06 
5245 1.13415e-06 
5246 1.13421e-06 
5247 1.13429e-06 
5248 1.13436e-06 
5249 1.13444e-06 
5250 1.13453e-06 
5251 1.13462e-06 
5252 1.13472e-06 
5253 1.13483e-06 
5254 1.13495e-06 
5255 1.13509e-06 
5256 1.13525e-06 
5257 1.13544e-06 
5258 1.13568e-06 
5259 1.13601e-06 
5260 1.13653e-06 
5261 1.13766e-06 
5262 1.13976e-06 
5263 1.14091e-06 
5264 1.14097e-06 
5265 1.14105e-06 
5266 1.14114e-06 
5267 1.1413e-06 
5268 1.14172e-06 
5269 1.14231e-06 
5270 1.14261e-06 
5271 1.14765e-06 
5272 1.14774e-06 
5273 1.14776e-06 
5274 1.14778e-06 
5275 1.1478e-06 
5276 1.14781e-06 
5277 1.14783e-06 
5278 1.14784e-06 
5279 1.14784e-06 
5280 1.14782e-06 
5281 1.14741e-06 
5282 1.14709e-06 
5283 1.14216e-06 
5284 1.14218e-06 
5285 1.1422e-06 
5286 1.14222e-06 
5287 1.14223e-06 
5288 1.14225e-06 
5289 1.14226e-06 
5290 1.14226e-06 
5291 1.14224e-06 
5292 1.14109e-06 
5293 1.14094e-06 
5294 1.14071e-06 
5295 1.14005e-06 
5296 1.13948e-06 
5297 1.13919e-06 
5298 1.13736e-06 
5299 1.13736e-06 
5300 1.13731e-06 
5301 1.1371e-06 
5302 1.13693e-06 
5303 1.13637e-06 
5304 1.13639e-06 
5305 1.13189e-06 
5306 1.13202e-06 
5307 1.13202e-06 
5308 1.13199e-06 
5309 1.13195e-06 
5310 1.1319e-06 
5311 1.13182e-06 
5312 1.13164e-06 
5313 1.13063e-06 
5314 1.12958e-06 
5315 1.12774e-06 
5316 1.12745e-06 
5317 1.12667e-06 
5318 1.12369e-06 
5319 1.12354e-06 
5320 1.12335e-06 
5321 1.12299e-06 
5322 1.12055e-06 
5323 1.12052e-06 
5324 1.12042e-06 
5325 1.11989e-06 
5326 1.11886e-06 
5327 1.11855e-06 
5328 1.11091e-06 
5329 1.11073e-06 
5330 1.11073e-06 
5331 1.11073e-06 
5332 1.11073e-06 
5333 1.11072e-06 
5334 1.11069e-06 
5335 1.11063e-06 
5336 1.11041e-06 
5337 1.09771e-06 
5338 1.09772e-06 
5339 1.09763e-06 
5340 1.0976e-06 
5341 1.0976e-06 
5342 1.09758e-06 
5343 1.09756e-06 
5344 1.09755e-06 
5345 1.09745e-06 
5346 1.09739e-06 
5347 1.09729e-06 
5348 1.09722e-06 
5349 1.09717e-06 
5350 1.09711e-06 
5351 1.09706e-06 
5352 1.09703e-06 
5353 1.09694e-06 
5354 1.09688e-06 
5355 1.09683e-06 
5356 1.09679e-06 
5357 1.09673e-06 
5358 1.09668e-06 
5359 1.0966e-06 
5360 1.0965e-06 
5361 1.09636e-06 
5362 1.09615e-06 
5363 1.09595e-06 
5364 1.09566e-06 
5365 1.09549e-06 
5366 1.09498e-06 
5367 1.09447e-06 
5368 1.09383e-06 
5369 1.09349e-06 
5370 1.09266e-06 
5371 1.09221e-06 
5372 1.09041e-06 
5373 1.08934e-06 
5374 1.08823e-06 
5375 1.08559e-06 
5376 1.08546e-06 
5377 1.08531e-06 
5378 1.08513e-06 
5379 1.08498e-06 
5380 1.08479e-06 
5381 1.08447e-06 
5382 1.08362e-06 
5383 1.08181e-06 
5384 1.08155e-06 
5385 1.081e-06 
5386 1.07231e-06 
5387 1.07222e-06 
5388 1.07203e-06 
5389 1.0692e-06 
5390 1.06916e-06 
5391 1.06906e-06 
5392 1.06869e-06 
5393 1.05695e-06 
5394 1.05695e-06 
5395 1.0569e-06 
5396 1.05685e-06 
5397 1.05684e-06 
5398 1.05683e-06 
5399 1.05681e-06 
5400 1.05678e-06 
5401 1.05673e-06 
5402 1.05663e-06 
5403 1.05628e-06 
5404 1.05546e-06 
5405 1.03893e-06 
5406 1.03893e-06 
5407 1.03884e-06 
5408 1.03872e-06 
5409 1.03859e-06 
5410 1.03844e-06 
5411 1.03822e-06 
5412 1.03793e-06 
5413 1.03625e-06 
5414 1.03618e-06 
5415 1.03593e-06 
5416 1.03129e-06 
5417 1.03104e-06 
5418 1.03051e-06 
5419 1.03009e-06 
5420 1.02781e-06 
5421 1.0279e-06 
5422 1.02454e-06 
5423 1.02452e-06 
5424 1.02403e-06 
5425 1.02187e-06 
5426 1.02184e-06 
5427 1.02119e-06 
5428 1.01996e-06 
5429 1.01963e-06 
5430 9.99932e-07 
5431 9.99779e-07 
5432 9.99246e-07 
5433 9.97059e-07 
5434 9.95547e-07 
5435 9.94784e-07 
5436 9.588e-07 
5437 9.58694e-07 
5438 9.58609e-07 
5439 9.58555e-07 
5440 9.58499e-07 
5441 9.58438e-07 
5442 9.58371e-07 
5443 9.58298e-07 
5444 9.58212e-07 
5445 9.58103e-07 
5446 9.5799e-07 
5447 9.5781e-07 
5448 9.57286e-07 
5449 9.55256e-07 
5450 9.5512e-07 
5451 9.54918e-07 
5452 9.54478e-07 
5453 9.48217e-07 
5454 9.48183e-07 
5455 9.48132e-07 
5456 9.48056e-07 
5457 9.47916e-07 
5458 9.475e-07 
5459 9.33549e-07 
5460 9.33453e-07 
5461 9.30829e-07 
5462 9.30102e-07 
5463 9.28728e-07 
5464 9.28275e-07 
5465 9.17397e-07 
5466 9.17202e-07 
5467 9.1716e-07 
5468 9.17101e-07 
5469 9.16986e-07 
5470 9.16561e-07 
5471 9.10953e-07 
5472 9.10885e-07 
5473 9.10856e-07 
5474 9.10819e-07 
5475 9.10758e-07 
5476 9.10628e-07 
5477 9.09813e-07 
5478 9.0919e-07 
5479 9.03263e-07 
5480 9.03249e-07 
5481 9.03199e-07 
5482 9.03142e-07 
5483 9.03074e-07 
5484 9.02939e-07 
5485 9.02718e-07 
5486 9.02003e-07 
5487 9.01253e-07 
5488 9.00896e-07 
5489 8.93883e-07 
5490 8.93853e-07 
5491 8.93844e-07 
5492 8.93831e-07 
5493 8.93813e-07 
5494 8.9379e-07 
5495 8.9376e-07 
5496 8.93709e-07 
5497 8.93586e-07 
5498 8.92403e-07 
5499 8.92217e-07 
5500 8.91789e-07 
5501 8.76039e-07 
5502 8.75945e-07 
5503 8.75904e-07 
5504 8.75873e-07 
5505 8.75383e-07 
5506 8.7517e-07 
5507 8.72671e-07 
5508 8.72674e-07 
5509 8.7266e-07 
5510 8.72623e-07 
5511 8.72455e-07 
5512 8.67711e-07 
5513 8.67668e-07 
5514 8.67668e-07 
5515 8.67667e-07 
5516 8.67663e-07 
5517 8.67636e-07 
5518 8.67413e-07 
5519 8.66856e-07 
5520 8.6674e-07 
5521 8.64901e-07 
5522 8.64926e-07 
5523 8.6472e-07 
5524 8.64693e-07 
5525 8.63597e-07 
5526 8.636e-07 
5527 8.63604e-07 
5528 8.63608e-07 
5529 8.63612e-07 
5530 8.63605e-07 
5531 8.63392e-07 
5532 8.63113e-07 
5533 8.63131e-07 
5534 8.63189e-07 
5535 8.63046e-07 
5536 8.63508e-07 
5537 8.63452e-07 
5538 8.6342e-07 
5539 8.63356e-07 
5540 8.63244e-07 
5541 8.62851e-07 
5542 8.62855e-07 
5543 8.6286e-07 
5544 8.62864e-07 
5545 8.62669e-07 
5546 8.62593e-07 
5547 8.62553e-07 
5548 8.62501e-07 
5549 8.62406e-07 
5550 8.6208e-07 
5551 8.62085e-07 
5552 8.62039e-07 
5553 8.61893e-07 
5554 8.6123e-07 
5555 8.61017e-07 
5556 8.60273e-07 
5557 8.5909e-07 
5558 8.59087e-07 
5559 8.5906e-07 
5560 8.57168e-07 
5561 8.57124e-07 
5562 8.57874e-07 
5563 8.58024e-07 
5564 8.58157e-07 
5565 8.58603e-07 
5566 8.58859e-07 
5567 8.58949e-07 
5568 8.59321e-07 
5569 8.59478e-07 
5570 8.59678e-07 
5571 8.60944e-07 
5572 8.61118e-07 
5573 8.61903e-07 
5574 8.63302e-07 
5575 8.63055e-07 
5576 8.63144e-07 
5577 8.6317e-07 
5578 8.63217e-07 
5579 8.63541e-07 
5580 8.6416e-07 
5581 8.64195e-07 
5582 8.64214e-07 
5583 8.64261e-07 
5584 8.64355e-07 
5585 8.64817e-07 
5586 8.64815e-07 
5587 8.64912e-07 
5588 8.65099e-07 
5589 8.65815e-07 
5590 8.66197e-07 
5591 8.67215e-07 
5592 8.67499e-07 
5593 8.68028e-07 
5594 8.68792e-07 
5595 8.69697e-07 
5596 8.6969e-07 
5597 8.69685e-07 
5598 8.69683e-07 
5599 8.69686e-07 
5600 8.69703e-07 
5601 8.69785e-07 
5602 8.71007e-07 
5603 8.71529e-07 
5604 8.7203e-07 
5605 8.72007e-07 
5606 8.71982e-07 
5607 8.71963e-07 
5608 8.725e-07 
5609 8.7249e-07 
5610 8.72537e-07 
5611 8.72611e-07 
5612 8.72776e-07 
5613 8.72727e-07 
5614 8.72842e-07 
5615 8.73111e-07 
5616 8.73456e-07 
5617 8.73419e-07 
5618 8.73387e-07 
5619 8.73347e-07 
5620 8.73287e-07 
5621 8.7344e-07 
5622 8.76908e-07 
5623 8.76995e-07 
5624 8.8028e-07 
5625 8.79084e-07 
5626 8.77122e-07 
5627 8.76729e-07 
5628 8.76126e-07 
5629 8.7711e-07 
5630 8.77867e-07 
5631 8.79633e-07 
5632 8.81612e-07 
5633 8.82386e-07 
5634 8.82468e-07 
5635 8.8245e-07 
5636 8.82428e-07 
5637 8.82414e-07 
5638 8.82369e-07 
5639 8.82342e-07 
5640 8.82289e-07 
5641 8.82273e-07 
5642 8.82252e-07 
5643 8.82088e-07 
5644 8.82017e-07 
5645 8.81946e-07 
5646 8.81832e-07 
5647 8.81654e-07 
5648 8.81445e-07 
5649 8.81209e-07 
5650 8.80928e-07 
5651 8.80888e-07 
5652 8.80706e-07 
5653 8.80726e-07 
5654 8.80498e-07 
5655 8.80925e-07 
5656 8.81636e-07 
5657 8.8168e-07 
5658 8.82346e-07 
5659 8.83961e-07 
5660 8.84391e-07 
5661 8.86207e-07 
5662 8.86622e-07 
5663 8.88818e-07 
5664 8.88921e-07 
5665 8.91977e-07 
5666 8.91817e-07 
5667 8.93222e-07 
5668 8.93191e-07 
5669 8.93268e-07 
5670 8.93588e-07 
5671 8.93963e-07 
5672 9.106e-07 
5673 9.10519e-07 
5674 9.10229e-07 
5675 9.10376e-07 
5676 9.23074e-07 
5677 9.23228e-07 
5678 9.24432e-07 
5679 9.26359e-07 
5680 9.26381e-07 
5681 9.2642e-07 
5682 9.2648e-07 
5683 9.26536e-07 
5684 9.26594e-07 
5685 9.26658e-07 
5686 9.26735e-07 
5687 9.26841e-07 
5688 9.27019e-07 
5689 9.27581e-07 
5690 9.28626e-07 
5691 9.29685e-07 
5692 9.32128e-07 
5693 9.32264e-07 
5694 9.3256e-07 
5695 9.39046e-07 
5696 9.38904e-07 
5697 9.38855e-07 
5698 9.38882e-07 
5699 9.3892e-07 
5700 9.38997e-07 
5701 9.39393e-07 
5702 9.3932e-07 
5703 9.40962e-07 
5704 9.40885e-07 
5705 9.41202e-07 
5706 9.41372e-07 
5707 9.47924e-07 
5708 9.47829e-07 
5709 9.47827e-07 
5710 9.47824e-07 
5711 9.47823e-07 
5712 9.47824e-07 
5713 9.4783e-07 
5714 9.47848e-07 
5715 9.47912e-07 
5716 9.51916e-07 
5717 9.51859e-07 
5718 9.52821e-07 
5719 9.54931e-07 
5720 9.54735e-07 
5721 9.54616e-07 
5722 9.5444e-07 
5723 9.54084e-07 
5724 9.52226e-07 
5725 9.52015e-07 
5726 9.50764e-07 
5727 9.5067e-07 
5728 9.50474e-07 
5729 9.48851e-07 
5730 9.48782e-07 
5731 9.48733e-07 
5732 9.48713e-07 
5733 9.48694e-07 
5734 9.48665e-07 
5735 9.48593e-07 
5736 9.51036e-07 
5737 9.51154e-07 
5738 9.5104e-07 
5739 9.50264e-07 
5740 9.50983e-07 
5741 9.51873e-07 
5742 9.52074e-07 
5743 9.52325e-07 
5744 9.52691e-07 
5745 9.53689e-07 
5746 9.60463e-07 
5747 9.60429e-07 
5748 9.60667e-07 
5749 9.60986e-07 
5750 9.61903e-07 
5751 9.76591e-07 
5752 9.76776e-07 
5753 9.77367e-07 
5754 9.82699e-07 
5755 9.82756e-07 
5756 9.82798e-07 
5757 9.82849e-07 
5758 9.82911e-07 
5759 9.82991e-07 
5760 9.83103e-07 
5761 9.83284e-07 
5762 9.83706e-07 
5763 9.90773e-07 
5764 9.90764e-07 
5765 9.90879e-07 
5766 9.91207e-07 
5767 9.92442e-07 
5768 9.93567e-07 
5769 9.95044e-07 
5770 9.95908e-07 
5771 9.98626e-07 
5772 9.99054e-07 
5773 1.00514e-06 
5774 1.00526e-06 
5775 1.00545e-06 
5776 1.00582e-06 
5777 1.00719e-06 
5778 1.00923e-06 
5779 1.00992e-06 
5780 1.04354e-06 
5781 1.04372e-06 
5782 1.04388e-06 
5783 1.04401e-06 
5784 1.04416e-06 
5785 1.04436e-06 
5786 1.04471e-06 
5787 1.04541e-06 
5788 1.05686e-06 
5789 1.0576e-06 
5790 1.05845e-06 
5791 1.06809e-06 
5792 1.06842e-06 
5793 1.06882e-06 
5794 1.06967e-06 
5795 1.07595e-06 
5796 1.07667e-06 
5797 1.07903e-06 
5798 1.08526e-06 
5799 1.08589e-06 
5800 1.08782e-06 
5801 1.10806e-06 
5802 1.10776e-06 
5803 1.10787e-06 
5804 1.10821e-06 
5805 1.10937e-06 
5806 1.13306e-06 
5807 1.13357e-06 
5808 1.1338e-06 
5809 1.13412e-06 
5810 1.13471e-06 
5811 1.13684e-06 
5812 1.13918e-06 
5813 1.14115e-06 
5814 1.14796e-06 
5815 1.14836e-06 
5816 1.14923e-06 
5817 1.15854e-06 
5818 1.15722e-06 
5819 1.15797e-06 
5820 1.24815e-06 
5821 1.24736e-06 
5822 1.2462e-06 
5823 1.25235e-06 
5824 1.25295e-06 
5825 1.26451e-06 
5826 1.26283e-06 
5827 1.2628e-06 
5828 1.26276e-06 
5829 1.26314e-06 
5830 1.26311e-06 
5831 1.26309e-06 
5832 1.26339e-06 
5833 1.26336e-06 
5834 1.2633e-06 
5835 1.263e-06 
5836 1.26304e-06 
5837 1.26296e-06 
5838 1.26433e-06 
5839 1.2644e-06 
5840 1.264e-06 
5841 1.26146e-06 
5842 1.26051e-06 
5843 1.25335e-06 
5844 1.2527e-06 
5845 1.25061e-06 
5846 1.20933e-06 
5847 1.20869e-06 
5848 1.20468e-06 
5849 1.19691e-06 
5850 1.17379e-06 
5851 1.16381e-06 
5852 1.15451e-06 
5853 1.14111e-06 
5854 1.13887e-06 
5855 1.13357e-06 
5856 1.0893e-06 
5857 1.07861e-06 
5858 1.05657e-06 
5859 1.04249e-06 
5860 1.03892e-06 
5861 1.03168e-06 
5862 9.30707e-07 
5863 9.3066e-07 
5864 9.30817e-07 
5865 9.3065e-07 
5866 9.30148e-07 
5867 9.27597e-07 
5868 9.18687e-07 
5869 9.14712e-07 
5870 8.9701e-07 
5871 8.90442e-07 
5872 8.8762e-07 
5873 8.75564e-07 
5874 8.72783e-07 
5875 8.45261e-07 
5876 8.45388e-07 
5877 8.45381e-07 
5878 8.45338e-07 
5879 8.45314e-07 
5880 8.45282e-07 
5881 8.45032e-07 
5882 8.44925e-07 
5883 8.44863e-07 
5884 8.44816e-07 
5885 8.44707e-07 
5886 8.44606e-07 
5887 8.44292e-07 
5888 8.43463e-07 
5889 8.42868e-07 
5890 8.40787e-07 
5891 8.39664e-07 
5892 8.37033e-07 
5893 8.35318e-07 
5894 8.30639e-07 
5895 8.28324e-07 
5896 8.18449e-07 
5897 8.18333e-07 
5898 8.17624e-07 
5899 8.14484e-07 
5900 8.14305e-07 
5901 8.13714e-07 
5902 8.13347e-07 
5903 8.11901e-07 
5904 8.12016e-07 
5905 8.12358e-07 
5906 8.12101e-07 
5907 8.11895e-07 
5908 8.11483e-07 
5909 8.1055e-07 
5910 8.08245e-07 
5911 8.0822e-07 
5912 8.07635e-07 
5913 8.07284e-07 
5914 8.06943e-07 
5915 8.06477e-07 
5916 8.0563e-07 
5917 8.05313e-07 
5918 8.05193e-07 
5919 8.05405e-07 
5920 8.05741e-07 
5921 8.04541e-07 
5922 8.04336e-07 
5923 8.03954e-07 
5924 8.02817e-07 
5925 7.98355e-07 
5926 7.96753e-07 
5927 7.77541e-07 
5928 7.77323e-07 
5929 7.76012e-07 
5930 7.71167e-07 
5931 7.59391e-07 
5932 7.59145e-07 
5933 7.57396e-07 
5934 7.39318e-07 
5935 7.39247e-07 
5936 7.39162e-07 
5937 7.38831e-07 
5938 7.35836e-07 
5939 7.34751e-07 
5940 7.24724e-07 
5941 7.25098e-07 
5942 7.24546e-07 
5943 7.23518e-07 
5944 7.20883e-07 
5945 7.21002e-07 
5946 7.20832e-07 
5947 7.20504e-07 
5948 7.20072e-07 
5949 7.19881e-07 
5950 7.19536e-07 
5951 7.181e-07 
5952 7.17592e-07 
5953 7.17454e-07 
5954 7.17628e-07 
5955 7.25162e-07 
5956 7.24999e-07 
5957 7.22421e-07 
5958 7.22824e-07 
5959 7.33738e-07 
5960 7.33167e-07 
5961 7.33555e-07 
5962 7.33606e-07 
5963 7.34083e-07 
5964 7.35017e-07 
5965 7.35374e-07 
5966 7.38582e-07 
5967 7.38628e-07 
5968 7.38745e-07 
5969 7.39278e-07 
5970 7.4294e-07 
5971 7.42987e-07 
5972 7.43178e-07 
5973 7.4413e-07 
5974 7.44921e-07 
5975 7.49149e-07 
5976 7.49322e-07 
5977 7.49504e-07 
5978 7.49814e-07 
5979 7.50867e-07 
5980 7.52598e-07 
5981 7.52966e-07 
5982 7.55004e-07 
5983 7.55245e-07 
5984 7.58044e-07 
5985 7.58269e-07 
5986 7.58704e-07 
5987 7.61005e-07 
5988 7.61542e-07 
5989 7.66782e-07 
5990 7.66962e-07 
5991 7.67173e-07 
5992 7.67542e-07 
5993 7.69208e-07 
5994 7.70582e-07 
5995 7.71707e-07 
5996 7.83649e-07 
5997 7.84012e-07 
5998 7.84147e-07 
5999 7.84317e-07 
6000 7.84579e-07 
6001 7.85054e-07 
6002 7.87451e-07 
6003 7.8885e-07 
6004 7.95107e-07 
6005 7.95824e-07 
6006 7.97911e-07 
6007 8.01765e-07 
6008 8.03007e-07 
6009 9.42432e-07 
6010 9.42082e-07 
6011 9.43691e-07 
6012 9.47618e-07 
6013 9.49193e-07 
6014 1.03598e-06 
6015 1.03386e-06 
6016 1.03296e-06 
6017 1.03135e-06 
6018 1.0227e-06 
6019 1.02277e-06 
6020 1.02285e-06 
6021 1.02601e-06 
6022 1.02546e-06 
6023 1.02376e-06 
6024 1.02426e-06 
6025 1.02605e-06 
6026 1.0261e-06 
6027 1.02692e-06 
6028 1.02696e-06 
6029 1.03298e-06 
6030 1.03308e-06 
6031 1.03318e-06 
6032 1.03324e-06 
6033 1.03332e-06 
6034 1.03345e-06 
6035 1.03368e-06 
6036 1.03488e-06 
6037 1.03479e-06 
6038 1.03517e-06 
6039 1.0353e-06 
6040 1.03557e-06 
6041 1.03856e-06 
6042 1.03856e-06 
6043 1.03855e-06 
6044 1.03861e-06 
6045 1.041e-06 
6046 1.04129e-06 
6047 1.04146e-06 
6048 1.04181e-06 
6049 1.04463e-06 
6050 1.04475e-06 
6051 1.04505e-06 
6052 1.09889e-06 
6053 1.09813e-06 
6054 1.09835e-06 
6055 1.09825e-06 
6056 1.0982e-06 
6057 1.09814e-06 
6058 1.09809e-06 
6059 1.09802e-06 
6060 1.09794e-06 
6061 1.09787e-06 
6062 1.09781e-06 
6063 1.09778e-06 
6064 1.09774e-06 
6065 1.09771e-06 
6066 1.09767e-06 
6067 1.09761e-06 
6068 1.09752e-06 
6069 1.09741e-06 
6070 1.09737e-06 
6071 1.09733e-06 
6072 1.09728e-06 
6073 1.09724e-06 
6074 1.09719e-06 
6075 1.09703e-06 
6076 1.09681e-06 
6077 1.09667e-06 
6078 1.0964e-06 
6079 1.09607e-06 
6080 1.09544e-06 
6081 1.09493e-06 
6082 1.09439e-06 
6083 1.09395e-06 
6084 1.09367e-06 
6085 1.09374e-06 
6086 1.0937e-06 
6087 1.09377e-06 
6088 1.09376e-06 
6089 1.09425e-06 
6090 1.09581e-06 
6091 1.09589e-06 
6092 1.09682e-06 
6093 1.09691e-06 
6094 1.0971e-06 
6095 1.09759e-06 
6096 1.09853e-06 
6097 1.10013e-06 
6098 1.10014e-06 
6099 1.10079e-06 
6100 1.10072e-06 
6101 1.101e-06 
6102 1.1017e-06 
6103 1.1017e-06 
6104 1.10169e-06 
6105 1.10179e-06 
6106 1.10175e-06 
6107 1.10181e-06 
6108 1.10206e-06 
6109 1.1022e-06 
6110 1.10378e-06 
6111 1.10389e-06 
6112 1.10428e-06 
6113 1.10554e-06 
6114 1.10558e-06 
6115 1.10797e-06 
6116 1.10824e-06 
6117 1.10844e-06 
6118 1.10896e-06 
6119 1.11054e-06 
6120 1.11054e-06 
6121 1.11113e-06 
6122 1.11165e-06 
6123 1.11757e-06 
6124 1.11764e-06 
6125 1.118e-06 
6126 1.12526e-06 
6127 1.12532e-06 
6128 1.12587e-06 
6129 1.12709e-06 
6130 1.12762e-06 
6131 1.13336e-06 
6132 1.13344e-06 
6133 1.13397e-06 
6134 1.14078e-06 
6135 1.14079e-06 
6136 1.14112e-06 
6137 1.14278e-06 
6138 1.14315e-06 
6139 1.1442e-06 
6140 1.1438e-06 
6141 1.14354e-06 
6142 1.15134e-06 
6143 1.15135e-06 
6144 1.15119e-06 
6145 1.15228e-06 
6146 1.15441e-06 
6147 1.15459e-06 
6148 1.15656e-06 
6149 1.15921e-06 
6150 1.15956e-06 
6151 1.16219e-06 
6152 1.16254e-06 
6153 1.1713e-06 
6154 1.17136e-06 
6155 1.17144e-06 
6156 1.17156e-06 
6157 1.17177e-06 
6158 1.17205e-06 
6159 1.17737e-06 
6160 1.17726e-06 
6161 1.17742e-06 
6162 1.17822e-06 
6163 1.17819e-06 
6164 1.1782e-06 
6165 1.17824e-06 
6166 1.17839e-06 
6167 1.1786e-06 
6168 1.17871e-06 
6169 1.17873e-06 
6170 1.17885e-06 
6171 1.17915e-06 
6172 1.17911e-06 
6173 1.17963e-06 
6174 1.17865e-06 
6175 1.17849e-06 
6176 1.17766e-06 
6177 1.17343e-06 
6178 1.17343e-06 
6179 1.17338e-06 
6180 1.17322e-06 
6181 1.17038e-06 
6182 1.17037e-06 
6183 1.16982e-06 
6184 1.16404e-06 
6185 1.16406e-06 
6186 1.16352e-06 
6187 1.16317e-06 
6188 1.16115e-06 
6189 1.16095e-06 
6190 1.16081e-06 
6191 1.1587e-06 
6192 1.15879e-06 
6193 1.15863e-06 
6194 1.15851e-06 
6195 1.15944e-06 
6196 1.15942e-06 
6197 1.15933e-06 
6198 1.15922e-06 
6199 1.16034e-06 
6200 1.15974e-06 
6201 1.15854e-06 
6202 1.15529e-06 
6203 1.15537e-06 
6204 1.15551e-06 
6205 1.15588e-06 
6206 1.15622e-06 
6207 1.15439e-06 
6208 1.15046e-06 
6209 1.14508e-06 
6210 1.1446e-06 
6211 1.14622e-06 
6212 1.14622e-06 
6213 1.14583e-06 
6214 1.14701e-06 
6215 1.14741e-06 
6216 1.15709e-06 
6217 1.15707e-06 
6218 1.16021e-06 
6219 1.1605e-06 
6220 1.16114e-06 
6221 1.17184e-06 
6222 1.17197e-06 
6223 1.17214e-06 
6224 1.17257e-06 
6225 1.18158e-06 
6226 1.18205e-06 
6227 1.18241e-06 
6228 1.18314e-06 
6229 1.18702e-06 
6230 1.18739e-06 
6231 1.18928e-06 
6232 1.19046e-06 
6233 1.20002e-06 
6234 1.20014e-06 
6235 1.2004e-06 
6236 1.20112e-06 
6237 1.21091e-06 
6238 1.21127e-06 
6239 1.21158e-06 
6240 1.2187e-06 
6241 1.21882e-06 
6242 1.21742e-06 
6243 1.21695e-06 
6244 1.22547e-06 
6245 1.22546e-06 
6246 1.22567e-06 
6247 1.22831e-06 
6248 1.22825e-06 
6249 1.22816e-06 
6250 1.22805e-06 
6251 1.22938e-06 
6252 1.22961e-06 
6253 1.23015e-06 
6254 1.2329e-06 
6255 1.23296e-06 
6256 1.23291e-06 
6257 1.23286e-06 
6258 1.2328e-06 
6259 1.23271e-06 
6260 1.23266e-06 
6261 1.23261e-06 
6262 1.23254e-06 
6263 1.2325e-06 
6264 1.23244e-06 
6265 1.23241e-06 
6266 1.23237e-06 
6267 1.23233e-06 
6268 1.23223e-06 
6269 1.23218e-06 
6270 1.23211e-06 
6271 1.23205e-06 
6272 1.23202e-06 
6273 1.23198e-06 
6274 1.23196e-06 
6275 1.23194e-06 
6276 1.2319e-06 
6277 1.23186e-06 
6278 1.23184e-06 
6279 1.23179e-06 
6280 1.23169e-06 
6281 1.23157e-06 
6282 1.23138e-06 
6283 1.23116e-06 
6284 1.2309e-06 
6285 1.23072e-06 
6286 1.23075e-06 
6287 1.23086e-06 
6288 1.23099e-06 
6289 1.23149e-06 
6290 1.2321e-06 
6291 1.23275e-06 
6292 1.23429e-06 
6293 1.23429e-06 
6294 1.23561e-06 
6295 1.23605e-06 
6296 1.23845e-06 
6297 1.2385e-06 
6298 1.239e-06 
6299 1.24374e-06 
6300 1.24381e-06 
6301 1.24559e-06 
6302 1.24988e-06 
6303 1.24999e-06 
6304 1.25368e-06 
6305 1.25377e-06 
6306 1.25464e-06 
6307 1.26464e-06 
6308 1.2647e-06 
6309 1.26478e-06 
6310 1.26836e-06 
6311 1.26843e-06 
6312 1.2711e-06 
6313 1.27131e-06 
6314 1.27176e-06 
6315 1.27232e-06 
6316 1.2796e-06 
6317 1.27967e-06 
6318 1.28008e-06 
6319 1.28703e-06 
6320 1.28703e-06 
6321 1.28739e-06 
6322 1.29051e-06 
6323 1.2908e-06 
6324 1.29211e-06 
6325 1.29437e-06 
6326 1.29526e-06 
6327 1.30531e-06 
6328 1.30533e-06 
6329 1.30583e-06 
6330 1.30848e-06 
6331 1.30856e-06 
6332 1.30938e-06 
6333 1.31358e-06 
6334 1.31372e-06 
6335 1.31811e-06 
6336 1.31862e-06 
6337 1.31996e-06 
6338 1.32178e-06 
6339 1.32627e-06 
6340 1.32636e-06 
6341 1.33302e-06 
6342 1.33331e-06 
6343 1.33751e-06 
6344 1.33945e-06 
6345 1.34144e-06 
6346 1.34242e-06 
6347 1.34774e-06 
6348 1.34997e-06 
6349 1.35639e-06 
6350 1.35681e-06 
6351 1.36063e-06 
6352 1.36421e-06 
6353 1.36603e-06 
6354 1.37049e-06 
6355 1.3739e-06 
6356 1.37574e-06 
6357 1.38032e-06 
6358 1.38202e-06 
6359 1.38689e-06 
6360 1.38935e-06 
6361 1.39415e-06 
6362 1.39794e-06 
6363 1.4039e-06 
6364 1.41446e-06 
6365 1.41545e-06 
6366 1.41643e-06 
6367 1.41766e-06 
6368 1.42329e-06 
6369 1.4259e-06 
6370 1.42869e-06 
6371 1.43443e-06 
6372 1.43509e-06 
6373 1.43835e-06 
6374 1.43955e-06 
6375 1.44361e-06 
6376 1.44438e-06 
6377 1.44825e-06 
6378 1.45276e-06 
6379 1.45603e-06 
6380 1.4575e-06 
6381 1.45874e-06 
6382 1.46292e-06 
6383 1.46721e-06 
6384 1.47011e-06 
6385 1.47419e-06 
6386 1.47755e-06 
6387 1.48202e-06 
6388 1.48554e-06 
6389 1.48599e-06 
6390 1.48907e-06 
6391 1.49255e-06 
6392 1.49643e-06 
6393 1.50043e-06 
6394 1.50368e-06 
6395 1.50424e-06 
6396 1.50844e-06 
6397 1.5159e-06 
6398 1.52212e-06 
6399 1.52602e-06 
6400 1.52946e-06 
6401 1.53357e-06 
6402 1.5373e-06 
6403 1.54077e-06 
6404 1.54598e-06 
6405 1.54993e-06 
6406 1.55417e-06 
6407 1.55824e-06 
6408 1.55931e-06 
6409 1.56431e-06 
6410 1.56902e-06 
6411 1.57289e-06 
6412 1.57626e-06 
6413 1.58046e-06 
6414 1.58493e-06 
6415 1.58908e-06 
6416 1.59302e-06 
6417 1.59575e-06 
6418 1.59933e-06 
6419 1.60389e-06 
6420 1.60477e-06 
6421 1.60615e-06 
6422 1.61166e-06 
6423 1.61464e-06 
6424 1.61851e-06 
6425 1.62292e-06 
6426 1.62471e-06 
6427 1.62833e-06 
6428 1.63227e-06 
6429 1.63437e-06 
6430 1.63751e-06 
6431 1.64208e-06 
6432 1.64194e-06 
6433 1.6456e-06 
6434 1.64891e-06 
6435 1.65282e-06 
6436 1.6552e-06 
6437 1.66006e-06 
6438 1.66079e-06 
6439 1.66738e-06 
6440 1.66777e-06 
6441 1.66953e-06 
6442 1.67383e-06 
6443 1.67387e-06 
6444 1.6739e-06 
6445 1.67392e-06 
6446 1.67395e-06 
6447 1.67398e-06 
6448 1.6754e-06 
6449 1.67586e-06 
6450 1.67672e-06 
6451 1.67824e-06 
6452 1.68058e-06 
6453 1.68043e-06 
6454 1.68212e-06 
6455 1.68244e-06 
6456 1.68441e-06 
6457 1.68455e-06 
6458 1.68455e-06 
6459 1.68443e-06 
6460 1.68435e-06 
6461 1.68428e-06 
6462 1.68417e-06 
6463 1.68388e-06 
6464 1.68375e-06 
6465 1.68364e-06 
6466 1.68351e-06 
6467 1.68343e-06 
6468 1.68333e-06 
6469 1.68322e-06 
6470 1.68309e-06 
6471 1.68302e-06 
6472 1.68295e-06 
6473 1.68288e-06 
6474 1.68281e-06 
6475 1.68273e-06 
6476 1.68256e-06 
6477 1.68245e-06 
6478 1.68231e-06 
6479 1.68231e-06 
6480 1.68179e-06 
6481 1.68134e-06 
6482 1.68101e-06 
6483 1.68003e-06 
6484 1.67939e-06 
6485 1.67763e-06 
6486 1.67743e-06 
6487 1.67659e-06 
6488 1.67524e-06 
6489 1.67525e-06 
6490 1.67508e-06 
6491 1.67513e-06 
6492 1.67521e-06 
6493 1.67539e-06 
6494 1.67567e-06 
6495 1.67585e-06 
6496 1.67583e-06 
6497 1.67587e-06 
6498 1.67595e-06 
6499 1.67615e-06 
6500 1.67706e-06 
6501 1.67703e-06 
6502 1.67695e-06 
6503 1.67841e-06 
6504 1.67828e-06 
6505 1.6783e-06 
6506 1.67832e-06 
6507 1.67836e-06 
6508 1.6784e-06 
6509 1.67845e-06 
6510 1.67802e-06 
6511 1.67784e-06 
6512 1.6776e-06 
6513 1.67755e-06 
6514 1.67752e-06 
6515 1.67749e-06 
6516 1.67746e-06 
6517 1.67742e-06 
6518 1.67738e-06 
6519 1.67734e-06 
6520 1.67727e-06 
6521 1.67709e-06 
6522 1.67708e-06 
6523 1.67694e-06 
6524 1.67705e-06 
6525 1.67698e-06 
6526 1.67705e-06 
6527 1.67697e-06 
6528 1.67694e-06 
6529 1.67691e-06 
6530 1.67706e-06 
6531 1.67999e-06 
6532 1.68003e-06 
6533 1.68006e-06 
6534 1.68008e-06 
6535 1.68011e-06 
6536 1.68014e-06 
6537 1.68015e-06 
6538 1.68016e-06 
6539 1.68018e-06 
6540 1.68019e-06 
6541 1.68024e-06 
6542 1.68168e-06 
6543 1.68168e-06 
6544 1.6814e-06 
6545 1.68168e-06 
6546 1.68165e-06 
6547 1.68159e-06 
6548 1.68181e-06 
6549 1.68175e-06 
6550 1.68159e-06 
6551 1.68164e-06 
6552 1.68349e-06 
6553 1.68293e-06 
6554 1.68275e-06 
6555 1.68254e-06 
6556 1.68223e-06 
6557 1.68185e-06 
6558 1.68118e-06 
6559 1.68068e-06 
6560 1.67975e-06 
6561 1.67967e-06 
6562 1.67956e-06 
6563 1.67935e-06 
6564 1.6792e-06 
6565 1.67901e-06 
6566 1.67896e-06 
6567 1.67889e-06 
6568 1.67881e-06 
6569 1.67864e-06 
6570 1.6787e-06 
6571 1.67885e-06 
6572 1.67952e-06 
6573 1.67967e-06 
6574 1.67972e-06 
6575 1.67977e-06 
6576 1.67985e-06 
6577 1.68e-06 
6578 1.68191e-06 
6579 1.68188e-06 
6580 1.68182e-06 
6581 1.68175e-06 
6582 1.68163e-06 
6583 1.68182e-06 
6584 1.68179e-06 
6585 1.68176e-06 
6586 1.68172e-06 
6587 1.68172e-06 
6588 1.68192e-06 
6589 1.68193e-06 
6590 1.6821e-06 
6591 1.68231e-06 
6592 1.68225e-06 
6593 1.68232e-06 
6594 1.68247e-06 
6595 1.68246e-06 
6596 1.68253e-06 
6597 1.68264e-06 
6598 1.68849e-06 
6599 1.68791e-06 
6600 1.68785e-06 
6601 1.68779e-06 
6602 1.68773e-06 
6603 1.68769e-06 
6604 1.68763e-06 
6605 1.68756e-06 
6606 1.68747e-06 
6607 1.68737e-06 
6608 1.6872e-06 
6609 1.68694e-06 
6610 1.68727e-06 
6611 1.68713e-06 
6612 1.68724e-06 
6613 1.68754e-06 
6614 1.68741e-06 
6615 1.68741e-06 
6616 1.68753e-06 
6617 1.68786e-06 
6618 1.68769e-06 
6619 1.68782e-06 
6620 1.68819e-06 
6621 1.68804e-06 
6622 1.68831e-06 
6623 1.69776e-06 
6624 1.69816e-06 
6625 1.6982e-06 
6626 1.69827e-06 
6627 1.69834e-06 
6628 1.69844e-06 
6629 1.69858e-06 
6630 1.69877e-06 
6631 1.69941e-06 
6632 1.71327e-06 
6633 1.71332e-06 
6634 1.7134e-06 
6635 1.7135e-06 
6636 1.71364e-06 
6637 1.71387e-06 
6638 1.71425e-06 
6639 1.71984e-06 
6640 1.71985e-06 
6641 1.71985e-06 
6642 1.71987e-06 
6643 1.71997e-06 
6644 1.72247e-06 
6645 1.72255e-06 
6646 1.72266e-06 
6647 1.72282e-06 
6648 1.72313e-06 
6649 1.72633e-06 
6650 1.72634e-06 
6651 1.72633e-06 
6652 1.72634e-06 
6653 1.72637e-06 
6654 1.72664e-06 
6655 1.72784e-06 
6656 1.72789e-06 
6657 1.72838e-06 
6658 1.72884e-06 
6659 1.75095e-06 
6660 1.7505e-06 
6661 1.75028e-06 
6662 1.75204e-06 
6663 1.75578e-06 
6664 1.75598e-06 
6665 1.75597e-06 
6666 1.75565e-06 
6667 1.7555e-06 
6668 1.75536e-06 
6669 1.75525e-06 
6670 1.7551e-06 
6671 1.75495e-06 
6672 1.75484e-06 
6673 1.75469e-06 
6674 1.75454e-06 
6675 1.7543e-06 
6676 1.75412e-06 
6677 1.754e-06 
6678 1.75384e-06 
6679 1.75372e-06 
6680 1.75358e-06 
6681 1.75316e-06 
6682 1.75291e-06 
6683 1.75285e-06 
6684 1.75284e-06 
6685 1.75264e-06 
6686 1.75242e-06 
6687 1.75214e-06 
6688 1.75148e-06 
6689 1.75106e-06 
6690 1.75103e-06 
6691 1.75072e-06 
6692 1.75054e-06 
6693 1.75102e-06 
6694 1.75108e-06 
6695 1.75107e-06 
6696 1.75106e-06 
6697 1.75157e-06 
6698 1.75156e-06 
6699 1.75163e-06 
6700 1.75176e-06 
6701 1.75448e-06 
6702 1.75416e-06 
6703 1.75407e-06 
6704 1.75395e-06 
6705 1.75392e-06 
6706 1.75389e-06 
6707 1.75385e-06 
6708 1.75384e-06 
6709 1.75395e-06 
6710 1.7553e-06 
6711 1.7553e-06 
6712 1.75542e-06 
6713 1.75547e-06 
6714 1.75555e-06 
6715 1.75564e-06 
6716 1.75588e-06 
6717 1.75852e-06 
6718 1.75853e-06 
6719 1.7586e-06 
6720 1.7587e-06 
6721 1.75922e-06 
6722 1.75927e-06 
6723 1.76004e-06 
6724 1.76014e-06 
6725 1.76028e-06 
6726 1.76184e-06 
6727 1.7616e-06 
6728 1.76161e-06 
6729 1.76169e-06 
6730 1.76507e-06 
6731 1.76522e-06 
6732 1.76528e-06 
6733 1.76537e-06 
6734 1.76554e-06 
6735 1.76864e-06 
6736 1.7687e-06 
6737 1.7687e-06 
6738 1.7687e-06 
6739 1.76871e-06 
6740 1.76876e-06 
6741 1.76941e-06 
6742 1.7694e-06 
6743 1.76977e-06 
6744 1.77014e-06 
6745 1.77036e-06 
6746 1.78022e-06 
6747 1.78021e-06 
6748 1.77991e-06 
6749 1.77975e-06 
6750 1.78194e-06 
6751 1.78208e-06 
6752 1.78305e-06 
6753 1.78306e-06 
6754 1.78311e-06 
6755 1.78884e-06 
6756 1.78881e-06 
6757 1.78894e-06 
6758 1.78906e-06 
6759 1.78917e-06 
6760 1.78934e-06 
6761 1.78966e-06 
6762 1.79081e-06 
6763 1.79104e-06 
6764 1.79128e-06 
6765 1.79708e-06 
6766 1.79764e-06 
6767 1.80159e-06 
6768 1.80177e-06 
6769 1.80202e-06 
6770 1.81352e-06 
6771 1.81367e-06 
6772 1.81376e-06 
6773 1.81387e-06 
6774 1.81401e-06 
6775 1.81422e-06 
6776 1.81465e-06 
6777 1.81821e-06 
6778 1.81823e-06 
6779 1.81846e-06 
6780 1.82128e-06 
6781 1.82152e-06 
6782 1.82202e-06 
6783 1.83227e-06 
6784 1.83193e-06 
6785 1.83193e-06 
6786 1.83194e-06 
6787 1.83205e-06 
6788 1.83246e-06 
6789 1.86102e-06 
6790 1.861e-06 
6791 1.86081e-06 
6792 1.86047e-06 
6793 1.86062e-06 
6794 1.86338e-06 
6795 1.86361e-06 
6796 1.86398e-06 
6797 1.86622e-06 
6798 1.86643e-06 
6799 1.86891e-06 
6800 1.86925e-06 
6801 1.87016e-06 
6802 1.87236e-06 
6803 1.87259e-06 
6804 1.87273e-06 
6805 1.87296e-06 
6806 1.8735e-06 
6807 1.94292e-06 
6808 1.94235e-06 
6809 1.94228e-06 
6810 1.94223e-06 
6811 1.94218e-06 
6812 1.94213e-06 
6813 1.94207e-06 
6814 1.94195e-06 
6815 1.94188e-06 
6816 1.94176e-06 
6817 1.94162e-06 
6818 1.94145e-06 
6819 1.94125e-06 
6820 1.94099e-06 
6821 1.94055e-06 
6822 1.9405e-06 
6823 1.94343e-06 
6824 1.94343e-06 
6825 1.94343e-06 
6826 1.94343e-06 
6827 1.94343e-06 
6828 1.94343e-06 
6829 1.94343e-06 
6830 1.94343e-06 
6831 1.94343e-06 
6832 1.94343e-06 
6833 1.94343e-06 
6834 1.94343e-06 
6835 1.94343e-06 
6836 1.94343e-06 
6837 1.94344e-06 
6838 1.94344e-06 
6839 1.94344e-06 
6840 1.94344e-06 
6841 1.94345e-06 
6842 1.94346e-06 
6843 1.94348e-06 
6844 1.9435e-06 
6845 1.94357e-06 
6846 1.94413e-06 
6847 1.94425e-06 
6848 1.9447e-06 
6849 1.94635e-06 
6850 1.94633e-06 
6851 1.94658e-06 
6852 1.94661e-06 
6853 1.94663e-06 
6854 1.94668e-06 
6855 1.94696e-06 
6856 1.95368e-06 
6857 1.95369e-06 
6858 1.95369e-06 
6859 1.95369e-06 
6860 1.95369e-06 
6861 1.95369e-06 
6862 1.95368e-06 
6863 1.95368e-06 
6864 1.95368e-06 
6865 1.95368e-06 
6866 1.95368e-06 
6867 1.95368e-06 
6868 1.95368e-06 
6869 1.95368e-06 
6870 1.95367e-06 
6871 1.95367e-06 
6872 1.95367e-06 
6873 1.95367e-06 
6874 1.95367e-06 
6875 1.95367e-06 
6876 1.95367e-06 
6877 1.95366e-06 
6878 1.95366e-06 
6879 1.95366e-06 
6880 1.95366e-06 
6881 1.95366e-06 
6882 1.95366e-06 
6883 1.95365e-06 
6884 1.95365e-06 
6885 1.95365e-06 
6886 1.95365e-06 
6887 1.95364e-06 
6888 1.95364e-06 
6889 1.95364e-06 
6890 1.95363e-06 
6891 1.95363e-06 
6892 1.95362e-06 
6893 1.95362e-06 
6894 1.95362e-06 
6895 1.95361e-06 
6896 1.95361e-06 
6897 1.9536e-06 
6898 1.9536e-06 
6899 1.95361e-06 
6900 1.95363e-06 
6901 1.954e-06 
6902 1.95399e-06 
6903 1.95401e-06 
6904 1.95515e-06 
6905 1.95515e-06 
6906 1.95791e-06 
6907 1.95779e-06 
6908 1.95778e-06 
6909 1.95778e-06 
6910 1.95778e-06 
6911 1.95779e-06 
6912 1.9579e-06 
6913 1.95953e-06 
6914 1.9595e-06 
6915 1.95966e-06 
6916 1.96089e-06 
6917 1.96108e-06 
6918 1.96086e-06 
6919 1.96078e-06 
6920 1.96073e-06 
6921 1.96068e-06 
6922 1.96062e-06 
6923 1.96056e-06 
6924 1.9605e-06 
6925 1.96044e-06 
6926 1.96039e-06 
6927 1.96035e-06 
6928 1.9603e-06 
6929 1.96024e-06 
6930 1.9602e-06 
6931 1.96015e-06 
6932 1.96009e-06 
6933 1.96002e-06 
6934 1.95994e-06 
6935 1.95988e-06 
6936 1.9598e-06 
6937 1.95973e-06 
6938 1.95966e-06 
6939 1.95963e-06 
6940 1.95959e-06 
6941 1.95955e-06 
6942 1.95952e-06 
6943 1.95948e-06 
6944 1.95945e-06 
6945 1.95943e-06 
6946 1.95941e-06 
6947 1.95939e-06 
6948 1.95933e-06 
6949 1.95934e-06 
6950 1.95936e-06 
6951 1.95935e-06 
6952 1.95935e-06 
6953 1.95935e-06 
6954 1.95934e-06 
6955 1.95932e-06 
6956 1.95931e-06 
6957 1.9593e-06 
6958 1.95925e-06 
6959 1.95927e-06 
6960 1.9593e-06 
6961 1.95932e-06 
6962 1.95933e-06 
6963 1.95937e-06 
6964 1.95943e-06 
6965 1.95954e-06 
6966 1.95972e-06 
6967 1.96013e-06 
6968 1.96061e-06 
6969 1.96122e-06 
6970 1.96172e-06 
6971 1.96308e-06 
6972 1.96306e-06 
6973 1.96307e-06 
6974 1.96312e-06 
6975 1.96342e-06 
6976 1.96366e-06 
6977 1.96391e-06 
6978 1.96421e-06 
6979 1.96438e-06 
6980 1.96459e-06 
6981 1.9686e-06 
6982 1.96856e-06 
6983 1.96856e-06 
6984 1.96862e-06 
6985 1.96865e-06 
6986 1.96866e-06 
6987 1.96868e-06 
6988 1.96873e-06 
6989 1.96885e-06 
6990 1.96943e-06 
6991 1.96991e-06 
6992 1.97042e-06 
6993 1.97165e-06 
6994 1.97167e-06 
6995 1.97271e-06 
6996 1.97269e-06 
6997 1.97284e-06 
6998 1.97285e-06 
6999 1.97326e-06 
7000 1.97327e-06 
7001 1.97352e-06 
7002 1.97354e-06 
7003 1.97701e-06 
7004 1.9769e-06 
7005 1.97695e-06 
7006 1.97702e-06 
7007 1.97705e-06 
7008 1.97723e-06 
7009 1.97724e-06 
7010 1.97835e-06 
7011 1.97834e-06 
7012 1.97851e-06 
7013 1.9786e-06 
7014 1.97873e-06 
7015 1.97874e-06 
7016 1.97867e-06 
7017 1.97863e-06 
7018 1.97848e-06 
7019 1.9789e-06 
7020 1.97881e-06 
7021 1.97877e-06 
7022 1.97874e-06 
7023 1.9787e-06 
7024 1.97864e-06 
7025 1.97898e-06 
7026 1.97897e-06 
7027 1.979e-06 
7028 1.97908e-06 
7029 1.97942e-06 
7030 1.97954e-06 
7031 1.97962e-06 
7032 1.97958e-06 
7033 1.97941e-06 
7034 1.97943e-06 
7035 1.97944e-06 
7036 1.97965e-06 
7037 1.97926e-06 
7038 1.97878e-06 
7039 1.97841e-06 
7040 1.9783e-06 
7041 1.97787e-06 
7042 1.97786e-06 
7043 1.97775e-06 
7044 1.97754e-06 
7045 1.97717e-06 
7046 1.97682e-06 
7047 1.97669e-06 
7048 1.97657e-06 
7049 1.97628e-06 
7050 1.97672e-06 
7051 1.97651e-06 
7052 1.97667e-06 
7053 1.97668e-06 
7054 1.97639e-06 
7055 1.9764e-06 
7056 1.97671e-06 
7057 1.97654e-06 
7058 1.97684e-06 
7059 1.97679e-06 
7060 1.97675e-06 
7061 1.97671e-06 
7062 1.97665e-06 
7063 1.97657e-06 
7064 1.97641e-06 
7065 1.97632e-06 
7066 1.97625e-06 
7067 1.97616e-06 
7068 1.97592e-06 
7069 1.97593e-06 
7070 1.97624e-06 
7071 1.97652e-06 
7072 1.97642e-06 
7073 1.97634e-06 
7074 1.9765e-06 
7075 1.97699e-06 
7076 1.97725e-06 
7077 1.97732e-06 
7078 1.97718e-06 
7079 1.97709e-06 
7080 1.9777e-06 
7081 1.97788e-06 
7082 1.97839e-06 
7083 1.97843e-06 
7084 1.97941e-06 
7085 1.97914e-06 
7086 1.97812e-06 
7087 1.97698e-06 
7088 1.97692e-06 
7089 1.9769e-06 
7090 1.97729e-06 
7091 1.97708e-06 
7092 1.97786e-06 
7093 1.97781e-06 
7094 1.9789e-06 
7095 1.97905e-06 
7096 1.97946e-06 
7097 1.98087e-06 
7098 1.98122e-06 
7099 1.98331e-06 
7100 1.98428e-06 
7101 1.98648e-06 
7102 1.98675e-06 
7103 1.98874e-06 
7104 1.98875e-06 
7105 1.98879e-06 
7106 1.98886e-06 
7107 1.98907e-06 
7108 1.98993e-06 
7109 1.9902e-06 
7110 1.99042e-06 
7111 1.9911e-06 
7112 1.99135e-06 
7113 1.99289e-06 
7114 1.99361e-06 
7115 1.99452e-06 
7116 1.99507e-06 
7117 1.99717e-06 
7118 1.99718e-06 
7119 1.99722e-06 
7120 1.99734e-06 
7121 1.99794e-06 
7122 1.99935e-06 
7123 1.99958e-06 
7124 2.00089e-06 
7125 2.00235e-06 
7126 2.00251e-06 
7127 2.00438e-06 
7128 2.00725e-06 
7129 2.00747e-06 
7130 2.00818e-06 
7131 2.01121e-06 
7132 2.01156e-06 
7133 2.01422e-06 
7134 2.01623e-06 
7135 2.01878e-06 
7136 2.01898e-06 
7137 2.0198e-06 
7138 2.02334e-06 
7139 2.02456e-06 
7140 2.02522e-06 
7141 2.02815e-06 
7142 2.02863e-06 
7143 2.03161e-06 
7144 2.034e-06 
7145 2.03431e-06 
7146 2.03653e-06 
7147 2.03742e-06 
7148 2.04209e-06 
7149 2.04216e-06 
7150 2.04339e-06 
7151 2.04498e-06 
7152 2.04525e-06 
7153 2.04693e-06 
7154 2.04794e-06 
7155 2.04985e-06 
7156 2.05053e-06 
7157 2.05173e-06 
7158 2.05277e-06 
7159 2.05288e-06 
7160 2.05284e-06 
7161 2.05276e-06 
7162 2.05264e-06 
7163 2.05259e-06 
7164 2.05255e-06 
7165 2.05253e-06 
7166 2.05249e-06 
7167 2.05243e-06 
7168 2.05238e-06 
7169 2.05225e-06 
7170 2.05221e-06 
7171 2.05206e-06 
7172 2.05198e-06 
7173 2.05191e-06 
7174 2.05182e-06 
7175 2.05174e-06 
7176 2.05165e-06 
7177 2.05155e-06 
7178 2.05148e-06 
7179 2.0514e-06 
7180 2.05134e-06 
7181 2.05123e-06 
7182 2.05117e-06 
7183 2.05108e-06 
7184 2.05087e-06 
7185 2.0507e-06 
7186 2.05054e-06 
7187 2.05049e-06 
7188 2.05043e-06 
7189 2.05037e-06 
7190 2.05027e-06 
7191 2.05022e-06 
7192 2.05016e-06 
7193 2.05009e-06 
7194 2.05011e-06 
7195 2.05011e-06 
7196 2.05011e-06 
7197 2.05018e-06 
7198 2.05036e-06 
7199 2.0505e-06 
7200 2.05072e-06 
7201 2.05093e-06 
7202 2.05105e-06 
7203 2.05145e-06 
7204 2.05182e-06 
7205 2.05289e-06 
7206 2.05397e-06 
7207 2.05431e-06 
7208 2.05622e-06 
7209 2.05662e-06 
7210 2.05922e-06 
7211 2.05921e-06 
7212 2.05926e-06 
7213 2.06201e-06 
7214 2.06204e-06 
7215 2.06266e-06 
7216 2.06337e-06 
7217 2.06334e-06 
7218 2.06342e-06 
7219 2.06416e-06 
7220 2.06437e-06 
7221 2.06457e-06 
7222 2.06497e-06 
7223 2.0651e-06 
7224 2.06564e-06 
7225 2.06555e-06 
7226 2.06569e-06 
7227 2.06561e-06 
7228 2.06573e-06 
7229 2.06575e-06 
7230 2.06567e-06 
7231 2.06593e-06 
7232 2.06579e-06 
7233 2.06576e-06 
7234 2.06572e-06 
7235 2.06544e-06 
7236 2.06533e-06 
7237 2.06495e-06 
7238 2.06443e-06 
7239 2.06365e-06 
7240 2.06251e-06 
7241 2.06133e-06 
7242 2.06044e-06 
7243 2.06047e-06 
7244 2.05746e-06 
7245 2.0575e-06 
7246 2.05745e-06 
7247 2.0574e-06 
7248 2.05716e-06 
7249 2.0553e-06 
7250 2.05528e-06 
7251 2.05493e-06 
7252 2.0547e-06 
7253 2.05307e-06 
7254 2.05299e-06 
7255 2.05282e-06 
7256 2.05043e-06 
7257 2.05033e-06 
7258 2.05018e-06 
7259 2.04989e-06 
7260 2.047e-06 
7261 2.04697e-06 
7262 2.04691e-06 
7263 2.04674e-06 
7264 2.04576e-06 
7265 2.04535e-06 
7266 2.03009e-06 
7267 2.02973e-06 
7268 2.02967e-06 
7269 2.02955e-06 
7270 2.02945e-06 
7271 2.02922e-06 
7272 2.02829e-06 
7273 2.02452e-06 
7274 2.02435e-06 
7275 2.02423e-06 
7276 2.02393e-06 
7277 2.02162e-06 
7278 2.02143e-06 
7279 2.02096e-06 
7280 2.01274e-06 
7281 2.01243e-06 
7282 2.01238e-06 
7283 2.01231e-06 
7284 2.01218e-06 
7285 2.01192e-06 
7286 2.01103e-06 
7287 2.00969e-06 
7288 2.00906e-06 
7289 1.99858e-06 
7290 1.99824e-06 
7291 1.99823e-06 
7292 1.99818e-06 
7293 1.99812e-06 
7294 1.99803e-06 
7295 1.9979e-06 
7296 1.99767e-06 
7297 1.99677e-06 
7298 1.99359e-06 
7299 1.99345e-06 
7300 1.99321e-06 
7301 1.99243e-06 
7302 1.98936e-06 
7303 1.98928e-06 
7304 1.98901e-06 
7305 1.9881e-06 
7306 1.98613e-06 
7307 1.98591e-06 
7308 1.98432e-06 
7309 1.98377e-06 
7310 1.98047e-06 
7311 1.98005e-06 
7312 1.97763e-06 
7313 1.97713e-06 
7314 1.97411e-06 
7315 1.97381e-06 
7316 1.97293e-06 
7317 1.96457e-06 
7318 1.96464e-06 
7319 1.96455e-06 
7320 1.96441e-06 
7321 1.96412e-06 
7322 1.96204e-06 
7323 1.9616e-06 
7324 1.95887e-06 
7325 1.95871e-06 
7326 1.95831e-06 
7327 1.95246e-06 
7328 1.95234e-06 
7329 1.95217e-06 
7330 1.95188e-06 
7331 1.95087e-06 
7332 1.94749e-06 
7333 1.94725e-06 
7334 1.9467e-06 
7335 1.92509e-06 
7336 1.92457e-06 
7337 1.92455e-06 
7338 1.92447e-06 
7339 1.92439e-06 
7340 1.92433e-06 
7341 1.92427e-06 
7342 1.92419e-06 
7343 1.92407e-06 
7344 1.92387e-06 
7345 1.92338e-06 
7346 1.91254e-06 
7347 1.91237e-06 
7348 1.91225e-06 
7349 1.912e-06 
7350 1.91114e-06 
7351 1.9107e-06 
7352 1.90865e-06 
7353 1.90842e-06 
7354 1.90756e-06 
7355 1.90505e-06 
7356 1.90447e-06 
7357 1.90392e-06 
7358 1.90088e-06 
7359 1.90087e-06 
7360 1.90051e-06 
7361 1.90043e-06 
7362 1.90041e-06 
7363 1.90037e-06 
7364 1.90037e-06 
7365 1.90035e-06 
7366 1.90035e-06 
7367 1.90033e-06 
7368 1.90032e-06 
7369 1.90031e-06 
7370 1.90031e-06 
7371 1.9003e-06 
7372 1.90029e-06 
7373 1.90028e-06 
7374 1.90027e-06 
7375 1.90027e-06 
7376 1.90025e-06 
7377 1.90025e-06 
7378 1.90024e-06 
7379 1.90023e-06 
7380 1.90023e-06 
7381 1.90022e-06 
7382 1.90019e-06 
7383 1.90017e-06 
7384 1.90015e-06 
7385 1.90013e-06 
7386 1.90011e-06 
7387 1.90008e-06 
7388 1.90007e-06 
7389 1.90004e-06 
7390 1.90001e-06 
7391 1.89998e-06 
7392 1.89996e-06 
7393 1.89994e-06 
7394 1.89991e-06 
7395 1.89989e-06 
7396 1.89987e-06 
7397 1.89985e-06 
7398 1.89984e-06 
7399 1.89983e-06 
7400 1.89982e-06 
7401 1.89982e-06 
7402 1.89981e-06 
7403 1.89979e-06 
7404 1.89979e-06 
7405 1.89979e-06 
7406 1.89978e-06 
7407 1.89978e-06 
7408 1.89977e-06 
7409 1.89976e-06 
7410 1.89975e-06 
7411 1.89974e-06 
7412 1.89972e-06 
7413 1.89971e-06 
7414 1.8997e-06 
7415 1.89968e-06 
7416 1.8996e-06 
7417 1.89958e-06 
7418 1.89948e-06 
7419 1.89945e-06 
7420 1.89939e-06 
7421 1.89936e-06 
7422 1.89935e-06 
7423 1.89935e-06 
